0RB0LA_1LC0RD_1LD0LC_1RB1RA	5	2	0	100000	128
0RB0LA_1LC0RD_1LD0LC_1RB1RA	10	2	0	100000	128
0RB0LA_1LC1RB_1LA0RD_0RA1RC	2	2	0	100000	128
0RB0LA_1LC1RB_1LA0RD_0RA1RC	4	2	0	100000	128
0RB0LA_1LC1RC_1LA0RD_1RA1RD	6	2	0	100000	128
0RB0LA_1LC1RC_1LA0RD_1RA1RD	12	2	0	100000	128
0RB0LA_1LC1RC_1LA1RD_0LD0RC	3	2	0	100000	128
0RB0LA_1LC1RC_1LA1RD_0LD0RC	6	2	0	100000	128
0RB0LA_1LC1RC_1LA1RD_0LD0RC	15	2	0	100000	128
0RB0LA_1LC1RC_1LA1RD_0RC1RA	3	2	0	100000	128
0RB0LA_1LC1RC_1LA1RD_0RC1RA	6	2	0	100000	128
0RB0LA_1LC1RC_1LA1RD_1RB0RC	3	2	0	100000	128
0RB0LA_1LC1RC_1LA1RD_1RB0RC	6	2	0	100000	128
0RB0LA_1LC1RC_1LA1RD_1RB0RC	12	2	0	100000	128
0RB0LA_1LC1RD_1LA0LB_0LA0RC	2	2	0	100000	128
0RB0LA_1LC1RD_1LA0LB_0LA0RC	4	2	0	100000	128
0RB0LA_1LC1RD_1LA0LB_0RB0RC	2	2	0	100000	128
0RB0LA_1LC1RD_1LA0LB_0RB0RC	4	2	0	100000	128
0RB0LA_1LC1RD_1LA0LB_1LA0RC	2	2	0	100000	128
0RB0LA_1LC1RD_1LA0LB_1LA0RC	4	2	0	100000	128
0RB0LA_1LC1RD_1LA0LB_1LD0RC	2	2	0	100000	128
0RB0LA_1LC1RD_1LA0LB_1LD0RC	4	2	0	100000	128
0RB0LA_1LC1RD_1LA0LB_1RA0RC	2	2	0	100000	128
0RB0LA_1LC1RD_1LA0LB_1RA0RC	4	2	0	100000	128
0RB0LA_1LC1RD_1LA0LB_1RC0RC	2	2	0	100000	128
0RB0LA_1LC1RD_1LA0LB_1RC0RC	4	2	0	100000	128
0RB0LA_1RC0RD_1LA1LC_1RB1LD	4	2	0	100000	128
0RB0LA_1RC0RD_1LA1LC_1RB1LD	8	2	0	100000	128
0RB0LA_1RC0RD_1LA1LC_1RB1LD	16	2	0	100000	128
0RB0LA_1RC1RB_1LD0RA_1LA1LC	2	2	0	100000	128
0RB0LA_1RC1RB_1LD0RA_1LA1LC	4	2	0	100000	128
0RB0LA_1RC1RD_1LA1LC_1RB0RB	2	2	0	100000	128
0RB0LA_1RC1RD_1LA1LC_1RB0RB	4	2	0	100000	128
0RB0LA_1RC1RD_1LA1LC_1RB0RB	8	2	0	100000	128
0RB0LB_0LC1LB_0RD1LA_1LC1RD	2	2	0	100000	128
0RB0LB_0RC1RB_1LD1RD_1LA0LB	2	2	0	100000	128
0RB0LB_0RC1RB_1LD1RD_1LA0LB	4	2	0	100000	128
0RB0LB_0RC1RB_1LD1RD_1LA0RC	2	2	0	100000	128
0RB0LB_0RC1RB_1LD1RD_1LA0RC	4	2	0	100000	128
0RB0LB_1LC0LD_1RA1RC_0RC1LB	2	2	0	100000	128
0RB0LB_1LC0LD_1RA1RC_0RC1LB	4	2	0	100000	128
0RB0LB_1LC0LD_1RA1RC_0RC1LB	8	2	0	100000	128
0RB0LB_1LC0LD_1RA1RC_0RC1LB	16	2	0	100000	128
0RB0LB_1LC0RC_1RD0LA_1RB1RC	3	2	0	100000	128
0RB0LB_1LC0RC_1RD0LA_1RB1RC	6	2	0	100000	128
0RB0LB_1LC0RD_1LA1RB_1LC1RD	2	2	0	100000	128
0RB0LB_1LC0RD_1RB0LA_1RC0RD	3	2	0	100000	128
0RB0LB_1LC0RD_1RB0LA_1RC0RD	6	2	0	100000	128
0RB0LB_1LC0RD_1RB0LA_1RC1LA	3	2	0	100000	128
0RB0LB_1LC0RD_1RB0LA_1RC1LA	6	2	0	100000	128
0RB0LB_1LC0RD_1RB0LA_1RC1RD	3	2	0	100000	128
0RB0LB_1LC0RD_1RB0LA_1RC1RD	6	2	0	100000	128
0RB0LB_1LC1LB_0RD1LA_1LC1RD	2	2	0	100000	128
0RB0LB_1LC1LB_1RC0RD_1LA1RD	2	2	0	100000	128
0RB0LB_1LC1RA_0LD0LA_1LA0RB	2	2	0	100000	128
0RB0LB_1LC1RA_0LD0LA_1LA0RB	4	2	0	100000	128
0RB0LB_1LC1RA_0LD0LA_1LA0RB	6	2	0	100000	128
0RB0LB_1LC1RA_0LD0LA_1LA0RB	12	2	0	100000	128
0RB0LB_1LC1RA_0LD1LC_1LA0RB	2	2	0	100000	128
0RB0LB_1LC1RA_0LD1LC_1LA0RB	4	2	0	100000	128
0RB0LB_1LC1RA_0LD1LC_1LA0RB	6	2	0	100000	128
0RB0LB_1LC1RA_0LD1LC_1LA0RB	12	2	0	100000	128
0RB0LB_1LC1RA_1LD0LA_1LA0LD	2	2	0	100000	128
0RB0LB_1LC1RA_1LD0LA_1LA0LD	4	2	0	100000	128
0RB0LB_1LC1RA_1LD0LA_1LA0LD	6	2	0	100000	128
0RB0LB_1LC1RA_1LD0LA_1LA0LD	12	2	0	100000	128
0RB0LB_1LC1RA_1LD0LA_1LA1LD	2	2	0	100000	128
0RB0LB_1LC1RA_1LD0LA_1LA1LD	4	2	0	100000	128
0RB0LB_1LC1RA_1LD0LA_1LA1LD	6	2	0	100000	128
0RB0LB_1LC1RA_1LD0LA_1LA1LD	12	2	0	100000	128
0RB0LB_1LC1RA_1LD0LC_1LA1LD	2	2	0	100000	128
0RB0LB_1LC1RA_1LD0LC_1LA1LD	4	2	0	100000	128
0RB0LB_1LC1RA_1LD0LC_1LA1LD	6	2	0	100000	128
0RB0LB_1LC1RA_1LD0LC_1LA1LD	12	2	0	100000	128
0RB0LB_1LC1RA_1LD1LC_1LA0LD	2	2	0	100000	128
0RB0LB_1LC1RA_1LD1LC_1LA0LD	4	2	0	100000	128
0RB0LB_1LC1RA_1LD1LC_1LA0LD	6	2	0	100000	128
0RB0LB_1LC1RA_1LD1LC_1LA0LD	12	2	0	100000	128
0RB0LB_1LC1RA_1LD1LC_1LA1LD	2	2	0	100000	128
0RB0LB_1LC1RA_1LD1LC_1LA1LD	4	2	0	100000	128
0RB0LB_1LC1RA_1LD1LC_1LA1LD	6	2	0	100000	128
0RB0LB_1LC1RA_1LD1LC_1LA1LD	12	2	0	100000	128
0RB0LB_1LC1RA_1RD0LA_1LA1LD	2	2	0	100000	128
0RB0LB_1LC1RA_1RD0LA_1LA1LD	4	2	0	100000	128
0RB0LB_1LC1RA_1RD0LA_1LA1LD	6	2	0	100000	128
0RB0LB_1LC1RA_1RD0LA_1LA1LD	12	2	0	100000	128
0RB0LB_1LC1RA_1RD1LC_1LA1LD	2	2	0	100000	128
0RB0LB_1LC1RA_1RD1LC_1LA1LD	4	2	0	100000	128
0RB0LB_1LC1RA_1RD1LC_1LA1LD	6	2	0	100000	128
0RB0LB_1LC1RA_1RD1LC_1LA1LD	12	2	0	100000	128
0RB0LB_1LC1RB_0LD1RD_1LA0RB	2	2	0	100000	128
0RB0LB_1LC1RB_0LD1RD_1LA0RB	4	2	0	100000	128
0RB0LB_1LC1RC_1LA1RD_1RC0RD	4	2	0	100000	128
0RB0LB_1LC1RC_1LA1RD_1RC0RD	8	2	0	100000	128
0RB0LB_1LC1RC_1LD0RC_1LA0LC	16	2	0	100000	128
0RB0LB_1LC1RD_0LD0LC_1RA1LC	3	2	0	100000	128
0RB0LB_1LC1RD_0LD0LC_1RA1LC	6	2	0	100000	128
0RB0LB_1LC1RD_1LA0RD_1RB1RC	4	2	0	100000	128
0RB0LB_1LC1RD_1LA0RD_1RB1RC	8	2	0	100000	128
0RB0LB_1LC1RD_1RD0LA_1RB0RC	2	2	0	100000	128
0RB0LB_1LC1RD_1RD0LA_1RB0RC	3	2	0	100000	128
0RB0LB_1LC1RD_1RD0LA_1RB0RC	5	2	0	100000	128
0RB0LB_1LC1RD_1RD0LA_1RB0RC	6	2	0	100000	128
0RB0LB_1LC1RD_1RD0LA_1RB0RC	10	2	0	100000	128
0RB0LB_1RC1LB_0LB0RD_1LD1LA	2	2	0	100000	128
0RB0LB_1RC1LB_0LD0RD_1LD1LA	2	2	0	100000	128
0RB0LB_1RC1LB_0RD0RA_1LD0LB	2	2	0	100000	128
0RB0LB_1RC1LB_0RD0RD_1LD1LA	2	2	0	100000	128
0RB0LB_1RC1LB_0RD1RC_1LD0LA	2	2	0	100000	128
0RB0LB_1RC1LB_1LB0RD_1LD1LA	2	2	0	100000	128
0RB0LB_1RC1LB_1LC0RD_1LD1LA	2	2	0	100000	128
0RB0LB_1RC1LB_1LD0RB_0LA1LD	2	2	0	100000	128
0RB0LB_1RC1LB_1LD0RD_1LD1LA	2	2	0	100000	128
0RB0LB_1RC1LB_1RD0RD_1LD1LA	2	2	0	100000	128
0RB0LB_1RC1RA_1LD1RA_1LA0LD	2	2	0	100000	128
0RB0LB_1RC1RA_1LD1RA_1LA0LD	4	2	0	100000	128
0RB0LB_1RC1RA_1LD1RA_1LA0LD	8	2	0	100000	128
0RB0LB_1RC1RA_1LD1RB_1LA0LD	9	2	0	100000	128
0RB0LB_1RC1RA_1LD1RB_1LA0LD	18	2	0	100000	128
0RB0LB_1RC1RB_0RD0RC_1LD1LA	2	2	0	100000	128
0RB0LB_1RC1RD_0LD0LC_1RA1LC	3	2	0	100000	128
0RB0LB_1RC1RD_0LD0LC_1RA1LC	6	2	0	100000	128
0RB0LC_0LC0RD_1RD1LC_1RB1LA	2	2	0	100000	128
0RB0LC_0LC0RD_1RD1LC_1RB1LA	4	2	0	100000	128
0RB0LC_0LC1RA_1LD1LB_0RB1LC	2	2	0	100000	128
0RB0LC_0LC1RA_1LD1LB_0RB1LC	4	2	0	100000	128
0RB0LC_0LC1RD_1LA1LC_1RB0RD	3	2	0	100000	128
0RB0LC_0LC1RD_1LA1LC_1RB0RD	6	2	0	100000	128
0RB0LC_0LC1RD_1LA1LC_1RB0RD	12	2	0	100000	128
0RB0LC_0RC1RB_1LD1RD_1LA1RA	3	2	0	100000	128
0RB0LC_0RC1RB_1LD1RD_1LA1RA	6	2	0	100000	128
0RB0LC_1LA0RC_0RD1RC_1LB1RA	2	2	0	100000	128
0RB0LC_1LA0RC_0RD1RC_1LB1RA	4	2	0	100000	128
0RB0LC_1LA1RB_0LD1LC_1RD0RB	2	2	0	100000	128
0RB0LC_1LA1RB_1LD1LC_1RD0RB	2	2	0	100000	128
0RB0LC_1LA1RB_1RC1RD_0LB0RB	2	2	0	100000	128
0RB0LC_1LA1RB_1RC1RD_1LA0RB	2	2	0	100000	128
0RB0LC_1LC0RA_1RD0LA_1RB0RC	3	2	0	100000	128
0RB0LC_1LC0RA_1RD0LA_1RB0RC	6	2	0	100000	128
0RB0LC_1LC1LD_1LA1LB_1RD0RA	2	2	0	100000	128
0RB0LC_1LC1LD_1LA1LB_1RD0RA	4	2	0	100000	128
0RB0LC_1LC1RA_0LD0RA_1LA1LB	3	2	0	100000	128
0RB0LC_1LC1RA_0LD0RA_1LA1LB	6	2	0	100000	128
0RB0LC_1LC1RA_0LD0RA_1LA1LB	12	2	0	100000	128
0RB0LC_1LC1RB_0LD1RD_1LA0RB	2	2	0	100000	128
0RB0LC_1LC1RB_0LD1RD_1LA0RB	4	2	0	100000	128
0RB0LC_1LC1RB_0LD1RD_1LA0RB	6	2	0	100000	128
0RB0LC_1LC1RB_0LD1RD_1LA0RB	12	2	0	100000	128
0RB0LC_1LC1RB_1LA1RD_0LA0RB	2	2	0	100000	128
0RB0LC_1LC1RB_1LA1RD_0LA0RB	4	2	0	100000	128
0RB0LC_1LC1RD_0LD1LA_1RB0RB	2	2	0	100000	128
0RB0LC_1LC1RD_0LD1LA_1RB0RB	4	2	0	100000	128
0RB0LC_1LC1RD_0LD1LA_1RB0RB	6	2	0	100000	128
0RB0LC_1LC1RD_0LD1LA_1RB0RB	12	2	0	100000	128
0RB0LC_1LC1RD_0LD1LA_1RB0RB	24	2	0	100000	128
0RB0LC_1LC1RD_1LA0LA_0RB1RB	2	2	0	100000	128
0RB0LC_1LC1RD_1LA0LA_0RB1RB	4	2	0	100000	128
0RB0LC_1LC1RD_1LA0LB_1RA0RC	2	2	0	100000	128
0RB0LC_1LC1RD_1LA0LB_1RA0RC	3	2	0	100000	128
0RB0LC_1LC1RD_1LA0LB_1RA0RC	4	2	0	100000	128
0RB0LC_1LC1RD_1LA0LB_1RA0RC	6	2	0	100000	128
0RB0LC_1LC1RD_1LA0LB_1RA0RC	12	2	0	100000	128
0RB0LC_1LC1RD_1LA0LC_0LD1RA	2	2	0	100000	128
0RB0LC_1LC1RD_1LA0LC_0LD1RA	4	2	0	100000	128
0RB0LC_1LC1RD_1LA0LC_0LD1RA	8	2	0	100000	128
0RB0LC_1LC1RD_1LA0LC_0RB1RA	2	2	0	100000	128
0RB0LC_1LC1RD_1LA0LC_0RB1RA	4	2	0	100000	128
0RB0LC_1LC1RD_1LA0LC_0RB1RB	2	2	0	100000	128
0RB0LC_1LC1RD_1LA0LC_0RB1RB	4	2	0	100000	128
0RB0LC_1LC1RD_1LA0LC_0RB1RD	2	2	0	100000	128
0RB0LC_1LC1RD_1LA0LC_0RB1RD	4	2	0	100000	128
0RB0LC_1LC1RD_1LA0LC_0RB1RD	8	2	0	100000	128
0RB0LC_1LC1RD_1LA0LC_0RB1RD	16	2	0	100000	128
0RB0LC_1LC1RD_1LA0LC_1RA0RB	3	2	0	100000	128
0RB0LC_1LC1RD_1LA0LC_1RA0RB	6	2	0	100000	128
0RB0LC_1LC1RD_1LA0LC_1RA0RC	3	2	0	100000	128
0RB0LC_1LC1RD_1LA0LC_1RA0RC	6	2	0	100000	128
0RB0LC_1LC1RD_1LA0LC_1RA0RD	3	2	0	100000	128
0RB0LC_1LC1RD_1LA0LC_1RA0RD	6	2	0	100000	128
0RB0LC_1LC1RD_1LA0LC_1RA1RD	3	2	0	100000	128
0RB0LC_1LC1RD_1LA0LC_1RA1RD	6	2	0	100000	128
0RB0LC_1LC1RD_1LA1LB_1RC0RD	2	2	0	100000	128
0RB0LC_1LC1RD_1LA1LB_1RC0RD	4	2	0	100000	128
0RB0LC_1RC0LD_1LA0RA_1LB0LB	7	2	0	100000	128
0RB0LC_1RC0LD_1LA0RA_1LB0LB	14	2	0	100000	128
0RB0LC_1RC0RB_1LD1RB_0LB0LA	3	2	0	100000	128
0RB0LC_1RC0RB_1LD1RB_0LB0LA	6	2	0	100000	128
0RB0LC_1RC0RB_1LD1RB_0LB0LA	8	2	0	100000	128
0RB0LC_1RC0RB_1LD1RB_0LB0LA	16	2	0	100000	128
0RB0LC_1RC0RB_1LD1RB_0LB0LA	24	2	0	100000	128
0RB0LC_1RC0RD_1LD1RB_1LB0LA	7	2	0	100000	128
0RB0LC_1RC0RD_1LD1RB_1LB0LA	14	2	0	100000	128
0RB0LC_1RC1LD_1LA0LD_1RD1RA	2	2	0	100000	128
0RB0LC_1RC1LD_1LA0LD_1RD1RA	4	2	0	100000	128
0RB0LC_1RC1RA_1LD0RA_0LA0LC	2	2	0	100000	128
0RB0LC_1RC1RA_1LD0RA_0LA0LC	3	2	0	100000	128
0RB0LC_1RC1RA_1LD0RA_0LA0LC	4	2	0	100000	128
0RB0LC_1RC1RA_1LD0RA_0LA0LC	6	2	0	100000	128
0RB0LC_1RC1RA_1LD0RA_0LA0LC	12	2	0	100000	128
0RB0LC_1RC1RB_0LD0RB_1LA1RD	2	2	0	100000	128
0RB0LC_1RC1RB_0LD0RB_1LA1RD	3	2	0	100000	128
0RB0LC_1RC1RB_0LD0RB_1LA1RD	4	2	0	100000	128
0RB0LC_1RC1RB_0LD0RB_1LA1RD	6	2	0	100000	128
0RB0LC_1RC1RB_0LD0RB_1LA1RD	12	2	0	100000	128
0RB0LC_1RC1RB_1LA0LD_1RD1RA	2	2	0	100000	128
0RB0LC_1RC1RB_1LA0LD_1RD1RA	4	2	0	100000	128
0RB0LC_1RC1RD_1LA0LD_1RB1RA	2	2	0	100000	128
0RB0LC_1RC1RD_1LA0LD_1RB1RA	4	2	0	100000	128
0RB0LC_1RC1RD_1LA0RC_1RB0RB	2	2	0	100000	128
0RB0LC_1RC1RD_1LA0RC_1RB0RB	4	2	0	100000	128
0RB0LC_1RC1RD_1LA1LB_1RB0RB	2	2	0	100000	128
0RB0LC_1RC1RD_1LA1LB_1RB0RB	4	2	0	100000	128
0RB0LC_1RC1RD_1LA1RA_1LD1LC	2	2	0	100000	128
0RB0LC_1RC1RD_1LA1RA_1LD1LC	4	2	0	100000	128
0RB0LD_0LC0RB_1RD1LA_1RB0RC	2	2	0	100000	128
0RB0LD_0LC0RB_1RD1LA_1RB0RC	4	2	0	100000	128
0RB0LD_0LC1RA_1LA0RA_1LB1LB	2	2	0	100000	128
0RB0LD_0LC1RA_1LA0RA_1LB1LB	4	2	0	100000	128
0RB0LD_0LC1RA_1LA0RA_1LC0RA	3	2	0	100000	128
0RB0LD_0LC1RA_1LA0RA_1LC0RA	6	2	0	100000	128
0RB0LD_0LC1RA_1LA0RA_1LC0RC	3	2	0	100000	128
0RB0LD_0LC1RA_1LA0RA_1LC0RC	6	2	0	100000	128
0RB0LD_0LC1RB_1LD1RA_0RB1LC	3	2	0	100000	128
0RB0LD_0LC1RB_1LD1RA_0RB1LC	6	2	0	100000	128
0RB0LD_0LC1RD_1RD1LA_1RB0RC	2	2	0	100000	128
0RB0LD_0LC1RD_1RD1LA_1RB0RC	4	2	0	100000	128
0RB0LD_0RC1RB_1LD0RD_1LA0LD	5	2	0	100000	128
0RB0LD_0RC1RB_1LD0RD_1LA0LD	10	2	0	100000	128
0RB0LD_0RC1RB_1LD1LA_1LA0LD	2	2	0	100000	128
0RB0LD_0RC1RB_1LD1LA_1LA0LD	4	2	0	100000	128
0RB0LD_0RC1RB_1LD1LA_1LA0LD	8	2	0	100000	128
0RB0LD_0RC1RB_1LD1RB_1LA0LD	2	2	0	100000	128
0RB0LD_0RC1RB_1LD1RB_1LA0LD	4	2	0	100000	128
0RB0LD_0RC1RB_1LD1RB_1LA0LD	8	2	0	100000	128
0RB0LD_0RC1RB_1LD1RB_1LA0LD	16	2	0	100000	128
0RB0LD_0RC1RB_1LD1RC_1RC1LA	8	2	0	100000	128
0RB0LD_0RC1RB_1LD1RC_1RC1LA	16	2	0	100000	128
0RB0LD_0RC1RC_1LA1RA_1LC0LC	3	2	0	100000	128
0RB0LD_0RC1RC_1LA1RA_1LC0LC	6	2	0	100000	128
0RB0LD_1LA1RC_1RB0RC_1LB0LC	3	2	0	100000	128
0RB0LD_1LA1RC_1RB0RC_1LB0LC	6	2	0	100000	128
0RB0LD_1LA1RC_1RD0RC_1LA1RB	4	2	0	100000	128
0RB0LD_1LA1RC_1RD0RC_1LA1RB	8	2	0	100000	128
0RB0LD_1LC0RC_0LD1RA_1RA1LB	2	2	0	100000	128
0RB0LD_1LC0RC_0LD1RA_1RA1LB	3	2	0	100000	128
0RB0LD_1LC0RC_0LD1RA_1RA1LB	4	2	0	100000	128
0RB0LD_1LC0RC_0LD1RA_1RA1LB	6	2	0	100000	128
0RB0LD_1LC0RC_0LD1RA_1RA1LB	12	2	0	100000	128
0RB0LD_1LC0RD_1LA0LC_1RB1LD	5	2	0	100000	128
0RB0LD_1LC0RD_1LA0LC_1RB1LD	10	2	0	100000	128
0RB0LD_1LC1LB_1RD0LA_1RB0RC	2	2	0	100000	128
0RB0LD_1LC1LB_1RD0LA_1RB0RC	4	2	0	100000	128
0RB0LD_1LC1LB_1RD0LA_1RB0RC	10	2	0	100000	128
0RB0LD_1LC1LB_1RD0LA_1RB0RC	20	2	0	100000	128
0RB0LD_1LC1LB_1RD0RA_1LB0RC	2	2	0	100000	128
0RB0LD_1LC1LB_1RD0RA_1LB0RC	4	2	0	100000	128
0RB0LD_1LC1LB_1RD0RA_1LB0RC	5	2	0	100000	128
0RB0LD_1LC1LB_1RD0RA_1LB0RC	10	2	0	100000	128
0RB0LD_1LC1LB_1RD0RA_1LB0RC	20	2	0	100000	128
0RB0LD_1LC1RB_0RB1LA_0LC1LD	2	2	0	100000	128
0RB0LD_1LC1RB_0RB1LA_1LC1LD	2	2	0	100000	128
0RB0LD_1LC1RB_1RB0LA_1RD0RB	2	2	0	100000	128
0RB0LD_1LC1RC_1LA1RD_1RA0LB	3	2	0	100000	128
0RB0LD_1LC1RC_1LA1RD_1RA0LB	6	2	0	100000	128
0RB0LD_1LC1RC_1LA1RD_1RA0LB	12	2	0	100000	128
0RB0LD_1LC1RC_1LD0RA_1RA0LD	2	2	0	100000	128
0RB0LD_1LC1RD_1LA0LB_0RB0RC	2	2	0	100000	128
0RB0LD_1LC1RD_1LA0LB_0RB0RC	4	2	0	100000	128
0RB0LD_1LC1RD_1LA1RC_1RA0LC	11	2	0	100000	128
0RB0LD_1LC1RD_1LA1RC_1RA0LC	22	2	0	100000	128
0RB0LD_1RC0LA_1LB1RC_1RD0RC	2	2	0	100000	128
0RB0LD_1RC0LD_1LD0RA_1LB1LD	6	2	0	100000	128
0RB0LD_1RC0LD_1LD0RA_1LB1LD	12	2	0	100000	128
0RB0LD_1RC0LD_1LD0RA_1LB1LD	20	2	0	100000	128
0RB0LD_1RC0LD_1RD0RA_1LB1LD	10	2	0	100000	128
0RB0LD_1RC0LD_1RD0RA_1LB1LD	20	2	0	100000	128
0RB0LD_1RC0RB_1LA1RB_1LA0LB	5	2	0	100000	128
0RB0LD_1RC0RB_1LA1RB_1LA0LB	7	2	0	100000	128
0RB0LD_1RC0RB_1LA1RB_1LA0LB	10	2	0	100000	128
0RB0LD_1RC0RB_1LA1RB_1LA0LB	14	2	0	100000	128
0RB0LD_1RC0RB_1LA1RB_1LC0LB	3	2	0	100000	128
0RB0LD_1RC0RB_1LA1RB_1LC0LB	6	2	0	100000	128
0RB0LD_1RC0RC_1RD1RA_1LA0LC	2	2	0	100000	128
0RB0LD_1RC0RC_1RD1RA_1LA0LC	4	2	0	100000	128
0RB0LD_1RC0RC_1RD1RA_1LA0LC	6	2	0	100000	128
0RB0LD_1RC0RC_1RD1RA_1LA0LC	12	2	0	100000	128
0RB0LD_1RC1LB_0LA1RA_1LA1LC	3	2	0	100000	128
0RB0LD_1RC1LB_0LA1RA_1LA1LC	6	2	0	100000	128
0RB0LD_1RC1LB_0LA1RA_1LB1LA	2	2	0	100000	128
0RB0LD_1RC1LB_0LA1RA_1LB1LA	4	2	0	100000	128
0RB0LD_1RC1LB_0LD0RA_1LA1LD	2	2	0	100000	128
0RB0LD_1RC1LB_0LD0RA_1LA1LD	4	2	0	100000	128
0RB0LD_1RC1LB_0LD0RA_1LA1LD	6	2	0	100000	128
0RB0LD_1RC1LB_0LD0RA_1LA1LD	12	2	0	100000	128
0RB0LD_1RC1LB_1LA1RA_1LA0LD	3	2	0	100000	128
0RB0LD_1RC1LB_1LA1RA_1LA0LD	6	2	0	100000	128
0RB0LD_1RC1LB_1LA1RA_1LA0LD	18	2	0	100000	128
0RB0LD_1RC1LB_1LA1RA_1LB1LA	2	2	0	100000	128
0RB0LD_1RC1LB_1LA1RA_1LB1LA	4	2	0	100000	128
0RB0LD_1RC1LB_1LD0RA_1LA1LD	2	2	0	100000	128
0RB0LD_1RC1LB_1LD0RA_1LA1LD	4	2	0	100000	128
0RB0LD_1RC1LB_1LD0RA_1LA1LD	5	2	0	100000	128
0RB0LD_1RC1LB_1LD0RA_1LA1LD	10	2	0	100000	128
0RB0LD_1RC1LB_1LD0RA_1LA1LD	20	2	0	100000	128
0RB0LD_1RC1LB_1LD0RA_1LA1RD	2	2	0	100000	128
0RB0LD_1RC1LB_1LD0RA_1LA1RD	3	2	0	100000	128
0RB0LD_1RC1LB_1LD0RA_1LA1RD	4	2	0	100000	128
0RB0LD_1RC1LB_1LD0RA_1LA1RD	6	2	0	100000	128
0RB0LD_1RC1LB_1LD0RA_1LA1RD	12	2	0	100000	128
0RB0LD_1RC1LB_1LD1RA_1LA0LD	3	2	0	100000	128
0RB0LD_1RC1LB_1LD1RA_1LA0LD	6	2	0	100000	128
0RB0LD_1RC1LB_1LD1RA_1LA0LD	18	2	0	100000	128
0RB0LD_1RC1LB_1RD0RA_1LA1LD	3	2	0	100000	128
0RB0LD_1RC1LB_1RD0RA_1LA1LD	6	2	0	100000	128
0RB0LD_1RC1LB_1RD0RA_1LA1LD	12	2	0	100000	128
0RB0LD_1RC1LB_1RD0RA_1LA1RD	2	2	0	100000	128
0RB0LD_1RC1LB_1RD0RA_1LA1RD	4	2	0	100000	128
0RB0LD_1RC1LB_1RD0RA_1LA1RD	6	2	0	100000	128
0RB0LD_1RC1LB_1RD0RA_1LA1RD	12	2	0	100000	128
0RB0LD_1RC1RA_1LA0RA_1LB0LB	5	2	0	100000	128
0RB0LD_1RC1RA_1LA0RA_1LB0LB	10	2	0	100000	128
0RB0LD_1RC1RB_1LA0RA_0LC1LC	5	2	0	100000	128
0RB0LD_1RC1RB_1LA0RA_0LC1LC	10	2	0	100000	128
0RB0LD_1RC1RB_1LA0RA_1RA0LB	3	2	0	100000	128
0RB0LD_1RC1RB_1LA0RA_1RA0LB	4	2	0	100000	128
0RB0LD_1RC1RB_1LA0RA_1RA0LB	6	2	0	100000	128
0RB0LD_1RC1RB_1LA0RA_1RA0LB	8	2	0	100000	128
0RB0LD_1RC1RB_1LA0RA_1RA0LB	10	2	0	100000	128
0RB0LD_1RC1RB_1LA0RA_1RA0LB	20	2	0	100000	128
0RB0LD_1RC1RB_1LA1LC_0LC1LA	2	2	0	100000	128
0RB0LD_1RC1RB_1LA1LC_0LC1LA	4	2	0	100000	128
0RB0LD_1RC1RB_1LA1LC_0RA1LA	2	2	0	100000	128
0RB0LD_1RC1RB_1LA1LC_0RA1LA	4	2	0	100000	128
0RB0LD_1RC1RB_1LA1LC_0RB1LA	2	2	0	100000	128
0RB0LD_1RC1RB_1LA1LC_0RB1LA	4	2	0	100000	128
0RB0LD_1RC1RB_1LA1LC_0RD1LA	2	2	0	100000	128
0RB0LD_1RC1RB_1LA1LC_0RD1LA	4	2	0	100000	128
0RB0LD_1RC1RB_1LA1LC_1LA1LA	2	2	0	100000	128
0RB0LD_1RC1RB_1LA1LC_1LA1LA	4	2	0	100000	128
0RB0LD_1RC1RB_1LA1LC_1LB1LA	2	2	0	100000	128
0RB0LD_1RC1RB_1LA1LC_1LB1LA	4	2	0	100000	128
0RB0LD_1RC1RB_1LA1LC_1LC1LA	2	2	0	100000	128
0RB0LD_1RC1RB_1LA1LC_1LC1LA	4	2	0	100000	128
0RB0LD_1RC1RB_1LA1LC_1RB1LA	2	2	0	100000	128
0RB0LD_1RC1RB_1LA1LC_1RB1LA	4	2	0	100000	128
0RB0LD_1RC1RB_1LA1LC_1RD1LA	2	2	0	100000	128
0RB0LD_1RC1RB_1LA1LC_1RD1LA	4	2	0	100000	128
0RB0LD_1RC1RD_0LD1RB_1LB1LA	2	2	0	100000	128
0RB0LD_1RC1RD_0LD1RB_1LB1LA	4	2	0	100000	128
0RB0LD_1RC1RD_1LC1RB_1LB1LA	2	2	0	100000	128
0RB0LD_1RC1RD_1LC1RB_1LB1LA	4	2	0	100000	128
0RB0LD_1RC1RD_1LD1RB_1LB1LA	2	2	0	100000	128
0RB0LD_1RC1RD_1LD1RB_1LB1LA	4	2	0	100000	128
0RB0LD_1RC1RD_1RD1RB_1LB1LA	2	2	0	100000	128
0RB0LD_1RC1RD_1RD1RB_1LB1LA	4	2	0	100000	128
0RB0RA_0LC1RA_0RD1LC_1RB1LB	2	2	0	100000	128
0RB0RA_0LC1RA_0RD1LC_1RB1LB	4	2	0	100000	128
0RB0RA_0LC1RA_1LD1LB_1RB1LC	2	2	0	100000	128
0RB0RA_0LC1RA_1LD1LB_1RB1LC	4	2	0	100000	128
0RB0RA_0LC1RA_1LD1LB_1RB1LC	6	2	0	100000	128
0RB0RA_0LC1RA_1LD1LB_1RB1LC	12	2	0	100000	128
0RB0RA_0LC1RA_1LD1LC_1RB0LB	5	2	0	100000	128
0RB0RA_0LC1RA_1LD1LC_1RB0LB	10	2	0	100000	128
0RB0RA_0LC1RA_1LD1LC_1RB0LC	2	2	0	100000	128
0RB0RA_0LC1RA_1LD1LC_1RB0LC	4	2	0	100000	128
0RB0RA_0LC1RA_1LD1RC_1RB0LC	2	2	0	100000	128
0RB0RA_0LC1RA_1LD1RC_1RB0LC	4	2	0	100000	128
0RB0RA_0LC1RA_1RB0LD_1LC1RD	2	2	0	100000	128
0RB0RA_0LC1RA_1RB0LD_1LC1RD	4	2	0	100000	128
0RB0RA_1LC0RC_0LD1LD_1RA0LB	2	2	0	100000	128
0RB0RA_1LC0RC_0LD1LD_1RA0LB	12	2	0	100000	128
0RB0RA_1LC0RC_0LD1LD_1RA0LB	24	2	0	100000	128
0RB0RA_1LC1RA_0LD0LA_1LA0LB	4	2	0	100000	128
0RB0RA_1LC1RA_0LD0LA_1LA0LB	8	2	0	100000	128
0RB0RA_1LC1RA_0LD0LA_1LA1LB	3	2	0	100000	128
0RB0RA_1LC1RA_0LD0LA_1LA1LB	6	2	0	100000	128
0RB0RA_1LC1RA_0LD0LB_0RA1RB	2	2	0	100000	128
0RB0RA_1LC1RA_0LD0LB_0RA1RB	4	2	0	100000	128
0RB0RA_1LC1RA_0LD0LB_0RA1RB	6	2	0	100000	128
0RB0RA_1LC1RA_0LD0LB_0RA1RB	12	2	0	100000	128
0RB0RA_1LC1RA_0LD0LB_1LA1LB	2	2	0	100000	128
0RB0RA_1LC1RA_0LD0LB_1LA1LB	3	2	0	100000	128
0RB0RA_1LC1RA_0LD0LB_1LA1LB	4	2	0	100000	128
0RB0RA_1LC1RA_0LD0LB_1LA1LB	6	2	0	100000	128
0RB0RA_1LC1RA_0LD0LB_1LA1LB	12	2	0	100000	128
0RB0RA_1LC1RA_0LD0LB_1RA1LB	2	2	0	100000	128
0RB0RA_1LC1RA_0LD0LB_1RA1LB	3	2	0	100000	128
0RB0RA_1LC1RA_0LD0LB_1RA1LB	4	2	0	100000	128
0RB0RA_1LC1RA_0LD0LB_1RA1LB	6	2	0	100000	128
0RB0RA_1LC1RA_0LD0LB_1RA1LB	12	2	0	100000	128
0RB0RA_1LC1RA_0LD0LC_1LA1LB	3	2	0	100000	128
0RB0RA_1LC1RA_0LD0LC_1LA1LB	6	2	0	100000	128
0RB0RA_1LC1RA_0LD0RD_1LA1LB	3	2	0	100000	128
0RB0RA_1LC1RA_0LD0RD_1LA1LB	6	2	0	100000	128
0RB0RA_1LC1RA_0LD0RD_1RA1LB	3	2	0	100000	128
0RB0RA_1LC1RA_0LD0RD_1RA1LB	6	2	0	100000	128
0RB0RA_1LC1RA_0LD1LB_1LA1LB	3	2	0	100000	128
0RB0RA_1LC1RA_0LD1LB_1LA1LB	6	2	0	100000	128
0RB0RA_1LC1RA_0LD1LB_1LA1LB	12	2	0	100000	128
0RB0RA_1LC1RA_0LD1LB_1RA1LB	3	2	0	100000	128
0RB0RA_1LC1RA_0LD1LB_1RA1LB	6	2	0	100000	128
0RB0RA_1LC1RA_0LD1LC_1LA0LB	4	2	0	100000	128
0RB0RA_1LC1RA_0LD1LC_1LA0LB	8	2	0	100000	128
0RB0RA_1LC1RA_0LD1LC_1LA1LB	3	2	0	100000	128
0RB0RA_1LC1RA_0LD1LC_1LA1LB	6	2	0	100000	128
0RB0RA_1LC1RA_0LD1LC_1RA1LB	3	2	0	100000	128
0RB0RA_1LC1RA_0LD1LC_1RA1LB	6	2	0	100000	128
0RB0RA_1LC1RA_0LD1LD_1RA0LB	2	2	0	100000	128
0RB0RA_1LC1RA_0LD1LD_1RA0LB	12	2	0	100000	128
0RB0RA_1LC1RA_0LD1LD_1RA0LB	24	2	0	100000	128
0RB0RA_1LC1RA_1LD1RD_1RD0LB	3	2	0	100000	128
0RB0RA_1LC1RA_1LD1RD_1RD0LB	5	2	0	100000	128
0RB0RA_1LC1RA_1LD1RD_1RD0LB	6	2	0	100000	128
0RB0RA_1LC1RA_1LD1RD_1RD0LB	10	2	0	100000	128
0RB0RA_1LC1RA_1LD1RD_1RD0LB	15	2	0	100000	128
0RB0RA_1LC1RB_0LD1LC_1RA1LD	2	2	0	100000	128
0RB0RA_1RC0LD_1RD1RA_1LB1LD	7	2	0	100000	128
0RB0RA_1RC0LD_1RD1RA_1LB1LD	14	2	0	100000	128
0RB0RA_1RC1LD_1LD1RA_1LB0LC	4	2	0	100000	128
0RB0RA_1RC1LD_1LD1RA_1LB0LC	8	2	0	100000	128
0RB0RA_1RC1RA_0LD1LC_1RA1LB	3	2	0	100000	128
0RB0RA_1RC1RA_0LD1LC_1RA1LB	6	2	0	100000	128
0RB0RA_1RC1RA_1LD1LC_1RB0LC	2	2	0	100000	128
0RB0RA_1RC1RA_1LD1LC_1RB0LC	4	2	0	100000	128
0RB0RA_1RC1RA_1LD1RC_1RB0LC	2	2	0	100000	128
0RB0RA_1RC1RA_1LD1RC_1RB0LC	4	2	0	100000	128
0RB0RA_1RC1RD_0LD0LC_1RA1LC	3	2	0	100000	128
0RB0RA_1RC1RD_0LD0LC_1RA1LC	6	2	0	100000	128
0RB0RB_0LC1RA_1LD1LC_1RB1RD	2	2	0	100000	128
0RB0RB_0LC1RA_1LD1LC_1RB1RD	4	2	0	100000	128
0RB0RB_0LC1RD_1LD1LC_1RB0LA	2	2	0	100000	128
0RB0RB_0LC1RD_1LD1LC_1RB0LA	4	2	0	100000	128
0RB0RB_1LC1RB_0LD0LA_1RD0RB	2	2	0	100000	128
0RB0RB_1LC1RC_1LD1RA_1RB0LD	2	2	0	100000	128
0RB0RB_1LC1RC_1LD1RA_1RB0LD	4	2	0	100000	128
0RB0RB_1RC1RB_1LD0LA_1LA0LC	5	2	0	100000	128
0RB0RB_1RC1RB_1LD0LA_1LA0LC	10	2	0	100000	128
0RB0RC_0LC1RA_1LD1LB_0RB1LC	2	2	0	100000	128
0RB0RC_0LC1RA_1LD1LB_0RB1LC	4	2	0	100000	128
0RB0RC_0LC1RA_1LD1RC_1LA0LB	2	2	0	100000	128
0RB0RC_0LC1RA_1LD1RC_1LA0LB	4	2	0	100000	128
0RB0RC_0LC1RA_1LD1RC_1LA0LB	6	2	0	100000	128
0RB0RC_0LC1RA_1LD1RC_1LA0LB	12	2	0	100000	128
0RB0RC_0LC1RA_1LD1RC_1LA0LB	24	2	0	100000	128
0RB0RC_0LC1RA_1LD1RC_1RB1LD	2	2	0	100000	128
0RB0RC_0RC1RC_1LD1RB_1LA0LB	2	2	0	100000	128
0RB0RC_1LC0LB_0LD1LD_1RA1LC	2	2	0	100000	128
0RB0RC_1LC0LB_0LD1LD_1RA1LC	4	2	0	100000	128
0RB0RC_1LC0LD_1RD1RC_1LB1LA	2	2	0	100000	128
0RB0RC_1LC0LD_1RD1RC_1LB1LA	3	2	0	100000	128
0RB0RC_1LC0LD_1RD1RC_1LB1LA	4	2	0	100000	128
0RB0RC_1LC0LD_1RD1RC_1LB1LA	6	2	0	100000	128
0RB0RC_1LC0RD_0LD0LB_1RA0LA	7	2	0	100000	128
0RB0RC_1LC0RD_0LD0LB_1RA0LA	14	2	0	100000	128
0RB0RC_1LC1LD_0LD1RA_1RA0LA	3	2	0	100000	128
0RB0RC_1LC1LD_0LD1RA_1RA0LA	6	2	0	100000	128
0RB0RC_1LC1LD_0LD1RA_1RA0LA	7	2	0	100000	128
0RB0RC_1LC1LD_0LD1RA_1RA0LA	14	2	0	100000	128
0RB0RC_1LC1LD_1RD1RA_1LB1LC	2	2	0	100000	128
0RB0RC_1LC1LD_1RD1RA_1LB1LC	4	2	0	100000	128
0RB0RC_1LC1RA_0LD0LB_0RA1RB	2	2	0	100000	128
0RB0RC_1LC1RA_0LD0LB_0RA1RB	3	2	0	100000	128
0RB0RC_1LC1RA_0LD0LB_0RA1RB	4	2	0	100000	128
0RB0RC_1LC1RA_0LD0LB_0RA1RB	6	2	0	100000	128
0RB0RC_1LC1RA_0LD0LB_0RA1RB	12	2	0	100000	128
0RB0RC_1LC1RA_1LD0LB_0RB0LA	2	2	0	100000	128
0RB0RC_1LC1RA_1LD0LB_0RB0LA	4	2	0	100000	128
0RB0RC_1LC1RA_1LD0LB_0RB0LD	2	2	0	100000	128
0RB0RC_1LC1RA_1LD0LB_0RB0LD	4	2	0	100000	128
0RB0RC_1LC1RA_1LD0LB_0RB1LC	2	2	0	100000	128
0RB0RC_1LC1RA_1LD0LB_0RB1LC	4	2	0	100000	128
0RB0RC_1LC1RA_1LD0LB_1RB0RC	2	2	0	100000	128
0RB0RC_1LC1RA_1LD0LB_1RB0RC	4	2	0	100000	128
0RB0RC_1LC1RA_1LD0LB_1RC1LC	2	2	0	100000	128
0RB0RC_1LC1RA_1LD0LB_1RC1LC	4	2	0	100000	128
0RB0RC_1LC1RA_1LD0LC_1RD0LB	2	2	0	100000	128
0RB0RC_1LC1RA_1LD0LC_1RD0LB	4	2	0	100000	128
0RB0RC_1LC1RA_1LD1RC_1RB1LD	2	2	0	100000	128
0RB0RC_1LC1RD_1LA0LB_0RA1RA	2	2	0	100000	128
0RB0RC_1LC1RD_1LA0LB_0RA1RA	4	2	0	100000	128
0RB0RC_1LC1RD_1LA0LB_0RA1RA	6	2	0	100000	128
0RB0RC_1LC1RD_1LA0LB_0RA1RA	12	2	0	100000	128
0RB0RC_1RC0LB_0LD1LD_1RA1LC	2	2	0	100000	128
0RB0RC_1RC0LB_0LD1LD_1RA1LC	3	2	0	100000	128
0RB0RC_1RC0LB_0LD1LD_1RA1LC	5	2	0	100000	128
0RB0RC_1RC0LB_0LD1LD_1RA1LC	6	2	0	100000	128
0RB0RC_1RC0LB_0LD1LD_1RA1LC	10	2	0	100000	128
0RB0RC_1RC0LD_0LD0RD_1RA1LC	2	2	0	100000	128
0RB0RC_1RC0LD_0LD0RD_1RA1LC	4	2	0	100000	128
0RB0RC_1RC0LD_0LD0RD_1RA1LC	6	2	0	100000	128
0RB0RC_1RC0LD_0LD0RD_1RA1LC	12	2	0	100000	128
0RB0RC_1RC0LD_1LB1RA_1LB1LD	12	2	0	100000	128
0RB0RC_1RC0LD_1LB1RA_1LB1LD	24	2	0	100000	128
0RB0RC_1RC0LD_1RD1RC_1LB1LA	2	2	0	100000	128
0RB0RC_1RC0LD_1RD1RC_1LB1LA	4	2	0	100000	128
0RB0RC_1RC0RA_0RD1RD_1LD0LB	2	2	0	100000	128
0RB0RC_1RC0RD_0LD0LC_1RA1LC	4	2	0	100000	128
0RB0RC_1RC0RD_0LD0LC_1RA1LC	8	2	0	100000	128
0RB0RC_1RC1LB_1LD1RC_0LB0LA	2	2	0	100000	128
0RB0RC_1RC1LD_1RD1RA_1LB1LC	2	2	0	100000	128
0RB0RC_1RC1LD_1RD1RA_1LB1LC	4	2	0	100000	128
0RB0RC_1RC1RA_1LD0LA_1RB0LC	2	2	0	100000	128
0RB0RC_1RC1RA_1LD0LA_1RB0LC	4	2	0	100000	128
0RB0RC_1RC1RB_0LD1RA_1LB1LD	2	2	0	100000	128
0RB0RC_1RC1RB_0LD1RA_1LB1LD	4	2	0	100000	128
0RB0RC_1RC1RB_1LD1RA_0RB1LC	2	2	0	100000	128
0RB0RC_1RC1RB_1LD1RA_0RB1LC	4	2	0	100000	128
0RB0RC_1RC1RB_1LD1RA_1LA1LC	2	2	0	100000	128
0RB0RC_1RC1RB_1LD1RA_1LA1LC	4	2	0	100000	128
0RB0RC_1RC1RB_1LD1RA_1RB1LC	2	2	0	100000	128
0RB0RC_1RC1RB_1LD1RA_1RB1LC	4	2	0	100000	128
0RB0RC_1RC1RD_0LD0LC_1RA1LC	3	2	0	100000	128
0RB0RC_1RC1RD_0LD0LC_1RA1LC	6	2	0	100000	128
0RB0RD_0LC0RD_1LD1LB_1RA0LB	2	2	0	100000	128
0RB0RD_0LC0RD_1LD1LB_1RA0LB	3	2	0	100000	128
0RB0RD_0LC0RD_1LD1LB_1RA0LB	4	2	0	100000	128
0RB0RD_0LC0RD_1LD1LB_1RA0LB	6	2	0	100000	128
0RB0RD_0LC0RD_1LD1LB_1RA0LB	12	2	0	100000	128
0RB0RD_0LC1LC_1RD0LB_1LB1RA	2	2	0	100000	128
0RB0RD_0LC1LC_1RD0LB_1LB1RA	4	2	0	100000	128
0RB0RD_0LC1LC_1RD0LB_1LB1RA	8	2	0	100000	128
0RB0RD_0LC1LD_0LD0LA_1RA1LC	2	2	0	100000	128
0RB0RD_0LC1LD_0LD0LA_1RA1LC	3	2	0	100000	128
0RB0RD_0LC1LD_0LD0LA_1RA1LC	4	2	0	100000	128
0RB0RD_0LC1LD_0LD0LA_1RA1LC	6	2	0	100000	128
0RB0RD_0LC1LD_0LD0LA_1RA1LC	12	2	0	100000	128
0RB0RD_0LC1LD_0LD0LC_1RA1LC	2	2	0	100000	128
0RB0RD_0LC1LD_0LD0LC_1RA1LC	4	2	0	100000	128
0RB0RD_0LC1LD_0LD0LC_1RA1LC	6	2	0	100000	128
0RB0RD_0LC1LD_0LD0LC_1RA1LC	12	2	0	100000	128
0RB0RD_0LC1RA_1LA1LB_1LB1RD	2	2	0	100000	128
0RB0RD_0LC1RA_1LA1LB_1LB1RD	4	2	0	100000	128
0RB0RD_0LC1RA_1LD0LD_1LA1LB	2	2	0	100000	128
0RB0RD_0LC1RA_1LD0LD_1LA1LB	4	2	0	100000	128
0RB0RD_0LC1RA_1LD0LD_1LA1LB	6	2	0	100000	128
0RB0RD_0LC1RA_1LD0LD_1LA1LB	12	2	0	100000	128
0RB0RD_0LC1RA_1RB1LC_0RB1RD	2	2	0	100000	128
0RB0RD_0LC1RA_1RB1LC_1LC1RD	2	2	0	100000	128
0RB0RD_0LC1RA_1RB1LC_1RB1RD	2	2	0	100000	128
0RB0RD_0LC1RB_1LD1RD_1RA0LD	5	2	0	100000	128
0RB0RD_0LC1RB_1LD1RD_1RA0LD	10	2	0	100000	128
0RB0RD_0LC1RD_1RB1LD_1RA0LD	5	2	0	100000	128
0RB0RD_0LC1RD_1RB1LD_1RA0LD	10	2	0	100000	128
0RB0RD_1LC0LB_1RA1LB_0LB0RC	3	2	0	100000	128
0RB0RD_1LC0LB_1RA1LB_0LB0RC	6	2	0	100000	128
0RB0RD_1LC0LB_1RA1LB_0LB0RC	8	2	0	100000	128
0RB0RD_1LC0LB_1RA1LB_0LB0RC	16	2	0	100000	128
0RB0RD_1LC0LB_1RA1LB_0LB0RC	24	2	0	100000	128
0RB0RD_1LC0LB_1RA1LB_1LA0RC	8	2	0	100000	128
0RB0RD_1LC0LB_1RA1LB_1LA0RC	16	2	0	100000	128
0RB0RD_1LC0LB_1RA1LB_1LA0RC	24	2	0	100000	128
0RB0RD_1LC0LC_1RA1LB_1LB1RC	2	2	0	100000	128
0RB0RD_1LC0LC_1RA1LB_1LB1RC	6	2	0	100000	128
0RB0RD_1LC0LC_1RA1LB_1LB1RC	12	2	0	100000	128
0RB0RD_1LC0LC_1RA1LB_1LD1RC	6	2	0	100000	128
0RB0RD_1LC0LC_1RA1LB_1LD1RC	12	2	0	100000	128
0RB0RD_1LC0LC_1RA1LB_1LD1RC	24	2	0	100000	128
0RB0RD_1LC0RC_0LD0LA_1RA0LB	7	2	0	100000	128
0RB0RD_1LC0RC_0LD0LA_1RA0LB	14	2	0	100000	128
0RB0RD_1LC0RD_1LA1LB_1RB1RA	2	2	0	100000	128
0RB0RD_1LC0RD_1LA1LB_1RB1RA	4	2	0	100000	128
0RB0RD_1LC1LD_1LA1LB_1RB1RA	2	2	0	100000	128
0RB0RD_1LC1LD_1LA1LB_1RB1RA	4	2	0	100000	128
0RB0RD_1LC1RA_1RD0LC_1LB1RB	2	2	0	100000	128
0RB0RD_1LC1RB_1RA1LC_0LB0LC	2	2	0	100000	128
0RB0RD_1LC1RB_1RA1LC_1LB0LC	2	2	0	100000	128
0RB0RD_1LC1RC_1RA0LC_0LB1RC	3	2	0	100000	128
0RB0RD_1LC1RC_1RA0LC_0LB1RC	6	2	0	100000	128
0RB0RD_1LC1RD_0LD0LC_1RA1LC	2	2	0	100000	128
0RB0RD_1LC1RD_0LD0LC_1RA1LC	3	2	0	100000	128
0RB0RD_1LC1RD_0LD0LC_1RA1LC	4	2	0	100000	128
0RB0RD_1LC1RD_0LD0LC_1RA1LC	6	2	0	100000	128
0RB0RD_1LC1RD_0LD0LC_1RA1LC	12	2	0	100000	128
0RB0RD_1LC1RD_1RA0LC_1LB1RA	3	2	0	100000	128
0RB0RD_1LC1RD_1RA0LC_1LB1RA	6	2	0	100000	128
0RB0RD_1RC0LD_0LA1RB_1LC1LB	2	2	0	100000	128
0RB0RD_1RC0LD_0LA1RB_1LC1LB	4	2	0	100000	128
0RB0RD_1RC0LD_1RD1LC_1LB1RA	4	2	0	100000	128
0RB0RD_1RC0LD_1RD1LC_1LB1RA	8	2	0	100000	128
0RB0RD_1RC1LB_0LD1RA_1RA1LC	2	2	0	100000	128
0RB0RD_1RC1LB_0LD1RA_1RA1LC	4	2	0	100000	128
0RB0RD_1RC1LB_0RD1RA_1LD0LB	2	2	0	100000	128
0RB0RD_1RC1LB_1LB0RA_1LD0LB	2	2	0	100000	128
0RB0RD_1RC1LB_1LB0RA_1LD0LB	4	2	0	100000	128
0RB0RD_1RC1LB_1LC1RA_1LD0LB	2	2	0	100000	128
0RB0RD_1RC1LD_1LB1RC_1LB1RA	2	2	0	100000	128
0RB0RD_1RC1LD_1LB1RC_1LB1RA	4	2	0	100000	128
0RB0RD_1RC1RA_1LD1LC_1RB0LC	2	2	0	100000	128
0RB0RD_1RC1RA_1LD1LC_1RB0LC	3	2	0	100000	128
0RB0RD_1RC1RA_1LD1LC_1RB0LC	4	2	0	100000	128
0RB0RD_1RC1RA_1LD1LC_1RB0LC	6	2	0	100000	128
0RB0RD_1RC1RA_1LD1LC_1RB0LC	12	2	0	100000	128
0RB0RD_1RC1RD_0LD0LC_1RA1LC	2	2	0	100000	128
0RB0RD_1RC1RD_0LD0LC_1RA1LC	3	2	0	100000	128
0RB0RD_1RC1RD_0LD0LC_1RA1LC	4	2	0	100000	128
0RB0RD_1RC1RD_0LD0LC_1RA1LC	6	2	0	100000	128
0RB0RD_1RC1RD_0LD0LC_1RA1LC	12	2	0	100000	128
0RB0RD_1RC1RD_1LD1RA_1LB0LC	2	2	0	100000	128
0RB0RD_1RC1RD_1LD1RA_1LB0LC	4	2	0	100000	128
0RB1LA_0LC1LC_1RD0LA_1LB1RD	2	2	0	100000	128
0RB1LA_0RC1LD_1LB1RC_1RC0LA	2	2	0	100000	128
0RB1LA_1LA1LC_1RD0LA_1LB1RD	2	2	0	100000	128
0RB1LA_1LA1LC_1RD0LB_0LA1RC	2	2	0	100000	128
0RB1LA_1LA1LC_1RD0LB_0LA1RC	4	2	0	100000	128
0RB1LA_1LA1LC_1RD0LB_1RB1RC	2	2	0	100000	128
0RB1LA_1LA1LC_1RD0LB_1RB1RC	4	2	0	100000	128
0RB1LA_1LA1RC_1RB0LD_0LA1LC	2	2	0	100000	128
0RB1LA_1LA1RC_1RB0LD_0LA1LC	4	2	0	100000	128
0RB1LA_1LA1RC_1RB0LD_1LA1LC	2	2	0	100000	128
0RB1LA_1LA1RC_1RB0LD_1LA1LC	4	2	0	100000	128
0RB1LA_1LA1RC_1RB0LD_1RA1LC	2	2	0	100000	128
0RB1LA_1LA1RC_1RB0LD_1RA1LC	4	2	0	100000	128
0RB1LA_1LC0LD_1RD0RC_0LA1RC	5	2	0	100000	128
0RB1LA_1LC0LD_1RD0RC_0LA1RC	10	2	0	100000	128
0RB1LA_1LC1LC_1RD0LA_1LB1RD	2	2	0	100000	128
0RB1LA_1RC0LD_0LA1RB_1LC1LB	2	2	0	100000	128
0RB1LA_1RC0LD_0LA1RB_1LC1LB	4	2	0	100000	128
0RB1LA_1RC0LD_1LD0RA_1LB1LD	20	2	0	100000	128
0RB1LA_1RC0LD_1RD0RA_1LB1LD	10	2	0	100000	128
0RB1LA_1RC0LD_1RD0RA_1LB1LD	20	2	0	100000	128
0RB1LA_1RC0LD_1RD1RB_0LA1LB	2	2	0	100000	128
0RB1LA_1RC0LD_1RD1RB_0LA1LB	4	2	0	100000	128
0RB1LA_1RC1LC_0LA1RD_0RC0RD	2	2	0	100000	128
0RB1LA_1RC1LC_0LA1RD_0RC0RD	4	2	0	100000	128
0RB1LA_1RC1LC_1LD0RC_0LA0LC	5	2	0	100000	128
0RB1LA_1RC1LC_1LD0RC_0LA0LC	10	2	0	100000	128
0RB1LA_1RC1LD_0LA1RB_0LA0RC	3	2	0	100000	128
0RB1LA_1RC1LD_0LA1RB_0LA0RC	6	2	0	100000	128
0RB1LA_1RC1LD_1LB1RC_1RC0LA	2	2	0	100000	128
0RB1LA_1RC1LD_1LD0RB_0LA1LC	2	2	0	100000	128
0RB1LA_1RC1LD_1LD0RB_0LA1LC	4	2	0	100000	128
0RB1LB_0LC0RD_1LA1RC_1RB1RA	3	2	0	100000	128
0RB1LB_0LC0RD_1LA1RC_1RB1RA	6	2	0	100000	128
0RB1LB_0LC0RD_1LA1RC_1RC1RB	2	2	0	100000	128
0RB1LB_0LC0RD_1LA1RC_1RC1RB	4	2	0	100000	128
0RB1LB_0LC1RC_1LD0RA_1LA0LA	3	2	0	100000	128
0RB1LB_0LC1RC_1LD0RA_1LA0LA	6	2	0	100000	128
0RB1LB_0LC1RC_1LD0RA_1LA0LA	12	2	0	100000	128
0RB1LB_0LC1RC_1LD0RA_1LA0LC	3	2	0	100000	128
0RB1LB_0LC1RC_1LD0RA_1LA0LC	6	2	0	100000	128
0RB1LB_0LC1RC_1LD0RA_1LA0LC	12	2	0	100000	128
0RB1LB_0LC1RC_1LD0RA_1LA0RA	3	2	0	100000	128
0RB1LB_0LC1RC_1LD0RA_1LA0RA	6	2	0	100000	128
0RB1LB_0LC1RC_1LD0RA_1LA0RA	12	2	0	100000	128
0RB1LB_0LC1RD_1LA0LD_1LB0RD	2	2	0	100000	128
0RB1LB_0LC1RD_1LA0LD_1LB0RD	4	2	0	100000	128
0RB1LB_0LC1RD_1LA1LB_1LB0RD	5	2	0	100000	128
0RB1LB_0LC1RD_1LA1LB_1LB0RD	10	2	0	100000	128
0RB1LB_0LC1RD_1LA1LC_1RB0RA	5	2	0	100000	128
0RB1LB_0LC1RD_1LA1LC_1RB0RA	10	2	0	100000	128
0RB1LB_0LC1RD_1LA1LC_1RB0RB	21	2	0	100000	128
0RB1LB_0RC0LA_1RD1RC_1LB1LD	2	2	0	100000	128
0RB1LB_0RC0LA_1RD1RC_1LB1LD	4	2	0	100000	128
0RB1LB_1LC0LD_1LA0LC_1RD1RC	2	2	0	100000	128
0RB1LB_1LC1LD_1RA0RC_1RC0LD	2	2	0	100000	128
0RB1LB_1LC1RC_1RD0LA_1LA0RC	3	2	0	100000	128
0RB1LB_1LC1RC_1RD0LA_1LA0RC	6	2	0	100000	128
0RB1LB_1RC0LA_1RD1RC_0LA1LD	2	2	0	100000	128
0RB1LB_1RC0LA_1RD1RC_0LA1LD	4	2	0	100000	128
0RB1LB_1RC0LA_1RD1RC_1LA1LD	2	2	0	100000	128
0RB1LB_1RC0LA_1RD1RC_1LA1LD	4	2	0	100000	128
0RB1LB_1RC0LD_0LD0RD_1RA1LD	2	2	0	100000	128
0RB1LB_1RC0LD_0LD0RD_1RA1LD	4	2	0	100000	128
0RB1LB_1RC0LD_0LD1RA_1RA1LD	2	2	0	100000	128
0RB1LB_1RC0LD_0LD1RA_1RA1LD	4	2	0	100000	128
0RB1LB_1RC0LD_1LA0LC_1RD1RC	2	2	0	100000	128
0RB1LB_1RC0LD_1LA0RD_1RA1LD	2	2	0	100000	128
0RB1LB_1RC0LD_1LA0RD_1RA1LD	4	2	0	100000	128
0RB1LB_1RC0LD_1LA0RD_1RA1LD	18	2	0	100000	128
0RB1LB_1RC0LD_1LA1RA_1LB1LA	3	2	0	100000	128
0RB1LB_1RC0LD_1LA1RA_1LB1LA	6	2	0	100000	128
0RB1LB_1RC0LD_1LA1RA_1RA1LD	2	2	0	100000	128
0RB1LB_1RC0LD_1LA1RA_1RA1LD	4	2	0	100000	128
0RB1LB_1RC0LD_1LD0RA_1RA1LD	2	2	0	100000	128
0RB1LB_1RC0LD_1LD0RA_1RA1LD	9	2	0	100000	128
0RB1LB_1RC0LD_1LD0RA_1RA1LD	18	2	0	100000	128
0RB1LB_1RC0LD_1LD0RD_1RA1LD	2	2	0	100000	128
0RB1LB_1RC0LD_1LD0RD_1RA1LD	4	2	0	100000	128
0RB1LB_1RC0LD_1LD1RA_1RA1LD	2	2	0	100000	128
0RB1LB_1RC0LD_1LD1RA_1RA1LD	4	2	0	100000	128
0RB1LB_1RC0LD_1RD0LD_0LA1RA	3	2	0	100000	128
0RB1LB_1RC0LD_1RD0LD_0LA1RA	6	2	0	100000	128
0RB1LB_1RC0LD_1RD0LD_0LA1RA	12	2	0	100000	128
0RB1LB_1RC0LD_1RD0RB_0LA1RA	3	2	0	100000	128
0RB1LB_1RC0LD_1RD0RB_0LA1RA	6	2	0	100000	128
0RB1LB_1RC0LD_1RD0RB_0LA1RA	12	2	0	100000	128
0RB1LB_1RC0LD_1RD0RD_0LA1RA	3	2	0	100000	128
0RB1LB_1RC0LD_1RD0RD_0LA1RA	6	2	0	100000	128
0RB1LB_1RC0LD_1RD0RD_0LA1RA	12	2	0	100000	128
0RB1LB_1RC0RD_1RD1RC_0LA1LD	2	2	0	100000	128
0RB1LB_1RC0RD_1RD1RC_0LA1LD	4	2	0	100000	128
0RB1LC_0LC0LD_1LA0RD_1RA1RC	2	2	0	100000	128
0RB1LC_0LC0LD_1LA0RD_1RA1RC	4	2	0	100000	128
0RB1LC_0LC1RB_1LA0RD_1RA1RC	2	2	0	100000	128
0RB1LC_0LC1RB_1LA0RD_1RA1RC	4	2	0	100000	128
0RB1LC_0LC1RB_1LA1RD_0RB0LA	3	2	0	100000	128
0RB1LC_0LC1RB_1LA1RD_0RB0LA	6	2	0	100000	128
0RB1LC_0LC1RD_1LA1LB_0RB0LC	2	2	0	100000	128
0RB1LC_0LC1RD_1LA1LB_0RB0LC	4	2	0	100000	128
0RB1LC_0LC1RD_1LA1LB_0RB0RC	2	2	0	100000	128
0RB1LC_0LC1RD_1LA1LB_0RB0RC	4	2	0	100000	128
0RB1LC_0RC1RA_1RD0LD_1LA0LC	2	2	0	100000	128
0RB1LC_0RC1RA_1RD0LD_1LA0LC	4	2	0	100000	128
0RB1LC_0RC1RA_1RD0LD_1LA0LC	6	2	0	100000	128
0RB1LC_0RC1RA_1RD0LD_1LA0LC	12	2	0	100000	128
0RB1LC_0RC1RB_0LD1LA_1LA0LB	2	2	0	100000	128
0RB1LC_0RC1RB_0LD1LA_1LA0LB	3	2	0	100000	128
0RB1LC_0RC1RB_0LD1LA_1LA0LB	6	2	0	100000	128
0RB1LC_0RC1RB_1LD1RD_1LA0LB	2	2	0	100000	128
0RB1LC_0RC1RB_1LD1RD_1LA0LB	4	2	0	100000	128
0RB1LC_1LA1RB_0LA0LD_0LA1LD	2	2	0	100000	128
0RB1LC_1LA1RB_0LA0LD_1LA1LD	2	2	0	100000	128
0RB1LC_1LA1RB_0LA0LD_1RB1LD	2	2	0	100000	128
0RB1LC_1LA1RB_0RB0LD_0LA1LD	2	2	0	100000	128
0RB1LC_1LA1RB_0RB0LD_1LA1LD	2	2	0	100000	128
0RB1LC_1LA1RB_0RD0LD_0LA1LD	2	2	0	100000	128
0RB1LC_1LA1RB_0RD0LD_1LA1LD	2	2	0	100000	128
0RB1LC_1LA1RB_1LA0LD_0LA1LD	2	2	0	100000	128
0RB1LC_1LA1RB_1LA0LD_1LA1LD	2	2	0	100000	128
0RB1LC_1LA1RB_1LA0LD_1RB1LD	2	2	0	100000	128
0RB1LC_1LA1RB_1LA0RD_1LB1RC	2	2	0	100000	128
0RB1LC_1LA1RB_1LA0RD_1LB1RC	4	2	0	100000	128
0RB1LC_1LA1RB_1LA0RD_1RB1RC	2	2	0	100000	128
0RB1LC_1LA1RB_1LA0RD_1RB1RC	4	2	0	100000	128
0RB1LC_1LA1RB_1RB0LD_0LA1LD	2	2	0	100000	128
0RB1LC_1LA1RB_1RB0LD_0RA1LD	2	2	0	100000	128
0RB1LC_1LA1RB_1RB0LD_1LA1LD	2	2	0	100000	128
0RB1LC_1LA1RC_1LD0RC_0LA0LC	5	2	0	100000	128
0RB1LC_1LA1RC_1LD0RC_0LA0LC	10	2	0	100000	128
0RB1LC_1LC0LD_1LA0RD_1RA1RC	2	2	0	100000	128
0RB1LC_1LC0LD_1LA0RD_1RA1RC	4	2	0	100000	128
0RB1LC_1LC0RC_0LD0LA_1RA1RB	7	2	0	100000	128
0RB1LC_1LC0RC_0LD0LA_1RA1RB	14	2	0	100000	128
0RB1LC_1LC1LB_0RD0LA_1RB1RD	2	2	0	100000	128
0RB1LC_1LC1LB_0RD0LA_1RB1RD	4	2	0	100000	128
0RB1LC_1LC1RA_0LD0LB_1LA0RB	2	2	0	100000	128
0RB1LC_1LC1RA_0LD0LB_1LA0RB	4	2	0	100000	128
0RB1LC_1LC1RA_0LD0LB_1LA0RB	8	2	0	100000	128
0RB1LC_1LC1RA_0LD0LB_1LA1LD	2	2	0	100000	128
0RB1LC_1LC1RA_0LD0LB_1LA1LD	4	2	0	100000	128
0RB1LC_1LC1RA_0LD0LB_1LA1LD	8	2	0	100000	128
0RB1LC_1LC1RA_0LD0LB_1LA1RD	2	2	0	100000	128
0RB1LC_1LC1RA_0LD0LB_1LA1RD	4	2	0	100000	128
0RB1LC_1LC1RA_1LD0LB_1RB0LA	2	2	0	100000	128
0RB1LC_1LC1RA_1LD0LB_1RB0LA	4	2	0	100000	128
0RB1LC_1LC1RA_1LD0LB_1RB1LC	2	2	0	100000	128
0RB1LC_1LC1RA_1LD0LB_1RB1LC	4	2	0	100000	128
0RB1LC_1LC1RA_1LD0LB_1RC0LA	2	2	0	100000	128
0RB1LC_1LC1RA_1LD0LB_1RC0LA	4	2	0	100000	128
0RB1LC_1LC1RA_1LD0LB_1RC1LC	2	2	0	100000	128
0RB1LC_1LC1RA_1LD0LB_1RC1LC	4	2	0	100000	128
0RB1LC_1LC1RB_0LD1RD_1LA0RB	2	2	0	100000	128
0RB1LC_1LC1RB_0LD1RD_1LA0RB	4	2	0	100000	128
0RB1LC_1LC1RB_1LA0RD_0LA1RC	2	2	0	100000	128
0RB1LC_1LC1RB_1LA0RD_0LA1RC	4	2	0	100000	128
0RB1LC_1LC1RD_0LD0RB_1RA0LA	2	2	0	100000	128
0RB1LC_1LC1RD_0LD0RB_1RA0LA	3	2	0	100000	128
0RB1LC_1LC1RD_0LD0RB_1RA0LA	4	2	0	100000	128
0RB1LC_1LC1RD_0LD0RB_1RA0LA	6	2	0	100000	128
0RB1LC_1LC1RD_0LD0RB_1RA0LA	12	2	0	100000	128
0RB1LC_1LC1RD_1LA0LB_0LA0RC	2	2	0	100000	128
0RB1LC_1LC1RD_1LA0LB_0LA0RC	4	2	0	100000	128
0RB1LC_1LC1RD_1LA0LB_0RB0RC	2	2	0	100000	128
0RB1LC_1LC1RD_1LA0LB_0RB0RC	4	2	0	100000	128
0RB1LC_1LC1RD_1LA0LB_1LA0RC	2	2	0	100000	128
0RB1LC_1LC1RD_1LA0LB_1LA0RC	4	2	0	100000	128
0RB1LC_1LC1RD_1LA0LB_1LD0RC	2	2	0	100000	128
0RB1LC_1LC1RD_1LA0LB_1LD0RC	4	2	0	100000	128
0RB1LC_1LC1RD_1LA0LC_1RA1RD	4	2	0	100000	128
0RB1LC_1LC1RD_1LA0LC_1RA1RD	8	2	0	100000	128
0RB1LC_1RC0LC_0LA0RD_1RA1RA	2	2	0	100000	128
0RB1LC_1RC0LC_0LA0RD_1RA1RA	4	2	0	100000	128
0RB1LC_1RC0LC_0LA0RD_1RB0LB	3	2	0	100000	128
0RB1LC_1RC0LC_0LA0RD_1RB0LB	6	2	0	100000	128
0RB1LC_1RC0LC_0LA0RD_1RB0LC	3	2	0	100000	128
0RB1LC_1RC0LC_0LA0RD_1RB0LC	6	2	0	100000	128
0RB1LC_1RC0LC_1LD0RC_0LA1LA	5	2	0	100000	128
0RB1LC_1RC0LC_1LD0RC_0LA1LA	10	2	0	100000	128
0RB1LC_1RC0LD_1LA0LD_1LB1RA	2	2	0	100000	128
0RB1LC_1RC0LD_1LA0LD_1LB1RA	4	2	0	100000	128
0RB1LC_1RC0LD_1LA0RA_1LB0LD	5	2	0	100000	128
0RB1LC_1RC0LD_1LA0RA_1LB0LD	10	2	0	100000	128
0RB1LC_1RC0LD_1LA0RD_1RA0LA	2	2	0	100000	128
0RB1LC_1RC0LD_1LA0RD_1RA0LA	4	2	0	100000	128
0RB1LC_1RC0LD_1LA0RD_1RA1RC	2	2	0	100000	128
0RB1LC_1RC0LD_1LA0RD_1RA1RC	4	2	0	100000	128
0RB1LC_1RC1LB_0RD0RA_1LD0LB	2	2	0	100000	128
0RB1LC_1RC1LC_1LD0RC_0LB0LA	3	2	0	100000	128
0RB1LC_1RC1LC_1LD0RC_0LB0LA	6	2	0	100000	128
0RB1LC_1RC1RA_0LA0LD_1RA1LD	2	2	0	100000	128
0RB1LC_1RC1RA_0LA0LD_1RA1LD	4	2	0	100000	128
0RB1LC_1RC1RA_0RD0RC_1LD0LB	2	2	0	100000	128
0RB1LC_1RC1RA_1LA0LD_1LB1LA	2	2	0	100000	128
0RB1LC_1RC1RA_1LA0LD_1LB1LA	4	2	0	100000	128
0RB1LC_1RC1RA_1LA0LD_1LB1RA	2	2	0	100000	128
0RB1LC_1RC1RA_1LA0LD_1LB1RA	4	2	0	100000	128
0RB1LC_1RC1RA_1LD1RB_1LA0LD	7	2	0	100000	128
0RB1LC_1RC1RA_1LD1RB_1LA0LD	14	2	0	100000	128
0RB1LC_1RC1RB_1LA0RD_0LA0LA	2	2	0	100000	128
0RB1LC_1RC1RB_1LA0RD_0LA0LA	4	2	0	100000	128
0RB1LC_1RC1RB_1LA0RD_1LC0LA	2	2	0	100000	128
0RB1LC_1RC1RB_1LA0RD_1LC0LA	4	2	0	100000	128
0RB1LC_1RC1RB_1LA0RD_1LD0LA	2	2	0	100000	128
0RB1LC_1RC1RB_1LA0RD_1LD0LA	4	2	0	100000	128
0RB1LC_1RC1RB_1LA0RD_1RA0LA	2	2	0	100000	128
0RB1LC_1RC1RB_1LA0RD_1RA0LA	4	2	0	100000	128
0RB1LC_1RC1RB_1LA0RD_1RA1RC	2	2	0	100000	128
0RB1LC_1RC1RB_1LA0RD_1RA1RC	4	2	0	100000	128
0RB1LC_1RC1RB_1LA0RD_1RC0LA	2	2	0	100000	128
0RB1LC_1RC1RB_1LA0RD_1RC0LA	4	2	0	100000	128
0RB1LC_1RC1RB_1LA1RD_0RB0RC	2	2	0	100000	128
0RB1LC_1RC1RB_1LA1RD_0RB0RC	4	2	0	100000	128
0RB1LC_1RC1RD_1LA1LB_1RA0RB	2	2	0	100000	128
0RB1LC_1RC1RD_1LA1LB_1RA0RB	4	2	0	100000	128
0RB1LC_1RC1RD_1LA1LB_1RC0RB	2	2	0	100000	128
0RB1LC_1RC1RD_1LA1LB_1RC0RB	4	2	0	100000	128
0RB1LD_0LC1RB_1LA1RA_0LA0LD	2	2	0	100000	128
0RB1LD_0LC1RB_1LA1RA_0LA0LD	4	2	0	100000	128
0RB1LD_0LC1RB_1RB1RD_1LA0RC	2	2	0	100000	128
0RB1LD_0LC1RB_1RB1RD_1LA0RC	4	2	0	100000	128
0RB1LD_0LC1RB_1RD0RA_1LA0LD	5	2	0	100000	128
0RB1LD_0LC1RB_1RD0RA_1LA0LD	10	2	0	100000	128
0RB1LD_0LC1RD_1LA1LC_1RB0LA	2	2	0	100000	128
0RB1LD_0LC1RD_1LA1LC_1RB0LA	4	2	0	100000	128
0RB1LD_0LC1RD_1RD1LC_1RB0LA	2	2	0	100000	128
0RB1LD_0LC1RD_1RD1LC_1RB0LA	4	2	0	100000	128
0RB1LD_0RC1RB_1LB1RD_1LA0LB	2	2	0	100000	128
0RB1LD_0RC1RB_1LB1RD_1LA0LB	4	2	0	100000	128
0RB1LD_0RC1RB_1LD0RA_1LA0LD	3	2	0	100000	128
0RB1LD_0RC1RB_1LD0RA_1LA0LD	6	2	0	100000	128
0RB1LD_0RC1RB_1LD0RD_1LA0LD	2	2	0	100000	128
0RB1LD_0RC1RB_1LD0RD_1LA0LD	4	2	0	100000	128
0RB1LD_0RC1RB_1LD1LA_1LA0LD	3	2	0	100000	128
0RB1LD_0RC1RB_1LD1LA_1LA0LD	6	2	0	100000	128
0RB1LD_0RC1RB_1LD1RB_1LA0LD	3	2	0	100000	128
0RB1LD_0RC1RB_1LD1RB_1LA0LD	6	2	0	100000	128
0RB1LD_0RC1RB_1LD1RD_1LA0LB	2	2	0	100000	128
0RB1LD_0RC1RB_1LD1RD_1LA0LB	4	2	0	100000	128
0RB1LD_0RC1RB_1RD0LB_1LA0LB	2	2	0	100000	128
0RB1LD_0RC1RB_1RD0LB_1LA0LB	4	2	0	100000	128
0RB1LD_0RC1RB_1RD0LB_1LA0RC	2	2	0	100000	128
0RB1LD_0RC1RB_1RD0LB_1LA0RC	4	2	0	100000	128
0RB1LD_0RC1RB_1RD1RA_1LA0LB	2	2	0	100000	128
0RB1LD_0RC1RB_1RD1RA_1LA0LB	4	2	0	100000	128
0RB1LD_0RC1RB_1RD1RD_1LA0LB	2	2	0	100000	128
0RB1LD_0RC1RB_1RD1RD_1LA0LB	4	2	0	100000	128
0RB1LD_1LA0RC_1RB1LC_0LA0LD	2	2	0	100000	128
0RB1LD_1LA0RC_1RB1LC_0LA0LD	4	2	0	100000	128
0RB1LD_1LA0RC_1RB1RC_0LB1LA	2	2	0	100000	128
0RB1LD_1LA1RC_1RD0RB_1RB0LD	2	2	0	100000	128
0RB1LD_1LA1RC_1RD0RB_1RB0LD	4	2	0	100000	128
0RB1LD_1LC0LB_1RD1LA_1LA0RC	2	2	0	100000	128
0RB1LD_1LC0LB_1RD1LA_1LA0RC	4	2	0	100000	128
0RB1LD_1LC0LC_1RA1RD_1LA0RC	2	2	0	100000	128
0RB1LD_1LC0LC_1RA1RD_1LA0RC	4	2	0	100000	128
0RB1LD_1LC0RD_1RA1LB_0LC1LD	4	2	0	100000	128
0RB1LD_1LC0RD_1RA1LB_0LC1LD	8	2	0	100000	128
0RB1LD_1LC0RD_1RA1LB_0LC1LD	16	2	0	100000	128
0RB1LD_1LC1RA_0RD0LC_1LB1RB	3	2	0	100000	128
0RB1LD_1LC1RA_0RD0LC_1LB1RB	6	2	0	100000	128
0RB1LD_1LC1RA_1LA0RD_1RB0LC	2	2	0	100000	128
0RB1LD_1LC1RA_1LA0RD_1RB0LC	3	2	0	100000	128
0RB1LD_1LC1RA_1LA0RD_1RB0LC	4	2	0	100000	128
0RB1LD_1LC1RA_1LA0RD_1RB0LC	6	2	0	100000	128
0RB1LD_1LC1RA_1LA0RD_1RB0LC	12	2	0	100000	128
0RB1LD_1LC1RB_1RA1RD_1LA0RC	2	2	0	100000	128
0RB1LD_1LC1RB_1RA1RD_1LA0RC	4	2	0	100000	128
0RB1LD_1LC1RD_0LD1RA_1LA0LC	2	2	0	100000	128
0RB1LD_1LC1RD_0LD1RA_1LA0LC	4	2	0	100000	128
0RB1LD_1LC1RD_1LA0LB_1LA0RC	2	2	0	100000	128
0RB1LD_1LC1RD_1LA0LB_1LA0RC	4	2	0	100000	128
0RB1LD_1RC0LA_1LA1RA_1LB0LD	3	2	0	100000	128
0RB1LD_1RC0LA_1LA1RA_1LB0LD	6	2	0	100000	128
0RB1LD_1RC0LA_1LA1RA_1LB0LD	12	2	0	100000	128
0RB1LD_1RC0LA_1LA1RA_1RA0LD	3	2	0	100000	128
0RB1LD_1RC0LA_1LA1RA_1RA0LD	6	2	0	100000	128
0RB1LD_1RC0RC_1RD1RA_0LA0LC	2	2	0	100000	128
0RB1LD_1RC0RC_1RD1RA_0LA0LC	4	2	0	100000	128
0RB1LD_1RC0RC_1RD1RA_0LA0LC	6	2	0	100000	128
0RB1LD_1RC0RC_1RD1RA_0LA0LC	12	2	0	100000	128
0RB1LD_1RC0RD_0LA1RA_1RA0LD	2	2	0	100000	128
0RB1LD_1RC0RD_0LA1RA_1RA0LD	4	2	0	100000	128
0RB1LD_1RC0RD_1LA0RD_1RA0LD	5	2	0	100000	128
0RB1LD_1RC0RD_1LA0RD_1RA0LD	10	2	0	100000	128
0RB1LD_1RC1LB_1LA0RB_0LA0LD	2	2	0	100000	128
0RB1LD_1RC1LB_1LA0RB_0LA0LD	4	2	0	100000	128
0RB1LD_1RC1LB_1LA1RC_0LA0LB	2	2	0	100000	128
0RB1LD_1RC1LB_1LA1RC_1LC0LB	2	2	0	100000	128
0RB1LD_1RC1LB_1RD0RA_0LA0LB	2	2	0	100000	128
0RB1LD_1RC1LB_1RD0RA_0LA0LB	4	2	0	100000	128
0RB1LD_1RC1LB_1RD0RA_0LA0LB	6	2	0	100000	128
0RB1LD_1RC1LB_1RD0RA_0LA0LB	12	2	0	100000	128
0RB1LD_1RC1LB_1RD0RA_0LA0LB	24	2	0	100000	128
0RB1LD_1RC1LC_1LB0RD_0LA1LD	2	2	0	100000	128
0RB1LD_1RC1LC_1LB0RD_0LA1LD	4	2	0	100000	128
0RB1LD_1RC1LD_1LD0RB_0LA1LC	2	2	0	100000	128
0RB1LD_1RC1LD_1LD0RB_0LA1LC	4	2	0	100000	128
0RB1LD_1RC1RA_0LA1RA_1RA0LD	5	2	0	100000	128
0RB1LD_1RC1RA_0LA1RA_1RA0LD	10	2	0	100000	128
0RB1LD_1RC1RA_0LA1RB_0LA0LB	2	2	0	100000	128
0RB1LD_1RC1RA_0LA1RB_0LA0LB	4	2	0	100000	128
0RB1LD_1RC1RA_0LA1RB_0LA0RB	2	2	0	100000	128
0RB1LD_1RC1RA_0LA1RB_0LA0RB	4	2	0	100000	128
0RB1LD_1RC1RA_1LA0LC_1LC1RB	4	2	0	100000	128
0RB1LD_1RC1RA_1LA0LC_1LC1RB	8	2	0	100000	128
0RB1LD_1RC1RA_1LA0LC_1LC1RB	16	2	0	100000	128
0RB1LD_1RC1RA_1LA1RB_0LA0LD	2	2	0	100000	128
0RB1LD_1RC1RA_1LA1RB_0LA0LD	4	2	0	100000	128
0RB1LD_1RC1RA_1LA1RB_0LA0LD	6	2	0	100000	128
0RB1LD_1RC1RA_1LA1RB_0LA0LD	12	2	0	100000	128
0RB1LD_1RC1RA_1LB1RA_1LB0LD	2	2	0	100000	128
0RB1LD_1RC1RA_1LB1RA_1LB0LD	3	2	0	100000	128
0RB1LD_1RC1RA_1LB1RA_1LB0LD	4	2	0	100000	128
0RB1LD_1RC1RA_1LB1RA_1LB0LD	6	2	0	100000	128
0RB1LD_1RC1RA_1LB1RA_1LB0LD	12	2	0	100000	128
0RB1LD_1RC1RA_1LC1RA_1LB0LD	2	2	0	100000	128
0RB1LD_1RC1RA_1LC1RA_1LB0LD	3	2	0	100000	128
0RB1LD_1RC1RA_1LC1RA_1LB0LD	4	2	0	100000	128
0RB1LD_1RC1RA_1LC1RA_1LB0LD	6	2	0	100000	128
0RB1LD_1RC1RA_1LC1RA_1LB0LD	12	2	0	100000	128
0RB1LD_1RC1RA_1LD1RA_1LB0LD	2	2	0	100000	128
0RB1LD_1RC1RA_1LD1RA_1LB0LD	3	2	0	100000	128
0RB1LD_1RC1RA_1LD1RA_1LB0LD	4	2	0	100000	128
0RB1LD_1RC1RA_1LD1RA_1LB0LD	6	2	0	100000	128
0RB1LD_1RC1RA_1LD1RA_1LB0LD	12	2	0	100000	128
0RB1LD_1RC1RB_0LA0RB_1LA0LD	3	2	0	100000	128
0RB1LD_1RC1RB_0LA0RB_1LA0LD	6	2	0	100000	128
0RB1LD_1RC1RB_0LA0RB_1LA0LD	12	2	0	100000	128
0RB1LD_1RC1RB_0LA1RA_1LA0LA	21	2	0	100000	128
0RB1LD_1RC1RB_0LA1RA_1LA0LC	5	2	0	100000	128
0RB1LD_1RC1RB_0LA1RA_1LA0LC	10	2	0	100000	128
0RB1LD_1RC1RB_0LA1RD_1LA0RC	2	2	0	100000	128
0RB1LD_1RC1RB_0LA1RD_1LA0RC	4	2	0	100000	128
0RB1LD_1RC1RB_0RD0LD_1LB0LA	8	2	0	100000	128
0RB1LD_1RC1RB_0RD0LD_1LB0LA	16	2	0	100000	128
0RB1LD_1RC1RB_1LA0RA_0LA0LD	5	2	0	100000	128
0RB1LD_1RC1RB_1LA0RA_0LA0LD	10	2	0	100000	128
0RB1LD_1RC1RB_1LA0RB_0LA0LD	2	2	0	100000	128
0RB1LD_1RC1RB_1LA0RB_0LA0LD	4	2	0	100000	128
0RB1LD_1RC1RB_1LA0RB_1LA0LC	3	2	0	100000	128
0RB1LD_1RC1RB_1LA0RB_1LA0LC	6	2	0	100000	128
0RB1LD_1RC1RB_1LA1LC_0LA0LA	2	2	0	100000	128
0RB1LD_1RC1RB_1LA1LC_0LA0LA	4	2	0	100000	128
0RB1LD_1RC1RB_1LA1LC_0LC0LA	2	2	0	100000	128
0RB1LD_1RC1RB_1LA1LC_0LC0LA	4	2	0	100000	128
0RB1LD_1RC1RB_1LA1LC_0RC0LA	2	2	0	100000	128
0RB1LD_1RC1RB_1LA1LC_0RC0LA	4	2	0	100000	128
0RB1LD_1RC1RB_1LA1LC_0RD0LA	2	2	0	100000	128
0RB1LD_1RC1RB_1LA1LC_0RD0LA	4	2	0	100000	128
0RB1LD_1RC1RB_1LA1LC_1LA0LA	2	2	0	100000	128
0RB1LD_1RC1RB_1LA1LC_1LA0LA	4	2	0	100000	128
0RB1LD_1RC1RB_1LA1LC_1LB0LA	2	2	0	100000	128
0RB1LD_1RC1RB_1LA1LC_1LB0LA	4	2	0	100000	128
0RB1LD_1RC1RB_1LA1LC_1LC0LA	2	2	0	100000	128
0RB1LD_1RC1RB_1LA1LC_1LC0LA	4	2	0	100000	128
0RB1LD_1RC1RB_1LA1LC_1RA0LA	2	2	0	100000	128
0RB1LD_1RC1RB_1LA1LC_1RA0LA	4	2	0	100000	128
0RB1LD_1RC1RB_1LA1LC_1RB0LA	2	2	0	100000	128
0RB1LD_1RC1RB_1LA1LC_1RB0LA	4	2	0	100000	128
0RB1LD_1RC1RB_1LA1LC_1RC0LA	2	2	0	100000	128
0RB1LD_1RC1RB_1LA1LC_1RC0LA	4	2	0	100000	128
0RB1LD_1RC1RB_1LA1RA_1LA0LA	11	2	0	100000	128
0RB1LD_1RC1RB_1LA1RA_1LA0LA	22	2	0	100000	128
0RB1LD_1RC1RB_1LA1RA_1LC0LA	5	2	0	100000	128
0RB1LD_1RC1RB_1LA1RA_1LC0LA	10	2	0	100000	128
0RB1LD_1RC1RB_1LA1RA_1LC0LA	15	2	0	100000	128
0RB1LD_1RC1RB_1LD1LC_0RB0LA	2	2	0	100000	128
0RB1LD_1RC1RB_1LD1LC_0RB0LA	4	2	0	100000	128
0RB1LD_1RC1RB_1RD1RA_1LA0LA	6	2	0	100000	128
0RB1LD_1RC1RB_1RD1RA_1LA0LA	11	2	0	100000	128
0RB1LD_1RC1RB_1RD1RA_1LA0LA	12	2	0	100000	128
0RB1LD_1RC1RB_1RD1RA_1LA0LA	22	2	0	100000	128
0RB1LD_1RC1RC_1LA1RA_1RA0LD	3	2	0	100000	128
0RB1LD_1RC1RC_1LA1RA_1RA0LD	6	2	0	100000	128
0RB1LD_1RC1RD_1LD1RA_1LA0LC	2	2	0	100000	128
0RB1LD_1RC1RD_1LD1RA_1LA0LC	4	2	0	100000	128
0RB1RA_0LC0RC_1LD1RC_1RA0LC	2	2	0	100000	128
0RB1RA_0LC1LD_1LD0LA_0RA1LB	2	2	0	100000	128
0RB1RA_0LC1LD_1LD0LA_0RA1LB	3	2	0	100000	128
0RB1RA_0LC1LD_1LD0LA_0RA1LB	6	2	0	100000	128
0RB1RA_0LC1RA_1LD1RD_1RC0LA	2	2	0	100000	128
0RB1RA_0LC1RA_1LD1RD_1RC0LA	4	2	0	100000	128
0RB1RA_0LC1RA_1RB1LD_1LC0LB	5	2	0	100000	128
0RB1RA_0LC1RA_1RB1LD_1LC0LB	10	2	0	100000	128
0RB1RA_0LC1RC_1LD0LA_1LA1LD	2	2	0	100000	128
0RB1RA_0LC1RC_1LD0LA_1LA1LD	4	2	0	100000	128
0RB1RA_0LC1RC_1LD0RB_1LA1LD	2	2	0	100000	128
0RB1RA_0LC1RC_1LD0RB_1LA1LD	4	2	0	100000	128
0RB1RA_0LC1RD_1RB1LC_0LA0RA	2	2	0	100000	128
0RB1RA_0LC1RD_1RB1LC_0LC0RA	2	2	0	100000	128
0RB1RA_0LC1RD_1RB1LC_0RB0RA	2	2	0	100000	128
0RB1RA_0LC1RD_1RB1LC_1LC0RA	2	2	0	100000	128
0RB1RA_0LC1RD_1RB1LC_1RB0RA	2	2	0	100000	128
0RB1RA_1LA1RC_1LD0LA_0RA1LC	2	2	0	100000	128
0RB1RA_1LA1RC_1LD0LA_0RA1LC	4	2	0	100000	128
0RB1RA_1LA1RC_1LD0LA_1RA1LC	2	2	0	100000	128
0RB1RA_1LA1RC_1LD0LA_1RA1LC	4	2	0	100000	128
0RB1RA_1LA1RC_1LD0RB_1RA1LC	2	2	0	100000	128
0RB1RA_1LA1RC_1LD0RB_1RA1LC	4	2	0	100000	128
0RB1RA_1LC0RA_0LD1LB_1RD1LC	4	2	0	100000	128
0RB1RA_1LC0RA_0LD1LB_1RD1LC	8	2	0	100000	128
0RB1RA_1LC0RA_1LD0LA_1RB0LB	3	2	0	100000	128
0RB1RA_1LC0RA_1LD0LA_1RB0LB	6	2	0	100000	128
0RB1RA_1LC0RA_1LD0LB_1RB0LB	3	2	0	100000	128
0RB1RA_1LC0RA_1LD0LB_1RB0LB	6	2	0	100000	128
0RB1RA_1LC0RA_1LD0LB_1RB1LC	4	2	0	100000	128
0RB1RA_1LC0RA_1LD0LB_1RB1LC	8	2	0	100000	128
0RB1RA_1LC0RA_1LD1LB_1RB0LB	3	2	0	100000	128
0RB1RA_1LC0RA_1LD1LB_1RB0LB	6	2	0	100000	128
0RB1RA_1LC0RA_1LD1LB_1RB0LB	12	2	0	100000	128
0RB1RA_1LC0RA_1LD1LC_1RB0LB	3	2	0	100000	128
0RB1RA_1LC0RA_1LD1LC_1RB0LB	6	2	0	100000	128
0RB1RA_1LC0RC_1LD0LC_0RA0LC	5	2	0	100000	128
0RB1RA_1LC0RC_1LD0LC_0RA0LC	10	2	0	100000	128
0RB1RA_1LC0RC_1LD0LC_0RA1LC	2	2	0	100000	128
0RB1RA_1LC0RC_1LD0LC_0RA1LC	4	2	0	100000	128
0RB1RA_1LC0RC_1LD1RB_1LA1LD	2	2	0	100000	128
0RB1RA_1LC0RC_1LD1RB_1LA1LD	4	2	0	100000	128
0RB1RA_1LC0RC_1LD1RC_1RA0LC	2	2	0	100000	128
0RB1RA_1LC0RD_1LD0LC_0RA1LC	3	2	0	100000	128
0RB1RA_1LC0RD_1LD0LC_0RA1LC	6	2	0	100000	128
0RB1RA_1LC0RD_1LD1LB_1RA0LC	7	2	0	100000	128
0RB1RA_1LC0RD_1LD1LB_1RA0LC	14	2	0	100000	128
0RB1RA_1LC0RD_1LD1LB_1RA1RB	2	2	0	100000	128
0RB1RA_1LC0RD_1LD1LB_1RA1RB	4	2	0	100000	128
0RB1RA_1LC1LD_1LD0LC_0RA0LC	2	2	0	100000	128
0RB1RA_1LC1LD_1LD0LC_0RA0LC	4	2	0	100000	128
0RB1RA_1LC1LD_1LD0LC_0RA0LC	8	2	0	100000	128
0RB1RA_1LC1LD_1LD0LC_0RA1LC	3	2	0	100000	128
0RB1RA_1LC1LD_1LD0LC_0RA1LC	6	2	0	100000	128
0RB1RA_1LC1RA_0RD0LC_1LB1RB	3	2	0	100000	128
0RB1RA_1LC1RA_0RD0LC_1LB1RB	6	2	0	100000	128
0RB1RA_1LC1RA_1LD0LC_0RA0LC	2	2	0	100000	128
0RB1RA_1LC1RA_1LD0LC_0RA0LC	4	2	0	100000	128
0RB1RA_1LC1RA_1LD0LC_0RA0LC	8	2	0	100000	128
0RB1RA_1LC1RA_1LD0LC_0RA0LC	16	2	0	100000	128
0RB1RA_1LC1RA_1LD0LC_0RA1LC	3	2	0	100000	128
0RB1RA_1LC1RA_1LD0LC_0RA1LC	6	2	0	100000	128
0RB1RA_1LC1RA_1LD0LC_0RB0LC	2	2	0	100000	128
0RB1RA_1LC1RA_1LD0LC_0RB0LC	4	2	0	100000	128
0RB1RA_1LC1RA_1LD0LC_0RB0LC	8	2	0	100000	128
0RB1RA_1LC1RA_1LD0LC_0RB0LC	16	2	0	100000	128
0RB1RA_1LC1RB_0LD0LC_1RA1LD	2	2	0	100000	128
0RB1RA_1LC1RB_0LD0LC_1RA1LD	4	2	0	100000	128
0RB1RA_1LC1RB_1LD1LC_1RA0LA	2	2	0	100000	128
0RB1RA_1LC1RB_1RB1LD_0RA0LC	8	2	0	100000	128
0RB1RA_1LC1RB_1RB1LD_0RA0LC	16	2	0	100000	128
0RB1RA_1LC1RC_1LD0LA_0RA0LA	2	2	0	100000	128
0RB1RA_1LC1RC_1LD0LA_0RA0LA	4	2	0	100000	128
0RB1RA_1LC1RC_1LD0LA_0RA1LB	2	2	0	100000	128
0RB1RA_1LC1RC_1LD0LA_0RA1LB	4	2	0	100000	128
0RB1RA_1LC1RC_1LD0LA_0RA1LC	2	2	0	100000	128
0RB1RA_1LC1RC_1LD0LA_0RA1LC	4	2	0	100000	128
0RB1RA_1LC1RC_1LD0LA_1LA0RC	2	2	0	100000	128
0RB1RA_1LC1RC_1LD0LA_1LA0RC	4	2	0	100000	128
0RB1RA_1LC1RC_1LD0LA_1LA1LD	2	2	0	100000	128
0RB1RA_1LC1RC_1LD0LA_1LA1LD	4	2	0	100000	128
0RB1RA_1LC1RC_1LD0LA_1RA1LC	2	2	0	100000	128
0RB1RA_1LC1RC_1LD0LA_1RA1LC	4	2	0	100000	128
0RB1RA_1LC1RC_1LD0RB_0RA0LA	2	2	0	100000	128
0RB1RA_1LC1RC_1LD0RB_0RA0LA	4	2	0	100000	128
0RB1RA_1LC1RC_1LD0RB_1LA1LD	2	2	0	100000	128
0RB1RA_1LC1RC_1LD0RB_1LA1LD	4	2	0	100000	128
0RB1RA_1LC1RC_1LD0RB_1RA0LA	2	2	0	100000	128
0RB1RA_1LC1RC_1LD0RB_1RA0LA	4	2	0	100000	128
0RB1RA_1LC1RC_1LD1RD_0RA0LB	3	2	0	100000	128
0RB1RA_1LC1RC_1LD1RD_0RA0LB	6	2	0	100000	128
0RB1RA_1LC1RC_1RD0LA_1LA1LD	2	2	0	100000	128
0RB1RA_1LC1RC_1RD0LA_1LA1LD	4	2	0	100000	128
0RB1RA_1LC1RC_1RD0RB_1LA1LD	2	2	0	100000	128
0RB1RA_1LC1RC_1RD0RB_1LA1LD	4	2	0	100000	128
0RB1RA_1LC1RD_0LD0LC_1LA1LC	3	2	0	100000	128
0RB1RA_1LC1RD_0LD0LC_1LA1LC	6	2	0	100000	128
0RB1RA_1LC1RD_0LD0LC_1RA1LC	3	2	0	100000	128
0RB1RA_1LC1RD_0LD0LC_1RA1LC	6	2	0	100000	128
0RB1RA_1LC1RD_0LD1LA_1RB0RB	2	2	0	100000	128
0RB1RA_1LC1RD_0LD1LA_1RB0RB	4	2	0	100000	128
0RB1RA_1LC1RD_1LD0RA_0RC0LA	2	2	0	100000	128
0RB1RA_1LC1RD_1LD0RA_0RC0LA	4	2	0	100000	128
0RB1RA_1LC1RD_1LD0RA_1RC0LA	2	2	0	100000	128
0RB1RA_1LC1RD_1LD0RA_1RC0LA	4	2	0	100000	128
0RB1RA_1LC1RD_1LD1RA_0RC0LA	2	2	0	100000	128
0RB1RA_1LC1RD_1LD1RA_0RC0LA	4	2	0	100000	128
0RB1RA_1RC0LA_1LD0LA_0RA1LC	2	2	0	100000	128
0RB1RA_1RC0LA_1LD0LA_0RA1LC	4	2	0	100000	128
0RB1RA_1RC0LA_1LD0RB_0RA1LC	2	2	0	100000	128
0RB1RA_1RC0LA_1LD0RB_0RA1LC	4	2	0	100000	128
0RB1RA_1RC0LA_1LD0RB_1RA1LC	2	2	0	100000	128
0RB1RA_1RC0LA_1LD0RB_1RA1LC	4	2	0	100000	128
0RB1RA_1RC0LD_0LD0RD_1RA1LC	2	2	0	100000	128
0RB1RA_1RC0LD_0LD0RD_1RA1LC	4	2	0	100000	128
0RB1RA_1RC0LD_0LD0RD_1RA1LC	6	2	0	100000	128
0RB1RA_1RC0LD_0LD0RD_1RA1LC	12	2	0	100000	128
0RB1RA_1RC0LD_1LD0LA_1LB1LC	2	2	0	100000	128
0RB1RA_1RC0LD_1LD0LA_1LB1LC	4	2	0	100000	128
0RB1RA_1RC0RC_1LD0LA_1RA0LC	2	2	0	100000	128
0RB1RA_1RC0RC_1LD0LA_1RA0LC	4	2	0	100000	128
0RB1RA_1RC0RC_1LD1RC_1RA0LC	2	2	0	100000	128
0RB1RA_1RC0RD_0LD0LC_1RA1LC	4	2	0	100000	128
0RB1RA_1RC0RD_0LD0LC_1RA1LC	8	2	0	100000	128
0RB1RA_1RC1LB_1LD0LA_1LA0LC	2	2	0	100000	128
0RB1RA_1RC1LB_1LD0LA_1LA0LC	3	2	0	100000	128
0RB1RA_1RC1LB_1LD0LA_1LA0LC	4	2	0	100000	128
0RB1RA_1RC1LB_1LD0LA_1LA0LC	6	2	0	100000	128
0RB1RA_1RC1LB_1LD0LA_1LA0LC	12	2	0	100000	128
0RB1RA_1RC1LB_1LD0LA_1LB0LC	2	2	0	100000	128
0RB1RA_1RC1LB_1LD0LA_1LB0LC	3	2	0	100000	128
0RB1RA_1RC1LB_1LD0LA_1LB0LC	4	2	0	100000	128
0RB1RA_1RC1LB_1LD0LA_1LB0LC	6	2	0	100000	128
0RB1RA_1RC1LB_1LD0LA_1LB0LC	12	2	0	100000	128
0RB1RA_1RC1LB_1LD0LA_1RB0LC	2	2	0	100000	128
0RB1RA_1RC1LB_1LD0LA_1RB0LC	3	2	0	100000	128
0RB1RA_1RC1LB_1LD0LA_1RB0LC	4	2	0	100000	128
0RB1RA_1RC1LB_1LD0LA_1RB0LC	6	2	0	100000	128
0RB1RA_1RC1LB_1LD0LA_1RB0LC	12	2	0	100000	128
0RB1RA_1RC1LD_1LD0LA_1RA0LC	2	2	0	100000	128
0RB1RA_1RC1LD_1LD0LA_1RA0LC	4	2	0	100000	128
0RB1RA_1RC1RA_1LD0LA_1LA0LC	2	2	0	100000	128
0RB1RA_1RC1RA_1LD0LA_1LA0LC	3	2	0	100000	128
0RB1RA_1RC1RA_1LD0LA_1LA0LC	4	2	0	100000	128
0RB1RA_1RC1RA_1LD0LA_1LA0LC	6	2	0	100000	128
0RB1RA_1RC1RA_1LD0LA_1LA0LC	12	2	0	100000	128
0RB1RA_1RC1RA_1LD0LA_1RA0LC	3	2	0	100000	128
0RB1RA_1RC1RA_1LD0LA_1RA0LC	6	2	0	100000	128
0RB1RA_1RC1RA_1LD0LA_1RA0LC	12	2	0	100000	128
0RB1RA_1RC1RA_1LD0LA_1RB0LC	3	2	0	100000	128
0RB1RA_1RC1RA_1LD0LA_1RB0LC	6	2	0	100000	128
0RB1RA_1RC1RA_1LD0LA_1RB0LC	12	2	0	100000	128
0RB1RA_1RC1RA_1LD0LC_1LA1LC	3	2	0	100000	128
0RB1RA_1RC1RA_1LD0LC_1LA1LC	6	2	0	100000	128
0RB1RA_1RC1RA_1LD0LC_1RA1LC	3	2	0	100000	128
0RB1RA_1RC1RA_1LD0LC_1RA1LC	6	2	0	100000	128
0RB1RA_1RC1RA_1LD0LC_1RB1LC	3	2	0	100000	128
0RB1RA_1RC1RA_1LD0LC_1RB1LC	6	2	0	100000	128
0RB1RA_1RC1RA_1LD1RC_1LA0LC	3	2	0	100000	128
0RB1RA_1RC1RA_1LD1RC_1LA0LC	6	2	0	100000	128
0RB1RA_1RC1RA_1LD1RC_1LA0LC	12	2	0	100000	128
0RB1RA_1RC1RA_1LD1RC_1RA0LC	3	2	0	100000	128
0RB1RA_1RC1RA_1LD1RC_1RA0LC	6	2	0	100000	128
0RB1RA_1RC1RA_1LD1RC_1RA0LC	12	2	0	100000	128
0RB1RA_1RC1RA_1LD1RC_1RB0LC	3	2	0	100000	128
0RB1RA_1RC1RA_1LD1RC_1RB0LC	6	2	0	100000	128
0RB1RA_1RC1RA_1LD1RC_1RB0LC	12	2	0	100000	128
0RB1RA_1RC1RC_1LD0LA_0RA1LC	2	2	0	100000	128
0RB1RA_1RC1RC_1LD0LA_0RA1LC	4	2	0	100000	128
0RB1RA_1RC1RC_1LD0LA_1RA1LC	2	2	0	100000	128
0RB1RA_1RC1RC_1LD0LA_1RA1LC	4	2	0	100000	128
0RB1RA_1RC1RD_0LD0LC_1RA1LC	3	2	0	100000	128
0RB1RA_1RC1RD_0LD0LC_1RA1LC	6	2	0	100000	128
0RB1RA_1RC1RD_1LD0LA_0RA1LC	2	2	0	100000	128
0RB1RA_1RC1RD_1LD0LA_0RA1LC	4	2	0	100000	128
0RB1RA_1RC1RD_1LD0LA_1RB0LC	2	2	0	100000	128
0RB1RA_1RC1RD_1LD0LA_1RB0LC	4	2	0	100000	128
0RB1RB_0LC1RD_1LD0RD_1RA0LD	5	2	0	100000	128
0RB1RB_0LC1RD_1LD0RD_1RA0LD	10	2	0	100000	128
0RB1RB_0RC0RD_1LD1RA_1LB0LC	2	2	0	100000	128
0RB1RB_0RC0RD_1LD1RA_1LB0LC	4	2	0	100000	128
0RB1RB_0RC0RD_1LD1RA_1LB0LC	6	2	0	100000	128
0RB1RB_0RC0RD_1LD1RA_1LB0LC	12	2	0	100000	128
0RB1RB_1LC0RA_1LD0LA_1RB1RD	2	2	0	100000	128
0RB1RB_1LC0RA_1LD0LA_1RB1RD	4	2	0	100000	128
0RB1RB_1LC0RA_1RA1LD_0LA0LC	2	2	0	100000	128
0RB1RB_1LC0RA_1RA1LD_0LA0LC	4	2	0	100000	128
0RB1RB_1LC0RA_1RA1LD_0LA0LC	8	2	0	100000	128
0RB1RB_1LC0RA_1RA1LD_1LC0LC	2	2	0	100000	128
0RB1RB_1LC0RA_1RA1LD_1LC0LC	4	2	0	100000	128
0RB1RB_1LC0RA_1RD0LD_1LB1RC	11	2	0	100000	128
0RB1RB_1LC0RA_1RD0LD_1LB1RC	22	2	0	100000	128
0RB1RB_1LC0RD_0LD0LC_1RA0LA	12	2	0	100000	128
0RB1RB_1LC0RD_0LD0LC_1RA0LA	24	2	0	100000	128
0RB1RB_1LC0RD_0LD0LC_1RA1LC	12	2	0	100000	128
0RB1RB_1LC0RD_0LD0LC_1RA1LC	24	2	0	100000	128
0RB1RB_1LC0RD_1RA1LC_0LA1RD	2	2	0	100000	128
0RB1RB_1LC0RD_1RD1LD_1RA0LC	12	2	0	100000	128
0RB1RB_1LC0RD_1RD1LD_1RA0LC	24	2	0	100000	128
0RB1RB_1LC1RA_0LD0LA_1LA0RD	2	2	0	100000	128
0RB1RB_1LC1RA_0LD0LA_1LA0RD	3	2	0	100000	128
0RB1RB_1LC1RA_0LD0LA_1LA0RD	5	2	0	100000	128
0RB1RB_1LC1RA_0LD0LA_1LA0RD	6	2	0	100000	128
0RB1RB_1LC1RA_0LD0LA_1LA0RD	10	2	0	100000	128
0RB1RB_1LC1RA_0LD0LA_1RA0RD	2	2	0	100000	128
0RB1RB_1LC1RA_0LD0LA_1RA0RD	4	2	0	100000	128
0RB1RB_1LC1RA_1LD0LA_0RA0RB	2	2	0	100000	128
0RB1RB_1LC1RA_1LD0LA_0RD0RB	2	2	0	100000	128
0RB1RB_1LC1RA_1LD0LA_1RD0RB	2	2	0	100000	128
0RB1RB_1LC1RA_1LD0LA_1RD0RB	4	2	0	100000	128
0RB1RB_1LC1RA_1LD0LC_0RB0LC	2	2	0	100000	128
0RB1RB_1LC1RA_1LD0LC_0RB0LC	4	2	0	100000	128
0RB1RB_1LC1RA_1LD0LD_0RB0LC	2	2	0	100000	128
0RB1RB_1LC1RA_1LD0LD_0RB0LC	4	2	0	100000	128
0RB1RB_1LC1RA_1LD1LC_1LA0RB	2	2	0	100000	128
0RB1RB_1LC1RA_1LD1LC_1RA0RB	2	2	0	100000	128
0RB1RB_1LC1RA_1LD1LC_1RB0LB	2	2	0	100000	128
0RB1RB_1LC1RA_1LD1LC_1RB0RB	2	2	0	100000	128
0RB1RB_1LC1RA_1RA0LD_1LC1LD	2	2	0	100000	128
0RB1RB_1RC0LC_0LD0RA_1LB1LD	5	2	0	100000	128
0RB1RB_1RC0LC_0LD0RA_1LB1LD	10	2	0	100000	128
0RB1RB_1RC1LC_1LD1RA_1LB0LD	2	2	0	100000	128
0RB1RC_0LC1RB_1LD0RA_1LA1LC	2	2	0	100000	128
0RB1RC_0LC1RB_1LD0RA_1LA1LC	4	2	0	100000	128
0RB1RC_0RC0RB_1LD1RB_0LA0LC	2	2	0	100000	128
0RB1RC_0RC0RB_1LD1RB_0LA0LC	4	2	0	100000	128
0RB1RC_0RC0RB_1LD1RB_0LA0LC	6	2	0	100000	128
0RB1RC_0RC0RB_1LD1RB_0LA0LC	12	2	0	100000	128
0RB1RC_0RC0RD_1LD1RB_0LA0LC	2	2	0	100000	128
0RB1RC_0RC0RD_1LD1RB_0LA0LC	3	2	0	100000	128
0RB1RC_0RC0RD_1LD1RB_0LA0LC	4	2	0	100000	128
0RB1RC_0RC0RD_1LD1RB_0LA0LC	6	2	0	100000	128
0RB1RC_0RC0RD_1LD1RB_0LA0LC	12	2	0	100000	128
0RB1RC_1LC1RA_0RD0LC_1LB1RB	3	2	0	100000	128
0RB1RC_1LC1RA_0RD0LC_1LB1RB	6	2	0	100000	128
0RB1RC_1LC1RA_1LD0LB_1RA0LD	14	2	0	100000	128
0RB1RC_1LC1RA_1LD0RB_1RA0LD	14	2	0	100000	128
0RB1RC_1LC1RA_1LD0RB_1RB0LC	2	2	0	100000	128
0RB1RC_1LC1RA_1LD0RB_1RB0LC	3	2	0	100000	128
0RB1RC_1LC1RA_1LD0RB_1RB0LC	6	2	0	100000	128
0RB1RC_1LC1RB_0LD0LA_1RD0RB	2	2	0	100000	128
0RB1RC_1RC0LD_0LB1RA_1LB1LD	2	2	0	100000	128
0RB1RC_1RC0RD_0LD1RA_0LA1LD	2	2	0	100000	128
0RB1RC_1RC0RD_0LD1RA_0LA1LD	3	2	0	100000	128
0RB1RC_1RC0RD_0LD1RA_0LA1LD	6	2	0	100000	128
0RB1RC_1RC0RD_1LD0LD_1RA1LC	10	2	0	100000	128
0RB1RC_1RC0RD_1LD0LD_1RA1LC	20	2	0	100000	128
0RB1RC_1RC1RB_0LD0RA_1LB1LD	2	2	0	100000	128
0RB1RC_1RC1RB_0LD0RA_1LB1LD	4	2	0	100000	128
0RB1RC_1RC1RB_1LD0RA_1LA1LC	2	2	0	100000	128
0RB1RC_1RC1RB_1LD0RA_1LA1LC	4	2	0	100000	128
0RB1RD_0LC1RA_1LD1RA_1RA0LC	2	2	0	100000	128
0RB1RD_0LC1RA_1LD1RA_1RA0LC	4	2	0	100000	128
0RB1RD_0LC1RB_1LD1RA_1RA0LC	2	2	0	100000	128
0RB1RD_0LC1RB_1LD1RA_1RA0LC	4	2	0	100000	128
0RB1RD_0LC1RB_1RB1LD_1LC0RA	2	2	0	100000	128
0RB1RD_0LC1RB_1RB1LD_1LC0RA	4	2	0	100000	128
0RB1RD_0RC0LB_1LD1RC_1LB0RA	2	2	0	100000	128
0RB1RD_0RC0LB_1LD1RC_1LB0RA	4	2	0	100000	128
0RB1RD_1LC0LC_1RA1LB_0LC0RA	2	2	0	100000	128
0RB1RD_1LC0LC_1RA1LB_0LC0RA	4	2	0	100000	128
0RB1RD_1LC0LC_1RA1LB_0LC0RA	6	2	0	100000	128
0RB1RD_1LC0LC_1RA1LB_0LC0RA	12	2	0	100000	128
0RB1RD_1LC0LC_1RA1LB_1LB0RA	2	2	0	100000	128
0RB1RD_1LC0LC_1RA1LB_1LB0RA	4	2	0	100000	128
0RB1RD_1LC0LC_1RA1LB_1LC0RA	2	2	0	100000	128
0RB1RD_1LC0LC_1RA1LB_1LC0RA	4	2	0	100000	128
0RB1RD_1LC0LC_1RA1LB_1RB0RA	2	2	0	100000	128
0RB1RD_1LC0LC_1RA1LB_1RB0RA	4	2	0	100000	128
0RB1RD_1LC0LD_1LD0RA_1RC0LB	2	2	0	100000	128
0RB1RD_1LC0LD_1LD0RA_1RC0LB	4	2	0	100000	128
0RB1RD_1LC0LD_1LD0RA_1RC0LB	6	2	0	100000	128
0RB1RD_1LC0LD_1LD0RA_1RC0LB	12	2	0	100000	128
0RB1RD_1LC0RA_1LD1LC_1RB0LC	3	2	0	100000	128
0RB1RD_1LC0RA_1LD1LC_1RB0LC	6	2	0	100000	128
0RB1RD_1LC0RA_1RA1LD_1LC0LC	2	2	0	100000	128
0RB1RD_1LC0RA_1RA1LD_1LC0LC	4	2	0	100000	128
0RB1RD_1LC0RD_0LD1LC_1RA0LC	10	2	0	100000	128
0RB1RD_1LC0RD_0LD1LC_1RA0LC	20	2	0	100000	128
0RB1RD_1LC1LB_1RA0LB_1LC0RA	6	2	0	100000	128
0RB1RD_1LC1LB_1RA0LB_1LC0RA	12	2	0	100000	128
0RB1RD_1LC1LB_1RA0LB_1LC0RA	14	2	0	100000	128
0RB1RD_1LC1LB_1RA0LB_1LC0RA	20	2	0	100000	128
0RB1RD_1LC1LB_1RA1RC_1LB0RA	2	2	0	100000	128
0RB1RD_1LC1LB_1RA1RC_1LB0RA	4	2	0	100000	128
0RB1RD_1LC1LB_1RC0RD_1LB1RA	2	2	0	100000	128
0RB1RD_1LC1RA_1LA0LB_1RA0RC	2	2	0	100000	128
0RB1RD_1LC1RA_1LA0LB_1RA0RC	4	2	0	100000	128
0RB1RD_1LC1RA_1LA0LC_1RA1LC	2	2	0	100000	128
0RB1RD_1LC1RA_1LA0LC_1RA1LC	4	2	0	100000	128
0RB1RD_1LC1RA_1LA0LC_1RB1LC	2	2	0	100000	128
0RB1RD_1LC1RA_1LA0LC_1RB1LC	4	2	0	100000	128
0RB1RD_1LC1RA_1LD0LC_0RB0LC	2	2	0	100000	128
0RB1RD_1LC1RA_1LD0LC_0RB0LC	4	2	0	100000	128
0RB1RD_1LC1RA_1LD0LC_1RB0LB	2	2	0	100000	128
0RB1RD_1LC1RA_1LD0LC_1RB0LB	4	2	0	100000	128
0RB1RD_1LC1RA_1LD0LC_1RB0LB	5	2	0	100000	128
0RB1RD_1LC1RA_1LD0LC_1RB0LB	10	2	0	100000	128
0RB1RD_1LC1RA_1LD0LC_1RB0LB	20	2	0	100000	128
0RB1RD_1LC1RD_0LD0LC_1RA1LC	3	2	0	100000	128
0RB1RD_1LC1RD_0LD0LC_1RA1LC	6	2	0	100000	128
0RB1RD_1LC1RD_1LA0LC_1RA1LC	3	2	0	100000	128
0RB1RD_1LC1RD_1LA0LC_1RA1LC	6	2	0	100000	128
0RB1RD_1LC1RD_1LA0LC_1RA1LC	12	2	0	100000	128
0RB1RD_1RC0LA_1LD0RB_1RB1LC	2	2	0	100000	128
0RB1RD_1RC0LA_1LD0RB_1RB1LC	4	2	0	100000	128
0RB1RD_1RC0LC_1LD0LB_0RA1LB	2	2	0	100000	128
0RB1RD_1RC0LC_1LD0LB_0RA1LB	4	2	0	100000	128
0RB1RD_1RC0LC_1LD0LB_0RA1LB	6	2	0	100000	128
0RB1RD_1RC0LC_1LD0LB_0RA1LB	12	2	0	100000	128
0RB1RD_1RC0RC_1LD0LA_1RA0LC	3	2	0	100000	128
0RB1RD_1RC0RC_1LD0LA_1RA0LC	6	2	0	100000	128
0RB1RD_1RC0RC_1LD0LA_1RA0LC	12	2	0	100000	128
0RB1RD_1RC1RA_1LD0LA_1RA0LC	2	2	0	100000	128
0RB1RD_1RC1RA_1LD0LA_1RA0LC	4	2	0	100000	128
0RB1RD_1RC1RD_0LD0LC_1RA1LC	3	2	0	100000	128
0RB1RD_1RC1RD_0LD0LC_1RA1LC	6	2	0	100000	128
1RB0LA_0RC1RD_1LC1LA_0RB1RB	5	2	0	100000	128
1RB0LA_0RC1RD_1LC1LA_0RB1RB	10	2	0	100000	128
1RB0LA_0RC1RD_1LD1RB_1LA0LC	14	2	0	100000	128
1RB0LA_0RC1RD_1LD1RB_1LA0RC	14	2	0	100000	128
1RB0LA_1LC0RA_1RD0LD_1LB0RB	2	2	0	100000	128
1RB0LA_1LC0RA_1RD0LD_1LB0RB	3	2	0	100000	128
1RB0LA_1LC0RA_1RD0LD_1LB0RB	4	2	0	100000	128
1RB0LA_1LC0RA_1RD0LD_1LB0RB	6	2	0	100000	128
1RB0LA_1LC0RA_1RD0LD_1LB0RB	12	2	0	100000	128
1RB0LA_1LC0RC_1RD1LA_1RA0LC	5	2	0	100000	128
1RB0LA_1LC0RC_1RD1LA_1RA0LC	10	2	0	100000	128
1RB0LA_1LC0RC_1RD1LA_1RA0LC	15	2	0	100000	128
1RB0LA_1LC0RC_1RD1LA_1RA1LC	5	2	0	100000	128
1RB0LA_1LC0RC_1RD1LA_1RA1LC	10	2	0	100000	128
1RB0LA_1LC0RC_1RD1LA_1RA1LC	15	2	0	100000	128
1RB0LA_1LC0RC_1RD1LA_1RA1LD	5	2	0	100000	128
1RB0LA_1LC0RC_1RD1LA_1RA1LD	10	2	0	100000	128
1RB0LA_1LC0RC_1RD1LA_1RA1LD	15	2	0	100000	128
1RB0LA_1LC0RD_1LA0LC_1RB0RC	2	2	0	100000	128
1RB0LA_1LC0RD_1LA0LC_1RB0RC	4	2	0	100000	128
1RB0LA_1LC0RD_1LA0LC_1RB0RC	8	2	0	100000	128
1RB0LA_1RC0RA_0LD0RD_1RA1LA	16	2	0	100000	128
1RB0LA_1RC0RA_1LD0LB_1LA0LD	2	2	0	100000	128
1RB0LA_1RC0RA_1LD0LB_1LA0LD	4	2	0	100000	128
1RB0LA_1RC0RA_1LD0LB_1LA0LD	6	2	0	100000	128
1RB0LA_1RC0RA_1LD0LB_1LA0LD	12	2	0	100000	128
1RB0LA_1RC0RA_1LD0RA_1LB0LD	2	2	0	100000	128
1RB0LA_1RC0RA_1LD0RA_1LB0LD	3	2	0	100000	128
1RB0LA_1RC0RA_1LD0RA_1LB0LD	4	2	0	100000	128
1RB0LA_1RC0RA_1LD0RA_1LB0LD	6	2	0	100000	128
1RB0LA_1RC0RA_1LD0RA_1LB0LD	12	2	0	100000	128
1RB0LA_1RC0RB_0RD1LD_1LB1LA	2	2	0	100000	128
1RB0LB_0LC0RC_1RA1LD_1RA0LA	3	2	0	100000	128
1RB0LB_0LC0RC_1RA1LD_1RA0LA	6	2	0	100000	128
1RB0LB_0LC0RC_1RA1LD_1RA0LA	12	2	0	100000	128
1RB0LB_0LC0RD_0RA1LB_1RA0LA	3	2	0	100000	128
1RB0LB_0LC0RD_0RA1LB_1RA0LA	6	2	0	100000	128
1RB0LB_0LC0RD_0RA1LB_1RA0LB	3	2	0	100000	128
1RB0LB_0LC0RD_0RA1LB_1RA0LB	6	2	0	100000	128
1RB0LB_0LC0RD_0RA1LB_1RC1RC	2	2	0	100000	128
1RB0LB_0LC0RD_0RA1LB_1RC1RC	4	2	0	100000	128
1RB0LB_0LC0RD_1LA1LB_1RC0RC	5	2	0	100000	128
1RB0LB_0LC0RD_1LA1LB_1RC0RC	10	2	0	100000	128
1RB0LB_0LC0RD_1LA1LC_0RA1RA	5	2	0	100000	128
1RB0LB_0LC0RD_1LA1LC_0RA1RA	10	2	0	100000	128
1RB0LB_0LC0RD_1LD1LD_1RA0LA	3	2	0	100000	128
1RB0LB_0LC0RD_1LD1LD_1RA0LA	6	2	0	100000	128
1RB0LB_0LC0RD_1LD1LD_1RA0LA	12	2	0	100000	128
1RB0LB_0LC0RD_1RA1LD_1RA0LA	3	2	0	100000	128
1RB0LB_0LC0RD_1RA1LD_1RA0LA	6	2	0	100000	128
1RB0LB_0LC0RD_1RA1LD_1RA0LA	12	2	0	100000	128
1RB0LB_0LC1RC_0RD1LD_1RA0LB	3	2	0	100000	128
1RB0LB_0LC1RC_0RD1LD_1RA0LB	6	2	0	100000	128
1RB0LB_0LC1RC_0RD1LD_1RA0LB	12	2	0	100000	128
1RB0LB_0RC1LD_1LD1RA_0LA0RC	2	2	0	100000	128
1RB0LB_0RC1LD_1LD1RA_0LA0RC	3	2	0	100000	128
1RB0LB_0RC1LD_1LD1RA_0LA0RC	4	2	0	100000	128
1RB0LB_0RC1LD_1LD1RA_0LA0RC	6	2	0	100000	128
1RB0LB_0RC1LD_1LD1RA_0LA0RC	12	2	0	100000	128
1RB0LB_0RC1RC_1LD0RA_0LA0LD	2	2	0	100000	128
1RB0LB_0RC1RC_1LD0RA_0LA0LD	12	2	0	100000	128
1RB0LB_0RC1RC_1LD0RA_0LA0LD	24	2	0	100000	128
1RB0LB_1LC0LA_0RD1LA_0RA1RC	2	2	0	100000	128
1RB0LB_1LC0LA_0RD1LA_0RA1RC	4	2	0	100000	128
1RB0LB_1LC0LA_0RD1LA_0RA1RC	6	2	0	100000	128
1RB0LB_1LC0LA_0RD1LA_0RA1RC	12	2	0	100000	128
1RB0LB_1LC0LD_1LA1RD_1RC0RD	3	2	0	100000	128
1RB0LB_1LC0LD_1LA1RD_1RC0RD	6	2	0	100000	128
1RB0LB_1LC0RA_0LD0LC_1LA0RB	2	2	0	100000	128
1RB0LB_1LC0RA_0LD0LC_1LA0RB	4	2	0	100000	128
1RB0LB_1LC0RC_1LA0RD_1RC0LD	2	2	0	100000	128
1RB0LB_1LC0RC_1LA0RD_1RC0LD	3	2	0	100000	128
1RB0LB_1LC0RC_1LA0RD_1RC0LD	4	2	0	100000	128
1RB0LB_1LC0RC_1LA0RD_1RC0LD	6	2	0	100000	128
1RB0LB_1LC0RC_1LA0RD_1RC0LD	12	2	0	100000	128
1RB0LB_1LC0RD_1LA0LC_1LC0RA	3	2	0	100000	128
1RB0LB_1LC0RD_1LA0LC_1LC0RA	6	2	0	100000	128
1RB0LB_1LC0RD_1LA1RA_1LC0RC	3	2	0	100000	128
1RB0LB_1LC0RD_1LA1RA_1LC0RC	6	2	0	100000	128
1RB0LB_1LC0RD_1LA1RA_1LC0RC	12	2	0	100000	128
1RB0LB_1LC0RD_1LD0LD_1LA1RD	14	2	0	100000	128
1RB0LB_1LC1RD_1LA0LC_0RB1RA	2	2	0	100000	128
1RB0LB_1LC1RD_1LA0LC_0RB1RA	4	2	0	100000	128
1RB0LB_1LC1RD_1LA0LC_0RB1RA	8	2	0	100000	128
1RB0LB_1LC1RD_1LD0RB_1LA0RD	5	2	0	100000	128
1RB0LB_1LC1RD_1LD0RB_1LA0RD	10	2	0	100000	128
1RB0LB_1LC1RD_1LD0RB_1LA0RD	15	2	0	100000	128
1RB0LB_1LC1RD_1LD1RB_1LA0RD	5	2	0	100000	128
1RB0LB_1LC1RD_1LD1RB_1LA0RD	10	2	0	100000	128
1RB0LB_1LC1RD_1LD1RB_1LA0RD	15	2	0	100000	128
1RB0LB_1LC1RD_1LD1RC_1LA0RD	3	2	0	100000	128
1RB0LB_1LC1RD_1LD1RC_1LA0RD	5	2	0	100000	128
1RB0LB_1LC1RD_1LD1RC_1LA0RD	6	2	0	100000	128
1RB0LB_1LC1RD_1LD1RC_1LA0RD	10	2	0	100000	128
1RB0LB_1RC0LA_1RD0LA_1LA0RB	2	2	0	100000	128
1RB0LB_1RC0LA_1RD1RA_1LA0RB	2	2	0	100000	128
1RB0LB_1RC0LA_1RD1RA_1LA0RB	4	2	0	100000	128
1RB0LB_1RC0LC_0LD0RA_0RB1LC	3	2	0	100000	128
1RB0LB_1RC0LC_0LD0RA_0RB1LC	6	2	0	100000	128
1RB0LB_1RC0LC_0LD0RA_1LA1LA	3	2	0	100000	128
1RB0LB_1RC0LC_0LD0RA_1LA1LA	6	2	0	100000	128
1RB0LB_1RC0LC_0LD0RA_1LA1LA	12	2	0	100000	128
1RB0LB_1RC0LC_0LD0RA_1RB1LA	3	2	0	100000	128
1RB0LB_1RC0LC_0LD0RA_1RB1LA	6	2	0	100000	128
1RB0LB_1RC0LC_0LD0RA_1RB1LA	12	2	0	100000	128
1RB0LB_1RC0LC_0LD0RA_1RC1LA	3	2	0	100000	128
1RB0LB_1RC0LC_0LD0RA_1RC1LA	6	2	0	100000	128
1RB0LB_1RC0LC_0LD0RA_1RC1LA	12	2	0	100000	128
1RB0LB_1RC0LC_0LD0RD_1RB1LA	3	2	0	100000	128
1RB0LB_1RC0LC_0LD0RD_1RB1LA	6	2	0	100000	128
1RB0LB_1RC0LC_0LD0RD_1RB1LA	12	2	0	100000	128
1RB0LB_1RC0LD_1LA0RA_1LB0RD	2	2	0	100000	128
1RB0LB_1RC0LD_1LA0RA_1LB0RD	3	2	0	100000	128
1RB0LB_1RC0LD_1LA0RA_1LB0RD	4	2	0	100000	128
1RB0LB_1RC0LD_1LA0RA_1LB0RD	6	2	0	100000	128
1RB0LB_1RC0LD_1LA0RA_1LB0RD	12	2	0	100000	128
1RB0LB_1RC0RA_1LD0RA_1LB0LD	2	2	0	100000	128
1RB0LB_1RC0RA_1LD0RA_1LB0LD	3	2	0	100000	128
1RB0LB_1RC0RA_1LD0RA_1LB0LD	4	2	0	100000	128
1RB0LB_1RC0RA_1LD0RA_1LB0LD	6	2	0	100000	128
1RB0LB_1RC0RA_1LD0RA_1LB0LD	12	2	0	100000	128
1RB0LB_1RC1LB_1LA0RD_0LA1RC	2	2	0	100000	128
1RB0LB_1RC1LB_1LA0RD_0LA1RC	4	2	0	100000	128
1RB0LB_1RC1LC_1LD0RD_1RB0LA	3	2	0	100000	128
1RB0LB_1RC1LC_1LD0RD_1RB0LA	6	2	0	100000	128
1RB0LB_1RC1LC_1LD0RD_1RB0LA	12	2	0	100000	128
1RB0LB_1RC1LD_1LA0RD_1RC1RA	5	2	0	100000	128
1RB0LB_1RC1LD_1LA0RD_1RC1RA	10	2	0	100000	128
1RB0LC_0LC0RC_1RD1LB_0RA0RB	2	2	0	100000	128
1RB0LC_0LC0RC_1RD1LB_0RA0RB	4	2	0	100000	128
1RB0LC_0LC0RC_1RD1LB_0RA0RB	6	2	0	100000	128
1RB0LC_0LC0RC_1RD1LB_0RA0RB	12	2	0	100000	128
1RB0LC_0LC0RC_1RD1LB_0RA1RD	2	2	0	100000	128
1RB0LC_0LC0RC_1RD1LB_0RA1RD	4	2	0	100000	128
1RB0LC_0LC0RC_1RD1LB_0RA1RD	6	2	0	100000	128
1RB0LC_0LC0RC_1RD1LB_0RA1RD	12	2	0	100000	128
1RB0LC_0RC0LA_1RD1RC_1LB0RC	2	2	0	100000	128
1RB0LC_0RC0LA_1RD1RC_1LB0RC	4	2	0	100000	128
1RB0LC_0RC0LA_1RD1RC_1LB0RC	5	2	0	100000	128
1RB0LC_0RC0LA_1RD1RC_1LB0RC	10	2	0	100000	128
1RB0LC_0RC0RA_0LD0RA_1LA1LC	2	2	0	100000	128
1RB0LC_0RC0RA_0LD0RA_1LA1LC	3	2	0	100000	128
1RB0LC_0RC0RA_0LD0RA_1LA1LC	4	2	0	100000	128
1RB0LC_0RC0RA_0LD0RA_1LA1LC	6	2	0	100000	128
1RB0LC_0RC0RA_0LD0RA_1LA1LC	12	2	0	100000	128
1RB0LC_0RC0RB_1LD0RD_0LA1LA	12	2	0	100000	128
1RB0LC_0RC0RB_1LD0RD_0LA1LA	24	2	0	100000	128
1RB0LC_0RC0RB_1LD1RB_0LA1LA	12	2	0	100000	128
1RB0LC_0RC0RB_1LD1RB_0LA1LA	24	2	0	100000	128
1RB0LC_0RC1RB_1LD0RB_0LA1LC	10	2	0	100000	128
1RB0LC_0RC1RB_1LD0RB_0LA1LC	20	2	0	100000	128
1RB0LC_0RC1RD_0RD1LD_1LA0RA	3	2	0	100000	128
1RB0LC_0RC1RD_0RD1LD_1LA0RA	6	2	0	100000	128
1RB0LC_0RC1RD_1LA1LC_1LA0RA	3	2	0	100000	128
1RB0LC_0RC1RD_1LA1LC_1LA0RA	6	2	0	100000	128
1RB0LC_0RC1RD_1LA1LC_1LA0RB	6	2	0	100000	128
1RB0LC_0RC1RD_1LA1LC_1LA0RB	12	2	0	100000	128
1RB0LC_0RC1RD_1LA1LC_1LA0RB	14	2	0	100000	128
1RB0LC_0RC1RD_1LA1LC_1LA0RB	20	2	0	100000	128
1RB0LC_0RC1RD_1LA1LD_1LA0RA	3	2	0	100000	128
1RB0LC_0RC1RD_1LA1LD_1LA0RA	6	2	0	100000	128
1RB0LC_1LA0RD_0LD0LB_1RA0LA	3	2	0	100000	128
1RB0LC_1LA0RD_0LD0LB_1RA0LA	6	2	0	100000	128
1RB0LC_1LA0RD_0LD0LB_1RA0RD	3	2	0	100000	128
1RB0LC_1LA0RD_0LD0LB_1RA0RD	6	2	0	100000	128
1RB0LC_1LA0RD_0LD0LB_1RA1LA	3	2	0	100000	128
1RB0LC_1LA0RD_0LD0LB_1RA1LA	6	2	0	100000	128
1RB0LC_1LA0RD_0LD0LB_1RA1RD	3	2	0	100000	128
1RB0LC_1LA0RD_0LD0LB_1RA1RD	6	2	0	100000	128
1RB0LC_1LA0RD_0LD1LB_1RA0RB	2	2	0	100000	128
1RB0LC_1LA0RD_0LD1LB_1RA0RB	4	2	0	100000	128
1RB0LC_1LA0RD_0LD1LB_1RA0RB	6	2	0	100000	128
1RB0LC_1LA0RD_0LD1LB_1RA0RB	12	2	0	100000	128
1RB0LC_1LA0RD_0RB0LB_1RA0RD	3	2	0	100000	128
1RB0LC_1LA0RD_0RB0LB_1RA0RD	6	2	0	100000	128
1RB0LC_1LA0RD_0RB0LB_1RA1LC	3	2	0	100000	128
1RB0LC_1LA0RD_0RB0LB_1RA1LC	6	2	0	100000	128
1RB0LC_1LA0RD_0RB0LB_1RA1RD	3	2	0	100000	128
1RB0LC_1LA0RD_0RB0LB_1RA1RD	6	2	0	100000	128
1RB0LC_1LA0RD_1LA1LB_1RC1RD	3	2	0	100000	128
1RB0LC_1LA0RD_1LA1LB_1RC1RD	6	2	0	100000	128
1RB0LC_1LA0RD_1LB0LA_0RC1RA	2	2	0	100000	128
1RB0LC_1LA0RD_1LB0LA_0RC1RA	4	2	0	100000	128
1RB0LC_1LA0RD_1LB0LA_0RC1RA	6	2	0	100000	128
1RB0LC_1LA0RD_1LB0LA_0RC1RA	12	2	0	100000	128
1RB0LC_1LA0RD_1LB0LB_1RA0RC	3	2	0	100000	128
1RB0LC_1LA0RD_1LB0LB_1RA0RC	6	2	0	100000	128
1RB0LC_1LA0RD_1LB1LC_0RC0RA	3	2	0	100000	128
1RB0LC_1LA0RD_1LB1LC_0RC0RA	6	2	0	100000	128
1RB0LC_1LA0RD_1LD1LC_1RB1RA	3	2	0	100000	128
1RB0LC_1LA0RD_1LD1LC_1RB1RA	6	2	0	100000	128
1RB0LC_1LA0RD_1LD1LC_1RB1RA	12	2	0	100000	128
1RB0LC_1LA1RD_0RB1LA_1RA1RC	2	2	0	100000	128
1RB0LC_1LA1RD_0RB1LA_1RA1RC	4	2	0	100000	128
1RB0LC_1LA1RD_1LA1LC_0RA0RB	12	2	0	100000	128
1RB0LC_1LA1RD_1LA1LC_0RA0RB	24	2	0	100000	128
1RB0LC_1LA1RD_1LA1LC_1RA0RB	12	2	0	100000	128
1RB0LC_1LA1RD_1LA1LC_1RA0RB	24	2	0	100000	128
1RB0LC_1LA1RD_1LB0LD_1RB0RD	3	2	0	100000	128
1RB0LC_1LA1RD_1LB0LD_1RB0RD	6	2	0	100000	128
1RB0LC_1LC0RA_1RA1LD_0RD1LA	2	2	0	100000	128
1RB0LC_1LC0RA_1RA1LD_0RD1LA	3	2	0	100000	128
1RB0LC_1LC0RA_1RA1LD_0RD1LA	6	2	0	100000	128
1RB0LC_1LC0RA_1RA1LD_1RB1LA	2	2	0	100000	128
1RB0LC_1LC0RA_1RA1LD_1RB1LA	3	2	0	100000	128
1RB0LC_1LC0RA_1RA1LD_1RB1LA	6	2	0	100000	128
1RB0LC_1LC0RA_1RD1LD_1RB1LA	2	2	0	100000	128
1RB0LC_1LC0RA_1RD1LD_1RB1LA	3	2	0	100000	128
1RB0LC_1LC0RA_1RD1LD_1RB1LA	6	2	0	100000	128
1RB0LC_1LC0RD_0LD1LA_1RB1RD	6	2	0	100000	128
1RB0LC_1LC0RD_0LD1LA_1RB1RD	12	2	0	100000	128
1RB0LC_1LC0RD_0LD1LA_1RB1RD	14	2	0	100000	128
1RB0LC_1LC0RD_0LD1LA_1RB1RD	20	2	0	100000	128
1RB0LC_1LC0RD_1LA1LB_1LA1RC	5	2	0	100000	128
1RB0LC_1LC0RD_1LA1LB_1LA1RC	10	2	0	100000	128
1RB0LC_1LC0RD_1LA1LB_1LA1RC	14	2	0	100000	128
1RB0LC_1LC0RD_1LA1LC_0RA0LC	6	2	0	100000	128
1RB0LC_1LC0RD_1LA1LC_0RA0LC	12	2	0	100000	128
1RB0LC_1LC0RD_1LA1LC_0RA0LC	20	2	0	100000	128
1RB0LC_1LC0RD_1LA1LC_0RA1LD	20	2	0	100000	128
1RB0LC_1LC0RD_1LA1LC_1RB0RC	2	2	0	100000	128
1RB0LC_1LC0RD_1LA1LC_1RB0RC	4	2	0	100000	128
1RB0LC_1LC0RD_1LA1LC_1RB0RC	6	2	0	100000	128
1RB0LC_1LC0RD_1LA1LC_1RB0RC	12	2	0	100000	128
1RB0LC_1LC0RD_1LA1LC_1RB1RA	2	2	0	100000	128
1RB0LC_1LC0RD_1LA1LC_1RB1RA	3	2	0	100000	128
1RB0LC_1LC0RD_1LA1LC_1RB1RA	4	2	0	100000	128
1RB0LC_1LC0RD_1LA1LC_1RB1RA	6	2	0	100000	128
1RB0LC_1LC0RD_1LA1LC_1RB1RA	12	2	0	100000	128
1RB0LC_1LC0RD_1LA1RC_1RB1LA	3	2	0	100000	128
1RB0LC_1LC0RD_1LA1RC_1RB1LA	6	2	0	100000	128
1RB0LC_1LC0RD_1LA1RC_1RB1LA	12	2	0	100000	128
1RB0LC_1LC0RD_1LA1RC_1RB1LD	3	2	0	100000	128
1RB0LC_1LC0RD_1LA1RC_1RB1LD	6	2	0	100000	128
1RB0LC_1LC0RD_1LA1RC_1RB1LD	12	2	0	100000	128
1RB0LC_1LC0RD_1LD1LA_1RA1LC	2	2	0	100000	128
1RB0LC_1LC0RD_1LD1LA_1RA1LC	4	2	0	100000	128
1RB0LC_1LC0RD_1LD1LA_1RA1LC	8	2	0	100000	128
1RB0LC_1LC0RD_1RD1LC_0RA1LA	2	2	0	100000	128
1RB0LC_1LC0RD_1RD1LC_0RA1LA	9	2	0	100000	128
1RB0LC_1LC0RD_1RD1LC_0RA1LA	18	2	0	100000	128
1RB0LC_1LC1LB_0RD0LD_1LA1RC	2	2	0	100000	128
1RB0LC_1LC1LB_0RD0LD_1LA1RC	4	2	0	100000	128
1RB0LC_1LC1LB_0RD0LD_1LA1RC	6	2	0	100000	128
1RB0LC_1LC1LB_0RD0LD_1LA1RC	12	2	0	100000	128
1RB0LC_1LC1RB_0LD1RD_1LA0RB	2	2	0	100000	128
1RB0LC_1LC1RB_0LD1RD_1LA0RB	9	2	0	100000	128
1RB0LC_1LC1RB_0LD1RD_1LA0RB	18	2	0	100000	128
1RB0LC_1LC1RC_0RA1LD_1LA0LD	3	2	0	100000	128
1RB0LC_1LC1RC_0RA1LD_1LA0LD	6	2	0	100000	128
1RB0LC_1LC1RC_0RA1LD_1LA0LD	12	2	0	100000	128
1RB0LC_1LC1RC_1LD0RB_0LA1LA	12	2	0	100000	128
1RB0LC_1LC1RC_1LD0RB_0LA1LA	24	2	0	100000	128
1RB0LC_1LC1RD_0LA1LD_1RB0RB	2	2	0	100000	128
1RB0LC_1LC1RD_0LA1LD_1RB0RB	4	2	0	100000	128
1RB0LC_1LC1RD_1LA0LD_1RC0RA	3	2	0	100000	128
1RB0LC_1LC1RD_1LA0LD_1RC0RA	6	2	0	100000	128
1RB0LC_1LC1RD_1LA0LD_1RC0RA	12	2	0	100000	128
1RB0LC_1LC1RD_1LA0RB_0LD1RC	2	2	0	100000	128
1RB0LC_1LC1RD_1LA0RB_0LD1RC	3	2	0	100000	128
1RB0LC_1LC1RD_1LA0RB_0LD1RC	6	2	0	100000	128
1RB0LC_1LC1RD_1LA0RB_1LA1RC	2	2	0	100000	128
1RB0LC_1LC1RD_1LA0RB_1LA1RC	3	2	0	100000	128
1RB0LC_1LC1RD_1LA0RB_1LA1RC	6	2	0	100000	128
1RB0LC_1LC1RD_1LD0RA_0RB1LA	2	2	0	100000	128
1RB0LC_1LC1RD_1LD0RA_0RB1LA	3	2	0	100000	128
1RB0LC_1LC1RD_1LD0RA_0RB1LA	4	2	0	100000	128
1RB0LC_1LC1RD_1LD0RA_0RB1LA	6	2	0	100000	128
1RB0LC_1LC1RD_1LD0RA_0RB1LA	12	2	0	100000	128
1RB0LC_1RC0LA_1RD0RB_1LB1LD	2	2	0	100000	128
1RB0LC_1RC0LC_0LD0RA_0RB1LC	3	2	0	100000	128
1RB0LC_1RC0LC_0LD0RA_0RB1LC	6	2	0	100000	128
1RB0LC_1RC0LC_0LD1RD_0RA1LA	3	2	0	100000	128
1RB0LC_1RC0LC_0LD1RD_0RA1LA	6	2	0	100000	128
1RB0LC_1RC0LC_0LD1RD_0RA1LA	12	2	0	100000	128
1RB0LC_1RC0RA_0LD0RA_0LB1LA	3	2	0	100000	128
1RB0LC_1RC0RA_0LD0RA_0LB1LA	6	2	0	100000	128
1RB0LC_1RC0RA_0LD0RD_1LA0RC	3	2	0	100000	128
1RB0LC_1RC0RA_0LD0RD_1LA0RC	6	2	0	100000	128
1RB0LC_1RC0RA_0LD0RD_1LA0RC	12	2	0	100000	128
1RB0LC_1RC0RA_0LD1RD_0LB1LA	3	2	0	100000	128
1RB0LC_1RC0RA_0LD1RD_0LB1LA	6	2	0	100000	128
1RB0LC_1RC0RA_0LD1RD_0RA1LA	3	2	0	100000	128
1RB0LC_1RC0RA_0LD1RD_0RA1LA	6	2	0	100000	128
1RB0LC_1RC0RA_0LD1RD_0RA1LA	12	2	0	100000	128
1RB0LC_1RC0RA_1LD0RB_1LA0LD	2	2	0	100000	128
1RB0LC_1RC0RA_1LD0RB_1LA0LD	4	2	0	100000	128
1RB0LC_1RC0RA_1LD0RB_1LA0LD	14	2	0	100000	128
1RB0LC_1RC0RB_1LD0RB_1LA0LD	2	2	0	100000	128
1RB0LC_1RC0RB_1LD0RB_1LA0LD	3	2	0	100000	128
1RB0LC_1RC0RB_1LD0RB_1LA0LD	4	2	0	100000	128
1RB0LC_1RC0RB_1LD0RB_1LA0LD	6	2	0	100000	128
1RB0LC_1RC0RB_1LD0RB_1LA0LD	12	2	0	100000	128
1RB0LC_1RC0RB_1LD0RD_1RB0LA	3	2	0	100000	128
1RB0LC_1RC0RB_1LD0RD_1RB0LA	6	2	0	100000	128
1RB0LC_1RC0RB_1LD1LC_1LA0LC	2	2	0	100000	128
1RB0LC_1RC0RB_1LD1LC_1LA0LC	4	2	0	100000	128
1RB0LC_1RC0RC_0LD1RD_0RA1LA	3	2	0	100000	128
1RB0LC_1RC0RC_0LD1RD_0RA1LA	6	2	0	100000	128
1RB0LC_1RC0RC_0LD1RD_0RA1LA	12	2	0	100000	128
1RB0LC_1RC0RC_1RD1LC_1LA0RA	14	2	0	100000	128
1RB0LC_1RC0RD_1LA1LC_0RA0LC	10	2	0	100000	128
1RB0LC_1RC0RD_1LA1LC_0RA0LC	20	2	0	100000	128
1RB0LC_1RC0RD_1LA1LC_0RA1LD	10	2	0	100000	128
1RB0LC_1RC0RD_1LA1LC_0RA1LD	20	2	0	100000	128
1RB0LC_1RC0RD_1LA1LC_1RB1RA	2	2	0	100000	128
1RB0LC_1RC0RD_1LA1LC_1RB1RA	3	2	0	100000	128
1RB0LC_1RC0RD_1LA1LC_1RB1RA	4	2	0	100000	128
1RB0LC_1RC0RD_1LA1LC_1RB1RA	6	2	0	100000	128
1RB0LC_1RC0RD_1LA1LC_1RB1RA	12	2	0	100000	128
1RB0LC_1RC0RD_1LA1LC_1RB1RD	2	2	0	100000	128
1RB0LC_1RC0RD_1LA1LC_1RB1RD	3	2	0	100000	128
1RB0LC_1RC0RD_1LA1LC_1RB1RD	4	2	0	100000	128
1RB0LC_1RC0RD_1LA1LC_1RB1RD	6	2	0	100000	128
1RB0LC_1RC0RD_1LA1LC_1RB1RD	12	2	0	100000	128
1RB0LC_1RC0RD_1LA1RC_1RB1LA	3	2	0	100000	128
1RB0LC_1RC0RD_1LA1RC_1RB1LA	6	2	0	100000	128
1RB0LC_1RC0RD_1LA1RC_1RB1LA	12	2	0	100000	128
1RB0LC_1RC0RD_1LA1RC_1RB1LD	3	2	0	100000	128
1RB0LC_1RC0RD_1LA1RC_1RB1LD	6	2	0	100000	128
1RB0LC_1RC0RD_1LA1RC_1RB1LD	12	2	0	100000	128
1RB0LC_1RC0RD_1LD1LA_1RA1LC	2	2	0	100000	128
1RB0LC_1RC0RD_1LD1LA_1RA1LC	4	2	0	100000	128
1RB0LC_1RC0RD_1LD1LA_1RA1LC	8	2	0	100000	128
1RB0LC_1RC1LB_0LD0RB_1LA1RD	3	2	0	100000	128
1RB0LC_1RC1LB_0LD0RB_1LA1RD	6	2	0	100000	128
1RB0LC_1RC1LB_0LD0RB_1LA1RD	12	2	0	100000	128
1RB0LC_1RC1LB_1LA0LD_0RB1RD	2	2	0	100000	128
1RB0LC_1RC1LB_1LA0LD_0RB1RD	3	2	0	100000	128
1RB0LC_1RC1LB_1LA0LD_0RB1RD	4	2	0	100000	128
1RB0LC_1RC1LB_1LA0LD_0RB1RD	6	2	0	100000	128
1RB0LC_1RC1LB_1LA0LD_0RB1RD	12	2	0	100000	128
1RB0LC_1RC1RB_0LD0RB_1LA1RD	2	2	0	100000	128
1RB0LC_1RC1RB_0LD0RB_1LA1RD	4	2	0	100000	128
1RB0LC_1RC1RB_0LD0RB_1LA1RD	5	2	0	100000	128
1RB0LC_1RC1RB_0LD0RB_1LA1RD	10	2	0	100000	128
1RB0LC_1RC1RB_0LD0RB_1LA1RD	20	2	0	100000	128
1RB0LC_1RC1RB_1LA0LD_0LB0RA	2	2	0	100000	128
1RB0LC_1RC1RB_1LA0LD_0LB0RA	4	2	0	100000	128
1RB0LC_1RC1RB_1LA0LD_0LB0RA	5	2	0	100000	128
1RB0LC_1RC1RB_1LA0LD_0LB0RA	10	2	0	100000	128
1RB0LC_1RC1RB_1LA0LD_0LB0RA	20	2	0	100000	128
1RB0LC_1RC1RB_1LA0LD_1RD0RB	14	2	0	100000	128
1RB0LC_1RC1RD_1LA0LD_0RB1RD	2	2	0	100000	128
1RB0LC_1RC1RD_1LA0LD_0RB1RD	3	2	0	100000	128
1RB0LC_1RC1RD_1LA0LD_0RB1RD	4	2	0	100000	128
1RB0LC_1RC1RD_1LA0LD_0RB1RD	6	2	0	100000	128
1RB0LC_1RC1RD_1LA0LD_0RB1RD	12	2	0	100000	128
1RB0LC_1RC1RD_1LA1LC_0RB0RA	2	2	0	100000	128
1RB0LC_1RC1RD_1LA1LC_0RB0RA	3	2	0	100000	128
1RB0LC_1RC1RD_1LA1LC_0RB0RA	4	2	0	100000	128
1RB0LC_1RC1RD_1LA1LC_0RB0RA	6	2	0	100000	128
1RB0LC_1RC1RD_1LA1LC_0RB0RA	12	2	0	100000	128
1RB0LC_1RC1RD_1LA1RC_0RB1RD	2	2	0	100000	128
1RB0LC_1RC1RD_1LA1RC_0RB1RD	3	2	0	100000	128
1RB0LC_1RC1RD_1LA1RC_0RB1RD	4	2	0	100000	128
1RB0LC_1RC1RD_1LA1RC_0RB1RD	6	2	0	100000	128
1RB0LC_1RC1RD_1LA1RC_0RB1RD	12	2	0	100000	128
1RB0LC_1RC1RD_1LD1RB_1LA0RB	2	2	0	100000	128
1RB0LC_1RC1RD_1LD1RB_1LA0RB	4	2	0	100000	128
1RB0LC_1RC1RD_1LD1RB_1LA0RB	8	2	0	100000	128
1RB0LD_0LC0LA_1RD0RC_1LB1RC	8	2	0	100000	128
1RB0LD_0LC0LA_1RD0RC_1LB1RC	16	2	0	100000	128
1RB0LD_0LC0LA_1RD0RC_1LB1RC	24	2	0	100000	128
1RB0LD_0LC1RD_1RA1LB_1LC0RA	2	2	0	100000	128
1RB0LD_0LC1RD_1RA1LB_1LC0RA	3	2	0	100000	128
1RB0LD_0LC1RD_1RA1LB_1LC0RA	4	2	0	100000	128
1RB0LD_0LC1RD_1RA1LB_1LC0RA	6	2	0	100000	128
1RB0LD_0LC1RD_1RA1LB_1LC0RA	12	2	0	100000	128
1RB0LD_0RC0RB_1RD0LA_1LA0RA	2	2	0	100000	128
1RB0LD_0RC0RB_1RD0LA_1LA0RA	4	2	0	100000	128
1RB0LD_0RC0RD_1LC0LD_1RB1LA	4	2	0	100000	128
1RB0LD_0RC0RD_1LC0LD_1RB1LA	8	2	0	100000	128
1RB0LD_0RC0RD_1LC0LD_1RB1LA	16	2	0	100000	128
1RB0LD_0RC1RB_1RD1RB_1LA0LB	2	2	0	100000	128
1RB0LD_0RC1RB_1RD1RB_1LA0LB	3	2	0	100000	128
1RB0LD_0RC1RB_1RD1RB_1LA0LB	4	2	0	100000	128
1RB0LD_0RC1RB_1RD1RB_1LA0LB	6	2	0	100000	128
1RB0LD_0RC1RB_1RD1RB_1LA0LB	12	2	0	100000	128
1RB0LD_0RC1RB_1RD1RB_1LA1RD	2	2	0	100000	128
1RB0LD_0RC1RB_1RD1RB_1LA1RD	3	2	0	100000	128
1RB0LD_0RC1RB_1RD1RB_1LA1RD	4	2	0	100000	128
1RB0LD_0RC1RB_1RD1RB_1LA1RD	6	2	0	100000	128
1RB0LD_0RC1RB_1RD1RB_1LA1RD	12	2	0	100000	128
1RB0LD_0RC1RC_1LA0RA_0LB1LC	3	2	0	100000	128
1RB0LD_0RC1RC_1LA0RA_0LB1LC	6	2	0	100000	128
1RB0LD_0RC1RC_1LA0RA_1LA1LC	3	2	0	100000	128
1RB0LD_0RC1RC_1LA0RA_1LA1LC	6	2	0	100000	128
1RB0LD_0RC1RC_1LD0RA_1RA1LA	5	2	0	100000	128
1RB0LD_0RC1RC_1LD0RA_1RA1LA	10	2	0	100000	128
1RB0LD_0RC1RC_1LD0RA_1RA1LA	12	2	0	100000	128
1RB0LD_0RC1RC_1LD0RA_1RA1LA	24	2	0	100000	128
1RB0LD_1LC0RB_0LD1LA_1RA1LC	14	2	0	100000	128
1RB0LD_1LC0RC_0RA1LB_1LA0LD	5	2	0	100000	128
1RB0LD_1LC0RC_0RA1LB_1LA0LD	10	2	0	100000	128
1RB0LD_1LC0RC_1LA1RD_1LA1LB	14	2	0	100000	128
1RB0LD_1LC0RC_1RA1LB_0LA1LA	11	2	0	100000	128
1RB0LD_1LC0RC_1RA1LB_0LA1LA	22	2	0	100000	128
1RB0LD_1LC0RD_1LA0LB_0LA0RB	3	2	0	100000	128
1RB0LD_1LC0RD_1LA0LB_0LA0RB	6	2	0	100000	128
1RB0LD_1LC0RD_1LA1RD_1LB1RC	2	2	0	100000	128
1RB0LD_1LC0RD_1LD0LB_0RA0LA	3	2	0	100000	128
1RB0LD_1LC0RD_1LD0LB_0RA0LA	6	2	0	100000	128
1RB0LD_1LC0RD_1LD0LB_0RA0LA	12	2	0	100000	128
1RB0LD_1LC1RA_0LA1RD_0RB1RD	4	2	0	100000	128
1RB0LD_1LC1RA_0LA1RD_0RB1RD	8	2	0	100000	128
1RB0LD_1LC1RA_0LA1RD_0RB1RD	16	2	0	100000	128
1RB0LD_1LC1RC_1LA1RD_1LA0RB	2	2	0	100000	128
1RB0LD_1LC1RC_1LA1RD_1LA0RB	3	2	0	100000	128
1RB0LD_1LC1RC_1LA1RD_1LA0RB	6	2	0	100000	128
1RB0LD_1RC0LB_1LD0RD_1RA1LB	5	2	0	100000	128
1RB0LD_1RC0LB_1LD0RD_1RA1LB	10	2	0	100000	128
1RB0LD_1RC0LB_1LD0RD_1RA1LB	15	2	0	100000	128
1RB0LD_1RC0RA_1LA0LB_1RA1LC	3	2	0	100000	128
1RB0LD_1RC0RA_1LA0LB_1RA1LC	6	2	0	100000	128
1RB0LD_1RC0RA_1LA0LB_1RA1LC	12	2	0	100000	128
1RB0LD_1RC0RA_1LA1LC_0RC0LB	2	2	0	100000	128
1RB0LD_1RC0RA_1LA1LC_0RC0LB	4	2	0	100000	128
1RB0LD_1RC0RA_1LA1LC_0RC0LB	5	2	0	100000	128
1RB0LD_1RC0RA_1LA1LC_0RC0LB	10	2	0	100000	128
1RB0LD_1RC0RA_1LA1LC_0RC0LB	20	2	0	100000	128
1RB0LD_1RC0RA_1LA1LC_1RA0LB	2	2	0	100000	128
1RB0LD_1RC0RA_1LA1RB_0RC0LC	2	2	0	100000	128
1RB0LD_1RC0RA_1LA1RB_0RC0LC	3	2	0	100000	128
1RB0LD_1RC0RA_1LA1RB_0RC0LC	5	2	0	100000	128
1RB0LD_1RC0RA_1LA1RB_0RC0LC	6	2	0	100000	128
1RB0LD_1RC0RA_1LA1RB_0RC0LC	10	2	0	100000	128
1RB0LD_1RC0RB_1LA0LD_1LC0RC	2	2	0	100000	128
1RB0LD_1RC0RB_1LA0LD_1LC0RC	3	2	0	100000	128
1RB0LD_1RC0RB_1LA0LD_1LC0RC	4	2	0	100000	128
1RB0LD_1RC0RB_1LA0LD_1LC0RC	6	2	0	100000	128
1RB0LD_1RC0RB_1LA0LD_1LC0RC	12	2	0	100000	128
1RB0LD_1RC0RB_1LA0LD_1LC0RD	2	2	0	100000	128
1RB0LD_1RC0RB_1LA0LD_1LC0RD	3	2	0	100000	128
1RB0LD_1RC0RB_1LA0LD_1LC0RD	4	2	0	100000	128
1RB0LD_1RC0RB_1LA0LD_1LC0RD	6	2	0	100000	128
1RB0LD_1RC0RB_1LA0LD_1LC0RD	12	2	0	100000	128
1RB0LD_1RC0RB_1LA0RA_1LA0LC	2	2	0	100000	128
1RB0LD_1RC0RB_1LA0RA_1LA0LC	3	2	0	100000	128
1RB0LD_1RC0RB_1LA0RA_1LA0LC	4	2	0	100000	128
1RB0LD_1RC0RB_1LA0RA_1LA0LC	6	2	0	100000	128
1RB0LD_1RC0RB_1LA0RA_1LA0LC	12	2	0	100000	128
1RB0LD_1RC0RB_1LA0RA_1LA0LD	2	2	0	100000	128
1RB0LD_1RC0RB_1LA0RA_1LA0LD	3	2	0	100000	128
1RB0LD_1RC0RB_1LA0RA_1LA0LD	4	2	0	100000	128
1RB0LD_1RC0RB_1LA0RA_1LA0LD	6	2	0	100000	128
1RB0LD_1RC0RB_1LA0RA_1LA0LD	12	2	0	100000	128
1RB0LD_1RC0RB_1LA0RA_1RB0LC	3	2	0	100000	128
1RB0LD_1RC0RB_1LA0RA_1RB0LC	6	2	0	100000	128
1RB0LD_1RC0RB_1LA1RB_1LC0LB	3	2	0	100000	128
1RB0LD_1RC0RB_1LA1RB_1LC0LB	6	2	0	100000	128
1RB0LD_1RC0RB_1LD0RA_1LA0LC	2	2	0	100000	128
1RB0LD_1RC0RB_1LD0RA_1LA0LC	4	2	0	100000	128
1RB0LD_1RC0RB_1LD0RA_1LA0LC	14	2	0	100000	128
1RB0LD_1RC0RB_1LD0RA_1LA0LD	2	2	0	100000	128
1RB0LD_1RC0RB_1LD0RA_1LA0LD	3	2	0	100000	128
1RB0LD_1RC0RB_1LD0RA_1LA0LD	4	2	0	100000	128
1RB0LD_1RC0RB_1LD0RA_1LA0LD	6	2	0	100000	128
1RB0LD_1RC0RB_1LD0RA_1LA0LD	12	2	0	100000	128
1RB0LD_1RC1LB_1LA0RB_1LA1RC	2	2	0	100000	128
1RB0LD_1RC1LB_1LA0RB_1LA1RC	3	2	0	100000	128
1RB0LD_1RC1LB_1LA0RB_1LA1RC	4	2	0	100000	128
1RB0LD_1RC1LB_1LA0RB_1LA1RC	6	2	0	100000	128
1RB0LD_1RC1LB_1LA0RB_1LA1RC	12	2	0	100000	128
1RB0LD_1RC1LB_1LA0RB_1LA1RD	2	2	0	100000	128
1RB0LD_1RC1LB_1LA0RB_1LA1RD	3	2	0	100000	128
1RB0LD_1RC1LB_1LA0RB_1LA1RD	4	2	0	100000	128
1RB0LD_1RC1LB_1LA0RB_1LA1RD	6	2	0	100000	128
1RB0LD_1RC1LB_1LA0RB_1LA1RD	12	2	0	100000	128
1RB0LD_1RC1LC_1LA0RA_1RB0LB	3	2	0	100000	128
1RB0LD_1RC1LC_1LA0RA_1RB0LB	6	2	0	100000	128
1RB0LD_1RC1LC_1LA0RA_1RB0LB	12	2	0	100000	128
1RB0LD_1RC1LD_1LA0RD_1RA1LB	2	2	0	100000	128
1RB0LD_1RC1LD_1LA0RD_1RA1LB	3	2	0	100000	128
1RB0LD_1RC1LD_1LA0RD_1RA1LB	6	2	0	100000	128
1RB0LD_1RC1RA_1LA0RB_1RC1LB	14	2	0	100000	128
1RB0LD_1RC1RB_1LA0RB_0LC0RB	6	2	0	100000	128
1RB0LD_1RC1RB_1LA0RB_0LC0RB	12	2	0	100000	128
1RB0LD_1RC1RB_1LA0RB_0LC0RB	20	2	0	100000	128
1RB0LD_1RC1RB_1LA0RB_0LC1LC	11	2	0	100000	128
1RB0LD_1RC1RB_1LA0RB_0LC1LC	22	2	0	100000	128
1RB0LD_1RC1RB_1LA0RB_0LC1RD	20	2	0	100000	128
1RB0LD_1RC1RB_1LA0RB_0RC0LB	5	2	0	100000	128
1RB0LD_1RC1RB_1LA0RB_0RC0LB	10	2	0	100000	128
1RB0LD_1RC1RB_1LA0RB_1LA0LB	2	2	0	100000	128
1RB0LD_1RC1RB_1LA0RB_1LA0LB	4	2	0	100000	128
1RB0LD_1RC1RB_1LA0RB_1LA0LB	6	2	0	100000	128
1RB0LD_1RC1RB_1LA0RB_1LA0LB	12	2	0	100000	128
1RB0LD_1RC1RB_1LA0RB_1LA1LC	2	2	0	100000	128
1RB0LD_1RC1RB_1LA0RB_1LA1LC	4	2	0	100000	128
1RB0LD_1RC1RB_1LA0RB_1LA1LC	6	2	0	100000	128
1RB0LD_1RC1RB_1LA0RB_1LA1LC	12	2	0	100000	128
1RB0LD_1RC1RB_1LD0RD_1RC1LA	2	2	0	100000	128
1RB0LD_1RC1RB_1LD0RD_1RC1LA	4	2	0	100000	128
1RB0LD_1RC1RB_1LD0RD_1RC1LA	6	2	0	100000	128
1RB0LD_1RC1RB_1LD0RD_1RC1LA	12	2	0	100000	128
1RB0LD_1RC1RB_1RD0RC_1LA1LD	2	2	0	100000	128
1RB0LD_1RC1RD_1LA0RA_0RC0LC	3	2	0	100000	128
1RB0LD_1RC1RD_1LA0RA_0RC0LC	6	2	0	100000	128
1RB0LD_1RC1RD_1LD0RA_1LA0LC	11	2	0	100000	128
1RB0LD_1RC1RD_1LD0RA_1LA0LC	22	2	0	100000	128
1RB0RA_0LC0RA_1RA1LD_0LC1LB	2	2	0	100000	128
1RB0RA_0LC0RA_1RA1LD_0LC1LB	4	2	0	100000	128
1RB0RA_0LC0RA_1RA1LD_0RD1LB	2	2	0	100000	128
1RB0RA_0LC0RA_1RA1LD_0RD1LB	4	2	0	100000	128
1RB0RA_0LC0RA_1RA1LD_0RD1LB	8	2	0	100000	128
1RB0RA_0LC0RA_1RA1LD_1LB1LD	3	2	0	100000	128
1RB0RA_0LC0RA_1RA1LD_1LB1LD	6	2	0	100000	128
1RB0RA_0LC0RC_1LD1LB_1RA1LB	2	2	0	100000	128
1RB0RA_0LC0RC_1LD1LB_1RA1LB	4	2	0	100000	128
1RB0RA_0LC0RC_1LD1LB_1RA1LB	8	2	0	100000	128
1RB0RA_0LC0RC_1LD1LB_1RA1LB	16	2	0	100000	128
1RB0RA_0LC0RC_1RD1LB_1RA0RB	2	2	0	100000	128
1RB0RA_0LC0RC_1RD1LB_1RA0RB	4	2	0	100000	128
1RB0RA_0LC0RC_1RD1LB_1RA0RB	6	2	0	100000	128
1RB0RA_0LC0RC_1RD1LB_1RA0RB	12	2	0	100000	128
1RB0RA_0LC0RC_1RD1LB_1RA1RD	2	2	0	100000	128
1RB0RA_0LC0RC_1RD1LB_1RA1RD	4	2	0	100000	128
1RB0RA_0LC0RC_1RD1LB_1RA1RD	6	2	0	100000	128
1RB0RA_0LC0RC_1RD1LB_1RA1RD	12	2	0	100000	128
1RB0RA_0LC0RD_1LD1LB_1RA0LB	2	2	0	100000	128
1RB0RA_0LC0RD_1LD1LB_1RA0LB	4	2	0	100000	128
1RB0RA_0LC0RD_1LD1LB_1RA0LB	10	2	0	100000	128
1RB0RA_0LC0RD_1LD1LB_1RA0LB	20	2	0	100000	128
1RB0RA_1LC0LD_1RA0LD_1LB0RB	2	2	0	100000	128
1RB0RA_1LC0LD_1RA0LD_1LB0RB	4	2	0	100000	128
1RB0RA_1LC0LD_1RA0LD_1LB0RB	6	2	0	100000	128
1RB0RA_1LC0LD_1RA0LD_1LB0RB	12	2	0	100000	128
1RB0RA_1LC0LD_1RA0LD_1LB0RD	2	2	0	100000	128
1RB0RA_1LC0LD_1RA0LD_1LB0RD	3	2	0	100000	128
1RB0RA_1LC0LD_1RA0LD_1LB0RD	4	2	0	100000	128
1RB0RA_1LC0LD_1RA0LD_1LB0RD	6	2	0	100000	128
1RB0RA_1LC0LD_1RA0LD_1LB0RD	12	2	0	100000	128
1RB0RA_1LC0RC_1RA0LD_1LC0LB	2	2	0	100000	128
1RB0RA_1LC0RC_1RA0LD_1LC0LB	3	2	0	100000	128
1RB0RA_1LC0RC_1RA0LD_1LC0LB	4	2	0	100000	128
1RB0RA_1LC0RC_1RA0LD_1LC0LB	6	2	0	100000	128
1RB0RA_1LC0RC_1RA0LD_1LC0LB	12	2	0	100000	128
1RB0RA_1LC0RC_1RA0LD_1LC0LD	2	2	0	100000	128
1RB0RA_1LC0RC_1RA0LD_1LC0LD	3	2	0	100000	128
1RB0RA_1LC0RC_1RA0LD_1LC0LD	4	2	0	100000	128
1RB0RA_1LC0RC_1RA0LD_1LC0LD	6	2	0	100000	128
1RB0RA_1LC0RC_1RA0LD_1LC0LD	12	2	0	100000	128
1RB0RA_1LC0RC_1RA0LD_1RA0LB	3	2	0	100000	128
1RB0RA_1LC0RC_1RA0LD_1RA0LB	6	2	0	100000	128
1RB0RA_1LC0RC_1RA1LD_0LC1LB	2	2	0	100000	128
1RB0RA_1LC0RC_1RA1LD_0LC1LB	4	2	0	100000	128
1RB0RA_1LC0RC_1RA1LD_0LC1LB	5	2	0	100000	128
1RB0RA_1LC0RC_1RA1LD_0LC1LB	10	2	0	100000	128
1RB0RA_1LC0RC_1RA1LD_0LC1LB	20	2	0	100000	128
1RB0RA_1LC0RD_1LD0LB_1RA0LC	2	2	0	100000	128
1RB0RA_1LC0RD_1LD0LB_1RA0LC	4	2	0	100000	128
1RB0RA_1LC0RD_1LD0LB_1RA0LC	14	2	0	100000	128
1RB0RA_1LC0RD_1LD0LC_1RA0LC	2	2	0	100000	128
1RB0RA_1LC0RD_1LD0LC_1RA0LC	3	2	0	100000	128
1RB0RA_1LC0RD_1LD0LC_1RA0LC	4	2	0	100000	128
1RB0RA_1LC0RD_1LD0LC_1RA0LC	6	2	0	100000	128
1RB0RA_1LC0RD_1LD0LC_1RA0LC	12	2	0	100000	128
1RB0RA_1LC0RD_1RD1LD_0LB1RA	3	2	0	100000	128
1RB0RA_1LC0RD_1RD1LD_0LB1RA	6	2	0	100000	128
1RB0RA_1LC0RD_1RD1LD_0LB1RA	12	2	0	100000	128
1RB0RA_1LC1LB_0LD0LB_1RD1LA	4	2	0	100000	128
1RB0RA_1LC1LB_0LD0LB_1RD1LA	8	2	0	100000	128
1RB0RA_1LC1LB_1RD0LB_1RA1RD	2	2	0	100000	128
1RB0RA_1LC1LD_1RA1LD_0LB1RA	2	2	0	100000	128
1RB0RA_1LC1LD_1RA1LD_0LB1RA	3	2	0	100000	128
1RB0RA_1LC1LD_1RA1LD_0LB1RA	4	2	0	100000	128
1RB0RA_1LC1LD_1RA1LD_0LB1RA	6	2	0	100000	128
1RB0RA_1LC1LD_1RA1LD_0LB1RA	12	2	0	100000	128
1RB0RA_1LC1LD_1RB1LD_0LB1RA	2	2	0	100000	128
1RB0RA_1LC1LD_1RB1LD_0LB1RA	3	2	0	100000	128
1RB0RA_1LC1LD_1RB1LD_0LB1RA	4	2	0	100000	128
1RB0RA_1LC1LD_1RB1LD_0LB1RA	6	2	0	100000	128
1RB0RA_1LC1LD_1RB1LD_0LB1RA	12	2	0	100000	128
1RB0RA_1LC1LD_1RC1LD_0LB1RA	2	2	0	100000	128
1RB0RA_1LC1LD_1RC1LD_0LB1RA	3	2	0	100000	128
1RB0RA_1LC1LD_1RC1LD_0LB1RA	4	2	0	100000	128
1RB0RA_1LC1LD_1RC1LD_0LB1RA	6	2	0	100000	128
1RB0RA_1LC1LD_1RC1LD_0LB1RA	12	2	0	100000	128
1RB0RA_1LC1RA_0LA0LD_0RA0LB	3	2	0	100000	128
1RB0RA_1LC1RA_0LA0LD_0RA0LB	6	2	0	100000	128
1RB0RA_1LC1RA_0LA0LD_0RA0LB	8	2	0	100000	128
1RB0RA_1LC1RA_0LA0LD_0RA0LB	16	2	0	100000	128
1RB0RA_1LC1RA_0LA0LD_0RA0LB	24	2	0	100000	128
1RB0RA_1LC1RA_0LA0LD_1RC0LB	8	2	0	100000	128
1RB0RA_1LC1RA_0LA0LD_1RC0LB	16	2	0	100000	128
1RB0RA_1LC1RA_0LA0LD_1RC0LB	24	2	0	100000	128
1RB0RA_1LC1RA_0RA0LD_1LB0LA	3	2	0	100000	128
1RB0RA_1LC1RA_0RA0LD_1LB0LA	6	2	0	100000	128
1RB0RA_1LC1RA_0RB0LD_1LB0LA	3	2	0	100000	128
1RB0RA_1LC1RA_0RB0LD_1LB0LA	6	2	0	100000	128
1RB0RA_1LC1RA_1LA0LD_1LB0LA	3	2	0	100000	128
1RB0RA_1LC1RA_1LA0LD_1LB0LA	6	2	0	100000	128
1RB0RA_1LC1RA_1LA0LD_1LC0LA	5	2	0	100000	128
1RB0RA_1LC1RA_1LA0LD_1LC0LA	10	2	0	100000	128
1RB0RA_1LC1RA_1RA0LD_1LB0LA	3	2	0	100000	128
1RB0RA_1LC1RA_1RA0LD_1LB0LA	6	2	0	100000	128
1RB0RA_1LC1RA_1RB0LD_1LB0LA	3	2	0	100000	128
1RB0RA_1LC1RA_1RB0LD_1LB0LA	6	2	0	100000	128
1RB0RA_1LC1RA_1RD0LD_1LB0LA	3	2	0	100000	128
1RB0RA_1LC1RA_1RD0LD_1LB0LA	6	2	0	100000	128
1RB0RA_1RC1RB_0LD0RD_1RA1LC	2	2	0	100000	128
1RB0RA_1RC1RB_0LD0RD_1RA1LC	4	2	0	100000	128
1RB0RA_1RC1RB_0LD0RD_1RA1LC	6	2	0	100000	128
1RB0RA_1RC1RB_0LD0RD_1RA1LC	12	2	0	100000	128
1RB0RB_0LC1RA_1LD1LC_0RB1LB	21	2	0	100000	128
1RB0RB_0LC1RC_0RD1LD_1RA0LB	3	2	0	100000	128
1RB0RB_0LC1RC_0RD1LD_1RA0LB	6	2	0	100000	128
1RB0RB_0LC1RC_0RD1LD_1RA0LB	12	2	0	100000	128
1RB0RB_1LB0LC_1RD1LD_1RA0RA	2	2	0	100000	128
1RB0RB_1LC1LD_1RD0LD_0LB0RA	5	2	0	100000	128
1RB0RB_1LC1LD_1RD0LD_0LB0RA	10	2	0	100000	128
1RB0RB_1LC1RA_0LA0LD_1RA1LB	2	2	0	100000	128
1RB0RB_1LC1RA_0LA0LD_1RA1LB	6	2	0	100000	128
1RB0RB_1LC1RA_0LA0LD_1RA1LB	12	2	0	100000	128
1RB0RB_1LC1RA_0LD1LA_1LA0LB	10	2	0	100000	128
1RB0RB_1LC1RA_0LD1LA_1LA0LB	20	2	0	100000	128
1RB0RB_1LC1RA_0LD1LA_1RB0LC	2	2	0	100000	128
1RB0RB_1LC1RA_0LD1LA_1RB0LC	4	2	0	100000	128
1RB0RB_1LC1RA_0LD1LA_1RD0LB	12	2	0	100000	128
1RB0RB_1LC1RA_0LD1LA_1RD0LB	24	2	0	100000	128
1RB0RB_1RC1LB_1LD0RD_1RA0LB	14	2	0	100000	128
1RB0RB_1RC1RA_1LD1LC_1LA0LC	4	2	0	100000	128
1RB0RB_1RC1RA_1LD1LC_1LA0LC	8	2	0	100000	128
1RB0RB_1RC1RA_1LD1LC_1LA0LC	16	2	0	100000	128
1RB0RB_1RC1RD_0LD0LB_0RA1LC	2	2	0	100000	128
1RB0RB_1RC1RD_0LD0LB_0RA1LC	4	2	0	100000	128
1RB0RB_1RC1RD_0LD0LB_0RA1LC	6	2	0	100000	128
1RB0RB_1RC1RD_0LD0LB_0RA1LC	12	2	0	100000	128
1RB0RB_1RC1RD_1LD0LB_0RA0LC	2	2	0	100000	128
1RB0RB_1RC1RD_1LD0LB_0RA0LC	4	2	0	100000	128
1RB0RB_1RC1RD_1LD0LB_0RA0LC	6	2	0	100000	128
1RB0RB_1RC1RD_1LD0LB_0RA0LC	12	2	0	100000	128
1RB0RC_0LC0LA_1RA1LD_0LB1LB	2	2	0	100000	128
1RB0RC_0LC0LA_1RA1LD_0LB1LB	4	2	0	100000	128
1RB0RC_0LC0LA_1RA1LD_0LB1LB	6	2	0	100000	128
1RB0RC_0LC0LA_1RA1LD_0LB1LB	12	2	0	100000	128
1RB0RC_0LC0LB_1RD1LB_0RA0RB	4	2	0	100000	128
1RB0RC_0LC0LB_1RD1LB_0RA0RB	8	2	0	100000	128
1RB0RC_0LC0LB_1RD1LB_0RA1RD	4	2	0	100000	128
1RB0RC_0LC0LB_1RD1LB_0RA1RD	8	2	0	100000	128
1RB0RC_0LC0LD_0RD1LB_1RA1LD	2	2	0	100000	128
1RB0RC_0LC0LD_0RD1LB_1RA1LD	3	2	0	100000	128
1RB0RC_0LC0LD_0RD1LB_1RA1LD	4	2	0	100000	128
1RB0RC_0LC0LD_0RD1LB_1RA1LD	6	2	0	100000	128
1RB0RC_0LC0LD_0RD1LB_1RA1LD	12	2	0	100000	128
1RB0RC_0LC0LD_0RD1LB_1RA1LD	24	2	0	100000	128
1RB0RC_0LC0RA_1RA1LD_1LB0LA	3	2	0	100000	128
1RB0RC_0LC0RA_1RA1LD_1LB0LA	6	2	0	100000	128
1RB0RC_0LC0RA_1RA1LD_1LB0LA	12	2	0	100000	128
1RB0RC_0LC1RD_0LD1LC_0RA1RB	2	2	0	100000	128
1RB0RC_0LC1RD_0LD1LC_0RA1RB	3	2	0	100000	128
1RB0RC_0LC1RD_0LD1LC_0RA1RB	6	2	0	100000	128
1RB0RC_1LC0LA_1RA0LD_1RC1LB	3	2	0	100000	128
1RB0RC_1LC0LA_1RA0LD_1RC1LB	6	2	0	100000	128
1RB0RC_1LC0LA_1RA0LD_1RC1LB	12	2	0	100000	128
1RB0RC_1LC0LA_1RD0LB_1LB1RA	3	2	0	100000	128
1RB0RC_1LC0LA_1RD0LB_1LB1RA	6	2	0	100000	128
1RB0RC_1LC0LA_1RD0LB_1LB1RA	12	2	0	100000	128
1RB0RC_1LC0LC_1RD1LB_0RA1RB	10	2	0	100000	128
1RB0RC_1LC0LC_1RD1LB_0RA1RB	20	2	0	100000	128
1RB0RC_1LC0RA_0LD1LC_1LA1LC	2	2	0	100000	128
1RB0RC_1LC0RA_0LD1LC_1LA1LC	3	2	0	100000	128
1RB0RC_1LC0RA_0LD1LC_1LA1LC	4	2	0	100000	128
1RB0RC_1LC0RA_0LD1LC_1LA1LC	6	2	0	100000	128
1RB0RC_1LC0RA_0LD1LC_1LA1LC	12	2	0	100000	128
1RB0RC_1LC0RA_1LD0LC_1RB0LD	2	2	0	100000	128
1RB0RC_1LC0RA_1LD0LC_1RB0LD	4	2	0	100000	128
1RB0RC_1LC0RA_1LD0LC_1RB0LD	8	2	0	100000	128
1RB0RC_1LC0RA_1LD1LC_1RB0LC	2	2	0	100000	128
1RB0RC_1LC0RA_1LD1LC_1RB0LC	4	2	0	100000	128
1RB0RC_1LC0RA_1LD1LC_1RB0LC	6	2	0	100000	128
1RB0RC_1LC0RA_1LD1LC_1RB0LC	12	2	0	100000	128
1RB0RC_1LC0RA_1RA1RD_0LB1LD	3	2	0	100000	128
1RB0RC_1LC0RA_1RA1RD_0LB1LD	6	2	0	100000	128
1RB0RC_1LC0RD_1LA0LB_1LB1RA	3	2	0	100000	128
1RB0RC_1LC0RD_1LA0LB_1LB1RA	6	2	0	100000	128
1RB0RC_1LC0RD_1LA0LB_1LB1RA	12	2	0	100000	128
1RB0RC_1LC1LB_0RD0LB_1RA1LD	2	2	0	100000	128
1RB0RC_1LC1LB_0RD0LB_1RA1LD	3	2	0	100000	128
1RB0RC_1LC1LB_0RD0LB_1RA1LD	4	2	0	100000	128
1RB0RC_1LC1LB_0RD0LB_1RA1LD	6	2	0	100000	128
1RB0RC_1LC1LB_0RD0LB_1RA1LD	12	2	0	100000	128
1RB0RC_1LC1LB_1RA0LD_0RB0LA	5	2	0	100000	128
1RB0RC_1LC1LB_1RA0LD_0RB0LA	10	2	0	100000	128
1RB0RC_1LC1LB_1RA0LD_0RB0LA	20	2	0	100000	128
1RB0RC_1LC1LB_1RA0LD_1RC0LA	2	2	0	100000	128
1RB0RC_1LC1RA_1LA0LD_0RA0LB	7	2	0	100000	128
1RB0RC_1LC1RA_1LA0LD_0RA0LB	14	2	0	100000	128
1RB0RC_1LC1RA_1RA0LD_0RB0LB	2	2	0	100000	128
1RB0RC_1LC1RA_1RA0LD_0RB0LB	5	2	0	100000	128
1RB0RC_1LC1RA_1RA0LD_0RB0LB	10	2	0	100000	128
1RB0RC_1LC1RA_1RA1LD_0LB0LD	4	2	0	100000	128
1RB0RC_1LC1RA_1RA1LD_0LB0LD	8	2	0	100000	128
1RB0RC_1LC1RA_1RA1LD_0LB0LD	9	2	0	100000	128
1RB0RC_1LC1RA_1RA1LD_0LB0LD	18	2	0	100000	128
1RB0RC_1LC1RB_0RD0LB_1RA1LD	3	2	0	100000	128
1RB0RC_1LC1RB_0RD0LB_1RA1LD	4	2	0	100000	128
1RB0RC_1LC1RB_0RD0LB_1RA1LD	6	2	0	100000	128
1RB0RC_1LC1RB_0RD0LB_1RA1LD	8	2	0	100000	128
1RB0RC_1LC1RB_0RD0LB_1RA1LD	12	2	0	100000	128
1RB0RC_1LC1RB_1RA0RD_0LB1LD	2	2	0	100000	128
1RB0RC_1LC1RB_1RA0RD_0LB1LD	3	2	0	100000	128
1RB0RC_1LC1RB_1RA0RD_0LB1LD	4	2	0	100000	128
1RB0RC_1LC1RB_1RA0RD_0LB1LD	6	2	0	100000	128
1RB0RC_1LC1RB_1RA0RD_0LB1LD	12	2	0	100000	128
1RB0RC_1LC1RC_1LD1RA_0RB0LD	3	2	0	100000	128
1RB0RC_1LC1RC_1LD1RA_0RB0LD	6	2	0	100000	128
1RB0RC_1LC1RC_1LD1RA_0RB0LD	12	2	0	100000	128
1RB0RC_1RC0LD_1LB0RA_0LA1LC	2	2	0	100000	128
1RB0RC_1RC0LD_1LB0RA_0LA1LC	4	2	0	100000	128
1RB0RC_1RC0LD_1LB0RA_0LA1LC	6	2	0	100000	128
1RB0RC_1RC0LD_1LB0RA_0LA1LC	12	2	0	100000	128
1RB0RC_1RC0LD_1LB1RA_1LB1LD	12	2	0	100000	128
1RB0RC_1RC0LD_1LB1RA_1LB1LD	24	2	0	100000	128
1RB0RC_1RC0RA_0LD1LC_1LA1LC	3	2	0	100000	128
1RB0RC_1RC0RA_0LD1LC_1LA1LC	6	2	0	100000	128
1RB0RC_1RC0RA_0LD1LC_1LA1LC	12	2	0	100000	128
1RB0RC_1RC0RA_0LD1LC_1LA1RD	3	2	0	100000	128
1RB0RC_1RC0RA_0LD1LC_1LA1RD	6	2	0	100000	128
1RB0RC_1RC0RA_0LD1LC_1LA1RD	12	2	0	100000	128
1RB0RC_1RC0RA_1LD0LC_1RB1LC	5	2	0	100000	128
1RB0RC_1RC0RA_1LD0LC_1RB1LC	7	2	0	100000	128
1RB0RC_1RC0RA_1LD0LC_1RB1LC	10	2	0	100000	128
1RB0RC_1RC0RA_1LD0LC_1RB1LC	14	2	0	100000	128
1RB0RC_1RC0RB_0LD0RD_1RA1LC	2	2	0	100000	128
1RB0RC_1RC0RB_0LD0RD_1RA1LC	4	2	0	100000	128
1RB0RC_1RC0RB_0LD0RD_1RA1LC	6	2	0	100000	128
1RB0RC_1RC0RB_0LD0RD_1RA1LC	12	2	0	100000	128
1RB0RC_1RC1LC_0LD1RA_1LB1LD	3	2	0	100000	128
1RB0RC_1RC1LC_0LD1RA_1LB1LD	5	2	0	100000	128
1RB0RC_1RC1LC_0LD1RA_1LB1LD	6	2	0	100000	128
1RB0RC_1RC1LC_0LD1RA_1LB1LD	10	2	0	100000	128
1RB0RC_1RC1LC_0LD1RA_1LB1LD	15	2	0	100000	128
1RB0RC_1RC1LD_1LB0RA_0LC1LC	2	2	0	100000	128
1RB0RC_1RC1LD_1LB0RA_0LC1LC	4	2	0	100000	128
1RB0RC_1RC1RB_0LD0RD_1RA1LC	2	2	0	100000	128
1RB0RC_1RC1RB_0LD0RD_1RA1LC	4	2	0	100000	128
1RB0RC_1RC1RB_0LD0RD_1RA1LC	6	2	0	100000	128
1RB0RC_1RC1RB_0LD0RD_1RA1LC	12	2	0	100000	128
1RB0RD_0LC0RA_1LD0LD_1LA1LB	2	2	0	100000	128
1RB0RD_0LC0RA_1LD0LD_1LA1LB	4	2	0	100000	128
1RB0RD_0LC0RA_1LD0LD_1LA1LB	6	2	0	100000	128
1RB0RD_0LC0RA_1LD0LD_1LA1LB	12	2	0	100000	128
1RB0RD_0LC0RC_1LD0RB_1RA0LB	3	2	0	100000	128
1RB0RD_0LC0RC_1LD0RB_1RA0LB	6	2	0	100000	128
1RB0RD_0LC0RC_1LD0RB_1RA0LB	12	2	0	100000	128
1RB0RD_0LC0RC_1RD1LD_1RA0LD	16	2	0	100000	128
1RB0RD_0LC1LB_1LD1LB_1RA0RB	2	2	0	100000	128
1RB0RD_0LC1LB_1LD1LB_1RA0RB	3	2	0	100000	128
1RB0RD_0LC1LB_1LD1LB_1RA0RB	4	2	0	100000	128
1RB0RD_0LC1LB_1LD1LB_1RA0RB	6	2	0	100000	128
1RB0RD_0LC1LB_1LD1LB_1RA0RB	12	2	0	100000	128
1RB0RD_0LC1LB_1LD1LB_1RA1LD	2	2	0	100000	128
1RB0RD_0LC1LB_1LD1LB_1RA1LD	4	2	0	100000	128
1RB0RD_0LC1LB_1LD1LB_1RA1LD	6	2	0	100000	128
1RB0RD_0LC1LB_1LD1LB_1RA1LD	12	2	0	100000	128
1RB0RD_0LC1LB_1LD1RC_1RA0RB	2	2	0	100000	128
1RB0RD_0LC1LB_1LD1RC_1RA0RB	3	2	0	100000	128
1RB0RD_0LC1LB_1LD1RC_1RA0RB	4	2	0	100000	128
1RB0RD_0LC1LB_1LD1RC_1RA0RB	6	2	0	100000	128
1RB0RD_0LC1LB_1LD1RC_1RA0RB	12	2	0	100000	128
1RB0RD_0LC1RA_1RA1LC_1LD0LC	2	2	0	100000	128
1RB0RD_0LC1RA_1RA1LC_1LD0LC	3	2	0	100000	128
1RB0RD_0LC1RA_1RA1LC_1LD0LC	6	2	0	100000	128
1RB0RD_0LC1RC_0RD1LD_1RA0LB	3	2	0	100000	128
1RB0RD_0LC1RC_0RD1LD_1RA0LB	6	2	0	100000	128
1RB0RD_0LC1RC_0RD1LD_1RA0LB	12	2	0	100000	128
1RB0RD_0LC1RD_0LD1LB_1LA0RA	2	2	0	100000	128
1RB0RD_0LC1RD_0LD1LB_1LA0RA	4	2	0	100000	128
1RB0RD_0LC1RD_0LD1LB_1LA0RA	6	2	0	100000	128
1RB0RD_0LC1RD_0LD1LB_1LA0RA	12	2	0	100000	128
1RB0RD_0RC0LB_1LD1RD_1LB1RA	3	2	0	100000	128
1RB0RD_0RC0LB_1LD1RD_1LB1RA	4	2	0	100000	128
1RB0RD_0RC0LB_1LD1RD_1LB1RA	6	2	0	100000	128
1RB0RD_0RC0LB_1LD1RD_1LB1RA	8	2	0	100000	128
1RB0RD_0RC0LB_1LD1RD_1LB1RA	12	2	0	100000	128
1RB0RD_0RC0LB_1LD1RD_1LB1RA	24	2	0	100000	128
1RB0RD_0RC0LD_1LD1RA_1LB0LC	2	2	0	100000	128
1RB0RD_0RC0LD_1LD1RA_1LB0LC	3	2	0	100000	128
1RB0RD_0RC0LD_1LD1RA_1LB0LC	4	2	0	100000	128
1RB0RD_0RC0LD_1LD1RA_1LB0LC	6	2	0	100000	128
1RB0RD_0RC0LD_1LD1RA_1LB0LC	12	2	0	100000	128
1RB0RD_0RC1RA_1LD1LA_1LD0LA	2	2	0	100000	128
1RB0RD_1LC0LA_1LD0LC_1RA0LD	2	2	0	100000	128
1RB0RD_1LC0LA_1LD0LC_1RA0LD	4	2	0	100000	128
1RB0RD_1LC0LA_1LD0LC_1RA0LD	6	2	0	100000	128
1RB0RD_1LC0LA_1LD0LC_1RA0LD	12	2	0	100000	128
1RB0RD_1LC0LA_1RA1LB_0LB0RC	7	2	0	100000	128
1RB0RD_1LC0LA_1RA1LB_0LB0RC	14	2	0	100000	128
1RB0RD_1LC0LB_1RA1LB_1RA0RB	5	2	0	100000	128
1RB0RD_1LC0LB_1RA1LB_1RA0RB	10	2	0	100000	128
1RB0RD_1LC0LB_1RA1LB_1RC0RB	3	2	0	100000	128
1RB0RD_1LC0LB_1RA1LB_1RC0RB	6	2	0	100000	128
1RB0RD_1LC0RA_0RD0LD_0LB1RA	9	2	0	100000	128
1RB0RD_1LC0RA_0RD0LD_0LB1RA	18	2	0	100000	128
1RB0RD_1LC0RA_1LA1LC_0RC0LB	2	2	0	100000	128
1RB0RD_1LC0RA_1LA1LC_0RC0LB	4	2	0	100000	128
1RB0RD_1LC0RA_1LA1LC_0RC0LB	5	2	0	100000	128
1RB0RD_1LC0RA_1LA1LC_0RC0LB	10	2	0	100000	128
1RB0RD_1LC0RA_1LA1LC_0RC0LB	20	2	0	100000	128
1RB0RD_1LC0RA_1LA1LC_1LD0LC	14	2	0	100000	128
1RB0RD_1LC0RA_1LA1LD_0LC1LD	2	2	0	100000	128
1RB0RD_1LC0RA_1LA1LD_0LC1LD	3	2	0	100000	128
1RB0RD_1LC0RA_1LA1LD_0LC1LD	4	2	0	100000	128
1RB0RD_1LC0RA_1LA1LD_0LC1LD	6	2	0	100000	128
1RB0RD_1LC0RA_1LA1LD_0LC1LD	12	2	0	100000	128
1RB0RD_1LC0RA_1LA1RC_0LC1LD	3	2	0	100000	128
1RB0RD_1LC0RA_1LA1RC_0LC1LD	6	2	0	100000	128
1RB0RD_1LC0RA_1LA1RC_0LC1LD	12	2	0	100000	128
1RB0RD_1LC0RA_1LD0LC_1RA0LB	2	2	0	100000	128
1RB0RD_1LC0RA_1LD0LC_1RA0LB	4	2	0	100000	128
1RB0RD_1LC0RA_1LD0LC_1RA0LB	14	2	0	100000	128
1RB0RD_1LC0RA_1LD1LA_1RA0LB	11	2	0	100000	128
1RB0RD_1LC0RA_1LD1LA_1RA0LB	22	2	0	100000	128
1RB0RD_1LC0RA_1RA1LD_1LA0LB	3	2	0	100000	128
1RB0RD_1LC0RA_1RA1LD_1LA0LB	6	2	0	100000	128
1RB0RD_1LC0RA_1RA1LD_1LA0LB	12	2	0	100000	128
1RB0RD_1LC0RB_0LD1LA_1RA1LC	14	2	0	100000	128
1RB0RD_1LC0RC_1RA1LC_1LD0LC	2	2	0	100000	128
1RB0RD_1LC0RD_1LA0LC_1RA0LA	2	2	0	100000	128
1RB0RD_1LC0RD_1LA0LC_1RA0LA	3	2	0	100000	128
1RB0RD_1LC0RD_1LA0LC_1RA0LA	4	2	0	100000	128
1RB0RD_1LC0RD_1LA0LC_1RA0LA	6	2	0	100000	128
1RB0RD_1LC0RD_1LA0LC_1RA0LA	12	2	0	100000	128
1RB0RD_1LC0RD_1LA0LC_1RA0LD	2	2	0	100000	128
1RB0RD_1LC0RD_1LA0LC_1RA0LD	3	2	0	100000	128
1RB0RD_1LC0RD_1LA0LC_1RA0LD	4	2	0	100000	128
1RB0RD_1LC0RD_1LA0LC_1RA0LD	6	2	0	100000	128
1RB0RD_1LC0RD_1LA0LC_1RA0LD	12	2	0	100000	128
1RB0RD_1LC1LB_1RA0LB_0RC0LB	10	2	0	100000	128
1RB0RD_1LC1LB_1RA0LB_0RC0LB	20	2	0	100000	128
1RB0RD_1LC1LB_1RA0LB_0RC1LD	10	2	0	100000	128
1RB0RD_1LC1LB_1RA0LB_0RC1LD	20	2	0	100000	128
1RB0RD_1LC1LB_1RA0LB_1RA1RC	2	2	0	100000	128
1RB0RD_1LC1LB_1RA0LB_1RA1RC	3	2	0	100000	128
1RB0RD_1LC1LB_1RA0LB_1RA1RC	4	2	0	100000	128
1RB0RD_1LC1LB_1RA0LB_1RA1RC	6	2	0	100000	128
1RB0RD_1LC1LB_1RA0LB_1RA1RC	12	2	0	100000	128
1RB0RD_1LC1LB_1RA0LB_1RA1RD	2	2	0	100000	128
1RB0RD_1LC1LB_1RA0LB_1RA1RD	3	2	0	100000	128
1RB0RD_1LC1LB_1RA0LB_1RA1RD	4	2	0	100000	128
1RB0RD_1LC1LB_1RA0LB_1RA1RD	6	2	0	100000	128
1RB0RD_1LC1LB_1RA0LB_1RA1RD	12	2	0	100000	128
1RB0RD_1LC1RB_1RA0LB_1RA1LC	2	2	0	100000	128
1RB0RD_1LC1RB_1RA0LB_1RA1LC	3	2	0	100000	128
1RB0RD_1LC1RB_1RA0LB_1RA1LC	4	2	0	100000	128
1RB0RD_1LC1RB_1RA0LB_1RA1LC	6	2	0	100000	128
1RB0RD_1LC1RB_1RA0LB_1RA1LC	12	2	0	100000	128
1RB0RD_1LC1RB_1RA0LB_1RA1LD	2	2	0	100000	128
1RB0RD_1LC1RB_1RA0LB_1RA1LD	3	2	0	100000	128
1RB0RD_1LC1RB_1RA0LB_1RA1LD	4	2	0	100000	128
1RB0RD_1LC1RB_1RA0LB_1RA1LD	6	2	0	100000	128
1RB0RD_1LC1RB_1RA0LB_1RA1LD	12	2	0	100000	128
1RB0RD_1RC0LD_1LB0RA_1LC0LC	3	2	0	100000	128
1RB0RD_1RC0LD_1LB0RA_1LC0LC	6	2	0	100000	128
1RB0RD_1RC0RA_1LA1RC_0LC1LD	2	2	0	100000	128
1RB0RD_1RC0RA_1LA1RC_0LC1LD	3	2	0	100000	128
1RB0RD_1RC0RA_1LA1RC_0LC1LD	4	2	0	100000	128
1RB0RD_1RC0RA_1LA1RC_0LC1LD	6	2	0	100000	128
1RB0RD_1RC0RA_1LA1RC_0LC1LD	12	2	0	100000	128
1RB0RD_1RC0RD_0LB1RA_1LD0LA	2	2	0	100000	128
1RB0RD_1RC1LB_1LB1RA_1LD0LA	2	2	0	100000	128
1RB0RD_1RC1LC_0LB1RA_1LD0LA	2	2	0	100000	128
1RB0RD_1RC1LD_0LB0RA_1LB0LD	3	2	0	100000	128
1RB0RD_1RC1LD_0LB0RA_1LB0LD	6	2	0	100000	128
1RB0RD_1RC1LD_0LD0RA_1LB0LD	3	2	0	100000	128
1RB0RD_1RC1LD_0LD0RA_1LB0LD	6	2	0	100000	128
1RB0RD_1RC1LD_1LA0RA_1LB0LD	3	2	0	100000	128
1RB0RD_1RC1LD_1LA0RA_1LB0LD	6	2	0	100000	128
1RB0RD_1RC1LD_1LB0RA_1LB0LD	3	2	0	100000	128
1RB0RD_1RC1LD_1LB0RA_1LB0LD	6	2	0	100000	128
1RB0RD_1RC1LD_1LB1RA_1LD0LA	2	2	0	100000	128
1RB0RD_1RC1LD_1LD0RA_1LB0LD	3	2	0	100000	128
1RB0RD_1RC1LD_1LD0RA_1LB0LD	6	2	0	100000	128
1RB0RD_1RC1LD_1RD0RA_1LB0LD	3	2	0	100000	128
1RB0RD_1RC1LD_1RD0RA_1LB0LD	6	2	0	100000	128
1RB0RD_1RC1RD_1LB1RA_1LD0LA	2	2	0	100000	128
1RB1LA_0LC0RA_1LD1RC_1LA0LB	2	2	0	100000	128
1RB1LA_0LC0RA_1LD1RC_1LA0LB	3	2	0	100000	128
1RB1LA_0LC0RA_1LD1RC_1LA0LB	4	2	0	100000	128
1RB1LA_0LC0RA_1LD1RC_1LA0LB	6	2	0	100000	128
1RB1LA_0LC0RA_1LD1RC_1LA0LB	12	2	0	100000	128
1RB1LA_0LC0RA_1LD1RC_1RA0LB	2	2	0	100000	128
1RB1LA_0LC0RA_1LD1RC_1RA0LB	3	2	0	100000	128
1RB1LA_0LC0RA_1LD1RC_1RA0LB	4	2	0	100000	128
1RB1LA_0LC0RA_1LD1RC_1RA0LB	6	2	0	100000	128
1RB1LA_0LC0RA_1LD1RC_1RA0LB	12	2	0	100000	128
1RB1LA_0LC0RB_0RD1LD_1RA0LB	3	2	0	100000	128
1RB1LA_0LC0RB_0RD1LD_1RA0LB	6	2	0	100000	128
1RB1LA_0LC0RD_1LD1LC_0RA0LC	2	2	0	100000	128
1RB1LA_0LC0RD_1LD1LC_0RA0LC	4	2	0	100000	128
1RB1LA_0LC0RD_1LD1LC_0RA0LC	6	2	0	100000	128
1RB1LA_0LC0RD_1LD1LC_0RA0LC	12	2	0	100000	128
1RB1LA_0RC1LC_1RD0LA_0LA0RB	2	2	0	100000	128
1RB1LA_0RC1LC_1RD0LA_0LA0RB	4	2	0	100000	128
1RB1LA_0RC1LC_1RD0LA_0LA0RB	6	2	0	100000	128
1RB1LA_0RC1LC_1RD0LA_0LA0RB	12	2	0	100000	128
1RB1LA_0RC1LC_1RD0LA_1LA0RB	9	2	0	100000	128
1RB1LA_0RC1LC_1RD0LA_1LA0RB	18	2	0	100000	128
1RB1LA_1LC0LD_1LA0LB_0RA1RD	2	2	0	100000	128
1RB1LA_1LC0LD_1LA0LB_0RA1RD	3	2	0	100000	128
1RB1LA_1LC0LD_1LA0LB_0RA1RD	4	2	0	100000	128
1RB1LA_1LC0LD_1LA0LB_0RA1RD	6	2	0	100000	128
1RB1LA_1LC0LD_1LA0LB_0RA1RD	12	2	0	100000	128
1RB1LA_1LC0LD_1LD0LB_0RA1RD	2	2	0	100000	128
1RB1LA_1LC0LD_1LD0LB_0RA1RD	3	2	0	100000	128
1RB1LA_1LC0LD_1LD0LB_0RA1RD	4	2	0	100000	128
1RB1LA_1LC0LD_1LD0LB_0RA1RD	6	2	0	100000	128
1RB1LA_1LC0LD_1LD0LB_0RA1RD	12	2	0	100000	128
1RB1LA_1LC0LD_1RA0LB_0RA1RD	2	2	0	100000	128
1RB1LA_1LC0LD_1RA0LB_0RA1RD	3	2	0	100000	128
1RB1LA_1LC0LD_1RA0LB_0RA1RD	4	2	0	100000	128
1RB1LA_1LC0LD_1RA0LB_0RA1RD	6	2	0	100000	128
1RB1LA_1LC0LD_1RA0LB_0RA1RD	12	2	0	100000	128
1RB1LA_1LC0RA_0LD1LC_1LA1LC	2	2	0	100000	128
1RB1LA_1LC0RA_0LD1LC_1LA1LC	3	2	0	100000	128
1RB1LA_1LC0RA_0LD1LC_1LA1LC	4	2	0	100000	128
1RB1LA_1LC0RA_0LD1LC_1LA1LC	6	2	0	100000	128
1RB1LA_1LC0RA_0LD1LC_1LA1LC	12	2	0	100000	128
1RB1LA_1LC0RA_1LA0LD_1LC1RB	2	2	0	100000	128
1RB1LA_1LC0RA_1LA0LD_1LC1RB	3	2	0	100000	128
1RB1LA_1LC0RA_1LA0LD_1LC1RB	4	2	0	100000	128
1RB1LA_1LC0RA_1LA0LD_1LC1RB	6	2	0	100000	128
1RB1LA_1LC0RA_1LA0LD_1LC1RB	12	2	0	100000	128
1RB1LA_1LC0RA_1LA0LD_1LC1RD	2	2	0	100000	128
1RB1LA_1LC0RA_1LA0LD_1LC1RD	3	2	0	100000	128
1RB1LA_1LC0RA_1LA0LD_1LC1RD	4	2	0	100000	128
1RB1LA_1LC0RA_1LA0LD_1LC1RD	6	2	0	100000	128
1RB1LA_1LC0RA_1LA0LD_1LC1RD	12	2	0	100000	128
1RB1LA_1LC0RA_1LA1LD_0LC1LD	2	2	0	100000	128
1RB1LA_1LC0RA_1LA1LD_0LC1LD	3	2	0	100000	128
1RB1LA_1LC0RA_1LA1LD_0LC1LD	4	2	0	100000	128
1RB1LA_1LC0RA_1LA1LD_0LC1LD	6	2	0	100000	128
1RB1LA_1LC0RA_1LA1LD_0LC1LD	12	2	0	100000	128
1RB1LA_1LC0RA_1LD1RC_1RB0LC	3	2	0	100000	128
1RB1LA_1LC0RA_1LD1RC_1RB0LC	6	2	0	100000	128
1RB1LA_1LC0RA_1LD1RC_1RB0LC	12	2	0	100000	128
1RB1LA_1LC0RA_1RA0LD_1LC1RB	2	2	0	100000	128
1RB1LA_1LC0RA_1RA0LD_1LC1RB	3	2	0	100000	128
1RB1LA_1LC0RA_1RA0LD_1LC1RB	4	2	0	100000	128
1RB1LA_1LC0RA_1RA0LD_1LC1RB	6	2	0	100000	128
1RB1LA_1LC0RA_1RA0LD_1LC1RB	12	2	0	100000	128
1RB1LA_1LC0RA_1RA0LD_1LC1RD	2	2	0	100000	128
1RB1LA_1LC0RA_1RA0LD_1LC1RD	3	2	0	100000	128
1RB1LA_1LC0RA_1RA0LD_1LC1RD	4	2	0	100000	128
1RB1LA_1LC0RA_1RA0LD_1LC1RD	6	2	0	100000	128
1RB1LA_1LC0RA_1RA0LD_1LC1RD	12	2	0	100000	128
1RB1LA_1LC0RD_1LD1LC_0RA0LC	2	2	0	100000	128
1RB1LA_1LC0RD_1LD1LC_0RA0LC	4	2	0	100000	128
1RB1LA_1LC0RD_1LD1LC_0RA0LC	5	2	0	100000	128
1RB1LA_1LC0RD_1LD1LC_0RA0LC	10	2	0	100000	128
1RB1LA_1LC0RD_1LD1LC_0RA0LC	20	2	0	100000	128
1RB1LA_1LC0RD_1LD1RC_0RA0LC	2	2	0	100000	128
1RB1LA_1LC0RD_1LD1RC_0RA0LC	3	2	0	100000	128
1RB1LA_1LC0RD_1LD1RC_0RA0LC	4	2	0	100000	128
1RB1LA_1LC0RD_1LD1RC_0RA0LC	6	2	0	100000	128
1RB1LA_1LC0RD_1LD1RC_0RA0LC	12	2	0	100000	128
1RB1LA_1LC1LB_0RD0LD_1LA1RC	2	2	0	100000	128
1RB1LA_1LC1LB_0RD0LD_1LA1RC	4	2	0	100000	128
1RB1LA_1LC1LB_0RD0LD_1LA1RC	6	2	0	100000	128
1RB1LA_1LC1LB_0RD0LD_1LA1RC	12	2	0	100000	128
1RB1LA_1RC0LB_1LD0RD_1RA1LB	5	2	0	100000	128
1RB1LA_1RC0LB_1LD0RD_1RA1LB	10	2	0	100000	128
1RB1LA_1RC0LB_1LD0RD_1RA1LB	15	2	0	100000	128
1RB1LA_1RC0RA_0LD1LC_1LA1LC	3	2	0	100000	128
1RB1LA_1RC0RA_0LD1LC_1LA1LC	6	2	0	100000	128
1RB1LA_1RC0RA_0LD1LC_1LA1LC	12	2	0	100000	128
1RB1LA_1RC0RA_1LD1RC_1RB0LC	3	2	0	100000	128
1RB1LA_1RC0RA_1LD1RC_1RB0LC	6	2	0	100000	128
1RB1LA_1RC0RA_1LD1RC_1RB0LC	12	2	0	100000	128
1RB1LA_1RC0RD_0LD0LA_0RA1LC	2	2	0	100000	128
1RB1LA_1RC0RD_0LD0LA_0RA1LC	4	2	0	100000	128
1RB1LA_1RC0RD_0LD0LA_0RA1LC	6	2	0	100000	128
1RB1LA_1RC0RD_0LD0LA_0RA1LC	12	2	0	100000	128
1RB1LA_1RC0RD_0LD0LA_0RA1LC	24	2	0	100000	128
1RB1LA_1RC0RD_1LD1LC_0RA0LC	3	2	0	100000	128
1RB1LA_1RC0RD_1LD1LC_0RA0LC	6	2	0	100000	128
1RB1LA_1RC0RD_1LD1LC_0RA0LC	12	2	0	100000	128
1RB1LA_1RC0RD_1LD1RB_0RB0LA	2	2	0	100000	128
1RB1LA_1RC0RD_1LD1RC_0RA0LC	2	2	0	100000	128
1RB1LA_1RC0RD_1LD1RC_0RA0LC	4	2	0	100000	128
1RB1LA_1RC0RD_1LD1RC_0RA0LC	6	2	0	100000	128
1RB1LA_1RC0RD_1LD1RC_0RA0LC	12	2	0	100000	128
1RB1LB_0LC0RA_1LA1LD_1RD1RA	2	2	0	100000	128
1RB1LB_0LC0RA_1LA1LD_1RD1RA	4	2	0	100000	128
1RB1LB_0LC0RD_0LA1LA_1RA0RA	3	2	0	100000	128
1RB1LB_0LC0RD_0LA1LA_1RA0RA	6	2	0	100000	128
1RB1LB_0LC0RD_0LD1LC_1RA1LA	3	2	0	100000	128
1RB1LB_0LC0RD_0LD1LC_1RA1LA	6	2	0	100000	128
1RB1LB_0LC1RD_1LA0RB_1RC0RD	3	2	0	100000	128
1RB1LB_0LC1RD_1LA0RB_1RC0RD	6	2	0	100000	128
1RB1LB_0LC1RD_1LA0RB_1RC0RD	12	2	0	100000	128
1RB1LB_0LC1RD_1LA1LC_1RA0RB	15	2	0	100000	128
1RB1LB_1LB0RC_1RA1LD_0LC0LD	3	2	0	100000	128
1RB1LB_1LB0RC_1RA1LD_0LC0LD	6	2	0	100000	128
1RB1LB_1LB0RC_1RA1LD_0LC0LD	15	2	0	100000	128
1RB1LB_1LC0RC_1RA0LD_1RA0LA	3	2	0	100000	128
1RB1LB_1LC0RC_1RA0LD_1RA0LA	6	2	0	100000	128
1RB1LB_1LC0RC_1RA0LD_1RA0LA	12	2	0	100000	128
1RB1LB_1LC1RD_1LA0LC_0RA1RA	2	2	0	100000	128
1RB1LB_1RC0LA_0RD1RD_1LA0RB	12	2	0	100000	128
1RB1LB_1RC0LA_0RD1RD_1LA0RB	24	2	0	100000	128
1RB1LB_1RC0LB_1RD0RB_0LA0RA	16	2	0	100000	128
1RB1LB_1RC1LC_0LD0RA_0LA1LD	3	2	0	100000	128
1RB1LB_1RC1LC_0LD0RA_0LA1LD	6	2	0	100000	128
1RB1LB_1RC1LD_0LA0RC_0LB1LC	3	2	0	100000	128
1RB1LB_1RC1LD_0LA0RC_0LB1LC	6	2	0	100000	128
1RB1LB_1RC1LD_0LA0RC_0LB1LD	3	2	0	100000	128
1RB1LB_1RC1LD_0LA0RC_0LB1LD	6	2	0	100000	128
1RB1LB_1RC1LD_0LA0RC_0LB1RA	3	2	0	100000	128
1RB1LB_1RC1LD_0LA0RC_0LB1RA	6	2	0	100000	128
1RB1LB_1RC1LD_0LA0RC_1LA0LB	3	2	0	100000	128
1RB1LB_1RC1LD_0LA0RC_1LA0LB	6	2	0	100000	128
1RB1LB_1RC1LD_0LA0RC_1LA0LB	12	2	0	100000	128
1RB1LB_1RC1LD_0LA0RD_1LC0RA	3	2	0	100000	128
1RB1LB_1RC1LD_0LA0RD_1LC0RA	6	2	0	100000	128
1RB1LB_1RC1LD_0LA0RD_1LC0RA	12	2	0	100000	128
1RB1LB_1RC1LD_1LA0RD_1RC0LA	2	2	0	100000	128
1RB1LB_1RC1LD_1LA0RD_1RC0LA	3	2	0	100000	128
1RB1LB_1RC1LD_1LA0RD_1RC0LA	6	2	0	100000	128
1RB1LC_0LA0RC_1RD0LD_1RB0LB	3	2	0	100000	128
1RB1LC_0LA0RC_1RD0LD_1RB0LB	6	2	0	100000	128
1RB1LC_0LA0RC_1RD0LD_1RB0LB	12	2	0	100000	128
1RB1LC_0LA0RD_1LA0LC_1RA0RC	3	2	0	100000	128
1RB1LC_0LA0RD_1LA0LC_1RA0RC	6	2	0	100000	128
1RB1LC_0LC0RD_1LA0LC_1RA0RC	3	2	0	100000	128
1RB1LC_0LC0RD_1LA0LC_1RA0RC	6	2	0	100000	128
1RB1LC_0RC0LA_1LD0RD_0LA1RB	2	2	0	100000	128
1RB1LC_0RC0LA_1LD0RD_0LA1RB	3	2	0	100000	128
1RB1LC_0RC0LA_1LD0RD_0LA1RB	4	2	0	100000	128
1RB1LC_0RC0LA_1LD0RD_0LA1RB	6	2	0	100000	128
1RB1LC_0RC0LA_1LD0RD_0LA1RB	12	2	0	100000	128
1RB1LC_0RC0RB_1LD1RB_0LA0LC	2	2	0	100000	128
1RB1LC_0RC0RB_1LD1RB_0LA0LC	3	2	0	100000	128
1RB1LC_0RC0RB_1LD1RB_0LA0LC	4	2	0	100000	128
1RB1LC_0RC0RB_1LD1RB_0LA0LC	6	2	0	100000	128
1RB1LC_0RC0RB_1LD1RB_0LA0LC	12	2	0	100000	128
1RB1LC_0RC0RD_1LA0LA_1LC1RA	2	2	0	100000	128
1RB1LC_0RC0RD_1LA0LA_1LC1RA	6	2	0	100000	128
1RB1LC_0RC0RD_1LA0LA_1LC1RA	12	2	0	100000	128
1RB1LC_0RC0RD_1LA0LC_0LC0RA	3	2	0	100000	128
1RB1LC_0RC0RD_1LA0LC_0LC0RA	6	2	0	100000	128
1RB1LC_0RC0RD_1LA0LC_0LC0RA	8	2	0	100000	128
1RB1LC_0RC0RD_1LA0LC_0LC0RA	16	2	0	100000	128
1RB1LC_0RC0RD_1LA0LC_0LC0RA	24	2	0	100000	128
1RB1LC_0RC0RD_1LA0LC_1LB0RA	3	2	0	100000	128
1RB1LC_0RC0RD_1LA0LC_1LB0RA	6	2	0	100000	128
1RB1LC_0RC0RD_1LA0LC_1LB0RA	8	2	0	100000	128
1RB1LC_0RC0RD_1LA0LC_1LB0RA	16	2	0	100000	128
1RB1LC_0RC0RD_1LA0LC_1LB0RA	24	2	0	100000	128
1RB1LC_1LA0RD_0LB0LA_1RB1RD	12	2	0	100000	128
1RB1LC_1LA0RD_0LB0LA_1RB1RD	24	2	0	100000	128
1RB1LC_1LA0RD_1LB0LA_1RB1RD	12	2	0	100000	128
1RB1LC_1LA0RD_1LB0LA_1RB1RD	24	2	0	100000	128
1RB1LC_1LA0RD_1LD0LD_1RB1LA	3	2	0	100000	128
1RB1LC_1LA0RD_1LD0LD_1RB1LA	6	2	0	100000	128
1RB1LC_1LA0RD_1LD0LD_1RB1LA	12	2	0	100000	128
1RB1LC_1LA1LC_0LB1RD_1RB0RD	2	2	0	100000	128
1RB1LC_1LA1LC_0LB1RD_1RB0RD	3	2	0	100000	128
1RB1LC_1LA1LC_0LB1RD_1RB0RD	4	2	0	100000	128
1RB1LC_1LA1LC_0LB1RD_1RB0RD	6	2	0	100000	128
1RB1LC_1LA1LC_0LB1RD_1RB0RD	12	2	0	100000	128
1RB1LC_1LA1LD_1LB0LD_1RD0RC	2	2	0	100000	128
1RB1LC_1LA1RB_1LB0LD_1RD0RC	2	2	0	100000	128
1RB1LC_1LA1RD_1LB0LD_1RD0RC	2	2	0	100000	128
1RB1LC_1LC0RA_1RB1LD_1LA0LA	3	2	0	100000	128
1RB1LC_1LC0RA_1RB1LD_1LA0LA	6	2	0	100000	128
1RB1LC_1LC0RA_1RB1LD_1LA0LA	12	2	0	100000	128
1RB1LC_1LC0RD_0RC0LD_1RA0LA	5	2	0	100000	128
1RB1LC_1LC0RD_0RC0LD_1RA0LA	10	2	0	100000	128
1RB1LC_1LC0RD_1LA0LB_0LA0RA	2	2	0	100000	128
1RB1LC_1LC0RD_1LA0LB_0LA0RA	3	2	0	100000	128
1RB1LC_1LC0RD_1LA0LB_0LA0RA	5	2	0	100000	128
1RB1LC_1LC0RD_1LA0LB_0LA0RA	6	2	0	100000	128
1RB1LC_1LC0RD_1LA0LB_0LA0RA	10	2	0	100000	128
1RB1LC_1LC0RD_1LA0LC_1RA0RC	3	2	0	100000	128
1RB1LC_1LC0RD_1LA0LC_1RA0RC	6	2	0	100000	128
1RB1LC_1LC1RD_1LA0LB_0RA0RD	4	2	0	100000	128
1RB1LC_1LC1RD_1LA0LB_0RA0RD	8	2	0	100000	128
1RB1LC_1RC0LA_1RD0LC_1LA0RA	5	2	0	100000	128
1RB1LC_1RC0LA_1RD0LC_1LA0RA	10	2	0	100000	128
1RB1LC_1RC0LA_1RD0LC_1LA0RA	15	2	0	100000	128
1RB1LC_1RC0LA_1RD1LA_1LB0RA	2	2	0	100000	128
1RB1LC_1RC0LD_0LA1RD_1LA0RB	2	2	0	100000	128
1RB1LC_1RC0LD_0LA1RD_1LA0RB	3	2	0	100000	128
1RB1LC_1RC0LD_0LA1RD_1LA0RB	4	2	0	100000	128
1RB1LC_1RC0LD_0LA1RD_1LA0RB	6	2	0	100000	128
1RB1LC_1RC0LD_0LA1RD_1LA0RB	12	2	0	100000	128
1RB1LC_1RC0LD_0RD0RB_1LA1LB	3	2	0	100000	128
1RB1LC_1RC0LD_0RD0RB_1LA1LB	6	2	0	100000	128
1RB1LC_1RC0LD_1LA0RA_0LB1LB	11	2	0	100000	128
1RB1LC_1RC0LD_1LA0RA_0LB1LB	22	2	0	100000	128
1RB1LC_1RC0RB_0LD0RD_1LA1LC	2	2	0	100000	128
1RB1LC_1RC0RB_0LD0RD_1LA1LC	4	2	0	100000	128
1RB1LC_1RC0RB_0LD0RD_1LA1LC	8	2	0	100000	128
1RB1LC_1RC0RB_0LD0RD_1LA1LC	16	2	0	100000	128
1RB1LC_1RC0RC_1LD1RB_0LB0LA	2	2	0	100000	128
1RB1LC_1RC0RC_1LD1RB_0LB0LA	6	2	0	100000	128
1RB1LC_1RC0RC_1LD1RB_0LB0LA	12	2	0	100000	128
1RB1LC_1RC0RD_1LA0LC_1RA0RC	3	2	0	100000	128
1RB1LC_1RC0RD_1LA0LC_1RA0RC	6	2	0	100000	128
1RB1LC_1RC0RD_1LA0LC_1RB0RC	5	2	0	100000	128
1RB1LC_1RC0RD_1LA0LC_1RB0RC	7	2	0	100000	128
1RB1LC_1RC0RD_1LA0LC_1RB0RC	10	2	0	100000	128
1RB1LC_1RC0RD_1LA0LC_1RB0RC	14	2	0	100000	128
1RB1LC_1RC1LA_1RD0LC_1LA0RA	3	2	0	100000	128
1RB1LC_1RC1LA_1RD0LC_1LA0RA	5	2	0	100000	128
1RB1LC_1RC1LA_1RD0LC_1LA0RA	6	2	0	100000	128
1RB1LC_1RC1LA_1RD0LC_1LA0RA	10	2	0	100000	128
1RB1LC_1RC1LB_1RD0LC_1LA0RA	3	2	0	100000	128
1RB1LC_1RC1LB_1RD0LC_1LA0RA	5	2	0	100000	128
1RB1LC_1RC1LB_1RD0LC_1LA0RA	6	2	0	100000	128
1RB1LC_1RC1LB_1RD0LC_1LA0RA	10	2	0	100000	128
1RB1LC_1RC1LB_1RD0LC_1LA0RA	15	2	0	100000	128
1RB1LD_0LC0RB_1RA1LA_0LA1LB	3	2	0	100000	128
1RB1LD_0LC0RB_1RA1LA_0LA1LB	6	2	0	100000	128
1RB1LD_0LC0RB_1RA1LA_0LC1LA	3	2	0	100000	128
1RB1LD_0LC0RB_1RA1LA_0LC1LA	6	2	0	100000	128
1RB1LD_0LC0RB_1RA1LA_1LB0LA	3	2	0	100000	128
1RB1LD_0LC0RB_1RA1LA_1LB0LA	4	2	0	100000	128
1RB1LD_0LC0RB_1RA1LA_1LB0LA	6	2	0	100000	128
1RB1LD_0LC0RB_1RA1LA_1LB0LA	8	2	0	100000	128
1RB1LD_0LC0RB_1RA1LA_1LB0LA	12	2	0	100000	128
1RB1LD_0LC0RB_1RA1LA_1LB0LA	24	2	0	100000	128
1RB1LD_0LC0RB_1RA1LA_1LB0LC	4	2	0	100000	128
1RB1LD_0LC0RB_1RA1LA_1LB0LC	8	2	0	100000	128
1RB1LD_0LC0RB_1RA1LA_1LB1LD	4	2	0	100000	128
1RB1LD_0LC0RB_1RA1LA_1LB1LD	8	2	0	100000	128
1RB1LD_0LC0RB_1RA1LA_1LB1RC	4	2	0	100000	128
1RB1LD_0LC0RB_1RA1LA_1LB1RC	8	2	0	100000	128
1RB1LD_0LC0RB_1RA1LA_1LC0LA	3	2	0	100000	128
1RB1LD_0LC0RB_1RA1LA_1LC0LA	6	2	0	100000	128
1RB1LD_0LC0RB_1RA1LA_1LC0LA	12	2	0	100000	128
1RB1LD_0RC0RA_0LD1LA_0LA0LB	2	2	0	100000	128
1RB1LD_0RC0RA_0LD1LA_0LA0LB	3	2	0	100000	128
1RB1LD_0RC0RA_0LD1LA_0LA0LB	4	2	0	100000	128
1RB1LD_0RC0RA_0LD1LA_0LA0LB	6	2	0	100000	128
1RB1LD_0RC0RA_0LD1LA_0LA0LB	12	2	0	100000	128
1RB1LD_0RC0RA_0LD1LA_0LA0LD	2	2	0	100000	128
1RB1LD_0RC0RA_0LD1LA_0LA0LD	3	2	0	100000	128
1RB1LD_0RC0RA_0LD1LA_0LA0LD	4	2	0	100000	128
1RB1LD_0RC0RA_0LD1LA_0LA0LD	6	2	0	100000	128
1RB1LD_0RC0RA_0LD1LA_0LA0LD	12	2	0	100000	128
1RB1LD_0RC0RA_1LC0LA_1RB0LA	4	2	0	100000	128
1RB1LD_0RC0RA_1LC0LA_1RB0LA	8	2	0	100000	128
1RB1LD_0RC0RA_1LC0LA_1RB0LA	16	2	0	100000	128
1RB1LD_0RC0RA_1LD1RA_0LA0LD	2	2	0	100000	128
1RB1LD_0RC0RA_1LD1RA_0LA0LD	3	2	0	100000	128
1RB1LD_0RC0RA_1LD1RA_0LA0LD	4	2	0	100000	128
1RB1LD_0RC0RA_1LD1RA_0LA0LD	6	2	0	100000	128
1RB1LD_0RC0RA_1LD1RA_0LA0LD	12	2	0	100000	128
1RB1LD_0RC0RA_1RD1RA_0LA0LD	2	2	0	100000	128
1RB1LD_0RC0RA_1RD1RA_0LA0LD	3	2	0	100000	128
1RB1LD_0RC0RA_1RD1RA_0LA0LD	4	2	0	100000	128
1RB1LD_0RC0RA_1RD1RA_0LA0LD	6	2	0	100000	128
1RB1LD_0RC0RA_1RD1RA_0LA0LD	12	2	0	100000	128
1RB1LD_0RC0RD_1RD0LA_0LA0RA	2	2	0	100000	128
1RB1LD_0RC0RD_1RD0LA_0LA0RA	4	2	0	100000	128
1RB1LD_0RC0RD_1RD0LA_0LA0RA	6	2	0	100000	128
1RB1LD_0RC0RD_1RD0LA_0LA0RA	12	2	0	100000	128
1RB1LD_0RC0RD_1RD0RA_0LA0LD	4	2	0	100000	128
1RB1LD_0RC0RD_1RD0RA_0LA0LD	8	2	0	100000	128
1RB1LD_0RC1RA_1RD1RA_1LB0LD	3	2	0	100000	128
1RB1LD_0RC1RA_1RD1RA_1LB0LD	6	2	0	100000	128
1RB1LD_0RC1RB_1RD0LA_0LA0RA	2	2	0	100000	128
1RB1LD_0RC1RB_1RD0LA_0LA0RA	4	2	0	100000	128
1RB1LD_0RC1RB_1RD0LA_0LA0RA	6	2	0	100000	128
1RB1LD_0RC1RB_1RD0LA_0LA0RA	12	2	0	100000	128
1RB1LD_0RC1RB_1RD0RA_0LA0LD	4	2	0	100000	128
1RB1LD_0RC1RB_1RD0RA_0LA0LD	8	2	0	100000	128
1RB1LD_0RC1RB_1RD1RB_1LA0LD	3	2	0	100000	128
1RB1LD_0RC1RB_1RD1RB_1LA0LD	6	2	0	100000	128
1RB1LD_0RC1RC_1LD0RA_0LA0LD	2	2	0	100000	128
1RB1LD_0RC1RC_1LD0RA_0LA0LD	12	2	0	100000	128
1RB1LD_0RC1RC_1LD0RA_0LA0LD	24	2	0	100000	128
1RB1LD_0RC1RD_1LA0RB_1LA0LA	2	2	0	100000	128
1RB1LD_0RC1RD_1LA0RB_1LA0LA	4	2	0	100000	128
1RB1LD_0RC1RD_1LC0RA_1LA0LA	12	2	0	100000	128
1RB1LD_0RC1RD_1LC0RA_1LA0LA	24	2	0	100000	128
1RB1LD_0RC1RD_1RD0RA_1LA0LA	10	2	0	100000	128
1RB1LD_0RC1RD_1RD0RA_1LA0LA	20	2	0	100000	128
1RB1LD_1LC0RA_1LD1RC_1RB0LC	3	2	0	100000	128
1RB1LD_1LC0RA_1LD1RC_1RB0LC	6	2	0	100000	128
1RB1LD_1LC0RA_1LD1RC_1RB0LC	12	2	0	100000	128
1RB1LD_1LC0RB_1RD1RC_1LB1LA	2	2	0	100000	128
1RB1LD_1LC0RC_1RA0RD_1LA0LD	3	2	0	100000	128
1RB1LD_1LC0RC_1RA0RD_1LA0LD	6	2	0	100000	128
1RB1LD_1LC0RD_1RA0LD_1RC1LA	2	2	0	100000	128
1RB1LD_1LC0RD_1RA0LD_1RC1LA	4	2	0	100000	128
1RB1LD_1LC0RD_1RA1LA_1RB0LC	2	2	0	100000	128
1RB1LD_1LC0RD_1RA1LA_1RB0LC	3	2	0	100000	128
1RB1LD_1LC0RD_1RA1LA_1RB0LC	6	2	0	100000	128
1RB1LD_1LC0RD_1RD1LA_1RB0LC	2	2	0	100000	128
1RB1LD_1LC0RD_1RD1LA_1RB0LC	3	2	0	100000	128
1RB1LD_1LC0RD_1RD1LA_1RB0LC	6	2	0	100000	128
1RB1LD_1LC0RD_1RD1RC_0LA0RA	2	2	0	100000	128
1RB1LD_1LC0RD_1RD1RC_0LA0RA	4	2	0	100000	128
1RB1LD_1LC0RD_1RD1RC_0LA0RA	6	2	0	100000	128
1RB1LD_1LC0RD_1RD1RC_0LA0RA	12	2	0	100000	128
1RB1LD_1LC1RB_1RD1RC_0LA0RA	2	2	0	100000	128
1RB1LD_1LC1RB_1RD1RC_0LA0RA	4	2	0	100000	128
1RB1LD_1LC1RB_1RD1RC_0LA0RA	6	2	0	100000	128
1RB1LD_1LC1RB_1RD1RC_0LA0RA	12	2	0	100000	128
1RB1LD_1RC0LA_1LA0RB_0LA1LB	2	2	0	100000	128
1RB1LD_1RC0LA_1LA0RB_0LA1LB	3	2	0	100000	128
1RB1LD_1RC0LA_1LA0RB_0LA1LB	6	2	0	100000	128
1RB1LD_1RC0LA_1LA0RB_0RD1LB	2	2	0	100000	128
1RB1LD_1RC0LA_1LA0RB_0RD1LB	3	2	0	100000	128
1RB1LD_1RC0LA_1LA0RB_0RD1LB	6	2	0	100000	128
1RB1LD_1RC0LA_1LA0RB_1RC1LB	2	2	0	100000	128
1RB1LD_1RC0LA_1LA0RB_1RC1LB	3	2	0	100000	128
1RB1LD_1RC0LA_1LA0RB_1RC1LB	6	2	0	100000	128
1RB1LD_1RC0LA_1LA0RB_1RD1LB	2	2	0	100000	128
1RB1LD_1RC0LA_1LA0RB_1RD1LB	3	2	0	100000	128
1RB1LD_1RC0LA_1LA0RB_1RD1LB	6	2	0	100000	128
1RB1LD_1RC0LA_1LD0RC_0LA1LB	14	2	0	100000	128
1RB1LD_1RC0LA_1RD0RB_1LB0LC	3	2	0	100000	128
1RB1LD_1RC0LA_1RD0RB_1LB0LC	6	2	0	100000	128
1RB1LD_1RC0LA_1RD0RB_1LB0LC	12	2	0	100000	128
1RB1LD_1RC0LB_1LD0RD_1RA1LB	5	2	0	100000	128
1RB1LD_1RC0LB_1LD0RD_1RA1LB	10	2	0	100000	128
1RB1LD_1RC0LC_0LA0RA_1RB0LB	3	2	0	100000	128
1RB1LD_1RC0LC_0LA0RA_1RB0LB	6	2	0	100000	128
1RB1LD_1RC0LC_0LA0RA_1RB0LB	12	2	0	100000	128
1RB1LD_1RC0LD_1RD0RA_1LA1LB	2	2	0	100000	128
1RB1LD_1RC0LD_1RD0RA_1LA1LB	4	2	0	100000	128
1RB1LD_1RC0LD_1RD0RA_1LA1LB	8	2	0	100000	128
1RB1LD_1RC0RA_0LA0LB_0LC1LC	2	2	0	100000	128
1RB1LD_1RC0RA_0LA0LB_0LC1LC	4	2	0	100000	128
1RB1LD_1RC0RA_0LA0LB_0LC1LC	6	2	0	100000	128
1RB1LD_1RC0RA_0LA0LB_0LC1LC	12	2	0	100000	128
1RB1LD_1RC0RA_0LA0RB_1LC0LB	2	2	0	100000	128
1RB1LD_1RC0RA_0LA0RB_1LC0LB	3	2	0	100000	128
1RB1LD_1RC0RA_0LA0RB_1LC0LB	4	2	0	100000	128
1RB1LD_1RC0RA_0LA0RB_1LC0LB	6	2	0	100000	128
1RB1LD_1RC0RA_0LA0RB_1LC0LB	12	2	0	100000	128
1RB1LD_1RC0RA_1LA1RB_0LC0LD	4	2	0	100000	128
1RB1LD_1RC0RA_1LA1RB_0LC0LD	8	2	0	100000	128
1RB1LD_1RC0RA_1LD0RC_0LA1LB	14	2	0	100000	128
1RB1LD_1RC0RA_1LD1RC_1RB0LC	3	2	0	100000	128
1RB1LD_1RC0RA_1LD1RC_1RB0LC	6	2	0	100000	128
1RB1LD_1RC0RA_1LD1RC_1RB0LC	12	2	0	100000	128
1RB1LD_1RC0RB_0LA0RB_0LA1LC	2	2	0	100000	128
1RB1LD_1RC0RB_0LA0RB_0LA1LC	4	2	0	100000	128
1RB1LD_1RC0RB_0LA0RB_0RD1LC	2	2	0	100000	128
1RB1LD_1RC0RB_0LA0RB_0RD1LC	4	2	0	100000	128
1RB1LD_1RC0RB_0LA0RB_0RD1LC	8	2	0	100000	128
1RB1LD_1RC0RB_0LA0RB_1LC1LD	3	2	0	100000	128
1RB1LD_1RC0RB_0LA0RB_1LC1LD	6	2	0	100000	128
1RB1LD_1RC0RB_1LA0RA_0LA1LC	2	2	0	100000	128
1RB1LD_1RC0RB_1LA0RA_0LA1LC	4	2	0	100000	128
1RB1LD_1RC0RB_1LA0RA_0LA1LC	5	2	0	100000	128
1RB1LD_1RC0RB_1LA0RA_0LA1LC	10	2	0	100000	128
1RB1LD_1RC0RB_1LA0RA_0LA1LC	20	2	0	100000	128
1RB1LD_1RC0RB_1LA1LD_0LC1RB	2	2	0	100000	128
1RB1LD_1RC0RB_1LA1LD_0LC1RB	3	2	0	100000	128
1RB1LD_1RC0RB_1LA1LD_0LC1RB	4	2	0	100000	128
1RB1LD_1RC0RB_1LA1LD_0LC1RB	6	2	0	100000	128
1RB1LD_1RC0RB_1LA1LD_0LC1RB	12	2	0	100000	128
1RB1LD_1RC0RB_1LA1RA_0LC1LC	2	2	0	100000	128
1RB1LD_1RC0RB_1RD1RC_0LA0RA	2	2	0	100000	128
1RB1LD_1RC0RB_1RD1RC_0LA0RA	4	2	0	100000	128
1RB1LD_1RC0RB_1RD1RC_0LA0RA	6	2	0	100000	128
1RB1LD_1RC0RB_1RD1RC_0LA0RA	12	2	0	100000	128
1RB1LD_1RC0RC_1RD1LA_0LC0RA	3	2	0	100000	128
1RB1LD_1RC0RC_1RD1LA_0LC0RA	6	2	0	100000	128
1RB1LD_1RC0RC_1RD1LA_0LC0RA	12	2	0	100000	128
1RB1LD_1RC0RD_1LA0RB_1LB0LC	3	2	0	100000	128
1RB1LD_1RC0RD_1LA0RB_1LB0LC	6	2	0	100000	128
1RB1LD_1RC0RD_1LA0RB_1LB0LC	12	2	0	100000	128
1RB1LD_1RC0RD_1RD0RC_0LA0RA	2	2	0	100000	128
1RB1LD_1RC0RD_1RD0RC_0LA0RA	4	2	0	100000	128
1RB1LD_1RC0RD_1RD0RC_0LA0RA	6	2	0	100000	128
1RB1LD_1RC0RD_1RD0RC_0LA0RA	12	2	0	100000	128
1RB1LD_1RC0RD_1RD1RC_0LA0RA	2	2	0	100000	128
1RB1LD_1RC0RD_1RD1RC_0LA0RA	4	2	0	100000	128
1RB1LD_1RC0RD_1RD1RC_0LA0RA	6	2	0	100000	128
1RB1LD_1RC0RD_1RD1RC_0LA0RA	12	2	0	100000	128
1RB1LD_1RC1LC_1LC0RA_0LA0LD	3	2	0	100000	128
1RB1LD_1RC1LC_1LC0RA_0LA0LD	5	2	0	100000	128
1RB1LD_1RC1LC_1LC0RA_0LA0LD	6	2	0	100000	128
1RB1LD_1RC1LC_1LC0RA_0LA0LD	10	2	0	100000	128
1RB1LD_1RC1LC_1LC0RA_0LA0LD	15	2	0	100000	128
1RB1LD_1RC1RB_1RD0RC_0LA0RA	2	2	0	100000	128
1RB1LD_1RC1RB_1RD0RC_0LA0RA	4	2	0	100000	128
1RB1LD_1RC1RB_1RD0RC_0LA0RA	6	2	0	100000	128
1RB1LD_1RC1RB_1RD0RC_0LA0RA	12	2	0	100000	128
1RB1LD_1RC1RB_1RD1RC_0LA0RA	2	2	0	100000	128
1RB1LD_1RC1RB_1RD1RC_0LA0RA	4	2	0	100000	128
1RB1LD_1RC1RB_1RD1RC_0LA0RA	6	2	0	100000	128
1RB1LD_1RC1RB_1RD1RC_0LA0RA	12	2	0	100000	128
1RB1RA_0LC0RA_1LA1LD_1LB1LD	2	2	0	100000	128
1RB1RA_0LC0RA_1LD1RC_0RA0LB	2	2	0	100000	128
1RB1RA_0LC0RA_1LD1RC_0RA0LB	3	2	0	100000	128
1RB1RA_0LC0RA_1LD1RC_0RA0LB	4	2	0	100000	128
1RB1RA_0LC0RA_1LD1RC_0RA0LB	6	2	0	100000	128
1RB1RA_0LC0RA_1LD1RC_0RA0LB	12	2	0	100000	128
1RB1RA_0LC0RA_1LD1RC_1LA0LB	2	2	0	100000	128
1RB1RA_0LC0RA_1LD1RC_1LA0LB	3	2	0	100000	128
1RB1RA_0LC0RA_1LD1RC_1LA0LB	4	2	0	100000	128
1RB1RA_0LC0RA_1LD1RC_1LA0LB	6	2	0	100000	128
1RB1RA_0LC0RA_1LD1RC_1LA0LB	12	2	0	100000	128
1RB1RA_0LC0RA_1LD1RC_1RA0LB	2	2	0	100000	128
1RB1RA_0LC0RA_1LD1RC_1RA0LB	4	2	0	100000	128
1RB1RA_0LC0RA_1LD1RC_1RA0LB	5	2	0	100000	128
1RB1RA_0LC0RA_1LD1RC_1RA0LB	10	2	0	100000	128
1RB1RA_0LC0RA_1LD1RC_1RA0LB	20	2	0	100000	128
1RB1RA_0LC0RC_1RD1LB_1LA0RB	2	2	0	100000	128
1RB1RA_0LC0RC_1RD1LB_1LA0RB	4	2	0	100000	128
1RB1RA_0LC0RC_1RD1LB_1LA0RB	6	2	0	100000	128
1RB1RA_0LC0RC_1RD1LB_1LA0RB	12	2	0	100000	128
1RB1RA_0LC0RC_1RD1LB_1LA1RD	2	2	0	100000	128
1RB1RA_0LC0RC_1RD1LB_1LA1RD	4	2	0	100000	128
1RB1RA_0LC0RC_1RD1LB_1LA1RD	6	2	0	100000	128
1RB1RA_0LC0RC_1RD1LB_1LA1RD	12	2	0	100000	128
1RB1RA_0LC0RC_1RD1LB_1RA0RB	2	2	0	100000	128
1RB1RA_0LC0RC_1RD1LB_1RA0RB	4	2	0	100000	128
1RB1RA_0LC0RC_1RD1LB_1RA0RB	6	2	0	100000	128
1RB1RA_0LC0RC_1RD1LB_1RA0RB	12	2	0	100000	128
1RB1RA_0LC0RC_1RD1LB_1RA0RD	2	2	0	100000	128
1RB1RA_0LC0RC_1RD1LB_1RA0RD	4	2	0	100000	128
1RB1RA_0LC0RC_1RD1LB_1RA0RD	6	2	0	100000	128
1RB1RA_0LC0RC_1RD1LB_1RA0RD	12	2	0	100000	128
1RB1RA_0LC0RC_1RD1LB_1RA1RD	2	2	0	100000	128
1RB1RA_0LC0RC_1RD1LB_1RA1RD	4	2	0	100000	128
1RB1RA_0LC0RC_1RD1LB_1RA1RD	6	2	0	100000	128
1RB1RA_0LC0RC_1RD1LB_1RA1RD	12	2	0	100000	128
1RB1RA_0LC1RC_0RA1LD_1LC0LC	21	2	0	100000	128
1RB1RA_0RC0LD_1LD1RA_1LB0LD	3	2	0	100000	128
1RB1RA_0RC0LD_1LD1RA_1LB0LD	6	2	0	100000	128
1RB1RA_0RC0LD_1RD1RA_1LB1LD	2	2	0	100000	128
1RB1RA_0RC0RA_1LC1RD_1LA0LD	4	2	0	100000	128
1RB1RA_0RC0RA_1LC1RD_1LA0LD	8	2	0	100000	128
1RB1RA_1LC0LD_1RA0LB_0LA0RC	2	2	0	100000	128
1RB1RA_1LC0LD_1RA0LB_0LA0RC	4	2	0	100000	128
1RB1RA_1LC0LD_1RA0LB_0LA0RC	5	2	0	100000	128
1RB1RA_1LC0LD_1RA0LB_0LA0RC	10	2	0	100000	128
1RB1RA_1LC0LD_1RA0LB_0LA0RC	20	2	0	100000	128
1RB1RA_1LC0LD_1RA0LB_1RD0RA	14	2	0	100000	128
1RB1RA_1LC0RA_0LA1LD_1RB0LC	6	2	0	100000	128
1RB1RA_1LC0RA_0LA1LD_1RB0LC	12	2	0	100000	128
1RB1RA_1LC0RA_0LA1LD_1RB0LC	14	2	0	100000	128
1RB1RA_1LC0RA_0LA1LD_1RB0LC	20	2	0	100000	128
1RB1RA_1LC0RA_0LD0LC_1LA0RB	4	2	0	100000	128
1RB1RA_1LC0RA_0LD0LC_1LA0RB	8	2	0	100000	128
1RB1RA_1LC0RA_0LD0LC_1LA0RB	20	2	0	100000	128
1RB1RA_1LC0RA_0RA1LD_1LC0LB	3	2	0	100000	128
1RB1RA_1LC0RA_0RA1LD_1LC0LB	6	2	0	100000	128
1RB1RA_1LC0RA_1LA0LD_0LB0RA	10	2	0	100000	128
1RB1RA_1LC0RA_1LA0LD_0LB0RA	20	2	0	100000	128
1RB1RA_1LC0RA_1LA0LD_0LB1RD	10	2	0	100000	128
1RB1RA_1LC0RA_1LA0LD_0LB1RD	20	2	0	100000	128
1RB1RA_1LC0RA_1LA0LD_1LC1LB	2	2	0	100000	128
1RB1RA_1LC0RA_1LA0LD_1LC1LB	3	2	0	100000	128
1RB1RA_1LC0RA_1LA0LD_1LC1LB	4	2	0	100000	128
1RB1RA_1LC0RA_1LA0LD_1LC1LB	6	2	0	100000	128
1RB1RA_1LC0RA_1LA0LD_1LC1LB	12	2	0	100000	128
1RB1RA_1LC0RA_1LA0LD_1LC1LD	2	2	0	100000	128
1RB1RA_1LC0RA_1LA0LD_1LC1LD	3	2	0	100000	128
1RB1RA_1LC0RA_1LA0LD_1LC1LD	4	2	0	100000	128
1RB1RA_1LC0RA_1LA0LD_1LC1LD	6	2	0	100000	128
1RB1RA_1LC0RA_1LA0LD_1LC1LD	12	2	0	100000	128
1RB1RA_1LC0RA_1LA1LD_0LC0LB	3	2	0	100000	128
1RB1RA_1LC0RA_1LA1LD_0LC0LB	6	2	0	100000	128
1RB1RA_1LC0RA_1LA1LD_0LC0LB	12	2	0	100000	128
1RB1RA_1LC0RA_1LD1LC_1LA0LD	2	2	0	100000	128
1RB1RA_1LC0RA_1RA0LD_0LB0RA	6	2	0	100000	128
1RB1RA_1LC0RA_1RA0LD_0LB0RA	12	2	0	100000	128
1RB1RA_1LC0RA_1RA0LD_0LB0RA	20	2	0	100000	128
1RB1RA_1LC0RA_1RA0LD_0LB1RD	6	2	0	100000	128
1RB1RA_1LC0RA_1RA0LD_0LB1RD	12	2	0	100000	128
1RB1RA_1LC0RA_1RA0LD_0LB1RD	20	2	0	100000	128
1RB1RA_1LC0RA_1RA0LD_1LC0LA	2	2	0	100000	128
1RB1RA_1LC0RA_1RA0LD_1LC0LA	4	2	0	100000	128
1RB1RA_1LC0RA_1RA0LD_1LC0LA	6	2	0	100000	128
1RB1RA_1LC0RA_1RA0LD_1LC0LA	12	2	0	100000	128
1RB1RA_1LC0RA_1RA0LD_1LC1LB	2	2	0	100000	128
1RB1RA_1LC0RA_1RA0LD_1LC1LB	3	2	0	100000	128
1RB1RA_1LC0RA_1RA0LD_1LC1LB	4	2	0	100000	128
1RB1RA_1LC0RA_1RA0LD_1LC1LB	6	2	0	100000	128
1RB1RA_1LC0RA_1RA0LD_1LC1LB	12	2	0	100000	128
1RB1RA_1LC0RA_1RB1LD_0LB0LC	12	2	0	100000	128
1RB1RA_1LC0RA_1RB1LD_0LB0LC	24	2	0	100000	128
1RB1RA_1LC0RA_1RB1LD_1LB0LC	12	2	0	100000	128
1RB1RA_1LC0RA_1RB1LD_1LB0LC	24	2	0	100000	128
1RB1RA_1LC0RC_0RA0LD_0LB1LB	5	2	0	100000	128
1RB1RA_1LC0RC_0RA0LD_0LB1LB	10	2	0	100000	128
1RB1RA_1LC0RC_0RA1LD_0LC0LD	5	2	0	100000	128
1RB1RA_1LC0RC_0RA1LD_0LC0LD	10	2	0	100000	128
1RB1RA_1LC0RD_1LA0LB_0LA0RC	2	2	0	100000	128
1RB1RA_1LC0RD_1LA0LB_0LA0RC	4	2	0	100000	128
1RB1RA_1LC0RD_1LA0LB_0LA0RC	10	2	0	100000	128
1RB1RA_1LC0RD_1LA0LB_0LA0RC	20	2	0	100000	128
1RB1RA_1LC0RD_1LA0LB_1LB0RC	2	2	0	100000	128
1RB1RA_1LC1LD_1RD0LB_1LC0RA	3	2	0	100000	128
1RB1RA_1LC1LD_1RD0LB_1LC0RA	6	2	0	100000	128
1RB1RA_1LC1RC_0RA1LD_1LB0LC	5	2	0	100000	128
1RB1RA_1LC1RC_0RA1LD_1LB0LC	10	2	0	100000	128
1RB1RA_1LC1RC_0RA1LD_1LB0LC	15	2	0	100000	128
1RB1RA_1RC0LD_1LB0RA_0LA0LC	3	2	0	100000	128
1RB1RA_1RC0LD_1LB0RA_0LA0LC	6	2	0	100000	128
1RB1RA_1RC0RA_1LD1LC_1RB0LC	2	2	0	100000	128
1RB1RA_1RC0RA_1LD1LC_1RB0LC	3	2	0	100000	128
1RB1RA_1RC0RA_1LD1LC_1RB0LC	4	2	0	100000	128
1RB1RA_1RC0RA_1LD1LC_1RB0LC	6	2	0	100000	128
1RB1RA_1RC0RA_1LD1LC_1RB0LC	12	2	0	100000	128
1RB1RA_1RC0RB_0LD0RD_1RA1LC	2	2	0	100000	128
1RB1RA_1RC0RB_0LD0RD_1RA1LC	4	2	0	100000	128
1RB1RA_1RC0RB_0LD0RD_1RA1LC	6	2	0	100000	128
1RB1RA_1RC0RB_0LD0RD_1RA1LC	12	2	0	100000	128
1RB1RA_1RC0RB_1LD1LC_1RA0LC	2	2	0	100000	128
1RB1RA_1RC1RB_0LD0RD_1RA1LC	2	2	0	100000	128
1RB1RA_1RC1RB_0LD0RD_1RA1LC	4	2	0	100000	128
1RB1RA_1RC1RB_0LD0RD_1RA1LC	6	2	0	100000	128
1RB1RA_1RC1RB_0LD0RD_1RA1LC	12	2	0	100000	128
1RB1RB_0RC0LA_1LC1LD_1RA0LB	2	2	0	100000	128
1RB1RC_0LC0LB_1RD1LB_0RA0RC	2	2	0	100000	128
1RB1RC_0LC0LB_1RD1LB_0RA0RC	3	2	0	100000	128
1RB1RC_0LC0LB_1RD1LB_0RA0RC	4	2	0	100000	128
1RB1RC_0LC0LB_1RD1LB_0RA0RC	6	2	0	100000	128
1RB1RC_0LC0LB_1RD1LB_0RA0RC	12	2	0	100000	128
1RB1RC_0RC0RD_1LC0LD_1RA0LA	2	2	0	100000	128
1RB1RC_0RC0RD_1LC0LD_1RA0LA	4	2	0	100000	128
1RB1RC_1LA1RC_0RA1LD_1LA0LD	2	2	0	100000	128
1RB1RC_1LA1RC_0RA1LD_1LA0LD	3	2	0	100000	128
1RB1RC_1LA1RC_0RA1LD_1LA0LD	4	2	0	100000	128
1RB1RC_1LA1RC_0RA1LD_1LA0LD	6	2	0	100000	128
1RB1RC_1LA1RC_0RA1LD_1LA0LD	12	2	0	100000	128
1RB1RC_1LB1RC_0RA1LD_1LA0LD	2	2	0	100000	128
1RB1RC_1LB1RC_0RA1LD_1LA0LD	3	2	0	100000	128
1RB1RC_1LB1RC_0RA1LD_1LA0LD	4	2	0	100000	128
1RB1RC_1LB1RC_0RA1LD_1LA0LD	6	2	0	100000	128
1RB1RC_1LB1RC_0RA1LD_1LA0LD	12	2	0	100000	128
1RB1RC_1LC0LA_0RD0LB_1RA0RA	2	2	0	100000	128
1RB1RC_1LC0LA_0RD0LB_1RA0RA	4	2	0	100000	128
1RB1RC_1LC0LA_0RD0LB_1RA0RA	6	2	0	100000	128
1RB1RC_1LC0LA_0RD0LB_1RA0RA	12	2	0	100000	128
1RB1RC_1LC0RA_1RB0LD_1LA1LD	3	2	0	100000	128
1RB1RC_1LC0RA_1RB0LD_1LA1LD	6	2	0	100000	128
1RB1RC_1LC0RA_1RB0LD_1LA1LD	12	2	0	100000	128
1RB1RC_1LC0RC_0RA0LD_1LA0LA	5	2	0	100000	128
1RB1RC_1LC0RC_0RA0LD_1LA0LA	10	2	0	100000	128
1RB1RC_1LC1RA_1LD0RA_1LA0LB	2	2	0	100000	128
1RB1RC_1LC1RA_1LD0RA_1LA0LB	4	2	0	100000	128
1RB1RC_1LC1RA_1LD0RA_1LA0LB	8	2	0	100000	128
1RB1RC_1LC1RB_1LD0RA_0RB0LD	2	2	0	100000	128
1RB1RC_1LC1RB_1LD0RA_0RB0LD	4	2	0	100000	128
1RB1RD_0LC1LB_1LD1LB_1RA0RD	2	2	0	100000	128
1RB1RD_0LC1LB_1LD1LB_1RA0RD	3	2	0	100000	128
1RB1RD_0LC1LB_1LD1LB_1RA0RD	6	2	0	100000	128
1RB1RD_1LC0LB_0LA1RA_1LB0RD	2	2	0	100000	128
1RB1RD_1LC0LD_1LD0LB_0RA1RD	2	2	0	100000	128
1RB1RD_1LC0LD_1LD0LB_0RA1RD	3	2	0	100000	128
1RB1RD_1LC0LD_1LD0LB_0RA1RD	4	2	0	100000	128
1RB1RD_1LC0LD_1LD0LB_0RA1RD	6	2	0	100000	128
1RB1RD_1LC0LD_1LD0LB_0RA1RD	12	2	0	100000	128
1RB1RD_1LC0LD_1RA0LB_0RA1RD	3	2	0	100000	128
1RB1RD_1LC0LD_1RA0LB_0RA1RD	6	2	0	100000	128
1RB1RD_1LC0LD_1RA0LB_0RA1RD	12	2	0	100000	128
1RB1RD_1LC0LD_1RD0LB_0RA1RD	3	2	0	100000	128
1RB1RD_1LC0LD_1RD0LB_0RA1RD	6	2	0	100000	128
1RB1RD_1LC0LD_1RD0LB_0RA1RD	12	2	0	100000	128
1RB1RD_1LC0RA_1LD1LC_1RB0LC	2	2	0	100000	128
1RB1RD_1LC0RA_1LD1LC_1RB0LC	3	2	0	100000	128
1RB1RD_1LC0RA_1LD1LC_1RB0LC	4	2	0	100000	128
1RB1RD_1LC0RA_1LD1LC_1RB0LC	6	2	0	100000	128
1RB1RD_1LC0RA_1LD1LC_1RB0LC	12	2	0	100000	128
1RB1RD_1LC0RA_1RD1LD_0LB1RB	3	2	0	100000	128
1RB1RD_1LC0RA_1RD1LD_0LB1RB	6	2	0	100000	128
1RB1RD_1LC0RD_0LD0LB_0RA0LB	2	2	0	100000	128
1RB1RD_1LC0RD_0LD0LB_0RA0LB	3	2	0	100000	128
1RB1RD_1LC0RD_0LD0LB_0RA0LB	4	2	0	100000	128
1RB1RD_1LC0RD_0LD0LB_0RA0LB	6	2	0	100000	128
1RB1RD_1LC0RD_0LD0LB_0RA0LB	12	2	0	100000	128
1RB1RD_1LC1LB_0RA0LB_1RC1RD	2	2	0	100000	128
1RB1RD_1LC1LB_0RA0LB_1RC1RD	3	2	0	100000	128
1RB1RD_1LC1LB_0RA0LB_1RC1RD	6	2	0	100000	128
1RB1RD_1LC1LB_1RA0LB_0RA0RC	2	2	0	100000	128
1RB1RD_1LC1LB_1RA0LB_0RA0RC	3	2	0	100000	128
1RB1RD_1LC1LB_1RA0LB_0RA0RC	4	2	0	100000	128
1RB1RD_1LC1LB_1RA0LB_0RA0RC	6	2	0	100000	128
1RB1RD_1LC1LB_1RA0LB_0RA0RC	12	2	0	100000	128
1RB1RD_1LC1RA_1LD0LC_0RA1LB	7	2	0	100000	128
1RB1RD_1LC1RA_1LD0LC_0RA1LB	14	2	0	100000	128
1RB1RD_1LC1RB_1LD0LB_0RA1RD	3	2	0	100000	128
1RB1RD_1LC1RB_1LD0LB_0RA1RD	6	2	0	100000	128
1RB1RD_1LC1RB_1LD0LB_0RA1RD	12	2	0	100000	128
1RB1RD_1LC1RB_1RA0LB_0RA1RD	3	2	0	100000	128
1RB1RD_1LC1RB_1RA0LB_0RA1RD	6	2	0	100000	128
1RB1RD_1LC1RB_1RA0LB_0RA1RD	12	2	0	100000	128
1RB1RD_1LC1RB_1RD0LB_0RA1RD	3	2	0	100000	128
1RB1RD_1LC1RB_1RD0LB_0RA1RD	6	2	0	100000	128
1RB1RD_1LC1RB_1RD0LB_0RA1RD	12	2	0	100000	128
1RB1RD_1LC1RC_0RA0LB_1LD1LB	2	2	0	100000	128
1RB1RD_1LC1RC_0RA0LB_1LD1LB	4	2	0	100000	128
1RB1RD_1LC1RD_1LA0LC_0RA1LC	2	2	0	100000	128
1RB1RD_1LC1RD_1LA0LC_0RA1LC	3	2	0	100000	128
1RB1RD_1LC1RD_1LA0LC_0RA1LC	4	2	0	100000	128
1RB1RD_1LC1RD_1LA0LC_0RA1LC	6	2	0	100000	128
1RB1RD_1LC1RD_1LA0LC_0RA1LC	12	2	0	100000	128
1RB1RD_1LC1RD_1LD0LC_0RA0LA	2	2	0	100000	128
1RB1RD_1LC1RD_1LD0LC_0RA0LA	4	2	0	100000	128
1RB1RD_1LC1RD_1LD0LC_0RA0LA	8	2	0	100000	128
1RB1RD_1RC0RA_1LD1LC_1RB0LC	2	2	0	100000	128
1RB1RD_1RC0RA_1LD1LC_1RB0LC	3	2	0	100000	128
1RB1RD_1RC0RA_1LD1LC_1RB0LC	4	2	0	100000	128
1RB1RD_1RC0RA_1LD1LC_1RB0LC	6	2	0	100000	128
1RB1RD_1RC0RA_1LD1LC_1RB0LC	12	2	0	100000	128
