# spec	subclass	growth_exp_1e6_1e8	live_density_1e8	quiet_pins_1e8	qc_result
0RB---_0LC---_0RB---_------	cycler	0.000	dense	A0@0	boarded
0RB---_0LC0RC_0LD1RC_1RB1LD	sweep_counter	0.331	dense	A0@0	-
0RB---_0LC0RD_1RB1LC_0LC1RD	sweep_counter	0.332	dense	A0@0	-
0RB---_0LC1RB_1RD1LC_0LB0RB	sweep_counter	0.332	dense	A0@0	-
0RB---_0LC1RB_1RD1LC_0LC0RB	sweep_counter	0.332	dense	A0@0	-
0RB---_0LC1RB_1RD1LC_1LB0RB	sweep_counter	0.333	dense	A0@0	-
0RB---_0LC1RB_1RD1LC_1LC0RB	sweep_counter	0.333	dense	A0@0	-
0RB---_0LC1RB_1RD1LC_1RB0RB	sweep_counter	0.333	dense	A0@0	-
0RB---_0RC0LC_0RD1LC_1LB1RD	sweep_counter	0.330	dense	A0@0	-
0RB---_0RC0LD_1LB1RC_0RC1LD	sweep_counter	0.331	dense	A0@0	-
0RB---_0RC1LB_1LD1RC_0RB0LB	sweep_counter	0.331	dense	A0@0	-
0RB---_0RC1LB_1LD1RC_0RC0LB	sweep_counter	0.331	dense	A0@0	-
0RB---_0RC1LB_1LD1RC_1LB0LB	sweep_counter	0.333	dense	A0@0	-
0RB---_0RC1LB_1LD1RC_1RB0LB	sweep_counter	0.333	dense	A0@0	-
0RB---_0RC1LB_1LD1RC_1RC0LB	sweep_counter	0.333	dense	A0@0	-
0RB---_1LA1LA_------_------	cycler	0.000	dense	B0@1	boarded
0RB---_1LA1RC_1LD0RC_0LD1LA	counter_new	0.057	dense	B0@1	boarded
0RB---_1LC0LA_1RD1LB_0LC0RD	counter_boxfail	0.062	dense	A0@9,B1@8	-
0RB---_1LC0LC_0RD1LC_1LB1RD	sweep_counter	0.332	dense	A0@0	-
0RB---_1LC0RC_0LD1RC_1RB1LD	sweep_counter	0.332	dense	A0@0	-
0RB---_1LC0RD_1LD1LB_1RB0LC	bouncer_hybrid	0.493	sparse	A0@0	-
0RB---_1LC0RD_1RB1LC_0LC1RD	sweep_counter	0.332	dense	A0@0	-
0RB---_1LC0RD_1RD0LB_1RB1RC	bouncer_hybrid	0.516	sparse	A0@0	-
0RB---_1LC1LD_1RD0LB_1LB0RC	bouncer_hybrid	0.486	sparse	A0@0	-
0RB---_1LC1RA_0LD1RB_1RD0LC	counter_new	0.061	dense	D0@4	boarded
0RB---_1LC1RB_0RB0LD_0RB1LD	sweep_counter	0.332	dense	A0@0	-
0RB---_1LC1RB_0RD0LD_0RB1LD	sweep_counter	0.332	dense	A0@0	-
0RB---_1LC1RB_1LD0LD_0RB1LD	sweep_counter	0.333	dense	A0@0	-
0RB---_1LC1RB_1RB0LD_0RB1LD	sweep_counter	0.333	dense	A0@0	-
0RB---_1LC1RB_1RD0LD_0RB1LD	sweep_counter	0.333	dense	A0@0	-
0RB---_1RC0LC_0RD1LC_1LB1RD	sweep_counter	0.332	dense	A0@0	-
0RB---_1RC0LD_1LB1RC_0RC1LD	sweep_counter	0.332	dense	A0@0	-
0RB---_1RC0LD_1LD0RB_1LB1LC	bouncer_hybrid	0.516	sparse	A0@0	-
0RB---_1RC0LD_1RD1RB_1LB0RC	bouncer_hybrid	0.493	sparse	A0@0	-
0RB---_1RC0RC_0LD1RC_1RB1LD	sweep_counter	0.332	dense	A0@0	-
0RB---_1RC1LB_0LB0RD_0LB1RD	sweep_counter	0.332	dense	A0@0	-
0RB---_1RC1LB_0LD0RD_0LB1RD	sweep_counter	0.332	dense	A0@0	-
0RB---_1RC1LB_1LB0RD_0LB1RD	sweep_counter	0.333	dense	A0@0	-
0RB---_1RC1LB_1LD0RD_0LB1RD	sweep_counter	0.333	dense	A0@0	-
0RB---_1RC1LB_1RD0RD_0LB1RD	sweep_counter	0.333	dense	A0@0	-
0RB---_1RC1RC_1LD0RC_0LD1LA	counter_new	0.057	dense	B0@1	boarded
0RB---_1RC1RD_0LC1LA_1LC0RD	counter_new	0.057	dense	B0@1	boarded
0RB---_1RC1RD_1LD0RB_1RB0LC	bouncer_hybrid	0.486	sparse	A0@0	-
0RB0LA_1LC1RB_0LD1LA_1RD1RA	counter_boxfail	0.064	dense	D0@4	-
0RB0LA_1RC0LD_1LD0RC_1LA0LA	counter_new	0.065	dense	D1@3	boarded
0RB0LA_1RC0LD_1LD0RC_1LA1LB	counter_new	0.065	dense	D1@3	boarded
0RB0LA_1RC0LD_1LD0RC_1LA1RC	counter_new	0.065	dense	D1@3	boarded
0RB0LA_1RC1LB_1LA1RD_0LB0RC	counter_new	0.073	sparse	A1@3	boarded
0RB0LB_0RC0LA_1LB1RD_1LA1RC	counter_boxfail	0.065	dense	A0@0	-
0RB0LB_0RC0LA_1LB1RD_1RC---	counter_new	0.061	dense	A0@0	boarded
0RB0LB_0RC0LA_1RD---_1LA1RC	counter_new	0.071	dense	A0@0	boarded
0RB0LB_0RC0LB_1RD---_1LA1RC	counter_new	0.071	dense	A0@0	boarded
0RB0LB_0RC1LA_1LB1RD_1LA1RC	counter_new	0.070	sparse	A0@0	boarded
0RB0LB_0RC1LA_1LB1RD_1LC1RC	counter_new	0.061	sparse	A0@0	boarded
0RB0LB_0RC1LA_1LB1RD_1RC0LA	counter_new	0.070	dense	A0@0	no interior chain
0RB0LB_0RC1LA_1LB1RD_1RC0LC	counter_new	0.073	dense	A0@0	boarded
0RB0LB_0RC1LA_1LB1RD_1RC1RC	counter_new	0.061	sparse	A0@0	boarded
0RB0LB_0RC1LB_1LA1RD_1RC0LB	counter_new	0.070	sparse	A0@3	boarded
0RB0LB_0RC1LB_1LB1RD_1LA1RD	sweep_counter	0.331	dense	A0@0	-
0RB0LB_0RC1LB_1LD1RC_1LB1LA	sweep_counter	0.334	dense	A0@0	-
0RB0LB_0RC1LB_1LD1RC_1RB1LA	sweep_counter	0.334	dense	A0@0	-
0RB0LB_0RC1LB_1LD1RC_1RC1LA	sweep_counter	0.334	dense	A0@0	-
0RB0LB_0RC1LB_1RD0LB_1LA1RC	counter_new	0.060	sparse	A0@0	boarded
0RB0LB_0RC1LB_1RD1RD_1LA1RD	sweep_counter	0.331	dense	A0@0	-
0RB0LB_0RC1LD_1LB1RC_0RA0LB	counter_new	0.070	sparse	A0@0	boarded
0RB0LB_0RC1LD_1LB1RC_1LC1LA	counter_boxfail	0.076	sparse	A0@0	-
0RB0LB_0RC1LD_1RD0LA_1LA1RC	counter_new	0.071	dense	A0@0	boarded
0RB0LB_1LC1LA_1RD1RC_0LA0RC	counter_new	0.075	dense	A0@0	no overflow chain
0RB0LB_1LC1RD_0RD0LC_1RB1LA	counter_new	0.075	sparse	A0@4	boarded
0RB0LB_1RC1LB_1LB0RD_1LA1RD	sweep_counter	0.334	dense	A0@0	-
0RB0LB_1RC1LB_1LD0RD_1LA1RD	sweep_counter	0.333	dense	A0@11	-
0RB0LB_1RC1LB_1RD0RD_1LA1RD	sweep_counter	0.333	dense	A0@9	-
0RB0LC_0LC0LC_0RD1LA_1LC1RD	counter_new	0.072	sparse	B0@1	boarded
0RB0LC_0LC0RD_1LA1LC_1RC1RB	counter_boxfail	0.075	dense	B0@1	-
0RB0LC_0LC1LC_0RD1LA_1LC1RD	counter_new	0.077	dense	B0@1	boarded
0RB0LC_0LC1LC_0RD1LC_1LA1RD	sweep_counter	0.332	dense	B0@1	-
0RB0LC_0LC1LD_0RD1LA_1LC1RD	counter_new	0.062	sparse	B0@1	boarded
0RB0LC_0LC1RD_0RD1LA_1LC1RD	counter_new	0.070	sparse	B0@1	boarded
0RB0LC_0LC1RD_0RD1LC_1LA1RD	sweep_counter	0.332	dense	B0@1	-
0RB0LC_0RC0LC_0RD1LA_1LC1RD	counter_new	0.069	sparse	B0@1	boarded
0RB0LC_0RC0RD_1LA1LC_1RC1RB	counter_boxfail	0.073	dense	B0@1	-
0RB0LC_0RC1LC_0RD1LA_1LC1RD	counter_new	0.073	dense	B0@1	boarded
0RB0LC_0RC1LC_0RD1LC_1LA1RD	sweep_counter	0.330	dense	B0@1	-
0RB0LC_0RC1LD_0RD1LA_1LC1RD	counter_new	0.062	sparse	B0@1	boarded
0RB0LC_0RC1RD_0RD1LA_1LC1RD	counter_new	0.067	sparse	B0@1	boarded
0RB0LC_0RC1RD_0RD1LC_1LA1RD	sweep_counter	0.330	dense	B0@1	-
0RB0LC_1LA0LC_0RD1LA_1LC1RD	counter_new	0.072	sparse	B0@1	boarded
0RB0LC_1LA1LC_0RD1LA_1LC1RD	counter_new	0.077	dense	B0@1	boarded
0RB0LC_1LA1LC_0RD1LC_1LA1RD	sweep_counter	0.332	dense	B0@1	-
0RB0LC_1LA1LC_1RD0LC_0RD1LA	counter_new	0.068	dense	B0@1	boarded
0RB0LC_1LA1RB_0LD0LA_1RD1RA	counter_boxfail	0.058	dense	D0@9	-
0RB0LC_1LA1RB_0LD0LC_1RD1RA	counter_boxfail	0.058	dense	D0@9	-
0RB0LC_1LA1RB_0LD1LA_1RD1RA	counter_boxfail	0.064	dense	D0@9	-
0RB0LC_1LA1RB_0RD1LC_1LC1RB	sweep_counter	0.332	dense	A0@2	-
0RB0LC_1LA1RB_0RD1LC_1RB1RB	sweep_counter	0.332	dense	A0@2	-
0RB0LC_1LA1RB_0RD1LC_1RC1RB	sweep_counter	0.332	dense	A0@2	-
0RB0LC_1LA1RB_0RD1LC_1RD1RB	sweep_counter	0.332	dense	A0@2	-
0RB0LC_1LA1RB_1RC1LD_0RB1LD	sweep_counter	0.332	dense	A0@2	-
0RB0LC_1LA1RB_1RD1LC_1LB0RB	sweep_counter	0.333	dense	A0@2	-
0RB0LC_1LA1RB_1RD1LC_1RB0RB	sweep_counter	0.333	dense	A0@2	-
0RB0LC_1LC0LC_0RD1LA_1LC1RD	counter_new	0.072	sparse	B0@1	boarded
0RB0LC_1LC0RA_1RD1LB_0LC0RD	counter_boxfail	0.061	dense	A0@0,A1@9,B1@8	-
0RB0LC_1LC0RD_1LA1LC_1RC1RB	counter_boxfail	0.075	dense	B0@6	-
0RB0LC_1LC1LC_0RD1LA_1LC1RD	counter_new	0.077	dense	B0@1	boarded
0RB0LC_1LC1LC_0RD1LC_1LA1RD	sweep_counter	0.332	dense	B0@1	-
0RB0LC_1LC1LC_1RD0LC_0RD1LA	counter_new	0.068	dense	B0@1	boarded
0RB0LC_1LC1LD_0RD1LA_1LC1RD	counter_new	0.062	sparse	B0@1	boarded
0RB0LC_1LC1RA_1RD1LB_0LC0RD	counter_boxfail	0.061	dense	A0@0,A1@9,B1@8	-
0RB0LC_1LC1RB_0LD0LA_1RD1RA	counter_boxfail	0.060	dense	D0@4	-
0RB0LC_1LC1RB_0LD1LA_0RD1RA	counter_new	0.067	dense	D0@4	boarded
0RB0LC_1LC1RB_0LD1LA_1RA1RA	counter_new	0.070	dense	D0@3	boarded
0RB0LC_1LC1RB_0LD1LA_1RC1RA	counter_new	0.070	dense	D0@3	boarded
0RB0LC_1LC1RB_0LD1LA_1RD1RA	counter_new	0.067	dense	D0@4	boarded
0RB0LC_1LC1RB_0RB1LD_0RA0LC	counter_new	0.072	sparse	A0@0	boarded
0RB0LC_1LC1RB_0RB1LD_1LB1LA	counter_boxfail	0.076	sparse	A0@0	-
0RB0LC_1LC1RB_0RD1LA_1LA0LC	counter_new	0.070	sparse	D1@3	boarded
0RB0LC_1LC1RB_0RD1LA_1LA0LD	counter_new	0.070	sparse	D1@3	boarded
0RB0LC_1LC1RB_0RD1LA_1LA0RC	counter_new	0.067	sparse	D1@3	boarded
0RB0LC_1LC1RB_0RD1LA_1LA0RD	counter_new	0.069	sparse	D1@3	boarded
0RB0LC_1LC1RB_0RD1LA_1LA1LA	counter_new	0.070	sparse	D1@3	boarded
0RB0LC_1LC1RB_0RD1LA_1LA1LD	counter_new	0.070	sparse	D1@3	boarded
0RB0LC_1LC1RB_0RD1LA_1LA1RB	counter_new	0.070	sparse	D1@3	boarded
0RB0LC_1LC1RB_0RD1LA_1LA1RC	counter_new	0.067	sparse	D1@3	boarded
0RB0LC_1LC1RB_0RD1LA_1LA1RD	counter_new	0.070	sparse	D1@3	boarded
0RB0LC_1LC1RB_0RD1LA_1RA1LA	counter_new	0.072	dense	D1@3	boarded
0RB0LC_1LC1RB_0RD1LA_1RA1LD	counter_new	0.072	dense	D1@3	boarded
0RB0LC_1LC1RB_0RD1LA_1RA1RB	counter_new	0.072	dense	D1@3	boarded
0RB0LC_1LC1RB_0RD1LA_1RB0LC	counter_new	0.070	sparse	D1@3	boarded
0RB0LC_1LC1RB_0RD1LA_1RB0LD	counter_new	0.070	sparse	D1@3	boarded
0RB0LC_1LC1RB_0RD1LA_1RB0RC	counter_new	0.067	sparse	D1@3	boarded
0RB0LC_1LC1RB_0RD1LA_1RB0RD	counter_new	0.069	sparse	D1@3	boarded
0RB0LC_1LC1RB_0RD1LA_1RB1LA	counter_new	0.070	sparse	D1@3	boarded
0RB0LC_1LC1RB_0RD1LA_1RB1LD	counter_new	0.070	sparse	D1@3	boarded
0RB0LC_1LC1RB_0RD1LA_1RB1RB	counter_new	0.070	sparse	D1@3	boarded
0RB0LC_1LC1RB_0RD1LA_1RB1RC	counter_new	0.067	sparse	D1@3	boarded
0RB0LC_1LC1RB_0RD1LA_1RB1RD	counter_new	0.070	sparse	D1@3	boarded
0RB0LC_1LC1RB_1RD1LA_0LB0LA	counter_new	0.073	sparse	D1@3	boarded
0RB0LC_1LC1RB_1RD1LA_0LB0LB	counter_new	0.073	sparse	D1@3	boarded
0RB0LC_1LC1RB_1RD1LA_0LB0LC	counter_new	0.073	sparse	D1@3	boarded
0RB0LC_1LC1RB_1RD1LA_0LB0RC	counter_new	0.073	sparse	D1@3	boarded
0RB0LC_1LC1RB_1RD1LA_0LB0RD	counter_new	0.073	sparse	D1@3	boarded
0RB0LC_1LC1RB_1RD1LA_0LB1LA	counter_new	0.073	sparse	D1@3	boarded
0RB0LC_1LC1RB_1RD1LA_0LB1LB	counter_new	0.073	sparse	D1@3	boarded
0RB0LC_1LC1RB_1RD1LA_0LB1LC	counter_new	0.073	sparse	D1@3	boarded
0RB0LC_1LC1RB_1RD1LA_0LB1RB	counter_new	0.073	sparse	D1@3	boarded
0RB0LC_1LC1RB_1RD1LA_0LB1RC	counter_new	0.073	sparse	D1@3	boarded
0RB0LC_1LC1RB_1RD1LA_0LB1RD	counter_new	0.073	sparse	D1@3	boarded
0RB0LC_1LC1RB_1RD1LA_0LC0LA	counter_new	0.073	sparse	D1@3	boarded
0RB0LC_1LC1RB_1RD1LA_0LC0LB	counter_new	0.073	sparse	D1@3	boarded
0RB0LC_1LC1RB_1RD1LA_0LC0LC	counter_new	0.073	sparse	D1@3	boarded
0RB0LC_1LC1RB_1RD1LA_0LC0LD	counter_new	0.073	sparse	D1@4	boarded
0RB0LC_1LC1RB_1RD1LA_0LC0RC	counter_new	0.073	sparse	D1@3	boarded
0RB0LC_1LC1RB_1RD1LA_0LC0RD	counter_new	0.073	sparse	D1@3	boarded
0RB0LC_1LC1RB_1RD1LA_0LC1LA	counter_new	0.073	sparse	D1@3	boarded
0RB0LC_1LC1RB_1RD1LA_0LC1LB	counter_new	0.073	sparse	D1@3	boarded
0RB0LC_1LC1RB_1RD1LA_0LC1LC	counter_new	0.073	sparse	D1@3	boarded
0RB0LC_1LC1RB_1RD1LA_0LC1LD	counter_new	0.073	sparse	D1@4	boarded
0RB0LC_1LC1RB_1RD1LA_0LC1RB	counter_new	0.073	sparse	D1@3	boarded
0RB0LC_1LC1RB_1RD1LA_0LC1RC	counter_new	0.073	sparse	D1@3	boarded
0RB0LC_1LC1RB_1RD1LA_0LC1RD	counter_new	0.073	sparse	D1@3	boarded
0RB0LC_1LC1RB_1RD1LA_1LB0LA	counter_new	0.073	sparse	D1@3	boarded
0RB0LC_1LC1RB_1RD1LA_1LB0LB	counter_new	0.073	sparse	D1@3	boarded
0RB0LC_1LC1RB_1RD1LA_1LB0LC	counter_new	0.073	sparse	D1@3	boarded
0RB0LC_1LC1RB_1RD1LA_1LB0RC	counter_new	0.073	sparse	D1@3	boarded
0RB0LC_1LC1RB_1RD1LA_1LB0RD	counter_new	0.073	sparse	D1@3	boarded
0RB0LC_1LC1RB_1RD1LA_1LB1LA	counter_new	0.073	sparse	D1@3	boarded
0RB0LC_1LC1RB_1RD1LA_1LB1LB	counter_new	0.073	sparse	D1@3	boarded
0RB0LC_1LC1RB_1RD1LA_1LB1LC	counter_new	0.073	sparse	D1@3	boarded
0RB0LC_1LC1RB_1RD1LA_1LB1RB	counter_new	0.073	sparse	D1@3	boarded
0RB0LC_1LC1RB_1RD1LA_1LB1RC	counter_new	0.073	sparse	D1@3	boarded
0RB0LC_1LC1RB_1RD1LA_1LB1RD	counter_new	0.073	sparse	D1@3	boarded
0RB0LC_1LC1RB_1RD1LA_1LC0LA	counter_new	0.073	sparse	D1@3	boarded
0RB0LC_1LC1RB_1RD1LA_1LC0LB	counter_new	0.073	sparse	D1@3	boarded
0RB0LC_1LC1RB_1RD1LA_1LC0LC	counter_new	0.073	sparse	D1@3	boarded
0RB0LC_1LC1RB_1RD1LA_1LC0RC	counter_new	0.073	sparse	D1@3	boarded
0RB0LC_1LC1RB_1RD1LA_1LC1LA	counter_new	0.073	sparse	D1@3	boarded
0RB0LC_1LC1RB_1RD1LA_1LC1LB	counter_new	0.073	sparse	D1@3	boarded
0RB0LC_1LC1RB_1RD1LA_1LC1LC	counter_new	0.073	sparse	D1@3	boarded
0RB0LC_1LC1RB_1RD1LA_1LC1RB	counter_new	0.073	sparse	D1@3	boarded
0RB0LC_1LC1RB_1RD1LA_1LC1RC	counter_new	0.073	sparse	D1@3	boarded
0RB0LC_1LC1RB_1RD1LA_1LC1RD	counter_new	0.073	sparse	D1@3	boarded
0RB0LC_1LC1RB_1RD1LA_1RB0LA	counter_new	0.073	sparse	D1@3	no overflow chain
0RB0LC_1LC1RB_1RD1LA_1RB0LB	counter_new	0.073	sparse	D1@3	no overflow chain
0RB0LC_1LC1RB_1RD1LA_1RB0LC	counter_new	0.073	sparse	D1@3	no overflow chain
0RB0LC_1LC1RB_1RD1LA_1RB0LD	counter_new	0.073	sparse	D1@4	no overflow chain
0RB0LC_1LC1RB_1RD1LA_1RB0RC	counter_new	0.073	sparse	D1@3	no overflow chain
0RB0LC_1LC1RB_1RD1LA_1RB0RD	counter_new	0.073	sparse	D1@3	no overflow chain
0RB0LC_1LC1RB_1RD1LA_1RB1LA	counter_new	0.073	sparse	D1@3	boarded
0RB0LC_1LC1RB_1RD1LA_1RB1LB	counter_new	0.073	sparse	D1@3	no overflow chain
0RB0LC_1LC1RB_1RD1LA_1RB1LC	counter_new	0.073	sparse	D1@3	no overflow chain
0RB0LC_1LC1RB_1RD1LA_1RB1LD	counter_new	0.073	sparse	D1@4	boarded
0RB0LC_1LC1RB_1RD1LA_1RB1RB	counter_new	0.073	sparse	D1@3	no overflow chain
0RB0LC_1LC1RB_1RD1LA_1RB1RC	counter_new	0.073	sparse	D1@3	boarded
0RB0LC_1LC1RB_1RD1LA_1RB1RD	counter_new	0.073	sparse	D1@3	boarded
0RB0LC_1LC1RB_1RD1LA_1RC0LB	counter_new	0.073	sparse	D1@3	boarded
0RB0LC_1LC1RB_1RD1LA_1RC0LC	counter_new	0.073	sparse	D1@3	boarded
0RB0LC_1LC1RB_1RD1LA_1RC1LA	counter_new	0.073	sparse	D1@3	boarded
0RB0LC_1LC1RB_1RD1LA_1RC1LB	counter_new	0.073	sparse	D1@3	boarded
0RB0LC_1LC1RB_1RD1LA_1RC1LC	counter_new	0.073	sparse	D1@3	boarded
0RB0LC_1LC1RB_1RD1LA_1RC1LD	counter_new	0.073	sparse	D1@4	boarded
0RB0LC_1LC1RB_1RD1LA_1RC1RB	counter_new	0.073	sparse	D1@3	boarded
0RB0LC_1LC1RC_0RD1LC_1LA1RD	sweep_counter	0.332	dense	B0@1	-
0RB0LC_1LC1RD_0RB0LA_1LA1RB	counter_boxfail	0.068	dense	A0@0	-
0RB0LC_1LC1RD_0RB0LA_1RB---	counter_new	0.062	dense	A0@0	boarded
0RB0LC_1LC1RD_0RB1LA_1RB0LA	counter_boxfail	0.073	dense	A0@0	-
0RB0LC_1LC1RD_0RB1LC_1LA1RD	sweep_counter	0.332	dense	A0@0	-
0RB0LC_1LC1RD_0RD1LA_1LC1RD	counter_new	0.070	sparse	B0@1	boarded
0RB0LC_1LC1RD_0RD1LC_1LA1RD	sweep_counter	0.332	dense	B0@1	-
0RB0LC_1RC0LA_1LD1RB_0RC0LD	counter_boxfail	0.062	dense	A0@0,A1@9,B1@8	-
0RB0LC_1RC0LC_0RD1LA_1LC1RD	counter_new	0.069	sparse	B0@1	boarded
0RB0LC_1RC0RD_1LA1LC_1RC1RB	counter_boxfail	0.075	dense	B0@1	-
0RB0LC_1RC1LA_1LD1RB_0RC0LD	counter_boxfail	0.062	dense	A0@0,A1@9,B1@8	-
0RB0LC_1RC1LB_1LA1RD_0LB0RC	counter_new	0.073	sparse	A1@3	boarded
0RB0LC_1RC1LC_0RD1LA_1LC1RD	counter_new	0.073	dense	B0@1	boarded
0RB0LC_1RC1LC_0RD1LC_1LA1RD	sweep_counter	0.330	dense	B0@1	-
0RB0LC_1RC1LD_0RD1LA_1LC1RD	counter_new	0.062	sparse	B0@1	boarded
0RB0LC_1RC1RD_0RD1LA_1LC1RD	counter_new	0.067	sparse	B0@1	boarded
0RB0LC_1RC1RD_0RD1LC_1LA1RD	sweep_counter	0.330	dense	B0@1	-
0RB0LD_0LC0LD_1LD1RC_0RC1LA	counter_new	0.072	sparse	B0@1	boarded
0RB0LD_0LC0RC_1RD1RB_1LA1LD	counter_new	0.075	dense	B0@1	no overflow chain
0RB0LD_0LC1LC_1LD1RC_0RC1LA	counter_new	0.062	sparse	B0@1	boarded
0RB0LD_0LC1LD_1LA1RC_0RC1LD	sweep_counter	0.332	dense	B0@1	-
0RB0LD_0LC1LD_1LD1RC_0RC1LA	counter_new	0.077	dense	B0@1	boarded
0RB0LD_0LC1RC_1LA1RC_0RC1LD	sweep_counter	0.332	dense	B0@1	-
0RB0LD_0LC1RC_1LD1RC_0RC1LA	counter_new	0.070	sparse	B0@1	boarded
0RB0LD_0RC0LD_1LD1RC_0RC1LA	counter_new	0.070	sparse	B0@1	boarded
0RB0LD_0RC0RC_1RD1RB_1LA1LD	counter_boxfail	0.075	dense	B0@1	-
0RB0LD_0RC1LB_1LA1RC_1RD1LB	sweep_counter	0.332	dense	A0@3	-
0RB0LD_0RC1LC_1LD1RC_0RC1LA	counter_new	0.062	sparse	B0@1	boarded
0RB0LD_0RC1LD_1LA1RC_0RC1LD	sweep_counter	0.331	dense	B0@1	-
0RB0LD_0RC1LD_1LD1RC_0RC1LA	counter_new	0.075	dense	B0@1	boarded
0RB0LD_0RC1RC_1LA1RC_0RC1LD	sweep_counter	0.331	dense	B0@1	-
0RB0LD_0RC1RC_1LD1RC_0RC1LA	counter_new	0.069	sparse	B0@1	boarded
0RB0LD_1LA0RC_1RD1RB_1LA1LD	counter_boxfail	0.075	dense	B0@1	-
0RB0LD_1LA1LC_0LD0LC_1RD1RB	bouncer_hybrid	0.494	sparse	A0@2	-
0RB0LD_1LA1LC_0RD0LC_1RD1RB	sweep_counter	0.335	dense	A0@2	-
0RB0LD_1LA1LC_1LD1RC_0RC1LA	counter_new	0.062	sparse	B0@1	boarded
0RB0LD_1LA1LC_1RD0LC_1RD1RB	bouncer_hybrid	0.485	sparse	A0@2	-
0RB0LD_1LA1RC_1LA1RC_0RC1LD	sweep_counter	0.332	dense	B0@1	-
0RB0LD_1LA1RC_1LD1RC_0RC1LA	counter_new	0.070	sparse	B0@1	boarded
0RB0LD_1LA1RC_1RB0LD_0RB1LD	counter_new	0.071	sparse	A0@2	boarded
0RB0LD_1LA1RC_1RB0LD_0RC1LD	counter_new	0.061	sparse	A0@2	boarded
0RB0LD_1LC0LD_1LA0LC_1RD1RC	bouncer_hybrid	0.516	sparse	B0@1	-
0RB0LD_1LC0LD_1LD1RC_0RC1LA	counter_new	0.072	sparse	B0@1	boarded
0RB0LD_1LC0RA_1RD1LB_0LC0RD	counter_boxfail	0.060	dense	A0@0,A1@9,B1@8	-
0RB0LD_1LC0RC_1LA1RC_1RB1LD	sweep_counter	0.333	dense	A0@3	-
0RB0LD_1LC0RC_1RD1RB_1LA1LD	counter_boxfail	0.075	dense	B0@1	-
0RB0LD_1LC0RD_1LA0LC_1RD1RC	sweep_counter	0.334	dense	B0@1	-
0RB0LD_1LC1LC_1LD1RC_0RC1LA	counter_new	0.062	sparse	B0@1	boarded
0RB0LD_1LC1LD_0RC1LA_1RC0LD	counter_new	0.068	dense	B0@1	boarded
0RB0LD_1LC1LD_1LA1RC_0RC1LD	sweep_counter	0.332	dense	B0@1	-
0RB0LD_1LC1LD_1LD1RC_0RC1LA	counter_new	0.077	dense	B0@1	boarded
0RB0LD_1LC1RA_1RD1LB_0LC0RD	counter_boxfail	0.061	dense	A0@0,A1@9,B1@8	-
0RB0LD_1LC1RB_0LD1LA_1RB1LD	bouncer_hybrid	0.478	sparse	C0@2	-
0RB0LD_1LC1RB_0RA1LA_1RB1LD	bouncer_hybrid	0.536	sparse	C0@2	-
0RB0LD_1LC1RB_0RB1LA_1RB1LD	bouncer_hybrid	0.536	sparse	C0@2	-
0RB0LD_1LC1RB_0RC1LA_1RB1LD	bouncer_hybrid	0.536	sparse	C0@2	-
0RB0LD_1LC1RB_0RD1LA_1RB1LD	bouncer_hybrid	0.536	sparse	C0@2	-
0RB0LD_1LC1RB_1LA1LA_1RB1LD	bouncer_hybrid	0.536	sparse	C0@2	-
0RB0LD_1LC1RB_1LD1LA_0RB1LD	sweep_counter	0.334	dense	A0@0	-
0RB0LD_1LC1RB_1LD1LA_1RB1LD	bouncer_hybrid	0.478	sparse	C0@2	-
0RB0LD_1LC1RB_1RA1LA_1RB1LD	bouncer_hybrid	0.536	sparse	C0@2	-
0RB0LD_1LC1RB_1RB1LA_0RB1LD	sweep_counter	0.334	dense	A0@0	-
0RB0LD_1LC1RB_1RB1LA_1RB1LD	bouncer_hybrid	0.536	sparse	C0@2	-
0RB0LD_1LC1RB_1RC1LA_1RB1LD	bouncer_hybrid	0.478	sparse	C0@2	-
0RB0LD_1LC1RB_1RD1LA_0RB1LD	sweep_counter	0.334	dense	A0@0	-
0RB0LD_1LC1RB_1RD1LA_1RB1LD	bouncer_hybrid	0.478	sparse	C0@2	-
0RB0LD_1LC1RC_1LA1RC_0RC1LD	sweep_counter	0.332	dense	B0@1	-
0RB0LD_1LC1RC_1LD1RC_0RC1LA	counter_new	0.070	sparse	B0@1	boarded
0RB0LD_1LC1RD_1LA1RC_0RC1LD	sweep_counter	0.332	dense	B0@1	-
0RB0LD_1RC---_1LA1RB_0RB0LA	counter_new	0.073	dense	A0@0	boarded
0RB0LD_1RC---_1LA1RB_0RB0LD	counter_new	0.073	dense	A0@0	boarded
0RB0LD_1RC0LA_1LD1RB_0RC0LD	counter_boxfail	0.062	dense	A0@0,A1@9,B1@8	-
0RB0LD_1RC0LD_1LA0LC_1RD1RC	bouncer_hybrid	0.516	sparse	B0@1	-
0RB0LD_1RC0LD_1LA1RB_0RB1LD	counter_new	0.061	sparse	A0@0	boarded
0RB0LD_1RC0LD_1LD1RC_0RC1LA	counter_new	0.072	sparse	B0@1	boarded
0RB0LD_1RC0RC_1LA1RC_1RB1LD	sweep_counter	0.333	dense	A0@0	-
0RB0LD_1RC0RC_1RD1RB_1LA1LD	counter_boxfail	0.075	dense	B0@12	-
0RB0LD_1RC0RD_1LA0LC_1RD1RC	sweep_counter	0.334	dense	B0@1	-
0RB0LD_1RC1LC_1LD1RC_0RC1LA	counter_new	0.062	sparse	B0@1	boarded
0RB0LD_1RC1LD_1LA1RC_0RC1LD	sweep_counter	0.332	dense	B0@1	-
0RB0LD_1RC1LD_1LD1RC_0RC1LA	counter_new	0.077	dense	B0@1	boarded
0RB0LD_1RC1RB_0LA0RB_1LB1LA	counter_boxfail	0.075	dense	A0@0	-
0RB0LD_1RC1RC_1LA1RC_0RB1LD	sweep_counter	0.332	dense	A0@0	-
0RB0LD_1RC1RC_1LA1RC_0RC1LD	sweep_counter	0.332	dense	B0@1	-
0RB0LD_1RC1RC_1LD1RC_0RC1LA	counter_new	0.070	sparse	B0@1	boarded
0RB0LD_1RC1RD_1LA1RC_0RC1LD	sweep_counter	0.332	dense	B0@1	-
0RB0RB_0LC0RA_1LD---_1RA1LC	counter_new	0.073	dense	A0@0	boarded
0RB0RB_0LC0RA_1RB1LD_1LC---	counter_new	0.062	dense	A0@0	boarded
0RB0RB_0LC0RA_1RB1LD_1RA1LC	counter_boxfail	0.068	dense	A0@0	-
0RB0RB_0LC0RB_1LD---_1RA1LC	counter_new	0.073	dense	A0@0	boarded
0RB0RB_0LC1RA_1RB1LD_1LC0RA	counter_boxfail	0.073	dense	A0@0	-
0RB0RB_0LC1RB_1LD0RB_1RA1LC	counter_new	0.061	sparse	A0@0	boarded
0RB0RB_0LC1RB_1LD1LD_1RA1LD	sweep_counter	0.332	dense	A0@0	-
0RB0RB_0LC1RB_1RB1LD_1RA1LD	sweep_counter	0.332	dense	A0@0	-
0RB0RB_0LC1RB_1RD1LC_1LB1RA	sweep_counter	0.334	dense	A0@0	-
0RB0RB_0LC1RB_1RD1LC_1LC1RA	sweep_counter	0.334	dense	A0@0	-
0RB0RB_0LC1RB_1RD1LC_1RB1RA	sweep_counter	0.334	dense	A0@0	-
0RB0RB_0LC1RD_1RB1LC_0LA0RB	counter_new	0.072	sparse	A0@0	boarded
0RB0RB_0LC1RD_1RB1LC_1RC1RA	counter_boxfail	0.076	sparse	A0@0	-
0RB0RB_1LA1LC_0LD0LC_1RD1RB	bouncer_hybrid	0.495	sparse	A0@2	-
0RB0RB_1LC1RB_1RB0LD_1RA1LD	sweep_counter	0.334	dense	A0@0	-
0RB0RB_1RC1LB_1LA1RD_0LB0RC	counter_new	0.073	sparse	A1@3	boarded
0RB0RB_1RC1RA_1LD1LC_0RA0LC	counter_boxfail	0.075	dense	A0@0	-
0RB0RC_1LA1LC_0LD1RA_1RC1LD	counter_new	0.075	dense	B0@1	boarded
0RB0RC_1LA1LC_0LD1RC_1RA1LD	sweep_counter	0.331	dense	B0@1	-
0RB0RC_1LC0RA_1RD1LB_0LC0RD	counter_boxfail	0.062	dense	A0@0,A1@9,B1@8	-
0RB0RC_1LC1LC_0LD1RA_1RC1LD	counter_new	0.075	dense	B0@1	boarded
0RB0RC_1LC1LC_0LD1RC_1RA1LD	sweep_counter	0.331	dense	B0@1	-
0RB0RC_1LC1RA_1RD1LB_0LC0RD	counter_boxfail	0.062	dense	A0@0,A1@9,B1@8	-
0RB0RC_1LC1RD_0RD0LC_1RB1LA	counter_boxfail	0.070	dense	A0@4,A1@18,D1@17	-
0RB0RC_1RC0LA_1LD1RB_0RC0LD	counter_boxfail	0.061	dense	A0@0,A1@9,B1@8	-
0RB0RC_1RC1LA_1LD1RB_0RC0LD	counter_boxfail	0.061	dense	A0@0,A1@9,B1@8	-
0RB0RC_1RC1LB_0LB1RD_0LA0RC	counter_new	0.072	sparse	A0@0	boarded
0RB0RC_1RC1LB_0LB1RD_1RB1RA	counter_boxfail	0.076	sparse	A0@0	-
0RB0RC_1RC1LB_1LA1RD_0LB0RC	counter_new	0.073	sparse	A1@3	boarded
0RB0RC_1RC1LD_0LB0RA_1LB---	counter_new	0.062	dense	A0@0	boarded
0RB0RC_1RC1LD_0LB0RA_1RA1LB	counter_boxfail	0.068	dense	A0@0	-
0RB0RC_1RC1LD_0LB1RA_1LB0RA	counter_boxfail	0.073	dense	A0@0	-
0RB0RC_1RC1LD_0LB1RC_1RA1LD	sweep_counter	0.332	dense	A0@0	-
0RB0RC_1RC1RB_1LD1RA_1LA1LC	bouncer_dense	0.456	dense	B1@7954264,D0@7948803	-
0RB0RC_1RC1RB_1LD1RA_1RB1LC	bouncer_dense	0.456	dense	B1@7954252,D0@7948793	-
0RB0RD_1LC---_1RA1LB_0LB0RA	counter_new	0.073	dense	A0@0	boarded
0RB0RD_1LC---_1RA1LB_0LB0RD	counter_new	0.073	dense	A0@0	boarded
0RB0RD_1LC0LC_1RA1LC_1LB1RD	sweep_counter	0.333	dense	A0@0	-
0RB0RD_1LC0RA_1RD1LB_0LC0RD	counter_boxfail	0.062	dense	A0@0,A1@9,B1@8	-
0RB0RD_1LC0RD_1RA1LB_0LB1RD	counter_new	0.061	sparse	A0@0	boarded
0RB0RD_1LC1LB_0RA0LB_1RB1RA	counter_boxfail	0.075	dense	A0@0	-
0RB0RD_1LC1LC_1RA1LC_0LB1RD	sweep_counter	0.332	dense	A0@0	-
0RB0RD_1RC0LA_1LD1RB_0RC0LD	counter_boxfail	0.060	dense	A0@0,A1@9,B1@8	-
0RB0RD_1RC1LA_1LD1RB_0RC0LD	counter_boxfail	0.061	dense	A0@0,A1@9,B1@8	-
0RB0RD_1RC1LB_1LA1RD_0LB0RC	counter_new	0.073	sparse	A1@3	boarded
0RB0RD_1RC1LB_1LB1RA_0LB1RD	sweep_counter	0.334	dense	A0@0	-
0RB0RD_1RC1LB_1LD1RA_0LB1RD	sweep_counter	0.334	dense	A0@0	-
0RB0RD_1RC1LB_1RD1RA_0LB1RD	sweep_counter	0.334	dense	A0@0	-
0RB1LA_1LC0LD_1LA0LC_1RD1RC	bouncer_hybrid	0.515	sparse	B0@1	-
0RB1LA_1LC1RB_0LD0LA_0RD1RA	sweep_counter	0.329	dense	D0@4	-
0RB1LA_1LC1RB_0LD0LA_1RA1RA	sweep_counter	0.331	dense	D0@3	-
0RB1LA_1LC1RB_0LD0LA_1RC1RA	sweep_counter	0.331	dense	D0@3	-
0RB1LA_1LC1RB_0LD0LA_1RD1RA	sweep_counter	0.329	dense	D0@4	-
0RB1LA_1LC1RB_0LD0LD_1RD1LA	sweep_counter	0.332	dense	C0@2	-
0RB1LA_1LC1RB_0RA0LD_1RD1LA	sweep_counter	0.332	dense	C0@2	-
0RB1LA_1LC1RB_0RA1LD_1LA0LA	sweep_counter	0.333	dense	C0@2	-
0RB1LA_1LC1RB_0RA1LD_1RA0LA	sweep_counter	0.333	dense	C0@2	-
0RB1LA_1LC1RB_0RA1LD_1RB0LA	sweep_counter	0.333	dense	C0@2	-
0RB1LA_1LC1RB_0RB0LD_1RD1LA	sweep_counter	0.332	dense	C0@2	-
0RB1LA_1LC1RB_0RB1LD_1LA0LA	sweep_counter	0.333	dense	C0@2	-
0RB1LA_1LC1RB_0RB1LD_1RA0LA	sweep_counter	0.333	dense	C0@2	-
0RB1LA_1LC1RB_0RB1LD_1RB0LA	sweep_counter	0.333	dense	C0@2	-
0RB1LA_1LC1RB_0RD0LD_1RD1LA	sweep_counter	0.332	dense	C0@2	-
0RB1LA_1LC1RB_1LA0LD_1RD1LA	sweep_counter	0.333	dense	C0@2	-
0RB1LA_1LC1RB_1LD0LD_1RD1LA	sweep_counter	0.332	dense	C0@2	-
0RB1LA_1LC1RB_1LD1LD_1LA0LA	sweep_counter	0.333	dense	C0@2	-
0RB1LA_1LC1RB_1LD1LD_1RA0LA	sweep_counter	0.333	dense	C0@2	-
0RB1LA_1LC1RB_1LD1LD_1RB0LA	sweep_counter	0.333	dense	C0@2	-
0RB1LA_1LC1RB_1RA0LD_1RD1LA	sweep_counter	0.333	dense	C0@2	-
0RB1LA_1LC1RB_1RB0LD_1RD1LA	sweep_counter	0.333	dense	C0@2	-
0RB1LA_1LC1RB_1RC0LD_1RD1LA	sweep_counter	0.332	dense	C0@2	-
0RB1LA_1LC1RB_1RD0LD_1RD1LA	sweep_counter	0.333	dense	C0@2	-
0RB1LA_1LC1RB_1RD1LD_1LA0LA	sweep_counter	0.333	dense	C0@2	-
0RB1LA_1LC1RB_1RD1LD_1RA0LA	sweep_counter	0.333	dense	C0@2	-
0RB1LA_1LC1RB_1RD1LD_1RB0LA	sweep_counter	0.333	dense	C0@2	-
0RB1LA_1LC1RD_0LD1LA_1RB0LA	counter_new	0.075	sparse	C0@2	boarded
0RB1LA_1LC1RD_0LD1RA_1RB0LA	counter_new	0.075	sparse	C0@2	boarded
0RB1LA_1LC1RD_0RA0LA_1RB0LA	counter_new	0.071	sparse	C0@2	boarded
0RB1LA_1LC1RD_0RA1LA_1RB0LA	counter_new	0.075	sparse	C0@2	boarded
0RB1LA_1LC1RD_0RA1LB_1RB0LA	counter_new	0.071	sparse	C0@2	boarded
0RB1LA_1LC1RD_0RA1RA_1RB0LA	counter_new	0.075	sparse	C0@2	boarded
0RB1LA_1LC1RD_0RB0LA_1RB0LA	counter_new	0.071	sparse	C0@2	boarded
0RB1LA_1LC1RD_0RB1LA_1RB0LA	counter_new	0.075	sparse	C0@2	boarded
0RB1LA_1LC1RD_0RB1LB_1RB0LA	counter_new	0.071	sparse	C0@2	boarded
0RB1LA_1LC1RD_0RB1RA_1RB0LA	counter_new	0.075	sparse	C0@2	boarded
0RB1LA_1LC1RD_0RC1LA_1RB0LA	counter_new	0.075	sparse	C0@2	boarded
0RB1LA_1LC1RD_1LA0LA_1RB0LA	counter_new	0.071	sparse	C0@2	boarded
0RB1LA_1LC1RD_1LA1LA_1RB0LA	counter_new	0.075	sparse	C0@2	boarded
0RB1LA_1LC1RD_1LA1LB_1RB0LA	counter_new	0.071	sparse	C0@2	boarded
0RB1LA_1LC1RD_1LA1RA_1RB0LA	counter_new	0.075	sparse	C0@2	boarded
0RB1LA_1LC1RD_1LD0LA_1RB0LA	counter_new	0.071	sparse	C0@2	boarded
0RB1LA_1LC1RD_1LD1LA_1RB0LA	counter_new	0.075	sparse	C0@2	boarded
0RB1LA_1LC1RD_1LD1LB_1RB0LA	counter_new	0.071	sparse	C0@2	boarded
0RB1LA_1LC1RD_1LD1RA_1RB0LA	counter_new	0.075	sparse	C0@2	boarded
0RB1LA_1LC1RD_1RA0LA_1RB0LA	counter_new	0.071	sparse	C0@2	boarded
0RB1LA_1LC1RD_1RA1LA_1RB0LA	counter_new	0.075	sparse	C0@2	boarded
0RB1LA_1LC1RD_1RA1LB_1RB0LA	counter_new	0.071	sparse	C0@2	boarded
0RB1LA_1LC1RD_1RA1RA_1RB0LA	counter_new	0.075	sparse	C0@2	boarded
0RB1LA_1LC1RD_1RB0LA_1RB0LA	counter_new	0.071	sparse	C0@2	boarded
0RB1LA_1LC1RD_1RB1LA_1RB0LA	counter_new	0.075	sparse	C0@2	boarded
0RB1LA_1LC1RD_1RB1LB_1RB0LA	counter_new	0.071	sparse	C0@2	boarded
0RB1LA_1LC1RD_1RB1RA_1RB0LA	counter_new	0.075	sparse	C0@2	boarded
0RB1LA_1LC1RD_1RC0LA_1RB0LA	counter_new	0.071	sparse	C0@2	boarded
0RB1LA_1LC1RD_1RC1LA_1RB0LA	counter_new	0.075	sparse	C0@2	boarded
0RB1LA_1LC1RD_1RC1LB_1RB0LA	counter_new	0.071	sparse	C0@2	boarded
0RB1LA_1LC1RD_1RD0LA_1RB0LA	counter_new	0.071	sparse	C0@2	boarded
0RB1LA_1LC1RD_1RD1LA_1RB0LA	counter_new	0.075	sparse	C0@2	boarded
0RB1LA_1LC1RD_1RD1LB_1RB0LA	counter_new	0.071	sparse	C0@2	boarded
0RB1LA_1LC1RD_1RD1RA_1RB0LA	counter_new	0.075	sparse	C0@2	boarded
0RB1LA_1RC0LA_1LD1RB_0LA1LC	counter_new	0.061	sparse	D0@5	boarded
0RB1LA_1RC0LA_1LD1RB_0RA1LC	counter_new	0.061	sparse	D0@5	boarded
0RB1LA_1RC0LA_1LD1RB_0RB1LC	counter_new	0.061	sparse	D0@5	boarded
0RB1LA_1RC0LA_1LD1RB_1LA1LC	counter_new	0.061	sparse	D0@5	boarded
0RB1LA_1RC0LA_1LD1RB_1LB1LC	counter_new	0.061	sparse	D0@5	boarded
0RB1LA_1RC0LA_1LD1RB_1RA1LC	counter_new	0.061	sparse	D0@5	boarded
0RB1LA_1RC0LA_1LD1RB_1RC1LC	counter_new	0.061	sparse	D0@5	boarded
0RB1LA_1RC0LD_1LA0LC_1RD1RC	bouncer_hybrid	0.515	sparse	B0@1	-
0RB1LA_1RC1LB_1LA1RD_0LB0RC	counter_new	0.073	sparse	A1@3	boarded
0RB1LB_0LC1RB_1LD0RB_1RA1LC	counter_new	0.064	sparse	A0@0	boarded
0RB1LB_0RC0LA_1RD0LB_1LA1RC	counter_boxfail	0.052	dense	A0@0	-
0RB1LB_0RC0LA_1RD0LB_1LC1RC	counter_boxfail	0.058	dense	A0@0	-
0RB1LB_0RC0LB_1RD1RA_1LA1RC	counter_boxfail	0.076	dense	A0@0	-
0RB1LB_0RC0LB_1RD1RC_1LA---	counter_new	0.071	dense	A0@0	boarded
0RB1LB_0RC0LC_1RD1LC_1LA1RD	bouncer_hybrid	0.536	sparse	A0@0	-
0RB1LB_0RC0LD_1LA1RC_1RC1LD	bouncer_hybrid	0.536	sparse	A0@3	-
0RB1LB_0RC0LD_1RD1RC_1LA0LB	counter_new	0.071	dense	A0@0	boarded
0RB1LB_0RC1LA_1LB1RD_1RC0LA	counter_new	0.073	sparse	A0@0	boarded
0RB1LB_0RC1LA_1RD0LB_1LA1RC	counter_new	0.062	sparse	A0@0	boarded
0RB1LB_0RC1LA_1RD0LB_1LC1RC	counter_new	0.060	sparse	A0@0	boarded
0RB1LB_0RC1LB_1LA1RD_1RC0LB	counter_new	0.073	sparse	A0@3	boarded
0RB1LB_0RC1LB_1LD1RC_0RA0LB	sweep_counter	0.331	dense	A0@0	-
0RB1LB_0RC1LB_1LD1RC_1RA0LB	sweep_counter	0.333	dense	A0@0	-
0RB1LB_0RC1LB_1RD0LB_1LA1RC	counter_new	0.062	sparse	A0@0	boarded
0RB1LB_0RC1LD_1LB1RC_0RA0LB	counter_new	0.075	dense	A0@0	boarded
0RB1LB_1LA0RC_0LD1RB_1RC1LD	counter_new	0.066	sparse	A0@2	boarded
0RB1LB_1LA1RC_1RB0LD_0RB1LD	counter_new	0.071	sparse	A0@2	boarded
0RB1LB_1LC0LC_0RD1LC_1LA1RD	sweep_counter	0.333	dense	A0@0	-
0RB1LB_1LC0LC_1RD1LC_1LA1RD	bouncer_hybrid	0.536	sparse	A0@0	-
0RB1LB_1LC0RA_1RD1LB_0LC0RD	counter_boxfail	0.062	dense	A0@0,A1@9,B1@8	-
0RB1LB_1LC1LA_1RC1RD_0LB0RD	counter_new	0.073	dense	A0@0	boarded
0RB1LB_1LC1LA_1RD1RB_0LB0RD	counter_new	0.073	dense	A0@0	boarded
0RB1LB_1LC1RB_0RB1LD_0RA0LC	counter_new	0.062	sparse	A0@0	boarded
0RB1LB_1LC1RB_0RB1LD_1RA0LC	counter_new	0.062	sparse	A0@0	boarded
0RB1LB_1LC1RB_1RA0LD_0RB1LD	sweep_counter	0.333	dense	A0@0	-
0RB1LB_1RC0LA_1LD1RB_0RC0LD	counter_new	0.064	sparse	A0@0	boarded
0RB1LB_1RC0LC_1RD1LC_1LA1RD	bouncer_hybrid	0.536	sparse	A0@0	-
0RB1LB_1RC0LD_0LA1RB_0RB1LD	counter_new	0.064	dense	A0@0	no overflow chain
0RB1LB_1RC0LD_1LA1RB_0RB1LD	counter_new	0.074	dense	A0@0	no overflow chain
0RB1LB_1RC0LD_1LA1RC_0RC1LD	sweep_counter	0.333	dense	A0@0	-
0RB1LB_1RC0LD_1LA1RC_1RC1LD	bouncer_hybrid	0.536	sparse	A0@0	-
0RB1LB_1RC1LA_0LA1RD_0LB0RD	counter_new	0.071	dense	A0@0	no interior chain
0RB1LB_1RC1LB_0LA0RD_0LB1RD	sweep_counter	0.332	dense	A0@0	-
0RB1LB_1RC1LB_0LB1RD_0LA0RC	counter_new	0.070	sparse	A0@0	boarded
0RB1LB_1RC1LB_0LB1RD_1LA0RC	counter_new	0.062	sparse	A0@0	boarded
0RB1LB_1RC1LB_1LA0RD_0LB1RD	sweep_counter	0.333	dense	A0@0	-
0RB1LB_1RC1LB_1LA1RD_0LB0RC	counter_new	0.073	sparse	A1@3	boarded
0RB1LB_1RC1RD_1LB0LA_1LC0RD	counter_new	0.065	dense	A0@0	boarded
0RB1LC_0LC0RB_1RD1LA_0LA1RB	counter_boxfail	0.071	dense	A0@0	-
0RB1LC_0LC1RB_1RD1LC_0LA0RB	sweep_counter	0.332	dense	A0@0	-
0RB1LC_0LC1RB_1RD1LC_1LA0RB	sweep_counter	0.333	dense	A0@0	-
0RB1LC_0LC1RC_1LA0RD_0LC1RD	counter_new	0.064	dense	B0@1	no overflow chain
0RB1LC_0LC1RD_0RD0LC_1LA1RB	counter_boxfail	0.071	dense	B0@1	-
0RB1LC_0LC1RD_1RB1LC_0LA0RB	counter_new	0.070	sparse	A0@0	boarded
0RB1LC_0LC1RD_1RB1LC_1LA0RB	counter_new	0.062	sparse	A0@0	boarded
0RB1LC_0RC1LB_1LA1RD_1RC0LB	counter_new	0.070	sparse	A0@3	boarded
0RB1LC_0RC1LB_1LD1RC_1RA0LB	sweep_counter	0.333	dense	A0@0	-
0RB1LC_0RC1LB_1RD0LB_0LA1RC	counter_new	0.064	dense	A0@0	no overflow chain
0RB1LC_0RC1LB_1RD0LB_1LA1RC	counter_new	0.074	dense	A0@0	no overflow chain
0RB1LC_0RC1LD_1LB1RC_0RA0LB	counter_new	0.062	sparse	A0@0	boarded
0RB1LC_0RC1LD_1LB1RC_1RA0LB	counter_new	0.062	sparse	A0@0	boarded
0RB1LC_0RC1RC_1LA0RD_0LC1RD	counter_new	0.064	dense	B0@1	no overflow chain
0RB1LC_0RC1RD_0RD0LC_1LA1RB	counter_boxfail	0.066	dense	B0@1	-
0RB1LC_1LA1RB_0LD0LA_0RD1RA	counter_new	0.071	dense	D0@32	boarded
0RB1LC_1LA1RB_0LD0LA_1RA1RA	counter_new	0.075	dense	D0@7	boarded
0RB1LC_1LA1RB_0LD0LA_1RC1RA	counter_new	0.075	dense	D0@7	boarded
0RB1LC_1LA1RB_0LD0LA_1RD1RA	counter_new	0.071	dense	D0@58	boarded
0RB1LC_1LA1RB_0LD0LC_1RD1RA	counter_new	0.059	dense	D0@19	no anchor
0RB1LC_1LA1RB_0RB0LD_1RB1LD	bouncer_hybrid	0.536	sparse	A0@2	-
0RB1LC_1LA1RB_0RD0LD_1RB1LD	bouncer_hybrid	0.536	sparse	A0@2	-
0RB1LC_1LA1RB_1LD0LD_0RB1LD	sweep_counter	0.333	dense	A0@2	-
0RB1LC_1LA1RB_1LD0LD_1RB1LD	bouncer_hybrid	0.478	sparse	A0@2	-
0RB1LC_1LA1RB_1RB0LD_0RB1LD	sweep_counter	0.333	dense	A0@2	-
0RB1LC_1LA1RB_1RB0LD_1RB1LD	bouncer_hybrid	0.536	sparse	A0@2	-
0RB1LC_1LA1RB_1RD0LD_0RB1LD	sweep_counter	0.333	dense	A0@2	-
0RB1LC_1LA1RB_1RD0LD_1RB1LD	bouncer_hybrid	0.478	sparse	A0@2	-
0RB1LC_1LA1RC_0LC1RD_1RB0RD	counter_new	0.071	dense	A0@2,B1@3	boarded
0RB1LC_1LA1RC_1LA0RD_0LC1RD	counter_new	0.064	dense	B0@1	no overflow chain
0RB1LC_1LA1RC_1RB0LD_0RC1LD	counter_new	0.074	dense	A0@2	no overflow chain
0RB1LC_1LC0RA_1LD---_1RB0LC	counter_new	0.073	dense	B0@1	boarded
0RB1LC_1LC0RA_1RA1LD_0LC---	counter_new	0.062	dense	B0@1	boarded
0RB1LC_1LC1RA_0LD0LB_1LA1RD	bouncer_dense	0.457	dense	D1@7968795	-
0RB1LC_1LC1RA_1LD0LB_1RB0LA	bouncer_dense	0.457	dense	D1@7972431	-
0RB1LC_1LC1RA_1LD0LB_1RB1LC	bouncer_dense	0.457	dense	D1@7965161	-
0RB1LC_1LC1RA_1LD0LB_1RC0LA	bouncer_dense	0.457	dense	D1@7968795	-
0RB1LC_1LC1RA_1LD0LB_1RC1LC	bouncer_dense	0.456	dense	D1@7961525	-
0RB1LC_1LC1RA_1RD1LB_0LC0RD	counter_new	0.064	sparse	A0@0	boarded
0RB1LC_1LC1RB_0LD0LA_1RD1RA	counter_boxfail	0.066	dense	D0@4	-
0RB1LC_1LC1RB_0RB1LD_0RA0LC	counter_new	0.077	dense	A0@0	boarded
0RB1LC_1LC1RC_1LA0RD_0LC1RD	counter_new	0.064	dense	B0@1	no overflow chain
0RB1LC_1RC0LA_0RD0LD_1LD1RB	counter_boxfail	0.066	dense	A0@0	-
0RB1LC_1RC0LD_0RD0LA_1LA1RD	counter_new	0.072	dense	B1@5	boarded
0RB1LC_1RC0LD_1LA1RB_0RB1LD	counter_new	0.061	sparse	A0@5	boarded
0RB1LC_1RC1LB_0RD0LA_1LA1RD	counter_new	0.072	dense	B1@5	boarded
0RB1LC_1RC1LB_1LA1RD_0LB0RC	counter_new	0.073	sparse	A1@3	boarded
0RB1LC_1RC1LC_0RD0LA_1LA1RD	counter_new	0.069	dense	B1@5	boarded
0RB1LC_1RC1LD_0RD0LA_1LA1RD	counter_new	0.072	dense	B1@5	boarded
0RB1LC_1RC1RC_1LA0RD_0LC1RD	counter_new	0.064	dense	B0@1	no overflow chain
0RB1LC_1RC1RD_0RD0LA_1LA1RD	counter_new	0.069	dense	B1@5	boarded
0RB1LC_1RC1RD_0RD0LC_1LA1RB	counter_boxfail	0.066	dense	B0@1	-
0RB1LD_0LC1RC_1LA1RB_0RC0LD	counter_new	0.071	dense	B0@1	no interior chain
0RB1LD_0LC1RD_0LD1RC_1LA0RC	counter_new	0.064	dense	B0@1	no overflow chain
0RB1LD_0LC1RD_1RB1LC_1LA0RB	counter_new	0.066	sparse	A0@0	boarded
0RB1LD_0RC1LB_1LA1RC_1LB0LB	sweep_counter	0.333	dense	A0@3	-
0RB1LD_0RC1LB_1LA1RC_1RB0LB	sweep_counter	0.333	dense	A0@3	-
0RB1LD_0RC1LB_1LA1RC_1RC0LB	sweep_counter	0.333	dense	A0@3	-
0RB1LD_0RC1LB_1RD0LB_1LA1RC	counter_new	0.061	sparse	A0@6	boarded
0RB1LD_0RC1LD_1LB1RC_1RA0LB	counter_new	0.062	sparse	A0@0	boarded
0RB1LD_0RC1RC_1LA1RB_0RC0LD	counter_boxfail	0.068	dense	B0@1	-
0RB1LD_0RC1RD_0LD1RC_1LA0RC	counter_new	0.064	dense	B0@1	no overflow chain
0RB1LD_1LA0RC_0LD1RB_1RC1LD	counter_new	0.062	sparse	A0@2	boarded
0RB1LD_1LA0RC_0LD1RC_1RB1LD	sweep_counter	0.333	dense	A0@2	-
0RB1LD_1LA1RC_1LA1RB_0RC0LD	counter_boxfail	0.071	dense	B0@1	-
0RB1LD_1LA1RC_1RB0LD_0RB1LD	counter_new	0.075	sparse	A0@2	boarded
0RB1LD_1LA1RC_1RB0LD_0RC1LD	counter_new	0.064	sparse	A0@2	boarded
0RB1LD_1LA1RC_1RB0RC_0LD0LB	counter_new	0.070	dense	A0@9	boarded
0RB1LD_1LA1RC_1RB0RC_0LD1RB	counter_new	0.060	dense	A0@2	boarded
0RB1LD_1LA1RC_1RB0RC_0LD1RC	counter_new	0.071	dense	A0@2,B1@3	boarded
0RB1LD_1LA1RC_1RB1RC_0RC0LD	counter_boxfail	0.071	sparse	A0@2	-
0RB1LD_1LA1RC_1RD0RC_0LD1RB	counter_new	0.071	dense	A0@2	boarded
0RB1LD_1LC0LA_0RC1RB_1RC0LD	counter_new	0.068	dense	A0@0	boarded
0RB1LD_1LC0RA_1RD1LB_0LC0RD	counter_boxfail	0.060	dense	A0@0,A1@9,B1@8	-
0RB1LD_1LC0RD_1RA1LB_0LB1RD	counter_new	0.064	sparse	A0@0	boarded
0RB1LD_1LC0RD_1RA1LB_0LC1RD	counter_new	0.075	sparse	A0@0	boarded
0RB1LD_1LC1LA_0RC1RB_1RC0LD	counter_new	0.057	dense	A0@0,B0@4	boarded
0RB1LD_1LC1RA_1RD1LB_0LC0RD	counter_boxfail	0.062	dense	A0@0,A1@9,B1@8	-
0RB1LD_1LC1RB_0RA0LD_0RB1LD	sweep_counter	0.332	dense	A0@0	-
0RB1LD_1LC1RB_0RB1LD_1RA0LC	counter_new	0.062	sparse	A0@0	boarded
0RB1LD_1LC1RB_1RA0LD_0RB1LD	sweep_counter	0.333	dense	A0@0	-
0RB1LD_1LC1RC_1LA1RB_0RC0LD	counter_boxfail	0.071	dense	B0@6	-
0RB1LD_1LC1RC_1RB0LD_0RC0LA	counter_boxfail	0.060	dense	A0@0	-
0RB1LD_1LC1RD_0LD1RC_1LA0RC	counter_new	0.064	dense	B0@1	no overflow chain
0RB1LD_1RC0LA_1LD1RB_0RC0LD	counter_boxfail	0.062	dense	A0@0,A1@9,B1@8	-
0RB1LD_1RC0LD_1LA1RB_0RB0LA	counter_boxfail	0.055	dense	A0@0	-
0RB1LD_1RC0LD_1LA1RB_0RB1LD	counter_new	0.064	sparse	A0@0	boarded
0RB1LD_1RC0LD_1LA1RB_0RC1LD	counter_new	0.075	sparse	A0@0	boarded
0RB1LD_1RC0LD_1LB1RB_0RB0LA	counter_boxfail	0.060	dense	A0@0	-
0RB1LD_1RC1LB_0LB1RD_1LA0RC	counter_new	0.066	sparse	A0@0	boarded
0RB1LD_1RC1LB_0LD0RC_1LA1RD	counter_new	0.073	dense	D1@3	boarded
0RB1LD_1RC1LB_1LA1RC_0RB0LB	bouncer_hybrid	0.536	sparse	A0@0	-
0RB1LD_1RC1LB_1LA1RC_0RC0LB	bouncer_hybrid	0.536	sparse	A0@0	-
0RB1LD_1RC1LB_1LA1RC_1LB0LB	bouncer_hybrid	0.478	sparse	A0@0	-
0RB1LD_1RC1LB_1LA1RC_1RB0LB	bouncer_hybrid	0.478	sparse	A0@0	-
0RB1LD_1RC1LB_1LA1RC_1RC0LB	bouncer_hybrid	0.536	sparse	A0@0	-
0RB1LD_1RC1RA_1LA1RB_0RB0LD	counter_boxfail	0.078	dense	A0@0	-
0RB1LD_1RC1RB_1LA---_0RB0LD	counter_new	0.073	dense	A0@0	boarded
0RB1LD_1RC1RC_1LA1RB_0RC0LD	counter_boxfail	0.071	dense	B0@1	-
0RB1LD_1RC1RD_0LD1RC_1LA0RC	counter_new	0.064	dense	B0@1	no overflow chain
0RB1RA_1LC1LA_1LD0RA_1RB0LD	counter_new	0.062	dense	B1@4	boarded
0RB1RA_1RC0RC_1LD1RB_1LA0LD	counter_boxfail	0.064	dense	A1@24	-
0RB1RB_0LC0RA_1LD0RB_1RA1LC	counter_boxfail	0.055	dense	A0@0	-
0RB1RB_0LC0RA_1LD0RB_1RC1LC	counter_boxfail	0.060	dense	A0@0	-
0RB1RB_0LC0RB_1LD1LA_1RA1LC	counter_boxfail	0.078	dense	A0@0	-
0RB1RB_0LC0RB_1LD1LC_1RA---	counter_new	0.073	dense	A0@0	boarded
0RB1RB_0LC0RC_1LD1RC_1RA1LD	bouncer_hybrid	0.536	sparse	A0@0	-
0RB1RB_0LC1RB_1LD0RB_1RA1LC	counter_new	0.064	sparse	A0@0	boarded
0RB1RB_0LC1RB_1RD1LC_0LA0RB	sweep_counter	0.332	dense	A0@0	-
0RB1RB_0LC1RB_1RD1LC_1LA0RB	sweep_counter	0.333	dense	A0@0	-
0RB1RB_0LC1RD_1RB1LC_0LA0RB	counter_new	0.077	dense	A0@0	boarded
0RB1RB_0RC1LB_1LA1RD_1RC0LB	counter_new	0.073	sparse	A0@3	boarded
0RB1RB_0RC1LB_1RD0LB_1LA1RC	counter_new	0.062	sparse	A0@0	boarded
0RB1RB_1LA0RC_0LD1RB_1RC1LD	counter_new	0.062	sparse	A0@2	boarded
0RB1RB_1LA1LC_1RD0LC_0RD1LA	counter_new	0.060	dense	B0@1	boarded
0RB1RB_1LC0LC_1RD1LA_0RD1LC	counter_new	0.060	dense	B0@1	boarded
0RB1RB_1LC0LD_0RC1LD_1RC1LA	counter_new	0.060	dense	B0@1	boarded
0RB1RB_1LC0RA_1RD1LB_0LC0RD	counter_new	0.064	sparse	A0@0	boarded
0RB1RB_1LC0RC_0LD1RC_1RA1LD	sweep_counter	0.333	dense	A0@8	-
0RB1RB_1LC0RC_1LA1LD_1RC0LD	counter_new	0.060	dense	B0@1	boarded
0RB1RB_1LC0RC_1LD1RC_1RA1LD	bouncer_hybrid	0.536	sparse	A0@0	-
0RB1RB_1LC0RD_0RA1LB_0LB1RD	counter_new	0.064	dense	A0@0	no overflow chain
0RB1RB_1LC0RD_1RA1LB_0LB1RD	counter_new	0.074	dense	A0@0	no overflow chain
0RB1RB_1LC0RD_1RA1LC_0LC1RD	sweep_counter	0.333	dense	A0@0	-
0RB1RB_1LC0RD_1RA1LC_1LC1RD	bouncer_hybrid	0.536	sparse	A0@0	-
0RB1RB_1LC0RD_1RD0LC_1LA1LC	counter_new	0.060	dense	B0@1	boarded
0RB1RB_1LC1LC_1RD0LC_0RD1LA	counter_new	0.060	dense	B0@1	boarded
0RB1RB_1LC1LD_0RC1LA_1RC0LD	counter_new	0.060	dense	B0@1	boarded
0RB1RB_1LC1LD_1RB0RA_1RC0LD	counter_new	0.068	dense	A0@0	boarded
0RB1RB_1LC1RA_0RA1LD_0RB0LD	counter_boxfail	0.071	dense	A0@0	-
0RB1RB_1LC1RB_0RA0LD_0RB1LD	sweep_counter	0.332	dense	A0@0	-
0RB1RB_1LC1RB_0RB1LD_0RA0LC	counter_new	0.070	sparse	A0@0	boarded
0RB1RB_1LC1RB_0RB1LD_1RA0LC	counter_new	0.062	sparse	A0@0	boarded
0RB1RB_1LC1RB_1RA0LD_0RB1LD	sweep_counter	0.333	dense	A0@0	-
0RB1RB_1LC1RC_0RC1LD_1LA0LD	counter_new	0.057	dense	B0@1	no interior chain
0RB1RB_1LC1RD_0RD0LC_1RB1LA	counter_new	0.075	sparse	A0@4	boarded
0RB1RB_1LC1RD_1LA0LC_0RD1LC	counter_new	0.057	dense	B0@1	no interior chain
0RB1RB_1RC0LA_1LD1RB_0RC0LD	counter_boxfail	0.062	dense	A0@0,A1@9,B1@8	-
0RB1RB_1RC0LC_1LA1RD_1LC0RD	counter_new	0.057	dense	B0@1	boarded
0RB1RB_1RC0LD_1LD0RC_1LA1RC	counter_new	0.057	dense	B0@1	boarded
0RB1RB_1RC0RC_0LD1RC_1RA1LD	sweep_counter	0.333	dense	A0@0	-
0RB1RB_1RC0RC_1LD1LA_0LD1RC	counter_new	0.057	dense	B0@1	boarded
0RB1RB_1RC0RC_1LD1RC_1RA1LD	bouncer_hybrid	0.536	sparse	A0@0	-
0RB1RB_1RC0RD_0LC1RD_1LC1LA	counter_new	0.057	dense	B0@1	boarded
0RB1RB_1RC1LB_0LB1RD_0LA0RC	counter_new	0.062	sparse	A0@0	boarded
0RB1RB_1RC1LB_0LB1RD_1LA0RC	counter_new	0.062	sparse	A0@0	boarded
0RB1RB_1RC1LB_1LA0RD_0LB1RD	sweep_counter	0.333	dense	A0@0	-
0RB1RB_1RC1LB_1LA1RD_0LB0RC	counter_new	0.073	sparse	A1@3	boarded
0RB1RB_1RC1LC_0LC1RD_1LA0RD	counter_new	0.057	dense	B0@1	boarded
0RB1RB_1RC1LD_1LA0RC_0LD1RC	counter_new	0.057	dense	B0@1	boarded
0RB1RB_1RC1RA_1LC1LD_0RB0LD	counter_new	0.073	dense	A0@0	boarded
0RB1RC_0LC1RB_1LD0RB_0RA1LC	counter_new	0.064	dense	A0@0	no overflow chain
0RB1RC_0LC1RB_1LD0RB_1RA1LC	counter_new	0.074	dense	A0@0	no overflow chain
0RB1RC_0LC1RB_1RD1LC_1LA0RB	sweep_counter	0.333	dense	A0@0	-
0RB1RC_0LC1RD_1RB1LC_0LA0RB	counter_new	0.062	sparse	A0@0	boarded
0RB1RC_0LC1RD_1RB1LC_1LA0RB	counter_new	0.062	sparse	A0@0	boarded
0RB1RC_0RC0LB_1LD1RA_0RA1LB	counter_boxfail	0.068	dense	A0@0	-
0RB1RC_0RC0LB_1RD1RA_1LD1LB	counter_new	0.071	dense	A0@0	boarded
0RB1RC_0RC1LB_1LD1RC_0RA0LB	sweep_counter	0.331	dense	A0@0	-
0RB1RC_0RC1LB_1LD1RC_1RA0LB	sweep_counter	0.333	dense	A0@0	-
0RB1RC_0RC1LD_1LB1RC_0RA0LB	counter_new	0.069	sparse	A0@0	boarded
0RB1RC_0RC1LD_1LB1RC_1RA0LB	counter_new	0.062	sparse	A0@0	boarded
0RB1RC_1LA0RC_0LD1RC_1RB1LD	sweep_counter	0.333	dense	A0@2	-
0RB1RC_1LA1LC_0LD0RA_1RA1LD	counter_new	0.070	dense	B0@1	boarded
0RB1RC_1LA1RB_1LD0RC_0LD1LB	counter_new	0.062	dense	A0@11	boarded
0RB1RC_1LA1RB_1LD0RC_0LD1RB	counter_new	0.065	dense	A0@2,B1@3	boarded
0RB1RC_1LC0RA_0LD0RD_1RD1LB	counter_boxfail	0.066	dense	A0@0	-
0RB1RC_1LC1LC_0LD0RA_1RA1LD	counter_new	0.070	dense	B0@1	boarded
0RB1RC_1LC1RD_0RD0LC_1RB1LA	counter_boxfail	0.073	dense	A0@4,A1@18,D1@17	-
0RB1RC_1LC1RD_1LA0LC_0RD1LC	counter_new	0.071	dense	B0@1	no interior chain
0RB1RC_1RC0LC_1LA0RD_1LC0RD	counter_new	0.065	dense	B0@1	boarded
0RB1RC_1RC0LC_1LD0RC_1LA1RC	counter_boxfail	0.071	dense	B0@1	-
0RB1RC_1RC0LD_1LD0RC_1LA0LA	counter_new	0.065	dense	B0@5,D1@3	boarded
0RB1RC_1RC0LD_1LD0RC_1LA1LB	counter_new	0.068	dense	B0@4,D1@3	boarded
0RB1RC_1RC0LD_1LD0RC_1LA1RC	counter_new	0.065	dense	B0@1,D1@3	boarded
0RB1RC_1RC0LD_1LD0RC_1LA1RD	counter_new	0.062	dense	B0@1,D1@4	boarded
0RB1RC_1RC1LA_1LD1RB_0RC0LD	counter_new	0.064	sparse	A0@0	boarded
0RB1RC_1RC1LB_0LB1RD_0LA0RC	counter_new	0.077	dense	A0@0	boarded
0RB1RC_1RC1LB_1LA1RD_0LB0RC	counter_new	0.073	sparse	A1@3	boarded
0RB1RC_1RC1LC_1LA0RD_0RC0LC	counter_new	0.064	dense	B0@1	boarded
0RB1RC_1RC1LD_1LA0RC_0LD1RC	counter_new	0.065	dense	B0@1	boarded
0RB1RD_0LC1RB_1LD0RB_1RA1LC	counter_new	0.061	sparse	A0@6	boarded
0RB1RD_0LC1RD_1RB1LC_1LA0RB	counter_new	0.062	sparse	A0@0	boarded
0RB1RD_0RC1LD_1LB1RC_1RA0LB	counter_new	0.066	sparse	A0@0	boarded
0RB1RD_1LA0RC_0LD1RB_1RC1LD	counter_new	0.062	sparse	A0@2	boarded
0RB1RD_1LA0RC_0LD1RC_1RB1LD	sweep_counter	0.333	dense	A0@2	-
0RB1RD_1LA1RC_0LC1RB_1LC0RD	counter_new	0.065	dense	A0@2,B1@3	boarded
0RB1RD_1LA1RC_1RB0LD_0RB1LD	counter_new	0.075	sparse	A0@2	boarded
0RB1RD_1LA1RC_1RB0LD_0RC1LD	counter_new	0.064	sparse	A0@2	boarded
0RB1RD_1LC0RA_1RD1LB_0LC0RD	counter_boxfail	0.062	dense	A0@0,A1@9,B1@8	-
0RB1RD_1LC0RD_1RA1LB_0LB0RA	counter_boxfail	0.055	dense	A0@0	-
0RB1RD_1LC0RD_1RA1LB_0LB1RD	counter_new	0.064	sparse	A0@0	boarded
0RB1RD_1LC0RD_1RA1LB_0LC1RD	counter_new	0.075	sparse	A0@0	boarded
0RB1RD_1LC0RD_1RB1LB_0LB0RA	counter_boxfail	0.060	dense	A0@0	-
0RB1RD_1LC1LA_1RA1LB_0LB0RD	counter_new	0.078	dense	A0@0	no interior chain
0RB1RD_1LC1LA_1RB1LB_0LB0RD	counter_new	0.073	dense	A0@0	boarded
0RB1RD_1LC1LB_1RA---_0LB0RD	counter_new	0.073	dense	A0@0	boarded
0RB1RD_1LC1RB_0RB1LD_1RA0LC	counter_new	0.066	sparse	A0@0	boarded
0RB1RD_1LC1RB_1RA1LC_0LB0RB	bouncer_hybrid	0.536	sparse	A0@0	-
0RB1RD_1LC1RB_1RA1LC_0LC0RB	bouncer_hybrid	0.536	sparse	A0@0	-
0RB1RD_1LC1RB_1RA1LC_1LB0RB	bouncer_hybrid	0.478	sparse	A0@0	-
0RB1RD_1LC1RB_1RA1LC_1LC0RB	bouncer_hybrid	0.536	sparse	A0@0	-
0RB1RD_1LC1RB_1RA1LC_1RB0RB	bouncer_hybrid	0.478	sparse	A0@0	-
0RB1RD_1LC1RC_0RC1LD_1LA0LD	counter_new	0.071	dense	B0@1	no interior chain
0RB1RD_1RC0LA_1LD1RB_0RC0LD	counter_boxfail	0.060	dense	A0@0,A1@9,B1@8	-
0RB1RD_1RC0LC_1LA---_1LC0RD	counter_new	0.065	dense	B0@1	boarded
0RB1RD_1RC0LD_1LA1RB_0RB1LD	counter_new	0.064	sparse	A0@0	boarded
0RB1RD_1RC0LD_1LA1RB_0RC1LD	counter_new	0.075	sparse	A0@0	boarded
0RB1RD_1RC0LD_1LA1RD_1LC0RD	counter_boxfail	0.071	dense	B0@1	-
0RB1RD_1RC0RA_0LC1LB_1LC0RD	counter_new	0.068	dense	A0@0	boarded
0RB1RD_1RC1LA_1LD1RB_0RC0LD	counter_boxfail	0.062	dense	A0@0,A1@9,B1@8	-
0RB1RD_1RC1LB_0LA0RD_0LB1RD	sweep_counter	0.332	dense	A0@0	-
0RB1RD_1RC1LB_0LB1RD_1LA0RC	counter_new	0.062	sparse	A0@0	boarded
0RB1RD_1RC1LB_1LA0RD_0LB1RD	sweep_counter	0.333	dense	A0@0	-
0RB1RD_1RC1LB_1LA1RD_0LB0RC	counter_new	0.073	sparse	A1@3	boarded
0RB1RD_1RC1LC_0LC1RD_1LA0RD	counter_new	0.065	dense	B0@1	boarded
0RB1RD_1RC1LC_1LB0RD_0LC0RA	counter_boxfail	0.060	dense	A0@0	-
0RB1RD_1RC1LD_0RD0LD_1LA0RC	counter_new	0.064	dense	B0@1	boarded
0RB1RD_1RC1RA_0LC1LB_1LC0RD	counter_new	0.057	dense	A0@0,B0@4	boarded
1RB---_0LB1RB_------_------	cycler	0.000	dense	A0@0	boarded
1RB---_0LB1RC_0RD0RC_1LB1LD	counter_boxfail	0.078	dense	A0@0	-
1RB---_0LB1RC_1LB0RC_------	counter_boxfail	0.068	dense	A0@0	-
1RB---_0LB1RC_1LB0RD_1LB0RC	counter_boxfail	0.068	dense	A0@0	-
1RB---_0LB1RC_1LB0RD_1LC0RC	counter_boxfail	0.062	dense	A0@0	-
1RB---_0LB1RC_1LB0RD_1LC0RD	counter_boxfail	0.071	dense	A0@0	-
1RB---_0LB1RC_1LD0RC_1LB1RC	counter_boxfail	0.071	dense	A0@0	-
1RB---_0LC---_---1RB_------	cycler	0.000	dense	A0@0	boarded
1RB---_0LC0RB_0LD1LC_1RA1RD	counter_new	0.073	dense	D1@9	boarded
1RB---_0LC0RB_1LD1LA_1RB1LC	counter_boxfail	0.073	dense	A0@3,C1@2	-
1RB---_0LC0RC_0LD1RC_1RB1LD	sweep_counter	0.332	dense	A0@0	-
1RB---_0LC0RD_1RB1LC_0LC1RD	sweep_counter	0.332	dense	A0@0	-
1RB---_0LC1LD_0RC1LA_1RC0LD	counter_new	0.065	dense	B0@1	boarded
1RB---_0LC1RB_0LB1RD_1LC0RD	counter_boxfail	0.068	dense	A0@0	-
1RB---_0LC1RB_1RD1LC_0LB0RB	sweep_counter	0.332	dense	A0@0	-
1RB---_0LC1RB_1RD1LC_0LC0RB	sweep_counter	0.332	dense	A0@0	-
1RB---_0LC1RB_1RD1LC_1LB0RB	sweep_counter	0.332	dense	A0@0	-
1RB---_0LC1RB_1RD1LC_1LC0RB	sweep_counter	0.332	dense	A0@0	-
1RB---_0LC1RB_1RD1LC_1RB0RB	sweep_counter	0.332	dense	A0@0	-
1RB---_0LC1RC_0LD0RC_1LA1LD	counter_new	0.073	dense	B0@1	boarded
1RB---_0LC1RC_0RC1LD_1LA0LD	counter_new	0.071	dense	B0@1	boarded
1RB---_0LC1RD_0LB1RC_1LB0RD	counter_boxfail	0.068	dense	A0@0	-
1RB---_0LC1RD_0LB1RD_1LB0RD	counter_boxfail	0.068	dense	A0@0	-
1RB---_0LC1RD_0LB1RD_1LC0RD	counter_boxfail	0.068	dense	A0@0	-
1RB---_0LC1RD_1LB1RC_1LB0RD	counter_boxfail	0.073	dense	A0@0	-
1RB---_0LC1RD_1LB1RD_1LB0RD	counter_boxfail	0.073	dense	A0@0	-
1RB---_0LC1RD_1LC1RD_1LB0RD	sweep_counter	0.332	dense	A0@0	-
1RB---_0RC---_0LB---_------	cycler	0.000	dense	A0@0	boarded
1RB---_0RC0LC_0RD1LC_1LB1RD	sweep_counter	0.330	dense	A0@0	-
1RB---_0RC0LD_1LB1RC_0RC1LD	sweep_counter	0.331	dense	A0@0	-
1RB---_0RC0RB_1LD1LC_0LD1RB	counter_boxfail	0.078	dense	A0@0	-
1RB---_0RC1LB_1LD1RC_0RB0LB	sweep_counter	0.331	dense	A0@0	-
1RB---_0RC1LB_1LD1RC_0RC0LB	sweep_counter	0.331	dense	A0@0	-
1RB---_0RC1LB_1LD1RC_1LB0LB	sweep_counter	0.332	dense	A0@0	-
1RB---_0RC1LB_1LD1RC_1RB0LB	sweep_counter	0.332	dense	A0@0	-
1RB---_0RC1LB_1LD1RC_1RC0LB	sweep_counter	0.332	dense	A0@0	-
1RB---_1LB1RC_1LD0RC_0LB1RC	sweep_counter	0.332	dense	A0@0	-
1RB---_1LC0LA_1RD1LB_0LC0RD	counter_boxfail	0.062	dense	A0@23,B1@22	-
1RB---_1LC0LC_0RD1LC_1LB1RD	sweep_counter	0.333	dense	A0@0	-
1RB---_1LC0RA_1RC0LD_0LC1RA	counter_new	0.070	dense	C0@6	boarded
1RB---_1LC0RB_0LC0LD_0RD1RA	counter_new	0.052	dense	D0@4	boarded
1RB---_1LC0RB_0LC0LD_1RA1RA	counter_new	0.057	dense	D0@3	boarded
1RB---_1LC0RB_0LC0LD_1RD1RA	counter_new	0.052	dense	D0@4	boarded
1RB---_1LC0RB_0LC0RD_1LA0LD	counter_new	0.068	dense	D1@3	boarded
1RB---_1LC0RB_0LC0RD_1LA0RD	counter_new	0.065	dense	D1@3	boarded
1RB---_1LC0RB_0LC0RD_1LA1LA	counter_new	0.068	dense	D1@3	boarded
1RB---_1LC0RB_0LC0RD_1LA1LD	counter_new	0.068	dense	D1@3	boarded
1RB---_1LC0RB_0LC0RD_1LA1RC	counter_new	0.065	dense	D1@3	boarded
1RB---_1LC0RB_0LC1RB_------	counter_boxfail	0.068	dense	A0@0	-
1RB---_1LC0RB_0LD1RB_0LC1RB	counter_boxfail	0.068	dense	A0@0	-
1RB---_1LC0RB_0LD1RB_0LC1RD	counter_boxfail	0.068	dense	A0@0	-
1RB---_1LC0RB_0LD1RB_1LC1RB	counter_boxfail	0.073	dense	A0@0	-
1RB---_1LC0RB_0LD1RB_1LC1RD	counter_boxfail	0.073	dense	A0@0	-
1RB---_1LC0RB_0LD1RB_1LD1RB	sweep_counter	0.332	dense	A0@0	-
1RB---_1LC0RB_1LD1RB_0LD1RB	counter_boxfail	0.071	dense	A0@0	-
1RB---_1LC0RC_0LD1RC_1RB1LD	sweep_counter	0.333	dense	A0@0	-
1RB---_1LC0RD_0LC1RB_1LB0RB	counter_boxfail	0.062	dense	A0@0	-
1RB---_1LC0RD_0LC1RB_1LB0RD	counter_boxfail	0.071	dense	A0@0	-
1RB---_1LC0RD_0LC1RB_1LC0RB	counter_boxfail	0.068	dense	A0@0	-
1RB---_1LC0RD_0LC1RD_1LC0RB	counter_boxfail	0.068	dense	A0@0	-
1RB---_1LC0RD_1LD1LB_1RB0LC	bouncer_hybrid	0.516	sparse	A0@0	-
1RB---_1LC0RD_1RB1LC_0LC1RD	sweep_counter	0.333	dense	A0@0	-
1RB---_1LC0RD_1RD0LB_1RB1RC	bouncer_hybrid	0.486	sparse	A0@0	-
1RB---_1LC1LB_0LC1RD_0RB0RD	counter_boxfail	0.062	dense	A0@0	-
1RB---_1LC1LC_1RD0LC_0RD1LA	counter_new	0.068	dense	B0@1	boarded
1RB---_1LC1LD_0RC1LA_1RC0LD	counter_new	0.065	dense	B0@1	boarded
1RB---_1LC1LD_1RD0LB_1LB0RC	bouncer_hybrid	0.493	sparse	A0@0	-
1RB---_1LC1RA_0RB0LD_0LC0LC	counter_new	0.062	dense	D0@3	boarded
1RB---_1LC1RA_0RB0LD_0RC0LC	counter_new	0.061	dense	D0@3	boarded
1RB---_1LC1RA_0RB0LD_0RD0LC	counter_new	0.061	dense	D0@4	boarded
1RB---_1LC1RA_0RB0LD_1LC0LC	counter_new	0.062	dense	D0@3	boarded
1RB---_1LC1RA_0RB0LD_1RA0LC	counter_new	0.062	dense	D0@3	boarded
1RB---_1LC1RA_0RB0LD_1RC0LC	counter_new	0.061	dense	D0@3	boarded
1RB---_1LC1RA_0RB0LD_1RD0LC	counter_new	0.062	dense	D0@4	boarded
1RB---_1LC1RB_0LB1RD_1LC0RD	counter_boxfail	0.073	dense	A0@0	-
1RB---_1LC1RB_0RB0LD_0RB1LD	sweep_counter	0.332	dense	A0@0	-
1RB---_1LC1RB_0RD0LD_0RB1LD	sweep_counter	0.332	dense	A0@0	-
1RB---_1LC1RB_1LD0LD_0RB1LD	sweep_counter	0.332	dense	A0@0	-
1RB---_1LC1RB_1RB0LD_0RB1LD	sweep_counter	0.332	dense	A0@0	-
1RB---_1LC1RB_1RD0LD_0RB1LD	sweep_counter	0.332	dense	A0@0	-
1RB---_1LC1RC_0LD0RC_1LA1LD	counter_new	0.073	dense	B0@1	boarded
1RB---_1LC1RC_0RC1LD_1LA0LD	counter_new	0.071	dense	B0@1	boarded
1RB---_1LC1RD_0LB1RD_1LC0RD	counter_boxfail	0.073	dense	A0@0	-
1RB---_1LC1RD_0LC1RD_1LB0RD	counter_boxfail	0.071	dense	A0@0	-
1RB---_1LC1RD_0RB0LC_1RA0LB	counter_new	0.076	dense	D1@7	boarded
1RB---_1LC1RD_0RB0LC_1RA0LC	counter_new	0.076	dense	D1@7	boarded
1RB---_1LC1RD_0RB0LC_1RA0RB	counter_new	0.074	dense	D1@7	boarded
1RB---_1LC1RD_0RB0LC_1RA0RC	counter_new	0.072	dense	D1@7	boarded
1RB---_1LC1RD_0RB0LC_1RA1RA	counter_new	0.076	dense	D1@7	boarded
1RB---_1LC1RD_0RB0LC_1RA1RC	counter_new	0.072	dense	D1@7	boarded
1RB---_1LC1RD_1LA1LC_0LC0RD	counter_new	0.073	dense	B0@1	boarded
1RB---_1RC0LC_0RD1LC_1LB1RD	sweep_counter	0.333	dense	A0@0	-
1RB---_1RC0LD_1LB1RC_0RC1LD	sweep_counter	0.333	dense	A0@0	-
1RB---_1RC0LD_1LD0RB_1LB1LC	bouncer_hybrid	0.493	sparse	A0@0	-
1RB---_1RC0LD_1LD1RA_0RC0LD	counter_new	0.076	dense	B1@10	boarded
1RB---_1RC0LD_1RD1RB_1LB0RC	bouncer_hybrid	0.529	sparse	A0@0	-
1RB---_1RC0RC_0LD1RC_1RB1LD	sweep_counter	0.333	dense	A0@0	-
1RB---_1RC0RC_1LD1RA_0RC0LD	counter_new	0.072	dense	B1@10	boarded
1RB---_1RC0RD_1LD1RA_0RC0LD	counter_new	0.071	dense	B1@10	boarded
1RB---_1RC1LB_0LB0RD_0LB1RD	sweep_counter	0.332	dense	A0@0	-
1RB---_1RC1LB_0LD0RD_0LB1RD	sweep_counter	0.332	dense	A0@0	-
1RB---_1RC1LB_1LB0RD_0LB1RD	sweep_counter	0.332	dense	A0@0	-
1RB---_1RC1LB_1LD0RD_0LB1RD	sweep_counter	0.332	dense	A0@0	-
1RB---_1RC1LB_1RD0RD_0LB1RD	sweep_counter	0.332	dense	A0@0	-
1RB---_1RC1RA_1LD1RB_0RB0LD	counter_boxfail	0.073	dense	A0@13,B1@12	-
1RB---_1RC1RC_0LD0RC_1LA1LD	counter_new	0.073	dense	B0@1	boarded
1RB---_1RC1RC_1LD1RA_0RC0LD	counter_new	0.076	dense	B1@10	boarded
1RB---_1RC1RD_1LD0RB_1RB0LC	bouncer_hybrid	0.493	sparse	A0@0	-
1RB---_1RC1RD_1LD1RA_0RC0LD	counter_new	0.071	dense	B1@10	boarded
1RB0LB_0LB1RC_1RD0RC_1LA0LC	counter_new	0.068	dense	A0@0	boarded
1RB0LB_0LB1RC_1RD0RC_1LA1LC	counter_new	0.073	dense	A0@0	boarded
1RB0LB_0RC0LA_1LB1RD_1LA1RC	counter_boxfail	0.065	dense	A0@0	-
1RB0LB_0RC0LA_1LB1RD_1RC---	counter_new	0.061	dense	A0@0	boarded
1RB0LB_0RC0LA_1RD---_1LA1RC	counter_new	0.071	dense	A0@0	boarded
1RB0LB_0RC0LB_1RD---_1LA1RC	counter_new	0.071	dense	A0@0	boarded
1RB0LB_0RC1LA_1LB1RD_1RC0LA	counter_boxfail	0.070	dense	A0@0	-
1RB0LB_0RC1LB_1LA1RD_1RC0LB	counter_new	0.071	sparse	A0@3	boarded
1RB0LB_0RC1LB_1LB1RD_1LA1RD	sweep_counter	0.331	dense	A0@0	-
1RB0LB_0RC1LB_1LD1RC_0LA1LA	sweep_counter	0.333	dense	D0@7	-
1RB0LB_0RC1LB_1LD1RC_0RB1LA	sweep_counter	0.333	dense	D0@31	-
1RB0LB_0RC1LB_1LD1RC_0RC1LA	sweep_counter	0.333	dense	D0@29	-
1RB0LB_0RC1LB_1LD1RC_0RD1LA	sweep_counter	0.333	dense	D0@3	-
1RB0LB_0RC1LB_1LD1RC_1LA0LB	sweep_counter	0.334	dense	A1@4	-
1RB0LB_0RC1LB_1LD1RC_1LA1LA	sweep_counter	0.333	dense	D0@7	-
1RB0LB_0RC1LB_1LD1RC_1LB1LA	sweep_counter	0.333	dense	D0@3	-
1RB0LB_0RC1LB_1LD1RC_1LC1LA	sweep_counter	0.333	dense	D0@3	-
1RB0LB_0RC1LB_1LD1RC_1RA1LA	sweep_counter	0.333	dense	D0@15	-
1RB0LB_0RC1LB_1LD1RC_1RB1LA	sweep_counter	0.333	dense	D0@3	-
1RB0LB_0RC1LB_1LD1RC_1RC1LA	sweep_counter	0.333	dense	D0@3	-
1RB0LB_0RC1LB_1RD0LB_1LA1RC	counter_new	0.060	sparse	A0@0	boarded
1RB0LB_0RC1LB_1RD1RD_1LA1RD	sweep_counter	0.331	dense	A0@0	-
1RB0LB_0RC1LD_1LB1RC_0RA0LB	counter_new	0.070	sparse	A0@0	boarded
1RB0LB_0RC1LD_1LB1RC_1LC1LA	counter_new	0.076	sparse	A0@0	no anchor
1RB0LB_1LA0LC_0LB0RD_1RD1LB	counter_new	0.073	sparse	A1@2	boarded
1RB0LB_1LA0LC_0LB0RD_1RD1LC	counter_new	0.062	sparse	A1@2	boarded
1RB0LB_1LA0LC_1RD0LC_0RD1LB	counter_new	0.065	dense	A1@2	boarded
1RB0LB_1LA0RC_1LD0RC_0LD0RB	counter_new	0.068	dense	A1@2	boarded
1RB0LB_1LA1LC_1LB0RD_0LB1RD	counter_new	0.071	sparse	A1@2	boarded
1RB0LB_1LA1LC_1LB0RD_0LC1RD	counter_new	0.061	sparse	A1@2	boarded
1RB0LB_1LA1LC_1RD0LC_0RD1LA	counter_new	0.062	dense	A1@2,B0@3	boarded
1RB0LB_1LA1RC_0LD0RB_1RB1LD	counter_new	0.073	sparse	A1@2	boarded
1RB0LB_1LA1RC_1LD0RC_0LD1RB	counter_new	0.055	dense	A0@4	boarded
1RB0LB_1LC---_0RA1RD_1LB0RD	counter_new	0.068	dense	A0@0	boarded
1RB0LB_1LC0LA_1LA1RD_1RC0RD	counter_new	0.071	dense	A0@0	boarded
1RB0LB_1LC0LA_1LB1RD_1RC0RC	counter_new	0.073	dense	A0@0	boarded
1RB0LB_1LC0LB_1LA1RD_1RC0RD	counter_new	0.071	dense	A0@0	boarded
1RB0LB_1LC0RB_1LD1RB_0RA1RB	counter_boxfail	0.073	dense	A0@0	-
1RB0LB_1LC0RD_0RA1RB_1LB0RD	counter_new	0.068	dense	A0@0	boarded
1RB0LB_1LC1LA_1RD1RC_0LA0RC	counter_boxfail	0.075	dense	A0@0	-
1RB0LB_1LC1LC_1RA1RD_1LB0RD	counter_new	0.068	dense	A0@0	boarded
1RB0LB_1LC1RA_0RB0LC_------	counter_boxfail	0.062	dense	A1@7	-
1RB0LB_1LC1RD_0LB1RA_1LB0RD	counter_new	0.072	sparse	A0@0	boarded
1RB0LB_1LC1RD_0RA1RA_1LB0RD	counter_new	0.060	dense	A0@0	boarded
1RB0LB_1LC1RD_0RB0LC_1RB0LA	counter_boxfail	0.062	dense	A0@0,A1@8,D1@7	-
1RB0LB_1LC1RD_0RB0LC_1RB1LA	counter_boxfail	0.062	dense	A0@0,A1@8,D1@7	-
1RB0LB_1LC1RD_1LA0LC_0RD1LC	counter_new	0.067	dense	A1@14,B0@15	boarded
1RB0LB_1RC1LB_0LA0RD_1LA1RD	sweep_counter	0.333	dense	C0@2	-
1RB0LB_1RC1LB_0LC0RD_1LA1RD	sweep_counter	0.333	dense	C0@2	-
1RB0LB_1RC1LB_0LD0RD_1LA1RD	sweep_counter	0.333	dense	C0@133	-
1RB0LB_1RC1LB_0RD0RD_1LA1RD	sweep_counter	0.333	dense	C0@24	-
1RB0LB_1RC1LB_1LA0RD_1LA1RD	sweep_counter	0.333	dense	C0@123	-
1RB0LB_1RC1LB_1LA1RD_0LB0RC	counter_new	0.073	sparse	A1@3	boarded
1RB0LB_1RC1LB_1LB0RD_1LA1RD	sweep_counter	0.333	dense	C0@2	-
1RB0LB_1RC1LB_1LC0RD_1LA1RD	sweep_counter	0.333	dense	C0@8	-
1RB0LB_1RC1LB_1LD0RD_1LA1RD	sweep_counter	0.333	dense	A0@0	-
1RB0LB_1RC1LB_1RD0RD_1LA1RD	sweep_counter	0.333	dense	A0@0	-
1RB0LB_1RC1LD_0LB0RC_1LB0LA	counter_boxfail	0.058	dense	A0@5,A1@13,D1@12	-
1RB0LB_1RC1LD_0LB0RC_1LB0RA	counter_boxfail	0.061	dense	A0@0,A1@5,D1@4	-
1RB0LB_1RC1LD_0LB0RC_1LB1RA	counter_boxfail	0.061	dense	A0@0,A1@5,D1@4	-
1RB0LB_1RC1LD_1RD0RC_1LB1LA	counter_new	0.070	dense	A0@0	boarded
1RB0LB_1RC1RD_0LA1LA_1LB0RD	counter_new	0.060	dense	A0@0	boarded
1RB0LC_0LA0RD_1LD1LA_1RB1RD	counter_boxfail	0.075	dense	A0@0	-
1RB0LC_0LA1LA_0RD1LA_1LC1RD	counter_new	0.062	sparse	B0@1	boarded
1RB0LC_0LA1LC_0RD1LC_1LA1RD	sweep_counter	0.333	dense	B0@1	-
1RB0LC_0LA1LD_0RD1LA_1LC1RD	counter_new	0.062	sparse	B0@1	boarded
1RB0LC_0LA1LD_0RD1LC_1LA1RD	sweep_counter	0.333	dense	B0@1	-
1RB0LC_0LA1RA_0RD1LA_1LC1RD	counter_new	0.066	sparse	B0@1	boarded
1RB0LC_0LA1RD_0RD1LA_1LC1RD	counter_new	0.062	sparse	B0@1	boarded
1RB0LC_0LA1RD_0RD1LC_1LA1RD	sweep_counter	0.333	dense	B0@1	-
1RB0LC_0LB1LA_0RD1LA_1LC1RD	counter_new	0.062	sparse	B0@1	boarded
1RB0LC_0LB1LA_1RD0LC_0RD1LA	counter_new	0.065	dense	B0@1	boarded
1RB0LC_0LB1LC_0RD1LC_1LA1RD	sweep_counter	0.332	dense	B0@1	-
1RB0LC_0LB1LC_1RD0LC_0RD1LA	counter_new	0.065	dense	A1@5,B0@1	boarded
1RB0LC_0LB1RC_1LA1RD_1LB0RD	counter_new	0.057	dense	A0@6	boarded
1RB0LC_0LB1RC_1LD1RA_0RC0LD	counter_boxfail	0.061	dense	A1@9	-
1RB0LC_0LC0LB_1RC1RD_1LA1LB	bouncer_hybrid	0.494	sparse	A0@0	-
1RB0LC_0LC1LA_0RD1LA_1LC1RD	counter_new	0.062	sparse	B0@1	boarded
1RB0LC_0LC1LC_0RD1LC_1LA1RD	sweep_counter	0.332	dense	B0@1	-
1RB0LC_0LC1LD_0RD1LA_1LC1RD	counter_new	0.062	sparse	B0@1	boarded
1RB0LC_0LC1LD_0RD1LC_1LA1RD	sweep_counter	0.332	dense	B0@1	-
1RB0LC_0LC1RA_1LB1RD_1LC0RD	counter_new	0.072	sparse	A0@0	boarded
1RB0LC_0LC1RC_0RD1LC_1LA1RD	sweep_counter	0.332	dense	B0@1	-
1RB0LC_0LC1RC_0RD1RD_1LA0LD	bouncer_hybrid	0.486	sparse	B0@1	-
1RB0LC_0LC1RC_1RC1RD_1LA0LD	bouncer_hybrid	0.516	sparse	B0@1	-
1RB0LC_0LC1RD_0RD1LA_1LC1RD	counter_new	0.062	sparse	B0@1	boarded
1RB0LC_0LC1RD_0RD1LC_1LA1RD	sweep_counter	0.332	dense	B0@1	-
1RB0LC_0RC0LD_1LD1RC_0RA1LB	counter_new	0.072	dense	A1@4	boarded
1RB0LC_0RC1LA_0RD1LA_1LC1RD	counter_new	0.062	sparse	B0@1	boarded
1RB0LC_0RC1LB_1LD1RC_1LA0LB	sweep_counter	0.334	dense	A1@4	-
1RB0LC_0RC1LC_0RD1LC_1LA1RD	sweep_counter	0.332	dense	B0@1	-
1RB0LC_0RC1LD_0RD1LA_1LC1RD	counter_new	0.062	sparse	B0@1	boarded
1RB0LC_0RC1LD_0RD1LC_1LA1RD	sweep_counter	0.332	dense	B0@1	-
1RB0LC_0RC1RD_0RD1LA_1LC1RD	counter_new	0.062	sparse	B0@1	boarded
1RB0LC_0RC1RD_0RD1LC_1LA1RD	sweep_counter	0.332	dense	B0@1	-
1RB0LC_1LA0LC_0LB0RD_1RD1LB	counter_new	0.073	sparse	A1@2	boarded
1RB0LC_1LA0LC_0LB0RD_1RD1LC	counter_new	0.062	sparse	A1@2	boarded
1RB0LC_1LA0LD_0RC1LB_1RC0LD	counter_new	0.065	dense	A1@2	boarded
1RB0LC_1LA0LD_1RC1LB_0LB0RC	counter_new	0.073	sparse	A1@2	boarded
1RB0LC_1LA0LD_1RC1LD_0LB0RC	counter_new	0.062	sparse	A1@2	boarded
1RB0LC_1LA1LA_0RD1LA_1LC1RD	counter_new	0.062	sparse	B0@1	boarded
1RB0LC_1LA1LA_1RD0LC_0RD1LA	counter_new	0.068	dense	B0@1	boarded
1RB0LC_1LA1LC_0RD1LC_1LA1RD	sweep_counter	0.332	dense	B0@1	-
1RB0LC_1LA1LC_1LB0RD_0LB1RD	counter_new	0.071	sparse	A1@2	boarded
1RB0LC_1LA1LC_1LB0RD_0LC1RD	counter_new	0.061	sparse	A1@2	boarded
1RB0LC_1LA1LC_1RD0LC_0RD1LA	counter_new	0.068	dense	A1@2,B0@1	boarded
1RB0LC_1LA1LD_0LB1RC_1LB0RC	counter_new	0.070	sparse	A1@2	boarded
1RB0LC_1LA1LD_0LD1RC_1LB0RC	counter_new	0.060	sparse	A1@2	boarded
1RB0LC_1LA1LD_0RC1LA_1RC0LD	counter_new	0.068	dense	A1@2,B0@1	boarded
1RB0LC_1LA1LD_0RD1LA_1LC1RD	counter_new	0.062	sparse	B0@1	boarded
1RB0LC_1LA1LD_0RD1LC_1LA1RD	sweep_counter	0.332	dense	B0@1	-
1RB0LC_1LA1LD_1RC1RB_0LC0LD	bouncer_hybrid	0.494	sparse	A0@0	-
1RB0LC_1LA1LD_1RC1RB_0RC0LD	sweep_counter	0.335	dense	A0@0	-
1RB0LC_1LA1LD_1RC1RB_1RC0LD	bouncer_hybrid	0.490	sparse	A0@0	-
1RB0LC_1LA1RA_0RD1LA_1LC1RD	counter_new	0.066	sparse	B0@1	boarded
1RB0LC_1LA1RA_0RD1LD_0RB1LC	counter_new	0.070	sparse	C0@3	boarded
1RB0LC_1LA1RA_1RC1LD_0RB1LC	counter_new	0.071	sparse	C0@4	boarded
1RB0LC_1LA1RB_0RD1LC_1LC1RB	sweep_counter	0.332	dense	A0@0	-
1RB0LC_1LA1RB_0RD1LC_1RB1RB	sweep_counter	0.332	dense	A0@0	-
1RB0LC_1LA1RB_0RD1LC_1RC1RB	sweep_counter	0.332	dense	A0@0	-
1RB0LC_1LA1RB_0RD1LC_1RD1RB	sweep_counter	0.332	dense	A0@0	-
1RB0LC_1LA1RB_1RC1LD_0RB1LD	sweep_counter	0.332	dense	A0@0	-
1RB0LC_1LA1RB_1RD1LC_0LC0RB	sweep_counter	0.334	dense	D0@4	-
1RB0LC_1LA1RB_1RD1LC_0RC0RB	sweep_counter	0.334	dense	D0@4	-
1RB0LC_1LA1RB_1RD1LC_1LB0RB	sweep_counter	0.333	dense	A0@0	-
1RB0LC_1LA1RB_1RD1LC_1LD0RB	sweep_counter	0.334	dense	D0@4	-
1RB0LC_1LA1RB_1RD1LC_1RB0RB	sweep_counter	0.333	dense	A0@0	-
1RB0LC_1LA1RB_1RD1LC_1RD0RB	sweep_counter	0.334	dense	D0@4	-
1RB0LC_1LA1RC_0RC1LD_1LA0LD	counter_new	0.073	dense	A1@2,B0@1	boarded
1RB0LC_1LA1RC_0RD1LC_1LA1RD	sweep_counter	0.332	dense	B0@1	-
1RB0LC_1LA1RC_0RD1RD_1LA0LD	bouncer_hybrid	0.486	sparse	B0@1	-
1RB0LC_1LA1RC_1LD0RB_0RC0LD	counter_new	0.075	dense	A1@2	boarded
1RB0LC_1LA1RC_1RC1RD_1LA0LD	bouncer_hybrid	0.516	sparse	B0@1	-
1RB0LC_1LA1RD_0RB1LC_1RB0LC	counter_new	0.071	sparse	A0@5	boarded
1RB0LC_1LA1RD_0RD0LA_1LC1RB	counter_boxfail	0.068	dense	A0@0	-
1RB0LC_1LA1RD_0RD0LA_1RB---	counter_new	0.073	dense	A0@0	boarded
1RB0LC_1LA1RD_0RD0LC_1RB---	counter_new	0.073	dense	A0@0	boarded
1RB0LC_1LA1RD_0RD1LA_1LC1RD	counter_new	0.062	sparse	B0@1	boarded
1RB0LC_1LA1RD_0RD1LC_1LA1RD	sweep_counter	0.332	dense	B0@1	-
1RB0LC_1LA1RD_0RD1LC_1RB0LC	counter_new	0.061	sparse	A0@0	boarded
1RB0LC_1LA1RD_1LA0LC_0RD1LC	counter_new	0.071	dense	A1@9,B0@1	boarded
1RB0LC_1LA1RD_1LA0LC_0RD1RC	counter_new	0.070	dense	B0@1	boarded
1RB0LC_1LA1RD_1LA1LC_0RC0LD	bouncer_hybrid	0.527	sparse	B0@1	-
1RB0LC_1LB1LA_0RD1LA_1LC1RD	counter_new	0.062	sparse	B0@1	boarded
1RB0LC_1LB1LA_1RD0LC_0RD1LA	counter_new	0.065	dense	B0@1	boarded
1RB0LC_1LB1LC_0RD1LC_1LA1RD	sweep_counter	0.333	dense	B0@1	-
1RB0LC_1LB1LC_1RA1RD_0RB0RD	bouncer_hybrid	0.504	sparse	A0@0	-
1RB0LC_1LB1LC_1RD0LC_0RD1LA	counter_new	0.065	dense	A1@5,B0@1	boarded
1RB0LC_1LB1RC_0RC1LD_1LA0LD	counter_new	0.068	dense	A1@11,B0@1	boarded
1RB0LC_1LB1RC_0RD1LC_1LA1RD	sweep_counter	0.333	dense	B0@1	-
1RB0LC_1LC0LA_1RD1LA_0RD1LC	counter_new	0.075	dense	B0@1	boarded
1RB0LC_1LC0RA_1RD1LB_0LC0RD	counter_boxfail	0.058	dense	A0@0,A1@23,B1@22	-
1RB0LC_1LC0RB_1LD0LD_0RA0LD	counter_new	0.065	dense	C1@2	boarded
1RB0LC_1LC0RB_1LD0LD_0RA1RB	counter_new	0.065	dense	A0@4,C1@2	boarded
1RB0LC_1LC0RB_1LD1LA_0RA0LD	counter_new	0.065	dense	C1@2	boarded
1RB0LC_1LC0RB_1LD1LA_0RA1RB	counter_new	0.068	dense	A0@3,C1@2	boarded
1RB0LC_1LC0RB_1LD1RB_0LC1RA	counter_new	0.072	sparse	A0@0	boarded
1RB0LC_1LC0RB_1LD1RB_0RA0LD	counter_new	0.065	dense	C1@2	boarded
1RB0LC_1LC0RB_1LD1RB_0RA1RA	counter_new	0.060	dense	A0@0	boarded
1RB0LC_1LC0RB_1LD1RB_0RA1RB	counter_new	0.068	dense	A0@0,C1@2	boarded
1RB0LC_1LC0RB_1LD1RC_0RA1RB	counter_new	0.065	dense	A0@0,C1@3	boarded
1RB0LC_1LC0RB_1RD1RB_0LA1LA	counter_new	0.060	dense	A0@0	boarded
1RB0LC_1LC0RD_1RB1LC_1LA1RD	sweep_counter	0.334	dense	A0@0	-
1RB0LC_1LC1LA_0RD1LA_1LC1RD	counter_new	0.062	sparse	B0@1	boarded
1RB0LC_1LC1LA_0RD1LC_1LB1RD	sweep_counter	0.334	dense	A0@0	-
1RB0LC_1LC1LA_1RD0LC_0RD1LA	counter_new	0.068	dense	B0@1	boarded
1RB0LC_1LC1LA_1RD1LB_0LC0RD	counter_boxfail	0.056	dense	A0@23,A1@25,B1@24	-
1RB0LC_1LC1LC_0RD1LC_1LA1RD	sweep_counter	0.333	dense	B0@1	-
1RB0LC_1LC1LD_0RD1LA_1LC1RD	counter_new	0.062	sparse	B0@1	boarded
1RB0LC_1LC1LD_0RD1LC_1LA1RD	sweep_counter	0.333	dense	B0@1	-
1RB0LC_1LC1RA_0RB0LC_------	counter_boxfail	0.062	dense	A1@7	-
1RB0LC_1LC1RA_0RD1LA_1LC1RD	counter_new	0.066	sparse	B0@1	boarded
1RB0LC_1LC1RA_1RD1LB_0LC0RD	counter_boxfail	0.058	dense	A0@0,A1@23,B1@22	-
1RB0LC_1LC1RB_0RB1LD_0RA0LC	counter_new	0.072	sparse	A0@0	boarded
1RB0LC_1LC1RB_0RB1LD_1LB1LA	counter_boxfail	0.076	sparse	A0@0	-
1RB0LC_1LC1RC_0RD1LC_1LA1RD	sweep_counter	0.333	dense	B0@1	-
1RB0LC_1LC1RD_0LA1RB_0RB---	counter_new	0.062	dense	A0@0	boarded
1RB0LC_1LC1RD_0RB0LC_1RB0LA	counter_boxfail	0.062	dense	A0@0,A1@8,D1@7	-
1RB0LC_1LC1RD_0RB1LC_1LA1RD	sweep_counter	0.332	dense	A0@0	-
1RB0LC_1LC1RD_0RD0LC_1LC1RA	counter_boxfail	0.066	dense	A1@7	-
1RB0LC_1LC1RD_0RD0LC_1RA---	counter_new	0.065	dense	A1@5	boarded
1RB0LC_1LC1RD_0RD1LA_1LC1RD	counter_new	0.062	sparse	B0@1	boarded
1RB0LC_1LC1RD_0RD1LC_1LA1RD	sweep_counter	0.333	dense	B0@1	-
1RB0LC_1LC1RD_1LA0LC_0RD1LC	counter_new	0.071	dense	A1@9,B0@1	boarded
1RB0LC_1LC1RD_1LA0LC_0RD1RC	counter_new	0.070	dense	B0@1	boarded
1RB0LC_1RC---_1LD1RA_0RB0LD	counter_new	0.075	dense	A1@12	boarded
1RB0LC_1RC1LA_0RD1LA_1LC1RD	counter_new	0.062	sparse	B0@1	boarded
1RB0LC_1RC1LA_0RD1LC_1LB1RD	sweep_counter	0.334	dense	A0@0	-
1RB0LC_1RC1LA_1LD1RB_0RB0LD	counter_new	0.075	sparse	A0@0	boarded
1RB0LC_1RC1LB_1LA1RD_0LB0RC	counter_new	0.073	sparse	A1@3	boarded
1RB0LC_1RC1LC_0RD1LC_1LA1RD	sweep_counter	0.333	dense	B0@1	-
1RB0LC_1RC1LD_0LB0RC_1LB0LA	counter_boxfail	0.057	dense	A0@5,A1@13,D1@12	-
1RB0LC_1RC1LD_0LB0RC_1LB0RA	counter_boxfail	0.060	dense	A0@0,A1@5,D1@4	-
1RB0LC_1RC1LD_0LB0RC_1LB1RA	counter_boxfail	0.061	dense	A0@0,A1@5,D1@4	-
1RB0LC_1RC1LD_0LD0RC_1LA1LB	counter_boxfail	0.070	dense	A1@29	-
1RB0LC_1RC1LD_0LD0RC_1LB0LA	counter_boxfail	0.068	dense	A0@0,A1@4,D1@3	-
1RB0LC_1RC1LD_0LD0RC_1LB1LA	counter_boxfail	0.068	dense	A0@0,A1@4,D1@3	-
1RB0LC_1RC1LD_0RD1LA_1LC1RD	counter_new	0.062	sparse	B0@1	boarded
1RB0LC_1RC1LD_0RD1LC_1LA1RD	sweep_counter	0.333	dense	B0@1	-
1RB0LC_1RC1RA_0RD1LA_1LC1RD	counter_new	0.066	sparse	B0@1	boarded
1RB0LC_1RC1RD_0RD1LA_1LC1RD	counter_new	0.062	sparse	B0@1	boarded
1RB0LC_1RC1RD_0RD1LC_1LA1RD	sweep_counter	0.333	dense	B0@1	-
1RB0LC_1RC1RD_1LA0LC_0RD1LC	counter_new	0.073	dense	A1@3,B0@1	boarded
1RB0LC_1RC1RD_1LA0LC_0RD1RC	counter_new	0.070	dense	B0@1	boarded
1RB0LC_1RC1RD_1LA1LC_0RC0LD	bouncer_hybrid	0.527	sparse	B0@1	-
1RB0LD_0LB1LC_1LA1RC_0RC1LD	sweep_counter	0.332	dense	B0@1	-
1RB0LD_0LB1LC_1LD1RC_0RC1LA	counter_new	0.062	sparse	B0@1	boarded
1RB0LD_0LB1LC_1RD0LC_0RD1LA	counter_new	0.065	dense	A1@5,B0@1	boarded
1RB0LD_0LB1RC_1LA1RC_0RC1LD	sweep_counter	0.332	dense	B0@1	-
1RB0LD_0LB1RC_1LD1RA_0RC0LD	counter_boxfail	0.061	dense	A1@9	-
1RB0LD_0LB1RC_1LD1RC_0RC1LA	counter_new	0.062	sparse	B0@1	boarded
1RB0LD_0LC0LA_0RC1LD_1RC1LA	counter_new	0.073	dense	B0@1	boarded
1RB0LD_0LC0LA_1RC1LB_0LB0RC	counter_new	0.065	sparse	A0@0	no anchor
1RB0LD_0LC0LA_1RC1LD_0LB0RC	counter_new	0.076	sparse	A0@0	no anchor
1RB0LD_0LC0RC_0RB1LD_1LA---	counter_new	0.071	dense	B0@1	boarded
1RB0LD_0LC1LA_0RC1LA_1RC0LD	counter_new	0.065	dense	B0@1	boarded
1RB0LD_0LC1LA_1LD1RC_0RC1LA	counter_new	0.062	sparse	B0@1	boarded
1RB0LD_0LC1LC_1LA1RC_0RC1LD	sweep_counter	0.332	dense	B0@1	-
1RB0LD_0LC1LC_1LD1RC_0RC1LA	counter_new	0.062	sparse	B0@1	boarded
1RB0LD_0LC1LD_1LA1RC_0RC1LD	sweep_counter	0.332	dense	B0@1	-
1RB0LD_0LC1RA_1LD1RC_0RC1LA	counter_new	0.066	sparse	B0@1	boarded
1RB0LD_0LC1RC_0RC1LD_1LA0LA	counter_new	0.071	dense	B0@1	boarded
1RB0LD_0LC1RC_0RC1RD_1LA0LD	counter_new	0.070	dense	B0@1	boarded
1RB0LD_0LC1RC_1LA1RC_0RC1LD	sweep_counter	0.332	dense	B0@1	-
1RB0LD_0LC1RC_1LD1RC_0RC1LA	counter_new	0.062	sparse	B0@1	boarded
1RB0LD_0LC1RD_1LA1RC_0RC1LD	sweep_counter	0.332	dense	B0@1	-
1RB0LD_0RC0RB_1LC1LD_1RA1RB	bouncer_hybrid	0.495	sparse	A0@0	-
1RB0LD_0RC1LA_1LD1RC_0RC1LA	counter_new	0.062	sparse	B0@1	boarded
1RB0LD_0RC1LB_1LA1RC_1RD1LB	sweep_counter	0.332	dense	A0@3	-
1RB0LD_0RC1LB_1LD1RC_1LA0LB	sweep_counter	0.335	dense	A1@4	-
1RB0LD_0RC1LC_1LA1RC_0RC1LD	sweep_counter	0.332	dense	B0@1	-
1RB0LD_0RC1LC_1LD1RC_0RC1LA	counter_new	0.062	sparse	B0@1	boarded
1RB0LD_0RC1LD_1LA1RC_0RC1LD	sweep_counter	0.332	dense	B0@1	-
1RB0LD_0RC1RC_1LA1RC_0RC1LD	sweep_counter	0.332	dense	B0@1	-
1RB0LD_0RC1RC_1LD1RC_0RC1LA	counter_new	0.062	sparse	B0@1	boarded
1RB0LD_1LB0RC_0RB1LD_1LA---	counter_new	0.073	dense	B0@1	boarded
1RB0LD_1LB0RC_1RC1LD_1LA0RB	counter_new	0.073	dense	B0@1	boarded
1RB0LD_1LB1LC_1LA1RC_0RC1LD	sweep_counter	0.333	dense	B0@1	-
1RB0LD_1LB1LC_1LD1RC_0RC1LA	counter_new	0.062	sparse	B0@1	boarded
1RB0LD_1LB1LC_1RD0LC_0RD1LA	counter_new	0.065	dense	A1@5,B0@1	boarded
1RB0LD_1LB1RC_0RC1LD_1LA0LD	counter_new	0.071	dense	A1@11,B0@1	boarded
1RB0LD_1LB1RC_0RC1RD_1LA0LD	counter_new	0.070	dense	B0@1	boarded
1RB0LD_1LB1RC_1LA1RC_0RC1LD	sweep_counter	0.333	dense	B0@1	-
1RB0LD_1LB1RC_1LD1RC_0RC1LA	counter_new	0.062	sparse	B0@1	boarded
1RB0LD_1LC0LA_0RC1LD_1RC1LA	counter_new	0.073	dense	B0@1	boarded
1RB0LD_1LC0LB_0RA0LD_1RD1RB	bouncer_hybrid	0.516	sparse	A0@0	-
1RB0LD_1LC0LB_0RA1LC_1RD1RB	bouncer_hybrid	0.515	sparse	A0@0	-
1RB0LD_1LC0LC_1RD1LB_1LA0RD	counter_boxfail	0.055	dense	A1@25	-
1RB0LD_1LC0RA_1RD1LB_0LC0RD	counter_boxfail	0.057	dense	A0@0,A1@23,B1@22	-
1RB0LD_1LC0RB_0LC0RD_1LA1RD	counter_new	0.068	dense	A1@5,D1@3	boarded
1RB0LD_1LC0RB_0LC1LD_0RD1RA	counter_new	0.065	dense	D0@3	boarded
1RB0LD_1LC0RB_0LC1LD_1RA1RA	counter_new	0.068	dense	D0@3	boarded
1RB0LD_1LC0RB_0LC1LD_1RC1RA	counter_new	0.068	dense	D0@3	boarded
1RB0LD_1LC0RB_0LC1LD_1RD1RA	counter_new	0.065	dense	D0@3	boarded
1RB0LD_1LC0RB_1RA0LC_0LC1LD	counter_new	0.062	dense	C1@2	boarded
1RB0LD_1LC0RC_0RB1LD_1LA---	counter_new	0.071	dense	B0@1	boarded
1RB0LD_1LC0RC_1LA1RC_1RB1LD	sweep_counter	0.333	dense	A0@10	-
1RB0LD_1LC1LA_0RC1LA_1RC0LD	counter_new	0.065	dense	B0@1	boarded
1RB0LD_1LC1LA_1LD1RC_0RC1LA	counter_new	0.062	sparse	B0@1	boarded
1RB0LD_1LC1LA_1LD1RC_0RC1LB	counter_boxfail	0.076	sparse	A0@7	-
1RB0LD_1LC1LA_1RD1LB_0LC0RD	counter_boxfail	0.055	dense	A0@23,A1@25,B1@24	-
1RB0LD_1LC1LB_1RD1LA_0LC0RD	counter_boxfail	0.069	dense	A1@33	-
1RB0LD_1LC1LC_1LA1RC_0RC1LD	sweep_counter	0.333	dense	B0@1	-
1RB0LD_1LC1LC_1LD1RC_0RC1LA	counter_new	0.062	sparse	B0@1	boarded
1RB0LD_1LC1LD_1LA1RC_0RC1LD	sweep_counter	0.333	dense	B0@1	-
1RB0LD_1LC1RA_0LD1LB_0RA1LD	counter_new	0.061	sparse	C0@4	boarded
1RB0LD_1LC1RA_0RA1LB_0RA1LD	counter_new	0.061	sparse	C0@4	boarded
1RB0LD_1LC1RA_0RB0LC_---0LB	counter_boxfail	0.062	dense	A1@7,D1@8	-
1RB0LD_1LC1RA_0RB0LC_---0LC	counter_boxfail	0.062	dense	A1@7,D1@8	-
1RB0LD_1LC1RA_0RB0LC_---0RB	counter_boxfail	0.061	dense	A1@7,D1@8	-
1RB0LD_1LC1RA_0RB0LC_---0RC	counter_boxfail	0.060	dense	A1@7,D1@8	-
1RB0LD_1LC1RA_0RB0LC_---1LC	counter_boxfail	0.062	dense	A1@7,D1@8	-
1RB0LD_1LC1RA_0RB0LC_---1RA	counter_boxfail	0.062	dense	A1@7,D1@8	-
1RB0LD_1LC1RA_0RB0LC_---1RC	counter_boxfail	0.060	dense	A1@7,D1@8	-
1RB0LD_1LC1RA_0RB0LC_0LB0LD	counter_boxfail	0.062	dense	A1@7,D0@9,D1@8	-
1RB0LD_1LC1RA_0RB0LC_0LB0RD	counter_boxfail	0.062	dense	A1@7,D0@9,D1@8	-
1RB0LD_1LC1RA_0RB0LC_0LB1LD	counter_boxfail	0.062	dense	A1@7,D0@9,D1@8	-
1RB0LD_1LC1RA_0RB0LC_0LB1RD	counter_boxfail	0.062	dense	A1@7,D0@9,D1@8	-
1RB0LD_1LC1RA_0RB0LC_0LC0LD	counter_boxfail	0.062	dense	A1@7,D0@9,D1@8	-
1RB0LD_1LC1RA_0RB0LC_0LC0RD	counter_boxfail	0.061	dense	A1@7,D0@9,D1@8	-
1RB0LD_1LC1RA_0RB0LC_0LC1RD	counter_boxfail	0.062	dense	A1@7,D0@9,D1@8	-
1RB0LD_1LC1RA_0RB0LC_0RB0LD	counter_boxfail	0.062	dense	A1@7,D0@9,D1@8	-
1RB0LD_1LC1RA_0RB0LC_0RB0RD	counter_boxfail	0.060	dense	A1@7,D0@9,D1@8	-
1RB0LD_1LC1RA_0RB0LC_0RB1LD	counter_boxfail	0.062	dense	A1@7,D0@9,D1@8	-
1RB0LD_1LC1RA_0RB0LC_0RB1RD	counter_boxfail	0.060	dense	A1@7,D0@9,D1@8	-
1RB0LD_1LC1RA_0RB0LC_0RC0LD	counter_boxfail	0.061	dense	A1@7,D0@9,D1@8	-
1RB0LD_1LC1RA_0RB0LC_0RC0RD	counter_boxfail	0.058	dense	A1@7,D0@9,D1@8	-
1RB0LD_1LC1RA_0RB0LC_0RC1LD	counter_boxfail	0.062	dense	A1@7,D0@9,D1@8	-
1RB0LD_1LC1RA_0RB0LC_0RC1RD	counter_boxfail	0.058	dense	A1@7,D0@9,D1@8	-
1RB0LD_1LC1RA_0RB0LC_1LC0LD	counter_boxfail	0.062	dense	A1@7,D0@9,D1@8	-
1RB0LD_1LC1RA_0RB0LC_1LC0RD	counter_boxfail	0.061	dense	A1@7,D0@9,D1@8	-
1RB0LD_1LC1RA_0RB0LC_1RA0LD	counter_boxfail	0.062	dense	A1@7,D0@9,D1@8	-
1RB0LD_1LC1RA_0RB0LC_1RA0RD	counter_boxfail	0.061	dense	A1@7,D0@9,D1@8	-
1RB0LD_1LC1RA_0RB0LC_1RB1RD	counter_boxfail	0.062	dense	A1@7,D0@9,D1@8	-
1RB0LD_1LC1RA_0RB0LC_1RC0LD	counter_boxfail	0.061	dense	A1@7,D0@9,D1@8	-
1RB0LD_1LC1RA_0RB0LC_1RC0RD	counter_boxfail	0.058	dense	A1@7,D0@9,D1@8	-
1RB0LD_1LC1RA_0RB0LC_1RC1LD	counter_boxfail	0.062	dense	A1@7,D0@9,D1@8	-
1RB0LD_1LC1RA_0RB0LC_1RC1RD	counter_boxfail	0.058	dense	A1@7,D0@9,D1@8	-
1RB0LD_1LC1RA_0RB0LD_0RB1LD	counter_new	0.071	sparse	C0@5	boarded
1RB0LD_1LC1RA_0RB1LB_0RB1LD	counter_new	0.071	sparse	C0@4	boarded
1RB0LD_1LC1RA_0RB1LD_0LB0LC	counter_boxfail	0.073	dense	D0@3	-
1RB0LD_1LC1RA_0RB1LD_0LC0LC	counter_boxfail	0.073	dense	D0@3	-
1RB0LD_1LC1RA_0RB1LD_0RB0LC	counter_boxfail	0.073	dense	D0@3	-
1RB0LD_1LC1RA_0RB1LD_0RD0LC	counter_boxfail	0.073	dense	D0@3	-
1RB0LD_1LC1RA_0RB1LD_1LB0LC	counter_boxfail	0.073	dense	D0@3	-
1RB0LD_1LC1RA_0RB1LD_1LC0LC	counter_boxfail	0.073	dense	D0@3	-
1RB0LD_1LC1RA_0RB1LD_1RA0LC	counter_boxfail	0.073	dense	D0@3	-
1RB0LD_1LC1RA_0RB1LD_1RC0LC	counter_boxfail	0.073	dense	D0@3	-
1RB0LD_1LC1RA_0RD0LD_0RB1LD	counter_new	0.071	sparse	C0@5	boarded
1RB0LD_1LC1RA_0RD1LB_0RA1LD	counter_new	0.061	sparse	C0@4	boarded
1RB0LD_1LC1RA_0RD1LB_0RB1LD	counter_new	0.071	sparse	C0@4	boarded
1RB0LD_1LC1RA_1LA0LD_0RB1LD	counter_new	0.071	sparse	C0@5	boarded
1RB0LD_1LC1RA_1LA1LB_0RA1LD	counter_new	0.061	sparse	C0@4	boarded
1RB0LD_1LC1RA_1LA1LB_0RB1LD	counter_new	0.071	sparse	C0@4	boarded
1RB0LD_1LC1RA_1LD0LD_0RB1LD	counter_new	0.071	sparse	C0@5	boarded
1RB0LD_1LC1RA_1LD1LB_0RA1LD	counter_new	0.061	sparse	C0@4	boarded
1RB0LD_1LC1RA_1LD1LB_0RB1LD	counter_new	0.071	sparse	C0@4	boarded
1RB0LD_1LC1RA_1LD1RC_0RC1LA	counter_new	0.066	sparse	B0@1	boarded
1RB0LD_1LC1RA_1RA0LD_0RB1LD	counter_new	0.071	sparse	C0@5	boarded
1RB0LD_1LC1RA_1RA1LB_0RB1LD	counter_new	0.071	sparse	C0@4	boarded
1RB0LD_1LC1RA_1RB0LD_0RB1LD	counter_new	0.071	sparse	C0@5	boarded
1RB0LD_1LC1RA_1RB1LB_0RA1LD	counter_new	0.061	sparse	C0@4	boarded
1RB0LD_1LC1RA_1RB1LB_0RB1LD	counter_new	0.071	sparse	C0@4	boarded
1RB0LD_1LC1RA_1RC0LD_0RB1LD	counter_new	0.071	sparse	C0@5	boarded
1RB0LD_1LC1RA_1RC1LB_0RB1LD	counter_new	0.071	sparse	C0@4	boarded
1RB0LD_1LC1RA_1RD0LD_0RB1LD	counter_new	0.071	sparse	C0@5	boarded
1RB0LD_1LC1RA_1RD1LB_0LC0RD	counter_boxfail	0.058	dense	A0@0,A1@23,B1@22	-
1RB0LD_1LC1RA_1RD1LB_0RA1LD	counter_new	0.061	sparse	C0@4	boarded
1RB0LD_1LC1RA_1RD1LB_0RB1LD	counter_new	0.071	sparse	C0@4	boarded
1RB0LD_1LC1RC_0RC1LD_1LA0LA	counter_new	0.071	dense	B0@1	boarded
1RB0LD_1LC1RC_1LA1RC_0RC1LD	sweep_counter	0.333	dense	B0@1	-
1RB0LD_1LC1RC_1LD1RC_0RC1LA	counter_new	0.062	sparse	B0@1	boarded
1RB0LD_1LC1RD_0RA1RD_1LB0RD	counter_boxfail	0.073	dense	A0@0	-
1RB0LD_1LC1RD_0RD0LC_1LC1RA	counter_boxfail	0.066	dense	A1@7	-
1RB0LD_1LC1RD_1LA0LC_0RD1LC	counter_new	0.068	dense	A1@9,B0@1	boarded
1RB0LD_1LC1RD_1LA1RC_0RC1LD	sweep_counter	0.333	dense	B0@1	-
1RB0LD_1RC---_1LA0RB_0LA1RB	counter_new	0.073	dense	A0@0	boarded
1RB0LD_1RC---_1LD1RA_0RB0LD	counter_new	0.075	dense	A1@12	boarded
1RB0LD_1RC---_1LD1RB_0RC0LA	counter_new	0.062	dense	A0@0	boarded
1RB0LD_1RC0LA_1LD1RB_0RB0LD	counter_boxfail	0.073	dense	A0@0,A1@13,B1@12	-
1RB0LD_1RC0LA_1LD1RB_0RC1LA	counter_boxfail	0.073	dense	A0@0	-
1RB0LD_1RC0LD_1LA1RB_0RB1LD	counter_new	0.061	sparse	A0@0	boarded
1RB0LD_1RC0LD_1LA1RB_0RC1LD	counter_new	0.071	sparse	A0@0	boarded
1RB0LD_1RC0RB_0LA0RD_1LD1LB	sweep_counter	0.334	dense	A0@0	-
1RB0LD_1RC0RB_1LA0LB_0LD1RB	counter_new	0.068	dense	A0@0	boarded
1RB0LD_1RC0RB_1LA1LB_0LD1RB	counter_new	0.073	dense	A0@0	boarded
1RB0LD_1RC0RB_1LA1RB_1LC0LD	counter_boxfail	0.061	dense	A0@18	-
1RB0LD_1RC0RC_1LA1RC_1RB1LD	sweep_counter	0.333	dense	A0@8	-
1RB0LD_1RC1LA_1LB1RC_0RC1LD	sweep_counter	0.334	dense	A0@0	-
1RB0LD_1RC1LA_1LD1RC_0RC1LA	counter_new	0.062	sparse	B0@1	boarded
1RB0LD_1RC1LB_1LA1RD_0LB0RC	counter_new	0.073	sparse	A1@3	boarded
1RB0LD_1RC1LC_1LA1RC_0RC1LD	sweep_counter	0.333	dense	B0@1	-
1RB0LD_1RC1LC_1LD1RC_0RC1LA	counter_new	0.062	sparse	B0@1	boarded
1RB0LD_1RC1LD_0LD0RC_1LB0LA	counter_boxfail	0.070	dense	A0@0,A1@4,D1@3	-
1RB0LD_1RC1LD_0LD0RC_1LB1LA	counter_boxfail	0.070	dense	A0@0,A1@4,D1@3	-
1RB0LD_1RC1LD_1LA1RC_0RC1LD	sweep_counter	0.333	dense	B0@1	-
1RB0LD_1RC1LD_1RD0RC_1LB1LA	counter_new	0.068	dense	A0@0	boarded
1RB0LD_1RC1RA_1LD1RC_0RC1LA	counter_new	0.066	sparse	B0@1	boarded
1RB0LD_1RC1RB_0LA0RB_1LB1LA	counter_boxfail	0.075	dense	A0@5	-
1RB0LD_1RC1RC_1LA1RC_0RB1LD	sweep_counter	0.332	dense	A0@0	-
1RB0LD_1RC1RC_1LA1RC_0RC1LD	sweep_counter	0.333	dense	B0@1	-
1RB0LD_1RC1RC_1LD1RC_0RC1LA	counter_new	0.062	sparse	B0@1	boarded
1RB0LD_1RC1RD_1LA0LC_0RD1LC	counter_new	0.070	dense	A1@3,B0@1	boarded
1RB0LD_1RC1RD_1LA1RC_0RC1LD	sweep_counter	0.333	dense	B0@1	-
1RB0RA_1LC1LD_1RC0LD_0LC1RA	counter_new	0.070	dense	C0@6	boarded
1RB0RA_1LC1RA_1RA0LD_1LB0LC	counter_boxfail	0.065	dense	C0@20	-
1RB0RA_1LC1RA_1RA0LD_1LB0LD	counter_boxfail	0.065	dense	C0@20	-
1RB0RA_1RC1LD_1LD0RA_1LB0LD	counter_boxfail	0.065	dense	C0@13	-
1RB0RB_0LB1RC_1LD0RC_0LD1LA	counter_new	0.057	dense	B0@1	boarded
1RB0RB_0LC0LD_0RC1LD_1LA1RC	counter_new	0.065	dense	B0@1	boarded
1RB0RB_0LC0RA_1LD1RC_1RA1LC	counter_new	0.073	dense	A0@0,C1@2	boarded
1RB0RB_0LC0RA_1RB1LD_1LC---	counter_new	0.062	dense	A0@0	boarded
1RB0RB_0LC0RA_1RB1LD_1RA1LC	counter_boxfail	0.068	dense	A0@0	-
1RB0RB_0LC0RB_1LD1RC_1RA1LC	counter_new	0.073	dense	A0@0,C1@2	boarded
1RB0RB_0LC1RA_1RB1LD_1LC0RA	counter_boxfail	0.073	dense	A0@0	-
1RB0RB_0LC1RB_1LB1LD_1RA1LD	sweep_counter	0.332	dense	A0@0	-
1RB0RB_0LC1RB_1LC1LD_1RA1LD	sweep_counter	0.332	dense	A0@0	-
1RB0RB_0LC1RB_1LD0RB_1RA1LC	counter_new	0.061	sparse	A0@0	boarded
1RB0RB_0LC1RB_1LD1LD_1RA1LD	sweep_counter	0.332	dense	A0@0	-
1RB0RB_0LC1RB_1RA1LD_1LC0RB	counter_new	0.071	sparse	A0@0	boarded
1RB0RB_0LC1RB_1RB1LD_1RA1LD	sweep_counter	0.332	dense	A0@0	-
1RB0RB_0LC1RD_0LC1LA_1LC0RD	counter_new	0.057	dense	B0@1	boarded
1RB0RB_0LC1RD_1RB1LC_0LA0RB	counter_new	0.072	sparse	A0@0	boarded
1RB0RB_0LC1RD_1RB1LC_1RC1RA	counter_boxfail	0.076	sparse	A0@0	-
1RB0RB_0RC0LA_1LD1RC_0LD1RB	counter_new	0.064	dense	A0@0	boarded
1RB0RB_0RC0LC_1LD0RB_1LD1RA	counter_new	0.075	dense	A0@0	boarded
1RB0RB_0RC0LD_0RD0RA_1LD1RB	counter_new	0.077	sparse	A0@0	no anchor
1RB0RB_0RC0LD_0RD0RA_1LD1RC	counter_new	0.066	sparse	A0@0	no anchor
1RB0RB_0RC0LD_0RD0RB_1LD1RA	counter_new	0.077	sparse	A0@0	boarded
1RB0RB_0RC0LD_1LD0RB_1LD1RA	counter_new	0.075	sparse	A0@0	boarded
1RB0RB_0RC0RA_1LD1LC_0LD1RB	counter_new	0.078	dense	A0@0	no interior chain
1RB0RB_0RC0RD_1LC1RA_0RB0LC	counter_new	0.075	sparse	A0@0	boarded
1RB0RB_0RC1LB_1LD1RC_1LA0LB	sweep_counter	0.334	dense	A1@4	-
1RB0RB_0RC1RC_1LD0RC_0LD1LA	counter_new	0.057	dense	B0@1	boarded
1RB0RB_0RC1RD_0LC1LA_1LC0RD	counter_new	0.057	dense	B0@1	boarded
1RB0RB_1LA1LC_0LD0LC_1RD1RB	bouncer_hybrid	0.495	sparse	A0@0	-
1RB0RB_1LA1LC_1LB0RD_0LB1RD	counter_new	0.073	sparse	A1@2	boarded
1RB0RB_1LA1LC_1LB0RD_0LC1RD	counter_new	0.062	sparse	A1@2	boarded
1RB0RB_1LA1RC_0LD0RB_1RB1LD	counter_new	0.073	sparse	A1@2	boarded
1RB0RB_1LA1RC_1LD0RC_0LD1LA	counter_new	0.057	dense	B0@1	boarded
1RB0RB_1LB0LC_1LA1RD_0RD1LC	counter_new	0.068	dense	B0@1	boarded
1RB0RB_1LB1LC_1RA1RD_0LB0RD	sweep_counter	0.334	dense	A0@0	-
1RB0RB_1LB1LC_1RA1RD_0RB0RD	bouncer_hybrid	0.503	sparse	A0@0	-
1RB0RB_1LB1LC_1RA1RD_1LB0RD	bouncer_hybrid	0.485	sparse	A0@0	-
1RB0RB_1LB1RC_0LD1RC_1RA1LD	sweep_counter	0.333	dense	A0@0	-
1RB0RB_1LB1RC_1LA1LD_0RC0LD	counter_new	0.068	dense	B0@1	boarded
1RB0RB_1LB1RC_1LD0RC_0LD1LA	counter_new	0.057	dense	B0@1	boarded
1RB0RB_1LC0LD_0RC1LD_1LA1RC	counter_new	0.065	dense	B0@1	boarded
1RB0RB_1LC0RA_1LD1RA_0LD1RB	counter_new	0.071	dense	A0@0	no interior chain
1RB0RB_1LC0RB_0LD1RA_0LD1RB	counter_new	0.068	dense	A0@0	boarded
1RB0RB_1LC0RB_0LD1RA_1LC1RB	counter_new	0.073	dense	A0@0	no interior chain
1RB0RB_1LC0RB_0LD1RA_1LC1RD	counter_new	0.073	dense	A0@0	no interior chain
1RB0RB_1LC0RB_0LD1RA_1LD1RB	sweep_counter	0.332	dense	A0@0	-
1RB0RB_1LC0RB_1LD1RA_0LD1RB	counter_new	0.071	dense	A0@0	no interior chain
1RB0RB_1LC0RB_1LD1RB_0LC1RA	counter_new	0.070	sparse	A0@0	boarded
1RB0RB_1LC0RB_1LD1RC_0LC1RA	counter_new	0.069	sparse	A0@0	boarded
1RB0RB_1LC0RD_1LC1RA_0RB0LB	counter_new	0.073	dense	A0@0	boarded
1RB0RB_1LC0RD_1LC1RA_0RB0LC	counter_new	0.073	sparse	A0@0	boarded
1RB0RB_1LC1LD_0LC1RB_0RA1RA	counter_new	0.060	dense	A0@0	boarded
1RB0RB_1LC1RA_0RB0LC_------	counter_boxfail	0.060	dense	A1@7	-
1RB0RB_1LC1RA_1LB0LD_1RC0LC	counter_new	0.073	dense	D0@3	boarded
1RB0RB_1LC1RA_1LD0LC_0RA1RD	counter_boxfail	0.064	dense	D1@23	-
1RB0RB_1LC1RA_1LD0LC_1RA1LA	counter_boxfail	0.068	dense	D0@4	-
1RB0RB_1LC1RD_0LB1RA_1LB0RD	counter_new	0.070	dense	A0@0	boarded
1RB0RB_1LC1RD_0LC1LA_1LC0RD	counter_new	0.057	dense	B0@1	boarded
1RB0RB_1LC1RD_0LC1RB_0LA1LA	counter_new	0.060	dense	A0@0	boarded
1RB0RB_1LC1RD_0LC1RB_1LD0RA	counter_new	0.075	dense	A0@0	boarded
1RB0RB_1LC1RD_0RB0LC_1RB0LA	counter_boxfail	0.061	dense	A0@0,A1@8,D1@7	-
1RB0RB_1LC1RD_0RB0LC_1RB1LA	counter_boxfail	0.061	dense	A0@0,A1@8,D1@7	-
1RB0RB_1LC1RD_0RD0LC_1LA1LC	counter_new	0.068	dense	B0@1	boarded
1RB0RB_1LC1RD_0RD0LC_1LC1RA	counter_boxfail	0.062	dense	A1@7	-
1RB0RB_1RC---_1LD1RA_0RB0LD	counter_new	0.071	dense	A1@12	boarded
1RB0RB_1RC0LA_1LD1RB_0RB0LD	counter_boxfail	0.070	dense	A0@0,A1@13,B1@12	-
1RB0RB_1RC0LD_1LB0LA_0LD1RB	counter_new	0.068	dense	A0@0	boarded
1RB0RB_1RC0RA_1LC1LD_0LD1RB	counter_new	0.073	dense	A0@0	boarded
1RB0RB_1RC1LB_1LA1RD_0LB0RC	counter_new	0.073	sparse	A1@3	boarded
1RB0RB_1RC1LD_0LB0RC_1LB0RA	counter_boxfail	0.062	dense	A0@0,A1@5,D1@4	-
1RB0RB_1RC1LD_0LB0RC_1LB1RA	counter_boxfail	0.062	dense	A0@0,A1@5,D1@4	-
1RB0RB_1RC1LD_1LA0LA_0LD1RB	counter_new	0.068	dense	A0@0	boarded
1RB0RB_1RC1RA_1LD1LC_0RA0LC	counter_boxfail	0.075	dense	A0@11	-
1RB0RB_1RC1RC_1LD0RC_0LD1LA	counter_new	0.057	dense	B0@1	boarded
1RB0RB_1RC1RD_0LC1LA_1LC0RD	counter_new	0.057	dense	B0@1	boarded
1RB0RC_0LA0RC_0LD1RB_1RC1LD	counter_new	0.072	sparse	A0@0	boarded
1RB0RC_0LB1RC_0LD0RC_1LA1LD	counter_boxfail	0.066	sparse	B0@1	-
1RB0RC_0LB1RC_0RD0LA_1LB1RD	counter_new	0.064	dense	A0@0	boarded
1RB0RC_0LB1RC_0RD0RA_1LB1LD	counter_new	0.078	dense	A0@0	no interior chain
1RB0RC_0LB1RC_1LB1LD_0RA1RA	counter_new	0.060	dense	A0@0	boarded
1RB0RC_0LB1RC_1LB1RD_0LA1LA	counter_new	0.060	dense	A0@0	boarded
1RB0RC_0LB1RC_1LB1RD_1LD0RA	counter_new	0.075	dense	A0@0	boarded
1RB0RC_0LB1RC_1LD0RA_1LB1RA	counter_new	0.071	dense	A0@0	no interior chain
1RB0RC_0LB1RC_1LD0RC_0LB1RA	counter_new	0.068	dense	A0@0	boarded
1RB0RC_0LB1RC_1LD0RC_1LB1RA	counter_new	0.071	dense	A0@0	no interior chain
1RB0RC_0LB1RC_1LD1RA_0RC0LD	counter_boxfail	0.057	dense	A1@9	-
1RB0RC_0LB1RC_1RD0LB_1LC0LA	counter_new	0.068	dense	A0@0	boarded
1RB0RC_0LB1RC_1RD0RA_1LD1LB	counter_new	0.073	dense	A0@0	boarded
1RB0RC_0LB1RC_1RD1LB_1LA0LA	counter_new	0.068	dense	A0@0	boarded
1RB0RC_0LC0RB_1LC1LD_1RA1RB	sweep_counter	0.335	dense	A0@0	-
1RB0RC_0LC0RB_1LD1LC_1LA0LB	counter_boxfail	0.056	dense	D1@21	-
1RB0RC_0LC0RB_1LD1LC_1LA1LB	counter_boxfail	0.056	dense	D1@21	-
1RB0RC_0LC1RD_0LC1LA_1LC0RD	counter_new	0.068	dense	B0@1	boarded
1RB0RC_0RC0LC_1LD0RB_1LD1RA	counter_new	0.073	dense	A0@0	boarded
1RB0RC_0RC0LD_0RD0RB_1LD1RA	counter_new	0.075	sparse	A0@0	boarded
1RB0RC_0RC0LD_1LD0RB_1LD1RA	counter_new	0.073	sparse	A0@0	boarded
1RB0RC_0RC0RB_1LC1LD_1RA1RB	bouncer_hybrid	0.494	sparse	A0@0	-
1RB0RC_0RC1LB_1LD1RC_1LA0LB	sweep_counter	0.334	dense	A1@4	-
1RB0RC_0RC1RD_0LC1LA_1LC0RD	counter_new	0.068	dense	B0@1	boarded
1RB0RC_1LA0LD_0RC1LB_1RC0LD	counter_new	0.065	dense	A1@2	boarded
1RB0RC_1LA0LD_1RC1LB_0LB0RC	counter_new	0.073	sparse	A1@2	boarded
1RB0RC_1LA0LD_1RC1LD_0LB0RC	counter_new	0.062	sparse	A1@2	boarded
1RB0RC_1LA0RD_0LC0RB_1LC0RD	counter_new	0.065	dense	A1@2	boarded
1RB0RC_1LA0RD_0LC0RB_1LC1RD	counter_new	0.062	dense	A1@2	boarded
1RB0RC_1LA1LC_1LB0RD_0LB1RD	counter_new	0.073	sparse	A1@2	boarded
1RB0RC_1LA1LC_1LB0RD_0LC1RD	counter_new	0.062	sparse	A1@2	boarded
1RB0RC_1LA1LD_0LB1RC_1LB0RC	counter_new	0.073	sparse	A1@2	boarded
1RB0RC_1LA1LD_0LD1RC_1LB0RC	counter_new	0.062	sparse	A1@2	boarded
1RB0RC_1LA1LD_0RC1LA_1RC0LD	counter_new	0.068	dense	A1@2,B0@1	boarded
1RB0RC_1LA1RC_0LD0RB_1RB1LD	counter_new	0.073	sparse	A1@2	boarded
1RB0RC_1LA1RC_0RC1LD_1LA0LD	counter_new	0.073	dense	A1@2,B0@1	boarded
1RB0RC_1LA1RC_1LD0RB_0RC0LD	counter_new	0.075	dense	A1@2	boarded
1RB0RC_1LA1RD_0LC1LA_1LC0RD	counter_new	0.068	dense	B0@1	boarded
1RB0RC_1LA1RD_0RD0LC_1LC0RB	counter_new	0.075	dense	A1@2	boarded
1RB0RC_1LA1RD_1RB1LC_0LC0RB	counter_new	0.073	sparse	A1@2	boarded
1RB0RC_1LB1LC_1RD0LC_0RD1LA	counter_new	0.068	dense	A1@5,B0@1	boarded
1RB0RC_1LB1RA_0RB0RD_0RC0LB	counter_new	0.075	sparse	A0@0	boarded
1RB0RC_1LB1RA_0RD0LB_0RB0RA	counter_new	0.076	sparse	A0@0	no anchor
1RB0RC_1LB1RA_0RD0LB_0RB0RC	counter_new	0.077	sparse	A0@0	boarded
1RB0RC_1LB1RA_0RD0LB_1LB0RC	counter_new	0.075	sparse	A0@0	boarded
1RB0RC_1LB1RA_0RD0LD_1LB0RC	counter_new	0.075	dense	A0@0	boarded
1RB0RC_1LB1RA_1LB0RD_0RC0LB	counter_new	0.073	sparse	A0@0	boarded
1RB0RC_1LB1RA_1LB0RD_0RC0LC	counter_new	0.073	dense	A0@0	boarded
1RB0RC_1LB1RA_1LD0RC_0LD1RB	counter_new	0.068	dense	A0@0	boarded
1RB0RC_1LB1RC_0RC1LD_1LA0LD	counter_new	0.070	dense	A1@14,B0@1	boarded
1RB0RC_1LB1RC_0RD0LB_0RB0RA	counter_new	0.077	sparse	A0@0	no anchor
1RB0RC_1LB1RC_1LD0RC_0LB1RA	sweep_counter	0.332	dense	A0@0	-
1RB0RC_1LB1RC_1RA1LD_0RC0LD	counter_new	0.062	dense	A1@7	boarded
1RB0RC_1LC0LD_1LB1RC_1RA1LD	sweep_counter	0.334	dense	A0@0	-
1RB0RC_1LC0RB_0LC0RD_1LA1RD	counter_new	0.062	dense	A1@5,D1@3	boarded
1RB0RC_1LC0RB_0LC1RD_0RB1LA	counter_boxfail	0.055	dense	A0@0,A1@4,D1@3	-
1RB0RC_1LC0RB_1LC1LD_1RA1RB	bouncer_hybrid	0.485	sparse	A0@0	-
1RB0RC_1LC0RD_0LC1RD_0RB1LA	counter_boxfail	0.071	dense	A0@0,A1@4,D1@3	-
1RB0RC_1LC0RD_1LA0LC_0RD1LC	counter_new	0.068	dense	B0@1	boarded
1RB0RC_1LC1LD_0LB1RC_1RA1LD	sweep_counter	0.332	dense	A0@0	-
1RB0RC_1LC1RA_0LD1RC_1RB1LD	sweep_counter	0.334	dense	A0@0	-
1RB0RC_1LC1RA_0RB0LC_------	counter_boxfail	0.058	dense	A1@7	-
1RB0RC_1LC1RA_0RD0LC_0RB1LA	counter_boxfail	0.065	dense	A1@17	-
1RB0RC_1LC1RA_0RD0LC_1LB0RB	counter_new	0.057	dense	A1@9	boarded
1RB0RC_1LC1RA_0RD0LC_1RA---	counter_new	0.067	dense	A1@5	boarded
1RB0RC_1LC1RA_1RD0LC_1LD0RB	counter_new	0.058	dense	A1@7	boarded
1RB0RC_1LC1RA_1RD1LB_0LC0RD	counter_new	0.064	sparse	A0@0	boarded
1RB0RC_1LC1RD_0LC1LA_1LC0RD	counter_new	0.068	dense	B0@1	boarded
1RB0RC_1LC1RD_0RB0LC_1RA0RD	counter_boxfail	0.069	dense	A1@18,D1@7	-
1RB0RC_1LC1RD_0RB0LC_1RB0LA	counter_boxfail	0.060	dense	A0@0,A1@8,D1@7	-
1RB0RC_1LC1RD_0RB0LC_1RB1LA	counter_boxfail	0.061	dense	A0@0,A1@8,D1@7	-
1RB0RC_1LC1RD_0RD0LC_1LC1RA	counter_boxfail	0.061	dense	A1@7	-
1RB0RC_1LC1RD_0RD0LC_1RA---	counter_new	0.061	dense	A1@5	boarded
1RB0RC_1LC1RD_1LA0LC_0RD1LC	counter_new	0.073	dense	A1@12,B0@1	boarded
1RB0RC_1RC0LA_1LD1RB_0RB0LD	counter_boxfail	0.073	dense	A0@17,A1@13,B1@16	-
1RB0RC_1RC0LD_1LB1RC_1RA1LD	sweep_counter	0.334	dense	A0@0	-
1RB0RC_1RC1LA_1LD0RC_0LD1RB	counter_new	0.057	dense	A0@0	boarded
1RB0RC_1RC1LB_0LB1RD_0LA0RC	counter_new	0.072	sparse	A0@0	boarded
1RB0RC_1RC1LB_0LB1RD_1RB1RA	counter_boxfail	0.076	sparse	A0@22	-
1RB0RC_1RC1LB_1LA1RD_0LB0RC	counter_new	0.073	sparse	A1@3	boarded
1RB0RC_1RC1LD_0LB0RA_1RA1LB	counter_boxfail	0.068	dense	A0@0	-
1RB0RC_1RC1LD_0LB0RC_1LB0LA	counter_boxfail	0.060	dense	A0@5,A1@13,D1@12	-
1RB0RC_1RC1LD_0LB0RC_1LB0RA	counter_boxfail	0.062	dense	A0@0,A1@5,D1@4	-
1RB0RC_1RC1LD_0LB1RA_1LB0RA	counter_boxfail	0.073	dense	A0@0	-
1RB0RC_1RC1LD_0LB1RC_1RA1LD	sweep_counter	0.332	dense	A0@0	-
1RB0RC_1RC1LD_0LD0RC_1LB0LA	counter_boxfail	0.071	dense	A0@0,A1@4,D1@3	-
1RB0RC_1RC1LD_0LD0RC_1LB1LA	counter_boxfail	0.073	dense	A0@0,A1@4,D1@3	-
1RB0RC_1RC1LD_1LD0RA_1LB0LD	counter_boxfail	0.065	dense	C0@13	-
1RB0RC_1RC1RA_0LD1RC_1RB1LD	sweep_counter	0.334	dense	A0@0	-
1RB0RC_1RC1RD_0LC1LA_1LC0RD	counter_new	0.068	dense	B0@1	boarded
1RB0RD_0LB1LC_1RD0LC_0RD1LA	counter_new	0.065	dense	A1@5,B0@1	boarded
1RB0RD_0LB1RC_1LB1RD_1LA0RC	counter_new	0.075	dense	A0@0	boarded
1RB0RD_0LB1RC_1LC1RA_1LB0RD	counter_new	0.068	dense	A0@0	boarded
1RB0RD_0LB1RC_1LD0RC_0LD1LA	counter_new	0.068	dense	B0@1	boarded
1RB0RD_0LB1RC_1LD1RA_0RC0LD	counter_boxfail	0.055	dense	A1@9	-
1RB0RD_0LB1RC_1RD1LA_1LB0RD	counter_new	0.057	dense	A0@0	boarded
1RB0RD_0LC0LB_1RC1RD_1LA1LB	bouncer_hybrid	0.495	sparse	A0@0	-
1RB0RD_0LC0RB_1LA1RC_1LC1LD	counter_new	0.073	dense	C1@2	boarded
1RB0RD_0LC0RB_1LD1RC_1LA1LC	counter_new	0.062	dense	C1@2	boarded
1RB0RD_0LC0RB_1LD1RD_1LA1LC	counter_new	0.062	dense	C1@2	boarded
1RB0RD_0LC0RC_0RC1LD_1LA0LD	counter_new	0.065	dense	B0@1	boarded
1RB0RD_0LC1RA_0LC1RD_1LB0RD	counter_new	0.068	dense	A0@0	boarded
1RB0RD_0LC1RA_1LB1RC_1LB0RD	counter_new	0.073	dense	A0@0	no interior chain
1RB0RD_0LC1RA_1LB1RC_1LC0RD	counter_new	0.070	sparse	A0@0	boarded
1RB0RD_0LC1RA_1LB1RD_1LB0RD	counter_new	0.073	dense	A0@0	no interior chain
1RB0RD_0LC1RA_1LB1RD_1LC0RD	counter_new	0.070	sparse	A0@0	boarded
1RB0RD_0LC1RA_1LC1RD_1LB0RD	sweep_counter	0.332	dense	A0@0	-
1RB0RD_0LC1RB_1RA1LC_1LD1RB	sweep_counter	0.332	dense	A0@0	-
1RB0RD_0LC1RD_1LA1LC_0LC0RD	counter_boxfail	0.066	sparse	B0@1	-
1RB0RD_0RC0RA_1LC1RA_0RB0LC	counter_new	0.076	sparse	A0@0	no anchor
1RB0RD_0RC0RA_1LC1RB_0RB0LC	counter_new	0.066	sparse	A0@0	no anchor
1RB0RD_0RC0RD_1LC1RA_0RB0LC	counter_new	0.077	sparse	A0@0	boarded
1RB0RD_0RC1LA_1LD0RB_0LD1RC	counter_boxfail	0.060	dense	A0@9,A1@11,B1@10	-
1RB0RD_0RC1LB_1LD1RC_1LA0LB	sweep_counter	0.335	dense	A1@4	-
1RB0RD_0RC1RA_1LB0LC_1LC0RD	counter_new	0.068	dense	A0@0	boarded
1RB0RD_0RC1RC_1LD0RC_0LD1LA	counter_new	0.068	dense	B0@1	boarded
1RB0RD_0RC1RD_1LA1LC_0LC0RD	counter_boxfail	0.066	sparse	B0@1	-
1RB0RD_1LB0RC_0RC1LD_1LA0LD	counter_new	0.068	dense	B0@1	boarded
1RB0RD_1LB1LC_1RA1LC_0LB1RD	sweep_counter	0.332	dense	A0@0	-
1RB0RD_1LB1LC_1RD0LC_0RD1LA	counter_new	0.065	dense	A1@5,B0@1	boarded
1RB0RD_1LB1RC_0RC1LD_1LA0LD	counter_new	0.073	dense	A1@14,B0@1	boarded
1RB0RD_1LB1RC_1LD0RC_0LD1LA	counter_new	0.068	dense	B0@1	boarded
1RB0RD_1LB1RC_1RA1LD_0RC0LD	counter_new	0.061	dense	A1@7	boarded
1RB0RD_1LC---_1RA1LB_0LB0RA	counter_new	0.073	dense	A0@0	boarded
1RB0RD_1LC---_1RA1LB_0LB0RD	counter_new	0.073	dense	A0@0	boarded
1RB0RD_1LC0LB_0RA0LD_1RD1RB	sweep_counter	0.334	dense	A0@0	-
1RB0RD_1LC0LB_0RB1RA_1LB0RD	counter_new	0.068	dense	A0@0	boarded
1RB0RD_1LC0LC_1RA1LC_1LB1RD	sweep_counter	0.333	dense	A0@9	-
1RB0RD_1LC0RA_1RD1LB_0LC0RD	counter_boxfail	0.062	dense	A0@0,A1@23,B1@22	-
1RB0RD_1LC0RB_0LC1RD_0RB1LA	counter_boxfail	0.057	dense	A0@6,A1@4,D1@5	-
1RB0RD_1LC0RC_0RC1LD_1LA0LD	counter_new	0.065	dense	B0@1	boarded
1RB0RD_1LC0RD_0LB1RA_1LB0RB	counter_new	0.072	dense	A0@0	boarded
1RB0RD_1LC0RD_1LB1RA_0RB0LB	counter_new	0.075	dense	A0@0	boarded
1RB0RD_1LC0RD_1LC1RA_0RB0LB	counter_new	0.075	dense	A0@0	boarded
1RB0RD_1LC0RD_1LC1RA_0RB0LC	counter_new	0.075	sparse	A0@0	boarded
1RB0RD_1LC0RD_1RA1LB_0LB1RD	counter_new	0.061	sparse	A0@0	boarded
1RB0RD_1LC0RD_1RA1LB_0LC1RD	counter_new	0.071	sparse	A0@0	boarded
1RB0RD_1LC1LA_1RD1LB_0LC0RD	counter_boxfail	0.062	dense	A0@23,A1@25,B1@24	-
1RB0RD_1LC1LB_0RA0LB_1RB1RA	counter_boxfail	0.075	dense	A0@0	-
1RB0RD_1LC1LC_1RA1LC_0LB1RD	sweep_counter	0.332	dense	A0@0	-
1RB0RD_1LC1RA_0LC1RD_1LB0RD	counter_new	0.071	dense	A0@0	no interior chain
1RB0RD_1LC1RA_0RB0LC_0LA---	counter_boxfail	0.062	dense	A1@7,D0@8	-
1RB0RD_1LC1RA_0RB0LC_0LC---	counter_boxfail	0.060	dense	A1@7,D0@8	-
1RB0RD_1LC1RA_0RB0LC_0LD0LB	counter_boxfail	0.062	dense	A1@7,D0@9,D1@10	-
1RB0RD_1LC1RA_0RB0LC_0LD0LC	counter_boxfail	0.062	dense	A1@7,D0@9,D1@10	-
1RB0RD_1LC1RA_0RB0LC_0LD0RB	counter_boxfail	0.061	dense	A1@7,D0@9,D1@10	-
1RB0RD_1LC1RA_0RB0LC_0LD0RC	counter_boxfail	0.060	dense	A1@7,D0@9,D1@10	-
1RB0RD_1LC1RA_0RB0LC_0LD1LA	counter_boxfail	0.062	dense	A1@36,D0@34,D1@37	-
1RB0RD_1LC1RA_0RB0LC_0LD1LC	counter_boxfail	0.062	dense	A1@7,D0@9,D1@10	-
1RB0RD_1LC1RA_0RB0LC_0LD1RA	counter_boxfail	0.062	dense	A1@7,D0@9,D1@10	-
1RB0RD_1LC1RA_0RB0LC_0LD1RC	counter_boxfail	0.060	dense	A1@7,D0@9,D1@10	-
1RB0RD_1LC1RA_0RB0LC_0RB---	counter_boxfail	0.058	dense	A1@7,D0@8	-
1RB0RD_1LC1RA_0RB0LC_0RC---	counter_boxfail	0.057	dense	A1@7,D0@8	-
1RB0RD_1LC1RA_0RB0LC_1LA---	counter_boxfail	0.062	dense	A1@7,D0@8	-
1RB0RD_1LC1RA_0RB0LC_1LB0LA	counter_boxfail	0.062	dense	A1@15,D0@8,D1@16	-
1RB0RD_1LC1RA_0RB0LC_1LB0LC	counter_boxfail	0.060	dense	A1@15,D0@8,D1@16	-
1RB0RD_1LC1RA_0RB0LC_1LB0RB	counter_boxfail	0.058	dense	A1@15,D0@8,D1@16	-
1RB0RD_1LC1RA_0RB0LC_1LB0RC	counter_boxfail	0.057	dense	A1@15,D0@8,D1@16	-
1RB0RD_1LC1RA_0RB0LC_1LB1LA	counter_boxfail	0.062	dense	A1@15,D0@8,D1@16	-
1RB0RD_1LC1RA_0RB0LC_1LB1LC	counter_boxfail	0.060	dense	A1@15,D0@8,D1@16	-
1RB0RD_1LC1RA_0RB0LC_1LB1RA	counter_boxfail	0.060	dense	A1@15,D0@8,D1@16	-
1RB0RD_1LC1RA_0RB0LC_1LB1RC	counter_boxfail	0.057	dense	A1@15,D0@8,D1@16	-
1RB0RD_1LC1RA_0RB0LC_1LC---	counter_boxfail	0.060	dense	A1@7,D0@8	-
1RB0RD_1LC1RA_0RB0LC_1LD0LC	counter_boxfail	0.060	dense	A1@15,D0@9,D1@16	-
1RB0RD_1LC1RA_0RB0LC_1LD1LA	counter_boxfail	0.062	dense	A1@68,D0@62,D1@69	-
1RB0RD_1LC1RA_0RB0LC_1LD1LC	counter_boxfail	0.060	dense	A1@13,D0@9,D1@14	-
1RB0RD_1LC1RA_0RB0LC_1LD1RA	counter_boxfail	0.060	dense	A1@11,D0@9,D1@12	-
1RB0RD_1LC1RA_0RB0LC_1LD1RC	counter_boxfail	0.062	dense	A1@7,D0@9,D1@10	-
1RB0RD_1LC1RA_0RB0LC_1RA---	counter_boxfail	0.060	dense	A1@7,D0@8	-
1RB0RD_1LC1RA_0RB0LC_1RC---	counter_boxfail	0.057	dense	A1@7,D0@8	-
1RB0RD_1LC1RA_0RD0LC_1RA---	counter_new	0.068	dense	A1@5	boarded
1RB0RD_1LC1RA_1RB1LC_0LC1RD	sweep_counter	0.334	dense	A0@0	-
1RB0RD_1LC1RB_0LB1RA_1LB0RD	counter_new	0.070	sparse	A0@0	boarded
1RB0RD_1LC1RB_0LB1RA_1LC0RD	counter_new	0.073	dense	A0@0	no interior chain
1RB0RD_1LC1RD_0LB1RA_1LB0RD	counter_new	0.070	sparse	A0@0	boarded
1RB0RD_1LC1RD_0LB1RA_1LC0RD	counter_new	0.073	dense	A0@0	no interior chain
1RB0RD_1LC1RD_0LC1RB_1LA0RB	counter_new	0.075	dense	A0@0	boarded
1RB0RD_1LC1RD_0RD0LC_1LC1RA	counter_boxfail	0.062	dense	A1@7	-
1RB0RD_1LC1RD_0RD0LC_1RA---	counter_new	0.062	dense	A1@5	boarded
1RB0RD_1LC1RD_1LA0LC_0RD1LC	counter_new	0.070	dense	A1@12,B0@1	boarded
1RB0RD_1RC---_1LD1RA_0RB0LD	counter_new	0.070	dense	A1@12	boarded
1RB0RD_1RC0LA_1LD1RB_0RB0LD	counter_boxfail	0.068	dense	A0@0,A1@13,B1@12	-
1RB0RD_1RC0LC_1LD1RA_0RC0LD	counter_boxfail	0.069	dense	A1@36,B1@10	-
1RB0RD_1RC0RB_0LA0RD_1LD1LB	bouncer_hybrid	0.516	sparse	A0@0	-
1RB0RD_1RC0RB_0LA1RC_1LD1LB	bouncer_hybrid	0.515	sparse	A0@0	-
1RB0RD_1RC0RB_1LD1RA_0RC0LD	counter_boxfail	0.069	dense	A1@18,B1@10	-
1RB0RD_1RC1LA_1LD1RB_0RB0LD	counter_boxfail	0.070	dense	A0@0,A1@13,B1@12	-
1RB0RD_1RC1LB_1LA1RD_0LB0RC	counter_new	0.073	sparse	A1@3	boarded
1RB0RD_1RC1LD_0LB0RC_1LB0LA	counter_boxfail	0.062	dense	A0@5,A1@13,D1@12	-
1RB0RD_1RC1LD_0LD0RC_1LB0LA	counter_boxfail	0.073	dense	A0@0,A1@4,D1@3	-
1RB0RD_1RC1RA_1RD1LC_0LC1RB	counter_boxfail	0.076	sparse	A0@0	-
1RB0RD_1RC1RB_1LD1RA_0RC0LD	counter_boxfail	0.069	dense	A1@34,B1@10	-
1RB0RD_1RC1RC_1LD0RC_0LD1LA	counter_new	0.068	dense	B0@1	boarded
1RB0RD_1RC1RD_1LA0LC_0RD1LC	counter_new	0.071	dense	A1@6,B0@1	boarded
1RB0RD_1RC1RD_1LA1LC_0LC0RD	counter_boxfail	0.066	sparse	B0@1	-
1RB1LA_0LA0RC_0LD1RC_1LA1LA	sweep_counter	0.332	dense	B0@1	-
1RB1LA_0LA0RC_0LD1RC_1LC1LA	sweep_counter	0.332	dense	B0@1	-
1RB1LA_0LA0RC_0LD1RC_1LD1LA	sweep_counter	0.332	dense	B0@1	-
1RB1LA_0LA0RC_0LD1RC_1RC1LA	sweep_counter	0.332	dense	B0@1	-
1RB1LA_0LA0RC_0RD0RB_1LD1LB	counter_boxfail	0.058	dense	D0@8	-
1RB1LA_0LA0RC_0RD0RC_1LD1LB	counter_boxfail	0.058	dense	D0@8	-
1RB1LA_0LA0RC_0RD1RB_1LD1LB	counter_boxfail	0.064	dense	D0@8	-
1RB1LA_0LA0RC_1LC1RD_0LA1RD	sweep_counter	0.332	dense	B0@1	-
1RB1LA_0LA0RC_1LD1RC_1LA0LA	sweep_counter	0.333	dense	B0@1	-
1RB1LA_0LA0RC_1LD1RC_1RA0LA	sweep_counter	0.333	dense	B0@1	-
1RB1LA_0LA1LC_1RD0LC_0RD1LA	counter_new	0.065	dense	A1@2,B0@1	boarded
1RB1LA_0LA1LC_1RD0LC_0RD1RA	counter_new	0.062	dense	B0@10	boarded
1RB1LA_0LA1RC_0LA0RD_1LA1RD	bouncer_hybrid	0.536	sparse	B0@1	-
1RB1LA_0LA1RC_0LD0RD_1LA1RD	bouncer_hybrid	0.536	sparse	B0@1	-
1RB1LA_0LA1RC_0RD0RB_0LD1LB	counter_new	0.071	dense	D0@31	boarded
1RB1LA_0LA1RC_0RD0RB_1LB1LB	counter_new	0.075	dense	D0@6	boarded
1RB1LA_0LA1RC_0RD0RB_1LC1LB	counter_new	0.075	dense	D0@6	boarded
1RB1LA_0LA1RC_0RD0RB_1LD1LB	counter_new	0.071	dense	D0@57	boarded
1RB1LA_0LA1RC_0RD0RC_1LD1LB	counter_new	0.059	dense	D0@18	no anchor
1RB1LA_0LA1RC_1LA0RD_0LA1RD	sweep_counter	0.333	dense	B0@1	-
1RB1LA_0LA1RC_1LA0RD_1LA1RD	bouncer_hybrid	0.536	sparse	B0@1	-
1RB1LA_0LA1RC_1LD0RD_0LA1RD	sweep_counter	0.333	dense	B0@1	-
1RB1LA_0LA1RC_1LD0RD_1LA1RD	bouncer_hybrid	0.478	sparse	B0@1	-
1RB1LA_0LA1RC_1RD0RD_0LA1RD	sweep_counter	0.333	dense	B0@1	-
1RB1LA_0LA1RC_1RD0RD_1LA1RD	bouncer_hybrid	0.478	sparse	B0@1	-
1RB1LA_0LB0RC_0LD1RC_1LA1LA	sweep_counter	0.332	dense	B0@1	-
1RB1LA_0LB0RC_0LD1RC_1RC1LA	sweep_counter	0.332	dense	B0@1	-
1RB1LA_0LB0RC_1LD1RC_1RC0LA	sweep_counter	0.334	dense	B0@1	-
1RB1LA_0LB1LC_1RD0LC_0RD1LA	counter_new	0.062	dense	A1@5,B0@1	boarded
1RB1LA_0LB1RC_0LA0RD_1LA1RD	bouncer_hybrid	0.536	sparse	B0@1	-
1RB1LA_0LB1RC_0LD0RD_1LA1RD	bouncer_hybrid	0.478	sparse	B0@1	-
1RB1LA_0LB1RC_1LA0RD_1LA1RD	bouncer_hybrid	0.478	sparse	B0@1	-
1RB1LA_0LB1RC_1LD0RD_1LA1RD	bouncer_hybrid	0.492	sparse	B0@1	-
1RB1LA_0LB1RC_1RD0RD_1LA1RD	bouncer_hybrid	0.492	sparse	B0@1	-
1RB1LA_0LC0RB_1LD1RC_0RA1LC	counter_new	0.073	dense	C1@2	boarded
1RB1LA_0LC0RC_0LD1RC_1LA1LA	sweep_counter	0.332	dense	B0@1	-
1RB1LA_0LC0RC_0LD1RC_1LC1LA	sweep_counter	0.332	dense	B0@1	-
1RB1LA_0LC0RC_0LD1RC_1LD1LA	sweep_counter	0.332	dense	B0@1	-
1RB1LA_0LC0RC_0LD1RC_1RC1LA	sweep_counter	0.332	dense	B0@1	-
1RB1LA_0LC0RC_1LC1RD_0LA1RD	sweep_counter	0.332	dense	B0@1	-
1RB1LA_0LC0RD_0LA1RC_1LD1RC	sweep_counter	0.332	dense	B0@1	-
1RB1LA_0LC0RD_1LA1LA_0LC1RD	sweep_counter	0.332	dense	B0@1	-
1RB1LA_0LC0RD_1LC1LA_0LC1RD	sweep_counter	0.332	dense	B0@1	-
1RB1LA_0LC0RD_1LD1LA_0LC1RD	sweep_counter	0.332	dense	B0@1	-
1RB1LA_0LC0RD_1RD1LA_0LC1RD	sweep_counter	0.332	dense	B0@1	-
1RB1LA_0LC1RC_0LA0RD_1LA1RD	bouncer_hybrid	0.536	sparse	B0@1	-
1RB1LA_0LC1RC_0LD0RD_1LA1RD	bouncer_hybrid	0.536	sparse	B0@1	-
1RB1LA_0LC1RC_0RD1RD_1LA0LD	bouncer_hybrid	0.486	sparse	B0@1	-
1RB1LA_0LC1RC_1LA0RD_1LA1RD	bouncer_hybrid	0.536	sparse	B0@1	-
1RB1LA_0LC1RC_1LD0RD_1LA1RD	bouncer_hybrid	0.478	sparse	B0@1	-
1RB1LA_0LC1RC_1RC1RD_1LA0LD	bouncer_hybrid	0.515	sparse	B0@1	-
1RB1LA_0LC1RC_1RD0RD_1LA1RD	bouncer_hybrid	0.478	sparse	B0@1	-
1RB1LA_0LC1RD_0LA1RC_1LA0RC	sweep_counter	0.333	dense	B0@1	-
1RB1LA_0LC1RD_0LA1RC_1LC0RC	sweep_counter	0.333	dense	B0@1	-
1RB1LA_0LC1RD_0LA1RC_1RC0RC	sweep_counter	0.333	dense	B0@1	-
1RB1LA_0LC1RD_1LA0LB_0LA0RB	counter_new	0.067	sparse	C1@2	boarded
1RB1LA_0LC1RD_1LA0LC_0LA0RB	counter_new	0.069	sparse	C1@2	boarded
1RB1LA_0LC1RD_1LA0RB_0LA0RB	counter_new	0.070	sparse	C1@2	boarded
1RB1LA_0LC1RD_1LA0RC_0LA0RB	counter_new	0.070	sparse	C1@2	boarded
1RB1LA_0LC1RD_1LA1LA_0LA0RB	counter_new	0.070	sparse	C1@2	boarded
1RB1LA_0LC1RD_1LA1LB_0LA0RB	counter_new	0.067	sparse	C1@2	boarded
1RB1LA_0LC1RD_1LA1LC_0LA0RB	counter_new	0.070	sparse	C1@2	boarded
1RB1LA_0LC1RD_1LA1RC_0LA0RB	counter_new	0.070	sparse	C1@2	boarded
1RB1LA_0LC1RD_1LA1RC_0LA0RC	bouncer_hybrid	0.536	sparse	B0@1	-
1RB1LA_0LC1RD_1LA1RC_0LC0RC	bouncer_hybrid	0.478	sparse	B0@1	-
1RB1LA_0LC1RD_1LA1RC_1LA0RC	bouncer_hybrid	0.478	sparse	B0@1	-
1RB1LA_0LC1RD_1LA1RC_1LC0RC	bouncer_hybrid	0.536	sparse	B0@1	-
1RB1LA_0LC1RD_1LA1RC_1RC0RC	bouncer_hybrid	0.536	sparse	B0@1	-
1RB1LA_0LC1RD_1LA1RD_0LA0RB	counter_new	0.070	sparse	C1@2	boarded
1RB1LA_0LC1RD_1LD1LA_0LA0RB	counter_new	0.072	dense	C1@2	boarded
1RB1LA_0LC1RD_1LD1RC_0LA0RB	counter_new	0.072	dense	C1@2	boarded
1RB1LA_0LC1RD_1LD1RD_0LA0RB	counter_new	0.072	dense	C1@2	boarded
1RB1LA_0LC1RD_1RD0LB_0LA0RB	counter_new	0.067	sparse	C1@2	boarded
1RB1LA_0LC1RD_1RD0LC_0LA0RB	counter_new	0.069	sparse	C1@2	boarded
1RB1LA_0LC1RD_1RD0RB_0LA0RB	counter_new	0.070	sparse	C1@2	boarded
1RB1LA_0LC1RD_1RD0RC_0LA0RB	counter_new	0.070	sparse	C1@2	boarded
1RB1LA_0LC1RD_1RD1LA_0LA0RB	counter_new	0.070	sparse	C1@2	boarded
1RB1LA_0LC1RD_1RD1LB_0LA0RB	counter_new	0.067	sparse	C1@2	boarded
1RB1LA_0LC1RD_1RD1LC_0LA0RB	counter_new	0.070	sparse	C1@2	boarded
1RB1LA_0LC1RD_1RD1RC_0LA0RB	counter_new	0.070	sparse	C1@2	boarded
1RB1LA_0LC1RD_1RD1RD_0LA0RB	counter_new	0.070	sparse	C1@2	boarded
1RB1LA_0RC0LD_1LD1RC_0RA1LB	counter_new	0.072	dense	A1@4	boarded
1RB1LA_0RC0RC_0LD1RC_1LA1LA	sweep_counter	0.332	dense	B0@1	-
1RB1LA_0RC0RC_0LD1RC_1LC1LA	sweep_counter	0.332	dense	B0@1	-
1RB1LA_0RC0RC_0LD1RC_1LD1LA	sweep_counter	0.332	dense	B0@1	-
1RB1LA_0RC0RC_0LD1RC_1RC1LA	sweep_counter	0.332	dense	B0@1	-
1RB1LA_0RC0RC_1LC1RD_0LA1RD	sweep_counter	0.332	dense	B0@1	-
1RB1LA_0RC0RC_1LD1RC_1LA0LA	sweep_counter	0.333	dense	B0@1	-
1RB1LA_0RC0RC_1LD1RC_1LC0LA	sweep_counter	0.334	dense	B0@17	-
1RB1LA_0RC0RC_1LD1RC_1RA0LA	sweep_counter	0.333	dense	B0@1	-
1RB1LA_0RC0RC_1LD1RC_1RC0LA	sweep_counter	0.334	dense	B0@15	-
1RB1LA_0RC0RD_0LC1LD_0LA1RD	sweep_counter	0.329	dense	C0@3	-
1RB1LA_0RC0RD_1LA1LA_0LC1RD	sweep_counter	0.332	dense	B0@1	-
1RB1LA_0RC0RD_1LB1LD_0LA1RD	sweep_counter	0.331	dense	C0@2	-
1RB1LA_0RC0RD_1LC1LA_0LC1RD	sweep_counter	0.332	dense	B0@1	-
1RB1LA_0RC0RD_1LC1LD_0LA0RB	counter_boxfail	0.060	dense	C0@3	-
1RB1LA_0RC0RD_1LC1LD_0LA1RB	counter_boxfail	0.066	dense	C0@3	-
1RB1LA_0RC0RD_1LC1LD_0LA1RD	sweep_counter	0.329	dense	C0@3	-
1RB1LA_0RC0RD_1LD1LA_0LC1RD	sweep_counter	0.331	dense	B0@1	-
1RB1LA_0RC0RD_1LD1LD_0LA1RD	sweep_counter	0.331	dense	C0@2	-
1RB1LA_0RC0RD_1RD1LA_0LC1RD	sweep_counter	0.332	dense	B0@1	-
1RB1LA_0RC1LB_1LD1RC_1LA0LB	sweep_counter	0.335	dense	A1@4	-
1RB1LA_0RC1RC_0LD0RD_1LA1RD	bouncer_hybrid	0.478	sparse	B0@1	-
1RB1LA_0RC1RC_1LA0RD_1LA1RD	bouncer_hybrid	0.492	sparse	B0@1	-
1RB1LA_0RC1RC_1LD0RD_1LA1RD	bouncer_hybrid	0.492	sparse	B0@1	-
1RB1LA_0RC1RC_1RD0RD_1LA1RD	bouncer_hybrid	0.508	sparse	B0@1	-
1RB1LA_0RC1RD_0LC1LD_0LA0RB	counter_new	0.067	dense	C0@3	boarded
1RB1LA_0RC1RD_1LA1RC_0LA0RC	bouncer_hybrid	0.478	sparse	B0@1	-
1RB1LA_0RC1RD_1LA1RC_0LC0RC	bouncer_hybrid	0.492	sparse	B0@1	-
1RB1LA_0RC1RD_1LA1RC_1LA0RC	bouncer_hybrid	0.492	sparse	B0@1	-
1RB1LA_0RC1RD_1LA1RC_1LC0RC	bouncer_hybrid	0.502	sparse	B0@1	-
1RB1LA_0RC1RD_1LA1RC_1RC0RC	bouncer_hybrid	0.502	sparse	B0@1	-
1RB1LA_0RC1RD_1LB1LD_0LA0RB	counter_new	0.070	dense	C0@2	boarded
1RB1LA_0RC1RD_1LC1LD_0LA0RB	counter_new	0.067	dense	C0@3	boarded
1RB1LA_0RC1RD_1LC1LD_0LA0RD	counter_boxfail	0.064	dense	C0@3	-
1RB1LA_0RC1RD_1LD1LD_0LA0RB	counter_new	0.070	dense	C0@2	boarded
1RB1LA_1LA0LC_0LB0RD_1RD1LB	counter_new	0.073	sparse	A1@2	boarded
1RB1LA_1LA0LC_0LB0RD_1RD1LC	counter_new	0.062	sparse	A1@2	boarded
1RB1LA_1LA0LC_1RD0LC_0RD1LB	counter_new	0.065	dense	A1@2	boarded
1RB1LA_1LA0RC_0LD1RC_1LA1LA	sweep_counter	0.332	dense	B0@1	-
1RB1LA_1LA0RC_0LD1RC_1LC1LA	sweep_counter	0.332	dense	B0@1	-
1RB1LA_1LA0RC_0LD1RC_1LD1LA	sweep_counter	0.332	dense	B0@1	-
1RB1LA_1LA0RC_0LD1RC_1RC1LA	sweep_counter	0.332	dense	B0@1	-
1RB1LA_1LA0RC_1LC1RD_0LA1RD	sweep_counter	0.333	dense	B0@1	-
1RB1LA_1LA0RC_1LD0RC_0LD0RB	counter_new	0.068	dense	A1@2	boarded
1RB1LA_1LA0RC_1LD1RC_0LD0RB	counter_new	0.064	dense	A1@2	boarded
1RB1LA_1LA1LC_1LB0RD_0LB1RD	counter_new	0.073	sparse	A1@2	boarded
1RB1LA_1LA1LC_1LB0RD_0LC1RD	counter_new	0.062	sparse	A1@2	boarded
1RB1LA_1LA1LC_1RD0LC_0RD1LA	counter_new	0.065	dense	A1@2,B0@1	boarded
1RB1LA_1LA1LC_1RD0LC_0RD1RA	counter_new	0.065	dense	B0@1	boarded
1RB1LA_1LA1RC_0LA0RD_1LA1RD	bouncer_hybrid	0.536	sparse	B0@1	-
1RB1LA_1LA1RC_0LD0RB_1RB1LD	counter_new	0.073	sparse	A1@2	boarded
1RB1LA_1LA1RC_0LD0RD_1LA1RD	bouncer_hybrid	0.478	sparse	B0@1	-
1RB1LA_1LA1RC_0RC1LD_1LA0LD	counter_new	0.073	dense	A1@2,B0@1	boarded
1RB1LA_1LA1RC_0RD1RD_1LA0LD	bouncer_hybrid	0.486	sparse	B0@1	-
1RB1LA_1LA1RC_1LA0RD_1LA1RD	bouncer_hybrid	0.478	sparse	B0@1	-
1RB1LA_1LA1RC_1LD0RB_0RC0LD	counter_new	0.075	dense	A1@2	boarded
1RB1LA_1LA1RC_1LD0RD_1LA1RD	bouncer_hybrid	0.536	sparse	B0@1	-
1RB1LA_1LA1RC_1RC1RD_1LA0LD	bouncer_hybrid	0.515	sparse	B0@1	-
1RB1LA_1LA1RC_1RD0RD_1LA1RD	bouncer_hybrid	0.536	sparse	B0@1	-
1RB1LA_1LB0RC_0LD1RC_1LA1LA	sweep_counter	0.332	dense	B0@1	-
1RB1LA_1LB0RC_0LD1RC_1LC1LA	sweep_counter	0.332	dense	B0@1	-
1RB1LA_1LB0RC_0LD1RC_1LD1LA	sweep_counter	0.332	dense	B0@1	-
1RB1LA_1LB0RC_0LD1RC_1RC1LA	sweep_counter	0.332	dense	B0@1	-
1RB1LA_1LB0RC_1LC1RD_0LA1RD	sweep_counter	0.332	dense	B0@1	-
1RB1LA_1LB0RC_1LD1RC_1LC0LA	sweep_counter	0.334	dense	B0@7	-
1RB1LA_1LB0RC_1LD1RC_1RC0LA	sweep_counter	0.334	dense	B0@7	-
1RB1LA_1LB1LC_1RD0LC_0RD1LA	counter_new	0.062	dense	A1@5,B0@1	boarded
1RB1LA_1LB1LC_1RD0LC_0RD1RA	counter_new	0.062	dense	B0@1	boarded
1RB1LA_1LB1RC_0LA0RD_1LA1RD	bouncer_hybrid	0.478	sparse	B0@1	-
1RB1LA_1LB1RC_0LD0RD_1LA1RD	bouncer_hybrid	0.492	sparse	B0@1	-
1RB1LA_1LB1RC_0RC1LD_1LA0LD	counter_new	0.070	dense	A1@12,B0@1	boarded
1RB1LA_1LB1RC_1LA0RD_1LA1RD	bouncer_hybrid	0.492	sparse	B0@1	-
1RB1LA_1LB1RC_1LD0RD_1LA1RD	bouncer_hybrid	0.502	sparse	B0@1	-
1RB1LA_1LB1RC_1RD0RD_1LA1RD	bouncer_hybrid	0.502	sparse	B0@1	-
1RB1LA_1LC0LC_1RD1LB_1LA0RD	counter_boxfail	0.056	dense	A1@25	-
1RB1LA_1LC0RB_0LC0RD_1LA1RD	counter_new	0.068	dense	A1@5,D1@3	boarded
1RB1LA_1LC0RB_0LC1RD_0RB0LA	counter_boxfail	0.057	dense	A0@5,A1@4,D1@3	-
1RB1LA_1LC0RB_0LC1RD_0RB1LA	counter_boxfail	0.057	dense	A0@5,A1@4,D1@3	-
1RB1LA_1LC0RB_1LD0RA_0LC1LA	counter_new	0.069	dense	A1@3	boarded
1RB1LA_1LC0RC_0LD1RC_1LA1LA	sweep_counter	0.332	dense	B0@1	-
1RB1LA_1LC0RC_0LD1RC_1LC1LA	sweep_counter	0.332	dense	B0@1	-
1RB1LA_1LC0RC_0LD1RC_1LD1LA	sweep_counter	0.332	dense	B0@1	-
1RB1LA_1LC0RC_0LD1RC_1RC1LA	sweep_counter	0.332	dense	B0@1	-
1RB1LA_1LC0RC_1LC1RD_0LA1RD	sweep_counter	0.333	dense	B0@1	-
1RB1LA_1LC0RC_1LD1RC_0LC0LA	sweep_counter	0.333	dense	D0@10	-
1RB1LA_1LC0RC_1LD1RC_0RA0LA	sweep_counter	0.333	dense	D0@10	-
1RB1LA_1LC0RC_1LD1RC_1LB0LA	sweep_counter	0.333	dense	D0@10	-
1RB1LA_1LC0RC_1LD1RC_1LC0LA	sweep_counter	0.334	dense	B0@1	-
1RB1LA_1LC0RC_1LD1RC_1LD0LA	sweep_counter	0.333	dense	D0@10	-
1RB1LA_1LC0RC_1LD1RC_1RB0LA	sweep_counter	0.333	dense	D0@10	-
1RB1LA_1LC0RC_1LD1RC_1RC0LA	sweep_counter	0.334	dense	B0@1	-
1RB1LA_1LC0RC_1LD1RC_1RD0LA	sweep_counter	0.333	dense	D0@10	-
1RB1LA_1LC0RD_0LA1RC_1LD1RC	sweep_counter	0.333	dense	B0@1	-
1RB1LA_1LC0RD_1LA1LA_0LC1RD	sweep_counter	0.332	dense	B0@1	-
1RB1LA_1LC0RD_1LC1LA_0LC1RD	sweep_counter	0.332	dense	B0@1	-
1RB1LA_1LC0RD_1LD1LA_0LC1RD	sweep_counter	0.332	dense	B0@1	-
1RB1LA_1LC0RD_1RD1LA_0LC1RD	sweep_counter	0.332	dense	B0@1	-
1RB1LA_1LC1LD_0RC1RA_1RC0LD	counter_new	0.065	dense	B0@1	boarded
1RB1LA_1LC1RC_0LA0RD_1LA1RD	bouncer_hybrid	0.536	sparse	B0@1	-
1RB1LA_1LC1RC_0LD0RD_1LA1RD	bouncer_hybrid	0.478	sparse	B0@1	-
1RB1LA_1LC1RC_1LA0RD_0LA1RD	sweep_counter	0.333	dense	B0@1	-
1RB1LA_1LC1RC_1LA0RD_1LA1RD	bouncer_hybrid	0.478	sparse	B0@1	-
1RB1LA_1LC1RC_1LD0RD_0LA1RD	sweep_counter	0.333	dense	B0@1	-
1RB1LA_1LC1RC_1LD0RD_1LA1RD	bouncer_hybrid	0.536	sparse	B0@1	-
1RB1LA_1LC1RC_1RD0RD_0LA1RD	sweep_counter	0.333	dense	B0@1	-
1RB1LA_1LC1RC_1RD0RD_1LA1RD	bouncer_hybrid	0.536	sparse	B0@1	-
1RB1LA_1LC1RD_0RA0LB_0LA0RB	counter_new	0.073	sparse	C1@2	boarded
1RB1LA_1LC1RD_0RA0LC_0LA0RB	counter_new	0.073	sparse	C1@2	boarded
1RB1LA_1LC1RD_0RA0RA_0LA0RB	counter_new	0.073	sparse	C1@2	boarded
1RB1LA_1LC1RD_0RA0RB_0LA0RB	counter_new	0.073	sparse	C1@2	boarded
1RB1LA_1LC1RD_0RA0RD_0LA0RB	counter_new	0.073	sparse	C1@2	boarded
1RB1LA_1LC1RD_0RA1LA_0LA0RB	counter_new	0.073	sparse	C1@2	boarded
1RB1LA_1LC1RD_0RA1LB_0LA0RB	counter_new	0.073	sparse	C1@2	boarded
1RB1LA_1LC1RD_0RA1LC_0LA0RB	counter_new	0.073	sparse	C1@2	boarded
1RB1LA_1LC1RD_0RA1RA_0LA0RB	counter_new	0.073	sparse	C1@2	boarded
1RB1LA_1LC1RD_0RA1RB_0LA0RB	counter_new	0.073	sparse	C1@2	boarded
1RB1LA_1LC1RD_0RA1RD_0LA0RB	counter_new	0.073	sparse	C1@2	boarded
1RB1LA_1LC1RD_0RB0LB_0LA0RB	counter_new	0.073	sparse	C1@2	boarded
1RB1LA_1LC1RD_0RB0LC_0LA0RB	counter_new	0.073	sparse	C1@2	boarded
1RB1LA_1LC1RD_0RB0RA_0LA0RB	counter_new	0.073	sparse	C1@2	boarded
1RB1LA_1LC1RD_0RB0RB_0LA0RB	counter_new	0.073	sparse	C1@2	boarded
1RB1LA_1LC1RD_0RB0RC_0LA0RB	counter_new	0.073	sparse	C1@3	boarded
1RB1LA_1LC1RD_0RB0RD_0LA0RB	counter_new	0.073	sparse	C1@2	boarded
1RB1LA_1LC1RD_0RB1LA_0LA0RB	counter_new	0.073	sparse	C1@2	boarded
1RB1LA_1LC1RD_0RB1LB_0LA0RB	counter_new	0.073	sparse	C1@2	boarded
1RB1LA_1LC1RD_0RB1LC_0LA0RB	counter_new	0.073	sparse	C1@2	boarded
1RB1LA_1LC1RD_0RB1RA_0LA0RB	counter_new	0.073	sparse	C1@2	boarded
1RB1LA_1LC1RD_0RB1RB_0LA0RB	counter_new	0.073	sparse	C1@2	boarded
1RB1LA_1LC1RD_0RB1RC_0LA0RB	counter_new	0.073	sparse	C1@3	boarded
1RB1LA_1LC1RD_0RB1RD_0LA0RB	counter_new	0.073	sparse	C1@2	boarded
1RB1LA_1LC1RD_1LA0LB_0LA0RB	counter_new	0.073	sparse	C1@2	no overflow chain
1RB1LA_1LC1RD_1LA0LC_0LA0RB	counter_new	0.073	sparse	C1@2	no overflow chain
1RB1LA_1LC1RD_1LA0LC_0RD1LC	counter_new	0.070	dense	A1@10,B0@1	boarded
1RB1LA_1LC1RD_1LA0RA_0LA0RB	counter_new	0.073	sparse	C1@2	no overflow chain
1RB1LA_1LC1RD_1LA0RB_0LA0RB	counter_new	0.073	sparse	C1@2	no overflow chain
1RB1LA_1LC1RD_1LA0RC_0LA0RB	counter_new	0.073	sparse	C1@3	no overflow chain
1RB1LA_1LC1RD_1LA0RD_0LA0RB	counter_new	0.073	sparse	C1@2	no overflow chain
1RB1LA_1LC1RD_1LA1LA_0LA0RB	counter_new	0.073	sparse	C1@2	no overflow chain
1RB1LA_1LC1RD_1LA1LB_0LA0RB	counter_new	0.073	sparse	C1@2	boarded
1RB1LA_1LC1RD_1LA1LC_0LA0RB	counter_new	0.073	sparse	C1@2	boarded
1RB1LA_1LC1RD_1LA1RA_0LA0RB	counter_new	0.073	sparse	C1@2	no overflow chain
1RB1LA_1LC1RD_1LA1RB_0LA0RB	counter_new	0.073	sparse	C1@2	no overflow chain
1RB1LA_1LC1RD_1LA1RC_0LA0RB	counter_new	0.073	sparse	C1@3	boarded
1RB1LA_1LC1RD_1LA1RC_0LA0RC	bouncer_hybrid	0.478	sparse	B0@1	-
1RB1LA_1LC1RD_1LA1RC_0LC0RC	bouncer_hybrid	0.536	sparse	B0@1	-
1RB1LA_1LC1RD_1LA1RC_1LA0RC	bouncer_hybrid	0.536	sparse	B0@1	-
1RB1LA_1LC1RD_1LA1RC_1LC0RC	bouncer_hybrid	0.492	sparse	B0@1	-
1RB1LA_1LC1RD_1LA1RC_1RC0RC	bouncer_hybrid	0.492	sparse	B0@1	-
1RB1LA_1LC1RD_1LA1RD_0LA0RB	counter_new	0.073	sparse	C1@2	boarded
1RB1LA_1LC1RD_1LB0RA_0LA0RB	counter_new	0.073	sparse	C1@2	boarded
1RB1LA_1LC1RD_1LB0RB_0LA0RB	counter_new	0.073	sparse	C1@2	boarded
1RB1LA_1LC1RD_1LB1LA_0LA0RB	counter_new	0.073	sparse	C1@2	boarded
1RB1LA_1LC1RD_1LB1RA_0LA0RB	counter_new	0.073	sparse	C1@2	boarded
1RB1LA_1LC1RD_1LB1RB_0LA0RB	counter_new	0.073	sparse	C1@2	boarded
1RB1LA_1LC1RD_1LB1RC_0LA0RB	counter_new	0.073	sparse	C1@3	boarded
1RB1LA_1LC1RD_1LB1RD_0LA0RB	counter_new	0.073	sparse	C1@2	boarded
1RB1LA_1LC1RD_1RA0LB_0LA0RB	counter_new	0.073	sparse	C1@2	boarded
1RB1LA_1LC1RD_1RA0LC_0LA0RB	counter_new	0.073	sparse	C1@2	boarded
1RB1LA_1LC1RD_1RA0RA_0LA0RB	counter_new	0.073	sparse	C1@2	boarded
1RB1LA_1LC1RD_1RA0RB_0LA0RB	counter_new	0.073	sparse	C1@2	boarded
1RB1LA_1LC1RD_1RA0RD_0LA0RB	counter_new	0.073	sparse	C1@2	boarded
1RB1LA_1LC1RD_1RA1LA_0LA0RB	counter_new	0.073	sparse	C1@2	boarded
1RB1LA_1LC1RD_1RA1LB_0LA0RB	counter_new	0.073	sparse	C1@2	boarded
1RB1LA_1LC1RD_1RA1LC_0LA0RB	counter_new	0.073	sparse	C1@2	boarded
1RB1LA_1LC1RD_1RA1RA_0LA0RB	counter_new	0.073	sparse	C1@2	boarded
1RB1LA_1LC1RD_1RA1RB_0LA0RB	counter_new	0.073	sparse	C1@2	boarded
1RB1LA_1LC1RD_1RA1RD_0LA0RB	counter_new	0.073	sparse	C1@2	boarded
1RB1LA_1LC1RD_1RB0LB_0LA0RB	counter_new	0.073	sparse	C1@2	boarded
1RB1LA_1LC1RD_1RB0RA_0LA0RB	counter_new	0.073	sparse	C1@2	boarded
1RB1LA_1LC1RD_1RB0RB_0LA0RB	counter_new	0.073	sparse	C1@2	boarded
1RB1LA_1LC1RD_1RB0RD_0LA0RB	counter_new	0.073	sparse	C1@2	boarded
1RB1LA_1LC1RD_1RB1LA_0LA0RB	counter_new	0.073	sparse	C1@2	boarded
1RB1LA_1LC1RD_1RB1LB_0LA0RB	counter_new	0.073	sparse	C1@2	boarded
1RB1LA_1LC1RD_1RB1LC_0LA0RB	counter_new	0.073	sparse	C1@2	boarded
1RB1LA_1LC1RD_1RB1RA_0LA0RB	counter_new	0.073	sparse	C1@2	boarded
1RB1LA_1LC1RD_1RB1RB_0LA0RB	counter_new	0.073	sparse	C1@2	boarded
1RB1LA_1LC1RD_1RB1RD_0LA0RB	counter_new	0.073	sparse	C1@2	boarded
1RB1LA_1RC0RB_1LC1LD_---0LA	counter_boxfail	0.055	dense	C0@2	-
1RB1LA_1RC0RC_0LD1RC_1LA1LA	sweep_counter	0.332	dense	B0@1	-
1RB1LA_1RC0RC_0LD1RC_1LC1LA	sweep_counter	0.332	dense	B0@1	-
1RB1LA_1RC0RC_0LD1RC_1LD1LA	sweep_counter	0.332	dense	B0@1	-
1RB1LA_1RC0RC_0LD1RC_1RC1LA	sweep_counter	0.332	dense	B0@1	-
1RB1LA_1RC0RC_1LC1RD_0LA1RD	sweep_counter	0.332	dense	B0@1	-
1RB1LA_1RC0RC_1LD1RC_0LC0LA	sweep_counter	0.333	dense	D0@8	-
1RB1LA_1RC0RC_1LD1RC_0RA0LA	sweep_counter	0.333	dense	D0@8	-
1RB1LA_1RC0RC_1LD1RC_1LB0LA	sweep_counter	0.333	dense	D0@8	-
1RB1LA_1RC0RC_1LD1RC_1LC0LA	sweep_counter	0.334	dense	B0@1	-
1RB1LA_1RC0RC_1LD1RC_1LD0LA	sweep_counter	0.333	dense	D0@8	-
1RB1LA_1RC0RC_1LD1RC_1RB0LA	sweep_counter	0.333	dense	D0@8	-
1RB1LA_1RC0RC_1LD1RC_1RC0LA	sweep_counter	0.334	dense	B0@1	-
1RB1LA_1RC0RC_1LD1RC_1RD0LA	sweep_counter	0.333	dense	D0@8	-
1RB1LA_1RC0RD_0LA1RC_1LD1RC	sweep_counter	0.333	dense	B0@1	-
1RB1LA_1RC0RD_1LA0LA_1LC1RD	sweep_counter	0.333	dense	B0@1	-
1RB1LA_1RC0RD_1LA1LA_0LC1RD	sweep_counter	0.332	dense	B0@1	-
1RB1LA_1RC0RD_1LC1LA_0LC1RD	sweep_counter	0.332	dense	B0@1	-
1RB1LA_1RC0RD_1LD0LA_1LC1RD	sweep_counter	0.334	dense	B0@15	-
1RB1LA_1RC0RD_1LD1LA_0LC1RD	sweep_counter	0.332	dense	B0@1	-
1RB1LA_1RC0RD_1RD0LA_1LC1RD	sweep_counter	0.334	dense	B0@13	-
1RB1LA_1RC0RD_1RD1LA_0LC1RD	sweep_counter	0.332	dense	B0@1	-
1RB1LA_1RC1LB_1LA1RD_0LB0RC	counter_new	0.073	sparse	A1@4	boarded
1RB1LA_1RC1RC_0LA0RD_1LA1RD	bouncer_hybrid	0.536	sparse	B0@1	-
1RB1LA_1RC1RC_0LD0RD_1LA1RD	bouncer_hybrid	0.536	sparse	B0@1	-
1RB1LA_1RC1RC_1LA0RD_0LA1RD	sweep_counter	0.333	dense	B0@1	-
1RB1LA_1RC1RC_1LA0RD_1LA1RD	bouncer_hybrid	0.536	sparse	B0@1	-
1RB1LA_1RC1RC_1LD0RD_0LA1RD	sweep_counter	0.333	dense	B0@1	-
1RB1LA_1RC1RC_1LD0RD_1LA1RD	bouncer_hybrid	0.478	sparse	B0@1	-
1RB1LA_1RC1RC_1RD0RD_0LA1RD	sweep_counter	0.333	dense	B0@1	-
1RB1LA_1RC1RC_1RD0RD_1LA1RD	bouncer_hybrid	0.478	sparse	B0@1	-
1RB1LA_1RC1RD_1LA0LC_0RD1LC	counter_new	0.071	dense	A1@4,B0@1	boarded
1RB1LA_1RC1RD_1LA1RC_0LA0RC	bouncer_hybrid	0.478	sparse	B0@1	-
1RB1LA_1RC1RD_1LA1RC_0LC0RC	bouncer_hybrid	0.536	sparse	B0@1	-
1RB1LA_1RC1RD_1LA1RC_1LA0RC	bouncer_hybrid	0.536	sparse	B0@1	-
1RB1LA_1RC1RD_1LA1RC_1LC0RC	bouncer_hybrid	0.492	sparse	B0@1	-
1RB1LA_1RC1RD_1LA1RC_1RC0RC	bouncer_hybrid	0.492	sparse	B0@1	-
1RB1LB_0LB1LC_1RD0RC_1LA0RC	counter_new	0.070	dense	A0@0	boarded
1RB1LB_0LB1RC_0LD0RC_1LA1LD	counter_new	0.066	sparse	B0@1	no overflow chain
1RB1LB_0LB1RC_1LD0RC_0LB1RA	counter_new	0.068	dense	A0@0	boarded
1RB1LB_0LB1RC_1LD0RC_0RA1RA	counter_new	0.060	dense	A0@0	boarded
1RB1LB_0LB1RC_1LD0RC_0RA1RC	counter_new	0.068	dense	A0@0	boarded
1RB1LB_0LB1RC_1LD0RC_1LB1RA	counter_new	0.071	dense	A0@0	no interior chain
1RB1LB_0LB1RC_1LD1RA_0RC0LD	counter_boxfail	0.061	dense	A1@9	-
1RB1LB_0LB1RC_1RD0RC_0LA1LA	counter_new	0.057	dense	A0@0	no interior chain
1RB1LB_0LB1RC_1RD0RC_0LA1LC	counter_new	0.071	dense	A0@0	no interior chain
1RB1LB_0LB1RC_1RD0RC_1LA---	counter_new	0.073	dense	A0@0	boarded
1RB1LB_0LB1RC_1RD0RD_1LA0RC	counter_new	0.073	dense	A0@0	boarded
1RB1LB_0LC1RB_1LD0RB_1RA1LC	counter_new	0.064	sparse	A0@0	boarded
1RB1LB_0LC1RB_1RA1LD_1LC0RB	counter_new	0.075	sparse	A0@0	boarded
1RB1LB_0LC1RB_1RD1LC_0LA0RB	sweep_counter	0.332	dense	A0@0	-
1RB1LB_0LC1RB_1RD1LC_1LA0RB	sweep_counter	0.332	dense	A0@0	-
1RB1LB_0LC1RD_1LA1LC_0LC0RD	counter_boxfail	0.066	sparse	B0@1	-
1RB1LB_0RC0LA_1RD0LB_1LA1RC	counter_boxfail	0.052	dense	A0@0	-
1RB1LB_0RC0LA_1RD0LB_1LC1RC	counter_boxfail	0.058	dense	A0@0	-
1RB1LB_0RC0LB_1RD1RA_1LA1RC	counter_boxfail	0.076	dense	A0@0	-
1RB1LB_0RC0LB_1RD1RC_1LA---	counter_new	0.071	dense	A0@0	boarded
1RB1LB_0RC0LC_1LC1RD_1RB0LA	counter_boxfail	0.066	dense	A0@0	-
1RB1LB_0RC0LC_1RD1LC_1LA1RD	bouncer_hybrid	0.492	sparse	A0@0	-
1RB1LB_0RC0LD_1LA1RC_1RC1LD	bouncer_hybrid	0.478	sparse	A0@3	-
1RB1LB_0RC0LD_1LD1RC_0RA1LB	counter_new	0.070	dense	A1@4	boarded
1RB1LB_0RC1LB_1LA1RD_1RC0LB	counter_new	0.075	sparse	A0@3	boarded
1RB1LB_0RC1LB_1LD1RC_0RA0LB	sweep_counter	0.331	dense	A0@0	-
1RB1LB_0RC1LB_1LD1RC_1LA0LB	sweep_counter	0.332	dense	A1@4	-
1RB1LB_0RC1LB_1LD1RC_1RA0LB	sweep_counter	0.332	dense	A0@0	-
1RB1LB_0RC1LB_1RD0LB_1LA1RC	counter_new	0.062	sparse	A0@0	boarded
1RB1LB_0RC1LD_1LB1RC_0RA0LB	counter_new	0.075	dense	A0@0	boarded
1RB1LB_0RC1RD_1LA1LC_0LC0RD	counter_boxfail	0.066	sparse	B0@1	-
1RB1LB_1LA0LC_0LB0RD_1RD1LB	counter_new	0.071	sparse	A1@2	boarded
1RB1LB_1LA0LC_0LB0RD_1RD1LC	counter_new	0.061	sparse	A1@2	boarded
1RB1LB_1LA0LC_1RD0LC_0RD1LB	counter_new	0.062	dense	A1@2	boarded
1RB1LB_1LA0RC_0LD1RB_1RC1LD	counter_new	0.066	sparse	A0@4	boarded
1RB1LB_1LA0RC_1LD0RC_0LD0RB	counter_new	0.068	dense	A1@2	boarded
1RB1LB_1LA1LC_1LB0RD_0LB1RD	counter_new	0.073	sparse	A1@2	boarded
1RB1LB_1LA1LC_1LB0RD_0LC1RD	counter_new	0.062	sparse	A1@2	boarded
1RB1LB_1LA1LC_1RD0LC_0RD1LA	counter_new	0.062	dense	A1@2,B0@3	boarded
1RB1LB_1LA1LC_1RD0LC_0RD1RA	counter_new	0.055	dense	A0@4,B0@3	boarded
1RB1LB_1LA1RC_0LD0RB_1RB1LD	counter_new	0.073	sparse	A1@2	boarded
1RB1LB_1LA1RC_0RC1LD_1LA0LD	counter_new	0.071	dense	A1@2,B0@3	boarded
1RB1LB_1LA1RC_1RB0LD_0RB1LD	counter_new	0.071	sparse	A0@4	boarded
1RB1LB_1LA1RC_1RB0LD_0RC1LD	counter_new	0.061	sparse	A0@4	boarded
1RB1LB_1LB1LC_1RD0LC_0RD1RA	counter_new	0.057	dense	A0@0,B0@1	boarded
1RB1LB_1LB1RC_1LD0RC_0LB1RA	sweep_counter	0.332	dense	A0@0	-
1RB1LB_1LC0LC_0RD1LC_1LA1RD	sweep_counter	0.333	dense	A0@11	-
1RB1LB_1LC0LC_1RD1LB_1RA0RD	counter_boxfail	0.065	dense	A0@9	-
1RB1LB_1LC0LC_1RD1LC_1LA1RD	bouncer_hybrid	0.492	sparse	A0@0	-
1RB1LB_1LC0LD_0RD0LC_1RA1RD	counter_new	0.062	dense	A1@5	boarded
1RB1LB_1LC0RA_1RD1LB_0LC0RD	counter_boxfail	0.062	dense	A0@0,A1@23,B1@22	-
1RB1LB_1LC0RD_0RA1RB_0RB0LB	counter_new	0.066	dense	A0@0	boarded
1RB1LB_1LC1LA_1RD1LB_0LC0RD	counter_boxfail	0.062	dense	A0@23,A1@25,B1@24	-
1RB1LB_1LC1LD_0RC1RA_1RC0LD	counter_new	0.057	dense	A0@0,B0@1	boarded
1RB1LB_1LC1RB_0RB1LD_0RA0LC	counter_new	0.062	sparse	A0@0	boarded
1RB1LB_1LC1RB_0RB1LD_1RA0LC	counter_new	0.062	sparse	A0@0	boarded
1RB1LB_1LC1RB_1RA0LD_0RB1LD	sweep_counter	0.332	dense	A0@0	-
1RB1LB_1LC1RD_0LB1RA_1LB0RD	counter_new	0.077	dense	A0@0	boarded
1RB1LB_1LC1RD_0LB1RA_1LC0RD	counter_new	0.073	dense	A0@0	no interior chain
1RB1LB_1LC1RD_0RD0LC_1LC1RA	counter_boxfail	0.066	dense	A1@7	-
1RB1LB_1RC0LC_0RD1LC_1LA1RD	sweep_counter	0.333	dense	A0@4	-
1RB1LB_1RC0LC_1RD1LC_1LA1RD	bouncer_hybrid	0.492	sparse	A0@0	-
1RB1LB_1RC0LD_0LA1RB_0RB1LD	counter_new	0.064	dense	A0@0	no overflow chain
1RB1LB_1RC0LD_1LA1RB_0RB1LD	counter_new	0.074	dense	A0@0	no overflow chain
1RB1LB_1RC0LD_1LA1RC_0RC1LD	sweep_counter	0.333	dense	A0@7	-
1RB1LB_1RC0LD_1LA1RC_1RC1LD	bouncer_hybrid	0.478	sparse	A0@0	-
1RB1LB_1RC1LA_0LA1RD_0LB0RD	counter_boxfail	0.071	dense	A0@5	-
1RB1LB_1RC1LB_0LA0RD_0LB1RD	sweep_counter	0.332	dense	A0@0	-
1RB1LB_1RC1LB_0LB1RD_0LA0RC	counter_new	0.070	sparse	A0@0	boarded
1RB1LB_1RC1LB_0LB1RD_1LA0RC	counter_new	0.062	sparse	A0@0	boarded
1RB1LB_1RC1LB_1LA0RD_0LB1RD	sweep_counter	0.332	dense	A0@0	-
1RB1LB_1RC1LB_1LA1RD_0LB0RC	counter_new	0.073	sparse	A1@3	boarded
1RB1LB_1RC1LD_0LB0RC_1LB1RA	counter_new	0.064	sparse	A0@0	boarded
1RB1LB_1RC1LD_0LD0RC_1LB0LA	counter_boxfail	0.071	dense	A0@0,A1@4,D1@3	-
1RB1LB_1RC1RD_1LA0LA_0LB0RD	counter_new	0.068	dense	A0@0	boarded
1RB1LB_1RC1RD_1LA1LC_0LC0RD	counter_boxfail	0.066	sparse	B0@1	-
1RB1LB_1RC1RD_1LB0LA_1LC0RD	counter_new	0.065	dense	A0@0	boarded
1RB1LC_0LA---_1RD0LC_0RD1RB	counter_new	0.057	dense	A0@0	boarded
1RB1LC_0LA0RD_1LA0RD_0LA1RD	counter_new	0.071	sparse	B0@1	boarded
1RB1LC_0LA0RD_1LA0RD_0LC1RD	counter_new	0.061	sparse	B0@1	boarded
1RB1LC_0LA0RD_1RB1LC_0LC1RD	sweep_counter	0.332	dense	A0@0	-
1RB1LC_0LA0RD_1RD1LC_0LC1RB	counter_new	0.070	sparse	A0@0	boarded
1RB1LC_0LA1LD_0RC1LA_1RC0LD	counter_new	0.065	dense	A1@2,B0@1	boarded
1RB1LC_0LA1LD_1LA0RD_0LA1RD	counter_new	0.075	sparse	B0@1	boarded
1RB1LC_0LA1LD_1LA0RD_0LC1RD	counter_new	0.064	sparse	B0@1	boarded
1RB1LC_0LA1RA_1LA0RD_0LA1RD	counter_new	0.071	sparse	B0@1	boarded
1RB1LC_0LA1RC_0RC1LD_1LA0LD	counter_new	0.071	dense	A1@2,B0@1	boarded
1RB1LC_0LA1RC_1LA0RD_0LC1RD	counter_new	0.074	dense	B0@1	no overflow chain
1RB1LC_0LA1RC_1RB0LD_0RC1LD	counter_new	0.064	dense	A0@0	no overflow chain
1RB1LC_0LA1RD_1LA0LC_0RD0RA	counter_new	0.070	dense	B0@8	boarded
1RB1LC_0LA1RD_1LA0LC_0RD1LA	counter_new	0.060	dense	B0@1	boarded
1RB1LC_0LA1RD_1LA0LC_0RD1LC	counter_new	0.071	dense	A1@2,B0@1	boarded
1RB1LC_0LA1RD_1LA0RD_0LA1RD	counter_new	0.075	sparse	B0@1	boarded
1RB1LC_0LA1RD_1LA0RD_0LC1RD	counter_new	0.064	sparse	B0@1	boarded
1RB1LC_0LA1RD_1LA1LC_0LC0RD	counter_boxfail	0.071	sparse	B0@1	-
1RB1LC_0LA1RD_1LD0LC_0RD1LA	counter_new	0.071	dense	B0@1	boarded
1RB1LC_0LA1RD_1RB1LA_0LC0RD	counter_boxfail	0.071	dense	A0@0	-
1RB1LC_0LB1LA_1RD0LC_0RD0RB	counter_new	0.065	dense	B0@1	boarded
1RB1LC_0LB1LA_1RD0LC_0RD1RB	counter_new	0.055	dense	A0@3,B0@1	boarded
1RB1LC_0LB1RC_1LA0RD_0LC1RD	counter_new	0.074	dense	B0@1	no overflow chain
1RB1LC_0LC0RB_1LA0LB_------	counter_boxfail	0.070	dense	C1@2	-
1RB1LC_0LC0RB_1LA0LC_------	counter_boxfail	0.071	dense	C1@2	-
1RB1LC_0LC0RB_1LA0LD_0LB---	counter_boxfail	0.068	dense	C1@2,D0@3	-
1RB1LC_0LC0RB_1LA0LD_0LC---	counter_boxfail	0.070	dense	C1@2,D0@3	-
1RB1LC_0LC0RB_1LA0LD_0RB---	counter_boxfail	0.071	dense	C1@2,D0@3	-
1RB1LC_0LC0RB_1LA0LD_0RC---	counter_boxfail	0.073	dense	C1@2,D0@3	-
1RB1LC_0LC0RB_1LA0LD_1LA---	counter_boxfail	0.071	dense	C1@2,D0@3	-
1RB1LC_0LC0RB_1LA0LD_1LB---	counter_boxfail	0.068	dense	C1@2,D0@3	-
1RB1LC_0LC0RB_1LA0LD_1RA0LB	counter_boxfail	0.068	dense	C1@6,D0@3,D1@7	-
1RB1LC_0LC0RB_1LA0LD_1RA0LC	counter_boxfail	0.070	dense	C1@6,D0@3,D1@7	-
1RB1LC_0LC0RB_1LA0LD_1RA0RB	counter_boxfail	0.071	dense	C1@6,D0@3,D1@7	-
1RB1LC_0LC0RB_1LA0LD_1RA0RC	counter_boxfail	0.073	dense	C1@6,D0@3,D1@7	-
1RB1LC_0LC0RB_1LA0LD_1RA1LA	counter_boxfail	0.071	dense	C1@6,D0@3,D1@7	-
1RB1LC_0LC0RB_1LA0LD_1RA1LB	counter_boxfail	0.068	dense	C1@6,D0@3,D1@7	-
1RB1LC_0LC0RB_1LA0LD_1RA1RC	counter_boxfail	0.073	dense	C1@6,D0@3,D1@7	-
1RB1LC_0LC0RB_1LA0LD_1RC---	counter_boxfail	0.073	dense	C1@2,D0@3	-
1RB1LC_0LC0RB_1LA0RB_------	counter_boxfail	0.073	dense	C1@2	-
1RB1LC_0LC0RB_1LA0RC_------	counter_boxfail	0.073	dense	C1@2	-
1RB1LC_0LC0RB_1LA0RD_0LB---	counter_boxfail	0.071	dense	C1@2,D0@3	-
1RB1LC_0LC0RB_1LA0RD_0LC---	counter_boxfail	0.073	dense	C1@2,D0@3	-
1RB1LC_0LC0RB_1LA0RD_0RB---	counter_boxfail	0.073	dense	C1@2,D0@3	-
1RB1LC_0LC0RB_1LA0RD_0RC---	counter_boxfail	0.073	dense	C1@2,D0@3	-
1RB1LC_0LC0RB_1LA0RD_1LA---	counter_boxfail	0.073	dense	C1@2,D0@3	-
1RB1LC_0LC0RB_1LA0RD_1LB---	counter_boxfail	0.071	dense	C1@2,D0@3	-
1RB1LC_0LC0RB_1LA0RD_1LC0LA	counter_boxfail	0.073	dense	C1@19,D0@20,D1@16	-
1RB1LC_0LC0RB_1LA0RD_1LC0LB	counter_boxfail	0.068	dense	C1@15,D0@3,D1@16	-
1RB1LC_0LC0RB_1LA0RD_1LC0LC	counter_boxfail	0.070	dense	C1@15,D0@3,D1@16	-
1RB1LC_0LC0RB_1LA0RD_1LC0RB	counter_boxfail	0.073	dense	C1@15,D0@3,D1@16	-
1RB1LC_0LC0RB_1LA0RD_1LC1LB	counter_boxfail	0.068	dense	C1@15,D0@3,D1@16	-
1RB1LC_0LC0RB_1LA0RD_1LC1LC	counter_boxfail	0.073	dense	C1@15,D0@3,D1@16	-
1RB1LC_0LC0RB_1LA0RD_1LC1RB	counter_boxfail	0.073	dense	C1@15,D0@3,D1@16	-
1RB1LC_0LC0RB_1LA0RD_1RC---	counter_boxfail	0.073	dense	C1@2,D0@3	-
1RB1LC_0LC0RB_1LA1LA_------	counter_boxfail	0.073	dense	C1@2	-
1RB1LC_0LC0RB_1LA1LB_------	counter_boxfail	0.070	dense	C1@2	-
1RB1LC_0LC0RB_1LA1LD_0LB---	counter_boxfail	0.068	dense	C1@2,D0@3	-
1RB1LC_0LC0RB_1LA1LD_0LC---	counter_boxfail	0.070	dense	C1@2,D0@3	-
1RB1LC_0LC0RB_1LA1LD_0RB---	counter_boxfail	0.073	dense	C1@2,D0@3	-
1RB1LC_0LC0RB_1LA1LD_0RD0LB	counter_boxfail	0.070	dense	C1@2,D0@3,D1@4	-
1RB1LC_0LC0RB_1LA1LD_0RD0LC	counter_boxfail	0.071	dense	C1@2,D0@3,D1@4	-
1RB1LC_0LC0RB_1LA1LD_0RD0RB	counter_boxfail	0.073	dense	C1@2,D0@3,D1@4	-
1RB1LC_0LC0RB_1LA1LD_0RD0RC	counter_boxfail	0.073	dense	C1@2,D0@3,D1@4	-
1RB1LC_0LC0RB_1LA1LD_0RD1LA	counter_boxfail	0.073	dense	C1@2,D0@3,D1@4	-
1RB1LC_0LC0RB_1LA1LD_0RD1LB	counter_boxfail	0.070	dense	C1@2,D0@3,D1@4	-
1RB1LC_0LC0RB_1LA1LD_0RD1RC	counter_boxfail	0.073	dense	C1@2,D0@3,D1@4	-
1RB1LC_0LC0RB_1LA1LD_1LB---	counter_boxfail	0.068	dense	C1@2,D0@3	-
1RB1LC_0LC0RB_1LA1LD_1LC---	counter_boxfail	0.073	dense	C1@2,D0@3	-
1RB1LC_0LC0RB_1LA1LD_1RB---	counter_boxfail	0.073	dense	C1@2,D0@3	-
1RB1LC_0LC0RB_1LA1LD_1RC0LB	counter_boxfail	0.068	dense	C1@4,D0@3,D1@5	-
1RB1LC_0LC0RB_1LA1LD_1RC0LC	counter_boxfail	0.070	dense	C1@4,D0@3,D1@5	-
1RB1LC_0LC0RB_1LA1LD_1RC0RB	counter_boxfail	0.073	dense	C1@4,D0@3,D1@5	-
1RB1LC_0LC0RB_1LA1LD_1RC0RD	counter_boxfail	0.073	dense	C1@4,D0@7,D1@6	-
1RB1LC_0LC0RB_1LA1LD_1RC1LB	counter_boxfail	0.068	dense	C1@4,D0@3,D1@5	-
1RB1LC_0LC0RB_1LA1LD_1RC1LC	counter_boxfail	0.073	dense	C1@4,D0@3,D1@5	-
1RB1LC_0LC0RB_1LA1LD_1RC1RB	counter_boxfail	0.073	dense	C1@4,D0@3,D1@5	-
1RB1LC_0LC0RB_1LA1LD_1RD0LB	counter_boxfail	0.071	dense	C1@2,D0@3,D1@4	-
1RB1LC_0LC0RB_1LA1LD_1RD0RB	counter_boxfail	0.073	dense	C1@2,D0@3,D1@4	-
1RB1LC_0LC0RB_1LA1LD_1RD1LA	counter_boxfail	0.073	dense	C1@2,D0@3,D1@4	-
1RB1LC_0LC0RB_1LA1LD_1RD1LB	counter_boxfail	0.073	dense	C1@2,D0@3,D1@4	-
1RB1LC_0LC0RB_1LA1LD_1RD1RB	counter_boxfail	0.073	dense	C1@6,D0@3,D1@7	-
1RB1LC_0LC0RB_1LA1RC_------	counter_new	0.073	dense	C1@2	no overflow chain
1RB1LC_0LC0RB_1LA1RD_0LA0LB	counter_boxfail	0.070	dense	C1@16,D0@3,D1@17	-
1RB1LC_0LC0RB_1LA1RD_0LA0RA	counter_new	0.075	sparse	D0@3	boarded
1RB1LC_0LC0RB_1LA1RD_0LA1LA	counter_new	0.075	sparse	D0@3	boarded
1RB1LC_0LC0RB_1LA1RD_0LA1LB	counter_boxfail	0.073	dense	C1@16,D0@3,D1@17	-
1RB1LC_0LC0RB_1LA1RD_0LB---	counter_boxfail	0.073	dense	C1@2,D0@3	-
1RB1LC_0LC0RB_1LA1RD_0LD0LB	counter_boxfail	0.070	dense	C1@2,D0@3,D1@4	-
1RB1LC_0LC0RB_1LA1RD_0LD0LC	counter_boxfail	0.071	dense	C1@2,D0@3,D1@4	-
1RB1LC_0LC0RB_1LA1RD_0LD0RB	counter_boxfail	0.073	dense	C1@2,D0@3,D1@4	-
1RB1LC_0LC0RB_1LA1RD_0LD0RC	counter_boxfail	0.073	dense	C1@2,D0@3,D1@4	-
1RB1LC_0LC0RB_1LA1RD_0LD1LA	counter_boxfail	0.073	dense	C1@2,D0@3,D1@4	-
1RB1LC_0LC0RB_1LA1RD_0LD1LB	counter_boxfail	0.070	dense	C1@2,D0@3,D1@4	-
1RB1LC_0LC0RB_1LA1RD_0LD1RC	counter_boxfail	0.073	dense	C1@2,D0@3,D1@4	-
1RB1LC_0LC0RB_1LA1RD_0RB---	counter_boxfail	0.073	dense	C1@2,D0@3	-
1RB1LC_0LC0RB_1LA1RD_0RC0LB	counter_boxfail	0.070	dense	C1@10,D0@3,D1@11	-
1RB1LC_0LC0RB_1LA1RD_0RC0LD	counter_boxfail	0.070	dense	C1@10,D0@13,D1@12	-
1RB1LC_0LC0RB_1LA1RD_0RC0RA	counter_new	0.075	sparse	D0@3	boarded
1RB1LC_0LC0RB_1LA1RD_0RC1LA	counter_new	0.075	sparse	D0@3	boarded
1RB1LC_0LC0RB_1LA1RD_0RC1LB	counter_boxfail	0.073	dense	C1@10,D0@3,D1@11	-
1RB1LC_0LC0RB_1LA1RD_1LA---	counter_boxfail	0.073	dense	C1@2,D0@3	-
1RB1LC_0LC0RB_1LA1RD_1LB---	counter_boxfail	0.073	dense	C1@2,D0@3	-
1RB1LC_0LC0RB_1LA1RD_1LC0LB	counter_boxfail	0.073	dense	C1@4,D0@3,D1@5	-
1RB1LC_0LC0RB_1LA1RD_1LC0RB	counter_boxfail	0.073	dense	C1@4,D0@3,D1@5	-
1RB1LC_0LC0RB_1LA1RD_1LC1LA	counter_boxfail	0.073	dense	C1@4,D0@3,D1@5	-
1RB1LC_0LC0RB_1LA1RD_1LC1LB	counter_boxfail	0.073	dense	C1@4,D0@3,D1@5	-
1RB1LC_0LC0RB_1LA1RD_1LC1LD	counter_boxfail	0.073	dense	C1@35,D0@38,D1@37	-
1RB1LC_0LC0RB_1LA1RD_1LD0LB	counter_boxfail	0.070	dense	C1@2,D0@3,D1@4	-
1RB1LC_0LC0RB_1LA1RD_1LD0LC	counter_boxfail	0.071	dense	C1@2,D0@3,D1@4	-
1RB1LC_0LC0RB_1LA1RD_1LD0RA	counter_new	0.075	sparse	D0@3	boarded
1RB1LC_0LC0RB_1LA1RD_1LD0RB	counter_boxfail	0.073	dense	C1@2,D0@3,D1@4	-
1RB1LC_0LC0RB_1LA1RD_1LD1LA	counter_new	0.075	sparse	D0@3	boarded
1RB1LC_0LC0RB_1LA1RD_1LD1LB	counter_boxfail	0.070	dense	C1@2,D0@3,D1@4	-
1RB1LC_0LC0RB_1LA1RD_1LD1LC	counter_boxfail	0.073	dense	C1@2,D0@3,D1@4	-
1RB1LC_0LC0RB_1LA1RD_1LD1RB	counter_boxfail	0.073	dense	C1@2,D0@3,D1@4	-
1RB1LC_0LC0RB_1LA1RD_1RC0LB	counter_boxfail	0.071	dense	C1@6,D0@3,D1@7	-
1RB1LC_0LC0RB_1LA1RD_1RC0LD	counter_boxfail	0.071	dense	C1@6,D0@9,D1@8	-
1RB1LC_0LC0RB_1LA1RD_1RC0RA	counter_new	0.075	sparse	D0@3	boarded
1RB1LC_0LC0RB_1LA1RD_1RC1LA	counter_new	0.075	sparse	D0@3	boarded
1RB1LC_0LC0RB_1LA1RD_1RC1LB	counter_boxfail	0.073	dense	C1@6,D0@3,D1@7	-
1RB1LC_0LC0RB_1LD0LB_0RD1LA	counter_boxfail	0.064	dense	C1@2	-
1RB1LC_0LC0RB_1LD0LB_1LA---	counter_new	0.062	dense	C1@2	boarded
1RB1LC_0LC0RB_1LD0LB_1RB1LA	counter_boxfail	0.057	dense	C1@2	-
1RB1LC_0LC0RB_1LD0LC_0RD1LA	counter_boxfail	0.066	dense	C1@2	-
1RB1LC_0LC0RB_1LD0LC_1LA---	counter_new	0.063	dense	C1@2	boarded
1RB1LC_0LC0RB_1LD0LC_1RB1LA	counter_boxfail	0.059	dense	C1@2	-
1RB1LC_0LC0RB_1LD0RB_0RD1LA	counter_boxfail	0.068	dense	C1@2	-
1RB1LC_0LC0RB_1LD0RB_1LA---	counter_new	0.065	dense	C1@2	boarded
1RB1LC_0LC0RB_1LD0RB_1RB1LA	counter_boxfail	0.061	dense	C1@2	-
1RB1LC_0LC0RB_1LD0RC_0RD1LA	counter_boxfail	0.068	dense	C1@2	-
1RB1LC_0LC0RB_1LD0RC_1LA---	counter_new	0.065	dense	C1@2	boarded
1RB1LC_0LC0RB_1LD0RC_1RB1LA	counter_boxfail	0.061	dense	C1@2	-
1RB1LC_0LC0RB_1LD1LA_0RD1LA	counter_boxfail	0.068	dense	C1@2	-
1RB1LC_0LC0RB_1LD1LA_1RB1LA	counter_boxfail	0.061	dense	C1@2	-
1RB1LC_0LC0RB_1LD1LB_0RD1LA	counter_boxfail	0.064	dense	C1@2	-
1RB1LC_0LC0RB_1LD1LB_1LA---	counter_new	0.062	dense	C1@2	boarded
1RB1LC_0LC0RB_1LD1LB_1RB1LA	counter_boxfail	0.057	dense	C1@2	-
1RB1LC_0LC0RB_1LD1LC_0RD1LA	counter_boxfail	0.068	dense	C1@2	-
1RB1LC_0LC0RB_1LD1LC_1RB1LA	counter_boxfail	0.061	dense	C1@2	-
1RB1LC_0LC0RB_1LD1LD_0RD1LA	counter_boxfail	0.068	dense	C1@2	-
1RB1LC_0LC0RB_1LD1LD_1LA---	counter_new	0.065	dense	C1@2	boarded
1RB1LC_0LC0RB_1LD1LD_1RB1LA	counter_boxfail	0.061	dense	C1@2	-
1RB1LC_0LC0RB_1LD1RC_0RD1LA	counter_new	0.068	dense	C1@2	no interior chain
1RB1LC_0LC0RB_1LD1RC_1LA1LA	counter_new	0.065	dense	C1@2,D1@4	boarded
1RB1LC_0LC0RB_1LD1RC_1LA1LC	counter_new	0.066	sparse	C1@2	boarded
1RB1LC_0LC0RB_1LD1RC_1RB1LA	counter_new	0.061	dense	C1@2	no interior chain
1RB1LC_0LC0RB_1LD1RD_1LA0LB	counter_boxfail	0.059	dense	C1@2,D1@23	-
1RB1LC_0LC0RB_1LD1RD_1LA1LB	counter_boxfail	0.059	dense	C1@2,D1@23	-
1RB1LC_0LC0RB_1LD1RD_1LA1LC	counter_new	0.066	sparse	C1@2	boarded
1RB1LC_0LC0RD_1LA0RD_0LC1RD	counter_new	0.061	sparse	B0@1	boarded
1RB1LC_0LC0RD_1LA1RC_0LC0RB	counter_new	0.073	dense	B0@1,C1@2	boarded
1RB1LC_0LC0RD_1LA1RC_0LC0RD	counter_new	0.073	dense	B0@1,C1@2	boarded
1RB1LC_0LC0RD_1RD1LA_0LC0RB	counter_boxfail	0.068	dense	B0@1	-
1RB1LC_0LC1LD_1LA0RD_0LC1RD	counter_new	0.064	sparse	B0@1	boarded
1RB1LC_0LC1RA_0LC1RD_1LB0RD	counter_new	0.068	dense	A0@0	boarded
1RB1LC_0LC1RA_1LA0RD_0LC1RD	counter_new	0.061	sparse	B0@8	boarded
1RB1LC_0LC1RA_1LB1RD_1LB0RD	counter_new	0.073	dense	A0@0	no interior chain
1RB1LC_0LC1RA_1LB1RD_1LC0RD	counter_new	0.077	dense	A0@0	boarded
1RB1LC_0LC1RA_1LC1RD_1LB0RD	sweep_counter	0.332	dense	A0@0	-
1RB1LC_0LC1RB_1RD1LC_0LA0RB	sweep_counter	0.332	dense	A0@0	-
1RB1LC_0LC1RB_1RD1LC_1LA0RB	sweep_counter	0.332	dense	A0@0	-
1RB1LC_0LC1RC_1LA0RD_0LC1RD	counter_new	0.074	dense	B0@1	no overflow chain
1RB1LC_0LC1RD_1LA0RD_0LC0RB	counter_boxfail	0.055	dense	B0@1	-
1RB1LC_0LC1RD_1LA0RD_0LC1RD	counter_new	0.064	sparse	B0@1	boarded
1RB1LC_0LC1RD_1LA1LB_0LC0RD	counter_boxfail	0.073	dense	B0@3	-
1RB1LC_0LC1RD_1LA1LC_0LC0RD	counter_boxfail	0.071	sparse	B0@1	-
1RB1LC_0LC1RD_1RB1LC_0LA0RB	counter_new	0.070	sparse	A0@0	boarded
1RB1LC_0LC1RD_1RB1LC_1LA0RB	counter_new	0.062	sparse	A0@0	boarded
1RB1LC_0RC0LC_1LD0RB_0RA1RC	counter_new	0.066	dense	A0@0	boarded
1RB1LC_0RC0LD_1LD1RC_0RA1LB	counter_new	0.072	dense	A1@4	boarded
1RB1LC_0RC0RD_1LA0RD_0LC1RD	counter_new	0.061	sparse	B0@1	boarded
1RB1LC_0RC0RD_1RD1LA_0LC0RB	counter_boxfail	0.068	dense	B0@1	-
1RB1LC_0RC1LB_1LA1RD_1RC0LB	counter_new	0.071	sparse	A0@3	boarded
1RB1LC_0RC1LB_1LD1RC_1LA0LB	sweep_counter	0.332	dense	A1@4	-
1RB1LC_0RC1LB_1LD1RC_1RA0LB	sweep_counter	0.332	dense	A0@0	-
1RB1LC_0RC1LB_1RD0LB_0LA1RC	counter_new	0.064	dense	A0@0	no overflow chain
1RB1LC_0RC1LB_1RD0LB_1LA1RC	counter_new	0.074	dense	A0@0	no overflow chain
1RB1LC_0RC1LD_1LA0RD_0LA1RD	counter_new	0.075	sparse	B0@1	boarded
1RB1LC_0RC1LD_1LA0RD_0LC1RD	counter_new	0.064	sparse	B0@1	boarded
1RB1LC_0RC1LD_1LB1RC_0RA0LB	counter_new	0.062	sparse	A0@0	boarded
1RB1LC_0RC1LD_1LB1RC_1RA0LB	counter_new	0.062	sparse	A0@0	boarded
1RB1LC_0RC1RC_1LA0RD_0LC1RD	counter_new	0.074	dense	B0@1	no overflow chain
1RB1LC_0RC1RD_1LA0RD_0LA1RD	counter_new	0.075	sparse	B0@1	boarded
1RB1LC_0RC1RD_1LA0RD_0LC0RB	counter_boxfail	0.055	dense	B0@1	-
1RB1LC_0RC1RD_1LA0RD_0LC1RD	counter_new	0.064	sparse	B0@1	boarded
1RB1LC_0RC1RD_1LA1LC_0LC0RD	counter_boxfail	0.071	sparse	B0@1	-
1RB1LC_1LA---_0RD0LC_1RB1RD	counter_new	0.073	dense	A0@0	boarded
1RB1LC_1LA0LA_1RD0LC_0RD1RB	counter_new	0.057	dense	A0@0	boarded
1RB1LC_1LA0LC_0LB0RD_1RD1LB	counter_new	0.071	sparse	A1@2	boarded
1RB1LC_1LA0LC_0LB0RD_1RD1LC	counter_new	0.061	sparse	A1@2	boarded
1RB1LC_1LA0LC_0RD0LB_1RB1RD	counter_new	0.073	dense	A0@0	boarded
1RB1LC_1LA0LD_0RC1LB_1RC0LD	counter_new	0.062	dense	A1@2	boarded
1RB1LC_1LA0LD_1RC1LB_0LB0RC	counter_new	0.071	sparse	A1@2	boarded
1RB1LC_1LA0LD_1RC1LD_0LB0RC	counter_new	0.061	sparse	A1@2	boarded
1RB1LC_1LA0LD_1RD0LC_0RD1RB	counter_new	0.068	dense	A0@0	boarded
1RB1LC_1LA0RD_1LA---_0LC0RB	counter_new	0.073	dense	B0@1	boarded
1RB1LC_1LA0RD_1LA---_0LC0RD	counter_new	0.073	dense	B0@1	boarded
1RB1LC_1LA0RD_1LA0RD_0LA1RD	counter_new	0.071	sparse	B0@1	boarded
1RB1LC_1LA0RD_1LA0RD_0LC1RD	counter_new	0.061	sparse	B0@1	boarded
1RB1LC_1LA0RD_1RB1LC_0LC1RD	sweep_counter	0.333	dense	A0@0	-
1RB1LC_1LA0RD_1RD1LA_0LC0RB	counter_boxfail	0.068	dense	B0@1	-
1RB1LC_1LA0RD_1RD1LC_0LC1RB	counter_new	0.062	sparse	A0@0	boarded
1RB1LC_1LA1LA_1RD0LC_0RD0RB	counter_new	0.068	dense	B0@1	boarded
1RB1LC_1LA1LA_1RD0LC_0RD1RB	counter_new	0.057	dense	A0@0,B0@1	boarded
1RB1LC_1LA1LC_1LB0RD_0LB1RD	counter_new	0.073	sparse	A1@2	boarded
1RB1LC_1LA1LC_1LB0RD_0LC1RD	counter_new	0.062	sparse	A1@2	boarded
1RB1LC_1LA1LD_0LB1RC_1LB0RC	counter_new	0.070	sparse	A1@2	boarded
1RB1LC_1LA1LD_0LD1RC_1LB0RC	counter_new	0.060	sparse	A1@2	boarded
1RB1LC_1LA1LD_0RC1LA_1RC0LD	counter_new	0.065	dense	A1@2,B0@1	boarded
1RB1LC_1LA1LD_1LA0RD_0LA1RD	counter_new	0.075	sparse	B0@1	boarded
1RB1LC_1LA1LD_1LA0RD_0LC1RD	counter_new	0.064	sparse	B0@1	boarded
1RB1LC_1LA1RA_1LA0RD_0LA1RD	counter_new	0.071	sparse	B0@1	boarded
1RB1LC_1LA1RA_1LA0RD_0LC1RD	counter_new	0.061	sparse	B0@1	boarded
1RB1LC_1LA1RB_0LB0LD_0RB1LD	sweep_counter	0.334	dense	C0@3	-
1RB1LC_1LA1RB_0LD0LD_0RB1LD	sweep_counter	0.334	dense	C0@3	-
1RB1LC_1LA1RB_0RB0LD_0RB1LD	sweep_counter	0.334	dense	C0@3	-
1RB1LC_1LA1RB_0RB0LD_1RB1LD	bouncer_hybrid	0.536	sparse	A0@0	-
1RB1LC_1LA1RB_0RD0LD_0RB1LD	sweep_counter	0.334	dense	C0@3	-
1RB1LC_1LA1RB_0RD0LD_1RB1LD	bouncer_hybrid	0.536	sparse	A0@0	-
1RB1LC_1LA1RB_1LA0LD_0RB1LD	sweep_counter	0.334	dense	C0@3	-
1RB1LC_1LA1RB_1LD0LD_0RB1LD	sweep_counter	0.333	dense	A0@0	-
1RB1LC_1LA1RB_1LD0LD_1RB1LD	bouncer_hybrid	0.478	sparse	A0@0	-
1RB1LC_1LA1RB_1RA0LD_0RB1LD	sweep_counter	0.334	dense	C0@3	-
1RB1LC_1LA1RB_1RB0LD_0RB1LD	sweep_counter	0.333	dense	A0@0	-
1RB1LC_1LA1RB_1RB0LD_1RB1LD	bouncer_hybrid	0.536	sparse	A0@0	-
1RB1LC_1LA1RB_1RD0LD_0RB1LD	sweep_counter	0.333	dense	A0@0	-
1RB1LC_1LA1RB_1RD0LD_1RB1LD	bouncer_hybrid	0.478	sparse	A0@0	-
1RB1LC_1LA1RC_0RC1LD_1LA0LD	counter_new	0.071	dense	A1@2,B0@1	boarded
1RB1LC_1LA1RC_1LA0RD_0LC1RD	counter_new	0.074	dense	B0@1	no overflow chain
1RB1LC_1LA1RC_1RB0LD_0RC1LD	counter_new	0.074	dense	A0@0	no overflow chain
1RB1LC_1LA1RD_0RB1LC_1RB0LC	counter_new	0.075	sparse	A0@0	boarded
1RB1LC_1LA1RD_0RD0LA_1RB0LC	counter_boxfail	0.055	dense	A0@0	-
1RB1LC_1LA1RD_0RD0LC_1RB1RA	counter_boxfail	0.078	dense	A0@0	-
1RB1LC_1LA1RD_0RD1LC_1RB0LC	counter_new	0.064	sparse	A0@0	boarded
1RB1LC_1LA1RD_1LA0LC_0RD0RA	counter_new	0.071	dense	B0@1	boarded
1RB1LC_1LA1RD_1LA0LC_0RD1LA	counter_new	0.060	dense	B0@1	boarded
1RB1LC_1LA1RD_1LA0LC_0RD1LC	counter_new	0.071	dense	A1@2,B0@1	boarded
1RB1LC_1LA1RD_1LA0RD_0LA1RD	counter_new	0.075	sparse	B0@1	boarded
1RB1LC_1LA1RD_1LA0RD_0LC0RB	counter_boxfail	0.055	dense	B0@1	-
1RB1LC_1LA1RD_1LA0RD_0LC1RD	counter_new	0.064	sparse	B0@1	boarded
1RB1LC_1LA1RD_1LA1LB_0LC0RD	counter_boxfail	0.078	dense	B0@1	-
1RB1LC_1LA1RD_1LD0LC_0RD1LA	counter_new	0.071	dense	B0@1	boarded
1RB1LC_1LA1RD_1RB1LC_0LC0RB	counter_new	0.073	sparse	A1@2	boarded
1RB1LC_1LB1LA_1RD0LC_0RD0RB	counter_new	0.065	dense	B0@1	boarded
1RB1LC_1LB1LA_1RD0LC_0RD1RB	counter_new	0.055	dense	A0@3,B0@1	boarded
1RB1LC_1LB1RA_1LA0RD_0LA1RD	counter_new	0.071	sparse	B0@1	boarded
1RB1LC_1LB1RA_1RD0LC_1LA0RD	counter_boxfail	0.064	dense	B0@34	-
1RB1LC_1LB1RC_0RC1LD_1LA0LD	counter_new	0.068	dense	A1@11,B0@1	boarded
1RB1LC_1LB1RC_1LA0RD_0LC1RD	counter_new	0.074	dense	B0@1	no overflow chain
1RB1LC_1LC0LA_1RB1RD_1LB0RD	counter_new	0.068	dense	A0@0	boarded
1RB1LC_1LC0RB_1LD1RB_0LC1RA	counter_new	0.077	dense	A0@0	boarded
1RB1LC_1LC0RD_1LA0RD_0LA1RD	counter_new	0.071	sparse	B0@1	boarded
1RB1LC_1LC0RD_1LA0RD_0LC1RD	counter_new	0.061	sparse	B0@1	boarded
1RB1LC_1LC1LD_1LA0RD_0LA1RD	counter_new	0.075	sparse	B0@1	boarded
1RB1LC_1LC1LD_1LA0RD_0LC1RD	counter_new	0.064	sparse	B0@1	boarded
1RB1LC_1LC1RA_0LC1RD_1LB0RD	counter_new	0.071	dense	A0@0	no interior chain
1RB1LC_1LC1RA_1LA0RD_0LA1RD	counter_new	0.071	sparse	B0@1	boarded
1RB1LC_1LC1RA_1RD0LC_1LA0RD	counter_boxfail	0.064	dense	B0@30	-
1RB1LC_1LC1RA_1RD1LB_0LC0RD	counter_new	0.064	sparse	A0@0	boarded
1RB1LC_1LC1RB_0RB1LD_0RA0LC	counter_new	0.077	dense	A0@0	boarded
1RB1LC_1LC1RC_1LA0RD_0LC1RD	counter_new	0.074	dense	B0@1	no overflow chain
1RB1LC_1LC1RD_0RB0LC_1RB0LA	counter_boxfail	0.062	dense	A0@0,A1@8,D1@7	-
1RB1LC_1LC1RD_1LA0RD_0LA1RD	counter_new	0.075	sparse	B0@1	boarded
1RB1LC_1LC1RD_1LA0RD_0LC1RD	counter_new	0.064	sparse	B0@1	boarded
1RB1LC_1LC1RD_1LA1LB_0LC0RD	counter_boxfail	0.078	dense	B0@24	-
1RB1LC_1RC0LB_1LA1RD_1LB0RD	counter_new	0.073	dense	A0@0	boarded
1RB1LC_1RC0LD_1LA1RB_0RC1LD	counter_new	0.071	sparse	A0@0	boarded
1RB1LC_1RC0RB_0LC1RD_1LA1RB	counter_new	0.073	dense	A0@0	boarded
1RB1LC_1RC0RD_1LA0RD_0LA1RD	counter_new	0.071	sparse	B0@1	boarded
1RB1LC_1RC0RD_1LA0RD_0LC1RD	counter_new	0.061	sparse	B0@1	boarded
1RB1LC_1RC0RD_1RD1LA_0LC0RB	counter_boxfail	0.068	dense	B0@1	-
1RB1LC_1RC1LB_1LA1RD_0LB0RC	counter_new	0.073	sparse	A1@3	boarded
1RB1LC_1RC1LD_0LB0RC_1LB0LA	counter_boxfail	0.057	dense	A0@5,A1@13,D1@12	-
1RB1LC_1RC1LD_0LB0RC_1LB0RA	counter_boxfail	0.060	dense	A0@0,A1@5,D1@4	-
1RB1LC_1RC1LD_0LB0RC_1LB1RA	counter_boxfail	0.062	dense	A0@0,A1@5,D1@4	-
1RB1LC_1RC1LD_0LD0RC_1LA1LB	counter_boxfail	0.070	dense	A1@29	-
1RB1LC_1RC1LD_0LD0RC_1LB0LA	counter_boxfail	0.068	dense	A0@0,A1@4,D1@3	-
1RB1LC_1RC1LD_0LD0RC_1LB1LA	counter_boxfail	0.068	dense	A0@0,A1@4,D1@3	-
1RB1LC_1RC1LD_1LA0RD_0LA1RD	counter_new	0.075	sparse	B0@1	boarded
1RB1LC_1RC1LD_1LA0RD_0LC1RD	counter_new	0.064	sparse	B0@1	boarded
1RB1LC_1RC1RA_1LA0RD_0LA1RD	counter_new	0.071	sparse	B0@1	boarded
1RB1LC_1RC1RA_1LA0RD_0LC1RD	counter_new	0.061	sparse	B0@1	boarded
1RB1LC_1RC1RC_1LA0RD_0LC1RD	counter_new	0.074	dense	B0@1	no overflow chain
1RB1LC_1RC1RD_1LA0LC_0RD1LA	counter_new	0.061	dense	B0@1	boarded
1RB1LC_1RC1RD_1LA0RD_0LA1RD	counter_new	0.075	sparse	B0@1	boarded
1RB1LC_1RC1RD_1LA0RD_0LC0RB	counter_boxfail	0.055	dense	B0@1	-
1RB1LC_1RC1RD_1LA0RD_0LC1RD	counter_new	0.064	sparse	B0@1	boarded
1RB1LC_1RC1RD_1LA1LB_0LC0RD	counter_boxfail	0.078	dense	B0@5	-
1RB1LC_1RC1RD_1LA1LC_0LC0RD	counter_boxfail	0.071	sparse	B0@1	-
1RB1LC_1RC1RD_1LD0LC_0RD1LA	counter_new	0.070	dense	B0@1	boarded
1RB1LD_0LB0RC_0LD0RB_1LA---	counter_new	0.073	dense	B0@1	boarded
1RB1LD_0LB0RC_0LD0RB_1RC1LA	counter_new	0.068	dense	B0@1	no interior chain
1RB1LD_0LB0RC_0LD0RC_1LA---	counter_new	0.073	dense	B0@1	boarded
1RB1LD_0LB0RC_0LD1RC_1LA0RC	counter_new	0.061	sparse	B0@1	boarded
1RB1LD_0LB1LC_0LD1RC_1LA0RC	counter_new	0.061	sparse	B0@1	boarded
1RB1LD_0LB1LC_1RD0LC_0RD1LA	counter_new	0.062	dense	A1@5,B0@1	boarded
1RB1LD_0LB1RC_0LA1RC_1LA0RC	counter_new	0.075	sparse	B0@1	boarded
1RB1LD_0LB1RC_0LD0RB_1LA0RC	counter_boxfail	0.055	dense	B0@1	-
1RB1LD_0LB1RC_0LD0RC_1LA1LD	counter_boxfail	0.071	sparse	B0@1	-
1RB1LD_0LB1RC_0LD1RC_1LA0RC	counter_new	0.064	sparse	B0@1	boarded
1RB1LD_0LC0RB_1LA0LB_1LA---	counter_new	0.070	dense	C1@2	boarded
1RB1LD_0LC0RB_1LA0LB_1LC---	counter_new	0.072	dense	C1@2	boarded
1RB1LD_0LC0RB_1LA0LB_1RB1LC	counter_boxfail	0.057	dense	C1@2	-
1RB1LD_0LC0RB_1LA0LC_1LA---	counter_new	0.071	dense	C1@2	boarded
1RB1LD_0LC0RB_1LA0LC_1LC---	counter_new	0.074	dense	C1@2	boarded
1RB1LD_0LC0RB_1LA0LC_1RB1LC	counter_boxfail	0.059	dense	C1@2	-
1RB1LD_0LC0RB_1LA0LD_1LA---	counter_new	0.071	dense	C1@2	boarded
1RB1LD_0LC0RB_1LA0RB_1LA---	counter_new	0.073	dense	C1@2	boarded
1RB1LD_0LC0RB_1LA0RB_1LC---	counter_new	0.075	dense	C1@2	boarded
1RB1LD_0LC0RB_1LA0RB_1RB1LC	counter_boxfail	0.061	dense	C1@2	-
1RB1LD_0LC0RB_1LA0RC_1LA---	counter_new	0.073	dense	C1@2	boarded
1RB1LD_0LC0RB_1LA0RC_1LC---	counter_new	0.075	dense	C1@2	boarded
1RB1LD_0LC0RB_1LA0RC_1RB1LC	counter_boxfail	0.061	dense	C1@2	-
1RB1LD_0LC0RB_1LA0RD_1LA---	counter_new	0.073	dense	C1@2	boarded
1RB1LD_0LC0RB_1LA1LA_1LA---	counter_new	0.073	dense	C1@2	boarded
1RB1LD_0LC0RB_1LA1LA_1LC---	counter_new	0.075	dense	C1@2	boarded
1RB1LD_0LC0RB_1LA1LA_1RB1LC	counter_boxfail	0.061	dense	C1@2	-
1RB1LD_0LC0RB_1LA1LB_1LA---	counter_new	0.070	dense	C1@2	boarded
1RB1LD_0LC0RB_1LA1LB_1LC---	counter_new	0.072	dense	C1@2	boarded
1RB1LD_0LC0RB_1LA1LB_1RB1LC	counter_boxfail	0.057	dense	C1@2	-
1RB1LD_0LC0RB_1LA1LC_1RB1LC	counter_boxfail	0.061	dense	C1@2	-
1RB1LD_0LC0RB_1LA1LD_1RB1LC	counter_boxfail	0.061	dense	C1@2	-
1RB1LD_0LC0RB_1LA1RC_0RD1LC	counter_new	0.073	dense	C1@2	boarded
1RB1LD_0LC0RB_1LA1RC_1LA---	counter_new	0.073	dense	C1@2	boarded
1RB1LD_0LC0RB_1LA1RC_1LC---	counter_new	0.075	dense	C1@2	boarded
1RB1LD_0LC0RB_1LA1RC_1RA1LC	counter_new	0.066	dense	C1@2	boarded
1RB1LD_0LC0RB_1LA1RC_1RB1LC	counter_new	0.061	dense	C1@2	no interior chain
1RB1LD_0LC0RB_1LA1RD_1LA---	counter_new	0.073	dense	C1@2	boarded
1RB1LD_0LC0RB_1LD0LB_1LA---	counter_new	0.068	dense	C1@2	boarded
1RB1LD_0LC0RB_1LD0LC_1LA---	counter_new	0.070	dense	C1@2	boarded
1RB1LD_0LC0RB_1LD0RB_1LA---	counter_new	0.071	dense	C1@2	boarded
1RB1LD_0LC0RB_1LD0RC_1LA---	counter_new	0.071	dense	C1@2	boarded
1RB1LD_0LC0RB_1LD1LB_1LA---	counter_new	0.068	dense	C1@2	boarded
1RB1LD_0LC0RB_1LD1LC_1LA0LB	counter_boxfail	0.064	dense	C1@2,D1@19	-
1RB1LD_0LC0RB_1LD1LC_1LA1LB	counter_boxfail	0.064	dense	C1@2,D1@19	-
1RB1LD_0LC0RB_1LD1LD_1LA---	counter_new	0.071	dense	C1@2	boarded
1RB1LD_0LC0RB_1LD1RC_1LA1LC	counter_new	0.071	dense	C1@2,D1@4	boarded
1RB1LD_0LC0RB_1LD1RD_1LA0LB	counter_boxfail	0.064	dense	C1@2,D1@20	-
1RB1LD_0LC0RB_1LD1RD_1LA1LB	counter_boxfail	0.064	dense	C1@2,D1@20	-
1RB1LD_0LC0RB_1LD1RD_1LA1LC	counter_new	0.071	dense	C1@2,D1@20	boarded
1RB1LD_0LC0RC_0LA1RC_1LA0RC	counter_new	0.071	sparse	B0@1	boarded
1RB1LD_0LC0RC_0LD0RB_1LA---	counter_new	0.071	dense	B0@3	boarded
1RB1LD_0LC0RC_0LD0RB_1RC1LA	counter_boxfail	0.065	dense	B0@3	-
1RB1LD_0LC0RC_0LD0RC_1LA---	counter_new	0.073	dense	B0@1	boarded
1RB1LD_0LC0RC_0LD1RC_1LA0RC	counter_new	0.061	sparse	B0@1	boarded
1RB1LD_0LC0RD_1LD0LB_1LA0RB	counter_new	0.068	dense	C1@2	boarded
1RB1LD_0LC0RD_1LD0LC_1LA0RB	counter_new	0.070	dense	C1@2	boarded
1RB1LD_0LC0RD_1LD0RB_1LA0RB	counter_new	0.071	dense	C1@2	boarded
1RB1LD_0LC0RD_1LD0RC_1LA0RB	counter_new	0.071	dense	C1@2	boarded
1RB1LD_0LC0RD_1LD1LB_1LA0RB	counter_new	0.068	dense	C1@2	boarded
1RB1LD_0LC0RD_1LD1LD_1LA0RB	counter_new	0.071	dense	C1@2	boarded
1RB1LD_0LC1LC_0LA1RC_1LA0RC	counter_new	0.075	sparse	B0@1	boarded
1RB1LD_0LC1LC_0LD1RC_1LA0RC	counter_new	0.064	sparse	B0@1	boarded
1RB1LD_0LC1RA_0LA1RC_1LA0RC	counter_new	0.071	sparse	B0@1	boarded
1RB1LD_0LC1RA_0LD1RC_1LA0RC	counter_new	0.061	sparse	B0@10	boarded
1RB1LD_0LC1RC_0LA1RC_1LA0RC	counter_new	0.075	sparse	B0@1	boarded
1RB1LD_0LC1RC_0LD0RB_1LA0RC	counter_boxfail	0.052	dense	B0@3	-
1RB1LD_0LC1RC_0LD0RC_1LA1LB	counter_boxfail	0.078	dense	B0@1	-
1RB1LD_0LC1RC_0LD1RC_1LA0RC	counter_new	0.064	sparse	B0@1	boarded
1RB1LD_0LC1RD_0LD1RC_1LA0RC	counter_new	0.074	dense	B0@1	no overflow chain
1RB1LD_0LC1RD_1RB1LC_1LA0RB	counter_new	0.066	sparse	A0@0	boarded
1RB1LD_0RC0RA_1RD1LC_0LA1RB	bouncer_dense	0.457	dense	C1@7968794	-
1RB1LD_0RC0RC_0LD0RB_1LA---	counter_new	0.073	dense	B0@1	boarded
1RB1LD_0RC0RC_0LD0RB_1RC1LA	counter_boxfail	0.068	dense	B0@1	-
1RB1LD_0RC0RC_0LD0RC_1LA---	counter_new	0.073	dense	B0@1	boarded
1RB1LD_0RC0RC_0LD1RC_1LA0RC	counter_new	0.061	sparse	B0@1	boarded
1RB1LD_0RC1LA_1LC0RB_0LA---	counter_new	0.061	dense	C0@3	boarded
1RB1LD_0RC1LB_1LA1RC_0LB0LB	sweep_counter	0.334	dense	D0@19	-
1RB1LD_0RC1LB_1LA1RC_0LC0LB	sweep_counter	0.334	dense	D0@19	-
1RB1LD_0RC1LB_1LA1RC_0RB0LB	sweep_counter	0.334	dense	D0@19	-
1RB1LD_0RC1LB_1LA1RC_0RC0LB	sweep_counter	0.334	dense	D0@19	-
1RB1LD_0RC1LB_1LA1RC_1LA0LB	sweep_counter	0.334	dense	D0@19	-
1RB1LD_0RC1LB_1LA1RC_1LB0LB	sweep_counter	0.333	dense	A0@3	-
1RB1LD_0RC1LB_1LA1RC_1RA0LB	sweep_counter	0.334	dense	D0@19	-
1RB1LD_0RC1LB_1LA1RC_1RB0LB	sweep_counter	0.333	dense	A0@3	-
1RB1LD_0RC1LB_1LA1RC_1RC0LB	sweep_counter	0.333	dense	A0@3	-
1RB1LD_0RC1LB_1LD1RC_1LA0LB	sweep_counter	0.334	dense	A1@4	-
1RB1LD_0RC1LB_1RD0LB_1LA1RC	counter_new	0.061	sparse	A0@8	boarded
1RB1LD_0RC1LC_0LD1RC_1LA0RC	counter_new	0.064	sparse	B0@1	boarded
1RB1LD_0RC1LD_1LB1RC_1RA0LB	counter_new	0.062	sparse	A0@0	boarded
1RB1LD_0RC1RA_0LD1RC_1LA0RC	counter_new	0.061	sparse	B0@1	boarded
1RB1LD_0RC1RC_0LD0RB_1LA0RC	counter_boxfail	0.055	dense	B0@1	-
1RB1LD_0RC1RC_0LD0RC_1LA1LB	counter_boxfail	0.078	dense	B0@1	-
1RB1LD_0RC1RC_0LD1RC_1LA0RC	counter_new	0.064	sparse	B0@1	boarded
1RB1LD_0RC1RD_0LD1RC_1LA0RC	counter_new	0.074	dense	B0@1	no overflow chain
1RB1LD_1LB0RC_0LA1RC_1LA0RC	counter_new	0.071	sparse	B0@1	boarded
1RB1LD_1LB0RC_0LD0RC_1LA---	counter_new	0.073	dense	B0@1	boarded
1RB1LD_1LB0RC_0LD1RC_1LA0RC	counter_new	0.061	sparse	B0@1	boarded
1RB1LD_1LB1LC_0LD1RC_1LA0RC	counter_new	0.061	sparse	B0@1	boarded
1RB1LD_1LB1LC_1RD0LC_0RD1LA	counter_new	0.062	dense	A1@5,B0@1	boarded
1RB1LD_1LB1RC_0LA1RC_1LA0RC	counter_new	0.075	sparse	B0@1	boarded
1RB1LD_1LB1RC_0LD0RB_1LA0RC	counter_boxfail	0.055	dense	B0@5	-
1RB1LD_1LB1RC_0LD0RC_1LA1LB	counter_new	0.078	dense	B0@1	no interior chain
1RB1LD_1LB1RC_0LD1RC_1LA0RC	counter_new	0.064	sparse	B0@1	boarded
1RB1LD_1LB1RC_0RC1LA_1LA0LD	counter_new	0.060	dense	B0@1	boarded
1RB1LD_1LB1RC_0RC1LA_1LC0LD	counter_new	0.071	dense	B0@1	boarded
1RB1LD_1LC0LA_0RC1RB_1RC0LD	counter_new	0.068	dense	A0@0	boarded
1RB1LD_1LC0LC_1RD1LB_1LA0RD	counter_boxfail	0.055	dense	A1@25	-
1RB1LD_1LC0RA_0RC1LA_1RC0LD	counter_new	0.057	dense	B0@1	boarded
1RB1LD_1LC0RA_1RD1LB_0LC0RD	counter_boxfail	0.057	dense	A0@0,A1@23,B1@22	-
1RB1LD_1LC0RB_0LC0RD_1LA1RD	counter_new	0.068	dense	A1@5,D1@3	boarded
1RB1LD_1LC0RB_0LD1RA_0LD1RB	counter_new	0.068	dense	A0@0	boarded
1RB1LD_1LC0RB_0LD1RA_1LC1RB	counter_new	0.073	dense	A0@0	no interior chain
1RB1LD_1LC0RB_0LD1RA_1LD1RB	sweep_counter	0.332	dense	A0@0	-
1RB1LD_1LC0RB_0RA1RA_0LD1RB	counter_new	0.060	dense	A0@0	boarded
1RB1LD_1LC0RB_0RA1RB_0LD1RB	counter_new	0.068	dense	A0@0	boarded
1RB1LD_1LC0RB_1LD1RA_0LD1RB	counter_new	0.071	dense	A0@0	no interior chain
1RB1LD_1LC0RC_0LA1RC_1LA0RC	counter_new	0.071	sparse	B0@1	boarded
1RB1LD_1LC0RC_0LD0RB_1LA---	counter_new	0.073	dense	B0@1	boarded
1RB1LD_1LC0RC_0LD0RB_1RC1LA	counter_boxfail	0.068	dense	B0@1	-
1RB1LD_1LC0RC_0LD0RC_1LA---	counter_new	0.073	dense	B0@1	boarded
1RB1LD_1LC0RC_0LD1RC_1LA0RC	counter_new	0.061	sparse	B0@1	boarded
1RB1LD_1LC0RD_1RA1LB_0LB1RD	counter_new	0.064	sparse	A0@0	boarded
1RB1LD_1LC0RD_1RA1LB_0LC1RD	counter_new	0.075	sparse	A0@0	boarded
1RB1LD_1LC1LA_0RC0RB_1RC0LD	counter_new	0.068	dense	B0@1	boarded
1RB1LD_1LC1LA_0RC1RB_1RC0LD	counter_new	0.057	dense	A0@0,B0@1	boarded
1RB1LD_1LC1LA_1RD1LB_0LC0RD	counter_boxfail	0.055	dense	A0@23,A1@25,B1@24	-
1RB1LD_1LC1LB_1RD1LA_0LC0RD	counter_boxfail	0.069	dense	A1@33	-
1RB1LD_1LC1LC_0LA1RC_1LA0RC	counter_new	0.075	sparse	B0@1	boarded
1RB1LD_1LC1LC_0LD1RC_1LA0RC	counter_new	0.064	sparse	B0@1	boarded
1RB1LD_1LC1RA_0LA1RC_1LA0RC	counter_new	0.071	sparse	B0@1	boarded
1RB1LD_1LC1RA_0LD1RC_1LA0RC	counter_new	0.061	sparse	B0@1	boarded
1RB1LD_1LC1RA_0RB0LC_---0LB	counter_boxfail	0.062	dense	A1@7,D1@8	-
1RB1LD_1LC1RA_0RB0LC_---0RB	counter_boxfail	0.061	dense	A1@7,D1@8	-
1RB1LD_1LC1RA_0RB0LC_---0RC	counter_boxfail	0.061	dense	A1@7,D1@8	-
1RB1LD_1LC1RA_0RB0LC_---1RC	counter_boxfail	0.062	dense	A1@7,D1@8	-
1RB1LD_1LC1RA_0RB0LC_0LB0RA	counter_boxfail	0.062	dense	A1@9,D0@10,D1@8	-
1RB1LD_1LC1RA_0RB0LC_0LB0RD	counter_boxfail	0.061	dense	A1@7,D0@10,D1@9	-
1RB1LD_1LC1RA_0RB0LC_0LC0LD	counter_boxfail	0.062	dense	A1@7,D0@9,D1@8	-
1RB1LD_1LC1RA_0RB0LC_0LC0RD	counter_boxfail	0.060	dense	A1@7,D0@10,D1@9	-
1RB1LD_1LC1RA_0RB0LC_0LC1RD	counter_boxfail	0.062	dense	A1@7,D0@10,D1@9	-
1RB1LD_1LC1RA_0RB0LC_0RB0RA	counter_boxfail	0.061	dense	A1@9,D0@10,D1@8	-
1RB1LD_1LC1RA_0RB0LC_0RB0RD	counter_boxfail	0.058	dense	A1@7,D0@10,D1@9	-
1RB1LD_1LC1RA_0RB0LC_0RB1RD	counter_boxfail	0.058	dense	A1@7,D0@10,D1@9	-
1RB1LD_1LC1RA_0RB0LC_0RC0LD	counter_boxfail	0.061	dense	A1@7,D0@9,D1@8	-
1RB1LD_1LC1RA_0RB0LC_0RC0RA	counter_boxfail	0.061	dense	A1@9,D0@10,D1@8	-
1RB1LD_1LC1RA_0RB0LC_0RC0RD	counter_boxfail	0.057	dense	A1@7,D0@10,D1@9	-
1RB1LD_1LC1RA_0RB0LC_0RC1RD	counter_boxfail	0.057	dense	A1@7,D0@10,D1@9	-
1RB1LD_1LC1RA_0RB0LC_1LC0LD	counter_boxfail	0.062	dense	A1@7,D0@9,D1@8	-
1RB1LD_1LC1RA_0RB0LC_1LC0RD	counter_boxfail	0.060	dense	A1@7,D0@10,D1@9	-
1RB1LD_1LC1RA_0RB0LC_1LC1RD	counter_boxfail	0.062	dense	A1@7,D0@10,D1@9	-
1RB1LD_1LC1RA_0RB0LC_1RA0LD	counter_boxfail	0.062	dense	A1@7,D0@9,D1@8	-
1RB1LD_1LC1RA_0RB0LC_1RA0RD	counter_boxfail	0.060	dense	A1@7,D0@10,D1@9	-
1RB1LD_1LC1RA_0RB0LC_1RA1RD	counter_boxfail	0.062	dense	A1@7,D0@10,D1@9	-
1RB1LD_1LC1RA_0RB0LC_1RC0LD	counter_boxfail	0.061	dense	A1@7,D0@9,D1@8	-
1RB1LD_1LC1RA_0RB0LC_1RC0RA	counter_boxfail	0.062	dense	A1@9,D0@10,D1@8	-
1RB1LD_1LC1RA_0RB0LC_1RC0RD	counter_boxfail	0.057	dense	A1@7,D0@10,D1@9	-
1RB1LD_1LC1RA_0RB0LC_1RC1LD	counter_boxfail	0.062	dense	A1@7,D0@9,D1@8	-
1RB1LD_1LC1RA_0RB0LC_1RC1RD	counter_boxfail	0.057	dense	A1@7,D0@10,D1@9	-
1RB1LD_1LC1RA_1RD1LB_0LC0RD	counter_boxfail	0.062	dense	A0@0,A1@23,B1@22	-
1RB1LD_1LC1RB_0RA0LD_0RB1LD	sweep_counter	0.332	dense	A0@0	-
1RB1LD_1LC1RB_0RB1LD_1RA0LC	counter_new	0.062	sparse	A0@0	boarded
1RB1LD_1LC1RB_1RA0LD_0RB1LD	sweep_counter	0.332	dense	A0@0	-
1RB1LD_1LC1RC_0LA1RC_1LA0RC	counter_new	0.075	sparse	B0@1	boarded
1RB1LD_1LC1RC_0LD0RB_1LA0RC	counter_boxfail	0.055	dense	B0@1	-
1RB1LD_1LC1RC_0LD0RC_1LA1LB	counter_boxfail	0.078	dense	B0@1	-
1RB1LD_1LC1RC_0LD1RC_1LA0RC	counter_new	0.064	sparse	B0@1	boarded
1RB1LD_1LC1RC_0RC1LA_1LA0LD	counter_new	0.061	dense	B0@1	boarded
1RB1LD_1LC1RC_0RC1LA_1LC0LD	counter_new	0.073	dense	B0@1	boarded
1RB1LD_1LC1RC_0RC1LA_1RC0LD	counter_new	0.065	dense	B0@1	boarded
1RB1LD_1LC1RC_1RB0LD_0RC0LA	counter_boxfail	0.060	dense	A0@0	-
1RB1LD_1LC1RD_0LD1RC_1LA0RC	counter_new	0.074	dense	B0@1	no overflow chain
1RB1LD_1LC1RD_0RB0LC_1RB0LA	counter_new	0.064	sparse	A0@0	boarded
1RB1LD_1LC1RD_1LA0LC_0RD1LC	counter_new	0.068	dense	A1@9,B0@1	boarded
1RB1LD_1LC1RD_1LA1LC_0LB0RD	counter_new	0.071	dense	A1@11	boarded
1RB1LD_1RC0LA_1LD1RB_0RB0LD	counter_boxfail	0.073	dense	A0@0,A1@13,B1@12	-
1RB1LD_1RC0LD_1LA1RB_0RB1LD	counter_new	0.064	sparse	A0@0	boarded
1RB1LD_1RC0LD_1LA1RB_0RC1LD	counter_new	0.075	sparse	A0@0	boarded
1RB1LD_1RC0RA_1LA0RD_0LA1RB	bouncer_dense	0.457	dense	C1@7972430	-
1RB1LD_1RC0RA_1LA1LD_0LC0LB	bouncer_dense	0.456	dense	B0@7954244,D1@7954243	-
1RB1LD_1RC0RA_1LA1RB_0LA1RB	bouncer_dense	0.457	dense	C1@7965160	-
1RB1LD_1RC0RA_1LB0RD_0LA1RB	bouncer_dense	0.457	dense	C1@7968794	-
1RB1LD_1RC0RA_1LB1RB_0LA1RB	bouncer_dense	0.456	dense	C1@7961524	-
1RB1LD_1RC0RB_0LA1LA_0LD1RB	counter_new	0.057	dense	A0@0	no interior chain
1RB1LD_1RC0RB_0LA1LB_0LD1RB	counter_new	0.071	dense	A0@0	no interior chain
1RB1LD_1RC0RB_0LC0LD_1LA1RD	counter_new	0.071	dense	D1@4	boarded
1RB1LD_1RC0RB_1LA---_0LD1RB	counter_new	0.073	dense	A0@0	boarded
1RB1LD_1RC0RB_1LA0RB_0LD1LB	counter_new	0.065	dense	A0@0	no anchor
1RB1LD_1RC0RB_1LA0RC_0LD0RC	counter_new	0.060	dense	C1@6	boarded
1RB1LD_1RC0RB_1LA0RD_0LB1LB	bouncer_hybrid	0.486	sparse	A0@0	-
1RB1LD_1RC0RB_1LA0RD_0LD0RC	counter_new	0.060	dense	C1@5	boarded
1RB1LD_1RC0RB_1LA0RD_1LD1LB	bouncer_hybrid	0.516	sparse	A0@0	-
1RB1LD_1RC0RB_1LA1LC_0LD0RC	counter_new	0.062	dense	C1@5	boarded
1RB1LD_1RC0RB_1LA1RB_0LD0RC	counter_new	0.061	dense	C1@5	boarded
1RB1LD_1RC0RB_1LA1RB_0LD1RC	counter_new	0.061	dense	A0@0	boarded
1RB1LD_1RC0RB_1LA1RC_0LB1LB	bouncer_hybrid	0.486	sparse	A0@0	-
1RB1LD_1RC0RB_1LA1RC_1LD1LB	bouncer_hybrid	0.515	sparse	A0@0	-
1RB1LD_1RC0RB_1LA1RD_0LD0RC	counter_new	0.060	dense	C1@5	boarded
1RB1LD_1RC0RC_0LA1RC_1LA0RC	counter_new	0.071	sparse	B0@1	boarded
1RB1LD_1RC0RC_0LD0RB_1LA0LB	counter_new	0.071	dense	B0@1,D1@3	boarded
1RB1LD_1RC0RC_0LD0RB_1RC1LA	counter_boxfail	0.068	dense	B0@1	-
1RB1LD_1RC0RC_0LD0RC_1LA0LB	counter_new	0.071	dense	B0@1,D1@3	boarded
1RB1LD_1RC0RC_0LD1RC_1LA0RC	counter_new	0.061	sparse	B0@1	boarded
1RB1LD_1RC0RC_1LA0RB_0LD1RB	counter_new	0.073	dense	A0@0	boarded
1RB1LD_1RC1LA_0LD0RC_1LB1RD	counter_new	0.066	dense	D1@3	boarded
1RB1LD_1RC1LB_0LA0RD_0LB1RD	sweep_counter	0.332	dense	A0@0	-
1RB1LD_1RC1LB_0LB1RD_1LA0RC	counter_new	0.066	sparse	A0@0	boarded
1RB1LD_1RC1LB_1LA0RD_0LB1RD	sweep_counter	0.332	dense	A0@0	-
1RB1LD_1RC1LB_1LA1RC_0RB0LB	bouncer_hybrid	0.478	sparse	A0@0	-
1RB1LD_1RC1LB_1LA1RC_0RC0LB	bouncer_hybrid	0.536	sparse	A0@0	-
1RB1LD_1RC1LB_1LA1RC_1LB0LB	bouncer_hybrid	0.536	sparse	A0@0	-
1RB1LD_1RC1LB_1LA1RC_1RB0LB	bouncer_hybrid	0.536	sparse	A0@0	-
1RB1LD_1RC1LB_1LA1RC_1RC0LB	bouncer_hybrid	0.478	sparse	A0@0	-
1RB1LD_1RC1LB_1LA1RD_0LB0RC	counter_new	0.073	sparse	A1@3	boarded
1RB1LD_1RC1LC_0LA1RC_1LA0RC	counter_new	0.075	sparse	B0@1	boarded
1RB1LD_1RC1LC_0LD1RC_1LA0RC	counter_new	0.064	sparse	B0@1	boarded
1RB1LD_1RC1LD_0LB0RC_1LB0LA	counter_boxfail	0.060	dense	A0@5,A1@13,D1@12	-
1RB1LD_1RC1LD_0LB0RC_1LB0RA	counter_boxfail	0.062	dense	A0@0,A1@5,D1@4	-
1RB1LD_1RC1LD_0LD0RC_1LB1LA	counter_boxfail	0.073	dense	A0@0,A1@4,D1@3	-
1RB1LD_1RC1RA_0LA1RC_1LA0RC	counter_new	0.071	sparse	B0@1	boarded
1RB1LD_1RC1RA_0LD1RC_1LA0RC	counter_new	0.061	sparse	B0@1	boarded
1RB1LD_1RC1RA_1LA1RB_0RB0LD	counter_boxfail	0.078	dense	A0@9	-
1RB1LD_1RC1RB_1LA0LD_0RB0LD	counter_boxfail	0.066	sparse	A0@0	-
1RB1LD_1RC1RB_1LA1LA_0RB0LD	counter_boxfail	0.075	sparse	A0@0	-
1RB1LD_1RC1RB_1LA1LB_0RB0LD	counter_boxfail	0.071	sparse	A0@0	-
1RB1LD_1RC1RB_1LA1RA_0RB0LD	counter_boxfail	0.066	sparse	A0@0	-
1RB1LD_1RC1RB_1LA1RB_0RB0LD	counter_boxfail	0.071	sparse	A0@0	-
1RB1LD_1RC1RC_0LA1RC_1LA0RC	counter_new	0.075	sparse	B0@1	boarded
1RB1LD_1RC1RC_0LD0RB_1LA0RC	counter_boxfail	0.055	dense	B0@1	-
1RB1LD_1RC1RC_0LD0RC_1LA1LB	counter_boxfail	0.078	dense	B0@1	-
1RB1LD_1RC1RC_0LD1RC_1LA0RC	counter_new	0.064	sparse	B0@1	boarded
1RB1LD_1RC1RD_0LD0RC_1LB1LA	counter_new	0.073	dense	A0@0	boarded
1RB1LD_1RC1RD_0LD1RC_1LA0RC	counter_new	0.074	dense	B0@1	no overflow chain
1RB1LD_1RC1RD_1LA0LC_0RD1LC	counter_new	0.070	dense	A1@3,B0@1	boarded
1RB1RA_0LB1LC_1RD0LC_0RD1LA	counter_new	0.065	dense	A1@6,B0@8	boarded
1RB1RA_0LB1RC_1LD1RA_0RC0LD	counter_boxfail	0.061	dense	A1@9	-
1RB1RA_1LB1LC_1RD0LC_0RD1LA	counter_new	0.065	dense	A1@7,B0@9	boarded
1RB1RA_1LB1RC_0RC1LD_1LA0LD	counter_new	0.068	dense	A1@54,B0@56	boarded
1RB1RA_1LC0RB_0LC0LD_1RD1LA	counter_new	0.062	dense	D0@4	boarded
1RB1RA_1LC1RD_0RB0LC_1RB0LA	counter_boxfail	0.062	dense	A0@9,A1@8,D1@7	-
1RB1RA_1LC1RD_0RD0LC_1LC1RA	counter_boxfail	0.066	dense	A1@7	-
1RB1RA_1LC1RD_1LA0LC_0RD1LC	counter_new	0.068	dense	A1@50,B0@52	boarded
1RB1RA_1LC1RD_1LD1LB_0RA0RB	bouncer_dense	0.456	dense	A1@7954263,C0@7948802	-
1RB1RA_1LC1RD_1RA1LB_0RA0RB	bouncer_dense	0.456	dense	A1@7954251,C0@7948792	-
1RB1RA_1RC1LA_1LD1RB_0RB0LD	counter_boxfail	0.073	dense	A0@15,A1@14,B1@12	-
1RB1RB_0LA---_------_------	cycler	0.000	dense	A0@0	boarded
1RB1RB_0LB1LC_1RD0LC_0RD1LA	counter_new	0.065	dense	A1@5,B0@1	boarded
1RB1RB_0LB1RC_0LD0RC_1LA1LD	counter_boxfail	0.075	sparse	B0@1	-
1RB1RB_0LB1RC_1LD0RC_0LB1LA	counter_new	0.065	dense	A0@5	boarded
1RB1RB_0LB1RC_1LD0RC_0LD1LA	counter_new	0.057	dense	A0@5,B0@1	boarded
1RB1RB_0LB1RC_1LD0RC_1LB1LA	counter_new	0.068	dense	A0@5	no interior chain
1RB1RB_0LB1RC_1LD1RA_0RC0LD	counter_boxfail	0.061	dense	A1@9	-
1RB1RB_0LC0RA_1LD0RB_1RA1LC	counter_boxfail	0.055	dense	A0@0	-
1RB1RB_0LC0RA_1LD0RB_1RC1LC	counter_boxfail	0.060	dense	A0@0	-
1RB1RB_0LC0RB_1LD1LA_1RA1LC	counter_boxfail	0.078	dense	A0@3	-
1RB1RB_0LC0RB_1LD1LC_1RA0RB	counter_boxfail	0.066	sparse	A0@0	-
1RB1RB_0LC0RB_1LD1LC_1RA1LA	counter_boxfail	0.066	sparse	A0@0	-
1RB1RB_0LC0RB_1LD1LC_1RA1LC	counter_boxfail	0.071	sparse	A0@0	-
1RB1RB_0LC0RB_1LD1LC_1RA1RA	counter_boxfail	0.075	sparse	A0@0	-
1RB1RB_0LC0RB_1LD1LC_1RA1RC	counter_boxfail	0.071	sparse	A0@0	-
1RB1RB_0LC0RC_1LD1RC_1RA1LD	bouncer_hybrid	0.478	sparse	A0@0	-
1RB1RB_0LC0RD_1RA1LC_1LC1RD	bouncer_hybrid	0.536	sparse	A0@0	-
1RB1RB_0LC1RB_1LD0RB_1RA1LC	counter_new	0.064	sparse	A0@0	boarded
1RB1RB_0LC1RB_1RA1LD_1LC0RB	counter_new	0.075	sparse	A0@0	boarded
1RB1RB_0LC1RB_1RD1LC_0LA0RB	sweep_counter	0.332	dense	A0@0	-
1RB1RB_0LC1RB_1RD1LC_1LA0RB	sweep_counter	0.332	dense	A0@0	-
1RB1RB_0LC1RD_0LB1LA_1LB0RD	counter_new	0.065	dense	A0@3	no interior chain
1RB1RB_0LC1RD_0LB1LA_1LC0RD	counter_new	0.065	dense	A0@3	no interior chain
1RB1RB_0LC1RD_0LC1LA_1LB0RD	counter_new	0.065	dense	A0@3	boarded
1RB1RB_0LC1RD_0LC1LA_1LC0RD	counter_new	0.057	dense	A0@3,B0@1	boarded
1RB1RB_0LC1RD_1LA1LC_0LC0RD	counter_boxfail	0.075	sparse	B0@1	-
1RB1RB_0LC1RD_1LB1LA_1LB0RD	counter_new	0.071	dense	A0@3	no interior chain
1RB1RB_0LC1RD_1LB1LA_1LC0RD	counter_new	0.070	dense	A0@3	boarded
1RB1RB_0LC1RD_1RB1LC_0LA0RB	counter_new	0.077	dense	A0@0	boarded
1RB1RB_0RC0LC_1LD0RB_1LD1RA	counter_new	0.062	dense	A0@0	boarded
1RB1RB_0RC0LD_1LD1RC_0LA1LB	counter_new	0.070	dense	A0@0	boarded
1RB1RB_0RC1LB_1LA1RD_1RC0LB	counter_new	0.075	sparse	A0@3	boarded
1RB1RB_0RC1LB_1LD1RC_0LA0LB	sweep_counter	0.331	dense	A0@0	-
1RB1RB_0RC1LB_1LD1RC_1LA0LB	sweep_counter	0.332	dense	A1@4	-
1RB1RB_0RC1LB_1RD0LB_1LA1RC	counter_new	0.062	sparse	A0@0	boarded
1RB1RB_0RC1LD_1LB1RC_0LA0LB	counter_new	0.075	dense	A0@0	boarded
1RB1RB_0RC1RB_1LD0RB_0LD1LA	counter_new	0.071	dense	A0@5	boarded
1RB1RB_0RC1RB_1LD0RC_0LD1LA	counter_new	0.065	dense	A0@5	boarded
1RB1RB_0RC1RC_1LD0RB_0LD1LA	counter_new	0.070	dense	A0@15	boarded
1RB1RB_0RC1RC_1LD0RC_0LD1LA	counter_new	0.057	dense	A0@5,B0@1	boarded
1RB1RB_0RC1RD_0LC1LA_1LC0RD	counter_new	0.057	dense	A0@5,B0@1	boarded
1RB1RB_0RC1RD_1LA1LC_0LC0RD	counter_boxfail	0.075	sparse	B0@1	-
1RB1RB_1LA0RC_0LD1RB_1RC1LD	counter_new	0.062	sparse	A0@0	boarded
1RB1RB_1LA0RC_1LD0RC_0LD0RB	counter_new	0.068	dense	A1@2	boarded
1RB1RB_1LA0RC_1LD0RC_0LD1RB	counter_new	0.068	dense	A0@0	boarded
1RB1RB_1LA0RC_1LD1RC_0LD0RB	counter_new	0.064	dense	A1@2	boarded
1RB1RB_1LA1LC_1LB0RD_0LB1RD	counter_new	0.073	sparse	A1@2	boarded
1RB1RB_1LA1LC_1LB0RD_0LC1RD	counter_new	0.062	sparse	A1@2	boarded
1RB1RB_1LA1LC_1RD0LC_0RD1LA	counter_new	0.068	dense	A1@2,B0@1	boarded
1RB1RB_1LA1RC_0LD0RB_1RB1LD	counter_new	0.073	sparse	A1@2	boarded
1RB1RB_1LA1RC_1LD0RB_0RC0LD	counter_new	0.075	dense	A1@2	boarded
1RB1RB_1LA1RC_1LD0RC_0LD0LA	counter_new	0.068	dense	A0@0	boarded
1RB1RB_1LA1RC_1LD0RC_0LD1LA	counter_new	0.057	dense	A0@0,B0@1	boarded
1RB1RB_1LB1LC_1RD0LC_0RD1LA	counter_new	0.065	dense	A1@5,B0@1	boarded
1RB1RB_1LB1RC_0RC1LD_1LA0LD	counter_new	0.075	sparse	B0@1	no overflow chain
1RB1RB_1LB1RC_1LD0RC_0LB1LA	sweep_counter	0.331	dense	A0@9	-
1RB1RB_1LB1RC_1LD0RC_0LD1LA	counter_new	0.057	dense	A0@7,B0@1	boarded
1RB1RB_1LC0LC_1RD1LB_1RA0RD	counter_boxfail	0.065	dense	A0@9	-
1RB1RB_1LC0RA_1RD1LB_0LC0RD	counter_new	0.064	sparse	A0@0	boarded
1RB1RB_1LC0RB_0LC0RD_1LA1RD	counter_new	0.065	dense	A1@5,D1@3	boarded
1RB1RB_1LC0RB_0LC1LD_0RA---	counter_new	0.057	dense	A0@0	boarded
1RB1RB_1LC0RB_0LC1LD_0RD1RA	counter_new	0.055	dense	A0@0,D0@3	boarded
1RB1RB_1LC0RB_0LC1LD_1RA0RA	counter_new	0.057	dense	A0@0	boarded
1RB1RB_1LC0RB_0LC1LD_1RA0RC	counter_new	0.068	dense	A0@0	boarded
1RB1RB_1LC0RB_0LC1LD_1RA1RA	counter_new	0.057	dense	A0@0,D0@3	boarded
1RB1RB_1LC0RB_0LC1LD_1RC0RA	counter_new	0.068	dense	A0@0	boarded
1RB1RB_1LC0RB_0LC1LD_1RC1RA	counter_new	0.057	dense	A0@0,D0@3	boarded
1RB1RB_1LC0RB_0LC1LD_1RD1RA	counter_new	0.055	dense	A0@0,D0@3	boarded
1RB1RB_1LC0RB_0LC1RD_0LA0RB	counter_new	0.068	dense	A0@0	boarded
1RB1RB_1LC0RB_0LC1RD_0LA1LA	counter_new	0.060	dense	A0@0	boarded
1RB1RB_1LC0RB_0LC1RD_0RB1LA	counter_boxfail	0.057	dense	A0@0,A1@4,D1@3	-
1RB1RB_1LC0RB_0LC1RD_1LA0LC	counter_new	0.068	dense	A0@0,D1@3	boarded
1RB1RB_1LC0RB_0LC1RD_1LA0LD	counter_new	0.068	dense	A0@6,D1@4	boarded
1RB1RB_1LC0RB_0LC1RD_1LA0RB	counter_new	0.068	dense	A0@0,D1@3	boarded
1RB1RB_1LC0RB_0LC1RD_1LA0RC	counter_new	0.068	dense	A0@0,D1@3	boarded
1RB1RB_1LC0RB_0LC1RD_1LA0RD	counter_new	0.065	dense	A0@5,D1@3	boarded
1RB1RB_1LC0RB_0LC1RD_1LA1LA	counter_new	0.068	dense	A0@0,D1@3	boarded
1RB1RB_1LC0RB_0LC1RD_1LA1LD	counter_new	0.068	dense	A0@6,D1@4	boarded
1RB1RB_1LC0RB_0LC1RD_1LA1RC	counter_new	0.065	dense	A0@0,D1@3	boarded
1RB1RB_1LC0RB_0LC1RD_1LA1RD	counter_new	0.065	dense	A0@0,D1@3	boarded
1RB1RB_1LC0RB_0LC1RD_1LC1LA	counter_new	0.068	dense	A0@0	boarded
1RB1RB_1LC0RB_1LD1LA_0LC1RA	counter_new	0.070	dense	A0@10	boarded
1RB1RB_1LC0RB_1LD1LA_0LD1RC	counter_new	0.071	dense	A0@3	no interior chain
1RB1RB_1LC0RC_0LD1RC_1RA1LD	sweep_counter	0.333	dense	A0@12	-
1RB1RB_1LC0RC_1LD1RC_1RA1LD	bouncer_hybrid	0.492	sparse	A0@0	-
1RB1RB_1LC0RD_0LC1LD_0RB1RA	counter_new	0.070	dense	A0@6	boarded
1RB1RB_1LC0RD_0RA1LB_0LB1RD	counter_new	0.064	dense	A0@0	no overflow chain
1RB1RB_1LC0RD_1RA1LB_0LB1RD	counter_new	0.074	dense	A0@0	no overflow chain
1RB1RB_1LC0RD_1RA1LC_0LC1RD	sweep_counter	0.333	dense	A0@8	-
1RB1RB_1LC0RD_1RA1LC_1LC1RD	bouncer_hybrid	0.478	sparse	A0@0	-
1RB1RB_1LC1RA_0RA1LD_0RB0LD	counter_boxfail	0.071	dense	A0@0	-
1RB1RB_1LC1RA_0RB0LC_------	counter_boxfail	0.062	dense	A1@7	-
1RB1RB_1LC1RB_0RA0LD_0RB1LD	sweep_counter	0.332	dense	A0@0	-
1RB1RB_1LC1RB_0RB1LD_0RA0LC	counter_new	0.070	sparse	A0@0	boarded
1RB1RB_1LC1RB_0RB1LD_1RA0LC	counter_new	0.062	sparse	A0@0	boarded
1RB1RB_1LC1RB_1RA0LD_0RB1LD	sweep_counter	0.332	dense	A0@0	-
1RB1RB_1LC1RD_0LB1LA_1LB0RD	counter_new	0.075	dense	A0@3	boarded
1RB1RB_1LC1RD_0LB1LA_1LC0RD	counter_new	0.071	dense	A0@3	no interior chain
1RB1RB_1LC1RD_0LC1LA_1LB0RD	counter_new	0.068	dense	A0@3	no interior chain
1RB1RB_1LC1RD_0LC1LA_1LC0RD	counter_new	0.057	dense	A0@3,B0@1	boarded
1RB1RB_1LC1RD_0RB0LC_1RA1LD	counter_new	0.076	dense	A1@38,D1@8	boarded
1RB1RB_1LC1RD_0RB0LC_1RB1LA	counter_new	0.064	sparse	A0@0	boarded
1RB1RB_1LC1RD_0RD0LC_1LC1RA	counter_boxfail	0.066	dense	A1@7	-
1RB1RB_1LC1RD_0RD0LC_1RA---	counter_new	0.065	dense	A1@5	boarded
1RB1RB_1LC1RD_1LA0LC_0RD1LC	counter_new	0.075	sparse	B0@1	no overflow chain
1RB1RB_1RC---_1LD0RC_0LD0LA	counter_new	0.057	dense	A0@0	boarded
1RB1RB_1RC---_1LD1RA_0RB0LD	counter_new	0.075	dense	A1@12	boarded
1RB1RB_1RC0LA_1LD0RC_0LD1LA	counter_new	0.068	dense	A0@0	boarded
1RB1RB_1RC0LA_1LD1RB_0RB0LD	counter_boxfail	0.073	dense	A0@0,A1@13,B1@12	-
1RB1RB_1RC0RC_0LD1RC_1RA1LD	sweep_counter	0.333	dense	A0@10	-
1RB1RB_1RC0RC_1LD1RC_1RA1LD	bouncer_hybrid	0.492	sparse	A0@0	-
1RB1RB_1RC1LB_0LB1RD_0LA0RC	counter_new	0.062	sparse	A0@0	boarded
1RB1RB_1RC1LB_0LB1RD_1LA0RC	counter_new	0.062	sparse	A0@0	boarded
1RB1RB_1RC1LB_1LA0RD_0LB1RD	sweep_counter	0.332	dense	A0@0	-
1RB1RB_1RC1LB_1LA1RD_0LB0RC	counter_new	0.073	sparse	A1@3	boarded
1RB1RB_1RC1RC_1LD0RC_0LD1LA	counter_new	0.057	dense	A0@0,B0@1	boarded
1RB1RB_1RC1RD_0LC1LA_1LC0RD	counter_new	0.057	dense	A0@0,B0@1	boarded
1RB1RB_1RC1RD_1LA1LC_0LC0RD	counter_boxfail	0.075	sparse	B0@1	-
1RB1RC_0LA0LA_0RD0RC_1LD1LA	bouncer_hybrid	0.495	sparse	B0@1	-
1RB1RC_0LA0LC_0RD1LB_1LC1RD	counter_new	0.075	dense	A0@0	boarded
1RB1RC_0LA0LC_0RD1LC_1LB1RD	sweep_counter	0.331	dense	A0@0	-
1RB1RC_0LA0RC_0LD1RB_1RC1LD	counter_new	0.077	dense	A0@0	boarded
1RB1RC_0LA0RC_0LD1RC_1RB1LD	sweep_counter	0.332	dense	A0@0	-
1RB1RC_0LA0RC_1LD0RC_0LD1RB	counter_new	0.068	dense	A0@0	boarded
1RB1RC_0LA0RD_0LD0RC_1LD1LA	sweep_counter	0.335	dense	B0@1	-
1RB1RC_0LA0RD_0RD0RC_1LD1LA	bouncer_hybrid	0.494	sparse	B0@1	-
1RB1RC_0LA0RD_1LD0RC_1LD1LA	bouncer_hybrid	0.485	sparse	B0@1	-
1RB1RC_0LA0RD_1RD1LC_0LC1RB	counter_new	0.062	sparse	A0@0	boarded
1RB1RC_0LA1LA_1LD0RC_0LD1RB	counter_new	0.060	dense	A0@0	boarded
1RB1RC_0LA1LC_0RD0LB_1LB1RD	counter_new	0.070	dense	A0@0	boarded
1RB1RC_0LB1LA_---1RD_1LB0RD	counter_new	0.057	dense	A0@3	boarded
1RB1RC_0LB1LA_0LB1RD_1LC0RD	counter_new	0.065	dense	A0@3	boarded
1RB1RC_0LB1LA_0RD1RC_1LB0RC	counter_new	0.071	dense	A0@3	boarded
1RB1RC_0LB1LA_0RD1RC_1LB0RD	counter_new	0.065	dense	A0@3	boarded
1RB1RC_0LB1LA_0RD1RD_1LB0RC	counter_new	0.073	dense	A0@3	boarded
1RB1RC_0LB1LA_1LB1RD_1LC0RD	counter_new	0.068	dense	A0@3	no interior chain
1RB1RC_0LB1LA_1RD0LA_1LB0RD	counter_new	0.068	dense	A0@3	boarded
1RB1RC_0LB1RC_1LA0RD_1LB0RD	counter_new	0.068	dense	A0@0	boarded
1RB1RC_0LB1RC_1LD1RA_0RC0LD	counter_boxfail	0.061	dense	A1@9	-
1RB1RC_0LC0RC_0RB1LD_1LA0LD	counter_new	0.071	dense	B0@1	boarded
1RB1RC_0LC1LA_0LB1RD_1LB0RD	counter_new	0.065	dense	A0@5	no interior chain
1RB1RC_0LC1LA_0LB1RD_1LC0RD	counter_new	0.065	dense	A0@9	no interior chain
1RB1RC_0LC1LA_0LC1RD_1LB0RD	counter_new	0.065	dense	A0@5	boarded
1RB1RC_0LC1LA_1LB1RD_1LB0RD	counter_new	0.071	dense	A0@5	no interior chain
1RB1RC_0LC1LA_1LB1RD_1LC0RD	counter_new	0.075	dense	A0@9	boarded
1RB1RC_0LC1LA_1LC1RD_1LB0RD	sweep_counter	0.331	dense	A0@5	-
1RB1RC_0LC1RB_1LD0RB_0RA1LC	counter_new	0.064	dense	A0@0	no overflow chain
1RB1RC_0LC1RB_1LD0RB_1RA1LC	counter_new	0.074	dense	A0@0	no overflow chain
1RB1RC_0LC1RB_1RA1LD_1LC0RB	counter_new	0.071	sparse	A0@0	boarded
1RB1RC_0LC1RB_1RD1LC_1LA0RB	sweep_counter	0.332	dense	A0@0	-
1RB1RC_0LC1RD_1LA1LC_0LC0RD	counter_boxfail	0.071	sparse	B0@1	-
1RB1RC_0LC1RD_1RB1LC_0LA0RB	counter_new	0.062	sparse	A0@0	boarded
1RB1RC_0LC1RD_1RB1LC_1LA0RB	counter_new	0.062	sparse	A0@0	boarded
1RB1RC_0RC0LA_0RD0RC_1LD1LA	bouncer_hybrid	0.495	sparse	B0@1	-
1RB1RC_0RC0LB_1LD1RA_0RA1LB	counter_boxfail	0.068	dense	A0@0	-
1RB1RC_0RC0LB_1RD1RA_1LD1LB	counter_new	0.071	dense	A0@0	boarded
1RB1RC_0RC0LD_1LD0RC_1LA1LA	counter_new	0.068	dense	B0@1	boarded
1RB1RC_0RC0LD_1LD1RC_0RA1LB	counter_new	0.070	dense	A1@4	boarded
1RB1RC_0RC0RD_0LD0RC_1LD1LA	sweep_counter	0.334	dense	B0@1	-
1RB1RC_0RC0RD_0RD0RC_1LD1LA	bouncer_hybrid	0.495	sparse	B0@1	-
1RB1RC_0RC0RD_1LD0RC_1LD1LA	bouncer_hybrid	0.490	sparse	B0@1	-
1RB1RC_0RC1LA_1LD0RB_0LD1RC	counter_boxfail	0.061	dense	A0@9,A1@11,B1@10	-
1RB1RC_0RC1LB_1LD1RC_0RA0LB	sweep_counter	0.331	dense	A0@0	-
1RB1RC_0RC1LB_1LD1RC_1LA0LB	sweep_counter	0.332	dense	A1@4	-
1RB1RC_0RC1LB_1LD1RC_1RA0LB	sweep_counter	0.332	dense	A0@0	-
1RB1RC_0RC1LD_1LB1RC_0RA0LB	counter_new	0.069	sparse	A0@0	boarded
1RB1RC_0RC1LD_1LB1RC_1RA0LB	counter_new	0.062	sparse	A0@0	boarded
1RB1RC_0RC1RD_1LA1LC_0LC0RD	counter_boxfail	0.071	sparse	B0@1	-
1RB1RC_1LA---_1LD0RC_0LD1RB	counter_new	0.068	dense	A0@0	boarded
1RB1RC_1LA0LA_0RD0RC_1LD1LA	bouncer_hybrid	0.495	sparse	B0@1	-
1RB1RC_1LA0LB_1RD0RC_1LB1RC	counter_new	0.071	dense	A0@0	boarded
1RB1RC_1LA0LD_1LD0RC_1LA1LA	counter_new	0.068	dense	B0@1	boarded
1RB1RC_1LA0LD_1RC1LB_0LB0RC	counter_new	0.073	sparse	A1@2	boarded
1RB1RC_1LA0LD_1RC1LD_0LB0RC	counter_new	0.062	sparse	A1@2	boarded
1RB1RC_1LA0RC_0LD1RC_1RB1LD	sweep_counter	0.333	dense	A0@0	-
1RB1RC_1LA0RC_1LD0RC_0LD0RB	counter_new	0.068	dense	A1@2	boarded
1RB1RC_1LA0RD_0LC0RB_1LC0RD	counter_new	0.065	dense	A1@2	boarded
1RB1RC_1LA0RD_0LC0RB_1LC1RD	counter_new	0.062	dense	A1@2	boarded
1RB1RC_1LA0RD_0LD0RC_1LD1LA	sweep_counter	0.334	dense	B0@1	-
1RB1RC_1LA0RD_0RD0RC_1LD1LA	bouncer_hybrid	0.495	sparse	B0@1	-
1RB1RC_1LA0RD_1LD0RC_1LD1LA	bouncer_hybrid	0.490	sparse	B0@1	-
1RB1RC_1LA0RD_1RB1LC_0LC1RD	sweep_counter	0.333	dense	A0@0	-
1RB1RC_1LA0RD_1RD1LC_0LC1RB	counter_new	0.062	sparse	A0@0	boarded
1RB1RC_1LA1LC_1LB0RD_0LC1RD	counter_new	0.062	sparse	A1@2	boarded
1RB1RC_1LA1LD_0LB1RC_1LB0RC	counter_new	0.073	sparse	A1@2	boarded
1RB1RC_1LA1LD_0LD1RC_1LB0RC	counter_new	0.062	sparse	A1@2	boarded
1RB1RC_1LA1RA_1LD0RC_0LD1LB	counter_new	0.055	dense	A0@8,B0@7	boarded
1RB1RC_1LA1RB_1LD0RC_0LD1LB	counter_new	0.062	dense	A0@8	boarded
1RB1RC_1LA1RC_0LD0RB_1RB1LD	counter_new	0.073	sparse	A1@2	boarded
1RB1RC_1LA1RC_0RC1LD_1LA0LD	counter_new	0.071	dense	A1@11,B0@1	boarded
1RB1RC_1LA1RD_0RB1LC_1RB0LC	counter_new	0.075	sparse	A0@0	boarded
1RB1RC_1LA1RD_0RD0LC_1LC0RB	counter_new	0.075	dense	A1@2	boarded
1RB1RC_1LA1RD_0RD1LC_1RB0LC	counter_new	0.064	sparse	A0@0	boarded
1RB1RC_1LA1RD_1RB1LC_0LC0RB	counter_new	0.073	sparse	A1@2	boarded
1RB1RC_1LB0RC_0RB1LD_1LA0LD	counter_new	0.073	dense	B0@1	boarded
1RB1RC_1LB1LC_1RD0LC_0RD1LA	counter_new	0.068	dense	A1@5,B0@1	boarded
1RB1RC_1LB1RA_0RD0LD_1LB0RC	counter_new	0.061	dense	A0@0	boarded
1RB1RC_1LB1RA_1LD0RC_0LD1LB	counter_new	0.057	dense	A0@0,B0@1	boarded
1RB1RC_1LB1RC_0RC1LD_1LA0LD	counter_new	0.071	dense	A1@11,B0@1	boarded
1RB1RC_1LC0LB_0RC1LD_1RA1LB	counter_new	0.073	dense	A0@0	boarded
1RB1RC_1LC0RB_0LC0RD_1LA1RD	counter_new	0.062	dense	A1@5,D1@3	boarded
1RB1RC_1LC0RB_0LC1RD_0RB0LA	counter_boxfail	0.057	dense	A0@0,A1@4,D1@3	-
1RB1RC_1LC0RB_0LC1RD_0RB1LA	counter_boxfail	0.055	dense	A0@0,A1@4,D1@3	-
1RB1RC_1LC0RB_1LD1RA_0RD0LC	counter_new	0.065	dense	A1@3	boarded
1RB1RC_1LC0RC_0RB1LD_1LA0LD	counter_new	0.071	dense	B0@1	boarded
1RB1RC_1LC0RD_0LC1RD_0RB0LA	counter_boxfail	0.073	dense	A0@0,A1@4,D1@3	-
1RB1RC_1LC0RD_0LC1RD_0RB1LA	counter_boxfail	0.071	dense	A0@0,A1@4,D1@3	-
1RB1RC_1LC0RD_1LA0LC_0RD1LC	counter_new	0.075	dense	B0@1	boarded
1RB1RC_1LC0RD_1RA1LB_0LB1RD	counter_new	0.061	sparse	A0@0	boarded
1RB1RC_1LC0RD_1RA1LB_0LC1RD	counter_new	0.071	sparse	A0@0	boarded
1RB1RC_1LC1LA_0LB1RD_1LB0RD	counter_new	0.070	dense	A0@13	boarded
1RB1RC_1LC1LA_0LB1RD_1LC0RD	counter_new	0.071	dense	A0@7	no interior chain
1RB1RC_1LC1LA_0LC1RD_1LB0RD	counter_new	0.068	dense	A0@15	no interior chain
1RB1RC_1LC1RA_0RB0LC_------	counter_boxfail	0.058	dense	A1@7	-
1RB1RC_1LC1RA_0RD0LC_0RB1LA	counter_boxfail	0.065	dense	A1@17	-
1RB1RC_1LC1RA_0RD0LC_1RA---	counter_new	0.067	dense	A1@5	boarded
1RB1RC_1LC1RA_1RD0LC_1LD0RB	counter_new	0.058	dense	A1@7	boarded
1RB1RC_1LC1RD_0RB0LC_1RA0RD	counter_boxfail	0.069	dense	A1@18,D1@7	-
1RB1RC_1LC1RD_0RB0LC_1RB0LA	counter_boxfail	0.060	dense	A0@0,A1@8,D1@7	-
1RB1RC_1LC1RD_0RB0LC_1RB1LA	counter_boxfail	0.062	dense	A0@0,A1@8,D1@7	-
1RB1RC_1LC1RD_0RD0LC_1LC1RA	counter_boxfail	0.061	dense	A1@7	-
1RB1RC_1LC1RD_0RD0LC_1RA---	counter_new	0.061	dense	A1@5	boarded
1RB1RC_1LC1RD_1LA0LC_0RD1LC	counter_new	0.071	sparse	B0@1	no overflow chain
1RB1RC_1RC0LA_0RD0RC_1LD1LA	bouncer_hybrid	0.504	sparse	B0@1	-
1RB1RC_1RC0LD_1LD0RC_1LA1LA	counter_new	0.068	dense	B0@1	boarded
1RB1RC_1RC0RD_0LD0RC_1LD1LA	sweep_counter	0.334	dense	B0@1	-
1RB1RC_1RC0RD_0RD0RC_1LD1LA	bouncer_hybrid	0.503	sparse	B0@1	-
1RB1RC_1RC0RD_1LD0RC_1LD1LA	bouncer_hybrid	0.528	sparse	B0@1	-
1RB1RC_1RC1LA_1LD1RB_0RB0LD	counter_new	0.075	sparse	A0@0	boarded
1RB1RC_1RC1LB_0LB1RD_0LA0RC	counter_new	0.077	dense	A0@0	boarded
1RB1RC_1RC1LB_1LA1RD_0LB0RC	counter_new	0.073	sparse	A1@3	boarded
1RB1RC_1RC1LD_0LB0RC_1LB0LA	counter_boxfail	0.060	dense	A0@5,A1@13,D1@12	-
1RB1RC_1RC1LD_0LB0RC_1LB0RA	counter_boxfail	0.062	dense	A0@0,A1@5,D1@4	-
1RB1RC_1RC1LD_0LD0RC_1LB1LA	counter_boxfail	0.073	dense	A0@0,A1@4,D1@3	-
1RB1RC_1RC1RA_1LD0RC_0LD1LB	counter_new	0.057	dense	A0@0,B0@1	boarded
1RB1RC_1RC1RD_1LA1LC_0LC0RD	counter_boxfail	0.071	sparse	B0@1	-
1RB1RD_0LB0RC_0LD0RB_1LA1LD	counter_new	0.073	dense	B0@1	boarded
1RB1RD_0LB1LC_0RA---_1LB0RD	counter_new	0.057	dense	A0@0	boarded
1RB1RD_0LB1LC_0RC1RA_1LB0RD	counter_new	0.055	dense	A0@5,C0@3	boarded
1RB1RD_0LB1LC_1LA1RA_1LB0RD	counter_new	0.057	dense	A0@4,C0@3	boarded
1RB1RD_0LB1LC_1LA1RC_1LB0RD	counter_new	0.062	dense	A0@4	boarded
1RB1RD_0LB1LC_1RA0RA_1LB0RD	counter_new	0.057	dense	A0@0	boarded
1RB1RD_0LB1LC_1RA0RB_1LB0RD	counter_new	0.068	dense	A0@0	boarded
1RB1RD_0LB1LC_1RA1RA_1LB0RD	counter_new	0.057	dense	A0@0,C0@3	boarded
1RB1RD_0LB1LC_1RB0RA_1LB0RD	counter_new	0.068	dense	A0@0	boarded
1RB1RD_0LB1LC_1RB1RA_1LB0RD	counter_new	0.057	dense	A0@0,C0@3	boarded
1RB1RD_0LB1LC_1RC1RA_1LB0RD	counter_new	0.055	dense	A0@5,C0@3	boarded
1RB1RD_0LB1RC_0LA0RD_1LB0RD	counter_new	0.068	dense	A0@0	boarded
1RB1RD_0LB1RC_0LA1LA_1LB0RD	counter_new	0.060	dense	A0@0	boarded
1RB1RD_0LB1RC_0LD0RC_1LA1LD	counter_boxfail	0.071	sparse	B0@1	-
1RB1RD_0LB1RC_1LA---_1LB0RD	counter_new	0.068	dense	A0@0	boarded
1RB1RD_0LB1RC_1LB1LA_1LB0RD	counter_new	0.068	dense	A0@0	boarded
1RB1RD_0LB1RC_1LB1LA_1LC0RD	counter_new	0.071	dense	A0@0	no interior chain
1RB1RD_0LB1RC_1LD1RA_0RC0LD	counter_boxfail	0.055	dense	A1@9	-
1RB1RD_0LC0LA_1LC1LA_0RC0RD	bouncer_hybrid	0.495	sparse	B0@1	-
1RB1RD_0LC0RC_0RC1LD_1LA0LD	counter_new	0.071	dense	B0@1	boarded
1RB1RD_0LC0RC_1LC1LA_0LC0RD	sweep_counter	0.335	dense	B0@1	-
1RB1RD_0LC0RC_1LC1LA_0RC0RD	bouncer_hybrid	0.494	sparse	B0@1	-
1RB1RD_0LC0RC_1LC1LA_1LC0RD	bouncer_hybrid	0.490	sparse	B0@1	-
1RB1RD_0LC1RA_1LA1LB_1LC0RA	counter_boxfail	0.071	sparse	C0@4	-
1RB1RD_0LC1RB_1LD0RB_1RA1LC	counter_new	0.061	sparse	A0@8	boarded
1RB1RD_0LC1RB_1RA1LC_0LB0RB	sweep_counter	0.334	dense	D0@5	-
1RB1RD_0LC1RB_1RA1LC_0LC0RB	sweep_counter	0.334	dense	D0@5	-
1RB1RD_0LC1RB_1RA1LC_0RB0RB	sweep_counter	0.334	dense	D0@5	-
1RB1RD_0LC1RB_1RA1LC_0RC0RB	sweep_counter	0.334	dense	D0@5	-
1RB1RD_0LC1RB_1RA1LC_1LA0RB	sweep_counter	0.334	dense	D0@5	-
1RB1RD_0LC1RB_1RA1LC_1LB0RB	sweep_counter	0.333	dense	A0@0	-
1RB1RD_0LC1RB_1RA1LC_1LC0RB	sweep_counter	0.333	dense	A0@0	-
1RB1RD_0LC1RB_1RA1LC_1RA0RB	sweep_counter	0.334	dense	D0@5	-
1RB1RD_0LC1RB_1RA1LC_1RB0RB	sweep_counter	0.333	dense	A0@0	-
1RB1RD_0LC1RD_1RB1LC_1LA0RB	counter_new	0.062	sparse	A0@0	boarded
1RB1RD_0RC0LA_1LC1LA_0RC0RD	bouncer_hybrid	0.495	sparse	B0@1	-
1RB1RD_0RC0LC_1LA1LA_1LC0RD	counter_new	0.068	dense	B0@1	boarded
1RB1RD_0RC0RC_1LC1LA_0LC0RD	sweep_counter	0.335	dense	B0@1	-
1RB1RD_0RC0RC_1LC1LA_0RC0RD	bouncer_hybrid	0.494	sparse	B0@1	-
1RB1RD_0RC0RC_1LC1LA_1LC0RD	bouncer_hybrid	0.490	sparse	B0@1	-
1RB1RD_0RC1LA_1LD0RB_0LD1RC	counter_boxfail	0.060	dense	A0@9,A1@11,B1@10	-
1RB1RD_0RC1LB_1LD1RC_1LA0LB	sweep_counter	0.334	dense	A1@4	-
1RB1RD_0RC1LD_1LB1RC_1RA0LB	counter_new	0.066	sparse	A0@18	boarded
1RB1RD_1LB0RC_0RC1LD_1LA0LD	counter_new	0.073	dense	B0@1	boarded
1RB1RD_1LB0RC_1LC1LA_0LC0RD	sweep_counter	0.335	dense	B0@1	-
1RB1RD_1LB0RC_1LC1LA_0RC0RD	bouncer_hybrid	0.494	sparse	B0@1	-
1RB1RD_1LB0RC_1LC1LA_1LC0RD	bouncer_hybrid	0.490	sparse	B0@1	-
1RB1RD_1LB1RC_0RC1LD_1LA0LD	counter_new	0.071	sparse	B0@1	no overflow chain
1RB1RD_1LB1RC_1RA1LD_0RC0LD	counter_new	0.061	dense	A1@7	boarded
1RB1RD_1LC0LA_1LC1LA_0RC0RD	bouncer_hybrid	0.504	sparse	B0@1	-
1RB1RD_1LC0LB_1RA0LB_0RD1LB	counter_new	0.071	dense	A0@0,C1@9	boarded
1RB1RD_1LC0LB_1RA0LB_0RD1RB	counter_new	0.070	dense	A0@0	boarded
1RB1RD_1LC0LB_1RA0LD_0RB1RB	bouncer_hybrid	0.486	sparse	A0@0	-
1RB1RD_1LC0LB_1RA0LD_0RD1LB	counter_new	0.073	dense	A0@0,C1@2	boarded
1RB1RD_1LC0LB_1RA0LD_1RD1RB	bouncer_hybrid	0.516	sparse	A0@0	-
1RB1RD_1LC0LB_1RA0RD_0RD1LB	counter_new	0.073	dense	A0@0,C1@2	boarded
1RB1RD_1LC0LB_1RA1LA_0RD1LB	counter_new	0.073	dense	A0@3,C1@2	boarded
1RB1RD_1LC0LB_1RA1LB_0RD0RC	counter_new	0.071	dense	A0@0	boarded
1RB1RD_1LC0LB_1RA1LB_0RD1LB	counter_new	0.071	dense	A0@0,C1@2	boarded
1RB1RD_1LC0LB_1RA1LB_0RD1LC	counter_new	0.060	dense	A0@0	boarded
1RB1RD_1LC0LB_1RA1LC_0RB1RB	bouncer_hybrid	0.486	sparse	A0@0	-
1RB1RD_1LC0LB_1RA1LC_0RD1LB	counter_new	0.073	dense	A0@0,C1@2	boarded
1RB1RD_1LC0LB_1RA1LC_1RD1RB	bouncer_hybrid	0.515	sparse	A0@0	-
1RB1RD_1LC0LB_1RA1LD_0RD1LB	counter_new	0.071	dense	A0@0,C1@2	boarded
1RB1RD_1LC0LB_1RA1RD_0RD1LB	counter_new	0.071	dense	A0@0,C1@11	boarded
1RB1RD_1LC0RA_1RD1LB_0LC0RD	counter_boxfail	0.062	dense	A0@0,A1@23,B1@22	-
1RB1RD_1LC0RB_0LC1RD_0RB0LA	counter_boxfail	0.057	dense	A0@0,A1@4,D1@3	-
1RB1RD_1LC0RB_0LC1RD_1LA0RB	counter_new	0.068	dense	A0@0	boarded
1RB1RD_1LC0RC_0RC1LD_1LA0LD	counter_new	0.071	dense	B0@1	boarded
1RB1RD_1LC0RC_1LC1LA_0LC0RD	sweep_counter	0.334	dense	B0@1	-
1RB1RD_1LC0RC_1LC1LA_0RC0RD	bouncer_hybrid	0.503	sparse	B0@1	-
1RB1RD_1LC0RC_1LC1LA_1LC0RD	bouncer_hybrid	0.485	sparse	B0@1	-
1RB1RD_1LC0RD_0LB1RA_1LB0RB	counter_new	0.070	dense	A0@0	boarded
1RB1RD_1LC0RD_0LC1RD_0RB0LA	counter_boxfail	0.073	dense	A0@0,A1@4,D1@3	-
1RB1RD_1LC0RD_1LB1RA_0RB0LB	counter_new	0.062	dense	A0@0	boarded
1RB1RD_1LC0RD_1LC1RA_0RB0LB	counter_new	0.061	dense	A0@0	boarded
1RB1RD_1LC0RD_1RA1LB_0LB0RA	counter_boxfail	0.055	dense	A0@0	-
1RB1RD_1LC0RD_1RA1LB_0LB1RD	counter_new	0.064	sparse	A0@0	boarded
1RB1RD_1LC0RD_1RA1LB_0LC1RD	counter_new	0.075	sparse	A0@0	boarded
1RB1RD_1LC0RD_1RB1LB_0LB0RA	counter_boxfail	0.060	dense	A0@0	-
1RB1RD_1LC1LA_0LB1RA_1LB0RD	counter_new	0.070	dense	A0@13	boarded
1RB1RD_1LC1LA_0LC1RB_1LB0RD	counter_new	0.071	dense	A0@0	no interior chain
1RB1RD_1LC1LA_0LC1RB_1LC0RD	counter_new	0.068	dense	A0@0	boarded
1RB1RD_1LC1LA_1RA1LB_0LB0RD	counter_boxfail	0.078	dense	A0@0	-
1RB1RD_1LC1LA_1RD1LB_0LC0RD	counter_boxfail	0.062	dense	A0@23,A1@25,B1@24	-
1RB1RD_1LC1LB_1RA0LB_0RB0LD	bouncer_hybrid	0.527	sparse	A0@0	-
1RB1RD_1LC1LB_1RA1LA_0LB0RD	counter_boxfail	0.066	sparse	A0@3	-
1RB1RD_1LC1RA_0RB0LC_0LC---	counter_boxfail	0.062	dense	A1@7,D0@8	-
1RB1RD_1LC1RA_0RB0LC_0LD0LB	counter_boxfail	0.062	dense	A1@7,D0@8,D1@9	-
1RB1RD_1LC1RA_0RB0LC_0LD0LC	counter_boxfail	0.062	dense	A1@7,D0@8,D1@9	-
1RB1RD_1LC1RA_0RB0LC_0LD0RB	counter_boxfail	0.060	dense	A1@7,D0@8,D1@9	-
1RB1RD_1LC1RA_0RB0LC_0LD0RC	counter_boxfail	0.058	dense	A1@7,D0@8,D1@9	-
1RB1RD_1LC1RA_0RB0LC_0LD1RB	counter_boxfail	0.062	dense	A1@7,D0@8,D1@9	-
1RB1RD_1LC1RA_0RB0LC_0LD1RC	counter_boxfail	0.058	dense	A1@7,D0@8,D1@9	-
1RB1RD_1LC1RA_0RB0LC_0RB---	counter_boxfail	0.058	dense	A1@7,D0@8	-
1RB1RD_1LC1RA_0RB0LC_0RC---	counter_boxfail	0.057	dense	A1@7,D0@8	-
1RB1RD_1LC1RA_0RB0LC_1LA0LC	counter_boxfail	0.062	dense	A1@9,D0@8,D1@10	-
1RB1RD_1LC1RA_0RB0LC_1LA0RB	counter_boxfail	0.058	dense	A1@9,D0@8,D1@10	-
1RB1RD_1LC1RA_0RB0LC_1LA0RC	counter_boxfail	0.057	dense	A1@9,D0@8,D1@10	-
1RB1RD_1LC1RA_0RB0LC_1LA1LC	counter_boxfail	0.062	dense	A1@9,D0@8,D1@10	-
1RB1RD_1LC1RA_0RB0LC_1LA1RA	counter_boxfail	0.062	dense	A1@9,D0@8,D1@10	-
1RB1RD_1LC1RA_0RB0LC_1LA1RC	counter_boxfail	0.057	dense	A1@9,D0@8,D1@10	-
1RB1RD_1LC1RA_0RB0LC_1LC---	counter_boxfail	0.062	dense	A1@7,D0@8	-
1RB1RD_1LC1RA_0RB0LC_1LD0LB	counter_boxfail	0.062	dense	A1@7,D0@8,D1@9	-
1RB1RD_1LC1RA_0RB0LC_1LD0LC	counter_boxfail	0.062	dense	A1@7,D0@8,D1@9	-
1RB1RD_1LC1RA_0RB0LC_1LD0RB	counter_boxfail	0.060	dense	A1@7,D0@8,D1@9	-
1RB1RD_1LC1RA_0RB0LC_1LD0RC	counter_boxfail	0.060	dense	A1@7,D0@8,D1@9	-
1RB1RD_1LC1RA_0RB0LC_1LD1LC	counter_boxfail	0.062	dense	A1@15,D0@8,D1@16	-
1RB1RD_1LC1RA_0RB0LC_1LD1RB	counter_boxfail	0.062	dense	A1@7,D0@8,D1@9	-
1RB1RD_1LC1RA_0RB0LC_1LD1RC	counter_boxfail	0.062	dense	A1@7,D0@8,D1@9	-
1RB1RD_1LC1RA_0RB0LC_1RA---	counter_boxfail	0.062	dense	A1@7,D0@8	-
1RB1RD_1LC1RA_0RB0LC_1RC---	counter_boxfail	0.057	dense	A1@7,D0@8	-
1RB1RD_1LC1RA_0RD0LC_1RA---	counter_new	0.071	dense	A1@5	boarded
1RB1RD_1LC1RA_1RD0LC_1LD0RB	counter_new	0.060	dense	A1@7	boarded
1RB1RD_1LC1RB_0RA0LD_0RB1LD	sweep_counter	0.332	dense	A0@0	-
1RB1RD_1LC1RB_0RB1LD_1RA0LC	counter_new	0.066	sparse	A0@0	boarded
1RB1RD_1LC1RB_1RA0LD_0RB1LD	sweep_counter	0.332	dense	A0@0	-
1RB1RD_1LC1RB_1RA1LC_0LB0RB	bouncer_hybrid	0.478	sparse	A0@0	-
1RB1RD_1LC1RB_1RA1LC_0LC0RB	bouncer_hybrid	0.536	sparse	A0@0	-
1RB1RD_1LC1RB_1RA1LC_1LB0RB	bouncer_hybrid	0.536	sparse	A0@0	-
1RB1RD_1LC1RB_1RA1LC_1LC0RB	bouncer_hybrid	0.478	sparse	A0@0	-
1RB1RD_1LC1RB_1RA1LC_1RB0RB	bouncer_hybrid	0.536	sparse	A0@0	-
1RB1RD_1LC1RD_0RB0LC_1RB0LA	counter_boxfail	0.062	dense	A0@0,A1@8,D1@7	-
1RB1RD_1LC1RD_0RD0LC_1LC1RA	counter_boxfail	0.066	dense	A1@7	-
1RB1RD_1LC1RD_1LA0LC_0RD1LC	counter_new	0.071	dense	A1@9,B0@1	boarded
1RB1RD_1RC---_1LD1RA_0RB0LD	counter_new	0.070	dense	A1@12	boarded
1RB1RD_1RC0LA_1LC1LA_0RC0RD	bouncer_hybrid	0.497	sparse	B0@1	-
1RB1RD_1RC0LA_1LD1RB_0RB0LD	counter_boxfail	0.068	dense	A0@0,A1@13,B1@12	-
1RB1RD_1RC0LC_1LA1LA_1LC0RD	counter_new	0.065	dense	B0@1	boarded
1RB1RD_1RC0LC_1LD1RA_0RC0LD	counter_boxfail	0.069	dense	A1@36,B1@10	-
1RB1RD_1RC0LD_1LA0RC_0LA1LD	counter_new	0.062	dense	A1@3	boarded
1RB1RD_1RC0LD_1LA1RB_0RB1LD	counter_new	0.064	sparse	A0@0	boarded
1RB1RD_1RC0LD_1LA1RB_0RC1LD	counter_new	0.075	sparse	A0@0	boarded
1RB1RD_1RC0RA_0LC1LB_1LC0RD	counter_new	0.068	dense	A0@0	boarded
1RB1RD_1RC0RB_1LD1RA_0RC0LD	counter_boxfail	0.069	dense	A1@18,B1@10	-
1RB1RD_1RC0RC_1LC1LA_0LC0RD	sweep_counter	0.335	dense	B0@1	-
1RB1RD_1RC0RC_1LC1LA_0RC0RD	bouncer_hybrid	0.497	sparse	B0@1	-
1RB1RD_1RC0RC_1LC1LA_1LC0RD	bouncer_hybrid	0.528	sparse	B0@1	-
1RB1RD_1RC1LA_1LD1RB_0RB0LD	counter_boxfail	0.073	dense	A0@0,A1@13,B1@12	-
1RB1RD_1RC1LB_0LA0RD_0LB1RD	sweep_counter	0.332	dense	A0@0	-
1RB1RD_1RC1LB_0LB1RA_0LB0RC	counter_boxfail	0.076	sparse	D0@8	-
1RB1RD_1RC1LB_0LB1RA_0LC0RC	counter_boxfail	0.076	sparse	D0@24	-
1RB1RD_1RC1LB_0LB1RA_0LD0RC	counter_boxfail	0.076	sparse	D0@8	-
1RB1RD_1RC1LB_0LB1RA_0RB0RC	counter_boxfail	0.076	sparse	D0@8	-
1RB1RD_1RC1LB_0LB1RA_0RC0RC	counter_boxfail	0.076	sparse	D0@8	-
1RB1RD_1RC1LB_0LB1RA_1LA0RC	counter_boxfail	0.076	sparse	D0@8	-
1RB1RD_1RC1LB_0LB1RA_1LB0RC	counter_boxfail	0.076	sparse	D0@8	-
1RB1RD_1RC1LB_0LB1RA_1LD0RC	counter_boxfail	0.076	sparse	D0@8	-
1RB1RD_1RC1LB_0LB1RA_1RA0RC	counter_boxfail	0.076	sparse	D0@8	-
1RB1RD_1RC1LB_0LB1RA_1RB0RC	counter_boxfail	0.076	sparse	D0@22	-
1RB1RD_1RC1LB_0LB1RA_1RC0RC	counter_boxfail	0.076	sparse	D0@8	-
1RB1RD_1RC1LB_0LB1RD_1LA0RC	counter_new	0.062	sparse	A0@0	boarded
1RB1RD_1RC1LB_1LA0RD_0LB1RD	sweep_counter	0.332	dense	A0@0	-
1RB1RD_1RC1LB_1LA1RD_0LB0RC	counter_new	0.073	sparse	A1@3	boarded
1RB1RD_1RC1LC_1LB0RD_0LC0RA	counter_boxfail	0.060	dense	A0@0	-
1RB1RD_1RC1LD_0LB0RC_1LB0LA	counter_boxfail	0.062	dense	A0@5,A1@13,D1@12	-
1RB1RD_1RC1LD_0LB0RC_1LB0RA	counter_new	0.064	sparse	A0@0	boarded
1RB1RD_1RC1LD_0LD0RC_1LB0LA	counter_boxfail	0.073	dense	A0@0,A1@4,D1@3	-
1RB1RD_1RC1RA_0LC1LB_1LC0RD	counter_new	0.057	dense	A0@0,B0@1	boarded
1RB1RD_1RC1RB_1LD1RA_0RC0LD	counter_boxfail	0.069	dense	A1@34,B1@10	-
1RB1RD_1RC1RD_1LA0LC_0RD1LC	counter_new	0.073	dense	A1@3,B0@1	boarded
