# spec	class	quietest_last_fire_in_1e8 (-1: EDGE/HALT)
0RA---_------_------_------	ED	-1
0RB---_0LA---_------_------	DN	99999998
0RB---_0LC---_0LA---_------	DN	99999997
0RB---_0LC---_0RA---_------	DN	99999997
0RB---_0LC---_0RB---_------	QH	0
0RB---_0LC---_1RA---_------	DN	99999997
0RB---_0LC0RA_0LD1LC_1RA1RB	DN	99999993
0RB---_0LC0RA_0LD1RA_1RB1LC	DN	99999983
0RB---_0LC0RC_0LD1RC_1RB1LD	QH	0
0RB---_0LC0RD_1RB1LC_0LC1RD	QH	0
0RB---_0LC1RB_0LD0RA_1RA1LC	DN	99999993
0RB---_0LC1RB_1LD0RB_1LA1LC	SP	50331595
0RB---_0LC1RB_1RD1LC_0LB0RB	QH	0
0RB---_0LC1RB_1RD1LC_0LC0RB	QH	0
0RB---_0LC1RB_1RD1LC_1LB0RB	QH	0
0RB---_0LC1RB_1RD1LC_1LC0RB	QH	0
0RB---_0LC1RB_1RD1LC_1RB0RB	QH	0
0RB---_0RA---_------_------	ED	-1
0RB---_0RC---_0LA---_------	DN	99999997
0RB---_0RC---_0LB---_------	QH	0
0RB---_0RC---_0RA---_------	ED	-1
0RB---_0RC---_1RA---_------	ED	-1
0RB---_0RC0LC_0RD1LC_1LB1RD	QH	0
0RB---_0RC0LD_1LB1RC_0RC1LD	QH	0
0RB---_0RC1LB_1LD1RC_0RB0LB	QH	0
0RB---_0RC1LB_1LD1RC_0RC0LB	QH	0
0RB---_0RC1LB_1LD1RC_1LB0LB	QH	0
0RB---_0RC1LB_1LD1RC_1RB0LB	QH	0
0RB---_0RC1LB_1LD1RC_1RC0LB	QH	0
0RB---_1LA0LA_------_------	DN	99999997
0RB---_1LA0LB_------_------	DN	99999997
0RB---_1LA0LC_0RD1LB_1LC1RD	SP	50331668
0RB---_1LA0RA_------_------	ED	-1
0RB---_1LA0RB_------_------	DN	99999997
0RB---_1LA1LA_------_------	QH	1
0RB---_1LA1LB_------_------	DN	99999997
0RB---_1LA1LC_0RD0LB_1LB1RD	SP	67108884
0RB---_1LA1RA_------_------	ED	-1
0RB---_1LA1RC_0LD0RB_1RB1LD	SP	67108884
0RB---_1LA1RC_1LD0RC_0LD1LA	QH	1
0RB---_1LC---_0LA---_------	DN	99999997
0RB---_1LC0LA_1RD1LB_0LC0RD	QH	8
0RB---_1LC0LC_0RD1LC_1LB1RD	QH	0
0RB---_1LC0RC_0LD0LA_1RA1LB	DN	99988017
0RB---_1LC0RC_0LD1RC_1RB1LD	QH	0
0RB---_1LC0RD_1LD1LB_1RB0LC	QH	0
0RB---_1LC0RD_1RB1LC_0LC1RD	QH	0
0RB---_1LC0RD_1RD0LB_1RB1RC	QH	0
0RB---_1LC1LB_1RD1LA_0LB0RD	DN	99999990
0RB---_1LC1LD_1RD0LB_1LB0RC	QH	0
0RB---_1LC1RA_0LD---_0RA0LC	DN	99999989
0RB---_1LC1RA_0LD1RB_1RD0LC	QH	4
0RB---_1LC1RB_0RB0LD_0RB1LD	QH	0
0RB---_1LC1RB_0RB1LD_0LA0LC	SP	50331620
0RB---_1LC1RB_0RD0LD_0RB1LD	QH	0
0RB---_1LC1RB_1LA1LD_0RB0LC	SP	67108835
0RB---_1LC1RB_1LD0LD_0RB1LD	QH	0
0RB---_1LC1RB_1RB0LD_0RB1LD	QH	0
0RB---_1LC1RB_1RD0LD_0RB1LD	QH	0
0RB---_1LC1RD_1LA1LB_0LB0RD	DN	99999990
0RB---_1RA---_------_------	ED	-1
0RB---_1RC---_0RA---_------	ED	-1
0RB---_1RC---_1LD0RC_0LD0LA	DN	99999990
0RB---_1RC---_1RA---_------	ED	-1
0RB---_1RC0LA_1LD0RC_0LD1LA	DN	99999986
0RB---_1RC0LC_0RD1LC_1LB1RD	QH	0
0RB---_1RC0LD_1LB1RC_0RC1LD	QH	0
0RB---_1RC0LD_1LD0RB_1LB1LC	QH	0
0RB---_1RC0LD_1RD1RB_1LB0RC	QH	0
0RB---_1RC0RB_1LD1RB_1LA0LD	DN	99999988
0RB---_1RC0RC_0LD1RC_1RB1LD	QH	0
0RB---_1RC1LB_0LB0RD_0LB1RD	QH	0
0RB---_1RC1LB_0LD0RD_0LB1RD	QH	0
0RB---_1RC1LB_1LB0RD_0LB1RD	QH	0
0RB---_1RC1LB_1LD0RD_0LB1RD	QH	0
0RB---_1RC1LB_1RD0RD_0LB1RD	QH	0
0RB---_1RC1LD_0LD0RC_1LB1LA	SP	67108807
0RB---_1RC1RC_1LD0RC_0LD1LA	QH	1
0RB---_1RC1RD_0LC1LA_1LC0RD	QH	1
0RB---_1RC1RD_1LD0RB_1RB0LC	QH	0
0RB0LA_0LC0RD_1LA1LC_1RB1LD	DN	99998973
0RB0LA_0LC0RD_1LA1LC_1RC1RD	DN	99999983
0RB0LA_0LC0RD_1LA1RD_1RC---	DN	99999978
0RB0LA_0LC1RD_0RD1LC_1LA1RB	DN	99999969
0RB0LA_0RC1LD_1LA1RD_1RC---	DN	99999991
0RB0LA_0RC1RB_0LD1RC_1LA1LD	DN	99999972
0RB0LA_0RC1RB_1LD---_1LA---	DN	99999991
0RB0LA_0RC1RC_1LD0LD_1LA1RB	DN	99999991
0RB0LA_0RC1RC_1LD1RB_1LA---	DN	99999991
0RB0LA_0RC1RC_1LD1RD_1LA1RB	DN	99999986
0RB0LA_0RC1RD_1LA1LC_0LC1RB	DN	99999979
0RB0LA_0RC1RD_1LD---_1LA1RB	DN	99999991
0RB0LA_1LA0LC_0RD1LC_1RB1RD	DN	99999987
0RB0LA_1LA0RC_0LD1RC_1RB1LD	DN	99999987
0RB0LA_1LA0RC_1LD---_1RD1RB	DN	99999990
0RB0LA_1LA0RC_1LD1RB_1RC---	DN	99999990
0RB0LA_1LA0RC_1LD1RB_1RD1RC	DN	99999973
0RB0LA_1LA1LC_0RD0LC_1RD1RB	DN	99999987
0RB0LA_1LA1LC_0RD1LB_1RB1RD	DN	99999968
0RB0LA_1LA1LC_0RD1LC_1RB1RD	DN	99999968
0RB0LA_1LA1LC_0RD1RD_1LB1RC	DN	99999989
0RB0LA_1LA1RC_0LC1RD_1RB---	DN	99999990
0RB0LA_1LA1RC_0LD---_1RB1RD	DN	99999990
0RB0LA_1LA1RC_0LD0RC_1LD1RB	DN	99999987
0RB0LA_1LA1RC_0LD1RB_0RC1LD	DN	99999982
0RB0LA_1LA1RC_0RD1RB_0LB1LB	DN	99999961
0RB0LA_1LA1RC_0RD1RB_1LB---	DN	99999976
0RB0LA_1LA1RC_0RD1RC_0LB1LB	DN	99999959
0RB0LA_1LA1RC_0RD1RC_1LB---	DN	99999977
0RB0LA_1LA1RC_0RD1RD_1LB0LB	DN	99999978
0RB0LA_1LA1RC_0RD1RD_1LB1RB	DN	99999982
0RB0LA_1LA1RC_0RD1RD_1LB1RC	DN	99999976
0RB0LA_1LA1RC_1LA1RD_1RB---	DN	99999990
0RB0LA_1LA1RC_1LA1RD_1RC---	DN	99999991
0RB0LA_1LA1RC_1LB1LD_0RC1RD	DN	99999984
0RB0LA_1LA1RC_1LB1RD_1RB---	DN	99999982
0RB0LA_1LA1RC_1LC1RD_---1RB	DN	99999990
0RB0LA_1LA1RC_1LD---_1RB1RD	DN	99999982
0RB0LA_1LA1RC_1LD1RB_0RB1LD	DN	99999988
0RB0LA_1LA1RC_1LD1RB_0RC1LD	DN	99999973
0RB0LA_1LA1RC_1LD1RD_1RB1LA	DN	99999987
0RB0LA_1LA1RC_1RB---_------	DN	99999992
0RB0LA_1LA1RC_1RD---_0LD1RB	DN	99999977
0RB0LA_1LA1RC_1RD---_1LA1RB	DN	99999983
0RB0LA_1LA1RC_1RD---_1LA1RC	DN	99999977
0RB0LA_1LA1RC_1RD---_1RB---	DN	99999990
0RB0LA_1LA1RC_1RD0RD_1LB1RB	DN	99999985
0RB0LA_1LA1RC_1RD1RB_1LB---	DN	99999982
0RB0LA_1LC---_0RD1LA_1RB1RD	DN	99999992
0RB0LA_1LC0LC_0RD1LA_1RD1RB	DN	99999989
0RB0LA_1LC0RA_1LD---_1RB0LC	DN	99999989
0RB0LA_1LC0RC_1LA1RD_0RB1RC	DN	99999989
0RB0LA_1LC0RC_1LA1RD_1RB1RC	DN	99999986
0RB0LA_1LC0RC_1LA1RD_1RC---	DN	99999989
0RB0LA_1LC0RC_1LD1RB_1LA0LD	DN	99999986
0RB0LA_1LC0RD_1LA0LB_1RC1RD	DN	99999983
0RB0LA_1LC0RD_1LA0LC_1RB1RD	DN	99999976
0RB0LA_1LC0RD_1LA1LB_1RC1RD	DN	99999991
0RB0LA_1LC0RD_1LA1LC_1RC1RD	DN	99999979
0RB0LA_1LC0RD_1LA1LD_1RB0LC	SP	83886049
0RB0LA_1LC0RD_1LA1RB_0LA1RC	SP	67108558
0RB0LA_1LC0RD_1LA1RB_1LB1RC	SP	67108871
0RB0LA_1LC0RD_1LA1RB_1LC1RC	SP	67108518
0RB0LA_1LC0RD_1LA1RB_1RA1RC	SP	67108787
0RB0LA_1LC0RD_1LA1RB_1RC1RC	SP	67108787
0RB0LA_1LC0RD_1LA1RB_1RC1RD	DN	99999991
0RB0LA_1LC0RD_1LA1RD_0LB1RC	DN	99999977
0RB0LA_1LC0RD_1LA1RD_0LD1RC	DN	99999989
0RB0LA_1LC0RD_1LA1RD_1LA1RC	DN	99999991
0RB0LA_1LC0RD_1LA1RD_1LB1RC	DN	99999990
0RB0LA_1LC0RD_1LD0LC_1RB1RA	DN	99999979
0RB0LA_1LC1LD_0RD1RC_1LA1RB	DN	99999985
0RB0LA_1LC1LD_1RD0RD_1LA0RC	DN	99989350
0RB0LA_1LC1RB_0LD1LA_1RA0RA	DN	99999977
0RB0LA_1LC1RB_0LD1LA_1RA0RC	DN	99999984
0RB0LA_1LC1RB_0LD1LA_1RD1RA	QH	4
0RB0LA_1LC1RB_0LD1LD_0RA0LA	DN	99999991
0RB0LA_1LC1RB_0RB1LD_0RA1LA	DN	99999964
0RB0LA_1LC1RB_0RB1LD_0RB1LA	DN	99999984
0RB0LA_1LC1RB_0RB1LD_0RD1LA	DN	99999982
0RB0LA_1LC1RB_0RD0LC_1RD1LA	DN	99999987
0RB0LA_1LC1RB_0RD1LD_0RA1LA	DN	99999976
0RB0LA_1LC1RB_0RD1LD_0RB1LA	DN	99999985
0RB0LA_1LC1RB_0RD1LD_0RD1LA	DN	99999980
0RB0LA_1LC1RB_1LA0RD_0RA1RC	DN	99984792
0RB0LA_1LC1RB_1LD0LD_1LA0RA	DN	99999972
0RB0LA_1LC1RC_1LA1RD_0LD0RC	DN	99976530
0RB0LA_1LC1RD_0LD1LA_0RD1RB	DN	99999986
0RB0LA_1LC1RD_0RB0LA_1RB---	DN	99999992
0RB0LA_1LC1RD_0RB0LD_1RB1LA	DN	99999987
0RB0LA_1LC1RD_0RB1LA_1RB0LA	DN	99999986
0RB0LA_1LC1RD_0RB1LA_1RB0LC	DN	99999970
0RB0LA_1LC1RD_0RB1LA_1RB1RC	DN	99999980
0RB0LA_1LC1RD_0RB1LC_1LA1RB	DN	99999968
0RB0LA_1LC1RD_0RC1LA_1RB0LA	DN	99999990
0RB0LA_1LC1RD_0RC1LA_1RB0LC	DN	99999986
0RB0LA_1LC1RD_0RC1LA_1RB1RC	DN	99999978
0RB0LA_1LC1RD_0RD0LC_1RB1LA	DN	99999683
0RB0LA_1LC1RD_0RD0LD_1RB1LA	DN	99999988
0RB0LA_1LC1RD_0RD1LA_---1RB	DN	99999977
0RB0LA_1LC1RD_0RD1LC_1LA1RB	DN	99999988
0RB0LA_1LC1RD_1LA0LA_0LB0RD	DN	99999977
0RB0LA_1LC1RD_1LA0LB_0LA0RC	SP	33562654
0RB0LA_1LC1RD_1LA0LB_0RB0RC	SP	33513539
0RB0LA_1LC1RD_1LA0LB_1LA0RC	SP	75509690
0RB0LA_1LC1RD_1LA0LB_1LD0RC	SP	33562654
0RB0LA_1LC1RD_1LA0LB_1RA0RC	SP	33513619
0RB0LA_1LC1RD_1LA0LB_1RC0RC	SP	75436196
0RB0LA_1LC1RD_1LA0LC_1RB0RD	DN	99999983
0RB0LA_1LC1RD_1LA1LC_0LB0RD	DN	99999988
0RB0LA_1RC---_0LC1RD_1LA1RB	DN	99999981
0RB0LA_1RC---_0LD1RB_1LA1RD	DN	99999990
0RB0LA_1RC---_1LA0LD_1RB1RD	DN	99999990
0RB0LA_1RC---_1LA1LD_1RB1RD	DN	99999988
0RB0LA_1RC---_1LA1RB_------	DN	99999994
0RB0LA_1RC---_1LA1RD_0LD1RB	DN	99999990
0RB0LA_1RC---_1LA1RD_1LA1RB	DN	99999977
0RB0LA_1RC---_1LA1RD_1LC1RB	DN	99999988
0RB0LA_1RC---_1LA1RD_1RB---	DN	99999990
0RB0LA_1RC---_1LA1RD_1RC---	DN	99999994
0RB0LA_1RC---_1LC1RD_1RB1LA	DN	99999988
0RB0LA_1RC---_1LD1RB_---0LA	DN	99999991
0RB0LA_1RC---_1LD1RD_1RB0LA	DN	99999990
0RB0LA_1RC---_1RD---_1LA1RB	DN	99999989
0RB0LA_1RC---_1RD---_1LA1RC	DN	99999990
0RB0LA_1RC---_1RD0LA_1LC1RB	DN	99999988
0RB0LA_1RC---_1RD1RB_1LA0LC	DN	99999987
0RB0LA_1RC0LA_0RD1RD_1LB1RB	DN	99999972
0RB0LA_1RC0LA_1LB1RD_1RB---	DN	99999990
0RB0LA_1RC0LA_1LB1RD_1RC---	DN	99999991
0RB0LA_1RC0LA_1LD1RD_1RB1LA	DN	99999989
0RB0LA_1RC0LA_1RD---_1LB1RB	DN	99999988
0RB0LA_1RC0LA_1RD---_1LB1RC	DN	99999990
0RB0LA_1RC0LC_1LA0RD_1LC0RD	DN	99999985
0RB0LA_1RC0LC_1LA1RD_0RC1RB	DN	99999975
0RB0LA_1RC0LC_1LA1RD_1LC0RD	DN	99999978
0RB0LA_1RC0LC_1LD0RC_1LA0LA	DN	99999975
0RB0LA_1RC0LC_1LD0RC_1LA1RC	DN	99999983
0RB0LA_1RC0LD_0RD1RB_1LA---	DN	99999990
0RB0LA_1RC0LD_0RD1RC_1LA1LD	DN	99999987
0RB0LA_1RC0LD_1LA0RC_1LD1RB	DN	99999987
0RB0LA_1RC0LD_1LA1RD_1LC0RD	DN	99999990
0RB0LA_1RC0LD_1LB1RB_0RB1LA	DN	99999968
0RB0LA_1RC0LD_1LD0RC_1LA0LA	QH	3
0RB0LA_1RC0LD_1LD0RC_1LA1LB	QH	3
0RB0LA_1RC0LD_1LD0RC_1LA1RC	QH	3
0RB0LA_1RC0LD_1RD1RB_1LD1LA	DN	99999991
0RB0LA_1RC0RC_0LD1RB_1LA1LD	DN	99999988
0RB0LA_1RC0RC_1LD0LD_1RB1LA	DN	99999991
0RB0LA_1RC0RC_1LD1LA_1LB1RD	DN	99999983
0RB0LA_1RC0RC_1LD1RB_1LA0LD	DN	99999990
0RB0LA_1RC0RC_1RD1RC_1LA1LD	DN	99999973
0RB0LA_1RC0RD_1LA1LC_1RB1LD	DN	99993539
0RB0LA_1RC0RD_1LA1LC_1RB1RD	DN	99999981
0RB0LA_1RC0RD_1LA1LC_1RC1RD	DN	99999979
0RB0LA_1RC0RD_1RD1RB_1LA1LB	DN	99999980
0RB0LA_1RC1LA_0RD0RD_1LD1LB	DN	99999985
0RB0LA_1RC1LA_0RD1RD_1LD1RB	DN	99999980
0RB0LA_1RC1LA_1LA0RD_1LD1LB	DN	99999960
0RB0LA_1RC1LA_1LC0RD_1LD1LB	DN	99999960
0RB0LA_1RC1LA_1LD0LA_1LB1RD	DN	99999987
0RB0LA_1RC1LA_1LD1LD_1LB1RD	DN	99999982
0RB0LA_1RC1LA_1LD1RB_0RC0LD	DN	99983300
0RB0LA_1RC1LA_1LD1RB_1LB1RD	DN	99999978
0RB0LA_1RC1LA_1LD1RD_1LB1RD	DN	99999986
0RB0LA_1RC1LA_1RD---_1LD1RB	DN	99999980
0RB0LA_1RC1LA_1RD0LA_1LB1RB	DN	99999982
0RB0LA_1RC1LA_1RD0LA_1LB1RC	DN	99999981
0RB0LA_1RC1LA_1RD0LA_1LB1RD	DN	99999990
0RB0LA_1RC1LA_1RD0LD_0LB1RB	DN	99999988
0RB0LA_1RC1LA_1RD0RD_0LB0RD	DN	99999977
0RB0LA_1RC1LA_1RD0RD_0LB1RB	DN	99999988
0RB0LA_1RC1LA_1RD0RD_0LB1RC	DN	99999976
0RB0LA_1RC1LA_1RD0RD_1LB0LB	DN	99999988
0RB0LA_1RC1LA_1RD1LD_1LB1RD	DN	99999986
0RB0LA_1RC1LA_1RD1RB_0LB---	DN	99999990
0RB0LA_1RC1LA_1RD1RB_1LB1RB	DN	99999987
0RB0LA_1RC1LA_1RD1RB_1LB1RC	DN	99999990
0RB0LA_1RC1LA_1RD1RB_1LB1RD	DN	99999982
0RB0LA_1RC1LA_1RD1RC_0LB0RD	DN	99999988
0RB0LA_1RC1LA_1RD1RC_0LB1LB	DN	99999986
0RB0LA_1RC1LA_1RD1RC_0LB1RB	DN	99999989
0RB0LA_1RC1LA_1RD1RC_0LB1RC	DN	99999987
0RB0LA_1RC1LA_1RD1RC_1LA1LB	DN	99999991
0RB0LA_1RC1LA_1RD1RC_1LB---	DN	99999990
0RB0LA_1RC1LA_1RD1RD_1LB1RB	DN	99999988
0RB0LA_1RC1LA_1RD1RD_1LB1RD	DN	99999984
0RB0LA_1RC1LB_0RD1RD_1LA1RB	DN	99999980
0RB0LA_1RC1LB_1LA0RD_0LB1RD	DN	99999980
0RB0LA_1RC1LB_1LA1RD_0LB0RC	QH	3
0RB0LA_1RC1LB_1RD1RB_1LA0RD	DN	99999989
0RB0LA_1RC1LC_0LC1RD_1LA0RD	DN	99999981
0RB0LA_1RC1LC_1LA0RD_0RC0LC	DN	99999983
0RB0LA_1RC1LC_1LA1LD_0RC1RD	DN	99999987
0RB0LA_1RC1LC_1LA1RD_0RC1RB	DN	99999969
0RB0LA_1RC1LD_0RD0LA_1LA0LB	DN	99999978
0RB0LA_1RC1LD_0RD0LD_1LA1RB	DN	99999986
0RB0LA_1RC1LD_0RD0RD_1LA0LB	DN	99999966
0RB0LA_1RC1LD_0RD1RC_1LA---	DN	99999990
0RB0LA_1RC1LD_0RD1RD_1LA1RB	DN	99999991
0RB0LA_1RC1LD_1LA0RC_0LD0LA	DN	99999988
0RB0LA_1RC1LD_1LA0RC_0LD1RC	DN	99999990
0RB0LA_1RC1LD_1LA0RC_1RD1RB	DN	99999987
0RB0LA_1RC1LD_1LB1RC_0RA1LA	DN	99999989
0RB0LA_1RC1LD_1LB1RC_0RC1LA	DN	99999986
0RB0LA_1RC1RB_0LC1LD_0RB1LA	DN	99999980
0RB0LA_1RC1RB_0LC1LD_0RD1LA	DN	99999989
0RB0LA_1RC1RB_0LD0RC_1LD1LA	DN	99999972
0RB0LA_1RC1RB_0LD0RD_1LD1LA	DN	99999985
0RB0LA_1RC1RB_0LD1LC_0RA1LA	DN	99999983
0RB0LA_1RC1RB_0LD1LC_0RD1LA	DN	99999989
0RB0LA_1RC1RB_0RD---_1LD1LA	DN	99999983
0RB0LA_1RC1RB_0RD1RB_1LD0LA	DN	99999983
0RB0LA_1RC1RB_1LA0LD_0RB1LD	DN	99999988
0RB0LA_1RC1RB_1LA0LD_0RC1LD	DN	99999985
0RB0LA_1RC1RB_1LA0RD_1LD1LA	DN	99999986
0RB0LA_1RC1RB_1LA1LD_0RB1LD	DN	99999990
0RB0LA_1RC1RB_1LA1RD_0LB---	DN	99999990
0RB0LA_1RC1RB_1LA1RD_1LB---	DN	99999988
0RB0LA_1RC1RB_1LC1LD_0RA1LA	DN	99999976
0RB0LA_1RC1RB_1LC1LD_0RB1LA	DN	99999989
0RB0LA_1RC1RB_1LC1LD_0RD1LA	DN	99999976
0RB0LA_1RC1RB_1LD---_---1LA	DN	99999991
0RB0LA_1RC1RB_1LD0RA_1LA1LC	SP	48457016
0RB0LA_1RC1RB_1LD0RC_1LB0LA	DN	99999978
0RB0LA_1RC1RB_1RD---_1LA0LB	DN	99999987
0RB0LA_1RC1RB_1RD---_1LA1LB	DN	99999990
0RB0LA_1RC1RB_1RD1LB_1LD1LA	DN	99999989
0RB0LA_1RC1RB_1RD1LD_1LD1LA	DN	99999982
0RB0LA_1RC1RB_1RD1RB_1LD1LA	DN	99999988
0RB0LA_1RC1RC_1LD1RD_1RB1LA	DN	99999990
0RB0LA_1RC1RD_0LB1RB_1LA---	DN	99999990
0RB0LA_1RC1RD_0LD---_1RB1LA	DN	99999991
0RB0LA_1RC1RD_1LA0LB_1RB---	DN	99999990
0RB0LA_1RC1RD_1LA0RD_1LD1RB	DN	99999978
0RB0LA_1RC1RD_1LA1LB_---1RB	DN	99999990
0RB0LA_1RC1RD_1LB1RB_---1LA	DN	99999990
0RB0LA_1RC1RD_1LC1LA_---1RB	DN	99999991
0RB0LA_1RC1RD_1LD---_1LA1RB	DN	99999989
0RB0LA_1RC1RD_1LD1RB_---1LA	DN	99999990
0RB0LA_1RC1RD_1LD1RD_1RB1LA	DN	99999986
0RB0LB_0LC1LB_0RD1LA_1LC1RD	SP	89543972
0RB0LB_0LC1RD_1RB1LC_0RB1RA	SP	83885915
0RB0LB_0RC0LA_1LB1RD_1LA1RC	QH	0
0RB0LB_0RC0LA_1LB1RD_1RC---	QH	0
0RB0LB_0RC0LA_1RD---_1LA1RC	QH	0
0RB0LB_0RC0LA_1RD1RC_1LA1LD	DN	99999944
0RB0LB_0RC0LB_1LD1RC_0LA1LA	DN	99999988
0RB0LB_0RC0LB_1RD---_1LA1RC	QH	0
0RB0LB_0RC0LD_1LB1RC_0LA1LA	DN	99999974
0RB0LB_0RC0LD_1LB1RC_0RC1LA	DN	99999972
0RB0LB_0RC0LD_1LD1RC_0LA1LA	DN	99999990
0RB0LB_0RC0LD_1LD1RC_0RC1LA	DN	99999939
0RB0LB_0RC1LA_1LB1RD_1LA1RC	QH	0
0RB0LB_0RC1LA_1LB1RD_1LC1RC	QH	0
0RB0LB_0RC1LA_1LB1RD_1RC0LA	QH	0
0RB0LB_0RC1LA_1LB1RD_1RC0LC	QH	0
0RB0LB_0RC1LA_1LB1RD_1RC1RC	QH	0
0RB0LB_0RC1LB_1LA1RC_------	DN	99807215
0RB0LB_0RC1LB_1LA1RD_0LD1RC	DN	99582765
0RB0LB_0RC1LB_1LA1RD_1LA1RC	DN	99807215
0RB0LB_0RC1LB_1LA1RD_1LA1RD	DN	99807214
0RB0LB_0RC1LB_1LA1RD_1RC0LB	QH	3
0RB0LB_0RC1LB_1LB1RD_1LA1RD	QH	0
0RB0LB_0RC1LB_1LD1RC_0LA1LA	DN	99670063
0RB0LB_0RC1LB_1LD1RC_0RB1LA	DN	99315579
0RB0LB_0RC1LB_1LD1RC_0RC1LA	DN	99314739
0RB0LB_0RC1LB_1LD1RC_0RD1LA	DN	99670903
0RB0LB_0RC1LB_1LD1RC_1LA0RA	DN	99530820
0RB0LB_0RC1LB_1LD1RC_1LA1LA	DN	99533998
0RB0LB_0RC1LB_1LD1RC_1LB1LA	QH	0
0RB0LB_0RC1LB_1LD1RC_1RA1LA	DN	99537172
0RB0LB_0RC1LB_1LD1RC_1RB1LA	QH	0
0RB0LB_0RC1LB_1LD1RC_1RC1LA	QH	0
0RB0LB_0RC1LB_1LD1RD_1LA1RD	DN	99669642
0RB0LB_0RC1LB_1RD0LB_1LA1RC	QH	0
0RB0LB_0RC1LB_1RD1RC_1LD0LA	DN	99805211
0RB0LB_0RC1LB_1RD1RD_1LA1RD	QH	0
0RB0LB_0RC1LC_1RD1LA_1LB1RD	SP	58720129
0RB0LB_0RC1LD_1LA1RC_0LA0LB	DN	99999983
0RB0LB_0RC1LD_1LA1RC_0LA0LD	DN	99999990
0RB0LB_0RC1LD_1LA1RC_0LA1LA	DN	99999989
0RB0LB_0RC1LD_1LA1RC_0LA1RD	DN	99999967
0RB0LB_0RC1LD_1LA1RC_0RC1LB	DN	99807215
0RB0LB_0RC1LD_1LA1RC_0RC1LD	DN	99807213
0RB0LB_0RC1LD_1LA1RC_0RD1LB	DN	99583431
0RB0LB_0RC1LD_1LB1RC_0LA1LA	DN	99999988
0RB0LB_0RC1LD_1LB1RC_0LB0LA	DN	99999957
0RB0LB_0RC1LD_1LB1RC_0LB1LA	SP	67108829
0RB0LB_0RC1LD_1LB1RC_0RA0LB	QH	0
0RB0LB_0RC1LD_1LB1RC_0RA1LA	SP	83885657
0RB0LB_0RC1LD_1LB1RC_0RC1LA	SP	67108453
0RB0LB_0RC1LD_1LB1RC_1LB0LA	DN	99999966
0RB0LB_0RC1LD_1LB1RC_1LB1LA	SP	67108741
0RB0LB_0RC1LD_1LB1RC_1LC1LA	QH	0
0RB0LB_0RC1LD_1LB1RC_1RC0LA	DN	99999969
0RB0LB_0RC1LD_1LB1RC_1RC1LA	SP	67108653
0RB0LB_0RC1LD_1LB1RC_1RD1LA	SP	67108917
0RB0LB_0RC1LD_1LD1RC_0LA1LA	DN	99999980
0RB0LB_0RC1LD_1LD1RC_0RC1LA	DN	99999969
0RB0LB_0RC1LD_1RD0LA_1LA1RC	QH	0
0RB0LB_0RC1RB_1LD1RA_1LA---	SP	89364001
0RB0LB_0RC1RB_1LD1RC_1LA1LD	SP	44706517
0RB0LB_0RC1RB_1LD1RD_1LA0LB	SP	89364001
0RB0LB_0RC1RB_1LD1RD_1LA0RC	SP	67035259
0RB0LB_0RC1RD_1LD1RC_0LA1LA	DN	99999988
0RB0LB_1LA1LC_0RD1LA_1LB1RD	SP	50331524
0RB0LB_1LC0LD_1RA1RC_0RC1LB	DN	99999976
0RB0LB_1LC0LD_1RD0RA_1LB0RC	DN	99999857
0RB0LB_1LC0RC_1RD0LA_1RB1RC	DN	99964420
0RB0LB_1LC0RD_1LA0LA_1LB1RB	DN	99999975
0RB0LB_1LC0RD_1LA1LC_1LB1RB	DN	99999989
0RB0LB_1LC0RD_1LA1RB_1LC1RD	DN	99964801
0RB0LB_1LC1LA_1RD1RC_0LA0RC	QH	0
0RB0LB_1LC1LB_0RC0RD_1LA1RD	DN	99805877
0RB0LB_1LC1LB_0RD1LA_1LC1RD	SP	89511234
0RB0LB_1LC1LB_1RC0RD_1LA1RD	SP	25184213
0RB0LB_1LC1LC_0RD1LA_1LB1RD	SP	50331482
0RB0LB_1LC1LD_1RA1RC_1RC1LB	SP	44673846
0RB0LB_1LC1RA_0LD0LC_1RD1LB	DN	99982862
0RB0LB_1LC1RB_0LD1RD_1LA0RB	SP	44862149
0RB0LB_1LC1RC_1LA1RD_1RC0RD	DN	99981849
0RB0LB_1LC1RD_0LD0LC_1RA1LC	DN	99973794
0RB0LB_1LC1RD_0RD0LC_1RB1LA	QH	4
0RB0LB_1LC1RD_1LA0RD_1RB1RC	DN	99934096
0RB0LB_1RC0LA_0RD1RD_1LB1RB	DN	99999972
0RB0LB_1RC0LA_1LB1RD_1RC---	DN	99999990
0RB0LB_1RC0LA_1RD---_1LA1RC	DN	99999990
0RB0LB_1RC0LC_1RD0LA_1LB1RB	DN	99999981
0RB0LB_1RC1LB_0LB0RD_1LD1LA	SP	27484216
0RB0LB_1RC1LB_0LD0RD_1LD1LA	SP	27484232
0RB0LB_1RC1LB_0RD0RA_1LD0LB	SP	44796545
0RB0LB_1RC1LB_0RD0RD_1LD1LA	SP	78492633
0RB0LB_1RC1LB_0RD1RC_1LD0LA	SP	89511222
0RB0LB_1RC1LB_1LB0RD_1LA1RD	QH	0
0RB0LB_1RC1LB_1LB0RD_1LD1LA	SP	15462993
0RB0LB_1RC1LB_1LC0RD_1LD1LA	SP	78492693
0RB0LB_1RC1LB_1LD0RB_0LA1LD	SP	44714616
0RB0LB_1RC1LB_1LD0RD_1LA1RD	QH	11
0RB0LB_1RC1LB_1LD0RD_1LD1LA	SP	15463009
0RB0LB_1RC1LB_1LD1RC_---1LA	SP	89478496
0RB0LB_1RC1LB_1RD0RD_1LA1RD	QH	9
0RB0LB_1RC1LB_1RD0RD_1LD1LA	SP	36860847
0RB0LB_1RC1LC_0RD1LA_1LD0LB	DN	99999946
0RB0LB_1RC1LD_1LB1RC_0RC1LA	SP	50331440
0RB0LB_1RC1RA_1LD1RB_1LA0LD	DN	99999981
0RB0LB_1RC1RB_0RD0RC_1LD1LA	SP	16158939
0RB0LB_1RC1RB_1LD0RC_1LC1LA	SP	44706517
0RB0LB_1RC1RB_1LD0RC_1LD1LA	SP	44706517
0RB0LB_1RC1RD_0LD0LC_1RA1LC	DN	99972128
0RB0LB_1RC1RD_1LD0RB_1RA0LC	DN	99999974
0RB0LC_0LC0LA_0RD1LA_1LC1RD	SP	83885881
0RB0LC_0LC0LC_0RD1LA_1LC1RD	QH	1
0RB0LC_0LC0RD_1LA1LC_1RC1RB	QH	1
0RB0LC_0LC0RD_1RD1LC_1RB1LA	DN	99976260
0RB0LC_0LC1LB_0RD1LA_1LC1RD	SP	50331666
0RB0LC_0LC1LC_0RD1LA_1LC1RD	QH	1
0RB0LC_0LC1LC_0RD1LA_1RB1RD	SP	78176230
0RB0LC_0LC1LC_0RD1LC_1LA1RD	QH	1
0RB0LC_0LC1LD_0RD1LA_1LC1RD	QH	1
0RB0LC_0LC1RA_1LD1LB_0RB1LC	SP	89494880
0RB0LC_0LC1RD_0RD1LA_1LC1RD	QH	1
0RB0LC_0LC1RD_0RD1LC_1LA1RD	QH	1
0RB0LC_0LC1RD_0RD1LC_1RB1LA	SP	78176230
0RB0LC_0LC1RD_1LA1LC_1RB0RD	DN	99986625
0RB0LC_0RC0LC_0RD1LA_1LC1RD	QH	1
0RB0LC_0RC0RD_1LA1LC_1RC1RB	QH	1
0RB0LC_0RC1LC_0RD1LA_1LB1RD	DN	99999983
0RB0LC_0RC1LC_0RD1LA_1LC1RD	QH	1
0RB0LC_0RC1LC_0RD1LC_1LA1RD	QH	1
0RB0LC_0RC1LD_0RD1LA_1LC1RD	QH	1
0RB0LC_0RC1RB_1LD0LA_1LA---	DN	99999990
0RB0LC_0RC1RD_0RD1LA_1LC1RD	QH	1
0RB0LC_0RC1RD_0RD1LC_1LA1RD	QH	1
0RB0LC_1LA0LC_0RD1LA_1LC1RD	QH	1
0RB0LC_1LA0RC_0RD1RC_1LB1RA	SP	89429419
0RB0LC_1LA1LC_0RD0LA_1RD1RB	DN	99999986
0RB0LC_1LA1LC_0RD1LA_1LC1RD	QH	1
0RB0LC_1LA1LC_0RD1LA_1RB1RD	SP	78176265
0RB0LC_1LA1LC_0RD1LC_1LA1RD	QH	1
0RB0LC_1LA1LC_1RD0LC_0RD1LA	QH	1
0RB0LC_1LA1LC_1RD0RD_0LA1RB	DN	99999990
0RB0LC_1LA1RB_0LD0LA_1RA0RA	DN	99999979
0RB0LC_1LA1RB_0LD0LA_1RA0RC	DN	99999985
0RB0LC_1LA1RB_0LD0LA_1RD1RA	QH	9
0RB0LC_1LA1RB_0LD0LC_1RD1RA	QH	9
0RB0LC_1LA1RB_0LD1LA_1RA0RA	DN	99999973
0RB0LC_1LA1RB_0LD1LA_1RA0RC	DN	99999983
0RB0LC_1LA1RB_0LD1LA_1RD1RA	QH	9
0RB0LC_1LA1RB_0LD1LD_0RA0LA	DN	99999973
0RB0LC_1LA1RB_0LD1LD_0RA0LC	DN	99999986
0RB0LC_1LA1RB_0LD1LD_0RA1LA	DN	99999975
0RB0LC_1LA1RB_0RB0LD_0RB1LC	DN	99999982
0RB0LC_1LA1RB_0RB0LD_0RB1LD	DN	99999978
0RB0LC_1LA1RB_0RB1LC_------	DN	99805880
0RB0LC_1LA1RB_0RB1LD_0RA0LA	DN	99999980
0RB0LC_1LA1RB_0RB1LD_0RA1LA	DN	99999975
0RB0LC_1LA1RB_0RB1LD_0RB0LA	DN	99999983
0RB0LC_1LA1RB_0RB1LD_0RB1LA	DN	99999974
0RB0LC_1LA1RB_0RB1LD_0RB1LC	DN	99805880
0RB0LC_1LA1RB_0RB1LD_0RB1LD	DN	99805878
0RB0LC_1LA1RB_0RB1LD_0RD0LA	DN	99999980
0RB0LC_1LA1RB_0RB1LD_0RD1LA	DN	99999983
0RB0LC_1LA1RB_0RB1LD_0RD1LC	DN	99580766
0RB0LC_1LA1RB_0RD0LA_1RD1LB	DN	99999962
0RB0LC_1LA1RB_0RD0LA_1RD1LC	DN	99999984
0RB0LC_1LA1RB_0RD0LA_1RD1RB	DN	99999988
0RB0LC_1LA1RB_0RD1LA_1LC1RD	DN	99999962
0RB0LC_1LA1RB_0RD1LC_0LA0LA	DN	99797879
0RB0LC_1LA1RB_0RD1LC_0LA1LA	DN	99803207
0RB0LC_1LA1RB_0RD1LC_0LA1RB	DN	99807211
0RB0LC_1LA1RB_0RD1LC_1LA0LA	DN	99796551
0RB0LC_1LA1RB_0RD1LC_1LA1LA	DN	99801877
0RB0LC_1LA1RB_0RD1LC_1LA1RB	DN	99805879
0RB0LC_1LA1RB_0RD1LC_1LB0LA	DN	99308447
0RB0LC_1LA1RB_0RD1LC_1LB1LA	DN	99666280
0RB0LC_1LA1RB_0RD1LC_1LB1RA	DN	99558597
0RB0LC_1LA1RB_0RD1LC_1LB1RB	DN	99314320
0RB0LC_1LA1RB_0RD1LC_1LC0LA	DN	99799207
0RB0LC_1LA1RB_0RD1LC_1LC1LA	DN	99803207
0RB0LC_1LA1RB_0RD1LC_1LC1RB	QH	2
0RB0LC_1LA1RB_0RD1LC_1RB0LA	DN	99795223
0RB0LC_1LA1RB_0RD1LC_1RB1LA	DN	99800547
0RB0LC_1LA1RB_0RD1LC_1RB1RB	QH	2
0RB0LC_1LA1RB_0RD1LC_1RC0LA	DN	99800535
0RB0LC_1LA1RB_0RD1LC_1RC1LA	DN	99804537
0RB0LC_1LA1RB_0RD1LC_1RC1RB	QH	2
0RB0LC_1LA1RB_0RD1LC_1RD1RB	QH	2
0RB0LC_1LA1RB_1LD1LC_0RD0RB	DN	99803210
0RB0LC_1LA1RB_1LD1LC_1RD0RB	SP	25196478
0RB0LC_1LA1RB_1RC1LD_0RB1LD	QH	2
0RB0LC_1LA1RB_1RC1RD_0LB0RB	SP	27484216
0RB0LC_1LA1RB_1RC1RD_1LA0RB	DN	92981720
0RB0LC_1LA1RB_1RD1LC_1LB0RB	QH	2
0RB0LC_1LA1RB_1RD1LC_1RB0RB	QH	2
0RB0LC_1LA1RC_0LD1RA_1RB1LD	SP	50331597
0RB0LC_1LA1RC_0RD1RC_1LB1RA	SP	50245829
0RB0LC_1LA1RC_1LD0RD_1RB0LA	DN	99999987
0RB0LC_1LA1RC_1RB0LA_------	DN	99999992
0RB0LC_1LA1RC_1RB0LD_0RB0LC	DN	99999986
0RB0LC_1LA1RC_1RB0LD_0RB1LD	SP	67108212
0RB0LC_1LA1RC_1RB1LD_0RB0LD	DN	99999987
0RB0LC_1LA1RC_1RB1RD_0LD0LA	DN	99999990
0RB0LC_1LA1RC_1RD0LA_1LA1RC	DN	99999977
0RB0LC_1LC---_0RD0LA_1RB1RD	DN	99999970
0RB0LC_1LC0LA_0RD1LA_1LC1RD	SP	75497275
0RB0LC_1LC0LA_1RD0LC_0RD1LA	DN	99999990
0RB0LC_1LC0LA_1RD1RB_0RD1LA	DN	99999976
0RB0LC_1LC0LC_0RD1LA_1LC1RD	QH	1
0RB0LC_1LC0LD_1RD0RA_1LB0RC	DN	99999976
0RB0LC_1LC0RA_1RD1LB_0LC0RD	QH	0
0RB0LC_1LC0RC_1RD1LB_1LA0RD	DN	99968128
0RB0LC_1LC0RD_1LA0LA_1RB1LD	DN	99999273
0RB0LC_1LC0RD_1LA0LA_1RB1RD	DN	99999985
0RB0LC_1LC0RD_1LA0LB_1RB1RC	DN	99358653
0RB0LC_1LC0RD_1LA1LB_1RB0LC	DN	99813307
0RB0LC_1LC0RD_1LA1LC_1RC1RB	QH	6
0RB0LC_1LC0RD_1LA1LD_0LA1RB	SP	83884945
0RB0LC_1LC1LA_0RD0LA_1RD1RB	DN	99999980
0RB0LC_1LC1LB_0RD1LA_1LC1RD	SP	50331620
0RB0LC_1LC1LB_0RD1LA_1RB1RD	SP	23371567
0RB0LC_1LC1LC_0RD1LA_1LC1RD	QH	1
0RB0LC_1LC1LC_0RD1LA_1RB1RD	SP	48315597
0RB0LC_1LC1LC_0RD1LC_1LA1RD	QH	1
0RB0LC_1LC1LC_1RD0LC_0RD1LA	QH	1
0RB0LC_1LC1LD_0RD1LA_1LC1RD	QH	1
0RB0LC_1LC1LD_1LA1LB_1RD0RA	SP	33513701
0RB0LC_1LC1RA_0LD---_0RA1LD	DN	99999991
0RB0LC_1LC1RA_1LA1LD_1RB1LB	DN	99999990
0RB0LC_1LC1RA_1RD1LB_0LC0RD	QH	0
0RB0LC_1LC1RB_0LD0LA_1RD1RA	QH	4
0RB0LC_1LC1RB_0LD1LA_0RA---	DN	99999988
0RB0LC_1LC1RB_0LD1LA_0RD1RA	QH	4
0RB0LC_1LC1RB_0LD1LA_1RA0RA	DN	99999988
0RB0LC_1LC1RB_0LD1LA_1RA0RB	SP	67108929
0RB0LC_1LC1RB_0LD1LA_1RA0RC	DN	99999989
0RB0LC_1LC1RB_0LD1LA_1RA1RA	QH	3
0RB0LC_1LC1RB_0LD1LA_1RC0RA	DN	99999982
0RB0LC_1LC1RB_0LD1LA_1RC1RA	QH	3
0RB0LC_1LC1RB_0LD1LA_1RD0RB	SP	67109030
0RB0LC_1LC1RB_0LD1LA_1RD1RA	QH	4
0RB0LC_1LC1RB_0LD1LD_0RA0LA	DN	99999989
0RB0LC_1LC1RB_0LD1LD_0RA1LA	DN	99999991
0RB0LC_1LC1RB_0RB0LD_0RB1LA	DN	99999983
0RB0LC_1LC1RB_0RB1LA_------	SP	83885886
0RB0LC_1LC1RB_0RB1LD_0LA1LA	SP	58720129
0RB0LC_1LC1RB_0RB1LD_0LC1LA	SP	58720129
0RB0LC_1LC1RB_0RB1LD_0RA0LA	DN	99999938
0RB0LC_1LC1RB_0RB1LD_0RA0LC	QH	0
0RB0LC_1LC1RB_0RB1LD_0RA1LA	SP	71302756
0RB0LC_1LC1RB_0RB1LD_0RB0LA	DN	99999976
0RB0LC_1LC1RB_0RB1LD_0RB1LA	SP	62914152
0RB0LC_1LC1RB_0RB1LD_0RD0LA	DN	99999983
0RB0LC_1LC1RB_0RB1LD_0RD1LA	SP	83885664
0RB0LC_1LC1RB_0RB1LD_1LA0RC	SP	75497039
0RB0LC_1LC1RB_0RB1LD_1LA1LA	SP	58720087
0RB0LC_1LC1RB_0RB1LD_1LB1LA	QH	0
0RB0LC_1LC1RB_0RB1LD_1LC1LA	SP	58720087
0RB0LC_1LC1RB_0RB1LD_1RB1LA	SP	58720045
0RB0LC_1LC1RB_0RB1LD_1RC1LA	SP	58720129
0RB0LC_1LC1RB_0RB1LD_1RD1LA	SP	58720171
0RB0LC_1LC1RB_0RC1LD_1LA0RC	SP	79691344
0RB0LC_1LC1RB_0RC1LD_1LA1LA	DN	99999990
0RB0LC_1LC1RB_0RC1LD_1RB1LA	SP	83885734
0RB0LC_1LC1RB_0RC1LD_1RC1LA	DN	99999986
0RB0LC_1LC1RB_0RD0LA_1RD1LA	DN	99999972
0RB0LC_1LC1RB_0RD0LA_1RD1RB	DN	99999970
0RB0LC_1LC1RB_0RD1LA_0LA1LA	DN	99999988
0RB0LC_1LC1RB_0RD1LA_0LA1RB	DN	92274489
0RB0LC_1LC1RB_0RD1LA_0LB1LA	SP	67108929
0RB0LC_1LC1RB_0RD1LA_0LB1RB	SP	67108883
0RB0LC_1LC1RB_0RD1LA_0LB1RD	SP	67108931
0RB0LC_1LC1RB_0RD1LA_1LA0LC	QH	3
0RB0LC_1LC1RB_0RD1LA_1LA0LD	QH	3
0RB0LC_1LC1RB_0RD1LA_1LA0RC	QH	3
0RB0LC_1LC1RB_0RD1LA_1LA0RD	QH	3
0RB0LC_1LC1RB_0RD1LA_1LA1LA	QH	3
0RB0LC_1LC1RB_0RD1LA_1LA1LD	QH	3
0RB0LC_1LC1RB_0RD1LA_1LA1RB	QH	3
0RB0LC_1LC1RB_0RD1LA_1LA1RC	QH	3
0RB0LC_1LC1RB_0RD1LA_1LA1RD	QH	3
0RB0LC_1LC1RB_0RD1LA_1LB0RC	DN	99999988
0RB0LC_1LC1RB_0RD1LA_1LB1LA	SP	67108841
0RB0LC_1LC1RB_0RD1LA_1LB1RB	SP	67108795
0RB0LC_1LC1RB_0RD1LA_1LB1RD	SP	67108600
0RB0LC_1LC1RB_0RD1LA_1LC1LA	DN	92274491
0RB0LC_1LC1RB_0RD1LA_1LC1RB	SP	83885885
0RB0LC_1LC1RB_0RD1LA_1LC1RD	SP	83885886
0RB0LC_1LC1RB_0RD1LA_1RA1LA	QH	3
0RB0LC_1LC1RB_0RD1LA_1RA1LD	QH	3
0RB0LC_1LC1RB_0RD1LA_1RA1RB	QH	3
0RB0LC_1LC1RB_0RD1LA_1RB0LC	QH	3
0RB0LC_1LC1RB_0RD1LA_1RB0LD	QH	3
0RB0LC_1LC1RB_0RD1LA_1RB0RC	QH	3
0RB0LC_1LC1RB_0RD1LA_1RB0RD	QH	3
0RB0LC_1LC1RB_0RD1LA_1RB1LA	QH	3
0RB0LC_1LC1RB_0RD1LA_1RB1LD	QH	3
0RB0LC_1LC1RB_0RD1LA_1RB1RB	QH	3
0RB0LC_1LC1RB_0RD1LA_1RB1RC	QH	3
0RB0LC_1LC1RB_0RD1LA_1RB1RD	QH	3
0RB0LC_1LC1RB_0RD1LA_1RD1RB	SP	75497280
0RB0LC_1LC1RB_0RD1LD_0LA1LA	DN	99999987
0RB0LC_1LC1RB_0RD1LD_1LA0RC	SP	75497041
0RB0LC_1LC1RB_0RD1LD_1LA1LA	DN	99999982
0RB0LC_1LC1RB_0RD1LD_1LC1LA	DN	99999989
0RB0LC_1LC1RB_0RD1LD_1RB1LA	SP	79691430
0RB0LC_1LC1RB_0RD1LD_1RC1LA	DN	99999988
0RB0LC_1LC1RB_1LA0LD_0RA0RB	DN	99999985
0RB0LC_1LC1RB_1LA0LD_0RB0RB	SP	67108732
0RB0LC_1LC1RB_1LA0LD_0RC0RB	DN	92274246
0RB0LC_1LC1RB_1LA0LD_1RA0RB	SP	67108919
0RB0LC_1LC1RB_1LA0LD_1RD0RB	SP	67110458
0RB0LC_1LC1RB_1LA0RD_1RC0LA	DN	99999974
0RB0LC_1LC1RB_1LA0RD_1RC1LC	DN	99999973
0RB0LC_1LC1RB_1LA1LA_------	SP	67108835
0RB0LC_1LC1RB_1LA1LD_0RB1LA	DN	92274514
0RB0LC_1LC1RB_1LA1LD_0RD1LA	SP	50331437
0RB0LC_1LC1RB_1LA1LD_1LA0RC	SP	67108685
0RB0LC_1LC1RB_1LA1LD_1LA1LA	SP	50331557
0RB0LC_1LC1RB_1LA1LD_1RB1LA	SP	50331515
0RB0LC_1LC1RB_1LA1LD_1RC1LA	SP	50331599
0RB0LC_1LC1RB_1LA1RD_0LA0RB	DN	99976259
0RB0LC_1LC1RB_1LD0LD_1LA0RC	DN	99999983
0RB0LC_1LC1RB_1LD1LA_0RB---	SP	67108835
0RB0LC_1LC1RB_1LD1LA_0RC---	SP	67108881
0RB0LC_1LC1RB_1LD1LA_0RD0RB	SP	67108672
0RB0LC_1LC1RB_1LD1LA_0RD1LA	SP	67108881
0RB0LC_1LC1RB_1LD1LA_0RD1RA	SP	67109130
0RB0LC_1LC1RB_1LD1LA_0RD1RB	SP	67108835
0RB0LC_1LC1RB_1LD1LA_1RD0RB	SP	67108841
0RB0LC_1LC1RB_1LD1LA_1RD0RC	SP	39146907
0RB0LC_1LC1RB_1LD1LD_0RB1LA	DN	92274380
0RB0LC_1LC1RB_1LD1LD_0RD1LA	SP	50331479
0RB0LC_1LC1RB_1LD1LD_1LA0RC	SP	67108762
0RB0LC_1LC1RB_1LD1LD_1LA1LA	SP	50331594
0RB0LC_1LC1RB_1LD1LD_1RB1LA	SP	50331550
0RB0LC_1LC1RB_1LD1LD_1RC1LA	SP	50331638
0RB0LC_1LC1RB_1RB1LA_------	SP	67108789
0RB0LC_1LC1RB_1RB1LD_0RB1LA	DN	92274336
0RB0LC_1LC1RB_1RB1LD_0RD1LA	SP	50331395
0RB0LC_1LC1RB_1RB1LD_1LA0RC	SP	67108641
0RB0LC_1LC1RB_1RB1LD_1LA1LA	SP	50331513
0RB0LC_1LC1RB_1RB1LD_1RB1LA	SP	50331471
0RB0LC_1LC1RB_1RB1LD_1RC1LA	SP	50331555
0RB0LC_1LC1RB_1RC1LA_------	SP	67108932
0RB0LC_1LC1RB_1RD1LA_0LB0LA	QH	3
0RB0LC_1LC1RB_1RD1LA_0LB0LB	QH	3
0RB0LC_1LC1RB_1RD1LA_0LB0LC	QH	3
0RB0LC_1LC1RB_1RD1LA_0LB0RC	QH	3
0RB0LC_1LC1RB_1RD1LA_0LB0RD	QH	3
0RB0LC_1LC1RB_1RD1LA_0LB1LA	QH	3
0RB0LC_1LC1RB_1RD1LA_0LB1LB	QH	3
0RB0LC_1LC1RB_1RD1LA_0LB1LC	QH	3
0RB0LC_1LC1RB_1RD1LA_0LB1RB	QH	3
0RB0LC_1LC1RB_1RD1LA_0LB1RC	QH	3
0RB0LC_1LC1RB_1RD1LA_0LB1RD	QH	3
0RB0LC_1LC1RB_1RD1LA_0LC0LA	QH	3
0RB0LC_1LC1RB_1RD1LA_0LC0LB	QH	3
0RB0LC_1LC1RB_1RD1LA_0LC0LC	QH	3
0RB0LC_1LC1RB_1RD1LA_0LC0LD	QH	4
0RB0LC_1LC1RB_1RD1LA_0LC0RC	QH	3
0RB0LC_1LC1RB_1RD1LA_0LC0RD	QH	3
0RB0LC_1LC1RB_1RD1LA_0LC1LA	QH	3
0RB0LC_1LC1RB_1RD1LA_0LC1LB	QH	3
0RB0LC_1LC1RB_1RD1LA_0LC1LC	QH	3
0RB0LC_1LC1RB_1RD1LA_0LC1LD	QH	4
0RB0LC_1LC1RB_1RD1LA_0LC1RB	QH	3
0RB0LC_1LC1RB_1RD1LA_0LC1RC	QH	3
0RB0LC_1LC1RB_1RD1LA_0LC1RD	QH	3
0RB0LC_1LC1RB_1RD1LA_0LD1LA	SP	67108887
0RB0LC_1LC1RB_1RD1LA_0LD1LB	SP	44739231
0RB0LC_1LC1RB_1RD1LA_0LD1RB	SP	67108833
0RB0LC_1LC1RB_1RD1LA_0RD1LB	SP	67108835
0RB0LC_1LC1RB_1RD1LA_1LB0LA	QH	3
0RB0LC_1LC1RB_1RD1LA_1LB0LB	QH	3
0RB0LC_1LC1RB_1RD1LA_1LB0LC	QH	3
0RB0LC_1LC1RB_1RD1LA_1LB0RC	QH	3
0RB0LC_1LC1RB_1RD1LA_1LB0RD	QH	3
0RB0LC_1LC1RB_1RD1LA_1LB1LA	QH	3
0RB0LC_1LC1RB_1RD1LA_1LB1LB	QH	3
0RB0LC_1LC1RB_1RD1LA_1LB1LC	QH	3
0RB0LC_1LC1RB_1RD1LA_1LB1RB	QH	3
0RB0LC_1LC1RB_1RD1LA_1LB1RC	QH	3
0RB0LC_1LC1RB_1RD1LA_1LB1RD	QH	3
0RB0LC_1LC1RB_1RD1LA_1LC0LA	QH	3
0RB0LC_1LC1RB_1RD1LA_1LC0LB	QH	3
0RB0LC_1LC1RB_1RD1LA_1LC0LC	QH	3
0RB0LC_1LC1RB_1RD1LA_1LC0RC	QH	3
0RB0LC_1LC1RB_1RD1LA_1LC1LA	QH	3
0RB0LC_1LC1RB_1RD1LA_1LC1LB	QH	3
0RB0LC_1LC1RB_1RD1LA_1LC1LC	QH	3
0RB0LC_1LC1RB_1RD1LA_1LC1RB	QH	3
0RB0LC_1LC1RB_1RD1LA_1LC1RC	QH	3
0RB0LC_1LC1RB_1RD1LA_1LC1RD	QH	3
0RB0LC_1LC1RB_1RD1LA_1LD0RC	DN	92274494
0RB0LC_1LC1RB_1RD1LA_1LD1LA	SP	67108799
0RB0LC_1LC1RB_1RD1LA_1LD1LB	SP	44739099
0RB0LC_1LC1RB_1RD1LA_1LD1RB	SP	67108745
0RB0LC_1LC1RB_1RD1LA_1RB0LA	QH	3
0RB0LC_1LC1RB_1RD1LA_1RB0LB	QH	3
0RB0LC_1LC1RB_1RD1LA_1RB0LC	QH	3
0RB0LC_1LC1RB_1RD1LA_1RB0LD	QH	4
0RB0LC_1LC1RB_1RD1LA_1RB0RC	QH	3
0RB0LC_1LC1RB_1RD1LA_1RB0RD	QH	3
0RB0LC_1LC1RB_1RD1LA_1RB1LA	QH	3
0RB0LC_1LC1RB_1RD1LA_1RB1LB	QH	3
0RB0LC_1LC1RB_1RD1LA_1RB1LC	QH	3
0RB0LC_1LC1RB_1RD1LA_1RB1LD	QH	4
0RB0LC_1LC1RB_1RD1LA_1RB1RB	QH	3
0RB0LC_1LC1RB_1RD1LA_1RB1RC	QH	3
0RB0LC_1LC1RB_1RD1LA_1RB1RD	QH	3
0RB0LC_1LC1RB_1RD1LA_1RC0LB	QH	3
0RB0LC_1LC1RB_1RD1LA_1RC0LC	QH	3
0RB0LC_1LC1RB_1RD1LA_1RC1LA	QH	3
0RB0LC_1LC1RB_1RD1LA_1RC1LB	QH	3
0RB0LC_1LC1RB_1RD1LA_1RC1LC	QH	3
0RB0LC_1LC1RB_1RD1LA_1RC1LD	QH	4
0RB0LC_1LC1RB_1RD1LA_1RC1RB	QH	3
0RB0LC_1LC1RB_1RD1LA_1RD1LA	SP	67108931
0RB0LC_1LC1RB_1RD1LA_1RD1LB	SP	67108747
0RB0LC_1LC1RB_1RD1LA_1RD1RB	SP	67108701
0RB0LC_1LC1RB_1RD1LD_1LB1LA	SP	33554113
0RB0LC_1LC1RB_1RD1LD_1RB1LA	SP	50331363
0RB0LC_1LC1RC_0RD1LC_1LA1RD	QH	1
0RB0LC_1LC1RC_1RB0LD_0RA1LA	DN	99999978
0RB0LC_1LC1RD_0LD1LA_1RB0RB	DN	99999718
0RB0LC_1LC1RD_0RB0LA_1LA1RB	QH	0
0RB0LC_1LC1RD_0RB0LA_1RB---	QH	0
0RB0LC_1LC1RD_0RB1LA_1RB0LA	QH	0
0RB0LC_1LC1RD_0RB1LA_1RB0LC	DN	99999965
0RB0LC_1LC1RD_0RB1LC_1LA1RD	QH	0
0RB0LC_1LC1RD_0RD1LA_1LC1RD	QH	1
0RB0LC_1LC1RD_0RD1LC_1LA1RD	QH	1
0RB0LC_1LC1RD_0RD1LC_1RB1LA	SP	78176265
0RB0LC_1LC1RD_1LA0LA_0RB1RB	DN	99989967
0RB0LC_1LC1RD_1LA0LC_0RB1RA	DN	99969995
0RB0LC_1LC1RD_1LA0LC_0RB1RB	DN	99989967
0RB0LC_1LC1RD_1LA0LC_0RB1RD	DN	99969965
0RB0LC_1LC1RD_1LA0LC_1RA0RB	DN	99987761
0RB0LC_1LC1RD_1LA0LC_1RA0RC	DN	99945553
0RB0LC_1LC1RD_1LA0LC_1RA0RD	DN	99992214
0RB0LC_1LC1RD_1LA1LB_1RC0RB	DN	99976157
0RB0LC_1LC1RD_1LA1LB_1RC0RD	DN	99953682
0RB0LC_1RC---_1RD0LA_1LA1RC	DN	99999990
0RB0LC_1RC0LA_0RD1LA_1LB1RB	DN	99999985
0RB0LC_1RC0LA_1LD0RD_1RB1LA	DN	99999989
0RB0LC_1RC0LA_1LD1RB_0RC0LD	QH	0
0RB0LC_1RC0LB_1RD0LA_1LA0RD	DN	99999988
0RB0LC_1RC0LC_0RD1LA_1LC1RD	QH	1
0RB0LC_1RC0LC_1RD0LA_1LB1RC	DN	99999982
0RB0LC_1RC0RB_1LD0LA_1LA1RD	DN	99999988
0RB0LC_1RC0RB_1LD0RA_1LA0LC	DN	99999976
0RB0LC_1RC0RB_1LD0RD_1LA0LC	DN	99999977
0RB0LC_1RC0RB_1LD1RB_0LB0LA	DN	99955857
0RB0LC_1RC0RD_1LA0LB_1LC1RB	SP	44739463
0RB0LC_1RC0RD_1LA1LC_0LA1RB	DN	99999987
0RB0LC_1RC0RD_1LA1LC_1RA1RB	DN	99999983
0RB0LC_1RC0RD_1LA1LC_1RC1RB	QH	1
0RB0LC_1RC0RD_1LA1LD_1LC1RB	SP	33554876
0RB0LC_1RC1LA_1LD1RB_0RC0LD	QH	0
0RB0LC_1RC1LB_0RD1LA_1LC1RD	SP	50331701
0RB0LC_1RC1LB_1LA1RD_0LB0RC	QH	3
0RB0LC_1RC1LC_0RD1LA_1LC1RD	QH	1
0RB0LC_1RC1LC_0RD1LC_1LA1RD	QH	1
0RB0LC_1RC1LD_0RD1LA_1LC1RD	QH	1
0RB0LC_1RC1LD_1LA0LD_1RD1RA	SP	75485127
0RB0LC_1RC1LD_1LA0RB_1RB1RD	SP	34921785
0RB0LC_1RC1LD_1LA0RB_1RD1RA	SP	89494773
0RB0LC_1RC1LD_1LA0RD_1LB1RA	SP	44616774
0RB0LC_1RC1RB_1LA0LD_0RC1LD	DN	99999625
0RB0LC_1RC1RB_1LA0LD_1RD1RA	SP	20138113
0RB0LC_1RC1RB_1LA0RD_1LC0LA	DN	99938135
0RB0LC_1RC1RB_1LA0RD_1LC1RC	DN	99669493
0RB0LC_1RC1RB_1LD0LA_---1LA	DN	99999990
0RB0LC_1RC1RB_1RD0LA_1LA0LB	DN	99999987
0RB0LC_1RC1RC_0LD1RA_1RB1LD	SP	50331553
0RB0LC_1RC1RD_0LC1LA_1LB0RD	DN	99999986
0RB0LC_1RC1RD_0LC1LA_1LC1RB	SP	67108717
0RB0LC_1RC1RD_0RD1LA_1LC1RD	QH	1
0RB0LC_1RC1RD_0RD1LC_1LA1RD	QH	1
0RB0LC_1RC1RD_1LA0LD_1RB1RA	SP	33505394
0RB0LC_1RC1RD_1LA0RB_1LB1RB	SP	89429352
0RB0LC_1RC1RD_1LA0RB_1RB---	SP	89413020
0RB0LC_1RC1RD_1LA0RC_1RB0RB	SP	27925251
0RB0LC_1RC1RD_1LA1LA_1LC1RB	SP	44739156
0RB0LC_1RC1RD_1LA1LB_1RB0RB	SP	33497207
0RB0LC_1RC1RD_1LA1LC_1LD0RB	DN	99999987
0RB0LC_1RC1RD_1LA1RA_1LD1LC	DN	99999981
0RB0LC_1RC1RD_1LB0LA_1LC0RD	DN	99999980
0RB0LC_1RC1RD_1LB1LA_1LB0RD	DN	99999976
0RB0LC_1RC1RD_1LB1LA_1LC0RD	DN	99999985
0RB0LC_1RC1RD_1LC1LA_1LC1RB	SP	67108811
0RB0LC_1RC1RD_1LD0RA_1LA0LC	DN	99999983
0RB0LC_1RC1RD_1RD1LA_1LC1RB	SP	89478445
0RB0LD_0LC0LD_1LD1RC_0RC1LA	QH	1
0RB0LD_0LC0RB_1RD1LA_1RB0RC	SP	33562655
0RB0LD_0LC0RC_1RD1RB_1LA1LD	QH	1
0RB0LD_0LC1LC_1LD1RC_0RC1LA	QH	1
0RB0LD_0LC1LD_1LA1RC_0RC1LD	QH	1
0RB0LD_0LC1LD_1LD1RC_0RC1LA	QH	1
0RB0LD_0LC1RA_1LA0RA_1LB1LB	DN	99999988
0RB0LD_0LC1RB_1LD1RA_0RB1LC	DN	99995610
0RB0LD_0LC1RB_1LD1RC_0RC1LA	DN	92274493
0RB0LD_0LC1RB_1RD1LC_0LB1RA	DN	99532940
0RB0LD_0LC1RB_1RD1LC_0LC1RA	DN	99531882
0RB0LD_0LC1RB_1RD1LC_1LB1RA	DN	99814368
0RB0LD_0LC1RB_1RD1LC_1LC1RA	DN	99812252
0RB0LD_0LC1RB_1RD1LC_1RB1RA	DN	99813310
0RB0LD_0LC1RC_1LA1RC_0RC1LD	QH	1
0RB0LD_0LC1RC_1LD1RC_0RC1LA	QH	1
0RB0LD_0LC1RC_1RB1LA_0RC1LD	SP	78176369
0RB0LD_0LC1RD_1LA0RD_1RC1LB	DN	99994135
0RB0LD_0LC1RD_1RB1LC_0LC1RA	DN	92274252
0RB0LD_0LC1RD_1RB1LC_0LD1RA	SP	83885950
0RB0LD_0LC1RD_1RB1LC_0RB1RA	SP	83885906
0RB0LD_0LC1RD_1RB1LC_1LB1RA	SP	83886023
0RB0LD_0LC1RD_1RB1LC_1LC1RA	SP	83885818
0RB0LD_0LC1RD_1RB1LC_1LD1RA	SP	83885994
0RB0LD_0LC1RD_1RB1LC_1RA1RA	SP	83885979
0RB0LD_0LC1RD_1RB1LC_1RB1RA	SP	83885862
0RB0LD_0LC1RD_1RB1LC_1RC1RA	SP	83885935
0RB0LD_0LC1RD_1RD1LA_1RB0RC	SP	33554467
0RB0LD_0RC---_1LD1RB_0LA---	DN	99999990
0RB0LD_0RC0LA_1RD1LD_1LA1RB	DN	99999979
0RB0LD_0RC0LB_1LD1RC_0RC1LA	SP	75497275
0RB0LD_0RC0LD_1LB1RC_0LA1LA	DN	99999987
0RB0LD_0RC0LD_1LD1RC_0RC1LA	QH	1
0RB0LD_0RC0RC_1RD1RB_1LA1LD	QH	1
0RB0LD_0RC1LB_1LA1RC_0LA0LB	DN	99999984
0RB0LD_0RC1LB_1LA1RC_0LA1LB	DN	99808545
0RB0LD_0RC1LB_1LA1RC_0LA1LD	DN	99804544
0RB0LD_0RC1LB_1LA1RC_0RC0LB	DN	99999988
0RB0LD_0RC1LB_1LA1RC_0RC1LB	DN	99807213
0RB0LD_0RC1LB_1LA1RC_1RD1LB	QH	3
0RB0LD_0RC1LB_1LA1RD_1RC0LB	SP	67108257
0RB0LD_0RC1LB_1LD1RC_0RC1LA	DN	92274493
0RB0LD_0RC1LC_1LD1RC_0RC1LA	QH	1
0RB0LD_0RC1LD_1LA1RB_0LA---	DN	99999982
0RB0LD_0RC1LD_1LA1RC_0LA1LD	DN	99805876
0RB0LD_0RC1LD_1LA1RC_0RC0LB	DN	99999975
0RB0LD_0RC1LD_1LA1RC_0RC1LB	DN	99807215
0RB0LD_0RC1LD_1LA1RC_0RC1LD	QH	1
0RB0LD_0RC1LD_1LB1RC_0LA1LA	DN	99999991
0RB0LD_0RC1LD_1LB1RC_0RC1LA	DN	99999965
0RB0LD_0RC1LD_1LD1RC_0RC1LA	QH	1
0RB0LD_0RC1RB_1LD---_1LA0LA	DN	99999990
0RB0LD_0RC1RB_1LD0RD_1LA0LD	DN	99982142
0RB0LD_0RC1RB_1LD1LA_0LA---	DN	99999992
0RB0LD_0RC1RB_1LD1LA_1LA0LD	DN	99951819
0RB0LD_0RC1RB_1LD1LC_1LA1LA	SP	83885981
0RB0LD_0RC1RB_1LD1LC_1RD1LA	SP	83885979
0RB0LD_0RC1RB_1LD1RB_1LA0LD	DN	99969973
0RB0LD_0RC1RB_1LD1RC_0LA1LA	DN	99999967
0RB0LD_0RC1RB_1LD1RC_1RC1LA	DN	99993958
0RB0LD_0RC1RB_1RD0RD_1LA0RC	DN	99999964
0RB0LD_0RC1RC_1LA1RB_0LA1LB	DN	99999964
0RB0LD_0RC1RC_1LA1RB_0LA1LD	DN	99999991
0RB0LD_0RC1RC_1LA1RB_0LA1RB	DN	99999986
0RB0LD_0RC1RC_1LA1RC_0LA1LD	DN	99803212
0RB0LD_0RC1RC_1LA1RC_0RC1LD	QH	1
0RB0LD_0RC1RC_1LD1RB_1RD1LA	SP	44739222
0RB0LD_0RC1RC_1LD1RC_0RC1LA	QH	1
0RB0LD_1LA0RC_1RB---_0LA---	DN	99999992
0RB0LD_1LA0RC_1RD1RB_1LA1LD	QH	1
0RB0LD_1LA1LC_0LD0LC_1RD1RB	QH	2
0RB0LD_1LA1LC_0RD0LC_1RD1RB	QH	2
0RB0LD_1LA1LC_1LD1RC_0RC1LA	QH	1
0RB0LD_1LA1LC_1RD0LC_1RD1RB	QH	2
0RB0LD_1LA1RC_0LC1RB_0RB1LD	DN	99581432
0RB0LD_1LA1RC_0LC1RD_1RB0LA	DN	99999990
0RB0LD_1LA1RC_0RD1RB_1LD0LA	DN	99999976
0RB0LD_1LA1RC_0RD1RC_1LD0LA	DN	99999977
0RB0LD_1LA1RC_0RD1RC_1RB0LA	DN	99999979
0RB0LD_1LA1RC_1LA1RB_0RB1LD	DN	99805880
0RB0LD_1LA1RC_1LA1RB_0RC1LA	DN	99999986
0RB0LD_1LA1RC_1LA1RB_0RC1LD	DN	99805880
0RB0LD_1LA1RC_1LA1RC_0RB1LD	DN	99805879
0RB0LD_1LA1RC_1LA1RC_0RC1LD	QH	1
0RB0LD_1LA1RC_1LB1RB_---0LA	DN	99999990
0RB0LD_1LA1RC_1LD0RC_1RB0LA	DN	99999982
0RB0LD_1LA1RC_1LD1RA_0RA1LC	SP	67108873
0RB0LD_1LA1RC_1LD1RB_---0LA	DN	99999986
0RB0LD_1LA1RC_1LD1RB_---1LA	SP	67108673
0RB0LD_1LA1RC_1LD1RC_0RC1LA	QH	1
0RB0LD_1LA1RC_1RB---_---0LA	DN	99999992
0RB0LD_1LA1RC_1RB---_0RB0LD	DN	99999992
0RB0LD_1LA1RC_1RB0LD_0RB1LD	QH	2
0RB0LD_1LA1RC_1RB0LD_0RC1LD	QH	2
0RB0LD_1LA1RC_1RB0RD_1LA1LB	DN	99502522
0RB0LD_1LA1RC_1RB1LA_0RC1LD	SP	78176337
0RB0LD_1LA1RC_1RD0LA_1RB0LC	DN	99999990
0RB0LD_1LA1RC_1RD0RC_1LA1RB	DN	99999719
0RB0LD_1LC0LA_1LD1RC_0RC1LA	SP	50331665
0RB0LD_1LC0LB_1RD1LA_1RB0RC	SP	52357262
0RB0LD_1LC0LD_1LA0LC_1RD1RC	QH	1
0RB0LD_1LC0LD_1LD1RC_0RC1LA	QH	1
0RB0LD_1LC0RA_1RD1LB_0LC0RD	QH	0
0RB0LD_1LC0RB_1LD1RC_0RC1LA	DN	99999989
0RB0LD_1LC0RC_1LA1RC_1RB1LD	QH	3
0RB0LD_1LC0RC_1LA1RD_1RC0LA	DN	99999988
0RB0LD_1LC0RC_1RD1RB_1LA1LD	QH	1
0RB0LD_1LC0RD_1LA0LC_1RB1LD	DN	99982930
0RB0LD_1LC0RD_1LA0LC_1RB1RA	DN	99999984
0RB0LD_1LC0RD_1LA0LC_1RD1RC	QH	1
0RB0LD_1LC1LB_1RD0LA_1RB0RC	DN	99970965
0RB0LD_1LC1LB_1RD0RA_1LB0RC	DN	99996094
0RB0LD_1LC1LC_1LD1RC_0RC1LA	QH	1
0RB0LD_1LC1LD_0RC1LA_1RC0LD	QH	1
0RB0LD_1LC1LD_1LA1RC_0RC1LD	QH	1
0RB0LD_1LC1LD_1LD1RC_0RC1LA	QH	1
0RB0LD_1LC1RA_1LD0RC_1RB0LC	DN	99999987
0RB0LD_1LC1RA_1RD1LB_0LC0RD	QH	0
0RB0LD_1LC1RB_0LD0LA_1RD0RB	DN	98132813
0RB0LD_1LC1RB_0LD1LA_1RB1LD	QH	2
0RB0LD_1LC1RB_0RA1LA_1RB1LD	QH	2
0RB0LD_1LC1RB_0RB0LA_0RB1LA	DN	99999982
0RB0LD_1LC1RB_0RB0LA_0RB1LD	DN	99999978
0RB0LD_1LC1RB_0RB1LA_0LC1LD	SP	89576743
0RB0LD_1LC1RB_0RB1LA_0RB0LA	DN	99999964
0RB0LD_1LC1RB_0RB1LA_0RB0LC	DN	99999976
0RB0LD_1LC1RB_0RB1LA_0RB1LC	DN	99999960
0RB0LD_1LC1RB_0RB1LA_0RB1LD	DN	99313900
0RB0LD_1LC1RB_0RB1LA_1LC1LD	SP	89544005
0RB0LD_1LC1RB_0RB1LA_1RB1LD	QH	2
0RB0LD_1LC1RB_0RB1LD_0RB0LA	DN	99999964
0RB0LD_1LC1RB_0RB1LD_0RB1LA	DN	99999970
0RB0LD_1LC1RB_0RC1LA_0RB0LA	DN	99999972
0RB0LD_1LC1RB_0RC1LA_0RB1LC	DN	99999989
0RB0LD_1LC1RB_0RC1LA_0RB1LD	DN	99669222
0RB0LD_1LC1RB_0RC1LA_1RB1LD	QH	2
0RB0LD_1LC1RB_0RC1LD_0RB0LA	DN	99999972
0RB0LD_1LC1RB_0RC1LD_0RB1LA	DN	99999970
0RB0LD_1LC1RB_0RD0LA_0RB1LA	DN	99999974
0RB0LD_1LC1RB_0RD0LA_0RB1LD	DN	99999987
0RB0LD_1LC1RB_0RD1LA_0RB1LD	DN	99314740
0RB0LD_1LC1RB_0RD1LA_1RB1LD	QH	2
0RB0LD_1LC1RB_0RD1LD_0RB1LA	DN	99999984
0RB0LD_1LC1RB_1LA0LA_1RD0RB	DN	99998049
0RB0LD_1LC1RB_1LA0RA_0RB1LD	DN	99529763
0RB0LD_1LC1RB_1LA1LA_0RB1LD	DN	99532939
0RB0LD_1LC1RB_1LA1LA_0RC1LD	DN	99310540
0RB0LD_1LC1RB_1LA1LA_1LB1LA	SP	44739208
0RB0LD_1LC1RB_1LA1LA_1RB1LD	QH	2
0RB0LD_1LC1RB_1LA1RC_0RC1LA	DN	99999987
0RB0LD_1LC1RB_1LD1LA_0RB1LD	QH	0
0RB0LD_1LC1RB_1LD1LA_0RC1LD	DN	99311378
0RB0LD_1LC1RB_1LD1LA_1RB1LD	QH	2
0RB0LD_1LC1RB_1LD1RC_0RC1LA	SP	79691581
0RB0LD_1LC1RB_1RA1LA_0RB1LD	DN	99536113
0RB0LD_1LC1RB_1RA1LA_0RC1LD	DN	99313892
0RB0LD_1LC1RB_1RA1LA_1LB1LA	SP	44739280
0RB0LD_1LC1RB_1RA1LA_1RB1LD	QH	2
0RB0LD_1LC1RB_1RB0LA_1RD0RB	SP	46407515
0RB0LD_1LC1RB_1RB1LA_0RB1LD	QH	0
0RB0LD_1LC1RB_1RB1LA_0RC1LD	DN	99309702
0RB0LD_1LC1RB_1RB1LA_1LB1LA	SP	44739184
0RB0LD_1LC1RB_1RB1LA_1RB1LD	QH	2
0RB0LD_1LC1RB_1RB1LA_1RC1LA	SP	67108701
0RB0LD_1LC1RB_1RC1LA_1RB1LD	QH	2
0RB0LD_1LC1RB_1RD1LA_0RB1LD	QH	0
0RB0LD_1LC1RB_1RD1LA_0RC1LD	DN	99312216
0RB0LD_1LC1RB_1RD1LA_1RB1LD	QH	2
0RB0LD_1LC1RC_1LA1RC_0RB1LD	DN	99668801
0RB0LD_1LC1RC_1LA1RC_0RC1LD	QH	1
0RB0LD_1LC1RC_1LD0RA_1RA0LD	DN	99985778
0RB0LD_1LC1RC_1LD1RA_0RA1LC	SP	33554348
0RB0LD_1LC1RC_1LD1RC_0RC1LA	QH	1
0RB0LD_1LC1RC_1RB1LA_0RC1LD	SP	78176327
0RB0LD_1LC1RD_0RB0LD_1RB0LA	DN	99999986
0RB0LD_1LC1RD_0RD0LA_1LA1RB	DN	99999986
0RB0LD_1LC1RD_0RD0LC_1RB1LA	SP	67109774
0RB0LD_1LC1RD_1LA0LB_0RB0RC	SP	33529914
0RB0LD_1LC1RD_1LA1RC_0RC1LD	QH	1
0RB0LD_1LC1RD_1LA1RC_1RA0LC	DN	99999985
0RB0LD_1LC1RD_1RB1LC_0LC1RA	SP	50331509
0RB0LD_1RC---_0RD1RC_1LD0LA	DN	99999982
0RB0LD_1RC---_1LA1RB_0RB0LA	QH	0
0RB0LD_1RC---_1LA1RB_0RB0LD	QH	0
0RB0LD_1RC---_1LD1RB_---0LA	DN	99999990
0RB0LD_1RC0LA_0RD1RC_1LD1LB	DN	99999990
0RB0LD_1RC0LA_1LB1RB_---0LA	DN	99999990
0RB0LD_1RC0LA_1LB1RB_---1LA	DN	99999988
0RB0LD_1RC0LA_1LB1RC_0RB1LA	DN	99999984
0RB0LD_1RC0LA_1LB1RC_1RD0RC	SP	36571198
0RB0LD_1RC0LA_1LD1RB_---1LA	DN	99999986
0RB0LD_1RC0LA_1LD1RB_0RC0LD	QH	0
0RB0LD_1RC0LA_1LD1RC_0RC1LA	DN	92274490
0RB0LD_1RC0LB_1RD1RB_1LA0RC	SP	89413139
0RB0LD_1RC0LC_0RD1RB_1LD0LA	DN	99999982
0RB0LD_1RC0LD_1LA0LC_1RD1RC	QH	1
0RB0LD_1RC0LD_1LA1RB_0RB1LD	QH	0
0RB0LD_1RC0LD_1LD1RB_0RB1LA	DN	99999984
0RB0LD_1RC0LD_1LD1RC_0RC1LA	QH	1
0RB0LD_1RC0RA_1LA1RC_0LC0LA	DN	99999987
0RB0LD_1RC0RB_1LA1RB_1LA0LB	DN	99993347
0RB0LD_1RC0RB_1LA1RC_1LC0LA	DN	99999987
0RB0LD_1RC0RB_1LA1RC_1LC0LC	DN	99999988
0RB0LD_1RC0RB_1RD1RB_1LA0RC	SP	89478467
0RB0LD_1RC0RC_1LA1RC_1RB1LD	QH	0
0RB0LD_1RC0RC_1LD1RB_0LB1LA	DN	99999973
0RB0LD_1RC0RC_1LD1RB_1LA1RD	SP	33554460
0RB0LD_1RC0RC_1LD1RD_1RB1LA	DN	99999962
0RB0LD_1RC0RC_1RD1RB_1LA1LD	QH	12
0RB0LD_1RC0RD_1LA0LC_1RD1RC	QH	1
0RB0LD_1RC1LB_0LA1RA_1LA1LC	DN	99975877
0RB0LD_1RC1LB_0LA1RA_1LB1LA	SP	33546278
0RB0LD_1RC1LB_0LB1RD_1RC1LA	SP	44739206
0RB0LD_1RC1LB_1LA1RA_1LA0LD	DN	99976994
0RB0LD_1RC1LB_1LA1RA_1LB1LA	SP	33497275
0RB0LD_1RC1LB_1LB1RD_1RC1LA	SP	44706460
0RB0LD_1RC1LB_1LD1RA_1LA0LD	DN	99976994
0RB0LD_1RC1LB_1LD1RC_0RC1LA	SP	50331574
0RB0LD_1RC1LB_1RD1RB_1LA0RC	SP	50282540
0RB0LD_1RC1LC_1LD1RA_0RA0LC	DN	99999981
0RB0LD_1RC1LC_1LD1RC_0RC1LA	QH	1
0RB0LD_1RC1LD_0LA0RC_1LB---	DN	99999977
0RB0LD_1RC1LD_1LA1RC_0RC1LD	QH	1
0RB0LD_1RC1LD_1LC1RB_---0LA	DN	99999982
0RB0LD_1RC1LD_1LD1RC_0RC1LA	QH	1
0RB0LD_1RC1RA_1LD---_0RA1LC	SP	50331499
0RB0LD_1RC1RA_1RD1RA_1LA0LD	DN	99967088
0RB0LD_1RC1RA_1RD1RB_1LA0LD	DN	99981570
0RB0LD_1RC1RB_0LA0RB_1LB1LA	QH	0
0RB0LD_1RC1RB_0LA0RC_1LA1RD	DN	99998972
0RB0LD_1RC1RB_0LA0RC_1LB1LD	DN	99999982
0RB0LD_1RC1RB_0LC1LD_0RB1LA	SP	66770525
0RB0LD_1RC1RB_0LD1LD_0RB1LA	SP	66770456
0RB0LD_1RC1RB_0RD0LB_1LD0LA	DN	99999982
0RB0LD_1RC1RB_1LA---_0RC0LA	DN	99999970
0RB0LD_1RC1RB_1LA0LB_0RB1LA	DN	99999976
0RB0LD_1RC1RB_1LA0LB_0RC1LA	DN	99999958
0RB0LD_1RC1RB_1LA0RA_1RA0LB	DN	99980514
0RB0LD_1RC1RB_1LA1LC_0LC1LA	SP	86139952
0RB0LD_1RC1RB_1LA1LC_0RA1LA	SP	69855742
0RB0LD_1RC1RB_1LA1LC_0RB1LA	SP	88354758
0RB0LD_1RC1RB_1LA1LC_0RC1LA	SP	52649584
0RB0LD_1RC1RB_1LA1LC_0RD1LA	SP	69855763
0RB0LD_1RC1RB_1LA1LC_1LA1LA	SP	31004608
0RB0LD_1RC1RB_1LA1LC_1LB0LA	DN	99999983
0RB0LD_1RC1RB_1LA1LC_1LB1LA	SP	25518356
0RB0LD_1RC1RB_1LA1LC_1LC1LA	SP	86139914
0RB0LD_1RC1RB_1LA1LC_1RA1LA	SP	52649530
0RB0LD_1RC1RB_1LA1LC_1RB1LA	SP	31004590
0RB0LD_1RC1RB_1LA1LC_1RD1LA	SP	31004645
0RB0LD_1RC1RB_1LA1LD_0RB1LA	SP	41266408
0RB0LD_1RC1RB_1LA1LD_0RC1LA	DN	99999986
0RB0LD_1RC1RB_1LA1RC_0RB1LA	DN	99999986
0RB0LD_1RC1RB_1LA1RC_0RC1LA	DN	99999988
0RB0LD_1RC1RB_1LC1LA_---0LA	DN	99999990
0RB0LD_1RC1RB_1LC1LD_0RB1LA	SP	41266478
0RB0LD_1RC1RB_1LD1LB_---0LA	DN	99999990
0RB0LD_1RC1RB_1LD1LC_0LB1LA	SP	62907476
0RB0LD_1RC1RB_1LD1LC_0RA0LA	DN	99999943
0RB0LD_1RC1RB_1LD1LC_0RA1LA	DN	99527123
0RB0LD_1RC1RB_1LD1LC_0RB1LA	SP	52630910
0RB0LD_1RC1RB_1LD1LD_0RB1LA	SP	66770526
0RB0LD_1RC1RB_1LD1RC_0LA1LA	SP	50331541
0RB0LD_1RC1RB_1LD1RC_0RC1LA	SP	75497272
0RB0LD_1RC1RB_1LD1RC_1RC1LA	SP	50331499
0RB0LD_1RC1RB_1RD0RD_1LA0RC	DN	99999962
0RB0LD_1RC1RB_1RD1LB_1LA0RC	SP	34921814
0RB0LD_1RC1RB_1RD1RA_1LA0RC	SP	48860259
0RB0LD_1RC1RB_1RD1RB_1LA0RC	SP	34911644
0RB0LD_1RC1RC_0RD1RB_1LD0LA	DN	99999982
0RB0LD_1RC1RC_1LA1RC_0RB1LD	QH	0
0RB0LD_1RC1RC_1LA1RC_0RC1LD	QH	1
0RB0LD_1RC1RC_1LD0RD_1RB0LA	DN	99999978
0RB0LD_1RC1RC_1LD1RA_0RA1LC	SP	67108849
0RB0LD_1RC1RC_1LD1RB_---1LA	SP	67108811
0RB0LD_1RC1RC_1LD1RC_0RC1LA	QH	1
0RB0LD_1RC1RC_1LD1RC_1RB1LA	SP	67108704
0RB0LD_1RC1RD_0LB1RB_1LD0LA	DN	99999982
0RB0LD_1RC1RD_0LD1RB_1LB1LA	SP	89478458
0RB0LD_1RC1RD_1LA1RC_0RC1LD	QH	1
0RB0LD_1RC1RD_1LC1RB_1LB1LA	SP	89413028
0RB0LD_1RC1RD_1LD0RC_1RB0LA	DN	99999978
0RB0LD_1RC1RD_1LD1RB_1LB1LA	SP	89478434
0RB0LD_1RC1RD_1RD1RB_1LB1LA	SP	89413006
0RB0RA_0LC0LD_1RB1LC_1LD1RA	DN	99999979
0RB0RA_0LC0RC_0LD1RA_1RB1LD	DN	99999990
0RB0RA_0LC1LD_0LD1LB_1RA1LC	DN	99999989
0RB0RA_0LC1RA_0LD1LD_1RB1LC	DN	99999989
0RB0RA_0LC1RA_0RD1LC_1RB1LB	DN	99996609
0RB0RA_0LC1RA_1LD1LB_1RB1LC	DN	99983891
0RB0RA_0LC1RA_1LD1LC_1RB0LC	DN	99989957
0RB0RA_0LC1RA_1LD1RC_1RB0LC	DN	99984419
0RB0RA_0LC1RA_1RB0LD_1LC1RD	DN	99986396
0RB0RA_0LC1RA_1RB1LD_1LC0LD	DN	99999933
0RB0RA_0LC1RC_0LD1RA_1RB1LD	DN	99999986
0RB0RA_1LC0RA_0LD1RA_1RD0LC	DN	99999976
0RB0RA_1LC1LB_0LD1RA_1RD0LC	DN	99999988
0RB0RA_1LC1RA_0LD0LA_1LA1LB	DN	99929725
0RB0RA_1LC1RA_0LD0LC_1LA1LB	DN	99946201
0RB0RA_1LC1RA_0LD0RD_1LA1LB	DN	99929725
0RB0RA_1LC1RA_0LD0RD_1RA1LB	DN	99973821
0RB0RA_1LC1RA_0LD1LB_1LA1LB	DN	99995463
0RB0RA_1LC1RA_0LD1LB_1RA1LB	DN	99979663
0RB0RA_1LC1RA_0LD1LC_1LA1LB	DN	99925015
0RB0RA_1LC1RA_0LD1LC_1RA1LB	DN	99952781
0RB0RA_1LC1RB_0LD1LC_1RA1LD	DN	99969980
0RB0RA_1RC0LC_0LD1RA_1LB1LC	DN	99999985
0RB0RA_1RC0LD_1LB1RA_1LB1LD	SP	83885229
0RB0RA_1RC0LD_1RD1RA_1LB1LD	DN	99975051
0RB0RA_1RC0RC_1LD1RB_0LD0LA	DN	99999987
0RB0RA_1RC1LD_1LC1RB_0LD0LA	DN	99999991
0RB0RA_1RC1LD_1LD1RB_0LD0LA	DN	99999981
0RB0RA_1RC1RA_0LD1LC_1RA1LB	DN	99980645
0RB0RA_1RC1RA_1LD1LC_1RB0LC	DN	99971006
0RB0RA_1RC1RA_1LD1RC_1RB0LC	DN	99942565
0RB0RA_1RC1RD_0LD0LC_1RA1LC	DN	99988604
0RB0RA_1RC1RD_1LD0LB_1RA0LC	DN	99999983
0RB0RA_1RC1RD_1LD0RB_1RA0LC	DN	99999976
0RB0RB_0LC0RA_1LD---_1RA1LC	QH	0
0RB0RB_0LC0RA_1RB1LD_1LC---	QH	0
0RB0RB_0LC0RA_1RB1LD_1RA1LC	QH	0
0RB0RB_0LC0RB_1LD---_1RA1LC	QH	0
0RB0RB_0LC0RD_1RB1LC_0LA1RD	DN	99797880
0RB0RB_0LC1RA_1LD1LC_1RB1RD	SP	30990323
0RB0RB_0LC1RA_1RB1LC_------	SP	50331621
0RB0RB_0LC1RA_1RB1LD_1LC0RA	QH	0
0RB0RB_0LC1RB_1LA1LD_1LC1RA	SP	43046721
0RB0RB_0LC1RB_1LD0RB_1RA1LC	QH	0
0RB0RB_0LC1RB_1LD1LD_1RA1LD	QH	0
0RB0RB_0LC1RB_1RB1LD_1RA1LD	QH	0
0RB0RB_0LC1RB_1RD1LC_0LB1RA	DN	99816490
0RB0RB_0LC1RB_1RD1LC_0LC1RA	DN	99815430
0RB0RB_0LC1RB_1RD1LC_1LB1RA	QH	0
0RB0RB_0LC1RB_1RD1LC_1LC1RA	QH	0
0RB0RB_0LC1RB_1RD1LC_1RB1RA	QH	0
0RB0RB_0LC1RC_1LD1RA_1RB1LD	SP	58720129
0RB0RB_0LC1RD_1LD1LC_1RB0LA	SP	75497441
0RB0RB_0LC1RD_1RB1LC_0LA0RB	QH	0
0RB0RB_0LC1RD_1RB1LC_0LA1RA	DN	92274378
0RB0RB_0LC1RD_1RB1LC_0LC1RA	SP	75497170
0RB0RB_0LC1RD_1RB1LC_0LD1RA	SP	67108822
0RB0RB_0LC1RD_1RB1LC_0RB1RA	SP	67108778
0RB0RB_0LC1RD_1RB1LC_1LB1RA	SP	67108855
0RB0RB_0LC1RD_1RB1LC_1LC1RA	SP	67108690
0RB0RB_0LC1RD_1RB1LC_1LD1RA	SP	67108822
0RB0RB_0LC1RD_1RB1LC_1RA0LB	SP	83885980
0RB0RB_0LC1RD_1RB1LC_1RA1RA	SP	67108811
0RB0RB_0LC1RD_1RB1LC_1RB1RA	SP	67108734
0RB0RB_0LC1RD_1RB1LC_1RC1RA	QH	0
0RB0RB_0RC1LD_1LB1RC_0LB1LA	SP	83885957
0RB0RB_1LA1LC_0LD0LC_1RD1RB	QH	2
0RB0RB_1LA1RC_0LD1RA_1RB1LD	SP	83886075
0RB0RB_1LC1RA_0LD0LC_1RD1LB	DN	99990735
0RB0RB_1LC1RA_1LD0LC_0RA1LB	SP	50333590
0RB0RB_1LC1RB_0LD0LA_1RD0RB	SP	25184194
0RB0RB_1LC1RB_1LD0LA_0RB0LC	SP	67108732
0RB0RB_1LC1RB_1LD1RA_1LA0LD	DN	99999982
0RB0RB_1LC1RB_1RB0LD_1RA1LD	QH	0
0RB0RB_1LC1RC_1LD1RA_1RB0LD	SP	89560046
0RB0RB_1LC1RD_1RB1LC_0LC1RA	SP	83885982
0RB0RB_1RC0LC_1LD1RA_0RA1LC	DN	99999959
0RB0RB_1RC1LB_1LA1RD_0LB0RC	QH	3
0RB0RB_1RC1RA_1LD1LC_0RA0LC	QH	0
0RB0RB_1RC1RB_1LD0LA_1LA0LC	DN	99999969
0RB0RB_1RC1RC_0LD1RA_1RB1LD	SP	83886028
0RB0RC_0LC---_0LD1RA_1RC1LD	DN	99999988
0RB0RC_0LC0RA_0LD1RC_1RB1LD	DN	99999985
0RB0RC_0LC0RC_0LD1RA_1RB1LD	DN	99999984
0RB0RC_0LC1RA_0LD1RC_1RB1LD	DN	99315580
0RB0RC_0LC1RA_1LD1LB_0RB1LC	SP	89511236
0RB0RC_0LC1RA_1LD1RC_1LA0LB	DN	99987225
0RB0RC_0LC1RA_1LD1RC_1LA0LD	DN	99999986
0RB0RC_0LC1RA_1LD1RC_1RB1LD	SP	89478497
0RB0RC_0LC1RB_1LD1RA_0RB1LC	SP	44739255
0RB0RC_0LC1RB_1LD1RA_1LA1LC	SP	44706527
0RB0RC_0LC1RB_1LD1RA_1RB1LC	SP	44706505
0RB0RC_0LC1RC_0LD1RA_1RB1LD	DN	99999983
0RB0RC_0LC1RD_1RB0LD_1RA1LC	DN	99999985
0RB0RC_0RC0LD_1LD1RC_1LB0LA	DN	99999986
0RB0RC_0RC1RC_1LD1RB_1LA0LB	SP	89413008
0RB0RC_0RC1RC_1LD1RB_1LA1LD	SP	44722860
0RB0RC_1LA0LC_0LD1RA_1RC1LD	SP	75497279
0RB0RC_1LA1LC_0LD1RA_1RC1LD	QH	1
0RB0RC_1LA1LC_0LD1RC_1RA1LD	QH	1
0RB0RC_1LA1RB_0LD1LC_0RB1LD	DN	99803210
0RB0RC_1LA1RB_1RC1LD_0LA0LD	DN	99999978
0RB0RC_1LA1RC_1RB1LD_0LD0LA	DN	99999992
0RB0RC_1LC0LA_0LD0RA_1RC1LD	DN	99999989
0RB0RC_1LC0LA_0LD1RA_1RA1LD	DN	99999979
0RB0RC_1LC0LA_0LD1RA_1RC1LD	SP	75497277
0RB0RC_1LC0LB_0LD1LD_1RA1LC	DN	99995624
0RB0RC_1LC0LB_0LD1RA_1RC1LD	SP	50331674
0RB0RC_1LC0LC_0LD0RA_1RC1LD	DN	99999981
0RB0RC_1LC0LC_0LD1RA_1RA1LD	DN	99999989
0RB0RC_1LC0LC_0LD1RA_1RC1LD	DN	99999988
0RB0RC_1LC0LD_0LD1RA_1RC1LD	SP	50331581
0RB0RC_1LC0LD_1RD1RC_1LB1LA	SP	77215815
0RB0RC_1LC0RA_1RD1LB_0LC0RD	QH	0
0RB0RC_1LC0RB_0LD1RA_1RC1LD	SP	50331666
0RB0RC_1LC0RD_0LD0LB_1RA0LA	DN	99999973
0RB0RC_1LC0RD_0LD1RA_1RC1LD	SP	33554488
0RB0RC_1LC0RD_1LD0LD_1RA0LC	DN	99979994
0RB0RC_1LC1LC_0LD1RA_1RC1LD	QH	1
0RB0RC_1LC1LC_0LD1RC_1RA1LD	QH	1
0RB0RC_1LC1LD_0LD1RA_1RA0LA	DN	99995468
0RB0RC_1LC1LD_1RD1RA_1LB1LC	SP	89363986
0RB0RC_1LC1RA_0LD1RB_1RC1LD	SP	89478314
0RB0RC_1LC1RA_0LD1RC_1RB1LD	DN	99674980
0RB0RC_1LC1RA_1LD0LB_0RB0LA	SP	33529914
0RB0RC_1LC1RA_1LD0LB_0RB0LD	SP	33513539
0RB0RC_1LC1RA_1LD0LB_0RB1LC	SP	33505395
0RB0RC_1LC1RA_1LD0LB_1RB0RC	SP	33497227
0RB0RC_1LC1RA_1LD0LB_1RB1LA	DN	99997969
0RB0RC_1LC1RA_1LD0LB_1RB1LB	SP	44649373
0RB0RC_1LC1RA_1LD0LB_1RB1LC	DN	99690849
0RB0RC_1LC1RA_1LD0LB_1RB1RA	SP	44698237
0RB0RC_1LC1RA_1LD0LB_1RC1LC	SP	33550276
0RB0RC_1LC1RA_1LD0LB_1RD1RA	SP	44698237
0RB0RC_1LC1RA_1LD0LC_1RD0LB	DN	99969161
0RB0RC_1LC1RA_1LD1RC_1RB1LD	SP	89445732
0RB0RC_1LC1RA_1RD1LB_0LC0RD	QH	0
0RB0RC_1LC1RB_0LD1RA_1RC1LD	SP	33554331
0RB0RC_1LC1RB_0RB1LD_0LC1LA	SP	71302996
0RB0RC_1LC1RB_1LD0LA_1LA0LC	DN	99999973
0RB0RC_1LC1RC_1LD1RA_1RA0LD	DN	99982034
0RB0RC_1LC1RD_0LD---_1RA0LA	DN	99997921
0RB0RC_1LC1RD_0LD1RA_1RC1LD	SP	33554282
0RB0RC_1LC1RD_0RD0LC_1RB1LA	QH	4
0RB0RC_1RC0LA_0LD1RB_1LB1LD	DN	99895953
0RB0RC_1RC0LA_1LD1RB_0LD1LA	DN	99999986
0RB0RC_1RC0LA_1LD1RB_0RC0LD	QH	0
0RB0RC_1RC0LB_0LD1LD_1RA1LC	DN	99989326
0RB0RC_1RC0LC_1LD1RB_0LD0LA	DN	99999960
0RB0RC_1RC0LD_1LD0RD_1LB1RA	DN	99881560
0RB0RC_1RC0LD_1RD1RC_1LB1LA	SP	77165925
0RB0RC_1RC0RA_0RD1RD_1LD0LB	SP	27998845
0RB0RC_1RC0RA_1LD0LD_1RB1LC	DN	99999973
0RB0RC_1RC0RD_0LD0RA_1LB1LC	DN	99982666
0RB0RC_1RC1LA_1LD1RB_0LD0LA	DN	99999968
0RB0RC_1RC1LA_1LD1RB_0RC0LD	QH	0
0RB0RC_1RC1LB_0LB1RD_0LA0RC	QH	0
0RB0RC_1RC1LB_0LB1RD_0LA1RA	SP	58720118
0RB0RC_1RC1LB_0LB1RD_0LB1RA	SP	83886028
0RB0RC_1RC1LB_0LB1RD_1RB1RA	QH	0
0RB0RC_1RC1LB_0LC1RD_0LB1RA	SP	83886074
0RB0RC_1RC1LB_0LD0RA_1LB0LC	DN	99999988
0RB0RC_1RC1LB_0LD1RA_1LB1RD	SP	55924068
0RB0RC_1RC1LB_1LA1RD_0LB0RC	QH	3
0RB0RC_1RC1LB_1LD1RC_0LB0LA	SP	89544003
0RB0RC_1RC1LB_1LD1RD_0LB1RA	SP	41943017
0RB0RC_1RC1LD_0LB0RA_1LB---	QH	0
0RB0RC_1RC1LD_0LB0RA_1RA1LB	QH	0
0RB0RC_1RC1LD_0LB1RA_1LB0RA	QH	0
0RB0RC_1RC1LD_0LB1RC_1LB1LA	SP	88079860
0RB0RC_1RC1LD_0LB1RC_1RA1LD	QH	0
0RB0RC_1RC1LD_0LD1RC_1LB1LA	SP	75496947
0RB0RC_1RC1LD_1RD1RA_1LB1LC	SP	89396608
0RB0RC_1RC1RA_1LD0LA_1RB0LC	DN	99973637
0RB0RC_1RC1RA_1LD1RB_1LA0LD	DN	99999968
0RB0RC_1RC1RB_0LD1RA_1LB1LD	SP	31477457
0RB0RC_1RC1RB_1LD1RA_0RB1LC	SP	71582795
0RB0RC_1RC1RB_1LD1RA_1LA1LC	QH	7948803
0RB0RC_1RC1RB_1LD1RA_1RB1LC	QH	7948793
0RB0RC_1RC1RC_1LD1RB_0LD0LA	DN	99999990
0RB0RC_1RC1RD_0LD0LC_1RA1LC	DN	99972128
0RB0RC_1RC1RD_1LD1RB_1LA0LD	DN	99999990
0RB0RD_0LC---_1RD1LC_0LC1RA	SP	50331621
0RB0RD_0LC1LC_1RD0LB_1LB1RA	DN	99955895
0RB0RD_0LC1RA_1LA1LB_1LB1RD	SP	33538086
0RB0RD_0LC1RA_1RB1LC_0LB0RB	DN	99999957
0RB0RD_0LC1RA_1RB1LC_0LC1RD	DN	99815430
0RB0RD_0LC1RA_1RB1LC_0LD0RB	DN	99999927
0RB0RD_0LC1RA_1RB1LC_0RB1RD	SP	89543947
0RB0RD_0LC1RA_1RB1LC_1LC1RD	SP	89478523
0RB0RD_0LC1RA_1RB1LC_1RB1RD	SP	89511235
0RB0RD_0LC1RA_1RD1LC_0LC1RB	SP	75497302
0RB0RD_0LC1RA_1RD1LC_0LD1RB	DN	92274255
0RB0RD_0LC1RA_1RD1LC_1LA1RB	SP	83886120
0RB0RD_0LC1RA_1RD1LC_1LC1RB	SP	83885936
0RB0RD_0LC1RA_1RD1LC_1RB1RB	SP	83885982
0RB0RD_0LC1RB_1LD1RD_1RA0LD	DN	99987612
0RB0RD_0LC1RD_1LD---_1RA0LD	DN	99982034
0RB0RD_0LC1RD_1RB1LC_0LA0RB	SP	83885880
0RB0RD_0LC1RD_1RB1LD_1RA0LD	DN	99996658
0RB0RD_0RC1LB_1LA1RC_0LB1LD	DN	99804543
0RB0RD_1LA0LC_1RD1LC_0LC1RA	SP	50331668
0RB0RD_1LA1RC_1RD1LC_0LC1RA	SP	67108881
0RB0RD_1LC---_1RA1LB_0LB0RA	QH	0
0RB0RD_1LC---_1RA1LB_0LB0RD	QH	0
0RB0RD_1LC0LA_0RD0LB_1LB1RD	DN	92274251
0RB0RD_1LC0LB_1RA1LB_0LB0RC	DN	99955857
0RB0RD_1LC0LB_1RA1LB_1LA0RC	DN	99940252
0RB0RD_1LC0LC_1RA1LB_1LD1RC	DN	99970081
0RB0RD_1LC0LC_1RA1LC_1LB1RD	QH	0
0RB0RD_1LC0RA_1RD1LB_0LC0RD	QH	0
0RB0RD_1LC0RC_0LD0LA_1RA0LB	DN	99999984
0RB0RD_1LC0RC_1RA0LC_0LB1RC	DN	99999884
0RB0RD_1LC0RD_1LA1LB_0LB1RA	DN	99530292
0RB0RD_1LC0RD_1LA1LB_1RB1RA	SP	89478484
0RB0RD_1LC0RD_1RA1LB_0LB1RD	QH	0
0RB0RD_1LC1LB_0RA0LB_1RB1RA	QH	0
0RB0RD_1LC1LC_1RA1LC_0LB1RD	QH	0
0RB0RD_1LC1LD_1LA1LB_1RB1RA	SP	89413032
0RB0RD_1LC1RA_1LA1LB_0LC1RD	SP	43046792
0RB0RD_1LC1RA_1RD0LB_1LB1RC	SP	44616803
0RB0RD_1LC1RA_1RD0LC_1LB1RB	SP	55325213
0RB0RD_1LC1RB_1RA0LC_1LB0LC	DN	99959953
0RB0RD_1LC1RB_1RA0LC_1LD0LC	DN	99959954
0RB0RD_1LC1RB_1RA1LC_0LB0LC	SP	89544003
0RB0RD_1LC1RB_1RA1LC_1LB0LC	SP	89511184
0RB0RD_1LC1RB_1RA1LC_1LD0LC	SP	68564241
0RB0RD_1LC1RC_1RA0LC_0LB1RC	DN	99987554
0RB0RD_1LC1RD_1LA1LB_0LB1RA	DN	99358324
0RB0RD_1LC1RD_1LA1LB_1RB1RA	SP	50282578
0RB0RD_1LC1RD_1RA0LC_1LB1RA	DN	99999715
0RB0RD_1RC---_1LD1RB_0LD0LA	DN	99999990
0RB0RD_1RC---_1RD1LC_0LC1RA	SP	67108856
0RB0RD_1RC0LA_1LB1RB_0LD0LA	DN	99999990
0RB0RD_1RC0LA_1LD1RB_0RC0LD	QH	0
0RB0RD_1RC0LC_1LB1RD_1LC1RA	SP	33554360
0RB0RD_1RC0LC_1RD1LC_1LB1RA	SP	28760262
0RB0RD_1RC0LD_0LA1RB_1LC1LB	SP	89576753
0RB0RD_1RC0LD_0LD1RA_1RA1LC	SP	62912575
0RB0RD_1RC0LD_1LD0RC_1LA1LB	DN	99999986
0RB0RD_1RC0LD_1RD1LC_1LB1RA	DN	99999745
0RB0RD_1RC1LA_1LD1RB_0RC0LD	QH	0
0RB0RD_1RC1LB_0LD1RA_1RA1LC	SP	49748177
0RB0RD_1RC1LB_0RD0RA_1LD0LB	DN	98043681
0RB0RD_1RC1LB_0RD1RA_1LD0LB	SP	25171916
0RB0RD_1RC1LB_1LA1RD_0LB0RC	QH	3
0RB0RD_1RC1LB_1LB0RA_1LD0LB	SP	16563356
0RB0RD_1RC1LB_1LB1RA_0LB1RD	QH	0
0RB0RD_1RC1LB_1LB1RA_0LC1RA	SP	55924044
0RB0RD_1RC1LB_1LC1RA_1LD0LB	SP	37736390
0RB0RD_1RC1LB_1LD1RA_0LB1RD	QH	0
0RB0RD_1RC1LB_1RD1RA_0LB1RD	QH	0
0RB0RD_1RC1LC_1LB1RA_1RA0RC	DN	99999978
0RB0RD_1RC1LC_1LB1RD_1RA0LC	SP	67108838
0RB0RD_1RC1LD_1LB1RC_1LB1RA	SP	71599172
0RB0RD_1RC1LD_1LC1RB_0LD0LA	DN	99999980
0RB0RD_1RC1RA_1LD1RA_1LB0LC	SP	15038185
0RB0RD_1RC1RB_0LD1RA_1RA1LC	SP	62888223
0RB0RD_1RC1RB_1LD1LB_0LD0LA	DN	99999988
0RB0RD_1RC1RD_1LD1RA_1LB0LC	SP	30038913
0RB1LA_0LC0LC_0RD0LA_1LC1RD	DN	99797881
0RB1LA_0LC0RC_0LD1RA_1RB1LD	DN	99999968
0RB1LA_0LC1LC_0RD0LA_1LC1RD	DN	99803209
0RB1LA_0LC1LC_1RD0LA_1LB1RD	SP	89511181
0RB1LA_0LC1RB_1LD0RB_1RA1LC	SP	50331639
0RB1LA_0LC1RD_0LD1LD_1RB0LA	SP	44739025
0RB1LA_0LC1RD_0RD0LA_1LC1RD	DN	99807213
0RB1LA_0LC1RD_0RD1LD_1RB0LA	SP	83885415
0RB1LA_0LC1RD_1LA1LC_1RB0LA	SP	67108788
0RB1LA_0LC1RD_1LA1LD_1RB0LA	SP	67108234
0RB1LA_0LC1RD_1LA1RA_1RB0LA	SP	67108855
0RB1LA_0LC1RD_1LA1RC_1RB0LA	SP	67108810
0RB1LA_0LC1RD_1LD0RB_1RB0LA	SP	89478482
0RB1LA_0LC1RD_1LD1LD_1RB0LA	SP	55923712
0RB1LA_0LC1RD_1LD1RA_1RB0LA	SP	67108975
0RB1LA_0LC1RD_1LD1RC_1RB0LA	SP	67108933
0RB1LA_0LC1RD_1RB1LC_1LA0RB	SP	50331721
0RB1LA_0LC1RD_1RB1LD_1RB0LA	SP	55923734
0RB1LA_0LC1RD_1RD1LC_1RB0LA	SP	67108742
0RB1LA_0LC1RD_1RD1LD_1RB0LA	SP	67108190
0RB1LA_0RC0LD_1LD1RB_0LA---	DN	99999992
0RB1LA_0RC1LB_1LA1RD_1RC0LB	SP	67108812
0RB1LA_0RC1LB_1RD0LB_1LA1RC	SP	50331595
0RB1LA_0RC1LC_1RD0LB_0LA1RC	DN	99531882
0RB1LA_0RC1LC_1RD0LB_1LA1RC	DN	99529763
0RB1LA_0RC1LD_1LA1RD_1RB0LA	SP	83885864
0RB1LA_0RC1LD_1LB1RC_1RC0LA	SP	89609653
0RB1LA_0RC1LD_1LD1RD_1RB0LA	SP	83885820
0RB1LA_1LA0LC_0RD0LA_1LC1RD	DN	99799211
0RB1LA_1LA1LC_0LD0LC_1RD1RB	SP	36320673
0RB1LA_1LA1LC_0RD0LA_1LB1RD	DN	99311381
0RB1LA_1LA1LC_0RD0LA_1LC1RD	DN	99803209
0RB1LA_1LA1LC_1RD0LA_1LB1RD	SP	89543974
0RB1LA_1LA1LC_1RD0LB_0LA1RC	SP	89494879
0RB1LA_1LA1LC_1RD0LB_1LA1RC	SP	50343892
0RB1LA_1LA1LC_1RD0LB_1RB1RC	SP	89429376
0RB1LA_1LA1RC_0LC1RD_1RB0LA	SP	50331264
0RB1LA_1LA1RC_1LA1RD_1RB0LA	SP	50331310
0RB1LA_1LA1RC_1LB1RD_1RB0LA	SP	50331523
0RB1LA_1LA1RC_1LD1RB_0RB0LD	DN	99999968
0RB1LA_1LA1RC_1LD1RB_0RC0LD	DN	99999981
0RB1LA_1LA1RC_1LD1RC_---0LA	DN	99805879
0RB1LA_1LA1RC_1LD1RD_1RB0LA	SP	50331104
0RB1LA_1LA1RC_1RB0LA_------	SP	67108765
0RB1LA_1LA1RC_1RB0LD_---1LA	SP	67108765
0RB1LA_1LA1RC_1RB0LD_0LA1LC	SP	88378247
0RB1LA_1LA1RC_1RB0LD_0RA1LC	DN	99671269
0RB1LA_1LA1RC_1RB0LD_0RB1LD	SP	67108765
0RB1LA_1LA1RC_1RB0LD_0RC1LC	DN	99527633
0RB1LA_1LA1RC_1RB0LD_0RD1LC	DN	99805887
0RB1LA_1LA1RC_1RB0LD_1LA1LC	SP	88354019
0RB1LA_1LA1RC_1RB0LD_1LC1LC	SP	50356228
0RB1LA_1LA1RC_1RB0LD_1RA1LC	SP	85981880
0RB1LA_1LA1RC_1RB0LD_1RC1LC	SP	88341925
0RB1LA_1LA1RC_1RB0LD_1RD1LC	SP	50380748
0RB1LA_1LA1RC_1RB0RD_0LA1LD	SP	83885933
0RB1LA_1LA1RC_1RB1RD_0LB0LA	SP	88079860
0RB1LA_1LA1RC_1RB1RD_1LD0LA	SP	57395565
0RB1LA_1LA1RC_1RB1RD_1RB0LA	SP	50331224
0RB1LA_1LA1RC_1RD0LA_0LD1RB	SP	83885772
0RB1LA_1LA1RC_1RD0LA_1LA1RB	SP	62914216
0RB1LA_1LA1RC_1RD0LA_1LC1RB	SP	62914346
0RB1LA_1LA1RC_1RD0LA_1RB0LA	SP	37282681
0RB1LA_1LA1RC_1RD0LA_1RB0LC	SP	57395580
0RB1LA_1LA1RC_1RD0LA_1RB1LB	SP	41010943
0RB1LA_1LA1RC_1RD0LA_1RB1RB	SP	83885955
0RB1LA_1LA1RC_1RD0LB_1RB0LA	SP	67108607
0RB1LA_1LA1RC_1RD1RD_1RB0LA	SP	50331481
0RB1LA_1LC0LA_0RD0LB_1RB1RD	DN	99999630
0RB1LA_1LC0LA_0RD0LC_1RB1RD	DN	99999978
0RB1LA_1LC0LC_0RD0LA_1LC1RD	DN	99796551
0RB1LA_1LC0LD_1LA0LC_1RD1RC	QH	1
0RB1LA_1LC0LD_1LD1RC_0RC0LA	DN	99662922
0RB1LA_1LC0LD_1RD0RC_0LA1RC	DN	99982549
0RB1LA_1LC0RA_0LD1RA_1RD0LC	DN	99999965
0RB1LA_1LC1LC_0RD0LA_1LB1RD	DN	99310543
0RB1LA_1LC1LC_0RD0LA_1LC1RD	DN	99801877
0RB1LA_1LC1LC_1RD0LA_1LB1RD	SP	89543948
0RB1LA_1LC1LC_1RD0LB_0LA1RC	SP	89478521
0RB1LA_1LC1LC_1RD0LB_1LA1RC	SP	50331630
0RB1LA_1LC1LD_1LD1RC_0RC0LA	DN	99311800
0RB1LA_1LC1RB_0LD0LA_0RD1RA	QH	4
0RB1LA_1LC1RB_0LD0LA_1RA1RA	QH	3
0RB1LA_1LC1RB_0LD0LA_1RC1RA	QH	3
0RB1LA_1LC1RB_0LD0LA_1RD1RA	QH	4
0RB1LA_1LC1RB_0LD0LD_1RD1LA	QH	2
0RB1LA_1LC1RB_0LD1LD_0RA0LA	DN	99670062
0RB1LA_1LC1RB_0LD1LD_1LA0LA	DN	99361319
0RB1LA_1LC1RB_0LD1LD_1RA0LA	DN	99956942
0RB1LA_1LC1RB_0LD1LD_1RB0LA	DN	99359987
0RB1LA_1LC1RB_0RA0LA_------	DN	99807214
0RB1LA_1LC1RB_0RA0LD_0LC0LA	DN	99999983
0RB1LA_1LC1RB_0RA0LD_0LC1LA	DN	99808544
0RB1LA_1LC1RB_0RA0LD_0LC1LD	DN	99804543
0RB1LA_1LC1RB_0RA0LD_0RB0LA	DN	99999987
0RB1LA_1LC1RB_0RA0LD_0RB1LA	DN	99807212
0RB1LA_1LC1RB_0RA0LD_1RD1LA	QH	2
0RB1LA_1LC1RB_0RA0RD_0LA1LD	DN	99804542
0RB1LA_1LC1RB_0RA1LD_0LA0LA	DN	99816489
0RB1LA_1LC1RB_0RA1LD_0LA0RC	DN	99532939
0RB1LA_1LC1RB_0RA1LD_0LC0LA	DN	99315578
0RB1LA_1LC1RB_0RA1LD_0RA0LA	DN	99315578
0RB1LA_1LC1RB_0RA1LD_0RB0LA	DN	99314740
0RB1LA_1LC1RB_0RA1LD_0RD0LA	DN	99317254
0RB1LA_1LC1RB_0RA1LD_1LA0LA	QH	2
0RB1LA_1LC1RB_0RA1LD_1LB0LA	DN	99393016
0RB1LA_1LC1RB_0RA1LD_1LC0LA	DN	99815431
0RB1LA_1LC1RB_0RA1LD_1RA0LA	QH	2
0RB1LA_1LC1RB_0RA1LD_1RB0LA	QH	2
0RB1LA_1LC1RB_0RA1LD_1RC0LA	DN	99817547
0RB1LA_1LC1RB_0RB0LA_------	DN	99805880
0RB1LA_1LC1RB_0RB0LD_0RB0LA	DN	99999978
0RB1LA_1LC1RB_0RB0LD_0RB1LA	DN	99805878
0RB1LA_1LC1RB_0RB0LD_1RD1LA	QH	2
0RB1LA_1LC1RB_0RB0RD_0LA1LD	DN	99803210
0RB1LA_1LC1RB_0RB1LD_0LA0LA	DN	99815429
0RB1LA_1LC1RB_0RB1LD_0LA0RC	DN	99531881
0RB1LA_1LC1RB_0RB1LD_0LC0LA	DN	99815429
0RB1LA_1LC1RB_0RB1LD_0RA0LA	DN	99314738
0RB1LA_1LC1RB_0RB1LD_0RA0LC	DN	92274492
0RB1LA_1LC1RB_0RB1LD_0RB0LA	DN	99313900
0RB1LA_1LC1RB_0RB1LD_0RD0LA	DN	99315576
0RB1LA_1LC1RB_0RB1LD_1LA0LA	QH	2
0RB1LA_1LC1RB_0RB1LD_1LB0LA	DN	99391958
0RB1LA_1LC1RB_0RB1LD_1LC0LA	DN	99814371
0RB1LA_1LC1RB_0RB1LD_1RA0LA	QH	2
0RB1LA_1LC1RB_0RB1LD_1RA0LC	SP	50331620
0RB1LA_1LC1RB_0RB1LD_1RB0LA	QH	2
0RB1LA_1LC1RB_0RB1LD_1RC0LA	DN	99816487
0RB1LA_1LC1RB_0RC1LD_0RA0LA	DN	99670902
0RB1LA_1LC1RB_0RC1LD_0RB0LA	DN	99669222
0RB1LA_1LC1RB_0RC1LD_1LA0LA	DN	99533997
0RB1LA_1LC1RB_0RC1LD_1RA0LA	DN	99535055
0RB1LA_1LC1RB_0RC1LD_1RB0LA	DN	99532939
0RB1LA_1LC1RB_0RD0LD_0RB1LA	DN	99807212
0RB1LA_1LC1RB_0RD0LD_1RD1LA	QH	2
0RB1LA_1LC1RB_1LA0LA_------	DN	99668802
0RB1LA_1LC1RB_1LA0LD_0RB1LA	DN	99668800
0RB1LA_1LC1RB_1LA0LD_0RC1LA	DN	99805873
0RB1LA_1LC1RB_1LA0LD_1RC1LA	DN	99668800
0RB1LA_1LC1RB_1LA0LD_1RD1LA	QH	2
0RB1LA_1LC1RB_1LA0RD_0LA1LD	DN	99312639
0RB1LA_1LC1RB_1LA1LD_---0LA	DN	99532939
0RB1LA_1LC1RB_1LA1LD_0LA0RC	DN	99813309
0RB1LA_1LC1RB_1LD0LD_0RB1LA	DN	99668802
0RB1LA_1LC1RB_1LD0LD_1RC1LA	DN	99668797
0RB1LA_1LC1RB_1LD0LD_1RD1LA	QH	2
0RB1LA_1LC1RB_1LD0RD_0RA0LA	DN	99530819
0RB1LA_1LC1RB_1LD0RD_0RB0LA	DN	99529763
0RB1LA_1LC1RB_1LD0RD_1LA0LA	DN	99812243
0RB1LA_1LC1RB_1LD0RD_1RA0LA	DN	99813299
0RB1LA_1LC1RB_1LD0RD_1RB0LA	DN	99811187
0RB1LA_1LC1RB_1LD1LD_0RA0LA	DN	99533997
0RB1LA_1LC1RB_1LD1LD_0RB0LA	DN	99532939
0RB1LA_1LC1RB_1LD1LD_1LA0LA	QH	2
0RB1LA_1LC1RB_1LD1LD_1RA0LA	QH	2
0RB1LA_1LC1RB_1LD1LD_1RB0LA	QH	2
0RB1LA_1LC1RB_1RA0LA_------	DN	99669642
0RB1LA_1LC1RB_1RA0LD_0LC1LA	DN	99849615
0RB1LA_1LC1RB_1RA0LD_0RB1LA	DN	99669640
0RB1LA_1LC1RB_1RA0LD_0RC1LA	DN	99807205
0RB1LA_1LC1RB_1RA0LD_1RC1LA	DN	99669640
0RB1LA_1LC1RB_1RA0LD_1RD1LA	QH	2
0RB1LA_1LC1RB_1RA0RD_0LA1LD	DN	99313477
0RB1LA_1LC1RB_1RA1LD_---0LA	DN	99533997
0RB1LA_1LC1RB_1RA1LD_0LA0RC	DN	99814367
0RB1LA_1LC1RB_1RB0LA_------	DN	99667962
0RB1LA_1LC1RB_1RB0LD_0RB1LA	DN	99667960
0RB1LA_1LC1RB_1RB0LD_0RC1LA	DN	99804541
0RB1LA_1LC1RB_1RB0LD_1RC1LA	DN	99667122
0RB1LA_1LC1RB_1RB0LD_1RD1LA	QH	2
0RB1LA_1LC1RB_1RB0RD_0LA1LD	DN	99311801
0RB1LA_1LC1RB_1RB1LD_---0LA	DN	99531881
0RB1LA_1LC1RB_1RB1LD_0LA0RC	DN	99812251
0RB1LA_1LC1RB_1RC0LD_1RD1LA	QH	2
0RB1LA_1LC1RB_1RD0LA_0LB0RD	DN	99999980
0RB1LA_1LC1RB_1RD0LA_0LC0RD	DN	99999988
0RB1LA_1LC1RB_1RD0LC_0RD0LA	DN	99999986
0RB1LA_1LC1RB_1RD0LD_0RB1LA	DN	99669640
0RB1LA_1LC1RB_1RD0LD_0RC1LA	DN	99807205
0RB1LA_1LC1RB_1RD0LD_1RC1LA	DN	99669640
0RB1LA_1LC1RB_1RD0LD_1RD1LA	QH	2
0RB1LA_1LC1RB_1RD1LD_0RA0LA	DN	99537171
0RB1LA_1LC1RB_1RD1LD_0RB0LA	DN	99536113
0RB1LA_1LC1RB_1RD1LD_1LA0LA	QH	2
0RB1LA_1LC1RB_1RD1LD_1RA0LA	QH	2
0RB1LA_1LC1RB_1RD1LD_1RB0LA	QH	2
0RB1LA_1LC1RC_1LD1RC_0RA0LA	DN	99669641
0RB1LA_1LC1RC_1LD1RC_0RB0LA	DN	99668801
0RB1LA_1LC1RC_1LD1RC_0RC0LA	DN	99668801
0RB1LA_1LC1RC_1LD1RC_1LA0LA	DN	99228801
0RB1LA_1LC1RC_1LD1RC_1RA0LA	DN	99229441
0RB1LA_1LC1RC_1LD1RC_1RB0LA	DN	99228161
0RB1LA_1LC1RC_1LD1RC_1RC0LA	DN	99228161
0RB1LA_1LC1RC_1RA1RD_1RC0LA	SP	55924051
0RB1LA_1LC1RC_1RB0LA_------	SP	67108884
0RB1LA_1LC1RC_1RB0LD_---1LA	SP	67108884
0RB1LA_1LC1RC_1RB0RD_0LA1LD	SP	83886066
0RB1LA_1LC1RC_1RB1RD_1LD0LA	SP	38263756
0RB1LA_1LC1RC_1RD0LA_0LD1RB	SP	83885853
0RB1LA_1LC1RC_1RD0LA_1LA1RB	SP	62914000
0RB1LA_1LC1RC_1RD0LA_1LC1RB	SP	52428501
0RB1LA_1LC1RC_1RD0LA_1RA1RB	SP	69904917
0RB1LA_1LC1RC_1RD0LA_1RB0LA	SP	74565429
0RB1LA_1LC1RC_1RD0LA_1RB1LB	SP	82021955
0RB1LA_1LC1RC_1RD0LA_1RB1RB	SP	83885960
0RB1LA_1LC1RC_1RD0LA_1RB1RC	SP	57521878
0RB1LA_1LC1RD_0LD1LA_1RB0LA	QH	2
0RB1LA_1LC1RD_0LD1RA_1RB0LA	QH	2
0RB1LA_1LC1RD_0RA0LA_0LD1RB	DN	99582764
0RB1LA_1LC1RD_0RA0LA_1LC1RB	DN	99807214
0RB1LA_1LC1RD_0RA0LA_1LC1RD	DN	99807213
0RB1LA_1LC1RD_0RA0LA_1RB0LA	QH	2
0RB1LA_1LC1RD_0RA0LD_1RB0LA	SP	67108256
0RB1LA_1LC1RD_0RA1LA_1RB0LA	QH	2
0RB1LA_1LC1RD_0RA1LB_1RB0LA	QH	2
0RB1LA_1LC1RD_0RA1LC_1RB0LA	SP	67108811
0RB1LA_1LC1RD_0RA1LD_1RB0LA	SP	50330072
0RB1LA_1LC1RD_0RA1RA_1RB0LA	QH	2
0RB1LA_1LC1RD_0RB0LA_0LD1RB	DN	99581432
0RB1LA_1LC1RD_0RB0LA_1LC1RB	DN	99805880
0RB1LA_1LC1RD_0RB0LA_1LC1RD	DN	99805879
0RB1LA_1LC1RD_0RB0LA_1RB0LA	QH	2
0RB1LA_1LC1RD_0RB0LC_1LA1RB	DN	99999988
0RB1LA_1LC1RD_0RB0LD_1RB0LA	SP	67108212
0RB1LA_1LC1RD_0RB1LA_1RB0LA	QH	2
0RB1LA_1LC1RD_0RB1LB_1RB0LA	QH	2
0RB1LA_1LC1RD_0RB1LC_1RB0LA	SP	67108765
0RB1LA_1LC1RD_0RB1LD_1RB0LA	SP	50330030
0RB1LA_1LC1RD_0RB1RA_1RB0LA	QH	2
0RB1LA_1LC1RD_0RC1LA_1RB0LA	QH	2
0RB1LA_1LC1RD_0RD0LA_0LD1RB	DN	99581432
0RB1LA_1LC1RD_0RD0LA_1LC1RB	DN	99805880
0RB1LA_1LC1RD_0RD0LA_1LC1RD	DN	99805879
0RB1LA_1LC1RD_0RD0LC_0LA1RB	DN	99999967
0RB1LA_1LC1RD_0RD0LC_1LA1RB	DN	99999990
0RB1LA_1LC1RD_1LA0LA_0LD1RB	DN	99845622
0RB1LA_1LC1RD_1LA0LA_1LC1RB	DN	99668802
0RB1LA_1LC1RD_1LA0LA_1LC1RD	DN	99668801
0RB1LA_1LC1RD_1LA0LA_1RB0LA	QH	2
0RB1LA_1LC1RD_1LA0RD_1RB0LA	SP	67108859
0RB1LA_1LC1RD_1LA1LA_1RB0LA	QH	2
0RB1LA_1LC1RD_1LA1LB_1RB0LA	QH	2
0RB1LA_1LC1RD_1LA1LC_1RB0LA	SP	67108695
0RB1LA_1LC1RD_1LA1LD_1RB0LA	SP	67107171
0RB1LA_1LC1RD_1LA1RA_1RB0LA	QH	2
0RB1LA_1LC1RD_1LA1RB_1RC0LA	SP	83885956
0RB1LA_1LC1RD_1LA1RC_1RB0LA	SP	67108758
0RB1LA_1LC1RD_1LD0LA_1RB0LA	QH	2
0RB1LA_1LC1RD_1LD1LA_1RB0LA	QH	2
0RB1LA_1LC1RD_1LD1LB_1RB0LA	QH	2
0RB1LA_1LC1RD_1LD1RA_1RB0LA	QH	2
0RB1LA_1LC1RD_1LD1RB_1RC0LA	SP	83886116
0RB1LA_1LC1RD_1LD1RC_0RC0LA	DN	99558571
0RB1LA_1LC1RD_1LD1RC_1RB0LA	SP	44739269
0RB1LA_1LC1RD_1RA0LA_0LD1RB	DN	99846462
0RB1LA_1LC1RD_1RA0LA_1LC1RB	DN	99669642
0RB1LA_1LC1RD_1RA0LA_1LC1RD	DN	99669641
0RB1LA_1LC1RD_1RA0LA_1RB0LA	QH	2
0RB1LA_1LC1RD_1RA0RD_1RB0LA	SP	67108905
0RB1LA_1LC1RD_1RA1LA_1RB0LA	QH	2
0RB1LA_1LC1RD_1RA1LB_1RB0LA	QH	2
0RB1LA_1LC1RD_1RA1LC_1RB0LA	SP	67108739
0RB1LA_1LC1RD_1RA1LD_1RB0LA	SP	67107213
0RB1LA_1LC1RD_1RA1RA_1RB0LA	QH	2
0RB1LA_1LC1RD_1RA1RB_1RC0LA	SP	83885907
0RB1LA_1LC1RD_1RA1RC_1RB0LA	SP	89478478
0RB1LA_1LC1RD_1RA1RD_1RC0LA	SP	44739246
0RB1LA_1LC1RD_1RB0LA_0LD1RB	DN	99845622
0RB1LA_1LC1RD_1RB0LA_0LD1RC	SP	75497340
0RB1LA_1LC1RD_1RB0LA_0RC1RC	SP	73819745
0RB1LA_1LC1RD_1RB0LA_1LA1RC	SP	50331446
0RB1LA_1LC1RD_1RB0LA_1LB1RC	SP	50331675
0RB1LA_1LC1RD_1RB0LA_1LC1RB	DN	99667962
0RB1LA_1LC1RD_1RB0LA_1LC1RC	SP	62914279
0RB1LA_1LC1RD_1RB0LA_1LC1RD	DN	99667961
0RB1LA_1LC1RD_1RB0LA_1RB0LA	QH	2
0RB1LA_1LC1RD_1RB0LA_1RB1RC	SP	75497274
0RB1LA_1LC1RD_1RB0LA_1RC0LA	SP	74565473
0RB1LA_1LC1RD_1RB0LA_1RC0LB	SP	67108809
0RB1LA_1LC1RD_1RB0LA_1RC1RC	SP	50331633
0RB1LA_1LC1RD_1RB0LD_1RB0LA	SP	55923357
0RB1LA_1LC1RD_1RB0LD_1RC0LA	SP	57395708
0RB1LA_1LC1RD_1RB1LA_1RB0LA	QH	2
0RB1LA_1LC1RD_1RB1LB_1RB0LA	QH	2
0RB1LA_1LC1RD_1RB1LB_1RC0LA	SP	82022027
0RB1LA_1LC1RD_1RB1RA_1RB0LA	QH	2
0RB1LA_1LC1RD_1RC0LA_1RB0LA	QH	2
0RB1LA_1LC1RD_1RC1LA_1RB0LA	QH	2
0RB1LA_1LC1RD_1RC1LB_1RB0LA	QH	2
0RB1LA_1LC1RD_1RD0LA_0LD1RB	DN	99844782
0RB1LA_1LC1RD_1RD0LA_1LC1RB	DN	99667962
0RB1LA_1LC1RD_1RD0LA_1LC1RD	DN	99667961
0RB1LA_1LC1RD_1RD0LA_1RB0LA	QH	2
0RB1LA_1LC1RD_1RD1LA_1RB0LA	QH	2
0RB1LA_1LC1RD_1RD1LB_1RB0LA	QH	2
0RB1LA_1LC1RD_1RD1LC_1RB0LA	SP	67108651
0RB1LA_1LC1RD_1RD1LD_1RB0LA	SP	67107129
0RB1LA_1LC1RD_1RD1RA_1RB0LA	QH	2
0RB1LA_1RC0LA_0LC1RD_1LA1RB	SP	67108561
0RB1LA_1RC0LA_0LC1RD_1LB1RB	SP	67108645
0RB1LA_1RC0LA_0LC1RD_1LB1RD	DN	99801872
0RB1LA_1RC0LA_0LD0RD_1LD1LB	DN	99944378
0RB1LA_1RC0LA_0LD1LD_1LB1RD	DN	99796546
0RB1LA_1RC0LA_0LD1RB_---1LB	DN	99876214
0RB1LA_1RC0LA_0LD1RB_0LA1LD	SP	50331528
0RB1LA_1RC0LA_0LD1RB_1LA1LD	SP	50331572
0RB1LA_1RC0LA_0LD1RB_1LA1RD	SP	50331594
0RB1LA_1RC0LA_0LD1RB_1LB0RC	DN	99876733
0RB1LA_1RC0LA_0LD1RB_1LB1LD	SP	50331416
0RB1LA_1RC0LA_0LD1RB_1LB1RD	SP	50331690
0RB1LA_1RC0LA_0LD1RB_1RA1LD	SP	50331616
0RB1LA_1RC0LA_0LD1RB_1RC1LD	SP	50331484
0RB1LA_1RC0LA_0LD1RD_1LB1RD	DN	99801872
0RB1LA_1RC0LA_0RD0RD_1LD1LB	DN	99586313
0RB1LA_1RC0LA_0RD1RB_0LD1LB	SP	75497586
0RB1LA_1RC0LA_0RD1RB_1LD0LA	SP	75497412
0RB1LA_1RC0LA_0RD1RB_1LD0LB	DN	99877744
0RB1LA_1RC0LA_0RD1RB_1LD1LA	SP	50331500
0RB1LA_1RC0LA_0RD1RB_1LD1LB	SP	64712121
0RB1LA_1RC0LA_0RD1RB_1LD1RA	SP	50331542
0RB1LA_1RC0LA_0RD1RB_1LD1RC	SP	50331682
0RB1LA_1RC0LA_1LA0RD_1LD1LB	DN	99588059
0RB1LA_1RC0LA_1LA1LD_1LB1RD	DN	99796546
0RB1LA_1RC0LA_1LA1RB_------	SP	50331550
0RB1LA_1RC0LA_1LA1RD_0LD1RB	SP	67108469
0RB1LA_1RC0LA_1LA1RD_1LA1RB	SP	50331309
0RB1LA_1RC0LA_1LA1RD_1LB1RB	SP	67108309
0RB1LA_1RC0LA_1LA1RD_1LB1RD	DN	99801872
0RB1LA_1RC0LA_1LA1RD_1LC1RB	SP	67108736
0RB1LA_1RC0LA_1LA1RD_1RB0LA	SP	59652302
0RB1LA_1RC0LA_1LA1RD_1RB0LC	SP	83885820
0RB1LA_1RC0LA_1LA1RD_1RB1RB	SP	67108694
0RB1LA_1RC0LA_1LA1RD_1RC1RB	SP	67108429
0RB1LA_1RC0LA_1LB0RD_1LD1LB	DN	99587477
0RB1LA_1RC0LA_1LB1LD_1LB1RD	DN	99795218
0RB1LA_1RC0LA_1LB1RB_------	SP	50331644
0RB1LA_1RC0LA_1LB1RD_0LD1RB	SP	50331523
0RB1LA_1RC0LA_1LB1RD_1LA1RB	SP	50331437
0RB1LA_1RC0LA_1LB1RD_1LB1RB	SP	67108561
0RB1LA_1RC0LA_1LB1RD_1LB1RD	DN	99800542
0RB1LA_1RC0LA_1LB1RD_1LC1RB	SP	67108877
0RB1LA_1RC0LA_1LB1RD_1RB0LA	SP	29826182
0RB1LA_1RC0LA_1LB1RD_1RB0LB	DN	99999982
0RB1LA_1RC0LA_1LB1RD_1RB0LC	SP	83886003
0RB1LA_1RC0LA_1LB1RD_1RB1RB	SP	67108833
0RB1LA_1RC0LA_1LB1RD_1RC0LB	DN	99999965
0RB1LA_1RC0LA_1LB1RD_1RC1RB	SP	50331459
0RB1LA_1RC0LA_1LC0RD_1LD1LB	DN	99587477
0RB1LA_1RC0LA_1LC1LD_1LB1RD	DN	99223038
0RB1LA_1RC0LA_1LC1RD_1LB1RD	DN	99799212
0RB1LA_1RC0LA_1LD0RD_1LD1LB	DN	99757421
0RB1LA_1RC0LA_1LD1LD_1LB1RD	DN	99792562
0RB1LA_1RC0LA_1LD1RB_---0LA	SP	50331644
0RB1LA_1RC0LA_1LD1RB_---1LA	SP	50331550
0RB1LA_1RC0LA_1LD1RB_---1LB	DN	99875067
0RB1LA_1RC0LA_1LD1RB_---1RA	SP	50331594
0RB1LA_1RC0LA_1LD1RB_0LA1LC	QH	5
0RB1LA_1RC0LA_1LD1RB_0LA1LD	SP	50331437
0RB1LA_1RC0LA_1LD1RB_0LA1RD	SP	50331638
0RB1LA_1RC0LA_1LD1RB_0RA1LC	QH	5
0RB1LA_1RC0LA_1LD1RB_0RA1LD	SP	50331594
0RB1LA_1RC0LA_1LD1RB_0RB1LC	QH	5
0RB1LA_1RC0LA_1LD1RB_0RB1LD	SP	50331550
0RB1LA_1RC0LA_1LD1RB_1LA1LC	QH	5
0RB1LA_1RC0LA_1LD1RB_1LA1LD	SP	50331479
0RB1LA_1RC0LA_1LD1RB_1LA1RD	SP	50331542
0RB1LA_1RC0LA_1LD1RB_1LB1LC	QH	5
0RB1LA_1RC0LA_1LD1RB_1LB1LD	SP	33554338
0RB1LA_1RC0LA_1LD1RB_1LB1RD	SP	83886094
0RB1LA_1RC0LA_1LD1RB_1LC1RD	SP	50331682
0RB1LA_1RC0LA_1LD1RB_1RA1LC	QH	5
0RB1LA_1RC0LA_1LD1RB_1RA1LD	SP	50331521
0RB1LA_1RC0LA_1LD1RB_1RC1LC	QH	5
0RB1LA_1RC0LA_1LD1RB_1RC1LD	SP	50331395
0RB1LA_1RC0LA_1LD1RD_1LB1RD	DN	99799212
0RB1LA_1RC0LA_1LD1RD_1RB0LA	SP	29826182
0RB1LA_1RC0LA_1RD0LA_1LA1RB	SP	26097870
0RB1LA_1RC0LA_1RD0LA_1LB1RB	SP	52195803
0RB1LA_1RC0LA_1RD0LA_1LC1RB	SP	52195803
0RB1LA_1RC0LA_1RD0LB_1LA1RB	SP	43046673
0RB1LA_1RC0LA_1RD0LB_1LA1RC	DN	99999987
0RB1LA_1RC0LA_1RD0LB_1LB1RB	SP	86093424
0RB1LA_1RC0LA_1RD0LB_1LB1RC	DN	99999981
0RB1LA_1RC0LA_1RD0LB_1LC1RB	SP	43046766
0RB1LA_1RC0LA_1RD0LB_1LC1RC	DN	99999957
0RB1LA_1RC0LA_1RD1LD_1LA1RB	SP	29826132
0RB1LA_1RC0LA_1RD1LD_1LB1RB	SP	59652327
0RB1LA_1RC0LA_1RD1LD_1LB1RD	DN	99791234
0RB1LA_1RC0LA_1RD1LD_1LC1RB	SP	59652351
0RB1LA_1RC0LA_1RD1RB_0LA---	SP	50331594
0RB1LA_1RC0LA_1RD1RB_0LD1LA	SP	50331594
0RB1LA_1RC0LA_1RD1RB_0LD1LB	SP	50331690
0RB1LA_1RC0LA_1RD1RB_1LA---	SP	50331500
0RB1LA_1RC0LA_1RD1RB_1LB0LA	SP	50331501
0RB1LA_1RC0LA_1RD1RB_1LB0LC	SP	50331635
0RB1LA_1RC0LA_1RD1RB_1LB0RD	SP	67108881
0RB1LA_1RC0LA_1RD1RB_1LB1LA	SP	50331411
0RB1LA_1RC0LA_1RD1RB_1LB1LC	SP	50331543
0RB1LA_1RC0LA_1RD1RB_1LB1LD	SP	33554313
0RB1LA_1RC0LA_1RD1RB_1LB1RB	SP	35951171
0RB1LA_1RC0LA_1RD1RB_1LB1RC	SP	50331593
0RB1LA_1RC0LA_1RD1RB_1LB1RD	SP	83886048
0RB1LA_1RC0LA_1RD1RB_1LC---	SP	50331638
0RB1LA_1RC0LA_1RD1RB_1LD0LA	SP	50331501
0RB1LA_1RC0LA_1RD1RB_1LD1LA	SP	50331500
0RB1LA_1RC0LA_1RD1RB_1LD1LB	SP	75497412
0RB1LA_1RC0LA_1RD1RB_1LD1LC	SP	50331585
0RB1LA_1RC0LA_1RD1RB_1LD1RA	SP	50331542
0RB1LA_1RC0LA_1RD1RB_1LD1RB	SP	50331638
0RB1LA_1RC0LA_1RD1RD_1LA1RB	SP	67108740
0RB1LA_1RC0LA_1RD1RD_1LB1RB	SP	67108740
0RB1LA_1RC0LA_1RD1RD_1LB1RD	DN	99797882
0RB1LA_1RC0LD_0LA1RB_1LB1LB	SP	89511250
0RB1LA_1RC0LD_0LA1RB_1LC1LB	SP	89544015
0RB1LA_1RC0LD_0LA1RB_1RB1LB	SP	88390448
0RB1LA_1RC0LD_1LA0LC_1RD1RC	QH	1
0RB1LA_1RC0LD_1LA1RB_0RB1LB	DN	99532410
0RB1LA_1RC0LD_1LA1RB_0RB1LD	SP	50331550
0RB1LA_1RC0LD_1LA1RB_0RD1LB	DN	99812780
0RB1LA_1RC0LD_1LA1RB_1LB0RC	SP	44682029
0RB1LA_1RC0LD_1LA1RB_1LB1LB	SP	89445746
0RB1LA_1RC0LD_1LA1RB_1RB1LB	SP	88317676
0RB1LA_1RC0LD_1LA1RB_1RD1LB	SP	89478458
0RB1LA_1RC0LD_1LD1RC_0RC0LA	DN	99795221
0RB1LA_1RC0LD_1RD1RB_0LA1LB	SP	89511221
0RB1LA_1RC0RD_0LA1RB_1LB1LC	SP	67108854
0RB1LA_1RC0RD_0LA1RB_1LC1LC	SP	50331504
0RB1LA_1RC0RD_0LD1RB_0LA1LD	SP	67108652
0RB1LA_1RC0RD_1LA1RB_0LA1LD	SP	67108718
0RB1LA_1RC0RD_1LB1RB_0LA1LD	SP	67108858
0RB1LA_1RC0RD_1LD1RB_0LA1LD	SP	67108904
0RB1LA_1RC0RD_1RD1RB_0LA1LD	SP	67108762
0RB1LA_1RC1LB_0LA1RD_0LB0RC	SP	67108931
0RB1LA_1RC1LB_0LB1RD_0LA0RC	DN	92274492
0RB1LA_1RC1LB_0LB1RD_1LA0RC	SP	50331576
0RB1LA_1RC1LB_1LA1RD_0LB0RC	QH	3
0RB1LA_1RC1LC_0LA1RD_0RC0RD	DN	99996607
0RB1LA_1RC1LC_0RD0LA_1LB1RD	DN	99313891
0RB1LA_1RC1LC_1LD0RC_0LA0LC	DN	99987611
0RB1LA_1RC1LC_1RD0LB_0LA1RC	SP	52628903
0RB1LA_1RC1LC_1RD0LB_1LA1RC	SP	80956272
0RB1LA_1RC1LD_0LA1RB_0LA0LB	SP	44739254
0RB1LA_1RC1LD_0LA1RB_0LA0RC	DN	99995609
0RB1LA_1RC1LD_0LA1RB_0RC0LA	SP	78176228
0RB1LA_1RC1LD_0LB1RB_0RC0LA	SP	78176368
0RB1LA_1RC1LD_1LA1RB_0LA0LB	SP	44706504
0RB1LA_1RC1LD_1LA1RB_0RC0LA	SP	48315562
0RB1LA_1RC1LD_1LB1RB_0RC0LA	SP	78176334
0RB1LA_1RC1LD_1LB1RC_0RC0LA	DN	99309705
0RB1LA_1RC1LD_1LB1RC_1RC0LA	SP	89576767
0RB1LA_1RC1LD_1LC1RB_0RC0LA	SP	48315666
0RB1LA_1RC1LD_1LD0RB_0LA1LC	SP	37662951
0RB1LA_1RC1LD_1LD1RB_0RC0LA	SP	48315632
0RB1LA_1RC1LD_1LD1RC_0RC0LA	DN	99800545
0RB1LA_1RC1LD_1RD1RB_0LA0LB	SP	44706526
0RB1LA_1RC1RB_0LD0RC_0LA1LD	DN	99999989
0RB1LA_1RC1RB_1LC0LD_0RA0LA	DN	99805210
0RB1LA_1RC1RB_1LC0LD_1RA0LA	DN	99805210
0RB1LA_1RC1RB_1LD0LA_0RB0LD	DN	99999988
0RB1LA_1RC1RB_1LD0LA_0RC0LD	DN	99999990
0RB1LA_1RC1RB_1LD1LA_0RB0LD	DN	99999990
0RB1LA_1RC1RB_1LD1LA_0RC0LD	DN	99999977
0RB1LA_1RC1RC_1LA1RD_1RB0LA	SP	50331527
0RB1LA_1RC1RC_1LD1RC_---0LA	DN	99804545
0RB1LA_1RC1RC_1LD1RD_1RB0LA	SP	50331527
0RB1LA_1RC1RC_1RD0LA_1LA1RB	SP	83885907
0RB1LA_1RC1RC_1RD0LA_1LC1RB	SP	83886048
0RB1LA_1RC1RD_0LA---_1RB0LA	SP	67108811
0RB1LA_1RC1RD_0LA0LA_1RB1LC	SP	43046720
0RB1LA_1RC1RD_0LA1LC_1RB0RC	SP	83885979
0RB1LA_1RC1RD_0LA1RB_1LD0LA	SP	86093408
0RB1LA_1RC1RD_0LB1RB_1LD0LA	SP	43046750
0RB1LA_1RC1RD_0LC1LA_1RB0LA	SP	67108811
0RB1LA_1RC1RD_0LD0LA_1RB1LC	SP	43046800
0RB1LA_1RC1RD_0RD1RB_1LD0LA	SP	14348920
0RB1LA_1RC1RD_1LA---_1RB0LA	SP	67108717
0RB1LA_1RC1RD_1LA0LA_1RB1LC	SP	43046658
0RB1LA_1RC1RD_1LA1LD_1RB0LC	SP	52563437
0RB1LA_1RC1RD_1LA1RB_0LC0LA	SP	75496953
0RB1LA_1RC1RD_1LA1RB_1LD0LA	SP	43046658
0RB1LA_1RC1RD_1LA1RB_1RC0LA	SP	83885642
0RB1LA_1RC1RD_1LB---_1RB0LA	SP	67108857
0RB1LA_1RC1RD_1LB0LA_1RB1LC	SP	86093438
0RB1LA_1RC1RD_1LB1RB_1LD0LA	SP	86093438
0RB1LA_1RC1RD_1LC0LA_1RB0LA	SP	67108717
0RB1LA_1RC1RD_1LC0LA_1RB1LC	SP	86093408
0RB1LA_1RC1RD_1LC0LA_1RB1RC	SP	23914851
0RB1LA_1RC1RD_1LC1LA_1RB0LA	SP	67108717
0RB1LA_1RC1RD_1LC1LB_1RB0LA	SP	67108774
0RB1LA_1RC1RD_1LC1LD_1RB0LA	SP	50331598
0RB1LA_1RC1RD_1LC1RA_1RB0LA	SP	67108761
0RB1LA_1RC1RD_1LC1RB_1LD0LA	SP	17936146
0RB1LA_1RC1RD_1LC1RD_1RB0LA	SP	67108857
0RB1LA_1RC1RD_1LD0LA_1RB0LA	SP	50331504
0RB1LA_1RC1RD_1LD0LA_1RB1LC	SP	33480768
0RB1LA_1RC1RD_1LD0LB_1RB0LA	SP	67108854
0RB1LA_1RC1RD_1LD0RC_1RB0LA	SP	44739260
0RB1LA_1RC1RD_1LD1LA_1RB0LA	SP	50331416
0RB1LA_1RC1RD_1LD1LB_1RB0LA	SP	50331546
0RB1LA_1RC1RD_1LD1RB_0LC0LA	SP	75497254
0RB1LA_1RC1RD_1LD1RB_1LD0LA	SP	43046720
0RB1LA_1RC1RD_1LD1RB_1RB0LA	SP	67108810
0RB1LA_1RC1RD_1LD1RB_1RC0LA	SP	83885885
0RB1LA_1RC1RD_1LD1RC_1RB0LA	SP	55924024
0RB1LA_1RC1RD_1LD1RD_1RB0LA	SP	23967446
0RB1LA_1RC1RD_1RD1RB_1LD0LA	SP	17936132
0RB1LB_0LC0LC_0RD1LA_1LC1RD	DN	92274379
0RB1LB_0LC0LD_1LD1RC_0RC1LA	SP	58720119
0RB1LB_0LC0RD_1LA1RC_1RB1RA	DN	99975878
0RB1LB_0LC0RD_1LA1RC_1RC1RB	SP	33546279
0RB1LB_0LC1LC_0RD0LA_1LA1RD	DN	99999987
0RB1LB_0LC1RB_1LD0RB_1RA1LC	QH	0
0RB1LB_0LC1RD_1LA0LD_1LB0RD	DN	99994143
0RB1LB_0LC1RD_1LA1LB_1LB0RD	DN	99970228
0RB1LB_0LC1RD_1LA1LC_1RB0RA	DN	99983099
0RB1LB_0LC1RD_1LA1LC_1RB0RB	DN	99952773
0RB1LB_0RC0LA_1RD0LB_1LA1RC	QH	0
0RB1LB_0RC0LA_1RD0LB_1LC1RC	QH	0
0RB1LB_0RC0LA_1RD1RC_1LA1LD	DN	99527124
0RB1LB_0RC0LA_1RD1RC_1LB1LD	SP	69855743
0RB1LB_0RC0LB_1LD1RC_0RA1LA	DN	99999977
0RB1LB_0RC0LB_1LD1RC_0RC1LA	DN	99999965
0RB1LB_0RC0LB_1RD1LA_1LC1RD	DN	99999990
0RB1LB_0RC0LB_1RD1RA_1LA1RC	QH	0
0RB1LB_0RC0LB_1RD1RC_0LA1LD	DN	99999984
0RB1LB_0RC0LB_1RD1RC_1LA---	QH	0
0RB1LB_0RC0LB_1RD1RC_1LD1LA	DN	99999977
0RB1LB_0RC0LC_0RD1LA_1LC1RD	SP	83885658
0RB1LB_0RC0LC_1RD1LC_1LA1RD	QH	0
0RB1LB_0RC0LD_1LA1RC_1RC1LD	QH	3
0RB1LB_0RC0LD_1LB1RC_0LA1LA	DN	99999976
0RB1LB_0RC0LD_1LB1RC_0RC1LA	DN	99999976
0RB1LB_0RC0LD_1LD1RC_0LA1LA	DN	99999992
0RB1LB_0RC0LD_1LD1RC_0RC1LA	SP	71302757
0RB1LB_0RC0LD_1LD1RD_1RC0LA	DN	99999979
0RB1LB_0RC0LD_1RD1RC_1LA0LB	QH	0
0RB1LB_0RC1LA_1LB1RD_1RC0LA	QH	0
0RB1LB_0RC1LA_1RD0LB_1LA1RC	QH	0
0RB1LB_0RC1LA_1RD0LB_1LC1RC	QH	0
0RB1LB_0RC1LB_1LA1RD_1RC0LB	QH	3
0RB1LB_0RC1LB_1LD1RC_0RA0LB	QH	0
0RB1LB_0RC1LB_1LD1RC_1RA0LB	QH	0
0RB1LB_0RC1LB_1RD0LB_1LA1RC	QH	0
0RB1LB_0RC1LC_0RD0LC_1LA1RD	DN	99999978
0RB1LB_0RC1LD_1LA1RC_0LA0LB	DN	99999982
0RB1LB_0RC1LD_1LA1RC_0LA0LD	DN	99999985
0RB1LB_0RC1LD_1LA1RC_0RA0LB	DN	99999982
0RB1LB_0RC1LD_1LA1RC_0RC0LB	DN	99999985
0RB1LB_0RC1LD_1LA1RC_0RC0LD	DN	99999986
0RB1LB_0RC1LD_1LA1RC_1LB0LA	SP	79691345
0RB1LB_0RC1LD_1LA1RC_1RC0LA	DN	99999986
0RB1LB_0RC1LD_1LA1RC_1RD0LA	DN	92274251
0RB1LB_0RC1LD_1LB1RC_0RA0LB	QH	0
0RB1LB_1LA0LC_0RD1LA_1LC1RD	DN	92274559
0RB1LB_1LA0RC_0LD1RB_1RC1LD	QH	2
0RB1LB_1LA0RC_1RB0LD_1LC---	SP	89462154
0RB1LB_1LA1LC_0RD0LA_1LA1RD	DN	99999989
0RB1LB_1LA1LC_1RC0RD_0LB0RC	DN	99999982
0RB1LB_1LA1LC_1RC0RD_0LB1RD	SP	43046750
0RB1LB_1LA1LC_1RD---_0LB0RD	DN	99999990
0RB1LB_1LA1RC_0LA0RD_0LB1RD	SP	78176368
0RB1LB_1LA1RC_1RB0LD_0RB1LD	QH	2
0RB1LB_1LC0LC_0RD1LA_1LC1RD	DN	92274335
0RB1LB_1LC0LC_0RD1LC_1LA1RD	QH	0
0RB1LB_1LC0LC_1RD1LC_1LA1RD	QH	0
0RB1LB_1LC0LD_1LA---_1RD0RB	DN	99914069
0RB1LB_1LC0LD_1LA0LC_1RD1RC	SP	89494776
0RB1LB_1LC0LD_1LD---_1RA1LB	DN	99999956
0RB1LB_1LC0LD_1LD1RC_0RC1LA	SP	58719943
0RB1LB_1LC0RA_0RD0LA_1LA1RD	SP	75497037
0RB1LB_1LC0RA_1RD1LB_0LC0RD	QH	0
0RB1LB_1LC0RD_1LA0LC_1RA0LD	DN	99999955
0RB1LB_1LC1LA_1RC1RD_0LB0RD	QH	0
0RB1LB_1LC1LA_1RD1RB_0LB0RD	QH	0
0RB1LB_1LC1LC_0RD0LA_1LA1RD	DN	99999980
0RB1LB_1LC1LD_1RA0RC_1RC0LD	DN	99995383
0RB1LB_1LC1RB_0RB1LD_0RA0LC	QH	0
0RB1LB_1LC1RB_0RB1LD_1RA0LC	QH	0
0RB1LB_1LC1RB_1RA0LD_0RB1LD	QH	0
0RB1LB_1LC1RC_1RD0LA_0RC1RB	DN	99983152
0RB1LB_1LC1RC_1RD0LA_1LA0RC	DN	99948028
0RB1LB_1LC1RD_1LA0LA_0LB0RD	DN	99999988
0RB1LB_1LC1RD_1LA0RA_0LB0RD	DN	99999988
0RB1LB_1LC1RD_1LA1LB_0LC0RD	SP	67108856
0RB1LB_1LC1RD_1LA1LC_0LB0RD	DN	99999989
0RB1LB_1RC0LA_0LD1RB_0LA1LD	DN	99531881
0RB1LB_1RC0LA_0LD1RB_0RA1LD	DN	99531881
0RB1LB_1RC0LA_0LD1RB_0RC1LD	DN	99529777
0RB1LB_1RC0LA_0LD1RB_1LA1LD	DN	99532939
0RB1LB_1RC0LA_0LD1RB_1LB1LD	DN	99529234
0RB1LB_1RC0LA_0LD1RB_1RA1LD	DN	99532939
0RB1LB_1RC0LA_0LD1RB_1RB1LD	DN	99527122
0RB1LB_1RC0LA_0LD1RB_1RC1LD	DN	99530823
0RB1LB_1RC0LA_1LD0RA_1LB1LC	DN	99999990
0RB1LB_1RC0LA_1LD1RB_0LA1LD	DN	99529762
0RB1LB_1RC0LA_1LD1RB_0RA1LD	DN	99529762
0RB1LB_1RC0LA_1LD1RB_0RB1LD	DN	99532410
0RB1LB_1RC0LA_1LD1RB_0RC0LD	QH	0
0RB1LB_1RC0LA_1LD1RB_0RC1LD	DN	99527650
0RB1LB_1RC0LA_1LD1RB_1LA1LD	DN	99530818
0RB1LB_1RC0LA_1LD1RB_1LB1LD	DN	99357656
0RB1LB_1RC0LA_1LD1RB_1RA1LD	DN	99530818
0RB1LB_1RC0LA_1LD1RB_1RB1LD	DN	99356324
0RB1LB_1RC0LA_1LD1RB_1RC1LD	DN	99528706
0RB1LB_1RC0LA_1RD1RC_0LA1LD	SP	69877276
0RB1LB_1RC0LA_1RD1RC_1LA1LD	SP	69834074
0RB1LB_1RC0LC_1RD1LC_1LA1RD	QH	0
0RB1LB_1RC0LD_0LA1RB_0RB1LD	QH	0
0RB1LB_1RC0LD_0LA1RB_0RC1LD	SP	83885413
0RB1LB_1RC0LD_0LD0RD_1RA1LD	SP	44878542
0RB1LB_1RC0LD_0LD1RA_1RA1LD	SP	44821081
0RB1LB_1RC0LD_1LA0LC_1RD1RC	SP	89527539
0RB1LB_1RC0LD_1LA0RD_1RA1LD	SP	44878566
0RB1LB_1RC0LD_1LA1RA_1RA1LD	SP	44821034
0RB1LB_1RC0LD_1LA1RB_0RB1LD	QH	0
0RB1LB_1RC0LD_1LA1RC_0RC1LD	QH	0
0RB1LB_1RC0LD_1LA1RC_0RD0LA	DN	99999988
0RB1LB_1RC0LD_1LA1RC_1RC1LD	QH	0
0RB1LB_1RC0LD_1LD0RD_1RA1LD	SP	44845472
0RB1LB_1RC0LD_1LD1RA_1RA1LD	SP	44820974
0RB1LB_1RC0LD_1LD1RC_0RB1LA	SP	79691427
0RB1LB_1RC0LD_1LD1RC_0RC1LA	DN	92274291
0RB1LB_1RC0RD_0LD1RB_0LA1LD	DN	99465830
0RB1LB_1RC0RD_1RD1RC_0LA1LD	SP	69909594
0RB1LB_1RC1LA_0LA1RD_0LB0RD	QH	0
0RB1LB_1RC1LB_0LA0RD_0LB1RD	QH	0
0RB1LB_1RC1LB_0LA1RD_0LB0RC	SP	67108883
0RB1LB_1RC1LB_0LB1RD_0LA0RC	QH	0
0RB1LB_1RC1LB_0LB1RD_1LA0RC	QH	0
0RB1LB_1RC1LB_1LA0RD_0LB1RD	QH	0
0RB1LB_1RC1LB_1LA0RD_0LC1RD	DN	99801867
0RB1LB_1RC1LB_1LA1RD_0LB0RC	QH	3
0RB1LB_1RC1LD_1LA0RC_0LD0RB	DN	99999990
0RB1LB_1RC1LD_1LA1RC_0LA0LA	SP	58720128
0RB1LB_1RC1LD_1LA1RC_0RA0LA	SP	58720128
0RB1LB_1RC1LD_1LA1RC_0RC0LA	SP	79691426
0RB1LB_1RC1LD_1LA1RC_0RD0LA	SP	88079986
0RB1LB_1RC1LD_1LA1RC_1RB0LA	SP	58720170
0RB1LB_1RC1LD_1LA1RC_1RC0LA	SP	58720086
0RB1LB_1RC1RD_1LB0LA_1LC0RD	QH	0
0RB1LC_0LC0LD_1LA0RD_1RA1RC	SP	89576754
0RB1LC_0LC0RA_0LD1LD_1RB1LC	DN	99999987
0RB1LC_0LC0RB_1RD1LA_0LA1RB	QH	0
0RB1LC_0LC0RD_1LD0LA_1RB1RD	DN	99999972
0RB1LC_0LC0RD_1RB1LC_0LA1RD	DN	99807212
0RB1LC_0LC0RD_1RB1RD_1LA0LA	DN	99999990
0RB1LC_0LC0RD_1RD0LA_1RB1RA	SP	83884946
0RB1LC_0LC0RD_1RD1LC_0LA1RB	DN	92274490
0RB1LC_0LC1LC_0RD0LA_1LA1RD	DN	99999990
0RB1LC_0LC1RB_1LA0LD_1RA1RA	SP	50331505
0RB1LC_0LC1RB_1LA0LD_1RC1RA	SP	67108855
0RB1LC_0LC1RB_1LA0RD_1LC1RC	SP	88390449
0RB1LC_0LC1RB_1LA0RD_1RA1RC	SP	89544016
0RB1LC_0LC1RB_1LA0RD_1RC1RC	SP	89511251
0RB1LC_0LC1RB_1LA1LD_1RD0RB	SP	86093409
0RB1LC_0LC1RB_1LA1RD_0LA0RB	SP	78176229
0RB1LC_0LC1RB_1LA1RD_0RB0LA	DN	99995610
0RB1LC_0LC1RB_1LA1RD_0RB0RC	SP	44739255
0RB1LC_0LC1RB_1RD1LA_0LA0RD	DN	99999968
0RB1LC_0LC1RB_1RD1LC_0LA0RB	QH	0
0RB1LC_0LC1RB_1RD1LC_1LA0RB	QH	0
0RB1LC_0LC1RC_1LA0RD_0LA1RD	SP	83885414
0RB1LC_0LC1RC_1LA0RD_0LC1RD	QH	1
0RB1LC_0LC1RD_0RD0LA_1LA1RD	DN	92274491
0RB1LC_0LC1RD_0RD0LC_1LA1RB	QH	1
0RB1LC_0LC1RD_1LA0LA_1RA0RD	DN	99999983
0RB1LC_0LC1RD_1LA0LB_0RB1RB	SP	67108653
0RB1LC_0LC1RD_1LA1LB_0RB0LC	SP	89494880
0RB1LC_0LC1RD_1LA1LB_0RB0RC	SP	89511236
0RB1LC_0LC1RD_1RB1LC_0LA0RB	QH	0
0RB1LC_0LC1RD_1RB1LC_1LA0RB	QH	0
0RB1LC_0RC0RC_1LD1RB_1LA0LD	SP	50333591
0RB1LC_0RC1LB_1LA1RD_1RC0LB	QH	3
0RB1LC_0RC1LB_1LD1RC_1RA0LB	QH	0
0RB1LC_0RC1LB_1RD0LB_0LA1RC	QH	0
0RB1LC_0RC1LB_1RD0LB_1LA1RC	QH	0
0RB1LC_0RC1LD_1LB1RC_0RA0LB	QH	0
0RB1LC_0RC1LD_1LB1RC_1RA0LB	QH	0
0RB1LC_0RC1RB_1LB1LD_1LA0LA	SP	83885938
0RB1LC_0RC1RB_1LD0RA_1LA0LA	DN	99999962
0RB1LC_0RC1RB_1LD1LD_1LA0LA	SP	83885892
0RB1LC_0RC1RB_1LD1RD_1LA0LB	SP	78203713
0RB1LC_0RC1RC_1LA0LD_1LC1RB	SP	44747371
0RB1LC_0RC1RC_1LA0RD_0LA1RD	SP	44739024
0RB1LC_0RC1RC_1LA0RD_0LC1RD	QH	1
0RB1LC_0RC1RD_0RD0LC_1LA1RB	QH	1
0RB1LC_1LA0LC_1RB1RD_0RD0LA	DN	99999990
0RB1LC_1LA0LC_1RD0RD_1RB0LA	DN	99999990
0RB1LC_1LA0LC_1RD1LA_1RB1RD	SP	44722873
0RB1LC_1LA0RC_1LD1RB_0LA0LB	DN	99999984
0RB1LC_1LA0RC_1LD1RB_1LA0LB	DN	99999984
0RB1LC_1LA0RC_1LD1RB_1LA0LD	SP	88079272
0RB1LC_1LA1LC_0RD0LA_1LA1RD	DN	92274491
0RB1LC_1LA1RB_0LA0LA_------	SP	50331620
0RB1LC_1LA1RB_0LA0LD_0LA1LD	SP	89543946
0RB1LC_1LA1RB_0LA0LD_0RA0LA	DN	99999956
0RB1LC_1LA1RB_0LA0LD_0RB1LD	DN	99815429
0RB1LC_1LA1RB_0LA0LD_0RD0LA	DN	99999926
0RB1LC_1LA1RB_0LA0LD_1LA1LD	SP	89511234
0RB1LC_1LA1RB_0LA0LD_1RB1LD	SP	89478522
0RB1LC_1LA1RB_0LA1LD_0LA0LA	SP	67108777
0RB1LC_1LA1RB_0LA1LD_0LA0RA	SP	83885914
0RB1LC_1LA1RB_0LA1LD_0LA0RC	SP	83885905
0RB1LC_1LA1RB_0LA1LD_0RA0LA	SP	67108828
0RB1LC_1LA1RB_0LA1LD_0RA0RA	SP	83885956
0RB1LC_1LA1RB_0LA1LD_0RB0LA	SP	58720129
0RB1LC_1LA1RB_0LA1LD_0RB0RA	SP	71302996
0RB1LC_1LA1RB_0LA1LD_0RD0LA	SP	67108649
0RB1LC_1LA1RB_0LA1LD_0RD0RA	DN	99999989
0RB1LC_1LA1RB_0LA1LD_1LA0LA	SP	67108735
0RB1LC_1LA1RB_0LA1LD_1LA0RA	SP	83885872
0RB1LC_1LA1RB_0LA1LD_1RB0LA	SP	67108693
0RB1LC_1LA1RB_0LA1LD_1RB0RA	SP	83885830
0RB1LC_1LA1RB_0LA1LD_1RC0LA	SP	67108819
0RB1LC_1LA1RB_0LA1LD_1RC0RA	SP	83885998
0RB1LC_1LA1RB_0LD0LA_0RA---	DN	99999986
0RB1LC_1LA1RB_0LD0LA_0RB---	SP	50331620
0RB1LC_1LA1RB_0LD0LA_0RD0LA	SP	83885878
0RB1LC_1LA1RB_0LD0LA_0RD1LA	SP	75497274
0RB1LC_1LA1RB_0LD0LA_0RD1LB	SP	50331664
0RB1LC_1LA1RB_0LD0LA_0RD1RA	QH	32
0RB1LC_1LA1RB_0LD0LA_0RD1RB	DN	92274492
0RB1LC_1LA1RB_0LD0LA_1LB---	SP	33554419
0RB1LC_1LA1RB_0LD0LA_1RA0LB	SP	67108928
0RB1LC_1LA1RB_0LD0LA_1RA0LD	SP	50331669
0RB1LC_1LA1RB_0LD0LA_1RA0RA	DN	99999986
0RB1LC_1LA1RB_0LD0LA_1RA0RB	SP	50331588
0RB1LC_1LA1RB_0LD0LA_1RA0RC	SP	75497273
0RB1LC_1LA1RB_0LD0LA_1RA0RD	SP	50331677
0RB1LC_1LA1RB_0LD0LA_1RA1LB	SP	67108722
0RB1LC_1LA1RB_0LD0LA_1RA1LD	SP	67108771
0RB1LC_1LA1RB_0LD0LA_1RA1RA	QH	7
0RB1LC_1LA1RB_0LD0LA_1RC0RA	SP	75497275
0RB1LC_1LA1RB_0LD0LA_1RC0RB	SP	50331665
0RB1LC_1LA1RB_0LD0LA_1RC1LB	SP	33554442
0RB1LC_1LA1RB_0LD0LA_1RC1RA	QH	7
0RB1LC_1LA1RB_0LD0LA_1RD0RB	SP	58720239
0RB1LC_1LA1RB_0LD0LA_1RD1RA	QH	58
0RB1LC_1LA1RB_0LD0LC_1RD1RA	QH	19
0RB1LC_1LA1RB_0LD0LD_0RB1LD	DN	99815429
0RB1LC_1LA1RB_0LD0RA_0RB1LD	DN	99531881
0RB1LC_1LA1RB_0LD1LD_0RA0LA	DN	99999988
0RB1LC_1LA1RB_0LD1LD_0RA0LC	DN	99999990
0RB1LC_1LA1RB_0LD1LD_0RB0LA	SP	58720129
0RB1LC_1LA1RB_0LD1LD_0RD0LA	SP	67108446
0RB1LC_1LA1RB_0LD1LD_1LB0LA	SP	44739183
0RB1LC_1LA1RB_0RB0LA_------	SP	83885886
0RB1LC_1LA1RB_0RB0LD_0LA1LD	SP	89576743
0RB1LC_1LA1RB_0RB0LD_0RB0LA	DN	99999976
0RB1LC_1LA1RB_0RB0LD_0RB0LC	DN	99999964
0RB1LC_1LA1RB_0RB0LD_0RB1LA	DN	99999960
0RB1LC_1LA1RB_0RB0LD_0RB1LD	DN	99313900
0RB1LC_1LA1RB_0RB0LD_1LA1LD	SP	89544005
0RB1LC_1LA1RB_0RB0LD_1RB1LD	QH	2
0RB1LC_1LA1RB_0RB1LD_0LA0LA	SP	75497169
0RB1LC_1LA1RB_0RB1LD_0LA0RC	DN	92274251
0RB1LC_1LA1RB_0RB1LD_0LB0LA	SP	83886028
0RB1LC_1LA1RB_0RB1LD_0LC0LA	SP	75497301
0RB1LC_1LA1RB_0RB1LD_0RA0LA	SP	67108452
0RB1LC_1LA1RB_0RB1LD_0RA0LC	DN	99999964
0RB1LC_1LA1RB_0RB1LD_0RB0LA	SP	62914152
0RB1LC_1LA1RB_0RB1LD_0RB0LC	DN	99999970
0RB1LC_1LA1RB_0RB1LD_0RB0LD	DN	99999984
0RB1LC_1LA1RB_0RB1LD_0RD0LA	SP	71302752
0RB1LC_1LA1RB_0RB1LD_0RD0LC	DN	99999990
0RB1LC_1LA1RB_0RB1LD_1LA0LA	SP	75497127
0RB1LC_1LA1RB_0RB1LD_1LB0LA	SP	83885940
0RB1LC_1LA1RB_0RB1LD_1LC0LA	SP	75497259
0RB1LC_1LA1RB_0RB1LD_1RB0LA	SP	75497085
0RB1LC_1LA1RB_0RB1LD_1RC0LA	SP	75497211
0RB1LC_1LA1RB_0RB1LD_1RD0LA	SP	75497385
0RB1LC_1LA1RB_0RC0LA_------	SP	75497274
0RB1LC_1LA1RB_0RC0LD_0RB0LA	DN	99999983
0RB1LC_1LA1RB_0RC0LD_0RB1LA	DN	99999962
0RB1LC_1LA1RB_0RC0LD_0RB1LD	DN	99315576
0RB1LC_1LA1RB_0RC1LD_0LA0LA	SP	67108821
0RB1LC_1LA1RB_0RC1LD_0LA0RC	SP	83885949
0RB1LC_1LA1RB_0RC1LD_0RB0LA	SP	83885664
0RB1LC_1LA1RB_0RC1LD_0RB0LD	DN	99999982
0RB1LC_1LA1RB_0RC1LD_0RD0LA	SP	67108446
0RB1LC_1LA1RB_0RC1LD_1LA0LA	SP	67108735
0RB1LC_1LA1RB_0RC1LD_1LB0LA	SP	67108810
0RB1LC_1LA1RB_0RC1LD_1RB0LA	SP	67108649
0RB1LC_1LA1RB_0RC1LD_1RC0LA	SP	67108907
0RB1LC_1LA1RB_0RD0LA_---0LA	SP	75497274
0RB1LC_1LA1RB_0RD0LA_---1LA	DN	99999986
0RB1LC_1LA1RB_0RD0LA_---1LB	SP	50331620
0RB1LC_1LA1RB_0RD0LA_---1RB	SP	83885886
0RB1LC_1LA1RB_0RD0LA_0LA0LC	SP	83885879
0RB1LC_1LA1RB_0RD0LA_0LA1LD	SP	50331664
0RB1LC_1LA1RB_0RD0LA_0LB1RD	DN	92274492
0RB1LC_1LA1RB_0RD0LA_0RB0LD	SP	75497274
0RB1LC_1LA1RB_0RD0LA_0RB1LD	DN	92274492
0RB1LC_1LA1RB_0RD0LA_0RC1LD	SP	83885878
0RB1LC_1LA1RB_0RD0LA_1LA0LC	SP	75497275
0RB1LC_1LA1RB_0RD0LA_1LA1LD	SP	50331620
0RB1LC_1LA1RB_0RD0LA_1LA1RD	SP	83885886
0RB1LC_1LA1RB_0RD0LA_1LB0LC	SP	50331665
0RB1LC_1LA1RB_0RD0LA_1LB0RD	DN	99999988
0RB1LC_1LA1RB_0RD0LA_1LB1RD	SP	79691578
0RB1LC_1LA1RB_0RD0LA_1LC1RD	DN	99999962
0RB1LC_1LA1RB_0RD0LA_1RA1LD	SP	50331708
0RB1LC_1LA1RB_0RD0LA_1RB0LC	DN	92274492
0RB1LC_1LA1RB_0RD0LA_1RB1LD	SP	50331576
0RB1LC_1LA1RB_0RD0LA_1RB1RD	SP	75497274
0RB1LC_1LA1RB_0RD0LC_1RD0LA	DN	99999990
0RB1LC_1LA1RB_0RD0LD_0LA1LD	SP	89543970
0RB1LC_1LA1RB_0RD0LD_0RB0LA	DN	99999938
0RB1LC_1LA1RB_0RD0LD_0RB1LA	DN	99999968
0RB1LC_1LA1RB_0RD0LD_0RB1LD	DN	99314738
0RB1LC_1LA1RB_0RD0LD_1LA1LD	SP	89511234
0RB1LC_1LA1RB_0RD0LD_1RB1LD	QH	2
0RB1LC_1LA1RB_0RD1LD_0LA0LA	DN	92274377
0RB1LC_1LA1RB_0RD1LD_0LB0LA	SP	58720118
0RB1LC_1LA1RB_0RD1LD_0RA0LA	SP	83885656
0RB1LC_1LA1RB_0RD1LD_0RB0LA	SP	71302756
0RB1LC_1LA1RB_0RD1LD_0RB0LD	DN	99999964
0RB1LC_1LA1RB_0RD1LD_0RD0LA	SP	79691356
0RB1LC_1LA1RB_0RD1LD_1LA0LA	DN	92274335
0RB1LC_1LA1RB_0RD1LD_1LB0LA	SP	58719950
0RB1LC_1LA1RB_0RD1LD_1LC0LA	DN	92274555
0RB1LC_1LA1RB_0RD1LD_1RB0LA	DN	92274293
0RB1LC_1LA1RB_0RD1LD_1RC0LA	DN	92274419
0RB1LC_1LA1RB_0RD1LD_1RD0LA	DN	92274765
0RB1LC_1LA1RB_1LA0LA_------	SP	50331576
0RB1LC_1LA1RB_1LA0LD_0LA1LD	SP	89543922
0RB1LC_1LA1RB_1LA0LD_0RA0LA	DN	99999965
0RB1LC_1LA1RB_1LA0LD_0RB1LD	DN	99814371
0RB1LC_1LA1RB_1LA0LD_0RD0LA	DN	99999978
0RB1LC_1LA1RB_1LA0LD_1LA1LD	SP	89511210
0RB1LC_1LA1RB_1LA0LD_1RB1LD	SP	89478498
0RB1LC_1LA1RB_1LA0RD_0LB1RC	DN	99530823
0RB1LC_1LA1RB_1LA0RD_0LC1RC	DN	99530823
0RB1LC_1LA1RB_1LA0RD_0LC1RD	SP	50331484
0RB1LC_1LA1RB_1LA0RD_0LD1RC	DN	99810135
0RB1LC_1LA1RB_1LA0RD_1LB1RC	SP	88366154
0RB1LC_1LA1RB_1LA0RD_1LC1RC	SP	88366154
0RB1LC_1LA1RB_1LA0RD_1LD1RC	SP	89511211
0RB1LC_1LA1RB_1LA0RD_1RB1RC	SP	89478499
0RB1LC_1LA1RB_1LA0RD_1RC1RC	SP	89478499
0RB1LC_1LA1RB_1LA1LD_0LA0LA	SP	67108733
0RB1LC_1LA1RB_1LA1LD_0LA0RC	SP	83885861
0RB1LC_1LA1RB_1LA1LD_0RA0LA	SP	67108740
0RB1LC_1LA1RB_1LA1LD_0RB0LA	SP	58720087
0RB1LC_1LA1RB_1LA1LD_0RD0LA	SP	67108607
0RB1LC_1LA1RB_1LA1LD_1LA0LA	SP	67108691
0RB1LC_1LA1RB_1LA1LD_1RB0LA	SP	67108649
0RB1LC_1LA1RB_1LA1LD_1RC0LA	SP	67108775
0RB1LC_1LA1RB_1LA1RD_0LB0RC	SP	44739206
0RB1LC_1LA1RB_1LB0LD_0LA1LD	SP	50356107
0RB1LC_1LA1RB_1LB0LD_0RB1LD	DN	99391958
0RB1LC_1LA1RB_1LB0LD_1LA1LD	SP	50331609
0RB1LC_1LA1RB_1LB0LD_1RB1LD	SP	50307111
0RB1LC_1LA1RB_1LB1LD_---0LA	SP	67108766
0RB1LC_1LA1RB_1LB1LD_0LA0RC	SP	83885934
0RB1LC_1LA1RB_1LD0LA_0RB---	SP	50331576
0RB1LC_1LA1RB_1LD0LA_0RC---	SP	50331664
0RB1LC_1LA1RB_1LD0LA_0RD0LA	SP	50331664
0RB1LC_1LA1RB_1LD0LA_0RD0RB	DN	92274492
0RB1LC_1LA1RB_1LD0LA_0RD0RC	SP	83885878
0RB1LC_1LA1RB_1LD0LA_0RD1LA	SP	50331620
0RB1LC_1LA1RB_1LD0LA_0RD1RA	SP	50331708
0RB1LC_1LA1RB_1LD0LA_0RD1RB	SP	50331576
0RB1LC_1LA1RB_1LD0LA_1LB---	SP	33554331
0RB1LC_1LA1RB_1LD0LA_1RD0RB	SP	50331546
0RB1LC_1LA1RB_1LD0LA_1RD0RC	SP	50331714
0RB1LC_1LA1RB_1LD0LD_0LA1LD	SP	50356129
0RB1LC_1LA1RB_1LD0LD_0RB1LD	QH	2
0RB1LC_1LA1RB_1LD0LD_0RD0LA	DN	99999987
0RB1LC_1LA1RB_1LD0LD_1LA1LD	SP	50331609
0RB1LC_1LA1RB_1LD0LD_1RB1LD	QH	2
0RB1LC_1LA1RB_1LD0RA_0LA0LA	SP	83885979
0RB1LC_1LA1RB_1LD0RA_0RB0LA	SP	75497039
0RB1LC_1LA1RB_1LD0RA_0RD0LA	DN	99999989
0RB1LC_1LA1RB_1LD0RA_1LA0LA	SP	83885935
0RB1LC_1LA1RB_1LD0RA_1RB0LA	SP	83885891
0RB1LC_1LA1RB_1LD0RA_1RC0LA	SP	83886067
0RB1LC_1LA1RB_1LD1LD_0LA0LA	SP	67108810
0RB1LC_1LA1RB_1LD1LD_0LA0RC	SP	83885978
0RB1LC_1LA1RB_1LD1LD_0RB0LA	SP	58720087
0RB1LC_1LA1RB_1LD1LD_0RD0LA	SP	67108691
0RB1LC_1LA1RB_1LD1LD_1LA0LA	SP	67108766
0RB1LC_1LA1RB_1LD1LD_1RB0LA	SP	67108722
0RB1LC_1LA1RB_1LD1LD_1RC0LA	SP	67108854
0RB1LC_1LA1RB_1RA0LA_------	SP	50331664
0RB1LC_1LA1RB_1RA0LD_0RB1LD	DN	99816487
0RB1LC_1LA1RB_1RA1LD_0LA0LA	SP	67108854
0RB1LC_1LA1RB_1RA1LD_0LA0RC	SP	83886022
0RB1LC_1LA1RB_1RA1LD_0LC0LA	SP	44739106
0RB1LC_1LA1RB_1RA1LD_0RB0LA	SP	58720129
0RB1LC_1LA1RB_1RA1LD_0RD0LA	SP	67108733
0RB1LC_1LA1RB_1RA1LD_1LA0LA	SP	67108810
0RB1LC_1LA1RB_1RA1LD_1RB0LA	SP	67108766
0RB1LC_1LA1RB_1RA1LD_1RC0LA	SP	67108898
0RB1LC_1LA1RB_1RB0LA_------	SP	50331532
0RB1LC_1LA1RB_1RB0LD_0LA1LD	SP	89543898
0RB1LC_1LA1RB_1RB0LD_0RA0LA	DN	99999968
0RB1LC_1LA1RB_1RB0LD_0RA1LD	SP	89609652
0RB1LC_1LA1RB_1RB0LD_0RB1LD	QH	2
0RB1LC_1LA1RB_1RB0LD_0RD0LA	DN	99999960
0RB1LC_1LA1RB_1RB0LD_1LA1LD	SP	89511186
0RB1LC_1LA1RB_1RB0LD_1RB1LD	QH	2
0RB1LC_1LA1RB_1RB1LD_0LA0LA	SP	67108689
0RB1LC_1LA1RB_1RB1LD_0LA0RC	SP	83885817
0RB1LC_1LA1RB_1RB1LD_0RA0LA	SP	67108652
0RB1LC_1LA1RB_1RB1LD_0RB0LA	SP	58720045
0RB1LC_1LA1RB_1RB1LD_0RD0LA	SP	67108565
0RB1LC_1LA1RB_1RB1LD_1LA0LA	SP	67108647
0RB1LC_1LA1RB_1RB1LD_1RB0LA	SP	67108605
0RB1LC_1LA1RB_1RB1LD_1RC0LA	SP	67108731
0RB1LC_1LA1RB_1RC1LD_0LA0LA	SP	67108821
0RB1LC_1LA1RB_1RC1LD_0LA0RC	SP	83885993
0RB1LC_1LA1RB_1RC1LD_0RA0LA	SP	67108916
0RB1LC_1LA1RB_1RC1LD_0RB0LA	SP	58720171
0RB1LC_1LA1RB_1RC1LD_0RD0LA	SP	67108691
0RB1LC_1LA1RB_1RC1LD_1LA0LA	SP	67108779
0RB1LC_1LA1RB_1RC1LD_1RB0LA	SP	67108737
0RB1LC_1LA1RB_1RC1LD_1RC0LA	SP	67108863
0RB1LC_1LA1RB_1RD0LA_---1LB	SP	50331576
0RB1LC_1LA1RB_1RD0LA_---1LC	SP	50331664
0RB1LC_1LA1RB_1RD0LA_---1RB	SP	50331532
0RB1LC_1LA1RB_1RD0LA_---1RC	SP	50332491
0RB1LC_1LA1RB_1RD0LA_0LA1RD	SP	50331720
0RB1LC_1LA1RB_1RD0LA_0LB1RD	SP	50331576
0RB1LC_1LA1RB_1RD0LA_0RA0LD	SP	83885878
0RB1LC_1LA1RB_1RD0LA_0RB1LD	SP	50331620
0RB1LC_1LA1RB_1RD0LA_0RC1LD	SP	50331708
0RB1LC_1LA1RB_1RD0LA_1LA1RD	SP	50331532
0RB1LC_1LA1RB_1RD0LA_1LB1LD	SP	33554353
0RB1LC_1LA1RB_1RD0LA_1LB1RD	SP	50331419
0RB1LC_1LA1RB_1RD0LA_1RB1RD	SP	50331377
0RB1LC_1LA1RB_1RD0LD_0LA1LD	SP	50356151
0RB1LC_1LA1RB_1RD0LD_0RB1LD	QH	2
0RB1LC_1LA1RB_1RD0LD_1LA1LD	SP	50331631
0RB1LC_1LA1RB_1RD0LD_1RB1LD	QH	2
0RB1LC_1LA1RC_0LC1RD_1RB0RD	QH	2
0RB1LC_1LA1RC_1LA0RD_0LA1RD	SP	55923733
0RB1LC_1LA1RC_1LA0RD_0LC1RD	QH	1
0RB1LC_1LA1RC_1LD0RC_0LA0LC	DN	99996657
0RB1LC_1LA1RC_1RB0LD_0RB1LD	SP	50330030
0RB1LC_1LA1RC_1RB0LD_0RC1LD	QH	2
0RB1LC_1LC---_0RD0LA_1LA1RD	SP	83885884
0RB1LC_1LC0LA_0RD1LB_1LA1RD	DN	99999988
0RB1LC_1LC0LA_0RD1LC_1LB1RD	DN	99805878
0RB1LC_1LC0LC_0RD1LA_1RD1RB	SP	78176230
0RB1LC_1LC0LC_1RD1LA_1RB1RD	SP	44657495
0RB1LC_1LC0LD_0RD0LA_1RB1RD	DN	99999962
0RB1LC_1LC0LD_1LA0RD_1RA1RC	SP	65816467
0RB1LC_1LC0RA_1LD---_1RB0LC	QH	1
0RB1LC_1LC0RA_1RA1LD_0LC---	QH	1
0RB1LC_1LC0RC_0LD0LA_1RA1RB	DN	99964459
0RB1LC_1LC0RC_1LD1RB_1LA0LD	SP	50334093
0RB1LC_1LC0RD_1LA0LC_1RB1LD	DN	99998398
0RB1LC_1LC0RD_1LA0LC_1RB1RA	SP	83885979
0RB1LC_1LC0RD_1LA0LC_1RB1RD	DN	99999989
0RB1LC_1LC0RD_1LA1RB_1RC0LC	DN	99999971
0RB1LC_1LC0RD_1RD0LC_1LA1RB	DN	99976260
0RB1LC_1LC1LA_0RD0LA_1RB1RD	DN	99999986
0RB1LC_1LC1LB_0RD0LA_1RB1RD	SP	17455331
0RB1LC_1LC1RA_0LD0LB_1LA0RB	SP	22844007
0RB1LC_1LC1RA_0LD0LB_1LA1LD	SP	22829347
0RB1LC_1LC1RA_0LD0LB_1LA1RD	QH	7968795
0RB1LC_1LC1RA_1LD0LB_1RB0LA	QH	7972431
0RB1LC_1LC1RA_1LD0LB_1RB1LC	QH	7965161
0RB1LC_1LC1RA_1LD0LB_1RC0LA	QH	7968795
0RB1LC_1LC1RA_1LD0LB_1RC1LC	QH	7961525
0RB1LC_1LC1RA_1RD1LB_0LC0RD	QH	0
0RB1LC_1LC1RB_0LD0LA_1RA0RA	DN	99999987
0RB1LC_1LC1RB_0LD0LA_1RA0RC	DN	99999987
0RB1LC_1LC1RB_0LD0LA_1RD1RA	QH	4
0RB1LC_1LC1RB_0LD1LD_0RA0LA	DN	99999979
0RB1LC_1LC1RB_0LD1RD_1LA0RB	SP	44804692
0RB1LC_1LC1RB_0RB0LD_0RB1LA	DN	99999974
0RB1LC_1LC1RB_0RB1LD_0RA0LA	DN	99999968
0RB1LC_1LC1RB_0RB1LD_0RA0LC	QH	0
0RB1LC_1LC1RB_0RB1LD_0RB0LA	DN	99999960
0RB1LC_1LC1RB_0RB1LD_0RD0LA	DN	99999962
0RB1LC_1LC1RB_0RC1LD_0RB0LA	DN	99999989
0RB1LC_1LC1RB_0RD0LA_1LB1RD	DN	99999985
0RB1LC_1LC1RB_0RD0LA_1RB1RD	DN	99999990
0RB1LC_1LC1RB_1LA0RD_0LA1RC	SP	88366132
0RB1LC_1LC1RB_1LA0RD_0LA1RD	SP	67108741
0RB1LC_1LC1RB_1LA0RD_0LC1RC	DN	99527104
0RB1LC_1LC1RB_1LA0RD_0LD1RC	DN	99805358
0RB1LC_1LC1RB_1LA0RD_1LC1RC	SP	88341904
0RB1LC_1LC1RB_1LA0RD_1LD1RC	SP	50380734
0RB1LC_1LC1RB_1LA0RD_1RA1RC	SP	57280643
0RB1LC_1LC1RB_1LA0RD_1RC1RC	SP	50356214
0RB1LC_1LC1RC_1LA0RD_0LA1RD	SP	67108189
0RB1LC_1LC1RC_1LA0RD_0LC1RD	QH	1
0RB1LC_1LC1RC_1RA0LD_0RA1LD	SP	83885819
0RB1LC_1LC1RD_0LD1LA_1RB0LC	SP	89478506
0RB1LC_1LC1RD_0RD0LA_0LD1RB	DN	99999986
0RB1LC_1LC1RD_0RD0LA_1LC1RB	DN	99999986
0RB1LC_1LC1RD_0RD0LC_1LA1RB	SP	78176230
0RB1LC_1LC1RD_1LA0LA_0LB0RD	DN	99999976
0RB1LC_1LC1RD_1LA0LB_0LA0RC	SP	33554466
0RB1LC_1LC1RD_1LA0LB_0RB0RC	SP	33505395
0RB1LC_1LC1RD_1LA0LB_1LA0RC	SP	75497430
0RB1LC_1LC1RD_1LA0LB_1LD0RC	SP	33554488
0RB1LC_1LC1RD_1LA0LC_0RD1RB	DN	99986625
0RB1LC_1LC1RD_1LA0LC_1RA1RD	DN	99983837
0RB1LC_1LC1RD_1LA1LC_0LB0RD	DN	99999987
0RB1LC_1RC---_1LD0RC_0LA0LC	DN	99982033
0RB1LC_1RC0LA_0RD0LD_1LD1RB	QH	0
0RB1LC_1RC0LA_0RD1LC_1LB1RD	DN	99807194
0RB1LC_1RC0LA_1LA0RD_0LA1RD	SP	89478481
0RB1LC_1RC0LA_1LA0RD_0LC1RD	DN	99876729
0RB1LC_1RC0LA_1RD1LA_0LB0RD	DN	99999977
0RB1LC_1RC0LC_0LA0RD_1RA1RA	DN	99999990
0RB1LC_1RC0LC_1LD0RC_0LA1LA	DN	99983499
0RB1LC_1RC0LC_1LD0RC_0LB0LA	DN	99999884
0RB1LC_1RC0LD_0RD0LA_1LA1RD	QH	5
0RB1LC_1RC0LD_1LA0LD_1LB1RA	SP	75472860
0RB1LC_1RC0LD_1LA0RA_1LB0LD	DN	99999985
0RB1LC_1RC0LD_1LA0RB_1LB---	SP	50319346
0RB1LC_1RC0LD_1LA0RD_1RA0LA	SP	21551786
0RB1LC_1RC0LD_1LA0RD_1RA1RC	SP	14388250
0RB1LC_1RC0LD_1LA1RB_0RB1LD	QH	5
0RB1LC_1RC0LD_1LD1RB_---0LA	DN	99999990
0RB1LC_1RC0LD_1RD0RB_1LB1LA	DN	99976114
0RB1LC_1RC0RC_1LA1RD_1RB0LA	DN	99999974
0RB1LC_1RC0RD_1LA0LB_1RB0LC	SP	89478804
0RB1LC_1RC0RD_1LA0LC_1RB1RA	DN	95869769
0RB1LC_1RC0RD_1LA0LC_1RB1RD	DN	99999973
0RB1LC_1RC0RD_1LA1RB_1RA0LC	SP	27961977
0RB1LC_1RC0RD_1LA1RD_1LB0LA	DN	99999990
0RB1LC_1RC0RD_1LD1RB_0LD0LA	DN	99999988
0RB1LC_1RC1LB_0RD0LA_1LA1RD	QH	5
0RB1LC_1RC1LB_0RD0RA_1LD0LB	SP	44812923
0RB1LC_1RC1LB_1LA0RD_0LA1RD	SP	67108932
0RB1LC_1RC1LB_1LA0RD_0LC1RD	SP	50331685
0RB1LC_1RC1LB_1LA1RD_0LB0RC	QH	3
0RB1LC_1RC1LC_0RD0LA_1LA1RD	QH	5
0RB1LC_1RC1LC_1LD0RC_0LB0LA	DN	99987554
0RB1LC_1RC1LD_0RD0LA_1LA1RD	QH	5
0RB1LC_1RC1LD_1LA0RD_0LA1RD	SP	67108974
0RB1LC_1RC1RA_0LA0LD_1RA1LD	SP	33538085
0RB1LC_1RC1RA_0RD0RC_1LD0LB	SP	16185121
0RB1LC_1RC1RA_1LA0LD_1LB1LA	SP	31365474
0RB1LC_1RC1RA_1LA0LD_1LB1RA	SP	25092398
0RB1LC_1RC1RA_1LD1RB_1LA0LD	DN	99999989
0RB1LC_1RC1RB_1LA0RD_0LA0LA	SP	75497440
0RB1LC_1RC1RB_1LA0RD_0LA1RC	SP	50356164
0RB1LC_1RC1RB_1LA0RD_0LC0LA	DN	99895942
0RB1LC_1RC1RB_1LA0RD_0LC1RC	DN	99529225
0RB1LC_1RC1RB_1LA0RD_0LC1RD	SP	50331405
0RB1LC_1RC1RB_1LA0RD_0LD0LA	DN	99677408
0RB1LC_1RC1RB_1LA0RD_0LD1RC	DN	99808535
0RB1LC_1RC1RB_1LA0RD_1LC0LA	SP	58829338
0RB1LC_1RC1RB_1LA0RD_1LC1RC	SP	88293447
0RB1LC_1RC1RB_1LA0RD_1LD0LA	SP	75534220
0RB1LC_1RC1RB_1LA0RD_1LD1RC	SP	50356139
0RB1LC_1RC1RB_1LA0RD_1RA0LA	SP	33641180
0RB1LC_1RC1RB_1LA0RD_1RA1RC	SP	22442020
0RB1LC_1RC1RB_1LA0RD_1RC0LA	SP	75485180
0RB1LC_1RC1RB_1LA0RD_1RC1RC	SP	50331619
0RB1LC_1RC1RB_1LA1RD_0RB0RC	SP	71582795
0RB1LC_1RC1RB_1LD1LA_0RC0LD	DN	99999977
0RB1LC_1RC1RC_1LA0RD_0LA1RD	SP	55923711
0RB1LC_1RC1RC_1LA0RD_0LC1RD	QH	1
0RB1LC_1RC1RD_0LC1LA_1LB0RD	DN	99999991
0RB1LC_1RC1RD_0LC1LA_1RB0LC	SP	67108811
0RB1LC_1RC1RD_0LC1LA_1RB0RA	SP	83885979
0RB1LC_1RC1RD_0LC1LB_1LA0RD	DN	99999974
0RB1LC_1RC1RD_0RD0LA_1LA1RD	QH	5
0RB1LC_1RC1RD_0RD0LC_1LA1RB	QH	1
0RB1LC_1RC1RD_1LA1LA_1RB0LC	SP	89478445
0RB1LC_1RC1RD_1LA1LB_0LC0RB	SP	50331619
0RB1LC_1RC1RD_1LA1LB_1RA0RB	SP	34921779
0RB1LC_1RC1RD_1LA1LB_1RC0RB	SP	89445673
0RB1LC_1RC1RD_1LB0LC_1LA0RD	DN	99999973
0RB1LC_1RC1RD_1LB1LA_1RB0LC	SP	67108857
0RB1LC_1RC1RD_1LC1LA_1RB0LC	SP	67108717
0RB1LC_1RC1RD_1LD1RA_1LA0LC	DN	99998060
0RB1LD_0LC0RB_1RD0LA_1RB1LC	SP	67108559
0RB1LD_0LC1LD_1LA1RC_0RC0LA	SP	67108930
0RB1LD_0LC1RB_0LD1RD_1LA0RC	DN	99531883
0RB1LD_0LC1RB_1LA1RA_0LA0LD	DN	99996608
0RB1LD_0LC1RB_1LA1RC_0RC0LA	SP	67108932
0RB1LD_0LC1RB_1LD1RD_1LA0RC	SP	52628904
0RB1LD_0LC1RB_1RB1RD_1LA0RC	SP	89494880
0RB1LD_0LC1RB_1RD0RA_1LA0LD	DN	99982550
0RB1LD_0LC1RB_1RD1RD_1LA0RC	SP	89478522
0RB1LD_0LC1RC_1LA1RB_0RC0LD	QH	1
0RB1LD_0LC1RC_1LA1RC_0RC0LA	SP	67108884
0RB1LD_0LC1RD_0LD1RC_1LA0RC	QH	1
0RB1LD_0LC1RD_1LA1LC_1RB0LA	SP	88378267
0RB1LD_0LC1RD_1LD1LC_1RB0LA	SP	50356165
0RB1LD_0LC1RD_1RB1LC_1LA0RB	QH	0
0RB1LD_0LC1RD_1RD1LC_1RB0LA	SP	88366133
0RB1LD_0RC0LA_1LB1RD_1LA1RB	SP	67108874
0RB1LD_0RC0LA_1LD1RD_1LA1RB	SP	33554349
0RB1LD_0RC0LA_1RD1RB_1LA---	SP	50331500
0RB1LD_0RC0LA_1RD1RD_1LA1RB	SP	67108850
0RB1LD_0RC0RC_1RD0LD_1LA1RB	DN	99999946
0RB1LD_0RC1LB_1LA1RC_0LA0LB	DN	99315579
0RB1LD_0RC1LB_1LA1RC_0LB0LB	DN	99816490
0RB1LD_0RC1LB_1LA1RC_0LB0RA	DN	99532940
0RB1LD_0RC1LB_1LA1RC_0RB0LB	DN	99315579
0RB1LD_0RC1LB_1LA1RC_0RC0LB	DN	99314741
0RB1LD_0RC1LB_1LA1RC_0RD0LB	DN	99317255
0RB1LD_0RC1LB_1LA1RC_1LA0LB	DN	99815432
0RB1LD_0RC1LB_1LA1RC_1LB0LB	QH	3
0RB1LD_0RC1LB_1LA1RC_1LC0LB	DN	99393017
0RB1LD_0RC1LB_1LA1RC_1RA0LB	DN	99817548
0RB1LD_0RC1LB_1LA1RC_1RB0LB	QH	3
0RB1LD_0RC1LB_1LA1RC_1RC0LB	QH	3
0RB1LD_0RC1LB_1LA1RD_1RC0LB	SP	50330073
0RB1LD_0RC1LB_1LB1RD_1RC0LA	DN	99671270
0RB1LD_0RC1LB_1RD0LB_1LA1RC	QH	6
0RB1LD_0RC1LD_1LB1RC_1RA0LB	QH	0
0RB1LD_0RC1RA_1LD1RB_1LA0LA	SP	67108718
0RB1LD_0RC1RB_0LD1LD_1LA0LA	SP	67108701
0RB1LD_0RC1RB_0LD1RC_1LA0LB	SP	67108654
0RB1LD_0RC1RB_0LD1RC_1LA0RC	SP	50331530
0RB1LD_0RC1RB_0LD1RD_1LA0LB	DN	99465832
0RB1LD_0RC1RB_0LD1RD_1LA0RC	DN	99531883
0RB1LD_0RC1RB_1LB1RD_1LA0LB	SP	75460605
0RB1LD_0RC1RB_1LB1RD_1LA0RC	SP	50319351
0RB1LD_0RC1RB_1LD0RA_1LA0LD	DN	99977581
0RB1LD_0RC1RB_1LD0RD_1LA0LD	DN	99983636
0RB1LD_0RC1RB_1LD1LA_1LA0LD	DN	99991409
0RB1LD_0RC1RB_1LD1RB_1LA0LD	DN	99982174
0RB1LD_0RC1RB_1LD1RD_1LA0LB	SP	78856822
0RB1LD_0RC1RB_1LD1RD_1LA0RC	SP	52591438
0RB1LD_0RC1RB_1RD0LB_1LA0LB	SP	25122890
0RB1LD_0RC1RB_1RD0LB_1LA0RC	SP	75436105
0RB1LD_0RC1RB_1RD1LD_1LA0LA	SP	44739210
0RB1LD_0RC1RB_1RD1RA_1LA0LB	SP	31395966
0RB1LD_0RC1RB_1RD1RD_1LA0LB	SP	75448343
0RB1LD_0RC1RB_1RD1RD_1LA0RC	SP	50307089
0RB1LD_0RC1RC_1LA1RB_0LA0LD	DN	99999988
0RB1LD_0RC1RC_1LA1RB_0RC0LD	QH	1
0RB1LD_0RC1RD_0LD1RC_1LA0RC	QH	1
0RB1LD_1LA0RC_0LD1RB_1RC1LD	QH	2
0RB1LD_1LA0RC_0LD1RC_1RB1LD	QH	2
0RB1LD_1LA0RC_1RB1LC_0LA0LD	DN	99986395
0RB1LD_1LA0RC_1RB1RA_1LA0LD	SP	83885933
0RB1LD_1LA0RC_1RB1RC_0LB1LA	DN	99979161
0RB1LD_1LA0RC_1RD1RB_0LA---	SP	50331502
0RB1LD_1LA1RC_0RD1RB_1LD0LA	SP	50331596
0RB1LD_1LA1RC_0RD1RB_1RB0LA	SP	33554472
0RB1LD_1LA1RC_1LA1RB_0RC0LD	QH	1
0RB1LD_1LA1RC_1LA1RC_0RC0LA	SP	83885885
0RB1LD_1LA1RC_1LB1RB_---0LA	SP	50331640
0RB1LD_1LA1RC_1LD1RB_---0LA	SP	50331460
0RB1LD_1LA1RC_1RB0LA_0RB0LA	DN	99999965
0RB1LD_1LA1RC_1RB0LA_0RB0LD	DN	99999970
0RB1LD_1LA1RC_1RB0LA_0RD0LA	DN	99999982
0RB1LD_1LA1RC_1RB0LB_---0LA	DN	99999978
0RB1LD_1LA1RC_1RB0LD_---0LA	DN	99999991
0RB1LD_1LA1RC_1RB0LD_---1LA	SP	67108765
0RB1LD_1LA1RC_1RB0LD_0RB0LD	DN	99999986
0RB1LD_1LA1RC_1RB0LD_0RB1LD	QH	2
0RB1LD_1LA1RC_1RB0LD_0RC1LD	QH	2
0RB1LD_1LA1RC_1RB0RA_0LD1LA	SP	83885933
0RB1LD_1LA1RC_1RB0RC_0LA0LD	DN	99999932
0RB1LD_1LA1RC_1RB0RC_0LD0LA	DN	99999977
0RB1LD_1LA1RC_1RB0RC_0LD0LB	QH	9
0RB1LD_1LA1RC_1RB0RC_0LD1LA	DN	99999984
0RB1LD_1LA1RC_1RB0RC_0LD1RB	QH	2
0RB1LD_1LA1RC_1RB0RC_0LD1RC	QH	2
0RB1LD_1LA1RC_1RB1RA_0RB0LD	DN	99999980
0RB1LD_1LA1RC_1RB1RB_---0LA	SP	50331596
0RB1LD_1LA1RC_1RB1RC_0RC0LD	QH	2
0RB1LD_1LA1RC_1RD0LB_1LC0RC	DN	99999986
0RB1LD_1LA1RC_1RD0RB_1RB0LD	DN	99988299
0RB1LD_1LA1RC_1RD0RC_0LD1RB	QH	2
0RB1LD_1LA1RC_1RD1RB_1LB0LA	SP	43140900
0RB1LD_1LC0LA_0RC1RB_1RC0LD	QH	0
0RB1LD_1LC0LA_1RD0LB_1LA0RC	SP	89429432
0RB1LD_1LC0LB_1RD0LB_1LA0RC	SP	89462085
0RB1LD_1LC0LB_1RD1LA_1LA0RC	SP	33529846
0RB1LD_1LC0LC_1RA1RD_1LA0RC	SP	14396998
0RB1LD_1LC0RA_1LA1RC_0RC0LA	DN	99999991
0RB1LD_1LC0RA_1RD1LB_0LC0RD	QH	0
0RB1LD_1LC0RC_1LA1RC_0RC0LA	DN	92274491
0RB1LD_1LC0RC_1RB1RA_1LA0LD	SP	83886065
0RB1LD_1LC0RC_1RD0LB_1LA0RC	SP	50319406
0RB1LD_1LC0RC_1RD0LD_1LA1RB	DN	99999955
0RB1LD_1LC0RD_1RA1LB_0LB1RD	QH	0
0RB1LD_1LC0RD_1RA1LB_0LC1RD	QH	0
0RB1LD_1LC0RD_1RD0LB_1LA0RC	SP	89527664
0RB1LD_1LC0RD_1RD1LB_1RB0LA	SP	44698281
0RB1LD_1LC1LA_0RC1RB_1RC0LD	QH	0
0RB1LD_1LC1LB_1RD0LB_1LA0RC	SP	34921848
0RB1LD_1LC1LC_1RD0LB_1LA0RC	SP	89429410
0RB1LD_1LC1LD_1LA1RC_0RC0LA	SP	67108838
0RB1LD_1LC1RA_0RA0LD_0LC---	DN	99999993
0RB1LD_1LC1RA_1RD0LB_1LA0RC	SP	50319429
0RB1LD_1LC1RA_1RD1LB_0LC0RD	QH	0
0RB1LD_1LC1RB_0LD0LA_0RD1LA	DN	99583430
0RB1LD_1LC1RB_0LD1RC_1LA0RC	SP	50331627
0RB1LD_1LC1RB_0LD1RD_1LA0RC	DN	99532924
0RB1LD_1LC1RB_0RA0LA_0LC0LA	DN	99999982
0RB1LD_1LC1RB_0RA0LA_0LC0LD	DN	99999990
0RB1LD_1LC1RB_0RA0LA_0LC1LC	DN	99999988
0RB1LD_1LC1RB_0RA0LA_0LC1RD	DN	99999966
0RB1LD_1LC1RB_0RA0LA_0RB1LA	DN	99807214
0RB1LD_1LC1RB_0RA0LA_0RB1LD	DN	99807212
0RB1LD_1LC1RB_0RA0LA_0RD1LA	DN	99583430
0RB1LD_1LC1RB_0RA0LD_0LC1LD	DN	99805875
0RB1LD_1LC1RB_0RA0LD_0RB0LA	DN	99999974
0RB1LD_1LC1RB_0RA0LD_0RB1LA	DN	99807214
0RB1LD_1LC1RB_0RA0LD_0RB1LD	QH	0
0RB1LD_1LC1RB_0RA1LA_0LC0LA	DN	99999981
0RB1LD_1LC1RB_0RA1LA_0LC0LD	DN	99999984
0RB1LD_1LC1RB_0RA1LA_0RB0LA	DN	99999984
0RB1LD_1LC1RB_0RA1LA_0RB0LD	DN	99999985
0RB1LD_1LC1RB_0RA1LA_0RC0LA	DN	99999981
0RB1LD_1LC1RB_0RA1LA_1LA0LC	SP	79691344
0RB1LD_1LC1RB_0RA1LA_1RB0LC	DN	99999985
0RB1LD_1LC1RB_0RA1LA_1RD0LC	DN	92274250
0RB1LD_1LC1RB_0RB0LA_0RB0LC	DN	99999983
0RB1LD_1LC1RB_0RB0LA_0RB1LA	DN	99805880
0RB1LD_1LC1RB_0RB0LA_0RB1LC	DN	99999974
0RB1LD_1LC1RB_0RB0LA_0RB1LD	DN	99805878
0RB1LD_1LC1RB_0RB0LA_0RC0LC	DN	99999980
0RB1LD_1LC1RB_0RB0LA_0RC1LC	DN	99999975
0RB1LD_1LC1RB_0RB0LA_0RD0LC	DN	99999980
0RB1LD_1LC1RB_0RB0LA_0RD1LA	DN	99580766
0RB1LD_1LC1RB_0RB0LA_0RD1LC	DN	99999983
0RB1LD_1LC1RB_0RB0LD_0RB0LA	DN	99999982
0RB1LD_1LC1RB_0RB0LD_0RB1LA	DN	99805880
0RB1LD_1LC1RB_0RB1LA_0LA0LC	SP	75497301
0RB1LD_1LC1RB_0RB1LA_0LB0LC	SP	83886028
0RB1LD_1LC1RB_0RB1LA_0LC0LC	SP	75497169
0RB1LD_1LC1RB_0RB1LA_0LC0RA	DN	92274251
0RB1LD_1LC1RB_0RB1LA_0RB0LA	DN	99999970
0RB1LD_1LC1RB_0RB1LA_0RB0LC	SP	62914152
0RB1LD_1LC1RB_0RB1LA_0RB0LD	DN	99999984
0RB1LD_1LC1RB_0RB1LA_0RC0LA	DN	99999964
0RB1LD_1LC1RB_0RB1LA_0RC0LC	SP	67108452
0RB1LD_1LC1RB_0RB1LA_0RD0LA	DN	99999990
0RB1LD_1LC1RB_0RB1LA_0RD0LC	SP	71302752
0RB1LD_1LC1RB_0RB1LA_1LA0LC	SP	75497259
0RB1LD_1LC1RB_0RB1LA_1LB0LC	SP	83885940
0RB1LD_1LC1RB_0RB1LA_1LC0LC	SP	75497127
0RB1LD_1LC1RB_0RB1LA_1RA0LC	SP	75497211
0RB1LD_1LC1RB_0RB1LA_1RB0LC	SP	75497085
0RB1LD_1LC1RB_0RB1LA_1RD0LC	SP	75497385
0RB1LD_1LC1RB_0RB1LD_1RA0LC	QH	0
0RB1LD_1LC1RB_0RC1LA_0LA0LC	DN	92274254
0RB1LD_1LC1RB_0RC1LA_0LB0LC	SP	83886074
0RB1LD_1LC1RB_0RC1LA_0LC0LA	DN	99999974
0RB1LD_1LC1RB_0RC1LA_0RB0LA	DN	99999970
0RB1LD_1LC1RB_0RC1LA_0RC0LA	DN	99999978
0RB1LD_1LC1RB_0RC1LA_0RD0LA	DN	99999966
0RB1LD_1LC1RB_0RC1LA_1LA0LC	SP	83885646
0RB1LD_1LC1RB_0RC1LA_1LB0LC	SP	83885986
0RB1LD_1LC1RB_0RC1LA_1LC0LC	SP	88079954
0RB1LD_1LC1RB_0RC1LA_1RB0LC	SP	79691346
0RB1LD_1LC1RB_0RC1LA_1RD0LC	DN	96468546
0RB1LD_1LC1RB_0RD0LA_0RB1LA	DN	99807214
0RB1LD_1LC1RB_0RD0LA_0RB1LD	DN	99807212
0RB1LD_1LC1RB_0RD0LA_0RD1LA	DN	99582098
0RB1LD_1LC1RB_0RD0LD_0RB1LA	DN	99807214
0RB1LD_1LC1RB_0RD1LA_1LA0LC	DN	99999992
0RB1LD_1LC1RB_0RD1LA_1RB0LC	SP	71302827
0RB1LD_1LC1RB_1LA0LA_0RB1LA	DN	99668802
0RB1LD_1LC1RB_1LA0LA_0RB1LD	DN	99668802
0RB1LD_1LC1RB_1LA0LA_0RD1LA	DN	99845622
0RB1LD_1LC1RB_1LA0LD_0RB1LA	DN	99668802
0RB1LD_1LC1RB_1LA1LA_0LA0LC	SP	83885981
0RB1LD_1LC1RB_1LA1LA_0LC0LC	SP	83886025
0RB1LD_1LC1RB_1LA1LA_0LC0RA	SP	50331550
0RB1LD_1LC1RB_1LA1LA_0RB0LC	DN	92274380
0RB1LD_1LC1RB_1LA1LA_0RC0LC	SP	50331479
0RB1LD_1LC1RB_1LA1LA_0RD0LC	SP	83886040
0RB1LD_1LC1RB_1LA1LA_1LA0LC	SP	83885908
0RB1LD_1LC1RB_1LA1LA_1LC0LC	SP	83885937
0RB1LD_1LC1RB_1LA1LA_1RA0LC	SP	83886069
0RB1LD_1LC1RB_1LA1LA_1RB0LC	SP	83885864
0RB1LD_1LC1RB_1LA1LA_1RD0LC	SP	83886040
0RB1LD_1LC1RB_1LA1RC_0RC0LA	SP	67108589
0RB1LD_1LC1RB_1LD0LA_0RB1LA	DN	99668802
0RB1LD_1LC1RB_1LD0LA_0RB1LD	DN	99668800
0RB1LD_1LC1RB_1LD0LA_0RD1LA	DN	99846462
0RB1LD_1LC1RB_1LD0LD_0RB1LA	DN	99668802
0RB1LD_1LC1RB_1LD1LA_0RB0LC	DN	92274514
0RB1LD_1LC1RB_1LD1LA_0RC0LC	SP	50331521
0RB1LD_1LC1RB_1LD1RD_1LA0RC	SP	80979463
0RB1LD_1LC1RB_1RA0LA_0RB1LA	DN	99669642
0RB1LD_1LC1RB_1RA0LA_0RB1LD	DN	99669640
0RB1LD_1LC1RB_1RA0LA_0RD1LA	DN	99846462
0RB1LD_1LC1RB_1RA0LC_1LA0LD	DN	99984485
0RB1LD_1LC1RB_1RA0LC_1RB0LD	DN	99976323
0RB1LD_1LC1RB_1RA0LD_0RB1LA	DN	99669642
0RB1LD_1LC1RB_1RA0LD_0RB1LD	QH	0
0RB1LD_1LC1RB_1RA1LA_0LB0LC	SP	41943017
0RB1LD_1LC1RB_1RA1LA_0LC0LC	SP	83885907
0RB1LD_1LC1RB_1RA1LA_0LC0RA	SP	50331399
0RB1LD_1LC1RB_1RA1LA_1LB0LC	SP	41942933
0RB1LD_1LC1RB_1RA1LA_1RA0LC	SP	83885995
0RB1LD_1LC1RB_1RA1LA_1RB0LC	SP	83885606
0RB1LD_1LC1RB_1RA1LA_1RD0LC	SP	83886344
0RB1LD_1LC1RB_1RA1RD_1LA0RC	SP	22442031
0RB1LD_1LC1RB_1RB0LA_0RB1LA	DN	99667962
0RB1LD_1LC1RB_1RB0LA_0RB1LD	DN	99667960
0RB1LD_1LC1RB_1RB0LA_0RD1LA	DN	99844782
0RB1LD_1LC1RB_1RB0LD_0RB1LA	DN	99667962
0RB1LD_1LC1RB_1RB1LA_0LA0LC	SP	83885935
0RB1LD_1LC1RB_1RB1LA_0LC0LC	SP	83885979
0RB1LD_1LC1RB_1RB1LA_0LC0RA	SP	50331506
0RB1LD_1LC1RB_1RB1LA_0RB0LC	DN	92274336
0RB1LD_1LC1RB_1RB1LA_0RC0LC	SP	50331437
0RB1LD_1LC1RB_1RB1LA_0RC0LD	DN	99999984
0RB1LD_1LC1RB_1RB1LA_0RD0LC	SP	83885952
0RB1LD_1LC1RB_1RB1LA_1LA0LC	SP	83885864
0RB1LD_1LC1RB_1RB1LA_1LC0LC	SP	83885891
0RB1LD_1LC1RB_1RB1LA_1RA0LC	SP	83886023
0RB1LD_1LC1RB_1RB1LA_1RB0LC	SP	83885820
0RB1LD_1LC1RB_1RB1LA_1RD0LC	SP	83885996
0RB1LD_1LC1RB_1RD0LA_0RB1LA	DN	99669642
0RB1LD_1LC1RB_1RD0LA_0RB1LD	DN	99669640
0RB1LD_1LC1RB_1RD0LA_0RD1LA	DN	99847302
0RB1LD_1LC1RB_1RD0LB_1LA0RC	SP	34942148
0RB1LD_1LC1RB_1RD0LD_0RB1LA	DN	99669642
0RB1LD_1LC1RB_1RD1LA_0LA0LC	SP	83886119
0RB1LD_1LC1RB_1RD1LA_0LC0LC	SP	83886076
0RB1LD_1LC1RB_1RD1LA_1LC0LC	SP	83886075
0RB1LD_1LC1RB_1RD1LA_1RA0LC	SP	83886166
0RB1LD_1LC1RB_1RD1LA_1RB0LC	SP	83885751
0RB1LD_1LC1RB_1RD1RD_1LA0RC	SP	89445755
0RB1LD_1LC1RC_1LA0RC_0LD0RB	DN	99999990
0RB1LD_1LC1RC_1LA1RB_0RC0LD	QH	6
0RB1LD_1LC1RC_1LA1RC_0RC0LA	SP	67108792
0RB1LD_1LC1RC_1RB0LD_0RC0LA	QH	0
0RB1LD_1LC1RC_1RD0LB_1LA0RC	SP	52336888
0RB1LD_1LC1RD_0LD1RA_1LA0LC	SP	67018924
0RB1LD_1LC1RD_0LD1RC_1LA0RC	QH	1
0RB1LD_1LC1RD_0RA0LC_1RB---	DN	99999990
0RB1LD_1LC1RD_0RA1LC_1RA0LC	SP	83885863
0RB1LD_1LC1RD_1LA0LB_1LA0RC	SP	75509715
0RB1LD_1LC1RD_1LA1LC_1RB0LA	SP	50356125
0RB1LD_1LC1RD_1LA1RC_0RC0LA	SP	67108976
0RB1LD_1LC1RD_1RD0LB_1LA0RC	SP	50343915
0RB1LD_1LC1RD_1RD1LC_1RB0LA	SP	50343863
0RB1LD_1RC---_1LA1RC_0RC0LA	SP	75497278
0RB1LD_1RC0LA_0RD1RB_1LD1LA	SP	50331500
0RB1LD_1RC0LA_1LA1RA_1RA0LD	DN	99995399
0RB1LD_1RC0LA_1LA1RB_0RB0LA	DN	99999984
0RB1LD_1RC0LA_1LA1RB_0RD0LA	DN	99999979
0RB1LD_1RC0LA_1LA1RB_1LB1LA	SP	33554338
0RB1LD_1RC0LA_1LA1RB_1LC1LA	SP	33554428
0RB1LD_1RC0LA_1LA1RC_0LA1LB	SP	58720125
0RB1LD_1RC0LA_1LA1RC_0RB1LB	SP	79691427
0RB1LD_1RC0LA_1LA1RC_0RC1LB	SP	71302823
0RB1LD_1RC0LA_1LA1RC_0RD1LB	SP	58720125
0RB1LD_1RC0LA_1LA1RC_1LA1LB	SP	58720169
0RB1LD_1RC0LA_1LA1RC_1LB1LB	SP	58720158
0RB1LD_1RC0LA_1LA1RC_1LC1LB	SP	58720246
0RB1LD_1RC0LA_1LA1RC_1RA1LB	SP	58720202
0RB1LD_1RC0LA_1LA1RC_1RC1LB	SP	58720081
0RB1LD_1RC0LA_1LA1RC_1RD1LB	SP	58720169
0RB1LD_1RC0LA_1LB0RD_1RB1LA	SP	83886003
0RB1LD_1RC0LA_1LB1RB_---1LA	SP	50331644
0RB1LD_1RC0LA_1LB1RB_0RB0LD	DN	99999968
0RB1LD_1RC0LA_1LB1RC_0RC1LD	DN	99804544
0RB1LD_1RC0LA_1LD0RD_1RB1LA	SP	83885820
0RB1LD_1RC0LA_1LD1RB_---1LA	SP	50331550
0RB1LD_1RC0LA_1LD1RB_0RC0LD	QH	0
0RB1LD_1RC0LA_1RD1RB_0LB0LA	DN	99530292
0RB1LD_1RC0LA_1RD1RB_1LB0LA	DN	99805212
0RB1LD_1RC0LA_1RD1RB_1LB1LA	SP	25165706
0RB1LD_1RC0LA_1RD1RB_1LC1LA	SP	50331638
0RB1LD_1RC0LD_0LA0RD_1LB1RA	DN	99994134
0RB1LD_1RC0LD_1LA1RB_0RB0LA	QH	0
0RB1LD_1RC0LD_1LA1RB_0RB1LD	QH	0
0RB1LD_1RC0LD_1LA1RB_0RC1LD	QH	0
0RB1LD_1RC0LD_1LA1RB_0RD0LA	DN	99999986
0RB1LD_1RC0LD_1LB1RB_0RB0LA	QH	0
0RB1LD_1RC0LD_1LB1RC_0RB0LA	DN	99999984
0RB1LD_1RC0LD_1RD0RC_1LA1RB	DN	99999973
0RB1LD_1RC0RA_0LA1RB_0LA1LA	SP	67108652
0RB1LD_1RC0RA_1LB1RB_0LA1LA	SP	67108858
0RB1LD_1RC0RA_1LD1RB_0LA1LA	SP	67108718
0RB1LD_1RC0RA_1RD1RB_0LA1LA	SP	67108762
0RB1LD_1RC0RC_0LA1RB_1LC0LD	DN	99999982
0RB1LD_1RC0RC_1LA1RA_1RA0LD	DN	99999869
0RB1LD_1RC0RD_0LA1RA_1RA0LD	DN	99994142
0RB1LD_1RC0RD_1LA0RD_1RA0LD	DN	99985349
0RB1LD_1RC1LA_1RD1RB_0LB0LA	DN	99358324
0RB1LD_1RC1LB_0LA1RC_1LA0RC	SP	67108809
0RB1LD_1RC1LB_0LB1RD_1LA0RC	QH	0
0RB1LD_1RC1LB_0LB1RD_1RC0LA	DN	99530823
0RB1LD_1RC1LB_0LD0RC_1LA1RD	QH	3
0RB1LD_1RC1LB_0LD1RC_1LA0RC	SP	50331598
0RB1LD_1RC1LB_1LA0RB_0LA0LD	DN	99984418
0RB1LD_1RC1LB_1LA1RC_0LA0LB	SP	89478496
0RB1LD_1RC1LB_1LA1RC_0LC0LA	SP	27962035
0RB1LD_1RC1LB_1LA1RC_0RB0LB	QH	0
0RB1LD_1RC1LB_1LA1RC_0RC0LB	QH	0
0RB1LD_1RC1LB_1LA1RC_1LA0LB	SP	50307109
0RB1LD_1RC1LB_1LA1RC_1LB0LB	QH	0
0RB1LD_1RC1LB_1LA1RC_1LC0LA	SP	27961969
0RB1LD_1RC1LB_1LA1RC_1LC0LB	SP	89413041
0RB1LD_1RC1LB_1LA1RC_1RB0LB	QH	0
0RB1LD_1RC1LB_1LA1RC_1RC0LB	QH	0
0RB1LD_1RC1LB_1LB1RD_1RC0LA	DN	99528706
0RB1LD_1RC1LB_1RD0RC_0LA0LB	DN	99999985
0RB1LD_1RC1LC_0LA1RC_1LA0RC	SP	67108854
0RB1LD_1RC1LC_1LB0RD_0LA1LD	SP	37662951
0RB1LD_1RC1LD_1LB1RC_0LC0LA	SP	27962013
0RB1LD_1RC1LD_1LB1RC_1LC0LA	SP	27961947
0RB1LD_1RC1LD_1LD0RB_0LA1LC	SP	25122897
0RB1LD_1RC1RA_0LA1RA_1RA0LD	DN	99970227
0RB1LD_1RC1RA_0LA1RB_0LA0LB	SP	89511235
0RB1LD_1RC1RA_0LA1RB_0LA0RB	SP	89494879
0RB1LD_1RC1RA_1LA0LC_1LC1RB	DN	99999985
0RB1LD_1RC1RA_1LA0RA_0LA1LD	DN	99806890
0RB1LD_1RC1RA_1LA0RA_0LC0LD	DN	99999981
0RB1LD_1RC1RA_1LA0RD_1RA0LD	DN	99984291
0RB1LD_1RC1RA_1LA1RB_0LA0LD	DN	99983890
0RB1LD_1RC1RA_1LA1RB_0RB0LD	QH	0
0RB1LD_1RC1RA_1LB0RA_0LA1LD	DN	99807558
0RB1LD_1RC1RA_1LD0RA_0LA1LD	DN	99806890
0RB1LD_1RC1RA_1RD0RA_0LA1LD	DN	99807558
0RB1LD_1RC1RB_0LA0RB_1LA0LD	DN	99986624
0RB1LD_1RC1RB_0LA1LA_0RB0LA	SP	66770456
0RB1LD_1RC1RB_0LA1LA_0RC0LA	SP	78176228
0RB1LD_1RC1RB_0LA1RA_1LA0LA	DN	99952772
0RB1LD_1RC1RB_0LA1RA_1LA0LC	DN	99983098
0RB1LD_1RC1RB_0LA1RC_1LA0RC	SP	67108787
0RB1LD_1RC1RB_0LA1RD_1LA0RC	SP	88378266
0RB1LD_1RC1RB_0LC1LA_0RB0LA	SP	66770525
0RB1LD_1RC1RB_0LC1LA_0RB0LD	DN	99999980
0RB1LD_1RC1RB_0LC1LA_0RC0LA	SP	78176297
0RB1LD_1RC1RB_0LC1RD_1LA0RC	DN	99809591
0RB1LD_1RC1RB_0LD0RC_0LB1LA	DN	99999978
0RB1LD_1RC1RB_0LD1RC_1LA0RC	SP	50331576
0RB1LD_1RC1RB_0LD1RD_1LA0RC	DN	99532943
0RB1LD_1RC1RB_0RD0LD_1LB0LA	DN	99999986
0RB1LD_1RC1RB_1LA---_0RB0LD	QH	0
0RB1LD_1RC1RB_1LA0LD_0RC0LD	SP	50331461
0RB1LD_1RC1RB_1LA0RB_0LA0LD	DN	99989956
0RB1LD_1RC1RB_1LA1LA_0RB0LA	SP	66770526
0RB1LD_1RC1RB_1LA1LA_0RC0LA	SP	78176300
0RB1LD_1RC1RB_1LA1LA_0RC0LD	SP	75497371
0RB1LD_1RC1RB_1LA1LC_0LA0LA	SP	30990322
0RB1LD_1RC1RB_1LA1LC_0LC0LA	SP	86116062
0RB1LD_1RC1RB_1LA1LC_0RB0LA	SP	52630910
0RB1LD_1RC1RB_1LA1LC_0RC0LA	SP	88330570
0RB1LD_1RC1RB_1LA1LC_0RD0LA	SP	81014645
0RB1LD_1RC1RB_1LA1LC_1LA0LA	SP	88330552
0RB1LD_1RC1RB_1LA1LC_1LB0LA	SP	86116026
0RB1LD_1RC1RB_1LA1LC_1LC0LA	SP	30990286
0RB1LD_1RC1RB_1LA1LC_1RA0LA	SP	30990340
0RB1LD_1RC1RB_1LA1LC_1RB0LA	SP	88330534
0RB1LD_1RC1RB_1LA1LC_1RC0LA	SP	30990304
0RB1LD_1RC1RB_1LA1RA_0RC0LD	SP	50331503
0RB1LD_1RC1RB_1LA1RA_1LA0LA	DN	99974689
0RB1LD_1RC1RB_1LA1RA_1LC0LA	DN	99979981
0RB1LD_1RC1RB_1LA1RB_0RC0LD	SP	50331641
0RB1LD_1RC1RB_1LA1RC_1LA0LA	SP	83885926
0RB1LD_1RC1RB_1LA1RC_1RB0LA	SP	83885882
0RB1LD_1RC1RB_1LC1LA_0RB0LA	SP	41266478
0RB1LD_1RC1RB_1LC1LA_0RB0LD	DN	99999989
0RB1LD_1RC1RB_1LC1LA_0RC0LA	SP	48315632
0RB1LD_1RC1RB_1LC1RD_1LA0RC	SP	34952475
0RB1LD_1RC1RB_1LD0LB_0RB0LA	DN	99999976
0RB1LD_1RC1RB_1LD1LA_0RB0LA	SP	41266408
0RB1LD_1RC1RB_1LD1LA_0RC0LA	SP	48315562
0RB1LD_1RC1RB_1LD1LC_0RB0LA	SP	88354758
0RB1LD_1RC1RB_1LD1RC_0RB0LA	DN	99999986
0RB1LD_1RC1RB_1LD1RD_1LA0RC	SP	52554090
0RB1LD_1RC1RB_1RD1RA_1LA0LA	DN	99955086
0RB1LD_1RC1RB_1RD1RD_1LA0RC	SP	34911644
0RB1LD_1RC1RC_1LA1RA_1RA0LD	DN	99990963
0RB1LD_1RC1RC_1LA1RB_0RC0LD	QH	1
0RB1LD_1RC1RD_0LA1RC_1LA0RC	SP	67108233
0RB1LD_1RC1RD_0LD1RC_1LA0RC	QH	1
0RB1LD_1RC1RD_1LA1RC_1RB0LA	SP	83887010
0RB1RA_0LC0RA_0LD1LD_1RB1LC	DN	99999991
0RB1RA_0LC0RA_0LD1LD_1RB1LD	DN	99803213
0RB1RA_0LC0RA_0LD1RA_1RB1LD	DN	99805877
0RB1RA_0LC0RA_0LD1RC_1RB1LD	DN	99804545
0RB1RA_0LC0RC_1LD1RC_1RA0LC	SP	44714617
0RB1RA_0LC1LC_1LD0LD_0RA1LC	SP	67108700
0RB1RA_0LC1LC_1LD1RA_0RC0LD	DN	99999960
0RB1RA_0LC1RA_1LD1LB_1LA0LB	DN	99807559
0RB1RA_0LC1RA_1LD1LB_1RA0LB	DN	99806891
0RB1RA_0LC1RA_1LD1LB_1RB0LB	DN	99806891
0RB1RA_0LC1RA_1LD1LB_1RC0LB	DN	99807559
0RB1RA_0LC1RA_1LD1RD_1RC0LA	SP	37662952
0RB1RA_0LC1RB_1LA1LD_1LC0LA	SP	83885980
0RB1RA_0LC1RB_1LD0LA_0RA1LC	SP	67108653
0RB1RA_0LC1RB_1LD0LA_1LA1LC	SP	67108763
0RB1RA_0LC1RB_1LD0LA_1RA1LC	SP	67108905
0RB1RA_0LC1RB_1LD0LA_1RB1LC	SP	67108719
0RB1RA_0LC1RB_1LD0LA_1RC1LC	SP	67108859
0RB1RA_0LC1RB_1LD0RB_0RA1LC	SP	50331529
0RB1RA_0LC1RB_1LD0RB_1RA1LC	SP	50331438
0RB1RA_0LC1RB_1LD1LC_0RA0LD	DN	99999990
0RB1RA_0LC1RB_1RB1LD_1LC0LA	SP	83885934
0RB1RA_0LC1RB_1RD1LC_0LB0LA	DN	99804543
0RB1RA_0LC1RB_1RD1LC_0LC0LA	DN	99803211
0RB1RA_0LC1RB_1RD1LC_1LB0LA	DN	99313478
0RB1RA_0LC1RB_1RD1LC_1LC0LA	DN	99311802
0RB1RA_0LC1RB_1RD1LC_1RB0LA	DN	99312640
0RB1RA_0LC1RB_1RD1LD_1LC0LA	SP	83886067
0RB1RA_0LC1RC_0LD0RC_1LA1LD	DN	99999985
0RB1RA_0LC1RC_1LD0LA_0RA1LC	DN	99465831
0RB1RA_0LC1RC_1LD0LA_1LA1LD	SP	69909595
0RB1RA_0LC1RC_1LD0RB_0RA1LC	DN	99531882
0RB1RA_0LC1RC_1LD0RB_1LA1LD	SP	69877277
0RB1RA_0LC1RC_1LD0RB_1RA1LC	DN	99529763
0RB1RA_0LC1RD_1RB1LC_0LA0RA	SP	89543971
0RB1RA_0LC1RD_1RB1LC_0LA0RB	SP	50331665
0RB1RA_0LC1RD_1RB1LC_0LC0RA	SP	89576744
0RB1RA_0LC1RD_1RB1LC_0RB0RA	SP	89543947
0RB1RA_0LC1RD_1RB1LC_1LA0RA	SP	50356152
0RB1RA_0LC1RD_1RB1LC_1LC0RA	SP	89543899
0RB1RA_0LC1RD_1RB1LC_1RA0RA	SP	50356130
0RB1RA_0LC1RD_1RB1LC_1RB0RA	SP	89543923
0RB1RA_0LC1RD_1RB1LC_1RC0RA	SP	50356108
0RB1RA_1LA1LC_1LD0LD_0RA1LB	SP	83885937
0RB1RA_1LA1LC_1LD1RA_0RC0LD	DN	99999982
0RB1RA_1LA1RC_1LD0LA_0RA1LC	SP	75460604
0RB1RA_1LA1RC_1LD0LA_1RA1LC	SP	33529795
0RB1RA_1LA1RC_1LD0RB_0RA1LC	SP	50319350
0RB1RA_1LA1RC_1LD0RB_1RA1LC	SP	89462040
0RB1RA_1LC---_1LD---_0RA0LD	DN	99999990
0RB1RA_1LC---_1LD0LD_0RA0LC	DN	99999989
0RB1RA_1LC0LA_1LD1RA_0RC0LD	SP	75497410
0RB1RA_1LC0LB_0LD1LD_1RA1LC	SP	44763824
0RB1RA_1LC0LD_1LD---_0RA0LB	DN	99999989
0RB1RA_1LC0RA_0LD1LB_1RD1LC	DN	99980008
0RB1RA_1LC0RA_1LD0LA_1RB0LB	DN	99919515
0RB1RA_1LC0RA_1LD0LB_1RB0LB	DN	99979663
0RB1RA_1LC0RA_1LD0LB_1RB1LC	DN	99956251
0RB1RA_1LC0RA_1LD1LB_1RB0LB	DN	99996505
0RB1RA_1LC0RA_1LD1LC_1RB0LB	DN	99999637
0RB1RA_1LC0RC_1LD0LC_0RA0LC	DN	99982141
0RB1RA_1LC0RC_1LD0LC_0RA1LC	DN	99983635
0RB1RA_1LC0RC_1LD1RB_1LA1LD	SP	89494890
0RB1RA_1LC0RC_1LD1RC_1RA0LC	SP	34203263
0RB1RA_1LC0RC_1RD1RB_1LA1LD	SP	50343904
0RB1RA_1LC0RD_1LD0LC_0RA1LC	DN	99977580
0RB1RA_1LC0RD_1LD0LD_0RA1LB	DN	99999961
0RB1RA_1LC0RD_1LD1LB_1RA1RB	SP	22431094
0RB1RA_1LC1LA_1LD0RA_1RB0LD	QH	4
0RB1RA_1LC1LA_1LD1RB_0RC0LD	DN	99999986
0RB1RA_1LC1LB_1LD1LD_0RA0LC	SP	83885980
0RB1RA_1LC1LB_1LD1RA_0RC0LD	SP	50331724
0RB1RA_1LC1LB_1RC1LD_0RA0LC	SP	83885978
0RB1RA_1LC1LC_1LD0LD_0RA1LB	SP	83885891
0RB1RA_1LC1LC_1LD0RA_1RB0LD	SP	75497370
0RB1RA_1LC1LC_1LD1RA_0RC0LD	SP	75497368
0RB1RA_1LC1LD_0LD---_0RA0LC	DN	99999991
0RB1RA_1LC1LD_1LD0LC_0RA0LC	DN	99951818
0RB1RA_1LC1LD_1LD0LC_0RA1LC	DN	99991408
0RB1RA_1LC1RA_1LD0LC_0RA0LC	DN	99969972
0RB1RA_1LC1RA_1LD0LC_0RA1LC	DN	99982173
0RB1RA_1LC1RA_1LD0LC_0RB0LC	DN	99969965
0RB1RA_1LC1RB_0LD0LC_1RA1LD	DN	99989980
0RB1RA_1LC1RB_0LD1LD_0RA0LC	DN	99999966
0RB1RA_1LC1RB_1LD1LC_0RA0LA	SP	44706516
0RB1RA_1LC1RB_1LD1LC_1RA0LA	SP	25116779
0RB1RA_1LC1RB_1RB1LD_0RA0LC	DN	99993957
0RB1RA_1LC1RC_1LD0LA_0RA0LA	SP	89364000
0RB1RA_1LC1RC_1LD0LA_0RA1LB	SP	78203712
0RB1RA_1LC1RC_1LD0LA_0RA1LC	SP	78856821
0RB1RA_1LC1RC_1LD0LA_1LA0RC	SP	67108868
0RB1RA_1LC1RC_1LD0LA_1LA1LD	SP	89543970
0RB1RA_1LC1RC_1LD0LA_1RA0LA	SP	50196887
0RB1RA_1LC1RC_1LD0LA_1RA1LB	SP	54226918
0RB1RA_1LC1RC_1LD0LA_1RA1LC	SP	78772893
0RB1RA_1LC1RC_1LD0RB_0RA0LA	SP	67035258
0RB1RA_1LC1RC_1LD0RB_0RA1LC	SP	52591437
0RB1RA_1LC1RC_1LD0RB_1LA1LD	SP	89511234
0RB1RA_1LC1RC_1LD0RB_1RA0LA	SP	37656833
0RB1RA_1LC1RC_1LD0RB_1RA1LC	SP	52535400
0RB1RA_1LC1RC_1RD0LA_1LA1LD	SP	35013932
0RB1RA_1LC1RC_1RD0RB_1LA1LD	SP	34993462
0RB1RA_1LC1RD_0LD0LC_1LA1LC	DN	99980663
0RB1RA_1LC1RD_0LD0LC_1RA1LC	DN	99952758
0RB1RA_1LC1RD_0LD1LA_1RB0RB	SP	69935754
0RB1RA_1LC1RD_1LD---_0RA0LA	SP	89364000
0RB1RA_1LC1RD_1LD---_1RA0LA	SP	50196887
0RB1RA_1LC1RD_1LD0RA_0RC0LA	SP	89429415
0RB1RA_1LC1RD_1LD0RA_1RC0LA	SP	89298749
0RB1RA_1LC1RD_1LD1LA_1RC0LA	SP	50196907
0RB1RA_1LC1RD_1LD1RA_0RC0LA	SP	89364000
0RB1RA_1LC1RD_1LD1RA_1RC0LA	SP	50196887
0RB1RA_1RC0LA_1LD0LA_0RA1LC	SP	25122889
0RB1RA_1RC0LA_1LD0LA_1RA1LC	SP	44681917
0RB1RA_1RC0LA_1LD0RB_0RA1LC	SP	75436104
0RB1RA_1RC0LA_1LD0RB_1RA1LC	SP	33513495
0RB1RA_1RC0LD_1LD0LA_1LB1LC	SP	33513493
0RB1RA_1RC0RC_1LD0LA_1RA0LC	SP	37844778
0RB1RA_1RC0RC_1LD0RB_0RA0LC	DN	99999963
0RB1RA_1RC0RC_1LD0RB_1RA0LC	DN	99999976
0RB1RA_1RC0RC_1LD1RB_1LA0LD	QH	24
0RB1RA_1RC0RC_1LD1RC_1RA0LC	SP	44681825
0RB1RA_1RC0RD_1LD0RB_1RA0LC	DN	99999976
0RB1RA_1RC1LC_1LD0LD_0RA1LC	SP	44739209
0RB1RA_1RC1LD_1LD0LA_1RA0LC	SP	28167544
0RB1RA_1RC1LD_1LD0RB_1RA0LC	SP	89494749
0RB1RA_1RC1RA_1LD0LC_1LA1LC	DN	99979664
0RB1RA_1RC1RA_1LD0LC_1RA1LC	DN	99987574
0RB1RA_1RC1RA_1LD0LC_1RB1LC	DN	99987574
0RB1RA_1RC1RC_1LD0LA_0RA1LC	SP	75448342
0RB1RA_1RC1RC_1LD0LA_1RA1LC	SP	33521629
0RB1RA_1RC1RC_1LD0RB_0RA1LC	SP	50307088
0RB1RA_1RC1RC_1LD0RB_1RA1LC	SP	89445684
0RB1RA_1RC1RD_0LD0LC_1RA1LC	DN	99967418
0RB1RA_1RC1RD_1LD0LA_0RA1LC	SP	31395965
0RB1RA_1RC1RD_1LD0LA_1RB0LC	SP	28115390
0RB1RA_1RC1RD_1LD0RB_1RA0LC	DN	99999976
0RB1RB_0LC0RA_0LD0RA_1RC1LD	DN	99999988
0RB1RB_0LC0RA_0LD1LC_1RA1LD	DN	99999968
0RB1RB_0LC0RA_0LD1RA_1RC1LD	DN	99999989
0RB1RB_0LC0RA_1LD0RB_1RA1LC	QH	0
0RB1RB_0LC0RA_1LD0RB_1RC1LC	QH	0
0RB1RB_0LC0RA_1LD1LC_1RA1LD	SP	50331542
0RB1RB_0LC0RB_1LD1LA_1RA1LC	QH	0
0RB1RB_0LC0RB_1LD1LC_1RA---	QH	0
0RB1RB_0LC0RC_0LD0RA_1RA1LD	DN	99999991
0RB1RB_0LC0RC_0LD0RA_1RC1LD	DN	99999975
0RB1RB_0LC0RC_0LD0RC_1RA1LD	DN	99999988
0RB1RB_0LC0RC_0LD1LA_1RA1LD	DN	99999989
0RB1RB_0LC0RC_0LD1RA_1RA1LD	DN	99999981
0RB1RB_0LC0RC_0LD1RA_1RB1LD	DN	99999977
0RB1RB_0LC0RC_0LD1RA_1RC1LD	DN	99999988
0RB1RB_0LC0RC_0LD1RC_1RA1LD	DN	99670064
0RB1RB_0LC0RC_1LD1RC_1RA1LD	QH	0
0RB1RB_0LC0RD_1RB1LC_0LA1RD	DN	99803208
0RB1RB_0LC0RD_1RD1LC_0LA1RA	DN	99999986
0RB1RB_0LC0RD_1RD1LC_0LA1RB	DN	99999989
0RB1RB_0LC0RD_1RD1LC_0LC1RA	SP	58720130
0RB1RB_0LC1RA_1LD0LB_0RB1LC	SP	67108653
0RB1RB_0LC1RA_1LD0LB_1LA1LC	SP	67108763
0RB1RB_0LC1RA_1LD0LB_1RA1LC	SP	67108719
0RB1RB_0LC1RA_1LD0LB_1RC1LC	SP	67108859
0RB1RB_0LC1RB_1LD0RB_1RA1LC	QH	0
0RB1RB_0LC1RB_1RD1LC_0LA0RB	QH	0
0RB1RB_0LC1RB_1RD1LC_1LA0RB	QH	0
0RB1RB_0LC1RC_0LD0RA_1RA1LD	DN	99999990
0RB1RB_0LC1RC_0LD0RA_1RC1LD	DN	99999977
0RB1RB_0LC1RD_1LA1LC_0LA0RB	SP	78176229
0RB1RB_0LC1RD_1LA1LC_0LC0RB	SP	66770457
0RB1RB_0LC1RD_1LD0RD_1RA0LD	DN	99983500
0RB1RB_0LC1RD_1RB1LC_0LA0RB	QH	0
0RB1RB_0RC1LB_1LA1RD_1RC0LB	QH	3
0RB1RB_0RC1LB_1RD0LB_1LA1RC	QH	0
0RB1RB_1LA0RC_0LD1RB_1RC1LD	QH	2
0RB1RB_1LA1LC_1RD0LC_0RD0LA	DN	99999986
0RB1RB_1LA1LC_1RD0LC_0RD1LA	QH	1
0RB1RB_1LC---_1RD0LC_0RD0LA	DN	99999990
0RB1RB_1LC0LA_1RD0LC_0RD1LA	DN	99999986
0RB1RB_1LC0LC_1LD1RA_0RA0LD	DN	99999990
0RB1RB_1LC0LC_1RD1LA_0RD0LA	DN	99999988
0RB1RB_1LC0LC_1RD1LA_0RD1LC	QH	1
0RB1RB_1LC0LD_0RA1LB_1LB1RA	SP	44747370
0RB1RB_1LC0LD_0RC1LD_1RC1LA	QH	1
0RB1RB_1LC0RA_0LD0LC_1RD1LB	DN	99999988
0RB1RB_1LC0RA_1LD0LA_1RB1RD	SP	25131062
0RB1RB_1LC0RA_1RA1LD_0LA0LC	DN	99955894
0RB1RB_1LC0RA_1RA1LD_1LC0LC	DN	99989968
0RB1RB_1LC0RA_1RD1LB_0LC0RD	QH	0
0RB1RB_1LC0RC_0LD1RA_1RC1LD	SP	67108952
0RB1RB_1LC0RC_0LD1RC_1RA1LD	QH	8
0RB1RB_1LC0RC_1LA1LD_1RC0LD	QH	1
0RB1RB_1LC0RC_1LD1RC_1RA1LD	QH	0
0RB1RB_1LC0RD_0RA1LB_0LB1RD	QH	0
0RB1RB_1LC0RD_0RA1LB_0LC1RD	SP	44739023
0RB1RB_1LC0RD_1RA1LB_0LB1RD	QH	0
0RB1RB_1LC0RD_1RA1LC_0LA1RD	SP	89511180
0RB1RB_1LC0RD_1RA1LC_0LC1RD	QH	0
0RB1RB_1LC0RD_1RA1LC_1LC1RD	QH	0
0RB1RB_1LC0RD_1RD0LC_1LA0LA	DN	99999988
0RB1RB_1LC0RD_1RD0LC_1LA1LC	QH	1
0RB1RB_1LC1LC_1RD0LC_0RD1LA	QH	1
0RB1RB_1LC1LD_0RC1LA_1RC0LD	QH	1
0RB1RB_1LC1LD_1RB0RA_1RC0LD	QH	0
0RB1RB_1LC1RA_0LD0LA_1LA0RD	DN	99989330
0RB1RB_1LC1RA_0LD0LA_1RA0RD	DN	99995628
0RB1RB_1LC1RA_0LD0LC_1RD0RB	DN	99814901
0RB1RB_1LC1RA_0LD1LC_1RA0RD	SP	44763828
0RB1RB_1LC1RA_0RA0LD_0LC1LA	DN	99999963
0RB1RB_1LC1RA_0RA0LD_0LC1LD	DN	99999991
0RB1RB_1LC1RA_0RA0LD_0LC1RA	DN	99999985
0RB1RB_1LC1RA_0RA1LD_0LC0LD	DN	99999987
0RB1RB_1LC1RA_0RA1LD_0RB0LD	QH	0
0RB1RB_1LC1RA_0RC1LD_1RA0LC	SP	67108852
0RB1RB_1LC1RA_1LD---_0RA0LD	DN	99999990
0RB1RB_1LC1RA_1LD0LA_0RA0RB	SP	89413007
0RB1RB_1LC1RA_1LD0LA_0RD0RB	SP	89478495
0RB1RB_1LC1RA_1LD0LA_1LA0RB	SP	50233565
0RB1RB_1LC1RA_1LD0LA_1RA0RB	SP	50233545
0RB1RB_1LC1RA_1LD0LA_1RB0LB	SP	50050724
0RB1RB_1LC1RA_1LD0LA_1RB0RB	SP	50135834
0RB1RB_1LC1RA_1LD0LA_1RD0RB	SP	89478495
0RB1RB_1LC1RA_1LD0LC_0RB0LC	DN	99989967
0RB1RB_1LC1RA_1LD0LD_0RB0LC	DN	99989967
0RB1RB_1LC1RA_1LD1LC_0RA0RB	SP	44722859
0RB1RB_1LC1RA_1LD1LC_0RD0RB	SP	44755635
0RB1RB_1LC1RA_1LD1LC_1LA0RB	SP	25129025
0RB1RB_1LC1RA_1LD1LC_1RA0RB	SP	25129005
0RB1RB_1LC1RA_1LD1LC_1RB0LB	SP	25043612
0RB1RB_1LC1RA_1LD1LC_1RB0RB	SP	25080098
0RB1RB_1LC1RA_1LD1LC_1RD0RB	SP	44755635
0RB1RB_1LC1RA_1RA0LD_1LC1LD	DN	99974117
0RB1RB_1LC1RA_1RC1LD_0RA0LC	SP	44739221
0RB1RB_1LC1RB_0RA0LD_0LC1LD	DN	99803211
0RB1RB_1LC1RB_0RA0LD_0RB1LD	QH	0
0RB1RB_1LC1RB_0RB1LD_0RA0LC	QH	0
0RB1RB_1LC1RB_0RB1LD_1RA0LC	QH	0
0RB1RB_1LC1RB_1RA0LD_0RB1LD	QH	0
0RB1RB_1LC1RC_0RC1LD_1LA0LD	QH	1
0RB1RB_1LC1RC_1LD1RA_0RA0LD	DN	99999986
0RB1RB_1LC1RC_1RA0LD_0RC0LC	DN	99999968
0RB1RB_1LC1RC_1RA0LD_0RC0LD	DN	99999979
0RB1RB_1LC1RD_0RD0LC_1RB1LA	QH	4
0RB1RB_1LC1RD_1LA0LC_0RD0LA	DN	99999988
0RB1RB_1LC1RD_1LA0LC_0RD1LC	QH	1
0RB1RB_1LC1RD_1LA1LC_0LB0RD	DN	99999986
0RB1RB_1RC0LA_1LD1RB_0RC0LD	QH	0
0RB1RB_1RC0LC_1LA1RD_1LC0RD	QH	1
0RB1RB_1RC0LD_1LB1RA_0RC1LD	SP	73819767
0RB1RB_1RC0LD_1LD0RC_1LA0LA	DN	99999988
0RB1RB_1RC0LD_1LD0RC_1LA1RC	QH	1
0RB1RB_1RC0RC_0LD1RB_0LA1LD	SP	67108699
0RB1RB_1RC0RC_0LD1RC_1RA1LD	QH	0
0RB1RB_1RC0RC_1LD1LA_0LD0LA	DN	99999988
0RB1RB_1RC0RC_1LD1LA_0LD1RC	QH	1
0RB1RB_1RC0RC_1LD1RC_1RA1LD	QH	0
0RB1RB_1RC0RD_0LC1RD_1LC1LA	QH	1
0RB1RB_1RC0RD_1RD1LC_0LC1RA	SP	44739127
0RB1RB_1RC1LB_0LB1RD_0LA0RC	QH	0
0RB1RB_1RC1LB_0LB1RD_1LA0RC	QH	0
0RB1RB_1RC1LB_1LA0RD_0LB1RD	QH	0
0RB1RB_1RC1LB_1LA0RD_0LC1RD	DN	99796541
0RB1RB_1RC1LB_1LA1RD_0LB0RC	QH	3
0RB1RB_1RC1LC_0LC1RD_1LA0RD	QH	1
0RB1RB_1RC1LC_1LD1RA_1LB0LD	DN	99997483
0RB1RB_1RC1LD_0LB0RC_0LA1LB	DN	99999961
0RB1RB_1RC1LD_0LB0RC_0LA1LD	DN	99999959
0RB1RB_1RC1LD_1LA0RC_0LD0LA	DN	99999988
0RB1RB_1RC1LD_1LA0RC_0LD1RC	QH	1
0RB1RB_1RC1RA_1LC1LD_0RB0LD	QH	0
0RB1RC_0LC---_0LD0RA_1RA1LD	DN	99999990
0RB1RC_0LC0RA_0LD1LD_1RB1LC	DN	99999965
0RB1RC_0LC0RA_0LD1RC_1RB1LD	DN	99808546
0RB1RC_0LC1LC_1LD1RA_0RC0LD	DN	99999962
0RB1RC_0LC1RA_1LD0RB_1RB1LD	SP	58720126
0RB1RC_0LC1RB_1LD0RA_1LA1LC	SP	89511222
0RB1RC_0LC1RB_1LD0RB_0RA1LC	QH	0
0RB1RC_0LC1RB_1LD0RB_1RA1LC	QH	0
0RB1RC_0LC1RB_1RD1LC_1LA0RB	QH	0
0RB1RC_0LC1RD_1RB1LC_0LA0RB	QH	0
0RB1RC_0LC1RD_1RB1LC_1LA0RB	QH	0
0RB1RC_0RC0LB_1LD1RA_0RA1LB	QH	0
0RB1RC_0RC0LB_1RD1RA_1LD1LB	QH	0
0RB1RC_0RC1LB_1LD1RC_0RA0LB	QH	0
0RB1RC_0RC1LB_1LD1RC_1RA0LB	QH	0
0RB1RC_0RC1LD_1LB1RC_0RA0LB	QH	0
0RB1RC_0RC1LD_1LB1RC_1RA0LB	QH	0
0RB1RC_0RC1RA_1LD1RB_0LA0LD	DN	99999988
0RB1RC_1LA0LC_0LD0RA_1RA1LD	DN	99999986
0RB1RC_1LA0RC_0LD1RC_1RB1LD	QH	2
0RB1RC_1LA1LC_0LD0RA_1RA1LD	QH	1
0RB1RC_1LA1RB_0LD0RC_1LD0LA	DN	99999991
0RB1RC_1LA1RB_0RC1LD_0LD0LA	DN	99999978
0RB1RC_1LA1RB_1LD0RC_0LD0LA	DN	99999990
0RB1RC_1LA1RB_1LD0RC_0LD1LA	DN	99999991
0RB1RC_1LA1RB_1LD0RC_0LD1LB	QH	11
0RB1RC_1LA1RB_1LD0RC_0LD1RB	QH	2
0RB1RC_1LC---_1LD1RA_0RA0LD	DN	99999990
0RB1RC_1LC0LA_0LD0RA_1RA1LD	DN	99999984
0RB1RC_1LC0LA_0LD0RA_1RC1LD	DN	99999987
0RB1RC_1LC0LA_0LD0RC_1RA1LD	DN	99999973
0RB1RC_1LC0LB_0LD0RA_1RA1LD	SP	67109025
0RB1RC_1LC0LC_0LD0RA_1RA1LD	DN	99999990
0RB1RC_1LC0LC_0LD0RA_1RC1LD	DN	99999975
0RB1RC_1LC0LC_0LD0RC_1RA1LD	DN	99999979
0RB1RC_1LC0LD_0LD0RA_1RA1LD	SP	67108930
0RB1RC_1LC0RA_0LD0RD_1RD1LB	QH	0
0RB1RC_1LC0RA_0LD1RC_1RB1LD	DN	99230080
0RB1RC_1LC0RC_1LD1RA_0RB0LD	DN	99999989
0RB1RC_1LC0RD_1LD0LB_1RB1RA	DN	99997810
0RB1RC_1LC1LC_0LD0RA_1RA1LD	QH	1
0RB1RC_1LC1RA_1LD0RC_1RB0LD	DN	99999980
0RB1RC_1LC1RB_0LD0LA_1RD0RB	SP	25196432
0RB1RC_1LC1RB_0LD1LD_0RA0LA	DN	99999990
0RB1RC_1LC1RD_0RD0LC_1RB1LA	QH	4
0RB1RC_1LC1RD_1LA0LC_0RD1LC	QH	1
0RB1RC_1RC0LB_0RD0RC_1LD1LA	SP	16198255
0RB1RC_1RC0LC_1LA0RD_1LC0RD	QH	1
0RB1RC_1RC0LC_1LD0RC_1LA0LA	DN	99999985
0RB1RC_1RC0LC_1LD0RC_1LA1RC	QH	1
0RB1RC_1RC0LD_0LB1RA_1LB1LD	DN	99979161
0RB1RC_1RC0LD_1LD0RC_1LA0LA	QH	3
0RB1RC_1RC0LD_1LD0RC_1LA1LB	QH	3
0RB1RC_1RC0LD_1LD0RC_1LA1RC	QH	1
0RB1RC_1RC0LD_1LD0RC_1LA1RD	QH	1
0RB1RC_1RC0LD_1LD1RA_0RC1LB	SP	67108921
0RB1RC_1RC0LD_1RD0RB_1LB1LA	DN	99996118
0RB1RC_1RC0RA_1LD1RA_1LB1LD	SP	44681971
0RB1RC_1RC1LA_1LD1RB_0RC0LD	QH	0
0RB1RC_1RC1LB_0LB1RD_0LA0RC	QH	0
0RB1RC_1RC1LB_1LA1RD_0LB0RC	QH	3
0RB1RC_1RC1LC_1LA0RD_0RC0LC	QH	1
0RB1RC_1RC1LD_1LA0RC_0LD0LA	DN	99999991
0RB1RC_1RC1LD_1LA0RC_0LD1RC	QH	1
0RB1RC_1RC1RB_0LD0RA_1LB1LD	SP	31491875
0RB1RC_1RC1RB_1LD0RA_1LA1LC	SP	32317792
0RB1RC_1RC1RB_1LD0RC_0LD1LA	DN	99999985
0RB1RD_0LC1RA_1LD1RA_1RA0LC	SP	25122898
0RB1RD_0LC1RA_1RB1LC_0LB0LB	SP	83885957
0RB1RD_0LC1RA_1RB1LC_0LB0RB	SP	67108829
0RB1RD_0LC1RA_1RB1LC_0LC0LB	SP	71302997
0RB1RD_0LC1RA_1RB1LC_0LC0RB	SP	58720130
0RB1RD_0LC1RA_1RB1LC_0LD0LB	DN	99999990
0RB1RD_0LC1RA_1RB1LC_0LD0RB	SP	67108650
0RB1RD_0LC1RA_1RB1LC_0RB0LA	SP	83885906
0RB1RD_0LC1RA_1RB1LC_0RB0LB	SP	83885915
0RB1RD_0LC1RA_1RB1LC_0RB0RB	SP	67108778
0RB1RD_0LC1RA_1RB1LC_1LA0LB	SP	83885999
0RB1RD_0LC1RA_1RB1LC_1LA0RB	SP	67108820
0RB1RD_0LC1RA_1RB1LC_1LC0LB	SP	83885831
0RB1RD_0LC1RA_1RB1LC_1LC0RB	SP	67108694
0RB1RD_0LC1RA_1RB1LC_1RB0LB	SP	83885873
0RB1RD_0LC1RA_1RB1LC_1RB0RB	SP	67108736
0RB1RD_0LC1RB_1LD0RB_1RA1LC	QH	6
0RB1RD_0LC1RB_1LD1RA_1RA0LC	SP	37662952
0RB1RD_0LC1RB_1RB1LD_1LC0RA	SP	88378248
0RB1RD_0LC1RD_1RB1LC_1LA0RB	QH	0
0RB1RD_0RC0LB_1LD1RC_1LB0RA	DN	99984793
0RB1RD_0RC1LD_1LB1RC_1RA0LB	QH	0
0RB1RD_1LA0RC_0LD1RB_1RC1LD	QH	2
0RB1RD_1LA0RC_0LD1RC_1RB1LD	QH	2
0RB1RD_1LA1LC_1RB0LC_0RD0LA	DN	99999987
0RB1RD_1LA1RC_0LC1RB_1LC0RD	QH	2
0RB1RD_1LA1RC_1LD0RB_1RA0LC	SP	52336850
0RB1RD_1LA1RC_1RB0LD_0RB1LD	QH	2
0RB1RD_1LA1RC_1RB0LD_0RC1LD	QH	2
0RB1RD_1LC0LC_1RA1LB_0LB0RA	DN	99999973
0RB1RD_1LC0LC_1RA1LB_0LC0RA	DN	99981846
0RB1RD_1LC0LC_1RA1LB_0LC1LD	SP	44763803
0RB1RD_1LC0LC_1RA1LB_1LB0RA	DN	99949771
0RB1RD_1LC0LC_1RA1LB_1LC0RA	DN	99961234
0RB1RD_1LC0LC_1RA1LB_1RB0RA	DN	99963447
0RB1RD_1LC0LD_1RD0RA_1LB0RC	DN	99999966
0RB1RD_1LC0RA_0LD1LA_1RB0LD	SP	69205252
0RB1RD_1LC0RA_1LD0RD_1RB0LB	DN	99999955
0RB1RD_1LC0RA_1LD1LC_1RB0LC	DN	99992538
0RB1RD_1LC0RA_1RA1LA_1RB0LD	SP	30758002
0RB1RD_1LC0RA_1RA1LB_0LC1RA	SP	44739268
0RB1RD_1LC0RA_1RA1LD_1LC0LC	DN	99999987
0RB1RD_1LC0RA_1RC1LA_1RB0LD	DN	92274289
0RB1RD_1LC0RA_1RD1LA_1RB0LD	DN	92274247
0RB1RD_1LC0RA_1RD1LB_0LC0RD	QH	0
0RB1RD_1LC0RB_1RA0LD_0LC1LB	SP	69205242
0RB1RD_1LC0RD_1LD0LC_1RA0LB	DN	99999988
0RB1RD_1LC0RD_1RA1LB_0LB0RA	QH	0
0RB1RD_1LC0RD_1RA1LB_0LB1RD	QH	0
0RB1RD_1LC0RD_1RA1LB_0LC1RD	QH	0
0RB1RD_1LC0RD_1RB1LB_0LB0RA	QH	0
0RB1RD_1LC1LA_1RA1LB_0LB0RD	QH	0
0RB1RD_1LC1LA_1RB1LB_0LB0RD	QH	0
0RB1RD_1LC1LB_0RA0LC_0LB1RA	DN	99999978
0RB1RD_1LC1LB_1RA---_0LB0RD	QH	0
0RB1RD_1LC1LB_1RA0LC_1RB0RA	DN	99999967
0RB1RD_1LC1LB_1RA1RC_0LB0RA	SP	62907476
0RB1RD_1LC1LB_1RA1RC_1LB0RA	SP	32309634
0RB1RD_1LC1LB_1RC0RD_1LB1RA	SP	25159710
0RB1RD_1LC1RA_0LD0LC_0RA1RB	DN	99999987
0RB1RD_1LC1RA_1LA0LB_1RA0RC	SP	25147352
0RB1RD_1LC1RA_1LA0LC_1RA1LC	DN	99968086
0RB1RD_1LC1RA_1LA0LC_1RB1LC	DN	99955312
0RB1RD_1LC1RA_1LD0LB_1RA0RC	SP	52357208
0RB1RD_1LC1RA_1LD0LC_0RB0LC	DN	99969995
0RB1RD_1LC1RA_1LD0LC_1RB0LB	DN	99989626
0RB1RD_1LC1RA_1LD0LC_1RD0LB	DN	99974997
0RB1RD_1LC1RA_1LD0LD_0RA1LC	SP	67108717
0RB1RD_1LC1RB_0RB1LD_1RA0LC	QH	0
0RB1RD_1LC1RB_1RA1LC_0LB0RB	QH	0
0RB1RD_1LC1RB_1RA1LC_0LC0RB	QH	0
0RB1RD_1LC1RB_1RA1LC_1LB0RB	QH	0
0RB1RD_1LC1RB_1RA1LC_1LC0RB	QH	0
0RB1RD_1LC1RB_1RA1LC_1RB0RB	QH	0
0RB1RD_1LC1RC_0RC1LD_1LA0LD	QH	1
0RB1RD_1LC1RC_1RA1LA_1RB0LC	DN	99999980
0RB1RD_1LC1RD_0LD0LC_1RA1LC	DN	99973717
0RB1RD_1LC1RD_1LA0LC_1RA1LC	DN	99998228
0RB1RD_1RC---_1LD0RB_1RA0LC	SP	34901438
0RB1RD_1RC---_1LD1RB_0LD0LA	DN	99999988
0RB1RD_1RC0LA_1LD0RB_1RB1LC	SP	33529881
0RB1RD_1RC0LA_1LD1RB_0RC0LD	QH	0
0RB1RD_1RC0LC_1LA---_1LC0RD	QH	1
0RB1RD_1RC0LC_1LA0LA_1LB0RD	DN	99999980
0RB1RD_1RC0LD_1LA1RB_0RB1LD	QH	0
0RB1RD_1RC0LD_1LA1RB_0RC1LD	QH	0
0RB1RD_1RC0LD_1LA1RD_1LC0RD	QH	1
0RB1RD_1RC0LD_1LB0LA_1RB1LC	DN	99999973
0RB1RD_1RC0RA_0LC1LB_1LC0RD	QH	0
0RB1RD_1RC0RA_1LD1LA_1RA0LC	DN	99999955
0RB1RD_1RC0RD_1LA1LC_1RB0LC	DN	99999984
0RB1RD_1RC1LA_1LD1RB_0RC0LD	QH	0
0RB1RD_1RC1LB_0LA0RD_0LB1RD	QH	0
0RB1RD_1RC1LB_0LA1RD_0LB0RC	SP	67108929
0RB1RD_1RC1LB_0LB1RD_1LA0RC	QH	0
0RB1RD_1RC1LB_1LA0RD_0LB1RD	QH	0
0RB1RD_1RC1LB_1LA1RD_0LB0RC	QH	3
0RB1RD_1RC1LC_0LC1RD_1LA0RD	QH	1
0RB1RD_1RC1LC_0RD0LA_1LD0LB	DN	99999985
0RB1RD_1RC1LC_1LB0RD_0LC0RA	QH	0
0RB1RD_1RC1LC_1LB1RA_1LD0RC	DN	99999988
0RB1RD_1RC1LD_0RD0LD_1LA0RC	QH	1
0RB1RD_1RC1LD_1LD0RA_1LB0LC	SP	55753018
0RB1RD_1RC1RA_0LC1LB_1LC0RD	QH	0
0RB1RD_1RC1RA_1LD0LA_1RA0LC	DN	99981802
0RB1RD_1RC1RA_1LD0LB_1RA0LC	SP	52336828
0RB1RD_1RC1RA_1LD1RA_1RA0LC	SP	10064282
0RB1RD_1RC1RB_0LC1LA_1LC0RD	DN	99999990
0RB1RD_1RC1RD_0LD0LC_1RA1LC	DN	99989517
0RB1RD_1RC1RD_1LD1LA_1RA0LC	DN	99999989
1RA---_------_------_------	ED	-1
1RB---_0LB0LA_------_------	DN	99999997
1RB---_0LB0RA_------_------	DN	99999997
1RB---_0LB1RA_------_------	DN	99999997
1RB---_0LB1RB_------_------	QH	0
1RB---_0LB1RC_0RD0RC_1LB1LD	QH	0
1RB---_0LB1RC_1LB0RC_------	QH	0
1RB---_0LB1RC_1LB0RD_1LB0RC	QH	0
1RB---_0LB1RC_1LB0RD_1LC0RC	QH	0
1RB---_0LB1RC_1LB0RD_1LC0RD	QH	0
1RB---_0LB1RC_1LD0RC_1LB1RC	QH	0
1RB---_0LB1RC_1LD1RA_0RA0LD	DN	99999980
1RB---_0LC---_---0LA_------	DN	99999997
1RB---_0LC---_---0RA_------	DN	99999997
1RB---_0LC---_---1RA_------	DN	99999997
1RB---_0LC---_---1RB_------	QH	0
1RB---_0LC0LA_1LB1RD_1LC0RD	SP	50331666
1RB---_0LC0LB_1RC0RD_1LB1LA	SP	89593070
1RB---_0LC0RB_0LD1LC_1RA0RC	SP	50331591
1RB---_0LC0RB_0LD1LC_1RA1RA	SP	50331549
1RB---_0LC0RB_0LD1LC_1RA1RD	QH	9
1RB---_0LC0RB_1LD1LA_0RC1LC	DN	99999989
1RB---_0LC0RB_1LD1LA_1RB1LC	QH	2
1RB---_0LC0RC_0LD1LC_1RA1LB	SP	50245828
1RB---_0LC0RC_0LD1RC_1RB1LD	QH	0
1RB---_0LC0RD_0LD1LC_1RA0RB	DN	99999989
1RB---_0LC0RD_1LA1LC_0LA0RB	DN	99999981
1RB---_0LC0RD_1RB1LC_0LC1RD	QH	0
1RB---_0LC0RD_1RD1LC_0LA1RB	SP	83885883
1RB---_0LC1LD_0RC1LA_1RC0LD	QH	1
1RB---_0LC1RA_0LD0RB_1LA1LC	SP	50331503
1RB---_0LC1RA_1LD1RC_0RA0LD	DN	99999989
1RB---_0LC1RB_0LB1RD_1LC0RD	QH	0
1RB---_0LC1RB_1LA1LD_1LC0RB	SP	67108710
1RB---_0LC1RB_1LD0RB_1LA1LC	SP	50331503
1RB---_0LC1RB_1RD1LC_0LB0RB	QH	0
1RB---_0LC1RB_1RD1LC_0LC0RB	QH	0
1RB---_0LC1RB_1RD1LC_1LB0RB	QH	0
1RB---_0LC1RB_1RD1LC_1LC0RB	QH	0
1RB---_0LC1RB_1RD1LC_1RB0RB	QH	0
1RB---_0LC1RC_0LD0RC_1LA1LD	QH	1
1RB---_0LC1RC_0RC1LD_1LA0LD	QH	1
1RB---_0LC1RD_0LB1RC_1LB0RD	QH	0
1RB---_0LC1RD_0LB1RD_1LB0RD	QH	0
1RB---_0LC1RD_0LB1RD_1LC0RD	QH	0
1RB---_0LC1RD_1LA1LC_0LA0RD	DN	99999991
1RB---_0LC1RD_1LB1RC_1LB0RD	QH	0
1RB---_0LC1RD_1LB1RD_1LB0RD	QH	0
1RB---_0LC1RD_1LC1RD_1LB0RD	QH	0
1RB---_0RA---_------_------	ED	-1
1RB---_0RC---_0LA---_------	DN	99999997
1RB---_0RC---_0LB---_------	QH	0
1RB---_0RC---_0RA---_------	ED	-1
1RB---_0RC---_1RA---_------	ED	-1
1RB---_0RC0LC_0RD1LC_1LB1RD	QH	0
1RB---_0RC0LD_1LB1RC_0RC1LD	QH	0
1RB---_0RC0RB_1LC0LD_1RA0LD	DN	99999985
1RB---_0RC0RB_1LD1LC_0LD1RB	QH	0
1RB---_0RC1LB_1LD1RC_0RB0LB	QH	0
1RB---_0RC1LB_1LD1RC_0RC0LB	QH	0
1RB---_0RC1LB_1LD1RC_1LB0LB	QH	0
1RB---_0RC1LB_1LD1RC_1RB0LB	QH	0
1RB---_0RC1LB_1LD1RC_1RC0LB	QH	0
1RB---_0RC1RB_1LC0LD_0RA0LC	DN	99999989
1RB---_1LB0LA_------_------	DN	99999997
1RB---_1LB0LC_1RD0LC_0RD0LA	DN	99999993
1RB---_1LB1LC_1RD0LA_0LC0RD	DN	99999991
1RB---_1LB1RC_1LD0RC_0LB1RC	QH	0
1RB---_1LB1RC_1RA1LD_0RA0LD	DN	99999988
1RB---_1LC---_---0LA_------	DN	99999997
1RB---_1LC---_1RD0LC_0RD0LA	DN	99999993
1RB---_1LC0LA_0LB1RD_1LB0RD	SP	67108882
1RB---_1LC0LA_1RD1LB_0LC0RD	QH	22
1RB---_1LC0LC_0RD1LC_1LB1RD	QH	0
1RB---_1LC0LD_0RA0LC_1RA1RD	DN	99999991
1RB---_1LC0RA_0RB0LD_0LC---	DN	99999990
1RB---_1LC0RA_1LD0LC_0RB1RC	DN	99999988
1RB---_1LC0RA_1RC0LD_0LC1RA	QH	6
1RB---_1LC0RA_1RD0LB_0LB1RC	SP	89462084
1RB---_1LC0RA_1RD0LB_0LC1RC	SP	50319405
1RB---_1LC0RA_1RD0LB_0RA1RC	SP	34901437
1RB---_1LC0RA_1RD0LB_1LC1RC	SP	89429387
1RB---_1LC0RA_1RD0LB_1LD1RC	SP	89462107
1RB---_1LC0RA_1RD0LB_1RA1RC	SP	50245835
1RB---_1LC0RA_1RD0LB_1RB1RC	SP	34921827
1RB---_1LC0RB_0LC0LD_0RA---	DN	99999991
1RB---_1LC0RB_0LC0LD_0RD1RA	QH	4
1RB---_1LC0RB_0LC0LD_1RA0RA	DN	99999991
1RB---_1LC0RB_0LC0LD_1RA1RA	QH	3
1RB---_1LC0RB_0LC0LD_1RD1RA	QH	4
1RB---_1LC0RB_0LC0RD_0LA1LA	DN	99999991
1RB---_1LC0RB_0LC0RD_1LA0LD	QH	3
1RB---_1LC0RB_0LC0RD_1LA0RD	QH	3
1RB---_1LC0RB_0LC0RD_1LA1LA	QH	3
1RB---_1LC0RB_0LC0RD_1LA1LD	QH	3
1RB---_1LC0RB_0LC0RD_1LA1RC	QH	3
1RB---_1LC0RB_0LC1RB_------	QH	0
1RB---_1LC0RB_0LD0LB_0RA1LB	DN	99982032
1RB---_1LC0RB_0LD1LA_0LD0RA	DN	99999991
1RB---_1LC0RB_0LD1RB_0LC1RB	QH	0
1RB---_1LC0RB_0LD1RB_0LC1RD	QH	0
1RB---_1LC0RB_0LD1RB_1LC1RB	QH	0
1RB---_1LC0RB_0LD1RB_1LC1RD	QH	0
1RB---_1LC0RB_0LD1RB_1LD1RB	QH	0
1RB---_1LC0RB_1LD1LA_0LC0RC	DN	99999984
1RB---_1LC0RB_1LD1LA_0LC1RB	SP	67108835
1RB---_1LC0RB_1LD1RB_0LC0LA	SP	50331620
1RB---_1LC0RB_1LD1RB_0LC1LA	SP	50331576
1RB---_1LC0RB_1LD1RB_0LD1RB	QH	0
1RB---_1LC0RB_1RD0LC_1LB1RA	DN	99999983
1RB---_1LC0RC_0LD1LC_1RA1LB	SP	34840291
1RB---_1LC0RC_0LD1RC_1RB1LD	QH	0
1RB---_1LC0RC_1RD0LB_1RB0RA	DN	99999983
1RB---_1LC0RD_0LC1RB_1LB0RB	QH	0
1RB---_1LC0RD_0LC1RB_1LB0RD	QH	0
1RB---_1LC0RD_0LC1RB_1LC0RB	QH	0
1RB---_1LC0RD_0LC1RD_1LC0RB	QH	0
1RB---_1LC0RD_1LD1LB_1RB0LC	QH	0
1RB---_1LC0RD_1RB1LC_0LC1RD	QH	0
1RB---_1LC0RD_1RD0LB_1RB1RC	QH	0
1RB---_1LC1LB_0LC1RD_0RB0RD	QH	0
1RB---_1LC1LB_1RD1LA_0LB0RD	DN	99999986
1RB---_1LC1LC_1RD0LC_0RD1LA	QH	1
1RB---_1LC1LD_0RA0LC_1RA1RD	DN	99999989
1RB---_1LC1LD_0RC1LA_1RC0LD	QH	1
1RB---_1LC1LD_1RD0LB_1LB0RC	QH	0
1RB---_1LC1RA_---0LD_0RA0LC	DN	99999989
1RB---_1LC1RA_---0LD_0RA0LD	DN	99999990
1RB---_1LC1RA_0LC0LD_0RA0RC	DN	99999991
1RB---_1LC1RA_0LC0LD_0RA1RC	DN	99999989
1RB---_1LC1RA_0RA0LC_------	DN	99999993
1RB---_1LC1RA_0RB0LD_0LC0LC	QH	3
1RB---_1LC1RA_0RB0LD_0RC0LC	QH	3
1RB---_1LC1RA_0RB0LD_0RD0LC	QH	4
1RB---_1LC1RA_0RB0LD_1LC0LC	QH	3
1RB---_1LC1RA_0RB0LD_1RA0LC	QH	3
1RB---_1LC1RA_0RB0LD_1RC0LC	QH	3
1RB---_1LC1RA_0RB0LD_1RD0LC	QH	4
1RB---_1LC1RA_0RD0LC_0LB0RA	DN	99999990
1RB---_1LC1RA_0RD0LC_1LC1RB	DN	99999988
1RB---_1LC1RA_0RD0LC_1RB---	DN	99999993
1RB---_1LC1RA_0RD0LD_1RA0LC	DN	99999986
1RB---_1LC1RA_1LD0LC_0RD0RA	DN	99999987
1RB---_1LC1RA_1RB0LD_0RC0LC	DN	99999989
1RB---_1LC1RA_1RB0LD_0RC0LD	DN	99999990
1RB---_1LC1RA_1RD0LC_0LD0RA	DN	99999987
1RB---_1LC1RB_0LB1RD_1LC0RD	QH	0
1RB---_1LC1RB_0RA1LD_0RB0LC	SP	75497277
1RB---_1LC1RB_0RB0LD_0RB1LD	QH	0
1RB---_1LC1RB_0RD0LD_0RB1LD	QH	0
1RB---_1LC1RB_1LD0LD_0RB1LD	QH	0
1RB---_1LC1RB_1RA1LD_0RB0LC	SP	67108703
1RB---_1LC1RB_1RB0LD_0RB1LD	QH	0
1RB---_1LC1RB_1RD0LD_0RB1LD	QH	0
1RB---_1LC1RC_0LD0RC_1LA1LD	QH	1
1RB---_1LC1RC_0RC1LD_1LA0LD	QH	1
1RB---_1LC1RC_1RA0LD_0RA0LD	DN	99999991
1RB---_1LC1RD_0LB1RD_1LC0RD	QH	0
1RB---_1LC1RD_0LC1RD_1LB0RD	QH	0
1RB---_1LC1RD_0LD1RC_1RA0RB	DN	99999914
1RB---_1LC1RD_0LD1RD_1RA0RB	DN	99999986
1RB---_1LC1RD_0RA0LC_0LD1RA	DN	99999991
1RB---_1LC1RD_0RA0LC_1LB1RA	DN	99999990
1RB---_1LC1RD_0RA0LC_1LC1RA	DN	99999976
1RB---_1LC1RD_0RA0LC_1RA---	DN	99999991
1RB---_1LC1RD_0RA0LC_1RB---	DN	99999993
1RB---_1LC1RD_0RB0LC_0LD1RA	DN	99999988
1RB---_1LC1RD_0RB0LC_1LB1RA	DN	99999980
1RB---_1LC1RD_0RB0LC_1LC1RA	DN	99999987
1RB---_1LC1RD_0RB0LC_1RA0LB	QH	7
1RB---_1LC1RD_0RB0LC_1RA0LC	QH	7
1RB---_1LC1RD_0RB0LC_1RA0RB	QH	7
1RB---_1LC1RD_0RB0LC_1RA0RC	QH	7
1RB---_1LC1RD_0RB0LC_1RA1RA	QH	7
1RB---_1LC1RD_0RB0LC_1RA1RC	QH	7
1RB---_1LC1RD_0RB0LC_1RA1RD	SP	67108692
1RB---_1LC1RD_0RB0LC_1RB1RA	SP	50331547
1RB---_1LC1RD_1LA0LC_0RD0LA	DN	99999991
1RB---_1LC1RD_1LA1LC_0LC0RD	QH	1
1RB---_1RA---_------_------	ED	-1
1RB---_1RC---_0LD0RC_0LA1LD	DN	99999989
1RB---_1RC---_0RA---_------	ED	-1
1RB---_1RC---_1LD1RA_0RA0LD	DN	99999989
1RB---_1RC---_1LD1RB_0RA0LD	DN	99999989
1RB---_1RC---_1RA---_------	ED	-1
1RB---_1RC0LC_0RD1LC_1LB1RD	QH	0
1RB---_1RC0LD_1LB1RA_0RA0LD	DN	99999988
1RB---_1RC0LD_1LB1RC_0RC1LD	QH	0
1RB---_1RC0LD_1LD0RB_1LB1LC	QH	0
1RB---_1RC0LD_1LD1RA_0RC0LD	QH	10
1RB---_1RC0LD_1LD1RB_0RA0LB	DN	99999989
1RB---_1RC0LD_1RD1RB_1LB0RC	QH	0
1RB---_1RC0RC_0LD0RB_0LA1LD	DN	99999988
1RB---_1RC0RC_0LD1RC_1RB1LD	QH	0
1RB---_1RC0RC_1LD1RA_0RC0LD	QH	10
1RB---_1RC0RD_1LD1RA_0RC0LD	QH	10
1RB---_1RC1LB_0LB0RD_0LB1RD	QH	0
1RB---_1RC1LB_0LB1RD_0RA0RC	SP	67108855
1RB---_1RC1LB_0LB1RD_1RA0RC	SP	67108767
1RB---_1RC1LB_0LD0RD_0LB1RD	QH	0
1RB---_1RC1LB_1LB0RD_0LB1RD	QH	0
1RB---_1RC1LB_1LD0RD_0LB1RD	QH	0
1RB---_1RC1LB_1RD0RD_0LB1RD	QH	0
1RB---_1RC1LD_0LD0RC_0LA1LB	DN	99999989
1RB---_1RC1RA_1LD0LB_0RA0LD	DN	99999986
1RB---_1RC1RA_1LD0LB_0RB0LD	DN	99999991
1RB---_1RC1RA_1LD0RB_0RB0LC	SP	34911643
1RB---_1RC1RA_1LD0RB_1LB0LC	SP	50233615
1RB---_1RC1RA_1LD0RB_1RB0LC	SP	50282519
1RB---_1RC1RA_1LD1RA_0RC0LD	SP	67108737
1RB---_1RC1RA_1LD1RB_0RB0LD	QH	12
1RB---_1RC1RC_0LD0RC_1LA1LD	QH	1
1RB---_1RC1RC_1LD1RA_0RC0LD	QH	10
1RB---_1RC1RD_1LD0RB_1RB0LC	QH	0
1RB---_1RC1RD_1LD1RA_0RC0LD	QH	10
1RB0LA_0LA---_------_------	DN	99999997
1RB0LA_0LB0RC_1RD---_1LA1RC	DN	99999990
1RB0LA_0LC0RA_1LA1LD_1LC0LC	SP	62859356
1RB0LA_0LC0RA_1LB1RD_1LC0RD	SP	83885880
1RB0LA_0LC0RB_1LC0RD_1LA1RD	DN	99999987
1RB0LA_0LC0RD_1LC1LA_0RB0RA	DN	99999991
1RB0LA_0LC0RD_1LC1LA_0RC0LA	SP	64602831
1RB0LA_0LC0RD_1LC1LA_0RC1LB	DN	99994627
1RB0LA_0LC0RD_1LD0RC_1LA0RB	DN	99999990
1RB0LA_0LC1LC_1RD1LB_0RA0RB	DN	99989325
1RB0LA_0LC1RD_1LC1LA_0RB0RD	DN	99992969
1RB0LA_0LC1RD_1LC1LA_0RC0RD	DN	99999703
1RB0LA_0RC---_1RD0RD_1LD0LA	DN	99999989
1RB0LA_0RC0LA_1LC0LD_1RB1LB	DN	99999962
1RB0LA_0RC0LA_1LD1RD_1LA0RB	DN	99987110
1RB0LA_0RC0LB_1LC1RD_1RB1LA	DN	99999944
1RB0LA_0RC0LC_1LD0RB_1LD0RA	DN	99999990
1RB0LA_0RC0LD_0RD0RB_1LD0RA	SP	50331500
1RB0LA_0RC0LD_1LD0RB_1LD0RA	SP	50331550
1RB0LA_0RC0LD_1LD1RC_1LA1LB	SP	67108882
1RB0LA_0RC0LD_1LD1RD_1LA1RB	DN	99977018
1RB0LA_0RC0RA_0LD1RA_1LA---	DN	99982029
1RB0LA_0RC0RA_0LD1RA_1RC1LA	DN	99996647
1RB0LA_0RC0RA_0LD1RC_1LA1RA	DN	99987603
1RB0LA_0RC0RB_0LD1LA_1LD0LA	DN	99999183
1RB0LA_0RC0RB_0LD1LA_1LD1RC	DN	99999572
1RB0LA_0RC0RB_1RD0LD_1LA0RD	DN	99999962
1RB0LA_0RC0RC_1LC1RD_1RB1LA	DN	99977834
1RB0LA_0RC0RC_1LD1RD_1LA1RB	DN	99967164
1RB0LA_0RC0RD_0LD1RA_1RC1LA	DN	99964454
1RB0LA_0RC0RD_1LA0RA_0LC1RA	DN	99999806
1RB0LA_0RC0RD_1LA0RC_0LC1RA	DN	99991484
1RB0LA_0RC0RD_1LA1LC_0LC0RB	DN	99979724
1RB0LA_0RC0RD_1LA1RA_0LC1RA	DN	99992683
1RB0LA_0RC0RD_1LA1RB_1LC1RC	DN	99999992
1RB0LA_0RC0RD_1LC1RD_1RB1LA	DN	99999983
1RB0LA_0RC0RD_1LD1RD_1LA1RB	DN	99982029
1RB0LA_0RC1LA_1RD0LB_1LB1RB	DN	99992291
1RB0LA_0RC1LA_1RD0RA_0LB1RB	DN	99948836
1RB0LA_0RC1LA_1RD0RA_1LB0RA	DN	99985337
1RB0LA_0RC1LA_1RD0RD_1LB1RB	DN	99999917
1RB0LA_0RC1LA_1RD1RB_0LB1RB	DN	99970218
1RB0LA_0RC1LA_1RD1RB_1LB0RA	DN	99984198
1RB0LA_0RC1LA_1RD1RB_1LB1RB	DN	99990126
1RB0LA_0RC1LA_1RD1RC_0LB1RB	DN	99998884
1RB0LA_0RC1LA_1RD1RD_1LB1RB	DN	99989785
1RB0LA_0RC1LC_1LD0LA_1LD1LB	DN	99999976
1RB0LA_0RC1LC_1LD0RA_1LB0LD	DN	99999949
1RB0LA_0RC1LD_1LA1RC_1LB0LD	DN	99959988
1RB0LA_0RC1LD_1LA1RC_1RC0LD	DN	99951828
1RB0LA_0RC1LD_1LB1RC_0LA0LB	SP	50331665
1RB0LA_0RC1LD_1LB1RC_1LA0LB	SP	50331621
1RB0LA_0RC1RA_0LD0RB_1LD0LA	DN	99999981
1RB0LA_0RC1RA_0LD0RB_1LD1LB	DN	99999983
1RB0LA_0RC1RB_0LD0RB_1LD0LA	DN	99999954
1RB0LA_0RC1RB_0RD1RC_1LD1LA	DN	99938444
1RB0LA_0RC1RD_0LD0RB_1LD0LA	DN	99999981
1RB0LA_1LA---_------_------	DN	99999997
1RB0LA_1LB0LC_1RD1LD_0RB1LA	DN	99999981
1RB0LA_1LB0RC_1LA1RD_1RC---	DN	99999992
1RB0LA_1LB1LC_1RD0LC_0RD0RA	DN	99999987
1RB0LA_1LB1RC_1RD1LC_1LA0RD	DN	99999981
1RB0LA_1LC---_1LA0RD_0RB1RD	DN	99999992
1RB0LA_1LC---_1RD0RD_1LA1RC	DN	99999992
1RB0LA_1LC0LA_1RD0RD_1LB1RC	DN	99999992
1RB0LA_1LC0LC_1LA0RD_1RD0RB	DN	99999989
1RB0LA_1LC0LC_1RD0LB_1LA0RC	DN	99999984
1RB0LA_1LC0LC_1RD1LB_1LA0RD	SP	33554445
1RB0LA_1LC0RA_0LC1RD_1LB0RD	DN	99999989
1RB0LA_1LC0RA_1RA1LD_0LC0RB	DN	99999980
1RB0LA_1LC0RA_1RC1LD_0LC0RB	DN	99999981
1RB0LA_1LC0RA_1RD0LB_1LB1RC	SP	89429431
1RB0LA_1LC0RA_1RD1LB_0LC0RD	SP	50331622
1RB0LA_1LC0RB_0LC0RD_1RD1LA	DN	99999987
1RB0LA_1LC0RB_0LD0LC_1LA0RA	DN	99999969
1RB0LA_1LC0RB_1LD1RB_0LC0RA	SP	75497274
1RB0LA_1LC0RB_1RA1LD_0LC1LA	DN	99999988
1RB0LA_1LC0RB_1RA1LD_1LA---	DN	99999977
1RB0LA_1LC0RB_1RA1RD_0LC1LD	DN	99999984
1RB0LA_1LC0RB_1RC1LD_1LA1RD	DN	99999978
1RB0LA_1LC0RB_1RD0LD_1LA1RB	DN	99994754
1RB0LA_1LC0RB_1RD1LA_1LA1RC	DN	99999968
1RB0LA_1LC0RB_1RD1LA_1LD1RC	DN	99999976
1RB0LA_1LC0RB_1RD1LA_1RA1RC	DN	99999981
1RB0LA_1LC0RB_1RD1LA_1RB1RC	DN	99999970
1RB0LA_1LC0RB_1RD1LD_1LA1RC	DN	99999979
1RB0LA_1LC0RB_1RD1LD_1LA1RD	DN	99999969
1RB0LA_1LC0RC_0RD1LA_1LD1LC	DN	99999962
1RB0LA_1LC0RC_1RD1LA_1LA0RB	DN	99993458
1RB0LA_1LC0RC_1RD1LA_1LA0RD	DN	99980725
1RB0LA_1LC0RC_1RD1LA_1RB0RC	DN	99998735
1RB0LA_1LC0RC_1RD1LA_1RB1LB	DN	99996068
1RB0LA_1LC0RC_1RD1LA_1RB1RB	DN	99982543
1RB0LA_1LC0RD_0LA1LD_0RB1RA	SP	69205241
1RB0LA_1LC0RD_0LB1LA_0RB1LA	DN	99997834
1RB0LA_1LC0RD_0LC1LA_0RB1RD	DN	99999989
1RB0LA_1LC0RD_0LC1LD_0RB1RA	DN	99999975
1RB0LA_1LC0RD_0LD0LC_1LA1RD	DN	99976317
1RB0LA_1LC0RD_0RD0LC_1LA1RD	DN	99983907
1RB0LA_1LC0RD_1LA0LB_1RB0RD	DN	99976702
1RB0LA_1LC0RD_1LA0LC_1LA1RD	DN	99969980
1RB0LA_1LC0RD_1LA0LC_1RB0RB	DN	99999983
1RB0LA_1LC0RD_1LA0LC_1RB0RD	DN	99984993
1RB0LA_1LC0RD_1LA1LB_0LB1RD	SP	33554445
1RB0LA_1LC0RD_1LA1LB_0LC1RD	SP	89478502
1RB0LA_1LC0RD_1LA1RB_1LC1RC	DN	99994774
1RB0LA_1LC0RD_1LB1LD_0RB1RA	SP	57671079
1RB0LA_1LC0RD_1LC1LD_0RB1RA	SP	57671080
1RB0LA_1LC0RD_1LD0LB_1RB0RA	DN	99977223
1RB0LA_1LC0RD_1RA1LA_---0RB	DN	99999990
1RB0LA_1LC0RD_1RA1LD_0RB1RA	DN	92274242
1RB0LA_1LC0RD_1RC1LD_0RB1RA	DN	92274282
1RB0LA_1LC0RD_1RD1LD_0RB1RA	SP	61516222
1RB0LA_1LC1LA_1RD0LB_1LA0RC	DN	99999984
1RB0LA_1LC1LA_1RD0LB_1RA0RC	DN	99999982
1RB0LA_1LC1LA_1RD1LB_0LC0RD	SP	33554444
1RB0LA_1LC1LB_1RD1LA_0LC0RD	SP	83885893
1RB0LA_1LC1LD_1LA0RC_0RB1RD	DN	99999985
1RB0LA_1LC1LD_1RD0LB_1LA0RC	SP	72020467
1RB0LA_1LC1RC_1LA1RD_0RB0RB	SP	89560060
1RB0LA_1LC1RC_1LA1RD_0RC0RB	SP	37078672
1RB0LA_1LC1RC_1LA1RD_1LC0RB	SP	89560082
1RB0LA_1LC1RC_1LA1RD_1RA0RB	SP	89690760
1RB0LA_1LC1RC_1LA1RD_1RB0RB	SP	89625421
1RB0LA_1LC1RC_1LA1RD_1RC0RB	SP	62217779
1RB0LA_1LC1RC_1RD1LB_1LA0RD	DN	99999982
1RB0LA_1LC1RC_1RD1LC_1LA0RD	DN	99999973
1RB0LA_1LC1RD_0LC1LA_0RD0RB	DN	99992969
1RB0LA_1LC1RD_1LA0RC_0RB1RC	DN	99999979
1RB0LA_1LC1RD_1LA0RC_1RC---	DN	99999981
1RB0LA_1LC1RD_1LA1LB_1LA0RD	DN	99999985
1RB0LA_1LC1RD_1LD1LB_1LA0RD	DN	99999988
1RB0LA_1LC1RD_1RC1LB_1LA0RD	DN	99999981
1RB0LA_1LC1RD_1RD0LB_1LA0RC	SP	34983080
1RB0LA_1LC1RD_1RD1LB_1LA0RD	DN	99999970
1RB0LA_1RC---_0RD0RC_1LD0LA	DN	99999976
1RB0LA_1RC0LD_1LD0RC_0RA0LB	DN	99999988
1RB0LA_1RC0RA_1LD0RC_0LD1LB	DN	99999986
1RB0LA_1RC0RB_0RD1LD_1LB1LA	DN	99951603
1RB0LA_1RC1LA_0RD0RC_1LD0RB	DN	99989161
1RB0LA_1RC1LA_0RD0RC_1LD1RB	DN	99999775
1RB0LA_1RC1LB_0LB1RD_0LA0RC	DN	99999988
1RB0LA_1RC1LD_0LD0RB_0RC1LA	DN	99999704
1RB0LA_1RC1LD_0LD0RC_0RB1LA	DN	99993442
1RB0LA_1RC1RA_0RD0RB_1LD0LA	DN	99975281
1RB0LA_1RC1RA_1LD0RB_0RA0LC	SP	89413138
1RB0LB_0LA---_------_------	ED	-1
1RB0LB_0LB0RC_1LD1RC_1LA0RD	DN	99999977
1RB0LB_0LB0RC_1LD1RC_1LA1RB	DN	99978921
1RB0LB_0LB1RC_1RD0RC_1LA0LC	QH	0
1RB0LB_0LB1RC_1RD0RC_1LA1LC	QH	0
1RB0LB_0LC0LA_1RC0RD_1LB1LA	SP	89593070
1RB0LB_0LC0RA_1LA0RD_1RC0RC	DN	99989122
1RB0LB_0LC0RC_0LD1RC_1RA1LD	DN	99530827
1RB0LB_0LC0RD_0RA1LB_1RC1RC	DN	99999989
1RB0LB_0LC0RD_1LA1LC_0RB1RB	DN	99999977
1RB0LB_0LC0RD_1LC1LA_0RC0RA	DN	99999987
1RB0LB_0LC0RD_1RA1LC_0LC1RD	DN	99529769
1RB0LB_0LC0RD_1RC1LD_1RA0LA	DN	99906094
1RB0LB_0LC1LB_0RD1LA_1LC1RD	SP	34972943
1RB0LB_0LC1RD_0RC1LA_1LA0RA	DN	99999967
1RB0LB_0LC1RD_0RC1LA_1LC0RA	DN	99999981
1RB0LB_0LC1RD_1LA1LB_0RA0RD	DN	99999984
1RB0LB_0LC1RD_1LA1LB_0RB1RD	DN	99360000
1RB0LB_0LC1RD_1RB1LC_0RB1RA	SP	83885871
1RB0LB_0RC0LA_1LB1RD_1LA1RC	QH	0
1RB0LB_0RC0LA_1LB1RD_1RC---	QH	0
1RB0LB_0RC0LA_1RD---_1LA1RC	QH	0
1RB0LB_0RC0LB_1RD---_1LA1RC	QH	0
1RB0LB_0RC0RC_1LD1RC_1LA0LA	DN	99750099
1RB0LB_0RC0RD_1LA0LA_1LC1RD	DN	99842974
1RB0LB_0RC0RD_1LC1LA_1RA1RD	SP	67088419
1RB0LB_0RC0RD_1LD0RA_0LA0LC	DN	99999983
1RB0LB_0RC0RD_1LD1LA_0LA1RB	DN	99964458
1RB0LB_0RC0RD_1LD1RA_0LA---	DN	99988016
1RB0LB_0RC1LA_1LB1RC_------	SP	50331656
1RB0LB_0RC1LA_1LB1RD_1RC0LA	QH	0
1RB0LB_0RC1LA_1RD1RC_1LB1LD	DN	93518471
1RB0LB_0RC1LB_1LA1RC_------	DN	99315155
1RB0LB_0RC1LB_1LA1RD_0LD1RC	DN	99491973
1RB0LB_0RC1LB_1LA1RD_1LA1RC	DN	99315155
1RB0LB_0RC1LB_1LA1RD_1LA1RD	DN	99315154
1RB0LB_0RC1LB_1LA1RD_1RC0LB	QH	3
1RB0LB_0RC1LB_1LB1RD_1LA1RD	QH	0
1RB0LB_0RC1LB_1LD1RC_0LA1LA	QH	7
1RB0LB_0RC1LB_1LD1RC_0RB1LA	QH	31
1RB0LB_0RC1LB_1LD1RC_0RC1LA	QH	29
1RB0LB_0RC1LB_1LD1RC_0RD1LA	QH	3
1RB0LB_0RC1LB_1LD1RC_1LA0LB	QH	4
1RB0LB_0RC1LB_1LD1RC_1LA0RA	DN	99813281
1RB0LB_0RC1LB_1LD1RC_1LA1LA	QH	7
1RB0LB_0RC1LB_1LD1RC_1LB1LA	QH	3
1RB0LB_0RC1LB_1LD1RC_1LC1LA	QH	3
1RB0LB_0RC1LB_1LD1RC_1RA1LA	QH	15
1RB0LB_0RC1LB_1LD1RC_1RB1LA	QH	3
1RB0LB_0RC1LB_1LD1RC_1RC1LA	QH	3
1RB0LB_0RC1LB_1LD1RD_1LA1RD	DN	99848966
1RB0LB_0RC1LB_1RD0LB_1LA1RC	QH	0
1RB0LB_0RC1LB_1RD1RC_1LD0LA	DN	99805211
1RB0LB_0RC1LB_1RD1RD_1LA1RD	QH	0
1RB0LB_0RC1LD_1LA1RC_0RC1LB	DN	99315155
1RB0LB_0RC1LD_1LA1RC_0RC1LD	DN	99315153
1RB0LB_0RC1LD_1LA1RC_0RD1LB	DN	99491137
1RB0LB_0RC1LD_1LB1RC_0LA1LA	SP	67108951
1RB0LB_0RC1LD_1LB1RC_0RA0LB	QH	0
1RB0LB_0RC1LD_1LB1RC_1LC1LA	QH	0
1RB0LB_0RC1LD_1RD0LA_1LB0RA	SP	48470199
1RB0LB_0RC1LD_1RD1RC_1LB0RA	SP	65930591
1RB0LB_0RC1RA_1LC0LD_0RA0LC	DN	99999981
1RB0LB_0RC1RB_0LD0RC_1LD1LA	DN	99810133
1RB0LB_0RC1RB_0RD0RC_1LD1LA	SP	89462040
1RB0LB_0RC1RB_1LD1RA_1LA---	SP	89298680
1RB0LB_0RC1RB_1LD1RC_1LA1LD	SP	44673816
1RB0LB_0RC1RB_1LD1RD_1LA0LB	SP	89298680
1RB0LB_0RC1RB_1LD1RD_1LA0RC	SP	66986248
1RB0LB_0RC1RD_0RD1RC_1LD0LA	DN	99999965
1RB0LB_1LA0LC_0LB0RD_1RD0RC	SP	50331640
1RB0LB_1LA0LC_0LB0RD_1RD1LA	SP	83886073
1RB0LB_1LA0LC_0LB0RD_1RD1LB	QH	2
1RB0LB_1LA0LC_0LB0RD_1RD1LC	QH	2
1RB0LB_1LA0LC_1LC1RD_0RD1RA	SP	67108858
1RB0LB_1LA0LC_1RD0LC_0RD0LA	DN	99999988
1RB0LB_1LA0LC_1RD0LC_0RD1LB	QH	2
1RB0LB_1LA0RC_0RD0RB_1LD1LB	SP	89462174
1RB0LB_1LA0RC_1LD0RB_1LD1LA	SP	44641244
1RB0LB_1LA0RC_1LD0RC_0LD0RA	DN	99999990
1RB0LB_1LA0RC_1LD0RC_0LD0RB	QH	2
1RB0LB_1LA0RC_1LD0RC_0LD1RA	DN	99999987
1RB0LB_1LA0RC_1LD1RC_1LB0RA	SP	83885897
1RB0LB_1LA1LC_0LA1RD_1RC0RD	SP	83886064
1RB0LB_1LA1LC_1LB0RD_0LB1RD	QH	2
1RB0LB_1LA1LC_1LB0RD_0LC1RD	QH	2
1RB0LB_1LA1LC_1RD0LC_0RD1LA	QH	2
1RB0LB_1LA1RC_0LD0RB_1RB1LD	QH	2
1RB0LB_1LA1RC_1LB1RD_0RA0RC	SP	33554359
1RB0LB_1LA1RC_1LD0RC_0LD1RB	QH	4
1RB0LB_1LB0LC_0RD1LC_1RD1RA	SP	67108810
1RB0LB_1LB0RC_1RA0LD_1LC1LD	SP	83886458
1RB0LB_1LB1RC_1LA0RD_0RC0LB	SP	50331672
1RB0LB_1LC---_0RA1RD_1LB0RD	QH	0
1RB0LB_1LC0LA_1LA1RD_1RC0RD	QH	0
1RB0LB_1LC0LA_1LB0RD_0RB1RD	DN	99999986
1RB0LB_1LC0LA_1LB1RD_1RC0RC	QH	0
1RB0LB_1LC0LB_1LA1RD_1RC0RD	QH	0
1RB0LB_1LC0LB_1RD1LB_1RA0RD	DN	99999983
1RB0LB_1LC0LC_0RA1RD_1LA0RD	DN	99999979
1RB0LB_1LC0RA_0LD0LC_1LA0RB	DN	99999905
1RB0LB_1LC0RA_1RD0LB_0LA1RC	SP	50319405
1RB0LB_1LC0RA_1RD0LB_1LA1RC	SP	89429387
1RB0LB_1LC0RA_1RD0LB_1LB1RC	SP	50343936
1RB0LB_1LC0RB_0LA0LD_0RA1LB	DN	99999883
1RB0LB_1LC0RB_0LD1LD_0RA1LB	DN	99983498
1RB0LB_1LC0RB_1LD0LD_0RA0LD	DN	99999974
1RB0LB_1LC0RB_1LD0LD_0RA1RB	DN	99999984
1RB0LB_1LC0RB_1LD1RB_0RA0LD	DN	99999982
1RB0LB_1LC0RB_1LD1RB_0RA1RB	QH	0
1RB0LB_1LC0RC_0LD1RC_1RA1LD	DN	99813290
1RB0LB_1LC0RC_0RD1LA_0LD1RB	DN	99999978
1RB0LB_1LC0RC_1RA0LD_0LC1LB	DN	99999984
1RB0LB_1LC0RC_1RA0LD_1LB1LB	DN	99999981
1RB0LB_1LC0RC_1RA0LD_1LC1LB	DN	99999987
1RB0LB_1LC0RC_1RA0LD_1LC1LD	SP	83885947
1RB0LB_1LC0RC_1RD1LA_0LA1RC	DN	99999989
1RB0LB_1LC0RD_0RA0LC_1LB0RD	DN	99999984
1RB0LB_1LC0RD_0RA1RB_1LB0RD	QH	0
1RB0LB_1LC0RD_0RC0LD_1LA1RD	DN	99878610
1RB0LB_1LC0RD_1LA0LB_0RB1RD	DN	99983390
1RB0LB_1LC0RD_1LA0LB_1RB0RD	DN	99980504
1RB0LB_1LC0RD_1LA0LB_1RB1RA	DN	99997994
1RB0LB_1LC0RD_1LA0LB_1RB1RD	SP	33570750
1RB0LB_1LC0RD_1LA0LD_0RB1RD	DN	99961934
1RB0LB_1LC0RD_1LA0LD_1LB0RA	DN	99999983
1RB0LB_1LC0RD_1LA0RA_0RB1RA	DN	99999958
1RB0LB_1LC0RD_1LA0RA_1RA1RA	DN	99999986
1RB0LB_1LC0RD_1LA0RA_1RB1RA	DN	99999988
1RB0LB_1LC0RD_1LA0RA_1RB1RD	SP	83885956
1RB0LB_1LC0RD_1LA0RB_1RC1RA	SP	58862614
1RB0LB_1LC0RD_1LA1LB_0LA0RA	DN	99964419
1RB0LB_1LC0RD_1LA1LB_0RB1RD	DN	99954090
1RB0LB_1LC0RD_1LA1LC_0RB1RD	DN	99957222
1RB0LB_1LC0RD_1LA1LC_1LD0RA	DN	99967538
1RB0LB_1LC0RD_1LA1LC_1RB1RD	SP	33603514
1RB0LB_1LC0RD_1LA1LD_1LB0RA	SP	75442253
1RB0LB_1LC0RD_1LC1LA_1RA1RD	DN	99999981
1RB0LB_1LC0RD_1LD1LC_1RB0RA	SP	77112638
1RB0LB_1LC0RD_1RA1LC_0LC1RD	DN	99811178
1RB0LB_1LC1LA_1RD1RC_0LA0RC	QH	0
1RB0LB_1LC1LA_1RD1RC_0LA1LD	SP	50343903
1RB0LB_1LC1LB_0RC0RD_1LA1RD	DN	99668797
1RB0LB_1LC1LB_0RD1LA_1LC1RD	SP	50331628
1RB0LB_1LC1LB_1RC0RD_1LA1RD	SP	34231967
1RB0LB_1LC1LC_1RA1RD_1LB0RD	QH	0
1RB0LB_1LC1RA_0LC0LD_0RA0RB	DN	99999959
1RB0LB_1LC1RA_0RB0LC_------	QH	7
1RB0LB_1LC1RA_1RD0LC_0LA0RB	DN	99968127
1RB0LB_1LC1RB_0LD1RD_1LA0RB	SP	44829090
1RB0LB_1LC1RD_0LB1RA_1LB0RD	QH	0
1RB0LB_1LC1RD_0RA0LC_0RB1RA	DN	99999974
1RB0LB_1LC1RD_0RA0LC_1LB0RD	DN	99999977
1RB0LB_1LC1RD_0RA1RA_1LB0RD	QH	0
1RB0LB_1LC1RD_0RB0LC_1RA1LD	SP	67111423
1RB0LB_1LC1RD_0RB0LC_1RB0LA	QH	0
1RB0LB_1LC1RD_0RB0LC_1RB1LA	QH	0
1RB0LB_1LC1RD_0RD0LC_1RA1LD	SP	50334126
1RB0LB_1LC1RD_0RD1LB_0RA0RA	DN	99999958
1RB0LB_1LC1RD_0RD1LB_1LA0RA	DN	99999963
1RB0LB_1LC1RD_0RD1LB_1LB0RA	DN	99999962
1RB0LB_1LC1RD_1LA0LB_1LA0RD	DN	99990356
1RB0LB_1LC1RD_1LA0LC_0RB0RC	DN	99977505
1RB0LB_1LC1RD_1LA0LC_0RD1LC	QH	14
1RB0LB_1LC1RD_1LA0LD_0RB1RB	SP	34718669
1RB0LB_1LC1RD_1LA1LA_1LA0RD	DN	99986856
1RB0LB_1LC1RD_1LA1LC_0RB1RB	SP	69700974
1RB0LB_1LC1RD_1LA1RA_1LA0RD	DN	99978646
1RB0LB_1LC1RD_1LD1RC_1LA0RD	DN	99985837
1RB0LB_1LC1RD_1RD0LC_1LA0RD	DN	99980723
1RB0LB_1RC0LA_1RD0LA_1LA0RB	DN	99972257
1RB0LB_1RC0LA_1RD1RA_1LA0RB	DN	99984497
1RB0LB_1RC0LC_0LD0RA_1RD1LA	DN	99906088
1RB0LB_1RC0LC_1RD1LA_1LB0RB	DN	99988596
1RB0LB_1RC0LD_1LA1RA_0RA0LA	DN	99999980
1RB0LB_1RC0LD_1LA1RB_0RA0LB	DN	99999989
1RB0LB_1RC0LD_1LB1RA_0RB1LD	DN	99999975
1RB0LB_1RC0RA_0LD0RA_1LA0LD	DN	99999981
1RB0LB_1RC0RB_0LD1RB_0LA1LD	DN	99983634
1RB0LB_1RC0RB_1LD0RB_1LA0LC	DN	99941474
1RB0LB_1RC0RB_1LD0RB_1LA0LD	DN	99992644
1RB0LB_1RC0RC_0LD1RC_1RA1LD	DN	99812234
1RB0LB_1RC0RC_1LD1RC_1LA0LA	DN	99674202
1RB0LB_1RC1LA_0RD0RC_1LD1RB	DN	99987421
1RB0LB_1RC1LA_1RD0RC_0LA0RD	DN	99999985
1RB0LB_1RC1LA_1RD0RC_0LA1RB	SP	50334092
1RB0LB_1RC1LA_1RD1RC_0LA1LD	SP	89494889
1RB0LB_1RC1LB_0LA0RD_1LA1RD	QH	2
1RB0LB_1RC1LB_0LA1RD_0LB0RC	DN	92274490
1RB0LB_1RC1LB_0LC0RD_1LA1RD	QH	2
1RB0LB_1RC1LB_0LD0RD_1LA1RD	QH	133
1RB0LB_1RC1LB_0RD0RA_1LD0LB	SP	44763772
1RB0LB_1RC1LB_0RD0RD_1LA1RD	QH	24
1RB0LB_1RC1LB_0RD1RC_1LD0LA	SP	89478432
1RB0LB_1RC1LB_1LA0RD_1LA1RD	QH	123
1RB0LB_1RC1LB_1LA1RD_0LB0RC	QH	3
1RB0LB_1RC1LB_1LA1RD_0RA0RC	SP	28760261
1RB0LB_1RC1LB_1LB0RD_1LA1RD	QH	2
1RB0LB_1RC1LB_1LC0RD_1LA1RD	QH	8
1RB0LB_1RC1LB_1LD0RB_0LA1LD	SP	34203262
1RB0LB_1RC1LB_1LD0RD_1LA1RD	QH	0
1RB0LB_1RC1LB_1LD1RC_---1LA	SP	89445753
1RB0LB_1RC1LB_1RD0RD_1LA1RD	QH	0
1RB0LB_1RC1LC_0RD0LB_1LD0LA	DN	96841978
1RB0LB_1RC1LC_1LD0RA_---0LA	DN	99973926
1RB0LB_1RC1LD_0LA0RC_0LA1LB	DN	99999988
1RB0LB_1RC1LD_0LA0RC_1LA1LB	DN	99999988
1RB0LB_1RC1LD_0LA0RC_1LB---	DN	99999990
1RB0LB_1RC1LD_0LA0RD_1LB0RC	DN	99999988
1RB0LB_1RC1LD_0LB0RC_1LB0LA	QH	5
1RB0LB_1RC1LD_0LB0RC_1LB0RA	QH	0
1RB0LB_1RC1LD_0LB0RC_1LB1RA	QH	0
1RB0LB_1RC1LD_1LA0RB_0LC0LA	DN	99950826
1RB0LB_1RC1LD_1LA0RB_0LC1RC	DN	99987518
1RB0LB_1RC1LD_1LA0RB_0LC1RD	DN	99994588
1RB0LB_1RC1LD_1LD0RA_---0LA	DN	99969796
1RB0LB_1RC1LD_1RD0RC_1LB1LA	QH	0
1RB0LB_1RC1RB_1LD0RC_1LC1LA	SP	44673816
1RB0LB_1RC1RD_0LA1LA_1LB0RD	QH	0
1RB0LB_1RC1RD_1LD0RB_1RA0LC	SP	50307058
1RB0LC_0LA0RB_0RD1LC_1LA1RD	DN	99999989
1RB0LC_0LA0RB_1RD---_1LD1LA	DN	99999990
1RB0LC_0LA0RB_1RD1LA_1LC---	DN	99999990
1RB0LC_0LA0RB_1RD1LA_1LD1LC	DN	99999972
1RB0LC_0LA0RC_0LD1LC_1RA1LB	SP	89429418
1RB0LC_0LA0RD_1LA---_0RB---	DN	99999993
1RB0LC_0LA0RD_1LD1LA_1RB1RD	QH	0
1RB0LC_0LA1LA_0RD1LA_1LC1RD	QH	1
1RB0LC_0LA1LC_0RD1LC_1LA1RD	QH	1
1RB0LC_0LA1LD_0RD1LA_1LC1RD	QH	1
1RB0LC_0LA1LD_0RD1LC_1LA1RD	QH	1
1RB0LC_0LA1RA_0RD1LA_1LC1RD	QH	1
1RB0LC_0LA1RA_1LA0RD_1RC---	SP	89462153
1RB0LC_0LA1RC_1RD1LA_0RB0RA	DN	99999983
1RB0LC_0LA1RC_1RD1LA_1RB0RA	DN	99999988
1RB0LC_0LA1RC_1RD1LA_1RB0RD	SP	88079271
1RB0LC_0LA1RD_0RD1LA_1LC1RD	QH	1
1RB0LC_0LA1RD_0RD1LC_1LA1RD	QH	1
1RB0LC_0LA1RD_1LA1LB_1RB0RD	SP	83885932
1RB0LC_0LA1RD_1LA1LC_0RA1RB	DN	99979160
1RB0LC_0LA1RD_1LA1RC_0RB0RD	DN	99986394
1RB0LC_0LA1RD_1LD1LA_0RB---	SP	50331501
1RB0LC_0LB0RC_0LD1RA_1RC1LD	DN	99999969
1RB0LC_0LB1LA_0RC1RD_1LB0RD	DN	99999977
1RB0LC_0LB1LA_0RD1LA_1LC1RD	QH	1
1RB0LC_0LB1LA_1RD0LC_0RD1LA	QH	1
1RB0LC_0LB1LA_1RD0LC_0RD1RB	DN	99999991
1RB0LC_0LB1LC_0RD1LC_1LA1RD	QH	1
1RB0LC_0LB1LC_1RD0LC_0RD1LA	QH	1
1RB0LC_0LB1RC_1LA1RD_1LB0RD	QH	6
1RB0LC_0LB1RC_1LD0RD_0RB1LA	DN	99999981
1RB0LC_0LB1RC_1LD1RA_0RC0LD	QH	9
1RB0LC_0LC0LA_1RC0RD_1LB1RD	DN	98133165
1RB0LC_0LC0LB_1RC1RD_1LA0LD	SP	72759415
1RB0LC_0LC0LB_1RC1RD_1LA1LB	QH	0
1RB0LC_0LC0LD_1RC1RD_1LA0LB	SP	72759415
1RB0LC_0LC0RA_1LA1LD_1LC---	SP	50282564
1RB0LC_0LC0RA_1LA1LD_1RC1LC	SP	50294802
1RB0LC_0LC0RA_1LA1RD_1LC1LD	SP	89429304
1RB0LC_0LC0RA_1LA1RD_1LD1LB	SP	50343843
1RB0LC_0LC0RB_1RC1RD_1LA0LD	SP	89593071
1RB0LC_0LC0RB_1RD1LC_1LA0RD	DN	99983914
1RB0LC_0LC0RC_1RD1LC_0RA1LA	SP	44878541
1RB0LC_0LC0RD_1RB1LC_1LD1LA	DN	92981719
1RB0LC_0LC1LA_0RD1LA_1LC1RD	QH	1
1RB0LC_0LC1LA_0RD1LB_1LC1RD	SP	67108817
1RB0LC_0LC1LA_1RC0RD_1LB1RD	SP	25171958
1RB0LC_0LC1LC_0RD1LC_1LA1RD	QH	1
1RB0LC_0LC1LC_1RD1LB_1RA0RB	SP	89347643
1RB0LC_0LC1LC_1RD1LB_1RA1RD	SP	44690159
1RB0LC_0LC1LD_0RD1LA_1LC1RD	QH	1
1RB0LC_0LC1LD_0RD1LC_1LA1RD	QH	1
1RB0LC_0LC1RA_1LA0RD_1RC---	SP	89462087
1RB0LC_0LC1RA_1LB1RD_1LC0RD	QH	0
1RB0LC_0LC1RB_0RD1LA_1LC1RD	SP	50331713
1RB0LC_0LC1RC_0RD1LC_1LA1RD	QH	1
1RB0LC_0LC1RC_0RD1RD_1LA0LD	QH	1
1RB0LC_0LC1RC_1RC1RD_1LA0LD	QH	1
1RB0LC_0LC1RD_0RD1LA_1LC1RD	QH	1
1RB0LC_0LC1RD_0RD1LC_1LA1RD	QH	1
1RB0LC_0LC1RD_1LA1LC_0RB0RD	DN	99989966
1RB0LC_0LC1RD_1LA1RC_0RB0RD	DN	99977849
1RB0LC_0LC1RD_1RD1LB_0RA0RC	SP	62912574
1RB0LC_0LC1RD_1RD1LC_0RA1LA	SP	44821080
1RB0LC_0RC0LB_0RD1LA_1LC1RD	SP	83885880
1RB0LC_0RC0LD_1LD1RC_0RA1LB	QH	4
1RB0LC_0RC0RA_0LD1RA_1LA0LC	DN	99999987
1RB0LC_0RC0RA_1LD0RD_0LA0LB	DN	99999972
1RB0LC_0RC0RA_1LD1LA_1RA1LD	DN	99982159
1RB0LC_0RC0RB_1RD1LC_1LA0RD	DN	99959992
1RB0LC_0RC0RC_0LD1RA_1RC1LD	SP	83885984
1RB0LC_0RC0RD_1LB0LD_1LA1RD	DN	99999991
1RB0LC_0RC0RD_1LC1LA_0RB0LA	DN	99972258
1RB0LC_0RC0RD_1LC1LA_0RB1LA	DN	99955934
1RB0LC_0RC0RD_1LC1LA_0RB1LB	DN	99959191
1RB0LC_0RC1LA_0RD1LA_1LC1RD	QH	1
1RB0LC_0RC1LA_0RD1LC_1LB1RD	DN	99817526
1RB0LC_0RC1LB_1LD1RC_1LA0LB	QH	4
1RB0LC_0RC1LC_0RD1LC_1LA1RD	QH	1
1RB0LC_0RC1LD_0RD1LA_1LC1RD	QH	1
1RB0LC_0RC1LD_0RD1LC_1LA1RD	QH	1
1RB0LC_0RC1LD_1LB1RC_0LA0LB	SP	33554487
1RB0LC_0RC1RA_0RD1LC_1LD1RB	SP	55924123
1RB0LC_0RC1RA_1LD---_0RA0LD	DN	99999992
1RB0LC_0RC1RA_1LD0RA_1LA0LD	DN	99999981
1RB0LC_0RC1RB_0LD1RB_1LA1LC	DN	99359992
1RB0LC_0RC1RB_1LD1LC_0RA0LD	DN	99999986
1RB0LC_0RC1RD_0RD1LA_1LC1RD	QH	1
1RB0LC_0RC1RD_0RD1LC_1LA1RD	QH	1
1RB0LC_0RC1RD_0RD1LD_1LA0RA	DN	99897928
1RB0LC_1LA---_1RD0LC_0RD0LA	DN	99999993
1RB0LC_1LA---_1RD1LC_0RD0LA	DN	99999988
1RB0LC_1LA0LA_1RD0LB_0RD0LA	DN	99999989
1RB0LC_1LA0LA_1RD0RB_0RD0LA	DN	99999987
1RB0LC_1LA0LA_1RD0RB_0RD1LC	DN	99999990
1RB0LC_1LA0LA_1RD1LA_0RD0LA	DN	99999987
1RB0LC_1LA0LC_0LB0RD_1RD0RC	SP	83886065
1RB0LC_1LA0LC_0LB0RD_1RD1LA	SP	67108852
1RB0LC_1LA0LC_0LB0RD_1RD1LB	QH	2
1RB0LC_1LA0LC_0LB0RD_1RD1LC	QH	2
1RB0LC_1LA0LD_0RC1LB_1RC0LD	QH	2
1RB0LC_1LA0LD_0RD1LB_1LB1RC	SP	24384561
1RB0LC_1LA0LD_1RA1LB_0RA1RC	DN	99999972
1RB0LC_1LA0LD_1RC1LB_0LB0RC	QH	2
1RB0LC_1LA0LD_1RC1LD_0LB0RC	QH	2
1RB0LC_1LA0RA_1LD---_0RD0LB	DN	99999992
1RB0LC_1LA0RA_1LD1RA_0RC1LB	DN	99999984
1RB0LC_1LA0RA_1RD1LC_1RA0LB	SP	83885907
1RB0LC_1LA0RC_0LD1LC_1RA1LB	SP	34840363
1RB0LC_1LA0RC_0LD1RA_1RC1LD	SP	83886057
1RB0LC_1LA0RC_0RD1LB_1LC1RD	SP	83886073
1RB0LC_1LA0RC_0RD1RC_1LB1RA	SP	34840356
1RB0LC_1LA0RD_0LB1RD_0RC---	DN	99999991
1RB0LC_1LA0RD_0RA1LC_1LD1LA	DN	99587476
1RB0LC_1LA0RD_0RA1LD_1RA1LC	SP	83886002
1RB0LC_1LA0RD_0RB0LC_0RD0LA	DN	99999982
1RB0LC_1LA0RD_0RB0LC_1LC0LA	DN	99999984
1RB0LC_1LA0RD_0RB1RD_1LC0LA	DN	99999987
1RB0LC_1LA0RD_1LB1RD_0LB1RC	SP	83885999
1RB0LC_1LA0RD_1RC1RB_0LB1RD	DN	99587473
1RB0LC_1LA1LA_0RD1LA_1LC1RD	QH	1
1RB0LC_1LA1LA_0RD1LB_1LC1RD	SP	67108858
1RB0LC_1LA1LA_1RD0LC_0RD1LA	QH	1
1RB0LC_1LA1LC_0LB1RD_0RC1RD	DN	99360656
1RB0LC_1LA1LC_0RD1LC_1LA1RD	QH	1
1RB0LC_1LA1LC_0RD1RC_1LB1RA	SP	68349704
1RB0LC_1LA1LC_1LB0RD_0LB1RD	QH	2
1RB0LC_1LA1LC_1LB0RD_0LC1RD	QH	2
1RB0LC_1LA1LC_1RD0LC_0RD1LA	QH	1
1RB0LC_1LA1LC_1RD0RB_0RD0LA	DN	99999987
1RB0LC_1LA1LD_0LB1RC_1LB0RC	QH	2
1RB0LC_1LA1LD_0LD1RC_1LB0RC	QH	2
1RB0LC_1LA1LD_0RA1LC_1LA1RD	DN	99795217
1RB0LC_1LA1LD_0RC1LA_1RC0LD	QH	1
1RB0LC_1LA1LD_0RD1LA_1LC1RD	QH	1
1RB0LC_1LA1LD_0RD1LC_1LA1RD	QH	1
1RB0LC_1LA1LD_1RC1RB_0LC0LD	QH	0
1RB0LC_1LA1LD_1RC1RB_0RC0LD	QH	0
1RB0LC_1LA1LD_1RC1RB_1RC0LD	QH	0
1RB0LC_1LA1RA_0LD0LA_0RD1RA	DN	99999973
1RB0LC_1LA1RA_0RA0LD_---0LC	DN	99999989
1RB0LC_1LA1RA_0RA0LD_---1LC	DN	99999988
1RB0LC_1LA1RA_0RA0RD_0LD0LC	DN	99999991
1RB0LC_1LA1RA_0RA1LC_------	SP	50331643
1RB0LC_1LA1RA_0RA1LD_---1LC	SP	50331643
1RB0LC_1LA1RA_0RA1LD_0RA0LD	DN	99999967
1RB0LC_1LA1RA_0RB1LC_------	SP	67108873
1RB0LC_1LA1RA_0RD0LA_0RD1RA	DN	99999989
1RB0LC_1LA1RA_0RD1LA_1LC1RD	QH	1
1RB0LC_1LA1RA_0RD1LD_0RB0LA	DN	99999989
1RB0LC_1LA1RA_0RD1LD_0RB1LC	QH	3
1RB0LC_1LA1RA_0RD1RC_0LB1RC	SP	66994413
1RB0LC_1LA1RA_1LA0RD_1RC---	SP	89429387
1RB0LC_1LA1RA_1RA0LD_0RC1LD	DN	99999953
1RB0LC_1LA1RA_1RC1LD_0RB1LC	QH	4
1RB0LC_1LA1RB_0LB0LD_1RD0RB	SP	45348479
1RB0LC_1LA1RB_0LD0LD_1RD0RB	SP	82628517
1RB0LC_1LA1RB_0RA0LD_0RA1LC	DN	99999983
1RB0LC_1LA1RB_0RA0LD_1RD0RB	SP	36571197
1RB0LC_1LA1RB_0RA1LD_0RB1LD	DN	99804543
1RB0LC_1LA1RB_0RB0LD_1RD0RB	SP	12247653
1RB0LC_1LA1RB_0RB1LC_------	DN	99313480
1RB0LC_1LA1RB_0RB1LD_0RB1LC	DN	99313480
1RB0LC_1LA1RB_0RB1LD_0RB1LD	DN	99313478
1RB0LC_1LA1RB_0RB1LD_0RD1LC	DN	99489460
1RB0LC_1LA1RB_0RD1LC_1LA1RB	DN	99313479
1RB0LC_1LA1RB_0RD1LC_1LB1RB	DN	99537604
1RB0LC_1LA1RB_0RD1LC_1LC1RB	QH	0
1RB0LC_1LA1RB_0RD1LC_1RB1RB	QH	0
1RB0LC_1LA1RB_0RD1LC_1RC1RB	QH	0
1RB0LC_1LA1RB_0RD1LC_1RD1RB	QH	0
1RB0LC_1LA1RB_1LB0LD_1RD0RB	SP	82628480
1RB0LC_1LA1RB_1LD0LD_1RD0RB	SP	20597351
1RB0LC_1LA1RB_1LD1LC_0RD0RB	DN	99666280
1RB0LC_1LA1RB_1LD1LC_1RD0RB	SP	25159579
1RB0LC_1LA1RB_1RA0LD_1RD0RB	SP	12247633
1RB0LC_1LA1RB_1RA1LD_0RB1LD	DN	99312640
1RB0LC_1LA1RB_1RC0LD_1RD0RB	SP	12247674
1RB0LC_1LA1RB_1RC1LD_0RB1LD	QH	0
1RB0LC_1LA1RB_1RC1RD_0LB0RB	SP	46703226
1RB0LC_1LA1RB_1RC1RD_1LA0RB	SP	70124008
1RB0LC_1LA1RB_1RD0LD_1RD0RB	SP	20561548
1RB0LC_1LA1RB_1RD1LC_0LC0RB	QH	4
1RB0LC_1LA1RB_1RD1LC_0LD0RB	DN	99815956
1RB0LC_1LA1RB_1RD1LC_0RC0RB	QH	4
1RB0LC_1LA1RB_1RD1LC_0RD0RB	DN	99759169
1RB0LC_1LA1RB_1RD1LC_1LB0RB	QH	0
1RB0LC_1LA1RB_1RD1LC_1LC0RB	DN	99250980
1RB0LC_1LA1RB_1RD1LC_1LD0RB	QH	4
1RB0LC_1LA1RB_1RD1LC_1RB0RB	QH	0
1RB0LC_1LA1RB_1RD1LC_1RC0RB	DN	99251508
1RB0LC_1LA1RB_1RD1LC_1RD0RB	QH	4
1RB0LC_1LA1RB_1RD1RB_1RD0RB	SP	25135167
1RB0LC_1LA1RC_0LD0LA_0RD1RA	DN	99999989
1RB0LC_1LA1RC_0RB1RD_1LA0LD	SP	33595346
1RB0LC_1LA1RC_0RC1LD_1LA0LD	QH	1
1RB0LC_1LA1RC_0RD1LC_1LA1RD	QH	1
1RB0LC_1LA1RC_0RD1RC_1LB1RA	SP	68349684
1RB0LC_1LA1RC_0RD1RD_1LA0LD	QH	1
1RB0LC_1LA1RC_1LD0RB_0RC0LD	QH	2
1RB0LC_1LA1RC_1RA0LD_0RB1LD	SP	57395719
1RB0LC_1LA1RC_1RA0LD_0RC1LD	SP	43046762
1RB0LC_1LA1RC_1RC1RD_1LA0LD	QH	1
1RB0LC_1LA1RD_0RA0LA_1RB---	DN	99999989
1RB0LC_1LA1RD_0RA0LC_1RA---	DN	99999991
1RB0LC_1LA1RD_0RA0LC_1RB---	DN	99999990
1RB0LC_1LA1RD_0RA1LC_0LD1RA	SP	50331522
1RB0LC_1LA1RD_0RA1LC_1LA1RA	SP	67108560
1RB0LC_1LA1RD_0RA1LC_1LA1RD	DN	99800541
1RB0LC_1LA1RD_0RA1LC_1LB1RA	SP	67108876
1RB0LC_1LA1RD_0RA1LC_1LC1RA	SP	50331436
1RB0LC_1LA1RD_0RA1LC_1RA0LA	DN	99999981
1RB0LC_1LA1RD_0RA1LC_1RA0LB	SP	83886002
1RB0LC_1LA1RD_0RA1LC_1RA0LC	SP	29826181
1RB0LC_1LA1RD_0RA1LC_1RA1RA	SP	67108832
1RB0LC_1LA1RD_0RA1LC_1RB0LA	DN	99999964
1RB0LC_1LA1RD_0RA1LC_1RB1RA	SP	50331458
1RB0LC_1LA1RD_0RB1LA_1RA1RC	DN	99998499
1RB0LC_1LA1RD_0RB1LC_0LD1RA	SP	37748606
1RB0LC_1LA1RD_0RB1LC_0LD1RB	DN	99489460
1RB0LC_1LA1RD_0RB1LC_0RA1RA	SP	73819766
1RB0LC_1LA1RD_0RB1LC_1LA1RA	SP	62914249
1RB0LC_1LA1RD_0RB1LC_1LA1RB	DN	99313480
1RB0LC_1LA1RD_0RB1LC_1LA1RD	DN	99313479
1RB0LC_1LA1RD_0RB1LC_1LB1RA	SP	50331676
1RB0LC_1LA1RD_0RB1LC_1LC1RA	SP	50331437
1RB0LC_1LA1RD_0RB1LC_1RA0LB	SP	67108814
1RB0LC_1LA1RD_0RB1LC_1RA0LC	SP	74565438
1RB0LC_1LA1RD_0RB1LC_1RA1RA	SP	50331636
1RB0LC_1LA1RD_0RB1LC_1RB0LC	QH	5
1RB0LC_1LA1RD_0RB1LC_1RB1RA	SP	37748548
1RB0LC_1LA1RD_0RD0LA_1LC1RB	QH	0
1RB0LC_1LA1RD_0RD0LA_1RB---	QH	0
1RB0LC_1LA1RD_0RD0LC_1RA---	DN	99999982
1RB0LC_1LA1RD_0RD0LC_1RB---	QH	0
1RB0LC_1LA1RD_0RD1LA_1LC1RD	QH	1
1RB0LC_1LA1RD_0RD1LC_1LA1RA	SP	52428526
1RB0LC_1LA1RD_0RD1LC_1LA1RB	DN	99313480
1RB0LC_1LA1RD_0RD1LC_1LA1RD	QH	1
1RB0LC_1LA1RD_0RD1LC_1LB1RA	SP	83886103
1RB0LC_1LA1RD_0RD1LC_1LC1RA	SP	62914353
1RB0LC_1LA1RD_0RD1LC_1RA0LC	SP	52195812
1RB0LC_1LA1RD_0RD1LC_1RA1RA	SP	83886055
1RB0LC_1LA1RD_0RD1LC_1RB0LC	QH	0
1RB0LC_1LA1RD_0RD1LC_1RB1RA	SP	83885884
1RB0LC_1LA1RD_1LA0LA_0RD0LA	DN	99999991
1RB0LC_1LA1RD_1LA0LC_0RD0LA	DN	99999991
1RB0LC_1LA1RD_1LA0LC_0RD1LC	QH	1
1RB0LC_1LA1RD_1LA0LC_0RD1RC	QH	1
1RB0LC_1LA1RD_1LA1LB_0RD0LA	DN	99999978
1RB0LC_1LA1RD_1LA1LC_0RA0RD	SP	83885228
1RB0LC_1LA1RD_1LA1LC_0RC0LD	QH	1
1RB0LC_1LA1RD_1LA1LC_0RD1RB	DN	99979160
1RB0LC_1LA1RD_1LA1LC_1RB0RA	SP	52620085
1RB0LC_1LA1RD_1LB0LA_1LB1RA	DN	99999976
1RB0LC_1LB0LC_1RD1LC_0RB0RA	SP	25202532
1RB0LC_1LB0LC_1RD1LC_0RD0LA	DN	99999988
1RB0LC_1LB1LA_0RD1LA_1LC1RD	QH	1
1RB0LC_1LB1LA_1RD0LA_0RD0RB	DN	99999920
1RB0LC_1LB1LA_1RD0LC_0RD1LA	QH	1
1RB0LC_1LB1LC_0RD1LC_1LA1RD	QH	1
1RB0LC_1LB1LC_1RA1RD_0RB0RD	QH	0
1RB0LC_1LB1LC_1RD0LC_0RD0LA	DN	99999978
1RB0LC_1LB1LC_1RD0LC_0RD1LA	QH	1
1RB0LC_1LB1LC_1RD1LC_0RD0LA	DN	99999974
1RB0LC_1LB1RA_1LA0RD_1RC---	SP	89462112
1RB0LC_1LB1RC_0LA1LD_1LA0RD	DN	92274288
1RB0LC_1LB1RC_0RC1LD_1LA0LD	QH	1
1RB0LC_1LB1RC_0RD1LC_1LA1RD	QH	1
1RB0LC_1LB1RC_1RD1LA_0RB0RD	DN	99972280
1RB0LC_1LB1RC_1RD1LC_0RD0LA	DN	99999988
1RB0LC_1LC---_1RD0LB_0RD0LA	DN	99999980
1RB0LC_1LC---_1RD1LC_0RD0LA	DN	99999991
1RB0LC_1LC0LA_1RD1LA_0RD0LA	DN	99999990
1RB0LC_1LC0LA_1RD1LA_0RD1LC	QH	1
1RB0LC_1LC0LB_1RD1LA_0RD0LA	DN	99999986
1RB0LC_1LC0LD_1LA1LB_0RA1RD	SP	33513492
1RB0LC_1LC0RA_0RD0LB_1LB1RD	DN	99999955
1RB0LC_1LC0RA_0RD1LB_1RB1RD	SP	75485179
1RB0LC_1LC0RA_0RD1LD_1LA0LA	DN	99999983
1RB0LC_1LC0RA_0RD1LD_1LA1RA	DN	99971459
1RB0LC_1LC0RA_1LA0RD_1LB1LD	SP	89462035
1RB0LC_1LC0RA_1LA1LB_------	SP	89429349
1RB0LC_1LC0RA_1LA1LD_0RD1LB	SP	89462035
1RB0LC_1LC0RA_1LA1LD_1LC---	SP	89412972
1RB0LC_1LC0RA_1LA1LD_1RC1LC	SP	89429282
1RB0LC_1LC0RA_1LA1RD_1LC1LD	SP	89429282
1RB0LC_1LC0RA_1LD1LA_0RB0LD	SP	83886040
1RB0LC_1LC0RA_1LD1LB_0RB0LC	DN	99813298
1RB0LC_1LC0RA_1LD1LB_1LA0LD	SP	34881052
1RB0LC_1LC0RA_1LD1LB_1RB0LC	SP	89429349
1RB0LC_1LC0RA_1LD1LD_1LA0LD	DN	99940505
1RB0LC_1LC0RA_1RA1LD_1LA1LA	DN	99996298
1RB0LC_1LC0RA_1RA1LD_1RC1LA	DN	99969701
1RB0LC_1LC0RA_1RD0LB_0LA1RC	SP	89527663
1RB0LC_1LC0RA_1RD1LB_0LB1RD	SP	25122941
1RB0LC_1LC0RA_1RD1LB_0LC0RD	QH	0
1RB0LC_1LC0RA_1RD1LB_0LD1LA	SP	33480926
1RB0LC_1LC0RB_0LC1LD_0RD1RA	DN	99999978
1RB0LC_1LC0RB_0LD0RB_1RA1LA	DN	99987114
1RB0LC_1LC0RB_1LD0LD_0RA0LD	QH	2
1RB0LC_1LC0RB_1LD0LD_0RA1RA	DN	99999987
1RB0LC_1LC0RB_1LD0LD_0RA1RB	QH	2
1RB0LC_1LC0RB_1LD1LA_0RA0LD	QH	2
1RB0LC_1LC0RB_1LD1LA_0RA0RC	DN	99999986
1RB0LC_1LC0RB_1LD1LA_0RA1RB	QH	2
1RB0LC_1LC0RB_1LD1LA_1RC0RC	DN	99999974
1RB0LC_1LC0RB_1LD1LA_1RC1RB	SP	83886050
1RB0LC_1LC0RB_1LD1RB_0LC1RA	QH	0
1RB0LC_1LC0RB_1LD1RB_0RA0LD	QH	2
1RB0LC_1LC0RB_1LD1RB_0RA1RA	QH	0
1RB0LC_1LC0RB_1LD1RB_0RA1RB	QH	0
1RB0LC_1LC0RB_1LD1RB_1RD1LA	SP	67108745
1RB0LC_1LC0RB_1LD1RC_0RA1RB	QH	0
1RB0LC_1LC0RB_1RD0RD_0LA1LA	DN	99999987
1RB0LC_1LC0RB_1RD1LA_0LA1RB	DN	99976259
1RB0LC_1LC0RB_1RD1RB_0LA1LA	QH	0
1RB0LC_1LC0RC_1LA1RD_0RA0RB	DN	99881559
1RB0LC_1LC0RC_1RA0LD_1LA1LB	SP	78913557
1RB0LC_1LC0RC_1RD1LA_1RA0RA	DN	99999988
1RB0LC_1LC0RC_1RD1LC_0RA1LA	SP	44845471
1RB0LC_1LC0RD_0RA1LB_0LB1RD	DN	99876728
1RB0LC_1LC0RD_0RA1LB_0LC1RD	SP	89478480
1RB0LC_1LC0RD_0RA1LC_1LD1LA	DN	99588058
1RB0LC_1LC0RD_1LA0LB_1RB1RC	SP	34891212
1RB0LC_1LC0RD_1LA1LB_1LA1RC	DN	99987238
1RB0LC_1LC0RD_1LA1LB_1RB0LC	SP	89429349
1RB0LC_1LC0RD_1LA1LC_0RB1RA	DN	99992549
1RB0LC_1LC0RD_1LD0LB_1RB1RA	DN	99994257
1RB0LC_1LC0RD_1RA1LA_0RB0LA	DN	99999982
1RB0LC_1LC0RD_1RB1LC_1LA1RD	QH	0
1RB0LC_1LC0RD_1RB1LC_1LD1LA	SP	10314604
1RB0LC_1LC1LA_0RD1LA_1LC1RD	QH	1
1RB0LC_1LC1LA_0RD1LB_1LC1RD	SP	67108772
1RB0LC_1LC1LA_0RD1LC_1LB1RD	QH	0
1RB0LC_1LC1LA_1RD0LC_0RD1LA	QH	1
1RB0LC_1LC1LA_1RD0RB_0RD0LA	DN	99999992
1RB0LC_1LC1LA_1RD1LB_0LC0RD	QH	23
1RB0LC_1LC1LB_0RD0LB_1RD0RA	DN	99999986
1RB0LC_1LC1LB_0RD1LA_1RB1RD	SP	30990303
1RB0LC_1LC1LB_0RD1RC_1LA1RA	SP	68592930
1RB0LC_1LC1LB_1RD0RB_0RD0LA	DN	99999988
1RB0LC_1LC1LC_0RD1LC_1LA1RD	QH	1
1RB0LC_1LC1LD_0RA1LC_1LA1RD	DN	99796545
1RB0LC_1LC1LD_0RD1LA_1LC1RD	QH	1
1RB0LC_1LC1LD_0RD1LC_1LA1RD	QH	1
1RB0LC_1LC1RA_---0LD_0RA1LB	DN	99999992
1RB0LC_1LC1RA_---1LD_0RB1LD	SP	67108770
1RB0LC_1LC1RA_0LA1LD_0RB1LC	SP	44739267
1RB0LC_1LC1RA_0RA1LC_------	SP	50331549
1RB0LC_1LC1RA_0RA1LD_0RA0LC	DN	99999987
1RB0LC_1LC1RA_0RA1LD_0RD0LC	DN	99999978
1RB0LC_1LC1RA_0RA1LD_1LA1LC	SP	33554337
1RB0LC_1LC1RA_0RA1LD_1LB1LC	SP	33554427
1RB0LC_1LC1RA_0RB0LC_------	QH	7
1RB0LC_1LC1RA_0RB1LC_------	SP	67108770
1RB0LC_1LC1RA_0RB1LD_0RB0LC	DN	99999970
1RB0LC_1LC1RA_0RB1LD_0RB0LD	DN	99999975
1RB0LC_1LC1RA_0RB1LD_0RD0LC	DN	99999983
1RB0LC_1LC1RA_0RC1LD_0RB0LD	DN	99999989
1RB0LC_1LC1RA_0RD1LA_1LC1RD	QH	1
1RB0LC_1LC1RA_0RD1LC_---1RA	SP	67108770
1RB0LC_1LC1RA_0RD1LC_---1RB	SP	83885979
1RB0LC_1LC1RA_1LA0RD_0LA1RC	SP	44698280
1RB0LC_1LC1RA_1LA0RD_0LC1LB	SP	75460633
1RB0LC_1LC1RA_1LA0RD_1RA0LB	DN	99999986
1RB0LC_1LC1RA_1LA0RD_1RC0LC	SP	89494878
1RB0LC_1LC1RA_1LA0RD_1RC0LD	SP	89429435
1RB0LC_1LC1RA_1LA0RD_1RC0RB	SP	50270405
1RB0LC_1LC1RA_1LA0RD_1RC1LC	SP	75411578
1RB0LC_1LC1RA_1LA0RD_1RC1LD	SP	50270357
1RB0LC_1LC1RA_1LA0RD_1RC1RC	SP	89462087
1RB0LC_1LC1RA_1LA1RD_0RC0RB	SP	25074089
1RB0LC_1LC1RA_1RA0LD_0RC1LD	DN	99999969
1RB0LC_1LC1RA_1RB0LD_0RC1LD	DN	99999964
1RB0LC_1LC1RA_1RD1LB_0LC0RD	QH	0
1RB0LC_1LC1RB_0LD1LD_0RD1LA	DN	99999980
1RB0LC_1LC1RB_0RA1LD_0LC1LA	SP	58720124
1RB0LC_1LC1RB_0RA1LD_0RA1LA	SP	79691426
1RB0LC_1LC1RB_0RA1LD_0RB1LA	SP	71302822
1RB0LC_1LC1RB_0RA1LD_0RD1LA	SP	58720124
1RB0LC_1LC1RB_0RA1LD_1LA1LA	SP	58720157
1RB0LC_1LC1RB_0RA1LD_1LB1LA	SP	58720245
1RB0LC_1LC1RB_0RA1LD_1LC1LA	SP	58720168
1RB0LC_1LC1RB_0RA1LD_1RB1LA	SP	58720080
1RB0LC_1LC1RB_0RA1LD_1RC1LA	SP	58720201
1RB0LC_1LC1RB_0RA1LD_1RD1LA	SP	58720168
1RB0LC_1LC1RB_0RB0LD_0RA1LD	DN	99795220
1RB0LC_1LC1RB_0RB1LA_------	SP	50331529
1RB0LC_1LC1RB_0RB1LD_0LC1LA	SP	67108690
1RB0LC_1LC1RB_0RB1LD_0RA0LC	QH	0
1RB0LC_1LC1RB_0RB1LD_0RA1LA	DN	92274290
1RB0LC_1LC1RB_0RB1LD_0RB1LA	SP	75497082
1RB0LC_1LC1RB_0RB1LD_0RD1LA	SP	67108646
1RB0LC_1LC1RB_0RB1LD_1LA0RC	SP	83885888
1RB0LC_1LC1RB_0RB1LD_1LA1LA	SP	67108719
1RB0LC_1LC1RB_0RB1LD_1LB1LA	QH	0
1RB0LC_1LC1RB_0RB1LD_1LC1LA	SP	67108646
1RB0LC_1LC1RB_0RB1LD_1RB1LA	SP	67108602
1RB0LC_1LC1RB_0RB1LD_1RC1LA	SP	67108763
1RB0LC_1LC1RB_0RB1LD_1RD1LA	SP	67108734
1RB0LC_1LC1RB_0RC1LD_0RB1LA	SP	79691341
1RB0LC_1LC1RB_0RC1LD_0RD1LA	DN	99999980
1RB0LC_1LC1RB_0RC1LD_1RB1LA	SP	67108607
1RB0LC_1LC1RB_0RD1LA_1LC1RD	SP	50331529
1RB0LC_1LC1RB_0RD1LD_0RB1LA	DN	99999985
1RB0LC_1LC1RB_0RD1LD_0RD1LA	DN	99999991
1RB0LC_1LC1RB_0RD1LD_1RB1LA	SP	58720085
1RB0LC_1LC1RB_1LD1LD_0RB1LA	SP	83885864
1RB0LC_1LC1RB_1RA1LD_0RB1LA	SP	83885745
1RB0LC_1LC1RB_1RB1LD_0RB1LA	SP	83885822
1RB0LC_1LC1RB_1RD1LA_1RD0RB	DN	99967374
1RB0LC_1LC1RB_1RD1LD_0RB1LA	SP	83885614
1RB0LC_1LC1RC_0LA1LD_1LA0RD	SP	30758001
1RB0LC_1LC1RC_0RA1LD_1RC0LD	DN	99995398
1RB0LC_1LC1RC_0RD1LC_1LA1RD	QH	1
1RB0LC_1LC1RC_1LA0RD_1RC0RB	SP	34983206
1RB0LC_1LC1RC_1RA0LD_0RC1LD	SP	86093431
1RB0LC_1LC1RC_1RD1LD_0RB1RA	DN	99999983
1RB0LC_1LC1RD_0LA1LA_0RC0RB	DN	99955893
1RB0LC_1LC1RD_0LA1LA_1RB0RB	DN	99989967
1RB0LC_1LC1RD_0LA1LD_1RB0RB	DN	99999986
1RB0LC_1LC1RD_0LA1RB_0RB---	QH	0
1RB0LC_1LC1RD_0LD1LA_1RB0RB	DN	99961233
1RB0LC_1LC1RD_0RA1LC_0LD1RA	SP	67108468
1RB0LC_1LC1RD_0RA1LC_1LA1RA	SP	67108308
1RB0LC_1LC1RD_0RA1LC_1LA1RD	DN	99801871
1RB0LC_1LC1RD_0RA1LC_1LB1RA	SP	67108735
1RB0LC_1LC1RD_0RA1LC_1LC1RA	SP	50331308
1RB0LC_1LC1RD_0RA1LC_1RA0LB	SP	83885819
1RB0LC_1LC1RD_0RA1LC_1RA0LC	SP	59652301
1RB0LC_1LC1RD_0RA1LC_1RA1RA	SP	67108693
1RB0LC_1LC1RD_0RA1LC_1RB1RA	SP	67108428
1RB0LC_1LC1RD_0RB0LC_1RB0LA	QH	0
1RB0LC_1LC1RD_0RB1LA_0RA1RB	SP	67108920
1RB0LC_1LC1RD_0RB1LC_0LD1RA	SP	50331251
1RB0LC_1LC1RD_0RB1LC_1LA1RA	SP	50331099
1RB0LC_1LC1RD_0RB1LC_1LA1RD	QH	0
1RB0LC_1LC1RD_0RB1LC_1LB1RA	SP	50331522
1RB0LC_1LC1RD_0RB1LC_1LC1RA	SP	50331307
1RB0LC_1LC1RD_0RB1LC_1RA0LB	SP	67108610
1RB0LC_1LC1RD_0RB1LC_1RA0LC	SP	37282686
1RB0LC_1LC1RD_0RB1LC_1RA1RA	SP	50331482
1RB0LC_1LC1RD_0RB1LC_1RB1RA	SP	50331213
1RB0LC_1LC1RD_0RD0LC_1LC1RA	QH	7
1RB0LC_1LC1RD_0RD0LC_1RA---	QH	5
1RB0LC_1LC1RD_0RD1LA_1LC1RD	QH	1
1RB0LC_1LC1RD_0RD1LC_0LD1RA	SP	83885681
1RB0LC_1LC1RD_0RD1LC_1LA1RA	SP	62914010
1RB0LC_1LC1RD_0RD1LC_1LA1RD	QH	1
1RB0LC_1LC1RD_0RD1LC_1LB1RA	SP	83885956
1RB0LC_1LC1RD_0RD1LC_1LC1RA	SP	62914221
1RB0LC_1LC1RD_0RD1LC_1RA0LC	SP	26097881
1RB0LC_1LC1RD_0RD1LC_1RA1RA	SP	83885914
1RB0LC_1LC1RD_0RD1LC_1RB1RA	SP	83885641
1RB0LC_1LC1RD_1LA0LB_0RB0RC	DN	99960781
1RB0LC_1LC1RD_1LA0LC_0RD1LC	QH	1
1RB0LC_1LC1RD_1LA0LC_0RD1RC	QH	1
1RB0LC_1LC1RD_1LA0RB_1LB1RC	DN	99969539
1RB0LC_1LC1RD_1LA0RB_1RC1RC	DN	99996114
1RB0LC_1LC1RD_1LA0RC_0RB0LA	DN	99999984
1RB0LC_1LC1RD_1LA1LC_1RB0RA	SP	34518353
1RB0LC_1LC1RD_1RB1LA_0LD1RA	SP	26087156
1RB0LC_1LC1RD_1RB1LA_1RB1RA	SP	69751942
1RB0LC_1LC1RD_1RD1LC_0RA1LA	SP	44820973
1RB0LC_1RC---_1LD1RA_0RB0LD	QH	12
1RB0LC_1RC0LA_1RD0RB_1LB1LD	DN	99969790
1RB0LC_1RC0LD_1LA0RB_1RA1RD	SP	50319296
1RB0LC_1RC0LD_1LB0RB_1RA1LD	SP	83885917
1RB0LC_1RC0LD_1LB1RA_0RB1LD	SP	83886012
1RB0LC_1RC0LD_1LB1RA_0RC1LD	SP	67108799
1RB0LC_1RC0LD_1LD1RA_0RB1LD	SP	83885823
1RB0LC_1RC0LD_1LD1RA_0RC1LD	SP	67108620
1RB0LC_1RC0LD_1LD1RB_1LB0RA	DN	99999987
1RB0LC_1RC0RA_0LD0RA_1LA0LD	DN	99999980
1RB0LC_1RC0RA_0LD0RA_1LA1LB	DN	99999987
1RB0LC_1RC0RA_1LA0LD_0LB0LA	DN	99999952
1RB0LC_1RC0RA_1LA0LD_0LB0LB	DN	99999980
1RB0LC_1RC0RA_1LA0LD_0LB0RB	DN	99999860
1RB0LC_1RC0RA_1LA0LD_0LB1LD	DN	99999957
1RB0LC_1RC0RA_1LA0LD_1LA0RC	DN	99996115
1RB0LC_1RC0RA_1LA0LD_1LA0RD	DN	99996115
1RB0LC_1RC0RA_1LA0LD_1LC0LA	DN	99999980
1RB0LC_1RC0RA_1LA0LD_1LC0LB	DN	99999941
1RB0LC_1RC0RA_1LA0LD_1LC0RB	SP	89511209
1RB0LC_1RC0RA_1LA0LD_1LC1LA	SP	89494877
1RB0LC_1RC0RA_1LA1LD_0LA1LB	DN	99997809
1RB0LC_1RC0RA_1LA1LD_0RA1LB	DN	99976113
1RB0LC_1RC0RA_1LA1LD_0RA1RB	DN	99996117
1RB0LC_1RC0RA_1LA1LD_1LA0LB	DN	99977621
1RB0LC_1RC0RA_1LA1LD_1LA0RB	DN	99972878
1RB0LC_1RC0RA_1LA1LD_1LA1LB	DN	99971273
1RB0LC_1RC0RA_1LA1LD_1LA1RB	DN	99983817
1RB0LC_1RC0RA_1LA1LD_1LC---	SP	89347688
1RB0LC_1RC0RA_1LA1LD_1RC1LC	SP	89363998
1RB0LC_1RC0RA_1LA1RD_1LC1LD	SP	34881001
1RB0LC_1RC0RA_1LA1RD_1LD0LB	SP	89462059
1RB0LC_1RC0RA_1LD0LB_0RB1LC	SP	44739533
1RB0LC_1RC0RA_1LD0RB_1LA0LD	DN	99980428
1RB0LC_1RC0RA_1LD1LC_0RB1RA	DN	99999986
1RB0LC_1RC0RA_1LD1RB_0RD1LB	SP	52398101
1RB0LC_1RC0RA_1LD1RB_1RC1LB	SP	52387909
1RB0LC_1RC0RB_0LD1RB_0LA1LD	DN	99977579
1RB0LC_1RC0RB_1LA1LD_0LA0RD	DN	99999978
1RB0LC_1RC0RB_1LD0RA_0LA1LC	DN	99999987
1RB0LC_1RC0RB_1LD0RB_1LA0LC	DN	99967094
1RB0LC_1RC0RB_1LD1LC_1LA0LC	DN	99983291
1RB0LC_1RC0RB_1LD1RA_0RA1LC	DN	99999972
1RB0LC_1RC0RC_0LD1RA_0LA1LD	DN	99999960
1RB0LC_1RC0RC_0LD1RA_1RC1LD	SP	83885938
1RB0LC_1RC0RC_1LD0RA_1LA0LB	DN	99999985
1RB0LC_1RC0RC_1LD0RB_0LA0LB	DN	99979993
1RB0LC_1RC0RD_1LA0LC_1RD0RA	DN	99998013
1RB0LC_1RC0RD_1RD0LB_1LD1LA	DN	99999929
1RB0LC_1RC1LA_0RD1LA_1LC1RD	QH	1
1RB0LC_1RC1LA_0RD1LB_1LC1RD	SP	67108887
1RB0LC_1RC1LA_0RD1LC_1LB1RD	QH	0
1RB0LC_1RC1LA_1LD1RB_0RB0LD	QH	0
1RB0LC_1RC1LB_0LA1RD_0LB0RC	DN	99999990
1RB0LC_1RC1LB_1LA0RD_1RC0RD	DN	99983897
1RB0LC_1RC1LB_1LA1RD_0LB0RC	QH	3
1RB0LC_1RC1LB_1LA1RD_0RA0RC	DN	99999744
1RB0LC_1RC1LC_0RD1LC_1LA1RD	QH	1
1RB0LC_1RC1LD_0LB0RC_1LB0LA	QH	5
1RB0LC_1RC1LD_0LB0RC_1LB0RA	QH	0
1RB0LC_1RC1LD_0LB0RC_1LB1RA	QH	0
1RB0LC_1RC1LD_0LD0RC_1LA1LB	QH	29
1RB0LC_1RC1LD_0LD0RC_1LB0LA	QH	0
1RB0LC_1RC1LD_0LD0RC_1LB1LA	QH	0
1RB0LC_1RC1LD_0RD1LA_1LC1RD	QH	1
1RB0LC_1RC1LD_0RD1LC_1LA1RD	QH	1
1RB0LC_1RC1LD_1LA0RB_1RB1RD	SP	50294735
1RB0LC_1RC1RA_0LD0RC_1LA1LD	SP	21542978
1RB0LC_1RC1RA_0LD1LA_0RA1LD	SP	89511220
1RB0LC_1RC1RA_0LD1LA_1LA1LD	SP	14370726
1RB0LC_1RC1RA_0RD1LA_1LC1RD	QH	1
1RB0LC_1RC1RA_0RD1LC_1LB1RA	SP	89478496
1RB0LC_1RC1RA_0RD1LC_1LB1RB	SP	27962023
1RB0LC_1RC1RA_0RD1LC_1LD1RA	SP	44739318
1RB0LC_1RC1RA_1LA0LD_0RB1RD	DN	93061613
1RB0LC_1RC1RA_1LA0LD_1RC0RA	SP	25061903
1RB0LC_1RC1RA_1LA0RB_------	SP	50294800
1RB0LC_1RC1RA_1LA0RD_1RC---	SP	50294800
1RB0LC_1RC1RA_1LA0RD_1RD0RB	SP	50294800
1RB0LC_1RC1RA_1LA1LD_0RB1LD	SP	50331373
1RB0LC_1RC1RA_1LA1RD_0LD0RB	SP	75423816
1RB0LC_1RC1RA_1LC1LD_0RA0LD	DN	99999990
1RB0LC_1RC1RA_1LD1LA_0LA1LD	SP	22431093
1RB0LC_1RC1RA_1LD1LA_0RB1LD	SP	80944674
1RB0LC_1RC1RA_1LD1LA_0RC1LD	SP	50294824
1RB0LC_1RC1RA_1LD1LA_1RA1LD	SP	14383814
1RB0LC_1RC1RA_1LD1LA_1RB1LD	SP	50282564
1RB0LC_1RC1RA_1LD1LD_0RB1LC	SP	89478445
1RB0LC_1RC1RA_1RD0RB_0LD1LA	SP	75436076
1RB0LC_1RC1RB_1LA0LD_0LB0RA	DN	99999992
1RB0LC_1RC1RB_1LA0LD_1LA0RA	SP	77112650
1RB0LC_1RC1RB_1LA0LD_1RD0RB	DN	99894727
1RB0LC_1RC1RB_1LA0RD_1LC0RB	DN	99996591
1RB0LC_1RC1RB_1LA1LD_0RA0RB	SP	77165924
1RB0LC_1RC1RD_0RD1LA_1LC1RD	QH	1
1RB0LC_1RC1RD_0RD1LC_1LA1RA	SP	69904939
1RB0LC_1RC1RD_0RD1LC_1LA1RD	QH	1
1RB0LC_1RC1RD_0RD1LC_1LB1RA	SP	83885881
1RB0LC_1RC1RD_1LA0LC_0RD1LC	QH	1
1RB0LC_1RC1RD_1LA0LC_0RD1RC	QH	1
1RB0LC_1RC1RD_1LA0RB_0LD1RA	SP	50319296
1RB0LC_1RC1RD_1LA0RB_1LB1RB	SP	50294735
1RB0LC_1RC1RD_1LA0RB_1RB---	SP	50282519
1RB0LC_1RC1RD_1LA1LB_1RB0RB	SP	33448298
1RB0LC_1RC1RD_1LA1LC_0RA0RD	DN	99975050
1RB0LC_1RC1RD_1LA1LC_0RB0RD	DN	99942152
1RB0LC_1RC1RD_1LA1LC_0RC0LD	QH	1
1RB0LC_1RC1RD_1LA1LC_1RB0RA	SP	26889895
1RB0LC_1RC1RD_1LA1RC_0RB0RD	DN	99948314
1RB0LD_0LB1LC_1LA1RC_0RC1LD	QH	1
1RB0LD_0LB1LC_1LD1RC_0RC1LA	QH	1
1RB0LD_0LB1LC_1RD0LC_0RD1LA	QH	1
1RB0LD_0LB1RC_1LA1RA_0RA1LD	SP	67108644
1RB0LD_0LB1RC_1LA1RA_0RC1LD	SP	83885882
1RB0LD_0LB1RC_1LA1RB_0RC1LD	DN	99490300
1RB0LD_0LB1RC_1LA1RC_0RA1LD	DN	99801871
1RB0LD_0LB1RC_1LA1RC_0RC1LD	QH	1
1RB0LD_0LB1RC_1LD1RA_0RA1LD	SP	67108560
1RB0LD_0LB1RC_1LD1RA_0RB1LD	SP	50331349
1RB0LD_0LB1RC_1LD1RA_0RC0LD	QH	9
1RB0LD_0LB1RC_1LD1RA_0RC1LD	SP	83885779
1RB0LD_0LB1RC_1LD1RC_0RC1LA	QH	1
1RB0LD_0LC0LA_0RC1LD_1RC1LA	QH	1
1RB0LD_0LC0LA_1RC1LB_0LB0RC	QH	0
1RB0LD_0LC0LA_1RC1LD_0LB0RC	QH	0
1RB0LD_0LC0LA_1RD0RC_1LB1RC	DN	99940254
1RB0LD_0LC0RA_0LD1LC_1LA0LA	DN	99999986
1RB0LD_0LC0RA_1LA1RD_1RC1LB	SP	25074060
1RB0LD_0LC0RA_1LD0LC_1LA1LC	SP	89478469
1RB0LD_0LC0RA_1LD0RC_1LA1LC	SP	89413141
1RB0LD_0LC0RA_1LD1LC_1LA0LB	DN	99999983
1RB0LD_0LC0RA_1LD1LC_1LA1LB	SP	48860232
1RB0LD_0LC0RA_1LD1LC_1LA1LC	SP	50282564
1RB0LD_0LC0RA_1LD1LC_1LA1RC	SP	50294780
1RB0LD_0LC0RA_1LD1RC_1LA1LC	SP	89412994
1RB0LD_0LC0RA_1RA1LC_1LA0RB	DN	99999980
1RB0LD_0LC0RA_1RA1LC_1LA1RA	DN	99999977
1RB0LD_0LC0RB_1LA1RC_0RC1LD	DN	99999978
1RB0LD_0LC0RB_1RA1LC_0LB1LA	DN	99984921
1RB0LD_0LC0RB_1RA1LD_1RB1LC	DN	99995610
1RB0LD_0LC0RB_1RD1LA_1RB0RC	SP	33562560
1RB0LD_0LC0RC_0LD1LC_1RA1LA	SP	37693558
1RB0LD_0LC0RC_0RB1LD_1LA---	QH	1
1RB0LD_0LC0RC_1LC1LA_0RA1LD	DN	99944377
1RB0LD_0LC0RC_1LC1LA_1RB1LD	DN	92981719
1RB0LD_0LC0RC_1RA1LD_1LC1LA	DN	99978712
1RB0LD_0LC0RD_0RA1LD_1LA1RC	DN	99994133
1RB0LD_0LC0RD_1RD1LC_0LA1RA	SP	75497036
1RB0LD_0LC0RD_1RD1LC_0LC1RA	SP	75497038
1RB0LD_0LC0RD_1RD1LC_0LD1RA	SP	79691337
1RB0LD_0LC0RD_1RD1LC_1LC1RA	SP	67108638
1RB0LD_0LC0RD_1RD1LC_1RA1RA	SP	67108764
1RB0LD_0LC0RD_1RD1LC_1RB1RA	SP	67108680
1RB0LD_0LC1LA_0RC1LA_1RC0LD	QH	1
1RB0LD_0LC1LA_1LD1RC_0RC1LA	QH	1
1RB0LD_0LC1LB_1RC1RD_0LB0LA	DN	99999979
1RB0LD_0LC1LB_1RD1LD_1RA0RB	SP	67108874
1RB0LD_0LC1LC_1LA1RC_0RA1LD	DN	99796545
1RB0LD_0LC1LC_1LA1RC_0RC1LD	QH	1
1RB0LD_0LC1LC_1LD1RC_0RC1LA	QH	1
1RB0LD_0LC1LD_1LA1RC_0RC1LD	QH	1
1RB0LD_0LC1RA_---1LA_0RA1LD	DN	99876213
1RB0LD_0LC1RA_0LA1LA_0RB1LD	SP	44739022
1RB0LD_0LC1RA_0LD1LC_0RA1LA	DN	99531880
1RB0LD_0LC1RA_0LD1LC_0RA1LD	SP	50331527
1RB0LD_0LC1RA_0LD1LC_0RD1LA	DN	99812250
1RB0LD_0LC1RA_0LD1LC_1LA0RC	SP	33513540
1RB0LD_0LC1RA_0LD1LC_1LA1LA	SP	89445733
1RB0LD_0LC1RA_0LD1LC_1RA1LA	SP	88317656
1RB0LD_0LC1RA_0LD1LC_1RC1LA	SP	89462089
1RB0LD_0LC1RA_0LD1LC_1RD1LA	SP	89478445
1RB0LD_0LC1RA_0RA0RD_1LB1LA	SP	89576752
1RB0LD_0LC1RA_0RA1LA_0RB1LD	SP	83885412
1RB0LD_0LC1RA_0RA1LC_1LA1LA	SP	89511249
1RB0LD_0LC1RA_0RA1LC_1LB1LA	SP	89544014
1RB0LD_0LC1RA_0RA1LC_1RA1LA	SP	88390447
1RB0LD_0LC1RA_0RB1LC_0RA1LA	DN	99529776
1RB0LD_0LC1RA_0RB1LC_0RC1LA	DN	99949086
1RB0LD_0LC1RA_0RB1LC_0RD1LA	DN	99808032
1RB0LD_0LC1RA_0RB1LC_1LA1LA	SP	89511329
1RB0LD_0LC1RA_0RB1LC_1LC1LA	SP	88426858
1RB0LD_0LC1RA_0RB1LC_1RA1LA	SP	88414744
1RB0LD_0LC1RA_0RB1LC_1RC1LA	SP	67161024
1RB0LD_0LC1RA_0RB1LC_1RD1LA	SP	89544041
1RB0LD_0LC1RA_0RC1LA_0RB1LD	SP	83885453
1RB0LD_0LC1RA_0RD1LC_0RA1LA	DN	99531880
1RB0LD_0LC1RA_0RD1LC_0RB1LA	DN	99897800
1RB0LD_0LC1RA_0RD1LC_0RC1LA	DN	99811192
1RB0LD_0LC1RA_0RD1LC_0RD1LA	DN	99811192
1RB0LD_0LC1RA_0RD1LC_1LA1LA	SP	89478524
1RB0LD_0LC1RA_0RD1LC_1LC1LA	SP	89494880
1RB0LD_0LC1RA_0RD1LC_1RA1LA	SP	88366193
1RB0LD_0LC1RA_0RD1LC_1RC1LA	SP	88378307
1RB0LD_0LC1RA_0RD1LC_1RD1LA	SP	89511236
1RB0LD_0LC1RA_1LA0RB_0RA1LD	DN	99876732
1RB0LD_0LC1RA_1LA0RB_0RB1LD	SP	89478484
1RB0LD_0LC1RA_1LA0RD_1LB0RB	SP	48470202
1RB0LD_0LC1RA_1LA0RD_1LB1LA	SP	32344066
1RB0LD_0LC1RA_1LA1LA_0RB1LD	SP	55923712
1RB0LD_0LC1RA_1LA1LC_0RA0RB	DN	99895952
1RB0LD_0LC1RA_1LA1LC_0RA1LA	DN	99529233
1RB0LD_0LC1RA_1LA1LC_0RA1LD	SP	50331415
1RB0LD_0LC1RA_1LA1LC_0RB0RB	SP	33554404
1RB0LD_0LC1RA_1LA1LC_0RB1LA	SP	89511194
1RB0LD_0LC1RA_1LA1LC_0RD0RB	DN	99677422
1RB0LD_0LC1RA_1LA1LC_0RD1LA	DN	99808545
1RB0LD_0LC1RA_1LA1LC_1LA0RB	SP	33546238
1RB0LD_0LC1RA_1LA1LC_1LA1LA	SP	89478457
1RB0LD_0LC1RA_1LA1LC_1LB0RB	SP	12113446
1RB0LD_0LC1RA_1LA1LC_1LB1LA	SP	72680690
1RB0LD_0LC1RA_1LA1LC_1RA0RB	SP	78845178
1RB0LD_0LC1RA_1LA1LC_1RA1LA	SP	52572763
1RB0LD_0LC1RA_1LA1LC_1RD0RB	SP	33578902
1RB0LD_0LC1RA_1LA1LC_1RD1LA	SP	89511169
1RB0LD_0LC1RA_1LA1RC_0RA1LD	SP	50331689
1RB0LD_0LC1RA_1LA1RC_0RB1LD	SP	67108962
1RB0LD_0LC1RA_1LA1RD_0RB1LD	SP	67109000
1RB0LD_0LC1RA_1LC1RD_0RB1LD	SP	67108911
1RB0LD_0LC1RA_1LD1LA_0RB1LD	SP	67108232
1RB0LD_0LC1RA_1LD1LC_0RA1LA	DN	99532938
1RB0LD_0LC1RA_1LD1LC_0RA1LD	SP	50331571
1RB0LD_0LC1RA_1LD1LC_0RB1LA	SP	52638206
1RB0LD_0LC1RA_1LD1LC_0RB1LD	SP	67108793
1RB0LD_0LC1RA_1LD1LC_0RD1LA	DN	99809601
1RB0LD_0LC1RA_1LD1LC_1LA1LA	SP	50282564
1RB0LD_0LC1RA_1LD1LC_1RA1LA	SP	80933080
1RB0LD_0LC1RA_1LD1LC_1RD1LA	SP	50331593
1RB0LD_0LC1RA_1LD1RC_0RA1LD	SP	50331593
1RB0LD_0LC1RA_1LD1RC_0RB1LD	SP	67108816
1RB0LD_0LC1RA_1LD1RC_0RC1LA	QH	1
1RB0LD_0LC1RA_1LD1RD_0RB1LD	SP	67108863
1RB0LD_0LC1RA_1RA0RD_1LB1LA	SP	45723272
1RB0LD_0LC1RA_1RA1LA_0RB1LD	SP	67108192
1RB0LD_0LC1RA_1RA1LC_0RA1LA	DN	99527121
1RB0LD_0LC1RA_1RA1LC_0RB1LA	SP	52628842
1RB0LD_0LC1RA_1RA1LC_0RB1LD	SP	67108747
1RB0LD_0LC1RA_1RA1LC_0RD1LA	DN	99805377
1RB0LD_0LC1RA_1RA1LC_1LA1LA	SP	89511249
1RB0LD_0LC1RA_1RA1LC_1LB1LA	SP	32223062
1RB0LD_0LC1RA_1RA1LC_1RA1LA	SP	52610151
1RB0LD_0LC1RA_1RA1LC_1RD1LA	SP	89543961
1RB0LD_0LC1RA_1RB1LA_0RB1LD	SP	55923732
1RB0LD_0LC1RA_1RB1LC_0RA1LA	DN	99530822
1RB0LD_0LC1RA_1RB1LC_0RA1LD	SP	50331483
1RB0LD_0LC1RA_1RB1LC_0RC1LA	DN	99530822
1RB0LD_0LC1RA_1RB1LC_0RD1LA	DN	99810134
1RB0LD_0LC1RA_1RB1LC_1LA1LA	SP	89478498
1RB0LD_0LC1RA_1RB1LC_1LC1LA	SP	89478498
1RB0LD_0LC1RA_1RB1LC_1RA1LA	SP	88366153
1RB0LD_0LC1RA_1RB1LC_1RC1LA	SP	88366153
1RB0LD_0LC1RA_1RB1LC_1RD1LA	SP	89511210
1RB0LD_0LC1RA_1RC1LA_0RB1LD	SP	67108313
1RB0LD_0LC1RA_1RD0LD_1LA0RC	SP	89462153
1RB0LD_0LC1RA_1RD0RB_1LA0RC	SP	89429435
1RB0LD_0LC1RA_1RD0RC_1LA0RC	SP	89462087
1RB0LD_0LC1RA_1RD0RC_1LA1RB	SP	33529848
1RB0LD_0LC1RA_1RD0RD_1LB1LA	SP	32357186
1RB0LD_0LC1RA_1RD1LA_1LA0RC	SP	89494852
1RB0LD_0LC1RA_1RD1LA_1RB0RC	SP	33562583
1RB0LD_0LC1RA_1RD1LB_1LA0RC	SP	50319428
1RB0LD_0LC1RA_1RD1LC_0RA1LA	DN	99532938
1RB0LD_0LC1RA_1RD1LC_0RA1LD	SP	50331615
1RB0LD_0LC1RA_1RD1LC_0RB1LA	SP	67072610
1RB0LD_0LC1RA_1RD1LC_0RB1LD	SP	67108839
1RB0LD_0LC1RA_1RD1LC_0RD1LA	DN	99813308
1RB0LD_0LC1RA_1RD1LC_1LA0RC	SP	50319210
1RB0LD_0LC1RA_1RD1LC_1LA1LA	SP	89445757
1RB0LD_0LC1RA_1RD1LC_1LB1LA	SP	72680698
1RB0LD_0LC1RA_1RD1LC_1RA1LA	SP	88317694
1RB0LD_0LC1RA_1RD1LC_1RC1LA	SP	89478469
1RB0LD_0LC1RA_1RD1LC_1RD1LA	SP	89478469
1RB0LD_0LC1RA_1RD1LD_1LA0RC	SP	75387135
1RB0LD_0LC1RA_1RD1RC_1LA0RC	SP	50294822
1RB0LD_0LC1RA_1RD1RD_1LA0RC	SP	89429411
1RB0LD_0LC1RB_0LD1LC_1RD0RA	DN	99842256
1RB0LD_0LC1RB_0RC1LA_1RC0LD	DN	99999976
1RB0LD_0LC1RB_1LA0RB_1RD1RC	DN	99588062
1RB0LD_0LC1RB_1LD1RC_0RC1LA	SP	50331575
1RB0LD_0LC1RB_1RA1LC_0RB1RD	DN	99667120
1RB0LD_0LC1RB_1RA1LD_1LC0RB	SP	67108853
1RB0LD_0LC1RC_0RC1LD_1LA0LA	QH	1
1RB0LD_0LC1RC_0RC1RD_1LA0LD	QH	1
1RB0LD_0LC1RC_1LA0RD_1LB1RD	SP	44894954
1RB0LD_0LC1RC_1LA1RC_0RA1LD	DN	99801871
1RB0LD_0LC1RC_1LA1RC_0RC1LD	QH	1
1RB0LD_0LC1RC_1LD1RC_0RC1LA	QH	1
1RB0LD_0LC1RC_1RD0RD_1LA0RB	DN	99999983
1RB0LD_0LC1RC_1RD1LD_1LA0RB	DN	99973778
1RB0LD_0LC1RD_1LA0LD_1LB0RD	DN	99985340
1RB0LD_0LC1RD_1LA1LB_1LB0RD	DN	99984200
1RB0LD_0LC1RD_1LA1RC_0RC1LD	QH	1
1RB0LD_0LC1RD_1RD1LA_1RB0RC	SP	33554394
1RB0LD_0RC0LC_1LD0RB_1LD1RA	DN	99999985
1RB0LD_0RC0LC_1RD1RA_1LA0RC	DN	99999974
1RB0LD_0RC0RA_1LC0LA_1LA1RC	DN	99996570
1RB0LD_0RC0RA_1LC0LD_1RB1LD	SP	44796522
1RB0LD_0RC0RA_1LC1LA_1LA0LD	DN	99972258
1RB0LD_0RC0RA_1LC1LA_1LA1LD	SP	33595395
1RB0LD_0RC0RA_1RD1LD_1LC1RA	SP	33554405
1RB0LD_0RC0RB_1LC0LA_0RB1LA	DN	99999891
1RB0LD_0RC0RB_1LC1LD_1RA1RB	QH	0
1RB0LD_0RC0RB_1LC1RA_0LA1LA	DN	99999987
1RB0LD_0RC0RB_1LD1RA_1LC1LA	DN	99999969
1RB0LD_0RC0RB_1RD0LA_1LA0RA	DN	99999891
1RB0LD_0RC0RC_1LC1LA_0RA1LD	DN	99586312
1RB0LD_0RC0RC_1LC1LA_1RB1LD	SP	52341858
1RB0LD_0RC0RD_0LD1RA_1LA0LC	DN	99999980
1RB0LD_0RC1LA_1LA0RB_0LD1RB	DN	99999983
1RB0LD_0RC1LA_1LA0RC_0LD1RB	DN	99999989
1RB0LD_0RC1LA_1LB1RC_0RC1LD	DN	99816479
1RB0LD_0RC1LA_1LD1RC_0RC1LA	QH	1
1RB0LD_0RC1LA_1LD1RC_0RC1LB	SP	75497201
1RB0LD_0RC1LA_1LD1RC_1LB1LB	SP	83886065
1RB0LD_0RC1LA_1LD1RC_1RA1LB	SP	83886172
1RB0LD_0RC1LA_1LD1RC_1RC1LB	SP	83886022
1RB0LD_0RC1LB_1LA1RC_0LA1LB	DN	99230079
1RB0LD_0RC1LB_1LA1RC_0RA1LB	DN	99807193
1RB0LD_0RC1LB_1LA1RC_0RC1LB	DN	99315153
1RB0LD_0RC1LB_1LA1RC_1RA1LB	DN	99315153
1RB0LD_0RC1LB_1LA1RC_1RD1LB	QH	3
1RB0LD_0RC1LB_1LD1RC_0RC1LA	SP	50331623
1RB0LD_0RC1LB_1LD1RC_1LA0LB	QH	4
1RB0LD_0RC1LC_1LA1RC_0RC1LD	QH	1
1RB0LD_0RC1LC_1LD1RC_0RC1LA	QH	1
1RB0LD_0RC1LD_1LA1RA_0RA0LB	DN	99999984
1RB0LD_0RC1LD_1LA1RC_0RC1LB	DN	99315155
1RB0LD_0RC1LD_1LA1RC_0RC1LD	QH	1
1RB0LD_0RC1LD_1LC0RB_0LA0LD	DN	99999975
1RB0LD_0RC1LD_1LC0RB_0LA1RD	DN	99999964
1RB0LD_0RC1LD_1RD0RA_1LB1RC	SP	55923998
1RB0LD_0RC1RA_0LC1LA_0RA1LD	SP	75497585
1RB0LD_0RC1RA_0LC1LA_0RB1LD	SP	67108977
1RB0LD_0RC1RA_0LD1RB_1LA1RB	SP	44681981
1RB0LD_0RC1RA_0LD1RC_1LA1RB	SP	66994413
1RB0LD_0RC1RA_1LB1RD_1LA0RC	SP	75387091
1RB0LD_0RC1RA_1LC0LA_0RA1LD	DN	99877743
1RB0LD_0RC1RA_1LC0LD_0RA1LD	SP	75497411
1RB0LD_0RC1RA_1LC0RA_1LA0LD	DN	99999974
1RB0LD_0RC1RA_1LC0RB_1LB1LD	SP	83886269
1RB0LD_0RC1RA_1LC1LA_0RA1LD	SP	64712120
1RB0LD_0RC1RA_1LC1LA_0RB1LD	SP	71902356
1RB0LD_0RC1RA_1LC1LD_0RA1LC	SP	50331499
1RB0LD_0RC1RA_1LC1LD_0RA1LD	SP	50331499
1RB0LD_0RC1RA_1LC1LD_0RB1LD	SP	67108694
1RB0LD_0RC1RA_1LC1RB_0RA1LD	SP	50331681
1RB0LD_0RC1RA_1LC1RB_0RB1LD	SP	67108908
1RB0LD_0RC1RA_1LC1RD_0RA1LD	SP	50331541
1RB0LD_0RC1RA_1LC1RD_0RB1LD	SP	67108736
1RB0LD_0RC1RA_1RD---_1LA0RC	SP	50270313
1RB0LD_0RC1RA_1RD0RB_1LA1LB	DN	99999990
1RB0LD_0RC1RA_1RD0RD_1LA0LB	DN	99990223
1RB0LD_0RC1RA_1RD0RD_1LA1LB	DN	99999972
1RB0LD_0RC1RA_1RD1RA_1LA1LB	DN	99999966
1RB0LD_0RC1RA_1RD1RB_1LA0LB	DN	99963140
1RB0LD_0RC1RA_1RD1RB_1LA0LC	SP	75387069
1RB0LD_0RC1RA_1RD1RB_1LA1RB	SP	17892965
1RB0LD_0RC1RB_0LD0RD_1LA1RD	SP	25147340
1RB0LD_0RC1RB_1LC0LA_0RB1LD	DN	99528704
1RB0LD_0RC1RB_1LC0LA_1RB1LD	SP	89593067
1RB0LD_0RC1RB_1LC0RD_1LA1RD	SP	69833320
1RB0LD_0RC1RB_1LC1LA_0RA0LC	DN	99999989
1RB0LD_0RC1RB_1LC1LA_0RB0LC	DN	99999987
1RB0LD_0RC1RB_1LD0RD_1LA1RD	SP	69833332
1RB0LD_0RC1RB_1RD0RD_1LA0LB	SP	52387635
1RB0LD_0RC1RB_1RD0RD_1LA0RC	DN	99999986
1RB0LD_0RC1RB_1RD0RD_1LA1RD	SP	56558514
1RB0LD_0RC1RB_1RD1LA_1LA0LB	SP	45636299
1RB0LD_0RC1RB_1RD1LA_1LA0RC	SP	34962655
1RB0LD_0RC1RB_1RD1RA_1LA0RC	DN	99999988
1RB0LD_0RC1RC_1LA1RA_0RA0LA	DN	99999971
1RB0LD_0RC1RC_1LA1RA_0RA0LD	DN	99999971
1RB0LD_0RC1RC_1LA1RB_1LA1LD	DN	99959021
1RB0LD_0RC1RC_1LA1RC_0RC1LD	QH	1
1RB0LD_0RC1RC_1LD1RB_0RD1LA	SP	33554414
1RB0LD_0RC1RC_1LD1RC_0RC1LA	QH	1
1RB0LD_0RC1RD_1LA0RC_0LA1LC	SP	69205251
1RB0LD_1LB0RC_0RB1LD_1LA---	QH	1
1RB0LD_1LB0RC_0RD1RC_1LD0LA	DN	99999986
1RB0LD_1LB0RC_1LA1RD_1RC0LA	DN	99999992
1RB0LD_1LB0RC_1LC1LA_0RA1LD	DN	99587476
1RB0LD_1LB0RC_1LC1LA_1RB1LD	SP	52341898
1RB0LD_1LB0RC_1RC1LD_1LA0RB	QH	1
1RB0LD_1LB1LC_1LA1RC_0RA1LD	DN	99223037
1RB0LD_1LB1LC_1LA1RC_0RC1LD	QH	1
1RB0LD_1LB1LC_1LD1RC_0RC1LA	QH	1
1RB0LD_1LB1LC_1RD0LA_1RA0RB	DN	99999985
1RB0LD_1LB1LC_1RD0LC_0RD1LA	QH	1
1RB0LD_1LB1RC_0RB0LA_1LA0RD	DN	99999986
1RB0LD_1LB1RC_0RC1LD_1LA0LD	QH	1
1RB0LD_1LB1RC_0RC1RD_1LA0LD	QH	1
1RB0LD_1LB1RC_1LA1RC_0RA1LD	DN	99799211
1RB0LD_1LB1RC_1LA1RC_0RC1LD	QH	1
1RB0LD_1LB1RC_1LD1RC_0RC1LA	QH	1
1RB0LD_1LC0LA_0RC1LD_1RC1LA	QH	1
1RB0LD_1LC0LA_1LA0LC_1RD1RC	ED	-1
1RB0LD_1LC0LB_0RA0LD_1RD1RB	QH	0
1RB0LD_1LC0LB_0RA1LA_1RD1RB	SP	89527538
1RB0LD_1LC0LB_0RA1LC_1RD1RB	QH	0
1RB0LD_1LC0LC_1RD1LB_1LA0RD	QH	25
1RB0LD_1LC0LD_0RA1LB_1LA1RC	SP	75472859
1RB0LD_1LC0LD_0RD1LB_0RA1RD	SP	25122888
1RB0LD_1LC0LD_1RD1LB_0RA1RD	SP	44681916
1RB0LD_1LC0RA_0LD0LC_1LA1LB	DN	99999979
1RB0LD_1LC0RA_0LD0RD_1LA1LB	DN	99999983
1RB0LD_1LC0RA_0LD1LB_1LA---	SP	89396674
1RB0LD_1LC0RA_0LD1LB_1RC1LA	SP	33480906
1RB0LD_1LC0RA_0LD1LC_1LA0LB	DN	99999984
1RB0LD_1LC0RA_0LD1LC_1LA1LB	DN	99999983
1RB0LD_1LC0RA_0LD1LC_1LA1RB	SP	50343819
1RB0LD_1LC0RA_0RA0LB_1RD1RC	SP	89478414
1RB0LD_1LC0RA_0RA1LB_1LA---	SP	50319345
1RB0LD_1LC0RA_0RB1LB_1LA---	SP	89462150
1RB0LD_1LC0RA_0RD1LB_0RA1RD	SP	75436103
1RB0LD_1LC0RA_0RD1LB_1LA0LC	SP	50294880
1RB0LD_1LC0RA_0RD1LB_1LA0LD	SP	50319345
1RB0LD_1LC0RA_0RD1LB_1LA0RA	SP	89462150
1RB0LD_1LC0RA_0RD1LB_1LA0RB	SP	89527671
1RB0LD_1LC0RA_0RD1LB_1LA1LA	SP	50294858
1RB0LD_1LC0RA_0RD1LB_1LA1LD	SP	89429371
1RB0LD_1LC0RA_0RD1LB_1LA1RA	SP	33480948
1RB0LD_1LC0RA_0RD1LB_1LA1RB	SP	89494850
1RB0LD_1LC0RA_0RD1LB_1LA1RC	SP	89462175
1RB0LD_1LC0RA_0RD1LB_1LA1RD	SP	89461947
1RB0LD_1LC0RA_1LA1LB_1LA---	SP	89429349
1RB0LD_1LC0RA_1LA1LB_1LD0LC	SP	89429349
1RB0LD_1LC0RA_1LA1LC_1RA0LC	DN	99959493
1RB0LD_1LC0RA_1LA1RC_1LA0LD	DN	99983913
1RB0LD_1LC0RA_1LA1RC_1LA1LB	DN	99999985
1RB0LD_1LC0RA_1LD0LC_1LA1LC	SP	89478469
1RB0LD_1LC0RA_1LD0RD_1LA1LB	SP	89445703
1RB0LD_1LC0RA_1LD1LA_1LA1LC	SP	89413117
1RB0LD_1LC0RA_1LD1LB_1LA---	SP	34881052
1RB0LD_1LC0RA_1LD1LC_1LA0LA	SP	89445677
1RB0LD_1LC0RA_1LD1LC_1LA0LB	DN	99999984
1RB0LD_1LC0RA_1LD1LC_1LA1LB	SP	89429347
1RB0LD_1LC0RA_1LD1LC_1LA1LC	SP	89412972
1RB0LD_1LC0RA_1LD1LC_1LA1RC	SP	89429260
1RB0LD_1LC0RA_1LD1RA_1LA1LC	SP	50282586
1RB0LD_1LC0RA_1LD1RC_1LA0LD	DN	99983913
1RB0LD_1LC0RA_1RA0LB_1RC1RD	SP	34942229
1RB0LD_1LC0RA_1RA1LA_1LA0LC	SP	89527586
1RB0LD_1LC0RA_1RA1LB_0RA1RC	SP	33529880
1RB0LD_1LC0RA_1RA1LB_0RB1LA	SP	25135102
1RB0LD_1LC0RA_1RA1LB_1LA0LC	SP	89396766
1RB0LD_1LC0RA_1RA1LB_1LA0RA	SP	89494874
1RB0LD_1LC0RA_1RA1LB_1LA0RD	SP	50294880
1RB0LD_1LC0RA_1RA1LB_1LA1LA	SP	50319345
1RB0LD_1LC0RA_1RA1LB_1LA1RA	SP	33497206
1RB0LD_1LC0RA_1RA1LB_1LA1RD	SP	89396718
1RB0LD_1LC0RA_1RA1LB_1LB0RC	DN	99999990
1RB0LD_1LC0RA_1RB1LB_1LA---	SP	50294836
1RB0LD_1LC0RA_1RC1LB_1LA---	SP	50319368
1RB0LD_1LC0RA_1RD0LC_1LA1LB	SP	78545356
1RB0LD_1LC0RA_1RD0LC_1LA1RB	SP	50368339
1RB0LD_1LC0RA_1RD1LB_0LC0RD	QH	0
1RB0LD_1LC0RA_1RD1LB_0RA1RD	SP	33513494
1RB0LD_1LC0RA_1RD1LB_1LA0LB	SP	89494874
1RB0LD_1LC0RA_1RD1LB_1LA0RA	SP	50294836
1RB0LD_1LC0RA_1RD1LB_1LA0RB	SP	67002462
1RB0LD_1LC0RA_1RD1LB_1LA1LA	SP	89396696
1RB0LD_1LC0RA_1RD1LB_1LA1LB	SP	50319367
1RB0LD_1LC0RA_1RD1LB_1LA1LD	SP	34881072
1RB0LD_1LC0RA_1RD1LB_1LA1RA	SP	52296102
1RB0LD_1LC0RA_1RD1LB_1LA1RC	SP	50294859
1RB0LD_1LC0RA_1RD1LB_1LA1RD	SP	34942052
1RB0LD_1LC0RA_1RD1LB_1RC1LA	SP	44633070
1RB0LD_1LC0RB_0LC0RD_1LA1RD	QH	3
1RB0LD_1LC0RB_0LC1LD_0RA---	DN	99999985
1RB0LD_1LC0RB_0LC1LD_0RD1RA	QH	3
1RB0LD_1LC0RB_0LC1LD_1RA0RA	DN	99999985
1RB0LD_1LC0RB_0LC1LD_1RA1RA	QH	3
1RB0LD_1LC0RB_0LC1LD_1RC1RA	QH	3
1RB0LD_1LC0RB_0LC1LD_1RD1RA	QH	3
1RB0LD_1LC0RB_0RA0LC_1LD1RA	DN	99999986
1RB0LD_1LC0RB_1RA0LC_0LC1LD	QH	2
1RB0LD_1LC0RB_1RC1LA_0LD0RA	DN	99999989
1RB0LD_1LC0RB_1RC1LA_1LD1RB	DN	99312640
1RB0LD_1LC0RB_1RD1LA_1LA0RC	SP	50368332
1RB0LD_1LC0RB_1RD1RA_1LA0RC	SP	46786587
1RB0LD_1LC0RC_0LD1LC_1RA1LA	SP	26137851
1RB0LD_1LC0RC_0RA0LB_1LA0LA	DN	99989159
1RB0LD_1LC0RC_0RA1LB_1LA0LD	DN	99999988
1RB0LD_1LC0RC_0RB1LD_1LA---	QH	1
1RB0LD_1LC0RC_0RB1RA_1LA1LD	DN	99999988
1RB0LD_1LC0RC_1LA1RC_0LC1LB	DN	99999966
1RB0LD_1LC0RC_1LA1RC_1RB1LD	QH	10
1RB0LD_1LC0RC_1LC1LA_0RA1LD	DN	99757420
1RB0LD_1LC0RC_1LC1LA_1RB1LD	SP	10314604
1RB0LD_1LC0RC_1LD1RC_1RB1LA	DN	99968907
1RB0LD_1LC0RC_1RA1LD_0RA0LB	DN	99999988
1RB0LD_1LC0RC_1RA1LD_0RA1LC	SP	83885819
1RB0LD_1LC0RD_0LC1LD_0RB1RA	DN	99999985
1RB0LD_1LC0RD_0RA0LD_1LA1RC	DN	99980402
1RB0LD_1LC0RD_0RA1LA_1RC1LD	SP	44878565
1RB0LD_1LC0RD_0RA1LB_1RC0LC	SP	21551785
1RB0LD_1LC0RD_0RA1LB_1RC1RB	SP	14388249
1RB0LD_1LC0RD_1LA0LB_1RB0RD	DN	99969757
1RB0LD_1LC0RD_1LA0LB_1RB1RA	DN	99979852
1RB0LD_1LC0RD_1LA0LC_1RB0RD	DN	99976281
1RB0LD_1LC0RD_1LA1LB_0RA1LA	DN	99999989
1RB0LD_1LC0RD_1LA1RD_1LB1RC	DN	99810091
1RB0LD_1LC0RD_1LD0LB_1RB0RA	DN	99969666
1RB0LD_1LC0RD_1RD1LC_0LC1RA	SP	83885892
1RB0LD_1LC1LA_0RC1LA_1RC0LD	QH	1
1RB0LD_1LC1LA_1LD1RC_0RC1LA	QH	1
1RB0LD_1LC1LA_1LD1RC_0RC1LB	QH	7
1RB0LD_1LC1LA_1RD1LB_0LC0RD	QH	23
1RB0LD_1LC1LB_1LD1RC_0RC1LA	SP	67108788
1RB0LD_1LC1LB_1RD1LA_0LC0RD	QH	33
1RB0LD_1LC1LC_1LA1RC_0RA1LD	DN	99792561
1RB0LD_1LC1LC_1LA1RC_0RC1LD	QH	1
1RB0LD_1LC1LC_1LD1RC_0RC1LA	QH	1
1RB0LD_1LC1LD_1LA1RC_0RC1LD	QH	1
1RB0LD_1LC1RA_---0LD_0RA1LD	SP	50331643
1RB0LD_1LC1RA_---1LA_0RA1LD	DN	99875066
1RB0LD_1LC1RA_---1LD_0RA0LC	DN	99999991
1RB0LD_1LC1RA_---1LD_0RA1LC	SP	50331549
1RB0LD_1LC1RA_---1LD_0RA1LD	SP	50331549
1RB0LD_1LC1RA_---1LD_0RB1LD	SP	67108770
1RB0LD_1LC1RA_---1RD_0RA1LD	SP	50331593
1RB0LD_1LC1RA_---1RD_0RB1LD	SP	67108816
1RB0LD_1LC1RA_0LC1LD_0RA0RB	DN	99999988
1RB0LD_1LC1RA_0LD1LB_0RA1LD	QH	4
1RB0LD_1LC1RA_0LD1LC_0RA1LA	DN	99529761
1RB0LD_1LC1RA_0LD1LC_0RA1LD	SP	50331436
1RB0LD_1LC1RA_0LD1LC_0RD1LA	DN	99810129
1RB0LD_1LC1RA_0LD1LC_1LA0RC	SP	75436056
1RB0LD_1LC1RA_0LD1LC_1LA1LA	SP	50307040
1RB0LD_1LC1RA_0LD1LC_1RA1LA	SP	88245013
1RB0LD_1LC1RA_0LD1LC_1RC1LA	SP	50319300
1RB0LD_1LC1RA_0LD1LC_1RD1LA	SP	50331560
1RB0LD_1LC1RA_0LD1RC_0RA1LD	SP	50331637
1RB0LD_1LC1RA_0LD1RC_0RB1LD	SP	67108862
1RB0LD_1LC1RA_0RA1LB_0RA1LD	QH	4
1RB0LD_1LC1RA_0RA1LC_0RA1LA	DN	99532409
1RB0LD_1LC1RA_0RA1LC_0RA1LD	SP	50331549
1RB0LD_1LC1RA_0RA1LC_0RD1LA	DN	99812779
1RB0LD_1LC1RA_0RA1LC_1LA0RB	SP	44682028
1RB0LD_1LC1RA_0RA1LC_1LA1LA	SP	89445745
1RB0LD_1LC1RA_0RA1LC_1RA1LA	SP	88317675
1RB0LD_1LC1RA_0RA1LC_1RD1LA	SP	89478457
1RB0LD_1LC1RA_0RA1LD_0RD0LC	DN	99999991
1RB0LD_1LC1RA_0RB0LC_---0LB	QH	7
1RB0LD_1LC1RA_0RB0LC_---0LC	QH	7
1RB0LD_1LC1RA_0RB0LC_---0RB	QH	7
1RB0LD_1LC1RA_0RB0LC_---0RC	QH	7
1RB0LD_1LC1RA_0RB0LC_---1LA	SP	50332492
1RB0LD_1LC1RA_0RB0LC_---1LC	QH	7
1RB0LD_1LC1RA_0RB0LC_---1RA	QH	7
1RB0LD_1LC1RA_0RB0LC_---1RC	QH	7
1RB0LD_1LC1RA_0RB0LC_0LB0LD	QH	7
1RB0LD_1LC1RA_0RB0LC_0LB0RD	QH	7
1RB0LD_1LC1RA_0RB0LC_0LB1LD	QH	7
1RB0LD_1LC1RA_0RB0LC_0LB1RD	QH	7
1RB0LD_1LC1RA_0RB0LC_0LC0LD	QH	7
1RB0LD_1LC1RA_0RB0LC_0LC0RD	QH	7
1RB0LD_1LC1RA_0RB0LC_0LC1RD	QH	7
1RB0LD_1LC1RA_0RB0LC_0RB0LD	QH	7
1RB0LD_1LC1RA_0RB0LC_0RB0RD	QH	7
1RB0LD_1LC1RA_0RB0LC_0RB1LD	QH	7
1RB0LD_1LC1RA_0RB0LC_0RB1RD	QH	7
1RB0LD_1LC1RA_0RB0LC_0RC0LD	QH	7
1RB0LD_1LC1RA_0RB0LC_0RC0RD	QH	7
1RB0LD_1LC1RA_0RB0LC_0RC1LD	QH	7
1RB0LD_1LC1RA_0RB0LC_0RC1RD	QH	7
1RB0LD_1LC1RA_0RB0LC_1LA0RD	SP	50331631
1RB0LD_1LC1RA_0RB0LC_1LC0LD	QH	7
1RB0LD_1LC1RA_0RB0LC_1LC0RD	QH	7
1RB0LD_1LC1RA_0RB0LC_1RA0LD	QH	7
1RB0LD_1LC1RA_0RB0LC_1RA0RD	QH	7
1RB0LD_1LC1RA_0RB0LC_1RA1RD	SP	50331589
1RB0LD_1LC1RA_0RB0LC_1RB1RD	QH	7
1RB0LD_1LC1RA_0RB0LC_1RC0LD	QH	7
1RB0LD_1LC1RA_0RB0LC_1RC0RD	QH	7
1RB0LD_1LC1RA_0RB0LC_1RC1LD	QH	7
1RB0LD_1LC1RA_0RB0LC_1RC1RD	QH	7
1RB0LD_1LC1RA_0RB0LD_0RB1LD	QH	5
1RB0LD_1LC1RA_0RB1LA_0RB1LD	SP	50330040
1RB0LD_1LC1RA_0RB1LB_0RB1LD	QH	4
1RB0LD_1LC1RA_0RB1LC_---1LC	SP	67108770
1RB0LD_1LC1RA_0RB1LC_0LC1LA	SP	52638187
1RB0LD_1LC1RA_0RB1LC_0RA1LA	DN	99527649
1RB0LD_1LC1RA_0RB1LC_0RB1LD	SP	67108770
1RB0LD_1LC1RA_0RB1LC_0RC1LA	DN	99671274
1RB0LD_1LC1RA_0RB1LC_0RD1LA	DN	99805905
1RB0LD_1LC1RA_0RB1LC_1LA1LA	SP	89511262
1RB0LD_1LC1RA_0RB1LC_1LC1LA	SP	52619496
1RB0LD_1LC1RA_0RB1LC_1RA1LA	SP	52610170
1RB0LD_1LC1RA_0RB1LC_1RC1LA	DN	91419381
1RB0LD_1LC1RA_0RB1LC_1RD1LA	SP	89543974
1RB0LD_1LC1RA_0RB1LD_0LB0LC	QH	3
1RB0LD_1LC1RA_0RB1LD_0LC0LC	QH	3
1RB0LD_1LC1RA_0RB1LD_0RB0LC	QH	3
1RB0LD_1LC1RA_0RB1LD_0RB0LD	DN	99999991
1RB0LD_1LC1RA_0RB1LD_0RD0LC	QH	3
1RB0LD_1LC1RA_0RB1LD_1LB0LC	QH	3
1RB0LD_1LC1RA_0RB1LD_1LC0LC	QH	3
1RB0LD_1LC1RA_0RB1LD_1RA0LC	QH	3
1RB0LD_1LC1RA_0RB1LD_1RC0LC	QH	3
1RB0LD_1LC1RA_0RC1LD_0RB0LD	DN	99999987
1RB0LD_1LC1RA_0RC1RD_1LA0RB	SP	75387113
1RB0LD_1LC1RA_0RD0LC_1RA1LA	SP	83887011
1RB0LD_1LC1RA_0RD0LD_0RB1LD	QH	5
1RB0LD_1LC1RA_0RD1LA_0RB1LD	SP	50330080
1RB0LD_1LC1RA_0RD1LB_0RA1LD	QH	4
1RB0LD_1LC1RA_0RD1LB_0RB1LD	QH	4
1RB0LD_1LC1RA_0RD1LC_0RA1LA	DN	99529761
1RB0LD_1LC1RA_0RD1LC_0RA1LD	SP	50331593
1RB0LD_1LC1RA_0RD1LC_0RB1LD	SP	67108816
1RB0LD_1LC1RA_0RD1LC_0RC1LA	DN	99809073
1RB0LD_1LC1RA_0RD1LC_0RD1LA	DN	99809073
1RB0LD_1LC1RA_0RD1LC_1LA1LA	SP	89478469
1RB0LD_1LC1RA_0RD1LC_1LC1LA	SP	89494825
1RB0LD_1LC1RA_0RD1LC_1RA0LC	DN	99999982
1RB0LD_1LC1RA_0RD1LC_1RA1LA	SP	52572781
1RB0LD_1LC1RA_0RD1LC_1RC1LA	SP	52582107
1RB0LD_1LC1RA_0RD1LC_1RD1LA	SP	89511181
1RB0LD_1LC1RA_1LA0LD_0RB1LD	QH	5
1RB0LD_1LC1RA_1LA1LB_0RA1LD	QH	4
1RB0LD_1LC1RA_1LA1LB_0RB1LD	QH	4
1RB0LD_1LC1RA_1LA1LC_0RA1LA	DN	99357655
1RB0LD_1LC1RA_1LA1LC_0RA1LD	SP	33554337
1RB0LD_1LC1RA_1LA1LC_0RD1LA	DN	99579433
1RB0LD_1LC1RA_1LA1LC_1LA1LA	SP	50282553
1RB0LD_1LC1RA_1LA1LC_1RA1LA	SP	52516764
1RB0LD_1LC1RA_1LA1LC_1RD1LA	SP	50307029
1RB0LD_1LC1RA_1LA1RC_0RA1LD	SP	83886093
1RB0LD_1LC1RA_1LA1RC_0RB1LD	SP	89478498
1RB0LD_1LC1RA_1LB1RC_0RA1LD	SP	50331681
1RB0LD_1LC1RA_1LB1RC_0RB1LD	SP	67108908
1RB0LD_1LC1RA_1LB1RD_1LA0RC	SP	25086265
1RB0LD_1LC1RA_1LD0LD_0RB1LD	QH	5
1RB0LD_1LC1RA_1LD0RA_0RB1LD	SP	67108863
1RB0LD_1LC1RA_1LD1LA_0RB1LD	SP	67107176
1RB0LD_1LC1RA_1LD1LB_0RA1LD	QH	4
1RB0LD_1LC1RA_1LD1LB_0RB1LD	QH	4
1RB0LD_1LC1RA_1LD1LC_0RA1LA	DN	99530817
1RB0LD_1LC1RA_1LD1LC_0RA1LD	SP	50331478
1RB0LD_1LC1RA_1LD1LC_0RB1LA	SP	89511146
1RB0LD_1LC1RA_1LD1LC_0RB1LD	SP	67108673
1RB0LD_1LC1RA_1LD1LC_0RD1LA	DN	99580099
1RB0LD_1LC1RA_1LD1LC_1LA1LA	SP	89412972
1RB0LD_1LC1RA_1LD1LC_1RA1LA	SP	64611738
1RB0LD_1LC1RA_1LD1LC_1RD1LA	SP	89412983
1RB0LD_1LC1RA_1LD1RC_0RA1LD	SP	50331541
1RB0LD_1LC1RA_1LD1RC_0RB1LD	SP	67108736
1RB0LD_1LC1RA_1LD1RC_0RC1LA	QH	1
1RB0LD_1LC1RA_1RA0LD_0RB1LD	QH	5
1RB0LD_1LC1RA_1RA1LA_0RB1LD	SP	67107136
1RB0LD_1LC1RA_1RA1LB_0RB1LD	QH	4
1RB0LD_1LC1RA_1RA1LC_0RA1LA	DN	99356323
1RB0LD_1LC1RA_1RA1LC_0RB1LA	SP	89494790
1RB0LD_1LC1RA_1RA1LC_0RB1LD	SP	67108631
1RB0LD_1LC1RA_1RA1LC_0RD1LA	DN	99577435
1RB0LD_1LC1RA_1RA1LC_1LA1LA	SP	89445745
1RB0LD_1LC1RA_1RA1LC_1LB1LA	SP	32311282
1RB0LD_1LC1RA_1RA1LC_1RA1LA	SP	80933062
1RB0LD_1LC1RA_1RA1LC_1RD1LA	SP	89478409
1RB0LD_1LC1RA_1RB0LD_0RB1LD	QH	5
1RB0LD_1LC1RA_1RB1LB_0RA1LD	QH	4
1RB0LD_1LC1RA_1RB1LB_0RB1LD	QH	4
1RB0LD_1LC1RA_1RB1LC_0RA1LA	DN	99528705
1RB0LD_1LC1RA_1RB1LC_0RA1LD	SP	50331394
1RB0LD_1LC1RA_1RB1LC_0RC1LA	DN	99528705
1RB0LD_1LC1RA_1RB1LC_0RD1LA	DN	99808017
1RB0LD_1LC1RA_1RB1LC_1LA1LA	SP	89478445
1RB0LD_1LC1RA_1RB1LC_1LC1LA	SP	89478445
1RB0LD_1LC1RA_1RB1LC_1RA1LA	SP	52572745
1RB0LD_1LC1RA_1RB1LC_1RC1LA	SP	52572745
1RB0LD_1LC1RA_1RB1LC_1RD1LA	SP	89511157
1RB0LD_1LC1RA_1RC0LD_0RB1LD	QH	5
1RB0LD_1LC1RA_1RC1LB_0RB1LD	QH	4
1RB0LD_1LC1RA_1RD0LD_0RB1LD	QH	5
1RB0LD_1LC1RA_1RD0LD_1LA0RC	SP	89429387
1RB0LD_1LC1RA_1RD0RA_0RB1LD	SP	67108909
1RB0LD_1LC1RA_1RD0RA_1LA0RC	SP	89494878
1RB0LD_1LC1RA_1RD1LA_0RB1LD	SP	67107216
1RB0LD_1LC1RA_1RD1LB_0LC0RD	QH	0
1RB0LD_1LC1RA_1RD1LB_0RA1LD	QH	4
1RB0LD_1LC1RA_1RD1LB_0RB1LD	QH	4
1RB0LD_1LC1RA_1RD1LC_0RA1LA	DN	99530817
1RB0LD_1LC1RA_1RD1LC_0RA1LD	SP	50331520
1RB0LD_1LC1RA_1RD1LC_0RB1LD	SP	67108715
1RB0LD_1LC1RA_1RD1LC_0RD1LA	DN	99811185
1RB0LD_1LC1RA_1RD1LC_1LA0RC	SP	89461845
1RB0LD_1LC1RA_1RD1LC_1LA1LA	SP	50307062
1RB0LD_1LC1RA_1RD1LC_1RA1LA	SP	88245049
1RB0LD_1LC1RA_1RD1LC_1RC1LA	SP	50331582
1RB0LD_1LC1RA_1RD1LC_1RD1LA	SP	50331582
1RB0LD_1LC1RA_1RD1LD_1LA0RC	SP	33448349
1RB0LD_1LC1RA_1RD1RA_1LA0RC	SP	89462111
1RB0LD_1LC1RA_1RD1RC_0RB1LD	SP	89478438
1RB0LD_1LC1RA_1RD1RC_1LA0RC	SP	89364029
1RB0LD_1LC1RA_1RD1RD_1LA0RC	SP	50270335
1RB0LD_1LC1RB_---1LA_0RB1LD	DN	99813310
1RB0LD_1LC1RB_---1LA_1RB1LD	SP	89478471
1RB0LD_1LC1RB_---1LD_1RA1LA	DN	99999991
1RB0LD_1LC1RB_---1LD_1RB1LA	DN	99999989
1RB0LD_1LC1RB_0LA1LA_0RC1LD	SP	89511179
1RB0LD_1LC1RB_0LD1LA_1RD0RB	SP	44714704
1RB0LD_1LC1RB_0RB1LA_0LC1LD	SP	89543895
1RB0LD_1LC1RB_0RB1LA_0RC0LC	DN	99999965
1RB0LD_1LC1RB_0RB1LA_0RC1LD	SP	89609649
1RB0LD_1LC1RB_0RB1LA_0RD0LC	DN	99999957
1RB0LD_1LC1RB_0RB1LA_1LC1LD	SP	89511183
1RB0LD_1LC1RB_0RB1LD_0RA0LC	DN	92274489
1RB0LD_1LC1RB_0RC1LA_0RC1LD	SP	89576790
1RB0LD_1LC1RB_0RD1LA_0RC1LD	SP	89576814
1RB0LD_1LC1RB_1LA0RA_0RB1LD	DN	99811191
1RB0LD_1LC1RB_1LA1LA_0RC1LD	SP	50380727
1RB0LD_1LC1RB_1LD1LA_0RC1LD	SP	50380749
1RB0LD_1LC1RB_1LD1RC_0RC1LA	SP	50331410
1RB0LD_1LC1RB_1RB1LA_0RC1LD	SP	89576766
1RB0LD_1LC1RB_1RC1LA_1RD0RB	SP	67043446
1RB0LD_1LC1RB_1RD1LA_0RC1LD	SP	50380771
1RB0LD_1LC1RC_0RA1LA_1RC1LD	SP	44821033
1RB0LD_1LC1RC_0RB1LD_0LC1LA	SP	67108763
1RB0LD_1LC1RC_0RC1LD_1LA0LA	QH	1
1RB0LD_1LC1RC_1LA0RC_---0LA	DN	99999992
1RB0LD_1LC1RC_1LA1RC_0RA1LD	DN	99799211
1RB0LD_1LC1RC_1LA1RC_0RB1LD	DN	99847692
1RB0LD_1LC1RC_1LA1RC_0RC1LD	QH	1
1RB0LD_1LC1RC_1LD1RC_0RC1LA	QH	1
1RB0LD_1LC1RC_1RA0LD_0RA1LD	SP	29826181
1RB0LD_1LC1RC_1RA0LD_0RB1LD	SP	74565442
1RB0LD_1LC1RC_1RA0LD_0RC1LD	SP	52195812
1RB0LD_1LC1RC_1RA1LD_0RA0LD	DN	99999988
1RB0LD_1LC1RC_1RD1RA_0RB1LD	SP	50331528
1RB0LD_1LC1RD_0RA0LC_1LB0RD	DN	99999989
1RB0LD_1LC1RD_0RA1RD_1LB0RD	QH	0
1RB0LD_1LC1RD_0RB1LC_1RA0LC	SP	57395585
1RB0LD_1LC1RD_0RD0LC_1LC1RA	QH	7
1RB0LD_1LC1RD_0RD1LC_1RA0LC	SP	43046682
1RB0LD_1LC1RD_1LA0LB_0RB1LC	SP	15063193
1RB0LD_1LC1RD_1LA0LC_0RD1LC	QH	1
1RB0LD_1LC1RD_1LA0RC_0LA1LC	DN	92274246
1RB0LD_1LC1RD_1LA1RC_0RC1LD	QH	1
1RB0LD_1RC---_1LA0RB_0LA0RD	DN	99999988
1RB0LD_1RC---_1LA0RB_0LA1RB	QH	0
1RB0LD_1RC---_1LA1RA_0RA0LD	DN	99999988
1RB0LD_1RC---_1LA1RA_0RB0LD	DN	99999985
1RB0LD_1RC---_1LA1RB_0RA0LD	DN	99999989
1RB0LD_1RC---_1LD1RA_0RB0LD	QH	12
1RB0LD_1RC---_1LD1RB_0RA0LA	DN	99999989
1RB0LD_1RC---_1LD1RB_0RC0LA	QH	0
1RB0LD_1RC0LA_1LA0RA_1LB1LC	SP	53970927
1RB0LD_1RC0LA_1LA1RA_0RA1LD	SP	86093423
1RB0LD_1RC0LA_1LA1RA_0RC1LD	SP	38263745
1RB0LD_1RC0LA_1LA1RB_0RA1LD	DN	99999980
1RB0LD_1RC0LA_1LB1RA_0RA1LD	SP	43046765
1RB0LD_1RC0LA_1LB1RA_0RC1LD	SP	57395691
1RB0LD_1RC0LA_1LB1RB_0RA1LD	DN	99999956
1RB0LD_1RC0LA_1LB1RC_1RD0RC	SP	46407497
1RB0LD_1RC0LA_1LD0RB_1LB1LD	DN	99982435
1RB0LD_1RC0LA_1LD1RA_0RA1LD	SP	43046672
1RB0LD_1RC0LA_1LD1RA_0RC1LD	SP	57395593
1RB0LD_1RC0LA_1LD1RB_0RA1LD	DN	99999986
1RB0LD_1RC0LA_1LD1RB_0RB0LD	QH	0
1RB0LD_1RC0LA_1LD1RB_0RC1LA	QH	0
1RB0LD_1RC0LA_1RD0RA_1LB0RB	DN	99999980
1RB0LD_1RC0LA_1RD1RA_1LB0RB	SP	52382801
1RB0LD_1RC0LC_1LA0RA_0LA1LC	DN	99999954
1RB0LD_1RC0LC_1LA0RA_1LA1LC	DN	99999984
1RB0LD_1RC0LC_1LA0RA_1LA1LD	SP	83885952
1RB0LD_1RC0LC_1LA0RA_1LC1LC	DN	99999982
1RB0LD_1RC0LC_1LC0RA_1LA1LD	SP	83886450
1RB0LD_1RC0LC_1RD1RA_1LA0RC	SP	89380335
1RB0LD_1RC0LD_1LA1RA_0RA1LD	SP	52195802
1RB0LD_1RC0LD_1LA1RA_0RB1LD	SP	29826197
1RB0LD_1RC0LD_1LA1RA_0RC1LD	SP	74565439
1RB0LD_1RC0LD_1LA1RB_0RB1LD	QH	0
1RB0LD_1RC0LD_1LA1RB_0RC1LD	QH	0
1RB0LD_1RC0LD_1LB1RA_0RA1LD	SP	52195802
1RB0LD_1RC0LD_1LB1RA_0RB1LD	SP	29826197
1RB0LD_1RC0LD_1LB1RA_0RC1LD	SP	74565439
1RB0LD_1RC0LD_1LD1RA_0RA1LD	SP	26097869
1RB0LD_1RC0LD_1LD1RA_0RB1LD	SP	59652311
1RB0LD_1RC0LD_1LD1RA_0RC1LD	SP	37282698
1RB0LD_1RC0RA_0LA0RB_1LA1LB	DN	99358652
1RB0LD_1RC0RA_0LA0RC_1LB1LD	DN	99999982
1RB0LD_1RC0RA_0LC1LA_0LB1LC	DN	99999985
1RB0LD_1RC0RA_1LA0LC_1LC1RC	DN	99962561
1RB0LD_1RC0RA_1LA0RA_0LA1LD	DN	99979662
1RB0LD_1RC0RA_1LA0RA_1LA0LC	DN	99976030
1RB0LD_1RC0RA_1LA0RA_1LA1LC	DN	99969721
1RB0LD_1RC0RA_1LA0RA_1LA1LD	SP	33554371
1RB0LD_1RC0RA_1LA0RB_1LA1LB	SP	89380306
1RB0LD_1RC0RA_1LA0RC_1LA0LD	DN	99976721
1RB0LD_1RC0RA_1LA0RD_1LA0LD	DN	99969768
1RB0LD_1RC0RA_1LA0RD_1LA1LC	DN	99988539
1RB0LD_1RC0RA_1LA1LC_0RC0LB	DN	99991021
1RB0LD_1RC0RA_1LA1LC_1RA0LB	DN	99981635
1RB0LD_1RC0RA_1LA1RA_1LA0LD	DN	99969733
1RB0LD_1RC0RA_1LA1RA_1LA1LC	DN	99927290
1RB0LD_1RC0RA_1LA1RB_0LA1LD	DN	99956250
1RB0LD_1RC0RA_1LA1RB_0LC1LB	SP	31329210
1RB0LD_1RC0RA_1LA1RB_1LA0LD	DN	99955616
1RB0LD_1RC0RA_1LA1RC_1LA0LD	DN	99998055
1RB0LD_1RC0RA_1LC1LD_1LA0LB	SP	34901444
1RB0LD_1RC0RA_1LD0LA_1LA1LC	DN	99999972
1RB0LD_1RC0RA_1LD0LB_1LA1LC	SP	50270264
1RB0LD_1RC0RA_1LD0LC_1LA1LC	SP	89478493
1RB0LD_1RC0RA_1LD0RA_1LA0LD	DN	99976030
1RB0LD_1RC0RA_1LD0RB_1LB0LC	SP	89511204
1RB0LD_1RC0RA_1LD0RD_1LA0LD	DN	99969768
1RB0LD_1RC0RA_1LD1LA_1LA1LC	SP	50233700
1RB0LD_1RC0RA_1LD1LC_1LA0LA	SP	89396554
1RB0LD_1RC0RA_1LD1LC_1LA1LC	SP	34870831
1RB0LD_1RC0RA_1LD1LC_1LA1RC	SP	34880981
1RB0LD_1RC0RA_1LD1RA_1LA0LA	DN	99999960
1RB0LD_1RC0RA_1LD1RA_1LA0LD	DN	99969733
1RB0LD_1RC0RA_1LD1RA_1LA1LC	SP	89347710
1RB0LD_1RC0RA_1LD1RB_1LA0LA	DN	99955616
1RB0LD_1RC0RA_1LD1RB_1LA0LD	DN	99955616
1RB0LD_1RC0RA_1LD1RC_1LA0LD	DN	99998055
1RB0LD_1RC0RB_0LA0RC_1LA1LD	DN	99999975
1RB0LD_1RC0RB_0LA0RD_1LA1LC	DN	99999983
1RB0LD_1RC0RB_0LA0RD_1LA1RD	DN	99982929
1RB0LD_1RC0RB_0LA0RD_1LD1LB	QH	0
1RB0LD_1RC0RB_0LA1RA_1LC0RD	DN	99999954
1RB0LD_1RC0RB_0LA1RB_1LA1LC	SP	83885978
1RB0LD_1RC0RB_0LA1RB_1LA1LD	DN	99999988
1RB0LD_1RC0RB_0LA1RB_1LA1RD	DN	99998397
1RB0LD_1RC0RB_1LA0LA_1LD0RC	DN	99999989
1RB0LD_1RC0RB_1LA0LB_0LD0RC	DN	99999989
1RB0LD_1RC0RB_1LA0LB_0LD1RB	QH	0
1RB0LD_1RC0RB_1LA0RC_1LA0LD	DN	99974992
1RB0LD_1RC0RB_1LA0RC_1RC1LD	DN	99989980
1RB0LD_1RC0RB_1LA0RD_1LA0LD	DN	99992616
1RB0LD_1RC0RB_1LA1LB_0LD0RC	DN	99999983
1RB0LD_1RC0RB_1LA1LB_0LD1RB	QH	0
1RB0LD_1RC0RB_1LA1RA_1LD1LA	DN	99999942
1RB0LD_1RC0RB_1LA1RB_1LC0LC	DN	99999991
1RB0LD_1RC0RB_1LA1RB_1LC0LD	QH	18
1RB0LD_1RC0RB_1LD0RA_1LA0LC	DN	99987371
1RB0LD_1RC0RB_1LD0RD_1LA0LD	DN	99992616
1RB0LD_1RC0RB_1RD1LB_1LA0LD	DN	99999983
1RB0LD_1RC0RB_1RD1RB_1LA0RC	SP	34952506
1RB0LD_1RC0RC_0LA0RA_1RA1LA	DN	99999974
1RB0LD_1RC0RC_0LA0RB_1LA1LD	DN	99999984
1RB0LD_1RC0RC_0LA0RB_1LA1RD	DN	99999272
1RB0LD_1RC0RC_1LA1RB_0LC0LD	DN	99968128
1RB0LD_1RC0RC_1LA1RC_1RB1LD	QH	8
1RB0LD_1RC0RC_1LC1LA_1RB1LD	SP	24583088
1RB0LD_1RC0RC_1LD1RB_0LB1LA	DN	99949770
1RB0LD_1RC0RC_1LD1RC_1RB1LA	DN	99985645
1RB0LD_1RC0RD_1LA0RA_0LA1LD	DN	99919514
1RB0LD_1RC0RD_1LA1LC_0LA1LA	SP	25131061
1RB0LD_1RC0RD_1LA1LC_1LA1RB	DN	99989955
1RB0LD_1RC1LA_0LA0RA_1RB1LD	DN	99964800
1RB0LD_1RC1LA_0LA0RC_0RC1LB	SP	67108557
1RB0LD_1RC1LA_0LA0RC_1LB1LB	SP	67108786
1RB0LD_1RC1LA_0LA0RC_1LB1LD	DN	99999990
1RB0LD_1RC1LA_0LA0RC_1LC1LB	SP	67108786
1RB0LD_1RC1LA_0LA0RC_1RA1LB	SP	67108870
1RB0LD_1RC1LA_0LA0RC_1RB1LB	SP	67108517
1RB0LD_1RC1LA_0LA1RB_1LB0RB	DN	99999970
1RB0LD_1RC1LA_1LB1RC_0RC1LD	QH	0
1RB0LD_1RC1LA_1LD0RC_1RB1LB	SP	89560071
1RB0LD_1RC1LA_1LD1RC_0RB1LB	SP	58720167
1RB0LD_1RC1LA_1LD1RC_0RC1LA	QH	1
1RB0LD_1RC1LA_1LD1RC_0RC1LB	SP	67108726
1RB0LD_1RC1LA_1LD1RC_0RD1LB	SP	67108731
1RB0LD_1RC1LB_1LA1RD_0LB0RC	QH	3
1RB0LD_1RC1LB_1RD0RC_1LA0LA	DN	99999989
1RB0LD_1RC1LB_1RD0RC_1LA0LD	DN	99999978
1RB0LD_1RC1LB_1RD0RC_1LA0RC	DN	99983880
1RB0LD_1RC1LB_1RD0RC_1LA1LA	DN	99999990
1RB0LD_1RC1LC_1LA0RA_1RD0LC	DN	99940814
1RB0LD_1RC1LC_1LA1RA_0RA1LD	SP	59652326
1RB0LD_1RC1LC_1LA1RA_0RC1LD	SP	82021965
1RB0LD_1RC1LC_1LA1RC_0RA1LD	DN	99791233
1RB0LD_1RC1LC_1LA1RC_0RC1LD	QH	1
1RB0LD_1RC1LC_1LB1RA_0RA1LD	SP	59652350
1RB0LD_1RC1LC_1LB1RA_0RC1LD	SP	82021991
1RB0LD_1RC1LC_1LD1RA_0RA1LD	SP	29826131
1RB0LD_1RC1LC_1LD1RA_0RC1LD	SP	41010962
1RB0LD_1RC1LC_1LD1RC_0RC1LA	QH	1
1RB0LD_1RC1LD_0LA0RC_0RA1LB	DN	99999976
1RB0LD_1RC1LD_0LA0RC_0RD1LB	DN	99999988
1RB0LD_1RC1LD_0LA0RC_1RA1LB	DN	99999989
1RB0LD_1RC1LD_0LA0RC_1RC1LB	DN	99999992
1RB0LD_1RC1LD_0LD0RC_1LB0LA	QH	0
1RB0LD_1RC1LD_0LD0RC_1LB1LA	QH	0
1RB0LD_1RC1LD_1LA0RD_1RA1LB	DN	99810094
1RB0LD_1RC1LD_1LA1RC_0RC1LD	QH	1
1RB0LD_1RC1LD_1RD0RC_1LB1LA	QH	0
1RB0LD_1RC1LD_1RD1RB_1LA0RC	SP	50282582
1RB0LD_1RC1RA_0LA0LD_0RA1LC	DN	99530291
1RB0LD_1RC1RA_0LA0LD_1LA1LC	SP	89478483
1RB0LD_1RC1RA_0LA0RB_1LA0RB	DN	99813306
1RB0LD_1RC1RA_0LA0RC_1LB1LD	DN	99999990
1RB0LD_1RC1RA_0LC1LA_0RA1LD	SP	50331689
1RB0LD_1RC1RA_0LC1LD_0RA1LD	SP	50331593
1RB0LD_1RC1RA_0LC1LD_0RB1LD	SP	67108816
1RB0LD_1RC1RA_0LD---_0RA1LD	SP	50331593
1RB0LD_1RC1RA_0LD---_0RB1LD	SP	67108816
1RB0LD_1RC1RA_1LA0LB_0RA1LD	SP	50331634
1RB0LD_1RC1RA_1LA0LB_0RB1LD	SP	67108839
1RB0LD_1RC1RA_1LA0LD_0RA1LC	DN	99805211
1RB0LD_1RC1RA_1LA0LD_0RA1LD	SP	50331500
1RB0LD_1RC1RA_1LA0LD_0RB1LD	SP	50331477
1RB0LD_1RC1RA_1LA0LD_1LA1LC	SP	89429363
1RB0LD_1RC1RA_1LA0RA_0LA1LD	DN	99996504
1RB0LD_1RC1RA_1LA0RA_0RC0LC	DN	99953790
1RB0LD_1RC1RA_1LA0RB_1LA0RB	SP	50294800
1RB0LD_1RC1RA_1LA0RB_1RC1LB	DN	99902333
1RB0LD_1RC1RA_1LA0RC_0RA1LD	SP	67108880
1RB0LD_1RC1RA_1LA0RC_0RB1LD	SP	44739259
1RB0LD_1RC1RA_1LA1LB_0RA1LD	SP	50331542
1RB0LD_1RC1RA_1LA1LB_0RB1LD	SP	50331515
1RB0LD_1RC1RA_1LA1LC_0RA1LD	SP	33554312
1RB0LD_1RC1RA_1LA1LD_0RA1LC	SP	25165705
1RB0LD_1RC1RA_1LA1LD_0RA1LD	SP	50331410
1RB0LD_1RC1RA_1LA1LD_0RB1LD	SP	50331373
1RB0LD_1RC1RA_1LA1RA_0RA1LD	SP	35951170
1RB0LD_1RC1RA_1LA1RA_0RB1LD	DN	95869799
1RB0LD_1RC1RA_1LA1RA_0RC1LD	DN	95869801
1RB0LD_1RC1RA_1LA1RB_0RA1LD	SP	50331592
1RB0LD_1RC1RA_1LA1RB_0RB1LD	SP	67108799
1RB0LD_1RC1RA_1LA1RC_0RA1LD	SP	83886047
1RB0LD_1RC1RA_1LA1RC_0RB1LD	SP	55924019
1RB0LD_1RC1RA_1LA1RD_1LA0LC	SP	33493125
1RB0LD_1RC1RA_1LB---_0RA1LD	SP	50331637
1RB0LD_1RC1RA_1LB---_0RB1LD	SP	67108862
1RB0LD_1RC1RA_1LB1LD_0RA1LC	SP	50331637
1RB0LD_1RC1RA_1LC0LD_0RA1LD	SP	50331500
1RB0LD_1RC1RA_1LC0LD_0RB1LD	SP	67108690
1RB0LD_1RC1RA_1LC0RA_1LA0LC	DN	99982571
1RB0LD_1RC1RA_1LC1LA_0RA1LD	SP	75497411
1RB0LD_1RC1RA_1LC1LB_0RA1LD	SP	50331584
1RB0LD_1RC1RA_1LC1LB_0RB1LD	SP	67108772
1RB0LD_1RC1RA_1LC1LD_0RA1LD	SP	50331499
1RB0LD_1RC1RA_1LC1LD_0RB1LD	SP	67108694
1RB0LD_1RC1RA_1LC1RA_0RA1LD	SP	50331637
1RB0LD_1RC1RA_1LC1RA_0RB1LD	SP	67108862
1RB0LD_1RC1RA_1LC1RD_0RA1LD	SP	50331541
1RB0LD_1RC1RA_1LC1RD_0RB1LD	SP	67108736
1RB0LD_1RC1RA_1LD---_0RA1LD	SP	50331499
1RB0LD_1RC1RA_1LD---_0RB1LD	SP	67108694
1RB0LD_1RC1RA_1LD0RA_1LB1LA	DN	99977364
1RB0LD_1RC1RA_1LD1RC_0RB1LA	SP	83887000
1RB0LD_1RC1RA_1LD1RC_0RC1LA	QH	1
1RB0LD_1RC1RA_1RD---_1LA0RC	SP	89364007
1RB0LD_1RC1RA_1RD0RB_1LA0LC	SP	44600471
1RB0LD_1RC1RA_1RD0RC_1LA0RB	SP	89364007
1RB0LD_1RC1RB_0LA0RA_1RA1LA	DN	99999988
1RB0LD_1RC1RB_0LA0RB_1LB1LA	QH	5
1RB0LD_1RC1RB_0LA0RC_1LB1LD	DN	99999978
1RB0LD_1RC1RB_0LD1LC_0RA1LA	SP	69877275
1RB0LD_1RC1RB_0LD1LC_0RD1LA	SP	69898808
1RB0LD_1RC1RB_0LD1LC_1RA1LA	SP	89527620
1RB0LD_1RC1RB_1LA0RA_0LA1LD	DN	99999636
1RB0LD_1RC1RB_1LA0RA_1LA1LD	SP	33595322
1RB0LD_1RC1RB_1LA0RB_0LA1LC	DN	99992537
1RB0LD_1RC1RB_1LA0RD_1RC1LA	DN	99994230
1RB0LD_1RC1RB_1LC0RA_1LA1LD	SP	75522021
1RB0LD_1RC1RB_1LD1LC_0LB1LA	SP	14365298
1RB0LD_1RC1RB_1LD1LC_0RA1LA	SP	69834073
1RB0LD_1RC1RB_1LD1LC_0RB1LA	SP	23371536
1RB0LD_1RC1RB_1LD1RC_0RB1LA	SP	83885875
1RB0LD_1RC1RB_1LD1RC_0RC1LA	SP	50331366
1RB0LD_1RC1RB_1RD0RA_1LA0RC	DN	99999985
1RB0LD_1RC1RB_1RD0RA_1LA1LD	SP	33611690
1RB0LD_1RC1RB_1RD0RC_1LA1LD	DN	99937648
1RB0LD_1RC1RB_1RD0RD_1LA0RC	SP	89380337
1RB0LD_1RC1RB_1RD1LB_1LA0RC	SP	68463880
1RB0LD_1RC1RB_1RD1RA_1LA0RC	SP	89364005
1RB0LD_1RC1RB_1RD1RB_1LA0RC	SP	68449638
1RB0LD_1RC1RC_1LA1RA_0RA1LD	SP	67108739
1RB0LD_1RC1RC_1LA1RA_0RB1LD	SP	50331538
1RB0LD_1RC1RC_1LA1RA_0RC1LD	SP	83885958
1RB0LD_1RC1RC_1LA1RC_0RA1LD	DN	99797881
1RB0LD_1RC1RC_1LA1RC_0RB1LD	QH	0
1RB0LD_1RC1RC_1LA1RC_0RC1LD	QH	1
1RB0LD_1RC1RC_1LD1RA_0RA1LD	SP	67108739
1RB0LD_1RC1RC_1LD1RA_0RB1LD	SP	50331534
1RB0LD_1RC1RC_1LD1RA_0RC1LD	SP	83885962
1RB0LD_1RC1RC_1LD1RC_0RC1LA	QH	1
1RB0LD_1RC1RC_1RD0RC_1LA0RB	DN	99940504
1RB0LD_1RC1RD_0LA0RB_0RC1LA	SP	83884944
1RB0LD_1RC1RD_0LA0RC_1LA0RB	SP	83886048
1RB0LD_1RC1RD_1LA0LC_0RD1LC	QH	1
1RB0LD_1RC1RD_1LA0RA_1RA0LC	SP	33517642
1RB0LD_1RC1RD_1LA0RA_1RD0LC	DN	99930130
1RB0LD_1RC1RD_1LA1LD_1LC0RB	DN	99944713
1RB0LD_1RC1RD_1LA1RC_0RC1LD	QH	1
1RB0LD_1RC1RD_1RD1RB_1LA0RC	SP	34911726
1RB0RA_0LA---_------_------	DN	99999997
1RB0RA_0LB0LC_1LD---_1RA1LC	DN	99999990
1RB0RA_0LB0LC_1RA1LD_1LC---	DN	99999988
1RB0RA_0LC---_1LD0LC_1RA1LC	DN	99999990
1RB0RA_0LC---_1LD0LD_1RA1LC	DN	99999988
1RB0RA_0LC0LB_0LD1LC_1RD1RA	DN	99999971
1RB0RA_0LC0RA_0LD1LC_1RA1LC	DN	99969957
1RB0RA_0LC0RA_0LD1LC_1RA1RB	DN	99951807
1RB0RA_0LC0RA_1LD1LB_1LA1LB	DN	99984975
1RB0RA_0LC0RA_1LD1LB_1LA1LC	DN	99953283
1RB0RA_0LC0RA_1LD1RC_1RA1LB	DN	99994754
1RB0RA_0LC0RA_1LD1RC_1RB1LB	DN	99994754
1RB0RA_0LC0RA_1RA1LD_0LC1LB	DN	99969986
1RB0RA_0LC0RA_1RA1LD_0LC1LC	DN	99989954
1RB0RA_0LC0RA_1RA1LD_0LC1LD	DN	99969952
1RB0RA_0LC0RA_1RA1LD_1LB0LA	DN	99945523
1RB0RA_0LC0RA_1RA1LD_1LB0LC	DN	99967745
1RB0RA_0LC0RA_1RA1LD_1LB0LD	DN	99972201
1RB0RA_0LC0RA_1RC1RD_1LD0LB	SP	48470128
1RB0RA_0LC0RB_1RA0LD_1LC1LD	DN	99999980
1RB0RA_0LC0RB_1RD0LD_1RA1LC	DN	99999989
1RB0RA_0LC0RC_1LC0LD_1RA1LA	DN	99999977
1RB0RA_0LC0RD_1LD1LB_1RA0LB	DN	99989660
1RB0RA_0LC0RD_1RA0LD_1LC1LB	DN	99999979
1RB0RA_0LC0RD_1RA0LD_1LC1RD	DN	99982933
1RB0RA_0LC1LA_1RA0LD_1LC---	DN	99999981
1RB0RA_0LC1LD_1LA0LD_1LB1RA	DN	99999985
1RB0RA_0LC1LD_1RA1LB_1LB1RA	DN	99968067
1RB0RA_0LC1LD_1RA1LB_1LC1RA	DN	99955283
1RB0RA_0LC1LD_1RA1LD_1LB1RA	DN	99998208
1RB0RA_0LC1LD_1RC1LD_1LB1RA	DN	99998209
1RB0RA_0LC1RA_0LD1LC_1LA0LB	DN	99999803
1RB0RA_0LC1RA_0LD1LC_1LA1LC	DN	99971642
1RB0RA_0LC1RA_0LD1LC_1LA1RB	DN	99987985
1RB0RA_0LC1RA_0LD1LC_1RA0LA	DN	99983882
1RB0RA_0LC1RA_0LD1LC_1RA0LB	DN	99981487
1RB0RA_0LC1RA_0LD1LC_1RA1LC	DN	99985564
1RB0RA_0LC1RA_1LA0LD_1LB1LD	DN	99999968
1RB0RA_0LC1RA_1LA0LD_1LC1LB	SP	47934867
1RB0RA_0LC1RA_1LA0LD_1LC1LD	DN	99999988
1RB0RA_0LC1RA_1LA1LD_1LB1LD	DN	99983805
1RB0RA_0LC1RA_1LD1LC_0RB0LD	DN	99983805
1RB0RA_0LC1RA_1RA0LD_1LC1LB	SP	83886028
1RB0RA_0LC1RA_1RA0LD_1LC1LD	DN	99999984
1RB0RA_0LC1RA_1RA1LD_1LB1LD	DN	99983840
1RB0RA_0LC1RA_1RB0LD_1LC1LB	SP	83885932
1RB0RA_0LC1RA_1RD0LD_1LC1LB	SP	83886074
1RB0RA_0LC1RC_1RA0LD_1LB0RD	DN	99999952
1RB0RA_0LC1RD_0LD0LD_1RA1LC	SP	50333592
1RB0RA_0LC1RD_1RB0LD_1RA1LC	SP	88079271
1RB0RA_0LC1RD_1RD0LD_1RA1LC	SP	50334096
1RB0RA_0RC0LA_1LD0RB_0LD1LA	DN	99999990
1RB0RA_0RC0LA_1LD0RC_0LD1LA	DN	99999990
1RB0RA_0RC0LD_1LD1RA_1LB0LD	DN	99993878
1RB0RA_0RC0LD_1LD1RC_0LA1LB	SP	67109024
1RB0RA_0RC0RB_1LC0LD_1RA1LD	DN	99955636
1RB0RA_0RC1LD_1LB1RC_0LA0LB	SP	50331673
1RB0RA_0RC1LD_1LC0LA_0LC0RD	DN	99521316
1RB0RA_0RC1LD_1LC0LA_0RC0RD	SP	89593068
1RB0RA_0RC1RC_1LD1RB_0LA0LB	DN	99995623
1RB0RA_0RC1RC_1LD1RB_0LA1LD	SP	44763823
1RB0RA_1LA---_------_------	ED	-1
1RB0RA_1LB1RC_1RA1LD_1LC0LD	DN	99999987
1RB0RA_1LC0LB_1LD1RC_1RA1LB	DN	99999977
1RB0RA_1LC0LD_1LD1RC_0RA0LB	DN	99999987
1RB0RA_1LC0LD_1RC0LB_1RD0RA	DN	99980001
1RB0RA_1LC0RA_0LD0LB_1RD1RB	DN	99988585
1RB0RA_1LC0RA_1LD0LB_1RA0LA	DN	99969757
1RB0RA_1LC0RA_1LD0LB_1RA0LB	DN	99980504
1RB0RA_1LC0RA_1LD0LB_1RA1LB	DN	99997998
1RB0RA_1LC0RA_1LD0LB_1RA1LC	DN	99983887
1RB0RA_1LC0RA_1LD0LB_1RA1LD	DN	99969770
1RB0RA_1LC0RA_1LD0LB_1RB0LA	DN	99969757
1RB0RA_1LC0RA_1LD0LB_1RB0LB	DN	99980504
1RB0RA_1LC0RA_1LD0LB_1RB0LD	DN	99976702
1RB0RA_1LC0RA_1LD0LB_1RB1LB	DN	99997998
1RB0RA_1LC0RA_1LD0LB_1RB1LC	DN	99983887
1RB0RA_1LC0RA_1LD0LB_1RB1LD	DN	99969770
1RB0RA_1LC0RA_1LD0LC_1RA0LA	DN	99976281
1RB0RA_1LC0RA_1LD0LC_1RB0LA	DN	99976281
1RB0RA_1LC0RA_1LD0LC_1RB0LD	DN	99984993
1RB0RA_1LC0RA_1RD0LB_0LA1RC	SP	89462084
1RB0RA_1LC0RA_1RD0LB_1RA1LD	DN	99983902
1RB0RA_1LC0RA_1RD0LB_1RB1LD	DN	99983902
1RB0RA_1LC0RB_0LC0LD_1RA1LD	DN	99999987
1RB0RA_1LC0RB_0LC1LD_1RD0LA	DN	99999985
1RB0RA_1LC0RB_0LC1RD_1LA1LD	DN	99999983
1RB0RA_1LC0RB_1LC0LD_1RA1LD	DN	99969980
1RB0RA_1LC0RB_1RA0LD_1LC0LC	DN	99997129
1RB0RA_1LC0RB_1RA0LD_1LC0LD	DN	99994988
1RB0RA_1LC0RC_1LD0LB_0RA0LB	DN	99999976
1RB0RA_1LC0RC_1LD0LC_1RA0LC	DN	99992584
1RB0RA_1LC0RC_1RA1LD_0LC1LB	DN	99983922
1RB0RA_1LC0RD_0LD0LB_1RA1LD	DN	99999986
1RB0RA_1LC0RD_0LD1LB_1RA0LB	DN	99988692
1RB0RA_1LC0RD_1LA0LB_1RA1LA	DN	99979724
1RB0RA_1LC0RD_1LD0LB_0RA0LB	DN	99999975
1RB0RA_1LC0RD_1LD0LB_1RA0LC	DN	99987421
1RB0RA_1LC0RD_1RA0LB_1RA---	DN	99999993
1RB0RA_1LC0RD_1RA0LD_1LC0LD	DN	99992584
1RB0RA_1LC0RD_1RD0LB_1RA1RA	DN	99927456
1RB0RA_1LC0RD_1RD0LB_1RA1RC	SP	50245835
1RB0RA_1LC1LB_1RD0LB_1RA1RD	DN	99991828
1RB0RA_1LC1LD_0RD0LB_1LB1RA	DN	99988320
1RB0RA_1LC1LD_1RA0LB_0LC0RD	DN	99986459
1RB0RA_1LC1LD_1RC0LD_0LC1RA	QH	6
1RB0RA_1LC1RA_0LA0LD_0RA0LB	DN	99955856
1RB0RA_1LC1RA_0LA0LD_1RC0LB	DN	99940251
1RB0RA_1LC1RA_0LD0LC_1RD1LB	DN	99999983
1RB0RA_1LC1RA_0RC0LD_1RD0LB	DN	99999944
1RB0RA_1LC1RA_0RD0LD_1LB1RB	DN	99995591
1RB0RA_1LC1RA_1LA0LD_0LC1LD	DN	99976376
1RB0RA_1LC1RA_1LA0LD_1LC0LA	DN	99981589
1RB0RA_1LC1RA_1LD0LC_0RA---	DN	99999987
1RB0RA_1LC1RA_1LD0LC_1LA0RA	DN	99999982
1RB0RA_1LC1RA_1LD0LC_1LA1LB	DN	99999984
1RB0RA_1LC1RA_1LD0LC_1LA1LC	DN	99982559
1RB0RA_1LC1RA_1LD0LC_1LA1LD	DN	99999977
1RB0RA_1LC1RA_1LD0LC_1RA1LA	DN	99999982
1RB0RA_1LC1RA_1LD0LC_1RA1LB	DN	99999967
1RB0RA_1LC1RA_1LD0LC_1RD1LB	DN	99999987
1RB0RA_1LC1RA_1LD0LD_1RA1LC	DN	99955618
1RB0RA_1LC1RA_1RA0LD_1LB0LB	DN	99999988
1RB0RA_1LC1RA_1RA0LD_1LB0LC	QH	20
1RB0RA_1LC1RA_1RA0LD_1LB0LD	QH	20
1RB0RA_1LC1RB_0RA0LD_1LB0LB	DN	99999987
1RB0RA_1LC1RB_0RA0LD_1LB0LC	DN	99999986
1RB0RA_1LC1RB_1LD0LB_1RA1LB	DN	99997998
1RB0RA_1LC1RB_1LD0LB_1RA1LC	DN	99983887
1RB0RA_1LC1RB_1LD0LB_1RA1LD	DN	99969770
1RB0RA_1LC1RB_1LD0LC_1RA1LB	DN	99999989
1RB0RA_1LC1RC_1LD0LC_1RA1LC	DN	99999971
1RB0RA_1LC1RD_0RD0LB_1LC1RA	DN	99999725
1RB0RA_1LC1RD_1LA0LB_0LA0RC	SP	52357261
1RB0RA_1LC1RD_1LD0LC_1RA1LB	DN	99999976
1RB0RA_1LC1RD_1LD0LC_1RA1LC	DN	99999969
1RB0RA_1LC1RD_1LD0LC_1RA1LD	DN	99999977
1RB0RA_1LC1RD_1RD0LB_0LA1RC	SP	33529845
1RB0RA_1RC0LC_1LD0LC_1RA1LC	DN	99999987
1RB0RA_1RC0RC_1LD0RC_0LD0LA	DN	99999979
1RB0RA_1RC0RD_1LD1LC_1RA0LC	DN	99987994
1RB0RA_1RC1LB_1LD1RA_1LA0LD	DN	99999982
1RB0RA_1RC1LC_1LD0RC_1RA0LB	DN	99999978
1RB0RA_1RC1LD_1LD0RA_1LB0LD	QH	13
1RB0RA_1RC1RA_1LD0LC_1RA1LC	DN	99982548
1RB0RA_1RC1RA_1LD0RB_0RA0LC	SP	89478466
1RB0RA_1RC1RA_1LD0RB_1LA0LC	SP	89478488
1RB0RA_1RC1RA_1LD0RB_1RA0LC	SP	89478466
1RB0RA_1RC1RB_1LD0LC_1RA1LC	DN	99999987
1RB0RA_1RC1RD_1LD0LC_1RA1LC	DN	99999969
1RB0RB_0LA---_------_------	DN	99999996
1RB0RB_0LB0RC_0LD1RA_1RC1LD	DN	99999980
1RB0RB_0LB1RC_0LD1RA_1RB1LD	SP	88079953
1RB0RB_0LB1RC_1LD0RC_0LB1LA	DN	99999985
1RB0RB_0LB1RC_1LD0RC_0LD1LA	QH	1
1RB0RB_0LB1RC_1LD0RC_1LB1LA	DN	99999979
1RB0RB_0LC0LA_1LA1RD_1LC0RD	DN	99999991
1RB0RB_0LC0LD_0RC1LD_1LA1RC	QH	1
1RB0RB_0LC0LD_1LC1LD_1RA0RA	DN	99999990
1RB0RB_0LC0RA_1LC0LD_1RA1LD	DN	99999991
1RB0RB_0LC0RA_1LD1RC_1RA1LC	QH	0
1RB0RB_0LC0RA_1RA0LD_1LC1LD	DN	99999987
1RB0RB_0LC0RA_1RA0LD_1LC1RD	DN	99999518
1RB0RB_0LC0RA_1RA1LD_0LC1LC	DN	99989954
1RB0RB_0LC0RA_1RB1LD_1LC---	QH	0
1RB0RB_0LC0RA_1RB1LD_1RA1LC	QH	0
1RB0RB_0LC0RB_1LD1RC_1RA1LC	QH	0
1RB0RB_0LC0RC_1RA0LD_1RC1LC	DN	99999970
1RB0RB_0LC0RD_0LD1LC_1RD1RA	DN	99999983
1RB0RB_0LC0RD_1RA1LC_1LB0LC	DN	99998262
1RB0RB_0LC0RD_1RA1LC_1LD0LC	DN	99997189
1RB0RB_0LC0RD_1RB1LC_0LA1RD	DN	99796550
1RB0RB_0LC1LD_0RC1LA_1RA0LD	DN	99999980
1RB0RB_0LC1RA_0LB1LD_1LA1LC	SP	67108763
1RB0RB_0LC1RA_0LB1LD_1RB1LC	SP	67108653
1RB0RB_0LC1RA_0LD1LB_1RA1LC	SP	67108721
1RB0RB_0LC1RA_0LD1LC_0RA1RA	SP	67108698
1RB0RB_0LC1RA_0LD1LC_1LA1RA	SP	89478448
1RB0RB_0LC1RA_0RA1LD_1LB0LD	DN	99999986
1RB0RB_0LC1RA_1LC0LD_1RA1LD	DN	99999986
1RB0RB_0LC1RA_1LD1LC_0RA0LD	DN	99999987
1RB0RB_0LC1RA_1LD1LC_0RB1LB	DN	99893943
1RB0RB_0LC1RA_1LD1LC_1LA1LB	DN	99997256
1RB0RB_0LC1RA_1LD1LC_1RB1LB	DN	99888711
1RB0RB_0LC1RA_1LD1LC_1RB1LD	SP	83885921
1RB0RB_0LC1RA_1LD1LC_1RB1RD	SP	23371552
1RB0RB_0LC1RA_1RB1LC_------	SP	50331575
1RB0RB_0LC1RA_1RB1LD_1LC0RA	QH	0
1RB0RB_0LC1RB_0LD1LC_1RD0RA	DN	99669485
1RB0RB_0LC1RB_1LA1LD_1LC1RA	SP	43046647
1RB0RB_0LC1RB_1LB1LD_1RA1LD	QH	0
1RB0RB_0LC1RB_1LC1LD_1LA0RA	SP	67108763
1RB0RB_0LC1RB_1LC1LD_1RA1LD	QH	0
1RB0RB_0LC1RB_1LD0RB_1RA1LC	QH	0
1RB0RB_0LC1RB_1LD1LD_1RA1LD	QH	0
1RB0RB_0LC1RB_1RA1LC_------	DN	99314320
1RB0RB_0LC1RB_1RA1LD_0RD1LC	DN	99491140
1RB0RB_0LC1RB_1RA1LD_1LC0RB	QH	0
1RB0RB_0LC1RB_1RA1LD_1RA1LC	DN	99314320
1RB0RB_0LC1RB_1RA1LD_1RA1LD	DN	99314319
1RB0RB_0LC1RB_1RB1LD_1RA1LD	QH	0
1RB0RB_0LC1RB_1RD1LC_---1RA	DN	99814370
1RB0RB_0LC1RB_1RD1LC_1RA0LA	DN	99812249
1RB0RB_0LC1RB_1RD1LD_1RA1LD	DN	99538246
1RB0RB_0LC1RD_0LB1LA_1LB0RD	DN	99999983
1RB0RB_0LC1RD_0LB1LA_1LC0RD	DN	99999981
1RB0RB_0LC1RD_0LC1LA_1LB0RD	DN	99999985
1RB0RB_0LC1RD_0LC1LA_1LC0RD	QH	1
1RB0RB_0LC1RD_0LD1LC_1LA1RA	SP	83885896
1RB0RB_0LC1RD_0LD1LC_1RA0LB	DN	99999956
1RB0RB_0LC1RD_0LD1LC_1RA1RA	SP	83885888
1RB0RB_0LC1RD_0LD1LC_1RC1RA	SP	83885934
1RB0RB_0LC1RD_0LD1LC_1RD1RA	SP	83885845
1RB0RB_0LC1RD_1LB1LA_1LB0RD	DN	99999977
1RB0RB_0LC1RD_1LB1LA_1LC0RD	DN	99999990
1RB0RB_0LC1RD_1LC1LA_0LA0RD	DN	99999988
1RB0RB_0LC1RD_1LC1LA_0LA1RB	SP	78176229
1RB0RB_0LC1RD_1RA1LC_0LC1RB	DN	99314320
1RB0RB_0LC1RD_1RA1LC_0LC1RD	DN	99314320
1RB0RB_0LC1RD_1RA1LC_0LD1RB	DN	99490300
1RB0RB_0LC1RD_1RB1LC_0LA0RB	QH	0
1RB0RB_0LC1RD_1RB1LC_0LA1RA	DN	92274334
1RB0RB_0LC1RD_1RB1LC_0LC1RA	SP	75497126
1RB0RB_0LC1RD_1RB1LC_0LD1RA	SP	67108734
1RB0RB_0LC1RD_1RB1LC_0RB1RA	SP	67108734
1RB0RB_0LC1RD_1RB1LC_1LB1RA	SP	67108809
1RB0RB_0LC1RD_1RB1LC_1LC1RA	SP	67108646
1RB0RB_0LC1RD_1RB1LC_1LD1RA	SP	67108778
1RB0RB_0LC1RD_1RB1LC_1RA0LB	SP	83885934
1RB0RB_0LC1RD_1RB1LC_1RA1RA	SP	67108765
1RB0RB_0LC1RD_1RB1LC_1RB1RA	SP	67108690
1RB0RB_0LC1RD_1RB1LC_1RC1RA	QH	0
1RB0RB_0RC0LA_1LD1LA_0LD1RB	DN	99999990
1RB0RB_0RC0LA_1LD1LA_0LD1RC	DN	99999989
1RB0RB_0RC0LA_1LD1RC_0LD1RB	QH	0
1RB0RB_0RC0LB_1LD1RC_0LA1LB	DN	99999978
1RB0RB_0RC0LC_1LD0RB_1LD1RA	QH	0
1RB0RB_0RC0LD_0RD0RA_1LD1RB	QH	0
1RB0RB_0RC0LD_0RD0RA_1LD1RC	QH	0
1RB0RB_0RC0LD_0RD0RB_1LD1RA	QH	0
1RB0RB_0RC0LD_1LB1RC_0LA0LB	DN	99999980
1RB0RB_0RC0LD_1LB1RC_0LA1LB	DN	99999974
1RB0RB_0RC0LD_1LD0RB_1LD1RA	QH	0
1RB0RB_0RC0LD_1LD1RC_0LA1LB	DN	99999989
1RB0RB_0RC0RA_1LD1LC_0LD1RB	QH	0
1RB0RB_0RC0RD_1LC1RA_0RB0LC	QH	0
1RB0RB_0RC1LB_1LD1RC_1LA0LB	QH	4
1RB0RB_0RC1LD_1LB1RC_0LA0LB	DN	99999987
1RB0RB_0RC1LD_1LD1RC_0LA0LB	DN	99999988
1RB0RB_0RC1RB_0LD1RA_1RC1LD	SP	89511156
1RB0RB_0RC1RB_1LD0RB_0LD1LA	DN	99999983
1RB0RB_0RC1RB_1LD0RC_0LD1LA	DN	99999989
1RB0RB_0RC1RC_0LD1LA_1LD0LA	DN	99999987
1RB0RB_0RC1RC_1LD0RB_0LD1LA	DN	99999989
1RB0RB_0RC1RC_1LD0RC_0LD1LA	QH	1
1RB0RB_0RC1RD_0LC1LA_1LC0RD	QH	1
1RB0RB_1LA1LC_0LD0LC_1RD1RB	QH	0
1RB0RB_1LA1LC_1LB0RD_0LB1RD	QH	2
1RB0RB_1LA1LC_1LB0RD_0LC1RD	QH	2
1RB0RB_1LA1LC_1RD0LB_1LB0RD	DN	99999968
1RB0RB_1LA1LC_1RD0LC_0RD0LA	DN	99999986
1RB0RB_1LA1RC_0LD0RB_1RB1LD	QH	2
1RB0RB_1LA1RC_0LD1RA_1RB1LD	SP	83886074
1RB0RB_1LA1RC_0LD1RC_1RA1LD	DN	99314321
1RB0RB_1LA1RC_1LD0RC_0LD0LA	DN	99999986
1RB0RB_1LA1RC_1LD0RC_0LD1LA	QH	1
1RB0RB_1LA1RC_1LD1RB_1LA1LD	SP	25092314
1RB0RB_1LB0LC_1LA1RD_0RD0LA	DN	99999988
1RB0RB_1LB0LC_1LA1RD_0RD1LC	QH	1
1RB0RB_1LB0LC_1RD1LC_0RB0RA	DN	99810054
1RB0RB_1LB0LC_1RD1LC_1LC0RA	DN	95865236
1RB0RB_1LB0LC_1RD1LC_1RA0RA	DN	99991347
1RB0RB_1LB0LC_1RD1LD_1RA0RA	DN	99981583
1RB0RB_1LB1LC_0RD0LD_1RA1LD	SP	27484223
1RB0RB_1LB1LC_1RA0LD_1RA1LD	DN	92981731
1RB0RB_1LB1LC_1RA1RD_0LB0RD	QH	0
1RB0RB_1LB1LC_1RA1RD_0RB0RD	QH	0
1RB0RB_1LB1LC_1RA1RD_1LB0RD	QH	0
1RB0RB_1LB1RC_0LD1RC_1RA1LD	QH	0
1RB0RB_1LB1RC_1LA1LD_0RC0LD	QH	1
1RB0RB_1LB1RC_1LD0RC_0LD1LA	QH	1
1RB0RB_1LC0LA_0LC1RD_1LA0RD	DN	99999985
1RB0RB_1LC0LA_1RD0LC_0RD1LA	DN	99999988
1RB0RB_1LC0LC_1LA1RD_0RD0LA	DN	99999988
1RB0RB_1LC0LC_1RA1LD_0RA0LD	DN	99999990
1RB0RB_1LC0LD_0RB0LB_1RD0RA	DN	99999971
1RB0RB_1LC0LD_0RC1LD_1LA1RC	QH	1
1RB0RB_1LC0LD_0RD0LC_1LB1RA	SP	33513634
1RB0RB_1LC0LD_1RA1LB_0LB0LC	DN	99999981
1RB0RB_1LC0LD_1RA1LC_1RA0LB	SP	44747420
1RB0RB_1LC0LD_1RD0LB_0RA1RC	DN	99976776
1RB0RB_1LC0LD_1RD0LB_0RA1RD	SP	37844777
1RB0RB_1LC0RA_0LC0LD_1RD1RB	DN	99999952
1RB0RB_1LC0RA_0RD0LB_0RA1RD	DN	99999962
1RB0RB_1LC0RA_0RD0LB_1RA1RD	DN	99999979
1RB0RB_1LC0RA_1LD0LB_1RA1LB	DN	99999968
1RB0RB_1LC0RA_1LD0LB_1RA1LC	DN	99983887
1RB0RB_1LC0RA_1LD0LB_1RA1RD	SP	89396631
1RB0RB_1LC0RA_1LD0LC_1RB0LD	DN	99999983
1RB0RB_1LC0RA_1LD1RA_0LD1RB	QH	0
1RB0RB_1LC0RA_1RA0LD_0LB0RD	DN	99999964
1RB0RB_1LC0RA_1RA0LD_0LB1LC	DN	99999967
1RB0RB_1LC0RA_1RD0LB_0RA1RD	DN	99999975
1RB0RB_1LC0RA_1RD0LB_1RA1RD	SP	50258071
1RB0RB_1LC0RA_1RD0LD_0LB0RC	DN	99989119
1RB0RB_1LC0RB_0LC1LD_0RD1RA	DN	99999991
1RB0RB_1LC0RB_0LD1RA_0LD1RB	QH	0
1RB0RB_1LC0RB_0LD1RA_1LC1RB	QH	0
1RB0RB_1LC0RB_0LD1RA_1LC1RD	QH	0
1RB0RB_1LC0RB_0LD1RA_1LD1RB	QH	0
1RB0RB_1LC0RB_1LD1LA_0LC1RA	SP	67108835
1RB0RB_1LC0RB_1LD1RA_0LD1RB	QH	0
1RB0RB_1LC0RB_1LD1RB_0LC1RA	QH	0
1RB0RB_1LC0RB_1LD1RC_0LC1RA	QH	0
1RB0RB_1LC0RC_0LD0LD_1RA1LD	DN	99750100
1RB0RB_1LC0RC_1LB0LD_1RA1LD	DN	99367433
1RB0RB_1LC0RC_1LC0LD_1RA1LD	DN	98759320
1RB0RB_1LC0RC_1LD0LD_1RA1LD	DN	99682041
1RB0RB_1LC0RC_1RA0LD_0LB0LC	DN	99920407
1RB0RB_1LC0RD_1LA0LC_1RD0LA	DN	99999990
1RB0RB_1LC0RD_1LC1RA_0RB0LB	QH	0
1RB0RB_1LC0RD_1LC1RA_0RB0LC	QH	0
1RB0RB_1LC0RD_1RD0LB_0LA1RA	DN	99999953
1RB0RB_1LC1LD_0LA1RD_1RC0LB	SP	14396997
1RB0RB_1LC1LD_0LC0LD_0RA1RA	DN	99999989
1RB0RB_1LC1LD_0LC1RA_0LD0RA	DN	99999974
1RB0RB_1LC1LD_0LC1RB_0RA1RA	QH	0
1RB0RB_1LC1LD_1LA1RC_0RA0LD	DN	99999989
1RB0RB_1LC1LD_1LC0LD_1RA1LD	SP	69853956
1RB0RB_1LC1RA_0LA0LD_1RD1LB	DN	99970080
1RB0RB_1LC1RA_0LA1LD_0RA0LC	DN	99999972
1RB0RB_1LC1RA_0LA1LD_0RB1RD	SP	44763802
1RB0RB_1LC1RA_0LA1LD_1LA0LC	DN	99963446
1RB0RB_1LC1RA_0LA1LD_1RA0LC	DN	99949770
1RB0RB_1LC1RA_0LA1LD_1RB0LC	DN	99961233
1RB0RB_1LC1RA_0LC0LD_0RA0RD	DN	99999986
1RB0RB_1LC1RA_0LD0LC_1RD0RB	DN	99999961
1RB0RB_1LC1RA_0LD0LC_1RD1LB	DN	99983835
1RB0RB_1LC1RA_0LD0RD_1RD1LB	DN	99986210
1RB0RB_1LC1RA_0LD1LA_1RB0LC	DN	99999986
1RB0RB_1LC1RA_0LD1LC_1RD1LB	DN	99982434
1RB0RB_1LC1RA_0LD1LD_1RB0LC	DN	99989967
1RB0RB_1LC1RA_0RB0LC_------	QH	7
1RB0RB_1LC1RA_1LA0LD_0LB0LA	DN	99999944
1RB0RB_1LC1RA_1LA0LD_0LB0LC	DN	99999982
1RB0RB_1LC1RA_1LA0LD_0LC0LB	DN	99970798
1RB0RB_1LC1RA_1LB0LD_1RC0LC	QH	3
1RB0RB_1LC1RA_1LD0LC_0RA0LD	DN	99999989
1RB0RB_1LC1RA_1LD0LC_0RA1RD	QH	23
1RB0RB_1LC1RA_1LD0LC_1LA0RD	DN	99999979
1RB0RB_1LC1RA_1LD0LC_1RA1LA	QH	4
1RB0RB_1LC1RA_1LD0LC_1RA1LC	DN	99955605
1RB0RB_1LC1RA_1LD1RC_0RA0LC	SP	33554459
1RB0RB_1LC1RA_1RA0LD_0LB0LD	DN	99951807
1RB0RB_1LC1RA_1RD0LC_1LA0RD	SP	67108880
1RB0RB_1LC1RB_---0LD_1RA1LD	DN	99813840
1RB0RB_1LC1RB_0LD1LC_1RD0RA	SP	71579118
1RB0RB_1LC1RB_1LD0LD_1RA0LA	DN	99682048
1RB0RB_1LC1RB_1LD1RA_1LA0LD	DN	99999986
1RB0RB_1LC1RB_1RD0LB_0RA1RD	SP	44681824
1RB0RB_1LC1RB_1RD1LC_---1RA	SP	89445732
1RB0RB_1LC1RC_0RA1LD_1RC0LD	DN	99999868
1RB0RB_1LC1RC_1LD1LA_0LD0RA	DN	99999987
1RB0RB_1LC1RC_1LD1RA_1RB0LD	SP	89625421
1RB0RB_1LC1RC_1RA1LD_0LB0LC	DN	99999985
1RB0RB_1LC1RC_1RA1LD_0RA0LC	DN	99999961
1RB0RB_1LC1RC_1RA1LD_1LB0LC	DN	99994548
1RB0RB_1LC1RC_1RA1LD_1RA0LC	DN	99999989
1RB0RB_1LC1RD_0LB1LA_1LB0RD	DN	99999988
1RB0RB_1LC1RD_0LB1LA_1LC0RD	DN	99999987
1RB0RB_1LC1RD_0LB1RA_1LB0RD	QH	0
1RB0RB_1LC1RD_0LC0RD_0LA1LA	DN	99999989
1RB0RB_1LC1RD_0LC1LA_0RD0LA	DN	99999988
1RB0RB_1LC1RD_0LC1LA_1LB0RD	DN	99999985
1RB0RB_1LC1RD_0LC1LA_1LC0RD	QH	1
1RB0RB_1LC1RD_0LC1RB_0LA1LA	QH	0
1RB0RB_1LC1RD_0LC1RB_1LD0RA	QH	0
1RB0RB_1LC1RD_0RA1LB_1RA0LC	DN	99999978
1RB0RB_1LC1RD_0RB0LC_1RB0LA	QH	0
1RB0RB_1LC1RD_0RB0LC_1RB1LA	QH	0
1RB0RB_1LC1RD_0RD0LC_1LA0LA	DN	99999986
1RB0RB_1LC1RD_0RD0LC_1LA1LC	QH	1
1RB0RB_1LC1RD_0RD0LC_1LC1RA	QH	7
1RB0RB_1LC1RD_1LA0LD_0RB1RB	SP	34789471
1RB0RB_1LC1RD_1LA1LC_0LA1RB	SP	44657494
1RB0RB_1LC1RD_1LA1LC_0RB1RB	SP	69762014
1RB0RB_1LC1RD_1RB1LC_0LC1RA	SP	83885890
1RB0RB_1RC---_1LD0RC_0LD0LA	DN	99999990
1RB0RB_1RC---_1LD1RA_0RB0LD	QH	12
1RB0RB_1RC0LA_0LD0RA_1RA1LD	DN	99999989
1RB0RB_1RC0LA_1LD0RC_0LD1LA	DN	99999986
1RB0RB_1RC0LA_1LD1RB_0RB0LD	QH	0
1RB0RB_1RC0LD_1LA0RC_1LD0LA	DN	99999985
1RB0RB_1RC0LD_1LB0LA_0LD1RB	QH	0
1RB0RB_1RC0LD_1LD0LA_0RC1LA	DN	99999989
1RB0RB_1RC0LD_1LD0LA_1RB1LA	DN	99999979
1RB0RB_1RC0RA_1LC1LD_0LD1RB	QH	0
1RB0RB_1RC0RC_1LC0LD_1RA1LD	DN	99987078
1RB0RB_1RC1LB_0LD0RA_1LB0LD	DN	99999988
1RB0RB_1RC1LB_1LA1RD_0LB0RC	QH	3
1RB0RB_1RC1LD_0LB0RC_1LB0RA	QH	0
1RB0RB_1RC1LD_0LB0RC_1LB1RA	QH	0
1RB0RB_1RC1LD_0LD0RC_0LA1LA	DN	99999989
1RB0RB_1RC1LD_1LA0LA_0LD0RC	DN	99999985
1RB0RB_1RC1LD_1LA0LA_0LD1RB	QH	0
1RB0RB_1RC1LD_1LD0RA_1LB0LD	DN	99999985
1RB0RB_1RC1RA_0LD1LC_1RD1LB	DN	99985257
1RB0RB_1RC1RA_1LD0LA_1RA1LC	SP	89527565
1RB0RB_1RC1RA_1LD0RC_0RB0LC	SP	43644681
1RB0RB_1RC1RA_1LD1LB_0RB0LC	SP	75411579
1RB0RB_1RC1RA_1LD1LB_1LB0LC	SP	25597348
1RB0RB_1RC1RA_1LD1LB_1RB0LC	SP	33448298
1RB0RB_1RC1RA_1LD1LC_0RA0LC	QH	11
1RB0RB_1RC1RB_0LC0LD_1RA1LD	DN	99667960
1RB0RB_1RC1RB_0LD1RA_1RC1LD	SP	89478444
1RB0RB_1RC1RB_1LC0LD_1RA1LD	SP	44714634
1RB0RB_1RC1RB_1LD1LC_0RA0LD	DN	99999972
1RB0RB_1RC1RC_0LD1RA_1RB1LD	SP	83885936
1RB0RB_1RC1RC_1LD0RC_0LD1LA	QH	1
1RB0RB_1RC1RD_0LC1LA_1LC0RD	QH	1
1RB0RB_1RC1RD_1LA1LC_1LC1RB	SP	44608566
1RB0RC_0LA---_0LD1RA_1RC1LD	SP	50331667
1RB0RC_0LA0LC_0RD1LB_1LC1RD	SP	75497278
1RB0RC_0LA0LD_1LD1RC_0RC1LB	SP	50331667
1RB0RC_0LA0RB_0LD1RC_1LA1LD	DN	99999989
1RB0RC_0LA0RC_0LD1RB_1RC1LD	QH	0
1RB0RC_0LA1LC_0RD0LB_1LB1RD	DN	99999985
1RB0RC_0LA1RA_0LD1RB_1RC1LD	DN	92274558
1RB0RC_0LA1RB_0LD0RB_1RC1LD	DN	99799210
1RB0RC_0LA1RC_1LA1LD_0LD0RB	DN	99999989
1RB0RC_0LA1RC_1LD0LD_1LA0RB	DN	99999990
1RB0RC_0LA1RC_1LD1RB_1LA1LD	SP	44722872
1RB0RC_0LB0RC_0LD1RA_1RC1LD	SP	50331667
1RB0RC_0LB1LA_---1RD_1LB0RD	DN	99999989
1RB0RC_0LB1LA_0LB1RD_1LC0RD	DN	99999985
1RB0RC_0LB1LA_0RD1RC_1LB0RC	DN	99999980
1RB0RC_0LB1LA_0RD1RC_1LB0RD	DN	99999976
1RB0RC_0LB1LA_0RD1RD_1LB0RC	DN	99999985
1RB0RC_0LB1LA_1LB1RD_1LC0RD	DN	99999990
1RB0RC_0LB1LC_0LD1RA_1RC1LD	SP	50331707
1RB0RC_0LB1RC_0LD0RC_1LA1LD	QH	1
1RB0RC_0LB1RC_0LD1RA_1RC1LD	SP	50331621
1RB0RC_0LB1RC_0LD1RB_1RA1LD	DN	99491140
1RB0RC_0LB1RC_0RD0LA_1LB1RD	QH	0
1RB0RC_0LB1RC_0RD0RA_1LB1LD	QH	0
1RB0RC_0LB1RC_1LB1LD_0RA1RA	QH	0
1RB0RC_0LB1RC_1LB1RD_0LA1LA	QH	0
1RB0RC_0LB1RC_1LB1RD_1LD0RA	QH	0
1RB0RC_0LB1RC_1LD0RA_1LB1RA	QH	0
1RB0RC_0LB1RC_1LD0RC_0LB1RA	QH	0
1RB0RC_0LB1RC_1LD0RC_1LB1RA	QH	0
1RB0RC_0LB1RC_1LD1RA_0RC0LD	QH	9
1RB0RC_0LB1RC_1RD0LB_1LC0LA	QH	0
1RB0RC_0LB1RC_1RD0RA_1LD1LB	QH	0
1RB0RC_0LB1RC_1RD1LB_1LA0LA	QH	0
1RB0RC_0LC0RA_1LA0LD_1RA1LC	SP	89478728
1RB0RC_0LC0RA_1LA0LD_1RA1LD	DN	99999991
1RB0RC_0LC0RA_1RA0LD_1LC1LA	DN	99805544
1RB0RC_0LC0RA_1RD0LD_1RA1LD	DN	99999982
1RB0RC_0LC0RB_1LA1LD_1LC---	DN	99999987
1RB0RC_0LC0RB_1LC1LD_1RA1RB	QH	0
1RB0RC_0LC0RB_1LD1LC_1LA0LB	QH	21
1RB0RC_0LC0RB_1LD1LC_1LA1LB	QH	21
1RB0RC_0LC0RB_1RA1LD_0LC0LA	SP	75436102
1RB0RC_0LC0RB_1RA1LD_0RB0LA	SP	33562659
1RB0RC_0LC0RB_1RA1LD_1LA0LA	SP	33513630
1RB0RC_0LC0RB_1RA1LD_1LB0LA	SP	75436190
1RB0RC_0LC0RB_1RA1LD_1RB0LA	SP	33562560
1RB0RC_0LC0RB_1RA1LD_1RD0LA	SP	33562659
1RB0RC_0LC0RC_0LD1LC_1RA1LA	SP	50245828
1RB0RC_0LC0RD_1LA1LB_0RA0RB	DN	99982665
1RB0RC_0LC0RD_1LA1LC_0LA1RB	DN	99999961
1RB0RC_0LC0RD_1LA1LC_0LC1RB	DN	99999989
1RB0RC_0LC0RD_1RA1LD_0LC0LA	SP	75460669
1RB0RC_0LC1LA_0LB1RD_1LB0RD	DN	99999977
1RB0RC_0LC1LA_0LB1RD_1LC0RD	DN	99999989
1RB0RC_0LC1LA_0LC1RD_1LB0RD	DN	99999985
1RB0RC_0LC1LA_0RD1LB_1LC1RD	SP	83885996
1RB0RC_0LC1LA_1LB1RD_1LB0RD	DN	99999979
1RB0RC_0LC1LA_1LB1RD_1LC0RD	SP	75497277
1RB0RC_0LC1LB_0LD1LC_1RD0RA	DN	99990421
1RB0RC_0LC1LB_0RD1LB_1RA1RC	DN	99360660
1RB0RC_0LC1LD_1RA1LB_1LB0LA	SP	44714626
1RB0RC_0LC1RA_0LD1LC_0RA1LA	DN	99465829
1RB0RC_0LC1RA_0LD1LC_0RA1LD	SP	67108651
1RB0RC_0LC1RA_0LD1LC_0RD1LA	DN	99679735
1RB0RC_0LC1RA_0LD1LC_1LA0RC	SP	44681972
1RB0RC_0LC1RA_0LD1LC_1LA1LA	SP	33521684
1RB0RC_0LC1RA_0LD1LC_1LA1LB	SP	55842260
1RB0RC_0LC1RA_0LD1LC_1RA1LA	SP	58800767
1RB0RC_0LC1RA_0LD1LC_1RC1LA	SP	33529850
1RB0RC_0LC1RA_0LD1LC_1RD1LA	SP	33546182
1RB0RC_0LC1RA_0LD1RC_1RB1LD	DN	99815430
1RB0RC_0LC1RA_0RA1LD_0LC1LC	SP	67108651
1RB0RC_0LC1RA_1LA0LD_1LC0RA	SP	44739536
1RB0RC_0LC1RA_1LD1RC_1RB1LD	SP	89445756
1RB0RC_0LC1RA_1RA1LD_0LC0LA	SP	75423864
1RB0RC_0LC1RA_1RA1LD_0RB0LA	SP	33554469
1RB0RC_0LC1RA_1RA1LD_1RB0LA	SP	33554394
1RB0RC_0LC1RA_1RA1LD_1RD0LA	SP	33554493
1RB0RC_0LC1RB_0LD1LC_1RD0RA	DN	99308441
1RB0RC_0LC1RD_0LB1LA_1LB0RD	DN	99999983
1RB0RC_0LC1RD_0LB1LA_1LC0RD	DN	99999979
1RB0RC_0LC1RD_0LC1LA_1LB0RD	DN	99999983
1RB0RC_0LC1RD_0LC1LA_1LC0RD	QH	1
1RB0RC_0LC1RD_0LD1LC_1RA1LA	SP	78146537
1RB0RC_0LC1RD_1LB1LA_1LB0RD	DN	99999989
1RB0RC_0LC1RD_1LB1LA_1LC0RD	DN	99999986
1RB0RC_0LC1RD_1RA1LD_1RB0LA	SP	33562583
1RB0RC_0LC1RD_1RB0LD_1RA1LC	DN	99999988
1RB0RC_0RC0LA_0LD1RA_1LD0LA	DN	99986272
1RB0RC_0RC0LA_1LD1RC_1LB0LB	DN	99998491
1RB0RC_0RC0LC_1LD0RB_1LD1RA	QH	0
1RB0RC_0RC0LD_0RD0RB_1LD1RA	QH	0
1RB0RC_0RC0LD_1LD0RB_1LD1RA	QH	0
1RB0RC_0RC0LD_1LD1RA_1LB0LD	DN	99987757
1RB0RC_0RC0LD_1LD1RC_0LA1LB	SP	67108929
1RB0RC_0RC0LD_1LD1RC_1LB0LA	SP	67108902
1RB0RC_0RC0LD_1RD1RA_1LB1LA	DN	99999980
1RB0RC_0RC0RA_1LC0LD_1RB1LD	DN	98043088
1RB0RC_0RC0RB_1LC1LD_1RA1RB	QH	0
1RB0RC_0RC1LA_1LD0RB_0LD1RC	SP	50331633
1RB0RC_0RC1LB_1LD1RC_0LB0LA	DN	99816490
1RB0RC_0RC1LB_1LD1RC_1LA0LB	QH	4
1RB0RC_0RC1LD_1LB1RC_0LA0LB	SP	50331580
1RB0RC_0RC1LD_1RD1RA_1LB1LC	SP	50294746
1RB0RC_0RC1RA_1LC0LD_1RB1LD	SP	25171895
1RB0RC_0RC1RC_1LD1RB_1LA0LB	SP	89347621
1RB0RC_0RC1RC_1LD1RB_1LA1LD	SP	44690137
1RB0RC_0RC1RD_0LC1LA_1LC0RD	QH	1
1RB0RC_1LA0LA_0RB1LD_1RC0LD	DN	99999992
1RB0RC_1LA0LD_0RC1LB_1RC0LD	QH	2
1RB0RC_1LA0LD_1RC1LB_0LB0RC	QH	2
1RB0RC_1LA0LD_1RC1LD_0LB0RC	QH	2
1RB0RC_1LA0RA_0LD1RC_1LD1LB	SP	67108862
1RB0RC_1LA0RD_0LB1LD_1LB1RA	DN	99999991
1RB0RC_1LA0RD_0LC0RB_1LC0RD	QH	2
1RB0RC_1LA0RD_0LC0RB_1LC1RD	QH	2
1RB0RC_1LA0RD_1LC1LB_0LC0RB	DN	99814367
1RB0RC_1LA0RD_1LC1LB_0RC0RB	SP	89462138
1RB0RC_1LA0RD_1RA1LD_0LC0LA	SP	33607554
1RB0RC_1LA0RD_1RA1LD_0LC1RA	SP	49748177
1RB0RC_1LA1LC_1LB0RD_0LB1RD	QH	2
1RB0RC_1LA1LC_1LB0RD_0LC1RD	QH	2
1RB0RC_1LA1LD_0LB1RC_1LB0RC	QH	2
1RB0RC_1LA1LD_0LB1RC_1LB1RA	SP	86093432
1RB0RC_1LA1LD_0LD1RC_1LB0RC	QH	2
1RB0RC_1LA1LD_0RC1LA_1RC0LD	QH	1
1RB0RC_1LA1RA_0LD1LC_0RA1LD	SP	67108857
1RB0RC_1LA1RA_0LD1LC_0RB1LD	SP	83886047
1RB0RC_1LA1RA_0RA1LD_0LC1LC	SP	67108857
1RB0RC_1LA1RA_1RA1LD_0LC0LA	SP	33583034
1RB0RC_1LA1RA_1RA1LD_0LC1RA	SP	49729985
1RB0RC_1LA1RB_0LD1LC_0RB1LD	DN	99666280
1RB0RC_1LA1RC_0LD0RB_1RB1LD	QH	2
1RB0RC_1LA1RC_0RC1LD_1LA0LD	QH	1
1RB0RC_1LA1RC_1LD0RB_0RC0LD	QH	2
1RB0RC_1LA1RD_0LC1LA_1LC0RD	QH	1
1RB0RC_1LA1RD_0RD0LC_1LC0RB	QH	2
1RB0RC_1LA1RD_1RB1LC_0LC0RB	QH	2
1RB0RC_1LB1LC_1RD0LC_0RD1LA	QH	1
1RB0RC_1LB1RA_0LD1LC_0RB1LD	SP	69905211
1RB0RC_1LB1RA_0RB0LD_1LC1LD	DN	99999986
1RB0RC_1LB1RA_0RB0RD_0RC0LB	QH	0
1RB0RC_1LB1RA_0RB1LD_0LD1LC	SP	83886169
1RB0RC_1LB1RA_0RD0LB_0RB0RA	QH	0
1RB0RC_1LB1RA_0RD0LB_0RB0RC	QH	0
1RB0RC_1LB1RA_0RD0LB_1LB0RC	QH	0
1RB0RC_1LB1RA_0RD0LD_1LB0RC	QH	0
1RB0RC_1LB1RA_1LB0RD_0RC0LB	QH	0
1RB0RC_1LB1RA_1LB0RD_0RC0LC	QH	0
1RB0RC_1LB1RA_1LC0LD_1RB1LD	SP	37736369
1RB0RC_1LB1RA_1LD0RC_0LD1RB	QH	0
1RB0RC_1LB1RC_0RC1LD_1LA0LD	QH	1
1RB0RC_1LB1RC_0RD0LB_0RB0RA	QH	0
1RB0RC_1LB1RC_1LD0RC_0LB1RA	QH	0
1RB0RC_1LB1RC_1RA1LD_0RC0LD	QH	7
1RB0RC_1LC0LA_0LD1RA_1LD0LA	DN	99999989
1RB0RC_1LC0LA_1RA1LD_0LC0LA	SP	75411600
1RB0RC_1LC0LA_1RD0LB_1RB1RC	SP	69731547
1RB0RC_1LC0LB_1RA0LD_1LB1RB	DN	99917094
1RB0RC_1LC0LB_1RA1LD_0RB0LA	SP	75411600
1RB0RC_1LC0LD_0LD1LD_1RA1LC	SP	89347617
1RB0RC_1LC0LD_1LB1RC_1RA1LD	QH	0
1RB0RC_1LC0LD_1RA0LB_0LA0LC	DN	99999972
1RB0RC_1LC0LD_1RA0LB_0LA0RA	DN	99999856
1RB0RC_1LC0LD_1RA0LB_0LA0RB	DN	99999975
1RB0RC_1LC0LD_1RA0LB_0LA1LC	DN	99999965
1RB0RC_1LC0LD_1RA0LB_1LB0LA	DN	99999980
1RB0RC_1LC0LD_1RA0LB_1LB0LC	DN	99999971
1RB0RC_1LC0LD_1RA0LB_1LB0RA	SP	89511200
1RB0RC_1LC0LD_1RA0LB_1LB1LC	SP	89494868
1RB0RC_1LC0LD_1RA0LB_1LC0RB	DN	99984783
1RB0RC_1LC0LD_1RA0LB_1LC0RD	DN	99992342
1RB0RC_1LC0LD_1RA1RD_1RC1LB	DN	99970807
1RB0RC_1LC0RA_0LD1LB_1LA0LA	DN	99986316
1RB0RC_1LC0RA_0LD1LB_1LA1LC	DN	99973353
1RB0RC_1LC0RA_0LD1LC_1LA0LA	SP	25661248
1RB0RC_1LC0RA_0LD1LC_1LA1RB	SP	59605031
1RB0RC_1LC0RA_0RD0LB_1RA1RD	DN	99999988
1RB0RC_1LC0RA_1LD0LB_1RD1RA	SP	50270321
1RB0RC_1LC0RA_1RA0LD_1LC1LA	SP	50258041
1RB0RC_1LC0RA_1RA1LD_0LC0LA	DN	99984601
1RB0RC_1LC0RA_1RD0LB_0RA1RD	DN	99999975
1RB0RC_1LC0RA_1RD0LB_1LA1RC	SP	50343936
1RB0RC_1LC0RA_1RD0LB_1RA1RD	DN	99999984
1RB0RC_1LC0RB_0LC0RD_1LA1RD	QH	3
1RB0RC_1LC0RB_0LC1RD_0RB1LA	QH	0
1RB0RC_1LC0RB_0LD1LA_0LD1RA	DN	99999989
1RB0RC_1LC0RB_1LC1LD_1RA1RB	QH	0
1RB0RC_1LC0RB_1LD1LA_0LC1RA	DN	99999988
1RB0RC_1LC0RB_1LD1LA_0LC1RC	DN	99999987
1RB0RC_1LC0RB_1LD1LA_0LD1RC	DN	99999987
1RB0RC_1LC0RB_1RA0LD_1LC0LD	DN	99948420
1RB0RC_1LC0RB_1RA0LD_1LC1LB	DN	99967956
1RB0RC_1LC0RC_0LD1LC_1RA1LA	SP	34840291
1RB0RC_1LC0RC_1RA0LD_0LC1LD	DN	99973736
1RB0RC_1LC0RC_1RA0LD_1LC0LB	DN	99980502
1RB0RC_1LC0RC_1RA0LD_1LC0LD	DN	99967090
1RB0RC_1LC0RC_1RA0LD_1LC1LB	DN	99969708
1RB0RC_1LC0RC_1RA0LD_1LC1LD	SP	33587131
1RB0RC_1LC0RC_1RA1LD_1RB0LD	DN	99998735
1RB0RC_1LC0RD_0LC1RD_0RB1LA	QH	0
1RB0RC_1LC0RD_1LA0LC_0RD0LA	DN	99999978
1RB0RC_1LC0RD_1LA0LC_0RD1LC	QH	1
1RB0RC_1LC0RD_1LA1LB_0LB1RD	SP	50331625
1RB0RC_1LC0RD_1LA1LB_0LC1RD	SP	67108818
1RB0RC_1LC0RD_1LD0LB_1RB1RA	DN	99964710
1RB0RC_1LC0RD_1LD0LD_1RA0LB	DN	99999989
1RB0RC_1LC0RD_1RA0LD_1LC0LD	DN	99941470
1RB0RC_1LC0RD_1RA0LD_1LC1LB	DN	99966839
1RB0RC_1LC0RD_1RA1LD_0LC1RA	SP	35955614
1RB0RC_1LC1LA_0LB1RD_1LB0RD	DN	99999987
1RB0RC_1LC1LA_0LB1RD_1LC0RD	DN	99999985
1RB0RC_1LC1LA_0LC1RD_1LB0RD	DN	99999989
1RB0RC_1LC1LA_1RA1LD_0LB0LA	DN	99355387
1RB0RC_1LC1LA_1RD1LB_0LC0RD	SP	50331623
1RB0RC_1LC1LB_1RA0LD_0RB0LA	DN	99972506
1RB0RC_1LC1LB_1RA0LD_1RC0LA	DN	99983540
1RB0RC_1LC1LB_1RA1RD_0LA0LB	SP	77215814
1RB0RC_1LC1LB_1RD0LB_1RA1RD	SP	33595308
1RB0RC_1LC1LD_0LB1RC_1RA1LD	QH	0
1RB0RC_1LC1LD_1RA0LB_0LC1LA	DN	99996943
1RB0RC_1LC1LD_1RA0LB_0LC1RA	DN	99988585
1RB0RC_1LC1LD_1RA0LB_0RC1RA	DN	99973442
1RB0RC_1LC1LD_1RA0LB_1LB---	SP	50233611
1RB0RC_1LC1LD_1RA0LB_1LC0LA	DN	99985363
1RB0RC_1LC1LD_1RA0LB_1LC0RA	DN	99940813
1RB0RC_1LC1LD_1RA0LB_1LC1LA	DN	99958243
1RB0RC_1LC1LD_1RA0LB_1LC1RA	DN	99983802
1RB0RC_1LC1LD_1RA0LB_1LD1LA	DN	99991228
1RB0RC_1LC1LD_1RA0LB_1RB1LB	SP	50245827
1RB0RC_1LC1LD_1RA1LD_0LB0LA	SP	49711779
1RB0RC_1LC1LD_1RA1LD_0LC0LA	SP	25135061
1RB0RC_1LC1LD_1RA1RB_1LB0LB	SP	75338173
1RB0RC_1LC1LD_1RD1LB_1RA0LB	DN	99866006
1RB0RC_1LC1LD_1RD1RA_1LB1LC	SP	89363964
1RB0RC_1LC1RA_0LC0LD_0RA1LB	DN	99999990
1RB0RC_1LC1RA_0LD1LC_0RA1LD	SP	67108903
1RB0RC_1LC1RA_0LD1LC_1LA0RC	SP	25122835
1RB0RC_1LC1RA_0LD1LC_1LA1LA	SP	75448283
1RB0RC_1LC1RA_0LD1LC_1RA1LA	SP	58728325
1RB0RC_1LC1RA_0LD1LC_1RC1LA	SP	75460543
1RB0RC_1LC1RA_0LD1RC_1RB1LD	QH	0
1RB0RC_1LC1RA_0RB0LC_------	QH	7
1RB0RC_1LC1RA_0RD0LC_0RB1LA	QH	17
1RB0RC_1LC1RA_0RD0LC_1LB0RB	QH	9
1RB0RC_1LC1RA_0RD0LC_1RA---	QH	5
1RB0RC_1LC1RA_1LD1RC_1RB1LD	SP	50282585
1RB0RC_1LC1RA_1RA0LD_0LB1LA	SP	70586361
1RB0RC_1LC1RA_1RA0LD_0LC1LD	DN	99947946
1RB0RC_1LC1RA_1RA0LD_1LC0LD	DN	99955598
1RB0RC_1LC1RA_1RA0LD_1LC1LA	DN	99999986
1RB0RC_1LC1RA_1RA1LD_0LC0LA	DN	99823288
1RB0RC_1LC1RA_1RA1LD_0LC1RA	SP	65774960
1RB0RC_1LC1RA_1RB0LD_1LC1LD	SP	52620085
1RB0RC_1LC1RA_1RD0LC_1LD0RB	QH	7
1RB0RC_1LC1RA_1RD1LB_0LC0RD	QH	0
1RB0RC_1LC1RB_0RA0LD_0LB0LC	DN	99999986
1RB0RC_1LC1RB_0RB1LD_0LC1LA	SP	83885827
1RB0RC_1LC1RB_1RA0LD_1LC0LD	DN	99998039
1RB0RC_1LC1RC_1RA0LD_1LC0LD	DN	99969712
1RB0RC_1LC1RC_1RA0LD_1LC1LB	DN	99983816
1RB0RC_1LC1RC_1RA1LD_0LC0LA	SP	25098473
1RB0RC_1LC1RD_0LB1LA_1LB0RD	SP	75497277
1RB0RC_1LC1RD_0LB1LA_1LC0RD	DN	99999987
1RB0RC_1LC1RD_0LC1LA_1LB0RD	DN	99999990
1RB0RC_1LC1RD_0LC1LA_1LC0RD	QH	1
1RB0RC_1LC1RD_0LD1LC_1RA1LA	SP	34678068
1RB0RC_1LC1RD_0RB0LC_1RA0RD	QH	7
1RB0RC_1LC1RD_0RB0LC_1RB0LA	QH	0
1RB0RC_1LC1RD_0RB0LC_1RB1LA	QH	0
1RB0RC_1LC1RD_0RD0LC_1LC1RA	QH	7
1RB0RC_1LC1RD_0RD0LC_1RA---	QH	5
1RB0RC_1LC1RD_1LA0LB_0RB0RC	SP	52357261
1RB0RC_1LC1RD_1LA0LC_0RD1LC	QH	1
1RB0RC_1LC1RD_1RA0LB_1LB1LD	SP	68406765
1RB0RC_1LC1RD_1RA0LB_1LD0LA	SP	50319318
1RB0RC_1LC1RD_1RA1LD_0LC0LA	DN	99976310
1RB0RC_1RC---_0LD0RA_0LA1LD	DN	99999988
1RB0RC_1RC---_1LD1RA_0LA1RA	DN	99999955
1RB0RC_1RC0LA_0LD0RB_1LB1LD	DN	99938136
1RB0RC_1RC0LA_0LD1LC_1RA1LA	SP	67133421
1RB0RC_1RC0LA_0LD1RB_1LB1LD	SP	53916456
1RB0RC_1RC0LA_1LD1RB_0RB0LD	QH	13
1RB0RC_1RC0LB_1LD1RD_1LA0LA	DN	99999988
1RB0RC_1RC0LD_0LD1LD_1RA1LC	SP	89347639
1RB0RC_1RC0LD_1LB1RC_1RA1LD	QH	0
1RB0RC_1RC0LD_1LD0LA_0RB1LA	DN	99999983
1RB0RC_1RC0RA_0LD0LA_1RA1LD	DN	99999979
1RB0RC_1RC0RA_1LD0LC_1RB1LC	DN	99981776
1RB0RC_1RC0RA_1LD0LD_1LA1LD	DN	99988306
1RB0RC_1RC0RB_1LA0LD_1LD0LA	DN	99999985
1RB0RC_1RC1LA_1LD0RC_0LD1RB	QH	0
1RB0RC_1RC1LB_0LB0RD_0LA1RD	DN	99662921
1RB0RC_1RC1LB_0LB1RD_0LA0RC	QH	0
1RB0RC_1RC1LB_0LB1RD_0LA1RA	SP	58719942
1RB0RC_1RC1LB_0LB1RD_0LB1RA	SP	83885936
1RB0RC_1RC1LB_0LB1RD_0LD1RA	SP	67108768
1RB0RC_1RC1LB_0LB1RD_0RA1RA	SP	44739126
1RB0RC_1RC1LB_0LB1RD_1RB1RA	QH	22
1RB0RC_1RC1LB_0LC1RD_0LB1RA	SP	83885982
1RB0RC_1RC1LB_0LD0RA_1LA0LD	DN	99999989
1RB0RC_1RC1LB_0LD0RA_1LB0LD	DN	99999988
1RB0RC_1RC1LB_0LD1RA_1LB1RD	SP	55923996
1RB0RC_1RC1LB_1LA1RD_0LB0RC	QH	3
1RB0RC_1RC1LB_1LD0RA_0LD1RA	DN	99999980
1RB0RC_1RC1LB_1LD0RC_0LB0LA	DN	99959972
1RB0RC_1RC1LB_1LD1RA_0LD0LC	DN	99988366
1RB0RC_1RC1LB_1LD1RA_1RD0LB	SP	67108764
1RB0RC_1RC1LB_1LD1RC_0LB0LA	SP	50356155
1RB0RC_1RC1LB_1LD1RD_0LB1RA	SP	41942929
1RB0RC_1RC1LC_0LD1RA_1LB1LD	DN	99959979
1RB0RC_1RC1LC_1LD1RA_1LB0LB	DN	99984549
1RB0RC_1RC1LD_0LB0RA_1RA1LB	QH	0
1RB0RC_1RC1LD_0LB0RC_1LB0LA	QH	5
1RB0RC_1RC1LD_0LB0RC_1LB0RA	QH	0
1RB0RC_1RC1LD_0LB1RA_1LA1LB	SP	86282276
1RB0RC_1RC1LD_0LB1RA_1LB0RA	QH	0
1RB0RC_1RC1LD_0LB1RC_1RA1LD	QH	0
1RB0RC_1RC1LD_0LD0RC_1LB0LA	QH	0
1RB0RC_1RC1LD_0LD0RC_1LB1LA	QH	0
1RB0RC_1RC1LD_1LB0RA_0LC1LC	DN	99988351
1RB0RC_1RC1LD_1LD0RA_1LB0LD	QH	13
1RB0RC_1RC1LD_1RD1RA_1LB1LC	SP	89396586
1RB0RC_1RC1RA_0LD1LC_0RA1LD	SP	67108761
1RB0RC_1RC1RA_0LD1LC_0RB1LD	SP	83885988
1RB0RC_1RC1RA_0LD1RC_1RB1LD	QH	0
1RB0RC_1RC1RA_1LD0RB_1LA0LC	DN	99999983
1RB0RC_1RC1RA_1LD1LA_0RA0LD	DN	99999979
1RB0RC_1RC1RA_1LD1RC_1RB1LD	SP	50282563
1RB0RC_1RC1RB_0LD1LC_0RA1LA	SP	69909593
1RB0RC_1RC1RB_0LD1LC_0RD1LA	SP	69931126
1RB0RC_1RC1RB_0LD1LC_1RA1LA	SP	89560384
1RB0RC_1RC1RB_0LD1RA_1LB1LD	DN	93518428
1RB0RC_1RC1RD_0LC1LA_1LC0RD	QH	1
1RB0RD_0LB0LC_1LD1LB_1RA1RD	DN	99999983
1RB0RD_0LB0LC_1RA1LC_1RB1RD	DN	99804544
1RB0RD_0LB0LC_1RA1LD_0LC1LC	SP	89478497
1RB0RD_0LB0LC_1RA1LD_1LC0RA	DN	99999988
1RB0RD_0LB0LC_1RD1LC_0LC1RA	DN	92274494
1RB0RD_0LB1LC_0RC1RA_1LB0RD	DN	99999976
1RB0RD_0LB1LC_1RA1LB_1RA0RD	DN	99996120
1RB0RD_0LB1LC_1RA1LB_1RA1RD	DN	99979157
1RB0RD_0LB1LC_1RD0LA_1RA1RC	SP	33513514
1RB0RD_0LB1LC_1RD0LC_0RD1LA	QH	1
1RB0RD_0LB1LC_1RD1LB_1RA0RD	DN	99996109
1RB0RD_0LB1LC_1RD1LC_0LC1RA	SP	50331575
1RB0RD_0LB1RC_1LB1RD_1LA0RC	QH	0
1RB0RD_0LB1RC_1LC1RA_1LB0RD	QH	0
1RB0RD_0LB1RC_1LD0RC_0LB1LA	DN	99999983
1RB0RD_0LB1RC_1LD0RC_0LD1LA	QH	1
1RB0RD_0LB1RC_1LD0RC_1LB1LA	DN	99999984
1RB0RD_0LB1RC_1LD1RA_0RC0LD	QH	9
1RB0RD_0LB1RC_1RD1LA_1LB0RD	QH	0
1RB0RD_0LC---_1RD1LC_0LC1RA	SP	50331575
1RB0RD_0LC0LA_1RC0RD_1LB1RD	SP	25184216
1RB0RD_0LC0LB_1RC1RD_1LA1LB	QH	0
1RB0RD_0LC0LD_1RD1LC_1RA0RB	DN	99999968
1RB0RD_0LC0RA_1LA1LC_0LA1RD	DN	99999629
1RB0RD_0LC0RA_1LA1LC_1LD1LB	SP	80541548
1RB0RD_0LC0RA_1LA1LD_1LC1LB	SP	75423863
1RB0RD_0LC0RA_1LA1RD_1LD1LB	SP	33546183
1RB0RD_0LC0RA_1RA1LC_0LA0LC	DN	92274250
1RB0RD_0LC0RA_1RA1LC_0LC0LC	SP	67108729
1RB0RD_0LC0RA_1RA1LC_1LD0LC	SP	67110388
1RB0RD_0LC0RA_1RC1LD_1LB1RA	DN	99999961
1RB0RD_0LC0RB_0LD1LC_1RA0RD	SP	76695658
1RB0RD_0LC0RB_1LA1LC_0LA1RD	DN	99999983
1RB0RD_0LC0RB_1LA1LC_0LC1RD	DN	99999991
1RB0RD_0LC0RB_1LA1RC_1LC1LD	QH	2
1RB0RD_0LC0RB_1LD1RC_1LA1LC	QH	2
1RB0RD_0LC0RB_1LD1RD_1LA1LC	QH	2
1RB0RD_0LC0RC_0RC1LD_1LA0LD	QH	1
1RB0RD_0LC0RD_1LD0LC_1RA0LA	DN	99999979
1RB0RD_0LC0RD_1LD0LC_1RA0LB	DN	99999978
1RB0RD_0LC0RD_1LD1LA_1RA0LB	DN	99999984
1RB0RD_0LC1RA_0LA1LA_1RA1LC	SP	44747369
1RB0RD_0LC1RA_0LC1RD_1LB0RD	QH	0
1RB0RD_0LC1RA_0RA1LC_1LA1LB	SP	67108853
1RB0RD_0LC1RA_0RA1LC_1LB1LB	SP	50331503
1RB0RD_0LC1RA_0RB1LC_1LA1LB	SP	83886072
1RB0RD_0LC1RA_0RB1LC_1LB0LA	DN	99999982
1RB0RD_0LC1RA_0RB1LC_1LB0LB	DN	99999968
1RB0RD_0LC1RA_0RB1LC_1LB0LD	DN	99999973
1RB0RD_0LC1RA_0RB1LC_1LB1LB	SP	62914416
1RB0RD_0LC1RA_1LA0RD_1RC1LB	SP	33538014
1RB0RD_0LC1RA_1LA1LB_1RC1LB	SP	44641251
1RB0RD_0LC1RA_1LA1LB_1RC1RB	SP	55801539
1RB0RD_0LC1RA_1LA1LD_0RB1LB	DN	99986801
1RB0RD_0LC1RA_1LB1RC_1LB0RD	QH	0
1RB0RD_0LC1RA_1LB1RC_1LC0RD	QH	0
1RB0RD_0LC1RA_1LB1RD_1LB0RD	QH	0
1RB0RD_0LC1RA_1LB1RD_1LC0RD	QH	0
1RB0RD_0LC1RA_1LC1RD_1LB0RD	QH	0
1RB0RD_0LC1RA_1RB1LC_0LB0RB	DN	99999978
1RB0RD_0LC1RA_1RB1LC_0LC1RD	DN	99814370
1RB0RD_0LC1RA_1RB1LC_0LD0RB	DN	99999977
1RB0RD_0LC1RA_1RB1LC_0RB1RD	SP	89543921
1RB0RD_0LC1RA_1RB1LC_1LC1RD	SP	89478497
1RB0RD_0LC1RA_1RB1LC_1RB1RD	SP	89511209
1RB0RD_0LC1RA_1RD1LC_0LA1RB	DN	99999987
1RB0RD_0LC1RA_1RD1LC_0LB1RB	SP	79691344
1RB0RD_0LC1RA_1RD1LC_0LC1RB	SP	75497258
1RB0RD_0LC1RA_1RD1LC_0LD1RB	SP	83885643
1RB0RD_0LC1RA_1RD1LC_1LC1RB	SP	83885868
1RB0RD_0LC1RA_1RD1LC_1RB1RB	SP	83885910
1RB0RD_0LC1RB_1RA1LC_0LA1RB	DN	99805877
1RB0RD_0LC1RB_1RA1LC_0LC1RB	DN	99314318
1RB0RD_0LC1RB_1RA1LC_1LA1RB	DN	99314318
1RB0RD_0LC1RB_1RA1LC_1LD1RB	QH	0
1RB0RD_0LC1RC_0RA1LD_1RC0LD	DN	99994141
1RB0RD_0LC1RD_1LA1LC_0LC0RD	QH	1
1RB0RD_0LC1RD_1LD1LA_1RA1LB	DN	99998062
1RB0RD_0LC1RD_1RA1LC_0LC1RB	DN	99314320
1RB0RD_0LC1RD_1RB1LC_0LA0RB	SP	75497274
1RB0RD_0RC0LB_1LD1RA_1LB0LC	SP	75436180
1RB0RD_0RC0LB_1LD1RC_0LA1LB	DN	99999972
1RB0RD_0RC0LB_1LD1RD_1LB1RA	DN	99958161
1RB0RD_0RC0LD_1LB1RC_0LA0LB	DN	99999988
1RB0RD_0RC0LD_1LB1RC_0LA1LB	DN	99999986
1RB0RD_0RC0LD_1LD1RA_1LB0LD	DN	99945529
1RB0RD_0RC0LD_1LD1RC_0LA1LB	DN	99999983
1RB0RD_0RC0RA_1LC1RA_0RB0LC	QH	0
1RB0RD_0RC0RA_1LC1RB_0RB0LC	QH	0
1RB0RD_0RC0RB_1LC0LA_1LD1RB	SP	89609423
1RB0RD_0RC0RB_1LC0LA_1RD1LB	SP	89593067
1RB0RD_0RC0RB_1LD0LA_1LC1RB	SP	89609423
1RB0RD_0RC0RD_1LC1RA_0RB0LC	QH	0
1RB0RD_0RC1LA_1LD0RB_0LD1RC	QH	9
1RB0RD_0RC1LB_1LA1RC_0LB1LD	DN	99667953
1RB0RD_0RC1LB_1LA1RD_1RC0LB	SP	67108891
1RB0RD_0RC1LB_1LD1RC_0LB0LA	DN	99532937
1RB0RD_0RC1LB_1LD1RC_1LA0LB	QH	4
1RB0RD_0RC1LD_1LB1RC_0LA0LB	SP	75497276
1RB0RD_0RC1LD_1LD1RC_0LA0LB	DN	99999978
1RB0RD_0RC1RA_0RD1RB_1LD0LA	DN	99999981
1RB0RD_0RC1RA_1LB0LC_1LC0RD	QH	0
1RB0RD_0RC1RA_1LD1LA_1LD0LA	DN	99991387
1RB0RD_0RC1RA_1LD1RB_1LA0LC	SP	75411545
1RB0RD_0RC1RA_1LD1RB_1LB0LC	SP	44714624
1RB0RD_0RC1RB_1LD0RB_0LD1LA	DN	99999991
1RB0RD_0RC1RB_1LD0RC_0LD1LA	DN	99999990
1RB0RD_0RC1RC_1LC0LA_0RA0RB	SP	27998844
1RB0RD_0RC1RC_1LC0LA_0RB---	SP	33587154
1RB0RD_0RC1RC_1LD0RB_0LD1LA	DN	99999987
1RB0RD_0RC1RC_1LD0RC_0LD1LA	QH	1
1RB0RD_0RC1RD_1LA1LC_0LC0RD	QH	1
1RB0RD_0RC1RD_1LC0LA_0RB0LA	SP	33587154
1RB0RD_1LB0LC_1LD1LB_1RA1RD	DN	99970965
1RB0RD_1LB0LC_1RA1LC_0LB1RC	SP	37730318
1RB0RD_1LB0LC_1RA1LC_1RB1RD	SP	25184190
1RB0RD_1LB0LC_1RA1LD_0LC1LC	SP	89478491
1RB0RD_1LB0LC_1RD1LC_0LC1RA	SP	50331537
1RB0RD_1LB0RC_0RC1LD_1LA0LD	QH	1
1RB0RD_1LB1LC_0LD0LA_1RA1LC	SP	25135061
1RB0RD_1LB1LC_1LD0LA_1RA0LC	SP	89396682
1RB0RD_1LB1LC_1RA1LC_0LB1RD	QH	0
1RB0RD_1LB1LC_1RC0RA_0LB1RD	SP	44738748
1RB0RD_1LB1LC_1RD0LC_0RD1LA	QH	1
1RB0RD_1LB1RC_0RC1LD_1LA0LD	QH	1
1RB0RD_1LB1RC_1LD0RC_0LD1LA	QH	1
1RB0RD_1LB1RC_1RA1LD_0RC0LD	QH	7
1RB0RD_1LC---_1RA1LB_0LB0RA	QH	0
1RB0RD_1LC---_1RA1LB_0LB0RD	QH	0
1RB0RD_1LC0LA_0LB1RA_1LB0RD	SP	67108882
1RB0RD_1LC0LA_0LD1LB_1RA1LC	SP	33497174
1RB0RD_1LC0LA_0RA0LB_1LB1RA	SP	44739462
1RB0RD_1LC0LA_0RA1LB_1RA0LB	SP	89478803
1RB0RD_1LC0LA_1LA0LC_1RD0RB	DN	99999983
1RB0RD_1LC0LA_1LD1LB_1RA0LC	SP	34901389
1RB0RD_1LC0LA_1RD0LB_1RA1RC	SP	25061851
1RB0RD_1LC0LA_1RD1LA_0LB1RC	DN	99999983
1RB0RD_1LC0LB_0RA0LD_1RD1RB	QH	0
1RB0RD_1LC0LB_0RA1LB_1RA1RC	DN	95869768
1RB0RD_1LC0LB_0RA1LB_1RA1RD	DN	99999990
1RB0RD_1LC0LB_0RB1RA_1LB0RD	QH	0
1RB0RD_1LC0LB_1LD0LB_1RD0RA	DN	99999982
1RB0RD_1LC0LB_1LD1LA_1RA0LC	DN	99999982
1RB0RD_1LC0LB_1LD1LB_1RA0LC	SP	50331644
1RB0RD_1LC0LB_1RA0LB_1RD0RC	DN	99997989
1RB0RD_1LC0LB_1RA1LB_1RA0RB	DN	99981710
1RB0RD_1LC0LB_1RA1LC_1LC0LC	SP	44747420
1RB0RD_1LC0LC_1LD0LB_1RD0RA	DN	99999981
1RB0RD_1LC0LC_1LD1LC_1RA0RB	DN	99988307
1RB0RD_1LC0LC_1RA1LB_0RA0RB	DN	99999972
1RB0RD_1LC0LC_1RA1LB_0RC0RB	DN	99999981
1RB0RD_1LC0LC_1RA1LB_0RC0RD	DN	99999977
1RB0RD_1LC0LC_1RA1LC_1LB1RD	QH	9
1RB0RD_1LC0LC_1RA1LD_0LC1LC	SP	89217163
1RB0RD_1LC0LC_1RD1LB_0RB1RA	DN	99970896
1RB0RD_1LC0LD_1LD0LC_1RA1RA	DN	99999984
1RB0RD_1LC0LD_1LD1LB_1RA0LC	DN	99999974
1RB0RD_1LC0RA_0LD0LC_1LA1LB	DN	99999975
1RB0RD_1LC0RA_0LD1LB_1LA1LC	SP	33480886
1RB0RD_1LC0RA_1LA0LB_0RC0LA	DN	99999977
1RB0RD_1LC0RA_1LA0LB_0RC0LC	DN	99999854
1RB0RD_1LC0RA_1LA0LB_0RC0RB	DN	99999962
1RB0RD_1LC0RA_1LA0LB_0RC0RC	DN	99999959
1RB0RD_1LC0RA_1LA0LB_0RC1RB	DN	99999959
1RB0RD_1LC0RA_1LA0LB_1RA0LC	SP	89511171
1RB0RD_1LC0RA_1LA0LB_1RA0RC	DN	99999988
1RB0RD_1LC0RA_1LA0LB_1RA1RB	SP	50343939
1RB0RD_1LC0RA_1LA0LB_1RB0LA	DN	99969666
1RB0RD_1LC0RA_1LA0LB_1RB0LD	DN	99977223
1RB0RD_1LC0RA_1LA1LB_0LC1LD	SP	59572685
1RB0RD_1LC0RA_1LA1LB_1LA0LB	SP	44600524
1RB0RD_1LC0RA_1LA1LC_0RC0LB	DN	99984781
1RB0RD_1LC0RA_1LA1LC_1LD0LC	DN	99796824
1RB0RD_1LC0RA_1LA1LC_1RB0LB	SP	77112638
1RB0RD_1LC0RA_1LD0LB_1RB0LB	DN	99971560
1RB0RD_1LC0RA_1LD0LC_1RA0LB	DN	99987367
1RB0RD_1LC0RA_1LD1LB_1LA0LC	SP	69731492
1RB0RD_1LC0RA_1LD1LB_1RB1LA	SP	33542076
1RB0RD_1LC0RA_1RA1LB_0RC1RB	DN	99999979
1RB0RD_1LC0RA_1RB1LC_1LD0LC	SP	16563337
1RB0RD_1LC0RA_1RD0LB_0LA1RC	SP	89429431
1RB0RD_1LC0RA_1RD0LB_1LB1RB	SP	50368460
1RB0RD_1LC0RA_1RD0LB_1LB1RC	SP	34901521
1RB0RD_1LC0RA_1RD1LB_0LC0RD	QH	0
1RB0RD_1LC0RB_0LC1RA_1LD1LA	DN	99999987
1RB0RD_1LC0RB_0LC1RD_0LA0RB	DN	99999989
1RB0RD_1LC0RB_0LC1RD_0LA1LA	DN	99999985
1RB0RD_1LC0RB_0LC1RD_0RB1LA	QH	4
1RB0RD_1LC0RB_0LC1RD_1LA0LA	DN	99999985
1RB0RD_1LC0RB_0LC1RD_1LA1LA	DN	99999992
1RB0RD_1LC0RB_0LC1RD_1LC1LA	DN	99999990
1RB0RD_1LC0RC_0RC1LD_1LA0LD	QH	1
1RB0RD_1LC0RC_1LD0LC_1RA0LC	DN	99941470
1RB0RD_1LC0RC_1RA0LB_1RB---	DN	99999983
1RB0RD_1LC0RC_1RA0LD_0LC1LD	DN	99961937
1RB0RD_1LC0RC_1RA0LD_1RC0LB	DN	99999986
1RB0RD_1LC0RC_1RA1LC_1LD0LC	DN	99971538
1RB0RD_1LC0RC_1RA1LD_0LC1LC	SP	89103407
1RB0RD_1LC0RD_0LB1RA_1LB0RB	QH	0
1RB0RD_1LC0RD_0RA1LD_1RC0LD	DN	99985348
1RB0RD_1LC0RD_1LA1LB_0LB1RA	DN	99358314
1RB0RD_1LC0RD_1LA1LB_0LB1RD	SP	50331485
1RB0RD_1LC0RD_1LA1LB_0LC1RD	SP	50331430
1RB0RD_1LC0RD_1LA1LB_1RB1RA	SP	34921840
1RB0RD_1LC0RD_1LB1RA_0RB0LB	QH	0
1RB0RD_1LC0RD_1LC1RA_0RB0LB	QH	0
1RB0RD_1LC0RD_1LC1RA_0RB0LC	QH	0
1RB0RD_1LC0RD_1RA1LB_0LB1RD	QH	0
1RB0RD_1LC0RD_1RA1LB_0LC1RD	QH	0
1RB0RD_1LC1LA_0LC1RD_0LA0RB	DN	99999975
1RB0RD_1LC1LA_0LC1RD_0RB0RB	DN	99999991
1RB0RD_1LC1LA_0LC1RD_0RB0RD	DN	99999974
1RB0RD_1LC1LA_0LC1RD_1LC0RB	DN	99999988
1RB0RD_1LC1LA_1RD1LB_0LC0RD	QH	23
1RB0RD_1LC1LB_0RA0LB_0LC1RA	DN	99999986
1RB0RD_1LC1LB_0RA0LB_1RB1RA	QH	0
1RB0RD_1LC1LB_0RA0LB_1RC1RA	DN	99999982
1RB0RD_1LC1LB_0RA0LC_1RA1RD	DN	99999983
1RB0RD_1LC1LB_0RA0LC_1RB1RD	DN	99999981
1RB0RD_1LC1LB_0RA1RD_1RA0LB	DN	99999985
1RB0RD_1LC1LB_0RD0LC_1RA1RD	DN	99999980
1RB0RD_1LC1LB_0RD1RC_1LA1RA	SP	68564270
1RB0RD_1LC1LB_1LD0LD_1RA0LC	SP	50270271
1RB0RD_1LC1LB_1LD1LB_1RA0LC	SP	28238047
1RB0RD_1LC1LB_1LD1RB_1RA0LC	SP	28247175
1RB0RD_1LC1LB_1RA0LB_0RB1RA	DN	99970021
1RB0RD_1LC1LB_1RA0LB_1LC1RA	DN	99996093
1RB0RD_1LC1LB_1RA0LC_0LB0RD	DN	99999983
1RB0RD_1LC1LB_1RA0LD_0LC1LC	SP	25126973
1RB0RD_1LC1LB_1RD0LB_0RD1RA	DN	99991835
1RB0RD_1LC1LB_1RD0LB_1RD1RA	DN	99986302
1RB0RD_1LC1LB_1RD1RC_0LB1RA	SP	22680078
1RB0RD_1LC1LC_1RA1LC_0LB1RD	QH	0
1RB0RD_1LC1LD_0RA0LB_1LB1RA	SP	33554875
1RB0RD_1LC1LD_0RD0LB_1LB1RA	DN	99984398
1RB0RD_1LC1LD_0RD1LB_1RB1RA	SP	89445672
1RB0RD_1LC1LD_1LA0LB_1LB1RA	DN	99960134
1RB0RD_1LC1LD_1LA1LB_1RB1RA	SP	50258008
1RB0RD_1LC1LD_1LD1LB_1RA0LC	SP	68392648
1RB0RD_1LC1LD_1LD1LB_1RB1RA	SP	50258008
1RB0RD_1LC1LD_1RC1LB_1RB1RA	SP	50258028
1RB0RD_1LC1LD_1RD0LB_0RA1RC	DN	99999954
1RB0RD_1LC1LD_1RD1LB_1RB1RA	SP	89445650
1RB0RD_1LC1RA_---0LD_1LA1RB	DN	99999988
1RB0RD_1LC1RA_0LB1LA_1RA0LB	SP	75460625
1RB0RD_1LC1RA_0LC1RD_1LB0RD	QH	0
1RB0RD_1LC1RA_0LD1LA_1RA0LB	DN	99972490
1RB0RD_1LC1RA_0LD1LD_0RA1LC	SP	67108717
1RB0RD_1LC1RA_0RA1LB_1RC0LB	SP	27961976
1RB0RD_1LC1RA_0RA1LC_0LC1LD	SP	67108717
1RB0RD_1LC1RA_0RB0LC_0LA---	QH	7
1RB0RD_1LC1RA_0RB0LC_0LC---	QH	7
1RB0RD_1LC1RA_0RB0LC_0LD0LB	QH	7
1RB0RD_1LC1RA_0RB0LC_0LD0LC	QH	7
1RB0RD_1LC1RA_0RB0LC_0LD0RB	QH	7
1RB0RD_1LC1RA_0RB0LC_0LD0RC	QH	7
1RB0RD_1LC1RA_0RB0LC_0LD1LA	QH	34
1RB0RD_1LC1RA_0RB0LC_0LD1LC	QH	7
1RB0RD_1LC1RA_0RB0LC_0LD1RA	QH	7
1RB0RD_1LC1RA_0RB0LC_0LD1RC	QH	7
1RB0RD_1LC1RA_0RB0LC_0RB---	QH	7
1RB0RD_1LC1RA_0RB0LC_0RC---	QH	7
1RB0RD_1LC1RA_0RB0LC_1LA---	QH	7
1RB0RD_1LC1RA_0RB0LC_1LB0LA	QH	8
1RB0RD_1LC1RA_0RB0LC_1LB0LC	QH	8
1RB0RD_1LC1RA_0RB0LC_1LB0RB	QH	8
1RB0RD_1LC1RA_0RB0LC_1LB0RC	QH	8
1RB0RD_1LC1RA_0RB0LC_1LB1LA	QH	8
1RB0RD_1LC1RA_0RB0LC_1LB1LC	QH	8
1RB0RD_1LC1RA_0RB0LC_1LB1RA	QH	8
1RB0RD_1LC1RA_0RB0LC_1LB1RC	QH	8
1RB0RD_1LC1RA_0RB0LC_1LC---	QH	7
1RB0RD_1LC1RA_0RB0LC_1LD0LA	SP	50332536
1RB0RD_1LC1RA_0RB0LC_1LD0LC	QH	9
1RB0RD_1LC1RA_0RB0LC_1LD1LA	QH	62
1RB0RD_1LC1RA_0RB0LC_1LD1LC	QH	9
1RB0RD_1LC1RA_0RB0LC_1LD1RA	QH	9
1RB0RD_1LC1RA_0RB0LC_1LD1RC	QH	7
1RB0RD_1LC1RA_0RB0LC_1RA---	QH	7
1RB0RD_1LC1RA_0RB0LC_1RC---	QH	7
1RB0RD_1LC1RA_0RB0LD_1LC1LB	DN	98992103
1RB0RD_1LC1RA_0RB1LC_0LC1LD	SP	83885940
1RB0RD_1LC1RA_0RC1LA_1RA0LB	SP	75460625
1RB0RD_1LC1RA_0RD0LC_1RA---	QH	5
1RB0RD_1LC1RA_1LA1LB_0LC1RD	SP	33480636
1RB0RD_1LC1RA_1LD0LC_1RA0LC	DN	99955598
1RB0RD_1LC1RA_1LD0LC_1RA0RA	DN	99999974
1RB0RD_1LC1RA_1LD0LC_1RA0RD	DN	99999975
1RB0RD_1LC1RA_1LD0LC_1RA1LD	DN	99955594
1RB0RD_1LC1RA_1LD0LD_1RA0LC	DN	99983901
1RB0RD_1LC1RA_1LD1LC_1RB0LC	SP	34518353
1RB0RD_1LC1RA_1RB1LA_1RA0LB	SP	75448387
1RB0RD_1LC1RA_1RB1LC_0LC1RD	QH	0
1RB0RD_1LC1RA_1RB1LC_1LC1RD	SP	89445732
1RB0RD_1LC1RB_0LB1RA_1LB0RD	QH	0
1RB0RD_1LC1RB_0LB1RA_1LC0RD	QH	0
1RB0RD_1LC1RB_1LD0LC_1RA0LC	DN	99998039
1RB0RD_1LC1RB_1LD0LC_1RA0RA	DN	99999978
1RB0RD_1LC1RB_1LD0LC_1RA0RD	DN	99999978
1RB0RD_1LC1RB_1LD0LC_1RA1LD	DN	99998035
1RB0RD_1LC1RB_1LD0LC_1RA1RA	DN	99999978
1RB0RD_1LC1RD_0LB1RA_1LB0RD	QH	0
1RB0RD_1LC1RD_0LB1RA_1LC0RD	QH	0
1RB0RD_1LC1RD_0LC1RB_1LA0RB	QH	0
1RB0RD_1LC1RD_0RA1LB_1LA0LC	DN	99999989
1RB0RD_1LC1RD_0RB0LC_1RB1LA	SP	50331632
1RB0RD_1LC1RD_0RD0LC_1LC1RA	QH	7
1RB0RD_1LC1RD_0RD0LC_1RA---	QH	5
1RB0RD_1LC1RD_1LA0LC_0RD1LC	QH	1
1RB0RD_1LC1RD_1LA0LC_1RA1LD	DN	99999977
1RB0RD_1LC1RD_1LA1LC_0LB0RD	SP	83885883
1RB0RD_1LC1RD_1LA1LC_0RA1RB	SP	44681970
1RB0RD_1LC1RD_1LA1LC_1LA1RB	SP	25141262
1RB0RD_1LC1RD_1LA1LC_1RC1RB	SP	44673802
1RB0RD_1LC1RD_1LD0LC_1RA0LC	DN	99969712
1RB0RD_1LC1RD_1LD0LC_1RA0RA	DN	99999982
1RB0RD_1LC1RD_1LD0LC_1RA0RD	DN	99999979
1RB0RD_1LC1RD_1LD0LC_1RA1LD	DN	99969708
1RB0RD_1LC1RD_1LD0LD_1RA0LC	DN	99999971
1RB0RD_1LC1RD_1LD1LB_1RA0LC	SP	89347720
1RB0RD_1RC---_0LA1RA_1LD0LA	DN	99914068
1RB0RD_1RC---_1LD1RA_0RB0LD	QH	12
1RB0RD_1RC---_1RD1LC_0LC1RA	SP	67108760
1RB0RD_1RC0LA_1LD1RB_0RB0LD	QH	0
1RB0RD_1RC0LB_1LD1LB_1RA0LC	DN	99999987
1RB0RD_1RC0LC_1LD1RA_0RC0LD	QH	10
1RB0RD_1RC0LD_0LA1RB_1LC1LB	SP	65816466
1RB0RD_1RC0LD_1LB1RA_0LC1RC	DN	99999989
1RB0RD_1RC0RA_1LD0RB_1LB0LC	DN	99999984
1RB0RD_1RC0RB_0LA0RD_1LD1LB	QH	0
1RB0RD_1RC0RB_0LA1RA_1LD1LB	SP	89494775
1RB0RD_1RC0RB_0LA1RC_1LD1LB	QH	0
1RB0RD_1RC0RB_1LD1RA_0RC0LD	QH	10
1RB0RD_1RC0RD_0LB1RA_1LD0LA	DN	99914068
1RB0RD_1RC1LA_1LD1RB_0RB0LD	QH	0
1RB0RD_1RC1LB_0LB1RA_0LB1RD	DN	99955350
1RB0RD_1RC1LB_0LB1RA_0RC1RD	SP	89511132
1RB0RD_1RC1LB_0LB1RA_1LB1RD	SP	89445756
1RB0RD_1RC1LB_0LB1RA_1RC1RD	SP	89478444
1RB0RD_1RC1LB_0LB1RD_0LA0RC	SP	50331664
1RB0RD_1RC1LB_0LD1RA_0LB1RD	DN	99956410
1RB0RD_1RC1LB_0LD1RA_1LB1RD	SP	50282585
1RB0RD_1RC1LB_0RD0RA_1LD0LB	DN	99988223
1RB0RD_1RC1LB_0RD1RA_1LD0LB	SP	25147445
1RB0RD_1RC1LB_1LA1RD_0LB0RC	QH	3
1RB0RD_1RC1LB_1LA1RD_0LC0RD	DN	99999985
1RB0RD_1RC1LB_1LB0RA_1LD0LB	SP	82628508
1RB0RD_1RC1LB_1LB1RA_0LB1RD	DN	99136209
1RB0RD_1RC1LB_1LB1RA_0LC1RA	SP	55923972
1RB0RD_1RC1LB_1LB1RA_1LB1RD	SP	50282563
1RB0RD_1RC1LB_1LB1RA_1LD0LA	DN	99963342
1RB0RD_1RC1LB_1LC1RA_1LD0LB	SP	37699717
1RB0RD_1RC1LB_1LD1RA_0LB1RD	DN	99137541
1RB0RD_1RC1LB_1LD1RA_0RB0LB	DN	99997496
1RB0RD_1RC1LB_1LD1RA_1LB1RD	SP	89380351
1RB0RD_1RC1LB_1RD1RA_0LB1RD	DN	99136875
1RB0RD_1RC1LB_1RD1RA_1LB1RD	SP	89380329
1RB0RD_1RC1LC_0LB1RA_1LD0LA	DN	99918330
1RB0RD_1RC1LD_0LB0RC_0LA1LD	SP	75497409
1RB0RD_1RC1LD_0LB0RC_1LB0LA	QH	5
1RB0RD_1RC1LD_0LD0RC_1LB0LA	QH	0
1RB0RD_1RC1LD_1LB1RA_1LD0LA	DN	99909806
1RB0RD_1RC1RA_0LD1LD_0RA1LC	SP	67108761
1RB0RD_1RC1RA_1LA0RB_0LC1LD	SP	75436054
1RB0RD_1RC1RA_1LD0RB_1LA0LC	SP	89396624
1RB0RD_1RC1RA_1LD1LC_1RB0LC	SP	26889895
1RB0RD_1RC1RA_1RD1LC_0LC1RB	QH	0
1RB0RD_1RC1RB_1LD1RA_0RC0LD	QH	10
1RB0RD_1RC1RC_1LD0RC_0LD1LA	QH	1
1RB0RD_1RC1RD_1LA0LC_0RD1LC	QH	1
1RB0RD_1RC1RD_1LA1LC_0LC0RD	QH	1
1RB0RD_1RC1RD_1LB1RA_1LD0LA	DN	99918330
1RB1LA_0LA0LC_0RD1RC_0LA1RD	DN	99803209
1RB1LA_0LA0LC_1LC1RD_0RB0RD	DN	99999989
1RB1LA_0LA0RC_0LA0RD_0LA1RC	DN	99999981
1RB1LA_0LA0RC_0LA0RD_0LA1RD	DN	99999977
1RB1LA_0LA0RC_0LA1RC_------	DN	99805879
1RB1LA_0LA0RC_0LA1RD_0LA0RB	DN	99999982
1RB1LA_0LA0RC_0LA1RD_0LA1RB	DN	99999977
1RB1LA_0LA0RC_0LA1RD_0LA1RC	DN	99805879
1RB1LA_0LA0RC_0LA1RD_0LA1RD	DN	99805877
1RB1LA_0LA0RC_0LA1RD_0LB0RB	DN	99999979
1RB1LA_0LA0RC_0LA1RD_0LB1RB	DN	99999974
1RB1LA_0LA0RC_0LA1RD_0LD0RB	DN	99999979
1RB1LA_0LA0RC_0LA1RD_0LD1RB	DN	99999982
1RB1LA_0LA0RC_0LA1RD_0LD1RC	DN	99580765
1RB1LA_0LA0RC_0LD0RB_1LD1LA	DN	99999990
1RB1LA_0LA0RC_0LD0RB_1LD1RA	DN	99999961
1RB1LA_0LA0RC_0LD0RB_1LD1RC	DN	99999983
1RB1LA_0LA0RC_0LD1RB_1RC1LD	DN	99999965
1RB1LA_0LA0RC_0LD1RC_0RB0RB	DN	99797878
1RB1LA_0LA0RC_0LD1RC_0RB1LA	DN	99807210
1RB1LA_0LA0RC_0LD1RC_0RB1RB	DN	99803206
1RB1LA_0LA0RC_0LD1RC_1LA0RB	DN	99795222
1RB1LA_0LA0RC_0LD1RC_1LA1LA	QH	1
1RB1LA_0LA0RC_0LD1RC_1LA1RB	DN	99800546
1RB1LA_0LA0RC_0LD1RC_1LC0RB	DN	99800534
1RB1LA_0LA0RC_0LD1RC_1LC1LA	QH	1
1RB1LA_0LA0RC_0LD1RC_1LC1RB	DN	99804536
1RB1LA_0LA0RC_0LD1RC_1LD1LA	QH	1
1RB1LA_0LA0RC_0LD1RC_1RA0RB	DN	99308446
1RB1LA_0LA0RC_0LD1RC_1RA1LA	DN	99314319
1RB1LA_0LA0RC_0LD1RC_1RA1LB	DN	99558596
1RB1LA_0LA0RC_0LD1RC_1RA1RB	DN	99666279
1RB1LA_0LA0RC_0LD1RC_1RB0RB	DN	99796550
1RB1LA_0LA0RC_0LD1RC_1RB1LA	DN	99805878
1RB1LA_0LA0RC_0LD1RC_1RB1RB	DN	99801876
1RB1LA_0LA0RC_0LD1RC_1RC0RB	DN	99799206
1RB1LA_0LA0RC_0LD1RC_1RC1LA	QH	1
1RB1LA_0LA0RC_0LD1RC_1RC1RB	DN	99803206
1RB1LA_0LA0RC_0RD0RB_1LB0LB	DN	99999978
1RB1LA_0LA0RC_0RD0RB_1LB0LC	DN	99999984
1RB1LA_0LA0RC_0RD0RB_1LD1LB	QH	8
1RB1LA_0LA0RC_0RD0RC_1LD1LB	QH	8
1RB1LA_0LA0RC_0RD1RB_1LB0LB	DN	99999972
1RB1LA_0LA0RC_0RD1RB_1LB0LC	DN	99999982
1RB1LA_0LA0RC_0RD1RB_1LD1LB	QH	8
1RB1LA_0LA0RC_0RD1RC_1LD0LA	DN	99967825
1RB1LA_0LA0RC_0RD1RD_0LB0RB	DN	99999972
1RB1LA_0LA0RC_0RD1RD_0LB0RC	DN	99999985
1RB1LA_0LA0RC_0RD1RD_0LB1RB	DN	99999974
1RB1LA_0LA0RC_1LC1LD_0RA0LA	SP	27484215
1RB1LA_0LA0RC_1LC1LD_1RB0LA	DN	92981719
1RB1LA_0LA0RC_1LC1RD_0LA1RD	QH	1
1RB1LA_0LA0RC_1LD1RC_1LA0LA	QH	1
1RB1LA_0LA0RC_1LD1RC_1RA0LA	QH	1
1RB1LA_0LA0RC_1RD1RC_0LD0LA	DN	99803209
1RB1LA_0LA0RC_1RD1RC_1LD0LA	SP	25196477
1RB1LA_0LA1LC_0LC1RD_0RD0RB	DN	99999989
1RB1LA_0LA1LC_0RD0LC_1RD0RB	DN	99999990
1RB1LA_0LA1LC_1RD0LC_0RD0RB	DN	99999990
1RB1LA_0LA1LC_1RD0LC_0RD1LA	QH	1
1RB1LA_0LA1LC_1RD0LC_0RD1RA	QH	10
1RB1LA_0LA1LC_1RD0LC_0RD1RB	DN	99999991
1RB1LA_0LA1RC_0LA0RB_------	SP	83885885
1RB1LA_0LA1RC_0LA0RD_0LA0RB	DN	99999975
1RB1LA_0LA1RC_0LA0RD_0LA0RC	DN	99999991
1RB1LA_0LA1RC_0LA0RD_0LA1RB	DN	99999959
1RB1LA_0LA1RC_0LA0RD_0LA1RD	DN	99313899
1RB1LA_0LA1RC_0LA0RD_0RB1RD	SP	89576742
1RB1LA_0LA1RC_0LA0RD_1LA1RD	QH	1
1RB1LA_0LA1RC_0LA0RD_1RB1RD	SP	89544004
1RB1LA_0LA1RC_0LA1RD_0LA0RB	SP	62914151
1RB1LA_0LA1RC_0LA1RD_0LA0RC	DN	99999969
1RB1LA_0LA1RC_0LA1RD_0LA0RD	DN	99999983
1RB1LA_0LA1RC_0LA1RD_0LB0RB	SP	67108451
1RB1LA_0LA1RC_0LA1RD_0LB0RC	DN	99999963
1RB1LA_0LA1RC_0LA1RD_0LD0RB	SP	71302751
1RB1LA_0LA1RC_0LA1RD_0LD0RC	DN	99999991
1RB1LA_0LA1RC_0LA1RD_0RA0RB	SP	83886027
1RB1LA_0LA1RC_0LA1RD_0RB0LC	DN	92274250
1RB1LA_0LA1RC_0LA1RD_0RB0RB	SP	75497168
1RB1LA_0LA1RC_0LA1RD_0RC0RB	SP	75497300
1RB1LA_0LA1RC_0LA1RD_1LA0RB	SP	75497084
1RB1LA_0LA1RC_0LA1RD_1LC0RB	SP	75497210
1RB1LA_0LA1RC_0LA1RD_1LD0RB	SP	75497384
1RB1LA_0LA1RC_0LA1RD_1RA0RB	SP	83885939
1RB1LA_0LA1RC_0LA1RD_1RB0RB	SP	75497126
1RB1LA_0LA1RC_0LA1RD_1RC0RB	SP	75497258
1RB1LA_0LA1RC_0LC0RB_------	SP	75497273
1RB1LA_0LA1RC_0LC0RD_0LA0RB	DN	99999982
1RB1LA_0LA1RC_0LC0RD_0LA1RB	DN	99999985
1RB1LA_0LA1RC_0LC0RD_0LA1RD	DN	99315575
1RB1LA_0LA1RC_0LC1RD_0LA0RB	SP	83885663
1RB1LA_0LA1RC_0LC1RD_0LA0RD	DN	99999981
1RB1LA_0LA1RC_0LC1RD_0LD0RB	SP	67108445
1RB1LA_0LA1RC_0LC1RD_0RB0LC	SP	83885948
1RB1LA_0LA1RC_0LC1RD_0RB0RB	SP	67108820
1RB1LA_0LA1RC_0LC1RD_1LA0RB	SP	67108648
1RB1LA_0LA1RC_0LC1RD_1LC0RB	SP	67108906
1RB1LA_0LA1RC_0LC1RD_1RA0RB	SP	67108809
1RB1LA_0LA1RC_0LC1RD_1RB0RB	SP	67108734
1RB1LA_0LA1RC_0LD0RB_---0RB	SP	75497273
1RB1LA_0LA1RC_0LD0RB_---1LA	SP	83885885
1RB1LA_0LA1RC_0LD0RB_---1RA	SP	50331619
1RB1LA_0LA1RC_0LD0RB_---1RB	DN	99999985
1RB1LA_0LA1RC_0LD0RB_0LA0RD	SP	75497273
1RB1LA_0LA1RC_0LD0RB_0LA1RD	DN	92274491
1RB1LA_0LA1RC_0LD0RB_0LC1RD	SP	83885877
1RB1LA_0LA1RC_0LD0RB_0RA1LD	DN	92274491
1RB1LA_0LA1RC_0LD0RB_0RB0RC	SP	83885878
1RB1LA_0LA1RC_0LD0RB_0RB1RD	SP	50331663
1RB1LA_0LA1RC_0LD0RB_1LA0RC	DN	92274491
1RB1LA_0LA1RC_0LD0RB_1LA1LD	SP	75497273
1RB1LA_0LA1RC_0LD0RB_1LA1RD	SP	50331575
1RB1LA_0LA1RC_0LD0RB_1LB1RD	SP	50331707
1RB1LA_0LA1RC_0LD0RB_1RA0LD	DN	99999988
1RB1LA_0LA1RC_0LD0RB_1RA0RC	SP	50331664
1RB1LA_0LA1RC_0LD0RB_1RA1LD	SP	79691577
1RB1LA_0LA1RC_0LD0RB_1RB0RC	SP	75497274
1RB1LA_0LA1RC_0LD0RB_1RB1LD	SP	83885885
1RB1LA_0LA1RC_0LD0RB_1RB1RD	SP	50331619
1RB1LA_0LA1RC_0LD0RB_1RC1LD	DN	99999962
1RB1LA_0LA1RC_0LD0RC_1LD0RB	DN	99999989
1RB1LA_0LA1RC_0LD0RD_0LA0RB	DN	99999937
1RB1LA_0LA1RC_0LD0RD_0LA1RB	DN	99999967
1RB1LA_0LA1RC_0LD0RD_0LA1RD	DN	99314737
1RB1LA_0LA1RC_0LD0RD_0RB1RD	SP	89543969
1RB1LA_0LA1RC_0LD0RD_1LA1RD	QH	1
1RB1LA_0LA1RC_0LD0RD_1RB1RD	SP	89511233
1RB1LA_0LA1RC_0LD1RD_0LA0RB	SP	71302755
1RB1LA_0LA1RC_0LD1RD_0LA0RD	DN	99999990
1RB1LA_0LA1RC_0LD1RD_0LB0RB	SP	83885655
1RB1LA_0LA1RC_0LD1RD_0LD0RB	SP	79691355
1RB1LA_0LA1RC_0LD1RD_0RA0RB	SP	58720117
1RB1LA_0LA1RC_0LD1RD_0RB0RB	DN	92274376
1RB1LA_0LA1RC_0LD1RD_1LA0RB	DN	92274292
1RB1LA_0LA1RC_0LD1RD_1LC0RB	DN	92274418
1RB1LA_0LA1RC_0LD1RD_1LD0RB	DN	92274764
1RB1LA_0LA1RC_0LD1RD_1RA0RB	SP	58719949
1RB1LA_0LA1RC_0LD1RD_1RB0RB	DN	92274334
1RB1LA_0LA1RC_0LD1RD_1RC0RB	DN	92274554
1RB1LA_0LA1RC_0RB0RB_------	SP	50331619
1RB1LA_0LA1RC_0RB0RD_0LA1RD	DN	99815428
1RB1LA_0LA1RC_0RB0RD_0LB0RB	DN	99999955
1RB1LA_0LA1RC_0RB0RD_0LD0RB	DN	99999925
1RB1LA_0LA1RC_0RB0RD_0RB1RD	SP	89543945
1RB1LA_0LA1RC_0RB0RD_1LA1RD	SP	89478521
1RB1LA_0LA1RC_0RB0RD_1RB1RD	SP	89511233
1RB1LA_0LA1RC_0RB1RD_0LA0LB	SP	71302995
1RB1LA_0LA1RC_0RB1RD_0LA0RB	SP	58720128
1RB1LA_0LA1RC_0RB1RD_0LB0LB	SP	83885955
1RB1LA_0LA1RC_0RB1RD_0LB0RB	SP	67108827
1RB1LA_0LA1RC_0RB1RD_0LD0LB	DN	99999988
1RB1LA_0LA1RC_0RB1RD_0LD0RB	SP	67108648
1RB1LA_0LA1RC_0RB1RD_0RB0LB	SP	83885913
1RB1LA_0LA1RC_0RB1RD_0RB0LC	SP	83885904
1RB1LA_0LA1RC_0RB1RD_0RB0RB	SP	67108776
1RB1LA_0LA1RC_0RB1RD_1LA0LB	SP	83885829
1RB1LA_0LA1RC_0RB1RD_1LA0RB	SP	67108692
1RB1LA_0LA1RC_0RB1RD_1LC0LB	SP	83885997
1RB1LA_0LA1RC_0RB1RD_1LC0RB	SP	67108818
1RB1LA_0LA1RC_0RB1RD_1RB0LB	SP	83885871
1RB1LA_0LA1RC_0RB1RD_1RB0RB	SP	67108734
1RB1LA_0LA1RC_0RD0LB_0LA1RD	DN	99531880
1RB1LA_0LA1RC_0RD0RB_0LA---	SP	50331619
1RB1LA_0LA1RC_0RD0RB_0LB---	DN	99999985
1RB1LA_0LA1RC_0RD0RB_0LD0RB	SP	83885877
1RB1LA_0LA1RC_0RD0RB_0LD1LA	DN	92274491
1RB1LA_0LA1RC_0RD0RB_0LD1LB	QH	31
1RB1LA_0LA1RC_0RD0RB_0LD1RA	SP	50331663
1RB1LA_0LA1RC_0RD0RB_0LD1RB	SP	75497273
1RB1LA_0LA1RC_0RD0RB_1LB0LA	SP	50331587
1RB1LA_0LA1RC_0RD0RB_1LB0LB	DN	99999985
1RB1LA_0LA1RC_0RD0RB_1LB0LC	SP	75497272
1RB1LA_0LA1RC_0RD0RB_1LB0LD	SP	50331676
1RB1LA_0LA1RC_0RD0RB_1LB0RA	SP	67108927
1RB1LA_0LA1RC_0RD0RB_1LB0RD	SP	50331668
1RB1LA_0LA1RC_0RD0RB_1LB1LB	QH	6
1RB1LA_0LA1RC_0RD0RB_1LB1RA	SP	67108721
1RB1LA_0LA1RC_0RD0RB_1LB1RD	SP	67108770
1RB1LA_0LA1RC_0RD0RB_1LC0LA	SP	50331664
1RB1LA_0LA1RC_0RD0RB_1LC0LB	SP	75497274
1RB1LA_0LA1RC_0RD0RB_1LC1LB	QH	6
1RB1LA_0LA1RC_0RD0RB_1LC1RA	SP	33554441
1RB1LA_0LA1RC_0RD0RB_1LD0LA	SP	58720238
1RB1LA_0LA1RC_0RD0RB_1LD1LB	QH	57
1RB1LA_0LA1RC_0RD0RB_1RA---	SP	33554418
1RB1LA_0LA1RC_0RD0RC_1LD1LB	QH	18
1RB1LA_0LA1RC_0RD0RD_0LA1RD	DN	99815428
1RB1LA_0LA1RC_0RD1RD_0LA0RB	SP	58720128
1RB1LA_0LA1RC_0RD1RD_0LB0RB	DN	99999991
1RB1LA_0LA1RC_0RD1RD_0LB0RC	DN	99999989
1RB1LA_0LA1RC_0RD1RD_0LD0RB	SP	67108445
1RB1LA_0LA1RC_0RD1RD_1RA0RB	SP	44739182
1RB1LA_0LA1RC_1LA0RB_------	SP	50331531
1RB1LA_0LA1RC_1LA0RD_0LA1RD	QH	1
1RB1LA_0LA1RC_1LA0RD_0LB0RB	DN	99999967
1RB1LA_0LA1RC_1LA0RD_0LB1RD	SP	89609651
1RB1LA_0LA1RC_1LA0RD_0LD0RB	DN	99999959
1RB1LA_0LA1RC_1LA0RD_0RB1RD	SP	89543897
1RB1LA_0LA1RC_1LA0RD_1LA1RD	QH	1
1RB1LA_0LA1RC_1LA0RD_1RB1RD	SP	89511185
1RB1LA_0LA1RC_1LA1RD_0LA0RB	SP	58720044
1RB1LA_0LA1RC_1LA1RD_0LB0RB	SP	67108651
1RB1LA_0LA1RC_1LA1RD_0LD0RB	SP	67108564
1RB1LA_0LA1RC_1LA1RD_0RB0LC	SP	83885816
1RB1LA_0LA1RC_1LA1RD_0RB0RB	SP	67108688
1RB1LA_0LA1RC_1LA1RD_1LA0RB	SP	67108604
1RB1LA_0LA1RC_1LA1RD_1LC0RB	SP	67108730
1RB1LA_0LA1RC_1LA1RD_1RB0RB	SP	67108646
1RB1LA_0LA1RC_1LB0RB_------	SP	50331663
1RB1LA_0LA1RC_1LB0RD_0LA1RD	DN	99816486
1RB1LA_0LA1RC_1LB1RD_0LA0RB	SP	58720128
1RB1LA_0LA1RC_1LB1RD_0LD0RB	SP	67108732
1RB1LA_0LA1RC_1LB1RD_0RB0LC	SP	83886021
1RB1LA_0LA1RC_1LB1RD_0RB0RB	SP	67108853
1RB1LA_0LA1RC_1LB1RD_0RC0RB	SP	44739105
1RB1LA_0LA1RC_1LB1RD_1LA0RB	SP	67108765
1RB1LA_0LA1RC_1LB1RD_1LC0RB	SP	67108897
1RB1LA_0LA1RC_1LB1RD_1RB0RB	SP	67108809
1RB1LA_0LA1RC_1LC1RD_0LA0RB	SP	58720170
1RB1LA_0LA1RC_1LC1RD_0LB0RB	SP	67108915
1RB1LA_0LA1RC_1LC1RD_0LD0RB	SP	67108690
1RB1LA_0LA1RC_1LC1RD_0RB0LC	SP	83885992
1RB1LA_0LA1RC_1LC1RD_0RB0RB	SP	67108820
1RB1LA_0LA1RC_1LC1RD_1LA0RB	SP	67108736
1RB1LA_0LA1RC_1LC1RD_1LC0RB	SP	67108862
1RB1LA_0LA1RC_1LC1RD_1RB0RB	SP	67108778
1RB1LA_0LA1RC_1LD0RB_---1LA	SP	50331531
1RB1LA_0LA1RC_1LD0RB_---1LC	SP	50332490
1RB1LA_0LA1RC_1LD0RB_---1RA	SP	50331575
1RB1LA_0LA1RC_1LD0RB_---1RC	SP	50331663
1RB1LA_0LA1RC_1LD0RB_0LA1RD	SP	50331619
1RB1LA_0LA1RC_1LD0RB_0LB0RD	SP	83885877
1RB1LA_0LA1RC_1LD0RB_0LC1RD	SP	50331707
1RB1LA_0LA1RC_1LD0RB_0RA1LD	SP	50331575
1RB1LA_0LA1RC_1LD0RB_0RB1LD	SP	50331719
1RB1LA_0LA1RC_1LD0RB_1LA1LD	SP	50331376
1RB1LA_0LA1RC_1LD0RB_1RA1LD	SP	50331418
1RB1LA_0LA1RC_1LD0RB_1RA1RD	SP	33554352
1RB1LA_0LA1RC_1LD0RB_1RB1LD	SP	50331531
1RB1LA_0LA1RC_1LD0RD_0LA1RD	QH	1
1RB1LA_0LA1RC_1LD0RD_0RB1RD	SP	50356150
1RB1LA_0LA1RC_1LD0RD_1LA1RD	QH	1
1RB1LA_0LA1RC_1LD0RD_1RB1RD	SP	50331630
1RB1LA_0LA1RC_1RA0RD_0LA1RD	DN	99391957
1RB1LA_0LA1RC_1RA0RD_0RB1RD	SP	50356106
1RB1LA_0LA1RC_1RA0RD_1LA1RD	SP	50307110
1RB1LA_0LA1RC_1RA0RD_1RB1RD	SP	50331608
1RB1LA_0LA1RC_1RA1RD_---0RB	SP	67108765
1RB1LA_0LA1RC_1RA1RD_0RB0LC	SP	83885933
1RB1LA_0LA1RC_1RB0LD_0RA1LC	DN	99530822
1RB1LA_0LA1RC_1RB0LD_0RC1LC	DN	99530822
1RB1LA_0LA1RC_1RB0LD_0RC1LD	SP	50331483
1RB1LA_0LA1RC_1RB0LD_0RD1LC	DN	99810134
1RB1LA_0LA1RC_1RB0LD_1LA1LC	SP	89478498
1RB1LA_0LA1RC_1RB0LD_1LC1LC	SP	89478498
1RB1LA_0LA1RC_1RB0LD_1RA1LC	SP	88366153
1RB1LA_0LA1RC_1RB0LD_1RC1LC	SP	88366153
1RB1LA_0LA1RC_1RB0LD_1RD1LC	SP	89511210
1RB1LA_0LA1RC_1RB0RB_------	SP	50331575
1RB1LA_0LA1RC_1RB0RD_0LA1RD	DN	99814370
1RB1LA_0LA1RC_1RB0RD_0LB0RB	DN	99999978
1RB1LA_0LA1RC_1RB0RD_0LD0RB	DN	99999977
1RB1LA_0LA1RC_1RB0RD_0RB1RD	SP	89543921
1RB1LA_0LA1RC_1RB0RD_1LA1RD	SP	89478497
1RB1LA_0LA1RC_1RB0RD_1RB1RD	SP	89511209
1RB1LA_0LA1RC_1RB1LD_0RA0LC	SP	44739205
1RB1LA_0LA1RC_1RB1RD_0LA0RB	SP	58720086
1RB1LA_0LA1RC_1RB1RD_0LB0RB	SP	67108739
1RB1LA_0LA1RC_1RB1RD_0LD0RB	SP	67108606
1RB1LA_0LA1RC_1RB1RD_0RB0LC	SP	83885860
1RB1LA_0LA1RC_1RB1RD_0RB0RB	SP	67108732
1RB1LA_0LA1RC_1RB1RD_1LA0RB	SP	67108648
1RB1LA_0LA1RC_1RB1RD_1LC0RB	SP	67108774
1RB1LA_0LA1RC_1RB1RD_1RB0RB	SP	67108690
1RB1LA_0LA1RC_1RD0LB_0LA0RB	SP	75497038
1RB1LA_0LA1RC_1RD0LB_0LD0RB	DN	99999988
1RB1LA_0LA1RC_1RD0LB_0RB0RB	SP	83885978
1RB1LA_0LA1RC_1RD0LB_1LA0RB	SP	83885890
1RB1LA_0LA1RC_1RD0LB_1LC0RB	SP	83886066
1RB1LA_0LA1RC_1RD0LB_1RB0RB	SP	83885934
1RB1LA_0LA1RC_1RD0RB_0LA---	SP	50331575
1RB1LA_0LA1RC_1RD0RB_0LC---	SP	50331663
1RB1LA_0LA1RC_1RD0RB_0LD0LA	DN	92274491
1RB1LA_0LA1RC_1RD0RB_0LD0LC	SP	83885877
1RB1LA_0LA1RC_1RD0RB_0LD0RB	SP	50331663
1RB1LA_0LA1RC_1RD0RB_0LD1LA	SP	50331575
1RB1LA_0LA1RC_1RD0RB_0LD1LB	SP	50331707
1RB1LA_0LA1RC_1RD0RB_0LD1RB	SP	50331619
1RB1LA_0LA1RC_1RD0RB_1LD0LA	SP	50331545
1RB1LA_0LA1RC_1RD0RB_1LD0LC	SP	50331713
1RB1LA_0LA1RC_1RD0RB_1RA---	SP	33554330
1RB1LA_0LA1RC_1RD0RD_0LA1RD	QH	1
1RB1LA_0LA1RC_1RD0RD_0LD0RB	DN	99999986
1RB1LA_0LA1RC_1RD0RD_0RB1RD	SP	50356128
1RB1LA_0LA1RC_1RD0RD_1LA1RD	QH	1
1RB1LA_0LA1RC_1RD0RD_1RB1RD	SP	50331608
1RB1LA_0LA1RC_1RD1RD_0LA0RB	SP	58720086
1RB1LA_0LA1RC_1RD1RD_0LD0RB	SP	67108690
1RB1LA_0LA1RC_1RD1RD_0RB0LC	SP	83885977
1RB1LA_0LA1RC_1RD1RD_0RB0RB	SP	67108809
1RB1LA_0LA1RC_1RD1RD_1LA0RB	SP	67108721
1RB1LA_0LA1RC_1RD1RD_1LC0RB	SP	67108853
1RB1LA_0LA1RC_1RD1RD_1RB0RB	SP	67108765
1RB1LA_0LB0RC_0LD1RC_1LA1LA	QH	1
1RB1LA_0LB0RC_0LD1RC_1RC1LA	QH	1
1RB1LA_0LB0RC_1LD1RC_1LA0LA	DN	99533467
1RB1LA_0LB0RC_1LD1RC_1RA0LA	DN	99534525
1RB1LA_0LB0RC_1LD1RC_1RC0LA	QH	1
1RB1LA_0LB1LC_1RD0LC_0RD1LA	QH	1
1RB1LA_0LB1RC_0LA0RD_0LA0RC	DN	99999971
1RB1LA_0LB1RC_0LA0RD_0LA1RB	DN	99999988
1RB1LA_0LB1RC_0LA0RD_0LA1RD	DN	99669221
1RB1LA_0LB1RC_0LA0RD_1LA1RD	QH	1
1RB1LA_0LB1RC_0LA1RD_0LA0RC	DN	99999969
1RB1LA_0LB1RC_0LA1RD_0LB0RC	DN	99999977
1RB1LA_0LB1RC_0LA1RD_0LD0RC	DN	99999965
1RB1LA_0LB1RC_0LA1RD_0RA0RB	SP	83886073
1RB1LA_0LB1RC_0LA1RD_0RB0RC	DN	99999973
1RB1LA_0LB1RC_0LA1RD_0RC0RB	DN	92274253
1RB1LA_0LB1RC_0LA1RD_1LA0RB	SP	79691345
1RB1LA_0LB1RC_0LA1RD_1LD0RB	DN	96468545
1RB1LA_0LB1RC_0LA1RD_1RA0RB	SP	83885985
1RB1LA_0LB1RC_0LA1RD_1RB0RB	SP	88079953
1RB1LA_0LB1RC_0LA1RD_1RC0RB	SP	83885645
1RB1LA_0LB1RC_0LC1RD_1LA0RB	DN	99999990
1RB1LA_0LB1RC_0LD0RD_0LA1RD	DN	99670901
1RB1LA_0LB1RC_0LD0RD_1LA1RD	QH	1
1RB1LA_0LB1RC_1LA0RD_0LA1RD	DN	99532938
1RB1LA_0LB1RC_1LA0RD_0LB1RD	SP	89576798
1RB1LA_0LB1RC_1LA0RD_1LA1RD	QH	1
1RB1LA_0LB1RC_1LA1RD_0LA0RB	SP	83885733
1RB1LA_0LB1RC_1LA1RD_0LB0RB	SP	67108646
1RB1LA_0LB1RC_1LA1RD_0LD0RB	DN	99999984
1RB1LA_0LB1RC_1LA1RD_0RB0RB	SP	67108690
1RB1LA_0LB1RC_1LA1RD_1LA0RB	SP	67108602
1RB1LA_0LB1RC_1LA1RD_1LC0RB	SP	67108734
1RB1LA_0LB1RC_1LB1RD_0LA0RB	DN	99999988
1RB1LA_0LB1RC_1LD0RD_0LA1RD	DN	99535054
1RB1LA_0LB1RC_1LD0RD_1LA1RD	QH	1
1RB1LA_0LB1RC_1RD0LB_0LA0RB	SP	79691343
1RB1LA_0LB1RC_1RD0RD_0LA1RD	DN	99533996
1RB1LA_0LB1RC_1RD0RD_1LA1RD	QH	1
1RB1LA_0LB1RC_1RD1RD_0LA0RB	DN	99999989
1RB1LA_0LC0LB_1RC0RD_1LB1RA	SP	89609426
1RB1LA_0LC0LB_1RC1RD_1LA0LD	SP	32317836
1RB1LA_0LC0LD_0LA1RC_0RC1RD	DN	99804541
1RB1LA_0LC0LD_1RC1RD_1LA0LB	SP	32317836
1RB1LA_0LC0RA_1LD0LD_1RA1LC	SP	67108900
1RB1LA_0LC0RA_1LD1LC_0RB0LD	DN	99998968
1RB1LA_0LC0RB_0LD1LD_1RA1LC	SP	67108809
1RB1LA_0LC0RB_1LC1RD_0LA0RD	DN	99999986
1RB1LA_0LC0RB_1LD1RC_0RA1LC	QH	2
1RB1LA_0LC0RC_0LA1RC_------	DN	99807213
1RB1LA_0LC0RC_0LA1RD_0LA1RC	DN	99807213
1RB1LA_0LC0RC_0LA1RD_0LA1RD	DN	99807211
1RB1LA_0LC0RC_0LA1RD_0LD1RC	DN	99583429
1RB1LA_0LC0RC_0LA1RD_0RB0RC	DN	99999981
1RB1LA_0LC0RC_0LA1RD_0RB0RD	DN	99999992
1RB1LA_0LC0RC_0LA1RD_0RB1LD	DN	99999965
1RB1LA_0LC0RC_0LA1RD_0RB1RB	DN	99999987
1RB1LA_0LC0RC_0LD1RC_1LA1LA	QH	1
1RB1LA_0LC0RC_0LD1RC_1LC1LA	QH	1
1RB1LA_0LC0RC_0LD1RC_1LD1LA	QH	1
1RB1LA_0LC0RC_0LD1RC_1RA1LA	DN	99315159
1RB1LA_0LC0RC_0LD1RC_1RB1LA	DN	99807212
1RB1LA_0LC0RC_0LD1RC_1RC1LA	QH	1
1RB1LA_0LC0RC_1LC1LD_0RA0LA	SP	27484231
1RB1LA_0LC0RC_1LC1LD_1RB0LA	DN	92981719
1RB1LA_0LC0RC_1LC1RD_0LA1RD	QH	1
1RB1LA_0LC0RC_1RD1RC_0LD0LA	DN	99805873
1RB1LA_0LC0RC_1RD1RC_1LD0LA	SP	69935740
1RB1LA_0LC0RD_0LA1LA_0RB1RD	DN	99803210
1RB1LA_0LC0RD_0LA1RC_0LA0RC	DN	99999986
1RB1LA_0LC0RD_0LA1RC_0LA1RC	DN	99807211
1RB1LA_0LC0RD_0LA1RC_0RB0RC	DN	99999982
1RB1LA_0LC0RD_0LA1RC_0RB1RC	DN	99808543
1RB1LA_0LC0RD_0LA1RC_0RB1RD	DN	99804542
1RB1LA_0LC0RD_0LA1RC_1LD1RC	QH	1
1RB1LA_0LC0RD_0LA1RD_0LA0RC	DN	99999973
1RB1LA_0LC0RD_0LA1RD_0LA1RC	DN	99807213
1RB1LA_0LC0RD_0LA1RD_0RB1RD	DN	99805874
1RB1LA_0LC0RD_0LC1RD_0LA1RC	DN	99582097
1RB1LA_0LC0RD_1LA0LB_0RA0RB	DN	99999987
1RB1LA_0LC0RD_1LA0LC_1RA0RA	DN	99999990
1RB1LA_0LC0RD_1LA0LC_1RA0RB	DN	99999986
1RB1LA_0LC0RD_1LA1LA_0LC1RD	QH	1
1RB1LA_0LC0RD_1LA1LB_0RC0RB	DN	99999987
1RB1LA_0LC0RD_1LA1LC_0LA1RB	DN	99999989
1RB1LA_0LC0RD_1LA1LC_0LC1RB	DN	99999991
1RB1LA_0LC0RD_1LC1LA_0LA0RB	DN	99999969
1RB1LA_0LC0RD_1LC1LA_0LC1RD	QH	1
1RB1LA_0LC0RD_1LC1RD_0LA0RB	DN	99999971
1RB1LA_0LC0RD_1LD0LC_1RA0RB	DN	99999990
1RB1LA_0LC0RD_1LD1LA_0LC1RD	QH	1
1RB1LA_0LC0RD_1RA1LA_0LC1RD	DN	99314319
1RB1LA_0LC0RD_1RA1LC_0LA1RB	DN	99999984
1RB1LA_0LC0RD_1RB1LA_0LC1RD	DN	99805878
1RB1LA_0LC0RD_1RD1LA_0LC1RD	QH	1
1RB1LA_0LC1RB_0RA1LD_1LC0RB	SP	67108808
1RB1LA_0LC1RB_1LD0RB_0RA1LC	SP	50331597
1RB1LA_0LC1RB_1LD0RB_1RA1LC	SP	50331545
1RB1LA_0LC1RB_1RA1LD_1LC0RB	SP	67108752
1RB1LA_0LC1RC_0LA0RD_1LA1RD	QH	1
1RB1LA_0LC1RC_0LA1RD_0LA0RC	DN	99999985
1RB1LA_0LC1RC_0LA1RD_0LA0RD	DN	99999984
1RB1LA_0LC1RC_0LA1RD_0LB0RC	DN	99999980
1RB1LA_0LC1RC_0LA1RD_0RB0RC	DN	99999980
1RB1LA_0LC1RC_0LA1RD_0RB0RD	DN	99999983
1RB1LA_0LC1RC_0LA1RD_1LA0RB	DN	99999984
1RB1LA_0LC1RC_0LA1RD_1LD0RB	DN	92274249
1RB1LA_0LC1RC_0LA1RD_1RC0RB	SP	79691343
1RB1LA_0LC1RC_0LC1RD_0LA0RD	DN	99999979
1RB1LA_0LC1RC_0LC1RD_1LA0RB	DN	99999991
1RB1LA_0LC1RC_0LD0RD_1LA1RD	QH	1
1RB1LA_0LC1RC_0LD1RD_0LA0RD	DN	99999975
1RB1LA_0LC1RC_0RA0LD_1LA1LC	SP	33546277
1RB1LA_0LC1RC_0RA0LD_1LC1LB	DN	99975876
1RB1LA_0LC1RC_0RD1RD_0LA0RB	DN	99999986
1RB1LA_0LC1RC_0RD1RD_1LA0LD	QH	1
1RB1LA_0LC1RC_1LA0RD_1LA1RD	QH	1
1RB1LA_0LC1RC_1LA1RD_0LA0RB	SP	79691429
1RB1LA_0LC1RC_1LA1RD_0LB0RB	SP	58720128
1RB1LA_0LC1RC_1LA1RD_0LD0RB	SP	88079991
1RB1LA_0LC1RC_1LA1RD_0RB0RB	SP	58720128
1RB1LA_0LC1RC_1LA1RD_1LA0RB	SP	58720082
1RB1LA_0LC1RC_1LA1RD_1LC0RB	SP	58720174
1RB1LA_0LC1RC_1LB1RD_0LA0RB	DN	99999988
1RB1LA_0LC1RC_1LD0RD_1LA1RD	QH	1
1RB1LA_0LC1RC_1RB1RD_0LA0RB	DN	99999988
1RB1LA_0LC1RC_1RC1RD_1LA0LD	QH	1
1RB1LA_0LC1RC_1RD0LB_0LA0RB	SP	75497040
1RB1LA_0LC1RC_1RD0RD_1LA1RD	QH	1
1RB1LA_0LC1RC_1RD1RD_0LA0RB	DN	99999981
1RB1LA_0LC1RD_0LA1RC_0LA0RC	DN	99314739
1RB1LA_0LC1RD_0LA1RC_0LC0RC	DN	99315577
1RB1LA_0LC1RD_0LA1RC_0LD0RC	DN	99317253
1RB1LA_0LC1RD_0LA1RC_0RB0RC	DN	99315577
1RB1LA_0LC1RD_0LA1RC_0RC0LB	DN	99532938
1RB1LA_0LC1RD_0LA1RC_0RC0RC	DN	99816488
1RB1LA_0LC1RD_0LA1RC_1LA0RC	QH	1
1RB1LA_0LC1RD_0LA1RC_1LB0RC	DN	99817546
1RB1LA_0LC1RD_0LA1RC_1LC0RC	QH	1
1RB1LA_0LC1RD_0LA1RC_1RA0RC	DN	99393015
1RB1LA_0LC1RD_0LA1RC_1RB0RC	DN	99815430
1RB1LA_0LC1RD_0LA1RC_1RC0RC	QH	1
1RB1LA_0LC1RD_0LB1RC_1LA0RC	SP	89576826
1RB1LA_0LC1RD_0RA1LA_0LA0RB	SP	67108882
1RB1LA_0LC1RD_0RA1LC_0LA0RB	SP	67108930
1RB1LA_0LC1RD_0RA1RD_0LA0RB	SP	67108928
1RB1LA_0LC1RD_0RD1LA_0LA0RB	DN	92274488
1RB1LA_0LC1RD_0RD1RD_0LA0RB	DN	99999987
1RB1LA_0LC1RD_1LA0LB_0LA0RB	QH	2
1RB1LA_0LC1RD_1LA0LC_0LA0RB	QH	2
1RB1LA_0LC1RD_1LA0RB_0LA0RB	QH	2
1RB1LA_0LC1RD_1LA0RB_0LA1RC	SP	71302826
1RB1LA_0LC1RD_1LA0RB_0LC1RC	SP	79691430
1RB1LA_0LC1RD_1LA0RB_0LD1RC	SP	58720128
1RB1LA_0LC1RD_1LA0RB_0RB1RC	SP	58720128
1RB1LA_0LC1RD_1LA0RB_1LA1RC	SP	58720084
1RB1LA_0LC1RD_1LA0RB_1LB1RC	SP	58720205
1RB1LA_0LC1RD_1LA0RB_1LD1RC	SP	58720172
1RB1LA_0LC1RD_1LA0RB_1RA1RC	SP	58720249
1RB1LA_0LC1RD_1LA0RB_1RB1RC	SP	58720172
1RB1LA_0LC1RD_1LA0RB_1RC1RC	SP	58720161
1RB1LA_0LC1RD_1LA0RC_0LA0RB	QH	2
1RB1LA_0LC1RD_1LA1LA_0LA0RB	QH	2
1RB1LA_0LC1RD_1LA1LB_0LA0RB	QH	2
1RB1LA_0LC1RD_1LA1LB_0RC0RD	DN	99999984
1RB1LA_0LC1RD_1LA1LC_0LA0RB	QH	2
1RB1LA_0LC1RD_1LA1LC_1LC0RB	SP	83885877
1RB1LA_0LC1RD_1LA1LC_1RB0RB	SP	83885921
1RB1LA_0LC1RD_1LA1LD_1LC0RB	SP	83886996
1RB1LA_0LC1RD_1LA1RC_0LA0RB	QH	2
1RB1LA_0LC1RD_1LA1RC_0LA0RC	QH	1
1RB1LA_0LC1RD_1LA1RC_0LC0RC	QH	1
1RB1LA_0LC1RD_1LA1RC_0RA0RB	SP	55924067
1RB1LA_0LC1RD_1LA1RC_0RB0RC	SP	50331658
1RB1LA_0LC1RD_1LA1RC_1LA0RC	QH	1
1RB1LA_0LC1RD_1LA1RC_1LC0RC	QH	1
1RB1LA_0LC1RD_1LA1RC_1RA0RB	SP	55924001
1RB1LA_0LC1RD_1LA1RC_1RA0RC	SP	34911661
1RB1LA_0LC1RD_1LA1RC_1RB0RC	SP	89445756
1RB1LA_0LC1RD_1LA1RC_1RC0RC	QH	1
1RB1LA_0LC1RD_1LA1RD_0LA0RB	QH	2
1RB1LA_0LC1RD_1LB1LA_1LC0RD	SP	67108885
1RB1LA_0LC1RD_1LC1LA_0LA0RB	SP	75497279
1RB1LA_0LC1RD_1LD1LA_0LA0RB	QH	2
1RB1LA_0LC1RD_1LD1RC_0LA0RB	QH	2
1RB1LA_0LC1RD_1LD1RD_0LA0RB	QH	2
1RB1LA_0LC1RD_1RA0LB_0LA0RB	DN	99999989
1RB1LA_0LC1RD_1RA1LA_0LA0RB	SP	67108794
1RB1LA_0LC1RD_1RA1LC_0LA0RB	SP	67108599
1RB1LA_0LC1RD_1RA1RD_0LA0RB	SP	67108840
1RB1LA_0LC1RD_1RB1LA_0LA0RB	SP	83885884
1RB1LA_0LC1RD_1RB1LC_0LA0RB	SP	83885885
1RB1LA_0LC1RD_1RB1LC_1LA0RB	SP	50331531
1RB1LA_0LC1RD_1RB1RD_0LA0RB	DN	92274490
1RB1LA_0LC1RD_1RD0LB_0LA0RB	QH	2
1RB1LA_0LC1RD_1RD0LC_0LA0RB	QH	2
1RB1LA_0LC1RD_1RD0RB_0LA0RB	QH	2
1RB1LA_0LC1RD_1RD0RB_0LA1RC	DN	99999991
1RB1LA_0LC1RD_1RD0RC_0LA0RB	QH	2
1RB1LA_0LC1RD_1RD1LA_0LA0RB	QH	2
1RB1LA_0LC1RD_1RD1LB_0LA0RB	QH	2
1RB1LA_0LC1RD_1RD1LB_0RA0RC	SP	49748176
1RB1LA_0LC1RD_1RD1LC_0LA0RB	QH	2
1RB1LA_0LC1RD_1RD1RC_0LA0RB	QH	2
1RB1LA_0LC1RD_1RD1RD_0LA0RB	QH	2
1RB1LA_0RC0LD_1LD1RC_0RA1LB	QH	4
1RB1LA_0RC0RB_0LD1LA_1LD0LA	DN	99969965
1RB1LA_0RC0RB_0RD1LA_1LD0LA	DN	99982563
1RB1LA_0RC0RB_0RD1RA_1LD0LA	DN	99976784
1RB1LA_0RC0RB_1LD1LA_1LC0LA	DN	99955620
1RB1LA_0RC0RB_1LD1LA_1LD0LA	DN	99969770
1RB1LA_0RC0RB_1LD1RA_1LC0LA	DN	99998031
1RB1LA_0RC0RB_1LD1RA_1LD0LA	DN	99983902
1RB1LA_0RC0RB_1LD1RC_0LA1LD	DN	99989979
1RB1LA_0RC0RC_0LD1RC_1LA1LA	QH	1
1RB1LA_0RC0RC_0LD1RC_1LC1LA	QH	1
1RB1LA_0RC0RC_0LD1RC_1LD1LA	QH	1
1RB1LA_0RC0RC_0LD1RC_1RC1LA	QH	1
1RB1LA_0RC0RC_1LC1LD_0RA0LA	SP	78492632
1RB1LA_0RC0RC_1LC1LD_1RB0LA	SP	52341858
1RB1LA_0RC0RC_1LC1RD_0LA1RD	QH	1
1RB1LA_0RC0RC_1LD1LA_1LD0LA	SP	44731039
1RB1LA_0RC0RC_1LD1RC_0LC0LA	DN	99758201
1RB1LA_0RC0RC_1LD1RC_1LA0LA	QH	1
1RB1LA_0RC0RC_1LD1RC_1LC0LA	QH	17
1RB1LA_0RC0RC_1LD1RC_1LD0LA	DN	99756991
1RB1LA_0RC0RC_1LD1RC_1RA0LA	QH	1
1RB1LA_0RC0RC_1LD1RC_1RC0LA	QH	15
1RB1LA_0RC0RD_0LC1LD_0LA1RD	QH	3
1RB1LA_0RC0RD_0LC1RD_0LA1RC	DN	99583429
1RB1LA_0RC0RD_0LD0LA_1LC1RD	DN	99440663
1RB1LA_0RC0RD_1LA0LA_1LC1RD	DN	99804874
1RB1LA_0RC0RD_1LA1LA_0LC1RD	QH	1
1RB1LA_0RC0RD_1LA1RC_0LC0LA	SP	50380778
1RB1LA_0RC0RD_1LA1RC_1LC0LA	SP	34972945
1RB1LA_0RC0RD_1LA1RC_1LD0LA	SP	42337551
1RB1LA_0RC0RD_1LB1LD_0LA1RD	QH	2
1RB1LA_0RC0RD_1LC0LA_0LA0LA	SP	25184193
1RB1LA_0RC0RD_1LC0LA_0LA0RC	DN	98132812
1RB1LA_0RC0RD_1LC0LA_0LA1LB	SP	25196431
1RB1LA_0RC0RD_1LC0LA_0LB0LA	SP	44731055
1RB1LA_0RC0RD_1LC0LA_0LB0RC	DN	97298873
1RB1LA_0RC0RD_1LC0LA_0LB1LB	SP	44747365
1RB1LA_0RC0RD_1LC0LA_0RA0LA	SP	44796544
1RB1LA_0RC0RD_1LC0LA_0RA0RC	DN	98043680
1RB1LA_0RC0RD_1LC0LA_0RA1LB	SP	44812922
1RB1LA_0RC0RD_1LC0LA_0RC0LA	SP	44796544
1RB1LA_0RC0RD_1LC0LA_0RC0RC	DN	99843105
1RB1LA_0RC0RD_1LC0LA_0RC1LB	SP	44812900
1RB1LA_0RC0RD_1LC0LA_0RD0LA	SP	44796544
1RB1LA_0RC0RD_1LC0LA_0RD1LB	SP	44812922
1RB1LA_0RC0RD_1LC0LA_1LA0LA	SP	25184193
1RB1LA_0RC0RD_1LC0LA_1LA0RC	DN	99987463
1RB1LA_0RC0RD_1LC0LA_1LA1LB	SP	25196451
1RB1LA_0RC0RD_1LC0LA_1LB0LA	SP	25184213
1RB1LA_0RC0RD_1LC0LA_1LB0RC	DN	98133162
1RB1LA_0RC0RD_1LC0LA_1LB1LB	SP	25196451
1RB1LA_0RC0RD_1LC0LA_1LC0LA	SP	44731035
1RB1LA_0RC0RD_1LC0LA_1LC0RC	DN	97298327
1RB1LA_0RC0RD_1LC0LA_1LC1LA	SP	44755609
1RB1LA_0RC0RD_1LC0LA_1LC1LB	SP	44747345
1RB1LA_0RC0RD_1LC0LA_1LC1RD	DN	99533996
1RB1LA_0RC0RD_1LC0LA_1LD0LA	SP	44731036
1RB1LA_0RC0RD_1LC0LA_1LD0RC	DN	98133863
1RB1LA_0RC0RD_1LC0LA_1LD1LB	SP	44747366
1RB1LA_0RC0RD_1LC0LA_1RA0LA	SP	25184213
1RB1LA_0RC0RD_1LC0LA_1RA0RC	DN	99987971
1RB1LA_0RC0RD_1LC0LA_1RA1LB	SP	25196471
1RB1LA_0RC0RD_1LC0LA_1RB0LA	SP	44796522
1RB1LA_0RC0RD_1LC0LA_1RB0RC	DN	98043088
1RB1LA_0RC0RD_1LC0LA_1RB1LB	SP	44812900
1RB1LA_0RC0RD_1LC0LA_1RC0LA	SP	44788233
1RB1LA_0RC0RD_1LC0LA_1RC0RC	DN	98181658
1RB1LA_0RC0RD_1LC0LA_1RC1LB	SP	44804543
1RB1LA_0RC0RD_1LC0LA_1RC1RD	SP	44763775
1RB1LA_0RC0RD_1LC0LA_1RD0RC	DN	99842553
1RB1LA_0RC0RD_1LC0LA_1RD1LB	SP	44812944
1RB1LA_0RC0RD_1LC0RA_0RB0LC	SP	83885929
1RB1LA_0RC0RD_1LC1LA_0LC1RD	QH	1
1RB1LA_0RC0RD_1LC1LD_0LA0RB	QH	3
1RB1LA_0RC0RD_1LC1LD_0LA1RB	QH	3
1RB1LA_0RC0RD_1LC1LD_0LA1RD	QH	3
1RB1LA_0RC0RD_1LC1RD_0RB0LA	DN	99999988
1RB1LA_0RC0RD_1LD0LA_1LC1RD	DN	99533996
1RB1LA_0RC0RD_1LD0LB_0LA1RB	DN	99999986
1RB1LA_0RC0RD_1LD0LD_0LA1RB	DN	99999986
1RB1LA_0RC0RD_1LD1LA_0LC1RD	QH	1
1RB1LA_0RC0RD_1LD1LD_0LA1RD	QH	2
1RB1LA_0RC0RD_1LD1RC_0LC0LA	DN	99565425
1RB1LA_0RC0RD_1LD1RC_1LC0LA	DN	99772209
1RB1LA_0RC0RD_1LD1RC_1LD0LA	DN	99823967
1RB1LA_0RC0RD_1RD1LA_0LC1RD	QH	1
1RB1LA_0RC1LB_1LA1RD_1RC0LB	SP	67108716
1RB1LA_0RC1LB_1LD1RC_1LA0LB	QH	4
1RB1LA_0RC1LB_1RD0LB_0LA1RC	SP	50331626
1RB1LA_0RC1LB_1RD0LB_1LA1RC	SP	50331482
1RB1LA_0RC1LC_1RD0LA_0LA0RA	SP	44862148
1RB1LA_0RC1LC_1RD0LA_0LA1RB	SP	44804691
1RB1LA_0RC1LC_1RD0LA_1LA0RA	SP	44812707
1RB1LA_0RC1LC_1RD0LA_1LA1RB	SP	44788209
1RB1LA_0RC1LC_1RD0LA_1LB0RA	SP	44894951
1RB1LA_0RC1LC_1RD0LA_1LB1RB	SP	44837415
1RB1LA_0RC1LC_1RD0LB_0LA1RC	DN	99532923
1RB1LA_0RC1LC_1RD0LB_1LA1RC	DN	99530796
1RB1LA_0RC1LD_1LB1RC_0LA0LB	SP	33554330
1RB1LA_0RC1LD_1LB1RC_0RA0LB	SP	50331700
1RB1LA_0RC1LD_1RD1RB_0LB0LA	SP	75472930
1RB1LA_0RC1RB_1LC0LD_0RA0LA	SP	89511221
1RB1LA_0RC1RB_1LC0LD_1LA0LA	SP	74588123
1RB1LA_0RC1RB_1LC0LD_1LA1RC	SP	69915166
1RB1LA_0RC1RB_1LC0LD_1RA0LA	SP	50331597
1RB1LA_0RC1RB_1LC0LD_1RB0LA	SP	89593067
1RB1LA_0RC1RB_1LD0RB_0LD1LA	DN	99989956
1RB1LA_0RC1RB_1LD0RC_0LD1LA	DN	99969979
1RB1LA_0RC1RB_1LD1RC_0LA0LD	DN	99969979
1RB1LA_0RC1RC_0LC1RD_1LA0RB	DN	99999990
1RB1LA_0RC1RC_0LD0RB_0LA1LD	DN	99999989
1RB1LA_0RC1RC_0LD0RB_1LA1LD	SP	50331547
1RB1LA_0RC1RC_0LD0RD_0LA0RB	DN	99999988
1RB1LA_0RC1RC_0LD0RD_0LA0RD	DN	99999990
1RB1LA_0RC1RC_0LD0RD_0LA1LB	DN	99999989
1RB1LA_0RC1RC_0LD0RD_0LA1RB	DN	99999978
1RB1LA_0RC1RC_0LD0RD_0LA1RD	DN	99670061
1RB1LA_0RC1RC_0LD0RD_1LA1RD	QH	1
1RB1LA_0RC1RC_0LD1RD_0LA0RB	DN	99999990
1RB1LA_0RC1RC_1LA0RD_0LA1RD	DN	99359986
1RB1LA_0RC1RC_1LA0RD_0LB1RD	SP	34972941
1RB1LA_0RC1RC_1LA0RD_1LA1RD	QH	1
1RB1LA_0RC1RC_1LD0RD_0LA1RD	DN	99956941
1RB1LA_0RC1RC_1LD0RD_1LA1RD	QH	1
1RB1LA_0RC1RC_1LD1RA_0RA0LD	DN	99999979
1RB1LA_0RC1RC_1RD0RD_0LA1RD	DN	99361318
1RB1LA_0RC1RC_1RD0RD_1LA1RD	QH	1
1RB1LA_0RC1RD_0LC1LD_0LA0RB	QH	3
1RB1LA_0RC1RD_0LD---_0LA0RB	DN	99999987
1RB1LA_0RC1RD_1LA1RC_0LA0RC	QH	1
1RB1LA_0RC1RD_1LA1RC_0LC0RC	QH	1
1RB1LA_0RC1RD_1LA1RC_1LA0RC	QH	1
1RB1LA_0RC1RD_1LA1RC_1LC0RC	QH	1
1RB1LA_0RC1RD_1LA1RC_1RC0RC	QH	1
1RB1LA_0RC1RD_1LB0LD_0LA0RB	DN	99999982
1RB1LA_0RC1RD_1LB1LD_0LA0RB	QH	2
1RB1LA_0RC1RD_1LC0LA_0LA0RB	SP	67109029
1RB1LA_0RC1RD_1LC0LA_0LD0RC	SP	44714745
1RB1LA_0RC1RD_1LC0LA_0RA0RC	SP	25171915
1RB1LA_0RC1RD_1LC0LA_0RB0RC	SP	44780100
1RB1LA_0RC1RD_1LC0LA_0RC0RC	SP	25171935
1RB1LA_0RC1RD_1LC0LA_0RD0RC	SP	44780122
1RB1LA_0RC1RD_1LC0LA_1LA0RC	SP	44714705
1RB1LA_0RC1RD_1LC0LA_1LB0RC	SP	25171955
1RB1LA_0RC1RD_1LC0LA_1LD0RC	SP	25171975
1RB1LA_0RC1RD_1LC0LA_1RA0RC	SP	44714725
1RB1LA_0RC1RD_1LC0LA_1RB0RC	SP	25171895
1RB1LA_0RC1RD_1LC0LA_1RD0RC	SP	25171915
1RB1LA_0RC1RD_1LC1LD_0LA0RB	QH	3
1RB1LA_0RC1RD_1LC1LD_0LA0RD	QH	3
1RB1LA_0RC1RD_1LD0LA_0LA0RB	SP	67108928
1RB1LA_0RC1RD_1LD0LB_0LA0RB	DN	99999988
1RB1LA_0RC1RD_1LD0LB_0LA0RD	DN	99999983
1RB1LA_0RC1RD_1LD0LD_0LA0RB	DN	99999987
1RB1LA_0RC1RD_1LD0LD_0LA0RD	DN	99999976
1RB1LA_0RC1RD_1LD1LD_0LA0RB	QH	2
1RB1LA_1LA0LC_0LB0RD_1RD1LB	QH	2
1RB1LA_1LA0LC_0LB0RD_1RD1LC	QH	2
1RB1LA_1LA0LC_0RD1RC_0LA1RD	DN	99311800
1RB1LA_1LA0LC_1RD0LC_0RD0LA	DN	99999990
1RB1LA_1LA0LC_1RD0LC_0RD1LB	QH	2
1RB1LA_1LA0RC_0LA0RD_1LD0LA	SP	46407514
1RB1LA_1LA0RC_0LA1RC_------	DN	99667961
1RB1LA_1LA0RC_0LA1RD_0LA1RC	DN	99667961
1RB1LA_1LA0RC_0LA1RD_0LA1RD	DN	99667959
1RB1LA_1LA0RC_0LA1RD_0LD1RC	DN	99844781
1RB1LA_1LA0RC_0LB0RD_0LB1RC	DN	99999984
1RB1LA_1LA0RC_0LB0RD_1LD0LA	SP	36571194
1RB1LA_1LA0RC_0LB1RD_0LA1RD	DN	99804540
1RB1LA_1LA0RC_0LD0RB_1LD1LB	DN	99813309
1RB1LA_1LA0RC_0LD1RC_1LA1LA	QH	1
1RB1LA_1LA0RC_0LD1RC_1LC1LA	QH	1
1RB1LA_1LA0RC_0LD1RC_1LD1LA	QH	1
1RB1LA_1LA0RC_0LD1RC_1RA1LA	DN	99847691
1RB1LA_1LA0RC_0LD1RC_1RB1LA	DN	99667960
1RB1LA_1LA0RC_0LD1RC_1RC1LA	QH	1
1RB1LA_1LA0RC_0RA0RD_1LD0LA	SP	16563355
1RB1LA_1LA0RC_0RC0RD_1LD0LA	SP	16563391
1RB1LA_1LA0RC_0RD0RB_1LD1LB	SP	89462114
1RB1LA_1LA0RC_0RD0RD_1LD0LA	SP	82628519
1RB1LA_1LA0RC_1LA0RD_1LD0LA	SP	82628487
1RB1LA_1LA0RC_1LB0RD_1LD0LA	SP	46407498
1RB1LA_1LA0RC_1LB1RD_0LA1RD	DN	99667121
1RB1LA_1LA0RC_1LC0RD_1LD0LA	SP	46407531
1RB1LA_1LA0RC_1LC1LD_0RA0LA	SP	15462992
1RB1LA_1LA0RC_1LC1LD_1RB0LA	SP	10314604
1RB1LA_1LA0RC_1LC1RD_0LA1RD	QH	1
1RB1LA_1LA0RC_1LD0RB_1LD1LA	SP	44706515
1RB1LA_1LA0RC_1LD0RB_1LD1RA	SP	44731039
1RB1LA_1LA0RC_1LD0RC_0LD0RA	DN	99999990
1RB1LA_1LA0RC_1LD0RC_0LD0RB	QH	2
1RB1LA_1LA0RC_1LD0RD_1LD0LA	SP	62173717
1RB1LA_1LA0RC_1LD1LA_1LD0LA	SP	44698348
1RB1LA_1LA0RC_1LD1RC_---0LA	DN	99532409
1RB1LA_1LA0RC_1LD1RC_0LD0RB	QH	2
1RB1LA_1LA0RC_1RA0RD_1LD0LA	SP	82628503
1RB1LA_1LA0RC_1RB0RD_1LD0LA	SP	16563337
1RB1LA_1LA0RC_1RC0RD_1LD0LA	SP	82628535
1RB1LA_1LA0RC_1RD0RD_1LD0LA	SP	62246452
1RB1LA_1LA0RC_1RD1RC_0LD0LA	DN	99311800
1RB1LA_1LA0RC_1RD1RC_1LD0LA	SP	44730947
1RB1LA_1LA1LC_1LB0RD_0LB1RD	QH	2
1RB1LA_1LA1LC_1LB0RD_0LC1RD	QH	2
1RB1LA_1LA1LC_1RD0LC_0RD1LA	QH	1
1RB1LA_1LA1LC_1RD0LC_0RD1RA	QH	1
1RB1LA_1LA1RC_---0RD_0LA1RD	DN	99531880
1RB1LA_1LA1RC_0LA0RB_------	SP	67108788
1RB1LA_1LA1RC_0LA0RD_0LB1RD	DN	99309701
1RB1LA_1LA1RC_0LA0RD_1LA1RD	QH	1
1RB1LA_1LA1RC_0LA0RD_1LB1RC	SP	67108700
1RB1LA_1LA1RC_0LA0RD_1RA1RC	SP	44739183
1RB1LA_1LA1RC_0LA1RD_0LA0RB	DN	92274335
1RB1LA_1LA1RC_0LA1RD_0LB0RB	SP	50331436
1RB1LA_1LA1RC_0LA1RD_0LB0RD	DN	99999986
1RB1LA_1LA1RC_0LA1RD_0LD0RB	SP	83885951
1RB1LA_1LA1RC_0LA1RD_0RB0LC	SP	50331505
1RB1LA_1LA1RC_0LA1RD_0RB0RB	SP	83885978
1RB1LA_1LA1RC_0LA1RD_0RC0RB	SP	83885934
1RB1LA_1LA1RC_0LA1RD_1LA0RB	SP	83885819
1RB1LA_1LA1RC_0LA1RD_1LC0RB	SP	83886022
1RB1LA_1LA1RC_0LA1RD_1LD0RB	SP	83885995
1RB1LA_1LA1RC_0LA1RD_1RB0RB	SP	83885890
1RB1LA_1LA1RC_0LA1RD_1RC0RB	SP	83885863
1RB1LA_1LA1RC_0LC1RD_0LA0RB	SP	50331394
1RB1LA_1LA1RC_0LD0RB_---1LA	SP	67108788
1RB1LA_1LA1RC_0LD0RB_0LA1LD	DN	99993956
1RB1LA_1LA1RC_0LD0RB_1LA1LD	SP	50331503
1RB1LA_1LA1RC_0LD0RB_1RB1LD	QH	2
1RB1LA_1LA1RC_0LD0RD_1LA1RD	QH	1
1RB1LA_1LA1RC_0LD1RD_0LB0RD	DN	99999986
1RB1LA_1LA1RC_0RA0RD_0LB1RC	SP	55924043
1RB1LA_1LA1RC_0RB1RD_1LA0LD	SP	33562610
1RB1LA_1LA1RC_0RC1LD_1LA0LD	QH	1
1RB1LA_1LA1RC_0RD0LB_0LA1RD	DN	99812250
1RB1LA_1LA1RC_0RD1RD_1LA0LD	QH	1
1RB1LA_1LA1RC_1LA0RD_0LB1RD	SP	89576770
1RB1LA_1LA1RC_1LA0RD_1LA1RD	QH	1
1RB1LA_1LA1RC_1LA1RD_0LA0RB	SP	50331470
1RB1LA_1LA1RC_1LB1RD_0LA0RB	SP	50331554
1RB1LA_1LA1RC_1LD0RB_0RC0LD	QH	2
1RB1LA_1LA1RC_1LD0RD_1LA1RD	QH	1
1RB1LA_1LA1RC_1RA0RD_0LB1RC	SP	55923977
1RB1LA_1LA1RC_1RA0RD_1LA1RB	DN	99999972
1RB1LA_1LA1RC_1RA0RD_1LA1RD	SP	34911639
1RB1LA_1LA1RC_1RB0LD_0RA1LC	DN	99528705
1RB1LA_1LA1RC_1RB0LD_0RC1LC	DN	99528705
1RB1LA_1LA1RC_1RB0LD_0RC1LD	SP	50331394
1RB1LA_1LA1RC_1RB0LD_0RD1LC	DN	99808017
1RB1LA_1LA1RC_1RB0LD_1LA1LC	SP	89478445
1RB1LA_1LA1RC_1RB0LD_1LC1LC	SP	89478445
1RB1LA_1LA1RC_1RB0LD_1RA1LC	SP	52572745
1RB1LA_1LA1RC_1RB0LD_1RC1LC	SP	52572745
1RB1LA_1LA1RC_1RB0LD_1RD1LC	SP	89511157
1RB1LA_1LA1RC_1RB0RD_1LA1RD	SP	89445732
1RB1LA_1LA1RC_1RB1LD_0LB0LC	SP	17903888
1RB1LA_1LA1RC_1RB1LD_0RA0LC	SP	44706459
1RB1LA_1LA1RC_1RC1RD_1LA0LD	QH	1
1RB1LA_1LA1RC_1RD0LB_0LA0RB	SP	67108640
1RB1LA_1LA1RC_1RD0RD_1LA1RD	QH	1
1RB1LA_1LA1RC_1RD1RD_0LA0RB	SP	50331512
1RB1LA_1LB0RC_0LD1RC_1LA1LA	QH	1
1RB1LA_1LB0RC_0LD1RC_1LC1LA	QH	1
1RB1LA_1LB0RC_0LD1RC_1LD1LA	QH	1
1RB1LA_1LB0RC_0LD1RC_1RC1LA	QH	1
1RB1LA_1LB0RC_1LC1LD_0RA0LA	SP	78492692
1RB1LA_1LB0RC_1LC1LD_1RB0LA	SP	52341898
1RB1LA_1LB0RC_1LC1RD_0LA1RD	QH	1
1RB1LA_1LB0RC_1LD1LA_1LD0LA	SP	44731087
1RB1LA_1LB0RC_1LD1RC_0LC0LA	DN	99252259
1RB1LA_1LB0RC_1LD1RC_0LD0LA	DN	98960355
1RB1LA_1LB0RC_1LD1RC_1LC0LA	QH	7
1RB1LA_1LB0RC_1LD1RC_1LD0LA	DN	99251051
1RB1LA_1LB0RC_1LD1RC_1RC0LA	QH	7
1RB1LA_1LB1LC_0LD0LC_1RD0RA	SP	81845025
1RB1LA_1LB1LC_1RD0LC_0RD1LA	QH	1
1RB1LA_1LB1LC_1RD0LC_0RD1RA	QH	1
1RB1LA_1LB1RC_0LA0RB_------	SP	67108931
1RB1LA_1LB1RC_0LA0RD_1LA1RD	QH	1
1RB1LA_1LB1RC_0LC0RD_1LD0LA	SP	67043533
1RB1LA_1LB1RC_0LD0RB_---1LA	SP	67108931
1RB1LA_1LB1RC_0LD0RD_1LA1RD	QH	1
1RB1LA_1LB1RC_0RA0RD_1LD0LA	SP	37736389
1RB1LA_1LB1RC_0RB0RD_1LD0LA	SP	67141470
1RB1LA_1LB1RC_0RC0RD_1LD0LA	SP	67141514
1RB1LA_1LB1RC_0RC1LD_1LA0LD	QH	1
1RB1LA_1LB1RC_0RD0RD_1LD0LA	SP	37736449
1RB1LA_1LB1RC_1LA0RD_1LA1RD	QH	1
1RB1LA_1LB1RC_1LA0RD_1LD0LA	SP	67043453
1RB1LA_1LB1RC_1LB0RD_1LD0LA	SP	37736469
1RB1LA_1LB1RC_1LC0RD_1LD0LA	SP	37736509
1RB1LA_1LB1RC_1LD0RD_1LA1RD	QH	1
1RB1LA_1LB1RC_1RA0RD_1LD0LA	SP	67043473
1RB1LA_1LB1RC_1RB0RD_1LD0LA	SP	37736369
1RB1LA_1LB1RC_1RC0RD_1LD0LA	SP	37736409
1RB1LA_1LB1RC_1RD0RD_1LA1RD	QH	1
1RB1LA_1LC0LC_1RD1LB_1LA0RD	QH	25
1RB1LA_1LC0LD_0LA1RC_0RC1RD	DN	99313476
1RB1LA_1LC0LD_1RC0LB_1RD0RA	DN	99999977
1RB1LA_1LC0RA_0LD1LC_0RA0LA	SP	44714615
1RB1LA_1LC0RA_0LD1LC_1LA0LA	SP	25122751
1RB1LA_1LC0RA_0LD1LC_1RA0LA	SP	25122771
1RB1LA_1LC0RA_0LD1LC_1RD0LA	SP	69833310
1RB1LA_1LC0RA_0RB1LD_0LC0LD	DN	99986391
1RB1LA_1LC0RA_1LA1LD_0LC0LD	DN	99974487
1RB1LA_1LC0RA_1LD0LC_0RB0LA	DN	99982930
1RB1LA_1LC0RA_1LD0LC_0RB1LC	DN	99998398
1RB1LA_1LC0RA_1LD0LD_0RB0LC	DN	99999515
1RB1LA_1LC0RA_1RD0LB_0LA1RC	SP	34942147
1RB1LA_1LC0RA_1RD0LB_1LA1RC	SP	50319111
1RB1LA_1LC0RA_1RD0LB_1LB1RC	SP	34901477
1RB1LA_1LC0RB_0LA0LD_1RA0RB	DN	99959952
1RB1LA_1LC0RB_0LA0LD_1RD0RB	DN	99959953
1RB1LA_1LC0RB_0LA1RD_1LA0RD	DN	99976322
1RB1LA_1LC0RB_0LA1RD_1RC0RD	DN	99984484
1RB1LA_1LC0RB_0LC0RD_0LA1RD	DN	99999987
1RB1LA_1LC0RB_0LC0RD_1LA1RD	QH	3
1RB1LA_1LC0RB_0LC1RD_0RB0LA	QH	3
1RB1LA_1LC0RB_0LC1RD_0RB1LA	QH	3
1RB1LA_1LC0RB_0LC1RD_0RD0LA	DN	99999986
1RB1LA_1LC0RB_0LD0RA_0LD1RB	DN	99999983
1RB1LA_1LC0RB_0LD0RA_1LC1RB	DN	99999984
1RB1LA_1LC0RB_0LD0RA_1LC1RD	DN	99999984
1RB1LA_1LC0RB_0LD1RA_0LD0RA	DN	99999989
1RB1LA_1LC0RB_0RD0LC_1RD0LA	DN	99999986
1RB1LA_1LC0RB_1LD0RA_0LC0LA	DN	99999986
1RB1LA_1LC0RB_1LD0RA_0LC1LA	QH	3
1RB1LA_1LC0RB_1LD0RA_0LC1RA	DN	99999985
1RB1LA_1LC0RB_1LD0RA_0LD1RB	DN	99999986
1RB1LA_1LC0RB_1LD1LA_0LC0RA	SP	83886003
1RB1LA_1LC0RB_1LD1RB_0LC0RA	DN	92274492
1RB1LA_1LC0RB_1LD1RB_0LC1RA	SP	50331620
1RB1LA_1LC0RB_1LD1RC_0LC0LA	DN	99999986
1RB1LA_1LC0RB_1LD1RC_0LC0RA	DN	99999984
1RB1LA_1LC0RB_1RD0LC_1LA1RA	DN	99999983
1RB1LA_1LC0RB_1RD0LC_1LD1RA	DN	99999985
1RB1LA_1LC0RC_0LA1RC_------	DN	99669641
1RB1LA_1LC0RC_0LA1RD_0LA1RC	DN	99669641
1RB1LA_1LC0RC_0LA1RD_0LA1RD	DN	99669639
1RB1LA_1LC0RC_0LA1RD_0LD1RC	DN	99846461
1RB1LA_1LC0RC_0LB1RD_0LA1RD	DN	99807204
1RB1LA_1LC0RC_0LD1RC_1LA1LA	QH	1
1RB1LA_1LC0RC_0LD1RC_1LC1LA	QH	1
1RB1LA_1LC0RC_0LD1RC_1LD1LA	QH	1
1RB1LA_1LC0RC_0LD1RC_1RA1LA	DN	99848975
1RB1LA_1LC0RC_0LD1RC_1RB1LA	DN	99669640
1RB1LA_1LC0RC_0LD1RC_1RC1LA	QH	1
1RB1LA_1LC0RC_1LB1RD_0LA1RD	DN	99669639
1RB1LA_1LC0RC_1LC1LD_0RA0LA	SP	15463008
1RB1LA_1LC0RC_1LC1LD_1RB0LA	SP	10314604
1RB1LA_1LC0RC_1LC1RD_0LA1RD	QH	1
1RB1LA_1LC0RC_1LD1LA_1LD0LA	SP	44698348
1RB1LA_1LC0RC_1LD1RC_0LC0LA	QH	10
1RB1LA_1LC0RC_1LD1RC_0RA0LA	QH	10
1RB1LA_1LC0RC_1LD1RC_0RB0LA	DN	99078800
1RB1LA_1LC0RC_1LD1RC_0RD0LA	DN	99534522
1RB1LA_1LC0RC_1LD1RC_1LA0LA	DN	98970609
1RB1LA_1LC0RC_1LD1RC_1LB0LA	QH	10
1RB1LA_1LC0RC_1LD1RC_1LC0LA	QH	1
1RB1LA_1LC0RC_1LD1RC_1LD0LA	QH	10
1RB1LA_1LC0RC_1LD1RC_1RA0LA	DN	98971137
1RB1LA_1LC0RC_1LD1RC_1RB0LA	QH	10
1RB1LA_1LC0RC_1LD1RC_1RC0LA	QH	1
1RB1LA_1LC0RC_1LD1RC_1RD0LA	QH	10
1RB1LA_1LC0RC_1RD1RC_0LD0LA	DN	99314314
1RB1LA_1LC0RC_1RD1RC_1LD0LA	SP	69874334
1RB1LA_1LC0RD_0LA1RC_0LA1RC	DN	99669639
1RB1LA_1LC0RD_0LA1RC_0LB1RC	DN	99807204
1RB1LA_1LC0RD_0LA1RC_0RB1RC	DN	99849614
1RB1LA_1LC0RD_0LA1RC_1LB1RC	DN	99669639
1RB1LA_1LC0RD_0LA1RC_1LD1RC	QH	1
1RB1LA_1LC0RD_0LA1RD_0LA1RC	DN	99669641
1RB1LA_1LC0RD_0LB0RA_1LB0RB	DN	99999988
1RB1LA_1LC0RD_0LC1RA_0LB1RD	DN	99796540
1RB1LA_1LC0RD_0LC1RD_0LA1RC	DN	99847301
1RB1LA_1LC0RD_0LC1RD_1RA0RB	DN	99999986
1RB1LA_1LC0RD_0RA0LC_0LA1RD	DN	99999979
1RB1LA_1LC0RD_0RA1LA_0LB1RD	DN	99801866
1RB1LA_1LC0RD_0RA1LB_0LB1RD	SP	50331684
1RB1LA_1LC0RD_0RA1LB_0LC1RD	SP	67108931
1RB1LA_1LC0RD_0RA1RA_0LB1RD	DN	99796540
1RB1LA_1LC0RD_0RB0LC_0LA1RD	DN	99999987
1RB1LA_1LC0RD_0RC1LA_0LB1RD	DN	99801866
1RB1LA_1LC0RD_1LA0LB_1RB0RD	DN	99969770
1RB1LA_1LC0RD_1LA1LA_0LB1RD	DN	99797882
1RB1LA_1LC0RD_1LA1LA_0LC1RD	QH	1
1RB1LA_1LC0RD_1LA1LB_0LB1RD	SP	41943005
1RB1LA_1LC0RD_1LA1LB_0LC1RD	SP	27961984
1RB1LA_1LC0RD_1LA1RA_0LB1RD	DN	99791236
1RB1LA_1LC0RD_1LB0RA_0RB0LB	DN	99999984
1RB1LA_1LC0RD_1LC0RA_0RB0LB	DN	99999984
1RB1LA_1LC0RD_1LC0RA_0RB0LC	SP	83885979
1RB1LA_1LC0RD_1LC1LA_0LB1RD	DN	99797882
1RB1LA_1LC0RD_1LC1LA_0LC1RD	QH	1
1RB1LA_1LC0RD_1LC1RA_0LB1RD	DN	99792562
1RB1LA_1LC0RD_1LD1LA_0LB1RD	DN	99803194
1RB1LA_1LC0RD_1LD1LA_0LC1RD	QH	1
1RB1LA_1LC0RD_1LD1RA_0LB1RD	DN	99797866
1RB1LA_1LC0RD_1RA0LB_1RB0RD	DN	99983902
1RB1LA_1LC0RD_1RA1LA_0LB1RD	DN	99799210
1RB1LA_1LC0RD_1RA1LA_0LC1RD	DN	99847691
1RB1LA_1LC0RD_1RA1LB_0LB1RD	SP	67108874
1RB1LA_1LC0RD_1RA1LB_0LC1RD	SP	44739243
1RB1LA_1LC0RD_1RA1RA_0LB1RD	DN	99792562
1RB1LA_1LC0RD_1RB1LA_0LB1RD	DN	99800538
1RB1LA_1LC0RD_1RB1LA_0LC1RD	DN	99667960
1RB1LA_1LC0RD_1RB1RA_0LB1RD	DN	99795214
1RB1LA_1LC0RD_1RC1LA_0LB1RD	DN	99799210
1RB1LA_1LC0RD_1RC1RA_0LB1RD	DN	99532478
1RB1LA_1LC0RD_1RD1LA_0LB1RD	DN	99801866
1RB1LA_1LC0RD_1RD1LA_0LC1RD	QH	1
1RB1LA_1LC0RD_1RD1RA_0LB1RD	DN	99796540
1RB1LA_1LC1LC_1RD0LB_0LA1RC	SP	89445754
1RB1LA_1LC1LC_1RD0LB_1LA1RC	SP	34932039
1RB1LA_1LC1LD_0LA1RD_1RC0LB	SP	22442030
1RB1LA_1LC1LD_0RC1RA_1RC0LD	QH	1
1RB1LA_1LC1RB_---1LD_0RA0LA	SP	89478495
1RB1LA_1LC1RB_---1LD_0RB0LA	SP	89511264
1RB1LA_1LC1RB_---1LD_1LA0LA	SP	50307086
1RB1LA_1LC1RB_---1LD_1RA0LA	SP	50307108
1RB1LA_1LC1RB_---1LD_1RB0LA	SP	89478471
1RB1LA_1LC1RB_0LA0LD_0RA0RB	SP	89544002
1RB1LA_1LC1RB_0LA0LD_1RA0RB	SP	89511183
1RB1LA_1LC1RB_0LA0LD_1RD0RB	SP	68564240
1RB1LA_1LC1RB_0RA1LD_0LB0LC	SP	27962034
1RB1LA_1LC1RB_0RA1LD_0LC0LA	SP	89478495
1RB1LA_1LC1RB_0RA1LD_1LB0LA	SP	89413040
1RB1LA_1LC1RB_0RA1LD_1LB0LC	SP	27961968
1RB1LA_1LC1RB_0RA1LD_1LC0LA	SP	50307108
1RB1LA_1LC1RB_0RB1LD_0LC0LA	SP	89478519
1RB1LA_1LC1RB_0RB1LD_0RA0LC	SP	50331573
1RB1LA_1LC1RB_0RB1LD_1LB0LA	SP	50307108
1RB1LA_1LC1RB_0RB1LD_1LC0LA	SP	89478495
1RB1LA_1LC1RB_1LA1LD_1LB0LA	SP	34891233
1RB1LA_1LC1RB_1LA1LD_1LC0LA	SP	89413018
1RB1LA_1LC1RB_1RA1LD_0LC0LA	SP	50307086
1RB1LA_1LC1RB_1RA1LD_1LB0LA	SP	34891253
1RB1LA_1LC1RB_1RA1LD_1LC0LA	SP	89413040
1RB1LA_1LC1RB_1RB1LD_1LB0LA	SP	89413018
1RB1LA_1LC1RB_1RB1LD_1LC0LA	SP	50307086
1RB1LA_1LC1RC_0LA0RD_0LA1RD	DN	99536112
1RB1LA_1LC1RC_0LA0RD_0LB1RD	DN	99313891
1RB1LA_1LC1RC_0LA0RD_1LA1RD	QH	1
1RB1LA_1LC1RC_0LA0RD_1RA1RC	SP	44739279
1RB1LA_1LC1RC_0LA1RD_0RA0RB	SP	41943016
1RB1LA_1LC1RC_0LA1RD_0RB0LC	SP	50331398
1RB1LA_1LC1RC_0LA1RD_0RB0RB	SP	83885906
1RB1LA_1LC1RC_0LA1RD_1LA0RB	SP	83885605
1RB1LA_1LC1RC_0LA1RD_1LC0RB	SP	83885994
1RB1LA_1LC1RC_0LA1RD_1LD0RB	SP	83886343
1RB1LA_1LC1RC_0LA1RD_1RA0RB	SP	41942932
1RB1LA_1LC1RC_0LD0RD_0LA1RD	DN	99537170
1RB1LA_1LC1RC_0LD0RD_1LA1RD	QH	1
1RB1LA_1LC1RC_0RA0LD_1LA1LC	SP	33497274
1RB1LA_1LC1RC_0RA0LD_1LC0LD	DN	99976993
1RB1LA_1LC1RC_1LA0RD_0LA1RD	QH	1
1RB1LA_1LC1RC_1LA0RD_1LA1RD	QH	1
1RB1LA_1LC1RC_1LA1RD_0LA0RB	SP	50331362
1RB1LA_1LC1RC_1LD0RD_0LA1RD	QH	1
1RB1LA_1LC1RC_1LD0RD_1LA1RD	QH	1
1RB1LA_1LC1RC_1RA1RD_0LA0RB	SP	33554112
1RB1LA_1LC1RC_1RA1RD_1RC0RB	DN	99999969
1RB1LA_1LC1RC_1RD0RD_0LA1RD	QH	1
1RB1LA_1LC1RC_1RD0RD_1LA1RD	QH	1
1RB1LA_1LC1RD_0LA1RC_---0RC	DN	99533996
1RB1LA_1LC1RD_0LA1RC_0RC0LB	DN	99814366
1RB1LA_1LC1RD_0LB1LA_1LB0RD	SP	50331622
1RB1LA_1LC1RD_0LB1RA_1LB0RD	SP	50331668
1RB1LA_1LC1RD_0LB1RC_0LA0RC	DN	99312215
1RB1LA_1LC1RD_0LB1RC_1LA0RC	SP	50380774
1RB1LA_1LC1RD_0LC1RA_0LA0RB	SP	67108834
1RB1LA_1LC1RD_0RA0LB_0LA0RB	QH	2
1RB1LA_1LC1RD_0RA0LC_0LA0RB	QH	2
1RB1LA_1LC1RD_0RA0RA_0LA0RB	QH	2
1RB1LA_1LC1RD_0RA0RB_0LA0RB	QH	2
1RB1LA_1LC1RD_0RA0RD_0LA0RB	QH	2
1RB1LA_1LC1RD_0RA1LA_0LA0RB	QH	2
1RB1LA_1LC1RD_0RA1LB_0LA0RB	QH	2
1RB1LA_1LC1RD_0RA1LC_0LA0RB	QH	2
1RB1LA_1LC1RD_0RA1RA_0LA0RB	QH	2
1RB1LA_1LC1RD_0RA1RB_0LA0RB	QH	2
1RB1LA_1LC1RD_0RA1RD_0LA0RB	QH	2
1RB1LA_1LC1RD_0RB0LB_0LA0RB	QH	2
1RB1LA_1LC1RD_0RB0LC_0LA0RB	QH	2
1RB1LA_1LC1RD_0RB0RA_0LA0RB	QH	2
1RB1LA_1LC1RD_0RB0RB_0LA0RB	QH	2
1RB1LA_1LC1RD_0RB0RB_0LA1RC	SP	83886075
1RB1LA_1LC1RD_0RB0RC_0LA0RB	QH	3
1RB1LA_1LC1RD_0RB0RD_0LA0RB	QH	2
1RB1LA_1LC1RD_0RB1LA_0LA0RB	QH	2
1RB1LA_1LC1RD_0RB1LB_0LA0RB	QH	2
1RB1LA_1LC1RD_0RB1LC_0LA0RB	QH	2
1RB1LA_1LC1RD_0RB1RA_0LA0RB	QH	2
1RB1LA_1LC1RD_0RB1RB_0LA0RB	QH	2
1RB1LA_1LC1RD_0RB1RC_0LA0RB	QH	3
1RB1LA_1LC1RD_0RB1RD_0LA0RB	QH	2
1RB1LA_1LC1RD_0RC1LA_0LA0RB	SP	67108832
1RB1LA_1LC1RD_0RC1RA_0LA0RB	SP	44739230
1RB1LA_1LC1RD_0RC1RD_0LA0RB	SP	67108886
1RB1LA_1LC1RD_0RD0RB_0LA1RC	SP	83886118
1RB1LA_1LC1RD_1LA0LB_0LA0RB	QH	2
1RB1LA_1LC1RD_1LA0LC_0LA0RB	QH	2
1RB1LA_1LC1RD_1LA0LC_0RD1LC	QH	1
1RB1LA_1LC1RD_1LA0LC_1RA0RB	DN	99999981
1RB1LA_1LC1RD_1LA0RA_0LA0RB	QH	2
1RB1LA_1LC1RD_1LA0RB_0LA0RB	QH	2
1RB1LA_1LC1RD_1LA0RB_0LA1RC	SP	83885750
1RB1LA_1LC1RD_1LA0RC_0LA0RB	QH	3
1RB1LA_1LC1RD_1LA0RD_0LA0RB	QH	2
1RB1LA_1LC1RD_1LA0RD_0LB0RD	DN	99999989
1RB1LA_1LC1RD_1LA1LA_0LA0RB	QH	2
1RB1LA_1LC1RD_1LA1LA_0LB0RD	DN	99999984
1RB1LA_1LC1RD_1LA1LA_0LC0RB	SP	67108700
1RB1LA_1LC1RD_1LA1LB_0LA0RB	QH	2
1RB1LA_1LC1RD_1LA1LB_0LB0RD	DN	99999976
1RB1LA_1LC1RD_1LA1LC_0LA0RB	QH	2
1RB1LA_1LC1RD_1LA1RA_0LA0RB	QH	2
1RB1LA_1LC1RD_1LA1RA_0LB0RD	DN	99999988
1RB1LA_1LC1RD_1LA1RB_0LA0RB	QH	2
1RB1LA_1LC1RD_1LA1RC_0LA0RB	QH	3
1RB1LA_1LC1RD_1LA1RC_0LA0RC	QH	1
1RB1LA_1LC1RD_1LA1RC_0LC0RC	QH	1
1RB1LA_1LC1RD_1LA1RC_0RB0RC	SP	34932069
1RB1LA_1LC1RD_1LA1RC_1LA0RC	QH	1
1RB1LA_1LC1RD_1LA1RC_1LC0RC	QH	1
1RB1LA_1LC1RD_1LA1RC_1RA0RC	SP	68421117
1RB1LA_1LC1RD_1LA1RC_1RB0RC	SP	50282585
1RB1LA_1LC1RD_1LA1RC_1RC0RC	QH	1
1RB1LA_1LC1RD_1LA1RD_0LA0RB	QH	2
1RB1LA_1LC1RD_1LB0RA_0LA0RB	QH	2
1RB1LA_1LC1RD_1LB0RB_0LA0RB	QH	2
1RB1LA_1LC1RD_1LB1LA_0LA0RB	QH	2
1RB1LA_1LC1RD_1LB1RA_0LA0RB	QH	2
1RB1LA_1LC1RD_1LB1RB_0LA0RB	QH	2
1RB1LA_1LC1RD_1LB1RC_0LA0RB	QH	3
1RB1LA_1LC1RD_1LB1RD_0LA0RB	QH	2
1RB1LA_1LC1RD_1LC1LA_0LA0RB	SP	67108700
1RB1LA_1LC1RD_1LC1LA_0LC0RB	SP	67108700
1RB1LA_1LC1RD_1LC1RA_0LA0RB	SP	67108746
1RB1LA_1LC1RD_1LC1RD_0LA0RB	SP	67108930
1RB1LA_1LC1RD_1LD0LC_0RA0LC	DN	99976993
1RB1LA_1LC1RD_1LD0LC_1RA0RD	DN	99999986
1RB1LA_1LC1RD_1LD0RB_0LA1RC	SP	83886165
1RB1LA_1LC1RD_1RA0LB_0LA0RB	QH	2
1RB1LA_1LC1RD_1RA0LB_0RC0RB	DN	99999738
1RB1LA_1LC1RD_1RA0LC_0LA0RB	QH	2
1RB1LA_1LC1RD_1RA0RA_0LA0RB	QH	2
1RB1LA_1LC1RD_1RA0RB_0LA0RB	QH	2
1RB1LA_1LC1RD_1RA0RD_0LA0RB	QH	2
1RB1LA_1LC1RD_1RA0RD_0LB0RD	DN	99999988
1RB1LA_1LC1RD_1RA1LA_0LA0RB	QH	2
1RB1LA_1LC1RD_1RA1LA_0LB0RD	DN	99999984
1RB1LA_1LC1RD_1RA1LB_0LA0RB	QH	2
1RB1LA_1LC1RD_1RA1LB_0LB0RD	DN	99999985
1RB1LA_1LC1RD_1RA1LC_0LA0RB	QH	2
1RB1LA_1LC1RD_1RA1RA_0LA0RB	QH	2
1RB1LA_1LC1RD_1RA1RA_0LB0RD	DN	99999982
1RB1LA_1LC1RD_1RA1RB_0LA0RB	QH	2
1RB1LA_1LC1RD_1RA1RD_0LA0RB	QH	2
1RB1LA_1LC1RD_1RB0LB_0LA0RB	QH	2
1RB1LA_1LC1RD_1RB0RA_0LA0RB	QH	2
1RB1LA_1LC1RD_1RB0RB_0LA0RB	QH	2
1RB1LA_1LC1RD_1RB0RB_0LA1RC	SP	83886074
1RB1LA_1LC1RD_1RB0RD_0LA0RB	QH	2
1RB1LA_1LC1RD_1RB1LA_0LA0RB	QH	2
1RB1LA_1LC1RD_1RB1LB_0LA0RB	QH	2
1RB1LA_1LC1RD_1RB1LC_0LA0RB	QH	2
1RB1LA_1LC1RD_1RB1RA_0LA0RB	QH	2
1RB1LA_1LC1RD_1RB1RB_0LA0RB	QH	2
1RB1LA_1LC1RD_1RB1RD_0LA0RB	QH	2
1RB1LA_1LC1RD_1RC0LB_0LA0RB	DN	92274493
1RB1LA_1LC1RD_1RC1LA_0LA0RB	SP	67108744
1RB1LA_1LC1RD_1RC1RA_0LA0RB	SP	44739098
1RB1LA_1LC1RD_1RC1RD_0LA0RB	SP	67108798
1RB1LA_1RC0LB_1LD0RD_0RD0LA	DN	99999974
1RB1LA_1RC0LC_0LA0RD_0LA1RD	DN	99529762
1RB1LA_1RC0LC_0LD0RD_0LA1RD	DN	99530818
1RB1LA_1RC0LC_1LA0RD_0LA1RD	DN	99811186
1RB1LA_1RC0LC_1LD0RD_0LA1RD	DN	99813298
1RB1LA_1RC0LC_1LD1RA_0RB0LD	SP	83888721
1RB1LA_1RC0LC_1LD1RA_0RC0LD	SP	67111420
1RB1LA_1RC0LC_1RD0RD_0LA1RD	DN	99812242
1RB1LA_1RC0LD_0LA0RB_1LB0RC	DN	99999973
1RB1LA_1RC0LD_0LA0RB_1LB1RB	DN	99999972
1RB1LA_1RC0LD_0LA0RC_0LC1LB	DN	99984791
1RB1LA_1RC0LD_0LA1RB_0RB1LB	DN	99527103
1RB1LA_1RC0LD_0LA1RB_0RC1LB	SP	88366131
1RB1LA_1RC0LD_0LA1RB_0RC1LD	SP	67108740
1RB1LA_1RC0LD_0LA1RB_0RD1LB	DN	99805357
1RB1LA_1RC0LD_0LA1RB_1LB1LB	SP	50356213
1RB1LA_1RC0LD_0LA1RB_1LC1LB	SP	57280642
1RB1LA_1RC0LD_0LA1RB_1RB1LB	SP	88341903
1RB1LA_1RC0LD_0LA1RB_1RD1LB	SP	50380733
1RB1LA_1RC0LD_0LA1RC_0RC1RD	DN	99312638
1RB1LA_1RC0LD_0RD0RB_1LA1LB	DN	99989968
1RB1LA_1RC0LD_1LA1RB_0RB1LB	DN	99356335
1RB1LA_1RC0LD_1LA1RB_0RC1LB	SP	34962706
1RB1LA_1RC0LD_1LA1RB_0RC1LD	SP	67108645
1RB1LA_1RC0LD_1LA1RB_0RD1LB	DN	99577449
1RB1LA_1RC0LD_1LA1RB_1LB1LB	SP	34932085
1RB1LA_1RC0LD_1LA1RB_1LC1LB	SP	89724410
1RB1LA_1RC0LD_1LA1RB_1RB1LB	SP	88269220
1RB1LA_1RC0LD_1LA1RB_1RD1LB	SP	34952469
1RB1LA_1RC0LD_1RD0LA_1LC0RC	SP	83885908
1RB1LA_1RC0LD_1RD1RB_1LA1LB	SP	19571184
1RB1LA_1RC0RA_1LD1RA_1LA0LD	DN	99969733
1RB1LA_1RC0RA_1LD1RB_1LA0LD	DN	99955616
1RB1LA_1RC0RA_1LD1RC_1LA0LD	DN	99998055
1RB1LA_1RC0RB_0LC1LD_0LD1RA	DN	99982716
1RB1LA_1RC0RB_0LD0LA_0RA1LC	DN	99999984
1RB1LA_1RC0RB_0RD0RC_1LD0LA	DN	99983917
1RB1LA_1RC0RB_1LC1LD_---0LA	QH	2
1RB1LA_1RC0RB_1LD0LC_1LA0LC	DN	99999988
1RB1LA_1RC0RB_1LD0LC_1RA0LC	DN	99999988
1RB1LA_1RC0RB_1LD0LD_1LA0LC	DN	99999973
1RB1LA_1RC0RB_1LD0RB_1LA0LC	DN	99998043
1RB1LA_1RC0RB_1LD0RB_1RA0LC	DN	99983897
1RB1LA_1RC0RB_1LD0RC_0LD0LA	DN	99999986
1RB1LA_1RC0RB_1LD0RC_1LD0LA	DN	99989979
1RB1LA_1RC0RB_1LD1RA_1LA0LD	DN	99999967
1RB1LA_1RC0RB_1LD1RC_1LA0LC	DN	99998038
1RB1LA_1RC0RC_0LA0RD_1LD0LA	DN	99998048
1RB1LA_1RC0RC_0LA1RC_------	DN	99668801
1RB1LA_1RC0RC_0LA1RD_0LA1RC	DN	99668801
1RB1LA_1RC0RC_0LA1RD_0LA1RD	DN	99668801
1RB1LA_1RC0RC_0LA1RD_0LD1RC	DN	99845621
1RB1LA_1RC0RC_0LD0RB_1LD0LA	DN	99999988
1RB1LA_1RC0RC_0LD1RB_1LD0LA	DN	99999983
1RB1LA_1RC0RC_0LD1RC_1LA1LA	QH	1
1RB1LA_1RC0RC_0LD1RC_1LC1LA	QH	1
1RB1LA_1RC0RC_0LD1RC_1LD1LA	QH	1
1RB1LA_1RC0RC_0LD1RC_1RA1LA	DN	99848333
1RB1LA_1RC0RC_0LD1RC_1RB1LA	DN	99668800
1RB1LA_1RC0RC_0LD1RC_1RC1LA	QH	1
1RB1LA_1RC0RC_1LB1RD_0LA1RD	DN	99668796
1RB1LA_1RC0RC_1LC1LD_0RA0LA	SP	36860846
1RB1LA_1RC0RC_1LC1LD_1RB0LA	SP	24583088
1RB1LA_1RC0RC_1LC1RD_0LA1RD	QH	1
1RB1LA_1RC0RC_1LD0RD_0LB0LA	DN	99331391
1RB1LA_1RC0RC_1LD0RD_1LA0LA	DN	99163201
1RB1LA_1RC0RC_1LD0RD_1LC0LA	DN	99689919
1RB1LA_1RC0RC_1LD0RD_1LD0LA	DN	99802449
1RB1LA_1RC0RC_1LD1LA_1LD0LA	SP	34217726
1RB1LA_1RC0RC_1LD1RC_0LB0LA	DN	99357983
1RB1LA_1RC0RC_1LD1RC_0LC0LA	QH	8
1RB1LA_1RC0RC_1LD1RC_0RA0LA	QH	8
1RB1LA_1RC0RC_1LD1RC_0RB0LA	DN	99077638
1RB1LA_1RC0RC_1LD1RC_0RD0LA	DN	99533464
1RB1LA_1RC0RC_1LD1RC_1LA0LA	DN	98970081
1RB1LA_1RC0RC_1LD1RC_1LB0LA	QH	8
1RB1LA_1RC0RC_1LD1RC_1LC0LA	QH	1
1RB1LA_1RC0RC_1LD1RC_1LD0LA	QH	8
1RB1LA_1RC0RC_1LD1RC_1RA0LA	DN	98970609
1RB1LA_1RC0RC_1LD1RC_1RB0LA	QH	8
1RB1LA_1RC0RC_1LD1RC_1RC0LA	QH	1
1RB1LA_1RC0RC_1LD1RC_1RD0LA	QH	8
1RB1LA_1RC0RC_1RD0LB_0LA0RB	DN	99999982
1RB1LA_1RC0RC_1RD0LD_0LA0RD	DN	99999971
1RB1LA_1RC0RC_1RD0RD_1LD0LA	DN	99987050
1RB1LA_1RC0RC_1RD1RC_0LD0LA	DN	99313476
1RB1LA_1RC0RC_1RD1RC_1LD0LA	SP	69874312
1RB1LA_1RC0RD_0LA0RB_0LA0LA	SP	67108731
1RB1LA_1RC0RD_0LA0RB_0LB0LA	DN	92274245
1RB1LA_1RC0RD_0LA0RB_0LC0LA	DN	99999984
1RB1LA_1RC0RD_0LA0RB_1LC0LA	SP	67108918
1RB1LA_1RC0RD_0LA0RB_1LD0LA	SP	67110457
1RB1LA_1RC0RD_0LA1RC_0LA1RC	DN	99668799
1RB1LA_1RC0RD_0LA1RC_0LB1RC	DN	99805872
1RB1LA_1RC0RD_0LA1RC_1LB1RC	DN	99668799
1RB1LA_1RC0RD_0LA1RC_1LD1RC	QH	1
1RB1LA_1RC0RD_0LA1RD_0LA1RC	DN	99668801
1RB1LA_1RC0RD_0LC0LA_1RC1RD	DN	99804541
1RB1LA_1RC0RD_0LC1RD_0LA1RC	DN	99846461
1RB1LA_1RC0RD_0LD0RB_1LB0LA	DN	99999990
1RB1LA_1RC0RD_0LD0RB_1RA0LA	DN	99999979
1RB1LA_1RC0RD_1LA0LA_1LC1RD	QH	1
1RB1LA_1RC0RD_1LA1LA_0LC1RD	QH	1
1RB1LA_1RC0RD_1LC0LA_0LC1RA	SP	67084301
1RB1LA_1RC0RD_1LC0LA_1RC1RD	SP	69935716
1RB1LA_1RC0RD_1LC1LA_0LC1RD	QH	1
1RB1LA_1RC0RD_1LD0LA_1LC1RD	QH	15
1RB1LA_1RC0RD_1LD1LA_0LC1RD	QH	1
1RB1LA_1RC0RD_1LD1RB_0RB0LA	DN	99922377
1RB1LA_1RC0RD_1RD0LA_1LC1RD	QH	13
1RB1LA_1RC0RD_1RD0RB_0LA0LB	DN	99999972
1RB1LA_1RC0RD_1RD1LA_0LC1RD	QH	1
1RB1LA_1RC1LB_0LA0RD_0LB1RC	DN	99999988
1RB1LA_1RC1LB_0LA1RD_0LB0RC	SP	67108588
1RB1LA_1RC1LB_0LB1RD_0LA0RC	SP	79691580
1RB1LA_1RC1LB_0LB1RD_1LA0RC	SP	50331411
1RB1LA_1RC1LB_1LA1RD_0LB0RC	QH	4
1RB1LA_1RC1LB_1LD0RC_0LD0RA	DN	99999987
1RB1LA_1RC1LC_0RD0LB_0LD0LA	SP	59007216
1RB1LA_1RC1LC_0RD0LB_1LD0LA	SP	45841981
1RB1LA_1RC1LC_1RD0LB_0LA1RC	SP	80979462
1RB1LA_1RC1LC_1RD0LB_1LA1RC	SP	64653130
1RB1LA_1RC1LD_0LA0RB_0RC0LA	DN	99976258
1RB1LA_1RC1LD_0LD0RB_0LC0LA	DN	99999986
1RB1LA_1RC1LD_0LD0RD_1RB0LA	DN	99964800
1RB1LA_1RC1LD_1LD0RD_0RD0LA	DN	99978918
1RB1LA_1RC1LD_1RD0RC_0LA0LA	DN	99999981
1RB1LA_1RC1RA_1LD0RB_0RA0LC	SP	50282539
1RB1LA_1RC1RA_1LD0RC_0RA0LD	DN	99999988
1RB1LA_1RC1RB_0LD0RD_0LA1LD	SP	44706515
1RB1LA_1RC1RB_1LD0RC_0LD0LA	DN	99969979
1RB1LA_1RC1RB_1LD0RD_0LA1LD	SP	25116778
1RB1LA_1RC1RB_1LD1RA_0RB0LD	SP	83887335
1RB1LA_1RC1RB_1LD1RA_0RC0LD	SP	67110078
1RB1LA_1RC1RC_0LA0RB_------	SP	67108834
1RB1LA_1RC1RC_0LA0RD_0LA1RD	DN	99532938
1RB1LA_1RC1RC_0LA0RD_0LB1RD	DN	99310539
1RB1LA_1RC1RC_0LA0RD_1LA1RD	QH	1
1RB1LA_1RC1RC_0LA0RD_1RA1RC	SP	44739207
1RB1LA_1RC1RC_0LA1RD_0LA0RB	DN	92274379
1RB1LA_1RC1RC_0LA1RD_0LB0RB	SP	50331478
1RB1LA_1RC1RC_0LA1RD_0LD0RB	SP	83886039
1RB1LA_1RC1RC_0LA1RD_0RB0LC	SP	50331549
1RB1LA_1RC1RC_0LA1RD_0RB0RB	SP	83886024
1RB1LA_1RC1RC_0LA1RD_0RC0RB	SP	83885980
1RB1LA_1RC1RC_0LA1RD_1LA0RB	SP	83885863
1RB1LA_1RC1RC_0LA1RD_1LC0RB	SP	83886068
1RB1LA_1RC1RC_0LA1RD_1LD0RB	SP	83886039
1RB1LA_1RC1RC_0LA1RD_1RB0RB	SP	83885936
1RB1LA_1RC1RC_0LA1RD_1RC0RB	SP	83885907
1RB1LA_1RC1RC_0LC1RD_0LA0RB	SP	50331478
1RB1LA_1RC1RC_0LD0RB_---1LA	SP	67108834
1RB1LA_1RC1RC_0LD0RD_0LA1RD	DN	99533996
1RB1LA_1RC1RC_0LD0RD_1LA1RD	QH	1
1RB1LA_1RC1RC_1LA0RD_0LA1RD	QH	1
1RB1LA_1RC1RC_1LA0RD_0LB1RD	SP	50380726
1RB1LA_1RC1RC_1LA0RD_1LA1RD	QH	1
1RB1LA_1RC1RC_1LA1RD_0LA0RB	SP	50331549
1RB1LA_1RC1RC_1LB1RD_0LA0RB	SP	50331637
1RB1LA_1RC1RC_1LD0RD_0LA1RD	QH	1
1RB1LA_1RC1RC_1LD0RD_1LA1RD	QH	1
1RB1LA_1RC1RC_1RD0LB_0LA0RB	SP	67108761
1RB1LA_1RC1RC_1RD0RD_0LA1RD	QH	1
1RB1LA_1RC1RC_1RD0RD_1LA1RD	QH	1
1RB1LA_1RC1RC_1RD1RD_0LA0RB	SP	50331593
1RB1LA_1RC1RD_0LA---_0LA0RB	SP	67108834
1RB1LA_1RC1RD_0LA0RB_0LA1RC	DN	92274513
1RB1LA_1RC1RD_0LA0RB_0LD1RC	SP	50331436
1RB1LA_1RC1RD_0LA0RB_1LA1RC	SP	50331514
1RB1LA_1RC1RD_0LA0RB_1LB1RC	SP	50331598
1RB1LA_1RC1RD_0LA0RB_1RC0LB	SP	67108684
1RB1LA_1RC1RD_0LA0RB_1RC1RC	SP	50331556
1RB1LA_1RC1RD_0LA1RC_---0RC	DN	99532938
1RB1LA_1RC1RD_0LA1RC_0RC0LB	DN	99813308
1RB1LA_1RC1RD_0LB---_0LA0RB	SP	67108880
1RB1LA_1RC1RD_0LB0RB_0LA1RC	SP	50331520
1RB1LA_1RC1RD_0LB1RC_0LA0RC	DN	99311377
1RB1LA_1RC1RD_0LB1RC_1LA0RC	SP	50380750
1RB1LA_1RC1RD_0LC0LA_0LA0RB	SP	67108671
1RB1LA_1RC1RD_0LC1LA_0LA0RB	SP	67108834
1RB1LA_1RC1RD_0LC1LD_0LA0RB	SP	67109129
1RB1LA_1RC1RD_0LC1RD_0LA0RB	SP	67108880
1RB1LA_1RC1RD_1LA0LC_0RD1LC	QH	1
1RB1LA_1RC1RD_1LA1LD_1RB0LC	SP	50282564
1RB1LA_1RC1RD_1LA1RC_0LA0RC	QH	1
1RB1LA_1RC1RD_1LA1RC_0LC0RC	QH	1
1RB1LA_1RC1RD_1LA1RC_1LA0RC	QH	1
1RB1LA_1RC1RD_1LA1RC_1LC0RC	QH	1
1RB1LA_1RC1RD_1LA1RC_1RA0RC	SP	68421095
1RB1LA_1RC1RD_1LA1RC_1RB0RC	SP	50282563
1RB1LA_1RC1RD_1LA1RC_1RC0RC	QH	1
1RB1LA_1RC1RD_1LC0LA_0LA0RB	SP	67108840
1RB1LA_1RC1RD_1LC0LB_0LA0RB	SP	39146906
1RB1LB_0LA---_------_------	ED	-1
1RB1LB_0LB1LC_1RD0RC_1LA0RC	QH	0
1RB1LB_0LB1LC_1RD0RD_1LA0RC	DN	99999987
1RB1LB_0LB1RC_0LD0RC_1LA1LD	QH	1
1RB1LB_0LB1RC_1LD0RC_0LB1RA	QH	0
1RB1LB_0LB1RC_1LD0RC_0RA0LD	DN	99999980
1RB1LB_0LB1RC_1LD0RC_0RA1RA	QH	0
1RB1LB_0LB1RC_1LD0RC_0RA1RC	QH	0
1RB1LB_0LB1RC_1LD0RC_1LB1RA	QH	0
1RB1LB_0LB1RC_1LD1RA_0RC0LD	QH	9
1RB1LB_0LB1RC_1RD0RC_0LA1LA	QH	0
1RB1LB_0LB1RC_1RD0RC_0LA1LC	QH	0
1RB1LB_0LB1RC_1RD0RC_1LA---	QH	0
1RB1LB_0LB1RC_1RD0RD_1LA0RC	QH	0
1RB1LB_0LC0RA_1LA1LD_1RD1RA	DN	99994495
1RB1LB_0LC0RD_1LA1LB_1RD1RB	SP	83885955
1RB1LB_0LC0RD_1LA1LC_1RD1RB	SP	58720136
1RB1LB_0LC0RD_1LA1RC_1RB0RD	DN	99994754
1RB1LB_0LC0RD_1LA1RC_1RC1RB	SP	75411652
1RB1LB_0LC0RD_1LC1LA_1LC1RA	DN	99948323
1RB1LB_0LC1RB_0RA1LD_1LC0RB	SP	67108853
1RB1LB_0LC1RB_1LD0RB_1RA1LC	QH	0
1RB1LB_0LC1RB_1RA1LD_1LC0RB	QH	0
1RB1LB_0LC1RB_1RD1LC_0LA0RB	QH	0
1RB1LB_0LC1RB_1RD1LC_1LA0RB	QH	0
1RB1LB_0LC1RC_1LA0RD_1LB1RD	SP	44837418
1RB1LB_0LC1RD_0RA1LC_0RB0RD	DN	99996606
1RB1LB_0LC1RD_1LA0RB_1LB0RD	DN	99995402
1RB1LB_0LC1RD_1LA1LA_1LB0RD	DN	99990964
1RB1LB_0LC1RD_1LA1LB_1LB0RD	DN	99990128
1RB1LB_0LC1RD_1LA1LC_0LC0RD	QH	1
1RB1LB_0LC1RD_1LA1LC_1RA0RB	DN	99976252
1RB1LB_0LC1RD_1LA1LC_1RB0RB	DN	99888711
1RB1LB_0RC0LA_0LC0LD_1RA1LD	SP	59007221
1RB1LB_0RC0LA_1LC0LD_1RA0LA	SP	43037953
1RB1LB_0RC0LA_1LC0LD_1RA1LD	SP	61021337
1RB1LB_0RC0LA_1LC0LD_1RA1RC	SP	53978003
1RB1LB_0RC0LA_1RD0LB_1LA1RC	QH	0
1RB1LB_0RC0LA_1RD0LB_1LC1RC	QH	0
1RB1LB_0RC0LA_1RD1RC_1LB1LD	SP	81037721
1RB1LB_0RC0LB_1RD1RA_1LA1RC	QH	0
1RB1LB_0RC0LB_1RD1RC_1LA---	QH	0
1RB1LB_0RC0LC_0RD1LC_1LA1RD	DN	99537158
1RB1LB_0RC0LC_1LC1RD_1RB0LA	QH	0
1RB1LB_0RC0LC_1RD1LC_1LA1RD	QH	0
1RB1LB_0RC0LD_1LA1RC_0RA1LD	DN	99313890
1RB1LB_0RC0LD_1LA1RC_0RC1LD	DN	99536111
1RB1LB_0RC0LD_1LA1RC_1LC1LB	SP	44739300
1RB1LB_0RC0LD_1LA1RC_1RC1LD	QH	3
1RB1LB_0RC0LD_1LC0LA_0RA1RC	DN	99999984
1RB1LB_0RC0LD_1LC0LA_1RB0LD	DN	99999962
1RB1LB_0RC0LD_1LC0LA_1RB1RC	DN	99999945
1RB1LB_0RC0LD_1LD1RC_0RA1LB	QH	4
1RB1LB_0RC0RA_1LC0LD_1RB1LD	SP	44812900
1RB1LB_0RC1LB_1LA1RD_1RC0LB	QH	3
1RB1LB_0RC1LB_1LD1RC_0RA0LB	QH	0
1RB1LB_0RC1LB_1LD1RC_1LA0LB	QH	4
1RB1LB_0RC1LB_1LD1RC_1RA0LB	QH	0
1RB1LB_0RC1LB_1RD0LB_1LA1RC	QH	0
1RB1LB_0RC1LD_1LB1RC_0RA0LB	QH	0
1RB1LB_0RC1LD_1LC0LA_0RA0LA	DN	99999945
1RB1LB_0RC1LD_1LC0LA_0RC0LA	DN	99999983
1RB1LB_0RC1LD_1LC0LA_0RD0LA	DN	99999983
1RB1LB_0RC1RB_1LD0RB_0LD1LA	DN	99999985
1RB1LB_0RC1RC_1LD0RB_0LD1LA	DN	99999988
1RB1LB_0RC1RD_1LA0RB_1RC0LD	SP	30758037
1RB1LB_0RC1RD_1LA1LC_0LC0RD	QH	1
1RB1LB_0RC1RD_1LA1RA_1RC0LA	DN	99999980
1RB1LB_0RC1RD_1LC0LD_1RB1LA	SP	67059895
1RB1LB_1LA0LC_0LB0RD_1RD1LB	QH	2
1RB1LB_1LA0LC_0LB0RD_1RD1LC	QH	2
1RB1LB_1LA0LC_0LB1RD_0RC1RC	SP	67108852
1RB1LB_1LA0LC_0RD1RC_0LA1RD	SP	83886065
1RB1LB_1LA0LC_0RD1RC_0LB1RD	SP	67108852
1RB1LB_1LA0LC_1LB1RD_0RC0RB	SP	75515839
1RB1LB_1LA0LC_1LB1RD_0RC1LB	SP	24371829
1RB1LB_1LA0LC_1RD0LC_0RD1LB	QH	2
1RB1LB_1LA0RC_---1RD_0LA1RD	SP	67108883
1RB1LB_1LA0RC_0LA1RC_------	SP	67108883
1RB1LB_1LA0RC_0LB0LD_0RD0RC	DN	99999988
1RB1LB_1LA0RC_0LB0RD_---0RC	DN	99999986
1RB1LB_1LA0RC_0LB0RD_---1RC	DN	99999990
1RB1LB_1LA0RC_0LB1RC_------	SP	50331640
1RB1LB_1LA0RC_0LB1RD_---1RC	SP	50331640
1RB1LB_1LA0RC_0LB1RD_0LB0RD	DN	99999964
1RB1LB_1LA0RC_0LD0RB_0LD1LB	DN	99999978
1RB1LB_1LA0RC_0LD1LC_0RA1LC	SP	37662950
1RB1LB_1LA0RC_0LD1RB_1RC1LD	QH	4
1RB1LB_1LA0RC_0LD1RC_---1LA	SP	83886074
1RB1LB_1LA0RC_0LD1RC_---1LB	SP	67108883
1RB1LB_1LA0RC_0LD1RD_0LA0RB	DN	99999977
1RB1LB_1LA0RC_0RD0RB_0LD1LB	DN	99999980
1RB1LB_1LA0RC_1LB0RD_0LC1RD	DN	99999977
1RB1LB_1LA0RC_1LD0RC_0LD0RB	QH	2
1RB1LB_1LA0RC_1RB0LD_1LC---	SP	50294836
1RB1LB_1LA1LC_---1RD_0LB0RD	DN	99999988
1RB1LB_1LA1LC_0LC1RD_1RA0RD	DN	99999983
1RB1LB_1LA1LC_0RD0LC_1RA1RD	DN	99999988
1RB1LB_1LA1LC_1LB0RD_0LB1RD	QH	2
1RB1LB_1LA1LC_1LB0RD_0LC1RD	QH	2
1RB1LB_1LA1LC_1RC0RD_0LA1RD	SP	38263755
1RB1LB_1LA1LC_1RC0RD_0LB1RD	SP	86093428
1RB1LB_1LA1LC_1RD0LC_0RD0RA	DN	99999991
1RB1LB_1LA1LC_1RD0LC_0RD1LA	QH	2
1RB1LB_1LA1LC_1RD0LC_0RD1RA	QH	3
1RB1LB_1LA1RC_0LA0RD_0LB1RD	SP	78176326
1RB1LB_1LA1RC_0LD0RB_1RB1LD	QH	2
1RB1LB_1LA1RC_0RA0RD_1RC0RB	DN	99999977
1RB1LB_1LA1RC_0RC1LD_1LA0LD	QH	2
1RB1LB_1LA1RC_1LD0RC_0LD1RA	DN	99999991
1RB1LB_1LA1RC_1RA0LD_0RB1LD	SP	82021971
1RB1LB_1LA1RC_1RA0LD_0RC1LD	SP	59652388
1RB1LB_1LA1RC_1RB0LD_0RB1LD	QH	4
1RB1LB_1LA1RC_1RB0LD_0RC1LD	QH	4
1RB1LB_1LA1RC_1RD0LB_0RA0RC	SP	67108837
1RB1LB_1LA1RC_1RD0LC_0RD0LA	DN	99999985
1RB1LB_1LB1LC_0RD0LC_1RA1RD	DN	99999987
1RB1LB_1LB1LC_1RD0LC_0RD1RA	QH	0
1RB1LB_1LB1RC_1LD0RC_0LB1RA	QH	0
1RB1LB_1LC0LA_1RD1RC_0LA1LD	SP	34993461
1RB1LB_1LC0LC_0RD1LB_0RA1RD	SP	44739208
1RB1LB_1LC0LC_0RD1LC_1LA1RD	QH	11
1RB1LB_1LC0LC_1RD1LB_1RA0RD	QH	9
1RB1LB_1LC0LC_1RD1LC_1LA1RD	QH	0
1RB1LB_1LC0LD_0RD0LC_1RA1RD	QH	5
1RB1LB_1LC0RA_0RD0LB_1LB1RD	DN	99999987
1RB1LB_1LC0RA_1RD0LB_0LA1RC	SP	52336887
1RB1LB_1LC0RA_1RD0LB_1LA1RC	SP	75338159
1RB1LB_1LC0RA_1RD0LB_1LB1RC	SP	52357237
1RB1LB_1LC0RA_1RD1LB_0LC0RD	QH	0
1RB1LB_1LC0RB_0LA0LD_0RA1LB	DN	99987553
1RB1LB_1LC0RB_0LD0LB_0RA1LD	DN	99987610
1RB1LB_1LC0RC_1LA0RD_0LB0RB	DN	99999984
1RB1LB_1LC0RC_1RA1LD_1RB0LD	DN	99996068
1RB1LB_1LC0RD_0LA1LA_0LB0RB	DN	99999967
1RB1LB_1LC0RD_0LA1LA_0LB0RD	DN	99999978
1RB1LB_1LC0RD_0LA1RB_0LC1RD	SP	83885818
1RB1LB_1LC0RD_0LB1LA_0LA1RA	DN	99983151
1RB1LB_1LC0RD_0LB1LA_1LA1RA	DN	99999595
1RB1LB_1LC0RD_0LC1LA_0LB1RA	DN	99988592
1RB1LB_1LC0RD_0RA0LC_0RB0LB	DN	99999990
1RB1LB_1LC0RD_0RA1RB_0RB0LB	QH	0
1RB1LB_1LC0RD_0RC1LA_0LA1RD	SP	83885852
1RB1LB_1LC0RD_0RC1LA_0LB1RD	SP	67108639
1RB1LB_1LC0RD_1LA0LB_1RB0RD	DN	99997998
1RB1LB_1LC0RD_1LA0LB_1RB1RA	DN	99955547
1RB1LB_1LC0RD_1LA0LC_1RD1RB	DN	99999954
1RB1LB_1LC0RD_1LA0RB_0LB1RD	SP	86093428
1RB1LB_1LC0RD_1LA0RD_0LA1RD	SP	74565428
1RB1LB_1LC0RD_1LA0RD_0LB1RD	SP	52195809
1RB1LB_1LC0RD_1LA0RD_0LC1RD	SP	29826188
1RB1LB_1LC0RD_1LA1LA_0LA1RD	SP	83885959
1RB1LB_1LC0RD_1LA1LA_0LB1RD	SP	67108740
1RB1LB_1LC0RD_1LA1LA_0LC1RD	SP	50331539
1RB1LB_1LC0RD_1LA1LB_0LA1RD	SP	57521877
1RB1LB_1LC0RD_1LA1LB_0LB1RD	SP	71902345
1RB1LB_1LC0RD_1LA1LB_0LC1RD	SP	23967442
1RB1LB_1LC0RD_1LA1RA_0LA1RD	SP	82021954
1RB1LB_1LC0RD_1LA1RA_0LB1RD	SP	59652335
1RB1LB_1LC0RD_1LD1LA_0LA1RD	SP	69904916
1RB1LB_1LC0RD_1RB1LA_0LA1RD	SP	52428500
1RB1LB_1LC0RD_1RB1LA_0LB1RD	SP	67108557
1RB1LB_1LC0RD_1RB1LA_0LC1RD	SP	62914278
1RB1LB_1LC0RD_1RD0LB_0LA1RA	DN	99948027
1RB1LB_1LC0RD_1RD1LA_0LA1RD	SP	62913999
1RB1LB_1LC0RD_1RD1LA_0LB1RD	SP	67108303
1RB1LB_1LC0RD_1RD1LA_0LC1RD	SP	50331114
1RB1LB_1LC0RD_1RD1RC_0LA1LD	SP	35013931
1RB1LB_1LC1LA_0LB1RD_0RB0RD	DN	99999988
1RB1LB_1LC1LA_1RD0LB_0LB0RC	SP	34921829
1RB1LB_1LC1LA_1RD0LB_1LB0RC	SP	50294731
1RB1LB_1LC1LA_1RD0LB_1RB0RC	SP	50245827
1RB1LB_1LC1LA_1RD1LB_0LC0RD	QH	23
1RB1LB_1LC1LD_0LA1RC_1LB0RC	SP	55924050
1RB1LB_1LC1LD_0RA0LC_0RB1RD	DN	99999988
1RB1LB_1LC1LD_0RC1RA_1RC0LD	QH	0
1RB1LB_1LC1LD_1LA1RC_0RC0LA	SP	33554114
1RB1LB_1LC1RB_0RB1LD_0RA0LC	QH	0
1RB1LB_1LC1RB_0RB1LD_1RA0LC	QH	0
1RB1LB_1LC1RB_1RA0LD_0RB1LD	QH	0
1RB1LB_1LC1RB_1RA0LD_0RC1LD	DN	99791239
1RB1LB_1LC1RB_1RD0LC_1LA0RD	DN	99999975
1RB1LB_1LC1RC_0LA1LD_1LA0RB	DN	99999989
1RB1LB_1LC1RC_1RA0LD_0RB1LD	SP	82021970
1RB1LB_1LC1RC_1RA0LD_0RC1LD	SP	59652338
1RB1LB_1LC1RD_0LB1RA_1LB0RD	QH	0
1RB1LB_1LC1RD_0LB1RA_1LC0RD	QH	0
1RB1LB_1LC1RD_0RA0LC_0RB1RA	DN	99999968
1RB1LB_1LC1RD_0RB1LC_1RA0LC	SP	41010948
1RB1LB_1LC1RD_0RD0LB_0RA0LC	DN	99999980
1RB1LB_1LC1RD_0RD0LC_1LC1RA	QH	7
1RB1LB_1LC1RD_0RD1LC_1RA0LC	SP	29826145
1RB1LB_1LC1RD_1LA0LB_0RB0RC	SP	69792673
1RB1LB_1LC1RD_1LA0LC_0RA1RA	DN	99997482
1RB1LB_1LC1RD_1LA0RA_0LB0RD	DN	99999988
1RB1LB_1LC1RD_1LA0RD_0LB0RD	DN	99999986
1RB1LB_1LC1RD_1LA0RD_0LC0RD	DN	99999987
1RB1LB_1LC1RD_1LA1LA_0LB0RD	DN	99999988
1RB1LB_1LC1RD_1LA1LB_0LC0RD	DN	99999986
1RB1LB_1LC1RD_1LA1LC_0LB0RD	SP	83885925
1RB1LB_1LC1RD_1LD0LC_1RA0RD	DN	99999975
1RB1LB_1LC1RD_1LD1LA_0RB0LC	DN	99999990
1RB1LB_1RC0LA_0LD0RB_1LB1LD	DN	99669494
1RB1LB_1RC0LA_0LD0RD_0LA1LD	SP	67035257
1RB1LB_1RC0LA_0LD1RB_0LA1LD	SP	52591436
1RB1LB_1RC0LA_0LD1RB_0RA1LD	SP	52628902
1RB1LB_1RC0LA_0LD1RB_0RB1LD	SP	88390442
1RB1LB_1RC0LA_0LD1RB_0RC1LD	SP	88414740
1RB1LB_1RC0LA_0LD1RB_1LA1LD	SP	88269238
1RB1LB_1RC0LA_0LD1RB_1LB1LD	SP	80956253
1RB1LB_1RC0LA_0LD1RB_1RA1LD	SP	52591472
1RB1LB_1RC0LA_0LD1RB_1RB1LD	SP	88341903
1RB1LB_1RC0LA_0LD1RB_1RC1LD	SP	52628864
1RB1LB_1RC0LA_0RD0RC_1LD1LA	DN	99999908
1RB1LB_1RC0LA_1LA0RD_0RC0LB	DN	99999977
1RB1LB_1RC0LA_1LD0RD_0LA1LD	SP	37656832
1RB1LB_1RC0LA_1LD1RB_0LA1LD	SP	52535399
1RB1LB_1RC0LA_1LD1RB_0RA1LD	SP	80956271
1RB1LB_1RC0LA_1LD1RB_0RB0LD	SP	67109748
1RB1LB_1RC0LA_1LD1RB_0RB1LD	SP	52591454
1RB1LB_1RC0LA_1LD1RB_0RC1LD	SP	88341922
1RB1LB_1RC0LA_1LD1RB_1LA1LD	SP	80863617
1RB1LB_1RC0LA_1LD1RB_1LB1LD	SP	64632417
1RB1LB_1RC0LA_1LD1RB_1RA1LD	SP	52535433
1RB1LB_1RC0LA_1LD1RB_1RB1LD	SP	88269220
1RB1LB_1RC0LA_1LD1RB_1RC1LD	SP	80956235
1RB1LB_1RC0LA_1LD1RC_---1LA	DN	99999981
1RB1LB_1RC0LA_1RD0RD_0LB0RB	DN	99999967
1RB1LB_1RC0LA_1RD1RC_0LA1LD	SP	89511233
1RB1LB_1RC0LA_1RD1RC_0LB0RB	DN	99999983
1RB1LB_1RC0LB_0LA1RD_0RD0LA	DN	99999989
1RB1LB_1RC0LB_1LA0RD_---0RC	DN	99999984
1RB1LB_1RC0LB_1LC1RD_0RD0LA	DN	99999982
1RB1LB_1RC0LC_0RD1LC_1LA1RD	QH	4
1RB1LB_1RC0LC_1RD1LC_1LA1RD	QH	0
1RB1LB_1RC0LD_0LA1RB_0RB1LD	QH	0
1RB1LB_1RC0LD_0LA1RB_0RC1LD	SP	67108188
1RB1LB_1RC0LD_1LA0RB_1LB0LA	SP	34983202
1RB1LB_1RC0LD_1LA1RB_0RB1LD	QH	0
1RB1LB_1RC0LD_1LA1RB_0RC1LD	SP	67107123
1RB1LB_1RC0LD_1LA1RC_0RC1LD	QH	7
1RB1LB_1RC0LD_1LA1RC_1RC1LD	QH	0
1RB1LB_1RC0LD_1LD0RC_0LA0RC	DN	99985777
1RB1LB_1RC0RB_0LD0RD_1LD0LA	DN	99999974
1RB1LB_1RC0RB_1LD0RA_1LB0LC	DN	99961393
1RB1LB_1RC0RB_1LD1RB_1LA0LD	DN	99999979
1RB1LB_1RC0RC_1LD0LA_1LA0RD	DN	99999988
1RB1LB_1RC0RD_0LD0RD_0LA1LD	SP	89363999
1RB1LB_1RC0RD_0LD1RA_0LA1LD	SP	78203711
1RB1LB_1RC0RD_0LD1RB_0LA1LD	SP	78856820
1RB1LB_1RC0RD_1LD0RD_0LA1LD	SP	50196886
1RB1LB_1RC0RD_1LD1RA_0LA1LD	SP	54226917
1RB1LB_1RC0RD_1LD1RB_0LA1LD	SP	78772892
1RB1LB_1RC0RD_1RD0LB_0LA1LD	SP	67108867
1RB1LB_1RC0RD_1RD1RC_0LA1LD	SP	89543969
1RB1LB_1RC1LA_0LA1RD_0LB0RD	QH	5
1RB1LB_1RC1LA_0LB0RD_---0RC	DN	99999990
1RB1LB_1RC1LA_0LB1RD_---0RC	SP	50331638
1RB1LB_1RC1LA_1LD0RC_0LD0RB	DN	99999985
1RB1LB_1RC1LB_0LA0RD_0LA1RD	DN	99668800
1RB1LB_1RC1LB_0LA0RD_0LB1RD	QH	0
1RB1LB_1RC1LB_0LA1RD_0LB0RC	SP	67108791
1RB1LB_1RC1LB_0LB0RD_0LA1RD	DN	99668800
1RB1LB_1RC1LB_0LB1RD_0LA0RC	QH	0
1RB1LB_1RC1LB_0LB1RD_1LA0RC	QH	0
1RB1LB_1RC1LB_0LD0RD_0LA1RD	DN	99669640
1RB1LB_1RC1LB_1LA0RD_0LA1RD	DN	99228160
1RB1LB_1RC1LB_1LA0RD_0LB1RD	QH	0
1RB1LB_1RC1LB_1LA0RD_0LC1RD	DN	99799201
1RB1LB_1RC1LB_1LA1RD_0LB0RC	QH	3
1RB1LB_1RC1LB_1LA1RD_0LC0RD	DN	99999991
1RB1LB_1RC1LB_1LB0RD_0LA1RD	DN	99228160
1RB1LB_1RC1LB_1LD0RD_0LA1RD	DN	99229440
1RB1LB_1RC1LB_1RD0RD_0LA1RD	DN	99228800
1RB1LB_1RC1LD_0LA0RA_1LB0LD	DN	99981848
1RB1LB_1RC1LD_0LA0RC_0RD0LB	DN	99976529
1RB1LB_1RC1LD_0LB0RC_1LB1RA	QH	0
1RB1LB_1RC1LD_0LD0RC_0LA1LA	DN	99999985
1RB1LB_1RC1LD_0LD0RC_1LB0LA	QH	0
1RB1LB_1RC1LD_0LD0RC_1RB0LA	SP	67108517
1RB1LB_1RC1LD_0LD1RB_0LA0RC	SP	33554347
1RB1LB_1RC1LD_1LA0RC_0LA0LA	SP	89560045
1RB1LB_1RC1LD_1LA0RC_0LB0LA	SP	55376679
1RB1LB_1RC1LD_1LA0RC_1LB0LA	SP	15575748
1RB1LB_1RC1LD_1LA0RC_1LC0LA	SP	89625049
1RB1LB_1RC1LD_1LA0RC_1RB0LA	SP	89560071
1RB1LB_1RC1LD_1LA1RC_0RC0LA	SP	50331364
1RB1LB_1RC1LD_1LD0RC_0LA0LB	DN	99982033
1RB1LB_1RC1LD_1LD0RC_0LB0LA	DN	99994888
1RB1LB_1RC1RD_1LA0LA_0LB0RD	QH	0
1RB1LB_1RC1RD_1LA0LC_0RD1LA	DN	99999989
1RB1LB_1RC1RD_1LA1LC_0LC0RD	QH	1
1RB1LB_1RC1RD_1LB0LA_1LC0RD	QH	0
1RB1LB_1RC1RD_1LD0LC_0RD1LA	DN	99999990
1RB1LC_0LA---_0RD0LA_1LA1RD	SP	67108883
1RB1LC_0LA---_1RD0LC_0RD0RB	DN	99999987
1RB1LC_0LA---_1RD0LC_0RD1RB	QH	0
1RB1LC_0LA0LA_0RD1LB_1LA1RD	SP	83886074
1RB1LC_0LA0LC_1LA1RD_0RD0RB	DN	99999992
1RB1LC_0LA0LD_1LD1RC_0RC1LB	SP	67108880
1RB1LC_0LA0RB_0LD1LA_0RA1RA	DN	99999960
1RB1LC_0LA0RB_0LD1LA_1RA---	DN	99999991
1RB1LC_0LA0RB_0LD1LC_0RA1RA	DN	99999958
1RB1LC_0LA0RB_0LD1LC_1RA---	DN	99999991
1RB1LC_0LA0RB_0LD1LD_1RA0RA	DN	99999981
1RB1LC_0LA0RB_0LD1LD_1RA1LA	DN	99999982
1RB1LC_0LA0RB_0LD1LD_1RA1LC	DN	99999976
1RB1LC_0LA0RB_0RC1LD_1LA---	DN	99999990
1RB1LC_0LA0RB_0RD---_1LA1LD	DN	99999990
1RB1LC_0LA0RB_0RD0LC_1RD1LA	DN	99999989
1RB1LC_0LA0RB_0RD1LA_0LC1RD	DN	99999981
1RB1LC_0LA0RB_1LA---_------	DN	99999994
1RB1LC_0LA0RB_1LD---_0RD1LA	DN	99999976
1RB1LC_0LA0RB_1LD---_1LA---	DN	99999990
1RB1LC_0LA0RB_1LD---_1RB1LA	DN	99999982
1RB1LC_0LA0RB_1LD---_1RB1LC	DN	99999976
1RB1LC_0LA0RB_1LD0LD_1RA1LA	DN	99999984
1RB1LC_0LA0RB_1LD1LA_1RA---	DN	99999981
1RB1LC_0LA0RB_1RA1LD_1LA---	DN	99999981
1RB1LC_0LA0RB_1RA1RD_0LC1LD	DN	99999986
1RB1LC_0LA0RB_1RB1LD_1LA---	DN	99999989
1RB1LC_0LA0RB_1RB1LD_1LC---	DN	99999990
1RB1LC_0LA0RB_1RC1LD_---1LA	DN	99999990
1RB1LC_0LA0RB_1RD---_1LA1LD	DN	99999981
1RB1LC_0LA0RB_1RD1LA_0LA1RD	DN	99999990
1RB1LC_0LA0RB_1RD1LA_0LC1RD	DN	99999972
1RB1LC_0LA0RB_1RD1LD_1LA1RB	DN	99999986
1RB1LC_0LA0RC_0LD1LC_1RA1LB	SP	50245828
1RB1LC_0LA0RC_0RD1LB_1LA1RD	SP	50331596
1RB1LC_0LA0RC_1LA0RB_------	DN	99999993
1RB1LC_0LA0RC_1LA0RD_0LA0RC	DN	99999985
1RB1LC_0LA0RC_1LA0RD_0LA1RD	SP	67108211
1RB1LC_0LA0RC_1LA1LD_0RD0RB	DN	99999991
1RB1LC_0LA0RC_1LA1RD_0LA0RD	DN	99999987
1RB1LC_0LA0RC_1LD0RB_1RB1LC	DN	99999976
1RB1LC_0LA0RC_1RD0LD_1LA0RB	DN	99999986
1RB1LC_0LA0RD_0LD1LA_1RD0RB	DN	99999985
1RB1LC_0LA0RD_0LD1LC_1LA0RB	DN	99999978
1RB1LC_0LA0RD_0LD1LC_1RD0RB	DN	99999985
1RB1LC_0LA0RD_0RC1LA_0LA1RD	DN	99581431
1RB1LC_0LA0RD_0RC1LD_1LA0RB	DN	99999990
1RB1LC_0LA0RD_1LA---_---0RB	DN	99999993
1RB1LC_0LA0RD_1LA---_0LA0RD	DN	99999993
1RB1LC_0LA0RD_1LA0LD_1RB1RA	DN	99502521
1RB1LC_0LA0RD_1LA0RD_0LA1RD	QH	1
1RB1LC_0LA0RD_1LA0RD_0LC1RD	QH	1
1RB1LC_0LA0RD_1LA1RB_0LC1RD	SP	78176336
1RB1LC_0LA0RD_1LD0LC_1RB1LA	DN	99999718
1RB1LC_0LA0RD_1LD0RB_1LA0RC	DN	99999990
1RB1LC_0LA0RD_1RA1LA_---0RB	DN	99999991
1RB1LC_0LA0RD_1RB1LA_0LA1RD	DN	99805879
1RB1LC_0LA0RD_1RB1LA_0LC1RB	DN	99999985
1RB1LC_0LA0RD_1RB1LA_0LC1RD	DN	99805879
1RB1LC_0LA0RD_1RB1LC_0LA1RD	DN	99805878
1RB1LC_0LA0RD_1RB1LC_0LC1RD	QH	0
1RB1LC_0LA0RD_1RD0LC_1LA0RB	DN	99999981
1RB1LC_0LA0RD_1RD1LA_---0RB	DN	99999987
1RB1LC_0LA0RD_1RD1LA_---1RB	SP	67108672
1RB1LC_0LA0RD_1RD1LB_0LB1RC	SP	67108872
1RB1LC_0LA0RD_1RD1LC_0LC1RB	QH	0
1RB1LC_0LA1LB_1RD0LA_0LB1RC	SP	50319349
1RB1LC_0LA1LB_1RD0LA_1LB1RC	SP	89462039
1RB1LC_0LA1LB_1RD0RB_0LB1RC	SP	75460603
1RB1LC_0LA1LB_1RD0RB_1LB1RC	SP	33529794
1RB1LC_0LA1LD_0RC1LA_1RC0LD	QH	1
1RB1LC_0LA1LD_1LA0RD_0LA1RD	QH	1
1RB1LC_0LA1LD_1LA0RD_0LC1RD	QH	1
1RB1LC_0LA1LD_1RD0LA_1LB0RC	SP	52336849
1RB1LC_0LA1RA_0RB0LD_0RA1LD	SP	78176367
1RB1LC_0LA1RA_1LA0RD_0LA1RD	QH	1
1RB1LC_0LA1RB_0RC1LD_1LA0RB	SP	50331263
1RB1LC_0LA1RB_1LA0LD_0RB1RD	SP	83885932
1RB1LC_0LA1RB_1LA0RB_------	SP	67108764
1RB1LC_0LA1RB_1LA0RD_---1RB	SP	67108764
1RB1LC_0LA1RB_1LA0RD_0LA1RD	SP	67108764
1RB1LC_0LA1RB_1LA0RD_0LB1RC	DN	99671268
1RB1LC_0LA1RB_1LA0RD_0LC1RC	DN	99527632
1RB1LC_0LA1RB_1LA0RD_0LD1RC	DN	99805886
1RB1LC_0LA1RB_1LA0RD_0RB1RC	SP	88378246
1RB1LC_0LA1RB_1LA0RD_1LB1RC	SP	85981879
1RB1LC_0LA1RB_1LA0RD_1LC1RC	SP	88341924
1RB1LC_0LA1RB_1LA0RD_1LD1RC	SP	50380747
1RB1LC_0LA1RB_1LA0RD_1RB1RC	SP	88354018
1RB1LC_0LA1RB_1LA0RD_1RC1RC	SP	50356227
1RB1LC_0LA1RB_1LA1LD_0RA0RB	SP	88079859
1RB1LC_0LA1RB_1LA1LD_1LA0RB	SP	50331223
1RB1LC_0LA1RB_1LA1LD_1RD0RB	SP	57395564
1RB1LC_0LA1RB_1LD0RA_1LA0RB	SP	67108606
1RB1LC_0LA1RB_1LD0RB_0RD1LA	SP	83885771
1RB1LC_0LA1RB_1LD0RB_1LA0RB	SP	37282680
1RB1LC_0LA1RB_1LD0RB_1LA0RC	SP	57395579
1RB1LC_0LA1RB_1LD0RB_1LA1LA	SP	83885954
1RB1LC_0LA1RB_1LD0RB_1LA1RA	SP	41010942
1RB1LC_0LA1RB_1LD0RB_1RB1LA	SP	62914215
1RB1LC_0LA1RB_1LD0RB_1RC1LA	SP	62914345
1RB1LC_0LA1RB_1LD1LD_1LA0RB	SP	50331480
1RB1LC_0LA1RB_1RA1LD_1LA0RB	SP	50331522
1RB1LC_0LA1RB_1RB1LD_1LA0RB	SP	50331309
1RB1LC_0LA1RB_1RD1LA_0LA0RD	DN	99999967
1RB1LC_0LA1RB_1RD1LA_0LC0RD	DN	99999980
1RB1LC_0LA1RB_1RD1LC_---0RB	DN	99805878
1RB1LC_0LA1RB_1RD1LD_1LA0RB	SP	50331103
1RB1LC_0LA1RC_0RC1LD_1LA0LD	QH	1
1RB1LC_0LA1RC_1LA0RD_0LA1RD	SP	50330029
1RB1LC_0LA1RC_1LA0RD_0LC1RD	QH	1
1RB1LC_0LA1RC_1RB0LD_0RB1LD	SP	55923732
1RB1LC_0LA1RC_1RB0LD_0RC1LD	QH	0
1RB1LC_0LA1RC_1RD0LC_0RB0RC	DN	99996656
1RB1LC_0LA1RD_0LD1LA_1LA0RB	SP	33554471
1RB1LC_0LA1RD_0LD1LA_1RD0RB	SP	50331595
1RB1LC_0LA1RD_1LA0LB_0RD1RB	SP	83885932
1RB1LC_0LA1RD_1LA0LC_0RB0RD	DN	99999931
1RB1LC_0LA1RD_1LA0LC_0RD0RA	QH	8
1RB1LC_0LA1RD_1LA0LC_0RD0RB	DN	99999985
1RB1LC_0LA1RD_1LA0LC_0RD1LA	QH	1
1RB1LC_0LA1RD_1LA0LC_0RD1LC	QH	1
1RB1LC_0LA1RD_1LA0LC_0RD1RB	DN	99999983
1RB1LC_0LA1RD_1LA0RA_---0RB	DN	99999977
1RB1LC_0LA1RD_1LA0RB_0LA0RB	DN	99999964
1RB1LC_0LA1RD_1LA0RB_0LA0RD	DN	99999969
1RB1LC_0LA1RD_1LA0RB_0LD0RB	DN	99999991
1RB1LC_0LA1RD_1LA0RD_---0RB	DN	99999990
1RB1LC_0LA1RD_1LA0RD_---1RB	SP	67108764
1RB1LC_0LA1RD_1LA0RD_0LA0RD	DN	99999985
1RB1LC_0LA1RD_1LA0RD_0LA1RD	QH	1
1RB1LC_0LA1RD_1LA0RD_0LC1RD	QH	1
1RB1LC_0LA1RD_1LA1LA_---0RB	SP	50331595
1RB1LC_0LA1RD_1LA1LB_0LA0RD	DN	99999979
1RB1LC_0LA1RD_1LA1LC_0LC0RD	QH	1
1RB1LC_0LA1RD_1LD0LC_0RD1LA	QH	1
1RB1LC_0LA1RD_1LD0RA_1RC0LC	DN	99999985
1RB1LC_0LA1RD_1LD1LA_1RA0RB	SP	43140899
1RB1LC_0LA1RD_1RA1LA_---0RB	SP	50331639
1RB1LC_0LA1RD_1RB1LA_0LC0RD	QH	0
1RB1LC_0LA1RD_1RB1LC_0LC0RB	SP	83885884
1RB1LC_0LA1RD_1RD1LA_---0RB	SP	50331459
1RB1LC_0LB1LA_0RD1RC_1LB0RC	DN	99999990
1RB1LC_0LB1LA_0RD1RD_1LB0RC	DN	99999989
1RB1LC_0LB1LA_1RD0LC_0RD0RB	QH	1
1RB1LC_0LB1LA_1RD0LC_0RD1RB	QH	1
1RB1LC_0LB1LC_0RD0LA_1LA1RD	SP	67108883
1RB1LC_0LB1RC_1LA0LD_1LC0RA	SP	33529875
1RB1LC_0LB1RC_1LA0RD_0LC1RD	QH	1
1RB1LC_0LC0LA_1RD1LA_1RB1RD	SP	44739241
1RB1LC_0LC0RA_0LB0LD_1RA1LD	DN	99999980
1RB1LC_0LC0RA_0LD0RB_1LA1RA	DN	99999979
1RB1LC_0LC0RA_1RB1LD_1LA0LD	DN	99999718
1RB1LC_0LC0RB_0RD1LA_0LA1RD	DN	99999966
1RB1LC_0LC0RB_1LA0LB_------	QH	2
1RB1LC_0LC0RB_1LA0LC_------	QH	2
1RB1LC_0LC0RB_1LA0LD_0LB---	QH	2
1RB1LC_0LC0RB_1LA0LD_0LC---	QH	2
1RB1LC_0LC0RB_1LA0LD_0RB---	QH	2
1RB1LC_0LC0RB_1LA0LD_0RC---	QH	2
1RB1LC_0LC0RB_1LA0LD_1LA---	QH	2
1RB1LC_0LC0RB_1LA0LD_1LB---	QH	2
1RB1LC_0LC0RB_1LA0LD_1RA0LB	QH	3
1RB1LC_0LC0RB_1LA0LD_1RA0LC	QH	3
1RB1LC_0LC0RB_1LA0LD_1RA0RB	QH	3
1RB1LC_0LC0RB_1LA0LD_1RA0RC	QH	3
1RB1LC_0LC0RB_1LA0LD_1RA1LA	QH	3
1RB1LC_0LC0RB_1LA0LD_1RA1LB	QH	3
1RB1LC_0LC0RB_1LA0LD_1RA1RC	QH	3
1RB1LC_0LC0RB_1LA0LD_1RC---	QH	2
1RB1LC_0LC0RB_1LA0RB_------	QH	2
1RB1LC_0LC0RB_1LA0RC_------	QH	2
1RB1LC_0LC0RB_1LA0RD_0LB---	QH	2
1RB1LC_0LC0RB_1LA0RD_0LC---	QH	2
1RB1LC_0LC0RB_1LA0RD_0RB---	QH	2
1RB1LC_0LC0RB_1LA0RD_0RC---	QH	2
1RB1LC_0LC0RB_1LA0RD_1LA---	QH	2
1RB1LC_0LC0RB_1LA0RD_1LB---	QH	2
1RB1LC_0LC0RB_1LA0RD_1LC0LA	QH	16
1RB1LC_0LC0RB_1LA0RD_1LC0LB	QH	3
1RB1LC_0LC0RB_1LA0RD_1LC0LC	QH	3
1RB1LC_0LC0RB_1LA0RD_1LC0RB	QH	3
1RB1LC_0LC0RB_1LA0RD_1LC1LB	QH	3
1RB1LC_0LC0RB_1LA0RD_1LC1LC	QH	3
1RB1LC_0LC0RB_1LA0RD_1LC1LD	SP	67108805
1RB1LC_0LC0RB_1LA0RD_1LC1RB	QH	3
1RB1LC_0LC0RB_1LA0RD_1LC1RC	SP	67109751
1RB1LC_0LC0RB_1LA0RD_1RC---	QH	2
1RB1LC_0LC0RB_1LA1LA_------	QH	2
1RB1LC_0LC0RB_1LA1LB_------	QH	2
1RB1LC_0LC0RB_1LA1LC_------	SP	67108762
1RB1LC_0LC0RB_1LA1LD_0LB---	QH	2
1RB1LC_0LC0RB_1LA1LD_0LC---	QH	2
1RB1LC_0LC0RB_1LA1LD_0RA---	SP	67108806
1RB1LC_0LC0RB_1LA1LD_0RB---	QH	2
1RB1LC_0LC0RB_1LA1LD_0RD0LB	QH	2
1RB1LC_0LC0RB_1LA1LD_0RD0LC	QH	2
1RB1LC_0LC0RB_1LA1LD_0RD0RB	QH	2
1RB1LC_0LC0RB_1LA1LD_0RD0RC	QH	2
1RB1LC_0LC0RB_1LA1LD_0RD1LA	QH	2
1RB1LC_0LC0RB_1LA1LD_0RD1LB	QH	2
1RB1LC_0LC0RB_1LA1LD_0RD1LC	SP	67108806
1RB1LC_0LC0RB_1LA1LD_0RD1RC	QH	2
1RB1LC_0LC0RB_1LA1LD_1LA---	SP	67108762
1RB1LC_0LC0RB_1LA1LD_1LB---	QH	2
1RB1LC_0LC0RB_1LA1LD_1LC---	QH	2
1RB1LC_0LC0RB_1LA1LD_1RB---	QH	2
1RB1LC_0LC0RB_1LA1LD_1RC0LB	QH	3
1RB1LC_0LC0RB_1LA1LD_1RC0LC	QH	3
1RB1LC_0LC0RB_1LA1LD_1RC0LD	SP	44739258
1RB1LC_0LC0RB_1LA1LD_1RC0RA	SP	67108851
1RB1LC_0LC0RB_1LA1LD_1RC0RB	QH	3
1RB1LC_0LC0RB_1LA1LD_1RC0RD	QH	4
1RB1LC_0LC0RB_1LA1LD_1RC1LA	SP	67108807
1RB1LC_0LC0RB_1LA1LD_1RC1LB	QH	3
1RB1LC_0LC0RB_1LA1LD_1RC1LC	QH	3
1RB1LC_0LC0RB_1LA1LD_1RC1RB	QH	3
1RB1LC_0LC0RB_1LA1LD_1RD0LB	QH	2
1RB1LC_0LC0RB_1LA1LD_1RD0RB	QH	2
1RB1LC_0LC0RB_1LA1LD_1RD1LA	QH	2
1RB1LC_0LC0RB_1LA1LD_1RD1LB	QH	2
1RB1LC_0LC0RB_1LA1LD_1RD1RB	QH	3
1RB1LC_0LC0RB_1LA1RC_------	QH	2
1RB1LC_0LC0RB_1LA1RD_0LA0LB	QH	3
1RB1LC_0LC0RB_1LA1RD_0LA0RA	QH	3
1RB1LC_0LC0RB_1LA1RD_0LA0RC	SP	67109773
1RB1LC_0LC0RB_1LA1RD_0LA0RD	DN	99999682
1RB1LC_0LC0RB_1LA1RD_0LA1LA	QH	3
1RB1LC_0LC0RB_1LA1RD_0LA1LB	QH	3
1RB1LC_0LC0RB_1LA1RD_0LB---	QH	2
1RB1LC_0LC0RB_1LA1RD_0LD0LB	QH	2
1RB1LC_0LC0RB_1LA1RD_0LD0LC	QH	2
1RB1LC_0LC0RB_1LA1RD_0LD0RB	QH	2
1RB1LC_0LC0RB_1LA1RD_0LD0RC	QH	2
1RB1LC_0LC0RB_1LA1RD_0LD1LA	QH	2
1RB1LC_0LC0RB_1LA1RD_0LD1LB	QH	2
1RB1LC_0LC0RB_1LA1RD_0LD1RC	QH	2
1RB1LC_0LC0RB_1LA1RD_0RB---	QH	2
1RB1LC_0LC0RB_1LA1RD_0RC0LB	QH	3
1RB1LC_0LC0RB_1LA1RD_0RC0LD	QH	10
1RB1LC_0LC0RB_1LA1RD_0RC0RA	QH	3
1RB1LC_0LC0RB_1LA1RD_0RC0RD	SP	67108674
1RB1LC_0LC0RB_1LA1RD_0RC1LA	QH	3
1RB1LC_0LC0RB_1LA1RD_0RC1LB	QH	3
1RB1LC_0LC0RB_1LA1RD_1LA---	QH	2
1RB1LC_0LC0RB_1LA1RD_1LB---	QH	2
1RB1LC_0LC0RB_1LA1RD_1LC0LB	QH	3
1RB1LC_0LC0RB_1LA1RD_1LC0RB	QH	3
1RB1LC_0LC0RB_1LA1RD_1LC1LA	QH	3
1RB1LC_0LC0RB_1LA1RD_1LC1LB	QH	3
1RB1LC_0LC0RB_1LA1RD_1LC1LD	QH	35
1RB1LC_0LC0RB_1LA1RD_1LD0LB	QH	2
1RB1LC_0LC0RB_1LA1RD_1LD0LC	QH	2
1RB1LC_0LC0RB_1LA1RD_1LD0RA	QH	3
1RB1LC_0LC0RB_1LA1RD_1LD0RB	QH	2
1RB1LC_0LC0RB_1LA1RD_1LD1LA	QH	3
1RB1LC_0LC0RB_1LA1RD_1LD1LB	QH	2
1RB1LC_0LC0RB_1LA1RD_1LD1LC	QH	2
1RB1LC_0LC0RB_1LA1RD_1LD1RB	QH	2
1RB1LC_0LC0RB_1LA1RD_1RC0LB	QH	3
1RB1LC_0LC0RB_1LA1RD_1RC0LD	QH	6
1RB1LC_0LC0RB_1LA1RD_1RC0RA	QH	3
1RB1LC_0LC0RB_1LA1RD_1RC0RD	SP	67108586
1RB1LC_0LC0RB_1LA1RD_1RC1LA	QH	3
1RB1LC_0LC0RB_1LA1RD_1RC1LB	QH	3
1RB1LC_0LC0RB_1LD0LB_0RD1LA	QH	2
1RB1LC_0LC0RB_1LD0LB_1LA---	QH	2
1RB1LC_0LC0RB_1LD0LB_1RB1LA	QH	2
1RB1LC_0LC0RB_1LD0LC_0RD1LA	QH	2
1RB1LC_0LC0RB_1LD0LC_1LA---	QH	2
1RB1LC_0LC0RB_1LD0LC_1RB1LA	QH	2
1RB1LC_0LC0RB_1LD0RB_0RD1LA	QH	2
1RB1LC_0LC0RB_1LD0RB_1LA---	QH	2
1RB1LC_0LC0RB_1LD0RB_1RB1LA	QH	2
1RB1LC_0LC0RB_1LD0RC_0RD1LA	QH	2
1RB1LC_0LC0RB_1LD0RC_1LA---	QH	2
1RB1LC_0LC0RB_1LD0RC_1RB1LA	QH	2
1RB1LC_0LC0RB_1LD1LA_0RD1LA	QH	2
1RB1LC_0LC0RB_1LD1LA_1RA1RD	SP	44739688
1RB1LC_0LC0RB_1LD1LA_1RB1LA	QH	2
1RB1LC_0LC0RB_1LD1LB_0RD1LA	QH	2
1RB1LC_0LC0RB_1LD1LB_1LA---	QH	2
1RB1LC_0LC0RB_1LD1LB_1RB1LA	QH	2
1RB1LC_0LC0RB_1LD1LC_0RD1LA	QH	2
1RB1LC_0LC0RB_1LD1LC_1LA---	SP	50331479
1RB1LC_0LC0RB_1LD1LC_1RB1LA	QH	2
1RB1LC_0LC0RB_1LD1LD_0RD1LA	QH	2
1RB1LC_0LC0RB_1LD1LD_1LA---	QH	2
1RB1LC_0LC0RB_1LD1LD_1RB1LA	QH	2
1RB1LC_0LC0RB_1LD1RC_0RD1LA	QH	2
1RB1LC_0LC0RB_1LD1RC_1LA0RA	SP	50334125
1RB1LC_0LC0RB_1LD1RC_1LA1LA	QH	2
1RB1LC_0LC0RB_1LD1RC_1LA1LC	QH	2
1RB1LC_0LC0RB_1LD1RC_1LA1LD	SP	50332823
1RB1LC_0LC0RB_1LD1RC_1RB1LA	QH	2
1RB1LC_0LC0RB_1LD1RD_1LA0LB	QH	2
1RB1LC_0LC0RB_1LD1RD_1LA1LB	QH	2
1RB1LC_0LC0RB_1LD1RD_1LA1LC	QH	2
1RB1LC_0LC0RB_1RA0LD_0RB1LA	SP	67108562
1RB1LC_0LC0RB_1RA0LD_1LA1LA	SP	67108785
1RB1LC_0LC0RB_1RA0LD_1LA1LD	DN	99999979
1RB1LC_0LC0RB_1RA0LD_1LB1LA	SP	67108785
1RB1LC_0LC0RB_1RA0LD_1RA1LA	SP	67108520
1RB1LC_0LC0RB_1RA0LD_1RC1LA	SP	67108866
1RB1LC_0LC0RB_1RB1LD_1LA---	DN	99999982
1RB1LC_0LC0RB_1RD0RD_1LA0LA	DN	99999987
1RB1LC_0LC0RB_1RD1LA_0LA1RB	SP	78176229
1RB1LC_0LC0RB_1RD1LA_0LA1RD	DN	99999989
1RB1LC_0LC0RB_1RD1LA_0LC1RD	DN	99999967
1RB1LC_0LC0RB_1RD1LA_1RB0LA	DN	99995610
1RB1LC_0LC0RC_1LA1RD_0LA0RD	DN	99999987
1RB1LC_0LC0RC_1RA0LD_1RA1LD	DN	99964803
1RB1LC_0LC0RD_0LA1LA_0RB1LC	DN	99999984
1RB1LC_0LC0RD_0LA1LA_0RB1RC	DN	99999962
1RB1LC_0LC0RD_0LA1LA_0RB1RD	DN	99999992
1RB1LC_0LC0RD_0LA1RD_0RB---	DN	99999992
1RB1LC_0LC0RD_0RC1LA_0LA1RB	DN	99999986
1RB1LC_0LC0RD_0RC1LA_0LA1RD	DN	99581431
1RB1LC_0LC0RD_1LA0RD_0LC1RD	QH	1
1RB1LC_0LC0RD_1LA1RC_0LC0RB	QH	1
1RB1LC_0LC0RD_1LA1RC_0LC0RD	QH	1
1RB1LC_0LC0RD_1RB1LA_0LA1RB	DN	99999985
1RB1LC_0LC0RD_1RB1LA_0LA1RD	DN	99805879
1RB1LC_0LC0RD_1RB1LA_0LC1RD	DN	99805879
1RB1LC_0LC0RD_1RB1LC_0LA1RD	DN	99805878
1RB1LC_0LC0RD_1RD1LA_0LA0RC	DN	99999988
1RB1LC_0LC0RD_1RD1LA_0LC0RB	QH	1
1RB1LC_0LC1LD_1LA0RD_0LC1RD	QH	1
1RB1LC_0LC1RA_0LC1RD_1LB0RD	QH	0
1RB1LC_0LC1RA_0LD0LD_1LA0RA	DN	99999947
1RB1LC_0LC1RA_0LD0RB_1LA1LA	SP	67108853
1RB1LC_0LC1RA_0LD0RB_1RA1LA	SP	33554352
1RB1LC_0LC1RA_0LD0RB_1RC1LA	SP	67108877
1RB1LC_0LC1RA_1LA0LD_1LB0RA	SP	55924001
1RB1LC_0LC1RA_1LA0RD_0LC1RD	QH	8
1RB1LC_0LC1RA_1LB1RD_1LB0RD	QH	0
1RB1LC_0LC1RA_1LB1RD_1LC0RD	QH	0
1RB1LC_0LC1RA_1LC1RD_1LB0RD	QH	0
1RB1LC_0LC1RA_1RA0LD_1LA0RA	DN	99999965
1RB1LC_0LC1RA_1RD0LD_1LA0RA	DN	99999966
1RB1LC_0LC1RB_0RC1LD_1LA0RB	SP	83885675
1RB1LC_0LC1RB_1LA0LD_0RB1RD	SP	67108722
1RB1LC_0LC1RB_1LA0RB_------	SP	50331553
1RB1LC_0LC1RB_1LA0RD_0LC1RC	DN	99532413
1RB1LC_0LC1RB_1LA0RD_0LC1RD	SP	50331553
1RB1LC_0LC1RB_1LA0RD_1LC1RC	SP	52591457
1RB1LC_0LC1RB_1LA0RD_1RC0LA	SP	25122944
1RB1LC_0LC1RB_1LA0RD_1RC1RC	SP	50307101
1RB1LC_0LC1RB_1LA1LD_0RA0RB	SP	75496946
1RB1LC_0LC1RB_1LA1LD_1LA0RB	SP	83885635
1RB1LC_0LC1RB_1LA1LD_1RD0RB	SP	43046651
1RB1LC_0LC1RB_1LA1RD_0LA0RB	SP	78176264
1RB1LC_0LC1RB_1LA1RD_0RB0RC	SP	25141276
1RB1LC_0LC1RB_1LD0RB_0RD1LA	SP	67108564
1RB1LC_0LC1RB_1LD0RB_1LA0RB	SP	26097873
1RB1LC_0LC1RB_1LD0RB_1LA0RC	SP	43046676
1RB1LC_0LC1RB_1LD0RB_1LA1LA	SP	67108743
1RB1LC_0LC1RB_1LD0RB_1LA1RA	SP	29826135
1RB1LC_0LC1RB_1LD0RB_1RB1LA	SP	50331312
1RB1LC_0LC1RB_1LD0RB_1RC1LA	SP	50331440
1RB1LC_0LC1RB_1LD1LD_1LA0RB	SP	83885908
1RB1LC_0LC1RB_1RA1LD_1LA0RB	SP	83885950
1RB1LC_0LC1RB_1RB1LD_1LA0RB	SP	62914215
1RB1LC_0LC1RB_1RD1LA_0LA0RD	DN	99999988
1RB1LC_0LC1RB_1RD1LA_0LC0RD	DN	99999990
1RB1LC_0LC1RB_1RD1LC_0LA0RB	QH	0
1RB1LC_0LC1RB_1RD1LC_1LA0RB	QH	0
1RB1LC_0LC1RB_1RD1LD_1LA0RB	SP	62914004
1RB1LC_0LC1RC_1LA0RD_0LC1RD	QH	1
1RB1LC_0LC1RD_---1LA_0LA0RD	DN	99999976
1RB1LC_0LC1RD_0LA1LA_0RB0RD	DN	99999986
1RB1LC_0LC1RD_0LB1LA_1RB0RB	SP	67108653
1RB1LC_0LC1RD_1LA0RB_0LC0RB	DN	99999987
1RB1LC_0LC1RD_1LA0RB_0LD0RB	DN	99999982
1RB1LC_0LC1RD_1LA0RB_1RA1RB	SP	33554431
1RB1LC_0LC1RD_1LA0RB_1RC1RB	SP	33554341
1RB1LC_0LC1RD_1LA0RD_0LC0RB	QH	1
1RB1LC_0LC1RD_1LA0RD_0LC1RD	QH	1
1RB1LC_0LC1RD_1LA1LB_0LC0RD	QH	3
1RB1LC_0LC1RD_1LA1LB_0RB0RD	DN	99993333
1RB1LC_0LC1RD_1LA1LB_0RC0RD	DN	99999987
1RB1LC_0LC1RD_1LA1LC_0LC0RD	QH	1
1RB1LC_0LC1RD_1RB1LC_0LA0RB	QH	0
1RB1LC_0LC1RD_1RB1LC_1LA0RB	QH	0
1RB1LC_0RC---_1LD0RD_0LA0LB	DN	99997920
1RB1LC_0RC0LC_1LD0RB_0RA1RC	QH	0
1RB1LC_0RC0LC_1LD1RA_0RA0LD	DN	99999985
1RB1LC_0RC0LD_1LD0LA_0RA0LD	DN	99999977
1RB1LC_0RC0LD_1LD1RC_0RA1LB	QH	4
1RB1LC_0RC0RB_1LD1RB_0LA0RA	DN	99973793
1RB1LC_0RC0RB_1LD1RB_0LA1LC	DN	99973716
1RB1LC_0RC0RB_1LD1RB_0LA1LD	DN	99952757
1RB1LC_0RC0RB_1RD1RB_0LA1LD	DN	99980662
1RB1LC_0RC0RC_1LD0LA_0RA0LD	DN	99999965
1RB1LC_0RC0RD_1LA0LA_0LC0RD	SP	67109162
1RB1LC_0RC0RD_1LA0LC_0LC0RA	DN	99978208
1RB1LC_0RC0RD_1LA0LC_1LB0RA	DN	99965261
1RB1LC_0RC0RD_1LA0RD_0LC1RD	QH	1
1RB1LC_0RC0RD_1LA1LC_0LC0RB	SP	89478406
1RB1LC_0RC0RD_1RD1LA_0LC0RB	QH	1
1RB1LC_0RC1LA_1RD0LB_1LB1RD	SP	58720205
1RB1LC_0RC1LB_1LA1RD_1RC0LB	QH	3
1RB1LC_0RC1LB_1LD0LA_1LA---	DN	99999911
1RB1LC_0RC1LB_1LD1RC_1LA0LB	QH	4
1RB1LC_0RC1LB_1LD1RC_1RA0LB	QH	0
1RB1LC_0RC1LB_1RD0LB_0LA1RC	QH	0
1RB1LC_0RC1LB_1RD0LB_1LA1RC	QH	0
1RB1LC_0RC1LD_1LA0RD_0LA1RD	QH	1
1RB1LC_0RC1LD_1LA0RD_0LC1RD	QH	1
1RB1LC_0RC1LD_1LB1RC_0LA0LB	SP	33554281
1RB1LC_0RC1LD_1LB1RC_0RA0LB	QH	0
1RB1LC_0RC1LD_1LB1RC_1RA0LB	QH	0
1RB1LC_0RC1LD_1RD0RB_0LA1RC	SP	67018923
1RB1LC_0RC1RB_1LD---_0RA0LD	DN	99999992
1RB1LC_0RC1RB_1LD1RD_1LA0LB	SP	26541125
1RB1LC_0RC1RC_1LA0RD_0LC1RD	QH	1
1RB1LC_0RC1RC_1LD1RA_0RA0LD	DN	99999990
1RB1LC_0RC1RD_0LC1LA_0LA0RD	DN	99999985
1RB1LC_0RC1RD_1LA0LA_0LA1LD	SP	69935753
1RB1LC_0RC1RD_1LA0LA_0LC0RB	DN	99999983
1RB1LC_0RC1RD_1LA0LA_1LA0RB	DN	99966269
1RB1LC_0RC1RD_1LA0LA_1LC0RB	DN	99949764
1RB1LC_0RC1RD_1LA0LA_1RC0RB	DN	99979076
1RB1LC_0RC1RD_1LA0RB_0LA1RB	SP	89478505
1RB1LC_0RC1RD_1LA0RD_0LA1RD	QH	1
1RB1LC_0RC1RD_1LA0RD_0LC0RB	QH	1
1RB1LC_0RC1RD_1LA0RD_0LC1RD	QH	1
1RB1LC_0RC1RD_1LA1LC_0LC0RD	QH	1
1RB1LC_1LA---_0RD0LA_1LA1RD	SP	67108791
1RB1LC_1LA---_0RD0LC_1RB1RD	QH	0
1RB1LC_1LA---_1RD0LA_0LC0RD	DN	99999991
1RB1LC_1LA0LA_0RD1LB_1LA1RD	SP	83886069
1RB1LC_1LA0LA_0RD1LC_1LB1RD	DN	99668800
1RB1LC_1LA0LA_1RD0LC_0RD0RB	DN	99999987
1RB1LC_1LA0LA_1RD0LC_0RD1RB	QH	0
1RB1LC_1LA0LA_1RD1LA_1RB1RD	SP	69782417
1RB1LC_1LA0LC_0LB0RD_1RD1LB	QH	2
1RB1LC_1LA0LC_0LB0RD_1RD1LC	QH	2
1RB1LC_1LA0LC_0RB1RD_0RD0LA	DN	99999985
1RB1LC_1LA0LC_0RD0LB_1RB1RD	QH	0
1RB1LC_1LA0LC_1LB1RD_0RD0RC	DN	99988117
1RB1LC_1LA0LC_1RB1RD_0RD0LA	DN	99999991
1RB1LC_1LA0LD_0RC1LB_1RC0LD	QH	2
1RB1LC_1LA0LD_1RC1LB_0LB0RC	QH	2
1RB1LC_1LA0LD_1RC1LD_0LB0RC	QH	2
1RB1LC_1LA0LD_1RD0LC_0RD1RB	QH	0
1RB1LC_1LA0RA_1RA1LD_0LB0LC	SP	67108788
1RB1LC_1LA0RC_0LD1LC_1RA1LB	SP	34840291
1RB1LC_1LA0RC_0RD0RB_0LD1LB	DN	99999978
1RB1LC_1LA0RC_1LA0RD_0LA1RD	SP	55923356
1RB1LC_1LA0RC_1LB0RD_0LA1RD	SP	57395707
1RB1LC_1LA0RC_1LB0RD_0LC1RD	SP	43046798
1RB1LC_1LA0RD_0LB0LA_1LA1RD	SP	67108704
1RB1LC_1LA0RD_0LB0LC_1RB1RD	SP	83885211
1RB1LC_1LA0RD_0LB1LB_0LA1RD	SP	73819744
1RB1LC_1LA0RD_0RC1LA_0LA1RD	DN	99845621
1RB1LC_1LA0RD_0RC1LB_0LA1RD	SP	75497339
1RB1LC_1LA0RD_0RC1LB_0LB1RD	SP	50331519
1RB1LC_1LA0RD_0RC1LB_0LC1RD	SP	83885943
1RB1LC_1LA0RD_1LA---_0LB0RB	DN	99999986
1RB1LC_1LA0RD_1LA---_0LB0RD	DN	99999987
1RB1LC_1LA0RD_1LA---_0LC0RB	QH	1
1RB1LC_1LA0RD_1LA---_0LC0RD	QH	1
1RB1LC_1LA0RD_1LA0RB_0LB1RD	DN	99999985
1RB1LC_1LA0RD_1LA0RD_0LA1RD	QH	1
1RB1LC_1LA0RD_1LA0RD_0LC1RD	QH	1
1RB1LC_1LA0RD_1LA1LB_0LA1RD	SP	75497273
1RB1LC_1LA0RD_1LA1LB_0LB1RD	SP	50331455
1RB1LC_1LA0RD_1LA1LB_0LC1RD	SP	83885881
1RB1LC_1LA0RD_1LB---_0LB0RD	DN	99999988
1RB1LC_1LA0RD_1LB---_0LC0RD	DN	99999977
1RB1LC_1LA0RD_1LB0RA_0LA1RD	SP	67108808
1RB1LC_1LA0RD_1LB0RA_0LB1RD	SP	83885999
1RB1LC_1LA0RD_1LB0RB_0LB1RD	DN	99999978
1RB1LC_1LA0RD_1LB0RD_0LA1RD	SP	74565472
1RB1LC_1LA0RD_1LB0RD_0LB1RD	SP	29826178
1RB1LC_1LA0RD_1LB0RD_0LC1RD	SP	52195847
1RB1LC_1LA0RD_1LB1LB_0LA1RD	SP	50331632
1RB1LC_1LA0RD_1LB1LB_0LB1RD	SP	67108829
1RB1LC_1LA0RD_1LB1LB_0LC1RD	SP	83886070
1RB1LC_1LA0RD_1RA1LB_0LA1RD	SP	50331674
1RB1LC_1LA0RD_1RA1LB_0LB1RD	SP	67108873
1RB1LC_1LA0RD_1RA1LB_0LC1RD	SP	83886116
1RB1LC_1LA0RD_1RB1LA_0LA1RD	DN	99667961
1RB1LC_1LA0RD_1RB1LA_0LC1RD	DN	99667961
1RB1LC_1LA0RD_1RB1LB_0LA1RD	SP	62914278
1RB1LC_1LA0RD_1RB1LB_0LB1RD	SP	67108557
1RB1LC_1LA0RD_1RB1LB_0LC1RD	SP	52428500
1RB1LC_1LA0RD_1RB1LC_0LA1RD	DN	99667960
1RB1LC_1LA0RD_1RB1LC_0LB1RD	DN	99800538
1RB1LC_1LA0RD_1RB1LC_0LC1RD	QH	0
1RB1LC_1LA0RD_1RB1RD_0RD0LA	DN	99999982
1RB1LC_1LA0RD_1RD1LA_0LC0RB	QH	1
1RB1LC_1LA0RD_1RD1LB_0LA1RD	SP	50331445
1RB1LC_1LA0RD_1RD1LB_0LB1RD	SP	50331433
1RB1LC_1LA0RD_1RD1LB_0LC1RD	SP	62914348
1RB1LC_1LA0RD_1RD1LC_0LC1RB	QH	0
1RB1LC_1LA1LA_0RD0LB_1LB1RD	SP	50331641
1RB1LC_1LA1LA_1RD0LC_0RD0RB	QH	1
1RB1LC_1LA1LA_1RD0LC_0RD1RB	QH	0
1RB1LC_1LA1LC_1LB0RD_0LB1RD	QH	2
1RB1LC_1LA1LC_1LB0RD_0LC1RD	QH	2
1RB1LC_1LA1LD_0LB1RC_1LB0RC	QH	2
1RB1LC_1LA1LD_0LD1RC_1LB0RC	QH	2
1RB1LC_1LA1LD_0RC1LA_1RC0LD	QH	1
1RB1LC_1LA1LD_1LA0RD_0LA1RD	QH	1
1RB1LC_1LA1LD_1LA0RD_0LC1RD	QH	1
1RB1LC_1LA1LD_1LB0LD_1RD0RC	DN	99918326
1RB1LC_1LA1RA_0LB1LD_1RD0LA	DN	99999985
1RB1LC_1LA1RA_0RB0LD_0RA1LD	SP	78176333
1RB1LC_1LA1RA_1LA0RD_0LA1RD	QH	1
1RB1LC_1LA1RA_1LA0RD_0LC1RD	QH	1
1RB1LC_1LA1RA_1LB0RD_0LA1RD	SP	82022026
1RB1LC_1LA1RA_1LB0RD_0LC1RD	SP	59652403
1RB1LC_1LA1RA_1LD0RA_0LB0LC	SP	33554406
1RB1LC_1LA1RB_0LB0LD_0RA1LC	SP	27962012
1RB1LC_1LA1RB_0LB0LD_0RB1LD	QH	3
1RB1LC_1LA1RB_0LD0LD_0RB1LD	QH	3
1RB1LC_1LA1RB_0LD0RA_0RB1LD	DN	99812246
1RB1LC_1LA1RB_0RB0LA_------	SP	67108791
1RB1LC_1LA1RB_0RB0LD_0RA1LD	DN	99309704
1RB1LC_1LA1RB_0RB0LD_0RB1LD	QH	3
1RB1LC_1LA1RB_0RB0LD_1LB1LC	SP	44739186
1RB1LC_1LA1RB_0RB0LD_1RA1LC	SP	67108703
1RB1LC_1LA1RB_0RB0LD_1RB1LD	QH	0
1RB1LC_1LA1RB_0RB1LD_0LA0LA	SP	83885981
1RB1LC_1LA1RB_0RB1LD_0LA0RC	SP	50331508
1RB1LC_1LA1RB_0RB1LD_0LC0LA	SP	83885937
1RB1LC_1LA1RB_0RB1LD_0RA0LA	SP	50331439
1RB1LC_1LA1RB_0RB1LD_0RA0LD	DN	99999985
1RB1LC_1LA1RB_0RB1LD_0RB0LA	DN	92274338
1RB1LC_1LA1RB_0RB1LD_0RD0LA	SP	83885954
1RB1LC_1LA1RB_0RB1LD_1LA0LA	SP	83885893
1RB1LC_1LA1RB_0RB1LD_1LC0LA	SP	83885866
1RB1LC_1LA1RB_0RB1LD_1RB0LA	SP	83885822
1RB1LC_1LA1RB_0RB1LD_1RC0LA	SP	83886025
1RB1LC_1LA1RB_0RB1LD_1RD0LA	SP	83885998
1RB1LC_1LA1RB_0RC0LD_0RB1LD	DN	99815426
1RB1LC_1LA1RB_0RC1LD_0RB0LA	SP	50331399
1RB1LC_1LA1RB_0RD0LA_---1RB	SP	67108791
1RB1LC_1LA1RB_0RD0LA_0RB1RD	DN	99994879
1RB1LC_1LA1RB_0RD0LA_1RB1RD	SP	50331498
1RB1LC_1LA1RB_0RD0LD_0RB1LD	QH	3
1RB1LC_1LA1RB_0RD0LD_1RB1LD	QH	0
1RB1LC_1LA1RB_0RD1LD_0RA0LD	DN	99999991
1RB1LC_1LA1RB_1LA0LD_0RB1LD	QH	3
1RB1LC_1LA1RB_1LA0LD_1RB1LD	SP	50307086
1RB1LC_1LA1RB_1LA0RD_0LB1RC	DN	99528697
1RB1LC_1LA1RB_1LA0RD_0LC1RC	DN	99528697
1RB1LC_1LA1RB_1LA0RD_0LC1RD	SP	50331384
1RB1LC_1LA1RB_1LA0RD_0LD1RC	DN	99808007
1RB1LC_1LA1RB_1LA0RD_1LB1RC	SP	88293428
1RB1LC_1LA1RB_1LA0RD_1LC1RC	SP	88293428
1RB1LC_1LA1RB_1LA0RD_1LD1RC	SP	50356127
1RB1LC_1LA1RB_1LA0RD_1RB1RC	SP	50331607
1RB1LC_1LA1RB_1LA0RD_1RC1RC	SP	50331607
1RB1LC_1LA1RB_1LA1RD_0LB0RC	SP	25141232
1RB1LC_1LA1RB_1LA1RD_0RA0RC	SP	71599171
1RB1LC_1LA1RB_1LB0LD_0RA1LC	SP	27961946
1RB1LC_1LA1RB_1LB0LD_0RB1LD	DN	99582432
1RB1LC_1LA1RB_1LB0LD_1RB1LD	SP	89413018
1RB1LC_1LA1RB_1LB0LD_1RD0RC	DN	99963336
1RB1LC_1LA1RB_1LD0LD_0RB1LD	QH	0
1RB1LC_1LA1RB_1LD0LD_1RB1LD	QH	0
1RB1LC_1LA1RB_1LD0RA_0RB0LA	SP	67108636
1RB1LC_1LA1RB_1LD1LD_0RB0LA	SP	50331510
1RB1LC_1LA1RB_1RA0LD_0RB1LD	QH	3
1RB1LC_1LA1RB_1RA1LD_0RB0LA	SP	50331554
1RB1LC_1LA1RB_1RB0LD_0RA1LD	SP	89576766
1RB1LC_1LA1RB_1RB0LD_0RB1LD	QH	0
1RB1LC_1LA1RB_1RB0LD_1RB1LD	QH	0
1RB1LC_1LA1RB_1RB1LD_0RB0LA	SP	50331466
1RB1LC_1LA1RB_1RD0LD_0RB1LD	QH	0
1RB1LC_1LA1RB_1RD0LD_1RB1LD	QH	0
1RB1LC_1LA1RC_0RC1LD_1LA0LD	QH	1
1RB1LC_1LA1RC_1LA0LD_1LC0RA	SP	33521729
1RB1LC_1LA1RC_1LA0RD_0LC1RD	QH	1
1RB1LC_1LA1RC_1RB0LD_0RC1LD	QH	0
1RB1LC_1LA1RC_1RB0RD_1RC0LB	SP	75448387
1RB1LC_1LA1RD_0RB1LC_1RB0LC	QH	0
1RB1LC_1LA1RD_0RC1LD_1LA0RB	SP	37595911
1RB1LC_1LA1RD_0RD0LA_1RA1RB	SP	44739205
1RB1LC_1LA1RD_0RD0LA_1RB0LC	QH	0
1RB1LC_1LA1RD_0RD0LC_1RB1RA	QH	0
1RB1LC_1LA1RD_0RD1LC_1RB0LC	QH	0
1RB1LC_1LA1RD_1LA0LC_0RD0RA	QH	1
1RB1LC_1LA1RD_1LA0LC_0RD1LA	QH	1
1RB1LC_1LA1RD_1LA0LC_0RD1LC	QH	1
1RB1LC_1LA1RD_1LA0RD_0LA1RD	QH	1
1RB1LC_1LA1RD_1LA0RD_0LC0RB	QH	1
1RB1LC_1LA1RD_1LA0RD_0LC1RD	QH	1
1RB1LC_1LA1RD_1LA1LB_0LC0RD	QH	1
1RB1LC_1LA1RD_1LA1LD_1LA0RB	SP	25074111
1RB1LC_1LA1RD_1LB0LD_1RD0RC	DN	99909802
1RB1LC_1LA1RD_1LB1LA_0LC0RB	SP	44739202
1RB1LC_1LA1RD_1LD0LC_0RD1LA	QH	1
1RB1LC_1LA1RD_1RB0LA_0LD1RC	SP	26087156
1RB1LC_1LA1RD_1RB0LA_1RB1RC	SP	69751942
1RB1LC_1LA1RD_1RB1LC_0LC0RB	QH	2
1RB1LC_1LB0RA_0RD0LA_1LA1RD	DN	92274490
1RB1LC_1LB1LA_1RD0LA_0LC0RD	DN	99999969
1RB1LC_1LB1LA_1RD0LC_0RD0RB	QH	1
1RB1LC_1LB1LA_1RD0LC_0RD1RB	QH	1
1RB1LC_1LB1LC_0RD0LA_1LA1RD	SP	67108791
1RB1LC_1LB1LC_1RD0LA_---0RB	DN	99999978
1RB1LC_1LB1RA_---0LD_0RA0LC	DN	99999989
1RB1LC_1LB1RA_0LC0LD_0RA0RC	DN	99999981
1RB1LC_1LB1RA_0LC0LD_0RA0RD	DN	99999990
1RB1LC_1LB1RA_0RB0LD_0RA1LD	SP	48315665
1RB1LC_1LB1RA_1LA0RD_0LA1RD	QH	1
1RB1LC_1LB1RA_1RD0LC_0RD0LA	DN	99999991
1RB1LC_1LB1RA_1RD0LC_1LA0RD	QH	34
1RB1LC_1LB1RC_0RC1LD_1LA0LD	QH	1
1RB1LC_1LB1RC_0RD0LA_1LA1RD	SP	67108929
1RB1LC_1LB1RC_1LA0RD_0LC1RD	QH	1
1RB1LC_1LC0LA_0RD1LC_1LB1RD	DN	99668800
1RB1LC_1LC0LA_1RB1RD_1LB0RD	QH	0
1RB1LC_1LC0LA_1RD1LA_1RB1RD	SP	44706492
1RB1LC_1LC0LA_1RD1LB_---0RA	DN	99999972
1RB1LC_1LC0LD_1RD0LB_0RA1RD	SP	28167543
1RB1LC_1LC0RA_0LD1LB_0RA1LC	SP	25122896
1RB1LC_1LC0RA_0LD1LB_0RA1LD	SP	37662950
1RB1LC_1LC0RA_0LD1LB_1LA1LC	SP	71577326
1RB1LC_1LC0RA_0RD1LB_1LA0LD	SP	75460599
1RB1LC_1LC0RA_1RD0LB_0LA1RC	SP	50343914
1RB1LC_1LC0RA_1RD0LB_0RA1RD	SP	89494748
1RB1LC_1LC0RA_1RD0LB_1LA0RD	SP	89527458
1RB1LC_1LC0RB_0LD0LD_1RA1LA	DN	99967165
1RB1LC_1LC0RB_0LD0RA_1RA1LA	DN	99977021
1RB1LC_1LC0RB_1LD1RB_0LC1RA	QH	0
1RB1LC_1LC0RB_1RA0LD_1RA1LA	DN	99994773
1RB1LC_1LC0RB_1RD0LC_0RD1LA	DN	99983914
1RB1LC_1LC0RD_0LA1LA_1RB1RD	DN	99974116
1RB1LC_1LC0RD_0LC1LA_1RB1RD	DN	99979157
1RB1LC_1LC0RD_0RA0LC_1LD1LA	DN	99999959
1RB1LC_1LC0RD_0RC1LA_0LA1RD	DN	99844781
1RB1LC_1LC0RD_1LA0LB_0RA1RC	SP	55753017
1RB1LC_1LC0RD_1LA0LB_0RB1RD	DN	99959489
1RB1LC_1LC0RD_1LA0LB_1RB0RD	DN	99983887
1RB1LC_1LC0RD_1LA0LC_1RA0RA	DN	99999987
1RB1LC_1LC0RD_1LA0RB_0LB1RD	DN	99999983
1RB1LC_1LC0RD_1LA0RD_0LA1RD	QH	1
1RB1LC_1LC0RD_1LA0RD_0LC1RD	QH	1
1RB1LC_1LC0RD_1LA1LB_0LB1RD	SP	50331585
1RB1LC_1LC0RD_1LA1LB_0LC1RD	SP	67108780
1RB1LC_1LC0RD_1LD0LB_1RB1RA	DN	99955533
1RB1LC_1LC0RD_1RB1LA_0LA1RD	DN	99667961
1RB1LC_1LC0RD_1RB1LA_0LC1RD	DN	99667961
1RB1LC_1LC0RD_1RB1LC_0LA1RD	DN	99667960
1RB1LC_1LC0RD_1RD0LC_1LA0RA	DN	99993447
1RB1LC_1LC1LA_0LC1RD_0RB0RD	DN	99999986
1RB1LC_1LC1LA_0RD0LB_1LB1RD	SP	50331604
1RB1LC_1LC1LA_1RD1LB_0LC0RD	SP	50331583
1RB1LC_1LC1LD_1LA0RD_0LA1RD	QH	1
1RB1LC_1LC1LD_1LA0RD_0LC1RD	QH	1
1RB1LC_1LC1RA_0LC0LD_0RA0RD	DN	99999983
1RB1LC_1LC1RA_0LC1RD_1LB0RD	QH	0
1RB1LC_1LC1RA_0RB0LD_0RA1LD	SP	48315631
1RB1LC_1LC1RA_1LA0RD_0LA1RD	QH	1
1RB1LC_1LC1RA_1RD0LC_1LA0RD	QH	30
1RB1LC_1LC1RA_1RD1LB_0LC0RD	QH	0
1RB1LC_1LC1RB_0LD1RD_1LA0RB	SP	44804592
1RB1LC_1LC1RB_0RB0LD_0RA1LD	DN	99800544
1RB1LC_1LC1RB_0RB1LD_0RA0LC	QH	0
1RB1LC_1LC1RB_1LA0RD_0LA1RC	SP	50343862
1RB1LC_1LC1RB_1LA0RD_0LA1RD	SP	67108650
1RB1LC_1LC1RB_1LA0RD_0LC1RC	DN	99803215
1RB1LC_1LC1RB_1LA0RD_0LD1RC	DN	99131223
1RB1LC_1LC1RB_1LA0RD_1LC1RC	SP	52554072
1RB1LC_1LC1RB_1LA0RD_1LD1RC	SP	50331577
1RB1LC_1LC1RB_1LA0RD_1RA1RC	SP	14366402
1RB1LC_1LC1RB_1LA0RD_1RC1RC	SP	50307101
1RB1LC_1LC1RC_1LA0RD_0LA1RD	SP	67107128
1RB1LC_1LC1RC_1LA0RD_0LC1RD	QH	1
1RB1LC_1LC1RD_0RB0LC_1LA1RA	DN	99999986
1RB1LC_1LC1RD_0RB0LC_1RB0LA	QH	0
1RB1LC_1LC1RD_1LA0LB_0RB0RC	DN	99823297
1RB1LC_1LC1RD_1LA0LB_0RB1LC	SP	15053193
1RB1LC_1LC1RD_1LA0LC_0RD0RB	DN	99989966
1RB1LC_1LC1RD_1LA0RD_0LA1RD	QH	1
1RB1LC_1LC1RD_1LA0RD_0LB0RD	DN	99999985
1RB1LC_1LC1RD_1LA0RD_0LC1RD	QH	1
1RB1LC_1LC1RD_1LA1LB_0LB0RD	DN	99999978
1RB1LC_1LC1RD_1LA1LB_0LC0RD	QH	24
1RB1LC_1LC1RD_1LA1LC_0LB0RD	SP	83886071
1RB1LC_1LC1RD_1LD0LC_0RB1RA	DN	99955256
1RB1LC_1RC---_0LD0RD_0LA1LD	SP	89363999
1RB1LC_1RC---_1LD0RD_0LA1LD	SP	50196886
1RB1LC_1RC0LA_0RD1LB_1LA1RD	SP	83886171
1RB1LC_1RC0LA_0RD1LC_1LB1RD	DN	99669629
1RB1LC_1RC0LA_1LA0LD_0RB1RA	DN	99999969
1RB1LC_1RC0LA_1LB0LD_0RB1RA	DN	99999967
1RB1LC_1RC0LA_1RD1LA_0LB0RD	DN	99999982
1RB1LC_1RC0LA_1RD1LA_1LB0RA	DN	99969997
1RB1LC_1RC0LA_1RD1LB_0LB0RD	SP	67108863
1RB1LC_1RC0LB_1LA1RD_1LB0RD	QH	0
1RB1LC_1RC0LD_0LB0RD_0LA1LD	SP	89429414
1RB1LC_1RC0LD_0RD0RB_1LA1LB	DN	99990055
1RB1LC_1RC0LD_1LA0RB_0RB1RA	SP	52398109
1RB1LC_1RC0LD_1LA0RB_0RC1LB	SP	69853861
1RB1LC_1RC0LD_1LA0RB_1LB0LA	SP	50270401
1RB1LC_1RC0LD_1LA0RB_1LB0RB	SP	89494868
1RB1LC_1RC0LD_1LA0RB_1LB0RD	SP	34921907
1RB1LC_1RC0LD_1LA0RB_1LB1LB	SP	34942277
1RB1LC_1RC0LD_1LA0RB_1LB1RB	SP	75411575
1RB1LC_1RC0LD_1LA0RB_1LB1RD	SP	50270357
1RB1LC_1RC0LD_1LA0RB_1LC0RA	DN	99999982
1RB1LC_1RC0LD_1LA1RB_0RC1LD	QH	0
1RB1LC_1RC0LD_1LB0RD_0LA1LD	SP	89298748
1RB1LC_1RC0RA_0LA1LD_1LC0LB	SP	25147351
1RB1LC_1RC0RA_0LD1RA_1LA1LB	DN	99999985
1RB1LC_1RC0RA_0LD1RB_1LA1LB	DN	99979651
1RB1LC_1RC0RB_0LA1LD_1LA1RB	DN	99955311
1RB1LC_1RC0RB_0LA1LD_1LC1RB	DN	99968085
1RB1LC_1RC0RB_0LC1RD_1LA1RB	QH	0
1RB1LC_1RC0RB_0LD0RB_1LA1RD	DN	99994763
1RB1LC_1RC0RB_1LA1RD_1LD0LC	DN	99999974
1RB1LC_1RC0RB_1LD0LC_1LA0LC	DN	99999976
1RB1LC_1RC0RB_1LD0LC_1LA1RA	DN	99999978
1RB1LC_1RC0RB_1LD0LC_1LA1RD	DN	99999985
1RB1LC_1RC0RB_1LD0LD_1LA0LC	DN	99999987
1RB1LC_1RC0RB_1LD0RB_1LA0LC	DN	99969716
1RB1LC_1RC0RB_1LD1RB_1LA0LD	DN	99999975
1RB1LC_1RC0RB_1LD1RC_1LA0LC	DN	99969711
1RB1LC_1RC0RB_1LD1RC_1LA0LD	DN	99999985
1RB1LC_1RC0RC_1LA0LD_0LC0LA	DN	99999951
1RB1LC_1RC0RC_1LD0RB_1LA0LC	DN	99999967
1RB1LC_1RC0RC_1RD0LA_1LA0RA	DN	99999988
1RB1LC_1RC0RD_1LA0LC_1RB0RC	DN	99981776
1RB1LC_1RC0RD_1LA0RD_0LA1RD	QH	1
1RB1LC_1RC0RD_1LA0RD_0LC1RD	QH	1
1RB1LC_1RC0RD_1LA1LC_0LC0RB	SP	89478358
1RB1LC_1RC0RD_1RD1LA_0LC0RB	QH	1
1RB1LC_1RC1LA_1LB0RD_0LA1RD	SP	83886115
1RB1LC_1RC1LA_1LB0RD_0LB1RD	SP	50331673
1RB1LC_1RC1LA_1LB0RD_0LC1RD	SP	67108872
1RB1LC_1RC1LA_1RD0LB_1LB0RC	DN	99969530
1RB1LC_1RC1LA_1RD0LC_1LA0RA	DN	99975335
1RB1LC_1RC1LB_0LB0RD_0LA1RD	DN	99558570
1RB1LC_1RC1LB_0RD0RA_1LD0LB	SP	44780126
1RB1LC_1RC1LB_1LA0RD_0LA1RD	SP	44739268
1RB1LC_1RC1LB_1LA0RD_0LC1RD	SP	67108883
1RB1LC_1RC1LB_1LA1RD_0LB0RC	QH	3
1RB1LC_1RC1LB_1LA1RD_0LC0RD	DN	99999971
1RB1LC_1RC1LD_0LB0RC_1LB0LA	QH	5
1RB1LC_1RC1LD_0LB0RC_1LB0RA	QH	0
1RB1LC_1RC1LD_0LB0RC_1LB1RA	QH	0
1RB1LC_1RC1LD_0LB0RD_0LA1LD	SP	89363999
1RB1LC_1RC1LD_0LD0RC_1LA1LB	QH	29
1RB1LC_1RC1LD_0LD0RC_1LB0LA	QH	0
1RB1LC_1RC1LD_0LD0RC_1LB1LA	QH	0
1RB1LC_1RC1LD_1LA0RB_0LB0LA	SP	69751919
1RB1LC_1RC1LD_1LA0RD_0LA1RD	QH	1
1RB1LC_1RC1LD_1LA0RD_0LC1RD	QH	1
1RB1LC_1RC1LD_1LB0RD_0LA1LD	SP	50196886
1RB1LC_1RC1RA_0LA0LD_0RB1LD	SP	43046791
1RB1LC_1RC1RA_0LD0LA_0RA1LD	SP	44706525
1RB1LC_1RC1RA_0LD0LA_1LA1LD	SP	49698149
1RB1LC_1RC1RA_0LD0LD_0RB1LD	SP	43046729
1RB1LC_1RC1RA_1LA0LD_0RB1LD	SP	33480735
1RB1LC_1RC1RA_1LA0RD_0LA1RD	QH	1
1RB1LC_1RC1RA_1LA0RD_0LC1RD	QH	1
1RB1LC_1RC1RA_1LB0LD_0RB1LD	SP	86093401
1RB1LC_1RC1RA_1LC0LD_0RB1LD	SP	86093373
1RB1LC_1RC1RA_1LD0LD_0RB1LD	SP	43046611
1RB1LC_1RC1RA_1LD0RB_1LA0LC	SP	50233635
1RB1LC_1RC1RA_1LD0RB_1RA0LC	SP	34911663
1RB1LC_1RC1RB_1LA0RD_0LC1RC	DN	99804551
1RB1LC_1RC1RB_1LA0RD_0LC1RD	SP	67108773
1RB1LC_1RC1RB_1LA0RD_0LD1RC	DN	99133221
1RB1LC_1RC1RB_1LA0RD_1LC1RC	SP	88220842
1RB1LC_1RC1RB_1LA0RD_1LD1RC	SP	34932017
1RB1LC_1RC1RB_1LA0RD_1RC1RC	SP	34911633
1RB1LC_1RC1RB_1LA1RD_0RB0RC	SP	24349540
1RB1LC_1RC1RC_1LA0RD_0LC1RD	QH	1
1RB1LC_1RC1RD_0LA0RB_1LA1RA	DN	99999989
1RB1LC_1RC1RD_1LA0LC_0RD0RA	DN	99970997
1RB1LC_1RC1RD_1LA0LC_0RD1LA	QH	1
1RB1LC_1RC1RD_1LA0RD_0LA1RD	QH	1
1RB1LC_1RC1RD_1LA0RD_0LC0RB	QH	1
1RB1LC_1RC1RD_1LA0RD_0LC1RD	QH	1
1RB1LC_1RC1RD_1LA1LB_0LC0RB	SP	34952479
1RB1LC_1RC1RD_1LA1LB_0LC0RD	QH	5
1RB1LC_1RC1RD_1LA1LB_0RA0RB	SP	89396607
1RB1LC_1RC1RD_1LA1LB_1RA0RB	SP	89396587
1RB1LC_1RC1RD_1LA1LB_1RC0RB	SP	50307007
1RB1LC_1RC1RD_1LA1LC_0LC0RD	QH	1
1RB1LC_1RC1RD_1LB0RD_0LA1LD	SP	50196906
1RB1LC_1RC1RD_1LD0LC_0RD1LA	QH	1
1RB1LD_0LB0RC_0LD0RB_1LA---	QH	1
1RB1LD_0LB0RC_0LD0RB_1RC1LA	QH	1
1RB1LD_0LB0RC_0LD0RC_1LA---	QH	1
1RB1LD_0LB0RC_0LD1RC_1LA0RC	QH	1
1RB1LD_0LB1LC_0LD1RC_1LA0RC	QH	1
1RB1LD_0LB1LC_1LA1RC_0RC0LA	SP	89478481
1RB1LD_0LB1LC_1RD0LA_1LA0RC	SP	52336869
1RB1LD_0LB1LC_1RD0LC_0RD1LA	QH	1
1RB1LD_0LB1RC_0LA0RC_1LA0RB	DN	99999985
1RB1LD_0LB1RC_0LA0RC_1LA0RC	DN	99999989
1RB1LD_0LB1RC_0LA0RC_1LA1LB	DN	99999977
1RB1LD_0LB1RC_0LA1RC_1LA0RC	QH	1
1RB1LD_0LB1RC_0LD0RB_1LA0RC	QH	1
1RB1LD_0LB1RC_0LD0RC_1LA1LD	QH	1
1RB1LD_0LB1RC_0LD1RC_1LA0RC	QH	1
1RB1LD_0LB1RC_1LA0RC_0RB0LB	DN	99999981
1RB1LD_0LB1RC_1LA1RC_0RC0LA	SP	67108837
1RB1LD_0LB1RC_1LD0RB_0LA1LA	SP	67108851
1RB1LD_0LC---_1LA1RC_0RC0LA	SP	67108837
1RB1LD_0LC0RA_1RA1LC_0RB0LC	DN	99976212
1RB1LD_0LC0RB_0LA1RD_1LA---	DN	99999989
1RB1LD_0LC0RB_0RA0LD_1LA---	DN	99999976
1RB1LD_0LC0RB_1LA0LB_1LA---	QH	2
1RB1LD_0LC0RB_1LA0LB_1LC---	QH	2
1RB1LD_0LC0RB_1LA0LB_1RB1LC	QH	2
1RB1LD_0LC0RB_1LA0LC_1LA---	QH	2
1RB1LD_0LC0RB_1LA0LC_1LC---	QH	2
1RB1LD_0LC0RB_1LA0LC_1RB1LC	QH	2
1RB1LD_0LC0RB_1LA0LD_1LA---	QH	2
1RB1LD_0LC0RB_1LA0RB_1LA---	QH	2
1RB1LD_0LC0RB_1LA0RB_1LC---	QH	2
1RB1LD_0LC0RB_1LA0RB_1RB1LC	QH	2
1RB1LD_0LC0RB_1LA0RC_1LA---	QH	2
1RB1LD_0LC0RB_1LA0RC_1LC---	QH	2
1RB1LD_0LC0RB_1LA0RC_1RB1LC	QH	2
1RB1LD_0LC0RB_1LA0RD_1LA---	QH	2
1RB1LD_0LC0RB_1LA1LA_1LA---	QH	2
1RB1LD_0LC0RB_1LA1LA_1LC---	QH	2
1RB1LD_0LC0RB_1LA1LA_1RB1LC	QH	2
1RB1LD_0LC0RB_1LA1LB_1LA---	QH	2
1RB1LD_0LC0RB_1LA1LB_1LC---	QH	2
1RB1LD_0LC0RB_1LA1LB_1RB1LC	QH	2
1RB1LD_0LC0RB_1LA1LC_1LC1RD	SP	83887337
1RB1LD_0LC0RB_1LA1LC_1RB1LC	QH	2
1RB1LD_0LC0RB_1LA1LC_1RC0LD	SP	50331474
1RB1LD_0LC0RB_1LA1LD_1LC---	SP	83885952
1RB1LD_0LC0RB_1LA1LD_1RB1LC	QH	2
1RB1LD_0LC0RB_1LA1RC_0RD1LC	QH	2
1RB1LD_0LC0RB_1LA1RC_1LA---	QH	2
1RB1LD_0LC0RB_1LA1RC_1LC---	QH	2
1RB1LD_0LC0RB_1LA1RC_1RA1LC	QH	2
1RB1LD_0LC0RB_1LA1RC_1RB1LC	QH	2
1RB1LD_0LC0RB_1LA1RD_1LA---	QH	2
1RB1LD_0LC0RB_1LD0LB_1LA---	QH	2
1RB1LD_0LC0RB_1LD0LC_1LA---	QH	2
1RB1LD_0LC0RB_1LD0RB_1LA---	QH	2
1RB1LD_0LC0RB_1LD0RC_1LA---	QH	2
1RB1LD_0LC0RB_1LD1LB_1LA---	QH	2
1RB1LD_0LC0RB_1LD1LC_1LA0LB	QH	2
1RB1LD_0LC0RB_1LD1LC_1LA1LB	QH	2
1RB1LD_0LC0RB_1LD1LD_1LA---	QH	2
1RB1LD_0LC0RB_1LD1RC_1LA1LC	QH	2
1RB1LD_0LC0RB_1LD1RD_1LA0LB	QH	2
1RB1LD_0LC0RB_1LD1RD_1LA0RC	SP	83887007
1RB1LD_0LC0RB_1LD1RD_1LA1LB	QH	2
1RB1LD_0LC0RB_1LD1RD_1LA1LC	QH	2
1RB1LD_0LC0RB_1RA0LD_0RC1LA	DN	99999980
1RB1LD_0LC0RB_1RA0LD_1LC1LA	DN	99999984
1RB1LD_0LC0RB_1RA0LD_1RC1LA	DN	99999985
1RB1LD_0LC0RB_1RA1LA_0LD0LA	DN	99996608
1RB1LD_0LC0RB_1RA1LA_0RD0LA	DN	99983757
1RB1LD_0LC0RB_1RA1LA_1LB0LA	DN	99946214
1RB1LD_0LC0RB_1RB1LA_1LA---	DN	99999990
1RB1LD_0LC0RB_1RB1LA_1LC---	DN	99999989
1RB1LD_0LC0RB_1RB1LD_1LA---	DN	99999976
1RB1LD_0LC0RC_0LA1RC_0RD1LA	DN	99582763
1RB1LD_0LC0RC_0LA1RC_1LA0RC	QH	1
1RB1LD_0LC0RC_0LA1RC_1RB1LA	DN	99807213
1RB1LD_0LC0RC_0LA1RC_1RB1LD	DN	99807212
1RB1LD_0LC0RC_0LD0RB_1LA---	QH	3
1RB1LD_0LC0RC_0LD0RB_1RC1LA	QH	3
1RB1LD_0LC0RC_0LD0RC_1LA---	QH	1
1RB1LD_0LC0RC_0LD1RC_1LA0RC	QH	1
1RB1LD_0LC0RC_0LD1RC_1RB1LA	DN	99807213
1RB1LD_0LC0RC_1LA1RC_0LB0LA	SP	28760718
1RB1LD_0LC0RC_1LA1RC_0RC0LB	DN	99977498
1RB1LD_0LC0RC_1LA1RC_1LC0LB	DN	99957498
1RB1LD_0LC0RC_1LD0RB_1LA---	DN	99999990
1RB1LD_0LC0RC_1RA1LA_1LA0LD	DN	99995593
1RB1LD_0LC0RD_0LA1RC_1LA0RC	SP	67108255
1RB1LD_0LC0RD_1LD0LB_1LA0RB	QH	2
1RB1LD_0LC0RD_1LD0LC_1LA0RB	QH	2
1RB1LD_0LC0RD_1LD0RB_1LA0RB	QH	2
1RB1LD_0LC0RD_1LD0RC_1LA0RB	QH	2
1RB1LD_0LC0RD_1LD1LB_1LA0RB	QH	2
1RB1LD_0LC0RD_1LD1LD_1LA0RB	QH	2
1RB1LD_0LC0RD_1RB1LD_1LA0RB	DN	99999976
1RB1LD_0LC1LC_0LA1RC_1LA0RC	QH	1
1RB1LD_0LC1LC_0LD1RC_1LA0RC	QH	1
1RB1LD_0LC1RA_0LA1RC_1LA0RC	QH	1
1RB1LD_0LC1RA_0LD1RC_1LA0RC	QH	10
1RB1LD_0LC1RA_0RA1LC_0LC0LA	SP	44739253
1RB1LD_0LC1RA_0RA1LC_0RB0LC	SP	78176227
1RB1LD_0LC1RA_1LA0LD_1RC0RB	DN	99999985
1RB1LD_0LC1RA_1LA1LC_0LC0LA	SP	17895703
1RB1LD_0LC1RA_1RB1LC_0RC0LA	SP	44739205
1RB1LD_0LC1RB_---1LA_1LA0RB	SP	83885981
1RB1LD_0LC1RB_---1LD_1LA0RB	SP	67108764
1RB1LD_0LC1RB_0LA1RC_1LA0RC	SP	67108810
1RB1LD_0LC1RB_0LA1RD_1LC0RB	SP	83885862
1RB1LD_0LC1RB_0LB1RD_1LA0RC	DN	99809063
1RB1LD_0LC1RB_0LC1RD_1LA0RC	DN	99809063
1RB1LD_0LC1RB_0LD1LC_1RD0RA	DN	99308444
1RB1LD_0LC1RB_0LD1RC_1LA0RC	SP	50331599
1RB1LD_0LC1RB_0LD1RD_1LA0RC	DN	99529753
1RB1LD_0LC1RB_0RC1LA_1LC0RB	SP	50331349
1RB1LD_0LC1RB_1LA0RB_0RD1LC	SP	67108472
1RB1LD_0LC1RB_1LA0RB_1LA1LC	SP	67108432
1RB1LD_0LC1RB_1LA0RB_1LC0RA	SP	83885823
1RB1LD_0LC1RB_1LA0RB_1LC0RB	SP	59652305
1RB1LD_0LC1RB_1LA0RB_1LC1LC	SP	67108697
1RB1LD_0LC1RB_1LA0RB_1RA1LC	SP	67108739
1RB1LD_0LC1RB_1LA0RB_1RB1LC	SP	50331312
1RB1LD_0LC1RB_1LA0RB_1RC1LC	SP	67108312
1RB1LD_0LC1RB_1LA0RB_1RC1LD	DN	99801875
1RB1LD_0LC1RB_1LA1LA_1LC0RB	SP	50331528
1RB1LD_0LC1RB_1LB1RD_1LA0RC	SP	88305560
1RB1LD_0LC1RB_1LC1RD_1LA0RC	SP	50356151
1RB1LD_0LC1RB_1LD0RB_1LA0RC	DN	99999976
1RB1LD_0LC1RB_1LD1RD_1LA0RC	SP	88293466
1RB1LD_0LC1RB_1RB1LA_1LC0RB	SP	50331309
1RB1LD_0LC1RB_1RB1RD_1LA0RC	SP	50343891
1RB1LD_0LC1RB_1RD1LA_1LC0RB	SP	50331438
1RB1LD_0LC1RB_1RD1RD_1LA0RC	SP	50331631
1RB1LD_0LC1RC_0LA1RC_1LA0RC	QH	1
1RB1LD_0LC1RC_0LD0RB_1LA0RC	QH	3
1RB1LD_0LC1RC_0LD0RC_1LA1LB	QH	1
1RB1LD_0LC1RC_0LD1RC_1LA0RC	QH	1
1RB1LD_0LC1RD_0LA1RC_1LA0RC	SP	50330071
1RB1LD_0LC1RD_0LD1RC_1LA0RC	QH	1
1RB1LD_0LC1RD_1RB1LC_1LA0RB	QH	0
1RB1LD_0RC---_0LD0RB_0LA---	DN	99999988
1RB1LD_0RC---_0LD1RC_0LA0RB	DN	99999990
1RB1LD_0RC---_1LC1LD_0RD0LA	DN	99999973
1RB1LD_0RC0LB_1LC1RA_0RD0LA	DN	99986808
1RB1LD_0RC0LB_1LC1RA_1LA0LA	DN	99999897
1RB1LD_0RC0LB_1LC1RA_1RB0LD	DN	99999944
1RB1LD_0RC0LC_1LC1RA_1LA0LA	DN	99967990
1RB1LD_0RC0LC_1LD1RA_0LA0LD	DN	99973820
1RB1LD_0RC0LC_1RD1RA_0LA0LD	DN	99929724
1RB1LD_0RC0LD_1LA0RB_1LD1RC	SP	67108864
1RB1LD_0RC0LD_1LC1RA_1LB0LA	DN	99964603
1RB1LD_0RC0RA_1LC1RA_1RB0LD	DN	99999983
1RB1LD_0RC0RA_1RD0LA_0LA1RB	SP	22844006
1RB1LD_0RC0RA_1RD1LC_0LA1RB	QH	7968794
1RB1LD_0RC0RA_1RD1RC_0LA1RB	SP	22829346
1RB1LD_0RC0RB_0LD1LA_0LA1LC	DN	99999986
1RB1LD_0RC0RB_1LC0LA_0LA1LA	DN	99814900
1RB1LD_0RC0RB_1LC0LA_0RB1RD	SP	16204955
1RB1LD_0RC0RB_1LC0LA_1LA0LA	DN	99999970
1RB1LD_0RC0RB_1LC0LA_1LB1LA	DN	99954820
1RB1LD_0RC0RB_1LC0LA_1LB1RD	SP	89609423
1RB1LD_0RC0RB_1LC0RA_1RA0LD	DN	99989108
1RB1LD_0RC0RB_1LC1RA_0LA0LA	DN	99990734
1RB1LD_0RC0RB_1LC1RA_0LA0RA	DN	99982861
1RB1LD_0RC0RB_1LC1RA_1LA0LA	DN	99983823
1RB1LD_0RC0RB_1LC1RA_1LA0LD	DN	99999989
1RB1LD_0RC0RB_1LC1RA_1RA0LA	DN	99998432
1RB1LD_0RC0RB_1LC1RA_1RA0LD	DN	99999740
1RB1LD_0RC0RB_1LC1RA_1RC0LA	DN	99975692
1RB1LD_0RC0RB_1RD1RA_0LA0LD	DN	99946200
1RB1LD_0RC0RC_0LD0RB_1LA---	QH	1
1RB1LD_0RC0RC_0LD0RB_1RC1LA	QH	1
1RB1LD_0RC0RC_0LD0RC_1LA---	QH	1
1RB1LD_0RC0RC_0LD1RC_1LA0RC	QH	1
1RB1LD_0RC0RC_1LC1LA_0RA0LD	DN	99999984
1RB1LD_0RC0RC_1LC1RA_0RD0LA	DN	99973656
1RB1LD_0RC0RC_1LC1RA_1RB0LD	DN	99977834
1RB1LD_0RC0RD_0LD1RA_1RC0LA	DN	99999982
1RB1LD_0RC0RD_1LC1RA_0RD0LA	DN	99999969
1RB1LD_0RC0RD_1LD0LC_0LA1LA	DN	99995627
1RB1LD_0RC0RD_1RD0LC_0LA1LA	DN	99989329
1RB1LD_0RC0RD_1RD1RA_0LA0LD	DN	99929724
1RB1LD_0RC1LA_1LB1RC_0LA0LB	SP	89478313
1RB1LD_0RC1LA_1LB1RC_0LB0LB	SP	67108855
1RB1LD_0RC1LA_1LB1RC_0LB0RA	SP	83886025
1RB1LD_0RC1LA_1LB1RC_0RC0LB	SP	58720123
1RB1LD_0RC1LA_1LB1RC_0RD0LB	SP	67108723
1RB1LD_0RC1LA_1LB1RC_1LB0LB	SP	67108813
1RB1LD_0RC1LA_1LB1RC_1RA0LB	SP	67108897
1RB1LD_0RC1LA_1LB1RC_1RC0LB	SP	67108771
1RB1LD_0RC1LA_1LC0RB_0LA---	QH	3
1RB1LD_0RC1LB_0LD1RC_1LA0RC	SP	50331630
1RB1LD_0RC1LB_1LA1RC_0LA0LB	DN	99674979
1RB1LD_0RC1LB_1LA1RC_0LB0LB	QH	19
1RB1LD_0RC1LB_1LA1RC_0LB0RA	DN	99814351
1RB1LD_0RC1LB_1LA1RC_0LC0LB	QH	19
1RB1LD_0RC1LB_1LA1RC_0RB0LB	QH	19
1RB1LD_0RC1LB_1LA1RC_0RC0LB	QH	19
1RB1LD_0RC1LB_1LA1RC_0RD0LA	DN	99963575
1RB1LD_0RC1LB_1LA1RC_0RD0LB	DN	99817539
1RB1LD_0RC1LB_1LA1RC_1LA0LB	QH	19
1RB1LD_0RC1LB_1LA1RC_1LB0LB	QH	3
1RB1LD_0RC1LB_1LA1RC_1LC0LB	DN	99137543
1RB1LD_0RC1LB_1LA1RC_1RA0LB	QH	19
1RB1LD_0RC1LB_1LA1RC_1RB0LB	QH	3
1RB1LD_0RC1LB_1LA1RC_1RC0LB	QH	3
1RB1LD_0RC1LB_1LA1RD_1RC0LB	SP	67107188
1RB1LD_0RC1LB_1LB1RD_1RC0LA	SP	62865623
1RB1LD_0RC1LB_1LC0LA_0RB1LB	SP	44747383
1RB1LD_0RC1LB_1LC0LA_0RB1RB	SP	44763693
1RB1LD_0RC1LB_1LC0LA_0RC1LB	SP	44747363
1RB1LD_0RC1LB_1LC0LA_0RC1RB	SP	44763673
1RB1LD_0RC1LB_1LC0LA_0RD1LB	SP	44747383
1RB1LD_0RC1LB_1LC0LA_0RD1RB	SP	44829298
1RB1LD_0RC1LB_1LC0LA_1RD1RB	SP	25208647
1RB1LD_0RC1LB_1LD1RC_1LA0LB	QH	4
1RB1LD_0RC1LB_1RD0LB_1LA1RC	QH	8
1RB1LD_0RC1LC_0LD1RC_1LA0RC	QH	1
1RB1LD_0RC1LC_1LA1RC_0RD0LA	DN	99985651
1RB1LD_0RC1LD_1LB1RC_1RA0LB	QH	0
1RB1LD_0RC1RA_0LD1RC_1LA0RC	QH	1
1RB1LD_0RC1RA_1LC0LA_0RB1LB	SP	37748839
1RB1LD_0RC1RA_1LC0LA_0RC1LB	SP	67059795
1RB1LD_0RC1RA_1LC0LA_0RD1LB	SP	67059815
1RB1LD_0RC1RA_1LC0LA_1RB1LB	SP	67059895
1RB1LD_0RC1RA_1LD1RA_0LA0LD	DN	99979662
1RB1LD_0RC1RA_1LD1RB_1LB0LD	DN	99968065
1RB1LD_0RC1RA_1RD0RA_1LB0LD	DN	99999982
1RB1LD_0RC1RA_1RD1RA_0LA0LD	DN	99995462
1RB1LD_0RC1RB_0LC1RD_1LA0RC	DN	99810119
1RB1LD_0RC1RB_0LD0RC_1RC1LA	SP	44780211
1RB1LD_0RC1RB_0LD1RC_1LA0LB	SP	67108906
1RB1LD_0RC1RB_0LD1RC_1LA0RC	SP	50331426
1RB1LD_0RC1RB_0LD1RD_1LA0RC	DN	99529753
1RB1LD_0RC1RB_1LB1RD_1LA0LB	SP	52398010
1RB1LD_0RC1RB_1LB1RD_1LA0RC	SP	34942230
1RB1LD_0RC1RB_1LC1RA_1LA0LA	DN	99966082
1RB1LD_0RC1RB_1LC1RD_1LA0RC	SP	34952442
1RB1LD_0RC1RB_1LD0LC_0LA1LA	SP	44763827
1RB1LD_0RC1RB_1LD1RA_0LA0LD	DN	99952780
1RB1LD_0RC1RB_1LD1RD_1LA0LB	SP	53853666
1RB1LD_0RC1RB_1LD1RD_1LA0RC	SP	80909889
1RB1LD_0RC1RB_1RD0LB_1LA0LB	SP	69833398
1RB1LD_0RC1RB_1RD0LB_1LA0RC	SP	52377618
1RB1LD_0RC1RB_1RD1RA_0LA0LD	DN	99925014
1RB1LD_0RC1RB_1RD1RD_1LA0LB	SP	52387798
1RB1LD_0RC1RB_1RD1RD_1LA0RC	SP	34932018
1RB1LD_0RC1RC_0LD0RB_1LA0RC	QH	1
1RB1LD_0RC1RC_0LD0RC_1LA1LB	QH	1
1RB1LD_0RC1RC_0LD1RB_1LA0LC	SP	67108712
1RB1LD_0RC1RC_0LD1RC_1LA0RC	QH	1
1RB1LD_0RC1RC_1LA0RB_0LB0LA	DN	99955895
1RB1LD_0RC1RC_1LA0RB_1LA0LA	DN	99989969
1RB1LD_0RC1RC_1LA1RC_0RD0LA	DN	99968845
1RB1LD_0RC1RC_1LC1RA_0RA0LD	DN	99999979
1RB1LD_0RC1RD_0LD1RC_1LA0RC	QH	1
1RB1LD_0RC1RD_1LC0RA_1LA0LC	DN	99995248
1RB1LD_1LB0LC_1RD1LC_0RB0RA	SP	25214748
1RB1LD_1LB0RC_0LA1RC_1LA0RC	QH	1
1RB1LD_1LB0RC_0LD0RC_1LA---	QH	1
1RB1LD_1LB0RC_0LD1RC_1LA0RC	QH	1
1RB1LD_1LB0RC_1LA1RC_0LC0LA	SP	67108731
1RB1LD_1LB0RC_1LA1RC_0RC0LA	SP	83885884
1RB1LD_1LB0RC_1LA1RC_1LC0LA	SP	67108730
1RB1LD_1LB0RC_1LC1LA_0RA0LD	DN	99999959
1RB1LD_1LB1LC_0LD1RC_1LA0RC	QH	1
1RB1LD_1LB1LC_0RD0LC_1RA1RD	DN	99999979
1RB1LD_1LB1LC_1LA1RC_0RC0LA	SP	89478337
1RB1LD_1LB1LC_1RD0LC_0RD1LA	QH	1
1RB1LD_1LB1RC_0LA1RC_1LA0RC	QH	1
1RB1LD_1LB1RC_0LD0RB_0LA1LA	SP	44739220
1RB1LD_1LB1RC_0LD0RB_1LA0RC	QH	5
1RB1LD_1LB1RC_0LD0RC_1LA1LB	QH	1
1RB1LD_1LB1RC_0LD1RC_1LA0RC	QH	1
1RB1LD_1LB1RC_0RC1LA_1LA0LD	QH	1
1RB1LD_1LB1RC_0RC1LA_1LC0LD	QH	1
1RB1LD_1LB1RC_1LA0RD_0RC0LB	SP	50331630
1RB1LD_1LB1RC_1LA1RC_0RC0LA	SP	67108745
1RB1LD_1LC---_1LA1RC_0RC0LA	SP	67108745
1RB1LD_1LC0LA_0RC1RB_1RC0LD	QH	0
1RB1LD_1LC0LA_1LB1RC_0RC1LD	DN	99667960
1RB1LD_1LC0LC_1RD1LB_1LA0RD	QH	25
1RB1LD_1LC0LD_0LA1RC_1LA0RC	SP	67108904
1RB1LD_1LC0LD_0RA0LB_1RD1RC	SP	75485126
1RB1LD_1LC0LD_1LA1RC_0RA0LD	DN	99999987
1RB1LD_1LC0LD_1RD0LB_1LA0RC	SP	89494865
1RB1LD_1LC0RA_0LD0LB_1RD0RB	DN	99970352
1RB1LD_1LC0RA_0RA0LB_1RA1RD	SP	34921784
1RB1LD_1LC0RA_0RA0LB_1RD1RC	SP	89494772
1RB1LD_1LC0RA_0RC1LA_1RC0LD	QH	1
1RB1LD_1LC0RA_0RD0LB_1RA1RD	SP	89429329
1RB1LD_1LC0RA_1LA0LB_1RA1RD	SP	50245782
1RB1LD_1LC0RA_1LA0LB_1RD0RC	SP	34942253
1RB1LD_1LC0RA_1LA1LB_0RD0LC	SP	33505348
1RB1LD_1LC0RA_1LA1RC_0LB0LA	DN	99999831
1RB1LD_1LC0RA_1LD0LB_1RA1RD	SP	50245762
1RB1LD_1LC0RA_1RA0LB_1RA1RD	SP	34921764
1RB1LD_1LC0RA_1RA1LB_0LA0LC	SP	44616802
1RB1LD_1LC0RA_1RD0LB_0LA1RC	SP	50319428
1RB1LD_1LC0RA_1RD0LB_1LA1RC	SP	89429410
1RB1LD_1LC0RA_1RD0LB_1RA1RD	SP	34921744
1RB1LD_1LC0RA_1RD0RA_0LB1RC	SP	33538011
1RB1LD_1LC0RA_1RD1LB_0LC0RD	QH	0
1RB1LD_1LC0RB_0LC0RA_1LA---	DN	99999989
1RB1LD_1LC0RB_0LC0RA_1RA1LA	DN	99999988
1RB1LD_1LC0RB_0LC0RD_1LA1RD	QH	3
1RB1LD_1LC0RB_0LC1RA_1LA0LD	DN	99984485
1RB1LD_1LC0RB_0LD1RA_0LD1RB	QH	0
1RB1LD_1LC0RB_0LD1RA_1LC1RB	QH	0
1RB1LD_1LC0RB_0LD1RA_1LD1RB	QH	0
1RB1LD_1LC0RB_0RA0LC_0LD0LC	DN	99999990
1RB1LD_1LC0RB_0RA0LC_0LD1RB	DN	99999992
1RB1LD_1LC0RB_0RA0LC_1RD1RA	DN	99999986
1RB1LD_1LC0RB_0RA1LA_0LD0RA	DN	99999989
1RB1LD_1LC0RB_0RA1RA_0LD0LC	DN	99999987
1RB1LD_1LC0RB_0RA1RA_0LD1RB	QH	0
1RB1LD_1LC0RB_0RA1RB_0LD0LC	DN	99999990
1RB1LD_1LC0RB_0RA1RB_0LD1RB	QH	0
1RB1LD_1LC0RB_0RC0LD_1LA---	DN	99999990
1RB1LD_1LC0RB_1LD1RA_0LD1RB	QH	0
1RB1LD_1LC0RB_1RA1LA_0LA0LC	SP	55325212
1RB1LD_1LC0RB_1RA1LA_0LC0LC	SP	89560066
1RB1LD_1LC0RB_1RA1LA_0LD0RA	DN	99999988
1RB1LD_1LC0RB_1RA1LA_1LA0LC	SP	15562112
1RB1LD_1LC0RB_1RA1LA_1LB0LC	SP	89625258
1RB1LD_1LC0RB_1RA1LA_1LC0LC	SP	89592672
1RB1LD_1LC0RB_1RA1LA_1RA0LC	SP	89560086
1RB1LD_1LC0RB_1RD0LC_1LA1RB	DN	99999986
1RB1LD_1LC0RB_1RD1RC_1LB1LA	DN	99972862
1RB1LD_1LC0RC_0LA1RC_0RD1LA	DN	99846461
1RB1LD_1LC0RC_0LA1RC_1LA0RC	QH	1
1RB1LD_1LC0RC_0LA1RC_1RB1LA	DN	99669641
1RB1LD_1LC0RC_0LA1RC_1RB1LD	DN	99669640
1RB1LD_1LC0RC_0LD0RB_1LA---	QH	1
1RB1LD_1LC0RC_0LD0RB_1RC1LA	QH	1
1RB1LD_1LC0RC_0LD0RC_1LA---	QH	1
1RB1LD_1LC0RC_0LD1RC_1LA0RC	QH	1
1RB1LD_1LC0RC_0LD1RC_1RB1LA	DN	99669641
1RB1LD_1LC0RC_1LA1RC_0LB0LA	SP	28760215
1RB1LD_1LC0RC_1LA1RC_1RB0LA	DN	99968907
1RB1LD_1LC0RC_1RD0LB_1LA0RC	SP	34921864
1RB1LD_1LC0RD_0RA0LB_1LA1RC	SP	44616773
1RB1LD_1LC0RD_0RA1LB_0LC1RD	SP	67108973
1RB1LD_1LC0RD_1LA1LB_1RB0RA	SP	33542076
1RB1LD_1LC0RD_1RA0LD_1RC1LA	DN	99930009
1RB1LD_1LC0RD_1RA1LB_0LB1RD	QH	0
1RB1LD_1LC0RD_1RA1LB_0LC1RD	QH	0
1RB1LD_1LC0RD_1RD0LB_1LA0RC	SP	75411532
1RB1LD_1LC1LA_0LA1RC_1LB0RC	SP	83885906
1RB1LD_1LC1LA_0RC0RB_1RC0LD	QH	1
1RB1LD_1LC1LA_0RC1RB_1RC0LD	QH	0
1RB1LD_1LC1LA_1RD1LB_0LC0RD	QH	23
1RB1LD_1LC1LB_0LA1RC_1LA0RC	SP	89478477
1RB1LD_1LC1LB_1RD0LB_1LA0RC	SP	68406840
1RB1LD_1LC1LB_1RD1LA_0LC0RD	QH	33
1RB1LD_1LC1LC_0LA1RC_1LA0RC	QH	1
1RB1LD_1LC1LC_0LD1RC_1LA0RC	QH	1
1RB1LD_1LC1LC_1LA1RC_0RA0LD	DN	99999981
1RB1LD_1LC1LC_1RD0LB_1LA0RC	SP	50270334
1RB1LD_1LC1LD_0LA1RC_1LB0RC	SP	44739245
1RB1LD_1LC1LD_1RD0LB_1LA0RC	SP	34942294
1RB1LD_1LC1LD_1RD0RA_0LB1RC	SP	44641252
1RB1LD_1LC1RA_0LA1RC_1LA0RC	QH	1
1RB1LD_1LC1RA_0LC0LD_0RA0RB	DN	99999967
1RB1LD_1LC1RA_0LD1RC_1LA0RC	QH	1
1RB1LD_1LC1RA_0RA1LC_0LC0LA	SP	44706503
1RB1LD_1LC1RA_0RA1LC_0RB0LC	SP	48315561
1RB1LD_1LC1RA_0RB0LC_---0LB	QH	7
1RB1LD_1LC1RA_0RB0LC_---0RB	QH	7
1RB1LD_1LC1RA_0RB0LC_---0RC	QH	7
1RB1LD_1LC1RA_0RB0LC_---1RB	SP	50331589
1RB1LD_1LC1RA_0RB0LC_---1RC	QH	7
1RB1LD_1LC1RA_0RB0LC_0LB0LD	SP	50331463
1RB1LD_1LC1RA_0RB0LC_0LB0RA	QH	8
1RB1LD_1LC1RA_0RB0LC_0LB0RD	QH	7
1RB1LD_1LC1RA_0RB0LC_0LB1RD	SP	50331631
1RB1LD_1LC1RA_0RB0LC_0LC0LD	QH	7
1RB1LD_1LC1RA_0RB0LC_0LC0RD	QH	7
1RB1LD_1LC1RA_0RB0LC_0LC1RD	QH	7
1RB1LD_1LC1RA_0RB0LC_0RA0LD	DN	99983299
1RB1LD_1LC1RA_0RB0LC_0RB0RA	QH	8
1RB1LD_1LC1RA_0RB0LC_0RB0RD	QH	7
1RB1LD_1LC1RA_0RB0LC_0RB1RD	QH	7
1RB1LD_1LC1RA_0RB0LC_0RC0LD	QH	7
1RB1LD_1LC1RA_0RB0LC_0RC0RA	QH	8
1RB1LD_1LC1RA_0RB0LC_0RC0RD	QH	7
1RB1LD_1LC1RA_0RB0LC_0RC1RD	QH	7
1RB1LD_1LC1RA_0RB0LC_1LC0LD	QH	7
1RB1LD_1LC1RA_0RB0LC_1LC0RD	QH	7
1RB1LD_1LC1RA_0RB0LC_1LC1RD	QH	7
1RB1LD_1LC1RA_0RB0LC_1RA0LD	QH	7
1RB1LD_1LC1RA_0RB0LC_1RA0RD	QH	7
1RB1LD_1LC1RA_0RB0LC_1RA1RD	QH	7
1RB1LD_1LC1RA_0RB0LC_1RB0RA	SP	50331632
1RB1LD_1LC1RA_0RB0LC_1RB1RD	SP	50331589
1RB1LD_1LC1RA_0RB0LC_1RC0LD	QH	7
1RB1LD_1LC1RA_0RB0LC_1RC0RA	QH	8
1RB1LD_1LC1RA_0RB0LC_1RC0RD	QH	7
1RB1LD_1LC1RA_0RB0LC_1RC1LD	QH	7
1RB1LD_1LC1RA_0RB0LC_1RC1RD	QH	7
1RB1LD_1LC1RA_1LA1LC_0LC0LA	SP	49698137
1RB1LD_1LC1RA_1LA1RC_0RA0LD	DN	99999977
1RB1LD_1LC1RA_1RB1LC_0LB0LA	SP	17903888
1RB1LD_1LC1RA_1RB1LC_0RC0LA	SP	44706459
1RB1LD_1LC1RA_1RD0LB_1LA0RC	SP	34921885
1RB1LD_1LC1RA_1RD1LB_0LC0RD	QH	0
1RB1LD_1LC1RB_---1LA_0RC0LA	DN	99999986
1RB1LD_1LC1RB_---1LA_0RD0LA	DN	99999968
1RB1LD_1LC1RB_---1LA_1LA0LA	DN	99999985
1RB1LD_1LC1RB_---1LA_1RB0LA	DN	99999989
1RB1LD_1LC1RB_---1LD_0RB0LA	SP	67108791
1RB1LD_1LC1RB_0LA1RC_1LA0RC	SP	67108738
1RB1LD_1LC1RB_0LC1RD_1LA0RC	DN	99811175
1RB1LD_1LC1RB_0LD1LC_1RD0RA	SP	25171835
1RB1LD_1LC1RB_0LD1RC_1LA0RC	SP	50331510
1RB1LD_1LC1RB_0LD1RD_1LA0RC	DN	99530809
1RB1LD_1LC1RB_0RA0LD_0RB1LD	QH	0
1RB1LD_1LC1RB_0RA1LA_0LC0LC	SP	58720127
1RB1LD_1LC1RB_0RA1LA_0RB0LC	SP	79691425
1RB1LD_1LC1RB_0RA1LA_0RC0LC	SP	58720127
1RB1LD_1LC1RB_0RA1LA_0RD0LC	SP	88079985
1RB1LD_1LC1RB_0RA1LA_1RA0LC	SP	58720169
1RB1LD_1LC1RB_0RA1LA_1RB0LC	SP	58720085
1RB1LD_1LC1RB_0RB1LA_0LC0LC	SP	67108686
1RB1LD_1LC1RB_0RB1LA_0LC0RA	SP	83885814
1RB1LD_1LC1RB_0RB1LA_0RB0LC	SP	58720042
1RB1LD_1LC1RB_0RB1LA_0RC0LC	SP	67108649
1RB1LD_1LC1RB_0RB1LA_0RD0LC	SP	67108562
1RB1LD_1LC1RB_0RB1LA_1LC0LC	SP	67108644
1RB1LD_1LC1RB_0RB1LA_1RA0LC	SP	67108728
1RB1LD_1LC1RB_0RB1LA_1RB0LC	SP	67108602
1RB1LD_1LC1RB_0RB1LD_1RA0LC	QH	0
1RB1LD_1LC1RB_0RC1LA_0LC0LC	SP	67108691
1RB1LD_1LC1RB_0RC1LA_0RB0LC	SP	83885727
1RB1LD_1LC1RB_0RC1LA_0RC0LC	SP	67108649
1RB1LD_1LC1RB_0RC1LA_0RD0LC	DN	99999977
1RB1LD_1LC1RB_0RC1LA_1RA0LC	SP	67108733
1RB1LD_1LC1RB_0RC1LA_1RB0LC	SP	67108607
1RB1LD_1LC1RB_0RD1LA_0RC0LC	DN	99999990
1RB1LD_1LC1RB_0RD1LA_1RB0LC	SP	58720080
1RB1LD_1LC1RB_1LA1LA_0RB0LC	SP	50331550
1RB1LD_1LC1RB_1LB1RD_1LA0RC	SP	34952464
1RB1LD_1LC1RB_1LC1RD_1LA0RC	SP	34952464
1RB1LD_1LC1RB_1LD1LA_0RB0LC	SP	50331508
1RB1LD_1LC1RB_1LD1RD_1LA0RC	SP	80909925
1RB1LD_1LC1RB_1RA0LD_0RB1LD	QH	0
1RB1LD_1LC1RB_1RA1LA_0RB0LC	SP	50331361
1RB1LD_1LC1RB_1RB1LA_0RB0LC	SP	50331466
1RB1LD_1LC1RB_1RD0LB_1LA0RC	SP	68492372
1RB1LD_1LC1RB_1RD1RD_1LA0RC	SP	34932040
1RB1LD_1LC1RC_0LA1RC_1LA0RC	QH	1
1RB1LD_1LC1RC_0LD0RB_1LA0RC	QH	1
1RB1LD_1LC1RC_0LD0RC_1LA1LB	QH	1
1RB1LD_1LC1RC_0LD1RC_1LA0RC	QH	1
1RB1LD_1LC1RC_0RC1LA_1LA0LD	QH	1
1RB1LD_1LC1RC_0RC1LA_1LC0LD	QH	1
1RB1LD_1LC1RC_0RC1LA_1RC0LD	QH	1
1RB1LD_1LC1RC_1LA1RC_0RA0LD	DN	99999985
1RB1LD_1LC1RC_1RB0LD_0RC0LA	QH	0
1RB1LD_1LC1RC_1RD0LB_1LA0RC	SP	25597334
1RB1LD_1LC1RD_0LA1RC_1LA0RC	SP	67107212
1RB1LD_1LC1RD_0LD1RC_1LA0RC	QH	1
1RB1LD_1LC1RD_0RB0LC_1RB0LA	QH	0
1RB1LD_1LC1RD_1LA0LB_0RB0RC	SP	28310872
1RB1LD_1LC1RD_1LA0LC_0RD1LC	QH	1
1RB1LD_1LC1RD_1LA1LC_0LB0RD	QH	11
1RB1LD_1RC---_0LD0RC_0LA1LA	DN	99999989
1RB1LD_1RC---_1LA1RC_0RC0LA	SP	67108699
1RB1LD_1RC---_1LC1RA_0RA0LD	DN	99999979
1RB1LD_1RC0LA_1LA0LD_1RB0RB	DN	99999979
1RB1LD_1RC0LA_1LA0RB_1LB1LB	DN	99996299
1RB1LD_1RC0LA_1LA0RB_1RA1LB	DN	99969700
1RB1LD_1RC0LA_1LA1RC_0RC1LB	SP	83885741
1RB1LD_1RC0LA_1LB1RC_0RC1LD	DN	99667120
1RB1LD_1RC0LA_1LD1RB_0RB0LD	QH	0
1RB1LD_1RC0LA_1RD0RD_1LB1RB	DN	99984301
1RB1LD_1RC0LB_1LA0RB_0LA0RC	DN	99999986
1RB1LD_1RC0LB_1LA0RC_0LA1LB	DN	99999979
1RB1LD_1RC0LB_1LA0RD_0RC1RB	DN	92274237
1RB1LD_1RC0LB_1LD0RD_1RA1LB	DN	99975407
1RB1LD_1RC0LC_0LA1RA_0RA0LD	DN	99999987
1RB1LD_1RC0LD_0LA0RA_1LA1LB	DN	99934095
1RB1LD_1RC0LD_0LA1RC_1LA0RC	SP	67108858
1RB1LD_1RC0LD_1LA1RA_0RA0LD	DN	99999981
1RB1LD_1RC0LD_1LA1RB_0RA0LD	DN	99999980
1RB1LD_1RC0LD_1LA1RB_0RB1LD	QH	0
1RB1LD_1RC0LD_1LA1RB_0RC1LD	QH	0
1RB1LD_1RC0LD_1LA1RC_0RA0LD	DN	99999989
1RB1LD_1RC0RA_0LA0RC_0LA0LB	SP	33513538
1RB1LD_1RC0RA_0LA0RC_0RC0LB	SP	33562653
1RB1LD_1RC0RA_0LA0RC_1LB0LB	SP	75436195
1RB1LD_1RC0RA_0LA0RC_1LC0LB	SP	33513618
1RB1LD_1RC0RA_0LA0RC_1RC0LB	SP	75509689
1RB1LD_1RC0RA_0LA0RC_1RD0LB	SP	33562653
1RB1LD_1RC0RA_0LA0RD_0LA0LB	SP	33529913
1RB1LD_1RC0RA_0LA1RB_0LA0LB	SP	33505394
1RB1LD_1RC0RA_0LA1RB_0RC0LB	SP	33554465
1RB1LD_1RC0RA_0LA1RB_1RC0LB	SP	75497429
1RB1LD_1RC0RA_0LA1RB_1RD0LB	SP	33554487
1RB1LD_1RC0RA_0LA1RD_1RC0LB	SP	75509714
1RB1LD_1RC0RA_0LD1RB_0LB1LB	SP	25171901
1RB1LD_1RC0RA_1LA0LB_0LA0LB	SP	33497226
1RB1LD_1RC0RA_1LA0LC_0RC0LB	SP	33497226
1RB1LD_1RC0RA_1LA0RA_1RC0LD	DN	99972004
1RB1LD_1RC0RA_1LA0RD_0LA1RB	QH	7972430
1RB1LD_1RC0RA_1LA1LB_0LC0LB	SP	15881267
1RB1LD_1RC0RA_1LA1LD_0LA0LB	SP	44698236
1RB1LD_1RC0RA_1LA1LD_0LC0LB	QH	7954243
1RB1LD_1RC0RA_1LA1RA_0LA0LB	SP	44649372
1RB1LD_1RC0RA_1LA1RB_0LA0LB	DN	99690848
1RB1LD_1RC0RA_1LA1RB_0LA1RB	QH	7965160
1RB1LD_1RC0RA_1LA1RD_0LA0LB	DN	99997968
1RB1LD_1RC0RA_1LB0RD_0LA1RB	QH	7968794
1RB1LD_1RC0RA_1LB1RB_0LA0LB	SP	33550275
1RB1LD_1RC0RA_1LB1RB_0LA1RB	QH	7961524
1RB1LD_1RC0RA_1LC1LD_0LA0LB	SP	44698236
1RB1LD_1RC0RA_1LD0LB_0LA1LC	SP	52357207
1RB1LD_1RC0RA_1LD0RB_1LB0LC	DN	99999987
1RB1LD_1RC0RB_0LA0RB_0LA1LA	DN	99989966
1RB1LD_1RC0RB_0LA0RB_0LA1LC	DN	99969994
1RB1LD_1RC0RB_0LA0RB_0LA1LD	DN	99969964
1RB1LD_1RC0RB_0LA0RB_1LC0LA	DN	99987760
1RB1LD_1RC0RB_0LA0RB_1LC0LB	DN	99945552
1RB1LD_1RC0RB_0LA0RB_1LC0LD	DN	99992213
1RB1LD_1RC0RB_0LA0RC_1LA0LD	DN	99999982
1RB1LD_1RC0RB_0LA1LA_0LD0RC	DN	99999987
1RB1LD_1RC0RB_0LA1LA_0LD1RB	QH	0
1RB1LD_1RC0RB_0LA1LB_0LD1RB	QH	0
1RB1LD_1RC0RB_0LA1LD_1LC1RB	DN	99998227
1RB1LD_1RC0RB_0LA1RB_0LD1LA	DN	99986624
1RB1LD_1RC0RB_0LA1RB_1LC1LD	DN	99983836
1RB1LD_1RC0RB_0LC0LA_1LA---	DN	99999988
1RB1LD_1RC0RB_0LC0LD_1LA1RD	QH	4
1RB1LD_1RC0RB_0LD---_1LA0LA	DN	99999988
1RB1LD_1RC0RB_0LD---_1LA0LD	DN	99999990
1RB1LD_1RC0RB_0LD0RB_0LA1LD	DN	99969971
1RB1LD_1RC0RB_0LD0RC_1RA0LA	DN	99999986
1RB1LD_1RC0RB_0LD1RA_0LA0LA	SP	50333589
1RB1LD_1RC0RB_0LD1RA_1RA0LA	SP	50334093
1RB1LD_1RC0RB_0LD1RA_1RC0LA	SP	88079268
1RB1LD_1RC0RB_0LD1RB_0LA1LD	DN	99982172
1RB1LD_1RC0RB_1LA---_0LD1RB	QH	0
1RB1LD_1RC0RB_1LA0LD_1LC1RD	DN	99999984
1RB1LD_1RC0RB_1LA0RA_0LA1LC	DN	99989625
1RB1LD_1RC0RB_1LA0RB_0LD1LB	QH	0
1RB1LD_1RC0RB_1LA0RC_0LD0LA	DN	99999843
1RB1LD_1RC0RB_1LA0RC_0LD0RC	QH	6
1RB1LD_1RC0RB_1LA0RD_0LB1LB	QH	0
1RB1LD_1RC0RB_1LA0RD_0LD0RC	QH	5
1RB1LD_1RC0RB_1LA0RD_1LD1LB	QH	0
1RB1LD_1RC0RB_1LA1LA_0LD0RC	SP	75497371
1RB1LD_1RC0RB_1LA1LC_0LD0RC	QH	5
1RB1LD_1RC0RB_1LA1RA_0LC1LC	DN	99997456
1RB1LD_1RC0RB_1LA1RB_0LD0LA	DN	99989956
1RB1LD_1RC0RB_1LA1RB_0LD0RC	QH	5
1RB1LD_1RC0RB_1LA1RB_0LD1RC	QH	0
1RB1LD_1RC0RB_1LA1RC_0LB1LB	QH	0
1RB1LD_1RC0RB_1LA1RC_1LA0LA	DN	99999976
1RB1LD_1RC0RB_1LA1RC_1LC0LA	DN	99999979
1RB1LD_1RC0RB_1LA1RC_1LD1LB	QH	0
1RB1LD_1RC0RB_1LA1RD_0LD0RC	QH	5
1RB1LD_1RC0RB_1LC0RA_0LA0LB	DN	99969160
1RB1LD_1RC0RB_1LC0RA_0LA1LC	DN	99974996
1RB1LD_1RC0RB_1LD0LC_1LA0LC	DN	99999972
1RB1LD_1RC0RB_1LD0LD_1LA0LC	DN	99999979
1RB1LD_1RC0RB_1LD0RB_1LA0LC	DN	99955602
1RB1LD_1RC0RB_1LD1RB_1LA0LA	DN	99983901
1RB1LD_1RC0RB_1LD1RC_1LA0LC	DN	99955597
1RB1LD_1RC0RB_1LD1RD_1LA0LD	DN	99999971
1RB1LD_1RC0RB_1RD0LC_1LA0LA	DN	99999985
1RB1LD_1RC0RB_1RD0LD_1LA0LD	DN	99999975
1RB1LD_1RC0RB_1RD0RB_0LD1LA	DN	99996099
1RB1LD_1RC0RB_1RD1RA_1LA0LD	DN	99999991
1RB1LD_1RC0RB_1RD1RB_1LA0LD	DN	99976760
1RB1LD_1RC0RB_1RD1RC_1LA0LD	DN	99999972
1RB1LD_1RC0RB_1RD1RD_1LA0LD	DN	99999991
1RB1LD_1RC0RC_0LA0RB_0LA1LA	DN	99989966
1RB1LD_1RC0RC_0LA0RC_0RA0LD	DN	99999976
1RB1LD_1RC0RC_0LA1RA_0RA0LD	DN	99999987
1RB1LD_1RC0RC_0LA1RB_0RA0LD	DN	99999975
1RB1LD_1RC0RC_0LA1RC_0RD1LA	DN	99845621
1RB1LD_1RC0RC_0LA1RC_1LA0RC	QH	1
1RB1LD_1RC0RC_0LA1RC_1RB1LA	DN	99668801
1RB1LD_1RC0RC_0LA1RC_1RB1LD	DN	99668800
1RB1LD_1RC0RC_0LD0RB_1LA0LB	QH	1
1RB1LD_1RC0RC_0LD0RB_1RC1LA	QH	1
1RB1LD_1RC0RC_0LD0RC_1LA0LB	QH	1
1RB1LD_1RC0RC_0LD1RB_0LA1LC	SP	67108716
1RB1LD_1RC0RC_0LD1RC_1LA0RC	QH	1
1RB1LD_1RC0RC_0LD1RC_1RB1LA	DN	99668801
1RB1LD_1RC0RC_1LA0LA_0RA0LD	DN	99999988
1RB1LD_1RC0RC_1LA0LA_0RB0LD	DN	99999984
1RB1LD_1RC0RC_1LA0RB_0LD1RB	QH	0
1RB1LD_1RC0RC_1LA1RC_1RB0LA	DN	99985645
1RB1LD_1RC0RC_1LC1RA_0RC0LA	DN	99999976
1RB1LD_1RC0RC_1LD0RB_1LA0LC	DN	99955602
1RB1LD_1RC0RC_1LD1RB_1LA0LD	DN	99955625
1RB1LD_1RC0RD_0LC0LA_0LA1LA	SP	89478494
1RB1LD_1RC0RD_0LC0LA_1LA0RB	DN	99999987
1RB1LD_1RC0RD_0LD0LA_0LA1LA	SP	89413006
1RB1LD_1RC0RD_0LD0RB_1LB0LA	SP	89478725
1RB1LD_1RC0RD_0LD1RA_1RC0LA	DN	99999989
1RB1LD_1RC0RD_1LA0LA_0LA1LA	SP	50135833
1RB1LD_1RC0RD_1LA0RA_0LA1LA	SP	50050723
1RB1LD_1RC0RD_1LC0LA_0LA1LA	SP	89478494
1RB1LD_1RC0RD_1LD0LA_0LA1LA	SP	50233544
1RB1LD_1RC0RD_1RD0LA_0LA1LA	SP	50233564
1RB1LD_1RC1LA_0LA1RC_1LB0RC	SP	83885955
1RB1LD_1RC1LA_0LB0RC_1LB---	DN	99999980
1RB1LD_1RC1LA_0LB1RC_1LB0RC	SP	50331521
1RB1LD_1RC1LA_0LD0RC_1LB1RD	QH	3
1RB1LD_1RC1LA_0LD1RC_1LB0RC	SP	67108734
1RB1LD_1RC1LA_1LB0RB_0LC0LA	SP	67108787
1RB1LD_1RC1LA_1LB1RC_0RC0LB	SP	50331553
1RB1LD_1RC1LB_0LA0RD_0LB1RD	QH	0
1RB1LD_1RC1LB_0LA0RD_1LC0RB	DN	99999987
1RB1LD_1RC1LB_0LA1RC_1LA0RC	SP	67108757
1RB1LD_1RC1LB_0LA1RD_0LB0RC	SP	67108975
1RB1LD_1RC1LB_0LB1RD_1LA0RC	QH	0
1RB1LD_1RC1LB_0LB1RD_1RC0LA	SP	52628864
1RB1LD_1RC1LB_0LD0RB_1LA0LA	SP	67108897
1RB1LD_1RC1LB_0LD1RC_1LA0RC	SP	50331528
1RB1LD_1RC1LB_1LA0RD_0LB1RD	QH	0
1RB1LD_1RC1LB_1LA1RC_0LA0LB	SP	89445731
1RB1LD_1RC1LB_1LA1RC_0RB0LB	QH	0
1RB1LD_1RC1LB_1LA1RC_0RC0LB	QH	0
1RB1LD_1RC1LB_1LA1RC_1LA0LB	SP	34911658
1RB1LD_1RC1LB_1LA1RC_1LB0LB	QH	0
1RB1LD_1RC1LB_1LA1RC_1LC0LB	SP	50258082
1RB1LD_1RC1LB_1LA1RC_1RB0LB	QH	0
1RB1LD_1RC1LB_1LA1RC_1RC0LB	QH	0
1RB1LD_1RC1LB_1LA1RD_0LB0RC	QH	3
1RB1LD_1RC1LB_1LB1RD_1RC0LA	SP	80956235
1RB1LD_1RC1LC_0LA1RC_1LA0RC	QH	1
1RB1LD_1RC1LC_0LD1RC_1LA0RC	QH	1
1RB1LD_1RC1LC_1LA0RA_1RC0LD	DN	99999327
1RB1LD_1RC1LC_1LA1RC_0RA0LD	DN	99999985
1RB1LD_1RC1LD_0LB0RC_1LB0LA	QH	5
1RB1LD_1RC1LD_0LB0RC_1LB0RA	QH	0
1RB1LD_1RC1LD_0LD0RC_1LB1LA	QH	0
1RB1LD_1RC1LD_1LB1RC_0RC0LA	SP	67108699
1RB1LD_1RC1RA_0LA---_0RA0LD	DN	99999989
1RB1LD_1RC1RA_0LA0LD_0RA1LC	DN	99358323
1RB1LD_1RC1RA_0LA0LD_1LA1LC	SP	50282577
1RB1LD_1RC1RA_0LA0RB_1LB0LA	DN	99976156
1RB1LD_1RC1RA_0LA0RB_1LB0LD	DN	99953681
1RB1LD_1RC1RA_0LA1RA_0RB0LD	SP	67108855
1RB1LD_1RC1RA_0LA1RC_1LA0RC	QH	1
1RB1LD_1RC1RA_0LD0RB_1LB0LA	SP	67109348
1RB1LD_1RC1RA_0LD1RC_1LA0RC	QH	1
1RB1LD_1RC1RA_1LA0RC_1RC0LD	DN	99999971
1RB1LD_1RC1RA_1LA1RA_0RA0LD	DN	99999986
1RB1LD_1RC1RA_1LA1RB_0RA0LD	DN	99999989
1RB1LD_1RC1RA_1LA1RB_0RB0LD	QH	9
1RB1LD_1RC1RA_1LA1RC_0RA0LD	DN	99999981
1RB1LD_1RC1RA_1RD0RB_1LB0LA	DN	99968673
1RB1LD_1RC1RB_0LA0RC_0RA0LD	DN	99999987
1RB1LD_1RC1RB_0LA1LA_0RA0LD	DN	99999985
1RB1LD_1RC1RB_0LA1RA_0RA0LD	DN	99999990
1RB1LD_1RC1RB_0LA1RB_0RA0LD	DN	99999987
1RB1LD_1RC1RB_0LA1RC_1LA0RC	SP	67108694
1RB1LD_1RC1RB_0LA1RD_1LA0RC	SP	50356124
1RB1LD_1RC1RB_0LC0LA_0LA1LA	SP	44755634
1RB1LD_1RC1RB_0LC0LD_1LB1LA	SP	44739251
1RB1LD_1RC1RB_0LC0LD_1RC1LA	SP	44772044
1RB1LD_1RC1RB_0LC1RD_1LA0RC	DN	99133887
1RB1LD_1RC1RB_0LD0LA_0LA1LA	SP	44722858
1RB1LD_1RC1RB_0LD0LA_0RC1LA	SP	44755646
1RB1LD_1RC1RB_0LD1LC_1RA0LA	SP	89494890
1RB1LD_1RC1RB_0LD1RC_1LA0RC	SP	50331468
1RB1LD_1RC1RB_0LD1RD_1LA0RC	DN	99530809
1RB1LD_1RC1RB_0RD0LD_1LB1LA	SP	69823284
1RB1LD_1RC1RB_1LA---_0RA0LD	DN	99999989
1RB1LD_1RC1RB_1LA0LA_0LA1LA	SP	25080097
1RB1LD_1RC1RB_1LA0LA_0RC1LA	SP	69802840
1RB1LD_1RC1RB_1LA0LC_0RB0LD	SP	89478362
1RB1LD_1RC1RB_1LA0LD_0LC1LA	SP	69833456
1RB1LD_1RC1RB_1LA0LD_0RB0LC	SP	57521772
1RB1LD_1RC1RB_1LA0LD_0RB0LD	QH	0
1RB1LD_1RC1RB_1LA0LD_1LB1LA	SP	69823240
1RB1LD_1RC1RB_1LA0LD_1RC1LA	SP	44706484
1RB1LD_1RC1RB_1LA0RA_0LA1LA	SP	25043611
1RB1LD_1RC1RB_1LA0RB_1LA0LC	SP	34546210
1RB1LD_1RC1RB_1LA1LA_0RB0LD	QH	0
1RB1LD_1RC1RB_1LA1LB_0RB0LD	QH	0
1RB1LD_1RC1RB_1LA1LC_0RB0LD	SP	44739790
1RB1LD_1RC1RB_1LA1RA_0RB0LD	QH	0
1RB1LD_1RC1RB_1LA1RB_0RB0LD	QH	0
1RB1LD_1RC1RB_1LC0LA_0LA1LA	SP	44755634
1RB1LD_1RC1RB_1LC0LA_0LB1LA	SP	44731082
1RB1LD_1RC1RB_1LC0LD_1LB1LA	SP	25165827
1RB1LD_1RC1RB_1LC0LD_1RC1LA	SP	44772034
1RB1LD_1RC1RB_1LC1LA_0RC0RD	ED	-1
1RB1LD_1RC1RB_1LC1RD_1LA0RC	SP	68449663
1RB1LD_1RC1RB_1LD0LA_0LA1LA	SP	25129004
1RB1LD_1RC1RB_1LD0LA_0RC1LA	SP	44722869
1RB1LD_1RC1RB_1LD0LD_1LB1LA	SP	69741632
1RB1LD_1RC1RB_1LD0LD_1RC1LA	SP	44641164
1RB1LD_1RC1RB_1LD1LA_0RA0LD	DN	99999990
1RB1LD_1RC1RB_1LD1LC_0RB0LA	SP	31004592
1RB1LD_1RC1RB_1LD1RD_1LA0RC	SP	52498129
1RB1LD_1RC1RB_1RD0LA_0LA1LA	SP	25129024
1RB1LD_1RC1RB_1RD1RD_1LA0RC	SP	68449638
1RB1LD_1RC1RC_0LA1RC_1LA0RC	QH	1
1RB1LD_1RC1RC_0LD0RB_1LA0RC	QH	1
1RB1LD_1RC1RC_0LD0RB_1LB1LA	SP	89478392
1RB1LD_1RC1RC_0LD0RC_1LA1LB	QH	1
1RB1LD_1RC1RC_0LD1RC_1LA0RC	QH	1
1RB1LD_1RC1RC_1LA0RA_1RC0LD	DN	99986855
1RB1LD_1RC1RC_1LA1RA_0RA0LD	DN	99999988
1RB1LD_1RC1RC_1LA1RC_0RA0LD	DN	99999983
1RB1LD_1RC1RC_1LA1RC_0RB0LA	SP	67108699
1RB1LD_1RC1RD_0LA1RC_1LA0RC	SP	67107170
1RB1LD_1RC1RD_0LD0RC_1LB1LA	QH	0
1RB1LD_1RC1RD_0LD1RC_1LA0RC	QH	1
1RB1LD_1RC1RD_1LA0LC_0RD1LC	QH	1
1RB1LD_1RC1RD_1LA0LD_1LC0RB	DN	99999981
1RB1RA_0LA---_------_------	DN	99999997
1RB1RA_0LB0LC_1LA1LD_1RA1LC	SP	44739253
1RB1RA_0LB0LC_1RA1LD_0LC1LC	SP	44755637
1RB1RA_0LB0LC_1RD1LC_0LA0RA	DN	99805876
1RB1RA_0LB0LC_1RD1LC_0LC0RA	DN	99803212
1RB1RA_0LB0LC_1RD1LC_1LA0RA	DN	99314317
1RB1RA_0LB0LC_1RD1LC_1LC0RA	DN	99311803
1RB1RA_0LB0LC_1RD1LC_1RA0RA	DN	99313479
1RB1RA_0LB0LC_1RD1LC_1RB0RA	DN	99804544
1RB1RA_0LB1LC_0RA1LD_0RA0LC	SP	66770524
1RB1RA_0LB1LC_0RA1LD_0RA0LD	DN	99999979
1RB1RA_0LB1LC_0RA1LD_0RB0LC	SP	78176296
1RB1RA_0LB1LC_0RA1RD_1LB0RD	DN	99999989
1RB1RA_0LB1LC_0RC1LD_0RA0LD	DN	99999988
1RB1RA_0LB1LC_1RD0LC_0RD1LA	QH	6
1RB1RA_0LB1RC_1LD0RB_0RA1LC	DN	99809590
1RB1RA_0LB1RC_1LD0RB_1RA1LC	DN	99133878
1RB1RA_0LB1RC_1LD1RA_0RC0LD	QH	9
1RB1RA_0LC0LD_1RA1LD_1LA1LC	SP	44706503
1RB1RA_0LC0LD_1RA1LD_1RB1LC	SP	44739241
1RB1RA_0LC0RA_---0LD_1LA1LC	DN	99999991
1RB1RA_0LC0RA_1LA0LD_0RB1LC	DN	99999975
1RB1RA_0LC0RA_1LA0LD_1LB1LC	DN	99999979
1RB1RA_0LC0RA_1LA1LD_1LB1LD	DN	99960411
1RB1RA_0LC0RA_1LC0LD_1LA0RB	DN	99999983
1RB1RA_0LC0RA_1LC1LD_1LA0LC	DN	99988229
1RB1RA_0LC0RA_1RC1LD_1LC0LB	DN	99980193
1RB1RA_0LC0RB_0LA1LD_0RA1LC	DN	99999977
1RB1RA_0LC0RB_0LD1LC_0RA1LD	DN	99999988
1RB1RA_0LC0RB_0LD1LC_1LA1RD	DN	99999986
1RB1RA_0LC0RB_0LD1LC_1RA1LA	SP	50331591
1RB1RA_0LC0RB_0RA0LD_1LA1LD	DN	99999981
1RB1RA_0LC0RB_0RA0LD_1LC1RD	DN	99998971
1RB1RA_0LC0RB_1LA0LD_1LA1LD	DN	99999981
1RB1RA_0LC0RB_1LA0LD_1LC1LD	DN	99999971
1RB1RA_0LC0RB_1LC1LD_0RA0LD	DN	99999990
1RB1RA_0LC0RB_1LD0LD_1LA1LD	DN	99999817
1RB1RA_0LC0RB_1RA0LD_1LA1LD	DN	99999977
1RB1RA_0LC0RC_0LD0RB_1LA1LD	DN	99999947
1RB1RA_0LC0RC_0LD1LC_1RA1LD	SP	25141288
1RB1RA_0LC0RC_1LC1LD_0RA0LD	DN	99999984
1RB1RA_0LC0RC_1RA0LD_1RC1LC	DN	99999986
1RB1RA_0LC0RD_1LA1LC_0LA1RB	SP	17455330
1RB1RA_0LC0RD_1LA1LC_0LB1RB	SP	69855738
1RB1RA_0LC0RD_1LA1LC_0LC1RB	SP	23383976
1RB1RA_0LC0RD_1LA1LC_0LD1RB	SP	69855757
1RB1RA_0LC0RD_1LA1LC_0RA1RB	SP	31491874
1RB1RA_0LC0RD_1LA1LC_1LB1RB	SP	39276706
1RB1RA_0LC0RD_1LA1LC_1LC1RB	SP	31004594
1RB1RA_0LC0RD_1LA1LC_1LD1RB	SP	31004643
1RB1RA_0LC0RD_1LA1LC_1RA1RB	SP	31491842
1RB1RA_0LC0RD_1LA1LC_1RB1RB	SP	31004610
1RB1RA_0LC0RD_1LA1LC_1RC1RB	SP	26325836
1RB1RA_0LC1LB_0RC1LD_0RA0LD	DN	99999988
1RB1RA_0LC1LB_0RC1LD_1RA0LC	SP	69898803
1RB1RA_0LC1LB_0RC1LD_1RA0RB	SP	69931119
1RB1RA_0LC1LB_0RD1LD_0RA0LD	DN	99999982
1RB1RA_0LC1LB_0RD1LD_1RA0LC	SP	69877272
1RB1RA_0LC1LB_0RD1LD_1RA0RB	SP	69909588
1RB1RA_0LC1LB_1RD0LD_1LA1LC	SP	89494837
1RB1RA_0LC1LB_1RD0LD_1RA1LC	SP	89494893
1RB1RA_0LC1LB_1RD1LD_1LA0LC	SP	50380774
1RB1RA_0LC1LB_1RD1LD_1LA0RB	SP	50405342
1RB1RA_0LC1LB_1RD1LD_1RA0LC	SP	89511236
1RB1RA_0LC1LB_1RD1LD_1RA0RB	SP	89543972
1RB1RA_0LC1LC_0RA1LD_0RA0LC	SP	66770455
1RB1RA_0LC1LC_0RA1LD_0RB0LC	SP	78176227
1RB1RA_0LC1LD_1LA0LD_1LC0RA	DN	99999988
1RB1RA_0LC1RB_0RA1LD_1LC0RB	SP	67108786
1RB1RA_0LC1RB_1LD0RB_0RA1LC	SP	50331575
1RB1RA_0LC1RB_1LD0RB_1RA1LC	SP	50331482
1RB1RA_0LC1RB_1RA1LD_1LC0RB	SP	67108689
1RB1RA_0LC1RC_0LD0RB_1LA1LD	DN	99527127
1RB1RA_0LC1RC_0RA1LD_1LC0LC	DN	99952771
1RB1RA_0LC1RC_1LD0RB_0RA1LC	DN	99532942
1RB1RA_0LC1RC_1LD0RB_1LA1LD	SP	69834077
1RB1RA_0LC1RC_1LD0RB_1RA1LC	DN	99530821
1RB1RA_0LC1RD_0RA1LD_1LC0RB	SP	88378265
1RB1RA_0LC1RD_1LA1LC_0LA0RB	SP	23371566
1RB1RA_0LC1RD_1LA1LC_0LC0RB	SP	17444602
1RB1RA_0LC1RD_1LA1LC_0LD0RB	SP	17444662
1RB1RA_0LC1RD_1LA1LC_0RA0RB	SP	31477456
1RB1RA_0LC1RD_1LA1LC_0RB0RB	SP	30990324
1RB1RA_0LC1RD_1LA1LC_1LA0RB	SP	30990308
1RB1RA_0LC1RD_1LA1LC_1LB0RB	SP	30990340
1RB1RA_0LC1RD_1LA1LC_1LC0RB	SP	23371538
1RB1RA_0LC1RD_1LA1LC_1RA0RB	SP	30990292
1RB1RA_0LC1RD_1LA1LC_1RB0RB	SP	23371552
1RB1RA_0LC1RD_1LA1LC_1RC0RB	SP	31477424
1RB1RA_0LC1RD_1RA1LD_1LC0RB	SP	34972922
1RB1RA_0LC1RD_1RB1LC_0LA0RA	SP	89511233
1RB1RA_0LC1RD_1RB1LC_0LA0RB	SP	50331619
1RB1RA_0LC1RD_1RB1LC_0LC0RA	SP	89544004
1RB1RA_0LC1RD_1RB1LC_0RB0RA	SP	89511233
1RB1RA_0LC1RD_1RB1LC_1LA0RA	SP	50331630
1RB1RA_0LC1RD_1RB1LC_1LC0RA	SP	89511185
1RB1RA_0LC1RD_1RB1LC_1RA0RA	SP	50331608
1RB1RA_0LC1RD_1RB1LC_1RB0RA	SP	89511209
1RB1RA_0LC1RD_1RB1LC_1RC0RA	SP	50331608
1RB1RA_0LC1RD_1RD1LB_0RA0RC	SP	62888222
1RB1RA_0RC---_1LC1LD_0RA0LD	DN	99999982
1RB1RA_0RC0LA_1LC0LD_0RA0LC	DN	99999981
1RB1RA_0RC0LC_1LA1LD_1RA1LC	SP	25116807
1RB1RA_0RC0LD_1RD1RA_1LB1LD	DN	99944924
1RB1RA_0RC0RA_0LC0LD_1LA1LC	DN	99999977
1RB1RA_0RC0RA_1LC0LD_1LA1LC	DN	99982508
1RB1RA_0RC0RB_1LC1LD_0RA0LA	SP	16158938
1RB1RA_0RC0RD_1LC0LA_0RB0LC	SP	83885940
1RB1RA_0RC1LB_1LA1RD_1RC0LB	SP	44739218
1RB1RA_0RC1LD_1LC0LA_0LC0RD	DN	99300917
1RB1RA_0RC1LD_1LC0RB_0LA0LD	DN	99999987
1RB1RA_0RC1LD_1RD0RA_1LB0LD	DN	99999977
1RB1RA_0RC1RA_1LC0LD_0RA0LD	DN	99999982
1RB1RA_0RC1RD_1LA1LC_0LC0RB	SP	22655386
1RB1RA_0RC1RD_1LA1LC_1LC0RB	SP	32306352
1RB1RA_1LA---_------_------	ED	-1
1RB1RA_1LB0LC_0RD0LD_0RA1LD	DN	99805209
1RB1RA_1LB0LC_1LA1LD_1RA1LC	SP	44739253
1RB1RA_1LB0LC_1RA1LD_0LA1LC	SP	25159709
1RB1RA_1LB0LC_1RA1LD_0LC1LC	SP	44755631
1RB1RA_1LB0LC_1RA1LD_0RB1LC	SP	44788476
1RB1RA_1LB0LC_1RD0LD_0RA1LD	DN	99805209
1RB1RA_1LB0LC_1RD1LC_0LA0RA	SP	25184212
1RB1RA_1LB0LC_1RD1LC_0LC0RA	SP	44780134
1RB1RA_1LB0LC_1RD1LC_0RB0RA	SP	25184215
1RB1RA_1LB0LC_1RD1LC_1LA0RA	SP	25147380
1RB1RA_1LB0LC_1RD1LC_1LC0RA	SP	69894720
1RB1RA_1LB0LC_1RD1LC_1RA0RA	SP	25147360
1RB1RA_1LB0LC_1RD1LC_1RB0RA	SP	25184190
1RB1RA_1LB0LC_1RD1LC_1RC0RA	SP	69894742
1RB1RA_1LB0RC_1RA0LD_1LC1LD	SP	75534311
1RB1RA_1LB1LC_0RA0LD_---0LC	DN	99999989
1RB1RA_1LB1LC_0RA1LD_0RA0LC	SP	41266477
1RB1RA_1LB1LC_0RA1LD_0RA0LD	DN	99999988
1RB1RA_1LB1LC_0RA1LD_0RB0LC	SP	48315631
1RB1RA_1LB1LC_0RC1LD_0RA0LD	DN	99999975
1RB1RA_1LB1LC_0RD1LD_0RA0LD	DN	99999975
1RB1RA_1LB1LC_1RD0LC_0RD0LA	DN	99999988
1RB1RA_1LB1LC_1RD0LC_0RD1LA	QH	7
1RB1RA_1LB1RC_0LD0RB_0LA1LD	SP	83885977
1RB1RA_1LB1RC_0RC1LD_1LA0LD	QH	54
1RB1RA_1LB1RC_1LD0RB_0RA1LC	SP	34952474
1RB1RA_1LB1RC_1LD0RB_1RA1LC	SP	50282530
1RB1RA_1LC---_---1LD_0RA0LD	DN	99999990
1RB1RA_1LC---_0RA0LD_0RB0LC	DN	99999971
1RB1RA_1LC0LA_0RA0LD_0RA1LC	DN	99999975
1RB1RA_1LC0LA_0RA0LD_0RB1LC	DN	99999957
1RB1RA_1LC0LB_1RD0LC_0RD1LA	DN	99999979
1RB1RA_1LC0LB_1RD1LB_1RA0RD	DN	99999976
1RB1RA_1LC0LC_1LA1LD_1RA1LC	SP	25067902
1RB1RA_1LC0LC_1RA1LD_0LC1LC	SP	44624855
1RB1RA_1LC0LC_1RA1LD_0RB1LC	SP	25104551
1RB1RA_1LC0LC_1RB1LD_1RA1LC	SP	69782417
1RB1RA_1LC0LD_---1LD_0RA0LB	DN	99999989
1RB1RA_1LC0LD_0LD1LD_1RA1LC	SP	44690133
1RB1RA_1LC0LD_0RA0LB_0RB1LD	DN	99999624
1RB1RA_1LC0LD_0RA0LB_1RD1RC	SP	20138112
1RB1RA_1LC0LD_0RA0LC_0RA1LD	DN	99999987
1RB1RA_1LC0LD_0RA0LC_0RB1LD	DN	99999984
1RB1RA_1LC0LD_0RA1LD_0RB0LD	SP	50331460
1RB1RA_1LC0LD_0RB0LC_0RA1LD	DN	99999989
1RB1RA_1LC0LD_0RB1LD_1RA1LC	SP	25153541
1RB1RA_1LC0LD_1LD0LB_1RA0RA	DN	99988344
1RB1RA_1LC0LD_1RA0LB_0LA0RC	DN	99996093
1RB1RA_1LC0LD_1RA0LB_1LC0RC	DN	99989680
1RB1RA_1LC0LD_1RA0LB_1RD0RA	DN	99992686
1RB1RA_1LC0LD_1RA1LD_0LB1LC	SP	25122887
1RB1RA_1LC0LD_1RA1LD_1LA1LC	SP	25116767
1RB1RA_1LC0LD_1RA1LD_1RB1LC	SP	44706492
1RB1RA_1LC0RA_0LC1LD_1RB1LC	DN	99979157
1RB1RA_1LC0RA_0LD0LB_1RD1RB	SP	33562629
1RB1RA_1LC0RA_0LD1LD_1RB1LC	DN	99974116
1RB1RA_1LC0RA_0RA1LD_0LC0LD	DN	99989955
1RB1RA_1LC0RA_0RB1LD_0LB1LC	DN	99979157
1RB1RA_1LC0RA_1LA1LD_0LB0LD	DN	99975039
1RB1RA_1LC0RA_1LA1LD_0LC0LD	DN	99965237
1RB1RA_1LC0RA_1LA1LD_1LC0LB	SP	26865323
1RB1RA_1LC0RA_1LD0LB_1RB0LB	SP	33570750
1RB1RA_1LC0RA_1LD0LC_0RB1LC	DN	99999986
1RB1RA_1LC0RA_1LD0LD_0RB0LC	DN	99999984
1RB1RA_1LC0RA_1LD0RD_1RB0LB	SP	83885956
1RB1RA_1LC0RA_1LD0RD_1RD0LB	SP	83886454
1RB1RA_1LC0RA_1LD1LC_1LA0LB	SP	33619882
1RB1RA_1LC0RA_1LD1LC_1LA0LD	DN	99943672
1RB1RA_1LC0RA_1LD1LC_1RB0LB	SP	33603514
1RB1RA_1LC0RA_1LD1LC_1RD0LB	SP	75534307
1RB1RA_1LC0RA_1RA0LD_0LC1LB	DN	99964732
1RB1RA_1LC0RA_1RA1LD_1LC0LB	SP	34490499
1RB1RA_1LC0RA_1RB1LD_0LB0LD	SP	83885211
1RB1RA_1LC0RA_1RD0LB_0LA1RC	SP	34921847
1RB1RA_1LC0RA_1RD0LB_1LA1RC	SP	50245855
1RB1RA_1LC0RB_0LA1LD_1LA0LC	DN	99999966
1RB1RA_1LC0RB_0LC0LD_1RA1LD	DN	99989980
1RB1RA_1LC0RB_0LC0LD_1RD1LA	QH	4
1RB1RA_1LC0RB_0LC1LD_0RA1RB	DN	99999984
1RB1RA_1LC0RB_1LA0LD_0RA0LD	DN	99999977
1RB1RA_1LC0RB_1LB1LD_0RA0LA	SP	44706516
1RB1RA_1LC0RB_1LB1LD_1RA0LA	SP	25116779
1RB1RA_1LC0RB_1LD1RC_0LC0LA	DN	99999984
1RB1RA_1LC0RB_1LD1RC_1LB0LA	SP	22409281
1RB1RA_1LC0RC_0LD1LC_1RA1LD	SP	69823259
1RB1RA_1LC0RC_1RA0LD_0LC1LD	DN	99919519
1RB1RA_1LC0RC_1RA0LD_1LC1LD	SP	33587131
1RB1RA_1LC0RC_1RA1LD_0LC1LC	SP	44576091
1RB1RA_1LC0RD_0RA0LB_1LB0LC	DN	99938134
1RB1RA_1LC0RD_0RA0LB_1LB1RB	DN	99669492
1RB1RA_1LC0RD_0RA0LC_1LD1LC	DN	99999985
1RB1RA_1LC0RD_0RA1LB_0LB0LC	DN	99895941
1RB1RA_1LC0RD_0RA1LB_0LB1RB	DN	99529224
1RB1RA_1LC0RD_0RA1LB_0LB1RD	SP	50331404
1RB1RA_1LC0RD_0RA1LB_0LC0LC	SP	75497439
1RB1RA_1LC0RD_0RA1LB_0LC1RB	SP	50356163
1RB1RA_1LC0RD_0RA1LB_0LD0LC	DN	99677407
1RB1RA_1LC0RD_0RA1LB_0LD1RB	DN	99808534
1RB1RA_1LC0RD_0RA1LB_1LB0LC	SP	58829337
1RB1RA_1LC0RD_0RA1LB_1LB1RB	SP	88293446
1RB1RA_1LC0RD_0RA1LB_1LD0LC	SP	75534219
1RB1RA_1LC0RD_0RA1LB_1LD1RB	SP	50356138
1RB1RA_1LC0RD_0RA1LB_1RB0LC	SP	75485179
1RB1RA_1LC0RD_0RA1LB_1RB1RB	SP	50331618
1RB1RA_1LC0RD_0RA1LB_1RC0LC	SP	33641179
1RB1RA_1LC0RD_0RA1LB_1RC1RB	SP	22442019
1RB1RA_1LC0RD_1LA0LB_0LA0RC	DN	99970964
1RB1RA_1LC0RD_1LA0LB_1LB0RC	DN	99982864
1RB1RA_1LC0RD_1LA0LD_0RB1RB	SP	44687422
1RB1RA_1LC0RD_1LA1LB_0LB1RD	SP	67108684
1RB1RA_1LC0RD_1LD1LB_0RA0LD	SP	48457015
1RB1RA_1LC0RD_1LD1LB_0RA1RB	SP	32317791
1RB1RA_1LC0RD_1RA0LB_1LB0RA	DN	99954177
1RB1RA_1LC0RD_1RA1LB_0LB1RB	DN	99804544
1RB1RA_1LC0RD_1RA1LB_0LB1RD	SP	67108764
1RB1RA_1LC0RD_1RA1LB_0LD1RB	DN	99133212
1RB1RA_1LC0RD_1RA1LB_1LB1RB	SP	80886753
1RB1RA_1LC0RD_1RA1LB_1LD1RB	SP	89445672
1RB1RA_1LC0RD_1RA1LB_1RB1RB	SP	89413008
1RB1RA_1LC1LA_---0LD_0RA0LC	DN	99999991
1RB1RA_1LC1LA_0LC0LD_0RA0RC	DN	99999989
1RB1RA_1LC1LB_0LA1LD_0RA0LC	SP	62907475
1RB1RA_1LC1LB_0LA1LD_1RA0LC	SP	32309633
1RB1RA_1LC1LB_0RA0LD_0LB1LC	SP	86139951
1RB1RA_1LC1LB_0RA0LD_0RA1LC	SP	88354757
1RB1RA_1LC1LB_0RA0LD_0RB1LC	SP	52649583
1RB1RA_1LC1LB_0RA0LD_0RC1LC	SP	69855741
1RB1RA_1LC1LB_0RA0LD_0RD1LC	SP	69855762
1RB1RA_1LC1LB_0RA0LD_1LA0LC	DN	99999982
1RB1RA_1LC1LB_0RA0LD_1LA1LC	SP	25518355
1RB1RA_1LC1LB_0RA0LD_1LB1LC	SP	86139913
1RB1RA_1LC1LB_0RA0LD_1LC1LC	SP	31004607
1RB1RA_1LC1LB_0RA0LD_1RA1LC	SP	31004589
1RB1RA_1LC1LB_0RA0LD_1RC1LC	SP	52649529
1RB1RA_1LC1LB_0RA0LD_1RD1LC	SP	31004644
1RB1RA_1LC1LB_0RA1LD_0LB0LC	SP	86116061
1RB1RA_1LC1LB_0RA1LD_0LC0LC	SP	30990321
1RB1RA_1LC1LB_0RA1LD_0RA0LC	SP	52630909
1RB1RA_1LC1LB_0RA1LD_0RB0LC	SP	88330569
1RB1RA_1LC1LB_0RA1LD_0RD0LC	SP	81014644
1RB1RA_1LC1LB_0RA1LD_1LA0LC	SP	86116025
1RB1RA_1LC1LB_0RA1LD_1LB0LC	SP	30990285
1RB1RA_1LC1LB_0RA1LD_1LC0LC	SP	88330551
1RB1RA_1LC1LB_0RA1LD_1RA0LC	SP	88330533
1RB1RA_1LC1LB_0RA1LD_1RB0LC	SP	30990303
1RB1RA_1LC1LB_0RA1LD_1RC0LC	SP	30990339
1RB1RA_1LC1LB_0RD0LC_0LB0RA	DN	99999978
1RB1RA_1LC1LB_0RD0LC_1LB0RA	DN	99999974
1RB1RA_1LC1LB_0RD0LC_1RA0RA	DN	99999814
1RB1RA_1LC1LB_0RD0LC_1RB0RA	DN	99999981
1RB1RA_1LC1LB_0RD0LD_0RA0LC	DN	99999942
1RB1RA_1LC1LB_0RD1LD_0RA0LC	DN	99527122
1RB1RA_1LC1LB_0RD1LD_1RA0LC	SP	69834070
1RB1RA_1LC1LC_0RA1LD_0RA0LC	SP	66770525
1RB1RA_1LC1LC_0RA1LD_0RB0LC	SP	78176299
1RB1RA_1LC1LC_0RA1LD_0RB0LD	SP	75497370
1RB1RA_1LC1LD_0RA0LC_0RA1LD	DN	99999989
1RB1RA_1LC1LD_0RA0LD_0RA1LC	SP	41266407
1RB1RA_1LC1LD_0RA0LD_0RB1LC	DN	99999985
1RB1RA_1LC1LD_0RB0LC_0RA1LB	DN	99999976
1RB1RA_1LC1LD_0RB0LC_0RA1LD	DN	99999976
1RB1RA_1LC1LD_0RB0LD_0RA1LC	SP	48315561
1RB1RA_1LC1LD_0RD0LC_1LB0RA	DN	99999986
1RB1RA_1LC1LD_0RD0LC_1RA1LC	DN	99999978
1RB1RA_1LC1LD_1LA0LB_0RC0RA	DN	99988475
1RB1RA_1LC1LD_1RA0LB_0RC0RA	DN	99991412
1RB1RA_1LC1RA_0RA1LD_0RB0LD	SP	50331640
1RB1RA_1LC1RA_0RB0LC_------	SP	50331547
1RB1RA_1LC1RA_0RB0LD_0LB0LC	SP	33554357
1RB1RA_1LC1RB_0LD1LD_0RA0LC	SP	50331540
1RB1RA_1LC1RB_0RA0LD_0RA1LC	DN	99999986
1RB1RA_1LC1RB_0RA0LD_0RB1LC	DN	99999987
1RB1RA_1LC1RB_0RA1LD_1LC0LC	SP	83885925
1RB1RA_1LC1RB_0RA1LD_1RA0LC	SP	83885881
1RB1RA_1LC1RB_0RB1LD_0RA0LC	SP	75497271
1RB1RA_1LC1RB_0RB1LD_1RA0LC	SP	50331374
1RB1RA_1LC1RB_1RB1LD_0RA0LC	SP	50331498
1RB1RA_1LC1RC_0RA1LD_0RB0LD	SP	50331502
1RB1RA_1LC1RC_0RA1LD_1LB0LC	DN	99979980
1RB1RA_1LC1RC_0RA1LD_1LC0LC	DN	99974688
1RB1RA_1LC1RC_1LD0RB_0RA1LC	SP	52554089
1RB1RA_1LC1RC_1LD0RB_1RA1LC	SP	88196672
1RB1RA_1LC1RD_0RA0LC_0LA---	DN	99999991
1RB1RA_1LC1RD_0RA0LC_1LA---	DN	99999989
1RB1RA_1LC1RD_0RA1LB_0RA0RB	SP	71582794
1RB1RA_1LC1RD_0RB0LC_1LA0RD	SP	41942867
1RB1RA_1LC1RD_0RB0LC_1RA1LD	SP	67110079
1RB1RA_1LC1RD_0RB0LC_1RB0LA	QH	7
1RB1RA_1LC1RD_0RB0LC_1RB1LA	SP	50331589
1RB1RA_1LC1RD_0RD0LC_1LB0RA	DN	99999976
1RB1RA_1LC1RD_0RD0LC_1LC1RA	QH	7
1RB1RA_1LC1RD_0RD0LC_1RA1LD	SP	50332824
1RB1RA_1LC1RD_1LA0LC_0RD1LC	QH	50
1RB1RA_1LC1RD_1LA1LC_0LB0RD	SP	55924625
1RB1RA_1LC1RD_1LD1LB_0RA0RB	QH	7948802
1RB1RA_1LC1RD_1RA1LB_0RA0RB	QH	7948792
1RB1RA_1RC---_1LD0LA_0RA0LD	DN	99999986
1RB1RA_1RC---_1LD1LA_0RA0LD	DN	99999989
1RB1RA_1RC---_1LD1LA_0RB0LD	DN	99999983
1RB1RA_1RC---_1LD1RA_0RB0LD	SP	83885905
1RB1RA_1RC0LA_1LD1RB_0RB0LD	SP	67108802
1RB1RA_1RC0LD_0LD1LD_1RA1LC	SP	44690155
1RB1RA_1RC0LD_1LD0LA_0RA0LB	DN	99999986
1RB1RA_1RC0LD_1RD0LA_1LB0RC	SP	68492557
1RB1RA_1RC0RA_1LD0LC_0RB1LC	DN	99999985
1RB1RA_1RC0RA_1LD1LC_0RB0LD	DN	99999968
1RB1RA_1RC0RB_1LC1LD_0LD0LA	DN	99999985
1RB1RA_1RC0RB_1LD1LC_1RA0LC	DN	99997853
1RB1RA_1RC0RC_1LD0RB_0RA0LC	DN	99999961
1RB1RA_1RC0RC_1LD0RB_1LA0LC	SP	34901324
1RB1RA_1RC0RC_1LD0RB_1RA0LC	SP	50307034
1RB1RA_1RC0RD_1LD1LC_1RA0LC	SP	33603499
1RB1RA_1RC1LA_1LC1LD_0RA0LD	DN	99999989
1RB1RA_1RC1LA_1LD0RB_0RA0LC	SP	34921813
1RB1RA_1RC1LA_1LD0RB_0RB0LC	SP	50294755
1RB1RA_1RC1LA_1LD0RB_1LA0LC	SP	68406749
1RB1RA_1RC1LA_1LD0RB_1LB0LC	SP	68406769
1RB1RA_1RC1LA_1LD0RB_1RA0LC	SP	50294715
1RB1RA_1RC1LA_1LD0RB_1RB0LC	SP	50294735
1RB1RA_1RC1LA_1LD1RB_0RB0LD	QH	12
1RB1RA_1RC1LB_0LB1RD_1LA0RC	SP	67108789
1RB1RA_1RC1LC_1LC1LD_0RA0LD	DN	99999981
1RB1RA_1RC1LD_0LB0RC_0LA1LD	SP	50331723
1RB1RA_1RC1LD_0LB0RC_1LA1LB	SP	55924515
1RB1RA_1RC1LD_0LD0RC_1LA1LB	SP	44739661
1RB1RA_1RC1RA_1LC1LD_0RA0LD	DN	99999988
1RB1RA_1RC1RA_1LD0RB_0RA0LC	SP	34911643
1RB1RA_1RC1RA_1LD0RB_1LA0LC	SP	68392507
1RB1RA_1RC1RA_1LD0RB_1RA0LC	SP	50282519
1RB1RA_1RC1RC_0LD0RB_0LA1LD	SP	83885979
1RB1RA_1RC1RC_1LD0RB_0RA1LC	SP	34911643
1RB1RA_1RC1RC_1LD0RB_1RA1LC	SP	50282519
1RB1RA_1RC1RD_1LD0LD_0RA1LC	DN	99955085
1RB1RA_1RC1RD_1LD0RB_0RA0LC	SP	48860258
1RB1RA_1RC1RD_1LD0RB_1RA0LC	SP	50294798
1RB1RB_0LA---_------_------	QH	0
1RB1RB_0LB0RC_0LD1RA_1RC1LD	SP	67108694
1RB1RB_0LB1LC_1RD0LC_0RD1LA	QH	1
1RB1RB_0LB1RC_0LD0RA_1RA1LD	SP	50331483
1RB1RB_0LB1RC_0LD0RC_1LA1LD	QH	1
1RB1RB_0LB1RC_1LD0RC_0LB1LA	QH	5
1RB1RB_0LB1RC_1LD0RC_0LD1LA	QH	1
1RB1RB_0LB1RC_1LD0RC_1LB1LA	QH	5
1RB1RB_0LB1RC_1LD1RA_0RC0LD	QH	9
1RB1RB_0LC0LA_1RC0RD_1LB1RD	SP	25196454
1RB1RB_0LC0RA_---1LD_1RA1LD	SP	67108837
1RB1RB_0LC0RA_0LD1LC_1RA1RD	SP	83885977
1RB1RB_0LC0RA_1LA1LD_1RA1LC	SP	89478395
1RB1RB_0LC0RA_1LD0RB_1RA1LC	QH	0
1RB1RB_0LC0RA_1LD0RB_1RC1LC	QH	0
1RB1RB_0LC0RA_1LD1LC_1RB1RD	SP	31004610
1RB1RB_0LC0RA_1RA1LC_------	SP	67108837
1RB1RB_0LC0RA_1RD1LC_---1RB	SP	67108837
1RB1RB_0LC0RB_1LD1LA_1RA1LC	QH	3
1RB1RB_0LC0RB_1LD1LC_1RA0RB	QH	0
1RB1RB_0LC0RB_1LD1LC_1RA0RD	SP	89478386
1RB1RB_0LC0RB_1LD1LC_1RA1LA	QH	0
1RB1RB_0LC0RB_1LD1LC_1RA1LC	QH	0
1RB1RB_0LC0RB_1LD1LC_1RA1RA	QH	0
1RB1RB_0LC0RB_1LD1LC_1RA1RC	QH	0
1RB1RB_0LC0RB_1LD1LC_1RA1RD	SP	44739814
1RB1RB_0LC0RC_0LD1RC_1RA1LD	DN	99534001
1RB1RB_0LC0RC_1LD1RC_1RA1LD	QH	0
1RB1RB_0LC0RD_1LD1LC_1RA0RB	SP	57521804
1RB1RB_0LC0RD_1RA1LC_0LA1RD	DN	99310542
1RB1RB_0LC0RD_1RA1LC_0LC1RD	DN	99532941
1RB1RB_0LC0RD_1RA1LC_1LC1RD	QH	0
1RB1RB_0LC0RD_1RA1LC_1RC1RB	SP	44739210
1RB1RB_0LC0RD_1RB1LC_0LA1RD	DN	99801876
1RB1RB_0LC0RD_1RD1LC_0LA1RA	DN	99999979
1RB1RB_0LC0RD_1RD1LC_0LC1RA	SP	58720086
1RB1RB_0LC0RD_1RD1LC_0LD1RA	DN	99999985
1RB1RB_0LC0RD_1RD1LC_1LC1RA	SP	50331512
1RB1RB_0LC0RD_1RD1LC_1RA1RA	SP	50331596
1RB1RB_0LC0RD_1RD1LC_1RB1RA	SP	50331554
1RB1RB_0LC1RA_1LA1LD_1LC0RA	SP	44739203
1RB1RB_0LC1RB_1LD0RB_1RA1LC	QH	0
1RB1RB_0LC1RB_1RA1LD_1LC0RB	QH	0
1RB1RB_0LC1RB_1RD1LC_0LA0RB	QH	0
1RB1RB_0LC1RB_1RD1LC_1LA0RB	QH	0
1RB1RB_0LC1RD_0LB1LA_1LB0RD	QH	3
1RB1RB_0LC1RD_0LB1LA_1LC0RD	QH	3
1RB1RB_0LC1RD_0LC1LA_1LB0RD	QH	3
1RB1RB_0LC1RD_0LC1LA_1LC0RD	QH	1
1RB1RB_0LC1RD_1LA1LC_0LA0RB	SP	48315596
1RB1RB_0LC1RD_1LA1LC_0LC0RB	SP	41266442
1RB1RB_0LC1RD_1LA1LC_0LC0RD	QH	1
1RB1RB_0LC1RD_1LB1LA_1LB0RD	QH	3
1RB1RB_0LC1RD_1LB1LA_1LC0RD	QH	3
1RB1RB_0LC1RD_1RA1LC_0LA0RA	SP	50331481
1RB1RB_0LC1RD_1RA1LC_0LC0RA	DN	92274382
1RB1RB_0LC1RD_1RA1LC_0LD0RA	SP	83886042
1RB1RB_0LC1RD_1RA1LC_0RA0LB	SP	50331552
1RB1RB_0LC1RD_1RA1LC_0RA0RA	SP	83886027
1RB1RB_0LC1RD_1RA1LC_0RB0RA	SP	83885983
1RB1RB_0LC1RD_1RA1LC_1LB0RA	SP	83886071
1RB1RB_0LC1RD_1RA1LC_1LC0RA	SP	83885866
1RB1RB_0LC1RD_1RA1LC_1LD0RA	SP	83886042
1RB1RB_0LC1RD_1RA1LC_1RA0RA	SP	83885939
1RB1RB_0LC1RD_1RA1LC_1RB0RA	SP	83885910
1RB1RB_0LC1RD_1RB1LC_0LA0RB	QH	0
1RB1RB_0RC0LA_0LD1RA_1RC1LD	SP	83885981
1RB1RB_0RC0LA_1LC1LD_1RA0LB	DN	99950355
1RB1RB_0RC0LC_1LD0RB_1LD1RA	QH	0
1RB1RB_0RC0LD_1LD1RC_0LA1LB	QH	0
1RB1RB_0RC0RC_0LD1RA_1RC1LD	SP	67108813
1RB1RB_0RC1LB_1LA1RD_1RC0LB	QH	3
1RB1RB_0RC1LB_1LD1RC_0LA0LB	QH	0
1RB1RB_0RC1LB_1LD1RC_1LA0LB	QH	4
1RB1RB_0RC1LB_1RD0LB_1LA1RC	QH	0
1RB1RB_0RC1LD_0LD1RC_1LB0LA	SP	50331498
1RB1RB_0RC1LD_1LB1RC_0LA0LB	QH	0
1RB1RB_0RC1RA_1LC0LD_0RA0LC	DN	99999989
1RB1RB_0RC1RB_1LD0RB_0LD1LA	QH	5
1RB1RB_0RC1RB_1LD0RC_0LD1LA	QH	5
1RB1RB_0RC1RC_1LD0RB_0LD1LA	QH	15
1RB1RB_0RC1RC_1LD0RC_0LD1LA	QH	1
1RB1RB_0RC1RD_0LC1LA_1LC0RD	QH	1
1RB1RB_0RC1RD_1LA1LC_0LC0RD	QH	1
1RB1RB_1LA0RC_0LD1RA_1RC1LD	SP	67108859
1RB1RB_1LA0RC_0LD1RB_1RC1LD	QH	0
1RB1RB_1LA0RC_1LD0RC_0LD0RB	QH	2
1RB1RB_1LA0RC_1LD0RC_0LD1RB	QH	0
1RB1RB_1LA0RC_1LD1RC_0LD0RB	QH	2
1RB1RB_1LA1LC_1LB0RD_0LB1RD	QH	2
1RB1RB_1LA1LC_1LB0RD_0LC1RD	QH	2
1RB1RB_1LA1LC_1RD0LC_0RD0LA	DN	99999991
1RB1RB_1LA1LC_1RD0LC_0RD1LA	QH	1
1RB1RB_1LA1RC_0LD0RA_1RA1LD	SP	50331642
1RB1RB_1LA1RC_0LD0RB_1RB1LD	QH	2
1RB1RB_1LA1RC_1LD0RB_0RC0LD	QH	2
1RB1RB_1LA1RC_1LD0RC_0LD0LA	QH	0
1RB1RB_1LA1RC_1LD0RC_0LD1LA	QH	0
1RB1RB_1LB1LC_1RD0LC_0RD1LA	QH	1
1RB1RB_1LB1RC_0RC1LD_1LA0LD	QH	1
1RB1RB_1LB1RC_1LD0RC_0LB1LA	QH	9
1RB1RB_1LB1RC_1LD0RC_0LD1LA	QH	1
1RB1RB_1LC0LA_1RD0LC_0RD1LA	DN	99999990
1RB1RB_1LC0LC_1RD1LB_1RA0RD	QH	9
1RB1RB_1LC0LD_0RD1LB_0RA1RD	SP	75448341
1RB1RB_1LC0LD_1RC0LB_1RD0RA	DN	99999987
1RB1RB_1LC0LD_1RD1LB_0RA1RD	SP	33521628
1RB1RB_1LC0RA_0RD1LB_0LA1RD	SP	89478520
1RB1RB_1LC0RA_0RD1LB_0LB1RD	SP	89511244
1RB1RB_1LC0RA_0RD1LB_0LC1RD	SP	89511317
1RB1RB_1LC0RA_0RD1LB_0RA1RD	SP	50307087
1RB1RB_1LC0RA_0RD1LB_1LA1RD	SP	50307109
1RB1RB_1LC0RA_0RD1LB_1LB1RD	SP	89511244
1RB1RB_1LC0RA_0RD1LB_1LC1RD	SP	89478496
1RB1RB_1LC0RA_0RD1LB_1RA1RD	SP	89413019
1RB1RB_1LC0RA_0RD1LB_1RB1RD	SP	50331618
1RB1RB_1LC0RA_1RD0LB_0LA1RC	SP	89429409
1RB1RB_1LC0RA_1RD0LB_1LA1RC	SP	34901457
1RB1RB_1LC0RA_1RD0LB_1LB1RC	SP	89462084
1RB1RB_1LC0RA_1RD1LB_0LA1RD	SP	50331629
1RB1RB_1LC0RA_1RD1LB_0LB1RD	SP	50307098
1RB1RB_1LC0RA_1RD1LB_0LC0RD	QH	0
1RB1RB_1LC0RA_1RD1LB_0LC1RD	SP	89511256
1RB1RB_1LC0RA_1RD1LB_0RA1RD	SP	89445683
1RB1RB_1LC0RA_1RD1LB_1LA1RD	SP	89445705
1RB1RB_1LC0RA_1RD1LB_1LB1RD	SP	50307098
1RB1RB_1LC0RA_1RD1LB_1LC1RD	SP	50331607
1RB1RB_1LC0RA_1RD1LB_1RA1RD	SP	34911594
1RB1RB_1LC0RA_1RD1LB_1RB1RD	SP	89413008
1RB1RB_1LC0RB_0LC0RD_1LA1RD	QH	3
1RB1RB_1LC0RB_0LC1LD_0RA---	QH	0
1RB1RB_1LC0RB_0LC1LD_0RD1RA	QH	0
1RB1RB_1LC0RB_0LC1LD_1RA0RA	QH	0
1RB1RB_1LC0RB_0LC1LD_1RA0RC	QH	0
1RB1RB_1LC0RB_0LC1LD_1RA1RA	QH	0
1RB1RB_1LC0RB_0LC1LD_1RC0RA	QH	0
1RB1RB_1LC0RB_0LC1LD_1RC1RA	QH	0
1RB1RB_1LC0RB_0LC1LD_1RD1RA	QH	0
1RB1RB_1LC0RB_0LC1RD_0LA0RB	QH	0
1RB1RB_1LC0RB_0LC1RD_0LA1LA	QH	0
1RB1RB_1LC0RB_0LC1RD_0RB1LA	QH	0
1RB1RB_1LC0RB_0LC1RD_1LA0LC	QH	0
1RB1RB_1LC0RB_0LC1RD_1LA0LD	QH	4
1RB1RB_1LC0RB_0LC1RD_1LA0RB	QH	0
1RB1RB_1LC0RB_0LC1RD_1LA0RC	QH	0
1RB1RB_1LC0RB_0LC1RD_1LA0RD	QH	3
1RB1RB_1LC0RB_0LC1RD_1LA1LA	QH	0
1RB1RB_1LC0RB_0LC1RD_1LA1LD	QH	4
1RB1RB_1LC0RB_0LC1RD_1LA1RC	QH	0
1RB1RB_1LC0RB_0LC1RD_1LA1RD	QH	0
1RB1RB_1LC0RB_0LC1RD_1LC1LA	QH	0
1RB1RB_1LC0RB_0LD1LA_0LD1RA	DN	99999991
1RB1RB_1LC0RB_1LD1LA_0LC0RA	DN	99999985
1RB1RB_1LC0RB_1LD1LA_0LC1RA	QH	10
1RB1RB_1LC0RB_1LD1LA_0LC1RC	SP	83886004
1RB1RB_1LC0RB_1LD1LA_0LD1RC	QH	3
1RB1RB_1LC0RC_0LD1RC_1RA1LD	QH	12
1RB1RB_1LC0RC_1LD1RC_1RA1LD	QH	0
1RB1RB_1LC0RC_1RA0LD_0RA0LC	DN	99999977
1RB1RB_1LC0RC_1RA1LD_1RB0LD	DN	99982543
1RB1RB_1LC0RD_0LC1LD_0RB1RA	QH	6
1RB1RB_1LC0RD_0RA1LB_0LB1RD	QH	0
1RB1RB_1LC0RD_0RA1LB_0LC1RD	SP	55923710
1RB1RB_1LC0RD_1RA1LB_0LB1RD	QH	0
1RB1RB_1LC0RD_1RA1LC_0LA1RD	SP	89543947
1RB1RB_1LC0RD_1RA1LC_0LC1RD	QH	8
1RB1RB_1LC0RD_1RA1LC_1LC1RD	QH	0
1RB1RB_1LC0RD_1RD0LB_1LB1RA	DN	99996108
1RB1RB_1LC0RD_1RD1LC_0LB1RA	SP	58720159
1RB1RB_1LC0RD_1RD1LC_0LC1RA	SP	67108721
1RB1RB_1LC1RA_---1LD_0RA0LC	SP	67108810
1RB1RB_1LC1RA_0LC0LD_0RA0RB	DN	99999990
1RB1RB_1LC1RA_0RA1LD_0RB0LD	QH	0
1RB1RB_1LC1RA_0RB0LC_------	QH	7
1RB1RB_1LC1RB_---0LD_0RA1LD	DN	99804544
1RB1RB_1LC1RB_0RA0LD_0RB1LD	QH	0
1RB1RB_1LC1RB_0RB1LD_0RA0LC	QH	0
1RB1RB_1LC1RB_0RB1LD_1RA0LC	QH	0
1RB1RB_1LC1RB_1RA0LD_0RB1LD	QH	0
1RB1RB_1LC1RB_1RA0LD_0RC1LD	DN	99797885
1RB1RB_1LC1RB_1RA1LD_0RA0LC	SP	67108703
1RB1RB_1LC1RC_0RA1LD_1RC0LD	DN	99990962
1RB1RB_1LC1RC_1RA0LD_0RA1LD	SP	50331526
1RB1RB_1LC1RC_1RA0LD_0RB1LD	SP	83885961
1RB1RB_1LC1RC_1RA0LD_0RC1LD	SP	67108743
1RB1RB_1LC1RC_1RA1LD_0RA0LD	DN	99999990
1RB1RB_1LC1RD_0LB1LA_1LB0RD	QH	3
1RB1RB_1LC1RD_0LB1LA_1LC0RD	QH	3
1RB1RB_1LC1RD_0LC1LA_1LB0RD	QH	3
1RB1RB_1LC1RD_0LC1LA_1LC0RD	QH	1
1RB1RB_1LC1RD_0RA1LC_1RA0LC	SP	50331526
1RB1RB_1LC1RD_0RB0LC_1RA1LD	QH	8
1RB1RB_1LC1RD_0RB0LC_1RB1LA	QH	0
1RB1RB_1LC1RD_0RB1LC_1RA0LC	SP	83885960
1RB1RB_1LC1RD_0RD0LC_1LB0RA	SP	67108782
1RB1RB_1LC1RD_0RD0LC_1LC1RA	QH	7
1RB1RB_1LC1RD_0RD0LC_1RA---	QH	5
1RB1RB_1LC1RD_0RD1LB_0RA0LC	SP	67108848
1RB1RB_1LC1RD_0RD1LC_1RA0LC	SP	67108745
1RB1RB_1LC1RD_1LA0LC_0RD1LC	QH	1
1RB1RB_1LC1RD_1LA1LC_0LB0RD	SP	62914457
1RB1RB_1LC1RD_1RA1LC_0LC0RA	SP	50331554
1RB1RB_1RC---_1LD0RC_0LD0LA	QH	0
1RB1RB_1RC---_1LD1RA_0RB0LD	QH	12
1RB1RB_1RC0LA_0LD0RA_1RA1LD	SP	67108768
1RB1RB_1RC0LA_1LD0RC_0LD1LA	QH	0
1RB1RB_1RC0LA_1LD1RB_0RB0LD	QH	0
1RB1RB_1RC0LC_1LD0RA_1LB0RB	DN	99999960
1RB1RB_1RC0LD_1LA0RC_0LA1LD	SP	75497369
1RB1RB_1RC0LD_1LB1RA_0RA1LD	SP	83886047
1RB1RB_1RC0LD_1LB1RA_0RB1LD	SP	67108840
1RB1RB_1RC0LD_1LB1RA_0RC1LD	SP	50331627
1RB1RB_1RC0LD_1LD1RA_0RA1LD	SP	83885906
1RB1RB_1RC0LD_1LD1RA_0RB1LD	SP	67108695
1RB1RB_1RC0LD_1LD1RA_0RC1LD	SP	50331490
1RB1RB_1RC0RB_1LD0RA_1RA0LC	DN	99984361
1RB1RB_1RC0RC_0LD1RA_0LA1LD	SP	83885890
1RB1RB_1RC0RC_0LD1RA_1RC1LD	SP	67108767
1RB1RB_1RC0RC_0LD1RC_1RA1LD	QH	10
1RB1RB_1RC0RC_1LD1RC_1RA1LD	QH	0
1RB1RB_1RC1LB_0LB1RD_0LA0RC	QH	0
1RB1RB_1RC1LB_0LB1RD_1LA0RC	QH	0
1RB1RB_1RC1LB_1LA0RD_0LB1RD	QH	0
1RB1RB_1RC1LB_1LA0RD_0LC1RD	DN	99792553
1RB1RB_1RC1LB_1LA1RD_0LB0RC	QH	3
1RB1RB_1RC1LB_1LA1RD_0LC0RD	DN	99999975
1RB1RB_1RC1LC_1LD0RA_1LB0LB	DN	99982467
1RB1RB_1RC1LD_0LB0RC_0LA1LD	SP	75497367
1RB1RB_1RC1RC_0LD0RA_1RA1LD	SP	50331598
1RB1RB_1RC1RC_1LD0RC_0LD1LA	QH	0
1RB1RB_1RC1RD_0LC1LA_1LC0RD	QH	0
1RB1RB_1RC1RD_1LA1LC_0LC0RD	QH	1
1RB1RC_0LA---_0LD0RA_1RA1LD	SP	67108883
1RB1RC_0LA0LA_0RD0RC_1LD1LA	QH	1
1RB1RC_0LA0LC_0RD1LB_1LC1RD	QH	0
1RB1RC_0LA0LC_0RD1LC_1LB1RD	QH	0
1RB1RC_0LA0RA_0LD1RB_1RA1LD	SP	50331523
1RB1RC_0LA0RB_0LD0RC_1LD1LA	DN	99999989
1RB1RC_0LA0RB_0LD1LD_1RA1LC	DN	99999988
1RB1RC_0LA0RB_0LD1RA_1LA1LD	DN	99999983
1RB1RC_0LA0RB_0LD1RC_1LA1LD	DN	99999980
1RB1RC_0LA0RC_0LD0RB_1LD1LA	DN	99999985
1RB1RC_0LA0RC_0LD1RB_1LA1LD	SP	78176264
1RB1RC_0LA0RC_0LD1RB_1RC1LD	QH	0
1RB1RC_0LA0RC_0LD1RC_1RB1LD	QH	0
1RB1RC_0LA0RC_1LD0LD_0RB1LA	DN	99999990
1RB1RC_0LA0RC_1LD0RC_0LD1RB	QH	0
1RB1RC_0LA0RD_0LD0RC_1LD1LA	QH	1
1RB1RC_0LA0RD_0RD0RC_1LD1LA	QH	1
1RB1RC_0LA0RD_1LD0RC_1LD1LA	QH	1
1RB1RC_0LA0RD_1RD1LC_0LC1RB	QH	0
1RB1RC_0LA1LA_1LD0RC_0LD0RB	DN	99999987
1RB1RC_0LA1LA_1LD0RC_0LD1RB	QH	0
1RB1RC_0LA1LB_1RD0RD_0LB1RA	SP	83885936
1RB1RC_0LA1LB_1RD1LB_0LC0RD	DN	99999985
1RB1RC_0LA1LC_0RD0LB_1LB1RD	QH	0
1RB1RC_0LA1LD_1LA0RC_0LD0RB	DN	99999987
1RB1RC_0LA1RA_0LD0RB_1RB1LD	DN	99999988
1RB1RC_0LA1RA_1LC0LD_0RA0LC	DN	99999989
1RB1RC_0LA1RA_1LC0LD_0RA1LD	SP	43046749
1RB1RC_0LA1RA_1LD---_0RA0LD	DN	99999989
1RB1RC_0LA1RB_0LD0RB_1RA1LD	DN	99311380
1RB1RC_0LA1RB_0LD0RB_1RC1LD	DN	99803208
1RB1RC_0LA1RB_1LD0RA_0RB1LC	SP	89494878
1RB1RC_0LA1RB_1LD0RA_1LA1LC	SP	89429375
1RB1RC_0LA1RB_1LD0RA_1RB1LC	SP	50343891
1RB1RC_0LA1RB_1LD0RB_1RA1LD	SP	89543973
1RB1RC_0LA1RC_0LD0RB_1RB1LD	DN	92274490
1RB1RC_0LB1LA_---1RD_1LB0RD	QH	3
1RB1RC_0LB1LA_0LB1RD_1LC0RD	QH	3
1RB1RC_0LB1LA_0RD1RC_1LB0RC	QH	3
1RB1RC_0LB1LA_0RD1RC_1LB0RD	QH	3
1RB1RC_0LB1LA_0RD1RD_1LB0RC	QH	3
1RB1RC_0LB1LA_1LB1RD_1LC0RD	QH	3
1RB1RC_0LB1LA_1LD0RC_0RA1LB	DN	99999990
1RB1RC_0LB1LA_1RD0LA_1LB0RD	QH	3
1RB1RC_0LB1LC_0LD0RA_1RA1LD	SP	67109129
1RB1RC_0LB1LC_1RA0LD_0RC1LD	SP	50331686
1RB1RC_0LB1RC_0LD0RA_1RA1LD	SP	67108883
1RB1RC_0LB1RC_1LA0RD_1LB0RD	QH	0
1RB1RC_0LB1RC_1LD1RA_0RC0LD	QH	9
1RB1RC_0LC---_1RA1LD_0RA0LD	DN	99999990
1RB1RC_0LC0LB_1RD1LB_0RA0LA	DN	99972127
1RB1RC_0LC0LB_1RD1LB_0RA0RB	DN	99972127
1RB1RC_0LC0LB_1RD1LB_0RA0RD	DN	99988603
1RB1RC_0LC0LB_1RD1LB_0RA1RC	DN	99989516
1RB1RC_0LC0LB_1RD1LB_0RA1RD	DN	99967417
1RB1RC_0LC0LD_0RA1LB_1RC1LD	SP	33538084
1RB1RC_0LC0LD_1RA0LD_0RC1LB	DN	99530295
1RB1RC_0LC0LD_1RA0LD_1LC1LB	SP	50331645
1RB1RC_0LC0LD_1RA1LB_0RA1LD	SP	43046799
1RB1RC_0LC0LD_1RA1RD_1LC1LB	SP	50282573
1RB1RC_0LC0RA_1LA1LD_1LC0LC	SP	75411580
1RB1RC_0LC0RA_1RA0LD_1LC0RA	DN	99813301
1RB1RC_0LC0RA_1RA1LD_1LA0LC	DN	99985447
1RB1RC_0LC0RA_1RA1LD_1LA0LD	DN	99953695
1RB1RC_0LC0RA_1RA1RD_1LD0LB	SP	75436268
1RB1RC_0LC0RA_1RB1LD_1LC0LA	DN	99502521
1RB1RC_0LC0RB_1LD1LC_1LA---	DN	99999985
1RB1RC_0LC0RB_1RA0LD_1LA1LD	DN	99999989
1RB1RC_0LC0RC_0RB1LD_1LA0LD	QH	1
1RB1RC_0LC1LA_0LB1RD_1LB0RD	QH	5
1RB1RC_0LC1LA_0LB1RD_1LC0RD	QH	9
1RB1RC_0LC1LA_0LC1RD_1LB0RD	QH	5
1RB1RC_0LC1LA_1LB1RD_1LB0RD	QH	5
1RB1RC_0LC1LA_1LB1RD_1LC0RD	QH	9
1RB1RC_0LC1LA_1LC1RD_1LB0RD	QH	5
1RB1RC_0LC1LB_1RD1LA_0LA0RD	DN	99999984
1RB1RC_0LC1RA_0RA1LD_0LC0LA	SP	89511234
1RB1RC_0LC1RA_0RA1LD_0LC0RA	SP	89494878
1RB1RC_0LC1RA_1LA1LD_0RA0LC	SP	89478457
1RB1RC_0LC1RA_1LA1LD_1LA0LC	SP	50307029
1RB1RC_0LC1RA_1LA1LD_1LB0LC	SP	89429295
1RB1RC_0LC1RA_1LD0RB_1RB1LD	SP	58720172
1RB1RC_0LC1RB_1LD0RB_0RA1LC	QH	0
1RB1RC_0LC1RB_1LD0RB_1RA1LC	QH	0
1RB1RC_0LC1RB_1RA1LD_1LC0RB	QH	0
1RB1RC_0LC1RB_1RD1LC_1LA0RB	QH	0
1RB1RC_0LC1RC_0RA1LD_1RC0LD	DN	99970226
1RB1RC_0LC1RD_1LA1LC_0LC0RD	QH	1
1RB1RC_0LC1RD_1RB1LC_0LA0RB	QH	0
1RB1RC_0LC1RD_1RB1LC_1LA0RB	QH	0
1RB1RC_0RC---_0LD0RB_0LA1LD	DN	99999990
1RB1RC_0RC0LA_0RD0RC_1LD1LA	QH	1
1RB1RC_0RC0LA_1LC0LD_1RB1LB	DN	99999945
1RB1RC_0RC0LB_1LD1RA_0RA1LB	QH	0
1RB1RC_0RC0LB_1RD1RA_1LD1LB	QH	0
1RB1RC_0RC0LC_1LA0RD_1LC0RB	DN	99999989
1RB1RC_0RC0LD_1LD0RB_1LA1LA	DN	99999992
1RB1RC_0RC0LD_1LD0RC_1LA1LA	QH	1
1RB1RC_0RC0LD_1LD1RC_0RA1LB	QH	4
1RB1RC_0RC0LD_1RD0RA_1LB1LD	DN	99999976
1RB1RC_0RC0RA_0LD1RA_1LD0LA	DN	99993465
1RB1RC_0RC0RB_0LD1LA_1LD0LA	DN	99998965
1RB1RC_0RC0RB_1LD0LA_1LC0RB	SP	89593067
1RB1RC_0RC0RD_0LD0RC_1LD1LA	QH	1
1RB1RC_0RC0RD_0RD0RC_1LD1LA	QH	1
1RB1RC_0RC0RD_1LA1LC_0LC0RB	SP	27961977
1RB1RC_0RC0RD_1LC0LD_1RA0LA	DN	99985389
1RB1RC_0RC0RD_1LD0LA_1LC0RB	SP	67203020
1RB1RC_0RC0RD_1LD0RC_1LD1LA	QH	1
1RB1RC_0RC1LA_1LD0RB_0LD1RC	QH	9
1RB1RC_0RC1LB_1LA1RD_1RA0LB	SP	83885881
1RB1RC_0RC1LB_1LD1RC_0RA0LB	QH	0
1RB1RC_0RC1LB_1LD1RC_1LA0LB	QH	4
1RB1RC_0RC1LB_1LD1RC_1RA0LB	QH	0
1RB1RC_0RC1LB_1LD1RD_1RA0LB	SP	69904911
1RB1RC_0RC1LD_1LB1RC_0RA0LB	QH	0
1RB1RC_0RC1LD_1LB1RC_1RA0LB	QH	0
1RB1RC_0RC1RA_0LD0RB_1LD0LA	DN	99999984
1RB1RC_0RC1RA_1LC0LD_0RA1LD	SP	14348919
1RB1RC_0RC1RA_1LD0RB_0LD1LA	DN	99999983
1RB1RC_0RC1RB_0LD0RB_1LD0LA	DN	99999979
1RB1RC_0RC1RB_1LD0RA_1LA1LC	SP	72661016
1RB1RC_0RC1RD_0LD0RB_1LD0LA	DN	99999984
1RB1RC_0RC1RD_1LA1LC_0LC0RD	QH	1
1RB1RC_1LA---_1LD0RC_0LD1RB	QH	0
1RB1RC_1LA---_1RA0LD_0RA1LD	SP	67108856
1RB1RC_1LA---_1RA0LD_0RC1LD	SP	50331645
1RB1RC_1LA0LA_0RC1LD_0RB0LD	DN	99999986
1RB1RC_1LA0LA_0RD0RC_1LD1LA	QH	1
1RB1RC_1LA0LA_1LD0RC_0LD0RB	DN	99999989
1RB1RC_1LA0LB_0RD0LA_1LB0RC	DN	99999982
1RB1RC_1LA0LB_0RD0RD_1LB0RC	DN	99999992
1RB1RC_1LA0LB_1LD0RC_0RA1LB	DN	99999991
1RB1RC_1LA0LB_1LD0RD_1LB0RC	DN	99999982
1RB1RC_1LA0LB_1RD0RC_1LB0RD	DN	99999981
1RB1RC_1LA0LB_1RD0RC_1LB1LC	DN	99999982
1RB1RC_1LA0LB_1RD0RC_1LB1RC	QH	0
1RB1RC_1LA0LB_1RD0RC_1LD1LB	DN	99999982
1RB1RC_1LA0LD_1LB0RC_---1LA	DN	99999991
1RB1RC_1LA0LD_1LB0RC_0LB0RD	DN	99999986
1RB1RC_1LA0LD_1LB0RC_0RA0LB	DN	99999979
1RB1RC_1LA0LD_1LB0RD_0RC1LA	DN	99999989
1RB1RC_1LA0LD_1LD0RC_1LA1LA	QH	1
1RB1RC_1LA0LD_1RA1LB_0RA1LD	SP	86093437
1RB1RC_1LA0LD_1RC1LB_0LB0RC	QH	2
1RB1RC_1LA0LD_1RC1LD_0LB0RC	QH	2
1RB1RC_1LA0RA_0RB1LD_1LC0LD	SP	83886071
1RB1RC_1LA0RC_0LD1LC_1RA1LB	SP	34840311
1RB1RC_1LA0RC_0LD1RC_1RB1LD	QH	0
1RB1RC_1LA0RC_0RA1LD_0LC1LD	DN	99807557
1RB1RC_1LA0RC_1LD0LA_0RB0LD	DN	99999987
1RB1RC_1LA0RC_1LD0RB_1LD1LA	SP	44739242
1RB1RC_1LA0RC_1LD0RC_0LD0RB	QH	2
1RB1RC_1LA0RD_0LC0RB_1LC0RD	QH	2
1RB1RC_1LA0RD_0LC0RB_1LC1RD	QH	2
1RB1RC_1LA0RD_0LD0RC_1LD1LA	QH	1
1RB1RC_1LA0RD_0RD0RC_1LD1LA	QH	1
1RB1RC_1LA0RD_1LD0RC_1LD1LA	QH	1
1RB1RC_1LA0RD_1RB1LC_0LB1RD	DN	99795214
1RB1RC_1LA0RD_1RB1LC_0LC1RD	QH	0
1RB1RC_1LA0RD_1RD1LC_0LC1RB	QH	0
1RB1RC_1LA1LA_1LD0RC_0LD0RB	DN	99999990
1RB1RC_1LA1LB_1LA0RD_0RC0LB	SP	83885933
1RB1RC_1LA1LB_1LA0RD_0RC0LC	DN	99999988
1RB1RC_1LA1LC_1LB0RD_0LC1RD	QH	2
1RB1RC_1LA1LD_0LB1RC_1LB0RC	QH	2
1RB1RC_1LA1LD_0LD1RC_1LB0RC	QH	2
1RB1RC_1LA1LD_0RB0RC_1LB0LB	DN	99999990
1RB1RC_1LA1LD_0RC0RB_0LD0LA	DN	99999986
1RB1RC_1LA1LD_1LA0RC_0RA0LB	DN	99999975
1RB1RC_1LA1LD_1LB0RC_0RA0LB	DN	99999984
1RB1RC_1LA1LD_1LB0RC_1RC0LB	SP	83886053
1RB1RC_1LA1LD_1RA0LB_0RA1LB	SP	67108856
1RB1RC_1LA1RA_---1LD_0RA0LD	DN	99999989
1RB1RC_1LA1RA_0RC1LD_1LB0LD	DN	99999984
1RB1RC_1LA1RA_1LC0LD_0RA1LD	SP	86093437
1RB1RC_1LA1RA_1LC0LD_0RB1LD	SP	38263752
1RB1RC_1LA1RA_1LD0RC_0LD0LB	DN	99999991
1RB1RC_1LA1RA_1LD0RC_0LD1LB	QH	7
1RB1RC_1LA1RB_1LD0RC_0LD1LB	QH	8
1RB1RC_1LA1RC_0LD0RB_1RB1LD	QH	2
1RB1RC_1LA1RC_0RC1LD_1LA0LD	QH	1
1RB1RC_1LA1RD_0RB1LC_1RB0LC	QH	0
1RB1RC_1LA1RD_0RD0LC_1LC0RB	QH	2
1RB1RC_1LA1RD_0RD1LC_1RB0LC	QH	0
1RB1RC_1LA1RD_1RB1LC_0LC0RB	QH	2
1RB1RC_1LB0RA_1LD0RC_0LD0LA	DN	99999986
1RB1RC_1LB0RC_0RB1LD_1LA0LD	QH	1
1RB1RC_1LB1LA_1LD0RC_0LD0RA	DN	99999989
1RB1RC_1LB1LA_1LD0RC_0LD1RA	DN	99999991
1RB1RC_1LB1LA_1RA0LD_0RA1LD	SP	67108773
1RB1RC_1LB1LA_1RA0LD_0RC1LD	SP	50331585
1RB1RC_1LB1LA_1RD0LC_0RD0LA	DN	99999989
1RB1RC_1LB1LC_0RD0LB_1RA1RC	SP	83885862
1RB1RC_1LB1LC_1RA0LD_0RA1LD	SP	50331597
1RB1RC_1LB1LC_1RA0LD_0RC1LD	SP	75497408
1RB1RC_1LB1LC_1RD0LC_0RD1LA	QH	1
1RB1RC_1LB1RA_0RD0LD_1LB0RC	QH	0
1RB1RC_1LB1RA_1LA1LD_0RA0LC	SP	89413027
1RB1RC_1LB1RA_1LA1LD_1LA0LC	SP	34891201
1RB1RC_1LB1RA_1LC0LD_0RA1LD	SP	17936145
1RB1RC_1LB1RA_1LC0LD_0RB1LD	SP	71744546
1RB1RC_1LB1RA_1LD0RC_0LB0LA	DN	99532936
1RB1RC_1LB1RA_1LD0RC_0LD1LB	QH	0
1RB1RC_1LB1RC_0RC1LD_1LA0LD	QH	1
1RB1RC_1LB1RC_1RA0LD_0RA1LD	SP	67108856
1RB1RC_1LB1RC_1RA0LD_0RC1LD	SP	50331645
1RB1RC_1LC---_1LD1RA_0RA0LD	DN	99999988
1RB1RC_1LC0LA_0RD1LB_0LB1RD	SP	67108848
1RB1RC_1LC0LA_0RD1LB_0LC1RD	SP	83886075
1RB1RC_1LC0LA_1RA0LD_0RA1LD	SP	67108853
1RB1RC_1LC0LA_1RA0LD_0RC1LD	SP	50331628
1RB1RC_1LC0LA_1RD0LB_0RA0RD	DN	99999985
1RB1RC_1LC0LB_0RC1LD_1RA0LD	DN	99999984
1RB1RC_1LC0LB_0RC1LD_1RA1LA	DN	99999975
1RB1RC_1LC0LB_0RC1LD_1RA1LB	QH	0
1RB1RC_1LC0LB_0RD0LB_1RA1RC	DN	99971557
1RB1RC_1LC0LB_1RD0LB_0RD0LA	DN	99999988
1RB1RC_1LC0LB_1RD1LA_0RD0LA	DN	99999984
1RB1RC_1LC0LB_1RD1LB_1RA0RD	DN	99999985
1RB1RC_1LC0LC_1RD0LB_0LA0RD	DN	99989349
1RB1RC_1LC0LC_1RD0LB_0RD0LA	DN	99999988
1RB1RC_1LC0LD_0RA1LB_1LA1LC	SP	31365473
1RB1RC_1LC0LD_0RA1LB_1LA1RC	SP	25092397
1RB1RC_1LC0LD_0RD1LB_0RA1RD	SP	31395964
1RB1RC_1LC0LD_1LD1RA_0RC1LB	SP	86282275
1RB1RC_1LC0LD_1RA0LB_0RA1RD	SP	28115389
1RB1RC_1LC0LD_1RA0LB_1RB0RC	SP	69731547
1RB1RC_1LC0LD_1RA0LD_0RA1LD	SP	50331503
1RB1RC_1LC0LD_1RA0LD_0RC1LB	DN	99358317
1RB1RC_1LC0LD_1RA0LD_0RC1LD	SP	50331488
1RB1RC_1LC0LD_1RA0LD_1LC1LB	SP	50294809
1RB1RC_1LC0LD_1RA1LB_0RA1LD	SP	33480767
1RB1RC_1LC0LD_1RA1RD_1LC1LB	SP	68421039
1RB1RC_1LC0RA_0LB0LD_1LA1LD	DN	99996293
1RB1RC_1LC0RA_0LD1LB_1LA0LA	DN	99999973
1RB1RC_1LC0RA_0LD1LB_1LA0LC	DN	99999985
1RB1RC_1LC0RA_0LD1LB_1LA1LB	DN	99999980
1RB1RC_1LC0RA_0RB1LD_1LC0LD	SP	83885929
1RB1RC_1LC0RA_0RD0LB_1RA1RD	SP	48860180
1RB1RC_1LC0RA_1LA1LD_1LC0LC	SP	52296051
1RB1RC_1LC0RA_1LD0LB_0RB0LC	DN	99805541
1RB1RC_1LC0RA_1LD0LB_1RB0LC	SP	34891212
1RB1RC_1LC0RA_1LD1RA_0RB0LD	DN	99999981
1RB1RC_1LC0RA_1RA0LB_------	SP	34921827
1RB1RC_1LC0RA_1RA0LD_1LC0RA	SP	34921827
1RB1RC_1LC0RA_1RA0RD_0LB1LD	SP	52377619
1RB1RC_1LC0RA_1RD0LB_0RA0LA	DN	99999977
1RB1RC_1LC0RA_1RD0LB_1LA0RD	SP	46786582
1RB1RC_1LC0RA_1RD0LB_1LA1RC	SP	89462106
1RB1RC_1LC0RA_1RD0LB_1RA0LA	SP	50258069
1RB1RC_1LC0RA_1RD0LB_1RA1RD	SP	50245833
1RB1RC_1LC0RB_0LC0RD_1LA1RD	QH	3
1RB1RC_1LC0RB_0LC1RD_0RB0LA	QH	0
1RB1RC_1LC0RB_0LC1RD_0RB1LA	QH	0
1RB1RC_1LC0RB_1LD1RA_0RD0LC	QH	3
1RB1RC_1LC0RB_1RA0LD_0RA0LC	DN	99999977
1RB1RC_1LC0RB_1RA0LD_0RA1LD	SP	44739259
1RB1RC_1LC0RB_1RA0LD_0RC1LD	SP	33554448
1RB1RC_1LC0RB_1RA1LD_1RB0LD	DN	99999970
1RB1RC_1LC0RC_0RA1LD_0LB0LD	DN	99999980
1RB1RC_1LC0RC_0RA1LD_0LC1LD	DN	99806889
1RB1RC_1LC0RC_0RB1LD_1LA0LD	QH	1
1RB1RC_1LC0RC_1RA0LD_0LC1LD	DN	99968230
1RB1RC_1LC0RC_1RA0LD_0RB0LB	DN	99953800
1RB1RC_1LC0RD_0LC1RD_0RB0LA	QH	0
1RB1RC_1LC0RD_0LC1RD_0RB1LA	QH	0
1RB1RC_1LC0RD_0RA1LD_1RC0LD	DN	99984290
1RB1RC_1LC0RD_0RC0LD_1RA0LA	DN	99989285
1RB1RC_1LC0RD_1LA0LC_0RD0LA	DN	99999977
1RB1RC_1LC0RD_1LA0LC_0RD1LC	QH	1
1RB1RC_1LC0RD_1LA1LB_0LB1RD	SP	50331525
1RB1RC_1LC0RD_1LA1LB_0LC1RD	SP	50331466
1RB1RC_1LC0RD_1LD0LB_0RA0LB	DN	99999982
1RB1RC_1LC0RD_1LD0LB_1RB1RA	DN	99962595
1RB1RC_1LC0RD_1RA0LB_1RB---	SP	34921827
1RB1RC_1LC0RD_1RA0LB_1RD0RA	SP	34921827
1RB1RC_1LC0RD_1RA0LD_0LB1RB	DN	99999985
1RB1RC_1LC0RD_1RA1LB_0LB1RD	QH	0
1RB1RC_1LC0RD_1RA1LB_0LC1RD	QH	0
1RB1RC_1LC0RD_1RD0LD_1LB0RA	SP	58862610
1RB1RC_1LC1LA_0LB1RD_1LB0RD	QH	13
1RB1RC_1LC1LA_0LB1RD_1LC0RD	QH	7
1RB1RC_1LC1LA_0LC1RD_1LB0RD	QH	15
1RB1RC_1LC1LA_1RA0LD_0RA1LD	SP	50331545
1RB1RC_1LC1LA_1RA0LD_0RC1LD	SP	50331528
1RB1RC_1LC1LB_1LD1RA_0RC0LD	SP	55924514
1RB1RC_1LC1LB_1RA0LD_0RC1LD	SP	67108687
1RB1RC_1LC1LD_1RA0LD_0RA1LD	SP	50331415
1RB1RC_1LC1LD_1RA0LD_0RC1LB	SP	50331467
1RB1RC_1LC1LD_1RA0LD_0RC1LD	SP	50331390
1RB1RC_1LC1LD_1RA1RB_0LA0LB	SP	89363985
1RB1RC_1LC1LD_1RA1RB_0RC0LB	SP	50282547
1RB1RC_1LC1LD_1RA1RB_1LA0LB	SP	89363965
1RB1RC_1LC1LD_1RA1RB_1LC0LB	SP	68421039
1RB1RC_1LC1LD_1RD0LB_0RA1RC	DN	99999988
1RB1RC_1LC1RA_---1LD_0RA0LD	DN	99999992
1RB1RC_1LC1RA_0LB0LD_0RA1LD	SP	75497253
1RB1RC_1LC1RA_0RB0LC_------	QH	7
1RB1RC_1LC1RA_0RB1LD_0RB0LD	DN	99999986
1RB1RC_1LC1RA_0RD0LC_0RB1LA	QH	17
1RB1RC_1LC1RA_0RD0LC_1LB0RB	SP	58720251
1RB1RC_1LC1RA_0RD0LC_1RA---	QH	5
1RB1RC_1LC1RA_1LA1LD_0LB0LC	SP	34901373
1RB1RC_1LC1RA_1LA1LD_0RA0LC	SP	89478433
1RB1RC_1LC1RA_1LA1LD_1LA0LC	SP	50307007
1RB1RC_1LC1RA_1LA1LD_1LB0LC	SP	34901353
1RB1RC_1LC1RA_1LC0LD_0RA1LD	SP	43046719
1RB1RC_1LC1RA_1LD0LC_0RD0RB	SP	83886900
1RB1RC_1LC1RA_1LD0RA_0RB0LB	DN	99978751
1RB1RC_1LC1RA_1LD0RA_1RA0LB	DN	99979804
1RB1RC_1LC1RA_1RA0LD_0RA1LD	SP	67108809
1RB1RC_1LC1RA_1RA0LD_0RC1LD	SP	50331588
1RB1RC_1LC1RA_1RB0LD_0RA1LD	SP	83885884
1RB1RC_1LC1RA_1RB0LD_0RB1LD	SP	37748548
1RB1RC_1LC1RA_1RB0LD_0RC1LD	SP	50331458
1RB1RC_1LC1RA_1RD0LC_1LD0RB	QH	7
1RB1RC_1LC1RB_1LD0RA_1LA1LC	SP	32337440
1RB1RC_1LC1RB_1RA0LD_0RA1LD	SP	55924023
1RB1RC_1LC1RB_1RA0LD_0RC1LD	SP	41943008
1RB1RC_1LC1RC_0RA1LD_1RC0LD	DN	99999982
1RB1RC_1LC1RC_1RA0LD_0RA1LD	SP	23967445
1RB1RC_1LC1RC_1RA0LD_0RB1LD	SP	47934912
1RB1RC_1LC1RC_1RA0LD_0RC1LD	SP	71902348
1RB1RC_1LC1RC_1RA1LD_0RA0LD	DN	99999985
1RB1RC_1LC1RD_0RB0LC_1RA0RD	QH	7
1RB1RC_1LC1RD_0RB0LC_1RB0LA	QH	0
1RB1RC_1LC1RD_0RB0LC_1RB1LA	QH	0
1RB1RC_1LC1RD_0RD0LC_1LC1RA	QH	7
1RB1RC_1LC1RD_0RD0LC_1RA---	QH	5
1RB1RC_1LC1RD_1LA0LB_0RA0RC	SP	30038912
1RB1RC_1LC1RD_1LA0LC_0RD1LC	QH	1
1RB1RC_1LC1RD_1LA1LC_0LB0RD	SP	83886115
1RB1RC_1LC1RD_1LD0LB_0RA1LB	DN	99998059
1RB1RC_1LC1RD_1LD0LB_0RA1LC	DN	99979660
1RB1RC_1LC1RD_1RA0LB_0LD0RA	SP	52367427
1RB1RC_1LC1RD_1RA0LD_1LC0LB	SP	75405451
1RB1RC_1RC0LA_0RD0RC_1LD1LA	QH	1
1RB1RC_1RC0LD_1LD0RC_1LA1LA	QH	1
1RB1RC_1RC0RA_1LA1LD_1LC0LC	SP	33448359
1RB1RC_1RC0RA_1LD0RB_1LB0LC	SP	89494872
1RB1RC_1RC0RB_0LD0RB_0LA1LD	DN	99951817
1RB1RC_1RC0RB_0LD1RB_0LA1LD	DN	99991407
1RB1RC_1RC0RD_0LD0RC_1LD1LA	QH	1
1RB1RC_1RC0RD_0RD0RC_1LD1LA	QH	1
1RB1RC_1RC0RD_1LA1LC_0LC0RB	SP	27961933
1RB1RC_1RC0RD_1LD0RC_1LD1LA	QH	1
1RB1RC_1RC1LA_1LD1RB_0RB0LD	QH	0
1RB1RC_1RC1LB_0LB0RD_0LA1RD	DN	99311799
1RB1RC_1RC1LB_0LB1RD_0LA0RC	QH	0
1RB1RC_1RC1LB_1LA1RD_0LB0RC	QH	3
1RB1RC_1RC1LD_0LB0RC_1LB0LA	QH	5
1RB1RC_1RC1LD_0LB0RC_1LB0RA	QH	0
1RB1RC_1RC1LD_0LD0RC_1LB1LA	QH	0
1RB1RC_1RC1LD_0LD1RA_1LB0RC	SP	67108860
1RB1RC_1RC1LD_1LB1RA_0RA0LB	SP	89478444
1RB1RC_1RC1RA_1LA1LD_0LB0LC	SP	50245815
1RB1RC_1RC1RA_1LA1LD_0RA0LC	SP	89413005
1RB1RC_1RC1RA_1LA1LD_1LA0LC	SP	34891181
1RB1RC_1RC1RA_1LA1LD_1LB0LC	SP	50245795
1RB1RC_1RC1RA_1LC0LD_0RA1LD	SP	17936131
1RB1RC_1RC1RA_1LC0LD_0RB1LD	SP	71744530
1RB1RC_1RC1RA_1LD0RB_1LA0LC	SP	34870963
1RB1RC_1RC1RA_1LD0RB_1RA0LC	SP	89413116
1RB1RC_1RC1RA_1LD0RC_0LD1LB	QH	0
1RB1RC_1RC1RB_0LD0RA_1LB1LD	SP	12858636
1RB1RC_1RC1RD_1LA1LC_0LC0RD	QH	1
1RB1RD_0LB0LC_1RA1LC_0LC0RA	SP	67108674
1RB1RD_0LB0RC_0LD0RB_1LA1LD	QH	1
1RB1RD_0LB1LC_0RA---_1LB0RD	QH	0
1RB1RD_0LB1LC_0RA0LB_1LA0RD	DN	99999985
1RB1RD_0LB1LC_0RA0LB_1LB1RA	SP	67108716
1RB1RD_0LB1LC_0RA1LB_1LA0RD	DN	99999990
1RB1RD_0LB1LC_0RA1LB_1RA0LB	SP	67108810
1RB1RD_0LB1LC_0RA1LB_1RA0RC	SP	83885978
1RB1RD_0LB1LC_0RA1LC_1RA0LC	SP	67108810
1RB1RD_0LB1LC_0RC1RA_1LB0RD	QH	3
1RB1RD_0LB1LC_0RD1LC_1RA0LC	SP	50331599
1RB1RD_0LB1LC_1LA1RA_1LB0RD	QH	3
1RB1RD_0LB1LC_1LA1RC_1LB0RD	QH	4
1RB1RD_0LB1LC_1LD0RA_1RA0LC	DN	99999992
1RB1RD_0LB1LC_1RA0RA_1LB0RD	QH	0
1RB1RD_0LB1LC_1RA0RB_1LB0RD	QH	0
1RB1RD_0LB1LC_1RA1LC_0LC0RA	SP	67108837
1RB1RD_0LB1LC_1RA1RA_1LB0RD	QH	0
1RB1RD_0LB1LC_1RB0RA_1LB0RD	QH	0
1RB1RD_0LB1LC_1RB1RA_1LB0RD	QH	0
1RB1RD_0LB1LC_1RC1RA_1LB0RD	QH	3
1RB1RD_0LB1RC_0LA0RD_1LB0RD	QH	0
1RB1RD_0LB1RC_0LA1LA_1LB0RD	QH	0
1RB1RD_0LB1RC_0LD0RC_1LA1LD	QH	1
1RB1RD_0LB1RC_1LA---_1LB0RD	QH	0
1RB1RD_0LB1RC_1LB1LA_1LB0RD	QH	0
1RB1RD_0LB1RC_1LB1LA_1LC0RD	QH	0
1RB1RD_0LB1RC_1LD1RA_0RC0LD	QH	9
1RB1RD_0LC---_0RA1LC_1RA0LC	SP	67108810
1RB1RD_0LC---_0RD1LB_1LC0RA	SP	50331498
1RB1RD_0LC---_0RD1LC_1RA0LC	SP	50331599
1RB1RD_0LC---_1RA1LC_0LC0RA	SP	67108837
1RB1RD_0LC0LA_1LC1LA_0RB0RD	DN	99999985
1RB1RD_0LC0LA_1LC1LA_0RC0RD	QH	1
1RB1RD_0LC0LB_1RC0RD_1LB1RA	DN	99954823
1RB1RD_0LC0LC_0RA1LC_1RA1LB	SP	43046719
1RB1RD_0LC0LD_0RD1LC_1RA1LB	SP	25141298
1RB1RD_0LC0LD_1LA1RC_1LB0RD	DN	99999986
1RB1RD_0LC0LD_1LD1LC_1RA1LB	SP	24349552
1RB1RD_0LC0RA_1LA0LD_1RA1LC	SP	67109351
1RB1RD_0LC0RA_1LD1RC_0RB1LB	DN	99975873
1RB1RD_0LC0RA_1RA0LD_0RB1LC	SP	83884949
1RB1RD_0LC0RA_1RA1LB_1LC1RC	DN	99999989
1RB1RD_0LC0RA_1RA1LC_0LC1RB	DN	92274516
1RB1RD_0LC0RA_1RA1LC_0LD1RB	SP	50331441
1RB1RD_0LC0RA_1RA1LC_1LA1RB	SP	50331598
1RB1RD_0LC0RA_1RA1LC_1LC1RB	SP	50331510
1RB1RD_0LC0RA_1RA1LC_1RB0LA	SP	67108680
1RB1RD_0LC0RA_1RA1LC_1RB1RB	SP	50331554
1RB1RD_0LC0RB_0LD1LC_1RA0LA	SP	50331591
1RB1RD_0LC0RB_1LA1LC_0LC1RD	DN	99999976
1RB1RD_0LC0RB_1LD1LC_1RA0LB	SP	14963126
1RB1RD_0LC0RB_1RA0LD_1LC0RA	SP	83886043
1RB1RD_0LC0RC_0RC1LD_1LA0LD	QH	1
1RB1RD_0LC0RC_1LC1LA_0LC0RD	QH	1
1RB1RD_0LC0RC_1LC1LA_0RC0RD	QH	1
1RB1RD_0LC0RC_1LC1LA_1LC0RD	QH	1
1RB1RD_0LC0RD_1LA1LC_0LA1RB	DN	99999985
1RB1RD_0LC0RD_1LA1LC_0LC1RB	SP	66770490
1RB1RD_0LC0RD_1LC1LA_0LA0RB	DN	99999979
1RB1RD_0LC1LA_1LB1RD_1LC0RD	SP	50331623
1RB1RD_0LC1LB_0RA1LC_1RA0RB	SP	83885978
1RB1RD_0LC1LB_0RD1LC_1RA0RB	SP	67108768
1RB1RD_0LC1LB_1RC1LA_1RA0RA	DN	99966962
1RB1RD_0LC1LB_1RD1LA_0RA0RD	DN	99980644
1RB1RD_0LC1LC_0RD1LB_1RA0RC	SP	67108756
1RB1RD_0LC1LD_0RD1LC_1RA0LB	SP	89511227
1RB1RD_0LC1LD_1LD1LC_1RA0LB	SP	89735294
1RB1RD_0LC1RA_0RA1LC_1LD0LC	SP	86093407
1RB1RD_0LC1RA_0RB1LC_1LD0LC	SP	38263722
1RB1RD_0LC1RA_1LA1LB_1LC0RA	QH	4
1RB1RD_0LC1RA_1RB1LC_0LB0RB	SP	67108739
1RB1RD_0LC1RA_1RB1LC_0LC0RB	SP	58720086
1RB1RD_0LC1RA_1RB1LC_0LD0RB	SP	67108606
1RB1RD_0LC1RA_1RB1LC_0RB0LA	SP	83885860
1RB1RD_0LC1RA_1RB1LC_0RB0RB	SP	67108732
1RB1RD_0LC1RA_1RB1LC_1LA0RB	SP	67108774
1RB1RD_0LC1RA_1RB1LC_1LC0RB	SP	67108648
1RB1RD_0LC1RA_1RB1LC_1RB0RB	SP	67108690
1RB1RD_0LC1RB_0RA1LD_1LC0RB	SP	67108232
1RB1RD_0LC1RB_0RB1LD_1LC0RA	SP	88426856
1RB1RD_0LC1RB_1LA0RB_1RC1LD	DN	99796549
1RB1RD_0LC1RB_1LA1LD_1LC0RA	SP	88281352
1RB1RD_0LC1RB_1LD0RB_1RA1LC	QH	8
1RB1RD_0LC1RB_1RA1LC_0LB0RB	QH	5
1RB1RD_0LC1RB_1RA1LC_0LC0RB	QH	5
1RB1RD_0LC1RB_1RA1LC_0LD0RB	DN	99816486
1RB1RD_0LC1RB_1RA1LC_0RB0LA	DN	99813304
1RB1RD_0LC1RB_1RA1LC_0RB0RB	QH	5
1RB1RD_0LC1RB_1RA1LC_0RC0RB	QH	5
1RB1RD_0LC1RB_1RA1LC_1LA0RB	QH	5
1RB1RD_0LC1RB_1RA1LC_1LB0RB	QH	0
1RB1RD_0LC1RB_1RA1LC_1LC0RB	QH	0
1RB1RD_0LC1RB_1RA1LC_1RA0RB	QH	5
1RB1RD_0LC1RB_1RA1LC_1RB0RB	QH	0
1RB1RD_0LC1RB_1RA1LC_1RC0RB	DN	99583100
1RB1RD_0LC1RB_1RA1LD_1LC0RB	SP	67107165
1RB1RD_0LC1RB_1RB1LD_1LC0RA	SP	88354018
1RB1RD_0LC1RC_1LB1LA_1LC0RD	SP	83885931
1RB1RD_0LC1RD_1LB1LA_1LC0RD	SP	67108840
1RB1RD_0LC1RD_1RB1LC_1LA0RB	QH	0
1RB1RD_0RC0LA_1LC1LA_0RB0RD	SP	38572565
1RB1RD_0RC0LA_1LC1LA_0RC0RD	QH	1
1RB1RD_0RC0LB_1LD0RA_1LB1RC	SP	67108782
1RB1RD_0RC0LC_1LA0RD_1LC0RB	DN	99999954
1RB1RD_0RC0LC_1LA1LA_1LC0RD	QH	1
1RB1RD_0RC0RA_1LC0LD_1RA0LD	DN	99975405
1RB1RD_0RC0RB_1LC0LA_1LA1LB	SP	89609423
1RB1RD_0RC0RB_1LC0LA_1LB---	SP	89593067
1RB1RD_0RC0RB_1LC0LA_1LD0RB	SP	89593067
1RB1RD_0RC0RC_1LC1LA_0LC0RD	QH	1
1RB1RD_0RC0RC_1LC1LA_0RC0RD	QH	1
1RB1RD_0RC0RC_1LC1LA_1LC0RD	QH	1
1RB1RD_0RC0RD_1LC0LA_0RB0RB	SP	24410076
1RB1RD_0RC0RD_1LC0LA_0RB1LD	SP	63659497
1RB1RD_0RC0RD_1LC0LA_1LB0RB	SP	89593067
1RB1RD_0RC1LA_1LD0RB_0LD1RC	QH	9
1RB1RD_0RC1LB_1LA1RA_1RA0LB	SP	55924059
1RB1RD_0RC1LB_1LA1RD_1RA0LB	SP	89478482
1RB1RD_0RC1LB_1LC1RD_1RA0LB	SP	44739288
1RB1RD_0RC1LB_1LD1RC_1LA0LB	QH	4
1RB1RD_0RC1LD_0LD0LA_1LB0RA	SP	89576749
1RB1RD_0RC1LD_0LD1RC_1LB0RA	SP	89544009
1RB1RD_0RC1LD_1LA0LA_1LB0RA	SP	32357183
1RB1RD_0RC1LD_1LA1RC_1LB0RA	SP	43974136
1RB1RD_0RC1LD_1LB1RC_1RA0LB	QH	18
1RB1RD_0RC1LD_1LC0LA_0RD0RB	SP	32298168
1RB1RD_0RC1LD_1LD0LA_1LB0RA	SP	45723269
1RB1RD_0RC1LD_1LD1RC_1LB0RA	SP	43866235
1RB1RD_0RC1LD_1RD0LA_1LB0RA	SP	32344063
1RB1RD_0RC1LD_1RD1RC_1LB0RA	SP	43974125
1RB1RD_1LB0LC_0RA1LC_1RA0LC	SP	67108716
1RB1RD_1LB0LC_0RA1LC_1RA1LB	SP	86093407
1RB1RD_1LB0LC_0RA1LC_1RA1RB	SP	23914850
1RB1RD_1LB0LC_0RD1LC_1RA0LC	SP	50331488
1RB1RD_1LB0LC_0RD1LC_1RA1RB	SP	53808397
1RB1RD_1LB0LC_1RA1LC_0LC0RA	SP	67108838
1RB1RD_1LB0RC_0RC1LD_1LA0LD	QH	1
1RB1RD_1LB0RC_1LC1LA_0LC0RD	QH	1
1RB1RD_1LB0RC_1LC1LA_0RC0RD	QH	1
1RB1RD_1LB0RC_1LC1LA_1LC0RD	QH	1
1RB1RD_1LB1LC_0RA0LB_1LB1RA	SP	67108810
1RB1RD_1LB1LC_0RA0LC_---1RA	DN	99999990
1RB1RD_1LB1LC_0RA1LB_1RA0LB	SP	67108716
1RB1RD_1LB1LC_0RA1LC_1RA0LC	SP	67108716
1RB1RD_1LB1LC_0RD0LC_1RA1RD	DN	99999981
1RB1RD_1LB1LC_0RD1LC_1RA0LC	SP	50331489
1RB1RD_1LB1RC_0RA1LC_1RA0LC	SP	67108760
1RB1RD_1LB1RC_0RC1LD_1LA0LD	QH	1
1RB1RD_1LB1RC_0RD1LC_1RA0LC	SP	50331531
1RB1RD_1LB1RC_1RA1LD_0RC0LD	QH	7
1RB1RD_1LC---_0RA1LC_1RA0LC	SP	67108716
1RB1RD_1LC---_0RD1LB_0RA0LC	SP	50331498
1RB1RD_1LC---_0RD1LC_1RA0LC	SP	50331489
1RB1RD_1LC0LA_0RA0LC_1RA---	DN	99999991
1RB1RD_1LC0LA_0RB1LA_0RD0LC	DN	99999986
1RB1RD_1LC0LA_0RD0LC_1LA0RB	DN	99999989
1RB1RD_1LC0LA_0RD0LC_1RA---	DN	99999985
1RB1RD_1LC0LA_0RD1LA_0RB0LC	DN	99999981
1RB1RD_1LC0LA_1LC1LA_0RC0RD	QH	1
1RB1RD_1LC0LA_1RB1LA_0RD0LC	DN	99999991
1RB1RD_1LC0LA_1RD0LB_0RA1RC	SP	52336827
1RB1RD_1LC0LB_0LA1RA_1LB0RD	DN	99995382
1RB1RD_1LC0LB_0RD0LB_1RA1RC	DN	99981552
1RB1RD_1LC0LB_1RA0LB_0RD0LA	DN	99999992
1RB1RD_1LC0LB_1RA0LB_0RD1LB	QH	0
1RB1RD_1LC0LB_1RA0LB_0RD1RB	QH	0
1RB1RD_1LC0LB_1RA0LD_0RB1RB	QH	0
1RB1RD_1LC0LB_1RA0LD_0RD1LB	QH	0
1RB1RD_1LC0LB_1RA0LD_1RD1RB	QH	0
1RB1RD_1LC0LB_1RA0RD_0RD1LB	QH	0
1RB1RD_1LC0LB_1RA1LA_0RD0LA	DN	99999987
1RB1RD_1LC0LB_1RA1LA_0RD1LB	QH	2
1RB1RD_1LC0LB_1RA1LB_0RD0RC	QH	0
1RB1RD_1LC0LB_1RA1LB_0RD1LB	QH	0
1RB1RD_1LC0LB_1RA1LB_0RD1LC	QH	0
1RB1RD_1LC0LB_1RA1LC_0RB1RB	QH	0
1RB1RD_1LC0LB_1RA1LC_0RD1LB	QH	0
1RB1RD_1LC0LB_1RA1LC_1RD1RB	QH	0
1RB1RD_1LC0LB_1RA1LD_0RD1LB	QH	0
1RB1RD_1LC0LB_1RA1RD_0RD1LB	QH	0
1RB1RD_1LC0LB_1RD1LB_1RA0RD	DN	99982560
1RB1RD_1LC0LC_0RA1LC_1RA1LB	SP	43046657
1RB1RD_1LC0LC_0RD1LB_0RC1RA	SP	67108756
1RB1RD_1LC0LC_1RA0LB_0RD0LA	DN	99999992
1RB1RD_1LC0LD_0RA0LB_1RA1RC	SP	33505393
1RB1RD_1LC0LD_0RA1LB_0LC1RC	DN	99986310
1RB1RD_1LC0LD_1RD0LB_0RA1RC	DN	99981801
1RB1RD_1LC0RA_0RA0LB_1LA1RA	SP	89429351
1RB1RD_1LC0RA_0RA0LB_1RA---	SP	89413019
1RB1RD_1LC0RA_0RD0LB_1RA0LD	SP	50282677
1RB1RD_1LC0RA_0RD0LB_1RA0RD	SP	50331629
1RB1RD_1LC0RA_0RD0LB_1RA1LD	SP	34911614
1RB1RD_1LC0RA_0RD0LB_1RA1RD	SP	89413019
1RB1RD_1LC0RA_1LA0LB_0LB1RC	DN	99988760
1RB1RD_1LC0RA_1LA0LB_0RB1LC	DN	99992670
1RB1RD_1LC0RA_1LA0LB_0RB1RC	DN	99977798
1RB1RD_1LC0RA_1LA0LB_1LA1RA	SP	34881044
1RB1RD_1LC0RA_1LA0LB_1RA---	SP	34870874
1RB1RD_1LC0RA_1LA0LB_1RB0LC	DN	99994257
1RB1RD_1LC0RA_1LA0LB_1RB0RC	DN	99964710
1RB1RD_1LC0RA_1LA0LB_1RB1LC	DN	99955533
1RB1RD_1LC0RA_1LA0LB_1RB1RC	DN	99962595
1RB1RD_1LC0RA_1LA1LB_0LC1RD	SP	50331298
1RB1RD_1LC0RA_1LA1LC_0LB0LC	SP	77165908
1RB1RD_1LC0RA_1LD0LB_1RA0RB	DN	99999968
1RB1RD_1LC0RA_1LD0LB_1RA0RC	SP	68435341
1RB1RD_1LC0RA_1LD0LB_1RA0RD	SP	50331651
1RB1RD_1LC0RA_1LD0LB_1RA1LB	SP	34870894
1RB1RD_1LC0RA_1LD0LB_1RA1RB	SP	89347779
1RB1RD_1LC0RA_1LD0LB_1RA1RD	SP	50233566
1RB1RD_1LC0RA_1LD0LB_1RB0LA	DN	99979852
1RB1RD_1LC0RA_1LD0LB_1RB0LB	DN	99997994
1RB1RD_1LC0RA_1LD0LB_1RB1LB	DN	99955547
1RB1RD_1LC0RA_1LD0LC_0RB0LA	DN	99999976
1RB1RD_1LC0RA_1LD0LC_0RB1LC	SP	83886025
1RB1RD_1LC0RA_1LD0RD_1RB0LB	DN	99999988
1RB1RD_1LC0RA_1LD1LB_0RB0RA	SP	50331642
1RB1RD_1LC0RA_1LD1LB_1RB0RA	SP	34921840
1RB1RD_1LC0RA_1RA0LB_0LD1RC	SP	34942229
1RB1RD_1LC0RA_1RA0LB_1LA1RA	SP	34921764
1RB1RD_1LC0RA_1RA0LB_1RA---	SP	34911594
1RB1RD_1LC0RA_1RD0LB_1RA0RD	SP	50331629
1RB1RD_1LC0RA_1RD0LB_1RA1LB	SP	89413041
1RB1RD_1LC0RA_1RD0LB_1RA1RB	SP	50282655
1RB1RD_1LC0RA_1RD0LB_1RA1RD	SP	34911594
1RB1RD_1LC0RA_1RD1LB_0LC0RD	QH	0
1RB1RD_1LC0RB_0LC0RA_1LA1LD	DN	99999986
1RB1RD_1LC0RB_0LC1RD_0RB0LA	QH	0
1RB1RD_1LC0RB_0LC1RD_1LA0RB	QH	0
1RB1RD_1LC0RB_0RA0LB_1RA0RA	SP	27925250
1RB1RD_1LC0RC_0RB1LD_1LA0LD	DN	99999990
1RB1RD_1LC0RC_0RC1LD_1LA0LD	QH	1
1RB1RD_1LC0RC_0RD1LD_1RA0LB	DN	99999971
1RB1RD_1LC0RC_1LB1LA_1LB0RD	SP	25196452
1RB1RD_1LC0RC_1LC1LA_0LB0RD	DN	99305938
1RB1RD_1LC0RC_1LC1LA_0LC0RD	QH	1
1RB1RD_1LC0RC_1LC1LA_0RC0RD	QH	1
1RB1RD_1LC0RC_1LC1LA_1LC0RD	QH	1
1RB1RD_1LC0RC_1RA0LD_1RC0LB	SP	25657940
1RB1RD_1LC0RD_0LB1RA_1LB0RB	QH	0
1RB1RD_1LC0RD_0LC1RD_0RB0LA	QH	0
1RB1RD_1LC0RD_0LD1LC_0RA1LC	DN	99806889
1RB1RD_1LC0RD_0RA0LC_1LD1RA	DN	99999977
1RB1RD_1LC0RD_0RB1LA_0LC0LA	DN	99999977
1RB1RD_1LC0RD_1LA1LB_0LB1RA	SP	50331464
1RB1RD_1LC0RD_1LA1LB_0LB1RD	SP	50331387
1RB1RD_1LC0RD_1LA1LB_0LC1RD	SP	50331298
1RB1RD_1LC0RD_1LA1LD_1RA0LC	DN	99961035
1RB1RD_1LC0RD_1LB1RA_0RB0LB	QH	0
1RB1RD_1LC0RD_1LC1RA_0RB0LB	QH	0
1RB1RD_1LC0RD_1RA1LB_0LB0RA	QH	0
1RB1RD_1LC0RD_1RA1LB_0LB1RD	QH	0
1RB1RD_1LC0RD_1RA1LB_0LC1RD	QH	0
1RB1RD_1LC0RD_1RB1LA_0RD0LC	DN	99999982
1RB1RD_1LC0RD_1RB1LB_0LB0RA	QH	0
1RB1RD_1LC0RD_1RD1LB_0LB1RA	SP	67108764
1RB1RD_1LC1LA_0LB0RA_1LB0RD	DN	99999983
1RB1RD_1LC1LA_0LB0RB_1LB0RD	DN	99999986
1RB1RD_1LC1LA_0LB1RA_1LB0RD	QH	13
1RB1RD_1LC1LA_0LB1RB_1LB0RD	SP	83886055
1RB1RD_1LC1LA_0LB1RD_1LB0RD	SP	67108883
1RB1RD_1LC1LA_0LC1RB_1LB0RD	QH	0
1RB1RD_1LC1LA_0LC1RB_1LC0RD	QH	0
1RB1RD_1LC1LA_0RA0LB_1RA0RA	SP	33497206
1RB1RD_1LC1LA_0RA0LC_---1RA	DN	99999991
1RB1RD_1LC1LA_0RA1LB_0LB0RA	SP	50331618
1RB1RD_1LC1LA_0RA1LB_1RB0RA	SP	89445672
1RB1RD_1LC1LA_0RA1LB_1RC0RA	SP	34921778
1RB1RD_1LC1LA_0RB0LC_0RD0LA	DN	99999987
1RB1RD_1LC1LA_1LA0LB_1RA0RA	SP	52296114
1RB1RD_1LC1LA_1LA1LB_0LB0RA	SP	34911624
1RB1RD_1LC1LA_1LA1LB_0RC0RA	SP	68406798
1RB1RD_1LC1LA_1LA1LB_1RB0RA	SP	50258008
1RB1RD_1LC1LA_1LA1LB_1RC0RA	SP	68406778
1RB1RD_1LC1LA_1LD1LB_0RB0RA	SP	34911648
1RB1RD_1LC1LA_1LD1LB_1RB0RA	SP	50258008
1RB1RD_1LC1LA_1RA0LB_1RA0RA	SP	75338106
1RB1RD_1LC1LA_1RA1LB_0LB0RA	SP	50331596
1RB1RD_1LC1LA_1RA1LB_0LB0RD	QH	0
1RB1RD_1LC1LA_1RA1LB_0RC0RA	SP	50270248
1RB1RD_1LC1LA_1RA1LB_1RB0RA	SP	89445650
1RB1RD_1LC1LA_1RA1LB_1RC0RA	SP	50270228
1RB1RD_1LC1LA_1RC1LB_0LB0RA	SP	34911644
1RB1RD_1LC1LA_1RC1LB_1RB0RA	SP	50258028
1RB1RD_1LC1LA_1RD1LB_0LC0RD	QH	23
1RB1RD_1LC1LB_0LA0RA_1LB1RA	SP	44673845
1RB1RD_1LC1LB_0LD0LB_0RD0RA	DN	99999972
1RB1RD_1LC1LB_0LD0LB_1RD0RA	DN	99982511
1RB1RD_1LC1LB_0RA0LB_1LD0RA	DN	99999986
1RB1RD_1LC1LB_0RC0RA_1LB1RA	SP	44739250
1RB1RD_1LC1LB_0RD0LB_---0RA	DN	99999988
1RB1RD_1LC1LB_0RD0RA_1LB1RA	SP	25141275
1RB1RD_1LC1LB_0RD1RC_1LA0RA	SP	89494834
1RB1RD_1LC1LB_1LD0LB_0RD0RA	DN	99999984
1RB1RD_1LC1LB_1LD0LB_1RD0RA	DN	99970952
1RB1RD_1LC1LB_1RA0LB_0RA0RD	DN	99971005
1RB1RD_1LC1LB_1RA0LB_0RB0LD	QH	0
1RB1RD_1LC1LB_1RA0LB_0RC0RD	DN	99975056
1RB1RD_1LC1LB_1RA0LB_1RA0RC	SP	26832572
1RB1RD_1LC1LB_1RA0LB_1RD0RC	SP	47750991
1RB1RD_1LC1LB_1RA0RA_1LB1RA	SP	34139184
1RB1RD_1LC1LB_1RA1LA_0LB0RD	QH	3
1RB1RD_1LC1LB_1RC0RA_1LB1RA	SP	44739250
1RB1RD_1LC1LB_1RD0RA_1LB1RA	SP	44673805
1RB1RD_1LC1LB_1RD1RC_0LB0RA	SP	20877192
1RB1RD_1LC1LC_0RA0LB_1LB1RA	SP	44739155
1RB1RD_1LC1LC_0RA1LB_1RA0LB	SP	89478444
1RB1RD_1LC1LD_0LD1LC_1RA0LB	SP	16849511
1RB1RD_1LC1LD_0RA1LC_1RA0LB	SP	52563436
1RB1RD_1LC1LD_0RB1LC_1RA0LB	SP	34921858
1RB1RD_1LC1LD_0RD0LC_1RA0RB	DN	99999945
1RB1RD_1LC1LD_1RA0LD_1LB0RA	DN	99993687
1RB1RD_1LC1LD_1RA1LC_1RA0LB	SP	34911644
1RB1RD_1LC1LD_1RD0RA_0LB1RC	SP	55801542
1RB1RD_1LC1LD_1RD1LC_1RA0LB	SP	57465516
1RB1RD_1LC1RA_0RA1LC_0LB0LC	SP	75496952
1RB1RD_1LC1RA_0RA1LC_1LD0LC	SP	43046657
1RB1RD_1LC1RA_0RA1LC_1RB0LC	SP	83885641
1RB1RD_1LC1RA_0RB0LC_0LB---	SP	50331589
1RB1RD_1LC1RA_0RB0LC_0LC---	QH	7
1RB1RD_1LC1RA_0RB0LC_0LD0LB	QH	7
1RB1RD_1LC1RA_0RB0LC_0LD0LC	QH	7
1RB1RD_1LC1RA_0RB0LC_0LD0RB	QH	7
1RB1RD_1LC1RA_0RB0LC_0LD0RC	QH	7
1RB1RD_1LC1RA_0RB0LC_0LD1RA	SP	50331589
1RB1RD_1LC1RA_0RB0LC_0LD1RB	QH	7
1RB1RD_1LC1RA_0RB0LC_0LD1RC	QH	7
1RB1RD_1LC1RA_0RB0LC_0RB---	QH	7
1RB1RD_1LC1RA_0RB0LC_0RC---	QH	7
1RB1RD_1LC1RA_0RB0LC_1LA0LB	SP	50331632
1RB1RD_1LC1RA_0RB0LC_1LA0LC	QH	8
1RB1RD_1LC1RA_0RB0LC_1LA0RB	QH	8
1RB1RD_1LC1RA_0RB0LC_1LA0RC	QH	8
1RB1RD_1LC1RA_0RB0LC_1LA0RD	SP	67108879
1RB1RD_1LC1RA_0RB0LC_1LA1LC	QH	8
1RB1RD_1LC1RA_0RB0LC_1LA1RA	QH	8
1RB1RD_1LC1RA_0RB0LC_1LA1RB	SP	50331590
1RB1RD_1LC1RA_0RB0LC_1LA1RC	QH	8
1RB1RD_1LC1RA_0RB0LC_1LC---	QH	7
1RB1RD_1LC1RA_0RB0LC_1LD0LB	QH	7
1RB1RD_1LC1RA_0RB0LC_1LD0LC	QH	7
1RB1RD_1LC1RA_0RB0LC_1LD0RB	QH	7
1RB1RD_1LC1RA_0RB0LC_1LD0RC	QH	7
1RB1RD_1LC1RA_0RB0LC_1LD1LC	QH	8
1RB1RD_1LC1RA_0RB0LC_1LD1RB	QH	7
1RB1RD_1LC1RA_0RB0LC_1LD1RC	QH	7
1RB1RD_1LC1RA_0RB0LC_1RA---	QH	7
1RB1RD_1LC1RA_0RB0LC_1RB---	SP	50331547
1RB1RD_1LC1RA_0RB0LC_1RC---	QH	7
1RB1RD_1LC1RA_0RB0LD_0LB0LC	SP	33554377
1RB1RD_1LC1RA_0RB1LC_0LB0LC	SP	88079849
1RB1RD_1LC1RA_0RB1LC_1LD0LC	SP	57395554
1RB1RD_1LC1RA_0RB1LC_1RB0LC	SP	50331213
1RB1RD_1LC1RA_0RD0LC_0RB1LA	SP	89478503
1RB1RD_1LC1RA_0RD0LC_1RA---	QH	5
1RB1RD_1LC1RA_0RD1LC_1RB0LC	SP	67108428
1RB1RD_1LC1RA_1LD0LC_0RA0LA	DN	99999987
1RB1RD_1LC1RA_1LD0LC_0RA0RB	DN	99999967
1RB1RD_1LC1RA_1LD0LC_0RA1LB	DN	99999988
1RB1RD_1LC1RA_1LD1LB_0RB0RA	SP	89413032
1RB1RD_1LC1RA_1RA1LC_1RA0RB	DN	99999989
1RB1RD_1LC1RA_1RB1LD_1RB0LC	SP	69751942
1RB1RD_1LC1RA_1RD0LC_1LD0RB	QH	7
1RB1RD_1LC1RB_0LC1LA_0RB0RD	DN	99999956
1RB1RD_1LC1RB_0RA0LD_0RB1LD	QH	0
1RB1RD_1LC1RB_0RA1LD_1RA0LC	SP	83887009
1RB1RD_1LC1RB_0RB1LD_1LC0RA	SP	89478496
1RB1RD_1LC1RB_0RB1LD_1RA0LC	QH	0
1RB1RD_1LC1RB_0RD1LD_0LB0RA	SP	33546274
1RB1RD_1LC1RB_1LA1LD_1LC0RA	SP	89413019
1RB1RD_1LC1RB_1LB1LA_1LC0RD	SP	44722848
1RB1RD_1LC1RB_1LC1LA_0LB0RD	DN	99664600
1RB1RD_1LC1RB_1RA0LB_0RA0RD	DN	99942564
1RB1RD_1LC1RB_1RA0LD_0RB1LD	QH	0
1RB1RD_1LC1RB_1RA1LC_0LB0RB	QH	0
1RB1RD_1LC1RB_1RA1LC_0LC0RB	QH	0
1RB1RD_1LC1RB_1RA1LC_1LB0RB	QH	0
1RB1RD_1LC1RB_1RA1LC_1LC0RB	QH	0
1RB1RD_1LC1RB_1RA1LC_1RA0RB	SP	34911639
1RB1RD_1LC1RB_1RA1LC_1RB0RB	QH	0
1RB1RD_1LC1RB_1RA1LC_1RC0RB	SP	50258063
1RB1RD_1LC1RB_1RB1LD_1LC0RA	SP	50331607
1RB1RD_1LC1RB_1RD1LD_0LB0RA	SP	75411650
1RB1RD_1LC1RC_0RA0LB_1LD1LB	DN	99999980
1RB1RD_1LC1RC_1LA0LC_0RD0LA	DN	99999985
1RB1RD_1LC1RD_0LB1LA_1LB0RD	SP	50331537
1RB1RD_1LC1RD_0RB0LC_1RB0LA	QH	0
1RB1RD_1LC1RD_0RD0LC_1LC1RA	QH	7
1RB1RD_1LC1RD_0RD0LC_1RA---	SP	50331524
1RB1RD_1LC1RD_1LA0LB_0RA0RC	SP	15038184
1RB1RD_1LC1RD_1LA0LB_0RB0RC	SP	69853813
1RB1RD_1LC1RD_1LA0LC_0RD1LC	QH	1
1RB1RD_1LC1RD_1RD0LB_0RA1RC	SP	10064281
1RB1RD_1RC---_1LD0RB_1RA0LC	SP	68406824
1RB1RD_1RC---_1LD1RA_0RB0LD	QH	12
1RB1RD_1RC0LA_1LC1LA_0RC0RD	QH	1
1RB1RD_1RC0LA_1LD1RB_0RB0LD	QH	0
1RB1RD_1RC0LB_1LD0RC_1RA1LB	DN	99999986
1RB1RD_1RC0LC_1LA1LA_1LC0RD	QH	1
1RB1RD_1RC0LC_1LC1LA_0LB0RD	DN	99999988
1RB1RD_1RC0LC_1LD1RA_0RC0LD	QH	10
1RB1RD_1RC0LD_1LA0RC_0LA1LD	QH	3
1RB1RD_1RC0LD_1LA1RB_0RB1LD	QH	0
1RB1RD_1RC0LD_1LA1RB_0RC1LD	QH	0
1RB1RD_1RC0RA_0LC1LB_1LC0RD	QH	0
1RB1RD_1RC0RA_0LC1LD_1RA0LB	SP	52377641
1RB1RD_1RC0RA_1LA0LD_1RA1LC	DN	99961083
1RB1RD_1RC0RA_1LA1LC_0LB0LC	SP	77215796
1RB1RD_1RC0RA_1LD0LB_1RA0LC	SP	34132108
1RB1RD_1RC0RA_1LD0LC_0RB1LC	SP	47934864
1RB1RD_1RC0RB_1LD0RA_1RA0LC	SP	68406824
1RB1RD_1RC0RB_1LD1RA_0RC0LD	QH	10
1RB1RD_1RC0RC_1LC1LA_0LC0RD	QH	1
1RB1RD_1RC0RC_1LC1LA_0RC0RD	QH	1
1RB1RD_1RC0RC_1LC1LA_1LC0RD	QH	1
1RB1RD_1RC0RD_0LD1LC_0RA1LC	DN	99807557
1RB1RD_1RC1LA_0LB0RC_0LA1LD	DN	99999985
1RB1RD_1RC1LA_1LD1RB_0RB0LD	QH	0
1RB1RD_1RC1LB_0LA0RD_0LB1RD	QH	0
1RB1RD_1RC1LB_0LA1RD_0LB0RC	SP	67108837
1RB1RD_1RC1LB_0LB1RA_0LB0RC	QH	8
1RB1RD_1RC1LB_0LB1RA_0LC0RC	QH	24
1RB1RD_1RC1LB_0LB1RA_0LD0RC	QH	8
1RB1RD_1RC1LB_0LB1RA_0RB0RC	QH	8
1RB1RD_1RC1LB_0LB1RA_0RC0LA	SP	83885937
1RB1RD_1RC1LB_0LB1RA_0RC0RC	QH	8
1RB1RD_1RC1LB_0LB1RA_1LA0RC	QH	8
1RB1RD_1RC1LB_0LB1RA_1LB0RC	QH	8
1RB1RD_1RC1LB_0LB1RA_1LD0RC	QH	8
1RB1RD_1RC1LB_0LB1RA_1RA0RC	QH	8
1RB1RD_1RC1LB_0LB1RA_1RB0RC	QH	22
1RB1RD_1RC1LB_0LB1RA_1RC0RC	QH	8
1RB1RD_1RC1LB_0LB1RD_1LA0RC	QH	0
1RB1RD_1RC1LB_0LD1RA_1LB0RC	SP	58720247
1RB1RD_1RC1LB_1LA0RD_0LB1RD	QH	0
1RB1RD_1RC1LB_1LA1RA_0LB0RC	SP	67108526
1RB1RD_1RC1LB_1LA1RA_1RA0RC	DN	99999977
1RB1RD_1RC1LB_1LA1RD_0LB0RC	QH	3
1RB1RD_1RC1LB_1LB1RD_0LB0RA	SP	89478432
1RB1RD_1RC1LB_1LD1RD_0LB0RA	SP	89478528
1RB1RD_1RC1LB_1RD1RD_0LB0RA	SP	89478456
1RB1RD_1RC1LC_0RD0LB_1LD0LA	SP	58893629
1RB1RD_1RC1LC_1LB0RD_0LC0RA	QH	0
1RB1RD_1RC1LD_0LB0RC_1LB0LA	QH	5
1RB1RD_1RC1LD_0LB0RC_1LB0RA	QH	0
1RB1RD_1RC1LD_0LD0RC_1LB0LA	QH	0
1RB1RD_1RC1LD_1LD1RC_1LB0RA	SP	32311281
1RB1RD_1RC1RA_0LA0LD_1LA1LC	SP	89413031
1RB1RD_1RC1RA_0LA0RB_1LD0LC	SP	33513700
1RB1RD_1RC1RA_0LC1LB_1LC0RD	QH	0
1RB1RD_1RC1RA_1LA0LD_1LA1LC	SP	34891181
1RB1RD_1RC1RA_1LD0LC_0RA0LC	DN	99981569
1RB1RD_1RC1RB_1LD1RA_0RC0LD	QH	10
1RB1RD_1RC1RD_1LA0LC_0RD1LC	QH	1
1RB1RD_1RC1RD_1LD0LC_0RA0LC	DN	99967087
