0RA---_------_------_------	CBT_RW_00
0RB---_0LA---_------_------	CBT_RW_00
0RB---_0LC---_0LA---_------	CBT_RW_00
0RB---_0LC---_0RA---_------	CBT_RW_00
0RB---_0LC---_0RB---_------	CBT_QC_00
0RB---_0LC---_1RA---_------	CBT_RW_00
0RB---_0LC0RA_0LD1LC_1RA1RB	CBT_DX2_00
0RB---_0LC0RA_0LD1RA_1RB1LC	CBT_DX2_00
0RB---_0LC0RC_0LD1RC_1RB1LD	CBT_QS_00
0RB---_0LC0RD_1RB1LC_0LC1RD	CBT_QS_00
0RB---_0LC1RB_0LD0RA_1RA1LC	CBT_DX2_00
0RB---_0LC1RB_1LD0RB_1LA1LC	CBT_SP_27
0RB---_0LC1RB_1RD1LC_0LB0RB	CBT_QS_00
0RB---_0LC1RB_1RD1LC_0LC0RB	CBT_QS_00
0RB---_0LC1RB_1RD1LC_1LB0RB	CBT_QS_00
0RB---_0LC1RB_1RD1LC_1LC0RB	CBT_QS_00
0RB---_0LC1RB_1RD1LC_1RB0RB	CBT_QS_00
0RB---_0RA---_------_------	CBT_RW_00
0RB---_0RC---_0LA---_------	CBT_RW_00
0RB---_0RC---_0LB---_------	CBT_QH_00
0RB---_0RC---_0RA---_------	CBT_RW_00
0RB---_0RC---_1RA---_------	CBT_BX_00
0RB---_0RC0LC_0RD1LC_1LB1RD	CBT_QS_00
0RB---_0RC0LD_1LB1RC_0RC1LD	CBT_QS_00
0RB---_0RC1LB_1LD1RC_0RB0LB	CBT_QS_00
0RB---_0RC1LB_1LD1RC_0RC0LB	CBT_QS_00
0RB---_0RC1LB_1LD1RC_1LB0LB	CBT_QS_00
0RB---_0RC1LB_1LD1RC_1RB0LB	CBT_QS_00
0RB---_0RC1LB_1LD1RC_1RC0LB	CBT_QS_00
0RB---_1LA0LA_------_------	CBT_RW_00
0RB---_1LA0LB_------_------	CBT_RW_00
0RB---_1LA0LC_0RD1LB_1LC1RD	CBT_SP_27
0RB---_1LA0RA_------_------	CBT_RW_00
0RB---_1LA0RB_------_------	CBT_RW_00
0RB---_1LA1LA_------_------	CBT_QC_00
0RB---_1LA1LB_------_------	CBT_RW_00
0RB---_1LA1LC_0RD0LB_1LB1RD	CBT_SP_27
0RB---_1LA1RA_------_------	CBT_RW_00
0RB---_1LA1RC_0LD0RB_1RB1LD	CBT_SP_27
0RB---_1LA1RC_1LD0RC_0LD1LA	CBT_QC_09
0RB---_1LC---_0LA---_------	CBT_RW_00
0RB---_1LC0LA_1RD1LB_0LC0RD	CBT_QE_00
0RB---_1LC0LC_0RD1LC_1LB1RD	CBT_QS_00
0RB---_1LC0RC_0LD0LA_1RA1LB	CBT_RW_00
0RB---_1LC0RC_0LD1RC_1RB1LD	CBT_QS_00
0RB---_1LC0RD_1LD1LB_1RB0LC	CBT_DXQ_00
0RB---_1LC0RD_1RB1LC_0LC1RD	CBT_QS_00
0RB---_1LC0RD_1RD0LB_1RB1RC	CBT_DXQ_00
0RB---_1LC1LB_1RD1LA_0LB0RD	CBT_DX2_00
0RB---_1LC1LD_1RD0LB_1LB0RC	CBT_DXQ_00
0RB---_1LC1RA_0LD---_0RA0LC	CBT_DX2_00
0RB---_1LC1RA_0LD1RB_1RD0LC	CBT_QC_09
0RB---_1LC1RB_0RB0LD_0RB1LD	CBT_QS_00
0RB---_1LC1RB_0RB1LD_0LA0LC	CBT_SP_27
0RB---_1LC1RB_0RD0LD_0RB1LD	CBT_QS_00
0RB---_1LC1RB_1LA1LD_0RB0LC	CBT_SP_27
0RB---_1LC1RB_1LD0LD_0RB1LD	CBT_QS_01
0RB---_1LC1RB_1RB0LD_0RB1LD	CBT_QS_01
0RB---_1LC1RB_1RD0LD_0RB1LD	CBT_QS_01
0RB---_1LC1RD_1LA1LB_0LB0RD	CBT_DX2_00
0RB---_1RA---_------_------	CBT_RW_00
0RB---_1RC---_0RA---_------	CBT_BX_00
0RB---_1RC---_1LD0RC_0LD0LA	CBT_DX2_00
0RB---_1RC---_1RA---_------	CBT_BX_00
0RB---_1RC0LA_1LD0RC_0LD1LA	CBT_DX2_00
0RB---_1RC0LC_0RD1LC_1LB1RD	CBT_QS_01
0RB---_1RC0LD_1LB1RC_0RC1LD	CBT_QS_01
0RB---_1RC0LD_1LD0RB_1LB1LC	CBT_DXQ_00
0RB---_1RC0LD_1RD1RB_1LB0RC	CBT_DXQ_00
0RB---_1RC0RB_1LD1RB_1LA0LD	CBT_DX2_00
0RB---_1RC0RC_0LD1RC_1RB1LD	CBT_QS_00
0RB---_1RC1LB_0LB0RD_0LB1RD	CBT_QS_01
0RB---_1RC1LB_0LD0RD_0LB1RD	CBT_QS_01
0RB---_1RC1LB_1LB0RD_0LB1RD	CBT_QS_01
0RB---_1RC1LB_1LD0RD_0LB1RD	CBT_QS_01
0RB---_1RC1LB_1RD0RD_0LB1RD	CBT_QS_01
0RB---_1RC1LD_0LD0RC_1LB1LA	CBT_SP_27
0RB---_1RC1RC_1LD0RC_0LD1LA	CBT_QC_09
0RB---_1RC1RD_0LC1LA_1LC0RD	CBT_QC_09
0RB---_1RC1RD_1LD0RB_1RB0LC	CBT_DXQ_00
0RB0LA_0LC0RD_1LA1LC_1RB1LD	CBT_AST_10
0RB0LA_0LC0RD_1LA1LC_1RC1RD	CBT_CE3_00
0RB0LA_0LC0RD_1LA1RD_1RC---	CBT_DX2_00
0RB0LA_0LC1RD_0RD1LC_1LA1RB	CBT_CE_00
0RB0LA_0RC1LD_1LA1RD_1RC---	CBT_DX2_00
0RB0LA_0RC1RB_0LD1RC_1LA1LD	CBT_LE4_05
0RB0LA_0RC1RB_1LD---_1LA---	CBT_DX2_00
0RB0LA_0RC1RC_1LD0LD_1LA1RB	CBT_CE2_08
0RB0LA_0RC1RC_1LD1RB_1LA---	CBT_DX2_00
0RB0LA_0RC1RC_1LD1RD_1LA1RB	CBT_CE2_03
0RB0LA_0RC1RD_1LA1LC_0LC1RB	CBT_LE4_06
0RB0LA_0RC1RD_1LD---_1LA1RB	CBT_DX2_00
0RB0LA_1LA0LC_0RD1LC_1RB1RD	CBT_CE3_00
0RB0LA_1LA0RC_0LD1RC_1RB1LD	CBT_CE3_01
0RB0LA_1LA0RC_1LD---_1RD1RB	CBT_DX2_00
0RB0LA_1LA0RC_1LD1RB_1RC---	CBT_DX2_00
0RB0LA_1LA0RC_1LD1RB_1RD1RC	CBT_DX2_00
0RB0LA_1LA1LC_0RD0LC_1RD1RB	CBT_CE3_00
0RB0LA_1LA1LC_0RD1LB_1RB1RD	CBT_CE3_00
0RB0LA_1LA1LC_0RD1LC_1RB1RD	CBT_CE3_00
0RB0LA_1LA1LC_0RD1RD_1LB1RC	CBT_DX2_00
0RB0LA_1LA1RC_0LC1RD_1RB---	CBT_DX2_00
0RB0LA_1LA1RC_0LD---_1RB1RD	CBT_DX2_00
0RB0LA_1LA1RC_0LD0RC_1LD1RB	CBT_CE3_01
0RB0LA_1LA1RC_0LD1RB_0RC1LD	CBT_CE_00
0RB0LA_1LA1RC_0RD1RB_0LB1LB	CBT_NG_01
0RB0LA_1LA1RC_0RD1RB_1LB---	CBT_DX2_00
0RB0LA_1LA1RC_0RD1RC_0LB1LB	CBT_NG_01
0RB0LA_1LA1RC_0RD1RC_1LB---	CBT_DX2_00
0RB0LA_1LA1RC_0RD1RD_1LB0LB	CBT_CE2_08
0RB0LA_1LA1RC_0RD1RD_1LB1RB	CBT_CE2_03
0RB0LA_1LA1RC_0RD1RD_1LB1RC	CBT_DX2_00
0RB0LA_1LA1RC_1LA1RD_1RB---	CBT_CE2_03
0RB0LA_1LA1RC_1LA1RD_1RC---	CBT_DX2_00
0RB0LA_1LA1RC_1LB1LD_0RC1RD	CBT_DX2_00
0RB0LA_1LA1RC_1LB1RD_1RB---	CBT_DX2_00
0RB0LA_1LA1RC_1LC1RD_---1RB	CBT_DX2_00
0RB0LA_1LA1RC_1LD---_1RB1RD	CBT_DX2_00
0RB0LA_1LA1RC_1LD1RB_0RB1LD	CBT_CE3_00
0RB0LA_1LA1RC_1LD1RB_0RC1LD	CBT_CE3_00
0RB0LA_1LA1RC_1LD1RD_1RB1LA	CBT_NG_01
0RB0LA_1LA1RC_1RB---_------	CBT_CE_00
0RB0LA_1LA1RC_1RD---_0LD1RB	CBT_CE2_03
0RB0LA_1LA1RC_1RD---_1LA1RB	CBT_CE2_03
0RB0LA_1LA1RC_1RD---_1LA1RC	CBT_DX2_00
0RB0LA_1LA1RC_1RD---_1RB---	CBT_DX2_00
0RB0LA_1LA1RC_1RD0RD_1LB1RB	CBT_CE_04
0RB0LA_1LA1RC_1RD1RB_1LB---	CBT_DX2_00
0RB0LA_1LC---_0RD1LA_1RB1RD	CBT_DX2_00
0RB0LA_1LC0LC_0RD1LA_1RD1RB	CBT_CE2_07
0RB0LA_1LC0RA_1LD---_1RB0LC	CBT_DX2_00
0RB0LA_1LC0RC_1LA1RD_0RB1RC	CBT_DX2_00
0RB0LA_1LC0RC_1LA1RD_1RB1RC	CBT_DX2_00
0RB0LA_1LC0RC_1LA1RD_1RC---	CBT_DX2_00
0RB0LA_1LC0RC_1LD1RB_1LA0LD	CBT_NG_01
0RB0LA_1LC0RD_1LA0LB_1RC1RD	CBT_NG_01
0RB0LA_1LC0RD_1LA0LC_1RB1RD	CBT_NG_01
0RB0LA_1LC0RD_1LA1LC_1RC1RD	CBT_CE3_00
0RB0LA_1LC0RD_1LA1LD_1RB0LC	CBT_LE3_01
0RB0LA_1LC0RD_1LA1RB_0LA1RC	CBT_SPB_00
0RB0LA_1LC0RD_1LA1RB_1LB1RC	CBT_SPB_00
0RB0LA_1LC0RD_1LA1RB_1LC1RC	CBT_SPB_00
0RB0LA_1LC0RD_1LA1RB_1RA1RC	CBT_SPB_00
0RB0LA_1LC0RD_1LA1RB_1RC1RC	CBT_SPB_00
0RB0LA_1LC0RD_1LA1RB_1RC1RD	CBT_NG_01
0RB0LA_1LC0RD_1LA1RD_0LB1RC	CBT_NG_00
0RB0LA_1LC0RD_1LA1RD_0LD1RC	CBT_NG_01
0RB0LA_1LC0RD_1LA1RD_1LA1RC	CBT_NG_01
0RB0LA_1LC0RD_1LD0LC_1RB1RA	CBT_DX1_00
0RB0LA_1LC1LD_0RD1RC_1LA1RB	CBT_DX2_00
0RB0LA_1LC1LD_1RD0RD_1LA0RC	CBT_HY3_03
0RB0LA_1LC1RB_0LD1LA_1RA0RA	CBT_NG_01
0RB0LA_1LC1RB_0LD1LA_1RA0RC	CBT_NG_01
0RB0LA_1LC1RB_0LD1LA_1RD1RA	CBT_CE2_19
0RB0LA_1LC1RB_0LD1LD_0RA0LA	CBT_NG_01
0RB0LA_1LC1RB_0RB1LD_0RA1LA	CBT_NG_01
0RB0LA_1LC1RB_0RB1LD_0RB1LA	CBT_NG_01
0RB0LA_1LC1RB_0RB1LD_0RD1LA	CBT_NG_01
0RB0LA_1LC1RB_0RD0LC_1RD1LA	CBT_DX2_00
0RB0LA_1LC1RB_0RD1LD_0RA1LA	CBT_NG_01
0RB0LA_1LC1RB_0RD1LD_0RB1LA	CBT_NG_01
0RB0LA_1LC1RB_0RD1LD_0RD1LA	CBT_NG_01
0RB0LA_1LC1RB_1LA0RD_0RA1RC	CBT_BR_00
0RB0LA_1LC1RB_1LD0LD_1LA0RA	CBT_NG_01
0RB0LA_1LC1RC_1LA1RD_0LD0RC	CBT_NG_01
0RB0LA_1LC1RD_0LD1LA_0RD1RB	CBT_LE6_02
0RB0LA_1LC1RD_0RB0LA_1RB---	CBT_DX2_00
0RB0LA_1LC1RD_0RB0LD_1RB1LA	CBT_NG_01
0RB0LA_1LC1RD_0RB1LA_1RB0LA	CBT_NG_01
0RB0LA_1LC1RD_0RB1LA_1RB0LC	CBT_NG_01
0RB0LA_1LC1RD_0RB1LA_1RB1RC	CBT_NG_01
0RB0LA_1LC1RD_0RB1LC_1LA1RB	CBT_CE3_00
0RB0LA_1LC1RD_0RC1LA_1RB0LA	CBT_NG_01
0RB0LA_1LC1RD_0RC1LA_1RB0LC	CBT_NG_01
0RB0LA_1LC1RD_0RC1LA_1RB1RC	CBT_CE2_01
0RB0LA_1LC1RD_0RD0LD_1RB1LA	CBT_NG_01
0RB0LA_1LC1RD_0RD1LA_---1RB	CBT_LE6_02
0RB0LA_1LC1RD_0RD1LC_1LA1RB	CBT_LE_03
0RB0LA_1LC1RD_1LA0LA_0LB0RD	CBT_NG_01
0RB0LA_1LC1RD_1LA0LB_0LA0RC	CBT_SP_00
0RB0LA_1LC1RD_1LA0LB_0RB0RC	CBT_SP_00
0RB0LA_1LC1RD_1LA0LB_1LA0RC	CBT_SP_00
0RB0LA_1LC1RD_1LA0LB_1LD0RC	CBT_SP_00
0RB0LA_1LC1RD_1LA0LB_1RA0RC	CBT_SP_00
0RB0LA_1LC1RD_1LA0LB_1RC0RC	CBT_SP_00
0RB0LA_1LC1RD_1LA1LC_0LB0RD	CBT_NG_01
0RB0LA_1RC---_0LC1RD_1LA1RB	CBT_CE3_00
0RB0LA_1RC---_0LD1RB_1LA1RD	CBT_DX2_00
0RB0LA_1RC---_1LA0LD_1RB1RD	CBT_DX2_00
0RB0LA_1RC---_1LA1LD_1RB1RD	CBT_DX2_00
0RB0LA_1RC---_1LA1RB_------	CBT_CE_00
0RB0LA_1RC---_1LA1RD_0LD1RB	CBT_DX2_00
0RB0LA_1RC---_1LA1RD_1LA1RB	CBT_CE3_00
0RB0LA_1RC---_1LA1RD_1LC1RB	CBT_DX2_00
0RB0LA_1RC---_1LA1RD_1RB---	CBT_DX2_00
0RB0LA_1RC---_1LA1RD_1RC---	CBT_DX2_00
0RB0LA_1RC---_1LC1RD_1RB1LA	CBT_DX2_00
0RB0LA_1RC---_1LD1RB_---0LA	CBT_DX2_00
0RB0LA_1RC---_1LD1RD_1RB0LA	CBT_DX2_00
0RB0LA_1RC---_1RD---_1LA1RB	CBT_DX2_00
0RB0LA_1RC---_1RD---_1LA1RC	CBT_DX2_01
0RB0LA_1RC---_1RD0LA_1LC1RB	CBT_DX2_01
0RB0LA_1RC---_1RD1RB_1LA0LC	CBT_DX2_01
0RB0LA_1RC0LA_0RD1RD_1LB1RB	CBT_NG_01
0RB0LA_1RC0LA_1LB1RD_1RB---	CBT_DX2_01
0RB0LA_1RC0LA_1LB1RD_1RC---	CBT_DX2_01
0RB0LA_1RC0LA_1LD1RD_1RB1LA	CBT_NG_01
0RB0LA_1RC0LA_1RD---_1LB1RB	CBT_DX2_01
0RB0LA_1RC0LA_1RD---_1LB1RC	CBT_DX2_01
0RB0LA_1RC0LC_1LA0RD_1LC0RD	CBT_DX2_01
0RB0LA_1RC0LC_1LA1RD_0RC1RB	CBT_NG_01
0RB0LA_1RC0LC_1LA1RD_1LC0RD	CBT_DX2_01
0RB0LA_1RC0LC_1LD0RC_1LA0LA	CBT_LE6_03
0RB0LA_1RC0LC_1LD0RC_1LA1RC	CBT_LE6_03
0RB0LA_1RC0LD_0RD1RB_1LA---	CBT_DX2_01
0RB0LA_1RC0LD_0RD1RC_1LA1LD	CBT_NG_01
0RB0LA_1RC0LD_1LA0RC_1LD1RB	CBT_LE_00
0RB0LA_1RC0LD_1LA1RD_1LC0RD	CBT_LE6_03
0RB0LA_1RC0LD_1LB1RB_0RB1LA	CBT_NG_01
0RB0LA_1RC0LD_1LD0RC_1LA0LA	CBT_QC_01
0RB0LA_1RC0LD_1LD0RC_1LA1LB	CBT_QC_01
0RB0LA_1RC0LD_1LD0RC_1LA1RC	CBT_QC_01
0RB0LA_1RC0LD_1RD1RB_1LD1LA	CBT_NG_01
0RB0LA_1RC0RC_1LD0LD_1RB1LA	CBT_CE2_07
0RB0LA_1RC0RC_1LD1LA_1LB1RD	CBT_DX2_01
0RB0LA_1RC0RC_1RD1RC_1LA1LD	CBT_LE_00
0RB0LA_1RC0RD_1LA1LC_1RB1LD	CBT_NG_01
0RB0LA_1RC0RD_1LA1LC_1RB1RD	CBT_CE3_00
0RB0LA_1RC0RD_1LA1LC_1RC1RD	CBT_LE_00
0RB0LA_1RC0RD_1RD1RB_1LA1LB	CBT_DX2_01
0RB0LA_1RC1LA_0RD0RD_1LD1LB	CBT_NG_00
0RB0LA_1RC1LA_0RD1RD_1LD1RB	CBT_NG_01
0RB0LA_1RC1LA_1LA0RD_1LD1LB	CBT_RW_01
0RB0LA_1RC1LA_1LC0RD_1LD1LB	CBT_RW_01
0RB0LA_1RC1LA_1LD0LA_1LB1RD	CBT_NG_01
0RB0LA_1RC1LA_1LD1LD_1LB1RD	CBT_NG_01
0RB0LA_1RC1LA_1LD1RB_1LB1RD	CBT_NG_01
0RB0LA_1RC1LA_1LD1RD_1LB1RD	CBT_NG_01
0RB0LA_1RC1LA_1RD---_1LD1RB	CBT_DX2_01
0RB0LA_1RC1LA_1RD0LA_1LB1RB	CBT_NG_01
0RB0LA_1RC1LA_1RD0LA_1LB1RC	CBT_NG_01
0RB0LA_1RC1LA_1RD0LA_1LB1RD	CBT_NG_01
0RB0LA_1RC1LA_1RD0LD_0LB1RB	CBT_NG_01
0RB0LA_1RC1LA_1RD0RD_0LB0RD	CBT_NG_01
0RB0LA_1RC1LA_1RD0RD_0LB1RB	CBT_NG_01
0RB0LA_1RC1LA_1RD0RD_0LB1RC	CBT_NG_01
0RB0LA_1RC1LA_1RD0RD_1LB0LB	CBT_CE2_10
0RB0LA_1RC1LA_1RD1LD_1LB1RD	CBT_NG_01
0RB0LA_1RC1LA_1RD1RB_0LB---	CBT_DX2_01
0RB0LA_1RC1LA_1RD1RB_1LB1RB	CBT_NG_01
0RB0LA_1RC1LA_1RD1RB_1LB1RC	CBT_NG_02
0RB0LA_1RC1LA_1RD1RB_1LB1RD	CBT_NG_02
0RB0LA_1RC1LA_1RD1RC_0LB0RD	CBT_NG_02
0RB0LA_1RC1LA_1RD1RC_0LB1LB	CBT_NG_02
0RB0LA_1RC1LA_1RD1RC_0LB1RB	CBT_NG_02
0RB0LA_1RC1LA_1RD1RC_0LB1RC	CBT_NG_02
0RB0LA_1RC1LA_1RD1RC_1LA1LB	CBT_NG_02
0RB0LA_1RC1LA_1RD1RC_1LB---	CBT_DX2_01
0RB0LA_1RC1LA_1RD1RD_1LB1RB	CBT_NG_02
0RB0LA_1RC1LA_1RD1RD_1LB1RD	CBT_NG_02
0RB0LA_1RC1LB_0RD1RD_1LA1RB	CBT_CE_04
0RB0LA_1RC1LB_1LA0RD_0LB1RD	CBT_LE_00
0RB0LA_1RC1LB_1LA1RD_0LB0RC	CBT_QC_01
0RB0LA_1RC1LB_1RD1RB_1LA0RD	CBT_CE_04
0RB0LA_1RC1LC_0LC1RD_1LA0RD	CBT_DX2_01
0RB0LA_1RC1LC_1LA0RD_0RC0LC	CBT_DX2_01
0RB0LA_1RC1LC_1LA1LD_0RC1RD	CBT_DX2_01
0RB0LA_1RC1LC_1LA1RD_0RC1RB	CBT_NG_02
0RB0LA_1RC1LD_0RD0LA_1LA0LB	CBT_NG_02
0RB0LA_1RC1LD_0RD0LD_1LA1RB	CBT_DX2_01
0RB0LA_1RC1LD_0RD0RD_1LA0LB	CBT_NG_00
0RB0LA_1RC1LD_0RD1RC_1LA---	CBT_DX2_01
0RB0LA_1RC1LD_0RD1RD_1LA1RB	CBT_CE_04
0RB0LA_1RC1LD_1LA0RC_0LD0LA	CBT_DX2_01
0RB0LA_1RC1LD_1LA0RC_0LD1RC	CBT_DX2_01
0RB0LA_1RC1LD_1LA0RC_1RD1RB	CBT_DX2_01
0RB0LA_1RC1LD_1LB1RC_0RA1LA	CBT_NG_02
0RB0LA_1RC1LD_1LB1RC_0RC1LA	CBT_NG_02
0RB0LA_1RC1RB_0LC1LD_0RB1LA	CBT_NG_02
0RB0LA_1RC1RB_0LC1LD_0RD1LA	CBT_NG_02
0RB0LA_1RC1RB_0LD0RC_1LD1LA	CBT_LE4_05
0RB0LA_1RC1RB_0LD0RD_1LD1LA	CBT_NG_02
0RB0LA_1RC1RB_0LD1LC_0RA1LA	CBT_LE6_01
0RB0LA_1RC1RB_0LD1LC_0RD1LA	CBT_LE6_01
0RB0LA_1RC1RB_0RD---_1LD1LA	CBT_CE2_00
0RB0LA_1RC1RB_0RD1RB_1LD0LA	CBT_NG_02
0RB0LA_1RC1RB_1LA0LD_0RB1LD	CBT_LE_00
0RB0LA_1RC1RB_1LA0LD_0RC1LD	CBT_LE_00
0RB0LA_1RC1RB_1LA0RD_1LD1LA	CBT_CE2_05
0RB0LA_1RC1RB_1LA1LD_0RB1LD	CBT_CE3_00
0RB0LA_1RC1RB_1LA1RD_0LB---	CBT_DX2_01
0RB0LA_1RC1RB_1LA1RD_1LB---	CBT_DX2_01
0RB0LA_1RC1RB_1LC1LD_0RA1LA	CBT_NG_02
0RB0LA_1RC1RB_1LC1LD_0RB1LA	CBT_NG_02
0RB0LA_1RC1RB_1LC1LD_0RD1LA	CBT_NG_02
0RB0LA_1RC1RB_1LD---_---1LA	CBT_DX2_01
0RB0LA_1RC1RB_1LD0RA_1LA1LC	CBT_SP_00
0RB0LA_1RC1RB_1LD0RC_1LB0LA	CBT_DX2_01
0RB0LA_1RC1RB_1RD---_1LA0LB	CBT_DX2_01
0RB0LA_1RC1RB_1RD---_1LA1LB	CBT_DX2_01
0RB0LA_1RC1RB_1RD1LB_1LD1LA	CBT_NG_02
0RB0LA_1RC1RB_1RD1LD_1LD1LA	CBT_NG_02
0RB0LA_1RC1RB_1RD1RB_1LD1LA	CBT_NG_02
0RB0LA_1RC1RC_1LD1RD_1RB1LA	CBT_NG_02
0RB0LA_1RC1RD_0LB1RB_1LA---	CBT_DX2_01
0RB0LA_1RC1RD_0LD---_1RB1LA	CBT_DX2_01
0RB0LA_1RC1RD_1LA0LB_1RB---	CBT_DX2_01
0RB0LA_1RC1RD_1LA0RD_1LD1RB	CBT_DX2_01
0RB0LA_1RC1RD_1LA1LB_---1RB	CBT_DX2_01
0RB0LA_1RC1RD_1LB1RB_---1LA	CBT_DX2_01
0RB0LA_1RC1RD_1LC1LA_---1RB	CBT_DX2_01
0RB0LA_1RC1RD_1LD---_1LA1RB	CBT_DX2_01
0RB0LA_1RC1RD_1LD1RB_---1LA	CBT_CE2_01
0RB0LA_1RC1RD_1LD1RD_1RB1LA	CBT_NG_02
0RB0LB_0LC1LB_0RD1LA_1LC1RD	CBT_SP_00
0RB0LB_0LC1RD_1RB1LC_0RB1RA	CBT_SPB_00
0RB0LB_0RC0LA_1LB1RD_1LA1RC	CBT_CE_05
0RB0LB_0RC0LA_1LB1RD_1RC---	CBT_QC_01
0RB0LB_0RC0LA_1RD---_1LA1RC	CBT_QC_01
0RB0LB_0RC0LA_1RD1RC_1LA1LD	CBT_CE3_00
0RB0LB_0RC0LB_1LD1RC_0LA1LA	CBT_NG_02
0RB0LB_0RC0LB_1RD---_1LA1RC	CBT_QC_01
0RB0LB_0RC0LD_1LB1RC_0LA1LA	CBT_NG_02
0RB0LB_0RC0LD_1LB1RC_0RC1LA	CBT_NG_02
0RB0LB_0RC0LD_1LD1RC_0LA1LA	CBT_NG_02
0RB0LB_0RC0LD_1LD1RC_0RC1LA	CBT_NG_02
0RB0LB_0RC1LA_1LB1RD_1LA1RC	CBT_QC_01
0RB0LB_0RC1LA_1LB1RD_1LC1RC	CBT_QC_01
0RB0LB_0RC1LA_1LB1RD_1RC0LA	CBT_CE3_03
0RB0LB_0RC1LA_1LB1RD_1RC0LC	CBT_QC_01
0RB0LB_0RC1LA_1LB1RD_1RC1RC	CBT_QC_01
0RB0LB_0RC1LB_1LA1RC_------	CBT_DX1_00
0RB0LB_0RC1LB_1LA1RD_0LD1RC	CBT_SW_01
0RB0LB_0RC1LB_1LA1RD_1LA1RC	CBT_SW_01
0RB0LB_0RC1LB_1LA1RD_1LA1RD	CBT_DX1_00
0RB0LB_0RC1LB_1LA1RD_1RC0LB	CBT_QC_01
0RB0LB_0RC1LB_1LB1RD_1LA1RD	CBT_QS_08
0RB0LB_0RC1LB_1LD1RC_0LA1LA	CBT_SW_01
0RB0LB_0RC1LB_1LD1RC_0RB1LA	CBT_SW_01
0RB0LB_0RC1LB_1LD1RC_0RC1LA	CBT_SW_01
0RB0LB_0RC1LB_1LD1RC_0RD1LA	CBT_SW_01
0RB0LB_0RC1LB_1LD1RC_1LA0RA	CBT_DX1_00
0RB0LB_0RC1LB_1LD1RC_1LA1LA	CBT_DX1_00
0RB0LB_0RC1LB_1LD1RC_1LB1LA	CBT_QS_01
0RB0LB_0RC1LB_1LD1RC_1RA1LA	CBT_DX1_00
0RB0LB_0RC1LB_1LD1RC_1RB1LA	CBT_QS_01
0RB0LB_0RC1LB_1LD1RC_1RC1LA	CBT_QS_01
0RB0LB_0RC1LB_1LD1RD_1LA1RD	CBT_DX1_00
0RB0LB_0RC1LB_1RD0LB_1LA1RC	CBT_QC_01
0RB0LB_0RC1LB_1RD1RC_1LD0LA	CBT_DX1_00
0RB0LB_0RC1LB_1RD1RD_1LA1RD	CBT_QS_09
0RB0LB_0RC1LC_1RD1LA_1LB1RD	CBT_SPB_00
0RB0LB_0RC1LD_1LA1RC_0LA0LB	CBT_NG_02
0RB0LB_0RC1LD_1LA1RC_0LA0LD	CBT_NG_02
0RB0LB_0RC1LD_1LA1RC_0LA1LA	CBT_NG_02
0RB0LB_0RC1LD_1LA1RC_0LA1RD	CBT_NG_02
0RB0LB_0RC1LD_1LA1RC_0RC1LB	CBT_SW_07
0RB0LB_0RC1LD_1LA1RC_0RC1LD	CBT_DX1_00
0RB0LB_0RC1LD_1LA1RC_0RD1LB	CBT_SW_07
0RB0LB_0RC1LD_1LB1RC_0LA1LA	CBT_CE_04
0RB0LB_0RC1LD_1LB1RC_0LB0LA	CBT_NG_02
0RB0LB_0RC1LD_1LB1RC_0LB1LA	CBT_SPB_00
0RB0LB_0RC1LD_1LB1RC_0RA0LB	CBT_QC_01
0RB0LB_0RC1LD_1LB1RC_0RA1LA	CBT_SPB_00
0RB0LB_0RC1LD_1LB1RC_0RC1LA	CBT_SPB_00
0RB0LB_0RC1LD_1LB1RC_1LB0LA	CBT_NG_02
0RB0LB_0RC1LD_1LB1RC_1LB1LA	CBT_SPB_00
0RB0LB_0RC1LD_1LB1RC_1LC1LA	CBT_CE_06
0RB0LB_0RC1LD_1LB1RC_1RC0LA	CBT_NG_02
0RB0LB_0RC1LD_1LB1RC_1RC1LA	CBT_SPB_00
0RB0LB_0RC1LD_1LB1RC_1RD1LA	CBT_SPB_00
0RB0LB_0RC1LD_1LD1RC_0LA1LA	CBT_NG_02
0RB0LB_0RC1LD_1LD1RC_0RC1LA	CBT_NG_02
0RB0LB_0RC1LD_1RD0LA_1LA1RC	CBT_QC_01
0RB0LB_0RC1RB_1LD1RA_1LA---	CBT_SP4_00
0RB0LB_0RC1RB_1LD1RC_1LA1LD	CBT_SP_00
0RB0LB_0RC1RB_1LD1RD_1LA0LB	CBT_SP4_00
0RB0LB_0RC1RB_1LD1RD_1LA0RC	CBT_SP_00
0RB0LB_0RC1RD_1LD1RC_0LA1LA	CBT_NG_02
0RB0LB_1LA1LC_0RD1LA_1LB1RD	CBT_SPB_00
0RB0LB_1LC0LD_1RA1RC_0RC1LB	CBT_NG_02
0RB0LB_1LC0LD_1RD0RA_1LB0RC	CBT_DX0_00
0RB0LB_1LC0RD_1LA1LC_1LB1RB	CBT_NG_00
0RB0LB_1LC0RD_1LA1RB_1LC1RD	CBT_BLC3_01
0RB0LB_1LC1LA_1RD1RC_0LA0RC	CBT_CE3_03
0RB0LB_1LC1LB_0RC0RD_1LA1RD	CBT_DX1_00
0RB0LB_1LC1LB_0RD1LA_1LC1RD	CBT_SP_00
0RB0LB_1LC1LB_1RC0RD_1LA1RD	CBT_SP_00
0RB0LB_1LC1LC_0RD1LA_1LB1RD	CBT_SPB_00
0RB0LB_1LC1LD_1RA1RC_1RC1LB	CBT_SP_00
0RB0LB_1LC1RC_1LA1RD_1RC0RD	CBT_NG_02
0RB0LB_1LC1RD_0RD0LC_1RB1LA	CBT_QC_01
0RB0LB_1RC0LA_0RD1RD_1LB1RB	CBT_NG_02
0RB0LB_1RC0LA_1LB1RD_1RC---	CBT_DX2_01
0RB0LB_1RC0LA_1RD---_1LA1RC	CBT_DX2_01
0RB0LB_1RC0LC_1RD0LA_1LB1RB	CBT_DX2_01
0RB0LB_1RC1LB_0LB0RD_1LD1LA	CBT_TA_00
0RB0LB_1RC1LB_0LD0RD_1LD1LA	CBT_TA_00
0RB0LB_1RC1LB_0RD0RA_1LD0LB	CBT_SP_00
0RB0LB_1RC1LB_0RD0RD_1LD1LA	CBT_TA_00
0RB0LB_1RC1LB_0RD1RC_1LD0LA	CBT_SP_00
0RB0LB_1RC1LB_1LB0RD_1LA1RD	CBT_DXS_00
0RB0LB_1RC1LB_1LB0RD_1LD1LA	CBT_TA_00
0RB0LB_1RC1LB_1LC0RD_1LD1LA	CBT_TA_00
0RB0LB_1RC1LB_1LD0RB_0LA1LD	CBT_SP_00
0RB0LB_1RC1LB_1LD0RD_1LA1RD	CBT_DXS_00
0RB0LB_1RC1LB_1LD0RD_1LD1LA	CBT_TA_00
0RB0LB_1RC1LB_1LD1RC_---1LA	CBT_SP_00
0RB0LB_1RC1LB_1RD0RD_1LA1RD	CBT_DXS_00
0RB0LB_1RC1LB_1RD0RD_1LD1LA	CBT_TA_00
0RB0LB_1RC1LC_0RD1LA_1LD0LB	CBT_RW_01
0RB0LB_1RC1LD_1LB1RC_0RC1LA	CBT_SPB_00
0RB0LB_1RC1RA_1LD1RB_1LA0LD	CBT_NG_02
0RB0LB_1RC1RB_0RD0RC_1LD1LA	CBT_SPW_00
0RB0LB_1RC1RB_1LD0RC_1LC1LA	CBT_SP_00
0RB0LB_1RC1RB_1LD0RC_1LD1LA	CBT_SP_00
0RB0LB_1RC1RD_0LD0LC_1RA1LC	CBT_HY2_00
0RB0LB_1RC1RD_1LD0RB_1RA0LC	CBT_RW_01
0RB0LC_0LC0LA_0RD1LA_1LC1RD	CBT_SP_27
0RB0LC_0LC0LC_0RD1LA_1LC1RD	CBT_QC_01
0RB0LC_0LC0RD_1LA1LC_1RC1RB	CBT_CE3_03
0RB0LC_0LC0RD_1RD1LC_1RB1LA	CBT_HY_00
0RB0LC_0LC1LB_0RD1LA_1LC1RD	CBT_SP_27
0RB0LC_0LC1LC_0RD1LA_1LC1RD	CBT_QC_01
0RB0LC_0LC1LC_0RD1LA_1RB1RD	CBT_LE6_03
0RB0LC_0LC1LC_0RD1LC_1LA1RD	CBT_QS_01
0RB0LC_0LC1LD_0RD1LA_1LC1RD	CBT_QC_01
0RB0LC_0LC1RA_1LD1LB_0RB1LC	CBT_SP_00
0RB0LC_0LC1RD_0RD1LA_1LC1RD	CBT_QC_01
0RB0LC_0LC1RD_0RD1LC_1LA1RD	CBT_QS_01
0RB0LC_0LC1RD_0RD1LC_1RB1LA	CBT_LE3_03
0RB0LC_0LC1RD_1LA1LC_1RB0RD	CBT_NG_02
0RB0LC_0RC0LC_0RD1LA_1LC1RD	CBT_QC_01
0RB0LC_0RC0RD_1LA1LC_1RC1RB	CBT_CE3_03
0RB0LC_0RC1LC_0RD1LA_1LB1RD	CBT_NG_02
0RB0LC_0RC1LC_0RD1LA_1LC1RD	CBT_QC_01
0RB0LC_0RC1LC_0RD1LC_1LA1RD	CBT_QS_01
0RB0LC_0RC1LD_0RD1LA_1LC1RD	CBT_QC_01
0RB0LC_0RC1RB_1LD0LA_1LA---	CBT_DX2_01
0RB0LC_0RC1RD_0RD1LA_1LC1RD	CBT_QC_01
0RB0LC_0RC1RD_0RD1LC_1LA1RD	CBT_QS_01
0RB0LC_1LA0LC_0RD1LA_1LC1RD	CBT_QC_01
0RB0LC_1LA0RC_0RD1RC_1LB1RA	CBT_SP_00
0RB0LC_1LA1LC_0RD0LA_1RD1RB	CBT_CE3_00
0RB0LC_1LA1LC_0RD1LA_1LC1RD	CBT_QC_01
0RB0LC_1LA1LC_0RD1LC_1LA1RD	CBT_QS_01
0RB0LC_1LA1LC_1RD0LC_0RD1LA	CBT_QC_01
0RB0LC_1LA1LC_1RD0RD_0LA1RB	CBT_DX2_01
0RB0LC_1LA1RB_0LD0LA_1RA0RA	CBT_NG_02
0RB0LC_1LA1RB_0LD0LA_1RA0RC	CBT_NG_02
0RB0LC_1LA1RB_0LD0LA_1RD1RA	CBT_CE_06
0RB0LC_1LA1RB_0LD0LC_1RD1RA	CBT_CE2_13
0RB0LC_1LA1RB_0LD1LA_1RA0RA	CBT_NG_02
0RB0LC_1LA1RB_0LD1LA_1RA0RC	CBT_NG_02
0RB0LC_1LA1RB_0LD1LA_1RD1RA	CBT_LE6_03
0RB0LC_1LA1RB_0LD1LD_0RA0LA	CBT_NG_03
0RB0LC_1LA1RB_0LD1LD_0RA0LC	CBT_NG_03
0RB0LC_1LA1RB_0LD1LD_0RA1LA	CBT_NG_03
0RB0LC_1LA1RB_0RB0LD_0RB1LC	CBT_NG_03
0RB0LC_1LA1RB_0RB0LD_0RB1LD	CBT_LE6_03
0RB0LC_1LA1RB_0RB1LC_------	CBT_DX1_00
0RB0LC_1LA1RB_0RB1LD_0RA0LA	CBT_NG_03
0RB0LC_1LA1RB_0RB1LD_0RA1LA	CBT_NG_03
0RB0LC_1LA1RB_0RB1LD_0RB0LA	CBT_NG_03
0RB0LC_1LA1RB_0RB1LD_0RB1LA	CBT_NG_03
0RB0LC_1LA1RB_0RB1LD_0RB1LC	CBT_SW_07
0RB0LC_1LA1RB_0RB1LD_0RB1LD	CBT_DX1_00
0RB0LC_1LA1RB_0RB1LD_0RD0LA	CBT_NG_03
0RB0LC_1LA1RB_0RB1LD_0RD1LA	CBT_NG_03
0RB0LC_1LA1RB_0RB1LD_0RD1LC	CBT_SW_07
0RB0LC_1LA1RB_0RD0LA_1RD1LB	CBT_CE3_00
0RB0LC_1LA1RB_0RD0LA_1RD1LC	CBT_CE_00
0RB0LC_1LA1RB_0RD0LA_1RD1RB	CBT_CE3_00
0RB0LC_1LA1RB_0RD1LA_1LC1RD	CBT_DX2_01
0RB0LC_1LA1RB_0RD1LC_0LA0LA	CBT_DX1_00
0RB0LC_1LA1RB_0RD1LC_0LA1LA	CBT_DX1_00
0RB0LC_1LA1RB_0RD1LC_0LA1RB	CBT_DX1_00
0RB0LC_1LA1RB_0RD1LC_1LA0LA	CBT_DX1_00
0RB0LC_1LA1RB_0RD1LC_1LA1LA	CBT_DX1_00
0RB0LC_1LA1RB_0RD1LC_1LA1RB	CBT_DX1_00
0RB0LC_1LA1RB_0RD1LC_1LB0LA	CBT_DX1_00
0RB0LC_1LA1RB_0RD1LC_1LB1LA	CBT_DX1_00
0RB0LC_1LA1RB_0RD1LC_1LB1RA	CBT_TI_00
0RB0LC_1LA1RB_0RD1LC_1LB1RB	CBT_DX1_00
0RB0LC_1LA1RB_0RD1LC_1LC0LA	CBT_DX1_00
0RB0LC_1LA1RB_0RD1LC_1LC1LA	CBT_DX1_00
0RB0LC_1LA1RB_0RD1LC_1LC1RB	CBT_QS_09
0RB0LC_1LA1RB_0RD1LC_1RB0LA	CBT_DX1_00
0RB0LC_1LA1RB_0RD1LC_1RB1LA	CBT_DX1_00
0RB0LC_1LA1RB_0RD1LC_1RB1RB	CBT_QS_09
0RB0LC_1LA1RB_0RD1LC_1RC0LA	CBT_DX1_00
0RB0LC_1LA1RB_0RD1LC_1RC1LA	CBT_DX1_00
0RB0LC_1LA1RB_0RD1LC_1RC1RB	CBT_QS_09
0RB0LC_1LA1RB_0RD1LC_1RD1RB	CBT_QS_10
0RB0LC_1LA1RB_1LD1LC_0RD0RB	CBT_DX1_00
0RB0LC_1LA1RB_1LD1LC_1RD0RB	CBT_SP_00
0RB0LC_1LA1RB_1RC1LD_0RB1LD	CBT_QS_01
0RB0LC_1LA1RB_1RC1RD_0LB0RB	CBT_TA_00
0RB0LC_1LA1RB_1RC1RD_1LA0RB	CBT_TA_00
0RB0LC_1LA1RB_1RD1LC_1LB0RB	CBT_DXS_00
0RB0LC_1LA1RB_1RD1LC_1RB0RB	CBT_DXS_00
0RB0LC_1LA1RC_0LD1RA_1RB1LD	CBT_SP2_00
0RB0LC_1LA1RC_0RD1RC_1LB1RA	CBT_SP_00
0RB0LC_1LA1RC_1LD0RD_1RB0LA	CBT_NG_03
0RB0LC_1LA1RC_1RB0LA_------	CBT_CE_00
0RB0LC_1LA1RC_1RB0LD_0RB0LC	CBT_DX2_01
0RB0LC_1LA1RC_1RB0LD_0RB1LD	CBT_LE5_00
0RB0LC_1LA1RC_1RB1LD_0RB0LD	CBT_NG_03
0RB0LC_1LA1RC_1RB1RD_0LD0LA	CBT_DX2_01
0RB0LC_1LA1RC_1RD0LA_1LA1RC	CBT_DX2_01
0RB0LC_1LC0LA_0RD1LA_1LC1RD	CBT_SP_27
0RB0LC_1LC0LA_1RD0LC_0RD1LA	CBT_DX2_01
0RB0LC_1LC0LA_1RD1RB_0RD1LA	CBT_DX2_01
0RB0LC_1LC0LC_0RD1LA_1LC1RD	CBT_QC_01
0RB0LC_1LC0LD_1RD0RA_1LB0RC	CBT_RW_01
0RB0LC_1LC0RA_1RD1LB_0LC0RD	CBT_QE_00
0RB0LC_1LC0RC_1RD1LB_1LA0RD	CBT_HY_00
0RB0LC_1LC0RD_1LA0LA_1RB1LD	CBT_AST_16
0RB0LC_1LC0RD_1LA0LA_1RB1RD	CBT_NG_03
0RB0LC_1LC0RD_1LA0LB_1RB1RC	CBT_SW_01
0RB0LC_1LC0RD_1LA1LB_1RB0LC	CBT_DX1_00
0RB0LC_1LC0RD_1LA1LC_1RC1RB	CBT_CE3_03
0RB0LC_1LC0RD_1LA1LD_0LA1RB	CBT_LE4_04
0RB0LC_1LC1LA_0RD0LA_1RD1RB	CBT_CE3_00
0RB0LC_1LC1LB_0RD1LA_1LC1RD	CBT_SP_27
0RB0LC_1LC1LB_0RD1LA_1RB1RD	CBT_TA_01
0RB0LC_1LC1LC_0RD1LA_1LC1RD	CBT_QC_01
0RB0LC_1LC1LC_0RD1LC_1LA1RD	CBT_QS_01
0RB0LC_1LC1LC_1RD0LC_0RD1LA	CBT_QC_01
0RB0LC_1LC1LD_0RD1LA_1LC1RD	CBT_QC_01
0RB0LC_1LC1LD_1LA1LB_1RD0RA	CBT_SP_00
0RB0LC_1LC1RA_0LD---_0RA1LD	CBT_DX2_01
0RB0LC_1LC1RA_1LA1LD_1RB1LB	CBT_RW_01
0RB0LC_1LC1RA_1RD1LB_0LC0RD	CBT_QE_00
0RB0LC_1LC1RB_0LD0LA_1RD1RA	CBT_CE_06
0RB0LC_1LC1RB_0LD1LA_0RA---	CBT_DX2_01
0RB0LC_1LC1RB_0LD1LA_0RD1RA	CBT_QC_01
0RB0LC_1LC1RB_0LD1LA_1RA0RA	CBT_DX2_02
0RB0LC_1LC1RB_0LD1LA_1RA0RB	CBT_SP_27
0RB0LC_1LC1RB_0LD1LA_1RA0RC	CBT_DX2_02
0RB0LC_1LC1RB_0LD1LA_1RA1RA	CBT_QC_01
0RB0LC_1LC1RB_0LD1LA_1RC0RA	CBT_DX2_02
0RB0LC_1LC1RB_0LD1LA_1RC1RA	CBT_QC_01
0RB0LC_1LC1RB_0LD1LA_1RD0RB	CBT_SP_27
0RB0LC_1LC1RB_0LD1LA_1RD1RA	CBT_QC_01
0RB0LC_1LC1RB_0LD1LD_0RA0LA	CBT_NG_03
0RB0LC_1LC1RB_0LD1LD_0RA1LA	CBT_CE_04
0RB0LC_1LC1RB_0RB0LD_0RB1LA	CBT_NG_03
0RB0LC_1LC1RB_0RB1LA_------	CBT_SPB_00
0RB0LC_1LC1RB_0RB1LD_0LA1LA	CBT_SPB_00
0RB0LC_1LC1RB_0RB1LD_0LC1LA	CBT_SPB_00
0RB0LC_1LC1RB_0RB1LD_0RA0LA	CBT_NG_03
0RB0LC_1LC1RB_0RB1LD_0RA0LC	CBT_QC_01
0RB0LC_1LC1RB_0RB1LD_0RA1LA	CBT_SPB_00
0RB0LC_1LC1RB_0RB1LD_0RB0LA	CBT_NG_03
0RB0LC_1LC1RB_0RB1LD_0RB1LA	CBT_SPB_00
0RB0LC_1LC1RB_0RB1LD_0RD0LA	CBT_NG_03
0RB0LC_1LC1RB_0RB1LD_0RD1LA	CBT_SPB_00
0RB0LC_1LC1RB_0RB1LD_1LA0RC	CBT_SPB_00
0RB0LC_1LC1RB_0RB1LD_1LA1LA	CBT_SPB_00
0RB0LC_1LC1RB_0RB1LD_1LB1LA	CBT_CE_05
0RB0LC_1LC1RB_0RB1LD_1LC1LA	CBT_SPB_00
0RB0LC_1LC1RB_0RB1LD_1RB1LA	CBT_SPB_00
0RB0LC_1LC1RB_0RB1LD_1RC1LA	CBT_SPB_00
0RB0LC_1LC1RB_0RB1LD_1RD1LA	CBT_SPB_00
0RB0LC_1LC1RB_0RC1LD_1LA0RC	CBT_SPB_00
0RB0LC_1LC1RB_0RC1LD_1LA1LA	CBT_CE_04
0RB0LC_1LC1RB_0RC1LD_1RB1LA	CBT_SPB_00
0RB0LC_1LC1RB_0RC1LD_1RC1LA	CBT_CE_04
0RB0LC_1LC1RB_0RD0LA_1RD1LA	CBT_CE_00
0RB0LC_1LC1RB_0RD0LA_1RD1RB	CBT_CE3_00
0RB0LC_1LC1RB_0RD1LA_0LA1LA	CBT_DX2_02
0RB0LC_1LC1RB_0RD1LA_0LA1RB	CBT_DX2_02
0RB0LC_1LC1RB_0RD1LA_0LB1LA	CBT_SP_27
0RB0LC_1LC1RB_0RD1LA_0LB1RB	CBT_SP_27
0RB0LC_1LC1RB_0RD1LA_0LB1RD	CBT_SP_27
0RB0LC_1LC1RB_0RD1LA_1LA0LC	CBT_QC_01
0RB0LC_1LC1RB_0RD1LA_1LA0LD	CBT_QC_01
0RB0LC_1LC1RB_0RD1LA_1LA0RC	CBT_QC_01
0RB0LC_1LC1RB_0RD1LA_1LA0RD	CBT_QC_01
0RB0LC_1LC1RB_0RD1LA_1LA1LA	CBT_QC_02
0RB0LC_1LC1RB_0RD1LA_1LA1LD	CBT_QC_02
0RB0LC_1LC1RB_0RD1LA_1LA1RB	CBT_QC_02
0RB0LC_1LC1RB_0RD1LA_1LA1RC	CBT_QC_02
0RB0LC_1LC1RB_0RD1LA_1LA1RD	CBT_QC_02
0RB0LC_1LC1RB_0RD1LA_1LB0RC	CBT_DX2_02
0RB0LC_1LC1RB_0RD1LA_1LB1LA	CBT_SP_27
0RB0LC_1LC1RB_0RD1LA_1LB1RB	CBT_SP_27
0RB0LC_1LC1RB_0RD1LA_1LB1RD	CBT_SP_27
0RB0LC_1LC1RB_0RD1LA_1LC1LA	CBT_DX2_02
0RB0LC_1LC1RB_0RD1LA_1LC1RB	CBT_SP_27
0RB0LC_1LC1RB_0RD1LA_1LC1RD	CBT_SP_27
0RB0LC_1LC1RB_0RD1LA_1RA1LA	CBT_QC_02
0RB0LC_1LC1RB_0RD1LA_1RA1LD	CBT_QC_02
0RB0LC_1LC1RB_0RD1LA_1RA1RB	CBT_QC_02
0RB0LC_1LC1RB_0RD1LA_1RB0LC	CBT_QC_02
0RB0LC_1LC1RB_0RD1LA_1RB0LD	CBT_QC_02
0RB0LC_1LC1RB_0RD1LA_1RB0RC	CBT_QC_02
0RB0LC_1LC1RB_0RD1LA_1RB0RD	CBT_QC_02
0RB0LC_1LC1RB_0RD1LA_1RB1LA	CBT_QC_02
0RB0LC_1LC1RB_0RD1LA_1RB1LD	CBT_QC_02
0RB0LC_1LC1RB_0RD1LA_1RB1RB	CBT_QC_02
0RB0LC_1LC1RB_0RD1LA_1RB1RC	CBT_QC_02
0RB0LC_1LC1RB_0RD1LA_1RB1RD	CBT_QC_02
0RB0LC_1LC1RB_0RD1LA_1RD1RB	CBT_SP_27
0RB0LC_1LC1RB_0RD1LD_0LA1LA	CBT_CE_04
0RB0LC_1LC1RB_0RD1LD_1LA0RC	CBT_SPB_00
0RB0LC_1LC1RB_0RD1LD_1LA1LA	CBT_CE_04
0RB0LC_1LC1RB_0RD1LD_1LC1LA	CBT_CE_04
0RB0LC_1LC1RB_0RD1LD_1RB1LA	CBT_SPB_00
0RB0LC_1LC1RB_0RD1LD_1RC1LA	CBT_CE_04
0RB0LC_1LC1RB_1LA0LD_0RA0RB	CBT_CE_04
0RB0LC_1LC1RB_1LA0LD_0RB0RB	CBT_SP2_00
0RB0LC_1LC1RB_1LA0LD_0RC0RB	CBT_CE_04
0RB0LC_1LC1RB_1LA0LD_1RA0RB	CBT_SP2_00
0RB0LC_1LC1RB_1LA0LD_1RD0RB	CBT_SP2_00
0RB0LC_1LC1RB_1LA0RD_1RC0LA	CBT_CE3_00
0RB0LC_1LC1RB_1LA0RD_1RC1LC	CBT_CE3_00
0RB0LC_1LC1RB_1LA1LA_------	CBT_SPB_00
0RB0LC_1LC1RB_1LA1LD_0RB1LA	CBT_CE_04
0RB0LC_1LC1RB_1LA1LD_0RD1LA	CBT_SPB_00
0RB0LC_1LC1RB_1LA1LD_1LA0RC	CBT_SP2_00
0RB0LC_1LC1RB_1LA1LD_1LA1LA	CBT_SP2_00
0RB0LC_1LC1RB_1LA1LD_1RB1LA	CBT_SP2_00
0RB0LC_1LC1RB_1LA1LD_1RC1LA	CBT_SP2_00
0RB0LC_1LC1RB_1LA1RD_0LA0RB	CBT_HY_00
0RB0LC_1LC1RB_1LD0LD_1LA0RC	CBT_CE_04
0RB0LC_1LC1RB_1LD1LA_0RB---	CBT_SP_27
0RB0LC_1LC1RB_1LD1LA_0RC---	CBT_SP_27
0RB0LC_1LC1RB_1LD1LA_0RD0RB	CBT_SP_27
0RB0LC_1LC1RB_1LD1LA_0RD1LA	CBT_SP_27
0RB0LC_1LC1RB_1LD1LA_0RD1RA	CBT_SP_27
0RB0LC_1LC1RB_1LD1LA_0RD1RB	CBT_SP_27
0RB0LC_1LC1RB_1LD1LA_1RD0RB	CBT_SP_27
0RB0LC_1LC1RB_1LD1LD_0RB1LA	CBT_CE_04
0RB0LC_1LC1RB_1LD1LD_0RD1LA	CBT_SPB_01
0RB0LC_1LC1RB_1LD1LD_1LA0RC	CBT_SP2_00
0RB0LC_1LC1RB_1LD1LD_1LA1LA	CBT_SP2_00
0RB0LC_1LC1RB_1LD1LD_1RB1LA	CBT_SP2_00
0RB0LC_1LC1RB_1LD1LD_1RC1LA	CBT_SP2_00
0RB0LC_1LC1RB_1RB1LA_------	CBT_SPB_01
0RB0LC_1LC1RB_1RB1LD_0RB1LA	CBT_CE_04
0RB0LC_1LC1RB_1RB1LD_0RD1LA	CBT_SPB_01
0RB0LC_1LC1RB_1RB1LD_1LA0RC	CBT_SP2_00
0RB0LC_1LC1RB_1RB1LD_1LA1LA	CBT_SP2_00
0RB0LC_1LC1RB_1RB1LD_1RB1LA	CBT_SP2_00
0RB0LC_1LC1RB_1RB1LD_1RC1LA	CBT_SP2_00
0RB0LC_1LC1RB_1RC1LA_------	CBT_SPB_01
0RB0LC_1LC1RB_1RD1LA_0LB0LA	CBT_QC_02
0RB0LC_1LC1RB_1RD1LA_0LB0LB	CBT_QC_02
0RB0LC_1LC1RB_1RD1LA_0LB0LC	CBT_QC_02
0RB0LC_1LC1RB_1RD1LA_0LB0RC	CBT_QC_02
0RB0LC_1LC1RB_1RD1LA_0LB0RD	CBT_QC_02
0RB0LC_1LC1RB_1RD1LA_0LB1LA	CBT_QC_02
0RB0LC_1LC1RB_1RD1LA_0LB1LB	CBT_QC_02
0RB0LC_1LC1RB_1RD1LA_0LB1LC	CBT_QC_02
0RB0LC_1LC1RB_1RD1LA_0LB1RB	CBT_QC_02
0RB0LC_1LC1RB_1RD1LA_0LB1RC	CBT_QC_02
0RB0LC_1LC1RB_1RD1LA_0LB1RD	CBT_QC_02
0RB0LC_1LC1RB_1RD1LA_0LC0LA	CBT_QC_02
0RB0LC_1LC1RB_1RD1LA_0LC0LB	CBT_QC_02
0RB0LC_1LC1RB_1RD1LA_0LC0LC	CBT_QC_02
0RB0LC_1LC1RB_1RD1LA_0LC0LD	CBT_QC_02
0RB0LC_1LC1RB_1RD1LA_0LC0RC	CBT_QC_02
0RB0LC_1LC1RB_1RD1LA_0LC0RD	CBT_QC_02
0RB0LC_1LC1RB_1RD1LA_0LC1LA	CBT_QC_02
0RB0LC_1LC1RB_1RD1LA_0LC1LB	CBT_QC_02
0RB0LC_1LC1RB_1RD1LA_0LC1LC	CBT_QC_02
0RB0LC_1LC1RB_1RD1LA_0LC1LD	CBT_QC_02
0RB0LC_1LC1RB_1RD1LA_0LC1RB	CBT_QC_02
0RB0LC_1LC1RB_1RD1LA_0LC1RC	CBT_QC_02
0RB0LC_1LC1RB_1RD1LA_0LC1RD	CBT_QC_03
0RB0LC_1LC1RB_1RD1LA_0LD1LA	CBT_SP_27
0RB0LC_1LC1RB_1RD1LA_0LD1LB	CBT_SPB_16
0RB0LC_1LC1RB_1RD1LA_0LD1RB	CBT_SP_27
0RB0LC_1LC1RB_1RD1LA_0RD1LB	CBT_SP_27
0RB0LC_1LC1RB_1RD1LA_1LB0LA	CBT_QC_03
0RB0LC_1LC1RB_1RD1LA_1LB0LB	CBT_QC_03
0RB0LC_1LC1RB_1RD1LA_1LB0LC	CBT_QC_03
0RB0LC_1LC1RB_1RD1LA_1LB0RC	CBT_QC_03
0RB0LC_1LC1RB_1RD1LA_1LB0RD	CBT_QC_03
0RB0LC_1LC1RB_1RD1LA_1LB1LA	CBT_QC_03
0RB0LC_1LC1RB_1RD1LA_1LB1LB	CBT_QC_03
0RB0LC_1LC1RB_1RD1LA_1LB1LC	CBT_QC_03
0RB0LC_1LC1RB_1RD1LA_1LB1RB	CBT_QC_03
0RB0LC_1LC1RB_1RD1LA_1LB1RC	CBT_QC_03
0RB0LC_1LC1RB_1RD1LA_1LB1RD	CBT_QC_03
0RB0LC_1LC1RB_1RD1LA_1LC0LA	CBT_QC_03
0RB0LC_1LC1RB_1RD1LA_1LC0LB	CBT_QC_03
0RB0LC_1LC1RB_1RD1LA_1LC0LC	CBT_QC_03
0RB0LC_1LC1RB_1RD1LA_1LC0RC	CBT_QC_03
0RB0LC_1LC1RB_1RD1LA_1LC1LA	CBT_QC_03
0RB0LC_1LC1RB_1RD1LA_1LC1LB	CBT_QC_03
0RB0LC_1LC1RB_1RD1LA_1LC1LC	CBT_QC_03
0RB0LC_1LC1RB_1RD1LA_1LC1RB	CBT_QC_03
0RB0LC_1LC1RB_1RD1LA_1LC1RC	CBT_QC_03
0RB0LC_1LC1RB_1RD1LA_1LC1RD	CBT_QC_03
0RB0LC_1LC1RB_1RD1LA_1LD0RC	CBT_DX2_02
0RB0LC_1LC1RB_1RD1LA_1LD1LA	CBT_SP_27
0RB0LC_1LC1RB_1RD1LA_1LD1LB	CBT_SPB_16
0RB0LC_1LC1RB_1RD1LA_1LD1RB	CBT_SP_27
0RB0LC_1LC1RB_1RD1LA_1RB0LA	CBT_QE_00
0RB0LC_1LC1RB_1RD1LA_1RB0LB	CBT_QE_00
0RB0LC_1LC1RB_1RD1LA_1RB0LC	CBT_QE_00
0RB0LC_1LC1RB_1RD1LA_1RB0LD	CBT_QE_00
0RB0LC_1LC1RB_1RD1LA_1RB0RC	CBT_QE_00
0RB0LC_1LC1RB_1RD1LA_1RB0RD	CBT_QE_00
0RB0LC_1LC1RB_1RD1LA_1RB1LA	CBT_QC_03
0RB0LC_1LC1RB_1RD1LA_1RB1LB	CBT_QE_00
0RB0LC_1LC1RB_1RD1LA_1RB1LC	CBT_QE_00
0RB0LC_1LC1RB_1RD1LA_1RB1LD	CBT_QC_03
0RB0LC_1LC1RB_1RD1LA_1RB1RB	CBT_QE_00
0RB0LC_1LC1RB_1RD1LA_1RB1RC	CBT_QC_03
0RB0LC_1LC1RB_1RD1LA_1RB1RD	CBT_QC_03
0RB0LC_1LC1RB_1RD1LA_1RC0LB	CBT_QC_03
0RB0LC_1LC1RB_1RD1LA_1RC0LC	CBT_QC_03
0RB0LC_1LC1RB_1RD1LA_1RC1LA	CBT_QC_03
0RB0LC_1LC1RB_1RD1LA_1RC1LB	CBT_QC_03
0RB0LC_1LC1RB_1RD1LA_1RC1LC	CBT_QC_03
0RB0LC_1LC1RB_1RD1LA_1RC1LD	CBT_QC_03
0RB0LC_1LC1RB_1RD1LA_1RC1RB	CBT_QC_03
0RB0LC_1LC1RB_1RD1LA_1RD1LA	CBT_SP_27
0RB0LC_1LC1RB_1RD1LA_1RD1LB	CBT_SP_27
0RB0LC_1LC1RB_1RD1LA_1RD1RB	CBT_SPB_01
0RB0LC_1LC1RB_1RD1LD_1LB1LA	CBT_SP2_00
0RB0LC_1LC1RB_1RD1LD_1RB1LA	CBT_SP2_00
0RB0LC_1LC1RC_0RD1LC_1LA1RD	CBT_QS_01
0RB0LC_1LC1RC_1RB0LD_0RA1LA	CBT_NG_03
0RB0LC_1LC1RD_0LD1LA_1RB0RB	CBT_NG_03
0RB0LC_1LC1RD_0RB0LA_1LA1RB	CBT_CE_05
0RB0LC_1LC1RD_0RB0LA_1RB---	CBT_QC_03
0RB0LC_1LC1RD_0RB1LA_1RB0LA	CBT_CE3_03
0RB0LC_1LC1RD_0RB1LA_1RB0LC	CBT_CE3_00
0RB0LC_1LC1RD_0RB1LC_1LA1RD	CBT_QS_09
0RB0LC_1LC1RD_0RD1LA_1LC1RD	CBT_QC_03
0RB0LC_1LC1RD_0RD1LC_1LA1RD	CBT_QS_01
0RB0LC_1LC1RD_1LA0LA_0RB1RB	CBT_HY_00
0RB0LC_1LC1RD_1LA0LC_0RB1RA	CBT_RW_01
0RB0LC_1LC1RD_1LA0LC_0RB1RB	CBT_HY_00
0RB0LC_1LC1RD_1LA0LC_0RB1RD	CBT_HY_00
0RB0LC_1LC1RD_1LA0LC_1RA0RB	CBT_HY2_00
0RB0LC_1LC1RD_1LA0LC_1RA0RC	CBT_HY2_00
0RB0LC_1LC1RD_1LA0LC_1RA0RD	CBT_HY2_00
0RB0LC_1LC1RD_1LA1LB_1RC0RD	CBT_HY_00
0RB0LC_1RC---_1RD0LA_1LA1RC	CBT_DX2_02
0RB0LC_1RC0LA_0RD1LA_1LB1RB	CBT_NG_03
0RB0LC_1RC0LA_1LD0RD_1RB1LA	CBT_NG_03
0RB0LC_1RC0LA_1LD1RB_0RC0LD	CBT_QE_00
0RB0LC_1RC0LB_1RD0LA_1LA0RD	CBT_DX2_02
0RB0LC_1RC0LC_0RD1LA_1LC1RD	CBT_QC_03
0RB0LC_1RC0LC_1RD0LA_1LB1RC	CBT_DX2_02
0RB0LC_1RC0RB_1LD0LA_1LA1RD	CBT_NG_03
0RB0LC_1RC0RB_1LD0RA_1LA0LC	CBT_NG_03
0RB0LC_1RC0RB_1LD0RD_1LA0LC	CBT_NG_03
0RB0LC_1RC0RB_1LD1RB_0LB0LA	CBT_NG_03
0RB0LC_1RC0RD_1LA0LB_1LC1RB	CBT_SPB_16
0RB0LC_1RC0RD_1LA1LC_0LA1RB	CBT_NG_03
0RB0LC_1RC0RD_1LA1LC_1RA1RB	CBT_NG_03
0RB0LC_1RC0RD_1LA1LC_1RC1RB	CBT_CE3_03
0RB0LC_1RC0RD_1LA1LD_1LC1RB	CBT_LEF_00
0RB0LC_1RC1LA_1LD1RB_0RC0LD	CBT_QE_00
0RB0LC_1RC1LB_0RD1LA_1LC1RD	CBT_SP_27
0RB0LC_1RC1LB_1LA1RD_0LB0RC	CBT_QC_03
0RB0LC_1RC1LC_0RD1LA_1LC1RD	CBT_QC_03
0RB0LC_1RC1LC_0RD1LC_1LA1RD	CBT_QS_01
0RB0LC_1RC1LD_0RD1LA_1LC1RD	CBT_QC_03
0RB0LC_1RC1LD_1LA0LD_1RD1RA	CBT_SP_00
0RB0LC_1RC1LD_1LA0RB_1RB1RD	CBT_SP_00
0RB0LC_1RC1LD_1LA0RB_1RD1RA	CBT_SP_00
0RB0LC_1RC1LD_1LA0RD_1LB1RA	CBT_SP_00
0RB0LC_1RC1RB_1LA0LD_0RC1LD	CBT_DX1_00
0RB0LC_1RC1RB_1LA0LD_1RD1RA	CBT_SP_00
0RB0LC_1RC1RB_1LA0RD_1LC0LA	CBT_DX1_00
0RB0LC_1RC1RB_1LA0RD_1LC1RC	CBT_DX1_00
0RB0LC_1RC1RB_1LD0LA_---1LA	CBT_DX2_02
0RB0LC_1RC1RB_1RD0LA_1LA0LB	CBT_DX2_02
0RB0LC_1RC1RC_0LD1RA_1RB1LD	CBT_SP2_00
0RB0LC_1RC1RD_0LC1LA_1LB0RD	CBT_DX2_02
0RB0LC_1RC1RD_0LC1LA_1LC1RB	CBT_SP_27
0RB0LC_1RC1RD_0RD1LA_1LC1RD	CBT_QC_03
0RB0LC_1RC1RD_0RD1LC_1LA1RD	CBT_QS_01
0RB0LC_1RC1RD_1LA0LD_1RB1RA	CBT_SP_00
0RB0LC_1RC1RD_1LA0RB_1LB1RB	CBT_SP_00
0RB0LC_1RC1RD_1LA0RB_1RB---	CBT_SP_00
0RB0LC_1RC1RD_1LA0RC_1RB0RB	CBT_SP_00
0RB0LC_1RC1RD_1LA1LA_1LC1RB	CBT_SP2_00
0RB0LC_1RC1RD_1LA1LB_1RB0RB	CBT_SP_00
0RB0LC_1RC1RD_1LA1LC_1LD0RB	CBT_LE_07
0RB0LC_1RC1RD_1LA1RA_1LD1LC	CBT_RW_01
0RB0LC_1RC1RD_1LB0LA_1LC0RD	CBT_LE_00
0RB0LC_1RC1RD_1LB1LA_1LB0RD	CBT_LE6_03
0RB0LC_1RC1RD_1LB1LA_1LC0RD	CBT_DX2_02
0RB0LC_1RC1RD_1LC1LA_1LC1RB	CBT_SP_27
0RB0LC_1RC1RD_1LD0RA_1LA0LC	CBT_NG_03
0RB0LC_1RC1RD_1RD1LA_1LC1RB	CBT_SP2_00
0RB0LD_0LC0LD_1LD1RC_0RC1LA	CBT_QC_04
0RB0LD_0LC0RB_1RD1LA_1RB0RC	CBT_SP_00
0RB0LD_0LC0RC_1RD1RB_1LA1LD	CBT_CE3_03
0RB0LD_0LC1LC_1LD1RC_0RC1LA	CBT_QC_04
0RB0LD_0LC1LD_1LA1RC_0RC1LD	CBT_QS_01
0RB0LD_0LC1LD_1LD1RC_0RC1LA	CBT_QC_04
0RB0LD_0LC1RA_1LA0RA_1LB1LB	CBT_RW_01
0RB0LD_0LC1RB_1LD1RA_0RB1LC	CBT_NG_03
0RB0LD_0LC1RB_1LD1RC_0RC1LA	CBT_DX2_02
0RB0LD_0LC1RB_1RD1LC_0LB1RA	CBT_DX1_00
0RB0LD_0LC1RB_1RD1LC_0LC1RA	CBT_DX1_00
0RB0LD_0LC1RB_1RD1LC_1LB1RA	CBT_DX1_00
0RB0LD_0LC1RB_1RD1LC_1LC1RA	CBT_DX1_00
0RB0LD_0LC1RB_1RD1LC_1RB1RA	CBT_DX1_00
0RB0LD_0LC1RC_1LA1RC_0RC1LD	CBT_QS_01
0RB0LD_0LC1RC_1LD1RC_0RC1LA	CBT_QC_04
0RB0LD_0LC1RC_1RB1LA_0RC1LD	CBT_LE3_03
0RB0LD_0LC1RD_1LA0RD_1RC1LB	CBT_RW_01
0RB0LD_0LC1RD_1RB1LC_0LC1RA	CBT_CE_04
0RB0LD_0LC1RD_1RB1LC_0LD1RA	CBT_SP2_00
0RB0LD_0LC1RD_1RB1LC_0RB1RA	CBT_SP2_00
0RB0LD_0LC1RD_1RB1LC_1LB1RA	CBT_SP2_00
0RB0LD_0LC1RD_1RB1LC_1LC1RA	CBT_SP2_00
0RB0LD_0LC1RD_1RB1LC_1LD1RA	CBT_SP2_00
0RB0LD_0LC1RD_1RB1LC_1RA1RA	CBT_SP2_00
0RB0LD_0LC1RD_1RB1LC_1RB1RA	CBT_SP2_00
0RB0LD_0LC1RD_1RB1LC_1RC1RA	CBT_SP2_00
0RB0LD_0LC1RD_1RD1LA_1RB0RC	CBT_SP_00
0RB0LD_0RC---_1LD1RB_0LA---	CBT_DX2_02
0RB0LD_0RC0LA_1RD1LD_1LA1RB	CBT_NG_03
0RB0LD_0RC0LB_1LD1RC_0RC1LA	CBT_SP_27
0RB0LD_0RC0LD_1LB1RC_0LA1LA	CBT_NG_03
0RB0LD_0RC0LD_1LD1RC_0RC1LA	CBT_QC_04
0RB0LD_0RC0RC_1RD1RB_1LA1LD	CBT_CE3_03
0RB0LD_0RC1LB_1LA1RC_0LA0LB	CBT_LE6_03
0RB0LD_0RC1LB_1LA1RC_0LA1LB	CBT_DX1_00
0RB0LD_0RC1LB_1LA1RC_0LA1LD	CBT_DX1_00
0RB0LD_0RC1LB_1LA1RC_0RC0LB	CBT_LE6_03
0RB0LD_0RC1LB_1LA1RC_0RC1LB	CBT_DX1_00
0RB0LD_0RC1LB_1LA1RC_1RD1LB	CBT_QS_01
0RB0LD_0RC1LB_1LA1RD_1RC0LB	CBT_LE5_00
0RB0LD_0RC1LB_1LD1RC_0RC1LA	CBT_DX2_02
0RB0LD_0RC1LC_1LD1RC_0RC1LA	CBT_QC_04
0RB0LD_0RC1LD_1LA1RB_0LA---	CBT_DX2_02
0RB0LD_0RC1LD_1LA1RC_0LA1LD	CBT_DX1_00
0RB0LD_0RC1LD_1LA1RC_0RC0LB	CBT_NG_03
0RB0LD_0RC1LD_1LA1RC_0RC1LB	CBT_SW_07
0RB0LD_0RC1LD_1LA1RC_0RC1LD	CBT_QS_01
0RB0LD_0RC1LD_1LB1RC_0LA1LA	CBT_NG_03
0RB0LD_0RC1LD_1LB1RC_0RC1LA	CBT_NG_03
0RB0LD_0RC1LD_1LD1RC_0RC1LA	CBT_QC_04
0RB0LD_0RC1RB_1LD---_1LA0LA	CBT_DX2_02
0RB0LD_0RC1RB_1LD0RD_1LA0LD	CBT_NG_03
0RB0LD_0RC1RB_1LD1LA_0LA---	CBT_DX2_02
0RB0LD_0RC1RB_1LD1LA_1LA0LD	CBT_HY_00
0RB0LD_0RC1RB_1LD1LC_1LA1LA	CBT_LEF_00
0RB0LD_0RC1RB_1LD1LC_1RD1LA	CBT_LEF_00
0RB0LD_0RC1RB_1LD1RB_1LA0LD	CBT_HY_00
0RB0LD_0RC1RB_1RD0RD_1LA0RC	CBT_DX0_00
0RB0LD_0RC1RC_1LA1RB_0LA1LB	CBT_NG_03
0RB0LD_0RC1RC_1LA1RB_0LA1RB	CBT_NG_03
0RB0LD_0RC1RC_1LA1RC_0LA1LD	CBT_DX1_00
0RB0LD_0RC1RC_1LA1RC_0RC1LD	CBT_QS_01
0RB0LD_0RC1RC_1LD1RB_1RD1LA	CBT_SP2_00
0RB0LD_0RC1RC_1LD1RC_0RC1LA	CBT_QC_04
0RB0LD_1LA0RC_1RB---_0LA---	CBT_DX2_02
0RB0LD_1LA0RC_1RD1RB_1LA1LD	CBT_CE3_03
0RB0LD_1LA1LC_0LD0LC_1RD1RB	CBT_TI_02
0RB0LD_1LA1LC_0RD0LC_1RD1RB	CBT_DXS_00
0RB0LD_1LA1LC_1LD1RC_0RC1LA	CBT_QC_04
0RB0LD_1LA1LC_1RD0LC_1RD1RB	CBT_DXQ_00
0RB0LD_1LA1RC_0LC1RB_0RB1LD	CBT_SW_01
0RB0LD_1LA1RC_0LC1RD_1RB0LA	CBT_DX2_02
0RB0LD_1LA1RC_0RD1RB_1LD0LA	CBT_DX2_02
0RB0LD_1LA1RC_0RD1RC_1LD0LA	CBT_DX2_02
0RB0LD_1LA1RC_0RD1RC_1RB0LA	CBT_RW_01
0RB0LD_1LA1RC_1LA1RB_0RB1LD	CBT_SW_01
0RB0LD_1LA1RC_1LA1RB_0RC1LA	CBT_NG_03
0RB0LD_1LA1RC_1LA1RB_0RC1LD	CBT_SW_01
0RB0LD_1LA1RC_1LA1RC_0RB1LD	CBT_DX1_00
0RB0LD_1LA1RC_1LA1RC_0RC1LD	CBT_QS_01
0RB0LD_1LA1RC_1LB1RB_---0LA	CBT_DX2_02
0RB0LD_1LA1RC_1LD0RC_1RB0LA	CBT_DX2_02
0RB0LD_1LA1RC_1LD1RA_0RA1LC	CBT_SPB_16
0RB0LD_1LA1RC_1LD1RB_---0LA	CBT_CE_00
0RB0LD_1LA1RC_1LD1RB_---1LA	CBT_SP_27
0RB0LD_1LA1RC_1LD1RC_0RC1LA	CBT_QC_04
0RB0LD_1LA1RC_1RB---_---0LA	CBT_DX2_02
0RB0LD_1LA1RC_1RB---_0RB0LD	CBT_DX2_02
0RB0LD_1LA1RC_1RB0LD_0RB1LD	CBT_QC_04
0RB0LD_1LA1RC_1RB0LD_0RC1LD	CBT_QC_04
0RB0LD_1LA1RC_1RB0RD_1LA1LB	CBT_DX1_00
0RB0LD_1LA1RC_1RD0LA_1RB0LC	CBT_DX2_02
0RB0LD_1LA1RC_1RD0RC_1LA1RB	CBT_NG_03
0RB0LD_1LC0LA_1LD1RC_0RC1LA	CBT_SP_27
0RB0LD_1LC0LB_1RD1LA_1RB0RC	CBT_SP_00
0RB0LD_1LC0LD_1LA0LC_1RD1RC	CBT_DXQ_00
0RB0LD_1LC0LD_1LD1RC_0RC1LA	CBT_QC_04
0RB0LD_1LC0RA_1RD1LB_0LC0RD	CBT_QE_00
0RB0LD_1LC0RB_1LD1RC_0RC1LA	CBT_DX2_02
0RB0LD_1LC0RC_1LA1RC_1RB1LD	CBT_DXS_00
0RB0LD_1LC0RC_1LA1RD_1RC0LA	CBT_DX2_02
0RB0LD_1LC0RC_1RD1RB_1LA1LD	CBT_CE3_03
0RB0LD_1LC0RD_1LA0LC_1RB1RA	CBT_NG_03
0RB0LD_1LC0RD_1LA0LC_1RD1RC	CBT_DXS_00
0RB0LD_1LC1LB_1RD0LA_1RB0RC	CBT_NG_03
0RB0LD_1LC1LB_1RD0RA_1LB0RC	CBT_NG_03
0RB0LD_1LC1LC_1LD1RC_0RC1LA	CBT_QC_04
0RB0LD_1LC1LD_0RC1LA_1RC0LD	CBT_QC_04
0RB0LD_1LC1LD_1LA1RC_0RC1LD	CBT_QS_01
0RB0LD_1LC1LD_1LD1RC_0RC1LA	CBT_QC_04
0RB0LD_1LC1RA_1LD0RC_1RB0LC	CBT_NG_03
0RB0LD_1LC1RA_1RD1LB_0LC0RD	CBT_QE_00
0RB0LD_1LC1RB_0LD1LA_1RB1LD	CBT_DXQ_00
0RB0LD_1LC1RB_0RA1LA_1RB1LD	CBT_DXQ_00
0RB0LD_1LC1RB_0RB0LA_0RB1LA	CBT_NG_03
0RB0LD_1LC1RB_0RB0LA_0RB1LD	CBT_LE6_03
0RB0LD_1LC1RB_0RB1LA_0LC1LD	CBT_SP_00
0RB0LD_1LC1RB_0RB1LA_0RB0LA	CBT_NG_03
0RB0LD_1LC1RB_0RB1LA_0RB0LC	CBT_NG_03
0RB0LD_1LC1RB_0RB1LA_0RB1LC	CBT_NG_03
0RB0LD_1LC1RB_0RB1LA_0RB1LD	CBT_SW_01
0RB0LD_1LC1RB_0RB1LA_1LC1LD	CBT_SP_00
0RB0LD_1LC1RB_0RB1LA_1RB1LD	CBT_DXQ_00
0RB0LD_1LC1RB_0RB1LD_0RB0LA	CBT_NG_03
0RB0LD_1LC1RB_0RB1LD_0RB1LA	CBT_NG_03
0RB0LD_1LC1RB_0RC1LA_0RB0LA	CBT_NG_04
0RB0LD_1LC1RB_0RC1LA_0RB1LC	CBT_NG_04
0RB0LD_1LC1RB_0RC1LA_0RB1LD	CBT_SW_01
0RB0LD_1LC1RB_0RC1LA_1RB1LD	CBT_DXQ_00
0RB0LD_1LC1RB_0RC1LD_0RB0LA	CBT_NG_04
0RB0LD_1LC1RB_0RC1LD_0RB1LA	CBT_NG_04
0RB0LD_1LC1RB_0RD0LA_0RB1LA	CBT_NG_04
0RB0LD_1LC1RB_0RD0LA_0RB1LD	CBT_LE6_03
0RB0LD_1LC1RB_0RD1LA_0RB1LD	CBT_SW_01
0RB0LD_1LC1RB_0RD1LA_1RB1LD	CBT_DXQ_00
0RB0LD_1LC1RB_0RD1LD_0RB1LA	CBT_NG_04
0RB0LD_1LC1RB_1LA0LA_1RD0RB	CBT_RW_01
0RB0LD_1LC1RB_1LA0RA_0RB1LD	CBT_DX1_00
0RB0LD_1LC1RB_1LA1LA_0RB1LD	CBT_DX1_00
0RB0LD_1LC1RB_1LA1LA_0RC1LD	CBT_SW_01
0RB0LD_1LC1RB_1LA1LA_1LB1LA	CBT_SPB_16
0RB0LD_1LC1RB_1LA1LA_1RB1LD	CBT_DXQ_00
0RB0LD_1LC1RB_1LA1RC_0RC1LA	CBT_NG_04
0RB0LD_1LC1RB_1LD1LA_0RB1LD	CBT_QS_01
0RB0LD_1LC1RB_1LD1LA_0RC1LD	CBT_SW_01
0RB0LD_1LC1RB_1LD1LA_1RB1LD	CBT_DXQ_00
0RB0LD_1LC1RB_1LD1RC_0RC1LA	CBT_SP_27
0RB0LD_1LC1RB_1RA1LA_0RB1LD	CBT_DX1_00
0RB0LD_1LC1RB_1RA1LA_0RC1LD	CBT_SW_01
0RB0LD_1LC1RB_1RA1LA_1LB1LA	CBT_SPB_16
0RB0LD_1LC1RB_1RA1LA_1RB1LD	CBT_DXQ_00
0RB0LD_1LC1RB_1RB0LA_1RD0RB	CBT_TA_00
0RB0LD_1LC1RB_1RB1LA_0RB1LD	CBT_QS_01
0RB0LD_1LC1RB_1RB1LA_0RC1LD	CBT_SW_01
0RB0LD_1LC1RB_1RB1LA_1LB1LA	CBT_SPB_16
0RB0LD_1LC1RB_1RB1LA_1RB1LD	CBT_DXQ_00
0RB0LD_1LC1RB_1RB1LA_1RC1LA	CBT_SPB_01
0RB0LD_1LC1RB_1RC1LA_1RB1LD	CBT_DXQ_00
0RB0LD_1LC1RB_1RD1LA_0RB1LD	CBT_QS_01
0RB0LD_1LC1RB_1RD1LA_0RC1LD	CBT_SW_01
0RB0LD_1LC1RB_1RD1LA_1RB1LD	CBT_DXQ_00
0RB0LD_1LC1RC_1LA1RC_0RB1LD	CBT_DX1_00
0RB0LD_1LC1RC_1LA1RC_0RC1LD	CBT_QS_01
0RB0LD_1LC1RC_1LD0RA_1RA0LD	CBT_BLC4_01
0RB0LD_1LC1RC_1LD1RA_0RA1LC	CBT_LE4_01
0RB0LD_1LC1RC_1LD1RC_0RC1LA	CBT_QC_04
0RB0LD_1LC1RD_0RB0LD_1RB0LA	CBT_DX2_02
0RB0LD_1LC1RD_0RD0LA_1LA1RB	CBT_DX2_02
0RB0LD_1LC1RD_0RD0LC_1RB1LA	CBT_SP_27
0RB0LD_1LC1RD_1LA0LB_0RB0RC	CBT_SP_00
0RB0LD_1LC1RD_1LA1RC_0RC1LD	CBT_QS_01
0RB0LD_1LC1RD_1LA1RC_1RA0LC	CBT_NG_04
0RB0LD_1LC1RD_1RB1LC_0LC1RA	CBT_SP2_00
0RB0LD_1RC---_0RD1RC_1LD0LA	CBT_DX2_02
0RB0LD_1RC---_1LA1RB_0RB0LA	CBT_QC_04
0RB0LD_1RC---_1LA1RB_0RB0LD	CBT_QC_04
0RB0LD_1RC---_1LD1RB_---0LA	CBT_DX2_02
0RB0LD_1RC0LA_0RD1RC_1LD1LB	CBT_CE_04
0RB0LD_1RC0LA_1LB1RB_---0LA	CBT_DX2_02
0RB0LD_1RC0LA_1LB1RB_---1LA	CBT_DX3_00
0RB0LD_1RC0LA_1LB1RC_0RB1LA	CBT_NG_04
0RB0LD_1RC0LA_1LB1RC_1RD0RC	CBT_TA_01
0RB0LD_1RC0LA_1LD1RB_---1LA	CBT_CE3_00
0RB0LD_1RC0LA_1LD1RB_0RC0LD	CBT_QE_00
0RB0LD_1RC0LA_1LD1RC_0RC1LA	CBT_DX2_02
0RB0LD_1RC0LB_1RD1RB_1LA0RC	CBT_SP_00
0RB0LD_1RC0LC_0RD1RB_1LD0LA	CBT_DX2_02
0RB0LD_1RC0LD_1LA0LC_1RD1RC	CBT_DXQ_00
0RB0LD_1RC0LD_1LA1RB_0RB1LD	CBT_QC_04
0RB0LD_1RC0LD_1LD1RB_0RB1LA	CBT_CE3_00
0RB0LD_1RC0LD_1LD1RC_0RC1LA	CBT_QC_04
0RB0LD_1RC0RA_1LA1RC_0LC0LA	CBT_NG_04
0RB0LD_1RC0RB_1LA1RB_1LA0LB	CBT_NG_04
0RB0LD_1RC0RB_1LA1RC_1LC0LA	CBT_NG_04
0RB0LD_1RC0RB_1LA1RC_1LC0LC	CBT_NG_04
0RB0LD_1RC0RB_1RD1RB_1LA0RC	CBT_SP_00
0RB0LD_1RC0RC_1LA1RC_1RB1LD	CBT_DXS_00
0RB0LD_1RC0RC_1LD1RB_0LB1LA	CBT_NG_04
0RB0LD_1RC0RC_1LD1RB_1LA1RD	CBT_LEF_00
0RB0LD_1RC0RC_1LD1RD_1RB1LA	CBT_RW_01
0RB0LD_1RC0RC_1RD1RB_1LA1LD	CBT_CE3_03
0RB0LD_1RC0RD_1LA0LC_1RD1RC	CBT_DXS_00
0RB0LD_1RC1LB_0LA1RA_1LA1LC	CBT_NG_04
0RB0LD_1RC1LB_0LA1RA_1LB1LA	CBT_SP_00
0RB0LD_1RC1LB_0LB1RD_1RC1LA	CBT_SP_00
0RB0LD_1RC1LB_1LA1RA_1LA0LD	CBT_BLC6_00
0RB0LD_1RC1LB_1LA1RA_1LB1LA	CBT_SP_00
0RB0LD_1RC1LB_1LB1RD_1RC1LA	CBT_SP_00
0RB0LD_1RC1LB_1LD1RA_1LA0LD	CBT_BLC6_01
0RB0LD_1RC1LB_1LD1RC_0RC1LA	CBT_SP_27
0RB0LD_1RC1LB_1RD1RB_1LA0RC	CBT_SP_00
0RB0LD_1RC1LC_1LD1RA_0RA0LC	CBT_NG_04
0RB0LD_1RC1LC_1LD1RC_0RC1LA	CBT_QC_04
0RB0LD_1RC1LD_0LA0RC_1LB---	CBT_DX2_02
0RB0LD_1RC1LD_1LA1RC_0RC1LD	CBT_QS_01
0RB0LD_1RC1LD_1LC1RB_---0LA	CBT_DX2_02
0RB0LD_1RC1LD_1LD1RC_0RC1LA	CBT_QC_04
0RB0LD_1RC1RA_1LD---_0RA1LC	CBT_SP_27
0RB0LD_1RC1RA_1RD1RA_1LA0LD	CBT_RW_01
0RB0LD_1RC1RA_1RD1RB_1LA0LD	CBT_RW_01
0RB0LD_1RC1RB_0LA0RB_1LB1LA	CBT_CE3_03
0RB0LD_1RC1RB_0LA0RC_1LA1RD	CBT_AST_10
0RB0LD_1RC1RB_0LA0RC_1LB1LD	CBT_CE3_00
0RB0LD_1RC1RB_0LD1LD_0RB1LA	CBT_LE6_03
0RB0LD_1RC1RB_0RD0LB_1LD0LA	CBT_DX2_02
0RB0LD_1RC1RB_1LA0LB_0RB1LA	CBT_NG_04
0RB0LD_1RC1RB_1LA0LB_0RC1LA	CBT_NG_04
0RB0LD_1RC1RB_1LA0RA_1RA0LB	CBT_NG_04
0RB0LD_1RC1RB_1LA1LC_0LC1LA	CBT_TA_01
0RB0LD_1RC1RB_1LA1LC_0RA1LA	CBT_TA_00
0RB0LD_1RC1RB_1LA1LC_0RB1LA	CBT_TA_00
0RB0LD_1RC1RB_1LA1LC_0RC1LA	CBT_TA_01
0RB0LD_1RC1RB_1LA1LC_0RD1LA	CBT_TA_01
0RB0LD_1RC1RB_1LA1LC_1LA1LA	CBT_TA_01
0RB0LD_1RC1RB_1LA1LC_1LB0LA	CBT_RW_01
0RB0LD_1RC1RB_1LA1LC_1LB1LA	CBT_TA_01
0RB0LD_1RC1RB_1LA1LC_1LC1LA	CBT_TA_01
0RB0LD_1RC1RB_1LA1LC_1RA1LA	CBT_TA_11
0RB0LD_1RC1RB_1LA1LC_1RB1LA	CBT_TA_01
0RB0LD_1RC1RB_1LA1LC_1RD1LA	CBT_TA_01
0RB0LD_1RC1RB_1LA1LD_0RC1LA	CBT_NG_04
0RB0LD_1RC1RB_1LA1RC_0RB1LA	CBT_NG_04
0RB0LD_1RC1RB_1LA1RC_0RC1LA	CBT_NG_04
0RB0LD_1RC1RB_1LC1LA_---0LA	CBT_DX2_02
0RB0LD_1RC1RB_1LD1LB_---0LA	CBT_DX2_02
0RB0LD_1RC1RB_1LD1LC_0LB1LA	CBT_SPW_02
0RB0LD_1RC1RB_1LD1LC_0RA0LA	CBT_CE3_00
0RB0LD_1RC1RB_1LD1LC_0RA1LA	CBT_DX1_00
0RB0LD_1RC1RB_1LD1LC_0RB1LA	CBT_TA_02
0RB0LD_1RC1RB_1LD1RC_0LA1LA	CBT_SPB_01
0RB0LD_1RC1RB_1LD1RC_0RC1LA	CBT_SP_27
0RB0LD_1RC1RB_1LD1RC_1RC1LA	CBT_SPB_01
0RB0LD_1RC1RB_1RD0RD_1LA0RC	CBT_RW_01
0RB0LD_1RC1RB_1RD1LB_1LA0RC	CBT_SP_00
0RB0LD_1RC1RB_1RD1RA_1LA0RC	CBT_SPW_02
0RB0LD_1RC1RB_1RD1RB_1LA0RC	CBT_SP_00
0RB0LD_1RC1RC_0RD1RB_1LD0LA	CBT_DX2_02
0RB0LD_1RC1RC_1LA1RC_0RB1LD	CBT_QS_09
0RB0LD_1RC1RC_1LA1RC_0RC1LD	CBT_QS_01
0RB0LD_1RC1RC_1LD0RD_1RB0LA	CBT_NG_04
0RB0LD_1RC1RC_1LD1RA_0RA1LC	CBT_SPB_16
0RB0LD_1RC1RC_1LD1RB_---1LA	CBT_SP_27
0RB0LD_1RC1RC_1LD1RC_0RC1LA	CBT_QC_04
0RB0LD_1RC1RC_1LD1RC_1RB1LA	CBT_SP2_00
0RB0LD_1RC1RD_0LB1RB_1LD0LA	CBT_DX2_02
0RB0LD_1RC1RD_0LD1RB_1LB1LA	CBT_SPW_00
0RB0LD_1RC1RD_1LA1RC_0RC1LD	CBT_QS_01
0RB0LD_1RC1RD_1LC1RB_1LB1LA	CBT_SP_00
0RB0LD_1RC1RD_1LD0RC_1RB0LA	CBT_CE_00
0RB0LD_1RC1RD_1LD1RB_1LB1LA	CBT_SPW_00
0RB0LD_1RC1RD_1RD1RB_1LB1LA	CBT_SP_01
0RB0RA_0LC0LD_1RB1LC_1LD1RA	CBT_CE3_00
0RB0RA_0LC0RC_0LD1RA_1RB1LD	CBT_NG_04
0RB0RA_0LC1LD_0LD1LB_1RA1LC	CBT_CE3_00
0RB0RA_0LC1RA_0LD1LD_1RB1LC	CBT_NG_04
0RB0RA_0LC1RA_0RD1LC_1RB1LB	CBT_BLC6_01
0RB0RA_0LC1RA_1LD1LB_1RB1LC	CBT_NG_04
0RB0RA_0LC1RA_1LD1LC_1RB0LC	CBT_HY_00
0RB0RA_0LC1RA_1LD1RC_1RB0LC	CBT_NG_04
0RB0RA_0LC1RA_1RB0LD_1LC1RD	CBT_NG_04
0RB0RA_0LC1RC_0LD1RA_1RB1LD	CBT_NG_04
0RB0RA_1LC0RA_0LD1RA_1RD0LC	CBT_RW_01
0RB0RA_1LC1LB_0LD1RA_1RD0LC	CBT_RW_01
0RB0RA_1LC1RA_0LD0LA_1LA1LB	CBT_HY2_01
0RB0RA_1LC1RA_0LD0LC_1LA1LB	CBT_AST_04
0RB0RA_1LC1RA_0LD0RD_1LA1LB	CBT_HY2_01
0RB0RA_1LC1RA_0LD0RD_1RA1LB	CBT_AST_30
0RB0RA_1LC1RA_0LD1LB_1LA1LB	CBT_BLC6_01
0RB0RA_1LC1RA_0LD1LB_1RA1LB	CBT_BLC6_01
0RB0RA_1LC1RA_0LD1LC_1LA1LB	CBT_HY2_01
0RB0RA_1LC1RA_0LD1LC_1RA1LB	CBT_AST_30
0RB0RA_1LC1RB_0LD1LC_1RA1LD	CBT_HY_00
0RB0RA_1RC0LC_0LD1RA_1LB1LC	CBT_NG_04
0RB0RA_1RC0LD_1RD1RA_1LB1LD	CBT_HY_00
0RB0RA_1RC0RC_1LD1RB_0LD0LA	CBT_DX2_02
0RB0RA_1RC1RA_0LD1LC_1RA1LB	CBT_AST_31
0RB0RA_1RC1RA_1LD1LC_1RB0LC	CBT_HY_00
0RB0RA_1RC1RD_0LD0LC_1RA1LC	CBT_AST_50
0RB0RA_1RC1RD_1LD0LB_1RA0LC	CBT_NG_04
0RB0RA_1RC1RD_1LD0RB_1RA0LC	CBT_DX0_00
0RB0RB_0LC0RA_1LD---_1RA1LC	CBT_QC_04
0RB0RB_0LC0RA_1RB1LD_1LC---	CBT_QC_04
0RB0RB_0LC0RA_1RB1LD_1RA1LC	CBT_CE_05
0RB0RB_0LC0RB_1LD---_1RA1LC	CBT_QC_04
0RB0RB_0LC0RD_1RB1LC_0LA1RD	CBT_DX1_00
0RB0RB_0LC1RA_1LD1LC_1RB1RD	CBT_TA_01
0RB0RB_0LC1RA_1RB1LC_------	CBT_SPB_01
0RB0RB_0LC1RA_1RB1LD_1LC0RA	CBT_CE3_03
0RB0RB_0LC1RB_1LA1LD_1LC1RA	CBT_SP2_00
0RB0RB_0LC1RB_1LD0RB_1RA1LC	CBT_QC_04
0RB0RB_0LC1RB_1LD1LD_1RA1LD	CBT_QS_09
0RB0RB_0LC1RB_1RB1LD_1RA1LD	CBT_QS_09
0RB0RB_0LC1RB_1RD1LC_0LB1RA	CBT_DX1_01
0RB0RB_0LC1RB_1RD1LC_0LC1RA	CBT_DX1_01
0RB0RB_0LC1RB_1RD1LC_1LB1RA	CBT_QS_01
0RB0RB_0LC1RB_1RD1LC_1LC1RA	CBT_QS_02
0RB0RB_0LC1RB_1RD1LC_1RB1RA	CBT_QS_02
0RB0RB_0LC1RC_1LD1RA_1RB1LD	CBT_SPB_01
0RB0RB_0LC1RD_1LD1LC_1RB0LA	CBT_SP_01
0RB0RB_0LC1RD_1RB1LC_0LA0RB	CBT_QC_04
0RB0RB_0LC1RD_1RB1LC_0LA1RA	CBT_CE_00
0RB0RB_0LC1RD_1RB1LC_0LC1RA	CBT_SPB_01
0RB0RB_0LC1RD_1RB1LC_0LD1RA	CBT_SP_04
0RB0RB_0LC1RD_1RB1LC_0RB1RA	CBT_SP_04
0RB0RB_0LC1RD_1RB1LC_1LB1RA	CBT_SP2_00
0RB0RB_0LC1RD_1RB1LC_1LC1RA	CBT_SP2_00
0RB0RB_0LC1RD_1RB1LC_1LD1RA	CBT_SP_04
0RB0RB_0LC1RD_1RB1LC_1RA0LB	CBT_SP2_00
0RB0RB_0LC1RD_1RB1LC_1RA1RA	CBT_SP2_00
0RB0RB_0LC1RD_1RB1LC_1RB1RA	CBT_SP2_00
0RB0RB_0LC1RD_1RB1LC_1RC1RA	CBT_CE_05
0RB0RB_0RC1LD_1LB1RC_0LB1LA	CBT_SP2_00
0RB0RB_1LA1LC_0LD0LC_1RD1RB	CBT_TI_02
0RB0RB_1LA1RC_0LD1RA_1RB1LD	CBT_SP2_00
0RB0RB_1LC1RA_1LD0LC_0RA1LB	CBT_LEF_00
0RB0RB_1LC1RB_0LD0LA_1RD0RB	CBT_SP_01
0RB0RB_1LC1RB_1LD0LA_0RB0LC	CBT_SP2_00
0RB0RB_1LC1RB_1LD1RA_1LA0LD	CBT_NG_04
0RB0RB_1LC1RB_1RB0LD_1RA1LD	CBT_DXS_00
0RB0RB_1LC1RC_1LD1RA_1RB0LD	CBT_BLC5_01
0RB0RB_1LC1RD_1RB1LC_0LC1RA	CBT_SP2_00
0RB0RB_1RC0LC_1LD1RA_0RA1LC	CBT_NG_04
0RB0RB_1RC1LB_1LA1RD_0LB0RC	CBT_QC_04
0RB0RB_1RC1RA_1LD1LC_0RA0LC	CBT_CE3_03
0RB0RB_1RC1RB_1LD0LA_1LA0LC	CBT_NG_04
0RB0RB_1RC1RC_0LD1RA_1RB1LD	CBT_SP2_00
0RB0RC_0LC---_0LD1RA_1RC1LD	CBT_DX2_02
0RB0RC_0LC0RA_0LD1RC_1RB1LD	CBT_LE6_03
0RB0RC_0LC0RC_0LD1RA_1RB1LD	CBT_NG_04
0RB0RC_0LC1RA_0LD1RC_1RB1LD	CBT_SW_01
0RB0RC_0LC1RA_1LD1LB_0RB1LC	CBT_SP_05
0RB0RC_0LC1RA_1LD1RC_1LA0LB	CBT_MB_00
0RB0RC_0LC1RA_1LD1RC_1LA0LD	CBT_NG_04
0RB0RC_0LC1RA_1LD1RC_1RB1LD	CBT_SP_05
0RB0RC_0LC1RB_1LD1RA_0RB1LC	CBT_SP_05
0RB0RC_0LC1RB_1LD1RA_1LA1LC	CBT_SP_05
0RB0RC_0LC1RB_1LD1RA_1RB1LC	CBT_SP_05
0RB0RC_0LC1RC_0LD1RA_1RB1LD	CBT_NG_04
0RB0RC_0LC1RD_1RB0LD_1RA1LC	CBT_NG_04
0RB0RC_0RC0LD_1LD1RC_1LB0LA	CBT_CE_00
0RB0RC_0RC1RC_1LD1RB_1LA0LB	CBT_SP_05
0RB0RC_0RC1RC_1LD1RB_1LA1LD	CBT_SP_05
0RB0RC_1LA0LC_0LD1RA_1RC1LD	CBT_SP_27
0RB0RC_1LA1LC_0LD1RA_1RC1LD	CBT_QC_04
0RB0RC_1LA1LC_0LD1RC_1RA1LD	CBT_QS_02
0RB0RC_1LA1RB_0LD1LC_0RB1LD	CBT_DX1_01
0RB0RC_1LA1RB_1RC1LD_0LA0LD	CBT_CE3_00
0RB0RC_1LA1RC_1RB1LD_0LD0LA	CBT_DX2_02
0RB0RC_1LC0LA_0LD0RA_1RC1LD	CBT_NG_04
0RB0RC_1LC0LA_0LD1RA_1RA1LD	CBT_NG_04
0RB0RC_1LC0LA_0LD1RA_1RC1LD	CBT_SP_27
0RB0RC_1LC0LB_0LD1LD_1RA1LC	CBT_HY3_00
0RB0RC_1LC0LB_0LD1RA_1RC1LD	CBT_SP_28
0RB0RC_1LC0LC_0LD0RA_1RC1LD	CBT_NG_04
0RB0RC_1LC0LC_0LD1RA_1RA1LD	CBT_NG_04
0RB0RC_1LC0LC_0LD1RA_1RC1LD	CBT_DX2_02
0RB0RC_1LC0LD_0LD1RA_1RC1LD	CBT_SP_28
0RB0RC_1LC0LD_1RD1RC_1LB1LA	CBT_AST_10
0RB0RC_1LC0RA_1RD1LB_0LC0RD	CBT_QE_00
0RB0RC_1LC0RB_0LD1RA_1RC1LD	CBT_SP_28
0RB0RC_1LC0RD_0LD0LB_1RA0LA	CBT_NG_04
0RB0RC_1LC0RD_0LD1RA_1RC1LD	CBT_SPB_16
0RB0RC_1LC0RD_1LD0LD_1RA0LC	CBT_RW_01
0RB0RC_1LC1LC_0LD1RA_1RC1LD	CBT_QC_04
0RB0RC_1LC1LC_0LD1RC_1RA1LD	CBT_QS_02
0RB0RC_1LC1LD_0LD1RA_1RA0LA	CBT_NG_04
0RB0RC_1LC1LD_1RD1RA_1LB1LC	CBT_SP_05
0RB0RC_1LC1RA_0LD1RB_1RC1LD	CBT_SP2_00
0RB0RC_1LC1RA_0LD1RC_1RB1LD	CBT_DX1_01
0RB0RC_1LC1RA_1LD0LB_0RB0LA	CBT_SP_05
0RB0RC_1LC1RA_1LD0LB_0RB0LD	CBT_SP_05
0RB0RC_1LC1RA_1LD0LB_0RB1LC	CBT_SP_05
0RB0RC_1LC1RA_1LD0LB_1RB0RC	CBT_SP_05
0RB0RC_1LC1RA_1LD0LB_1RB1LA	CBT_TI_01
0RB0RC_1LC1RA_1LD0LB_1RB1LB	CBT_SP_05
0RB0RC_1LC1RA_1LD0LB_1RB1LC	CBT_TI_01
0RB0RC_1LC1RA_1LD0LB_1RB1RA	CBT_SP_05
0RB0RC_1LC1RA_1LD0LB_1RC1LC	CBT_SPW_00
0RB0RC_1LC1RA_1LD0LB_1RD1RA	CBT_SP_05
0RB0RC_1LC1RA_1LD0LC_1RD0LB	CBT_BL_00
0RB0RC_1LC1RA_1LD1RC_1RB1LD	CBT_SP_05
0RB0RC_1LC1RA_1RD1LB_0LC0RD	CBT_QE_00
0RB0RC_1LC1RB_0LD1RA_1RC1LD	CBT_SPB_16
0RB0RC_1LC1RB_0RB1LD_0LC1LA	CBT_SPB_02
0RB0RC_1LC1RB_1LD0LA_1LA0LC	CBT_NG_04
0RB0RC_1LC1RD_0LD---_1RA0LA	CBT_RW_01
0RB0RC_1LC1RD_0LD1RA_1RC1LD	CBT_SPB_16
0RB0RC_1LC1RD_0RD0LC_1RB1LA	CBT_QE_00
0RB0RC_1RC0LA_0LD1RB_1LB1LD	CBT_SW_01
0RB0RC_1RC0LA_1LD1RB_0LD1LA	CBT_DX2_03
0RB0RC_1RC0LA_1LD1RB_0RC0LD	CBT_QE_00
0RB0RC_1RC0LB_0LD1LD_1RA1LC	CBT_BL_00
0RB0RC_1RC0LC_1LD1RB_0LD0LA	CBT_DX2_03
0RB0RC_1RC0LD_1LD0RD_1LB1RA	CBT_RW_01
0RB0RC_1RC0LD_1RD1RC_1LB1LA	CBT_AST_11
0RB0RC_1RC0RA_0RD1RD_1LD0LB	CBT_SP_05
0RB0RC_1RC0RA_1LD0LD_1RB1LC	CBT_DX0_00
0RB0RC_1RC0RD_0LD0RA_1LB1LC	CBT_RW_01
0RB0RC_1RC1LA_1LD1RB_0LD0LA	CBT_DX2_03
0RB0RC_1RC1LA_1LD1RB_0RC0LD	CBT_QE_00
0RB0RC_1RC1LB_0LB1RD_0LA0RC	CBT_QC_04
0RB0RC_1RC1LB_0LB1RD_0LA1RA	CBT_SPB_02
0RB0RC_1RC1LB_0LB1RD_0LB1RA	CBT_SPB_02
0RB0RC_1RC1LB_0LB1RD_1RB1RA	CBT_CE_05
0RB0RC_1RC1LB_0LC1RD_0LB1RA	CBT_SPB_02
0RB0RC_1RC1LB_0LD0RA_1LB0LC	CBT_NG_04
0RB0RC_1RC1LB_0LD1RA_1LB1RD	CBT_LEF_00
0RB0RC_1RC1LB_1LA1RD_0LB0RC	CBT_QC_04
0RB0RC_1RC1LB_1LD1RC_0LB0LA	CBT_SP_05
0RB0RC_1RC1LB_1LD1RD_0LB1RA	CBT_LE5_02
0RB0RC_1RC1LD_0LB0RA_1LB---	CBT_QC_04
0RB0RC_1RC1LD_0LB0RA_1RA1LB	CBT_CE_05
0RB0RC_1RC1LD_0LB1RA_1LB0RA	CBT_CE3_03
0RB0RC_1RC1LD_0LB1RC_1LB1LA	CBT_SP2_00
0RB0RC_1RC1LD_0LB1RC_1RA1LD	CBT_QS_09
0RB0RC_1RC1LD_0LD1RC_1LB1LA	CBT_SPB_02
0RB0RC_1RC1LD_1RD1RA_1LB1LC	CBT_SPW_00
0RB0RC_1RC1RA_1LD0LA_1RB0LC	CBT_NG_04
0RB0RC_1RC1RA_1LD1RB_1LA0LD	CBT_NG_04
0RB0RC_1RC1RB_0LD1RA_1LB1LD	CBT_TA_02
0RB0RC_1RC1RB_1LD1RA_0RB1LC	CBT_SPW_00
0RB0RC_1RC1RB_1LD1RA_1LA1LC	CBT_BLC_00
0RB0RC_1RC1RB_1LD1RA_1RB1LC	CBT_BLC_00
0RB0RC_1RC1RC_1LD1RB_0LD0LA	CBT_DX2_03
0RB0RC_1RC1RD_0LD0LC_1RA1LC	CBT_HY2_00
0RB0RC_1RC1RD_1LD1RB_1LA0LD	CBT_NG_04
0RB0RD_0LC---_1RD1LC_0LC1RA	CBT_SP_28
0RB0RD_0LC1LC_1RD0LB_1LB1RA	CBT_HY_00
0RB0RD_0LC1RA_1LA1LB_1LB1RD	CBT_SPW_00
0RB0RD_0LC1RA_1RB1LC_0LB0RB	CBT_NG_04
0RB0RD_0LC1RA_1RB1LC_0LC1RD	CBT_DX1_01
0RB0RD_0LC1RA_1RB1LC_0LD0RB	CBT_NG_05
0RB0RD_0LC1RA_1RB1LC_0RB1RD	CBT_SP_05
0RB0RD_0LC1RA_1RB1LC_1LC1RD	CBT_SP_05
0RB0RD_0LC1RA_1RB1LC_1RB1RD	CBT_SP_05
0RB0RD_0LC1RA_1RD1LC_0LC1RB	CBT_SPB_02
0RB0RD_0LC1RA_1RD1LC_0LD1RB	CBT_CE_00
0RB0RD_0LC1RA_1RD1LC_1LA1RB	CBT_SPB_02
0RB0RD_0LC1RA_1RD1LC_1LC1RB	CBT_SP2_00
0RB0RD_0LC1RA_1RD1LC_1RB1RB	CBT_SPB_02
0RB0RD_0LC1RB_1LD1RD_1RA0LD	CBT_BX_04
0RB0RD_0LC1RD_1LD---_1RA0LD	CBT_BX_02
0RB0RD_0LC1RD_1RB1LC_0LA0RB	CBT_SP_28
0RB0RD_0LC1RD_1RB1LD_1RA0LD	CBT_BX_02
0RB0RD_0RC1LB_1LA1RC_0LB1LD	CBT_DX1_01
0RB0RD_1LA0LC_1RD1LC_0LC1RA	CBT_SP_28
0RB0RD_1LA1RC_1RD1LC_0LC1RA	CBT_SPB_16
0RB0RD_1LC---_1RA1LB_0LB0RA	CBT_QC_04
0RB0RD_1LC---_1RA1LB_0LB0RD	CBT_QC_04
0RB0RD_1LC0LA_0RD0LB_1LB1RD	CBT_CE_00
0RB0RD_1LC0LB_1RA1LB_0LB0RC	CBT_NG_05
0RB0RD_1LC0LB_1RA1LB_1LA0RC	CBT_NG_05
0RB0RD_1LC0LC_1RA1LB_1LD1RC	CBT_NG_05
0RB0RD_1LC0LC_1RA1LC_1LB1RD	CBT_DXS_00
0RB0RD_1LC0RA_1RD1LB_0LC0RD	CBT_QE_00
0RB0RD_1LC0RC_0LD0LA_1RA0LB	CBT_NG_05
0RB0RD_1LC0RD_1LA1LB_0LB1RA	CBT_SW_01
0RB0RD_1LC0RD_1LA1LB_1RB1RA	CBT_SPW_00
0RB0RD_1LC0RD_1RA1LB_0LB1RD	CBT_QC_04
0RB0RD_1LC1LB_0RA0LB_1RB1RA	CBT_CE3_03
0RB0RD_1LC1LC_1RA1LC_0LB1RD	CBT_QS_09
0RB0RD_1LC1LD_1LA1LB_1RB1RA	CBT_SP_05
0RB0RD_1LC1RA_1LA1LB_0LC1RD	CBT_LE_05
0RB0RD_1LC1RA_1RD0LB_1LB1RC	CBT_SP_05
0RB0RD_1LC1RB_1RA0LC_1LB0LC	CBT_HY_00
0RB0RD_1LC1RB_1RA0LC_1LD0LC	CBT_HY_00
0RB0RD_1LC1RB_1RA1LC_0LB0LC	CBT_SP_05
0RB0RD_1LC1RB_1RA1LC_1LB0LC	CBT_SP_05
0RB0RD_1LC1RB_1RA1LC_1LD0LC	CBT_SP_05
0RB0RD_1LC1RD_1LA1LB_0LB1RA	CBT_SW_01
0RB0RD_1LC1RD_1LA1LB_1RB1RA	CBT_SP_05
0RB0RD_1LC1RD_1RA0LC_1LB1RA	CBT_NG_05
0RB0RD_1RC---_1LD1RB_0LD0LA	CBT_DX2_03
0RB0RD_1RC---_1RD1LC_0LC1RA	CBT_SPB_16
0RB0RD_1RC0LA_1LB1RB_0LD0LA	CBT_DX2_03
0RB0RD_1RC0LA_1LD1RB_0RC0LD	CBT_QE_00
0RB0RD_1RC0LC_1LB1RD_1LC1RA	CBT_LEF_00
0RB0RD_1RC0LC_1RD1LC_1LB1RA	CBT_SP2_00
0RB0RD_1RC0LD_0LA1RB_1LC1LB	CBT_SP_05
0RB0RD_1RC0LD_0LD1RA_1RA1LC	CBT_SPW_02
0RB0RD_1RC0LD_1LD0RC_1LA1LB	CBT_DX2_03
0RB0RD_1RC1LA_1LD1RB_0RC0LD	CBT_QE_00
0RB0RD_1RC1LB_0LD1RA_1RA1LC	CBT_SPW_02
0RB0RD_1RC1LB_0RD1RA_1LD0LB	CBT_SP_05
0RB0RD_1RC1LB_1LA1RD_0LB0RC	CBT_QC_04
0RB0RD_1RC1LB_1LB0RA_1LD0LB	CBT_AST_03
0RB0RD_1RC1LB_1LB1RA_0LB1RD	CBT_QS_02
0RB0RD_1RC1LB_1LB1RA_0LC1RA	CBT_LEF_00
0RB0RD_1RC1LB_1LC1RA_1LD0LB	CBT_SP_05
0RB0RD_1RC1LB_1LD1RA_0LB1RD	CBT_QS_02
0RB0RD_1RC1LB_1RD1RA_0LB1RD	CBT_QS_02
0RB0RD_1RC1LC_1LB1RA_1RA0RC	CBT_NG_05
0RB0RD_1RC1LC_1LB1RD_1RA0LC	CBT_SPB_16
0RB0RD_1RC1LD_1LB1RC_1LB1RA	CBT_SPW_00
0RB0RD_1RC1LD_1LC1RB_0LD0LA	CBT_DX2_03
0RB0RD_1RC1RA_1LD1RA_1LB0LC	CBT_SPW_02
0RB0RD_1RC1RB_0LD1RA_1RA1LC	CBT_SPW_02
0RB0RD_1RC1RB_1LD1LB_0LD0LA	CBT_DX2_03
0RB0RD_1RC1RD_1LD1RA_1LB0LC	CBT_SPW_02
0RB1LA_0LC0LC_0RD0LA_1LC1RD	CBT_DX1_01
0RB1LA_0LC0RC_0LD1RA_1RB1LD	CBT_NG_05
0RB1LA_0LC1LC_0RD0LA_1LC1RD	CBT_DX1_01
0RB1LA_0LC1LC_1RD0LA_1LB1RD	CBT_SP_05
0RB1LA_0LC1RB_1LD0RB_1RA1LC	CBT_SP_28
0RB1LA_0LC1RD_0LD1LD_1RB0LA	CBT_LE3_01
0RB1LA_0LC1RD_0RD0LA_1LC1RD	CBT_DX1_01
0RB1LA_0LC1RD_1LA1LC_1RB0LA	CBT_SP_28
0RB1LA_0LC1RD_1LA1LD_1RB0LA	CBT_LE3_01
0RB1LA_0LC1RD_1LA1RA_1RB0LA	CBT_SP_28
0RB1LA_0LC1RD_1LA1RC_1RB0LA	CBT_SP_28
0RB1LA_0LC1RD_1LD0RB_1RB0LA	CBT_LE5_01
0RB1LA_0LC1RD_1LD1LD_1RB0LA	CBT_LE5_01
0RB1LA_0LC1RD_1LD1RA_1RB0LA	CBT_SP_28
0RB1LA_0LC1RD_1LD1RC_1RB0LA	CBT_SP_28
0RB1LA_0LC1RD_1RB1LC_1LA0RB	CBT_SP_28
0RB1LA_0LC1RD_1RB1LD_1RB0LA	CBT_LE5_01
0RB1LA_0LC1RD_1RD1LC_1RB0LA	CBT_SP_28
0RB1LA_0LC1RD_1RD1LD_1RB0LA	CBT_LE3_01
0RB1LA_0RC0LD_1LD1RB_0LA---	CBT_DX2_03
0RB1LA_0RC1LB_1LA1RD_1RC0LB	CBT_SP_28
0RB1LA_0RC1LB_1RD0LB_1LA1RC	CBT_SP_28
0RB1LA_0RC1LC_1RD0LB_0LA1RC	CBT_SW_01
0RB1LA_0RC1LC_1RD0LB_1LA1RC	CBT_SW_01
0RB1LA_0RC1LD_1LA1RD_1RB0LA	CBT_LEF_00
0RB1LA_0RC1LD_1LB1RC_1RC0LA	CBT_SP_05
0RB1LA_0RC1LD_1LD1RD_1RB0LA	CBT_LEF_00
0RB1LA_1LA0LC_0RD0LA_1LC1RD	CBT_DX1_01
0RB1LA_1LA1LC_0LD0LC_1RD1RB	CBT_SPW_00
0RB1LA_1LA1LC_0RD0LA_1LB1RD	CBT_SW_01
0RB1LA_1LA1LC_0RD0LA_1LC1RD	CBT_DX1_01
0RB1LA_1LA1LC_1RD0LA_1LB1RD	CBT_SP_05
0RB1LA_1LA1LC_1RD0LB_0LA1RC	CBT_SP_05
0RB1LA_1LA1LC_1RD0LB_1LA1RC	CBT_SP_05
0RB1LA_1LA1LC_1RD0LB_1RB1RC	CBT_SP_05
0RB1LA_1LA1RC_0LC1RD_1RB0LA	CBT_SP2_00
0RB1LA_1LA1RC_1LA1RD_1RB0LA	CBT_LEF_00
0RB1LA_1LA1RC_1LB1RD_1RB0LA	CBT_SP2_00
0RB1LA_1LA1RC_1LD1RB_0RB0LD	CBT_CE3_00
0RB1LA_1LA1RC_1LD1RB_0RC0LD	CBT_CE3_00
0RB1LA_1LA1RC_1LD1RC_---0LA	CBT_DX1_01
0RB1LA_1LA1RC_1LD1RD_1RB0LA	CBT_LE_06
0RB1LA_1LA1RC_1RB0LA_------	CBT_SP2_00
0RB1LA_1LA1RC_1RB0LD_---1LA	CBT_SP_28
0RB1LA_1LA1RC_1RB0LD_0LA1LC	CBT_SPW_02
0RB1LA_1LA1RC_1RB0LD_0RA1LC	CBT_SW_07
0RB1LA_1LA1RC_1RB0LD_0RB1LD	CBT_SP_28
0RB1LA_1LA1RC_1RB0LD_0RC1LC	CBT_SW_06
0RB1LA_1LA1RC_1RB0LD_0RD1LC	CBT_SW_06
0RB1LA_1LA1RC_1RB0LD_1LA1LC	CBT_SPW_02
0RB1LA_1LA1RC_1RB0LD_1LC1LC	CBT_SP_05
0RB1LA_1LA1RC_1RB0LD_1RA1LC	CBT_SPW_02
0RB1LA_1LA1RC_1RB0LD_1RC1LC	CBT_SPW_02
0RB1LA_1LA1RC_1RB0LD_1RD1LC	CBT_SP_05
0RB1LA_1LA1RC_1RB0RD_0LA1LD	CBT_LE2_01
0RB1LA_1LA1RC_1RB1RD_0LB0LA	CBT_SP2_01
0RB1LA_1LA1RC_1RB1RD_1LD0LA	CBT_LE4_03
0RB1LA_1LA1RC_1RB1RD_1RB0LA	CBT_SP2_01
0RB1LA_1LA1RC_1RD0LA_0LD1RB	CBT_SPB_02
0RB1LA_1LA1RC_1RD0LA_1LA1RB	CBT_SPB_02
0RB1LA_1LA1RC_1RD0LA_1LC1RB	CBT_SPB_02
0RB1LA_1LA1RC_1RD0LA_1RB0LA	CBT_SPB_16
0RB1LA_1LA1RC_1RD0LA_1RB0LC	CBT_SP2_01
0RB1LA_1LA1RC_1RD0LA_1RB1LB	CBT_SPB_16
0RB1LA_1LA1RC_1RD0LA_1RB1RB	CBT_SP2_01
0RB1LA_1LA1RC_1RD0LB_1RB0LA	CBT_SP2_01
0RB1LA_1LA1RC_1RD1RD_1RB0LA	CBT_SP2_01
0RB1LA_1LC0LA_0RD0LB_1RB1RD	CBT_DX1_01
0RB1LA_1LC0LA_0RD0LC_1RB1RD	CBT_CE3_04
0RB1LA_1LC0LC_0RD0LA_1LC1RD	CBT_DX1_01
0RB1LA_1LC0LD_1LA0LC_1RD1RC	CBT_DXQ_00
0RB1LA_1LC0LD_1LD1RC_0RC0LA	CBT_DX1_01
0RB1LA_1LC0LD_1RD0RC_0LA1RC	CBT_NG_05
0RB1LA_1LC0RA_0LD1RA_1RD0LC	CBT_RW_01
0RB1LA_1LC1LC_0RD0LA_1LB1RD	CBT_SW_01
0RB1LA_1LC1LC_0RD0LA_1LC1RD	CBT_DX1_01
0RB1LA_1LC1LC_1RD0LA_1LB1RD	CBT_SP_05
0RB1LA_1LC1LC_1RD0LB_0LA1RC	CBT_SP_05
0RB1LA_1LC1LC_1RD0LB_1LA1RC	CBT_SP_05
0RB1LA_1LC1LD_1LD1RC_0RC0LA	CBT_DX1_01
0RB1LA_1LC1RB_0LD0LA_0RD1RA	CBT_QS_02
0RB1LA_1LC1RB_0LD0LA_1RA1RA	CBT_QS_02
0RB1LA_1LC1RB_0LD0LA_1RC1RA	CBT_QS_02
0RB1LA_1LC1RB_0LD0LA_1RD1RA	CBT_QS_02
0RB1LA_1LC1RB_0LD0LD_1RD1LA	CBT_QS_02
0RB1LA_1LC1RB_0LD1LD_0RA0LA	CBT_SW_01
0RB1LA_1LC1RB_0LD1LD_1LA0LA	CBT_DX1_01
0RB1LA_1LC1RB_0LD1LD_1RA0LA	CBT_DX1_01
0RB1LA_1LC1RB_0LD1LD_1RB0LA	CBT_DX1_01
0RB1LA_1LC1RB_0RA0LA_------	CBT_DX1_01
0RB1LA_1LC1RB_0RA0LD_0LC0LA	CBT_LE6_03
0RB1LA_1LC1RB_0RA0LD_0LC1LA	CBT_DX1_01
0RB1LA_1LC1RB_0RA0LD_0LC1LD	CBT_DX1_01
0RB1LA_1LC1RB_0RA0LD_0RB0LA	CBT_LE6_03
0RB1LA_1LC1RB_0RA0LD_0RB1LA	CBT_DX1_01
0RB1LA_1LC1RB_0RA0LD_1RD1LA	CBT_QS_02
0RB1LA_1LC1RB_0RA0RD_0LA1LD	CBT_DX1_01
0RB1LA_1LC1RB_0RA1LD_0LA0LA	CBT_DX1_01
0RB1LA_1LC1RB_0RA1LD_0LA0RC	CBT_DX1_01
0RB1LA_1LC1RB_0RA1LD_0LC0LA	CBT_SW_01
0RB1LA_1LC1RB_0RA1LD_0RA0LA	CBT_SW_01
0RB1LA_1LC1RB_0RA1LD_0RB0LA	CBT_SW_01
0RB1LA_1LC1RB_0RA1LD_0RD0LA	CBT_SW_01
0RB1LA_1LC1RB_0RA1LD_1LA0LA	CBT_QS_02
0RB1LA_1LC1RB_0RA1LD_1LB0LA	CBT_DX1_01
0RB1LA_1LC1RB_0RA1LD_1LC0LA	CBT_DX1_01
0RB1LA_1LC1RB_0RA1LD_1RA0LA	CBT_QS_02
0RB1LA_1LC1RB_0RA1LD_1RB0LA	CBT_QS_02
0RB1LA_1LC1RB_0RA1LD_1RC0LA	CBT_DX1_01
0RB1LA_1LC1RB_0RB0LA_------	CBT_DX1_01
0RB1LA_1LC1RB_0RB0LD_0RB0LA	CBT_LE6_03
0RB1LA_1LC1RB_0RB0LD_0RB1LA	CBT_DX1_01
0RB1LA_1LC1RB_0RB0LD_1RD1LA	CBT_QS_02
0RB1LA_1LC1RB_0RB0RD_0LA1LD	CBT_DX1_01
0RB1LA_1LC1RB_0RB1LD_0LA0LA	CBT_DX1_01
0RB1LA_1LC1RB_0RB1LD_0LA0RC	CBT_DX1_01
0RB1LA_1LC1RB_0RB1LD_0LC0LA	CBT_DX1_01
0RB1LA_1LC1RB_0RB1LD_0RA0LA	CBT_SW_01
0RB1LA_1LC1RB_0RB1LD_0RA0LC	CBT_DX2_03
0RB1LA_1LC1RB_0RB1LD_0RB0LA	CBT_SW_01
0RB1LA_1LC1RB_0RB1LD_0RD0LA	CBT_SW_01
0RB1LA_1LC1RB_0RB1LD_1LA0LA	CBT_QS_02
0RB1LA_1LC1RB_0RB1LD_1LB0LA	CBT_DX1_01
0RB1LA_1LC1RB_0RB1LD_1LC0LA	CBT_DX1_01
0RB1LA_1LC1RB_0RB1LD_1RA0LA	CBT_QS_02
0RB1LA_1LC1RB_0RB1LD_1RA0LC	CBT_SP_28
0RB1LA_1LC1RB_0RB1LD_1RB0LA	CBT_QS_02
0RB1LA_1LC1RB_0RB1LD_1RC0LA	CBT_DX1_01
0RB1LA_1LC1RB_0RC1LD_0RA0LA	CBT_SW_00
0RB1LA_1LC1RB_0RC1LD_0RB0LA	CBT_SW_01
0RB1LA_1LC1RB_0RC1LD_1LA0LA	CBT_DX1_01
0RB1LA_1LC1RB_0RC1LD_1RA0LA	CBT_DX1_01
0RB1LA_1LC1RB_0RC1LD_1RB0LA	CBT_DX1_01
0RB1LA_1LC1RB_0RD0LD_0RB1LA	CBT_DX1_01
0RB1LA_1LC1RB_0RD0LD_1RD1LA	CBT_QS_02
0RB1LA_1LC1RB_1LA0LA_------	CBT_DX1_01
0RB1LA_1LC1RB_1LA0LD_0RB1LA	CBT_DX1_01
0RB1LA_1LC1RB_1LA0LD_0RC1LA	CBT_DX1_01
0RB1LA_1LC1RB_1LA0LD_1RC1LA	CBT_DX1_01
0RB1LA_1LC1RB_1LA0LD_1RD1LA	CBT_QS_02
0RB1LA_1LC1RB_1LA0RD_0LA1LD	CBT_DX1_01
0RB1LA_1LC1RB_1LA1LD_---0LA	CBT_DX1_01
0RB1LA_1LC1RB_1LA1LD_0LA0RC	CBT_DX1_01
0RB1LA_1LC1RB_1LD0LD_0RB1LA	CBT_DX1_02
0RB1LA_1LC1RB_1LD0LD_1RC1LA	CBT_DX1_02
0RB1LA_1LC1RB_1LD0LD_1RD1LA	CBT_QS_02
0RB1LA_1LC1RB_1LD0RD_0RA0LA	CBT_DX1_02
0RB1LA_1LC1RB_1LD0RD_0RB0LA	CBT_DX1_02
0RB1LA_1LC1RB_1LD0RD_1LA0LA	CBT_DX1_02
0RB1LA_1LC1RB_1LD0RD_1RA0LA	CBT_DX1_02
0RB1LA_1LC1RB_1LD0RD_1RB0LA	CBT_DX1_02
0RB1LA_1LC1RB_1LD1LD_0RA0LA	CBT_DX1_02
0RB1LA_1LC1RB_1LD1LD_0RB0LA	CBT_DX1_02
0RB1LA_1LC1RB_1LD1LD_1LA0LA	CBT_QS_02
0RB1LA_1LC1RB_1LD1LD_1RA0LA	CBT_QS_02
0RB1LA_1LC1RB_1LD1LD_1RB0LA	CBT_QS_02
0RB1LA_1LC1RB_1RA0LA_------	CBT_DX1_02
0RB1LA_1LC1RB_1RA0LD_0LC1LA	CBT_DX1_02
0RB1LA_1LC1RB_1RA0LD_0RB1LA	CBT_DX1_02
0RB1LA_1LC1RB_1RA0LD_0RC1LA	CBT_DX1_02
0RB1LA_1LC1RB_1RA0LD_1RC1LA	CBT_DX1_02
0RB1LA_1LC1RB_1RA0LD_1RD1LA	CBT_QS_02
0RB1LA_1LC1RB_1RA0RD_0LA1LD	CBT_DX1_02
0RB1LA_1LC1RB_1RA1LD_---0LA	CBT_DX1_02
0RB1LA_1LC1RB_1RA1LD_0LA0RC	CBT_DX1_02
0RB1LA_1LC1RB_1RB0LA_------	CBT_DX1_02
0RB1LA_1LC1RB_1RB0LD_0RB1LA	CBT_DX1_02
0RB1LA_1LC1RB_1RB0LD_0RC1LA	CBT_DX1_02
0RB1LA_1LC1RB_1RB0LD_1RC1LA	CBT_DX1_02
0RB1LA_1LC1RB_1RB0LD_1RD1LA	CBT_QS_02
0RB1LA_1LC1RB_1RB0RD_0LA1LD	CBT_DX1_02
0RB1LA_1LC1RB_1RB1LD_---0LA	CBT_DX1_02
0RB1LA_1LC1RB_1RB1LD_0LA0RC	CBT_DX1_02
0RB1LA_1LC1RB_1RC0LD_1RD1LA	CBT_QS_02
0RB1LA_1LC1RB_1RD0LA_0LB0RD	CBT_LE_00
0RB1LA_1LC1RB_1RD0LA_0LC0RD	CBT_CE3_01
0RB1LA_1LC1RB_1RD0LC_0RD0LA	CBT_DX2_03
0RB1LA_1LC1RB_1RD0LD_0RB1LA	CBT_DX1_02
0RB1LA_1LC1RB_1RD0LD_0RC1LA	CBT_DX1_02
0RB1LA_1LC1RB_1RD0LD_1RC1LA	CBT_DX1_02
0RB1LA_1LC1RB_1RD0LD_1RD1LA	CBT_QS_02
0RB1LA_1LC1RB_1RD1LD_0RA0LA	CBT_DX1_02
0RB1LA_1LC1RB_1RD1LD_0RB0LA	CBT_DX1_02
0RB1LA_1LC1RB_1RD1LD_1LA0LA	CBT_QS_02
0RB1LA_1LC1RB_1RD1LD_1RA0LA	CBT_QS_02
0RB1LA_1LC1RB_1RD1LD_1RB0LA	CBT_QS_02
0RB1LA_1LC1RC_1LD1RC_0RA0LA	CBT_DX1_02
0RB1LA_1LC1RC_1LD1RC_0RB0LA	CBT_DX1_02
0RB1LA_1LC1RC_1LD1RC_0RC0LA	CBT_DX1_02
0RB1LA_1LC1RC_1LD1RC_1LA0LA	CBT_DX1_02
0RB1LA_1LC1RC_1LD1RC_1RA0LA	CBT_DX1_02
0RB1LA_1LC1RC_1LD1RC_1RB0LA	CBT_DX1_02
0RB1LA_1LC1RC_1LD1RC_1RC0LA	CBT_DX1_02
0RB1LA_1LC1RC_1RA1RD_1RC0LA	CBT_LE_06
0RB1LA_1LC1RC_1RB0LA_------	CBT_SP2_01
0RB1LA_1LC1RC_1RB0LD_---1LA	CBT_SP_28
0RB1LA_1LC1RC_1RB0RD_0LA1LD	CBT_LE2_01
0RB1LA_1LC1RC_1RB1RD_1LD0LA	CBT_LEF_00
0RB1LA_1LC1RC_1RD0LA_0LD1RB	CBT_SPB_02
0RB1LA_1LC1RC_1RD0LA_1LA1RB	CBT_LEF_00
0RB1LA_1LC1RC_1RD0LA_1LC1RB	CBT_SPB_02
0RB1LA_1LC1RC_1RD0LA_1RA1RB	CBT_LEF_00
0RB1LA_1LC1RC_1RD0LA_1RB0LA	CBT_LE_07
0RB1LA_1LC1RC_1RD0LA_1RB1LB	CBT_LEF_00
0RB1LA_1LC1RC_1RD0LA_1RB1RB	CBT_SP2_01
0RB1LA_1LC1RC_1RD0LA_1RB1RC	CBT_SP2_01
0RB1LA_1LC1RD_0LD1LA_1RB0LA	CBT_QC_04
0RB1LA_1LC1RD_0LD1RA_1RB0LA	CBT_QC_05
0RB1LA_1LC1RD_0RA0LA_0LD1RB	CBT_SW_01
0RB1LA_1LC1RD_0RA0LA_1LC1RB	CBT_SW_01
0RB1LA_1LC1RD_0RA0LA_1LC1RD	CBT_DX1_02
0RB1LA_1LC1RD_0RA0LA_1RB0LA	CBT_QC_05
0RB1LA_1LC1RD_0RA0LD_1RB0LA	CBT_LE5_00
0RB1LA_1LC1RD_0RA1LA_1RB0LA	CBT_QC_05
0RB1LA_1LC1RD_0RA1LB_1RB0LA	CBT_QC_05
0RB1LA_1LC1RD_0RA1LC_1RB0LA	CBT_SP_28
0RB1LA_1LC1RD_0RA1RA_1RB0LA	CBT_QC_05
0RB1LA_1LC1RD_0RB0LA_0LD1RB	CBT_SW_01
0RB1LA_1LC1RD_0RB0LA_1LC1RB	CBT_SW_01
0RB1LA_1LC1RD_0RB0LA_1LC1RD	CBT_DX1_02
0RB1LA_1LC1RD_0RB0LA_1RB0LA	CBT_QC_05
0RB1LA_1LC1RD_0RB0LC_1LA1RB	CBT_CE3_00
0RB1LA_1LC1RD_0RB0LD_1RB0LA	CBT_LE5_00
0RB1LA_1LC1RD_0RB1LA_1RB0LA	CBT_QC_05
0RB1LA_1LC1RD_0RB1LB_1RB0LA	CBT_QC_05
0RB1LA_1LC1RD_0RB1LC_1RB0LA	CBT_SP_28
0RB1LA_1LC1RD_0RB1RA_1RB0LA	CBT_QC_05
0RB1LA_1LC1RD_0RC1LA_1RB0LA	CBT_QC_05
0RB1LA_1LC1RD_0RD0LA_0LD1RB	CBT_SW_02
0RB1LA_1LC1RD_0RD0LA_1LC1RB	CBT_SW_02
0RB1LA_1LC1RD_0RD0LA_1LC1RD	CBT_DX1_02
0RB1LA_1LC1RD_0RD0LC_0LA1RB	CBT_CE_00
0RB1LA_1LC1RD_0RD0LC_1LA1RB	CBT_LE_03
0RB1LA_1LC1RD_1LA0LA_0LD1RB	CBT_DX1_02
0RB1LA_1LC1RD_1LA0LA_1LC1RB	CBT_DX1_02
0RB1LA_1LC1RD_1LA0LA_1LC1RD	CBT_DX1_02
0RB1LA_1LC1RD_1LA0LA_1RB0LA	CBT_QC_05
0RB1LA_1LC1RD_1LA0RD_1RB0LA	CBT_SP_28
0RB1LA_1LC1RD_1LA1LA_1RB0LA	CBT_QC_05
0RB1LA_1LC1RD_1LA1LB_1RB0LA	CBT_QC_05
0RB1LA_1LC1RD_1LA1LC_1RB0LA	CBT_SP_28
0RB1LA_1LC1RD_1LA1RA_1RB0LA	CBT_QC_05
0RB1LA_1LC1RD_1LA1RB_1RC0LA	CBT_SP2_01
0RB1LA_1LC1RD_1LA1RC_1RB0LA	CBT_SP_28
0RB1LA_1LC1RD_1LD0LA_1RB0LA	CBT_QC_05
0RB1LA_1LC1RD_1LD1LA_1RB0LA	CBT_QC_05
0RB1LA_1LC1RD_1LD1LB_1RB0LA	CBT_QC_05
0RB1LA_1LC1RD_1LD1RA_1RB0LA	CBT_QC_05
0RB1LA_1LC1RD_1LD1RB_1RC0LA	CBT_SP2_01
0RB1LA_1LC1RD_1LD1RC_0RC0LA	CBT_TI_00
0RB1LA_1LC1RD_1LD1RC_1RB0LA	CBT_SP2_01
0RB1LA_1LC1RD_1RA0LA_0LD1RB	CBT_DX1_02
0RB1LA_1LC1RD_1RA0LA_1LC1RB	CBT_DX1_02
0RB1LA_1LC1RD_1RA0LA_1LC1RD	CBT_DX1_02
0RB1LA_1LC1RD_1RA0LA_1RB0LA	CBT_QC_05
0RB1LA_1LC1RD_1RA0RD_1RB0LA	CBT_SP_28
0RB1LA_1LC1RD_1RA1LA_1RB0LA	CBT_QC_05
0RB1LA_1LC1RD_1RA1LB_1RB0LA	CBT_QC_05
0RB1LA_1LC1RD_1RA1LC_1RB0LA	CBT_SP_28
0RB1LA_1LC1RD_1RA1RA_1RB0LA	CBT_QC_05
0RB1LA_1LC1RD_1RA1RB_1RC0LA	CBT_SPB_02
0RB1LA_1LC1RD_1RA1RC_1RB0LA	CBT_SP2_01
0RB1LA_1LC1RD_1RA1RD_1RC0LA	CBT_SP2_01
0RB1LA_1LC1RD_1RB0LA_0LD1RB	CBT_DX1_02
0RB1LA_1LC1RD_1RB0LA_0LD1RC	CBT_LE2_00
0RB1LA_1LC1RD_1RB0LA_0RC1RC	CBT_LE2_00
0RB1LA_1LC1RD_1RB0LA_1LA1RC	CBT_LE_06
0RB1LA_1LC1RD_1RB0LA_1LB1RC	CBT_SP2_01
0RB1LA_1LC1RD_1RB0LA_1LC1RB	CBT_DX1_02
0RB1LA_1LC1RD_1RB0LA_1LC1RC	CBT_LE2_00
0RB1LA_1LC1RD_1RB0LA_1LC1RD	CBT_DX1_02
0RB1LA_1LC1RD_1RB0LA_1RB0LA	CBT_QC_05
0RB1LA_1LC1RD_1RB0LA_1RB1RC	CBT_LE2_00
0RB1LA_1LC1RD_1RB0LA_1RC0LA	CBT_SPB_16
0RB1LA_1LC1RD_1RB0LA_1RC0LB	CBT_SP2_01
0RB1LA_1LC1RD_1RB0LA_1RC1RC	CBT_SP2_01
0RB1LA_1LC1RD_1RB0LD_1RC0LA	CBT_SP2_01
0RB1LA_1LC1RD_1RB1LA_1RB0LA	CBT_QC_05
0RB1LA_1LC1RD_1RB1LB_1RB0LA	CBT_QC_05
0RB1LA_1LC1RD_1RB1LB_1RC0LA	CBT_SPB_16
0RB1LA_1LC1RD_1RB1RA_1RB0LA	CBT_QC_05
0RB1LA_1LC1RD_1RC0LA_1RB0LA	CBT_QC_05
0RB1LA_1LC1RD_1RC1LA_1RB0LA	CBT_QC_05
0RB1LA_1LC1RD_1RC1LB_1RB0LA	CBT_QC_05
0RB1LA_1LC1RD_1RD0LA_0LD1RB	CBT_DX1_02
0RB1LA_1LC1RD_1RD0LA_1LC1RB	CBT_DX1_02
0RB1LA_1LC1RD_1RD0LA_1LC1RD	CBT_DX1_03
0RB1LA_1LC1RD_1RD0LA_1RB0LA	CBT_QC_05
0RB1LA_1LC1RD_1RD1LA_1RB0LA	CBT_QC_05
0RB1LA_1LC1RD_1RD1LB_1RB0LA	CBT_QC_05
0RB1LA_1LC1RD_1RD1LC_1RB0LA	CBT_SP_28
0RB1LA_1LC1RD_1RD1RA_1RB0LA	CBT_QC_05
0RB1LA_1RC0LA_0LC1RD_1LA1RB	CBT_LEF_00
0RB1LA_1RC0LA_0LC1RD_1LB1RB	CBT_SP2_01
0RB1LA_1RC0LA_0LC1RD_1LB1RD	CBT_DX1_03
0RB1LA_1RC0LA_0LD0RD_1LD1LB	CBT_DX1_03
0RB1LA_1RC0LA_0LD1LD_1LB1RD	CBT_DX1_03
0RB1LA_1RC0LA_0LD1RB_---1LB	CBT_LE3_01
0RB1LA_1RC0LA_0LD1RB_0LA1LD	CBT_SP_28
0RB1LA_1RC0LA_0LD1RB_1LA1LD	CBT_SP_28
0RB1LA_1RC0LA_0LD1RB_1LA1RD	CBT_SP_28
0RB1LA_1RC0LA_0LD1RB_1LB0RC	CBT_LE3_01
0RB1LA_1RC0LA_0LD1RB_1LB1LD	CBT_SP_28
0RB1LA_1RC0LA_0LD1RB_1LB1RD	CBT_SP_28
0RB1LA_1RC0LA_0LD1RB_1RA1LD	CBT_SP_28
0RB1LA_1RC0LA_0LD1RB_1RC1LD	CBT_SP_28
0RB1LA_1RC0LA_0LD1RD_1LB1RD	CBT_DX1_03
0RB1LA_1RC0LA_0RD0RD_1LD1LB	CBT_DX1_03
0RB1LA_1RC0LA_0RD1RB_0LD1LB	CBT_SP_28
0RB1LA_1RC0LA_0RD1RB_1LD0LA	CBT_SP_28
0RB1LA_1RC0LA_0RD1RB_1LD0LB	CBT_LE5_00
0RB1LA_1RC0LA_0RD1RB_1LD1LA	CBT_SP_28
0RB1LA_1RC0LA_0RD1RB_1LD1LB	CBT_LE2_00
0RB1LA_1RC0LA_0RD1RB_1LD1RA	CBT_SP_28
0RB1LA_1RC0LA_0RD1RB_1LD1RC	CBT_SP_28
0RB1LA_1RC0LA_1LA0RD_1LD1LB	CBT_DX1_03
0RB1LA_1RC0LA_1LA1LD_1LB1RD	CBT_DX1_03
0RB1LA_1RC0LA_1LA1RB_------	CBT_SP2_01
0RB1LA_1RC0LA_1LA1RD_0LD1RB	CBT_LE_05
0RB1LA_1RC0LA_1LA1RD_1LA1RB	CBT_LE6_00
0RB1LA_1RC0LA_1LA1RD_1LB1RB	CBT_LE_04
0RB1LA_1RC0LA_1LA1RD_1LB1RD	CBT_DX1_03
0RB1LA_1RC0LA_1LA1RD_1LC1RB	CBT_SP2_01
0RB1LA_1RC0LA_1LA1RD_1RB0LA	CBT_SPB_16
0RB1LA_1RC0LA_1LA1RD_1RB0LC	CBT_SP2_01
0RB1LA_1RC0LA_1LA1RD_1RB1RB	CBT_SP2_01
0RB1LA_1RC0LA_1LA1RD_1RC1RB	CBT_LE_07
0RB1LA_1RC0LA_1LB0RD_1LD1LB	CBT_DX1_03
0RB1LA_1RC0LA_1LB1LD_1LB1RD	CBT_DX1_03
0RB1LA_1RC0LA_1LB1RB_------	CBT_SP2_01
0RB1LA_1RC0LA_1LB1RD_0LD1RB	CBT_LE_05
0RB1LA_1RC0LA_1LB1RD_1LA1RB	CBT_LE_05
0RB1LA_1RC0LA_1LB1RD_1LB1RB	CBT_LE_04
0RB1LA_1RC0LA_1LB1RD_1LB1RD	CBT_DX1_03
0RB1LA_1RC0LA_1LB1RD_1LC1RB	CBT_SP2_01
0RB1LA_1RC0LA_1LB1RD_1RB0LA	CBT_SPB_22
0RB1LA_1RC0LA_1LB1RD_1RB0LB	CBT_NG_05
0RB1LA_1RC0LA_1LB1RD_1RB0LC	CBT_SP2_01
0RB1LA_1RC0LA_1LB1RD_1RB1RB	CBT_SP2_01
0RB1LA_1RC0LA_1LB1RD_1RC0LB	CBT_NG_05
0RB1LA_1RC0LA_1LB1RD_1RC1RB	CBT_LE2_00
0RB1LA_1RC0LA_1LC0RD_1LD1LB	CBT_DX1_03
0RB1LA_1RC0LA_1LC1LD_1LB1RD	CBT_DX1_03
0RB1LA_1RC0LA_1LC1RD_1LB1RD	CBT_DX1_03
0RB1LA_1RC0LA_1LD0RD_1LD1LB	CBT_DX1_03
0RB1LA_1RC0LA_1LD1LD_1LB1RD	CBT_DX1_03
0RB1LA_1RC0LA_1LD1RB_---0LA	CBT_SP_28
0RB1LA_1RC0LA_1LD1RB_---1LA	CBT_SP_28
0RB1LA_1RC0LA_1LD1RB_---1RA	CBT_SP_28
0RB1LA_1RC0LA_1LD1RB_0LA1LC	CBT_QC_05
0RB1LA_1RC0LA_1LD1RB_0LA1LD	CBT_SP_28
0RB1LA_1RC0LA_1LD1RB_0LA1RD	CBT_SP_28
0RB1LA_1RC0LA_1LD1RB_0RA1LC	CBT_QC_05
0RB1LA_1RC0LA_1LD1RB_0RA1LD	CBT_SP_28
0RB1LA_1RC0LA_1LD1RB_0RB1LC	CBT_QC_05
0RB1LA_1RC0LA_1LD1RB_0RB1LD	CBT_SP_28
0RB1LA_1RC0LA_1LD1RB_1LA1LC	CBT_QC_05
0RB1LA_1RC0LA_1LD1RB_1LA1LD	CBT_SP_28
0RB1LA_1RC0LA_1LD1RB_1LA1RD	CBT_SP_28
0RB1LA_1RC0LA_1LD1RB_1LB1LC	CBT_QC_05
0RB1LA_1RC0LA_1LD1RB_1LB1LD	CBT_SP2_01
0RB1LA_1RC0LA_1LD1RB_1LB1RD	CBT_SP2_01
0RB1LA_1RC0LA_1LD1RB_1LC1RD	CBT_SP_28
0RB1LA_1RC0LA_1LD1RB_1RA1LC	CBT_QC_05
0RB1LA_1RC0LA_1LD1RB_1RA1LD	CBT_SP_29
0RB1LA_1RC0LA_1LD1RB_1RC1LC	CBT_QC_05
0RB1LA_1RC0LA_1LD1RB_1RC1LD	CBT_SP_29
0RB1LA_1RC0LA_1LD1RD_1LB1RD	CBT_DX1_03
0RB1LA_1RC0LA_1LD1RD_1RB0LA	CBT_SPB_22
0RB1LA_1RC0LA_1RD0LA_1LA1RB	CBT_SPB_22
0RB1LA_1RC0LA_1RD0LA_1LB1RB	CBT_SPB_22
0RB1LA_1RC0LA_1RD0LA_1LC1RB	CBT_SPB_22
0RB1LA_1RC0LA_1RD0LB_1LA1RB	CBT_SP2_01
0RB1LA_1RC0LA_1RD0LB_1LA1RC	CBT_NG_05
0RB1LA_1RC0LA_1RD0LB_1LB1RB	CBT_SP2_01
0RB1LA_1RC0LA_1RD0LB_1LB1RC	CBT_NG_05
0RB1LA_1RC0LA_1RD0LB_1LC1RB	CBT_SP2_01
0RB1LA_1RC0LA_1RD0LB_1LC1RC	CBT_NG_05
0RB1LA_1RC0LA_1RD1LD_1LA1RB	CBT_SPB_22
0RB1LA_1RC0LA_1RD1LD_1LB1RB	CBT_SPB_22
0RB1LA_1RC0LA_1RD1LD_1LB1RD	CBT_DX1_03
0RB1LA_1RC0LA_1RD1LD_1LC1RB	CBT_SPB_22
0RB1LA_1RC0LA_1RD1RB_0LA---	CBT_SP_29
0RB1LA_1RC0LA_1RD1RB_0LD1LA	CBT_SP_29
0RB1LA_1RC0LA_1RD1RB_0LD1LB	CBT_SP_29
0RB1LA_1RC0LA_1RD1RB_1LA---	CBT_SP_29
0RB1LA_1RC0LA_1RD1RB_1LB0LA	CBT_SP_29
0RB1LA_1RC0LA_1RD1RB_1LB0LC	CBT_SP_29
0RB1LA_1RC0LA_1RD1RB_1LB0RD	CBT_SP2_01
0RB1LA_1RC0LA_1RD1RB_1LB1LA	CBT_LE_04
0RB1LA_1RC0LA_1RD1RB_1LB1LC	CBT_SP_29
0RB1LA_1RC0LA_1RD1RB_1LB1LD	CBT_LE_06
0RB1LA_1RC0LA_1RD1RB_1LB1RB	CBT_SP2_01
0RB1LA_1RC0LA_1RD1RB_1LB1RC	CBT_SP_29
0RB1LA_1RC0LA_1RD1RB_1LB1RD	CBT_SP2_01
0RB1LA_1RC0LA_1RD1RB_1LC---	CBT_SP_29
0RB1LA_1RC0LA_1RD1RB_1LD0LA	CBT_SP_29
0RB1LA_1RC0LA_1RD1RB_1LD1LA	CBT_SP_29
0RB1LA_1RC0LA_1RD1RB_1LD1LB	CBT_SP_29
0RB1LA_1RC0LA_1RD1RB_1LD1LC	CBT_SP_29
0RB1LA_1RC0LA_1RD1RB_1LD1RA	CBT_SP_29
0RB1LA_1RC0LA_1RD1RB_1LD1RB	CBT_SP_29
0RB1LA_1RC0LA_1RD1RD_1LA1RB	CBT_SP2_01
0RB1LA_1RC0LA_1RD1RD_1LB1RB	CBT_SP2_01
0RB1LA_1RC0LA_1RD1RD_1LB1RD	CBT_DX1_03
0RB1LA_1RC0LD_0LA1RB_1LB1LB	CBT_SP_05
0RB1LA_1RC0LD_0LA1RB_1LC1LB	CBT_SP_05
0RB1LA_1RC0LD_0LA1RB_1RB1LB	CBT_SPW_01
0RB1LA_1RC0LD_1LA0LC_1RD1RC	CBT_DXQ_00
0RB1LA_1RC0LD_1LA1RB_0RB1LB	CBT_SW_01
0RB1LA_1RC0LD_1LA1RB_0RB1LD	CBT_SP_29
0RB1LA_1RC0LD_1LA1RB_0RD1LB	CBT_SW_02
0RB1LA_1RC0LD_1LA1RB_1LB0RC	CBT_SP_05
0RB1LA_1RC0LD_1LA1RB_1LB1LB	CBT_SP_05
0RB1LA_1RC0LD_1LA1RB_1RB1LB	CBT_SPW_02
0RB1LA_1RC0LD_1LA1RB_1RD1LB	CBT_SP_05
0RB1LA_1RC0LD_1LD1RC_0RC0LA	CBT_DX1_03
0RB1LA_1RC0LD_1RD1RB_0LA1LB	CBT_SP_05
0RB1LA_1RC0RD_0LA1RB_1LB1LC	CBT_LE_05
0RB1LA_1RC0RD_0LA1RB_1LC1LC	CBT_LE_06
0RB1LA_1RC0RD_0LD1RB_0LA1LD	CBT_LE_04
0RB1LA_1RC0RD_1LA1RB_0LA1LD	CBT_SP2_01
0RB1LA_1RC0RD_1LB1RB_0LA1LD	CBT_SP2_01
0RB1LA_1RC0RD_1LD1RB_0LA1LD	CBT_SP2_01
0RB1LA_1RC0RD_1RD1RB_0LA1LD	CBT_LE_04
0RB1LA_1RC1LB_0LA1RD_0LB0RC	CBT_SP_29
0RB1LA_1RC1LB_0LB1RD_0LA0RC	CBT_DX2_03
0RB1LA_1RC1LB_0LB1RD_1LA0RC	CBT_SP_29
0RB1LA_1RC1LB_1LA1RD_0LB0RC	CBT_QC_06
0RB1LA_1RC1LC_0LA1RD_0RC0RD	CBT_BLC6_02
0RB1LA_1RC1LC_0RD0LA_1LB1RD	CBT_SW_02
0RB1LA_1RC1LC_1LD0RC_0LA0LC	CBT_BX_03
0RB1LA_1RC1LC_1RD0LB_0LA1RC	CBT_SPW_02
0RB1LA_1RC1LC_1RD0LB_1LA1RC	CBT_SPW_02
0RB1LA_1RC1LD_0LA1RB_0LA0LB	CBT_SP_05
0RB1LA_1RC1LD_0LA1RB_0LA0RC	CBT_NG_05
0RB1LA_1RC1LD_0LA1RB_0RC0LA	CBT_LE3_03
0RB1LA_1RC1LD_0LB1RB_0RC0LA	CBT_LE3_03
0RB1LA_1RC1LD_1LA1RB_0LA0LB	CBT_SP_05
0RB1LA_1RC1LD_1LB1RC_0RC0LA	CBT_SW_00
0RB1LA_1RC1LD_1LB1RC_1RC0LA	CBT_SP_05
0RB1LA_1RC1LD_1LD0RB_0LA1LC	CBT_SP_06
0RB1LA_1RC1LD_1LD1RC_0RC0LA	CBT_DX1_03
0RB1LA_1RC1LD_1RD1RB_0LA0LB	CBT_SP_06
0RB1LA_1RC1RB_0LD0RC_0LA1LD	CBT_LE4_05
0RB1LA_1RC1RB_1LC0LD_0RA0LA	CBT_DX1_03
0RB1LA_1RC1RB_1LC0LD_1RA0LA	CBT_DX1_03
0RB1LA_1RC1RB_1LD0LA_0RB0LD	CBT_LE_00
0RB1LA_1RC1RB_1LD0LA_0RC0LD	CBT_CE3_00
0RB1LA_1RC1RB_1LD1LA_0RB0LD	CBT_CE3_00
0RB1LA_1RC1RB_1LD1LA_0RC0LD	CBT_CE3_00
0RB1LA_1RC1RC_1LA1RD_1RB0LA	CBT_SP2_01
0RB1LA_1RC1RC_1LD1RC_---0LA	CBT_DX1_03
0RB1LA_1RC1RC_1LD1RD_1RB0LA	CBT_SP2_01
0RB1LA_1RC1RC_1RD0LA_1LA1RB	CBT_SP2_01
0RB1LA_1RC1RC_1RD0LA_1LC1RB	CBT_SP2_01
0RB1LA_1RC1RD_0LA---_1RB0LA	CBT_SP_29
0RB1LA_1RC1RD_0LA0LA_1RB1LC	CBT_SP2_01
0RB1LA_1RC1RD_0LA1LC_1RB0RC	CBT_LE2_01
0RB1LA_1RC1RD_0LA1RB_1LD0LA	CBT_SP2_01
0RB1LA_1RC1RD_0LB1RB_1LD0LA	CBT_SP2_01
0RB1LA_1RC1RD_0LC1LA_1RB0LA	CBT_SP_29
0RB1LA_1RC1RD_0LD0LA_1RB1LC	CBT_LE_07
0RB1LA_1RC1RD_0RD1RB_1LD0LA	CBT_SP2_01
0RB1LA_1RC1RD_1LA---_1RB0LA	CBT_SP_29
0RB1LA_1RC1RD_1LA0LA_1RB1LC	CBT_SP2_01
0RB1LA_1RC1RD_1LA1LD_1RB0LC	CBT_SPW_02
0RB1LA_1RC1RD_1LA1RB_0LC0LA	CBT_SPB_02
0RB1LA_1RC1RD_1LA1RB_1LD0LA	CBT_SP2_01
0RB1LA_1RC1RD_1LA1RB_1RC0LA	CBT_SPB_02
0RB1LA_1RC1RD_1LB---_1RB0LA	CBT_SP_29
0RB1LA_1RC1RD_1LB0LA_1RB1LC	CBT_SP2_02
0RB1LA_1RC1RD_1LB1RB_1LD0LA	CBT_SP2_02
0RB1LA_1RC1RD_1LC0LA_1RB0LA	CBT_SP_29
0RB1LA_1RC1RD_1LC0LA_1RB1LC	CBT_SP2_02
0RB1LA_1RC1RD_1LC0LA_1RB1RC	CBT_LE_07
0RB1LA_1RC1RD_1LC1LA_1RB0LA	CBT_SP_29
0RB1LA_1RC1RD_1LC1LB_1RB0LA	CBT_SP_29
0RB1LA_1RC1RD_1LC1LD_1RB0LA	CBT_SP_29
0RB1LA_1RC1RD_1LC1RA_1RB0LA	CBT_SP_29
0RB1LA_1RC1RD_1LC1RB_1LD0LA	CBT_SP2_02
0RB1LA_1RC1RD_1LC1RD_1RB0LA	CBT_SP_29
0RB1LA_1RC1RD_1LD0LA_1RB0LA	CBT_SP_29
0RB1LA_1RC1RD_1LD0LA_1RB1LC	CBT_SP2_02
0RB1LA_1RC1RD_1LD0LB_1RB0LA	CBT_SP_29
0RB1LA_1RC1RD_1LD0RC_1RB0LA	CBT_SP2_02
0RB1LA_1RC1RD_1LD1LA_1RB0LA	CBT_LE_07
0RB1LA_1RC1RD_1LD1LB_1RB0LA	CBT_SP_29
0RB1LA_1RC1RD_1LD1RB_0LC0LA	CBT_LE_04
0RB1LA_1RC1RD_1LD1RB_1LD0LA	CBT_SP2_02
0RB1LA_1RC1RD_1LD1RB_1RB0LA	CBT_SP_29
0RB1LA_1RC1RD_1LD1RB_1RC0LA	CBT_LEF_00
0RB1LA_1RC1RD_1LD1RC_1RB0LA	CBT_SP2_02
0RB1LA_1RC1RD_1LD1RD_1RB0LA	CBT_SP2_02
0RB1LA_1RC1RD_1RD1RB_1LD0LA	CBT_SP2_02
0RB1LB_0LC0LC_0RD1LA_1LC1RD	CBT_CE_00
0RB1LB_0LC0LD_1LD1RC_0RC1LA	CBT_SP2_02
0RB1LB_0LC0RD_1LA1RC_1RB1RA	CBT_NG_05
0RB1LB_0LC0RD_1LA1RC_1RC1RB	CBT_SP_06
0RB1LB_0LC1LC_0RD0LA_1LA1RD	CBT_CE_00
0RB1LB_0LC1RB_1LD0RB_1RA1LC	CBT_QC_06
0RB1LB_0LC1RD_1LA0LD_1LB0RD	CBT_BL_00
0RB1LB_0LC1RD_1LA1LC_1RB0RA	CBT_NG_05
0RB1LB_0LC1RD_1LA1LC_1RB0RB	CBT_MB_04
0RB1LB_0RC0LA_1RD0LB_1LA1RC	CBT_CE3_03
0RB1LB_0RC0LA_1RD0LB_1LC1RC	CBT_CE3_03
0RB1LB_0RC0LA_1RD1RC_1LA1LD	CBT_DX1_03
0RB1LB_0RC0LA_1RD1RC_1LB1LD	CBT_TA_01
0RB1LB_0RC0LB_1LD1RC_0RA1LA	CBT_NG_05
0RB1LB_0RC0LB_1LD1RC_0RC1LA	CBT_NG_05
0RB1LB_0RC0LB_1RD1LA_1LC1RD	CBT_NG_05
0RB1LB_0RC0LB_1RD1RA_1LA1RC	CBT_CE2_02
0RB1LB_0RC0LB_1RD1RC_0LA1LD	CBT_LE6_01
0RB1LB_0RC0LB_1RD1RC_1LA---	CBT_QC_06
0RB1LB_0RC0LB_1RD1RC_1LD1LA	CBT_NG_05
0RB1LB_0RC0LC_0RD1LA_1LC1RD	CBT_SPB_02
0RB1LB_0RC0LC_1RD1LC_1LA1RD	CBT_DXQ_00
0RB1LB_0RC0LD_1LA1RC_1RC1LD	CBT_DXQ_00
0RB1LB_0RC0LD_1LB1RC_0LA1LA	CBT_NG_05
0RB1LB_0RC0LD_1LB1RC_0RC1LA	CBT_NG_05
0RB1LB_0RC0LD_1LD1RC_0LA1LA	CBT_CE_00
0RB1LB_0RC0LD_1LD1RC_0RC1LA	CBT_SPB_02
0RB1LB_0RC0LD_1LD1RD_1RC0LA	CBT_NG_05
0RB1LB_0RC0LD_1RD1RC_1LA0LB	CBT_QC_06
0RB1LB_0RC1LA_1LB1RD_1RC0LA	CBT_QC_06
0RB1LB_0RC1LA_1RD0LB_1LA1RC	CBT_QC_06
0RB1LB_0RC1LA_1RD0LB_1LC1RC	CBT_QC_06
0RB1LB_0RC1LB_1LA1RD_1RC0LB	CBT_QC_06
0RB1LB_0RC1LB_1LD1RC_0RA0LB	CBT_QS_02
0RB1LB_0RC1LB_1LD1RC_1RA0LB	CBT_QS_02
0RB1LB_0RC1LB_1RD0LB_1LA1RC	CBT_QC_06
0RB1LB_0RC1LC_0RD0LC_1LA1RD	CBT_NG_05
0RB1LB_0RC1LD_1LA1RC_0LA0LB	CBT_NG_05
0RB1LB_0RC1LD_1LA1RC_0LA0LD	CBT_NG_05
0RB1LB_0RC1LD_1LA1RC_0RA0LB	CBT_NG_00
0RB1LB_0RC1LD_1LA1RC_0RC0LB	CBT_NG_05
0RB1LB_0RC1LD_1LA1RC_0RC0LD	CBT_NG_05
0RB1LB_0RC1LD_1LA1RC_1LB0LA	CBT_SPB_02
0RB1LB_0RC1LD_1LA1RC_1RC0LA	CBT_CE_00
0RB1LB_0RC1LD_1LA1RC_1RD0LA	CBT_CE_00
0RB1LB_0RC1LD_1LB1RC_0RA0LB	CBT_QC_06
0RB1LB_1LA0LC_0RD1LA_1LC1RD	CBT_CE_00
0RB1LB_1LA0RC_0LD1RB_1RC1LD	CBT_QC_06
0RB1LB_1LA0RC_1RB0LD_1LC---	CBT_SP_06
0RB1LB_1LA1LC_0RD0LA_1LA1RD	CBT_CE_00
0RB1LB_1LA1LC_1RC0RD_0LB0RC	CBT_DX2_03
0RB1LB_1LA1LC_1RC0RD_0LB1RD	CBT_SP2_02
0RB1LB_1LA1LC_1RD---_0LB0RD	CBT_DX2_03
0RB1LB_1LA1RC_0LA0RD_0LB1RD	CBT_LE3_03
0RB1LB_1LA1RC_1RB0LD_0RB1LD	CBT_QC_06
0RB1LB_1LC0LC_0RD1LA_1LC1RD	CBT_CE_00
0RB1LB_1LC0LC_0RD1LC_1LA1RD	CBT_QS_02
0RB1LB_1LC0LC_1RD1LC_1LA1RD	CBT_DXQ_00
0RB1LB_1LC0LD_1LA---_1RD0RB	CBT_DX1_03
0RB1LB_1LC0LD_1LA0LC_1RD1RC	CBT_SP_06
0RB1LB_1LC0LD_1LD---_1RA1LB	CBT_RW_01
0RB1LB_1LC0LD_1LD1RC_0RC1LA	CBT_SPB_02
0RB1LB_1LC0RA_0RD0LA_1LA1RD	CBT_SPB_03
0RB1LB_1LC0RA_1RD1LB_0LC0RD	CBT_QE_00
0RB1LB_1LC0RD_1LA0LC_1RA0LD	CBT_NG_05
0RB1LB_1LC1LA_1RC1RD_0LB0RD	CBT_QC_06
0RB1LB_1LC1LA_1RD1RB_0LB0RD	CBT_QC_06
0RB1LB_1LC1LC_0RD0LA_1LA1RD	CBT_CE_00
0RB1LB_1LC1LD_1RA0RC_1RC0LD	CBT_DX1_03
0RB1LB_1LC1RB_0RB1LD_0RA0LC	CBT_QC_06
0RB1LB_1LC1RB_0RB1LD_1RA0LC	CBT_QC_06
0RB1LB_1LC1RB_1RA0LD_0RB1LD	CBT_QS_02
0RB1LB_1LC1RC_1RD0LA_0RC1RB	CBT_MB_02
0RB1LB_1LC1RD_1LA0LA_0LB0RD	CBT_NG_05
0RB1LB_1LC1RD_1LA0RA_0LB0RD	CBT_NG_05
0RB1LB_1LC1RD_1LA1LB_0LC0RD	CBT_LE_07
0RB1LB_1LC1RD_1LA1LC_0LB0RD	CBT_NG_05
0RB1LB_1RC0LA_0LD1RB_0LA1LD	CBT_SW_02
0RB1LB_1RC0LA_0LD1RB_0RA1LD	CBT_SW_02
0RB1LB_1RC0LA_0LD1RB_0RC1LD	CBT_SW_02
0RB1LB_1RC0LA_0LD1RB_1LA1LD	CBT_SW_00
0RB1LB_1RC0LA_0LD1RB_1LB1LD	CBT_SW_02
0RB1LB_1RC0LA_0LD1RB_1RA1LD	CBT_SW_02
0RB1LB_1RC0LA_0LD1RB_1RB1LD	CBT_SW_06
0RB1LB_1RC0LA_0LD1RB_1RC1LD	CBT_SW_02
0RB1LB_1RC0LA_1LD0RA_1LB1LC	CBT_NG_05
0RB1LB_1RC0LA_1LD1RB_0LA1LD	CBT_SW_02
0RB1LB_1RC0LA_1LD1RB_0RA1LD	CBT_SW_02
0RB1LB_1RC0LA_1LD1RB_0RB1LD	CBT_SW_02
0RB1LB_1RC0LA_1LD1RB_0RC0LD	CBT_QC_06
0RB1LB_1RC0LA_1LD1RB_0RC1LD	CBT_SW_06
0RB1LB_1RC0LA_1LD1RB_1LA1LD	CBT_SW_02
0RB1LB_1RC0LA_1LD1RB_1LB1LD	CBT_DX1_03
0RB1LB_1RC0LA_1LD1RB_1RA1LD	CBT_SW_02
0RB1LB_1RC0LA_1LD1RB_1RB1LD	CBT_DX1_03
0RB1LB_1RC0LA_1LD1RB_1RC1LD	CBT_SW_06
0RB1LB_1RC0LA_1RD1RC_0LA1LD	CBT_SPW_02
0RB1LB_1RC0LA_1RD1RC_1LA1LD	CBT_SPW_02
0RB1LB_1RC0LC_1RD1LC_1LA1RD	CBT_DXQ_00
0RB1LB_1RC0LD_0LA1RB_0RB1LD	CBT_LE3_01
0RB1LB_1RC0LD_1LA0LC_1RD1RC	CBT_SP_06
0RB1LB_1RC0LD_1LA1RC_0RC1LD	CBT_QS_03
0RB1LB_1RC0LD_1LA1RC_0RD0LA	CBT_NG_05
0RB1LB_1RC0LD_1LA1RC_1RC1LD	CBT_DXQ_00
0RB1LB_1RC0LD_1LD1RC_0RB1LA	CBT_SPB_03
0RB1LB_1RC0LD_1LD1RC_0RC1LA	CBT_CE_00
0RB1LB_1RC0RD_0LD1RB_0LA1LD	CBT_SW_02
0RB1LB_1RC0RD_1RD1RC_0LA1LD	CBT_SPW_02
0RB1LB_1RC1LA_0LA1RD_0LB0RD	CBT_LE6_02
0RB1LB_1RC1LB_0LA0RD_0LB1RD	CBT_QS_02
0RB1LB_1RC1LB_0LA1RD_0LB0RC	CBT_SP_29
0RB1LB_1RC1LB_0LB1RD_0LA0RC	CBT_QC_06
0RB1LB_1RC1LB_0LB1RD_1LA0RC	CBT_QC_06
0RB1LB_1RC1LB_1LA0RD_0LB1RD	CBT_QS_02
0RB1LB_1RC1LB_1LA0RD_0LC1RD	CBT_DX1_03
0RB1LB_1RC1LB_1LA1RD_0LB0RC	CBT_QC_06
0RB1LB_1RC1LD_1LA0RC_0LD0RB	CBT_DX2_03
0RB1LB_1RC1LD_1LA1RC_0LA0LA	CBT_SPB_03
0RB1LB_1RC1LD_1LA1RC_0RA0LA	CBT_SPB_03
0RB1LB_1RC1LD_1LA1RC_0RC0LA	CBT_SPB_03
0RB1LB_1RC1LD_1LA1RC_0RD0LA	CBT_SPB_03
0RB1LB_1RC1LD_1LA1RC_1RB0LA	CBT_SPB_03
0RB1LB_1RC1LD_1LA1RC_1RC0LA	CBT_SPB_03
0RB1LB_1RC1RD_1LB0LA_1LC0RD	CBT_QC_06
0RB1LC_0LC0LD_1LA0RD_1RA1RC	CBT_SP_06
0RB1LC_0LC0RA_0LD1LD_1RB1LC	CBT_NG_05
0RB1LC_0LC0RB_1RD1LA_0LA1RB	CBT_LE6_02
0RB1LC_0LC0RD_1LD0LA_1RB1RD	CBT_NG_05
0RB1LC_0LC0RD_1RB1LC_0LA1RD	CBT_DX1_03
0RB1LC_0LC0RD_1RB1RD_1LA0LA	CBT_DX2_03
0RB1LC_0LC0RD_1RD0LA_1RB1RA	CBT_LE4_04
0RB1LC_0LC0RD_1RD1LC_0LA1RB	CBT_DX2_03
0RB1LC_0LC1LC_0RD0LA_1LA1RD	CBT_DX2_03
0RB1LC_0LC1RB_1LA0LD_1RA1RA	CBT_LE_07
0RB1LC_0LC1RB_1LA0LD_1RC1RA	CBT_LE_06
0RB1LC_0LC1RB_1LA0RD_1LC1RC	CBT_SPW_02
0RB1LC_0LC1RB_1LA0RD_1RA1RC	CBT_SP_06
0RB1LC_0LC1RB_1LA0RD_1RC1RC	CBT_SP_06
0RB1LC_0LC1RB_1LA1LD_1RD0RB	CBT_SP2_02
0RB1LC_0LC1RB_1LA1RD_0LA0RB	CBT_LE3_03
0RB1LC_0LC1RB_1LA1RD_0RB0LA	CBT_NG_05
0RB1LC_0LC1RB_1LA1RD_0RB0RC	CBT_SP_06
0RB1LC_0LC1RB_1RD1LA_0LA0RD	CBT_CE_00
0RB1LC_0LC1RB_1RD1LC_0LA0RB	CBT_QS_02
0RB1LC_0LC1RB_1RD1LC_1LA0RB	CBT_QS_03
0RB1LC_0LC1RC_1LA0RD_0LC1RD	CBT_LE3_01
0RB1LC_0LC1RD_0RD0LA_1LA1RD	CBT_DX2_03
0RB1LC_0LC1RD_0RD0LC_1LA1RB	CBT_LE6_02
0RB1LC_0LC1RD_1LA0LA_1RA0RD	CBT_NG_05
0RB1LC_0LC1RD_1LA0LB_0RB1RB	CBT_LE_05
0RB1LC_0LC1RD_1LA1LB_0RB0LC	CBT_SP_06
0RB1LC_0LC1RD_1LA1LB_0RB0RC	CBT_SP_06
0RB1LC_0LC1RD_1RB1LC_0LA0RB	CBT_QC_06
0RB1LC_0LC1RD_1RB1LC_1LA0RB	CBT_QC_06
0RB1LC_0RC0RC_1LD1RB_1LA0LD	CBT_LEF_00
0RB1LC_0RC1LB_1LA1RD_1RC0LB	CBT_QC_06
0RB1LC_0RC1LB_1LD1RC_1RA0LB	CBT_QS_03
0RB1LC_0RC1LB_1RD0LB_0LA1RC	CBT_LE3_01
0RB1LC_0RC1LD_1LB1RC_0RA0LB	CBT_QC_06
0RB1LC_0RC1LD_1LB1RC_1RA0LB	CBT_QC_06
0RB1LC_0RC1RB_1LB1LD_1LA0LA	CBT_SPB_03
0RB1LC_0RC1RB_1LD0RA_1LA0LA	CBT_NG_05
0RB1LC_0RC1RB_1LD1LD_1LA0LA	CBT_SPB_03
0RB1LC_0RC1RB_1LD1RD_1LA0LB	CBT_SPW_02
0RB1LC_0RC1RC_1LA0LD_1LC1RB	CBT_SP_06
0RB1LC_0RC1RC_1LA0RD_0LA1RD	CBT_LE3_01
0RB1LC_0RC1RC_1LA0RD_0LC1RD	CBT_LE3_01
0RB1LC_0RC1RD_0RD0LC_1LA1RB	CBT_LE4_00
0RB1LC_1LA0LC_1RB1RD_0RD0LA	CBT_DX2_03
0RB1LC_1LA0LC_1RD0RD_1RB0LA	CBT_DX2_03
0RB1LC_1LA0LC_1RD1LA_1RB1RD	CBT_SP_06
0RB1LC_1LA0RC_1LD1RB_0LA0LB	CBT_NG_05
0RB1LC_1LA0RC_1LD1RB_1LA0LB	CBT_NG_05
0RB1LC_1LA1LC_0RD0LA_1LA1RD	CBT_DX2_03
0RB1LC_1LA1RB_0LA0LA_------	CBT_SPB_03
0RB1LC_1LA1RB_0LA0LD_0LA1LD	CBT_SP_06
0RB1LC_1LA1RB_0LA0LD_0RA0LA	CBT_NG_05
0RB1LC_1LA1RB_0LA0LD_0RB1LD	CBT_DX1_03
0RB1LC_1LA1RB_0LA0LD_0RD0LA	CBT_NG_05
0RB1LC_1LA1RB_0LA0LD_1LA1LD	CBT_SP_06
0RB1LC_1LA1RB_0LA0LD_1RB1LD	CBT_SP_06
0RB1LC_1LA1RB_0LA1LD_0LA0LA	CBT_SPB_03
0RB1LC_1LA1RB_0LA1LD_0LA0RA	CBT_SPB_03
0RB1LC_1LA1RB_0LA1LD_0LA0RC	CBT_SPB_03
0RB1LC_1LA1RB_0LA1LD_0RA0LA	CBT_SPB_03
0RB1LC_1LA1RB_0LA1LD_0RA0RA	CBT_SPB_03
0RB1LC_1LA1RB_0LA1LD_0RB0LA	CBT_SPB_03
0RB1LC_1LA1RB_0LA1LD_0RB0RA	CBT_SPB_03
0RB1LC_1LA1RB_0LA1LD_0RD0LA	CBT_SPB_03
0RB1LC_1LA1RB_0LA1LD_0RD0RA	CBT_CE_00
0RB1LC_1LA1RB_0LA1LD_1LA0LA	CBT_SPB_03
0RB1LC_1LA1RB_0LA1LD_1LA0RA	CBT_SPB_03
0RB1LC_1LA1RB_0LA1LD_1RB0LA	CBT_SPB_03
0RB1LC_1LA1RB_0LA1LD_1RB0RA	CBT_SPB_03
0RB1LC_1LA1RB_0LA1LD_1RC0LA	CBT_SPB_03
0RB1LC_1LA1RB_0LA1LD_1RC0RA	CBT_SPB_03
0RB1LC_1LA1RB_0LD0LA_0RA---	CBT_DX2_03
0RB1LC_1LA1RB_0LD0LA_0RB---	CBT_SP_29
0RB1LC_1LA1RB_0LD0LA_0RD0LA	CBT_SP_29
0RB1LC_1LA1RB_0LD0LA_0RD1LA	CBT_SP_29
0RB1LC_1LA1RB_0LD0LA_0RD1LB	CBT_SP_29
0RB1LC_1LA1RB_0LD0LA_0RD1RA	CBT_QC_06
0RB1LC_1LA1RB_0LD0LA_0RD1RB	CBT_DX2_03
0RB1LC_1LA1RB_0LD0LA_1LB---	CBT_LEF_00
0RB1LC_1LA1RB_0LD0LA_1RA0LB	CBT_LEF_00
0RB1LC_1LA1RB_0LD0LA_1RA0LD	CBT_SP_29
0RB1LC_1LA1RB_0LD0LA_1RA0RA	CBT_DX2_03
0RB1LC_1LA1RB_0LD0LA_1RA0RB	CBT_SP_29
0RB1LC_1LA1RB_0LD0LA_1RA0RC	CBT_SP_29
0RB1LC_1LA1RB_0LD0LA_1RA0RD	CBT_SP_29
0RB1LC_1LA1RB_0LD0LA_1RA1LB	CBT_LEF_00
0RB1LC_1LA1RB_0LD0LA_1RA1LD	CBT_LEF_00
0RB1LC_1LA1RB_0LD0LA_1RA1RA	CBT_QC_06
0RB1LC_1LA1RB_0LD0LA_1RC0RA	CBT_SP_29
0RB1LC_1LA1RB_0LD0LA_1RC0RB	CBT_SP_29
0RB1LC_1LA1RB_0LD0LA_1RC1LB	CBT_LEF_00
0RB1LC_1LA1RB_0LD0LA_1RC1RA	CBT_QC_06
0RB1LC_1LA1RB_0LD0LA_1RD1RA	CBT_QC_06
0RB1LC_1LA1RB_0LD0LC_1RD1RA	CBT_LE_02
0RB1LC_1LA1RB_0LD0LD_0RB1LD	CBT_DX1_03
0RB1LC_1LA1RB_0LD0RA_0RB1LD	CBT_DX1_03
0RB1LC_1LA1RB_0LD1LD_0RA0LA	CBT_CE_00
0RB1LC_1LA1RB_0LD1LD_0RA0LC	CBT_NG_05
0RB1LC_1LA1RB_0LD1LD_0RB0LA	CBT_SPB_03
0RB1LC_1LA1RB_0LD1LD_0RD0LA	CBT_SPB_03
0RB1LC_1LA1RB_0LD1LD_1LB0LA	CBT_SPB_22
0RB1LC_1LA1RB_0RB0LA_------	CBT_SPB_03
0RB1LC_1LA1RB_0RB0LD_0LA1LD	CBT_SP_06
0RB1LC_1LA1RB_0RB0LD_0RB0LA	CBT_NG_05
0RB1LC_1LA1RB_0RB0LD_0RB0LC	CBT_NG_05
0RB1LC_1LA1RB_0RB0LD_0RB1LA	CBT_NG_05
0RB1LC_1LA1RB_0RB0LD_0RB1LD	CBT_SW_02
0RB1LC_1LA1RB_0RB0LD_1LA1LD	CBT_SP_06
0RB1LC_1LA1RB_0RB0LD_1RB1LD	CBT_DXQ_00
0RB1LC_1LA1RB_0RB1LD_0LA0LA	CBT_SPB_03
0RB1LC_1LA1RB_0RB1LD_0LA0RC	CBT_CE_00
0RB1LC_1LA1RB_0RB1LD_0LB0LA	CBT_SPB_03
0RB1LC_1LA1RB_0RB1LD_0LC0LA	CBT_SPB_03
0RB1LC_1LA1RB_0RB1LD_0RA0LA	CBT_SPB_03
0RB1LC_1LA1RB_0RB1LD_0RA0LC	CBT_NG_05
0RB1LC_1LA1RB_0RB1LD_0RB0LA	CBT_SPB_03
0RB1LC_1LA1RB_0RB1LD_0RB0LC	CBT_NG_05
0RB1LC_1LA1RB_0RB1LD_0RB0LD	CBT_NG_06
0RB1LC_1LA1RB_0RB1LD_0RD0LA	CBT_SPB_03
0RB1LC_1LA1RB_0RB1LD_0RD0LC	CBT_NG_06
0RB1LC_1LA1RB_0RB1LD_1LA0LA	CBT_SPB_03
0RB1LC_1LA1RB_0RB1LD_1LB0LA	CBT_SPB_03
0RB1LC_1LA1RB_0RB1LD_1LC0LA	CBT_SPB_03
0RB1LC_1LA1RB_0RB1LD_1RB0LA	CBT_SPB_03
0RB1LC_1LA1RB_0RB1LD_1RC0LA	CBT_SPB_03
0RB1LC_1LA1RB_0RB1LD_1RD0LA	CBT_SPB_03
0RB1LC_1LA1RB_0RC0LA_------	CBT_SPB_04
0RB1LC_1LA1RB_0RC0LD_0RB0LA	CBT_NG_06
0RB1LC_1LA1RB_0RC0LD_0RB1LA	CBT_NG_00
0RB1LC_1LA1RB_0RC0LD_0RB1LD	CBT_SW_02
0RB1LC_1LA1RB_0RC1LD_0LA0LA	CBT_SPB_04
0RB1LC_1LA1RB_0RC1LD_0LA0RC	CBT_SP2_02
0RB1LC_1LA1RB_0RC1LD_0RB0LA	CBT_SPB_04
0RB1LC_1LA1RB_0RC1LD_0RB0LD	CBT_NG_06
0RB1LC_1LA1RB_0RC1LD_0RD0LA	CBT_SPB_04
0RB1LC_1LA1RB_0RC1LD_1LA0LA	CBT_SPB_04
0RB1LC_1LA1RB_0RC1LD_1LB0LA	CBT_SPB_04
0RB1LC_1LA1RB_0RC1LD_1RB0LA	CBT_SPB_04
0RB1LC_1LA1RB_0RC1LD_1RC0LA	CBT_SPB_04
0RB1LC_1LA1RB_0RD0LA_---0LA	CBT_SP_29
0RB1LC_1LA1RB_0RD0LA_---1LA	CBT_DX2_03
0RB1LC_1LA1RB_0RD0LA_---1LB	CBT_SP_29
0RB1LC_1LA1RB_0RD0LA_---1RB	CBT_SP_29
0RB1LC_1LA1RB_0RD0LA_0LA0LC	CBT_SP_29
0RB1LC_1LA1RB_0RD0LA_0LA1LD	CBT_SP_29
0RB1LC_1LA1RB_0RD0LA_0LB1RD	CBT_DX2_03
0RB1LC_1LA1RB_0RD0LA_0RB0LD	CBT_SP_30
0RB1LC_1LA1RB_0RD0LA_0RB1LD	CBT_DX2_03
0RB1LC_1LA1RB_0RD0LA_0RC1LD	CBT_SP_30
0RB1LC_1LA1RB_0RD0LA_1LA0LC	CBT_SP_30
0RB1LC_1LA1RB_0RD0LA_1LA1LD	CBT_SP_30
0RB1LC_1LA1RB_0RD0LA_1LA1RD	CBT_SP_30
0RB1LC_1LA1RB_0RD0LA_1LB0LC	CBT_SP_30
0RB1LC_1LA1RB_0RD0LA_1LB0RD	CBT_DX2_03
0RB1LC_1LA1RB_0RD0LA_1LB1RD	CBT_SP_30
0RB1LC_1LA1RB_0RD0LA_1LC1RD	CBT_DX2_03
0RB1LC_1LA1RB_0RD0LA_1RA1LD	CBT_SP_30
0RB1LC_1LA1RB_0RD0LA_1RB0LC	CBT_DX2_03
0RB1LC_1LA1RB_0RD0LA_1RB1LD	CBT_SP_30
0RB1LC_1LA1RB_0RD0LA_1RB1RD	CBT_SP_30
0RB1LC_1LA1RB_0RD0LC_1RD0LA	CBT_CE3_00
0RB1LC_1LA1RB_0RD0LD_0LA1LD	CBT_SP_06
0RB1LC_1LA1RB_0RD0LD_0RB0LA	CBT_NG_06
0RB1LC_1LA1RB_0RD0LD_0RB1LA	CBT_NG_06
0RB1LC_1LA1RB_0RD0LD_0RB1LD	CBT_SW_02
0RB1LC_1LA1RB_0RD0LD_1LA1LD	CBT_SP_06
0RB1LC_1LA1RB_0RD0LD_1RB1LD	CBT_DXQ_00
0RB1LC_1LA1RB_0RD1LD_0LA0LA	CBT_CE_00
0RB1LC_1LA1RB_0RD1LD_0LB0LA	CBT_SP2_02
0RB1LC_1LA1RB_0RD1LD_0RA0LA	CBT_SPB_04
0RB1LC_1LA1RB_0RD1LD_0RB0LA	CBT_SPB_04
0RB1LC_1LA1RB_0RD1LD_0RB0LD	CBT_NG_06
0RB1LC_1LA1RB_0RD1LD_0RD0LA	CBT_SPB_04
0RB1LC_1LA1RB_0RD1LD_1LA0LA	CBT_CE_00
0RB1LC_1LA1RB_0RD1LD_1LB0LA	CBT_SP2_02
0RB1LC_1LA1RB_0RD1LD_1LC0LA	CBT_CE_00
0RB1LC_1LA1RB_0RD1LD_1RB0LA	CBT_CE_00
0RB1LC_1LA1RB_0RD1LD_1RC0LA	CBT_CE_00
0RB1LC_1LA1RB_0RD1LD_1RD0LA	CBT_CE_00
0RB1LC_1LA1RB_1LA0LA_------	CBT_SPB_04
0RB1LC_1LA1RB_1LA0LD_0LA1LD	CBT_SP_06
0RB1LC_1LA1RB_1LA0LD_0RA0LA	CBT_NG_06
0RB1LC_1LA1RB_1LA0LD_0RB1LD	CBT_DX1_03
0RB1LC_1LA1RB_1LA0LD_0RD0LA	CBT_NG_06
0RB1LC_1LA1RB_1LA0LD_1LA1LD	CBT_SP_06
0RB1LC_1LA1RB_1LA0LD_1RB1LD	CBT_SP_06
0RB1LC_1LA1RB_1LA0RD_0LB1RC	CBT_SW_02
0RB1LC_1LA1RB_1LA0RD_0LC1RC	CBT_SW_02
0RB1LC_1LA1RB_1LA0RD_0LC1RD	CBT_SP_30
0RB1LC_1LA1RB_1LA0RD_0LD1RC	CBT_SW_02
0RB1LC_1LA1RB_1LA0RD_1LB1RC	CBT_SPW_03
0RB1LC_1LA1RB_1LA0RD_1LC1RC	CBT_SPW_03
0RB1LC_1LA1RB_1LA0RD_1LD1RC	CBT_SP_06
0RB1LC_1LA1RB_1LA0RD_1RB1RC	CBT_SP_06
0RB1LC_1LA1RB_1LA0RD_1RC1RC	CBT_SP_06
0RB1LC_1LA1RB_1LA1LD_0LA0LA	CBT_SP2_02
0RB1LC_1LA1RB_1LA1LD_0LA0RC	CBT_SP2_02
0RB1LC_1LA1RB_1LA1LD_0RA0LA	CBT_SP2_02
0RB1LC_1LA1RB_1LA1LD_0RB0LA	CBT_SPB_04
0RB1LC_1LA1RB_1LA1LD_0RD0LA	CBT_SPB_04
0RB1LC_1LA1RB_1LA1LD_1LA0LA	CBT_SP2_02
0RB1LC_1LA1RB_1LA1LD_1RB0LA	CBT_SPB_04
0RB1LC_1LA1RB_1LA1LD_1RC0LA	CBT_SP2_02
0RB1LC_1LA1RB_1LA1RD_0LB0RC	CBT_SP_06
0RB1LC_1LA1RB_1LB0LD_0LA1LD	CBT_SP_06
0RB1LC_1LA1RB_1LB0LD_0RB1LD	CBT_DX1_03
0RB1LC_1LA1RB_1LB0LD_1LA1LD	CBT_SP_06
0RB1LC_1LA1RB_1LB0LD_1RB1LD	CBT_SP_06
0RB1LC_1LA1RB_1LB1LD_---0LA	CBT_SP2_02
0RB1LC_1LA1RB_1LB1LD_0LA0RC	CBT_SP2_02
0RB1LC_1LA1RB_1LD0LA_0RB---	CBT_SP_30
0RB1LC_1LA1RB_1LD0LA_0RC---	CBT_SP_30
0RB1LC_1LA1RB_1LD0LA_0RD0LA	CBT_SP_30
0RB1LC_1LA1RB_1LD0LA_0RD0RB	CBT_DX2_03
0RB1LC_1LA1RB_1LD0LA_0RD0RC	CBT_SP_30
0RB1LC_1LA1RB_1LD0LA_0RD1LA	CBT_SP_30
0RB1LC_1LA1RB_1LD0LA_0RD1RA	CBT_SP_30
0RB1LC_1LA1RB_1LD0LA_0RD1RB	CBT_SP_30
0RB1LC_1LA1RB_1LD0LA_1LB---	CBT_LEF_00
0RB1LC_1LA1RB_1LD0LA_1RD0RB	CBT_SP_30
0RB1LC_1LA1RB_1LD0LA_1RD0RC	CBT_SP_30
0RB1LC_1LA1RB_1LD0LD_0LA1LD	CBT_SP_06
0RB1LC_1LA1RB_1LD0LD_0RB1LD	CBT_QS_03
0RB1LC_1LA1RB_1LD0LD_0RD0LA	CBT_NG_06
0RB1LC_1LA1RB_1LD0LD_1LA1LD	CBT_SP_06
0RB1LC_1LA1RB_1LD0LD_1RB1LD	CBT_DXQ_00
0RB1LC_1LA1RB_1LD0RA_0LA0LA	CBT_SP2_02
0RB1LC_1LA1RB_1LD0RA_0RB0LA	CBT_SPB_04
0RB1LC_1LA1RB_1LD0RA_0RD0LA	CBT_CE_00
0RB1LC_1LA1RB_1LD0RA_1LA0LA	CBT_SP2_02
0RB1LC_1LA1RB_1LD0RA_1RB0LA	CBT_SP2_02
0RB1LC_1LA1RB_1LD0RA_1RC0LA	CBT_SP2_02
0RB1LC_1LA1RB_1LD1LD_0LA0LA	CBT_SP2_02
0RB1LC_1LA1RB_1LD1LD_0LA0RC	CBT_SP2_02
0RB1LC_1LA1RB_1LD1LD_0RB0LA	CBT_SPB_04
0RB1LC_1LA1RB_1LD1LD_0RD0LA	CBT_SPB_04
0RB1LC_1LA1RB_1LD1LD_1LA0LA	CBT_SP2_02
0RB1LC_1LA1RB_1LD1LD_1RB0LA	CBT_SP2_02
0RB1LC_1LA1RB_1LD1LD_1RC0LA	CBT_SP2_02
0RB1LC_1LA1RB_1RA0LA_------	CBT_SPB_04
0RB1LC_1LA1RB_1RA0LD_0RB1LD	CBT_DX1_03
0RB1LC_1LA1RB_1RA1LD_0LA0LA	CBT_SP2_02
0RB1LC_1LA1RB_1RA1LD_0LA0RC	CBT_SP2_02
0RB1LC_1LA1RB_1RA1LD_0LC0LA	CBT_SP2_02
0RB1LC_1LA1RB_1RA1LD_0RB0LA	CBT_SPB_05
0RB1LC_1LA1RB_1RA1LD_0RD0LA	CBT_SPB_05
0RB1LC_1LA1RB_1RA1LD_1LA0LA	CBT_SP2_02
0RB1LC_1LA1RB_1RA1LD_1RB0LA	CBT_SP2_02
0RB1LC_1LA1RB_1RA1LD_1RC0LA	CBT_SP2_02
0RB1LC_1LA1RB_1RB0LA_------	CBT_SPB_05
0RB1LC_1LA1RB_1RB0LD_0LA1LD	CBT_SP_06
0RB1LC_1LA1RB_1RB0LD_0RA0LA	CBT_NG_06
0RB1LC_1LA1RB_1RB0LD_0RA1LD	CBT_SP_06
0RB1LC_1LA1RB_1RB0LD_0RB1LD	CBT_QS_03
0RB1LC_1LA1RB_1RB0LD_0RD0LA	CBT_NG_06
0RB1LC_1LA1RB_1RB0LD_1LA1LD	CBT_SP_06
0RB1LC_1LA1RB_1RB0LD_1RB1LD	CBT_DXQ_00
0RB1LC_1LA1RB_1RB1LD_0LA0LA	CBT_SP2_02
0RB1LC_1LA1RB_1RB1LD_0LA0RC	CBT_SP2_02
0RB1LC_1LA1RB_1RB1LD_0RA0LA	CBT_SPB_05
0RB1LC_1LA1RB_1RB1LD_0RB0LA	CBT_SPB_05
0RB1LC_1LA1RB_1RB1LD_0RD0LA	CBT_SPB_05
0RB1LC_1LA1RB_1RB1LD_1LA0LA	CBT_SP2_02
0RB1LC_1LA1RB_1RB1LD_1RB0LA	CBT_SPB_05
0RB1LC_1LA1RB_1RB1LD_1RC0LA	CBT_SPB_05
0RB1LC_1LA1RB_1RC1LD_0LA0LA	CBT_SPB_05
0RB1LC_1LA1RB_1RC1LD_0LA0RC	CBT_SPB_05
0RB1LC_1LA1RB_1RC1LD_0RA0LA	CBT_SPB_05
0RB1LC_1LA1RB_1RC1LD_0RB0LA	CBT_SPB_05
0RB1LC_1LA1RB_1RC1LD_0RD0LA	CBT_SPB_05
0RB1LC_1LA1RB_1RC1LD_1LA0LA	CBT_SPB_05
0RB1LC_1LA1RB_1RC1LD_1RB0LA	CBT_SPB_05
0RB1LC_1LA1RB_1RC1LD_1RC0LA	CBT_SPB_05
0RB1LC_1LA1RB_1RD0LA_---1LB	CBT_SP_30
0RB1LC_1LA1RB_1RD0LA_---1LC	CBT_SP_30
0RB1LC_1LA1RB_1RD0LA_---1RB	CBT_SP_30
0RB1LC_1LA1RB_1RD0LA_---1RC	CBT_SP_30
0RB1LC_1LA1RB_1RD0LA_0LA1RD	CBT_SP_30
0RB1LC_1LA1RB_1RD0LA_0LB1RD	CBT_SP_30
0RB1LC_1LA1RB_1RD0LA_0RA0LD	CBT_SP_30
0RB1LC_1LA1RB_1RD0LA_0RB1LD	CBT_SP_30
0RB1LC_1LA1RB_1RD0LA_0RC1LD	CBT_SP_30
0RB1LC_1LA1RB_1RD0LA_1LA1RD	CBT_SP_30
0RB1LC_1LA1RB_1RD0LA_1LB1LD	CBT_LEF_00
0RB1LC_1LA1RB_1RD0LA_1LB1RD	CBT_SP_30
0RB1LC_1LA1RB_1RD0LA_1RB1RD	CBT_LEF_00
0RB1LC_1LA1RB_1RD0LD_0LA1LD	CBT_SP_06
0RB1LC_1LA1RB_1RD0LD_0RB1LD	CBT_QS_03
0RB1LC_1LA1RB_1RD0LD_1LA1LD	CBT_SP_06
0RB1LC_1LA1RB_1RD0LD_1RB1LD	CBT_DXQ_00
0RB1LC_1LA1RC_0LC1RD_1RB0RD	CBT_QC_06
0RB1LC_1LA1RC_1LA0RD_0LA1RD	CBT_LE5_01
0RB1LC_1LA1RC_1LA0RD_0LC1RD	CBT_LE3_01
0RB1LC_1LA1RC_1LD0RC_0LA0LC	CBT_BX_04
0RB1LC_1LC---_0RD0LA_1LA1RD	CBT_SP_30
0RB1LC_1LC0LA_0RD1LB_1LA1RD	CBT_CE_00
0RB1LC_1LC0LA_0RD1LC_1LB1RD	CBT_DX1_03
0RB1LC_1LC0LC_0RD1LA_1RD1RB	CBT_LE6_03
0RB1LC_1LC0LC_1RD1LA_1RB1RD	CBT_SP_06
0RB1LC_1LC0LD_0RD0LA_1RB1RD	CBT_NG_06
0RB1LC_1LC0LD_1LA0RD_1RA1RC	CBT_SPW_03
0RB1LC_1LC0RA_1LD---_1RB0LC	CBT_QC_06
0RB1LC_1LC0RA_1RA1LD_0LC---	CBT_QC_06
0RB1LC_1LC0RC_0LD0LA_1RA1RB	CBT_NG_06
0RB1LC_1LC0RC_1LD1RB_1LA0LD	CBT_LEF_00
0RB1LC_1LC0RD_1LA0LC_1RB1LD	CBT_NG_06
0RB1LC_1LC0RD_1LA0LC_1RB1RA	CBT_LEF_00
0RB1LC_1LC0RD_1LA0LC_1RB1RD	CBT_NG_06
0RB1LC_1LC0RD_1LA1RB_1RC0LC	CBT_NG_00
0RB1LC_1LC0RD_1RD0LC_1LA1RB	CBT_HY_00
0RB1LC_1LC1LA_0RD0LA_1RB1RD	CBT_NG_06
0RB1LC_1LC1LB_0RD0LA_1RB1RD	CBT_TA_02
0RB1LC_1LC1RA_0LD0LB_1LA0RB	CBT_SPW_03
0RB1LC_1LC1RA_0LD0LB_1LA1LD	CBT_SPW_03
0RB1LC_1LC1RA_0LD0LB_1LA1RD	CBT_BLC_00
0RB1LC_1LC1RA_1LD0LB_1RB0LA	CBT_BLC_00
0RB1LC_1LC1RA_1LD0LB_1RB1LC	CBT_BLC_00
0RB1LC_1LC1RA_1LD0LB_1RC0LA	CBT_BLC_00
0RB1LC_1LC1RA_1LD0LB_1RC1LC	CBT_BLC_00
0RB1LC_1LC1RA_1RD1LB_0LC0RD	CBT_QC_06
0RB1LC_1LC1RB_0LD0LA_1RA0RA	CBT_NG_06
0RB1LC_1LC1RB_0LD0LA_1RA0RC	CBT_NG_06
0RB1LC_1LC1RB_0LD0LA_1RD1RA	CBT_LE6_03
0RB1LC_1LC1RB_0LD1LD_0RA0LA	CBT_NG_06
0RB1LC_1LC1RB_0RB0LD_0RB1LA	CBT_NG_06
0RB1LC_1LC1RB_0RB1LD_0RA0LA	CBT_NG_06
0RB1LC_1LC1RB_0RB1LD_0RA0LC	CBT_QC_06
0RB1LC_1LC1RB_0RB1LD_0RB0LA	CBT_NG_06
0RB1LC_1LC1RB_0RB1LD_0RD0LA	CBT_NG_06
0RB1LC_1LC1RB_0RC1LD_0RB0LA	CBT_NG_06
0RB1LC_1LC1RB_0RD0LA_1LB1RD	CBT_NG_06
0RB1LC_1LC1RB_0RD0LA_1RB1RD	CBT_NG_06
0RB1LC_1LC1RB_1LA0RD_0LA1RC	CBT_SPW_03
0RB1LC_1LC1RB_1LA0RD_0LA1RD	CBT_SP_30
0RB1LC_1LC1RB_1LA0RD_0LC1RC	CBT_SW_06
0RB1LC_1LC1RB_1LA0RD_0LD1RC	CBT_SW_06
0RB1LC_1LC1RB_1LA0RD_1LC1RC	CBT_SPW_03
0RB1LC_1LC1RB_1LA0RD_1LD1RC	CBT_SP_06
0RB1LC_1LC1RB_1LA0RD_1RA1RC	CBT_SPW_03
0RB1LC_1LC1RB_1LA0RD_1RC1RC	CBT_SP_06
0RB1LC_1LC1RC_1LA0RD_0LA1RD	CBT_LE3_01
0RB1LC_1LC1RC_1LA0RD_0LC1RD	CBT_LE3_01
0RB1LC_1LC1RC_1RA0LD_0RA1LD	CBT_LEF_00
0RB1LC_1LC1RD_0LD1LA_1RB0LC	CBT_SP2_02
0RB1LC_1LC1RD_0RD0LA_0LD1RB	CBT_NG_06
0RB1LC_1LC1RD_0RD0LA_1LC1RB	CBT_NG_06
0RB1LC_1LC1RD_0RD0LC_1LA1RB	CBT_LE6_02
0RB1LC_1LC1RD_1LA0LA_0LB0RD	CBT_NG_06
0RB1LC_1LC1RD_1LA0LB_0LA0RC	CBT_SP_06
0RB1LC_1LC1RD_1LA0LB_0RB0RC	CBT_SP_06
0RB1LC_1LC1RD_1LA0LB_1LA0RC	CBT_SP_06
0RB1LC_1LC1RD_1LA0LB_1LD0RC	CBT_SP_06
0RB1LC_1LC1RD_1LA0LC_1RA1RD	CBT_HY_00
0RB1LC_1LC1RD_1LA1LC_0LB0RD	CBT_NG_06
0RB1LC_1RC---_1LD0RC_0LA0LC	CBT_BX_05
0RB1LC_1RC0LA_0RD0LD_1LD1RB	CBT_CE_05
0RB1LC_1RC0LA_0RD1LC_1LB1RD	CBT_DX1_03
0RB1LC_1RC0LA_1LA0RD_0LA1RD	CBT_LE5_01
0RB1LC_1RC0LA_1LA0RD_0LC1RD	CBT_LE3_01
0RB1LC_1RC0LA_1RD1LA_0LB0RD	CBT_NG_06
0RB1LC_1RC0LC_0LA0RD_1RA1RA	CBT_RW_01
0RB1LC_1RC0LC_1LD0RC_0LA1LA	CBT_BX_05
0RB1LC_1RC0LD_0RD0LA_1LA1RD	CBT_QC_06
0RB1LC_1RC0LD_1LA0LD_1LB1RA	CBT_SP_06
0RB1LC_1RC0LD_1LA0RA_1LB0LD	CBT_NG_06
0RB1LC_1RC0LD_1LA0RB_1LB---	CBT_SP_06
0RB1LC_1RC0LD_1LA0RD_1RA0LA	CBT_SPW_00
0RB1LC_1RC0LD_1LA0RD_1RA1RC	CBT_SP_06
0RB1LC_1RC0LD_1LA1RB_0RB1LD	CBT_QC_06
0RB1LC_1RC0LD_1LD1RB_---0LA	CBT_DX2_03
0RB1LC_1RC0LD_1RD0RB_1LB1LA	CBT_RW_01
0RB1LC_1RC0RC_1LA1RD_1RB0LA	CBT_DX2_03
0RB1LC_1RC0RD_1LA0LB_1RB0LC	CBT_SPB_24
0RB1LC_1RC0RD_1LA0LC_1RB1RA	CBT_CE3_02
0RB1LC_1RC0RD_1LA0LC_1RB1RD	CBT_NG_06
0RB1LC_1RC0RD_1LA1RB_1RA0LC	CBT_LEF_00
0RB1LC_1RC0RD_1LA1RD_1LB0LA	CBT_NG_06
0RB1LC_1RC0RD_1LD1RB_0LD0LA	CBT_DX2_03
0RB1LC_1RC1LB_0RD0LA_1LA1RD	CBT_QC_06
0RB1LC_1RC1LB_0RD0RA_1LD0LB	CBT_SP_06
0RB1LC_1RC1LB_1LA0RD_0LA1RD	CBT_SP_30
0RB1LC_1RC1LB_1LA0RD_0LC1RD	CBT_SP_30
0RB1LC_1RC1LB_1LA1RD_0LB0RC	CBT_QC_06
0RB1LC_1RC1LC_0RD0LA_1LA1RD	CBT_QC_06
0RB1LC_1RC1LD_0RD0LA_1LA1RD	CBT_QC_07
0RB1LC_1RC1LD_1LA0RD_0LA1RD	CBT_SP_30
0RB1LC_1RC1RA_0LA0LD_1RA1LD	CBT_SPW_00
0RB1LC_1RC1RA_0RD0RC_1LD0LB	CBT_SPW_00
0RB1LC_1RC1RA_1LA0LD_1LB1LA	CBT_SP_06
0RB1LC_1RC1RA_1LA0LD_1LB1RA	CBT_SP_07
0RB1LC_1RC1RA_1LD1RB_1LA0LD	CBT_NG_06
0RB1LC_1RC1RB_1LA0RD_0LA0LA	CBT_SP_07
0RB1LC_1RC1RB_1LA0RD_0LA1RC	CBT_SP_07
0RB1LC_1RC1RB_1LA0RD_0LC0LA	CBT_SW_02
0RB1LC_1RC1RB_1LA0RD_0LC1RC	CBT_SW_02
0RB1LC_1RC1RB_1LA0RD_0LC1RD	CBT_SP_30
0RB1LC_1RC1RB_1LA0RD_0LD0LA	CBT_SW_00
0RB1LC_1RC1RB_1LA0RD_0LD1RC	CBT_SW_02
0RB1LC_1RC1RB_1LA0RD_1LC0LA	CBT_SPW_03
0RB1LC_1RC1RB_1LA0RD_1LC1RC	CBT_SPW_03
0RB1LC_1RC1RB_1LA0RD_1LD0LA	CBT_SP_07
0RB1LC_1RC1RB_1LA0RD_1LD1RC	CBT_SP_07
0RB1LC_1RC1RB_1LA0RD_1RA0LA	CBT_SPW_00
0RB1LC_1RC1RB_1LA0RD_1RA1RC	CBT_SPW_00
0RB1LC_1RC1RB_1LA0RD_1RC0LA	CBT_SP_07
0RB1LC_1RC1RB_1LA0RD_1RC1RC	CBT_SP_07
0RB1LC_1RC1RB_1LA1RD_0RB0RC	CBT_SPW_00
0RB1LC_1RC1RB_1LD1LA_0RC0LD	CBT_CE3_00
0RB1LC_1RC1RC_1LA0RD_0LA1RD	CBT_LE5_01
0RB1LC_1RC1RC_1LA0RD_0LC1RD	CBT_LE3_01
0RB1LC_1RC1RD_0LC1LA_1LB0RD	CBT_CE2_14
0RB1LC_1RC1RD_0LC1LA_1RB0LC	CBT_SP_30
0RB1LC_1RC1RD_0LC1LA_1RB0RA	CBT_LE2_01
0RB1LC_1RC1RD_0LC1LB_1LA0RD	CBT_DX2_03
0RB1LC_1RC1RD_0RD0LA_1LA1RD	CBT_QC_07
0RB1LC_1RC1RD_0RD0LC_1LA1RB	CBT_LE6_02
0RB1LC_1RC1RD_1LA1LA_1RB0LC	CBT_SP2_02
0RB1LC_1RC1RD_1LA1LB_0LC0RB	CBT_SPW_00
0RB1LC_1RC1RD_1LA1LB_1RA0RB	CBT_SPW_00
0RB1LC_1RC1RD_1LA1LB_1RC0RB	CBT_SPW_00
0RB1LC_1RC1RD_1LB0LC_1LA0RD	CBT_DX2_03
0RB1LC_1RC1RD_1LB1LA_1RB0LC	CBT_SP_30
0RB1LC_1RC1RD_1LC1LA_1RB0LC	CBT_SP_30
0RB1LC_1RC1RD_1LD1RA_1LA0LC	CBT_RW_01
0RB1LD_0LC0RB_1RD0LA_1RB1LC	CBT_SPB_05
0RB1LD_0LC1LD_1LA1RC_0RC0LA	CBT_SP_30
0RB1LD_0LC1RB_0LD1RD_1LA0RC	CBT_SW_02
0RB1LD_0LC1RB_1LA1RA_0LA0LD	CBT_BLC6_02
0RB1LD_0LC1RB_1LA1RC_0RC0LA	CBT_SP_30
0RB1LD_0LC1RB_1LD1RD_1LA0RC	CBT_SPW_03
0RB1LD_0LC1RB_1RB1RD_1LA0RC	CBT_SP_07
0RB1LD_0LC1RB_1RD0RA_1LA0LD	CBT_NG_06
0RB1LD_0LC1RB_1RD1RD_1LA0RC	CBT_SP_07
0RB1LD_0LC1RC_1LA1RB_0RC0LD	CBT_LE6_02
0RB1LD_0LC1RC_1LA1RC_0RC0LA	CBT_SP_30
0RB1LD_0LC1RD_0LD1RC_1LA0RC	CBT_LE3_01
0RB1LD_0LC1RD_1LA1LC_1RB0LA	CBT_SPW_03
0RB1LD_0LC1RD_1LD1LC_1RB0LA	CBT_SP_07
0RB1LD_0LC1RD_1RB1LC_1LA0RB	CBT_QC_07
0RB1LD_0LC1RD_1RD1LC_1RB0LA	CBT_SPW_03
0RB1LD_0RC0LA_1LB1RD_1LA1RB	CBT_SPB_24
0RB1LD_0RC0LA_1LD1RD_1LA1RB	CBT_LE4_01
0RB1LD_0RC0LA_1RD1RB_1LA---	CBT_SP_30
0RB1LD_0RC0LA_1RD1RD_1LA1RB	CBT_SPB_24
0RB1LD_0RC0RC_1RD0LD_1LA1RB	CBT_NG_06
0RB1LD_0RC1LB_1LA1RC_0LA0LB	CBT_SW_02
0RB1LD_0RC1LB_1LA1RC_0LB0LB	CBT_DX1_03
0RB1LD_0RC1LB_1LA1RC_0LB0RA	CBT_DX1_03
0RB1LD_0RC1LB_1LA1RC_0RB0LB	CBT_SW_02
0RB1LD_0RC1LB_1LA1RC_0RC0LB	CBT_SW_02
0RB1LD_0RC1LB_1LA1RC_0RD0LB	CBT_SW_02
0RB1LD_0RC1LB_1LA1RC_1LA0LB	CBT_DX1_03
0RB1LD_0RC1LB_1LA1RC_1LB0LB	CBT_QS_03
0RB1LD_0RC1LB_1LA1RC_1LC0LB	CBT_DX1_03
0RB1LD_0RC1LB_1LA1RC_1RA0LB	CBT_DX1_03
0RB1LD_0RC1LB_1LA1RC_1RB0LB	CBT_QS_03
0RB1LD_0RC1LB_1LA1RC_1RC0LB	CBT_QS_03
0RB1LD_0RC1LB_1LB1RD_1RC0LA	CBT_SW_07
0RB1LD_0RC1LB_1RD0LB_1LA1RC	CBT_QC_07
0RB1LD_0RC1LD_1LB1RC_1RA0LB	CBT_QC_07
0RB1LD_0RC1RA_1LD1RB_1LA0LA	CBT_SPB_24
0RB1LD_0RC1RB_0LD1LD_1LA0LA	CBT_LEF_00
0RB1LD_0RC1RB_0LD1RC_1LA0LB	CBT_LE_06
0RB1LD_0RC1RB_0LD1RC_1LA0RC	CBT_SP_30
0RB1LD_0RC1RB_0LD1RD_1LA0LB	CBT_SW_02
0RB1LD_0RC1RB_0LD1RD_1LA0RC	CBT_SW_02
0RB1LD_0RC1RB_1LB1RD_1LA0LB	CBT_SP_07
0RB1LD_0RC1RB_1LB1RD_1LA0RC	CBT_SP_07
0RB1LD_0RC1RB_1LD1LA_1LA0LD	CBT_BLC6_02
0RB1LD_0RC1RB_1LD1RB_1LA0LD	CBT_BLC6_08
0RB1LD_0RC1RB_1LD1RD_1LA0LB	CBT_SPW_03
0RB1LD_0RC1RB_1LD1RD_1LA0RC	CBT_SPW_03
0RB1LD_0RC1RB_1RD0LB_1LA0LB	CBT_SP_07
0RB1LD_0RC1RB_1RD0LB_1LA0RC	CBT_SP_07
0RB1LD_0RC1RB_1RD1LD_1LA0LA	CBT_LEF_00
0RB1LD_0RC1RB_1RD1RA_1LA0LB	CBT_SP_07
0RB1LD_0RC1RB_1RD1RD_1LA0LB	CBT_SP_07
0RB1LD_0RC1RB_1RD1RD_1LA0RC	CBT_SP_07
0RB1LD_0RC1RC_1LA1RB_0LA0LD	CBT_NG_06
0RB1LD_0RC1RC_1LA1RB_0RC0LD	CBT_LE6_02
0RB1LD_0RC1RD_0LD1RC_1LA0RC	CBT_LE3_01
0RB1LD_1LA0RC_0LD1RB_1RC1LD	CBT_QC_07
0RB1LD_1LA0RC_0LD1RC_1RB1LD	CBT_QS_03
0RB1LD_1LA0RC_1RB1LC_0LA0LD	CBT_NG_06
0RB1LD_1LA0RC_1RB1RA_1LA0LD	CBT_LEF_00
0RB1LD_1LA0RC_1RB1RC_0LB1LA	CBT_BLC3_01
0RB1LD_1LA0RC_1RD1RB_0LA---	CBT_SP_30
0RB1LD_1LA1RC_0RD1RB_1LD0LA	CBT_SP_30
0RB1LD_1LA1RC_0RD1RB_1RB0LA	CBT_SP2_02
0RB1LD_1LA1RC_1LA1RB_0RC0LD	CBT_LE4_00
0RB1LD_1LA1RC_1LA1RC_0RC0LA	CBT_SP_30
0RB1LD_1LA1RC_1LB1RB_---0LA	CBT_SP_30
0RB1LD_1LA1RC_1LD1RB_---0LA	CBT_SP_30
0RB1LD_1LA1RC_1RB0LA_0RB0LA	CBT_CE3_00
0RB1LD_1LA1RC_1RB0LA_0RB0LD	CBT_NG_06
0RB1LD_1LA1RC_1RB0LA_0RD0LA	CBT_CE3_00
0RB1LD_1LA1RC_1RB0LB_---0LA	CBT_DX2_03
0RB1LD_1LA1RC_1RB0LD_---0LA	CBT_CE3_00
0RB1LD_1LA1RC_1RB0LD_---1LA	CBT_SP_31
0RB1LD_1LA1RC_1RB0LD_0RB0LD	CBT_NG_06
0RB1LD_1LA1RC_1RB0LD_0RB1LD	CBT_QC_07
0RB1LD_1LA1RC_1RB0LD_0RC1LD	CBT_QC_07
0RB1LD_1LA1RC_1RB0RA_0LD1LA	CBT_LEF_00
0RB1LD_1LA1RC_1RB0RC_0LD0LA	CBT_DX2_03
0RB1LD_1LA1RC_1RB0RC_0LD0LB	CBT_QC_07
0RB1LD_1LA1RC_1RB0RC_0LD1LA	CBT_DX2_03
0RB1LD_1LA1RC_1RB0RC_0LD1RB	CBT_QC_07
0RB1LD_1LA1RC_1RB0RC_0LD1RC	CBT_QC_07
0RB1LD_1LA1RC_1RB1RA_0RB0LD	CBT_NG_06
0RB1LD_1LA1RC_1RB1RB_---0LA	CBT_SP_31
0RB1LD_1LA1RC_1RB1RC_0RC0LD	CBT_CE2_15
0RB1LD_1LA1RC_1RD0LB_1LC0RC	CBT_NG_00
0RB1LD_1LA1RC_1RD0RB_1RB0LD	CBT_NG_06
0RB1LD_1LA1RC_1RD0RC_0LD1RB	CBT_QC_07
0RB1LD_1LC0LA_0RC1RB_1RC0LD	CBT_QC_07
0RB1LD_1LC0LA_1RD0LB_1LA0RC	CBT_SP_07
0RB1LD_1LC0LB_1RD0LB_1LA0RC	CBT_SP_07
0RB1LD_1LC0LB_1RD1LA_1LA0RC	CBT_SP_07
0RB1LD_1LC0LC_1RA1RD_1LA0RC	CBT_SP_07
0RB1LD_1LC0RA_1LA1RC_0RC0LA	CBT_DX2_03
0RB1LD_1LC0RA_1RD1LB_0LC0RD	CBT_QE_00
0RB1LD_1LC0RC_1LA1RC_0RC0LA	CBT_DX2_03
0RB1LD_1LC0RC_1RB1RA_1LA0LD	CBT_LEF_00
0RB1LD_1LC0RC_1RD0LB_1LA0RC	CBT_SP_07
0RB1LD_1LC0RC_1RD0LD_1LA1RB	CBT_NG_06
0RB1LD_1LC0RD_1RA1LB_0LB1RD	CBT_QC_07
0RB1LD_1LC0RD_1RA1LB_0LC1RD	CBT_QC_07
0RB1LD_1LC0RD_1RD0LB_1LA0RC	CBT_SP_07
0RB1LD_1LC0RD_1RD1LB_1RB0LA	CBT_SP_07
0RB1LD_1LC1LA_0RC1RB_1RC0LD	CBT_QC_07
0RB1LD_1LC1LB_1RD0LB_1LA0RC	CBT_SP_07
0RB1LD_1LC1LC_1RD0LB_1LA0RC	CBT_SP_07
0RB1LD_1LC1LD_1LA1RC_0RC0LA	CBT_SP_31
0RB1LD_1LC1RA_0RA0LD_0LC---	CBT_DX2_03
0RB1LD_1LC1RA_1RD0LB_1LA0RC	CBT_SP_07
0RB1LD_1LC1RA_1RD1LB_0LC0RD	CBT_QE_00
0RB1LD_1LC1RB_0LD0LA_0RD1LA	CBT_SW_07
0RB1LD_1LC1RB_0LD1RC_1LA0RC	CBT_SP_31
0RB1LD_1LC1RB_0LD1RD_1LA0RC	CBT_SW_02
0RB1LD_1LC1RB_0RA0LA_0LC0LA	CBT_NG_06
0RB1LD_1LC1RB_0RA0LA_0LC0LD	CBT_NG_06
0RB1LD_1LC1RB_0RA0LA_0LC1LC	CBT_NG_06
0RB1LD_1LC1RB_0RA0LA_0LC1RD	CBT_NG_06
0RB1LD_1LC1RB_0RA0LA_0RB1LA	CBT_SW_07
0RB1LD_1LC1RB_0RA0LA_0RB1LD	CBT_DX1_03
0RB1LD_1LC1RB_0RA0LA_0RD1LA	CBT_SW_07
0RB1LD_1LC1RB_0RA0LD_0LC1LD	CBT_DX1_03
0RB1LD_1LC1RB_0RA0LD_0RB0LA	CBT_NG_06
0RB1LD_1LC1RB_0RA0LD_0RB1LA	CBT_SW_07
0RB1LD_1LC1RB_0RA0LD_0RB1LD	CBT_QS_03
0RB1LD_1LC1RB_0RA1LA_0LC0LA	CBT_NG_07
0RB1LD_1LC1RB_0RA1LA_0LC0LD	CBT_NG_07
0RB1LD_1LC1RB_0RA1LA_0RB0LA	CBT_NG_07
0RB1LD_1LC1RB_0RA1LA_0RB0LD	CBT_NG_07
0RB1LD_1LC1RB_0RA1LA_0RC0LA	CBT_NG_07
0RB1LD_1LC1RB_0RA1LA_1LA0LC	CBT_SPB_05
0RB1LD_1LC1RB_0RA1LA_1RB0LC	CBT_CE_00
0RB1LD_1LC1RB_0RA1LA_1RD0LC	CBT_CE_00
0RB1LD_1LC1RB_0RB0LA_0RB0LC	CBT_NG_07
0RB1LD_1LC1RB_0RB0LA_0RB1LA	CBT_SW_07
0RB1LD_1LC1RB_0RB0LA_0RB1LC	CBT_NG_07
0RB1LD_1LC1RB_0RB0LA_0RB1LD	CBT_DX1_03
0RB1LD_1LC1RB_0RB0LA_0RC0LC	CBT_NG_07
0RB1LD_1LC1RB_0RB0LA_0RC1LC	CBT_NG_07
0RB1LD_1LC1RB_0RB0LA_0RD0LC	CBT_NG_07
0RB1LD_1LC1RB_0RB0LA_0RD1LA	CBT_SW_07
0RB1LD_1LC1RB_0RB0LA_0RD1LC	CBT_NG_07
0RB1LD_1LC1RB_0RB0LD_0RB0LA	CBT_NG_07
0RB1LD_1LC1RB_0RB0LD_0RB1LA	CBT_SW_07
0RB1LD_1LC1RB_0RB1LA_0LA0LC	CBT_SPB_05
0RB1LD_1LC1RB_0RB1LA_0LB0LC	CBT_SPB_05
0RB1LD_1LC1RB_0RB1LA_0LC0LC	CBT_SPB_05
0RB1LD_1LC1RB_0RB1LA_0LC0RA	CBT_CE_00
0RB1LD_1LC1RB_0RB1LA_0RB0LA	CBT_NG_07
0RB1LD_1LC1RB_0RB1LA_0RB0LC	CBT_SPB_05
0RB1LD_1LC1RB_0RB1LA_0RB0LD	CBT_NG_07
0RB1LD_1LC1RB_0RB1LA_0RC0LA	CBT_NG_07
0RB1LD_1LC1RB_0RB1LA_0RC0LC	CBT_SPB_05
0RB1LD_1LC1RB_0RB1LA_0RD0LA	CBT_NG_00
0RB1LD_1LC1RB_0RB1LA_0RD0LC	CBT_SPB_05
0RB1LD_1LC1RB_0RB1LA_1LA0LC	CBT_SPB_05
0RB1LD_1LC1RB_0RB1LA_1LB0LC	CBT_SPB_05
0RB1LD_1LC1RB_0RB1LA_1LC0LC	CBT_SPB_05
0RB1LD_1LC1RB_0RB1LA_1RA0LC	CBT_SPB_05
0RB1LD_1LC1RB_0RB1LA_1RB0LC	CBT_SPB_05
0RB1LD_1LC1RB_0RB1LA_1RD0LC	CBT_SPB_05
0RB1LD_1LC1RB_0RB1LD_1RA0LC	CBT_QC_07
0RB1LD_1LC1RB_0RC1LA_0LA0LC	CBT_CE_00
0RB1LD_1LC1RB_0RC1LA_0LB0LC	CBT_SPB_05
0RB1LD_1LC1RB_0RC1LA_0LC0LA	CBT_NG_07
0RB1LD_1LC1RB_0RC1LA_0RB0LA	CBT_NG_07
0RB1LD_1LC1RB_0RC1LA_0RC0LA	CBT_NG_07
0RB1LD_1LC1RB_0RC1LA_0RD0LA	CBT_NG_07
0RB1LD_1LC1RB_0RC1LA_1LA0LC	CBT_SPB_06
0RB1LD_1LC1RB_0RC1LA_1LB0LC	CBT_SPB_06
0RB1LD_1LC1RB_0RC1LA_1LC0LC	CBT_SPB_06
0RB1LD_1LC1RB_0RC1LA_1RB0LC	CBT_SPB_06
0RB1LD_1LC1RB_0RC1LA_1RD0LC	CBT_CE_01
0RB1LD_1LC1RB_0RD0LA_0RB1LA	CBT_SW_07
0RB1LD_1LC1RB_0RD0LA_0RB1LD	CBT_DX1_03
0RB1LD_1LC1RB_0RD0LA_0RD1LA	CBT_SW_07
0RB1LD_1LC1RB_0RD0LD_0RB1LA	CBT_SW_07
0RB1LD_1LC1RB_0RD1LA_1LA0LC	CBT_CE_01
0RB1LD_1LC1RB_0RD1LA_1RB0LC	CBT_SPB_06
0RB1LD_1LC1RB_1LA0LA_0RB1LA	CBT_DX1_03
0RB1LD_1LC1RB_1LA0LA_0RB1LD	CBT_DX1_04
0RB1LD_1LC1RB_1LA0LA_0RD1LA	CBT_DX1_04
0RB1LD_1LC1RB_1LA0LD_0RB1LA	CBT_DX1_04
0RB1LD_1LC1RB_1LA1LA_0LA0LC	CBT_SPB_06
0RB1LD_1LC1RB_1LA1LA_0LC0LC	CBT_SPB_06
0RB1LD_1LC1RB_1LA1LA_0LC0RA	CBT_SP2_02
0RB1LD_1LC1RB_1LA1LA_0RB0LC	CBT_CE_01
0RB1LD_1LC1RB_1LA1LA_0RC0LC	CBT_SPB_06
0RB1LD_1LC1RB_1LA1LA_0RD0LC	CBT_SPB_06
0RB1LD_1LC1RB_1LA1LA_1LA0LC	CBT_SPB_06
0RB1LD_1LC1RB_1LA1LA_1LC0LC	CBT_SPB_06
0RB1LD_1LC1RB_1LA1LA_1RA0LC	CBT_SPB_06
0RB1LD_1LC1RB_1LA1LA_1RB0LC	CBT_SPB_06
0RB1LD_1LC1RB_1LA1LA_1RD0LC	CBT_SPB_06
0RB1LD_1LC1RB_1LA1RC_0RC0LA	CBT_SP_31
0RB1LD_1LC1RB_1LD0LA_0RB1LA	CBT_DX1_04
0RB1LD_1LC1RB_1LD0LA_0RB1LD	CBT_DX1_04
0RB1LD_1LC1RB_1LD0LA_0RD1LA	CBT_DX1_04
0RB1LD_1LC1RB_1LD0LD_0RB1LA	CBT_DX1_04
0RB1LD_1LC1RB_1LD1LA_0RB0LC	CBT_CE_01
0RB1LD_1LC1RB_1LD1LA_0RC0LC	CBT_SPB_06
0RB1LD_1LC1RB_1LD1RD_1LA0RC	CBT_SPW_03
0RB1LD_1LC1RB_1RA0LA_0RB1LA	CBT_DX1_04
0RB1LD_1LC1RB_1RA0LA_0RB1LD	CBT_DX1_04
0RB1LD_1LC1RB_1RA0LA_0RD1LA	CBT_DX1_04
0RB1LD_1LC1RB_1RA0LC_1LA0LD	CBT_HY_00
0RB1LD_1LC1RB_1RA0LC_1RB0LD	CBT_HY_00
0RB1LD_1LC1RB_1RA0LD_0RB1LA	CBT_DX1_04
0RB1LD_1LC1RB_1RA0LD_0RB1LD	CBT_QS_03
0RB1LD_1LC1RB_1RA1LA_0LB0LC	CBT_LE5_02
0RB1LD_1LC1RB_1RA1LA_0LC0LC	CBT_SP2_02
0RB1LD_1LC1RB_1RA1LA_0LC0RA	CBT_SP2_02
0RB1LD_1LC1RB_1RA1LA_1RA0LC	CBT_SP2_02
0RB1LD_1LC1RB_1RA1LA_1RB0LC	CBT_LE6_00
0RB1LD_1LC1RB_1RA1LA_1RD0LC	CBT_SPB_06
0RB1LD_1LC1RB_1RA1RD_1LA0RC	CBT_SPW_00
0RB1LD_1LC1RB_1RB0LA_0RB1LA	CBT_DX1_04
0RB1LD_1LC1RB_1RB0LA_0RB1LD	CBT_DX1_04
0RB1LD_1LC1RB_1RB0LA_0RD1LA	CBT_DX1_04
0RB1LD_1LC1RB_1RB0LD_0RB1LA	CBT_DX1_04
0RB1LD_1LC1RB_1RB1LA_0LA0LC	CBT_SP2_02
0RB1LD_1LC1RB_1RB1LA_0LC0LC	CBT_SP2_02
0RB1LD_1LC1RB_1RB1LA_0LC0RA	CBT_SP2_03
0RB1LD_1LC1RB_1RB1LA_0RB0LC	CBT_CE_01
0RB1LD_1LC1RB_1RB1LA_0RC0LC	CBT_SPB_06
0RB1LD_1LC1RB_1RB1LA_0RC0LD	CBT_NG_07
0RB1LD_1LC1RB_1RB1LA_0RD0LC	CBT_SP2_03
0RB1LD_1LC1RB_1RB1LA_1LA0LC	CBT_SP2_03
0RB1LD_1LC1RB_1RB1LA_1LC0LC	CBT_SP2_03
0RB1LD_1LC1RB_1RB1LA_1RA0LC	CBT_SP2_03
0RB1LD_1LC1RB_1RB1LA_1RB0LC	CBT_SP2_03
0RB1LD_1LC1RB_1RB1LA_1RD0LC	CBT_SP2_03
0RB1LD_1LC1RB_1RD0LA_0RB1LA	CBT_DX1_04
0RB1LD_1LC1RB_1RD0LA_0RB1LD	CBT_DX1_04
0RB1LD_1LC1RB_1RD0LA_0RD1LA	CBT_DX1_04
0RB1LD_1LC1RB_1RD0LB_1LA0RC	CBT_SP_07
0RB1LD_1LC1RB_1RD0LD_0RB1LA	CBT_DX1_04
0RB1LD_1LC1RB_1RD1LA_0LA0LC	CBT_SP2_03
0RB1LD_1LC1RB_1RD1LA_0LC0LC	CBT_SP2_03
0RB1LD_1LC1RB_1RD1LA_1LC0LC	CBT_SP2_03
0RB1LD_1LC1RB_1RD1LA_1RA0LC	CBT_SP2_03
0RB1LD_1LC1RB_1RD1LA_1RB0LC	CBT_SPB_06
0RB1LD_1LC1RB_1RD1RD_1LA0RC	CBT_SP_07
0RB1LD_1LC1RC_1LA0RC_0LD0RB	CBT_DX2_03
0RB1LD_1LC1RC_1LA1RB_0RC0LD	CBT_LE6_02
0RB1LD_1LC1RC_1LA1RC_0RC0LA	CBT_SP_31
0RB1LD_1LC1RC_1RB0LD_0RC0LA	CBT_LEFQ_00
0RB1LD_1LC1RC_1RD0LB_1LA0RC	CBT_SPW_00
0RB1LD_1LC1RD_0LD1RA_1LA0LC	CBT_SP_07
0RB1LD_1LC1RD_0LD1RC_1LA0RC	CBT_LE3_01
0RB1LD_1LC1RD_0RA0LC_1RB---	CBT_DX2_03
0RB1LD_1LC1RD_0RA1LC_1RA0LC	CBT_LEF_00
0RB1LD_1LC1RD_1LA0LB_1LA0RC	CBT_SP_07
0RB1LD_1LC1RD_1LA1LC_1RB0LA	CBT_SP_07
0RB1LD_1LC1RD_1LA1RC_0RC0LA	CBT_SP_31
0RB1LD_1LC1RD_1RD0LB_1LA0RC	CBT_SP_07
0RB1LD_1LC1RD_1RD1LC_1RB0LA	CBT_SP_07
0RB1LD_1RC---_1LA1RC_0RC0LA	CBT_SP_31
0RB1LD_1RC0LA_0RD1RB_1LD1LA	CBT_SP_31
0RB1LD_1RC0LA_1LA1RB_0RB0LA	CBT_CE3_00
0RB1LD_1RC0LA_1LA1RB_0RD0LA	CBT_CE3_00
0RB1LD_1RC0LA_1LA1RB_1LB1LA	CBT_SP2_03
0RB1LD_1RC0LA_1LA1RB_1LC1LA	CBT_SP2_03
0RB1LD_1RC0LA_1LA1RC_0LA1LB	CBT_SPB_06
0RB1LD_1RC0LA_1LA1RC_0RB1LB	CBT_SPB_06
0RB1LD_1RC0LA_1LA1RC_0RC1LB	CBT_SPB_06
0RB1LD_1RC0LA_1LA1RC_0RD1LB	CBT_SPB_06
0RB1LD_1RC0LA_1LA1RC_1LA1LB	CBT_SPB_06
0RB1LD_1RC0LA_1LA1RC_1LB1LB	CBT_SPB_07
0RB1LD_1RC0LA_1LA1RC_1LC1LB	CBT_SPB_07
0RB1LD_1RC0LA_1LA1RC_1RA1LB	CBT_SPB_07
0RB1LD_1RC0LA_1LA1RC_1RC1LB	CBT_SPB_07
0RB1LD_1RC0LA_1LA1RC_1RD1LB	CBT_SPB_07
0RB1LD_1RC0LA_1LB0RD_1RB1LA	CBT_SP2_03
0RB1LD_1RC0LA_1LB1RB_---1LA	CBT_SP_31
0RB1LD_1RC0LA_1LB1RB_0RB0LD	CBT_NG_07
0RB1LD_1RC0LA_1LB1RC_0RC1LD	CBT_DX1_04
0RB1LD_1RC0LA_1LD0RD_1RB1LA	CBT_SP2_03
0RB1LD_1RC0LA_1LD1RB_---1LA	CBT_SP_31
0RB1LD_1RC0LA_1LD1RB_0RC0LD	CBT_QE_00
0RB1LD_1RC0LA_1RD1RB_0LB0LA	CBT_SW_02
0RB1LD_1RC0LA_1RD1RB_1LB0LA	CBT_DX1_04
0RB1LD_1RC0LA_1RD1RB_1LB1LA	CBT_LE_07
0RB1LD_1RC0LA_1RD1RB_1LC1LA	CBT_SP_31
0RB1LD_1RC0LD_0LA0RD_1LB1RA	CBT_RW_01
0RB1LD_1RC0LD_1LA1RB_0RB0LA	CBT_CE3_03
0RB1LD_1RC0LD_1LA1RB_0RB1LD	CBT_QC_07
0RB1LD_1RC0LD_1LA1RB_0RC1LD	CBT_QC_07
0RB1LD_1RC0LD_1LA1RB_0RD0LA	CBT_CE3_02
0RB1LD_1RC0LD_1LB1RB_0RB0LA	CBT_LEFQ_00
0RB1LD_1RC0LD_1LB1RC_0RB0LA	CBT_NG_07
0RB1LD_1RC0LD_1RD0RC_1LA1RB	CBT_DX2_03
0RB1LD_1RC0RA_0LA1RB_0LA1LA	CBT_LE_05
0RB1LD_1RC0RA_1LB1RB_0LA1LA	CBT_SP2_03
0RB1LD_1RC0RA_1LD1RB_0LA1LA	CBT_SP2_03
0RB1LD_1RC0RA_1RD1RB_0LA1LA	CBT_LE_06
0RB1LD_1RC0RC_0LA1RB_1LC0LD	CBT_NG_07
0RB1LD_1RC0RD_0LA1RA_1RA0LD	CBT_HY3_03
0RB1LD_1RC1LA_1RD1RB_0LB0LA	CBT_SW_02
0RB1LD_1RC1LB_0LA1RC_1LA0RC	CBT_SP_31
0RB1LD_1RC1LB_0LB1RD_1LA0RC	CBT_QC_07
0RB1LD_1RC1LB_0LB1RD_1RC0LA	CBT_SW_02
0RB1LD_1RC1LB_0LD0RC_1LA1RD	CBT_QC_07
0RB1LD_1RC1LB_0LD1RC_1LA0RC	CBT_SP_31
0RB1LD_1RC1LB_1LA0RB_0LA0LD	CBT_NG_07
0RB1LD_1RC1LB_1LA1RC_0LA0LB	CBT_SP_07
0RB1LD_1RC1LB_1LA1RC_0LC0LA	CBT_LEF_00
0RB1LD_1RC1LB_1LA1RC_0RB0LB	CBT_DXQ_00
0RB1LD_1RC1LB_1LA1RC_0RC0LB	CBT_DXQ_00
0RB1LD_1RC1LB_1LA1RC_1LA0LB	CBT_SP_07
0RB1LD_1RC1LB_1LA1RC_1LB0LB	CBT_DXQ_00
0RB1LD_1RC1LB_1LA1RC_1LC0LA	CBT_LEF_00
0RB1LD_1RC1LB_1LA1RC_1LC0LB	CBT_SP_07
0RB1LD_1RC1LB_1LA1RC_1RB0LB	CBT_DXQ_00
0RB1LD_1RC1LB_1LA1RC_1RC0LB	CBT_DXQ_00
0RB1LD_1RC1LB_1LB1RD_1RC0LA	CBT_SW_03
0RB1LD_1RC1LB_1RD0RC_0LA0LB	CBT_NG_07
0RB1LD_1RC1LC_0LA1RC_1LA0RC	CBT_SP_31
0RB1LD_1RC1LC_1LB0RD_0LA1LD	CBT_SP_07
0RB1LD_1RC1LD_1LB1RC_0LC0LA	CBT_LEF_00
0RB1LD_1RC1LD_1LB1RC_1LC0LA	CBT_LEF_00
0RB1LD_1RC1LD_1LD0RB_0LA1LC	CBT_SP_07
0RB1LD_1RC1RA_0LA1RB_0LA0LB	CBT_SP_07
0RB1LD_1RC1RA_0LA1RB_0LA0RB	CBT_SP_07
0RB1LD_1RC1RA_1LA0LC_1LC1RB	CBT_NG_07
0RB1LD_1RC1RA_1LA0RA_0LA1LD	CBT_SW_02
0RB1LD_1RC1RA_1LA0RA_0LC0LD	CBT_NG_07
0RB1LD_1RC1RA_1LA1RB_0LA0LD	CBT_NG_07
0RB1LD_1RC1RA_1LA1RB_0RB0LD	CBT_CE2_02
0RB1LD_1RC1RA_1LB0RA_0LA1LD	CBT_SW_02
0RB1LD_1RC1RA_1LD0RA_0LA1LD	CBT_SW_02
0RB1LD_1RC1RA_1RD0RA_0LA1LD	CBT_SW_02
0RB1LD_1RC1RB_0LA0RB_1LA0LD	CBT_NG_07
0RB1LD_1RC1RB_0LA1LA_0RB0LA	CBT_LE6_03
0RB1LD_1RC1RB_0LA1LA_0RC0LA	CBT_LE6_03
0RB1LD_1RC1RB_0LA1RA_1LA0LA	CBT_MB_05
0RB1LD_1RC1RB_0LA1RA_1LA0LC	CBT_NG_07
0RB1LD_1RC1RB_0LA1RC_1LA0RC	CBT_SP_31
0RB1LD_1RC1RB_0LA1RD_1LA0RC	CBT_SPW_03
0RB1LD_1RC1RB_0LC1LA_0RB0LD	CBT_NG_07
0RB1LD_1RC1RB_0LC1RD_1LA0RC	CBT_SW_03
0RB1LD_1RC1RB_0LD0RC_0LB1LA	CBT_LE4_06
0RB1LD_1RC1RB_0LD1RC_1LA0RC	CBT_SP_31
0RB1LD_1RC1RB_0LD1RD_1LA0RC	CBT_SW_03
0RB1LD_1RC1RB_0RD0LD_1LB0LA	CBT_NG_07
0RB1LD_1RC1RB_1LA---_0RB0LD	CBT_QC_07
0RB1LD_1RC1RB_1LA0LD_0RC0LD	CBT_LE_07
0RB1LD_1RC1RB_1LA0RB_0LA0LD	CBT_HY_00
0RB1LD_1RC1RB_1LA1LA_0RC0LD	CBT_LE_07
0RB1LD_1RC1RB_1LA1LC_0LA0LA	CBT_TA_02
0RB1LD_1RC1RB_1LA1LC_0LC0LA	CBT_TA_02
0RB1LD_1RC1RB_1LA1LC_0RB0LA	CBT_TA_02
0RB1LD_1RC1RB_1LA1LC_0RC0LA	CBT_TA_02
0RB1LD_1RC1RB_1LA1LC_0RD0LA	CBT_TA_02
0RB1LD_1RC1RB_1LA1LC_1LA0LA	CBT_TA_02
0RB1LD_1RC1RB_1LA1LC_1LB0LA	CBT_TA_03
0RB1LD_1RC1RB_1LA1LC_1LC0LA	CBT_TA_02
0RB1LD_1RC1RB_1LA1LC_1RA0LA	CBT_TA_02
0RB1LD_1RC1RB_1LA1LC_1RB0LA	CBT_TA_03
0RB1LD_1RC1RB_1LA1LC_1RC0LA	CBT_TA_03
0RB1LD_1RC1RB_1LA1RA_0RC0LD	CBT_LE_06
0RB1LD_1RC1RB_1LA1RB_0RC0LD	CBT_SP2_03
0RB1LD_1RC1RB_1LA1RC_1LA0LA	CBT_SPB_07
0RB1LD_1RC1RB_1LA1RC_1RB0LA	CBT_SPB_07
0RB1LD_1RC1RB_1LC1LA_0RB0LD	CBT_NG_00
0RB1LD_1RC1RB_1LC1RD_1LA0RC	CBT_SP_01
0RB1LD_1RC1RB_1LD0LB_0RB0LA	CBT_NG_07
0RB1LD_1RC1RB_1LD1LC_0RB0LA	CBT_TA_02
0RB1LD_1RC1RB_1LD1RC_0RB0LA	CBT_NG_07
0RB1LD_1RC1RB_1LD1RD_1LA0RC	CBT_SPW_03
0RB1LD_1RC1RB_1RD1RA_1LA0LA	CBT_MB_01
0RB1LD_1RC1RB_1RD1RD_1LA0RC	CBT_SP_01
0RB1LD_1RC1RC_1LA1RB_0RC0LD	CBT_LE4_00
0RB1LD_1RC1RD_0LA1RC_1LA0RC	CBT_LE3_01
0RB1LD_1RC1RD_0LD1RC_1LA0RC	CBT_LE3_01
0RB1LD_1RC1RD_1LA1RC_1RB0LA	CBT_SP_31
0RB1RA_0LC0RA_0LD1LD_1RB1LD	CBT_DX1_04
0RB1RA_0LC0RA_0LD1RA_1RB1LD	CBT_DX1_04
0RB1RA_0LC0RA_0LD1RC_1RB1LD	CBT_DX1_04
0RB1RA_0LC0RC_1LD1RC_1RA0LC	CBT_SP_01
0RB1RA_0LC1LC_1LD0LD_0RA1LC	CBT_LEF_01
0RB1RA_0LC1LC_1LD1RA_0RC0LD	CBT_NG_07
0RB1RA_0LC1RA_1LD1LB_1LA0LB	CBT_SW_03
0RB1RA_0LC1RA_1LD1LB_1RA0LB	CBT_SW_03
0RB1RA_0LC1RA_1LD1LB_1RB0LB	CBT_SW_03
0RB1RA_0LC1RA_1LD1LB_1RC0LB	CBT_SW_03
0RB1RA_0LC1RA_1LD1RD_1RC0LA	CBT_SP_01
0RB1RA_0LC1RB_1LA1LD_1LC0LA	CBT_LE2_01
0RB1RA_0LC1RB_1LD0LA_0RA1LC	CBT_LE_04
0RB1RA_0LC1RB_1LD0LA_1LA1LC	CBT_LE_04
0RB1RA_0LC1RB_1LD0LA_1RA1LC	CBT_SP2_03
0RB1RA_0LC1RB_1LD0LA_1RB1LC	CBT_SP2_03
0RB1RA_0LC1RB_1LD0LA_1RC1LC	CBT_SP2_03
0RB1RA_0LC1RB_1LD0RB_0RA1LC	CBT_SP_31
0RB1RA_0LC1RB_1LD0RB_1RA1LC	CBT_SP_31
0RB1RA_0LC1RB_1LD1LC_0RA0LD	CBT_LE4_05
0RB1RA_0LC1RB_1RB1LD_1LC0LA	CBT_LE2_01
0RB1RA_0LC1RB_1RD1LC_0LB0LA	CBT_DX1_04
0RB1RA_0LC1RB_1RD1LC_0LC0LA	CBT_DX1_04
0RB1RA_0LC1RB_1RD1LC_1LB0LA	CBT_DX1_04
0RB1RA_0LC1RB_1RD1LC_1LC0LA	CBT_DX1_04
0RB1RA_0LC1RB_1RD1LC_1RB0LA	CBT_DX1_04
0RB1RA_0LC1RB_1RD1LD_1LC0LA	CBT_LE2_01
0RB1RA_0LC1RC_0LD0RC_1LA1LD	CBT_LE6_01
0RB1RA_0LC1RC_1LD0LA_0RA1LC	CBT_SW_03
0RB1RA_0LC1RC_1LD0LA_1LA1LD	CBT_SPW_03
0RB1RA_0LC1RC_1LD0RB_0RA1LC	CBT_SW_03
0RB1RA_0LC1RC_1LD0RB_1LA1LD	CBT_SPW_03
0RB1RA_0LC1RC_1LD0RB_1RA1LC	CBT_SW_03
0RB1RA_0LC1RD_1RB1LC_0LA0RA	CBT_SP_01
0RB1RA_0LC1RD_1RB1LC_0LA0RB	CBT_SP_31
0RB1RA_0LC1RD_1RB1LC_0LC0RA	CBT_SP_01
0RB1RA_0LC1RD_1RB1LC_0RB0RA	CBT_SP_01
0RB1RA_0LC1RD_1RB1LC_1LA0RA	CBT_SP_01
0RB1RA_0LC1RD_1RB1LC_1LC0RA	CBT_SP_01
0RB1RA_0LC1RD_1RB1LC_1RA0RA	CBT_SP_01
0RB1RA_0LC1RD_1RB1LC_1RB0RA	CBT_SP_01
0RB1RA_0LC1RD_1RB1LC_1RC0RA	CBT_SP_01
0RB1RA_1LA1LC_1LD0LD_0RA1LB	CBT_SPB_07
0RB1RA_1LA1LC_1LD1RA_0RC0LD	CBT_NG_07
0RB1RA_1LA1RC_1LD0LA_0RA1LC	CBT_SP_01
0RB1RA_1LA1RC_1LD0LA_1RA1LC	CBT_SP_01
0RB1RA_1LA1RC_1LD0RB_0RA1LC	CBT_SP_01
0RB1RA_1LA1RC_1LD0RB_1RA1LC	CBT_SP_01
0RB1RA_1LC---_1LD---_0RA0LD	CBT_DX2_03
0RB1RA_1LC---_1LD0LD_0RA0LC	CBT_DX2_03
0RB1RA_1LC0LA_1LD1RA_0RC0LD	CBT_LE_06
0RB1RA_1LC0LB_0LD1LD_1RA1LC	CBT_SPW_00
0RB1RA_1LC0LD_1LD---_0RA0LB	CBT_DX2_03
0RB1RA_1LC0RA_0LD1LB_1RD1LC	CBT_NG_07
0RB1RA_1LC0RA_1LD0LA_1RB0LB	CBT_HY2_00
0RB1RA_1LC0RA_1LD1LB_1RB0LB	CBT_HY2_00
0RB1RA_1LC0RA_1LD1LC_1RB0LB	CBT_HY2_00
0RB1RA_1LC0RC_1LD0LC_0RA0LC	CBT_NG_07
0RB1RA_1LC0RC_1LD1RB_1LA1LD	CBT_SP_01
0RB1RA_1LC0RC_1LD1RC_1RA0LC	CBT_SP_01
0RB1RA_1LC0RC_1RD1RB_1LA1LD	CBT_SP_01
0RB1RA_1LC0RD_1LD0LD_0RA1LB	CBT_NG_07
0RB1RA_1LC0RD_1LD1LB_1RA1RB	CBT_SPW_00
0RB1RA_1LC1LA_1LD0RA_1RB0LD	CBT_QC_07
0RB1RA_1LC1LA_1LD1RB_0RC0LD	CBT_DX2_04
0RB1RA_1LC1LB_1LD1LD_0RA0LC	CBT_LEF_01
0RB1RA_1LC1LB_1LD1RA_0RC0LD	CBT_LE_04
0RB1RA_1LC1LB_1RC1LD_0RA0LC	CBT_LEF_01
0RB1RA_1LC1LC_1LD0LD_0RA1LB	CBT_SPB_07
0RB1RA_1LC1LC_1LD0RA_1RB0LD	CBT_SP2_03
0RB1RA_1LC1LC_1LD1RA_0RC0LD	CBT_LE_05
0RB1RA_1LC1LD_0LD---_0RA0LC	CBT_DX2_04
0RB1RA_1LC1LD_1LD0LC_0RA0LC	CBT_HY_00
0RB1RA_1LC1LD_1LD0LC_0RA1LC	CBT_BLC6_02
0RB1RA_1LC1RA_1LD0LC_0RA0LC	CBT_HY_00
0RB1RA_1LC1RA_1LD0LC_0RA1LC	CBT_BLC6_03
0RB1RA_1LC1RA_1LD0LC_0RB0LC	CBT_HY_00
0RB1RA_1LC1RB_0LD0LC_1RA1LD	CBT_HY_00
0RB1RA_1LC1RB_1LD1LC_0RA0LA	CBT_SP_01
0RB1RA_1LC1RB_1LD1LC_1RA0LA	CBT_SP_01
0RB1RA_1LC1RC_1LD0LA_0RA0LA	CBT_SP4_00
0RB1RA_1LC1RC_1LD0LA_0RA1LB	CBT_SPW_04
0RB1RA_1LC1RC_1LD0LA_0RA1LC	CBT_SPW_04
0RB1RA_1LC1RC_1LD0LA_1LA0RC	CBT_SP_01
0RB1RA_1LC1RC_1LD0LA_1LA1LD	CBT_SP_01
0RB1RA_1LC1RC_1LD0LA_1RA0LA	CBT_SP_01
0RB1RA_1LC1RC_1LD0LA_1RA1LB	CBT_SPW_04
0RB1RA_1LC1RC_1LD0LA_1RA1LC	CBT_SPW_04
0RB1RA_1LC1RC_1LD0RB_0RA0LA	CBT_SP_01
0RB1RA_1LC1RC_1LD0RB_0RA1LC	CBT_SPW_04
0RB1RA_1LC1RC_1LD0RB_1LA1LD	CBT_SP_01
0RB1RA_1LC1RC_1LD0RB_1RA0LA	CBT_SP_01
0RB1RA_1LC1RC_1LD0RB_1RA1LC	CBT_SPW_04
0RB1RA_1LC1RC_1RD0LA_1LA1LD	CBT_SP_01
0RB1RA_1LC1RC_1RD0RB_1LA1LD	CBT_SP_01
0RB1RA_1LC1RD_0LD0LC_1RA1LC	CBT_AST_50
0RB1RA_1LC1RD_0LD1LA_1RB0RB	CBT_SP_01
0RB1RA_1LC1RD_1LD---_0RA0LA	CBT_SP4_00
0RB1RA_1LC1RD_1LD---_1RA0LA	CBT_SP_01
0RB1RA_1LC1RD_1LD0RA_0RC0LA	CBT_SP_01
0RB1RA_1LC1RD_1LD0RA_1RC0LA	CBT_SP4_00
0RB1RA_1LC1RD_1LD1LA_1RC0LA	CBT_SP_07
0RB1RA_1LC1RD_1LD1RA_0RC0LA	CBT_SP4_00
0RB1RA_1LC1RD_1LD1RA_1RC0LA	CBT_SP_07
0RB1RA_1RC0LA_1LD0LA_0RA1LC	CBT_SP_07
0RB1RA_1RC0LA_1LD0LA_1RA1LC	CBT_SP_07
0RB1RA_1RC0LA_1LD0RB_0RA1LC	CBT_SP_07
0RB1RA_1RC0LA_1LD0RB_1RA1LC	CBT_SP_07
0RB1RA_1RC0LD_1LD0LA_1LB1LC	CBT_SP_07
0RB1RA_1RC0RC_1LD0LA_1RA0LC	CBT_SPW_15
0RB1RA_1RC0RC_1LD0RB_0RA0LC	CBT_DX0_00
0RB1RA_1RC0RC_1LD0RB_1RA0LC	CBT_DX0_00
0RB1RA_1RC0RC_1LD1RB_1LA0LD	CBT_CE2_15
0RB1RA_1RC0RC_1LD1RC_1RA0LC	CBT_SP_07
0RB1RA_1RC0RD_1LD0RB_1RA0LC	CBT_NG_07
0RB1RA_1RC1LC_1LD0LD_0RA1LC	CBT_LEF_01
0RB1RA_1RC1LD_1LD0LA_1RA0LC	CBT_SPW_04
0RB1RA_1RC1LD_1LD0RB_1RA0LC	CBT_SP_07
0RB1RA_1RC1RA_1LD0LC_1LA1LC	CBT_NG_07
0RB1RA_1RC1RA_1LD0LC_1RA1LC	CBT_NG_07
0RB1RA_1RC1RA_1LD0LC_1RB1LC	CBT_NG_07
0RB1RA_1RC1RC_1LD0LA_0RA1LC	CBT_SP_08
0RB1RA_1RC1RC_1LD0LA_1RA1LC	CBT_SP_08
0RB1RA_1RC1RC_1LD0RB_0RA1LC	CBT_SP_08
0RB1RA_1RC1RC_1LD0RB_1RA1LC	CBT_SP_08
0RB1RA_1RC1RD_0LD0LC_1RA1LC	CBT_HY2_00
0RB1RA_1RC1RD_1LD0LA_0RA1LC	CBT_SP_08
0RB1RA_1RC1RD_1LD0RB_1RA0LC	CBT_DX0_00
0RB1RB_0LC0RA_0LD0RA_1RC1LD	CBT_NG_07
0RB1RB_0LC0RA_0LD1RA_1RC1LD	CBT_NG_07
0RB1RB_0LC0RA_1LD0RB_1RA1LC	CBT_CE3_05
0RB1RB_0LC0RA_1LD0RB_1RC1LC	CBT_LEFQ_00
0RB1RB_0LC0RA_1LD1LC_1RA1LD	CBT_SPB_07
0RB1RB_0LC0RB_1LD1LA_1RA1LC	CBT_CE2_02
0RB1RB_0LC0RB_1LD1LC_1RA---	CBT_QC_07
0RB1RB_0LC0RC_0LD0RA_1RA1LD	CBT_NG_07
0RB1RB_0LC0RC_0LD0RA_1RC1LD	CBT_NG_07
0RB1RB_0LC0RC_0LD0RC_1RA1LD	CBT_NG_07
0RB1RB_0LC0RC_0LD1LA_1RA1LD	CBT_NG_07
0RB1RB_0LC0RC_0LD1RA_1RA1LD	CBT_NG_07
0RB1RB_0LC0RC_0LD1RA_1RB1LD	CBT_NG_08
0RB1RB_0LC0RC_0LD1RA_1RC1LD	CBT_CE_01
0RB1RB_0LC0RC_0LD1RC_1RA1LD	CBT_SW_03
0RB1RB_0LC0RC_1LD1RC_1RA1LD	CBT_DXQ_00
0RB1RB_0LC0RD_1RB1LC_0LA1RD	CBT_DX1_04
0RB1RB_0LC0RD_1RD1LC_0LA1RA	CBT_CE_01
0RB1RB_0LC0RD_1RD1LC_0LA1RB	CBT_DX2_04
0RB1RB_0LC0RD_1RD1LC_0LC1RA	CBT_SPB_07
0RB1RB_0LC1RA_1LD0LB_0RB1LC	CBT_LE_07
0RB1RB_0LC1RA_1LD0LB_1LA1LC	CBT_LE_04
0RB1RB_0LC1RA_1LD0LB_1RA1LC	CBT_SP2_03
0RB1RB_0LC1RA_1LD0LB_1RC1LC	CBT_SP2_03
0RB1RB_0LC1RB_1LD0RB_1RA1LC	CBT_QC_07
0RB1RB_0LC1RB_1RD1LC_0LA0RB	CBT_QS_03
0RB1RB_0LC1RB_1RD1LC_1LA0RB	CBT_QS_03
0RB1RB_0LC1RC_0LD0RA_1RA1LD	CBT_CE_01
0RB1RB_0LC1RC_0LD0RA_1RC1LD	CBT_NG_08
0RB1RB_0LC1RD_1LA1LC_0LA0RB	CBT_LE6_03
0RB1RB_0LC1RD_1LA1LC_0LC0RB	CBT_LE6_03
0RB1RB_0LC1RD_1LD0RD_1RA0LD	CBT_BX_06
0RB1RB_0LC1RD_1RB1LC_0LA0RB	CBT_QC_07
0RB1RB_0RC1LB_1LA1RD_1RC0LB	CBT_QC_07
0RB1RB_0RC1LB_1RD0LB_1LA1RC	CBT_QC_07
0RB1RB_1LA0RC_0LD1RB_1RC1LD	CBT_QC_07
0RB1RB_1LA1LC_1RD0LC_0RD0LA	CBT_DX2_04
0RB1RB_1LA1LC_1RD0LC_0RD1LA	CBT_QC_07
0RB1RB_1LC---_1RD0LC_0RD0LA	CBT_DX2_04
0RB1RB_1LC0LA_1RD0LC_0RD1LA	CBT_DX2_04
0RB1RB_1LC0LC_1LD1RA_0RA0LD	CBT_CE2_12
0RB1RB_1LC0LC_1RD1LA_0RD0LA	CBT_DX2_04
0RB1RB_1LC0LC_1RD1LA_0RD1LC	CBT_QC_07
0RB1RB_1LC0LD_0RA1LB_1LB1RA	CBT_SP_08
0RB1RB_1LC0LD_0RC1LD_1RC1LA	CBT_QC_07
0RB1RB_1LC0RA_0LD0LC_1RD1LB	CBT_DX0_00
0RB1RB_1LC0RA_1LD0LA_1RB1RD	CBT_SPW_04
0RB1RB_1LC0RA_1RA1LD_0LA0LC	CBT_HY_00
0RB1RB_1LC0RA_1RA1LD_1LC0LC	CBT_HY_00
0RB1RB_1LC0RA_1RD1LB_0LC0RD	CBT_QC_07
0RB1RB_1LC0RC_0LD1RA_1RC1LD	CBT_SPB_07
0RB1RB_1LC0RC_0LD1RC_1RA1LD	CBT_QS_03
0RB1RB_1LC0RC_1LA1LD_1RC0LD	CBT_QC_07
0RB1RB_1LC0RC_1LD1RC_1RA1LD	CBT_DXQ_00
0RB1RB_1LC0RD_0RA1LB_0LB1RD	CBT_LE3_01
0RB1RB_1LC0RD_0RA1LB_0LC1RD	CBT_LE3_01
0RB1RB_1LC0RD_1RA1LC_0LA1RD	CBT_SP_08
0RB1RB_1LC0RD_1RA1LC_0LC1RD	CBT_QS_03
0RB1RB_1LC0RD_1RA1LC_1LC1RD	CBT_DXQ_00
0RB1RB_1LC0RD_1RD0LC_1LA0LA	CBT_DX2_04
0RB1RB_1LC0RD_1RD0LC_1LA1LC	CBT_QC_07
0RB1RB_1LC1LC_1RD0LC_0RD1LA	CBT_QC_07
0RB1RB_1LC1LD_0RC1LA_1RC0LD	CBT_QC_07
0RB1RB_1LC1LD_1RB0RA_1RC0LD	CBT_QC_07
0RB1RB_1LC1RA_0LD0LA_1LA0RD	CBT_HY3_00
0RB1RB_1LC1RA_0LD0LA_1RA0RD	CBT_HY3_00
0RB1RB_1LC1RA_0LD0LC_1RD0RB	CBT_DX1_04
0RB1RB_1LC1RA_0LD1LC_1RA0RD	CBT_SPW_15
0RB1RB_1LC1RA_0RA0LD_0LC1LA	CBT_NG_08
0RB1RB_1LC1RA_0RA0LD_0LC1RA	CBT_NG_08
0RB1RB_1LC1RA_0RA1LD_0LC0LD	CBT_NG_08
0RB1RB_1LC1RA_0RA1LD_0RB0LD	CBT_LE6_02
0RB1RB_1LC1RA_0RC1LD_1RA0LC	CBT_LE_06
0RB1RB_1LC1RA_1LD---_0RA0LD	CBT_DX2_04
0RB1RB_1LC1RA_1LD0LA_0RA0RB	CBT_SP_08
0RB1RB_1LC1RA_1LD0LA_0RD0RB	CBT_SP_08
0RB1RB_1LC1RA_1LD0LA_1LA0RB	CBT_SP_08
0RB1RB_1LC1RA_1LD0LA_1RA0RB	CBT_SP_08
0RB1RB_1LC1RA_1LD0LA_1RB0LB	CBT_SP_08
0RB1RB_1LC1RA_1LD0LA_1RB0RB	CBT_SP_08
0RB1RB_1LC1RA_1LD0LA_1RD0RB	CBT_BL_00
0RB1RB_1LC1RA_1LD0LC_0RB0LC	CBT_HY_00
0RB1RB_1LC1RA_1LD0LD_0RB0LC	CBT_HY_00
0RB1RB_1LC1RA_1LD1LC_0RA0RB	CBT_SP_08
0RB1RB_1LC1RA_1LD1LC_0RD0RB	CBT_SP_08
0RB1RB_1LC1RA_1LD1LC_1LA0RB	CBT_SP_08
0RB1RB_1LC1RA_1LD1LC_1RA0RB	CBT_SP_08
0RB1RB_1LC1RA_1LD1LC_1RB0LB	CBT_SP_08
0RB1RB_1LC1RA_1LD1LC_1RB0RB	CBT_SP_08
0RB1RB_1LC1RA_1LD1LC_1RD0RB	CBT_SPW_15
0RB1RB_1LC1RA_1RA0LD_1LC1LD	CBT_BLC3_00
0RB1RB_1LC1RA_1RC1LD_0RA0LC	CBT_SP2_03
0RB1RB_1LC1RB_0RA0LD_0LC1LD	CBT_DX1_04
0RB1RB_1LC1RB_0RA0LD_0RB1LD	CBT_QS_03
0RB1RB_1LC1RB_0RB1LD_0RA0LC	CBT_QC_07
0RB1RB_1LC1RB_0RB1LD_1RA0LC	CBT_QC_07
0RB1RB_1LC1RB_1RA0LD_0RB1LD	CBT_QS_03
0RB1RB_1LC1RC_0RC1LD_1LA0LD	CBT_LE_02
0RB1RB_1LC1RC_1LD1RA_0RA0LD	CBT_CE2_03
0RB1RB_1LC1RC_1RA0LD_0RC0LC	CBT_NG_08
0RB1RB_1LC1RC_1RA0LD_0RC0LD	CBT_NG_08
0RB1RB_1LC1RD_0RD0LC_1RB1LA	CBT_QC_08
0RB1RB_1LC1RD_1LA0LC_0RD0LA	CBT_LE_01
0RB1RB_1LC1RD_1LA0LC_0RD1LC	CBT_LE_02
0RB1RB_1LC1RD_1LA1LC_0LB0RD	CBT_NG_08
0RB1RB_1RC0LA_1LD1RB_0RC0LD	CBT_QE_00
0RB1RB_1RC0LC_1LA1RD_1LC0RD	CBT_QC_08
0RB1RB_1RC0LD_1LB1RA_0RC1LD	CBT_LE2_00
0RB1RB_1RC0LD_1LD0RC_1LA0LA	CBT_DX2_04
0RB1RB_1RC0LD_1LD0RC_1LA1RC	CBT_QC_08
0RB1RB_1RC0RC_0LD1RB_0LA1LD	CBT_LEF_01
0RB1RB_1RC0RC_0LD1RC_1RA1LD	CBT_QS_03
0RB1RB_1RC0RC_1LD1LA_0LD0LA	CBT_DX2_04
0RB1RB_1RC0RC_1LD1LA_0LD1RC	CBT_QC_08
0RB1RB_1RC0RC_1LD1RC_1RA1LD	CBT_DXQ_00
0RB1RB_1RC0RD_0LC1RD_1LC1LA	CBT_QC_08
0RB1RB_1RC0RD_1RD1LC_0LC1RA	CBT_SPB_24
0RB1RB_1RC1LB_0LB1RD_0LA0RC	CBT_QC_08
0RB1RB_1RC1LB_0LB1RD_1LA0RC	CBT_QC_08
0RB1RB_1RC1LB_1LA0RD_0LB1RD	CBT_QS_03
0RB1RB_1RC1LB_1LA0RD_0LC1RD	CBT_DX1_04
0RB1RB_1RC1LB_1LA1RD_0LB0RC	CBT_QC_08
0RB1RB_1RC1LC_0LC1RD_1LA0RD	CBT_QC_08
0RB1RB_1RC1LC_1LD1RA_1LB0LD	CBT_NG_08
0RB1RB_1RC1LD_0LB0RC_0LA1LB	CBT_NG_08
0RB1RB_1RC1LD_0LB0RC_0LA1LD	CBT_NG_08
0RB1RB_1RC1LD_1LA0RC_0LD0LA	CBT_DX2_04
0RB1RB_1RC1LD_1LA0RC_0LD1RC	CBT_QC_08
0RB1RB_1RC1RA_1LC1LD_0RB0LD	CBT_QC_08
0RB1RC_0LC---_0LD0RA_1RA1LD	CBT_DX2_04
0RB1RC_0LC0RA_0LD1LD_1RB1LC	CBT_NG_08
0RB1RC_0LC0RA_0LD1RC_1RB1LD	CBT_DX1_04
0RB1RC_0LC1LC_1LD1RA_0RC0LD	CBT_NG_08
0RB1RC_0LC1RA_1LD0RB_1RB1LD	CBT_SPB_07
0RB1RC_0LC1RB_1LD0RA_1LA1LC	CBT_SP_08
0RB1RC_0LC1RB_1LD0RB_0RA1LC	CBT_LE3_01
0RB1RC_0LC1RB_1RD1LC_1LA0RB	CBT_QS_03
0RB1RC_0LC1RD_1RB1LC_0LA0RB	CBT_QC_08
0RB1RC_0LC1RD_1RB1LC_1LA0RB	CBT_QC_08
0RB1RC_0RC0LB_1LD1RA_0RA1LB	CBT_LE6_00
0RB1RC_0RC0LB_1RD1RA_1LD1LB	CBT_QC_08
0RB1RC_0RC1LB_1LD1RC_0RA0LB	CBT_QS_03
0RB1RC_0RC1LB_1LD1RC_1RA0LB	CBT_QS_03
0RB1RC_0RC1LD_1LB1RC_0RA0LB	CBT_QC_08
0RB1RC_0RC1LD_1LB1RC_1RA0LB	CBT_QC_08
0RB1RC_0RC1RA_1LD1RB_0LA0LD	CBT_CE3_00
0RB1RC_1LA0LC_0LD0RA_1RA1LD	CBT_DX2_04
0RB1RC_1LA0RC_0LD1RC_1RB1LD	CBT_QS_03
0RB1RC_1LA1LC_0LD0RA_1RA1LD	CBT_QC_08
0RB1RC_1LA1RB_0RC1LD_0LD0LA	CBT_CE3_00
0RB1RC_1LA1RB_1LD0RC_0LD0LA	CBT_DX2_04
0RB1RC_1LA1RB_1LD0RC_0LD1LA	CBT_DX2_04
0RB1RC_1LA1RB_1LD0RC_0LD1LB	CBT_QC_08
0RB1RC_1LA1RB_1LD0RC_0LD1RB	CBT_QC_08
0RB1RC_1LC---_1LD1RA_0RA0LD	CBT_DX2_04
0RB1RC_1LC0LA_0LD0RA_1RA1LD	CBT_DX2_04
0RB1RC_1LC0LA_0LD0RA_1RC1LD	CBT_NG_00
0RB1RC_1LC0LA_0LD0RC_1RA1LD	CBT_NG_08
0RB1RC_1LC0LB_0LD0RA_1RA1LD	CBT_SP_31
0RB1RC_1LC0LC_0LD0RA_1RA1LD	CBT_DX2_04
0RB1RC_1LC0LC_0LD0RA_1RC1LD	CBT_NG_08
0RB1RC_1LC0LC_0LD0RC_1RA1LD	CBT_NG_08
0RB1RC_1LC0LD_0LD0RA_1RA1LD	CBT_SP_31
0RB1RC_1LC0RA_0LD0RD_1RD1LB	CBT_CE_05
0RB1RC_1LC0RA_0LD1RC_1RB1LD	CBT_DX1_04
0RB1RC_1LC0RC_1LD1RA_0RB0LD	CBT_DX2_04
0RB1RC_1LC0RD_1LD0LB_1RB1RA	CBT_RW_01
0RB1RC_1LC1LC_0LD0RA_1RA1LD	CBT_QC_08
0RB1RC_1LC1RA_1LD0RC_1RB0LD	CBT_NG_08
0RB1RC_1LC1RB_0LD0LA_1RD0RB	CBT_SP_08
0RB1RC_1LC1RB_0LD1LD_0RA0LA	CBT_NG_08
0RB1RC_1LC1RD_0RD0LC_1RB1LA	CBT_QE_00
0RB1RC_1LC1RD_1LA0LC_0RD1LC	CBT_LE3_04
0RB1RC_1RC0LB_0RD0RC_1LD1LA	CBT_SPW_04
0RB1RC_1RC0LC_1LA0RD_1LC0RD	CBT_QC_08
0RB1RC_1RC0LC_1LD0RC_1LA0LA	CBT_LE6_03
0RB1RC_1RC0LC_1LD0RC_1LA1RC	CBT_LE6_03
0RB1RC_1RC0LD_0LB1RA_1LB1LD	CBT_BLC3_01
0RB1RC_1RC0LD_1LD0RC_1LA0LA	CBT_QC_08
0RB1RC_1RC0LD_1LD0RC_1LA1LB	CBT_QC_08
0RB1RC_1RC0LD_1LD0RC_1LA1RC	CBT_QC_08
0RB1RC_1RC0LD_1LD0RC_1LA1RD	CBT_QC_08
0RB1RC_1RC0LD_1LD1RA_0RC1LB	CBT_SP2_03
0RB1RC_1RC0LD_1RD0RB_1LB1LA	CBT_RW_01
0RB1RC_1RC0RA_1LD1RA_1LB1LD	CBT_SP_08
0RB1RC_1RC1LA_1LD1RB_0RC0LD	CBT_QC_08
0RB1RC_1RC1LB_0LB1RD_0LA0RC	CBT_QC_08
0RB1RC_1RC1LB_1LA1RD_0LB0RC	CBT_QC_08
0RB1RC_1RC1LC_1LA0RD_0RC0LC	CBT_QC_08
0RB1RC_1RC1LD_1LA0RC_0LD0LA	CBT_DX2_04
0RB1RC_1RC1LD_1LA0RC_0LD1RC	CBT_QC_08
0RB1RC_1RC1RB_0LD0RA_1LB1LD	CBT_TA_03
0RB1RC_1RC1RB_1LD0RA_1LA1LC	CBT_SP_08
0RB1RC_1RC1RB_1LD0RC_0LD1LA	CBT_DX2_04
0RB1RD_0LC1RA_1LD1RA_1RA0LC	CBT_SP_08
0RB1RD_0LC1RA_1RB1LC_0LB0LB	CBT_SPB_07
0RB1RD_0LC1RA_1RB1LC_0LB0RB	CBT_SPB_07
0RB1RD_0LC1RA_1RB1LC_0LC0LB	CBT_SPB_07
0RB1RD_0LC1RA_1RB1LC_0LC0RB	CBT_SPB_07
0RB1RD_0LC1RA_1RB1LC_0LD0LB	CBT_CE_01
0RB1RD_0LC1RA_1RB1LC_0LD0RB	CBT_SPB_07
0RB1RD_0LC1RA_1RB1LC_0RB0LA	CBT_SPB_07
0RB1RD_0LC1RA_1RB1LC_0RB0LB	CBT_SPB_07
0RB1RD_0LC1RA_1RB1LC_0RB0RB	CBT_SPB_07
0RB1RD_0LC1RA_1RB1LC_1LA0LB	CBT_SPB_07
0RB1RD_0LC1RA_1RB1LC_1LA0RB	CBT_SPB_07
0RB1RD_0LC1RA_1RB1LC_1LC0LB	CBT_SPB_07
0RB1RD_0LC1RA_1RB1LC_1LC0RB	CBT_SPB_07
0RB1RD_0LC1RA_1RB1LC_1RB0LB	CBT_SPB_07
0RB1RD_0LC1RA_1RB1LC_1RB0RB	CBT_SPB_07
0RB1RD_0LC1RB_1LD0RB_1RA1LC	CBT_QC_08
0RB1RD_0LC1RB_1LD1RA_1RA0LC	CBT_SP_08
0RB1RD_0LC1RB_1RB1LD_1LC0RA	CBT_SPW_04
0RB1RD_0LC1RD_1RB1LC_1LA0RB	CBT_QC_08
0RB1RD_0RC0LB_1LD1RC_1LB0RA	CBT_BR_00
0RB1RD_0RC1LD_1LB1RC_1RA0LB	CBT_QC_08
0RB1RD_1LA0RC_0LD1RB_1RC1LD	CBT_QC_08
0RB1RD_1LA0RC_0LD1RC_1RB1LD	CBT_QS_03
0RB1RD_1LA1LC_1RB0LC_0RD0LA	CBT_DX2_04
0RB1RD_1LA1RC_0LC1RB_1LC0RD	CBT_QC_08
0RB1RD_1LA1RC_1LD0RB_1RA0LC	CBT_SP_08
0RB1RD_1LA1RC_1RB0LD_0RB1LD	CBT_QC_08
0RB1RD_1LA1RC_1RB0LD_0RC1LD	CBT_QC_08
0RB1RD_1LC0LC_1RA1LB_0LB0RA	CBT_NG_08
0RB1RD_1LC0LC_1RA1LB_0LC0RA	CBT_NG_08
0RB1RD_1LC0LC_1RA1LB_0LC1LD	CBT_SP_08
0RB1RD_1LC0LC_1RA1LB_1LB0RA	CBT_NG_08
0RB1RD_1LC0LC_1RA1LB_1LC0RA	CBT_NG_08
0RB1RD_1LC0LD_1RD0RA_1LB0RC	CBT_DX0_00
0RB1RD_1LC0RA_0LD1LA_1RB0LD	CBT_SPB_07
0RB1RD_1LC0RA_1LD0RD_1RB0LB	CBT_NG_08
0RB1RD_1LC0RA_1RA1LA_1RB0LD	CBT_LEF_01
0RB1RD_1LC0RA_1RA1LB_0LC1RA	CBT_SP2_03
0RB1RD_1LC0RA_1RA1LD_1LC0LC	CBT_NG_08
0RB1RD_1LC0RA_1RC1LA_1RB0LD	CBT_CE_01
0RB1RD_1LC0RA_1RD1LA_1RB0LD	CBT_CE_01
0RB1RD_1LC0RA_1RD1LB_0LC0RD	CBT_QE_00
0RB1RD_1LC0RB_1RA0LD_0LC1LB	CBT_SPB_07
0RB1RD_1LC0RD_1RA1LB_0LB0RA	CBT_CE3_05
0RB1RD_1LC0RD_1RA1LB_0LB1RD	CBT_QC_08
0RB1RD_1LC0RD_1RA1LB_0LC1RD	CBT_QC_08
0RB1RD_1LC0RD_1RB1LB_0LB0RA	CBT_LEFQ_00
0RB1RD_1LC1LA_1RA1LB_0LB0RD	CBT_CE2_02
0RB1RD_1LC1LA_1RB1LB_0LB0RD	CBT_QC_08
0RB1RD_1LC1LB_0RA0LC_0LB1RA	CBT_LE4_06
0RB1RD_1LC1LB_1RA---_0LB0RD	CBT_QC_09
0RB1RD_1LC1LB_1RA0LC_1RB0RA	CBT_DX0_00
0RB1RD_1LC1LB_1RA1RC_0LB0RA	CBT_SPW_04
0RB1RD_1LC1LB_1RA1RC_1LB0RA	CBT_SPW_04
0RB1RD_1LC1LB_1RC0RD_1LB1RA	CBT_BL_00
0RB1RD_1LC1RA_0LD0LC_0RA1RB	CBT_CE3_00
0RB1RD_1LC1RA_1LA0LB_1RA0RC	CBT_SP_08
0RB1RD_1LC1RA_1LD0LB_1RA0RC	CBT_SPW_04
0RB1RD_1LC1RA_1LD0LC_0RB0LC	CBT_BR_00
0RB1RD_1LC1RA_1LD0LC_1RB0LB	CBT_HY3_03
0RB1RD_1LC1RA_1LD0LC_1RD0LB	CBT_BR_00
0RB1RD_1LC1RA_1LD0LD_0RA1LC	CBT_SPB_24
0RB1RD_1LC1RB_0RB1LD_1RA0LC	CBT_QC_09
0RB1RD_1LC1RB_1RA1LC_0LB0RB	CBT_DXQ_00
0RB1RD_1LC1RB_1RA1LC_0LC0RB	CBT_DXQ_00
0RB1RD_1LC1RB_1RA1LC_1LB0RB	CBT_DXQ_00
0RB1RD_1LC1RB_1RA1LC_1LC0RB	CBT_DXQ_00
0RB1RD_1LC1RB_1RA1LC_1RB0RB	CBT_DXQ_00
0RB1RD_1LC1RC_0RC1LD_1LA0LD	CBT_LE3_04
0RB1RD_1LC1RC_1RA1LA_1RB0LC	CBT_NG_08
0RB1RD_1LC1RD_0LD0LC_1RA1LC	CBT_BLC6_03
0RB1RD_1RC---_1LD0RB_1RA0LC	CBT_SP_08
0RB1RD_1RC---_1LD1RB_0LD0LA	CBT_DX2_04
0RB1RD_1RC0LA_1LD0RB_1RB1LC	CBT_SP_08
0RB1RD_1RC0LA_1LD1RB_0RC0LD	CBT_QE_00
0RB1RD_1RC0LC_1LA---_1LC0RD	CBT_QC_09
0RB1RD_1RC0LC_1LA0LA_1LB0RD	CBT_DX2_04
0RB1RD_1RC0LD_1LA1RB_0RB1LD	CBT_QC_09
0RB1RD_1RC0LD_1LA1RB_0RC1LD	CBT_QC_09
0RB1RD_1RC0LD_1LA1RD_1LC0RD	CBT_LE6_03
0RB1RD_1RC0LD_1LB0LA_1RB1LC	CBT_NG_08
0RB1RD_1RC0RA_0LC1LB_1LC0RD	CBT_QC_09
0RB1RD_1RC0RA_1LD1LA_1RA0LC	CBT_NG_08
0RB1RD_1RC0RD_1LA1LC_1RB0LC	CBT_NG_08
0RB1RD_1RC1LA_1LD1RB_0RC0LD	CBT_QE_00
0RB1RD_1RC1LB_0LA0RD_0LB1RD	CBT_QS_03
0RB1RD_1RC1LB_0LA1RD_0LB0RC	CBT_SP_31
0RB1RD_1RC1LB_0LB1RD_1LA0RC	CBT_QC_09
0RB1RD_1RC1LB_1LA0RD_0LB1RD	CBT_QS_03
0RB1RD_1RC1LB_1LA1RD_0LB0RC	CBT_QC_09
0RB1RD_1RC1LC_0LC1RD_1LA0RD	CBT_QC_09
0RB1RD_1RC1LC_0RD0LA_1LD0LB	CBT_RW_01
0RB1RD_1RC1LC_1LB0RD_0LC0RA	CBT_CE2_02
0RB1RD_1RC1LC_1LB1RA_1LD0RC	CBT_DX0_00
0RB1RD_1RC1LD_0RD0LD_1LA0RC	CBT_QC_09
0RB1RD_1RC1LD_1LD0RA_1LB0LC	CBT_SP_08
0RB1RD_1RC1RA_0LC1LB_1LC0RD	CBT_QC_09
0RB1RD_1RC1RA_1LD0LA_1RA0LC	CBT_BR_09
0RB1RD_1RC1RA_1LD0LB_1RA0LC	CBT_SP_08
0RB1RD_1RC1RA_1LD1RA_1RA0LC	CBT_SPW_04
0RB1RD_1RC1RB_0LC1LA_1LC0RD	CBT_DX2_04
0RB1RD_1RC1RD_0LD0LC_1RA1LC	CBT_BLC6_03
0RB1RD_1RC1RD_1LD1LA_1RA0LC	CBT_NG_08
1RA---_------_------_------	CBT_RW_04
1RB---_0LB0LA_------_------	CBT_RW_01
1RB---_0LB0RA_------_------	CBT_RW_01
1RB---_0LB1RA_------_------	CBT_RW_01
1RB---_0LB1RB_------_------	CBT_QC_00
1RB---_0LB1RC_0RD0RC_1LB1LD	CBT_CE2_02
1RB---_0LB1RC_1LB0RC_------	CBT_QE_00
1RB---_0LB1RC_1LB0RD_1LB0RC	CBT_CE_06
1RB---_0LB1RC_1LB0RD_1LC0RC	CBT_CE2_06
1RB---_0LB1RC_1LB0RD_1LC0RD	CBT_CE2_15
1RB---_0LB1RC_1LD0RC_1LB1RC	CBT_CE2_15
1RB---_0LB1RC_1LD1RA_0RA0LD	CBT_CE2_03
1RB---_0LC---_---0LA_------	CBT_RW_01
1RB---_0LC---_---0RA_------	CBT_RW_01
1RB---_0LC---_---1RA_------	CBT_RW_01
1RB---_0LC---_---1RB_------	CBT_QC_00
1RB---_0LC0LA_1LB1RD_1LC0RD	CBT_SP_31
1RB---_0LC0LB_1RC0RD_1LB1LA	CBT_SP_08
1RB---_0LC0RB_0LD1LC_1RA0RC	CBT_SP2_03
1RB---_0LC0RB_0LD1LC_1RA1RA	CBT_SP2_03
1RB---_0LC0RB_0LD1LC_1RA1RD	CBT_QC_31
1RB---_0LC0RB_1LD1LA_0RC1LC	CBT_DX2_04
1RB---_0LC0RB_1LD1LA_1RB1LC	CBT_QE_00
1RB---_0LC0RC_0LD1LC_1RA1LB	CBT_SP_08
1RB---_0LC0RC_0LD1RC_1RB1LD	CBT_QS_03
1RB---_0LC0RD_0LD1LC_1RA0RB	CBT_DX2_04
1RB---_0LC0RD_1RB1LC_0LC1RD	CBT_QS_03
1RB---_0LC0RD_1RD1LC_0LA1RB	CBT_SP_31
1RB---_0LC1LD_0RC1LA_1RC0LD	CBT_QC_32
1RB---_0LC1RA_0LD0RB_1LA1LC	CBT_SP_31
1RB---_0LC1RA_1LD1RC_0RA0LD	CBT_DX2_04
1RB---_0LC1RB_0LB1RD_1LC0RD	CBT_CE_06
1RB---_0LC1RB_1LA1LD_1LC0RB	CBT_SP_31
1RB---_0LC1RB_1LD0RB_1LA1LC	CBT_SP_31
1RB---_0LC1RB_1RD1LC_0LB0RB	CBT_QS_03
1RB---_0LC1RB_1RD1LC_0LC0RB	CBT_QS_03
1RB---_0LC1RB_1RD1LC_1LB0RB	CBT_QS_03
1RB---_0LC1RB_1RD1LC_1LC0RB	CBT_QS_03
1RB---_0LC1RB_1RD1LC_1RB0RB	CBT_QS_03
1RB---_0LC1RC_0LD0RC_1LA1LD	CBT_QC_32
1RB---_0LC1RC_0RC1LD_1LA0LD	CBT_QC_32
1RB---_0LC1RD_0LB1RC_1LB0RD	CBT_CE_06
1RB---_0LC1RD_0LB1RD_1LB0RD	CBT_CE_06
1RB---_0LC1RD_0LB1RD_1LC0RD	CBT_CE_06
1RB---_0LC1RD_1LA1LC_0LA0RD	CBT_DX2_04
1RB---_0LC1RD_1LB1RC_1LB0RD	CBT_LE6_03
1RB---_0LC1RD_1LB1RD_1LB0RD	CBT_LE6_03
1RB---_0LC1RD_1LC1RD_1LB0RD	CBT_QS_03
1RB---_0RA---_------_------	CBT_RW_04
1RB---_0RC---_0LA---_------	CBT_RW_01
1RB---_0RC---_0LB---_------	CBT_QC_00
1RB---_0RC---_0RA---_------	CBT_BX_00
1RB---_0RC---_1RA---_------	CBT_BX_00
1RB---_0RC0LC_0RD1LC_1LB1RD	CBT_QS_04
1RB---_0RC0LD_1LB1RC_0RC1LD	CBT_QS_04
1RB---_0RC0RB_1LC0LD_1RA0LD	CBT_AST_05
1RB---_0RC0RB_1LD1LC_0LD1RB	CBT_CE2_02
1RB---_0RC1LB_1LD1RC_0RB0LB	CBT_QS_04
1RB---_0RC1LB_1LD1RC_0RC0LB	CBT_QS_04
1RB---_0RC1LB_1LD1RC_1LB0LB	CBT_QS_03
1RB---_0RC1LB_1LD1RC_1RB0LB	CBT_QS_03
1RB---_0RC1LB_1LD1RC_1RC0LB	CBT_QS_03
1RB---_0RC1RB_1LC0LD_0RA0LC	CBT_DX2_04
1RB---_1LB0LA_------_------	CBT_RW_01
1RB---_1LB0LC_1RD0LC_0RD0LA	CBT_DX2_04
1RB---_1LB1LC_1RD0LA_0LC0RD	CBT_DX2_04
1RB---_1LB1RC_1LD0RC_0LB1RC	CBT_QS_04
1RB---_1LB1RC_1RA1LD_0RA0LD	CBT_DX2_04
1RB---_1LC---_---0LA_------	CBT_RW_01
1RB---_1LC---_1RD0LC_0RD0LA	CBT_DX2_04
1RB---_1LC0LA_0LB1RD_1LB0RD	CBT_SP_31
1RB---_1LC0LA_1RD1LB_0LC0RD	CBT_QE_00
1RB---_1LC0LC_0RD1LC_1LB1RD	CBT_QS_04
1RB---_1LC0LD_0RA0LC_1RA1RD	CBT_DX2_04
1RB---_1LC0RA_0RB0LD_0LC---	CBT_DX2_04
1RB---_1LC0RA_1LD0LC_0RB1RC	CBT_DX2_04
1RB---_1LC0RA_1RC0LD_0LC1RA	CBT_QC_32
1RB---_1LC0RA_1RD0LB_0LB1RC	CBT_SP_08
1RB---_1LC0RA_1RD0LB_0LC1RC	CBT_SP_08
1RB---_1LC0RA_1RD0LB_0RA1RC	CBT_SP_08
1RB---_1LC0RA_1RD0LB_1LC1RC	CBT_SP_08
1RB---_1LC0RA_1RD0LB_1LD1RC	CBT_SP_08
1RB---_1LC0RA_1RD0LB_1RA1RC	CBT_SP_08
1RB---_1LC0RA_1RD0LB_1RB1RC	CBT_SP_08
1RB---_1LC0RB_0LC0LD_0RA---	CBT_DX2_04
1RB---_1LC0RB_0LC0LD_0RD1RA	CBT_QC_32
1RB---_1LC0RB_0LC0LD_1RA0RA	CBT_DX2_04
1RB---_1LC0RB_0LC0LD_1RA1RA	CBT_QC_32
1RB---_1LC0RB_0LC0LD_1RD1RA	CBT_QC_32
1RB---_1LC0RB_0LC0RD_0LA1LA	CBT_DX2_04
1RB---_1LC0RB_0LC0RD_1LA0LD	CBT_QC_32
1RB---_1LC0RB_0LC0RD_1LA0RD	CBT_QC_32
1RB---_1LC0RB_0LC0RD_1LA1LA	CBT_QC_32
1RB---_1LC0RB_0LC0RD_1LA1LD	CBT_QC_32
1RB---_1LC0RB_0LC0RD_1LA1RC	CBT_QC_32
1RB---_1LC0RB_0LC1RB_------	CBT_QE_00
1RB---_1LC0RB_0LD0LB_0RA1LB	CBT_BX_06
1RB---_1LC0RB_0LD1LA_0LD0RA	CBT_DX2_04
1RB---_1LC0RB_0LD1RB_0LC1RB	CBT_CE_05
1RB---_1LC0RB_0LD1RB_0LC1RD	CBT_CE_05
1RB---_1LC0RB_0LD1RB_1LC1RB	CBT_LE6_03
1RB---_1LC0RB_0LD1RB_1LC1RD	CBT_LE6_03
1RB---_1LC0RB_0LD1RB_1LD1RB	CBT_QS_04
1RB---_1LC0RB_1LD1LA_0LC0RC	CBT_DX2_04
1RB---_1LC0RB_1LD1LA_0LC1RB	CBT_SP_31
1RB---_1LC0RB_1LD1RB_0LC0LA	CBT_SP_31
1RB---_1LC0RB_1LD1RB_0LC1LA	CBT_SP_31
1RB---_1LC0RB_1LD1RB_0LD1RB	CBT_CE2_15
1RB---_1LC0RB_1RD0LC_1LB1RA	CBT_DX2_04
1RB---_1LC0RC_0LD1LC_1RA1LB	CBT_SP_08
1RB---_1LC0RC_0LD1RC_1RB1LD	CBT_QS_03
1RB---_1LC0RC_1RD0LB_1RB0RA	CBT_DX0_00
1RB---_1LC0RD_0LC1RB_1LB0RB	CBT_CE2_06
1RB---_1LC0RD_0LC1RB_1LB0RD	CBT_CE2_15
1RB---_1LC0RD_0LC1RB_1LC0RB	CBT_CE_05
1RB---_1LC0RD_0LC1RD_1LC0RB	CBT_CE_05
1RB---_1LC0RD_1LD1LB_1RB0LC	CBT_DXQ_00
1RB---_1LC0RD_1RB1LC_0LC1RD	CBT_QS_03
1RB---_1LC0RD_1RD0LB_1RB1RC	CBT_DXQ_00
1RB---_1LC1LB_0LC1RD_0RB0RD	CBT_CE2_02
1RB---_1LC1LB_1RD1LA_0LB0RD	CBT_DX2_04
1RB---_1LC1LC_1RD0LC_0RD1LA	CBT_QC_32
1RB---_1LC1LD_0RA0LC_1RA1RD	CBT_DX2_04
1RB---_1LC1LD_0RC1LA_1RC0LD	CBT_QC_32
1RB---_1LC1LD_1RD0LB_1LB0RC	CBT_DXQ_00
1RB---_1LC1RA_---0LD_0RA0LC	CBT_DX2_04
1RB---_1LC1RA_---0LD_0RA0LD	CBT_DX2_04
1RB---_1LC1RA_0LC0LD_0RA0RC	CBT_DX2_04
1RB---_1LC1RA_0LC0LD_0RA1RC	CBT_DX2_04
1RB---_1LC1RA_0RA0LC_------	CBT_CE_01
1RB---_1LC1RA_0RB0LD_0LC0LC	CBT_QC_32
1RB---_1LC1RA_0RB0LD_0RC0LC	CBT_QC_32
1RB---_1LC1RA_0RB0LD_0RD0LC	CBT_QC_32
1RB---_1LC1RA_0RB0LD_1LC0LC	CBT_QC_32
1RB---_1LC1RA_0RB0LD_1RA0LC	CBT_QC_32
1RB---_1LC1RA_0RB0LD_1RC0LC	CBT_QC_32
1RB---_1LC1RA_0RB0LD_1RD0LC	CBT_QC_32
1RB---_1LC1RA_0RD0LC_0LB0RA	CBT_DX2_05
1RB---_1LC1RA_0RD0LC_1LC1RB	CBT_DX2_05
1RB---_1LC1RA_0RD0LC_1RB---	CBT_DX2_05
1RB---_1LC1RA_0RD0LD_1RA0LC	CBT_DX2_05
1RB---_1LC1RA_1LD0LC_0RD0RA	CBT_DX2_05
1RB---_1LC1RA_1RB0LD_0RC0LC	CBT_DX2_05
1RB---_1LC1RA_1RB0LD_0RC0LD	CBT_DX2_05
1RB---_1LC1RA_1RD0LC_0LD0RA	CBT_DX2_05
1RB---_1LC1RB_0LB1RD_1LC0RD	CBT_LE6_03
1RB---_1LC1RB_0RA1LD_0RB0LC	CBT_SP_31
1RB---_1LC1RB_0RB0LD_0RB1LD	CBT_QS_04
1RB---_1LC1RB_0RD0LD_0RB1LD	CBT_QS_04
1RB---_1LC1RB_1LD0LD_0RB1LD	CBT_QS_04
1RB---_1LC1RB_1RA1LD_0RB0LC	CBT_SPB_07
1RB---_1LC1RB_1RB0LD_0RB1LD	CBT_QS_04
1RB---_1LC1RB_1RD0LD_0RB1LD	CBT_QS_04
1RB---_1LC1RC_0LD0RC_1LA1LD	CBT_QC_32
1RB---_1LC1RC_0RC1LD_1LA0LD	CBT_QC_32
1RB---_1LC1RC_1RA0LD_0RA0LD	CBT_DX2_05
1RB---_1LC1RD_0LB1RD_1LC0RD	CBT_LE6_03
1RB---_1LC1RD_0LC1RD_1LB0RD	CBT_CE2_15
1RB---_1LC1RD_0LD1RC_1RA0RB	CBT_NG_08
1RB---_1LC1RD_0LD1RD_1RA0RB	CBT_NG_08
1RB---_1LC1RD_0RA0LC_0LD1RA	CBT_DX2_05
1RB---_1LC1RD_0RA0LC_1LB1RA	CBT_DX2_05
1RB---_1LC1RD_0RA0LC_1LC1RA	CBT_CE2_03
1RB---_1LC1RD_0RA0LC_1RA---	CBT_DX2_05
1RB---_1LC1RD_0RA0LC_1RB---	CBT_DX2_05
1RB---_1LC1RD_0RB0LC_0LD1RA	CBT_DX2_05
1RB---_1LC1RD_0RB0LC_1LB1RA	CBT_DX2_05
1RB---_1LC1RD_0RB0LC_1LC1RA	CBT_CE2_03
1RB---_1LC1RD_0RB0LC_1RA0LB	CBT_QC_32
1RB---_1LC1RD_0RB0LC_1RA0LC	CBT_QC_32
1RB---_1LC1RD_0RB0LC_1RA0RB	CBT_QC_32
1RB---_1LC1RD_0RB0LC_1RA0RC	CBT_QC_32
1RB---_1LC1RD_0RB0LC_1RA1RA	CBT_QC_32
1RB---_1LC1RD_0RB0LC_1RA1RC	CBT_QC_32
1RB---_1LC1RD_0RB0LC_1RA1RD	CBT_SP_31
1RB---_1LC1RD_0RB0LC_1RB1RA	CBT_SP_31
1RB---_1LC1RD_1LA0LC_0RD0LA	CBT_DX2_05
1RB---_1LC1RD_1LA1LC_0LC0RD	CBT_QC_32
1RB---_1RA---_------_------	CBT_RW_04
1RB---_1RC---_0LD0RC_0LA1LD	CBT_DX2_05
1RB---_1RC---_0RA---_------	CBT_BX_00
1RB---_1RC---_1LD1RA_0RA0LD	CBT_DX2_05
1RB---_1RC---_1LD1RB_0RA0LD	CBT_DX2_05
1RB---_1RC---_1RA---_------	CBT_RW_04
1RB---_1RC0LC_0RD1LC_1LB1RD	CBT_QS_04
1RB---_1RC0LD_1LB1RA_0RA0LD	CBT_DX2_05
1RB---_1RC0LD_1LB1RC_0RC1LD	CBT_QS_04
1RB---_1RC0LD_1LD0RB_1LB1LC	CBT_DXQ_00
1RB---_1RC0LD_1LD1RA_0RC0LD	CBT_QC_32
1RB---_1RC0LD_1LD1RB_0RA0LB	CBT_DX2_05
1RB---_1RC0LD_1RD1RB_1LB0RC	CBT_DXQ_01
1RB---_1RC0RC_0LD0RB_0LA1LD	CBT_DX2_05
1RB---_1RC0RC_0LD1RC_1RB1LD	CBT_QS_04
1RB---_1RC0RC_1LD1RA_0RC0LD	CBT_QC_32
1RB---_1RC0RD_1LD1RA_0RC0LD	CBT_QC_32
1RB---_1RC1LB_0LB0RD_0LB1RD	CBT_QS_04
1RB---_1RC1LB_0LB1RD_0RA0RC	CBT_SPB_24
1RB---_1RC1LB_0LB1RD_1RA0RC	CBT_LEF_01
1RB---_1RC1LB_0LD0RD_0LB1RD	CBT_QS_04
1RB---_1RC1LB_1LB0RD_0LB1RD	CBT_QS_04
1RB---_1RC1LB_1LD0RD_0LB1RD	CBT_QS_04
1RB---_1RC1LB_1RD0RD_0LB1RD	CBT_QS_04
1RB---_1RC1LD_0LD0RC_0LA1LB	CBT_DX2_05
1RB---_1RC1RA_1LD0LB_0RA0LD	CBT_DX2_05
1RB---_1RC1RA_1LD0LB_0RB0LD	CBT_DX2_05
1RB---_1RC1RA_1LD0RB_0RB0LC	CBT_SP_08
1RB---_1RC1RA_1LD0RB_1LB0LC	CBT_SP_08
1RB---_1RC1RA_1LD0RB_1RB0LC	CBT_SP_08
1RB---_1RC1RA_1LD1RA_0RC0LD	CBT_SP_31
1RB---_1RC1RA_1LD1RB_0RB0LD	CBT_QE_00
1RB---_1RC1RC_0LD0RC_1LA1LD	CBT_QC_32
1RB---_1RC1RC_1LD1RA_0RC0LD	CBT_QC_32
1RB---_1RC1RD_1LD0RB_1RB0LC	CBT_DXQ_01
1RB---_1RC1RD_1LD1RA_0RC0LD	CBT_QC_32
1RB0LA_0LA---_------_------	CBT_NG_00
1RB0LA_0LB0RC_1RD---_1LA1RC	CBT_DX2_05
1RB0LA_0LC0RA_1LA1LD_1LC0LC	CBT_SP_08
1RB0LA_0LC0RA_1LB1RD_1LC0RD	CBT_SP_31
1RB0LA_0LC0RB_1LC0RD_1LA1RD	CBT_DX2_05
1RB0LA_0LC0RD_1LC1LA_0RB0RA	CBT_DX2_05
1RB0LA_0LC0RD_1LC1LA_0RC0LA	CBT_SPW_15
1RB0LA_0LC0RD_1LC1LA_0RC1LB	CBT_NG_08
1RB0LA_0LC0RD_1LD0RC_1LA0RB	CBT_DX2_05
1RB0LA_0LC1LC_1RD1LB_0RA0RB	CBT_BL_00
1RB0LA_0LC1RD_1LC1LA_0RC0RD	CBT_AST_05
1RB0LA_0RC---_1RD0RD_1LD0LA	CBT_RW_01
1RB0LA_0RC0LA_1LC0LD_1RB1LB	CBT_RW_01
1RB0LA_0RC0LA_1LD1RD_1LA0RB	CBT_BLC4_01
1RB0LA_0RC0LB_1LC1RD_1RB1LA	CBT_RW_01
1RB0LA_0RC0LC_1LD0RB_1LD0RA	CBT_DX2_05
1RB0LA_0RC0LD_0RD0RB_1LD0RA	CBT_SP_31
1RB0LA_0RC0LD_1LD0RB_1LD0RA	CBT_SP_31
1RB0LA_0RC0LD_1LD1RC_1LA1LB	CBT_SP_31
1RB0LA_0RC0LD_1LD1RD_1LA1RB	CBT_BLC4_01
1RB0LA_0RC0RA_0LD1RA_1LA---	CBT_NG_08
1RB0LA_0RC0RA_0LD1RA_1RC1LA	CBT_NG_08
1RB0LA_0RC0RA_0LD1RC_1LA1RA	CBT_NG_08
1RB0LA_0RC0RB_0LD1LA_1LD1RC	CBT_AST_05
1RB0LA_0RC0RB_1RD0LD_1LA0RD	CBT_NG_08
1RB0LA_0RC0RC_1LC1RD_1RB1LA	CBT_NG_08
1RB0LA_0RC0RC_1LD1RD_1LA1RB	CBT_BLC4_01
1RB0LA_0RC0RD_0LD1RA_1RC1LA	CBT_BLC4_01
1RB0LA_0RC0RD_1LC1RD_1RB1LA	CBT_RW_01
1RB0LA_0RC1LA_1RD0RA_0LB1RB	CBT_HY3_03
1RB0LA_0RC1LA_1RD1RB_0LB1RB	CBT_NG_08
1RB0LA_0RC1LA_1RD1RB_1LB0RA	CBT_NG_08
1RB0LA_0RC1LA_1RD1RB_1LB1RB	CBT_RW_01
1RB0LA_0RC1LA_1RD1RC_0LB1RB	CBT_BLC4_01
1RB0LA_0RC1LC_1LD0LA_1LD1LB	CBT_NG_00
1RB0LA_0RC1LC_1LD0RA_1LB0LD	CBT_NG_08
1RB0LA_0RC1LD_1LA1RC_1LB0LD	CBT_HY_00
1RB0LA_0RC1LD_1LA1RC_1RC0LD	CBT_HY_00
1RB0LA_0RC1LD_1LB1RC_0LA0LB	CBT_SP_31
1RB0LA_0RC1LD_1LB1RC_1LA0LB	CBT_SP_31
1RB0LA_0RC1RA_0LD0RB_1LD0LA	CBT_DX2_05
1RB0LA_0RC1RA_0LD0RB_1LD1LB	CBT_DX2_05
1RB0LA_0RC1RD_0LD0RB_1LD0LA	CBT_DX2_05
1RB0LA_1LA---_------_------	CBT_RW_01
1RB0LA_1LB0LC_1RD1LD_0RB1LA	CBT_NG_08
1RB0LA_1LB0RC_1LA1RD_1RC---	CBT_DX2_05
1RB0LA_1LB1LC_1RD0LC_0RD0RA	CBT_DX2_05
1RB0LA_1LC---_1LA0RD_0RB1RD	CBT_DX2_05
1RB0LA_1LC---_1RD0RD_1LA1RC	CBT_DX2_05
1RB0LA_1LC0LA_1RD0RD_1LB1RC	CBT_DX2_05
1RB0LA_1LC0LC_1LA0RD_1RD0RB	CBT_CE2_14
1RB0LA_1LC0LC_1RD0LB_1LA0RC	CBT_DX0_00
1RB0LA_1LC0LC_1RD1LB_1LA0RD	CBT_SP2_03
1RB0LA_1LC0RA_0LC1RD_1LB0RD	CBT_CE2_14
1RB0LA_1LC0RA_1RA1LD_0LC0RB	CBT_NG_08
1RB0LA_1LC0RA_1RC1LD_0LC0RB	CBT_NG_08
1RB0LA_1LC0RA_1RD0LB_1LB1RC	CBT_SP_08
1RB0LA_1LC0RA_1RD1LB_0LC0RD	CBT_SP_31
1RB0LA_1LC0RB_0LC0RD_1RD1LA	CBT_DX2_05
1RB0LA_1LC0RB_0LD0LC_1LA0RA	CBT_NG_08
1RB0LA_1LC0RB_1LD1RB_0LC0RA	CBT_SP_31
1RB0LA_1LC0RB_1RA1LD_0LC1LA	CBT_NG_08
1RB0LA_1LC0RB_1RA1LD_1LA---	CBT_DX2_05
1RB0LA_1LC0RB_1RA1RD_0LC1LD	CBT_DX2_05
1RB0LA_1LC0RC_0RD1LA_1LD1LC	CBT_RW_02
1RB0LA_1LC0RC_1RD1LA_1LA0RB	CBT_NG_08
1RB0LA_1LC0RC_1RD1LA_1RB0RC	CBT_NG_08
1RB0LA_1LC0RC_1RD1LA_1RB1LB	CBT_NG_08
1RB0LA_1LC0RC_1RD1LA_1RB1RB	CBT_NG_00
1RB0LA_1LC0RD_0LA1LD_0RB1RA	CBT_SPB_07
1RB0LA_1LC0RD_0LC1LD_0RB1RA	CBT_DX2_05
1RB0LA_1LC0RD_0LD0LC_1LA1RD	CBT_HY_00
1RB0LA_1LC0RD_0RD0LC_1LA1RD	CBT_HY_00
1RB0LA_1LC0RD_1LA0LC_1LA1RD	CBT_HY_00
1RB0LA_1LC0RD_1LA0LC_1RB0RD	CBT_BL_03
1RB0LA_1LC0RD_1LA1LB_0LB1RD	CBT_SP2_03
1RB0LA_1LC0RD_1LA1LB_0LC1RD	CBT_SP2_03
1RB0LA_1LC0RD_1LA1RB_1LC1RC	CBT_BLC4_00
1RB0LA_1LC0RD_1LB1LD_0RB1RA	CBT_SPB_07
1RB0LA_1LC0RD_1LC1LD_0RB1RA	CBT_SPB_07
1RB0LA_1LC0RD_1LD0LB_1RB0RA	CBT_RW_02
1RB0LA_1LC0RD_1RA1LA_---0RB	CBT_DX2_05
1RB0LA_1LC0RD_1RA1LD_0RB1RA	CBT_CE_01
1RB0LA_1LC0RD_1RC1LD_0RB1RA	CBT_CE_01
1RB0LA_1LC0RD_1RD1LD_0RB1RA	CBT_LEF_01
1RB0LA_1LC1LA_1RD0LB_1LA0RC	CBT_DX0_00
1RB0LA_1LC1LA_1RD0LB_1RA0RC	CBT_DX0_00
1RB0LA_1LC1LA_1RD1LB_0LC0RD	CBT_SP2_03
1RB0LA_1LC1LB_1RD1LA_0LC0RD	CBT_SP2_03
1RB0LA_1LC1LD_1LA0RC_0RB1RD	CBT_DX2_05
1RB0LA_1LC1LD_1RD0LB_1LA0RC	CBT_SPW_04
1RB0LA_1LC1RC_1LA1RD_0RB0RB	CBT_BLC5_01
1RB0LA_1LC1RC_1LA1RD_1LC0RB	CBT_BLC5_01
1RB0LA_1LC1RC_1LA1RD_1RA0RB	CBT_BLC5_01
1RB0LA_1LC1RC_1LA1RD_1RB0RB	CBT_BLC5_00
1RB0LA_1LC1RD_1LA0RC_0RB1RC	CBT_NG_08
1RB0LA_1LC1RD_1LA0RC_1RC---	CBT_DX2_05
1RB0LA_1LC1RD_1RD0LB_1LA0RC	CBT_SP_08
1RB0LA_1RC0LD_1LD0RC_0RA0LB	CBT_DX2_05
1RB0LA_1RC0RA_1LD0RC_0LD1LB	CBT_DX2_05
1RB0LA_1RC0RB_0RD1LD_1LB1LA	CBT_RW_02
1RB0LA_1RC1LA_0RD0RC_1LD0RB	CBT_AST_06
1RB0LA_1RC1LA_0RD0RC_1LD1RB	CBT_AST_06
1RB0LA_1RC1LB_0LB1RD_0LA0RC	CBT_DX2_05
1RB0LA_1RC1RA_1LD0RB_0RA0LC	CBT_SP_08
1RB0LB_0LA---_------_------	CBT_RW_04
1RB0LB_0LB0RC_1LD1RC_1LA0RD	CBT_RW_02
1RB0LB_0LB0RC_1LD1RC_1LA1RB	CBT_BLC3_05
1RB0LB_0LB1RC_1RD0RC_1LA0LC	CBT_QC_09
1RB0LB_0LB1RC_1RD0RC_1LA1LC	CBT_QC_09
1RB0LB_0LC0LA_1RC0RD_1LB1LA	CBT_SP_08
1RB0LB_0LC0RA_1LA0RD_1RC0RC	CBT_NG_08
1RB0LB_0LC0RC_0LD1RC_1RA1LD	CBT_DX1_04
1RB0LB_0LC0RD_0RA1LB_1RC1RC	CBT_RW_02
1RB0LB_0LC0RD_1LA1LC_0RB1RB	CBT_CE_01
1RB0LB_0LC0RD_1LC1LA_0RC0RA	CBT_RW_02
1RB0LB_0LC0RD_1RA1LC_0LC1RD	CBT_DX1_04
1RB0LB_0LC0RD_1RC1LD_1RA0LA	CBT_BR_00
1RB0LB_0LC1LB_0RD1LA_1LC1RD	CBT_SP_09
1RB0LB_0LC1RD_0RC1LA_1LA0RA	CBT_NG_09
1RB0LB_0LC1RD_0RC1LA_1LC0RA	CBT_NG_09
1RB0LB_0LC1RD_1LA1LB_0RA0RD	CBT_NG_09
1RB0LB_0LC1RD_1LA1LB_0RB1RD	CBT_SW_03
1RB0LB_0LC1RD_1RB1LC_0RB1RA	CBT_SP2_03
1RB0LB_0RC0LA_1LB1RD_1LA1RC	CBT_CE_05
1RB0LB_0RC0LA_1LB1RD_1RC---	CBT_QC_09
1RB0LB_0RC0LA_1RD---_1LA1RC	CBT_QC_09
1RB0LB_0RC0LB_1RD---_1LA1RC	CBT_QC_09
1RB0LB_0RC0RC_1LD1RC_1LA0LA	CBT_TI_00
1RB0LB_0RC0RD_1LA0LA_1LC1RD	CBT_DX1_04
1RB0LB_0RC0RD_1LD0RA_0LA0LC	CBT_NG_09
1RB0LB_0RC0RD_1LD1LA_0LA1RB	CBT_NG_09
1RB0LB_0RC0RD_1LD1RA_0LA---	CBT_RW_02
1RB0LB_0RC1LA_1LB1RC_------	CBT_SPB_07
1RB0LB_0RC1LA_1LB1RD_1RC0LA	CBT_LEFQ_00
1RB0LB_0RC1LA_1RD1RC_1LB1LD	CBT_TA_03
1RB0LB_0RC1LB_1LA1RC_------	CBT_DX1_04
1RB0LB_0RC1LB_1LA1RD_0LD1RC	CBT_DX1_04
1RB0LB_0RC1LB_1LA1RD_1LA1RC	CBT_DX1_04
1RB0LB_0RC1LB_1LA1RD_1LA1RD	CBT_DX1_04
1RB0LB_0RC1LB_1LA1RD_1RC0LB	CBT_QC_09
1RB0LB_0RC1LB_1LB1RD_1LA1RD	CBT_QS_04
1RB0LB_0RC1LB_1LD1RC_0LA1LA	CBT_QS_04
1RB0LB_0RC1LB_1LD1RC_0RB1LA	CBT_QS_04
1RB0LB_0RC1LB_1LD1RC_0RC1LA	CBT_QS_04
1RB0LB_0RC1LB_1LD1RC_0RD1LA	CBT_QS_04
1RB0LB_0RC1LB_1LD1RC_1LA0LB	CBT_QS_04
1RB0LB_0RC1LB_1LD1RC_1LA0RA	CBT_DX1_04
1RB0LB_0RC1LB_1LD1RC_1LA1LA	CBT_QS_04
1RB0LB_0RC1LB_1LD1RC_1LB1LA	CBT_QS_04
1RB0LB_0RC1LB_1LD1RC_1LC1LA	CBT_QS_04
1RB0LB_0RC1LB_1LD1RC_1RA1LA	CBT_QS_04
1RB0LB_0RC1LB_1LD1RC_1RB1LA	CBT_QS_04
1RB0LB_0RC1LB_1LD1RC_1RC1LA	CBT_QS_04
1RB0LB_0RC1LB_1LD1RD_1LA1RD	CBT_DX1_04
1RB0LB_0RC1LB_1RD0LB_1LA1RC	CBT_QC_09
1RB0LB_0RC1LB_1RD1RC_1LD0LA	CBT_DX1_04
1RB0LB_0RC1LB_1RD1RD_1LA1RD	CBT_QS_04
1RB0LB_0RC1LD_1LA1RC_0RC1LB	CBT_DX1_04
1RB0LB_0RC1LD_1LA1RC_0RC1LD	CBT_DX1_04
1RB0LB_0RC1LD_1LA1RC_0RD1LB	CBT_DX1_04
1RB0LB_0RC1LD_1LB1RC_0LA1LA	CBT_SPB_07
1RB0LB_0RC1LD_1LB1RC_0RA0LB	CBT_QC_09
1RB0LB_0RC1LD_1LB1RC_1LC1LA	CBT_CE_05
1RB0LB_0RC1LD_1RD0LA_1LB0RA	CBT_SP_09
1RB0LB_0RC1LD_1RD1RC_1LB0RA	CBT_SPW_04
1RB0LB_0RC1RA_1LC0LD_0RA0LC	CBT_DX2_05
1RB0LB_0RC1RB_0LD0RC_1LD1LA	CBT_DX1_04
1RB0LB_0RC1RB_0RD0RC_1LD1LA	CBT_SP_09
1RB0LB_0RC1RB_1LD1RA_1LA---	CBT_SP4_00
1RB0LB_0RC1RB_1LD1RC_1LA1LD	CBT_SP_09
1RB0LB_0RC1RB_1LD1RD_1LA0LB	CBT_SP4_00
1RB0LB_0RC1RB_1LD1RD_1LA0RC	CBT_SPW_04
1RB0LB_0RC1RD_0RD1RC_1LD0LA	CBT_RW_02
1RB0LB_1LA0LC_0LB0RD_1RD0RC	CBT_SP_31
1RB0LB_1LA0LC_0LB0RD_1RD1LA	CBT_SP_31
1RB0LB_1LA0LC_0LB0RD_1RD1LB	CBT_QC_09
1RB0LB_1LA0LC_0LB0RD_1RD1LC	CBT_QC_09
1RB0LB_1LA0LC_1LC1RD_0RD1RA	CBT_SP2_03
1RB0LB_1LA0LC_1RD0LC_0RD0LA	CBT_DX2_05
1RB0LB_1LA0LC_1RD0LC_0RD1LB	CBT_QC_09
1RB0LB_1LA0RC_0RD0RB_1LD1LB	CBT_SPW_15
1RB0LB_1LA0RC_1LD0RB_1LD1LA	CBT_SP_09
1RB0LB_1LA0RC_1LD0RC_0LD0RA	CBT_DX2_06
1RB0LB_1LA0RC_1LD0RC_0LD0RB	CBT_QC_09
1RB0LB_1LA0RC_1LD0RC_0LD1RA	CBT_DX2_06
1RB0LB_1LA0RC_1LD1RC_1LB0RA	CBT_LEF_01
1RB0LB_1LA1LC_0LA1RD_1RC0RD	CBT_LEF_01
1RB0LB_1LA1LC_1LB0RD_0LB1RD	CBT_QC_09
1RB0LB_1LA1LC_1LB0RD_0LC1RD	CBT_QC_09
1RB0LB_1LA1LC_1RD0LC_0RD1LA	CBT_QC_09
1RB0LB_1LA1RC_0LD0RB_1RB1LD	CBT_QC_09
1RB0LB_1LA1RC_1LB1RD_0RA0RC	CBT_LEF_01
1RB0LB_1LA1RC_1LD0RC_0LD1RB	CBT_QC_09
1RB0LB_1LB0LC_0RD1LC_1RD1RA	CBT_SP2_03
1RB0LB_1LB0RC_1RA0LD_1LC1LD	CBT_LEF_01
1RB0LB_1LB1RC_1LA0RD_0RC0LB	CBT_SP_31
1RB0LB_1LC---_0RA1RD_1LB0RD	CBT_QC_10
1RB0LB_1LC0LA_1LA1RD_1RC0RD	CBT_QC_09
1RB0LB_1LC0LA_1LB0RD_0RB1RD	CBT_DX2_06
1RB0LB_1LC0LA_1LB1RD_1RC0RC	CBT_QC_09
1RB0LB_1LC0LB_1LA1RD_1RC0RD	CBT_QC_09
1RB0LB_1LC0LB_1RD1LB_1RA0RD	CBT_LE3_00
1RB0LB_1LC0LC_0RA1RD_1LA0RD	CBT_DX2_06
1RB0LB_1LC0RA_0LD0LC_1LA0RB	CBT_RW_02
1RB0LB_1LC0RA_1RD0LB_0LA1RC	CBT_SP_09
1RB0LB_1LC0RA_1RD0LB_1LA1RC	CBT_SP_09
1RB0LB_1LC0RA_1RD0LB_1LB1RC	CBT_SP_09
1RB0LB_1LC0RB_0LD1LD_0RA1LB	CBT_BX_07
1RB0LB_1LC0RB_1LD0LD_0RA0LD	CBT_LE6_03
1RB0LB_1LC0RB_1LD0LD_0RA1RB	CBT_LE6_03
1RB0LB_1LC0RB_1LD1RB_0RA0LD	CBT_LE6_03
1RB0LB_1LC0RB_1LD1RB_0RA1RB	CBT_LE6_03
1RB0LB_1LC0RC_0LD1RC_1RA1LD	CBT_DX1_04
1RB0LB_1LC0RC_0RD1LA_0LD1RB	CBT_NG_09
1RB0LB_1LC0RC_1RA0LD_0LC1LB	CBT_NG_09
1RB0LB_1LC0RC_1RA0LD_1LB1LB	CBT_NG_09
1RB0LB_1LC0RC_1RA0LD_1LC1LB	CBT_NG_09
1RB0LB_1LC0RC_1RA0LD_1LC1LD	CBT_LEF_01
1RB0LB_1LC0RC_1RD1LA_0LA1RC	CBT_NG_09
1RB0LB_1LC0RD_0RA0LC_1LB0RD	CBT_DX2_06
1RB0LB_1LC0RD_0RA1RB_1LB0RD	CBT_QC_09
1RB0LB_1LC0RD_0RC0LD_1LA1RD	CBT_BR_07
1RB0LB_1LC0RD_1LA0LB_1RB0RD	CBT_RW_02
1RB0LB_1LC0RD_1LA0LB_1RB1RA	CBT_HY_00
1RB0LB_1LC0RD_1LA0LB_1RB1RD	CBT_HY_05
1RB0LB_1LC0RD_1LA0LD_0RB1RD	CBT_HY2_00
1RB0LB_1LC0RD_1LA0LD_1LB0RA	CBT_DX0_00
1RB0LB_1LC0RD_1LA0RA_0RB1RA	CBT_NG_09
1RB0LB_1LC0RD_1LA0RA_1RA1RA	CBT_NG_09
1RB0LB_1LC0RD_1LA0RA_1RB1RA	CBT_NG_09
1RB0LB_1LC0RD_1LA0RA_1RB1RD	CBT_LEF_01
1RB0LB_1LC0RD_1LA0RB_1RC1RA	CBT_AST_11
1RB0LB_1LC0RD_1LA1LB_0RB1RD	CBT_HY2_00
1RB0LB_1LC0RD_1LA1LC_0RB1RD	CBT_HY2_00
1RB0LB_1LC0RD_1LA1LC_1LD0RA	CBT_RW_02
1RB0LB_1LC0RD_1LA1LC_1RB1RD	CBT_HY_05
1RB0LB_1LC0RD_1LA1LD_1LB0RA	CBT_SP_09
1RB0LB_1LC0RD_1LC1LA_1RA1RD	CBT_DX0_00
1RB0LB_1LC0RD_1LD1LC_1RB0RA	CBT_AST_07
1RB0LB_1LC0RD_1RA1LC_0LC1RD	CBT_DX1_05
1RB0LB_1LC1LA_1RD1RC_0LA0RC	CBT_CE3_05
1RB0LB_1LC1LA_1RD1RC_0LA1LD	CBT_SP_09
1RB0LB_1LC1LB_0RC0RD_1LA1RD	CBT_DX1_05
1RB0LB_1LC1LB_0RD1LA_1LC1RD	CBT_SP_09
1RB0LB_1LC1LB_1RC0RD_1LA1RD	CBT_SP_09
1RB0LB_1LC1LC_1RA1RD_1LB0RD	CBT_QC_09
1RB0LB_1LC1RA_0LC0LD_0RA0RB	CBT_DX2_06
1RB0LB_1LC1RA_0RB0LC_------	CBT_QE_00
1RB0LB_1LC1RA_1RD0LC_0LA0RB	CBT_HY_00
1RB0LB_1LC1RD_0LB1RA_1LB0RD	CBT_QC_09
1RB0LB_1LC1RD_0RA0LC_0RB1RA	CBT_NG_09
1RB0LB_1LC1RD_0RA0LC_1LB0RD	CBT_DX2_06
1RB0LB_1LC1RD_0RA1RA_1LB0RD	CBT_QC_09
1RB0LB_1LC1RD_0RB0LC_1RA1LD	CBT_SP_31
1RB0LB_1LC1RD_0RB0LC_1RB0LA	CBT_QE_01
1RB0LB_1LC1RD_0RB0LC_1RB1LA	CBT_QE_01
1RB0LB_1LC1RD_0RD0LC_1RA1LD	CBT_SP_31
1RB0LB_1LC1RD_0RD1LB_0RA0RA	CBT_NG_09
1RB0LB_1LC1RD_0RD1LB_1LA0RA	CBT_NG_09
1RB0LB_1LC1RD_0RD1LB_1LB0RA	CBT_NG_09
1RB0LB_1LC1RD_1LA0LB_1LA0RD	CBT_NG_09
1RB0LB_1LC1RD_1LA0LC_0RB0RC	CBT_HY3_00
1RB0LB_1LC1RD_1LA0LC_0RD1LC	CBT_QC_09
1RB0LB_1LC1RD_1LA0LD_0RB1RB	CBT_SP_09
1RB0LB_1LC1RD_1LA1LA_1LA0RD	CBT_NG_09
1RB0LB_1LC1RD_1LA1LC_0RB1RB	CBT_SP_09
1RB0LB_1LC1RD_1LA1RA_1LA0RD	CBT_NG_09
1RB0LB_1LC1RD_1LD1RC_1LA0RD	CBT_NG_09
1RB0LB_1RC0LA_1RD0LA_1LA0RB	CBT_RW_02
1RB0LB_1RC0LA_1RD1RA_1LA0RB	CBT_RW_02
1RB0LB_1RC0LC_0LD0RA_1RD1LA	CBT_BR_01
1RB0LB_1RC0LC_1RD1LA_1LB0RB	CBT_RW_02
1RB0LB_1RC0LD_1LA1RA_0RA0LA	CBT_DX2_06
1RB0LB_1RC0LD_1LA1RB_0RA0LB	CBT_DX2_06
1RB0LB_1RC0LD_1LB1RA_0RB1LD	CBT_NG_09
1RB0LB_1RC0RA_0LD0RA_1LA0LD	CBT_NG_09
1RB0LB_1RC0RB_1LD0RB_1LA0LC	CBT_HY2_01
1RB0LB_1RC0RB_1LD0RB_1LA0LD	CBT_HY2_00
1RB0LB_1RC0RC_0LD1RC_1RA1LD	CBT_DX1_05
1RB0LB_1RC0RC_1LD1RC_1LA0LA	CBT_DX1_05
1RB0LB_1RC1LA_1RD0RC_0LA0RD	CBT_NG_09
1RB0LB_1RC1LA_1RD0RC_0LA1RB	CBT_LEF_01
1RB0LB_1RC1LA_1RD1RC_0LA1LD	CBT_SP_09
1RB0LB_1RC1LB_0LA0RD_1LA1RD	CBT_DXS_00
1RB0LB_1RC1LB_0LA1RD_0LB0RC	CBT_DX2_06
1RB0LB_1RC1LB_0LC0RD_1LA1RD	CBT_DXS_00
1RB0LB_1RC1LB_0LD0RD_1LA1RD	CBT_DXS_00
1RB0LB_1RC1LB_0RD0RA_1LD0LB	CBT_SP_09
1RB0LB_1RC1LB_0RD0RD_1LA1RD	CBT_DXS_00
1RB0LB_1RC1LB_0RD1RC_1LD0LA	CBT_SP_09
1RB0LB_1RC1LB_1LA0RD_1LA1RD	CBT_DXS_00
1RB0LB_1RC1LB_1LA1RD_0LB0RC	CBT_QC_10
1RB0LB_1RC1LB_1LA1RD_0RA0RC	CBT_SP2_03
1RB0LB_1RC1LB_1LB0RD_1LA1RD	CBT_DXS_00
1RB0LB_1RC1LB_1LC0RD_1LA1RD	CBT_DXS_00
1RB0LB_1RC1LB_1LD0RB_0LA1LD	CBT_SP_09
1RB0LB_1RC1LB_1LD0RD_1LA1RD	CBT_DXS_00
1RB0LB_1RC1LB_1LD1RC_---1LA	CBT_SP_09
1RB0LB_1RC1LB_1RD0RD_1LA1RD	CBT_DXS_00
1RB0LB_1RC1LC_0RD0LB_1LD0LA	CBT_TI_03
1RB0LB_1RC1LC_1LD0RA_---0LA	CBT_RW_02
1RB0LB_1RC1LD_0LA0RC_0LA1LB	CBT_DX2_06
1RB0LB_1RC1LD_0LA0RC_1LA1LB	CBT_DX2_06
1RB0LB_1RC1LD_0LA0RC_1LB---	CBT_DX2_06
1RB0LB_1RC1LD_0LA0RD_1LB0RC	CBT_DX2_06
1RB0LB_1RC1LD_0LB0RC_1LB0LA	CBT_QE_01
1RB0LB_1RC1LD_0LB0RC_1LB0RA	CBT_QE_01
1RB0LB_1RC1LD_0LB0RC_1LB1RA	CBT_QE_01
1RB0LB_1RC1LD_1LA0RB_0LC0LA	CBT_RW_02
1RB0LB_1RC1LD_1LA0RB_0LC1RC	CBT_RW_02
1RB0LB_1RC1LD_1LA0RB_0LC1RD	CBT_RW_02
1RB0LB_1RC1LD_1LD0RA_---0LA	CBT_RW_02
1RB0LB_1RC1LD_1RD0RC_1LB1LA	CBT_QC_10
1RB0LB_1RC1RB_1LD0RC_1LC1LA	CBT_SP_09
1RB0LB_1RC1RD_0LA1LA_1LB0RD	CBT_QC_10
1RB0LB_1RC1RD_1LD0RB_1RA0LC	CBT_SP_09
1RB0LC_0LA0RB_0RD1LC_1LA1RD	CBT_CE3_01
1RB0LC_0LA0RB_1RD---_1LD1LA	CBT_DX2_06
1RB0LC_0LA0RB_1RD1LA_1LC---	CBT_DX2_06
1RB0LC_0LA0RB_1RD1LA_1LD1LC	CBT_DX2_06
1RB0LC_0LA0RC_0LD1LC_1RA1LB	CBT_SP_09
1RB0LC_0LA0RD_1LA---_0RB---	CBT_DX2_06
1RB0LC_0LA0RD_1LD1LA_1RB1RD	CBT_LEFQ_00
1RB0LC_0LA1LA_0RD1LA_1LC1RD	CBT_QC_10
1RB0LC_0LA1LC_0RD1LC_1LA1RD	CBT_QS_04
1RB0LC_0LA1LD_0RD1LA_1LC1RD	CBT_QC_10
1RB0LC_0LA1LD_0RD1LC_1LA1RD	CBT_QS_04
1RB0LC_0LA1RA_0RD1LA_1LC1RD	CBT_QC_10
1RB0LC_0LA1RA_1LA0RD_1RC---	CBT_SP_09
1RB0LC_0LA1RC_1RD1LA_0RB0RA	CBT_NG_09
1RB0LC_0LA1RC_1RD1LA_1RB0RA	CBT_NG_09
1RB0LC_0LA1RD_0RD1LA_1LC1RD	CBT_QC_10
1RB0LC_0LA1RD_0RD1LC_1LA1RD	CBT_QS_04
1RB0LC_0LA1RD_1LA1LB_1RB0RD	CBT_LEF_01
1RB0LC_0LA1RD_1LA1LC_0RA1RB	CBT_BLC3_01
1RB0LC_0LA1RD_1LA1RC_0RB0RD	CBT_NG_09
1RB0LC_0LA1RD_1LD1LA_0RB---	CBT_SP_32
1RB0LC_0LB0RC_0LD1RA_1RC1LD	CBT_CE_01
1RB0LC_0LB1LA_0RC1RD_1LB0RD	CBT_DX2_06
1RB0LC_0LB1LA_0RD1LA_1LC1RD	CBT_QC_10
1RB0LC_0LB1LA_1RD0LC_0RD1LA	CBT_QC_10
1RB0LC_0LB1LA_1RD0LC_0RD1RB	CBT_DX2_06
1RB0LC_0LB1LC_0RD1LC_1LA1RD	CBT_QS_04
1RB0LC_0LB1LC_1RD0LC_0RD1LA	CBT_QC_10
1RB0LC_0LB1RC_1LA1RD_1LB0RD	CBT_QC_10
1RB0LC_0LB1RC_1LD0RD_0RB1LA	CBT_NG_09
1RB0LC_0LB1RC_1LD1RA_0RC0LD	CBT_CE2_04
1RB0LC_0LC0LB_1RC1RD_1LA0LD	CBT_SP_09
1RB0LC_0LC0LB_1RC1RD_1LA1LB	CBT_TI_02
1RB0LC_0LC0LD_1RC1RD_1LA0LB	CBT_SP_09
1RB0LC_0LC0RA_1LA1LD_1LC---	CBT_SP_09
1RB0LC_0LC0RA_1LA1LD_1RC1LC	CBT_SP_09
1RB0LC_0LC0RA_1LA1RD_1LC1LD	CBT_SP_09
1RB0LC_0LC0RA_1LA1RD_1LD1LB	CBT_SP_09
1RB0LC_0LC0RB_1RC1RD_1LA0LD	CBT_SP_09
1RB0LC_0LC0RB_1RD1LC_1LA0RD	CBT_HY_00
1RB0LC_0LC0RD_1RB1LC_1LD1LA	CBT_TA_03
1RB0LC_0LC1LA_0RD1LA_1LC1RD	CBT_QC_10
1RB0LC_0LC1LA_0RD1LB_1LC1RD	CBT_SPB_07
1RB0LC_0LC1LA_1RC0RD_1LB1RD	CBT_SP_09
1RB0LC_0LC1LC_0RD1LC_1LA1RD	CBT_QS_04
1RB0LC_0LC1LC_1RD1LB_1RA0RB	CBT_SP_09
1RB0LC_0LC1LC_1RD1LB_1RA1RD	CBT_SP_09
1RB0LC_0LC1LD_0RD1LA_1LC1RD	CBT_QC_10
1RB0LC_0LC1LD_0RD1LC_1LA1RD	CBT_QS_04
1RB0LC_0LC1RA_1LA0RD_1RC---	CBT_SP_09
1RB0LC_0LC1RA_1LB1RD_1LC0RD	CBT_QC_10
1RB0LC_0LC1RB_0RD1LA_1LC1RD	CBT_SP_32
1RB0LC_0LC1RC_0RD1LC_1LA1RD	CBT_QS_04
1RB0LC_0LC1RC_0RD1RD_1LA0LD	CBT_DXQ_01
1RB0LC_0LC1RC_1RC1RD_1LA0LD	CBT_DXQ_01
1RB0LC_0LC1RD_0RD1LA_1LC1RD	CBT_QC_10
1RB0LC_0LC1RD_0RD1LC_1LA1RD	CBT_QS_05
1RB0LC_0LC1RD_1LA1LC_0RB0RD	CBT_HY_00
1RB0LC_0LC1RD_1LA1RC_0RB0RD	CBT_NG_00
1RB0LC_0LC1RD_1RD1LB_0RA0RC	CBT_SPW_04
1RB0LC_0RC0LB_0RD1LA_1LC1RD	CBT_SP_32
1RB0LC_0RC0LD_1LD1RC_0RA1LB	CBT_QC_10
1RB0LC_0RC0RA_0LD1RA_1LA0LC	CBT_CE3_02
1RB0LC_0RC0RA_1LD0RD_0LA0LB	CBT_NG_09
1RB0LC_0RC0RB_1RD1LC_1LA0RD	CBT_HY_00
1RB0LC_0RC0RC_0LD1RA_1RC1LD	CBT_SP2_03
1RB0LC_0RC0RD_1LB0LD_1LA1RD	CBT_NG_09
1RB0LC_0RC0RD_1LC1LA_0RB0LA	CBT_RW_02
1RB0LC_0RC0RD_1LC1LA_0RB1LA	CBT_RW_02
1RB0LC_0RC0RD_1LC1LA_0RB1LB	CBT_RW_02
1RB0LC_0RC1LA_0RD1LA_1LC1RD	CBT_QC_10
1RB0LC_0RC1LA_0RD1LC_1LB1RD	CBT_DX1_05
1RB0LC_0RC1LB_1LD1RC_1LA0LB	CBT_QS_05
1RB0LC_0RC1LC_0RD1LC_1LA1RD	CBT_QS_05
1RB0LC_0RC1LD_0RD1LA_1LC1RD	CBT_QC_10
1RB0LC_0RC1LD_0RD1LC_1LA1RD	CBT_QS_05
1RB0LC_0RC1LD_1LB1RC_0LA0LB	CBT_LEF_01
1RB0LC_0RC1RA_0RD1LC_1LD1RB	CBT_LE_07
1RB0LC_0RC1RA_1LD---_0RA0LD	CBT_DX2_06
1RB0LC_0RC1RB_0LD1RB_1LA1LC	CBT_SW_03
1RB0LC_0RC1RB_1LD1LC_0RA0LD	CBT_NG_09
1RB0LC_0RC1RD_0RD1LA_1LC1RD	CBT_QC_10
1RB0LC_0RC1RD_0RD1LC_1LA1RD	CBT_QS_05
1RB0LC_0RC1RD_0RD1LD_1LA0RA	CBT_BR_03
1RB0LC_1LA---_1RD0LC_0RD0LA	CBT_DX2_06
1RB0LC_1LA---_1RD1LC_0RD0LA	CBT_DX2_06
1RB0LC_1LA0LA_1RD0LB_0RD0LA	CBT_DX2_06
1RB0LC_1LA0LA_1RD0RB_0RD0LA	CBT_DX2_06
1RB0LC_1LA0LA_1RD0RB_0RD1LC	CBT_DX2_06
1RB0LC_1LA0LA_1RD1LA_0RD0LA	CBT_DX2_06
1RB0LC_1LA0LC_0LB0RD_1RD0RC	CBT_SP_32
1RB0LC_1LA0LC_0LB0RD_1RD1LA	CBT_SP_32
1RB0LC_1LA0LC_0LB0RD_1RD1LB	CBT_QC_10
1RB0LC_1LA0LC_0LB0RD_1RD1LC	CBT_QC_10
1RB0LC_1LA0LD_0RC1LB_1RC0LD	CBT_QC_10
1RB0LC_1LA0LD_0RD1LB_1LB1RC	CBT_SPW_04
1RB0LC_1LA0LD_1RA1LB_0RA1RC	CBT_NG_09
1RB0LC_1LA0LD_1RC1LB_0LB0RC	CBT_QC_10
1RB0LC_1LA0LD_1RC1LD_0LB0RC	CBT_QC_10
1RB0LC_1LA0RA_1LD---_0RD0LB	CBT_DX0_00
1RB0LC_1LA0RA_1LD1RA_0RC1LB	CBT_NG_09
1RB0LC_1LA0RA_1RD1LC_1RA0LB	CBT_LEF_01
1RB0LC_1LA0RC_0LD1LC_1RA1LB	CBT_SP_09
1RB0LC_1LA0RC_0LD1RA_1RC1LD	CBT_SP2_03
1RB0LC_1LA0RC_0RD1LB_1LC1RD	CBT_SP2_03
1RB0LC_1LA0RC_0RD1RC_1LB1RA	CBT_SP_09
1RB0LC_1LA0RD_0LB1RD_0RC---	CBT_RW_02
1RB0LC_1LA0RD_0RA1LC_1LD1LA	CBT_DX1_05
1RB0LC_1LA0RD_0RA1LD_1RA1LC	CBT_SP2_03
1RB0LC_1LA0RD_0RB0LC_0RD0LA	CBT_DX2_06
1RB0LC_1LA0RD_0RB0LC_1LC0LA	CBT_DX2_06
1RB0LC_1LA0RD_0RB1RD_1LC0LA	CBT_DX2_06
1RB0LC_1LA0RD_1LB1RD_0LB1RC	CBT_SP2_03
1RB0LC_1LA0RD_1RC1RB_0LB1RD	CBT_DX1_05
1RB0LC_1LA1LA_0RD1LA_1LC1RD	CBT_QC_10
1RB0LC_1LA1LA_0RD1LB_1LC1RD	CBT_SP2_03
1RB0LC_1LA1LA_1RD0LC_0RD1LA	CBT_QC_10
1RB0LC_1LA1LC_0LB1RD_0RC1RD	CBT_SW_03
1RB0LC_1LA1LC_0RD1LC_1LA1RD	CBT_QS_05
1RB0LC_1LA1LC_1LB0RD_0LB1RD	CBT_QC_10
1RB0LC_1LA1LC_1LB0RD_0LC1RD	CBT_QC_10
1RB0LC_1LA1LC_1RD0LC_0RD1LA	CBT_QC_10
1RB0LC_1LA1LC_1RD0RB_0RD0LA	CBT_DX2_06
1RB0LC_1LA1LD_0LB1RC_1LB0RC	CBT_QC_10
1RB0LC_1LA1LD_0LD1RC_1LB0RC	CBT_QC_10
1RB0LC_1LA1LD_0RA1LC_1LA1RD	CBT_DX1_05
1RB0LC_1LA1LD_0RC1LA_1RC0LD	CBT_QC_10
1RB0LC_1LA1LD_0RD1LA_1LC1RD	CBT_QC_10
1RB0LC_1LA1LD_0RD1LC_1LA1RD	CBT_QS_05
1RB0LC_1LA1LD_1RC1RB_0LC0LD	CBT_DXQ_01
1RB0LC_1LA1LD_1RC1RB_0RC0LD	CBT_DXS_00
1RB0LC_1LA1LD_1RC1RB_1RC0LD	CBT_DXQ_01
1RB0LC_1LA1RA_0LD0LA_0RD1RA	CBT_DX2_06
1RB0LC_1LA1RA_0RA0LD_---0LC	CBT_DX2_06
1RB0LC_1LA1RA_0RA0LD_---1LC	CBT_DX3_00
1RB0LC_1LA1RA_0RA0RD_0LD0LC	CBT_DX2_06
1RB0LC_1LA1RA_0RA1LC_------	CBT_SP2_03
1RB0LC_1LA1RA_0RA1LD_---1LC	CBT_SP_32
1RB0LC_1LA1RA_0RA1LD_0RA0LD	CBT_NG_09
1RB0LC_1LA1RA_0RB1LC_------	CBT_SP2_03
1RB0LC_1LA1RA_0RD0LA_0RD1RA	CBT_DX2_06
1RB0LC_1LA1RA_0RD1LA_1LC1RD	CBT_QC_10
1RB0LC_1LA1RA_0RD1LD_0RB0LA	CBT_NG_09
1RB0LC_1LA1RA_0RD1LD_0RB1LC	CBT_QC_10
1RB0LC_1LA1RA_0RD1RC_0LB1RC	CBT_SP_09
1RB0LC_1LA1RA_1LA0RD_1RC---	CBT_SP_09
1RB0LC_1LA1RA_1RA0LD_0RC1LD	CBT_NG_00
1RB0LC_1LA1RA_1RC1LD_0RB1LC	CBT_QC_10
1RB0LC_1LA1RB_0LB0LD_1RD0RB	CBT_TA_05
1RB0LC_1LA1RB_0LD0LD_1RD0RB	CBT_TA_06
1RB0LC_1LA1RB_0RA0LD_0RA1LC	CBT_NG_09
1RB0LC_1LA1RB_0RA0LD_1RD0RB	CBT_TA_03
1RB0LC_1LA1RB_0RA1LD_0RB1LD	CBT_DX1_05
1RB0LC_1LA1RB_0RB0LD_1RD0RB	CBT_TA_06
1RB0LC_1LA1RB_0RB1LC_------	CBT_DX1_05
1RB0LC_1LA1RB_0RB1LD_0RB1LC	CBT_DX1_05
1RB0LC_1LA1RB_0RB1LD_0RB1LD	CBT_DX1_05
1RB0LC_1LA1RB_0RB1LD_0RD1LC	CBT_DX1_05
1RB0LC_1LA1RB_0RD1LC_1LA1RB	CBT_DX1_05
1RB0LC_1LA1RB_0RD1LC_1LB1RB	CBT_DX1_05
1RB0LC_1LA1RB_0RD1LC_1LC1RB	CBT_QS_09
1RB0LC_1LA1RB_0RD1LC_1RB1RB	CBT_QS_09
1RB0LC_1LA1RB_0RD1LC_1RC1RB	CBT_QS_09
1RB0LC_1LA1RB_0RD1LC_1RD1RB	CBT_QS_10
1RB0LC_1LA1RB_1LB0LD_1RD0RB	CBT_TA_03
1RB0LC_1LA1RB_1LD0LD_1RD0RB	CBT_TA_11
1RB0LC_1LA1RB_1LD1LC_0RD0RB	CBT_DX1_05
1RB0LC_1LA1RB_1LD1LC_1RD0RB	CBT_SP_09
1RB0LC_1LA1RB_1RA0LD_1RD0RB	CBT_TA_04
1RB0LC_1LA1RB_1RA1LD_0RB1LD	CBT_DX1_05
1RB0LC_1LA1RB_1RC0LD_1RD0RB	CBT_TA_06
1RB0LC_1LA1RB_1RC1LD_0RB1LD	CBT_QS_05
1RB0LC_1LA1RB_1RC1RD_0LB0RB	CBT_TA_03
1RB0LC_1LA1RB_1RC1RD_1LA0RB	CBT_TA_03
1RB0LC_1LA1RB_1RD0LD_1RD0RB	CBT_TA_03
1RB0LC_1LA1RB_1RD1LC_0LC0RB	CBT_DXS_00
1RB0LC_1LA1RB_1RD1LC_0LD0RB	CBT_DX1_05
1RB0LC_1LA1RB_1RD1LC_0RC0RB	CBT_DXS_00
1RB0LC_1LA1RB_1RD1LC_0RD0RB	CBT_DX1_05
1RB0LC_1LA1RB_1RD1LC_1LB0RB	CBT_DXS_00
1RB0LC_1LA1RB_1RD1LC_1LC0RB	CBT_DX1_05
1RB0LC_1LA1RB_1RD1LC_1LD0RB	CBT_DXS_00
1RB0LC_1LA1RB_1RD1LC_1RB0RB	CBT_DXS_00
1RB0LC_1LA1RB_1RD1LC_1RC0RB	CBT_DX1_05
1RB0LC_1LA1RB_1RD1LC_1RD0RB	CBT_DXS_00
1RB0LC_1LA1RB_1RD1RB_1RD0RB	CBT_SP_09
1RB0LC_1LA1RC_0LD0LA_0RD1RA	CBT_DX2_06
1RB0LC_1LA1RC_0RB1RD_1LA0LD	CBT_SP_09
1RB0LC_1LA1RC_0RC1LD_1LA0LD	CBT_QC_10
1RB0LC_1LA1RC_0RD1LC_1LA1RD	CBT_QS_05
1RB0LC_1LA1RC_0RD1RD_1LA0LD	CBT_DXQ_01
1RB0LC_1LA1RC_1LD0RB_0RC0LD	CBT_QC_10
1RB0LC_1LA1RC_1RA0LD_0RB1LD	CBT_SP2_03
1RB0LC_1LA1RC_1RA0LD_0RC1LD	CBT_SP2_03
1RB0LC_1LA1RC_1RC1RD_1LA0LD	CBT_DXQ_01
1RB0LC_1LA1RD_0RA0LA_1RB---	CBT_DX2_06
1RB0LC_1LA1RD_0RA0LC_1RA---	CBT_DX2_06
1RB0LC_1LA1RD_0RA0LC_1RB---	CBT_DX2_06
1RB0LC_1LA1RD_0RA1LC_0LD1RA	CBT_LE_04
1RB0LC_1LA1RD_0RA1LC_1LA1RA	CBT_LE_07
1RB0LC_1LA1RD_0RA1LC_1LA1RD	CBT_DX1_05
1RB0LC_1LA1RD_0RA1LC_1LB1RA	CBT_SP2_03
1RB0LC_1LA1RD_0RA1LC_1LC1RA	CBT_LE_07
1RB0LC_1LA1RD_0RA1LC_1RA0LA	CBT_NG_09
1RB0LC_1LA1RD_0RA1LC_1RA0LB	CBT_SP2_03
1RB0LC_1LA1RD_0RA1LC_1RA0LC	CBT_SPB_24
1RB0LC_1LA1RD_0RA1LC_1RA1RA	CBT_SP2_04
1RB0LC_1LA1RD_0RA1LC_1RB0LA	CBT_NG_09
1RB0LC_1LA1RD_0RA1LC_1RB1RA	CBT_LE2_00
1RB0LC_1LA1RD_0RB1LA_1RA1RC	CBT_RW_02
1RB0LC_1LA1RD_0RB1LC_0LD1RA	CBT_LE2_00
1RB0LC_1LA1RD_0RB1LC_0LD1RB	CBT_DX1_05
1RB0LC_1LA1RD_0RB1LC_0RA1RA	CBT_LE2_00
1RB0LC_1LA1RD_0RB1LC_1LA1RA	CBT_LE2_00
1RB0LC_1LA1RD_0RB1LC_1LA1RB	CBT_DX1_05
1RB0LC_1LA1RD_0RB1LC_1LA1RD	CBT_DX1_05
1RB0LC_1LA1RD_0RB1LC_1LB1RA	CBT_SP2_04
1RB0LC_1LA1RD_0RB1LC_1LC1RA	CBT_LEF_01
1RB0LC_1LA1RD_0RB1LC_1RA0LB	CBT_SP2_04
1RB0LC_1LA1RD_0RB1LC_1RA0LC	CBT_SPB_24
1RB0LC_1LA1RD_0RB1LC_1RA1RA	CBT_SP2_04
1RB0LC_1LA1RD_0RB1LC_1RB0LC	CBT_QC_10
1RB0LC_1LA1RD_0RB1LC_1RB1RA	CBT_LE2_00
1RB0LC_1LA1RD_0RD0LA_1LC1RB	CBT_CE_05
1RB0LC_1LA1RD_0RD0LA_1RB---	CBT_QC_11
1RB0LC_1LA1RD_0RD0LC_1RA---	CBT_DX2_06
1RB0LC_1LA1RD_0RD0LC_1RB---	CBT_QC_11
1RB0LC_1LA1RD_0RD1LA_1LC1RD	CBT_QC_11
1RB0LC_1LA1RD_0RD1LC_1LA1RA	CBT_SPB_08
1RB0LC_1LA1RD_0RD1LC_1LA1RB	CBT_DX1_05
1RB0LC_1LA1RD_0RD1LC_1LA1RD	CBT_QS_05
1RB0LC_1LA1RD_0RD1LC_1LB1RA	CBT_SPB_08
1RB0LC_1LA1RD_0RD1LC_1LC1RA	CBT_SPB_08
1RB0LC_1LA1RD_0RD1LC_1RA0LC	CBT_SPB_24
1RB0LC_1LA1RD_0RD1LC_1RA1RA	CBT_SP2_04
1RB0LC_1LA1RD_0RD1LC_1RB0LC	CBT_QC_11
1RB0LC_1LA1RD_0RD1LC_1RB1RA	CBT_LEF_01
1RB0LC_1LA1RD_1LA0LA_0RD0LA	CBT_DX2_06
1RB0LC_1LA1RD_1LA0LC_0RD0LA	CBT_DX2_06
1RB0LC_1LA1RD_1LA0LC_0RD1LC	CBT_QC_11
1RB0LC_1LA1RD_1LA0LC_0RD1RC	CBT_QC_11
1RB0LC_1LA1RD_1LA1LB_0RD0LA	CBT_DX2_06
1RB0LC_1LA1RD_1LA1LC_0RD1RB	CBT_BLC3_01
1RB0LC_1LA1RD_1LB0LA_1LB1RA	CBT_NG_09
1RB0LC_1LB0LC_1RD1LC_0RB0RA	CBT_SP_09
1RB0LC_1LB0LC_1RD1LC_0RD0LA	CBT_DX2_06
1RB0LC_1LB1LA_0RD1LA_1LC1RD	CBT_QC_11
1RB0LC_1LB1LA_1RD0LA_0RD0RB	CBT_RW_02
1RB0LC_1LB1LA_1RD0LC_0RD1LA	CBT_QC_11
1RB0LC_1LB1LC_0RD1LC_1LA1RD	CBT_QS_05
1RB0LC_1LB1LC_1RA1RD_0RB0RD	CBT_DXQ_01
1RB0LC_1LB1LC_1RD0LC_0RD0LA	CBT_DX2_06
1RB0LC_1LB1LC_1RD0LC_0RD1LA	CBT_QC_11
1RB0LC_1LB1LC_1RD1LC_0RD0LA	CBT_DX2_06
1RB0LC_1LB1RA_1LA0RD_1RC---	CBT_SP_09
1RB0LC_1LB1RC_0LA1LD_1LA0RD	CBT_CE_01
1RB0LC_1LB1RC_0RC1LD_1LA0LD	CBT_QC_11
1RB0LC_1LB1RC_0RD1LC_1LA1RD	CBT_QS_05
1RB0LC_1LB1RC_1RD1LC_0RD0LA	CBT_DX2_06
1RB0LC_1LC---_1RD0LB_0RD0LA	CBT_DX2_06
1RB0LC_1LC---_1RD1LC_0RD0LA	CBT_DX2_06
1RB0LC_1LC0LA_1RD1LA_0RD0LA	CBT_DX2_06
1RB0LC_1LC0LA_1RD1LA_0RD1LC	CBT_QC_11
1RB0LC_1LC0LB_1RD1LA_0RD0LA	CBT_DX3_00
1RB0LC_1LC0LD_1LA1LB_0RA1RD	CBT_SP_09
1RB0LC_1LC0RA_0RD0LB_1LB1RD	CBT_CE3_00
1RB0LC_1LC0RA_0RD1LB_1RB1RD	CBT_SP_09
1RB0LC_1LC0RA_0RD1LD_1LA0LA	CBT_RW_02
1RB0LC_1LC0RA_0RD1LD_1LA1RA	CBT_BLC6_03
1RB0LC_1LC0RA_1LA0RD_1LB1LD	CBT_SP_09
1RB0LC_1LC0RA_1LA1LB_------	CBT_SP_09
1RB0LC_1LC0RA_1LA1LD_0RD1LB	CBT_SP_09
1RB0LC_1LC0RA_1LA1LD_1LC---	CBT_SP_09
1RB0LC_1LC0RA_1LA1LD_1RC1LC	CBT_SP_09
1RB0LC_1LC0RA_1LA1RD_1LC1LD	CBT_SP_10
1RB0LC_1LC0RA_1LD1LA_0RB0LD	CBT_LE3_01
1RB0LC_1LC0RA_1LD1LB_0RB0LC	CBT_DX1_05
1RB0LC_1LC0RA_1LD1LB_1LA0LD	CBT_SP_10
1RB0LC_1LC0RA_1LD1LB_1RB0LC	CBT_SP_10
1RB0LC_1LC0RA_1LD1LD_1LA0LD	CBT_BL_04
1RB0LC_1LC0RA_1RA1LD_1LA1LA	CBT_HY3_00
1RB0LC_1LC0RA_1RA1LD_1RC1LA	CBT_BL_04
1RB0LC_1LC0RA_1RD0LB_0LA1RC	CBT_SP_10
1RB0LC_1LC0RA_1RD1LB_0LB1RD	CBT_SP_10
1RB0LC_1LC0RA_1RD1LB_0LC0RD	CBT_QE_01
1RB0LC_1LC0RA_1RD1LB_0LD1LA	CBT_SP_10
1RB0LC_1LC0RB_0LC1LD_0RD1RA	CBT_DX2_07
1RB0LC_1LC0RB_0LD0RB_1RA1LA	CBT_BLC4_02
1RB0LC_1LC0RB_1LD0LD_0RA0LD	CBT_QC_11
1RB0LC_1LC0RB_1LD0LD_0RA1RA	CBT_DX2_07
1RB0LC_1LC0RB_1LD0LD_0RA1RB	CBT_QC_11
1RB0LC_1LC0RB_1LD1LA_0RA0LD	CBT_QC_11
1RB0LC_1LC0RB_1LD1LA_0RA0RC	CBT_DX2_07
1RB0LC_1LC0RB_1LD1LA_0RA1RB	CBT_QC_11
1RB0LC_1LC0RB_1LD1LA_1RC0RC	CBT_DX2_07
1RB0LC_1LC0RB_1LD1LA_1RC1RB	CBT_SP_32
1RB0LC_1LC0RB_1LD1RB_0LC1RA	CBT_QC_11
1RB0LC_1LC0RB_1LD1RB_0RA0LD	CBT_QC_11
1RB0LC_1LC0RB_1LD1RB_0RA1RA	CBT_QC_11
1RB0LC_1LC0RB_1LD1RB_0RA1RB	CBT_QC_11
1RB0LC_1LC0RB_1LD1RB_1RD1LA	CBT_SP_32
1RB0LC_1LC0RB_1LD1RC_0RA1RB	CBT_QC_11
1RB0LC_1LC0RB_1RD0RD_0LA1LA	CBT_DX2_07
1RB0LC_1LC0RB_1RD1LA_0LA1RB	CBT_HY_00
1RB0LC_1LC0RB_1RD1RB_0LA1LA	CBT_QC_11
1RB0LC_1LC0RC_1LA1RD_0RA0RB	CBT_RW_02
1RB0LC_1LC0RC_1RA0LD_1LA1LB	CBT_AST_11
1RB0LC_1LC0RC_1RD1LA_1RA0RA	CBT_DX0_00
1RB0LC_1LC0RD_0RA1LB_0LB1RD	CBT_LE3_01
1RB0LC_1LC0RD_0RA1LB_0LC1RD	CBT_LE5_01
1RB0LC_1LC0RD_0RA1LC_1LD1LA	CBT_DX1_05
1RB0LC_1LC0RD_1LA0LB_1RB1RC	CBT_SPW_15
1RB0LC_1LC0RD_1LA1LB_1LA1RC	CBT_MB_01
1RB0LC_1LC0RD_1LA1LB_1RB0LC	CBT_SP_10
1RB0LC_1LC0RD_1LD0LB_1RB1RA	CBT_BR_01
1RB0LC_1LC0RD_1RA1LA_0RB0LA	CBT_NG_09
1RB0LC_1LC0RD_1RB1LC_1LA1RD	CBT_DXS_00
1RB0LC_1LC0RD_1RB1LC_1LD1LA	CBT_TA_04
1RB0LC_1LC1LA_0RD1LA_1LC1RD	CBT_QC_11
1RB0LC_1LC1LA_0RD1LB_1LC1RD	CBT_SPB_08
1RB0LC_1LC1LA_0RD1LC_1LB1RD	CBT_QS_05
1RB0LC_1LC1LA_1RD0LC_0RD1LA	CBT_QC_11
1RB0LC_1LC1LA_1RD0RB_0RD0LA	CBT_DX2_07
1RB0LC_1LC1LA_1RD1LB_0LC0RD	CBT_QE_01
1RB0LC_1LC1LB_0RD0LB_1RD0RA	CBT_LE_00
1RB0LC_1LC1LB_0RD1LA_1RB1RD	CBT_TA_03
1RB0LC_1LC1LB_0RD1RC_1LA1RA	CBT_SP_10
1RB0LC_1LC1LB_1RD0RB_0RD0LA	CBT_DX2_07
1RB0LC_1LC1LC_0RD1LC_1LA1RD	CBT_QS_05
1RB0LC_1LC1LD_0RA1LC_1LA1RD	CBT_DX1_05
1RB0LC_1LC1LD_0RD1LA_1LC1RD	CBT_QC_11
1RB0LC_1LC1LD_0RD1LC_1LA1RD	CBT_QS_05
1RB0LC_1LC1RA_---0LD_0RA1LB	CBT_DX2_07
1RB0LC_1LC1RA_---1LD_0RB1LD	CBT_SP_32
1RB0LC_1LC1RA_0LA1LD_0RB1LC	CBT_SP2_04
1RB0LC_1LC1RA_0RA1LC_------	CBT_SP2_04
1RB0LC_1LC1RA_0RA1LD_0RA0LC	CBT_CE3_00
1RB0LC_1LC1RA_0RA1LD_0RD0LC	CBT_CE3_00
1RB0LC_1LC1RA_0RA1LD_1LA1LC	CBT_SP2_04
1RB0LC_1LC1RA_0RA1LD_1LB1LC	CBT_SP2_04
1RB0LC_1LC1RA_0RB0LC_------	CBT_QE_01
1RB0LC_1LC1RA_0RB1LC_------	CBT_SP2_04
1RB0LC_1LC1RA_0RB1LD_0RB0LC	CBT_CE3_01
1RB0LC_1LC1RA_0RB1LD_0RB0LD	CBT_NG_09
1RB0LC_1LC1RA_0RB1LD_0RD0LC	CBT_CE3_00
1RB0LC_1LC1RA_0RC1LD_0RB0LD	CBT_NG_09
1RB0LC_1LC1RA_0RD1LA_1LC1RD	CBT_QC_11
1RB0LC_1LC1RA_0RD1LC_---1RA	CBT_SP_32
1RB0LC_1LC1RA_0RD1LC_---1RB	CBT_SP_32
1RB0LC_1LC1RA_1LA0RD_0LA1RC	CBT_SP_10
1RB0LC_1LC1RA_1LA0RD_0LC1LB	CBT_SP_10
1RB0LC_1LC1RA_1LA0RD_1RA0LB	CBT_NG_09
1RB0LC_1LC1RA_1LA0RD_1RC0LC	CBT_SP_10
1RB0LC_1LC1RA_1LA0RD_1RC0LD	CBT_SP_10
1RB0LC_1LC1RA_1LA0RD_1RC0RB	CBT_SP_10
1RB0LC_1LC1RA_1LA0RD_1RC1LC	CBT_SPW_15
1RB0LC_1LC1RA_1LA0RD_1RC1LD	CBT_SP_10
1RB0LC_1LC1RA_1LA0RD_1RC1RC	CBT_SP_10
1RB0LC_1LC1RA_1LA1RD_0RC0RB	CBT_SP_10
1RB0LC_1LC1RA_1RA0LD_0RC1LD	CBT_NG_09
1RB0LC_1LC1RA_1RB0LD_0RC1LD	CBT_NG_09
1RB0LC_1LC1RA_1RD1LB_0LC0RD	CBT_QE_01
1RB0LC_1LC1RB_0LD1LD_0RD1LA	CBT_NG_00
1RB0LC_1LC1RB_0RA1LD_0LC1LA	CBT_SPB_08
1RB0LC_1LC1RB_0RA1LD_0RA1LA	CBT_SPB_08
1RB0LC_1LC1RB_0RA1LD_0RB1LA	CBT_SPB_08
1RB0LC_1LC1RB_0RA1LD_0RD1LA	CBT_SPB_08
1RB0LC_1LC1RB_0RA1LD_1LA1LA	CBT_SPB_08
1RB0LC_1LC1RB_0RA1LD_1LB1LA	CBT_SPB_08
1RB0LC_1LC1RB_0RA1LD_1LC1LA	CBT_SPB_08
1RB0LC_1LC1RB_0RA1LD_1RB1LA	CBT_SPB_08
1RB0LC_1LC1RB_0RA1LD_1RC1LA	CBT_SPB_08
1RB0LC_1LC1RB_0RA1LD_1RD1LA	CBT_SPB_08
1RB0LC_1LC1RB_0RB0LD_0RA1LD	CBT_DX1_05
1RB0LC_1LC1RB_0RB1LA_------	CBT_SPB_08
1RB0LC_1LC1RB_0RB1LD_0LC1LA	CBT_SPB_08
1RB0LC_1LC1RB_0RB1LD_0RA0LC	CBT_QC_11
1RB0LC_1LC1RB_0RB1LD_0RA1LA	CBT_CE_01
1RB0LC_1LC1RB_0RB1LD_0RB1LA	CBT_SPB_08
1RB0LC_1LC1RB_0RB1LD_0RD1LA	CBT_SPB_08
1RB0LC_1LC1RB_0RB1LD_1LA0RC	CBT_SPB_08
1RB0LC_1LC1RB_0RB1LD_1LA1LA	CBT_SPB_08
1RB0LC_1LC1RB_0RB1LD_1LB1LA	CBT_CE_05
1RB0LC_1LC1RB_0RB1LD_1LC1LA	CBT_SPB_08
1RB0LC_1LC1RB_0RB1LD_1RB1LA	CBT_SPB_08
1RB0LC_1LC1RB_0RB1LD_1RC1LA	CBT_SPB_08
1RB0LC_1LC1RB_0RB1LD_1RD1LA	CBT_SPB_08
1RB0LC_1LC1RB_0RC1LD_0RB1LA	CBT_SPB_08
1RB0LC_1LC1RB_0RC1LD_0RD1LA	CBT_NG_09
1RB0LC_1LC1RB_0RC1LD_1RB1LA	CBT_SPB_08
1RB0LC_1LC1RB_0RD1LA_1LC1RD	CBT_SP_32
1RB0LC_1LC1RB_0RD1LD_0RB1LA	CBT_CE_01
1RB0LC_1LC1RB_0RD1LD_0RD1LA	CBT_NG_09
1RB0LC_1LC1RB_0RD1LD_1RB1LA	CBT_SPB_09
1RB0LC_1LC1RB_1LD1LD_0RB1LA	CBT_SPB_09
1RB0LC_1LC1RB_1RA1LD_0RB1LA	CBT_SPB_09
1RB0LC_1LC1RB_1RB1LD_0RB1LA	CBT_SPB_09
1RB0LC_1LC1RB_1RD1LA_1RD0RB	CBT_NG_09
1RB0LC_1LC1RB_1RD1LD_0RB1LA	CBT_LEF_01
1RB0LC_1LC1RC_0LA1LD_1LA0RD	CBT_LEF_01
1RB0LC_1LC1RC_0RD1LC_1LA1RD	CBT_QS_05
1RB0LC_1LC1RC_1LA0RD_1RC0RB	CBT_SP_10
1RB0LC_1LC1RC_1RA0LD_0RC1LD	CBT_SPB_25
1RB0LC_1LC1RC_1RD1LD_0RB1RA	CBT_NG_09
1RB0LC_1LC1RD_0LA1LA_0RC0RB	CBT_HY_01
1RB0LC_1LC1RD_0LA1LA_1RB0RB	CBT_HY_01
1RB0LC_1LC1RD_0LA1LD_1RB0RB	CBT_RW_02
1RB0LC_1LC1RD_0LA1RB_0RB---	CBT_QC_11
1RB0LC_1LC1RD_0LD1LA_1RB0RB	CBT_NG_09
1RB0LC_1LC1RD_0RA1LC_0LD1RA	CBT_LE_05
1RB0LC_1LC1RD_0RA1LC_1LA1RA	CBT_LE_06
1RB0LC_1LC1RD_0RA1LC_1LA1RD	CBT_DX1_05
1RB0LC_1LC1RD_0RA1LC_1LB1RA	CBT_SP2_04
1RB0LC_1LC1RD_0RA1LC_1LC1RA	CBT_LEF_01
1RB0LC_1LC1RD_0RA1LC_1RA0LB	CBT_SP2_04
1RB0LC_1LC1RD_0RA1LC_1RA0LC	CBT_SPB_25
1RB0LC_1LC1RD_0RA1LC_1RA1RA	CBT_SP2_04
1RB0LC_1LC1RD_0RA1LC_1RB1RA	CBT_LE_07
1RB0LC_1LC1RD_0RB0LC_1RB0LA	CBT_QE_01
1RB0LC_1LC1RD_0RB1LA_0RA1RB	CBT_SP2_04
1RB0LC_1LC1RD_0RB1LC_0LD1RA	CBT_SP2_04
1RB0LC_1LC1RD_0RB1LC_1LA1RA	CBT_LEF_01
1RB0LC_1LC1RD_0RB1LC_1LA1RD	CBT_QS_09
1RB0LC_1LC1RD_0RB1LC_1LB1RA	CBT_SP2_04
1RB0LC_1LC1RD_0RB1LC_1LC1RA	CBT_LEF_01
1RB0LC_1LC1RD_0RB1LC_1RA0LB	CBT_SP2_04
1RB0LC_1LC1RD_0RB1LC_1RA0LC	CBT_SPB_25
1RB0LC_1LC1RD_0RB1LC_1RA1RA	CBT_SP2_04
1RB0LC_1LC1RD_0RB1LC_1RB1RA	CBT_SP2_04
1RB0LC_1LC1RD_0RD0LC_1LC1RA	CBT_LEFQ_00
1RB0LC_1LC1RD_0RD0LC_1RA---	CBT_QC_11
1RB0LC_1LC1RD_0RD1LA_1LC1RD	CBT_QC_11
1RB0LC_1LC1RD_0RD1LC_0LD1RA	CBT_SPB_09
1RB0LC_1LC1RD_0RD1LC_1LA1RA	CBT_LEF_01
1RB0LC_1LC1RD_0RD1LC_1LA1RD	CBT_QS_05
1RB0LC_1LC1RD_0RD1LC_1LB1RA	CBT_SP2_04
1RB0LC_1LC1RD_0RD1LC_1LC1RA	CBT_SPB_09
1RB0LC_1LC1RD_0RD1LC_1RA0LC	CBT_SPB_25
1RB0LC_1LC1RD_0RD1LC_1RA1RA	CBT_SP2_04
1RB0LC_1LC1RD_0RD1LC_1RB1RA	CBT_SPB_09
1RB0LC_1LC1RD_1LA0LC_0RD1LC	CBT_QC_11
1RB0LC_1LC1RD_1LA0LC_0RD1RC	CBT_QC_11
1RB0LC_1LC1RD_1LA0RB_1LB1RC	CBT_HY3_01
1RB0LC_1LC1RD_1LA0RB_1RC1RC	CBT_HY3_01
1RB0LC_1LC1RD_1LA0RC_0RB0LA	CBT_NG_10
1RB0LC_1LC1RD_1RB1LA_0LD1RA	CBT_SPW_15
1RB0LC_1LC1RD_1RB1LA_1RB1RA	CBT_SPW_15
1RB0LC_1RC---_1LD1RA_0RB0LD	CBT_QC_11
1RB0LC_1RC0LA_1RD0RB_1LB1LD	CBT_DX1_05
1RB0LC_1RC0LD_1LA0RB_1RA1RD	CBT_SP_10
1RB0LC_1RC0LD_1LB0RB_1RA1LD	CBT_LEF_01
1RB0LC_1RC0LD_1LB1RA_0RB1LD	CBT_SP2_04
1RB0LC_1RC0LD_1LB1RA_0RC1LD	CBT_SP2_04
1RB0LC_1RC0LD_1LD1RA_0RB1LD	CBT_SP2_04
1RB0LC_1RC0LD_1LD1RA_0RC1LD	CBT_SP2_04
1RB0LC_1RC0LD_1LD1RB_1LB0RA	CBT_NG_10
1RB0LC_1RC0RA_0LD0RA_1LA0LD	CBT_NG_10
1RB0LC_1RC0RA_0LD0RA_1LA1LB	CBT_NG_10
1RB0LC_1RC0RA_1LA0LD_0LB0LA	CBT_DX0_00
1RB0LC_1RC0RA_1LA0LD_0LB0LB	CBT_RW_02
1RB0LC_1RC0RA_1LA0LD_0LB0RB	CBT_DX0_00
1RB0LC_1RC0RA_1LA0LD_0LB1LD	CBT_RW_02
1RB0LC_1RC0RA_1LA0LD_1LA0RC	CBT_RW_02
1RB0LC_1RC0RA_1LA0LD_1LA0RD	CBT_RW_02
1RB0LC_1RC0RA_1LA0LD_1LC0LA	CBT_DX0_00
1RB0LC_1RC0RA_1LA0LD_1LC0LB	CBT_DX0_00
1RB0LC_1RC0RA_1LA0LD_1LC1LA	CBT_SPW_04
1RB0LC_1RC0RA_1LA1LD_0LA1LB	CBT_RW_02
1RB0LC_1RC0RA_1LA1LD_0RA1LB	CBT_RW_02
1RB0LC_1RC0RA_1LA1LD_0RA1RB	CBT_RW_02
1RB0LC_1RC0RA_1LA1LD_1LA0LB	CBT_BR_02
1RB0LC_1RC0RA_1LA1LD_1LA0RB	CBT_BR_01
1RB0LC_1RC0RA_1LA1LD_1LA1LB	CBT_BLC6_04
1RB0LC_1RC0RA_1LA1LD_1LA1RB	CBT_HY_01
1RB0LC_1RC0RA_1LA1LD_1LC---	CBT_SP_10
1RB0LC_1RC0RA_1LA1LD_1RC1LC	CBT_SP_10
1RB0LC_1RC0RA_1LA1RD_1LC1LD	CBT_SP_10
1RB0LC_1RC0RA_1LA1RD_1LD0LB	CBT_SP_10
1RB0LC_1RC0RA_1LD0LB_0RB1LC	CBT_SPB_25
1RB0LC_1RC0RA_1LD1LC_0RB1RA	CBT_NG_10
1RB0LC_1RC0RA_1LD1RB_0RD1LB	CBT_SP_10
1RB0LC_1RC0RA_1LD1RB_1RC1LB	CBT_SP_10
1RB0LC_1RC0RB_1LA1LD_0LA0RD	CBT_DX1_05
1RB0LC_1RC0RB_1LD0RA_0LA1LC	CBT_NG_10
1RB0LC_1RC0RB_1LD0RB_1LA0LC	CBT_RW_02
1RB0LC_1RC0RB_1LD1LC_1LA0LC	CBT_BR_01
1RB0LC_1RC0RB_1LD1RA_0RA1LC	CBT_DX2_07
1RB0LC_1RC0RC_0LD1RA_0LA1LD	CBT_NG_10
1RB0LC_1RC0RC_0LD1RA_1RC1LD	CBT_SP2_04
1RB0LC_1RC0RC_1LD0RA_1LA0LB	CBT_RW_02
1RB0LC_1RC0RC_1LD0RB_0LA0LB	CBT_RW_02
1RB0LC_1RC0RD_1RD0LB_1LD1LA	CBT_DX0_00
1RB0LC_1RC1LA_0RD1LA_1LC1RD	CBT_QC_11
1RB0LC_1RC1LA_0RD1LB_1LC1RD	CBT_SPB_09
1RB0LC_1RC1LA_0RD1LC_1LB1RD	CBT_QS_05
1RB0LC_1RC1LA_1LD1RB_0RB0LD	CBT_QC_11
1RB0LC_1RC1LB_0LA1RD_0LB0RC	CBT_DX2_07
1RB0LC_1RC1LB_1LA0RD_1RC0RD	CBT_HY_01
1RB0LC_1RC1LB_1LA1RD_0LB0RC	CBT_QC_11
1RB0LC_1RC1LC_0RD1LC_1LA1RD	CBT_QS_05
1RB0LC_1RC1LD_0LB0RC_1LB0LA	CBT_QE_01
1RB0LC_1RC1LD_0LB0RC_1LB0RA	CBT_QE_01
1RB0LC_1RC1LD_0LB0RC_1LB1RA	CBT_QE_01
1RB0LC_1RC1LD_0LD0RC_1LA1LB	CBT_CE2_15
1RB0LC_1RC1LD_0LD0RC_1LB0LA	CBT_QE_01
1RB0LC_1RC1LD_0LD0RC_1LB1LA	CBT_QE_01
1RB0LC_1RC1LD_0RD1LA_1LC1RD	CBT_QC_11
1RB0LC_1RC1LD_0RD1LC_1LA1RD	CBT_QS_05
1RB0LC_1RC1LD_1LA0RB_1RB1RD	CBT_SP_10
1RB0LC_1RC1RA_0LD0RC_1LA1LD	CBT_SPW_05
1RB0LC_1RC1RA_0LD1LA_0RA1LD	CBT_SP_10
1RB0LC_1RC1RA_0LD1LA_1LA1LD	CBT_SP_10
1RB0LC_1RC1RA_0RD1LA_1LC1RD	CBT_QC_11
1RB0LC_1RC1RA_0RD1LC_1LB1RA	CBT_SP2_04
1RB0LC_1RC1RA_0RD1LC_1LB1RB	CBT_LE_07
1RB0LC_1RC1RA_0RD1LC_1LD1RA	CBT_SP2_04
1RB0LC_1RC1RA_1LA0LD_0RB1RD	CBT_HY3_01
1RB0LC_1RC1RA_1LA0LD_1RC0RA	CBT_SP_10
1RB0LC_1RC1RA_1LA0RB_------	CBT_SP_10
1RB0LC_1RC1RA_1LA0RD_1RC---	CBT_SP_10
1RB0LC_1RC1RA_1LA0RD_1RD0RB	CBT_SP_10
1RB0LC_1RC1RA_1LA1LD_0RB1LD	CBT_SP2_04
1RB0LC_1RC1RA_1LA1RD_0LD0RB	CBT_SP_10
1RB0LC_1RC1RA_1LC1LD_0RA0LD	CBT_NG_10
1RB0LC_1RC1RA_1LD1LA_0LA1LD	CBT_SPW_05
1RB0LC_1RC1RA_1LD1LA_0RB1LD	CBT_SPW_05
1RB0LC_1RC1RA_1LD1LA_0RC1LD	CBT_SP_10
1RB0LC_1RC1RA_1LD1LA_1RA1LD	CBT_SP_10
1RB0LC_1RC1RA_1LD1LA_1RB1LD	CBT_SP_10
1RB0LC_1RC1RA_1LD1LD_0RB1LC	CBT_SP2_04
1RB0LC_1RC1RA_1RD0RB_0LD1LA	CBT_SP_10
1RB0LC_1RC1RB_1LA0LD_0LB0RA	CBT_NG_10
1RB0LC_1RC1RB_1LA0LD_1LA0RA	CBT_AST_07
1RB0LC_1RC1RB_1LA0LD_1RD0RB	CBT_MB_02
1RB0LC_1RC1RB_1LA1LD_0RA0RB	CBT_AST_13
1RB0LC_1RC1RD_0RD1LA_1LC1RD	CBT_QC_11
1RB0LC_1RC1RD_0RD1LC_1LA1RA	CBT_LEF_01
1RB0LC_1RC1RD_0RD1LC_1LA1RD	CBT_QS_05
1RB0LC_1RC1RD_0RD1LC_1LB1RA	CBT_SPB_09
1RB0LC_1RC1RD_1LA0LC_0RD1LC	CBT_QC_11
1RB0LC_1RC1RD_1LA0LC_0RD1RC	CBT_QC_11
1RB0LC_1RC1RD_1LA0RB_0LD1RA	CBT_SP_10
1RB0LC_1RC1RD_1LA0RB_1LB1RB	CBT_SP_10
1RB0LC_1RC1RD_1LA0RB_1RB---	CBT_SP_10
1RB0LC_1RC1RD_1LA1LB_1RB0RB	CBT_SP_10
1RB0LC_1RC1RD_1LA1LC_0RA0RD	CBT_HY_01
1RB0LC_1RC1RD_1LA1LC_0RB0RD	CBT_HY_01
1RB0LC_1RC1RD_1LA1LC_1RB0RA	CBT_BLC6_04
1RB0LD_0LB1LC_1LA1RC_0RC1LD	CBT_QS_05
1RB0LD_0LB1LC_1LD1RC_0RC1LA	CBT_QC_12
1RB0LD_0LB1LC_1RD0LC_0RD1LA	CBT_QC_12
1RB0LD_0LB1RC_1LA1RA_0RA1LD	CBT_SP2_04
1RB0LD_0LB1RC_1LA1RA_0RC1LD	CBT_SPB_09
1RB0LD_0LB1RC_1LA1RB_0RC1LD	CBT_DX1_05
1RB0LD_0LB1RC_1LA1RC_0RA1LD	CBT_DX1_05
1RB0LD_0LB1RC_1LA1RC_0RC1LD	CBT_QS_05
1RB0LD_0LB1RC_1LD1RA_0RA1LD	CBT_LEF_01
1RB0LD_0LB1RC_1LD1RA_0RB1LD	CBT_LEF_01
1RB0LD_0LB1RC_1LD1RA_0RC0LD	CBT_CE2_04
1RB0LD_0LB1RC_1LD1RA_0RC1LD	CBT_SPB_09
1RB0LD_0LB1RC_1LD1RC_0RC1LA	CBT_QC_12
1RB0LD_0LC0LA_0RC1LD_1RC1LA	CBT_QC_12
1RB0LD_0LC0LA_1RC1LB_0LB0RC	CBT_CE_05
1RB0LD_0LC0LA_1RC1LD_0LB0RC	CBT_CE_05
1RB0LD_0LC0LA_1RD0RC_1LB1RC	CBT_NG_10
1RB0LD_0LC0RA_0LD1LC_1LA0LA	CBT_DX0_00
1RB0LD_0LC0RA_1LA1RD_1RC1LB	CBT_SP_10
1RB0LD_0LC0RA_1LD0LC_1LA1LC	CBT_SP_10
1RB0LD_0LC0RA_1LD0RC_1LA1LC	CBT_SP_10
1RB0LD_0LC0RA_1LD1LC_1LA0LB	CBT_NG_10
1RB0LD_0LC0RA_1LD1LC_1LA1LB	CBT_SPW_05
1RB0LD_0LC0RA_1LD1LC_1LA1LC	CBT_SP_10
1RB0LD_0LC0RA_1LD1LC_1LA1RC	CBT_SP_10
1RB0LD_0LC0RA_1LD1RC_1LA1LC	CBT_SP_10
1RB0LD_0LC0RA_1RA1LC_1LA0RB	CBT_CE3_00
1RB0LD_0LC0RA_1RA1LC_1LA1RA	CBT_CE3_01
1RB0LD_0LC0RB_1LA1RC_0RC1LD	CBT_LE_00
1RB0LD_0LC0RB_1RA1LC_0LB1LA	CBT_BR_02
1RB0LD_0LC0RB_1RD1LA_1RB0RC	CBT_SP_10
1RB0LD_0LC0RC_0LD1LC_1RA1LA	CBT_SP_10
1RB0LD_0LC0RC_0RB1LD_1LA---	CBT_QC_12
1RB0LD_0LC0RC_1LC1LA_0RA1LD	CBT_DX1_05
1RB0LD_0LC0RC_1LC1LA_1RB1LD	CBT_TA_04
1RB0LD_0LC0RD_0RA1LD_1LA1RC	CBT_RW_02
1RB0LD_0LC0RD_1RD1LC_0LA1RA	CBT_SPB_09
1RB0LD_0LC0RD_1RD1LC_0LC1RA	CBT_SPB_09
1RB0LD_0LC0RD_1RD1LC_0LD1RA	CBT_SPB_09
1RB0LD_0LC0RD_1RD1LC_1LC1RA	CBT_SP2_04
1RB0LD_0LC0RD_1RD1LC_1RA1RA	CBT_SP2_04
1RB0LD_0LC0RD_1RD1LC_1RB1RA	CBT_SP2_04
1RB0LD_0LC1LA_0RC1LA_1RC0LD	CBT_QC_12
1RB0LD_0LC1LA_1LD1RC_0RC1LA	CBT_QC_12
1RB0LD_0LC1LB_1RC1RD_0LB0LA	CBT_DX0_00
1RB0LD_0LC1LB_1RD1LD_1RA0RB	CBT_SP_10
1RB0LD_0LC1LC_1LA1RC_0RA1LD	CBT_DX1_05
1RB0LD_0LC1LC_1LA1RC_0RC1LD	CBT_QS_05
1RB0LD_0LC1LC_1LD1RC_0RC1LA	CBT_QC_12
1RB0LD_0LC1LD_1LA1RC_0RC1LD	CBT_QS_05
1RB0LD_0LC1RA_---1LA_0RA1LD	CBT_LE3_01
1RB0LD_0LC1RA_0LA1LA_0RB1LD	CBT_LE3_01
1RB0LD_0LC1RA_0LD1LC_0RA1LA	CBT_SW_03
1RB0LD_0LC1RA_0LD1LC_0RA1LD	CBT_SP_32
1RB0LD_0LC1RA_0LD1LC_0RD1LA	CBT_SW_03
1RB0LD_0LC1RA_0LD1LC_1LA0RC	CBT_SP_10
1RB0LD_0LC1RA_0LD1LC_1LA1LA	CBT_SP_11
1RB0LD_0LC1RA_0LD1LC_1RA1LA	CBT_SPW_05
1RB0LD_0LC1RA_0LD1LC_1RC1LA	CBT_SP_11
1RB0LD_0LC1RA_0LD1LC_1RD1LA	CBT_SP_11
1RB0LD_0LC1RA_0RA0RD_1LB1LA	CBT_SP_11
1RB0LD_0LC1RA_0RA1LC_1LA1LA	CBT_SP_11
1RB0LD_0LC1RA_0RA1LC_1LB1LA	CBT_SP_11
1RB0LD_0LC1RA_0RA1LC_1RA1LA	CBT_SPW_05
1RB0LD_0LC1RA_0RB1LC_0RA1LA	CBT_SW_03
1RB0LD_0LC1RA_0RB1LC_0RC1LA	CBT_SW_07
1RB0LD_0LC1RA_0RB1LC_0RD1LA	CBT_SW_03
1RB0LD_0LC1RA_0RB1LC_1LA1LA	CBT_SP_11
1RB0LD_0LC1RA_0RB1LC_1LC1LA	CBT_SPW_05
1RB0LD_0LC1RA_0RB1LC_1RA1LA	CBT_SPW_05
1RB0LD_0LC1RA_0RB1LC_1RC1LA	CBT_SPW_05
1RB0LD_0LC1RA_0RB1LC_1RD1LA	CBT_SP_11
1RB0LD_0LC1RA_0RD1LC_0RA1LA	CBT_SW_03
1RB0LD_0LC1RA_0RD1LC_0RB1LA	CBT_SW_07
1RB0LD_0LC1RA_0RD1LC_0RC1LA	CBT_SW_03
1RB0LD_0LC1RA_0RD1LC_0RD1LA	CBT_SW_03
1RB0LD_0LC1RA_0RD1LC_1LA1LA	CBT_SP_11
1RB0LD_0LC1RA_0RD1LC_1LC1LA	CBT_SP_11
1RB0LD_0LC1RA_0RD1LC_1RA1LA	CBT_SPW_05
1RB0LD_0LC1RA_0RD1LC_1RC1LA	CBT_SPW_05
1RB0LD_0LC1RA_0RD1LC_1RD1LA	CBT_SP_11
1RB0LD_0LC1RA_1LA0RB_0RA1LD	CBT_LE3_01
1RB0LD_0LC1RA_1LA0RB_0RB1LD	CBT_LE5_01
1RB0LD_0LC1RA_1LA0RD_1LB0RB	CBT_SP_11
1RB0LD_0LC1RA_1LA0RD_1LB1LA	CBT_SP_11
1RB0LD_0LC1RA_1LA1LA_0RB1LD	CBT_LE5_01
1RB0LD_0LC1RA_1LA1LC_0RA0RB	CBT_SW_03
1RB0LD_0LC1RA_1LA1LC_0RA1LA	CBT_SW_03
1RB0LD_0LC1RA_1LA1LC_0RA1LD	CBT_SP_32
1RB0LD_0LC1RA_1LA1LC_0RB0RB	CBT_SP_11
1RB0LD_0LC1RA_1LA1LC_0RB1LA	CBT_SP_11
1RB0LD_0LC1RA_1LA1LC_0RD0RB	CBT_SW_03
1RB0LD_0LC1RA_1LA1LC_0RD1LA	CBT_SW_03
1RB0LD_0LC1RA_1LA1LC_1LA0RB	CBT_SP_11
1RB0LD_0LC1RA_1LA1LC_1LA1LA	CBT_SP_11
1RB0LD_0LC1RA_1LA1LC_1LB0RB	CBT_SPW_05
1RB0LD_0LC1RA_1LA1LC_1LB1LA	CBT_SPW_05
1RB0LD_0LC1RA_1LA1LC_1RA0RB	CBT_SPW_05
1RB0LD_0LC1RA_1LA1LC_1RA1LA	CBT_SPW_05
1RB0LD_0LC1RA_1LA1LC_1RD0RB	CBT_SP_11
1RB0LD_0LC1RA_1LA1LC_1RD1LA	CBT_SP_11
1RB0LD_0LC1RA_1LA1RC_0RA1LD	CBT_SP_32
1RB0LD_0LC1RA_1LA1RC_0RB1LD	CBT_SP_32
1RB0LD_0LC1RA_1LA1RD_0RB1LD	CBT_SP_32
1RB0LD_0LC1RA_1LC1RD_0RB1LD	CBT_SP_32
1RB0LD_0LC1RA_1LD1LA_0RB1LD	CBT_LE3_01
1RB0LD_0LC1RA_1LD1LC_0RA1LA	CBT_SW_03
1RB0LD_0LC1RA_1LD1LC_0RA1LD	CBT_SP_32
1RB0LD_0LC1RA_1LD1LC_0RB1LA	CBT_SPW_05
1RB0LD_0LC1RA_1LD1LC_0RB1LD	CBT_SP_32
1RB0LD_0LC1RA_1LD1LC_0RD1LA	CBT_SW_03
1RB0LD_0LC1RA_1LD1LC_1LA1LA	CBT_SP_11
1RB0LD_0LC1RA_1LD1LC_1RA1LA	CBT_SPW_05
1RB0LD_0LC1RA_1LD1LC_1RD1LA	CBT_SP_11
1RB0LD_0LC1RA_1LD1RC_0RA1LD	CBT_SP_32
1RB0LD_0LC1RA_1LD1RC_0RB1LD	CBT_SP_32
1RB0LD_0LC1RA_1LD1RC_0RC1LA	CBT_QC_12
1RB0LD_0LC1RA_1LD1RD_0RB1LD	CBT_SP_32
1RB0LD_0LC1RA_1RA0RD_1LB1LA	CBT_SPW_05
1RB0LD_0LC1RA_1RA1LA_0RB1LD	CBT_LE3_01
1RB0LD_0LC1RA_1RA1LC_0RA1LA	CBT_SW_06
1RB0LD_0LC1RA_1RA1LC_0RB1LA	CBT_SPW_05
1RB0LD_0LC1RA_1RA1LC_0RB1LD	CBT_SP_32
1RB0LD_0LC1RA_1RA1LC_0RD1LA	CBT_SW_06
1RB0LD_0LC1RA_1RA1LC_1LA1LA	CBT_SP_11
1RB0LD_0LC1RA_1RA1LC_1LB1LA	CBT_SPW_05
1RB0LD_0LC1RA_1RA1LC_1RA1LA	CBT_SPW_06
1RB0LD_0LC1RA_1RA1LC_1RD1LA	CBT_SP_11
1RB0LD_0LC1RA_1RB1LA_0RB1LD	CBT_LE5_01
1RB0LD_0LC1RA_1RB1LC_0RA1LA	CBT_SW_03
1RB0LD_0LC1RA_1RB1LC_0RA1LD	CBT_SP_32
1RB0LD_0LC1RA_1RB1LC_0RC1LA	CBT_SW_00
1RB0LD_0LC1RA_1RB1LC_0RD1LA	CBT_SW_03
1RB0LD_0LC1RA_1RB1LC_1LA1LA	CBT_SP_11
1RB0LD_0LC1RA_1RB1LC_1LC1LA	CBT_SP_11
1RB0LD_0LC1RA_1RB1LC_1RA1LA	CBT_SPW_06
1RB0LD_0LC1RA_1RB1LC_1RC1LA	CBT_SPW_06
1RB0LD_0LC1RA_1RB1LC_1RD1LA	CBT_SP_11
1RB0LD_0LC1RA_1RC1LA_0RB1LD	CBT_LE3_01
1RB0LD_0LC1RA_1RD0LD_1LA0RC	CBT_SP_11
1RB0LD_0LC1RA_1RD0RB_1LA0RC	CBT_SP_11
1RB0LD_0LC1RA_1RD0RC_1LA0RC	CBT_SP_11
1RB0LD_0LC1RA_1RD0RC_1LA1RB	CBT_SP_11
1RB0LD_0LC1RA_1RD0RD_1LB1LA	CBT_SP_11
1RB0LD_0LC1RA_1RD1LA_1LA0RC	CBT_SP_11
1RB0LD_0LC1RA_1RD1LA_1RB0RC	CBT_SP_11
1RB0LD_0LC1RA_1RD1LB_1LA0RC	CBT_SP_11
1RB0LD_0LC1RA_1RD1LC_0RA1LA	CBT_SW_03
1RB0LD_0LC1RA_1RD1LC_0RA1LD	CBT_SP_32
1RB0LD_0LC1RA_1RD1LC_0RB1LA	CBT_SPW_06
1RB0LD_0LC1RA_1RD1LC_0RB1LD	CBT_SP_32
1RB0LD_0LC1RA_1RD1LC_0RD1LA	CBT_SW_03
1RB0LD_0LC1RA_1RD1LC_1LA0RC	CBT_SP_11
1RB0LD_0LC1RA_1RD1LC_1LA1LA	CBT_SP_11
1RB0LD_0LC1RA_1RD1LC_1LB1LA	CBT_SPW_06
1RB0LD_0LC1RA_1RD1LC_1RA1LA	CBT_SPW_01
1RB0LD_0LC1RA_1RD1LC_1RC1LA	CBT_SP_11
1RB0LD_0LC1RA_1RD1LC_1RD1LA	CBT_SP_11
1RB0LD_0LC1RA_1RD1LD_1LA0RC	CBT_SPW_15
1RB0LD_0LC1RA_1RD1RC_1LA0RC	CBT_SP_11
1RB0LD_0LC1RA_1RD1RD_1LA0RC	CBT_SP_11
1RB0LD_0LC1RB_0LD1LC_1RD0RA	CBT_DX1_05
1RB0LD_0LC1RB_0RC1LA_1RC0LD	CBT_DX2_07
1RB0LD_0LC1RB_1LA0RB_1RD1RC	CBT_DX1_05
1RB0LD_0LC1RB_1LD1RC_0RC1LA	CBT_SP_32
1RB0LD_0LC1RB_1RA1LC_0RB1RD	CBT_DX1_05
1RB0LD_0LC1RB_1RA1LD_1LC0RB	CBT_SP_32
1RB0LD_0LC1RC_0RC1LD_1LA0LA	CBT_QC_12
1RB0LD_0LC1RC_0RC1RD_1LA0LD	CBT_QC_12
1RB0LD_0LC1RC_1LA1RC_0RA1LD	CBT_DX1_05
1RB0LD_0LC1RC_1LA1RC_0RC1LD	CBT_QS_05
1RB0LD_0LC1RC_1LD1RC_0RC1LA	CBT_QC_12
1RB0LD_0LC1RC_1RD0RD_1LA0RB	CBT_RW_02
1RB0LD_0LC1RC_1RD1LD_1LA0RB	CBT_BLC6_04
1RB0LD_0LC1RD_1LA1LB_1LB0RD	CBT_NG_10
1RB0LD_0LC1RD_1LA1RC_0RC1LD	CBT_QS_05
1RB0LD_0LC1RD_1RD1LA_1RB0RC	CBT_SP_11
1RB0LD_0RC0LC_1LD0RB_1LD1RA	CBT_DX2_07
1RB0LD_0RC0LC_1RD1RA_1LA0RC	CBT_DX0_00
1RB0LD_0RC0RA_1LC0LD_1RB1LD	CBT_SP_11
1RB0LD_0RC0RA_1LC1LA_1LA0LD	CBT_RW_02
1RB0LD_0RC0RA_1RD1LD_1LC1RA	CBT_SPB_25
1RB0LD_0RC0RB_1LC0LA_0RB1LA	CBT_RW_02
1RB0LD_0RC0RB_1LC1LD_1RA1RB	CBT_TI_02
1RB0LD_0RC0RB_1LC1RA_0LA1LA	CBT_DX0_00
1RB0LD_0RC0RB_1LD1RA_1LC1LA	CBT_BR_07
1RB0LD_0RC0RB_1RD0LA_1LA0RA	CBT_RW_02
1RB0LD_0RC0RC_1LC1LA_0RA1LD	CBT_DX1_05
1RB0LD_0RC0RC_1LC1LA_1RB1LD	CBT_TA_04
1RB0LD_0RC0RD_0LD1RA_1LA0LC	CBT_RW_02
1RB0LD_0RC1LA_1LA0RB_0LD1RB	CBT_DX2_07
1RB0LD_0RC1LA_1LA0RC_0LD1RB	CBT_DX2_07
1RB0LD_0RC1LA_1LB1RC_0RC1LD	CBT_DX1_05
1RB0LD_0RC1LA_1LD1RC_0RC1LA	CBT_QC_12
1RB0LD_0RC1LA_1LD1RC_0RC1LB	CBT_SPB_09
1RB0LD_0RC1LA_1LD1RC_1LB1LB	CBT_SP2_04
1RB0LD_0RC1LA_1LD1RC_1RA1LB	CBT_SP2_04
1RB0LD_0RC1LA_1LD1RC_1RC1LB	CBT_SP2_04
1RB0LD_0RC1LB_1LA1RC_0LA1LB	CBT_DX1_05
1RB0LD_0RC1LB_1LA1RC_0RA1LB	CBT_DX1_05
1RB0LD_0RC1LB_1LA1RC_0RC1LB	CBT_DX1_05
1RB0LD_0RC1LB_1LA1RC_1RA1LB	CBT_DX1_05
1RB0LD_0RC1LB_1LA1RC_1RD1LB	CBT_QS_05
1RB0LD_0RC1LB_1LD1RC_0RC1LA	CBT_SP_32
1RB0LD_0RC1LB_1LD1RC_1LA0LB	CBT_QS_05
1RB0LD_0RC1LC_1LA1RC_0RC1LD	CBT_QS_05
1RB0LD_0RC1LC_1LD1RC_0RC1LA	CBT_QC_12
1RB0LD_0RC1LD_1LA1RA_0RA0LB	CBT_NG_10
1RB0LD_0RC1LD_1LA1RC_0RC1LB	CBT_DX1_05
1RB0LD_0RC1LD_1LA1RC_0RC1LD	CBT_QS_05
1RB0LD_0RC1LD_1LC0RB_0LA0LD	CBT_NG_10
1RB0LD_0RC1LD_1LC0RB_0LA1RD	CBT_NG_10
1RB0LD_0RC1LD_1RD0RA_1LB1RC	CBT_LE_05
1RB0LD_0RC1RA_0LC1LA_0RA1LD	CBT_SP_32
1RB0LD_0RC1RA_0LC1LA_0RB1LD	CBT_SP_32
1RB0LD_0RC1RA_0LD1RB_1LA1RB	CBT_SP_11
1RB0LD_0RC1RA_0LD1RC_1LA1RB	CBT_SP_11
1RB0LD_0RC1RA_1LB1RD_1LA0RC	CBT_SP_11
1RB0LD_0RC1RA_1LC0LA_0RA1LD	CBT_LE5_00
1RB0LD_0RC1RA_1LC0LD_0RA1LD	CBT_SP_32
1RB0LD_0RC1RA_1LC0RA_1LA0LD	CBT_NG_10
1RB0LD_0RC1RA_1LC0RB_1LB1LD	CBT_SP_32
1RB0LD_0RC1RA_1LC1LA_0RA1LD	CBT_LE2_00
1RB0LD_0RC1RA_1LC1LA_0RB1LD	CBT_LE2_00
1RB0LD_0RC1RA_1LC1LD_0RA1LC	CBT_SP_32
1RB0LD_0RC1RA_1LC1LD_0RA1LD	CBT_SP_32
1RB0LD_0RC1RA_1LC1LD_0RB1LD	CBT_SP_32
1RB0LD_0RC1RA_1LC1RB_0RA1LD	CBT_SP_32
1RB0LD_0RC1RA_1LC1RB_0RB1LD	CBT_SP_32
1RB0LD_0RC1RA_1LC1RD_0RA1LD	CBT_SP_32
1RB0LD_0RC1RA_1LC1RD_0RB1LD	CBT_SP_32
1RB0LD_0RC1RA_1RD---_1LA0RC	CBT_SP_11
1RB0LD_0RC1RA_1RD0RB_1LA1LB	CBT_NG_10
1RB0LD_0RC1RA_1RD0RD_1LA0LB	CBT_HY3_01
1RB0LD_0RC1RA_1RD0RD_1LA1LB	CBT_NG_10
1RB0LD_0RC1RA_1RD1RA_1LA1LB	CBT_NG_10
1RB0LD_0RC1RA_1RD1RB_1LA0LB	CBT_BR_09
1RB0LD_0RC1RA_1RD1RB_1LA0LC	CBT_SP_11
1RB0LD_0RC1RA_1RD1RB_1LA1RB	CBT_SPW_06
1RB0LD_0RC1RB_0LD0RD_1LA1RD	CBT_SP_11
1RB0LD_0RC1RB_1LC0LA_0RB1LD	CBT_DX1_05
1RB0LD_0RC1RB_1LC0LA_1RB1LD	CBT_SP_11
1RB0LD_0RC1RB_1LC0RD_1LA1RD	CBT_SP_11
1RB0LD_0RC1RB_1LC1LA_0RA0LC	CBT_CE_01
1RB0LD_0RC1RB_1LC1LA_0RB0LC	CBT_CE_01
1RB0LD_0RC1RB_1LD0RD_1LA1RD	CBT_SP_12
1RB0LD_0RC1RB_1RD0RD_1LA0LB	CBT_SPW_15
1RB0LD_0RC1RB_1RD0RD_1LA0RC	CBT_DX0_00
1RB0LD_0RC1RB_1RD0RD_1LA1RD	CBT_SP_12
1RB0LD_0RC1RB_1RD1LA_1LA0LB	CBT_SPW_06
1RB0LD_0RC1RB_1RD1LA_1LA0RC	CBT_SP_12
1RB0LD_0RC1RB_1RD1RA_1LA0RC	CBT_DX0_00
1RB0LD_0RC1RC_1LA1RA_0RA0LA	CBT_NG_10
1RB0LD_0RC1RC_1LA1RA_0RA0LD	CBT_NG_10
1RB0LD_0RC1RC_1LA1RB_1LA1LD	CBT_BLC3_01
1RB0LD_0RC1RC_1LA1RC_0RC1LD	CBT_QS_05
1RB0LD_0RC1RC_1LD1RB_0RD1LA	CBT_LE_06
1RB0LD_0RC1RC_1LD1RC_0RC1LA	CBT_QC_12
1RB0LD_0RC1RD_1LA0RC_0LA1LC	CBT_SPB_09
1RB0LD_1LB0RC_0RB1LD_1LA---	CBT_QC_12
1RB0LD_1LB0RC_0RD1RC_1LD0LA	CBT_DX2_07
1RB0LD_1LB0RC_1LA1RD_1RC0LA	CBT_DX2_07
1RB0LD_1LB0RC_1LC1LA_0RA1LD	CBT_DX1_05
1RB0LD_1LB0RC_1LC1LA_1RB1LD	CBT_TA_04
1RB0LD_1LB0RC_1RC1LD_1LA0RB	CBT_QC_12
1RB0LD_1LB1LC_1LA1RC_0RA1LD	CBT_DX1_06
1RB0LD_1LB1LC_1LA1RC_0RC1LD	CBT_QS_05
1RB0LD_1LB1LC_1LD1RC_0RC1LA	CBT_QC_12
1RB0LD_1LB1LC_1RD0LA_1RA0RB	CBT_DX0_00
1RB0LD_1LB1LC_1RD0LC_0RD1LA	CBT_QC_12
1RB0LD_1LB1RC_0RB0LA_1LA0RD	CBT_NG_10
1RB0LD_1LB1RC_0RC1LD_1LA0LD	CBT_QC_12
1RB0LD_1LB1RC_0RC1RD_1LA0LD	CBT_QC_12
1RB0LD_1LB1RC_1LA1RC_0RA1LD	CBT_DX1_06
1RB0LD_1LB1RC_1LA1RC_0RC1LD	CBT_QS_05
1RB0LD_1LB1RC_1LD1RC_0RC1LA	CBT_QC_12
1RB0LD_1LC0LA_0RC1LD_1RC1LA	CBT_QC_12
1RB0LD_1LC0LA_1LA0LC_1RD1RC	CBT_BX_01
1RB0LD_1LC0LB_0RA0LD_1RD1RB	CBT_DXQ_01
1RB0LD_1LC0LB_0RA1LA_1RD1RB	CBT_SP_12
1RB0LD_1LC0LB_0RA1LC_1RD1RB	CBT_DXQ_01
1RB0LD_1LC0LC_1RD1LB_1LA0RD	CBT_CE2_15
1RB0LD_1LC0LD_0RA1LB_1LA1RC	CBT_SP_12
1RB0LD_1LC0LD_0RD1LB_0RA1RD	CBT_SP_12
1RB0LD_1LC0LD_1RD1LB_0RA1RD	CBT_SP_12
1RB0LD_1LC0RA_0LD0LC_1LA1LB	CBT_DX0_00
1RB0LD_1LC0RA_0LD0RD_1LA1LB	CBT_DX0_00
1RB0LD_1LC0RA_0LD1LB_1LA---	CBT_SP_12
1RB0LD_1LC0RA_0LD1LB_1RC1LA	CBT_SP_12
1RB0LD_1LC0RA_0LD1LC_1LA0LB	CBT_NG_10
1RB0LD_1LC0RA_0LD1LC_1LA1LB	CBT_DX0_00
1RB0LD_1LC0RA_0LD1LC_1LA1RB	CBT_SP_12
1RB0LD_1LC0RA_0RA0LB_1RD1RC	CBT_SP_12
1RB0LD_1LC0RA_0RA1LB_1LA---	CBT_SP_12
1RB0LD_1LC0RA_0RB1LB_1LA---	CBT_SP_12
1RB0LD_1LC0RA_0RD1LB_0RA1RD	CBT_SP_12
1RB0LD_1LC0RA_0RD1LB_1LA0LC	CBT_SP_12
1RB0LD_1LC0RA_0RD1LB_1LA0LD	CBT_SP_12
1RB0LD_1LC0RA_0RD1LB_1LA0RA	CBT_SP_12
1RB0LD_1LC0RA_0RD1LB_1LA0RB	CBT_SP_12
1RB0LD_1LC0RA_0RD1LB_1LA1LA	CBT_SP_12
1RB0LD_1LC0RA_0RD1LB_1LA1LD	CBT_SP_12
1RB0LD_1LC0RA_0RD1LB_1LA1RA	CBT_SPW_15
1RB0LD_1LC0RA_0RD1LB_1LA1RB	CBT_SP_12
1RB0LD_1LC0RA_0RD1LB_1LA1RC	CBT_SP_12
1RB0LD_1LC0RA_0RD1LB_1LA1RD	CBT_SP_12
1RB0LD_1LC0RA_1LA1LB_1LA---	CBT_SP_12
1RB0LD_1LC0RA_1LA1LB_1LD0LC	CBT_SP_12
1RB0LD_1LC0RA_1LA1RC_1LA0LD	CBT_HY_01
1RB0LD_1LC0RA_1LA1RC_1LA1LB	CBT_RW_02
1RB0LD_1LC0RA_1LD0LC_1LA1LC	CBT_SPW_06
1RB0LD_1LC0RA_1LD0RD_1LA1LB	CBT_SP_12
1RB0LD_1LC0RA_1LD1LA_1LA1LC	CBT_SP_12
1RB0LD_1LC0RA_1LD1LB_1LA---	CBT_SP_12
1RB0LD_1LC0RA_1LD1LC_1LA0LA	CBT_SP_12
1RB0LD_1LC0RA_1LD1LC_1LA0LB	CBT_DX0_00
1RB0LD_1LC0RA_1LD1LC_1LA1LB	CBT_SP_12
1RB0LD_1LC0RA_1LD1LC_1LA1LC	CBT_SP_12
1RB0LD_1LC0RA_1LD1LC_1LA1RC	CBT_SP_12
1RB0LD_1LC0RA_1LD1RA_1LA1LC	CBT_SP_12
1RB0LD_1LC0RA_1LD1RC_1LA0LD	CBT_HY_01
1RB0LD_1LC0RA_1RA0LB_1RC1RD	CBT_SP_12
1RB0LD_1LC0RA_1RA1LA_1LA0LC	CBT_SP_12
1RB0LD_1LC0RA_1RA1LB_0RA1RC	CBT_SP_12
1RB0LD_1LC0RA_1RA1LB_0RB1LA	CBT_SP_12
1RB0LD_1LC0RA_1RA1LB_1LA0LC	CBT_SP_12
1RB0LD_1LC0RA_1RA1LB_1LA0RA	CBT_SP_12
1RB0LD_1LC0RA_1RA1LB_1LA0RD	CBT_SP_12
1RB0LD_1LC0RA_1RA1LB_1LA1LA	CBT_SP_12
1RB0LD_1LC0RA_1RA1LB_1LA1RA	CBT_SPW_15
1RB0LD_1LC0RA_1RA1LB_1LA1RD	CBT_SP_12
1RB0LD_1LC0RA_1RA1LB_1LB0RC	CBT_NG_10
1RB0LD_1LC0RA_1RB1LB_1LA---	CBT_SP_12
1RB0LD_1LC0RA_1RC1LB_1LA---	CBT_SP_12
1RB0LD_1LC0RA_1RD0LC_1LA1LB	CBT_SPW_06
1RB0LD_1LC0RA_1RD0LC_1LA1RB	CBT_SP_12
1RB0LD_1LC0RA_1RD1LB_0LC0RD	CBT_QE_01
1RB0LD_1LC0RA_1RD1LB_0RA1RD	CBT_SP_12
1RB0LD_1LC0RA_1RD1LB_1LA0LB	CBT_SP_12
1RB0LD_1LC0RA_1RD1LB_1LA0RA	CBT_SP_12
1RB0LD_1LC0RA_1RD1LB_1LA0RB	CBT_SPW_06
1RB0LD_1LC0RA_1RD1LB_1LA1LA	CBT_SP_12
1RB0LD_1LC0RA_1RD1LB_1LA1LB	CBT_SP_12
1RB0LD_1LC0RA_1RD1LB_1LA1LD	CBT_SP_13
1RB0LD_1LC0RA_1RD1LB_1LA1RA	CBT_SP_13
1RB0LD_1LC0RA_1RD1LB_1LA1RC	CBT_SP_13
1RB0LD_1LC0RA_1RD1LB_1LA1RD	CBT_SP_13
1RB0LD_1LC0RA_1RD1LB_1RC1LA	CBT_SP_13
1RB0LD_1LC0RB_0LC0RD_1LA1RD	CBT_QC_12
1RB0LD_1LC0RB_0LC1LD_0RA---	CBT_DX2_07
1RB0LD_1LC0RB_0LC1LD_0RD1RA	CBT_QC_12
1RB0LD_1LC0RB_0LC1LD_1RA0RA	CBT_DX2_07
1RB0LD_1LC0RB_0LC1LD_1RA1RA	CBT_QC_12
1RB0LD_1LC0RB_0LC1LD_1RC1RA	CBT_QC_12
1RB0LD_1LC0RB_0LC1LD_1RD1RA	CBT_QC_12
1RB0LD_1LC0RB_0RA0LC_1LD1RA	CBT_LE_00
1RB0LD_1LC0RB_1RA0LC_0LC1LD	CBT_QC_12
1RB0LD_1LC0RB_1RC1LA_0LD0RA	CBT_DX2_07
1RB0LD_1LC0RB_1RC1LA_1LD1RB	CBT_DX1_06
1RB0LD_1LC0RB_1RD1LA_1LA0RC	CBT_SP_13
1RB0LD_1LC0RB_1RD1RA_1LA0RC	CBT_SPW_06
1RB0LD_1LC0RC_0LD1LC_1RA1LA	CBT_SP_13
1RB0LD_1LC0RC_0RA0LB_1LA0LA	CBT_NG_10
1RB0LD_1LC0RC_0RA1LB_1LA0LD	CBT_NG_10
1RB0LD_1LC0RC_0RB1LD_1LA---	CBT_QC_12
1RB0LD_1LC0RC_0RB1RA_1LA1LD	CBT_DX2_07
1RB0LD_1LC0RC_1LA1RC_0LC1LB	CBT_NG_10
1RB0LD_1LC0RC_1LA1RC_1RB1LD	CBT_DXS_00
1RB0LD_1LC0RC_1LC1LA_0RA1LD	CBT_DX1_06
1RB0LD_1LC0RC_1LC1LA_1RB1LD	CBT_TA_04
1RB0LD_1LC0RC_1LD1RC_1RB1LA	CBT_NG_10
1RB0LD_1LC0RC_1RA1LD_0RA0LB	CBT_NG_10
1RB0LD_1LC0RC_1RA1LD_0RA1LC	CBT_SPB_25
1RB0LD_1LC0RD_0LC1LD_0RB1RA	CBT_DX2_07
1RB0LD_1LC0RD_0RA0LD_1LA1RC	CBT_RW_02
1RB0LD_1LC0RD_0RA1LB_1RC0LC	CBT_SPW_06
1RB0LD_1LC0RD_0RA1LB_1RC1RB	CBT_SP_13
1RB0LD_1LC0RD_1LA0LB_1RB0RD	CBT_HY2_00
1RB0LD_1LC0RD_1LA0LC_1RB0RD	CBT_HY2_00
1RB0LD_1LC0RD_1LA1LB_0RA1LA	CBT_NG_10
1RB0LD_1LC0RD_1LA1RD_1LB1RC	CBT_DX1_06
1RB0LD_1LC0RD_1LD0LB_1RB0RA	CBT_RW_02
1RB0LD_1LC0RD_1RD1LC_0LC1RA	CBT_SP2_04
1RB0LD_1LC1LA_0RC1LA_1RC0LD	CBT_QC_12
1RB0LD_1LC1LA_1LD1RC_0RC1LA	CBT_QC_12
1RB0LD_1LC1LA_1LD1RC_0RC1LB	CBT_CE_06
1RB0LD_1LC1LA_1RD1LB_0LC0RD	CBT_CE2_15
1RB0LD_1LC1LB_1LD1RC_0RC1LA	CBT_SPB_25
1RB0LD_1LC1LB_1RD1LA_0LC0RD	CBT_CE2_15
1RB0LD_1LC1LC_1LA1RC_0RA1LD	CBT_DX1_06
1RB0LD_1LC1LC_1LA1RC_0RC1LD	CBT_QS_05
1RB0LD_1LC1LC_1LD1RC_0RC1LA	CBT_QC_12
1RB0LD_1LC1LD_1LA1RC_0RC1LD	CBT_QS_05
1RB0LD_1LC1RA_---0LD_0RA1LD	CBT_SP_32
1RB0LD_1LC1RA_---1LD_0RA0LC	CBT_CE3_02
1RB0LD_1LC1RA_---1LD_0RA1LC	CBT_SP_32
1RB0LD_1LC1RA_---1LD_0RA1LD	CBT_SP_32
1RB0LD_1LC1RA_---1LD_0RB1LD	CBT_SP_32
1RB0LD_1LC1RA_---1RD_0RA1LD	CBT_SP_32
1RB0LD_1LC1RA_---1RD_0RB1LD	CBT_SP_32
1RB0LD_1LC1RA_0LC1LD_0RA0RB	CBT_DX2_07
1RB0LD_1LC1RA_0LD1LB_0RA1LD	CBT_QC_12
1RB0LD_1LC1RA_0LD1LC_0RA1LA	CBT_SW_03
1RB0LD_1LC1RA_0LD1LC_0RA1LD	CBT_SP_32
1RB0LD_1LC1RA_0LD1LC_0RD1LA	CBT_SW_03
1RB0LD_1LC1RA_0LD1LC_1LA0RC	CBT_SP_13
1RB0LD_1LC1RA_0LD1LC_1LA1LA	CBT_SP_13
1RB0LD_1LC1RA_0LD1LC_1RA1LA	CBT_SPW_06
1RB0LD_1LC1RA_0LD1LC_1RC1LA	CBT_SP_13
1RB0LD_1LC1RA_0LD1LC_1RD1LA	CBT_SP_13
1RB0LD_1LC1RA_0LD1RC_0RA1LD	CBT_SP_32
1RB0LD_1LC1RA_0LD1RC_0RB1LD	CBT_SP_32
1RB0LD_1LC1RA_0RA1LB_0RA1LD	CBT_QC_12
1RB0LD_1LC1RA_0RA1LC_0RA1LA	CBT_SW_00
1RB0LD_1LC1RA_0RA1LC_0RA1LD	CBT_SP_33
1RB0LD_1LC1RA_0RA1LC_0RD1LA	CBT_SW_03
1RB0LD_1LC1RA_0RA1LC_1LA0RB	CBT_SP_13
1RB0LD_1LC1RA_0RA1LC_1LA1LA	CBT_SP_13
1RB0LD_1LC1RA_0RA1LC_1RA1LA	CBT_SPW_06
1RB0LD_1LC1RA_0RA1LC_1RD1LA	CBT_SP_13
1RB0LD_1LC1RA_0RA1LD_0RD0LC	CBT_CE3_02
1RB0LD_1LC1RA_0RB0LC_---0LB	CBT_QE_01
1RB0LD_1LC1RA_0RB0LC_---0LC	CBT_QE_01
1RB0LD_1LC1RA_0RB0LC_---0RB	CBT_QE_01
1RB0LD_1LC1RA_0RB0LC_---0RC	CBT_QE_01
1RB0LD_1LC1RA_0RB0LC_---1LA	CBT_SP_33
1RB0LD_1LC1RA_0RB0LC_---1LC	CBT_QE_01
1RB0LD_1LC1RA_0RB0LC_---1RA	CBT_QE_01
1RB0LD_1LC1RA_0RB0LC_---1RC	CBT_QE_01
1RB0LD_1LC1RA_0RB0LC_0LB0LD	CBT_QE_01
1RB0LD_1LC1RA_0RB0LC_0LB0RD	CBT_QE_01
1RB0LD_1LC1RA_0RB0LC_0LB1LD	CBT_QE_01
1RB0LD_1LC1RA_0RB0LC_0LB1RD	CBT_QE_01
1RB0LD_1LC1RA_0RB0LC_0LC0LD	CBT_QE_01
1RB0LD_1LC1RA_0RB0LC_0LC0RD	CBT_QE_01
1RB0LD_1LC1RA_0RB0LC_0LC1RD	CBT_QE_01
1RB0LD_1LC1RA_0RB0LC_0RB0LD	CBT_QE_01
1RB0LD_1LC1RA_0RB0LC_0RB0RD	CBT_QE_01
1RB0LD_1LC1RA_0RB0LC_0RB1LD	CBT_QE_01
1RB0LD_1LC1RA_0RB0LC_0RB1RD	CBT_QE_01
1RB0LD_1LC1RA_0RB0LC_0RC0LD	CBT_QE_01
1RB0LD_1LC1RA_0RB0LC_0RC0RD	CBT_QE_01
1RB0LD_1LC1RA_0RB0LC_0RC1LD	CBT_QE_01
1RB0LD_1LC1RA_0RB0LC_0RC1RD	CBT_QE_01
1RB0LD_1LC1RA_0RB0LC_1LA0RD	CBT_SP_33
1RB0LD_1LC1RA_0RB0LC_1LC0LD	CBT_QE_01
1RB0LD_1LC1RA_0RB0LC_1LC0RD	CBT_QE_01
1RB0LD_1LC1RA_0RB0LC_1RA0LD	CBT_QE_02
1RB0LD_1LC1RA_0RB0LC_1RA0RD	CBT_QE_02
1RB0LD_1LC1RA_0RB0LC_1RA1RD	CBT_SP_33
1RB0LD_1LC1RA_0RB0LC_1RB1RD	CBT_QE_02
1RB0LD_1LC1RA_0RB0LC_1RC0LD	CBT_QE_02
1RB0LD_1LC1RA_0RB0LC_1RC0RD	CBT_QE_02
1RB0LD_1LC1RA_0RB0LC_1RC1LD	CBT_QE_02
1RB0LD_1LC1RA_0RB0LC_1RC1RD	CBT_QE_02
1RB0LD_1LC1RA_0RB0LD_0RB1LD	CBT_QC_12
1RB0LD_1LC1RA_0RB1LB_0RB1LD	CBT_QC_12
1RB0LD_1LC1RA_0RB1LC_---1LC	CBT_SP_33
1RB0LD_1LC1RA_0RB1LC_0LC1LA	CBT_SPW_06
1RB0LD_1LC1RA_0RB1LC_0RA1LA	CBT_SW_06
1RB0LD_1LC1RA_0RB1LC_0RB1LD	CBT_SP_33
1RB0LD_1LC1RA_0RB1LC_0RC1LA	CBT_SW_07
1RB0LD_1LC1RA_0RB1LC_0RD1LA	CBT_SW_06
1RB0LD_1LC1RA_0RB1LC_1LA1LA	CBT_SP_13
1RB0LD_1LC1RA_0RB1LC_1LC1LA	CBT_SPW_06
1RB0LD_1LC1RA_0RB1LC_1RA1LA	CBT_SPW_06
1RB0LD_1LC1RA_0RB1LC_1RC1LA	CBT_TI_01
1RB0LD_1LC1RA_0RB1LC_1RD1LA	CBT_SP_13
1RB0LD_1LC1RA_0RB1LD_0LB0LC	CBT_LEFQ_00
1RB0LD_1LC1RA_0RB1LD_0LC0LC	CBT_CE3_05
1RB0LD_1LC1RA_0RB1LD_0RB0LC	CBT_LEFQ_00
1RB0LD_1LC1RA_0RB1LD_0RB0LD	CBT_NG_10
1RB0LD_1LC1RA_0RB1LD_0RD0LC	CBT_LEFQ_00
1RB0LD_1LC1RA_0RB1LD_1LB0LC	CBT_LEFQ_00
1RB0LD_1LC1RA_0RB1LD_1LC0LC	CBT_CE3_05
1RB0LD_1LC1RA_0RB1LD_1RA0LC	CBT_LEFQ_00
1RB0LD_1LC1RA_0RB1LD_1RC0LC	CBT_LEFQ_00
1RB0LD_1LC1RA_0RC1LD_0RB0LD	CBT_NG_10
1RB0LD_1LC1RA_0RC1RD_1LA0RB	CBT_SP_13
1RB0LD_1LC1RA_0RD0LC_1RA1LA	CBT_SP_33
1RB0LD_1LC1RA_0RD0LD_0RB1LD	CBT_QC_12
1RB0LD_1LC1RA_0RD1LB_0RA1LD	CBT_QC_12
1RB0LD_1LC1RA_0RD1LB_0RB1LD	CBT_QC_12
1RB0LD_1LC1RA_0RD1LC_0RA1LA	CBT_SW_00
1RB0LD_1LC1RA_0RD1LC_0RA1LD	CBT_SP_33
1RB0LD_1LC1RA_0RD1LC_0RB1LD	CBT_SP_33
1RB0LD_1LC1RA_0RD1LC_0RC1LA	CBT_SW_00
1RB0LD_1LC1RA_0RD1LC_0RD1LA	CBT_SW_03
1RB0LD_1LC1RA_0RD1LC_1LA1LA	CBT_SP_13
1RB0LD_1LC1RA_0RD1LC_1LC1LA	CBT_SP_13
1RB0LD_1LC1RA_0RD1LC_1RA0LC	CBT_NG_10
1RB0LD_1LC1RA_0RD1LC_1RA1LA	CBT_SPW_06
1RB0LD_1LC1RA_0RD1LC_1RC1LA	CBT_SPW_06
1RB0LD_1LC1RA_0RD1LC_1RD1LA	CBT_SP_13
1RB0LD_1LC1RA_1LA0LD_0RB1LD	CBT_QC_13
1RB0LD_1LC1RA_1LA1LB_0RA1LD	CBT_QC_13
1RB0LD_1LC1RA_1LA1LB_0RB1LD	CBT_QC_13
1RB0LD_1LC1RA_1LA1LC_0RA1LA	CBT_DX1_06
1RB0LD_1LC1RA_1LA1LC_0RA1LD	CBT_SP2_04
1RB0LD_1LC1RA_1LA1LC_0RD1LA	CBT_DX1_06
1RB0LD_1LC1RA_1LA1LC_1LA1LA	CBT_SP_13
1RB0LD_1LC1RA_1LA1LC_1RA1LA	CBT_SPW_06
1RB0LD_1LC1RA_1LA1LC_1RD1LA	CBT_SP_13
1RB0LD_1LC1RA_1LA1RC_0RA1LD	CBT_SP2_04
1RB0LD_1LC1RA_1LA1RC_0RB1LD	CBT_SP2_04
1RB0LD_1LC1RA_1LB1RC_0RA1LD	CBT_SP_33
1RB0LD_1LC1RA_1LB1RC_0RB1LD	CBT_SP_33
1RB0LD_1LC1RA_1LB1RD_1LA0RC	CBT_SP_13
1RB0LD_1LC1RA_1LD0LD_0RB1LD	CBT_QC_13
1RB0LD_1LC1RA_1LD0RA_0RB1LD	CBT_SP_33
1RB0LD_1LC1RA_1LD1LB_0RA1LD	CBT_QC_13
1RB0LD_1LC1RA_1LD1LB_0RB1LD	CBT_QC_13
1RB0LD_1LC1RA_1LD1LC_0RA1LA	CBT_SW_03
1RB0LD_1LC1RA_1LD1LC_0RA1LD	CBT_SP_33
1RB0LD_1LC1RA_1LD1LC_0RB1LA	CBT_SP_13
1RB0LD_1LC1RA_1LD1LC_0RB1LD	CBT_SP_33
1RB0LD_1LC1RA_1LD1LC_0RD1LA	CBT_DX1_06
1RB0LD_1LC1RA_1LD1LC_1LA1LA	CBT_SP_13
1RB0LD_1LC1RA_1LD1LC_1RA1LA	CBT_SPW_07
1RB0LD_1LC1RA_1LD1LC_1RD1LA	CBT_SP_13
1RB0LD_1LC1RA_1LD1RC_0RA1LD	CBT_SP_33
1RB0LD_1LC1RA_1LD1RC_0RB1LD	CBT_SP_33
1RB0LD_1LC1RA_1LD1RC_0RC1LA	CBT_QC_13
1RB0LD_1LC1RA_1RA0LD_0RB1LD	CBT_QC_13
1RB0LD_1LC1RA_1RA1LB_0RB1LD	CBT_QC_13
1RB0LD_1LC1RA_1RA1LC_0RA1LA	CBT_DX1_06
1RB0LD_1LC1RA_1RA1LC_0RB1LA	CBT_SP_13
1RB0LD_1LC1RA_1RA1LC_0RB1LD	CBT_SP_33
1RB0LD_1LC1RA_1RA1LC_0RD1LA	CBT_DX1_06
1RB0LD_1LC1RA_1RA1LC_1LA1LA	CBT_SP_13
1RB0LD_1LC1RA_1RA1LC_1LB1LA	CBT_SP_13
1RB0LD_1LC1RA_1RA1LC_1RA1LA	CBT_SPW_07
1RB0LD_1LC1RA_1RA1LC_1RD1LA	CBT_SP_13
1RB0LD_1LC1RA_1RB0LD_0RB1LD	CBT_QC_13
1RB0LD_1LC1RA_1RB1LB_0RA1LD	CBT_QC_13
1RB0LD_1LC1RA_1RB1LB_0RB1LD	CBT_QC_13
1RB0LD_1LC1RA_1RB1LC_0RA1LA	CBT_SW_06
1RB0LD_1LC1RA_1RB1LC_0RA1LD	CBT_SP_33
1RB0LD_1LC1RA_1RB1LC_0RC1LA	CBT_SW_03
1RB0LD_1LC1RA_1RB1LC_0RD1LA	CBT_SW_06
1RB0LD_1LC1RA_1RB1LC_1LA1LA	CBT_SP_13
1RB0LD_1LC1RA_1RB1LC_1LC1LA	CBT_SP_13
1RB0LD_1LC1RA_1RB1LC_1RA1LA	CBT_SPW_07
1RB0LD_1LC1RA_1RB1LC_1RC1LA	CBT_SPW_07
1RB0LD_1LC1RA_1RB1LC_1RD1LA	CBT_SP_13
1RB0LD_1LC1RA_1RC0LD_0RB1LD	CBT_QC_13
1RB0LD_1LC1RA_1RC1LB_0RB1LD	CBT_QC_13
1RB0LD_1LC1RA_1RD0LD_0RB1LD	CBT_QC_13
1RB0LD_1LC1RA_1RD0LD_1LA0RC	CBT_SP_13
1RB0LD_1LC1RA_1RD0RA_0RB1LD	CBT_SP_33
1RB0LD_1LC1RA_1RD0RA_1LA0RC	CBT_SP_13
1RB0LD_1LC1RA_1RD1LB_0LC0RD	CBT_QE_02
1RB0LD_1LC1RA_1RD1LB_0RA1LD	CBT_QC_13
1RB0LD_1LC1RA_1RD1LB_0RB1LD	CBT_QC_13
1RB0LD_1LC1RA_1RD1LC_0RA1LA	CBT_SW_03
1RB0LD_1LC1RA_1RD1LC_0RA1LD	CBT_SP_33
1RB0LD_1LC1RA_1RD1LC_0RB1LD	CBT_SP_33
1RB0LD_1LC1RA_1RD1LC_0RD1LA	CBT_SW_03
1RB0LD_1LC1RA_1RD1LC_1LA0RC	CBT_SP_13
1RB0LD_1LC1RA_1RD1LC_1LA1LA	CBT_SP_13
1RB0LD_1LC1RA_1RD1LC_1RA1LA	CBT_SPW_07
1RB0LD_1LC1RA_1RD1LC_1RC1LA	CBT_SP_13
1RB0LD_1LC1RA_1RD1LC_1RD1LA	CBT_SP_13
1RB0LD_1LC1RA_1RD1LD_1LA0RC	CBT_SP_13
1RB0LD_1LC1RA_1RD1RA_1LA0RC	CBT_SP_13
1RB0LD_1LC1RA_1RD1RC_0RB1LD	CBT_SP2_04
1RB0LD_1LC1RA_1RD1RC_1LA0RC	CBT_SP_13
1RB0LD_1LC1RA_1RD1RD_1LA0RC	CBT_SP_13
1RB0LD_1LC1RB_---1LA_0RB1LD	CBT_DX1_06
1RB0LD_1LC1RB_---1LA_1RB1LD	CBT_SP_13
1RB0LD_1LC1RB_---1LD_1RA1LA	CBT_NG_10
1RB0LD_1LC1RB_---1LD_1RB1LA	CBT_NG_10
1RB0LD_1LC1RB_0LA1LA_0RC1LD	CBT_SP_13
1RB0LD_1LC1RB_0LD1LA_1RD0RB	CBT_SP_13
1RB0LD_1LC1RB_0RB1LA_0LC1LD	CBT_SP_13
1RB0LD_1LC1RB_0RB1LA_0RC0LC	CBT_NG_10
1RB0LD_1LC1RB_0RB1LA_0RC1LD	CBT_SP_13
1RB0LD_1LC1RB_0RB1LA_0RD0LC	CBT_NG_10
1RB0LD_1LC1RB_0RB1LA_1LC1LD	CBT_SP_13
1RB0LD_1LC1RB_0RB1LD_0RA0LC	CBT_DX2_07
1RB0LD_1LC1RB_0RC1LA_0RC1LD	CBT_SP_14
1RB0LD_1LC1RB_0RD1LA_0RC1LD	CBT_SP_14
1RB0LD_1LC1RB_1LA0RA_0RB1LD	CBT_DX1_06
1RB0LD_1LC1RB_1LA1LA_0RC1LD	CBT_SP_14
1RB0LD_1LC1RB_1LD1LA_0RC1LD	CBT_SP_14
1RB0LD_1LC1RB_1LD1RC_0RC1LA	CBT_SP_33
1RB0LD_1LC1RB_1RB1LA_0RC1LD	CBT_SP_14
1RB0LD_1LC1RB_1RC1LA_1RD0RB	CBT_SP_14
1RB0LD_1LC1RB_1RD1LA_0RC1LD	CBT_SP_14
1RB0LD_1LC1RC_0RB1LD_0LC1LA	CBT_SP_33
1RB0LD_1LC1RC_0RC1LD_1LA0LA	CBT_QC_13
1RB0LD_1LC1RC_1LA0RC_---0LA	CBT_DX2_07
1RB0LD_1LC1RC_1LA1RC_0RA1LD	CBT_DX1_06
1RB0LD_1LC1RC_1LA1RC_0RB1LD	CBT_DX1_06
1RB0LD_1LC1RC_1LA1RC_0RC1LD	CBT_QS_05
1RB0LD_1LC1RC_1LD1RC_0RC1LA	CBT_QC_13
1RB0LD_1LC1RC_1RA0LD_0RA1LD	CBT_SPB_25
1RB0LD_1LC1RC_1RA0LD_0RB1LD	CBT_LEF_01
1RB0LD_1LC1RC_1RA0LD_0RC1LD	CBT_SPB_25
1RB0LD_1LC1RC_1RA1LD_0RA0LD	CBT_NG_10
1RB0LD_1LC1RC_1RD1RA_0RB1LD	CBT_SP2_04
1RB0LD_1LC1RD_0RA0LC_1LB0RD	CBT_LE6_03
1RB0LD_1LC1RD_0RA1RD_1LB0RD	CBT_LE6_03
1RB0LD_1LC1RD_0RB1LC_1RA0LC	CBT_SP2_04
1RB0LD_1LC1RD_0RD0LC_1LC1RA	CBT_CE2_04
1RB0LD_1LC1RD_0RD1LC_1RA0LC	CBT_SP2_04
1RB0LD_1LC1RD_1LA0LB_0RB1LC	CBT_SPW_07
1RB0LD_1LC1RD_1LA0LC_0RD1LC	CBT_QC_13
1RB0LD_1LC1RD_1LA0RC_0LA1LC	CBT_CE_01
1RB0LD_1LC1RD_1LA1RC_0RC1LD	CBT_QS_05
1RB0LD_1RC---_1LA0RB_0LA0RD	CBT_DX2_07
1RB0LD_1RC---_1LA0RB_0LA1RB	CBT_QC_13
1RB0LD_1RC---_1LA1RA_0RA0LD	CBT_DX2_07
1RB0LD_1RC---_1LA1RA_0RB0LD	CBT_DX2_07
1RB0LD_1RC---_1LA1RB_0RA0LD	CBT_DX2_07
1RB0LD_1RC---_1LD1RA_0RB0LD	CBT_QC_13
1RB0LD_1RC---_1LD1RB_0RA0LA	CBT_DX2_07
1RB0LD_1RC---_1LD1RB_0RC0LA	CBT_QC_13
1RB0LD_1RC0LA_1LA0RA_1LB1LC	CBT_AST_11
1RB0LD_1RC0LA_1LA1RA_0RA1LD	CBT_SPB_25
1RB0LD_1RC0LA_1LA1RA_0RC1LD	CBT_LEF_01
1RB0LD_1RC0LA_1LA1RB_0RA1LD	CBT_NG_10
1RB0LD_1RC0LA_1LB1RA_0RA1LD	CBT_SP2_04
1RB0LD_1RC0LA_1LB1RA_0RC1LD	CBT_SP2_04
1RB0LD_1RC0LA_1LB1RB_0RA1LD	CBT_NG_10
1RB0LD_1RC0LA_1LB1RC_1RD0RC	CBT_TA_04
1RB0LD_1RC0LA_1LD1RA_0RA1LD	CBT_SP2_04
1RB0LD_1RC0LA_1LD1RA_0RC1LD	CBT_SP2_04
1RB0LD_1RC0LA_1LD1RB_0RA1LD	CBT_NG_10
1RB0LD_1RC0LA_1LD1RB_0RB0LD	CBT_QE_02
1RB0LD_1RC0LA_1LD1RB_0RC1LA	CBT_CE3_05
1RB0LD_1RC0LA_1RD0RA_1LB0RB	CBT_DX0_00
1RB0LD_1RC0LA_1RD1RA_1LB0RB	CBT_SP_14
1RB0LD_1RC0LC_1LA0RA_0LA1LC	CBT_NG_10
1RB0LD_1RC0LC_1LA0RA_1LA1LC	CBT_NG_10
1RB0LD_1RC0LC_1LA0RA_1LA1LD	CBT_LEF_01
1RB0LD_1RC0LC_1LA0RA_1LC1LC	CBT_NG_10
1RB0LD_1RC0LC_1LC0RA_1LA1LD	CBT_LEF_01
1RB0LD_1RC0LC_1RD1RA_1LA0RC	CBT_SP_14
1RB0LD_1RC0LD_1LA1RA_0RA1LD	CBT_SPB_26
1RB0LD_1RC0LD_1LA1RA_0RB1LD	CBT_SPB_26
1RB0LD_1RC0LD_1LA1RA_0RC1LD	CBT_LE_06
1RB0LD_1RC0LD_1LA1RB_0RB1LD	CBT_QC_13
1RB0LD_1RC0LD_1LA1RB_0RC1LD	CBT_QC_13
1RB0LD_1RC0LD_1LB1RA_0RA1LD	CBT_SPB_26
1RB0LD_1RC0LD_1LB1RA_0RB1LD	CBT_SPB_26
1RB0LD_1RC0LD_1LB1RA_0RC1LD	CBT_SPB_26
1RB0LD_1RC0LD_1LD1RA_0RA1LD	CBT_SPB_26
1RB0LD_1RC0LD_1LD1RA_0RB1LD	CBT_SPB_26
1RB0LD_1RC0LD_1LD1RA_0RC1LD	CBT_SPB_26
1RB0LD_1RC0RA_0LA0RB_1LA1LB	CBT_SW_04
1RB0LD_1RC0RA_0LA0RC_1LB1LD	CBT_NG_00
1RB0LD_1RC0RA_0LC1LA_0LB1LC	CBT_RW_02
1RB0LD_1RC0RA_1LA0LC_1LC1RC	CBT_HY3_01
1RB0LD_1RC0RA_1LA0RA_1LA0LC	CBT_RW_02
1RB0LD_1RC0RA_1LA0RA_1LA1LC	CBT_HY_01
1RB0LD_1RC0RA_1LA0RA_1LA1LD	CBT_HY_05
1RB0LD_1RC0RA_1LA0RB_1LA1LB	CBT_SPW_15
1RB0LD_1RC0RA_1LA0RD_1LA0LD	CBT_HY2_01
1RB0LD_1RC0RA_1LA1LC_0RC0LB	CBT_NG_10
1RB0LD_1RC0RA_1LA1LC_1RA0LB	CBT_DX1_06
1RB0LD_1RC0RA_1LA1RA_1LA0LD	CBT_HY_01
1RB0LD_1RC0RA_1LA1RA_1LA1LC	CBT_HY_01
1RB0LD_1RC0RA_1LA1RB_0LC1LB	CBT_SP_14
1RB0LD_1RC0RA_1LA1RB_1LA0LD	CBT_HY_01
1RB0LD_1RC0RA_1LA1RC_1LA0LD	CBT_HY_01
1RB0LD_1RC0RA_1LC1LD_1LA0LB	CBT_SP_14
1RB0LD_1RC0RA_1LD0LA_1LA1LC	CBT_DX0_00
1RB0LD_1RC0RA_1LD0LB_1LA1LC	CBT_SP_14
1RB0LD_1RC0RA_1LD0LC_1LA1LC	CBT_AST_13
1RB0LD_1RC0RA_1LD0RA_1LA0LD	CBT_RW_02
1RB0LD_1RC0RA_1LD0RD_1LA0LD	CBT_HY2_01
1RB0LD_1RC0RA_1LD1LA_1LA1LC	CBT_SP_14
1RB0LD_1RC0RA_1LD1LC_1LA0LA	CBT_SP_14
1RB0LD_1RC0RA_1LD1LC_1LA1LC	CBT_SP_14
1RB0LD_1RC0RA_1LD1LC_1LA1RC	CBT_SP_14
1RB0LD_1RC0RA_1LD1RA_1LA0LA	CBT_DX0_00
1RB0LD_1RC0RA_1LD1RA_1LA0LD	CBT_HY_01
1RB0LD_1RC0RA_1LD1RA_1LA1LC	CBT_SP_14
1RB0LD_1RC0RA_1LD1RB_1LA0LA	CBT_HY_01
1RB0LD_1RC0RA_1LD1RB_1LA0LD	CBT_HY_01
1RB0LD_1RC0RA_1LD1RC_1LA0LD	CBT_HY_01
1RB0LD_1RC0RB_0LA0RC_1LA1LD	CBT_NG_10
1RB0LD_1RC0RB_0LA0RD_1LA1LC	CBT_NG_10
1RB0LD_1RC0RB_0LA0RD_1LD1LB	CBT_DXS_00
1RB0LD_1RC0RB_0LA1RA_1LC0RD	CBT_NG_10
1RB0LD_1RC0RB_0LA1RB_1LA1LC	CBT_LEF_01
1RB0LD_1RC0RB_0LA1RB_1LA1LD	CBT_NG_10
1RB0LD_1RC0RB_0LA1RB_1LA1RD	CBT_NG_10
1RB0LD_1RC0RB_1LA0LB_0LD0RC	CBT_DX2_07
1RB0LD_1RC0RB_1LA0LB_0LD1RB	CBT_QC_13
1RB0LD_1RC0RB_1LA0RC_1LA0LD	CBT_MPU_00
1RB0LD_1RC0RB_1LA0RC_1RC1LD	CBT_HY_01
1RB0LD_1RC0RB_1LA0RD_1LA0LD	CBT_HY2_00
1RB0LD_1RC0RB_1LA1LB_0LD0RC	CBT_DX2_07
1RB0LD_1RC0RB_1LA1LB_0LD1RB	CBT_QC_13
1RB0LD_1RC0RB_1LA1RA_1LD1LA	CBT_DX0_00
1RB0LD_1RC0RB_1LA1RB_1LC0LC	CBT_NG_11
1RB0LD_1RC0RB_1LA1RB_1LC0LD	CBT_CE2_09
1RB0LD_1RC0RB_1LD0RD_1LA0LD	CBT_HY2_00
1RB0LD_1RC0RB_1RD1LB_1LA0LD	CBT_NG_00
1RB0LD_1RC0RB_1RD1RB_1LA0RC	CBT_SPW_07
1RB0LD_1RC0RC_0LA0RB_1LA1LD	CBT_NG_11
1RB0LD_1RC0RC_0LA0RB_1LA1RD	CBT_AST_16
1RB0LD_1RC0RC_1LA1RB_0LC0LD	CBT_HY_01
1RB0LD_1RC0RC_1LA1RC_1RB1LD	CBT_DXS_00
1RB0LD_1RC0RC_1LC1LA_1RB1LD	CBT_TA_04
1RB0LD_1RC0RC_1LD1RB_0LB1LA	CBT_NG_11
1RB0LD_1RC0RC_1LD1RC_1RB1LA	CBT_NG_11
1RB0LD_1RC0RD_1LA0RA_0LA1LD	CBT_HY2_00
1RB0LD_1RC0RD_1LA1LC_0LA1LA	CBT_SPW_07
1RB0LD_1RC0RD_1LA1LC_1LA1RB	CBT_RW_03
1RB0LD_1RC1LA_0LA0RA_1RB1LD	CBT_BLC3_02
1RB0LD_1RC1LA_0LA0RC_0RC1LB	CBT_SPB_09
1RB0LD_1RC1LA_0LA0RC_1LB1LB	CBT_SPB_09
1RB0LD_1RC1LA_0LA0RC_1LB1LD	CBT_NG_11
1RB0LD_1RC1LA_0LA0RC_1LC1LB	CBT_SPB_09
1RB0LD_1RC1LA_0LA0RC_1RA1LB	CBT_SPB_09
1RB0LD_1RC1LA_0LA0RC_1RB1LB	CBT_SPB_09
1RB0LD_1RC1LA_0LA1RB_1LB0RB	CBT_NG_11
1RB0LD_1RC1LA_1LB1RC_0RC1LD	CBT_QS_06
1RB0LD_1RC1LA_1LD0RC_1RB1LB	CBT_BLC5_01
1RB0LD_1RC1LA_1LD1RC_0RB1LB	CBT_SPB_09
1RB0LD_1RC1LA_1LD1RC_0RC1LA	CBT_QC_13
1RB0LD_1RC1LA_1LD1RC_0RC1LB	CBT_SPB_09
1RB0LD_1RC1LA_1LD1RC_0RD1LB	CBT_SPB_09
1RB0LD_1RC1LB_1LA1RD_0LB0RC	CBT_QC_13
1RB0LD_1RC1LB_1RD0RC_1LA0LA	CBT_NG_11
1RB0LD_1RC1LB_1RD0RC_1LA0LD	CBT_NG_11
1RB0LD_1RC1LB_1RD0RC_1LA0RC	CBT_HY_01
1RB0LD_1RC1LB_1RD0RC_1LA1LA	CBT_NG_11
1RB0LD_1RC1LC_1LA0RA_1RD0LC	CBT_RW_03
1RB0LD_1RC1LC_1LA1RA_0RA1LD	CBT_SPB_26
1RB0LD_1RC1LC_1LA1RA_0RC1LD	CBT_LE_05
1RB0LD_1RC1LC_1LA1RC_0RA1LD	CBT_DX1_06
1RB0LD_1RC1LC_1LA1RC_0RC1LD	CBT_QS_05
1RB0LD_1RC1LC_1LB1RA_0RA1LD	CBT_SPB_26
1RB0LD_1RC1LC_1LB1RA_0RC1LD	CBT_SPB_26
1RB0LD_1RC1LC_1LD1RA_0RA1LD	CBT_SPB_26
1RB0LD_1RC1LC_1LD1RA_0RC1LD	CBT_SPB_26
1RB0LD_1RC1LC_1LD1RC_0RC1LA	CBT_QC_13
1RB0LD_1RC1LD_0LA0RC_0RA1LB	CBT_NG_11
1RB0LD_1RC1LD_0LA0RC_0RD1LB	CBT_NG_11
1RB0LD_1RC1LD_0LA0RC_1RC1LB	CBT_NG_11
1RB0LD_1RC1LD_0LD0RC_1LB0LA	CBT_QE_02
1RB0LD_1RC1LD_0LD0RC_1LB1LA	CBT_QE_02
1RB0LD_1RC1LD_1LA0RD_1RA1LB	CBT_DX1_06
1RB0LD_1RC1LD_1LA1RC_0RC1LD	CBT_QS_05
1RB0LD_1RC1LD_1RD0RC_1LB1LA	CBT_QC_13
1RB0LD_1RC1LD_1RD1RB_1LA0RC	CBT_SP_14
1RB0LD_1RC1RA_0LA0LD_0RA1LC	CBT_SW_03
1RB0LD_1RC1RA_0LA0LD_1LA1LC	CBT_SPW_15
1RB0LD_1RC1RA_0LA0RB_1LA0RB	CBT_DX1_06
1RB0LD_1RC1RA_0LC1LA_0RA1LD	CBT_SP_33
1RB0LD_1RC1RA_0LC1LD_0RA1LD	CBT_SP_33
1RB0LD_1RC1RA_0LC1LD_0RB1LD	CBT_SP_33
1RB0LD_1RC1RA_0LD---_0RA1LD	CBT_SP_33
1RB0LD_1RC1RA_0LD---_0RB1LD	CBT_SP_33
1RB0LD_1RC1RA_1LA0LB_0RA1LD	CBT_SP_33
1RB0LD_1RC1RA_1LA0LB_0RB1LD	CBT_SP_33
1RB0LD_1RC1RA_1LA0LD_0RA1LC	CBT_DX1_06
1RB0LD_1RC1RA_1LA0LD_0RA1LD	CBT_SP_33
1RB0LD_1RC1RA_1LA0LD_0RB1LD	CBT_SP_33
1RB0LD_1RC1RA_1LA0LD_1LA1LC	CBT_SP_14
1RB0LD_1RC1RA_1LA0RA_0LA1LD	CBT_HY2_00
1RB0LD_1RC1RA_1LA0RB_1LA0RB	CBT_SP_14
1RB0LD_1RC1RA_1LA0RB_1RC1LB	CBT_MB_00
1RB0LD_1RC1RA_1LA0RC_0RA1LD	CBT_SP2_04
1RB0LD_1RC1RA_1LA0RC_0RB1LD	CBT_SP_04
1RB0LD_1RC1RA_1LA1LB_0RA1LD	CBT_SP_33
1RB0LD_1RC1RA_1LA1LB_0RB1LD	CBT_SP_33
1RB0LD_1RC1RA_1LA1LC_0RA1LD	CBT_LE_07
1RB0LD_1RC1RA_1LA1LD_0RA1LC	CBT_LE_07
1RB0LD_1RC1RA_1LA1LD_0RA1LD	CBT_LE_04
1RB0LD_1RC1RA_1LA1LD_0RB1LD	CBT_LE_07
1RB0LD_1RC1RA_1LA1RA_0RA1LD	CBT_SP2_05
1RB0LD_1RC1RA_1LA1RA_0RB1LD	CBT_CE2_10
1RB0LD_1RC1RA_1LA1RA_0RC1LD	CBT_CE2_10
1RB0LD_1RC1RA_1LA1RB_0RA1LD	CBT_SP_33
1RB0LD_1RC1RA_1LA1RB_0RB1LD	CBT_SP_33
1RB0LD_1RC1RA_1LA1RC_0RA1LD	CBT_SP2_05
1RB0LD_1RC1RA_1LA1RC_0RB1LD	CBT_SP2_05
1RB0LD_1RC1RA_1LA1RD_1LA0LC	CBT_SP_14
1RB0LD_1RC1RA_1LB---_0RA1LD	CBT_SP_33
1RB0LD_1RC1RA_1LB---_0RB1LD	CBT_SP_33
1RB0LD_1RC1RA_1LB1LD_0RA1LC	CBT_SP_33
1RB0LD_1RC1RA_1LC0LD_0RA1LD	CBT_SP_33
1RB0LD_1RC1RA_1LC0LD_0RB1LD	CBT_SP_33
1RB0LD_1RC1RA_1LC0RA_1LA0LC	CBT_RW_03
1RB0LD_1RC1RA_1LC1LA_0RA1LD	CBT_SP_33
1RB0LD_1RC1RA_1LC1LB_0RA1LD	CBT_SP_33
1RB0LD_1RC1RA_1LC1LB_0RB1LD	CBT_SP_33
1RB0LD_1RC1RA_1LC1LD_0RA1LD	CBT_SP_33
1RB0LD_1RC1RA_1LC1LD_0RB1LD	CBT_SP_33
1RB0LD_1RC1RA_1LC1RA_0RA1LD	CBT_SP_33
1RB0LD_1RC1RA_1LC1RA_0RB1LD	CBT_SP_33
1RB0LD_1RC1RA_1LC1RD_0RA1LD	CBT_SP_33
1RB0LD_1RC1RA_1LC1RD_0RB1LD	CBT_SP_33
1RB0LD_1RC1RA_1LD---_0RA1LD	CBT_SP_34
1RB0LD_1RC1RA_1LD---_0RB1LD	CBT_SP_34
1RB0LD_1RC1RA_1LD0RA_1LB1LA	CBT_BR_01
1RB0LD_1RC1RA_1LD1RC_0RB1LA	CBT_SP_34
1RB0LD_1RC1RA_1LD1RC_0RC1LA	CBT_QC_13
1RB0LD_1RC1RA_1RD---_1LA0RC	CBT_SP_14
1RB0LD_1RC1RA_1RD0RB_1LA0LC	CBT_SP_14
1RB0LD_1RC1RA_1RD0RC_1LA0RB	CBT_SP_14
1RB0LD_1RC1RB_0LA0RA_1RA1LA	CBT_LE6_00
1RB0LD_1RC1RB_0LA0RB_1LB1LA	CBT_LEFQ_00
1RB0LD_1RC1RB_0LA0RC_1LB1LD	CBT_CE3_01
1RB0LD_1RC1RB_0LD1LC_0RA1LA	CBT_SPW_07
1RB0LD_1RC1RB_0LD1LC_0RD1LA	CBT_SPW_07
1RB0LD_1RC1RB_0LD1LC_1RA1LA	CBT_SP_14
1RB0LD_1RC1RB_1LA0RA_0LA1LD	CBT_HY2_00
1RB0LD_1RC1RB_1LA0RA_1LA1LD	CBT_HY_05
1RB0LD_1RC1RB_1LA0RD_1RC1LA	CBT_RW_03
1RB0LD_1RC1RB_1LD1LC_0LB1LA	CBT_SPW_07
1RB0LD_1RC1RB_1LD1LC_0RA1LA	CBT_SPW_07
1RB0LD_1RC1RB_1LD1LC_0RB1LA	CBT_TA_04
1RB0LD_1RC1RB_1LD1RC_0RB1LA	CBT_SPB_09
1RB0LD_1RC1RB_1LD1RC_0RC1LA	CBT_LEF_01
1RB0LD_1RC1RB_1RD0RA_1LA0RC	CBT_DX0_00
1RB0LD_1RC1RB_1RD0RA_1LA1LD	CBT_HY_05
1RB0LD_1RC1RB_1RD0RC_1LA1LD	CBT_RW_03
1RB0LD_1RC1RB_1RD0RD_1LA0RC	CBT_SP_14
1RB0LD_1RC1RB_1RD1LB_1LA0RC	CBT_SP_14
1RB0LD_1RC1RB_1RD1RA_1LA0RC	CBT_SP_14
1RB0LD_1RC1RB_1RD1RB_1LA0RC	CBT_SP_14
1RB0LD_1RC1RC_1LA1RA_0RA1LD	CBT_SP2_05
1RB0LD_1RC1RC_1LA1RA_0RB1LD	CBT_SP2_05
1RB0LD_1RC1RC_1LA1RA_0RC1LD	CBT_SP2_05
1RB0LD_1RC1RC_1LA1RC_0RA1LD	CBT_DX1_06
1RB0LD_1RC1RC_1LA1RC_0RB1LD	CBT_QS_09
1RB0LD_1RC1RC_1LA1RC_0RC1LD	CBT_QS_06
1RB0LD_1RC1RC_1LD1RA_0RA1LD	CBT_SP2_05
1RB0LD_1RC1RC_1LD1RA_0RB1LD	CBT_SP2_05
1RB0LD_1RC1RC_1LD1RA_0RC1LD	CBT_SP2_05
1RB0LD_1RC1RC_1LD1RC_0RC1LA	CBT_QC_13
1RB0LD_1RC1RC_1RD0RC_1LA0RB	CBT_BL_04
1RB0LD_1RC1RD_0LA0RB_0RC1LA	CBT_LE4_04
1RB0LD_1RC1RD_0LA0RC_1LA0RB	CBT_LE3_01
1RB0LD_1RC1RD_1LA0LC_0RD1LC	CBT_QC_13
1RB0LD_1RC1RD_1LA0RA_1RA0LC	CBT_SP_14
1RB0LD_1RC1RD_1LA0RA_1RD0LC	CBT_RW_03
1RB0LD_1RC1RD_1LA1LD_1LC0RB	CBT_BR_02
1RB0LD_1RC1RD_1LA1RC_0RC1LD	CBT_QS_06
1RB0LD_1RC1RD_1RD1RB_1LA0RC	CBT_SP_14
1RB0RA_0LA---_------_------	CBT_RW_03
1RB0RA_0LB0LC_1LD---_1RA1LC	CBT_DX2_07
1RB0RA_0LB0LC_1RA1LD_1LC---	CBT_DX2_07
1RB0RA_0LC---_1LD0LC_1RA1LC	CBT_DX2_07
1RB0RA_0LC---_1LD0LD_1RA1LC	CBT_DX2_07
1RB0RA_0LC0LB_0LD1LC_1RD1RA	CBT_RW_03
1RB0RA_0LC0RA_0LD1LC_1RA1LC	CBT_HY_01
1RB0RA_0LC0RA_0LD1LC_1RA1RB	CBT_HY_01
1RB0RA_0LC0RA_1LD1LB_1LA1LB	CBT_RW_03
1RB0RA_0LC0RA_1LD1LB_1LA1LC	CBT_RW_03
1RB0RA_0LC0RA_1LD1RC_1RA1LB	CBT_BLC6_04
1RB0RA_0LC0RA_1LD1RC_1RB1LB	CBT_BLC6_05
1RB0RA_0LC0RA_1RA1LD_0LC1LB	CBT_BR_02
1RB0RA_0LC0RA_1RA1LD_0LC1LC	CBT_HY_01
1RB0RA_0LC0RA_1RA1LD_0LC1LD	CBT_HY_01
1RB0RA_0LC0RA_1RA1LD_1LB0LA	CBT_HY2_00
1RB0RA_0LC0RA_1RA1LD_1LB0LC	CBT_HY2_00
1RB0RA_0LC0RA_1RA1LD_1LB0LD	CBT_HY2_00
1RB0RA_0LC0RA_1RC1RD_1LD0LB	CBT_SPW_15
1RB0RA_0LC0RB_1RA0LD_1LC1LD	CBT_NG_11
1RB0RA_0LC0RB_1RD0LD_1RA1LC	CBT_NG_11
1RB0RA_0LC0RC_1LC0LD_1RA1LA	CBT_NG_11
1RB0RA_0LC0RD_1RA0LD_1LC1LB	CBT_NG_11
1RB0RA_0LC1LA_1RA0LD_1LC---	CBT_DX2_07
1RB0RA_0LC1LD_1LA0LD_1LB1RA	CBT_CE_01
1RB0RA_0LC1RA_0LD1LC_1LA1LC	CBT_BLC6_09
1RB0RA_0LC1RA_0LD1LC_1LA1RB	CBT_BLC6_09
1RB0RA_0LC1RA_0LD1LC_1RA0LB	CBT_NG_11
1RB0RA_0LC1RA_0LD1LC_1RA1LC	CBT_NG_00
1RB0RA_0LC1RA_1LA0LD_1LB1LD	CBT_CE_01
1RB0RA_0LC1RA_1LA0LD_1LC1LB	CBT_LEF_01
1RB0RA_0LC1RA_1LA0LD_1LC1LD	CBT_NG_11
1RB0RA_0LC1RA_1LA1LD_1LB1LD	CBT_HY_01
1RB0RA_0LC1RA_1LD1LC_0RB0LD	CBT_HY2_01
1RB0RA_0LC1RA_1RA0LD_1LC1LB	CBT_LEF_01
1RB0RA_0LC1RA_1RA0LD_1LC1LD	CBT_NG_11
1RB0RA_0LC1RA_1RA1LD_1LB1LD	CBT_HY_01
1RB0RA_0LC1RA_1RB0LD_1LC1LB	CBT_LEF_01
1RB0RA_0LC1RA_1RD0LD_1LC1LB	CBT_LEF_01
1RB0RA_0LC1RC_1RA0LD_1LB0RD	CBT_NG_11
1RB0RA_0LC1RD_0LD0LD_1RA1LC	CBT_LEF_02
1RB0RA_0LC1RD_1RD0LD_1RA1LC	CBT_LEF_02
1RB0RA_0RC0LA_1LD0RB_0LD1LA	CBT_DX2_07
1RB0RA_0RC0LA_1LD0RC_0LD1LA	CBT_DX2_07
1RB0RA_0RC0LD_1LD1RC_0LA1LB	CBT_SP_34
1RB0RA_0RC0RB_1LC0LD_1RA1LD	CBT_HY_01
1RB0RA_0RC1LD_1LB1RC_0LA0LB	CBT_SP_34
1RB0RA_0RC1LD_1LC0LA_0LC0RD	CBT_DX1_06
1RB0RA_0RC1LD_1LC0LA_0RC0RD	CBT_SP_14
1RB0RA_0RC1RC_1LD1RB_0LA0LB	CBT_HY3_01
1RB0RA_0RC1RC_1LD1RB_0LA1LD	CBT_SPW_15
1RB0RA_1LA---_------_------	CBT_RW_04
1RB0RA_1LC0LD_1LD1RC_0RA0LB	CBT_NG_11
1RB0RA_1LC0LD_1RC0LB_1RD0RA	CBT_RW_03
1RB0RA_1LC0RA_0LD0LB_1RD1RB	CBT_NG_11
1RB0RA_1LC0RA_1LD0LB_1RA0LA	CBT_HY2_01
1RB0RA_1LC0RA_1LD0LB_1RA0LB	CBT_RW_03
1RB0RA_1LC0RA_1LD0LB_1RA1LB	CBT_HY_01
1RB0RA_1LC0RA_1LD0LB_1RA1LC	CBT_HY_01
1RB0RA_1LC0RA_1LD0LB_1RA1LD	CBT_HY_01
1RB0RA_1LC0RA_1LD0LB_1RB0LA	CBT_HY2_01
1RB0RA_1LC0RA_1LD0LB_1RB0LB	CBT_RW_03
1RB0RA_1LC0RA_1LD0LB_1RB1LB	CBT_HY_01
1RB0RA_1LC0RA_1LD0LB_1RB1LC	CBT_HY_01
1RB0RA_1LC0RA_1LD0LB_1RB1LD	CBT_HY_01
1RB0RA_1LC0RA_1LD0LC_1RA0LA	CBT_HY2_00
1RB0RA_1LC0RA_1LD0LC_1RB0LA	CBT_HY2_00
1RB0RA_1LC0RA_1LD0LC_1RB0LD	CBT_BL_01
1RB0RA_1LC0RA_1RD0LB_0LA1RC	CBT_SP_14
1RB0RA_1LC0RA_1RD0LB_1RA1LD	CBT_HY_01
1RB0RA_1LC0RA_1RD0LB_1RB1LD	CBT_HY_01
1RB0RA_1LC0RB_0LC1LD_1RD0LA	CBT_DX2_07
1RB0RA_1LC0RB_0LC1RD_1LA1LD	CBT_DX2_07
1RB0RA_1LC0RB_1LC0LD_1RA1LD	CBT_HY_01
1RB0RA_1LC0RB_1RA0LD_1LC0LD	CBT_BL_02
1RB0RA_1LC0RC_1LD0LB_0RA0LB	CBT_NG_11
1RB0RA_1LC0RC_1LD0LC_1RA0LC	CBT_HY2_00
1RB0RA_1LC0RC_1RA1LD_0LC1LB	CBT_HY3_03
1RB0RA_1LC0RD_0LD0LB_1RA1LD	CBT_DX0_00
1RB0RA_1LC0RD_0LD1LB_1RA0LB	CBT_NG_11
1RB0RA_1LC0RD_1LA0LB_1RA1LA	CBT_BL_04
1RB0RA_1LC0RD_1LD0LB_0RA0LB	CBT_NG_11
1RB0RA_1LC0RD_1RA0LB_1RA---	CBT_DX0_00
1RB0RA_1LC0RD_1RA0LD_1LC0LD	CBT_HY2_00
1RB0RA_1LC0RD_1RD0LB_1RA1RA	CBT_HY3_01
1RB0RA_1LC0RD_1RD0LB_1RA1RC	CBT_SP_14
1RB0RA_1LC1LB_1RD0LB_1RA1RD	CBT_RW_03
1RB0RA_1LC1LD_0RD0LB_1LB1RA	CBT_HY_01
1RB0RA_1LC1LD_1RA0LB_0LC0RD	CBT_MB_00
1RB0RA_1LC1LD_1RC0LD_0LC1RA	CBT_QC_13
1RB0RA_1LC1RA_0LA0LD_0RA0LB	CBT_NG_11
1RB0RA_1LC1RA_0LA0LD_1RC0LB	CBT_NG_11
1RB0RA_1LC1RA_0LD0LC_1RD1LB	CBT_DX0_00
1RB0RA_1LC1RA_0RC0LD_1RD0LB	CBT_NG_11
1RB0RA_1LC1RA_0RD0LD_1LB1RB	CBT_NG_11
1RB0RA_1LC1RA_1LA0LD_0LC1LD	CBT_NG_11
1RB0RA_1LC1RA_1LA0LD_1LC0LA	CBT_NG_11
1RB0RA_1LC1RA_1LD0LC_0RA---	CBT_DX2_07
1RB0RA_1LC1RA_1LD0LC_1LA0RA	CBT_LE3_00
1RB0RA_1LC1RA_1LD0LC_1LA1LB	CBT_LE3_00
1RB0RA_1LC1RA_1LD0LC_1LA1LC	CBT_HY_01
1RB0RA_1LC1RA_1LD0LC_1RA1LA	CBT_LE3_00
1RB0RA_1LC1RA_1LD0LD_1RA1LC	CBT_HY_01
1RB0RA_1LC1RA_1RA0LD_1LB0LB	CBT_NG_11
1RB0RA_1LC1RA_1RA0LD_1LB0LC	CBT_CE2_09
1RB0RA_1LC1RA_1RA0LD_1LB0LD	CBT_CE2_09
1RB0RA_1LC1RB_0RA0LD_1LB0LB	CBT_NG_11
1RB0RA_1LC1RB_0RA0LD_1LB0LC	CBT_NG_11
1RB0RA_1LC1RB_1LD0LB_1RA1LB	CBT_HY_01
1RB0RA_1LC1RB_1LD0LB_1RA1LC	CBT_HY_02
1RB0RA_1LC1RB_1LD0LB_1RA1LD	CBT_HY_02
1RB0RA_1LC1RC_1LD0LC_1RA1LC	CBT_LE3_00
1RB0RA_1LC1RD_0RD0LB_1LC1RA	CBT_NG_11
1RB0RA_1LC1RD_1LA0LB_0LA0RC	CBT_SP_14
1RB0RA_1LC1RD_1RD0LB_0LA1RC	CBT_SP_14
1RB0RA_1RC0LC_1LD0LC_1RA1LC	CBT_LE3_00
1RB0RA_1RC0RC_1LD0RC_0LD0LA	CBT_DX2_07
1RB0RA_1RC1LC_1LD0RC_1RA0LB	CBT_DX0_00
1RB0RA_1RC1LD_1LD0RA_1LB0LD	CBT_CE2_09
1RB0RA_1RC1RA_1LD0LC_1RA1LC	CBT_NG_11
1RB0RA_1RC1RA_1LD0RB_0RA0LC	CBT_SP_14
1RB0RA_1RC1RA_1LD0RB_1LA0LC	CBT_AST_13
1RB0RA_1RC1RA_1LD0RB_1RA0LC	CBT_SPW_07
1RB0RA_1RC1RD_1LD0LC_1RA1LC	CBT_LE3_00
1RB0RB_0LA---_------_------	CBT_RW_03
1RB0RB_0LB0RC_0LD1RA_1RC1LD	CBT_NG_11
1RB0RB_0LB1RC_0LD1RA_1RB1LD	CBT_SPB_10
1RB0RB_0LB1RC_1LD0RC_0LB1LA	CBT_DX2_07
1RB0RB_0LB1RC_1LD0RC_0LD1LA	CBT_QC_13
1RB0RB_0LC0LA_1LA1RD_1LC0RD	CBT_DX2_07
1RB0RB_0LC0LD_0RC1LD_1LA1RC	CBT_QC_13
1RB0RB_0LC0LD_1LC1LD_1RA0RA	CBT_CE2_07
1RB0RB_0LC0RA_1LC0LD_1RA1LD	CBT_DX2_07
1RB0RB_0LC0RA_1LD1RC_1RA1LC	CBT_QC_13
1RB0RB_0LC0RA_1RA0LD_1LC1LD	CBT_NG_11
1RB0RB_0LC0RA_1RA0LD_1LC1RD	CBT_AST_17
1RB0RB_0LC0RA_1RA1LD_0LC1LC	CBT_HY_02
1RB0RB_0LC0RA_1RB1LD_1LC---	CBT_QC_13
1RB0RB_0LC0RA_1RB1LD_1RA1LC	CBT_CE_05
1RB0RB_0LC0RB_1LD1RC_1RA1LC	CBT_QC_13
1RB0RB_0LC0RD_0LD1LC_1RD1RA	CBT_CE_02
1RB0RB_0LC0RD_1RA1LC_1LB0LC	CBT_DX1_06
1RB0RB_0LC0RD_1RA1LC_1LD0LC	CBT_TI_00
1RB0RB_0LC0RD_1RB1LC_0LA1RD	CBT_DX1_06
1RB0RB_0LC1LD_0RC1LA_1RA0LD	CBT_DX2_07
1RB0RB_0LC1RA_0LB1LD_1LA1LC	CBT_SP2_05
1RB0RB_0LC1RA_0LB1LD_1RB1LC	CBT_SP2_05
1RB0RB_0LC1RA_0LD1LB_1RA1LC	CBT_LEF_02
1RB0RB_0LC1RA_0LD1LC_0RA1RA	CBT_LEF_02
1RB0RB_0LC1RA_0LD1LC_1LA1RA	CBT_SPB_26
1RB0RB_0LC1RA_0RA1LD_1LB0LD	CBT_NG_11
1RB0RB_0LC1RA_1LD1LC_0RB1LB	CBT_MB_05
1RB0RB_0LC1RA_1LD1LC_1LA1LB	CBT_MB_02
1RB0RB_0LC1RA_1LD1LC_1RB1LD	CBT_SPB_10
1RB0RB_0LC1RA_1LD1LC_1RB1RD	CBT_TA_04
1RB0RB_0LC1RA_1RB1LC_------	CBT_SPB_10
1RB0RB_0LC1RA_1RB1LD_1LC0RA	CBT_LEFQ_00
1RB0RB_0LC1RB_0LD1LC_1RD0RA	CBT_DX1_06
1RB0RB_0LC1RB_1LA1LD_1LC1RA	CBT_SP2_05
1RB0RB_0LC1RB_1LB1LD_1RA1LD	CBT_QS_09
1RB0RB_0LC1RB_1LC1LD_1LA0RA	CBT_SP2_05
1RB0RB_0LC1RB_1LC1LD_1RA1LD	CBT_QS_10
1RB0RB_0LC1RB_1LD0RB_1RA1LC	CBT_QC_14
1RB0RB_0LC1RB_1LD1LD_1RA1LD	CBT_QS_09
1RB0RB_0LC1RB_1RA1LC_------	CBT_DX1_06
1RB0RB_0LC1RB_1RA1LD_0RD1LC	CBT_DX1_06
1RB0RB_0LC1RB_1RA1LD_1LC0RB	CBT_QC_14
1RB0RB_0LC1RB_1RA1LD_1RA1LC	CBT_DX1_06
1RB0RB_0LC1RB_1RA1LD_1RA1LD	CBT_DX1_06
1RB0RB_0LC1RB_1RB1LD_1RA1LD	CBT_QS_09
1RB0RB_0LC1RB_1RD1LC_---1RA	CBT_DX1_06
1RB0RB_0LC1RB_1RD1LC_1RA0LA	CBT_DX1_06
1RB0RB_0LC1RB_1RD1LD_1RA1LD	CBT_DX1_06
1RB0RB_0LC1RD_0LC1LA_1LB0RD	CBT_DX2_07
1RB0RB_0LC1RD_0LC1LA_1LC0RD	CBT_QC_14
1RB0RB_0LC1RD_0LD1LC_1LA1RA	CBT_LEF_02
1RB0RB_0LC1RD_0LD1LC_1RA0LB	CBT_NG_11
1RB0RB_0LC1RD_0LD1LC_1RA1RA	CBT_SPB_10
1RB0RB_0LC1RD_0LD1LC_1RC1RA	CBT_SPB_10
1RB0RB_0LC1RD_0LD1LC_1RD1RA	CBT_SPB_10
1RB0RB_0LC1RD_1LB1LA_1LC0RD	CBT_DX2_07
1RB0RB_0LC1RD_1LC1LA_0LA0RD	CBT_CE2_07
1RB0RB_0LC1RD_1LC1LA_0LA1RB	CBT_LE6_03
1RB0RB_0LC1RD_1RA1LC_0LC1RB	CBT_DX1_06
1RB0RB_0LC1RD_1RA1LC_0LC1RD	CBT_DX1_06
1RB0RB_0LC1RD_1RA1LC_0LD1RB	CBT_DX1_06
1RB0RB_0LC1RD_1RB1LC_0LA0RB	CBT_QC_14
1RB0RB_0LC1RD_1RB1LC_0LA1RA	CBT_CE_02
1RB0RB_0LC1RD_1RB1LC_0LC1RA	CBT_SPB_10
1RB0RB_0LC1RD_1RB1LC_0LD1RA	CBT_SPB_10
1RB0RB_0LC1RD_1RB1LC_0RB1RA	CBT_SPB_10
1RB0RB_0LC1RD_1RB1LC_1LB1RA	CBT_SPB_10
1RB0RB_0LC1RD_1RB1LC_1LC1RA	CBT_SPB_10
1RB0RB_0LC1RD_1RB1LC_1LD1RA	CBT_SPB_10
1RB0RB_0LC1RD_1RB1LC_1RA0LB	CBT_SP2_05
1RB0RB_0LC1RD_1RB1LC_1RA1RA	CBT_SPB_10
1RB0RB_0LC1RD_1RB1LC_1RB1RA	CBT_SPB_10
1RB0RB_0LC1RD_1RB1LC_1RC1RA	CBT_CE_05
1RB0RB_0RC0LA_1LD1LA_0LD1RB	CBT_DX2_07
1RB0RB_0RC0LA_1LD1LA_0LD1RC	CBT_DX2_07
1RB0RB_0RC0LA_1LD1RC_0LD1RB	CBT_QC_14
1RB0RB_0RC0LB_1LD1RC_0LA1LB	CBT_NG_11
1RB0RB_0RC0LC_1LD0RB_1LD1RA	CBT_QC_14
1RB0RB_0RC0LD_0RD0RA_1LD1RB	CBT_CE_06
1RB0RB_0RC0LD_0RD0RA_1LD1RC	CBT_CE_06
1RB0RB_0RC0LD_0RD0RB_1LD1RA	CBT_QC_14
1RB0RB_0RC0LD_1LB1RC_0LA0LB	CBT_NG_11
1RB0RB_0RC0LD_1LB1RC_0LA1LB	CBT_NG_11
1RB0RB_0RC0LD_1LD0RB_1LD1RA	CBT_QC_14
1RB0RB_0RC0LD_1LD1RC_0LA1LB	CBT_DX2_08
1RB0RB_0RC0RA_1LD1LC_0LD1RB	CBT_CE2_02
1RB0RB_0RC0RD_1LC1RA_0RB0LC	CBT_QC_14
1RB0RB_0RC1LB_1LD1RC_1LA0LB	CBT_QS_06
1RB0RB_0RC1LD_1LB1RC_0LA0LB	CBT_DX2_08
1RB0RB_0RC1LD_1LD1RC_0LA0LB	CBT_NG_11
1RB0RB_0RC1RB_0LD1RA_1RC1LD	CBT_SP_01
1RB0RB_0RC1RB_1LD0RB_0LD1LA	CBT_DX2_08
1RB0RB_0RC1RB_1LD0RC_0LD1LA	CBT_DX2_08
1RB0RB_0RC1RC_1LD0RB_0LD1LA	CBT_DX2_08
1RB0RB_0RC1RC_1LD0RC_0LD1LA	CBT_QC_14
1RB0RB_0RC1RD_0LC1LA_1LC0RD	CBT_QC_14
1RB0RB_1LA1LC_0LD0LC_1RD1RB	CBT_DXQ_01
1RB0RB_1LA1LC_1LB0RD_0LB1RD	CBT_QC_14
1RB0RB_1LA1LC_1LB0RD_0LC1RD	CBT_QC_14
1RB0RB_1LA1LC_1RD0LB_1LB0RD	CBT_DX2_08
1RB0RB_1LA1LC_1RD0LC_0RD0LA	CBT_DX2_08
1RB0RB_1LA1RC_0LD0RB_1RB1LD	CBT_QC_14
1RB0RB_1LA1RC_0LD1RA_1RB1LD	CBT_SPB_10
1RB0RB_1LA1RC_0LD1RC_1RA1LD	CBT_DX1_06
1RB0RB_1LA1RC_1LD0RC_0LD0LA	CBT_DX2_08
1RB0RB_1LA1RC_1LD0RC_0LD1LA	CBT_QC_14
1RB0RB_1LA1RC_1LD1RB_1LA1LD	CBT_SP_01
1RB0RB_1LB0LC_1LA1RD_0RD0LA	CBT_DX2_08
1RB0RB_1LB0LC_1LA1RD_0RD1LC	CBT_QC_14
1RB0RB_1LB0LC_1RD1LC_0RB0RA	CBT_DX1_06
1RB0RB_1LB0LC_1RD1LC_1LC0RA	CBT_TA_04
1RB0RB_1LB0LC_1RD1LC_1RA0RA	CBT_TI_03
1RB0RB_1LB0LC_1RD1LD_1RA0RA	CBT_DX1_06
1RB0RB_1LB1LC_0RD0LD_1RA1LD	CBT_TA_04
1RB0RB_1LB1LC_1RA0LD_1RA1LD	CBT_TA_05
1RB0RB_1LB1LC_1RA1RD_0LB0RD	CBT_DXS_00
1RB0RB_1LB1LC_1RA1RD_0RB0RD	CBT_DXQ_01
1RB0RB_1LB1LC_1RA1RD_1LB0RD	CBT_DXQ_01
1RB0RB_1LB1RC_0LD1RC_1RA1LD	CBT_QS_06
1RB0RB_1LB1RC_1LA1LD_0RC0LD	CBT_QC_14
1RB0RB_1LB1RC_1LD0RC_0LD1LA	CBT_QC_14
1RB0RB_1LC0LA_0LC1RD_1LA0RD	CBT_DX2_08
1RB0RB_1LC0LA_1RD0LC_0RD1LA	CBT_DX2_08
1RB0RB_1LC0LC_1LA1RD_0RD0LA	CBT_DX2_08
1RB0RB_1LC0LC_1RA1LD_0RA0LD	CBT_CE2_07
1RB0RB_1LC0LD_0RB0LB_1RD0RA	CBT_DX0_00
1RB0RB_1LC0LD_0RC1LD_1LA1RC	CBT_QC_14
1RB0RB_1LC0LD_0RD0LC_1LB1RA	CBT_SP_01
1RB0RB_1LC0LD_1RA1LB_0LB0LC	CBT_DX0_00
1RB0RB_1LC0LD_1RA1LC_1RA0LB	CBT_SP_01
1RB0RB_1LC0LD_1RD0LB_0RA1RC	CBT_HY3_01
1RB0RB_1LC0LD_1RD0LB_0RA1RD	CBT_SPW_15
1RB0RB_1LC0RA_0LC0LD_1RD1RB	CBT_DX0_00
1RB0RB_1LC0RA_0RD0LB_0RA1RD	CBT_DX0_00
1RB0RB_1LC0RA_0RD0LB_1RA1RD	CBT_DX0_00
1RB0RB_1LC0RA_1LD0LB_1RA1LB	CBT_DX0_00
1RB0RB_1LC0RA_1LD0LB_1RA1LC	CBT_HY_02
1RB0RB_1LC0RA_1LD0LB_1RA1RD	CBT_SP_01
1RB0RB_1LC0RA_1LD1RA_0LD1RB	CBT_LE6_02
1RB0RB_1LC0RA_1RA0LD_0LB0RD	CBT_RW_03
1RB0RB_1LC0RA_1RA0LD_0LB1LC	CBT_RW_03
1RB0RB_1LC0RA_1RD0LB_0RA1RD	CBT_DX0_01
1RB0RB_1LC0RA_1RD0LB_1RA1RD	CBT_SP_01
1RB0RB_1LC0RA_1RD0LD_0LB0RC	CBT_NG_11
1RB0RB_1LC0RB_0LC1LD_0RD1RA	CBT_DX2_08
1RB0RB_1LC0RB_0LD1RA_0LD1RB	CBT_QC_14
1RB0RB_1LC0RB_0LD1RA_1LC1RB	CBT_LE6_03
1RB0RB_1LC0RB_0LD1RA_1LC1RD	CBT_LE6_03
1RB0RB_1LC0RB_0LD1RA_1LD1RB	CBT_QS_06
1RB0RB_1LC0RB_1LD1LA_0LC1RA	CBT_SP_34
1RB0RB_1LC0RB_1LD1RA_0LD1RB	CBT_LE6_02
1RB0RB_1LC0RB_1LD1RB_0LC1RA	CBT_QC_14
1RB0RB_1LC0RB_1LD1RC_0LC1RA	CBT_QC_14
1RB0RB_1LC0RC_0LD0LD_1RA1LD	CBT_TI_00
1RB0RB_1LC0RC_1LB0LD_1RA1LD	CBT_DX1_06
1RB0RB_1LC0RC_1LC0LD_1RA1LD	CBT_TI_00
1RB0RB_1LC0RC_1LD0LD_1RA1LD	CBT_DX1_06
1RB0RB_1LC0RC_1RA0LD_0LB0LC	CBT_BR_02
1RB0RB_1LC0RD_1LC1RA_0RB0LB	CBT_QC_14
1RB0RB_1LC0RD_1LC1RA_0RB0LC	CBT_QC_14
1RB0RB_1LC0RD_1RD0LB_0LA1RA	CBT_RW_03
1RB0RB_1LC1LD_0LA1RD_1RC0LB	CBT_SP_01
1RB0RB_1LC1LD_0LC0LD_0RA1RA	CBT_DX2_08
1RB0RB_1LC1LD_0LC1RB_0RA1RA	CBT_QC_14
1RB0RB_1LC1LD_1LA1RC_0RA0LD	CBT_DX2_08
1RB0RB_1LC1LD_1LC0LD_1RA1LD	CBT_SP_01
1RB0RB_1LC1RA_0LA0LD_1RD1LB	CBT_NG_11
1RB0RB_1LC1RA_0LA1LD_0RA0LC	CBT_NG_11
1RB0RB_1LC1RA_0LA1LD_0RB1RD	CBT_SP_01
1RB0RB_1LC1RA_0LA1LD_1RA0LC	CBT_NG_11
1RB0RB_1LC1RA_0LA1LD_1RB0LC	CBT_NG_11
1RB0RB_1LC1RA_0LC0LD_0RA0RD	CBT_DX2_08
1RB0RB_1LC1RA_0LD0LC_1RD1LB	CBT_HY_02
1RB0RB_1LC1RA_0LD0RD_1RD1LB	CBT_NG_11
1RB0RB_1LC1RA_0LD1LA_1RB0LC	CBT_RW_03
1RB0RB_1LC1RA_0LD1LC_1RD1LB	CBT_NG_12
1RB0RB_1LC1RA_0LD1LD_1RB0LC	CBT_HY_02
1RB0RB_1LC1RA_0RB0LC_------	CBT_QE_02
1RB0RB_1LC1RA_1LA0LD_0LB0LA	CBT_DX0_01
1RB0RB_1LC1RA_1LA0LD_0LB0LC	CBT_DX0_01
1RB0RB_1LC1RA_1LA0LD_0LC0LB	CBT_RW_03
1RB0RB_1LC1RA_1LB0LD_1RC0LC	CBT_QC_14
1RB0RB_1LC1RA_1LD0LC_0RA1RD	CBT_CE2_09
1RB0RB_1LC1RA_1LD0LC_1LA0RD	CBT_NG_12
1RB0RB_1LC1RA_1LD0LC_1RA1LA	CBT_CE2_09
1RB0RB_1LC1RA_1LD0LC_1RA1LC	CBT_HY_02
1RB0RB_1LC1RA_1LD1RC_0RA0LC	CBT_LEF_02
1RB0RB_1LC1RA_1RA0LD_0LB0LD	CBT_HY_02
1RB0RB_1LC1RA_1RD0LC_1LA0RD	CBT_SP2_05
1RB0RB_1LC1RB_---0LD_1RA1LD	CBT_DX1_06
1RB0RB_1LC1RB_0LD1LC_1RD0RA	CBT_SPW_01
1RB0RB_1LC1RB_1LD0LD_1RA0LA	CBT_DX1_06
1RB0RB_1LC1RB_1LD1RA_1LA0LD	CBT_NG_12
1RB0RB_1LC1RB_1RD0LB_0RA1RD	CBT_SP_01
1RB0RB_1LC1RB_1RD1LC_---1RA	CBT_SP_01
1RB0RB_1LC1RC_1LD1LA_0LD0RA	CBT_DX2_08
1RB0RB_1LC1RC_1LD1RA_1RB0LD	CBT_BLC5_01
1RB0RB_1LC1RC_1RA1LD_0LB0LC	CBT_DX0_01
1RB0RB_1LC1RC_1RA1LD_0RA0LC	CBT_DX0_01
1RB0RB_1LC1RC_1RA1LD_1LB0LC	CBT_RW_03
1RB0RB_1LC1RC_1RA1LD_1RA0LC	CBT_DX0_01
1RB0RB_1LC1RD_0LB1LA_1LB0RD	CBT_DX2_08
1RB0RB_1LC1RD_0LB1RA_1LB0RD	CBT_QC_14
1RB0RB_1LC1RD_0LC0RD_0LA1LA	CBT_DX2_08
1RB0RB_1LC1RD_0LC1LA_0RD0LA	CBT_CE2_10
1RB0RB_1LC1RD_0LC1LA_1LC0RD	CBT_QC_14
1RB0RB_1LC1RD_0LC1RB_0LA1LA	CBT_QC_14
1RB0RB_1LC1RD_0LC1RB_1LD0RA	CBT_QC_14
1RB0RB_1LC1RD_0RA1LB_1RA0LC	CBT_DX2_08
1RB0RB_1LC1RD_0RB0LC_1RB0LA	CBT_QE_02
1RB0RB_1LC1RD_0RB0LC_1RB1LA	CBT_QE_02
1RB0RB_1LC1RD_0RD0LC_1LA0LA	CBT_DX2_08
1RB0RB_1LC1RD_0RD0LC_1LA1LC	CBT_QC_14
1RB0RB_1LC1RD_0RD0LC_1LC1RA	CBT_CE2_04
1RB0RB_1LC1RD_1LA0LD_0RB1RB	CBT_SP_01
1RB0RB_1LC1RD_1LA1LC_0LA1RB	CBT_SP_01
1RB0RB_1LC1RD_1LA1LC_0RB1RB	CBT_SP_01
1RB0RB_1LC1RD_1RB1LC_0LC1RA	CBT_SP2_05
1RB0RB_1RC---_1LD0RC_0LD0LA	CBT_DX2_08
1RB0RB_1RC---_1LD1RA_0RB0LD	CBT_QC_14
1RB0RB_1RC0LA_0LD0RA_1RA1LD	CBT_CE_02
1RB0RB_1RC0LA_1LD0RC_0LD1LA	CBT_DX2_08
1RB0RB_1RC0LA_1LD1RB_0RB0LD	CBT_QE_02
1RB0RB_1RC0LD_1LA0RC_1LD0LA	CBT_CE2_10
1RB0RB_1RC0LD_1LB0LA_0LD1RB	CBT_QC_14
1RB0RB_1RC0LD_1LD0LA_0RC1LA	CBT_DX2_08
1RB0RB_1RC0LD_1LD0LA_1RB1LA	CBT_DX2_08
1RB0RB_1RC0RA_1LC1LD_0LD1RB	CBT_QC_14
1RB0RB_1RC0RC_1LC0LD_1RA1LD	CBT_TI_01
1RB0RB_1RC1LB_0LD0RA_1LB0LD	CBT_NG_12
1RB0RB_1RC1LB_1LA1RD_0LB0RC	CBT_QC_14
1RB0RB_1RC1LD_0LB0RC_1LB0RA	CBT_QE_02
1RB0RB_1RC1LD_0LB0RC_1LB1RA	CBT_QE_02
1RB0RB_1RC1LD_0LD0RC_0LA1LA	CBT_CE2_10
1RB0RB_1RC1LD_1LA0LA_0LD0RC	CBT_DX2_08
1RB0RB_1RC1LD_1LA0LA_0LD1RB	CBT_QC_14
1RB0RB_1RC1LD_1LD0RA_1LB0LD	CBT_NG_12
1RB0RB_1RC1RA_0LD1LC_1RD1LB	CBT_NG_12
1RB0RB_1RC1RA_1LD0LA_1RA1LC	CBT_SP_01
1RB0RB_1RC1RA_1LD0RC_0RB0LC	CBT_SP_02
1RB0RB_1RC1RA_1LD1LB_0RB0LC	CBT_SP_02
1RB0RB_1RC1RA_1LD1LB_1LB0LC	CBT_SP_02
1RB0RB_1RC1RA_1LD1LB_1RB0LC	CBT_SP_02
1RB0RB_1RC1RA_1LD1LC_0RA0LC	CBT_LEFQ_00
1RB0RB_1RC1RB_0LC0LD_1RA1LD	CBT_DX1_06
1RB0RB_1RC1RB_0LD1RA_1RC1LD	CBT_SP_02
1RB0RB_1RC1RB_1LC0LD_1RA1LD	CBT_SP_02
1RB0RB_1RC1RB_1LD1LC_0RA0LD	CBT_LE_00
1RB0RB_1RC1RC_0LD1RA_1RB1LD	CBT_SPB_10
1RB0RB_1RC1RC_1LD0RC_0LD1LA	CBT_QC_14
1RB0RB_1RC1RD_0LC1LA_1LC0RD	CBT_QC_14
1RB0RB_1RC1RD_1LA1LC_1LC1RB	CBT_SP_02
1RB0RC_0LA---_0LD1RA_1RC1LD	CBT_SP_34
1RB0RC_0LA0LC_0RD1LB_1LC1RD	CBT_SP_34
1RB0RC_0LA0LD_1LD1RC_0RC1LB	CBT_SP_34
1RB0RC_0LA0RB_0LD1RC_1LA1LD	CBT_CE3_01
1RB0RC_0LA0RC_0LD1RB_1RC1LD	CBT_QC_14
1RB0RC_0LA1LC_0RD0LB_1LB1RD	CBT_DX2_08
1RB0RC_0LA1RA_0LD1RB_1RC1LD	CBT_CE_02
1RB0RC_0LA1RB_0LD0RB_1RC1LD	CBT_DX1_06
1RB0RC_0LA1RC_1LA1LD_0LD0RB	CBT_DX2_08
1RB0RC_0LA1RC_1LD0LD_1LA0RB	CBT_DX2_08
1RB0RC_0LA1RC_1LD1RB_1LA1LD	CBT_SP_02
1RB0RC_0LB0RC_0LD1RA_1RC1LD	CBT_SP_34
1RB0RC_0LB1LA_---1RD_1LB0RD	CBT_DX2_08
1RB0RC_0LB1LA_0LB1RD_1LC0RD	CBT_DX2_08
1RB0RC_0LB1LA_0RD1RC_1LB0RC	CBT_DX2_08
1RB0RC_0LB1LA_0RD1RC_1LB0RD	CBT_DX2_08
1RB0RC_0LB1LA_0RD1RD_1LB0RC	CBT_DX2_08
1RB0RC_0LB1LA_1LB1RD_1LC0RD	CBT_CE2_10
1RB0RC_0LB1LC_0LD1RA_1RC1LD	CBT_SP_34
1RB0RC_0LB1RC_0LD0RC_1LA1LD	CBT_CE2_11
1RB0RC_0LB1RC_0LD1RA_1RC1LD	CBT_SP_34
1RB0RC_0LB1RC_0LD1RB_1RA1LD	CBT_DX1_06
1RB0RC_0LB1RC_0RD0LA_1LB1RD	CBT_QC_14
1RB0RC_0LB1RC_0RD0RA_1LB1LD	CBT_CE2_02
1RB0RC_0LB1RC_1LB1LD_0RA1RA	CBT_QC_15
1RB0RC_0LB1RC_1LB1RD_0LA1LA	CBT_QC_15
1RB0RC_0LB1RC_1LB1RD_1LD0RA	CBT_QC_15
1RB0RC_0LB1RC_1LD0RA_1LB1RA	CBT_LE4_00
1RB0RC_0LB1RC_1LD0RC_0LB1RA	CBT_QC_15
1RB0RC_0LB1RC_1LD0RC_1LB1RA	CBT_LE6_02
1RB0RC_0LB1RC_1LD1RA_0RC0LD	CBT_CE2_04
1RB0RC_0LB1RC_1RD0LB_1LC0LA	CBT_QC_15
1RB0RC_0LB1RC_1RD0RA_1LD1LB	CBT_QC_15
1RB0RC_0LB1RC_1RD1LB_1LA0LA	CBT_QC_15
1RB0RC_0LC0RA_1LA0LD_1RA1LC	CBT_LEF_02
1RB0RC_0LC0RA_1LA0LD_1RA1LD	CBT_CE_02
1RB0RC_0LC0RA_1RA0LD_1LC1LA	CBT_SW_04
1RB0RC_0LC0RA_1RD0LD_1RA1LD	CBT_CE_02
1RB0RC_0LC0RB_1LA1LD_1LC---	CBT_DX2_08
1RB0RC_0LC0RB_1LC1LD_1RA1RB	CBT_DXS_00
1RB0RC_0LC0RB_1LD1LC_1LA0LB	CBT_LEFQ_00
1RB0RC_0LC0RB_1LD1LC_1LA1LB	CBT_LEFQ_00
1RB0RC_0LC0RB_1RA1LD_0LC0LA	CBT_SP_02
1RB0RC_0LC0RB_1RA1LD_0RB0LA	CBT_SP_02
1RB0RC_0LC0RB_1RA1LD_1LA0LA	CBT_SP_02
1RB0RC_0LC0RB_1RA1LD_1LB0LA	CBT_SP_02
1RB0RC_0LC0RB_1RA1LD_1RB0LA	CBT_SP_02
1RB0RC_0LC0RB_1RA1LD_1RD0LA	CBT_SP_02
1RB0RC_0LC0RC_0LD1LC_1RA1LA	CBT_SP_02
1RB0RC_0LC0RD_1LA1LB_0RA0RB	CBT_RW_03
1RB0RC_0LC0RD_1LA1LC_0LA1RB	CBT_NG_12
1RB0RC_0LC0RD_1LA1LC_0LC1RB	CBT_NG_12
1RB0RC_0LC0RD_1RA1LD_0LC0LA	CBT_SP_02
1RB0RC_0LC1LA_0LB1RD_1LB0RD	CBT_LE_01
1RB0RC_0LC1LA_0LB1RD_1LC0RD	CBT_LE_01
1RB0RC_0LC1LA_0LC1RD_1LB0RD	CBT_DX2_08
1RB0RC_0LC1LA_0RD1LB_1LC1RD	CBT_SPB_10
1RB0RC_0LC1LA_1LB1RD_1LC0RD	CBT_SP_34
1RB0RC_0LC1LB_0RD1LB_1RA1RC	CBT_DX1_06
1RB0RC_0LC1LD_1RA1LB_1LB0LA	CBT_SP_02
1RB0RC_0LC1RA_0LD1LC_0RA1LA	CBT_SW_04
1RB0RC_0LC1RA_0LD1LC_0RA1LD	CBT_LE_07
1RB0RC_0LC1RA_0LD1LC_0RD1LA	CBT_SW_04
1RB0RC_0LC1RA_0LD1LC_1LA0RC	CBT_SP_02
1RB0RC_0LC1RA_0LD1LC_1LA1LA	CBT_SP_02
1RB0RC_0LC1RA_0LD1LC_1RA1LA	CBT_SPW_07
1RB0RC_0LC1RA_0LD1LC_1RC1LA	CBT_SP_02
1RB0RC_0LC1RA_0LD1LC_1RD1LA	CBT_SP_02
1RB0RC_0LC1RA_0LD1RC_1RB1LD	CBT_DX1_06
1RB0RC_0LC1RA_0RA1LD_0LC1LC	CBT_LE_07
1RB0RC_0LC1RA_1LA0LD_1LC0RA	CBT_SPB_26
1RB0RC_0LC1RA_1LD1RC_1RB1LD	CBT_SP_02
1RB0RC_0LC1RA_1RA1LD_0LC0LA	CBT_SP_02
1RB0RC_0LC1RA_1RA1LD_0RB0LA	CBT_SP_02
1RB0RC_0LC1RA_1RA1LD_1RB0LA	CBT_SP_02
1RB0RC_0LC1RA_1RA1LD_1RD0LA	CBT_SP_02
1RB0RC_0LC1RB_0LD1LC_1RD0RA	CBT_DX1_06
1RB0RC_0LC1RD_0LB1LA_1LB0RD	CBT_CE_02
1RB0RC_0LC1RD_0LB1LA_1LC0RD	CBT_CE_02
1RB0RC_0LC1RD_0LC1LA_1LB0RD	CBT_DX2_08
1RB0RC_0LC1RD_0LC1LA_1LC0RD	CBT_QC_15
1RB0RC_0LC1RD_0LD1LC_1RA1LA	CBT_SPW_07
1RB0RC_0LC1RD_1LB1LA_1LB0RD	CBT_LE6_04
1RB0RC_0LC1RD_1LB1LA_1LC0RD	CBT_DX2_08
1RB0RC_0LC1RD_1RA1LD_1RB0LA	CBT_SP_02
1RB0RC_0LC1RD_1RB0LD_1RA1LC	CBT_NG_12
1RB0RC_0RC0LA_0LD1RA_1LD0LA	CBT_RW_03
1RB0RC_0RC0LA_1LD1RC_1LB0LB	CBT_DX1_06
1RB0RC_0RC0LC_1LD0RB_1LD1RA	CBT_QC_15
1RB0RC_0RC0LD_0RD0RB_1LD1RA	CBT_QC_15
1RB0RC_0RC0LD_1LD0RB_1LD1RA	CBT_QC_15
1RB0RC_0RC0LD_1LD1RA_1LB0LD	CBT_HY2_00
1RB0RC_0RC0LD_1LD1RC_0LA1LB	CBT_SP_34
1RB0RC_0RC0LD_1LD1RC_1LB0LA	CBT_SP2_05
1RB0RC_0RC0LD_1RD1RA_1LB1LA	CBT_DX0_01
1RB0RC_0RC0RB_1LC1LD_1RA1RB	CBT_TI_02
1RB0RC_0RC1LA_1LD0RB_0LD1RC	CBT_SP_34
1RB0RC_0RC1LB_1LD1RC_0LB0LA	CBT_DX1_06
1RB0RC_0RC1LB_1LD1RC_1LA0LB	CBT_QS_06
1RB0RC_0RC1LD_1LB1RC_0LA0LB	CBT_SP_34
1RB0RC_0RC1LD_1RD1RA_1LB1LC	CBT_SPW_15
1RB0RC_0RC1RA_1LC0LD_1RB1LD	CBT_SP_02
1RB0RC_0RC1RC_1LD1RB_1LA0LB	CBT_SP_02
1RB0RC_0RC1RC_1LD1RB_1LA1LD	CBT_SP_02
1RB0RC_0RC1RD_0LC1LA_1LC0RD	CBT_QC_15
1RB0RC_1LA0LA_0RB1LD_1RC0LD	CBT_DX2_08
1RB0RC_1LA0LD_0RC1LB_1RC0LD	CBT_QC_15
1RB0RC_1LA0LD_1RC1LB_0LB0RC	CBT_QC_15
1RB0RC_1LA0LD_1RC1LD_0LB0RC	CBT_QC_15
1RB0RC_1LA0RA_0LD1RC_1LD1LB	CBT_SP2_05
1RB0RC_1LA0RD_0LB1LD_1LB1RA	CBT_NG_12
1RB0RC_1LA0RD_0LC0RB_1LC0RD	CBT_QC_15
1RB0RC_1LA0RD_0LC0RB_1LC1RD	CBT_QC_15
1RB0RC_1LA0RD_1LC1LB_0LC0RB	CBT_DX1_07
1RB0RC_1LA0RD_1LC1LB_0RC0RB	CBT_SP_02
1RB0RC_1LA0RD_1RA1LD_0LC0LA	CBT_SP_02
1RB0RC_1LA0RD_1RA1LD_0LC1RA	CBT_SPW_07
1RB0RC_1LA1LC_1LB0RD_0LB1RD	CBT_QC_15
1RB0RC_1LA1LC_1LB0RD_0LC1RD	CBT_QC_15
1RB0RC_1LA1LD_0LB1RC_1LB0RC	CBT_QC_15
1RB0RC_1LA1LD_0LB1RC_1LB1RA	CBT_SP2_05
1RB0RC_1LA1LD_0LD1RC_1LB0RC	CBT_QC_15
1RB0RC_1LA1LD_0RC1LA_1RC0LD	CBT_QC_15
1RB0RC_1LA1RA_0LD1LC_0RA1LD	CBT_SP2_05
1RB0RC_1LA1RA_0LD1LC_0RB1LD	CBT_LE2_01
1RB0RC_1LA1RA_0RA1LD_0LC1LC	CBT_SP2_05
1RB0RC_1LA1RA_1RA1LD_0LC0LA	CBT_SP_02
1RB0RC_1LA1RA_1RA1LD_0LC1RA	CBT_SP_02
1RB0RC_1LA1RB_0LD1LC_0RB1LD	CBT_DX1_07
1RB0RC_1LA1RC_0LD0RB_1RB1LD	CBT_QC_15
1RB0RC_1LA1RC_0RC1LD_1LA0LD	CBT_QC_15
1RB0RC_1LA1RC_1LD0RB_0RC0LD	CBT_QC_15
1RB0RC_1LA1RD_0LC1LA_1LC0RD	CBT_QC_15
1RB0RC_1LA1RD_0RD0LC_1LC0RB	CBT_QC_15
1RB0RC_1LA1RD_1RB1LC_0LC0RB	CBT_QC_15
1RB0RC_1LB1LC_1RD0LC_0RD1LA	CBT_QC_15
1RB0RC_1LB1RA_0LD1LC_0RB1LD	CBT_LEF_02
1RB0RC_1LB1RA_0RB0RD_0RC0LB	CBT_QC_15
1RB0RC_1LB1RA_0RB1LD_0LD1LC	CBT_LEF_02
1RB0RC_1LB1RA_0RD0LB_0RB0RA	CBT_CE_06
1RB0RC_1LB1RA_0RD0LB_0RB0RC	CBT_QC_15
1RB0RC_1LB1RA_0RD0LB_1LB0RC	CBT_QC_15
1RB0RC_1LB1RA_0RD0LD_1LB0RC	CBT_QC_15
1RB0RC_1LB1RA_1LB0RD_0RC0LB	CBT_QC_15
1RB0RC_1LB1RA_1LB0RD_0RC0LC	CBT_QC_15
1RB0RC_1LB1RA_1LC0LD_1RB1LD	CBT_SP_02
1RB0RC_1LB1RA_1LD0RC_0LD1RB	CBT_QC_15
1RB0RC_1LB1RC_0RC1LD_1LA0LD	CBT_QC_15
1RB0RC_1LB1RC_0RD0LB_0RB0RA	CBT_CE_06
1RB0RC_1LB1RC_1LD0RC_0LB1RA	CBT_QS_06
1RB0RC_1LB1RC_1RA1LD_0RC0LD	CBT_QC_15
1RB0RC_1LC0LA_0LD1RA_1LD0LA	CBT_RW_03
1RB0RC_1LC0LA_1RA1LD_0LC0LA	CBT_SPW_07
1RB0RC_1LC0LA_1RD0LB_1RB1RC	CBT_SP_02
1RB0RC_1LC0LB_1RA0LD_1LB1RB	CBT_HY3_01
1RB0RC_1LC0LB_1RA1LD_0RB0LA	CBT_SP_02
1RB0RC_1LC0LD_0LD1LD_1RA1LC	CBT_SP_02
1RB0RC_1LC0LD_1LB1RC_1RA1LD	CBT_DXS_00
1RB0RC_1LC0LD_1RA0LB_0LA0LC	CBT_NG_12
1RB0RC_1LC0LD_1RA0LB_0LA0RA	CBT_DX0_01
1RB0RC_1LC0LD_1RA0LB_0LA0RB	CBT_DX0_01
1RB0RC_1LC0LD_1RA0LB_0LA1LC	CBT_DX0_01
1RB0RC_1LC0LD_1RA0LB_1LB0LA	CBT_DX0_01
1RB0RC_1LC0LD_1RA0LB_1LB0LC	CBT_DX0_01
1RB0RC_1LC0LD_1RA0LB_1LB1LC	CBT_SPW_07
1RB0RC_1LC0LD_1RA0LB_1LC0RB	CBT_RW_03
1RB0RC_1LC0LD_1RA0LB_1LC0RD	CBT_RW_03
1RB0RC_1LC0RA_0LD1LB_1LA0LA	CBT_HY3_01
1RB0RC_1LC0RA_0LD1LB_1LA1LC	CBT_BR_09
1RB0RC_1LC0RA_0LD1LC_1LA0LA	CBT_SP_02
1RB0RC_1LC0RA_0LD1LC_1LA1RB	CBT_SPW_07
1RB0RC_1LC0RA_0RD0LB_1RA1RD	CBT_NG_12
1RB0RC_1LC0RA_1LD0LB_1RD1RA	CBT_SP_02
1RB0RC_1LC0RA_1RA0LD_1LC1LA	CBT_SPW_15
1RB0RC_1LC0RA_1RD0LB_0RA1RD	CBT_NG_12
1RB0RC_1LC0RA_1RD0LB_1LA1RC	CBT_SP_02
1RB0RC_1LC0RA_1RD0LB_1RA1RD	CBT_DX0_01
1RB0RC_1LC0RB_0LC0RD_1LA1RD	CBT_QC_15
1RB0RC_1LC0RB_0LC1RD_0RB1LA	CBT_QE_02
1RB0RC_1LC0RB_0LD1LA_0LD1RA	CBT_DX2_08
1RB0RC_1LC0RB_1LC1LD_1RA1RB	CBT_DXQ_01
1RB0RC_1LC0RB_1LD1LA_0LC1RA	CBT_DX2_08
1RB0RC_1LC0RB_1LD1LA_0LC1RC	CBT_DX2_08
1RB0RC_1LC0RB_1LD1LA_0LD1RC	CBT_CE2_17
1RB0RC_1LC0RB_1RA0LD_1LC1LB	CBT_RW_03
1RB0RC_1LC0RC_0LD1LC_1RA1LA	CBT_SP_14
1RB0RC_1LC0RC_1RA0LD_1LC0LB	CBT_RW_03
1RB0RC_1LC0RC_1RA0LD_1LC0LD	CBT_RW_03
1RB0RC_1LC0RC_1RA0LD_1LC1LB	CBT_HY_02
1RB0RC_1LC0RC_1RA0LD_1LC1LD	CBT_HY_05
1RB0RC_1LC0RC_1RA1LD_1RB0LD	CBT_NG_12
1RB0RC_1LC0RD_0LC1RD_0RB1LA	CBT_QE_02
1RB0RC_1LC0RD_1LA0LC_0RD0LA	CBT_DX2_08
1RB0RC_1LC0RD_1LA0LC_0RD1LC	CBT_QC_15
1RB0RC_1LC0RD_1LA1LB_0LB1RD	CBT_SP_34
1RB0RC_1LC0RD_1LA1LB_0LC1RD	CBT_SP_34
1RB0RC_1LC0RD_1LD0LB_1RB1RA	CBT_BR_03
1RB0RC_1LC0RD_1LD0LD_1RA0LB	CBT_RW_03
1RB0RC_1LC0RD_1RA0LD_1LC0LD	CBT_HY2_00
1RB0RC_1LC0RD_1RA1LD_0LC1RA	CBT_SPW_07
1RB0RC_1LC1LA_0LB1RD_1LB0RD	CBT_DX2_08
1RB0RC_1LC1LA_0LB1RD_1LC0RD	CBT_LE6_04
1RB0RC_1LC1LA_0LC1RD_1LB0RD	CBT_LE6_02
1RB0RC_1LC1LA_1RA1LD_0LB0LA	CBT_TI_00
1RB0RC_1LC1LA_1RD1LB_0LC0RD	CBT_SP_34
1RB0RC_1LC1LB_1RA0LD_0RB0LA	CBT_NG_12
1RB0RC_1LC1LB_1RA0LD_1RC0LA	CBT_DX1_07
1RB0RC_1LC1LB_1RA1RD_0LA0LB	CBT_AST_13
1RB0RC_1LC1LB_1RD0LB_1RA1RD	CBT_HY_05
1RB0RC_1LC1LD_0LB1RC_1RA1LD	CBT_QS_09
1RB0RC_1LC1LD_1RA0LB_0LC1LA	CBT_RW_03
1RB0RC_1LC1LD_1RA0LB_0LC1RA	CBT_RW_03
1RB0RC_1LC1LD_1RA0LB_0RC1RA	CBT_RW_03
1RB0RC_1LC1LD_1RA0LB_1LB---	CBT_SP_14
1RB0RC_1LC1LD_1RA0LB_1LC0LA	CBT_BR_03
1RB0RC_1LC1LD_1RA0LB_1LC0RA	CBT_DX1_13
1RB0RC_1LC1LD_1RA0LB_1LC1LA	CBT_BLC6_05
1RB0RC_1LC1LD_1RA0LB_1LC1RA	CBT_HY_02
1RB0RC_1LC1LD_1RA0LB_1LD1LA	CBT_RW_03
1RB0RC_1LC1LD_1RA0LB_1RB1LB	CBT_SP_14
1RB0RC_1LC1LD_1RA1LD_0LB0LA	CBT_SPW_08
1RB0RC_1LC1LD_1RA1LD_0LC0LA	CBT_SP_14
1RB0RC_1LC1LD_1RA1RB_1LB0LB	CBT_SPW_08
1RB0RC_1LC1LD_1RD1RA_1LB1LC	CBT_SP_14
1RB0RC_1LC1RA_0LC0LD_0RA1LB	CBT_DX2_08
1RB0RC_1LC1RA_0LD1LC_0RA1LD	CBT_SP2_05
1RB0RC_1LC1RA_0LD1LC_1LA0RC	CBT_SP_14
1RB0RC_1LC1RA_0LD1LC_1LA1LA	CBT_SP_14
1RB0RC_1LC1RA_0LD1LC_1RA1LA	CBT_SPW_08
1RB0RC_1LC1RA_0LD1LC_1RC1LA	CBT_SP_14
1RB0RC_1LC1RA_0LD1RC_1RB1LD	CBT_QS_06
1RB0RC_1LC1RA_0RB0LC_------	CBT_QE_02
1RB0RC_1LC1RA_0RD0LC_0RB1LA	CBT_CE2_11
1RB0RC_1LC1RA_0RD0LC_1LB0RB	CBT_QC_16
1RB0RC_1LC1RA_0RD0LC_1RA---	CBT_QC_16
1RB0RC_1LC1RA_1LD1RC_1RB1LD	CBT_SP_14
1RB0RC_1LC1RA_1RA0LD_0LB1LA	CBT_SP_14
1RB0RC_1LC1RA_1RA0LD_1LC0LD	CBT_HY_02
1RB0RC_1LC1RA_1RA0LD_1LC1LA	CBT_DX0_01
1RB0RC_1LC1RA_1RA1LD_0LC0LA	CBT_TI_01
1RB0RC_1LC1RA_1RA1LD_0LC1RA	CBT_SPW_08
1RB0RC_1LC1RA_1RD0LC_1LD0RB	CBT_QC_16
1RB0RC_1LC1RA_1RD1LB_0LC0RD	CBT_QC_16
1RB0RC_1LC1RB_0RA0LD_0LB0LC	CBT_NG_12
1RB0RC_1LC1RB_0RB1LD_0LC1LA	CBT_SPB_10
1RB0RC_1LC1RB_1RA0LD_1LC0LD	CBT_HY_02
1RB0RC_1LC1RC_1RA0LD_1LC0LD	CBT_HY_02
1RB0RC_1LC1RC_1RA0LD_1LC1LB	CBT_HY_02
1RB0RC_1LC1RC_1RA1LD_0LC0LA	CBT_SP_14
1RB0RC_1LC1RD_0LB1LA_1LB0RD	CBT_SP_34
1RB0RC_1LC1RD_0LB1LA_1LC0RD	CBT_LE6_04
1RB0RC_1LC1RD_0LC1LA_1LB0RD	CBT_CE2_17
1RB0RC_1LC1RD_0LC1LA_1LC0RD	CBT_QC_16
1RB0RC_1LC1RD_0LD1LC_1RA1LA	CBT_SPW_08
1RB0RC_1LC1RD_0RB0LC_1RA0RD	CBT_CE2_11
1RB0RC_1LC1RD_0RB0LC_1RB0LA	CBT_QE_02
1RB0RC_1LC1RD_0RB0LC_1RB1LA	CBT_QE_02
1RB0RC_1LC1RD_0RD0LC_1LC1RA	CBT_CE2_04
1RB0RC_1LC1RD_0RD0LC_1RA---	CBT_QC_16
1RB0RC_1LC1RD_1LA0LB_0RB0RC	CBT_SPW_08
1RB0RC_1LC1RD_1LA0LC_0RD1LC	CBT_QC_16
1RB0RC_1LC1RD_1RA0LB_1LB1LD	CBT_SP_14
1RB0RC_1LC1RD_1RA0LB_1LD0LA	CBT_SP_14
1RB0RC_1LC1RD_1RA1LD_0LC0LA	CBT_TI_01
1RB0RC_1RC---_0LD0RA_0LA1LD	CBT_DX2_08
1RB0RC_1RC---_1LD1RA_0LA1RA	CBT_NG_12
1RB0RC_1RC0LA_0LD0RB_1LB1LD	CBT_DX1_07
1RB0RC_1RC0LA_0LD1LC_1RA1LA	CBT_SP_15
1RB0RC_1RC0LA_0LD1RB_1LB1LD	CBT_SPW_08
1RB0RC_1RC0LA_1LD1RB_0RB0LD	CBT_QE_02
1RB0RC_1RC0LB_1LD1RD_1LA0LA	CBT_DX2_08
1RB0RC_1RC0LD_0LD1LD_1RA1LC	CBT_SP_15
1RB0RC_1RC0LD_1LB1RC_1RA1LD	CBT_DXS_00
1RB0RC_1RC0LD_1LD0LA_0RB1LA	CBT_DX2_08
1RB0RC_1RC0RA_0LD0LA_1RA1LD	CBT_NG_12
1RB0RC_1RC0RA_1LD0LC_1RB1LC	CBT_NG_12
1RB0RC_1RC0RA_1LD0LD_1LA1LD	CBT_BR_03
1RB0RC_1RC1LA_1LD0RC_0LD1RB	CBT_QC_16
1RB0RC_1RC1LB_0LB0RD_0LA1RD	CBT_DX1_07
1RB0RC_1RC1LB_0LB1RD_0LA0RC	CBT_QC_16
1RB0RC_1RC1LB_0LB1RD_0LA1RA	CBT_SPB_10
1RB0RC_1RC1LB_0LB1RD_0LB1RA	CBT_SPB_10
1RB0RC_1RC1LB_0LB1RD_0LD1RA	CBT_SPB_10
1RB0RC_1RC1LB_0LB1RD_0RA1RA	CBT_SPB_26
1RB0RC_1RC1LB_0LB1RD_1RB1RA	CBT_CE_06
1RB0RC_1RC1LB_0LC1RD_0LB1RA	CBT_SPB_10
1RB0RC_1RC1LB_0LD0RA_1LA0LD	CBT_NG_12
1RB0RC_1RC1LB_0LD0RA_1LB0LD	CBT_NG_12
1RB0RC_1RC1LB_0LD1RA_1LB1RD	CBT_LEF_02
1RB0RC_1RC1LB_1LA1RD_0LB0RC	CBT_QC_16
1RB0RC_1RC1LB_1LD0RA_0LD1RA	CBT_DX0_01
1RB0RC_1RC1LB_1LD0RC_0LB0LA	CBT_HY_02
1RB0RC_1RC1LB_1LD1RA_0LD0LC	CBT_AST_12
1RB0RC_1RC1LB_1LD1RA_1RD0LB	CBT_LEF_02
1RB0RC_1RC1LB_1LD1RC_0LB0LA	CBT_SP_15
1RB0RC_1RC1LC_0LD1RA_1LB1LD	CBT_HY3_03
1RB0RC_1RC1LC_1LD1RA_1LB0LB	CBT_RW_03
1RB0RC_1RC1LD_0LB0RA_1RA1LB	CBT_CE_06
1RB0RC_1RC1LD_0LB0RC_1LB0LA	CBT_QE_02
1RB0RC_1RC1LD_0LB0RC_1LB0RA	CBT_QE_02
1RB0RC_1RC1LD_0LB1RA_1LB0RA	CBT_CE3_05
1RB0RC_1RC1LD_0LB1RC_1RA1LD	CBT_QS_09
1RB0RC_1RC1LD_0LD0RC_1LB0LA	CBT_QE_02
1RB0RC_1RC1LD_0LD0RC_1LB1LA	CBT_QE_02
1RB0RC_1RC1LD_1LB0RA_0LC1LC	CBT_RW_03
1RB0RC_1RC1LD_1LD0RA_1LB0LD	CBT_CE2_11
1RB0RC_1RC1LD_1RD1RA_1LB1LC	CBT_SPW_15
1RB0RC_1RC1RA_0LD1LC_0RA1LD	CBT_LE_05
1RB0RC_1RC1RA_0LD1LC_0RB1LD	CBT_LE2_01
1RB0RC_1RC1RA_0LD1RC_1RB1LD	CBT_QS_06
1RB0RC_1RC1RA_1LD0RB_1LA0LC	CBT_DX0_01
1RB0RC_1RC1RA_1LD1LA_0RA0LD	CBT_DX2_08
1RB0RC_1RC1RA_1LD1RC_1RB1LD	CBT_SP_15
1RB0RC_1RC1RB_0LD1LC_0RA1LA	CBT_SPW_08
1RB0RC_1RC1RB_0LD1LC_0RD1LA	CBT_SPW_08
1RB0RC_1RC1RB_0LD1LC_1RA1LA	CBT_SP_15
1RB0RC_1RC1RB_0LD1RA_1LB1LD	CBT_TA_05
1RB0RC_1RC1RD_0LC1LA_1LC0RD	CBT_QC_16
1RB0RD_0LB0LC_1LD1LB_1RA1RD	CBT_LE_07
1RB0RD_0LB0LC_1RA1LC_1RB1RD	CBT_DX1_07
1RB0RD_0LB0LC_1RA1LD_0LC1LC	CBT_SP_15
1RB0RD_0LB0LC_1RA1LD_1LC0RA	CBT_DX2_08
1RB0RD_0LB0LC_1RD1LC_0LC1RA	CBT_DX2_09
1RB0RD_0LB1LC_0RC1RA_1LB0RD	CBT_DX2_09
1RB0RD_0LB1LC_1RA1LB_1RA0RD	CBT_RW_03
1RB0RD_0LB1LC_1RA1LB_1RA1RD	CBT_BLC3_02
1RB0RD_0LB1LC_1RD0LA_1RA1RC	CBT_SP_15
1RB0RD_0LB1LC_1RD0LC_0RD1LA	CBT_QC_16
1RB0RD_0LB1LC_1RD1LB_1RA0RD	CBT_RW_03
1RB0RD_0LB1LC_1RD1LC_0LC1RA	CBT_SP_34
1RB0RD_0LB1RC_1LB1RD_1LA0RC	CBT_QC_16
1RB0RD_0LB1RC_1LC1RA_1LB0RD	CBT_QC_16
1RB0RD_0LB1RC_1LD0RC_0LB1LA	CBT_DX2_09
1RB0RD_0LB1RC_1LD0RC_0LD1LA	CBT_QC_16
1RB0RD_0LB1RC_1LD0RC_1LB1LA	CBT_CE2_17
1RB0RD_0LB1RC_1LD1RA_0RC0LD	CBT_CE2_04
1RB0RD_0LB1RC_1RD1LA_1LB0RD	CBT_QC_16
1RB0RD_0LC---_1RD1LC_0LC1RA	CBT_SP_34
1RB0RD_0LC0LA_1RC0RD_1LB1RD	CBT_SP_15
1RB0RD_0LC0LB_1RC1RD_1LA1LB	CBT_TI_02
1RB0RD_0LC0LD_1RD1LC_1RA0RB	CBT_NG_12
1RB0RD_0LC0RA_1LA1LC_0LA1RD	CBT_DX1_07
1RB0RD_0LC0RA_1LA1LC_1LD1LB	CBT_SPW_08
1RB0RD_0LC0RA_1LA1LD_1LC1LB	CBT_SP_15
1RB0RD_0LC0RA_1LA1RD_1LD1LB	CBT_SP_15
1RB0RD_0LC0RA_1RA1LC_0LA0LC	CBT_CE_02
1RB0RD_0LC0RA_1RA1LC_0LC0LC	CBT_SP2_05
1RB0RD_0LC0RA_1RA1LC_1LD0LC	CBT_SP2_05
1RB0RD_0LC0RB_0LD1LC_1RA0RD	CBT_LE_07
1RB0RD_0LC0RB_1LA1LC_0LA1RD	CBT_CE3_04
1RB0RD_0LC0RB_1LA1LC_0LC1RD	CBT_LE_00
1RB0RD_0LC0RB_1LA1RC_1LC1LD	CBT_QC_16
1RB0RD_0LC0RB_1LD1RC_1LA1LC	CBT_QC_16
1RB0RD_0LC0RB_1LD1RD_1LA1LC	CBT_QC_16
1RB0RD_0LC0RC_0RC1LD_1LA0LD	CBT_QC_16
1RB0RD_0LC0RD_1LD0LC_1RA0LA	CBT_NG_12
1RB0RD_0LC0RD_1LD0LC_1RA0LB	CBT_NG_12
1RB0RD_0LC0RD_1LD1LA_1RA0LB	CBT_NG_12
1RB0RD_0LC1RA_0LA1LA_1RA1LC	CBT_SP_15
1RB0RD_0LC1RA_0LC1RD_1LB0RD	CBT_QC_16
1RB0RD_0LC1RA_0RA1LC_1LA1LB	CBT_LE_07
1RB0RD_0LC1RA_0RA1LC_1LB1LB	CBT_LE_05
1RB0RD_0LC1RA_0RB1LC_1LA1LB	CBT_LE_04
1RB0RD_0LC1RA_0RB1LC_1LB0LA	CBT_NG_12
1RB0RD_0LC1RA_0RB1LC_1LB0LB	CBT_NG_12
1RB0RD_0LC1RA_0RB1LC_1LB0LD	CBT_NG_12
1RB0RD_0LC1RA_0RB1LC_1LB1LB	CBT_LEF_02
1RB0RD_0LC1RA_1LA0RD_1RC1LB	CBT_SP_15
1RB0RD_0LC1RA_1LA1LB_1RC1LB	CBT_SP_15
1RB0RD_0LC1RA_1LA1LB_1RC1RB	CBT_SP_15
1RB0RD_0LC1RA_1LA1LD_0RB1LB	CBT_BR_03
1RB0RD_0LC1RA_1LB1RC_1LB0RD	CBT_LE6_04
1RB0RD_0LC1RA_1LB1RC_1LC0RD	CBT_QC_16
1RB0RD_0LC1RA_1LB1RD_1LB0RD	CBT_LE6_04
1RB0RD_0LC1RA_1LB1RD_1LC0RD	CBT_QC_16
1RB0RD_0LC1RA_1LC1RD_1LB0RD	CBT_QS_06
1RB0RD_0LC1RA_1RB1LC_0LB0RB	CBT_NG_12
1RB0RD_0LC1RA_1RB1LC_0LC1RD	CBT_DX1_07
1RB0RD_0LC1RA_1RB1LC_0LD0RB	CBT_NG_12
1RB0RD_0LC1RA_1RB1LC_0RB1RD	CBT_SP_15
1RB0RD_0LC1RA_1RB1LC_1LC1RD	CBT_SP_15
1RB0RD_0LC1RA_1RB1LC_1RB1RD	CBT_SP_15
1RB0RD_0LC1RA_1RD1LC_0LA1RB	CBT_CE_02
1RB0RD_0LC1RA_1RD1LC_0LB1RB	CBT_SPB_10
1RB0RD_0LC1RA_1RD1LC_0LC1RB	CBT_SPB_10
1RB0RD_0LC1RA_1RD1LC_0LD1RB	CBT_SPB_10
1RB0RD_0LC1RA_1RD1LC_1LC1RB	CBT_SPB_10
1RB0RD_0LC1RA_1RD1LC_1RB1RB	CBT_SPB_10
1RB0RD_0LC1RB_1RA1LC_0LA1RB	CBT_DX1_07
1RB0RD_0LC1RB_1RA1LC_0LC1RB	CBT_DX1_07
1RB0RD_0LC1RB_1RA1LC_1LA1RB	CBT_DX1_07
1RB0RD_0LC1RB_1RA1LC_1LD1RB	CBT_QS_06
1RB0RD_0LC1RC_0RA1LD_1RC0LD	CBT_HY3_03
1RB0RD_0LC1RD_1LA1LC_0LC0RD	CBT_CE2_11
1RB0RD_0LC1RD_1LD1LA_1RA1LB	CBT_RW_03
1RB0RD_0LC1RD_1RA1LC_0LC1RB	CBT_DX1_07
1RB0RD_0LC1RD_1RB1LC_0LA0RB	CBT_SP_34
1RB0RD_0RC0LB_1LD1RA_1LB0LC	CBT_SP_15
1RB0RD_0RC0LB_1LD1RC_0LA1LB	CBT_NG_12
1RB0RD_0RC0LD_1LB1RC_0LA0LB	CBT_NG_12
1RB0RD_0RC0LD_1LB1RC_0LA1LB	CBT_NG_12
1RB0RD_0RC0LD_1LD1RA_1LB0LD	CBT_HY2_00
1RB0RD_0RC0LD_1LD1RC_0LA1LB	CBT_DX2_09
1RB0RD_0RC0RA_1LC1RA_0RB0LC	CBT_CE_05
1RB0RD_0RC0RA_1LC1RB_0RB0LC	CBT_CE_05
1RB0RD_0RC0RB_1LC0LA_1LD1RB	CBT_SP_15
1RB0RD_0RC0RB_1LC0LA_1RD1LB	CBT_SP_15
1RB0RD_0RC0RB_1LD0LA_1LC1RB	CBT_SP_15
1RB0RD_0RC0RD_1LC1RA_0RB0LC	CBT_QC_16
1RB0RD_0RC1LA_1LD0RB_0LD1RC	CBT_QE_02
1RB0RD_0RC1LB_1LA1RC_0LB1LD	CBT_DX1_07
1RB0RD_0RC1LB_1LA1RD_1RC0LB	CBT_SP_34
1RB0RD_0RC1LB_1LD1RC_0LB0LA	CBT_DX1_07
1RB0RD_0RC1LB_1LD1RC_1LA0LB	CBT_QS_06
1RB0RD_0RC1LD_1LB1RC_0LA0LB	CBT_SP_34
1RB0RD_0RC1LD_1LD1RC_0LA0LB	CBT_NG_00
1RB0RD_0RC1RA_0RD1RB_1LD0LA	CBT_DX0_01
1RB0RD_0RC1RA_1LB0LC_1LC0RD	CBT_QC_16
1RB0RD_0RC1RA_1LD1LA_1LD0LA	CBT_DX1_07
1RB0RD_0RC1RA_1LD1RB_1LA0LC	CBT_SPW_08
1RB0RD_0RC1RA_1LD1RB_1LB0LC	CBT_SP_15
1RB0RD_0RC1RB_1LD0RB_0LD1LA	CBT_DX2_09
1RB0RD_0RC1RB_1LD0RC_0LD1LA	CBT_DX2_09
1RB0RD_0RC1RC_1LC0LA_0RA0RB	CBT_SP_15
1RB0RD_0RC1RC_1LC0LA_0RB---	CBT_SP_15
1RB0RD_0RC1RC_1LD0RB_0LD1LA	CBT_DX2_09
1RB0RD_0RC1RC_1LD0RC_0LD1LA	CBT_QC_16
1RB0RD_0RC1RD_1LA1LC_0LC0RD	CBT_CE2_11
1RB0RD_0RC1RD_1LC0LA_0RB0LA	CBT_SP_15
1RB0RD_1LB0LC_1LD1LB_1RA1RD	CBT_HY2_01
1RB0RD_1LB0LC_1RA1LC_0LB1RC	CBT_SP_15
1RB0RD_1LB0LC_1RA1LC_1RB1RD	CBT_SP_15
1RB0RD_1LB0LC_1RA1LD_0LC1LC	CBT_SPW_15
1RB0RD_1LB0LC_1RD1LC_0LC1RA	CBT_SP_34
1RB0RD_1LB0RC_0RC1LD_1LA0LD	CBT_QC_16
1RB0RD_1LB1LC_0LD0LA_1RA1LC	CBT_SP_15
1RB0RD_1LB1LC_1LD0LA_1RA0LC	CBT_SP_15
1RB0RD_1LB1LC_1RA1LC_0LB1RD	CBT_QS_10
1RB0RD_1LB1LC_1RD0LC_0RD1LA	CBT_QC_16
1RB0RD_1LB1RC_0RC1LD_1LA0LD	CBT_QC_16
1RB0RD_1LB1RC_1LD0RC_0LD1LA	CBT_QC_16
1RB0RD_1LB1RC_1RA1LD_0RC0LD	CBT_QC_16
1RB0RD_1LC---_1RA1LB_0LB0RA	CBT_QC_17
1RB0RD_1LC---_1RA1LB_0LB0RD	CBT_QC_17
1RB0RD_1LC0LA_0LB1RA_1LB0RD	CBT_SP_38
1RB0RD_1LC0LA_0LD1LB_1RA1LC	CBT_SP_15
1RB0RD_1LC0LA_0RA0LB_1LB1RA	CBT_LEF_02
1RB0RD_1LC0LA_0RA1LB_1RA0LB	CBT_SPB_27
1RB0RD_1LC0LA_1LD1LB_1RA0LC	CBT_SP_15
1RB0RD_1LC0LA_1RD0LB_1RA1RC	CBT_SP_15
1RB0RD_1LC0LA_1RD1LA_0LB1RC	CBT_NG_12
1RB0RD_1LC0LB_0RA0LD_1RD1RB	CBT_DXS_00
1RB0RD_1LC0LB_0RA1LB_1RA1RC	CBT_LE_07
1RB0RD_1LC0LB_0RA1LB_1RA1RD	CBT_NG_12
1RB0RD_1LC0LB_0RB1RA_1LB0RD	CBT_QC_16
1RB0RD_1LC0LB_1LD0LB_1RD0RA	CBT_CE2_12
1RB0RD_1LC0LB_1LD1LA_1RA0LC	CBT_DX0_01
1RB0RD_1LC0LB_1LD1LB_1RA0LC	CBT_AST_14
1RB0RD_1LC0LB_1RA1LB_1RA0RB	CBT_NG_12
1RB0RD_1LC0LB_1RA1LC_1LC0LC	CBT_SP_15
1RB0RD_1LC0LC_1LD0LB_1RD0RA	CBT_CE2_12
1RB0RD_1LC0LC_1RA1LB_0RA0RB	CBT_DX0_01
1RB0RD_1LC0LC_1RA1LB_0RC0RB	CBT_DX0_01
1RB0RD_1LC0LC_1RA1LB_0RC0RD	CBT_CE2_12
1RB0RD_1LC0LC_1RA1LC_1LB1RD	CBT_DXS_00
1RB0RD_1LC0LC_1RA1LD_0LC1LC	CBT_SP_15
1RB0RD_1LC0LD_1LD0LC_1RA1RA	CBT_NG_12
1RB0RD_1LC0LD_1LD1LB_1RA0LC	CBT_DX0_01
1RB0RD_1LC0RA_0LD0LC_1LA1LB	CBT_NG_12
1RB0RD_1LC0RA_0LD1LB_1LA1LC	CBT_SP_15
1RB0RD_1LC0RA_1LA0LB_0RC0LA	CBT_DX0_01
1RB0RD_1LC0RA_1LA0LB_0RC0LC	CBT_DX0_01
1RB0RD_1LC0RA_1LA0LB_0RC0RB	CBT_DX0_01
1RB0RD_1LC0RA_1LA0LB_0RC0RC	CBT_RW_03
1RB0RD_1LC0RA_1LA0LB_0RC1RB	CBT_DX0_01
1RB0RD_1LC0RA_1LA0LB_1RA0RC	CBT_DX0_01
1RB0RD_1LC0RA_1LA0LB_1RA1RB	CBT_SPW_08
1RB0RD_1LC0RA_1LA0LB_1RB0LA	CBT_RW_03
1RB0RD_1LC0RA_1LA0LB_1RB0LD	CBT_RW_03
1RB0RD_1LC0RA_1LA1LB_1LA0LB	CBT_SP_15
1RB0RD_1LC0RA_1LA1LC_0RC0LB	CBT_NG_12
1RB0RD_1LC0RA_1LA1LC_1LD0LC	CBT_MB_01
1RB0RD_1LC0RA_1LA1LC_1RB0LB	CBT_AST_07
1RB0RD_1LC0RA_1LD0LB_1RB0LB	CBT_RW_03
1RB0RD_1LC0RA_1LD1LB_1LA0LC	CBT_SP_15
1RB0RD_1LC0RA_1LD1LB_1RB1LA	CBT_SPW_15
1RB0RD_1LC0RA_1RA1LB_0RC1RB	CBT_DX0_01
1RB0RD_1LC0RA_1RB1LC_1LD0LC	CBT_AST_03
1RB0RD_1LC0RA_1RD0LB_0LA1RC	CBT_SP_15
1RB0RD_1LC0RA_1RD0LB_1LB1RB	CBT_SP_15
1RB0RD_1LC0RA_1RD0LB_1LB1RC	CBT_SP_15
1RB0RD_1LC0RA_1RD1LB_0LC0RD	CBT_QE_02
1RB0RD_1LC0RB_0LC1RA_1LD1LA	CBT_DX2_09
1RB0RD_1LC0RB_0LC1RD_0LA0RB	CBT_DX2_09
1RB0RD_1LC0RB_0LC1RD_0LA1LA	CBT_DX2_09
1RB0RD_1LC0RB_0LC1RD_0RB1LA	CBT_QE_02
1RB0RD_1LC0RB_0LC1RD_1LA0LA	CBT_DX2_09
1RB0RD_1LC0RB_0LC1RD_1LA1LA	CBT_DX2_09
1RB0RD_1LC0RB_0LC1RD_1LC1LA	CBT_DX2_09
1RB0RD_1LC0RC_0RC1LD_1LA0LD	CBT_QC_16
1RB0RD_1LC0RC_1LD0LC_1RA0LC	CBT_HY2_00
1RB0RD_1LC0RC_1RA0LB_1RB---	CBT_DX0_01
1RB0RD_1LC0RC_1RA0LD_0LC1LD	CBT_HY2_00
1RB0RD_1LC0RC_1RA0LD_1RC0LB	CBT_DX0_01
1RB0RD_1LC0RC_1RA1LC_1LD0LC	CBT_DX1_07
1RB0RD_1LC0RC_1RA1LD_0LC1LC	CBT_SP_15
1RB0RD_1LC0RD_0LB1RA_1LB0RB	CBT_QC_16
1RB0RD_1LC0RD_1LA1LB_0LB1RA	CBT_DX1_07
1RB0RD_1LC0RD_1LA1LB_0LB1RD	CBT_SP_38
1RB0RD_1LC0RD_1LA1LB_0LC1RD	CBT_SP_38
1RB0RD_1LC0RD_1LA1LB_1RB1RA	CBT_SP_15
1RB0RD_1LC0RD_1LB1RA_0RB0LB	CBT_QC_16
1RB0RD_1LC0RD_1LC1RA_0RB0LB	CBT_QC_16
1RB0RD_1LC0RD_1LC1RA_0RB0LC	CBT_QC_16
1RB0RD_1LC0RD_1RA1LB_0LB1RD	CBT_QC_16
1RB0RD_1LC0RD_1RA1LB_0LC1RD	CBT_QC_16
1RB0RD_1LC1LA_0LC1RD_0LA0RB	CBT_DX2_09
1RB0RD_1LC1LA_0LC1RD_0RB0RB	CBT_DX2_09
1RB0RD_1LC1LA_0LC1RD_0RB0RD	CBT_DX2_09
1RB0RD_1LC1LA_0LC1RD_1LC0RB	CBT_DX2_09
1RB0RD_1LC1LA_1RD1LB_0LC0RD	CBT_QE_02
1RB0RD_1LC1LB_0RA0LB_0LC1RA	CBT_NG_12
1RB0RD_1LC1LB_0RA0LB_1RB1RA	CBT_LEFQ_00
1RB0RD_1LC1LB_0RA0LB_1RC1RA	CBT_NG_12
1RB0RD_1LC1LB_0RA0LC_1RA1RD	CBT_CE3_01
1RB0RD_1LC1LB_0RA0LC_1RB1RD	CBT_LE_00
1RB0RD_1LC1LB_0RA1RD_1RA0LB	CBT_NG_12
1RB0RD_1LC1LB_0RD0LC_1RA1RD	CBT_NG_12
1RB0RD_1LC1LB_0RD1RC_1LA1RA	CBT_SP_15
1RB0RD_1LC1LB_1LD0LD_1RA0LC	CBT_SP_15
1RB0RD_1LC1LB_1LD1LB_1RA0LC	CBT_SP_15
1RB0RD_1LC1LB_1LD1RB_1RA0LC	CBT_SP_15
1RB0RD_1LC1LB_1RA0LC_0LB0RD	CBT_DX2_09
1RB0RD_1LC1LB_1RA0LD_0LC1LC	CBT_SPW_08
1RB0RD_1LC1LB_1RD0LB_0RD1RA	CBT_DX1_07
1RB0RD_1LC1LB_1RD0LB_1RD1RA	CBT_BLC6_09
1RB0RD_1LC1LB_1RD1RC_0LB1RA	CBT_TA_05
1RB0RD_1LC1LC_1RA1LC_0LB1RD	CBT_QS_09
1RB0RD_1LC1LD_0RA0LB_1LB1RA	CBT_SPB_27
1RB0RD_1LC1LD_0RD1LB_1RB1RA	CBT_SPW_16
1RB0RD_1LC1LD_1LA1LB_1RB1RA	CBT_SPW_16
1RB0RD_1LC1LD_1LD1LB_1RA0LC	CBT_SP_15
1RB0RD_1LC1LD_1LD1LB_1RB1RA	CBT_SP_15
1RB0RD_1LC1LD_1RC1LB_1RB1RA	CBT_SP_15
1RB0RD_1LC1LD_1RD0LB_0RA1RC	CBT_NG_12
1RB0RD_1LC1LD_1RD1LB_1RB1RA	CBT_SPW_16
1RB0RD_1LC1RA_---0LD_1LA1RB	CBT_RW_03
1RB0RD_1LC1RA_0LB1LA_1RA0LB	CBT_SP_15
1RB0RD_1LC1RA_0LC1RD_1LB0RD	CBT_CE3_05
1RB0RD_1LC1RA_0LD1LD_0RA1LC	CBT_SP2_05
1RB0RD_1LC1RA_0RA1LB_1RC0LB	CBT_SPB_27
1RB0RD_1LC1RA_0RA1LC_0LC1LD	CBT_SP2_05
1RB0RD_1LC1RA_0RB0LC_0LA---	CBT_QE_02
1RB0RD_1LC1RA_0RB0LC_0LC---	CBT_QE_02
1RB0RD_1LC1RA_0RB0LC_0LD0LB	CBT_QE_02
1RB0RD_1LC1RA_0RB0LC_0LD0LC	CBT_QE_02
1RB0RD_1LC1RA_0RB0LC_0LD0RB	CBT_QE_02
1RB0RD_1LC1RA_0RB0LC_0LD0RC	CBT_QE_02
1RB0RD_1LC1RA_0RB0LC_0LD1LA	CBT_QE_02
1RB0RD_1LC1RA_0RB0LC_0LD1LC	CBT_QE_02
1RB0RD_1LC1RA_0RB0LC_0LD1RA	CBT_QE_02
1RB0RD_1LC1RA_0RB0LC_0LD1RC	CBT_QE_03
1RB0RD_1LC1RA_0RB0LC_0RB---	CBT_QE_03
1RB0RD_1LC1RA_0RB0LC_0RC---	CBT_QE_03
1RB0RD_1LC1RA_0RB0LC_1LA---	CBT_QE_03
1RB0RD_1LC1RA_0RB0LC_1LB0LA	CBT_QE_03
1RB0RD_1LC1RA_0RB0LC_1LB0LC	CBT_QE_03
1RB0RD_1LC1RA_0RB0LC_1LB0RB	CBT_QE_03
1RB0RD_1LC1RA_0RB0LC_1LB0RC	CBT_QE_03
1RB0RD_1LC1RA_0RB0LC_1LB1LA	CBT_QE_03
1RB0RD_1LC1RA_0RB0LC_1LB1LC	CBT_QE_03
1RB0RD_1LC1RA_0RB0LC_1LB1RA	CBT_QE_03
1RB0RD_1LC1RA_0RB0LC_1LB1RC	CBT_QE_03
1RB0RD_1LC1RA_0RB0LC_1LC---	CBT_QE_03
1RB0RD_1LC1RA_0RB0LC_1LD0LC	CBT_QE_03
1RB0RD_1LC1RA_0RB0LC_1LD1LA	CBT_QE_03
1RB0RD_1LC1RA_0RB0LC_1LD1LC	CBT_QE_03
1RB0RD_1LC1RA_0RB0LC_1LD1RA	CBT_QE_03
1RB0RD_1LC1RA_0RB0LC_1LD1RC	CBT_QE_03
1RB0RD_1LC1RA_0RB0LC_1RA---	CBT_QE_03
1RB0RD_1LC1RA_0RB0LC_1RC---	CBT_QE_03
1RB0RD_1LC1RA_0RB0LD_1LC1LB	CBT_DX1_07
1RB0RD_1LC1RA_0RB1LC_0LC1LD	CBT_LE2_01
1RB0RD_1LC1RA_0RC1LA_1RA0LB	CBT_SP_16
1RB0RD_1LC1RA_0RD0LC_1RA---	CBT_QC_16
1RB0RD_1LC1RA_1LA1LB_0LC1RD	CBT_SP2_05
1RB0RD_1LC1RA_1LD0LC_1RA0LC	CBT_HY_02
1RB0RD_1LC1RA_1LD0LC_1RA0RA	CBT_NG_12
1RB0RD_1LC1RA_1LD0LC_1RA0RD	CBT_NG_12
1RB0RD_1LC1RA_1LD0LC_1RA1LD	CBT_HY_02
1RB0RD_1LC1RA_1LD0LD_1RA0LC	CBT_HY_02
1RB0RD_1LC1RA_1RB1LA_1RA0LB	CBT_SP_16
1RB0RD_1LC1RA_1RB1LC_0LC1RD	CBT_QS_06
1RB0RD_1LC1RA_1RB1LC_1LC1RD	CBT_SP_16
1RB0RD_1LC1RB_0LB1RA_1LB0RD	CBT_QC_17
1RB0RD_1LC1RB_0LB1RA_1LC0RD	CBT_LE6_04
1RB0RD_1LC1RB_1LD0LC_1RA0LC	CBT_HY_02
1RB0RD_1LC1RB_1LD0LC_1RA0RA	CBT_NG_12
1RB0RD_1LC1RB_1LD0LC_1RA0RD	CBT_NG_12
1RB0RD_1LC1RB_1LD0LC_1RA1LD	CBT_HY_02
1RB0RD_1LC1RB_1LD0LC_1RA1RA	CBT_NG_00
1RB0RD_1LC1RD_0LB1RA_1LB0RD	CBT_QC_17
1RB0RD_1LC1RD_0LB1RA_1LC0RD	CBT_LE6_04
1RB0RD_1LC1RD_0LC1RB_1LA0RB	CBT_QC_17
1RB0RD_1LC1RD_0RA1LB_1LA0LC	CBT_NG_12
1RB0RD_1LC1RD_0RB0LC_1RB1LA	CBT_SP_38
1RB0RD_1LC1RD_0RD0LC_1LC1RA	CBT_CE2_04
1RB0RD_1LC1RD_0RD0LC_1RA---	CBT_QC_17
1RB0RD_1LC1RD_1LA0LC_0RD1LC	CBT_QC_17
1RB0RD_1LC1RD_1LA0LC_1RA1LD	CBT_DX2_09
1RB0RD_1LC1RD_1LA1LC_0LB0RD	CBT_LE_06
1RB0RD_1LC1RD_1LA1LC_0RA1RB	CBT_SP_16
1RB0RD_1LC1RD_1LA1LC_1LA1RB	CBT_SP_16
1RB0RD_1LC1RD_1LA1LC_1RC1RB	CBT_SP_16
1RB0RD_1LC1RD_1LD0LC_1RA0LC	CBT_HY_02
1RB0RD_1LC1RD_1LD0LC_1RA0RA	CBT_NG_12
1RB0RD_1LC1RD_1LD0LC_1RA0RD	CBT_NG_13
1RB0RD_1LC1RD_1LD0LC_1RA1LD	CBT_HY_02
1RB0RD_1LC1RD_1LD0LD_1RA0LC	CBT_DX0_01
1RB0RD_1LC1RD_1LD1LB_1RA0LC	CBT_SP_16
1RB0RD_1RC---_0LA1RA_1LD0LA	CBT_DX1_07
1RB0RD_1RC---_1LD1RA_0RB0LD	CBT_QC_17
1RB0RD_1RC---_1RD1LC_0LC1RA	CBT_LEF_02
1RB0RD_1RC0LA_1LD1RB_0RB0LD	CBT_QE_03
1RB0RD_1RC0LB_1LD1LB_1RA0LC	CBT_DX0_01
1RB0RD_1RC0LC_1LD1RA_0RC0LD	CBT_CE2_11
1RB0RD_1RC0LD_0LA1RB_1LC1LB	CBT_SPW_08
1RB0RD_1RC0LD_1LB1RA_0LC1RC	CBT_NG_13
1RB0RD_1RC0RA_1LD0RB_1LB0LC	CBT_DX0_01
1RB0RD_1RC0RB_0LA0RD_1LD1LB	CBT_DXQ_01
1RB0RD_1RC0RB_0LA1RA_1LD1LB	CBT_SP_16
1RB0RD_1RC0RB_0LA1RC_1LD1LB	CBT_DXQ_01
1RB0RD_1RC0RB_1LD1RA_0RC0LD	CBT_CE2_11
1RB0RD_1RC0RD_0LB1RA_1LD0LA	CBT_DX1_07
1RB0RD_1RC1LA_1LD1RB_0RB0LD	CBT_QE_03
1RB0RD_1RC1LB_0LB1RA_0LB1RD	CBT_DX1_07
1RB0RD_1RC1LB_0LB1RA_0RC1RD	CBT_SP_16
1RB0RD_1RC1LB_0LB1RA_1LB1RD	CBT_SP_16
1RB0RD_1RC1LB_0LB1RA_1RC1RD	CBT_SP_16
1RB0RD_1RC1LB_0LB1RD_0LA0RC	CBT_SP_38
1RB0RD_1RC1LB_0LD1RA_0LB1RD	CBT_DX1_07
1RB0RD_1RC1LB_0LD1RA_1LB1RD	CBT_SP_16
1RB0RD_1RC1LB_0RD1RA_1LD0LB	CBT_SP_16
1RB0RD_1RC1LB_1LA1RD_0LB0RC	CBT_QC_17
1RB0RD_1RC1LB_1LA1RD_0LC0RD	CBT_NG_13
1RB0RD_1RC1LB_1LB0RA_1LD0LB	CBT_TA_05
1RB0RD_1RC1LB_1LB1RA_0LB1RD	CBT_DX1_07
1RB0RD_1RC1LB_1LB1RA_0LC1RA	CBT_LEF_02
1RB0RD_1RC1LB_1LB1RA_1LB1RD	CBT_SP_16
1RB0RD_1RC1LB_1LB1RA_1LD0LA	CBT_DX1_07
1RB0RD_1RC1LB_1LC1RA_1LD0LB	CBT_SP_16
1RB0RD_1RC1LB_1LD1RA_0LB1RD	CBT_DX1_07
1RB0RD_1RC1LB_1LD1RA_0RB0LB	CBT_NG_13
1RB0RD_1RC1LB_1LD1RA_1LB1RD	CBT_SP_16
1RB0RD_1RC1LB_1RD1RA_0LB1RD	CBT_DX1_07
1RB0RD_1RC1LB_1RD1RA_1LB1RD	CBT_SP_16
1RB0RD_1RC1LC_0LB1RA_1LD0LA	CBT_DX1_07
1RB0RD_1RC1LD_0LB0RC_0LA1LD	CBT_LE_05
1RB0RD_1RC1LD_0LB0RC_1LB0LA	CBT_QE_03
1RB0RD_1RC1LD_0LD0RC_1LB0LA	CBT_QE_03
1RB0RD_1RC1LD_1LB1RA_1LD0LA	CBT_DX1_07
1RB0RD_1RC1RA_0LD1LD_0RA1LC	CBT_LE_06
1RB0RD_1RC1RA_1LA0RB_0LC1LD	CBT_SP_16
1RB0RD_1RC1RA_1LD0RB_1LA0LC	CBT_SP_16
1RB0RD_1RC1RA_1LD1LC_1RB0LC	CBT_BLC6_06
1RB0RD_1RC1RA_1RD1LC_0LC1RB	CBT_CE_05
1RB0RD_1RC1RB_1LD1RA_0RC0LD	CBT_CE2_11
1RB0RD_1RC1RC_1LD0RC_0LD1LA	CBT_QC_17
1RB0RD_1RC1RD_1LA0LC_0RD1LC	CBT_QC_17
1RB0RD_1RC1RD_1LA1LC_0LC0RD	CBT_CE2_11
1RB0RD_1RC1RD_1LB1RA_1LD0LA	CBT_DX1_07
1RB1LA_0LA0LC_0RD1RC_0LA1RD	CBT_DX1_07
1RB1LA_0LA0LC_1LC1RD_0RB0RD	CBT_CE3_01
1RB1LA_0LA0RC_0LA0RD_0LA1RC	CBT_NG_13
1RB1LA_0LA0RC_0LA0RD_0LA1RD	CBT_LE6_04
1RB1LA_0LA0RC_0LA1RC_------	CBT_DX1_07
1RB1LA_0LA0RC_0LA1RD_0LA0RB	CBT_NG_13
1RB1LA_0LA0RC_0LA1RD_0LA1RB	CBT_NG_13
1RB1LA_0LA0RC_0LA1RD_0LA1RC	CBT_SW_07
1RB1LA_0LA0RC_0LA1RD_0LA1RD	CBT_DX1_07
1RB1LA_0LA0RC_0LA1RD_0LB0RB	CBT_NG_13
1RB1LA_0LA0RC_0LA1RD_0LB1RB	CBT_NG_13
1RB1LA_0LA0RC_0LA1RD_0LD0RB	CBT_NG_13
1RB1LA_0LA0RC_0LA1RD_0LD1RB	CBT_NG_13
1RB1LA_0LA0RC_0LA1RD_0LD1RC	CBT_SW_07
1RB1LA_0LA0RC_0LD0RB_1LD1LA	CBT_CE3_01
1RB1LA_0LA0RC_0LD0RB_1LD1RA	CBT_CE3_01
1RB1LA_0LA0RC_0LD0RB_1LD1RC	CBT_CE_02
1RB1LA_0LA0RC_0LD1RB_1RC1LD	CBT_DX2_09
1RB1LA_0LA0RC_0LD1RC_0RB0RB	CBT_DX1_07
1RB1LA_0LA0RC_0LD1RC_0RB1LA	CBT_DX1_07
1RB1LA_0LA0RC_0LD1RC_0RB1RB	CBT_DX1_07
1RB1LA_0LA0RC_0LD1RC_1LA0RB	CBT_DX1_07
1RB1LA_0LA0RC_0LD1RC_1LA1LA	CBT_QS_09
1RB1LA_0LA0RC_0LD1RC_1LA1RB	CBT_DX1_07
1RB1LA_0LA0RC_0LD1RC_1LC0RB	CBT_DX1_07
1RB1LA_0LA0RC_0LD1RC_1LC1LA	CBT_QS_09
1RB1LA_0LA0RC_0LD1RC_1LC1RB	CBT_DX1_07
1RB1LA_0LA0RC_0LD1RC_1LD1LA	CBT_QS_10
1RB1LA_0LA0RC_0LD1RC_1RA0RB	CBT_DX1_07
1RB1LA_0LA0RC_0LD1RC_1RA1LA	CBT_DX1_07
1RB1LA_0LA0RC_0LD1RC_1RA1LB	CBT_TI_00
1RB1LA_0LA0RC_0LD1RC_1RA1RB	CBT_DX1_07
1RB1LA_0LA0RC_0LD1RC_1RB0RB	CBT_DX1_07
1RB1LA_0LA0RC_0LD1RC_1RB1LA	CBT_DX1_07
1RB1LA_0LA0RC_0LD1RC_1RB1RB	CBT_DX1_07
1RB1LA_0LA0RC_0LD1RC_1RC0RB	CBT_DX1_07
1RB1LA_0LA0RC_0LD1RC_1RC1LA	CBT_QS_09
1RB1LA_0LA0RC_0LD1RC_1RC1RB	CBT_DX1_07
1RB1LA_0LA0RC_0RD0RB_1LB0LB	CBT_NG_13
1RB1LA_0LA0RC_0RD0RB_1LB0LC	CBT_NG_13
1RB1LA_0LA0RC_0RD0RB_1LD1LB	CBT_CE_05
1RB1LA_0LA0RC_0RD0RC_1LD1LB	CBT_CE2_11
1RB1LA_0LA0RC_0RD1RB_1LB0LB	CBT_NG_13
1RB1LA_0LA0RC_0RD1RB_1LB0LC	CBT_NG_13
1RB1LA_0LA0RC_0RD1RB_1LD1LB	CBT_LE6_04
1RB1LA_0LA0RC_0RD1RC_1LD0LA	CBT_TI_01
1RB1LA_0LA0RC_0RD1RD_0LB0RB	CBT_NG_13
1RB1LA_0LA0RC_0RD1RD_0LB0RC	CBT_NG_13
1RB1LA_0LA0RC_0RD1RD_0LB1RB	CBT_NG_13
1RB1LA_0LA0RC_1LC1LD_0RA0LA	CBT_TA_05
1RB1LA_0LA0RC_1LC1LD_1RB0LA	CBT_TA_05
1RB1LA_0LA0RC_1LC1RD_0LA1RD	CBT_QS_06
1RB1LA_0LA0RC_1LD1RC_1LA0LA	CBT_DXS_00
1RB1LA_0LA0RC_1LD1RC_1RA0LA	CBT_DXS_00
1RB1LA_0LA0RC_1RD1RC_0LD0LA	CBT_DX1_07
1RB1LA_0LA0RC_1RD1RC_1LD0LA	CBT_SP_16
1RB1LA_0LA1LC_0LC1RD_0RD0RB	CBT_CE3_01
1RB1LA_0LA1LC_1RD0LC_0RD0RB	CBT_DX2_09
1RB1LA_0LA1LC_1RD0LC_0RD1LA	CBT_QC_17
1RB1LA_0LA1LC_1RD0LC_0RD1RA	CBT_QC_17
1RB1LA_0LA1LC_1RD0LC_0RD1RB	CBT_DX2_09
1RB1LA_0LA1RC_0LA0RB_------	CBT_SPB_11
1RB1LA_0LA1RC_0LA0RD_0LA0RB	CBT_NG_13
1RB1LA_0LA1RC_0LA0RD_0LA0RC	CBT_NG_13
1RB1LA_0LA1RC_0LA0RD_0LA1RB	CBT_NG_13
1RB1LA_0LA1RC_0LA0RD_0LA1RD	CBT_SW_04
1RB1LA_0LA1RC_0LA0RD_0RB1RD	CBT_SP_16
1RB1LA_0LA1RC_0LA0RD_1LA1RD	CBT_DXQ_01
1RB1LA_0LA1RC_0LA0RD_1RB1RD	CBT_SP_16
1RB1LA_0LA1RC_0LA1RD_0LA0RB	CBT_SPB_11
1RB1LA_0LA1RC_0LA1RD_0LA0RC	CBT_NG_13
1RB1LA_0LA1RC_0LA1RD_0LA0RD	CBT_NG_13
1RB1LA_0LA1RC_0LA1RD_0LB0RB	CBT_SPB_11
1RB1LA_0LA1RC_0LA1RD_0LB0RC	CBT_NG_13
1RB1LA_0LA1RC_0LA1RD_0LD0RB	CBT_SPB_11
1RB1LA_0LA1RC_0LA1RD_0LD0RC	CBT_NG_00
1RB1LA_0LA1RC_0LA1RD_0RA0RB	CBT_SP2_05
1RB1LA_0LA1RC_0LA1RD_0RB0LC	CBT_CE_02
1RB1LA_0LA1RC_0LA1RD_0RB0RB	CBT_SPB_11
1RB1LA_0LA1RC_0LA1RD_0RC0RB	CBT_SPB_11
1RB1LA_0LA1RC_0LA1RD_1LA0RB	CBT_SPB_11
1RB1LA_0LA1RC_0LA1RD_1LC0RB	CBT_SPB_11
1RB1LA_0LA1RC_0LA1RD_1LD0RB	CBT_SPB_11
1RB1LA_0LA1RC_0LA1RD_1RA0RB	CBT_SP_04
1RB1LA_0LA1RC_0LA1RD_1RB0RB	CBT_SPB_11
1RB1LA_0LA1RC_0LA1RD_1RC0RB	CBT_SPB_11
1RB1LA_0LA1RC_0LC0RB_------	CBT_SPB_11
1RB1LA_0LA1RC_0LC0RD_0LA0RB	CBT_NG_13
1RB1LA_0LA1RC_0LC0RD_0LA1RB	CBT_NG_13
1RB1LA_0LA1RC_0LC0RD_0LA1RD	CBT_SW_04
1RB1LA_0LA1RC_0LC1RD_0LA0RB	CBT_SPB_11
1RB1LA_0LA1RC_0LC1RD_0LA0RD	CBT_NG_13
1RB1LA_0LA1RC_0LC1RD_0LD0RB	CBT_SPB_11
1RB1LA_0LA1RC_0LC1RD_0RB0LC	CBT_SP2_05
1RB1LA_0LA1RC_0LC1RD_0RB0RB	CBT_SP2_05
1RB1LA_0LA1RC_0LC1RD_1LA0RB	CBT_SPB_11
1RB1LA_0LA1RC_0LC1RD_1LC0RB	CBT_SP2_05
1RB1LA_0LA1RC_0LC1RD_1RA0RB	CBT_SP2_05
1RB1LA_0LA1RC_0LC1RD_1RB0RB	CBT_SP2_05
1RB1LA_0LA1RC_0LD0RB_---0RB	CBT_SP_38
1RB1LA_0LA1RC_0LD0RB_---1LA	CBT_SP_38
1RB1LA_0LA1RC_0LD0RB_---1RA	CBT_SP_38
1RB1LA_0LA1RC_0LD0RB_---1RB	CBT_DX2_09
1RB1LA_0LA1RC_0LD0RB_0LA0RD	CBT_SP_38
1RB1LA_0LA1RC_0LD0RB_0LA1RD	CBT_DX2_09
1RB1LA_0LA1RC_0LD0RB_0LC1RD	CBT_SP_38
1RB1LA_0LA1RC_0LD0RB_0RA1LD	CBT_DX2_09
1RB1LA_0LA1RC_0LD0RB_0RB0RC	CBT_SP_38
1RB1LA_0LA1RC_0LD0RB_0RB1RD	CBT_SP_38
1RB1LA_0LA1RC_0LD0RB_1LA0RC	CBT_DX2_09
1RB1LA_0LA1RC_0LD0RB_1LA1LD	CBT_SP_38
1RB1LA_0LA1RC_0LD0RB_1LA1RD	CBT_SP_38
1RB1LA_0LA1RC_0LD0RB_1LB1RD	CBT_SP_38
1RB1LA_0LA1RC_0LD0RB_1RA0LD	CBT_DX2_09
1RB1LA_0LA1RC_0LD0RB_1RA0RC	CBT_SP_38
1RB1LA_0LA1RC_0LD0RB_1RA1LD	CBT_SP_38
1RB1LA_0LA1RC_0LD0RB_1RB0RC	CBT_SP_38
1RB1LA_0LA1RC_0LD0RB_1RB1LD	CBT_SP_38
1RB1LA_0LA1RC_0LD0RB_1RB1RD	CBT_SP_38
1RB1LA_0LA1RC_0LD0RB_1RC1LD	CBT_DX2_09
1RB1LA_0LA1RC_0LD0RC_1LD0RB	CBT_CE3_01
1RB1LA_0LA1RC_0LD0RD_0LA0RB	CBT_NG_13
1RB1LA_0LA1RC_0LD0RD_0LA1RB	CBT_NG_13
1RB1LA_0LA1RC_0LD0RD_0LA1RD	CBT_SW_04
1RB1LA_0LA1RC_0LD0RD_0RB1RD	CBT_SP_16
1RB1LA_0LA1RC_0LD0RD_1LA1RD	CBT_DXQ_01
1RB1LA_0LA1RC_0LD0RD_1RB1RD	CBT_SP_16
1RB1LA_0LA1RC_0LD1RD_0LA0RB	CBT_SPB_11
1RB1LA_0LA1RC_0LD1RD_0LA0RD	CBT_NG_13
1RB1LA_0LA1RC_0LD1RD_0LB0RB	CBT_SPB_11
1RB1LA_0LA1RC_0LD1RD_0LD0RB	CBT_SPB_11
1RB1LA_0LA1RC_0LD1RD_0RA0RB	CBT_SP2_05
1RB1LA_0LA1RC_0LD1RD_0RB0RB	CBT_CE_02
1RB1LA_0LA1RC_0LD1RD_1LA0RB	CBT_CE_02
1RB1LA_0LA1RC_0LD1RD_1LC0RB	CBT_CE_02
1RB1LA_0LA1RC_0LD1RD_1LD0RB	CBT_CE_02
1RB1LA_0LA1RC_0LD1RD_1RA0RB	CBT_SP2_05
1RB1LA_0LA1RC_0LD1RD_1RB0RB	CBT_CE_02
1RB1LA_0LA1RC_0LD1RD_1RC0RB	CBT_CE_02
1RB1LA_0LA1RC_0RB0RB_------	CBT_SPB_11
1RB1LA_0LA1RC_0RB0RD_0LA1RD	CBT_DX1_07
1RB1LA_0LA1RC_0RB0RD_0LB0RB	CBT_NG_13
1RB1LA_0LA1RC_0RB0RD_0LD0RB	CBT_NG_13
1RB1LA_0LA1RC_0RB0RD_0RB1RD	CBT_SP_16
1RB1LA_0LA1RC_0RB0RD_1LA1RD	CBT_SP_16
1RB1LA_0LA1RC_0RB0RD_1RB1RD	CBT_SP_16
1RB1LA_0LA1RC_0RB1RD_0LA0LB	CBT_SPB_11
1RB1LA_0LA1RC_0RB1RD_0LA0RB	CBT_SPB_11
1RB1LA_0LA1RC_0RB1RD_0LB0LB	CBT_SP2_05
1RB1LA_0LA1RC_0RB1RD_0LB0RB	CBT_SPB_11
1RB1LA_0LA1RC_0RB1RD_0LD0LB	CBT_CE_02
1RB1LA_0LA1RC_0RB1RD_0LD0RB	CBT_SPB_11
1RB1LA_0LA1RC_0RB1RD_0RB0LB	CBT_SPB_11
1RB1LA_0LA1RC_0RB1RD_0RB0LC	CBT_SPB_11
1RB1LA_0LA1RC_0RB1RD_0RB0RB	CBT_SPB_11
1RB1LA_0LA1RC_0RB1RD_1LA0LB	CBT_SPB_11
1RB1LA_0LA1RC_0RB1RD_1LA0RB	CBT_SPB_11
1RB1LA_0LA1RC_0RB1RD_1LC0LB	CBT_SPB_11
1RB1LA_0LA1RC_0RB1RD_1LC0RB	CBT_SPB_11
1RB1LA_0LA1RC_0RB1RD_1RB0LB	CBT_SPB_11
1RB1LA_0LA1RC_0RB1RD_1RB0RB	CBT_SPB_12
1RB1LA_0LA1RC_0RD0LB_0LA1RD	CBT_DX1_08
1RB1LA_0LA1RC_0RD0RB_0LA---	CBT_SP_38
1RB1LA_0LA1RC_0RD0RB_0LB---	CBT_DX2_09
1RB1LA_0LA1RC_0RD0RB_0LD0RB	CBT_SP_38
1RB1LA_0LA1RC_0RD0RB_0LD1LA	CBT_DX2_09
1RB1LA_0LA1RC_0RD0RB_0LD1LB	CBT_QC_17
1RB1LA_0LA1RC_0RD0RB_0LD1RA	CBT_SP_38
1RB1LA_0LA1RC_0RD0RB_0LD1RB	CBT_SP_38
1RB1LA_0LA1RC_0RD0RB_1LB0LA	CBT_SP_38
1RB1LA_0LA1RC_0RD0RB_1LB0LB	CBT_DX2_09
1RB1LA_0LA1RC_0RD0RB_1LB0LC	CBT_SP_38
1RB1LA_0LA1RC_0RD0RB_1LB0LD	CBT_SP_38
1RB1LA_0LA1RC_0RD0RB_1LB0RA	CBT_LEF_02
1RB1LA_0LA1RC_0RD0RB_1LB0RD	CBT_SP_38
1RB1LA_0LA1RC_0RD0RB_1LB1LB	CBT_QC_17
1RB1LA_0LA1RC_0RD0RB_1LB1RA	CBT_SPB_27
1RB1LA_0LA1RC_0RD0RB_1LB1RD	CBT_LEF_02
1RB1LA_0LA1RC_0RD0RB_1LC0LA	CBT_SP_38
1RB1LA_0LA1RC_0RD0RB_1LC0LB	CBT_SP_38
1RB1LA_0LA1RC_0RD0RB_1LC1LB	CBT_QC_17
1RB1LA_0LA1RC_0RD0RB_1LC1RA	CBT_SPB_27
1RB1LA_0LA1RC_0RD0RB_1LD1LB	CBT_QC_17
1RB1LA_0LA1RC_0RD0RB_1RA---	CBT_LEF_02
1RB1LA_0LA1RC_0RD0RC_1LD1LB	CBT_LE_02
1RB1LA_0LA1RC_0RD0RD_0LA1RD	CBT_DX1_08
1RB1LA_0LA1RC_0RD1RD_0LA0RB	CBT_SPB_12
1RB1LA_0LA1RC_0RD1RD_0LB0RB	CBT_CE_02
1RB1LA_0LA1RC_0RD1RD_0LB0RC	CBT_NG_13
1RB1LA_0LA1RC_0RD1RD_0LD0RB	CBT_SPB_12
1RB1LA_0LA1RC_0RD1RD_1RA0RB	CBT_SPB_27
1RB1LA_0LA1RC_1LA0RB_------	CBT_SPB_12
1RB1LA_0LA1RC_1LA0RD_0LA1RD	CBT_QS_06
1RB1LA_0LA1RC_1LA0RD_0LB0RB	CBT_NG_13
1RB1LA_0LA1RC_1LA0RD_0LB1RD	CBT_SP_16
1RB1LA_0LA1RC_1LA0RD_0LD0RB	CBT_NG_13
1RB1LA_0LA1RC_1LA0RD_0RB1RD	CBT_SP_16
1RB1LA_0LA1RC_1LA0RD_1LA1RD	CBT_DXQ_01
1RB1LA_0LA1RC_1LA0RD_1RB1RD	CBT_SP_16
1RB1LA_0LA1RC_1LA1RD_0LA0RB	CBT_SPB_12
1RB1LA_0LA1RC_1LA1RD_0LB0RB	CBT_SPB_12
1RB1LA_0LA1RC_1LA1RD_0LD0RB	CBT_SPB_12
1RB1LA_0LA1RC_1LA1RD_0RB0LC	CBT_SPB_12
1RB1LA_0LA1RC_1LA1RD_0RB0RB	CBT_SPB_12
1RB1LA_0LA1RC_1LA1RD_1LA0RB	CBT_SPB_12
1RB1LA_0LA1RC_1LA1RD_1LC0RB	CBT_SPB_12
1RB1LA_0LA1RC_1LA1RD_1RB0RB	CBT_SPB_12
1RB1LA_0LA1RC_1LB0RB_------	CBT_SPB_12
1RB1LA_0LA1RC_1LB0RD_0LA1RD	CBT_DX1_08
1RB1LA_0LA1RC_1LB1RD_0LA0RB	CBT_SPB_12
1RB1LA_0LA1RC_1LB1RD_0LD0RB	CBT_SPB_12
1RB1LA_0LA1RC_1LB1RD_0RB0LC	CBT_SPB_12
1RB1LA_0LA1RC_1LB1RD_0RB0RB	CBT_SPB_12
1RB1LA_0LA1RC_1LB1RD_0RC0RB	CBT_SPB_27
1RB1LA_0LA1RC_1LB1RD_1LA0RB	CBT_SPB_12
1RB1LA_0LA1RC_1LB1RD_1LC0RB	CBT_SPB_12
1RB1LA_0LA1RC_1LB1RD_1RB0RB	CBT_SPB_12
1RB1LA_0LA1RC_1LC1RD_0LA0RB	CBT_SPB_12
1RB1LA_0LA1RC_1LC1RD_0LB0RB	CBT_SPB_12
1RB1LA_0LA1RC_1LC1RD_0LD0RB	CBT_SPB_12
1RB1LA_0LA1RC_1LC1RD_0RB0LC	CBT_SPB_12
1RB1LA_0LA1RC_1LC1RD_0RB0RB	CBT_SPB_12
1RB1LA_0LA1RC_1LC1RD_1LA0RB	CBT_SPB_12
1RB1LA_0LA1RC_1LC1RD_1LC0RB	CBT_SPB_12
1RB1LA_0LA1RC_1LC1RD_1RB0RB	CBT_SPB_12
1RB1LA_0LA1RC_1LD0RB_---1LA	CBT_SP_38
1RB1LA_0LA1RC_1LD0RB_---1LC	CBT_SP_38
1RB1LA_0LA1RC_1LD0RB_---1RA	CBT_SP_38
1RB1LA_0LA1RC_1LD0RB_---1RC	CBT_SP_38
1RB1LA_0LA1RC_1LD0RB_0LA1RD	CBT_SP_38
1RB1LA_0LA1RC_1LD0RB_0LB0RD	CBT_SP_38
1RB1LA_0LA1RC_1LD0RB_0LC1RD	CBT_SP_38
1RB1LA_0LA1RC_1LD0RB_0RA1LD	CBT_SP_38
1RB1LA_0LA1RC_1LD0RB_0RB1LD	CBT_SP_38
1RB1LA_0LA1RC_1LD0RB_1LA1LD	CBT_LEF_02
1RB1LA_0LA1RC_1LD0RB_1RA1LD	CBT_SP_38
1RB1LA_0LA1RC_1LD0RB_1RA1RD	CBT_LEF_02
1RB1LA_0LA1RC_1LD0RB_1RB1LD	CBT_SP_38
1RB1LA_0LA1RC_1LD0RD_0LA1RD	CBT_QS_06
1RB1LA_0LA1RC_1LD0RD_0RB1RD	CBT_SP_16
1RB1LA_0LA1RC_1LD0RD_1LA1RD	CBT_DXQ_01
1RB1LA_0LA1RC_1LD0RD_1RB1RD	CBT_SP_16
1RB1LA_0LA1RC_1RA0RD_0LA1RD	CBT_DX1_08
1RB1LA_0LA1RC_1RA0RD_0RB1RD	CBT_SP_16
1RB1LA_0LA1RC_1RA0RD_1LA1RD	CBT_SP_16
1RB1LA_0LA1RC_1RA0RD_1RB1RD	CBT_SP_16
1RB1LA_0LA1RC_1RA1RD_---0RB	CBT_SPB_12
1RB1LA_0LA1RC_1RA1RD_0RB0LC	CBT_SPB_12
1RB1LA_0LA1RC_1RB0LD_0RA1LC	CBT_SW_04
1RB1LA_0LA1RC_1RB0LD_0RC1LC	CBT_SW_04
1RB1LA_0LA1RC_1RB0LD_0RC1LD	CBT_SP_38
1RB1LA_0LA1RC_1RB0LD_0RD1LC	CBT_SW_04
1RB1LA_0LA1RC_1RB0LD_1LA1LC	CBT_SP_16
1RB1LA_0LA1RC_1RB0LD_1LC1LC	CBT_SP_16
1RB1LA_0LA1RC_1RB0LD_1RA1LC	CBT_SPW_08
1RB1LA_0LA1RC_1RB0LD_1RC1LC	CBT_SPW_08
1RB1LA_0LA1RC_1RB0LD_1RD1LC	CBT_SP_16
1RB1LA_0LA1RC_1RB0RB_------	CBT_SPB_12
1RB1LA_0LA1RC_1RB0RD_0LA1RD	CBT_DX1_08
1RB1LA_0LA1RC_1RB0RD_0LB0RB	CBT_NG_13
1RB1LA_0LA1RC_1RB0RD_0LD0RB	CBT_NG_13
1RB1LA_0LA1RC_1RB0RD_0RB1RD	CBT_SP_16
1RB1LA_0LA1RC_1RB0RD_1LA1RD	CBT_SP_16
1RB1LA_0LA1RC_1RB0RD_1RB1RD	CBT_SP_16
1RB1LA_0LA1RC_1RB1LD_0RA0LC	CBT_SP_16
1RB1LA_0LA1RC_1RB1RD_0LA0RB	CBT_SPB_12
1RB1LA_0LA1RC_1RB1RD_0LB0RB	CBT_SPB_12
1RB1LA_0LA1RC_1RB1RD_0LD0RB	CBT_SPB_12
1RB1LA_0LA1RC_1RB1RD_0RB0LC	CBT_SPB_12
1RB1LA_0LA1RC_1RB1RD_0RB0RB	CBT_SPB_12
1RB1LA_0LA1RC_1RB1RD_1LA0RB	CBT_SPB_12
1RB1LA_0LA1RC_1RB1RD_1LC0RB	CBT_SPB_12
1RB1LA_0LA1RC_1RB1RD_1RB0RB	CBT_SPB_12
1RB1LA_0LA1RC_1RD0LB_0LA0RB	CBT_SPB_12
1RB1LA_0LA1RC_1RD0LB_0LD0RB	CBT_CE_02
1RB1LA_0LA1RC_1RD0LB_0RB0RB	CBT_SP2_05
1RB1LA_0LA1RC_1RD0LB_1LA0RB	CBT_SP2_05
1RB1LA_0LA1RC_1RD0LB_1LC0RB	CBT_SP2_05
1RB1LA_0LA1RC_1RD0LB_1RB0RB	CBT_SP2_05
1RB1LA_0LA1RC_1RD0RB_0LA---	CBT_SP_38
1RB1LA_0LA1RC_1RD0RB_0LC---	CBT_SP_38
1RB1LA_0LA1RC_1RD0RB_0LD0LA	CBT_DX2_09
1RB1LA_0LA1RC_1RD0RB_0LD0LC	CBT_SP_38
1RB1LA_0LA1RC_1RD0RB_0LD0RB	CBT_SP_38
1RB1LA_0LA1RC_1RD0RB_0LD1LA	CBT_SP_38
1RB1LA_0LA1RC_1RD0RB_0LD1LB	CBT_SP_38
1RB1LA_0LA1RC_1RD0RB_0LD1RB	CBT_SP_38
1RB1LA_0LA1RC_1RD0RB_1LD0LA	CBT_SP_38
1RB1LA_0LA1RC_1RD0RB_1LD0LC	CBT_SP_39
1RB1LA_0LA1RC_1RD0RB_1RA---	CBT_LEF_02
1RB1LA_0LA1RC_1RD0RD_0LA1RD	CBT_QS_06
1RB1LA_0LA1RC_1RD0RD_0LD0RB	CBT_NG_13
1RB1LA_0LA1RC_1RD0RD_0RB1RD	CBT_SP_16
1RB1LA_0LA1RC_1RD0RD_1LA1RD	CBT_DXQ_01
1RB1LA_0LA1RC_1RD0RD_1RB1RD	CBT_SP_16
1RB1LA_0LA1RC_1RD1RD_0LA0RB	CBT_SPB_13
1RB1LA_0LA1RC_1RD1RD_0LD0RB	CBT_SPB_13
1RB1LA_0LA1RC_1RD1RD_0RB0LC	CBT_SP2_05
1RB1LA_0LA1RC_1RD1RD_0RB0RB	CBT_SPB_13
1RB1LA_0LA1RC_1RD1RD_1LA0RB	CBT_SPB_13
1RB1LA_0LA1RC_1RD1RD_1LC0RB	CBT_SPB_13
1RB1LA_0LA1RC_1RD1RD_1RB0RB	CBT_SPB_13
1RB1LA_0LB0RC_0LD1RC_1LA1LA	CBT_QS_09
1RB1LA_0LB0RC_0LD1RC_1RC1LA	CBT_QS_09
1RB1LA_0LB0RC_1LD1RC_1LA0LA	CBT_DX1_08
1RB1LA_0LB0RC_1LD1RC_1RA0LA	CBT_DX1_08
1RB1LA_0LB0RC_1LD1RC_1RC0LA	CBT_DXS_00
1RB1LA_0LB1LC_1RD0LC_0RD1LA	CBT_QC_17
1RB1LA_0LB1RC_0LA0RD_0LA0RC	CBT_NG_13
1RB1LA_0LB1RC_0LA0RD_0LA1RB	CBT_NG_13
1RB1LA_0LB1RC_0LA0RD_0LA1RD	CBT_SW_04
1RB1LA_0LB1RC_0LA0RD_1LA1RD	CBT_DXQ_01
1RB1LA_0LB1RC_0LA1RD_0LA0RC	CBT_NG_13
1RB1LA_0LB1RC_0LA1RD_0LB0RC	CBT_NG_13
1RB1LA_0LB1RC_0LA1RD_0LD0RC	CBT_NG_13
1RB1LA_0LB1RC_0LA1RD_0RA0RB	CBT_SPB_13
1RB1LA_0LB1RC_0LA1RD_0RB0RC	CBT_NG_13
1RB1LA_0LB1RC_0LA1RD_0RC0RB	CBT_CE_02
1RB1LA_0LB1RC_0LA1RD_1LA0RB	CBT_SPB_13
1RB1LA_0LB1RC_0LA1RD_1LD0RB	CBT_CE_02
1RB1LA_0LB1RC_0LA1RD_1RA0RB	CBT_SP_04
1RB1LA_0LB1RC_0LA1RD_1RB0RB	CBT_SPB_13
1RB1LA_0LB1RC_0LA1RD_1RC0RB	CBT_SPB_13
1RB1LA_0LB1RC_0LC1RD_1LA0RB	CBT_NG_13
1RB1LA_0LB1RC_0LD0RD_0LA1RD	CBT_SW_04
1RB1LA_0LB1RC_0LD0RD_1LA1RD	CBT_DXQ_01
1RB1LA_0LB1RC_1LA0RD_0LA1RD	CBT_DX1_08
1RB1LA_0LB1RC_1LA0RD_0LB1RD	CBT_SP_16
1RB1LA_0LB1RC_1LA0RD_1LA1RD	CBT_DXQ_01
1RB1LA_0LB1RC_1LA1RD_0LA0RB	CBT_SPB_13
1RB1LA_0LB1RC_1LA1RD_0LB0RB	CBT_SPB_13
1RB1LA_0LB1RC_1LA1RD_0LD0RB	CBT_CE_02
1RB1LA_0LB1RC_1LA1RD_0RB0RB	CBT_SPB_13
1RB1LA_0LB1RC_1LA1RD_1LA0RB	CBT_SPB_13
1RB1LA_0LB1RC_1LA1RD_1LC0RB	CBT_SPB_13
1RB1LA_0LB1RC_1LB1RD_0LA0RB	CBT_CE_02
1RB1LA_0LB1RC_1LD0RD_0LA1RD	CBT_DX1_08
1RB1LA_0LB1RC_1LD0RD_1LA1RD	CBT_DXQ_01
1RB1LA_0LB1RC_1RD0LB_0LA0RB	CBT_SPB_13
1RB1LA_0LB1RC_1RD0RD_0LA1RD	CBT_DX1_08
1RB1LA_0LB1RC_1RD0RD_1LA1RD	CBT_DXQ_01
1RB1LA_0LB1RC_1RD1RD_0LA0RB	CBT_CE_02
1RB1LA_0LC0LB_1RC0RD_1LB1RA	CBT_SP_16
1RB1LA_0LC0LB_1RC1RD_1LA0LD	CBT_SP_16
1RB1LA_0LC0LD_0LA1RC_0RC1RD	CBT_DX1_08
1RB1LA_0LC0LD_1RC1RD_1LA0LB	CBT_SP_16
1RB1LA_0LC0RA_1LD0LD_1RA1LC	CBT_LEF_02
1RB1LA_0LC0RA_1LD1LC_0RB0LD	CBT_AST_12
1RB1LA_0LC0RB_0LD1LD_1RA1LC	CBT_SP2_05
1RB1LA_0LC0RB_1LC1RD_0LA0RD	CBT_DX2_09
1RB1LA_0LC0RB_1LD1RC_0RA1LC	CBT_QC_17
1RB1LA_0LC0RC_0LA1RC_------	CBT_DX1_08
1RB1LA_0LC0RC_0LA1RD_0LA1RC	CBT_SW_07
1RB1LA_0LC0RC_0LA1RD_0LA1RD	CBT_DX1_08
1RB1LA_0LC0RC_0LA1RD_0LD1RC	CBT_SW_07
1RB1LA_0LC0RC_0LA1RD_0RB0RC	CBT_NG_13
1RB1LA_0LC0RC_0LA1RD_0RB0RD	CBT_NG_13
1RB1LA_0LC0RC_0LA1RD_0RB1LD	CBT_NG_13
1RB1LA_0LC0RC_0LA1RD_0RB1RB	CBT_NG_13
1RB1LA_0LC0RC_0LD1RC_1LA1LA	CBT_QS_09
1RB1LA_0LC0RC_0LD1RC_1LC1LA	CBT_QS_09
1RB1LA_0LC0RC_0LD1RC_1LD1LA	CBT_QS_10
1RB1LA_0LC0RC_0LD1RC_1RA1LA	CBT_DX1_08
1RB1LA_0LC0RC_0LD1RC_1RB1LA	CBT_DX1_08
1RB1LA_0LC0RC_0LD1RC_1RC1LA	CBT_QS_09
1RB1LA_0LC0RC_1LC1LD_0RA0LA	CBT_TA_05
1RB1LA_0LC0RC_1LC1LD_1RB0LA	CBT_TA_05
1RB1LA_0LC0RC_1LC1RD_0LA1RD	CBT_QS_06
1RB1LA_0LC0RC_1RD1RC_0LD0LA	CBT_DX1_08
1RB1LA_0LC0RC_1RD1RC_1LD0LA	CBT_SP_16
1RB1LA_0LC0RD_0LA1LA_0RB1RD	CBT_DX1_08
1RB1LA_0LC0RD_0LA1RC_0LA0RC	CBT_LE6_04
1RB1LA_0LC0RD_0LA1RC_0LA1RC	CBT_DX1_08
1RB1LA_0LC0RD_0LA1RC_0RB0RC	CBT_LE6_04
1RB1LA_0LC0RD_0LA1RC_0RB1RC	CBT_DX1_08
1RB1LA_0LC0RD_0LA1RC_0RB1RD	CBT_DX1_08
1RB1LA_0LC0RD_0LA1RC_1LD1RC	CBT_QS_06
1RB1LA_0LC0RD_0LA1RD_0LA0RC	CBT_NG_13
1RB1LA_0LC0RD_0LA1RD_0LA1RC	CBT_SW_07
1RB1LA_0LC0RD_0LA1RD_0RB1RD	CBT_DX1_08
1RB1LA_0LC0RD_0LC1RD_0LA1RC	CBT_SW_07
1RB1LA_0LC0RD_1LA0LB_0RA0RB	CBT_NG_14
1RB1LA_0LC0RD_1LA0LC_1RA0RA	CBT_NG_14
1RB1LA_0LC0RD_1LA0LC_1RA0RB	CBT_NG_14
1RB1LA_0LC0RD_1LA1LA_0LC1RD	CBT_QS_09
1RB1LA_0LC0RD_1LA1LB_0RC0RB	CBT_NG_14
1RB1LA_0LC0RD_1LA1LC_0LA1RB	CBT_NG_14
1RB1LA_0LC0RD_1LA1LC_0LC1RB	CBT_NG_14
1RB1LA_0LC0RD_1LC1LA_0LA0RB	CBT_CE3_01
1RB1LA_0LC0RD_1LC1LA_0LC1RD	CBT_QS_10
1RB1LA_0LC0RD_1LC1RD_0LA0RB	CBT_CE_02
1RB1LA_0LC0RD_1LD0LC_1RA0RB	CBT_NG_14
1RB1LA_0LC0RD_1LD1LA_0LC1RD	CBT_QS_09
1RB1LA_0LC0RD_1RA1LA_0LC1RD	CBT_DX1_08
1RB1LA_0LC0RD_1RA1LC_0LA1RB	CBT_NG_14
1RB1LA_0LC0RD_1RB1LA_0LC1RD	CBT_DX1_08
1RB1LA_0LC0RD_1RD1LA_0LC1RD	CBT_QS_09
1RB1LA_0LC1RB_0RA1LD_1LC0RB	CBT_SP_39
1RB1LA_0LC1RB_1LD0RB_0RA1LC	CBT_SP_39
1RB1LA_0LC1RB_1LD0RB_1RA1LC	CBT_SP_39
1RB1LA_0LC1RB_1RA1LD_1LC0RB	CBT_SP_39
1RB1LA_0LC1RC_0LA0RD_1LA1RD	CBT_DXQ_01
1RB1LA_0LC1RC_0LA1RD_0LA0RC	CBT_NG_14
1RB1LA_0LC1RC_0LA1RD_0LA0RD	CBT_NG_14
1RB1LA_0LC1RC_0LA1RD_0LB0RC	CBT_NG_14
1RB1LA_0LC1RC_0LA1RD_0RB0RC	CBT_NG_14
1RB1LA_0LC1RC_0LA1RD_0RB0RD	CBT_NG_14
1RB1LA_0LC1RC_0LA1RD_1LA0RB	CBT_CE_02
1RB1LA_0LC1RC_0LA1RD_1LD0RB	CBT_CE_02
1RB1LA_0LC1RC_0LA1RD_1RC0RB	CBT_SPB_13
1RB1LA_0LC1RC_0LC1RD_0LA0RD	CBT_NG_14
1RB1LA_0LC1RC_0LC1RD_1LA0RB	CBT_NG_14
1RB1LA_0LC1RC_0LD0RD_1LA1RD	CBT_DXQ_01
1RB1LA_0LC1RC_0LD1RD_0LA0RD	CBT_NG_14
1RB1LA_0LC1RC_0RA0LD_1LA1LC	CBT_SP_16
1RB1LA_0LC1RC_0RA0LD_1LC1LB	CBT_NG_14
1RB1LA_0LC1RC_0RD1RD_0LA0RB	CBT_CE_02
1RB1LA_0LC1RC_0RD1RD_1LA0LD	CBT_DXQ_01
1RB1LA_0LC1RC_1LA0RD_1LA1RD	CBT_DXQ_01
1RB1LA_0LC1RC_1LA1RD_0LA0RB	CBT_SPB_13
1RB1LA_0LC1RC_1LA1RD_0LB0RB	CBT_SPB_13
1RB1LA_0LC1RC_1LA1RD_0LD0RB	CBT_SPB_13
1RB1LA_0LC1RC_1LA1RD_0RB0RB	CBT_SPB_13
1RB1LA_0LC1RC_1LA1RD_1LA0RB	CBT_SPB_13
1RB1LA_0LC1RC_1LA1RD_1LC0RB	CBT_SPB_13
1RB1LA_0LC1RC_1LB1RD_0LA0RB	CBT_CE_02
1RB1LA_0LC1RC_1LD0RD_1LA1RD	CBT_DXQ_01
1RB1LA_0LC1RC_1RB1RD_0LA0RB	CBT_CE_02
1RB1LA_0LC1RC_1RC1RD_1LA0LD	CBT_DXQ_01
1RB1LA_0LC1RC_1RD0LB_0LA0RB	CBT_SPB_13
1RB1LA_0LC1RC_1RD0RD_1LA1RD	CBT_DXQ_01
1RB1LA_0LC1RC_1RD1RD_0LA0RB	CBT_CE_02
1RB1LA_0LC1RD_0LA1RC_0LA0RC	CBT_SW_04
1RB1LA_0LC1RD_0LA1RC_0LC0RC	CBT_SW_04
1RB1LA_0LC1RD_0LA1RC_0LD0RC	CBT_SW_04
1RB1LA_0LC1RD_0LA1RC_0RB0RC	CBT_SW_04
1RB1LA_0LC1RD_0LA1RC_0RC0LB	CBT_DX1_08
1RB1LA_0LC1RD_0LA1RC_0RC0RC	CBT_DX1_08
1RB1LA_0LC1RD_0LA1RC_1LA0RC	CBT_QS_06
1RB1LA_0LC1RD_0LA1RC_1LB0RC	CBT_DX1_08
1RB1LA_0LC1RD_0LA1RC_1LC0RC	CBT_QS_06
1RB1LA_0LC1RD_0LA1RC_1RA0RC	CBT_DX1_08
1RB1LA_0LC1RD_0LA1RC_1RB0RC	CBT_DX1_08
1RB1LA_0LC1RD_0LA1RC_1RC0RC	CBT_QS_06
1RB1LA_0LC1RD_0LB1RC_1LA0RC	CBT_SP_17
1RB1LA_0LC1RD_0RA1LA_0LA0RB	CBT_SP_39
1RB1LA_0LC1RD_0RA1LC_0LA0RB	CBT_SP_39
1RB1LA_0LC1RD_0RA1RD_0LA0RB	CBT_SP_39
1RB1LA_0LC1RD_0RD1LA_0LA0RB	CBT_DX2_09
1RB1LA_0LC1RD_0RD1RD_0LA0RB	CBT_DX2_09
1RB1LA_0LC1RD_1LA0LB_0LA0RB	CBT_QC_17
1RB1LA_0LC1RD_1LA0LC_0LA0RB	CBT_QC_17
1RB1LA_0LC1RD_1LA0RB_0LA0RB	CBT_QC_17
1RB1LA_0LC1RD_1LA0RB_0LA1RC	CBT_SPB_13
1RB1LA_0LC1RD_1LA0RB_0LC1RC	CBT_SPB_13
1RB1LA_0LC1RD_1LA0RB_0LD1RC	CBT_SPB_13
1RB1LA_0LC1RD_1LA0RB_0RB1RC	CBT_SPB_13
1RB1LA_0LC1RD_1LA0RB_1LA1RC	CBT_SPB_13
1RB1LA_0LC1RD_1LA0RB_1LB1RC	CBT_SPB_13
1RB1LA_0LC1RD_1LA0RB_1LD1RC	CBT_SPB_13
1RB1LA_0LC1RD_1LA0RB_1RA1RC	CBT_SPB_13
1RB1LA_0LC1RD_1LA0RB_1RB1RC	CBT_SPB_13
1RB1LA_0LC1RD_1LA0RB_1RC1RC	CBT_SPB_13
1RB1LA_0LC1RD_1LA0RC_0LA0RB	CBT_QC_17
1RB1LA_0LC1RD_1LA1LA_0LA0RB	CBT_QC_17
1RB1LA_0LC1RD_1LA1LB_0LA0RB	CBT_QC_17
1RB1LA_0LC1RD_1LA1LB_0RC0RD	CBT_NG_14
1RB1LA_0LC1RD_1LA1LC_0LA0RB	CBT_QC_17
1RB1LA_0LC1RD_1LA1LC_1LC0RB	CBT_SPB_13
1RB1LA_0LC1RD_1LA1LC_1RB0RB	CBT_SPB_14
1RB1LA_0LC1RD_1LA1LD_1LC0RB	CBT_SP_39
1RB1LA_0LC1RD_1LA1RC_0LA0RB	CBT_QC_17
1RB1LA_0LC1RD_1LA1RC_0LA0RC	CBT_DXQ_01
1RB1LA_0LC1RD_1LA1RC_0LC0RC	CBT_DXQ_01
1RB1LA_0LC1RD_1LA1RC_0RA0RB	CBT_LEF_02
1RB1LA_0LC1RD_1LA1RC_0RB0RC	CBT_SP_17
1RB1LA_0LC1RD_1LA1RC_1LA0RC	CBT_DXQ_01
1RB1LA_0LC1RD_1LA1RC_1LC0RC	CBT_DXQ_01
1RB1LA_0LC1RD_1LA1RC_1RA0RB	CBT_LEF_02
1RB1LA_0LC1RD_1LA1RC_1RA0RC	CBT_SP_17
1RB1LA_0LC1RD_1LA1RC_1RB0RC	CBT_SP_17
1RB1LA_0LC1RD_1LA1RC_1RC0RC	CBT_DXQ_01
1RB1LA_0LC1RD_1LA1RD_0LA0RB	CBT_QC_17
1RB1LA_0LC1RD_1LB1LA_1LC0RD	CBT_SP_39
1RB1LA_0LC1RD_1LC1LA_0LA0RB	CBT_SP_39
1RB1LA_0LC1RD_1LD1LA_0LA0RB	CBT_QC_17
1RB1LA_0LC1RD_1LD1RC_0LA0RB	CBT_QC_17
1RB1LA_0LC1RD_1LD1RD_0LA0RB	CBT_QC_17
1RB1LA_0LC1RD_1RA0LB_0LA0RB	CBT_DX2_09
1RB1LA_0LC1RD_1RA1LA_0LA0RB	CBT_SP_39
1RB1LA_0LC1RD_1RA1LC_0LA0RB	CBT_SP_39
1RB1LA_0LC1RD_1RA1RD_0LA0RB	CBT_SP_39
1RB1LA_0LC1RD_1RB1LA_0LA0RB	CBT_SP_39
1RB1LA_0LC1RD_1RB1LC_0LA0RB	CBT_SP_39
1RB1LA_0LC1RD_1RB1LC_1LA0RB	CBT_SP_39
1RB1LA_0LC1RD_1RB1RD_0LA0RB	CBT_DX2_09
1RB1LA_0LC1RD_1RD0LB_0LA0RB	CBT_QC_17
1RB1LA_0LC1RD_1RD0LC_0LA0RB	CBT_QC_17
1RB1LA_0LC1RD_1RD0RB_0LA0RB	CBT_QC_17
1RB1LA_0LC1RD_1RD0RB_0LA1RC	CBT_CE_02
1RB1LA_0LC1RD_1RD0RC_0LA0RB	CBT_QC_17
1RB1LA_0LC1RD_1RD1LA_0LA0RB	CBT_QC_17
1RB1LA_0LC1RD_1RD1LB_0LA0RB	CBT_QC_17
1RB1LA_0LC1RD_1RD1LB_0RA0RC	CBT_SPW_08
1RB1LA_0LC1RD_1RD1LC_0LA0RB	CBT_QC_17
1RB1LA_0LC1RD_1RD1RC_0LA0RB	CBT_QC_17
1RB1LA_0LC1RD_1RD1RD_0LA0RB	CBT_QC_17
1RB1LA_0RC0LD_1LD1RC_0RA1LB	CBT_QC_18
1RB1LA_0RC0RB_0LD1LA_1LD0LA	CBT_HY_02
1RB1LA_0RC0RB_0RD1LA_1LD0LA	CBT_HY_02
1RB1LA_0RC0RB_0RD1RA_1LD0LA	CBT_HY_02
1RB1LA_0RC0RB_1LD1LA_1LC0LA	CBT_HY_02
1RB1LA_0RC0RB_1LD1LA_1LD0LA	CBT_HY_02
1RB1LA_0RC0RB_1LD1RA_1LC0LA	CBT_HY_02
1RB1LA_0RC0RB_1LD1RA_1LD0LA	CBT_HY_02
1RB1LA_0RC0RB_1LD1RC_0LA1LD	CBT_HY_02
1RB1LA_0RC0RC_0LD1RC_1LA1LA	CBT_QS_09
1RB1LA_0RC0RC_0LD1RC_1LC1LA	CBT_QS_09
1RB1LA_0RC0RC_0LD1RC_1LD1LA	CBT_QS_10
1RB1LA_0RC0RC_0LD1RC_1RC1LA	CBT_QS_09
1RB1LA_0RC0RC_1LC1LD_0RA0LA	CBT_TA_05
1RB1LA_0RC0RC_1LC1LD_1RB0LA	CBT_TA_05
1RB1LA_0RC0RC_1LC1RD_0LA1RD	CBT_QS_06
1RB1LA_0RC0RC_1LD1LA_1LD0LA	CBT_SP_17
1RB1LA_0RC0RC_1LD1RC_0LC0LA	CBT_TI_00
1RB1LA_0RC0RC_1LD1RC_1LA0LA	CBT_DXS_00
1RB1LA_0RC0RC_1LD1RC_1LC0LA	CBT_DXS_00
1RB1LA_0RC0RC_1LD1RC_1LD0LA	CBT_TI_00
1RB1LA_0RC0RC_1LD1RC_1RA0LA	CBT_DXS_00
1RB1LA_0RC0RC_1LD1RC_1RC0LA	CBT_DXS_00
1RB1LA_0RC0RD_0LC1LD_0LA1RD	CBT_QS_06
1RB1LA_0RC0RD_0LC1RD_0LA1RC	CBT_SW_07
1RB1LA_0RC0RD_0LD0LA_1LC1RD	CBT_TI_00
1RB1LA_0RC0RD_1LA0LA_1LC1RD	CBT_DX1_08
1RB1LA_0RC0RD_1LA1LA_0LC1RD	CBT_QS_09
1RB1LA_0RC0RD_1LA1RC_0LC0LA	CBT_SP_17
1RB1LA_0RC0RD_1LA1RC_1LC0LA	CBT_SP_17
1RB1LA_0RC0RD_1LA1RC_1LD0LA	CBT_SP_17
1RB1LA_0RC0RD_1LB1LD_0LA1RD	CBT_QS_06
1RB1LA_0RC0RD_1LC0LA_0LA0LA	CBT_SP_17
1RB1LA_0RC0RD_1LC0LA_0LA1LB	CBT_SP_17
1RB1LA_0RC0RD_1LC0LA_0LB0LA	CBT_SP_17
1RB1LA_0RC0RD_1LC0LA_0LB1LB	CBT_SP_17
1RB1LA_0RC0RD_1LC0LA_0RA0LA	CBT_SP_17
1RB1LA_0RC0RD_1LC0LA_0RA1LB	CBT_SP_17
1RB1LA_0RC0RD_1LC0LA_0RC0LA	CBT_SP_17
1RB1LA_0RC0RD_1LC0LA_0RC1LB	CBT_SP_17
1RB1LA_0RC0RD_1LC0LA_0RD0LA	CBT_SP_17
1RB1LA_0RC0RD_1LC0LA_0RD1LB	CBT_SP_17
1RB1LA_0RC0RD_1LC0LA_1LA0LA	CBT_SP_17
1RB1LA_0RC0RD_1LC0LA_1LA1LB	CBT_SP_17
1RB1LA_0RC0RD_1LC0LA_1LB0LA	CBT_SP_17
1RB1LA_0RC0RD_1LC0LA_1LB1LB	CBT_SP_17
1RB1LA_0RC0RD_1LC0LA_1LC0LA	CBT_SP_17
1RB1LA_0RC0RD_1LC0LA_1LC1LA	CBT_SP_17
1RB1LA_0RC0RD_1LC0LA_1LC1LB	CBT_SP_17
1RB1LA_0RC0RD_1LC0LA_1LC1RD	CBT_DX1_08
1RB1LA_0RC0RD_1LC0LA_1LD0LA	CBT_SP_17
1RB1LA_0RC0RD_1LC0LA_1LD1LB	CBT_SP_17
1RB1LA_0RC0RD_1LC0LA_1RA0LA	CBT_SP_17
1RB1LA_0RC0RD_1LC0LA_1RA1LB	CBT_SP_17
1RB1LA_0RC0RD_1LC0LA_1RB0LA	CBT_SP_17
1RB1LA_0RC0RD_1LC0LA_1RB1LB	CBT_SP_17
1RB1LA_0RC0RD_1LC0LA_1RC0LA	CBT_SP_17
1RB1LA_0RC0RD_1LC0LA_1RC0RC	CBT_AST_00
1RB1LA_0RC0RD_1LC0LA_1RC1LB	CBT_SP_17
1RB1LA_0RC0RD_1LC0LA_1RC1RD	CBT_SP_17
1RB1LA_0RC0RD_1LC0LA_1RD1LB	CBT_SP_17
1RB1LA_0RC0RD_1LC0RA_0RB0LC	CBT_SP_39
1RB1LA_0RC0RD_1LC1LA_0LC1RD	CBT_QS_10
1RB1LA_0RC0RD_1LC1LD_0LA0RB	CBT_CE_05
1RB1LA_0RC0RD_1LC1LD_0LA1RB	CBT_LE6_04
1RB1LA_0RC0RD_1LC1LD_0LA1RD	CBT_QS_06
1RB1LA_0RC0RD_1LC1RD_0RB0LA	CBT_DX0_01
1RB1LA_0RC0RD_1LD0LA_1LC1RD	CBT_DX1_08
1RB1LA_0RC0RD_1LD0LB_0LA1RB	CBT_NG_14
1RB1LA_0RC0RD_1LD0LD_0LA1RB	CBT_NG_14
1RB1LA_0RC0RD_1LD1LA_0LC1RD	CBT_QS_06
1RB1LA_0RC0RD_1LD1LD_0LA1RD	CBT_QS_06
1RB1LA_0RC0RD_1LD1RC_1LC0LA	CBT_TI_00
1RB1LA_0RC0RD_1LD1RC_1LD0LA	CBT_TI_00
1RB1LA_0RC0RD_1RD1LA_0LC1RD	CBT_QS_09
1RB1LA_0RC1LB_1LA1RD_1RC0LB	CBT_SP_39
1RB1LA_0RC1LB_1LD1RC_1LA0LB	CBT_QS_06
1RB1LA_0RC1LB_1RD0LB_0LA1RC	CBT_SP_39
1RB1LA_0RC1LB_1RD0LB_1LA1RC	CBT_SP_39
1RB1LA_0RC1LC_1RD0LB_0LA1RC	CBT_SW_04
1RB1LA_0RC1LC_1RD0LB_1LA1RC	CBT_SW_04
1RB1LA_0RC1LD_1LB1RC_0LA0LB	CBT_LEF_02
1RB1LA_0RC1LD_1LB1RC_0RA0LB	CBT_SP_39
1RB1LA_0RC1LD_1RD1RB_0LB0LA	CBT_SPW_08
1RB1LA_0RC1RB_1LC0LD_0RA0LA	CBT_SP_17
1RB1LA_0RC1RB_1LC0LD_1LA0LA	CBT_SPW_08
1RB1LA_0RC1RB_1LC0LD_1LA1RC	CBT_SP_17
1RB1LA_0RC1RB_1LC0LD_1RA0LA	CBT_SP_17
1RB1LA_0RC1RB_1LC0LD_1RB0LA	CBT_SP_17
1RB1LA_0RC1RB_1LD0RB_0LD1LA	CBT_HY_02
1RB1LA_0RC1RB_1LD0RC_0LD1LA	CBT_HY_02
1RB1LA_0RC1RB_1LD1RC_0LA0LD	CBT_HY_02
1RB1LA_0RC1RC_0LC1RD_1LA0RB	CBT_NG_14
1RB1LA_0RC1RC_0LD0RB_1LA1LD	CBT_SPB_14
1RB1LA_0RC1RC_0LD0RD_0LA0RB	CBT_NG_14
1RB1LA_0RC1RC_0LD0RD_0LA0RD	CBT_NG_14
1RB1LA_0RC1RC_0LD0RD_0LA1LB	CBT_NG_14
1RB1LA_0RC1RC_0LD0RD_0LA1RB	CBT_NG_14
1RB1LA_0RC1RC_0LD0RD_0LA1RD	CBT_SW_04
1RB1LA_0RC1RC_0LD0RD_1LA1RD	CBT_DXQ_01
1RB1LA_0RC1RC_0LD1RD_0LA0RB	CBT_CE_02
1RB1LA_0RC1RC_1LA0RD_0LA1RD	CBT_DX1_08
1RB1LA_0RC1RC_1LA0RD_0LB1RD	CBT_SP_17
1RB1LA_0RC1RC_1LA0RD_1LA1RD	CBT_DXQ_01
1RB1LA_0RC1RC_1LD0RD_0LA1RD	CBT_DX1_08
1RB1LA_0RC1RC_1LD0RD_1LA1RD	CBT_DXQ_01
1RB1LA_0RC1RC_1LD1RA_0RA0LD	CBT_CE_02
1RB1LA_0RC1RC_1RD0RD_0LA1RD	CBT_DX1_08
1RB1LA_0RC1RC_1RD0RD_1LA1RD	CBT_DXQ_01
1RB1LA_0RC1RD_0LC1LD_0LA0RB	CBT_QC_18
1RB1LA_0RC1RD_0LD---_0LA0RB	CBT_DX2_09
1RB1LA_0RC1RD_1LA1RC_0LA0RC	CBT_DXQ_01
1RB1LA_0RC1RD_1LA1RC_0LC0RC	CBT_DXQ_01
1RB1LA_0RC1RD_1LA1RC_1LA0RC	CBT_DXQ_01
1RB1LA_0RC1RD_1LA1RC_1LC0RC	CBT_DXQ_01
1RB1LA_0RC1RD_1LA1RC_1RC0RC	CBT_DXQ_01
1RB1LA_0RC1RD_1LB0LD_0LA0RB	CBT_DX2_09
1RB1LA_0RC1RD_1LB1LD_0LA0RB	CBT_QC_18
1RB1LA_0RC1RD_1LC0LA_0LA0RB	CBT_SP_39
1RB1LA_0RC1RD_1LC0LA_0LD0RC	CBT_SP_17
1RB1LA_0RC1RD_1LC0LA_0RA0RC	CBT_SP_17
1RB1LA_0RC1RD_1LC0LA_0RB0RC	CBT_SP_17
1RB1LA_0RC1RD_1LC0LA_0RC0RC	CBT_SP_17
1RB1LA_0RC1RD_1LC0LA_0RD0RC	CBT_SP_17
1RB1LA_0RC1RD_1LC0LA_1LA0RC	CBT_SP_17
1RB1LA_0RC1RD_1LC0LA_1LB0RC	CBT_SP_17
1RB1LA_0RC1RD_1LC0LA_1LD0RC	CBT_SP_17
1RB1LA_0RC1RD_1LC0LA_1RA0RC	CBT_SP_17
1RB1LA_0RC1RD_1LC0LA_1RB0RC	CBT_SP_17
1RB1LA_0RC1RD_1LC0LA_1RD0RC	CBT_SP_18
1RB1LA_0RC1RD_1LC1LD_0LA0RB	CBT_QC_18
1RB1LA_0RC1RD_1LC1LD_0LA0RD	CBT_CE2_18
1RB1LA_0RC1RD_1LD0LA_0LA0RB	CBT_SP_39
1RB1LA_0RC1RD_1LD0LB_0LA0RB	CBT_DX2_09
1RB1LA_0RC1RD_1LD0LB_0LA0RD	CBT_NG_14
1RB1LA_0RC1RD_1LD0LD_0LA0RB	CBT_DX2_09
1RB1LA_0RC1RD_1LD0LD_0LA0RD	CBT_NG_14
1RB1LA_0RC1RD_1LD1LD_0LA0RB	CBT_QC_18
1RB1LA_1LA0LC_0LB0RD_1RD1LB	CBT_QC_18
1RB1LA_1LA0LC_0LB0RD_1RD1LC	CBT_QC_18
1RB1LA_1LA0LC_0RD1RC_0LA1RD	CBT_DX1_08
1RB1LA_1LA0LC_1RD0LC_0RD0LA	CBT_DX2_09
1RB1LA_1LA0LC_1RD0LC_0RD1LB	CBT_QC_18
1RB1LA_1LA0RC_0LA0RD_1LD0LA	CBT_TA_06
1RB1LA_1LA0RC_0LA1RC_------	CBT_DX1_08
1RB1LA_1LA0RC_0LA1RD_0LA1RC	CBT_DX1_08
1RB1LA_1LA0RC_0LA1RD_0LA1RD	CBT_DX1_08
1RB1LA_1LA0RC_0LA1RD_0LD1RC	CBT_DX1_08
1RB1LA_1LA0RC_0LB0RD_0LB1RC	CBT_NG_14
1RB1LA_1LA0RC_0LB0RD_1LD0LA	CBT_TA_06
1RB1LA_1LA0RC_0LB1RD_0LA1RD	CBT_DX1_08
1RB1LA_1LA0RC_0LD0RB_1LD1LB	CBT_DX1_08
1RB1LA_1LA0RC_0LD1RC_1LA1LA	CBT_QS_09
1RB1LA_1LA0RC_0LD1RC_1LC1LA	CBT_QS_09
1RB1LA_1LA0RC_0LD1RC_1LD1LA	CBT_QS_10
1RB1LA_1LA0RC_0LD1RC_1RA1LA	CBT_DX1_08
1RB1LA_1LA0RC_0LD1RC_1RB1LA	CBT_DX1_08
1RB1LA_1LA0RC_0LD1RC_1RC1LA	CBT_QS_09
1RB1LA_1LA0RC_0RA0RD_1LD0LA	CBT_AST_02
1RB1LA_1LA0RC_0RC0RD_1LD0LA	CBT_AST_01
1RB1LA_1LA0RC_0RD0RB_1LD1LB	CBT_SP_18
1RB1LA_1LA0RC_0RD0RD_1LD0LA	CBT_TA_06
1RB1LA_1LA0RC_1LA0RD_1LD0LA	CBT_TA_06
1RB1LA_1LA0RC_1LB0RD_1LD0LA	CBT_TA_06
1RB1LA_1LA0RC_1LB1RD_0LA1RD	CBT_DX1_08
1RB1LA_1LA0RC_1LC0RD_1LD0LA	CBT_TA_06
1RB1LA_1LA0RC_1LC1LD_0RA0LA	CBT_TA_06
1RB1LA_1LA0RC_1LC1LD_1RB0LA	CBT_TA_06
1RB1LA_1LA0RC_1LC1RD_0LA1RD	CBT_QS_06
1RB1LA_1LA0RC_1LD0RB_1LD1LA	CBT_SP_18
1RB1LA_1LA0RC_1LD0RB_1LD1RA	CBT_SP_18
1RB1LA_1LA0RC_1LD0RC_0LD0RA	CBT_DX2_09
1RB1LA_1LA0RC_1LD0RC_0LD0RB	CBT_QC_18
1RB1LA_1LA0RC_1LD0RD_1LD0LA	CBT_TA_07
1RB1LA_1LA0RC_1LD1LA_1LD0LA	CBT_SP_18
1RB1LA_1LA0RC_1LD1RC_---0LA	CBT_DX1_08
1RB1LA_1LA0RC_1LD1RC_0LD0RB	CBT_QC_18
1RB1LA_1LA0RC_1RA0RD_1LD0LA	CBT_TA_06
1RB1LA_1LA0RC_1RB0RD_1LD0LA	CBT_AST_02
1RB1LA_1LA0RC_1RC0RD_1LD0LA	CBT_TA_07
1RB1LA_1LA0RC_1RD0RD_1LD0LA	CBT_TA_11
1RB1LA_1LA0RC_1RD1RC_0LD0LA	CBT_DX1_08
1RB1LA_1LA0RC_1RD1RC_1LD0LA	CBT_SP_18
1RB1LA_1LA1LC_1LB0RD_0LB1RD	CBT_QC_18
1RB1LA_1LA1LC_1LB0RD_0LC1RD	CBT_QC_18
1RB1LA_1LA1LC_1RD0LC_0RD1LA	CBT_QC_18
1RB1LA_1LA1LC_1RD0LC_0RD1RA	CBT_QC_18
1RB1LA_1LA1RC_---0RD_0LA1RD	CBT_DX1_08
1RB1LA_1LA1RC_0LA0RB_------	CBT_SP2_05
1RB1LA_1LA1RC_0LA0RD_0LB1RD	CBT_SW_00
1RB1LA_1LA1RC_0LA0RD_1LA1RD	CBT_DXQ_01
1RB1LA_1LA1RC_0LA0RD_1LB1RC	CBT_SP2_05
1RB1LA_1LA1RC_0LA0RD_1RA1RC	CBT_SP2_05
1RB1LA_1LA1RC_0LA1RD_0LA0RB	CBT_CE_02
1RB1LA_1LA1RC_0LA1RD_0LB0RB	CBT_SPB_14
1RB1LA_1LA1RC_0LA1RD_0LB0RD	CBT_NG_14
1RB1LA_1LA1RC_0LA1RD_0LD0RB	CBT_SP2_05
1RB1LA_1LA1RC_0LA1RD_0RB0LC	CBT_SP2_05
1RB1LA_1LA1RC_0LA1RD_0RB0RB	CBT_SP2_05
1RB1LA_1LA1RC_0LA1RD_0RC0RB	CBT_SP2_05
1RB1LA_1LA1RC_0LA1RD_1LA0RB	CBT_SP2_05
1RB1LA_1LA1RC_0LA1RD_1LC0RB	CBT_SP2_06
1RB1LA_1LA1RC_0LA1RD_1LD0RB	CBT_SP2_06
1RB1LA_1LA1RC_0LA1RD_1RB0RB	CBT_SP2_06
1RB1LA_1LA1RC_0LA1RD_1RC0RB	CBT_SP2_06
1RB1LA_1LA1RC_0LC1RD_0LA0RB	CBT_SPB_14
1RB1LA_1LA1RC_0LD0RB_---1LA	CBT_SP_39
1RB1LA_1LA1RC_0LD0RB_1LA1LD	CBT_SPB_14
1RB1LA_1LA1RC_0LD0RB_1RB1LD	CBT_QC_18
1RB1LA_1LA1RC_0LD0RD_1LA1RD	CBT_DXQ_01
1RB1LA_1LA1RC_0LD1RD_0LB0RD	CBT_NG_14
1RB1LA_1LA1RC_0RA0RD_0LB1RC	CBT_LEF_02
1RB1LA_1LA1RC_0RB1RD_1LA0LD	CBT_SP_18
1RB1LA_1LA1RC_0RC1LD_1LA0LD	CBT_QC_18
1RB1LA_1LA1RC_0RD0LB_0LA1RD	CBT_DX1_08
1RB1LA_1LA1RC_0RD1RD_1LA0LD	CBT_DXQ_02
1RB1LA_1LA1RC_1LA0RD_0LB1RD	CBT_SP_18
1RB1LA_1LA1RC_1LA0RD_1LA1RD	CBT_DXQ_02
1RB1LA_1LA1RC_1LA1RD_0LA0RB	CBT_SP2_06
1RB1LA_1LA1RC_1LB1RD_0LA0RB	CBT_SP2_06
1RB1LA_1LA1RC_1LD0RB_0RC0LD	CBT_QC_18
1RB1LA_1LA1RC_1LD0RD_1LA1RD	CBT_DXQ_02
1RB1LA_1LA1RC_1RA0RD_0LB1RC	CBT_LEF_02
1RB1LA_1LA1RC_1RA0RD_1LA1RB	CBT_NG_14
1RB1LA_1LA1RC_1RA0RD_1LA1RD	CBT_SP_18
1RB1LA_1LA1RC_1RB0LD_0RA1LC	CBT_SW_04
1RB1LA_1LA1RC_1RB0LD_0RC1LC	CBT_SW_06
1RB1LA_1LA1RC_1RB0LD_0RC1LD	CBT_SP_39
1RB1LA_1LA1RC_1RB0LD_0RD1LC	CBT_SW_06
1RB1LA_1LA1RC_1RB0LD_1LA1LC	CBT_SP_18
1RB1LA_1LA1RC_1RB0LD_1LC1LC	CBT_SP_18
1RB1LA_1LA1RC_1RB0LD_1RA1LC	CBT_SPW_09
1RB1LA_1LA1RC_1RB0LD_1RC1LC	CBT_SPW_09
1RB1LA_1LA1RC_1RB0LD_1RD1LC	CBT_SP_18
1RB1LA_1LA1RC_1RB0RD_1LA1RD	CBT_SP_18
1RB1LA_1LA1RC_1RB1LD_0LB0LC	CBT_SPW_09
1RB1LA_1LA1RC_1RB1LD_0RA0LC	CBT_SP_18
1RB1LA_1LA1RC_1RC1RD_1LA0LD	CBT_DXQ_02
1RB1LA_1LA1RC_1RD0LB_0LA0RB	CBT_SP2_06
1RB1LA_1LA1RC_1RD0RD_1LA1RD	CBT_DXQ_02
1RB1LA_1LA1RC_1RD1RD_0LA0RB	CBT_SP2_06
1RB1LA_1LB0RC_0LD1RC_1LA1LA	CBT_QS_10
1RB1LA_1LB0RC_0LD1RC_1LC1LA	CBT_QS_10
1RB1LA_1LB0RC_0LD1RC_1LD1LA	CBT_QS_10
1RB1LA_1LB0RC_0LD1RC_1RC1LA	CBT_QS_10
1RB1LA_1LB0RC_1LC1LD_0RA0LA	CBT_TA_07
1RB1LA_1LB0RC_1LC1LD_1RB0LA	CBT_TA_07
1RB1LA_1LB0RC_1LC1RD_0LA1RD	CBT_QS_06
1RB1LA_1LB0RC_1LD1LA_1LD0LA	CBT_SP_18
1RB1LA_1LB0RC_1LD1RC_1LC0LA	CBT_DXS_00
1RB1LA_1LB0RC_1LD1RC_1RC0LA	CBT_DXS_00
1RB1LA_1LB1LC_0LD0LC_1RD0RA	CBT_SPW_09
1RB1LA_1LB1LC_1RD0LC_0RD1LA	CBT_QC_18
1RB1LA_1LB1LC_1RD0LC_0RD1RA	CBT_QC_18
1RB1LA_1LB1RC_0LA0RB_------	CBT_SPB_14
1RB1LA_1LB1RC_0LA0RD_1LA1RD	CBT_DXQ_02
1RB1LA_1LB1RC_0LC0RD_1LD0LA	CBT_SP_18
1RB1LA_1LB1RC_0LD0RB_---1LA	CBT_SP_39
1RB1LA_1LB1RC_0LD0RD_1LA1RD	CBT_DXQ_02
1RB1LA_1LB1RC_0RA0RD_1LD0LA	CBT_SP_18
1RB1LA_1LB1RC_0RB0RD_1LD0LA	CBT_SP_18
1RB1LA_1LB1RC_0RC0RD_1LD0LA	CBT_SP_18
1RB1LA_1LB1RC_0RC1LD_1LA0LD	CBT_QC_18
1RB1LA_1LB1RC_0RD0RD_1LD0LA	CBT_SP_18
1RB1LA_1LB1RC_1LA0RD_1LA1RD	CBT_DXQ_02
1RB1LA_1LB1RC_1LA0RD_1LD0LA	CBT_SP_18
1RB1LA_1LB1RC_1LB0RD_1LD0LA	CBT_SP_18
1RB1LA_1LB1RC_1LC0RD_1LD0LA	CBT_SP_18
1RB1LA_1LB1RC_1LD0RD_1LA1RD	CBT_DXQ_02
1RB1LA_1LB1RC_1RA0RD_1LD0LA	CBT_SP_18
1RB1LA_1LB1RC_1RB0RD_1LD0LA	CBT_SP_18
1RB1LA_1LB1RC_1RC0RD_1LD0LA	CBT_SP_18
1RB1LA_1LB1RC_1RD0RD_1LA1RD	CBT_DXQ_02
1RB1LA_1LC0LC_1RD1LB_1LA0RD	CBT_CE2_11
1RB1LA_1LC0LD_0LA1RC_0RC1RD	CBT_DX1_08
1RB1LA_1LC0LD_1RC0LB_1RD0RA	CBT_DX0_01
1RB1LA_1LC0RA_0LD1LC_0RA0LA	CBT_SP_18
1RB1LA_1LC0RA_0LD1LC_1LA0LA	CBT_SP_18
1RB1LA_1LC0RA_0LD1LC_1RA0LA	CBT_SP_18
1RB1LA_1LC0RA_0LD1LC_1RD0LA	CBT_SP_18
1RB1LA_1LC0RA_0RB1LD_0LC0LD	CBT_NG_14
1RB1LA_1LC0RA_1LD0LC_0RB1LC	CBT_NG_14
1RB1LA_1LC0RA_1LD0LD_0RB0LC	CBT_AST_16
1RB1LA_1LC0RA_1RD0LB_0LA1RC	CBT_SP_18
1RB1LA_1LC0RA_1RD0LB_1LA1RC	CBT_SP_18
1RB1LA_1LC0RA_1RD0LB_1LB1RC	CBT_SP_18
1RB1LA_1LC0RB_0LA0LD_1RA0RB	CBT_HY_02
1RB1LA_1LC0RB_0LA0LD_1RD0RB	CBT_HY_02
1RB1LA_1LC0RB_0LA1RD_1LA0RD	CBT_HY_02
1RB1LA_1LC0RB_0LA1RD_1RC0RD	CBT_HY_02
1RB1LA_1LC0RB_0LC0RD_0LA1RD	CBT_DX2_09
1RB1LA_1LC0RB_0LC0RD_1LA1RD	CBT_QC_18
1RB1LA_1LC0RB_0LC1RD_0RB0LA	CBT_QE_03
1RB1LA_1LC0RB_0LC1RD_0RB1LA	CBT_QE_03
1RB1LA_1LC0RB_0LC1RD_0RD0LA	CBT_DX2_09
1RB1LA_1LC0RB_0LD0RA_0LD1RB	CBT_DX2_09
1RB1LA_1LC0RB_0LD0RA_1LC1RB	CBT_LE6_04
1RB1LA_1LC0RB_0LD0RA_1LC1RD	CBT_LE6_04
1RB1LA_1LC0RB_0LD1RA_0LD0RA	CBT_DX2_09
1RB1LA_1LC0RB_0RD0LC_1RD0LA	CBT_DX2_09
1RB1LA_1LC0RB_1LD0RA_0LC0LA	CBT_DX2_09
1RB1LA_1LC0RB_1LD0RA_0LC1LA	CBT_QC_18
1RB1LA_1LC0RB_1LD0RA_0LC1RA	CBT_DX2_09
1RB1LA_1LC0RB_1LD0RA_0LD1RB	CBT_CE2_17
1RB1LA_1LC0RB_1LD1LA_0LC0RA	CBT_SP_39
1RB1LA_1LC0RB_1LD1RB_0LC0RA	CBT_DX2_10
1RB1LA_1LC0RB_1LD1RB_0LC1RA	CBT_SP_39
1RB1LA_1LC0RB_1LD1RC_0LC0LA	CBT_DX0_01
1RB1LA_1LC0RB_1LD1RC_0LC0RA	CBT_DX2_10
1RB1LA_1LC0RC_0LA1RC_------	CBT_DX1_08
1RB1LA_1LC0RC_0LA1RD_0LA1RC	CBT_DX1_09
1RB1LA_1LC0RC_0LA1RD_0LA1RD	CBT_DX1_09
1RB1LA_1LC0RC_0LA1RD_0LD1RC	CBT_DX1_09
1RB1LA_1LC0RC_0LB1RD_0LA1RD	CBT_DX1_09
1RB1LA_1LC0RC_0LD1RC_1LA1LA	CBT_QS_10
1RB1LA_1LC0RC_0LD1RC_1LC1LA	CBT_QS_10
1RB1LA_1LC0RC_0LD1RC_1LD1LA	CBT_QS_10
1RB1LA_1LC0RC_0LD1RC_1RA1LA	CBT_DX1_09
1RB1LA_1LC0RC_0LD1RC_1RB1LA	CBT_DX1_09
1RB1LA_1LC0RC_0LD1RC_1RC1LA	CBT_QS_10
1RB1LA_1LC0RC_1LB1RD_0LA1RD	CBT_DX1_09
1RB1LA_1LC0RC_1LC1LD_0RA0LA	CBT_TA_07
1RB1LA_1LC0RC_1LC1LD_1RB0LA	CBT_TA_07
1RB1LA_1LC0RC_1LC1RD_0LA1RD	CBT_QS_06
1RB1LA_1LC0RC_1LD1LA_1LD0LA	CBT_SP_18
1RB1LA_1LC0RC_1LD1RC_0LC0LA	CBT_DXS_00
1RB1LA_1LC0RC_1LD1RC_0RA0LA	CBT_DXS_00
1RB1LA_1LC0RC_1LD1RC_0RB0LA	CBT_DX1_09
1RB1LA_1LC0RC_1LD1RC_0RD0LA	CBT_DX1_09
1RB1LA_1LC0RC_1LD1RC_1LA0LA	CBT_DX1_09
1RB1LA_1LC0RC_1LD1RC_1LB0LA	CBT_DXS_00
1RB1LA_1LC0RC_1LD1RC_1LC0LA	CBT_DXS_01
1RB1LA_1LC0RC_1LD1RC_1LD0LA	CBT_DXS_01
1RB1LA_1LC0RC_1LD1RC_1RA0LA	CBT_DX1_09
1RB1LA_1LC0RC_1LD1RC_1RB0LA	CBT_DXS_01
1RB1LA_1LC0RC_1LD1RC_1RC0LA	CBT_DXS_01
1RB1LA_1LC0RC_1LD1RC_1RD0LA	CBT_DXS_01
1RB1LA_1LC0RC_1RD1RC_0LD0LA	CBT_DX1_09
1RB1LA_1LC0RC_1RD1RC_1LD0LA	CBT_SP_18
1RB1LA_1LC0RD_0LA1RC_0LA1RC	CBT_DX1_09
1RB1LA_1LC0RD_0LA1RC_0LB1RC	CBT_DX1_09
1RB1LA_1LC0RD_0LA1RC_0RB1RC	CBT_DX1_09
1RB1LA_1LC0RD_0LA1RC_1LB1RC	CBT_DX1_09
1RB1LA_1LC0RD_0LA1RC_1LD1RC	CBT_QS_06
1RB1LA_1LC0RD_0LA1RD_0LA1RC	CBT_DX1_09
1RB1LA_1LC0RD_0LB0RA_1LB0RB	CBT_DX2_10
1RB1LA_1LC0RD_0LC1RA_0LB1RD	CBT_DX1_09
1RB1LA_1LC0RD_0LC1RD_0LA1RC	CBT_DX1_09
1RB1LA_1LC0RD_0LC1RD_1RA0RB	CBT_DX0_01
1RB1LA_1LC0RD_0RA0LC_0LA1RD	CBT_LE_00
1RB1LA_1LC0RD_0RA1LA_0LB1RD	CBT_DX1_09
1RB1LA_1LC0RD_0RA1LB_0LB1RD	CBT_SP_39
1RB1LA_1LC0RD_0RA1LB_0LC1RD	CBT_SP_39
1RB1LA_1LC0RD_0RA1RA_0LB1RD	CBT_DX1_09
1RB1LA_1LC0RD_0RB0LC_0LA1RD	CBT_CE3_01
1RB1LA_1LC0RD_0RC1LA_0LB1RD	CBT_DX1_09
1RB1LA_1LC0RD_1LA0LB_1RB0RD	CBT_HY_02
1RB1LA_1LC0RD_1LA1LA_0LB1RD	CBT_DX1_09
1RB1LA_1LC0RD_1LA1LA_0LC1RD	CBT_QS_10
1RB1LA_1LC0RD_1LA1LB_0LB1RD	CBT_SP2_06
1RB1LA_1LC0RD_1LA1LB_0LC1RD	CBT_SP2_06
1RB1LA_1LC0RD_1LA1RA_0LB1RD	CBT_DX1_09
1RB1LA_1LC0RD_1LB0RA_0RB0LB	CBT_DX2_10
1RB1LA_1LC0RD_1LC0RA_0RB0LB	CBT_DX2_10
1RB1LA_1LC0RD_1LC0RA_0RB0LC	CBT_SP_39
1RB1LA_1LC0RD_1LC1LA_0LB1RD	CBT_DX1_09
1RB1LA_1LC0RD_1LC1LA_0LC1RD	CBT_QS_10
1RB1LA_1LC0RD_1LC1RA_0LB1RD	CBT_DX1_09
1RB1LA_1LC0RD_1LD1LA_0LB1RD	CBT_DX1_09
1RB1LA_1LC0RD_1LD1LA_0LC1RD	CBT_QS_10
1RB1LA_1LC0RD_1LD1RA_0LB1RD	CBT_DX1_09
1RB1LA_1LC0RD_1RA0LB_1RB0RD	CBT_HY_02
1RB1LA_1LC0RD_1RA1LA_0LB1RD	CBT_DX1_09
1RB1LA_1LC0RD_1RA1LA_0LC1RD	CBT_DX1_09
1RB1LA_1LC0RD_1RA1LB_0LB1RD	CBT_SP2_06
1RB1LA_1LC0RD_1RA1LB_0LC1RD	CBT_SP2_06
1RB1LA_1LC0RD_1RA1RA_0LB1RD	CBT_DX1_09
1RB1LA_1LC0RD_1RB1LA_0LB1RD	CBT_DX1_09
1RB1LA_1LC0RD_1RB1LA_0LC1RD	CBT_DX1_09
1RB1LA_1LC0RD_1RB1RA_0LB1RD	CBT_DX1_09
1RB1LA_1LC0RD_1RC1LA_0LB1RD	CBT_DX1_09
1RB1LA_1LC0RD_1RC1RA_0LB1RD	CBT_DX1_09
1RB1LA_1LC0RD_1RD1LA_0LB1RD	CBT_DX1_09
1RB1LA_1LC0RD_1RD1LA_0LC1RD	CBT_QS_10
1RB1LA_1LC0RD_1RD1RA_0LB1RD	CBT_DX1_09
1RB1LA_1LC1LC_1RD0LB_0LA1RC	CBT_SP_18
1RB1LA_1LC1LC_1RD0LB_1LA1RC	CBT_SP_18
1RB1LA_1LC1LD_0LA1RD_1RC0LB	CBT_SPW_09
1RB1LA_1LC1LD_0RC1RA_1RC0LD	CBT_QC_18
1RB1LA_1LC1RB_---1LD_0RA0LA	CBT_SP_18
1RB1LA_1LC1RB_---1LD_0RB0LA	CBT_SP_18
1RB1LA_1LC1RB_---1LD_1LA0LA	CBT_SP_18
1RB1LA_1LC1RB_---1LD_1RA0LA	CBT_SP_18
1RB1LA_1LC1RB_---1LD_1RB0LA	CBT_SP_18
1RB1LA_1LC1RB_0LA0LD_0RA0RB	CBT_SP_18
1RB1LA_1LC1RB_0LA0LD_1RA0RB	CBT_SP_18
1RB1LA_1LC1RB_0LA0LD_1RD0RB	CBT_SP_18
1RB1LA_1LC1RB_0RA1LD_0LB0LC	CBT_LEF_02
1RB1LA_1LC1RB_0RA1LD_0LC0LA	CBT_SP_18
1RB1LA_1LC1RB_0RA1LD_1LB0LA	CBT_SP_18
1RB1LA_1LC1RB_0RA1LD_1LB0LC	CBT_LEF_02
1RB1LA_1LC1RB_0RA1LD_1LC0LA	CBT_SP_18
1RB1LA_1LC1RB_0RB1LD_0LC0LA	CBT_SP_18
1RB1LA_1LC1RB_0RB1LD_0RA0LC	CBT_SP_39
1RB1LA_1LC1RB_0RB1LD_1LB0LA	CBT_SP_18
1RB1LA_1LC1RB_0RB1LD_1LC0LA	CBT_SP_19
1RB1LA_1LC1RB_1LA1LD_1LB0LA	CBT_SP_19
1RB1LA_1LC1RB_1LA1LD_1LC0LA	CBT_SP_19
1RB1LA_1LC1RB_1RA1LD_0LC0LA	CBT_SP_19
1RB1LA_1LC1RB_1RA1LD_1LB0LA	CBT_SP_19
1RB1LA_1LC1RB_1RA1LD_1LC0LA	CBT_SP_19
1RB1LA_1LC1RB_1RB1LD_1LB0LA	CBT_SP_19
1RB1LA_1LC1RB_1RB1LD_1LC0LA	CBT_SP_19
1RB1LA_1LC1RC_0LA0RD_0LA1RD	CBT_DX1_09
1RB1LA_1LC1RC_0LA0RD_0LB1RD	CBT_SW_04
1RB1LA_1LC1RC_0LA0RD_1LA1RD	CBT_DXQ_02
1RB1LA_1LC1RC_0LA0RD_1RA1RC	CBT_SPB_27
1RB1LA_1LC1RC_0LA1RD_0RA0RB	CBT_LE5_02
1RB1LA_1LC1RC_0LA1RD_0RB0LC	CBT_SP2_06
1RB1LA_1LC1RC_0LA1RD_0RB0RB	CBT_SPB_14
1RB1LA_1LC1RC_0LA1RD_1LA0RB	CBT_LE6_00
1RB1LA_1LC1RC_0LA1RD_1LC0RB	CBT_SPB_14
1RB1LA_1LC1RC_0LA1RD_1LD0RB	CBT_SPB_14
1RB1LA_1LC1RC_0LD0RD_0LA1RD	CBT_DX1_09
1RB1LA_1LC1RC_0LD0RD_1LA1RD	CBT_DXQ_02
1RB1LA_1LC1RC_0RA0LD_1LA1LC	CBT_SP_19
1RB1LA_1LC1RC_0RA0LD_1LC0LD	CBT_BLC6_05
1RB1LA_1LC1RC_1LA0RD_0LA1RD	CBT_QS_06
1RB1LA_1LC1RC_1LA0RD_1LA1RD	CBT_DXQ_02
1RB1LA_1LC1RC_1LA1RD_0LA0RB	CBT_SP2_06
1RB1LA_1LC1RC_1LD0RD_0LA1RD	CBT_QS_06
1RB1LA_1LC1RC_1LD0RD_1LA1RD	CBT_DXQ_02
1RB1LA_1LC1RC_1RA1RD_0LA0RB	CBT_SP2_06
1RB1LA_1LC1RC_1RA1RD_1RC0RB	CBT_NG_14
1RB1LA_1LC1RC_1RD0RD_0LA1RD	CBT_QS_06
1RB1LA_1LC1RC_1RD0RD_1LA1RD	CBT_DXQ_02
1RB1LA_1LC1RD_0LA1RC_---0RC	CBT_DX1_09
1RB1LA_1LC1RD_0LA1RC_0RC0LB	CBT_DX1_09
1RB1LA_1LC1RD_0LB1LA_1LB0RD	CBT_SP_39
1RB1LA_1LC1RD_0LB1RA_1LB0RD	CBT_SP_39
1RB1LA_1LC1RD_0LB1RC_0LA0RC	CBT_SW_04
1RB1LA_1LC1RD_0LB1RC_1LA0RC	CBT_SP_19
1RB1LA_1LC1RD_0LC1RA_0LA0RB	CBT_SP_39
1RB1LA_1LC1RD_0RA0LB_0LA0RB	CBT_QC_18
1RB1LA_1LC1RD_0RA0LC_0LA0RB	CBT_QC_18
1RB1LA_1LC1RD_0RA0RA_0LA0RB	CBT_QC_18
1RB1LA_1LC1RD_0RA0RB_0LA0RB	CBT_QC_18
1RB1LA_1LC1RD_0RA0RD_0LA0RB	CBT_QC_18
1RB1LA_1LC1RD_0RA1LA_0LA0RB	CBT_QC_18
1RB1LA_1LC1RD_0RA1LB_0LA0RB	CBT_QC_18
1RB1LA_1LC1RD_0RA1LC_0LA0RB	CBT_QC_18
1RB1LA_1LC1RD_0RA1RA_0LA0RB	CBT_QC_18
1RB1LA_1LC1RD_0RA1RB_0LA0RB	CBT_QC_18
1RB1LA_1LC1RD_0RA1RD_0LA0RB	CBT_QC_18
1RB1LA_1LC1RD_0RB0LB_0LA0RB	CBT_QC_18
1RB1LA_1LC1RD_0RB0LC_0LA0RB	CBT_QC_18
1RB1LA_1LC1RD_0RB0RA_0LA0RB	CBT_QC_18
1RB1LA_1LC1RD_0RB0RB_0LA0RB	CBT_QC_18
1RB1LA_1LC1RD_0RB0RB_0LA1RC	CBT_SPB_14
1RB1LA_1LC1RD_0RB0RC_0LA0RB	CBT_QC_18
1RB1LA_1LC1RD_0RB0RD_0LA0RB	CBT_QC_18
1RB1LA_1LC1RD_0RB1LA_0LA0RB	CBT_QC_19
1RB1LA_1LC1RD_0RB1LB_0LA0RB	CBT_QC_19
1RB1LA_1LC1RD_0RB1LC_0LA0RB	CBT_QC_19
1RB1LA_1LC1RD_0RB1RA_0LA0RB	CBT_QC_19
1RB1LA_1LC1RD_0RB1RB_0LA0RB	CBT_QC_19
1RB1LA_1LC1RD_0RB1RC_0LA0RB	CBT_QC_19
1RB1LA_1LC1RD_0RB1RD_0LA0RB	CBT_QC_19
1RB1LA_1LC1RD_0RC1LA_0LA0RB	CBT_SP_39
1RB1LA_1LC1RD_0RC1RA_0LA0RB	CBT_SPB_27
1RB1LA_1LC1RD_0RC1RD_0LA0RB	CBT_SP_39
1RB1LA_1LC1RD_0RD0RB_0LA1RC	CBT_SPB_14
1RB1LA_1LC1RD_1LA0LB_0LA0RB	CBT_QE_03
1RB1LA_1LC1RD_1LA0LC_0LA0RB	CBT_QE_03
1RB1LA_1LC1RD_1LA0LC_0RD1LC	CBT_QC_19
1RB1LA_1LC1RD_1LA0RA_0LA0RB	CBT_QE_03
1RB1LA_1LC1RD_1LA0RB_0LA0RB	CBT_QE_03
1RB1LA_1LC1RD_1LA0RB_0LA1RC	CBT_SPB_14
1RB1LA_1LC1RD_1LA0RC_0LA0RB	CBT_QE_03
1RB1LA_1LC1RD_1LA0RD_0LA0RB	CBT_QE_03
1RB1LA_1LC1RD_1LA0RD_0LB0RD	CBT_NG_14
1RB1LA_1LC1RD_1LA1LA_0LA0RB	CBT_QE_03
1RB1LA_1LC1RD_1LA1LA_0LB0RD	CBT_NG_14
1RB1LA_1LC1RD_1LA1LA_0LC0RB	CBT_SPB_14
1RB1LA_1LC1RD_1LA1LB_0LA0RB	CBT_QC_19
1RB1LA_1LC1RD_1LA1LB_0LB0RD	CBT_NG_14
1RB1LA_1LC1RD_1LA1LC_0LA0RB	CBT_QC_19
1RB1LA_1LC1RD_1LA1RA_0LA0RB	CBT_QE_03
1RB1LA_1LC1RD_1LA1RA_0LB0RD	CBT_NG_14
1RB1LA_1LC1RD_1LA1RB_0LA0RB	CBT_QE_03
1RB1LA_1LC1RD_1LA1RC_0LA0RB	CBT_QC_19
1RB1LA_1LC1RD_1LA1RC_0LA0RC	CBT_DXQ_02
1RB1LA_1LC1RD_1LA1RC_0LC0RC	CBT_DXQ_02
1RB1LA_1LC1RD_1LA1RC_0RB0RC	CBT_SP_19
1RB1LA_1LC1RD_1LA1RC_1LA0RC	CBT_DXQ_02
1RB1LA_1LC1RD_1LA1RC_1LC0RC	CBT_DXQ_02
1RB1LA_1LC1RD_1LA1RC_1RA0RC	CBT_SP_19
1RB1LA_1LC1RD_1LA1RC_1RB0RC	CBT_SP_19
1RB1LA_1LC1RD_1LA1RC_1RC0RC	CBT_DXQ_02
1RB1LA_1LC1RD_1LA1RD_0LA0RB	CBT_QC_19
1RB1LA_1LC1RD_1LB0RA_0LA0RB	CBT_QC_19
1RB1LA_1LC1RD_1LB0RB_0LA0RB	CBT_QC_19
1RB1LA_1LC1RD_1LB1LA_0LA0RB	CBT_QC_19
1RB1LA_1LC1RD_1LB1RA_0LA0RB	CBT_QC_19
1RB1LA_1LC1RD_1LB1RB_0LA0RB	CBT_QC_19
1RB1LA_1LC1RD_1LB1RC_0LA0RB	CBT_QC_19
1RB1LA_1LC1RD_1LB1RD_0LA0RB	CBT_QC_19
1RB1LA_1LC1RD_1LC1LA_0LA0RB	CBT_SPB_14
1RB1LA_1LC1RD_1LC1LA_0LC0RB	CBT_SPB_14
1RB1LA_1LC1RD_1LC1RA_0LA0RB	CBT_SP_39
1RB1LA_1LC1RD_1LC1RD_0LA0RB	CBT_SP_39
1RB1LA_1LC1RD_1LD0LC_0RA0LC	CBT_BLC6_05
1RB1LA_1LC1RD_1LD0RB_0LA1RC	CBT_SPB_14
1RB1LA_1LC1RD_1RA0LB_0LA0RB	CBT_QC_19
1RB1LA_1LC1RD_1RA0LB_0RC0RB	CBT_AST_08
1RB1LA_1LC1RD_1RA0LC_0LA0RB	CBT_QC_19
1RB1LA_1LC1RD_1RA0RA_0LA0RB	CBT_QC_19
1RB1LA_1LC1RD_1RA0RB_0LA0RB	CBT_QC_19
1RB1LA_1LC1RD_1RA0RD_0LA0RB	CBT_QC_19
1RB1LA_1LC1RD_1RA0RD_0LB0RD	CBT_NG_14
1RB1LA_1LC1RD_1RA1LA_0LA0RB	CBT_QC_19
1RB1LA_1LC1RD_1RA1LA_0LB0RD	CBT_NG_14
1RB1LA_1LC1RD_1RA1LB_0LA0RB	CBT_QC_19
1RB1LA_1LC1RD_1RA1LB_0LB0RD	CBT_NG_14
1RB1LA_1LC1RD_1RA1LC_0LA0RB	CBT_QC_19
1RB1LA_1LC1RD_1RA1RA_0LA0RB	CBT_QC_19
1RB1LA_1LC1RD_1RA1RA_0LB0RD	CBT_NG_14
1RB1LA_1LC1RD_1RA1RB_0LA0RB	CBT_QC_19
1RB1LA_1LC1RD_1RA1RD_0LA0RB	CBT_QC_19
1RB1LA_1LC1RD_1RB0LB_0LA0RB	CBT_QC_19
1RB1LA_1LC1RD_1RB0RA_0LA0RB	CBT_QC_19
1RB1LA_1LC1RD_1RB0RB_0LA0RB	CBT_QC_19
1RB1LA_1LC1RD_1RB0RB_0LA1RC	CBT_SPB_14
1RB1LA_1LC1RD_1RB0RD_0LA0RB	CBT_QC_19
1RB1LA_1LC1RD_1RB1LA_0LA0RB	CBT_QC_19
1RB1LA_1LC1RD_1RB1LB_0LA0RB	CBT_QC_19
1RB1LA_1LC1RD_1RB1LC_0LA0RB	CBT_QC_19
1RB1LA_1LC1RD_1RB1RA_0LA0RB	CBT_QC_19
1RB1LA_1LC1RD_1RB1RB_0LA0RB	CBT_QC_19
1RB1LA_1LC1RD_1RB1RD_0LA0RB	CBT_QC_19
1RB1LA_1LC1RD_1RC0LB_0LA0RB	CBT_DX2_10
1RB1LA_1LC1RD_1RC1LA_0LA0RB	CBT_SP_39
1RB1LA_1LC1RD_1RC1RA_0LA0RB	CBT_LEF_02
1RB1LA_1LC1RD_1RC1RD_0LA0RB	CBT_SP_39
1RB1LA_1RC0LB_1LD0RD_0RD0LA	CBT_RW_03
1RB1LA_1RC0LC_0LA0RD_0LA1RD	CBT_DX1_09
1RB1LA_1RC0LC_0LD0RD_0LA1RD	CBT_DX1_09
1RB1LA_1RC0LC_1LA0RD_0LA1RD	CBT_DX1_09
1RB1LA_1RC0LC_1LD0RD_0LA1RD	CBT_DX1_09
1RB1LA_1RC0LC_1LD1RA_0RB0LD	CBT_SP_39
1RB1LA_1RC0LC_1LD1RA_0RC0LD	CBT_SP_39
1RB1LA_1RC0LC_1RD0RD_0LA1RD	CBT_DX1_09
1RB1LA_1RC0LD_0LA0RB_1LB0RC	CBT_CE3_01
1RB1LA_1RC0LD_0LA0RB_1LB1RB	CBT_CE3_01
1RB1LA_1RC0LD_0LA0RC_0LC1LB	CBT_BR_04
1RB1LA_1RC0LD_0LA1RB_0RB1LB	CBT_SW_06
1RB1LA_1RC0LD_0LA1RB_0RC1LB	CBT_SPW_09
1RB1LA_1RC0LD_0LA1RB_0RC1LD	CBT_SP_39
1RB1LA_1RC0LD_0LA1RB_0RD1LB	CBT_SW_06
1RB1LA_1RC0LD_0LA1RB_1LB1LB	CBT_SP_19
1RB1LA_1RC0LD_0LA1RB_1LC1LB	CBT_SPW_09
1RB1LA_1RC0LD_0LA1RB_1RB1LB	CBT_SPW_09
1RB1LA_1RC0LD_0LA1RB_1RD1LB	CBT_SP_19
1RB1LA_1RC0LD_0LA1RC_0RC1RD	CBT_DX1_09
1RB1LA_1RC0LD_1LA1RB_0RB1LB	CBT_DX1_09
1RB1LA_1RC0LD_1LA1RB_0RC1LB	CBT_SP_19
1RB1LA_1RC0LD_1LA1RB_0RC1LD	CBT_SP_39
1RB1LA_1RC0LD_1LA1RB_0RD1LB	CBT_DX1_09
1RB1LA_1RC0LD_1LA1RB_1LB1LB	CBT_SP_19
1RB1LA_1RC0LD_1LA1RB_1LC1LB	CBT_SP_19
1RB1LA_1RC0LD_1LA1RB_1RB1LB	CBT_SPW_09
1RB1LA_1RC0LD_1LA1RB_1RD1LB	CBT_SP_19
1RB1LA_1RC0LD_1RD0LA_1LC0RC	CBT_LEF_02
1RB1LA_1RC0LD_1RD1RB_1LA1LB	CBT_SPW_09
1RB1LA_1RC0RA_1LD1RA_1LA0LD	CBT_HY_02
1RB1LA_1RC0RA_1LD1RB_1LA0LD	CBT_HY_03
1RB1LA_1RC0RA_1LD1RC_1LA0LD	CBT_HY_03
1RB1LA_1RC0RB_0LC1LD_0LD1RA	CBT_HY_03
1RB1LA_1RC0RB_0LD0LA_0RA1LC	CBT_NG_14
1RB1LA_1RC0RB_0RD0RC_1LD0LA	CBT_HY_03
1RB1LA_1RC0RB_1LC1LD_---0LA	CBT_QE_03
1RB1LA_1RC0RB_1LD0LC_1LA0LC	CBT_NG_14
1RB1LA_1RC0RB_1LD0LC_1RA0LC	CBT_NG_14
1RB1LA_1RC0RB_1LD0LD_1LA0LC	CBT_NG_14
1RB1LA_1RC0RB_1LD0RB_1LA0LC	CBT_HY_03
1RB1LA_1RC0RB_1LD0RB_1RA0LC	CBT_HY_03
1RB1LA_1RC0RB_1LD0RC_1LD0LA	CBT_HY_03
1RB1LA_1RC0RB_1LD1RC_1LA0LC	CBT_HY_03
1RB1LA_1RC0RC_0LA0RD_1LD0LA	CBT_TI_00
1RB1LA_1RC0RC_0LA1RC_------	CBT_DX1_10
1RB1LA_1RC0RC_0LA1RD_0LA1RC	CBT_DX1_10
1RB1LA_1RC0RC_0LA1RD_0LA1RD	CBT_DX1_10
1RB1LA_1RC0RC_0LA1RD_0LD1RC	CBT_DX1_10
1RB1LA_1RC0RC_0LD0RB_1LD0LA	CBT_DX2_10
1RB1LA_1RC0RC_0LD1RC_1LA1LA	CBT_QS_10
1RB1LA_1RC0RC_0LD1RC_1LC1LA	CBT_QS_10
1RB1LA_1RC0RC_0LD1RC_1LD1LA	CBT_QS_10
1RB1LA_1RC0RC_0LD1RC_1RA1LA	CBT_DX1_10
1RB1LA_1RC0RC_0LD1RC_1RB1LA	CBT_DX1_10
1RB1LA_1RC0RC_0LD1RC_1RC1LA	CBT_QS_10
1RB1LA_1RC0RC_1LB1RD_0LA1RD	CBT_DX1_10
1RB1LA_1RC0RC_1LC1LD_0RA0LA	CBT_TA_07
1RB1LA_1RC0RC_1LC1LD_1RB0LA	CBT_TA_07
1RB1LA_1RC0RC_1LC1RD_0LA1RD	CBT_QS_06
1RB1LA_1RC0RC_1LD0RD_0LB0LA	CBT_DX1_10
1RB1LA_1RC0RC_1LD0RD_1LA0LA	CBT_DX1_10
1RB1LA_1RC0RC_1LD0RD_1LC0LA	CBT_DX1_10
1RB1LA_1RC0RC_1LD0RD_1LD0LA	CBT_TI_00
1RB1LA_1RC0RC_1LD1LA_1LD0LA	CBT_SP_19
1RB1LA_1RC0RC_1LD1RC_0LB0LA	CBT_DX1_10
1RB1LA_1RC0RC_1LD1RC_0LC0LA	CBT_DXS_01
1RB1LA_1RC0RC_1LD1RC_0RA0LA	CBT_DXS_01
1RB1LA_1RC0RC_1LD1RC_0RB0LA	CBT_DX1_10
1RB1LA_1RC0RC_1LD1RC_0RD0LA	CBT_DX1_10
1RB1LA_1RC0RC_1LD1RC_1LA0LA	CBT_DX1_10
1RB1LA_1RC0RC_1LD1RC_1LB0LA	CBT_DXS_01
1RB1LA_1RC0RC_1LD1RC_1LC0LA	CBT_DXS_01
1RB1LA_1RC0RC_1LD1RC_1LD0LA	CBT_DXS_01
1RB1LA_1RC0RC_1LD1RC_1RA0LA	CBT_DX1_10
1RB1LA_1RC0RC_1LD1RC_1RB0LA	CBT_DXS_01
1RB1LA_1RC0RC_1LD1RC_1RC0LA	CBT_DXS_01
1RB1LA_1RC0RC_1LD1RC_1RD0LA	CBT_DXS_01
1RB1LA_1RC0RC_1RD0LB_0LA0RB	CBT_CE_02
1RB1LA_1RC0RC_1RD0LD_0LA0RD	CBT_NG_14
1RB1LA_1RC0RC_1RD0RD_1LD0LA	CBT_TI_01
1RB1LA_1RC0RC_1RD1RC_0LD0LA	CBT_DX1_10
1RB1LA_1RC0RC_1RD1RC_1LD0LA	CBT_SP_19
1RB1LA_1RC0RD_0LA0RB_0LA0LA	CBT_SP2_06
1RB1LA_1RC0RD_0LA0RB_0LB0LA	CBT_CE_02
1RB1LA_1RC0RD_0LA0RB_0LC0LA	CBT_CE_02
1RB1LA_1RC0RD_0LA0RB_1LC0LA	CBT_SP2_06
1RB1LA_1RC0RD_0LA0RB_1LD0LA	CBT_SP2_06
1RB1LA_1RC0RD_0LA1RC_0LA1RC	CBT_DX1_10
1RB1LA_1RC0RD_0LA1RC_0LB1RC	CBT_DX1_10
1RB1LA_1RC0RD_0LA1RC_1LB1RC	CBT_DX1_10
1RB1LA_1RC0RD_0LA1RC_1LD1RC	CBT_QS_06
1RB1LA_1RC0RD_0LA1RD_0LA1RC	CBT_DX1_10
1RB1LA_1RC0RD_0LC0LA_1RC1RD	CBT_DX1_10
1RB1LA_1RC0RD_0LC1RD_0LA1RC	CBT_DX1_10
1RB1LA_1RC0RD_0LD0RB_1LB0LA	CBT_CE_03
1RB1LA_1RC0RD_0LD0RB_1RA0LA	CBT_CE_03
1RB1LA_1RC0RD_1LA0LA_1LC1RD	CBT_DXS_01
1RB1LA_1RC0RD_1LA1LA_0LC1RD	CBT_QS_10
1RB1LA_1RC0RD_1LC0LA_0LC1RA	CBT_SP_19
1RB1LA_1RC0RD_1LC0LA_1RC1RD	CBT_SP_19
1RB1LA_1RC0RD_1LC1LA_0LC1RD	CBT_QS_10
1RB1LA_1RC0RD_1LD0LA_1LC1RD	CBT_DXS_01
1RB1LA_1RC0RD_1LD1LA_0LC1RD	CBT_QS_10
1RB1LA_1RC0RD_1LD1RB_0RB0LA	CBT_RW_03
1RB1LA_1RC0RD_1RD0LA_1LC1RD	CBT_DXS_01
1RB1LA_1RC0RD_1RD0RB_0LA0LB	CBT_NG_14
1RB1LA_1RC0RD_1RD1LA_0LC1RD	CBT_QS_10
1RB1LA_1RC1LB_0LA0RD_0LB1RC	CBT_NG_14
1RB1LA_1RC1LB_0LA1RD_0LB0RC	CBT_SP_34
1RB1LA_1RC1LB_0LB1RD_0LA0RC	CBT_SP_34
1RB1LA_1RC1LB_0LB1RD_1LA0RC	CBT_SP_34
1RB1LA_1RC1LB_1LA1RD_0LB0RC	CBT_QC_20
1RB1LA_1RC1LB_1LD0RC_0LD0RA	CBT_DX2_10
1RB1LA_1RC1LC_0RD0LB_0LD0LA	CBT_SPW_09
1RB1LA_1RC1LC_0RD0LB_1LD0LA	CBT_SPW_09
1RB1LA_1RC1LC_1RD0LB_0LA1RC	CBT_SPW_09
1RB1LA_1RC1LC_1RD0LB_1LA1RC	CBT_SPW_09
1RB1LA_1RC1LD_0LA0RB_0RC0LA	CBT_HY_03
1RB1LA_1RC1LD_0LD0RB_0LC0LA	CBT_NG_14
1RB1LA_1RC1LD_0LD0RD_1RB0LA	CBT_BLC3_02
1RB1LA_1RC1LD_1LD0RD_0RD0LA	CBT_BLC3_05
1RB1LA_1RC1LD_1RD0RC_0LA0LA	CBT_NG_15
1RB1LA_1RC1RA_1LD0RB_0RA0LC	CBT_SP_19
1RB1LA_1RC1RA_1LD0RC_0RA0LD	CBT_CE_03
1RB1LA_1RC1RB_0LD0RD_0LA1LD	CBT_SP_19
1RB1LA_1RC1RB_1LD0RC_0LD0LA	CBT_HY_03
1RB1LA_1RC1RB_1LD0RD_0LA1LD	CBT_SP_19
1RB1LA_1RC1RB_1LD1RA_0RB0LD	CBT_SP_34
1RB1LA_1RC1RB_1LD1RA_0RC0LD	CBT_SP_34
1RB1LA_1RC1RC_0LA0RB_------	CBT_SPB_14
1RB1LA_1RC1RC_0LA0RD_0LA1RD	CBT_DX1_10
1RB1LA_1RC1RC_0LA0RD_0LB1RD	CBT_SW_04
1RB1LA_1RC1RC_0LA0RD_1LA1RD	CBT_DXQ_02
1RB1LA_1RC1RC_0LA0RD_1RA1RC	CBT_SPB_27
1RB1LA_1RC1RC_0LA1RD_0LA0RB	CBT_CE_03
1RB1LA_1RC1RC_0LA1RD_0LB0RB	CBT_SPB_14
1RB1LA_1RC1RC_0LA1RD_0LD0RB	CBT_SPB_14
1RB1LA_1RC1RC_0LA1RD_0RB0LC	CBT_SP2_06
1RB1LA_1RC1RC_0LA1RD_0RB0RB	CBT_SPB_14
1RB1LA_1RC1RC_0LA1RD_0RC0RB	CBT_SPB_15
1RB1LA_1RC1RC_0LA1RD_1LA0RB	CBT_SPB_15
1RB1LA_1RC1RC_0LA1RD_1LC0RB	CBT_SPB_15
1RB1LA_1RC1RC_0LA1RD_1LD0RB	CBT_SPB_15
1RB1LA_1RC1RC_0LA1RD_1RB0RB	CBT_SPB_15
1RB1LA_1RC1RC_0LA1RD_1RC0RB	CBT_SPB_15
1RB1LA_1RC1RC_0LC1RD_0LA0RB	CBT_SPB_15
1RB1LA_1RC1RC_0LD0RB_---1LA	CBT_SP_34
1RB1LA_1RC1RC_0LD0RD_0LA1RD	CBT_DX1_10
1RB1LA_1RC1RC_0LD0RD_1LA1RD	CBT_DXQ_02
1RB1LA_1RC1RC_1LA0RD_0LA1RD	CBT_QS_06
1RB1LA_1RC1RC_1LA0RD_0LB1RD	CBT_SP_19
1RB1LA_1RC1RC_1LA0RD_1LA1RD	CBT_DXQ_02
1RB1LA_1RC1RC_1LA1RD_0LA0RB	CBT_SP2_06
1RB1LA_1RC1RC_1LB1RD_0LA0RB	CBT_SP2_06
1RB1LA_1RC1RC_1LD0RD_0LA1RD	CBT_QS_07
1RB1LA_1RC1RC_1LD0RD_1LA1RD	CBT_DXQ_02
1RB1LA_1RC1RC_1RD0LB_0LA0RB	CBT_SP2_06
1RB1LA_1RC1RC_1RD0RD_0LA1RD	CBT_QS_07
1RB1LA_1RC1RC_1RD0RD_1LA1RD	CBT_DXQ_02
1RB1LA_1RC1RC_1RD1RD_0LA0RB	CBT_SP2_06
1RB1LA_1RC1RD_0LA---_0LA0RB	CBT_SP_34
1RB1LA_1RC1RD_0LA0RB_0LA1RC	CBT_CE_03
1RB1LA_1RC1RD_0LA0RB_0LD1RC	CBT_SPB_15
1RB1LA_1RC1RD_0LA0RB_1LA1RC	CBT_SP2_06
1RB1LA_1RC1RD_0LA0RB_1LB1RC	CBT_SP2_06
1RB1LA_1RC1RD_0LA0RB_1RC0LB	CBT_SP2_06
1RB1LA_1RC1RD_0LA0RB_1RC1RC	CBT_SP2_06
1RB1LA_1RC1RD_0LA1RC_---0RC	CBT_DX1_10
1RB1LA_1RC1RD_0LA1RC_0RC0LB	CBT_DX1_10
1RB1LA_1RC1RD_0LB---_0LA0RB	CBT_SP_34
1RB1LA_1RC1RD_0LB0RB_0LA1RC	CBT_SPB_15
1RB1LA_1RC1RD_0LB1RC_0LA0RC	CBT_SW_04
1RB1LA_1RC1RD_0LB1RC_1LA0RC	CBT_SP_19
1RB1LA_1RC1RD_0LC0LA_0LA0RB	CBT_SP_34
1RB1LA_1RC1RD_0LC1LA_0LA0RB	CBT_SP_34
1RB1LA_1RC1RD_0LC1LD_0LA0RB	CBT_SP_34
1RB1LA_1RC1RD_0LC1RD_0LA0RB	CBT_SP_34
1RB1LA_1RC1RD_1LA0LC_0RD1LC	CBT_QC_20
1RB1LA_1RC1RD_1LA1LD_1RB0LC	CBT_SP_19
1RB1LA_1RC1RD_1LA1RC_0LA0RC	CBT_DXQ_02
1RB1LA_1RC1RD_1LA1RC_0LC0RC	CBT_DXQ_02
1RB1LA_1RC1RD_1LA1RC_1LA0RC	CBT_DXQ_02
1RB1LA_1RC1RD_1LA1RC_1LC0RC	CBT_DXQ_02
1RB1LA_1RC1RD_1LA1RC_1RA0RC	CBT_SP_19
1RB1LA_1RC1RD_1LA1RC_1RB0RC	CBT_SP_19
1RB1LA_1RC1RD_1LA1RC_1RC0RC	CBT_DXQ_02
1RB1LA_1RC1RD_1LC0LA_0LA0RB	CBT_SP_34
1RB1LB_0LA---_------_------	CBT_RW_04
1RB1LB_0LB1LC_1RD0RC_1LA0RC	CBT_QC_20
1RB1LB_0LB1LC_1RD0RD_1LA0RC	CBT_CE2_12
1RB1LB_0LB1RC_0LD0RC_1LA1LD	CBT_CE2_11
1RB1LB_0LB1RC_1LD0RC_0LB1RA	CBT_QC_20
1RB1LB_0LB1RC_1LD0RC_0RA0LD	CBT_DX2_10
1RB1LB_0LB1RC_1LD0RC_0RA1RA	CBT_QC_20
1RB1LB_0LB1RC_1LD0RC_0RA1RC	CBT_QC_20
1RB1LB_0LB1RC_1LD0RC_1LB1RA	CBT_CE2_18
1RB1LB_0LB1RC_1LD1RA_0RC0LD	CBT_CE2_04
1RB1LB_0LB1RC_1RD0RC_0LA1LA	CBT_LE_02
1RB1LB_0LB1RC_1RD0RC_0LA1LC	CBT_LE3_04
1RB1LB_0LB1RC_1RD0RC_1LA---	CBT_QC_20
1RB1LB_0LB1RC_1RD0RD_1LA0RC	CBT_QC_20
1RB1LB_0LC0RA_1LA1LD_1RD1RA	CBT_RW_03
1RB1LB_0LC0RD_1LA1LB_1RD1RB	CBT_LEF_02
1RB1LB_0LC0RD_1LA1LC_1RD1RB	CBT_LEF_02
1RB1LB_0LC0RD_1LA1RC_1RB0RD	CBT_BLC6_06
1RB1LB_0LC0RD_1LA1RC_1RC1RB	CBT_SP_19
1RB1LB_0LC0RD_1LC1LA_1LC1RA	CBT_BR_04
1RB1LB_0LC1RB_0RA1LD_1LC0RB	CBT_SP_34
1RB1LB_0LC1RB_1LD0RB_1RA1LC	CBT_QC_20
1RB1LB_0LC1RB_1RA1LD_1LC0RB	CBT_QC_20
1RB1LB_0LC1RB_1RD1LC_0LA0RB	CBT_QS_07
1RB1LB_0LC1RB_1RD1LC_1LA0RB	CBT_QS_07
1RB1LB_0LC1RD_0RA1LC_0RB0RD	CBT_BLC6_06
1RB1LB_0LC1RD_1LA1LB_1LB0RD	CBT_RW_03
1RB1LB_0LC1RD_1LA1LC_0LC0RD	CBT_CE2_11
1RB1LB_0LC1RD_1LA1LC_1RA0RB	CBT_HY3_03
1RB1LB_0RC0LA_0LC0LD_1RA1LD	CBT_SPW_09
1RB1LB_0RC0LA_1LC0LD_1RA0LA	CBT_SPW_09
1RB1LB_0RC0LA_1LC0LD_1RA1LD	CBT_SPW_01
1RB1LB_0RC0LA_1LC0LD_1RA1RC	CBT_AST_08
1RB1LB_0RC0LA_1RD0LB_1LA1RC	CBT_CE3_05
1RB1LB_0RC0LA_1RD0LB_1LC1RC	CBT_CE3_03
1RB1LB_0RC0LA_1RD1RC_1LB1LD	CBT_TA_11
1RB1LB_0RC0LB_1RD1RA_1LA1RC	CBT_CE2_02
1RB1LB_0RC0LB_1RD1RC_1LA---	CBT_QC_20
1RB1LB_0RC0LC_0RD1LC_1LA1RD	CBT_DX1_10
1RB1LB_0RC0LC_1LC1RD_1RB0LA	CBT_CE_05
1RB1LB_0RC0LC_1RD1LC_1LA1RD	CBT_DXQ_02
1RB1LB_0RC0LD_1LA1RC_0RA1LD	CBT_SW_04
1RB1LB_0RC0LD_1LA1RC_0RC1LD	CBT_DX1_10
1RB1LB_0RC0LD_1LA1RC_1LC1LB	CBT_SPB_27
1RB1LB_0RC0LD_1LA1RC_1RC1LD	CBT_DXQ_02
1RB1LB_0RC0LD_1LC0LA_0RA1RC	CBT_RW_03
1RB1LB_0RC0LD_1LC0LA_1RB0LD	CBT_RW_03
1RB1LB_0RC0LD_1LC0LA_1RB1RC	CBT_RW_04
1RB1LB_0RC0LD_1LD1RC_0RA1LB	CBT_QC_20
1RB1LB_0RC0RA_1LC0LD_1RB1LD	CBT_SP_19
1RB1LB_0RC1LB_1LA1RD_1RC0LB	CBT_QC_20
1RB1LB_0RC1LB_1LD1RC_0RA0LB	CBT_QS_07
1RB1LB_0RC1LB_1LD1RC_1LA0LB	CBT_QS_07
1RB1LB_0RC1LB_1LD1RC_1RA0LB	CBT_QS_07
1RB1LB_0RC1LB_1RD0LB_1LA1RC	CBT_QC_20
1RB1LB_0RC1LD_1LB1RC_0RA0LB	CBT_QC_20
1RB1LB_0RC1LD_1LC0LA_0RA0LA	CBT_DX0_01
1RB1LB_0RC1LD_1LC0LA_0RC0LA	CBT_DX0_01
1RB1LB_0RC1LD_1LC0LA_0RD0LA	CBT_DX0_01
1RB1LB_0RC1RB_1LD0RB_0LD1LA	CBT_DX2_10
1RB1LB_0RC1RC_1LD0RB_0LD1LA	CBT_DX2_10
1RB1LB_0RC1RD_1LA0RB_1RC0LD	CBT_SPB_27
1RB1LB_0RC1RD_1LA1LC_0LC0RD	CBT_CE2_11
1RB1LB_0RC1RD_1LA1RA_1RC0LA	CBT_NG_15
1RB1LB_0RC1RD_1LC0LD_1RB1LA	CBT_SP_19
1RB1LB_1LA0LC_0LB0RD_1RD1LB	CBT_QC_20
1RB1LB_1LA0LC_0LB0RD_1RD1LC	CBT_QC_20
1RB1LB_1LA0LC_0LB1RD_0RC1RC	CBT_SP2_06
1RB1LB_1LA0LC_0RD1RC_0LA1RD	CBT_LE2_01
1RB1LB_1LA0LC_0RD1RC_0LB1RD	CBT_SP2_06
1RB1LB_1LA0LC_1LB1RD_0RC0RB	CBT_SPW_09
1RB1LB_1LA0LC_1LB1RD_0RC1LB	CBT_SPW_09
1RB1LB_1LA0LC_1RD0LC_0RD1LB	CBT_QC_20
1RB1LB_1LA0RC_---1RD_0LA1RD	CBT_SP_34
1RB1LB_1LA0RC_0LA1RC_------	CBT_SP2_06
1RB1LB_1LA0RC_0LB0LD_0RD0RC	CBT_DX2_10
1RB1LB_1LA0RC_0LB0RD_---0RC	CBT_DX2_10
1RB1LB_1LA0RC_0LB0RD_---1RC	CBT_CE2_01
1RB1LB_1LA0RC_0LB1RC_------	CBT_SP2_06
1RB1LB_1LA0RC_0LB1RD_---1RC	CBT_SP_34
1RB1LB_1LA0RC_0LB1RD_0LB0RD	CBT_NG_15
1RB1LB_1LA0RC_0LD0RB_0LD1LB	CBT_DX2_10
1RB1LB_1LA0RC_0LD1LC_0RA1LC	CBT_SP_19
1RB1LB_1LA0RC_0LD1RB_1RC1LD	CBT_QC_20
1RB1LB_1LA0RC_0LD1RC_---1LA	CBT_SP_34
1RB1LB_1LA0RC_0LD1RC_---1LB	CBT_SP_34
1RB1LB_1LA0RC_0LD1RD_0LA0RB	CBT_NG_15
1RB1LB_1LA0RC_0RD0RB_0LD1LB	CBT_DX2_10
1RB1LB_1LA0RC_1LB0RD_0LC1RD	CBT_NG_15
1RB1LB_1LA0RC_1LD0RC_0LD0RB	CBT_QC_20
1RB1LB_1LA0RC_1RB0LD_1LC---	CBT_SP_19
1RB1LB_1LA1LC_---1RD_0LB0RD	CBT_DX2_10
1RB1LB_1LA1LC_0LC1RD_1RA0RD	CBT_CE2_00
1RB1LB_1LA1LC_0RD0LC_1RA1RD	CBT_NG_15
1RB1LB_1LA1LC_1LB0RD_0LB1RD	CBT_QC_20
1RB1LB_1LA1LC_1LB0RD_0LC1RD	CBT_QC_20
1RB1LB_1LA1LC_1RC0RD_0LA1RD	CBT_LE_07
1RB1LB_1LA1LC_1RC0RD_0LB1RD	CBT_SP2_06
1RB1LB_1LA1LC_1RD0LC_0RD0RA	CBT_DX2_10
1RB1LB_1LA1LC_1RD0LC_0RD1LA	CBT_QC_20
1RB1LB_1LA1LC_1RD0LC_0RD1RA	CBT_QC_20
1RB1LB_1LA1RC_0LD0RB_1RB1LD	CBT_QC_20
1RB1LB_1LA1RC_0RA0RD_1RC0RB	CBT_NG_15
1RB1LB_1LA1RC_0RC1LD_1LA0LD	CBT_QC_20
1RB1LB_1LA1RC_1LD0RC_0LD1RA	CBT_DX2_10
1RB1LB_1LA1RC_1RA0LD_0RB1LD	CBT_SPB_27
1RB1LB_1LA1RC_1RA0LD_0RC1LD	CBT_LEF_02
1RB1LB_1LA1RC_1RB0LD_0RB1LD	CBT_QC_20
1RB1LB_1LA1RC_1RB0LD_0RC1LD	CBT_QC_20
1RB1LB_1LA1RC_1RD0LB_0RA0RC	CBT_SPB_27
1RB1LB_1LA1RC_1RD0LC_0RD0LA	CBT_DX2_10
1RB1LB_1LB1LC_0RD0LC_1RA1RD	CBT_NG_15
1RB1LB_1LB1LC_1RD0LC_0RD1RA	CBT_QC_20
1RB1LB_1LB1RC_1LD0RC_0LB1RA	CBT_QS_07
1RB1LB_1LC0LA_1RD1RC_0LA1LD	CBT_SP_19
1RB1LB_1LC0LC_0RD1LB_0RA1RD	CBT_LEF_02
1RB1LB_1LC0LC_0RD1LC_1LA1RD	CBT_QS_07
1RB1LB_1LC0LC_1RD1LB_1RA0RD	CBT_CE2_11
1RB1LB_1LC0LC_1RD1LC_1LA1RD	CBT_DXQ_02
1RB1LB_1LC0LD_0RD0LC_1RA1RD	CBT_QC_20
1RB1LB_1LC0RA_0RD0LB_1LB1RD	CBT_CE3_01
1RB1LB_1LC0RA_1RD0LB_0LA1RC	CBT_SPW_16
1RB1LB_1LC0RA_1RD0LB_1LA1RC	CBT_SPW_16
1RB1LB_1LC0RA_1RD0LB_1LB1RC	CBT_SPW_16
1RB1LB_1LC0RA_1RD1LB_0LC0RD	CBT_QE_03
1RB1LB_1LC0RB_0LD0LB_0RA1LD	CBT_BX_08
1RB1LB_1LC0RC_1LA0RD_0LB0RB	CBT_DX2_10
1RB1LB_1LC0RC_1RA1LD_1RB0LD	CBT_NG_15
1RB1LB_1LC0RD_0LA1LA_0LB0RB	CBT_NG_15
1RB1LB_1LC0RD_0LA1LA_0LB0RD	CBT_NG_15
1RB1LB_1LC0RD_0LA1RB_0LC1RD	CBT_LEF_02
1RB1LB_1LC0RD_0LB1LA_0LA1RA	CBT_MB_03
1RB1LB_1LC0RD_0LB1LA_1LA1RA	CBT_BR_04
1RB1LB_1LC0RD_0LC1LA_0LB1RA	CBT_RW_04
1RB1LB_1LC0RD_0RA0LC_0RB0LB	CBT_DX2_10
1RB1LB_1LC0RD_0RA1RB_0RB0LB	CBT_QC_20
1RB1LB_1LC0RD_0RC1LA_0LA1RD	CBT_SP2_06
1RB1LB_1LC0RD_0RC1LA_0LB1RD	CBT_SP2_06
1RB1LB_1LC0RD_1LA0LB_1RB0RD	CBT_HY_03
1RB1LB_1LC0RD_1LA0LB_1RB1RA	CBT_HY_03
1RB1LB_1LC0RD_1LA0LC_1RD1RB	CBT_DX0_01
1RB1LB_1LC0RD_1LA0RB_0LB1RD	CBT_SP2_06
1RB1LB_1LC0RD_1LA0RD_0LA1RD	CBT_LE_06
1RB1LB_1LC0RD_1LA0RD_0LB1RD	CBT_SPB_27
1RB1LB_1LC0RD_1LA0RD_0LC1RD	CBT_SPB_27
1RB1LB_1LC0RD_1LA1LA_0LA1RD	CBT_SP2_06
1RB1LB_1LC0RD_1LA1LA_0LB1RD	CBT_SP2_06
1RB1LB_1LC0RD_1LA1LA_0LC1RD	CBT_SP2_06
1RB1LB_1LC0RD_1LA1LB_0LA1RD	CBT_SP2_06
1RB1LB_1LC0RD_1LA1LB_0LB1RD	CBT_SP2_06
1RB1LB_1LC0RD_1LA1LB_0LC1RD	CBT_SP2_06
1RB1LB_1LC0RD_1LA1RA_0LA1RD	CBT_LE_05
1RB1LB_1LC0RD_1LA1RA_0LB1RD	CBT_SPB_27
1RB1LB_1LC0RD_1LD1LA_0LA1RD	CBT_LEF_02
1RB1LB_1LC0RD_1RB1LA_0LA1RD	CBT_SPB_15
1RB1LB_1LC0RD_1RB1LA_0LB1RD	CBT_LE_07
1RB1LB_1LC0RD_1RB1LA_0LC1RD	CBT_LE2_00
1RB1LB_1LC0RD_1RD1LA_0LA1RD	CBT_LEF_02
1RB1LB_1LC0RD_1RD1LA_0LB1RD	CBT_LE6_00
1RB1LB_1LC0RD_1RD1LA_0LC1RD	CBT_LE_04
1RB1LB_1LC0RD_1RD1RC_0LA1LD	CBT_SP_19
1RB1LB_1LC1LA_0LB1RD_0RB0RD	CBT_LE_07
1RB1LB_1LC1LA_1RD0LB_0LB0RC	CBT_SP_19
1RB1LB_1LC1LA_1RD0LB_1LB0RC	CBT_SP_19
1RB1LB_1LC1LA_1RD0LB_1RB0RC	CBT_SP_19
1RB1LB_1LC1LA_1RD1LB_0LC0RD	CBT_QE_03
1RB1LB_1LC1LD_0LA1RC_1LB0RC	CBT_LE_04
1RB1LB_1LC1LD_0RA0LC_0RB1RD	CBT_DX2_10
1RB1LB_1LC1LD_0RC1RA_1RC0LD	CBT_QC_20
1RB1LB_1LC1LD_1LA1RC_0RC0LA	CBT_SP2_06
1RB1LB_1LC1RB_0RB1LD_0RA0LC	CBT_QC_20
1RB1LB_1LC1RB_0RB1LD_1RA0LC	CBT_QC_20
1RB1LB_1LC1RB_1RA0LD_0RB1LD	CBT_QS_07
1RB1LB_1LC1RB_1RA0LD_0RC1LD	CBT_DX1_10
1RB1LB_1LC1RC_0LA1LD_1LA0RB	CBT_NG_15
1RB1LB_1LC1RC_1RA0LD_0RB1LD	CBT_LE_07
1RB1LB_1LC1RC_1RA0LD_0RC1LD	CBT_SPB_28
1RB1LB_1LC1RD_0LB1RA_1LB0RD	CBT_QC_20
1RB1LB_1LC1RD_0LB1RA_1LC0RD	CBT_LE6_04
1RB1LB_1LC1RD_0RA0LC_0RB1RA	CBT_NG_15
1RB1LB_1LC1RD_0RB1LC_1RA0LC	CBT_SPB_28
1RB1LB_1LC1RD_0RD0LB_0RA0LC	CBT_NG_15
1RB1LB_1LC1RD_0RD0LC_1LC1RA	CBT_CE2_04
1RB1LB_1LC1RD_0RD1LC_1RA0LC	CBT_SPB_28
1RB1LB_1LC1RD_1LA0LB_0RB0RC	CBT_SP_19
1RB1LB_1LC1RD_1LA0LC_0RA1RA	CBT_NG_15
1RB1LB_1LC1RD_1LA0RA_0LB0RD	CBT_NG_15
1RB1LB_1LC1RD_1LA0RD_0LB0RD	CBT_NG_15
1RB1LB_1LC1RD_1LA0RD_0LC0RD	CBT_NG_15
1RB1LB_1LC1RD_1LA1LA_0LB0RD	CBT_NG_15
1RB1LB_1LC1RD_1LA1LB_0LC0RD	CBT_NG_15
1RB1LB_1LC1RD_1LA1LC_0LB0RD	CBT_LE_06
1RB1LB_1LC1RD_1LD0LC_1RA0RD	CBT_NG_15
1RB1LB_1LC1RD_1LD1LA_0RB0LC	CBT_RW_04
1RB1LB_1RC0LA_0LD0RB_1LB1LD	CBT_DX1_10
1RB1LB_1RC0LA_0LD0RD_0LA1LD	CBT_SP_19
1RB1LB_1RC0LA_0LD1RB_0LA1LD	CBT_SPW_01
1RB1LB_1RC0LA_0LD1RB_0RA1LD	CBT_SPW_09
1RB1LB_1RC0LA_0LD1RB_0RB1LD	CBT_SPW_09
1RB1LB_1RC0LA_0LD1RB_0RC1LD	CBT_SPW_10
1RB1LB_1RC0LA_0LD1RB_1LA1LD	CBT_SPW_10
1RB1LB_1RC0LA_0LD1RB_1LB1LD	CBT_SPW_10
1RB1LB_1RC0LA_0LD1RB_1RA1LD	CBT_SPW_10
1RB1LB_1RC0LA_0LD1RB_1RB1LD	CBT_SPW_10
1RB1LB_1RC0LA_0LD1RB_1RC1LD	CBT_SPW_10
1RB1LB_1RC0LA_0RD0RC_1LD1LA	CBT_DX0_01
1RB1LB_1RC0LA_1LA0RD_0RC0LB	CBT_NG_15
1RB1LB_1RC0LA_1LD0RD_0LA1LD	CBT_SP_19
1RB1LB_1RC0LA_1LD1RB_0LA1LD	CBT_SPW_01
1RB1LB_1RC0LA_1LD1RB_0RA1LD	CBT_SPW_10
1RB1LB_1RC0LA_1LD1RB_0RB0LD	CBT_SP_34
1RB1LB_1RC0LA_1LD1RB_0RB1LD	CBT_SPW_10
1RB1LB_1RC0LA_1LD1RB_0RC1LD	CBT_SPW_10
1RB1LB_1RC0LA_1LD1RB_1LA1LD	CBT_SPW_10
1RB1LB_1RC0LA_1LD1RB_1LB1LD	CBT_SPW_10
1RB1LB_1RC0LA_1LD1RB_1RA1LD	CBT_SPW_10
1RB1LB_1RC0LA_1LD1RB_1RB1LD	CBT_SPW_10
1RB1LB_1RC0LA_1LD1RB_1RC1LD	CBT_SPW_10
1RB1LB_1RC0LA_1LD1RC_---1LA	CBT_NG_15
1RB1LB_1RC0LA_1RD1RC_0LA1LD	CBT_SP_19
1RB1LB_1RC0LA_1RD1RC_0LB0RB	CBT_LE6_00
1RB1LB_1RC0LB_0LA1RD_0RD0LA	CBT_DX2_10
1RB1LB_1RC0LB_1LA0RD_---0RC	CBT_DX2_10
1RB1LB_1RC0LB_1LC1RD_0RD0LA	CBT_DX2_10
1RB1LB_1RC0LC_0RD1LC_1LA1RD	CBT_QS_07
1RB1LB_1RC0LC_1RD1LC_1LA1RD	CBT_DXQ_02
1RB1LB_1RC0LD_0LA1RB_0RB1LD	CBT_LE3_01
1RB1LB_1RC0LD_0LA1RB_0RC1LD	CBT_LE3_01
1RB1LB_1RC0LD_1LA0RB_1LB0LA	CBT_SP_19
1RB1LB_1RC0LD_1LA1RC_0RC1LD	CBT_QS_07
1RB1LB_1RC0LD_1LA1RC_1RC1LD	CBT_DXQ_02
1RB1LB_1RC0LD_1LD0RC_0LA0RC	CBT_BLC4_02
1RB1LB_1RC0RB_0LD0RD_1LD0LA	CBT_NG_15
1RB1LB_1RC0RB_1LD0RA_1LB0LC	CBT_HY3_01
1RB1LB_1RC0RB_1LD1RB_1LA0LD	CBT_LE3_00
1RB1LB_1RC0RC_1LD0LA_1LA0RD	CBT_DX2_10
1RB1LB_1RC0RD_0LD0RD_0LA1LD	CBT_SP4_00
1RB1LB_1RC0RD_0LD1RA_0LA1LD	CBT_SPW_10
1RB1LB_1RC0RD_0LD1RB_0LA1LD	CBT_SPW_10
1RB1LB_1RC0RD_1LD0RD_0LA1LD	CBT_SP_19
1RB1LB_1RC0RD_1LD1RA_0LA1LD	CBT_SPW_01
1RB1LB_1RC0RD_1LD1RB_0LA1LD	CBT_SPW_10
1RB1LB_1RC0RD_1RD0LB_0LA1LD	CBT_SP_19
1RB1LB_1RC0RD_1RD1RC_0LA1LD	CBT_SP_19
1RB1LB_1RC1LA_0LA1RD_0LB0RD	CBT_LE6_02
1RB1LB_1RC1LA_0LB0RD_---0RC	CBT_DX2_10
1RB1LB_1RC1LA_0LB1RD_---0RC	CBT_SP_34
1RB1LB_1RC1LA_1LD0RC_0LD0RB	CBT_DX2_10
1RB1LB_1RC1LB_0LA0RD_0LA1RD	CBT_DX1_10
1RB1LB_1RC1LB_0LA0RD_0LB1RD	CBT_QS_07
1RB1LB_1RC1LB_0LA1RD_0LB0RC	CBT_SP_34
1RB1LB_1RC1LB_0LB0RD_0LA1RD	CBT_DX1_10
1RB1LB_1RC1LB_0LB1RD_0LA0RC	CBT_QC_20
1RB1LB_1RC1LB_0LB1RD_1LA0RC	CBT_QC_20
1RB1LB_1RC1LB_0LD0RD_0LA1RD	CBT_DX1_10
1RB1LB_1RC1LB_1LA0RD_0LA1RD	CBT_DX1_10
1RB1LB_1RC1LB_1LA0RD_0LB1RD	CBT_QS_07
1RB1LB_1RC1LB_1LA0RD_0LC1RD	CBT_DX1_10
1RB1LB_1RC1LB_1LA1RD_0LB0RC	CBT_QC_20
1RB1LB_1RC1LB_1LA1RD_0LC0RD	CBT_NG_15
1RB1LB_1RC1LB_1LB0RD_0LA1RD	CBT_DX1_10
1RB1LB_1RC1LB_1LD0RD_0LA1RD	CBT_DX1_10
1RB1LB_1RC1LB_1RD0RD_0LA1RD	CBT_DX1_10
1RB1LB_1RC1LD_0LA0RA_1LB0LD	CBT_NG_15
1RB1LB_1RC1LD_0LA0RC_0RD0LB	CBT_NG_15
1RB1LB_1RC1LD_0LB0RC_1LB1RA	CBT_QC_20
1RB1LB_1RC1LD_0LD0RC_0LA1LA	CBT_CE2_03
1RB1LB_1RC1LD_0LD0RC_1LB0LA	CBT_QE_03
1RB1LB_1RC1LD_0LD0RC_1RB0LA	CBT_SPB_15
1RB1LB_1RC1LD_0LD1RB_0LA0RC	CBT_LE4_01
1RB1LB_1RC1LD_1LA0RC_0LA0LA	CBT_BLC5_02
1RB1LB_1RC1LD_1LA0RC_1RB0LA	CBT_BLC5_02
1RB1LB_1RC1LD_1LA1RC_0RC0LA	CBT_SP2_06
1RB1LB_1RC1RD_1LA0LA_0LB0RD	CBT_QC_20
1RB1LB_1RC1RD_1LA0LC_0RD1LA	CBT_DX2_10
1RB1LB_1RC1RD_1LA1LC_0LC0RD	CBT_CE2_13
1RB1LB_1RC1RD_1LB0LA_1LC0RD	CBT_QC_21
1RB1LB_1RC1RD_1LD0LC_0RD1LA	CBT_DX2_10
1RB1LC_0LA---_0RD0LA_1LA1RD	CBT_SP_34
1RB1LC_0LA---_1RD0LC_0RD0RB	CBT_DX2_10
1RB1LC_0LA---_1RD0LC_0RD1RB	CBT_QC_21
1RB1LC_0LA0LA_0RD1LB_1LA1RD	CBT_SPB_15
1RB1LC_0LA0LC_1LA1RD_0RD0RB	CBT_DX2_10
1RB1LC_0LA0LD_1LD1RC_0RC1LB	CBT_SPB_28
1RB1LC_0LA0RB_0LD1LA_0RA1RA	CBT_NG_15
1RB1LC_0LA0RB_0LD1LA_1RA---	CBT_DX2_10
1RB1LC_0LA0RB_0LD1LC_0RA1RA	CBT_NG_15
1RB1LC_0LA0RB_0LD1LC_1RA---	CBT_DX2_10
1RB1LC_0LA0RB_0LD1LD_1RA0RA	CBT_CE2_12
1RB1LC_0LA0RB_0LD1LD_1RA1LA	CBT_CE2_03
1RB1LC_0LA0RB_0LD1LD_1RA1LC	CBT_DX2_10
1RB1LC_0LA0RB_0RC1LD_1LA---	CBT_DX2_10
1RB1LC_0LA0RB_0RD---_1LA1LD	CBT_DX2_10
1RB1LC_0LA0RB_0RD0LC_1RD1LA	CBT_CE3_01
1RB1LC_0LA0RB_0RD1LA_0LC1RD	CBT_CE_03
1RB1LC_0LA0RB_1LA---_------	CBT_CE_03
1RB1LC_0LA0RB_1LD---_0RD1LA	CBT_CE2_03
1RB1LC_0LA0RB_1LD---_1LA---	CBT_DX2_10
1RB1LC_0LA0RB_1LD---_1RB1LA	CBT_CE2_03
1RB1LC_0LA0RB_1LD---_1RB1LC	CBT_DX2_10
1RB1LC_0LA0RB_1LD0LD_1RA1LA	CBT_CE_03
1RB1LC_0LA0RB_1LD1LA_1RA---	CBT_DX2_10
1RB1LC_0LA0RB_1RA1LD_1LA---	CBT_DX2_10
1RB1LC_0LA0RB_1RA1RD_0LC1LD	CBT_DX2_10
1RB1LC_0LA0RB_1RB1LD_1LA---	CBT_CE3_04
1RB1LC_0LA0RB_1RB1LD_1LC---	CBT_DX2_10
1RB1LC_0LA0RB_1RC1LD_---1LA	CBT_DX2_10
1RB1LC_0LA0RB_1RD---_1LA1LD	CBT_DX2_10
1RB1LC_0LA0RB_1RD1LA_0LA1RD	CBT_CE3_01
1RB1LC_0LA0RB_1RD1LA_0LC1RD	CBT_CE3_01
1RB1LC_0LA0RB_1RD1LD_1LA1RB	CBT_NG_15
1RB1LC_0LA0RC_0LD1LC_1RA1LB	CBT_SP_19
1RB1LC_0LA0RC_0RD1LB_1LA1RD	CBT_SP2_06
1RB1LC_0LA0RC_1LA0RB_------	CBT_CE_03
1RB1LC_0LA0RC_1LA0RD_0LA0RC	CBT_DX2_10
1RB1LC_0LA0RC_1LA0RD_0LA1RD	CBT_LE5_00
1RB1LC_0LA0RC_1LA1LD_0RD0RB	CBT_DX2_10
1RB1LC_0LA0RC_1LA1RD_0LA0RD	CBT_NG_15
1RB1LC_0LA0RC_1LD0RB_1RB1LC	CBT_DX2_10
1RB1LC_0LA0RC_1RD0LD_1LA0RB	CBT_NG_15
1RB1LC_0LA0RD_0LD1LA_1RD0RB	CBT_DX2_10
1RB1LC_0LA0RD_0LD1LC_1LA0RB	CBT_DX0_01
1RB1LC_0LA0RD_0LD1LC_1RD0RB	CBT_DX2_10
1RB1LC_0LA0RD_0RC1LA_0LA1RD	CBT_SW_04
1RB1LC_0LA0RD_0RC1LD_1LA0RB	CBT_DX2_11
1RB1LC_0LA0RD_1LA---_---0RB	CBT_DX2_11
1RB1LC_0LA0RD_1LA---_0LA0RD	CBT_DX2_11
1RB1LC_0LA0RD_1LA0LD_1RB1RA	CBT_DX1_10
1RB1LC_0LA0RD_1LA0RD_0LA1RD	CBT_QC_21
1RB1LC_0LA0RD_1LA0RD_0LC1RD	CBT_QC_21
1RB1LC_0LA0RD_1LD0LC_1RB1LA	CBT_NG_15
1RB1LC_0LA0RD_1LD0RB_1LA0RC	CBT_DX2_11
1RB1LC_0LA0RD_1RA1LA_---0RB	CBT_DX2_11
1RB1LC_0LA0RD_1RB1LA_0LA1RD	CBT_SW_04
1RB1LC_0LA0RD_1RB1LA_0LC1RB	CBT_NG_15
1RB1LC_0LA0RD_1RB1LA_0LC1RD	CBT_SW_00
1RB1LC_0LA0RD_1RB1LC_0LA1RD	CBT_DX1_10
1RB1LC_0LA0RD_1RB1LC_0LC1RD	CBT_QS_07
1RB1LC_0LA0RD_1RD0LC_1LA0RB	CBT_DX2_11
1RB1LC_0LA0RD_1RD1LA_---0RB	CBT_CE_03
1RB1LC_0LA0RD_1RD1LA_---1RB	CBT_SP_34
1RB1LC_0LA0RD_1RD1LB_0LB1RC	CBT_SPB_28
1RB1LC_0LA0RD_1RD1LC_0LC1RB	CBT_QC_21
1RB1LC_0LA1LB_1RD0LA_0LB1RC	CBT_SP_20
1RB1LC_0LA1LB_1RD0LA_1LB1RC	CBT_SP_20
1RB1LC_0LA1LB_1RD0RB_0LB1RC	CBT_SP_20
1RB1LC_0LA1LB_1RD0RB_1LB1RC	CBT_SP_20
1RB1LC_0LA1LD_0RC1LA_1RC0LD	CBT_QC_21
1RB1LC_0LA1LD_1LA0RD_0LA1RD	CBT_QC_21
1RB1LC_0LA1LD_1LA0RD_0LC1RD	CBT_QC_21
1RB1LC_0LA1LD_1RD0LA_1LB0RC	CBT_SP_20
1RB1LC_0LA1RA_0RB0LD_0RA1LD	CBT_LE3_03
1RB1LC_0LA1RA_1LA0RD_0LA1RD	CBT_QC_21
1RB1LC_0LA1RB_0RC1LD_1LA0RB	CBT_SP2_06
1RB1LC_0LA1RB_1LA0LD_0RB1RD	CBT_LE2_01
1RB1LC_0LA1RB_1LA0RB_------	CBT_SP2_06
1RB1LC_0LA1RB_1LA0RD_---1RB	CBT_SP_34
1RB1LC_0LA1RB_1LA0RD_0LA1RD	CBT_SP_35
1RB1LC_0LA1RB_1LA0RD_0LB1RC	CBT_SW_07
1RB1LC_0LA1RB_1LA0RD_0LC1RC	CBT_SW_06
1RB1LC_0LA1RB_1LA0RD_0LD1RC	CBT_SW_06
1RB1LC_0LA1RB_1LA0RD_0RB1RC	CBT_SPW_10
1RB1LC_0LA1RB_1LA0RD_1LB1RC	CBT_SPW_10
1RB1LC_0LA1RB_1LA0RD_1LC1RC	CBT_SPW_10
1RB1LC_0LA1RB_1LA0RD_1LD1RC	CBT_SP_20
1RB1LC_0LA1RB_1LA0RD_1RB1RC	CBT_SPW_11
1RB1LC_0LA1RB_1LA0RD_1RC1RC	CBT_SP_20
1RB1LC_0LA1RB_1LA1LD_0RA0RB	CBT_SP2_06
1RB1LC_0LA1RB_1LA1LD_1LA0RB	CBT_SP2_06
1RB1LC_0LA1RB_1LA1LD_1RD0RB	CBT_LE4_03
1RB1LC_0LA1RB_1LD0RA_1LA0RB	CBT_SP2_06
1RB1LC_0LA1RB_1LD0RB_0RD1LA	CBT_SPB_15
1RB1LC_0LA1RB_1LD0RB_1LA0RB	CBT_SPB_28
1RB1LC_0LA1RB_1LD0RB_1LA0RC	CBT_SP2_06
1RB1LC_0LA1RB_1LD0RB_1LA1LA	CBT_SP2_07
1RB1LC_0LA1RB_1LD0RB_1LA1RA	CBT_SPB_28
1RB1LC_0LA1RB_1LD0RB_1RB1LA	CBT_SPB_15
1RB1LC_0LA1RB_1LD0RB_1RC1LA	CBT_SPB_15
1RB1LC_0LA1RB_1LD1LD_1LA0RB	CBT_SP2_07
1RB1LC_0LA1RB_1RA1LD_1LA0RB	CBT_SP2_07
1RB1LC_0LA1RB_1RB1LD_1LA0RB	CBT_LEF_02
1RB1LC_0LA1RB_1RD1LA_0LA0RD	CBT_CE3_01
1RB1LC_0LA1RB_1RD1LA_0LC0RD	CBT_CE3_01
1RB1LC_0LA1RB_1RD1LC_---0RB	CBT_DX1_10
1RB1LC_0LA1RB_1RD1LD_1LA0RB	CBT_LEF_02
1RB1LC_0LA1RC_0RC1LD_1LA0LD	CBT_QC_21
1RB1LC_0LA1RC_1RB0LD_0RB1LD	CBT_LE5_01
1RB1LC_0LA1RC_1RB0LD_0RC1LD	CBT_LE3_01
1RB1LC_0LA1RC_1RD0LC_0RB0RC	CBT_BX_03
1RB1LC_0LA1RD_0LD1LA_1LA0RB	CBT_SP2_07
1RB1LC_0LA1RD_0LD1LA_1RD0RB	CBT_SP_35
1RB1LC_0LA1RD_1LA0LB_0RD1RB	CBT_LE2_01
1RB1LC_0LA1RD_1LA0LC_0RD0RA	CBT_QC_21
1RB1LC_0LA1RD_1LA0LC_0RD0RB	CBT_DX2_11
1RB1LC_0LA1RD_1LA0LC_0RD1LA	CBT_QC_21
1RB1LC_0LA1RD_1LA0LC_0RD1LC	CBT_QC_21
1RB1LC_0LA1RD_1LA0LC_0RD1RB	CBT_DX2_11
1RB1LC_0LA1RD_1LA0RA_---0RB	CBT_DX2_11
1RB1LC_0LA1RD_1LA0RB_0LA0RB	CBT_CE3_01
1RB1LC_0LA1RD_1LA0RB_0LA0RD	CBT_NG_15
1RB1LC_0LA1RD_1LA0RB_0LD0RB	CBT_CE3_01
1RB1LC_0LA1RD_1LA0RD_---0RB	CBT_CE3_04
1RB1LC_0LA1RD_1LA0RD_---1RB	CBT_SP_35
1RB1LC_0LA1RD_1LA0RD_0LA0RD	CBT_NG_15
1RB1LC_0LA1RD_1LA0RD_0LA1RD	CBT_QC_21
1RB1LC_0LA1RD_1LA0RD_0LC1RD	CBT_QC_21
1RB1LC_0LA1RD_1LA1LA_---0RB	CBT_SP_35
1RB1LC_0LA1RD_1LA1LB_0LA0RD	CBT_NG_15
1RB1LC_0LA1RD_1LA1LC_0LC0RD	CBT_CE2_13
1RB1LC_0LA1RD_1LD0LC_0RD1LA	CBT_QC_21
1RB1LC_0LA1RD_1LD0RA_1RC0LC	CBT_NG_15
1RB1LC_0LA1RD_1RA1LA_---0RB	CBT_SP_35
1RB1LC_0LA1RD_1RB1LA_0LC0RD	CBT_LE6_00
1RB1LC_0LA1RD_1RB1LC_0LC0RB	CBT_SP_35
1RB1LC_0LA1RD_1RD1LA_---0RB	CBT_SP_35
1RB1LC_0LB1LA_0RD1RC_1LB0RC	CBT_DX2_11
1RB1LC_0LB1LA_0RD1RD_1LB0RC	CBT_DX2_11
1RB1LC_0LB1LA_1RD0LC_0RD0RB	CBT_QC_21
1RB1LC_0LB1LA_1RD0LC_0RD1RB	CBT_QC_21
1RB1LC_0LB1LC_0RD0LA_1LA1RD	CBT_SP_35
1RB1LC_0LB1RC_1LA0LD_1LC0RA	CBT_SP_20
1RB1LC_0LC0LA_1RD1LA_1RB1RD	CBT_SP_20
1RB1LC_0LC0RA_0LB0LD_1RA1LD	CBT_NG_15
1RB1LC_0LC0RA_0LD0RB_1LA1RA	CBT_NG_15
1RB1LC_0LC0RA_1RB1LD_1LA0LD	CBT_NG_15
1RB1LC_0LC0RB_0RD1LA_0LA1RD	CBT_CE_03
1RB1LC_0LC0RB_1LA0LB_------	CBT_QE_03
1RB1LC_0LC0RB_1LA0LC_------	CBT_QE_04
1RB1LC_0LC0RB_1LA0LD_0LB---	CBT_QE_04
1RB1LC_0LC0RB_1LA0LD_0LC---	CBT_QE_04
1RB1LC_0LC0RB_1LA0LD_0RB---	CBT_QE_04
1RB1LC_0LC0RB_1LA0LD_0RC---	CBT_QE_04
1RB1LC_0LC0RB_1LA0LD_1LA---	CBT_QE_04
1RB1LC_0LC0RB_1LA0LD_1LB---	CBT_QE_04
1RB1LC_0LC0RB_1LA0LD_1RA0LB	CBT_QE_04
1RB1LC_0LC0RB_1LA0LD_1RA0LC	CBT_QE_04
1RB1LC_0LC0RB_1LA0LD_1RA0RB	CBT_QE_04
1RB1LC_0LC0RB_1LA0LD_1RA0RC	CBT_QE_04
1RB1LC_0LC0RB_1LA0LD_1RA1LA	CBT_QE_04
1RB1LC_0LC0RB_1LA0LD_1RA1LB	CBT_QE_04
1RB1LC_0LC0RB_1LA0LD_1RA1RC	CBT_QE_04
1RB1LC_0LC0RB_1LA0LD_1RC---	CBT_QE_04
1RB1LC_0LC0RB_1LA0RB_------	CBT_QE_04
1RB1LC_0LC0RB_1LA0RC_------	CBT_QE_04
1RB1LC_0LC0RB_1LA0RD_0LB---	CBT_QE_04
1RB1LC_0LC0RB_1LA0RD_0LC---	CBT_QE_04
1RB1LC_0LC0RB_1LA0RD_0RB---	CBT_QE_04
1RB1LC_0LC0RB_1LA0RD_0RC---	CBT_QE_04
1RB1LC_0LC0RB_1LA0RD_1LA---	CBT_QE_04
1RB1LC_0LC0RB_1LA0RD_1LB---	CBT_QE_04
1RB1LC_0LC0RB_1LA0RD_1LC0LA	CBT_QE_04
1RB1LC_0LC0RB_1LA0RD_1LC0LB	CBT_QE_04
1RB1LC_0LC0RB_1LA0RD_1LC0LC	CBT_QE_04
1RB1LC_0LC0RB_1LA0RD_1LC0RB	CBT_QE_04
1RB1LC_0LC0RB_1LA0RD_1LC1LB	CBT_QE_04
1RB1LC_0LC0RB_1LA0RD_1LC1LC	CBT_QE_04
1RB1LC_0LC0RB_1LA0RD_1LC1LD	CBT_SP_35
1RB1LC_0LC0RB_1LA0RD_1LC1RB	CBT_QE_04
1RB1LC_0LC0RB_1LA0RD_1LC1RC	CBT_SP_35
1RB1LC_0LC0RB_1LA0RD_1RC---	CBT_QE_04
1RB1LC_0LC0RB_1LA1LA_------	CBT_QE_04
1RB1LC_0LC0RB_1LA1LB_------	CBT_QE_04
1RB1LC_0LC0RB_1LA1LC_------	CBT_SP2_07
1RB1LC_0LC0RB_1LA1LD_0LB---	CBT_QE_04
1RB1LC_0LC0RB_1LA1LD_0LC---	CBT_QE_04
1RB1LC_0LC0RB_1LA1LD_0RA---	CBT_SP_35
1RB1LC_0LC0RB_1LA1LD_0RB---	CBT_QE_04
1RB1LC_0LC0RB_1LA1LD_0RD0LB	CBT_QE_04
1RB1LC_0LC0RB_1LA1LD_0RD0LC	CBT_QE_04
1RB1LC_0LC0RB_1LA1LD_0RD0RB	CBT_QE_04
1RB1LC_0LC0RB_1LA1LD_0RD0RC	CBT_QE_04
1RB1LC_0LC0RB_1LA1LD_0RD1LA	CBT_QE_05
1RB1LC_0LC0RB_1LA1LD_0RD1LB	CBT_QE_05
1RB1LC_0LC0RB_1LA1LD_0RD1LC	CBT_SP_35
1RB1LC_0LC0RB_1LA1LD_0RD1RC	CBT_QE_05
1RB1LC_0LC0RB_1LA1LD_1LA---	CBT_SP_35
1RB1LC_0LC0RB_1LA1LD_1LB---	CBT_QE_05
1RB1LC_0LC0RB_1LA1LD_1LC---	CBT_QE_05
1RB1LC_0LC0RB_1LA1LD_1RB---	CBT_QE_05
1RB1LC_0LC0RB_1LA1LD_1RC0LB	CBT_QE_05
1RB1LC_0LC0RB_1LA1LD_1RC0LC	CBT_QE_05
1RB1LC_0LC0RB_1LA1LD_1RC0LD	CBT_SP2_07
1RB1LC_0LC0RB_1LA1LD_1RC0RA	CBT_SP_35
1RB1LC_0LC0RB_1LA1LD_1RC0RB	CBT_QE_05
1RB1LC_0LC0RB_1LA1LD_1RC0RD	CBT_QE_05
1RB1LC_0LC0RB_1LA1LD_1RC1LA	CBT_SP_35
1RB1LC_0LC0RB_1LA1LD_1RC1LB	CBT_QE_05
1RB1LC_0LC0RB_1LA1LD_1RC1LC	CBT_QE_05
1RB1LC_0LC0RB_1LA1LD_1RC1RB	CBT_QE_05
1RB1LC_0LC0RB_1LA1LD_1RD0LB	CBT_QE_05
1RB1LC_0LC0RB_1LA1LD_1RD0RB	CBT_QE_05
1RB1LC_0LC0RB_1LA1LD_1RD1LA	CBT_QE_05
1RB1LC_0LC0RB_1LA1LD_1RD1LB	CBT_QE_05
1RB1LC_0LC0RB_1LA1LD_1RD1RB	CBT_QE_05
1RB1LC_0LC0RB_1LA1RC_------	CBT_QE_05
1RB1LC_0LC0RB_1LA1RD_0LA0LB	CBT_QE_05
1RB1LC_0LC0RB_1LA1RD_0LA0RA	CBT_QC_21
1RB1LC_0LC0RB_1LA1RD_0LA0RC	CBT_SP_35
1RB1LC_0LC0RB_1LA1RD_0LA1LA	CBT_QC_21
1RB1LC_0LC0RB_1LA1RD_0LA1LB	CBT_QE_05
1RB1LC_0LC0RB_1LA1RD_0LB---	CBT_QE_05
1RB1LC_0LC0RB_1LA1RD_0LD0LB	CBT_QE_05
1RB1LC_0LC0RB_1LA1RD_0LD0LC	CBT_QE_05
1RB1LC_0LC0RB_1LA1RD_0LD0RB	CBT_QE_05
1RB1LC_0LC0RB_1LA1RD_0LD0RC	CBT_QE_05
1RB1LC_0LC0RB_1LA1RD_0LD1LA	CBT_QE_05
1RB1LC_0LC0RB_1LA1RD_0LD1LB	CBT_QE_05
1RB1LC_0LC0RB_1LA1RD_0LD1RC	CBT_QE_05
1RB1LC_0LC0RB_1LA1RD_0RB---	CBT_QE_05
1RB1LC_0LC0RB_1LA1RD_0RC0LB	CBT_QE_05
1RB1LC_0LC0RB_1LA1RD_0RC0LD	CBT_QE_05
1RB1LC_0LC0RB_1LA1RD_0RC0RA	CBT_QC_21
1RB1LC_0LC0RB_1LA1RD_0RC0RD	CBT_SP_35
1RB1LC_0LC0RB_1LA1RD_0RC1LA	CBT_QC_21
1RB1LC_0LC0RB_1LA1RD_0RC1LB	CBT_QE_05
1RB1LC_0LC0RB_1LA1RD_1LA---	CBT_QE_05
1RB1LC_0LC0RB_1LA1RD_1LB---	CBT_QE_05
1RB1LC_0LC0RB_1LA1RD_1LC0LB	CBT_QE_05
1RB1LC_0LC0RB_1LA1RD_1LC0RB	CBT_QE_05
1RB1LC_0LC0RB_1LA1RD_1LC1LA	CBT_QE_05
1RB1LC_0LC0RB_1LA1RD_1LC1LB	CBT_QE_05
1RB1LC_0LC0RB_1LA1RD_1LC1LD	CBT_QE_05
1RB1LC_0LC0RB_1LA1RD_1LD0LB	CBT_QE_06
1RB1LC_0LC0RB_1LA1RD_1LD0LC	CBT_QE_06
1RB1LC_0LC0RB_1LA1RD_1LD0RA	CBT_QC_21
1RB1LC_0LC0RB_1LA1RD_1LD0RB	CBT_QE_06
1RB1LC_0LC0RB_1LA1RD_1LD1LA	CBT_QC_21
1RB1LC_0LC0RB_1LA1RD_1LD1LB	CBT_QE_06
1RB1LC_0LC0RB_1LA1RD_1LD1LC	CBT_QE_06
1RB1LC_0LC0RB_1LA1RD_1LD1RB	CBT_QE_06
1RB1LC_0LC0RB_1LA1RD_1RC0LB	CBT_QE_06
1RB1LC_0LC0RB_1LA1RD_1RC0LD	CBT_QE_06
1RB1LC_0LC0RB_1LA1RD_1RC0RA	CBT_QC_21
1RB1LC_0LC0RB_1LA1RD_1RC0RD	CBT_SP_35
1RB1LC_0LC0RB_1LA1RD_1RC1LA	CBT_QC_21
1RB1LC_0LC0RB_1LA1RD_1RC1LB	CBT_QE_06
1RB1LC_0LC0RB_1LD0LB_0RD1LA	CBT_CE3_03
1RB1LC_0LC0RB_1LD0LB_1LA---	CBT_QC_21
1RB1LC_0LC0RB_1LD0LB_1RB1LA	CBT_CE3_03
1RB1LC_0LC0RB_1LD0LC_0RD1LA	CBT_CE2_04
1RB1LC_0LC0RB_1LD0LC_1LA---	CBT_QC_21
1RB1LC_0LC0RB_1LD0LC_1RB1LA	CBT_CE2_04
1RB1LC_0LC0RB_1LD0RB_0RD1LA	CBT_CE2_04
1RB1LC_0LC0RB_1LD0RB_1LA---	CBT_QC_21
1RB1LC_0LC0RB_1LD0RB_1RB1LA	CBT_CE2_04
1RB1LC_0LC0RB_1LD0RC_0RD1LA	CBT_CE2_04
1RB1LC_0LC0RB_1LD0RC_1LA---	CBT_QC_21
1RB1LC_0LC0RB_1LD0RC_1RB1LA	CBT_CE3_03
1RB1LC_0LC0RB_1LD1LA_0RD1LA	CBT_CE2_04
1RB1LC_0LC0RB_1LD1LA_1RB1LA	CBT_CE2_04
1RB1LC_0LC0RB_1LD1LB_0RD1LA	CBT_CE2_04
1RB1LC_0LC0RB_1LD1LB_1LA---	CBT_QC_21
1RB1LC_0LC0RB_1LD1LB_1RB1LA	CBT_CE2_04
1RB1LC_0LC0RB_1LD1LC_0RD1LA	CBT_CE2_04
1RB1LC_0LC0RB_1LD1LC_1LA---	CBT_SP_35
1RB1LC_0LC0RB_1LD1LC_1RB1LA	CBT_CE2_04
1RB1LC_0LC0RB_1LD1LD_0RD1LA	CBT_CE2_04
1RB1LC_0LC0RB_1LD1LD_1LA---	CBT_QC_21
1RB1LC_0LC0RB_1LD1LD_1RB1LA	CBT_CE2_04
1RB1LC_0LC0RB_1LD1RC_0RD1LA	CBT_CE2_04
1RB1LC_0LC0RB_1LD1RC_1LA0RA	CBT_SP_35
1RB1LC_0LC0RB_1LD1RC_1LA1LA	CBT_QC_21
1RB1LC_0LC0RB_1LD1RC_1LA1LC	CBT_QC_21
1RB1LC_0LC0RB_1LD1RC_1LA1LD	CBT_SP_35
1RB1LC_0LC0RB_1LD1RC_1RB1LA	CBT_CE2_04
1RB1LC_0LC0RB_1LD1RD_1LA0LB	CBT_CE2_13
1RB1LC_0LC0RB_1LD1RD_1LA1LB	CBT_CE2_13
1RB1LC_0LC0RB_1LD1RD_1LA1LC	CBT_QC_21
1RB1LC_0LC0RB_1RA0LD_0RB1LA	CBT_SPB_15
1RB1LC_0LC0RB_1RA0LD_1LA1LA	CBT_SPB_15
1RB1LC_0LC0RB_1RA0LD_1LA1LD	CBT_NG_15
1RB1LC_0LC0RB_1RA0LD_1LB1LA	CBT_SPB_15
1RB1LC_0LC0RB_1RA0LD_1RA1LA	CBT_SPB_15
1RB1LC_0LC0RB_1RA0LD_1RC1LA	CBT_SPB_15
1RB1LC_0LC0RB_1RB1LD_1LA---	CBT_LE_07
1RB1LC_0LC0RB_1RD0RD_1LA0LA	CBT_DX2_11
1RB1LC_0LC0RB_1RD1LA_0LA1RB	CBT_LE6_02
1RB1LC_0LC0RB_1RD1LA_0LA1RD	CBT_LE_03
1RB1LC_0LC0RB_1RD1LA_0LC1RD	CBT_CE3_01
1RB1LC_0LC0RC_1LA1RD_0LA0RD	CBT_NG_15
1RB1LC_0LC0RC_1RA0LD_1RA1LD	CBT_BLC3_02
1RB1LC_0LC0RD_0LA1LA_0RB1LC	CBT_NG_15
1RB1LC_0LC0RD_0LA1LA_0RB1RC	CBT_NG_15
1RB1LC_0LC0RD_0LA1RD_0RB---	CBT_DX2_11
1RB1LC_0LC0RD_0RC1LA_0LA1RB	CBT_NG_15
1RB1LC_0LC0RD_0RC1LA_0LA1RD	CBT_SW_04
1RB1LC_0LC0RD_1LA0RD_0LC1RD	CBT_QC_21
1RB1LC_0LC0RD_1LA1RC_0LC0RB	CBT_QC_21
1RB1LC_0LC0RD_1LA1RC_0LC0RD	CBT_QC_21
1RB1LC_0LC0RD_1RB1LA_0LA1RB	CBT_NG_15
1RB1LC_0LC0RD_1RB1LA_0LA1RD	CBT_SW_04
1RB1LC_0LC0RD_1RB1LA_0LC1RD	CBT_SW_04
1RB1LC_0LC0RD_1RB1LC_0LA1RD	CBT_DX1_10
1RB1LC_0LC0RD_1RD1LA_0LA0RC	CBT_DX2_11
1RB1LC_0LC0RD_1RD1LA_0LC0RB	CBT_CE_05
1RB1LC_0LC1LD_1LA0RD_0LC1RD	CBT_QC_21
1RB1LC_0LC1RA_0LC1RD_1LB0RD	CBT_QC_21
1RB1LC_0LC1RA_0LD0LD_1LA0RA	CBT_NG_15
1RB1LC_0LC1RA_0LD0RB_1LA1LA	CBT_SPB_28
1RB1LC_0LC1RA_0LD0RB_1RA1LA	CBT_LE6_01
1RB1LC_0LC1RA_0LD0RB_1RC1LA	CBT_SPB_28
1RB1LC_0LC1RA_1LA0LD_1LB0RA	CBT_LE_05
1RB1LC_0LC1RA_1LA0RD_0LC1RD	CBT_QC_22
1RB1LC_0LC1RA_1LB1RD_1LB0RD	CBT_LE6_04
1RB1LC_0LC1RA_1LB1RD_1LC0RD	CBT_QC_22
1RB1LC_0LC1RA_1LC1RD_1LB0RD	CBT_QS_07
1RB1LC_0LC1RA_1RA0LD_1LA0RA	CBT_NG_15
1RB1LC_0LC1RA_1RD0LD_1LA0RA	CBT_NG_15
1RB1LC_0LC1RB_0RC1LD_1LA0RB	CBT_SPB_15
1RB1LC_0LC1RB_1LA0LD_0RB1RD	CBT_LE_04
1RB1LC_0LC1RB_1LA0RB_------	CBT_SP2_07
1RB1LC_0LC1RB_1LA0RD_0LC1RC	CBT_SW_04
1RB1LC_0LC1RB_1LA0RD_0LC1RD	CBT_SP_35
1RB1LC_0LC1RB_1LA0RD_1LC1RC	CBT_SPW_11
1RB1LC_0LC1RB_1LA0RD_1RC0LA	CBT_SP_20
1RB1LC_0LC1RB_1LA0RD_1RC1RC	CBT_SP_20
1RB1LC_0LC1RB_1LA1LD_0RA0RB	CBT_SPB_15
1RB1LC_0LC1RB_1LA1LD_1LA0RB	CBT_SPB_15
1RB1LC_0LC1RB_1LA1LD_1RD0RB	CBT_SP2_07
1RB1LC_0LC1RB_1LA1RD_0RB0RC	CBT_SP_20
1RB1LC_0LC1RB_1LD0RB_0RD1LA	CBT_LEF_03
1RB1LC_0LC1RB_1LD0RB_1LA0RB	CBT_SPB_28
1RB1LC_0LC1RB_1LD0RB_1LA0RC	CBT_SP2_07
1RB1LC_0LC1RB_1LD0RB_1LA1LA	CBT_SP2_07
1RB1LC_0LC1RB_1LD0RB_1LA1RA	CBT_SPB_28
1RB1LC_0LC1RB_1LD0RB_1RB1LA	CBT_LEF_03
1RB1LC_0LC1RB_1LD0RB_1RC1LA	CBT_LE_05
1RB1LC_0LC1RB_1LD1LD_1LA0RB	CBT_SP2_07
1RB1LC_0LC1RB_1RA1LD_1LA0RB	CBT_SP2_07
1RB1LC_0LC1RB_1RB1LD_1LA0RB	CBT_SPB_18
1RB1LC_0LC1RB_1RD1LA_0LA0RD	CBT_LE_03
1RB1LC_0LC1RB_1RD1LA_0LC0RD	CBT_CE3_01
1RB1LC_0LC1RB_1RD1LC_0LA0RB	CBT_QS_07
1RB1LC_0LC1RB_1RD1LC_1LA0RB	CBT_QS_07
1RB1LC_0LC1RB_1RD1LD_1LA0RB	CBT_LEF_03
1RB1LC_0LC1RD_---1LA_0LA0RD	CBT_LE6_02
1RB1LC_0LC1RD_0LA1LA_0RB0RD	CBT_NG_16
1RB1LC_0LC1RD_0LB1LA_1RB0RB	CBT_SP2_07
1RB1LC_0LC1RD_1LA0RB_0LC0RB	CBT_CE3_01
1RB1LC_0LC1RD_1LA0RB_0LD0RB	CBT_CE3_01
1RB1LC_0LC1RD_1LA0RB_1RA1RB	CBT_SP2_07
1RB1LC_0LC1RD_1LA0RB_1RC1RB	CBT_SP2_07
1RB1LC_0LC1RD_1LA0RD_0LC0RB	CBT_LEFQ_00
1RB1LC_0LC1RD_1LA0RD_0LC1RD	CBT_QC_22
1RB1LC_0LC1RD_1LA1LB_0LC0RD	CBT_CE2_02
1RB1LC_0LC1RD_1LA1LB_0RB0RD	CBT_NG_16
1RB1LC_0LC1RD_1LA1LB_0RC0RD	CBT_NG_16
1RB1LC_0LC1RD_1LA1LC_0LC0RD	CBT_CE2_13
1RB1LC_0LC1RD_1RB1LC_0LA0RB	CBT_QC_22
1RB1LC_0LC1RD_1RB1LC_1LA0RB	CBT_QC_22
1RB1LC_0RC---_1LD0RD_0LA0LB	CBT_RW_04
1RB1LC_0RC0LC_1LD0RB_0RA1RC	CBT_QC_22
1RB1LC_0RC0LC_1LD1RA_0RA0LD	CBT_DX2_11
1RB1LC_0RC0LD_1LD0LA_0RA0LD	CBT_NG_16
1RB1LC_0RC0LD_1LD1RC_0RA1LB	CBT_QC_22
1RB1LC_0RC0RB_1LD1RB_0LA0RA	CBT_AST_50
1RB1LC_0RC0RB_1LD1RB_0LA1LC	CBT_BLC6_06
1RB1LC_0RC0RB_1LD1RB_0LA1LD	CBT_AST_50
1RB1LC_0RC0RC_1LD0LA_0RA0LD	CBT_NG_16
1RB1LC_0RC0RD_1LA0LA_0LC0RD	CBT_SP2_07
1RB1LC_0RC0RD_1LA0LC_0LC0RA	CBT_NG_16
1RB1LC_0RC0RD_1LA0LC_1LB0RA	CBT_NG_16
1RB1LC_0RC0RD_1LA0RD_0LC1RD	CBT_QC_22
1RB1LC_0RC0RD_1LA1LC_0LC0RB	CBT_SP2_07
1RB1LC_0RC0RD_1RD1LA_0LC0RB	CBT_CE_05
1RB1LC_0RC1LA_1RD0LB_1LB1RD	CBT_SPB_18
1RB1LC_0RC1LB_1LA1RD_1RC0LB	CBT_QC_22
1RB1LC_0RC1LB_1LD0LA_1LA---	CBT_NG_16
1RB1LC_0RC1LB_1LD1RC_1LA0LB	CBT_QS_07
1RB1LC_0RC1LB_1LD1RC_1RA0LB	CBT_QS_07
1RB1LC_0RC1LB_1RD0LB_0LA1RC	CBT_LE3_01
1RB1LC_0RC1LD_1LA0RD_0LA1RD	CBT_QC_22
1RB1LC_0RC1LD_1LA0RD_0LC1RD	CBT_QC_22
1RB1LC_0RC1LD_1LB1RC_0LA0LB	CBT_LEF_03
1RB1LC_0RC1LD_1LB1RC_0RA0LB	CBT_QC_22
1RB1LC_0RC1LD_1LB1RC_1RA0LB	CBT_QC_22
1RB1LC_0RC1LD_1RD0RB_0LA1RC	CBT_SP_20
1RB1LC_0RC1RB_1LD---_0RA0LD	CBT_DX2_11
1RB1LC_0RC1RB_1LD1RD_1LA0LB	CBT_SPW_11
1RB1LC_0RC1RC_1LD1RA_0RA0LD	CBT_DX3_00
1RB1LC_0RC1RD_0LC1LA_0LA0RD	CBT_LE6_02
1RB1LC_0RC1RD_1LA0LA_0LA1LD	CBT_SP_20
1RB1LC_0RC1RD_1LA0LA_0LC0RB	CBT_NG_16
1RB1LC_0RC1RD_1LA0LA_1LA0RB	CBT_NG_16
1RB1LC_0RC1RD_1LA0LA_1LC0RB	CBT_NG_16
1RB1LC_0RC1RD_1LA0RB_0LA1RB	CBT_SP2_07
1RB1LC_0RC1RD_1LA0RD_0LA1RD	CBT_QC_22
1RB1LC_0RC1RD_1LA0RD_0LC0RB	CBT_LEFQ_00
1RB1LC_0RC1RD_1LA0RD_0LC1RD	CBT_QC_22
1RB1LC_0RC1RD_1LA1LC_0LC0RD	CBT_CE2_13
1RB1LC_1LA---_0RD0LA_1LA1RD	CBT_SP_35
1RB1LC_1LA---_0RD0LC_1RB1RD	CBT_QC_23
1RB1LC_1LA---_1RD0LA_0LC0RD	CBT_DX2_11
1RB1LC_1LA0LA_0RD1LB_1LA1RD	CBT_SPB_18
1RB1LC_1LA0LA_0RD1LC_1LB1RD	CBT_DX1_10
1RB1LC_1LA0LA_1RD0LC_0RD0RB	CBT_DX2_11
1RB1LC_1LA0LA_1RD0LC_0RD1RB	CBT_QC_22
1RB1LC_1LA0LA_1RD1LA_1RB1RD	CBT_SP_20
1RB1LC_1LA0LC_0LB0RD_1RD1LB	CBT_QC_22
1RB1LC_1LA0LC_0LB0RD_1RD1LC	CBT_QC_22
1RB1LC_1LA0LC_0RB1RD_0RD0LA	CBT_DX2_11
1RB1LC_1LA0LC_0RD0LB_1RB1RD	CBT_QC_22
1RB1LC_1LA0LC_1LB1RD_0RD0RC	CBT_RW_04
1RB1LC_1LA0LC_1RB1RD_0RD0LA	CBT_DX2_11
1RB1LC_1LA0LD_0RC1LB_1RC0LD	CBT_QC_22
1RB1LC_1LA0LD_1RC1LB_0LB0RC	CBT_QC_22
1RB1LC_1LA0LD_1RC1LD_0LB0RC	CBT_QC_22
1RB1LC_1LA0LD_1RD0LC_0RD1RB	CBT_QC_22
1RB1LC_1LA0RA_1RA1LD_0LB0LC	CBT_LEF_03
1RB1LC_1LA0RC_0LD1LC_1RA1LB	CBT_SP_20
1RB1LC_1LA0RC_0RD0RB_0LD1LB	CBT_DX2_11
1RB1LC_1LA0RC_1LB0RD_0LA1RD	CBT_SP2_07
1RB1LC_1LA0RC_1LB0RD_0LC1RD	CBT_LE_04
1RB1LC_1LA0RD_0LB0LA_1LA1RD	CBT_SP2_07
1RB1LC_1LA0RD_0LB1LB_0LA1RD	CBT_LE2_00
1RB1LC_1LA0RD_0RC1LA_0LA1RD	CBT_DX1_10
1RB1LC_1LA0RD_0RC1LB_0LA1RD	CBT_LE2_00
1RB1LC_1LA0RD_0RC1LB_0LB1RD	CBT_LE2_00
1RB1LC_1LA0RD_1LA---_0LB0RB	CBT_DX2_11
1RB1LC_1LA0RD_1LA---_0LB0RD	CBT_DX2_11
1RB1LC_1LA0RD_1LA---_0LC0RB	CBT_QC_22
1RB1LC_1LA0RD_1LA---_0LC0RD	CBT_QC_22
1RB1LC_1LA0RD_1LA0RB_0LB1RD	CBT_NG_16
1RB1LC_1LA0RD_1LA0RD_0LA1RD	CBT_QC_22
1RB1LC_1LA0RD_1LA0RD_0LC1RD	CBT_QC_22
1RB1LC_1LA0RD_1LA1LB_0LA1RD	CBT_LE2_00
1RB1LC_1LA0RD_1LA1LB_0LB1RD	CBT_LE2_00
1RB1LC_1LA0RD_1LA1LB_0LC1RD	CBT_LEF_03
1RB1LC_1LA0RD_1LB---_0LB0RD	CBT_DX2_11
1RB1LC_1LA0RD_1LB---_0LC0RD	CBT_DX2_11
1RB1LC_1LA0RD_1LB0RA_0LA1RD	CBT_SP2_07
1RB1LC_1LA0RD_1LB0RA_0LB1RD	CBT_SP2_07
1RB1LC_1LA0RD_1LB0RB_0LB1RD	CBT_NG_16
1RB1LC_1LA0RD_1LB0RD_0LA1RD	CBT_SPB_28
1RB1LC_1LA0RD_1LB0RD_0LB1RD	CBT_SPB_28
1RB1LC_1LA0RD_1LB0RD_0LC1RD	CBT_LE_06
1RB1LC_1LA0RD_1LB1LB_0LA1RD	CBT_SP2_07
1RB1LC_1LA0RD_1LB1LB_0LB1RD	CBT_SP2_07
1RB1LC_1LA0RD_1LB1LB_0LC1RD	CBT_SP2_07
1RB1LC_1LA0RD_1RA1LB_0LA1RD	CBT_SP2_07
1RB1LC_1LA0RD_1RA1LB_0LB1RD	CBT_SP2_07
1RB1LC_1LA0RD_1RA1LB_0LC1RD	CBT_SP2_07
1RB1LC_1LA0RD_1RB1LA_0LA1RD	CBT_DX1_10
1RB1LC_1LA0RD_1RB1LA_0LC1RD	CBT_DX1_10
1RB1LC_1LA0RD_1RB1LB_0LA1RD	CBT_LE2_00
1RB1LC_1LA0RD_1RB1LB_0LB1RD	CBT_LE_05
1RB1LC_1LA0RD_1RB1LB_0LC1RD	CBT_SPB_18
1RB1LC_1LA0RD_1RB1LC_0LA1RD	CBT_DX1_10
1RB1LC_1LA0RD_1RB1LC_0LB1RD	CBT_DX1_10
1RB1LC_1LA0RD_1RB1LC_0LC1RD	CBT_QS_07
1RB1LC_1LA0RD_1RB1RD_0RD0LA	CBT_DX2_11
1RB1LC_1LA0RD_1RD1LA_0LC0RB	CBT_CE_05
1RB1LC_1LA0RD_1RD1LB_0LA1RD	CBT_LE_07
1RB1LC_1LA0RD_1RD1LB_0LB1RD	CBT_LE_07
1RB1LC_1LA0RD_1RD1LB_0LC1RD	CBT_SPB_18
1RB1LC_1LA0RD_1RD1LC_0LC1RB	CBT_QC_22
1RB1LC_1LA1LA_0RD0LB_1LB1RD	CBT_SP2_07
1RB1LC_1LA1LA_1RD0LC_0RD0RB	CBT_QC_22
1RB1LC_1LA1LA_1RD0LC_0RD1RB	CBT_QC_22
1RB1LC_1LA1LC_1LB0RD_0LB1RD	CBT_QC_22
1RB1LC_1LA1LC_1LB0RD_0LC1RD	CBT_QC_22
1RB1LC_1LA1LD_0LB1RC_1LB0RC	CBT_QC_22
1RB1LC_1LA1LD_0LD1RC_1LB0RC	CBT_QC_22
1RB1LC_1LA1LD_0RC1LA_1RC0LD	CBT_QC_22
1RB1LC_1LA1LD_1LA0RD_0LA1RD	CBT_QC_22
1RB1LC_1LA1LD_1LA0RD_0LC1RD	CBT_QC_22
1RB1LC_1LA1LD_1LB0LD_1RD0RC	CBT_DX1_10
1RB1LC_1LA1RA_0LB1LD_1RD0LA	CBT_DX0_01
1RB1LC_1LA1RA_1LA0RD_0LA1RD	CBT_QC_22
1RB1LC_1LA1RA_1LA0RD_0LC1RD	CBT_QC_22
1RB1LC_1LA1RA_1LB0RD_0LA1RD	CBT_SPB_28
1RB1LC_1LA1RA_1LB0RD_0LC1RD	CBT_LE_07
1RB1LC_1LA1RA_1LD0RA_0LB0LC	CBT_SPB_28
1RB1LC_1LA1RB_0LB0LD_0RA1LC	CBT_LEF_03
1RB1LC_1LA1RB_0LB0LD_0RB1LD	CBT_QS_07
1RB1LC_1LA1RB_0LD0LD_0RB1LD	CBT_QS_07
1RB1LC_1LA1RB_0LD0RA_0RB1LD	CBT_DX1_10
1RB1LC_1LA1RB_0RB0LA_------	CBT_SPB_18
1RB1LC_1LA1RB_0RB0LD_0RA1LD	CBT_SW_04
1RB1LC_1LA1RB_0RB0LD_0RB1LD	CBT_QS_07
1RB1LC_1LA1RB_0RB0LD_1LB1LC	CBT_SPB_28
1RB1LC_1LA1RB_0RB0LD_1RA1LC	CBT_SPB_18
1RB1LC_1LA1RB_0RB0LD_1RB1LD	CBT_DXQ_02
1RB1LC_1LA1RB_0RB1LD_0LA0LA	CBT_SPB_18
1RB1LC_1LA1RB_0RB1LD_0LA0RC	CBT_SP2_07
1RB1LC_1LA1RB_0RB1LD_0LC0LA	CBT_SPB_18
1RB1LC_1LA1RB_0RB1LD_0RA0LA	CBT_SPB_18
1RB1LC_1LA1RB_0RB1LD_0RA0LD	CBT_NG_16
1RB1LC_1LA1RB_0RB1LD_0RB0LA	CBT_CE_03
1RB1LC_1LA1RB_0RB1LD_0RD0LA	CBT_SPB_18
1RB1LC_1LA1RB_0RB1LD_1LA0LA	CBT_SPB_18
1RB1LC_1LA1RB_0RB1LD_1LC0LA	CBT_SPB_18
1RB1LC_1LA1RB_0RB1LD_1RB0LA	CBT_SPB_18
1RB1LC_1LA1RB_0RB1LD_1RC0LA	CBT_SPB_18
1RB1LC_1LA1RB_0RB1LD_1RD0LA	CBT_SPB_18
1RB1LC_1LA1RB_0RC0LD_0RB1LD	CBT_DX1_11
1RB1LC_1LA1RB_0RC1LD_0RB0LA	CBT_SPB_18
1RB1LC_1LA1RB_0RD0LA_---1RB	CBT_SP_35
1RB1LC_1LA1RB_0RD0LA_1RB1RD	CBT_SPB_18
1RB1LC_1LA1RB_0RD0LD_0RB1LD	CBT_QS_07
1RB1LC_1LA1RB_0RD0LD_1RB1LD	CBT_DXQ_02
1RB1LC_1LA1RB_0RD1LD_0RA0LD	CBT_NG_16
1RB1LC_1LA1RB_1LA0LD_0RB1LD	CBT_QS_07
1RB1LC_1LA1RB_1LA0LD_1RB1LD	CBT_SP_02
1RB1LC_1LA1RB_1LA0RD_0LB1RC	CBT_SW_04
1RB1LC_1LA1RB_1LA0RD_0LC1RC	CBT_SW_06
1RB1LC_1LA1RB_1LA0RD_0LC1RD	CBT_SP_35
1RB1LC_1LA1RB_1LA0RD_0LD1RC	CBT_SW_06
1RB1LC_1LA1RB_1LA0RD_1LB1RC	CBT_SPW_11
1RB1LC_1LA1RB_1LA0RD_1LC1RC	CBT_SPW_11
1RB1LC_1LA1RB_1LA0RD_1LD1RC	CBT_SP_02
1RB1LC_1LA1RB_1LA0RD_1RB1RC	CBT_SP_02
1RB1LC_1LA1RB_1LA0RD_1RC1RC	CBT_SP_02
1RB1LC_1LA1RB_1LA1RD_0LB0RC	CBT_SP_02
1RB1LC_1LA1RB_1LA1RD_0RA0RC	CBT_SPW_11
1RB1LC_1LA1RB_1LB0LD_0RA1LC	CBT_LEF_03
1RB1LC_1LA1RB_1LB0LD_0RB1LD	CBT_DX1_11
1RB1LC_1LA1RB_1LB0LD_1RB1LD	CBT_SP_02
1RB1LC_1LA1RB_1LB0LD_1RD0RC	CBT_DX1_11
1RB1LC_1LA1RB_1LD0LD_0RB1LD	CBT_QS_07
1RB1LC_1LA1RB_1LD0LD_1RB1LD	CBT_DXQ_02
1RB1LC_1LA1RB_1LD0RA_0RB0LA	CBT_SP2_07
1RB1LC_1LA1RB_1LD1LD_0RB0LA	CBT_SP2_07
1RB1LC_1LA1RB_1RA0LD_0RB1LD	CBT_QS_07
1RB1LC_1LA1RB_1RA1LD_0RB0LA	CBT_SP2_07
1RB1LC_1LA1RB_1RB0LD_0RA1LD	CBT_SP_02
1RB1LC_1LA1RB_1RB0LD_0RB1LD	CBT_QS_07
1RB1LC_1LA1RB_1RB0LD_1RB1LD	CBT_DXQ_02
1RB1LC_1LA1RB_1RB1LD_0RB0LA	CBT_SP2_07
1RB1LC_1LA1RB_1RD0LD_0RB1LD	CBT_QS_07
1RB1LC_1LA1RB_1RD0LD_1RB1LD	CBT_DXQ_02
1RB1LC_1LA1RC_0RC1LD_1LA0LD	CBT_QC_22
1RB1LC_1LA1RC_1LA0LD_1LC0RA	CBT_SP_02
1RB1LC_1LA1RC_1RB0RD_1RC0LB	CBT_SP_02
1RB1LC_1LA1RD_0RB1LC_1RB0LC	CBT_QC_23
1RB1LC_1LA1RD_0RC1LD_1LA0RB	CBT_SPW_16
1RB1LC_1LA1RD_0RD0LA_1RA1RB	CBT_SP2_07
1RB1LC_1LA1RD_0RD0LA_1RB0LC	CBT_LEFQ_00
1RB1LC_1LA1RD_0RD0LC_1RB1RA	CBT_CE2_02
1RB1LC_1LA1RD_0RD1LC_1RB0LC	CBT_QC_23
1RB1LC_1LA1RD_1LA0LC_0RD0RA	CBT_QC_23
1RB1LC_1LA1RD_1LA0LC_0RD1LA	CBT_QC_23
1RB1LC_1LA1RD_1LA0LC_0RD1LC	CBT_QC_23
1RB1LC_1LA1RD_1LA0RD_0LA1RD	CBT_QC_23
1RB1LC_1LA1RD_1LA0RD_0LC0RB	CBT_LEFQ_00
1RB1LC_1LA1RD_1LA0RD_0LC1RD	CBT_QC_23
1RB1LC_1LA1RD_1LA1LB_0LC0RD	CBT_CE2_02
1RB1LC_1LA1RD_1LA1LD_1LA0RB	CBT_SPW_16
1RB1LC_1LA1RD_1LB0LD_1RD0RC	CBT_DX1_11
1RB1LC_1LA1RD_1LB1LA_0LC0RB	CBT_SP2_07
1RB1LC_1LA1RD_1LD0LC_0RD1LA	CBT_QC_23
1RB1LC_1LA1RD_1RB0LA_0LD1RC	CBT_SPW_16
1RB1LC_1LA1RD_1RB0LA_1RB1RC	CBT_SPW_17
1RB1LC_1LA1RD_1RB1LC_0LC0RB	CBT_QC_23
1RB1LC_1LB0RA_0RD0LA_1LA1RD	CBT_DX2_11
1RB1LC_1LB1LA_1RD0LA_0LC0RD	CBT_DX2_11
1RB1LC_1LB1LA_1RD0LC_0RD0RB	CBT_QC_23
1RB1LC_1LB1LA_1RD0LC_0RD1RB	CBT_QC_23
1RB1LC_1LB1LC_0RD0LA_1LA1RD	CBT_SP_35
1RB1LC_1LB1LC_1RD0LA_---0RB	CBT_NG_16
1RB1LC_1LB1RA_---0LD_0RA0LC	CBT_DX2_11
1RB1LC_1LB1RA_0LC0LD_0RA0RC	CBT_DX2_11
1RB1LC_1LB1RA_1LA0RD_0LA1RD	CBT_QC_23
1RB1LC_1LB1RA_1RD0LC_0RD0LA	CBT_DX2_11
1RB1LC_1LB1RA_1RD0LC_1LA0RD	CBT_CE2_13
1RB1LC_1LB1RC_0RC1LD_1LA0LD	CBT_QC_23
1RB1LC_1LB1RC_0RD0LA_1LA1RD	CBT_SP_35
1RB1LC_1LC0LA_0RD1LC_1LB1RD	CBT_DX1_11
1RB1LC_1LC0LA_1RB1RD_1LB0RD	CBT_QC_23
1RB1LC_1LC0LA_1RD1LA_1RB1RD	CBT_SP_03
1RB1LC_1LC0LA_1RD1LB_---0RA	CBT_RW_04
1RB1LC_1LC0LD_1RD0LB_0RA1RD	CBT_SPW_11
1RB1LC_1LC0RA_0LD1LB_0RA1LC	CBT_SP_03
1RB1LC_1LC0RA_0LD1LB_0RA1LD	CBT_SP_03
1RB1LC_1LC0RA_0LD1LB_1LA1LC	CBT_SPW_11
1RB1LC_1LC0RA_0RD1LB_1LA0LD	CBT_SP_03
1RB1LC_1LC0RA_1RD0LB_0LA1RC	CBT_SP_03
1RB1LC_1LC0RA_1RD0LB_0RA1RD	CBT_SP_03
1RB1LC_1LC0RA_1RD0LB_1LA0RD	CBT_SP_03
1RB1LC_1LC0RB_0LD0LD_1RA1LA	CBT_BLC4_02
1RB1LC_1LC0RB_0LD0RA_1RA1LA	CBT_BLC4_02
1RB1LC_1LC0RB_1LD1RB_0LC1RA	CBT_QC_23
1RB1LC_1LC0RB_1RA0LD_1RA1LA	CBT_BLC4_02
1RB1LC_1LC0RB_1RD0LC_0RD1LA	CBT_HY_03
1RB1LC_1LC0RD_0LA1LA_1RB1RD	CBT_BLC3_02
1RB1LC_1LC0RD_0LC1LA_1RB1RD	CBT_BLC3_04
1RB1LC_1LC0RD_0RA0LC_1LD1LA	CBT_RW_04
1RB1LC_1LC0RD_0RC1LA_0LA1RD	CBT_DX1_11
1RB1LC_1LC0RD_1LA0LB_0RA1RC	CBT_SP_03
1RB1LC_1LC0RD_1LA0LB_1RB0RD	CBT_HY_03
1RB1LC_1LC0RD_1LA0LC_1RA0RA	CBT_NG_16
1RB1LC_1LC0RD_1LA0RB_0LB1RD	CBT_NG_16
1RB1LC_1LC0RD_1LA0RD_0LA1RD	CBT_QC_23
1RB1LC_1LC0RD_1LA0RD_0LC1RD	CBT_QC_23
1RB1LC_1LC0RD_1LA1LB_0LB1RD	CBT_SP_35
1RB1LC_1LC0RD_1LA1LB_0LC1RD	CBT_SP_35
1RB1LC_1LC0RD_1LD0LB_1RB1RA	CBT_HY_04
1RB1LC_1LC0RD_1RB1LA_0LA1RD	CBT_DX1_11
1RB1LC_1LC0RD_1RB1LA_0LC1RD	CBT_DX1_11
1RB1LC_1LC0RD_1RB1LC_0LA1RD	CBT_DX1_11
1RB1LC_1LC0RD_1RD0LC_1LA0RA	CBT_NG_00
1RB1LC_1LC1LA_0LC1RD_0RB0RD	CBT_CE2_01
1RB1LC_1LC1LA_0RD0LB_1LB1RD	CBT_SP2_07
1RB1LC_1LC1LA_1RD1LB_0LC0RD	CBT_SP_35
1RB1LC_1LC1LD_1LA0RD_0LA1RD	CBT_QC_23
1RB1LC_1LC1LD_1LA0RD_0LC1RD	CBT_QC_23
1RB1LC_1LC1RA_0LC1RD_1LB0RD	CBT_CE2_18
1RB1LC_1LC1RA_1LA0RD_0LA1RD	CBT_QC_23
1RB1LC_1LC1RA_1RD0LC_1LA0RD	CBT_CE2_13
1RB1LC_1LC1RA_1RD1LB_0LC0RD	CBT_QC_23
1RB1LC_1LC1RB_0RB0LD_0RA1LD	CBT_DX1_11
1RB1LC_1LC1RB_0RB1LD_0RA0LC	CBT_QC_23
1RB1LC_1LC1RB_1LA0RD_0LA1RC	CBT_SP_03
1RB1LC_1LC1RB_1LA0RD_0LA1RD	CBT_SP_35
1RB1LC_1LC1RB_1LA0RD_0LC1RC	CBT_DX1_11
1RB1LC_1LC1RB_1LA0RD_0LD1RC	CBT_DX1_11
1RB1LC_1LC1RB_1LA0RD_1LC1RC	CBT_SPW_11
1RB1LC_1LC1RB_1LA0RD_1LD1RC	CBT_SP_03
1RB1LC_1LC1RB_1LA0RD_1RA1RC	CBT_SP_03
1RB1LC_1LC1RB_1LA0RD_1RC1RC	CBT_SP_03
1RB1LC_1LC1RD_0RB0LC_1LA1RA	CBT_NG_16
1RB1LC_1LC1RD_0RB0LC_1RB0LA	CBT_QE_06
1RB1LC_1LC1RD_1LA0LB_0RB0RC	CBT_TI_01
1RB1LC_1LC1RD_1LA0LB_0RB1LC	CBT_SPW_11
1RB1LC_1LC1RD_1LA0LC_0RD0RB	CBT_HY_03
1RB1LC_1LC1RD_1LA0RD_0LA1RD	CBT_QC_23
1RB1LC_1LC1RD_1LA0RD_0LB0RD	CBT_NG_16
1RB1LC_1LC1RD_1LA0RD_0LC1RD	CBT_QC_23
1RB1LC_1LC1RD_1LA1LB_0LB0RD	CBT_NG_16
1RB1LC_1LC1RD_1LA1LB_0LC0RD	CBT_CE2_02
1RB1LC_1LC1RD_1LA1LC_0LB0RD	CBT_LE_04
1RB1LC_1RC---_0LD0RD_0LA1LD	CBT_SP4_00
1RB1LC_1RC---_1LD0RD_0LA1LD	CBT_SP_03
1RB1LC_1RC0LA_0RD1LB_1LA1RD	CBT_SP2_07
1RB1LC_1RC0LA_0RD1LC_1LB1RD	CBT_DX1_11
1RB1LC_1RC0LA_1LA0LD_0RB1RA	CBT_NG_16
1RB1LC_1RC0LA_1LB0LD_0RB1RA	CBT_NG_16
1RB1LC_1RC0LA_1RD1LA_1LB0RA	CBT_DX1_11
1RB1LC_1RC0LA_1RD1LB_0LB0RD	CBT_SPB_18
1RB1LC_1RC0LB_1LA1RD_1LB0RD	CBT_QC_23
1RB1LC_1RC0LD_0LB0RD_0LA1LD	CBT_SP_03
1RB1LC_1RC0LD_0RD0RB_1LA1LB	CBT_BR_04
1RB1LC_1RC0LD_1LA0RB_0RB1RA	CBT_SP_03
1RB1LC_1RC0LD_1LA0RB_0RC1LB	CBT_SP_03
1RB1LC_1RC0LD_1LA0RB_1LB0LA	CBT_SP_03
1RB1LC_1RC0LD_1LA0RB_1LB0RB	CBT_SP_03
1RB1LC_1RC0LD_1LA0RB_1LB0RD	CBT_SP_03
1RB1LC_1RC0LD_1LA0RB_1LB1LB	CBT_SP_03
1RB1LC_1RC0LD_1LA0RB_1LB1RB	CBT_SPW_16
1RB1LC_1RC0LD_1LA0RB_1LB1RD	CBT_SP_03
1RB1LC_1RC0LD_1LA0RB_1LC0RA	CBT_NG_16
1RB1LC_1RC0LD_1LA1RB_0RC1LD	CBT_QC_23
1RB1LC_1RC0LD_1LB0RD_0LA1LD	CBT_SP4_00
1RB1LC_1RC0RA_0LA1LD_1LC0LB	CBT_SP_03
1RB1LC_1RC0RA_0LD1RA_1LA1LB	CBT_RW_04
1RB1LC_1RC0RA_0LD1RB_1LA1LB	CBT_RW_04
1RB1LC_1RC0RB_0LC1RD_1LA1RB	CBT_QC_23
1RB1LC_1RC0RB_0LD0RB_1LA1RD	CBT_BLC6_07
1RB1LC_1RC0RB_1LA1RD_1LD0LC	CBT_NG_16
1RB1LC_1RC0RB_1LD0LC_1LA0LC	CBT_NG_16
1RB1LC_1RC0RB_1LD0LC_1LA1RA	CBT_NG_16
1RB1LC_1RC0RB_1LD0LD_1LA0LC	CBT_NG_16
1RB1LC_1RC0RB_1LD0RB_1LA0LC	CBT_HY_03
1RB1LC_1RC0RB_1LD1RB_1LA0LD	CBT_CE2_14
1RB1LC_1RC0RB_1LD1RC_1LA0LC	CBT_HY_03
1RB1LC_1RC0RC_1LA0LD_0LC0LA	CBT_DX0_01
1RB1LC_1RC0RC_1LD0RB_1LA0LC	CBT_DX0_01
1RB1LC_1RC0RC_1RD0LA_1LA0RA	CBT_DX0_01
1RB1LC_1RC0RD_1LA0LC_1RB0RC	CBT_NG_16
1RB1LC_1RC0RD_1LA0RD_0LA1RD	CBT_QC_23
1RB1LC_1RC0RD_1LA0RD_0LC1RD	CBT_QC_23
1RB1LC_1RC0RD_1LA1LC_0LC0RB	CBT_SP2_07
1RB1LC_1RC0RD_1RD1LA_0LC0RB	CBT_CE_05
1RB1LC_1RC1LA_1LB0RD_0LA1RD	CBT_SP2_07
1RB1LC_1RC1LA_1LB0RD_0LB1RD	CBT_SP2_07
1RB1LC_1RC1LA_1LB0RD_0LC1RD	CBT_SP2_07
1RB1LC_1RC1LA_1RD0LB_1LB0RC	CBT_HY3_01
1RB1LC_1RC1LA_1RD0LC_1LA0RA	CBT_BR_08
1RB1LC_1RC1LB_0LB0RD_0LA1RD	CBT_TI_00
1RB1LC_1RC1LB_0RD0RA_1LD0LB	CBT_SP_03
1RB1LC_1RC1LB_1LA0RD_0LA1RD	CBT_SP2_07
1RB1LC_1RC1LB_1LA0RD_0LC1RD	CBT_LE_04
1RB1LC_1RC1LB_1LA1RD_0LB0RC	CBT_QC_23
1RB1LC_1RC1LB_1LA1RD_0LC0RD	CBT_NG_00
1RB1LC_1RC1LD_0LB0RC_1LB0LA	CBT_QE_06
1RB1LC_1RC1LD_0LB0RC_1LB0RA	CBT_QE_06
1RB1LC_1RC1LD_0LB0RC_1LB1RA	CBT_QE_06
1RB1LC_1RC1LD_0LB0RD_0LA1LD	CBT_SP4_00
1RB1LC_1RC1LD_0LD0RC_1LA1LB	CBT_CE2_13
1RB1LC_1RC1LD_0LD0RC_1LB0LA	CBT_QE_06
1RB1LC_1RC1LD_0LD0RC_1LB1LA	CBT_QE_06
1RB1LC_1RC1LD_1LA0RB_0LB0LA	CBT_SP_20
1RB1LC_1RC1LD_1LA0RD_0LA1RD	CBT_QC_23
1RB1LC_1RC1LD_1LA0RD_0LC1RD	CBT_QC_23
1RB1LC_1RC1LD_1LB0RD_0LA1LD	CBT_SP_20
1RB1LC_1RC1RA_0LA0LD_0RB1LD	CBT_LE_07
1RB1LC_1RC1RA_0LD0LA_0RA1LD	CBT_SP_20
1RB1LC_1RC1RA_0LD0LA_1LA1LD	CBT_BL_04
1RB1LC_1RC1RA_0LD0LD_0RB1LD	CBT_LE_06
1RB1LC_1RC1RA_1LA0LD_0RB1LD	CBT_SP2_07
1RB1LC_1RC1RA_1LA0RD_0LA1RD	CBT_QC_23
1RB1LC_1RC1RA_1LA0RD_0LC1RD	CBT_QC_23
1RB1LC_1RC1RA_1LB0LD_0RB1LD	CBT_SP2_07
1RB1LC_1RC1RA_1LC0LD_0RB1LD	CBT_SP2_07
1RB1LC_1RC1RA_1LD0LD_0RB1LD	CBT_SP2_07
1RB1LC_1RC1RA_1LD0RB_1LA0LC	CBT_SP_20
1RB1LC_1RC1RA_1LD0RB_1RA0LC	CBT_SP_20
1RB1LC_1RC1RB_1LA0RD_0LC1RC	CBT_DX1_11
1RB1LC_1RC1RB_1LA0RD_0LC1RD	CBT_LE_06
1RB1LC_1RC1RB_1LA0RD_0LD1RC	CBT_DX1_11
1RB1LC_1RC1RB_1LA0RD_1LC1RC	CBT_SPW_11
1RB1LC_1RC1RB_1LA0RD_1LD1RC	CBT_SP_20
1RB1LC_1RC1RB_1LA0RD_1RC1RC	CBT_SP_20
1RB1LC_1RC1RB_1LA1RD_0RB0RC	CBT_SPW_11
1RB1LC_1RC1RD_0LA0RB_1LA1RA	CBT_RW_04
1RB1LC_1RC1RD_1LA0LC_0RD0RA	CBT_HY_03
1RB1LC_1RC1RD_1LA0LC_0RD1LA	CBT_QC_23
1RB1LC_1RC1RD_1LA0RD_0LA1RD	CBT_QC_23
1RB1LC_1RC1RD_1LA0RD_0LC0RB	CBT_LEFQ_00
1RB1LC_1RC1RD_1LA0RD_0LC1RD	CBT_QC_23
1RB1LC_1RC1RD_1LA1LB_0LC0RB	CBT_SPW_17
1RB1LC_1RC1RD_1LA1LB_0LC0RD	CBT_CE2_02
1RB1LC_1RC1RD_1LA1LB_0RA0RB	CBT_SPW_17
1RB1LC_1RC1RD_1LA1LB_1RA0RB	CBT_SPW_17
1RB1LC_1RC1RD_1LA1LB_1RC0RB	CBT_SPW_17
1RB1LC_1RC1RD_1LA1LC_0LC0RD	CBT_CE2_13
1RB1LC_1RC1RD_1LB0RD_0LA1LD	CBT_SP_20
1RB1LC_1RC1RD_1LD0LC_0RD1LA	CBT_QC_23
1RB1LD_0LB0RC_0LD0RB_1LA---	CBT_QC_23
1RB1LD_0LB0RC_0LD0RB_1RC1LA	CBT_CE_05
1RB1LD_0LB0RC_0LD0RC_1LA---	CBT_QC_24
1RB1LD_0LB0RC_0LD1RC_1LA0RC	CBT_QC_24
1RB1LD_0LB1LC_0LD1RC_1LA0RC	CBT_QC_24
1RB1LD_0LB1LC_1LA1RC_0RC0LA	CBT_SPB_29
1RB1LD_0LB1LC_1RD0LA_1LA0RC	CBT_SP_20
1RB1LD_0LB1LC_1RD0LC_0RD1LA	CBT_QC_24
1RB1LD_0LB1RC_0LA0RC_1LA0RB	CBT_NG_16
1RB1LD_0LB1RC_0LA0RC_1LA0RC	CBT_NG_16
1RB1LD_0LB1RC_0LA0RC_1LA1LB	CBT_LE_06
1RB1LD_0LB1RC_0LA1RC_1LA0RC	CBT_QC_24
1RB1LD_0LB1RC_0LD0RB_1LA0RC	CBT_LEFQ_00
1RB1LD_0LB1RC_0LD0RC_1LA1LD	CBT_CE2_13
1RB1LD_0LB1RC_0LD1RC_1LA0RC	CBT_QC_24
1RB1LD_0LB1RC_1LA0RC_0RB0LB	CBT_DX2_11
1RB1LD_0LB1RC_1LA1RC_0RC0LA	CBT_SP_35
1RB1LD_0LB1RC_1LD0RB_0LA1LA	CBT_LE_06
1RB1LD_0LC---_1LA1RC_0RC0LA	CBT_SP_35
1RB1LD_0LC0RA_1RA1LC_0RB0LC	CBT_HY_03
1RB1LD_0LC0RB_0LA1RD_1LA---	CBT_DX2_11
1RB1LD_0LC0RB_0RA0LD_1LA---	CBT_DX2_11
1RB1LD_0LC0RB_1LA0LB_1LA---	CBT_QC_24
1RB1LD_0LC0RB_1LA0LB_1LC---	CBT_QC_24
1RB1LD_0LC0RB_1LA0LB_1RB1LC	CBT_CE2_04
1RB1LD_0LC0RB_1LA0LC_1LA---	CBT_QC_24
1RB1LD_0LC0RB_1LA0LC_1LC---	CBT_QC_24
1RB1LD_0LC0RB_1LA0LC_1RB1LC	CBT_CE2_04
1RB1LD_0LC0RB_1LA0LD_1LA---	CBT_QC_24
1RB1LD_0LC0RB_1LA0RB_1LA---	CBT_QC_24
1RB1LD_0LC0RB_1LA0RB_1LC---	CBT_QC_24
1RB1LD_0LC0RB_1LA0RB_1RB1LC	CBT_CE2_04
1RB1LD_0LC0RB_1LA0RC_1LA---	CBT_QC_24
1RB1LD_0LC0RB_1LA0RC_1LC---	CBT_QC_24
1RB1LD_0LC0RB_1LA0RC_1RB1LC	CBT_CE2_04
1RB1LD_0LC0RB_1LA0RD_1LA---	CBT_QC_24
1RB1LD_0LC0RB_1LA1LA_1LA---	CBT_QC_24
1RB1LD_0LC0RB_1LA1LA_1LC---	CBT_QC_24
1RB1LD_0LC0RB_1LA1LA_1RB1LC	CBT_CE2_04
1RB1LD_0LC0RB_1LA1LB_1LA---	CBT_QC_24
1RB1LD_0LC0RB_1LA1LB_1LC---	CBT_QC_24
1RB1LD_0LC0RB_1LA1LB_1RB1LC	CBT_CE2_04
1RB1LD_0LC0RB_1LA1LC_1LC1RD	CBT_SP_35
1RB1LD_0LC0RB_1LA1LC_1RB1LC	CBT_CE2_04
1RB1LD_0LC0RB_1LA1LC_1RC0LD	CBT_SP2_07
1RB1LD_0LC0RB_1LA1LD_1LC---	CBT_SP_35
1RB1LD_0LC0RB_1LA1LD_1RB1LC	CBT_CE2_04
1RB1LD_0LC0RB_1LA1RC_0RD1LC	CBT_QC_24
1RB1LD_0LC0RB_1LA1RC_1LA---	CBT_QC_24
1RB1LD_0LC0RB_1LA1RC_1LC---	CBT_QC_24
1RB1LD_0LC0RB_1LA1RC_1RA1LC	CBT_QC_24
1RB1LD_0LC0RB_1LA1RC_1RB1LC	CBT_CE2_04
1RB1LD_0LC0RB_1LA1RD_1LA---	CBT_QC_24
1RB1LD_0LC0RB_1LD0LB_1LA---	CBT_QC_24
1RB1LD_0LC0RB_1LD0LC_1LA---	CBT_QC_24
1RB1LD_0LC0RB_1LD0RB_1LA---	CBT_QC_24
1RB1LD_0LC0RB_1LD0RC_1LA---	CBT_QC_24
1RB1LD_0LC0RB_1LD1LB_1LA---	CBT_QC_24
1RB1LD_0LC0RB_1LD1LC_1LA0LB	CBT_CE2_13
1RB1LD_0LC0RB_1LD1LC_1LA1LB	CBT_CE2_13
1RB1LD_0LC0RB_1LD1LD_1LA---	CBT_QC_24
1RB1LD_0LC0RB_1LD1RC_1LA1LC	CBT_QC_24
1RB1LD_0LC0RB_1LD1RD_1LA0LB	CBT_CE2_13
1RB1LD_0LC0RB_1LD1RD_1LA0RC	CBT_SP_35
1RB1LD_0LC0RB_1LD1RD_1LA1LB	CBT_CE2_13
1RB1LD_0LC0RB_1LD1RD_1LA1LC	CBT_QC_24
1RB1LD_0LC0RB_1RA0LD_0RC1LA	CBT_NG_16
1RB1LD_0LC0RB_1RA0LD_1LC1LA	CBT_NG_16
1RB1LD_0LC0RB_1RA1LA_0RD0LA	CBT_NG_16
1RB1LD_0LC0RB_1RA1LA_1LB0LA	CBT_HY3_03
1RB1LD_0LC0RB_1RB1LA_1LA---	CBT_DX2_11
1RB1LD_0LC0RB_1RB1LA_1LC---	CBT_LE_07
1RB1LD_0LC0RB_1RB1LD_1LA---	CBT_DX2_11
1RB1LD_0LC0RC_0LA1RC_0RD1LA	CBT_SW_04
1RB1LD_0LC0RC_0LA1RC_1LA0RC	CBT_QC_24
1RB1LD_0LC0RC_0LA1RC_1RB1LA	CBT_SW_04
1RB1LD_0LC0RC_0LA1RC_1RB1LD	CBT_DX1_11
1RB1LD_0LC0RC_0LD0RB_1LA---	CBT_QC_24
1RB1LD_0LC0RC_0LD0RB_1RC1LA	CBT_CE_05
1RB1LD_0LC0RC_0LD0RC_1LA---	CBT_QC_24
1RB1LD_0LC0RC_0LD1RC_1LA0RC	CBT_QC_24
1RB1LD_0LC0RC_0LD1RC_1RB1LA	CBT_SW_04
1RB1LD_0LC0RC_1LA1RC_0LB0LA	CBT_SP2_07
1RB1LD_0LC0RC_1LA1RC_0RC0LB	CBT_RW_04
1RB1LD_0LC0RC_1LA1RC_1LC0LB	CBT_NG_16
1RB1LD_0LC0RC_1LD0RB_1LA---	CBT_DX2_11
1RB1LD_0LC0RC_1RA1LA_1LA0LD	CBT_NG_16
1RB1LD_0LC0RD_0LA1RC_1LA0RC	CBT_LE5_00
1RB1LD_0LC0RD_1LD0LB_1LA0RB	CBT_QC_24
1RB1LD_0LC0RD_1LD0LC_1LA0RB	CBT_QC_24
1RB1LD_0LC0RD_1LD0RB_1LA0RB	CBT_QC_24
1RB1LD_0LC0RD_1LD0RC_1LA0RB	CBT_QC_25
1RB1LD_0LC0RD_1LD1LB_1LA0RB	CBT_QC_25
1RB1LD_0LC0RD_1LD1LD_1LA0RB	CBT_QC_25
1RB1LD_0LC0RD_1RB1LD_1LA0RB	CBT_DX2_11
1RB1LD_0LC1LC_0LA1RC_1LA0RC	CBT_QC_25
1RB1LD_0LC1LC_0LD1RC_1LA0RC	CBT_QC_25
1RB1LD_0LC1RA_0LA1RC_1LA0RC	CBT_QC_25
1RB1LD_0LC1RA_0LD1RC_1LA0RC	CBT_QC_25
1RB1LD_0LC1RA_0RA1LC_0LC0LA	CBT_SP_20
1RB1LD_0LC1RA_0RA1LC_0RB0LC	CBT_LE3_03
1RB1LD_0LC1RA_1LA0LD_1RC0RB	CBT_NG_16
1RB1LD_0LC1RA_1LA1LC_0LC0LA	CBT_SPW_11
1RB1LD_0LC1RA_1RB1LC_0RC0LA	CBT_SP_20
1RB1LD_0LC1RB_---1LA_1LA0RB	CBT_SP_35
1RB1LD_0LC1RB_---1LD_1LA0RB	CBT_SP_35
1RB1LD_0LC1RB_0LA1RC_1LA0RC	CBT_SP_35
1RB1LD_0LC1RB_0LA1RD_1LC0RB	CBT_LEF_03
1RB1LD_0LC1RB_0LB1RD_1LA0RC	CBT_SW_04
1RB1LD_0LC1RB_0LC1RD_1LA0RC	CBT_SW_04
1RB1LD_0LC1RB_0LD1LC_1RD0RA	CBT_DX1_11
1RB1LD_0LC1RB_0LD1RC_1LA0RC	CBT_SP_35
1RB1LD_0LC1RB_0LD1RD_1LA0RC	CBT_SW_04
1RB1LD_0LC1RB_0RC1LA_1LC0RB	CBT_LEF_03
1RB1LD_0LC1RB_1LA0RB_0RD1LC	CBT_LE_04
1RB1LD_0LC1RB_1LA0RB_1LA1LC	CBT_LE_07
1RB1LD_0LC1RB_1LA0RB_1LC0RA	CBT_SP2_07
1RB1LD_0LC1RB_1LA0RB_1LC0RB	CBT_SPB_29
1RB1LD_0LC1RB_1LA0RB_1LC1LC	CBT_SP2_08
1RB1LD_0LC1RB_1LA0RB_1RA1LC	CBT_SP2_08
1RB1LD_0LC1RB_1LA0RB_1RB1LC	CBT_LEF_03
1RB1LD_0LC1RB_1LA0RB_1RC1LC	CBT_LE_07
1RB1LD_0LC1RB_1LA0RB_1RC1LD	CBT_DX1_11
1RB1LD_0LC1RB_1LA1LA_1LC0RB	CBT_SP2_08
1RB1LD_0LC1RB_1LB1RD_1LA0RC	CBT_SPW_11
1RB1LD_0LC1RB_1LC1RD_1LA0RC	CBT_SP_20
1RB1LD_0LC1RB_1LD0RB_1LA0RC	CBT_NG_16
1RB1LD_0LC1RB_1LD1RD_1LA0RC	CBT_SPW_11
1RB1LD_0LC1RB_1RB1LA_1LC0RB	CBT_LEF_03
1RB1LD_0LC1RB_1RB1RD_1LA0RC	CBT_SP_20
1RB1LD_0LC1RB_1RD1LA_1LC0RB	CBT_LEF_03
1RB1LD_0LC1RB_1RD1RD_1LA0RC	CBT_SP_20
1RB1LD_0LC1RC_0LA1RC_1LA0RC	CBT_QC_25
1RB1LD_0LC1RC_0LD0RB_1LA0RC	CBT_CE3_03
1RB1LD_0LC1RC_0LD0RC_1LA1LB	CBT_CE2_02
1RB1LD_0LC1RC_0LD1RC_1LA0RC	CBT_QC_25
1RB1LD_0LC1RD_1RB1LC_1LA0RB	CBT_QC_25
1RB1LD_0RC---_0LD0RB_0LA---	CBT_DX2_11
1RB1LD_0RC---_0LD1RC_0LA0RB	CBT_DX2_11
1RB1LD_0RC---_1LC1LD_0RD0LA	CBT_NG_16
1RB1LD_0RC0LB_1LC1RA_1LA0LA	CBT_RW_04
1RB1LD_0RC0LB_1LC1RA_1RB0LD	CBT_RW_04
1RB1LD_0RC0LC_1LC1RA_1LA0LA	CBT_NG_16
1RB1LD_0RC0LC_1LD1RA_0LA0LD	CBT_AST_50
1RB1LD_0RC0LC_1RD1RA_0LA0LD	CBT_HY2_01
1RB1LD_0RC0LD_1LA0RB_1LD1RC	CBT_SP_35
1RB1LD_0RC0RA_1LC1RA_1RB0LD	CBT_RW_04
1RB1LD_0RC0RA_1RD0LA_0LA1RB	CBT_SPW_11
1RB1LD_0RC0RA_1RD1LC_0LA1RB	CBT_BLC_00
1RB1LD_0RC0RA_1RD1RC_0LA1RB	CBT_SPW_11
1RB1LD_0RC0RB_0LD1LA_0LA1LC	CBT_CE3_04
1RB1LD_0RC0RB_1LC0LA_0LA1LA	CBT_DX1_11
1RB1LD_0RC0RB_1LC0LA_1LB1LA	CBT_DX1_11
1RB1LD_0RC0RB_1LC0LA_1LB1RD	CBT_SP_20
1RB1LD_0RC0RB_1LC0RA_1RA0LD	CBT_AST_06
1RB1LD_0RC0RB_1LC1RA_1LA0LA	CBT_HY_03
1RB1LD_0RC0RB_1LC1RA_1LA0LD	CBT_DX0_01
1RB1LD_0RC0RB_1RD1RA_0LA0LD	CBT_AST_50
1RB1LD_0RC0RC_0LD0RB_1LA---	CBT_QC_25
1RB1LD_0RC0RC_0LD0RB_1RC1LA	CBT_CE_05
1RB1LD_0RC0RC_0LD0RC_1LA---	CBT_QC_25
1RB1LD_0RC0RC_0LD1RC_1LA0RC	CBT_QC_25
1RB1LD_0RC0RC_1LC1LA_0RA0LD	CBT_RW_04
1RB1LD_0RC0RC_1LC1RA_1RB0LD	CBT_NG_16
1RB1LD_0RC0RD_0LD1RA_1RC0LA	CBT_NG_16
1RB1LD_0RC0RD_1LC1RA_0RD0LA	CBT_DX0_01
1RB1LD_0RC0RD_1LD0LC_0LA1LA	CBT_HY3_02
1RB1LD_0RC0RD_1RD0LC_0LA1LA	CBT_BL_04
1RB1LD_0RC0RD_1RD1RA_0LA0LD	CBT_HY2_01
1RB1LD_0RC1LA_1LB1RC_0LA0LB	CBT_SPB_29
1RB1LD_0RC1LA_1LB1RC_0LB0LB	CBT_SPB_19
1RB1LD_0RC1LA_1LB1RC_0LB0RA	CBT_SPB_19
1RB1LD_0RC1LA_1LB1RC_0RC0LB	CBT_SPB_19
1RB1LD_0RC1LA_1LB1RC_0RD0LB	CBT_SPB_19
1RB1LD_0RC1LA_1LB1RC_1LB0LB	CBT_SPB_19
1RB1LD_0RC1LA_1LB1RC_1RA0LB	CBT_SPB_19
1RB1LD_0RC1LA_1LB1RC_1RC0LB	CBT_SPB_19
1RB1LD_0RC1LA_1LC0RB_0LA---	CBT_QC_25
1RB1LD_0RC1LB_0LD1RC_1LA0RC	CBT_SP_35
1RB1LD_0RC1LB_1LA1RC_0LA0LB	CBT_DX1_11
1RB1LD_0RC1LB_1LA1RC_0LB0LB	CBT_QS_07
1RB1LD_0RC1LB_1LA1RC_0LB0RA	CBT_DX1_11
1RB1LD_0RC1LB_1LA1RC_0LC0LB	CBT_QS_07
1RB1LD_0RC1LB_1LA1RC_0RB0LB	CBT_QS_07
1RB1LD_0RC1LB_1LA1RC_0RC0LB	CBT_QS_07
1RB1LD_0RC1LB_1LA1RC_0RD0LB	CBT_DX1_11
1RB1LD_0RC1LB_1LA1RC_1LA0LB	CBT_QS_07
1RB1LD_0RC1LB_1LA1RC_1LB0LB	CBT_QS_07
1RB1LD_0RC1LB_1LA1RC_1LC0LB	CBT_DX1_11
1RB1LD_0RC1LB_1LA1RC_1RA0LB	CBT_QS_07
1RB1LD_0RC1LB_1LA1RC_1RB0LB	CBT_QS_07
1RB1LD_0RC1LB_1LA1RC_1RC0LB	CBT_QS_08
1RB1LD_0RC1LB_1LB1RD_1RC0LA	CBT_SPW_11
1RB1LD_0RC1LB_1LC0LA_0RB1LB	CBT_SP_20
1RB1LD_0RC1LB_1LC0LA_0RB1RB	CBT_SP_20
1RB1LD_0RC1LB_1LC0LA_0RC1LB	CBT_SP_20
1RB1LD_0RC1LB_1LC0LA_0RC1RB	CBT_SP_20
1RB1LD_0RC1LB_1LC0LA_0RD1LB	CBT_SP_20
1RB1LD_0RC1LB_1LC0LA_0RD1RB	CBT_SP_20
1RB1LD_0RC1LB_1LC0LA_1RD1RB	CBT_SP_20
1RB1LD_0RC1LB_1LD1RC_1LA0LB	CBT_QS_08
1RB1LD_0RC1LB_1RD0LB_1LA1RC	CBT_QC_25
1RB1LD_0RC1LC_0LD1RC_1LA0RC	CBT_QC_25
1RB1LD_0RC1LD_1LB1RC_1RA0LB	CBT_QC_25
1RB1LD_0RC1RA_0LD1RC_1LA0RC	CBT_QC_25
1RB1LD_0RC1RA_1LC0LA_0RB1LB	CBT_SP_20
1RB1LD_0RC1RA_1LC0LA_0RC1LB	CBT_SP_20
1RB1LD_0RC1RA_1LC0LA_0RD1LB	CBT_SP_20
1RB1LD_0RC1RA_1LC0LA_1RB1LB	CBT_SP_20
1RB1LD_0RC1RA_1LD1RA_0LA0LD	CBT_BLC6_07
1RB1LD_0RC1RA_1RD0RA_1LB0LD	CBT_CE_03
1RB1LD_0RC1RA_1RD1RA_0LA0LD	CBT_BLC6_07
1RB1LD_0RC1RB_0LC1RD_1LA0RC	CBT_SW_04
1RB1LD_0RC1RB_0LD0RC_1RC1LA	CBT_SP_20
1RB1LD_0RC1RB_0LD1RC_1LA0LB	CBT_SP2_08
1RB1LD_0RC1RB_0LD1RC_1LA0RC	CBT_SP_35
1RB1LD_0RC1RB_0LD1RD_1LA0RC	CBT_SW_00
1RB1LD_0RC1RB_1LB1RD_1LA0LB	CBT_SP_20
1RB1LD_0RC1RB_1LB1RD_1LA0RC	CBT_SP_20
1RB1LD_0RC1RB_1LC1RA_1LA0LA	CBT_NG_16
1RB1LD_0RC1RB_1LC1RD_1LA0RC	CBT_SP_20
1RB1LD_0RC1RB_1LD0LC_0LA1LA	CBT_SPW_17
1RB1LD_0RC1RB_1LD1RA_0LA0LD	CBT_AST_50
1RB1LD_0RC1RB_1LD1RD_1LA0LB	CBT_SPW_11
1RB1LD_0RC1RB_1LD1RD_1LA0RC	CBT_SPW_11
1RB1LD_0RC1RB_1RD0LB_1LA0LB	CBT_SP_20
1RB1LD_0RC1RB_1RD0LB_1LA0RC	CBT_SP_20
1RB1LD_0RC1RB_1RD1RA_0LA0LD	CBT_HY2_01
1RB1LD_0RC1RB_1RD1RD_1LA0LB	CBT_SP_20
1RB1LD_0RC1RB_1RD1RD_1LA0RC	CBT_SP_20
1RB1LD_0RC1RC_0LD0RB_1LA0RC	CBT_LEFQ_00
1RB1LD_0RC1RC_0LD0RC_1LA1LB	CBT_CE2_02
1RB1LD_0RC1RC_0LD1RB_1LA0LC	CBT_SP2_08
1RB1LD_0RC1RC_0LD1RC_1LA0RC	CBT_QC_25
1RB1LD_0RC1RC_1LA0RB_0LB0LA	CBT_HY_03
1RB1LD_0RC1RC_1LA0RB_1LA0LA	CBT_HY_03
1RB1LD_0RC1RC_1LC1RA_0RA0LD	CBT_NG_16
1RB1LD_0RC1RD_1LC0RA_1LA0LC	CBT_BR_04
1RB1LD_1LB0LC_1RD1LC_0RB0RA	CBT_SP_21
1RB1LD_1LB0RC_0LA1RC_1LA0RC	CBT_QC_25
1RB1LD_1LB0RC_0LD0RC_1LA---	CBT_QC_25
1RB1LD_1LB0RC_0LD1RC_1LA0RC	CBT_QC_25
1RB1LD_1LB0RC_1LA1RC_0LC0LA	CBT_LEF_03
1RB1LD_1LB0RC_1LA1RC_0RC0LA	CBT_SP_35
1RB1LD_1LB0RC_1LA1RC_1LC0LA	CBT_LEF_03
1RB1LD_1LB0RC_1LC1LA_0RA0LD	CBT_RW_04
1RB1LD_1LB1LC_0LD1RC_1LA0RC	CBT_QC_25
1RB1LD_1LB1LC_0RD0LC_1RA1RD	CBT_NG_16
1RB1LD_1LB1LC_1LA1RC_0RC0LA	CBT_LE_04
1RB1LD_1LB1LC_1RD0LC_0RD1LA	CBT_QC_25
1RB1LD_1LB1RC_0LA1RC_1LA0RC	CBT_QC_25
1RB1LD_1LB1RC_0LD0RB_0LA1LA	CBT_SP2_08
1RB1LD_1LB1RC_0LD0RB_1LA0RC	CBT_CE3_03
1RB1LD_1LB1RC_0LD0RC_1LA1LB	CBT_CE2_02
1RB1LD_1LB1RC_0LD1RC_1LA0RC	CBT_QC_25
1RB1LD_1LB1RC_0RC1LA_1LA0LD	CBT_QC_25
1RB1LD_1LB1RC_0RC1LA_1LC0LD	CBT_QC_25
1RB1LD_1LB1RC_1LA0RD_0RC0LB	CBT_SP_35
1RB1LD_1LB1RC_1LA1RC_0RC0LA	CBT_SP_35
1RB1LD_1LC---_1LA1RC_0RC0LA	CBT_SP_35
1RB1LD_1LC0LA_0RC1RB_1RC0LD	CBT_QC_25
1RB1LD_1LC0LA_1LB1RC_0RC1LD	CBT_DX1_11
1RB1LD_1LC0LC_1RD1LB_1LA0RD	CBT_CE2_15
1RB1LD_1LC0LD_0LA1RC_1LA0RC	CBT_SP_35
1RB1LD_1LC0LD_0RA0LB_1RD1RC	CBT_SP_21
1RB1LD_1LC0LD_1LA1RC_0RA0LD	CBT_NG_16
1RB1LD_1LC0LD_1RD0LB_1LA0RC	CBT_SP_21
1RB1LD_1LC0RA_0RA0LB_1RA1RD	CBT_SP_21
1RB1LD_1LC0RA_0RA0LB_1RD1RC	CBT_SP_21
1RB1LD_1LC0RA_0RC1LA_1RC0LD	CBT_QC_25
1RB1LD_1LC0RA_0RD0LB_1RA1RD	CBT_SP_21
1RB1LD_1LC0RA_1LA0LB_1RA1RD	CBT_SP_21
1RB1LD_1LC0RA_1LA0LB_1RD0RC	CBT_SP_21
1RB1LD_1LC0RA_1LA1LB_0RD0LC	CBT_SP_21
1RB1LD_1LC0RA_1LA1RC_0LB0LA	CBT_AST_08
1RB1LD_1LC0RA_1LD0LB_1RA1RD	CBT_SP_21
1RB1LD_1LC0RA_1RA0LB_1RA1RD	CBT_SP_21
1RB1LD_1LC0RA_1RA1LB_0LA0LC	CBT_SP_21
1RB1LD_1LC0RA_1RD0LB_0LA1RC	CBT_SP_21
1RB1LD_1LC0RA_1RD0LB_1LA1RC	CBT_SP_21
1RB1LD_1LC0RA_1RD0LB_1RA1RD	CBT_SP_21
1RB1LD_1LC0RA_1RD0RA_0LB1RC	CBT_SP_21
1RB1LD_1LC0RA_1RD1LB_0LC0RD	CBT_QE_06
1RB1LD_1LC0RB_0LC0RA_1LA---	CBT_DX2_11
1RB1LD_1LC0RB_0LC0RA_1RA1LA	CBT_DX2_11
1RB1LD_1LC0RB_0LC0RD_1LA1RD	CBT_QC_25
1RB1LD_1LC0RB_0LC1RA_1LA0LD	CBT_HY_03
1RB1LD_1LC0RB_0LD1RA_0LD1RB	CBT_QC_25
1RB1LD_1LC0RB_0LD1RA_1LC1RB	CBT_LE6_04
1RB1LD_1LC0RB_0LD1RA_1LD1RB	CBT_QS_08
1RB1LD_1LC0RB_0RA0LC_0LD0LC	CBT_DX2_11
1RB1LD_1LC0RB_0RA0LC_0LD1RB	CBT_DX2_11
1RB1LD_1LC0RB_0RA0LC_1RD1RA	CBT_DX2_11
1RB1LD_1LC0RB_0RA1LA_0LD0RA	CBT_DX2_11
1RB1LD_1LC0RB_0RA1RA_0LD0LC	CBT_DX2_11
1RB1LD_1LC0RB_0RA1RA_0LD1RB	CBT_QC_25
1RB1LD_1LC0RB_0RA1RB_0LD0LC	CBT_DX2_11
1RB1LD_1LC0RB_0RA1RB_0LD1RB	CBT_QC_25
1RB1LD_1LC0RB_0RC0LD_1LA---	CBT_DX2_11
1RB1LD_1LC0RB_1LD1RA_0LD1RB	CBT_CE2_18
1RB1LD_1LC0RB_1RA1LA_0LC0LC	CBT_BLC5_02
1RB1LD_1LC0RB_1RA1LA_0LD0RA	CBT_DX2_11
1RB1LD_1LC0RB_1RA1LA_1LB0LC	CBT_BLC5_02
1RB1LD_1LC0RB_1RA1LA_1LC0LC	CBT_BLC5_02
1RB1LD_1LC0RB_1RA1LA_1RA0LC	CBT_BLC5_02
1RB1LD_1LC0RB_1RD0LC_1LA1RB	CBT_LE4_01
1RB1LD_1LC0RB_1RD1RC_1LB1LA	CBT_DX1_11
1RB1LD_1LC0RC_0LA1RC_0RD1LA	CBT_DX1_11
1RB1LD_1LC0RC_0LA1RC_1LA0RC	CBT_QC_25
1RB1LD_1LC0RC_0LA1RC_1RB1LA	CBT_DX1_11
1RB1LD_1LC0RC_0LA1RC_1RB1LD	CBT_DX1_11
1RB1LD_1LC0RC_0LD0RB_1LA---	CBT_QC_25
1RB1LD_1LC0RC_0LD0RB_1RC1LA	CBT_CE_05
1RB1LD_1LC0RC_0LD0RC_1LA---	CBT_QC_25
1RB1LD_1LC0RC_0LD1RC_1LA0RC	CBT_QC_25
1RB1LD_1LC0RC_0LD1RC_1RB1LA	CBT_DX1_11
1RB1LD_1LC0RC_1LA1RC_0LB0LA	CBT_SP2_08
1RB1LD_1LC0RC_1LA1RC_1RB0LA	CBT_NG_16
1RB1LD_1LC0RC_1RD0LB_1LA0RC	CBT_SP_21
1RB1LD_1LC0RD_0RA0LB_1LA1RC	CBT_SP_21
1RB1LD_1LC0RD_0RA1LB_0LC1RD	CBT_SP_35
1RB1LD_1LC0RD_1LA1LB_1RB0RA	CBT_SPW_17
1RB1LD_1LC0RD_1RA0LD_1RC1LA	CBT_DX1_11
1RB1LD_1LC0RD_1RA1LB_0LB1RD	CBT_QC_25
1RB1LD_1LC0RD_1RA1LB_0LC1RD	CBT_QC_25
1RB1LD_1LC0RD_1RD0LB_1LA0RC	CBT_SPW_12
1RB1LD_1LC1LA_0LA1RC_1LB0RC	CBT_SPB_19
1RB1LD_1LC1LA_0RC0RB_1RC0LD	CBT_QC_26
1RB1LD_1LC1LA_0RC1RB_1RC0LD	CBT_QC_26
1RB1LD_1LC1LA_1RD1LB_0LC0RD	CBT_CE2_15
1RB1LD_1LC1LB_0LA1RC_1LA0RC	CBT_SP2_08
1RB1LD_1LC1LB_1RD0LB_1LA0RC	CBT_SP_21
1RB1LD_1LC1LB_1RD1LA_0LC0RD	CBT_CE2_15
1RB1LD_1LC1LC_0LA1RC_1LA0RC	CBT_QC_26
1RB1LD_1LC1LC_0LD1RC_1LA0RC	CBT_QC_26
1RB1LD_1LC1LC_1LA1RC_0RA0LD	CBT_NG_16
1RB1LD_1LC1LC_1RD0LB_1LA0RC	CBT_SP_21
1RB1LD_1LC1LD_0LA1RC_1LB0RC	CBT_SP2_08
1RB1LD_1LC1LD_1RD0LB_1LA0RC	CBT_SP_21
1RB1LD_1LC1LD_1RD0RA_0LB1RC	CBT_SP_21
1RB1LD_1LC1RA_0LA1RC_1LA0RC	CBT_QC_26
1RB1LD_1LC1RA_0LC0LD_0RA0RB	CBT_DX2_12
1RB1LD_1LC1RA_0LD1RC_1LA0RC	CBT_QC_26
1RB1LD_1LC1RA_0RA1LC_0LC0LA	CBT_SP_21
1RB1LD_1LC1RA_0RB0LC_---0LB	CBT_QE_06
1RB1LD_1LC1RA_0RB0LC_---0RB	CBT_QE_06
1RB1LD_1LC1RA_0RB0LC_---0RC	CBT_QE_06
1RB1LD_1LC1RA_0RB0LC_---1RB	CBT_SP_35
1RB1LD_1LC1RA_0RB0LC_---1RC	CBT_QE_06
1RB1LD_1LC1RA_0RB0LC_0LB0LD	CBT_SP_36
1RB1LD_1LC1RA_0RB0LC_0LB0RA	CBT_QE_06
1RB1LD_1LC1RA_0RB0LC_0LB0RD	CBT_QE_06
1RB1LD_1LC1RA_0RB0LC_0LB1RD	CBT_SP_36
1RB1LD_1LC1RA_0RB0LC_0LC0LD	CBT_QE_06
1RB1LD_1LC1RA_0RB0LC_0LC0RD	CBT_QE_06
1RB1LD_1LC1RA_0RB0LC_0LC1RD	CBT_QE_06
1RB1LD_1LC1RA_0RB0LC_0RB0RA	CBT_QE_06
1RB1LD_1LC1RA_0RB0LC_0RB0RD	CBT_QE_06
1RB1LD_1LC1RA_0RB0LC_0RB1RD	CBT_QE_06
1RB1LD_1LC1RA_0RB0LC_0RC0LD	CBT_QE_06
1RB1LD_1LC1RA_0RB0LC_0RC0RA	CBT_QE_06
1RB1LD_1LC1RA_0RB0LC_0RC0RD	CBT_QE_06
1RB1LD_1LC1RA_0RB0LC_0RC1RD	CBT_QE_06
1RB1LD_1LC1RA_0RB0LC_1LC0LD	CBT_QE_06
1RB1LD_1LC1RA_0RB0LC_1LC0RD	CBT_QE_06
1RB1LD_1LC1RA_0RB0LC_1LC1RD	CBT_QE_06
1RB1LD_1LC1RA_0RB0LC_1RA0LD	CBT_QE_06
1RB1LD_1LC1RA_0RB0LC_1RA0RD	CBT_QE_06
1RB1LD_1LC1RA_0RB0LC_1RA1RD	CBT_QE_06
1RB1LD_1LC1RA_0RB0LC_1RB0RA	CBT_SP_36
1RB1LD_1LC1RA_0RB0LC_1RB1RD	CBT_SP_36
1RB1LD_1LC1RA_0RB0LC_1RC0LD	CBT_QE_06
1RB1LD_1LC1RA_0RB0LC_1RC0RA	CBT_QE_06
1RB1LD_1LC1RA_0RB0LC_1RC0RD	CBT_QE_07
1RB1LD_1LC1RA_0RB0LC_1RC1LD	CBT_QE_07
1RB1LD_1LC1RA_0RB0LC_1RC1RD	CBT_QE_07
1RB1LD_1LC1RA_1LA1LC_0LC0LA	CBT_SPW_12
1RB1LD_1LC1RA_1LA1RC_0RA0LD	CBT_NG_16
1RB1LD_1LC1RA_1RB1LC_0LB0LA	CBT_SPW_12
1RB1LD_1LC1RA_1RB1LC_0RC0LA	CBT_SP_21
1RB1LD_1LC1RA_1RD0LB_1LA0RC	CBT_SP_21
1RB1LD_1LC1RA_1RD1LB_0LC0RD	CBT_QE_07
1RB1LD_1LC1RB_---1LA_0RC0LA	CBT_NG_16
1RB1LD_1LC1RB_---1LA_0RD0LA	CBT_NG_17
1RB1LD_1LC1RB_---1LA_1LA0LA	CBT_NG_00
1RB1LD_1LC1RB_---1LA_1RB0LA	CBT_NG_17
1RB1LD_1LC1RB_---1LD_0RB0LA	CBT_SP_36
1RB1LD_1LC1RB_0LA1RC_1LA0RC	CBT_SP_36
1RB1LD_1LC1RB_0LC1RD_1LA0RC	CBT_SW_05
1RB1LD_1LC1RB_0LD1LC_1RD0RA	CBT_SP_21
1RB1LD_1LC1RB_0LD1RC_1LA0RC	CBT_SP_36
1RB1LD_1LC1RB_0LD1RD_1LA0RC	CBT_SW_05
1RB1LD_1LC1RB_0RA0LD_0RB1LD	CBT_QS_08
1RB1LD_1LC1RB_0RA1LA_0LC0LC	CBT_SPB_19
1RB1LD_1LC1RB_0RA1LA_0RB0LC	CBT_SPB_19
1RB1LD_1LC1RB_0RA1LA_0RC0LC	CBT_SPB_19
1RB1LD_1LC1RB_0RA1LA_0RD0LC	CBT_SPB_19
1RB1LD_1LC1RB_0RA1LA_1RA0LC	CBT_SPB_19
1RB1LD_1LC1RB_0RA1LA_1RB0LC	CBT_SPB_19
1RB1LD_1LC1RB_0RB1LA_0LC0LC	CBT_SPB_19
1RB1LD_1LC1RB_0RB1LA_0LC0RA	CBT_SPB_19
1RB1LD_1LC1RB_0RB1LA_0RB0LC	CBT_SPB_19
1RB1LD_1LC1RB_0RB1LA_0RC0LC	CBT_SPB_19
1RB1LD_1LC1RB_0RB1LA_0RD0LC	CBT_SPB_19
1RB1LD_1LC1RB_0RB1LA_1LC0LC	CBT_SPB_19
1RB1LD_1LC1RB_0RB1LA_1RA0LC	CBT_SPB_19
1RB1LD_1LC1RB_0RB1LA_1RB0LC	CBT_SPB_19
1RB1LD_1LC1RB_0RB1LD_1RA0LC	CBT_QC_26
1RB1LD_1LC1RB_0RC1LA_0LC0LC	CBT_SPB_19
1RB1LD_1LC1RB_0RC1LA_0RB0LC	CBT_SPB_19
1RB1LD_1LC1RB_0RC1LA_0RC0LC	CBT_SPB_19
1RB1LD_1LC1RB_0RC1LA_0RD0LC	CBT_CE_03
1RB1LD_1LC1RB_0RC1LA_1RA0LC	CBT_SPB_19
1RB1LD_1LC1RB_0RC1LA_1RB0LC	CBT_SPB_19
1RB1LD_1LC1RB_0RD1LA_0RC0LC	CBT_NG_17
1RB1LD_1LC1RB_0RD1LA_1RB0LC	CBT_SPB_19
1RB1LD_1LC1RB_1LA1LA_0RB0LC	CBT_SP2_08
1RB1LD_1LC1RB_1LB1RD_1LA0RC	CBT_SP_21
1RB1LD_1LC1RB_1LC1RD_1LA0RC	CBT_SP_21
1RB1LD_1LC1RB_1LD1LA_0RB0LC	CBT_SP2_08
1RB1LD_1LC1RB_1LD1RD_1LA0RC	CBT_SPW_12
1RB1LD_1LC1RB_1RA0LD_0RB1LD	CBT_QS_08
1RB1LD_1LC1RB_1RA1LA_0RB0LC	CBT_SP2_08
1RB1LD_1LC1RB_1RB1LA_0RB0LC	CBT_SP2_08
1RB1LD_1LC1RB_1RD0LB_1LA0RC	CBT_SP_21
1RB1LD_1LC1RB_1RD1RD_1LA0RC	CBT_SP_21
1RB1LD_1LC1RC_0LA1RC_1LA0RC	CBT_QC_26
1RB1LD_1LC1RC_0LD0RB_1LA0RC	CBT_CE3_03
1RB1LD_1LC1RC_0LD0RC_1LA1LB	CBT_CE2_02
1RB1LD_1LC1RC_0LD1RC_1LA0RC	CBT_QC_26
1RB1LD_1LC1RC_0RC1LA_1LA0LD	CBT_QC_26
1RB1LD_1LC1RC_0RC1LA_1LC0LD	CBT_QC_26
1RB1LD_1LC1RC_0RC1LA_1RC0LD	CBT_QC_26
1RB1LD_1LC1RC_1LA1RC_0RA0LD	CBT_NG_17
1RB1LD_1LC1RC_1RB0LD_0RC0LA	CBT_CE3_03
1RB1LD_1LC1RC_1RD0LB_1LA0RC	CBT_SPW_17
1RB1LD_1LC1RD_0RB0LC_1RB0LA	CBT_QC_26
1RB1LD_1LC1RD_1LA0LB_0RB0RC	CBT_SPW_12
1RB1LD_1LC1RD_1LA0LC_0RD1LC	CBT_QC_26
1RB1LD_1LC1RD_1LA1LC_0LB0RD	CBT_QC_26
1RB1LD_1RC---_0LD0RC_0LA1LA	CBT_DX2_12
1RB1LD_1RC---_1LA1RC_0RC0LA	CBT_SPB_19
1RB1LD_1RC---_1LC1RA_0RA0LD	CBT_DX2_12
1RB1LD_1RC0LA_1LA0LD_1RB0RB	CBT_DX2_12
1RB1LD_1RC0LA_1LA0RB_1LB1LB	CBT_HY3_02
1RB1LD_1RC0LA_1LA0RB_1RA1LB	CBT_RW_04
1RB1LD_1RC0LA_1LA1RC_0RC1LB	CBT_SPB_19
1RB1LD_1RC0LA_1LB1RC_0RC1LD	CBT_DX1_11
1RB1LD_1RC0LA_1LD1RB_0RB0LD	CBT_QE_07
1RB1LD_1RC0LA_1RD0RD_1LB1RB	CBT_HY_03
1RB1LD_1RC0LB_1LA0RB_0LA0RC	CBT_NG_17
1RB1LD_1RC0LB_1LA0RC_0LA1LB	CBT_NG_17
1RB1LD_1RC0LB_1LA0RD_0RC1RB	CBT_CE_03
1RB1LD_1RC0LB_1LD0RD_1RA1LB	CBT_BR_08
1RB1LD_1RC0LC_0LA1RA_0RA0LD	CBT_NG_17
1RB1LD_1RC0LD_0LA1RC_1LA0RC	CBT_SP_36
1RB1LD_1RC0LD_1LA1RA_0RA0LD	CBT_NG_17
1RB1LD_1RC0LD_1LA1RB_0RA0LD	CBT_NG_17
1RB1LD_1RC0LD_1LA1RB_0RB1LD	CBT_QC_26
1RB1LD_1RC0LD_1LA1RB_0RC1LD	CBT_QC_26
1RB1LD_1RC0LD_1LA1RC_0RA0LD	CBT_NG_17
1RB1LD_1RC0RA_0LA0RC_0LA0LB	CBT_SP_21
1RB1LD_1RC0RA_0LA0RC_0RC0LB	CBT_SP_21
1RB1LD_1RC0RA_0LA0RC_1LB0LB	CBT_SP_21
1RB1LD_1RC0RA_0LA0RC_1LC0LB	CBT_SP_21
1RB1LD_1RC0RA_0LA0RC_1RC0LB	CBT_SP_21
1RB1LD_1RC0RA_0LA0RC_1RD0LB	CBT_SP_21
1RB1LD_1RC0RA_0LA0RD_0LA0LB	CBT_SP_21
1RB1LD_1RC0RA_0LA1RB_0LA0LB	CBT_SP_21
1RB1LD_1RC0RA_0LA1RB_0RC0LB	CBT_SP_21
1RB1LD_1RC0RA_0LA1RB_1RC0LB	CBT_SP_21
1RB1LD_1RC0RA_0LA1RB_1RD0LB	CBT_SP_21
1RB1LD_1RC0RA_0LA1RD_1RC0LB	CBT_SP_21
1RB1LD_1RC0RA_0LD1RB_0LB1LB	CBT_SP_21
1RB1LD_1RC0RA_1LA0LB_0LA0LB	CBT_SP_21
1RB1LD_1RC0RA_1LA0LC_0RC0LB	CBT_SP_21
1RB1LD_1RC0RA_1LA0RA_1RC0LD	CBT_NG_17
1RB1LD_1RC0RA_1LA0RD_0LA1RB	CBT_BLC_00
1RB1LD_1RC0RA_1LA1LB_0LC0LB	CBT_SPW_12
1RB1LD_1RC0RA_1LA1LD_0LA0LB	CBT_SP_21
1RB1LD_1RC0RA_1LA1LD_0LC0LB	CBT_BLC_00
1RB1LD_1RC0RA_1LA1RA_0LA0LB	CBT_SP_21
1RB1LD_1RC0RA_1LA1RB_0LA0LB	CBT_TI_01
1RB1LD_1RC0RA_1LA1RB_0LA1RB	CBT_BLC_00
1RB1LD_1RC0RA_1LA1RD_0LA0LB	CBT_TI_01
1RB1LD_1RC0RA_1LB0RD_0LA1RB	CBT_BLC_00
1RB1LD_1RC0RA_1LB1RB_0LA0LB	CBT_SPW_12
1RB1LD_1RC0RA_1LB1RB_0LA1RB	CBT_BLC_00
1RB1LD_1RC0RA_1LC1LD_0LA0LB	CBT_SP_21
1RB1LD_1RC0RA_1LD0LB_0LA1LC	CBT_SPW_12
1RB1LD_1RC0RA_1LD0RB_1LB0LC	CBT_NG_17
1RB1LD_1RC0RB_0LA0RB_0LA1LA	CBT_HY_03
1RB1LD_1RC0RB_0LA0RB_0LA1LC	CBT_BR_05
1RB1LD_1RC0RB_0LA0RB_0LA1LD	CBT_HY_03
1RB1LD_1RC0RB_0LA0RB_1LC0LA	CBT_HY2_00
1RB1LD_1RC0RB_0LA0RB_1LC0LB	CBT_HY2_00
1RB1LD_1RC0RB_0LA0RB_1LC0LD	CBT_HY2_00
1RB1LD_1RC0RB_0LA1LA_0LD0RC	CBT_LE_01
1RB1LD_1RC0RB_0LA1LA_0LD1RB	CBT_LE_02
1RB1LD_1RC0RB_0LA1LB_0LD1RB	CBT_LE3_05
1RB1LD_1RC0RB_0LA1RB_1LC1LD	CBT_HY_03
1RB1LD_1RC0RB_0LC0LA_1LA---	CBT_DX2_12
1RB1LD_1RC0RB_0LC0LD_1LA1RD	CBT_QC_26
1RB1LD_1RC0RB_0LD---_1LA0LA	CBT_DX2_12
1RB1LD_1RC0RB_0LD---_1LA0LD	CBT_DX2_12
1RB1LD_1RC0RB_0LD0RB_0LA1LD	CBT_HY_03
1RB1LD_1RC0RB_0LD0RC_1RA0LA	CBT_NG_17
1RB1LD_1RC0RB_0LD1RA_0LA0LA	CBT_LEF_03
1RB1LD_1RC0RB_0LD1RA_1RA0LA	CBT_LEF_03
1RB1LD_1RC0RB_1LA---_0LD1RB	CBT_QC_26
1RB1LD_1RC0RB_1LA0LD_1LC1RD	CBT_DX2_12
1RB1LD_1RC0RB_1LA0RA_0LA1LC	CBT_HY3_03
1RB1LD_1RC0RB_1LA0RB_0LD1LB	CBT_CE2_15
1RB1LD_1RC0RB_1LA0RC_0LD0LA	CBT_HY_03
1RB1LD_1RC0RB_1LA0RC_0LD0RC	CBT_QC_26
1RB1LD_1RC0RB_1LA0RD_0LB1LB	CBT_DXQ_02
1RB1LD_1RC0RB_1LA0RD_0LD0RC	CBT_QC_26
1RB1LD_1RC0RB_1LA0RD_1LD1LB	CBT_DXQ_02
1RB1LD_1RC0RB_1LA1LA_0LD0RC	CBT_LE_07
1RB1LD_1RC0RB_1LA1LC_0LD0RC	CBT_QC_26
1RB1LD_1RC0RB_1LA1RA_0LC1LC	CBT_NG_17
1RB1LD_1RC0RB_1LA1RB_0LD0LA	CBT_HY_03
1RB1LD_1RC0RB_1LA1RB_0LD0RC	CBT_QC_26
1RB1LD_1RC0RB_1LA1RB_0LD1RC	CBT_QC_26
1RB1LD_1RC0RB_1LA1RC_0LB1LB	CBT_DXQ_02
1RB1LD_1RC0RB_1LA1RC_1LD1LB	CBT_DXQ_02
1RB1LD_1RC0RB_1LA1RD_0LD0RC	CBT_QC_26
1RB1LD_1RC0RB_1LC0RA_0LA0LB	CBT_HY3_02
1RB1LD_1RC0RB_1LC0RA_0LA1LC	CBT_BR_05
1RB1LD_1RC0RB_1LD0LC_1LA0LC	CBT_NG_17
1RB1LD_1RC0RB_1LD0LD_1LA0LC	CBT_NG_17
1RB1LD_1RC0RB_1LD0RB_1LA0LC	CBT_HY_03
1RB1LD_1RC0RB_1LD1RB_1LA0LA	CBT_HY_03
1RB1LD_1RC0RB_1LD1RC_1LA0LC	CBT_HY_03
1RB1LD_1RC0RB_1LD1RD_1LA0LD	CBT_LE3_00
1RB1LD_1RC0RB_1RD0LC_1LA0LA	CBT_NG_17
1RB1LD_1RC0RB_1RD0LD_1LA0LD	CBT_LE3_00
1RB1LD_1RC0RB_1RD0RB_0LD1LA	CBT_RW_04
1RB1LD_1RC0RB_1RD1RA_1LA0LD	CBT_LE3_00
1RB1LD_1RC0RB_1RD1RB_1LA0LD	CBT_NG_17
1RB1LD_1RC0RB_1RD1RD_1LA0LD	CBT_CE2_08
1RB1LD_1RC0RC_0LA0RB_0LA1LA	CBT_HY_03
1RB1LD_1RC0RC_0LA0RC_0RA0LD	CBT_NG_17
1RB1LD_1RC0RC_0LA1RA_0RA0LD	CBT_NG_17
1RB1LD_1RC0RC_0LA1RB_0RA0LD	CBT_NG_17
1RB1LD_1RC0RC_0LA1RC_0RD1LA	CBT_DX1_11
1RB1LD_1RC0RC_0LA1RC_1LA0RC	CBT_QC_26
1RB1LD_1RC0RC_0LA1RC_1RB1LA	CBT_DX1_11
1RB1LD_1RC0RC_0LA1RC_1RB1LD	CBT_DX1_11
1RB1LD_1RC0RC_0LD0RB_1LA0LB	CBT_QC_26
1RB1LD_1RC0RC_0LD0RB_1RC1LA	CBT_CE_05
1RB1LD_1RC0RC_0LD0RC_1LA0LB	CBT_QC_26
1RB1LD_1RC0RC_0LD1RB_0LA1LC	CBT_SPB_29
1RB1LD_1RC0RC_0LD1RC_1LA0RC	CBT_QC_26
1RB1LD_1RC0RC_0LD1RC_1RB1LA	CBT_DX1_11
1RB1LD_1RC0RC_1LA0LA_0RA0LD	CBT_CE2_08
1RB1LD_1RC0RC_1LA0LA_0RB0LD	CBT_CE2_07
1RB1LD_1RC0RC_1LA0RB_0LD1RB	CBT_QC_26
1RB1LD_1RC0RC_1LA1RC_1RB0LA	CBT_NG_17
1RB1LD_1RC0RC_1LC1RA_0RC0LA	CBT_NG_17
1RB1LD_1RC0RC_1LD0RB_1LA0LC	CBT_HY_03
1RB1LD_1RC0RC_1LD1RB_1LA0LD	CBT_HY_03
1RB1LD_1RC0RD_0LC0LA_0LA1LA	CBT_SP_21
1RB1LD_1RC0RD_0LC0LA_1LA0RB	CBT_DX2_12
1RB1LD_1RC0RD_0LD0LA_0LA1LA	CBT_SP_21
1RB1LD_1RC0RD_0LD0RB_1LB0LA	CBT_LEF_03
1RB1LD_1RC0RD_0LD1RA_1RC0LA	CBT_NG_17
1RB1LD_1RC0RD_1LA0LA_0LA1LA	CBT_SP_22
1RB1LD_1RC0RD_1LA0RA_0LA1LA	CBT_SP_22
1RB1LD_1RC0RD_1LC0LA_0LA1LA	CBT_SPW_17
1RB1LD_1RC0RD_1LD0LA_0LA1LA	CBT_SP_22
1RB1LD_1RC0RD_1RD0LA_0LA1LA	CBT_SP_22
1RB1LD_1RC1LA_0LA1RC_1LB0RC	CBT_SP2_08
1RB1LD_1RC1LA_0LB0RC_1LB---	CBT_DX2_12
1RB1LD_1RC1LA_0LB1RC_1LB0RC	CBT_SP2_08
1RB1LD_1RC1LA_0LD0RC_1LB1RD	CBT_QC_26
1RB1LD_1RC1LA_0LD1RC_1LB0RC	CBT_SP2_08
1RB1LD_1RC1LA_1LB0RB_0LC0LA	CBT_LEF_03
1RB1LD_1RC1LA_1LB1RC_0RC0LB	CBT_SP2_08
1RB1LD_1RC1LB_0LA0RD_0LB1RD	CBT_QS_07
1RB1LD_1RC1LB_0LA0RD_1LC0RB	CBT_NG_17
1RB1LD_1RC1LB_0LA1RC_1LA0RC	CBT_SP_36
1RB1LD_1RC1LB_0LA1RD_0LB0RC	CBT_SP_36
1RB1LD_1RC1LB_0LB1RD_1LA0RC	CBT_QC_26
1RB1LD_1RC1LB_0LB1RD_1RC0LA	CBT_SPW_12
1RB1LD_1RC1LB_0LD0RB_1LA0LA	CBT_LEF_03
1RB1LD_1RC1LB_0LD1RC_1LA0RC	CBT_SP_36
1RB1LD_1RC1LB_1LA0RD_0LB1RD	CBT_QS_07
1RB1LD_1RC1LB_1LA1RC_0LA0LB	CBT_SP_22
1RB1LD_1RC1LB_1LA1RC_0RB0LB	CBT_DXQ_02
1RB1LD_1RC1LB_1LA1RC_0RC0LB	CBT_DXQ_02
1RB1LD_1RC1LB_1LA1RC_1LA0LB	CBT_SP_22
1RB1LD_1RC1LB_1LA1RC_1LB0LB	CBT_DXQ_02
1RB1LD_1RC1LB_1LA1RC_1LC0LB	CBT_SP_22
1RB1LD_1RC1LB_1LA1RC_1RB0LB	CBT_DXQ_02
1RB1LD_1RC1LB_1LA1RC_1RC0LB	CBT_DXQ_02
1RB1LD_1RC1LB_1LA1RD_0LB0RC	CBT_QC_26
1RB1LD_1RC1LB_1LB1RD_1RC0LA	CBT_SPW_12
1RB1LD_1RC1LC_0LA1RC_1LA0RC	CBT_QC_26
1RB1LD_1RC1LC_0LD1RC_1LA0RC	CBT_QC_26
1RB1LD_1RC1LC_1LA0RA_1RC0LD	CBT_NG_17
1RB1LD_1RC1LC_1LA1RC_0RA0LD	CBT_NG_17
1RB1LD_1RC1LD_0LB0RC_1LB0LA	CBT_QE_07
1RB1LD_1RC1LD_0LB0RC_1LB0RA	CBT_QE_07
1RB1LD_1RC1LD_0LD0RC_1LB1LA	CBT_QE_07
1RB1LD_1RC1LD_1LB1RC_0RC0LA	CBT_SPB_19
1RB1LD_1RC1RA_0LA---_0RA0LD	CBT_DX2_12
1RB1LD_1RC1RA_0LA0LD_0RA1LC	CBT_SW_05
1RB1LD_1RC1RA_0LA0LD_1LA1LC	CBT_SP_22
1RB1LD_1RC1RA_0LA0RB_1LB0LD	CBT_HY_03
1RB1LD_1RC1RA_0LA1RA_0RB0LD	CBT_LE_07
1RB1LD_1RC1RA_0LA1RC_1LA0RC	CBT_QC_26
1RB1LD_1RC1RA_0LD0RB_1LB0LA	CBT_LEF_03
1RB1LD_1RC1RA_0LD1RC_1LA0RC	CBT_QC_26
1RB1LD_1RC1RA_1LA1RA_0RA0LD	CBT_NG_17
1RB1LD_1RC1RA_1LA1RB_0RA0LD	CBT_NG_17
1RB1LD_1RC1RA_1LA1RB_0RB0LD	CBT_CE2_02
1RB1LD_1RC1RA_1LA1RC_0RA0LD	CBT_NG_17
1RB1LD_1RC1RB_0LA0RC_0RA0LD	CBT_NG_17
1RB1LD_1RC1RB_0LA1LA_0RA0LD	CBT_NG_17
1RB1LD_1RC1RB_0LA1RA_0RA0LD	CBT_NG_17
1RB1LD_1RC1RB_0LA1RB_0RA0LD	CBT_NG_17
1RB1LD_1RC1RB_0LA1RC_1LA0RC	CBT_SP_36
1RB1LD_1RC1RB_0LA1RD_1LA0RC	CBT_SP_22
1RB1LD_1RC1RB_0LC0LA_0LA1LA	CBT_SP_22
1RB1LD_1RC1RB_0LC0LD_1LB1LA	CBT_SP_22
1RB1LD_1RC1RB_0LC0LD_1RC1LA	CBT_SP_22
1RB1LD_1RC1RB_0LC1RD_1LA0RC	CBT_DX1_11
1RB1LD_1RC1RB_0LD0LA_0LA1LA	CBT_SP_22
1RB1LD_1RC1RB_0LD0LA_0RC1LA	CBT_SP_22
1RB1LD_1RC1RB_0LD1LC_1RA0LA	CBT_SP_22
1RB1LD_1RC1RB_0LD1RC_1LA0RC	CBT_SP_36
1RB1LD_1RC1RB_0LD1RD_1LA0RC	CBT_SW_05
1RB1LD_1RC1RB_0RD0LD_1LB1LA	CBT_SP_22
1RB1LD_1RC1RB_1LA---_0RA0LD	CBT_DX2_12
1RB1LD_1RC1RB_1LA0LA_0LA1LA	CBT_SP_22
1RB1LD_1RC1RB_1LA0LA_0RC1LA	CBT_SP_22
1RB1LD_1RC1RB_1LA0LC_0RB0LD	CBT_SP2_08
1RB1LD_1RC1RB_1LA0LD_0LC1LA	CBT_SP_22
1RB1LD_1RC1RB_1LA0LD_0RB0LC	CBT_SP2_08
1RB1LD_1RC1RB_1LA0LD_0RB0LD	CBT_CE2_15
1RB1LD_1RC1RB_1LA0LD_1LB1LA	CBT_SP_22
1RB1LD_1RC1RB_1LA0LD_1RC1LA	CBT_SP_22
1RB1LD_1RC1RB_1LA0RA_0LA1LA	CBT_SP_22
1RB1LD_1RC1RB_1LA1LA_0RB0LD	CBT_CE2_15
1RB1LD_1RC1RB_1LA1LB_0RB0LD	CBT_CE2_15
1RB1LD_1RC1RB_1LA1LC_0RB0LD	CBT_SP2_08
1RB1LD_1RC1RB_1LA1RA_0RB0LD	CBT_CE2_15
1RB1LD_1RC1RB_1LA1RB_0RB0LD	CBT_CE2_15
1RB1LD_1RC1RB_1LC0LA_0LA1LA	CBT_SPW_17
1RB1LD_1RC1RB_1LC0LA_0LB1LA	CBT_SPW_17
1RB1LD_1RC1RB_1LC0LD_1LB1LA	CBT_SPW_17
1RB1LD_1RC1RB_1LC0LD_1RC1LA	CBT_SPW_17
1RB1LD_1RC1RB_1LC1LA_0RC0RD	CBT_BX_01
1RB1LD_1RC1RB_1LC1RD_1LA0RC	CBT_SP_22
1RB1LD_1RC1RB_1LD0LA_0LA1LA	CBT_SP_22
1RB1LD_1RC1RB_1LD0LA_0RC1LA	CBT_SP_22
1RB1LD_1RC1RB_1LD0LD_1LB1LA	CBT_SP_22
1RB1LD_1RC1RB_1LD0LD_1RC1LA	CBT_SP_22
1RB1LD_1RC1RB_1LD1LA_0RA0LD	CBT_NG_17
1RB1LD_1RC1RB_1LD1LC_0RB0LA	CBT_TA_07
1RB1LD_1RC1RB_1LD1RD_1LA0RC	CBT_SPW_01
1RB1LD_1RC1RB_1RD0LA_0LA1LA	CBT_SP_22
1RB1LD_1RC1RB_1RD1RD_1LA0RC	CBT_SP_22
1RB1LD_1RC1RC_0LA1RC_1LA0RC	CBT_QC_26
1RB1LD_1RC1RC_0LD0RB_1LA0RC	CBT_LEFQ_00
1RB1LD_1RC1RC_0LD0RB_1LB1LA	CBT_SP2_08
1RB1LD_1RC1RC_0LD0RC_1LA1LB	CBT_CE2_02
1RB1LD_1RC1RC_0LD1RC_1LA0RC	CBT_QC_26
1RB1LD_1RC1RC_1LA0RA_1RC0LD	CBT_NG_17
1RB1LD_1RC1RC_1LA1RA_0RA0LD	CBT_NG_17
1RB1LD_1RC1RC_1LA1RC_0RA0LD	CBT_NG_17
1RB1LD_1RC1RC_1LA1RC_0RB0LA	CBT_SP2_08
1RB1LD_1RC1RD_0LD0RC_1LB1LA	CBT_QC_26
1RB1LD_1RC1RD_1LA0LC_0RD1LC	CBT_QC_27
1RB1LD_1RC1RD_1LA0LD_1LC0RB	CBT_MB_00
1RB1RA_0LA---_------_------	CBT_RW_04
1RB1RA_0LB0LC_1LA1LD_1RA1LC	CBT_SP_22
1RB1RA_0LB0LC_1RA1LD_0LC1LC	CBT_SP_22
1RB1RA_0LB0LC_1RD1LC_0LA0RA	CBT_DX1_11
1RB1RA_0LB0LC_1RD1LC_0LC0RA	CBT_DX1_11
1RB1RA_0LB0LC_1RD1LC_1LA0RA	CBT_DX1_11
1RB1RA_0LB0LC_1RD1LC_1LC0RA	CBT_DX1_11
1RB1RA_0LB0LC_1RD1LC_1RA0RA	CBT_DX1_11
1RB1RA_0LB0LC_1RD1LC_1RB0RA	CBT_DX1_11
1RB1RA_0LB1LC_0RA1LD_0RA0LD	CBT_NG_17
1RB1RA_0LB1LC_0RA1RD_1LB0RD	CBT_DX2_12
1RB1RA_0LB1LC_0RC1LD_0RA0LD	CBT_NG_17
1RB1RA_0LB1LC_1RD0LC_0RD1LA	CBT_QC_27
1RB1RA_0LB1RC_1LD0RB_0RA1LC	CBT_SW_05
1RB1RA_0LB1RC_1LD0RB_1RA1LC	CBT_DX1_11
1RB1RA_0LB1RC_1LD1RA_0RC0LD	CBT_CE3_03
1RB1RA_0LC0LD_1RA1LD_1LA1LC	CBT_SP_22
1RB1RA_0LC0LD_1RA1LD_1RB1LC	CBT_SP_22
1RB1RA_0LC0RA_---0LD_1LA1LC	CBT_LE_06
1RB1RA_0LC0RA_1LA0LD_0RB1LC	CBT_NG_00
1RB1RA_0LC0RA_1LA0LD_1LB1LC	CBT_NG_17
1RB1RA_0LC0RA_1LA1LD_1LB1LD	CBT_RW_04
1RB1RA_0LC0RA_1LC0LD_1LA0RB	CBT_LE_08
1RB1RA_0LC0RB_0LA1LD_0RA1LC	CBT_LE4_06
1RB1RA_0LC0RB_0LD1LC_0RA1LD	CBT_LE4_05
1RB1RA_0LC0RB_0LD1LC_1LA1RD	CBT_LE_00
1RB1RA_0LC0RB_0LD1LC_1RA1LA	CBT_SP2_08
1RB1RA_0LC0RB_0RA0LD_1LA1LD	CBT_CE3_01
1RB1RA_0LC0RB_0RA0LD_1LC1RD	CBT_AST_12
1RB1RA_0LC0RB_1LA0LD_1LA1LD	CBT_LE_00
1RB1RA_0LC0RB_1LA0LD_1LC1LD	CBT_LE_00
1RB1RA_0LC0RB_1LC1LD_0RA0LD	CBT_LE4_05
1RB1RA_0LC0RB_1LD0LD_1LA1LD	CBT_LE_00
1RB1RA_0LC0RB_1RA0LD_1LA1LD	CBT_CE3_01
1RB1RA_0LC0RC_0LD0RB_1LA1LD	CBT_CE3_01
1RB1RA_0LC0RC_0LD1LC_1RA1LD	CBT_SP_22
1RB1RA_0LC0RC_1LC1LD_0RA0LD	CBT_NG_17
1RB1RA_0LC0RC_1RA0LD_1RC1LC	CBT_LE6_00
1RB1RA_0LC0RD_1LA1LC_0LA1RB	CBT_TA_07
1RB1RA_0LC0RD_1LA1LC_0LB1RB	CBT_TA_07
1RB1RA_0LC0RD_1LA1LC_0LC1RB	CBT_TA_07
1RB1RA_0LC0RD_1LA1LC_0LD1RB	CBT_TA_08
1RB1RA_0LC0RD_1LA1LC_0RA1RB	CBT_TA_08
1RB1RA_0LC0RD_1LA1LC_1LB1RB	CBT_TA_11
1RB1RA_0LC0RD_1LA1LC_1LC1RB	CBT_TA_08
1RB1RA_0LC0RD_1LA1LC_1LD1RB	CBT_TA_08
1RB1RA_0LC0RD_1LA1LC_1RA1RB	CBT_TA_08
1RB1RA_0LC0RD_1LA1LC_1RB1RB	CBT_TA_08
1RB1RA_0LC0RD_1LA1LC_1RC1RB	CBT_TA_08
1RB1RA_0LC1LB_0RC1LD_0RA0LD	CBT_LE3_03
1RB1RA_0LC1LB_0RC1LD_1RA0LC	CBT_SPW_12
1RB1RA_0LC1LB_0RC1LD_1RA0RB	CBT_SPW_01
1RB1RA_0LC1LB_0RD1LD_0RA0LD	CBT_LE3_03
1RB1RA_0LC1LB_0RD1LD_1RA0LC	CBT_SPW_12
1RB1RA_0LC1LB_0RD1LD_1RA0RB	CBT_SPW_12
1RB1RA_0LC1LB_1RD0LD_1LA1LC	CBT_SP_22
1RB1RA_0LC1LB_1RD0LD_1RA1LC	CBT_SP_22
1RB1RA_0LC1LB_1RD1LD_1LA0LC	CBT_SP_22
1RB1RA_0LC1LB_1RD1LD_1LA0RB	CBT_SP_22
1RB1RA_0LC1LB_1RD1LD_1RA0LC	CBT_SP_22
1RB1RA_0LC1LB_1RD1LD_1RA0RB	CBT_SP_22
1RB1RA_0LC1LC_0RA1LD_0RA0LC	CBT_LE6_04
1RB1RA_0LC1LC_0RA1LD_0RB0LC	CBT_LE6_04
1RB1RA_0LC1LD_1LA0LD_1LC0RA	CBT_NG_17
1RB1RA_0LC1RB_0RA1LD_1LC0RB	CBT_SP_36
1RB1RA_0LC1RB_1LD0RB_0RA1LC	CBT_SP_36
1RB1RA_0LC1RB_1LD0RB_1RA1LC	CBT_SP_36
1RB1RA_0LC1RB_1RA1LD_1LC0RB	CBT_SP_36
1RB1RA_0LC1RC_0LD0RB_1LA1LD	CBT_DX1_11
1RB1RA_0LC1RC_0RA1LD_1LC0LC	CBT_MB_04
1RB1RA_0LC1RC_1LD0RB_0RA1LC	CBT_SW_05
1RB1RA_0LC1RC_1LD0RB_1LA1LD	CBT_SPW_12
1RB1RA_0LC1RC_1LD0RB_1RA1LC	CBT_SW_05
1RB1RA_0LC1RD_0RA1LD_1LC0RB	CBT_SPW_12
1RB1RA_0LC1RD_1LA1LC_0LA0RB	CBT_TA_08
1RB1RA_0LC1RD_1LA1LC_0LC0RB	CBT_TA_08
1RB1RA_0LC1RD_1LA1LC_0LD0RB	CBT_TA_08
1RB1RA_0LC1RD_1LA1LC_0RA0RB	CBT_TA_08
1RB1RA_0LC1RD_1LA1LC_0RB0RB	CBT_TA_08
1RB1RA_0LC1RD_1LA1LC_1LA0RB	CBT_TA_09
1RB1RA_0LC1RD_1LA1LC_1LB0RB	CBT_TA_09
1RB1RA_0LC1RD_1LA1LC_1LC0RB	CBT_TA_09
1RB1RA_0LC1RD_1LA1LC_1RA0RB	CBT_TA_09
1RB1RA_0LC1RD_1LA1LC_1RB0RB	CBT_TA_09
1RB1RA_0LC1RD_1LA1LC_1RC0RB	CBT_TA_09
1RB1RA_0LC1RD_1RA1LD_1LC0RB	CBT_SP_22
1RB1RA_0LC1RD_1RB1LC_0LA0RA	CBT_SP_22
1RB1RA_0LC1RD_1RB1LC_0LA0RB	CBT_SP_36
1RB1RA_0LC1RD_1RB1LC_0LC0RA	CBT_SP_22
1RB1RA_0LC1RD_1RB1LC_0RB0RA	CBT_SP_22
1RB1RA_0LC1RD_1RB1LC_1LA0RA	CBT_SP_22
1RB1RA_0LC1RD_1RB1LC_1LC0RA	CBT_SP_22
1RB1RA_0LC1RD_1RB1LC_1RA0RA	CBT_SP_22
1RB1RA_0LC1RD_1RB1LC_1RB0RA	CBT_SP_22
1RB1RA_0LC1RD_1RB1LC_1RC0RA	CBT_SP_22
1RB1RA_0LC1RD_1RD1LB_0RA0RC	CBT_SPW_12
1RB1RA_0RC---_1LC1LD_0RA0LD	CBT_CE2_00
1RB1RA_0RC0LA_1LC0LD_0RA0LC	CBT_DX2_12
1RB1RA_0RC0LC_1LA1LD_1RA1LC	CBT_SP_22
1RB1RA_0RC0LD_1RD1RA_1LB1LD	CBT_DX1_11
1RB1RA_0RC0RA_0LC0LD_1LA1LC	CBT_LE_06
1RB1RA_0RC0RA_1LC0LD_1LA1LC	CBT_HY2_01
1RB1RA_0RC0RB_1LC1LD_0RA0LA	CBT_SPW_12
1RB1RA_0RC0RD_1LC0LA_0RB0LC	CBT_SP_36
1RB1RA_0RC1LB_1LA1RD_1RC0LB	CBT_SP2_08
1RB1RA_0RC1LD_1LC0LA_0LC0RD	CBT_DX1_11
1RB1RA_0RC1LD_1LC0RB_0LA0LD	CBT_NG_17
1RB1RA_0RC1LD_1RD0RA_1LB0LD	CBT_CE_03
1RB1RA_0RC1RA_1LC0LD_0RA0LD	CBT_NG_17
1RB1RA_0RC1RD_1LA1LC_0LC0RB	CBT_SPW_12
1RB1RA_0RC1RD_1LA1LC_1LC0RB	CBT_SPW_12
1RB1RA_1LA---_------_------	CBT_RW_04
1RB1RA_1LB0LC_0RD0LD_0RA1LD	CBT_DX1_11
1RB1RA_1LB0LC_1LA1LD_1RA1LC	CBT_SPW_17
1RB1RA_1LB0LC_1RA1LD_0LA1LC	CBT_SPW_17
1RB1RA_1LB0LC_1RA1LD_0LC1LC	CBT_SPW_17
1RB1RA_1LB0LC_1RA1LD_0RB1LC	CBT_SPW_17
1RB1RA_1LB0LC_1RD0LD_0RA1LD	CBT_DX1_11
1RB1RA_1LB0LC_1RD1LC_0LA0RA	CBT_SP_23
1RB1RA_1LB0LC_1RD1LC_0LC0RA	CBT_SP_23
1RB1RA_1LB0LC_1RD1LC_0RB0RA	CBT_SP_23
1RB1RA_1LB0LC_1RD1LC_1LA0RA	CBT_SP_23
1RB1RA_1LB0LC_1RD1LC_1LC0RA	CBT_SP_23
1RB1RA_1LB0LC_1RD1LC_1RA0RA	CBT_SP_23
1RB1RA_1LB0LC_1RD1LC_1RB0RA	CBT_SP_23
1RB1RA_1LB0LC_1RD1LC_1RC0RA	CBT_SP_23
1RB1RA_1LB1LC_0RA0LD_---0LC	CBT_DX2_12
1RB1RA_1LB1LC_0RA1LD_0RA0LD	CBT_NG_17
1RB1RA_1LB1LC_0RC1LD_0RA0LD	CBT_NG_17
1RB1RA_1LB1LC_0RD1LD_0RA0LD	CBT_NG_00
1RB1RA_1LB1LC_1RD0LC_0RD0LA	CBT_DX2_12
1RB1RA_1LB1LC_1RD0LC_0RD1LA	CBT_QC_27
1RB1RA_1LB1RC_0LD0RB_0LA1LD	CBT_LEF_03
1RB1RA_1LB1RC_0RC1LD_1LA0LD	CBT_QC_27
1RB1RA_1LB1RC_1LD0RB_0RA1LC	CBT_SP_23
1RB1RA_1LB1RC_1LD0RB_1RA1LC	CBT_SP_23
1RB1RA_1LC---_---1LD_0RA0LD	CBT_DX2_12
1RB1RA_1LC0LA_0RA0LD_0RA1LC	CBT_NG_17
1RB1RA_1LC0LA_0RA0LD_0RB1LC	CBT_NG_17
1RB1RA_1LC0LB_1RD0LC_0RD1LA	CBT_DX2_12
1RB1RA_1LC0LC_1LA1LD_1RA1LC	CBT_SP_23
1RB1RA_1LC0LC_1RA1LD_0LC1LC	CBT_SP_23
1RB1RA_1LC0LC_1RA1LD_0RB1LC	CBT_SP_23
1RB1RA_1LC0LC_1RB1LD_1RA1LC	CBT_SP_23
1RB1RA_1LC0LD_---1LD_0RA0LB	CBT_DX2_12
1RB1RA_1LC0LD_0LD1LD_1RA1LC	CBT_SP_23
1RB1RA_1LC0LD_0RA0LB_0RB1LD	CBT_DX1_12
1RB1RA_1LC0LD_0RA0LB_1RD1RC	CBT_SP_23
1RB1RA_1LC0LD_0RA0LC_0RA1LD	CBT_LE_00
1RB1RA_1LC0LD_0RA0LC_0RB1LD	CBT_LE_00
1RB1RA_1LC0LD_0RA1LD_0RB0LD	CBT_LE_04
1RB1RA_1LC0LD_0RB0LC_0RA1LD	CBT_CE3_01
1RB1RA_1LC0LD_0RB1LD_1RA1LC	CBT_SP_23
1RB1RA_1LC0LD_1RA0LB_0LA0RC	CBT_NG_17
1RB1RA_1LC0LD_1RA0LB_1LC0RC	CBT_AST_08
1RB1RA_1LC0LD_1RA0LB_1RD0RA	CBT_MB_03
1RB1RA_1LC0LD_1RA1LD_0LB1LC	CBT_SP_23
1RB1RA_1LC0LD_1RA1LD_1LA1LC	CBT_SP_23
1RB1RA_1LC0LD_1RA1LD_1RB1LC	CBT_SP_23
1RB1RA_1LC0RA_0LC1LD_1RB1LC	CBT_BLC3_04
1RB1RA_1LC0RA_0LD1LD_1RB1LC	CBT_BLC3_02
1RB1RA_1LC0RA_0RA1LD_0LC0LD	CBT_HY_03
1RB1RA_1LC0RA_0RB1LD_0LB1LC	CBT_BLC3_03
1RB1RA_1LC0RA_1LA1LD_0LB0LD	CBT_HY_03
1RB1RA_1LC0RA_1LA1LD_0LC0LD	CBT_HY_03
1RB1RA_1LC0RA_1LD0LB_1RB0LB	CBT_HY_05
1RB1RA_1LC0RA_1LD0LC_0RB1LC	CBT_NG_18
1RB1RA_1LC0RA_1LD0LD_0RB0LC	CBT_NG_18
1RB1RA_1LC0RA_1LD0RD_1RB0LB	CBT_LEF_03
1RB1RA_1LC0RA_1LD0RD_1RD0LB	CBT_LEF_03
1RB1RA_1LC0RA_1LD1LC_1LA0LB	CBT_HY_05
1RB1RA_1LC0RA_1LD1LC_1LA0LD	CBT_RW_04
1RB1RA_1LC0RA_1LD1LC_1RB0LB	CBT_HY_05
1RB1RA_1LC0RA_1RD0LB_0LA1RC	CBT_SP_23
1RB1RA_1LC0RA_1RD0LB_1LA1RC	CBT_SP_23
1RB1RA_1LC0RB_0LA1LD_1LA0LC	CBT_DX0_01
1RB1RA_1LC0RB_0LC0LD_1RA1LD	CBT_HY_04
1RB1RA_1LC0RB_0LC0LD_1RD1LA	CBT_QC_27
1RB1RA_1LC0RB_0LC1LD_0RA1RB	CBT_DX2_12
1RB1RA_1LC0RB_1LA0LD_0RA0LD	CBT_DX2_12
1RB1RA_1LC0RB_1LB1LD_0RA0LA	CBT_SP_23
1RB1RA_1LC0RB_1LB1LD_1RA0LA	CBT_SP_23
1RB1RA_1LC0RB_1LD1RC_0LC0LA	CBT_DX2_12
1RB1RA_1LC0RB_1LD1RC_1LB0LA	CBT_SPW_17
1RB1RA_1LC0RC_0LD1LC_1RA1LD	CBT_SP_23
1RB1RA_1LC0RC_1RA0LD_0LC1LD	CBT_HY2_00
1RB1RA_1LC0RC_1RA0LD_1LC1LD	CBT_HY_05
1RB1RA_1LC0RC_1RA1LD_0LC1LC	CBT_SP_23
1RB1RA_1LC0RD_0RA0LB_1LB0LC	CBT_DX1_12
1RB1RA_1LC0RD_0RA0LB_1LB1RB	CBT_DX1_12
1RB1RA_1LC0RD_0RA0LC_1LD1LC	CBT_CE2_05
1RB1RA_1LC0RD_0RA1LB_0LB0LC	CBT_SW_05
1RB1RA_1LC0RD_0RA1LB_0LB1RB	CBT_SW_05
1RB1RA_1LC0RD_0RA1LB_0LB1RD	CBT_SP_36
1RB1RA_1LC0RD_0RA1LB_0LC0LC	CBT_SP_23
1RB1RA_1LC0RD_0RA1LB_0LC1RB	CBT_SP_23
1RB1RA_1LC0RD_0RA1LB_0LD0LC	CBT_SW_05
1RB1RA_1LC0RD_0RA1LB_0LD1RB	CBT_SW_00
1RB1RA_1LC0RD_0RA1LB_1LB0LC	CBT_SPW_12
1RB1RA_1LC0RD_0RA1LB_1LB1RB	CBT_SPW_13
1RB1RA_1LC0RD_0RA1LB_1LD0LC	CBT_SP_23
1RB1RA_1LC0RD_0RA1LB_1LD1RB	CBT_SP_23
1RB1RA_1LC0RD_0RA1LB_1RB0LC	CBT_SP_23
1RB1RA_1LC0RD_0RA1LB_1RB1RB	CBT_SP_23
1RB1RA_1LC0RD_0RA1LB_1RC0LC	CBT_SPW_13
1RB1RA_1LC0RD_0RA1LB_1RC1RB	CBT_SPW_13
1RB1RA_1LC0RD_1LA0LB_0LA0RC	CBT_NG_00
1RB1RA_1LC0RD_1LA0LB_1LB0RC	CBT_DX1_12
1RB1RA_1LC0RD_1LA0LD_0RB1RB	CBT_SPW_13
1RB1RA_1LC0RD_1LA1LB_0LB1RD	CBT_LE_05
1RB1RA_1LC0RD_1LD1LB_0RA0LD	CBT_SP_23
1RB1RA_1LC0RD_1LD1LB_0RA1RB	CBT_SP_23
1RB1RA_1LC0RD_1RA0LB_1LB0RA	CBT_BLC6_09
1RB1RA_1LC0RD_1RA1LB_0LB1RB	CBT_DX1_12
1RB1RA_1LC0RD_1RA1LB_0LB1RD	CBT_SP2_08
1RB1RA_1LC0RD_1RA1LB_0LD1RB	CBT_DX1_12
1RB1RA_1LC0RD_1RA1LB_1LB1RB	CBT_SPW_13
1RB1RA_1LC0RD_1RA1LB_1LD1RB	CBT_SP_23
1RB1RA_1LC0RD_1RA1LB_1RB1RB	CBT_SP_23
1RB1RA_1LC1LA_---0LD_0RA0LC	CBT_DX2_12
1RB1RA_1LC1LA_0LC0LD_0RA0RC	CBT_DX2_12
1RB1RA_1LC1LB_0LA1LD_0RA0LC	CBT_SPW_13
1RB1RA_1LC1LB_0LA1LD_1RA0LC	CBT_SPW_13
1RB1RA_1LC1LB_0RA0LD_0LB1LC	CBT_TA_09
1RB1RA_1LC1LB_0RA0LD_0RA1LC	CBT_TA_09
1RB1RA_1LC1LB_0RA0LD_0RB1LC	CBT_TA_09
1RB1RA_1LC1LB_0RA0LD_0RC1LC	CBT_TA_09
1RB1RA_1LC1LB_0RA0LD_0RD1LC	CBT_TA_09
1RB1RA_1LC1LB_0RA0LD_1LA0LC	CBT_DX0_01
1RB1RA_1LC1LB_0RA0LD_1LA1LC	CBT_TA_09
1RB1RA_1LC1LB_0RA0LD_1LB1LC	CBT_TA_10
1RB1RA_1LC1LB_0RA0LD_1LC1LC	CBT_TA_10
1RB1RA_1LC1LB_0RA0LD_1RA1LC	CBT_TA_10
1RB1RA_1LC1LB_0RA0LD_1RC1LC	CBT_TA_11
1RB1RA_1LC1LB_0RA0LD_1RD1LC	CBT_TA_10
1RB1RA_1LC1LB_0RA1LD_0LB0LC	CBT_TA_10
1RB1RA_1LC1LB_0RA1LD_0LC0LC	CBT_TA_10
1RB1RA_1LC1LB_0RA1LD_0RA0LC	CBT_TA_10
1RB1RA_1LC1LB_0RA1LD_0RB0LC	CBT_TA_10
1RB1RA_1LC1LB_0RA1LD_0RD0LC	CBT_TA_10
1RB1RA_1LC1LB_0RA1LD_1LA0LC	CBT_TA_10
1RB1RA_1LC1LB_0RA1LD_1LB0LC	CBT_TA_10
1RB1RA_1LC1LB_0RA1LD_1LC0LC	CBT_TA_10
1RB1RA_1LC1LB_0RA1LD_1RA0LC	CBT_TA_11
1RB1RA_1LC1LB_0RA1LD_1RB0LC	CBT_TA_11
1RB1RA_1LC1LB_0RA1LD_1RC0LC	CBT_TA_11
1RB1RA_1LC1LB_0RD0LC_0LB0RA	CBT_CE3_01
1RB1RA_1LC1LB_0RD0LC_1LB0RA	CBT_CE3_01
1RB1RA_1LC1LB_0RD0LC_1RA0RA	CBT_LE_00
1RB1RA_1LC1LB_0RD0LC_1RB0RA	CBT_LE_00
1RB1RA_1LC1LB_0RD0LD_0RA0LC	CBT_CE3_01
1RB1RA_1LC1LB_0RD1LD_0RA0LC	CBT_DX1_12
1RB1RA_1LC1LB_0RD1LD_1RA0LC	CBT_SPW_13
1RB1RA_1LC1LC_0RA1LD_0RB0LD	CBT_LE_04
1RB1RA_1LC1LD_0RA0LC_0RA1LD	CBT_CE3_01
1RB1RA_1LC1LD_0RA0LD_0RB1LC	CBT_NG_18
1RB1RA_1LC1LD_0RB0LC_0RA1LB	CBT_CE3_01
1RB1RA_1LC1LD_0RB0LC_0RA1LD	CBT_CE3_01
1RB1RA_1LC1LD_0RD0LC_1RA1LC	CBT_NG_18
1RB1RA_1LC1LD_1LA0LB_0RC0RA	CBT_AST_14
1RB1RA_1LC1LD_1RA0LB_0RC0RA	CBT_AST_14
1RB1RA_1LC1RA_0RA1LD_0RB0LD	CBT_SP2_08
1RB1RA_1LC1RA_0RB0LC_------	CBT_SP2_08
1RB1RA_1LC1RA_0RB0LD_0LB0LC	CBT_SP2_08
1RB1RA_1LC1RB_0LD1LD_0RA0LC	CBT_SPB_20
1RB1RA_1LC1RB_0RA0LD_0RA1LC	CBT_NG_18
1RB1RA_1LC1RB_0RA0LD_0RB1LC	CBT_NG_18
1RB1RA_1LC1RB_0RA1LD_1LC0LC	CBT_SPB_20
1RB1RA_1LC1RB_0RA1LD_1RA0LC	CBT_SPB_20
1RB1RA_1LC1RB_0RB1LD_0RA0LC	CBT_SP_36
1RB1RA_1LC1RB_0RB1LD_1RA0LC	CBT_LEF_03
1RB1RA_1LC1RB_1RB1LD_0RA0LC	CBT_SPB_20
1RB1RA_1LC1RC_0RA1LD_0RB0LD	CBT_LE_06
1RB1RA_1LC1RC_1LD0RB_0RA1LC	CBT_SPW_13
1RB1RA_1LC1RC_1LD0RB_1RA1LC	CBT_SPW_13
1RB1RA_1LC1RD_0RA0LC_0LA---	CBT_DX2_12
1RB1RA_1LC1RD_0RA0LC_1LA---	CBT_DX2_12
1RB1RA_1LC1RD_0RA1LB_0RA0RB	CBT_SPW_13
1RB1RA_1LC1RD_0RB0LC_1LA0RD	CBT_SP2_08
1RB1RA_1LC1RD_0RB0LC_1RA1LD	CBT_SP_36
1RB1RA_1LC1RD_0RB0LC_1RB0LA	CBT_QE_07
1RB1RA_1LC1RD_0RB0LC_1RB1LA	CBT_SP_36
1RB1RA_1LC1RD_0RD0LC_1LB0RA	CBT_NG_18
1RB1RA_1LC1RD_0RD0LC_1LC1RA	CBT_CE3_03
1RB1RA_1LC1RD_0RD0LC_1RA1LD	CBT_SP_36
1RB1RA_1LC1RD_1LA0LC_0RD1LC	CBT_QC_27
1RB1RA_1LC1RD_1LA1LC_0LB0RD	CBT_LE_08
1RB1RA_1LC1RD_1LD1LB_0RA0RB	CBT_BLC_01
1RB1RA_1LC1RD_1RA1LB_0RA0RB	CBT_BLC_00
1RB1RA_1RC---_1LD0LA_0RA0LD	CBT_DX2_12
1RB1RA_1RC---_1LD1LA_0RA0LD	CBT_DX2_12
1RB1RA_1RC---_1LD1LA_0RB0LD	CBT_DX2_12
1RB1RA_1RC---_1LD1RA_0RB0LD	CBT_SP_36
1RB1RA_1RC0LA_1LD1RB_0RB0LD	CBT_SP_36
1RB1RA_1RC0LD_0LD1LD_1RA1LC	CBT_SP_23
1RB1RA_1RC0LD_1LD0LA_0RA0LB	CBT_DX2_12
1RB1RA_1RC0LD_1RD0LA_1LB0RC	CBT_SP_23
1RB1RA_1RC0RA_1LD0LC_0RB1LC	CBT_NG_18
1RB1RA_1RC0RA_1LD1LC_0RB0LD	CBT_LE_00
1RB1RA_1RC0RB_1LC1LD_0LD0LA	CBT_DX2_12
1RB1RA_1RC0RB_1LD1LC_1RA0LC	CBT_RW_04
1RB1RA_1RC0RC_1LD0RB_0RA0LC	CBT_DX0_02
1RB1RA_1RC0RC_1LD0RB_1LA0LC	CBT_SP_23
1RB1RA_1RC0RC_1LD0RB_1RA0LC	CBT_SP_23
1RB1RA_1RC0RD_1LD1LC_1RA0LC	CBT_HY_05
1RB1RA_1RC1LA_1LC1LD_0RA0LD	CBT_NG_18
1RB1RA_1RC1LA_1LD0RB_0RA0LC	CBT_SP_23
1RB1RA_1RC1LA_1LD0RB_0RB0LC	CBT_SP_23
1RB1RA_1RC1LA_1LD0RB_1LA0LC	CBT_SP_23
1RB1RA_1RC1LA_1LD0RB_1LB0LC	CBT_SP_23
1RB1RA_1RC1LA_1LD0RB_1RA0LC	CBT_SP_23
1RB1RA_1RC1LA_1LD0RB_1RB0LC	CBT_SP_23
1RB1RA_1RC1LA_1LD1RB_0RB0LD	CBT_QE_07
1RB1RA_1RC1LB_0LB1RD_1LA0RC	CBT_SPB_29
1RB1RA_1RC1LC_1LC1LD_0RA0LD	CBT_NG_18
1RB1RA_1RC1LD_0LB0RC_0LA1LD	CBT_LE_05
1RB1RA_1RC1RA_1LC1LD_0RA0LD	CBT_NG_00
1RB1RA_1RC1RA_1LD0RB_0RA0LC	CBT_SP_23
1RB1RA_1RC1RA_1LD0RB_1LA0LC	CBT_SP_23
1RB1RA_1RC1RA_1LD0RB_1RA0LC	CBT_SP_23
1RB1RA_1RC1RC_0LD0RB_0LA1LD	CBT_LEF_03
1RB1RA_1RC1RC_1LD0RB_0RA1LC	CBT_SP_23
1RB1RA_1RC1RC_1LD0RB_1RA1LC	CBT_SP_24
1RB1RA_1RC1RD_1LD0LD_0RA1LC	CBT_MB_03
1RB1RA_1RC1RD_1LD0RB_0RA0LC	CBT_SPW_13
1RB1RA_1RC1RD_1LD0RB_1RA0LC	CBT_SP_24
1RB1RB_0LA---_------_------	CBT_QC_00
1RB1RB_0LB0RC_0LD1RA_1RC1LD	CBT_SPB_20
1RB1RB_0LB1LC_1RD0LC_0RD1LA	CBT_QC_27
1RB1RB_0LB1RC_0LD0RA_1RA1LD	CBT_SPB_20
1RB1RB_0LB1RC_0LD0RC_1LA1LD	CBT_CE2_15
1RB1RB_0LB1RC_1LD0RC_0LB1LA	CBT_QC_27
1RB1RB_0LB1RC_1LD0RC_0LD1LA	CBT_QC_27
1RB1RB_0LB1RC_1LD0RC_1LB1LA	CBT_CE2_18
1RB1RB_0LB1RC_1LD1RA_0RC0LD	CBT_CE3_03
1RB1RB_0LC0LA_1RC0RD_1LB1RD	CBT_SP_24
1RB1RB_0LC0RA_---1LD_1RA1LD	CBT_SP_36
1RB1RB_0LC0RA_0LD1LC_1RA1RD	CBT_LEF_03
1RB1RB_0LC0RA_1LA1LD_1RA1LC	CBT_SP2_08
1RB1RB_0LC0RA_1LD0RB_1RA1LC	CBT_CE3_03
1RB1RB_0LC0RA_1LD0RB_1RC1LC	CBT_CE3_03
1RB1RB_0LC0RA_1LD1LC_1RB1RD	CBT_TA_11
1RB1RB_0LC0RA_1RA1LC_------	CBT_SPB_20
1RB1RB_0LC0RA_1RD1LC_---1RB	CBT_SP_36
1RB1RB_0LC0RB_1LD1LA_1RA1LC	CBT_CE2_02
1RB1RB_0LC0RB_1LD1LC_1RA0RB	CBT_CE2_15
1RB1RB_0LC0RB_1LD1LC_1RA0RD	CBT_SP2_08
1RB1RB_0LC0RB_1LD1LC_1RA1LA	CBT_CE2_15
1RB1RB_0LC0RB_1LD1LC_1RA1LC	CBT_CE2_15
1RB1RB_0LC0RB_1LD1LC_1RA1RA	CBT_CE2_15
1RB1RB_0LC0RB_1LD1LC_1RA1RC	CBT_CE2_15
1RB1RB_0LC0RB_1LD1LC_1RA1RD	CBT_LE_05
1RB1RB_0LC0RC_0LD1RC_1RA1LD	CBT_DX1_12
1RB1RB_0LC0RC_1LD1RC_1RA1LD	CBT_DXQ_02
1RB1RB_0LC0RD_1LD1LC_1RA0RB	CBT_SP2_08
1RB1RB_0LC0RD_1RA1LC_0LA1RD	CBT_SW_05
1RB1RB_0LC0RD_1RA1LC_0LC1RD	CBT_DX1_12
1RB1RB_0LC0RD_1RA1LC_1LC1RD	CBT_DXQ_03
1RB1RB_0LC0RD_1RA1LC_1RC1RB	CBT_SPB_29
1RB1RB_0LC0RD_1RB1LC_0LA1RD	CBT_DX1_12
1RB1RB_0LC0RD_1RD1LC_0LA1RA	CBT_CE_03
1RB1RB_0LC0RD_1RD1LC_0LC1RA	CBT_SPB_20
1RB1RB_0LC0RD_1RD1LC_0LD1RA	CBT_CE_03
1RB1RB_0LC0RD_1RD1LC_1LC1RA	CBT_SP2_08
1RB1RB_0LC0RD_1RD1LC_1RA1RA	CBT_SP2_08
1RB1RB_0LC0RD_1RD1LC_1RB1RA	CBT_SP2_08
1RB1RB_0LC1RA_1LA1LD_1LC0RA	CBT_SP2_08
1RB1RB_0LC1RB_1LD0RB_1RA1LC	CBT_QC_27
1RB1RB_0LC1RB_1RA1LD_1LC0RB	CBT_QC_27
1RB1RB_0LC1RB_1RD1LC_0LA0RB	CBT_QS_08
1RB1RB_0LC1RB_1RD1LC_1LA0RB	CBT_QS_08
1RB1RB_0LC1RD_0LB1LA_1LB0RD	CBT_CE_06
1RB1RB_0LC1RD_0LB1LA_1LC0RD	CBT_CE_06
1RB1RB_0LC1RD_0LC1LA_1LB0RD	CBT_QC_27
1RB1RB_0LC1RD_0LC1LA_1LC0RD	CBT_QC_27
1RB1RB_0LC1RD_1LA1LC_0LC0RD	CBT_CE2_15
1RB1RB_0LC1RD_1LB1LA_1LB0RD	CBT_LE6_04
1RB1RB_0LC1RD_1LB1LA_1LC0RD	CBT_QC_27
1RB1RB_0LC1RD_1RA1LC_0LA0RA	CBT_SPB_20
1RB1RB_0LC1RD_1RA1LC_0LC0RA	CBT_CE_03
1RB1RB_0LC1RD_1RA1LC_0LD0RA	CBT_SPB_20
1RB1RB_0LC1RD_1RA1LC_0RA0LB	CBT_SP2_08
1RB1RB_0LC1RD_1RA1LC_0RA0RA	CBT_SPB_20
1RB1RB_0LC1RD_1RA1LC_0RB0RA	CBT_SPB_20
1RB1RB_0LC1RD_1RA1LC_1LB0RA	CBT_SPB_20
1RB1RB_0LC1RD_1RA1LC_1LC0RA	CBT_SPB_20
1RB1RB_0LC1RD_1RA1LC_1LD0RA	CBT_SPB_20
1RB1RB_0LC1RD_1RA1LC_1RA0RA	CBT_SPB_20
1RB1RB_0LC1RD_1RA1LC_1RB0RA	CBT_SPB_20
1RB1RB_0LC1RD_1RB1LC_0LA0RB	CBT_QC_27
1RB1RB_0RC0LA_0LD1RA_1RC1LD	CBT_SP2_08
1RB1RB_0RC0LA_1LC1LD_1RA0LB	CBT_DX1_12
1RB1RB_0RC0LC_1LD0RB_1LD1RA	CBT_QC_27
1RB1RB_0RC0LD_1LD1RC_0LA1LB	CBT_QC_27
1RB1RB_0RC0RC_0LD1RA_1RC1LD	CBT_SPB_20
1RB1RB_0RC1LB_1LA1RD_1RC0LB	CBT_QC_27
1RB1RB_0RC1LB_1LD1RC_0LA0LB	CBT_QS_08
1RB1RB_0RC1LB_1LD1RC_1LA0LB	CBT_QS_08
1RB1RB_0RC1LB_1RD0LB_1LA1RC	CBT_QC_27
1RB1RB_0RC1LD_0LD1RC_1LB0LA	CBT_LE_04
1RB1RB_0RC1LD_1LB1RC_0LA0LB	CBT_QC_27
1RB1RB_0RC1RA_1LC0LD_0RA0LC	CBT_DX2_12
1RB1RB_0RC1RB_1LD0RB_0LD1LA	CBT_QC_27
1RB1RB_0RC1RB_1LD0RC_0LD1LA	CBT_QC_27
1RB1RB_0RC1RC_1LD0RB_0LD1LA	CBT_QC_27
1RB1RB_0RC1RC_1LD0RC_0LD1LA	CBT_QC_27
1RB1RB_0RC1RD_0LC1LA_1LC0RD	CBT_QC_27
1RB1RB_0RC1RD_1LA1LC_0LC0RD	CBT_CE2_15
1RB1RB_1LA0RC_0LD1RA_1RC1LD	CBT_SPB_20
1RB1RB_1LA0RC_0LD1RB_1RC1LD	CBT_QC_27
1RB1RB_1LA0RC_1LD0RC_0LD0RB	CBT_QC_27
1RB1RB_1LA0RC_1LD0RC_0LD1RB	CBT_QC_27
1RB1RB_1LA0RC_1LD1RC_0LD0RB	CBT_QC_27
1RB1RB_1LA1LC_1LB0RD_0LB1RD	CBT_QC_27
1RB1RB_1LA1LC_1LB0RD_0LC1RD	CBT_QC_27
1RB1RB_1LA1LC_1RD0LC_0RD0LA	CBT_DX2_12
1RB1RB_1LA1LC_1RD0LC_0RD1LA	CBT_QC_27
1RB1RB_1LA1RC_0LD0RA_1RA1LD	CBT_SP2_08
1RB1RB_1LA1RC_0LD0RB_1RB1LD	CBT_QC_27
1RB1RB_1LA1RC_1LD0RB_0RC0LD	CBT_QC_27
1RB1RB_1LA1RC_1LD0RC_0LD0LA	CBT_QC_27
1RB1RB_1LA1RC_1LD0RC_0LD1LA	CBT_QC_27
1RB1RB_1LB1LC_1RD0LC_0RD1LA	CBT_QC_27
1RB1RB_1LB1RC_0RC1LD_1LA0LD	CBT_CE2_15
1RB1RB_1LB1RC_1LD0RC_0LB1LA	CBT_QS_08
1RB1RB_1LB1RC_1LD0RC_0LD1LA	CBT_QC_27
1RB1RB_1LC0LA_1RD0LC_0RD1LA	CBT_DX2_12
1RB1RB_1LC0LC_1RD1LB_1RA0RD	CBT_CE2_15
1RB1RB_1LC0LD_0RD1LB_0RA1RD	CBT_SP_24
1RB1RB_1LC0LD_1RC0LB_1RD0RA	CBT_DX0_02
1RB1RB_1LC0LD_1RD1LB_0RA1RD	CBT_SP_24
1RB1RB_1LC0RA_0RD1LB_0LA1RD	CBT_SP_24
1RB1RB_1LC0RA_0RD1LB_0LB1RD	CBT_SP_24
1RB1RB_1LC0RA_0RD1LB_0LC1RD	CBT_SP_24
1RB1RB_1LC0RA_0RD1LB_0RA1RD	CBT_SP_24
1RB1RB_1LC0RA_0RD1LB_1LA1RD	CBT_SP_24
1RB1RB_1LC0RA_0RD1LB_1LB1RD	CBT_SP_24
1RB1RB_1LC0RA_0RD1LB_1LC1RD	CBT_SP_24
1RB1RB_1LC0RA_0RD1LB_1RA1RD	CBT_SP_24
1RB1RB_1LC0RA_0RD1LB_1RB1RD	CBT_SP_24
1RB1RB_1LC0RA_1RD0LB_0LA1RC	CBT_SP_24
1RB1RB_1LC0RA_1RD0LB_1LA1RC	CBT_SP_24
1RB1RB_1LC0RA_1RD0LB_1LB1RC	CBT_SP_24
1RB1RB_1LC0RA_1RD1LB_0LA1RD	CBT_SP_24
1RB1RB_1LC0RA_1RD1LB_0LB1RD	CBT_SP_24
1RB1RB_1LC0RA_1RD1LB_0LC0RD	CBT_QC_27
1RB1RB_1LC0RA_1RD1LB_0LC1RD	CBT_SP_24
1RB1RB_1LC0RA_1RD1LB_0RA1RD	CBT_SP_24
1RB1RB_1LC0RA_1RD1LB_1LA1RD	CBT_SP_24
1RB1RB_1LC0RA_1RD1LB_1LB1RD	CBT_SP_24
1RB1RB_1LC0RA_1RD1LB_1LC1RD	CBT_SP_24
1RB1RB_1LC0RA_1RD1LB_1RA1RD	CBT_SP_24
1RB1RB_1LC0RA_1RD1LB_1RB1RD	CBT_SP_24
1RB1RB_1LC0RB_0LC0RD_1LA1RD	CBT_QC_27
1RB1RB_1LC0RB_0LC1LD_0RA---	CBT_QC_28
1RB1RB_1LC0RB_0LC1LD_0RD1RA	CBT_QC_28
1RB1RB_1LC0RB_0LC1LD_1RA0RA	CBT_QC_28
1RB1RB_1LC0RB_0LC1LD_1RA0RC	CBT_QC_28
1RB1RB_1LC0RB_0LC1LD_1RA1RA	CBT_QC_28
1RB1RB_1LC0RB_0LC1LD_1RC0RA	CBT_QC_28
1RB1RB_1LC0RB_0LC1LD_1RC1RA	CBT_QC_28
1RB1RB_1LC0RB_0LC1LD_1RD1RA	CBT_QC_28
1RB1RB_1LC0RB_0LC1RD_0LA0RB	CBT_QC_28
1RB1RB_1LC0RB_0LC1RD_0LA1LA	CBT_QC_28
1RB1RB_1LC0RB_0LC1RD_0RB1LA	CBT_QE_07
1RB1RB_1LC0RB_0LC1RD_1LA0LC	CBT_QC_28
1RB1RB_1LC0RB_0LC1RD_1LA0LD	CBT_QC_28
1RB1RB_1LC0RB_0LC1RD_1LA0RB	CBT_QC_28
1RB1RB_1LC0RB_0LC1RD_1LA0RC	CBT_QC_28
1RB1RB_1LC0RB_0LC1RD_1LA0RD	CBT_QC_28
1RB1RB_1LC0RB_0LC1RD_1LA1LA	CBT_QC_28
1RB1RB_1LC0RB_0LC1RD_1LA1LD	CBT_QC_28
1RB1RB_1LC0RB_0LC1RD_1LA1RC	CBT_QC_28
1RB1RB_1LC0RB_0LC1RD_1LA1RD	CBT_QC_28
1RB1RB_1LC0RB_0LC1RD_1LC1LA	CBT_QC_28
1RB1RB_1LC0RB_0LD1LA_0LD1RA	CBT_DX2_12
1RB1RB_1LC0RB_1LD1LA_0LC0RA	CBT_DX2_12
1RB1RB_1LC0RB_1LD1LA_0LC1RA	CBT_QC_28
1RB1RB_1LC0RB_1LD1LA_0LC1RC	CBT_SP_36
1RB1RB_1LC0RB_1LD1LA_0LD1RC	CBT_CE2_18
1RB1RB_1LC0RC_0LD1RC_1RA1LD	CBT_QS_08
1RB1RB_1LC0RC_1LD1RC_1RA1LD	CBT_DXQ_03
1RB1RB_1LC0RC_1RA0LD_0RA0LC	CBT_NG_18
1RB1RB_1LC0RC_1RA1LD_1RB0LD	CBT_NG_18
1RB1RB_1LC0RD_0LC1LD_0RB1RA	CBT_QC_28
1RB1RB_1LC0RD_0RA1LB_0LB1RD	CBT_LE3_01
1RB1RB_1LC0RD_0RA1LB_0LC1RD	CBT_LE5_01
1RB1RB_1LC0RD_1RA1LC_0LA1RD	CBT_SP_24
1RB1RB_1LC0RD_1RA1LC_0LC1RD	CBT_QS_08
1RB1RB_1LC0RD_1RA1LC_1LC1RD	CBT_DXQ_03
1RB1RB_1LC0RD_1RD0LB_1LB1RA	CBT_HY3_02
1RB1RB_1LC0RD_1RD1LC_0LB1RA	CBT_SPB_20
1RB1RB_1LC0RD_1RD1LC_0LC1RA	CBT_SPB_20
1RB1RB_1LC1RA_---1LD_0RA0LC	CBT_SP_36
1RB1RB_1LC1RA_0LC0LD_0RA0RB	CBT_DX2_12
1RB1RB_1LC1RA_0RA1LD_0RB0LD	CBT_LE6_00
1RB1RB_1LC1RA_0RB0LC_------	CBT_QE_07
1RB1RB_1LC1RB_---0LD_0RA1LD	CBT_DX1_12
1RB1RB_1LC1RB_0RA0LD_0RB1LD	CBT_QS_08
1RB1RB_1LC1RB_0RB1LD_0RA0LC	CBT_QC_28
1RB1RB_1LC1RB_0RB1LD_1RA0LC	CBT_QC_28
1RB1RB_1LC1RB_1RA0LD_0RB1LD	CBT_QS_08
1RB1RB_1LC1RB_1RA0LD_0RC1LD	CBT_DX1_12
1RB1RB_1LC1RB_1RA1LD_0RA0LC	CBT_SPB_20
1RB1RB_1LC1RC_1RA0LD_0RA1LD	CBT_SP2_08
1RB1RB_1LC1RC_1RA0LD_0RB1LD	CBT_SP2_08
1RB1RB_1LC1RC_1RA0LD_0RC1LD	CBT_SP2_08
1RB1RB_1LC1RC_1RA1LD_0RA0LD	CBT_NG_18
1RB1RB_1LC1RD_0LB1LA_1LB0RD	CBT_QC_28
1RB1RB_1LC1RD_0LB1LA_1LC0RD	CBT_LE6_04
1RB1RB_1LC1RD_0LC1LA_1LB0RD	CBT_CE2_18
1RB1RB_1LC1RD_0LC1LA_1LC0RD	CBT_QC_28
1RB1RB_1LC1RD_0RA1LC_1RA0LC	CBT_SP2_08
1RB1RB_1LC1RD_0RB0LC_1RA1LD	CBT_QC_28
1RB1RB_1LC1RD_0RB0LC_1RB1LA	CBT_QC_28
1RB1RB_1LC1RD_0RB1LC_1RA0LC	CBT_SP2_08
1RB1RB_1LC1RD_0RD0LC_1LB0RA	CBT_SPB_20
1RB1RB_1LC1RD_0RD0LC_1LC1RA	CBT_CE2_04
1RB1RB_1LC1RD_0RD0LC_1RA---	CBT_QC_28
1RB1RB_1LC1RD_0RD1LB_0RA0LC	CBT_SPB_29
1RB1RB_1LC1RD_0RD1LC_1RA0LC	CBT_SP2_08
1RB1RB_1LC1RD_1LA0LC_0RD1LC	CBT_CE2_15
1RB1RB_1LC1RD_1LA1LC_0LB0RD	CBT_LE_05
1RB1RB_1LC1RD_1RA1LC_0LC0RA	CBT_SP2_08
1RB1RB_1RC---_1LD0RC_0LD0LA	CBT_QC_28
1RB1RB_1RC---_1LD1RA_0RB0LD	CBT_QC_28
1RB1RB_1RC0LA_0LD0RA_1RA1LD	CBT_SP2_08
1RB1RB_1RC0LA_1LD0RC_0LD1LA	CBT_QC_28
1RB1RB_1RC0LA_1LD1RB_0RB0LD	CBT_QE_07
1RB1RB_1RC0LC_1LD0RA_1LB0RB	CBT_NG_18
1RB1RB_1RC0LD_1LA0RC_0LA1LD	CBT_SP2_08
1RB1RB_1RC0LD_1LB1RA_0RA1LD	CBT_SP2_08
1RB1RB_1RC0LD_1LB1RA_0RB1LD	CBT_SP2_08
1RB1RB_1RC0LD_1LB1RA_0RC1LD	CBT_SP2_09
1RB1RB_1RC0LD_1LD1RA_0RA1LD	CBT_SP2_09
1RB1RB_1RC0LD_1LD1RA_0RB1LD	CBT_SP2_09
1RB1RB_1RC0LD_1LD1RA_0RC1LD	CBT_SP2_09
1RB1RB_1RC0RB_1LD0RA_1RA0LC	CBT_BL_04
1RB1RB_1RC0RC_0LD1RA_0LA1LD	CBT_SPB_20
1RB1RB_1RC0RC_0LD1RA_1RC1LD	CBT_SPB_20
1RB1RB_1RC0RC_0LD1RC_1RA1LD	CBT_QS_08
1RB1RB_1RC0RC_1LD1RC_1RA1LD	CBT_DXQ_03
1RB1RB_1RC1LB_0LB1RD_0LA0RC	CBT_QC_28
1RB1RB_1RC1LB_0LB1RD_1LA0RC	CBT_QC_28
1RB1RB_1RC1LB_1LA0RD_0LB1RD	CBT_QS_08
1RB1RB_1RC1LB_1LA0RD_0LC1RD	CBT_DX1_12
1RB1RB_1RC1LB_1LA1RD_0LB0RC	CBT_QC_28
1RB1RB_1RC1LB_1LA1RD_0LC0RD	CBT_NG_18
1RB1RB_1RC1LC_1LD0RA_1LB0LB	CBT_HY_04
1RB1RB_1RC1LD_0LB0RC_0LA1LD	CBT_LE_06
1RB1RB_1RC1RC_0LD0RA_1RA1LD	CBT_SP2_09
1RB1RB_1RC1RC_1LD0RC_0LD1LA	CBT_QC_28
1RB1RB_1RC1RD_0LC1LA_1LC0RD	CBT_QC_28
1RB1RB_1RC1RD_1LA1LC_0LC0RD	CBT_CE2_15
1RB1RC_0LA---_0LD0RA_1RA1LD	CBT_SP_36
1RB1RC_0LA0LA_0RD0RC_1LD1LA	CBT_TI_02
1RB1RC_0LA0LC_0RD1LB_1LC1RD	CBT_QC_28
1RB1RC_0LA0LC_0RD1LC_1LB1RD	CBT_QS_08
1RB1RC_0LA0RA_0LD1RB_1RA1LD	CBT_SPB_21
1RB1RC_0LA0RB_0LD0RC_1LD1LA	CBT_CE3_01
1RB1RC_0LA0RB_0LD1LD_1RA1LC	CBT_DX2_12
1RB1RC_0LA0RB_0LD1RA_1LA1LD	CBT_CE3_02
1RB1RC_0LA0RB_0LD1RC_1LA1LD	CBT_CE3_01
1RB1RC_0LA0RC_0LD0RB_1LD1LA	CBT_CE3_01
1RB1RC_0LA0RC_0LD1RB_1RC1LD	CBT_QC_28
1RB1RC_0LA0RC_0LD1RC_1RB1LD	CBT_QS_08
1RB1RC_0LA0RC_1LD0LD_0RB1LA	CBT_DX2_12
1RB1RC_0LA0RC_1LD0RC_0LD1RB	CBT_QC_28
1RB1RC_0LA0RD_0LD0RC_1LD1LA	CBT_DXS_01
1RB1RC_0LA0RD_0RD0RC_1LD1LA	CBT_TI_02
1RB1RC_0LA0RD_1LD0RC_1LD1LA	CBT_DXQ_03
1RB1RC_0LA0RD_1RD1LC_0LC1RB	CBT_QC_29
1RB1RC_0LA1LA_1LD0RC_0LD0RB	CBT_DX2_12
1RB1RC_0LA1LA_1LD0RC_0LD1RB	CBT_QC_29
1RB1RC_0LA1LB_1RD0RD_0LB1RA	CBT_SPB_21
1RB1RC_0LA1LB_1RD1LB_0LC0RD	CBT_NG_18
1RB1RC_0LA1LC_0RD0LB_1LB1RD	CBT_QC_29
1RB1RC_0LA1LD_1LA0RC_0LD0RB	CBT_DX2_12
1RB1RC_0LA1RA_0LD0RB_1RB1LD	CBT_CE_03
1RB1RC_0LA1RA_1LC0LD_0RA0LC	CBT_DX2_12
1RB1RC_0LA1RA_1LC0LD_0RA1LD	CBT_SP2_09
1RB1RC_0LA1RA_1LD---_0RA0LD	CBT_DX2_12
1RB1RC_0LA1RB_0LD0RB_1RA1LD	CBT_SW_00
1RB1RC_0LA1RB_0LD0RB_1RC1LD	CBT_DX1_12
1RB1RC_0LA1RB_1LD0RA_0RB1LC	CBT_SP_24
1RB1RC_0LA1RB_1LD0RA_1LA1LC	CBT_SP_24
1RB1RC_0LA1RB_1LD0RA_1RB1LC	CBT_SP_24
1RB1RC_0LA1RB_1LD0RB_1RA1LD	CBT_SP_24
1RB1RC_0LA1RC_0LD0RB_1RB1LD	CBT_DX2_12
1RB1RC_0LB1LA_---1RD_1LB0RD	CBT_QC_29
1RB1RC_0LB1LA_0LB1RD_1LC0RD	CBT_QC_29
1RB1RC_0LB1LA_0RD1RC_1LB0RC	CBT_QC_29
1RB1RC_0LB1LA_0RD1RC_1LB0RD	CBT_QC_29
1RB1RC_0LB1LA_0RD1RD_1LB0RC	CBT_QC_29
1RB1RC_0LB1LA_1LB1RD_1LC0RD	CBT_CE2_18
1RB1RC_0LB1LA_1LD0RC_0RA1LB	CBT_DX2_12
1RB1RC_0LB1LA_1RD0LA_1LB0RD	CBT_QC_29
1RB1RC_0LB1LC_0LD0RA_1RA1LD	CBT_SP_36
1RB1RC_0LB1LC_1RA0LD_0RC1LD	CBT_SP_36
1RB1RC_0LB1RC_0LD0RA_1RA1LD	CBT_SP_36
1RB1RC_0LB1RC_1LA0RD_1LB0RD	CBT_QC_29
1RB1RC_0LB1RC_1LD1RA_0RC0LD	CBT_CE3_03
1RB1RC_0LC---_1RA1LD_0RA0LD	CBT_DX2_12
1RB1RC_0LC0LB_1RD1LB_0RA0LA	CBT_BL_05
1RB1RC_0LC0LB_1RD1LB_0RA0RB	CBT_BL_05
1RB1RC_0LC0LB_1RD1LB_0RA0RD	CBT_AST_50
1RB1RC_0LC0LB_1RD1LB_0RA1RC	CBT_BLC6_08
1RB1RC_0LC0LB_1RD1LB_0RA1RD	CBT_HY2_01
1RB1RC_0LC0LD_0RA1LB_1RC1LD	CBT_SPW_13
1RB1RC_0LC0LD_1RA0LD_0RC1LB	CBT_SW_05
1RB1RC_0LC0LD_1RA0LD_1LC1LB	CBT_SPW_17
1RB1RC_0LC0LD_1RA1LB_0RA1LD	CBT_LE_05
1RB1RC_0LC0LD_1RA1RD_1LC1LB	CBT_SP_24
1RB1RC_0LC0RA_1LA1LD_1LC0LC	CBT_SP_24
1RB1RC_0LC0RA_1RA0LD_1LC0RA	CBT_DX1_12
1RB1RC_0LC0RA_1RA1LD_1LA0LD	CBT_HY_04
1RB1RC_0LC0RA_1RA1RD_1LD0LB	CBT_SP_24
1RB1RC_0LC0RA_1RB1LD_1LC0LA	CBT_DX1_12
1RB1RC_0LC0RB_1LD1LC_1LA---	CBT_DX2_12
1RB1RC_0LC0RC_0RB1LD_1LA0LD	CBT_QC_29
1RB1RC_0LC1LA_0LB1RD_1LB0RD	CBT_CE_06
1RB1RC_0LC1LA_0LB1RD_1LC0RD	CBT_CE_06
1RB1RC_0LC1LA_0LC1RD_1LB0RD	CBT_QC_29
1RB1RC_0LC1LA_1LB1RD_1LB0RD	CBT_LE6_04
1RB1RC_0LC1LA_1LB1RD_1LC0RD	CBT_QC_29
1RB1RC_0LC1LA_1LC1RD_1LB0RD	CBT_QS_08
1RB1RC_0LC1LB_1RD1LA_0LA0RD	CBT_DX2_12
1RB1RC_0LC1RA_0RA1LD_0LC0LA	CBT_SP_24
1RB1RC_0LC1RA_0RA1LD_0LC0RA	CBT_SP_24
1RB1RC_0LC1RA_1LA1LD_0RA0LC	CBT_SPW_17
1RB1RC_0LC1RA_1LA1LD_1LA0LC	CBT_SPW_17
1RB1RC_0LC1RA_1LA1LD_1LB0LC	CBT_SPW_17
1RB1RC_0LC1RA_1LD0RB_1RB1LD	CBT_SPB_21
1RB1RC_0LC1RB_1LD0RB_0RA1LC	CBT_LE3_01
1RB1RC_0LC1RB_1RA1LD_1LC0RB	CBT_QC_29
1RB1RC_0LC1RB_1RD1LC_1LA0RB	CBT_QS_08
1RB1RC_0LC1RD_1LA1LC_0LC0RD	CBT_CE2_15
1RB1RC_0LC1RD_1RB1LC_0LA0RB	CBT_QC_29
1RB1RC_0LC1RD_1RB1LC_1LA0RB	CBT_QC_29
1RB1RC_0RC---_0LD0RB_0LA1LD	CBT_DX2_12
1RB1RC_0RC0LA_0RD0RC_1LD1LA	CBT_TI_02
1RB1RC_0RC0LA_1LC0LD_1RB1LB	CBT_DX0_02
1RB1RC_0RC0LB_1LD1RA_0RA1LB	CBT_LE6_02
1RB1RC_0RC0LB_1RD1RA_1LD1LB	CBT_QC_29
1RB1RC_0RC0LC_1LA0RD_1LC0RB	CBT_CE_03
1RB1RC_0RC0LD_1LD0RB_1LA1LA	CBT_DX2_12
1RB1RC_0RC0LD_1LD0RC_1LA1LA	CBT_QC_29
1RB1RC_0RC0LD_1LD1RC_0RA1LB	CBT_QC_29
1RB1RC_0RC0LD_1RD0RA_1LB1LD	CBT_NG_18
1RB1RC_0RC0RA_0LD1RA_1LD0LA	CBT_NG_18
1RB1RC_0RC0RB_1LD0LA_1LC0RB	CBT_SP_24
1RB1RC_0RC0RD_0LD0RC_1LD1LA	CBT_DXS_01
1RB1RC_0RC0RD_0RD0RC_1LD1LA	CBT_TI_02
1RB1RC_0RC0RD_1LA1LC_0LC0RB	CBT_SP2_09
1RB1RC_0RC0RD_1LC0LD_1RA0LA	CBT_RW_04
1RB1RC_0RC0RD_1LD0LA_1LC0RB	CBT_SP_24
1RB1RC_0RC0RD_1LD0RC_1LD1LA	CBT_DXQ_03
1RB1RC_0RC1LA_1LD0RB_0LD1RC	CBT_QE_07
1RB1RC_0RC1LB_1LA1RD_1RA0LB	CBT_SPB_21
1RB1RC_0RC1LB_1LD1RC_0RA0LB	CBT_QS_08
1RB1RC_0RC1LB_1LD1RC_1LA0LB	CBT_QS_08
1RB1RC_0RC1LB_1LD1RC_1RA0LB	CBT_QS_08
1RB1RC_0RC1LB_1LD1RD_1RA0LB	CBT_LEF_03
1RB1RC_0RC1LD_1LB1RC_0RA0LB	CBT_QC_29
1RB1RC_0RC1LD_1LB1RC_1RA0LB	CBT_QC_29
1RB1RC_0RC1RA_0LD0RB_1LD0LA	CBT_DX2_13
1RB1RC_0RC1RA_1LC0LD_0RA1LD	CBT_SP2_09
1RB1RC_0RC1RA_1LD0RB_0LD1LA	CBT_DX0_02
1RB1RC_0RC1RB_1LD0RA_1LA1LC	CBT_SP_24
1RB1RC_0RC1RD_0LD0RB_1LD0LA	CBT_DX2_13
1RB1RC_0RC1RD_1LA1LC_0LC0RD	CBT_CE2_15
1RB1RC_1LA---_1LD0RC_0LD1RB	CBT_QC_30
1RB1RC_1LA---_1RA0LD_0RA1LD	CBT_SP_36
1RB1RC_1LA---_1RA0LD_0RC1LD	CBT_SP_36
1RB1RC_1LA0LA_0RC1LD_0RB0LD	CBT_DX2_13
1RB1RC_1LA0LA_0RD0RC_1LD1LA	CBT_TI_02
1RB1RC_1LA0LA_1LD0RC_0LD0RB	CBT_DX2_13
1RB1RC_1LA0LB_0RD0LA_1LB0RC	CBT_DX2_13
1RB1RC_1LA0LB_0RD0RD_1LB0RC	CBT_DX2_13
1RB1RC_1LA0LB_1LD0RC_0RA1LB	CBT_DX2_13
1RB1RC_1LA0LB_1LD0RD_1LB0RC	CBT_LE4_01
1RB1RC_1LA0LB_1RD0RC_1LB0RD	CBT_DX2_13
1RB1RC_1LA0LB_1RD0RC_1LB1LC	CBT_DX2_13
1RB1RC_1LA0LB_1RD0RC_1LB1RC	CBT_QC_29
1RB1RC_1LA0LB_1RD0RC_1LD1LB	CBT_DX2_13
1RB1RC_1LA0LD_1LB0RC_---1LA	CBT_DX2_13
1RB1RC_1LA0LD_1LB0RC_0LB0RD	CBT_DX2_13
1RB1RC_1LA0LD_1LB0RC_0RA0LB	CBT_LE_00
1RB1RC_1LA0LD_1LB0RD_0RC1LA	CBT_DX2_13
1RB1RC_1LA0LD_1LD0RC_1LA1LA	CBT_QC_29
1RB1RC_1LA0LD_1RA1LB_0RA1LD	CBT_SP2_09
1RB1RC_1LA0LD_1RC1LB_0LB0RC	CBT_QC_29
1RB1RC_1LA0LD_1RC1LD_0LB0RC	CBT_QC_29
1RB1RC_1LA0RA_0RB1LD_1LC0LD	CBT_SP3_00
1RB1RC_1LA0RC_0LD1LC_1RA1LB	CBT_SP_24
1RB1RC_1LA0RC_0LD1RC_1RB1LD	CBT_QS_08
1RB1RC_1LA0RC_0RA1LD_0LC1LD	CBT_SW_05
1RB1RC_1LA0RC_1LD0LA_0RB0LD	CBT_DX2_13
1RB1RC_1LA0RC_1LD0RB_1LD1LA	CBT_SP_24
1RB1RC_1LA0RC_1LD0RC_0LD0RB	CBT_QC_29
1RB1RC_1LA0RD_0LC0RB_1LC0RD	CBT_QC_29
1RB1RC_1LA0RD_0LC0RB_1LC1RD	CBT_QC_29
1RB1RC_1LA0RD_0LD0RC_1LD1LA	CBT_DXS_01
1RB1RC_1LA0RD_0RD0RC_1LD1LA	CBT_TI_02
1RB1RC_1LA0RD_1LD0RC_1LD1LA	CBT_DXQ_03
1RB1RC_1LA0RD_1RB1LC_0LB1RD	CBT_DX1_12
1RB1RC_1LA0RD_1RB1LC_0LC1RD	CBT_QS_08
1RB1RC_1LA0RD_1RD1LC_0LC1RB	CBT_QC_29
1RB1RC_1LA1LA_1LD0RC_0LD0RB	CBT_DX2_13
1RB1RC_1LA1LB_1LA0RD_0RC0LB	CBT_SP_36
1RB1RC_1LA1LB_1LA0RD_0RC0LC	CBT_DX2_13
1RB1RC_1LA1LC_1LB0RD_0LC1RD	CBT_QC_29
1RB1RC_1LA1LD_0LB1RC_1LB0RC	CBT_QC_29
1RB1RC_1LA1LD_0LD1RC_1LB0RC	CBT_QC_29
1RB1RC_1LA1LD_0RB0RC_1LB0LB	CBT_CE3_04
1RB1RC_1LA1LD_1LA0RC_0RA0LB	CBT_LE6_04
1RB1RC_1LA1LD_1LB0RC_0RA0LB	CBT_DX2_13
1RB1RC_1LA1LD_1LB0RC_1RC0LB	CBT_SP_36
1RB1RC_1LA1LD_1RA0LB_0RA1LB	CBT_SP_36
1RB1RC_1LA1RA_---1LD_0RA0LD	CBT_DX2_13
1RB1RC_1LA1RA_1LC0LD_0RA1LD	CBT_SP2_09
1RB1RC_1LA1RA_1LC0LD_0RB1LD	CBT_LE_04
1RB1RC_1LA1RA_1LD0RC_0LD0LB	CBT_DX2_13
1RB1RC_1LA1RA_1LD0RC_0LD1LB	CBT_QC_29
1RB1RC_1LA1RB_1LD0RC_0LD1LB	CBT_QC_29
1RB1RC_1LA1RC_0LD0RB_1RB1LD	CBT_QC_29
1RB1RC_1LA1RC_0RC1LD_1LA0LD	CBT_QC_29
1RB1RC_1LA1RD_0RB1LC_1RB0LC	CBT_QC_29
1RB1RC_1LA1RD_0RD0LC_1LC0RB	CBT_QC_29
1RB1RC_1LA1RD_0RD1LC_1RB0LC	CBT_QC_29
1RB1RC_1LA1RD_1RB1LC_0LC0RB	CBT_QC_29
1RB1RC_1LB0RA_1LD0RC_0LD0LA	CBT_DX2_13
1RB1RC_1LB0RC_0RB1LD_1LA0LD	CBT_QC_30
1RB1RC_1LB1LA_1LD0RC_0LD0RA	CBT_DX2_13
1RB1RC_1LB1LA_1LD0RC_0LD1RA	CBT_DX2_13
1RB1RC_1LB1LA_1RA0LD_0RA1LD	CBT_SP_36
1RB1RC_1LB1LA_1RA0LD_0RC1LD	CBT_SP_36
1RB1RC_1LB1LA_1RD0LC_0RD0LA	CBT_DX2_13
1RB1RC_1LB1LC_0RD0LB_1RA1RC	CBT_SP3_00
1RB1RC_1LB1LC_1RA0LD_0RA1LD	CBT_SP_36
1RB1RC_1LB1LC_1RA0LD_0RC1LD	CBT_SP_36
1RB1RC_1LB1LC_1RD0LC_0RD1LA	CBT_QC_30
1RB1RC_1LB1RA_0RD0LD_1LB0RC	CBT_QC_30
1RB1RC_1LB1RA_1LA1LD_0RA0LC	CBT_SP_24
1RB1RC_1LB1RA_1LA1LD_1LA0LC	CBT_SP_24
1RB1RC_1LB1RA_1LC0LD_0RA1LD	CBT_SP2_09
1RB1RC_1LB1RA_1LC0LD_0RB1LD	CBT_LE_08
1RB1RC_1LB1RA_1LD0RC_0LB0LA	CBT_DX1_12
1RB1RC_1LB1RA_1LD0RC_0LD1LB	CBT_QC_30
1RB1RC_1LB1RC_0RC1LD_1LA0LD	CBT_QC_30
1RB1RC_1LB1RC_1RA0LD_0RA1LD	CBT_SP_36
1RB1RC_1LB1RC_1RA0LD_0RC1LD	CBT_SP_36
1RB1RC_1LC---_1LD1RA_0RA0LD	CBT_DX2_13
1RB1RC_1LC0LA_0RD1LB_0LB1RD	CBT_LE_08
1RB1RC_1LC0LA_0RD1LB_0LC1RD	CBT_LE_04
1RB1RC_1LC0LA_1RA0LD_0RA1LD	CBT_SP_36
1RB1RC_1LC0LA_1RA0LD_0RC1LD	CBT_SP_36
1RB1RC_1LC0LA_1RD0LB_0RA0RD	CBT_NG_18
1RB1RC_1LC0LB_0RC1LD_1RA0LD	CBT_DX2_13
1RB1RC_1LC0LB_0RC1LD_1RA1LA	CBT_DX2_13
1RB1RC_1LC0LB_0RC1LD_1RA1LB	CBT_QC_30
1RB1RC_1LC0LB_0RD0LB_1RA1RC	CBT_RW_04
1RB1RC_1LC0LB_1RD0LB_0RD0LA	CBT_DX2_13
1RB1RC_1LC0LB_1RD1LA_0RD0LA	CBT_DX2_13
1RB1RC_1LC0LB_1RD1LB_1RA0RD	CBT_LE3_02
1RB1RC_1LC0LC_1RD0LB_0LA0RD	CBT_HY3_03
1RB1RC_1LC0LC_1RD0LB_0RD0LA	CBT_DX2_13
1RB1RC_1LC0LD_0RA1LB_1LA1LC	CBT_SP_24
1RB1RC_1LC0LD_0RA1LB_1LA1RC	CBT_SP_24
1RB1RC_1LC0LD_0RD1LB_0RA1RD	CBT_SP_24
1RB1RC_1LC0LD_1RA0LB_1RB0RC	CBT_SP_24
1RB1RC_1LC0LD_1RA0LD_0RA1LD	CBT_SP_36
1RB1RC_1LC0LD_1RA0LD_0RC1LB	CBT_DX1_12
1RB1RC_1LC0LD_1RA0LD_0RC1LD	CBT_SP_36
1RB1RC_1LC0LD_1RA0LD_1LC1LB	CBT_SP_24
1RB1RC_1LC0LD_1RA1LB_0RA1LD	CBT_SP2_09
1RB1RC_1LC0LD_1RA1RD_1LC1LB	CBT_SPW_17
1RB1RC_1LC0RA_0LD1LB_1LA0LA	CBT_NG_18
1RB1RC_1LC0RA_0LD1LB_1LA0LC	CBT_NG_18
1RB1RC_1LC0RA_0LD1LB_1LA1LB	CBT_NG_18
1RB1RC_1LC0RA_0RB1LD_1LC0LD	CBT_SP3_00
1RB1RC_1LC0RA_0RD0LB_1RA1RD	CBT_SPW_13
1RB1RC_1LC0RA_1LA1LD_1LC0LC	CBT_SP_24
1RB1RC_1LC0RA_1LD0LB_0RB0LC	CBT_SW_05
1RB1RC_1LC0RA_1LD0LB_1RB0LC	CBT_SPW_17
1RB1RC_1LC0RA_1LD1RA_0RB0LD	CBT_NG_18
1RB1RC_1LC0RA_1RA0LB_------	CBT_SP_24
1RB1RC_1LC0RA_1RA0LD_1LC0RA	CBT_SP_25
1RB1RC_1LC0RA_1RA0RD_0LB1LD	CBT_SP_25
1RB1RC_1LC0RA_1RD0LB_0RA0LA	CBT_DX0_02
1RB1RC_1LC0RA_1RD0LB_1LA0RD	CBT_SPW_13
1RB1RC_1LC0RA_1RD0LB_1LA1RC	CBT_SP_25
1RB1RC_1LC0RA_1RD0LB_1RA0LA	CBT_SP_25
1RB1RC_1LC0RA_1RD0LB_1RA1RD	CBT_SP_25
1RB1RC_1LC0RB_0LC0RD_1LA1RD	CBT_QC_30
1RB1RC_1LC0RB_0LC1RD_0RB0LA	CBT_QE_07
1RB1RC_1LC0RB_0LC1RD_0RB1LA	CBT_QE_07
1RB1RC_1LC0RB_1LD1RA_0RD0LC	CBT_QC_30
1RB1RC_1LC0RB_1RA0LD_0RA0LC	CBT_CE_03
1RB1RC_1LC0RB_1RA0LD_0RA1LD	CBT_SP2_09
1RB1RC_1LC0RB_1RA0LD_0RC1LD	CBT_SP2_09
1RB1RC_1LC0RC_0RA1LD_0LB0LD	CBT_NG_18
1RB1RC_1LC0RC_0RA1LD_0LC1LD	CBT_SW_05
1RB1RC_1LC0RC_0RB1LD_1LA0LD	CBT_QC_30
1RB1RC_1LC0RC_1RA0LD_0LC1LD	CBT_HY2_00
1RB1RC_1LC0RD_0LC1RD_0RB0LA	CBT_QE_07
1RB1RC_1LC0RD_0LC1RD_0RB1LA	CBT_QE_07
1RB1RC_1LC0RD_0RC0LD_1RA0LA	CBT_BR_05
1RB1RC_1LC0RD_1LA0LC_0RD0LA	CBT_DX2_13
1RB1RC_1LC0RD_1LA0LC_0RD1LC	CBT_QC_30
1RB1RC_1LC0RD_1LA1LB_0LB1RD	CBT_SP_36
1RB1RC_1LC0RD_1LA1LB_0LC1RD	CBT_SP_37
1RB1RC_1LC0RD_1LD0LB_0RA0LB	CBT_NG_18
1RB1RC_1LC0RD_1LD0LB_1RB1RA	CBT_BLC6_08
1RB1RC_1LC0RD_1RA0LB_1RB---	CBT_SP_25
1RB1RC_1LC0RD_1RA0LB_1RD0RA	CBT_SP_25
1RB1RC_1LC0RD_1RA0LD_0LB1RB	CBT_NG_18
1RB1RC_1LC0RD_1RA1LB_0LB1RD	CBT_QC_30
1RB1RC_1LC0RD_1RA1LB_0LC1RD	CBT_QC_30
1RB1RC_1LC0RD_1RD0LD_1LB0RA	CBT_AST_12
1RB1RC_1LC1LA_0LB1RD_1LB0RD	CBT_QC_30
1RB1RC_1LC1LA_0LB1RD_1LC0RD	CBT_LE6_04
1RB1RC_1LC1LA_0LC1RD_1LB0RD	CBT_CE2_18
1RB1RC_1LC1LA_1RA0LD_0RA1LD	CBT_SP_37
1RB1RC_1LC1LA_1RA0LD_0RC1LD	CBT_SP_37
1RB1RC_1LC1LB_1RA0LD_0RC1LD	CBT_LE_08
1RB1RC_1LC1LD_1RA0LD_0RA1LD	CBT_LE_08
1RB1RC_1LC1LD_1RA0LD_0RC1LB	CBT_LE_04
1RB1RC_1LC1LD_1RA0LD_0RC1LD	CBT_LE_06
1RB1RC_1LC1LD_1RA1RB_0LA0LB	CBT_SP_25
1RB1RC_1LC1LD_1RA1RB_0RC0LB	CBT_SP_25
1RB1RC_1LC1LD_1RA1RB_1LA0LB	CBT_SP_25
1RB1RC_1LC1LD_1RA1RB_1LC0LB	CBT_SP_25
1RB1RC_1LC1LD_1RD0LB_0RA1RC	CBT_NG_18
1RB1RC_1LC1RA_---1LD_0RA0LD	CBT_CE2_01
1RB1RC_1LC1RA_0LB0LD_0RA1LD	CBT_LE_08
1RB1RC_1LC1RA_0RB0LC_------	CBT_QE_07
1RB1RC_1LC1RA_0RB1LD_0RB0LD	CBT_NG_18
1RB1RC_1LC1RA_0RD0LC_0RB1LA	CBT_CE2_15
1RB1RC_1LC1RA_0RD0LC_1LB0RB	CBT_SP_37
1RB1RC_1LC1RA_0RD0LC_1RA---	CBT_QC_30
1RB1RC_1LC1RA_1LA1LD_0LB0LC	CBT_SPW_17
1RB1RC_1LC1RA_1LA1LD_0RA0LC	CBT_SPW_18
1RB1RC_1LC1RA_1LA1LD_1LA0LC	CBT_SPW_18
1RB1RC_1LC1RA_1LA1LD_1LB0LC	CBT_SPW_18
1RB1RC_1LC1RA_1LC0LD_0RA1LD	CBT_SP2_09
1RB1RC_1LC1RA_1RA0LD_0RA1LD	CBT_SP_37
1RB1RC_1LC1RA_1RA0LD_0RC1LD	CBT_SP_37
1RB1RC_1LC1RA_1RB0LD_0RA1LD	CBT_LEF_03
1RB1RC_1LC1RA_1RB0LD_0RB1LD	CBT_LE2_00
1RB1RC_1LC1RA_1RB0LD_0RC1LD	CBT_LE2_00
1RB1RC_1LC1RA_1RD0LC_1LD0RB	CBT_QC_30
1RB1RC_1LC1RB_1LD0RA_1LA1LC	CBT_SP_25
1RB1RC_1LC1RB_1RA0LD_0RA1LD	CBT_SP2_09
1RB1RC_1LC1RB_1RA0LD_0RC1LD	CBT_SP2_09
1RB1RC_1LC1RC_0RA1LD_1RC0LD	CBT_RW_04
1RB1RC_1LC1RC_1RA0LD_0RA1LD	CBT_SP2_09
1RB1RC_1LC1RC_1RA0LD_0RB1LD	CBT_LE_08
1RB1RC_1LC1RC_1RA0LD_0RC1LD	CBT_SP2_09
1RB1RC_1LC1RC_1RA1LD_0RA0LD	CBT_NG_18
1RB1RC_1LC1RD_0RB0LC_1RA0RD	CBT_CE2_15
1RB1RC_1LC1RD_0RB0LC_1RB0LA	CBT_QE_07
1RB1RC_1LC1RD_0RB0LC_1RB1LA	CBT_QE_07
1RB1RC_1LC1RD_0RD0LC_1LC1RA	CBT_CE2_04
1RB1RC_1LC1RD_0RD0LC_1RA---	CBT_QC_30
1RB1RC_1LC1RD_1LA0LB_0RA0RC	CBT_SPW_13
1RB1RC_1LC1RD_1LA0LC_0RD1LC	CBT_CE2_15
1RB1RC_1LC1RD_1LA1LC_0LB0RD	CBT_LE_05
1RB1RC_1LC1RD_1LD0LB_0RA1LB	CBT_RW_04
1RB1RC_1LC1RD_1LD0LB_0RA1LC	CBT_RW_04
1RB1RC_1LC1RD_1RA0LB_0LD0RA	CBT_SP_25
1RB1RC_1LC1RD_1RA0LD_1LC0LB	CBT_SP_25
1RB1RC_1RC0LA_0RD0RC_1LD1LA	CBT_TI_02
1RB1RC_1RC0LD_1LD0RC_1LA1LA	CBT_QC_30
1RB1RC_1RC0RA_1LA1LD_1LC0LC	CBT_SP_25
1RB1RC_1RC0RA_1LD0RB_1LB0LC	CBT_SPW_13
1RB1RC_1RC0RB_0LD0RB_0LA1LD	CBT_HY_04
1RB1RC_1RC0RB_0LD1RB_0LA1LD	CBT_BLC6_08
1RB1RC_1RC0RD_0LD0RC_1LD1LA	CBT_DXS_01
1RB1RC_1RC0RD_0RD0RC_1LD1LA	CBT_TI_02
1RB1RC_1RC0RD_1LA1LC_0LC0RB	CBT_SP2_09
1RB1RC_1RC0RD_1LD0RC_1LD1LA	CBT_DXQ_03
1RB1RC_1RC1LA_1LD1RB_0RB0LD	CBT_QC_30
1RB1RC_1RC1LB_0LB0RD_0LA1RD	CBT_DX1_12
1RB1RC_1RC1LB_0LB1RD_0LA0RC	CBT_QC_30
1RB1RC_1RC1LB_1LA1RD_0LB0RC	CBT_QC_30
1RB1RC_1RC1LD_0LB0RC_1LB0LA	CBT_QE_07
1RB1RC_1RC1LD_0LB0RC_1LB0RA	CBT_QE_07
1RB1RC_1RC1LD_0LD0RC_1LB1LA	CBT_QE_07
1RB1RC_1RC1LD_0LD1RA_1LB0RC	CBT_SP2_09
1RB1RC_1RC1LD_1LB1RA_0RA0LB	CBT_SP2_09
1RB1RC_1RC1RA_1LA1LD_0LB0LC	CBT_SP_25
1RB1RC_1RC1RA_1LA1LD_0RA0LC	CBT_SP_25
1RB1RC_1RC1RA_1LA1LD_1LA0LC	CBT_SP_25
1RB1RC_1RC1RA_1LA1LD_1LB0LC	CBT_SP_25
1RB1RC_1RC1RA_1LC0LD_0RA1LD	CBT_SP2_09
1RB1RC_1RC1RA_1LC0LD_0RB1LD	CBT_LE_05
1RB1RC_1RC1RA_1LD0RB_1LA0LC	CBT_SP_25
1RB1RC_1RC1RA_1LD0RB_1RA0LC	CBT_SP_25
1RB1RC_1RC1RA_1LD0RC_0LD1LB	CBT_QC_30
1RB1RC_1RC1RB_0LD0RA_1LB1LD	CBT_TA_11
1RB1RC_1RC1RD_1LA1LC_0LC0RD	CBT_CE2_15
1RB1RD_0LB0LC_1RA1LC_0LC0RA	CBT_SP_37
1RB1RD_0LB0RC_0LD0RB_1LA1LD	CBT_QC_30
1RB1RD_0LB1LC_0RA---_1LB0RD	CBT_QC_30
1RB1RD_0LB1LC_0RA0LB_1LA0RD	CBT_DX2_13
1RB1RD_0LB1LC_0RA0LB_1LB1RA	CBT_SP_37
1RB1RD_0LB1LC_0RA1LB_1LA0RD	CBT_CE2_17
1RB1RD_0LB1LC_0RA1LB_1RA0LB	CBT_SP_37
1RB1RD_0LB1LC_0RA1LB_1RA0RC	CBT_SP3_00
1RB1RD_0LB1LC_0RA1LC_1RA0LC	CBT_SP_37
1RB1RD_0LB1LC_0RC1RA_1LB0RD	CBT_QC_30
1RB1RD_0LB1LC_0RD1LC_1RA0LC	CBT_SP_37
1RB1RD_0LB1LC_1LA1RA_1LB0RD	CBT_QC_30
1RB1RD_0LB1LC_1LA1RC_1LB0RD	CBT_QC_30
1RB1RD_0LB1LC_1LD0RA_1RA0LC	CBT_NG_18
1RB1RD_0LB1LC_1RA0RA_1LB0RD	CBT_QC_30
1RB1RD_0LB1LC_1RA0RB_1LB0RD	CBT_QC_30
1RB1RD_0LB1LC_1RA1LC_0LC0RA	CBT_SP_37
1RB1RD_0LB1LC_1RA1RA_1LB0RD	CBT_QC_30
1RB1RD_0LB1LC_1RB0RA_1LB0RD	CBT_QC_30
1RB1RD_0LB1LC_1RB1RA_1LB0RD	CBT_QC_30
1RB1RD_0LB1LC_1RC1RA_1LB0RD	CBT_QC_30
1RB1RD_0LB1RC_0LA0RD_1LB0RD	CBT_QC_30
1RB1RD_0LB1RC_0LA1LA_1LB0RD	CBT_QC_30
1RB1RD_0LB1RC_0LD0RC_1LA1LD	CBT_CE2_15
1RB1RD_0LB1RC_1LA---_1LB0RD	CBT_QC_30
1RB1RD_0LB1RC_1LB1LA_1LB0RD	CBT_QC_30
1RB1RD_0LB1RC_1LB1LA_1LC0RD	CBT_CE2_18
1RB1RD_0LB1RC_1LD1RA_0RC0LD	CBT_CE2_04
1RB1RD_0LC---_0RA1LC_1RA0LC	CBT_SP_37
1RB1RD_0LC---_0RD1LB_1LC0RA	CBT_SP_37
1RB1RD_0LC---_0RD1LC_1RA0LC	CBT_SP_37
1RB1RD_0LC---_1RA1LC_0LC0RA	CBT_SP_37
1RB1RD_0LC0LA_1LC1LA_0RC0RD	CBT_DXQ_03
1RB1RD_0LC0LB_1RC0RD_1LB1RA	CBT_DX1_12
1RB1RD_0LC0LC_0RA1LC_1RA1LB	CBT_SP2_09
1RB1RD_0LC0LD_0RD1LC_1RA1LB	CBT_SP_25
1RB1RD_0LC0LD_1LA1RC_1LB0RD	CBT_LE6_04
1RB1RD_0LC0LD_1LD1LC_1RA1LB	CBT_SPW_18
1RB1RD_0LC0RA_1LA0LD_1RA1LC	CBT_SP3_00
1RB1RD_0LC0RA_1LD1RC_0RB1LB	CBT_NG_18
1RB1RD_0LC0RA_1RA0LD_0RB1LC	CBT_LE4_04
1RB1RD_0LC0RA_1RA1LB_1LC1RC	CBT_RW_04
1RB1RD_0LC0RA_1RA1LC_0LC1RB	CBT_CE_03
1RB1RD_0LC0RA_1RA1LC_0LD1RB	CBT_SPB_21
1RB1RD_0LC0RA_1RA1LC_1LA1RB	CBT_SP2_09
1RB1RD_0LC0RA_1RA1LC_1LC1RB	CBT_SP2_09
1RB1RD_0LC0RA_1RA1LC_1RB0LA	CBT_SP2_09
1RB1RD_0LC0RA_1RA1LC_1RB1RB	CBT_SP2_09
1RB1RD_0LC0RB_0LD1LC_1RA0LA	CBT_SP2_09
1RB1RD_0LC0RB_1LA1LC_0LC1RD	CBT_CE3_01
1RB1RD_0LC0RB_1LD1LC_1RA0LB	CBT_SP_25
1RB1RD_0LC0RB_1RA0LD_1LC0RA	CBT_LE3_01
1RB1RD_0LC0RC_0RC1LD_1LA0LD	CBT_QC_30
1RB1RD_0LC0RC_1LC1LA_0LC0RD	CBT_DXS_01
1RB1RD_0LC0RC_1LC1LA_0RC0RD	CBT_DXQ_03
1RB1RD_0LC0RC_1LC1LA_1LC0RD	CBT_DXQ_03
1RB1RD_0LC0RD_1LA1LC_0LA1RB	CBT_NG_18
1RB1RD_0LC0RD_1LC1LA_0LA0RB	CBT_CE3_02
1RB1RD_0LC1LA_1LB1RD_1LC0RD	CBT_SP_37
1RB1RD_0LC1LB_0RA1LC_1RA0RB	CBT_LE2_01
1RB1RD_0LC1LB_0RD1LC_1RA0RB	CBT_LE_08
1RB1RD_0LC1LB_1RC1LA_1RA0RA	CBT_NG_18
1RB1RD_0LC1LB_1RD1LA_0RA0RD	CBT_AST_14
1RB1RD_0LC1LC_0RD1LB_1RA0RC	CBT_LE_04
1RB1RD_0LC1LD_0RD1LC_1RA0LB	CBT_SP_25
1RB1RD_0LC1LD_1LD1LC_1RA0LB	CBT_SP_25
1RB1RD_0LC1RA_0RA1LC_1LD0LC	CBT_SP2_09
1RB1RD_0LC1RA_0RB1LC_1LD0LC	CBT_LE_05
1RB1RD_0LC1RA_1LA1LB_1LC0RA	CBT_QE_07
1RB1RD_0LC1RA_1RB1LC_0LB0RB	CBT_SPB_21
1RB1RD_0LC1RA_1RB1LC_0LC0RB	CBT_SPB_21
1RB1RD_0LC1RA_1RB1LC_0LD0RB	CBT_SPB_21
1RB1RD_0LC1RA_1RB1LC_0RB0LA	CBT_SPB_21
1RB1RD_0LC1RA_1RB1LC_0RB0RB	CBT_SPB_21
1RB1RD_0LC1RA_1RB1LC_1LA0RB	CBT_SPB_21
1RB1RD_0LC1RA_1RB1LC_1LC0RB	CBT_SPB_21
1RB1RD_0LC1RA_1RB1LC_1RB0RB	CBT_SPB_21
1RB1RD_0LC1RB_0RA1LD_1LC0RB	CBT_LE3_01
1RB1RD_0LC1RB_0RB1LD_1LC0RA	CBT_SPW_13
1RB1RD_0LC1RB_1LA0RB_1RC1LD	CBT_DX1_12
1RB1RD_0LC1RB_1LA1LD_1LC0RA	CBT_SPW_13
1RB1RD_0LC1RB_1LD0RB_1RA1LC	CBT_QC_30
1RB1RD_0LC1RB_1RA1LC_0LB0RB	CBT_QS_08
1RB1RD_0LC1RB_1RA1LC_0LC0RB	CBT_QS_08
1RB1RD_0LC1RB_1RA1LC_0LD0RB	CBT_DX1_12
1RB1RD_0LC1RB_1RA1LC_0RB0LA	CBT_DX1_12
1RB1RD_0LC1RB_1RA1LC_0RB0RB	CBT_QS_08
1RB1RD_0LC1RB_1RA1LC_0RC0RB	CBT_QS_08
1RB1RD_0LC1RB_1RA1LC_1LA0RB	CBT_QS_08
1RB1RD_0LC1RB_1RA1LC_1LB0RB	CBT_QS_08
1RB1RD_0LC1RB_1RA1LC_1LC0RB	CBT_QS_08
1RB1RD_0LC1RB_1RA1LC_1RA0RB	CBT_QS_08
1RB1RD_0LC1RB_1RA1LC_1RB0RB	CBT_QS_08
1RB1RD_0LC1RB_1RA1LC_1RC0RB	CBT_DX1_12
1RB1RD_0LC1RB_1RB1LD_1LC0RA	CBT_SPW_13
1RB1RD_0LC1RC_1LB1LA_1LC0RD	CBT_SPB_21
1RB1RD_0LC1RD_1LB1LA_1LC0RD	CBT_SP_37
1RB1RD_0LC1RD_1RB1LC_1LA0RB	CBT_QC_30
1RB1RD_0RC0LA_1LC1LA_0RB0RD	CBT_SPW_14
1RB1RD_0RC0LA_1LC1LA_0RC0RD	CBT_TI_02
1RB1RD_0RC0LB_1LD0RA_1LB1RC	CBT_SPB_21
1RB1RD_0RC0LC_1LA0RD_1LC0RB	CBT_CE_03
1RB1RD_0RC0LC_1LA1LA_1LC0RD	CBT_QC_31
1RB1RD_0RC0RB_1LC0LA_1LA1LB	CBT_SP_25
1RB1RD_0RC0RB_1LC0LA_1LB---	CBT_SP_25
1RB1RD_0RC0RB_1LC0LA_1LD0RB	CBT_SP_25
1RB1RD_0RC0RC_1LC1LA_0LC0RD	CBT_DXS_01
1RB1RD_0RC0RC_1LC1LA_0RC0RD	CBT_TI_02
1RB1RD_0RC0RC_1LC1LA_1LC0RD	CBT_DXQ_03
1RB1RD_0RC0RD_1LC0LA_0RB0RB	CBT_SPW_14
1RB1RD_0RC0RD_1LC0LA_0RB1LD	CBT_SP4_00
1RB1RD_0RC0RD_1LC0LA_1LB0RB	CBT_SP_25
1RB1RD_0RC1LA_1LD0RB_0LD1RC	CBT_QE_07
1RB1RD_0RC1LB_1LA1RA_1RA0LB	CBT_LE_06
1RB1RD_0RC1LB_1LA1RD_1RA0LB	CBT_SP2_09
1RB1RD_0RC1LB_1LC1RD_1RA0LB	CBT_SP2_09
1RB1RD_0RC1LB_1LD1RC_1LA0LB	CBT_QS_08
1RB1RD_0RC1LD_0LD0LA_1LB0RA	CBT_SP_25
1RB1RD_0RC1LD_0LD1RC_1LB0RA	CBT_SP_25
1RB1RD_0RC1LD_1LA0LA_1LB0RA	CBT_SP_25
1RB1RD_0RC1LD_1LA1RC_1LB0RA	CBT_SPW_14
1RB1RD_0RC1LD_1LB1RC_1RA0LB	CBT_QC_31
1RB1RD_0RC1LD_1LC0LA_0RD0RB	CBT_SPW_18
1RB1RD_0RC1LD_1LD0LA_1LB0RA	CBT_SPW_14
1RB1RD_0RC1LD_1LD1RC_1LB0RA	CBT_SPW_14
1RB1RD_0RC1LD_1RD0LA_1LB0RA	CBT_SP_25
1RB1RD_0RC1LD_1RD1RC_1LB0RA	CBT_SPW_14
1RB1RD_1LB0LC_0RA1LC_1RA0LC	CBT_SP_37
1RB1RD_1LB0LC_0RA1LC_1RA1LB	CBT_SP2_09
1RB1RD_1LB0LC_0RA1LC_1RA1RB	CBT_LE_06
1RB1RD_1LB0LC_0RD1LC_1RA0LC	CBT_SP_37
1RB1RD_1LB0LC_0RD1LC_1RA1RB	CBT_SP2_09
1RB1RD_1LB0LC_1RA1LC_0LC0RA	CBT_SP_37
1RB1RD_1LB0RC_0RC1LD_1LA0LD	CBT_QC_31
1RB1RD_1LB0RC_1LC1LA_0LC0RD	CBT_DXS_01
1RB1RD_1LB0RC_1LC1LA_0RC0RD	CBT_TI_02
1RB1RD_1LB0RC_1LC1LA_1LC0RD	CBT_DXQ_03
1RB1RD_1LB1LC_0RA0LB_1LB1RA	CBT_SP_37
1RB1RD_1LB1LC_0RA0LC_---1RA	CBT_DX2_13
1RB1RD_1LB1LC_0RA1LB_1RA0LB	CBT_SP_37
1RB1RD_1LB1LC_0RA1LC_1RA0LC	CBT_SP_37
1RB1RD_1LB1LC_0RD0LC_1RA1RD	CBT_NG_18
1RB1RD_1LB1LC_0RD1LC_1RA0LC	CBT_SP_37
1RB1RD_1LB1RC_0RA1LC_1RA0LC	CBT_SP_37
1RB1RD_1LB1RC_0RC1LD_1LA0LD	CBT_CE2_15
1RB1RD_1LB1RC_0RD1LC_1RA0LC	CBT_SP_37
1RB1RD_1LB1RC_1RA1LD_0RC0LD	CBT_QC_31
1RB1RD_1LC---_0RA1LC_1RA0LC	CBT_SP_37
1RB1RD_1LC---_0RD1LB_0RA0LC	CBT_SP_37
1RB1RD_1LC---_0RD1LC_1RA0LC	CBT_SP_37
1RB1RD_1LC0LA_0RA0LC_1RA---	CBT_DX2_13
1RB1RD_1LC0LA_0RB1LA_0RD0LC	CBT_DX2_13
1RB1RD_1LC0LA_0RD0LC_1LA0RB	CBT_DX2_13
1RB1RD_1LC0LA_0RD0LC_1RA---	CBT_DX2_13
1RB1RD_1LC0LA_0RD1LA_0RB0LC	CBT_DX2_13
1RB1RD_1LC0LA_1LC1LA_0RC0RD	CBT_DXQ_03
1RB1RD_1LC0LA_1RB1LA_0RD0LC	CBT_DX2_13
1RB1RD_1LC0LA_1RD0LB_0RA1RC	CBT_SP_25
1RB1RD_1LC0LB_0LA1RA_1LB0RD	CBT_DX1_12
1RB1RD_1LC0LB_0RD0LB_1RA1RC	CBT_RW_04
1RB1RD_1LC0LB_1RA0LB_0RD0LA	CBT_DX2_13
1RB1RD_1LC0LB_1RA0LB_0RD1LB	CBT_QC_31
1RB1RD_1LC0LB_1RA0LB_0RD1RB	CBT_QC_31
1RB1RD_1LC0LB_1RA0LD_0RB1RB	CBT_DXQ_03
1RB1RD_1LC0LB_1RA0LD_0RD1LB	CBT_QC_31
1RB1RD_1LC0LB_1RA0LD_1RD1RB	CBT_DXQ_03
1RB1RD_1LC0LB_1RA0RD_0RD1LB	CBT_QC_31
1RB1RD_1LC0LB_1RA1LA_0RD0LA	CBT_DX2_13
1RB1RD_1LC0LB_1RA1LA_0RD1LB	CBT_QC_31
1RB1RD_1LC0LB_1RA1LB_0RD0RC	CBT_QC_31
1RB1RD_1LC0LB_1RA1LB_0RD1LB	CBT_QC_31
1RB1RD_1LC0LB_1RA1LB_0RD1LC	CBT_QC_31
1RB1RD_1LC0LB_1RA1LC_0RB1RB	CBT_DXQ_03
1RB1RD_1LC0LB_1RA1LC_0RD1LB	CBT_QC_31
1RB1RD_1LC0LB_1RA1LC_1RD1RB	CBT_DXQ_03
1RB1RD_1LC0LB_1RA1LD_0RD1LB	CBT_QC_31
1RB1RD_1LC0LB_1RA1RD_0RD1LB	CBT_QC_31
1RB1RD_1LC0LB_1RD1LB_1RA0RD	CBT_NG_18
1RB1RD_1LC0LC_0RA1LC_1RA1LB	CBT_SP2_09
1RB1RD_1LC0LC_0RD1LB_0RC1RA	CBT_SP2_09
1RB1RD_1LC0LC_1RA0LB_0RD0LA	CBT_DX2_13
1RB1RD_1LC0LD_0RA0LB_1RA1RC	CBT_SP_25
1RB1RD_1LC0LD_0RA1LB_0LC1RC	CBT_BR_05
1RB1RD_1LC0LD_1RD0LB_0RA1RC	CBT_BR_09
1RB1RD_1LC0RA_0RA0LB_1LA1RA	CBT_SP_25
1RB1RD_1LC0RA_0RA0LB_1RA---	CBT_SP_25
1RB1RD_1LC0RA_0RD0LB_1RA0LD	CBT_SP_25
1RB1RD_1LC0RA_0RD0LB_1RA0RD	CBT_SP_25
1RB1RD_1LC0RA_0RD0LB_1RA1LD	CBT_SP_25
1RB1RD_1LC0RA_0RD0LB_1RA1RD	CBT_SP_25
1RB1RD_1LC0RA_1LA0LB_0LB1RC	CBT_RW_04
1RB1RD_1LC0RA_1LA0LB_0RB1LC	CBT_RW_04
1RB1RD_1LC0RA_1LA0LB_0RB1RC	CBT_RW_04
1RB1RD_1LC0RA_1LA0LB_1LA1RA	CBT_SP_25
1RB1RD_1LC0RA_1LA0LB_1RA---	CBT_SP_25
1RB1RD_1LC0RA_1LA0LB_1RB0LC	CBT_BR_05
1RB1RD_1LC0RA_1LA0LB_1RB0RC	CBT_BR_06
1RB1RD_1LC0RA_1LA0LB_1RB1LC	CBT_HY_04
1RB1RD_1LC0RA_1LA0LB_1RB1RC	CBT_BLC6_08
1RB1RD_1LC0RA_1LA1LB_0LC1RD	CBT_SP2_09
1RB1RD_1LC0RA_1LA1LC_0LB0LC	CBT_AST_15
1RB1RD_1LC0RA_1LD0LB_1RA0RB	CBT_DX0_02
1RB1RD_1LC0RA_1LD0LB_1RA0RC	CBT_SP_25
1RB1RD_1LC0RA_1LD0LB_1RA0RD	CBT_BL_04
1RB1RD_1LC0RA_1LD0LB_1RA1LB	CBT_SP_25
1RB1RD_1LC0RA_1LD0LB_1RA1RB	CBT_SP_25
1RB1RD_1LC0RA_1LD0LB_1RA1RD	CBT_SP_25
1RB1RD_1LC0RA_1LD0LB_1RB0LB	CBT_HY_04
1RB1RD_1LC0RA_1LD0LB_1RB1LB	CBT_HY_04
1RB1RD_1LC0RA_1LD0LC_0RB0LA	CBT_NG_18
1RB1RD_1LC0RA_1LD0LC_0RB1LC	CBT_SP3_00
1RB1RD_1LC0RA_1LD0RD_1RB0LB	CBT_NG_18
1RB1RD_1LC0RA_1LD1LB_0RB0RA	CBT_SPW_18
1RB1RD_1LC0RA_1LD1LB_1RB0RA	CBT_SP_25
1RB1RD_1LC0RA_1RA0LB_0LD1RC	CBT_SP_25
1RB1RD_1LC0RA_1RA0LB_1LA1RA	CBT_SP_25
1RB1RD_1LC0RA_1RA0LB_1RA---	CBT_SP_26
1RB1RD_1LC0RA_1RD0LB_1RA0RD	CBT_SPW_14
1RB1RD_1LC0RA_1RD0LB_1RA1LB	CBT_SP_26
1RB1RD_1LC0RA_1RD0LB_1RA1RB	CBT_SP_26
1RB1RD_1LC0RA_1RD0LB_1RA1RD	CBT_SP_26
1RB1RD_1LC0RA_1RD1LB_0LC0RD	CBT_QE_07
1RB1RD_1LC0RB_0LC0RA_1LA1LD	CBT_DX2_13
1RB1RD_1LC0RB_0LC1RD_0RB0LA	CBT_QE_07
1RB1RD_1LC0RB_0LC1RD_1LA0RB	CBT_QC_31
1RB1RD_1LC0RB_0RA0LB_1RA0RA	CBT_SP_26
1RB1RD_1LC0RC_0RB1LD_1LA0LD	CBT_DX2_13
1RB1RD_1LC0RC_0RC1LD_1LA0LD	CBT_QC_31
1RB1RD_1LC0RC_0RD1LD_1RA0LB	CBT_DX0_02
1RB1RD_1LC0RC_1LB1LA_1LB0RD	CBT_SP_26
1RB1RD_1LC0RC_1LC1LA_0LB0RD	CBT_DX1_12
1RB1RD_1LC0RC_1LC1LA_0LC0RD	CBT_DXS_01
1RB1RD_1LC0RC_1LC1LA_0RC0RD	CBT_DXQ_03
1RB1RD_1LC0RC_1LC1LA_1LC0RD	CBT_DXQ_03
1RB1RD_1LC0RC_1RA0LD_1RC0LB	CBT_SP_26
1RB1RD_1LC0RD_0LB1RA_1LB0RB	CBT_QC_31
1RB1RD_1LC0RD_0LC1RD_0RB0LA	CBT_QE_07
1RB1RD_1LC0RD_0LD1LC_0RA1LC	CBT_SW_05
1RB1RD_1LC0RD_0RA0LC_1LD1RA	CBT_DX2_13
1RB1RD_1LC0RD_0RB1LA_0LC0LA	CBT_DX2_13
1RB1RD_1LC0RD_1LA1LB_0LB1RA	CBT_LE_08
1RB1RD_1LC0RD_1LA1LB_0LB1RD	CBT_LE_05
1RB1RD_1LC0RD_1LA1LB_0LC1RD	CBT_LE_06
1RB1RD_1LC0RD_1LA1LD_1RA0LC	CBT_BR_06
1RB1RD_1LC0RD_1LB1RA_0RB0LB	CBT_QC_31
1RB1RD_1LC0RD_1LC1RA_0RB0LB	CBT_QC_31
1RB1RD_1LC0RD_1RA1LB_0LB0RA	CBT_CE3_03
1RB1RD_1LC0RD_1RA1LB_0LB1RD	CBT_QC_31
1RB1RD_1LC0RD_1RA1LB_0LC1RD	CBT_QC_31
1RB1RD_1LC0RD_1RB1LA_0RD0LC	CBT_DX2_13
1RB1RD_1LC0RD_1RB1LB_0LB0RA	CBT_LE4_02
1RB1RD_1LC0RD_1RD1LB_0LB1RA	CBT_SP2_09
1RB1RD_1LC1LA_0LB0RA_1LB0RD	CBT_DX2_13
1RB1RD_1LC1LA_0LB0RB_1LB0RD	CBT_DX2_13
1RB1RD_1LC1LA_0LB1RA_1LB0RD	CBT_QC_31
1RB1RD_1LC1LA_0LB1RB_1LB0RD	CBT_SP_37
1RB1RD_1LC1LA_0LB1RD_1LB0RD	CBT_SP_37
1RB1RD_1LC1LA_0LC1RB_1LB0RD	CBT_CE2_18
1RB1RD_1LC1LA_0LC1RB_1LC0RD	CBT_QC_31
1RB1RD_1LC1LA_0RA0LB_1RA0RA	CBT_SP_26
1RB1RD_1LC1LA_0RA0LC_---1RA	CBT_DX2_13
1RB1RD_1LC1LA_0RA1LB_0LB0RA	CBT_SPW_18
1RB1RD_1LC1LA_0RA1LB_1RB0RA	CBT_SPW_18
1RB1RD_1LC1LA_0RA1LB_1RC0RA	CBT_SPW_18
1RB1RD_1LC1LA_0RB0LC_0RD0LA	CBT_DX2_13
1RB1RD_1LC1LA_1LA0LB_1RA0RA	CBT_SP_26
1RB1RD_1LC1LA_1LA1LB_0LB0RA	CBT_SP_26
1RB1RD_1LC1LA_1LA1LB_0RC0RA	CBT_SP_26
1RB1RD_1LC1LA_1LA1LB_1RB0RA	CBT_SP_26
1RB1RD_1LC1LA_1LA1LB_1RC0RA	CBT_SP_26
1RB1RD_1LC1LA_1LD1LB_0RB0RA	CBT_SP_26
1RB1RD_1LC1LA_1LD1LB_1RB0RA	CBT_SPW_18
1RB1RD_1LC1LA_1RA0LB_1RA0RA	CBT_SPW_14
1RB1RD_1LC1LA_1RA1LB_0LB0RA	CBT_SPW_18
1RB1RD_1LC1LA_1RA1LB_0LB0RD	CBT_CE2_02
1RB1RD_1LC1LA_1RA1LB_0RC0RA	CBT_SPW_18
1RB1RD_1LC1LA_1RA1LB_1RB0RA	CBT_SPW_18
1RB1RD_1LC1LA_1RA1LB_1RC0RA	CBT_SPW_18
1RB1RD_1LC1LA_1RC1LB_0LB0RA	CBT_SP_26
1RB1RD_1LC1LA_1RC1LB_1RB0RA	CBT_SP_26
1RB1RD_1LC1LA_1RD1LB_0LC0RD	CBT_QE_07
1RB1RD_1LC1LB_0LA0RA_1LB1RA	CBT_SP_26
1RB1RD_1LC1LB_0LD0LB_0RD0RA	CBT_LE_08
1RB1RD_1LC1LB_0LD0LB_1RD0RA	CBT_HY2_00
1RB1RD_1LC1LB_0RA0LB_1LD0RA	CBT_LE_09
1RB1RD_1LC1LB_0RC0RA_1LB1RA	CBT_SP_26
1RB1RD_1LC1LB_0RD0LB_---0RA	CBT_CE3_04
1RB1RD_1LC1LB_0RD0RA_1LB1RA	CBT_SP_26
1RB1RD_1LC1LB_0RD1RC_1LA0RA	CBT_SP_26
1RB1RD_1LC1LB_1LD0LB_0RD0RA	CBT_LE_06
1RB1RD_1LC1LB_1LD0LB_1RD0RA	CBT_HY2_01
1RB1RD_1LC1LB_1RA0LB_0RA0RD	CBT_HY_04
1RB1RD_1LC1LB_1RA0LB_0RC0RD	CBT_HY_04
1RB1RD_1LC1LB_1RA0RA_1LB1RA	CBT_SP_26
1RB1RD_1LC1LB_1RA1LA_0LB0RD	CBT_CE2_16
1RB1RD_1LC1LB_1RC0RA_1LB1RA	CBT_SPW_18
1RB1RD_1LC1LB_1RD0RA_1LB1RA	CBT_SP_26
1RB1RD_1LC1LB_1RD1RC_0LB0RA	CBT_TA_11
1RB1RD_1LC1LC_0RA0LB_1LB1RA	CBT_SP2_09
1RB1RD_1LC1LC_0RA1LB_1RA0LB	CBT_SP2_09
1RB1RD_1LC1LD_0LD1LC_1RA0LB	CBT_SPW_14
1RB1RD_1LC1LD_0RA1LC_1RA0LB	CBT_SPW_01
1RB1RD_1LC1LD_0RB1LC_1RA0LB	CBT_SP_26
1RB1RD_1LC1LD_0RD0LC_1RA0RB	CBT_DX2_14
1RB1RD_1LC1LD_1RA0LD_1LB0RA	CBT_BR_06
1RB1RD_1LC1LD_1RA1LC_1RA0LB	CBT_SP_26
1RB1RD_1LC1LD_1RD0RA_0LB1RC	CBT_SP_26
1RB1RD_1LC1LD_1RD1LC_1RA0LB	CBT_SP_26
1RB1RD_1LC1RA_0RA1LC_0LB0LC	CBT_SPB_21
1RB1RD_1LC1RA_0RA1LC_1LD0LC	CBT_SP2_09
1RB1RD_1LC1RA_0RA1LC_1RB0LC	CBT_SPB_21
1RB1RD_1LC1RA_0RB0LC_0LB---	CBT_SP_37
1RB1RD_1LC1RA_0RB0LC_0LC---	CBT_QE_07
1RB1RD_1LC1RA_0RB0LC_0LD0LB	CBT_QE_07
1RB1RD_1LC1RA_0RB0LC_0LD0LC	CBT_QE_07
1RB1RD_1LC1RA_0RB0LC_0LD0RB	CBT_QE_07
1RB1RD_1LC1RA_0RB0LC_0LD0RC	CBT_QE_07
1RB1RD_1LC1RA_0RB0LC_0LD1RA	CBT_SP_37
1RB1RD_1LC1RA_0RB0LC_0LD1RB	CBT_QE_07
1RB1RD_1LC1RA_0RB0LC_0LD1RC	CBT_QE_07
1RB1RD_1LC1RA_0RB0LC_0RB---	CBT_QE_07
1RB1RD_1LC1RA_0RB0LC_0RC---	CBT_QE_07
1RB1RD_1LC1RA_0RB0LC_1LA0LB	CBT_SP_37
1RB1RD_1LC1RA_0RB0LC_1LA0LC	CBT_QE_07
1RB1RD_1LC1RA_0RB0LC_1LA0RB	CBT_QE_08
1RB1RD_1LC1RA_0RB0LC_1LA0RC	CBT_QE_08
1RB1RD_1LC1RA_0RB0LC_1LA0RD	CBT_SP2_09
1RB1RD_1LC1RA_0RB0LC_1LA1LC	CBT_QE_08
1RB1RD_1LC1RA_0RB0LC_1LA1RA	CBT_QE_08
1RB1RD_1LC1RA_0RB0LC_1LA1RB	CBT_SP_37
1RB1RD_1LC1RA_0RB0LC_1LA1RC	CBT_QE_08
1RB1RD_1LC1RA_0RB0LC_1LC---	CBT_QE_08
1RB1RD_1LC1RA_0RB0LC_1LD0LB	CBT_QE_08
1RB1RD_1LC1RA_0RB0LC_1LD0LC	CBT_QE_08
1RB1RD_1LC1RA_0RB0LC_1LD0RB	CBT_QE_08
1RB1RD_1LC1RA_0RB0LC_1LD0RC	CBT_QE_08
1RB1RD_1LC1RA_0RB0LC_1LD1LC	CBT_QE_08
1RB1RD_1LC1RA_0RB0LC_1LD1RB	CBT_QE_08
1RB1RD_1LC1RA_0RB0LC_1LD1RC	CBT_QE_08
1RB1RD_1LC1RA_0RB0LC_1RA---	CBT_QE_08
1RB1RD_1LC1RA_0RB0LC_1RB---	CBT_SP_37
1RB1RD_1LC1RA_0RB0LC_1RC---	CBT_QE_08
1RB1RD_1LC1RA_0RB0LD_0LB0LC	CBT_SP2_09
1RB1RD_1LC1RA_0RB1LC_0LB0LC	CBT_SP2_09
1RB1RD_1LC1RA_0RB1LC_1LD0LC	CBT_LEF_03
1RB1RD_1LC1RA_0RB1LC_1RB0LC	CBT_SP2_09
1RB1RD_1LC1RA_0RD0LC_0RB1LA	CBT_LE_04
1RB1RD_1LC1RA_0RD0LC_1RA---	CBT_QC_31
1RB1RD_1LC1RA_0RD1LC_1RB0LC	CBT_LE_04
1RB1RD_1LC1RA_1LD0LC_0RA0LA	CBT_NG_18
1RB1RD_1LC1RA_1LD0LC_0RA0RB	CBT_NG_18
1RB1RD_1LC1RA_1LD0LC_0RA1LB	CBT_NG_18
1RB1RD_1LC1RA_1LD1LB_0RB0RA	CBT_SP_26
1RB1RD_1LC1RA_1RA1LC_1RA0RB	CBT_DX0_02
1RB1RD_1LC1RA_1RB1LD_1RB0LC	CBT_SPW_18
1RB1RD_1LC1RA_1RD0LC_1LD0RB	CBT_QC_31
1RB1RD_1LC1RB_0LC1LA_0RB0RD	CBT_DX0_02
1RB1RD_1LC1RB_0RA0LD_0RB1LD	CBT_QS_08
1RB1RD_1LC1RB_0RA1LD_1RA0LC	CBT_SP_37
1RB1RD_1LC1RB_0RB1LD_1LC0RA	CBT_SP_26
1RB1RD_1LC1RB_0RB1LD_1RA0LC	CBT_QC_31
1RB1RD_1LC1RB_0RD1LD_0LB0RA	CBT_SP_26
1RB1RD_1LC1RB_1LA1LD_1LC0RA	CBT_SP_26
1RB1RD_1LC1RB_1LB1LA_1LC0RD	CBT_SP_26
1RB1RD_1LC1RB_1LC1LA_0LB0RD	CBT_DX1_12
1RB1RD_1LC1RB_1RA0LD_0RB1LD	CBT_QS_08
1RB1RD_1LC1RB_1RA1LC_0LB0RB	CBT_DXQ_03
1RB1RD_1LC1RB_1RA1LC_0LC0RB	CBT_DXQ_03
1RB1RD_1LC1RB_1RA1LC_1LB0RB	CBT_DXQ_03
1RB1RD_1LC1RB_1RA1LC_1LC0RB	CBT_DXQ_03
1RB1RD_1LC1RB_1RA1LC_1RA0RB	CBT_SP_26
1RB1RD_1LC1RB_1RA1LC_1RB0RB	CBT_DXQ_03
1RB1RD_1LC1RB_1RA1LC_1RC0RB	CBT_SP_26
1RB1RD_1LC1RB_1RB1LD_1LC0RA	CBT_SP_26
1RB1RD_1LC1RB_1RD1LD_0LB0RA	CBT_SP_26
1RB1RD_1LC1RC_0RA0LB_1LD1LB	CBT_RW_04
1RB1RD_1LC1RC_1LA0LC_0RD0LA	CBT_DX2_14
1RB1RD_1LC1RD_0LB1LA_1LB0RD	CBT_SP_37
1RB1RD_1LC1RD_0RB0LC_1RB0LA	CBT_QE_08
1RB1RD_1LC1RD_0RD0LC_1LC1RA	CBT_CE3_03
1RB1RD_1LC1RD_0RD0LC_1RA---	CBT_SP_37
1RB1RD_1LC1RD_1LA0LB_0RA0RC	CBT_SPW_14
1RB1RD_1LC1RD_1LA0LB_0RB0RC	CBT_SP_26
1RB1RD_1LC1RD_1LA0LC_0RD1LC	CBT_QC_31
1RB1RD_1LC1RD_1RD0LB_0RA1RC	CBT_SPW_14
1RB1RD_1RC---_1LD0RB_1RA0LC	CBT_SP_26
1RB1RD_1RC---_1LD1RA_0RB0LD	CBT_QC_31
1RB1RD_1RC0LA_1LC1LA_0RC0RD	CBT_TI_02
1RB1RD_1RC0LA_1LD1RB_0RB0LD	CBT_QE_08
1RB1RD_1RC0LC_1LA1LA_1LC0RD	CBT_QC_31
1RB1RD_1RC0LC_1LC1LA_0LB0RD	CBT_DX2_14
1RB1RD_1RC0LC_1LD1RA_0RC0LD	CBT_CE2_16
1RB1RD_1RC0LD_1LA0RC_0LA1LD	CBT_QC_31
1RB1RD_1RC0LD_1LA1RB_0RB1LD	CBT_QC_31
1RB1RD_1RC0LD_1LA1RB_0RC1LD	CBT_QC_31
1RB1RD_1RC0RA_0LC1LB_1LC0RD	CBT_QC_31
1RB1RD_1RC0RA_0LC1LD_1RA0LB	CBT_SP_26
1RB1RD_1RC0RA_1LA1LC_0LB0LC	CBT_AST_15
1RB1RD_1RC0RA_1LD0LB_1RA0LC	CBT_SP_26
1RB1RD_1RC0RA_1LD0LC_0RB1LC	CBT_LEF_03
1RB1RD_1RC0RB_1LD0RA_1RA0LC	CBT_SP_26
1RB1RD_1RC0RB_1LD1RA_0RC0LD	CBT_CE2_16
1RB1RD_1RC0RC_1LC1LA_0LC0RD	CBT_DXS_01
1RB1RD_1RC0RC_1LC1LA_0RC0RD	CBT_TI_02
1RB1RD_1RC0RC_1LC1LA_1LC0RD	CBT_DXQ_03
1RB1RD_1RC0RD_0LD1LC_0RA1LC	CBT_SW_05
1RB1RD_1RC1LA_0LB0RC_0LA1LD	CBT_DX2_14
1RB1RD_1RC1LA_1LD1RB_0RB0LD	CBT_QE_08
1RB1RD_1RC1LB_0LA0RD_0LB1RD	CBT_QS_08
1RB1RD_1RC1LB_0LA1RD_0LB0RC	CBT_SP_37
1RB1RD_1RC1LB_0LB1RA_0LB0RC	CBT_CE_05
1RB1RD_1RC1LB_0LB1RA_0LC0RC	CBT_CE_05
1RB1RD_1RC1LB_0LB1RA_0LD0RC	CBT_CE_05
1RB1RD_1RC1LB_0LB1RA_0RB0RC	CBT_CE_05
1RB1RD_1RC1LB_0LB1RA_0RC0LA	CBT_SP2_09
1RB1RD_1RC1LB_0LB1RA_0RC0RC	CBT_CE_06
1RB1RD_1RC1LB_0LB1RA_1LA0RC	CBT_CE_06
1RB1RD_1RC1LB_0LB1RA_1LB0RC	CBT_CE_06
1RB1RD_1RC1LB_0LB1RA_1LD0RC	CBT_CE_06
1RB1RD_1RC1LB_0LB1RA_1RA0RC	CBT_CE_06
1RB1RD_1RC1LB_0LB1RA_1RB0RC	CBT_CE_06
1RB1RD_1RC1LB_0LB1RA_1RC0RC	CBT_CE_06
1RB1RD_1RC1LB_0LB1RD_1LA0RC	CBT_QC_31
1RB1RD_1RC1LB_0LD1RA_1LB0RC	CBT_SPB_21
1RB1RD_1RC1LB_1LA0RD_0LB1RD	CBT_QS_08
1RB1RD_1RC1LB_1LA1RA_0LB0RC	CBT_SP2_09
1RB1RD_1RC1LB_1LA1RA_1RA0RC	CBT_NG_18
1RB1RD_1RC1LB_1LA1RD_0LB0RC	CBT_QC_31
1RB1RD_1RC1LB_1LB1RD_0LB0RA	CBT_SP3_00
1RB1RD_1RC1LB_1LD1RD_0LB0RA	CBT_SP3_00
1RB1RD_1RC1LB_1RD1RD_0LB0RA	CBT_SP3_00
1RB1RD_1RC1LC_0RD0LB_1LD0LA	CBT_AST_09
1RB1RD_1RC1LC_1LB0RD_0LC0RA	CBT_LE4_02
1RB1RD_1RC1LD_0LB0RC_1LB0LA	CBT_QE_08
1RB1RD_1RC1LD_0LB0RC_1LB0RA	CBT_QC_31
1RB1RD_1RC1LD_0LD0RC_1LB0LA	CBT_QE_08
1RB1RD_1RC1LD_1LD1RC_1LB0RA	CBT_SP_26
1RB1RD_1RC1RA_0LA0LD_1LA1LC	CBT_SP_26
1RB1RD_1RC1RA_0LA0RB_1LD0LC	CBT_SP_26
1RB1RD_1RC1RA_0LC1LB_1LC0RD	CBT_QC_31
1RB1RD_1RC1RA_1LA0LD_1LA1LC	CBT_SPW_18
1RB1RD_1RC1RA_1LD0LC_0RA0LC	CBT_RW_04
1RB1RD_1RC1RB_1LD1RA_0RC0LD	CBT_CE2_16
1RB1RD_1RC1RD_1LA0LC_0RD1LC	CBT_QC_31
1RB1RD_1RC1RD_1LD0LC_0RA0LC	CBT_RW_04
