# spec	rung	verdict	seconds  (tools/closeouttr/ng_batch.py probe)
0RB---_0LC0RA_0LD1LC_1RA1RB	rk:4:0	false	1.5
0RB---_0LC0RA_0LD1LC_1RA1RB	rk:5:0	false	0.8
0RB---_0LC0RA_0LD1LC_1RA1RB	rk:6:0	false	1.2
0RB---_0LC0RA_0LD1RA_1RB1LC	rk:4:0	false	1.6
0RB---_0LC0RA_0LD1RA_1RB1LC	rk:5:0	false	0.8
0RB---_0LC0RA_0LD1RA_1RB1LC	rk:6:0	false	0.9
0RB---_0LC1RB_0LD0RA_1RA1LC	rk:4:0	false	1.0
0RB---_0LC1RB_0LD0RA_1RA1LC	rk:5:0	false	0.7
0RB---_0LC1RB_0LD0RA_1RA1LC	rk:6:0	false	0.9
0RB---_1LC1LB_1RD1LA_0LB0RD	rk:4:0	false	1.2
0RB---_1LC1LB_1RD1LA_0LB0RD	rk:5:0	false	0.7
0RB---_1LC1LB_1RD1LA_0LB0RD	rk:6:0	false	0.9
0RB---_1LC1RA_0LD---_0RA0LC	rk:4:0	false	1.2
0RB---_1LC1RA_0LD---_0RA0LC	rk:5:0	false	0.8
0RB---_1LC1RA_0LD---_0RA0LC	rk:6:0	false	0.8
0RB---_1LC1RD_1LA1LB_0LB0RD	rk:4:0	false	1.1
0RB---_1LC1RD_1LA1LB_0LB0RD	rk:5:0	false	0.7
0RB---_1LC1RD_1LA1LB_0LB0RD	rk:6:0	false	0.7
0RB---_1RC---_1LD0RC_0LD0LA	rk:4:0	false	1.7
0RB---_1RC---_1LD0RC_0LD0LA	rk:5:0	false	1.6
0RB---_1RC---_1LD0RC_0LD0LA	rk:6:0	false	4.3
0RB---_1RC0LA_1LD0RC_0LD1LA	rk:4:0	false	1.8
0RB---_1RC0LA_1LD0RC_0LD1LA	rk:5:0	false	2.1
0RB---_1RC0LA_1LD0RC_0LD1LA	rk:6:0	false	6.2
0RB---_1RC0RB_1LD1RB_1LA0LD	rk:4:0	false	1.0
0RB---_1RC0RB_1LD1RB_1LA0LD	rk:5:0	false	0.8
0RB---_1RC0RB_1LD1RB_1LA0LD	rk:6:0	false	1.2
0RB0LA_0LC0RD_1LA1LC_1RB1LD	rk:4:0	false	2.5
0RB0LA_0LC0RD_1LA1LC_1RB1LD	rk:5:0	false	2.7
0RB0LA_0LC0RD_1LA1LC_1RB1LD	rk:6:0	false	6.6
0RB0LA_0LC0RD_1LA1LC_1RC1RD	rk:4:0	false	2.6
0RB0LA_0LC0RD_1LA1LC_1RC1RD	rk:5:0	false	4.5
0RB0LA_0LC0RD_1LA1LC_1RC1RD	rk:6:0	false	15.7
0RB0LA_0LC0RD_1LA1RD_1RC---	rk:4:0	false	1.1
0RB0LA_0LC0RD_1LA1RD_1RC---	rk:5:0	false	0.8
0RB0LA_0LC0RD_1LA1RD_1RC---	rk:6:0	false	0.9
0RB0LA_0LC1RD_0RD1LC_1LA1RB	rk:4:0	false	2.5
0RB0LA_0LC1RD_0RD1LC_1LA1RB	rk:5:0	false	9.2
0RB0LA_0LC1RD_0RD1LC_1LA1RB	rk:6:0	false	28.9
0RB0LA_0RC1LD_1LA1RD_1RC---	rk:4:0	false	0.8
0RB0LA_0RC1LD_1LA1RD_1RC---	rk:5:0	false	0.7
0RB0LA_0RC1LD_1LA1RD_1RC---	rk:6:0	false	0.8
0RB0LA_0RC1RB_0LD1RC_1LA1LD	rk:4:0	false	11.4
0RB0LA_0RC1RB_0LD1RC_1LA1LD	rk:5:0	false	97.0
0RB0LA_0RC1RB_0LD1RC_1LA1LD	rk:6:0	timeout	300.1
0RB0LA_0RC1RB_1LD---_1LA---	rk:4:0	false	0.6
0RB0LA_0RC1RB_1LD---_1LA---	rk:5:0	false	0.8
0RB0LA_0RC1RB_1LD---_1LA---	rk:6:0	false	0.8
0RB0LA_0RC1RC_1LD0LD_1LA1RB	rk:4:0	false	1.6
0RB0LA_0RC1RC_1LD0LD_1LA1RB	rk:5:0	false	4.7
0RB0LA_0RC1RC_1LD0LD_1LA1RB	rk:6:0	false	19.1
0RB0LA_0RC1RC_1LD1RB_1LA---	rk:4:0	false	0.7
0RB0LA_0RC1RC_1LD1RB_1LA---	rk:5:0	false	0.8
0RB0LA_0RC1RC_1LD1RB_1LA---	rk:6:0	false	0.7
0RB0LA_0RC1RC_1LD1RD_1LA1RB	rk:4:0	false	9.4
0RB0LA_0RC1RC_1LD1RD_1LA1RB	rk:5:0	false	59.3
0RB0LA_0RC1RC_1LD1RD_1LA1RB	rk:6:0	timeout	300.1
0RB0LA_0RC1RD_1LA1LC_0LC1RB	rk:4:0	false	3.0
0RB0LA_0RC1RD_1LA1LC_0LC1RB	rk:5:0	false	9.3
0RB0LA_0RC1RD_1LA1LC_0LC1RB	rk:6:0	false	41.9
0RB0LA_0RC1RD_1LD---_1LA1RB	rk:4:0	false	0.7
0RB0LA_0RC1RD_1LD---_1LA1RB	rk:5:0	false	0.7
0RB0LA_0RC1RD_1LD---_1LA1RB	rk:6:0	false	0.8
0RB0LA_1LA0LC_0RD1LC_1RB1RD	rk:4:0	false	2.8
0RB0LA_1LA0LC_0RD1LC_1RB1RD	rk:5:0	false	9.0
0RB0LA_1LA0LC_0RD1LC_1RB1RD	rk:6:0	false	36.1
0RB0LA_1LA0RC_0LD1RC_1RB1LD	rk:4:0	false	11.7
0RB0LA_1LA0RC_0LD1RC_1RB1LD	rk:5:0	false	104.2
0RB0LA_1LA0RC_0LD1RC_1RB1LD	rk:6:0	timeout	300.1
0RB0LA_1LA0RC_1LD---_1RD1RB	rk:4:0	false	0.7
0RB0LA_1LA0RC_1LD---_1RD1RB	rk:5:0	false	0.8
0RB0LA_1LA0RC_1LD---_1RD1RB	rk:6:0	false	0.8
0RB0LA_1LA0RC_1LD1RB_1RC---	rk:4:0	false	12.3
0RB0LA_1LA0RC_1LD1RB_1RC---	rk:5:0	false	106.6
0RB0LA_1LA0RC_1LD1RB_1RC---	rk:6:0	timeout	300.1
0RB0LA_1LA0RC_1LD1RB_1RD1RC	rk:4:0	false	15.6
0RB0LA_1LA0RC_1LD1RB_1RD1RC	rk:5:0	false	122.9
0RB0LA_1LA0RC_1LD1RB_1RD1RC	rk:6:0	timeout	300.1
0RB0LA_1LA1LC_0RD0LC_1RD1RB	rk:4:0	false	2.5
0RB0LA_1LA1LC_0RD0LC_1RD1RB	rk:5:0	false	9.0
0RB0LA_1LA1LC_0RD0LC_1RD1RB	rk:6:0	false	36.4
0RB0LA_1LA1LC_0RD1LB_1RB1RD	rk:4:0	false	1.9
0RB0LA_1LA1LC_0RD1LB_1RB1RD	rk:5:0	false	4.8
0RB0LA_1LA1LC_0RD1LB_1RB1RD	rk:6:0	false	19.0
0RB0LA_1LA1LC_0RD1LC_1RB1RD	rk:4:0	false	1.9
0RB0LA_1LA1LC_0RD1LC_1RB1RD	rk:5:0	false	5.2
0RB0LA_1LA1LC_0RD1LC_1RB1RD	rk:6:0	false	19.3
0RB0LA_1LA1RC_0LC1RD_1RB---	rk:4:0	false	0.7
0RB0LA_1LA1RC_0LC1RD_1RB---	rk:5:0	false	0.7
0RB0LA_1LA1RC_0LC1RD_1RB---	rk:6:0	false	0.9
0RB0LA_1LA1RC_0LD---_1RB1RD	rk:4:0	false	0.7
0RB0LA_1LA1RC_0LD---_1RB1RD	rk:5:0	false	0.8
0RB0LA_1LA1RC_0LD---_1RB1RD	rk:6:0	false	0.9
0RB0LA_1LA1RC_0LD0RC_1LD1RB	rk:4:0	false	6.1
0RB0LA_1LA1RC_0LD0RC_1LD1RB	rk:5:0	false	27.3
0RB0LA_1LA1RC_0LD0RC_1LD1RB	rk:6:0	false	132.7
0RB0LA_1LA1RC_0LD1RB_0RC1LD	rk:4:0	false	2.6
0RB0LA_1LA1RC_0LD1RB_0RC1LD	rk:5:0	false	7.3
0RB0LA_1LA1RC_0LD1RB_0RC1LD	rk:6:0	false	35.7
0RB0LA_1LA1RC_0RD1RB_0LB1LB	rk:4:0	true	1.1
0RB0LA_1LA1RC_0RD1RB_1LB---	rk:4:0	false	0.6
0RB0LA_1LA1RC_0RD1RB_1LB---	rk:5:0	false	0.8
0RB0LA_1LA1RC_0RD1RB_1LB---	rk:6:0	false	0.7
0RB0LA_1LA1RC_0RD1RC_0LB1LB	rk:4:0	true	1.1
0RB0LA_1LA1RC_0RD1RC_1LB---	rk:4:0	false	0.6
0RB0LA_1LA1RC_0RD1RC_1LB---	rk:5:0	false	0.7
0RB0LA_1LA1RC_0RD1RC_1LB---	rk:6:0	false	0.7
0RB0LA_1LA1RC_0RD1RD_1LB0LB	rk:4:0	false	1.4
0RB0LA_1LA1RC_0RD1RD_1LB0LB	rk:5:0	false	4.0
0RB0LA_1LA1RC_0RD1RD_1LB0LB	rk:6:0	false	16.0
0RB0LA_1LA1RC_0RD1RD_1LB1RB	rk:4:0	false	4.5
0RB0LA_1LA1RC_0RD1RD_1LB1RB	rk:5:0	false	17.8
0RB0LA_1LA1RC_0RD1RD_1LB1RB	rk:6:0	false	114.9
0RB0LA_1LA1RC_0RD1RD_1LB1RC	rk:4:0	false	3.1
0RB0LA_1LA1RC_0RD1RD_1LB1RC	rk:5:0	false	9.5
0RB0LA_1LA1RC_0RD1RD_1LB1RC	rk:6:0	false	36.6
0RB0LA_1LA1RC_1LA1RD_1RB---	rk:4:0	false	0.7
0RB0LA_1LA1RC_1LA1RD_1RB---	rk:5:0	false	0.8
0RB0LA_1LA1RC_1LA1RD_1RB---	rk:6:0	false	0.9
0RB0LA_1LA1RC_1LA1RD_1RC---	rk:4:0	false	0.7
0RB0LA_1LA1RC_1LA1RD_1RC---	rk:5:0	false	0.8
0RB0LA_1LA1RC_1LA1RD_1RC---	rk:6:0	false	0.8
0RB0LA_1LA1RC_1LB1LD_0RC1RD	rk:4:0	false	0.9
0RB0LA_1LA1RC_1LB1LD_0RC1RD	rk:5:0	false	1.0
0RB0LA_1LA1RC_1LB1LD_0RC1RD	rk:6:0	false	1.6
0RB0LA_1LA1RC_1LB1RD_1RB---	rk:4:0	false	0.7
0RB0LA_1LA1RC_1LB1RD_1RB---	rk:5:0	false	0.8
0RB0LA_1LA1RC_1LB1RD_1RB---	rk:6:0	false	0.8
0RB0LA_1LA1RC_1LC1RD_---1RB	rk:4:0	false	0.7
0RB0LA_1LA1RC_1LC1RD_---1RB	rk:5:0	false	0.8
0RB0LA_1LA1RC_1LC1RD_---1RB	rk:6:0	false	0.9
0RB0LA_1LA1RC_1LD---_1RB1RD	rk:4:0	false	0.7
0RB0LA_1LA1RC_1LD---_1RB1RD	rk:5:0	false	0.8
0RB0LA_1LA1RC_1LD---_1RB1RD	rk:6:0	false	0.8
0RB0LA_1LA1RC_1LD1RB_0RB1LD	rk:4:0	false	1.6
0RB0LA_1LA1RC_1LD1RB_0RB1LD	rk:5:0	false	5.7
0RB0LA_1LA1RC_1LD1RB_0RB1LD	rk:6:0	false	16.1
0RB0LA_1LA1RC_1LD1RB_0RC1LD	rk:4:0	false	1.9
0RB0LA_1LA1RC_1LD1RB_0RC1LD	rk:5:0	false	4.3
0RB0LA_1LA1RC_1LD1RB_0RC1LD	rk:6:0	false	21.4
0RB0LA_1LA1RC_1LD1RD_1RB1LA	rk:4:0	true	0.9
0RB0LA_1LA1RC_1RB---_------	rk:4:0	false	0.6
0RB0LA_1LA1RC_1RB---_------	rk:5:0	false	0.7
0RB0LA_1LA1RC_1RB---_------	rk:6:0	false	0.8
0RB0LA_1LA1RC_1RD---_0LD1RB	rk:4:0	false	0.7
0RB0LA_1LA1RC_1RD---_0LD1RB	rk:5:0	false	0.7
0RB0LA_1LA1RC_1RD---_0LD1RB	rk:6:0	false	0.9
0RB0LA_1LA1RC_1RD---_1LA1RB	rk:4:0	false	0.7
0RB0LA_1LA1RC_1RD---_1LA1RB	rk:5:0	false	0.7
0RB0LA_1LA1RC_1RD---_1LA1RB	rk:6:0	false	0.8
0RB0LA_1LA1RC_1RD---_1LA1RC	rk:4:0	false	0.6
0RB0LA_1LA1RC_1RD---_1LA1RC	rk:5:0	false	0.8
0RB0LA_1LA1RC_1RD---_1LA1RC	rk:6:0	false	0.8
0RB0LA_1LA1RC_1RD---_1RB---	rk:4:0	false	0.8
0RB0LA_1LA1RC_1RD---_1RB---	rk:5:0	false	0.7
0RB0LA_1LA1RC_1RD---_1RB---	rk:6:0	false	0.8
0RB0LA_1LA1RC_1RD0RD_1LB1RB	rk:4:0	false	3.5
0RB0LA_1LA1RC_1RD0RD_1LB1RB	rk:5:0	false	14.1
0RB0LA_1LA1RC_1RD0RD_1LB1RB	rk:6:0	false	37.5
0RB0LA_1LA1RC_1RD1RB_1LB---	rk:4:0	false	0.7
0RB0LA_1LA1RC_1RD1RB_1LB---	rk:5:0	false	0.8
0RB0LA_1LA1RC_1RD1RB_1LB---	rk:6:0	false	0.8
0RB0LA_1LC---_0RD1LA_1RB1RD	rk:4:0	false	0.6
0RB0LA_1LC---_0RD1LA_1RB1RD	rk:5:0	false	0.7
0RB0LA_1LC---_0RD1LA_1RB1RD	rk:6:0	false	0.8
0RB0LA_1LC0LC_0RD1LA_1RD1RB	rk:4:0	false	1.3
0RB0LA_1LC0LC_0RD1LA_1RD1RB	rk:5:0	false	3.4
0RB0LA_1LC0LC_0RD1LA_1RD1RB	rk:6:0	false	12.8
0RB0LA_1LC0RA_1LD---_1RB0LC	rk:4:0	false	0.7
0RB0LA_1LC0RA_1LD---_1RB0LC	rk:5:0	false	0.8
0RB0LA_1LC0RA_1LD---_1RB0LC	rk:6:0	false	0.8
0RB0LA_1LC0RC_1LA1RD_0RB1RC	rk:4:0	false	5.6
0RB0LA_1LC0RC_1LA1RD_0RB1RC	rk:5:0	false	37.3
0RB0LA_1LC0RC_1LA1RD_0RB1RC	rk:6:0	false	286.0
0RB0LA_1LC0RC_1LA1RD_1RB1RC	rk:4:0	false	13.0
0RB0LA_1LC0RC_1LA1RD_1RB1RC	rk:5:0	false	97.9
0RB0LA_1LC0RC_1LA1RD_1RB1RC	rk:6:0	timeout	300.1
0RB0LA_1LC0RC_1LA1RD_1RC---	rk:4:0	false	0.7
0RB0LA_1LC0RC_1LA1RD_1RC---	rk:5:0	false	0.8
0RB0LA_1LC0RC_1LA1RD_1RC---	rk:6:0	false	0.9
0RB0LA_1LC0RC_1LD1RB_1LA0LD	rk:4:0	true	0.8
0RB0LA_1LC0RD_1LA0LB_1RC1RD	rk:4:0	true	2.6
0RB0LA_1LC0RD_1LA0LC_1RB1RD	rk:4:0	false	5.9
0RB0LA_1LC0RD_1LA0LC_1RB1RD	rk:5:0	true	15.1
0RB0LA_1LC0RD_1LA1LB_1RC1RD	rk:4:0	false	5.8
0RB0LA_1LC0RD_1LA1LB_1RC1RD	rk:5:0	false	41.3
0RB0LA_1LC0RD_1LA1LB_1RC1RD	rk:6:0	false	251.2
0RB0LA_1LC0RD_1LA1LC_1RC1RD	rk:4:0	false	1.6
0RB0LA_1LC0RD_1LA1LC_1RC1RD	rk:5:0	false	4.5
0RB0LA_1LC0RD_1LA1LC_1RC1RD	rk:6:0	false	15.9
0RB0LA_1LC0RD_1LA1RB_1RC1RD	rk:4:0	true	4.0
0RB0LA_1LC0RD_1LA1RD_0LD1RC	rk:4:0	true	1.0
0RB0LA_1LC0RD_1LA1RD_1LA1RC	rk:4:0	true	0.9
0RB0LA_1LC0RD_1LA1RD_1LB1RC	rk:4:0	false	3.0
0RB0LA_1LC0RD_1LA1RD_1LB1RC	rk:5:0	false	11.1
0RB0LA_1LC0RD_1LA1RD_1LB1RC	rk:6:0	false	56.9
0RB0LA_1LC0RD_1LD0LC_1RB1RA	rk:4:0	false	6.9
0RB0LA_1LC0RD_1LD0LC_1RB1RA	rk:5:0	false	54.9
0RB0LA_1LC0RD_1LD0LC_1RB1RA	rk:6:0	timeout	300.1
0RB0LA_1LC1LD_0RD1RC_1LA1RB	rk:4:0	false	1.0
0RB0LA_1LC1LD_0RD1RC_1LA1RB	rk:5:0	false	1.1
0RB0LA_1LC1LD_0RD1RC_1LA1RB	rk:6:0	false	1.8
0RB0LA_1LC1LD_1RD0RD_1LA0RC	rk:4:0	false	2.0
0RB0LA_1LC1LD_1RD0RD_1LA0RC	rk:5:0	false	8.4
0RB0LA_1LC1LD_1RD0RD_1LA0RC	rk:6:0	false	50.4
0RB0LA_1LC1RB_0LD1LA_1RA0RA	rk:4:0	true	1.0
0RB0LA_1LC1RB_0LD1LA_1RA0RC	rk:4:0	true	0.9
0RB0LA_1LC1RB_0LD1LD_0RA0LA	rk:4:0	true	0.9
0RB0LA_1LC1RB_0RB1LD_0RA1LA	rk:4:0	true	0.8
0RB0LA_1LC1RB_0RB1LD_0RB1LA	rk:4:0	true	0.8
0RB0LA_1LC1RB_0RB1LD_0RD1LA	rk:4:0	true	0.9
0RB0LA_1LC1RB_0RD0LC_1RD1LA	rk:4:0	false	1.3
0RB0LA_1LC1RB_0RD0LC_1RD1LA	rk:5:0	false	3.7
0RB0LA_1LC1RB_0RD0LC_1RD1LA	rk:6:0	false	13.7
0RB0LA_1LC1RB_0RD1LD_0RA1LA	rk:4:0	true	0.9
0RB0LA_1LC1RB_0RD1LD_0RB1LA	rk:4:0	true	0.8
0RB0LA_1LC1RB_0RD1LD_0RD1LA	rk:4:0	true	0.8
0RB0LA_1LC1RB_1LA0RD_0RA1RC	rk:4:0	false	13.0
0RB0LA_1LC1RB_1LA0RD_0RA1RC	rk:5:0	false	32.2
0RB0LA_1LC1RB_1LA0RD_0RA1RC	rk:6:0	false	85.3
0RB0LA_1LC1RB_1LD0LD_1LA0RA	rk:4:0	false	4.7
0RB0LA_1LC1RB_1LD0LD_1LA0RA	rk:5:0	true	25.3
0RB0LA_1LC1RC_1LA1RD_0LD0RC	rk:4:0	false	2.5
0RB0LA_1LC1RC_1LA1RD_0LD0RC	rk:5:0	false	4.9
0RB0LA_1LC1RC_1LA1RD_0LD0RC	rk:6:0	true	6.0
0RB0LA_1LC1RD_0LD1LA_0RD1RB	rk:4:0	false	2.0
0RB0LA_1LC1RD_0LD1LA_0RD1RB	rk:5:0	false	7.2
0RB0LA_1LC1RD_0LD1LA_0RD1RB	rk:6:0	false	42.2
0RB0LA_1LC1RD_0RB0LA_1RB---	rk:4:0	false	0.6
0RB0LA_1LC1RD_0RB0LA_1RB---	rk:5:0	false	0.8
0RB0LA_1LC1RD_0RB0LA_1RB---	rk:6:0	false	0.8
0RB0LA_1LC1RD_0RB0LD_1RB1LA	rk:4:0	true	0.9
0RB0LA_1LC1RD_0RB1LA_1RB0LA	rk:4:0	true	0.9
0RB0LA_1LC1RD_0RB1LA_1RB0LC	rk:4:0	true	0.9
0RB0LA_1LC1RD_0RB1LA_1RB1RC	rk:4:0	true	1.8
0RB0LA_1LC1RD_0RB1LC_1LA1RB	rk:4:0	false	1.8
0RB0LA_1LC1RD_0RB1LC_1LA1RB	rk:5:0	false	4.4
0RB0LA_1LC1RD_0RB1LC_1LA1RB	rk:6:0	false	21.5
0RB0LA_1LC1RD_0RC1LA_1RB0LA	rk:4:0	true	1.0
0RB0LA_1LC1RD_0RC1LA_1RB0LC	rk:4:0	true	1.0
0RB0LA_1LC1RD_0RC1LA_1RB1RC	rk:4:0	false	7.8
0RB0LA_1LC1RD_0RC1LA_1RB1RC	rk:5:0	false	51.0
0RB0LA_1LC1RD_0RC1LA_1RB1RC	rk:6:0	timeout	300.1
0RB0LA_1LC1RD_0RD0LC_1RB1LA	rk:4:0	false	4.2
0RB0LA_1LC1RD_0RD0LC_1RB1LA	rk:5:0	false	13.1
0RB0LA_1LC1RD_0RD0LC_1RB1LA	rk:6:0	false	79.8
0RB0LA_1LC1RD_0RD0LD_1RB1LA	rk:4:0	true	0.8
0RB0LA_1LC1RD_0RD1LA_---1RB	rk:4:0	false	0.7
0RB0LA_1LC1RD_0RD1LA_---1RB	rk:5:0	false	0.8
0RB0LA_1LC1RD_0RD1LA_---1RB	rk:6:0	false	0.8
0RB0LA_1LC1RD_0RD1LC_1LA1RB	rk:4:0	false	1.6
0RB0LA_1LC1RD_0RD1LC_1LA1RB	rk:5:0	false	5.6
0RB0LA_1LC1RD_0RD1LC_1LA1RB	rk:6:0	false	15.6
0RB0LA_1LC1RD_1LA0LA_0LB0RD	rk:4:0	true	0.9
0RB0LA_1LC1RD_1LA0LC_1RB0RD	rk:4:0	false	10.6
0RB0LA_1LC1RD_1LA0LC_1RB0RD	rk:5:0	false	107.3
0RB0LA_1LC1RD_1LA0LC_1RB0RD	rk:6:0	timeout	300.1
0RB0LA_1LC1RD_1LA1LC_0LB0RD	rk:4:0	true	0.8
0RB0LA_1RC---_0LC1RD_1LA1RB	rk:4:0	false	0.7
0RB0LA_1RC---_0LC1RD_1LA1RB	rk:5:0	false	0.7
0RB0LA_1RC---_0LC1RD_1LA1RB	rk:6:0	false	0.9
0RB0LA_1RC---_0LD1RB_1LA1RD	rk:4:0	false	0.7
0RB0LA_1RC---_0LD1RB_1LA1RD	rk:5:0	false	0.7
0RB0LA_1RC---_0LD1RB_1LA1RD	rk:6:0	false	0.9
0RB0LA_1RC---_1LA0LD_1RB1RD	rk:4:0	false	0.8
0RB0LA_1RC---_1LA0LD_1RB1RD	rk:5:0	false	0.7
0RB0LA_1RC---_1LA0LD_1RB1RD	rk:6:0	false	0.8
0RB0LA_1RC---_1LA1RB_------	rk:4:0	false	0.8
0RB0LA_1RC---_1LA1RB_------	rk:5:0	false	0.7
0RB0LA_1RC---_1LA1RB_------	rk:6:0	false	0.8
0RB0LA_1RC---_1LA1RD_0LD1RB	rk:4:0	false	0.7
0RB0LA_1RC---_1LA1RD_0LD1RB	rk:5:0	false	0.7
0RB0LA_1RC---_1LA1RD_0LD1RB	rk:6:0	false	0.9
0RB0LA_1RC---_1LA1RD_1LA1RB	rk:4:0	false	0.6
0RB0LA_1RC---_1LA1RD_1LA1RB	rk:5:0	false	0.7
0RB0LA_1RC---_1LA1RD_1LA1RB	rk:6:0	false	0.8
0RB0LA_1RC---_1LA1RD_1LC1RB	rk:4:0	false	0.7
0RB0LA_1RC---_1LA1RD_1LC1RB	rk:5:0	false	0.7
0RB0LA_1RC---_1LA1RD_1LC1RB	rk:6:0	false	0.9
0RB0LA_1RC---_1LA1RD_1RB---	rk:4:0	false	0.6
0RB0LA_1RC---_1LA1RD_1RB---	rk:5:0	false	0.7
0RB0LA_1RC---_1LA1RD_1RB---	rk:6:0	false	0.8
0RB0LA_1RC---_1LA1RD_1RC---	rk:4:0	false	0.8
0RB0LA_1RC---_1LA1RD_1RC---	rk:5:0	false	0.7
0RB0LA_1RC---_1LA1RD_1RC---	rk:6:0	false	0.8
0RB0LA_1RC---_1LC1RD_1RB1LA	rk:4:0	false	0.7
0RB0LA_1RC---_1LC1RD_1RB1LA	rk:5:0	false	0.7
0RB0LA_1RC---_1LC1RD_1RB1LA	rk:6:0	false	0.8
0RB0LA_1RC---_1LD1RB_---0LA	rk:4:0	false	0.7
0RB0LA_1RC---_1LD1RB_---0LA	rk:5:0	false	0.7
0RB0LA_1RC---_1LD1RB_---0LA	rk:6:0	false	0.8
0RB0LA_1RC---_1LD1RD_1RB0LA	rk:4:0	false	0.6
0RB0LA_1RC---_1LD1RD_1RB0LA	rk:5:0	false	0.7
0RB0LA_1RC---_1LD1RD_1RB0LA	rk:6:0	false	0.8
0RB0LA_1RC---_1RD---_1LA1RB	rk:4:0	false	0.6
0RB0LA_1RC---_1RD---_1LA1RB	rk:5:0	false	0.7
0RB0LA_1RC---_1RD---_1LA1RB	rk:6:0	false	0.8
0RB0LA_1RC---_1RD---_1LA1RC	rk:4:0	false	0.6
0RB0LA_1RC---_1RD---_1LA1RC	rk:5:0	false	0.8
0RB0LA_1RC---_1RD---_1LA1RC	rk:6:0	false	0.8
0RB0LA_1RC---_1RD0LA_1LC1RB	rk:4:0	false	0.7
0RB0LA_1RC---_1RD0LA_1LC1RB	rk:5:0	false	0.7
0RB0LA_1RC---_1RD0LA_1LC1RB	rk:6:0	false	0.8
0RB0LA_1RC---_1RD1RB_1LA0LC	rk:4:0	false	0.7
0RB0LA_1RC---_1RD1RB_1LA0LC	rk:5:0	false	0.7
0RB0LA_1RC---_1RD1RB_1LA0LC	rk:6:0	false	0.8
0RB0LA_1RC0LA_0RD1RD_1LB1RB	rk:4:0	true	1.6
0RB0LA_1RC0LA_1LB1RD_1RB---	rk:4:0	false	0.6
0RB0LA_1RC0LA_1LB1RD_1RB---	rk:5:0	false	0.7
0RB0LA_1RC0LA_1LB1RD_1RB---	rk:6:0	false	0.8
0RB0LA_1RC0LA_1LB1RD_1RC---	rk:4:0	false	0.7
0RB0LA_1RC0LA_1LB1RD_1RC---	rk:5:0	false	0.7
0RB0LA_1RC0LA_1LB1RD_1RC---	rk:6:0	false	0.8
0RB0LA_1RC0LA_1LD1RD_1RB1LA	rk:4:0	true	0.9
0RB0LA_1RC0LA_1RD---_1LB1RB	rk:4:0	false	0.6
0RB0LA_1RC0LA_1RD---_1LB1RB	rk:5:0	false	0.7
0RB0LA_1RC0LA_1RD---_1LB1RB	rk:6:0	false	0.9
0RB0LA_1RC0LA_1RD---_1LB1RC	rk:4:0	false	0.7
0RB0LA_1RC0LA_1RD---_1LB1RC	rk:5:0	false	0.7
0RB0LA_1RC0LA_1RD---_1LB1RC	rk:6:0	false	0.8
0RB0LA_1RC0LC_1LA0RD_1LC0RD	rk:4:0	false	1.1
0RB0LA_1RC0LC_1LA0RD_1LC0RD	rk:5:0	false	2.2
0RB0LA_1RC0LC_1LA0RD_1LC0RD	rk:6:0	false	7.6
0RB0LA_1RC0LC_1LA1RD_0RC1RB	rk:4:0	true	2.7
0RB0LA_1RC0LC_1LA1RD_1LC0RD	rk:4:0	false	1.2
0RB0LA_1RC0LC_1LA1RD_1LC0RD	rk:5:0	false	2.3
0RB0LA_1RC0LC_1LA1RD_1LC0RD	rk:6:0	false	8.2
0RB0LA_1RC0LC_1LD0RC_1LA0LA	rk:4:0	false	0.9
0RB0LA_1RC0LC_1LD0RC_1LA0LA	rk:5:0	false	1.2
0RB0LA_1RC0LC_1LD0RC_1LA0LA	rk:6:0	false	2.2
0RB0LA_1RC0LC_1LD0RC_1LA1RC	rk:4:0	false	0.9
0RB0LA_1RC0LC_1LD0RC_1LA1RC	rk:5:0	false	1.2
0RB0LA_1RC0LC_1LD0RC_1LA1RC	rk:6:0	false	2.1
0RB0LA_1RC0LD_0RD1RB_1LA---	rk:4:0	false	0.6
0RB0LA_1RC0LD_0RD1RB_1LA---	rk:5:0	false	0.8
0RB0LA_1RC0LD_0RD1RB_1LA---	rk:6:0	false	0.7
0RB0LA_1RC0LD_0RD1RC_1LA1LD	rk:4:0	true	1.2
0RB0LA_1RC0LD_1LA0RC_1LD1RB	rk:4:0	false	4.3
0RB0LA_1RC0LD_1LA0RC_1LD1RB	rk:5:0	false	19.9
0RB0LA_1RC0LD_1LA0RC_1LD1RB	rk:6:0	false	109.1
0RB0LA_1RC0LD_1LA1RD_1LC0RD	rk:4:0	false	0.9
0RB0LA_1RC0LD_1LA1RD_1LC0RD	rk:5:0	false	1.2
0RB0LA_1RC0LD_1LA1RD_1LC0RD	rk:6:0	false	2.2
0RB0LA_1RC0LD_1LB1RB_0RB1LA	rk:4:0	true	0.9
0RB0LA_1RC0LD_1RD1RB_1LD1LA	rk:4:0	true	1.0
0RB0LA_1RC0RC_0LD1RB_1LA1LD	rk:4:0	false	4.0
0RB0LA_1RC0RC_0LD1RB_1LA1LD	rk:5:0	false	26.7
0RB0LA_1RC0RC_0LD1RB_1LA1LD	rk:6:0	false	192.1
0RB0LA_1RC0RC_1LD0LD_1RB1LA	rk:4:0	false	1.6
0RB0LA_1RC0RC_1LD0LD_1RB1LA	rk:5:0	false	4.7
0RB0LA_1RC0RC_1LD0LD_1RB1LA	rk:6:0	false	19.3
0RB0LA_1RC0RC_1LD1LA_1LB1RD	rk:4:0	false	1.2
0RB0LA_1RC0RC_1LD1LA_1LB1RD	rk:5:0	false	1.9
0RB0LA_1RC0RC_1LD1LA_1LB1RD	rk:6:0	false	3.7
0RB0LA_1RC0RC_1LD1RB_1LA0LD	rk:4:0	false	9.8
0RB0LA_1RC0RC_1LD1RB_1LA0LD	rk:5:0	false	54.9
0RB0LA_1RC0RC_1LD1RB_1LA0LD	rk:6:0	timeout	300.1
0RB0LA_1RC0RC_1RD1RC_1LA1LD	rk:4:0	false	1.6
0RB0LA_1RC0RC_1RD1RC_1LA1LD	rk:5:0	false	4.3
0RB0LA_1RC0RC_1RD1RC_1LA1LD	rk:6:0	false	15.5
0RB0LA_1RC0RD_1LA1LC_1RB1LD	rk:4:0	true	1.8
0RB0LA_1RC0RD_1LA1LC_1RB1RD	rk:4:0	false	6.7
0RB0LA_1RC0RD_1LA1LC_1RB1RD	rk:5:0	false	38.4
0RB0LA_1RC0RD_1LA1LC_1RB1RD	rk:6:0	false	252.4
0RB0LA_1RC0RD_1LA1LC_1RC1RD	rk:4:0	false	1.6
0RB0LA_1RC0RD_1LA1LC_1RC1RD	rk:5:0	false	4.4
0RB0LA_1RC0RD_1LA1LC_1RC1RD	rk:6:0	false	15.5
0RB0LA_1RC0RD_1RD1RB_1LA1LB	rk:4:0	false	19.5
0RB0LA_1RC0RD_1RD1RB_1LA1LB	rk:5:0	false	182.6
0RB0LA_1RC0RD_1RD1RB_1LA1LB	rk:6:0	timeout	300.1
0RB0LA_1RC1LA_0RD1RD_1LD1RB	rk:4:0	true	2.2
0RB0LA_1RC1LA_1LA0RD_1LD1LB	rk:4:0	false	1.4
0RB0LA_1RC1LA_1LA0RD_1LD1LB	rk:5:0	true	1.0
0RB0LA_1RC1LA_1LC0RD_1LD1LB	rk:4:0	false	1.4
0RB0LA_1RC1LA_1LC0RD_1LD1LB	rk:5:0	true	1.0
0RB0LA_1RC1LA_1LD0LA_1LB1RD	rk:4:0	true	0.8
0RB0LA_1RC1LA_1LD1LD_1LB1RD	rk:4:0	true	0.8
0RB0LA_1RC1LA_1LD1RB_0RC0LD	rk:4:0	false	3.3
0RB0LA_1RC1LA_1LD1RB_0RC0LD	rk:5:0	false	18.0
0RB0LA_1RC1LA_1LD1RB_0RC0LD	rk:6:0	false	58.0
0RB0LA_1RC1LA_1LD1RB_1LB1RD	rk:4:0	true	0.9
0RB0LA_1RC1LA_1LD1RD_1LB1RD	rk:4:0	true	0.8
0RB0LA_1RC1LA_1RD---_1LD1RB	rk:4:0	false	0.7
0RB0LA_1RC1LA_1RD---_1LD1RB	rk:5:0	false	0.7
0RB0LA_1RC1LA_1RD---_1LD1RB	rk:6:0	false	0.8
0RB0LA_1RC1LA_1RD0LA_1LB1RB	rk:4:0	true	0.9
0RB0LA_1RC1LA_1RD0LA_1LB1RC	rk:4:0	true	0.9
0RB0LA_1RC1LA_1RD0LA_1LB1RD	rk:4:0	true	0.8
0RB0LA_1RC1LA_1RD0LD_0LB1RB	rk:4:0	true	0.8
0RB0LA_1RC1LA_1RD0RD_0LB0RD	rk:4:0	true	0.8
0RB0LA_1RC1LA_1RD0RD_0LB1RB	rk:4:0	true	0.9
0RB0LA_1RC1LA_1RD0RD_0LB1RC	rk:4:0	true	0.8
0RB0LA_1RC1LA_1RD0RD_1LB0LB	rk:4:0	false	1.4
0RB0LA_1RC1LA_1RD0RD_1LB0LB	rk:5:0	false	3.7
0RB0LA_1RC1LA_1RD0RD_1LB0LB	rk:6:0	false	15.5
0RB0LA_1RC1LA_1RD1LD_1LB1RD	rk:4:0	true	0.8
0RB0LA_1RC1LA_1RD1RB_0LB---	rk:4:0	false	0.6
0RB0LA_1RC1LA_1RD1RB_0LB---	rk:5:0	false	0.7
0RB0LA_1RC1LA_1RD1RB_0LB---	rk:6:0	false	0.7
0RB0LA_1RC1LA_1RD1RB_1LB1RB	rk:4:0	true	1.0
0RB0LA_1RC1LA_1RD1RB_1LB1RC	rk:4:0	true	1.0
0RB0LA_1RC1LA_1RD1RB_1LB1RD	rk:4:0	true	0.9
0RB0LA_1RC1LA_1RD1RC_0LB0RD	rk:4:0	true	0.8
0RB0LA_1RC1LA_1RD1RC_0LB1LB	rk:4:0	true	1.1
0RB0LA_1RC1LA_1RD1RC_0LB1RB	rk:4:0	true	0.8
0RB0LA_1RC1LA_1RD1RC_0LB1RC	rk:4:0	true	0.8
0RB0LA_1RC1LA_1RD1RC_1LA1LB	rk:4:0	true	1.0
0RB0LA_1RC1LA_1RD1RC_1LB---	rk:4:0	false	0.6
0RB0LA_1RC1LA_1RD1RC_1LB---	rk:5:0	false	0.7
0RB0LA_1RC1LA_1RD1RC_1LB---	rk:6:0	false	0.7
0RB0LA_1RC1LA_1RD1RD_1LB1RB	rk:4:0	true	1.0
0RB0LA_1RC1LA_1RD1RD_1LB1RD	rk:4:0	true	0.8
0RB0LA_1RC1LB_0RD1RD_1LA1RB	rk:4:0	false	2.5
0RB0LA_1RC1LB_0RD1RD_1LA1RB	rk:5:0	false	5.7
0RB0LA_1RC1LB_0RD1RD_1LA1RB	rk:6:0	false	20.7
0RB0LA_1RC1LB_1LA0RD_0LB1RD	rk:4:0	false	6.4
0RB0LA_1RC1LB_1LA0RD_0LB1RD	rk:5:0	false	36.9
0RB0LA_1RC1LB_1LA0RD_0LB1RD	rk:6:0	false	272.3
0RB0LA_1RC1LB_1RD1RB_1LA0RD	rk:4:0	false	2.7
0RB0LA_1RC1LB_1RD1RB_1LA0RD	rk:5:0	false	11.2
0RB0LA_1RC1LB_1RD1RB_1LA0RD	rk:6:0	false	60.7
0RB0LA_1RC1LC_0LC1RD_1LA0RD	rk:4:0	false	1.2
0RB0LA_1RC1LC_0LC1RD_1LA0RD	rk:5:0	false	2.8
0RB0LA_1RC1LC_0LC1RD_1LA0RD	rk:6:0	false	9.6
0RB0LA_1RC1LC_1LA0RD_0RC0LC	rk:4:0	false	1.1
0RB0LA_1RC1LC_1LA0RD_0RC0LC	rk:5:0	false	1.6
0RB0LA_1RC1LC_1LA0RD_0RC0LC	rk:6:0	false	4.4
0RB0LA_1RC1LC_1LA1LD_0RC1RD	rk:4:0	false	0.9
0RB0LA_1RC1LC_1LA1LD_0RC1RD	rk:5:0	false	1.1
0RB0LA_1RC1LC_1LA1LD_0RC1RD	rk:6:0	false	1.9
0RB0LA_1RC1LC_1LA1RD_0RC1RB	rk:4:0	true	4.2
0RB0LA_1RC1LD_0RD0LA_1LA0LB	rk:4:0	true	0.9
0RB0LA_1RC1LD_0RD0LD_1LA1RB	rk:4:0	false	1.0
0RB0LA_1RC1LD_0RD0LD_1LA1RB	rk:5:0	false	1.4
0RB0LA_1RC1LD_0RD0LD_1LA1RB	rk:6:0	false	2.3
0RB0LA_1RC1LD_0RD1RC_1LA---	rk:4:0	false	0.6
0RB0LA_1RC1LD_0RD1RC_1LA---	rk:5:0	false	0.7
0RB0LA_1RC1LD_0RD1RC_1LA---	rk:6:0	false	0.7
0RB0LA_1RC1LD_0RD1RD_1LA1RB	rk:4:0	false	1.0
0RB0LA_1RC1LD_0RD1RD_1LA1RB	rk:5:0	false	1.1
0RB0LA_1RC1LD_0RD1RD_1LA1RB	rk:6:0	false	1.8
0RB0LA_1RC1LD_1LA0RC_0LD0LA	rk:4:0	false	1.2
0RB0LA_1RC1LD_1LA0RC_0LD0LA	rk:5:0	false	2.7
0RB0LA_1RC1LD_1LA0RC_0LD0LA	rk:6:0	false	9.7
0RB0LA_1RC1LD_1LA0RC_0LD1RC	rk:4:0	false	1.1
0RB0LA_1RC1LD_1LA0RC_0LD1RC	rk:5:0	false	2.4
0RB0LA_1RC1LD_1LA0RC_0LD1RC	rk:6:0	false	8.9
0RB0LA_1RC1LD_1LA0RC_1RD1RB	rk:4:0	false	2.7
0RB0LA_1RC1LD_1LA0RC_1RD1RB	rk:5:0	false	14.4
0RB0LA_1RC1LD_1LA0RC_1RD1RB	rk:6:0	false	82.0
0RB0LA_1RC1LD_1LB1RC_0RA1LA	rk:4:0	true	0.8
0RB0LA_1RC1LD_1LB1RC_0RC1LA	rk:4:0	true	0.8
0RB0LA_1RC1RB_0LC1LD_0RB1LA	rk:4:0	true	1.0
0RB0LA_1RC1RB_0LC1LD_0RD1LA	rk:4:0	true	1.0
0RB0LA_1RC1RB_0LD0RC_1LD1LA	rk:4:0	false	5.0
0RB0LA_1RC1RB_0LD0RC_1LD1LA	rk:5:0	false	20.6
0RB0LA_1RC1RB_0LD0RC_1LD1LA	rk:6:0	false	102.0
0RB0LA_1RC1RB_0LD0RD_1LD1LA	rk:4:0	true	2.4
0RB0LA_1RC1RB_0LD1LC_0RA1LA	rk:4:0	false	1.2
0RB0LA_1RC1RB_0LD1LC_0RA1LA	rk:5:0	false	2.2
0RB0LA_1RC1RB_0LD1LC_0RA1LA	rk:6:0	false	5.2
0RB0LA_1RC1RB_0LD1LC_0RD1LA	rk:4:0	false	1.0
0RB0LA_1RC1RB_0LD1LC_0RD1LA	rk:5:0	false	1.6
0RB0LA_1RC1RB_0LD1LC_0RD1LA	rk:6:0	false	3.3
0RB0LA_1RC1RB_0RD---_1LD1LA	rk:4:0	false	0.7
0RB0LA_1RC1RB_0RD---_1LD1LA	rk:5:0	false	0.7
0RB0LA_1RC1RB_0RD---_1LD1LA	rk:6:0	false	0.7
0RB0LA_1RC1RB_0RD1RB_1LD0LA	rk:4:0	true	0.9
0RB0LA_1RC1RB_1LA0LD_0RB1LD	rk:4:0	false	2.5
0RB0LA_1RC1RB_1LA0LD_0RB1LD	rk:5:0	false	8.7
0RB0LA_1RC1RB_1LA0LD_0RB1LD	rk:6:0	false	35.1
0RB0LA_1RC1RB_1LA0LD_0RC1LD	rk:4:0	false	1.5
0RB0LA_1RC1RB_1LA0LD_0RC1LD	rk:5:0	false	4.0
0RB0LA_1RC1RB_1LA0LD_0RC1LD	rk:6:0	false	14.6
0RB0LA_1RC1RB_1LA0RD_1LD1LA	rk:4:0	false	11.0
0RB0LA_1RC1RB_1LA0RD_1LD1LA	rk:5:0	false	91.0
0RB0LA_1RC1RB_1LA0RD_1LD1LA	rk:6:0	timeout	300.1
0RB0LA_1RC1RB_1LA1LD_0RB1LD	rk:4:0	false	1.7
0RB0LA_1RC1RB_1LA1LD_0RB1LD	rk:5:0	false	5.0
0RB0LA_1RC1RB_1LA1LD_0RB1LD	rk:6:0	false	19.2
0RB0LA_1RC1RB_1LA1RD_0LB---	rk:4:0	false	0.7
0RB0LA_1RC1RB_1LA1RD_0LB---	rk:5:0	false	0.7
0RB0LA_1RC1RB_1LA1RD_0LB---	rk:6:0	false	0.9
0RB0LA_1RC1RB_1LA1RD_1LB---	rk:4:0	false	0.7
0RB0LA_1RC1RB_1LA1RD_1LB---	rk:5:0	false	0.7
0RB0LA_1RC1RB_1LA1RD_1LB---	rk:6:0	false	0.8
0RB0LA_1RC1RB_1LC1LD_0RA1LA	rk:4:0	true	0.8
0RB0LA_1RC1RB_1LC1LD_0RB1LA	rk:4:0	true	0.8
0RB0LA_1RC1RB_1LC1LD_0RD1LA	rk:4:0	true	0.8
0RB0LA_1RC1RB_1LD---_---1LA	rk:4:0	false	0.6
0RB0LA_1RC1RB_1LD---_---1LA	rk:5:0	false	0.7
0RB0LA_1RC1RB_1LD---_---1LA	rk:6:0	false	0.7
0RB0LA_1RC1RB_1LD0RC_1LB0LA	rk:4:0	false	44.2
0RB0LA_1RC1RB_1LD0RC_1LB0LA	rk:5:0	timeout	300.1
0RB0LA_1RC1RB_1LD0RC_1LB0LA	rk:6:0	timeout	300.1
0RB0LA_1RC1RB_1RD---_1LA0LB	rk:4:0	false	0.7
0RB0LA_1RC1RB_1RD---_1LA0LB	rk:5:0	false	0.7
0RB0LA_1RC1RB_1RD---_1LA0LB	rk:6:0	false	0.8
0RB0LA_1RC1RB_1RD---_1LA1LB	rk:4:0	false	0.7
0RB0LA_1RC1RB_1RD---_1LA1LB	rk:5:0	false	0.7
0RB0LA_1RC1RB_1RD---_1LA1LB	rk:6:0	false	0.8
0RB0LA_1RC1RB_1RD1LB_1LD1LA	rk:4:0	true	0.9
0RB0LA_1RC1RB_1RD1LD_1LD1LA	rk:4:0	true	0.8
0RB0LA_1RC1RB_1RD1RB_1LD1LA	rk:4:0	true	0.8
0RB0LA_1RC1RC_1LD1RD_1RB1LA	rk:4:0	true	0.9
0RB0LA_1RC1RD_0LB1RB_1LA---	rk:4:0	false	0.7
0RB0LA_1RC1RD_0LB1RB_1LA---	rk:5:0	false	0.7
0RB0LA_1RC1RD_0LB1RB_1LA---	rk:6:0	false	0.9
0RB0LA_1RC1RD_0LD---_1RB1LA	rk:4:0	false	0.6
0RB0LA_1RC1RD_0LD---_1RB1LA	rk:5:0	false	0.7
0RB0LA_1RC1RD_0LD---_1RB1LA	rk:6:0	false	0.7
0RB0LA_1RC1RD_1LA0LB_1RB---	rk:4:0	false	0.7
0RB0LA_1RC1RD_1LA0LB_1RB---	rk:5:0	false	0.7
0RB0LA_1RC1RD_1LA0LB_1RB---	rk:6:0	false	0.9
0RB0LA_1RC1RD_1LA0RD_1LD1RB	rk:4:0	false	14.5
0RB0LA_1RC1RD_1LA0RD_1LD1RB	rk:5:0	false	87.0
0RB0LA_1RC1RD_1LA0RD_1LD1RB	rk:6:0	timeout	300.1
0RB0LA_1RC1RD_1LA1LB_---1RB	rk:4:0	false	0.8
0RB0LA_1RC1RD_1LA1LB_---1RB	rk:5:0	false	0.8
0RB0LA_1RC1RD_1LA1LB_---1RB	rk:6:0	false	0.9
0RB0LA_1RC1RD_1LB1RB_---1LA	rk:4:0	false	0.7
0RB0LA_1RC1RD_1LB1RB_---1LA	rk:5:0	false	0.8
0RB0LA_1RC1RD_1LB1RB_---1LA	rk:6:0	false	1.0
0RB0LA_1RC1RD_1LC1LA_---1RB	rk:4:0	false	0.6
0RB0LA_1RC1RD_1LC1LA_---1RB	rk:5:0	false	0.7
0RB0LA_1RC1RD_1LC1LA_---1RB	rk:6:0	false	0.8
0RB0LA_1RC1RD_1LD1RB_---1LA	rk:4:0	false	0.7
0RB0LA_1RC1RD_1LD1RB_---1LA	rk:5:0	false	0.7
0RB0LA_1RC1RD_1LD1RB_---1LA	rk:6:0	false	0.8
0RB0LA_1RC1RD_1LD1RD_1RB1LA	rk:4:0	true	0.9
0RB0LB_0RC0LA_1RD1RC_1LA1LD	rk:4:0	false	1.2
0RB0LB_0RC0LA_1RD1RC_1LA1LD	rk:5:0	false	2.4
0RB0LB_0RC0LA_1RD1RC_1LA1LD	rk:6:0	false	7.8
0RB0LB_0RC0LB_1LD1RC_0LA1LA	rk:4:0	true	0.9
0RB0LB_0RC0LD_1LB1RC_0LA1LA	rk:4:0	true	0.9
0RB0LB_0RC0LD_1LB1RC_0RC1LA	rk:4:0	true	0.9
0RB0LB_0RC0LD_1LD1RC_0LA1LA	rk:4:0	true	0.9
0RB0LB_0RC0LD_1LD1RC_0RC1LA	rk:4:0	false	1.3
0RB0LB_0RC0LD_1LD1RC_0RC1LA	rk:5:0	true	1.1
0RB0LB_0RC1LB_1LA1RC_------	rk:4:0	false	0.9
0RB0LB_0RC1LB_1LA1RC_------	rk:5:0	false	1.2
0RB0LB_0RC1LB_1LA1RC_------	rk:6:0	false	1.7
0RB0LB_0RC1LB_1LA1RD_0LD1RC	rk:4:0	false	1.2
0RB0LB_0RC1LB_1LA1RD_0LD1RC	rk:5:0	false	1.7
0RB0LB_0RC1LB_1LA1RD_0LD1RC	rk:6:0	false	2.8
0RB0LB_0RC1LB_1LA1RD_1LA1RC	rk:4:0	false	1.2
0RB0LB_0RC1LB_1LA1RD_1LA1RC	rk:5:0	false	2.0
0RB0LB_0RC1LB_1LA1RD_1LA1RC	rk:6:0	false	3.2
0RB0LB_0RC1LB_1LA1RD_1LA1RD	rk:4:0	false	1.1
0RB0LB_0RC1LB_1LA1RD_1LA1RD	rk:5:0	false	1.7
0RB0LB_0RC1LB_1LA1RD_1LA1RD	rk:6:0	false	2.6
0RB0LB_0RC1LB_1LD1RC_0LA1LA	rk:4:0	false	1.1
0RB0LB_0RC1LB_1LD1RC_0LA1LA	rk:5:0	false	1.4
0RB0LB_0RC1LB_1LD1RC_0LA1LA	rk:6:0	false	2.6
0RB0LB_0RC1LB_1LD1RC_0RB1LA	rk:4:0	false	1.3
0RB0LB_0RC1LB_1LD1RC_0RB1LA	rk:5:0	false	1.7
0RB0LB_0RC1LB_1LD1RC_0RB1LA	rk:6:0	false	3.1
0RB0LB_0RC1LB_1LD1RC_0RC1LA	rk:4:0	false	1.3
0RB0LB_0RC1LB_1LD1RC_0RC1LA	rk:5:0	false	1.7
0RB0LB_0RC1LB_1LD1RC_0RC1LA	rk:6:0	false	3.0
0RB0LB_0RC1LB_1LD1RC_0RD1LA	rk:4:0	false	1.1
0RB0LB_0RC1LB_1LD1RC_0RD1LA	rk:5:0	false	1.4
0RB0LB_0RC1LB_1LD1RC_0RD1LA	rk:6:0	false	2.6
0RB0LB_0RC1LB_1LD1RC_1LA0RA	rk:4:0	false	1.1
0RB0LB_0RC1LB_1LD1RC_1LA0RA	rk:5:0	false	1.2
0RB0LB_0RC1LB_1LD1RC_1LA0RA	rk:6:0	false	1.8
0RB0LB_0RC1LB_1LD1RC_1LA1LA	rk:4:0	false	1.2
0RB0LB_0RC1LB_1LD1RC_1LA1LA	rk:5:0	false	1.5
0RB0LB_0RC1LB_1LD1RC_1LA1LA	rk:6:0	false	2.5
0RB0LB_0RC1LB_1LD1RC_1RA1LA	rk:4:0	false	1.2
0RB0LB_0RC1LB_1LD1RC_1RA1LA	rk:5:0	false	1.4
0RB0LB_0RC1LB_1LD1RC_1RA1LA	rk:6:0	false	2.5
0RB0LB_0RC1LB_1LD1RD_1LA1RD	rk:4:0	false	1.1
0RB0LB_0RC1LB_1LD1RD_1LA1RD	rk:5:0	false	1.6
0RB0LB_0RC1LB_1LD1RD_1LA1RD	rk:6:0	false	2.7
0RB0LB_0RC1LB_1RD1RC_1LD0LA	rk:4:0	false	1.0
0RB0LB_0RC1LB_1RD1RC_1LD0LA	rk:5:0	false	1.3
0RB0LB_0RC1LB_1RD1RC_1LD0LA	rk:6:0	false	2.0
0RB0LB_0RC1LD_1LA1RC_0LA0LB	rk:4:0	true	0.9
0RB0LB_0RC1LD_1LA1RC_0LA0LD	rk:4:0	true	0.9
0RB0LB_0RC1LD_1LA1RC_0LA1LA	rk:4:0	true	0.8
0RB0LB_0RC1LD_1LA1RC_0LA1RD	rk:4:0	true	1.1
0RB0LB_0RC1LD_1LA1RC_0RC1LB	rk:4:0	false	1.2
0RB0LB_0RC1LD_1LA1RC_0RC1LB	rk:5:0	false	1.8
0RB0LB_0RC1LD_1LA1RC_0RC1LB	rk:6:0	false	3.2
0RB0LB_0RC1LD_1LA1RC_0RC1LD	rk:4:0	false	1.1
0RB0LB_0RC1LD_1LA1RC_0RC1LD	rk:5:0	false	1.6
0RB0LB_0RC1LD_1LA1RC_0RC1LD	rk:6:0	false	2.7
0RB0LB_0RC1LD_1LA1RC_0RD1LB	rk:4:0	false	1.1
0RB0LB_0RC1LD_1LA1RC_0RD1LB	rk:5:0	false	1.5
0RB0LB_0RC1LD_1LA1RC_0RD1LB	rk:6:0	false	2.6
0RB0LB_0RC1LD_1LB1RC_0LA1LA	rk:4:0	false	1.2
0RB0LB_0RC1LD_1LB1RC_0LA1LA	rk:5:0	false	1.5
0RB0LB_0RC1LD_1LB1RC_0LA1LA	rk:6:0	false	2.3
0RB0LB_0RC1LD_1LB1RC_0LB0LA	rk:4:0	false	1.1
0RB0LB_0RC1LD_1LB1RC_0LB0LA	rk:5:0	true	1.1
0RB0LB_0RC1LD_1LB1RC_1LB0LA	rk:4:0	false	1.1
0RB0LB_0RC1LD_1LB1RC_1LB0LA	rk:5:0	true	1.1
0RB0LB_0RC1LD_1LB1RC_1RC0LA	rk:4:0	false	0.9
0RB0LB_0RC1LD_1LB1RC_1RC0LA	rk:5:0	true	1.1
0RB0LB_0RC1LD_1LD1RC_0LA1LA	rk:4:0	true	0.8
0RB0LB_0RC1LD_1LD1RC_0RC1LA	rk:4:0	false	0.9
0RB0LB_0RC1LD_1LD1RC_0RC1LA	rk:5:0	true	0.8
0RB0LB_0RC1RD_1LD1RC_0LA1LA	rk:4:0	true	1.0
0RB0LB_1LC0LD_1RA1RC_0RC1LB	rk:4:0	true	1.1
0RB0LB_1LC0LD_1RD0RA_1LB0RC	rk:4:0	false	14.4
0RB0LB_1LC0LD_1RD0RA_1LB0RC	rk:5:0	false	141.4
0RB0LB_1LC0LD_1RD0RA_1LB0RC	rk:6:0	timeout	300.1
0RB0LB_1LC0RC_1RD0LA_1RB1RC	rk:4:0	false	7.1
0RB0LB_1LC0RC_1RD0LA_1RB1RC	rk:5:0	false	5.6
0RB0LB_1LC0RC_1RD0LA_1RB1RC	rk:6:0	false	21.7
0RB0LB_1LC0RD_1LA0LA_1LB1RB	rk:4:0	false	0.9
0RB0LB_1LC0RD_1LA0LA_1LB1RB	rk:5:0	false	1.0
0RB0LB_1LC0RD_1LA0LA_1LB1RB	rk:6:0	false	1.4
0RB0LB_1LC0RD_1LA1RB_1LC1RD	rk:4:0	false	3.2
0RB0LB_1LC0RD_1LA1RB_1LC1RD	rk:5:0	false	8.5
0RB0LB_1LC0RD_1LA1RB_1LC1RD	rk:6:0	false	30.1
0RB0LB_1LC1LB_0RC0RD_1LA1RD	rk:4:0	false	1.0
0RB0LB_1LC1LB_0RC0RD_1LA1RD	rk:5:0	false	1.4
0RB0LB_1LC1LB_0RC0RD_1LA1RD	rk:6:0	false	2.3
0RB0LB_1LC1RA_0LD0LC_1RD1LB	rk:4:0	false	1.4
0RB0LB_1LC1RA_0LD0LC_1RD1LB	rk:5:0	false	1.8
0RB0LB_1LC1RA_0LD0LC_1RD1LB	rk:6:0	false	4.5
0RB0LB_1LC1RC_1LA1RD_1RC0RD	rk:4:0	false	2.1
0RB0LB_1LC1RC_1LA1RD_1RC0RD	rk:5:0	false	3.4
0RB0LB_1LC1RC_1LA1RD_1RC0RD	rk:6:0	true	1.0
0RB0LB_1LC1RD_0LD0LC_1RA1LC	rk:4:0	false	2.0
0RB0LB_1LC1RD_0LD0LC_1RA1LC	rk:5:0	false	3.8
0RB0LB_1LC1RD_0LD0LC_1RA1LC	rk:6:0	false	10.8
0RB0LB_1LC1RD_1LA0RD_1RB1RC	rk:4:0	false	5.2
0RB0LB_1LC1RD_1LA0RD_1RB1RC	rk:5:0	false	16.1
0RB0LB_1LC1RD_1LA0RD_1RB1RC	rk:6:0	false	52.6
0RB0LB_1RC0LA_0RD1RD_1LB1RB	rk:4:0	true	1.6
0RB0LB_1RC0LA_1LB1RD_1RC---	rk:4:0	false	0.7
0RB0LB_1RC0LA_1LB1RD_1RC---	rk:5:0	false	0.8
0RB0LB_1RC0LA_1LB1RD_1RC---	rk:6:0	false	0.9
0RB0LB_1RC0LA_1RD---_1LA1RC	rk:4:0	false	0.6
0RB0LB_1RC0LA_1RD---_1LA1RC	rk:5:0	false	0.7
0RB0LB_1RC0LA_1RD---_1LA1RC	rk:6:0	false	0.8
0RB0LB_1RC0LC_1RD0LA_1LB1RB	rk:4:0	false	0.9
0RB0LB_1RC0LC_1RD0LA_1LB1RB	rk:5:0	false	1.2
0RB0LB_1RC0LC_1RD0LA_1LB1RB	rk:6:0	false	2.9
0RB0LB_1RC1LC_0RD1LA_1LD0LB	rk:4:0	false	1.4
0RB0LB_1RC1LC_0RD1LA_1LD0LB	rk:5:0	false	1.4
0RB0LB_1RC1LC_0RD1LA_1LD0LB	rk:6:0	false	1.7
0RB0LB_1RC1RA_1LD1RB_1LA0LD	rk:4:0	false	3.4
0RB0LB_1RC1RA_1LD1RB_1LA0LD	rk:5:0	true	8.9
0RB0LB_1RC1RD_0LD0LC_1RA1LC	rk:4:0	false	1.2
0RB0LB_1RC1RD_0LD0LC_1RA1LC	rk:5:0	false	2.0
0RB0LB_1RC1RD_0LD0LC_1RA1LC	rk:6:0	false	4.6
0RB0LB_1RC1RD_1LD0RB_1RA0LC	rk:4:0	false	1.1
0RB0LB_1RC1RD_1LD0RB_1RA0LC	rk:5:0	false	1.7
0RB0LB_1RC1RD_1LD0RB_1RA0LC	rk:6:0	false	2.8
0RB0LC_0LC0RD_1RD1LC_1RB1LA	rk:4:0	false	9.0
0RB0LC_0LC0RD_1RD1LC_1RB1LA	rk:5:0	false	46.0
0RB0LC_0LC0RD_1RD1LC_1RB1LA	rk:6:0	timeout	300.1
0RB0LC_0LC1RD_1LA1LC_1RB0RD	rk:4:0	true	1.9
0RB0LC_0RC1LC_0RD1LA_1LB1RD	rk:4:0	false	1.0
0RB0LC_0RC1LC_0RD1LA_1LB1RD	rk:5:0	true	0.9
0RB0LC_0RC1RB_1LD0LA_1LA---	rk:4:0	false	0.7
0RB0LC_0RC1RB_1LD0LA_1LA---	rk:5:0	false	0.7
0RB0LC_0RC1RB_1LD0LA_1LA---	rk:6:0	false	0.9
0RB0LC_1LA1LC_0RD0LA_1RD1RB	rk:4:0	false	2.1
0RB0LC_1LA1LC_0RD0LA_1RD1RB	rk:5:0	false	6.7
0RB0LC_1LA1LC_0RD0LA_1RD1RB	rk:6:0	false	25.2
0RB0LC_1LA1LC_1RD0RD_0LA1RB	rk:4:0	false	1.4
0RB0LC_1LA1LC_1RD0RD_0LA1RB	rk:5:0	false	3.2
0RB0LC_1LA1LC_1RD0RD_0LA1RB	rk:6:0	false	11.5
0RB0LC_1LA1RB_0LD0LA_1RA0RA	rk:4:0	true	1.2
0RB0LC_1LA1RB_0LD0LA_1RA0RC	rk:4:0	true	0.9
0RB0LC_1LA1RB_0LD1LA_1RA0RA	rk:4:0	false	1.3
0RB0LC_1LA1RB_0LD1LA_1RA0RA	rk:5:0	true	1.4
0RB0LC_1LA1RB_0LD1LA_1RA0RC	rk:4:0	true	0.8
0RB0LC_1LA1RB_0LD1LD_0RA0LA	rk:4:0	true	1.0
0RB0LC_1LA1RB_0LD1LD_0RA0LC	rk:4:0	true	0.9
0RB0LC_1LA1RB_0LD1LD_0RA1LA	rk:4:0	true	0.8
0RB0LC_1LA1RB_0RB0LD_0RB1LC	rk:4:0	true	0.9
0RB0LC_1LA1RB_0RB0LD_0RB1LD	rk:4:0	false	1.3
0RB0LC_1LA1RB_0RB0LD_0RB1LD	rk:5:0	false	2.5
0RB0LC_1LA1RB_0RB0LD_0RB1LD	rk:6:0	false	7.0
0RB0LC_1LA1RB_0RB1LC_------	rk:4:0	false	0.9
0RB0LC_1LA1RB_0RB1LC_------	rk:5:0	false	1.2
0RB0LC_1LA1RB_0RB1LC_------	rk:6:0	false	1.8
0RB0LC_1LA1RB_0RB1LD_0RA0LA	rk:4:0	true	0.9
0RB0LC_1LA1RB_0RB1LD_0RA1LA	rk:4:0	true	0.8
0RB0LC_1LA1RB_0RB1LD_0RB0LA	rk:4:0	true	0.9
0RB0LC_1LA1RB_0RB1LD_0RB1LA	rk:4:0	true	0.8
0RB0LC_1LA1RB_0RB1LD_0RB1LC	rk:4:0	false	1.2
0RB0LC_1LA1RB_0RB1LD_0RB1LC	rk:5:0	false	1.8
0RB0LC_1LA1RB_0RB1LD_0RB1LC	rk:6:0	false	3.2
0RB0LC_1LA1RB_0RB1LD_0RB1LD	rk:4:0	false	1.1
0RB0LC_1LA1RB_0RB1LD_0RB1LD	rk:5:0	false	1.6
0RB0LC_1LA1RB_0RB1LD_0RB1LD	rk:6:0	false	2.6
0RB0LC_1LA1RB_0RB1LD_0RD0LA	rk:4:0	true	0.9
0RB0LC_1LA1RB_0RB1LD_0RD1LA	rk:4:0	true	0.8
0RB0LC_1LA1RB_0RB1LD_0RD1LC	rk:4:0	false	1.1
0RB0LC_1LA1RB_0RB1LD_0RD1LC	rk:5:0	false	1.5
0RB0LC_1LA1RB_0RB1LD_0RD1LC	rk:6:0	false	2.6
0RB0LC_1LA1RB_0RD0LA_1RD1LC	rk:4:0	false	2.6
0RB0LC_1LA1RB_0RD0LA_1RD1LC	rk:5:0	false	7.8
0RB0LC_1LA1RB_0RD0LA_1RD1LC	rk:6:0	false	39.2
0RB0LC_1LA1RB_0RD0LA_1RD1RB	rk:4:0	false	1.5
0RB0LC_1LA1RB_0RD0LA_1RD1RB	rk:5:0	false	5.0
0RB0LC_1LA1RB_0RD0LA_1RD1RB	rk:6:0	false	16.0
0RB0LC_1LA1RB_0RD1LA_1LC1RD	rk:4:0	false	1.5
0RB0LC_1LA1RB_0RD1LA_1LC1RD	rk:5:0	false	3.4
0RB0LC_1LA1RB_0RD1LA_1LC1RD	rk:6:0	false	7.9
0RB0LC_1LA1RB_0RD1LC_0LA0LA	rk:4:0	false	1.0
0RB0LC_1LA1RB_0RD1LC_0LA0LA	rk:5:0	false	1.3
0RB0LC_1LA1RB_0RD1LC_0LA0LA	rk:6:0	false	2.1
0RB0LC_1LA1RB_0RD1LC_0LA1LA	rk:4:0	false	1.0
0RB0LC_1LA1RB_0RD1LC_0LA1LA	rk:5:0	false	1.3
0RB0LC_1LA1RB_0RD1LC_0LA1LA	rk:6:0	false	2.1
0RB0LC_1LA1RB_0RD1LC_0LA1RB	rk:4:0	false	1.1
0RB0LC_1LA1RB_0RD1LC_0LA1RB	rk:5:0	false	1.6
0RB0LC_1LA1RB_0RD1LC_0LA1RB	rk:6:0	false	2.7
0RB0LC_1LA1RB_0RD1LC_1LA0LA	rk:4:0	false	1.0
0RB0LC_1LA1RB_0RD1LC_1LA0LA	rk:5:0	false	1.4
0RB0LC_1LA1RB_0RD1LC_1LA0LA	rk:6:0	false	2.1
0RB0LC_1LA1RB_0RD1LC_1LA1LA	rk:4:0	false	1.0
0RB0LC_1LA1RB_0RD1LC_1LA1LA	rk:5:0	false	1.3
0RB0LC_1LA1RB_0RD1LC_1LA1LA	rk:6:0	false	2.1
0RB0LC_1LA1RB_0RD1LC_1LA1RB	rk:4:0	false	1.1
0RB0LC_1LA1RB_0RD1LC_1LA1RB	rk:5:0	false	1.6
0RB0LC_1LA1RB_0RD1LC_1LA1RB	rk:6:0	false	2.7
0RB0LC_1LA1RB_0RD1LC_1LB0LA	rk:4:0	false	1.0
0RB0LC_1LA1RB_0RD1LC_1LB0LA	rk:5:0	false	1.4
0RB0LC_1LA1RB_0RD1LC_1LB0LA	rk:6:0	false	1.9
0RB0LC_1LA1RB_0RD1LC_1LB1LA	rk:4:0	false	0.9
0RB0LC_1LA1RB_0RD1LC_1LB1LA	rk:5:0	false	1.3
0RB0LC_1LA1RB_0RD1LC_1LB1LA	rk:6:0	false	1.9
0RB0LC_1LA1RB_0RD1LC_1LB1RA	rk:4:0	false	2.4
0RB0LC_1LA1RB_0RD1LC_1LB1RA	rk:5:0	false	5.2
0RB0LC_1LA1RB_0RD1LC_1LB1RA	rk:6:0	false	14.4
0RB0LC_1LA1RB_0RD1LC_1LB1RB	rk:4:0	false	1.1
0RB0LC_1LA1RB_0RD1LC_1LB1RB	rk:5:0	false	1.5
0RB0LC_1LA1RB_0RD1LC_1LB1RB	rk:6:0	false	2.7
0RB0LC_1LA1RB_0RD1LC_1LC0LA	rk:4:0	false	1.0
0RB0LC_1LA1RB_0RD1LC_1LC0LA	rk:5:0	false	1.4
0RB0LC_1LA1RB_0RD1LC_1LC0LA	rk:6:0	false	2.1
0RB0LC_1LA1RB_0RD1LC_1LC1LA	rk:4:0	false	1.0
0RB0LC_1LA1RB_0RD1LC_1LC1LA	rk:5:0	false	1.3
0RB0LC_1LA1RB_0RD1LC_1LC1LA	rk:6:0	false	2.0
0RB0LC_1LA1RB_0RD1LC_1RB0LA	rk:4:0	false	1.0
0RB0LC_1LA1RB_0RD1LC_1RB0LA	rk:5:0	false	1.4
0RB0LC_1LA1RB_0RD1LC_1RB0LA	rk:6:0	false	2.0
0RB0LC_1LA1RB_0RD1LC_1RB1LA	rk:4:0	false	1.0
0RB0LC_1LA1RB_0RD1LC_1RB1LA	rk:5:0	false	1.3
0RB0LC_1LA1RB_0RD1LC_1RB1LA	rk:6:0	false	2.0
0RB0LC_1LA1RB_0RD1LC_1RC0LA	rk:4:0	false	1.0
0RB0LC_1LA1RB_0RD1LC_1RC0LA	rk:5:0	false	1.4
0RB0LC_1LA1RB_0RD1LC_1RC0LA	rk:6:0	false	2.1
0RB0LC_1LA1RB_0RD1LC_1RC1LA	rk:4:0	false	1.0
0RB0LC_1LA1RB_0RD1LC_1RC1LA	rk:5:0	false	1.3
0RB0LC_1LA1RB_0RD1LC_1RC1LA	rk:6:0	false	1.9
0RB0LC_1LA1RB_1LD1LC_0RD0RB	rk:4:0	false	1.0
0RB0LC_1LA1RB_1LD1LC_0RD0RB	rk:5:0	false	1.4
0RB0LC_1LA1RB_1LD1LC_0RD0RB	rk:6:0	false	2.2
0RB0LC_1LA1RB_1RC1RD_1LA0RB	rk:4:0	false	1.1
0RB0LC_1LA1RB_1RC1RD_1LA0RB	rk:5:0	false	1.9
0RB0LC_1LA1RB_1RC1RD_1LA0RB	rk:6:0	false	3.0
0RB0LC_1LA1RC_1LD0RD_1RB0LA	rk:4:0	true	1.9
0RB0LC_1LA1RC_1RB0LA_------	rk:4:0	false	0.8
0RB0LC_1LA1RC_1RB0LA_------	rk:5:0	false	1.1
0RB0LC_1LA1RC_1RB0LA_------	rk:6:0	false	1.8
0RB0LC_1LA1RC_1RB0LD_0RB0LC	rk:4:0	false	0.9
0RB0LC_1LA1RC_1RB0LD_0RB0LC	rk:5:0	false	1.3
0RB0LC_1LA1RC_1RB0LD_0RB0LC	rk:6:0	false	2.2
0RB0LC_1LA1RC_1RB1LD_0RB0LD	rk:4:0	true	0.8
0RB0LC_1LA1RC_1RB1RD_0LD0LA	rk:4:0	false	1.0
0RB0LC_1LA1RC_1RB1RD_0LD0LA	rk:5:0	false	1.7
0RB0LC_1LA1RC_1RB1RD_0LD0LA	rk:6:0	false	3.4
0RB0LC_1LA1RC_1RD0LA_1LA1RC	rk:4:0	false	0.9
0RB0LC_1LA1RC_1RD0LA_1LA1RC	rk:5:0	false	1.3
0RB0LC_1LA1RC_1RD0LA_1LA1RC	rk:6:0	false	2.2
0RB0LC_1LC---_0RD0LA_1RB1RD	rk:4:0	false	0.7
0RB0LC_1LC---_0RD0LA_1RB1RD	rk:5:0	false	0.7
0RB0LC_1LC---_0RD0LA_1RB1RD	rk:6:0	false	0.8
0RB0LC_1LC0LA_1RD0LC_0RD1LA	rk:4:0	false	1.1
0RB0LC_1LC0LA_1RD0LC_0RD1LA	rk:5:0	false	2.0
0RB0LC_1LC0LA_1RD0LC_0RD1LA	rk:6:0	false	6.5
0RB0LC_1LC0LA_1RD1RB_0RD1LA	rk:4:0	false	1.3
0RB0LC_1LC0LA_1RD1RB_0RD1LA	rk:5:0	false	3.2
0RB0LC_1LC0LA_1RD1RB_0RD1LA	rk:6:0	false	11.8
0RB0LC_1LC0LD_1RD0RA_1LB0RC	rk:4:0	false	6.9
0RB0LC_1LC0LD_1RD0RA_1LB0RC	rk:5:0	false	7.7
0RB0LC_1LC0LD_1RD0RA_1LB0RC	rk:6:0	false	21.1
0RB0LC_1LC0RC_1RD1LB_1LA0RD	rk:4:0	false	1.2
0RB0LC_1LC0RC_1RD1LB_1LA0RD	rk:5:0	false	2.6
0RB0LC_1LC0RC_1RD1LB_1LA0RD	rk:6:0	false	8.4
0RB0LC_1LC0RD_1LA0LA_1RB1LD	rk:4:0	false	6.0
0RB0LC_1LC0RD_1LA0LA_1RB1LD	rk:5:0	false	2.1
0RB0LC_1LC0RD_1LA0LA_1RB1LD	rk:6:0	false	3.9
0RB0LC_1LC0RD_1LA0LA_1RB1RD	rk:4:0	true	2.4
0RB0LC_1LC0RD_1LA0LB_1RB1RC	rk:4:0	false	1.4
0RB0LC_1LC0RD_1LA0LB_1RB1RC	rk:5:0	false	4.0
0RB0LC_1LC0RD_1LA0LB_1RB1RC	rk:6:0	false	12.9
0RB0LC_1LC0RD_1LA1LB_1RB0LC	rk:4:0	false	0.8
0RB0LC_1LC0RD_1LA1LB_1RB0LC	rk:5:0	false	1.1
0RB0LC_1LC0RD_1LA1LB_1RB0LC	rk:6:0	false	1.5
0RB0LC_1LC1LA_0RD0LA_1RD1RB	rk:4:0	false	2.1
0RB0LC_1LC1LA_0RD0LA_1RD1RB	rk:5:0	false	6.3
0RB0LC_1LC1LA_0RD0LA_1RD1RB	rk:6:0	false	25.9
0RB0LC_1LC1RA_0LD---_0RA1LD	rk:4:0	false	0.7
0RB0LC_1LC1RA_0LD---_0RA1LD	rk:5:0	false	0.7
0RB0LC_1LC1RA_0LD---_0RA1LD	rk:6:0	false	0.8
0RB0LC_1LC1RA_1LA1LD_1RB1LB	rk:4:0	false	1.7
0RB0LC_1LC1RA_1LA1LD_1RB1LB	rk:5:0	true	3.0
0RB0LC_1LC1RB_0LD1LA_1RA0RA	rk:4:0	false	1.7
0RB0LC_1LC1RB_0LD1LA_1RA0RA	rk:5:0	false	2.9
0RB0LC_1LC1RB_0LD1LA_1RA0RA	rk:6:0	false	8.7
0RB0LC_1LC1RB_0LD1LA_1RA0RC	rk:4:0	false	1.6
0RB0LC_1LC1RB_0LD1LA_1RA0RC	rk:5:0	false	3.0
0RB0LC_1LC1RB_0LD1LA_1RA0RC	rk:6:0	false	8.8
0RB0LC_1LC1RB_0LD1LA_1RC0RA	rk:4:0	false	1.6
0RB0LC_1LC1RB_0LD1LA_1RC0RA	rk:5:0	false	3.0
0RB0LC_1LC1RB_0LD1LA_1RC0RA	rk:6:0	false	8.8
0RB0LC_1LC1RB_0LD1LD_0RA0LA	rk:4:0	true	0.9
0RB0LC_1LC1RB_0LD1LD_0RA1LA	rk:4:0	false	1.0
0RB0LC_1LC1RB_0LD1LD_0RA1LA	rk:5:0	false	1.5
0RB0LC_1LC1RB_0LD1LD_0RA1LA	rk:6:0	false	3.2
0RB0LC_1LC1RB_0RB0LD_0RB1LA	rk:4:0	true	0.9
0RB0LC_1LC1RB_0RB1LD_0RA0LA	rk:4:0	false	1.3
0RB0LC_1LC1RB_0RB1LD_0RA0LA	rk:5:0	true	1.2
0RB0LC_1LC1RB_0RB1LD_0RB0LA	rk:4:0	false	1.3
0RB0LC_1LC1RB_0RB1LD_0RB0LA	rk:5:0	true	1.2
0RB0LC_1LC1RB_0RB1LD_0RD0LA	rk:4:0	true	0.9
0RB0LC_1LC1RB_0RC1LD_1LA1LA	rk:4:0	false	1.0
0RB0LC_1LC1RB_0RC1LD_1LA1LA	rk:5:0	false	1.5
0RB0LC_1LC1RB_0RC1LD_1LA1LA	rk:6:0	false	2.7
0RB0LC_1LC1RB_0RC1LD_1RC1LA	rk:4:0	false	1.1
0RB0LC_1LC1RB_0RC1LD_1RC1LA	rk:5:0	false	1.5
0RB0LC_1LC1RB_0RC1LD_1RC1LA	rk:6:0	false	2.6
0RB0LC_1LC1RB_0RD0LA_1RD1LA	rk:4:0	false	2.3
0RB0LC_1LC1RB_0RD0LA_1RD1LA	rk:5:0	false	9.4
0RB0LC_1LC1RB_0RD0LA_1RD1LA	rk:6:0	false	32.0
0RB0LC_1LC1RB_0RD0LA_1RD1RB	rk:4:0	false	1.7
0RB0LC_1LC1RB_0RD0LA_1RD1RB	rk:5:0	false	4.2
0RB0LC_1LC1RB_0RD0LA_1RD1RB	rk:6:0	false	18.9
0RB0LC_1LC1RB_0RD1LA_0LA1LA	rk:4:0	false	1.6
0RB0LC_1LC1RB_0RD1LA_0LA1LA	rk:5:0	false	3.0
0RB0LC_1LC1RB_0RD1LA_0LA1LA	rk:6:0	false	8.7
0RB0LC_1LC1RB_0RD1LA_0LA1RB	rk:4:0	false	1.6
0RB0LC_1LC1RB_0RD1LA_0LA1RB	rk:5:0	false	3.0
0RB0LC_1LC1RB_0RD1LA_0LA1RB	rk:6:0	false	8.7
0RB0LC_1LC1RB_0RD1LA_1LB0RC	rk:4:0	false	1.7
0RB0LC_1LC1RB_0RD1LA_1LB0RC	rk:5:0	false	3.0
0RB0LC_1LC1RB_0RD1LA_1LB0RC	rk:6:0	false	8.7
0RB0LC_1LC1RB_0RD1LA_1LC1LA	rk:4:0	false	1.7
0RB0LC_1LC1RB_0RD1LA_1LC1LA	rk:5:0	false	2.9
0RB0LC_1LC1RB_0RD1LA_1LC1LA	rk:6:0	false	8.4
0RB0LC_1LC1RB_0RD1LD_0LA1LA	rk:4:0	false	1.0
0RB0LC_1LC1RB_0RD1LD_0LA1LA	rk:5:0	false	1.4
0RB0LC_1LC1RB_0RD1LD_0LA1LA	rk:6:0	false	2.5
0RB0LC_1LC1RB_0RD1LD_1LA1LA	rk:4:0	false	1.1
0RB0LC_1LC1RB_0RD1LD_1LA1LA	rk:5:0	false	1.5
0RB0LC_1LC1RB_0RD1LD_1LA1LA	rk:6:0	false	2.6
0RB0LC_1LC1RB_0RD1LD_1LC1LA	rk:4:0	false	1.0
0RB0LC_1LC1RB_0RD1LD_1LC1LA	rk:5:0	false	1.4
0RB0LC_1LC1RB_0RD1LD_1LC1LA	rk:6:0	false	2.5
0RB0LC_1LC1RB_0RD1LD_1RC1LA	rk:4:0	false	1.1
0RB0LC_1LC1RB_0RD1LD_1RC1LA	rk:5:0	false	1.6
0RB0LC_1LC1RB_0RD1LD_1RC1LA	rk:6:0	false	2.7
0RB0LC_1LC1RB_1LA0LD_0RA0RB	rk:4:0	false	1.0
0RB0LC_1LC1RB_1LA0LD_0RA0RB	rk:5:0	false	1.5
0RB0LC_1LC1RB_1LA0LD_0RA0RB	rk:6:0	false	2.7
0RB0LC_1LC1RB_1LA0LD_0RC0RB	rk:4:0	false	1.0
0RB0LC_1LC1RB_1LA0LD_0RC0RB	rk:5:0	false	1.5
0RB0LC_1LC1RB_1LA0LD_0RC0RB	rk:6:0	false	2.5
0RB0LC_1LC1RB_1LA0RD_1RC0LA	rk:4:0	false	1.6
0RB0LC_1LC1RB_1LA0RD_1RC0LA	rk:5:0	false	2.2
0RB0LC_1LC1RB_1LA0RD_1RC0LA	rk:6:0	false	6.0
0RB0LC_1LC1RB_1LA0RD_1RC1LC	rk:4:0	false	2.5
0RB0LC_1LC1RB_1LA0RD_1RC1LC	rk:5:0	false	3.5
0RB0LC_1LC1RB_1LA0RD_1RC1LC	rk:6:0	false	13.2
0RB0LC_1LC1RB_1LA1LD_0RB1LA	rk:4:0	false	1.3
0RB0LC_1LC1RB_1LA1LD_0RB1LA	rk:5:0	false	2.1
0RB0LC_1LC1RB_1LA1LD_0RB1LA	rk:6:0	false	3.6
0RB0LC_1LC1RB_1LA1RD_0LA0RB	rk:4:0	false	8.3
0RB0LC_1LC1RB_1LA1RD_0LA0RB	rk:5:0	false	41.9
0RB0LC_1LC1RB_1LA1RD_0LA0RB	rk:6:0	timeout	300.1
0RB0LC_1LC1RB_1LD0LD_1LA0RC	rk:4:0	false	0.8
0RB0LC_1LC1RB_1LD0LD_1LA0RC	rk:5:0	false	0.9
0RB0LC_1LC1RB_1LD0LD_1LA0RC	rk:6:0	false	1.2
0RB0LC_1LC1RB_1LD1LD_0RB1LA	rk:4:0	false	1.3
0RB0LC_1LC1RB_1LD1LD_0RB1LA	rk:5:0	false	2.2
0RB0LC_1LC1RB_1LD1LD_0RB1LA	rk:6:0	false	4.0
0RB0LC_1LC1RB_1RB1LD_0RB1LA	rk:4:0	false	1.4
0RB0LC_1LC1RB_1RB1LD_0RB1LA	rk:5:0	false	2.2
0RB0LC_1LC1RB_1RB1LD_0RB1LA	rk:6:0	false	3.9
0RB0LC_1LC1RB_1RD1LA_1LD0RC	rk:4:0	false	2.3
0RB0LC_1LC1RB_1RD1LA_1LD0RC	rk:5:0	false	3.1
0RB0LC_1LC1RB_1RD1LA_1LD0RC	rk:6:0	false	8.9
0RB0LC_1LC1RC_1RB0LD_0RA1LA	rk:4:0	true	1.0
0RB0LC_1LC1RD_0LD1LA_1RB0RB	rk:4:0	true	1.6
0RB0LC_1LC1RD_0RB1LA_1RB0LC	rk:4:0	false	1.7
0RB0LC_1LC1RD_0RB1LA_1RB0LC	rk:5:0	false	6.0
0RB0LC_1LC1RD_0RB1LA_1RB0LC	rk:6:0	false	19.2
0RB0LC_1LC1RD_1LA0LA_0RB1RB	rk:4:0	false	2.9
0RB0LC_1LC1RD_1LA0LA_0RB1RB	rk:5:0	false	12.8
0RB0LC_1LC1RD_1LA0LA_0RB1RB	rk:6:0	false	51.9
0RB0LC_1LC1RD_1LA0LC_0RB1RA	rk:4:0	false	2.4
0RB0LC_1LC1RD_1LA0LC_0RB1RA	rk:5:0	false	9.3
0RB0LC_1LC1RD_1LA0LC_0RB1RA	rk:6:0	false	46.1
0RB0LC_1LC1RD_1LA0LC_0RB1RB	rk:4:0	false	2.6
0RB0LC_1LC1RD_1LA0LC_0RB1RB	rk:5:0	false	10.3
0RB0LC_1LC1RD_1LA0LC_0RB1RB	rk:6:0	false	42.6
0RB0LC_1LC1RD_1LA0LC_0RB1RD	rk:4:0	false	3.7
0RB0LC_1LC1RD_1LA0LC_0RB1RD	rk:5:0	false	18.4
0RB0LC_1LC1RD_1LA0LC_0RB1RD	rk:6:0	false	115.9
0RB0LC_1LC1RD_1LA0LC_1RA0RB	rk:4:0	false	2.5
0RB0LC_1LC1RD_1LA0LC_1RA0RB	rk:5:0	false	9.8
0RB0LC_1LC1RD_1LA0LC_1RA0RB	rk:6:0	false	62.7
0RB0LC_1LC1RD_1LA0LC_1RA0RD	rk:4:0	false	10.8
0RB0LC_1LC1RD_1LA0LC_1RA0RD	rk:5:0	false	63.7
0RB0LC_1LC1RD_1LA0LC_1RA0RD	rk:6:0	timeout	300.1
0RB0LC_1LC1RD_1LA1LB_1RC0RB	rk:4:0	false	2.7
0RB0LC_1LC1RD_1LA1LB_1RC0RB	rk:5:0	false	5.1
0RB0LC_1LC1RD_1LA1LB_1RC0RB	rk:6:0	false	15.7
0RB0LC_1LC1RD_1LA1LB_1RC0RD	rk:4:0	false	3.8
0RB0LC_1LC1RD_1LA1LB_1RC0RD	rk:5:0	false	20.8
0RB0LC_1LC1RD_1LA1LB_1RC0RD	rk:6:0	false	70.4
0RB0LC_1RC---_1RD0LA_1LA1RC	rk:4:0	false	0.9
0RB0LC_1RC---_1RD0LA_1LA1RC	rk:5:0	false	1.2
0RB0LC_1RC---_1RD0LA_1LA1RC	rk:6:0	false	1.9
0RB0LC_1RC0LA_0RD1LA_1LB1RB	rk:4:0	true	0.7
0RB0LC_1RC0LA_1LD0RD_1RB1LA	rk:4:0	true	0.7
0RB0LC_1RC0LB_1RD0LA_1LA0RD	rk:4:0	false	10.4
0RB0LC_1RC0LB_1RD0LA_1LA0RD	rk:5:0	false	68.6
0RB0LC_1RC0LB_1RD0LA_1LA0RD	rk:6:0	timeout	300.1
0RB0LC_1RC0LC_1RD0LA_1LB1RC	rk:4:0	false	0.9
0RB0LC_1RC0LC_1RD0LA_1LB1RC	rk:5:0	false	1.3
0RB0LC_1RC0LC_1RD0LA_1LB1RC	rk:6:0	false	2.2
0RB0LC_1RC0RB_1LD0LA_1LA1RD	rk:4:0	true	0.9
0RB0LC_1RC0RB_1LD0RA_1LA0LC	rk:4:0	true	0.8
0RB0LC_1RC0RB_1LD0RD_1LA0LC	rk:4:0	true	0.8
0RB0LC_1RC0RB_1LD1RB_0LB0LA	rk:4:0	true	1.9
0RB0LC_1RC0RD_1LA1LC_0LA1RB	rk:4:0	true	0.9
0RB0LC_1RC0RD_1LA1LC_1RA1RB	rk:4:0	true	1.8
0RB0LC_1RC1RB_1LA0LD_0RC1LD	rk:4:0	false	1.4
0RB0LC_1RC1RB_1LA0LD_0RC1LD	rk:5:0	false	3.2
0RB0LC_1RC1RB_1LA0LD_0RC1LD	rk:6:0	false	11.2
0RB0LC_1RC1RB_1LA0RD_1LC0LA	rk:4:0	false	1.4
0RB0LC_1RC1RB_1LA0RD_1LC0LA	rk:5:0	false	2.6
0RB0LC_1RC1RB_1LA0RD_1LC0LA	rk:6:0	false	5.7
0RB0LC_1RC1RB_1LA0RD_1LC1RC	rk:4:0	false	1.4
0RB0LC_1RC1RB_1LA0RD_1LC1RC	rk:5:0	false	2.3
0RB0LC_1RC1RB_1LA0RD_1LC1RC	rk:6:0	false	5.0
0RB0LC_1RC1RB_1LD0LA_---1LA	rk:4:0	false	0.8
0RB0LC_1RC1RB_1LD0LA_---1LA	rk:5:0	false	0.8
0RB0LC_1RC1RB_1LD0LA_---1LA	rk:6:0	false	0.9
0RB0LC_1RC1RB_1RD0LA_1LA0LB	rk:4:0	false	0.9
0RB0LC_1RC1RB_1RD0LA_1LA0LB	rk:5:0	false	1.5
0RB0LC_1RC1RB_1RD0LA_1LA0LB	rk:6:0	false	2.7
0RB0LC_1RC1RD_0LC1LA_1LB0RD	rk:4:0	false	1.1
0RB0LC_1RC1RD_0LC1LA_1LB0RD	rk:5:0	false	2.4
0RB0LC_1RC1RD_0LC1LA_1LB0RD	rk:6:0	false	8.7
0RB0LC_1RC1RD_1LA1LC_1LD0RB	rk:4:0	false	1.0
0RB0LC_1RC1RD_1LA1LC_1LD0RB	rk:5:0	false	1.1
0RB0LC_1RC1RD_1LA1LC_1LD0RB	rk:6:0	false	1.7
0RB0LC_1RC1RD_1LA1RA_1LD1LC	rk:4:0	false	1.3
0RB0LC_1RC1RD_1LA1RA_1LD1LC	rk:5:0	true	1.2
0RB0LC_1RC1RD_1LB0LA_1LC0RD	rk:4:0	false	1.1
0RB0LC_1RC1RD_1LB0LA_1LC0RD	rk:5:0	false	1.9
0RB0LC_1RC1RD_1LB0LA_1LC0RD	rk:6:0	false	6.1
0RB0LC_1RC1RD_1LB1LA_1LB0RD	rk:4:0	false	1.0
0RB0LC_1RC1RD_1LB1LA_1LB0RD	rk:5:0	false	1.4
0RB0LC_1RC1RD_1LB1LA_1LB0RD	rk:6:0	false	2.7
0RB0LC_1RC1RD_1LB1LA_1LC0RD	rk:4:0	false	1.5
0RB0LC_1RC1RD_1LB1LA_1LC0RD	rk:5:0	false	2.6
0RB0LC_1RC1RD_1LB1LA_1LC0RD	rk:6:0	false	6.5
0RB0LC_1RC1RD_1LD0RA_1LA0LC	rk:4:0	true	0.8
0RB0LD_0LC1RA_1LA0RA_1LB1LB	rk:4:0	false	1.0
0RB0LD_0LC1RA_1LA0RA_1LB1LB	rk:5:0	false	1.8
0RB0LD_0LC1RA_1LA0RA_1LB1LB	rk:6:0	false	1.0
0RB0LD_0LC1RB_1LD1RA_0RB1LC	rk:4:0	true	3.7
0RB0LD_0LC1RB_1LD1RC_0RC1LA	rk:4:0	false	3.0
0RB0LD_0LC1RB_1LD1RC_0RC1LA	rk:5:0	false	7.9
0RB0LD_0LC1RB_1LD1RC_0RC1LA	rk:6:0	false	21.0
0RB0LD_0LC1RB_1RD1LC_0LB1RA	rk:4:0	false	1.0
0RB0LD_0LC1RB_1RD1LC_0LB1RA	rk:5:0	false	1.1
0RB0LD_0LC1RB_1RD1LC_0LB1RA	rk:6:0	false	1.5
0RB0LD_0LC1RB_1RD1LC_0LC1RA	rk:4:0	false	1.0
0RB0LD_0LC1RB_1RD1LC_0LC1RA	rk:5:0	false	1.2
0RB0LD_0LC1RB_1RD1LC_0LC1RA	rk:6:0	false	1.6
0RB0LD_0LC1RB_1RD1LC_1LB1RA	rk:4:0	false	0.9
0RB0LD_0LC1RB_1RD1LC_1LB1RA	rk:5:0	false	1.1
0RB0LD_0LC1RB_1RD1LC_1LB1RA	rk:6:0	false	1.6
0RB0LD_0LC1RB_1RD1LC_1LC1RA	rk:4:0	false	0.9
0RB0LD_0LC1RB_1RD1LC_1LC1RA	rk:5:0	false	1.1
0RB0LD_0LC1RB_1RD1LC_1LC1RA	rk:6:0	false	1.5
0RB0LD_0LC1RB_1RD1LC_1RB1RA	rk:4:0	false	1.0
0RB0LD_0LC1RB_1RD1LC_1RB1RA	rk:5:0	false	1.1
0RB0LD_0LC1RB_1RD1LC_1RB1RA	rk:6:0	false	1.5
0RB0LD_0LC1RD_1LA0RD_1RC1LB	rk:4:0	false	7.1
0RB0LD_0LC1RD_1LA0RD_1RC1LB	rk:5:0	false	27.0
0RB0LD_0LC1RD_1LA0RD_1RC1LB	rk:6:0	false	141.3
0RB0LD_0LC1RD_1RB1LC_0LC1RA	rk:4:0	false	1.3
0RB0LD_0LC1RD_1RB1LC_0LC1RA	rk:5:0	false	2.2
0RB0LD_0LC1RD_1RB1LC_0LC1RA	rk:6:0	false	3.4
0RB0LD_0RC---_1LD1RB_0LA---	rk:4:0	false	0.7
0RB0LD_0RC---_1LD1RB_0LA---	rk:5:0	false	0.7
0RB0LD_0RC---_1LD1RB_0LA---	rk:6:0	false	0.8
0RB0LD_0RC0LA_1RD1LD_1LA1RB	rk:4:0	true	1.0
0RB0LD_0RC0LD_1LB1RC_0LA1LA	rk:4:0	true	1.0
0RB0LD_0RC1LB_1LA1RC_0LA1LB	rk:4:0	false	1.1
0RB0LD_0RC1LB_1LA1RC_0LA1LB	rk:5:0	false	1.6
0RB0LD_0RC1LB_1LA1RC_0LA1LB	rk:6:0	false	2.7
0RB0LD_0RC1LB_1LA1RC_0LA1LD	rk:4:0	false	1.0
0RB0LD_0RC1LB_1LA1RC_0LA1LD	rk:5:0	false	1.4
0RB0LD_0RC1LB_1LA1RC_0LA1LD	rk:6:0	false	2.2
0RB0LD_0RC1LB_1LA1RC_0RC0LB	rk:4:0	false	1.3
0RB0LD_0RC1LB_1LA1RC_0RC0LB	rk:5:0	false	2.6
0RB0LD_0RC1LB_1LA1RC_0RC0LB	rk:6:0	false	7.1
0RB0LD_0RC1LB_1LA1RC_0RC1LB	rk:4:0	false	1.1
0RB0LD_0RC1LB_1LA1RC_0RC1LB	rk:5:0	false	1.5
0RB0LD_0RC1LB_1LA1RC_0RC1LB	rk:6:0	false	2.7
0RB0LD_0RC1LB_1LD1RC_0RC1LA	rk:4:0	false	1.9
0RB0LD_0RC1LB_1LD1RC_0RC1LA	rk:5:0	false	4.3
0RB0LD_0RC1LB_1LD1RC_0RC1LA	rk:6:0	false	10.6
0RB0LD_0RC1LD_1LA1RB_0LA---	rk:4:0	false	0.8
0RB0LD_0RC1LD_1LA1RB_0LA---	rk:5:0	false	0.7
0RB0LD_0RC1LD_1LA1RB_0LA---	rk:6:0	false	0.9
0RB0LD_0RC1LD_1LA1RC_0LA1LD	rk:4:0	false	1.1
0RB0LD_0RC1LD_1LA1RC_0LA1LD	rk:5:0	false	1.4
0RB0LD_0RC1LD_1LA1RC_0LA1LD	rk:6:0	false	2.3
0RB0LD_0RC1LD_1LA1RC_0RC0LB	rk:4:0	true	0.9
0RB0LD_0RC1LD_1LA1RC_0RC1LB	rk:4:0	false	1.2
0RB0LD_0RC1LD_1LA1RC_0RC1LB	rk:5:0	false	1.8
0RB0LD_0RC1LD_1LA1RC_0RC1LB	rk:6:0	false	3.2
0RB0LD_0RC1LD_1LB1RC_0LA1LA	rk:4:0	true	0.8
0RB0LD_0RC1LD_1LB1RC_0RC1LA	rk:4:0	false	1.0
0RB0LD_0RC1LD_1LB1RC_0RC1LA	rk:5:0	true	0.9
0RB0LD_0RC1RB_1LD---_1LA0LA	rk:4:0	false	0.6
0RB0LD_0RC1RB_1LD---_1LA0LA	rk:5:0	false	0.7
0RB0LD_0RC1RB_1LD---_1LA0LA	rk:6:0	false	0.7
0RB0LD_0RC1RB_1LD0RD_1LA0LD	rk:4:0	true	4.1
0RB0LD_0RC1RB_1LD1LA_0LA---	rk:4:0	false	0.7
0RB0LD_0RC1RB_1LD1LA_0LA---	rk:5:0	false	0.8
0RB0LD_0RC1RB_1LD1LA_0LA---	rk:6:0	false	1.1
0RB0LD_0RC1RB_1LD1LA_1LA0LD	rk:4:0	false	5.6
0RB0LD_0RC1RB_1LD1LA_1LA0LD	rk:5:0	false	28.6
0RB0LD_0RC1RB_1LD1LA_1LA0LD	rk:6:0	false	219.0
0RB0LD_0RC1RB_1LD1RB_1LA0LD	rk:4:0	false	2.5
0RB0LD_0RC1RB_1LD1RB_1LA0LD	rk:5:0	false	10.4
0RB0LD_0RC1RB_1LD1RB_1LA0LD	rk:6:0	false	71.2
0RB0LD_0RC1RB_1LD1RC_0LA1LA	rk:4:0	false	9.7
0RB0LD_0RC1RB_1LD1RC_0LA1LA	rk:5:0	false	53.2
0RB0LD_0RC1RB_1LD1RC_0LA1LA	rk:6:0	timeout	300.1
0RB0LD_0RC1RB_1LD1RC_1RC1LA	rk:4:0	false	3.0
0RB0LD_0RC1RB_1LD1RC_1RC1LA	rk:5:0	false	11.0
0RB0LD_0RC1RB_1LD1RC_1RC1LA	rk:6:0	false	43.7
0RB0LD_0RC1RB_1RD0RD_1LA0RC	rk:4:0	false	1.0
0RB0LD_0RC1RB_1RD0RD_1LA0RC	rk:5:0	false	1.1
0RB0LD_0RC1RB_1RD0RD_1LA0RC	rk:6:0	false	1.5
0RB0LD_0RC1RC_1LA1RB_0LA1LB	rk:4:0	false	12.5
0RB0LD_0RC1RC_1LA1RB_0LA1LB	rk:5:0	true	71.7
0RB0LD_0RC1RC_1LA1RB_0LA1LD	rk:4:0	false	8.3
0RB0LD_0RC1RC_1LA1RB_0LA1LD	rk:5:0	false	55.7
0RB0LD_0RC1RC_1LA1RB_0LA1LD	rk:6:0	timeout	300.1
0RB0LD_0RC1RC_1LA1RB_0LA1RB	rk:4:0	false	12.0
0RB0LD_0RC1RC_1LA1RB_0LA1RB	rk:5:0	true	67.0
0RB0LD_0RC1RC_1LA1RC_0LA1LD	rk:4:0	false	1.0
0RB0LD_0RC1RC_1LA1RC_0LA1LD	rk:5:0	false	1.4
0RB0LD_0RC1RC_1LA1RC_0LA1LD	rk:6:0	false	2.2
0RB0LD_1LA0RC_1RB---_0LA---	rk:4:0	false	0.6
0RB0LD_1LA0RC_1RB---_0LA---	rk:5:0	false	0.7
0RB0LD_1LA0RC_1RB---_0LA---	rk:6:0	false	0.8
0RB0LD_1LA1RC_0LC1RB_0RB1LD	rk:4:0	false	1.2
0RB0LD_1LA1RC_0LC1RB_0RB1LD	rk:5:0	false	1.6
0RB0LD_1LA1RC_0LC1RB_0RB1LD	rk:6:0	false	2.9
0RB0LD_1LA1RC_0LC1RD_1RB0LA	rk:4:0	false	1.0
0RB0LD_1LA1RC_0LC1RD_1RB0LA	rk:5:0	false	1.6
0RB0LD_1LA1RC_0LC1RD_1RB0LA	rk:6:0	false	3.3
0RB0LD_1LA1RC_0RD1RB_1LD0LA	rk:4:0	false	3.6
0RB0LD_1LA1RC_0RD1RB_1LD0LA	rk:5:0	false	15.9
0RB0LD_1LA1RC_0RD1RB_1LD0LA	rk:6:0	false	94.1
0RB0LD_1LA1RC_0RD1RC_1LD0LA	rk:4:0	false	2.0
0RB0LD_1LA1RC_0RD1RC_1LD0LA	rk:5:0	false	7.2
0RB0LD_1LA1RC_0RD1RC_1LD0LA	rk:6:0	false	17.2
0RB0LD_1LA1RC_0RD1RC_1RB0LA	rk:4:0	false	3.7
0RB0LD_1LA1RC_0RD1RC_1RB0LA	rk:5:0	false	16.7
0RB0LD_1LA1RC_0RD1RC_1RB0LA	rk:6:0	false	13.3
0RB0LD_1LA1RC_1LA1RB_0RB1LD	rk:4:0	false	1.2
0RB0LD_1LA1RC_1LA1RB_0RB1LD	rk:5:0	false	1.9
0RB0LD_1LA1RC_1LA1RB_0RB1LD	rk:6:0	false	3.2
0RB0LD_1LA1RC_1LA1RB_0RC1LA	rk:4:0	true	0.8
0RB0LD_1LA1RC_1LA1RB_0RC1LD	rk:4:0	false	1.2
0RB0LD_1LA1RC_1LA1RB_0RC1LD	rk:5:0	false	1.9
0RB0LD_1LA1RC_1LA1RB_0RC1LD	rk:6:0	false	3.4
0RB0LD_1LA1RC_1LA1RC_0RB1LD	rk:4:0	false	1.1
0RB0LD_1LA1RC_1LA1RC_0RB1LD	rk:5:0	false	1.5
0RB0LD_1LA1RC_1LA1RC_0RB1LD	rk:6:0	false	2.7
0RB0LD_1LA1RC_1LB1RB_---0LA	rk:4:0	false	0.7
0RB0LD_1LA1RC_1LB1RB_---0LA	rk:5:0	false	0.8
0RB0LD_1LA1RC_1LB1RB_---0LA	rk:6:0	false	0.8
0RB0LD_1LA1RC_1LD0RC_1RB0LA	rk:4:0	false	11.4
0RB0LD_1LA1RC_1LD0RC_1RB0LA	rk:5:0	false	74.0
0RB0LD_1LA1RC_1LD0RC_1RB0LA	rk:6:0	timeout	300.1
0RB0LD_1LA1RC_1LD1RB_---0LA	rk:4:0	false	0.7
0RB0LD_1LA1RC_1LD1RB_---0LA	rk:5:0	false	0.8
0RB0LD_1LA1RC_1LD1RB_---0LA	rk:6:0	false	1.0
0RB0LD_1LA1RC_1RB---_---0LA	rk:4:0	false	0.7
0RB0LD_1LA1RC_1RB---_---0LA	rk:5:0	false	0.8
0RB0LD_1LA1RC_1RB---_---0LA	rk:6:0	false	0.8
0RB0LD_1LA1RC_1RB---_0RB0LD	rk:4:0	false	0.7
0RB0LD_1LA1RC_1RB---_0RB0LD	rk:5:0	false	0.7
0RB0LD_1LA1RC_1RB---_0RB0LD	rk:6:0	false	0.8
0RB0LD_1LA1RC_1RB0RD_1LA1LB	rk:4:0	false	1.0
0RB0LD_1LA1RC_1RB0RD_1LA1LB	rk:5:0	false	1.4
0RB0LD_1LA1RC_1RB0RD_1LA1LB	rk:6:0	false	2.0
0RB0LD_1LA1RC_1RD0RC_1LA1RB	rk:4:0	false	1.8
0RB0LD_1LA1RC_1RD0RC_1LA1RB	rk:5:0	true	1.5
0RB0LD_1LC0RB_1LD1RC_0RC1LA	rk:4:0	false	1.4
0RB0LD_1LC0RB_1LD1RC_0RC1LA	rk:5:0	false	3.3
0RB0LD_1LC0RB_1LD1RC_0RC1LA	rk:6:0	false	7.5
0RB0LD_1LC0RC_1LA1RD_1RC0LA	rk:4:0	false	1.0
0RB0LD_1LC0RC_1LA1RD_1RC0LA	rk:5:0	false	1.5
0RB0LD_1LC0RC_1LA1RD_1RC0LA	rk:6:0	false	3.2
0RB0LD_1LC0RD_1LA0LC_1RB1LD	rk:4:0	false	10.8
0RB0LD_1LC0RD_1LA0LC_1RB1LD	rk:5:0	false	63.6
0RB0LD_1LC0RD_1LA0LC_1RB1LD	rk:6:0	false	259.0
0RB0LD_1LC0RD_1LA0LC_1RB1RA	rk:4:0	true	1.1
0RB0LD_1LC1LB_1RD0LA_1RB0RC	rk:4:0	false	5.2
0RB0LD_1LC1LB_1RD0LA_1RB0RC	rk:5:0	false	7.8
0RB0LD_1LC1LB_1RD0LA_1RB0RC	rk:6:0	true	23.9
0RB0LD_1LC1LB_1RD0RA_1LB0RC	rk:4:0	true	3.1
0RB0LD_1LC1RA_1LD0RC_1RB0LC	rk:4:0	true	0.9
0RB0LD_1LC1RB_0LD0LA_1RD0RB	rk:4:0	false	3.4
0RB0LD_1LC1RB_0LD0LA_1RD0RB	rk:5:0	false	9.3
0RB0LD_1LC1RB_0LD0LA_1RD0RB	rk:6:0	false	35.3
0RB0LD_1LC1RB_0RB0LA_0RB1LA	rk:4:0	true	0.9
0RB0LD_1LC1RB_0RB0LA_0RB1LD	rk:4:0	false	1.3
0RB0LD_1LC1RB_0RB0LA_0RB1LD	rk:5:0	false	2.5
0RB0LD_1LC1RB_0RB0LA_0RB1LD	rk:6:0	false	7.1
0RB0LD_1LC1RB_0RB1LA_0RB0LA	rk:4:0	true	0.9
0RB0LD_1LC1RB_0RB1LA_0RB0LC	rk:4:0	false	1.3
0RB0LD_1LC1RB_0RB1LA_0RB0LC	rk:5:0	true	1.1
0RB0LD_1LC1RB_0RB1LA_0RB1LC	rk:4:0	false	0.9
0RB0LD_1LC1RB_0RB1LA_0RB1LC	rk:5:0	true	0.9
0RB0LD_1LC1RB_0RB1LA_0RB1LD	rk:4:0	false	1.3
0RB0LD_1LC1RB_0RB1LA_0RB1LD	rk:5:0	false	1.7
0RB0LD_1LC1RB_0RB1LA_0RB1LD	rk:6:0	false	3.0
0RB0LD_1LC1RB_0RB1LD_0RB0LA	rk:4:0	true	0.9
0RB0LD_1LC1RB_0RB1LD_0RB1LA	rk:4:0	false	0.9
0RB0LD_1LC1RB_0RB1LD_0RB1LA	rk:5:0	true	0.9
0RB0LD_1LC1RB_0RC1LA_0RB0LA	rk:4:0	true	0.9
0RB0LD_1LC1RB_0RC1LA_0RB1LC	rk:4:0	false	0.9
0RB0LD_1LC1RB_0RC1LA_0RB1LC	rk:5:0	true	0.9
0RB0LD_1LC1RB_0RC1LA_0RB1LD	rk:4:0	false	1.2
0RB0LD_1LC1RB_0RC1LA_0RB1LD	rk:5:0	false	1.4
0RB0LD_1LC1RB_0RC1LA_0RB1LD	rk:6:0	false	2.6
0RB0LD_1LC1RB_0RC1LD_0RB0LA	rk:4:0	true	0.9
0RB0LD_1LC1RB_0RC1LD_0RB1LA	rk:4:0	false	1.0
0RB0LD_1LC1RB_0RC1LD_0RB1LA	rk:5:0	true	0.9
0RB0LD_1LC1RB_0RD0LA_0RB1LA	rk:4:0	true	0.9
0RB0LD_1LC1RB_0RD0LA_0RB1LD	rk:4:0	false	1.4
0RB0LD_1LC1RB_0RD0LA_0RB1LD	rk:5:0	false	2.6
0RB0LD_1LC1RB_0RD0LA_0RB1LD	rk:6:0	false	7.2
0RB0LD_1LC1RB_0RD1LA_0RB1LD	rk:4:0	false	1.2
0RB0LD_1LC1RB_0RD1LA_0RB1LD	rk:5:0	false	1.6
0RB0LD_1LC1RB_0RD1LA_0RB1LD	rk:6:0	false	2.9
0RB0LD_1LC1RB_0RD1LD_0RB1LA	rk:4:0	false	1.0
0RB0LD_1LC1RB_0RD1LD_0RB1LA	rk:5:0	true	1.0
0RB0LD_1LC1RB_1LA0LA_1RD0RB	rk:4:0	false	2.3
0RB0LD_1LC1RB_1LA0LA_1RD0RB	rk:5:0	false	4.7
0RB0LD_1LC1RB_1LA0LA_1RD0RB	rk:6:0	false	9.0
0RB0LD_1LC1RB_1LA0RA_0RB1LD	rk:4:0	false	1.1
0RB0LD_1LC1RB_1LA0RA_0RB1LD	rk:5:0	false	1.2
0RB0LD_1LC1RB_1LA0RA_0RB1LD	rk:6:0	false	1.9
0RB0LD_1LC1RB_1LA1LA_0RB1LD	rk:4:0	false	1.1
0RB0LD_1LC1RB_1LA1LA_0RB1LD	rk:5:0	false	1.3
0RB0LD_1LC1RB_1LA1LA_0RB1LD	rk:6:0	false	2.6
0RB0LD_1LC1RB_1LA1LA_0RC1LD	rk:4:0	false	1.0
0RB0LD_1LC1RB_1LA1LA_0RC1LD	rk:5:0	false	1.2
0RB0LD_1LC1RB_1LA1LA_0RC1LD	rk:6:0	false	2.2
0RB0LD_1LC1RB_1LA1RC_0RC1LA	rk:4:0	true	0.8
0RB0LD_1LC1RB_1LD1LA_0RC1LD	rk:4:0	false	1.1
0RB0LD_1LC1RB_1LD1LA_0RC1LD	rk:5:0	false	1.2
0RB0LD_1LC1RB_1LD1LA_0RC1LD	rk:6:0	false	2.3
0RB0LD_1LC1RB_1RA1LA_0RB1LD	rk:4:0	false	1.1
0RB0LD_1LC1RB_1RA1LA_0RB1LD	rk:5:0	false	1.4
0RB0LD_1LC1RB_1RA1LA_0RB1LD	rk:6:0	false	2.6
0RB0LD_1LC1RB_1RA1LA_0RC1LD	rk:4:0	false	1.1
0RB0LD_1LC1RB_1RA1LA_0RC1LD	rk:5:0	false	1.4
0RB0LD_1LC1RB_1RA1LA_0RC1LD	rk:6:0	false	2.3
0RB0LD_1LC1RB_1RB1LA_0RC1LD	rk:4:0	false	1.1
0RB0LD_1LC1RB_1RB1LA_0RC1LD	rk:5:0	false	1.2
0RB0LD_1LC1RB_1RB1LA_0RC1LD	rk:6:0	false	2.3
0RB0LD_1LC1RB_1RD1LA_0RC1LD	rk:4:0	false	1.1
0RB0LD_1LC1RB_1RD1LA_0RC1LD	rk:5:0	false	1.2
0RB0LD_1LC1RB_1RD1LA_0RC1LD	rk:6:0	false	2.3
0RB0LD_1LC1RC_1LA1RC_0RB1LD	rk:4:0	false	1.1
0RB0LD_1LC1RC_1LA1RC_0RB1LD	rk:5:0	false	1.6
0RB0LD_1LC1RC_1LA1RC_0RB1LD	rk:6:0	false	2.5
0RB0LD_1LC1RC_1LD0RA_1RA0LD	rk:4:0	false	8.2
0RB0LD_1LC1RC_1LD0RA_1RA0LD	rk:5:0	false	22.9
0RB0LD_1LC1RC_1LD0RA_1RA0LD	rk:6:0	false	166.8
0RB0LD_1LC1RD_0RB0LD_1RB0LA	rk:4:0	false	0.9
0RB0LD_1LC1RD_0RB0LD_1RB0LA	rk:5:0	false	1.4
0RB0LD_1LC1RD_0RB0LD_1RB0LA	rk:6:0	false	2.1
0RB0LD_1LC1RD_1LA1RC_1RA0LC	rk:4:0	false	2.2
0RB0LD_1LC1RD_1LA1RC_1RA0LC	rk:5:0	true	3.8
0RB0LD_1RC---_0RD1RC_1LD0LA	rk:4:0	false	1.5
0RB0LD_1RC---_0RD1RC_1LD0LA	rk:5:0	false	4.5
0RB0LD_1RC---_0RD1RC_1LD0LA	rk:6:0	false	10.8
0RB0LD_1RC---_1LD1RB_---0LA	rk:4:0	false	0.8
0RB0LD_1RC---_1LD1RB_---0LA	rk:5:0	false	0.7
0RB0LD_1RC---_1LD1RB_---0LA	rk:6:0	false	0.8
0RB0LD_1RC0LA_0RD1RC_1LD1LB	rk:4:0	false	0.8
0RB0LD_1RC0LA_0RD1RC_1LD1LB	rk:5:0	false	0.9
0RB0LD_1RC0LA_0RD1RC_1LD1LB	rk:6:0	false	0.9
0RB0LD_1RC0LA_1LB1RB_---0LA	rk:4:0	false	0.8
0RB0LD_1RC0LA_1LB1RB_---0LA	rk:5:0	false	0.7
0RB0LD_1RC0LA_1LB1RB_---0LA	rk:6:0	false	0.8
0RB0LD_1RC0LA_1LB1RB_---1LA	rk:4:0	false	0.7
0RB0LD_1RC0LA_1LB1RB_---1LA	rk:5:0	false	0.7
0RB0LD_1RC0LA_1LB1RB_---1LA	rk:6:0	false	0.8
0RB0LD_1RC0LA_1LB1RC_0RB1LA	rk:4:0	true	0.9
0RB0LD_1RC0LA_1LD1RB_---1LA	rk:4:0	false	0.7
0RB0LD_1RC0LA_1LD1RB_---1LA	rk:5:0	false	0.7
0RB0LD_1RC0LA_1LD1RB_---1LA	rk:6:0	false	0.9
0RB0LD_1RC0LA_1LD1RC_0RC1LA	rk:4:0	false	1.8
0RB0LD_1RC0LA_1LD1RC_0RC1LA	rk:5:0	false	4.4
0RB0LD_1RC0LA_1LD1RC_0RC1LA	rk:6:0	false	10.3
0RB0LD_1RC0LC_0RD1RB_1LD0LA	rk:4:0	false	1.6
0RB0LD_1RC0LC_0RD1RB_1LD0LA	rk:5:0	false	3.8
0RB0LD_1RC0LC_0RD1RB_1LD0LA	rk:6:0	false	6.2
0RB0LD_1RC0LD_1LD1RB_0RB1LA	rk:4:0	false	1.9
0RB0LD_1RC0LD_1LD1RB_0RB1LA	rk:5:0	false	5.0
0RB0LD_1RC0LD_1LD1RB_0RB1LA	rk:6:0	false	24.0
0RB0LD_1RC0RA_1LA1RC_0LC0LA	rk:4:0	true	0.9
0RB0LD_1RC0RB_1LA1RB_1LA0LB	rk:4:0	true	1.0
0RB0LD_1RC0RB_1LA1RC_1LC0LA	rk:4:0	true	0.9
0RB0LD_1RC0RB_1LA1RC_1LC0LC	rk:4:0	true	0.9
0RB0LD_1RC0RC_1LD1RB_0LB1LA	rk:4:0	false	2.4
0RB0LD_1RC0RC_1LD1RB_0LB1LA	rk:5:0	false	7.8
0RB0LD_1RC0RC_1LD1RB_0LB1LA	rk:6:0	true	18.1
0RB0LD_1RC0RC_1LD1RD_1RB1LA	rk:4:0	false	1.1
0RB0LD_1RC0RC_1LD1RD_1RB1LA	rk:5:0	false	1.4
0RB0LD_1RC0RC_1LD1RD_1RB1LA	rk:6:0	false	2.4
0RB0LD_1RC1LB_0LA1RA_1LA1LC	rk:4:0	false	1.7
0RB0LD_1RC1LB_0LA1RA_1LA1LC	rk:5:0	false	1.6
0RB0LD_1RC1LB_0LA1RA_1LA1LC	rk:6:0	true	1.4
0RB0LD_1RC1LB_1LA1RA_1LA0LD	rk:4:0	false	2.9
0RB0LD_1RC1LB_1LA1RA_1LA0LD	rk:5:0	false	13.1
0RB0LD_1RC1LB_1LA1RA_1LA0LD	rk:6:0	false	101.7
0RB0LD_1RC1LB_1LD1RA_1LA0LD	rk:4:0	false	2.8
0RB0LD_1RC1LB_1LD1RA_1LA0LD	rk:5:0	false	13.2
0RB0LD_1RC1LB_1LD1RA_1LA0LD	rk:6:0	false	100.1
0RB0LD_1RC1LC_1LD1RA_0RA0LC	rk:4:0	true	0.9
0RB0LD_1RC1LD_0LA0RC_1LB---	rk:4:0	false	0.7
0RB0LD_1RC1LD_0LA0RC_1LB---	rk:5:0	false	0.8
0RB0LD_1RC1LD_0LA0RC_1LB---	rk:6:0	false	0.9
0RB0LD_1RC1LD_1LC1RB_---0LA	rk:4:0	false	0.8
0RB0LD_1RC1LD_1LC1RB_---0LA	rk:5:0	false	0.8
0RB0LD_1RC1LD_1LC1RB_---0LA	rk:6:0	false	0.9
0RB0LD_1RC1RA_1RD1RA_1LA0LD	rk:4:0	false	0.9
0RB0LD_1RC1RA_1RD1RA_1LA0LD	rk:5:0	false	0.8
0RB0LD_1RC1RA_1RD1RA_1LA0LD	rk:6:0	true	0.8
0RB0LD_1RC1RA_1RD1RB_1LA0LD	rk:4:0	false	6.8
0RB0LD_1RC1RA_1RD1RB_1LA0LD	rk:5:0	false	44.8
0RB0LD_1RC1RA_1RD1RB_1LA0LD	rk:6:0	timeout	300.1
0RB0LD_1RC1RB_0LA0RC_1LA1RD	rk:4:0	false	1.6
0RB0LD_1RC1RB_0LA0RC_1LA1RD	rk:5:0	false	2.5
0RB0LD_1RC1RB_0LA0RC_1LA1RD	rk:6:0	false	6.3
0RB0LD_1RC1RB_0LA0RC_1LB1LD	rk:4:0	false	1.6
0RB0LD_1RC1RB_0LA0RC_1LB1LD	rk:5:0	false	4.4
0RB0LD_1RC1RB_0LA0RC_1LB1LD	rk:6:0	false	15.8
0RB0LD_1RC1RB_0RD0LB_1LD0LA	rk:4:0	false	2.4
0RB0LD_1RC1RB_0RD0LB_1LD0LA	rk:5:0	false	9.7
0RB0LD_1RC1RB_0RD0LB_1LD0LA	rk:6:0	false	25.7
0RB0LD_1RC1RB_1LA---_0RC0LA	rk:4:0	false	0.7
0RB0LD_1RC1RB_1LA---_0RC0LA	rk:5:0	false	0.8
0RB0LD_1RC1RB_1LA---_0RC0LA	rk:6:0	false	0.9
0RB0LD_1RC1RB_1LA0LB_0RB1LA	rk:4:0	true	1.0
0RB0LD_1RC1RB_1LA0LB_0RC1LA	rk:4:0	true	0.8
0RB0LD_1RC1RB_1LA0RA_1RA0LB	rk:4:0	true	2.4
0RB0LD_1RC1RB_1LA1LC_1LB0LA	rk:4:0	false	1.4
0RB0LD_1RC1RB_1LA1LC_1LB0LA	rk:5:0	false	3.5
0RB0LD_1RC1RB_1LA1LC_1LB0LA	rk:6:0	false	12.3
0RB0LD_1RC1RB_1LA1LD_0RC1LA	rk:4:0	true	0.9
0RB0LD_1RC1RB_1LA1RC_0RB1LA	rk:4:0	true	0.8
0RB0LD_1RC1RB_1LA1RC_0RC1LA	rk:4:0	true	0.8
0RB0LD_1RC1RB_1LC1LA_---0LA	rk:4:0	false	0.6
0RB0LD_1RC1RB_1LC1LA_---0LA	rk:5:0	false	0.8
0RB0LD_1RC1RB_1LC1LA_---0LA	rk:6:0	false	0.8
0RB0LD_1RC1RB_1LD1LB_---0LA	rk:4:0	false	0.7
0RB0LD_1RC1RB_1LD1LB_---0LA	rk:5:0	false	0.7
0RB0LD_1RC1RB_1LD1LB_---0LA	rk:6:0	false	0.9
0RB0LD_1RC1RB_1LD1LC_0RA0LA	rk:4:0	false	1.2
0RB0LD_1RC1RB_1LD1LC_0RA0LA	rk:5:0	false	2.4
0RB0LD_1RC1RB_1LD1LC_0RA0LA	rk:6:0	false	7.9
0RB0LD_1RC1RB_1RD0RD_1LA0RC	rk:4:0	false	1.0
0RB0LD_1RC1RB_1RD0RD_1LA0RC	rk:5:0	false	1.2
0RB0LD_1RC1RB_1RD0RD_1LA0RC	rk:6:0	false	1.6
0RB0LD_1RC1RC_0RD1RB_1LD0LA	rk:4:0	false	1.5
0RB0LD_1RC1RC_0RD1RB_1LD0LA	rk:5:0	false	3.1
0RB0LD_1RC1RC_0RD1RB_1LD0LA	rk:6:0	false	5.5
0RB0LD_1RC1RC_1LD0RD_1RB0LA	rk:4:0	false	2.7
0RB0LD_1RC1RC_1LD0RD_1RB0LA	rk:5:0	true	1.4
0RB0LD_1RC1RD_0LB1RB_1LD0LA	rk:4:0	false	0.9
0RB0LD_1RC1RD_0LB1RB_1LD0LA	rk:5:0	false	1.3
0RB0LD_1RC1RD_0LB1RB_1LD0LA	rk:6:0	false	3.9
0RB0LD_1RC1RD_1LD0RC_1RB0LA	rk:4:0	false	6.8
0RB0LD_1RC1RD_1LD0RC_1RB0LA	rk:5:0	false	22.1
0RB0LD_1RC1RD_1LD0RC_1RB0LA	rk:6:0	false	115.3
0RB0RA_0LC0LD_1RB1LC_1LD1RA	rk:4:0	false	13.1
0RB0RA_0LC0LD_1RB1LC_1LD1RA	rk:5:0	false	126.5
0RB0RA_0LC0LD_1RB1LC_1LD1RA	rk:6:0	timeout	300.1
0RB0RA_0LC0RC_0LD1RA_1RB1LD	rk:4:0	true	1.0
0RB0RA_0LC1LD_0LD1LB_1RA1LC	rk:4:0	false	10.7
0RB0RA_0LC1LD_0LD1LB_1RA1LC	rk:5:0	false	65.6
0RB0RA_0LC1LD_0LD1LB_1RA1LC	rk:6:0	timeout	300.1
0RB0RA_0LC1RA_0LD1LD_1RB1LC	rk:4:0	true	4.3
0RB0RA_0LC1RA_0RD1LC_1RB1LB	rk:4:0	false	1.6
0RB0RA_0LC1RA_0RD1LC_1RB1LB	rk:5:0	false	2.4
0RB0RA_0LC1RA_0RD1LC_1RB1LB	rk:6:0	false	6.1
0RB0RA_0LC1RA_1LD1LB_1RB1LC	rk:4:0	true	1.9
0RB0RA_0LC1RA_1LD1LC_1RB0LC	rk:4:0	false	6.1
0RB0RA_0LC1RA_1LD1LC_1RB0LC	rk:5:0	false	36.1
0RB0RA_0LC1RA_1LD1LC_1RB0LC	rk:6:0	false	242.3
0RB0RA_0LC1RA_1LD1RC_1RB0LC	rk:4:0	true	1.3
0RB0RA_0LC1RA_1RB0LD_1LC1RD	rk:4:0	false	2.4
0RB0RA_0LC1RA_1RB0LD_1LC1RD	rk:5:0	false	7.8
0RB0RA_0LC1RA_1RB0LD_1LC1RD	rk:6:0	true	3.9
0RB0RA_0LC1RA_1RB1LD_1LC0LD	rk:4:0	false	37.2
0RB0RA_0LC1RA_1RB1LD_1LC0LD	rk:5:0	timeout	300.1
0RB0RA_0LC1RA_1RB1LD_1LC0LD	rk:6:0	timeout	300.1
0RB0RA_0LC1RC_0LD1RA_1RB1LD	rk:4:0	true	0.8
0RB0RA_1LC0RA_0LD1RA_1RD0LC	rk:4:0	false	13.4
0RB0RA_1LC0RA_0LD1RA_1RD0LC	rk:5:0	false	24.8
0RB0RA_1LC0RA_0LD1RA_1RD0LC	rk:6:0	true	33.3
0RB0RA_1LC1LB_0LD1RA_1RD0LC	rk:4:0	false	9.2
0RB0RA_1LC1LB_0LD1RA_1RD0LC	rk:5:0	true	9.1
0RB0RA_1LC1RA_0LD0LA_1LA1LB	rk:4:0	false	1.2
0RB0RA_1LC1RA_0LD0LA_1LA1LB	rk:5:0	false	2.0
0RB0RA_1LC1RA_0LD0LA_1LA1LB	rk:6:0	false	5.9
0RB0RA_1LC1RA_0LD0LC_1LA1LB	rk:4:0	false	4.6
0RB0RA_1LC1RA_0LD0LC_1LA1LB	rk:5:0	false	5.2
0RB0RA_1LC1RA_0LD0LC_1LA1LB	rk:6:0	false	17.2
0RB0RA_1LC1RA_0LD0RD_1LA1LB	rk:4:0	false	1.2
0RB0RA_1LC1RA_0LD0RD_1LA1LB	rk:5:0	false	2.0
0RB0RA_1LC1RA_0LD0RD_1LA1LB	rk:6:0	false	5.7
0RB0RA_1LC1RA_0LD0RD_1RA1LB	rk:4:0	false	2.0
0RB0RA_1LC1RA_0LD0RD_1RA1LB	rk:5:0	false	3.7
0RB0RA_1LC1RA_0LD0RD_1RA1LB	rk:6:0	false	13.2
0RB0RA_1LC1RA_0LD1LB_1LA1LB	rk:4:0	false	1.7
0RB0RA_1LC1RA_0LD1LB_1LA1LB	rk:5:0	false	2.8
0RB0RA_1LC1RA_0LD1LB_1LA1LB	rk:6:0	false	10.6
0RB0RA_1LC1RA_0LD1LB_1RA1LB	rk:4:0	false	2.0
0RB0RA_1LC1RA_0LD1LB_1RA1LB	rk:5:0	false	5.1
0RB0RA_1LC1RA_0LD1LB_1RA1LB	rk:6:0	false	23.4
0RB0RA_1LC1RA_0LD1LC_1LA1LB	rk:4:0	false	1.2
0RB0RA_1LC1RA_0LD1LC_1LA1LB	rk:5:0	false	2.0
0RB0RA_1LC1RA_0LD1LC_1LA1LB	rk:6:0	false	5.5
0RB0RA_1LC1RA_0LD1LC_1RA1LB	rk:4:0	false	1.8
0RB0RA_1LC1RA_0LD1LC_1RA1LB	rk:5:0	false	3.3
0RB0RA_1LC1RA_0LD1LC_1RA1LB	rk:6:0	false	11.0
0RB0RA_1LC1RB_0LD1LC_1RA1LD	rk:4:0	false	3.3
0RB0RA_1LC1RB_0LD1LC_1RA1LD	rk:5:0	false	10.0
0RB0RA_1LC1RB_0LD1LC_1RA1LD	rk:6:0	false	41.3
0RB0RA_1RC0LC_0LD1RA_1LB1LC	rk:4:0	true	0.8
0RB0RA_1RC0LD_1RD1RA_1LB1LD	rk:4:0	false	16.6
0RB0RA_1RC0LD_1RD1RA_1LB1LD	rk:5:0	false	121.3
0RB0RA_1RC0LD_1RD1RA_1LB1LD	rk:6:0	timeout	300.1
0RB0RA_1RC0RC_1LD1RB_0LD0LA	rk:4:0	false	6.8
0RB0RA_1RC0RC_1LD1RB_0LD0LA	rk:5:0	false	62.1
0RB0RA_1RC0RC_1LD1RB_0LD0LA	rk:6:0	timeout	300.1
0RB0RA_1RC1LD_1LC1RB_0LD0LA	rk:4:0	false	1.8
0RB0RA_1RC1LD_1LC1RB_0LD0LA	rk:5:0	false	8.6
0RB0RA_1RC1LD_1LC1RB_0LD0LA	rk:6:0	false	70.1
0RB0RA_1RC1LD_1LD1RB_0LD0LA	rk:4:0	false	1.6
0RB0RA_1RC1LD_1LD1RB_0LD0LA	rk:5:0	false	7.0
0RB0RA_1RC1LD_1LD1RB_0LD0LA	rk:6:0	false	53.7
0RB0RA_1RC1RA_0LD1LC_1RA1LB	rk:4:0	false	1.6
0RB0RA_1RC1RA_0LD1LC_1RA1LB	rk:5:0	false	3.0
0RB0RA_1RC1RA_0LD1LC_1RA1LB	rk:6:0	false	8.4
0RB0RA_1RC1RA_1LD1LC_1RB0LC	rk:4:0	false	5.7
0RB0RA_1RC1RA_1LD1LC_1RB0LC	rk:5:0	false	36.5
0RB0RA_1RC1RA_1LD1LC_1RB0LC	rk:6:0	false	232.2
0RB0RA_1RC1RA_1LD1RC_1RB0LC	rk:4:0	false	2.2
0RB0RA_1RC1RA_1LD1RC_1RB0LC	rk:5:0	false	7.7
0RB0RA_1RC1RA_1LD1RC_1RB0LC	rk:6:0	false	9.8
0RB0RA_1RC1RD_0LD0LC_1RA1LC	rk:4:0	false	4.1
0RB0RA_1RC1RD_0LD0LC_1RA1LC	rk:5:0	false	5.1
0RB0RA_1RC1RD_0LD0LC_1RA1LC	rk:6:0	false	17.2
0RB0RA_1RC1RD_1LD0LB_1RA0LC	rk:4:0	false	0.9
0RB0RA_1RC1RD_1LD0LB_1RA0LC	rk:5:0	true	0.8
0RB0RA_1RC1RD_1LD0RB_1RA0LC	rk:4:0	false	1.1
0RB0RA_1RC1RD_1LD0RB_1RA0LC	rk:5:0	false	2.8
0RB0RA_1RC1RD_1LD0RB_1RA0LC	rk:6:0	false	6.9
0RB0RB_0LC0RD_1RB1LC_0LA1RD	rk:4:0	false	1.0
0RB0RB_0LC0RD_1RB1LC_0LA1RD	rk:5:0	false	1.3
0RB0RB_0LC0RD_1RB1LC_0LA1RD	rk:6:0	false	2.2
0RB0RB_0LC1RB_1RD1LC_0LC1RA	rk:4:0	false	1.0
0RB0RB_0LC1RB_1RD1LC_0LC1RA	rk:5:0	false	1.5
0RB0RB_0LC1RB_1RD1LC_0LC1RA	rk:6:0	false	2.4
0RB0RB_0LC1RD_1RB1LC_0LA1RA	rk:4:0	false	1.3
0RB0RB_0LC1RD_1RB1LC_0LA1RA	rk:5:0	false	2.1
0RB0RB_0LC1RD_1RB1LC_0LA1RA	rk:6:0	false	3.2
0RB0RB_1LC1RA_0LD0LC_1RD1LB	rk:4:0	false	2.6
0RB0RB_1LC1RA_0LD0LC_1RD1LB	rk:5:0	false	1.5
0RB0RB_1LC1RA_0LD0LC_1RD1LB	rk:6:0	false	3.5
0RB0RB_1LC1RB_1LD1RA_1LA0LD	rk:4:0	false	8.6
0RB0RB_1LC1RB_1LD1RA_1LA0LD	rk:5:0	false	40.8
0RB0RB_1LC1RB_1LD1RA_1LA0LD	rk:6:0	true	40.0
0RB0RB_1RC0LC_1LD1RA_0RA1LC	rk:4:0	true	0.9
0RB0RB_1RC1RB_1LD0LA_1LA0LC	rk:4:0	true	1.2
0RB0RC_0LC---_0LD1RA_1RC1LD	rk:4:0	false	1.3
0RB0RC_0LC---_0LD1RA_1RC1LD	rk:5:0	false	2.6
0RB0RC_0LC---_0LD1RA_1RC1LD	rk:6:0	false	5.5
0RB0RC_0LC0RA_0LD1RC_1RB1LD	rk:4:0	false	1.4
0RB0RC_0LC0RA_0LD1RC_1RB1LD	rk:5:0	false	2.6
0RB0RC_0LC0RA_0LD1RC_1RB1LD	rk:6:0	false	7.3
0RB0RC_0LC0RC_0LD1RA_1RB1LD	rk:4:0	true	0.9
0RB0RC_0LC1RA_0LD1RC_1RB1LD	rk:4:0	false	1.1
0RB0RC_0LC1RA_0LD1RC_1RB1LD	rk:5:0	false	1.5
0RB0RC_0LC1RA_0LD1RC_1RB1LD	rk:6:0	false	2.4
0RB0RC_0LC1RA_1LD1RC_1LA0LB	rk:4:0	false	1.4
0RB0RC_0LC1RA_1LD1RC_1LA0LB	rk:5:0	false	2.6
0RB0RC_0LC1RA_1LD1RC_1LA0LB	rk:6:0	false	3.0
0RB0RC_0LC1RA_1LD1RC_1LA0LD	rk:4:0	false	8.2
0RB0RC_0LC1RA_1LD1RC_1LA0LD	rk:5:0	true	5.7
0RB0RC_0LC1RC_0LD1RA_1RB1LD	rk:4:0	true	0.8
0RB0RC_0LC1RD_1RB0LD_1RA1LC	rk:4:0	true	0.8
0RB0RC_0RC0LD_1LD1RC_1LB0LA	rk:4:0	false	1.0
0RB0RC_0RC0LD_1LD1RC_1LB0LA	rk:5:0	false	1.5
0RB0RC_0RC0LD_1LD1RC_1LB0LA	rk:6:0	false	2.4
0RB0RC_1LA1RB_0LD1LC_0RB1LD	rk:4:0	false	1.1
0RB0RC_1LA1RB_0LD1LC_0RB1LD	rk:5:0	false	1.5
0RB0RC_1LA1RB_0LD1LC_0RB1LD	rk:6:0	false	2.2
0RB0RC_1LA1RB_1RC1LD_0LA0LD	rk:4:0	false	13.1
0RB0RC_1LA1RB_1RC1LD_0LA0LD	rk:5:0	false	127.3
0RB0RC_1LA1RC_1RB1LD_0LD0LA	rk:4:0	false	10.8
0RB0RC_1LA1RC_1RB1LD_0LD0LA	rk:5:0	false	102.6
0RB0RC_1LC0LA_0LD0RA_1RC1LD	rk:4:0	true	0.9
0RB0RC_1LC0LA_0LD1RA_1RA1LD	rk:4:0	true	0.8
0RB0RC_1LC0LB_0LD1LD_1RA1LC	rk:4:0	false	1.4
0RB0RC_1LC0LB_0LD1LD_1RA1LC	rk:5:0	false	4.4
0RB0RC_1LC0LB_0LD1LD_1RA1LC	rk:6:0	false	10.7
0RB0RC_1LC0LC_0LD0RA_1RC1LD	rk:4:0	true	1.1
0RB0RC_1LC0LC_0LD1RA_1RA1LD	rk:4:0	true	1.0
0RB0RC_1LC0LC_0LD1RA_1RC1LD	rk:4:0	false	1.5
0RB0RC_1LC0LC_0LD1RA_1RC1LD	rk:5:0	false	3.5
0RB0RC_1LC0LC_0LD1RA_1RC1LD	rk:6:0	false	7.9
0RB0RC_1LC0RD_0LD0LB_1RA0LA	rk:4:0	false	9.6
0RB0RC_1LC0RD_0LD0LB_1RA0LA	rk:5:0	true	14.8
0RB0RC_1LC0RD_1LD0LD_1RA0LC	rk:4:0	false	7.6
0RB0RC_1LC0RD_1LD0LD_1RA0LC	rk:5:0	false	23.5
0RB0RC_1LC1LD_0LD1RA_1RA0LA	rk:4:0	false	5.4
0RB0RC_1LC1LD_0LD1RA_1RA0LA	rk:5:0	true	19.0
0RB0RC_1LC1RA_0LD1RC_1RB1LD	rk:4:0	false	1.5
0RB0RC_1LC1RA_0LD1RC_1RB1LD	rk:5:0	false	2.8
0RB0RC_1LC1RA_0LD1RC_1RB1LD	rk:6:0	false	4.7
0RB0RC_1LC1RA_1LD0LB_1RB1LA	rk:4:0	false	1.1
0RB0RC_1LC1RA_1LD0LB_1RB1LA	rk:5:0	false	1.3
0RB0RC_1LC1RA_1LD0LB_1RB1LA	rk:6:0	false	1.6
0RB0RC_1LC1RA_1LD0LB_1RB1LC	rk:4:0	false	2.5
0RB0RC_1LC1RA_1LD0LB_1RB1LC	rk:5:0	false	5.2
0RB0RC_1LC1RA_1LD0LC_1RD0LB	rk:4:0	false	2.4
0RB0RC_1LC1RA_1LD0LC_1RD0LB	rk:5:0	false	7.3
0RB0RC_1LC1RB_1LD0LA_1LA0LC	rk:4:0	true	0.8
0RB0RC_1LC1RC_1LD1RA_1RA0LD	rk:4:0	false	6.1
0RB0RC_1LC1RC_1LD1RA_1RA0LD	rk:5:0	false	33.2
0RB0RC_1LC1RD_0LD---_1RA0LA	rk:4:0	false	0.7
0RB0RC_1LC1RD_0LD---_1RA0LA	rk:5:0	false	0.7
0RB0RC_1RC0LA_0LD1RB_1LB1LD	rk:4:0	false	1.2
0RB0RC_1RC0LA_0LD1RB_1LB1LD	rk:5:0	false	1.9
0RB0RC_1RC0LA_1LD1RB_0LD1LA	rk:4:0	false	9.3
0RB0RC_1RC0LA_1LD1RB_0LD1LA	rk:5:0	false	89.3
0RB0RC_1RC0LB_0LD1LD_1RA1LC	rk:4:0	false	1.8
0RB0RC_1RC0LB_0LD1LD_1RA1LC	rk:5:0	false	6.6
0RB0RC_1RC0LC_1LD1RB_0LD0LA	rk:4:0	false	0.9
0RB0RC_1RC0LC_1LD1RB_0LD0LA	rk:5:0	false	1.4
0RB0RC_1RC0LD_1LD0RD_1LB1RA	rk:4:0	false	17.2
0RB0RC_1RC0LD_1LD0RD_1LB1RA	rk:5:0	false	125.3
0RB0RC_1RC0RD_0LD0RA_1LB1LC	rk:4:0	false	1.1
0RB0RC_1RC0RD_0LD0RA_1LB1LC	rk:5:0	true	0.9
0RB0RC_1RC1LA_1LD1RB_0LD0LA	rk:4:0	false	15.1
0RB0RC_1RC1LA_1LD1RB_0LD0LA	rk:5:0	false	89.3
0RB0RC_1RC1LB_0LD0RA_1LB0LC	rk:4:0	true	1.0
0RB0RC_1RC1RA_1LD0LA_1RB0LC	rk:4:0	true	2.2
0RB0RC_1RC1RA_1LD1RB_1LA0LD	rk:4:0	true	11.0
0RB0RC_1RC1RC_1LD1RB_0LD0LA	rk:4:0	false	0.9
0RB0RC_1RC1RC_1LD1RB_0LD0LA	rk:5:0	false	1.2
0RB0RC_1RC1RD_0LD0LC_1RA1LC	rk:4:0	false	1.2
0RB0RC_1RC1RD_0LD0LC_1RA1LC	rk:5:0	false	2.0
0RB0RC_1RC1RD_1LD1RB_1LA0LD	rk:4:0	true	2.4
0RB0RD_0LC1LC_1RD0LB_1LB1RA	rk:4:0	false	3.6
0RB0RD_0LC1LC_1RD0LB_1LB1RA	rk:5:0	false	17.1
0RB0RD_0LC1RA_1RB1LC_0LB0RB	rk:4:0	false	1.1
0RB0RD_0LC1RA_1RB1LC_0LB0RB	rk:5:0	true	1.1
0RB0RD_0LC1RA_1RB1LC_0LC1RD	rk:4:0	false	1.0
0RB0RD_0LC1RA_1RB1LC_0LC1RD	rk:5:0	false	1.5
0RB0RD_0LC1RA_1RB1LC_0LD0RB	rk:4:0	false	1.1
0RB0RD_0LC1RA_1RB1LC_0LD0RB	rk:5:0	true	1.2
0RB0RD_0LC1RA_1RD1LC_0LD1RB	rk:4:0	false	1.1
0RB0RD_0LC1RA_1RD1LC_0LD1RB	rk:5:0	false	1.5
0RB0RD_0LC1RB_1LD1RD_1RA0LD	rk:4:0	false	2.4
0RB0RD_0LC1RB_1LD1RD_1RA0LD	rk:5:0	false	11.1
0RB0RD_0LC1RD_1LD---_1RA0LD	rk:4:0	false	1.9
0RB0RD_0LC1RD_1LD---_1RA0LD	rk:5:0	false	8.8
0RB0RD_0LC1RD_1RB1LD_1RA0LD	rk:4:0	false	2.7
0RB0RD_0LC1RD_1RB1LD_1RA0LD	rk:5:0	false	13.3
0RB0RD_0RC1LB_1LA1RC_0LB1LD	rk:4:0	false	1.0
0RB0RD_0RC1LB_1LA1RC_0LB1LD	rk:5:0	false	1.5
0RB0RD_1LC0LA_0RD0LB_1LB1RD	rk:4:0	false	1.0
0RB0RD_1LC0LA_0RD0LB_1LB1RD	rk:5:0	false	1.5
0RB0RD_1LC0LB_1RA1LB_0LB0RC	rk:4:0	true	2.1
0RB0RD_1LC0LB_1RA1LB_1LA0RC	rk:4:0	true	1.5
0RB0RD_1LC0LC_1RA1LB_1LD1RC	rk:4:0	false	1.4
0RB0RD_1LC0LC_1RA1LB_1LD1RC	rk:5:0	true	2.1
0RB0RD_1LC0RC_0LD0LA_1RA0LB	rk:4:0	false	9.6
0RB0RD_1LC0RC_0LD0LA_1RA0LB	rk:5:0	true	9.7
0RB0RD_1LC0RC_1RA0LC_0LB1RC	rk:4:0	false	4.5
0RB0RD_1LC0RC_1RA0LC_0LB1RC	rk:5:0	false	31.4
0RB0RD_1LC0RD_1LA1LB_0LB1RA	rk:4:0	false	1.0
0RB0RD_1LC0RD_1LA1LB_0LB1RA	rk:5:0	false	1.5
0RB0RD_1LC1RB_1RA0LC_1LB0LC	rk:4:0	false	3.0
0RB0RD_1LC1RB_1RA0LC_1LB0LC	rk:5:0	false	6.7
0RB0RD_1LC1RB_1RA0LC_1LD0LC	rk:4:0	false	2.9
0RB0RD_1LC1RB_1RA0LC_1LD0LC	rk:5:0	false	6.6
0RB0RD_1LC1RC_1RA0LC_0LB1RC	rk:4:0	false	2.9
0RB0RD_1LC1RC_1RA0LC_0LB1RC	rk:5:0	false	14.3
0RB0RD_1LC1RD_1LA1LB_0LB1RA	rk:4:0	false	1.3
0RB0RD_1LC1RD_1LA1LB_0LB1RA	rk:5:0	false	2.8
0RB0RD_1LC1RD_1RA0LC_1LB1RA	rk:4:0	true	2.0
0RB0RD_1RC---_1LD1RB_0LD0LA	rk:4:0	false	0.7
0RB0RD_1RC---_1LD1RB_0LD0LA	rk:5:0	false	0.7
0RB0RD_1RC0LA_1LB1RB_0LD0LA	rk:4:0	false	1.0
0RB0RD_1RC0LA_1LB1RB_0LD0LA	rk:5:0	false	1.3
0RB0RD_1RC0LD_1LD0RC_1LA1LB	rk:4:0	false	1.2
0RB0RD_1RC0LD_1LD0RC_1LA1LB	rk:5:0	false	2.8
0RB0RD_1RC0LD_1RD1LC_1LB1RA	rk:4:0	false	3.4
0RB0RD_1RC0LD_1RD1LC_1LB1RA	rk:5:0	false	14.9
0RB0RD_1RC1LB_0RD0RA_1LD0LB	rk:4:0	false	3.7
0RB0RD_1RC1LB_0RD0RA_1LD0LB	rk:5:0	false	12.4
0RB0RD_1RC1LC_1LB1RA_1RA0RC	rk:4:0	false	1.2
0RB0RD_1RC1LC_1LB1RA_1RA0RC	rk:5:0	true	1.0
0RB0RD_1RC1LD_1LC1RB_0LD0LA	rk:4:0	false	1.0
0RB0RD_1RC1LD_1LC1RB_0LD0LA	rk:5:0	false	1.4
0RB0RD_1RC1RB_1LD1LB_0LD0LA	rk:4:0	false	1.1
0RB0RD_1RC1RB_1LD1LB_0LD0LA	rk:5:0	false	1.6
0RB1LA_0LC0LC_0RD0LA_1LC1RD	rk:4:0	false	0.9
0RB1LA_0LC0LC_0RD0LA_1LC1RD	rk:5:0	false	1.3
0RB1LA_0LC0RC_0LD1RA_1RB1LD	rk:4:0	true	1.1
0RB1LA_0LC1RD_0RD0LA_1LC1RD	rk:4:0	false	1.1
0RB1LA_0LC1RD_0RD0LA_1LC1RD	rk:5:0	false	1.6
0RB1LA_0RC0LD_1LD1RB_0LA---	rk:4:0	false	0.7
0RB1LA_0RC0LD_1LD1RB_0LA---	rk:5:0	false	0.7
0RB1LA_0RC1LC_1RD0LB_0LA1RC	rk:4:0	false	1.3
0RB1LA_0RC1LC_1RD0LB_0LA1RC	rk:5:0	false	2.0
0RB1LA_0RC1LC_1RD0LB_1LA1RC	rk:4:0	false	1.3
0RB1LA_0RC1LC_1RD0LB_1LA1RC	rk:5:0	false	2.1
0RB1LA_1LA0LC_0RD0LA_1LC1RD	rk:4:0	false	1.0
0RB1LA_1LA0LC_0RD0LA_1LC1RD	rk:5:0	false	1.3
0RB1LA_1LA1LC_0RD0LA_1LB1RD	rk:4:0	false	1.1
0RB1LA_1LA1LC_0RD0LA_1LB1RD	rk:5:0	false	1.3
0RB1LA_1LA1LC_0RD0LA_1LC1RD	rk:4:0	false	1.0
0RB1LA_1LA1LC_0RD0LA_1LC1RD	rk:5:0	false	1.3
0RB1LA_1LA1RC_1LD1RB_0RB0LD	rk:4:0	false	1.9
0RB1LA_1LA1RC_1LD1RB_0RB0LD	rk:5:0	false	4.4
0RB1LA_1LA1RC_1LD1RB_0RC0LD	rk:4:0	false	1.8
0RB1LA_1LA1RC_1LD1RB_0RC0LD	rk:5:0	false	4.4
0RB1LA_1LA1RC_1LD1RC_---0LA	rk:4:0	false	0.9
0RB1LA_1LA1RC_1LD1RC_---0LA	rk:5:0	false	1.2
0RB1LA_1LA1RC_1RB0LD_0RA1LC	rk:4:0	false	1.5
0RB1LA_1LA1RC_1RB0LD_0RA1LC	rk:5:0	false	2.4
0RB1LA_1LA1RC_1RB0LD_0RC1LC	rk:4:0	false	1.4
0RB1LA_1LA1RC_1RB0LD_0RC1LC	rk:5:0	false	2.0
0RB1LA_1LA1RC_1RB0LD_0RD1LC	rk:4:0	false	1.4
0RB1LA_1LA1RC_1RB0LD_0RD1LC	rk:5:0	false	2.0
0RB1LA_1LC0LA_0RD0LB_1RB1RD	rk:4:0	false	1.4
0RB1LA_1LC0LA_0RD0LB_1RB1RD	rk:5:0	false	3.2
0RB1LA_1LC0LA_0RD0LC_1RB1RD	rk:4:0	false	1.6
0RB1LA_1LC0LA_0RD0LC_1RB1RD	rk:5:0	false	4.0
0RB1LA_1LC0LC_0RD0LA_1LC1RD	rk:4:0	false	1.0
0RB1LA_1LC0LC_0RD0LA_1LC1RD	rk:5:0	false	1.3
0RB1LA_1LC0LD_1LD1RC_0RC0LA	rk:4:0	false	1.0
0RB1LA_1LC0LD_1LD1RC_0RC0LA	rk:5:0	false	1.3
0RB1LA_1LC0LD_1RD0RC_0LA1RC	rk:4:0	true	2.4
0RB1LA_1LC0RA_0LD1RA_1RD0LC	rk:4:0	false	10.9
0RB1LA_1LC0RA_0LD1RA_1RD0LC	rk:5:0	false	25.5
0RB1LA_1LC1LC_0RD0LA_1LB1RD	rk:4:0	false	1.1
0RB1LA_1LC1LC_0RD0LA_1LB1RD	rk:5:0	false	1.3
0RB1LA_1LC1LC_0RD0LA_1LC1RD	rk:4:0	false	1.0
0RB1LA_1LC1LC_0RD0LA_1LC1RD	rk:5:0	false	1.3
0RB1LA_1LC1LD_1LD1RC_0RC0LA	rk:4:0	false	1.0
0RB1LA_1LC1LD_1LD1RC_0RC0LA	rk:5:0	false	1.3
0RB1LA_1LC1RB_0LD1LD_0RA0LA	rk:4:0	false	1.1
0RB1LA_1LC1RB_0LD1LD_0RA0LA	rk:5:0	false	1.3
0RB1LA_1LC1RB_0LD1LD_1LA0LA	rk:4:0	false	1.1
0RB1LA_1LC1RB_0LD1LD_1LA0LA	rk:5:0	false	1.4
0RB1LA_1LC1RB_0LD1LD_1RA0LA	rk:4:0	false	1.6
0RB1LA_1LC1RB_0LD1LD_1RA0LA	rk:5:0	false	2.2
0RB1LA_1LC1RB_0LD1LD_1RB0LA	rk:4:0	false	1.1
0RB1LA_1LC1RB_0LD1LD_1RB0LA	rk:5:0	false	1.3
0RB1LA_1LC1RB_0RA0LA_------	rk:4:0	false	0.9
0RB1LA_1LC1RB_0RA0LA_------	rk:5:0	false	1.2
0RB1LA_1LC1RB_0RA0LD_0LC0LA	rk:4:0	false	1.4
0RB1LA_1LC1RB_0RA0LD_0LC0LA	rk:5:0	false	2.6
0RB1LA_1LC1RB_0RA0LD_0LC1LA	rk:4:0	false	1.1
0RB1LA_1LC1RB_0RA0LD_0LC1LA	rk:5:0	false	1.5
0RB1LA_1LC1RB_0RA0LD_0LC1LD	rk:4:0	false	1.0
0RB1LA_1LC1RB_0RA0LD_0LC1LD	rk:5:0	false	1.4
0RB1LA_1LC1RB_0RA0LD_0RB0LA	rk:4:0	false	1.3
0RB1LA_1LC1RB_0RA0LD_0RB0LA	rk:5:0	false	2.6
0RB1LA_1LC1RB_0RA0LD_0RB1LA	rk:4:0	false	1.1
0RB1LA_1LC1RB_0RA0LD_0RB1LA	rk:5:0	false	1.6
0RB1LA_1LC1RB_0RA0RD_0LA1LD	rk:4:0	false	1.1
0RB1LA_1LC1RB_0RA0RD_0LA1LD	rk:5:0	false	1.4
0RB1LA_1LC1RB_0RA1LD_0LA0LA	rk:4:0	false	1.1
0RB1LA_1LC1RB_0RA1LD_0LA0LA	rk:5:0	false	1.5
0RB1LA_1LC1RB_0RA1LD_0LA0RC	rk:4:0	false	1.0
0RB1LA_1LC1RB_0RA1LD_0LA0RC	rk:5:0	false	1.2
0RB1LA_1LC1RB_0RA1LD_0LC0LA	rk:4:0	false	1.1
0RB1LA_1LC1RB_0RA1LD_0LC0LA	rk:5:0	false	1.5
0RB1LA_1LC1RB_0RA1LD_0RA0LA	rk:4:0	false	1.2
0RB1LA_1LC1RB_0RA1LD_0RA0LA	rk:5:0	false	1.7
0RB1LA_1LC1RB_0RA1LD_0RB0LA	rk:4:0	false	1.2
0RB1LA_1LC1RB_0RA1LD_0RB0LA	rk:5:0	false	1.7
0RB1LA_1LC1RB_0RA1LD_0RD0LA	rk:4:0	false	1.1
0RB1LA_1LC1RB_0RA1LD_0RD0LA	rk:5:0	false	1.5
0RB1LA_1LC1RB_0RA1LD_1LC0LA	rk:4:0	false	1.1
0RB1LA_1LC1RB_0RA1LD_1LC0LA	rk:5:0	false	1.5
0RB1LA_1LC1RB_0RA1LD_1RC0LA	rk:4:0	false	1.1
0RB1LA_1LC1RB_0RA1LD_1RC0LA	rk:5:0	false	1.5
0RB1LA_1LC1RB_0RB0LA_------	rk:4:0	false	0.9
0RB1LA_1LC1RB_0RB0LA_------	rk:5:0	false	1.2
0RB1LA_1LC1RB_0RB0LD_0RB0LA	rk:4:0	false	1.3
0RB1LA_1LC1RB_0RB0LD_0RB0LA	rk:5:0	false	2.5
0RB1LA_1LC1RB_0RB0LD_0RB1LA	rk:4:0	false	1.1
0RB1LA_1LC1RB_0RB0LD_0RB1LA	rk:5:0	false	1.5
0RB1LA_1LC1RB_0RB0RD_0LA1LD	rk:4:0	false	1.1
0RB1LA_1LC1RB_0RB0RD_0LA1LD	rk:5:0	false	1.4
0RB1LA_1LC1RB_0RB1LD_0LA0LA	rk:4:0	false	1.0
0RB1LA_1LC1RB_0RB1LD_0LA0LA	rk:5:0	false	1.5
0RB1LA_1LC1RB_0RB1LD_0LA0RC	rk:4:0	false	1.0
0RB1LA_1LC1RB_0RB1LD_0LA0RC	rk:5:0	false	1.2
0RB1LA_1LC1RB_0RB1LD_0LC0LA	rk:4:0	false	1.1
0RB1LA_1LC1RB_0RB1LD_0LC0LA	rk:5:0	false	1.5
0RB1LA_1LC1RB_0RB1LD_0RA0LA	rk:4:0	false	1.2
0RB1LA_1LC1RB_0RB1LD_0RA0LA	rk:5:0	false	1.7
0RB1LA_1LC1RB_0RB1LD_0RA0LC	rk:4:0	false	1.8
0RB1LA_1LC1RB_0RB1LD_0RA0LC	rk:5:0	false	4.3
0RB1LA_1LC1RB_0RB1LD_0RB0LA	rk:4:0	false	1.2
0RB1LA_1LC1RB_0RB1LD_0RB0LA	rk:5:0	false	1.6
0RB1LA_1LC1RB_0RB1LD_0RD0LA	rk:4:0	false	1.1
0RB1LA_1LC1RB_0RB1LD_0RD0LA	rk:5:0	false	1.5
0RB1LA_1LC1RB_0RB1LD_1LB0LA	rk:4:0	false	1.1
0RB1LA_1LC1RB_0RB1LD_1LB0LA	rk:5:0	false	1.5
0RB1LA_1LC1RB_0RB1LD_1LC0LA	rk:4:0	false	1.1
0RB1LA_1LC1RB_0RB1LD_1LC0LA	rk:5:0	false	1.5
0RB1LA_1LC1RB_0RB1LD_1RC0LA	rk:4:0	false	1.1
0RB1LA_1LC1RB_0RB1LD_1RC0LA	rk:5:0	false	1.5
0RB1LA_1LC1RB_0RC1LD_0RA0LA	rk:4:0	false	1.2
0RB1LA_1LC1RB_0RC1LD_0RA0LA	rk:5:0	false	1.4
0RB1LA_1LC1RB_0RC1LD_0RB0LA	rk:4:0	false	1.1
0RB1LA_1LC1RB_0RC1LD_0RB0LA	rk:5:0	false	1.4
0RB1LA_1LC1RB_0RC1LD_1LA0LA	rk:4:0	false	1.1
0RB1LA_1LC1RB_0RC1LD_1LA0LA	rk:5:0	false	1.4
0RB1LA_1LC1RB_0RC1LD_1RA0LA	rk:4:0	false	1.1
0RB1LA_1LC1RB_0RC1LD_1RA0LA	rk:5:0	false	1.4
0RB1LA_1LC1RB_0RC1LD_1RB0LA	rk:4:0	false	1.1
0RB1LA_1LC1RB_0RC1LD_1RB0LA	rk:5:0	false	1.3
0RB1LA_1LC1RB_0RD0LD_0RB1LA	rk:4:0	false	1.1
0RB1LA_1LC1RB_0RD0LD_0RB1LA	rk:5:0	false	1.5
0RB1LA_1LC1RB_1LA0LA_------	rk:4:0	false	0.9
0RB1LA_1LC1RB_1LA0LA_------	rk:5:0	false	1.2
0RB1LA_1LC1RB_1LA0LD_0RB1LA	rk:4:0	false	1.1
0RB1LA_1LC1RB_1LA0LD_0RB1LA	rk:5:0	false	1.5
0RB1LA_1LC1RB_1LA0LD_0RC1LA	rk:4:0	false	1.1
0RB1LA_1LC1RB_1LA0LD_0RC1LA	rk:5:0	false	1.5
0RB1LA_1LC1RB_1LA0LD_1RC1LA	rk:4:0	false	1.1
0RB1LA_1LC1RB_1LA0LD_1RC1LA	rk:5:0	false	1.5
0RB1LA_1LC1RB_1LA0RD_0LA1LD	rk:4:0	false	1.0
0RB1LA_1LC1RB_1LA0RD_0LA1LD	rk:5:0	false	1.3
0RB1LA_1LC1RB_1LA1LD_---0LA	rk:4:0	false	0.6
0RB1LA_1LC1RB_1LA1LD_---0LA	rk:5:0	false	0.7
0RB1LA_1LC1RB_1LA1LD_0LA0RC	rk:4:0	false	0.9
0RB1LA_1LC1RB_1LA1LD_0LA0RC	rk:5:0	false	1.2
0RB1LA_1LC1RB_1LD0LD_0RB1LA	rk:4:0	false	1.1
0RB1LA_1LC1RB_1LD0LD_0RB1LA	rk:5:0	false	1.6
0RB1LA_1LC1RB_1LD0LD_1RC1LA	rk:4:0	false	1.1
0RB1LA_1LC1RB_1LD0LD_1RC1LA	rk:5:0	false	1.5
0RB1LA_1LC1RB_1LD0RD_0RA0LA	rk:4:0	false	1.1
0RB1LA_1LC1RB_1LD0RD_0RA0LA	rk:5:0	false	1.2
0RB1LA_1LC1RB_1LD0RD_0RB0LA	rk:4:0	false	1.2
0RB1LA_1LC1RB_1LD0RD_0RB0LA	rk:5:0	false	1.2
0RB1LA_1LC1RB_1LD0RD_1LA0LA	rk:4:0	false	1.0
0RB1LA_1LC1RB_1LD0RD_1LA0LA	rk:5:0	false	1.3
0RB1LA_1LC1RB_1LD0RD_1RA0LA	rk:4:0	false	1.1
0RB1LA_1LC1RB_1LD0RD_1RA0LA	rk:5:0	false	1.2
0RB1LA_1LC1RB_1LD0RD_1RB0LA	rk:4:0	false	1.0
0RB1LA_1LC1RB_1LD0RD_1RB0LA	rk:5:0	false	1.2
0RB1LA_1LC1RB_1LD1LD_0RA0LA	rk:4:0	false	1.2
0RB1LA_1LC1RB_1LD1LD_0RA0LA	rk:5:0	false	1.4
0RB1LA_1LC1RB_1LD1LD_0RB0LA	rk:4:0	false	1.1
0RB1LA_1LC1RB_1LD1LD_0RB0LA	rk:5:0	false	1.4
0RB1LA_1LC1RB_1RA0LA_------	rk:4:0	false	0.9
0RB1LA_1LC1RB_1RA0LA_------	rk:5:0	false	1.1
0RB1LA_1LC1RB_1RA0LD_0RB1LA	rk:4:0	false	1.1
0RB1LA_1LC1RB_1RA0LD_0RB1LA	rk:5:0	false	1.5
0RB1LA_1LC1RB_1RA0LD_0RC1LA	rk:4:0	false	1.1
0RB1LA_1LC1RB_1RA0LD_0RC1LA	rk:5:0	false	1.6
0RB1LA_1LC1RB_1RA0LD_1RC1LA	rk:4:0	false	1.1
0RB1LA_1LC1RB_1RA0LD_1RC1LA	rk:5:0	false	1.6
0RB1LA_1LC1RB_1RA0RD_0LA1LD	rk:4:0	false	1.0
0RB1LA_1LC1RB_1RA0RD_0LA1LD	rk:5:0	false	1.5
0RB1LA_1LC1RB_1RA1LD_---0LA	rk:4:0	false	0.6
0RB1LA_1LC1RB_1RA1LD_---0LA	rk:5:0	false	0.7
0RB1LA_1LC1RB_1RA1LD_0LA0RC	rk:4:0	false	0.9
0RB1LA_1LC1RB_1RA1LD_0LA0RC	rk:5:0	false	1.1
0RB1LA_1LC1RB_1RB0LA_------	rk:4:0	false	0.9
0RB1LA_1LC1RB_1RB0LA_------	rk:5:0	false	1.2
0RB1LA_1LC1RB_1RB0LD_0RB1LA	rk:4:0	false	1.1
0RB1LA_1LC1RB_1RB0LD_0RB1LA	rk:5:0	false	1.5
0RB1LA_1LC1RB_1RB0LD_0RC1LA	rk:4:0	false	1.1
0RB1LA_1LC1RB_1RB0LD_0RC1LA	rk:5:0	false	1.5
0RB1LA_1LC1RB_1RB0LD_1RC1LA	rk:4:0	false	1.1
0RB1LA_1LC1RB_1RB0LD_1RC1LA	rk:5:0	false	1.5
0RB1LA_1LC1RB_1RB0RD_0LA1LD	rk:4:0	false	1.0
0RB1LA_1LC1RB_1RB0RD_0LA1LD	rk:5:0	false	1.4
0RB1LA_1LC1RB_1RB1LD_---0LA	rk:4:0	false	0.6
0RB1LA_1LC1RB_1RB1LD_---0LA	rk:5:0	false	0.6
0RB1LA_1LC1RB_1RB1LD_0LA0RC	rk:4:0	false	0.9
0RB1LA_1LC1RB_1RB1LD_0LA0RC	rk:5:0	false	1.1
0RB1LA_1LC1RB_1RD0LA_0LB0RD	rk:4:0	false	6.3
0RB1LA_1LC1RB_1RD0LA_0LB0RD	rk:5:0	false	36.2
0RB1LA_1LC1RB_1RD0LA_0LC0RD	rk:4:0	false	11.4
0RB1LA_1LC1RB_1RD0LA_0LC0RD	rk:5:0	false	103.3
0RB1LA_1LC1RB_1RD0LC_0RD0LA	rk:4:0	false	2.5
0RB1LA_1LC1RB_1RD0LC_0RD0LA	rk:5:0	false	7.9
0RB1LA_1LC1RB_1RD0LD_0RB1LA	rk:4:0	false	1.1
0RB1LA_1LC1RB_1RD0LD_0RB1LA	rk:5:0	false	1.6
0RB1LA_1LC1RB_1RD0LD_0RC1LA	rk:4:0	false	1.1
0RB1LA_1LC1RB_1RD0LD_0RC1LA	rk:5:0	false	1.5
0RB1LA_1LC1RB_1RD0LD_1RC1LA	rk:4:0	false	1.1
0RB1LA_1LC1RB_1RD0LD_1RC1LA	rk:5:0	false	1.6
0RB1LA_1LC1RB_1RD1LD_0RA0LA	rk:4:0	false	1.1
0RB1LA_1LC1RB_1RD1LD_0RA0LA	rk:5:0	false	1.4
0RB1LA_1LC1RB_1RD1LD_0RB0LA	rk:4:0	false	1.1
0RB1LA_1LC1RB_1RD1LD_0RB0LA	rk:5:0	false	1.4
0RB1LA_1LC1RC_1LD1RC_0RA0LA	rk:4:0	false	1.1
0RB1LA_1LC1RC_1LD1RC_0RA0LA	rk:5:0	false	1.6
0RB1LA_1LC1RC_1LD1RC_0RB0LA	rk:4:0	false	1.1
0RB1LA_1LC1RC_1LD1RC_0RB0LA	rk:5:0	false	1.5
0RB1LA_1LC1RC_1LD1RC_0RC0LA	rk:4:0	false	1.1
0RB1LA_1LC1RC_1LD1RC_0RC0LA	rk:5:0	false	1.5
0RB1LA_1LC1RC_1LD1RC_1LA0LA	rk:4:0	false	1.0
0RB1LA_1LC1RC_1LD1RC_1LA0LA	rk:5:0	false	1.5
0RB1LA_1LC1RC_1LD1RC_1RA0LA	rk:4:0	false	1.1
0RB1LA_1LC1RC_1LD1RC_1RA0LA	rk:5:0	false	1.5
0RB1LA_1LC1RC_1LD1RC_1RB0LA	rk:4:0	false	1.0
0RB1LA_1LC1RC_1LD1RC_1RB0LA	rk:5:0	false	1.6
0RB1LA_1LC1RC_1LD1RC_1RC0LA	rk:4:0	false	1.1
0RB1LA_1LC1RC_1LD1RC_1RC0LA	rk:5:0	false	1.6
0RB1LA_1LC1RD_0RA0LA_0LD1RB	rk:4:0	false	1.1
0RB1LA_1LC1RD_0RA0LA_0LD1RB	rk:5:0	false	1.7
0RB1LA_1LC1RD_0RA0LA_1LC1RB	rk:4:0	false	1.2
0RB1LA_1LC1RD_0RA0LA_1LC1RB	rk:5:0	false	2.0
0RB1LA_1LC1RD_0RA0LA_1LC1RD	rk:4:0	false	1.0
0RB1LA_1LC1RD_0RA0LA_1LC1RD	rk:5:0	false	1.6
0RB1LA_1LC1RD_0RB0LA_0LD1RB	rk:4:0	false	1.1
0RB1LA_1LC1RD_0RB0LA_0LD1RB	rk:5:0	false	1.7
0RB1LA_1LC1RD_0RB0LA_1LC1RB	rk:4:0	false	1.2
0RB1LA_1LC1RD_0RB0LA_1LC1RB	rk:5:0	false	1.8
0RB1LA_1LC1RD_0RB0LA_1LC1RD	rk:4:0	false	1.1
0RB1LA_1LC1RD_0RB0LA_1LC1RD	rk:5:0	false	1.6
0RB1LA_1LC1RD_0RB0LC_1LA1RB	rk:4:0	false	1.6
0RB1LA_1LC1RD_0RB0LC_1LA1RB	rk:5:0	false	5.5
0RB1LA_1LC1RD_0RD0LA_0LD1RB	rk:4:0	false	1.2
0RB1LA_1LC1RD_0RD0LA_0LD1RB	rk:5:0	false	1.7
0RB1LA_1LC1RD_0RD0LA_1LC1RB	rk:4:0	false	1.3
0RB1LA_1LC1RD_0RD0LA_1LC1RB	rk:5:0	false	1.9
0RB1LA_1LC1RD_0RD0LA_1LC1RD	rk:4:0	false	1.1
0RB1LA_1LC1RD_0RD0LA_1LC1RD	rk:5:0	false	1.6
0RB1LA_1LC1RD_0RD0LC_0LA1RB	rk:4:0	false	2.2
0RB1LA_1LC1RD_0RD0LC_0LA1RB	rk:5:0	false	8.9
0RB1LA_1LC1RD_1LA0LA_0LD1RB	rk:4:0	false	1.1
0RB1LA_1LC1RD_1LA0LA_0LD1RB	rk:5:0	false	1.7
0RB1LA_1LC1RD_1LA0LA_1LC1RB	rk:4:0	false	1.2
0RB1LA_1LC1RD_1LA0LA_1LC1RB	rk:5:0	false	1.8
0RB1LA_1LC1RD_1LA0LA_1LC1RD	rk:4:0	false	1.1
0RB1LA_1LC1RD_1LA0LA_1LC1RD	rk:5:0	false	1.5
0RB1LA_1LC1RD_1LD1RC_0RC0LA	rk:4:0	false	2.5
0RB1LA_1LC1RD_1LD1RC_0RC0LA	rk:5:0	false	5.0
0RB1LA_1LC1RD_1RA0LA_0LD1RB	rk:4:0	false	1.2
0RB1LA_1LC1RD_1RA0LA_0LD1RB	rk:5:0	false	1.6
0RB1LA_1LC1RD_1RA0LA_1LC1RB	rk:4:0	false	1.3
0RB1LA_1LC1RD_1RA0LA_1LC1RB	rk:5:0	false	1.9
0RB1LA_1LC1RD_1RA0LA_1LC1RD	rk:4:0	false	1.1
0RB1LA_1LC1RD_1RA0LA_1LC1RD	rk:5:0	false	1.5
0RB1LA_1LC1RD_1RB0LA_0LD1RB	rk:4:0	false	1.2
0RB1LA_1LC1RD_1RB0LA_0LD1RB	rk:5:0	false	1.8
0RB1LA_1LC1RD_1RB0LA_1LC1RB	rk:4:0	false	1.3
0RB1LA_1LC1RD_1RB0LA_1LC1RB	rk:5:0	false	1.8
0RB1LA_1LC1RD_1RB0LA_1LC1RD	rk:4:0	false	1.1
0RB1LA_1LC1RD_1RB0LA_1LC1RD	rk:5:0	false	1.5
0RB1LA_1LC1RD_1RD0LA_0LD1RB	rk:4:0	false	1.1
0RB1LA_1LC1RD_1RD0LA_0LD1RB	rk:5:0	false	1.6
0RB1LA_1LC1RD_1RD0LA_1LC1RB	rk:4:0	false	1.2
0RB1LA_1LC1RD_1RD0LA_1LC1RB	rk:5:0	false	1.9
0RB1LA_1LC1RD_1RD0LA_1LC1RD	rk:4:0	false	1.1
0RB1LA_1LC1RD_1RD0LA_1LC1RD	rk:5:0	false	1.6
0RB1LA_1RC0LA_0LC1RD_1LB1RD	rk:4:0	false	1.0
0RB1LA_1RC0LA_0LC1RD_1LB1RD	rk:5:0	false	1.3
0RB1LA_1RC0LA_0LD0RD_1LD1LB	rk:4:0	false	1.3
0RB1LA_1RC0LA_0LD0RD_1LD1LB	rk:5:0	false	2.0
0RB1LA_1RC0LA_0LD1LD_1LB1RD	rk:4:0	false	1.0
0RB1LA_1RC0LA_0LD1LD_1LB1RD	rk:5:0	false	1.3
0RB1LA_1RC0LA_0LD1RB_---1LB	rk:4:0	false	1.8
0RB1LA_1RC0LA_0LD1RB_---1LB	rk:5:0	false	7.5
0RB1LA_1RC0LA_0LD1RB_1LB0RC	rk:4:0	false	2.3
0RB1LA_1RC0LA_0LD1RB_1LB0RC	rk:5:0	false	11.1
0RB1LA_1RC0LA_0LD1RD_1LB1RD	rk:4:0	false	0.9
0RB1LA_1RC0LA_0LD1RD_1LB1RD	rk:5:0	false	1.3
0RB1LA_1RC0LA_0RD0RD_1LD1LB	rk:4:0	false	1.3
0RB1LA_1RC0LA_0RD0RD_1LD1LB	rk:5:0	false	2.0
0RB1LA_1RC0LA_0RD1RB_1LD0LB	rk:4:0	false	3.8
0RB1LA_1RC0LA_0RD1RB_1LD0LB	rk:5:0	false	14.6
0RB1LA_1RC0LA_1LA0RD_1LD1LB	rk:4:0	false	1.3
0RB1LA_1RC0LA_1LA0RD_1LD1LB	rk:5:0	false	2.0
0RB1LA_1RC0LA_1LA1LD_1LB1RD	rk:4:0	false	1.0
0RB1LA_1RC0LA_1LA1LD_1LB1RD	rk:5:0	false	1.3
0RB1LA_1RC0LA_1LA1RD_1LB1RD	rk:4:0	false	1.0
0RB1LA_1RC0LA_1LA1RD_1LB1RD	rk:5:0	false	1.2
0RB1LA_1RC0LA_1LB0RD_1LD1LB	rk:4:0	false	1.4
0RB1LA_1RC0LA_1LB0RD_1LD1LB	rk:5:0	false	2.0
0RB1LA_1RC0LA_1LB1LD_1LB1RD	rk:4:0	false	1.0
0RB1LA_1RC0LA_1LB1LD_1LB1RD	rk:5:0	false	1.3
0RB1LA_1RC0LA_1LB1RD_1LB1RD	rk:4:0	false	1.0
0RB1LA_1RC0LA_1LB1RD_1LB1RD	rk:5:0	false	1.3
0RB1LA_1RC0LA_1LB1RD_1RB0LB	rk:4:0	true	1.0
0RB1LA_1RC0LA_1LB1RD_1RC0LB	rk:4:0	true	1.0
0RB1LA_1RC0LA_1LC0RD_1LD1LB	rk:4:0	false	1.4
0RB1LA_1RC0LA_1LC0RD_1LD1LB	rk:5:0	false	2.1
0RB1LA_1RC0LA_1LC1LD_1LB1RD	rk:4:0	false	1.0
0RB1LA_1RC0LA_1LC1LD_1LB1RD	rk:5:0	false	1.3
0RB1LA_1RC0LA_1LC1RD_1LB1RD	rk:4:0	false	0.9
0RB1LA_1RC0LA_1LC1RD_1LB1RD	rk:5:0	false	1.3
0RB1LA_1RC0LA_1LD0RD_1LD1LB	rk:4:0	false	1.3
0RB1LA_1RC0LA_1LD0RD_1LD1LB	rk:5:0	false	2.0
0RB1LA_1RC0LA_1LD1LD_1LB1RD	rk:4:0	false	1.0
0RB1LA_1RC0LA_1LD1LD_1LB1RD	rk:5:0	false	1.3
0RB1LA_1RC0LA_1LD1RB_---1LB	rk:4:0	false	1.7
0RB1LA_1RC0LA_1LD1RB_---1LB	rk:5:0	false	7.5
0RB1LA_1RC0LA_1LD1RD_1LB1RD	rk:4:0	false	1.0
0RB1LA_1RC0LA_1LD1RD_1LB1RD	rk:5:0	false	1.3
0RB1LA_1RC0LA_1RD0LB_1LA1RC	rk:4:0	true	1.0
0RB1LA_1RC0LA_1RD0LB_1LB1RC	rk:4:0	true	1.1
0RB1LA_1RC0LA_1RD0LB_1LC1RC	rk:4:0	true	1.0
0RB1LA_1RC0LA_1RD1RD_1LB1RD	rk:4:0	false	1.0
0RB1LA_1RC0LA_1RD1RD_1LB1RD	rk:5:0	false	1.3
0RB1LA_1RC0LD_1LA1RB_0RB1LB	rk:4:0	false	1.3
0RB1LA_1RC0LD_1LA1RB_0RB1LB	rk:5:0	false	2.0
0RB1LA_1RC0LD_1LA1RB_0RD1LB	rk:4:0	false	1.4
0RB1LA_1RC0LD_1LA1RB_0RD1LB	rk:5:0	false	2.1
0RB1LA_1RC0LD_1LD1RC_0RC0LA	rk:4:0	false	1.0
0RB1LA_1RC0LD_1LD1RC_0RC0LA	rk:5:0	false	1.3
0RB1LA_1RC1LB_0LB1RD_0LA0RC	rk:4:0	false	2.9
0RB1LA_1RC1LB_0LB1RD_0LA0RC	rk:5:0	false	7.6
0RB1LA_1RC1LC_0LA1RD_0RC0RD	rk:4:0	false	1.5
0RB1LA_1RC1LC_0LA1RD_0RC0RD	rk:5:0	false	2.4
0RB1LA_1RC1LC_0RD0LA_1LB1RD	rk:4:0	false	1.1
0RB1LA_1RC1LC_0RD0LA_1LB1RD	rk:5:0	false	1.5
0RB1LA_1RC1LC_1LD0RC_0LA0LC	rk:4:0	false	2.7
0RB1LA_1RC1LC_1LD0RC_0LA0LC	rk:5:0	false	13.0
0RB1LA_1RC1LD_0LA1RB_0LA0RC	rk:4:0	true	5.0
0RB1LA_1RC1LD_1LB1RC_0RC0LA	rk:4:0	false	1.1
0RB1LA_1RC1LD_1LB1RC_0RC0LA	rk:5:0	false	1.2
0RB1LA_1RC1LD_1LD1RC_0RC0LA	rk:4:0	false	0.9
0RB1LA_1RC1LD_1LD1RC_0RC0LA	rk:5:0	false	1.3
0RB1LA_1RC1RB_0LD0RC_0LA1LD	rk:4:0	false	11.1
0RB1LA_1RC1RB_0LD0RC_0LA1LD	rk:5:0	false	95.5
0RB1LA_1RC1RB_1LC0LD_0RA0LA	rk:4:0	false	1.0
0RB1LA_1RC1RB_1LC0LD_0RA0LA	rk:5:0	false	1.3
0RB1LA_1RC1RB_1LC0LD_1RA0LA	rk:4:0	false	1.5
0RB1LA_1RC1RB_1LC0LD_1RA0LA	rk:5:0	false	3.0
0RB1LA_1RC1RB_1LD0LA_0RB0LD	rk:4:0	false	2.5
0RB1LA_1RC1RB_1LD0LA_0RB0LD	rk:5:0	false	8.6
0RB1LA_1RC1RB_1LD0LA_0RC0LD	rk:4:0	false	2.6
0RB1LA_1RC1RB_1LD0LA_0RC0LD	rk:5:0	false	8.9
0RB1LA_1RC1RB_1LD1LA_0RB0LD	rk:4:0	false	1.7
0RB1LA_1RC1RB_1LD1LA_0RB0LD	rk:5:0	false	5.1
0RB1LA_1RC1RB_1LD1LA_0RC0LD	rk:4:0	false	1.8
0RB1LA_1RC1RB_1LD1LA_0RC0LD	rk:5:0	false	5.7
0RB1LA_1RC1RC_1LD1RC_---0LA	rk:4:0	false	0.9
0RB1LA_1RC1RC_1LD1RC_---0LA	rk:5:0	false	1.2
0RB1LB_0LC0LC_0RD1LA_1LC1RD	rk:4:0	false	1.3
0RB1LB_0LC0LC_0RD1LA_1LC1RD	rk:5:0	false	2.1
0RB1LB_0LC0RD_1LA1RC_1RB1RA	rk:4:0	false	1.7
0RB1LB_0LC0RD_1LA1RC_1RB1RA	rk:5:0	false	1.5
0RB1LB_0LC1LC_0RD0LA_1LA1RD	rk:4:0	false	1.0
0RB1LB_0LC1LC_0RD0LA_1LA1RD	rk:5:0	false	1.5
0RB1LB_0LC1RD_1LA0LD_1LB0RD	rk:4:0	false	3.8
0RB1LB_0LC1RD_1LA0LD_1LB0RD	rk:5:0	false	20.4
0RB1LB_0LC1RD_1LA1LB_1LB0RD	rk:4:0	false	2.8
0RB1LB_0LC1RD_1LA1LB_1LB0RD	rk:5:0	false	10.3
0RB1LB_0LC1RD_1LA1LC_1RB0RA	rk:4:0	true	1.7
0RB1LB_0LC1RD_1LA1LC_1RB0RB	rk:4:0	false	2.8
0RB1LB_0LC1RD_1LA1LC_1RB0RB	rk:5:0	false	11.2
0RB1LB_0RC0LA_1RD1RC_1LA1LD	rk:4:0	false	0.9
0RB1LB_0RC0LA_1RD1RC_1LA1LD	rk:5:0	false	1.1
0RB1LB_0RC0LB_1LD1RC_0RA1LA	rk:4:0	true	0.9
0RB1LB_0RC0LB_1LD1RC_0RC1LA	rk:4:0	true	0.8
0RB1LB_0RC0LB_1RD1LA_1LC1RD	rk:4:0	true	0.8
0RB1LB_0RC0LB_1RD1RC_0LA1LD	rk:4:0	false	1.2
0RB1LB_0RC0LB_1RD1RC_0LA1LD	rk:5:0	false	2.1
0RB1LB_0RC0LB_1RD1RC_1LD1LA	rk:4:0	true	0.9
0RB1LB_0RC0LD_1LB1RC_0LA1LA	rk:4:0	true	0.8
0RB1LB_0RC0LD_1LB1RC_0RC1LA	rk:4:0	true	0.8
0RB1LB_0RC0LD_1LD1RC_0LA1LA	rk:4:0	false	1.1
0RB1LB_0RC0LD_1LD1RC_0LA1LA	rk:5:0	false	1.5
0RB1LB_0RC0LD_1LD1RD_1RC0LA	rk:4:0	true	1.0
0RB1LB_0RC1LC_0RD0LC_1LA1RD	rk:4:0	true	0.9
0RB1LB_0RC1LD_1LA1RC_0LA0LB	rk:4:0	true	0.8
0RB1LB_0RC1LD_1LA1RC_0LA0LD	rk:4:0	true	0.8
0RB1LB_0RC1LD_1LA1RC_0RC0LB	rk:4:0	false	1.0
0RB1LB_0RC1LD_1LA1RC_0RC0LB	rk:5:0	true	0.9
0RB1LB_0RC1LD_1LA1RC_0RC0LD	rk:4:0	true	0.8
0RB1LB_0RC1LD_1LA1RC_1RC0LA	rk:4:0	false	1.0
0RB1LB_0RC1LD_1LA1RC_1RC0LA	rk:5:0	false	1.6
0RB1LB_0RC1LD_1LA1RC_1RD0LA	rk:4:0	false	1.1
0RB1LB_0RC1LD_1LA1RC_1RD0LA	rk:5:0	false	1.8
0RB1LB_1LA0LC_0RD1LA_1LC1RD	rk:4:0	false	1.2
0RB1LB_1LA0LC_0RD1LA_1LC1RD	rk:5:0	false	2.0
0RB1LB_1LA1LC_0RD0LA_1LA1RD	rk:4:0	false	1.0
0RB1LB_1LA1LC_0RD0LA_1LA1RD	rk:5:0	false	1.5
0RB1LB_1LA1LC_1RC0RD_0LB0RC	rk:4:0	false	1.0
0RB1LB_1LA1LC_1RC0RD_0LB0RC	rk:5:0	false	1.3
0RB1LB_1LA1LC_1RD---_0LB0RD	rk:4:0	false	0.7
0RB1LB_1LA1LC_1RD---_0LB0RD	rk:5:0	false	0.8
0RB1LB_1LC0LC_0RD1LA_1LC1RD	rk:4:0	false	1.3
0RB1LB_1LC0LC_0RD1LA_1LC1RD	rk:5:0	false	2.1
0RB1LB_1LC0LD_1LA---_1RD0RB	rk:4:0	false	0.8
0RB1LB_1LC0LD_1LA---_1RD0RB	rk:5:0	false	0.9
0RB1LB_1LC0LD_1LD---_1RA1LB	rk:4:0	false	1.1
0RB1LB_1LC0LD_1LD---_1RA1LB	rk:5:0	false	1.9
0RB1LB_1LC0RD_1LA0LC_1RA0LD	rk:4:0	false	0.9
0RB1LB_1LC0RD_1LA0LC_1RA0LD	rk:5:0	true	1.0
0RB1LB_1LC1LC_0RD0LA_1LA1RD	rk:4:0	false	1.0
0RB1LB_1LC1LC_0RD0LA_1LA1RD	rk:5:0	false	1.6
0RB1LB_1LC1LD_1RA0RC_1RC0LD	rk:4:0	false	3.0
0RB1LB_1LC1LD_1RA0RC_1RC0LD	rk:5:0	false	11.6
0RB1LB_1LC1RC_1RD0LA_0RC1RB	rk:4:0	false	5.0
0RB1LB_1LC1RC_1RD0LA_0RC1RB	rk:5:0	false	23.2
0RB1LB_1LC1RC_1RD0LA_1LA0RC	rk:4:0	false	3.4
0RB1LB_1LC1RC_1RD0LA_1LA0RC	rk:5:0	false	10.2
0RB1LB_1LC1RD_1LA0LA_0LB0RD	rk:4:0	true	0.9
0RB1LB_1LC1RD_1LA0RA_0LB0RD	rk:4:0	true	0.8
0RB1LB_1LC1RD_1LA1LC_0LB0RD	rk:4:0	true	0.8
0RB1LB_1RC0LA_0LD1RB_0LA1LD	rk:4:0	false	1.2
0RB1LB_1RC0LA_0LD1RB_0LA1LD	rk:5:0	false	2.0
0RB1LB_1RC0LA_0LD1RB_0RA1LD	rk:4:0	false	1.3
0RB1LB_1RC0LA_0LD1RB_0RA1LD	rk:5:0	false	2.1
0RB1LB_1RC0LA_0LD1RB_0RC1LD	rk:4:0	false	1.4
0RB1LB_1RC0LA_0LD1RB_0RC1LD	rk:5:0	false	2.1
0RB1LB_1RC0LA_0LD1RB_1LA1LD	rk:4:0	false	1.3
0RB1LB_1RC0LA_0LD1RB_1LA1LD	rk:5:0	false	2.0
0RB1LB_1RC0LA_0LD1RB_1LB1LD	rk:4:0	false	1.3
0RB1LB_1RC0LA_0LD1RB_1LB1LD	rk:5:0	false	2.1
0RB1LB_1RC0LA_0LD1RB_1RA1LD	rk:4:0	false	1.3
0RB1LB_1RC0LA_0LD1RB_1RA1LD	rk:5:0	false	2.0
0RB1LB_1RC0LA_0LD1RB_1RB1LD	rk:4:0	false	1.4
0RB1LB_1RC0LA_0LD1RB_1RB1LD	rk:5:0	false	2.0
0RB1LB_1RC0LA_0LD1RB_1RC1LD	rk:4:0	false	1.3
0RB1LB_1RC0LA_0LD1RB_1RC1LD	rk:5:0	false	2.0
0RB1LB_1RC0LA_1LD0RA_1LB1LC	rk:4:0	true	1.4
0RB1LB_1RC0LA_1LD1RB_0LA1LD	rk:4:0	false	1.2
0RB1LB_1RC0LA_1LD1RB_0LA1LD	rk:5:0	false	2.1
0RB1LB_1RC0LA_1LD1RB_0RA1LD	rk:4:0	false	1.3
0RB1LB_1RC0LA_1LD1RB_0RA1LD	rk:5:0	false	2.0
0RB1LB_1RC0LA_1LD1RB_0RB1LD	rk:4:0	false	1.3
0RB1LB_1RC0LA_1LD1RB_0RB1LD	rk:5:0	false	2.1
0RB1LB_1RC0LA_1LD1RB_0RC1LD	rk:4:0	false	1.3
0RB1LB_1RC0LA_1LD1RB_0RC1LD	rk:5:0	false	2.1
0RB1LB_1RC0LA_1LD1RB_1LA1LD	rk:4:0	false	1.2
0RB1LB_1RC0LA_1LD1RB_1LA1LD	rk:5:0	false	2.1
0RB1LB_1RC0LA_1LD1RB_1LB1LD	rk:4:0	false	1.3
0RB1LB_1RC0LA_1LD1RB_1LB1LD	rk:5:0	false	2.0
0RB1LB_1RC0LA_1LD1RB_1RA1LD	rk:4:0	false	1.3
0RB1LB_1RC0LA_1LD1RB_1RA1LD	rk:5:0	false	2.0
0RB1LB_1RC0LA_1LD1RB_1RB1LD	rk:4:0	false	1.4
0RB1LB_1RC0LA_1LD1RB_1RB1LD	rk:5:0	false	2.0
0RB1LB_1RC0LA_1LD1RB_1RC1LD	rk:4:0	false	1.3
0RB1LB_1RC0LA_1LD1RB_1RC1LD	rk:5:0	false	2.0
0RB1LB_1RC0LD_1LA1RC_0RD0LA	rk:4:0	true	1.0
0RB1LB_1RC0LD_1LD1RC_0RC1LA	rk:4:0	false	1.2
0RB1LB_1RC0LD_1LD1RC_0RC1LA	rk:5:0	false	2.1
0RB1LB_1RC1LB_1LA0RD_0LC1RD	rk:4:0	false	1.0
0RB1LB_1RC1LB_1LA0RD_0LC1RD	rk:5:0	false	1.3
0RB1LB_1RC1LD_1LA0RC_0LD0RB	rk:4:0	false	1.1
0RB1LB_1RC1LD_1LA0RC_0LD0RB	rk:5:0	false	2.3
0RB1LC_0LC0RA_0LD1LD_1RB1LC	rk:4:0	false	9.4
0RB1LC_0LC0RA_0LD1LD_1RB1LC	rk:5:0	true	41.8
0RB1LC_0LC0RD_1LD0LA_1RB1RD	rk:4:0	true	0.9
0RB1LC_0LC0RD_1RB1LC_0LA1RD	rk:4:0	false	1.1
0RB1LC_0LC0RD_1RB1LC_0LA1RD	rk:5:0	false	1.7
0RB1LC_0LC0RD_1RB1RD_1LA0LA	rk:4:0	false	1.2
0RB1LC_0LC0RD_1RB1RD_1LA0LA	rk:5:0	false	3.1
0RB1LC_0LC0RD_1RD1LC_0LA1RB	rk:4:0	false	1.6
0RB1LC_0LC0RD_1RD1LC_0LA1RB	rk:5:0	false	3.1
0RB1LC_0LC1LC_0RD0LA_1LA1RD	rk:4:0	false	1.7
0RB1LC_0LC1LC_0RD0LA_1LA1RD	rk:5:0	false	3.1
0RB1LC_0LC1RB_1LA1RD_0RB0LA	rk:4:0	true	3.4
0RB1LC_0LC1RB_1RD1LA_0LA0RD	rk:4:0	false	2.2
0RB1LC_0LC1RB_1RD1LA_0LA0RD	rk:5:0	false	8.9
0RB1LC_0LC1RD_0RD0LA_1LA1RD	rk:4:0	false	1.6
0RB1LC_0LC1RD_0RD0LA_1LA1RD	rk:5:0	false	3.0
0RB1LC_0LC1RD_1LA0LA_1RA0RD	rk:4:0	false	1.1
0RB1LC_0LC1RD_1LA0LA_1RA0RD	rk:5:0	true	1.1
0RB1LC_0RC1RB_1LD0RA_1LA0LA	rk:4:0	true	0.8
0RB1LC_1LA0LC_1RB1RD_0RD0LA	rk:4:0	false	1.4
0RB1LC_1LA0LC_1RB1RD_0RD0LA	rk:5:0	false	3.4
0RB1LC_1LA0LC_1RD0RD_1RB0LA	rk:4:0	false	1.2
0RB1LC_1LA0LC_1RD0RD_1RB0LA	rk:5:0	false	3.1
0RB1LC_1LA0RC_1LD1RB_0LA0LB	rk:4:0	true	0.8
0RB1LC_1LA0RC_1LD1RB_1LA0LB	rk:4:0	true	0.8
0RB1LC_1LA1LC_0RD0LA_1LA1RD	rk:4:0	false	1.6
0RB1LC_1LA1LC_0RD0LA_1LA1RD	rk:5:0	false	3.0
0RB1LC_1LA1RB_0LA0LD_0RA0LA	rk:4:0	false	1.1
0RB1LC_1LA1RB_0LA0LD_0RA0LA	rk:5:0	true	1.1
0RB1LC_1LA1RB_0LA0LD_0RB1LD	rk:4:0	false	1.1
0RB1LC_1LA1RB_0LA0LD_0RB1LD	rk:5:0	false	1.5
0RB1LC_1LA1RB_0LA0LD_0RD0LA	rk:4:0	false	1.1
0RB1LC_1LA1RB_0LA0LD_0RD0LA	rk:5:0	true	1.2
0RB1LC_1LA1RB_0LA1LD_0RD0RA	rk:4:0	false	1.1
0RB1LC_1LA1RB_0LA1LD_0RD0RA	rk:5:0	false	1.3
0RB1LC_1LA1RB_0LD0LA_0RA---	rk:4:0	false	1.2
0RB1LC_1LA1RB_0LD0LA_0RA---	rk:5:0	false	2.6
0RB1LC_1LA1RB_0LD0LA_0RD1RB	rk:4:0	false	1.7
0RB1LC_1LA1RB_0LD0LA_0RD1RB	rk:5:0	false	4.5
0RB1LC_1LA1RB_0LD0LA_1RA0RA	rk:4:0	false	1.4
0RB1LC_1LA1RB_0LD0LA_1RA0RA	rk:5:0	false	3.5
0RB1LC_1LA1RB_0LD0LD_0RB1LD	rk:4:0	false	1.1
0RB1LC_1LA1RB_0LD0LD_0RB1LD	rk:5:0	false	1.5
0RB1LC_1LA1RB_0LD0RA_0RB1LD	rk:4:0	false	0.9
0RB1LC_1LA1RB_0LD0RA_0RB1LD	rk:5:0	false	1.2
0RB1LC_1LA1RB_0LD1LD_0RA0LA	rk:4:0	false	1.2
0RB1LC_1LA1RB_0LD1LD_0RA0LA	rk:5:0	false	1.5
0RB1LC_1LA1RB_0LD1LD_0RA0LC	rk:4:0	true	0.8
0RB1LC_1LA1RB_0RB0LD_0RB0LA	rk:4:0	false	1.2
0RB1LC_1LA1RB_0RB0LD_0RB0LA	rk:5:0	true	1.2
0RB1LC_1LA1RB_0RB0LD_0RB0LC	rk:4:0	true	0.8
0RB1LC_1LA1RB_0RB0LD_0RB1LA	rk:4:0	false	0.9
0RB1LC_1LA1RB_0RB0LD_0RB1LA	rk:5:0	true	0.9
0RB1LC_1LA1RB_0RB0LD_0RB1LD	rk:4:0	false	1.2
0RB1LC_1LA1RB_0RB0LD_0RB1LD	rk:5:0	false	1.6
0RB1LC_1LA1RB_0RB1LD_0LA0RC	rk:4:0	false	1.4
0RB1LC_1LA1RB_0RB1LD_0LA0RC	rk:5:0	false	2.0
0RB1LC_1LA1RB_0RB1LD_0RA0LC	rk:4:0	false	0.9
0RB1LC_1LA1RB_0RB1LD_0RA0LC	rk:5:0	true	0.9
0RB1LC_1LA1RB_0RB1LD_0RB0LC	rk:4:0	false	1.0
0RB1LC_1LA1RB_0RB1LD_0RB0LC	rk:5:0	true	0.9
0RB1LC_1LA1RB_0RB1LD_0RB0LD	rk:4:0	true	0.8
0RB1LC_1LA1RB_0RB1LD_0RD0LC	rk:4:0	true	0.8
0RB1LC_1LA1RB_0RC0LD_0RB0LA	rk:4:0	true	0.9
0RB1LC_1LA1RB_0RC0LD_0RB1LD	rk:4:0	false	1.1
0RB1LC_1LA1RB_0RC0LD_0RB1LD	rk:5:0	false	1.5
0RB1LC_1LA1RB_0RC1LD_0RB0LD	rk:4:0	true	0.8
0RB1LC_1LA1RB_0RD0LA_---1LA	rk:4:0	false	1.2
0RB1LC_1LA1RB_0RD0LA_---1LA	rk:5:0	false	2.7
0RB1LC_1LA1RB_0RD0LA_0LB1RD	rk:4:0	false	2.9
0RB1LC_1LA1RB_0RD0LA_0LB1RD	rk:5:0	false	7.6
0RB1LC_1LA1RB_0RD0LA_0RB1LD	rk:4:0	false	1.8
0RB1LC_1LA1RB_0RD0LA_0RB1LD	rk:5:0	false	4.3
0RB1LC_1LA1RB_0RD0LA_1LB0RD	rk:4:0	false	1.5
0RB1LC_1LA1RB_0RD0LA_1LB0RD	rk:5:0	false	3.5
0RB1LC_1LA1RB_0RD0LA_1LC1RD	rk:4:0	false	1.6
0RB1LC_1LA1RB_0RD0LA_1LC1RD	rk:5:0	false	3.4
0RB1LC_1LA1RB_0RD0LA_1RB0LC	rk:4:0	false	1.8
0RB1LC_1LA1RB_0RD0LA_1RB0LC	rk:5:0	false	4.2
0RB1LC_1LA1RB_0RD0LC_1RD0LA	rk:4:0	false	2.7
0RB1LC_1LA1RB_0RD0LC_1RD0LA	rk:5:0	false	9.3
0RB1LC_1LA1RB_0RD0LD_0RB0LA	rk:4:0	false	1.3
0RB1LC_1LA1RB_0RD0LD_0RB0LA	rk:5:0	true	1.2
0RB1LC_1LA1RB_0RD0LD_0RB1LA	rk:4:0	false	0.9
0RB1LC_1LA1RB_0RD0LD_0RB1LA	rk:5:0	true	0.8
0RB1LC_1LA1RB_0RD0LD_0RB1LD	rk:4:0	false	1.2
0RB1LC_1LA1RB_0RD0LD_0RB1LD	rk:5:0	false	1.7
0RB1LC_1LA1RB_0RD1LD_0LA0LA	rk:4:0	false	1.3
0RB1LC_1LA1RB_0RD1LD_0LA0LA	rk:5:0	false	2.0
0RB1LC_1LA1RB_0RD1LD_0RB0LD	rk:4:0	true	0.8
0RB1LC_1LA1RB_0RD1LD_1LA0LA	rk:4:0	false	1.3
0RB1LC_1LA1RB_0RD1LD_1LA0LA	rk:5:0	false	2.0
0RB1LC_1LA1RB_0RD1LD_1LC0LA	rk:4:0	false	1.2
0RB1LC_1LA1RB_0RD1LD_1LC0LA	rk:5:0	false	1.9
0RB1LC_1LA1RB_0RD1LD_1RB0LA	rk:4:0	false	1.3
0RB1LC_1LA1RB_0RD1LD_1RB0LA	rk:5:0	false	2.0
0RB1LC_1LA1RB_0RD1LD_1RC0LA	rk:4:0	false	1.3
0RB1LC_1LA1RB_0RD1LD_1RC0LA	rk:5:0	false	2.0
0RB1LC_1LA1RB_0RD1LD_1RD0LA	rk:4:0	false	1.3
0RB1LC_1LA1RB_0RD1LD_1RD0LA	rk:5:0	false	2.1
0RB1LC_1LA1RB_1LA0LD_0RA0LA	rk:4:0	false	1.1
0RB1LC_1LA1RB_1LA0LD_0RA0LA	rk:5:0	true	1.1
0RB1LC_1LA1RB_1LA0LD_0RB1LD	rk:4:0	false	1.0
0RB1LC_1LA1RB_1LA0LD_0RB1LD	rk:5:0	false	1.5
0RB1LC_1LA1RB_1LA0LD_0RD0LA	rk:4:0	false	1.1
0RB1LC_1LA1RB_1LA0LD_0RD0LA	rk:5:0	true	1.2
0RB1LC_1LA1RB_1LA0RD_0LB1RC	rk:4:0	false	1.2
0RB1LC_1LA1RB_1LA0RD_0LB1RC	rk:5:0	false	2.0
0RB1LC_1LA1RB_1LA0RD_0LC1RC	rk:4:0	false	1.3
0RB1LC_1LA1RB_1LA0RD_0LC1RC	rk:5:0	false	2.0
0RB1LC_1LA1RB_1LA0RD_0LD1RC	rk:4:0	false	1.3
0RB1LC_1LA1RB_1LA0RD_0LD1RC	rk:5:0	false	2.1
0RB1LC_1LA1RB_1LB0LD_0RB1LD	rk:4:0	false	1.0
0RB1LC_1LA1RB_1LB0LD_0RB1LD	rk:5:0	false	1.4
0RB1LC_1LA1RB_1LD0LA_0RD0RB	rk:4:0	false	1.7
0RB1LC_1LA1RB_1LD0LA_0RD0RB	rk:5:0	false	4.2
0RB1LC_1LA1RB_1LD0LD_0RD0LA	rk:4:0	false	0.9
0RB1LC_1LA1RB_1LD0LD_0RD0LA	rk:5:0	true	1.2
0RB1LC_1LA1RB_1LD0RA_0RD0LA	rk:4:0	false	1.1
0RB1LC_1LA1RB_1LD0RA_0RD0LA	rk:5:0	false	1.4
0RB1LC_1LA1RB_1RA0LD_0RB1LD	rk:4:0	false	1.1
0RB1LC_1LA1RB_1RA0LD_0RB1LD	rk:5:0	false	1.5
0RB1LC_1LA1RB_1RB0LD_0RA0LA	rk:4:0	false	0.9
0RB1LC_1LA1RB_1RB0LD_0RA0LA	rk:5:0	true	1.1
0RB1LC_1LA1RB_1RB0LD_0RD0LA	rk:4:0	false	0.9
0RB1LC_1LA1RB_1RB0LD_0RD0LA	rk:5:0	true	1.2
0RB1LC_1LA1RC_1LD0RC_0LA0LC	rk:4:0	false	3.0
0RB1LC_1LA1RC_1LD0RC_0LA0LC	rk:5:0	false	15.0
0RB1LC_1LC0LA_0RD1LB_1LA1RD	rk:4:0	false	1.0
0RB1LC_1LC0LA_0RD1LB_1LA1RD	rk:5:0	false	1.6
0RB1LC_1LC0LA_0RD1LC_1LB1RD	rk:4:0	false	1.1
0RB1LC_1LC0LA_0RD1LC_1LB1RD	rk:5:0	false	1.6
0RB1LC_1LC0LD_0RD0LA_1RB1RD	rk:4:0	true	0.9
0RB1LC_1LC0RC_0LD0LA_1RA1RB	rk:4:0	false	5.0
0RB1LC_1LC0RC_0LD0LA_1RA1RB	rk:5:0	true	18.3
0RB1LC_1LC0RD_1LA0LC_1RB1LD	rk:4:0	false	4.3
0RB1LC_1LC0RD_1LA0LC_1RB1LD	rk:5:0	true	2.2
0RB1LC_1LC0RD_1LA0LC_1RB1RD	rk:4:0	false	7.2
0RB1LC_1LC0RD_1LA0LC_1RB1RD	rk:5:0	false	19.5
0RB1LC_1LC0RD_1RD0LC_1LA1RB	rk:4:0	false	13.3
0RB1LC_1LC0RD_1RD0LC_1LA1RB	rk:5:0	false	81.3
0RB1LC_1LC1LA_0RD0LA_1RB1RD	rk:4:0	true	0.9
0RB1LC_1LC1RB_0LD0LA_1RA0RA	rk:4:0	true	0.9
0RB1LC_1LC1RB_0LD0LA_1RA0RC	rk:4:0	true	0.8
0RB1LC_1LC1RB_0LD1LD_0RA0LA	rk:4:0	true	0.8
0RB1LC_1LC1RB_0RB0LD_0RB1LA	rk:4:0	true	0.8
0RB1LC_1LC1RB_0RB1LD_0RA0LA	rk:4:0	false	0.9
0RB1LC_1LC1RB_0RB1LD_0RA0LA	rk:5:0	true	0.9
0RB1LC_1LC1RB_0RB1LD_0RB0LA	rk:4:0	false	0.8
0RB1LC_1LC1RB_0RB1LD_0RB0LA	rk:5:0	true	0.9
0RB1LC_1LC1RB_0RB1LD_0RD0LA	rk:4:0	true	0.8
0RB1LC_1LC1RB_0RC1LD_0RB0LA	rk:4:0	false	0.9
0RB1LC_1LC1RB_0RC1LD_0RB0LA	rk:5:0	true	0.9
0RB1LC_1LC1RB_0RD0LA_1LB1RD	rk:4:0	true	0.8
0RB1LC_1LC1RB_0RD0LA_1RB1RD	rk:4:0	true	0.8
0RB1LC_1LC1RB_1LA0RD_0LC1RC	rk:4:0	false	1.3
0RB1LC_1LC1RB_1LA0RD_0LC1RC	rk:5:0	false	2.0
0RB1LC_1LC1RB_1LA0RD_0LD1RC	rk:4:0	false	1.5
0RB1LC_1LC1RB_1LA0RD_0LD1RC	rk:5:0	false	2.1
0RB1LC_1LC1RD_0RD0LA_0LD1RB	rk:4:0	true	0.8
0RB1LC_1LC1RD_0RD0LA_1LC1RB	rk:4:0	true	0.8
0RB1LC_1LC1RD_1LA0LA_0LB0RD	rk:4:0	true	0.8
0RB1LC_1LC1RD_1LA0LC_0RD1RB	rk:4:0	false	17.4
0RB1LC_1LC1RD_1LA0LC_0RD1RB	rk:5:0	false	162.1
0RB1LC_1LC1RD_1LA0LC_1RA1RD	rk:4:0	false	2.1
0RB1LC_1LC1RD_1LA0LC_1RA1RD	rk:5:0	false	4.3
0RB1LC_1LC1RD_1LA1LC_0LB0RD	rk:4:0	true	0.8
0RB1LC_1RC---_1LD0RC_0LA0LC	rk:4:0	false	2.0
0RB1LC_1RC---_1LD0RC_0LA0LC	rk:5:0	false	10.0
0RB1LC_1RC0LA_0RD1LC_1LB1RD	rk:4:0	false	1.1
0RB1LC_1RC0LA_0RD1LC_1LB1RD	rk:5:0	false	1.6
0RB1LC_1RC0LA_1LA0RD_0LC1RD	rk:4:0	false	2.4
0RB1LC_1RC0LA_1LA0RD_0LC1RD	rk:5:0	false	11.3
0RB1LC_1RC0LA_1RD1LA_0LB0RD	rk:4:0	true	1.1
0RB1LC_1RC0LC_0LA0RD_1RA1RA	rk:4:0	false	1.0
0RB1LC_1RC0LC_0LA0RD_1RA1RA	rk:5:0	false	1.8
0RB1LC_1RC0LC_1LD0RC_0LA1LA	rk:4:0	false	3.0
0RB1LC_1RC0LC_1LD0RC_0LA1LA	rk:5:0	false	16.5
0RB1LC_1RC0LC_1LD0RC_0LB0LA	rk:4:0	false	4.6
0RB1LC_1RC0LC_1LD0RC_0LB0LA	rk:5:0	false	33.2
0RB1LC_1RC0LD_1LA0RA_1LB0LD	rk:4:0	false	3.8
0RB1LC_1RC0LD_1LA0RA_1LB0LD	rk:5:0	false	7.1
0RB1LC_1RC0LD_1LD1RB_---0LA	rk:4:0	false	0.7
0RB1LC_1RC0LD_1LD1RB_---0LA	rk:5:0	false	0.7
0RB1LC_1RC0LD_1RD0RB_1LB1LA	rk:4:0	false	2.8
0RB1LC_1RC0LD_1RD0RB_1LB1LA	rk:5:0	false	1.3
0RB1LC_1RC0RC_1LA1RD_1RB0LA	rk:4:0	false	8.8
0RB1LC_1RC0RC_1LA1RD_1RB0LA	rk:5:0	false	55.6
0RB1LC_1RC0RD_1LA0LC_1RB1RA	rk:4:0	false	2.5
0RB1LC_1RC0RD_1LA0LC_1RB1RA	rk:5:0	false	10.5
0RB1LC_1RC0RD_1LA0LC_1RB1RD	rk:4:0	true	1.8
0RB1LC_1RC0RD_1LA1RD_1LB0LA	rk:4:0	true	1.0
0RB1LC_1RC0RD_1LD1RB_0LD0LA	rk:4:0	false	1.9
0RB1LC_1RC0RD_1LD1RB_0LD0LA	rk:5:0	false	5.7
0RB1LC_1RC1LC_1LD0RC_0LB0LA	rk:4:0	false	3.0
0RB1LC_1RC1LC_1LD0RC_0LB0LA	rk:5:0	false	15.1
0RB1LC_1RC1RA_1LD1RB_1LA0LD	rk:4:0	true	3.7
0RB1LC_1RC1RB_1LA0RD_0LC0LA	rk:4:0	false	1.2
0RB1LC_1RC1RB_1LA0RD_0LC0LA	rk:5:0	false	1.9
0RB1LC_1RC1RB_1LA0RD_0LC1RC	rk:4:0	false	1.3
0RB1LC_1RC1RB_1LA0RD_0LC1RC	rk:5:0	false	2.0
0RB1LC_1RC1RB_1LA0RD_0LD1RC	rk:4:0	false	1.3
0RB1LC_1RC1RB_1LA0RD_0LD1RC	rk:5:0	false	2.1
0RB1LC_1RC1RB_1LD1LA_0RC0LD	rk:4:0	false	1.9
0RB1LC_1RC1RB_1LD1LA_0RC0LD	rk:5:0	false	5.0
0RB1LC_1RC1RD_0LC1LA_1LB0RD	rk:4:0	false	0.9
0RB1LC_1RC1RD_0LC1LA_1LB0RD	rk:5:0	false	1.4
0RB1LC_1RC1RD_0LC1LB_1LA0RD	rk:4:0	false	1.5
0RB1LC_1RC1RD_0LC1LB_1LA0RD	rk:5:0	false	4.5
0RB1LC_1RC1RD_1LB0LC_1LA0RD	rk:4:0	false	1.1
0RB1LC_1RC1RD_1LB0LC_1LA0RD	rk:5:0	false	1.9
0RB1LC_1RC1RD_1LD1RA_1LA0LC	rk:4:0	false	0.9
0RB1LC_1RC1RD_1LD1RA_1LA0LC	rk:5:0	false	1.2
0RB1LD_0LC1RB_0LD1RD_1LA0RC	rk:4:0	false	1.3
0RB1LD_0LC1RB_0LD1RD_1LA0RC	rk:5:0	false	2.0
0RB1LD_0LC1RB_1LA1RA_0LA0LD	rk:4:0	false	1.6
0RB1LD_0LC1RB_1LA1RA_0LA0LD	rk:5:0	false	2.5
0RB1LD_0LC1RB_1RD0RA_1LA0LD	rk:4:0	true	2.6
0RB1LD_0RC0RC_1RD0LD_1LA1RB	rk:4:0	true	0.9
0RB1LD_0RC1LB_1LA1RC_0LA0LB	rk:4:0	false	1.0
0RB1LD_0RC1LB_1LA1RC_0LA0LB	rk:5:0	false	1.5
0RB1LD_0RC1LB_1LA1RC_0LB0LB	rk:4:0	false	1.1
0RB1LD_0RC1LB_1LA1RC_0LB0LB	rk:5:0	false	1.5
0RB1LD_0RC1LB_1LA1RC_0LB0RA	rk:4:0	false	1.0
0RB1LD_0RC1LB_1LA1RC_0LB0RA	rk:5:0	false	1.1
0RB1LD_0RC1LB_1LA1RC_0RB0LB	rk:4:0	false	1.2
0RB1LD_0RC1LB_1LA1RC_0RB0LB	rk:5:0	false	1.7
0RB1LD_0RC1LB_1LA1RC_0RC0LB	rk:4:0	false	1.2
0RB1LD_0RC1LB_1LA1RC_0RC0LB	rk:5:0	false	1.8
0RB1LD_0RC1LB_1LA1RC_0RD0LB	rk:4:0	false	1.1
0RB1LD_0RC1LB_1LA1RC_0RD0LB	rk:5:0	false	1.5
0RB1LD_0RC1LB_1LA1RC_1LA0LB	rk:4:0	false	1.0
0RB1LD_0RC1LB_1LA1RC_1LA0LB	rk:5:0	false	1.6
0RB1LD_0RC1LB_1LA1RC_1LC0LB	rk:4:0	false	1.0
0RB1LD_0RC1LB_1LA1RC_1LC0LB	rk:5:0	false	1.5
0RB1LD_0RC1LB_1LA1RC_1RA0LB	rk:4:0	false	1.1
0RB1LD_0RC1LB_1LA1RC_1RA0LB	rk:5:0	false	1.5
0RB1LD_0RC1LB_1LB1RD_1RC0LA	rk:4:0	false	1.5
0RB1LD_0RC1LB_1LB1RD_1RC0LA	rk:5:0	false	2.4
0RB1LD_0RC1RB_0LD1RD_1LA0LB	rk:4:0	false	1.4
0RB1LD_0RC1RB_0LD1RD_1LA0LB	rk:5:0	false	2.2
0RB1LD_0RC1RB_0LD1RD_1LA0RC	rk:4:0	false	1.4
0RB1LD_0RC1RB_0LD1RD_1LA0RC	rk:5:0	false	2.1
0RB1LD_0RC1RB_1LD0RA_1LA0LD	rk:4:0	false	3.0
0RB1LD_0RC1RB_1LD0RA_1LA0LD	rk:5:0	false	13.5
0RB1LD_0RC1RB_1LD0RD_1LA0LD	rk:4:0	false	5.6
0RB1LD_0RC1RB_1LD0RD_1LA0LD	rk:5:0	false	12.7
0RB1LD_0RC1RB_1LD1LA_1LA0LD	rk:4:0	false	2.9
0RB1LD_0RC1RB_1LD1LA_1LA0LD	rk:5:0	false	13.6
0RB1LD_0RC1RB_1LD1RB_1LA0LD	rk:4:0	false	2.6
0RB1LD_0RC1RB_1LD1RB_1LA0LD	rk:5:0	false	11.7
0RB1LD_0RC1RC_1LA1RB_0LA0LD	rk:4:0	true	5.2
0RB1LD_1LA0RC_1RB1LC_0LA0LD	rk:4:0	false	2.5
0RB1LD_1LA0RC_1RB1LC_0LA0LD	rk:5:0	false	8.3
0RB1LD_1LA0RC_1RB1RC_0LB1LA	rk:4:0	false	4.4
0RB1LD_1LA0RC_1RB1RC_0LB1LA	rk:5:0	false	14.9
0RB1LD_1LA1RC_1RB0LA_0RB0LA	rk:4:0	false	1.7
0RB1LD_1LA1RC_1RB0LA_0RB0LA	rk:5:0	false	6.1
0RB1LD_1LA1RC_1RB0LA_0RB0LD	rk:4:0	true	1.0
0RB1LD_1LA1RC_1RB0LA_0RD0LA	rk:4:0	false	1.2
0RB1LD_1LA1RC_1RB0LA_0RD0LA	rk:5:0	false	2.4
0RB1LD_1LA1RC_1RB0LB_---0LA	rk:4:0	false	0.6
0RB1LD_1LA1RC_1RB0LB_---0LA	rk:5:0	false	0.7
0RB1LD_1LA1RC_1RB0LD_---0LA	rk:4:0	false	0.7
0RB1LD_1LA1RC_1RB0LD_---0LA	rk:5:0	false	0.8
0RB1LD_1LA1RC_1RB0LD_0RB0LD	rk:4:0	true	0.9
0RB1LD_1LA1RC_1RB0RC_0LA0LD	rk:4:0	false	36.3
0RB1LD_1LA1RC_1RB0RC_0LA0LD	rk:5:0	timeout	300.1
0RB1LD_1LA1RC_1RB0RC_0LD0LA	rk:4:0	false	15.0
0RB1LD_1LA1RC_1RB0RC_0LD0LA	rk:5:0	false	80.3
0RB1LD_1LA1RC_1RB0RC_0LD1LA	rk:4:0	false	1.1
0RB1LD_1LA1RC_1RB0RC_0LD1LA	rk:5:0	false	2.0
0RB1LD_1LA1RC_1RB1RA_0RB0LD	rk:4:0	true	1.8
0RB1LD_1LA1RC_1RD0RB_1RB0LD	rk:4:0	true	3.0
0RB1LD_1LC0RA_1LA1RC_0RC0LA	rk:4:0	false	1.7
0RB1LD_1LC0RA_1LA1RC_0RC0LA	rk:5:0	false	2.9
0RB1LD_1LC0RC_1LA1RC_0RC0LA	rk:4:0	false	1.9
0RB1LD_1LC0RC_1LA1RC_0RC0LA	rk:5:0	false	3.8
0RB1LD_1LC0RC_1RD0LD_1LA1RB	rk:4:0	true	1.0
0RB1LD_1LC1RA_0RA0LD_0LC---	rk:4:0	false	0.7
0RB1LD_1LC1RA_0RA0LD_0LC---	rk:5:0	false	0.7
0RB1LD_1LC1RB_0LD0LA_0RD1LA	rk:4:0	false	1.1
0RB1LD_1LC1RB_0LD0LA_0RD1LA	rk:5:0	false	1.5
0RB1LD_1LC1RB_0LD1RD_1LA0RC	rk:4:0	false	1.3
0RB1LD_1LC1RB_0LD1RD_1LA0RC	rk:5:0	false	2.0
0RB1LD_1LC1RB_0RA0LA_0LC0LA	rk:4:0	true	0.8
0RB1LD_1LC1RB_0RA0LA_0LC0LD	rk:4:0	true	0.9
0RB1LD_1LC1RB_0RA0LA_0LC1LC	rk:4:0	true	0.8
0RB1LD_1LC1RB_0RA0LA_0LC1RD	rk:4:0	true	1.1
0RB1LD_1LC1RB_0RA0LA_0RB1LA	rk:4:0	false	1.2
0RB1LD_1LC1RB_0RA0LA_0RB1LA	rk:5:0	false	1.8
0RB1LD_1LC1RB_0RA0LA_0RB1LD	rk:4:0	false	1.1
0RB1LD_1LC1RB_0RA0LA_0RB1LD	rk:5:0	false	1.6
0RB1LD_1LC1RB_0RA0LA_0RD1LA	rk:4:0	false	1.1
0RB1LD_1LC1RB_0RA0LA_0RD1LA	rk:5:0	false	1.6
0RB1LD_1LC1RB_0RA0LD_0LC1LD	rk:4:0	false	1.0
0RB1LD_1LC1RB_0RA0LD_0LC1LD	rk:5:0	false	1.4
0RB1LD_1LC1RB_0RA0LD_0RB0LA	rk:4:0	true	1.0
0RB1LD_1LC1RB_0RA0LD_0RB1LA	rk:4:0	false	1.2
0RB1LD_1LC1RB_0RA0LD_0RB1LA	rk:5:0	false	1.8
0RB1LD_1LC1RB_0RA1LA_0LC0LA	rk:4:0	true	0.8
0RB1LD_1LC1RB_0RA1LA_0LC0LD	rk:4:0	true	0.8
0RB1LD_1LC1RB_0RA1LA_0RB0LA	rk:4:0	false	0.9
0RB1LD_1LC1RB_0RA1LA_0RB0LA	rk:5:0	true	0.9
0RB1LD_1LC1RB_0RA1LA_0RB0LD	rk:4:0	true	0.8
0RB1LD_1LC1RB_0RA1LA_0RC0LA	rk:4:0	false	1.0
0RB1LD_1LC1RB_0RA1LA_0RC0LA	rk:5:0	true	0.9
0RB1LD_1LC1RB_0RA1LA_1RB0LC	rk:4:0	false	1.0
0RB1LD_1LC1RB_0RA1LA_1RB0LC	rk:5:0	false	1.6
0RB1LD_1LC1RB_0RA1LA_1RD0LC	rk:4:0	false	1.1
0RB1LD_1LC1RB_0RA1LA_1RD0LC	rk:5:0	false	1.7
0RB1LD_1LC1RB_0RB0LA_0RB0LC	rk:4:0	true	0.9
0RB1LD_1LC1RB_0RB0LA_0RB1LA	rk:4:0	false	1.2
0RB1LD_1LC1RB_0RB0LA_0RB1LA	rk:5:0	false	1.7
0RB1LD_1LC1RB_0RB0LA_0RB1LC	rk:4:0	true	0.8
0RB1LD_1LC1RB_0RB0LA_0RB1LD	rk:4:0	false	1.1
0RB1LD_1LC1RB_0RB0LA_0RB1LD	rk:5:0	false	1.6
0RB1LD_1LC1RB_0RB0LA_0RC0LC	rk:4:0	true	0.9
0RB1LD_1LC1RB_0RB0LA_0RC1LC	rk:4:0	true	0.8
0RB1LD_1LC1RB_0RB0LA_0RD0LC	rk:4:0	true	0.9
0RB1LD_1LC1RB_0RB0LA_0RD1LA	rk:4:0	false	1.2
0RB1LD_1LC1RB_0RB0LA_0RD1LA	rk:5:0	false	1.5
0RB1LD_1LC1RB_0RB0LA_0RD1LC	rk:4:0	true	0.9
0RB1LD_1LC1RB_0RB0LD_0RB0LA	rk:4:0	true	0.9
0RB1LD_1LC1RB_0RB0LD_0RB1LA	rk:4:0	false	1.3
0RB1LD_1LC1RB_0RB0LD_0RB1LA	rk:5:0	false	1.8
0RB1LD_1LC1RB_0RB1LA_0LC0RA	rk:4:0	false	1.4
0RB1LD_1LC1RB_0RB1LA_0LC0RA	rk:5:0	false	2.0
0RB1LD_1LC1RB_0RB1LA_0RB0LA	rk:4:0	false	0.9
0RB1LD_1LC1RB_0RB1LA_0RB0LA	rk:5:0	true	0.9
0RB1LD_1LC1RB_0RB1LA_0RB0LD	rk:4:0	true	0.8
0RB1LD_1LC1RB_0RB1LA_0RC0LA	rk:4:0	false	1.0
0RB1LD_1LC1RB_0RB1LA_0RC0LA	rk:5:0	true	0.9
0RB1LD_1LC1RB_0RC1LA_0LA0LC	rk:4:0	false	1.0
0RB1LD_1LC1RB_0RC1LA_0LA0LC	rk:5:0	false	1.6
0RB1LD_1LC1RB_0RC1LA_0LC0LA	rk:4:0	true	0.8
0RB1LD_1LC1RB_0RC1LA_0RB0LA	rk:4:0	false	1.0
0RB1LD_1LC1RB_0RC1LA_0RB0LA	rk:5:0	true	0.9
0RB1LD_1LC1RB_0RC1LA_0RC0LA	rk:4:0	false	1.0
0RB1LD_1LC1RB_0RC1LA_0RC0LA	rk:5:0	true	0.9
0RB1LD_1LC1RB_0RC1LA_0RD0LA	rk:4:0	true	0.8
0RB1LD_1LC1RB_0RC1LA_1RD0LC	rk:4:0	false	1.1
0RB1LD_1LC1RB_0RC1LA_1RD0LC	rk:5:0	false	1.7
0RB1LD_1LC1RB_0RD0LA_0RB1LA	rk:4:0	false	1.2
0RB1LD_1LC1RB_0RD0LA_0RB1LA	rk:5:0	false	1.8
0RB1LD_1LC1RB_0RD0LA_0RB1LD	rk:4:0	false	1.1
0RB1LD_1LC1RB_0RD0LA_0RB1LD	rk:5:0	false	1.6
0RB1LD_1LC1RB_0RD0LA_0RD1LA	rk:4:0	false	1.1
0RB1LD_1LC1RB_0RD0LA_0RD1LA	rk:5:0	false	1.6
0RB1LD_1LC1RB_0RD0LD_0RB1LA	rk:4:0	false	1.2
0RB1LD_1LC1RB_0RD0LD_0RB1LA	rk:5:0	false	1.8
0RB1LD_1LC1RB_0RD1LA_1LA0LC	rk:4:0	false	1.0
0RB1LD_1LC1RB_0RD1LA_1LA0LC	rk:5:0	false	1.6
0RB1LD_1LC1RB_1LA0LA_0RB1LA	rk:4:0	false	1.2
0RB1LD_1LC1RB_1LA0LA_0RB1LA	rk:5:0	false	1.7
0RB1LD_1LC1RB_1LA0LA_0RB1LD	rk:4:0	false	1.1
0RB1LD_1LC1RB_1LA0LA_0RB1LD	rk:5:0	false	1.6
0RB1LD_1LC1RB_1LA0LA_0RD1LA	rk:4:0	false	1.1
0RB1LD_1LC1RB_1LA0LA_0RD1LA	rk:5:0	false	1.5
0RB1LD_1LC1RB_1LA0LD_0RB1LA	rk:4:0	false	1.2
0RB1LD_1LC1RB_1LA0LD_0RB1LA	rk:5:0	false	1.9
0RB1LD_1LC1RB_1LA1LA_0RB0LC	rk:4:0	false	1.2
0RB1LD_1LC1RB_1LA1LA_0RB0LC	rk:5:0	false	2.3
0RB1LD_1LC1RB_1LD0LA_0RB1LA	rk:4:0	false	1.2
0RB1LD_1LC1RB_1LD0LA_0RB1LA	rk:5:0	false	1.8
0RB1LD_1LC1RB_1LD0LA_0RB1LD	rk:4:0	false	1.0
0RB1LD_1LC1RB_1LD0LA_0RB1LD	rk:5:0	false	1.6
0RB1LD_1LC1RB_1LD0LA_0RD1LA	rk:4:0	false	1.1
0RB1LD_1LC1RB_1LD0LA_0RD1LA	rk:5:0	false	1.5
0RB1LD_1LC1RB_1LD0LD_0RB1LA	rk:4:0	false	1.2
0RB1LD_1LC1RB_1LD0LD_0RB1LA	rk:5:0	false	1.8
0RB1LD_1LC1RB_1LD1LA_0RB0LC	rk:4:0	false	1.2
0RB1LD_1LC1RB_1LD1LA_0RB0LC	rk:5:0	false	2.1
0RB1LD_1LC1RB_1RA0LA_0RB1LA	rk:4:0	false	1.2
0RB1LD_1LC1RB_1RA0LA_0RB1LA	rk:5:0	false	1.9
0RB1LD_1LC1RB_1RA0LA_0RB1LD	rk:4:0	false	1.1
0RB1LD_1LC1RB_1RA0LA_0RB1LD	rk:5:0	false	1.6
0RB1LD_1LC1RB_1RA0LA_0RD1LA	rk:4:0	false	1.1
0RB1LD_1LC1RB_1RA0LA_0RD1LA	rk:5:0	false	1.6
0RB1LD_1LC1RB_1RA0LC_1LA0LD	rk:4:0	false	2.1
0RB1LD_1LC1RB_1RA0LC_1LA0LD	rk:5:0	false	6.7
0RB1LD_1LC1RB_1RA0LC_1RB0LD	rk:4:0	false	1.8
0RB1LD_1LC1RB_1RA0LC_1RB0LD	rk:5:0	false	5.2
0RB1LD_1LC1RB_1RA0LD_0RB1LA	rk:4:0	false	1.3
0RB1LD_1LC1RB_1RA0LD_0RB1LA	rk:5:0	false	1.9
0RB1LD_1LC1RB_1RB0LA_0RB1LA	rk:4:0	false	1.1
0RB1LD_1LC1RB_1RB0LA_0RB1LA	rk:5:0	false	1.8
0RB1LD_1LC1RB_1RB0LA_0RB1LD	rk:4:0	false	1.1
0RB1LD_1LC1RB_1RB0LA_0RB1LD	rk:5:0	false	1.6
0RB1LD_1LC1RB_1RB0LA_0RD1LA	rk:4:0	false	1.1
0RB1LD_1LC1RB_1RB0LA_0RD1LA	rk:5:0	false	1.5
0RB1LD_1LC1RB_1RB0LD_0RB1LA	rk:4:0	false	1.1
0RB1LD_1LC1RB_1RB0LD_0RB1LA	rk:5:0	false	1.8
0RB1LD_1LC1RB_1RB1LA_0RB0LC	rk:4:0	false	1.2
0RB1LD_1LC1RB_1RB1LA_0RB0LC	rk:5:0	false	2.3
0RB1LD_1LC1RB_1RB1LA_0RC0LD	rk:4:0	true	0.8
0RB1LD_1LC1RB_1RD0LA_0RB1LA	rk:4:0	false	1.2
0RB1LD_1LC1RB_1RD0LA_0RB1LA	rk:5:0	false	1.8
0RB1LD_1LC1RB_1RD0LA_0RB1LD	rk:4:0	false	1.0
0RB1LD_1LC1RB_1RD0LA_0RB1LD	rk:5:0	false	1.6
0RB1LD_1LC1RB_1RD0LA_0RD1LA	rk:4:0	false	1.1
0RB1LD_1LC1RB_1RD0LA_0RD1LA	rk:5:0	false	1.5
0RB1LD_1LC1RB_1RD0LD_0RB1LA	rk:4:0	false	1.1
0RB1LD_1LC1RB_1RD0LD_0RB1LA	rk:5:0	false	1.8
0RB1LD_1LC1RC_1LA0RC_0LD0RB	rk:4:0	false	1.2
0RB1LD_1LC1RC_1LA0RC_0LD0RB	rk:5:0	false	3.4
0RB1LD_1LC1RD_0RA0LC_1RB---	rk:4:0	false	0.8
0RB1LD_1LC1RD_0RA0LC_1RB---	rk:5:0	false	0.8
0RB1LD_1RC0LA_1LA1RB_0RB0LA	rk:4:0	false	1.9
0RB1LD_1RC0LA_1LA1RB_0RB0LA	rk:5:0	false	5.0
0RB1LD_1RC0LA_1LA1RB_0RD0LA	rk:4:0	false	1.9
0RB1LD_1RC0LA_1LA1RB_0RD0LA	rk:5:0	false	4.9
0RB1LD_1RC0LA_1LB1RB_0RB0LD	rk:4:0	true	0.9
0RB1LD_1RC0LA_1LB1RC_0RC1LD	rk:4:0	false	1.1
0RB1LD_1RC0LA_1LB1RC_0RC1LD	rk:5:0	false	1.6
0RB1LD_1RC0LA_1RD1RB_0LB0LA	rk:4:0	false	1.0
0RB1LD_1RC0LA_1RD1RB_0LB0LA	rk:5:0	false	1.5
0RB1LD_1RC0LA_1RD1RB_1LB0LA	rk:4:0	false	1.5
0RB1LD_1RC0LA_1RD1RB_1LB0LA	rk:5:0	false	3.3
0RB1LD_1RC0LD_0LA0RD_1LB1RA	rk:4:0	false	6.7
0RB1LD_1RC0LD_0LA0RD_1LB1RA	rk:5:0	false	26.2
0RB1LD_1RC0LD_1LA1RB_0RD0LA	rk:4:0	false	1.9
0RB1LD_1RC0LD_1LA1RB_0RD0LA	rk:5:0	false	6.4
0RB1LD_1RC0LD_1LB1RC_0RB0LA	rk:4:0	true	0.9
0RB1LD_1RC0LD_1RD0RC_1LA1RB	rk:4:0	false	3.9
0RB1LD_1RC0LD_1RD0RC_1LA1RB	rk:5:0	false	13.6
0RB1LD_1RC0RC_0LA1RB_1LC0LD	rk:4:0	false	1.0
0RB1LD_1RC0RC_0LA1RB_1LC0LD	rk:5:0	true	1.1
0RB1LD_1RC0RC_1LA1RA_1RA0LD	rk:4:0	false	9.5
0RB1LD_1RC0RC_1LA1RA_1RA0LD	rk:5:0	false	77.4
0RB1LD_1RC0RD_0LA1RA_1RA0LD	rk:4:0	false	3.6
0RB1LD_1RC0RD_0LA1RA_1RA0LD	rk:5:0	false	19.4
0RB1LD_1RC0RD_1LA0RD_1RA0LD	rk:4:0	false	4.3
0RB1LD_1RC0RD_1LA0RD_1RA0LD	rk:5:0	false	18.1
0RB1LD_1RC1LA_1RD1RB_0LB0LA	rk:4:0	false	1.3
0RB1LD_1RC1LA_1RD1RB_0LB0LA	rk:5:0	false	2.9
0RB1LD_1RC1LB_0LB1RD_1RC0LA	rk:4:0	false	1.2
0RB1LD_1RC1LB_0LB1RD_1RC0LA	rk:5:0	false	1.9
0RB1LD_1RC1LB_1LA0RB_0LA0LD	rk:4:0	true	1.3
0RB1LD_1RC1LB_1LB1RD_1RC0LA	rk:4:0	false	1.2
0RB1LD_1RC1LB_1LB1RD_1RC0LA	rk:5:0	false	1.9
0RB1LD_1RC1LB_1RD0RC_0LA0LB	rk:4:0	false	8.2
0RB1LD_1RC1LB_1RD0RC_0LA0LB	rk:5:0	true	5.0
0RB1LD_1RC1RA_0LA1RA_1RA0LD	rk:4:0	false	2.6
0RB1LD_1RC1RA_0LA1RA_1RA0LD	rk:5:0	false	9.1
0RB1LD_1RC1RA_1LA0LC_1LC1RB	rk:4:0	true	5.1
0RB1LD_1RC1RA_1LA0RA_0LA1LD	rk:4:0	false	0.9
0RB1LD_1RC1RA_1LA0RA_0LA1LD	rk:5:0	false	1.3
0RB1LD_1RC1RA_1LA0RA_0LC0LD	rk:4:0	true	0.9
0RB1LD_1RC1RA_1LA0RD_1RA0LD	rk:4:0	false	3.9
0RB1LD_1RC1RA_1LA0RD_1RA0LD	rk:5:0	false	13.3
0RB1LD_1RC1RA_1LA1RB_0LA0LD	rk:4:0	true	1.8
0RB1LD_1RC1RA_1LB0RA_0LA1LD	rk:4:0	false	0.9
0RB1LD_1RC1RA_1LB0RA_0LA1LD	rk:5:0	false	1.2
0RB1LD_1RC1RA_1LD0RA_0LA1LD	rk:4:0	false	0.9
0RB1LD_1RC1RA_1LD0RA_0LA1LD	rk:5:0	false	1.2
0RB1LD_1RC1RA_1RD0RA_0LA1LD	rk:4:0	false	0.9
0RB1LD_1RC1RA_1RD0RA_0LA1LD	rk:5:0	false	1.2
0RB1LD_1RC1RB_0LA0RB_1LA0LD	rk:4:0	true	1.9
0RB1LD_1RC1RB_0LA1RA_1LA0LA	rk:4:0	false	2.8
0RB1LD_1RC1RB_0LA1RA_1LA0LA	rk:5:0	false	11.1
0RB1LD_1RC1RB_0LA1RA_1LA0LC	rk:4:0	true	2.3
0RB1LD_1RC1RB_0LC1LA_0RB0LD	rk:4:0	true	1.0
0RB1LD_1RC1RB_0LC1RD_1LA0RC	rk:4:0	false	1.4
0RB1LD_1RC1RB_0LC1RD_1LA0RC	rk:5:0	false	2.1
0RB1LD_1RC1RB_0LD0RC_0LB1LA	rk:4:0	false	3.0
0RB1LD_1RC1RB_0LD0RC_0LB1LA	rk:5:0	false	9.2
0RB1LD_1RC1RB_0LD1RD_1LA0RC	rk:4:0	false	1.3
0RB1LD_1RC1RB_0LD1RD_1LA0RC	rk:5:0	false	2.0
0RB1LD_1RC1RB_0RD0LD_1LB0LA	rk:4:0	true	1.1
0RB1LD_1RC1RB_1LA0RB_0LA0LD	rk:4:0	false	6.0
0RB1LD_1RC1RB_1LA0RB_0LA0LD	rk:5:0	false	36.7
0RB1LD_1RC1RB_1LA1RA_1LA0LA	rk:4:0	false	4.9
0RB1LD_1RC1RB_1LA1RA_1LA0LA	rk:5:0	false	16.5
0RB1LD_1RC1RB_1LA1RA_1LC0LA	rk:4:0	false	2.3
0RB1LD_1RC1RB_1LA1RA_1LC0LA	rk:5:0	false	4.3
0RB1LD_1RC1RB_1LD0LB_0RB0LA	rk:4:0	true	0.8
0RB1LD_1RC1RB_1LD1RC_0RB0LA	rk:4:0	true	0.8
0RB1LD_1RC1RB_1RD1RA_1LA0LA	rk:4:0	false	2.8
0RB1LD_1RC1RB_1RD1RA_1LA0LA	rk:5:0	false	9.5
0RB1LD_1RC1RC_1LA1RA_1RA0LD	rk:4:0	false	3.5
0RB1LD_1RC1RC_1LA1RA_1RA0LD	rk:5:0	false	18.9
0RB1RA_0LC0RA_0LD1LD_1RB1LC	rk:4:0	false	7.5
0RB1RA_0LC0RA_0LD1LD_1RB1LC	rk:5:0	false	50.8
0RB1RA_0LC0RA_0LD1LD_1RB1LD	rk:4:0	false	1.0
0RB1RA_0LC0RA_0LD1LD_1RB1LD	rk:5:0	false	1.4
0RB1RA_0LC0RA_0LD1RA_1RB1LD	rk:4:0	false	1.0
0RB1RA_0LC0RA_0LD1RA_1RB1LD	rk:5:0	false	1.4
0RB1RA_0LC0RA_0LD1RC_1RB1LD	rk:4:0	false	1.0
0RB1RA_0LC0RA_0LD1RC_1RB1LD	rk:5:0	false	1.4
0RB1RA_0LC1LC_1LD1RA_0RC0LD	rk:4:0	true	1.1
0RB1RA_0LC1RA_1LD1LB_1LA0LB	rk:4:0	false	0.9
0RB1RA_0LC1RA_1LD1LB_1LA0LB	rk:5:0	false	1.2
0RB1RA_0LC1RA_1LD1LB_1RA0LB	rk:4:0	false	0.9
0RB1RA_0LC1RA_1LD1LB_1RA0LB	rk:5:0	false	1.2
0RB1RA_0LC1RA_1LD1LB_1RB0LB	rk:4:0	false	0.9
0RB1RA_0LC1RA_1LD1LB_1RB0LB	rk:5:0	false	1.3
0RB1RA_0LC1RA_1LD1LB_1RC0LB	rk:4:0	false	1.0
0RB1RA_0LC1RA_1LD1LB_1RC0LB	rk:5:0	false	1.2
0RB1RA_0LC1RB_1LD1LC_0RA0LD	rk:4:0	false	11.1
0RB1RA_0LC1RB_1LD1LC_0RA0LD	rk:5:0	false	96.3
0RB1RA_0LC1RB_1RD1LC_0LB0LA	rk:4:0	false	1.1
0RB1RA_0LC1RB_1RD1LC_0LB0LA	rk:5:0	false	1.4
0RB1RA_0LC1RB_1RD1LC_0LC0LA	rk:4:0	false	1.1
0RB1RA_0LC1RB_1RD1LC_0LC0LA	rk:5:0	false	1.4
0RB1RA_0LC1RB_1RD1LC_1LB0LA	rk:4:0	false	1.1
0RB1RA_0LC1RB_1RD1LC_1LB0LA	rk:5:0	false	1.4
0RB1RA_0LC1RB_1RD1LC_1LC0LA	rk:4:0	false	1.0
0RB1RA_0LC1RB_1RD1LC_1LC0LA	rk:5:0	false	1.4
0RB1RA_0LC1RB_1RD1LC_1RB0LA	rk:4:0	false	1.0
0RB1RA_0LC1RB_1RD1LC_1RB0LA	rk:5:0	false	1.4
0RB1RA_0LC1RC_0LD0RC_1LA1LD	rk:4:0	false	1.2
0RB1RA_0LC1RC_0LD0RC_1LA1LD	rk:5:0	false	2.1
0RB1RA_0LC1RC_1LD0LA_0RA1LC	rk:4:0	false	1.4
0RB1RA_0LC1RC_1LD0LA_0RA1LC	rk:5:0	false	2.3
0RB1RA_0LC1RC_1LD0RB_0RA1LC	rk:4:0	false	1.3
0RB1RA_0LC1RC_1LD0RB_0RA1LC	rk:5:0	false	2.0
0RB1RA_0LC1RC_1LD0RB_1RA1LC	rk:4:0	false	1.3
0RB1RA_0LC1RC_1LD0RB_1RA1LC	rk:5:0	false	2.1
0RB1RA_1LA1LC_1LD1RA_0RC0LD	rk:4:0	true	0.9
0RB1RA_1LC---_1LD---_0RA0LD	rk:4:0	false	0.6
0RB1RA_1LC---_1LD---_0RA0LD	rk:5:0	false	0.7
0RB1RA_1LC---_1LD0LD_0RA0LC	rk:4:0	false	0.6
0RB1RA_1LC---_1LD0LD_0RA0LC	rk:5:0	false	0.7
0RB1RA_1LC0LD_1LD---_0RA0LB	rk:4:0	false	0.7
0RB1RA_1LC0LD_1LD---_0RA0LB	rk:5:0	false	0.7
0RB1RA_1LC0RA_0LD1LB_1RD1LC	rk:4:0	true	1.4
0RB1RA_1LC0RA_1LD0LA_1RB0LB	rk:4:0	false	3.2
0RB1RA_1LC0RA_1LD0LA_1RB0LB	rk:5:0	false	11.9
0RB1RA_1LC0RA_1LD0LB_1RB0LB	rk:4:0	false	2.5
0RB1RA_1LC0RA_1LD0LB_1RB0LB	rk:5:0	false	11.1
0RB1RA_1LC0RA_1LD0LB_1RB1LC	rk:4:0	false	4.2
0RB1RA_1LC0RA_1LD0LB_1RB1LC	rk:5:0	false	29.8
0RB1RA_1LC0RA_1LD1LB_1RB0LB	rk:4:0	false	8.4
0RB1RA_1LC0RA_1LD1LB_1RB0LB	rk:5:0	false	35.8
0RB1RA_1LC0RA_1LD1LC_1RB0LB	rk:4:0	false	6.8
0RB1RA_1LC0RA_1LD1LC_1RB0LB	rk:5:0	false	31.3
0RB1RA_1LC0RC_1LD0LC_0RA0LC	rk:4:0	true	3.9
0RB1RA_1LC0RC_1LD0LC_0RA1LC	rk:4:0	false	5.4
0RB1RA_1LC0RC_1LD0LC_0RA1LC	rk:5:0	false	12.7
0RB1RA_1LC0RD_1LD0LC_0RA1LC	rk:4:0	false	2.9
0RB1RA_1LC0RD_1LD0LC_0RA1LC	rk:5:0	false	13.2
0RB1RA_1LC0RD_1LD0LD_0RA1LB	rk:4:0	true	0.8
0RB1RA_1LC1LA_1LD1RB_0RC0LD	rk:4:0	false	1.0
0RB1RA_1LC1LA_1LD1RB_0RC0LD	rk:5:0	false	1.0
0RB1RA_1LC1LD_0LD---_0RA0LC	rk:4:0	false	0.8
0RB1RA_1LC1LD_0LD---_0RA0LC	rk:5:0	false	0.8
0RB1RA_1LC1LD_1LD0LC_0RA1LC	rk:4:0	false	3.0
0RB1RA_1LC1LD_1LD0LC_0RA1LC	rk:5:0	false	13.4
0RB1RA_1LC1RA_1LD0LC_0RA0LC	rk:4:0	false	2.5
0RB1RA_1LC1RA_1LD0LC_0RA0LC	rk:5:0	false	10.1
0RB1RA_1LC1RA_1LD0LC_0RA1LC	rk:4:0	false	2.6
0RB1RA_1LC1RA_1LD0LC_0RA1LC	rk:5:0	false	11.7
0RB1RA_1LC1RA_1LD0LC_0RB0LC	rk:4:0	false	3.7
0RB1RA_1LC1RA_1LD0LC_0RB0LC	rk:5:0	false	18.3
0RB1RA_1LC1RB_0LD0LC_1RA1LD	rk:4:0	false	3.5
0RB1RA_1LC1RB_0LD0LC_1RA1LD	rk:5:0	false	11.5
0RB1RA_1LC1RB_0LD1LD_0RA0LC	rk:4:0	false	9.5
0RB1RA_1LC1RB_0LD1LD_0RA0LC	rk:5:0	false	52.4
0RB1RA_1LC1RB_1RB1LD_0RA0LC	rk:4:0	false	3.1
0RB1RA_1LC1RB_1RB1LD_0RA0LC	rk:5:0	false	10.8
0RB1RA_1LC1RD_0LD0LC_1LA1LC	rk:4:0	false	1.5
0RB1RA_1LC1RD_0LD0LC_1LA1LC	rk:5:0	false	3.4
0RB1RA_1LC1RD_0LD0LC_1RA1LC	rk:4:0	false	1.9
0RB1RA_1LC1RD_0LD0LC_1RA1LC	rk:5:0	false	3.4
0RB1RA_1RC0RC_1LD0RB_0RA0LC	rk:4:0	false	1.0
0RB1RA_1RC0RC_1LD0RB_0RA0LC	rk:5:0	false	1.1
0RB1RA_1RC0RC_1LD0RB_1RA0LC	rk:4:0	false	1.1
0RB1RA_1RC0RC_1LD0RB_1RA0LC	rk:5:0	false	1.7
0RB1RA_1RC0RD_1LD0RB_1RA0LC	rk:4:0	false	1.2
0RB1RA_1RC0RD_1LD0RB_1RA0LC	rk:5:0	true	0.9
0RB1RA_1RC1RA_1LD0LC_1LA1LC	rk:4:0	true	1.3
0RB1RA_1RC1RA_1LD0LC_1RA1LC	rk:4:0	true	1.9
0RB1RA_1RC1RA_1LD0LC_1RB1LC	rk:4:0	true	1.9
0RB1RA_1RC1RD_0LD0LC_1RA1LC	rk:4:0	false	1.2
0RB1RA_1RC1RD_0LD0LC_1RA1LC	rk:5:0	false	1.9
0RB1RA_1RC1RD_1LD0RB_1RA0LC	rk:4:0	false	1.1
0RB1RA_1RC1RD_1LD0RB_1RA0LC	rk:5:0	false	1.7
0RB1RB_0LC0RA_0LD0RA_1RC1LD	rk:4:0	true	0.8
0RB1RB_0LC0RA_0LD1LC_1RA1LD	rk:4:0	false	9.6
0RB1RB_0LC0RA_0LD1LC_1RA1LD	rk:5:0	false	52.3
0RB1RB_0LC0RA_0LD1RA_1RC1LD	rk:4:0	true	0.8
0RB1RB_0LC0RC_0LD0RA_1RA1LD	rk:4:0	true	1.0
0RB1RB_0LC0RC_0LD0RA_1RC1LD	rk:4:0	true	0.9
0RB1RB_0LC0RC_0LD0RC_1RA1LD	rk:4:0	true	0.8
0RB1RB_0LC0RC_0LD1LA_1RA1LD	rk:4:0	true	0.9
0RB1RB_0LC0RC_0LD1RA_1RA1LD	rk:4:0	true	0.8
0RB1RB_0LC0RC_0LD1RA_1RB1LD	rk:4:0	true	0.9
0RB1RB_0LC0RC_0LD1RA_1RC1LD	rk:4:0	false	1.1
0RB1RB_0LC0RC_0LD1RA_1RC1LD	rk:5:0	false	1.4
0RB1RB_0LC0RC_0LD1RC_1RA1LD	rk:4:0	false	1.1
0RB1RB_0LC0RC_0LD1RC_1RA1LD	rk:5:0	false	1.4
0RB1RB_0LC0RD_1RB1LC_0LA1RD	rk:4:0	false	1.0
0RB1RB_0LC0RD_1RB1LC_0LA1RD	rk:5:0	false	1.3
0RB1RB_0LC0RD_1RD1LC_0LA1RA	rk:4:0	false	1.0
0RB1RB_0LC0RD_1RD1LC_0LA1RA	rk:5:0	false	1.4
0RB1RB_0LC0RD_1RD1LC_0LA1RB	rk:4:0	false	1.7
0RB1RB_0LC0RD_1RD1LC_0LA1RB	rk:5:0	false	3.0
0RB1RB_0LC1RC_0LD0RA_1RA1LD	rk:4:0	false	1.0
0RB1RB_0LC1RC_0LD0RA_1RA1LD	rk:5:0	false	1.4
0RB1RB_0LC1RC_0LD0RA_1RC1LD	rk:4:0	true	0.9
0RB1RB_0LC1RD_1LD0RD_1RA0LD	rk:4:0	false	2.9
0RB1RB_0LC1RD_1LD0RD_1RA0LD	rk:5:0	false	15.3
0RB1RB_1LA1LC_1RD0LC_0RD0LA	rk:4:0	false	1.2
0RB1RB_1LA1LC_1RD0LC_0RD0LA	rk:5:0	false	2.5
0RB1RB_1LC---_1RD0LC_0RD0LA	rk:4:0	false	1.0
0RB1RB_1LC---_1RD0LC_0RD0LA	rk:5:0	false	1.8
0RB1RB_1LC0LA_1RD0LC_0RD1LA	rk:4:0	false	1.2
0RB1RB_1LC0LA_1RD0LC_0RD1LA	rk:5:0	false	2.4
0RB1RB_1LC0LC_1LD1RA_0RA0LD	rk:4:0	false	1.5
0RB1RB_1LC0LC_1LD1RA_0RA0LD	rk:5:0	false	4.7
0RB1RB_1LC0LC_1RD1LA_0RD0LA	rk:4:0	false	1.3
0RB1RB_1LC0LC_1RD1LA_0RD0LA	rk:5:0	false	3.3
0RB1RB_1LC0RA_1RA1LD_0LA0LC	rk:4:0	false	3.4
0RB1RB_1LC0RA_1RA1LD_0LA0LC	rk:5:0	false	17.2
0RB1RB_1LC0RA_1RA1LD_1LC0LC	rk:4:0	false	3.0
0RB1RB_1LC0RA_1RA1LD_1LC0LC	rk:5:0	false	13.7
0RB1RB_1LC0RD_1RD0LC_1LA0LA	rk:4:0	false	1.3
0RB1RB_1LC0RD_1RD0LC_1LA0LA	rk:5:0	false	3.6
0RB1RB_1LC1RA_0LD0LA_1LA0RD	rk:4:0	false	1.9
0RB1RB_1LC1RA_0LD0LA_1LA0RD	rk:5:0	false	6.8
0RB1RB_1LC1RA_0LD0LA_1RA0RD	rk:4:0	false	1.4
0RB1RB_1LC1RA_0LD0LA_1RA0RD	rk:5:0	false	4.6
0RB1RB_1LC1RA_0LD0LC_1RD0RB	rk:4:0	false	10.5
0RB1RB_1LC1RA_0LD0LC_1RD0RB	rk:5:0	false	71.8
0RB1RB_1LC1RA_0RA0LD_0LC1LA	rk:4:0	false	12.0
0RB1RB_1LC1RA_0RA0LD_0LC1LA	rk:5:0	true	70.9
0RB1RB_1LC1RA_0RA0LD_0LC1LD	rk:4:0	false	8.2
0RB1RB_1LC1RA_0RA0LD_0LC1LD	rk:5:0	false	55.2
0RB1RB_1LC1RA_0RA0LD_0LC1RA	rk:4:0	false	11.6
0RB1RB_1LC1RA_0RA0LD_0LC1RA	rk:5:0	true	67.0
0RB1RB_1LC1RA_0RA1LD_0LC0LD	rk:4:0	true	5.3
0RB1RB_1LC1RA_1LD---_0RA0LD	rk:4:0	false	0.7
0RB1RB_1LC1RA_1LD---_0RA0LD	rk:5:0	false	0.8
0RB1RB_1LC1RA_1LD0LC_0RB0LC	rk:4:0	false	2.5
0RB1RB_1LC1RA_1LD0LC_0RB0LC	rk:5:0	false	10.4
0RB1RB_1LC1RA_1LD0LD_0RB0LC	rk:4:0	false	2.9
0RB1RB_1LC1RA_1LD0LD_0RB0LC	rk:5:0	false	13.3
0RB1RB_1LC1RA_1RA0LD_1LC1LD	rk:4:0	false	1.2
0RB1RB_1LC1RA_1RA0LD_1LC1LD	rk:5:0	false	2.3
0RB1RB_1LC1RB_0RA0LD_0LC1LD	rk:4:0	false	1.0
0RB1RB_1LC1RB_0RA0LD_0LC1LD	rk:5:0	false	1.4
0RB1RB_1LC1RC_1LD1RA_0RA0LD	rk:4:0	false	9.3
0RB1RB_1LC1RC_1LD1RA_0RA0LD	rk:5:0	false	59.1
0RB1RB_1LC1RC_1RA0LD_0RC0LC	rk:4:0	true	1.7
0RB1RB_1LC1RC_1RA0LD_0RC0LD	rk:4:0	true	1.5
0RB1RB_1LC1RD_1LA0LC_0RD0LA	rk:4:0	false	1.4
0RB1RB_1LC1RD_1LA0LC_0RD0LA	rk:5:0	false	3.8
0RB1RB_1LC1RD_1LA1LC_0LB0RD	rk:4:0	true	1.1
0RB1RB_1RC0LD_1LD0RC_1LA0LA	rk:4:0	false	1.3
0RB1RB_1RC0LD_1LD0RC_1LA0LA	rk:5:0	false	2.8
0RB1RB_1RC0RC_1LD1LA_0LD0LA	rk:4:0	false	1.3
0RB1RB_1RC0RC_1LD1LA_0LD0LA	rk:5:0	false	2.7
0RB1RB_1RC1LB_1LA0RD_0LC1RD	rk:4:0	false	1.0
0RB1RB_1RC1LB_1LA0RD_0LC1RD	rk:5:0	false	1.4
0RB1RB_1RC1LC_1LD1RA_1LB0LD	rk:4:0	false	2.0
0RB1RB_1RC1LC_1LD1RA_1LB0LD	rk:5:0	true	6.5
0RB1RB_1RC1LD_0LB0RC_0LA1LB	rk:4:0	true	1.1
0RB1RB_1RC1LD_0LB0RC_0LA1LD	rk:4:0	true	1.1
0RB1RB_1RC1LD_1LA0RC_0LD0LA	rk:4:0	false	1.2
0RB1RB_1RC1LD_1LA0RC_0LD0LA	rk:5:0	false	2.9
0RB1RC_0LC---_0LD0RA_1RA1LD	rk:4:0	false	1.4
0RB1RC_0LC---_0LD0RA_1RA1LD	rk:5:0	false	2.3
0RB1RC_0LC0RA_0LD1LD_1RB1LC	rk:4:0	false	8.6
0RB1RC_0LC0RA_0LD1LD_1RB1LC	rk:5:0	true	39.3
0RB1RC_0LC0RA_0LD1RC_1RB1LD	rk:4:0	false	1.1
0RB1RC_0LC0RA_0LD1RC_1RB1LD	rk:5:0	false	1.6
0RB1RC_0LC1LC_1LD1RA_0RC0LD	rk:4:0	true	1.1
0RB1RC_0RC1RA_1LD1RB_0LA0LD	rk:4:0	false	11.9
0RB1RC_0RC1RA_1LD1RB_0LA0LD	rk:5:0	false	73.3
0RB1RC_1LA0LC_0LD0RA_1RA1LD	rk:4:0	false	1.7
0RB1RC_1LA0LC_0LD0RA_1RA1LD	rk:5:0	false	3.0
0RB1RC_1LA1RB_0LD0RC_1LD0LA	rk:4:0	false	2.6
0RB1RC_1LA1RB_0LD0RC_1LD0LA	rk:5:0	false	11.9
0RB1RC_1LA1RB_0RC1LD_0LD0LA	rk:4:0	false	2.7
0RB1RC_1LA1RB_0RC1LD_0LD0LA	rk:5:0	false	12.0
0RB1RC_1LA1RB_1LD0RC_0LD0LA	rk:4:0	false	1.1
0RB1RC_1LA1RB_1LD0RC_0LD0LA	rk:5:0	false	1.9
0RB1RC_1LA1RB_1LD0RC_0LD1LA	rk:4:0	false	1.0
0RB1RC_1LA1RB_1LD0RC_0LD1LA	rk:5:0	false	1.8
0RB1RC_1LC---_1LD1RA_0RA0LD	rk:4:0	false	0.8
0RB1RC_1LC---_1LD1RA_0RA0LD	rk:5:0	false	0.7
0RB1RC_1LC0LA_0LD0RA_1RA1LD	rk:4:0	false	1.6
0RB1RC_1LC0LA_0LD0RA_1RA1LD	rk:5:0	false	3.0
0RB1RC_1LC0LA_0LD0RC_1RA1LD	rk:4:0	true	0.8
0RB1RC_1LC0LC_0LD0RA_1RA1LD	rk:4:0	false	1.7
0RB1RC_1LC0LC_0LD0RA_1RA1LD	rk:5:0	false	3.0
0RB1RC_1LC0LC_0LD0RA_1RC1LD	rk:4:0	false	1.2
0RB1RC_1LC0LC_0LD0RA_1RC1LD	rk:5:0	true	1.4
0RB1RC_1LC0LC_0LD0RC_1RA1LD	rk:4:0	true	1.0
0RB1RC_1LC0RA_0LD1RC_1RB1LD	rk:4:0	false	1.1
0RB1RC_1LC0RA_0LD1RC_1RB1LD	rk:5:0	false	1.5
0RB1RC_1LC0RC_1LD1RA_0RB0LD	rk:4:0	false	5.7
0RB1RC_1LC0RC_1LD1RA_0RB0LD	rk:5:0	false	37.7
0RB1RC_1LC0RD_1LD0LB_1RB1RA	rk:4:0	false	6.0
0RB1RC_1LC0RD_1LD0LB_1RB1RA	rk:5:0	false	1.3
0RB1RC_1LC1RA_1LD0RC_1RB0LD	rk:4:0	true	6.0
0RB1RC_1LC1RB_0LD1LD_0RA0LA	rk:4:0	true	0.9
0RB1RC_1RC0LC_1LD0RC_1LA0LA	rk:4:0	false	0.9
0RB1RC_1RC0LC_1LD0RC_1LA0LA	rk:5:0	false	1.2
0RB1RC_1RC0LD_0LB1RA_1LB1LD	rk:4:0	false	4.5
0RB1RC_1RC0LD_0LB1RA_1LB1LD	rk:5:0	false	14.7
0RB1RC_1RC0LD_1RD0RB_1LB1LA	rk:4:0	false	0.9
0RB1RC_1RC0LD_1RD0RB_1LB1LA	rk:5:0	false	0.9
0RB1RC_1RC1LD_1LA0RC_0LD0LA	rk:4:0	false	1.1
0RB1RC_1RC1LD_1LA0RC_0LD0LA	rk:5:0	false	2.5
0RB1RC_1RC1RB_1LD0RC_0LD1LA	rk:4:0	false	1.0
0RB1RC_1RC1RB_1LD0RC_0LD1LA	rk:5:0	false	1.9
0RB1RD_0LC1RA_1RB1LC_0LD0LB	rk:4:0	false	1.0
0RB1RD_0LC1RA_1RB1LC_0LD0LB	rk:5:0	false	1.4
0RB1RD_0RC0LB_1LD1RC_1LB0RA	rk:4:0	false	13.5
0RB1RD_0RC0LB_1LD1RC_1LB0RA	rk:5:0	false	32.8
0RB1RD_1LA1LC_1RB0LC_0RD0LA	rk:4:0	false	1.4
0RB1RD_1LA1LC_1RB0LC_0RD0LA	rk:5:0	false	3.8
0RB1RD_1LC0LC_1RA1LB_0LB0RA	rk:4:0	false	2.9
0RB1RD_1LC0LC_1RA1LB_0LB0RA	rk:5:0	false	11.5
0RB1RD_1LC0LC_1RA1LB_0LC0RA	rk:4:0	true	2.0
0RB1RD_1LC0LC_1RA1LB_1LB0RA	rk:4:0	false	2.7
0RB1RD_1LC0LC_1RA1LB_1LB0RA	rk:5:0	true	7.8
0RB1RD_1LC0LC_1RA1LB_1LC0RA	rk:4:0	false	3.2
0RB1RD_1LC0LC_1RA1LB_1LC0RA	rk:5:0	false	9.5
0RB1RD_1LC0LC_1RA1LB_1RB0RA	rk:4:0	false	7.4
0RB1RD_1LC0LC_1RA1LB_1RB0RA	rk:5:0	false	52.1
0RB1RD_1LC0LD_1RD0RA_1LB0RC	rk:4:0	false	7.5
0RB1RD_1LC0LD_1RD0RA_1LB0RC	rk:5:0	false	5.9
0RB1RD_1LC0RA_1LD0RD_1RB0LB	rk:4:0	false	3.0
0RB1RD_1LC0RA_1LD0RD_1RB0LB	rk:5:0	true	4.6
0RB1RD_1LC0RA_1LD1LC_1RB0LC	rk:4:0	false	26.5
0RB1RD_1LC0RA_1LD1LC_1RB0LC	rk:5:0	false	284.3
0RB1RD_1LC0RA_1RA1LD_1LC0LC	rk:4:0	true	5.4
0RB1RD_1LC0RA_1RC1LA_1RB0LD	rk:4:0	false	1.6
0RB1RD_1LC0RA_1RC1LA_1RB0LD	rk:5:0	false	4.3
0RB1RD_1LC0RA_1RD1LA_1RB0LD	rk:4:0	false	1.6
0RB1RD_1LC0RA_1RD1LA_1RB0LD	rk:5:0	false	4.2
0RB1RD_1LC0RD_1LD0LC_1RA0LB	rk:4:0	false	12.6
0RB1RD_1LC0RD_1LD0LC_1RA0LB	rk:5:0	false	74.2
0RB1RD_1LC1LB_0RA0LC_0LB1RA	rk:4:0	false	2.9
0RB1RD_1LC1LB_0RA0LC_0LB1RA	rk:5:0	false	9.2
0RB1RD_1LC1LB_1RA0LC_1RB0RA	rk:4:0	false	11.1
0RB1RD_1LC1LB_1RA0LC_1RB0RA	rk:5:0	false	62.1
0RB1RD_1LC1RA_0LD0LC_0RA1RB	rk:4:0	false	11.5
0RB1RD_1LC1RA_0LD0LC_0RA1RB	rk:5:0	false	73.0
0RB1RD_1LC1RA_1LA0LC_1RA1LC	rk:4:0	false	9.8
0RB1RD_1LC1RA_1LA0LC_1RA1LC	rk:5:0	false	52.4
0RB1RD_1LC1RA_1LA0LC_1RB1LC	rk:4:0	false	9.4
0RB1RD_1LC1RA_1LA0LC_1RB1LC	rk:5:0	false	31.5
0RB1RD_1LC1RA_1LD0LC_0RB0LC	rk:4:0	false	2.4
0RB1RD_1LC1RA_1LD0LC_0RB0LC	rk:5:0	false	9.2
0RB1RD_1LC1RA_1LD0LC_1RB0LB	rk:4:0	false	9.2
0RB1RD_1LC1RA_1LD0LC_1RB0LB	rk:5:0	false	68.5
0RB1RD_1LC1RA_1LD0LC_1RD0LB	rk:4:0	false	7.1
0RB1RD_1LC1RA_1LD0LC_1RD0LB	rk:5:0	false	39.8
0RB1RD_1LC1RC_1RA1LA_1RB0LC	rk:4:0	true	1.5
0RB1RD_1LC1RD_0LD0LC_1RA1LC	rk:4:0	false	2.0
0RB1RD_1LC1RD_0LD0LC_1RA1LC	rk:5:0	false	5.2
0RB1RD_1RC---_1LD1RB_0LD0LA	rk:4:0	false	0.7
0RB1RD_1RC---_1LD1RB_0LD0LA	rk:5:0	false	0.7
0RB1RD_1RC0LC_1LA0LA_1LB0RD	rk:4:0	false	1.4
0RB1RD_1RC0LC_1LA0LA_1LB0RD	rk:5:0	false	3.4
0RB1RD_1RC0LD_1LB0LA_1RB1LC	rk:4:0	true	1.0
0RB1RD_1RC0RA_1LD1LA_1RA0LC	rk:4:0	true	4.6
0RB1RD_1RC0RD_1LA1LC_1RB0LC	rk:4:0	true	1.2
0RB1RD_1RC1LC_0RD0LA_1LD0LB	rk:4:0	false	1.2
0RB1RD_1RC1LC_0RD0LA_1LD0LB	rk:5:0	false	1.4
0RB1RD_1RC1LC_1LB1RA_1LD0RC	rk:4:0	false	1.0
0RB1RD_1RC1LC_1LB1RA_1LD0RC	rk:5:0	false	0.9
0RB1RD_1RC1RA_1LD0LA_1RA0LC	rk:4:0	false	1.4
0RB1RD_1RC1RA_1LD0LA_1RA0LC	rk:5:0	false	2.3
0RB1RD_1RC1RB_0LC1LA_1LC0RD	rk:4:0	false	1.2
0RB1RD_1RC1RB_0LC1LA_1LC0RD	rk:5:0	false	2.0
0RB1RD_1RC1RD_0LD0LC_1RA1LC	rk:4:0	false	1.7
0RB1RD_1RC1RD_0LD0LC_1RA1LC	rk:5:0	false	2.9
0RB1RD_1RC1RD_1LD1LA_1RA0LC	rk:4:0	false	4.6
0RB1RD_1RC1RD_1LD1LA_1RA0LC	rk:5:0	true	8.6
1RB---_0LB0LA_------_------	rk:4:0	true	0.6
1RB---_0LB0RA_------_------	rk:4:0	true	0.7
1RB---_0LB1RA_------_------	rk:4:0	true	0.6
1RB---_0LB1RC_1LD1RA_0RA0LD	rk:4:0	false	0.7
1RB---_0LB1RC_1LD1RA_0RA0LD	rk:5:0	false	0.8
1RB---_0LC---_---0LA_------	rk:4:0	true	0.7
1RB---_0LC---_---0RA_------	rk:4:0	true	0.6
1RB---_0LC---_---1RA_------	rk:4:0	true	0.6
1RB---_0LC0RB_1LD1LA_0RC1LC	rk:4:0	false	0.8
1RB---_0LC0RB_1LD1LA_0RC1LC	rk:5:0	false	0.8
1RB---_0LC0RD_0LD1LC_1RA0RB	rk:4:0	false	0.7
1RB---_0LC0RD_0LD1LC_1RA0RB	rk:5:0	false	0.8
1RB---_0LC0RD_1LA1LC_0LA0RB	rk:4:0	false	0.7
1RB---_0LC0RD_1LA1LC_0LA0RB	rk:5:0	false	0.8
1RB---_0LC1RA_1LD1RC_0RA0LD	rk:4:0	false	0.8
1RB---_0LC1RA_1LD1RC_0RA0LD	rk:5:0	false	0.8
1RB---_0LC1RD_1LA1LC_0LA0RD	rk:4:0	false	0.6
1RB---_0LC1RD_1LA1LC_0LA0RD	rk:5:0	false	0.7
1RB---_0RC---_0LA---_------	rk:4:0	true	0.6
1RB---_0RC0RB_1LC0LD_1RA0LD	rk:4:0	false	1.4
1RB---_0RC0RB_1LC0LD_1RA0LD	rk:5:0	false	3.6
1RB---_0RC1RB_1LC0LD_0RA0LC	rk:4:0	false	1.5
1RB---_0RC1RB_1LC0LD_0RA0LC	rk:5:0	false	4.5
1RB---_1LB0LA_------_------	rk:4:0	true	0.6
1RB---_1LB0LC_1RD0LC_0RD0LA	rk:4:0	false	0.9
1RB---_1LB0LC_1RD0LC_0RD0LA	rk:5:0	false	1.7
1RB---_1LB1LC_1RD0LA_0LC0RD	rk:4:0	false	0.7
1RB---_1LB1LC_1RD0LA_0LC0RD	rk:5:0	false	0.8
1RB---_1LB1RC_1RA1LD_0RA0LD	rk:4:0	false	0.7
1RB---_1LB1RC_1RA1LD_0RA0LD	rk:5:0	false	0.8
1RB---_1LC---_---0LA_------	rk:4:0	true	0.6
1RB---_1LC---_1RD0LC_0RD0LA	rk:4:0	false	0.9
1RB---_1LC---_1RD0LC_0RD0LA	rk:5:0	false	1.4
1RB---_1LC0LD_0RA0LC_1RA1RD	rk:4:0	false	0.7
1RB---_1LC0LD_0RA0LC_1RA1RD	rk:5:0	false	0.8
1RB---_1LC0RA_0RB0LD_0LC---	rk:4:0	false	0.6
1RB---_1LC0RA_0RB0LD_0LC---	rk:5:0	false	0.7
1RB---_1LC0RA_1LD0LC_0RB1RC	rk:4:0	false	0.6
1RB---_1LC0RA_1LD0LC_0RB1RC	rk:5:0	false	0.8
1RB---_1LC0RB_0LC0LD_0RA---	rk:4:0	false	0.9
1RB---_1LC0RB_0LC0LD_0RA---	rk:5:0	false	1.5
1RB---_1LC0RB_0LC0LD_1RA0RA	rk:4:0	false	1.0
1RB---_1LC0RB_0LC0LD_1RA0RA	rk:5:0	false	1.8
1RB---_1LC0RB_0LC0RD_0LA1LA	rk:4:0	false	1.0
1RB---_1LC0RB_0LC0RD_0LA1LA	rk:5:0	false	1.9
1RB---_1LC0RB_0LD0LB_0RA1LB	rk:4:0	false	2.1
1RB---_1LC0RB_0LD0LB_0RA1LB	rk:5:0	false	10.0
1RB---_1LC0RB_1LD1LA_0LC0RC	rk:4:0	false	0.7
1RB---_1LC0RB_1LD1LA_0LC0RC	rk:5:0	false	0.9
1RB---_1LC0RB_1RD0LC_1LB1RA	rk:4:0	false	0.8
1RB---_1LC0RB_1RD0LC_1LB1RA	rk:5:0	false	0.8
1RB---_1LC0RC_1RD0LB_1RB0RA	rk:4:0	false	1.0
1RB---_1LC0RC_1RD0LB_1RB0RA	rk:5:0	false	1.9
1RB---_1LC1LB_1RD1LA_0LB0RD	rk:4:0	false	0.7
1RB---_1LC1LB_1RD1LA_0LB0RD	rk:5:0	false	0.7
1RB---_1LC1LD_0RA0LC_1RA1RD	rk:4:0	false	0.7
1RB---_1LC1LD_0RA0LC_1RA1RD	rk:5:0	false	0.7
1RB---_1LC1RA_---0LD_0RA0LC	rk:4:0	false	0.8
1RB---_1LC1RA_---0LD_0RA0LC	rk:5:0	false	0.7
1RB---_1LC1RA_---0LD_0RA0LD	rk:4:0	false	0.8
1RB---_1LC1RA_---0LD_0RA0LD	rk:5:0	false	0.7
1RB---_1LC1RA_0LC0LD_0RA0RC	rk:4:0	false	0.7
1RB---_1LC1RA_0LC0LD_0RA0RC	rk:5:0	false	0.7
1RB---_1LC1RA_0LC0LD_0RA1RC	rk:4:0	false	0.7
1RB---_1LC1RA_0LC0LD_0RA1RC	rk:5:0	false	0.7
1RB---_1LC1RA_0RA0LC_------	rk:4:0	false	0.8
1RB---_1LC1RA_0RA0LC_------	rk:5:0	false	0.7
1RB---_1LC1RA_0RD0LC_0LB0RA	rk:4:0	false	0.7
1RB---_1LC1RA_0RD0LC_0LB0RA	rk:5:0	false	0.8
1RB---_1LC1RA_0RD0LC_1LC1RB	rk:4:0	false	0.7
1RB---_1LC1RA_0RD0LC_1LC1RB	rk:5:0	false	0.7
1RB---_1LC1RA_0RD0LC_1RB---	rk:4:0	false	0.7
1RB---_1LC1RA_0RD0LC_1RB---	rk:5:0	false	0.7
1RB---_1LC1RA_0RD0LD_1RA0LC	rk:4:0	false	0.6
1RB---_1LC1RA_0RD0LD_1RA0LC	rk:5:0	false	0.7
1RB---_1LC1RA_1LD0LC_0RD0RA	rk:4:0	false	0.7
1RB---_1LC1RA_1LD0LC_0RD0RA	rk:5:0	false	0.7
1RB---_1LC1RA_1RB0LD_0RC0LC	rk:4:0	false	0.7
1RB---_1LC1RA_1RB0LD_0RC0LC	rk:5:0	false	0.8
1RB---_1LC1RA_1RB0LD_0RC0LD	rk:4:0	false	0.7
1RB---_1LC1RA_1RB0LD_0RC0LD	rk:5:0	false	0.7
1RB---_1LC1RA_1RD0LC_0LD0RA	rk:4:0	false	0.7
1RB---_1LC1RA_1RD0LC_0LD0RA	rk:5:0	false	0.7
1RB---_1LC1RC_1RA0LD_0RA0LD	rk:4:0	false	0.6
1RB---_1LC1RC_1RA0LD_0RA0LD	rk:5:0	false	0.8
1RB---_1LC1RD_0LD1RC_1RA0RB	rk:4:0	false	1.1
1RB---_1LC1RD_0LD1RC_1RA0RB	rk:5:0	false	1.9
1RB---_1LC1RD_0LD1RD_1RA0RB	rk:4:0	false	1.1
1RB---_1LC1RD_0LD1RD_1RA0RB	rk:5:0	false	1.9
1RB---_1LC1RD_0RA0LC_0LD1RA	rk:4:0	false	0.7
1RB---_1LC1RD_0RA0LC_0LD1RA	rk:5:0	false	0.7
1RB---_1LC1RD_0RA0LC_1LB1RA	rk:4:0	false	0.7
1RB---_1LC1RD_0RA0LC_1LB1RA	rk:5:0	false	0.7
1RB---_1LC1RD_0RA0LC_1LC1RA	rk:4:0	false	0.6
1RB---_1LC1RD_0RA0LC_1LC1RA	rk:5:0	false	0.7
1RB---_1LC1RD_0RA0LC_1RA---	rk:4:0	false	0.7
1RB---_1LC1RD_0RA0LC_1RA---	rk:5:0	false	0.8
1RB---_1LC1RD_0RA0LC_1RB---	rk:4:0	false	0.8
1RB---_1LC1RD_0RA0LC_1RB---	rk:5:0	false	0.8
1RB---_1LC1RD_0RB0LC_0LD1RA	rk:4:0	false	0.8
1RB---_1LC1RD_0RB0LC_0LD1RA	rk:5:0	false	0.8
1RB---_1LC1RD_0RB0LC_1LB1RA	rk:4:0	false	0.8
1RB---_1LC1RD_0RB0LC_1LB1RA	rk:5:0	false	0.7
1RB---_1LC1RD_0RB0LC_1LC1RA	rk:4:0	false	0.7
1RB---_1LC1RD_0RB0LC_1LC1RA	rk:5:0	false	0.8
1RB---_1LC1RD_1LA0LC_0RD0LA	rk:4:0	false	0.6
1RB---_1LC1RD_1LA0LC_0RD0LA	rk:5:0	false	0.7
1RB---_1RC---_0LD0RC_0LA1LD	rk:4:0	false	0.6
1RB---_1RC---_0LD0RC_0LA1LD	rk:5:0	false	0.7
1RB---_1RC---_1LD1RA_0RA0LD	rk:4:0	false	0.6
1RB---_1RC---_1LD1RA_0RA0LD	rk:5:0	false	0.8
1RB---_1RC---_1LD1RB_0RA0LD	rk:4:0	false	0.6
1RB---_1RC---_1LD1RB_0RA0LD	rk:5:0	false	0.7
1RB---_1RC0LD_1LB1RA_0RA0LD	rk:4:0	false	0.7
1RB---_1RC0LD_1LB1RA_0RA0LD	rk:5:0	false	0.7
1RB---_1RC0LD_1LD1RB_0RA0LB	rk:4:0	false	0.8
1RB---_1RC0LD_1LD1RB_0RA0LB	rk:5:0	false	1.2
1RB---_1RC0RC_0LD0RB_0LA1LD	rk:4:0	false	0.6
1RB---_1RC0RC_0LD0RB_0LA1LD	rk:5:0	false	0.7
1RB---_1RC1LD_0LD0RC_0LA1LB	rk:4:0	false	0.7
1RB---_1RC1LD_0LD0RC_0LA1LB	rk:5:0	false	0.7
1RB---_1RC1RA_1LD0LB_0RA0LD	rk:4:0	false	0.7
1RB---_1RC1RA_1LD0LB_0RA0LD	rk:5:0	false	0.7
1RB---_1RC1RA_1LD0LB_0RB0LD	rk:4:0	false	0.8
1RB---_1RC1RA_1LD0LB_0RB0LD	rk:5:0	false	0.7
1RB0LA_0LB0RC_1RD---_1LA1RC	rk:4:0	false	0.7
1RB0LA_0LB0RC_1RD---_1LA1RC	rk:5:0	false	0.7
1RB0LA_0LC0RB_1LC0RD_1LA1RD	rk:4:0	false	2.6
1RB0LA_0LC0RB_1LC0RD_1LA1RD	rk:5:0	false	8.0
1RB0LA_0LC0RD_1LC1LA_0RB0RA	rk:4:0	false	18.6
1RB0LA_0LC0RD_1LC1LA_0RB0RA	rk:5:0	false	223.4
1RB0LA_0LC0RD_1LC1LA_0RC1LB	rk:4:0	false	4.3
1RB0LA_0LC0RD_1LC1LA_0RC1LB	rk:5:0	true	11.9
1RB0LA_0LC0RD_1LD0RC_1LA0RB	rk:4:0	false	9.4
1RB0LA_0LC0RD_1LD0RC_1LA0RB	rk:5:0	false	62.8
1RB0LA_0LC1LC_1RD1LB_0RA0RB	rk:4:0	false	1.8
1RB0LA_0LC1LC_1RD1LB_0RA0RB	rk:5:0	false	6.7
1RB0LA_0LC1RD_1LC1LA_0RB0RD	rk:4:0	false	35.6
1RB0LA_0LC1RD_1LC1LA_0RB0RD	rk:5:0	timeout	300.1
1RB0LA_0LC1RD_1LC1LA_0RC0RD	rk:4:0	false	4.3
1RB0LA_0LC1RD_1LC1LA_0RC0RD	rk:5:0	false	9.1
1RB0LA_0RC---_1RD0RD_1LD0LA	rk:4:0	false	2.2
1RB0LA_0RC---_1RD0RD_1LD0LA	rk:5:0	false	6.5
1RB0LA_0RC0LA_1LC0LD_1RB1LB	rk:4:0	false	1.4
1RB0LA_0RC0LA_1LC0LD_1RB1LB	rk:5:0	true	1.2
1RB0LA_0RC0LA_1LD1RD_1LA0RB	rk:4:0	false	8.1
1RB0LA_0RC0LA_1LD1RD_1LA0RB	rk:5:0	false	22.9
1RB0LA_0RC0LB_1LC1RD_1RB1LA	rk:4:0	false	5.1
1RB0LA_0RC0LB_1LC1RD_1RB1LA	rk:5:0	false	16.7
1RB0LA_0RC0LC_1LD0RB_1LD0RA	rk:4:0	false	0.9
1RB0LA_0RC0LC_1LD0RB_1LD0RA	rk:5:0	false	1.2
1RB0LA_0RC0LD_1LD1RD_1LA1RB	rk:4:0	false	2.5
1RB0LA_0RC0LD_1LD1RD_1LA1RB	rk:5:0	false	3.2
1RB0LA_0RC0RA_0LD1RA_1LA---	rk:4:0	false	2.0
1RB0LA_0RC0RA_0LD1RA_1LA---	rk:5:0	false	8.6
1RB0LA_0RC0RA_0LD1RA_1RC1LA	rk:4:0	false	2.7
1RB0LA_0RC0RA_0LD1RA_1RC1LA	rk:5:0	false	13.2
1RB0LA_0RC0RA_0LD1RC_1LA1RA	rk:4:0	false	2.4
1RB0LA_0RC0RA_0LD1RC_1LA1RA	rk:5:0	false	10.8
1RB0LA_0RC0RB_0LD1LA_1LD0LA	rk:4:0	false	24.5
1RB0LA_0RC0RB_0LD1LA_1LD0LA	rk:5:0	false	275.8
1RB0LA_0RC0RB_0LD1LA_1LD1RC	rk:4:0	false	8.4
1RB0LA_0RC0RB_0LD1LA_1LD1RC	rk:5:0	false	92.3
1RB0LA_0RC0RB_1RD0LD_1LA0RD	rk:4:0	false	2.1
1RB0LA_0RC0RB_1RD0LD_1LA0RD	rk:5:0	true	9.1
1RB0LA_0RC0RC_1LC1RD_1RB1LA	rk:4:0	false	3.9
1RB0LA_0RC0RC_1LC1RD_1RB1LA	rk:5:0	false	12.9
1RB0LA_0RC0RC_1LD1RD_1LA1RB	rk:4:0	false	2.4
1RB0LA_0RC0RC_1LD1RD_1LA1RB	rk:5:0	false	2.9
1RB0LA_0RC0RD_0LD1RA_1RC1LA	rk:4:0	false	2.8
1RB0LA_0RC0RD_0LD1RA_1RC1LA	rk:5:0	false	2.8
1RB0LA_0RC0RD_1LA0RA_0LC1RA	rk:4:0	false	4.5
1RB0LA_0RC0RD_1LA0RA_0LC1RA	rk:5:0	false	29.4
1RB0LA_0RC0RD_1LA0RC_0LC1RA	rk:4:0	false	2.8
1RB0LA_0RC0RD_1LA0RC_0LC1RA	rk:5:0	false	13.5
1RB0LA_0RC0RD_1LA1LC_0LC0RB	rk:4:0	false	4.3
1RB0LA_0RC0RD_1LA1LC_0LC0RB	rk:5:0	false	29.4
1RB0LA_0RC0RD_1LA1RA_0LC1RA	rk:4:0	false	2.4
1RB0LA_0RC0RD_1LA1RA_0LC1RA	rk:5:0	false	9.7
1RB0LA_0RC0RD_1LA1RB_1LC1RC	rk:4:0	false	2.1
1RB0LA_0RC0RD_1LA1RB_1LC1RC	rk:5:0	false	6.6
1RB0LA_0RC0RD_1LC1RD_1RB1LA	rk:4:0	false	5.6
1RB0LA_0RC0RD_1LC1RD_1RB1LA	rk:5:0	false	18.3
1RB0LA_0RC0RD_1LD1RD_1LA1RB	rk:4:0	false	6.2
1RB0LA_0RC0RD_1LD1RD_1LA1RB	rk:5:0	false	33.0
1RB0LA_0RC1LA_1RD0LB_1LB1RB	rk:4:0	false	3.3
1RB0LA_0RC1LA_1RD0LB_1LB1RB	rk:5:0	false	15.4
1RB0LA_0RC1LA_1RD0RA_0LB1RB	rk:4:0	false	3.7
1RB0LA_0RC1LA_1RD0RA_0LB1RB	rk:5:0	false	18.8
1RB0LA_0RC1LA_1RD0RA_1LB0RA	rk:4:0	false	4.2
1RB0LA_0RC1LA_1RD0RA_1LB0RA	rk:5:0	false	17.6
1RB0LA_0RC1LA_1RD0RD_1LB1RB	rk:4:0	false	9.5
1RB0LA_0RC1LA_1RD0RD_1LB1RB	rk:5:0	false	77.8
1RB0LA_0RC1LA_1RD1RB_0LB1RB	rk:4:0	false	2.5
1RB0LA_0RC1LA_1RD1RB_0LB1RB	rk:5:0	false	8.7
1RB0LA_0RC1LA_1RD1RB_1LB0RA	rk:4:0	false	3.6
1RB0LA_0RC1LA_1RD1RB_1LB0RA	rk:5:0	false	12.7
1RB0LA_0RC1LA_1RD1RB_1LB1RB	rk:4:0	false	5.6
1RB0LA_0RC1LA_1RD1RB_1LB1RB	rk:5:0	false	24.9
1RB0LA_0RC1LA_1RD1RC_0LB1RB	rk:4:0	false	1.9
1RB0LA_0RC1LA_1RD1RC_0LB1RB	rk:5:0	false	7.2
1RB0LA_0RC1LA_1RD1RD_1LB1RB	rk:4:0	false	3.4
1RB0LA_0RC1LA_1RD1RD_1LB1RB	rk:5:0	false	15.2
1RB0LA_0RC1LC_1LD0RA_1LB0LD	rk:4:0	false	0.9
1RB0LA_0RC1LC_1LD0RA_1LB0LD	rk:5:0	true	0.9
1RB0LA_0RC1LD_1LA1RC_1LB0LD	rk:4:0	false	1.9
1RB0LA_0RC1LD_1LA1RC_1LB0LD	rk:5:0	false	6.5
1RB0LA_0RC1LD_1LA1RC_1RC0LD	rk:4:0	false	1.5
1RB0LA_0RC1LD_1LA1RC_1RC0LD	rk:5:0	false	4.5
1RB0LA_0RC1RA_0LD0RB_1LD0LA	rk:4:0	false	17.3
1RB0LA_0RC1RA_0LD0RB_1LD0LA	rk:5:0	false	139.3
1RB0LA_0RC1RA_0LD0RB_1LD1LB	rk:4:0	false	1.8
1RB0LA_0RC1RA_0LD0RB_1LD1LB	rk:5:0	false	7.5
1RB0LA_0RC1RB_0LD0RB_1LD0LA	rk:4:0	false	17.9
1RB0LA_0RC1RB_0LD0RB_1LD0LA	rk:5:0	false	132.2
1RB0LA_0RC1RB_0RD1RC_1LD1LA	rk:4:0	false	2.9
1RB0LA_0RC1RB_0RD1RC_1LD1LA	rk:5:0	false	9.2
1RB0LA_0RC1RD_0LD0RB_1LD0LA	rk:4:0	false	17.6
1RB0LA_0RC1RD_0LD0RB_1LD0LA	rk:5:0	false	137.9
1RB0LA_1LA---_------_------	rk:4:0	true	0.6
1RB0LA_1LB0LC_1RD1LD_0RB1LA	rk:4:0	false	1.1
1RB0LA_1LB0LC_1RD1LD_0RB1LA	rk:5:0	true	1.1
1RB0LA_1LB0RC_1LA1RD_1RC---	rk:4:0	false	0.6
1RB0LA_1LB0RC_1LA1RD_1RC---	rk:5:0	false	0.8
1RB0LA_1LB1LC_1RD0LC_0RD0RA	rk:4:0	false	1.0
1RB0LA_1LB1LC_1RD0LC_0RD0RA	rk:5:0	false	1.9
1RB0LA_1LB1RC_1RD1LC_1LA0RD	rk:4:0	false	23.3
1RB0LA_1LB1RC_1RD1LC_1LA0RD	rk:5:0	false	264.2
1RB0LA_1LC---_1LA0RD_0RB1RD	rk:4:0	false	0.6
1RB0LA_1LC---_1LA0RD_0RB1RD	rk:5:0	false	0.8
1RB0LA_1LC---_1RD0RD_1LA1RC	rk:4:0	false	0.7
1RB0LA_1LC---_1RD0RD_1LA1RC	rk:5:0	false	0.8
1RB0LA_1LC0LA_1RD0RD_1LB1RC	rk:4:0	false	20.3
1RB0LA_1LC0LA_1RD0RD_1LB1RC	rk:5:0	false	234.8
1RB0LA_1LC0LC_1LA0RD_1RD0RB	rk:4:0	false	1.3
1RB0LA_1LC0LC_1LA0RD_1RD0RB	rk:5:0	false	3.4
1RB0LA_1LC0LC_1RD0LB_1LA0RC	rk:4:0	false	1.1
1RB0LA_1LC0LC_1RD0LB_1LA0RC	rk:5:0	false	2.8
1RB0LA_1LC0RA_0LC1RD_1LB0RD	rk:4:0	false	0.9
1RB0LA_1LC0RA_0LC1RD_1LB0RD	rk:5:0	false	1.2
1RB0LA_1LC0RA_1RA1LD_0LC0RB	rk:4:0	true	0.9
1RB0LA_1LC0RA_1RC1LD_0LC0RB	rk:4:0	true	0.9
1RB0LA_1LC0RB_0LC0RD_1RD1LA	rk:4:0	false	2.5
1RB0LA_1LC0RB_0LC0RD_1RD1LA	rk:5:0	false	8.1
1RB0LA_1LC0RB_0LD0LC_1LA0RA	rk:4:0	false	2.3
1RB0LA_1LC0RB_0LD0LC_1LA0RA	rk:5:0	true	13.4
1RB0LA_1LC0RB_1RA1LD_0LC1LA	rk:4:0	true	4.4
1RB0LA_1LC0RB_1RA1LD_1LA---	rk:4:0	false	0.7
1RB0LA_1LC0RB_1RA1LD_1LA---	rk:5:0	false	0.8
1RB0LA_1LC0RB_1RA1RD_0LC1LD	rk:4:0	false	1.0
1RB0LA_1LC0RB_1RA1RD_0LC1LD	rk:5:0	false	1.0
1RB0LA_1LC0RB_1RC1LD_1LA1RD	rk:4:0	false	23.0
1RB0LA_1LC0RB_1RC1LD_1LA1RD	rk:5:0	false	261.7
1RB0LA_1LC0RB_1RD0LD_1LA1RB	rk:4:0	false	10.4
1RB0LA_1LC0RB_1RD0LD_1LA1RB	rk:5:0	false	78.2
1RB0LA_1LC0RB_1RD1LA_1LA1RC	rk:4:0	false	27.2
1RB0LA_1LC0RB_1RD1LA_1LA1RC	rk:5:0	false	272.9
1RB0LA_1LC0RB_1RD1LA_1LD1RC	rk:4:0	false	27.9
1RB0LA_1LC0RB_1RD1LA_1LD1RC	rk:5:0	false	276.4
1RB0LA_1LC0RB_1RD1LA_1RA1RC	rk:4:0	false	27.4
1RB0LA_1LC0RB_1RD1LA_1RA1RC	rk:5:0	false	275.7
1RB0LA_1LC0RB_1RD1LA_1RB1RC	rk:4:0	false	28.1
1RB0LA_1LC0RB_1RD1LA_1RB1RC	rk:5:0	false	278.5
1RB0LA_1LC0RB_1RD1LD_1LA1RC	rk:4:0	false	2.6
1RB0LA_1LC0RB_1RD1LD_1LA1RC	rk:5:0	false	12.7
1RB0LA_1LC0RB_1RD1LD_1LA1RD	rk:4:0	false	23.0
1RB0LA_1LC0RB_1RD1LD_1LA1RD	rk:5:0	false	264.1
1RB0LA_1LC0RC_0RD1LA_1LD1LC	rk:4:0	false	1.3
1RB0LA_1LC0RC_0RD1LA_1LD1LC	rk:5:0	false	1.0
1RB0LA_1LC0RC_1RD1LA_1LA0RB	rk:4:0	false	7.9
1RB0LA_1LC0RC_1RD1LA_1LA0RB	rk:5:0	true	4.0
1RB0LA_1LC0RC_1RD1LA_1LA0RD	rk:4:0	false	10.4
1RB0LA_1LC0RC_1RD1LA_1LA0RD	rk:5:0	false	76.4
1RB0LA_1LC0RC_1RD1LA_1RB0RC	rk:4:0	false	3.0
1RB0LA_1LC0RC_1RD1LA_1RB0RC	rk:5:0	true	4.2
1RB0LA_1LC0RC_1RD1LA_1RB1LB	rk:4:0	false	3.5
1RB0LA_1LC0RC_1RD1LA_1RB1LB	rk:5:0	true	5.9
1RB0LA_1LC0RD_0LB1LA_0RB1LA	rk:4:0	false	14.4
1RB0LA_1LC0RD_0LB1LA_0RB1LA	rk:5:0	false	123.9
1RB0LA_1LC0RD_0LC1LA_0RB1RD	rk:4:0	false	12.9
1RB0LA_1LC0RD_0LC1LA_0RB1RD	rk:5:0	false	160.7
1RB0LA_1LC0RD_0LC1LD_0RB1RA	rk:4:0	false	4.3
1RB0LA_1LC0RD_0LC1LD_0RB1RA	rk:5:0	false	34.5
1RB0LA_1LC0RD_0LD0LC_1LA1RD	rk:4:0	false	1.3
1RB0LA_1LC0RD_0LD0LC_1LA1RD	rk:5:0	false	3.7
1RB0LA_1LC0RD_0RD0LC_1LA1RD	rk:4:0	false	1.5
1RB0LA_1LC0RD_0RD0LC_1LA1RD	rk:5:0	false	4.4
1RB0LA_1LC0RD_1LA0LB_1RB0RD	rk:4:0	false	11.2
1RB0LA_1LC0RD_1LA0LB_1RB0RD	rk:5:0	false	49.6
1RB0LA_1LC0RD_1LA0LC_1LA1RD	rk:4:0	false	1.5
1RB0LA_1LC0RD_1LA0LC_1LA1RD	rk:5:0	false	3.1
1RB0LA_1LC0RD_1LA0LC_1RB0RB	rk:4:0	false	49.0
1RB0LA_1LC0RD_1LA0LC_1RB0RB	rk:5:0	timeout	300.1
1RB0LA_1LC0RD_1LA0LC_1RB0RD	rk:4:0	false	7.5
1RB0LA_1LC0RD_1LA0LC_1RB0RD	rk:5:0	false	26.9
1RB0LA_1LC0RD_1LA1RB_1LC1RC	rk:4:0	false	1.8
1RB0LA_1LC0RD_1LA1RB_1LC1RC	rk:5:0	false	3.6
1RB0LA_1LC0RD_1LD0LB_1RB0RA	rk:4:0	false	0.8
1RB0LA_1LC0RD_1LD0LB_1RB0RA	rk:5:0	false	0.9
1RB0LA_1LC0RD_1RA1LA_---0RB	rk:4:0	false	0.8
1RB0LA_1LC0RD_1RA1LA_---0RB	rk:5:0	false	0.8
1RB0LA_1LC0RD_1RA1LD_0RB1RA	rk:4:0	false	1.6
1RB0LA_1LC0RD_1RA1LD_0RB1RA	rk:5:0	false	4.2
1RB0LA_1LC0RD_1RC1LD_0RB1RA	rk:4:0	false	1.5
1RB0LA_1LC0RD_1RC1LD_0RB1RA	rk:5:0	false	4.2
1RB0LA_1LC1LA_1RD0LB_1LA0RC	rk:4:0	false	1.2
1RB0LA_1LC1LA_1RD0LB_1LA0RC	rk:5:0	false	3.3
1RB0LA_1LC1LA_1RD0LB_1RA0RC	rk:4:0	false	1.3
1RB0LA_1LC1LA_1RD0LB_1RA0RC	rk:5:0	false	3.5
1RB0LA_1LC1LD_1LA0RC_0RB1RD	rk:4:0	false	0.9
1RB0LA_1LC1LD_1LA0RC_0RB1RD	rk:5:0	false	1.0
1RB0LA_1LC1RC_1RD1LB_1LA0RD	rk:4:0	false	2.8
1RB0LA_1LC1RC_1RD1LB_1LA0RD	rk:5:0	false	13.8
1RB0LA_1LC1RC_1RD1LC_1LA0RD	rk:4:0	false	23.2
1RB0LA_1LC1RC_1RD1LC_1LA0RD	rk:5:0	false	258.1
1RB0LA_1LC1RD_0LC1LA_0RD0RB	rk:4:0	false	32.8
1RB0LA_1LC1RD_0LC1LA_0RD0RB	rk:5:0	timeout	300.2
1RB0LA_1LC1RD_1LA0RC_0RB1RC	rk:4:0	true	6.0
1RB0LA_1LC1RD_1LA0RC_1RC---	rk:4:0	false	0.7
1RB0LA_1LC1RD_1LA0RC_1RC---	rk:5:0	false	0.8
1RB0LA_1LC1RD_1LA1LB_1LA0RD	rk:4:0	false	28.8
1RB0LA_1LC1RD_1LA1LB_1LA0RD	rk:5:0	false	286.3
1RB0LA_1LC1RD_1LD1LB_1LA0RD	rk:4:0	false	28.7
1RB0LA_1LC1RD_1LD1LB_1LA0RD	rk:5:0	false	284.0
1RB0LA_1LC1RD_1RC1LB_1LA0RD	rk:4:0	false	28.2
1RB0LA_1LC1RD_1RC1LB_1LA0RD	rk:5:0	false	280.5
1RB0LA_1LC1RD_1RD1LB_1LA0RD	rk:4:0	false	28.7
1RB0LA_1LC1RD_1RD1LB_1LA0RD	rk:5:0	false	283.0
1RB0LA_1RC---_0RD0RC_1LD0LA	rk:4:0	false	1.3
1RB0LA_1RC---_0RD0RC_1LD0LA	rk:5:0	false	3.5
1RB0LA_1RC0LD_1LD0RC_0RA0LB	rk:4:0	false	10.3
1RB0LA_1RC0LD_1LD0RC_0RA0LB	rk:5:0	false	68.7
1RB0LA_1RC0RA_1LD0RC_0LD1LB	rk:4:0	false	1.0
1RB0LA_1RC0RA_1LD0RC_0LD1LB	rk:5:0	false	1.9
1RB0LA_1RC0RB_0RD1LD_1LB1LA	rk:4:0	false	2.9
1RB0LA_1RC0RB_0RD1LD_1LB1LA	rk:5:0	false	11.8
1RB0LA_1RC1LA_0RD0RC_1LD0RB	rk:4:0	false	2.5
1RB0LA_1RC1LA_0RD0RC_1LD0RB	rk:5:0	false	9.8
1RB0LA_1RC1LA_0RD0RC_1LD1RB	rk:4:0	false	1.9
1RB0LA_1RC1LA_0RD0RC_1LD1RB	rk:5:0	false	7.1
1RB0LA_1RC1LB_0LB1RD_0LA0RC	rk:4:0	false	1.5
1RB0LA_1RC1LB_0LB1RD_0LA0RC	rk:5:0	false	3.4
1RB0LA_1RC1LD_0LD0RB_0RC1LA	rk:4:0	false	11.6
1RB0LA_1RC1LD_0LD0RB_0RC1LA	rk:5:0	false	127.0
1RB0LA_1RC1LD_0LD0RC_0RB1LA	rk:4:0	false	6.7
1RB0LA_1RC1LD_0LD0RC_0RB1LA	rk:5:0	false	74.1
1RB0LA_1RC1RA_0RD0RB_1LD0LA	rk:4:0	false	5.3
1RB0LA_1RC1RA_0RD0RB_1LD0LA	rk:5:0	false	25.6
1RB0LB_0LB0RC_1LD1RC_1LA0RD	rk:4:0	false	2.9
1RB0LB_0LB0RC_1LD1RC_1LA0RD	rk:5:0	false	12.6
1RB0LB_0LB0RC_1LD1RC_1LA1RB	rk:4:0	false	3.4
1RB0LB_0LB0RC_1LD1RC_1LA1RB	rk:5:0	false	12.7
1RB0LB_0LC0RA_1LA0RD_1RC0RC	rk:4:0	false	12.4
1RB0LB_0LC0RA_1LA0RD_1RC0RC	rk:5:0	true	4.3
1RB0LB_0LC0RD_0RA1LB_1RC1RC	rk:4:0	false	0.9
1RB0LB_0LC0RD_0RA1LB_1RC1RC	rk:5:0	false	1.7
1RB0LB_0LC0RD_1LA1LC_0RB1RB	rk:4:0	false	4.3
1RB0LB_0LC0RD_1LA1LC_0RB1RB	rk:5:0	false	23.5
1RB0LB_0LC0RD_1LC1LA_0RC0RA	rk:4:0	false	5.3
1RB0LB_0LC0RD_1LC1LA_0RC0RA	rk:5:0	false	28.2
1RB0LB_0LC0RD_1RA1LC_0LC1RD	rk:4:0	false	1.0
1RB0LB_0LC0RD_1RA1LC_0LC1RD	rk:5:0	false	1.2
1RB0LB_0LC0RD_1RC1LD_1RA0LA	rk:4:0	false	4.7
1RB0LB_0LC0RD_1RC1LD_1RA0LA	rk:5:0	false	29.6
1RB0LB_0LC1RD_0RC1LA_1LA0RA	rk:4:0	true	1.0
1RB0LB_0LC1RD_0RC1LA_1LC0RA	rk:4:0	true	1.0
1RB0LB_0LC1RD_1LA1LB_0RA0RD	rk:4:0	true	0.8
1RB0LB_0LC1RD_1LA1LB_0RB1RD	rk:4:0	false	1.0
1RB0LB_0LC1RD_1LA1LB_0RB1RD	rk:5:0	false	1.4
1RB0LB_0RC0RC_1LD1RC_1LA0LA	rk:4:0	false	1.7
1RB0LB_0RC0RC_1LD1RC_1LA0LA	rk:5:0	false	2.7
1RB0LB_0RC0RD_1LA0LA_1LC1RD	rk:4:0	false	1.8
1RB0LB_0RC0RD_1LA0LA_1LC1RD	rk:5:0	false	3.4
1RB0LB_0RC0RD_1LD0RA_0LA0LC	rk:4:0	false	10.0
1RB0LB_0RC0RD_1LD0RA_0LA0LC	rk:5:0	true	14.9
1RB0LB_0RC0RD_1LD1LA_0LA1RB	rk:4:0	false	5.1
1RB0LB_0RC0RD_1LD1LA_0LA1RB	rk:5:0	true	19.5
1RB0LB_0RC0RD_1LD1RA_0LA---	rk:4:0	false	0.7
1RB0LB_0RC0RD_1LD1RA_0LA---	rk:5:0	false	0.7
1RB0LB_0RC1LA_1RD1RC_1LB1LD	rk:4:0	false	1.1
1RB0LB_0RC1LA_1RD1RC_1LB1LD	rk:5:0	false	1.7
1RB0LB_0RC1LB_1LA1RC_------	rk:4:0	false	1.0
1RB0LB_0RC1LB_1LA1RC_------	rk:5:0	false	1.2
1RB0LB_0RC1LB_1LA1RD_0LD1RC	rk:4:0	false	1.1
1RB0LB_0RC1LB_1LA1RD_0LD1RC	rk:5:0	false	1.6
1RB0LB_0RC1LB_1LA1RD_1LA1RC	rk:4:0	false	1.2
1RB0LB_0RC1LB_1LA1RD_1LA1RC	rk:5:0	false	1.8
1RB0LB_0RC1LB_1LA1RD_1LA1RD	rk:4:0	false	1.0
1RB0LB_0RC1LB_1LA1RD_1LA1RD	rk:5:0	false	1.6
1RB0LB_0RC1LB_1LD1RC_1LA0RA	rk:4:0	false	1.0
1RB0LB_0RC1LB_1LD1RC_1LA0RA	rk:5:0	false	1.2
1RB0LB_0RC1LB_1LD1RD_1LA1RD	rk:4:0	false	1.1
1RB0LB_0RC1LB_1LD1RD_1LA1RD	rk:5:0	false	1.5
1RB0LB_0RC1LB_1RD1RC_1LD0LA	rk:4:0	false	1.5
1RB0LB_0RC1LB_1RD1RC_1LD0LA	rk:5:0	false	3.1
1RB0LB_0RC1LD_1LA1RC_0RC1LB	rk:4:0	false	1.1
1RB0LB_0RC1LD_1LA1RC_0RC1LB	rk:5:0	false	1.8
1RB0LB_0RC1LD_1LA1RC_0RC1LD	rk:4:0	false	1.0
1RB0LB_0RC1LD_1LA1RC_0RC1LD	rk:5:0	false	1.5
1RB0LB_0RC1LD_1LA1RC_0RD1LB	rk:4:0	false	1.1
1RB0LB_0RC1LD_1LA1RC_0RD1LB	rk:5:0	false	1.5
1RB0LB_0RC1RA_1LC0LD_0RA0LC	rk:4:0	false	1.5
1RB0LB_0RC1RA_1LC0LD_0RA0LC	rk:5:0	false	3.9
1RB0LB_0RC1RB_0LD0RC_1LD1LA	rk:4:0	false	7.4
1RB0LB_0RC1RB_0LD0RC_1LD1LA	rk:5:0	false	39.6
1RB0LB_0RC1RD_0RD1RC_1LD0LA	rk:4:0	false	6.5
1RB0LB_0RC1RD_0RD1RC_1LD0LA	rk:5:0	false	8.0
1RB0LB_1LA0LC_1RD0LC_0RD0LA	rk:4:0	false	0.9
1RB0LB_1LA0LC_1RD0LC_0RD0LA	rk:5:0	false	1.3
1RB0LB_1LA0RC_1LD0RC_0LD0RA	rk:4:0	false	1.1
1RB0LB_1LA0RC_1LD0RC_0LD0RA	rk:5:0	false	2.1
1RB0LB_1LA0RC_1LD0RC_0LD1RA	rk:4:0	false	1.0
1RB0LB_1LA0RC_1LD0RC_0LD1RA	rk:5:0	false	2.0
1RB0LB_1LC0LA_1LB0RD_0RB1RD	rk:4:0	false	3.6
1RB0LB_1LC0LA_1LB0RD_0RB1RD	rk:5:0	false	10.9
1RB0LB_1LC0LB_1RD1LB_1RA0RD	rk:4:0	false	14.1
1RB0LB_1LC0LB_1RD1LB_1RA0RD	rk:5:0	false	134.8
1RB0LB_1LC0LC_0RA1RD_1LA0RD	rk:4:0	false	1.4
1RB0LB_1LC0LC_0RA1RD_1LA0RD	rk:5:0	false	3.3
1RB0LB_1LC0RA_0LD0LC_1LA0RB	rk:4:0	false	0.9
1RB0LB_1LC0RA_0LD0LC_1LA0RB	rk:5:0	true	0.9
1RB0LB_1LC0RB_0LA0LD_0RA1LB	rk:4:0	false	4.5
1RB0LB_1LC0RB_0LA0LD_0RA1LB	rk:5:0	false	32.9
1RB0LB_1LC0RB_0LD1LD_0RA1LB	rk:4:0	false	3.0
1RB0LB_1LC0RB_0LD1LD_0RA1LB	rk:5:0	false	16.2
1RB0LB_1LC0RB_1LD0LD_0RA0LD	rk:4:0	false	0.9
1RB0LB_1LC0RB_1LD0LD_0RA0LD	rk:5:0	false	1.2
1RB0LB_1LC0RB_1LD0LD_0RA1RB	rk:4:0	false	0.9
1RB0LB_1LC0RB_1LD0LD_0RA1RB	rk:5:0	false	1.2
1RB0LB_1LC0RC_0LD1RC_1RA1LD	rk:4:0	false	1.1
1RB0LB_1LC0RC_0LD1RC_1RA1LD	rk:5:0	false	1.2
1RB0LB_1LC0RC_0RD1LA_0LD1RB	rk:4:0	true	1.1
1RB0LB_1LC0RC_1RA0LD_0LC1LB	rk:4:0	false	3.0
1RB0LB_1LC0RC_1RA0LD_0LC1LB	rk:5:0	true	6.3
1RB0LB_1LC0RC_1RA0LD_1LB1LB	rk:4:0	false	3.0
1RB0LB_1LC0RC_1RA0LD_1LB1LB	rk:5:0	true	6.7
1RB0LB_1LC0RC_1RA0LD_1LC1LB	rk:4:0	false	0.8
1RB0LB_1LC0RC_1RA0LD_1LC1LB	rk:5:0	true	0.8
1RB0LB_1LC0RC_1RD1LA_0LA1RC	rk:4:0	true	1.0
1RB0LB_1LC0RD_0RA0LC_1LB0RD	rk:4:0	false	1.1
1RB0LB_1LC0RD_0RA0LC_1LB0RD	rk:5:0	false	2.2
1RB0LB_1LC0RD_0RC0LD_1LA1RD	rk:4:0	false	9.1
1RB0LB_1LC0RD_0RC0LD_1LA1RD	rk:5:0	false	54.9
1RB0LB_1LC0RD_1LA0LB_0RB1RD	rk:4:0	false	2.7
1RB0LB_1LC0RD_1LA0LB_0RB1RD	rk:5:0	false	11.5
1RB0LB_1LC0RD_1LA0LB_1RB0RD	rk:4:0	false	0.8
1RB0LB_1LC0RD_1LA0LB_1RB0RD	rk:5:0	false	0.8
1RB0LB_1LC0RD_1LA0LB_1RB1RA	rk:4:0	false	1.2
1RB0LB_1LC0RD_1LA0LB_1RB1RA	rk:5:0	false	2.4
1RB0LB_1LC0RD_1LA0LD_0RB1RD	rk:4:0	false	3.3
1RB0LB_1LC0RD_1LA0LD_0RB1RD	rk:5:0	false	12.2
1RB0LB_1LC0RD_1LA0LD_1LB0RA	rk:4:0	false	1.0
1RB0LB_1LC0RD_1LA0LD_1LB0RA	rk:5:0	false	1.8
1RB0LB_1LC0RD_1LA0RA_0RB1RA	rk:4:0	false	2.9
1RB0LB_1LC0RD_1LA0RA_0RB1RA	rk:5:0	true	4.4
1RB0LB_1LC0RD_1LA0RA_1RA1RA	rk:4:0	false	3.1
1RB0LB_1LC0RD_1LA0RA_1RA1RA	rk:5:0	true	4.8
1RB0LB_1LC0RD_1LA0RA_1RB1RA	rk:4:0	false	0.8
1RB0LB_1LC0RD_1LA0RA_1RB1RA	rk:5:0	true	0.8
1RB0LB_1LC0RD_1LA1LB_0LA0RA	rk:4:0	false	6.9
1RB0LB_1LC0RD_1LA1LB_0LA0RA	rk:5:0	false	5.5
1RB0LB_1LC0RD_1LA1LB_0RB1RD	rk:4:0	false	8.5
1RB0LB_1LC0RD_1LA1LB_0RB1RD	rk:5:0	false	39.2
1RB0LB_1LC0RD_1LA1LC_0RB1RD	rk:4:0	false	6.9
1RB0LB_1LC0RD_1LA1LC_0RB1RD	rk:5:0	false	32.1
1RB0LB_1LC0RD_1LA1LC_1LD0RA	rk:4:0	false	2.4
1RB0LB_1LC0RD_1LA1LC_1LD0RA	rk:5:0	false	12.0
1RB0LB_1LC0RD_1LC1LA_1RA1RD	rk:4:0	false	3.7
1RB0LB_1LC0RD_1LC1LA_1RA1RD	rk:5:0	false	4.6
1RB0LB_1LC0RD_1RA1LC_0LC1RD	rk:4:0	false	1.1
1RB0LB_1LC0RD_1RA1LC_0LC1RD	rk:5:0	false	1.2
1RB0LB_1LC1LB_0RC0RD_1LA1RD	rk:4:0	false	1.0
1RB0LB_1LC1LB_0RC0RD_1LA1RD	rk:5:0	false	1.4
1RB0LB_1LC1RA_0LC0LD_0RA0RB	rk:4:0	false	1.0
1RB0LB_1LC1RA_0LC0LD_0RA0RB	rk:5:0	false	1.3
1RB0LB_1LC1RA_1RD0LC_0LA0RB	rk:4:0	false	1.2
1RB0LB_1LC1RA_1RD0LC_0LA0RB	rk:5:0	false	2.6
1RB0LB_1LC1RD_0RA0LC_0RB1RA	rk:4:0	true	2.7
1RB0LB_1LC1RD_0RA0LC_1LB0RD	rk:4:0	false	1.2
1RB0LB_1LC1RD_0RA0LC_1LB0RD	rk:5:0	false	2.3
1RB0LB_1LC1RD_0RD1LB_0RA0RA	rk:4:0	true	0.9
1RB0LB_1LC1RD_0RD1LB_1LA0RA	rk:4:0	true	0.9
1RB0LB_1LC1RD_0RD1LB_1LB0RA	rk:4:0	true	0.9
1RB0LB_1LC1RD_1LA0LB_1LA0RD	rk:4:0	false	4.0
1RB0LB_1LC1RD_1LA0LB_1LA0RD	rk:5:0	false	11.4
1RB0LB_1LC1RD_1LA0LC_0RB0RC	rk:4:0	false	7.6
1RB0LB_1LC1RD_1LA0LC_0RB0RC	rk:5:0	false	59.5
1RB0LB_1LC1RD_1LA1LA_1LA0RD	rk:4:0	false	2.9
1RB0LB_1LC1RD_1LA1LA_1LA0RD	rk:5:0	false	11.0
1RB0LB_1LC1RD_1LA1RA_1LA0RD	rk:4:0	false	4.3
1RB0LB_1LC1RD_1LA1RA_1LA0RD	rk:5:0	false	12.3
1RB0LB_1LC1RD_1LD1RC_1LA0RD	rk:4:0	false	2.6
1RB0LB_1LC1RD_1LD1RC_1LA0RD	rk:5:0	true	2.4
1RB0LB_1LC1RD_1RD0LC_1LA0RD	rk:4:0	false	10.5
1RB0LB_1LC1RD_1RD0LC_1LA0RD	rk:5:0	false	79.2
1RB0LB_1RC0LA_1RD0LA_1LA0RB	rk:4:0	false	3.4
1RB0LB_1RC0LA_1RD0LA_1LA0RB	rk:5:0	false	9.6
1RB0LB_1RC0LA_1RD1RA_1LA0RB	rk:4:0	false	3.3
1RB0LB_1RC0LA_1RD1RA_1LA0RB	rk:5:0	false	9.6
1RB0LB_1RC0LC_0LD0RA_1RD1LA	rk:4:0	false	4.6
1RB0LB_1RC0LC_0LD0RA_1RD1LA	rk:5:0	false	29.1
1RB0LB_1RC0LD_1LA1RA_0RA0LA	rk:4:0	false	0.9
1RB0LB_1RC0LD_1LA1RA_0RA0LA	rk:5:0	false	1.2
1RB0LB_1RC0LD_1LA1RB_0RA0LB	rk:4:0	false	0.9
1RB0LB_1RC0LD_1LA1RB_0RA0LB	rk:5:0	false	1.3
1RB0LB_1RC0LD_1LB1RA_0RB1LD	rk:4:0	true	1.0
1RB0LB_1RC0RA_0LD0RA_1LA0LD	rk:4:0	true	1.5
1RB0LB_1RC0RB_0LD1RB_0LA1LD	rk:4:0	false	5.1
1RB0LB_1RC0RB_0LD1RB_0LA1LD	rk:5:0	false	12.0
1RB0LB_1RC0RB_1LD0RB_1LA0LC	rk:4:0	false	3.7
1RB0LB_1RC0RB_1LD0RB_1LA0LC	rk:5:0	false	20.7
1RB0LB_1RC0RB_1LD0RB_1LA0LD	rk:4:0	false	9.9
1RB0LB_1RC0RB_1LD0RB_1LA0LD	rk:5:0	false	39.3
1RB0LB_1RC0RC_0LD1RC_1RA1LD	rk:4:0	false	1.0
1RB0LB_1RC0RC_0LD1RC_1RA1LD	rk:5:0	false	1.2
1RB0LB_1RC0RC_1LD1RC_1LA0LA	rk:4:0	false	1.7
1RB0LB_1RC0RC_1LD1RC_1LA0LA	rk:5:0	false	3.0
1RB0LB_1RC1LA_0RD0RC_1LD1RB	rk:4:0	false	2.3
1RB0LB_1RC1LA_0RD0RC_1LD1RB	rk:5:0	false	1.6
1RB0LB_1RC1LA_1RD0RC_0LA0RD	rk:4:0	true	0.9
1RB0LB_1RC1LB_0LA1RD_0LB0RC	rk:4:0	false	1.9
1RB0LB_1RC1LB_0LA1RD_0LB0RC	rk:5:0	false	3.9
1RB0LB_1RC1LC_0RD0LB_1LD0LA	rk:4:0	false	1.8
1RB0LB_1RC1LC_0RD0LB_1LD0LA	rk:5:0	false	2.1
1RB0LB_1RC1LC_1LD0RA_---0LA	rk:4:0	false	0.7
1RB0LB_1RC1LC_1LD0RA_---0LA	rk:5:0	true	0.7
1RB0LB_1RC1LD_0LA0RC_0LA1LB	rk:4:0	false	5.6
1RB0LB_1RC1LD_0LA0RC_0LA1LB	rk:5:0	false	37.3
1RB0LB_1RC1LD_0LA0RC_1LA1LB	rk:4:0	false	12.9
1RB0LB_1RC1LD_0LA0RC_1LA1LB	rk:5:0	false	96.1
1RB0LB_1RC1LD_0LA0RC_1LB---	rk:4:0	false	0.7
1RB0LB_1RC1LD_0LA0RC_1LB---	rk:5:0	false	0.7
1RB0LB_1RC1LD_0LA0RD_1LB0RC	rk:4:0	false	0.9
1RB0LB_1RC1LD_0LA0RD_1LB0RC	rk:5:0	false	1.4
1RB0LB_1RC1LD_1LA0RB_0LC0LA	rk:4:0	false	17.7
1RB0LB_1RC1LD_1LA0RB_0LC0LA	rk:5:0	false	140.1
1RB0LB_1RC1LD_1LA0RB_0LC1RC	rk:4:0	false	12.4
1RB0LB_1RC1LD_1LA0RB_0LC1RC	rk:5:0	false	67.7
1RB0LB_1RC1LD_1LA0RB_0LC1RD	rk:4:0	false	13.9
1RB0LB_1RC1LD_1LA0RB_0LC1RD	rk:5:0	false	81.3
1RB0LB_1RC1LD_1LD0RA_---0LA	rk:4:0	false	0.6
1RB0LB_1RC1LD_1LD0RA_---0LA	rk:5:0	true	0.7
1RB0LC_0LA0RB_0RD1LC_1LA1RD	rk:4:0	false	11.7
1RB0LC_0LA0RB_0RD1LC_1LA1RD	rk:5:0	false	103.6
1RB0LC_0LA0RB_1RD---_1LD1LA	rk:4:0	false	0.7
1RB0LC_0LA0RB_1RD---_1LD1LA	rk:5:0	false	0.8
1RB0LC_0LA0RB_1RD1LA_1LC---	rk:4:0	false	12.2
1RB0LC_0LA0RB_1RD1LA_1LC---	rk:5:0	false	104.6
1RB0LC_0LA0RB_1RD1LA_1LD1LC	rk:4:0	false	15.3
1RB0LC_0LA0RB_1RD1LA_1LD1LC	rk:5:0	false	120.2
1RB0LC_0LA0RD_1LA---_0RB---	rk:4:0	false	0.6
1RB0LC_0LA0RD_1LA---_0RB---	rk:5:0	false	0.7
1RB0LC_0LA1RC_1RD1LA_0RB0RA	rk:4:0	true	0.8
1RB0LC_0LA1RC_1RD1LA_1RB0RA	rk:4:0	true	0.8
1RB0LC_0LA1RD_1LA1LC_0RA1RB	rk:4:0	false	4.6
1RB0LC_0LA1RD_1LA1LC_0RA1RB	rk:5:0	false	15.0
1RB0LC_0LA1RD_1LA1RC_0RB0RD	rk:4:0	false	2.5
1RB0LC_0LA1RD_1LA1RC_0RB0RD	rk:5:0	false	7.7
1RB0LC_0LB0RC_0LD1RA_1RC1LD	rk:4:0	false	1.0
1RB0LC_0LB0RC_0LD1RA_1RC1LD	rk:5:0	false	1.4
1RB0LC_0LB1LA_0RC1RD_1LB0RD	rk:4:0	false	1.2
1RB0LC_0LB1LA_0RC1RD_1LB0RD	rk:5:0	false	2.6
1RB0LC_0LB1LA_1RD0LC_0RD1RB	rk:4:0	false	1.0
1RB0LC_0LB1LA_1RD0LC_0RD1RB	rk:5:0	false	1.8
1RB0LC_0LB1RC_1LD0RD_0RB1LA	rk:4:0	true	1.0
1RB0LC_0LC0LA_1RC0RD_1LB1RD	rk:4:0	false	3.3
1RB0LC_0LC0LA_1RC0RD_1LB1RD	rk:5:0	false	9.6
1RB0LC_0LC0RB_1RD1LC_1LA0RD	rk:4:0	false	1.9
1RB0LC_0LC0RB_1RD1LC_1LA0RD	rk:5:0	false	5.4
1RB0LC_0LC0RD_1RB1LC_1LD1LA	rk:4:0	false	1.1
1RB0LC_0LC0RD_1RB1LC_1LD1LA	rk:5:0	false	1.9
1RB0LC_0LC1RD_1LA1LC_0RB0RD	rk:4:0	false	6.2
1RB0LC_0LC1RD_1LA1LC_0RB0RD	rk:5:0	false	36.2
1RB0LC_0RC0RA_0LD1RA_1LA0LC	rk:4:0	false	1.0
1RB0LC_0RC0RA_0LD1RA_1LA0LC	rk:5:0	false	1.6
1RB0LC_0RC0RA_1LD0RD_0LA0LB	rk:4:0	false	9.3
1RB0LC_0RC0RA_1LD0RD_0LA0LB	rk:5:0	true	9.5
1RB0LC_0RC0RA_1LD1LA_1RA1LD	rk:4:0	false	3.1
1RB0LC_0RC0RA_1LD1LA_1RA1LD	rk:5:0	false	9.7
1RB0LC_0RC0RB_1RD1LC_1LA0RD	rk:4:0	false	1.5
1RB0LC_0RC0RB_1RD1LC_1LA0RD	rk:5:0	false	3.8
1RB0LC_0RC0RD_1LB0LD_1LA1RD	rk:4:0	false	3.4
1RB0LC_0RC0RD_1LB0LD_1LA1RD	rk:5:0	true	1.6
1RB0LC_0RC0RD_1LC1LA_0RB0LA	rk:4:0	false	10.1
1RB0LC_0RC0RD_1LC1LA_0RB0LA	rk:5:0	false	63.3
1RB0LC_0RC0RD_1LC1LA_0RB1LA	rk:4:0	false	5.8
1RB0LC_0RC0RD_1LC1LA_0RB1LA	rk:5:0	false	23.9
1RB0LC_0RC0RD_1LC1LA_0RB1LB	rk:4:0	false	8.3
1RB0LC_0RC0RD_1LC1LA_0RB1LB	rk:5:0	false	28.7
1RB0LC_0RC1LA_0RD1LC_1LB1RD	rk:4:0	false	1.4
1RB0LC_0RC1LA_0RD1LC_1LB1RD	rk:5:0	false	1.5
1RB0LC_0RC1RA_1LD---_0RA0LD	rk:4:0	false	0.6
1RB0LC_0RC1RA_1LD---_0RA0LD	rk:5:0	false	0.7
1RB0LC_0RC1RA_1LD0RA_1LA0LD	rk:4:0	false	12.6
1RB0LC_0RC1RA_1LD0RA_1LA0LD	rk:5:0	false	72.5
1RB0LC_0RC1RB_0LD1RB_1LA1LC	rk:4:0	false	0.9
1RB0LC_0RC1RB_0LD1RB_1LA1LC	rk:5:0	false	1.2
1RB0LC_0RC1RB_1LD1LC_0RA0LD	rk:4:0	true	1.2
1RB0LC_0RC1RD_0RD1LD_1LA0RA	rk:4:0	false	4.8
1RB0LC_0RC1RD_0RD1LD_1LA0RA	rk:5:0	false	12.6
1RB0LC_1LA---_1RD0LC_0RD0LA	rk:4:0	false	0.9
1RB0LC_1LA---_1RD0LC_0RD0LA	rk:5:0	false	1.5
1RB0LC_1LA---_1RD1LC_0RD0LA	rk:4:0	false	4.6
1RB0LC_1LA---_1RD1LC_0RD0LA	rk:5:0	false	49.8
1RB0LC_1LA0LA_1RD0LB_0RD0LA	rk:4:0	false	1.1
1RB0LC_1LA0LA_1RD0LB_0RD0LA	rk:5:0	false	2.2
1RB0LC_1LA0LA_1RD0RB_0RD0LA	rk:4:0	false	1.1
1RB0LC_1LA0LA_1RD0RB_0RD0LA	rk:5:0	false	2.5
1RB0LC_1LA0LA_1RD0RB_0RD1LC	rk:4:0	false	1.2
1RB0LC_1LA0LA_1RD0RB_0RD1LC	rk:5:0	false	2.9
1RB0LC_1LA0LA_1RD1LA_0RD0LA	rk:4:0	false	1.2
1RB0LC_1LA0LA_1RD1LA_0RD0LA	rk:5:0	false	3.2
1RB0LC_1LA0LD_1RA1LB_0RA1RC	rk:4:0	true	0.9
1RB0LC_1LA0RA_1LD---_0RD0LB	rk:4:0	false	1.2
1RB0LC_1LA0RA_1LD---_0RD0LB	rk:5:0	false	1.8
1RB0LC_1LA0RA_1LD1RA_0RC1LB	rk:4:0	true	0.7
1RB0LC_1LA0RD_0LB1RD_0RC---	rk:4:0	true	0.9
1RB0LC_1LA0RD_0RA1LC_1LD1LA	rk:4:0	false	1.4
1RB0LC_1LA0RD_0RA1LC_1LD1LA	rk:5:0	false	2.0
1RB0LC_1LA0RD_0RB0LC_0RD0LA	rk:4:0	false	1.1
1RB0LC_1LA0RD_0RB0LC_0RD0LA	rk:5:0	false	2.3
1RB0LC_1LA0RD_0RB0LC_1LC0LA	rk:4:0	false	1.3
1RB0LC_1LA0RD_0RB0LC_1LC0LA	rk:5:0	false	3.0
1RB0LC_1LA0RD_0RB1RD_1LC0LA	rk:4:0	false	1.5
1RB0LC_1LA0RD_0RB1RD_1LC0LA	rk:5:0	false	4.1
1RB0LC_1LA0RD_1RC1RB_0LB1RD	rk:4:0	false	1.3
1RB0LC_1LA0RD_1RC1RB_0LB1RD	rk:5:0	false	2.1
1RB0LC_1LA1LC_0LB1RD_0RC1RD	rk:4:0	false	1.0
1RB0LC_1LA1LC_0LB1RD_0RC1RD	rk:5:0	false	1.2
1RB0LC_1LA1LC_1RD0RB_0RD0LA	rk:4:0	false	1.3
1RB0LC_1LA1LC_1RD0RB_0RD0LA	rk:5:0	false	3.6
1RB0LC_1LA1LD_0RA1LC_1LA1RD	rk:4:0	false	1.0
1RB0LC_1LA1LD_0RA1LC_1LA1RD	rk:5:0	false	1.3
1RB0LC_1LA1RA_0LD0LA_0RD1RA	rk:4:0	false	1.1
1RB0LC_1LA1RA_0LD0LA_0RD1RA	rk:5:0	false	1.6
1RB0LC_1LA1RA_0RA0LD_---0LC	rk:4:0	false	0.8
1RB0LC_1LA1RA_0RA0LD_---0LC	rk:5:0	false	0.7
1RB0LC_1LA1RA_0RA0LD_---1LC	rk:4:0	false	0.7
1RB0LC_1LA1RA_0RA0LD_---1LC	rk:5:0	false	0.7
1RB0LC_1LA1RA_0RA0RD_0LD0LC	rk:4:0	false	1.0
1RB0LC_1LA1RA_0RA0RD_0LD0LC	rk:5:0	false	1.4
1RB0LC_1LA1RA_0RA1LD_0RA0LD	rk:4:0	true	0.9
1RB0LC_1LA1RA_0RD0LA_0RD1RA	rk:4:0	false	1.0
1RB0LC_1LA1RA_0RD0LA_0RD1RA	rk:5:0	false	1.6
1RB0LC_1LA1RA_0RD1LD_0RB0LA	rk:4:0	true	1.0
1RB0LC_1LA1RB_0RA0LD_0RA1LC	rk:4:0	true	0.9
1RB0LC_1LA1RB_0RA1LD_0RB1LD	rk:4:0	false	1.1
1RB0LC_1LA1RB_0RA1LD_0RB1LD	rk:5:0	false	1.6
1RB0LC_1LA1RB_0RB1LC_------	rk:4:0	false	0.9
1RB0LC_1LA1RB_0RB1LC_------	rk:5:0	false	1.2
1RB0LC_1LA1RB_0RB1LD_0RB1LC	rk:4:0	false	1.2
1RB0LC_1LA1RB_0RB1LD_0RB1LC	rk:5:0	false	1.8
1RB0LC_1LA1RB_0RB1LD_0RB1LD	rk:4:0	false	1.0
1RB0LC_1LA1RB_0RB1LD_0RB1LD	rk:5:0	false	1.6
1RB0LC_1LA1RB_0RB1LD_0RD1LC	rk:4:0	false	1.1
1RB0LC_1LA1RB_0RB1LD_0RD1LC	rk:5:0	false	1.5
1RB0LC_1LA1RB_0RD1LC_1LA1RB	rk:4:0	false	1.0
1RB0LC_1LA1RB_0RD1LC_1LA1RB	rk:5:0	false	1.5
1RB0LC_1LA1RB_0RD1LC_1LB1RB	rk:4:0	false	1.0
1RB0LC_1LA1RB_0RD1LC_1LB1RB	rk:5:0	false	1.5
1RB0LC_1LA1RB_1LD1LC_0RD0RB	rk:4:0	false	1.0
1RB0LC_1LA1RB_1LD1LC_0RD0RB	rk:5:0	false	1.4
1RB0LC_1LA1RB_1RA1LD_0RB1LD	rk:4:0	false	1.0
1RB0LC_1LA1RB_1RA1LD_0RB1LD	rk:5:0	false	1.6
1RB0LC_1LA1RB_1RD1LC_0LD0RB	rk:4:0	false	2.7
1RB0LC_1LA1RB_1RD1LC_0LD0RB	rk:5:0	false	7.4
1RB0LC_1LA1RB_1RD1LC_0RD0RB	rk:4:0	false	7.4
1RB0LC_1LA1RB_1RD1LC_0RD0RB	rk:5:0	false	22.7
1RB0LC_1LA1RB_1RD1LC_1LC0RB	rk:4:0	false	3.8
1RB0LC_1LA1RB_1RD1LC_1LC0RB	rk:5:0	false	12.0
1RB0LC_1LA1RB_1RD1LC_1RC0RB	rk:4:0	false	3.8
1RB0LC_1LA1RB_1RD1LC_1RC0RB	rk:5:0	false	12.5
1RB0LC_1LA1RC_0LD0LA_0RD1RA	rk:4:0	false	1.2
1RB0LC_1LA1RC_0LD0LA_0RD1RA	rk:5:0	false	2.1
1RB0LC_1LA1RD_0RA0LA_1RB---	rk:4:0	false	0.7
1RB0LC_1LA1RD_0RA0LA_1RB---	rk:5:0	false	0.8
1RB0LC_1LA1RD_0RA0LC_1RA---	rk:4:0	false	0.6
1RB0LC_1LA1RD_0RA0LC_1RA---	rk:5:0	false	0.8
1RB0LC_1LA1RD_0RA0LC_1RB---	rk:4:0	false	0.7
1RB0LC_1LA1RD_0RA0LC_1RB---	rk:5:0	false	0.9
1RB0LC_1LA1RD_0RA1LC_1LA1RD	rk:4:0	false	0.9
1RB0LC_1LA1RD_0RA1LC_1LA1RD	rk:5:0	false	1.9
1RB0LC_1LA1RD_0RA1LC_1RA0LA	rk:4:0	true	0.9
1RB0LC_1LA1RD_0RA1LC_1RB0LA	rk:4:0	true	1.0
1RB0LC_1LA1RD_0RB1LA_1RA1RC	rk:4:0	false	2.5
1RB0LC_1LA1RD_0RB1LA_1RA1RC	rk:5:0	false	5.7
1RB0LC_1LA1RD_0RB1LC_0LD1RB	rk:4:0	false	1.2
1RB0LC_1LA1RD_0RB1LC_0LD1RB	rk:5:0	false	2.5
1RB0LC_1LA1RD_0RB1LC_1LA1RB	rk:4:0	false	1.2
1RB0LC_1LA1RD_0RB1LC_1LA1RB	rk:5:0	false	2.8
1RB0LC_1LA1RD_0RB1LC_1LA1RD	rk:4:0	false	1.1
1RB0LC_1LA1RD_0RB1LC_1LA1RD	rk:5:0	false	2.4
1RB0LC_1LA1RD_0RD0LC_1RA---	rk:4:0	false	0.8
1RB0LC_1LA1RD_0RD0LC_1RA---	rk:5:0	false	1.2
1RB0LC_1LA1RD_0RD1LC_1LA1RB	rk:4:0	false	1.2
1RB0LC_1LA1RD_0RD1LC_1LA1RB	rk:5:0	false	2.9
1RB0LC_1LA1RD_1LA0LA_0RD0LA	rk:4:0	false	1.2
1RB0LC_1LA1RD_1LA0LA_0RD0LA	rk:5:0	false	3.4
1RB0LC_1LA1RD_1LA0LC_0RD0LA	rk:4:0	false	1.1
1RB0LC_1LA1RD_1LA0LC_0RD0LA	rk:5:0	false	3.2
1RB0LC_1LA1RD_1LA1LB_0RD0LA	rk:4:0	false	2.2
1RB0LC_1LA1RD_1LA1LB_0RD0LA	rk:5:0	false	8.8
1RB0LC_1LA1RD_1LA1LC_0RD1RB	rk:4:0	false	2.4
1RB0LC_1LA1RD_1LA1LC_0RD1RB	rk:5:0	false	9.5
1RB0LC_1LA1RD_1LB0LA_1LB1RA	rk:4:0	false	1.4
1RB0LC_1LA1RD_1LB0LA_1LB1RA	rk:5:0	true	1.2
1RB0LC_1LB0LC_1RD1LC_0RD0LA	rk:4:0	false	5.7
1RB0LC_1LB0LC_1RD1LC_0RD0LA	rk:5:0	false	61.6
1RB0LC_1LB1LA_1RD0LA_0RD0RB	rk:4:0	false	3.3
1RB0LC_1LB1LA_1RD0LA_0RD0RB	rk:5:0	false	9.8
1RB0LC_1LB1LC_1RD0LC_0RD0LA	rk:4:0	false	0.9
1RB0LC_1LB1LC_1RD0LC_0RD0LA	rk:5:0	false	1.5
1RB0LC_1LB1LC_1RD1LC_0RD0LA	rk:4:0	false	2.2
1RB0LC_1LB1LC_1RD1LC_0RD0LA	rk:5:0	false	12.0
1RB0LC_1LB1RC_0LA1LD_1LA0RD	rk:4:0	false	1.6
1RB0LC_1LB1RC_0LA1LD_1LA0RD	rk:5:0	false	4.4
1RB0LC_1LB1RC_1RD1LA_0RB0RD	rk:4:0	false	2.5
1RB0LC_1LB1RC_1RD1LA_0RB0RD	rk:5:0	false	5.9
1RB0LC_1LB1RC_1RD1LC_0RD0LA	rk:4:0	false	2.2
1RB0LC_1LB1RC_1RD1LC_0RD0LA	rk:5:0	false	12.1
1RB0LC_1LC---_1RD1LC_0RD0LA	rk:4:0	false	1.8
1RB0LC_1LC---_1RD1LC_0RD0LA	rk:5:0	false	9.3
1RB0LC_1LC0LA_1RD1LA_0RD0LA	rk:4:0	false	6.5
1RB0LC_1LC0LA_1RD1LA_0RD0LA	rk:5:0	false	67.7
1RB0LC_1LC0LB_1RD1LA_0RD0LA	rk:4:0	false	6.5
1RB0LC_1LC0LB_1RD1LA_0RD0LA	rk:5:0	false	54.9
1RB0LC_1LC0RA_0RD0LB_1LB1RD	rk:4:0	false	1.9
1RB0LC_1LC0RA_0RD0LB_1LB1RD	rk:5:0	false	2.2
1RB0LC_1LC0RA_0RD1LD_1LA0LA	rk:4:0	false	4.8
1RB0LC_1LC0RA_0RD1LD_1LA0LA	rk:5:0	false	14.8
1RB0LC_1LC0RA_0RD1LD_1LA1RA	rk:4:0	false	3.3
1RB0LC_1LC0RA_0RD1LD_1LA1RA	rk:5:0	false	10.2
1RB0LC_1LC0RA_1LD1LB_0RB0LC	rk:4:0	false	0.9
1RB0LC_1LC0RA_1LD1LB_0RB0LC	rk:5:0	false	1.2
1RB0LC_1LC0RA_1LD1LD_1LA0LD	rk:4:0	false	1.1
1RB0LC_1LC0RA_1LD1LD_1LA0LD	rk:5:0	false	1.6
1RB0LC_1LC0RA_1RA1LD_1LA1LA	rk:4:0	false	1.6
1RB0LC_1LC0RA_1RA1LD_1LA1LA	rk:5:0	false	3.2
1RB0LC_1LC0RA_1RA1LD_1RC1LA	rk:4:0	false	1.6
1RB0LC_1LC0RA_1RA1LD_1RC1LA	rk:5:0	false	3.2
1RB0LC_1LC0RB_0LC1LD_0RD1RA	rk:4:0	false	1.0
1RB0LC_1LC0RB_0LC1LD_0RD1RA	rk:5:0	false	2.1
1RB0LC_1LC0RB_0LD0RB_1RA1LA	rk:4:0	false	8.7
1RB0LC_1LC0RB_0LD0RB_1RA1LA	rk:5:0	false	27.0
1RB0LC_1LC0RB_1LD0LD_0RA1RA	rk:4:0	false	1.2
1RB0LC_1LC0RB_1LD0LD_0RA1RA	rk:5:0	false	2.8
1RB0LC_1LC0RB_1LD1LA_0RA0RC	rk:4:0	false	1.2
1RB0LC_1LC0RB_1LD1LA_0RA0RC	rk:5:0	false	2.8
1RB0LC_1LC0RB_1LD1LA_1RC0RC	rk:4:0	false	1.5
1RB0LC_1LC0RB_1LD1LA_1RC0RC	rk:5:0	false	5.1
1RB0LC_1LC0RB_1RD0RD_0LA1LA	rk:4:0	false	1.3
1RB0LC_1LC0RB_1RD0RD_0LA1LA	rk:5:0	false	3.5
1RB0LC_1LC0RB_1RD1LA_0LA1RB	rk:4:0	false	13.6
1RB0LC_1LC0RB_1RD1LA_0LA1RB	rk:5:0	false	87.3
1RB0LC_1LC0RC_1LA1RD_0RA0RB	rk:4:0	false	17.0
1RB0LC_1LC0RC_1LA1RD_0RA0RB	rk:5:0	false	123.9
1RB0LC_1LC0RC_1RD1LA_1RA0RA	rk:4:0	false	8.8
1RB0LC_1LC0RC_1RD1LA_1RA0RA	rk:5:0	false	47.0
1RB0LC_1LC0RD_0RA1LB_0LB1RD	rk:4:0	false	2.3
1RB0LC_1LC0RD_0RA1LB_0LB1RD	rk:5:0	false	11.2
1RB0LC_1LC0RD_0RA1LC_1LD1LA	rk:4:0	false	1.3
1RB0LC_1LC0RD_0RA1LC_1LD1LA	rk:5:0	false	2.0
1RB0LC_1LC0RD_1LA1LB_1LA1RC	rk:4:0	false	8.2
1RB0LC_1LC0RD_1LA1LB_1LA1RC	rk:5:0	false	46.9
1RB0LC_1LC0RD_1LA1LC_0RB1RA	rk:4:0	false	26.6
1RB0LC_1LC0RD_1LA1LC_0RB1RA	rk:5:0	false	281.4
1RB0LC_1LC0RD_1LD0LB_1RB1RA	rk:4:0	false	3.3
1RB0LC_1LC0RD_1LD0LB_1RB1RA	rk:5:0	false	13.8
1RB0LC_1LC0RD_1RA1LA_0RB0LA	rk:4:0	true	1.0
1RB0LC_1LC1LA_1RD0RB_0RD0LA	rk:4:0	false	1.3
1RB0LC_1LC1LA_1RD0RB_0RD0LA	rk:5:0	false	3.0
1RB0LC_1LC1LB_0RD0LB_1RD0RA	rk:4:0	false	1.1
1RB0LC_1LC1LB_0RD0LB_1RD0RA	rk:5:0	false	2.1
1RB0LC_1LC1LB_1RD0RB_0RD0LA	rk:4:0	false	1.0
1RB0LC_1LC1LB_1RD0RB_0RD0LA	rk:5:0	false	2.2
1RB0LC_1LC1LD_0RA1LC_1LA1RD	rk:4:0	false	1.0
1RB0LC_1LC1LD_0RA1LC_1LA1RD	rk:5:0	false	1.4
1RB0LC_1LC1RA_---0LD_0RA1LB	rk:4:0	false	0.7
1RB0LC_1LC1RA_---0LD_0RA1LB	rk:5:0	false	0.7
1RB0LC_1LC1RA_0RA1LD_0RA0LC	rk:4:0	false	1.9
1RB0LC_1LC1RA_0RA1LD_0RA0LC	rk:5:0	false	5.1
1RB0LC_1LC1RA_0RA1LD_0RD0LC	rk:4:0	false	1.9
1RB0LC_1LC1RA_0RA1LD_0RD0LC	rk:5:0	false	4.9
1RB0LC_1LC1RA_0RB1LD_0RB0LC	rk:4:0	false	1.7
1RB0LC_1LC1RA_0RB1LD_0RB0LC	rk:5:0	false	6.0
1RB0LC_1LC1RA_0RB1LD_0RB0LD	rk:4:0	true	1.0
1RB0LC_1LC1RA_0RB1LD_0RD0LC	rk:4:0	false	1.2
1RB0LC_1LC1RA_0RB1LD_0RD0LC	rk:5:0	false	2.4
1RB0LC_1LC1RA_0RC1LD_0RB0LD	rk:4:0	true	1.0
1RB0LC_1LC1RA_1LA0RD_1RA0LB	rk:4:0	true	1.0
1RB0LC_1LC1RA_1RA0LD_0RC1LD	rk:4:0	true	1.0
1RB0LC_1LC1RA_1RB0LD_0RC1LD	rk:4:0	true	0.9
1RB0LC_1LC1RB_0RB0LD_0RA1LD	rk:4:0	false	1.0
1RB0LC_1LC1RB_0RB0LD_0RA1LD	rk:5:0	false	1.3
1RB0LC_1LC1RB_0RB1LD_0RA1LA	rk:4:0	false	1.2
1RB0LC_1LC1RB_0RB1LD_0RA1LA	rk:5:0	false	2.1
1RB0LC_1LC1RB_0RC1LD_0RD1LA	rk:4:0	false	0.9
1RB0LC_1LC1RB_0RC1LD_0RD1LA	rk:5:0	false	1.0
1RB0LC_1LC1RB_0RD1LD_0RB1LA	rk:4:0	false	1.0
1RB0LC_1LC1RB_0RD1LD_0RB1LA	rk:5:0	false	1.6
1RB0LC_1LC1RB_0RD1LD_0RD1LA	rk:4:0	false	0.8
1RB0LC_1LC1RB_0RD1LD_0RD1LA	rk:5:0	false	1.0
1RB0LC_1LC1RB_1RD1LA_1RD0RB	rk:4:0	false	1.5
1RB0LC_1LC1RB_1RD1LA_1RD0RB	rk:5:0	true	1.7
1RB0LC_1LC1RC_0RA1LD_1RC0LD	rk:4:0	false	3.4
1RB0LC_1LC1RC_0RA1LD_1RC0LD	rk:5:0	false	19.3
1RB0LC_1LC1RC_1RD1LD_0RB1RA	rk:4:0	true	1.5
1RB0LC_1LC1RD_0LA1LA_0RC0RB	rk:4:0	false	3.6
1RB0LC_1LC1RD_0LA1LA_0RC0RB	rk:5:0	false	17.6
1RB0LC_1LC1RD_0LA1LA_1RB0RB	rk:4:0	false	3.0
1RB0LC_1LC1RD_0LA1LA_1RB0RB	rk:5:0	false	13.6
1RB0LC_1LC1RD_0LA1LD_1RB0RB	rk:4:0	true	6.3
1RB0LC_1LC1RD_0LD1LA_1RB0RB	rk:4:0	false	2.6
1RB0LC_1LC1RD_0LD1LA_1RB0RB	rk:5:0	false	6.5
1RB0LC_1LC1RD_0RA1LC_1LA1RD	rk:4:0	false	0.9
1RB0LC_1LC1RD_0RA1LC_1LA1RD	rk:5:0	false	1.3
1RB0LC_1LC1RD_1LA0LB_0RB0RC	rk:4:0	false	11.2
1RB0LC_1LC1RD_1LA0LB_0RB0RC	rk:5:0	false	65.5
1RB0LC_1LC1RD_1LA0RB_1LB1RC	rk:4:0	false	1.6
1RB0LC_1LC1RD_1LA0RB_1LB1RC	rk:5:0	false	3.2
1RB0LC_1LC1RD_1LA0RB_1RC1RC	rk:4:0	false	1.6
1RB0LC_1LC1RD_1LA0RB_1RC1RC	rk:5:0	false	3.2
1RB0LC_1LC1RD_1LA0RC_0RB0LA	rk:4:0	true	0.9
1RB0LC_1RC0LA_1RD0RB_1LB1LD	rk:4:0	false	3.2
1RB0LC_1RC0LA_1RD0RB_1LB1LD	rk:5:0	false	5.3
1RB0LC_1RC0LD_1LD1RB_1LB0RA	rk:4:0	true	1.0
1RB0LC_1RC0RA_0LD0RA_1LA0LD	rk:4:0	true	1.1
1RB0LC_1RC0RA_0LD0RA_1LA1LB	rk:4:0	true	1.3
1RB0LC_1RC0RA_1LA0LD_0LB0LA	rk:4:0	false	8.3
1RB0LC_1RC0RA_1LA0LD_0LB0LA	rk:5:0	false	6.1
1RB0LC_1RC0RA_1LA0LD_0LB0LB	rk:4:0	false	6.2
1RB0LC_1RC0RA_1LA0LD_0LB0LB	rk:5:0	false	61.2
1RB0LC_1RC0RA_1LA0LD_0LB0RB	rk:4:0	false	13.9
1RB0LC_1RC0RA_1LA0LD_0LB0RB	rk:5:0	false	137.3
1RB0LC_1RC0RA_1LA0LD_0LB1LD	rk:4:0	false	10.4
1RB0LC_1RC0RA_1LA0LD_0LB1LD	rk:5:0	false	94.4
1RB0LC_1RC0RA_1LA0LD_1LA0RC	rk:4:0	false	0.9
1RB0LC_1RC0RA_1LA0LD_1LA0RC	rk:5:0	false	0.9
1RB0LC_1RC0RA_1LA0LD_1LA0RD	rk:4:0	false	0.9
1RB0LC_1RC0RA_1LA0LD_1LA0RD	rk:5:0	false	0.9
1RB0LC_1RC0RA_1LA0LD_1LC0LA	rk:4:0	false	1.7
1RB0LC_1RC0RA_1LA0LD_1LC0LA	rk:5:0	false	5.5
1RB0LC_1RC0RA_1LA0LD_1LC0LB	rk:4:0	false	13.6
1RB0LC_1RC0RA_1LA0LD_1LC0LB	rk:5:0	false	49.7
1RB0LC_1RC0RA_1LA1LD_0LA1LB	rk:4:0	false	5.8
1RB0LC_1RC0RA_1LA1LD_0LA1LB	rk:5:0	false	1.4
1RB0LC_1RC0RA_1LA1LD_0RA1LB	rk:4:0	false	3.0
1RB0LC_1RC0RA_1LA1LD_0RA1LB	rk:5:0	false	1.4
1RB0LC_1RC0RA_1LA1LD_0RA1RB	rk:4:0	false	0.9
1RB0LC_1RC0RA_1LA1LD_0RA1RB	rk:5:0	false	0.9
1RB0LC_1RC0RA_1LA1LD_1LA0LB	rk:4:0	false	8.3
1RB0LC_1RC0RA_1LA1LD_1LA0LB	rk:5:0	false	11.7
1RB0LC_1RC0RA_1LA1LD_1LA0RB	rk:4:0	false	3.2
1RB0LC_1RC0RA_1LA1LD_1LA0RB	rk:5:0	false	13.8
1RB0LC_1RC0RA_1LA1LD_1LA1LB	rk:4:0	false	3.3
1RB0LC_1RC0RA_1LA1LD_1LA1LB	rk:5:0	false	3.2
1RB0LC_1RC0RA_1LA1LD_1LA1RB	rk:4:0	false	1.3
1RB0LC_1RC0RA_1LA1LD_1LA1RB	rk:5:0	false	2.5
1RB0LC_1RC0RA_1LD0RB_1LA0LD	rk:4:0	false	20.0
1RB0LC_1RC0RA_1LD0RB_1LA0LD	rk:5:0	false	165.0
1RB0LC_1RC0RA_1LD1LC_0RB1RA	rk:4:0	true	1.2
1RB0LC_1RC0RB_0LD1RB_0LA1LD	rk:4:0	false	2.8
1RB0LC_1RC0RB_0LD1RB_0LA1LD	rk:5:0	false	12.6
1RB0LC_1RC0RB_1LD0RA_0LA1LC	rk:4:0	false	12.9
1RB0LC_1RC0RB_1LD0RA_0LA1LC	rk:5:0	false	73.5
1RB0LC_1RC0RB_1LD0RB_1LA0LC	rk:4:0	false	2.8
1RB0LC_1RC0RB_1LD0RB_1LA0LC	rk:5:0	false	0.8
1RB0LC_1RC0RB_1LD1LC_1LA0LC	rk:4:0	false	4.6
1RB0LC_1RC0RB_1LD1LC_1LA0LC	rk:5:0	false	20.5
1RB0LC_1RC0RB_1LD1RA_0RA1LC	rk:4:0	false	3.9
1RB0LC_1RC0RB_1LD1RA_0RA1LC	rk:5:0	false	13.7
1RB0LC_1RC0RC_0LD1RA_0LA1LD	rk:4:0	true	0.9
1RB0LC_1RC0RC_1LD0RA_1LA0LB	rk:4:0	false	9.2
1RB0LC_1RC0RC_1LD0RA_1LA0LB	rk:5:0	false	49.4
1RB0LC_1RC0RC_1LD0RB_0LA0LB	rk:4:0	false	7.5
1RB0LC_1RC0RC_1LD0RB_0LA0LB	rk:5:0	false	23.3
1RB0LC_1RC0RD_1LA0LC_1RD0RA	rk:4:0	false	16.5
1RB0LC_1RC0RD_1LA0LC_1RD0RA	rk:5:0	false	122.6
1RB0LC_1RC0RD_1RD0LB_1LD1LA	rk:4:0	false	1.2
1RB0LC_1RC0RD_1RD0LB_1LD1LA	rk:5:0	false	1.3
1RB0LC_1RC1LB_0LA1RD_0LB0RC	rk:4:0	false	1.6
1RB0LC_1RC1LB_0LA1RD_0LB0RC	rk:5:0	false	3.1
1RB0LC_1RC1LB_1LA0RD_1RC0RD	rk:4:0	false	1.6
1RB0LC_1RC1LB_1LA0RD_1RC0RD	rk:5:0	false	5.7
1RB0LC_1RC1LB_1LA1RD_0RA0RC	rk:4:0	false	3.5
1RB0LC_1RC1LB_1LA1RD_0RA0RC	rk:5:0	false	14.9
1RB0LC_1RC1RA_1LA0LD_0RB1RD	rk:4:0	false	2.6
1RB0LC_1RC1RA_1LA0LD_0RB1RD	rk:5:0	false	6.8
1RB0LC_1RC1RA_1LC1LD_0RA0LD	rk:4:0	true	1.0
1RB0LC_1RC1RB_1LA0LD_0LB0RA	rk:4:0	true	4.5
1RB0LC_1RC1RB_1LA0LD_1RD0RB	rk:4:0	false	5.6
1RB0LC_1RC1RB_1LA0LD_1RD0RB	rk:5:0	false	21.3
1RB0LC_1RC1RB_1LA0RD_1LC0RB	rk:4:0	false	1.4
1RB0LC_1RC1RB_1LA0RD_1LC0RB	rk:5:0	false	2.4
1RB0LC_1RC1RD_1LA1LC_0RA0RD	rk:4:0	false	16.3
1RB0LC_1RC1RD_1LA1LC_0RA0RD	rk:5:0	false	121.9
1RB0LC_1RC1RD_1LA1LC_0RB0RD	rk:4:0	false	5.6
1RB0LC_1RC1RD_1LA1LC_0RB0RD	rk:5:0	false	37.0
1RB0LC_1RC1RD_1LA1RC_0RB0RD	rk:4:0	false	2.6
1RB0LC_1RC1RD_1LA1RC_0RB0RD	rk:5:0	false	9.5
1RB0LD_0LB1RC_1LA1RB_0RC1LD	rk:4:0	false	1.2
1RB0LD_0LB1RC_1LA1RB_0RC1LD	rk:5:0	false	1.7
1RB0LD_0LB1RC_1LA1RC_0RA1LD	rk:4:0	false	1.0
1RB0LD_0LB1RC_1LA1RC_0RA1LD	rk:5:0	false	1.3
1RB0LD_0LC0LA_1RD0RC_1LB1RC	rk:4:0	true	1.6
1RB0LD_0LC0RA_0LD1LC_1LA0LA	rk:4:0	false	1.0
1RB0LD_0LC0RA_0LD1LC_1LA0LA	rk:5:0	false	1.0
1RB0LD_0LC0RA_1LD1LC_1LA0LB	rk:4:0	false	0.9
1RB0LD_0LC0RA_1LD1LC_1LA0LB	rk:5:0	true	0.8
1RB0LD_0LC0RA_1RA1LC_1LA0RB	rk:4:0	false	1.6
1RB0LD_0LC0RA_1RA1LC_1LA0RB	rk:5:0	false	2.2
1RB0LD_0LC0RA_1RA1LC_1LA1RA	rk:4:0	false	2.3
1RB0LD_0LC0RA_1RA1LC_1LA1RA	rk:5:0	false	3.3
1RB0LD_0LC0RB_1LA1RC_0RC1LD	rk:4:0	false	6.6
1RB0LD_0LC0RB_1LA1RC_0RC1LD	rk:5:0	false	37.5
1RB0LD_0LC0RB_1RA1LC_0LB1LA	rk:4:0	false	13.2
1RB0LD_0LC0RB_1RA1LC_0LB1LA	rk:5:0	false	32.2
1RB0LD_0LC0RB_1RA1LD_1RB1LC	rk:4:0	false	14.4
1RB0LD_0LC0RB_1RA1LD_1RB1LC	rk:5:0	false	105.9
1RB0LD_0LC0RC_1LC1LA_0RA1LD	rk:4:0	false	1.3
1RB0LD_0LC0RC_1LC1LA_0RA1LD	rk:5:0	false	2.0
1RB0LD_0LC0RC_1LC1LA_1RB1LD	rk:4:0	false	1.1
1RB0LD_0LC0RC_1LC1LA_1RB1LD	rk:5:0	false	2.0
1RB0LD_0LC0RC_1RA1LD_1LC1LA	rk:4:0	false	5.1
1RB0LD_0LC0RC_1RA1LD_1LC1LA	rk:5:0	false	16.0
1RB0LD_0LC0RD_0RA1LD_1LA1RC	rk:4:0	false	6.7
1RB0LD_0LC0RD_0RA1LD_1LA1RC	rk:5:0	false	26.1
1RB0LD_0LC1LB_1RC1RD_0LB0LA	rk:4:0	false	1.0
1RB0LD_0LC1LB_1RC1RD_0LB0LA	rk:5:0	false	1.3
1RB0LD_0LC1LC_1LA1RC_0RA1LD	rk:4:0	false	1.0
1RB0LD_0LC1LC_1LA1RC_0RA1LD	rk:5:0	false	1.4
1RB0LD_0LC1RA_---1LA_0RA1LD	rk:4:0	false	1.8
1RB0LD_0LC1RA_---1LA_0RA1LD	rk:5:0	false	7.7
1RB0LD_0LC1RA_0LD1LC_0RA1LA	rk:4:0	false	1.3
1RB0LD_0LC1RA_0LD1LC_0RA1LA	rk:5:0	false	2.0
1RB0LD_0LC1RA_0LD1LC_0RD1LA	rk:4:0	false	1.4
1RB0LD_0LC1RA_0LD1LC_0RD1LA	rk:5:0	false	2.0
1RB0LD_0LC1RA_0RB1LC_0RC1LA	rk:4:0	false	1.5
1RB0LD_0LC1RA_0RB1LC_0RC1LA	rk:5:0	false	2.4
1RB0LD_0LC1RA_0RB1LC_0RD1LA	rk:4:0	false	1.5
1RB0LD_0LC1RA_0RB1LC_0RD1LA	rk:5:0	false	2.1
1RB0LD_0LC1RA_0RD1LC_0RA1LA	rk:4:0	false	1.3
1RB0LD_0LC1RA_0RD1LC_0RA1LA	rk:5:0	false	2.1
1RB0LD_0LC1RA_0RD1LC_0RB1LA	rk:4:0	false	1.2
1RB0LD_0LC1RA_0RD1LC_0RB1LA	rk:5:0	false	2.0
1RB0LD_0LC1RA_0RD1LC_0RC1LA	rk:4:0	false	1.3
1RB0LD_0LC1RA_0RD1LC_0RC1LA	rk:5:0	false	1.9
1RB0LD_0LC1RA_0RD1LC_0RD1LA	rk:4:0	false	1.4
1RB0LD_0LC1RA_0RD1LC_0RD1LA	rk:5:0	false	2.2
1RB0LD_0LC1RA_1LA0RB_0RA1LD	rk:4:0	false	2.4
1RB0LD_0LC1RA_1LA0RB_0RA1LD	rk:5:0	false	11.4
1RB0LD_0LC1RA_1LA1LC_0RA0RB	rk:4:0	false	1.2
1RB0LD_0LC1RA_1LA1LC_0RA0RB	rk:5:0	false	1.9
1RB0LD_0LC1RA_1LA1LC_0RA1LA	rk:4:0	false	1.3
1RB0LD_0LC1RA_1LA1LC_0RA1LA	rk:5:0	false	2.0
1RB0LD_0LC1RA_1LA1LC_0RD0RB	rk:4:0	false	1.3
1RB0LD_0LC1RA_1LA1LC_0RD0RB	rk:5:0	false	2.0
1RB0LD_0LC1RA_1LA1LC_0RD1LA	rk:4:0	false	1.4
1RB0LD_0LC1RA_1LA1LC_0RD1LA	rk:5:0	false	2.0
1RB0LD_0LC1RA_1LD1LC_0RA1LA	rk:4:0	false	1.3
1RB0LD_0LC1RA_1LD1LC_0RA1LA	rk:5:0	false	2.0
1RB0LD_0LC1RA_1LD1LC_0RD1LA	rk:4:0	false	1.4
1RB0LD_0LC1RA_1LD1LC_0RD1LA	rk:5:0	false	2.1
1RB0LD_0LC1RA_1RA1LC_0RA1LA	rk:4:0	false	1.4
1RB0LD_0LC1RA_1RA1LC_0RA1LA	rk:5:0	false	2.0
1RB0LD_0LC1RA_1RA1LC_0RD1LA	rk:4:0	false	1.4
1RB0LD_0LC1RA_1RA1LC_0RD1LA	rk:5:0	false	2.1
1RB0LD_0LC1RA_1RB1LC_0RA1LA	rk:4:0	false	1.3
1RB0LD_0LC1RA_1RB1LC_0RA1LA	rk:5:0	false	2.1
1RB0LD_0LC1RA_1RB1LC_0RC1LA	rk:4:0	false	1.3
1RB0LD_0LC1RA_1RB1LC_0RC1LA	rk:5:0	false	1.9
1RB0LD_0LC1RA_1RB1LC_0RD1LA	rk:4:0	false	1.4
1RB0LD_0LC1RA_1RB1LC_0RD1LA	rk:5:0	false	2.0
1RB0LD_0LC1RA_1RD1LC_0RA1LA	rk:4:0	false	1.3
1RB0LD_0LC1RA_1RD1LC_0RA1LA	rk:5:0	false	2.1
1RB0LD_0LC1RA_1RD1LC_0RD1LA	rk:4:0	false	1.4
1RB0LD_0LC1RA_1RD1LC_0RD1LA	rk:5:0	false	2.0
1RB0LD_0LC1RB_0LD1LC_1RD0RA	rk:4:0	false	1.5
1RB0LD_0LC1RB_0LD1LC_1RD0RA	rk:5:0	false	4.3
1RB0LD_0LC1RB_0RC1LA_1RC0LD	rk:4:0	false	1.0
1RB0LD_0LC1RB_0RC1LA_1RC0LD	rk:5:0	false	1.8
1RB0LD_0LC1RB_1LA0RB_1RD1RC	rk:4:0	false	1.3
1RB0LD_0LC1RB_1LA0RB_1RD1RC	rk:5:0	false	2.0
1RB0LD_0LC1RB_1RA1LC_0RB1RD	rk:4:0	false	1.0
1RB0LD_0LC1RB_1RA1LC_0RB1RD	rk:5:0	false	1.4
1RB0LD_0LC1RC_1LA1RC_0RA1LD	rk:4:0	false	1.0
1RB0LD_0LC1RC_1LA1RC_0RA1LD	rk:5:0	false	1.3
1RB0LD_0LC1RC_1RD0RD_1LA0RB	rk:4:0	false	4.7
1RB0LD_0LC1RC_1RD0RD_1LA0RB	rk:5:0	false	14.7
1RB0LD_0LC1RC_1RD1LD_1LA0RB	rk:4:0	false	7.1
1RB0LD_0LC1RC_1RD1LD_1LA0RB	rk:5:0	false	10.5
1RB0LD_0LC1RD_1LA0LD_1LB0RD	rk:4:0	false	4.2
1RB0LD_0LC1RD_1LA0LD_1LB0RD	rk:5:0	false	18.4
1RB0LD_0LC1RD_1LA1LB_1LB0RD	rk:4:0	false	3.5
1RB0LD_0LC1RD_1LA1LB_1LB0RD	rk:5:0	false	12.5
1RB0LD_0RC0LC_1LD0RB_1LD1RA	rk:4:0	false	0.9
1RB0LD_0RC0LC_1LD0RB_1LD1RA	rk:5:0	false	1.2
1RB0LD_0RC0LC_1RD1RA_1LA0RC	rk:4:0	false	1.1
1RB0LD_0RC0LC_1RD1RA_1LA0RC	rk:5:0	false	1.7
1RB0LD_0RC0RA_1LC0LA_1LA1RC	rk:4:0	false	2.6
1RB0LD_0RC0RA_1LC0LA_1LA1RC	rk:5:0	false	10.0
1RB0LD_0RC0RA_1LC1LA_1LA0LD	rk:4:0	false	3.0
1RB0LD_0RC0RA_1LC1LA_1LA0LD	rk:5:0	false	15.0
1RB0LD_0RC0RB_1LC0LA_0RB1LA	rk:4:0	false	2.6
1RB0LD_0RC0RB_1LC0LA_0RB1LA	rk:5:0	true	1.7
1RB0LD_0RC0RB_1LC1RA_0LA1LA	rk:4:0	false	20.1
1RB0LD_0RC0RB_1LC1RA_0LA1LA	rk:5:0	false	129.0
1RB0LD_0RC0RB_1LD1RA_1LC1LA	rk:4:0	false	15.5
1RB0LD_0RC0RB_1LD1RA_1LC1LA	rk:5:0	false	93.8
1RB0LD_0RC0RB_1RD0LA_1LA0RA	rk:4:0	false	0.9
1RB0LD_0RC0RB_1RD0LA_1LA0RA	rk:5:0	true	1.0
1RB0LD_0RC0RC_1LC1LA_0RA1LD	rk:4:0	false	1.3
1RB0LD_0RC0RC_1LC1LA_0RA1LD	rk:5:0	false	2.0
1RB0LD_0RC0RD_0LD1RA_1LA0LC	rk:4:0	false	1.2
1RB0LD_0RC0RD_0LD1RA_1LA0LC	rk:5:0	false	2.3
1RB0LD_0RC1LA_1LA0RC_0LD1RB	rk:4:0	false	1.1
1RB0LD_0RC1LA_1LA0RC_0LD1RB	rk:5:0	false	2.2
1RB0LD_0RC1LA_1LB1RC_0RC1LD	rk:4:0	false	1.1
1RB0LD_0RC1LA_1LB1RC_0RC1LD	rk:5:0	false	1.5
1RB0LD_0RC1LB_1LA1RC_0LA1LB	rk:4:0	false	1.0
1RB0LD_0RC1LB_1LA1RC_0LA1LB	rk:5:0	false	1.6
1RB0LD_0RC1LB_1LA1RC_0RA1LB	rk:4:0	false	1.0
1RB0LD_0RC1LB_1LA1RC_0RA1LB	rk:5:0	false	1.5
1RB0LD_0RC1LB_1LA1RC_0RC1LB	rk:4:0	false	1.1
1RB0LD_0RC1LB_1LA1RC_0RC1LB	rk:5:0	false	1.5
1RB0LD_0RC1LB_1LA1RC_1RA1LB	rk:4:0	false	1.1
1RB0LD_0RC1LB_1LA1RC_1RA1LB	rk:5:0	false	1.6
1RB0LD_0RC1LD_1LA1RA_0RA0LB	rk:4:0	true	0.7
1RB0LD_0RC1LD_1LA1RC_0RC1LB	rk:4:0	false	1.2
1RB0LD_0RC1LD_1LA1RC_0RC1LB	rk:5:0	false	1.8
1RB0LD_0RC1LD_1LC0RB_0LA0LD	rk:4:0	false	13.2
1RB0LD_0RC1LD_1LC0RB_0LA0LD	rk:5:0	false	27.1
1RB0LD_0RC1LD_1LC0RB_0LA1RD	rk:4:0	false	10.9
1RB0LD_0RC1LD_1LC0RB_0LA1RD	rk:5:0	false	27.7
1RB0LD_0RC1RA_1LC0LA_0RA1LD	rk:4:0	false	3.8
1RB0LD_0RC1RA_1LC0LA_0RA1LD	rk:5:0	false	14.7
1RB0LD_0RC1RA_1LC0RA_1LA0LD	rk:4:0	false	4.0
1RB0LD_0RC1RA_1LC0RA_1LA0LD	rk:5:0	false	19.7
1RB0LD_0RC1RA_1RD0RB_1LA1LB	rk:4:0	true	4.7
1RB0LD_0RC1RA_1RD0RD_1LA0LB	rk:4:0	false	1.9
1RB0LD_0RC1RA_1RD0RD_1LA0LB	rk:5:0	false	1.1
1RB0LD_0RC1RA_1RD0RD_1LA1LB	rk:4:0	false	8.2
1RB0LD_0RC1RA_1RD0RD_1LA1LB	rk:5:0	true	19.6
1RB0LD_0RC1RA_1RD1RA_1LA1LB	rk:4:0	false	4.5
1RB0LD_0RC1RA_1RD1RA_1LA1LB	rk:5:0	true	8.8
1RB0LD_0RC1RA_1RD1RB_1LA0LB	rk:4:0	false	1.6
1RB0LD_0RC1RA_1RD1RB_1LA0LB	rk:5:0	false	2.2
1RB0LD_0RC1RB_1LC0LA_0RB1LD	rk:4:0	false	1.1
1RB0LD_0RC1RB_1LC0LA_0RB1LD	rk:5:0	false	1.4
1RB0LD_0RC1RB_1LC1LA_0RA0LC	rk:4:0	false	0.8
1RB0LD_0RC1RB_1LC1LA_0RA0LC	rk:5:0	false	0.9
1RB0LD_0RC1RB_1LC1LA_0RB0LC	rk:4:0	false	0.8
1RB0LD_0RC1RB_1LC1LA_0RB0LC	rk:5:0	false	0.8
1RB0LD_0RC1RB_1RD0RD_1LA0RC	rk:4:0	false	1.1
1RB0LD_0RC1RB_1RD0RD_1LA0RC	rk:5:0	false	1.8
1RB0LD_0RC1RB_1RD1RA_1LA0RC	rk:4:0	false	1.1
1RB0LD_0RC1RB_1RD1RA_1LA0RC	rk:5:0	false	1.7
1RB0LD_0RC1RC_1LA1RA_0RA0LA	rk:4:0	true	1.6
1RB0LD_0RC1RC_1LA1RA_0RA0LD	rk:4:0	true	1.6
1RB0LD_0RC1RC_1LA1RB_1LA1LD	rk:4:0	false	1.1
1RB0LD_0RC1RC_1LA1RB_1LA1LD	rk:5:0	false	2.4
1RB0LD_1LB0RC_0RD1RC_1LD0LA	rk:4:0	false	2.1
1RB0LD_1LB0RC_0RD1RC_1LD0LA	rk:5:0	false	7.6
1RB0LD_1LB0RC_1LA1RD_1RC0LA	rk:4:0	false	0.9
1RB0LD_1LB0RC_1LA1RD_1RC0LA	rk:5:0	false	1.4
1RB0LD_1LB0RC_1LC1LA_0RA1LD	rk:4:0	false	1.3
1RB0LD_1LB0RC_1LC1LA_0RA1LD	rk:5:0	false	2.0
1RB0LD_1LB1LC_1LA1RC_0RA1LD	rk:4:0	false	1.0
1RB0LD_1LB1LC_1LA1RC_0RA1LD	rk:5:0	false	1.4
1RB0LD_1LB1LC_1RD0LA_1RA0RB	rk:4:0	false	1.0
1RB0LD_1LB1LC_1RD0LA_1RA0RB	rk:5:0	false	1.4
1RB0LD_1LB1RC_0RB0LA_1LA0RD	rk:4:0	true	1.0
1RB0LD_1LB1RC_1LA1RC_0RA1LD	rk:4:0	false	0.9
1RB0LD_1LB1RC_1LA1RC_0RA1LD	rk:5:0	false	1.3
1RB0LD_1LC0RA_0LD0LC_1LA1LB	rk:4:0	false	1.1
1RB0LD_1LC0RA_0LD0LC_1LA1LB	rk:5:0	false	2.6
1RB0LD_1LC0RA_0LD0RD_1LA1LB	rk:4:0	false	1.1
1RB0LD_1LC0RA_0LD0RD_1LA1LB	rk:5:0	false	1.7
1RB0LD_1LC0RA_0LD1LC_1LA0LB	rk:4:0	false	1.2
1RB0LD_1LC0RA_0LD1LC_1LA0LB	rk:5:0	true	0.8
1RB0LD_1LC0RA_0LD1LC_1LA1LB	rk:4:0	false	1.1
1RB0LD_1LC0RA_0LD1LC_1LA1LB	rk:5:0	false	1.7
1RB0LD_1LC0RA_1LA1LC_1RA0LC	rk:4:0	false	1.3
1RB0LD_1LC0RA_1LA1LC_1RA0LC	rk:5:0	false	2.6
1RB0LD_1LC0RA_1LA1RC_1LA0LD	rk:4:0	false	1.6
1RB0LD_1LC0RA_1LA1RC_1LA0LD	rk:5:0	false	5.5
1RB0LD_1LC0RA_1LA1RC_1LA1LB	rk:4:0	false	2.7
1RB0LD_1LC0RA_1LA1RC_1LA1LB	rk:5:0	false	7.7
1RB0LD_1LC0RA_1LD1RC_1LA0LD	rk:4:0	false	1.6
1RB0LD_1LC0RA_1LD1RC_1LA0LD	rk:5:0	false	5.8
1RB0LD_1LC0RA_1RA1LB_1LB0RC	rk:4:0	true	1.0
1RB0LD_1LC0RB_0LC1LD_0RA---	rk:4:0	false	1.1
1RB0LD_1LC0RB_0LC1LD_0RA---	rk:5:0	false	2.0
1RB0LD_1LC0RB_0LC1LD_1RA0RA	rk:4:0	false	1.2
1RB0LD_1LC0RB_0LC1LD_1RA0RA	rk:5:0	false	2.3
1RB0LD_1LC0RB_0RA0LC_1LD1RA	rk:4:0	false	4.4
1RB0LD_1LC0RB_0RA0LC_1LD1RA	rk:5:0	false	20.2
1RB0LD_1LC0RB_1RC1LA_0LD0RA	rk:4:0	false	1.1
1RB0LD_1LC0RB_1RC1LA_0LD0RA	rk:5:0	false	2.3
1RB0LD_1LC0RB_1RC1LA_1LD1RB	rk:4:0	false	6.4
1RB0LD_1LC0RB_1RC1LA_1LD1RB	rk:5:0	false	31.0
1RB0LD_1LC0RC_0RA0LB_1LA0LA	rk:4:0	false	12.6
1RB0LD_1LC0RC_0RA0LB_1LA0LA	rk:5:0	true	5.9
1RB0LD_1LC0RC_0RA1LB_1LA0LD	rk:4:0	false	3.7
1RB0LD_1LC0RC_0RA1LB_1LA0LD	rk:5:0	false	7.1
1RB0LD_1LC0RC_0RB1RA_1LA1LD	rk:4:0	false	29.3
1RB0LD_1LC0RC_0RB1RA_1LA1LD	rk:5:0	timeout	300.1
1RB0LD_1LC0RC_1LA1RC_0LC1LB	rk:4:0	false	6.1
1RB0LD_1LC0RC_1LA1RC_0LC1LB	rk:5:0	false	13.1
1RB0LD_1LC0RC_1LC1LA_0RA1LD	rk:4:0	false	1.3
1RB0LD_1LC0RC_1LC1LA_0RA1LD	rk:5:0	false	2.1
1RB0LD_1LC0RC_1LD1RC_1RB1LA	rk:4:0	false	1.8
1RB0LD_1LC0RC_1LD1RC_1RB1LA	rk:5:0	false	3.7
1RB0LD_1LC0RC_1RA1LD_0RA0LB	rk:4:0	true	0.7
1RB0LD_1LC0RD_0LC1LD_0RB1RA	rk:4:0	false	1.8
1RB0LD_1LC0RD_0LC1LD_0RB1RA	rk:5:0	false	8.7
1RB0LD_1LC0RD_0RA0LD_1LA1RC	rk:4:0	false	10.1
1RB0LD_1LC0RD_0RA0LD_1LA1RC	rk:5:0	false	45.7
1RB0LD_1LC0RD_1LA0LB_1RB0RD	rk:4:0	false	3.7
1RB0LD_1LC0RD_1LA0LB_1RB0RD	rk:5:0	false	20.6
1RB0LD_1LC0RD_1LA0LB_1RB1RA	rk:4:0	false	3.8
1RB0LD_1LC0RD_1LA0LB_1RB1RA	rk:5:0	false	9.1
1RB0LD_1LC0RD_1LA0LC_1RB0RD	rk:4:0	false	8.4
1RB0LD_1LC0RD_1LA0LC_1RB0RD	rk:5:0	false	39.1
1RB0LD_1LC0RD_1LA1LB_0RA1LA	rk:4:0	true	1.3
1RB0LD_1LC0RD_1LA1RD_1LB1RC	rk:4:0	false	2.5
1RB0LD_1LC0RD_1LA1RD_1LB1RC	rk:5:0	false	6.7
1RB0LD_1LC0RD_1LD0LB_1RB0RA	rk:4:0	false	0.8
1RB0LD_1LC0RD_1LD0LB_1RB0RA	rk:5:0	false	0.8
1RB0LD_1LC1LC_1LA1RC_0RA1LD	rk:4:0	false	0.9
1RB0LD_1LC1LC_1LA1RC_0RA1LD	rk:5:0	false	1.3
1RB0LD_1LC1RA_---1LA_0RA1LD	rk:4:0	false	1.7
1RB0LD_1LC1RA_---1LA_0RA1LD	rk:5:0	false	7.7
1RB0LD_1LC1RA_---1LD_0RA0LC	rk:4:0	false	0.7
1RB0LD_1LC1RA_---1LD_0RA0LC	rk:5:0	false	0.8
1RB0LD_1LC1RA_0LC1LD_0RA0RB	rk:4:0	false	9.5
1RB0LD_1LC1RA_0LC1LD_0RA0RB	rk:5:0	false	89.1
1RB0LD_1LC1RA_0LD1LC_0RA1LA	rk:4:0	false	1.3
1RB0LD_1LC1RA_0LD1LC_0RA1LA	rk:5:0	false	2.0
1RB0LD_1LC1RA_0LD1LC_0RD1LA	rk:4:0	false	1.4
1RB0LD_1LC1RA_0LD1LC_0RD1LA	rk:5:0	false	2.1
1RB0LD_1LC1RA_0RA1LC_0RA1LA	rk:4:0	false	1.4
1RB0LD_1LC1RA_0RA1LC_0RA1LA	rk:5:0	false	2.0
1RB0LD_1LC1RA_0RA1LC_0RD1LA	rk:4:0	false	1.4
1RB0LD_1LC1RA_0RA1LC_0RD1LA	rk:5:0	false	2.1
1RB0LD_1LC1RA_0RA1LD_0RD0LC	rk:4:0	false	2.1
1RB0LD_1LC1RA_0RA1LD_0RD0LC	rk:5:0	false	6.3
1RB0LD_1LC1RA_0RB1LC_0RA1LA	rk:4:0	false	1.4
1RB0LD_1LC1RA_0RB1LC_0RA1LA	rk:5:0	false	2.1
1RB0LD_1LC1RA_0RB1LC_0RC1LA	rk:4:0	false	1.5
1RB0LD_1LC1RA_0RB1LC_0RC1LA	rk:5:0	false	2.4
1RB0LD_1LC1RA_0RB1LC_0RD1LA	rk:4:0	false	1.4
1RB0LD_1LC1RA_0RB1LC_0RD1LA	rk:5:0	false	2.1
1RB0LD_1LC1RA_0RB1LC_1RC1LA	rk:4:0	false	2.9
1RB0LD_1LC1RA_0RB1LC_1RC1LA	rk:5:0	false	5.7
1RB0LD_1LC1RA_0RB1LD_0RB0LD	rk:4:0	true	1.0
1RB0LD_1LC1RA_0RC1LD_0RB0LD	rk:4:0	true	1.0
1RB0LD_1LC1RA_0RD1LC_0RA1LA	rk:4:0	false	1.3
1RB0LD_1LC1RA_0RD1LC_0RA1LA	rk:5:0	false	2.0
1RB0LD_1LC1RA_0RD1LC_0RC1LA	rk:4:0	false	1.2
1RB0LD_1LC1RA_0RD1LC_0RC1LA	rk:5:0	false	1.9
1RB0LD_1LC1RA_0RD1LC_1RA0LC	rk:4:0	true	1.0
1RB0LD_1LC1RA_1LA1LC_0RA1LA	rk:4:0	false	1.3
1RB0LD_1LC1RA_1LA1LC_0RA1LA	rk:5:0	false	2.0
1RB0LD_1LC1RA_1LA1LC_0RD1LA	rk:4:0	false	1.3
1RB0LD_1LC1RA_1LA1LC_0RD1LA	rk:5:0	false	2.2
1RB0LD_1LC1RA_1LD1LC_0RA1LA	rk:4:0	false	1.3
1RB0LD_1LC1RA_1LD1LC_0RA1LA	rk:5:0	false	2.1
1RB0LD_1LC1RA_1LD1LC_0RD1LA	rk:4:0	false	1.4
1RB0LD_1LC1RA_1LD1LC_0RD1LA	rk:5:0	false	2.1
1RB0LD_1LC1RA_1RA1LC_0RA1LA	rk:4:0	false	1.3
1RB0LD_1LC1RA_1RA1LC_0RA1LA	rk:5:0	false	2.0
1RB0LD_1LC1RA_1RA1LC_0RD1LA	rk:4:0	false	1.4
1RB0LD_1LC1RA_1RA1LC_0RD1LA	rk:5:0	false	2.1
1RB0LD_1LC1RA_1RB1LC_0RA1LA	rk:4:0	false	1.4
1RB0LD_1LC1RA_1RB1LC_0RA1LA	rk:5:0	false	2.1
1RB0LD_1LC1RA_1RB1LC_0RC1LA	rk:4:0	false	1.2
1RB0LD_1LC1RA_1RB1LC_0RC1LA	rk:5:0	false	1.9
1RB0LD_1LC1RA_1RB1LC_0RD1LA	rk:4:0	false	1.4
1RB0LD_1LC1RA_1RB1LC_0RD1LA	rk:5:0	false	2.1
1RB0LD_1LC1RA_1RD1LC_0RA1LA	rk:4:0	false	1.3
1RB0LD_1LC1RA_1RD1LC_0RA1LA	rk:5:0	false	2.0
1RB0LD_1LC1RA_1RD1LC_0RD1LA	rk:4:0	false	1.4
1RB0LD_1LC1RA_1RD1LC_0RD1LA	rk:5:0	false	2.1
1RB0LD_1LC1RB_---1LA_0RB1LD	rk:4:0	false	0.6
1RB0LD_1LC1RB_---1LA_0RB1LD	rk:5:0	false	0.6
1RB0LD_1LC1RB_---1LD_1RA1LA	rk:4:0	false	0.9
1RB0LD_1LC1RB_---1LD_1RA1LA	rk:5:0	true	0.9
1RB0LD_1LC1RB_---1LD_1RB1LA	rk:4:0	false	0.9
1RB0LD_1LC1RB_---1LD_1RB1LA	rk:5:0	true	0.9
1RB0LD_1LC1RB_0RB1LA_0RC0LC	rk:4:0	false	0.9
1RB0LD_1LC1RB_0RB1LA_0RC0LC	rk:5:0	true	1.1
1RB0LD_1LC1RB_0RB1LA_0RD0LC	rk:4:0	false	0.9
1RB0LD_1LC1RB_0RB1LA_0RD0LC	rk:5:0	true	1.1
1RB0LD_1LC1RB_0RB1LD_0RA0LC	rk:4:0	false	1.8
1RB0LD_1LC1RB_0RB1LD_0RA0LC	rk:5:0	false	4.3
1RB0LD_1LC1RB_1LA0RA_0RB1LD	rk:4:0	false	1.0
1RB0LD_1LC1RB_1LA0RA_0RB1LD	rk:5:0	false	1.2
1RB0LD_1LC1RC_1LA0RC_---0LA	rk:4:0	false	0.7
1RB0LD_1LC1RC_1LA0RC_---0LA	rk:5:0	false	0.8
1RB0LD_1LC1RC_1LA1RC_0RA1LD	rk:4:0	false	1.0
1RB0LD_1LC1RC_1LA1RC_0RA1LD	rk:5:0	false	1.3
1RB0LD_1LC1RC_1LA1RC_0RB1LD	rk:4:0	false	1.0
1RB0LD_1LC1RC_1LA1RC_0RB1LD	rk:5:0	false	1.6
1RB0LD_1LC1RC_1RA1LD_0RA0LD	rk:4:0	true	0.9
1RB0LD_1LC1RD_0RA0LC_1LB0RD	rk:4:0	false	0.9
1RB0LD_1LC1RD_0RA0LC_1LB0RD	rk:5:0	false	1.3
1RB0LD_1LC1RD_1LA0RC_0LA1LC	rk:4:0	false	1.5
1RB0LD_1LC1RD_1LA0RC_0LA1LC	rk:5:0	false	4.4
1RB0LD_1RC---_1LA0RB_0LA0RD	rk:4:0	false	0.7
1RB0LD_1RC---_1LA0RB_0LA0RD	rk:5:0	false	0.7
1RB0LD_1RC---_1LA1RA_0RA0LD	rk:4:0	false	0.6
1RB0LD_1RC---_1LA1RA_0RA0LD	rk:5:0	false	0.7
1RB0LD_1RC---_1LA1RA_0RB0LD	rk:4:0	false	0.7
1RB0LD_1RC---_1LA1RA_0RB0LD	rk:5:0	false	0.7
1RB0LD_1RC---_1LA1RB_0RA0LD	rk:4:0	false	0.6
1RB0LD_1RC---_1LA1RB_0RA0LD	rk:5:0	false	0.7
1RB0LD_1RC---_1LD1RB_0RA0LA	rk:4:0	false	0.6
1RB0LD_1RC---_1LD1RB_0RA0LA	rk:5:0	false	0.7
1RB0LD_1RC0LA_1LA1RB_0RA1LD	rk:4:0	true	1.0
1RB0LD_1RC0LA_1LB1RB_0RA1LD	rk:4:0	true	1.0
1RB0LD_1RC0LA_1LD0RB_1LB1LD	rk:4:0	false	1.3
1RB0LD_1RC0LA_1LD0RB_1LB1LD	rk:5:0	false	2.5
1RB0LD_1RC0LA_1LD1RB_0RA1LD	rk:4:0	true	1.0
1RB0LD_1RC0LA_1RD0RA_1LB0RB	rk:4:0	false	1.0
1RB0LD_1RC0LA_1RD0RA_1LB0RB	rk:5:0	false	1.8
1RB0LD_1RC0LC_1LA0RA_0LA1LC	rk:4:0	false	2.9
1RB0LD_1RC0LC_1LA0RA_0LA1LC	rk:5:0	true	6.1
1RB0LD_1RC0LC_1LA0RA_1LA1LC	rk:4:0	false	0.7
1RB0LD_1RC0LC_1LA0RA_1LA1LC	rk:5:0	true	0.8
1RB0LD_1RC0LC_1LA0RA_1LC1LC	rk:4:0	false	3.1
1RB0LD_1RC0LC_1LA0RA_1LC1LC	rk:5:0	true	6.6
1RB0LD_1RC0RA_0LA0RB_1LA1LB	rk:4:0	false	1.4
1RB0LD_1RC0RA_0LA0RB_1LA1LB	rk:5:0	false	4.0
1RB0LD_1RC0RA_0LC1LA_0LB1LC	rk:4:0	false	4.3
1RB0LD_1RC0RA_0LC1LA_0LB1LC	rk:5:0	false	3.5
1RB0LD_1RC0RA_1LA0LC_1LC1RC	rk:4:0	false	1.4
1RB0LD_1RC0RA_1LA0LC_1LC1RC	rk:5:0	false	4.2
1RB0LD_1RC0RA_1LA0RA_0LA1LD	rk:4:0	false	2.6
1RB0LD_1RC0RA_1LA0RA_0LA1LD	rk:5:0	false	11.0
1RB0LD_1RC0RA_1LA0RA_1LA0LC	rk:4:0	false	0.8
1RB0LD_1RC0RA_1LA0RA_1LA0LC	rk:5:0	false	0.8
1RB0LD_1RC0RA_1LA0RA_1LA1LC	rk:4:0	false	1.2
1RB0LD_1RC0RA_1LA0RA_1LA1LC	rk:5:0	false	2.4
1RB0LD_1RC0RA_1LA0RC_1LA0LD	rk:4:0	false	11.2
1RB0LD_1RC0RA_1LA0RC_1LA0LD	rk:5:0	false	50.9
1RB0LD_1RC0RA_1LA0RD_1LA0LD	rk:4:0	false	3.6
1RB0LD_1RC0RA_1LA0RD_1LA0LD	rk:5:0	false	20.4
1RB0LD_1RC0RA_1LA0RD_1LA1LC	rk:4:0	false	3.6
1RB0LD_1RC0RA_1LA0RD_1LA1LC	rk:5:0	false	8.9
1RB0LD_1RC0RA_1LA1LC_0RC0LB	rk:4:0	false	5.2
1RB0LD_1RC0RA_1LA1LC_0RC0LB	rk:5:0	false	8.0
1RB0LD_1RC0RA_1LA1LC_1RA0LB	rk:4:0	false	3.2
1RB0LD_1RC0RA_1LA1LC_1RA0LB	rk:5:0	false	5.3
1RB0LD_1RC0RA_1LA1RA_1LA0LD	rk:4:0	false	5.5
1RB0LD_1RC0RA_1LA1RA_1LA0LD	rk:5:0	false	29.4
1RB0LD_1RC0RA_1LA1RA_1LA1LC	rk:4:0	false	4.2
1RB0LD_1RC0RA_1LA1RA_1LA1LC	rk:5:0	false	15.4
1RB0LD_1RC0RA_1LA1RB_0LA1LD	rk:4:0	false	4.3
1RB0LD_1RC0RA_1LA1RB_0LA1LD	rk:5:0	false	29.7
1RB0LD_1RC0RA_1LA1RB_1LA0LD	rk:4:0	false	4.8
1RB0LD_1RC0RA_1LA1RB_1LA0LD	rk:5:0	false	29.2
1RB0LD_1RC0RA_1LA1RC_1LA0LD	rk:4:0	false	2.0
1RB0LD_1RC0RA_1LA1RC_1LA0LD	rk:5:0	false	8.5
1RB0LD_1RC0RA_1LD0LA_1LA1LC	rk:4:0	false	1.4
1RB0LD_1RC0RA_1LD0LA_1LA1LC	rk:5:0	false	4.7
1RB0LD_1RC0RA_1LD0RA_1LA0LD	rk:4:0	false	0.8
1RB0LD_1RC0RA_1LD0RA_1LA0LD	rk:5:0	false	0.9
1RB0LD_1RC0RA_1LD0RD_1LA0LD	rk:4:0	false	3.6
1RB0LD_1RC0RA_1LD0RD_1LA0LD	rk:5:0	false	20.7
1RB0LD_1RC0RA_1LD1RA_1LA0LA	rk:4:0	false	6.4
1RB0LD_1RC0RA_1LD1RA_1LA0LA	rk:5:0	false	23.9
1RB0LD_1RC0RA_1LD1RA_1LA0LD	rk:4:0	false	5.7
1RB0LD_1RC0RA_1LD1RA_1LA0LD	rk:5:0	false	29.4
1RB0LD_1RC0RA_1LD1RB_1LA0LA	rk:4:0	false	6.2
1RB0LD_1RC0RA_1LD1RB_1LA0LA	rk:5:0	false	30.4
1RB0LD_1RC0RA_1LD1RB_1LA0LD	rk:4:0	false	4.8
1RB0LD_1RC0RA_1LD1RB_1LA0LD	rk:5:0	false	29.4
1RB0LD_1RC0RA_1LD1RC_1LA0LD	rk:4:0	false	1.9
1RB0LD_1RC0RA_1LD1RC_1LA0LD	rk:5:0	false	8.7
1RB0LD_1RC0RB_0LA0RC_1LA1LD	rk:4:0	false	5.9
1RB0LD_1RC0RB_0LA0RC_1LA1LD	rk:5:0	true	14.9
1RB0LD_1RC0RB_0LA0RD_1LA1LC	rk:4:0	true	1.1
1RB0LD_1RC0RB_0LA0RD_1LA1RD	rk:4:0	false	10.1
1RB0LD_1RC0RB_0LA0RD_1LA1RD	rk:5:0	false	62.6
1RB0LD_1RC0RB_0LA1RA_1LC0RD	rk:4:0	false	0.9
1RB0LD_1RC0RB_0LA1RA_1LC0RD	rk:5:0	true	0.9
1RB0LD_1RC0RB_0LA1RB_1LA1LD	rk:4:0	false	6.9
1RB0LD_1RC0RB_0LA1RB_1LA1LD	rk:5:0	false	19.3
1RB0LD_1RC0RB_0LA1RB_1LA1RD	rk:4:0	false	3.5
1RB0LD_1RC0RB_0LA1RB_1LA1RD	rk:5:0	true	1.7
1RB0LD_1RC0RB_1LA0LA_1LD0RC	rk:4:0	false	1.4
1RB0LD_1RC0RB_1LA0LA_1LD0RC	rk:5:0	false	3.7
1RB0LD_1RC0RB_1LA0LB_0LD0RC	rk:4:0	false	0.9
1RB0LD_1RC0RB_1LA0LB_0LD0RC	rk:5:0	false	1.8
1RB0LD_1RC0RB_1LA0RC_1LA0LD	rk:4:0	false	6.8
1RB0LD_1RC0RB_1LA0RC_1LA0LD	rk:5:0	false	26.4
1RB0LD_1RC0RB_1LA0RC_1RC1LD	rk:4:0	false	1.5
1RB0LD_1RC0RB_1LA0RC_1RC1LD	rk:5:0	false	4.2
1RB0LD_1RC0RB_1LA0RD_1LA0LD	rk:4:0	false	8.1
1RB0LD_1RC0RB_1LA0RD_1LA0LD	rk:5:0	false	41.7
1RB0LD_1RC0RB_1LA1LB_0LD0RC	rk:4:0	false	1.1
1RB0LD_1RC0RB_1LA1LB_0LD0RC	rk:5:0	false	1.7
1RB0LD_1RC0RB_1LA1RA_1LD1LA	rk:4:0	false	33.2
1RB0LD_1RC0RB_1LA1RA_1LD1LA	rk:5:0	timeout	300.1
1RB0LD_1RC0RB_1LA1RB_1LC0LC	rk:4:0	false	9.9
1RB0LD_1RC0RB_1LA1RB_1LC0LC	rk:5:0	false	38.2
1RB0LD_1RC0RB_1LD0RA_1LA0LC	rk:4:0	false	19.5
1RB0LD_1RC0RB_1LD0RA_1LA0LC	rk:5:0	false	158.3
1RB0LD_1RC0RB_1LD0RD_1LA0LD	rk:4:0	false	8.3
1RB0LD_1RC0RB_1LD0RD_1LA0LD	rk:5:0	false	41.9
1RB0LD_1RC0RC_0LA0RA_1RA1LA	rk:4:0	false	0.9
1RB0LD_1RC0RC_0LA0RA_1RA1LA	rk:5:0	false	1.0
1RB0LD_1RC0RC_0LA0RB_1LA1LD	rk:4:0	true	2.3
1RB0LD_1RC0RC_0LA0RB_1LA1RD	rk:4:0	false	5.3
1RB0LD_1RC0RC_0LA0RB_1LA1RD	rk:5:0	false	1.9
1RB0LD_1RC0RC_1LA1RB_0LC0LD	rk:4:0	false	9.9
1RB0LD_1RC0RC_1LA1RB_0LC0LD	rk:5:0	false	79.7
1RB0LD_1RC0RC_1LD1RB_0LB1LA	rk:4:0	false	2.1
1RB0LD_1RC0RC_1LD1RB_0LB1LA	rk:5:0	true	5.1
1RB0LD_1RC0RC_1LD1RC_1RB1LA	rk:4:0	false	1.7
1RB0LD_1RC0RC_1LD1RC_1RB1LA	rk:5:0	false	3.6
1RB0LD_1RC0RD_1LA0RA_0LA1LD	rk:4:0	false	3.4
1RB0LD_1RC0RD_1LA0RA_0LA1LD	rk:5:0	false	11.9
1RB0LD_1RC0RD_1LA1LC_1LA1RB	rk:4:0	false	1.0
1RB0LD_1RC0RD_1LA1LC_1LA1RB	rk:5:0	false	1.1
1RB0LD_1RC1LA_0LA0RA_1RB1LD	rk:4:0	false	3.2
1RB0LD_1RC1LA_0LA0RA_1RB1LD	rk:5:0	false	8.6
1RB0LD_1RC1LA_0LA0RC_1LB1LD	rk:4:0	true	2.6
1RB0LD_1RC1LA_0LA1RB_1LB0RB	rk:4:0	true	0.9
1RB0LD_1RC1LB_1RD0RC_1LA0LA	rk:4:0	true	3.9
1RB0LD_1RC1LB_1RD0RC_1LA0LD	rk:4:0	true	2.0
1RB0LD_1RC1LB_1RD0RC_1LA0RC	rk:4:0	false	1.6
1RB0LD_1RC1LB_1RD0RC_1LA0RC	rk:5:0	false	5.5
1RB0LD_1RC1LB_1RD0RC_1LA1LA	rk:4:0	true	1.0
1RB0LD_1RC1LC_1LA0RA_1RD0LC	rk:4:0	false	2.5
1RB0LD_1RC1LC_1LA0RA_1RD0LC	rk:5:0	false	11.6
1RB0LD_1RC1LC_1LA1RC_0RA1LD	rk:4:0	false	1.1
1RB0LD_1RC1LC_1LA1RC_0RA1LD	rk:5:0	false	1.4
1RB0LD_1RC1LD_0LA0RC_0RA1LB	rk:4:0	true	1.1
1RB0LD_1RC1LD_0LA0RC_0RD1LB	rk:4:0	true	1.0
1RB0LD_1RC1LD_0LA0RC_1RA1LB	rk:4:0	false	2.9
1RB0LD_1RC1LD_0LA0RC_1RA1LB	rk:5:0	false	10.3
1RB0LD_1RC1LD_0LA0RC_1RC1LB	rk:4:0	true	0.9
1RB0LD_1RC1LD_1LA0RD_1RA1LB	rk:4:0	false	2.5
1RB0LD_1RC1LD_1LA0RD_1RA1LB	rk:5:0	false	6.6
1RB0LD_1RC1RA_0LA0LD_0RA1LC	rk:4:0	false	0.9
1RB0LD_1RC1RA_0LA0LD_0RA1LC	rk:5:0	false	1.4
1RB0LD_1RC1RA_0LA0RB_1LA0RB	rk:4:0	false	0.8
1RB0LD_1RC1RA_0LA0RB_1LA0RB	rk:5:0	false	1.2
1RB0LD_1RC1RA_0LA0RC_1LB1LD	rk:4:0	false	4.9
1RB0LD_1RC1RA_0LA0RC_1LB1LD	rk:5:0	false	33.7
1RB0LD_1RC1RA_1LA0LD_0RA1LC	rk:4:0	false	1.5
1RB0LD_1RC1RA_1LA0LD_0RA1LC	rk:5:0	false	3.3
1RB0LD_1RC1RA_1LA0RA_0LA1LD	rk:4:0	false	8.5
1RB0LD_1RC1RA_1LA0RA_0LA1LD	rk:5:0	false	35.6
1RB0LD_1RC1RA_1LA0RA_0RC0LC	rk:4:0	false	6.9
1RB0LD_1RC1RA_1LA0RA_0RC0LC	rk:5:0	false	5.7
1RB0LD_1RC1RA_1LA0RB_1RC1LB	rk:4:0	false	8.8
1RB0LD_1RC1RA_1LA0RB_1RC1LB	rk:5:0	false	49.4
1RB0LD_1RC1RA_1LA1RA_0RB1LD	rk:4:0	false	3.6
1RB0LD_1RC1RA_1LA1RA_0RB1LD	rk:5:0	false	14.1
1RB0LD_1RC1RA_1LA1RA_0RC1LD	rk:4:0	false	2.5
1RB0LD_1RC1RA_1LA1RA_0RC1LD	rk:5:0	false	7.2
1RB0LD_1RC1RA_1LC0RA_1LA0LC	rk:4:0	false	3.8
1RB0LD_1RC1RA_1LC0RA_1LA0LC	rk:5:0	false	12.6
1RB0LD_1RC1RA_1LD0RA_1LB1LA	rk:4:0	false	8.4
1RB0LD_1RC1RA_1LD0RA_1LB1LA	rk:5:0	false	7.1
1RB0LD_1RC1RB_0LA0RA_1RA1LA	rk:4:0	false	0.8
1RB0LD_1RC1RB_0LA0RA_1RA1LA	rk:5:0	false	0.9
1RB0LD_1RC1RB_0LA0RC_1LB1LD	rk:4:0	false	1.6
1RB0LD_1RC1RB_0LA0RC_1LB1LD	rk:5:0	false	4.4
1RB0LD_1RC1RB_1LA0RA_0LA1LD	rk:4:0	false	7.0
1RB0LD_1RC1RB_1LA0RA_0LA1LD	rk:5:0	false	31.6
1RB0LD_1RC1RB_1LA0RB_0LA1LC	rk:4:0	false	26.0
1RB0LD_1RC1RB_1LA0RB_0LA1LC	rk:5:0	false	284.2
1RB0LD_1RC1RB_1LA0RD_1RC1LA	rk:4:0	false	0.9
1RB0LD_1RC1RB_1LA0RD_1RC1LA	rk:5:0	false	1.1
1RB0LD_1RC1RB_1RD0RA_1LA0RC	rk:4:0	false	1.0
1RB0LD_1RC1RB_1RD0RA_1LA0RC	rk:5:0	false	1.7
1RB0LD_1RC1RC_1LA1RC_0RA1LD	rk:4:0	false	1.0
1RB0LD_1RC1RC_1LA1RC_0RA1LD	rk:5:0	false	1.2
1RB0LD_1RC1RC_1RD0RC_1LA0RB	rk:4:0	false	1.2
1RB0LD_1RC1RC_1RD0RC_1LA0RB	rk:5:0	false	1.6
1RB0LD_1RC1RD_1LA0RA_1RD0LC	rk:4:0	false	2.2
1RB0LD_1RC1RD_1LA0RA_1RD0LC	rk:5:0	false	11.2
1RB0LD_1RC1RD_1LA1LD_1LC0RB	rk:4:0	false	8.6
1RB0LD_1RC1RD_1LA1LD_1LC0RB	rk:5:0	false	7.1
1RB0RA_0LA---_------_------	rk:4:0	true	0.6
1RB0RA_0LB0LC_1LD---_1RA1LC	rk:4:0	false	0.8
1RB0RA_0LB0LC_1LD---_1RA1LC	rk:5:0	false	0.7
1RB0RA_0LB0LC_1RA1LD_1LC---	rk:4:0	false	0.7
1RB0RA_0LB0LC_1RA1LD_1LC---	rk:5:0	false	0.7
1RB0RA_0LC---_1LD0LC_1RA1LC	rk:4:0	false	0.7
1RB0RA_0LC---_1LD0LC_1RA1LC	rk:5:0	false	0.8
1RB0RA_0LC---_1LD0LD_1RA1LC	rk:4:0	false	0.7
1RB0RA_0LC---_1LD0LD_1RA1LC	rk:5:0	false	0.8
1RB0RA_0LC0LB_0LD1LC_1RD1RA	rk:4:0	false	4.2
1RB0RA_0LC0LB_0LD1LC_1RD1RA	rk:5:0	false	22.8
1RB0RA_0LC0RA_0LD1LC_1RA1LC	rk:4:0	false	2.4
1RB0RA_0LC0RA_0LD1LC_1RA1LC	rk:5:0	false	10.1
1RB0RA_0LC0RA_0LD1LC_1RA1RB	rk:4:0	false	4.5
1RB0RA_0LC0RA_0LD1LC_1RA1RB	rk:5:0	false	23.9
1RB0RA_0LC0RA_1LD1LB_1LA1LB	rk:4:0	false	0.8
1RB0RA_0LC0RA_1LD1LB_1LA1LB	rk:5:0	false	0.9
1RB0RA_0LC0RA_1LD1LB_1LA1LC	rk:4:0	false	6.7
1RB0RA_0LC0RA_1LD1LB_1LA1LC	rk:5:0	false	44.7
1RB0RA_0LC0RA_1LD1RC_1RA1LB	rk:4:0	false	2.7
1RB0RA_0LC0RA_1LD1RC_1RA1LB	rk:5:0	false	12.4
1RB0RA_0LC0RA_1LD1RC_1RB1LB	rk:4:0	false	2.8
1RB0RA_0LC0RA_1LD1RC_1RB1LB	rk:5:0	false	12.4
1RB0RA_0LC0RA_1RA1LD_0LC1LB	rk:4:0	false	2.5
1RB0RA_0LC0RA_1RA1LD_0LC1LB	rk:5:0	false	9.2
1RB0RA_0LC0RA_1RA1LD_0LC1LC	rk:4:0	false	2.5
1RB0RA_0LC0RA_1RA1LD_0LC1LC	rk:5:0	false	10.0
1RB0RA_0LC0RA_1RA1LD_0LC1LD	rk:4:0	false	3.8
1RB0RA_0LC0RA_1RA1LD_0LC1LD	rk:5:0	false	17.8
1RB0RA_0LC0RA_1RA1LD_1LB0LA	rk:4:0	false	3.4
1RB0RA_0LC0RA_1RA1LD_1LB0LA	rk:5:0	false	17.6
1RB0RA_0LC0RA_1RA1LD_1LB0LC	rk:4:0	false	2.4
1RB0RA_0LC0RA_1RA1LD_1LB0LC	rk:5:0	false	9.9
1RB0RA_0LC0RA_1RA1LD_1LB0LD	rk:4:0	false	10.4
1RB0RA_0LC0RA_1RA1LD_1LB0LD	rk:5:0	false	63.6
1RB0RA_0LC0RB_1RA0LD_1LC1LD	rk:4:0	false	5.8
1RB0RA_0LC0RB_1RA0LD_1LC1LD	rk:5:0	true	15.3
1RB0RA_0LC0RB_1RD0LD_1RA1LC	rk:4:0	true	0.8
1RB0RA_0LC0RC_1LC0LD_1RA1LA	rk:4:0	true	1.1
1RB0RA_0LC0RD_1LD1LB_1RA0LB	rk:4:0	false	1.0
1RB0RA_0LC0RD_1LD1LB_1RA0LB	rk:5:0	false	1.8
1RB0RA_0LC0RD_1RA0LD_1LC1LB	rk:4:0	true	1.1
1RB0RA_0LC0RD_1RA0LD_1LC1RD	rk:4:0	false	10.2
1RB0RA_0LC0RD_1RA0LD_1LC1RD	rk:5:0	false	64.3
1RB0RA_0LC1LA_1RA0LD_1LC---	rk:4:0	false	0.6
1RB0RA_0LC1LA_1RA0LD_1LC---	rk:5:0	false	0.8
1RB0RA_0LC1LD_1LA0LD_1LB1RA	rk:4:0	false	1.9
1RB0RA_0LC1LD_1LA0LD_1LB1RA	rk:5:0	false	7.3
1RB0RA_0LC1LD_1RA1LB_1LB1RA	rk:4:0	false	8.2
1RB0RA_0LC1LD_1RA1LB_1LB1RA	rk:5:0	false	51.5
1RB0RA_0LC1LD_1RA1LB_1LC1RA	rk:4:0	false	7.7
1RB0RA_0LC1LD_1RA1LB_1LC1RA	rk:5:0	false	31.8
1RB0RA_0LC1LD_1RA1LD_1LB1RA	rk:4:0	false	4.3
1RB0RA_0LC1LD_1RA1LD_1LB1RA	rk:5:0	false	23.3
1RB0RA_0LC1LD_1RC1LD_1LB1RA	rk:4:0	false	4.4
1RB0RA_0LC1LD_1RC1LD_1LB1RA	rk:5:0	false	23.4
1RB0RA_0LC1RA_0LD1LC_1LA0LB	rk:4:0	false	23.8
1RB0RA_0LC1RA_0LD1LC_1LA0LB	rk:5:0	false	178.0
1RB0RA_0LC1RA_0LD1LC_1LA1LC	rk:4:0	false	6.2
1RB0RA_0LC1RA_0LD1LC_1LA1LC	rk:5:0	false	29.1
1RB0RA_0LC1RA_0LD1LC_1LA1RB	rk:4:0	false	8.1
1RB0RA_0LC1RA_0LD1LC_1LA1RB	rk:5:0	false	36.9
1RB0RA_0LC1RA_0LD1LC_1RA0LA	rk:4:0	false	4.9
1RB0RA_0LC1RA_0LD1LC_1RA0LA	rk:5:0	false	10.0
1RB0RA_0LC1RA_0LD1LC_1RA0LB	rk:4:0	false	2.7
1RB0RA_0LC1RA_0LD1LC_1RA0LB	rk:5:0	false	7.6
1RB0RA_0LC1RA_1LA0LD_1LB1LD	rk:4:0	false	3.2
1RB0RA_0LC1RA_1LA0LD_1LB1LD	rk:5:0	false	6.7
1RB0RA_0LC1RA_1LA0LD_1LC1LD	rk:4:0	true	1.8
1RB0RA_0LC1RA_1LA1LD_1LB1LD	rk:4:0	false	7.1
1RB0RA_0LC1RA_1LA1LD_1LB1LD	rk:5:0	false	12.5
1RB0RA_0LC1RA_1LD1LC_0RB0LD	rk:4:0	false	33.8
1RB0RA_0LC1RA_1LD1LC_0RB0LD	rk:5:0	timeout	300.1
1RB0RA_0LC1RA_1RA0LD_1LC1LD	rk:4:0	false	6.7
1RB0RA_0LC1RA_1RA0LD_1LC1LD	rk:5:0	false	18.7
1RB0RA_0LC1RA_1RA1LD_1LB1LD	rk:4:0	false	2.1
1RB0RA_0LC1RA_1RA1LD_1LB1LD	rk:5:0	false	3.9
1RB0RA_0LC1RC_1RA0LD_1LB0RD	rk:4:0	false	0.8
1RB0RA_0LC1RC_1RA0LD_1LB0RD	rk:5:0	true	0.9
1RB0RA_0RC0LA_1LD0RB_0LD1LA	rk:4:0	false	1.2
1RB0RA_0RC0LA_1LD0RB_0LD1LA	rk:5:0	false	3.3
1RB0RA_0RC0LA_1LD0RC_0LD1LA	rk:4:0	false	1.0
1RB0RA_0RC0LA_1LD0RC_0LD1LA	rk:5:0	false	1.7
1RB0RA_0RC0LD_1LD1RA_1LB0LD	rk:4:0	false	10.7
1RB0RA_0RC0LD_1LD1RA_1LB0LD	rk:5:0	false	63.4
1RB0RA_0RC0RB_1LC0LD_1RA1LD	rk:4:0	false	3.9
1RB0RA_0RC0RB_1LC0LD_1RA1LD	rk:5:0	false	12.3
1RB0RA_0RC1LD_1LC0LA_0LC0RD	rk:4:0	false	1.2
1RB0RA_0RC1LD_1LC0LA_0LC0RD	rk:5:0	false	2.7
1RB0RA_0RC1RC_1LD1RB_0LA0LB	rk:4:0	false	1.4
1RB0RA_0RC1RC_1LD1RB_0LA0LB	rk:5:0	false	4.3
1RB0RA_1LB1RC_1RA1LD_1LC0LD	rk:4:0	false	14.1
1RB0RA_1LB1RC_1RA1LD_1LC0LD	rk:5:0	false	128.2
1RB0RA_1LC0LB_1LD1RC_1RA1LB	rk:4:0	false	43.0
1RB0RA_1LC0LB_1LD1RC_1RA1LB	rk:5:0	timeout	300.1
1RB0RA_1LC0LD_1LD1RC_0RA0LB	rk:4:0	true	0.9
1RB0RA_1LC0LD_1RC0LB_1RD0RA	rk:4:0	false	6.5
1RB0RA_1LC0LD_1RC0LB_1RD0RA	rk:5:0	false	12.4
1RB0RA_1LC0RA_0LD0LB_1RD1RB	rk:4:0	false	3.1
1RB0RA_1LC0RA_0LD0LB_1RD1RB	rk:5:0	false	14.9
1RB0RA_1LC0RA_1LD0LB_1RA0LA	rk:4:0	false	3.6
1RB0RA_1LC0RA_1LD0LB_1RA0LA	rk:5:0	false	20.5
1RB0RA_1LC0RA_1LD0LB_1RA0LB	rk:4:0	false	0.8
1RB0RA_1LC0RA_1LD0LB_1RA0LB	rk:5:0	false	0.9
1RB0RA_1LC0RA_1LD0LB_1RA1LB	rk:4:0	false	5.6
1RB0RA_1LC0RA_1LD0LB_1RA1LB	rk:5:0	false	29.0
1RB0RA_1LC0RA_1LD0LB_1RA1LC	rk:4:0	false	4.7
1RB0RA_1LC0RA_1LD0LB_1RA1LC	rk:5:0	false	29.4
1RB0RA_1LC0RA_1LD0LB_1RA1LD	rk:4:0	false	2.0
1RB0RA_1LC0RA_1LD0LB_1RA1LD	rk:5:0	false	8.4
1RB0RA_1LC0RA_1LD0LB_1RB0LA	rk:4:0	false	3.7
1RB0RA_1LC0RA_1LD0LB_1RB0LA	rk:5:0	false	20.4
1RB0RA_1LC0RA_1LD0LB_1RB0LB	rk:4:0	false	0.8
1RB0RA_1LC0RA_1LD0LB_1RB0LB	rk:5:0	false	0.9
1RB0RA_1LC0RA_1LD0LB_1RB0LD	rk:4:0	false	11.1
1RB0RA_1LC0RA_1LD0LB_1RB0LD	rk:5:0	false	48.8
1RB0RA_1LC0RA_1LD0LB_1RB1LB	rk:4:0	false	5.6
1RB0RA_1LC0RA_1LD0LB_1RB1LB	rk:5:0	false	29.1
1RB0RA_1LC0RA_1LD0LB_1RB1LC	rk:4:0	false	4.8
1RB0RA_1LC0RA_1LD0LB_1RB1LC	rk:5:0	false	29.2
1RB0RA_1LC0RA_1LD0LB_1RB1LD	rk:4:0	false	2.0
1RB0RA_1LC0RA_1LD0LB_1RB1LD	rk:5:0	false	8.5
1RB0RA_1LC0RA_1LD0LC_1RA0LA	rk:4:0	false	8.6
1RB0RA_1LC0RA_1LD0LC_1RA0LA	rk:5:0	false	38.2
1RB0RA_1LC0RA_1LD0LC_1RB0LA	rk:4:0	false	8.4
1RB0RA_1LC0RA_1LD0LC_1RB0LA	rk:5:0	false	38.6
1RB0RA_1LC0RA_1LD0LC_1RB0LD	rk:4:0	false	7.5
1RB0RA_1LC0RA_1LD0LC_1RB0LD	rk:5:0	false	27.0
1RB0RA_1LC0RA_1RD0LB_1RA1LD	rk:4:0	false	1.5
1RB0RA_1LC0RA_1RD0LB_1RA1LD	rk:5:0	false	5.6
1RB0RA_1LC0RA_1RD0LB_1RB1LD	rk:4:0	false	1.6
1RB0RA_1LC0RA_1RD0LB_1RB1LD	rk:5:0	false	5.5
1RB0RA_1LC0RB_0LC0LD_1RA1LD	rk:4:0	false	8.5
1RB0RA_1LC0RB_0LC0LD_1RA1LD	rk:5:0	false	105.3
1RB0RA_1LC0RB_0LC1LD_1RD0LA	rk:4:0	false	1.1
1RB0RA_1LC0RB_0LC1LD_1RD0LA	rk:5:0	false	2.4
1RB0RA_1LC0RB_0LC1RD_1LA1LD	rk:4:0	false	1.0
1RB0RA_1LC0RB_0LC1RD_1LA1LD	rk:5:0	false	2.0
1RB0RA_1LC0RB_1LC0LD_1RA1LD	rk:4:0	false	3.4
1RB0RA_1LC0RB_1LC0LD_1RA1LD	rk:5:0	false	10.9
1RB0RA_1LC0RB_1RA0LD_1LC0LC	rk:4:0	false	51.0
1RB0RA_1LC0RB_1RA0LD_1LC0LC	rk:5:0	timeout	300.1
1RB0RA_1LC0RC_1LD0LB_0RA0LB	rk:4:0	true	0.7
1RB0RA_1LC0RC_1LD0LC_1RA0LC	rk:4:0	false	7.9
1RB0RA_1LC0RC_1LD0LC_1RA0LC	rk:5:0	false	41.9
1RB0RA_1LC0RC_1RA1LD_0LC1LB	rk:4:0	false	8.2
1RB0RA_1LC0RC_1RA1LD_0LC1LB	rk:5:0	false	63.6
1RB0RA_1LC0RD_0LD0LB_1RA1LD	rk:4:0	false	2.1
1RB0RA_1LC0RD_0LD0LB_1RA1LD	rk:5:0	false	7.8
1RB0RA_1LC0RD_0LD1LB_1RA0LB	rk:4:0	false	12.9
1RB0RA_1LC0RD_0LD1LB_1RA0LB	rk:5:0	false	73.0
1RB0RA_1LC0RD_1LA0LB_1RA1LA	rk:4:0	false	1.4
1RB0RA_1LC0RD_1LA0LB_1RA1LA	rk:5:0	false	4.3
1RB0RA_1LC0RD_1LD0LB_0RA0LB	rk:4:0	true	0.7
1RB0RA_1LC0RD_1LD0LB_1RA0LC	rk:4:0	false	19.7
1RB0RA_1LC0RD_1LD0LB_1RA0LC	rk:5:0	false	158.6
1RB0RA_1LC0RD_1RA0LB_1RA---	rk:4:0	false	0.9
1RB0RA_1LC0RD_1RA0LB_1RA---	rk:5:0	false	1.3
1RB0RA_1LC0RD_1RA0LD_1LC0LD	rk:4:0	false	8.1
1RB0RA_1LC0RD_1RA0LD_1LC0LD	rk:5:0	false	41.0
1RB0RA_1LC0RD_1RD0LB_1RA1RA	rk:4:0	false	1.1
1RB0RA_1LC0RD_1RD0LB_1RA1RA	rk:5:0	false	1.7
1RB0RA_1LC1LB_1RD0LB_1RA1RD	rk:4:0	false	1.6
1RB0RA_1LC1LB_1RD0LB_1RA1RD	rk:5:0	false	3.8
1RB0RA_1LC1LD_0RD0LB_1LB1RA	rk:4:0	false	3.7
1RB0RA_1LC1LD_0RD0LB_1LB1RA	rk:5:0	false	20.5
1RB0RA_1LC1LD_1RA0LB_0LC0RD	rk:4:0	false	6.8
1RB0RA_1LC1LD_1RA0LB_0LC0RD	rk:5:0	false	54.9
1RB0RA_1LC1RA_0LA0LD_0RA0LB	rk:4:0	true	1.8
1RB0RA_1LC1RA_0LA0LD_1RC0LB	rk:4:0	true	1.5
1RB0RA_1LC1RA_0LD0LC_1RD1LB	rk:4:0	false	16.8
1RB0RA_1LC1RA_0LD0LC_1RD1LB	rk:5:0	false	57.4
1RB0RA_1LC1RA_0RC0LD_1RD0LB	rk:4:0	false	6.2
1RB0RA_1LC1RA_0RC0LD_1RD0LB	rk:5:0	false	5.5
1RB0RA_1LC1RA_0RD0LD_1LB1RB	rk:4:0	false	2.1
1RB0RA_1LC1RA_0RD0LD_1LB1RB	rk:5:0	false	3.3
1RB0RA_1LC1RA_1LA0LD_0LC1LD	rk:4:0	false	9.6
1RB0RA_1LC1RA_1LA0LD_0LC1LD	rk:5:0	true	54.7
1RB0RA_1LC1RA_1LA0LD_1LC0LA	rk:4:0	true	1.2
1RB0RA_1LC1RA_1LD0LC_0RA---	rk:4:0	false	0.7
1RB0RA_1LC1RA_1LD0LC_0RA---	rk:5:0	false	0.8
1RB0RA_1LC1RA_1LD0LC_1LA0RA	rk:4:0	false	15.4
1RB0RA_1LC1RA_1LD0LC_1LA0RA	rk:5:0	false	140.9
1RB0RA_1LC1RA_1LD0LC_1LA1LB	rk:4:0	false	24.8
1RB0RA_1LC1RA_1LD0LC_1LA1LB	rk:5:0	false	234.4
1RB0RA_1LC1RA_1LD0LC_1LA1LC	rk:4:0	false	14.1
1RB0RA_1LC1RA_1LD0LC_1LA1LC	rk:5:0	false	127.5
1RB0RA_1LC1RA_1LD0LC_1LA1LD	rk:4:0	false	13.9
1RB0RA_1LC1RA_1LD0LC_1LA1LD	rk:5:0	false	128.9
1RB0RA_1LC1RA_1LD0LC_1RA1LA	rk:4:0	false	12.7
1RB0RA_1LC1RA_1LD0LC_1RA1LA	rk:5:0	false	112.4
1RB0RA_1LC1RA_1LD0LC_1RA1LB	rk:4:0	false	17.2
1RB0RA_1LC1RA_1LD0LC_1RA1LB	rk:5:0	false	156.0
1RB0RA_1LC1RA_1LD0LC_1RD1LB	rk:4:0	false	13.8
1RB0RA_1LC1RA_1LD0LC_1RD1LB	rk:5:0	false	127.6
1RB0RA_1LC1RA_1LD0LD_1RA1LC	rk:4:0	false	2.4
1RB0RA_1LC1RA_1LD0LD_1RA1LC	rk:5:0	false	10.0
1RB0RA_1LC1RA_1RA0LD_1LB0LB	rk:4:0	false	9.9
1RB0RA_1LC1RA_1RA0LD_1LB0LB	rk:5:0	false	38.8
1RB0RA_1LC1RB_0RA0LD_1LB0LB	rk:4:0	true	0.8
1RB0RA_1LC1RB_0RA0LD_1LB0LC	rk:4:0	true	0.9
1RB0RA_1LC1RB_1LD0LB_1RA1LB	rk:4:0	false	24.9
1RB0RA_1LC1RB_1LD0LB_1RA1LB	rk:5:0	false	212.1
1RB0RA_1LC1RB_1LD0LB_1RA1LC	rk:4:0	false	10.5
1RB0RA_1LC1RB_1LD0LB_1RA1LC	rk:5:0	false	69.9
1RB0RA_1LC1RB_1LD0LB_1RA1LD	rk:4:0	false	9.3
1RB0RA_1LC1RB_1LD0LB_1RA1LD	rk:5:0	false	55.9
1RB0RA_1LC1RB_1LD0LC_1RA1LB	rk:4:0	false	24.7
1RB0RA_1LC1RB_1LD0LC_1RA1LB	rk:5:0	false	189.1
1RB0RA_1LC1RC_1LD0LC_1RA1LC	rk:4:0	false	11.8
1RB0RA_1LC1RC_1LD0LC_1RA1LC	rk:5:0	false	98.2
1RB0RA_1LC1RD_0RD0LB_1LC1RA	rk:4:0	false	1.7
1RB0RA_1LC1RD_0RD0LB_1LC1RA	rk:5:0	true	1.6
1RB0RA_1LC1RD_1LD0LC_1RA1LC	rk:4:0	false	16.6
1RB0RA_1LC1RD_1LD0LC_1RA1LC	rk:5:0	false	149.1
1RB0RA_1LC1RD_1LD0LC_1RA1LD	rk:4:0	false	25.1
1RB0RA_1LC1RD_1LD0LC_1RA1LD	rk:5:0	false	196.5
1RB0RA_1RC0LC_1LD0LC_1RA1LC	rk:4:0	false	14.4
1RB0RA_1RC0LC_1LD0LC_1RA1LC	rk:5:0	false	135.1
1RB0RA_1RC0RC_1LD0RC_0LD0LA	rk:4:0	false	1.2
1RB0RA_1RC0RC_1LD0RC_0LD0LA	rk:5:0	false	2.4
1RB0RA_1RC0RD_1LD1LC_1RA0LC	rk:4:0	false	30.5
1RB0RA_1RC0RD_1LD1LC_1RA0LC	rk:5:0	timeout	300.1
1RB0RA_1RC1LB_1LD1RA_1LA0LD	rk:4:0	false	43.0
1RB0RA_1RC1LB_1LD1RA_1LA0LD	rk:5:0	timeout	300.1
1RB0RA_1RC1LC_1LD0RC_1RA0LB	rk:4:0	false	1.8
1RB0RA_1RC1LC_1LD0RC_1RA0LB	rk:5:0	false	6.9
1RB0RA_1RC1RA_1LD0LC_1RA1LC	rk:4:0	false	14.5
1RB0RA_1RC1RA_1LD0LC_1RA1LC	rk:5:0	false	130.1
1RB0RA_1RC1RB_1LD0LC_1RA1LC	rk:4:0	false	14.2
1RB0RA_1RC1RB_1LD0LC_1RA1LC	rk:5:0	false	129.6
1RB0RA_1RC1RD_1LD0LC_1RA1LC	rk:4:0	false	25.5
1RB0RA_1RC1RD_1LD0LC_1RA1LC	rk:5:0	false	237.7
1RB0RB_0LA---_------_------	rk:4:0	true	0.7
1RB0RB_0LB0RC_0LD1RA_1RC1LD	rk:4:0	false	0.9
1RB0RB_0LB0RC_0LD1RA_1RC1LD	rk:5:0	true	1.3
1RB0RB_0LB1RC_1LD0RC_0LB1LA	rk:4:0	false	1.2
1RB0RB_0LB1RC_1LD0RC_0LB1LA	rk:5:0	false	2.3
1RB0RB_0LB1RC_1LD0RC_1LB1LA	rk:4:0	false	1.4
1RB0RB_0LB1RC_1LD0RC_1LB1LA	rk:5:0	false	2.4
1RB0RB_0LC0LA_1LA1RD_1LC0RD	rk:4:0	false	1.3
1RB0RB_0LC0LA_1LA1RD_1LC0RD	rk:5:0	false	3.3
1RB0RB_0LC0LD_1LC1LD_1RA0RA	rk:4:0	false	1.5
1RB0RB_0LC0LD_1LC1LD_1RA0RA	rk:5:0	false	4.6
1RB0RB_0LC0RA_1LC0LD_1RA1LD	rk:4:0	false	5.4
1RB0RB_0LC0RA_1LC0LD_1RA1LD	rk:5:0	false	27.5
1RB0RB_0LC0RA_1RA0LD_1LC1LD	rk:4:0	true	2.5
1RB0RB_0LC0RA_1RA0LD_1LC1RD	rk:4:0	false	5.3
1RB0RB_0LC0RA_1RA0LD_1LC1RD	rk:5:0	false	2.0
1RB0RB_0LC0RA_1RA1LD_0LC1LC	rk:4:0	false	2.8
1RB0RB_0LC0RA_1RA1LD_0LC1LC	rk:5:0	false	12.9
1RB0RB_0LC0RC_1RA0LD_1RC1LC	rk:4:0	false	0.9
1RB0RB_0LC0RC_1RA0LD_1RC1LC	rk:5:0	false	1.0
1RB0RB_0LC0RD_0LD1LC_1RD1RA	rk:4:0	false	0.8
1RB0RB_0LC0RD_0LD1LC_1RD1RA	rk:5:0	false	0.9
1RB0RB_0LC0RD_1RA1LC_1LB0LC	rk:4:0	false	1.8
1RB0RB_0LC0RD_1RA1LC_1LB0LC	rk:5:0	false	2.8
1RB0RB_0LC0RD_1RA1LC_1LD0LC	rk:4:0	false	2.3
1RB0RB_0LC0RD_1RA1LC_1LD0LC	rk:5:0	false	5.2
1RB0RB_0LC0RD_1RB1LC_0LA1RD	rk:4:0	false	1.0
1RB0RB_0LC0RD_1RB1LC_0LA1RD	rk:5:0	false	1.4
1RB0RB_0LC1LD_0RC1LA_1RA0LD	rk:4:0	false	1.3
1RB0RB_0LC1LD_0RC1LA_1RA0LD	rk:5:0	false	3.8
1RB0RB_0LC1RA_0RA1LD_1LB0LD	rk:4:0	false	1.0
1RB0RB_0LC1RA_0RA1LD_1LB0LD	rk:5:0	true	1.0
1RB0RB_0LC1RA_1LC0LD_1RA1LD	rk:4:0	false	1.2
1RB0RB_0LC1RA_1LC0LD_1RA1LD	rk:5:0	false	2.4
1RB0RB_0LC1RA_1LD1LC_0RA0LD	rk:4:0	false	4.1
1RB0RB_0LC1RA_1LD1LC_0RA0LD	rk:5:0	false	26.6
1RB0RB_0LC1RA_1LD1LC_0RB1LB	rk:4:0	false	2.9
1RB0RB_0LC1RA_1LD1LC_0RB1LB	rk:5:0	false	11.3
1RB0RB_0LC1RA_1LD1LC_1LA1LB	rk:4:0	false	2.8
1RB0RB_0LC1RA_1LD1LC_1LA1LB	rk:5:0	false	9.5
1RB0RB_0LC1RA_1LD1LC_1RB1LB	rk:4:0	false	5.0
1RB0RB_0LC1RA_1LD1LC_1RB1LB	rk:5:0	false	16.7
1RB0RB_0LC1RB_0LD1LC_1RD0RA	rk:4:0	false	1.8
1RB0RB_0LC1RB_0LD1LC_1RD0RA	rk:5:0	false	5.5
1RB0RB_0LC1RB_1RA1LC_------	rk:4:0	false	1.0
1RB0RB_0LC1RB_1RA1LC_------	rk:5:0	false	1.1
1RB0RB_0LC1RB_1RA1LD_0RD1LC	rk:4:0	false	1.2
1RB0RB_0LC1RB_1RA1LD_0RD1LC	rk:5:0	false	1.6
1RB0RB_0LC1RB_1RA1LD_1RA1LC	rk:4:0	false	1.2
1RB0RB_0LC1RB_1RA1LD_1RA1LC	rk:5:0	false	1.8
1RB0RB_0LC1RB_1RA1LD_1RA1LD	rk:4:0	false	1.1
1RB0RB_0LC1RB_1RA1LD_1RA1LD	rk:5:0	false	1.5
1RB0RB_0LC1RB_1RD1LC_---1RA	rk:4:0	false	0.6
1RB0RB_0LC1RB_1RD1LC_---1RA	rk:5:0	false	0.6
1RB0RB_0LC1RB_1RD1LC_1RA0LA	rk:4:0	false	1.0
1RB0RB_0LC1RB_1RD1LC_1RA0LA	rk:5:0	false	1.2
1RB0RB_0LC1RD_0LB1LA_1LB0RD	rk:4:0	false	1.7
1RB0RB_0LC1RD_0LB1LA_1LB0RD	rk:5:0	false	5.1
1RB0RB_0LC1RD_0LB1LA_1LC0RD	rk:4:0	false	1.9
1RB0RB_0LC1RD_0LB1LA_1LC0RD	rk:5:0	false	6.0
1RB0RB_0LC1RD_0LC1LA_1LB0RD	rk:4:0	false	1.1
1RB0RB_0LC1RD_0LC1LA_1LB0RD	rk:5:0	false	2.3
1RB0RB_0LC1RD_0LD1LC_1RA0LB	rk:4:0	true	0.9
1RB0RB_0LC1RD_1LB1LA_1LB0RD	rk:4:0	false	1.8
1RB0RB_0LC1RD_1LB1LA_1LB0RD	rk:5:0	false	2.1
1RB0RB_0LC1RD_1LB1LA_1LC0RD	rk:4:0	false	2.2
1RB0RB_0LC1RD_1LB1LA_1LC0RD	rk:5:0	false	4.2
1RB0RB_0LC1RD_1LC1LA_0LA0RD	rk:4:0	false	1.3
1RB0RB_0LC1RD_1LC1LA_0LA0RD	rk:5:0	false	3.5
1RB0RB_0LC1RD_1RA1LC_0LC1RB	rk:4:0	false	1.2
1RB0RB_0LC1RD_1RA1LC_0LC1RB	rk:5:0	false	1.8
1RB0RB_0LC1RD_1RA1LC_0LC1RD	rk:4:0	false	1.1
1RB0RB_0LC1RD_1RA1LC_0LC1RD	rk:5:0	false	1.6
1RB0RB_0LC1RD_1RA1LC_0LD1RB	rk:4:0	false	1.1
1RB0RB_0LC1RD_1RA1LC_0LD1RB	rk:5:0	false	1.6
1RB0RB_0LC1RD_1RB1LC_0LA1RA	rk:4:0	false	1.3
1RB0RB_0LC1RD_1RB1LC_0LA1RA	rk:5:0	false	2.1
1RB0RB_0RC0LA_1LD1LA_0LD1RB	rk:4:0	false	1.1
1RB0RB_0RC0LA_1LD1LA_0LD1RB	rk:5:0	false	2.3
1RB0RB_0RC0LA_1LD1LA_0LD1RC	rk:4:0	false	1.2
1RB0RB_0RC0LA_1LD1LA_0LD1RC	rk:5:0	false	2.9
1RB0RB_0RC0LB_1LD1RC_0LA1LB	rk:4:0	true	1.0
1RB0RB_0RC0LD_1LB1RC_0LA0LB	rk:4:0	true	1.2
1RB0RB_0RC0LD_1LB1RC_0LA1LB	rk:4:0	false	1.3
1RB0RB_0RC0LD_1LB1RC_0LA1LB	rk:5:0	true	1.4
1RB0RB_0RC0LD_1LD1RC_0LA1LB	rk:4:0	false	1.7
1RB0RB_0RC0LD_1LD1RC_0LA1LB	rk:5:0	false	2.9
1RB0RB_0RC1LD_1LB1RC_0LA0LB	rk:4:0	false	1.5
1RB0RB_0RC1LD_1LB1RC_0LA0LB	rk:5:0	false	3.4
1RB0RB_0RC1LD_1LD1RC_0LA0LB	rk:4:0	true	0.9
1RB0RB_0RC1RB_1LD0RB_0LD1LA	rk:4:0	false	7.0
1RB0RB_0RC1RB_1LD0RB_0LD1LA	rk:5:0	false	57.4
1RB0RB_0RC1RB_1LD0RC_0LD1LA	rk:4:0	false	1.0
1RB0RB_0RC1RB_1LD0RC_0LD1LA	rk:5:0	false	1.9
1RB0RB_0RC1RC_0LD1LA_1LD0LA	rk:4:0	false	1.5
1RB0RB_0RC1RC_0LD1LA_1LD0LA	rk:5:0	false	4.5
1RB0RB_0RC1RC_1LD0RB_0LD1LA	rk:4:0	false	8.2
1RB0RB_0RC1RC_1LD0RB_0LD1LA	rk:5:0	false	87.3
1RB0RB_1LA1LC_1RD0LB_1LB0RD	rk:4:0	false	1.6
1RB0RB_1LA1LC_1RD0LB_1LB0RD	rk:5:0	false	5.1
1RB0RB_1LA1LC_1RD0LC_0RD0LA	rk:4:0	false	1.1
1RB0RB_1LA1LC_1RD0LC_0RD0LA	rk:5:0	false	2.4
1RB0RB_1LA1RC_0LD1RC_1RA1LD	rk:4:0	false	1.1
1RB0RB_1LA1RC_0LD1RC_1RA1LD	rk:5:0	false	1.6
1RB0RB_1LA1RC_1LD0RC_0LD0LA	rk:4:0	false	1.2
1RB0RB_1LA1RC_1LD0RC_0LD0LA	rk:5:0	false	2.3
1RB0RB_1LB0LC_1LA1RD_0RD0LA	rk:4:0	false	1.0
1RB0RB_1LB0LC_1LA1RD_0RD0LA	rk:5:0	false	2.3
1RB0RB_1LB0LC_1RD1LC_0RB0RA	rk:4:0	false	3.5
1RB0RB_1LB0LC_1RD1LC_0RB0RA	rk:5:0	false	12.3
1RB0RB_1LB0LC_1RD1LC_1LC0RA	rk:4:0	false	1.9
1RB0RB_1LB0LC_1RD1LC_1LC0RA	rk:5:0	false	3.5
1RB0RB_1LB0LC_1RD1LC_1RA0RA	rk:4:0	false	5.3
1RB0RB_1LB0LC_1RD1LC_1RA0RA	rk:5:0	false	21.0
1RB0RB_1LB0LC_1RD1LD_1RA0RA	rk:4:0	false	0.9
1RB0RB_1LB0LC_1RD1LD_1RA0RA	rk:5:0	false	1.0
1RB0RB_1LB1LC_1RA0LD_1RA1LD	rk:4:0	false	1.2
1RB0RB_1LB1LC_1RA0LD_1RA1LD	rk:5:0	false	2.0
1RB0RB_1LC0LA_0LC1RD_1LA0RD	rk:4:0	false	1.4
1RB0RB_1LC0LA_0LC1RD_1LA0RD	rk:5:0	false	3.8
1RB0RB_1LC0LA_1RD0LC_0RD1LA	rk:4:0	false	1.1
1RB0RB_1LC0LA_1RD0LC_0RD1LA	rk:5:0	false	2.5
1RB0RB_1LC0LC_1LA1RD_0RD0LA	rk:4:0	false	1.3
1RB0RB_1LC0LC_1LA1RD_0RD0LA	rk:5:0	false	3.4
1RB0RB_1LC0LC_1RA1LD_0RA0LD	rk:4:0	false	1.5
1RB0RB_1LC0LC_1RA1LD_0RA0LD	rk:5:0	false	4.6
1RB0RB_1LC0LD_0RB0LB_1RD0RA	rk:4:0	false	2.6
1RB0RB_1LC0LD_0RB0LB_1RD0RA	rk:5:0	false	2.5
1RB0RB_1LC0LD_1RA1LB_0LB0LC	rk:4:0	false	1.4
1RB0RB_1LC0LD_1RA1LB_0LB0LC	rk:5:0	false	2.2
1RB0RB_1LC0RA_0LC0LD_1RD1RB	rk:4:0	false	18.2
1RB0RB_1LC0RA_0LC0LD_1RD1RB	rk:5:0	false	153.0
1RB0RB_1LC0RA_0RD0LB_0RA1RD	rk:4:0	false	1.1
1RB0RB_1LC0RA_0RD0LB_0RA1RD	rk:5:0	false	1.1
1RB0RB_1LC0RA_0RD0LB_1RA1RD	rk:4:0	false	0.9
1RB0RB_1LC0RA_0RD0LB_1RA1RD	rk:5:0	false	1.2
1RB0RB_1LC0RA_1LD0LB_1RA1LB	rk:4:0	false	6.7
1RB0RB_1LC0RA_1LD0LB_1RA1LB	rk:5:0	false	24.6
1RB0RB_1LC0RA_1LD0LB_1RA1LC	rk:4:0	false	6.5
1RB0RB_1LC0RA_1LD0LB_1RA1LC	rk:5:0	false	31.6
1RB0RB_1LC0RA_1LD0LC_1RB0LD	rk:4:0	false	48.3
1RB0RB_1LC0RA_1LD0LC_1RB0LD	rk:5:0	timeout	300.1
1RB0RB_1LC0RA_1RA0LD_0LB0RD	rk:4:0	false	10.0
1RB0RB_1LC0RA_1RA0LD_0LB0RD	rk:5:0	false	71.6
1RB0RB_1LC0RA_1RA0LD_0LB1LC	rk:4:0	false	9.8
1RB0RB_1LC0RA_1RA0LD_0LB1LC	rk:5:0	false	70.5
1RB0RB_1LC0RA_1RD0LB_0RA1RD	rk:4:0	false	1.1
1RB0RB_1LC0RA_1RD0LB_0RA1RD	rk:5:0	false	1.7
1RB0RB_1LC0RA_1RD0LD_0LB0RC	rk:4:0	false	12.7
1RB0RB_1LC0RA_1RD0LD_0LB0RC	rk:5:0	true	4.5
1RB0RB_1LC0RB_0LC1LD_0RD1RA	rk:4:0	false	1.0
1RB0RB_1LC0RB_0LC1LD_0RD1RA	rk:5:0	false	1.9
1RB0RB_1LC0RC_0LD0LD_1RA1LD	rk:4:0	false	1.7
1RB0RB_1LC0RC_0LD0LD_1RA1LD	rk:5:0	false	2.7
1RB0RB_1LC0RC_1LB0LD_1RA1LD	rk:4:0	false	1.8
1RB0RB_1LC0RC_1LB0LD_1RA1LD	rk:5:0	false	2.9
1RB0RB_1LC0RC_1LC0LD_1RA1LD	rk:4:0	false	2.7
1RB0RB_1LC0RC_1LC0LD_1RA1LD	rk:5:0	false	5.8
1RB0RB_1LC0RC_1LD0LD_1RA1LD	rk:4:0	false	1.9
1RB0RB_1LC0RC_1LD0LD_1RA1LD	rk:5:0	false	3.2
1RB0RB_1LC0RC_1RA0LD_0LB0LC	rk:4:0	false	24.6
1RB0RB_1LC0RC_1RA0LD_0LB0LC	rk:5:0	false	260.0
1RB0RB_1LC0RD_1LA0LC_1RD0LA	rk:4:0	false	1.4
1RB0RB_1LC0RD_1LA0LC_1RD0LA	rk:5:0	false	3.7
1RB0RB_1LC0RD_1RD0LB_0LA1RA	rk:4:0	false	4.8
1RB0RB_1LC0RD_1RD0LB_0LA1RA	rk:5:0	false	14.8
1RB0RB_1LC1LD_0LC0LD_0RA1RA	rk:4:0	false	1.2
1RB0RB_1LC1LD_0LC0LD_0RA1RA	rk:5:0	false	2.6
1RB0RB_1LC1LD_0LC1RA_0LD0RA	rk:4:0	false	5.0
1RB0RB_1LC1LD_0LC1RA_0LD0RA	rk:5:0	false	56.8
1RB0RB_1LC1LD_1LA1RC_0RA0LD	rk:4:0	false	1.2
1RB0RB_1LC1LD_1LA1RC_0RA0LD	rk:5:0	false	2.0
1RB0RB_1LC1RA_0LA0LD_1RD1LB	rk:4:0	false	1.2
1RB0RB_1LC1RA_0LA0LD_1RD1LB	rk:5:0	true	2.0
1RB0RB_1LC1RA_0LA1LD_0RA0LC	rk:4:0	false	2.3
1RB0RB_1LC1RA_0LA1LD_0RA0LC	rk:5:0	false	7.9
1RB0RB_1LC1RA_0LA1LD_1LA0LC	rk:4:0	false	5.5
1RB0RB_1LC1RA_0LA1LD_1LA0LC	rk:5:0	false	38.2
1RB0RB_1LC1RA_0LA1LD_1RA0LC	rk:4:0	false	2.2
1RB0RB_1LC1RA_0LA1LD_1RA0LC	rk:5:0	true	5.0
1RB0RB_1LC1RA_0LA1LD_1RB0LC	rk:4:0	false	2.5
1RB0RB_1LC1RA_0LA1LD_1RB0LC	rk:5:0	false	6.5
1RB0RB_1LC1RA_0LC0LD_0RA0RD	rk:4:0	false	6.8
1RB0RB_1LC1RA_0LC0LD_0RA0RD	rk:5:0	false	62.6
1RB0RB_1LC1RA_0LD0LC_1RD0RB	rk:4:0	false	8.3
1RB0RB_1LC1RA_0LD0LC_1RD0RB	rk:5:0	false	38.6
1RB0RB_1LC1RA_0LD0LC_1RD1LB	rk:4:0	false	9.4
1RB0RB_1LC1RA_0LD0LC_1RD1LB	rk:5:0	false	49.5
1RB0RB_1LC1RA_0LD0RD_1RD1LB	rk:4:0	false	1.7
1RB0RB_1LC1RA_0LD0RD_1RD1LB	rk:5:0	false	2.0
1RB0RB_1LC1RA_0LD1LA_1RB0LC	rk:4:0	true	6.4
1RB0RB_1LC1RA_0LD1LC_1RD1LB	rk:4:0	false	1.5
1RB0RB_1LC1RA_0LD1LC_1RD1LB	rk:5:0	false	1.5
1RB0RB_1LC1RA_0LD1LD_1RB0LC	rk:4:0	false	3.0
1RB0RB_1LC1RA_0LD1LD_1RB0LC	rk:5:0	false	14.0
1RB0RB_1LC1RA_1LA0LD_0LB0LA	rk:4:0	false	12.3
1RB0RB_1LC1RA_1LA0LD_0LB0LA	rk:5:0	false	57.2
1RB0RB_1LC1RA_1LA0LD_0LB0LC	rk:4:0	false	22.9
1RB0RB_1LC1RA_1LA0LD_0LB0LC	rk:5:0	false	261.9
1RB0RB_1LC1RA_1LA0LD_0LC0LB	rk:4:0	false	30.7
1RB0RB_1LC1RA_1LA0LD_0LC0LB	rk:5:0	false	117.7
1RB0RB_1LC1RA_1LD0LC_0RA0LD	rk:4:0	false	9.7
1RB0RB_1LC1RA_1LD0LC_0RA0LD	rk:5:0	false	55.4
1RB0RB_1LC1RA_1LD0LC_1LA0RD	rk:4:0	true	7.3
1RB0RB_1LC1RA_1LD0LC_1RA1LC	rk:4:0	false	2.4
1RB0RB_1LC1RA_1LD0LC_1RA1LC	rk:5:0	false	9.8
1RB0RB_1LC1RB_---0LD_1RA1LD	rk:4:0	false	0.7
1RB0RB_1LC1RB_---0LD_1RA1LD	rk:5:0	false	0.7
1RB0RB_1LC1RB_1LD0LD_1RA0LA	rk:4:0	false	1.8
1RB0RB_1LC1RB_1LD0LD_1RA0LA	rk:5:0	false	3.0
1RB0RB_1LC1RB_1LD1RA_1LA0LD	rk:4:0	false	8.7
1RB0RB_1LC1RB_1LD1RA_1LA0LD	rk:5:0	false	45.3
1RB0RB_1LC1RC_0RA1LD_1RC0LD	rk:4:0	false	9.6
1RB0RB_1LC1RC_0RA1LD_1RC0LD	rk:5:0	false	77.1
1RB0RB_1LC1RC_1LD1LA_0LD0RA	rk:4:0	false	0.9
1RB0RB_1LC1RC_1LD1LA_0LD0RA	rk:5:0	false	1.3
1RB0RB_1LC1RC_1RA1LD_0LB0LC	rk:4:0	false	1.0
1RB0RB_1LC1RC_1RA1LD_0LB0LC	rk:5:0	false	1.2
1RB0RB_1LC1RC_1RA1LD_0RA0LC	rk:4:0	false	1.1
1RB0RB_1LC1RC_1RA1LD_0RA0LC	rk:5:0	false	1.4
1RB0RB_1LC1RC_1RA1LD_1LB0LC	rk:4:0	false	1.2
1RB0RB_1LC1RC_1RA1LD_1LB0LC	rk:5:0	false	2.0
1RB0RB_1LC1RC_1RA1LD_1RA0LC	rk:4:0	false	1.0
1RB0RB_1LC1RC_1RA1LD_1RA0LC	rk:5:0	false	1.2
1RB0RB_1LC1RD_0LB1LA_1LB0RD	rk:4:0	false	2.0
1RB0RB_1LC1RD_0LB1LA_1LB0RD	rk:5:0	false	5.3
1RB0RB_1LC1RD_0LB1LA_1LC0RD	rk:4:0	false	1.2
1RB0RB_1LC1RD_0LB1LA_1LC0RD	rk:5:0	false	2.3
1RB0RB_1LC1RD_0LC0RD_0LA1LA	rk:4:0	false	1.3
1RB0RB_1LC1RD_0LC0RD_0LA1LA	rk:5:0	false	3.5
1RB0RB_1LC1RD_0LC1LA_0RD0LA	rk:4:0	false	1.1
1RB0RB_1LC1RD_0LC1LA_0RD0LA	rk:5:0	false	2.5
1RB0RB_1LC1RD_0LC1LA_1LB0RD	rk:4:0	false	1.5
1RB0RB_1LC1RD_0LC1LA_1LB0RD	rk:5:0	false	2.7
1RB0RB_1LC1RD_0RA1LB_1RA0LC	rk:4:0	false	8.9
1RB0RB_1LC1RD_0RA1LB_1RA0LC	rk:5:0	false	55.7
1RB0RB_1LC1RD_0RD0LC_1LA0LA	rk:4:0	false	1.4
1RB0RB_1LC1RD_0RD0LC_1LA0LA	rk:5:0	false	3.6
1RB0RB_1RC---_1LD0RC_0LD0LA	rk:4:0	false	1.1
1RB0RB_1RC---_1LD0RC_0LD0LA	rk:5:0	false	2.2
1RB0RB_1RC0LA_0LD0RA_1RA1LD	rk:4:0	false	0.8
1RB0RB_1RC0LA_0LD0RA_1RA1LD	rk:5:0	false	0.9
1RB0RB_1RC0LA_1LD0RC_0LD1LA	rk:4:0	false	1.0
1RB0RB_1RC0LA_1LD0RC_0LD1LA	rk:5:0	false	1.9
1RB0RB_1RC0LD_1LA0RC_1LD0LA	rk:4:0	false	1.3
1RB0RB_1RC0LD_1LA0RC_1LD0LA	rk:5:0	false	3.3
1RB0RB_1RC0LD_1LD0LA_0RC1LA	rk:4:0	false	1.3
1RB0RB_1RC0LD_1LD0LA_0RC1LA	rk:5:0	false	3.1
1RB0RB_1RC0LD_1LD0LA_1RB1LA	rk:4:0	false	1.2
1RB0RB_1RC0LD_1LD0LA_1RB1LA	rk:5:0	false	2.6
1RB0RB_1RC0RC_1LC0LD_1RA1LD	rk:4:0	false	5.4
1RB0RB_1RC0RC_1LC0LD_1RA1LD	rk:5:0	false	21.2
1RB0RB_1RC1LB_0LD0RA_1LB0LD	rk:4:0	true	0.8
1RB0RB_1RC1LD_0LD0RC_0LA1LA	rk:4:0	false	1.6
1RB0RB_1RC1LD_0LD0RC_0LA1LA	rk:5:0	false	4.6
1RB0RB_1RC1LD_1LA0LA_0LD0RC	rk:4:0	false	1.3
1RB0RB_1RC1LD_1LA0LA_0LD0RC	rk:5:0	false	3.4
1RB0RB_1RC1LD_1LD0RA_1LB0LD	rk:4:0	false	10.2
1RB0RB_1RC1LD_1LD0RA_1LB0LD	rk:5:0	false	38.7
1RB0RB_1RC1RA_0LD1LC_1RD1LB	rk:4:0	false	1.3
1RB0RB_1RC1RA_0LD1LC_1RD1LB	rk:5:0	false	2.2
1RB0RB_1RC1RB_0LC0LD_1RA1LD	rk:4:0	false	1.1
1RB0RB_1RC1RB_0LC0LD_1RA1LD	rk:5:0	false	1.4
1RB0RB_1RC1RB_1LD1LC_0RA0LD	rk:4:0	false	1.5
1RB0RB_1RC1RB_1LD1LC_0RA0LD	rk:5:0	false	4.2
1RB0RC_0LA0RB_0LD1RC_1LA1LD	rk:4:0	false	2.6
1RB0RC_0LA0RB_0LD1RC_1LA1LD	rk:5:0	false	8.9
1RB0RC_0LA1LC_0RD0LB_1LB1RD	rk:4:0	false	1.6
1RB0RC_0LA1LC_0RD0LB_1LB1RD	rk:5:0	false	3.1
1RB0RC_0LA1RA_0LD1RB_1RC1LD	rk:4:0	false	1.2
1RB0RC_0LA1RA_0LD1RB_1RC1LD	rk:5:0	false	2.0
1RB0RC_0LA1RB_0LD0RB_1RC1LD	rk:4:0	false	1.0
1RB0RC_0LA1RB_0LD0RB_1RC1LD	rk:5:0	false	1.5
1RB0RC_0LA1RC_1LA1LD_0LD0RB	rk:4:0	false	1.4
1RB0RC_0LA1RC_1LA1LD_0LD0RB	rk:5:0	false	3.4
1RB0RC_0LA1RC_1LD0LD_1LA0RB	rk:4:0	false	1.3
1RB0RC_0LA1RC_1LD0LD_1LA0RB	rk:5:0	false	3.2
1RB0RC_0LB1LA_---1RD_1LB0RD	rk:4:0	false	1.0
1RB0RC_0LB1LA_---1RD_1LB0RD	rk:5:0	false	2.0
1RB0RC_0LB1LA_0LB1RD_1LC0RD	rk:4:0	false	1.1
1RB0RC_0LB1LA_0LB1RD_1LC0RD	rk:5:0	false	2.0
1RB0RC_0LB1LA_0RD1RC_1LB0RC	rk:4:0	false	4.7
1RB0RC_0LB1LA_0RD1RC_1LB0RC	rk:5:0	false	35.3
1RB0RC_0LB1LA_0RD1RD_1LB0RC	rk:4:0	false	2.2
1RB0RC_0LB1LA_0RD1RD_1LB0RC	rk:5:0	false	12.4
1RB0RC_0LB1LA_1LB1RD_1LC0RD	rk:4:0	false	0.9
1RB0RC_0LB1LA_1LB1RD_1LC0RD	rk:5:0	false	1.2
1RB0RC_0LB1RC_0LD1RB_1RA1LD	rk:4:0	false	1.1
1RB0RC_0LB1RC_0LD1RB_1RA1LD	rk:5:0	false	1.5
1RB0RC_0LC0RA_1LA0LD_1RA1LD	rk:4:0	false	1.1
1RB0RC_0LC0RA_1LA0LD_1RA1LD	rk:5:0	false	1.7
1RB0RC_0LC0RA_1RA0LD_1LC1LA	rk:4:0	false	1.5
1RB0RC_0LC0RA_1RA0LD_1LC1LA	rk:5:0	false	3.9
1RB0RC_0LC0RA_1RD0LD_1RA1LD	rk:4:0	false	1.6
1RB0RC_0LC0RA_1RD0LD_1RA1LD	rk:5:0	false	2.6
1RB0RC_0LC0RB_1LA1LD_1LC---	rk:4:0	false	0.8
1RB0RC_0LC0RB_1LA1LD_1LC---	rk:5:0	false	0.7
1RB0RC_0LC0RD_1LA1LB_0RA0RB	rk:4:0	false	1.1
1RB0RC_0LC0RD_1LA1LB_0RA0RB	rk:5:0	true	0.9
1RB0RC_0LC0RD_1LA1LC_0LA1RB	rk:4:0	true	0.8
1RB0RC_0LC0RD_1LA1LC_0LC1RB	rk:4:0	true	0.8
1RB0RC_0LC1LA_0LB1RD_1LB0RD	rk:4:0	false	1.1
1RB0RC_0LC1LA_0LB1RD_1LB0RD	rk:5:0	false	2.0
1RB0RC_0LC1LA_0LB1RD_1LC0RD	rk:4:0	false	1.0
1RB0RC_0LC1LA_0LB1RD_1LC0RD	rk:5:0	false	1.9
1RB0RC_0LC1LA_0LC1RD_1LB0RD	rk:4:0	false	1.0
1RB0RC_0LC1LA_0LC1RD_1LB0RD	rk:5:0	false	2.0
1RB0RC_0LC1LA_1LB1RD_1LB0RD	rk:4:0	false	0.9
1RB0RC_0LC1LA_1LB1RD_1LB0RD	rk:5:0	false	1.3
1RB0RC_0LC1LB_0LD1LC_1RD0RA	rk:4:0	false	1.5
1RB0RC_0LC1LB_0LD1LC_1RD0RA	rk:5:0	false	4.2
1RB0RC_0LC1LB_0RD1LB_1RA1RC	rk:4:0	false	0.9
1RB0RC_0LC1LB_0RD1LB_1RA1RC	rk:5:0	false	1.2
1RB0RC_0LC1RA_0LD1LC_0RA1LA	rk:4:0	false	1.4
1RB0RC_0LC1RA_0LD1LC_0RA1LA	rk:5:0	false	2.3
1RB0RC_0LC1RA_0LD1LC_0RD1LA	rk:4:0	false	2.8
1RB0RC_0LC1RA_0LD1LC_0RD1LA	rk:5:0	false	6.0
1RB0RC_0LC1RA_0LD1RC_1RB1LD	rk:4:0	false	1.0
1RB0RC_0LC1RA_0LD1RC_1RB1LD	rk:5:0	false	1.5
1RB0RC_0LC1RB_0LD1LC_1RD0RA	rk:4:0	false	1.6
1RB0RC_0LC1RB_0LD1LC_1RD0RA	rk:5:0	false	4.4
1RB0RC_0LC1RD_0LB1LA_1LB0RD	rk:4:0	false	1.0
1RB0RC_0LC1RD_0LB1LA_1LB0RD	rk:5:0	false	1.9
1RB0RC_0LC1RD_0LB1LA_1LC0RD	rk:4:0	false	1.1
1RB0RC_0LC1RD_0LB1LA_1LC0RD	rk:5:0	false	2.1
1RB0RC_0LC1RD_0LC1LA_1LB0RD	rk:4:0	false	1.1
1RB0RC_0LC1RD_0LC1LA_1LB0RD	rk:5:0	false	2.0
1RB0RC_0LC1RD_1LB1LA_1LB0RD	rk:4:0	false	0.9
1RB0RC_0LC1RD_1LB1LA_1LB0RD	rk:5:0	false	1.2
1RB0RC_0LC1RD_1LB1LA_1LC0RD	rk:4:0	false	1.7
1RB0RC_0LC1RD_1LB1LA_1LC0RD	rk:5:0	false	3.5
1RB0RC_0LC1RD_1RB0LD_1RA1LC	rk:4:0	true	0.8
1RB0RC_0RC0LA_0LD1RA_1LD0LA	rk:4:0	false	1.1
1RB0RC_0RC0LA_0LD1RA_1LD0LA	rk:5:0	false	1.2
1RB0RC_0RC0LA_1LD1RC_1LB0LB	rk:4:0	false	1.8
1RB0RC_0RC0LA_1LD1RC_1LB0LB	rk:5:0	false	2.9
1RB0RC_0RC0LD_1LD1RA_1LB0LD	rk:4:0	false	2.5
1RB0RC_0RC0LD_1LD1RA_1LB0LD	rk:5:0	false	9.8
1RB0RC_0RC0LD_1RD1RA_1LB1LA	rk:4:0	false	4.9
1RB0RC_0RC0LD_1RD1RA_1LB1LA	rk:5:0	false	6.4
1RB0RC_0RC0RA_1LC0LD_1RB1LD	rk:4:0	false	3.7
1RB0RC_0RC0RA_1LC0LD_1RB1LD	rk:5:0	false	12.5
1RB0RC_0RC1LB_1LD1RC_0LB0LA	rk:4:0	false	1.7
1RB0RC_0RC1LB_1LD1RC_0LB0LA	rk:5:0	false	4.5
1RB0RC_1LA0LA_0RB1LD_1RC0LD	rk:4:0	false	1.4
1RB0RC_1LA0LA_0RB1LD_1RC0LD	rk:5:0	false	3.2
1RB0RC_1LA0RD_0LB1LD_1LB1RA	rk:4:0	true	0.9
1RB0RC_1LA0RD_1LC1LB_0LC0RB	rk:4:0	false	2.3
1RB0RC_1LA0RD_1LC1LB_0LC0RB	rk:5:0	false	5.7
1RB0RC_1LA1RB_0LD1LC_0RB1LD	rk:4:0	false	1.0
1RB0RC_1LA1RB_0LD1LC_0RB1LD	rk:5:0	false	1.4
1RB0RC_1LB1RA_0RB0LD_1LC1LD	rk:4:0	false	23.0
1RB0RC_1LB1RA_0RB0LD_1LC1LD	rk:5:0	false	111.6
1RB0RC_1LC0LA_0LD1RA_1LD0LA	rk:4:0	false	1.0
1RB0RC_1LC0LA_0LD1RA_1LD0LA	rk:5:0	false	1.3
1RB0RC_1LC0LB_1RA0LD_1LB1RB	rk:4:0	false	1.4
1RB0RC_1LC0LB_1RA0LD_1LB1RB	rk:5:0	false	4.1
1RB0RC_1LC0LD_1RA0LB_0LA0RA	rk:4:0	false	13.7
1RB0RC_1LC0LD_1RA0LB_0LA0RA	rk:5:0	false	140.9
1RB0RC_1LC0LD_1RA0LB_0LA0RB	rk:4:0	false	6.7
1RB0RC_1LC0LD_1RA0LB_0LA0RB	rk:5:0	false	7.7
1RB0RC_1LC0LD_1RA0LB_0LA1LC	rk:4:0	false	7.5
1RB0RC_1LC0LD_1RA0LB_0LA1LC	rk:5:0	false	5.8
1RB0RC_1LC0LD_1RA0LB_1LB0LA	rk:4:0	false	14.1
1RB0RC_1LC0LD_1RA0LB_1LB0LA	rk:5:0	false	49.4
1RB0RC_1LC0LD_1RA0LB_1LB0LC	rk:4:0	false	1.8
1RB0RC_1LC0LD_1RA0LB_1LB0LC	rk:5:0	false	5.5
1RB0RC_1LC0LD_1RA0LB_1LC0RB	rk:4:0	false	0.9
1RB0RC_1LC0LD_1RA0LB_1LC0RB	rk:5:0	false	0.9
1RB0RC_1LC0LD_1RA0LB_1LC0RD	rk:4:0	false	0.9
1RB0RC_1LC0LD_1RA0LB_1LC0RD	rk:5:0	false	0.9
1RB0RC_1LC0LD_1RA1RD_1RC1LB	rk:4:0	false	2.1
1RB0RC_1LC0LD_1RA1RD_1RC1LB	rk:5:0	false	4.2
1RB0RC_1LC0RA_0LD1LB_1LA0LA	rk:4:0	false	1.9
1RB0RC_1LC0RA_0LD1LB_1LA0LA	rk:5:0	false	1.1
1RB0RC_1LC0RA_0LD1LB_1LA1LC	rk:4:0	false	1.4
1RB0RC_1LC0RA_0LD1LB_1LA1LC	rk:5:0	false	2.2
1RB0RC_1LC0RA_0RD0LB_1RA1RD	rk:4:0	false	0.9
1RB0RC_1LC0RA_0RD0LB_1RA1RD	rk:5:0	true	0.8
1RB0RC_1LC0RA_1RA1LD_0LC0LA	rk:4:0	false	11.1
1RB0RC_1LC0RA_1RA1LD_0LC0LA	rk:5:0	false	64.0
1RB0RC_1LC0RA_1RD0LB_0RA1RD	rk:4:0	false	1.2
1RB0RC_1LC0RA_1RD0LB_0RA1RD	rk:5:0	true	0.9
1RB0RC_1LC0RA_1RD0LB_1RA1RD	rk:4:0	false	1.1
1RB0RC_1LC0RA_1RD0LB_1RA1RD	rk:5:0	false	1.6
1RB0RC_1LC0RB_0LD1LA_0LD1RA	rk:4:0	false	1.1
1RB0RC_1LC0RB_0LD1LA_0LD1RA	rk:5:0	false	1.9
1RB0RC_1LC0RB_1LD1LA_0LC1RA	rk:4:0	false	0.9
1RB0RC_1LC0RB_1LD1LA_0LC1RA	rk:5:0	false	1.3
1RB0RC_1LC0RB_1LD1LA_0LC1RC	rk:4:0	false	1.6
1RB0RC_1LC0RB_1LD1LA_0LC1RC	rk:5:0	false	5.4
1RB0RC_1LC0RB_1LD1LA_0LD1RC	rk:4:0	false	1.1
1RB0RC_1LC0RB_1LD1LA_0LD1RC	rk:5:0	false	1.5
1RB0RC_1LC0RB_1RA0LD_1LC0LD	rk:4:0	false	11.4
1RB0RC_1LC0RB_1RA0LD_1LC0LD	rk:5:0	false	50.9
1RB0RC_1LC0RB_1RA0LD_1LC1LB	rk:4:0	false	26.4
1RB0RC_1LC0RB_1RA0LD_1LC1LB	rk:5:0	false	194.9
1RB0RC_1LC0RC_1RA0LD_0LC1LD	rk:4:0	false	2.6
1RB0RC_1LC0RC_1RA0LD_0LC1LD	rk:5:0	false	10.9
1RB0RC_1LC0RC_1RA0LD_1LC0LB	rk:4:0	false	0.8
1RB0RC_1LC0RC_1RA0LD_1LC0LB	rk:5:0	false	0.8
1RB0RC_1LC0RC_1RA0LD_1LC0LD	rk:4:0	false	0.8
1RB0RC_1LC0RC_1RA0LD_1LC0LD	rk:5:0	false	0.8
1RB0RC_1LC0RC_1RA0LD_1LC1LB	rk:4:0	false	1.2
1RB0RC_1LC0RC_1RA0LD_1LC1LB	rk:5:0	false	2.4
1RB0RC_1LC0RC_1RA1LD_1RB0LD	rk:4:0	false	3.1
1RB0RC_1LC0RC_1RA1LD_1RB0LD	rk:5:0	true	4.2
1RB0RC_1LC0RD_1LA0LC_0RD0LA	rk:4:0	false	0.9
1RB0RC_1LC0RD_1LA0LC_0RD0LA	rk:5:0	false	1.7
1RB0RC_1LC0RD_1LD0LB_1RB1RA	rk:4:0	false	8.4
1RB0RC_1LC0RD_1LD0LB_1RB1RA	rk:5:0	false	11.4
1RB0RC_1LC0RD_1LD0LD_1RA0LB	rk:4:0	false	9.3
1RB0RC_1LC0RD_1LD0LD_1RA0LB	rk:5:0	false	50.8
1RB0RC_1LC0RD_1RA0LD_1LC0LD	rk:4:0	false	3.6
1RB0RC_1LC0RD_1RA0LD_1LC0LD	rk:5:0	false	20.8
1RB0RC_1LC0RD_1RA0LD_1LC1LB	rk:4:0	false	3.8
1RB0RC_1LC0RD_1RA0LD_1LC1LB	rk:5:0	false	9.1
1RB0RC_1LC1LA_0LB1RD_1LB0RD	rk:4:0	false	1.8
1RB0RC_1LC1LA_0LB1RD_1LB0RD	rk:5:0	false	3.3
1RB0RC_1LC1LA_0LB1RD_1LC0RD	rk:4:0	false	0.8
1RB0RC_1LC1LA_0LB1RD_1LC0RD	rk:5:0	false	1.2
1RB0RC_1LC1LA_0LC1RD_1LB0RD	rk:4:0	false	0.9
1RB0RC_1LC1LA_0LC1RD_1LB0RD	rk:5:0	false	1.2
1RB0RC_1LC1LA_1RA1LD_0LB0LA	rk:4:0	false	0.9
1RB0RC_1LC1LA_1RA1LD_0LB0LA	rk:5:0	false	1.3
1RB0RC_1LC1LB_1RA0LD_0RB0LA	rk:4:0	false	5.3
1RB0RC_1LC1LB_1RA0LD_0RB0LA	rk:5:0	false	8.1
1RB0RC_1LC1LB_1RA0LD_1RC0LA	rk:4:0	false	3.2
1RB0RC_1LC1LB_1RA0LD_1RC0LA	rk:5:0	false	5.5
1RB0RC_1LC1LD_1RA0LB_0LC1LA	rk:4:0	false	6.1
1RB0RC_1LC1LD_1RA0LB_0LC1LA	rk:5:0	false	1.4
1RB0RC_1LC1LD_1RA0LB_0LC1RA	rk:4:0	false	1.0
1RB0RC_1LC1LD_1RA0LB_0LC1RA	rk:5:0	false	1.0
1RB0RC_1LC1LD_1RA0LB_0RC1RA	rk:4:0	false	1.0
1RB0RC_1LC1LD_1RA0LB_0RC1RA	rk:5:0	false	1.0
1RB0RC_1LC1LD_1RA0LB_1LC0RA	rk:4:0	false	3.4
1RB0RC_1LC1LD_1RA0LB_1LC0RA	rk:5:0	false	14.2
1RB0RC_1LC1LD_1RA0LB_1LC1LA	rk:4:0	false	3.2
1RB0RC_1LC1LD_1RA0LB_1LC1LA	rk:5:0	false	3.3
1RB0RC_1LC1LD_1RA0LB_1LC1RA	rk:4:0	false	1.3
1RB0RC_1LC1LD_1RA0LB_1LC1RA	rk:5:0	false	2.6
1RB0RC_1LC1LD_1RA0LB_1LD1LA	rk:4:0	false	3.9
1RB0RC_1LC1LD_1RA0LB_1LD1LA	rk:5:0	false	0.8
1RB0RC_1LC1LD_1RD1LB_1RA0LB	rk:4:0	false	4.9
1RB0RC_1LC1LD_1RD1LB_1RA0LB	rk:5:0	false	16.3
1RB0RC_1LC1RA_0LC0LD_0RA1LB	rk:4:0	false	1.9
1RB0RC_1LC1RA_0LC0LD_0RA1LB	rk:5:0	false	5.7
1RB0RC_1LC1RA_1RA0LD_0LC1LD	rk:4:0	false	4.4
1RB0RC_1LC1RA_1RA0LD_0LC1LD	rk:5:0	false	30.8
1RB0RC_1LC1RA_1RA0LD_1LC0LD	rk:4:0	false	4.9
1RB0RC_1LC1RA_1RA0LD_1LC0LD	rk:5:0	false	29.3
1RB0RC_1LC1RA_1RA0LD_1LC1LA	rk:4:0	false	6.5
1RB0RC_1LC1RA_1RA0LD_1LC1LA	rk:5:0	false	44.0
1RB0RC_1LC1RA_1RA1LD_0LC0LA	rk:4:0	false	2.5
1RB0RC_1LC1RA_1RA1LD_0LC0LA	rk:5:0	false	5.2
1RB0RC_1LC1RB_0RA0LD_0LB0LC	rk:4:0	true	0.9
1RB0RC_1LC1RB_1RA0LD_1LC0LD	rk:4:0	false	1.9
1RB0RC_1LC1RB_1RA0LD_1LC0LD	rk:5:0	false	8.6
1RB0RC_1LC1RC_1RA0LD_1LC0LD	rk:4:0	false	5.5
1RB0RC_1LC1RC_1RA0LD_1LC0LD	rk:5:0	false	29.2
1RB0RC_1LC1RC_1RA0LD_1LC1LB	rk:4:0	false	4.2
1RB0RC_1LC1RC_1RA0LD_1LC1LB	rk:5:0	false	15.9
1RB0RC_1LC1RD_0LB1LA_1LC0RD	rk:4:0	false	0.9
1RB0RC_1LC1RD_0LB1LA_1LC0RD	rk:5:0	false	1.2
1RB0RC_1LC1RD_0LC1LA_1LB0RD	rk:4:0	false	0.9
1RB0RC_1LC1RD_0LC1LA_1LB0RD	rk:5:0	false	1.3
1RB0RC_1LC1RD_1RA1LD_0LC0LA	rk:4:0	false	6.6
1RB0RC_1LC1RD_1RA1LD_0LC0LA	rk:5:0	false	1.3
1RB0RC_1RC---_0LD0RA_0LA1LD	rk:4:0	false	0.8
1RB0RC_1RC---_0LD0RA_0LA1LD	rk:5:0	false	0.8
1RB0RC_1RC---_1LD1RA_0LA1RA	rk:4:0	false	1.1
1RB0RC_1RC---_1LD1RA_0LA1RA	rk:5:0	false	1.8
1RB0RC_1RC0LA_0LD0RB_1LB1LD	rk:4:0	false	1.4
1RB0RC_1RC0LA_0LD0RB_1LB1LD	rk:5:0	false	2.6
1RB0RC_1RC0LB_1LD1RD_1LA0LA	rk:4:0	false	1.1
1RB0RC_1RC0LB_1LD1RD_1LA0LA	rk:5:0	false	2.4
1RB0RC_1RC0LD_1LD0LA_0RB1LA	rk:4:0	false	1.3
1RB0RC_1RC0LD_1LD0LA_0RB1LA	rk:5:0	false	3.5
1RB0RC_1RC0RA_0LD0LA_1RA1LD	rk:4:0	true	0.9
1RB0RC_1RC0RA_1LD0LC_1RB1LC	rk:4:0	true	1.4
1RB0RC_1RC0RA_1LD0LD_1LA1LD	rk:4:0	false	9.8
1RB0RC_1RC0RA_1LD0LD_1LA1LD	rk:5:0	false	43.8
1RB0RC_1RC0RB_1LA0LD_1LD0LA	rk:4:0	false	7.9
1RB0RC_1RC0RB_1LA0LD_1LD0LA	rk:5:0	false	97.7
1RB0RC_1RC1LB_0LB0RD_0LA1RD	rk:4:0	false	0.9
1RB0RC_1RC1LB_0LB0RD_0LA1RD	rk:5:0	false	1.3
1RB0RC_1RC1LB_0LD0RA_1LA0LD	rk:4:0	true	1.0
1RB0RC_1RC1LB_0LD0RA_1LB0LD	rk:4:0	true	1.0
1RB0RC_1RC1LB_1LD0RA_0LD1RA	rk:4:0	false	11.2
1RB0RC_1RC1LB_1LD0RA_0LD1RA	rk:5:0	false	84.6
1RB0RC_1RC1LB_1LD0RC_0LB0LA	rk:4:0	false	2.3
1RB0RC_1RC1LB_1LD0RC_0LB0LA	rk:5:0	false	7.2
1RB0RC_1RC1LB_1LD1RA_0LD0LC	rk:4:0	false	7.2
1RB0RC_1RC1LB_1LD1RA_0LD0LC	rk:5:0	false	33.3
1RB0RC_1RC1LC_0LD1RA_1LB1LD	rk:4:0	false	2.2
1RB0RC_1RC1LC_0LD1RA_1LB1LD	rk:5:0	false	4.0
1RB0RC_1RC1LC_1LD1RA_1LB0LB	rk:4:0	false	1.3
1RB0RC_1RC1LC_1LD1RA_1LB0LB	rk:5:0	false	1.9
1RB0RC_1RC1LD_1LB0RA_0LC1LC	rk:4:0	false	2.9
1RB0RC_1RC1LD_1LB0RA_0LC1LC	rk:5:0	false	4.3
1RB0RC_1RC1RA_1LD0RB_1LA0LC	rk:4:0	false	1.4
1RB0RC_1RC1RA_1LD0RB_1LA0LC	rk:5:0	false	4.6
1RB0RC_1RC1RA_1LD1LA_0RA0LD	rk:4:0	false	19.3
1RB0RC_1RC1RA_1LD1LA_0RA0LD	rk:5:0	false	181.5
1RB0RC_1RC1RB_0LD1RA_1LB1LD	rk:4:0	false	1.2
1RB0RC_1RC1RB_0LD1RA_1LB1LD	rk:5:0	false	1.6
1RB0RD_0LB0LC_1LD1LB_1RA1RD	rk:4:0	false	1.2
1RB0RD_0LB0LC_1LD1LB_1RA1RD	rk:5:0	false	1.8
1RB0RD_0LB0LC_1RA1LD_1LC0RA	rk:4:0	false	0.9
1RB0RD_0LB0LC_1RA1LD_1LC0RA	rk:5:0	false	1.3
1RB0RD_0LB0LC_1RD1LC_0LC1RA	rk:4:0	false	1.8
1RB0RD_0LB0LC_1RD1LC_0LC1RA	rk:5:0	false	4.4
1RB0RD_0LB1LC_0RC1RA_1LB0RD	rk:4:0	false	1.1
1RB0RD_0LB1LC_0RC1RA_1LB0RD	rk:5:0	false	1.9
1RB0RD_0LB1LC_1RA1LB_1RA0RD	rk:4:0	false	3.3
1RB0RD_0LB1LC_1RA1LB_1RA0RD	rk:5:0	false	18.2
1RB0RD_0LB1LC_1RA1LB_1RA1RD	rk:4:0	false	1.8
1RB0RD_0LB1LC_1RA1LB_1RA1RD	rk:5:0	false	4.9
1RB0RD_0LB1LC_1RD1LB_1RA0RD	rk:4:0	false	11.2
1RB0RD_0LB1LC_1RD1LB_1RA0RD	rk:5:0	false	85.9
1RB0RD_0LB1RC_1LD0RC_0LB1LA	rk:4:0	false	1.1
1RB0RD_0LB1RC_1LD0RC_0LB1LA	rk:5:0	false	1.9
1RB0RD_0LB1RC_1LD0RC_1LB1LA	rk:4:0	false	0.9
1RB0RD_0LB1RC_1LD0RC_1LB1LA	rk:5:0	false	1.2
1RB0RD_0LC0LD_1RD1LC_1RA0RB	rk:4:0	true	0.8
1RB0RD_0LC0RA_1LA1LC_0LA1RD	rk:4:0	false	1.4
1RB0RD_0LC0RA_1LA1LC_0LA1RD	rk:5:0	false	3.3
1RB0RD_0LC0RA_1RA1LC_0LA0LC	rk:4:0	false	1.0
1RB0RD_0LC0RA_1RA1LC_0LA0LC	rk:5:0	false	1.6
1RB0RD_0LC0RA_1RC1LD_1LB1RA	rk:4:0	false	3.6
1RB0RD_0LC0RA_1RC1LD_1LB1RA	rk:5:0	false	19.2
1RB0RD_0LC0RB_1LA1LC_0LA1RD	rk:4:0	false	1.5
1RB0RD_0LC0RB_1LA1LC_0LA1RD	rk:5:0	false	4.0
1RB0RD_0LC0RB_1LA1LC_0LC1RD	rk:4:0	false	2.5
1RB0RD_0LC0RB_1LA1LC_0LC1RD	rk:5:0	false	8.9
1RB0RD_0LC0RD_1LD0LC_1RA0LA	rk:4:0	true	0.8
1RB0RD_0LC0RD_1LD0LC_1RA0LB	rk:4:0	true	0.8
1RB0RD_0LC0RD_1LD1LA_1RA0LB	rk:4:0	true	0.8
1RB0RD_0LC1RA_0RB1LC_1LB0LA	rk:4:0	true	1.0
1RB0RD_0LC1RA_0RB1LC_1LB0LB	rk:4:0	true	1.1
1RB0RD_0LC1RA_0RB1LC_1LB0LD	rk:4:0	true	0.9
1RB0RD_0LC1RA_1LA1LD_0RB1LB	rk:4:0	false	1.3
1RB0RD_0LC1RA_1LA1LD_0RB1LB	rk:5:0	false	1.4
1RB0RD_0LC1RA_1RB1LC_0LB0RB	rk:4:0	false	1.0
1RB0RD_0LC1RA_1RB1LC_0LB0RB	rk:5:0	true	1.2
1RB0RD_0LC1RA_1RB1LC_0LC1RD	rk:4:0	false	1.1
1RB0RD_0LC1RA_1RB1LC_0LC1RD	rk:5:0	false	1.5
1RB0RD_0LC1RA_1RB1LC_0LD0RB	rk:4:0	false	1.1
1RB0RD_0LC1RA_1RB1LC_0LD0RB	rk:5:0	true	1.3
1RB0RD_0LC1RA_1RD1LC_0LA1RB	rk:4:0	false	1.0
1RB0RD_0LC1RA_1RD1LC_0LA1RB	rk:5:0	false	1.5
1RB0RD_0LC1RB_1RA1LC_0LA1RB	rk:4:0	false	1.1
1RB0RD_0LC1RB_1RA1LC_0LA1RB	rk:5:0	false	1.6
1RB0RD_0LC1RB_1RA1LC_0LC1RB	rk:4:0	false	1.1
1RB0RD_0LC1RB_1RA1LC_0LC1RB	rk:5:0	false	1.5
1RB0RD_0LC1RB_1RA1LC_1LA1RB	rk:4:0	false	1.1
1RB0RD_0LC1RB_1RA1LC_1LA1RB	rk:5:0	false	1.7
1RB0RD_0LC1RC_0RA1LD_1RC0LD	rk:4:0	false	3.7
1RB0RD_0LC1RC_0RA1LD_1RC0LD	rk:5:0	false	19.2
1RB0RD_0LC1RD_1LD1LA_1RA1LB	rk:4:0	false	1.0
1RB0RD_0LC1RD_1LD1LA_1RA1LB	rk:5:0	false	1.4
1RB0RD_0LC1RD_1RA1LC_0LC1RB	rk:4:0	false	1.2
1RB0RD_0LC1RD_1RA1LC_0LC1RB	rk:5:0	false	1.7
1RB0RD_0RC0LB_1LD1RC_0LA1LB	rk:4:0	true	0.9
1RB0RD_0RC0LB_1LD1RD_1LB1RA	rk:4:0	false	4.6
1RB0RD_0RC0LB_1LD1RD_1LB1RA	rk:5:0	false	21.4
1RB0RD_0RC0LD_1LB1RC_0LA0LB	rk:4:0	true	1.0
1RB0RD_0RC0LD_1LB1RC_0LA1LB	rk:4:0	true	0.9
1RB0RD_0RC0LD_1LD1RA_1LB0LD	rk:4:0	false	3.4
1RB0RD_0RC0LD_1LD1RA_1LB0LD	rk:5:0	false	17.5
1RB0RD_0RC0LD_1LD1RC_0LA1LB	rk:4:0	false	1.6
1RB0RD_0RC0LD_1LD1RC_0LA1LB	rk:5:0	false	3.1
1RB0RD_0RC1LB_1LA1RC_0LB1LD	rk:4:0	false	1.0
1RB0RD_0RC1LB_1LA1RC_0LB1LD	rk:5:0	false	1.4
1RB0RD_0RC1LB_1LD1RC_0LB0LA	rk:4:0	false	1.9
1RB0RD_0RC1LB_1LD1RC_0LB0LA	rk:5:0	false	5.2
1RB0RD_0RC1RA_0RD1RB_1LD0LA	rk:4:0	false	0.9
1RB0RD_0RC1RA_0RD1RB_1LD0LA	rk:5:0	false	1.2
1RB0RD_0RC1RA_1LD1LA_1LD0LA	rk:4:0	false	0.8
1RB0RD_0RC1RA_1LD1LA_1LD0LA	rk:5:0	false	0.9
1RB0RD_0RC1RB_1LD0RB_0LD1LA	rk:4:0	false	3.9
1RB0RD_0RC1RB_1LD0RB_0LD1LA	rk:5:0	false	26.8
1RB0RD_0RC1RB_1LD0RC_0LD1LA	rk:4:0	false	1.1
1RB0RD_0RC1RB_1LD0RC_0LD1LA	rk:5:0	false	2.2
1RB0RD_0RC1RC_1LD0RB_0LD1LA	rk:4:0	false	8.1
1RB0RD_0RC1RC_1LD0RB_0LD1LA	rk:5:0	false	73.5
1RB0RD_1LB0LC_1LD1LB_1RA1RD	rk:4:0	false	1.0
1RB0RD_1LB0LC_1LD1LB_1RA1RD	rk:5:0	false	1.3
1RB0RD_1LC0LA_1LA0LC_1RD0RB	rk:4:0	false	8.1
1RB0RD_1LC0LA_1LA0LC_1RD0RB	rk:5:0	false	97.8
1RB0RD_1LC0LA_1RD1LA_0LB1RC	rk:4:0	true	1.0
1RB0RD_1LC0LB_0RA1LB_1RA1RC	rk:4:0	false	2.6
1RB0RD_1LC0LB_0RA1LB_1RA1RC	rk:5:0	false	10.5
1RB0RD_1LC0LB_0RA1LB_1RA1RD	rk:4:0	true	1.9
1RB0RD_1LC0LB_1LD0LB_1RD0RA	rk:4:0	false	10.9
1RB0RD_1LC0LB_1LD0LB_1RD0RA	rk:5:0	false	107.8
1RB0RD_1LC0LB_1LD1LA_1RA0LC	rk:4:0	false	2.1
1RB0RD_1LC0LB_1LD1LA_1RA0LC	rk:5:0	false	4.7
1RB0RD_1LC0LB_1RA0LB_1RD0RC	rk:4:0	false	16.3
1RB0RD_1LC0LB_1RA0LB_1RD0RC	rk:5:0	false	123.6
1RB0RD_1LC0LB_1RA1LB_1RA0RB	rk:4:0	true	1.4
1RB0RD_1LC0LC_1LD0LB_1RD0RA	rk:4:0	false	7.7
1RB0RD_1LC0LC_1LD0LB_1RD0RA	rk:5:0	false	58.1
1RB0RD_1LC0LC_1LD1LC_1RA0RB	rk:4:0	false	9.9
1RB0RD_1LC0LC_1LD1LC_1RA0RB	rk:5:0	false	44.4
1RB0RD_1LC0LC_1RA1LB_0RA0RB	rk:4:0	false	15.3
1RB0RD_1LC0LC_1RA1LB_0RA0RB	rk:5:0	false	115.9
1RB0RD_1LC0LC_1RA1LB_0RC0RB	rk:4:0	false	13.1
1RB0RD_1LC0LC_1RA1LB_0RC0RB	rk:5:0	false	57.8
1RB0RD_1LC0LC_1RA1LB_0RC0RD	rk:4:0	false	29.3
1RB0RD_1LC0LC_1RA1LB_0RC0RD	rk:5:0	timeout	300.1
1RB0RD_1LC0LC_1RD1LB_0RB1RA	rk:4:0	false	7.4
1RB0RD_1LC0LC_1RD1LB_0RB1RA	rk:5:0	false	52.6
1RB0RD_1LC0LD_1LD0LC_1RA1RA	rk:4:0	true	1.0
1RB0RD_1LC0LD_1LD1LB_1RA0LC	rk:4:0	false	1.4
1RB0RD_1LC0LD_1LD1LB_1RA0LC	rk:5:0	false	4.7
1RB0RD_1LC0RA_0LD0LC_1LA1LB	rk:4:0	false	0.9
1RB0RD_1LC0RA_0LD0LC_1LA1LB	rk:5:0	true	0.9
1RB0RD_1LC0RA_1LA0LB_0RC0LA	rk:4:0	false	6.5
1RB0RD_1LC0RA_1LA0LB_0RC0LA	rk:5:0	false	7.6
1RB0RD_1LC0RA_1LA0LB_0RC0LC	rk:4:0	false	14.2
1RB0RD_1LC0RA_1LA0LB_0RC0LC	rk:5:0	false	137.9
1RB0RD_1LC0RA_1LA0LB_0RC0RB	rk:4:0	false	8.8
1RB0RD_1LC0RA_1LA0LB_0RC0RB	rk:5:0	false	6.0
1RB0RD_1LC0RA_1LA0LB_0RC0RC	rk:4:0	false	6.3
1RB0RD_1LC0RA_1LA0LB_0RC0RC	rk:5:0	false	60.4
1RB0RD_1LC0RA_1LA0LB_0RC1RB	rk:4:0	false	7.4
1RB0RD_1LC0RA_1LA0LB_0RC1RB	rk:5:0	false	5.8
1RB0RD_1LC0RA_1LA0LB_1RA0RC	rk:4:0	false	14.5
1RB0RD_1LC0RA_1LA0LB_1RA0RC	rk:5:0	false	50.8
1RB0RD_1LC0RA_1LA0LB_1RB0LA	rk:4:0	false	0.8
1RB0RD_1LC0RA_1LA0LB_1RB0LA	rk:5:0	false	0.9
1RB0RD_1LC0RA_1LA0LB_1RB0LD	rk:4:0	false	0.9
1RB0RD_1LC0RA_1LA0LB_1RB0LD	rk:5:0	false	0.9
1RB0RD_1LC0RA_1LA1LC_0RC0LB	rk:4:0	true	3.2
1RB0RD_1LC0RA_1LA1LC_1LD0LC	rk:4:0	false	5.4
1RB0RD_1LC0RA_1LA1LC_1LD0LC	rk:5:0	false	21.7
1RB0RD_1LC0RA_1LD0LB_1RB0LB	rk:4:0	false	0.8
1RB0RD_1LC0RA_1LD0LB_1RB0LB	rk:5:0	false	0.8
1RB0RD_1LC0RA_1LD0LC_1RA0LB	rk:4:0	false	20.3
1RB0RD_1LC0RA_1LD0LC_1RA0LB	rk:5:0	false	164.9
1RB0RD_1LC0RA_1RA1LB_0RC1RB	rk:4:0	false	1.5
1RB0RD_1LC0RA_1RA1LB_0RC1RB	rk:5:0	false	5.3
1RB0RD_1LC0RB_0LC1RA_1LD1LA	rk:4:0	false	1.1
1RB0RD_1LC0RB_0LC1RA_1LD1LA	rk:5:0	false	2.1
1RB0RD_1LC0RB_0LC1RD_0LA0RB	rk:4:0	false	1.0
1RB0RD_1LC0RB_0LC1RD_0LA0RB	rk:5:0	false	2.0
1RB0RD_1LC0RB_0LC1RD_0LA1LA	rk:4:0	false	1.1
1RB0RD_1LC0RB_0LC1RD_0LA1LA	rk:5:0	false	2.5
1RB0RD_1LC0RB_0LC1RD_1LA1LA	rk:4:0	false	1.0
1RB0RD_1LC0RB_0LC1RD_1LA1LA	rk:5:0	false	1.9
1RB0RD_1LC0RB_0LC1RD_1LC1LA	rk:4:0	false	1.1
1RB0RD_1LC0RB_0LC1RD_1LC1LA	rk:5:0	false	2.0
1RB0RD_1LC0RC_1LD0LC_1RA0LC	rk:4:0	false	3.6
1RB0RD_1LC0RC_1LD0LC_1RA0LC	rk:5:0	false	20.3
1RB0RD_1LC0RC_1RA0LB_1RB---	rk:4:0	false	0.9
1RB0RD_1LC0RC_1RA0LB_1RB---	rk:5:0	false	1.9
1RB0RD_1LC0RC_1RA0LD_0LC1LD	rk:4:0	false	3.3
1RB0RD_1LC0RC_1RA0LD_0LC1LD	rk:5:0	false	12.3
1RB0RD_1LC0RC_1RA0LD_1RC0LB	rk:4:0	false	1.0
1RB0RD_1LC0RC_1RA0LD_1RC0LB	rk:5:0	false	1.9
1RB0RD_1LC0RC_1RA1LC_1LD0LC	rk:4:0	false	1.8
1RB0RD_1LC0RC_1RA1LC_1LD0LC	rk:5:0	false	2.8
1RB0RD_1LC0RD_0RA1LD_1RC0LD	rk:4:0	false	4.3
1RB0RD_1LC0RD_0RA1LD_1RC0LD	rk:5:0	false	18.1
1RB0RD_1LC0RD_1LA1LB_0LB1RA	rk:4:0	false	1.5
1RB0RD_1LC0RD_1LA1LB_0LB1RA	rk:5:0	false	3.3
1RB0RD_1LC1LA_0LC1RD_0LA0RB	rk:4:0	false	1.3
1RB0RD_1LC1LA_0LC1RD_0LA0RB	rk:5:0	false	3.2
1RB0RD_1LC1LA_0LC1RD_0RB0RB	rk:4:0	false	1.1
1RB0RD_1LC1LA_0LC1RD_0RB0RB	rk:5:0	false	2.6
1RB0RD_1LC1LA_0LC1RD_0RB0RD	rk:4:0	false	1.2
1RB0RD_1LC1LA_0LC1RD_0RB0RD	rk:5:0	false	2.3
1RB0RD_1LC1LA_0LC1RD_1LC0RB	rk:4:0	false	1.2
1RB0RD_1LC1LA_0LC1RD_1LC0RB	rk:5:0	false	2.7
1RB0RD_1LC1LB_0RA0LB_0LC1RA	rk:4:0	true	0.9
1RB0RD_1LC1LB_0RA0LB_1RC1RA	rk:4:0	true	1.6
1RB0RD_1LC1LB_0RA0LC_1RA1RD	rk:4:0	false	6.6
1RB0RD_1LC1LB_0RA0LC_1RA1RD	rk:5:0	false	38.5
1RB0RD_1LC1LB_0RA0LC_1RB1RD	rk:4:0	false	1.6
1RB0RD_1LC1LB_0RA0LC_1RB1RD	rk:5:0	false	4.4
1RB0RD_1LC1LB_0RA1RD_1RA0LB	rk:4:0	true	1.2
1RB0RD_1LC1LB_0RD0LC_1RA1RD	rk:4:0	true	2.6
1RB0RD_1LC1LB_1RA0LB_0RB1RA	rk:4:0	false	1.1
1RB0RD_1LC1LB_1RA0LB_0RB1RA	rk:5:0	false	1.7
1RB0RD_1LC1LB_1RA0LB_1LC1RA	rk:4:0	false	1.1
1RB0RD_1LC1LB_1RA0LB_1LC1RA	rk:5:0	false	1.7
1RB0RD_1LC1LB_1RA0LC_0LB0RD	rk:4:0	false	43.2
1RB0RD_1LC1LB_1RA0LC_0LB0RD	rk:5:0	timeout	300.1
1RB0RD_1LC1LB_1RD0LB_0RD1RA	rk:4:0	false	13.5
1RB0RD_1LC1LB_1RD0LB_0RD1RA	rk:5:0	false	64.6
1RB0RD_1LC1LB_1RD0LB_1RD1RA	rk:4:0	false	1.1
1RB0RD_1LC1LB_1RD0LB_1RD1RA	rk:5:0	false	1.5
1RB0RD_1LC1LD_0RD0LB_1LB1RA	rk:4:0	false	2.5
1RB0RD_1LC1LD_0RD0LB_1LB1RA	rk:5:0	false	4.4
1RB0RD_1LC1LD_1LA0LB_1LB1RA	rk:4:0	false	2.1
1RB0RD_1LC1LD_1LA0LB_1LB1RA	rk:5:0	false	4.1
1RB0RD_1LC1LD_1RD0LB_0RA1RC	rk:4:0	true	4.7
1RB0RD_1LC1RA_---0LD_1LA1RB	rk:4:0	true	0.8
1RB0RD_1LC1RA_0LD1LA_1RA0LB	rk:4:0	false	4.1
1RB0RD_1LC1RA_0LD1LA_1RA0LB	rk:5:0	false	22.7
1RB0RD_1LC1RA_0RB0LD_1LC1LB	rk:4:0	false	1.1
1RB0RD_1LC1RA_0RB0LD_1LC1LB	rk:5:0	false	1.4
1RB0RD_1LC1RA_1LD0LC_1RA0LC	rk:4:0	false	4.9
1RB0RD_1LC1RA_1LD0LC_1RA0LC	rk:5:0	false	29.6
1RB0RD_1LC1RA_1LD0LC_1RA0RA	rk:4:0	true	4.0
1RB0RD_1LC1RA_1LD0LC_1RA0RD	rk:4:0	true	1.7
1RB0RD_1LC1RA_1LD0LC_1RA1LD	rk:4:0	false	12.4
1RB0RD_1LC1RA_1LD0LC_1RA1LD	rk:5:0	false	88.4
1RB0RD_1LC1RA_1LD0LD_1RA0LC	rk:4:0	false	6.4
1RB0RD_1LC1RA_1LD0LD_1RA0LC	rk:5:0	false	34.4
1RB0RD_1LC1RB_1LD0LC_1RA0LC	rk:4:0	false	2.0
1RB0RD_1LC1RB_1LD0LC_1RA0LC	rk:5:0	false	8.5
1RB0RD_1LC1RB_1LD0LC_1RA0RA	rk:4:0	true	3.7
1RB0RD_1LC1RB_1LD0LC_1RA0RD	rk:4:0	true	1.8
1RB0RD_1LC1RB_1LD0LC_1RA1LD	rk:4:0	false	9.7
1RB0RD_1LC1RB_1LD0LC_1RA1LD	rk:5:0	false	62.4
1RB0RD_1LC1RD_0RA1LB_1LA0LC	rk:4:0	true	1.0
1RB0RD_1LC1RD_1LA0LC_1RA1LD	rk:4:0	false	18.5
1RB0RD_1LC1RD_1LA0LC_1RA1LD	rk:5:0	false	157.3
1RB0RD_1LC1RD_1LD0LC_1RA0LC	rk:4:0	false	5.6
1RB0RD_1LC1RD_1LD0LC_1RA0LC	rk:5:0	false	29.6
1RB0RD_1LC1RD_1LD0LC_1RA0RA	rk:4:0	true	4.3
1RB0RD_1LC1RD_1LD0LC_1RA0RD	rk:4:0	true	2.6
1RB0RD_1LC1RD_1LD0LC_1RA1LD	rk:4:0	false	24.9
1RB0RD_1LC1RD_1LD0LC_1RA1LD	rk:5:0	false	210.7
1RB0RD_1LC1RD_1LD0LD_1RA0LC	rk:4:0	false	6.4
1RB0RD_1LC1RD_1LD0LD_1RA0LC	rk:5:0	false	26.1
1RB0RD_1RC---_0LA1RA_1LD0LA	rk:4:0	false	0.8
1RB0RD_1RC---_0LA1RA_1LD0LA	rk:5:0	false	0.8
1RB0RD_1RC0LB_1LD1LB_1RA0LC	rk:4:0	false	1.2
1RB0RD_1RC0LB_1LD1LB_1RA0LC	rk:5:0	false	3.6
1RB0RD_1RC0LD_1LB1RA_0LC1RC	rk:4:0	true	0.8
1RB0RD_1RC0RA_1LD0RB_1LB0LC	rk:4:0	false	14.7
1RB0RD_1RC0RA_1LD0RB_1LB0LC	rk:5:0	false	52.0
1RB0RD_1RC0RD_0LB1RA_1LD0LA	rk:4:0	false	0.9
1RB0RD_1RC0RD_0LB1RA_1LD0LA	rk:5:0	false	1.0
1RB0RD_1RC1LB_0LB1RA_0LB1RD	rk:4:0	false	1.0
1RB0RD_1RC1LB_0LB1RA_0LB1RD	rk:5:0	false	1.6
1RB0RD_1RC1LB_0LD1RA_0LB1RD	rk:4:0	false	1.0
1RB0RD_1RC1LB_0LD1RA_0LB1RD	rk:5:0	false	1.6
1RB0RD_1RC1LB_0RD0RA_1LD0LB	rk:4:0	false	3.3
1RB0RD_1RC1LB_0RD0RA_1LD0LB	rk:5:0	false	9.6
1RB0RD_1RC1LB_1LA1RD_0LC0RD	rk:4:0	true	0.8
1RB0RD_1RC1LB_1LB1RA_0LB1RD	rk:4:0	false	1.1
1RB0RD_1RC1LB_1LB1RA_0LB1RD	rk:5:0	false	1.5
1RB0RD_1RC1LB_1LB1RA_1LD0LA	rk:4:0	false	0.9
1RB0RD_1RC1LB_1LB1RA_1LD0LA	rk:5:0	false	1.2
1RB0RD_1RC1LB_1LD1RA_0LB1RD	rk:4:0	false	1.0
1RB0RD_1RC1LB_1LD1RA_0LB1RD	rk:5:0	false	1.5
1RB0RD_1RC1LB_1LD1RA_0RB0LB	rk:4:0	false	3.3
1RB0RD_1RC1LB_1LD1RA_0RB0LB	rk:5:0	false	3.4
1RB0RD_1RC1LB_1RD1RA_0LB1RD	rk:4:0	false	1.1
1RB0RD_1RC1LB_1RD1RA_0LB1RD	rk:5:0	false	1.5
1RB0RD_1RC1LC_0LB1RA_1LD0LA	rk:4:0	false	0.9
1RB0RD_1RC1LC_0LB1RA_1LD0LA	rk:5:0	false	0.9
1RB0RD_1RC1LD_1LB1RA_1LD0LA	rk:4:0	false	0.9
1RB0RD_1RC1LD_1LB1RA_1LD0LA	rk:5:0	false	1.0
1RB0RD_1RC1RD_1LB1RA_1LD0LA	rk:4:0	false	0.9
1RB0RD_1RC1RD_1LB1RA_1LD0LA	rk:5:0	false	1.0
1RB1LA_0LA0LC_0RD1RC_0LA1RD	rk:4:0	false	1.0
1RB1LA_0LA0LC_0RD1RC_0LA1RD	rk:5:0	false	1.5
1RB1LA_0LA0LC_1LC1RD_0RB0RD	rk:4:0	false	13.0
1RB1LA_0LA0LC_1LC1RD_0RB0RD	rk:5:0	false	128.6
1RB1LA_0LA0RC_0LA0RD_0LA1RC	rk:4:0	true	0.9
1RB1LA_0LA0RC_0LA0RD_0LA1RD	rk:4:0	false	1.3
1RB1LA_0LA0RC_0LA0RD_0LA1RD	rk:5:0	false	2.6
1RB1LA_0LA0RC_0LA1RC_------	rk:4:0	false	1.0
1RB1LA_0LA0RC_0LA1RC_------	rk:5:0	false	1.2
1RB1LA_0LA0RC_0LA1RD_0LA0RB	rk:4:0	true	0.9
1RB1LA_0LA0RC_0LA1RD_0LA1RB	rk:4:0	true	0.8
1RB1LA_0LA0RC_0LA1RD_0LA1RC	rk:4:0	false	1.2
1RB1LA_0LA0RC_0LA1RD_0LA1RC	rk:5:0	false	1.8
1RB1LA_0LA0RC_0LA1RD_0LA1RD	rk:4:0	false	1.1
1RB1LA_0LA0RC_0LA1RD_0LA1RD	rk:5:0	false	1.6
1RB1LA_0LA0RC_0LA1RD_0LB0RB	rk:4:0	true	0.9
1RB1LA_0LA0RC_0LA1RD_0LB1RB	rk:4:0	true	0.8
1RB1LA_0LA0RC_0LA1RD_0LD0RB	rk:4:0	true	0.9
1RB1LA_0LA0RC_0LA1RD_0LD1RB	rk:4:0	true	0.8
1RB1LA_0LA0RC_0LA1RD_0LD1RC	rk:4:0	false	1.1
1RB1LA_0LA0RC_0LA1RD_0LD1RC	rk:5:0	false	1.6
1RB1LA_0LA0RC_0LD0RB_1LD1LA	rk:4:0	false	1.6
1RB1LA_0LA0RC_0LD0RB_1LD1LA	rk:5:0	false	5.0
1RB1LA_0LA0RC_0LD0RB_1LD1RC	rk:4:0	false	2.6
1RB1LA_0LA0RC_0LD0RB_1LD1RC	rk:5:0	false	8.0
1RB1LA_0LA0RC_0LD1RB_1RC1LD	rk:4:0	false	1.5
1RB1LA_0LA0RC_0LD1RB_1RC1LD	rk:5:0	false	3.4
1RB1LA_0LA0RC_0LD1RC_0RB0RB	rk:4:0	false	1.0
1RB1LA_0LA0RC_0LD1RC_0RB0RB	rk:5:0	false	1.4
1RB1LA_0LA0RC_0LD1RC_0RB1LA	rk:4:0	false	1.1
1RB1LA_0LA0RC_0LD1RC_0RB1LA	rk:5:0	false	1.6
1RB1LA_0LA0RC_0LD1RC_0RB1RB	rk:4:0	false	1.0
1RB1LA_0LA0RC_0LD1RC_0RB1RB	rk:5:0	false	1.4
1RB1LA_0LA0RC_0LD1RC_1LA0RB	rk:4:0	false	1.0
1RB1LA_0LA0RC_0LD1RC_1LA0RB	rk:5:0	false	1.3
1RB1LA_0LA0RC_0LD1RC_1LA1RB	rk:4:0	false	0.9
1RB1LA_0LA0RC_0LD1RC_1LA1RB	rk:5:0	false	1.3
1RB1LA_0LA0RC_0LD1RC_1LC0RB	rk:4:0	false	1.0
1RB1LA_0LA0RC_0LD1RC_1LC0RB	rk:5:0	false	1.4
1RB1LA_0LA0RC_0LD1RC_1LC1RB	rk:4:0	false	1.0
1RB1LA_0LA0RC_0LD1RC_1LC1RB	rk:5:0	false	1.3
1RB1LA_0LA0RC_0LD1RC_1RA0RB	rk:4:0	false	0.9
1RB1LA_0LA0RC_0LD1RC_1RA0RB	rk:5:0	false	1.3
1RB1LA_0LA0RC_0LD1RC_1RA1LA	rk:4:0	false	1.1
1RB1LA_0LA0RC_0LD1RC_1RA1LA	rk:5:0	false	1.6
1RB1LA_0LA0RC_0LD1RC_1RA1LB	rk:4:0	false	2.5
1RB1LA_0LA0RC_0LD1RC_1RA1LB	rk:5:0	false	5.2
1RB1LA_0LA0RC_0LD1RC_1RA1RB	rk:4:0	false	1.0
1RB1LA_0LA0RC_0LD1RC_1RA1RB	rk:5:0	false	1.2
1RB1LA_0LA0RC_0LD1RC_1RB0RB	rk:4:0	false	1.0
1RB1LA_0LA0RC_0LD1RC_1RB0RB	rk:5:0	false	1.3
1RB1LA_0LA0RC_0LD1RC_1RB1LA	rk:4:0	false	1.1
1RB1LA_0LA0RC_0LD1RC_1RB1LA	rk:5:0	false	1.5
1RB1LA_0LA0RC_0LD1RC_1RB1RB	rk:4:0	false	0.9
1RB1LA_0LA0RC_0LD1RC_1RB1RB	rk:5:0	false	1.3
1RB1LA_0LA0RC_0LD1RC_1RC0RB	rk:4:0	false	1.0
1RB1LA_0LA0RC_0LD1RC_1RC0RB	rk:5:0	false	1.3
1RB1LA_0LA0RC_0LD1RC_1RC1RB	rk:4:0	false	1.0
1RB1LA_0LA0RC_0LD1RC_1RC1RB	rk:5:0	false	1.3
1RB1LA_0LA0RC_0RD0RB_1LB0LB	rk:4:0	true	1.1
1RB1LA_0LA0RC_0RD0RB_1LB0LC	rk:4:0	true	0.9
1RB1LA_0LA0RC_0RD1RB_1LB0LB	rk:4:0	false	1.2
1RB1LA_0LA0RC_0RD1RB_1LB0LB	rk:5:0	true	1.3
1RB1LA_0LA0RC_0RD1RB_1LB0LC	rk:4:0	true	0.8
1RB1LA_0LA0RC_0RD1RC_1LD0LA	rk:4:0	false	7.5
1RB1LA_0LA0RC_0RD1RC_1LD0LA	rk:5:0	false	21.4
1RB1LA_0LA0RC_0RD1RD_0LB0RB	rk:4:0	true	0.9
1RB1LA_0LA0RC_0RD1RD_0LB0RC	rk:4:0	true	0.8
1RB1LA_0LA0RC_0RD1RD_0LB1RB	rk:4:0	true	0.8
1RB1LA_0LA0RC_1LC1LD_1RB0LA	rk:4:0	false	1.1
1RB1LA_0LA0RC_1LC1LD_1RB0LA	rk:5:0	false	1.9
1RB1LA_0LA0RC_1RD1RC_0LD0LA	rk:4:0	false	1.0
1RB1LA_0LA0RC_1RD1RC_0LD0LA	rk:5:0	false	1.3
1RB1LA_0LA1LC_0LC1RD_0RD0RB	rk:4:0	false	2.7
1RB1LA_0LA1LC_0LC1RD_0RD0RB	rk:5:0	false	12.0
1RB1LA_0LA1LC_0RD0LC_1RD0RB	rk:4:0	false	2.7
1RB1LA_0LA1LC_0RD0LC_1RD0RB	rk:5:0	false	12.0
1RB1LA_0LA1LC_1RD0LC_0RD0RB	rk:4:0	false	1.0
1RB1LA_0LA1LC_1RD0LC_0RD0RB	rk:5:0	false	2.0
1RB1LA_0LA1LC_1RD0LC_0RD1RB	rk:4:0	false	1.0
1RB1LA_0LA1LC_1RD0LC_0RD1RB	rk:5:0	false	1.9
1RB1LA_0LA1RC_0LA0RD_0LA0RB	rk:4:0	false	1.3
1RB1LA_0LA1RC_0LA0RD_0LA0RB	rk:5:0	true	1.1
1RB1LA_0LA1RC_0LA0RD_0LA0RC	rk:4:0	true	0.8
1RB1LA_0LA1RC_0LA0RD_0LA1RB	rk:4:0	false	0.9
1RB1LA_0LA1RC_0LA0RD_0LA1RB	rk:5:0	true	0.9
1RB1LA_0LA1RC_0LA0RD_0LA1RD	rk:4:0	false	1.2
1RB1LA_0LA1RC_0LA0RD_0LA1RD	rk:5:0	false	1.8
1RB1LA_0LA1RC_0LA1RD_0LA0RC	rk:4:0	false	0.9
1RB1LA_0LA1RC_0LA1RD_0LA0RC	rk:5:0	true	0.9
1RB1LA_0LA1RC_0LA1RD_0LA0RD	rk:4:0	true	0.8
1RB1LA_0LA1RC_0LA1RD_0LB0RC	rk:4:0	false	1.0
1RB1LA_0LA1RC_0LA1RD_0LB0RC	rk:5:0	true	0.9
1RB1LA_0LA1RC_0LA1RD_0RB0LC	rk:4:0	false	1.3
1RB1LA_0LA1RC_0LA1RD_0RB0LC	rk:5:0	false	2.0
1RB1LA_0LA1RC_0LC0RD_0LA0RB	rk:4:0	true	0.9
1RB1LA_0LA1RC_0LC0RD_0LA1RB	rk:4:0	true	0.8
1RB1LA_0LA1RC_0LC0RD_0LA1RD	rk:4:0	false	1.1
1RB1LA_0LA1RC_0LC0RD_0LA1RD	rk:5:0	false	1.5
1RB1LA_0LA1RC_0LC1RD_0LA0RD	rk:4:0	true	0.8
1RB1LA_0LA1RC_0LD0RB_---1RB	rk:4:0	false	1.2
1RB1LA_0LA1RC_0LD0RB_---1RB	rk:5:0	false	2.6
1RB1LA_0LA1RC_0LD0RB_0LA1RD	rk:4:0	false	1.8
1RB1LA_0LA1RC_0LD0RB_0LA1RD	rk:5:0	false	4.3
1RB1LA_0LA1RC_0LD0RB_0RA1LD	rk:4:0	false	2.9
1RB1LA_0LA1RC_0LD0RB_0RA1LD	rk:5:0	false	7.6
1RB1LA_0LA1RC_0LD0RB_1LA0RC	rk:4:0	false	1.8
1RB1LA_0LA1RC_0LD0RB_1LA0RC	rk:5:0	false	4.3
1RB1LA_0LA1RC_0LD0RB_1RA0LD	rk:4:0	false	1.5
1RB1LA_0LA1RC_0LD0RB_1RA0LD	rk:5:0	false	3.5
1RB1LA_0LA1RC_0LD0RB_1RC1LD	rk:4:0	false	1.6
1RB1LA_0LA1RC_0LD0RB_1RC1LD	rk:5:0	false	3.5
1RB1LA_0LA1RC_0LD0RC_1LD0RB	rk:4:0	false	2.7
1RB1LA_0LA1RC_0LD0RC_1LD0RB	rk:5:0	false	9.4
1RB1LA_0LA1RC_0LD0RD_0LA0RB	rk:4:0	false	1.3
1RB1LA_0LA1RC_0LD0RD_0LA0RB	rk:5:0	true	1.1
1RB1LA_0LA1RC_0LD0RD_0LA1RB	rk:4:0	false	0.9
1RB1LA_0LA1RC_0LD0RD_0LA1RB	rk:5:0	true	0.8
1RB1LA_0LA1RC_0LD0RD_0LA1RD	rk:4:0	false	1.2
1RB1LA_0LA1RC_0LD0RD_0LA1RD	rk:5:0	false	1.6
1RB1LA_0LA1RC_0LD1RD_0LA0RD	rk:4:0	true	0.8
1RB1LA_0LA1RC_0LD1RD_0RB0RB	rk:4:0	false	1.3
1RB1LA_0LA1RC_0LD1RD_0RB0RB	rk:5:0	false	2.0
1RB1LA_0LA1RC_0LD1RD_1LA0RB	rk:4:0	false	1.2
1RB1LA_0LA1RC_0LD1RD_1LA0RB	rk:5:0	false	2.0
1RB1LA_0LA1RC_0LD1RD_1LC0RB	rk:4:0	false	1.3
1RB1LA_0LA1RC_0LD1RD_1LC0RB	rk:5:0	false	2.0
1RB1LA_0LA1RC_0LD1RD_1LD0RB	rk:4:0	false	1.3
1RB1LA_0LA1RC_0LD1RD_1LD0RB	rk:5:0	false	2.1
1RB1LA_0LA1RC_0LD1RD_1RB0RB	rk:4:0	false	1.3
1RB1LA_0LA1RC_0LD1RD_1RB0RB	rk:5:0	false	2.0
1RB1LA_0LA1RC_0LD1RD_1RC0RB	rk:4:0	false	1.2
1RB1LA_0LA1RC_0LD1RD_1RC0RB	rk:5:0	false	1.9
1RB1LA_0LA1RC_0RB0RD_0LA1RD	rk:4:0	false	1.0
1RB1LA_0LA1RC_0RB0RD_0LA1RD	rk:5:0	false	1.5
1RB1LA_0LA1RC_0RB0RD_0LB0RB	rk:4:0	false	1.0
1RB1LA_0LA1RC_0RB0RD_0LB0RB	rk:5:0	true	1.1
1RB1LA_0LA1RC_0RB0RD_0LD0RB	rk:4:0	false	1.1
1RB1LA_0LA1RC_0RB0RD_0LD0RB	rk:5:0	true	1.1
1RB1LA_0LA1RC_0RB1RD_0LD0LB	rk:4:0	false	1.0
1RB1LA_0LA1RC_0RB1RD_0LD0LB	rk:5:0	false	1.4
1RB1LA_0LA1RC_0RD0LB_0LA1RD	rk:4:0	false	0.9
1RB1LA_0LA1RC_0RD0LB_0LA1RD	rk:5:0	false	1.1
1RB1LA_0LA1RC_0RD0RB_0LB---	rk:4:0	false	1.2
1RB1LA_0LA1RC_0RD0RB_0LB---	rk:5:0	false	2.6
1RB1LA_0LA1RC_0RD0RB_0LD1LA	rk:4:0	false	1.8
1RB1LA_0LA1RC_0RD0RB_0LD1LA	rk:5:0	false	4.4
1RB1LA_0LA1RC_0RD0RB_1LB0LB	rk:4:0	false	1.5
1RB1LA_0LA1RC_0RD0RB_1LB0LB	rk:5:0	false	3.4
1RB1LA_0LA1RC_0RD0RD_0LA1RD	rk:4:0	false	1.1
1RB1LA_0LA1RC_0RD0RD_0LA1RD	rk:5:0	false	1.5
1RB1LA_0LA1RC_0RD1RD_0LB0RB	rk:4:0	false	1.1
1RB1LA_0LA1RC_0RD1RD_0LB0RB	rk:5:0	false	1.5
1RB1LA_0LA1RC_0RD1RD_0LB0RC	rk:4:0	true	0.8
1RB1LA_0LA1RC_1LA0RD_0LB0RB	rk:4:0	false	0.9
1RB1LA_0LA1RC_1LA0RD_0LB0RB	rk:5:0	true	1.1
1RB1LA_0LA1RC_1LA0RD_0LD0RB	rk:4:0	false	0.9
1RB1LA_0LA1RC_1LA0RD_0LD0RB	rk:5:0	true	1.2
1RB1LA_0LA1RC_1LB0RD_0LA1RD	rk:4:0	false	1.1
1RB1LA_0LA1RC_1LB0RD_0LA1RD	rk:5:0	false	1.5
1RB1LA_0LA1RC_1RA0RD_0LA1RD	rk:4:0	false	1.1
1RB1LA_0LA1RC_1RA0RD_0LA1RD	rk:5:0	false	1.5
1RB1LA_0LA1RC_1RB0LD_0RA1LC	rk:4:0	false	1.1
1RB1LA_0LA1RC_1RB0LD_0RA1LC	rk:5:0	false	1.9
1RB1LA_0LA1RC_1RB0LD_0RC1LC	rk:4:0	false	1.3
1RB1LA_0LA1RC_1RB0LD_0RC1LC	rk:5:0	false	2.0
1RB1LA_0LA1RC_1RB0RD_0LA1RD	rk:4:0	false	1.0
1RB1LA_0LA1RC_1RB0RD_0LA1RD	rk:5:0	false	1.5
1RB1LA_0LA1RC_1RB0RD_0LB0RB	rk:4:0	false	1.1
1RB1LA_0LA1RC_1RB0RD_0LB0RB	rk:5:0	true	1.1
1RB1LA_0LA1RC_1RB0RD_0LD0RB	rk:4:0	false	1.1
1RB1LA_0LA1RC_1RB0RD_0LD0RB	rk:5:0	true	1.2
1RB1LA_0LA1RC_1RD0LB_0LD0RB	rk:4:0	false	1.0
1RB1LA_0LA1RC_1RD0LB_0LD0RB	rk:5:0	false	1.4
1RB1LA_0LA1RC_1RD0RB_0LD0LA	rk:4:0	false	1.7
1RB1LA_0LA1RC_1RD0RB_0LD0LA	rk:5:0	false	4.3
1RB1LA_0LA1RC_1RD0RD_0LD0RB	rk:4:0	false	0.9
1RB1LA_0LA1RC_1RD0RD_0LD0RB	rk:5:0	true	1.2
1RB1LA_0LB0RC_1LD1RC_1LA0LA	rk:4:0	false	2.8
1RB1LA_0LB0RC_1LD1RC_1LA0LA	rk:5:0	false	7.2
1RB1LA_0LB0RC_1LD1RC_1RA0LA	rk:4:0	false	2.8
1RB1LA_0LB0RC_1LD1RC_1RA0LA	rk:5:0	false	7.5
1RB1LA_0LB1RC_0LA0RD_0LA0RC	rk:4:0	true	0.8
1RB1LA_0LB1RC_0LA0RD_0LA1RB	rk:4:0	false	0.9
1RB1LA_0LB1RC_0LA0RD_0LA1RB	rk:5:0	true	0.9
1RB1LA_0LB1RC_0LA0RD_0LA1RD	rk:4:0	false	1.1
1RB1LA_0LB1RC_0LA0RD_0LA1RD	rk:5:0	false	1.5
1RB1LA_0LB1RC_0LA1RD_0LA0RC	rk:4:0	false	1.0
1RB1LA_0LB1RC_0LA1RD_0LA0RC	rk:5:0	true	0.9
1RB1LA_0LB1RC_0LA1RD_0LB0RC	rk:4:0	false	0.9
1RB1LA_0LB1RC_0LA1RD_0LB0RC	rk:5:0	true	1.0
1RB1LA_0LB1RC_0LA1RD_0LD0RC	rk:4:0	true	0.8
1RB1LA_0LB1RC_0LA1RD_0RB0RC	rk:4:0	true	0.8
1RB1LA_0LB1RC_0LA1RD_0RC0RB	rk:4:0	false	1.0
1RB1LA_0LB1RC_0LA1RD_0RC0RB	rk:5:0	false	1.6
1RB1LA_0LB1RC_0LA1RD_1LD0RB	rk:4:0	false	1.0
1RB1LA_0LB1RC_0LA1RD_1LD0RB	rk:5:0	false	1.7
1RB1LA_0LB1RC_0LC1RD_1LA0RB	rk:4:0	false	0.9
1RB1LA_0LB1RC_0LC1RD_1LA0RB	rk:5:0	false	1.0
1RB1LA_0LB1RC_0LD0RD_0LA1RD	rk:4:0	false	1.1
1RB1LA_0LB1RC_0LD0RD_0LA1RD	rk:5:0	false	1.4
1RB1LA_0LB1RC_1LA0RD_0LA1RD	rk:4:0	false	1.1
1RB1LA_0LB1RC_1LA0RD_0LA1RD	rk:5:0	false	1.5
1RB1LA_0LB1RC_1LA1RD_0LD0RB	rk:4:0	false	0.9
1RB1LA_0LB1RC_1LA1RD_0LD0RB	rk:5:0	false	1.2
1RB1LA_0LB1RC_1LB1RD_0LA0RB	rk:4:0	false	1.0
1RB1LA_0LB1RC_1LB1RD_0LA0RB	rk:5:0	false	1.6
1RB1LA_0LB1RC_1LD0RD_0LA1RD	rk:4:0	false	1.1
1RB1LA_0LB1RC_1LD0RD_0LA1RD	rk:5:0	false	1.5
1RB1LA_0LB1RC_1RD0RD_0LA1RD	rk:4:0	false	1.1
1RB1LA_0LB1RC_1RD0RD_0LA1RD	rk:5:0	false	1.4
1RB1LA_0LB1RC_1RD1RD_0LA0RB	rk:4:0	false	1.1
1RB1LA_0LB1RC_1RD1RD_0LA0RB	rk:5:0	false	1.5
1RB1LA_0LC0LD_0LA1RC_0RC1RD	rk:4:0	false	1.0
1RB1LA_0LC0LD_0LA1RC_0RC1RD	rk:5:0	false	1.5
1RB1LA_0LC0RA_1LD1LC_0RB0LD	rk:4:0	false	1.6
1RB1LA_0LC0RA_1LD1LC_0RB0LD	rk:5:0	false	2.7
1RB1LA_0LC0RB_1LC1RD_0LA0RD	rk:4:0	false	1.3
1RB1LA_0LC0RB_1LC1RD_0LA0RD	rk:5:0	false	3.6
1RB1LA_0LC0RC_0LA1RC_------	rk:4:0	false	0.9
1RB1LA_0LC0RC_0LA1RC_------	rk:5:0	false	1.2
1RB1LA_0LC0RC_0LA1RD_0LA1RC	rk:4:0	false	1.2
1RB1LA_0LC0RC_0LA1RD_0LA1RC	rk:5:0	false	1.8
1RB1LA_0LC0RC_0LA1RD_0LA1RD	rk:4:0	false	1.1
1RB1LA_0LC0RC_0LA1RD_0LA1RD	rk:5:0	false	1.6
1RB1LA_0LC0RC_0LA1RD_0LD1RC	rk:4:0	false	1.1
1RB1LA_0LC0RC_0LA1RD_0LD1RC	rk:5:0	false	1.6
1RB1LA_0LC0RC_0LA1RD_0RB0RC	rk:4:0	true	0.8
1RB1LA_0LC0RC_0LA1RD_0RB0RD	rk:4:0	true	1.0
1RB1LA_0LC0RC_0LA1RD_0RB1LD	rk:4:0	true	1.1
1RB1LA_0LC0RC_0LA1RD_0RB1RB	rk:4:0	true	0.9
1RB1LA_0LC0RC_0LD1RC_1RA1LA	rk:4:0	false	1.0
1RB1LA_0LC0RC_0LD1RC_1RA1LA	rk:5:0	false	1.6
1RB1LA_0LC0RC_0LD1RC_1RB1LA	rk:4:0	false	1.1
1RB1LA_0LC0RC_0LD1RC_1RB1LA	rk:5:0	false	1.5
1RB1LA_0LC0RC_1LC1LD_1RB0LA	rk:4:0	false	1.2
1RB1LA_0LC0RC_1LC1LD_1RB0LA	rk:5:0	false	1.9
1RB1LA_0LC0RD_0LA1LA_0RB1RD	rk:4:0	false	1.0
1RB1LA_0LC0RD_0LA1LA_0RB1RD	rk:5:0	false	1.4
1RB1LA_0LC0RD_0LA1RC_0LA0RC	rk:4:0	false	1.3
1RB1LA_0LC0RD_0LA1RC_0LA0RC	rk:5:0	false	2.6
1RB1LA_0LC0RD_0LA1RC_0LA1RC	rk:4:0	false	1.0
1RB1LA_0LC0RD_0LA1RC_0LA1RC	rk:5:0	false	1.6
1RB1LA_0LC0RD_0LA1RC_0RB0RC	rk:4:0	false	1.3
1RB1LA_0LC0RD_0LA1RC_0RB0RC	rk:5:0	false	2.5
1RB1LA_0LC0RD_0LA1RC_0RB1RC	rk:4:0	false	1.0
1RB1LA_0LC0RD_0LA1RC_0RB1RC	rk:5:0	false	1.6
1RB1LA_0LC0RD_0LA1RC_0RB1RD	rk:4:0	false	1.0
1RB1LA_0LC0RD_0LA1RC_0RB1RD	rk:5:0	false	1.4
1RB1LA_0LC0RD_0LA1RD_0LA0RC	rk:4:0	true	0.9
1RB1LA_0LC0RD_0LA1RD_0LA1RC	rk:4:0	false	1.2
1RB1LA_0LC0RD_0LA1RD_0LA1RC	rk:5:0	false	1.8
1RB1LA_0LC0RD_0LA1RD_0RB1RD	rk:4:0	false	1.0
1RB1LA_0LC0RD_0LA1RD_0RB1RD	rk:5:0	false	1.4
1RB1LA_0LC0RD_0LC1RD_0LA1RC	rk:4:0	false	1.1
1RB1LA_0LC0RD_0LC1RD_0LA1RC	rk:5:0	false	1.6
1RB1LA_0LC0RD_1LA0LB_0RA0RB	rk:4:0	true	1.0
1RB1LA_0LC0RD_1LA0LC_1RA0RA	rk:4:0	true	0.8
1RB1LA_0LC0RD_1LA0LC_1RA0RB	rk:4:0	true	0.9
1RB1LA_0LC0RD_1LA1LB_0RC0RB	rk:4:0	true	0.9
1RB1LA_0LC0RD_1LA1LC_0LA1RB	rk:4:0	true	0.8
1RB1LA_0LC0RD_1LA1LC_0LC1RB	rk:4:0	true	0.9
1RB1LA_0LC0RD_1LC1LA_0LA0RB	rk:4:0	false	1.7
1RB1LA_0LC0RD_1LC1LA_0LA0RB	rk:5:0	false	4.3
1RB1LA_0LC0RD_1LC1RD_0LA0RB	rk:4:0	false	2.3
1RB1LA_0LC0RD_1LC1RD_0LA0RB	rk:5:0	false	9.5
1RB1LA_0LC0RD_1LD0LC_1RA0RB	rk:4:0	true	0.9
1RB1LA_0LC0RD_1RA1LA_0LC1RD	rk:4:0	false	1.1
1RB1LA_0LC0RD_1RA1LA_0LC1RD	rk:5:0	false	1.6
1RB1LA_0LC0RD_1RA1LC_0LA1RB	rk:4:0	true	0.8
1RB1LA_0LC0RD_1RB1LA_0LC1RD	rk:4:0	false	1.1
1RB1LA_0LC0RD_1RB1LA_0LC1RD	rk:5:0	false	1.5
1RB1LA_0LC1RC_0LA1RD_0LA0RC	rk:4:0	false	0.9
1RB1LA_0LC1RC_0LA1RD_0LA0RC	rk:5:0	true	0.9
1RB1LA_0LC1RC_0LA1RD_0LA0RD	rk:4:0	true	0.8
1RB1LA_0LC1RC_0LA1RD_0LB0RC	rk:4:0	false	1.0
1RB1LA_0LC1RC_0LA1RD_0LB0RC	rk:5:0	true	1.0
1RB1LA_0LC1RC_0LA1RD_0RB0RC	rk:4:0	true	0.8
1RB1LA_0LC1RC_0LA1RD_0RB0RD	rk:4:0	true	0.8
1RB1LA_0LC1RC_0LA1RD_1LA0RB	rk:4:0	false	1.0
1RB1LA_0LC1RC_0LA1RD_1LA0RB	rk:5:0	false	1.6
1RB1LA_0LC1RC_0LA1RD_1LD0RB	rk:4:0	false	1.1
1RB1LA_0LC1RC_0LA1RD_1LD0RB	rk:5:0	false	1.9
1RB1LA_0LC1RC_0LC1RD_0LA0RD	rk:4:0	true	0.9
1RB1LA_0LC1RC_0LC1RD_1LA0RB	rk:4:0	false	0.8
1RB1LA_0LC1RC_0LC1RD_1LA0RB	rk:5:0	false	1.0
1RB1LA_0LC1RC_0LD1RD_0LA0RD	rk:4:0	true	0.8
1RB1LA_0LC1RC_0RA0LD_1LC1LB	rk:4:0	false	1.7
1RB1LA_0LC1RC_0RA0LD_1LC1LB	rk:5:0	false	1.6
1RB1LA_0LC1RC_0RD1RD_0LA0RB	rk:4:0	false	1.0
1RB1LA_0LC1RC_0RD1RD_0LA0RB	rk:5:0	false	1.4
1RB1LA_0LC1RC_1LB1RD_0LA0RB	rk:4:0	false	1.1
1RB1LA_0LC1RC_1LB1RD_0LA0RB	rk:5:0	false	1.5
1RB1LA_0LC1RC_1RB1RD_0LA0RB	rk:4:0	false	0.9
1RB1LA_0LC1RC_1RB1RD_0LA0RB	rk:5:0	false	1.4
1RB1LA_0LC1RC_1RD1RD_0LA0RB	rk:4:0	false	1.1
1RB1LA_0LC1RC_1RD1RD_0LA0RB	rk:5:0	false	1.4
1RB1LA_0LC1RD_0LA1RC_0LA0RC	rk:4:0	false	1.2
1RB1LA_0LC1RD_0LA1RC_0LA0RC	rk:5:0	false	1.7
1RB1LA_0LC1RD_0LA1RC_0LC0RC	rk:4:0	false	1.2
1RB1LA_0LC1RD_0LA1RC_0LC0RC	rk:5:0	false	1.7
1RB1LA_0LC1RD_0LA1RC_0RB0RC	rk:4:0	false	1.0
1RB1LA_0LC1RD_0LA1RC_0RB0RC	rk:5:0	false	1.5
1RB1LA_0LC1RD_0LA1RC_0RC0LB	rk:4:0	false	0.9
1RB1LA_0LC1RD_0LA1RC_0RC0LB	rk:5:0	false	1.2
1RB1LA_0LC1RD_0LA1RC_0RC0RC	rk:4:0	false	1.0
1RB1LA_0LC1RD_0LA1RC_0RC0RC	rk:5:0	false	1.5
1RB1LA_0LC1RD_0LA1RC_1LB0RC	rk:4:0	false	1.1
1RB1LA_0LC1RD_0LA1RC_1LB0RC	rk:5:0	false	1.5
1RB1LA_0LC1RD_0LA1RC_1RA0RC	rk:4:0	false	1.0
1RB1LA_0LC1RD_0LA1RC_1RA0RC	rk:5:0	false	1.5
1RB1LA_0LC1RD_0LA1RC_1RB0RC	rk:4:0	false	1.0
1RB1LA_0LC1RD_0LA1RC_1RB0RC	rk:5:0	false	1.5
1RB1LA_0LC1RD_0RD1LA_0LA0RB	rk:4:0	false	1.6
1RB1LA_0LC1RD_0RD1LA_0LA0RB	rk:5:0	false	3.0
1RB1LA_0LC1RD_0RD1RD_0LA0RB	rk:4:0	false	1.6
1RB1LA_0LC1RD_0RD1RD_0LA0RB	rk:5:0	false	2.9
1RB1LA_0LC1RD_1LA1LB_0RC0RD	rk:4:0	true	0.8
1RB1LA_0LC1RD_1RA0LB_0LA0RB	rk:4:0	false	1.6
1RB1LA_0LC1RD_1RA0LB_0LA0RB	rk:5:0	false	2.9
1RB1LA_0LC1RD_1RB1RD_0LA0RB	rk:4:0	false	1.6
1RB1LA_0LC1RD_1RB1RD_0LA0RB	rk:5:0	false	3.0
1RB1LA_0LC1RD_1RD0RB_0LA1RC	rk:4:0	false	1.0
1RB1LA_0LC1RD_1RD0RB_0LA1RC	rk:5:0	false	1.6
1RB1LA_0RC0RB_0LD1LA_1LD0LA	rk:4:0	false	3.9
1RB1LA_0RC0RB_0LD1LA_1LD0LA	rk:5:0	false	10.3
1RB1LA_0RC0RB_0RD1LA_1LD0LA	rk:4:0	false	2.7
1RB1LA_0RC0RB_0RD1LA_1LD0LA	rk:5:0	false	8.9
1RB1LA_0RC0RB_0RD1RA_1LD0LA	rk:4:0	false	1.8
1RB1LA_0RC0RB_0RD1RA_1LD0LA	rk:5:0	false	5.6
1RB1LA_0RC0RB_1LD1LA_1LC0LA	rk:4:0	false	3.6
1RB1LA_0RC0RB_1LD1LA_1LC0LA	rk:5:0	false	13.2
1RB1LA_0RC0RB_1LD1LA_1LD0LA	rk:4:0	false	2.7
1RB1LA_0RC0RB_1LD1LA_1LD0LA	rk:5:0	false	9.0
1RB1LA_0RC0RB_1LD1RA_1LC0LA	rk:4:0	false	2.6
1RB1LA_0RC0RB_1LD1RA_1LC0LA	rk:5:0	false	9.0
1RB1LA_0RC0RB_1LD1RA_1LD0LA	rk:4:0	false	1.8
1RB1LA_0RC0RB_1LD1RA_1LD0LA	rk:5:0	false	5.6
1RB1LA_0RC0RB_1LD1RC_0LA1LD	rk:4:0	false	3.6
1RB1LA_0RC0RB_1LD1RC_0LA1LD	rk:5:0	false	11.5
1RB1LA_0RC0RC_1LD1RC_0LC0LA	rk:4:0	false	3.6
1RB1LA_0RC0RC_1LD1RC_0LC0LA	rk:5:0	false	8.6
1RB1LA_0RC0RC_1LD1RC_1LD0LA	rk:4:0	false	3.5
1RB1LA_0RC0RC_1LD1RC_1LD0LA	rk:5:0	false	8.6
1RB1LA_0RC0RD_0LC1RD_0LA1RC	rk:4:0	false	1.1
1RB1LA_0RC0RD_0LC1RD_0LA1RC	rk:5:0	false	1.5
1RB1LA_0RC0RD_0LD0LA_1LC1RD	rk:4:0	false	3.4
1RB1LA_0RC0RD_0LD0LA_1LC1RD	rk:5:0	false	9.9
1RB1LA_0RC0RD_1LA0LA_1LC1RD	rk:4:0	false	3.1
1RB1LA_0RC0RD_1LA0LA_1LC1RD	rk:5:0	false	8.7
1RB1LA_0RC0RD_1LC0LA_0LA0RC	rk:4:0	false	3.2
1RB1LA_0RC0RD_1LC0LA_0LA0RC	rk:5:0	false	9.5
1RB1LA_0RC0RD_1LC0LA_0LB0RC	rk:4:0	false	3.4
1RB1LA_0RC0RD_1LC0LA_0LB0RC	rk:5:0	false	9.6
1RB1LA_0RC0RD_1LC0LA_0RA0RC	rk:4:0	false	3.7
1RB1LA_0RC0RD_1LC0LA_0RA0RC	rk:5:0	false	12.0
1RB1LA_0RC0RD_1LC0LA_0RC0RC	rk:4:0	false	3.5
1RB1LA_0RC0RD_1LC0LA_0RC0RC	rk:5:0	false	9.5
1RB1LA_0RC0RD_1LC0LA_1LA0RC	rk:4:0	false	3.2
1RB1LA_0RC0RD_1LC0LA_1LA0RC	rk:5:0	false	9.3
1RB1LA_0RC0RD_1LC0LA_1LB0RC	rk:4:0	false	3.2
1RB1LA_0RC0RD_1LC0LA_1LB0RC	rk:5:0	false	9.5
1RB1LA_0RC0RD_1LC0LA_1LC0RC	rk:4:0	false	3.3
1RB1LA_0RC0RD_1LC0LA_1LC0RC	rk:5:0	false	9.4
1RB1LA_0RC0RD_1LC0LA_1LC1RD	rk:4:0	false	3.1
1RB1LA_0RC0RD_1LC0LA_1LC1RD	rk:5:0	false	7.1
1RB1LA_0RC0RD_1LC0LA_1LD0RC	rk:4:0	false	3.3
1RB1LA_0RC0RD_1LC0LA_1LD0RC	rk:5:0	false	9.4
1RB1LA_0RC0RD_1LC0LA_1RA0RC	rk:4:0	false	3.3
1RB1LA_0RC0RD_1LC0LA_1RA0RC	rk:5:0	false	9.5
1RB1LA_0RC0RD_1LC0LA_1RB0RC	rk:4:0	false	3.8
1RB1LA_0RC0RD_1LC0LA_1RB0RC	rk:5:0	false	12.3
1RB1LA_0RC0RD_1LC0LA_1RC0RC	rk:4:0	false	3.3
1RB1LA_0RC0RD_1LC0LA_1RC0RC	rk:5:0	false	12.0
1RB1LA_0RC0RD_1LC0LA_1RD0RC	rk:4:0	false	3.3
1RB1LA_0RC0RD_1LC0LA_1RD0RC	rk:5:0	false	9.4
1RB1LA_0RC0RD_1LC1RD_0RB0LA	rk:4:0	false	2.0
1RB1LA_0RC0RD_1LC1RD_0RB0LA	rk:5:0	false	5.6
1RB1LA_0RC0RD_1LD0LB_0LA1RB	rk:4:0	true	0.9
1RB1LA_0RC0RD_1LD0LD_0LA1RB	rk:4:0	true	0.9
1RB1LA_0RC0RD_1LD1RC_0LC0LA	rk:4:0	false	2.0
1RB1LA_0RC0RD_1LD1RC_0LC0LA	rk:5:0	false	5.2
1RB1LA_0RC0RD_1LD1RC_1LC0LA	rk:4:0	false	1.6
1RB1LA_0RC0RD_1LD1RC_1LC0LA	rk:5:0	false	3.8
1RB1LA_0RC0RD_1LD1RC_1LD0LA	rk:4:0	false	2.0
1RB1LA_0RC0RD_1LD1RC_1LD0LA	rk:5:0	false	4.6
1RB1LA_0RC1LC_1RD0LB_0LA1RC	rk:4:0	false	1.3
1RB1LA_0RC1LC_1RD0LB_0LA1RC	rk:5:0	false	2.0
1RB1LA_0RC1LC_1RD0LB_1LA1RC	rk:4:0	false	1.3
1RB1LA_0RC1LC_1RD0LB_1LA1RC	rk:5:0	false	2.1
1RB1LA_0RC1RB_1LD0RB_0LD1LA	rk:4:0	false	5.2
1RB1LA_0RC1RB_1LD0RB_0LD1LA	rk:5:0	false	37.0
1RB1LA_0RC1RB_1LD0RC_0LD1LA	rk:4:0	false	2.2
1RB1LA_0RC1RB_1LD0RC_0LD1LA	rk:5:0	false	6.5
1RB1LA_0RC1RB_1LD1RC_0LA0LD	rk:4:0	false	3.3
1RB1LA_0RC1RB_1LD1RC_0LA0LD	rk:5:0	false	10.2
1RB1LA_0RC1RC_0LC1RD_1LA0RB	rk:4:0	false	0.9
1RB1LA_0RC1RC_0LC1RD_1LA0RB	rk:5:0	false	1.0
1RB1LA_0RC1RC_0LD0RB_0LA1LD	rk:4:0	false	9.6
1RB1LA_0RC1RC_0LD0RB_0LA1LD	rk:5:0	false	52.3
1RB1LA_0RC1RC_0LD0RD_0LA0RB	rk:4:0	true	0.9
1RB1LA_0RC1RC_0LD0RD_0LA0RD	rk:4:0	true	0.8
1RB1LA_0RC1RC_0LD0RD_0LA1LB	rk:4:0	true	1.0
1RB1LA_0RC1RC_0LD0RD_0LA1RB	rk:4:0	true	0.8
1RB1LA_0RC1RC_0LD0RD_0LA1RD	rk:4:0	false	1.1
1RB1LA_0RC1RC_0LD0RD_0LA1RD	rk:5:0	false	1.4
1RB1LA_0RC1RC_0LD1RD_0LA0RB	rk:4:0	false	1.0
1RB1LA_0RC1RC_0LD1RD_0LA0RB	rk:5:0	false	1.5
1RB1LA_0RC1RC_1LA0RD_0LA1RD	rk:4:0	false	1.1
1RB1LA_0RC1RC_1LA0RD_0LA1RD	rk:5:0	false	1.3
1RB1LA_0RC1RC_1LD0RD_0LA1RD	rk:4:0	false	1.5
1RB1LA_0RC1RC_1LD0RD_0LA1RD	rk:5:0	false	2.2
1RB1LA_0RC1RC_1LD1RA_0RA0LD	rk:4:0	false	2.5
1RB1LA_0RC1RC_1LD1RA_0RA0LD	rk:5:0	false	5.8
1RB1LA_0RC1RC_1RD0RD_0LA1RD	rk:4:0	false	1.1
1RB1LA_0RC1RC_1RD0RD_0LA1RD	rk:5:0	false	1.3
1RB1LA_0RC1RD_0LD---_0LA0RB	rk:4:0	false	1.3
1RB1LA_0RC1RD_0LD---_0LA0RB	rk:5:0	false	2.2
1RB1LA_0RC1RD_1LB0LD_0LA0RB	rk:4:0	false	1.5
1RB1LA_0RC1RD_1LB0LD_0LA0RB	rk:5:0	false	3.1
1RB1LA_0RC1RD_1LD0LB_0LA0RB	rk:4:0	false	1.5
1RB1LA_0RC1RD_1LD0LB_0LA0RB	rk:5:0	false	3.1
1RB1LA_0RC1RD_1LD0LB_0LA0RD	rk:4:0	true	0.9
1RB1LA_0RC1RD_1LD0LD_0LA0RB	rk:4:0	false	1.6
1RB1LA_0RC1RD_1LD0LD_0LA0RB	rk:5:0	false	2.9
1RB1LA_0RC1RD_1LD0LD_0LA0RD	rk:4:0	true	1.0
1RB1LA_1LA0LC_0RD1RC_0LA1RD	rk:4:0	false	1.0
1RB1LA_1LA0LC_0RD1RC_0LA1RD	rk:5:0	false	1.5
1RB1LA_1LA0LC_1RD0LC_0RD0LA	rk:4:0	false	0.9
1RB1LA_1LA0LC_1RD0LC_0RD0LA	rk:5:0	false	1.6
1RB1LA_1LA0RC_0LA1RC_------	rk:4:0	false	0.9
1RB1LA_1LA0RC_0LA1RC_------	rk:5:0	false	1.1
1RB1LA_1LA0RC_0LA1RD_0LA1RC	rk:4:0	false	1.1
1RB1LA_1LA0RC_0LA1RD_0LA1RC	rk:5:0	false	1.8
1RB1LA_1LA0RC_0LA1RD_0LA1RD	rk:4:0	false	1.0
1RB1LA_1LA0RC_0LA1RD_0LA1RD	rk:5:0	false	1.5
1RB1LA_1LA0RC_0LA1RD_0LD1RC	rk:4:0	false	1.1
1RB1LA_1LA0RC_0LA1RD_0LD1RC	rk:5:0	false	1.6
1RB1LA_1LA0RC_0LB0RD_0LB1RC	rk:4:0	true	0.8
1RB1LA_1LA0RC_0LB1RD_0LA1RD	rk:4:0	false	1.0
1RB1LA_1LA0RC_0LB1RD_0LA1RD	rk:5:0	false	1.6
1RB1LA_1LA0RC_0LD0RB_1LD1LB	rk:4:0	false	2.2
1RB1LA_1LA0RC_0LD0RB_1LD1LB	rk:5:0	false	5.5
1RB1LA_1LA0RC_0LD1RC_1RA1LA	rk:4:0	false	1.0
1RB1LA_1LA0RC_0LD1RC_1RA1LA	rk:5:0	false	1.5
1RB1LA_1LA0RC_0LD1RC_1RB1LA	rk:4:0	false	1.0
1RB1LA_1LA0RC_0LD1RC_1RB1LA	rk:5:0	false	1.5
1RB1LA_1LA0RC_1LD0RC_0LD0RA	rk:4:0	false	0.9
1RB1LA_1LA0RC_1LD0RC_0LD0RA	rk:5:0	false	1.7
1RB1LA_1LA0RC_1LD1RC_---0LA	rk:4:0	false	0.7
1RB1LA_1LA0RC_1LD1RC_---0LA	rk:5:0	false	0.7
1RB1LA_1LA0RC_1RD1RC_0LD0LA	rk:4:0	false	1.0
1RB1LA_1LA0RC_1RD1RC_0LD0LA	rk:5:0	false	1.3
1RB1LA_1LA1RC_---0RD_0LA1RD	rk:4:0	false	0.6
1RB1LA_1LA1RC_---0RD_0LA1RD	rk:5:0	false	0.6
1RB1LA_1LA1RC_0LA0RD_0LB1RD	rk:4:0	false	1.0
1RB1LA_1LA1RC_0LA0RD_0LB1RD	rk:5:0	false	1.2
1RB1LA_1LA1RC_0LA1RD_0LA0RB	rk:4:0	false	1.2
1RB1LA_1LA1RC_0LA1RD_0LA0RB	rk:5:0	false	2.1
1RB1LA_1LA1RC_0LA1RD_0LB0RD	rk:4:0	true	0.8
1RB1LA_1LA1RC_0LD0RB_0LA1LD	rk:4:0	false	3.0
1RB1LA_1LA1RC_0LD0RB_0LA1LD	rk:5:0	false	11.5
1RB1LA_1LA1RC_0LD1RD_0LB0RD	rk:4:0	true	0.9
1RB1LA_1LA1RC_0RD0LB_0LA1RD	rk:4:0	false	0.9
1RB1LA_1LA1RC_0RD0LB_0LA1RD	rk:5:0	false	1.1
1RB1LA_1LA1RC_1RA0RD_1LA1RB	rk:4:0	false	0.8
1RB1LA_1LA1RC_1RA0RD_1LA1RB	rk:5:0	true	0.8
1RB1LA_1LA1RC_1RB0LD_0RA1LC	rk:4:0	false	1.2
1RB1LA_1LA1RC_1RB0LD_0RA1LC	rk:5:0	false	1.9
1RB1LA_1LA1RC_1RB0LD_0RC1LC	rk:4:0	false	1.3
1RB1LA_1LA1RC_1RB0LD_0RC1LC	rk:5:0	false	2.0
1RB1LA_1LA1RC_1RB0LD_0RD1LC	rk:4:0	false	1.4
1RB1LA_1LA1RC_1RB0LD_0RD1LC	rk:5:0	false	2.1
1RB1LA_1LB0RC_1LD1RC_0LC0LA	rk:4:0	false	3.7
1RB1LA_1LB0RC_1LD1RC_0LC0LA	rk:5:0	false	8.2
1RB1LA_1LB0RC_1LD1RC_0LD0LA	rk:4:0	false	7.5
1RB1LA_1LB0RC_1LD1RC_0LD0LA	rk:5:0	false	19.6
1RB1LA_1LB0RC_1LD1RC_1LD0LA	rk:4:0	false	3.7
1RB1LA_1LB0RC_1LD1RC_1LD0LA	rk:5:0	false	8.1
1RB1LA_1LC0LD_0LA1RC_0RC1RD	rk:4:0	false	1.0
1RB1LA_1LC0LD_0LA1RC_0RC1RD	rk:5:0	false	1.4
1RB1LA_1LC0LD_1RC0LB_1RD0RA	rk:4:0	false	6.2
1RB1LA_1LC0LD_1RC0LB_1RD0RA	rk:5:0	false	12.0
1RB1LA_1LC0RA_0RB1LD_0LC0LD	rk:4:0	false	2.5
1RB1LA_1LC0RA_0RB1LD_0LC0LD	rk:5:0	false	8.4
1RB1LA_1LC0RA_1LA1LD_0LC0LD	rk:4:0	false	2.2
1RB1LA_1LC0RA_1LA1LD_0LC0LD	rk:5:0	false	8.4
1RB1LA_1LC0RA_1LD0LC_0RB0LA	rk:4:0	false	10.6
1RB1LA_1LC0RA_1LD0LC_0RB0LA	rk:5:0	false	63.3
1RB1LA_1LC0RA_1LD0LC_0RB1LC	rk:4:0	false	4.3
1RB1LA_1LC0RA_1LD0LC_0RB1LC	rk:5:0	true	2.2
1RB1LA_1LC0RA_1LD0LD_0RB0LC	rk:4:0	false	5.7
1RB1LA_1LC0RA_1LD0LD_0RB0LC	rk:5:0	false	2.1
1RB1LA_1LC0RB_0LA0LD_1RA0RB	rk:4:0	false	3.2
1RB1LA_1LC0RB_0LA0LD_1RA0RB	rk:5:0	false	6.8
1RB1LA_1LC0RB_0LA0LD_1RD0RB	rk:4:0	false	3.0
1RB1LA_1LC0RB_0LA0LD_1RD0RB	rk:5:0	false	6.6
1RB1LA_1LC0RB_0LA1RD_1LA0RD	rk:4:0	false	1.8
1RB1LA_1LC0RB_0LA1RD_1LA0RD	rk:5:0	false	5.0
1RB1LA_1LC0RB_0LA1RD_1RC0RD	rk:4:0	false	1.9
1RB1LA_1LC0RB_0LA1RD_1RC0RD	rk:5:0	false	6.7
1RB1LA_1LC0RB_0LC0RD_0LA1RD	rk:4:0	false	2.5
1RB1LA_1LC0RB_0LC0RD_0LA1RD	rk:5:0	false	8.0
1RB1LA_1LC0RB_0LC1RD_0RD0LA	rk:4:0	false	2.6
1RB1LA_1LC0RB_0LC1RD_0RD0LA	rk:5:0	false	8.2
1RB1LA_1LC0RB_0LD0RA_0LD1RB	rk:4:0	false	1.0
1RB1LA_1LC0RB_0LD0RA_0LD1RB	rk:5:0	false	1.8
1RB1LA_1LC0RB_0LD0RA_1LC1RB	rk:4:0	false	0.8
1RB1LA_1LC0RB_0LD0RA_1LC1RB	rk:5:0	false	1.1
1RB1LA_1LC0RB_0LD0RA_1LC1RD	rk:4:0	false	0.8
1RB1LA_1LC0RB_0LD0RA_1LC1RD	rk:5:0	false	1.1
1RB1LA_1LC0RB_0LD1RA_0LD0RA	rk:4:0	false	1.0
1RB1LA_1LC0RB_0LD1RA_0LD0RA	rk:5:0	false	2.0
1RB1LA_1LC0RB_0RD0LC_1RD0LA	rk:4:0	false	2.5
1RB1LA_1LC0RB_0RD0LC_1RD0LA	rk:5:0	false	8.0
1RB1LA_1LC0RB_1LD0RA_0LC0LA	rk:4:0	false	1.1
1RB1LA_1LC0RB_1LD0RA_0LC0LA	rk:5:0	false	1.4
1RB1LA_1LC0RB_1LD0RA_0LC1RA	rk:4:0	false	1.0
1RB1LA_1LC0RB_1LD0RA_0LC1RA	rk:5:0	false	1.3
1RB1LA_1LC0RB_1LD0RA_0LD1RB	rk:4:0	false	0.9
1RB1LA_1LC0RB_1LD0RA_0LD1RB	rk:5:0	false	1.2
1RB1LA_1LC0RB_1LD1RB_0LC0RA	rk:4:0	false	2.0
1RB1LA_1LC0RB_1LD1RB_0LC0RA	rk:5:0	false	4.9
1RB1LA_1LC0RB_1LD1RC_0LC0RA	rk:4:0	false	1.1
1RB1LA_1LC0RB_1LD1RC_0LC0RA	rk:5:0	false	1.8
1RB1LA_1LC0RB_1RD0LC_1LA1RA	rk:4:0	false	23.1
1RB1LA_1LC0RB_1RD0LC_1LA1RA	rk:5:0	false	257.9
1RB1LA_1LC0RB_1RD0LC_1LD1RA	rk:4:0	false	22.7
1RB1LA_1LC0RB_1RD0LC_1LD1RA	rk:5:0	false	260.1
1RB1LA_1LC0RC_0LA1RC_------	rk:4:0	false	0.9
1RB1LA_1LC0RC_0LA1RC_------	rk:5:0	false	1.2
1RB1LA_1LC0RC_0LA1RD_0LA1RC	rk:4:0	false	1.2
1RB1LA_1LC0RC_0LA1RD_0LA1RC	rk:5:0	false	1.8
1RB1LA_1LC0RC_0LA1RD_0LA1RD	rk:4:0	false	1.1
1RB1LA_1LC0RC_0LA1RD_0LA1RD	rk:5:0	false	1.6
1RB1LA_1LC0RC_0LA1RD_0LD1RC	rk:4:0	false	1.1
1RB1LA_1LC0RC_0LA1RD_0LD1RC	rk:5:0	false	1.5
1RB1LA_1LC0RC_0LB1RD_0LA1RD	rk:4:0	false	1.1
1RB1LA_1LC0RC_0LB1RD_0LA1RD	rk:5:0	false	1.6
1RB1LA_1LC0RC_0LD1RC_1RA1LA	rk:4:0	false	1.0
1RB1LA_1LC0RC_0LD1RC_1RA1LA	rk:5:0	false	1.5
1RB1LA_1LC0RC_0LD1RC_1RB1LA	rk:4:0	false	1.1
1RB1LA_1LC0RC_0LD1RC_1RB1LA	rk:5:0	false	1.6
1RB1LA_1LC0RC_1LB1RD_0LA1RD	rk:4:0	false	1.1
1RB1LA_1LC0RC_1LB1RD_0LA1RD	rk:5:0	false	1.5
1RB1LA_1LC0RC_1LD1RC_0RB0LA	rk:4:0	false	7.0
1RB1LA_1LC0RC_1LD1RC_0RB0LA	rk:5:0	false	19.7
1RB1LA_1LC0RC_1LD1RC_0RD0LA	rk:4:0	false	2.8
1RB1LA_1LC0RC_1LD1RC_0RD0LA	rk:5:0	false	7.4
1RB1LA_1LC0RC_1LD1RC_1LA0LA	rk:4:0	false	3.8
1RB1LA_1LC0RC_1LD1RC_1LA0LA	rk:5:0	false	11.4
1RB1LA_1LC0RC_1LD1RC_1RA0LA	rk:4:0	false	4.2
1RB1LA_1LC0RC_1LD1RC_1RA0LA	rk:5:0	false	11.8
1RB1LA_1LC0RC_1RD1RC_0LD0LA	rk:4:0	false	1.1
1RB1LA_1LC0RC_1RD1RC_0LD0LA	rk:5:0	false	1.4
1RB1LA_1LC0RD_0LA1RC_0LA1RC	rk:4:0	false	1.0
1RB1LA_1LC0RD_0LA1RC_0LA1RC	rk:5:0	false	1.6
1RB1LA_1LC0RD_0LA1RC_0LB1RC	rk:4:0	false	1.1
1RB1LA_1LC0RD_0LA1RC_0LB1RC	rk:5:0	false	1.6
1RB1LA_1LC0RD_0LA1RC_0RB1RC	rk:4:0	false	1.0
1RB1LA_1LC0RD_0LA1RC_0RB1RC	rk:5:0	false	1.6
1RB1LA_1LC0RD_0LA1RC_1LB1RC	rk:4:0	false	1.1
1RB1LA_1LC0RD_0LA1RC_1LB1RC	rk:5:0	false	1.6
1RB1LA_1LC0RD_0LA1RD_0LA1RC	rk:4:0	false	1.1
1RB1LA_1LC0RD_0LA1RD_0LA1RC	rk:5:0	false	1.8
1RB1LA_1LC0RD_0LB0RA_1LB0RB	rk:4:0	false	0.8
1RB1LA_1LC0RD_0LB0RA_1LB0RB	rk:5:0	false	1.1
1RB1LA_1LC0RD_0LC1RA_0LB1RD	rk:4:0	false	1.0
1RB1LA_1LC0RD_0LC1RA_0LB1RD	rk:5:0	false	1.3
1RB1LA_1LC0RD_0LC1RD_0LA1RC	rk:4:0	false	1.1
1RB1LA_1LC0RD_0LC1RD_0LA1RC	rk:5:0	false	1.5
1RB1LA_1LC0RD_0LC1RD_1RA0RB	rk:4:0	false	11.3
1RB1LA_1LC0RD_0LC1RD_1RA0RB	rk:5:0	false	85.2
1RB1LA_1LC0RD_0RA0LC_0LA1RD	rk:4:0	false	6.5
1RB1LA_1LC0RD_0RA0LC_0LA1RD	rk:5:0	false	37.1
1RB1LA_1LC0RD_0RA1LA_0LB1RD	rk:4:0	false	1.1
1RB1LA_1LC0RD_0RA1LA_0LB1RD	rk:5:0	false	1.2
1RB1LA_1LC0RD_0RA1RA_0LB1RD	rk:4:0	false	1.0
1RB1LA_1LC0RD_0RA1RA_0LB1RD	rk:5:0	false	1.3
1RB1LA_1LC0RD_0RB0LC_0LA1RD	rk:4:0	false	11.5
1RB1LA_1LC0RD_0RB0LC_0LA1RD	rk:5:0	false	103.8
1RB1LA_1LC0RD_0RC1LA_0LB1RD	rk:4:0	false	1.0
1RB1LA_1LC0RD_0RC1LA_0LB1RD	rk:5:0	false	1.3
1RB1LA_1LC0RD_1LA0LB_1RB0RD	rk:4:0	false	2.0
1RB1LA_1LC0RD_1LA0LB_1RB0RD	rk:5:0	false	8.6
1RB1LA_1LC0RD_1LA1LA_0LB1RD	rk:4:0	false	0.9
1RB1LA_1LC0RD_1LA1LA_0LB1RD	rk:5:0	false	1.3
1RB1LA_1LC0RD_1LA1RA_0LB1RD	rk:4:0	false	0.9
1RB1LA_1LC0RD_1LA1RA_0LB1RD	rk:5:0	false	1.3
1RB1LA_1LC0RD_1LB0RA_0RB0LB	rk:4:0	false	0.9
1RB1LA_1LC0RD_1LB0RA_0RB0LB	rk:5:0	false	1.3
1RB1LA_1LC0RD_1LC0RA_0RB0LB	rk:4:0	false	0.9
1RB1LA_1LC0RD_1LC0RA_0RB0LB	rk:5:0	false	1.2
1RB1LA_1LC0RD_1LC1LA_0LB1RD	rk:4:0	false	0.9
1RB1LA_1LC0RD_1LC1LA_0LB1RD	rk:5:0	false	1.3
1RB1LA_1LC0RD_1LC1RA_0LB1RD	rk:4:0	false	1.0
1RB1LA_1LC0RD_1LC1RA_0LB1RD	rk:5:0	false	1.4
1RB1LA_1LC0RD_1LD1LA_0LB1RD	rk:4:0	false	1.0
1RB1LA_1LC0RD_1LD1LA_0LB1RD	rk:5:0	false	1.3
1RB1LA_1LC0RD_1LD1RA_0LB1RD	rk:4:0	false	1.1
1RB1LA_1LC0RD_1LD1RA_0LB1RD	rk:5:0	false	1.3
1RB1LA_1LC0RD_1RA1LA_0LB1RD	rk:4:0	false	1.0
1RB1LA_1LC0RD_1RA1LA_0LB1RD	rk:5:0	false	1.2
1RB1LA_1LC0RD_1RA1LA_0LC1RD	rk:4:0	false	1.1
1RB1LA_1LC0RD_1RA1LA_0LC1RD	rk:5:0	false	1.6
1RB1LA_1LC0RD_1RA1RA_0LB1RD	rk:4:0	false	1.0
1RB1LA_1LC0RD_1RA1RA_0LB1RD	rk:5:0	false	1.3
1RB1LA_1LC0RD_1RB1LA_0LB1RD	rk:4:0	false	0.9
1RB1LA_1LC0RD_1RB1LA_0LB1RD	rk:5:0	false	1.3
1RB1LA_1LC0RD_1RB1LA_0LC1RD	rk:4:0	false	1.1
1RB1LA_1LC0RD_1RB1LA_0LC1RD	rk:5:0	false	1.6
1RB1LA_1LC0RD_1RB1RA_0LB1RD	rk:4:0	false	1.0
1RB1LA_1LC0RD_1RB1RA_0LB1RD	rk:5:0	false	1.4
1RB1LA_1LC0RD_1RC1LA_0LB1RD	rk:4:0	false	1.0
1RB1LA_1LC0RD_1RC1LA_0LB1RD	rk:5:0	false	1.3
1RB1LA_1LC0RD_1RC1RA_0LB1RD	rk:4:0	false	1.0
1RB1LA_1LC0RD_1RC1RA_0LB1RD	rk:5:0	false	1.3
1RB1LA_1LC0RD_1RD1LA_0LB1RD	rk:4:0	false	0.9
1RB1LA_1LC0RD_1RD1LA_0LB1RD	rk:5:0	false	1.3
1RB1LA_1LC0RD_1RD1RA_0LB1RD	rk:4:0	false	1.0
1RB1LA_1LC0RD_1RD1RA_0LB1RD	rk:5:0	false	1.3
1RB1LA_1LC1RC_0LA0RD_0LA1RD	rk:4:0	false	1.1
1RB1LA_1LC1RC_0LA0RD_0LA1RD	rk:5:0	false	1.4
1RB1LA_1LC1RC_0LA0RD_0LB1RD	rk:4:0	false	1.2
1RB1LA_1LC1RC_0LA0RD_0LB1RD	rk:5:0	false	1.4
1RB1LA_1LC1RC_0LD0RD_0LA1RD	rk:4:0	false	1.1
1RB1LA_1LC1RC_0LD0RD_0LA1RD	rk:5:0	false	1.4
1RB1LA_1LC1RC_0RA0LD_1LC0LD	rk:4:0	false	2.9
1RB1LA_1LC1RC_0RA0LD_1LC0LD	rk:5:0	false	13.1
1RB1LA_1LC1RC_1RA1RD_1RC0RB	rk:4:0	false	0.9
1RB1LA_1LC1RC_1RA1RD_1RC0RB	rk:5:0	true	0.9
1RB1LA_1LC1RD_0LA1RC_---0RC	rk:4:0	false	0.6
1RB1LA_1LC1RD_0LA1RC_---0RC	rk:5:0	false	0.6
1RB1LA_1LC1RD_0LA1RC_0RC0LB	rk:4:0	false	0.9
1RB1LA_1LC1RD_0LA1RC_0RC0LB	rk:5:0	false	1.1
1RB1LA_1LC1RD_0LB1RC_0LA0RC	rk:4:0	false	1.1
1RB1LA_1LC1RD_0LB1RC_0LA0RC	rk:5:0	false	1.2
1RB1LA_1LC1RD_1LA0LC_1RA0RB	rk:4:0	false	10.5
1RB1LA_1LC1RD_1LA0LC_1RA0RB	rk:5:0	false	67.8
1RB1LA_1LC1RD_1LA0RD_0LB0RD	rk:4:0	true	0.9
1RB1LA_1LC1RD_1LA1LA_0LB0RD	rk:4:0	true	0.9
1RB1LA_1LC1RD_1LA1LB_0LB0RD	rk:4:0	true	0.9
1RB1LA_1LC1RD_1LA1RA_0LB0RD	rk:4:0	true	0.8
1RB1LA_1LC1RD_1LD0LC_0RA0LC	rk:4:0	false	2.8
1RB1LA_1LC1RD_1LD0LC_0RA0LC	rk:5:0	false	13.3
1RB1LA_1LC1RD_1LD0LC_1RA0RD	rk:4:0	false	43.3
1RB1LA_1LC1RD_1LD0LC_1RA0RD	rk:5:0	timeout	300.1
1RB1LA_1LC1RD_1RA0LB_0RC0RB	rk:4:0	false	3.4
1RB1LA_1LC1RD_1RA0LB_0RC0RB	rk:5:0	false	15.0
1RB1LA_1LC1RD_1RA0RD_0LB0RD	rk:4:0	true	0.8
1RB1LA_1LC1RD_1RA1LA_0LB0RD	rk:4:0	true	0.8
1RB1LA_1LC1RD_1RA1LB_0LB0RD	rk:4:0	true	0.9
1RB1LA_1LC1RD_1RA1RA_0LB0RD	rk:4:0	true	0.9
1RB1LA_1LC1RD_1RC0LB_0LA0RB	rk:4:0	false	2.4
1RB1LA_1LC1RD_1RC0LB_0LA0RB	rk:5:0	false	2.9
1RB1LA_1RC0LB_1LD0RD_0RD0LA	rk:4:0	false	2.5
1RB1LA_1RC0LB_1LD0RD_0RD0LA	rk:5:0	false	11.5
1RB1LA_1RC0LC_0LA0RD_0LA1RD	rk:4:0	false	1.0
1RB1LA_1RC0LC_0LA0RD_0LA1RD	rk:5:0	false	1.2
1RB1LA_1RC0LC_0LD0RD_0LA1RD	rk:4:0	false	1.0
1RB1LA_1RC0LC_0LD0RD_0LA1RD	rk:5:0	false	1.2
1RB1LA_1RC0LC_1LA0RD_0LA1RD	rk:4:0	false	1.0
1RB1LA_1RC0LC_1LA0RD_0LA1RD	rk:5:0	false	1.2
1RB1LA_1RC0LC_1LD0RD_0LA1RD	rk:4:0	false	1.0
1RB1LA_1RC0LC_1LD0RD_0LA1RD	rk:5:0	false	1.2
1RB1LA_1RC0LC_1RD0RD_0LA1RD	rk:4:0	false	1.0
1RB1LA_1RC0LC_1RD0RD_0LA1RD	rk:5:0	false	1.2
1RB1LA_1RC0LD_0LA0RB_1LB0RC	rk:4:0	false	1.5
1RB1LA_1RC0LD_0LA0RB_1LB0RC	rk:5:0	false	2.2
1RB1LA_1RC0LD_0LA0RB_1LB1RB	rk:4:0	false	2.4
1RB1LA_1RC0LD_0LA0RB_1LB1RB	rk:5:0	false	3.5
1RB1LA_1RC0LD_0LA1RB_0RB1LB	rk:4:0	false	1.3
1RB1LA_1RC0LD_0LA1RB_0RB1LB	rk:5:0	false	2.0
1RB1LA_1RC0LD_0LA1RB_0RD1LB	rk:4:0	false	1.5
1RB1LA_1RC0LD_0LA1RB_0RD1LB	rk:5:0	false	2.0
1RB1LA_1RC0LD_0LA1RC_0RC1RD	rk:4:0	false	1.0
1RB1LA_1RC0LD_0LA1RC_0RC1RD	rk:5:0	false	1.4
1RB1LA_1RC0LD_0RD0RB_1LA1LB	rk:4:0	false	3.1
1RB1LA_1RC0LD_0RD0RB_1LA1LB	rk:5:0	false	9.7
1RB1LA_1RC0LD_1LA1RB_0RB1LB	rk:4:0	false	1.4
1RB1LA_1RC0LD_1LA1RB_0RB1LB	rk:5:0	false	2.0
1RB1LA_1RC0LD_1LA1RB_0RD1LB	rk:4:0	false	1.4
1RB1LA_1RC0LD_1LA1RB_0RD1LB	rk:5:0	false	2.1
1RB1LA_1RC0RA_1LD1RA_1LA0LD	rk:4:0	false	25.0
1RB1LA_1RC0RA_1LD1RA_1LA0LD	rk:5:0	false	206.4
1RB1LA_1RC0RA_1LD1RB_1LA0LD	rk:4:0	false	12.3
1RB1LA_1RC0RA_1LD1RB_1LA0LD	rk:5:0	false	86.6
1RB1LA_1RC0RA_1LD1RC_1LA0LD	rk:4:0	false	9.8
1RB1LA_1RC0RA_1LD1RC_1LA0LD	rk:5:0	false	60.3
1RB1LA_1RC0RB_0LC1LD_0LD1RA	rk:4:0	false	1.8
1RB1LA_1RC0RB_0LC1LD_0LD1RA	rk:5:0	false	8.6
1RB1LA_1RC0RB_0LD0LA_0RA1LC	rk:4:0	false	8.2
1RB1LA_1RC0RB_0LD0LA_0RA1LC	rk:5:0	true	5.0
1RB1LA_1RC0RB_0RD0RC_1LD0LA	rk:4:0	false	5.7
1RB1LA_1RC0RB_0RD0RC_1LD0LA	rk:5:0	false	12.4
1RB1LA_1RC0RB_1LD0LC_1LA0LC	rk:4:0	true	1.6
1RB1LA_1RC0RB_1LD0LC_1RA0LC	rk:4:0	true	1.8
1RB1LA_1RC0RB_1LD0LD_1LA0LC	rk:4:0	true	3.1
1RB1LA_1RC0RB_1LD0RB_1LA0LC	rk:4:0	false	2.0
1RB1LA_1RC0RB_1LD0RB_1LA0LC	rk:5:0	false	8.6
1RB1LA_1RC0RB_1LD0RB_1RA0LC	rk:4:0	false	1.6
1RB1LA_1RC0RB_1LD0RB_1RA0LC	rk:5:0	false	5.6
1RB1LA_1RC0RB_1LD0RC_0LD0LA	rk:4:0	false	8.6
1RB1LA_1RC0RB_1LD0RC_0LD0LA	rk:5:0	false	104.5
1RB1LA_1RC0RB_1LD0RC_1LD0LA	rk:4:0	false	3.7
1RB1LA_1RC0RB_1LD0RC_1LD0LA	rk:5:0	false	12.4
1RB1LA_1RC0RB_1LD1RA_1LA0LD	rk:4:0	false	24.9
1RB1LA_1RC0RB_1LD1RA_1LA0LD	rk:5:0	false	192.5
1RB1LA_1RC0RB_1LD1RC_1LA0LC	rk:4:0	false	9.3
1RB1LA_1RC0RB_1LD1RC_1LA0LC	rk:5:0	false	57.3
1RB1LA_1RC0RC_0LA0RD_1LD0LA	rk:4:0	false	2.4
1RB1LA_1RC0RC_0LA0RD_1LD0LA	rk:5:0	false	4.6
1RB1LA_1RC0RC_0LA1RC_------	rk:4:0	false	0.9
1RB1LA_1RC0RC_0LA1RC_------	rk:5:0	false	1.1
1RB1LA_1RC0RC_0LA1RD_0LA1RC	rk:4:0	false	1.1
1RB1LA_1RC0RC_0LA1RD_0LA1RC	rk:5:0	false	1.7
1RB1LA_1RC0RC_0LA1RD_0LA1RD	rk:4:0	false	1.0
1RB1LA_1RC0RC_0LA1RD_0LA1RD	rk:5:0	false	1.5
1RB1LA_1RC0RC_0LA1RD_0LD1RC	rk:4:0	false	1.0
1RB1LA_1RC0RC_0LA1RD_0LD1RC	rk:5:0	false	1.5
1RB1LA_1RC0RC_0LD0RB_1LD0LA	rk:4:0	false	5.4
1RB1LA_1RC0RC_0LD0RB_1LD0LA	rk:5:0	false	26.8
1RB1LA_1RC0RC_0LD1RB_1LD0LA	rk:4:0	false	1.2
1RB1LA_1RC0RC_0LD1RB_1LD0LA	rk:5:0	false	2.5
1RB1LA_1RC0RC_0LD1RC_1RA1LA	rk:4:0	false	1.0
1RB1LA_1RC0RC_0LD1RC_1RA1LA	rk:5:0	false	1.5
1RB1LA_1RC0RC_0LD1RC_1RB1LA	rk:4:0	false	1.0
1RB1LA_1RC0RC_0LD1RC_1RB1LA	rk:5:0	false	1.5
1RB1LA_1RC0RC_1LB1RD_0LA1RD	rk:4:0	false	1.1
1RB1LA_1RC0RC_1LB1RD_0LA1RD	rk:5:0	false	1.5
1RB1LA_1RC0RC_1LD0RD_0LB0LA	rk:4:0	false	1.8
1RB1LA_1RC0RC_1LD0RD_0LB0LA	rk:5:0	false	3.2
1RB1LA_1RC0RC_1LD0RD_1LA0LA	rk:4:0	false	1.8
1RB1LA_1RC0RC_1LD0RD_1LA0LA	rk:5:0	false	3.2
1RB1LA_1RC0RC_1LD0RD_1LC0LA	rk:4:0	false	1.8
1RB1LA_1RC0RC_1LD0RD_1LC0LA	rk:5:0	false	2.9
1RB1LA_1RC0RC_1LD0RD_1LD0LA	rk:4:0	false	2.7
1RB1LA_1RC0RC_1LD0RD_1LD0LA	rk:5:0	false	5.7
1RB1LA_1RC0RC_1LD1RC_0LB0LA	rk:4:0	false	3.1
1RB1LA_1RC0RC_1LD1RC_0LB0LA	rk:5:0	false	8.7
1RB1LA_1RC0RC_1LD1RC_0RB0LA	rk:4:0	false	6.7
1RB1LA_1RC0RC_1LD1RC_0RB0LA	rk:5:0	false	19.7
1RB1LA_1RC0RC_1LD1RC_0RD0LA	rk:4:0	false	2.8
1RB1LA_1RC0RC_1LD1RC_0RD0LA	rk:5:0	false	7.3
1RB1LA_1RC0RC_1LD1RC_1LA0LA	rk:4:0	false	3.8
1RB1LA_1RC0RC_1LD1RC_1LA0LA	rk:5:0	false	11.3
1RB1LA_1RC0RC_1RD0LB_0LA0RB	rk:4:0	false	0.9
1RB1LA_1RC0RC_1RD0LB_0LA0RB	rk:5:0	false	0.9
1RB1LA_1RC0RC_1RD0LD_0LA0RD	rk:4:0	false	3.9
1RB1LA_1RC0RC_1RD0LD_0LA0RD	rk:5:0	true	19.7
1RB1LA_1RC0RC_1RD0RD_1LD0LA	rk:4:0	false	5.4
1RB1LA_1RC0RC_1RD0RD_1LD0LA	rk:5:0	false	21.4
1RB1LA_1RC0RC_1RD1RC_0LD0LA	rk:4:0	false	1.0
1RB1LA_1RC0RC_1RD1RC_0LD0LA	rk:5:0	false	1.4
1RB1LA_1RC0RD_0LA0RB_0LB0LA	rk:4:0	false	1.0
1RB1LA_1RC0RD_0LA0RB_0LB0LA	rk:5:0	false	1.5
1RB1LA_1RC0RD_0LA0RB_0LC0LA	rk:4:0	false	1.0
1RB1LA_1RC0RD_0LA0RB_0LC0LA	rk:5:0	false	1.5
1RB1LA_1RC0RD_0LA1RC_0LA1RC	rk:4:0	false	1.1
1RB1LA_1RC0RD_0LA1RC_0LA1RC	rk:5:0	false	1.6
1RB1LA_1RC0RD_0LA1RC_0LB1RC	rk:4:0	false	1.0
1RB1LA_1RC0RD_0LA1RC_0LB1RC	rk:5:0	false	1.6
1RB1LA_1RC0RD_0LA1RC_1LB1RC	rk:4:0	false	1.1
1RB1LA_1RC0RD_0LA1RC_1LB1RC	rk:5:0	false	1.5
1RB1LA_1RC0RD_0LA1RD_0LA1RC	rk:4:0	false	1.2
1RB1LA_1RC0RD_0LA1RD_0LA1RC	rk:5:0	false	1.8
1RB1LA_1RC0RD_0LC0LA_1RC1RD	rk:4:0	false	1.0
1RB1LA_1RC0RD_0LC0LA_1RC1RD	rk:5:0	false	1.4
1RB1LA_1RC0RD_0LC1RD_0LA1RC	rk:4:0	false	1.1
1RB1LA_1RC0RD_0LC1RD_0LA1RC	rk:5:0	false	1.5
1RB1LA_1RC0RD_0LD0RB_1LB0LA	rk:4:0	false	1.1
1RB1LA_1RC0RD_0LD0RB_1LB0LA	rk:5:0	false	1.8
1RB1LA_1RC0RD_0LD0RB_1RA0LA	rk:4:0	false	1.6
1RB1LA_1RC0RD_0LD0RB_1RA0LA	rk:5:0	false	2.5
1RB1LA_1RC0RD_1LD1RB_0RB0LA	rk:4:0	false	2.7
1RB1LA_1RC0RD_1LD1RB_0RB0LA	rk:5:0	false	5.7
1RB1LA_1RC0RD_1RD0RB_0LA0LB	rk:4:0	true	0.8
1RB1LA_1RC1LB_0LA0RD_0LB1RC	rk:4:0	true	0.8
1RB1LA_1RC1LB_1LD0RC_0LD0RA	rk:4:0	false	1.1
1RB1LA_1RC1LB_1LD0RC_0LD0RA	rk:5:0	false	2.0
1RB1LA_1RC1LD_0LA0RB_0RC0LA	rk:4:0	false	8.7
1RB1LA_1RC1LD_0LA0RB_0RC0LA	rk:5:0	false	46.2
1RB1LA_1RC1LD_0LD0RB_0LC0LA	rk:4:0	true	4.1
1RB1LA_1RC1LD_0LD0RD_1RB0LA	rk:4:0	false	3.1
1RB1LA_1RC1LD_0LD0RD_1RB0LA	rk:5:0	false	8.4
1RB1LA_1RC1LD_1LD0RD_0RD0LA	rk:4:0	false	3.2
1RB1LA_1RC1LD_1LD0RD_0RD0LA	rk:5:0	false	12.6
1RB1LA_1RC1LD_1RD0RC_0LA0LA	rk:4:0	false	8.4
1RB1LA_1RC1LD_1RD0RC_0LA0LA	rk:5:0	false	40.0
1RB1LA_1RC1RA_1LD0RC_0RA0LD	rk:4:0	false	2.7
1RB1LA_1RC1RA_1LD0RC_0RA0LD	rk:5:0	false	11.3
1RB1LA_1RC1RB_1LD0RC_0LD0LA	rk:4:0	false	3.7
1RB1LA_1RC1RB_1LD0RC_0LD0LA	rk:5:0	false	14.3
1RB1LA_1RC1RC_0LA0RD_0LA1RD	rk:4:0	false	1.1
1RB1LA_1RC1RC_0LA0RD_0LA1RD	rk:5:0	false	1.4
1RB1LA_1RC1RC_0LA0RD_0LB1RD	rk:4:0	false	1.0
1RB1LA_1RC1RC_0LA0RD_0LB1RD	rk:5:0	false	1.3
1RB1LA_1RC1RC_0LA1RD_0LA0RB	rk:4:0	false	1.2
1RB1LA_1RC1RC_0LA1RD_0LA0RB	rk:5:0	false	2.2
1RB1LA_1RC1RC_0LD0RD_0LA1RD	rk:4:0	false	1.1
1RB1LA_1RC1RC_0LD0RD_0LA1RD	rk:5:0	false	1.4
1RB1LA_1RC1RD_0LA0RB_0LA1RC	rk:4:0	false	1.2
1RB1LA_1RC1RD_0LA0RB_0LA1RC	rk:5:0	false	2.2
1RB1LA_1RC1RD_0LA1RC_---0RC	rk:4:0	false	0.6
1RB1LA_1RC1RD_0LA1RC_---0RC	rk:5:0	false	0.6
1RB1LA_1RC1RD_0LA1RC_0RC0LB	rk:4:0	false	0.9
1RB1LA_1RC1RD_0LA1RC_0RC0LB	rk:5:0	false	1.2
1RB1LA_1RC1RD_0LB1RC_0LA0RC	rk:4:0	false	1.0
1RB1LA_1RC1RD_0LB1RC_0LA0RC	rk:5:0	false	1.3
1RB1LB_0LB1LC_1RD0RD_1LA0RC	rk:4:0	false	10.4
1RB1LB_0LB1LC_1RD0RD_1LA0RC	rk:5:0	false	44.3
1RB1LB_0LB1RC_1LD0RC_0RA0LD	rk:4:0	false	1.2
1RB1LB_0LB1RC_1LD0RC_0RA0LD	rk:5:0	false	2.7
1RB1LB_0LC0RA_1LA1LD_1RD1RA	rk:4:0	false	1.3
1RB1LB_0LC0RA_1LA1LD_1RD1RA	rk:5:0	true	1.4
1RB1LB_0LC0RD_1LA1RC_1RB0RD	rk:4:0	false	2.6
1RB1LB_0LC0RD_1LA1RC_1RB0RD	rk:5:0	false	12.5
1RB1LB_0LC0RD_1LC1LA_1LC1RA	rk:4:0	false	11.5
1RB1LB_0LC0RD_1LC1LA_1LC1RA	rk:5:0	false	100.1
1RB1LB_0LC1RD_0RA1LC_0RB0RD	rk:4:0	false	1.6
1RB1LB_0LC1RD_0RA1LC_0RB0RD	rk:5:0	false	2.5
1RB1LB_0LC1RD_1LA1LA_1LB0RD	rk:4:0	false	3.6
1RB1LB_0LC1RD_1LA1LA_1LB0RD	rk:5:0	false	19.4
1RB1LB_0LC1RD_1LA1LB_1LB0RD	rk:4:0	false	5.0
1RB1LB_0LC1RD_1LA1LB_1LB0RD	rk:5:0	false	20.9
1RB1LB_0LC1RD_1LA1LC_1RA0RB	rk:4:0	false	2.2
1RB1LB_0LC1RD_1LA1LC_1RA0RB	rk:5:0	false	4.1
1RB1LB_0LC1RD_1LA1LC_1RB0RB	rk:4:0	false	5.0
1RB1LB_0LC1RD_1LA1LC_1RB0RB	rk:5:0	false	16.7
1RB1LB_0RC0LC_0RD1LC_1LA1RD	rk:4:0	false	1.1
1RB1LB_0RC0LC_0RD1LC_1LA1RD	rk:5:0	false	1.4
1RB1LB_0RC0LD_1LA1RC_0RA1LD	rk:4:0	false	1.1
1RB1LB_0RC0LD_1LA1RC_0RA1LD	rk:5:0	false	1.4
1RB1LB_0RC0LD_1LA1RC_0RC1LD	rk:4:0	false	1.1
1RB1LB_0RC0LD_1LA1RC_0RC1LD	rk:5:0	false	1.5
1RB1LB_0RC0LD_1LC0LA_0RA1RC	rk:4:0	false	1.2
1RB1LB_0RC0LD_1LC0LA_0RA1RC	rk:5:0	false	1.4
1RB1LB_0RC0LD_1LC0LA_1RB0LD	rk:4:0	false	1.3
1RB1LB_0RC0LD_1LC0LA_1RB0LD	rk:5:0	true	1.2
1RB1LB_0RC0LD_1LC0LA_1RB1RC	rk:4:0	false	1.4
1RB1LB_0RC0LD_1LC0LA_1RB1RC	rk:5:0	false	1.4
1RB1LB_0RC1LD_1LC0LA_0RA0LA	rk:4:0	false	1.4
1RB1LB_0RC1LD_1LC0LA_0RA0LA	rk:5:0	false	1.4
1RB1LB_0RC1LD_1LC0LA_0RC0LA	rk:4:0	false	1.4
1RB1LB_0RC1LD_1LC0LA_0RC0LA	rk:5:0	false	1.4
1RB1LB_0RC1LD_1LC0LA_0RD0LA	rk:4:0	false	1.1
1RB1LB_0RC1LD_1LC0LA_0RD0LA	rk:5:0	false	1.4
1RB1LB_0RC1RB_1LD0RB_0LD1LA	rk:4:0	false	14.8
1RB1LB_0RC1RB_1LD0RB_0LD1LA	rk:5:0	false	104.9
1RB1LB_0RC1RC_1LD0RB_0LD1LA	rk:4:0	false	8.6
1RB1LB_0RC1RC_1LD0RB_0LD1LA	rk:5:0	false	90.8
1RB1LB_0RC1RD_1LA1RA_1RC0LA	rk:4:0	true	1.5
1RB1LB_1LA0RC_0LB0LD_0RD0RC	rk:4:0	false	1.0
1RB1LB_1LA0RC_0LB0LD_0RD0RC	rk:5:0	false	1.4
1RB1LB_1LA0RC_0LB0RD_---0RC	rk:4:0	false	0.7
1RB1LB_1LA0RC_0LB0RD_---0RC	rk:5:0	false	0.8
1RB1LB_1LA0RC_0LB0RD_---1RC	rk:4:0	false	0.8
1RB1LB_1LA0RC_0LB0RD_---1RC	rk:5:0	false	0.7
1RB1LB_1LA0RC_0LB1RD_0LB0RD	rk:4:0	true	0.9
1RB1LB_1LA0RC_0LD0RB_0LD1LB	rk:4:0	false	1.0
1RB1LB_1LA0RC_0LD0RB_0LD1LB	rk:5:0	false	1.7
1RB1LB_1LA0RC_0LD1RD_0LA0RB	rk:4:0	true	0.9
1RB1LB_1LA0RC_0RD0RB_0LD1LB	rk:4:0	false	1.1
1RB1LB_1LA0RC_0RD0RB_0LD1LB	rk:5:0	false	1.7
1RB1LB_1LA0RC_1LB0RD_0LC1RD	rk:4:0	true	1.0
1RB1LB_1LA1LC_---1RD_0LB0RD	rk:4:0	false	0.7
1RB1LB_1LA1LC_---1RD_0LB0RD	rk:5:0	false	0.7
1RB1LB_1LA1LC_0LC1RD_1RA0RD	rk:4:0	false	1.2
1RB1LB_1LA1LC_0LC1RD_1RA0RD	rk:5:0	false	1.5
1RB1LB_1LA1LC_0RD0LC_1RA1RD	rk:4:0	false	0.8
1RB1LB_1LA1LC_0RD0LC_1RA1RD	rk:5:0	true	1.0
1RB1LB_1LA1LC_1RD0LC_0RD0RA	rk:4:0	false	0.9
1RB1LB_1LA1LC_1RD0LC_0RD0RA	rk:5:0	false	1.6
1RB1LB_1LA1RC_0RA0RD_1RC0RB	rk:4:0	false	1.2
1RB1LB_1LA1RC_0RA0RD_1RC0RB	rk:5:0	true	0.9
1RB1LB_1LA1RC_1LD0RC_0LD1RA	rk:4:0	false	1.0
1RB1LB_1LA1RC_1LD0RC_0LD1RA	rk:5:0	false	1.8
1RB1LB_1LA1RC_1RD0LC_0RD0LA	rk:4:0	false	0.8
1RB1LB_1LA1RC_1RD0LC_0RD0LA	rk:5:0	false	1.3
1RB1LB_1LB1LC_0RD0LC_1RA1RD	rk:4:0	true	0.8
1RB1LB_1LC0RA_0RD0LB_1LB1RD	rk:4:0	false	2.8
1RB1LB_1LC0RA_0RD0LB_1LB1RD	rk:5:0	false	3.5
1RB1LB_1LC0RB_0LA0LD_0RA1LB	rk:4:0	false	2.9
1RB1LB_1LC0RB_0LA0LD_0RA1LB	rk:5:0	false	15.2
1RB1LB_1LC0RB_0LD0LB_0RA1LD	rk:4:0	false	2.8
1RB1LB_1LC0RB_0LD0LB_0RA1LD	rk:5:0	false	13.0
1RB1LB_1LC0RC_1LA0RD_0LB0RB	rk:4:0	false	0.9
1RB1LB_1LC0RC_1LA0RD_0LB0RB	rk:5:0	false	1.2
1RB1LB_1LC0RC_1RA1LD_1RB0LD	rk:4:0	false	3.4
1RB1LB_1LC0RC_1RA1LD_1RB0LD	rk:5:0	true	6.0
1RB1LB_1LC0RD_0LA1LA_0LB0RB	rk:4:0	true	1.5
1RB1LB_1LC0RD_0LA1LA_0LB0RD	rk:4:0	true	1.4
1RB1LB_1LC0RD_0LB1LA_1LA1RA	rk:4:0	false	5.4
1RB1LB_1LC0RD_0LB1LA_1LA1RA	rk:5:0	false	24.3
1RB1LB_1LC0RD_0LC1LA_0LB1RA	rk:4:0	false	9.3
1RB1LB_1LC0RD_0LC1LA_0LB1RA	rk:5:0	false	86.0
1RB1LB_1LC0RD_0RA0LC_0RB0LB	rk:4:0	false	1.0
1RB1LB_1LC0RD_0RA0LC_0RB0LB	rk:5:0	false	1.6
1RB1LB_1LC0RD_1LA0LB_1RB0RD	rk:4:0	false	5.7
1RB1LB_1LC0RD_1LA0LB_1RB0RD	rk:5:0	false	29.3
1RB1LB_1LC0RD_1LA0LB_1RB1RA	rk:4:0	false	4.6
1RB1LB_1LC0RD_1LA0LB_1RB1RA	rk:5:0	false	16.9
1RB1LB_1LC0RD_1LA0LC_1RD1RB	rk:4:0	false	33.6
1RB1LB_1LC0RD_1LA0LC_1RD1RB	rk:5:0	timeout	300.1
1RB1LB_1LC0RD_1RD0LB_0LA1RA	rk:4:0	false	3.6
1RB1LB_1LC0RD_1RD0LB_0LA1RA	rk:5:0	false	10.4
1RB1LB_1LC1LA_0LB1RD_0RB0RD	rk:4:0	false	1.0
1RB1LB_1LC1LA_0LB1RD_0RB0RD	rk:5:0	false	1.2
1RB1LB_1LC1LD_0RA0LC_0RB1RD	rk:4:0	false	0.9
1RB1LB_1LC1LD_0RA0LC_0RB1RD	rk:5:0	false	1.1
1RB1LB_1LC1RB_1RA0LD_0RC1LD	rk:4:0	false	1.0
1RB1LB_1LC1RB_1RA0LD_0RC1LD	rk:5:0	false	1.4
1RB1LB_1LC1RB_1RD0LC_1LA0RD	rk:4:0	false	22.9
1RB1LB_1LC1RB_1RD0LC_1LA0RD	rk:5:0	false	263.2
1RB1LB_1LC1RC_0LA1LD_1LA0RB	rk:4:0	true	1.5
1RB1LB_1LC1RD_0RA0LC_0RB1RA	rk:4:0	true	4.2
1RB1LB_1LC1RD_0RD0LB_0RA0LC	rk:4:0	true	0.9
1RB1LB_1LC1RD_1LA0LC_0RA1RA	rk:4:0	false	2.1
1RB1LB_1LC1RD_1LA0LC_0RA1RA	rk:5:0	true	6.5
1RB1LB_1LC1RD_1LA0RA_0LB0RD	rk:4:0	true	1.0
1RB1LB_1LC1RD_1LA0RD_0LB0RD	rk:4:0	true	0.9
1RB1LB_1LC1RD_1LA0RD_0LC0RD	rk:4:0	true	0.9
1RB1LB_1LC1RD_1LA1LA_0LB0RD	rk:4:0	true	0.9
1RB1LB_1LC1RD_1LA1LB_0LC0RD	rk:4:0	true	0.9
1RB1LB_1LC1RD_1LD0LC_1RA0RD	rk:4:0	true	19.7
1RB1LB_1LC1RD_1LD1LA_0RB0LC	rk:4:0	false	1.7
1RB1LB_1LC1RD_1LD1LA_0RB0LC	rk:5:0	true	3.1
1RB1LB_1RC0LA_0LD0RB_1LB1LD	rk:4:0	false	1.3
1RB1LB_1RC0LA_0LD0RB_1LB1LD	rk:5:0	false	2.3
1RB1LB_1RC0LA_0RD0RC_1LD1LA	rk:4:0	false	2.3
1RB1LB_1RC0LA_0RD0RC_1LD1LA	rk:5:0	false	7.3
1RB1LB_1RC0LA_1LA0RD_0RC0LB	rk:4:0	true	0.9
1RB1LB_1RC0LA_1LD1RC_---1LA	rk:4:0	false	0.8
1RB1LB_1RC0LA_1LD1RC_---1LA	rk:5:0	true	0.9
1RB1LB_1RC0LA_1RD0RD_0LB0RB	rk:4:0	false	0.9
1RB1LB_1RC0LA_1RD0RD_0LB0RB	rk:5:0	false	1.0
1RB1LB_1RC0LA_1RD1RC_0LB0RB	rk:4:0	false	0.8
1RB1LB_1RC0LA_1RD1RC_0LB0RB	rk:5:0	false	0.9
1RB1LB_1RC0LB_0LA1RD_0RD0LA	rk:4:0	false	1.2
1RB1LB_1RC0LB_0LA1RD_0RD0LA	rk:5:0	false	3.3
1RB1LB_1RC0LB_1LA0RD_---0RC	rk:4:0	false	0.7
1RB1LB_1RC0LB_1LA0RD_---0RC	rk:5:0	false	0.8
1RB1LB_1RC0LB_1LC1RD_0RD0LA	rk:4:0	false	1.4
1RB1LB_1RC0LB_1LC1RD_0RD0LA	rk:5:0	false	4.6
1RB1LB_1RC0LD_1LD0RC_0LA0RC	rk:4:0	false	9.0
1RB1LB_1RC0LD_1LD0RC_0LA0RC	rk:5:0	false	27.4
1RB1LB_1RC0RB_0LD0RD_1LD0LA	rk:4:0	true	1.2
1RB1LB_1RC0RB_1LD0RA_1LB0LC	rk:4:0	false	1.4
1RB1LB_1RC0RB_1LD0RA_1LB0LC	rk:5:0	false	4.2
1RB1LB_1RC0RB_1LD1RB_1LA0LD	rk:4:0	false	13.2
1RB1LB_1RC0RB_1LD1RB_1LA0LD	rk:5:0	false	113.1
1RB1LB_1RC0RC_1LD0LA_1LA0RD	rk:4:0	false	1.4
1RB1LB_1RC0RC_1LD0LA_1LA0RD	rk:5:0	false	3.5
1RB1LB_1RC1LA_0LB0RD_---0RC	rk:4:0	false	0.7
1RB1LB_1RC1LA_0LB0RD_---0RC	rk:5:0	false	0.8
1RB1LB_1RC1LA_1LD0RC_0LD0RB	rk:4:0	false	2.9
1RB1LB_1RC1LA_1LD0RC_0LD0RB	rk:5:0	false	5.5
1RB1LB_1RC1LB_0LA0RD_0LA1RD	rk:4:0	false	1.1
1RB1LB_1RC1LB_0LA0RD_0LA1RD	rk:5:0	false	1.5
1RB1LB_1RC1LB_0LD0RD_0LA1RD	rk:4:0	false	1.0
1RB1LB_1RC1LB_0LD0RD_0LA1RD	rk:5:0	false	1.6
1RB1LB_1RC1LB_1LA0RD_0LA1RD	rk:4:0	false	1.1
1RB1LB_1RC1LB_1LA0RD_0LA1RD	rk:5:0	false	1.5
1RB1LB_1RC1LB_1LA0RD_0LC1RD	rk:4:0	false	0.9
1RB1LB_1RC1LB_1LA0RD_0LC1RD	rk:5:0	false	1.3
1RB1LB_1RC1LB_1LA1RD_0LC0RD	rk:4:0	true	0.8
1RB1LB_1RC1LB_1LB0RD_0LA1RD	rk:4:0	false	1.1
1RB1LB_1RC1LB_1LB0RD_0LA1RD	rk:5:0	false	1.5
1RB1LB_1RC1LB_1LD0RD_0LA1RD	rk:4:0	false	1.0
1RB1LB_1RC1LB_1LD0RD_0LA1RD	rk:5:0	false	1.5
1RB1LB_1RC1LB_1RD0RD_0LA1RD	rk:4:0	false	1.1
1RB1LB_1RC1LB_1RD0RD_0LA1RD	rk:5:0	false	1.6
1RB1LB_1RC1LD_0LA0RA_1LB0LD	rk:4:0	false	2.2
1RB1LB_1RC1LD_0LA0RA_1LB0LD	rk:5:0	false	3.5
1RB1LB_1RC1LD_0LA0RC_0RD0LB	rk:4:0	false	2.2
1RB1LB_1RC1LD_0LA0RC_0RD0LB	rk:5:0	false	3.8
1RB1LB_1RC1LD_0LD0RC_0LA1LA	rk:4:0	false	9.2
1RB1LB_1RC1LD_0LD0RC_0LA1LA	rk:5:0	false	58.8
1RB1LB_1RC1LD_1LD0RC_0LA0LB	rk:4:0	false	6.4
1RB1LB_1RC1LD_1LD0RC_0LA0LB	rk:5:0	false	35.9
1RB1LB_1RC1LD_1LD0RC_0LB0LA	rk:4:0	false	2.3
1RB1LB_1RC1LD_1LD0RC_0LB0LA	rk:5:0	false	8.2
1RB1LB_1RC1RD_1LA0LC_0RD1LA	rk:4:0	false	1.4
1RB1LB_1RC1RD_1LA0LC_0RD1LA	rk:5:0	false	3.3
1RB1LB_1RC1RD_1LD0LC_0RD1LA	rk:4:0	false	1.4
1RB1LB_1RC1RD_1LD0LC_0RD1LA	rk:5:0	false	2.9
1RB1LC_0LA---_1RD0LC_0RD0RB	rk:4:0	false	1.0
1RB1LC_0LA---_1RD0LC_0RD0RB	rk:5:0	false	2.0
1RB1LC_0LA0LC_1LA1RD_0RD0RB	rk:4:0	false	9.3
1RB1LC_0LA0LC_1LA1RD_0RD0RB	rk:5:0	false	92.1
1RB1LC_0LA0RB_0LD1LA_0RA1RA	rk:4:0	true	1.0
1RB1LC_0LA0RB_0LD1LA_1RA---	rk:4:0	false	0.6
1RB1LC_0LA0RB_0LD1LA_1RA---	rk:5:0	false	0.7
1RB1LC_0LA0RB_0LD1LC_0RA1RA	rk:4:0	true	1.1
1RB1LC_0LA0RB_0LD1LC_1RA---	rk:4:0	false	0.6
1RB1LC_0LA0RB_0LD1LC_1RA---	rk:5:0	false	0.7
1RB1LC_0LA0RB_0LD1LD_1RA0RA	rk:4:0	false	1.3
1RB1LC_0LA0RB_0LD1LD_1RA0RA	rk:5:0	false	4.0
1RB1LC_0LA0RB_0LD1LD_1RA1LA	rk:4:0	false	4.4
1RB1LC_0LA0RB_0LD1LD_1RA1LA	rk:5:0	false	17.6
1RB1LC_0LA0RB_0LD1LD_1RA1LC	rk:4:0	false	3.2
1RB1LC_0LA0RB_0LD1LD_1RA1LC	rk:5:0	false	9.5
1RB1LC_0LA0RB_0RC1LD_1LA---	rk:4:0	false	0.7
1RB1LC_0LA0RB_0RC1LD_1LA---	rk:5:0	false	0.7
1RB1LC_0LA0RB_0RD---_1LA1LD	rk:4:0	false	0.7
1RB1LC_0LA0RB_0RD---_1LA1LD	rk:5:0	false	0.7
1RB1LC_0LA0RB_0RD0LC_1RD1LA	rk:4:0	false	6.1
1RB1LC_0LA0RB_0RD0LC_1RD1LA	rk:5:0	false	27.2
1RB1LC_0LA0RB_0RD1LA_0LC1RD	rk:4:0	false	2.6
1RB1LC_0LA0RB_0RD1LA_0LC1RD	rk:5:0	false	7.4
1RB1LC_0LA0RB_1LA---_------	rk:4:0	false	0.6
1RB1LC_0LA0RB_1LA---_------	rk:5:0	false	0.8
1RB1LC_0LA0RB_1LD---_0RD1LA	rk:4:0	false	0.7
1RB1LC_0LA0RB_1LD---_0RD1LA	rk:5:0	false	0.8
1RB1LC_0LA0RB_1LD---_1LA---	rk:4:0	false	0.7
1RB1LC_0LA0RB_1LD---_1LA---	rk:5:0	false	0.7
1RB1LC_0LA0RB_1LD---_1RB1LA	rk:4:0	false	0.7
1RB1LC_0LA0RB_1LD---_1RB1LA	rk:5:0	false	0.7
1RB1LC_0LA0RB_1LD---_1RB1LC	rk:4:0	false	0.6
1RB1LC_0LA0RB_1LD---_1RB1LC	rk:5:0	false	0.7
1RB1LC_0LA0RB_1LD0LD_1RA1LA	rk:4:0	false	3.4
1RB1LC_0LA0RB_1LD0LD_1RA1LA	rk:5:0	false	13.4
1RB1LC_0LA0RB_1LD1LA_1RA---	rk:4:0	false	0.7
1RB1LC_0LA0RB_1LD1LA_1RA---	rk:5:0	false	0.8
1RB1LC_0LA0RB_1RA1LD_1LA---	rk:4:0	false	0.7
1RB1LC_0LA0RB_1RA1LD_1LA---	rk:5:0	false	0.7
1RB1LC_0LA0RB_1RA1RD_0LC1LD	rk:4:0	false	0.8
1RB1LC_0LA0RB_1RA1RD_0LC1LD	rk:5:0	false	1.0
1RB1LC_0LA0RB_1RB1LD_1LA---	rk:4:0	false	0.7
1RB1LC_0LA0RB_1RB1LD_1LA---	rk:5:0	false	0.8
1RB1LC_0LA0RB_1RB1LD_1LC---	rk:4:0	false	0.7
1RB1LC_0LA0RB_1RB1LD_1LC---	rk:5:0	false	0.7
1RB1LC_0LA0RB_1RC1LD_---1LA	rk:4:0	false	0.7
1RB1LC_0LA0RB_1RC1LD_---1LA	rk:5:0	false	0.8
1RB1LC_0LA0RB_1RD1LA_0LA1RD	rk:4:0	false	1.5
1RB1LC_0LA0RB_1RD1LA_0LA1RD	rk:5:0	false	5.6
1RB1LC_0LA0RB_1RD1LA_0LC1RD	rk:4:0	false	1.9
1RB1LC_0LA0RB_1RD1LA_0LC1RD	rk:5:0	false	4.2
1RB1LC_0LA0RB_1RD1LD_1LA1RB	rk:4:0	true	0.9
1RB1LC_0LA0RC_1LA0RB_------	rk:4:0	false	0.8
1RB1LC_0LA0RC_1LA0RB_------	rk:5:0	false	1.1
1RB1LC_0LA0RC_1LA0RD_0LA0RC	rk:4:0	false	0.9
1RB1LC_0LA0RC_1LA0RD_0LA0RC	rk:5:0	false	1.3
1RB1LC_0LA0RC_1LA1LD_0RD0RB	rk:4:0	false	1.0
1RB1LC_0LA0RC_1LA1LD_0RD0RB	rk:5:0	false	1.7
1RB1LC_0LA0RC_1LA1RD_0LA0RD	rk:4:0	true	0.8
1RB1LC_0LA0RC_1LD0RB_1RB1LC	rk:4:0	false	0.8
1RB1LC_0LA0RC_1LD0RB_1RB1LC	rk:5:0	false	1.3
1RB1LC_0LA0RC_1RD0LD_1LA0RB	rk:4:0	true	1.6
1RB1LC_0LA0RD_0LD1LA_1RD0RB	rk:4:0	false	2.6
1RB1LC_0LA0RD_0LD1LA_1RD0RB	rk:5:0	false	12.0
1RB1LC_0LA0RD_0LD1LC_1LA0RB	rk:4:0	false	3.2
1RB1LC_0LA0RD_0LD1LC_1LA0RB	rk:5:0	false	13.2
1RB1LC_0LA0RD_0LD1LC_1RD0RB	rk:4:0	false	1.7
1RB1LC_0LA0RD_0LD1LC_1RD0RB	rk:5:0	false	5.5
1RB1LC_0LA0RD_0RC1LA_0LA1RD	rk:4:0	false	1.1
1RB1LC_0LA0RD_0RC1LA_0LA1RD	rk:5:0	false	1.7
1RB1LC_0LA0RD_0RC1LD_1LA0RB	rk:4:0	false	0.9
1RB1LC_0LA0RD_0RC1LD_1LA0RB	rk:5:0	false	1.6
1RB1LC_0LA0RD_1LA---_---0RB	rk:4:0	false	0.6
1RB1LC_0LA0RD_1LA---_---0RB	rk:5:0	false	0.7
1RB1LC_0LA0RD_1LA---_0LA0RD	rk:4:0	false	0.6
1RB1LC_0LA0RD_1LA---_0LA0RD	rk:5:0	false	0.7
1RB1LC_0LA0RD_1LA0LD_1RB1RA	rk:4:0	false	1.0
1RB1LC_0LA0RD_1LA0LD_1RB1RA	rk:5:0	false	1.4
1RB1LC_0LA0RD_1LD0LC_1RB1LA	rk:4:0	false	1.8
1RB1LC_0LA0RD_1LD0LC_1RB1LA	rk:5:0	true	1.6
1RB1LC_0LA0RD_1LD0RB_1LA0RC	rk:4:0	false	1.0
1RB1LC_0LA0RD_1LD0RB_1LA0RC	rk:5:0	false	1.4
1RB1LC_0LA0RD_1RA1LA_---0RB	rk:4:0	false	0.7
1RB1LC_0LA0RD_1RA1LA_---0RB	rk:5:0	false	0.7
1RB1LC_0LA0RD_1RB1LA_0LA1RD	rk:4:0	false	1.2
1RB1LC_0LA0RD_1RB1LA_0LA1RD	rk:5:0	false	1.9
1RB1LC_0LA0RD_1RB1LA_0LC1RB	rk:4:0	true	0.8
1RB1LC_0LA0RD_1RB1LA_0LC1RD	rk:4:0	false	1.2
1RB1LC_0LA0RD_1RB1LA_0LC1RD	rk:5:0	false	1.9
1RB1LC_0LA0RD_1RB1LC_0LA1RD	rk:4:0	false	1.1
1RB1LC_0LA0RD_1RB1LC_0LA1RD	rk:5:0	false	1.5
1RB1LC_0LA0RD_1RD0LC_1LA0RB	rk:4:0	false	10.6
1RB1LC_0LA0RD_1RD0LC_1LA0RB	rk:5:0	false	67.9
1RB1LC_0LA0RD_1RD1LA_---0RB	rk:4:0	false	0.7
1RB1LC_0LA0RD_1RD1LA_---0RB	rk:5:0	false	0.8
1RB1LC_0LA1RB_1LA0RD_0LB1RC	rk:4:0	false	1.5
1RB1LC_0LA1RB_1LA0RD_0LB1RC	rk:5:0	false	2.3
1RB1LC_0LA1RB_1LA0RD_0LC1RC	rk:4:0	false	1.3
1RB1LC_0LA1RB_1LA0RD_0LC1RC	rk:5:0	false	2.0
1RB1LC_0LA1RB_1LA0RD_0LD1RC	rk:4:0	false	1.5
1RB1LC_0LA1RB_1LA0RD_0LD1RC	rk:5:0	false	2.1
1RB1LC_0LA1RB_1RD1LA_0LA0RD	rk:4:0	false	1.8
1RB1LC_0LA1RB_1RD1LA_0LA0RD	rk:5:0	false	4.2
1RB1LC_0LA1RB_1RD1LA_0LC0RD	rk:4:0	false	1.9
1RB1LC_0LA1RB_1RD1LA_0LC0RD	rk:5:0	false	4.4
1RB1LC_0LA1RB_1RD1LC_---0RB	rk:4:0	false	0.9
1RB1LC_0LA1RB_1RD1LC_---0RB	rk:5:0	false	1.2
1RB1LC_0LA1RC_1RD0LC_0RB0RC	rk:4:0	false	2.8
1RB1LC_0LA1RC_1RD0LC_0RB0RC	rk:5:0	false	13.2
1RB1LC_0LA1RD_1LA0LC_0RB0RD	rk:4:0	false	36.8
1RB1LC_0LA1RD_1LA0LC_0RB0RD	rk:5:0	timeout	300.1
1RB1LC_0LA1RD_1LA0LC_0RD0RB	rk:4:0	false	15.1
1RB1LC_0LA1RD_1LA0LC_0RD0RB	rk:5:0	false	80.5
1RB1LC_0LA1RD_1LA0LC_0RD1RB	rk:4:0	false	1.2
1RB1LC_0LA1RD_1LA0LC_0RD1RB	rk:5:0	false	2.0
1RB1LC_0LA1RD_1LA0RA_---0RB	rk:4:0	false	0.6
1RB1LC_0LA1RD_1LA0RA_---0RB	rk:5:0	false	0.7
1RB1LC_0LA1RD_1LA0RB_0LA0RB	rk:4:0	false	1.7
1RB1LC_0LA1RD_1LA0RB_0LA0RB	rk:5:0	false	6.2
1RB1LC_0LA1RD_1LA0RB_0LA0RD	rk:4:0	true	0.9
1RB1LC_0LA1RD_1LA0RD_---0RB	rk:4:0	false	0.7
1RB1LC_0LA1RD_1LA0RD_---0RB	rk:5:0	false	0.8
1RB1LC_0LA1RD_1LA0RD_0LA0RD	rk:4:0	true	0.9
1RB1LC_0LA1RD_1LA1LB_0LA0RD	rk:4:0	true	1.6
1RB1LC_0LA1RD_1LD0RA_1RC0LC	rk:4:0	true	0.8
1RB1LC_0LB1LA_0RD1RC_1LB0RC	rk:4:0	false	10.0
1RB1LC_0LB1LA_0RD1RC_1LB0RC	rk:5:0	false	91.4
1RB1LC_0LB1LA_0RD1RD_1LB0RC	rk:4:0	false	2.6
1RB1LC_0LB1LA_0RD1RD_1LB0RC	rk:5:0	false	13.0
1RB1LC_0LC0RA_0LB0LD_1RA1LD	rk:4:0	true	4.1
1RB1LC_0LC0RA_0LD0RB_1LA1RA	rk:4:0	true	0.9
1RB1LC_0LC0RA_1RB1LD_1LA0LD	rk:4:0	false	1.9
1RB1LC_0LC0RA_1RB1LD_1LA0LD	rk:5:0	true	1.6
1RB1LC_0LC0RB_0RD1LA_0LA1RD	rk:4:0	false	2.2
1RB1LC_0LC0RB_0RD1LA_0LA1RD	rk:5:0	false	8.9
1RB1LC_0LC0RB_1LA1RD_0LA0RD	rk:4:0	false	4.1
1RB1LC_0LC0RB_1LA1RD_0LA0RD	rk:5:0	false	12.8
1RB1LC_0LC0RB_1RA0LD_1LA1LD	rk:4:0	true	2.8
1RB1LC_0LC0RB_1RB1LD_1LA---	rk:4:0	false	0.7
1RB1LC_0LC0RB_1RB1LD_1LA---	rk:5:0	false	0.7
1RB1LC_0LC0RB_1RD0RD_1LA0LA	rk:4:0	false	1.3
1RB1LC_0LC0RB_1RD0RD_1LA0LA	rk:5:0	false	3.6
1RB1LC_0LC0RB_1RD1LA_0LA1RD	rk:4:0	false	1.6
1RB1LC_0LC0RB_1RD1LA_0LA1RD	rk:5:0	false	5.6
1RB1LC_0LC0RB_1RD1LA_0LC1RD	rk:4:0	false	1.8
1RB1LC_0LC0RB_1RD1LA_0LC1RD	rk:5:0	false	4.4
1RB1LC_0LC0RB_1RD1LA_1RB0LA	rk:4:0	false	14.5
1RB1LC_0LC0RB_1RD1LA_1RB0LA	rk:5:0	false	106.6
1RB1LC_0LC0RC_1LA1RD_0LA0RD	rk:4:0	true	0.9
1RB1LC_0LC0RC_1RA0LD_1RA1LD	rk:4:0	false	3.2
1RB1LC_0LC0RC_1RA0LD_1RA1LD	rk:5:0	false	8.6
1RB1LC_0LC0RD_0LA1LA_0RB1LC	rk:4:0	false	9.5
1RB1LC_0LC0RD_0LA1LA_0RB1LC	rk:5:0	true	41.8
1RB1LC_0LC0RD_0LA1LA_0RB1RC	rk:4:0	false	8.4
1RB1LC_0LC0RD_0LA1LA_0RB1RC	rk:5:0	true	38.8
1RB1LC_0LC0RD_0LA1LA_0RB1RD	rk:4:0	false	7.4
1RB1LC_0LC0RD_0LA1LA_0RB1RD	rk:5:0	false	49.6
1RB1LC_0LC0RD_0LA1RD_0RB---	rk:4:0	false	0.7
1RB1LC_0LC0RD_0LA1RD_0RB---	rk:5:0	false	0.7
1RB1LC_0LC0RD_0RC1LA_0LA1RB	rk:4:0	true	0.8
1RB1LC_0LC0RD_0RC1LA_0LA1RD	rk:4:0	false	1.1
1RB1LC_0LC0RD_0RC1LA_0LA1RD	rk:5:0	false	1.7
1RB1LC_0LC0RD_1RB1LA_0LA1RB	rk:4:0	true	0.8
1RB1LC_0LC0RD_1RB1LA_0LA1RD	rk:4:0	false	1.3
1RB1LC_0LC0RD_1RB1LA_0LA1RD	rk:5:0	false	1.9
1RB1LC_0LC0RD_1RB1LA_0LC1RD	rk:4:0	false	1.2
1RB1LC_0LC0RD_1RB1LA_0LC1RD	rk:5:0	false	1.8
1RB1LC_0LC0RD_1RB1LC_0LA1RD	rk:4:0	false	1.1
1RB1LC_0LC0RD_1RB1LC_0LA1RD	rk:5:0	false	1.6
1RB1LC_0LC0RD_1RD1LA_0LA0RC	rk:4:0	false	0.9
1RB1LC_0LC0RD_1RD1LA_0LA0RC	rk:5:0	false	1.3
1RB1LC_0LC1RA_0LD0LD_1LA0RA	rk:4:0	true	0.9
1RB1LC_0LC1RA_1RA0LD_1LA0RA	rk:4:0	true	0.9
1RB1LC_0LC1RA_1RD0LD_1LA0RA	rk:4:0	true	0.9
1RB1LC_0LC1RB_1LA0RD_0LC1RC	rk:4:0	false	1.3
1RB1LC_0LC1RB_1LA0RD_0LC1RC	rk:5:0	false	2.0
1RB1LC_0LC1RB_1RD1LA_0LA0RD	rk:4:0	false	1.5
1RB1LC_0LC1RB_1RD1LA_0LA0RD	rk:5:0	false	5.7
1RB1LC_0LC1RB_1RD1LA_0LC0RD	rk:4:0	false	1.5
1RB1LC_0LC1RB_1RD1LA_0LC0RD	rk:5:0	false	5.4
1RB1LC_0LC1RD_---1LA_0LA0RD	rk:4:0	false	0.7
1RB1LC_0LC1RD_---1LA_0LA0RD	rk:5:0	false	0.7
1RB1LC_0LC1RD_0LA1LA_0RB0RD	rk:4:0	true	4.3
1RB1LC_0LC1RD_1LA0RB_0LC0RB	rk:4:0	false	2.0
1RB1LC_0LC1RD_1LA0RB_0LC0RB	rk:5:0	false	4.9
1RB1LC_0LC1RD_1LA1LB_0RB0RD	rk:4:0	false	9.4
1RB1LC_0LC1RD_1LA1LB_0RB0RD	rk:5:0	true	8.2
1RB1LC_0LC1RD_1LA1LB_0RC0RD	rk:4:0	true	1.8
1RB1LC_0RC---_1LD0RD_0LA0LB	rk:4:0	false	0.7
1RB1LC_0RC---_1LD0RD_0LA0LB	rk:5:0	false	0.7
1RB1LC_0RC0LC_1LD1RA_0RA0LD	rk:4:0	false	1.0
1RB1LC_0RC0LC_1LD1RA_0RA0LD	rk:5:0	false	1.5
1RB1LC_0RC0LD_1LD0LA_0RA0LD	rk:4:0	true	0.9
1RB1LC_0RC0RB_1LD1RB_0LA0RA	rk:4:0	false	2.0
1RB1LC_0RC0RB_1LD1RB_0LA0RA	rk:5:0	false	3.8
1RB1LC_0RC0RB_1LD1RB_0LA1LC	rk:4:0	false	2.1
1RB1LC_0RC0RB_1LD1RB_0LA1LC	rk:5:0	false	5.2
1RB1LC_0RC0RB_1LD1RB_0LA1LD	rk:4:0	false	1.9
1RB1LC_0RC0RB_1LD1RB_0LA1LD	rk:5:0	false	3.4
1RB1LC_0RC0RB_1RD1RB_0LA1LD	rk:4:0	false	1.5
1RB1LC_0RC0RB_1RD1RB_0LA1LD	rk:5:0	false	3.1
1RB1LC_0RC0RC_1LD0LA_0RA0LD	rk:4:0	true	0.9
1RB1LC_0RC0RD_1LA0LC_0LC0RA	rk:4:0	true	2.0
1RB1LC_0RC0RD_1LA0LC_1LB0RA	rk:4:0	true	1.4
1RB1LC_0RC1LB_1LD0LA_1LA---	rk:4:0	false	1.1
1RB1LC_0RC1LB_1LD0LA_1LA---	rk:5:0	false	1.9
1RB1LC_0RC1RB_1LD---_0RA0LD	rk:4:0	false	0.6
1RB1LC_0RC1RB_1LD---_0RA0LD	rk:5:0	false	0.7
1RB1LC_0RC1RC_1LD1RA_0RA0LD	rk:4:0	false	1.0
1RB1LC_0RC1RC_1LD1RA_0RA0LD	rk:5:0	false	1.1
1RB1LC_0RC1RD_0LC1LA_0LA0RD	rk:4:0	false	2.1
1RB1LC_0RC1RD_0LC1LA_0LA0RD	rk:5:0	false	7.6
1RB1LC_0RC1RD_1LA0LA_0LC0RB	rk:4:0	false	2.9
1RB1LC_0RC1RD_1LA0LA_0LC0RB	rk:5:0	false	11.4
1RB1LC_0RC1RD_1LA0LA_1LA0RB	rk:4:0	false	3.1
1RB1LC_0RC1RD_1LA0LA_1LA0RB	rk:5:0	false	9.4
1RB1LC_0RC1RD_1LA0LA_1LC0RB	rk:4:0	false	2.7
1RB1LC_0RC1RD_1LA0LA_1LC0RB	rk:5:0	true	7.9
1RB1LC_0RC1RD_1LA0LA_1RC0RB	rk:4:0	false	7.4
1RB1LC_0RC1RD_1LA0LA_1RC0RB	rk:5:0	false	52.2
1RB1LC_1LA---_1RD0LA_0LC0RD	rk:4:0	false	12.4
1RB1LC_1LA---_1RD0LA_0LC0RD	rk:5:0	false	108.1
1RB1LC_1LA0LA_0RD1LC_1LB1RD	rk:4:0	false	1.1
1RB1LC_1LA0LA_0RD1LC_1LB1RD	rk:5:0	false	1.6
1RB1LC_1LA0LA_1RD0LC_0RD0RB	rk:4:0	false	1.1
1RB1LC_1LA0LA_1RD0LC_0RD0RB	rk:5:0	false	2.0
1RB1LC_1LA0LC_0RB1RD_0RD0LA	rk:4:0	false	1.5
1RB1LC_1LA0LC_0RB1RD_0RD0LA	rk:5:0	false	4.7
1RB1LC_1LA0LC_1LB1RD_0RD0RC	rk:4:0	false	4.6
1RB1LC_1LA0LC_1LB1RD_0RD0RC	rk:5:0	false	10.8
1RB1LC_1LA0LC_1RB1RD_0RD0LA	rk:4:0	false	1.2
1RB1LC_1LA0LC_1RB1RD_0RD0LA	rk:5:0	false	2.9
1RB1LC_1LA0RC_0RD0RB_0LD1LB	rk:4:0	false	1.2
1RB1LC_1LA0RC_0RD0RB_0LD1LB	rk:5:0	false	2.1
1RB1LC_1LA0RD_0RC1LA_0LA1RD	rk:4:0	false	1.1
1RB1LC_1LA0RD_0RC1LA_0LA1RD	rk:5:0	false	1.7
1RB1LC_1LA0RD_1LA---_0LB0RB	rk:4:0	false	0.7
1RB1LC_1LA0RD_1LA---_0LB0RB	rk:5:0	false	0.7
1RB1LC_1LA0RD_1LA---_0LB0RD	rk:4:0	false	0.8
1RB1LC_1LA0RD_1LA---_0LB0RD	rk:5:0	false	0.7
1RB1LC_1LA0RD_1LA0RB_0LB1RD	rk:4:0	true	1.0
1RB1LC_1LA0RD_1LB---_0LB0RD	rk:4:0	false	0.6
1RB1LC_1LA0RD_1LB---_0LB0RD	rk:5:0	false	0.7
1RB1LC_1LA0RD_1LB---_0LC0RD	rk:4:0	false	0.7
1RB1LC_1LA0RD_1LB---_0LC0RD	rk:5:0	false	0.7
1RB1LC_1LA0RD_1LB0RB_0LB1RD	rk:4:0	true	0.9
1RB1LC_1LA0RD_1RB1LA_0LA1RD	rk:4:0	false	1.3
1RB1LC_1LA0RD_1RB1LA_0LA1RD	rk:5:0	false	1.8
1RB1LC_1LA0RD_1RB1LA_0LC1RD	rk:4:0	false	1.2
1RB1LC_1LA0RD_1RB1LA_0LC1RD	rk:5:0	false	1.9
1RB1LC_1LA0RD_1RB1LC_0LA1RD	rk:4:0	false	1.1
1RB1LC_1LA0RD_1RB1LC_0LA1RD	rk:5:0	false	1.6
1RB1LC_1LA0RD_1RB1LC_0LB1RD	rk:4:0	false	0.9
1RB1LC_1LA0RD_1RB1LC_0LB1RD	rk:5:0	false	1.3
1RB1LC_1LA0RD_1RB1RD_0RD0LA	rk:4:0	false	1.1
1RB1LC_1LA0RD_1RB1RD_0RD0LA	rk:5:0	false	2.2
1RB1LC_1LA1RA_0LB1LD_1RD0LA	rk:4:0	false	0.9
1RB1LC_1LA1RA_0LB1LD_1RD0LA	rk:5:0	false	0.9
1RB1LC_1LA1RB_0LD0RA_0RB1LD	rk:4:0	false	0.9
1RB1LC_1LA1RB_0LD0RA_0RB1LD	rk:5:0	false	1.1
1RB1LC_1LA1RB_0RB0LD_0RA1LD	rk:4:0	false	1.1
1RB1LC_1LA1RB_0RB0LD_0RA1LD	rk:5:0	false	1.3
1RB1LC_1LA1RB_0RB1LD_0RA0LD	rk:4:0	true	0.8
1RB1LC_1LA1RB_0RB1LD_0RB0LA	rk:4:0	false	1.2
1RB1LC_1LA1RB_0RB1LD_0RB0LA	rk:5:0	false	2.3
1RB1LC_1LA1RB_0RC0LD_0RB1LD	rk:4:0	false	1.0
1RB1LC_1LA1RB_0RC0LD_0RB1LD	rk:5:0	false	1.6
1RB1LC_1LA1RB_0RD0LA_0RB1RD	rk:4:0	false	3.0
1RB1LC_1LA1RB_0RD0LA_0RB1RD	rk:5:0	false	10.8
1RB1LC_1LA1RB_0RD1LD_0RA0LD	rk:4:0	true	0.8
1RB1LC_1LA1RB_1LA0RD_0LB1RC	rk:4:0	false	1.1
1RB1LC_1LA1RB_1LA0RD_0LB1RC	rk:5:0	false	2.0
1RB1LC_1LA1RB_1LA0RD_0LC1RC	rk:4:0	false	1.3
1RB1LC_1LA1RB_1LA0RD_0LC1RC	rk:5:0	false	2.0
1RB1LC_1LA1RB_1LA0RD_0LD1RC	rk:4:0	false	1.3
1RB1LC_1LA1RB_1LA0RD_0LD1RC	rk:5:0	false	2.0
1RB1LC_1LA1RB_1LB0LD_0RB1LD	rk:4:0	false	1.0
1RB1LC_1LA1RB_1LB0LD_0RB1LD	rk:5:0	false	1.5
1RB1LC_1LA1RB_1LB0LD_1RD0RC	rk:4:0	false	1.0
1RB1LC_1LA1RB_1LB0LD_1RD0RC	rk:5:0	false	1.2
1RB1LC_1LA1RD_1LB0LD_1RD0RC	rk:4:0	false	0.8
1RB1LC_1LA1RD_1LB0LD_1RD0RC	rk:5:0	false	1.0
1RB1LC_1LB0RA_0RD0LA_1LA1RD	rk:4:0	false	1.6
1RB1LC_1LB0RA_0RD0LA_1LA1RD	rk:5:0	false	3.0
1RB1LC_1LB1LA_1RD0LA_0LC0RD	rk:4:0	false	15.5
1RB1LC_1LB1LA_1RD0LA_0LC0RD	rk:5:0	false	124.0
1RB1LC_1LB1LC_1RD0LA_---0RB	rk:4:0	false	1.1
1RB1LC_1LB1LC_1RD0LA_---0RB	rk:5:0	true	1.0
1RB1LC_1LB1RA_---0LD_0RA0LC	rk:4:0	false	0.7
1RB1LC_1LB1RA_---0LD_0RA0LC	rk:5:0	false	0.7
1RB1LC_1LB1RA_0LC0LD_0RA0RC	rk:4:0	false	1.0
1RB1LC_1LB1RA_0LC0LD_0RA0RC	rk:5:0	false	1.4
1RB1LC_1LB1RA_0LC0LD_0RA0RD	rk:4:0	false	1.8
1RB1LC_1LB1RA_0LC0LD_0RA0RD	rk:5:0	false	8.6
1RB1LC_1LB1RA_1RD0LC_0RD0LA	rk:4:0	false	1.0
1RB1LC_1LB1RA_1RD0LC_0RD0LA	rk:5:0	false	1.9
1RB1LC_1LC0LA_0RD1LC_1LB1RD	rk:4:0	false	1.0
1RB1LC_1LC0LA_0RD1LC_1LB1RD	rk:5:0	false	1.6
1RB1LC_1LC0LA_1RD1LB_---0RA	rk:4:0	true	0.8
1RB1LC_1LC0RB_0LD0LD_1RA1LA	rk:4:0	false	2.6
1RB1LC_1LC0RB_0LD0LD_1RA1LA	rk:5:0	false	3.3
1RB1LC_1LC0RB_0LD0RA_1RA1LA	rk:4:0	false	2.7
1RB1LC_1LC0RB_0LD0RA_1RA1LA	rk:5:0	false	3.6
1RB1LC_1LC0RB_1RA0LD_1RA1LA	rk:4:0	false	2.0
1RB1LC_1LC0RB_1RA0LD_1RA1LA	rk:5:0	false	3.9
1RB1LC_1LC0RB_1RD0LC_0RD1LA	rk:4:0	false	2.2
1RB1LC_1LC0RB_1RD0LC_0RD1LA	rk:5:0	false	6.6
1RB1LC_1LC0RD_0LA1LA_1RB1RD	rk:4:0	false	1.1
1RB1LC_1LC0RD_0LA1LA_1RB1RD	rk:5:0	false	2.3
1RB1LC_1LC0RD_0LC1LA_1RB1RD	rk:4:0	false	2.3
1RB1LC_1LC0RD_0LC1LA_1RB1RD	rk:5:0	false	8.9
1RB1LC_1LC0RD_0RA0LC_1LD1LA	rk:4:0	false	1.4
1RB1LC_1LC0RD_0RA0LC_1LD1LA	rk:5:0	true	1.0
1RB1LC_1LC0RD_0RC1LA_0LA1RD	rk:4:0	false	1.2
1RB1LC_1LC0RD_0RC1LA_0LA1RD	rk:5:0	false	1.6
1RB1LC_1LC0RD_1LA0LB_0RB1RD	rk:4:0	false	5.6
1RB1LC_1LC0RD_1LA0LB_0RB1RD	rk:5:0	false	37.2
1RB1LC_1LC0RD_1LA0LB_1RB0RD	rk:4:0	false	4.9
1RB1LC_1LC0RD_1LA0LB_1RB0RD	rk:5:0	false	29.5
1RB1LC_1LC0RD_1LA0LC_1RA0RA	rk:4:0	false	10.2
1RB1LC_1LC0RD_1LA0LC_1RA0RA	rk:5:0	false	38.8
1RB1LC_1LC0RD_1LA0RB_0LB1RD	rk:4:0	true	1.0
1RB1LC_1LC0RD_1LD0LB_1RB1RA	rk:4:0	false	1.2
1RB1LC_1LC0RD_1LD0LB_1RB1RA	rk:5:0	false	2.5
1RB1LC_1LC0RD_1RB1LA_0LA1RD	rk:4:0	false	1.2
1RB1LC_1LC0RD_1RB1LA_0LA1RD	rk:5:0	false	1.8
1RB1LC_1LC0RD_1RB1LA_0LC1RD	rk:4:0	false	1.2
1RB1LC_1LC0RD_1RB1LA_0LC1RD	rk:5:0	false	1.9
1RB1LC_1LC0RD_1RB1LC_0LA1RD	rk:4:0	false	1.1
1RB1LC_1LC0RD_1RB1LC_0LA1RD	rk:5:0	false	1.5
1RB1LC_1LC1LA_0LC1RD_0RB0RD	rk:4:0	false	1.2
1RB1LC_1LC1LA_0LC1RD_0RB0RD	rk:5:0	false	2.6
1RB1LC_1LC1RA_0LC0LD_0RA0RD	rk:4:0	false	1.7
1RB1LC_1LC1RA_0LC0LD_0RA0RD	rk:5:0	false	7.0
1RB1LC_1LC1RB_0RB0LD_0RA1LD	rk:4:0	false	1.0
1RB1LC_1LC1RB_0RB0LD_0RA1LD	rk:5:0	false	1.4
1RB1LC_1LC1RB_1LA0RD_0LC1RC	rk:4:0	false	1.3
1RB1LC_1LC1RB_1LA0RD_0LC1RC	rk:5:0	false	2.0
1RB1LC_1LC1RB_1LA0RD_0LD1RC	rk:4:0	false	1.4
1RB1LC_1LC1RB_1LA0RD_0LD1RC	rk:5:0	false	2.1
1RB1LC_1LC1RD_0RB0LC_1LA1RA	rk:4:0	true	1.0
1RB1LC_1LC1RD_1LA0LB_0RB0RC	rk:4:0	false	2.5
1RB1LC_1LC1RD_1LA0LB_0RB0RC	rk:5:0	false	5.0
1RB1LC_1LC1RD_1LA0LC_0RD0RB	rk:4:0	false	8.7
1RB1LC_1LC1RD_1LA0LC_0RD0RB	rk:5:0	false	54.8
1RB1LC_1LC1RD_1LA0RD_0LB0RD	rk:4:0	true	1.0
1RB1LC_1LC1RD_1LA1LB_0LB0RD	rk:4:0	true	1.0
1RB1LC_1LC1RD_1LD0LC_0RB1RA	rk:4:0	false	7.8
1RB1LC_1LC1RD_1LD0LC_0RB1RA	rk:5:0	false	31.6
1RB1LC_1RC0LA_0RD1LC_1LB1RD	rk:4:0	false	1.1
1RB1LC_1RC0LA_0RD1LC_1LB1RD	rk:5:0	false	1.5
1RB1LC_1RC0LA_1LA0LD_0RB1RA	rk:4:0	true	1.1
1RB1LC_1RC0LA_1LB0LD_0RB1RA	rk:4:0	true	0.9
1RB1LC_1RC0LA_1RD1LA_0LB0RD	rk:4:0	false	3.1
1RB1LC_1RC0LA_1RD1LA_0LB0RD	rk:5:0	false	10.3
1RB1LC_1RC0LA_1RD1LA_1LB0RA	rk:4:0	false	2.6
1RB1LC_1RC0LA_1RD1LA_1LB0RA	rk:5:0	false	6.7
1RB1LC_1RC0LD_0RD0RB_1LA1LB	rk:4:0	false	1.2
1RB1LC_1RC0LD_0RD0RB_1LA1LB	rk:5:0	false	2.1
1RB1LC_1RC0LD_1LA0RB_1LC0RA	rk:4:0	true	1.0
1RB1LC_1RC0RA_0LD1RA_1LA1LB	rk:4:0	false	1.0
1RB1LC_1RC0RA_0LD1RA_1LA1LB	rk:5:0	false	1.3
1RB1LC_1RC0RA_0LD1RB_1LA1LB	rk:4:0	false	1.5
1RB1LC_1RC0RA_0LD1RB_1LA1LB	rk:5:0	false	2.4
1RB1LC_1RC0RB_0LA1LD_1LA1RB	rk:4:0	false	9.3
1RB1LC_1RC0RB_0LA1LD_1LA1RB	rk:5:0	false	31.9
1RB1LC_1RC0RB_0LA1LD_1LC1RB	rk:4:0	false	10.0
1RB1LC_1RC0RB_0LA1LD_1LC1RB	rk:5:0	false	54.1
1RB1LC_1RC0RB_0LD0RB_1LA1RD	rk:4:0	false	2.7
1RB1LC_1RC0RB_0LD0RB_1LA1RD	rk:5:0	false	12.8
1RB1LC_1RC0RB_1LA1RD_1LD0LC	rk:4:0	false	2.1
1RB1LC_1RC0RB_1LA1RD_1LD0LC	rk:5:0	true	7.1
1RB1LC_1RC0RB_1LD0LC_1LA0LC	rk:4:0	true	2.2
1RB1LC_1RC0RB_1LD0LC_1LA1RA	rk:4:0	true	11.1
1RB1LC_1RC0RB_1LD0LC_1LA1RD	rk:4:0	false	43.3
1RB1LC_1RC0RB_1LD0LC_1LA1RD	rk:5:0	timeout	300.1
1RB1LC_1RC0RB_1LD0LD_1LA0LC	rk:4:0	true	3.8
1RB1LC_1RC0RB_1LD0RB_1LA0LC	rk:4:0	false	5.8
1RB1LC_1RC0RB_1LD0RB_1LA0LC	rk:5:0	false	29.4
1RB1LC_1RC0RB_1LD1RB_1LA0LD	rk:4:0	false	17.8
1RB1LC_1RC0RB_1LD1RB_1LA0LD	rk:5:0	false	161.1
1RB1LC_1RC0RB_1LD1RC_1LA0LC	rk:4:0	false	24.9
1RB1LC_1RC0RB_1LD1RC_1LA0LC	rk:5:0	false	215.2
1RB1LC_1RC0RB_1LD1RC_1LA0LD	rk:4:0	false	25.2
1RB1LC_1RC0RB_1LD1RC_1LA0LD	rk:5:0	false	194.3
1RB1LC_1RC0RC_1LA0LD_0LC0LA	rk:4:0	false	1.4
1RB1LC_1RC0RC_1LA0LD_0LC0LA	rk:5:0	false	2.5
1RB1LC_1RC0RC_1LD0RB_1LA0LC	rk:4:0	false	6.6
1RB1LC_1RC0RC_1LD0RB_1LA0LC	rk:5:0	false	24.8
1RB1LC_1RC0RC_1RD0LA_1LA0RA	rk:4:0	false	8.7
1RB1LC_1RC0RC_1RD0LA_1LA0RA	rk:5:0	false	46.5
1RB1LC_1RC0RD_1LA0LC_1RB0RC	rk:4:0	true	1.4
1RB1LC_1RC1LA_1RD0LB_1LB0RC	rk:4:0	false	1.6
1RB1LC_1RC1LA_1RD0LB_1LB0RC	rk:5:0	false	3.2
1RB1LC_1RC1LA_1RD0LC_1LA0RA	rk:4:0	false	2.9
1RB1LC_1RC1LA_1RD0LC_1LA0RA	rk:5:0	false	15.6
1RB1LC_1RC1LB_0LB0RD_0LA1RD	rk:4:0	false	2.5
1RB1LC_1RC1LB_0LB0RD_0LA1RD	rk:5:0	false	5.1
1RB1LC_1RC1RB_1LA0RD_0LC1RC	rk:4:0	false	1.3
1RB1LC_1RC1RB_1LA0RD_0LC1RC	rk:5:0	false	2.0
1RB1LC_1RC1RB_1LA0RD_0LD1RC	rk:4:0	false	1.4
1RB1LC_1RC1RB_1LA0RD_0LD1RC	rk:5:0	false	2.1
1RB1LC_1RC1RD_0LA0RB_1LA1RA	rk:4:0	false	1.8
1RB1LC_1RC1RD_0LA0RB_1LA1RA	rk:5:0	true	2.7
1RB1LC_1RC1RD_1LA0LC_0RD0RA	rk:4:0	false	18.2
1RB1LC_1RC1RD_1LA0LC_0RD0RA	rk:5:0	false	136.3
1RB1LD_0LB1RC_0LA0RC_1LA0RB	rk:4:0	true	1.0
1RB1LD_0LB1RC_0LA0RC_1LA0RC	rk:4:0	true	1.0
1RB1LD_0LB1RC_0LA0RC_1LA1LB	rk:4:0	false	7.9
1RB1LD_0LB1RC_0LA0RC_1LA1LB	rk:5:0	false	50.8
1RB1LD_0LB1RC_1LA0RC_0RB0LB	rk:4:0	false	1.8
1RB1LD_0LB1RC_1LA0RC_0RB0LB	rk:5:0	false	3.3
1RB1LD_0LC0RA_1RA1LC_0RB0LC	rk:4:0	false	8.0
1RB1LD_0LC0RA_1RA1LC_0RB0LC	rk:5:0	false	45.7
1RB1LD_0LC0RB_0LA1RD_1LA---	rk:4:0	false	0.7
1RB1LD_0LC0RB_0LA1RD_1LA---	rk:5:0	false	0.7
1RB1LD_0LC0RB_0RA0LD_1LA---	rk:4:0	false	0.8
1RB1LD_0LC0RB_0RA0LD_1LA---	rk:5:0	false	0.8
1RB1LD_0LC0RB_1RA0LD_0RC1LA	rk:4:0	true	1.2
1RB1LD_0LC0RB_1RA0LD_1LC1LA	rk:4:0	true	3.0
1RB1LD_0LC0RB_1RA0LD_1RC1LA	rk:4:0	false	2.9
1RB1LD_0LC0RB_1RA0LD_1RC1LA	rk:5:0	false	10.3
1RB1LD_0LC0RB_1RA1LA_0LD0LA	rk:4:0	false	2.8
1RB1LD_0LC0RB_1RA1LA_0LD0LA	rk:5:0	false	4.6
1RB1LD_0LC0RB_1RA1LA_0RD0LA	rk:4:0	false	2.2
1RB1LD_0LC0RB_1RA1LA_0RD0LA	rk:5:0	false	3.8
1RB1LD_0LC0RB_1RA1LA_1LB0LA	rk:4:0	false	4.4
1RB1LD_0LC0RB_1RA1LA_1LB0LA	rk:5:0	false	20.6
1RB1LD_0LC0RB_1RB1LA_1LA---	rk:4:0	false	0.7
1RB1LD_0LC0RB_1RB1LA_1LA---	rk:5:0	false	0.7
1RB1LD_0LC0RB_1RB1LA_1LC---	rk:4:0	false	0.7
1RB1LD_0LC0RB_1RB1LA_1LC---	rk:5:0	false	0.7
1RB1LD_0LC0RB_1RB1LD_1LA---	rk:4:0	false	0.6
1RB1LD_0LC0RB_1RB1LD_1LA---	rk:5:0	false	0.8
1RB1LD_0LC0RC_0LA1RC_0RD1LA	rk:4:0	false	1.2
1RB1LD_0LC0RC_0LA1RC_0RD1LA	rk:5:0	false	1.7
1RB1LD_0LC0RC_0LA1RC_1RB1LA	rk:4:0	false	1.2
1RB1LD_0LC0RC_0LA1RC_1RB1LA	rk:5:0	false	1.9
1RB1LD_0LC0RC_0LA1RC_1RB1LD	rk:4:0	false	1.1
1RB1LD_0LC0RC_0LA1RC_1RB1LD	rk:5:0	false	1.6
1RB1LD_0LC0RC_0LD1RC_1RB1LA	rk:4:0	false	1.2
1RB1LD_0LC0RC_0LD1RC_1RB1LA	rk:5:0	false	1.8
1RB1LD_0LC0RC_1LA1RC_0RC0LB	rk:4:0	false	3.4
1RB1LD_0LC0RC_1LA1RC_0RC0LB	rk:5:0	false	5.0
1RB1LD_0LC0RC_1LA1RC_1LC0LB	rk:4:0	false	3.3
1RB1LD_0LC0RC_1LA1RC_1LC0LB	rk:5:0	false	3.7
1RB1LD_0LC0RC_1LD0RB_1LA---	rk:4:0	false	0.6
1RB1LD_0LC0RC_1LD0RB_1LA---	rk:5:0	false	0.7
1RB1LD_0LC0RC_1RA1LA_1LA0LD	rk:4:0	false	2.2
1RB1LD_0LC0RC_1RA1LA_1LA0LD	rk:5:0	false	3.5
1RB1LD_0LC0RD_1RB1LD_1LA0RB	rk:4:0	false	0.8
1RB1LD_0LC0RD_1RB1LD_1LA0RB	rk:5:0	false	1.3
1RB1LD_0LC1RA_1LA0LD_1RC0RB	rk:4:0	true	1.1
1RB1LD_0LC1RB_0LB1RD_1LA0RC	rk:4:0	false	1.2
1RB1LD_0LC1RB_0LB1RD_1LA0RC	rk:5:0	false	2.0
1RB1LD_0LC1RB_0LC1RD_1LA0RC	rk:4:0	false	1.4
1RB1LD_0LC1RB_0LC1RD_1LA0RC	rk:5:0	false	2.1
1RB1LD_0LC1RB_0LD1LC_1RD0RA	rk:4:0	false	1.5
1RB1LD_0LC1RB_0LD1LC_1RD0RA	rk:5:0	false	4.1
1RB1LD_0LC1RB_0LD1RD_1LA0RC	rk:4:0	false	1.3
1RB1LD_0LC1RB_0LD1RD_1LA0RC	rk:5:0	false	2.0
1RB1LD_0LC1RB_1LA0RB_1RC1LD	rk:4:0	false	1.0
1RB1LD_0LC1RB_1LA0RB_1RC1LD	rk:5:0	false	1.3
1RB1LD_0LC1RB_1LD0RB_1LA0RC	rk:4:0	true	1.0
1RB1LD_0RC---_0LD0RB_0LA---	rk:4:0	false	0.7
1RB1LD_0RC---_0LD0RB_0LA---	rk:5:0	false	0.7
1RB1LD_0RC---_0LD1RC_0LA0RB	rk:4:0	false	0.7
1RB1LD_0RC---_0LD1RC_0LA0RB	rk:5:0	false	0.7
1RB1LD_0RC---_1LC1LD_0RD0LA	rk:4:0	true	0.9
1RB1LD_0RC0LB_1LC1RA_1LA0LA	rk:4:0	false	4.0
1RB1LD_0RC0LB_1LC1RA_1LA0LA	rk:5:0	false	16.0
1RB1LD_0RC0LB_1LC1RA_1RB0LD	rk:4:0	false	5.2
1RB1LD_0RC0LB_1LC1RA_1RB0LD	rk:5:0	false	16.6
1RB1LD_0RC0LC_1LC1RA_1LA0LA	rk:4:0	false	1.9
1RB1LD_0RC0LC_1LC1RA_1LA0LA	rk:5:0	false	2.1
1RB1LD_0RC0LC_1LD1RA_0LA0LD	rk:4:0	false	2.1
1RB1LD_0RC0LC_1LD1RA_0LA0LD	rk:5:0	false	3.8
1RB1LD_0RC0LC_1RD1RA_0LA0LD	rk:4:0	false	1.2
1RB1LD_0RC0LC_1RD1RA_0LA0LD	rk:5:0	false	2.0
1RB1LD_0RC0LD_1LC1RA_1LB0LA	rk:4:0	false	3.7
1RB1LD_0RC0LD_1LC1RA_1LB0LA	rk:5:0	false	19.8
1RB1LD_0RC0RA_1LC1RA_1RB0LD	rk:4:0	false	5.8
1RB1LD_0RC0RA_1LC1RA_1RB0LD	rk:5:0	false	18.2
1RB1LD_0RC0RB_0LD1LA_0LA1LC	rk:4:0	false	10.7
1RB1LD_0RC0RB_0LD1LA_0LA1LC	rk:5:0	false	65.4
1RB1LD_0RC0RB_1LC0LA_0LA1LA	rk:4:0	false	10.4
1RB1LD_0RC0RB_1LC0LA_0LA1LA	rk:5:0	false	71.6
1RB1LD_0RC0RB_1LC0LA_1LA0LA	rk:4:0	false	8.1
1RB1LD_0RC0RB_1LC0LA_1LA0LA	rk:5:0	false	37.3
1RB1LD_0RC0RB_1LC0LA_1LB1LA	rk:4:0	false	6.2
1RB1LD_0RC0RB_1LC0LA_1LB1LA	rk:5:0	false	33.6
1RB1LD_0RC0RB_1LC0RA_1RA0LD	rk:4:0	false	2.7
1RB1LD_0RC0RB_1LC0RA_1RA0LD	rk:5:0	false	9.8
1RB1LD_0RC0RB_1LC1RA_0LA0LA	rk:4:0	false	2.6
1RB1LD_0RC0RB_1LC1RA_0LA0LA	rk:5:0	false	1.6
1RB1LD_0RC0RB_1LC1RA_0LA0RA	rk:4:0	false	1.5
1RB1LD_0RC0RB_1LC1RA_0LA0RA	rk:5:0	false	1.8
1RB1LD_0RC0RB_1LC1RA_1LA0LA	rk:4:0	false	10.4
1RB1LD_0RC0RB_1LC1RA_1LA0LA	rk:5:0	false	52.8
1RB1LD_0RC0RB_1LC1RA_1LA0LD	rk:4:0	false	17.5
1RB1LD_0RC0RB_1LC1RA_1LA0LD	rk:5:0	false	58.1
1RB1LD_0RC0RB_1LC1RA_1RA0LA	rk:4:0	false	2.4
1RB1LD_0RC0RB_1LC1RA_1RA0LA	rk:5:0	false	1.6
1RB1LD_0RC0RB_1LC1RA_1RA0LD	rk:4:0	false	2.0
1RB1LD_0RC0RB_1LC1RA_1RA0LD	rk:5:0	false	7.4
1RB1LD_0RC0RB_1LC1RA_1RC0LA	rk:4:0	false	2.5
1RB1LD_0RC0RB_1LC1RA_1RC0LA	rk:5:0	false	6.0
1RB1LD_0RC0RB_1RD1RA_0LA0LD	rk:4:0	false	4.0
1RB1LD_0RC0RB_1RD1RA_0LA0LD	rk:5:0	false	5.3
1RB1LD_0RC0RC_1LC1LA_0RA0LD	rk:4:0	false	1.4
1RB1LD_0RC0RC_1LC1LA_0RA0LD	rk:5:0	true	1.0
1RB1LD_0RC0RC_1LC1RA_0RD0LA	rk:4:0	false	2.6
1RB1LD_0RC0RC_1LC1RA_0RD0LA	rk:5:0	false	5.0
1RB1LD_0RC0RC_1LC1RA_1RB0LD	rk:4:0	false	3.8
1RB1LD_0RC0RC_1LC1RA_1RB0LD	rk:5:0	false	13.0
1RB1LD_0RC0RD_0LD1RA_1RC0LA	rk:4:0	true	0.8
1RB1LD_0RC0RD_1LC1RA_0RD0LA	rk:4:0	false	4.2
1RB1LD_0RC0RD_1LC1RA_0RD0LA	rk:5:0	false	5.6
1RB1LD_0RC0RD_1LD0LC_0LA1LA	rk:4:0	false	1.4
1RB1LD_0RC0RD_1LD0LC_0LA1LA	rk:5:0	false	4.4
1RB1LD_0RC0RD_1RD0LC_0LA1LA	rk:4:0	false	1.9
1RB1LD_0RC0RD_1RD0LC_0LA1LA	rk:5:0	false	6.8
1RB1LD_0RC0RD_1RD1RA_0LA0LD	rk:4:0	false	1.3
1RB1LD_0RC0RD_1RD1RA_0LA0LD	rk:5:0	false	2.0
1RB1LD_0RC1LB_1LA1RC_0LA0LB	rk:4:0	false	1.4
1RB1LD_0RC1LB_1LA1RC_0LA0LB	rk:5:0	false	2.6
1RB1LD_0RC1LB_1LA1RC_0LB0RA	rk:4:0	false	0.9
1RB1LD_0RC1LB_1LA1RC_0LB0RA	rk:5:0	false	1.1
1RB1LD_0RC1LB_1LA1RC_0RD0LA	rk:4:0	false	2.0
1RB1LD_0RC1LB_1LA1RC_0RD0LA	rk:5:0	false	4.6
1RB1LD_0RC1LB_1LA1RC_0RD0LB	rk:4:0	false	1.1
1RB1LD_0RC1LB_1LA1RC_0RD0LB	rk:5:0	false	1.5
1RB1LD_0RC1LB_1LA1RC_1LC0LB	rk:4:0	false	1.1
1RB1LD_0RC1LB_1LA1RC_1LC0LB	rk:5:0	false	1.5
1RB1LD_0RC1LC_1LA1RC_0RD0LA	rk:4:0	false	2.0
1RB1LD_0RC1LC_1LA1RC_0RD0LA	rk:5:0	false	4.8
1RB1LD_0RC1RA_1LD1RA_0LA0LD	rk:4:0	false	2.0
1RB1LD_0RC1RA_1LD1RA_0LA0LD	rk:5:0	false	5.0
1RB1LD_0RC1RA_1LD1RB_1LB0LD	rk:4:0	false	8.0
1RB1LD_0RC1RA_1LD1RB_1LB0LD	rk:5:0	false	50.3
1RB1LD_0RC1RA_1RD0RA_1LB0LD	rk:4:0	false	2.0
1RB1LD_0RC1RA_1RD0RA_1LB0LD	rk:5:0	false	7.8
1RB1LD_0RC1RA_1RD1RA_0LA0LD	rk:4:0	false	1.7
1RB1LD_0RC1RA_1RD1RA_0LA0LD	rk:5:0	false	2.9
1RB1LD_0RC1RB_0LC1RD_1LA0RC	rk:4:0	false	1.4
1RB1LD_0RC1RB_0LC1RD_1LA0RC	rk:5:0	false	2.2
1RB1LD_0RC1RB_1LC1RA_1LA0LA	rk:4:0	false	1.5
1RB1LD_0RC1RB_1LC1RA_1LA0LA	rk:5:0	false	1.6
1RB1LD_0RC1RB_1LD1RA_0LA0LD	rk:4:0	false	1.8
1RB1LD_0RC1RB_1LD1RA_0LA0LD	rk:5:0	false	3.4
1RB1LD_0RC1RB_1RD1RA_0LA0LD	rk:4:0	false	1.2
1RB1LD_0RC1RB_1RD1RA_0LA0LD	rk:5:0	false	2.1
1RB1LD_0RC1RC_1LA0RB_0LB0LA	rk:4:0	false	4.1
1RB1LD_0RC1RC_1LA0RB_0LB0LA	rk:5:0	false	18.6
1RB1LD_0RC1RC_1LA0RB_1LA0LA	rk:4:0	false	3.6
1RB1LD_0RC1RC_1LA0RB_1LA0LA	rk:5:0	false	15.4
1RB1LD_0RC1RC_1LA1RC_0RD0LA	rk:4:0	false	1.9
1RB1LD_0RC1RC_1LA1RC_0RD0LA	rk:5:0	false	4.6
1RB1LD_0RC1RC_1LC1RA_0RA0LD	rk:4:0	true	2.1
1RB1LD_0RC1RD_1LC0RA_1LA0LC	rk:4:0	false	6.8
1RB1LD_0RC1RD_1LC0RA_1LA0LC	rk:5:0	false	11.7
1RB1LD_1LB0RC_1LC1LA_0RA0LD	rk:4:0	false	1.4
1RB1LD_1LB0RC_1LC1LA_0RA0LD	rk:5:0	true	1.0
1RB1LD_1LB1LC_0RD0LC_1RA1RD	rk:4:0	true	0.9
1RB1LD_1LC0LA_1LB1RC_0RC1LD	rk:4:0	false	1.0
1RB1LD_1LC0LA_1LB1RC_0RC1LD	rk:5:0	false	1.5
1RB1LD_1LC0LD_1LA1RC_0RA0LD	rk:4:0	true	0.9
1RB1LD_1LC0RA_0LD0LB_1RD0RB	rk:4:0	false	2.7
1RB1LD_1LC0RA_0LD0LB_1RD0RB	rk:5:0	false	10.3
1RB1LD_1LC0RA_1LA1RC_0LB0LA	rk:4:0	false	3.9
1RB1LD_1LC0RA_1LA1RC_0LB0LA	rk:5:0	false	16.7
1RB1LD_1LC0RB_0LC0RA_1LA---	rk:4:0	false	1.0
1RB1LD_1LC0RB_0LC0RA_1LA---	rk:5:0	false	1.8
1RB1LD_1LC0RB_0LC0RA_1RA1LA	rk:4:0	false	1.1
1RB1LD_1LC0RB_0LC0RA_1RA1LA	rk:5:0	false	2.1
1RB1LD_1LC0RB_0LC1RA_1LA0LD	rk:4:0	false	2.5
1RB1LD_1LC0RB_0LC1RA_1LA0LD	rk:5:0	false	5.3
1RB1LD_1LC0RB_0RA0LC_0LD0LC	rk:4:0	false	1.2
1RB1LD_1LC0RB_0RA0LC_0LD0LC	rk:5:0	false	2.7
1RB1LD_1LC0RB_0RA0LC_0LD1RB	rk:4:0	false	1.2
1RB1LD_1LC0RB_0RA0LC_0LD1RB	rk:5:0	false	2.5
1RB1LD_1LC0RB_0RA0LC_1RD1RA	rk:4:0	false	2.7
1RB1LD_1LC0RB_0RA0LC_1RD1RA	rk:5:0	false	14.4
1RB1LD_1LC0RB_0RA1LA_0LD0RA	rk:4:0	false	1.1
1RB1LD_1LC0RB_0RA1LA_0LD0RA	rk:5:0	false	2.3
1RB1LD_1LC0RB_0RA1RA_0LD0LC	rk:4:0	false	1.3
1RB1LD_1LC0RB_0RA1RA_0LD0LC	rk:5:0	false	2.9
1RB1LD_1LC0RB_0RA1RB_0LD0LC	rk:4:0	false	1.2
1RB1LD_1LC0RB_0RA1RB_0LD0LC	rk:5:0	false	2.5
1RB1LD_1LC0RB_0RC0LD_1LA---	rk:4:0	false	0.7
1RB1LD_1LC0RB_0RC0LD_1LA---	rk:5:0	false	0.7
1RB1LD_1LC0RB_1RA1LA_0LD0RA	rk:4:0	false	1.2
1RB1LD_1LC0RB_1RA1LA_0LD0RA	rk:5:0	false	3.0
1RB1LD_1LC0RB_1RD0LC_1LA1RB	rk:4:0	false	29.2
1RB1LD_1LC0RB_1RD0LC_1LA1RB	rk:5:0	false	279.9
1RB1LD_1LC0RB_1RD1RC_1LB1LA	rk:4:0	false	2.4
1RB1LD_1LC0RB_1RD1RC_1LB1LA	rk:5:0	false	8.9
1RB1LD_1LC0RC_0LA1RC_0RD1LA	rk:4:0	false	1.1
1RB1LD_1LC0RC_0LA1RC_0RD1LA	rk:5:0	false	1.7
1RB1LD_1LC0RC_0LA1RC_1RB1LA	rk:4:0	false	1.2
1RB1LD_1LC0RC_0LA1RC_1RB1LA	rk:5:0	false	1.8
1RB1LD_1LC0RC_0LA1RC_1RB1LD	rk:4:0	false	1.1
1RB1LD_1LC0RC_0LA1RC_1RB1LD	rk:5:0	false	1.6
1RB1LD_1LC0RC_0LD1RC_1RB1LA	rk:4:0	false	1.2
1RB1LD_1LC0RC_0LD1RC_1RB1LA	rk:5:0	false	1.8
1RB1LD_1LC0RC_1LA1RC_1RB0LA	rk:4:0	false	1.9
1RB1LD_1LC0RC_1LA1RC_1RB0LA	rk:5:0	false	3.8
1RB1LD_1LC0RD_1RA0LD_1RC1LA	rk:4:0	false	2.6
1RB1LD_1LC0RD_1RA0LD_1RC1LA	rk:5:0	false	5.4
1RB1LD_1LC1LC_1LA1RC_0RA0LD	rk:4:0	true	0.9
1RB1LD_1LC1RA_0LC0LD_0RA0RB	rk:4:0	false	15.0
1RB1LD_1LC1RA_0LC0LD_0RA0RB	rk:5:0	false	89.4
1RB1LD_1LC1RA_0RB0LC_0RA0LD	rk:4:0	false	3.3
1RB1LD_1LC1RA_0RB0LC_0RA0LD	rk:5:0	false	17.4
1RB1LD_1LC1RA_1LA1RC_0RA0LD	rk:4:0	true	0.8
1RB1LD_1LC1RB_---1LA_0RC0LA	rk:4:0	true	0.8
1RB1LD_1LC1RB_---1LA_0RD0LA	rk:4:0	true	0.8
1RB1LD_1LC1RB_---1LA_1RB0LA	rk:4:0	false	0.9
1RB1LD_1LC1RB_---1LA_1RB0LA	rk:5:0	true	0.9
1RB1LD_1LC1RB_0LC1RD_1LA0RC	rk:4:0	false	1.4
1RB1LD_1LC1RB_0LC1RD_1LA0RC	rk:5:0	false	2.1
1RB1LD_1LC1RB_0LD1RD_1LA0RC	rk:4:0	false	1.3
1RB1LD_1LC1RB_0LD1RD_1LA0RC	rk:5:0	false	2.0
1RB1LD_1LC1RB_0RC1LA_0RD0LC	rk:4:0	false	0.9
1RB1LD_1LC1RB_0RC1LA_0RD0LC	rk:5:0	false	1.2
1RB1LD_1LC1RB_0RD1LA_0RC0LC	rk:4:0	false	0.8
1RB1LD_1LC1RB_0RD1LA_0RC0LC	rk:5:0	false	1.0
1RB1LD_1LC1RC_1LA1RC_0RA0LD	rk:4:0	true	0.8
1RB1LD_1RC---_0LD0RC_0LA1LA	rk:4:0	false	0.7
1RB1LD_1RC---_0LD0RC_0LA1LA	rk:5:0	false	0.7
1RB1LD_1RC---_1LC1RA_0RA0LD	rk:4:0	false	0.8
1RB1LD_1RC---_1LC1RA_0RA0LD	rk:5:0	false	0.7
1RB1LD_1RC0LA_1LA0LD_1RB0RB	rk:4:0	false	1.2
1RB1LD_1RC0LA_1LA0LD_1RB0RB	rk:5:0	false	2.6
1RB1LD_1RC0LA_1LA0RB_1LB1LB	rk:4:0	false	1.6
1RB1LD_1RC0LA_1LA0RB_1LB1LB	rk:5:0	false	3.2
1RB1LD_1RC0LA_1LA0RB_1RA1LB	rk:4:0	false	1.6
1RB1LD_1RC0LA_1LA0RB_1RA1LB	rk:5:0	false	3.2
1RB1LD_1RC0LA_1LB1RC_0RC1LD	rk:4:0	false	1.1
1RB1LD_1RC0LA_1LB1RC_0RC1LD	rk:5:0	false	1.5
1RB1LD_1RC0LA_1RD0RD_1LB1RB	rk:4:0	false	12.5
1RB1LD_1RC0LA_1RD0RD_1LB1RB	rk:5:0	false	68.2
1RB1LD_1RC0LB_1LA0RB_0LA0RC	rk:4:0	true	1.0
1RB1LD_1RC0LB_1LA0RC_0LA1LB	rk:4:0	true	4.3
1RB1LD_1RC0LB_1LA0RD_0RC1RB	rk:4:0	false	1.5
1RB1LD_1RC0LB_1LA0RD_0RC1RB	rk:5:0	false	4.2
1RB1LD_1RC0LB_1LD0RD_1RA1LB	rk:4:0	false	3.0
1RB1LD_1RC0LB_1LD0RD_1RA1LB	rk:5:0	false	15.5
1RB1LD_1RC0LC_0LA1RA_0RA0LD	rk:4:0	true	0.8
1RB1LD_1RC0LD_0LA0RA_1LA1LB	rk:4:0	false	5.0
1RB1LD_1RC0LD_0LA0RA_1LA1LB	rk:5:0	false	16.2
1RB1LD_1RC0LD_1LA1RA_0RA0LD	rk:4:0	true	0.9
1RB1LD_1RC0LD_1LA1RB_0RA0LD	rk:4:0	true	0.9
1RB1LD_1RC0LD_1LA1RC_0RA0LD	rk:4:0	true	0.9
1RB1LD_1RC0RA_1LA0RA_1RC0LD	rk:4:0	false	3.2
1RB1LD_1RC0RA_1LA0RA_1RC0LD	rk:5:0	false	11.9
1RB1LD_1RC0RA_1LA1RB_0LA0LB	rk:4:0	false	2.4
1RB1LD_1RC0RA_1LA1RB_0LA0LB	rk:5:0	false	5.1
1RB1LD_1RC0RA_1LA1RD_0LA0LB	rk:4:0	false	1.0
1RB1LD_1RC0RA_1LA1RD_0LA0LB	rk:5:0	false	1.3
1RB1LD_1RC0RA_1LD0RB_1LB0LC	rk:4:0	false	1.8
1RB1LD_1RC0RA_1LD0RB_1LB0LC	rk:5:0	false	1.4
1RB1LD_1RC0RB_0LA0RB_0LA1LA	rk:4:0	false	2.5
1RB1LD_1RC0RB_0LA0RB_0LA1LA	rk:5:0	false	10.1
1RB1LD_1RC0RB_0LA0RB_0LA1LC	rk:4:0	false	2.4
1RB1LD_1RC0RB_0LA0RB_0LA1LC	rk:5:0	false	9.3
1RB1LD_1RC0RB_0LA0RB_0LA1LD	rk:4:0	false	3.7
1RB1LD_1RC0RB_0LA0RB_0LA1LD	rk:5:0	false	18.5
1RB1LD_1RC0RB_0LA0RB_1LC0LA	rk:4:0	false	2.5
1RB1LD_1RC0RB_0LA0RB_1LC0LA	rk:5:0	false	10.0
1RB1LD_1RC0RB_0LA0RB_1LC0LB	rk:4:0	false	4.4
1RB1LD_1RC0RB_0LA0RB_1LC0LB	rk:5:0	false	19.2
1RB1LD_1RC0RB_0LA0RB_1LC0LD	rk:4:0	false	10.5
1RB1LD_1RC0RB_0LA0RB_1LC0LD	rk:5:0	false	64.6
1RB1LD_1RC0RB_0LA0RC_1LA0LD	rk:4:0	false	8.5
1RB1LD_1RC0RB_0LA0RC_1LA0LD	rk:5:0	false	90.3
1RB1LD_1RC0RB_0LA1LA_0LD0RC	rk:4:0	false	1.4
1RB1LD_1RC0RB_0LA1LA_0LD0RC	rk:5:0	false	3.9
1RB1LD_1RC0RB_0LA1LD_1LC1RB	rk:4:0	false	4.3
1RB1LD_1RC0RB_0LA1LD_1LC1RB	rk:5:0	false	24.6
1RB1LD_1RC0RB_0LA1RB_0LD1LA	rk:4:0	false	16.9
1RB1LD_1RC0RB_0LA1RB_0LD1LA	rk:5:0	false	161.3
1RB1LD_1RC0RB_0LA1RB_1LC1LD	rk:4:0	false	2.2
1RB1LD_1RC0RB_0LA1RB_1LC1LD	rk:5:0	false	4.2
1RB1LD_1RC0RB_0LC0LA_1LA---	rk:4:0	false	0.7
1RB1LD_1RC0RB_0LC0LA_1LA---	rk:5:0	false	0.7
1RB1LD_1RC0RB_0LD---_1LA0LA	rk:4:0	false	0.7
1RB1LD_1RC0RB_0LD---_1LA0LA	rk:5:0	false	0.8
1RB1LD_1RC0RB_0LD0RB_0LA1LD	rk:4:0	false	2.4
1RB1LD_1RC0RB_0LD0RB_0LA1LD	rk:5:0	false	10.3
1RB1LD_1RC0RB_0LD0RC_1RA0LA	rk:4:0	true	0.7
1RB1LD_1RC0RB_0LD1RB_0LA1LD	rk:4:0	false	2.5
1RB1LD_1RC0RB_0LD1RB_0LA1LD	rk:5:0	false	11.6
1RB1LD_1RC0RB_1LA0LD_1LC1RD	rk:4:0	false	18.7
1RB1LD_1RC0RB_1LA0LD_1LC1RD	rk:5:0	false	156.1
1RB1LD_1RC0RB_1LA0RA_0LA1LC	rk:4:0	false	8.2
1RB1LD_1RC0RB_1LA0RA_0LA1LC	rk:5:0	false	64.7
1RB1LD_1RC0RB_1LA0RC_0LD0LA	rk:4:0	false	30.7
1RB1LD_1RC0RB_1LA0RC_0LD0LA	rk:5:0	timeout	300.1
1RB1LD_1RC0RB_1LA1RA_0LC1LC	rk:4:0	false	1.7
1RB1LD_1RC0RB_1LA1RA_0LC1LC	rk:5:0	true	4.8
1RB1LD_1RC0RB_1LA1RB_0LD0LA	rk:4:0	false	8.7
1RB1LD_1RC0RB_1LA1RB_0LD0LA	rk:5:0	false	53.8
1RB1LD_1RC0RB_1LA1RC_1LA0LA	rk:4:0	false	3.5
1RB1LD_1RC0RB_1LA1RC_1LA0LA	rk:5:0	false	20.6
1RB1LD_1RC0RB_1LA1RC_1LC0LA	rk:4:0	false	10.2
1RB1LD_1RC0RB_1LA1RC_1LC0LA	rk:5:0	false	68.4
1RB1LD_1RC0RB_1LC0RA_0LA0LB	rk:4:0	false	2.3
1RB1LD_1RC0RB_1LC0RA_0LA0LB	rk:5:0	false	7.3
1RB1LD_1RC0RB_1LC0RA_0LA1LC	rk:4:0	false	6.8
1RB1LD_1RC0RB_1LC0RA_0LA1LC	rk:5:0	false	40.5
1RB1LD_1RC0RB_1LD0LC_1LA0LC	rk:4:0	true	1.6
1RB1LD_1RC0RB_1LD0LD_1LA0LC	rk:4:0	true	3.1
1RB1LD_1RC0RB_1LD0RB_1LA0LC	rk:4:0	false	5.0
1RB1LD_1RC0RB_1LD0RB_1LA0LC	rk:5:0	false	29.5
1RB1LD_1RC0RB_1LD1RB_1LA0LA	rk:4:0	false	2.4
1RB1LD_1RC0RB_1LD1RB_1LA0LA	rk:5:0	false	9.9
1RB1LD_1RC0RB_1LD1RC_1LA0LC	rk:4:0	false	10.8
1RB1LD_1RC0RB_1LD1RC_1LA0LC	rk:5:0	false	71.6
1RB1LD_1RC0RB_1LD1RD_1LA0LD	rk:4:0	false	11.7
1RB1LD_1RC0RB_1LD1RD_1LA0LD	rk:5:0	false	102.3
1RB1LD_1RC0RB_1RD0LC_1LA0LA	rk:4:0	true	5.3
1RB1LD_1RC0RB_1RD0LD_1LA0LD	rk:4:0	false	14.6
1RB1LD_1RC0RB_1RD0LD_1LA0LD	rk:5:0	false	138.0
1RB1LD_1RC0RB_1RD0RB_0LD1LA	rk:4:0	false	11.3
1RB1LD_1RC0RB_1RD0RB_0LD1LA	rk:5:0	false	85.9
1RB1LD_1RC0RB_1RD1RA_1LA0LD	rk:4:0	false	25.1
1RB1LD_1RC0RB_1RD1RA_1LA0LD	rk:5:0	false	241.9
1RB1LD_1RC0RB_1RD1RB_1LA0LD	rk:4:0	false	14.5
1RB1LD_1RC0RB_1RD1RB_1LA0LD	rk:5:0	false	134.1
1RB1LD_1RC0RB_1RD1RC_1LA0LD	rk:4:0	false	14.6
1RB1LD_1RC0RB_1RD1RC_1LA0LD	rk:5:0	false	130.4
1RB1LD_1RC0RB_1RD1RD_1LA0LD	rk:4:0	false	21.4
1RB1LD_1RC0RB_1RD1RD_1LA0LD	rk:5:0	false	200.4
1RB1LD_1RC0RC_0LA0RB_0LA1LA	rk:4:0	false	2.8
1RB1LD_1RC0RC_0LA0RB_0LA1LA	rk:5:0	false	13.0
1RB1LD_1RC0RC_0LA0RC_0RA0LD	rk:4:0	true	0.8
1RB1LD_1RC0RC_0LA1RA_0RA0LD	rk:4:0	true	0.8
1RB1LD_1RC0RC_0LA1RB_0RA0LD	rk:4:0	true	0.8
1RB1LD_1RC0RC_0LA1RC_0RD1LA	rk:4:0	false	1.1
1RB1LD_1RC0RC_0LA1RC_0RD1LA	rk:5:0	false	1.7
1RB1LD_1RC0RC_0LA1RC_1RB1LA	rk:4:0	false	1.2
1RB1LD_1RC0RC_0LA1RC_1RB1LA	rk:5:0	false	1.8
1RB1LD_1RC0RC_0LA1RC_1RB1LD	rk:4:0	false	1.0
1RB1LD_1RC0RC_0LA1RC_1RB1LD	rk:5:0	false	1.5
1RB1LD_1RC0RC_0LD1RC_1RB1LA	rk:4:0	false	1.2
1RB1LD_1RC0RC_0LD1RC_1RB1LA	rk:5:0	false	1.8
1RB1LD_1RC0RC_1LA0LA_0RA0LD	rk:4:0	false	1.3
1RB1LD_1RC0RC_1LA0LA_0RA0LD	rk:5:0	false	3.8
1RB1LD_1RC0RC_1LA0LA_0RB0LD	rk:4:0	false	1.6
1RB1LD_1RC0RC_1LA0LA_0RB0LD	rk:5:0	false	4.8
1RB1LD_1RC0RC_1LA1RC_1RB0LA	rk:4:0	false	1.8
1RB1LD_1RC0RC_1LA1RC_1RB0LA	rk:5:0	false	3.6
1RB1LD_1RC0RC_1LC1RA_0RC0LA	rk:4:0	false	2.8
1RB1LD_1RC0RC_1LC1RA_0RC0LA	rk:5:0	true	1.9
1RB1LD_1RC0RC_1LD0RB_1LA0LC	rk:4:0	false	6.7
1RB1LD_1RC0RC_1LD0RB_1LA0LC	rk:5:0	false	32.0
1RB1LD_1RC0RC_1LD1RB_1LA0LD	rk:4:0	false	2.3
1RB1LD_1RC0RC_1LD1RB_1LA0LD	rk:5:0	false	10.2
1RB1LD_1RC0RD_0LD1RA_1RC0LA	rk:4:0	true	0.7
1RB1LD_1RC1LA_0LB0RC_1LB---	rk:4:0	false	0.7
1RB1LD_1RC1LA_0LB0RC_1LB---	rk:5:0	false	0.8
1RB1LD_1RC1LB_0LA0RD_1LC0RB	rk:4:0	false	1.6
1RB1LD_1RC1LB_0LA0RD_1LC0RB	rk:5:0	true	2.9
1RB1LD_1RC1LC_1LA0RA_1RC0LD	rk:4:0	false	3.5
1RB1LD_1RC1LC_1LA0RA_1RC0LD	rk:5:0	false	14.0
1RB1LD_1RC1LC_1LA1RC_0RA0LD	rk:4:0	true	0.8
1RB1LD_1RC1RA_0LA---_0RA0LD	rk:4:0	false	0.6
1RB1LD_1RC1RA_0LA---_0RA0LD	rk:5:0	false	0.7
1RB1LD_1RC1RA_0LA0LD_0RA1LC	rk:4:0	false	1.4
1RB1LD_1RC1RA_0LA0LD_0RA1LC	rk:5:0	false	3.0
1RB1LD_1RC1RA_0LA0RB_1LB0LA	rk:4:0	false	2.4
1RB1LD_1RC1RA_0LA0RB_1LB0LA	rk:5:0	false	5.1
1RB1LD_1RC1RA_0LA0RB_1LB0LD	rk:4:0	false	3.5
1RB1LD_1RC1RA_0LA0RB_1LB0LD	rk:5:0	false	19.8
1RB1LD_1RC1RA_1LA0RC_1RC0LD	rk:4:0	false	28.1
1RB1LD_1RC1RA_1LA0RC_1RC0LD	rk:5:0	false	284.8
1RB1LD_1RC1RA_1LA1RA_0RA0LD	rk:4:0	true	1.0
1RB1LD_1RC1RA_1LA1RB_0RA0LD	rk:4:0	true	1.0
1RB1LD_1RC1RA_1LA1RC_0RA0LD	rk:4:0	true	0.8
1RB1LD_1RC1RA_1RD0RB_1LB0LA	rk:4:0	false	2.1
1RB1LD_1RC1RA_1RD0RB_1LB0LA	rk:5:0	false	4.1
1RB1LD_1RC1RB_0LA0RC_0RA0LD	rk:4:0	true	0.8
1RB1LD_1RC1RB_0LA1LA_0RA0LD	rk:4:0	true	1.1
1RB1LD_1RC1RB_0LA1RA_0RA0LD	rk:4:0	true	0.8
1RB1LD_1RC1RB_0LA1RB_0RA0LD	rk:4:0	true	0.8
1RB1LD_1RC1RB_0LC1RD_1LA0RC	rk:4:0	false	1.4
1RB1LD_1RC1RB_0LC1RD_1LA0RC	rk:5:0	false	2.1
1RB1LD_1RC1RB_0LD1RD_1LA0RC	rk:4:0	false	1.3
1RB1LD_1RC1RB_0LD1RD_1LA0RC	rk:5:0	false	2.0
1RB1LD_1RC1RB_1LA---_0RA0LD	rk:4:0	false	0.6
1RB1LD_1RC1RB_1LA---_0RA0LD	rk:5:0	false	0.7
1RB1LD_1RC1RB_1LD1LA_0RA0LD	rk:4:0	true	0.9
1RB1LD_1RC1RC_1LA0RA_1RC0LD	rk:4:0	false	3.0
1RB1LD_1RC1RC_1LA0RA_1RC0LD	rk:5:0	false	11.4
1RB1LD_1RC1RC_1LA1RA_0RA0LD	rk:4:0	true	0.9
1RB1LD_1RC1RC_1LA1RC_0RA0LD	rk:4:0	true	0.8
1RB1LD_1RC1RD_1LA0LD_1LC0RB	rk:4:0	false	8.6
1RB1LD_1RC1RD_1LA0LD_1LC0RB	rk:5:0	false	62.2
1RB1RA_0LA---_------_------	rk:4:0	true	0.6
1RB1RA_0LB0LC_1RD1LC_0LA0RA	rk:4:0	false	1.0
1RB1RA_0LB0LC_1RD1LC_0LA0RA	rk:5:0	false	1.4
1RB1RA_0LB0LC_1RD1LC_0LC0RA	rk:4:0	false	0.9
1RB1RA_0LB0LC_1RD1LC_0LC0RA	rk:5:0	false	1.4
1RB1RA_0LB0LC_1RD1LC_1LA0RA	rk:4:0	false	1.0
1RB1RA_0LB0LC_1RD1LC_1LA0RA	rk:5:0	false	1.4
1RB1RA_0LB0LC_1RD1LC_1LC0RA	rk:4:0	false	1.0
1RB1RA_0LB0LC_1RD1LC_1LC0RA	rk:5:0	false	1.4
1RB1RA_0LB0LC_1RD1LC_1RA0RA	rk:4:0	false	1.0
1RB1RA_0LB0LC_1RD1LC_1RA0RA	rk:5:0	false	1.4
1RB1RA_0LB0LC_1RD1LC_1RB0RA	rk:4:0	false	1.0
1RB1RA_0LB0LC_1RD1LC_1RB0RA	rk:5:0	false	1.4
1RB1RA_0LB1LC_0RA1LD_0RA0LD	rk:4:0	true	0.9
1RB1RA_0LB1LC_0RA1RD_1LB0RD	rk:4:0	false	1.0
1RB1RA_0LB1LC_0RA1RD_1LB0RD	rk:5:0	false	1.9
1RB1RA_0LB1LC_0RC1LD_0RA0LD	rk:4:0	true	0.9
1RB1RA_0LB1RC_1LD0RB_0RA1LC	rk:4:0	false	1.3
1RB1RA_0LB1RC_1LD0RB_0RA1LC	rk:5:0	false	2.1
1RB1RA_0LB1RC_1LD0RB_1RA1LC	rk:4:0	false	1.4
1RB1RA_0LB1RC_1LD0RB_1RA1LC	rk:5:0	false	2.1
1RB1RA_0LC0RA_---0LD_1LA1LC	rk:4:0	false	0.6
1RB1RA_0LC0RA_---0LD_1LA1LC	rk:5:0	false	0.8
1RB1RA_0LC0RA_1LA0LD_1LB1LC	rk:4:0	true	1.6
1RB1RA_0LC0RA_1LA1LD_1LB1LD	rk:4:0	false	6.0
1RB1RA_0LC0RA_1LA1LD_1LB1LD	rk:5:0	false	46.4
1RB1RA_0LC0RA_1LC0LD_1LA0RB	rk:4:0	false	1.1
1RB1RA_0LC0RA_1LC0LD_1LA0RB	rk:5:0	false	2.2
1RB1RA_0LC0RA_1LC1LD_1LA0LC	rk:4:0	false	1.8
1RB1RA_0LC0RA_1LC1LD_1LA0LC	rk:5:0	false	3.4
1RB1RA_0LC0RA_1RC1LD_1LC0LB	rk:4:0	false	22.5
1RB1RA_0LC0RA_1RC1LD_1LC0LB	rk:5:0	false	107.6
1RB1RA_0LC0RB_0LA1LD_0RA1LC	rk:4:0	false	2.9
1RB1RA_0LC0RB_0LA1LD_0RA1LC	rk:5:0	false	9.4
1RB1RA_0LC0RB_0LD1LC_0RA1LD	rk:4:0	false	11.0
1RB1RA_0LC0RB_0LD1LC_0RA1LD	rk:5:0	false	98.2
1RB1RA_0LC0RB_0LD1LC_1LA1RD	rk:4:0	false	0.9
1RB1RA_0LC0RB_0LD1LC_1LA1RD	rk:5:0	false	1.3
1RB1RA_0LC0RB_0RA0LD_1LA1LD	rk:4:0	false	1.6
1RB1RA_0LC0RB_0RA0LD_1LA1LD	rk:5:0	false	4.4
1RB1RA_0LC0RB_0RA0LD_1LC1RD	rk:4:0	false	1.5
1RB1RA_0LC0RB_0RA0LD_1LC1RD	rk:5:0	false	2.7
1RB1RA_0LC0RB_1LA0LD_1LA1LD	rk:4:0	false	1.6
1RB1RA_0LC0RB_1LA0LD_1LA1LD	rk:5:0	false	4.3
1RB1RA_0LC0RB_1LA0LD_1LC1LD	rk:4:0	false	8.2
1RB1RA_0LC0RB_1LA0LD_1LC1LD	rk:5:0	false	48.3
1RB1RA_0LC0RB_1LC1LD_0RA0LD	rk:4:0	false	4.9
1RB1RA_0LC0RB_1LC1LD_0RA0LD	rk:5:0	false	20.4
1RB1RA_0LC0RB_1LD0LD_1LA1LD	rk:4:0	false	1.7
1RB1RA_0LC0RB_1LD0LD_1LA1LD	rk:5:0	false	4.8
1RB1RA_0LC0RB_1RA0LD_1LA1LD	rk:4:0	false	1.6
1RB1RA_0LC0RB_1RA0LD_1LA1LD	rk:5:0	false	4.8
1RB1RA_0LC0RC_0LD0RB_1LA1LD	rk:4:0	false	1.2
1RB1RA_0LC0RC_0LD0RB_1LA1LD	rk:5:0	false	2.5
1RB1RA_0LC0RC_1LC1LD_0RA0LD	rk:4:0	true	2.4
1RB1RA_0LC0RC_1RA0LD_1RC1LC	rk:4:0	false	0.8
1RB1RA_0LC0RC_1RA0LD_1RC1LC	rk:5:0	false	1.0
1RB1RA_0LC1LB_0RC1LD_0RA0LD	rk:4:0	false	1.1
1RB1RA_0LC1LB_0RC1LD_0RA0LD	rk:5:0	false	1.7
1RB1RA_0LC1LB_0RD1LD_0RA0LD	rk:4:0	false	1.2
1RB1RA_0LC1LB_0RD1LD_0RA0LD	rk:5:0	false	2.1
1RB1RA_0LC1LD_1LA0LD_1LC0RA	rk:4:0	true	1.2
1RB1RA_0LC1RC_0LD0RB_1LA1LD	rk:4:0	false	0.9
1RB1RA_0LC1RC_0LD0RB_1LA1LD	rk:5:0	false	1.2
1RB1RA_0LC1RC_0RA1LD_1LC0LC	rk:4:0	false	2.7
1RB1RA_0LC1RC_0RA1LD_1LC0LC	rk:5:0	false	11.3
1RB1RA_0LC1RC_1LD0RB_0RA1LC	rk:4:0	false	1.3
1RB1RA_0LC1RC_1LD0RB_0RA1LC	rk:5:0	false	2.0
1RB1RA_0LC1RC_1LD0RB_1RA1LC	rk:4:0	false	1.3
1RB1RA_0LC1RC_1LD0RB_1RA1LC	rk:5:0	false	2.1
1RB1RA_0RC---_1LC1LD_0RA0LD	rk:4:0	false	0.7
1RB1RA_0RC---_1LC1LD_0RA0LD	rk:5:0	false	0.7
1RB1RA_0RC0LA_1LC0LD_0RA0LC	rk:4:0	false	2.4
1RB1RA_0RC0LA_1LC0LD_0RA0LC	rk:5:0	false	9.7
1RB1RA_0RC0LD_1RD1RA_1LB1LD	rk:4:0	false	5.9
1RB1RA_0RC0LD_1RD1RA_1LB1LD	rk:5:0	false	41.1
1RB1RA_0RC0RA_0LC0LD_1LA1LC	rk:4:0	false	1.3
1RB1RA_0RC0RA_0LC0LD_1LA1LC	rk:5:0	false	4.2
1RB1RA_0RC0RA_1LC0LD_1LA1LC	rk:4:0	false	0.9
1RB1RA_0RC0RA_1LC0LD_1LA1LC	rk:5:0	false	1.3
1RB1RA_0RC1LD_1LC0LA_0LC0RD	rk:4:0	false	1.5
1RB1RA_0RC1LD_1LC0LA_0LC0RD	rk:5:0	false	3.8
1RB1RA_0RC1LD_1LC0RB_0LA0LD	rk:4:0	false	9.4
1RB1RA_0RC1LD_1LC0RB_0LA0LD	rk:5:0	true	13.3
1RB1RA_0RC1LD_1RD0RA_1LB0LD	rk:4:0	false	3.5
1RB1RA_0RC1LD_1RD0RA_1LB0LD	rk:5:0	false	9.0
1RB1RA_0RC1RA_1LC0LD_0RA0LD	rk:4:0	true	0.9
1RB1RA_1LB0LC_0RD0LD_0RA1LD	rk:4:0	false	0.9
1RB1RA_1LB0LC_0RD0LD_0RA1LD	rk:5:0	false	1.3
1RB1RA_1LB0LC_1RD0LD_0RA1LD	rk:4:0	false	1.5
1RB1RA_1LB0LC_1RD0LD_0RA1LD	rk:5:0	false	3.1
1RB1RA_1LB1LC_0RA0LD_---0LC	rk:4:0	false	0.6
1RB1RA_1LB1LC_0RA0LD_---0LC	rk:5:0	false	0.7
1RB1RA_1LB1LC_0RA1LD_0RA0LD	rk:4:0	true	0.8
1RB1RA_1LB1LC_0RC1LD_0RA0LD	rk:4:0	true	0.8
1RB1RA_1LB1LC_1RD0LC_0RD0LA	rk:4:0	false	1.0
1RB1RA_1LB1LC_1RD0LC_0RD0LA	rk:5:0	false	1.7
1RB1RA_1LC---_---1LD_0RA0LD	rk:4:0	false	0.6
1RB1RA_1LC---_---1LD_0RA0LD	rk:5:0	false	0.7
1RB1RA_1LC---_0RA0LD_0RB0LC	rk:4:0	false	0.7
1RB1RA_1LC---_0RA0LD_0RB0LC	rk:5:0	false	0.7
1RB1RA_1LC0LA_0RA0LD_0RA1LC	rk:4:0	true	0.8
1RB1RA_1LC0LA_0RA0LD_0RB1LC	rk:4:0	true	0.8
1RB1RA_1LC0LB_1RD0LC_0RD1LA	rk:4:0	false	1.1
1RB1RA_1LC0LB_1RD0LC_0RD1LA	rk:5:0	false	2.0
1RB1RA_1LC0LB_1RD1LB_1RA0RD	rk:4:0	false	14.2
1RB1RA_1LC0LB_1RD1LB_1RA0RD	rk:5:0	false	130.2
1RB1RA_1LC0LD_---1LD_0RA0LB	rk:4:0	false	0.7
1RB1RA_1LC0LD_---1LD_0RA0LB	rk:5:0	false	0.8
1RB1RA_1LC0LD_0RA0LB_0RB1LD	rk:4:0	false	1.3
1RB1RA_1LC0LD_0RA0LB_0RB1LD	rk:5:0	false	3.3
1RB1RA_1LC0LD_0RA0LC_0RA1LD	rk:4:0	false	2.5
1RB1RA_1LC0LD_0RA0LC_0RA1LD	rk:5:0	false	8.7
1RB1RA_1LC0LD_0RA0LC_0RB1LD	rk:4:0	false	1.5
1RB1RA_1LC0LD_0RA0LC_0RB1LD	rk:5:0	false	4.1
1RB1RA_1LC0LD_0RB0LC_0RA1LD	rk:4:0	false	2.6
1RB1RA_1LC0LD_0RB0LC_0RA1LD	rk:5:0	false	9.1
1RB1RA_1LC0LD_1LD0LB_1RA0RA	rk:4:0	false	9.9
1RB1RA_1LC0LD_1LD0LB_1RA0RA	rk:5:0	false	45.1
1RB1RA_1LC0LD_1RA0LB_0LA0RC	rk:4:0	true	4.5
1RB1RA_1LC0LD_1RA0LB_1LC0RC	rk:4:0	false	2.4
1RB1RA_1LC0LD_1RA0LB_1LC0RC	rk:5:0	false	12.9
1RB1RA_1LC0LD_1RA0LB_1RD0RA	rk:4:0	false	5.4
1RB1RA_1LC0LD_1RA0LB_1RD0RA	rk:5:0	false	21.9
1RB1RA_1LC0RA_0LC1LD_1RB1LC	rk:4:0	false	2.2
1RB1RA_1LC0RA_0LC1LD_1RB1LC	rk:5:0	false	8.8
1RB1RA_1LC0RA_0LD1LD_1RB1LC	rk:4:0	false	1.2
1RB1RA_1LC0RA_0LD1LD_1RB1LC	rk:5:0	false	2.3
1RB1RA_1LC0RA_0RA1LD_0LC0LD	rk:4:0	false	5.9
1RB1RA_1LC0RA_0RA1LD_0LC0LD	rk:5:0	false	36.6
1RB1RA_1LC0RA_0RB1LD_0LB1LC	rk:4:0	false	4.4
1RB1RA_1LC0RA_0RB1LD_0LB1LC	rk:5:0	false	15.2
1RB1RA_1LC0RA_1LA1LD_0LB0LD	rk:4:0	false	15.9
1RB1RA_1LC0RA_1LA1LD_0LB0LD	rk:5:0	false	116.0
1RB1RA_1LC0RA_1LA1LD_0LC0LD	rk:4:0	false	5.5
1RB1RA_1LC0RA_1LA1LD_0LC0LD	rk:5:0	false	37.3
1RB1RA_1LC0RA_1LD0LC_0RB1LC	rk:4:0	false	6.7
1RB1RA_1LC0RA_1LD0LC_0RB1LC	rk:5:0	false	18.8
1RB1RA_1LC0RA_1LD0LD_0RB0LC	rk:4:0	true	2.4
1RB1RA_1LC0RA_1LD1LC_1LA0LD	rk:4:0	false	1.5
1RB1RA_1LC0RA_1LD1LC_1LA0LD	rk:5:0	false	3.4
1RB1RA_1LC0RA_1RA0LD_0LC1LB	rk:4:0	false	25.7
1RB1RA_1LC0RA_1RA0LD_0LC1LB	rk:5:0	false	283.8
1RB1RA_1LC0RB_0LA1LD_1LA0LC	rk:4:0	false	10.4
1RB1RA_1LC0RB_0LA1LD_1LA0LC	rk:5:0	false	53.8
1RB1RA_1LC0RB_0LC0LD_1RA1LD	rk:4:0	false	3.8
1RB1RA_1LC0RB_0LC0LD_1RA1LD	rk:5:0	false	14.3
1RB1RA_1LC0RB_0LC1LD_0RA1RB	rk:4:0	false	1.0
1RB1RA_1LC0RB_0LC1LD_0RA1RB	rk:5:0	false	1.9
1RB1RA_1LC0RB_1LA0LD_0RA0LD	rk:4:0	false	43.1
1RB1RA_1LC0RB_1LA0LD_0RA0LD	rk:5:0	timeout	300.1
1RB1RA_1LC0RB_1LD1RC_0LC0LA	rk:4:0	false	1.2
1RB1RA_1LC0RB_1LD1RC_0LC0LA	rk:5:0	false	1.9
1RB1RA_1LC0RC_1RA0LD_0LC1LD	rk:4:0	false	6.9
1RB1RA_1LC0RC_1RA0LD_0LC1LD	rk:5:0	false	32.6
1RB1RA_1LC0RD_0RA0LB_1LB0LC	rk:4:0	false	1.4
1RB1RA_1LC0RD_0RA0LB_1LB0LC	rk:5:0	false	2.7
1RB1RA_1LC0RD_0RA0LB_1LB1RB	rk:4:0	false	1.4
1RB1RA_1LC0RD_0RA0LB_1LB1RB	rk:5:0	false	2.3
1RB1RA_1LC0RD_0RA0LC_1LD1LC	rk:4:0	false	10.8
1RB1RA_1LC0RD_0RA0LC_1LD1LC	rk:5:0	false	91.3
1RB1RA_1LC0RD_0RA1LB_0LB0LC	rk:4:0	false	1.2
1RB1RA_1LC0RD_0RA1LB_0LB0LC	rk:5:0	false	2.0
1RB1RA_1LC0RD_0RA1LB_0LB1RB	rk:4:0	false	1.3
1RB1RA_1LC0RD_0RA1LB_0LB1RB	rk:5:0	false	2.0
1RB1RA_1LC0RD_0RA1LB_0LD0LC	rk:4:0	false	1.2
1RB1RA_1LC0RD_0RA1LB_0LD0LC	rk:5:0	false	2.0
1RB1RA_1LC0RD_0RA1LB_0LD1RB	rk:4:0	false	1.4
1RB1RA_1LC0RD_0RA1LB_0LD1RB	rk:5:0	false	2.1
1RB1RA_1LC0RD_1LA0LB_1LB0RC	rk:4:0	false	3.3
1RB1RA_1LC0RD_1LA0LB_1LB0RC	rk:5:0	false	5.5
1RB1RA_1LC0RD_1RA0LB_1LB0RA	rk:4:0	false	1.4
1RB1RA_1LC0RD_1RA0LB_1LB0RA	rk:5:0	false	2.6
1RB1RA_1LC0RD_1RA1LB_0LB1RB	rk:4:0	false	1.4
1RB1RA_1LC0RD_1RA1LB_0LB1RB	rk:5:0	false	2.0
1RB1RA_1LC0RD_1RA1LB_0LD1RB	rk:4:0	false	1.3
1RB1RA_1LC0RD_1RA1LB_0LD1RB	rk:5:0	false	2.2
1RB1RA_1LC1LA_---0LD_0RA0LC	rk:4:0	false	0.7
1RB1RA_1LC1LA_---0LD_0RA0LC	rk:5:0	false	0.7
1RB1RA_1LC1LA_0LC0LD_0RA0RC	rk:4:0	false	1.1
1RB1RA_1LC1LA_0LC0LD_0RA0RC	rk:5:0	false	1.7
1RB1RA_1LC1LB_0RA0LD_1LA0LC	rk:4:0	false	1.4
1RB1RA_1LC1LB_0RA0LD_1LA0LC	rk:5:0	false	3.6
1RB1RA_1LC1LB_0RD0LC_0LB0RA	rk:4:0	false	1.6
1RB1RA_1LC1LB_0RD0LC_0LB0RA	rk:5:0	false	4.4
1RB1RA_1LC1LB_0RD0LC_1LB0RA	rk:4:0	false	1.7
1RB1RA_1LC1LB_0RD0LC_1LB0RA	rk:5:0	false	4.7
1RB1RA_1LC1LB_0RD0LC_1RA0RA	rk:4:0	false	1.6
1RB1RA_1LC1LB_0RD0LC_1RA0RA	rk:5:0	false	4.6
1RB1RA_1LC1LB_0RD0LC_1RB0RA	rk:4:0	false	1.5
1RB1RA_1LC1LB_0RD0LC_1RB0RA	rk:5:0	false	4.2
1RB1RA_1LC1LB_0RD0LD_0RA0LC	rk:4:0	false	1.2
1RB1RA_1LC1LB_0RD0LD_0RA0LC	rk:5:0	false	2.4
1RB1RA_1LC1LB_0RD1LD_0RA0LC	rk:4:0	false	0.9
1RB1RA_1LC1LB_0RD1LD_0RA0LC	rk:5:0	false	1.1
1RB1RA_1LC1LD_0RA0LC_0RA1LD	rk:4:0	false	1.7
1RB1RA_1LC1LD_0RA0LC_0RA1LD	rk:5:0	false	5.2
1RB1RA_1LC1LD_0RA0LD_0RB1LC	rk:4:0	true	0.9
1RB1RA_1LC1LD_0RB0LC_0RA1LB	rk:4:0	false	1.9
1RB1RA_1LC1LD_0RB0LC_0RA1LB	rk:5:0	false	5.0
1RB1RA_1LC1LD_0RB0LC_0RA1LD	rk:4:0	false	1.8
1RB1RA_1LC1LD_0RB0LC_0RA1LD	rk:5:0	false	5.6
1RB1RA_1LC1LD_0RD0LC_1LB0RA	rk:4:0	false	6.0
1RB1RA_1LC1LD_0RD0LC_1LB0RA	rk:5:0	false	41.3
1RB1RA_1LC1LD_0RD0LC_1RA1LC	rk:4:0	true	1.0
1RB1RA_1LC1LD_1LA0LB_0RC0RA	rk:4:0	false	4.5
1RB1RA_1LC1LD_1LA0LB_0RC0RA	rk:5:0	false	27.0
1RB1RA_1LC1LD_1RA0LB_0RC0RA	rk:4:0	false	4.2
1RB1RA_1LC1LD_1RA0LB_0RC0RA	rk:5:0	false	24.9
1RB1RA_1LC1RB_0RA0LD_0RA1LC	rk:4:0	true	0.8
1RB1RA_1LC1RB_0RA0LD_0RB1LC	rk:4:0	true	0.8
1RB1RA_1LC1RC_0RA1LD_1LB0LC	rk:4:0	false	2.2
1RB1RA_1LC1RC_0RA1LD_1LB0LC	rk:5:0	false	4.3
1RB1RA_1LC1RC_0RA1LD_1LC0LC	rk:4:0	false	4.8
1RB1RA_1LC1RC_0RA1LD_1LC0LC	rk:5:0	false	16.8
1RB1RA_1LC1RD_0RA0LC_0LA---	rk:4:0	false	0.7
1RB1RA_1LC1RD_0RA0LC_0LA---	rk:5:0	false	0.8
1RB1RA_1LC1RD_0RA0LC_1LA---	rk:4:0	false	0.7
1RB1RA_1LC1RD_0RA0LC_1LA---	rk:5:0	false	0.8
1RB1RA_1LC1RD_0RD0LC_1LB0RA	rk:4:0	true	4.0
1RB1RA_1RC---_1LD0LA_0RA0LD	rk:4:0	false	0.7
1RB1RA_1RC---_1LD0LA_0RA0LD	rk:5:0	false	0.8
1RB1RA_1RC---_1LD1LA_0RA0LD	rk:4:0	false	0.7
1RB1RA_1RC---_1LD1LA_0RA0LD	rk:5:0	false	0.7
1RB1RA_1RC---_1LD1LA_0RB0LD	rk:4:0	false	0.7
1RB1RA_1RC---_1LD1LA_0RB0LD	rk:5:0	false	0.8
1RB1RA_1RC0LD_1LD0LA_0RA0LB	rk:4:0	false	0.9
1RB1RA_1RC0LD_1LD0LA_0RA0LB	rk:5:0	false	1.6
1RB1RA_1RC0RA_1LD0LC_0RB1LC	rk:4:0	true	1.8
1RB1RA_1RC0RA_1LD1LC_0RB0LD	rk:4:0	false	6.6
1RB1RA_1RC0RA_1LD1LC_0RB0LD	rk:5:0	false	38.5
1RB1RA_1RC0RB_1LC1LD_0LD0LA	rk:4:0	false	1.6
1RB1RA_1RC0RB_1LC1LD_0LD0LA	rk:5:0	false	2.1
1RB1RA_1RC0RB_1LD1LC_1RA0LC	rk:4:0	false	1.7
1RB1RA_1RC0RB_1LD1LC_1RA0LC	rk:5:0	false	3.9
1RB1RA_1RC0RC_1LD0RB_0RA0LC	rk:4:0	false	1.0
1RB1RA_1RC0RC_1LD0RB_0RA0LC	rk:5:0	false	1.2
1RB1RA_1RC1LA_1LC1LD_0RA0LD	rk:4:0	true	0.9
1RB1RA_1RC1LC_1LC1LD_0RA0LD	rk:4:0	true	0.9
1RB1RA_1RC1RD_1LD0LD_0RA1LC	rk:4:0	false	2.7
1RB1RA_1RC1RD_1LD0LD_0RA1LC	rk:5:0	false	9.8
1RB1RB_0LC0RC_0LD1RC_1RA1LD	rk:4:0	false	1.2
1RB1RB_0LC0RC_0LD1RC_1RA1LD	rk:5:0	false	1.4
1RB1RB_0LC0RD_1RA1LC_0LA1RD	rk:4:0	false	1.1
1RB1RB_0LC0RD_1RA1LC_0LA1RD	rk:5:0	false	1.3
1RB1RB_0LC0RD_1RA1LC_0LC1RD	rk:4:0	false	1.1
1RB1RB_0LC0RD_1RA1LC_0LC1RD	rk:5:0	false	1.4
1RB1RB_0LC0RD_1RB1LC_0LA1RD	rk:4:0	false	0.9
1RB1RB_0LC0RD_1RB1LC_0LA1RD	rk:5:0	false	1.3
1RB1RB_0LC0RD_1RD1LC_0LA1RA	rk:4:0	false	1.0
1RB1RB_0LC0RD_1RD1LC_0LA1RA	rk:5:0	false	1.5
1RB1RB_0LC0RD_1RD1LC_0LD1RA	rk:4:0	false	1.0
1RB1RB_0LC0RD_1RD1LC_0LD1RA	rk:5:0	false	1.6
1RB1RB_0LC1RD_1RA1LC_0LC0RA	rk:4:0	false	1.2
1RB1RB_0LC1RD_1RA1LC_0LC0RA	rk:5:0	false	2.3
1RB1RB_0RC0LA_1LC1LD_1RA0LB	rk:4:0	false	1.0
1RB1RB_0RC0LA_1LC1LD_1RA0LB	rk:5:0	false	1.2
1RB1RB_0RC1RA_1LC0LD_0RA0LC	rk:4:0	false	1.5
1RB1RB_0RC1RA_1LC0LD_0RA0LC	rk:5:0	false	3.4
1RB1RB_1LA1LC_1RD0LC_0RD0LA	rk:4:0	false	1.0
1RB1RB_1LA1LC_1RD0LC_0RD0LA	rk:5:0	false	1.9
1RB1RB_1LC0LA_1RD0LC_0RD1LA	rk:4:0	false	1.0
1RB1RB_1LC0LA_1RD0LC_0RD1LA	rk:5:0	false	1.9
1RB1RB_1LC0LD_1RC0LB_1RD0RA	rk:4:0	false	6.2
1RB1RB_1LC0LD_1RC0LB_1RD0RA	rk:5:0	false	12.2
1RB1RB_1LC0RB_0LD1LA_0LD1RA	rk:4:0	false	1.0
1RB1RB_1LC0RB_0LD1LA_0LD1RA	rk:5:0	false	1.8
1RB1RB_1LC0RB_1LD1LA_0LC0RA	rk:4:0	false	0.9
1RB1RB_1LC0RB_1LD1LA_0LC0RA	rk:5:0	false	1.2
1RB1RB_1LC0RC_1RA0LD_0RA0LC	rk:4:0	false	2.8
1RB1RB_1LC0RC_1RA0LD_0RA0LC	rk:5:0	true	1.4
1RB1RB_1LC0RC_1RA1LD_1RB0LD	rk:4:0	false	2.9
1RB1RB_1LC0RC_1RA1LD_1RB0LD	rk:5:0	true	3.7
1RB1RB_1LC0RD_1RD0LB_1LB1RA	rk:4:0	false	1.7
1RB1RB_1LC0RD_1RD0LB_1LB1RA	rk:5:0	false	3.3
1RB1RB_1LC1RA_0LC0LD_0RA0RB	rk:4:0	false	1.0
1RB1RB_1LC1RA_0LC0LD_0RA0RB	rk:5:0	false	1.2
1RB1RB_1LC1RB_---0LD_0RA1LD	rk:4:0	false	0.9
1RB1RB_1LC1RB_---0LD_0RA1LD	rk:5:0	false	1.2
1RB1RB_1LC1RB_1RA0LD_0RC1LD	rk:4:0	false	0.9
1RB1RB_1LC1RB_1RA0LD_0RC1LD	rk:5:0	false	1.3
1RB1RB_1LC1RC_0RA1LD_1RC0LD	rk:4:0	false	3.3
1RB1RB_1LC1RC_0RA1LD_1RC0LD	rk:5:0	false	19.2
1RB1RB_1LC1RC_1RA1LD_0RA0LD	rk:4:0	true	0.9
1RB1RB_1RC0LC_1LD0RA_1LB0RB	rk:4:0	false	3.0
1RB1RB_1RC0LC_1LD0RA_1LB0RB	rk:5:0	true	4.8
1RB1RB_1RC0RB_1LD0RA_1RA0LC	rk:4:0	false	1.2
1RB1RB_1RC0RB_1LD0RA_1RA0LC	rk:5:0	false	1.7
1RB1RB_1RC1LB_1LA0RD_0LC1RD	rk:4:0	false	1.0
1RB1RB_1RC1LB_1LA0RD_0LC1RD	rk:5:0	false	1.4
1RB1RB_1RC1LB_1LA1RD_0LC0RD	rk:4:0	true	0.8
1RB1RB_1RC1LC_1LD0RA_1LB0LB	rk:4:0	false	4.5
1RB1RB_1RC1LC_1LD0RA_1LB0LB	rk:5:0	false	26.1
1RB1RC_0LA0RB_0LD0RC_1LD1LA	rk:4:0	false	2.6
1RB1RC_0LA0RB_0LD0RC_1LD1LA	rk:5:0	false	9.0
1RB1RC_0LA0RB_0LD1LD_1RA1LC	rk:4:0	false	4.2
1RB1RC_0LA0RB_0LD1LD_1RA1LC	rk:5:0	false	13.4
1RB1RC_0LA0RB_0LD1RA_1LA1LD	rk:4:0	false	1.7
1RB1RC_0LA0RB_0LD1RA_1LA1LD	rk:5:0	false	4.7
1RB1RC_0LA0RB_0LD1RC_1LA1LD	rk:4:0	false	1.8
1RB1RC_0LA0RB_0LD1RC_1LA1LD	rk:5:0	false	5.3
1RB1RC_0LA0RC_0LD0RB_1LD1LA	rk:4:0	false	1.9
1RB1RC_0LA0RC_0LD0RB_1LD1LA	rk:5:0	false	6.6
1RB1RC_0LA0RC_1LD0LD_0RB1LA	rk:4:0	false	1.3
1RB1RC_0LA0RC_1LD0LD_0RB1LA	rk:5:0	false	3.2
1RB1RC_0LA1LA_1LD0RC_0LD0RB	rk:4:0	false	1.1
1RB1RC_0LA1LA_1LD0RC_0LD0RB	rk:5:0	false	2.4
1RB1RC_0LA1LB_1RD1LB_0LC0RD	rk:4:0	true	0.9
1RB1RC_0LA1LD_1LA0RC_0LD0RB	rk:4:0	false	1.4
1RB1RC_0LA1LD_1LA0RC_0LD0RB	rk:5:0	false	3.8
1RB1RC_0LA1RA_0LD0RB_1RB1LD	rk:4:0	false	1.0
1RB1RC_0LA1RA_0LD0RB_1RB1LD	rk:5:0	false	1.6
1RB1RC_0LA1RA_1LC0LD_0RA0LC	rk:4:0	false	0.9
1RB1RC_0LA1RA_1LC0LD_0RA0LC	rk:5:0	false	1.4
1RB1RC_0LA1RB_0LD0RB_1RA1LD	rk:4:0	false	1.1
1RB1RC_0LA1RB_0LD0RB_1RA1LD	rk:5:0	false	1.3
1RB1RC_0LA1RB_0LD0RB_1RC1LD	rk:4:0	false	1.0
1RB1RC_0LA1RB_0LD0RB_1RC1LD	rk:5:0	false	1.3
1RB1RC_0LA1RC_0LD0RB_1RB1LD	rk:4:0	false	1.6
1RB1RC_0LA1RC_0LD0RB_1RB1LD	rk:5:0	false	3.0
1RB1RC_0LB1LA_1LD0RC_0RA1LB	rk:4:0	false	1.5
1RB1RC_0LB1LA_1LD0RC_0RA1LB	rk:5:0	false	4.6
1RB1RC_0LC---_1RA1LD_0RA0LD	rk:4:0	false	0.6
1RB1RC_0LC---_1RA1LD_0RA0LD	rk:5:0	false	0.8
1RB1RC_0LC0LB_1RD1LB_0RA0LA	rk:4:0	false	1.2
1RB1RC_0LC0LB_1RD1LB_0RA0LA	rk:5:0	false	1.9
1RB1RC_0LC0LB_1RD1LB_0RA0RB	rk:4:0	false	1.2
1RB1RC_0LC0LB_1RD1LB_0RA0RB	rk:5:0	false	2.0
1RB1RC_0LC0LB_1RD1LB_0RA0RD	rk:4:0	false	4.1
1RB1RC_0LC0LB_1RD1LB_0RA0RD	rk:5:0	false	5.2
1RB1RC_0LC0LB_1RD1LB_0RA1RC	rk:4:0	false	1.7
1RB1RC_0LC0LB_1RD1LB_0RA1RC	rk:5:0	false	2.9
1RB1RC_0LC0LB_1RD1LB_0RA1RD	rk:4:0	false	1.2
1RB1RC_0LC0LB_1RD1LB_0RA1RD	rk:5:0	false	1.9
1RB1RC_0LC0LD_1RA0LD_0RC1LB	rk:4:0	false	0.9
1RB1RC_0LC0LD_1RA0LD_0RC1LB	rk:5:0	false	1.4
1RB1RC_0LC0RA_1RA0LD_1LC0RA	rk:4:0	false	0.9
1RB1RC_0LC0RA_1RA0LD_1LC0RA	rk:5:0	false	1.3
1RB1RC_0LC0RA_1RA1LD_1LA0LC	rk:4:0	false	2.4
1RB1RC_0LC0RA_1RA1LD_1LA0LC	rk:5:0	false	4.3
1RB1RC_0LC0RA_1RA1LD_1LA0LD	rk:4:0	false	3.7
1RB1RC_0LC0RA_1RA1LD_1LA0LD	rk:5:0	false	20.0
1RB1RC_0LC0RA_1RB1LD_1LC0LA	rk:4:0	false	1.0
1RB1RC_0LC0RA_1RB1LD_1LC0LA	rk:5:0	false	1.4
1RB1RC_0LC0RB_1LD1LC_1LA---	rk:4:0	false	0.7
1RB1RC_0LC0RB_1LD1LC_1LA---	rk:5:0	false	0.8
1RB1RC_0LC0RB_1RA0LD_1LA1LD	rk:4:0	false	5.1
1RB1RC_0LC0RB_1RA0LD_1LA1LD	rk:5:0	false	34.2
1RB1RC_0LC1LB_1RD1LA_0LA0RD	rk:4:0	false	0.9
1RB1RC_0LC1LB_1RD1LA_0LA0RD	rk:5:0	false	1.1
1RB1RC_0LC1RC_0RA1LD_1RC0LD	rk:4:0	false	2.6
1RB1RC_0LC1RC_0RA1LD_1RC0LD	rk:5:0	false	9.1
1RB1RC_0RC---_0LD0RB_0LA1LD	rk:4:0	false	0.7
1RB1RC_0RC---_0LD0RB_0LA1LD	rk:5:0	false	0.8
1RB1RC_0RC0LA_1LC0LD_1RB1LB	rk:4:0	false	1.4
1RB1RC_0RC0LA_1LC0LD_1RB1LB	rk:5:0	false	1.4
1RB1RC_0RC0LC_1LA0RD_1LC0RB	rk:4:0	false	1.0
1RB1RC_0RC0LC_1LA0RD_1LC0RB	rk:5:0	false	1.7
1RB1RC_0RC0LD_1LD0RB_1LA1LA	rk:4:0	false	1.0
1RB1RC_0RC0LD_1LD0RB_1LA1LA	rk:5:0	false	1.6
1RB1RC_0RC0LD_1RD0RA_1LB1LD	rk:4:0	true	1.6
1RB1RC_0RC0RA_0LD1RA_1LD0LA	rk:4:0	false	4.2
1RB1RC_0RC0RA_0LD1RA_1LD0LA	rk:5:0	false	23.5
1RB1RC_0RC0RB_0LD1LA_1LD0LA	rk:4:0	false	26.5
1RB1RC_0RC0RB_0LD1LA_1LD0LA	rk:5:0	false	298.9
1RB1RC_0RC0RD_1LC0LD_1RA0LA	rk:4:0	false	2.3
1RB1RC_0RC0RD_1LC0LD_1RA0LA	rk:5:0	true	2.3
1RB1RC_0RC1RA_0LD0RB_1LD0LA	rk:4:0	false	30.9
1RB1RC_0RC1RA_0LD0RB_1LD0LA	rk:5:0	false	275.6
1RB1RC_0RC1RA_1LD0RB_0LD1LA	rk:4:0	false	13.5
1RB1RC_0RC1RA_1LD0RB_0LD1LA	rk:5:0	false	148.1
1RB1RC_0RC1RB_0LD0RB_1LD0LA	rk:4:0	false	28.9
1RB1RC_0RC1RB_0LD0RB_1LD0LA	rk:5:0	false	235.4
1RB1RC_0RC1RD_0LD0RB_1LD0LA	rk:4:0	false	29.8
1RB1RC_0RC1RD_0LD0RB_1LD0LA	rk:5:0	false	254.5
1RB1RC_1LA0LA_0RC1LD_0RB0LD	rk:4:0	false	1.4
1RB1RC_1LA0LA_0RC1LD_0RB0LD	rk:5:0	false	3.7
1RB1RC_1LA0LA_1LD0RC_0LD0RB	rk:4:0	false	1.2
1RB1RC_1LA0LA_1LD0RC_0LD0RB	rk:5:0	false	2.4
1RB1RC_1LA0LB_0RD0LA_1LB0RC	rk:4:0	false	2.6
1RB1RC_1LA0LB_0RD0LA_1LB0RC	rk:5:0	false	14.8
1RB1RC_1LA0LB_0RD0RD_1LB0RC	rk:4:0	false	1.0
1RB1RC_1LA0LB_0RD0RD_1LB0RC	rk:5:0	false	1.3
1RB1RC_1LA0LB_1LD0RC_0RA1LB	rk:4:0	false	1.0
1RB1RC_1LA0LB_1LD0RC_0RA1LB	rk:5:0	false	1.7
1RB1RC_1LA0LB_1LD0RD_1LB0RC	rk:4:0	false	1.0
1RB1RC_1LA0LB_1LD0RD_1LB0RC	rk:5:0	false	1.7
1RB1RC_1LA0LB_1RD0RC_1LB0RD	rk:4:0	false	2.6
1RB1RC_1LA0LB_1RD0RC_1LB0RD	rk:5:0	false	14.4
1RB1RC_1LA0LB_1RD0RC_1LB1LC	rk:4:0	false	0.9
1RB1RC_1LA0LB_1RD0RC_1LB1LC	rk:5:0	false	1.6
1RB1RC_1LA0LD_1LB0RC_---1LA	rk:4:0	false	1.0
1RB1RC_1LA0LD_1LB0RC_---1LA	rk:5:0	false	1.9
1RB1RC_1LA0LD_1LB0RC_0LB0RD	rk:4:0	false	1.2
1RB1RC_1LA0LD_1LB0RC_0LB0RD	rk:5:0	false	2.6
1RB1RC_1LA0LD_1LB0RC_0RA0LB	rk:4:0	false	1.0
1RB1RC_1LA0LD_1LB0RC_0RA0LB	rk:5:0	false	1.9
1RB1RC_1LA0LD_1LB0RD_0RC1LA	rk:4:0	false	0.9
1RB1RC_1LA0LD_1LB0RD_0RC1LA	rk:5:0	false	1.5
1RB1RC_1LA0RC_0RA1LD_0LC1LD	rk:4:0	false	0.9
1RB1RC_1LA0RC_0RA1LD_0LC1LD	rk:5:0	false	1.2
1RB1RC_1LA0RC_1LD0LA_0RB0LD	rk:4:0	false	1.4
1RB1RC_1LA0RC_1LD0LA_0RB0LD	rk:5:0	false	3.6
1RB1RC_1LA0RD_1RB1LC_0LB1RD	rk:4:0	false	1.0
1RB1RC_1LA0RD_1RB1LC_0LB1RD	rk:5:0	false	1.4
1RB1RC_1LA1LA_1LD0RC_0LD0RB	rk:4:0	false	1.0
1RB1RC_1LA1LA_1LD0RC_0LD0RB	rk:5:0	false	1.9
1RB1RC_1LA1LB_1LA0RD_0RC0LC	rk:4:0	false	1.0
1RB1RC_1LA1LB_1LA0RD_0RC0LC	rk:5:0	false	1.6
1RB1RC_1LA1LD_0RB0RC_1LB0LB	rk:4:0	false	1.2
1RB1RC_1LA1LD_0RB0RC_1LB0LB	rk:5:0	false	1.5
1RB1RC_1LA1LD_0RC0RB_0LD0LA	rk:4:0	false	5.8
1RB1RC_1LA1LD_0RC0RB_0LD0LA	rk:5:0	false	68.9
1RB1RC_1LA1LD_1LA0RC_0RA0LB	rk:4:0	false	0.9
1RB1RC_1LA1LD_1LA0RC_0RA0LB	rk:5:0	false	1.3
1RB1RC_1LA1LD_1LB0RC_0RA0LB	rk:4:0	false	1.5
1RB1RC_1LA1LD_1LB0RC_0RA0LB	rk:5:0	false	2.6
1RB1RC_1LA1RA_---1LD_0RA0LD	rk:4:0	false	0.8
1RB1RC_1LA1RA_---1LD_0RA0LD	rk:5:0	false	0.7
1RB1RC_1LA1RA_0RC1LD_1LB0LD	rk:4:0	false	0.9
1RB1RC_1LA1RA_0RC1LD_1LB0LD	rk:5:0	false	1.3
1RB1RC_1LA1RA_1LD0RC_0LD0LB	rk:4:0	false	1.2
1RB1RC_1LA1RA_1LD0RC_0LD0LB	rk:5:0	false	2.5
1RB1RC_1LB0RA_1LD0RC_0LD0LA	rk:4:0	false	1.1
1RB1RC_1LB0RA_1LD0RC_0LD0LA	rk:5:0	false	2.3
1RB1RC_1LB1LA_1LD0RC_0LD0RA	rk:4:0	false	1.0
1RB1RC_1LB1LA_1LD0RC_0LD0RA	rk:5:0	false	2.0
1RB1RC_1LB1LA_1LD0RC_0LD1RA	rk:4:0	false	1.0
1RB1RC_1LB1LA_1LD0RC_0LD1RA	rk:5:0	false	1.8
1RB1RC_1LB1LA_1RD0LC_0RD0LA	rk:4:0	false	0.9
1RB1RC_1LB1LA_1RD0LC_0RD0LA	rk:5:0	false	1.6
1RB1RC_1LB1RA_1LD0RC_0LB0LA	rk:4:0	false	2.4
1RB1RC_1LB1RA_1LD0RC_0LB0LA	rk:5:0	false	8.4
1RB1RC_1LC---_1LD1RA_0RA0LD	rk:4:0	false	0.7
1RB1RC_1LC---_1LD1RA_0RA0LD	rk:5:0	false	0.7
1RB1RC_1LC0LA_1RD0LB_0RA0RD	rk:4:0	false	0.9
1RB1RC_1LC0LA_1RD0LB_0RA0RD	rk:5:0	true	0.9
1RB1RC_1LC0LB_0RC1LD_1RA0LD	rk:4:0	false	8.2
1RB1RC_1LC0LB_0RC1LD_1RA0LD	rk:5:0	false	14.8
1RB1RC_1LC0LB_0RC1LD_1RA1LA	rk:4:0	false	1.4
1RB1RC_1LC0LB_0RC1LD_1RA1LA	rk:5:0	false	2.9
1RB1RC_1LC0LB_0RD0LB_1RA1RC	rk:4:0	false	0.8
1RB1RC_1LC0LB_0RD0LB_1RA1RC	rk:5:0	false	0.9
1RB1RC_1LC0LB_1RD0LB_0RD0LA	rk:4:0	false	1.0
1RB1RC_1LC0LB_1RD0LB_0RD0LA	rk:5:0	false	2.5
1RB1RC_1LC0LB_1RD1LA_0RD0LA	rk:4:0	false	1.0
1RB1RC_1LC0LB_1RD1LA_0RD0LA	rk:5:0	false	1.0
1RB1RC_1LC0LB_1RD1LB_1RA0RD	rk:4:0	false	25.0
1RB1RC_1LC0LB_1RD1LB_1RA0RD	rk:5:0	false	238.8
1RB1RC_1LC0LC_1RD0LB_0LA0RD	rk:4:0	false	1.9
1RB1RC_1LC0LC_1RD0LB_0LA0RD	rk:5:0	false	8.4
1RB1RC_1LC0LC_1RD0LB_0RD0LA	rk:4:0	false	1.4
1RB1RC_1LC0LC_1RD0LB_0RD0LA	rk:5:0	false	5.4
1RB1RC_1LC0LD_1RA0LD_0RC1LB	rk:4:0	false	1.5
1RB1RC_1LC0LD_1RA0LD_0RC1LB	rk:5:0	false	3.5
1RB1RC_1LC0RA_0LB0LD_1LA1LD	rk:4:0	false	13.6
1RB1RC_1LC0RA_0LB0LD_1LA1LD	rk:5:0	false	125.1
1RB1RC_1LC0RA_0LD1LB_1LA0LA	rk:4:0	false	8.2
1RB1RC_1LC0RA_0LD1LB_1LA0LA	rk:5:0	true	12.6
1RB1RC_1LC0RA_0LD1LB_1LA0LC	rk:4:0	true	3.2
1RB1RC_1LC0RA_0LD1LB_1LA1LB	rk:4:0	false	4.6
1RB1RC_1LC0RA_0LD1LB_1LA1LB	rk:5:0	true	6.9
1RB1RC_1LC0RA_1LD0LB_0RB0LC	rk:4:0	false	1.4
1RB1RC_1LC0RA_1LD0LB_0RB0LC	rk:5:0	false	3.9
1RB1RC_1LC0RA_1LD1RA_0RB0LD	rk:4:0	true	4.0
1RB1RC_1LC0RA_1RD0LB_0RA0LA	rk:4:0	false	1.1
1RB1RC_1LC0RA_1RD0LB_0RA0LA	rk:5:0	false	1.6
1RB1RC_1LC0RB_1RA1LD_1RB0LD	rk:4:0	false	28.6
1RB1RC_1LC0RB_1RA1LD_1RB0LD	rk:5:0	false	281.9
1RB1RC_1LC0RC_0RA1LD_0LB0LD	rk:4:0	true	0.9
1RB1RC_1LC0RC_0RA1LD_0LC1LD	rk:4:0	false	1.0
1RB1RC_1LC0RC_0RA1LD_0LC1LD	rk:5:0	false	1.3
1RB1RC_1LC0RC_1RA0LD_0LC1LD	rk:4:0	false	8.3
1RB1RC_1LC0RC_1RA0LD_0LC1LD	rk:5:0	false	36.5
1RB1RC_1LC0RC_1RA0LD_0RB0LB	rk:4:0	false	6.9
1RB1RC_1LC0RC_1RA0LD_0RB0LB	rk:5:0	false	5.6
1RB1RC_1LC0RD_0RA1LD_1RC0LD	rk:4:0	false	3.6
1RB1RC_1LC0RD_0RA1LD_1RC0LD	rk:5:0	false	13.2
1RB1RC_1LC0RD_0RC0LD_1RA0LA	rk:4:0	false	1.8
1RB1RC_1LC0RD_0RC0LD_1RA0LA	rk:5:0	false	7.0
1RB1RC_1LC0RD_1LA0LC_0RD0LA	rk:4:0	false	0.8
1RB1RC_1LC0RD_1LA0LC_0RD0LA	rk:5:0	false	1.4
1RB1RC_1LC0RD_1LD0LB_0RA0LB	rk:4:0	true	0.8
1RB1RC_1LC0RD_1LD0LB_1RB1RA	rk:4:0	false	3.3
1RB1RC_1LC0RD_1LD0LB_1RB1RA	rk:5:0	false	3.2
1RB1RC_1LC0RD_1RA0LD_0LB1RB	rk:4:0	true	1.2
1RB1RC_1LC1LD_1RD0LB_0RA1RC	rk:4:0	false	4.5
1RB1RC_1LC1LD_1RD0LB_0RA1RC	rk:5:0	true	8.8
1RB1RC_1LC1RA_---1LD_0RA0LD	rk:4:0	false	0.7
1RB1RC_1LC1RA_---1LD_0RA0LD	rk:5:0	false	0.7
1RB1RC_1LC1RA_0RB1LD_0RB0LD	rk:4:0	true	1.9
1RB1RC_1LC1RA_1LD0RA_0RB0LB	rk:4:0	false	5.0
1RB1RC_1LC1RA_1LD0RA_0RB0LB	rk:5:0	false	15.8
1RB1RC_1LC1RA_1LD0RA_1RA0LB	rk:4:0	false	5.0
1RB1RC_1LC1RA_1LD0RA_1RA0LB	rk:5:0	false	23.8
1RB1RC_1LC1RC_0RA1LD_1RC0LD	rk:4:0	false	5.6
1RB1RC_1LC1RC_0RA1LD_1RC0LD	rk:5:0	false	25.4
1RB1RC_1LC1RC_1RA1LD_0RA0LD	rk:4:0	true	0.9
1RB1RC_1LC1RD_1LD0LB_0RA1LB	rk:4:0	false	1.0
1RB1RC_1LC1RD_1LD0LB_0RA1LB	rk:5:0	false	1.2
1RB1RC_1LC1RD_1LD0LB_0RA1LC	rk:4:0	false	1.5
1RB1RC_1LC1RD_1LD0LB_0RA1LC	rk:5:0	false	2.4
1RB1RC_1RC0RB_0LD0RB_0LA1LD	rk:4:0	false	5.0
1RB1RC_1RC0RB_0LD0RB_0LA1LD	rk:5:0	false	24.0
1RB1RC_1RC0RB_0LD1RB_0LA1LD	rk:4:0	false	2.8
1RB1RC_1RC0RB_0LD1RB_0LA1LD	rk:5:0	false	12.6
1RB1RC_1RC1LB_0LB0RD_0LA1RD	rk:4:0	false	1.0
1RB1RC_1RC1LB_0LB0RD_0LA1RD	rk:5:0	false	1.2
1RB1RD_0LB1LC_0RA0LB_1LA0RD	rk:4:0	false	1.2
1RB1RD_0LB1LC_0RA0LB_1LA0RD	rk:5:0	false	2.4
1RB1RD_0LB1LC_0RA1LB_1LA0RD	rk:4:0	false	1.0
1RB1RD_0LB1LC_0RA1LB_1LA0RD	rk:5:0	false	1.4
1RB1RD_0LB1LC_1LD0RA_1RA0LC	rk:4:0	true	1.0
1RB1RD_0LC0LA_1LC1LA_0RB0RD	rk:4:0	false	8.6
1RB1RD_0LC0LA_1LC1LA_0RB0RD	rk:5:0	false	92.2
1RB1RD_0LC0LB_1RC0RD_1LB1RA	rk:4:0	false	6.2
1RB1RD_0LC0LB_1RC0RD_1LB1RA	rk:5:0	false	33.7
1RB1RD_0LC0LD_1LA1RC_1LB0RD	rk:4:0	false	1.0
1RB1RD_0LC0LD_1LA1RC_1LB0RD	rk:5:0	false	1.2
1RB1RD_0LC0RA_1LD1RC_0RB1LB	rk:4:0	false	1.7
1RB1RD_0LC0RA_1LD1RC_0RB1LB	rk:5:0	false	1.5
1RB1RD_0LC0RA_1RA1LB_1LC1RC	rk:4:0	false	2.1
1RB1RD_0LC0RA_1RA1LB_1LC1RC	rk:5:0	true	2.9
1RB1RD_0LC0RA_1RA1LC_0LC1RB	rk:4:0	false	1.3
1RB1RD_0LC0RA_1RA1LC_0LC1RB	rk:5:0	false	2.1
1RB1RD_0LC0RB_1LA1LC_0LC1RD	rk:4:0	false	1.9
1RB1RD_0LC0RB_1LA1LC_0LC1RD	rk:5:0	false	5.7
1RB1RD_0LC0RD_1LA1LC_0LA1RB	rk:4:0	true	0.8
1RB1RD_0LC0RD_1LC1LA_0LA0RB	rk:4:0	false	2.2
1RB1RD_0LC0RD_1LC1LA_0LA0RB	rk:5:0	false	6.2
1RB1RD_0LC1LB_1RC1LA_1RA0RA	rk:4:0	false	1.4
1RB1RD_0LC1LB_1RC1LA_1RA0RA	rk:5:0	false	2.1
1RB1RD_0LC1LB_1RD1LA_0RA0RD	rk:4:0	false	1.5
1RB1RD_0LC1LB_1RD1LA_0RA0RD	rk:5:0	false	2.9
1RB1RD_0LC1RB_1LA0RB_1RC1LD	rk:4:0	false	1.0
1RB1RD_0LC1RB_1LA0RB_1RC1LD	rk:5:0	false	1.3
1RB1RD_0LC1RB_1RA1LC_0LD0RB	rk:4:0	false	1.1
1RB1RD_0LC1RB_1RA1LC_0LD0RB	rk:5:0	false	1.5
1RB1RD_0LC1RB_1RA1LC_1RC0RB	rk:4:0	false	1.1
1RB1RD_0LC1RB_1RA1LC_1RC0RB	rk:5:0	false	1.5
1RB1RD_0RC0LC_1LA0RD_1LC0RB	rk:4:0	false	1.1
1RB1RD_0RC0LC_1LA0RD_1LC0RB	rk:5:0	false	1.9
1RB1RD_0RC0RA_1LC0LD_1RA0LD	rk:4:0	false	5.9
1RB1RD_0RC0RA_1LC0LD_1RA0LD	rk:5:0	false	29.6
1RB1RD_1LB1LC_0RA0LC_---1RA	rk:4:0	false	0.6
1RB1RD_1LB1LC_0RA0LC_---1RA	rk:5:0	false	0.7
1RB1RD_1LB1LC_0RD0LC_1RA1RD	rk:4:0	true	0.8
1RB1RD_1LC0LA_0RA0LC_1RA---	rk:4:0	false	0.7
1RB1RD_1LC0LA_0RA0LC_1RA---	rk:5:0	false	0.7
1RB1RD_1LC0LA_0RB1LA_0RD0LC	rk:4:0	false	1.3
1RB1RD_1LC0LA_0RB1LA_0RD0LC	rk:5:0	false	3.5
1RB1RD_1LC0LA_0RD0LC_1LA0RB	rk:4:0	false	1.7
1RB1RD_1LC0LA_0RD0LC_1LA0RB	rk:5:0	false	4.9
1RB1RD_1LC0LA_0RD0LC_1RA---	rk:4:0	false	0.7
1RB1RD_1LC0LA_0RD0LC_1RA---	rk:5:0	false	0.8
1RB1RD_1LC0LA_0RD1LA_0RB0LC	rk:4:0	false	1.5
1RB1RD_1LC0LA_0RD1LA_0RB0LC	rk:5:0	false	4.3
1RB1RD_1LC0LA_1RB1LA_0RD0LC	rk:4:0	false	1.2
1RB1RD_1LC0LA_1RB1LA_0RD0LC	rk:5:0	false	2.9
1RB1RD_1LC0LB_0LA1RA_1LB0RD	rk:4:0	false	2.6
1RB1RD_1LC0LB_0LA1RA_1LB0RD	rk:5:0	false	10.9
1RB1RD_1LC0LB_0RD0LB_1RA1RC	rk:4:0	false	6.7
1RB1RD_1LC0LB_0RD0LB_1RA1RC	rk:5:0	false	45.1
1RB1RD_1LC0LB_1RA0LB_0RD0LA	rk:4:0	false	1.0
1RB1RD_1LC0LB_1RA0LB_0RD0LA	rk:5:0	false	2.2
1RB1RD_1LC0LB_1RA1LA_0RD0LA	rk:4:0	false	1.2
1RB1RD_1LC0LB_1RA1LA_0RD0LA	rk:5:0	false	1.2
1RB1RD_1LC0LB_1RD1LB_1RA0RD	rk:4:0	false	14.3
1RB1RD_1LC0LB_1RD1LB_1RA0RD	rk:5:0	false	130.5
1RB1RD_1LC0LC_1RA0LB_0RD0LA	rk:4:0	false	3.8
1RB1RD_1LC0LC_1RA0LB_0RD0LA	rk:5:0	false	24.4
1RB1RD_1LC0LD_0RA1LB_0LC1RC	rk:4:0	false	1.4
1RB1RD_1LC0LD_0RA1LB_0LC1RC	rk:5:0	false	1.4
1RB1RD_1LC0LD_1RD0LB_0RA1RC	rk:4:0	false	1.5
1RB1RD_1LC0LD_1RD0LB_0RA1RC	rk:5:0	false	2.2
1RB1RD_1LC0RA_1LA0LB_0LB1RC	rk:4:0	false	2.9
1RB1RD_1LC0RA_1LA0LB_0LB1RC	rk:5:0	false	1.3
1RB1RD_1LC0RA_1LA0LB_0RB1LC	rk:4:0	false	0.9
1RB1RD_1LC0RA_1LA0LB_0RB1LC	rk:5:0	true	0.8
1RB1RD_1LC0RA_1LA0LB_0RB1RC	rk:4:0	false	6.2
1RB1RD_1LC0RA_1LA0LB_0RB1RC	rk:5:0	false	1.3
1RB1RD_1LC0RA_1LA0LB_1RB0LC	rk:4:0	false	3.3
1RB1RD_1LC0RA_1LA0LB_1RB0LC	rk:5:0	false	13.6
1RB1RD_1LC0RA_1LA0LB_1RB0RC	rk:4:0	false	8.4
1RB1RD_1LC0RA_1LA0LB_1RB0RC	rk:5:0	false	11.2
1RB1RD_1LC0RA_1LA0LB_1RB1LC	rk:4:0	false	1.2
1RB1RD_1LC0RA_1LA0LB_1RB1LC	rk:5:0	false	2.5
1RB1RD_1LC0RA_1LA0LB_1RB1RC	rk:4:0	false	3.4
1RB1RD_1LC0RA_1LA0LB_1RB1RC	rk:5:0	false	3.2
1RB1RD_1LC0RA_1LD0LB_1RA0RB	rk:4:0	false	1.5
1RB1RD_1LC0RA_1LD0LB_1RA0RB	rk:5:0	false	4.7
1RB1RD_1LC0RA_1LD0LB_1RB0LA	rk:4:0	false	3.7
1RB1RD_1LC0RA_1LD0LB_1RB0LA	rk:5:0	false	8.9
1RB1RD_1LC0RA_1LD0LB_1RB0LB	rk:4:0	false	1.2
1RB1RD_1LC0RA_1LD0LB_1RB0LB	rk:5:0	false	2.3
1RB1RD_1LC0RA_1LD0LB_1RB1LB	rk:4:0	false	4.6
1RB1RD_1LC0RA_1LD0LB_1RB1LB	rk:5:0	false	16.5
1RB1RD_1LC0RA_1LD0LC_0RB0LA	rk:4:0	true	1.1
1RB1RD_1LC0RA_1LD0RD_1RB0LB	rk:4:0	false	0.8
1RB1RD_1LC0RA_1LD0RD_1RB0LB	rk:5:0	true	0.8
1RB1RD_1LC0RB_0LC0RA_1LA1LD	rk:4:0	false	1.0
1RB1RD_1LC0RB_0LC0RA_1LA1LD	rk:5:0	false	2.1
1RB1RD_1LC0RC_0RB1LD_1LA0LD	rk:4:0	false	1.2
1RB1RD_1LC0RC_0RB1LD_1LA0LD	rk:5:0	false	2.1
1RB1RD_1LC0RC_0RD1LD_1RA0LB	rk:4:0	false	6.6
1RB1RD_1LC0RC_0RD1LD_1RA0LB	rk:5:0	false	31.6
1RB1RD_1LC0RC_1LC1LA_0LB0RD	rk:4:0	false	1.4
1RB1RD_1LC0RC_1LC1LA_0LB0RD	rk:5:0	false	3.9
1RB1RD_1LC0RD_0LD1LC_0RA1LC	rk:4:0	false	0.9
1RB1RD_1LC0RD_0LD1LC_0RA1LC	rk:5:0	false	1.2
1RB1RD_1LC0RD_0RA0LC_1LD1RA	rk:4:0	false	14.3
1RB1RD_1LC0RD_0RA0LC_1LD1RA	rk:5:0	false	86.8
1RB1RD_1LC0RD_0RB1LA_0LC0LA	rk:4:0	false	1.5
1RB1RD_1LC0RD_0RB1LA_0LC0LA	rk:5:0	false	4.0
1RB1RD_1LC0RD_1RB1LA_0RD0LC	rk:4:0	false	1.1
1RB1RD_1LC0RD_1RB1LA_0RD0LC	rk:5:0	false	2.1
1RB1RD_1LC1LA_0LB0RA_1LB0RD	rk:4:0	false	0.9
1RB1RD_1LC1LA_0LB0RA_1LB0RD	rk:5:0	false	1.4
1RB1RD_1LC1LA_0LB0RB_1LB0RD	rk:4:0	false	1.6
1RB1RD_1LC1LA_0LB0RB_1LB0RD	rk:5:0	false	5.6
1RB1RD_1LC1LA_0RA0LC_---1RA	rk:4:0	false	0.8
1RB1RD_1LC1LA_0RA0LC_---1RA	rk:5:0	false	0.7
1RB1RD_1LC1LA_0RB0LC_0RD0LA	rk:4:0	false	1.6
1RB1RD_1LC1LA_0RB0LC_0RD0LA	rk:5:0	false	5.4
1RB1RD_1LC1LB_0LD0LB_0RD0RA	rk:4:0	false	1.3
1RB1RD_1LC1LB_0LD0LB_0RD0RA	rk:5:0	false	4.1
1RB1RD_1LC1LB_0LD0LB_1RD0RA	rk:4:0	false	0.9
1RB1RD_1LC1LB_0LD0LB_1RD0RA	rk:5:0	false	1.3
1RB1RD_1LC1LB_0RA0LB_1LD0RA	rk:4:0	false	1.0
1RB1RD_1LC1LB_0RA0LB_1LD0RA	rk:5:0	false	1.2
1RB1RD_1LC1LB_0RD0LB_---0RA	rk:4:0	false	0.6
1RB1RD_1LC1LB_0RD0LB_---0RA	rk:5:0	false	0.7
1RB1RD_1LC1LB_1LD0LB_0RD0RA	rk:4:0	false	1.1
1RB1RD_1LC1LB_1LD0LB_0RD0RA	rk:5:0	false	1.8
1RB1RD_1LC1LB_1LD0LB_1RD0RA	rk:4:0	false	0.9
1RB1RD_1LC1LB_1LD0LB_1RD0RA	rk:5:0	false	1.2
1RB1RD_1LC1LB_1RA0LB_0RA0RD	rk:4:0	false	5.7
1RB1RD_1LC1LB_1RA0LB_0RA0RD	rk:5:0	false	36.7
1RB1RD_1LC1LB_1RA0LB_0RC0RD	rk:4:0	false	16.9
1RB1RD_1LC1LB_1RA0LB_0RC0RD	rk:5:0	false	123.0
1RB1RD_1LC1LD_0RD0LC_1RA0RB	rk:4:0	false	19.5
1RB1RD_1LC1LD_0RD0LC_1RA0RB	rk:5:0	false	185.7
1RB1RD_1LC1LD_1RA0LD_1LB0RA	rk:4:0	false	8.5
1RB1RD_1LC1LD_1RA0LD_1LB0RA	rk:5:0	false	7.4
1RB1RD_1LC1RA_1LD0LC_0RA0LA	rk:4:0	false	3.4
1RB1RD_1LC1RA_1LD0LC_0RA0LA	rk:5:0	true	8.7
1RB1RD_1LC1RA_1LD0LC_0RA0RB	rk:4:0	true	11.1
1RB1RD_1LC1RA_1LD0LC_0RA1LB	rk:4:0	true	3.8
1RB1RD_1LC1RA_1RA1LC_1RA0RB	rk:4:0	false	0.8
1RB1RD_1LC1RA_1RA1LC_1RA0RB	rk:5:0	false	0.8
1RB1RD_1LC1RB_0LC1LA_0RB0RD	rk:4:0	false	7.4
1RB1RD_1LC1RB_0LC1LA_0RB0RD	rk:5:0	false	62.2
1RB1RD_1LC1RB_1LC1LA_0LB0RD	rk:4:0	false	1.7
1RB1RD_1LC1RB_1LC1LA_0LB0RD	rk:5:0	false	5.2
1RB1RD_1LC1RB_1RA0LB_0RA0RD	rk:4:0	false	2.2
1RB1RD_1LC1RB_1RA0LB_0RA0RD	rk:5:0	false	7.6
1RB1RD_1LC1RC_0RA0LB_1LD1LB	rk:4:0	false	1.3
1RB1RD_1LC1RC_0RA0LB_1LD1LB	rk:5:0	true	1.2
1RB1RD_1LC1RC_1LA0LC_0RD0LA	rk:4:0	false	0.9
1RB1RD_1LC1RC_1LA0LC_0RD0LA	rk:5:0	false	1.2
1RB1RD_1RC0LB_1LD0RC_1RA1LB	rk:4:0	false	28.3
1RB1RD_1RC0LB_1LD0RC_1RA1LB	rk:5:0	false	277.6
1RB1RD_1RC0LC_1LC1LA_0LB0RD	rk:4:0	false	1.2
1RB1RD_1RC0LC_1LC1LA_0LB0RD	rk:5:0	false	2.8
1RB1RD_1RC0RA_1LA0LD_1RA1LC	rk:4:0	false	2.1
1RB1RD_1RC0RA_1LA0LD_1RA1LC	rk:5:0	false	4.1
1RB1RD_1RC0RD_0LD1LC_0RA1LC	rk:4:0	false	0.9
1RB1RD_1RC0RD_0LD1LC_0RA1LC	rk:5:0	false	1.3
1RB1RD_1RC1LA_0LB0RC_0LA1LD	rk:4:0	false	0.9
1RB1RD_1RC1LA_0LB0RC_0LA1LD	rk:5:0	false	1.0
1RB1RD_1RC1LB_1LA1RA_1RA0RC	rk:4:0	false	0.9
1RB1RD_1RC1LB_1LA1RA_1RA0RC	rk:5:0	true	1.0
1RB1RD_1RC1RA_1LD0LC_0RA0LC	rk:4:0	false	6.8
1RB1RD_1RC1RA_1LD0LC_0RA0LC	rk:5:0	false	45.3
1RB1RD_1RC1RD_1LD0LC_0RA0LC	rk:4:0	false	0.8
1RB1RD_1RC1RD_1LD0LC_0RA0LC	rk:5:0	false	0.9
