# spec	w6	w7	w8	exp	expL	expR	sides	gapratio	sweeps	shape	kind	hybrid	nblocks	nwords	junk	blocks
0RB---_0LC0RA_0LD1LC_1RA1RB	35	41	49	0.073	0.077	0.000	L	40958.50	1.00	log	counter	-	0	0	49	-
0RB---_0LC0RA_0LD1RA_1RB1LC	35	41	49	0.073	0.077	0.000	L	40958.50	1.00	log	counter	-	0	0	49	-
0RB---_0LC1RB_0LD0RA_1RA1LC	35	41	49	0.073	0.077	0.000	L	40957.50	1.00	log	counter	-	0	0	49	-
0RB---_1LC1LB_1RD1LA_0LB0RD	35	41	49	0.073	0.079	0.000	L	13652.50	1.00	log	counter	-	0	0	49	-
0RB---_1LC1RA_0LD---_0RA0LC	35	43	49	0.073	0.000	0.077	R	32766.50	0.98	log	counter	-	0	0	49	-
0RB---_1LC1RD_1LA1LB_0LB0RD	36	42	50	0.071	0.077	0.000	L	40958.50	0.98	log	counter	-	0	0	50	-
0RB---_1RC---_1LD0RC_0LD0LA	20	23	26	0.057	0.000	0.060	R	2.00	1.88	log	counter	-	0	0	26	-
0RB---_1RC0LA_1LD0RC_0LD1LA	19	23	26	0.068	0.000	0.071	R	2.00	1.88	log	counter	-	0	0	26	-
0RB---_1RC0RB_1LD1RB_1LA0LD	36	42	50	0.071	0.000	0.075	R	40958.50	0.96	log	counter	-	0	0	50	-
0RB0LA_0LC0RD_1LA1LC_1RB1LD	205	437	935	0.330	0.337	0.324	LR	1.00	1.01	cube	sweepctr	-	8	2	13	2:01:108 2:01:282 2:01:127 2:01:205 2:01:103 2:01:52 2:01:27 7:0010101:18
0RB0LA_0LC0RD_1LA1LC_1RC1RD	34	40	48	0.075	0.000	0.079	R	45052.50	1.94	log	counter	-	1	1	31	4:0001:17
0RB0LA_0LC0RD_1LA1RD_1RC---	36	42	48	0.062	0.000	0.066	R	24574.50	1.00	log	counter	-	1	1	31	8:00000101:17
0RB0LA_0LC1RD_0RD1LC_1LA1RB	19	22	25	0.060	0.000	0.062	R	2.00	2.96	log	counter	-	0	0	25	-
0RB0LA_0RC1LD_1LA1RD_1RC---	35	43	49	0.073	0.000	0.075	R	32766.50	0.94	log	counter	-	0	0	49	-
0RB0LA_0RC1RB_0LD1RC_1LA1LD	19	23	26	0.068	0.000	0.071	R	2.00	22.12	log	counter	-	0	0	26	-
0RB0LA_0RC1RB_1LD---_1LA---	35	43	49	0.073	0.000	0.075	R	32766.50	0.98	log	counter	-	0	0	49	-
0RB0LA_0RC1RC_1LD0LD_1LA1RB	19	23	26	0.068	0.000	0.071	R	2.00	1.88	log	counter	-	0	0	26	-
0RB0LA_0RC1RC_1LD1RB_1LA---	35	43	49	0.073	0.000	0.075	R	32766.50	0.98	log	counter	-	0	0	49	-
0RB0LA_0RC1RC_1LD1RD_1LA1RB	28	33	37	0.061	0.000	0.062	R	2.00	1.31	log	counter	-	0	0	37	-
0RB0LA_0RC1RD_1LA1LC_0LC1RB	34	42	48	0.075	0.000	0.077	R	10921.17	10.79	log	counter	-	0	0	48	-
0RB0LA_0RC1RD_1LD---_1LA1RB	35	43	49	0.073	0.000	0.075	R	32766.50	0.98	log	counter	-	0	0	49	-
0RB0LA_1LA0LC_0RD1LC_1RB1RD	18	22	25	0.071	0.000	0.075	R	2.00	3.88	log	counter	-	0	0	25	-
0RB0LA_1LA0RC_0LD1RC_1RB1LD	18	22	25	0.071	0.000	0.075	R	2.00	1.96	log	counter	-	0	0	25	-
0RB0LA_1LA0RC_1LD---_1RD1RB	34	42	48	0.075	0.000	0.077	R	10921.83	1.00	log	counter	-	0	0	48	-
0RB0LA_1LA0RC_1LD1RB_1RC---	34	42	48	0.075	0.000	0.077	R	10921.83	1.00	log	counter	-	0	0	48	-
0RB0LA_1LA0RC_1LD1RB_1RD1RC	50	59	68	0.067	0.000	0.068	R	1.00	0.67	log	counter	-	2	2	27	1:0:20 3:001:21
0RB0LA_1LA1LC_0RD0LC_1RD1RB	18	22	25	0.071	0.000	0.075	R	2.00	3.88	log	counter	-	0	0	25	-
0RB0LA_1LA1LC_0RD1LB_1RB1RD	34	40	46	0.066	0.000	0.067	R	24572.50	1.98	log	counter	-	0	0	46	-
0RB0LA_1LA1LC_0RD1LC_1RB1RD	34	40	46	0.066	0.000	0.067	R	24572.50	1.98	log	counter	-	0	0	46	-
0RB0LA_1LA1LC_0RD1RD_1LB1RC	36	42	48	0.062	0.000	0.064	R	28670.50	1.04	log	counter	-	1	1	32	8:00111111:16
0RB0LA_1LA1RC_0LC1RD_1RB---	34	42	48	0.075	0.000	0.077	R	10921.83	1.00	log	counter	-	0	0	48	-
0RB0LA_1LA1RC_0LD---_1RB1RD	34	42	48	0.075	0.000	0.077	R	10921.83	1.00	log	counter	-	0	0	48	-
0RB0LA_1LA1RC_0LD0RC_1LD1RB	18	22	25	0.071	0.000	0.075	R	2.00	1.96	log	counter	-	0	0	25	-
0RB0LA_1LA1RC_0LD1RB_0RC1LD	19	22	26	0.068	0.000	0.071	R	2.00	2.92	log	counter	-	1	1	7	7:0000011:19
0RB0LA_1LA1RC_0RD1RB_1LB---	36	42	48	0.062	0.000	0.064	R	24574.50	1.00	log	counter	-	0	0	48	-
0RB0LA_1LA1RC_0RD1RC_1LB---	36	42	48	0.062	0.000	0.064	R	24574.50	1.00	log	counter	-	0	0	48	-
0RB0LA_1LA1RC_0RD1RD_1LB0LB	20	23	26	0.057	0.000	0.060	R	2.00	1.88	log	counter	-	0	0	26	-
0RB0LA_1LA1RC_0RD1RD_1LB1RB	28	32	38	0.066	0.000	0.068	R	2.00	1.32	log	counter	-	0	0	38	-
0RB0LA_1LA1RC_0RD1RD_1LB1RC	36	42	48	0.062	0.000	0.064	R	24574.50	1.00	log	counter	-	0	0	48	-
0RB0LA_1LA1RC_1LA1RD_1RB---	27	33	38	0.074	0.000	0.077	R	2.00	1.32	log	counter	-	0	0	38	-
0RB0LA_1LA1RC_1LA1RD_1RC---	35	41	49	0.073	0.000	0.075	R	40958.50	1.02	log	counter	-	0	0	49	-
0RB0LA_1LA1RC_1LB1LD_0RC1RD	35	43	49	0.073	0.000	0.075	R	36862.50	0.98	log	counter	-	1	1	31	8:00001111:18
0RB0LA_1LA1RC_1LB1RD_1RB---	50	59	71	0.076	0.000	0.077	R	0.33	0.67	log	counter	-	1	1	51	9:000001001:20
0RB0LA_1LA1RC_1LC1RD_---1RB	34	42	48	0.075	0.000	0.077	R	10921.83	1.00	log	counter	-	0	0	48	-
0RB0LA_1LA1RC_1LD---_1RB1RD	50	59	71	0.076	0.000	0.077	R	0.33	0.67	log	counter	-	1	1	51	9:000001001:20
0RB0LA_1LA1RC_1LD1RB_0RB1LD	34	40	46	0.066	0.000	0.067	R	584.54	1.98	log	counter	-	0	0	46	-
0RB0LA_1LA1RC_1LD1RB_0RC1LD	33	41	47	0.077	0.000	0.079	R	762.38	1.98	log	counter	-	0	0	47	-
0RB0LA_1LA1RC_1RB---_------	36	42	48	0.062	0.000	0.064	R	24574.50	1.00	log	counter	-	1	1	31	8:00000101:17
0RB0LA_1LA1RC_1RD---_0LD1RB	28	32	37	0.061	0.000	0.062	R	2.00	1.31	log	counter	-	0	0	37	-
0RB0LA_1LA1RC_1RD---_1LA1RB	28	32	38	0.066	0.000	0.068	R	2.00	1.32	log	counter	-	0	0	38	-
0RB0LA_1LA1RC_1RD---_1LA1RC	36	42	48	0.062	0.000	0.064	R	24574.50	1.00	log	counter	-	1	1	31	8:00000101:17
0RB0LA_1LA1RC_1RD---_1RB---	50	62	71	0.076	0.000	0.077	R	1.00	0.67	log	counter	-	2	1	34	6:000001:20 6:000001:17
0RB0LA_1LA1RC_1RD0RD_1LB1RB	50	62	71	0.076	0.000	0.077	R	3.00	0.67	log	counter	-	2	1	34	6:000011:19 6:000011:18
0RB0LA_1LA1RC_1RD1RB_1LB---	50	59	71	0.076	0.000	0.077	R	3.00	0.67	log	counter	-	1	1	51	9:000001001:20
0RB0LA_1LC---_0RD1LA_1RB1RD	36	42	48	0.062	0.000	0.064	R	24574.50	1.00	log	counter	-	0	0	48	-
0RB0LA_1LC0LC_0RD1LA_1RD1RB	19	23	26	0.068	0.000	0.071	R	2.00	1.96	log	counter	-	0	0	26	-
0RB0LA_1LC0RA_1LD---_1RB0LC	35	41	49	0.073	0.077	0.000	L	40958.50	1.00	log	counter	-	0	0	49	-
0RB0LA_1LC0RC_1LA1RD_0RB1RC	37	43	49	0.061	0.000	0.064	R	28670.50	0.98	log	counter	-	1	1	33	8:00111111:16
0RB0LA_1LC0RC_1LA1RD_1RB1RC	51	60	72	0.075	0.000	0.077	R	3.00	0.66	log	counter	-	2	1	34	9:000001001:20 9:000001001:18
0RB0LA_1LC0RC_1LA1RD_1RC---	37	43	49	0.061	0.000	0.064	R	28670.50	0.98	log	counter	-	1	1	32	8:00010101:17
0RB0LA_1LC0RD_1LA1LB_1RC1RD	55	65	77	0.073	0.000	0.075	R	337951.50	0.99	log	counter	-	0	0	77	-
0RB0LA_1LC0RD_1LA1LC_1RC1RD	35	41	47	0.064	0.000	0.067	R	26620.50	1.89	log	counter	-	1	1	30	8:00000001:17
0RB0LA_1LC0RD_1LA1RD_1LB1RC	54	66	76	0.074	0.000	0.077	R	102409.17	1.00	log	counter	-	0	0	76	-
0RB0LA_1LC0RD_1LD0LC_1RB1RA	1341	4241	13417	0.500	0.500	0.500	LR	5946.50	0.37	sqrt	bouncer_part	sqrt+sqrt	3	3	10	5:01011:7457 8:00101101:615 8:00101011:5335
0RB0LA_1LC1LD_0RD1RC_1LA1RB	35	43	49	0.073	0.000	0.075	R	36862.50	0.98	log	counter	-	1	1	31	8:00001111:18
0RB0LA_1LC1LD_1RD0RD_1LA0RC	925	3109	9826	0.513	0.000	0.514	R	1.00	0.00	sqrt	bouncer_part	sqrt+fix	3	2	15	1:0:6572 1:0:769 1:1:2470
0RB0LA_1LC1RB_0RD0LC_1RD1LA	18	22	25	0.071	0.000	0.075	R	2.00	3.96	log	counter	-	0	0	25	-
0RB0LA_1LC1RB_1LA0RD_0RA1RC	1414	4476	14138	0.500	0.503	0.494	LR	1409.50	0.25	sqrt	bouncer_part	sqrt+sqrt	2	2	20	2:01:6542 1:1:7576
0RB0LA_1LC1RD_0LD1LA_0RD1RB	27	32	37	0.068	0.000	0.073	R	1.62	1.86	log	counter	-	1	1	21	8:00111111:16
0RB0LA_1LC1RD_0RB0LA_1RB---	36	42	48	0.062	0.000	0.064	R	24574.50	1.00	log	counter	-	1	1	31	8:00000101:17
0RB0LA_1LC1RD_0RB1LC_1LA1RB	33	39	47	0.077	0.000	0.079	R	802.54	1.98	log	counter	-	1	1	27	10:0001000101:20
0RB0LA_1LC1RD_0RC1LA_1RB1RC	24	28	32	0.062	0.000	0.065	R	26242.50	1.97	log	counter	-	0	0	32	-
0RB0LA_1LC1RD_0RD0LC_1RB1LA	30	36	42	0.073	0.000	0.075	R	24574.50	2.02	log	counter	-	1	1	25	6:000101:17
0RB0LA_1LC1RD_0RD1LA_---1RB	26	31	36	0.071	0.000	0.073	R	1.62	1.97	log	counter	-	0	0	36	-
0RB0LA_1LC1RD_0RD1LC_1LA1RB	34	40	46	0.066	0.000	0.067	R	584.54	1.98	log	counter	-	0	0	46	-
0RB0LA_1LC1RD_1LA0LC_1RB0RD	112	145	198	0.124	0.125	0.124	LR	3.57	0.38	log	counter	-	0	0	198	-
0RB0LA_1RC---_0LC1RD_1LA1RB	27	33	37	0.068	0.000	0.071	R	2.00	1.31	log	counter	-	0	0	37	-
0RB0LA_1RC---_0LD1RB_1LA1RD	35	41	49	0.073	0.000	0.075	R	40958.50	0.98	log	counter	-	0	0	49	-
0RB0LA_1RC---_1LA0LD_1RB1RD	35	41	49	0.073	0.000	0.075	R	40958.50	0.98	log	counter	-	0	0	49	-
0RB0LA_1RC---_1LA1LD_1RB1RD	51	60	69	0.066	0.000	0.067	R	1.00	0.66	log	counter	-	2	2	28	1:0:20 3:001:21
0RB0LA_1RC---_1LA1RB_------	35	43	49	0.073	0.000	0.075	R	32766.50	0.98	log	counter	-	0	0	49	-
0RB0LA_1RC---_1LA1RD_0LD1RB	35	41	49	0.073	0.000	0.075	R	13652.50	0.98	log	counter	-	0	0	49	-
0RB0LA_1RC---_1LA1RD_1LA1RB	28	33	37	0.061	0.000	0.062	R	2.00	1.31	log	counter	-	0	0	37	-
0RB0LA_1RC---_1LA1RD_1LC1RB	51	60	69	0.066	0.000	0.067	R	0.33	0.66	log	counter	-	2	2	28	1:0:20 3:001:21
0RB0LA_1RC---_1LA1RD_1RB---	51	60	72	0.075	0.000	0.076	R	1.00	0.66	log	counter	-	1	1	52	9:000001001:20
0RB0LA_1RC---_1LA1RD_1RC---	35	43	49	0.073	0.000	0.075	R	32766.50	0.98	log	counter	-	0	0	49	-
0RB0LA_1RC---_1LC1RD_1RB1LA	51	60	69	0.066	0.000	0.067	R	1.00	0.66	log	counter	-	2	2	28	1:0:20 3:001:21
0RB0LA_1RC---_1LD1RB_---0LA	35	43	49	0.073	0.000	0.075	R	32766.50	0.98	log	counter	-	0	0	49	-
0RB0LA_1RC---_1LD1RD_1RB0LA	51	60	72	0.075	0.000	0.076	R	1.00	0.66	log	counter	-	1	1	52	9:000001001:20
0RB0LA_1RC---_1RD---_1LA1RB	52	61	70	0.065	0.000	0.066	R	1.00	0.65	log	counter	-	2	2	29	1:0:20 3:001:21
0RB0LA_1RC---_1RD---_1LA1RC	36	42	50	0.071	0.000	0.073	R	40958.50	0.96	log	counter	-	0	0	50	-
0RB0LA_1RC---_1RD0LA_1LC1RB	52	61	70	0.065	0.000	0.066	R	1.00	0.65	log	counter	-	2	2	29	1:0:20 3:001:21
0RB0LA_1RC---_1RD1RB_1LA0LC	36	42	48	0.062	0.000	0.064	R	24574.50	0.96	log	counter	-	0	0	48	-
0RB0LA_1RC0LA_1LB1RD_1RB---	51	60	72	0.075	0.000	0.076	R	1.00	0.66	log	counter	-	1	1	52	9:000001001:20
0RB0LA_1RC0LA_1LB1RD_1RC---	35	43	49	0.073	0.000	0.075	R	32766.50	0.98	log	counter	-	0	0	49	-
0RB0LA_1RC0LA_1RD---_1LB1RB	52	61	70	0.065	0.000	0.066	R	1.00	0.65	log	counter	-	2	2	29	1:0:20 3:001:21
0RB0LA_1RC0LA_1RD---_1LB1RC	36	42	50	0.071	0.000	0.073	R	40958.50	0.96	log	counter	-	0	0	50	-
0RB0LA_1RC0LC_1LA0RD_1LC0RD	20	23	27	0.065	0.000	0.068	R	2.00	1.88	log	counter	-	0	0	27	-
0RB0LA_1RC0LC_1LA1RD_1LC0RD	20	24	27	0.065	0.000	0.068	R	2.00	1.81	log	counter	-	0	0	27	-
0RB0LA_1RC0LC_1LD0RC_1LA0LA	26	31	35	0.065	0.000	0.067	R	1.62	1.91	log	counter	-	0	0	35	-
0RB0LA_1RC0LC_1LD0RC_1LA1RC	26	31	36	0.071	0.000	0.073	R	1.62	1.86	log	counter	-	1	1	17	9:011011111:19
0RB0LA_1RC0LD_0RD1RB_1LA---	36	42	48	0.062	0.000	0.064	R	24574.50	0.96	log	counter	-	0	0	48	-
0RB0LA_1RC0LD_1LA0RC_1LD1RB	18	22	25	0.071	0.000	0.075	R	2.00	1.88	log	counter	-	0	0	25	-
0RB0LA_1RC0LD_1LA1RD_1LC0RD	26	31	36	0.071	0.000	0.073	R	1.62	1.86	log	counter	-	1	1	20	5:01011:16
0RB0LA_1RC0RC_0LD1RB_1LA1LD	56	63	74	0.061	0.000	0.062	R	1.01	1.90	log	counter	-	0	0	74	-
0RB0LA_1RC0RC_1LD0LD_1RB1LA	19	23	26	0.068	0.000	0.071	R	2.00	1.88	log	counter	-	0	0	26	-
0RB0LA_1RC0RC_1LD1LA_1LB1RD	35	41	49	0.073	0.000	0.075	R	8191.30	0.94	log	counter	-	0	0	49	-
0RB0LA_1RC0RC_1LD1RB_1LA0LD	54	62	71	0.059	0.000	0.061	R	1.24	0.93	log	counter	-	0	0	71	-
0RB0LA_1RC0RC_1RD1RC_1LA1LD	35	41	49	0.073	0.000	0.077	R	45052.50	1.85	log	counter	-	1	1	32	4:0001:17
0RB0LA_1RC0RD_1LA1LC_1RB1RD	49	58	70	0.077	0.000	0.080	R	1.00	1.29	log	counter	-	2	2	11	15:000001001001001:38 6:000001:21
0RB0LA_1RC0RD_1LA1LC_1RC1RD	34	42	48	0.075	0.000	0.079	R	36860.50	1.89	log	counter	-	0	0	48	-
0RB0LA_1RC0RD_1RD1RB_1LA1LB	49	61	70	0.077	0.000	0.079	R	1.00	0.65	log	counter	-	1	1	53	6:000001:17
0RB0LA_1RC1LA_1LD1RB_0RC0LD	29	35	41	0.075	0.000	0.077	R	17406.50	1.98	log	counter	-	0	0	41	-
0RB0LA_1RC1LA_1RD---_1LD1RB	52	61	70	0.065	0.000	0.066	R	1.00	0.65	log	counter	-	2	2	22	12:000001001001:30 9:000001001:18
0RB0LA_1RC1LA_1RD0RD_1LB0LB	20	23	27	0.065	0.000	0.068	R	2.00	1.81	log	counter	-	0	0	27	-
0RB0LA_1RC1LA_1RD1RB_0LB---	36	42	50	0.071	0.000	0.073	R	40958.50	0.96	log	counter	-	0	0	50	-
0RB0LA_1RC1LA_1RD1RC_1LB---	36	42	50	0.071	0.000	0.073	R	40958.50	0.96	log	counter	-	0	0	50	-
0RB0LA_1RC1LB_0RD1RD_1LA1RB	65	77	89	0.068	0.000	0.069	R	3.00	0.49	log	counter	-	3	3	14	12:000000000001:24 8:00000001:23 4:0001:28
0RB0LA_1RC1LB_1LA0RD_0LB1RD	19	22	26	0.068	0.000	0.071	R	2.00	1.88	log	counter	-	0	0	26	-
0RB0LA_1RC1LB_1RD1RB_1LA0RD	64	80	92	0.079	0.000	0.080	R	0.60	0.49	log	counter	-	3	1	23	8:00000001:21 8:00000001:24 8:00000001:24
0RB0LA_1RC1LC_0LC1RD_1LA0RD	20	23	27	0.065	0.000	0.068	R	2.00	1.88	log	counter	-	0	0	27	-
0RB0LA_1RC1LC_1LA0RD_0RC0LC	35	41	47	0.064	0.000	0.066	R	28667.50	0.98	log	counter	-	1	1	28	8:01010111:19
0RB0LA_1RC1LC_1LA1LD_0RC1RD	35	41	49	0.073	0.000	0.075	R	40958.50	0.98	log	counter	-	0	0	49	-
0RB0LA_1RC1LD_0RD0LD_1LA1RB	34	42	48	0.075	0.000	0.077	R	32766.50	0.96	log	counter	-	0	0	48	-
0RB0LA_1RC1LD_0RD1RC_1LA---	36	42	48	0.062	0.000	0.064	R	24574.50	0.96	log	counter	-	0	0	48	-
0RB0LA_1RC1LD_0RD1RD_1LA1RB	52	61	70	0.065	0.000	0.066	R	1.00	0.65	log	counter	-	2	2	22	12:000011011011:30 9:000011011:18
0RB0LA_1RC1LD_1LA0RC_0LD0LA	20	23	26	0.057	0.000	0.060	R	2.00	1.88	log	counter	-	0	0	26	-
0RB0LA_1RC1LD_1LA0RC_0LD1RC	20	23	26	0.057	0.000	0.060	R	2.00	1.88	log	counter	-	0	0	26	-
0RB0LA_1RC1LD_1LA0RC_1RD1RB	51	60	69	0.066	0.000	0.067	R	0.20	0.66	log	counter	-	3	3	10	6:000001:21 3:001:20 9:000001001:18
0RB0LA_1RC1RB_0LD0RC_1LD1LA	19	23	26	0.068	0.000	0.071	R	2.00	22.12	log	counter	-	0	0	26	-
0RB0LA_1RC1RB_0LD1LC_0RA1LA	27	31	36	0.062	0.000	0.067	R	1.62	1.86	log	counter	-	1	1	20	5:00001:16
0RB0LA_1RC1RB_0LD1LC_0RD1LA	26	31	36	0.071	0.000	0.076	R	1.62	1.86	log	counter	-	0	0	36	-
0RB0LA_1RC1RB_0RD---_1LD1LA	52	61	70	0.065	0.000	0.066	R	1.00	0.65	log	counter	-	3	3	15	8:01111111:17 1:0:17 1:1:21
0RB0LA_1RC1RB_1LA0LD_0RB1LD	19	22	25	0.060	0.000	0.062	R	2.00	3.71	log	counter	-	0	0	25	-
0RB0LA_1RC1RB_1LA0LD_0RC1LD	18	22	25	0.071	0.000	0.075	R	2.00	3.71	log	counter	-	0	0	25	-
0RB0LA_1RC1RB_1LA0RD_1LD1LA	34	40	46	0.066	0.000	0.067	R	1.00	1.31	log	counter	-	0	0	46	-
0RB0LA_1RC1RB_1LA1LD_0RB1LD	33	41	47	0.077	0.000	0.079	R	32764.50	1.93	log	counter	-	0	0	47	-
0RB0LA_1RC1RB_1LA1RD_0LB---	35	41	49	0.073	0.000	0.075	R	13652.50	0.98	log	counter	-	0	0	49	-
0RB0LA_1RC1RB_1LA1RD_1LB---	51	60	69	0.066	0.000	0.067	R	0.33	0.66	log	counter	-	2	2	28	1:0:20 3:001:21
0RB0LA_1RC1RB_1LD---_---1LA	35	43	49	0.073	0.000	0.075	R	32766.50	0.98	log	counter	-	0	0	49	-
0RB0LA_1RC1RB_1LD0RC_1LB0LA	51	60	69	0.066	0.000	0.067	R	0.20	0.66	log	counter	-	3	3	10	6:000001:21 3:001:20 9:000001001:18
0RB0LA_1RC1RB_1RD---_1LA0LB	36	42	48	0.062	0.000	0.064	R	24574.50	0.96	log	counter	-	0	0	48	-
0RB0LA_1RC1RB_1RD---_1LA1LB	52	61	70	0.065	0.000	0.066	R	1.00	0.65	log	counter	-	2	2	23	12:000001001001:29 9:000001001:18
0RB0LA_1RC1RD_0LB1RB_1LA---	35	41	49	0.073	0.000	0.075	R	40958.50	0.98	log	counter	-	0	0	49	-
0RB0LA_1RC1RD_0LD---_1RB1LA	35	43	49	0.073	0.000	0.075	R	32766.50	0.98	log	counter	-	0	0	49	-
0RB0LA_1RC1RD_1LA0LB_1RB---	35	41	49	0.073	0.000	0.075	R	40958.50	0.98	log	counter	-	0	0	49	-
0RB0LA_1RC1RD_1LA0RD_1LD1RB	51	60	69	0.066	0.000	0.067	R	0.20	0.66	log	counter	-	3	3	10	6:000001:21 3:001:20 9:000001001:18
0RB0LA_1RC1RD_1LA1LB_---1RB	35	41	49	0.073	0.000	0.075	R	40958.50	0.98	log	counter	-	0	0	49	-
0RB0LA_1RC1RD_1LB1RB_---1LA	35	41	49	0.073	0.000	0.075	R	40958.50	0.98	log	counter	-	0	0	49	-
0RB0LA_1RC1RD_1LC1LA_---1RB	35	43	49	0.073	0.000	0.075	R	32766.50	0.98	log	counter	-	0	0	49	-
0RB0LA_1RC1RD_1LD---_1LA1RB	49	61	70	0.077	0.000	0.079	R	3.00	0.65	log	counter	-	1	1	53	6:000001:17
0RB0LA_1RC1RD_1LD1RB_---1LA	23	29	33	0.078	0.000	0.081	R	13120.50	1.91	log	counter	-	0	0	33	-
0RB0LB_0RC0LA_1RD1RC_1LA1LD	34	40	48	0.075	0.000	0.077	R	40956.50	1.85	log	counter	-	1	1	28	10:0001000101:20
0RB0LB_0RC1LB_1LA1RC_------	146	312	671	0.331	0.000	0.332	R	1.00	0.00	cube	sweepctr	-	2	1	3	1:1:504 1:1:164
0RB0LB_0RC1LB_1LA1RD_0LD1RC	145	312	670	0.332	0.000	0.334	R	1.00	0.00	cube	sweepctr	-	2	1	3	1:1:172 1:1:495
0RB0LB_0RC1LB_1LA1RD_1LA1RC	146	312	671	0.331	0.000	0.332	R	1.00	0.00	cube	sweepctr	-	2	1	3	1:1:504 1:1:164
0RB0LB_0RC1LB_1LA1RD_1LA1RD	146	312	671	0.331	0.000	0.332	R	1.00	0.00	cube	sweepctr	-	2	1	3	1:1:504 1:1:164
0RB0LB_0RC1LB_1LD1RC_0LA1LA	183	392	844	0.332	0.000	0.333	R	1.00	1.00	cube	sweepctr	-	2	1	3	1:1:223 1:1:618
0RB0LB_0RC1LB_1LD1RC_0RB1LA	183	392	844	0.332	0.000	0.333	R	1.00	0.00	cube	sweepctr	-	2	1	3	1:1:223 1:1:618
0RB0LB_0RC1LB_1LD1RC_0RC1LA	183	392	844	0.332	0.000	0.333	R	1.00	0.00	cube	sweepctr	-	2	1	3	1:1:219 1:1:622
0RB0LB_0RC1LB_1LD1RC_0RD1LA	183	392	844	0.332	0.000	0.333	R	1.00	0.00	cube	sweepctr	-	2	1	3	1:1:227 1:1:614
0RB0LB_0RC1LB_1LD1RC_1LA0RA	226	492	1060	0.336	0.339	0.334	LR	1.00	1.00	cube	sweepctr	-	2	1	2	1:1:432 1:1:626
0RB0LB_0RC1LB_1LD1RC_1LA1LA	228	494	1062	0.334	0.337	0.333	LR	1.00	1.00	cube	sweepctr	-	2	1	2	1:1:440 1:1:620
0RB0LB_0RC1LB_1LD1RC_1RA1LA	228	494	1062	0.334	0.337	0.333	LR	1.00	1.00	cube	sweepctr	-	2	1	2	1:1:448 1:1:612
0RB0LB_0RC1LB_1LD1RD_1LA1RD	182	392	844	0.333	0.337	0.331	LR	1.00	1.00	cube	sweepctr	-	2	1	2	1:1:616 1:1:226
0RB0LB_0RC1LB_1RD1RC_1LD0LA	288	620	1338	0.334	0.000	0.334	R	217469.50	0.00	cube	sweepctr	-	3	2	2	1:0:669 1:1:501 1:1:166
0RB0LB_0RC1LD_1LA1RC_0RC1LB	146	312	671	0.331	0.000	0.332	R	1.00	0.00	cube	sweepctr	-	2	1	3	1:1:504 1:1:164
0RB0LB_0RC1LD_1LA1RC_0RC1LD	146	312	671	0.331	0.000	0.332	R	1.00	0.00	cube	sweepctr	-	2	1	3	1:1:504 1:1:164
0RB0LB_0RC1LD_1LA1RC_0RD1LB	145	312	670	0.332	0.000	0.334	R	1.00	0.00	cube	sweepctr	-	2	1	3	1:1:174 1:1:493
0RB0LB_0RC1LD_1LB1RC_0LA1LA	47	57	67	0.077	0.000	0.078	R	1.33	1.29	log	counter	-	1	1	44	9:011111111:23
0RB0LB_1LC0LD_1RD0RA_1LB0RC	55772	557634	5576222	1.000	0.000	1.000	R	0.33	0.00	lin	linear	-	-	-	-	wide
0RB0LB_1LC0RC_1RD0LA_1RB1RC	2121	6712	21219	0.500	0.069	0.502	LR	1.00	0.01	sqrt	bouncer_part	sqrt+log	12	3	3	8:01101111:16 3:011:24 3:011:44 3:011:87 3:011:167 3:011:331 3:011:665 3:011:1329 3:011:2650 3:011:5303 3:011:3769 3:001:6831
0RB0LB_1LC0RD_1LA0LA_1LB1RB	59	71	84	0.077	0.073	0.079	LR	1.00	1.48	log	counter	-	2	2	46	1:1:19 8:01111111:19
0RB0LB_1LC0RD_1LA1RB_1LC1RD	1420	4480	14151	0.499	0.057	0.501	LR	3529.83	0.01	sqrt	bouncer_part	sqrt+log	9	2	36	15:001111111111111:36 1:1:55 1:1:110 1:1:220 1:1:441 1:1:883 1:1:1767 1:1:3534 1:1:7069
0RB0LB_1LC1LB_0RC0RD_1LA1RD	145	311	670	0.332	0.000	0.334	R	1.00	2.00	cube	sweepctr	-	2	1	3	1:1:502 1:1:165
0RB0LB_1LC1RA_0LD0LC_1RD1LB	1447	6131	17483	0.541	0.542	0.040	LR	13581.50	0.00	sqrt	bouncer_part	sqrt+log	6	4	8	1:1:3536 1:0:10058 8:00110111:19 8:00110111:27 4:0011:3795 4:0011:40
0RB0LB_1LC1RD_0LD0LC_1RA1LC	1588	5009	15821	0.499	0.501	0.037	LR	11840.50	0.00	sqrt	bouncer_part	sqrt+log	6	2	41	3:011:9368 3:001:2487 3:001:2959 3:001:739 3:001:183 3:001:44
0RB0LB_1LC1RD_1LA0RD_1RB1RC	1045	3368	10588	0.503	0.498	0.504	LR	3.00	0.53	sqrt	bouncer	sqrt+sqrt	334	27	2727	16:0101010101010111:35 12:010101110111:28 8:01010111:19 10:0101110111:25 2:01:21 8:01010111:17 2:01:27 12:010101110111:27 2:01:19 6:010111:16 2:01:23 2:01:43 16:0101011101110111:37 10:0101110111:23 8:01010111:17 14:01011101110111:37 4:0111:31 16:0101011101110111:39 2:01:23 2:01:17 4:0111:20 2:01:16 6:010111:19 6:010111:21 4:0111:19 2:01:17 4:0111:16 2:01:19 6:010111:19 6:010111:21 2:01:17 14:01011101110111:32 2:01:23 8:01010111:17 14:01010101010111:28 4:0111:19 10:0101110111:27 10:0101110111:23 2:01:21 4:0111:40 8:01010111:19 10:0101110111:23 6:010111:30 6:010111:19 8:01010111:19 8:01010111:21 4:0111:18 4:0111:22 2:01:16 6:010111:16 4:0111:31 10:0101110111:22 16:0101010101010111:35 4:0111:30 10:0101110111:37 10:0101010111:25 2:01:17 16:0101010101010111:35 6:010111:25 4:0111:23 12:010101110111:24 4:0111:19 10:0101110111:26 8:01010111:19 4:0111:23 10:0101110111:29 2:01:17 4:0111:19 8:01010111:17 2:01:17 10:0101110111:23 4:0111:16 8:01010111:19 6:010111:19 14:01010101110111:31 10:0101110111:26 6:010111:17 12:010101010111:24 14:01011101110111:28 12:010101010111:27 6:010111:21 2:01:20 14:01011101110111:37 10:0101010111:23 6:010111:19 6:010111:17 2:01:21 14:01011101110111:32 2:01:18 12:010101110111:27 16:0101011101110111:37 14:01011101110111:31 8:01010111:19 10:0101010111:22 10:0101110111:25 2:01:17 6:010111:19 12:010101010111:24 12:010101010111:27 4:0111:19 10:0101110111:26 6:010111:19 4:0111:23 4:0111:31 6:010111:19 4:0111:19 8:01010111:23 10:0101110111:23 16:0101010101010111:32 4:0111:19 4:0111:19 4:0111:19 16:0101011101110111:39 10:0101110111:29 6:010111:20 12:010101110111:26 6:010111:33 10:0101110111:23 10:0101010111:29 4:0111:19 2:01:17 4:0111:19 4:0111:23 4:0111:19 6:010111:25 6:010111:16 10:0101110111:20 14:01010101010111:30 14:01011101110111:40 6:010111:31 10:0101010111:25 2:01:17 4:0111:19 8:01010111:19 2:01:19 6:010111:25 4:0111:23 6:010111:25 14:01011101110111:33 6:010111:23 2:01:19 6:010111:39 4:0111:19 16:0101010101010111:36 2:01:23 8:01010111:19 16:0101011101110111:37 4:0111:16 8:01010111:21 6:010111:25 10:0101110111:20 10:0101110111:25 2:01:19 2:01:21 4:0111:20 8:01010111:17 4:0111:19 16:0101011101110111:34 4:0111:26 12:010101010111:27 14:01011101110111:34 4:0111:16 4:0111:23 12:010101110111:31 10:0101110111:29 2:01:18 10:0101110111:24 16:0101010101010111:34 4:0111:28 4:0111:19 4:0111:19 2:01:19 14:01011101110111:28 10:0101110111:20 2:01:17 12:010101110111:24 10:0101110111:29 8:01010111:17 12:010101010111:27 10:0101110111:25 4:0111:19 2:01:21 10:0101110111:24 10:0101110111:22 4:0111:19 10:0101110111:25 4:0111:23 14:01110111011111:28 1:1:35 6:011111:21 10:0111011111:26 8:01111111:16 4:0111:23 4:0111:19 6:011111:25 8:01111111:19 4:0111:19 4:0111:18 1:1:18 14:01110111011111:28 14:01110111111111:31 6:011111:31 10:0111011111:31 10:0111011111:33 16:0111011111011111:41 4:0111:16 8:01111111:17 14:01110111011111:28 4:0111:39 1:1:17 4:0111:23 6:011111:19 6:011111:19 10:0111011111:29 6:011111:17 1:1:23 16:0111011111111111:39 8:01111111:19 6:011111:19 16:0111011101111111:36 1:1:17 6:011111:21 1:1:16 1:1:29 6:011111:19 6:011111:19 14:01110111011111:36 1:1:35 16:0111011111011111:39 10:0111011111:22 16:0111011111011111:35 10:0111011111:24 10:0111011111:24 6:011111:21 4:0111:16 4:0111:19 4:0111:23 1:1:16 6:011111:19 16:0111111111111111:35 14:01110111011111:35 1:1:17 10:0111011111:20 4:0111:19 8:01111111:19 8:01111111:19 8:01111111:20 12:011101111111:27 14:01110111011111:32 4:0111:19 6:011111:20 1:1:16 4:0111:27 8:01111111:17 10:0111011111:24 1:1:17 6:011111:16 1:1:19 1:1:19 10:0111011111:24 10:0111011111:28 1:1:35 10:0111111111:23 1:1:22 12:011101111111:32 1:1:19 10:0111011111:20 10:0111011111:25 1:1:23 1:1:19 1:1:17 1:1:21 4:0111:19 1:1:21 4:0111:19 14:01111111111111:31 6:011111:19 8:01111111:19 1:1:21 10:0111011111:23 1:1:18 10:0111011111:33 1:1:19 12:011111111111:25 14:01110111111111:31 6:011111:21 1:1:21 10:0111011111:20 1:1:16 4:0111:27 8:01111111:17 12:011111111111:27 10:0111011111:29 1:1:17 6:011111:17 10:0111011111:23 1:1:19 4:0111:23 4:0111:19 1:1:30 4:0111:27 4:0111:19 1:1:19 6:011111:19 4:0111:23 16:0111111111111111:40 8:01111111:21 16:0111111111111111:35 6:011111:19 4:0111:19 1:1:21 6:011111:24 4:0111:19 6:011111:19 6:011111:27 10:0111011111:23 4:0111:23 8:01111111:19 10:0111111111:22 1:1:17 10:0111011111:34 16:0111011111011111:32 1:1:21 4:0111:16 1:1:17 14:01110111011111:28 1:1:43 6:011111:21 6:011111:18 1:1:17 14:01111111111111:31 10:0111011111:22 8:01111111:16 6:011111:19
0RB0LB_1RC0LA_1LB1RD_1RC---	35	43	49	0.073	0.000	0.075	R	32766.50	0.98	log	counter	-	0	0	49	-
0RB0LB_1RC0LA_1RD---_1LA1RC	36	42	50	0.071	0.000	0.073	R	40958.50	0.96	log	counter	-	0	0	50	-
0RB0LB_1RC0LC_1RD0LA_1LB1RB	52	61	70	0.065	0.000	0.066	R	1.00	0.65	log	counter	-	2	2	29	1:0:20 3:001:21
0RB0LB_1RC1RD_0LD0LC_1RA1LC	1430	4491	14164	0.498	0.501	0.052	LR	14121.50	0.00	sqrt	bouncer_part	sqrt+log	3	3	6	3:011:13725 3:001:413 9:000000101:20
0RB0LC_0LC0RD_1RD1LC_1RB1LA	833	2602	8187	0.496	0.062	0.501	LR	1.00	0.01	sqrt	bouncer_part	sqrt+log	3	2	9	1:1:16 2:01:7409 2:01:753
0RB0LC_0RC1RB_1LD0LA_1LA---	35	43	49	0.073	0.000	0.075	R	32766.50	0.98	log	counter	-	0	0	49	-
0RB0LC_1LA1LC_0RD0LA_1RD1RB	32	38	46	0.079	0.000	0.081	R	835.28	2.96	log	counter	-	1	1	25	10:0001010101:21
0RB0LC_1LA1LC_1RD0RD_0LA1RB	18	22	25	0.071	0.000	0.075	R	2.00	2.04	log	counter	-	0	0	25	-
0RB0LC_1LA1RB_0RB0LD_0RB1LD	24	29	34	0.076	0.000	0.078	R	1.62	1.97	log	counter	-	0	0	34	-
0RB0LC_1LA1RB_0RB1LC_------	145	311	670	0.332	0.000	0.334	R	1.00	2.00	cube	sweepctr	-	2	1	2	1:1:503 1:1:165
0RB0LC_1LA1RB_0RB1LD_0RB1LC	145	311	670	0.332	0.000	0.334	R	1.00	2.00	cube	sweepctr	-	2	1	2	1:1:503 1:1:165
0RB0LC_1LA1RB_0RB1LD_0RB1LD	145	311	670	0.332	0.000	0.334	R	1.00	2.00	cube	sweepctr	-	2	1	2	1:1:503 1:1:165
0RB0LC_1LA1RB_0RB1LD_0RD1LC	144	311	669	0.334	0.000	0.335	R	1.00	2.00	cube	sweepctr	-	2	1	2	1:1:166 1:1:501
0RB0LC_1LA1RB_0RD0LA_1RD1LB	32	40	46	0.079	0.000	0.081	R	641.91	1.98	log	counter	-	0	0	46	-
0RB0LC_1LA1RB_0RD0LA_1RD1LC	19	22	26	0.068	0.000	0.071	R	2.00	2.92	log	counter	-	1	1	7	7:0000011:19
0RB0LC_1LA1RB_0RD0LA_1RD1RB	34	40	46	0.066	0.000	0.067	R	584.54	1.98	log	counter	-	0	0	46	-
0RB0LC_1LA1RB_0RD1LA_1LC1RD	34	40	47	0.070	0.000	0.072	R	1.42	1.98	log	counter	-	1	1	31	2:01:16
0RB0LC_1LA1RB_0RD1LC_0LA0LA	143	309	668	0.335	0.000	0.336	R	1.00	2.00	cube	sweepctr	-	2	1	2	1:1:493 1:1:173
0RB0LC_1LA1RB_0RD1LC_0LA1LA	144	310	669	0.334	0.000	0.335	R	1.00	2.00	cube	sweepctr	-	2	1	2	1:1:499 1:1:168
0RB0LC_1LA1RB_0RD1LC_0LA1RB	145	311	670	0.332	0.000	0.334	R	1.00	2.00	cube	sweepctr	-	2	1	2	1:1:504 1:1:164
0RB0LC_1LA1RB_0RD1LC_1LA0LA	143	309	668	0.335	0.000	0.336	R	1.00	2.00	cube	sweepctr	-	2	1	2	1:1:491 1:1:175
0RB0LC_1LA1RB_0RD1LC_1LA1LA	144	310	669	0.334	0.000	0.335	R	1.00	2.00	cube	sweepctr	-	2	1	2	1:1:498 1:1:169
0RB0LC_1LA1RB_0RD1LC_1LA1RB	145	311	670	0.332	0.000	0.334	R	1.00	2.00	cube	sweepctr	-	2	1	2	1:1:503 1:1:165
0RB0LC_1LA1RB_0RD1LC_1LB0LA	181	391	841	0.334	0.336	0.333	LR	1.00	1.00	cube	sweepctr	-	2	1	2	1:1:132 1:1:707
0RB0LC_1LA1RB_0RD1LC_1LB1LA	181	391	843	0.334	0.337	0.333	LR	1.00	1.00	cube	sweepctr	-	2	1	2	1:1:612 1:1:229
0RB0LC_1LA1RB_0RD1LC_1LB1RA	319	696	1505	0.337	0.333	0.339	LR	0.13	0.86	cube	sweepctr	-	3	2	1	2:01:356 1:1:970 1:1:178
0RB0LC_1LA1RB_0RD1LC_1LB1RB	183	391	843	0.332	0.335	0.331	LR	1.00	1.00	cube	sweepctr	-	2	1	2	1:1:154 1:1:687
0RB0LC_1LA1RB_0RD1LC_1LC0LA	143	309	668	0.335	0.000	0.336	R	1.00	2.00	cube	sweepctr	-	2	1	2	1:1:494 1:1:172
0RB0LC_1LA1RB_0RD1LC_1LC1LA	144	310	669	0.334	0.000	0.335	R	1.00	2.00	cube	sweepctr	-	2	1	2	1:1:499 1:1:168
0RB0LC_1LA1RB_0RD1LC_1RB0LA	143	309	668	0.335	0.000	0.336	R	1.00	2.00	cube	sweepctr	-	2	1	2	1:1:490 1:1:176
0RB0LC_1LA1RB_0RD1LC_1RB1LA	144	310	669	0.334	0.000	0.335	R	1.00	2.00	cube	sweepctr	-	2	1	2	1:1:496 1:1:171
0RB0LC_1LA1RB_0RD1LC_1RC0LA	143	309	668	0.335	0.000	0.336	R	1.00	2.00	cube	sweepctr	-	2	1	2	1:1:495 1:1:171
0RB0LC_1LA1RB_0RD1LC_1RC1LA	144	310	669	0.334	0.000	0.335	R	1.00	2.00	cube	sweepctr	-	2	1	2	1:1:500 1:1:167
0RB0LC_1LA1RB_1LD1LC_0RD0RB	145	311	670	0.332	0.000	0.335	R	1.00	2.00	cube	sweepctr	-	2	1	3	1:1:499 1:1:168
0RB0LC_1LA1RB_1RC1RD_1LA0RB	1029	3347	10952	0.514	0.082	0.516	LR	1.00	0.01	sqrt	bouncer_part	sqrt+log	2	1	1	1:1:495 1:1:10456
0RB0LC_1LA1RC_1RB0LA_------	36	42	48	0.062	0.000	0.064	R	24574.50	1.00	log	counter	-	1	1	31	8:00000101:17
0RB0LC_1LA1RC_1RB0LD_0RB0LC	36	42	48	0.062	0.000	0.064	R	24574.50	1.00	log	counter	-	1	1	31	8:00000101:17
0RB0LC_1LA1RC_1RB1RD_0LD0LA	34	42	48	0.075	0.000	0.077	R	32765.50	1.00	log	counter	-	0	0	48	-
0RB0LC_1LA1RC_1RD0LA_1LA1RC	36	42	48	0.062	0.000	0.064	R	24574.50	1.00	log	counter	-	1	1	31	8:00000101:17
0RB0LC_1LC---_0RD0LA_1RB1RD	26	32	36	0.071	0.000	0.073	R	17709.50	1.00	log	counter	-	0	0	36	-
0RB0LC_1LC0LA_1RD0LC_0RD1LA	19	22	25	0.060	0.066	0.000	L	2.00	2.00	log	counter	-	0	0	25	-
0RB0LC_1LC0LA_1RD1RB_0RD1LA	18	22	25	0.071	0.079	0.000	L	2.00	2.00	log	counter	-	0	0	25	-
0RB0LC_1LC0RC_1RD1LB_1LA0RD	1241	3891	12269	0.498	0.062	0.500	LR	0.33	0.01	sqrt	bouncer_part	sqrt+log	3	3	9	2:01:16 1:0:5701 1:1:6543
0RB0LC_1LC0RD_1LA0LA_1RB1LD	296	630	1350	0.330	0.338	0.323	LR	420763.50	0.51	cube	sweepctr	-	8	1	34	2:01:172 2:01:439 2:01:140 2:01:290 2:01:146 2:01:73 2:01:37 2:01:19
0RB0LC_1LC0RD_1LA0LB_1RB1RC	287	619	1335	0.334	0.333	0.335	LR	0.00	1.00	cube	sweepctr	-	3	1	1	2:01:633 2:01:498 2:01:203
0RB0LC_1LC0RD_1LA1LB_1RB0LC	227	491	1061	0.335	0.336	0.336	LR	1.00	2.00	cube	sweepctr	-	3	2	1	2:01:29 2:01:582 1:1:449
0RB0LC_1LC1LA_0RD0LA_1RD1RB	33	39	45	0.067	0.000	0.069	R	609.39	2.93	log	counter	-	0	0	45	-
0RB0LC_1LC1RA_0LD---_0RA1LD	35	41	49	0.073	0.000	0.077	R	40957.50	0.98	log	counter	-	0	0	49	-
0RB0LC_1LC1RB_0LD1LA_0RA---	34	41	47	0.070	0.000	0.074	R	1.50	0.98	log	counter	-	1	1	31	8:01011111:16
0RB0LC_1LC1RB_0LD1LA_1RA0RA	34	41	47	0.070	0.000	0.074	R	1.50	0.98	log	counter	-	1	1	31	8:01011111:16
0RB0LC_1LC1RB_0LD1LA_1RA0RC	34	41	47	0.070	0.000	0.074	R	1.65	0.98	log	counter	-	0	0	47	-
0RB0LC_1LC1RB_0LD1LA_1RC0RA	34	41	47	0.070	0.000	0.074	R	1.65	0.98	log	counter	-	0	0	47	-
0RB0LC_1LC1RB_0LD1LD_0RA1LA	46	56	66	0.078	0.000	0.081	R	1.67	1.31	log	counter	-	2	2	23	6:011111:20 9:011011111:23
0RB0LC_1LC1RB_0RC1LD_1LA1LA	49	58	68	0.071	0.069	0.074	LR	1.42	1.36	log	counter	-	2	1	33	6:011111:17 6:011111:18
0RB0LC_1LC1RB_0RC1LD_1RC1LA	47	58	68	0.080	0.083	0.081	LR	1.43	1.39	log	counter	-	1	1	45	9:011011111:23
0RB0LC_1LC1RB_0RD0LA_1RD1LA	19	22	25	0.060	0.000	0.062	R	2.00	2.96	log	counter	-	0	0	25	-
0RB0LC_1LC1RB_0RD0LA_1RD1RB	33	39	47	0.077	0.000	0.079	R	802.54	1.98	log	counter	-	1	1	27	10:0001000101:20
0RB0LC_1LC1RB_0RD1LA_0LA1LA	33	40	46	0.072	0.000	0.074	R	1.50	2.02	log	counter	-	1	1	30	8:01011111:16
0RB0LC_1LC1RB_0RD1LA_0LA1RB	34	40	47	0.070	0.000	0.072	R	1.45	1.98	log	counter	-	1	1	29	8:01011111:18
0RB0LC_1LC1RB_0RD1LA_1LB0RC	35	42	48	0.069	0.000	0.070	R	1.50	0.04	log	counter	-	1	1	30	8:01011111:18
0RB0LC_1LC1RB_0RD1LA_1LC1LA	34	40	47	0.070	0.000	0.072	R	1.45	2.02	log	counter	-	0	0	47	-
0RB0LC_1LC1RB_0RD1LD_0LA1LA	47	58	68	0.080	0.083	0.081	LR	1.43	1.36	log	counter	-	1	1	45	9:011011111:23
0RB0LC_1LC1RB_0RD1LD_1LA1LA	49	58	68	0.071	0.069	0.074	LR	1.42	1.36	log	counter	-	2	2	33	1:1:18 6:011111:17
0RB0LC_1LC1RB_0RD1LD_1LC1LA	49	58	68	0.071	0.069	0.074	LR	1.42	1.36	log	counter	-	2	1	33	6:011111:17 6:011111:18
0RB0LC_1LC1RB_0RD1LD_1RC1LA	49	58	68	0.071	0.069	0.074	LR	1.42	1.36	log	counter	-	2	1	33	6:011111:17 6:011111:18
0RB0LC_1LC1RB_1LA0LD_0RA0RB	46	56	66	0.078	0.000	0.083	R	1.33	0.69	log	counter	-	2	2	26	9:011011111:23 1:1:17
0RB0LC_1LC1RB_1LA0LD_0RC0RB	48	57	67	0.072	0.069	0.076	LR	1.45	1.32	log	counter	-	2	2	30	9:011011111:20 6:011111:17
0RB0LC_1LC1RB_1LA0RD_1RC0LA	33	39	45	0.067	0.069	0.069	LR	2.00	0.98	log	counter	-	0	0	45	-
0RB0LC_1LC1RB_1LA0RD_1RC1LC	33	39	47	0.077	0.079	0.079	LR	2.00	0.98	log	counter	-	0	0	47	-
0RB0LC_1LC1RB_1LA1LD_0RB1LA	48	58	69	0.079	0.079	0.081	LR	1.43	1.31	log	counter	-	1	1	46	9:011011111:23
0RB0LC_1LC1RB_1LA1RD_0LA0RB	833	2602	8187	0.496	0.501	0.060	LR	1.00	0.01	sqrt	bouncer_part	sqrt+log	3	2	9	2:01:752 2:01:7410 1:1:16
0RB0LC_1LC1RB_1LD0LD_1LA0RC	49	61	70	0.077	0.079	0.079	LR	32765.50	0.65	log	counter	-	1	1	53	6:011111:17
0RB0LC_1LC1RB_1LD1LD_0RB1LA	48	58	69	0.079	0.079	0.081	LR	1.43	1.31	log	counter	-	1	1	46	9:011011111:23
0RB0LC_1LC1RB_1RB1LD_0RB1LA	48	58	69	0.079	0.079	0.081	LR	1.43	1.31	log	counter	-	2	2	29	6:011111:17 9:011011111:23
0RB0LC_1LC1RB_1RD1LA_1LD0RC	36	42	49	0.067	0.000	0.069	R	1.45	0.04	log	counter	-	1	1	31	8:01011111:18
0RB0LC_1LC1RD_0RB1LA_1RB0LC	34	40	46	0.066	0.000	0.067	R	28642.50	1.00	log	counter	-	0	0	46	-
0RB0LC_1LC1RD_1LA0LA_0RB1RB	1016	3182	10024	0.497	0.501	0.080	LR	1.00	0.01	sqrt	bouncer_part	sqrt+log	2	1	26	2:01:9966 2:01:32
0RB0LC_1LC1RD_1LA0LC_0RB1RB	1016	3182	10024	0.497	0.501	0.080	LR	1.00	0.01	sqrt	bouncer_part	sqrt+log	2	1	26	2:01:9966 2:01:32
0RB0LC_1LC1RD_1LA0LC_0RB1RD	1017	3183	10025	0.497	0.501	0.076	LR	1.00	0.01	sqrt	bouncer_part	sqrt+log	1	1	27	2:01:9998
0RB0LC_1LC1RD_1LA0LC_1RA0RB	1013	3178	10019	0.498	0.500	0.077	LR	1.00	0.00	sqrt	bouncer_part	sqrt+log	2	2	20	3:011:2240 3:001:7759
0RB0LC_1LC1RD_1LA0LC_1RA0RC	1015	3180	10021	0.497	0.501	0.066	LR	1.00	0.00	sqrt	bouncer_part	sqrt+log	2	2	23	3:011:4457 3:001:5541
0RB0LC_1LC1RD_1LA0LC_1RA0RD	1014	3180	10020	0.497	0.501	0.069	LR	1.00	0.00	sqrt	bouncer_part	sqrt+log	2	2	22	3:011:2220 3:001:7778
0RB0LC_1LC1RD_1LA1LB_1RC0RB	1429	5750	15610	0.519	0.520	0.048	LR	14037.50	0.00	sqrt	bouncer_part	sqrt+log	4	3	13	2:01:9786 1:1:4266 6:011111:19 2:01:1526
0RB0LC_1LC1RD_1LA1LB_1RC0RD	1172	3670	11570	0.497	0.057	0.501	LR	17287.50	0.01	sqrt	bouncer_part	sqrt+log	2	1	26	2:01:5840 2:01:5704
0RB0LC_1RC---_1RD0LA_1LA1RC	36	42	50	0.071	0.000	0.073	R	40958.50	0.96	log	counter	-	0	0	50	-
0RB0LC_1RC0LB_1RD0LA_1LA0RD	36	42	48	0.062	0.000	0.064	R	5733.70	0.96	log	counter	-	1	1	29	8:00010101:19
0RB0LC_1RC0LC_1RD0LA_1LB1RC	36	42	50	0.071	0.000	0.073	R	40958.50	0.96	log	counter	-	0	0	50	-
0RB0LC_1RC1RB_1LA0LD_0RC1LD	113	245	530	0.336	0.000	0.339	R	1.00	3.98	cube	sweepctr	-	2	1	3	1:1:268 1:1:259
0RB0LC_1RC1RB_1LA0RD_1LC0LA	313	677	1469	0.336	0.336	0.336	LR	136.90	1.00	cube	sweepctr	-	3	2	3	1:1:304 1:1:98 2:01:1064
0RB0LC_1RC1RB_1LA0RD_1LC1RC	313	681	1469	0.336	0.336	0.336	LR	182.46	1.00	cube	sweepctr	-	3	2	3	1:1:920 1:1:18 2:01:528
0RB0LC_1RC1RB_1LD0LA_---1LA	35	43	49	0.073	0.000	0.075	R	32766.50	0.98	log	counter	-	0	0	49	-
0RB0LC_1RC1RB_1RD0LA_1LA0LB	36	42	48	0.062	0.000	0.064	R	24574.50	0.96	log	counter	-	0	0	48	-
0RB0LC_1RC1RD_0LC1LA_1LB0RD	20	23	26	0.057	0.000	0.060	R	2.00	1.88	log	counter	-	0	0	26	-
0RB0LC_1RC1RD_1LA1LC_1LD0RB	34	42	48	0.075	0.000	0.079	R	32764.50	1.85	log	counter	-	0	0	48	-
0RB0LC_1RC1RD_1LB0LA_1LC0RD	20	24	27	0.065	0.000	0.068	R	2.00	1.73	log	counter	-	1	1	11	7:0000001:16
0RB0LC_1RC1RD_1LB1LA_1LB0RD	26	30	35	0.065	0.000	0.067	R	1.62	1.85	log	counter	-	0	0	35	-
0RB0LC_1RC1RD_1LB1LA_1LC0RD	34	40	47	0.070	0.000	0.072	R	1.50	0.93	log	counter	-	0	0	47	-
0RB0LD_0LC1RB_1LD1RC_0RC1LA	33	40	47	0.077	0.000	0.081	R	1.43	1.98	log	counter	-	0	0	47	-
0RB0LD_0LC1RB_1RD1LC_0LB1RA	227	493	1061	0.335	0.336	0.336	LR	1.00	1.00	cube	sweepctr	-	2	1	2	1:1:622 1:1:437
0RB0LD_0LC1RB_1RD1LC_0LC1RA	227	493	1061	0.335	0.336	0.336	LR	1.00	1.00	cube	sweepctr	-	2	1	2	1:1:624 1:1:435
0RB0LD_0LC1RB_1RD1LC_1LB1RA	228	492	1062	0.334	0.336	0.334	LR	1.00	1.00	cube	sweepctr	-	2	1	2	1:1:192 1:1:868
0RB0LD_0LC1RB_1RD1LC_1LC1RA	228	492	1062	0.334	0.336	0.334	LR	1.00	1.00	cube	sweepctr	-	2	1	2	1:1:194 1:1:866
0RB0LD_0LC1RB_1RD1LC_1RB1RA	228	492	1062	0.334	0.336	0.334	LR	1.00	1.00	cube	sweepctr	-	2	1	2	1:1:194 1:1:866
0RB0LD_0LC1RD_1RB1LC_0LC1RA	47	57	68	0.080	0.083	0.079	LR	1.43	1.34	log	counter	-	2	2	28	9:011011111:23 6:011111:17
0RB0LD_0RC---_1LD1RB_0LA---	35	43	49	0.073	0.000	0.075	R	32766.50	0.98	log	counter	-	0	0	49	-
0RB0LD_0RC1LB_1LA1RC_0LA0LB	25	30	35	0.073	0.000	0.076	R	1.62	1.85	log	counter	-	0	0	35	-
0RB0LD_0RC1LB_1LA1RC_0LA1LB	146	312	671	0.331	0.000	0.332	R	1.00	1.99	cube	sweepctr	-	2	1	3	1:1:505 1:1:163
0RB0LD_0RC1LB_1LA1RC_0LA1LD	145	311	670	0.332	0.000	0.334	R	1.00	1.99	cube	sweepctr	-	2	1	3	1:1:500 1:1:167
0RB0LD_0RC1LB_1LA1RC_0RC0LB	25	30	35	0.073	0.000	0.076	R	1.62	0.00	log	counter	-	1	1	12	9:011111111:23
0RB0LD_0RC1LB_1LA1RC_0RC1LB	146	312	671	0.331	0.000	0.332	R	1.00	0.00	cube	sweepctr	-	2	1	3	1:1:504 1:1:164
0RB0LD_0RC1LB_1LD1RC_0RC1LA	34	41	48	0.075	0.000	0.077	R	1.43	0.00	log	counter	-	0	0	48	-
0RB0LD_0RC1LD_1LA1RB_0LA---	35	41	49	0.073	0.000	0.075	R	40958.50	0.98	log	counter	-	0	0	49	-
0RB0LD_0RC1LD_1LA1RC_0LA1LD	145	311	670	0.332	0.000	0.334	R	1.00	2.00	cube	sweepctr	-	2	1	3	1:1:502 1:1:165
0RB0LD_0RC1LD_1LA1RC_0RC1LB	146	312	671	0.331	0.000	0.332	R	1.00	0.00	cube	sweepctr	-	2	1	3	1:1:504 1:1:164
0RB0LD_0RC1RB_1LD---_1LA0LA	35	43	49	0.073	0.000	0.075	R	32766.50	0.98	log	counter	-	0	0	49	-
0RB0LD_0RC1RB_1LD1LA_0LA---	35	41	49	0.073	0.000	0.075	R	40958.50	0.98	log	counter	-	0	0	49	-
0RB0LD_0RC1RB_1LD1LA_1LA0LD	835	2604	8189	0.496	0.501	0.057	LR	1.00	0.01	sqrt	bouncer_part	sqrt+log	2	2	9	2:01:8164 1:1:16
0RB0LD_0RC1RB_1LD1RB_1LA0LD	1017	3183	10025	0.497	0.501	0.073	LR	1.00	0.01	sqrt	bouncer_part	sqrt+log	1	1	27	2:01:9998
0RB0LD_0RC1RB_1LD1RC_0LA1LA	50	62	73	0.082	0.000	0.084	R	0.66	0.96	log	counter	-	0	0	73	-
0RB0LD_0RC1RB_1LD1RC_1RC1LA	1084	3445	10883	0.501	0.502	0.501	LR	1.00	1.02	sqrt	bouncer	sqrt+sqrt	67	21	1311	8:01011111:2015 8:01011111:6165 4:0111:21 8:01111111:17 8:01010111:17 8:01011111:17 8:01010111:25 8:01011111:17 10:0111111111:25 10:0111011111:21 6:011111:19 8:01010111:17 6:010111:21 8:01010111:17 14:01111101111111:41 8:01011111:21 14:01110111011111:29 6:011111:17 8:01011111:17 10:0101111111:21 2:01:18 1:1:17 6:010111:21 6:011111:17 8:01011111:19 10:0101111111:25 8:01011111:21 10:0111011111:27 8:01111111:17 14:01010101011111:30 10:0101111111:21 12:011101111111:27 8:01010111:21 4:0111:18 6:011111:17 2:01:22 6:010111:23 6:010111:19 4:0111:23 10:0111011111:27 4:0111:19 14:01011101011111:28 8:01010111:17 8:01011111:17 16:0101011111010111:33 6:011111:16 8:01111111:17 8:01011111:19 8:01011111:23 8:01011111:21 10:0101110111:21 8:01111111:19 12:010101010111:27 8:01111111:17 16:0101110111011111:33 10:0111011111:21 8:01010111:23 8:01111111:23 8:01010111:17 10:0101111111:23 8:01010111:17 10:0101011111:29 10:0101111111:25 2:01:16 8:01111111:17 2:01:25 6:010111:19
0RB0LD_0RC1RB_1RD0RD_1LA0RC	191493	1914898	19148939	1.000	0.000	1.000	R	1.00	0.00	lin	linear	-	-	-	-	wide
0RB0LD_0RC1RC_1LA1RB_0LA1LD	52	65	73	0.074	0.000	0.075	R	3.00	0.82	log	counter	-	1	1	57	7:0001011:16
0RB0LD_0RC1RC_1LA1RC_0LA1LD	145	311	670	0.332	0.000	0.334	R	1.00	1.99	cube	sweepctr	-	2	1	3	1:1:499 1:1:168
0RB0LD_1LA0RC_1RB---_0LA---	36	42	48	0.062	0.000	0.064	R	24574.50	1.00	log	counter	-	0	0	48	-
0RB0LD_1LA1RC_0LC1RB_0RB1LD	144	311	669	0.334	0.000	0.335	R	1.00	2.00	cube	sweepctr	-	2	1	2	1:1:168 1:1:499
0RB0LD_1LA1RC_0LC1RD_1RB0LA	34	42	48	0.075	0.000	0.077	R	10921.83	1.00	log	counter	-	0	0	48	-
0RB0LD_1LA1RC_0RD1RB_1LD0LA	36	42	48	0.062	0.000	0.064	R	24574.50	1.00	log	counter	-	0	0	48	-
0RB0LD_1LA1RC_0RD1RC_1LD0LA	36	42	48	0.062	0.000	0.064	R	24574.50	1.00	log	counter	-	0	0	48	-
0RB0LD_1LA1RC_1LA1RB_0RB1LD	145	311	670	0.332	0.000	0.334	R	1.00	2.00	cube	sweepctr	-	2	1	2	1:1:503 1:1:165
0RB0LD_1LA1RC_1LA1RB_0RC1LD	145	311	670	0.332	0.000	0.334	R	1.00	2.00	cube	sweepctr	-	2	1	2	1:1:503 1:1:165
0RB0LD_1LA1RC_1LA1RC_0RB1LD	145	311	670	0.332	0.000	0.334	R	1.00	2.00	cube	sweepctr	-	2	1	2	1:1:503 1:1:165
0RB0LD_1LA1RC_1LB1RB_---0LA	34	42	48	0.075	0.000	0.077	R	10921.83	1.00	log	counter	-	0	0	48	-
0RB0LD_1LA1RC_1LD0RC_1RB0LA	35	41	47	0.064	0.000	0.066	R	8191.17	1.02	log	counter	-	0	0	47	-
0RB0LD_1LA1RC_1LD1RB_---0LA	19	23	26	0.068	0.000	0.071	R	2.00	1.96	log	counter	-	0	0	26	-
0RB0LD_1LA1RC_1RB---_---0LA	36	42	48	0.062	0.000	0.064	R	24574.50	1.00	log	counter	-	1	1	31	8:00000101:17
0RB0LD_1LA1RC_1RB---_0RB0LD	36	42	48	0.062	0.000	0.064	R	24574.50	1.00	log	counter	-	1	1	31	8:00000101:17
0RB0LD_1LA1RC_1RB0RD_1LA1LB	256	544	1172	0.330	0.333	0.330	LR	0.33	0.50	cube	sweepctr	-	3	2	4	1:1:355 2:01:679 2:01:134
0RB0LD_1LA1RC_1RD0LA_1RB0LC	50	62	71	0.076	0.000	0.077	R	1.00	0.67	log	counter	-	2	1	34	6:000001:20 6:000001:17
0RB0LD_1LC0RB_1LD1RC_0RC1LA	34	40	47	0.070	0.000	0.074	R	1.42	1.93	log	counter	-	2	2	1	8:01011111:18 14:01110111111111:28
0RB0LD_1LC0RC_1LA1RD_1RC0LA	37	43	49	0.061	0.000	0.064	R	28670.50	0.98	log	counter	-	1	1	32	8:00010101:17
0RB0LD_1LC0RD_1LA0LC_1RB1LD	966	3061	9580	0.498	0.511	0.078	LR	0.57	0.02	sqrt	bouncer_part	sqrt+log	17	3	26	5:01011:2485 5:01011:2245 5:01011:1528 5:01011:202 5:01011:844 5:01011:710 5:00011:489 5:01011:332 5:01011:225 5:00011:158 5:01011:106 5:00011:78 5:01011:46 5:00011:38 5:01011:21 5:00011:19 14:00011010110111:28
0RB0LD_1LC1RB_0LD0LA_1RD0RB	234	511	1096	0.335	0.333	0.338	LR	0.36	0.64	cube	sweepctr	-	4	1	3	1:1:90 1:1:906 1:1:52 1:1:45
0RB0LD_1LC1RB_0RB0LA_0RB1LD	24	29	34	0.076	0.000	0.078	R	1.62	1.97	log	counter	-	0	0	34	-
0RB0LD_1LC1RB_0RB1LA_0RB1LD	182	391	843	0.333	0.000	0.334	R	1.00	2.00	cube	sweepctr	-	2	1	2	1:1:215 1:1:626
0RB0LD_1LC1RB_0RC1LA_0RB1LD	182	391	843	0.333	0.000	0.334	R	1.00	2.00	cube	sweepctr	-	2	1	2	1:1:219 1:1:622
0RB0LD_1LC1RB_0RD0LA_0RB1LD	24	29	34	0.076	0.000	0.078	R	1.62	2.03	log	counter	-	1	1	11	9:011111111:23
0RB0LD_1LC1RB_0RD1LA_0RB1LD	182	391	843	0.333	0.000	0.334	R	1.00	2.00	cube	sweepctr	-	2	1	2	1:1:219 1:1:622
0RB0LD_1LC1RB_1LA0RA_0RB1LD	226	492	1060	0.336	0.337	0.336	LR	1.00	1.00	cube	sweepctr	-	2	1	2	1:1:428 1:1:630
0RB0LD_1LC1RB_1LA1LA_0RB1LD	228	494	1062	0.334	0.336	0.334	LR	1.00	1.00	cube	sweepctr	-	2	1	2	1:1:438 1:1:622
0RB0LD_1LC1RB_1LA1LA_0RC1LD	181	391	842	0.334	0.000	0.336	R	1.00	2.00	cube	sweepctr	-	2	1	2	1:1:198 1:1:642
0RB0LD_1LC1RB_1LD1LA_0RC1LD	181	390	842	0.334	0.000	0.336	R	1.00	2.00	cube	sweepctr	-	2	1	2	1:1:202 1:1:638
0RB0LD_1LC1RB_1RA1LA_0RB1LD	228	494	1062	0.334	0.336	0.334	LR	1.00	1.00	cube	sweepctr	-	2	1	2	1:1:446 1:1:614
0RB0LD_1LC1RB_1RA1LA_0RC1LD	181	390	842	0.334	0.000	0.336	R	1.00	2.00	cube	sweepctr	-	2	1	2	1:1:214 1:1:626
0RB0LD_1LC1RB_1RB1LA_0RC1LD	181	391	842	0.334	0.000	0.336	R	1.00	2.00	cube	sweepctr	-	2	1	2	1:1:194 1:1:646
0RB0LD_1LC1RB_1RD1LA_0RC1LD	181	390	842	0.334	0.000	0.336	R	1.00	2.00	cube	sweepctr	-	2	1	2	1:1:206 1:1:634
0RB0LD_1LC1RC_1LA1RC_0RB1LD	182	392	844	0.333	0.335	0.333	LR	1.00	1.00	cube	sweepctr	-	2	1	2	1:1:615 1:1:227
0RB0LD_1LC1RC_1LD0RA_1RA0LD	1019	3185	10029	0.497	0.501	0.073	LR	2993.30	0.01	sqrt	bouncer_part	sqrt+log	10	2	77	1:1:2844 1:0:2151 1:0:2497 1:0:1246 1:0:623 1:0:309 1:0:154 1:0:75 1:0:37 1:0:16
0RB0LD_1LC1RD_0RB0LD_1RB0LA	36	42	48	0.062	0.000	0.064	R	24574.50	1.00	log	counter	-	1	1	31	8:00000101:17
0RB0LD_1LC1RD_0RD0LA_1LA1RB	32	39	45	0.074	0.000	0.076	R	1.50	1.98	log	counter	-	0	0	45	-
0RB0LD_1RC---_0RD1RC_1LD0LA	36	42	50	0.071	0.000	0.073	R	40958.50	0.96	log	counter	-	0	0	50	-
0RB0LD_1RC---_1LD1RB_---0LA	35	43	49	0.073	0.000	0.075	R	32766.50	0.98	log	counter	-	0	0	49	-
0RB0LD_1RC0LA_0RD1RC_1LD1LB	53	62	71	0.063	0.066	0.064	LR	28668.50	0.64	log	counter	-	3	3	12	6:001111:22 1:1:19 9:001111111:18
0RB0LD_1RC0LA_1LB1RB_---0LA	35	43	49	0.073	0.000	0.075	R	32766.50	0.98	log	counter	-	0	0	49	-
0RB0LD_1RC0LA_1LB1RB_---1LA	25	29	33	0.060	0.000	0.062	R	16402.50	0.97	log	counter	-	0	0	33	-
0RB0LD_1RC0LA_1LD1RB_---1LA	21	23	27	0.055	0.000	0.057	R	16383.50	0.96	log	counter	-	0	0	27	-
0RB0LD_1RC0LA_1LD1RC_0RC1LA	33	40	47	0.077	0.000	0.079	R	1.43	1.93	log	counter	-	0	0	47	-
0RB0LD_1RC0LC_0RD1RB_1LD0LA	36	42	48	0.062	0.000	0.064	R	24574.50	0.96	log	counter	-	0	0	48	-
0RB0LD_1RC0LD_1LD1RB_0RB1LA	33	39	47	0.077	0.000	0.079	R	40929.50	0.98	log	counter	-	0	0	47	-
0RB0LD_1RC1LB_1LA1RA_1LA0LD	1601	5025	15840	0.498	0.501	0.059	LR	11840.50	0.01	sqrt	bouncer_part	sqrt+log	6	2	42	3:011:11151 3:001:702 3:001:2965 3:001:744 3:001:187 3:001:49
0RB0LD_1RC1LB_1LD1RA_1LA0LD	1601	5025	15840	0.498	0.501	0.059	LR	11840.50	0.01	sqrt	bouncer_part	sqrt+log	6	2	42	3:011:11151 3:001:702 3:001:2965 3:001:744 3:001:187 3:001:49
0RB0LD_1RC1LD_0LA0RC_1LB---	36	42	48	0.062	0.067	0.000	L	24574.50	0.98	log	counter	-	0	0	48	-
0RB0LD_1RC1LD_1LC1RB_---0LA	35	41	49	0.073	0.000	0.075	R	40958.50	0.98	log	counter	-	0	0	49	-
0RB0LD_1RC1RB_0LA0RC_1LA1RD	205	437	935	0.330	0.326	0.335	LR	1.00	1.01	cube	sweepctr	-	8	2	13	7:0010101:18 2:01:27 2:01:52 2:01:103 2:01:205 2:01:128 2:01:281 2:01:108
0RB0LD_1RC1RB_0LA0RC_1LB1LD	34	40	48	0.075	0.081	0.000	L	45052.50	1.91	log	counter	-	1	1	31	4:0001:17
0RB0LD_1RC1RB_0RD0LB_1LD0LA	36	42	48	0.062	0.000	0.064	R	28670.50	0.96	log	counter	-	1	1	30	8:00111111:18
0RB0LD_1RC1RB_1LA---_0RC0LA	27	31	37	0.068	0.000	0.071	R	10944.50	0.97	log	counter	-	0	0	37	-
0RB0LD_1RC1RB_1LC1LA_---0LA	35	43	49	0.073	0.000	0.075	R	32766.50	0.98	log	counter	-	0	0	49	-
0RB0LD_1RC1RB_1LD1LB_---0LA	35	41	49	0.073	0.000	0.075	R	40958.50	0.98	log	counter	-	0	0	49	-
0RB0LD_1RC1RB_1LD1LC_0RA0LA	34	40	48	0.075	0.000	0.079	R	40956.50	1.89	log	counter	-	1	1	28	10:0001000101:20
0RB0LD_1RC1RB_1LD1LC_0RA1LA	228	492	1060	0.334	0.000	0.335	R	271434.50	1.00	cube	sweepctr	-	2	2	3	1:1:969 2:01:88
0RB0LD_1RC1RC_0RD1RB_1LD0LA	36	42	50	0.071	0.000	0.073	R	40958.50	0.96	log	counter	-	0	0	50	-
0RB0LD_1RC1RD_0LB1RB_1LD0LA	35	41	49	0.073	0.000	0.075	R	40958.50	0.98	log	counter	-	0	0	49	-
0RB0LD_1RC1RD_1LD0RC_1RB0LA	67	79	91	0.066	0.000	0.067	R	0.67	0.50	log	counter	-	3	3	12	8:00000001:28 4:0001:27 12:000000010001:24
0RB0RA_0LC0LD_1RB1LC_1LD1RA	18	22	25	0.071	0.079	0.000	L	2.00	2.00	log	counter	-	1	1	7	9:000101111:18
0RB0RA_0LC1LD_0LD1LB_1RA1LC	27	33	38	0.074	0.079	0.000	L	2.00	1.30	log	counter	-	0	0	38	-
0RB0RA_0LC1RA_0RD1LC_1RB1LB	1419	4479	14150	0.499	0.057	0.501	LR	3530.50	0.01	sqrt	bouncer_part	sqrt+log	10	3	10	15:010101010101011:38 13:0101010101011:26 2:01:43 2:01:111 2:01:222 2:01:443 2:01:885 2:01:1768 2:01:3534 2:01:7070
0RB0RA_0LC1RA_1LD1LC_1RB0LC	1017	3183	10025	0.497	0.076	0.501	LR	1.00	0.01	sqrt	bouncer_part	sqrt+log	2	1	27	2:01:9959 2:01:39
0RB0RA_0LC1RA_1RB1LD_1LC0LD	1257	4049	10433	0.460	0.417	0.591	LR	7.53	0.01	sqrt	bouncer_part	sqrt+sqrt	48	42	9534	7:0010011:17 9:010111111:20 11:00100101101:23 7:0011011:16 10:0011101101:20 10:0001001101:20 9:010101111:18 8:00100111:18 7:0001011:16 8:00000001:18 9:000110011:20 6:001011:17 8:00011001:16 9:000111001:18 8:00100101:17 1:0:17 8:00010111:16 8:00101111:18 6:000001:17 8:00100101:17 8:00001101:16 8:01011011:16 6:000111:17 7:0011111:16 9:000100111:18 5:00101:16 7:0000011:19 12:000001100011:28 7:0010101:21 7:0000101:16 9:000111001:19 13:0101011011111:26 7:0001011:20 5:00101:18 14:00010110100111:29 8:00110111:19 8:01011111:16 8:00111011:16 6:000101:16 9:000100011:18 13:0011010110111:26 9:001011011:18 9:000100011:18 7:0000101:19 13:0000010100011:26 9:011011111:18 9:011101111:19 6:001111:16
0RB0RA_1LC1RA_0LD0LA_1LA1LB	1431	4490	14163	0.498	0.060	0.500	LR	14118.50	0.00	sqrt	bouncer_part	sqrt+log	3	3	5	9:000000101:20 3:001:13718 3:011:420
0RB0RA_1LC1RA_0LD0LC_1LA1LB	1432	4493	14166	0.498	0.052	0.501	LR	14118.50	0.00	sqrt	bouncer_part	sqrt+log	3	3	11	8:00100101:17 3:001:2779 3:011:11359
0RB0RA_1LC1RA_0LD0RD_1LA1LB	1431	4490	14163	0.498	0.060	0.500	LR	14118.50	0.00	sqrt	bouncer_part	sqrt+log	3	3	5	9:000000101:20 3:001:13718 3:011:420
0RB0RA_1LC1RA_0LD0RD_1RA1LB	1589	5010	15822	0.499	0.045	0.501	LR	11840.50	0.00	sqrt	bouncer_part	sqrt+log	6	2	39	3:001:44 3:001:183 3:001:739 3:001:2962 3:001:3460 3:011:8395
0RB0RA_1LC1RA_0LD1LB_1LA1LB	1603	5027	15842	0.497	0.059	0.501	LR	11841.50	0.01	sqrt	bouncer_part	sqrt+log	6	2	42	3:001:49 3:001:187 3:001:744 3:001:2967 3:001:4527 3:011:7326
0RB0RA_1LC1RA_0LD1LB_1RA1LB	1604	5028	15843	0.497	0.061	0.501	LR	11840.50	0.01	sqrt	bouncer_part	sqrt+log	6	2	41	3:001:49 3:001:187 3:001:744 3:001:2967 3:001:3382 3:011:8473
0RB0RA_1LC1RA_0LD1LC_1LA1LB	1431	4492	14165	0.498	0.060	0.500	LR	14121.50	0.00	sqrt	bouncer_part	sqrt+log	3	3	5	9:000000101:20 3:001:9852 3:011:4288
0RB0RA_1LC1RA_0LD1LC_1RA1LB	1591	5012	15824	0.499	0.045	0.501	LR	11843.50	0.00	sqrt	bouncer_part	sqrt+log	6	2	39	3:001:44 3:001:183 3:001:739 3:001:2962 3:001:6132 3:011:5725
0RB0RA_1LC1RB_0LD1LC_1RA1LD	1009	3173	10013	0.498	0.073	0.500	LR	1.00	0.01	sqrt	bouncer_part	sqrt+log	1	1	15	1:1:9998
0RB0RA_1RC0LD_1RD1RA_1LB1LD	1251	3929	12394	0.498	0.060	0.501	LR	1.00	0.01	sqrt	bouncer_part	sqrt+log	3	2	5	10:0000111111:20 7:0111111:3519 7:0111111:8850
0RB0RA_1RC0RC_1LD1RB_0LD0LA	51	60	69	0.066	0.000	0.067	R	5.00	0.66	log	counter	-	3	3	11	6:000001:20 3:001:20 9:000001001:18
0RB0RA_1RC1LD_1LC1RB_0LD0LA	25	29	33	0.060	0.000	0.062	R	22963.50	0.94	log	counter	-	0	0	33	-
0RB0RA_1RC1LD_1LD1RB_0LD0LA	25	29	33	0.060	0.000	0.062	R	19682.50	0.97	log	counter	-	0	0	33	-
0RB0RA_1RC1RA_0LD1LC_1RA1LB	1379	4342	13706	0.499	0.042	0.501	LR	13673.50	0.00	sqrt	bouncer_part	sqrt+log	7	3	19	11:00010001001:24 3:001:30 3:001:160 3:001:640 3:001:2564 3:001:4818 3:011:5451
0RB0RA_1RC1RA_1LD1LC_1RB0LC	1747	5496	17341	0.498	0.060	0.501	LR	1.00	0.01	sqrt	bouncer_part	sqrt+log	1	1	25	2:01:17316
0RB0RA_1RC1RA_1LD1RC_1RB0LC	1975	6227	19657	0.499	0.060	0.501	LR	1.00	0.01	sqrt	bouncer_part	sqrt+log	11	2	23	8:00010101:16 2:01:27 2:01:54 2:01:103 2:01:205 2:01:410 2:01:663 2:01:157 2:01:1637 2:01:3273 2:01:13089
0RB0RA_1RC1RD_0LD0LC_1RA1LC	1431	4492	14165	0.498	0.501	0.047	LR	14118.50	0.00	sqrt	bouncer_part	sqrt+log	3	3	12	3:011:2774 3:001:11362 8:00100101:17
0RB0RA_1RC1RD_1LD0RB_1RA0LC	214288	2142862	21428576	1.000	0.000	1.000	R	1.00	0.00	lin	linear	-	-	-	-	wide
0RB0RB_0LC0RD_1RB1LC_0LA1RD	143	309	668	0.335	0.337	0.000	L	1.00	2.00	cube	sweepctr	-	2	1	2	1:1:173 1:1:493
0RB0RB_0LC1RB_1RD1LC_0LB1RA	229	493	1063	0.333	0.334	0.334	LR	1.00	1.00	cube	sweepctr	-	2	1	2	1:1:190 1:1:871
0RB0RB_0LC1RB_1RD1LC_0LC1RA	229	493	1063	0.333	0.334	0.334	LR	1.00	1.00	cube	sweepctr	-	2	1	2	1:1:190 1:1:871
0RB0RB_0LC1RD_1RB1LC_0LA1RA	48	57	68	0.076	0.076	0.079	LR	1.45	1.34	log	counter	-	2	2	33	6:011111:17 1:1:18
0RB0RB_1LC1RA_0LD0LC_1RD1LB	1449	6141	17485	0.541	0.542	0.040	LR	13580.50	0.00	sqrt	bouncer_part	sqrt+log	5	4	27	1:1:4341 1:0:9255 8:00110111:27 4:0011:3795 4:0011:40
0RB0RC_0LC---_0LD1RA_1RC1LD	34	41	48	0.075	0.079	0.000	L	1.43	0.98	log	counter	-	0	0	48	-
0RB0RC_0LC0RA_0LD1RC_1RB1LD	25	30	35	0.073	0.078	0.000	L	1.62	1.88	log	counter	-	0	0	35	-
0RB0RC_0LC1RA_0LD1RC_1RB1LD	183	392	844	0.332	0.334	0.000	L	1.00	1.00	cube	sweepctr	-	2	1	3	1:1:618 1:1:223
0RB0RC_0LC1RA_1LD1RC_1LA0LB	1362	4304	13609	0.500	0.500	0.500	LR	36612.50	0.68	sqrt	bouncer	sqrt+sqrt	3	2	1	3:001:3484 3:001:4682 2:01:5442
0RB0RC_0RC0LD_1LD1RC_1LB0LA	46	56	66	0.078	0.000	0.081	R	1.33	0.69	log	counter	-	2	2	29	9:011011111:20 1:1:17
0RB0RC_1LA1RB_0LD1LC_0RB1LD	144	310	669	0.334	0.000	0.335	R	1.00	2.00	cube	sweepctr	-	2	1	2	1:1:499 1:1:168
0RB0RC_1LA1RB_1RC1LD_0LA0LD	18	22	25	0.071	0.000	0.075	R	2.00	1.96	log	counter	-	1	1	7	9:000111101:18
0RB0RC_1LA1RC_1RB1LD_0LD0LA	34	40	48	0.075	0.000	0.077	R	43006.50	1.00	log	counter	-	2	2	16	6:000011:16 8:00000011:16
0RB0RC_1LC0LB_0LD1LD_1RA1LC	924	3109	9827	0.513	0.514	0.000	L	1.00	0.00	sqrt	bouncer_part	sqrt+fix	3	1	15	1:1:377 1:1:2865 1:1:6570
0RB0RC_1LC0LC_0LD1RA_1RC1LD	34	41	48	0.075	0.079	0.000	L	1.43	0.98	log	counter	-	0	0	48	-
0RB0RC_1LC1RA_0LD1RC_1RB1LD	229	493	1063	0.333	0.334	0.334	LR	1.00	1.00	cube	sweepctr	-	2	1	3	1:1:370 1:1:690
0RB0RC_1LC1RA_1LD0LB_1RB1LA	1379	6161	18684	0.566	0.097	0.568	LR	0.33	0.01	sqrt	bouncer_part	sqrt+log	3	2	1	1:1:9376 2:01:7282 2:01:2025
0RB0RC_1LC1RA_1LD0LB_1RB1LC	444	950	2075	0.335	0.318	0.343	LR	1.78	0.16	cube	sweepctr	-	3	2	0	1:1:937 2:01:396 1:1:742
0RB0RC_1LC1RA_1LD0LC_1RD0LB	2426	7602	19851	0.456	0.457	0.036	LR	1.00	0.00	sqrt	bouncer_part	sqrt+log	2	1	1	2:01:19186 2:01:664
0RB0RC_1LC1RC_1LD1RA_1RA0LD	1667	5273	16667	0.500	0.500	0.500	LR	5981.50	0.62	sqrt	bouncer	sqrt+sqrt	3	3	11	5:01011:9759 5:01111:6874 8:01101111:23
0RB0RC_1RC0LA_0LD1RB_1LB1LD	201	431	929	0.332	0.335	0.000	L	44264.36	1.00	cube	sweepctr	-	3	2	2	1:1:336 2:01:38 1:1:553
0RB0RC_1RC0LA_1LD1RB_0LD1LA	33	39	47	0.077	0.000	0.079	R	40958.50	0.98	log	counter	-	0	0	47	-
0RB0RC_1RC0LB_0LD1LD_1RA1LC	925	3109	9826	0.513	0.514	0.000	L	1.00	0.00	sqrt	bouncer_part	sqrt+fix	2	1	15	1:1:3239 1:1:6572
0RB0RC_1RC0LC_1LD1RB_0LD0LA	35	41	47	0.064	0.000	0.066	R	24572.50	0.98	log	counter	-	1	1	23	12:010101010111:24
0RB0RC_1RC0RA_1LD0LD_1RB1LC	29883	298539	2985107	1.000	1.000	0.000	L	7.53	0.00	lin	linear	-	-	-	-	wide
0RB0RC_1RC1LA_1LD1RB_0LD0LA	35	41	49	0.073	0.000	0.075	R	45054.50	0.98	log	counter	-	1	1	31	8:00111111:18
0RB0RC_1RC1RC_1LD1RB_0LD0LA	35	41	49	0.073	0.000	0.075	R	40957.50	0.98	log	counter	-	0	0	49	-
0RB0RC_1RC1RD_0LD0LC_1RA1LC	1430	4491	14164	0.498	0.501	0.052	LR	14121.50	0.00	sqrt	bouncer_part	sqrt+log	3	3	6	3:011:13725 3:001:413 9:000000101:20
0RB0RD_0LC1LC_1RD0LB_1LB1RA	834	2603	8188	0.496	0.500	0.062	LR	1.00	0.01	sqrt	bouncer_part	sqrt+log	3	2	8	1:1:5726 2:01:2438 1:1:16
0RB0RD_0LC1RA_1RB1LC_0LC1RD	229	493	1063	0.333	0.334	0.334	LR	1.00	1.00	cube	sweepctr	-	2	1	2	1:1:190 1:1:871
0RB0RD_0LC1RA_1RD1LC_0LD1RB	47	57	67	0.077	0.083	0.000	L	1.18	0.77	log	counter	-	2	2	26	9:011011111:23 9:011111111:18
0RB0RD_0LC1RB_1LD1RD_1RA0LD	1581	4997	15813	0.500	0.500	0.500	LR	6304.10	0.59	sqrt	bouncer	sqrt+sqrt	3	3	17	5:01011:11050 5:00101:4728 3:001:18
0RB0RD_0LC1RD_1LD---_1RA0LD	1667	5273	16667	0.500	0.500	0.500	LR	5981.50	0.62	sqrt	bouncer	sqrt+sqrt	3	3	11	5:01011:9759 5:00101:6874 8:00100101:23
0RB0RD_0LC1RD_1RB1LD_1RA0LD	1507	4763	15079	0.500	0.501	0.500	LR	4721.79	0.57	sqrt	bouncer	sqrt+sqrt	3	3	14	5:01011:14096 5:00101:947 3:001:22
0RB0RD_0RC1LB_1LA1RC_0LB1LD	145	311	670	0.332	0.000	0.334	R	1.00	0.00	cube	sweepctr	-	2	1	3	1:1:500 1:1:167
0RB0RD_1LC0LA_0RD0LB_1LB1RD	48	57	67	0.072	0.073	0.074	LR	1.45	1.35	log	counter	-	2	2	30	9:011011111:20 6:011111:17
0RB0RD_1LC0RC_1RA0LC_0LB1RC	1512	3702	11158	0.434	0.392	0.444	LR	3.00	0.01	sqrt	bouncer_part	other	191	78	7347	10:0101111011:24 7:0111111:16 9:001010101:22 8:01111111:20 3:011:18 8:00100101:18 5:00101:24 7:0111111:32 12:001001011011:25 1:1:17 1:1:23 7:0011011:16 8:01111111:16 9:011111111:21 3:011:17 6:011111:18 8:01111111:17 9:011011111:19 5:01111:17 10:0011101101:21 7:0111111:19 14:01111111111111:28 11:00110110101:27 7:0010101:20 11:01101110111:26 10:0111011111:23 11:01110111111:24 10:0011111011:27 10:0010111011:22 9:010111011:18 14:01011011111011:30 11:00111101101:23 9:010111011:20 9:011101111:19 8:01101111:17 7:0110111:18 8:01101111:16 7:0110111:16 6:011111:16 9:001111011:19 9:011101111:21 7:0010101:16 8:01011011:16 13:0101110111011:26 9:001101101:19 8:00111011:16 8:01101111:16 15:001001001111011:31 7:0010101:21 7:0110111:19 8:01101111:16 4:0111:16 7:0111111:17 9:011101111:19 10:0011111011:22 8:01101111:17 5:01111:21 8:01011011:16 10:0011111011:22 6:011111:16 15:001111011101101:30 10:0010111011:23 3:011:16 8:00000001:17 6:000101:19 9:000010101:18 9:000101001:19 8:00000001:20 10:0001010101:21 7:0010101:17 5:00001:20 8:00010101:18 8:00001001:17 7:0000001:16 7:0010101:20 9:000000001:21 7:0000101:17 10:0000001001:20 9:000010001:18 3:001:19 9:000000101:19 8:00000001:19 7:0010101:19 3:001:20 7:0000101:20 2:01:17 7:0000001:16 9:000100101:21 8:00000101:18 8:00000101:18 3:001:19 4:0001:16 8:00010101:18 8:00001001:18 7:0000101:18 13:0000001000101:28 3:001:27 10:0000010101:27 13:0000000001001:27 8:00010101:19 8:00001001:18 6:000001:18 7:0001001:16 7:0000101:22 8:00000001:18 11:00000000101:23 9:000010001:24 8:00100101:18 5:00001:16 9:000010001:19 15:000001001000101:33 9:000000101:18 9:000001001:19 8:00000001:17 6:000001:18 6:000001:17 8:00001001:16 3:001:19 3:001:17 6:000001:16 10:0001001001:22 9:000100101:24 8:00010101:19 9:000010001:19 8:00000001:16 4:0001:20 8:00000101:19 8:00010101:16 8:00100101:18 10:0000101001:21 8:00000001:17 7:0000101:16 1:0:17 10:0000000101:24 7:0001001:18 8:00001001:16 9:001010101:21 9:000001001:26 5:00001:18 6:000101:17 7:0001001:16 8:00100101:19 14:00010101001001:29 5:00001:16 8:00000101:16 7:0000101:18 13:0000001000001:32 8:00100101:17 11:00000010101:23 9:000010101:19 12:000010000101:29 6:000001:16 13:0000000101001:29 6:000001:25 6:000001:23 8:00010101:18 8:00100101:17 7:0001001:16 8:00000001:17 9:000010101:20 9:001010101:19 8:00100101:17 8:00001001:17 8:00010101:19 12:000100100101:26 7:0010101:22 7:0010101:17 5:00001:17 8:00000101:22 7:0001001:17 7:0000001:19 9:000010101:18 13:0000101000101:32 8:00001001:17 9:000001001:18 5:00101:16 12:001010010101:25 9:000001001:19 9:000000101:18 13:0000001010101:27 10:0001000101:30 8:00000001:18 8:00000001:19 7:0000001:26 8:00100101:20 8:00100101:17 10:0001001001:23 6:000101:16 6:000001:18 7:0000101:17 9:000000001:22
0RB0RD_1LC0RD_1LA1LB_0LB1RA	228	494	1062	0.334	0.000	0.336	R	54287.50	1.00	cube	sweepctr	-	3	2	2	2:01:93 2:01:828 1:1:139
0RB0RD_1LC1RB_1RA0LC_1LB0LC	826	2594	8177	0.498	0.501	0.042	LR	2714.17	0.01	sqrt	bouncer_part	sqrt+log	2	2	16	1:1:8010 1:0:151
0RB0RD_1LC1RB_1RA0LC_1LD0LC	826	2594	8177	0.498	0.501	0.042	LR	2714.17	0.01	sqrt	bouncer_part	sqrt+log	2	2	16	1:1:8010 1:0:151
0RB0RD_1LC1RC_1RA0LC_0LB1RC	1056	3297	10381	0.496	0.502	0.054	LR	2007.39	0.01	sqrt	bouncer_part	sqrt+log	6	2	41	3:011:4372 3:001:3383 3:001:1942 3:001:487 3:001:124 3:001:32
0RB0RD_1LC1RD_1LA1LB_0LB1RA	290	622	1338	0.332	0.334	0.331	LR	84239.90	0.50	cube	sweepctr	-	3	2	3	2:01:204 2:01:764 1:1:367
0RB0RD_1RC---_1LD1RB_0LD0LA	35	41	49	0.073	0.000	0.075	R	40957.50	0.98	log	counter	-	0	0	49	-
0RB0RD_1RC0LA_1LB1RB_0LD0LA	35	41	49	0.073	0.000	0.075	R	40957.50	0.98	log	counter	-	0	0	49	-
0RB0RD_1RC0LD_1LD0RC_1LA1LB	19	22	26	0.068	0.000	0.071	R	2.00	1.88	log	counter	-	0	0	26	-
0RB0RD_1RC0LD_1RD1LC_1LB1RA	1030	3198	10046	0.495	0.501	0.084	LR	3.00	0.01	sqrt	bouncer_part	sqrt+log	3	3	33	4:0111:50 4:0001:9946 1:0:17
0RB0RD_1RC1LB_0RD0RA_1LD0LB	223	484	1044	0.335	0.327	0.342	LR	1.01	0.42	cube	sweepctr	-	3	1	2	1:1:41 1:1:917 1:1:84
0RB0RD_1RC1LD_1LC1RB_0LD0LA	35	41	47	0.064	0.000	0.066	R	24573.50	0.98	log	counter	-	0	0	47	-
0RB0RD_1RC1RB_1LD1LB_0LD0LA	35	41	47	0.064	0.000	0.066	R	24573.50	0.98	log	counter	-	0	0	47	-
0RB1LA_0LC0LC_0RD0LA_1LC1RD	143	309	668	0.335	0.000	0.336	R	1.00	2.00	cube	sweepctr	-	2	1	2	1:1:493 1:1:173
0RB1LA_0LC1LC_0RD0LA_1LC1RD	144	310	669	0.334	0.000	0.335	R	1.00	2.00	cube	sweepctr	-	2	1	2	1:1:499 1:1:168
0RB1LA_0LC1RD_0RD0LA_1LC1RD	145	311	670	0.332	0.000	0.334	R	1.00	2.00	cube	sweepctr	-	2	1	2	1:1:504 1:1:164
0RB1LA_0RC0LD_1LD1RB_0LA---	35	41	49	0.073	0.000	0.075	R	40957.50	0.98	log	counter	-	0	0	49	-
0RB1LA_0RC1LC_1RD0LB_0LA1RC	228	494	1062	0.334	0.337	0.333	LR	1.00	1.00	cube	sweepctr	-	3	2	2	1:1:480 2:01:486 1:1:94
0RB1LA_0RC1LC_1RD0LB_1LA1RC	226	492	1060	0.336	0.339	0.334	LR	1.00	1.99	cube	sweepctr	-	3	2	1	1:1:668 2:01:300 1:1:91
0RB1LA_1LA0LC_0RD0LA_1LC1RD	143	309	668	0.335	0.000	0.336	R	1.00	2.00	cube	sweepctr	-	2	1	2	1:1:494 1:1:172
0RB1LA_1LA1LC_0RD0LA_1LB1RD	181	390	842	0.334	0.000	0.335	R	1.00	2.00	cube	sweepctr	-	2	1	2	1:1:202 1:1:638
0RB1LA_1LA1LC_0RD0LA_1LC1RD	144	310	669	0.334	0.000	0.335	R	1.00	2.00	cube	sweepctr	-	2	1	2	1:1:499 1:1:168
0RB1LA_1LA1RC_1LD1RB_0RB0LD	33	39	47	0.077	0.000	0.079	R	802.54	1.98	log	counter	-	1	1	27	10:0001000101:20
0RB1LA_1LA1RC_1LD1RB_0RC0LD	33	41	47	0.077	0.000	0.079	R	762.38	1.98	log	counter	-	0	0	47	-
0RB1LA_1LA1RC_1LD1RC_---0LA	145	311	670	0.332	0.000	0.334	R	1.00	2.00	cube	sweepctr	-	2	1	2	1:1:503 1:1:165
0RB1LA_1LA1RC_1RB0LD_0RA1LC	227	491	1061	0.335	0.334	0.336	LR	1.00	1.25	cube	sweepctr	-	3	2	2	1:1:27 2:01:782 1:1:250
0RB1LA_1LA1RC_1RB0LD_0RC1LC	228	492	1060	0.334	0.337	0.332	LR	1.00	1.99	cube	sweepctr	-	3	2	1	1:1:864 2:01:106 1:1:89
0RB1LA_1LA1RC_1RB0LD_0RD1LC	226	490	1060	0.336	0.339	0.334	LR	1.00	1.99	cube	sweepctr	-	3	2	1	1:1:244 2:01:376 1:1:439
0RB1LA_1LC0LA_0RD0LB_1RB1RD	113	245	530	0.336	0.000	0.337	R	1.00	3.98	cube	sweepctr	-	2	1	3	1:1:268 1:1:259
0RB1LA_1LC0LA_0RD0LC_1RB1RD	18	22	25	0.071	0.000	0.075	R	2.00	3.62	log	counter	-	0	0	25	-
0RB1LA_1LC0LC_0RD0LA_1LC1RD	143	309	668	0.335	0.000	0.336	R	1.00	2.00	cube	sweepctr	-	2	1	2	1:1:491 1:1:175
0RB1LA_1LC0LD_1LD1RC_0RC0LA	180	390	842	0.335	0.337	0.335	LR	1.00	1.00	cube	sweepctr	-	2	1	2	1:1:608 1:1:232
0RB1LA_1LC1LC_0RD0LA_1LB1RD	181	391	842	0.334	0.000	0.335	R	1.00	2.00	cube	sweepctr	-	2	1	2	1:1:198 1:1:642
0RB1LA_1LC1LC_0RD0LA_1LC1RD	144	310	669	0.334	0.000	0.335	R	1.00	2.00	cube	sweepctr	-	2	1	2	1:1:498 1:1:169
0RB1LA_1LC1LD_1LD1RC_0RC0LA	182	391	842	0.333	0.335	0.333	LR	1.00	1.00	cube	sweepctr	-	2	1	2	1:1:144 1:1:696
0RB1LA_1LC1RB_0LD1LD_0RA0LA	183	392	844	0.332	0.000	0.334	R	1.00	1.00	cube	sweepctr	-	2	1	3	1:1:223 1:1:618
0RB1LA_1LC1RB_0LD1LD_1LA0LA	290	622	1338	0.332	0.333	0.331	LR	5.00	0.50	cube	sweepctr	-	2	1	2	1:1:714 1:1:622
0RB1LA_1LC1RB_0LD1LD_1RA0LA	230	494	1064	0.333	0.334	0.333	LR	1.00	1.00	cube	sweepctr	-	2	1	3	1:1:1019 1:1:42
0RB1LA_1LC1RB_0LD1LD_1RB0LA	290	622	1338	0.332	0.333	0.331	LR	330.38	0.50	cube	sweepctr	-	2	1	2	1:1:712 1:1:624
0RB1LA_1LC1RB_0RA0LA_------	145	311	670	0.332	0.000	0.334	R	1.00	2.00	cube	sweepctr	-	2	1	2	1:1:504 1:1:164
0RB1LA_1LC1RB_0RA0LD_0LC0LA	25	30	35	0.073	0.000	0.078	R	1.62	1.97	log	counter	-	0	0	35	-
0RB1LA_1LC1RB_0RA0LD_0LC1LA	146	312	671	0.331	0.000	0.334	R	1.00	2.00	cube	sweepctr	-	2	1	3	1:1:505 1:1:163
0RB1LA_1LC1RB_0RA0LD_0LC1LD	145	311	670	0.332	0.000	0.335	R	1.00	2.00	cube	sweepctr	-	2	1	3	1:1:500 1:1:167
0RB1LA_1LC1RB_0RA0LD_0RB0LA	24	29	34	0.076	0.000	0.078	R	1.62	2.03	log	counter	-	1	1	11	9:011111111:23
0RB1LA_1LC1RB_0RA0LD_0RB1LA	145	311	670	0.332	0.000	0.334	R	1.00	2.00	cube	sweepctr	-	2	1	2	1:1:504 1:1:164
0RB1LA_1LC1RB_0RA0RD_0LA1LD	144	310	669	0.334	0.000	0.335	R	1.00	2.00	cube	sweepctr	-	2	1	2	1:1:500 1:1:167
0RB1LA_1LC1RB_0RA1LD_0LA0LA	229	493	1063	0.333	0.336	0.333	LR	1.00	1.00	cube	sweepctr	-	2	1	2	1:1:871 1:1:190
0RB1LA_1LC1RB_0RA1LD_0LA0RC	227	493	1061	0.335	0.337	0.334	LR	1.00	1.00	cube	sweepctr	-	2	1	2	1:1:437 1:1:622
0RB1LA_1LC1RB_0RA1LD_0LC0LA	183	392	844	0.332	0.000	0.334	R	1.00	1.00	cube	sweepctr	-	2	1	3	1:1:223 1:1:618
0RB1LA_1LC1RB_0RA1LD_0RA0LA	182	391	843	0.333	0.000	0.334	R	1.00	2.00	cube	sweepctr	-	2	1	2	1:1:223 1:1:618
0RB1LA_1LC1RB_0RA1LD_0RB0LA	182	391	843	0.333	0.000	0.334	R	1.00	2.00	cube	sweepctr	-	2	1	2	1:1:219 1:1:622
0RB1LA_1LC1RB_0RA1LD_0RD0LA	182	391	843	0.333	0.000	0.334	R	1.00	2.00	cube	sweepctr	-	2	1	2	1:1:231 1:1:610
0RB1LA_1LC1RB_0RA1LD_1LB0LA	230	494	1063	0.332	0.334	0.333	LR	1.00	1.00	cube	sweepctr	-	2	1	2	1:1:1019 1:1:42
0RB1LA_1LC1RB_0RA1LD_1LC0LA	229	493	1063	0.333	0.336	0.333	LR	1.00	1.00	cube	sweepctr	-	2	1	2	1:1:871 1:1:190
0RB1LA_1LC1RB_0RA1LD_1RC0LA	229	493	1063	0.333	0.336	0.333	LR	1.00	1.00	cube	sweepctr	-	2	1	2	1:1:873 1:1:188
0RB1LA_1LC1RB_0RB0LA_------	145	311	670	0.332	0.000	0.334	R	1.00	2.00	cube	sweepctr	-	2	1	2	1:1:503 1:1:165
0RB1LA_1LC1RB_0RB0LD_0RB0LA	24	29	34	0.076	0.000	0.078	R	1.62	1.97	log	counter	-	0	0	34	-
0RB1LA_1LC1RB_0RB0LD_0RB1LA	145	311	670	0.332	0.000	0.334	R	1.00	2.00	cube	sweepctr	-	2	1	2	1:1:503 1:1:165
0RB1LA_1LC1RB_0RB0RD_0LA1LD	144	310	669	0.334	0.000	0.335	R	1.00	2.00	cube	sweepctr	-	2	1	2	1:1:499 1:1:168
0RB1LA_1LC1RB_0RB1LD_0LA0LA	229	493	1063	0.333	0.336	0.333	LR	1.00	1.00	cube	sweepctr	-	2	1	2	1:1:871 1:1:190
0RB1LA_1LC1RB_0RB1LD_0LA0RC	227	493	1061	0.335	0.337	0.334	LR	1.00	1.00	cube	sweepctr	-	2	1	2	1:1:435 1:1:624
0RB1LA_1LC1RB_0RB1LD_0LC0LA	229	493	1063	0.333	0.336	0.333	LR	1.00	1.00	cube	sweepctr	-	2	1	2	1:1:871 1:1:190
0RB1LA_1LC1RB_0RB1LD_0RA0LA	182	391	843	0.333	0.000	0.334	R	1.00	2.00	cube	sweepctr	-	2	1	2	1:1:219 1:1:622
0RB1LA_1LC1RB_0RB1LD_0RA0LC	33	40	47	0.077	0.000	0.079	R	1.43	1.98	log	counter	-	0	0	47	-
0RB1LA_1LC1RB_0RB1LD_0RB0LA	182	391	843	0.333	0.000	0.334	R	1.00	2.00	cube	sweepctr	-	2	1	2	1:1:215 1:1:626
0RB1LA_1LC1RB_0RB1LD_0RD0LA	182	391	843	0.333	0.000	0.334	R	1.00	2.00	cube	sweepctr	-	2	1	2	1:1:223 1:1:618
0RB1LA_1LC1RB_0RB1LD_1LB0LA	230	494	1063	0.332	0.334	0.333	LR	1.00	1.00	cube	sweepctr	-	2	1	2	1:1:1019 1:1:42
0RB1LA_1LC1RB_0RB1LD_1LC0LA	229	493	1063	0.333	0.336	0.333	LR	1.00	1.00	cube	sweepctr	-	2	1	2	1:1:869 1:1:192
0RB1LA_1LC1RB_0RB1LD_1RC0LA	229	493	1063	0.333	0.336	0.333	LR	1.00	1.00	cube	sweepctr	-	2	1	2	1:1:871 1:1:190
0RB1LA_1LC1RB_0RC1LD_0RA0LA	182	391	843	0.333	0.000	0.334	R	1.00	2.00	cube	sweepctr	-	2	1	2	1:1:227 1:1:614
0RB1LA_1LC1RB_0RC1LD_0RB0LA	182	391	843	0.333	0.000	0.334	R	1.00	2.00	cube	sweepctr	-	2	1	2	1:1:219 1:1:622
0RB1LA_1LC1RB_0RC1LD_1LA0LA	228	494	1062	0.334	0.336	0.334	LR	1.00	1.00	cube	sweepctr	-	2	1	2	1:1:440 1:1:620
0RB1LA_1LC1RB_0RC1LD_1RA0LA	228	494	1062	0.334	0.336	0.334	LR	1.00	1.00	cube	sweepctr	-	2	1	2	1:1:442 1:1:618
0RB1LA_1LC1RB_0RC1LD_1RB0LA	228	494	1062	0.334	0.336	0.334	LR	1.00	1.00	cube	sweepctr	-	2	1	2	1:1:438 1:1:622
0RB1LA_1LC1RB_0RD0LD_0RB1LA	145	311	670	0.332	0.000	0.334	R	1.00	2.00	cube	sweepctr	-	2	1	2	1:1:504 1:1:164
0RB1LA_1LC1RB_1LA0LA_------	182	392	844	0.333	0.335	0.333	LR	1.00	1.00	cube	sweepctr	-	2	1	2	1:1:615 1:1:227
0RB1LA_1LC1RB_1LA0LD_0RB1LA	182	392	844	0.333	0.335	0.333	LR	1.00	1.00	cube	sweepctr	-	2	1	2	1:1:615 1:1:227
0RB1LA_1LC1RB_1LA0LD_0RC1LA	145	311	670	0.332	0.000	0.335	R	1.00	2.00	cube	sweepctr	-	2	1	2	1:1:503 1:1:165
0RB1LA_1LC1RB_1LA0LD_1RC1LA	182	392	844	0.333	0.335	0.333	LR	1.00	1.00	cube	sweepctr	-	2	1	2	1:1:615 1:1:227
0RB1LA_1LC1RB_1LA0RD_0LA1LD	182	390	842	0.333	0.335	0.333	LR	1.00	1.00	cube	sweepctr	-	2	1	2	1:1:147 1:1:693
0RB1LA_1LC1RB_1LA1LD_---0LA	228	494	1062	0.334	0.336	0.334	LR	1.00	1.00	cube	sweepctr	-	2	1	2	1:1:438 1:1:622
0RB1LA_1LC1RB_1LA1LD_0LA0RC	228	492	1062	0.334	0.336	0.334	LR	1.00	1.00	cube	sweepctr	-	2	1	2	1:1:866 1:1:194
0RB1LA_1LC1RB_1LD0LD_0RB1LA	182	392	844	0.333	0.335	0.333	LR	1.00	1.00	cube	sweepctr	-	2	1	2	1:1:615 1:1:227
0RB1LA_1LC1RB_1LD0LD_1RC1LA	182	392	844	0.333	0.333	0.335	LR	1.00	1.00	cube	sweepctr	-	2	1	2	1:1:615 1:1:227
0RB1LA_1LC1RB_1LD0RD_0RA0LA	226	492	1060	0.336	0.337	0.336	LR	1.00	1.00	cube	sweepctr	-	2	1	2	1:1:432 1:1:626
0RB1LA_1LC1RB_1LD0RD_0RB0LA	226	492	1060	0.336	0.337	0.336	LR	1.00	1.00	cube	sweepctr	-	2	1	2	1:1:428 1:1:630
0RB1LA_1LC1RB_1LD0RD_1LA0LA	227	491	1061	0.335	0.336	0.336	LR	1.00	1.00	cube	sweepctr	-	2	1	2	1:1:865 1:1:194
0RB1LA_1LC1RB_1LD0RD_1RA0LA	227	491	1061	0.335	0.336	0.336	LR	1.00	1.00	cube	sweepctr	-	2	1	2	1:1:865 1:1:194
0RB1LA_1LC1RB_1LD0RD_1RB0LA	227	491	1061	0.335	0.336	0.336	LR	1.00	1.00	cube	sweepctr	-	2	1	2	1:1:863 1:1:196
0RB1LA_1LC1RB_1LD1LD_0RA0LA	228	494	1062	0.334	0.336	0.334	LR	1.00	1.00	cube	sweepctr	-	2	1	2	1:1:440 1:1:620
0RB1LA_1LC1RB_1LD1LD_0RB0LA	228	494	1062	0.334	0.336	0.334	LR	1.00	1.00	cube	sweepctr	-	2	1	2	1:1:438 1:1:622
0RB1LA_1LC1RB_1RA0LA_------	182	392	844	0.333	0.335	0.333	LR	1.00	1.00	cube	sweepctr	-	2	1	2	1:1:616 1:1:226
0RB1LA_1LC1RB_1RA0LD_0LC1LA	208	448	967	0.334	0.336	0.332	LR	62645.07	0.67	cube	sweepctr	-	2	1	2	1:1:884 1:1:81
0RB1LA_1LC1RB_1RA0LD_0RB1LA	182	392	844	0.333	0.335	0.333	LR	1.00	1.00	cube	sweepctr	-	2	1	2	1:1:616 1:1:226
0RB1LA_1LC1RB_1RA0LD_0RC1LA	145	311	670	0.332	0.000	0.335	R	1.00	2.00	cube	sweepctr	-	2	1	2	1:1:504 1:1:164
0RB1LA_1LC1RB_1RA0LD_1RC1LA	182	392	844	0.333	0.335	0.333	LR	1.00	1.00	cube	sweepctr	-	2	1	2	1:1:616 1:1:226
0RB1LA_1LC1RB_1RA0RD_0LA1LD	182	390	842	0.333	0.335	0.333	LR	1.00	1.00	cube	sweepctr	-	2	1	2	1:1:150 1:1:690
0RB1LA_1LC1RB_1RA1LD_---0LA	228	494	1062	0.334	0.336	0.334	LR	1.00	1.00	cube	sweepctr	-	2	1	2	1:1:440 1:1:620
0RB1LA_1LC1RB_1RA1LD_0LA0RC	228	492	1062	0.334	0.336	0.334	LR	1.00	1.00	cube	sweepctr	-	2	1	2	1:1:868 1:1:192
0RB1LA_1LC1RB_1RB0LA_------	182	392	844	0.333	0.335	0.333	LR	1.00	1.00	cube	sweepctr	-	2	1	2	1:1:614 1:1:228
0RB1LA_1LC1RB_1RB0LD_0RB1LA	182	392	844	0.333	0.335	0.333	LR	1.00	1.00	cube	sweepctr	-	2	1	2	1:1:614 1:1:228
0RB1LA_1LC1RB_1RB0LD_0RC1LA	145	311	670	0.332	0.000	0.335	R	1.00	2.00	cube	sweepctr	-	2	1	2	1:1:501 1:1:167
0RB1LA_1LC1RB_1RB0LD_1RC1LA	182	392	844	0.333	0.335	0.333	LR	1.00	1.00	cube	sweepctr	-	2	1	2	1:1:614 1:1:228
0RB1LA_1LC1RB_1RB0RD_0LA1LD	182	390	842	0.333	0.335	0.333	LR	1.00	1.00	cube	sweepctr	-	2	1	2	1:1:144 1:1:696
0RB1LA_1LC1RB_1RB1LD_---0LA	228	494	1062	0.334	0.336	0.334	LR	1.00	1.00	cube	sweepctr	-	2	1	2	1:1:436 1:1:624
0RB1LA_1LC1RB_1RB1LD_0LA0RC	228	492	1062	0.334	0.336	0.334	LR	1.00	1.00	cube	sweepctr	-	2	1	2	1:1:866 1:1:194
0RB1LA_1LC1RB_1RD0LA_0LB0RD	19	22	26	0.068	0.079	0.000	L	2.00	1.92	log	counter	-	0	0	26	-
0RB1LA_1LC1RB_1RD0LA_0LC0RD	18	22	25	0.071	0.083	0.000	L	2.00	1.92	log	counter	-	0	0	25	-
0RB1LA_1LC1RB_1RD0LC_0RD0LA	18	22	25	0.071	0.079	0.000	L	2.00	3.92	log	counter	-	0	0	25	-
0RB1LA_1LC1RB_1RD0LD_0RB1LA	182	392	844	0.333	0.335	0.333	LR	1.00	1.00	cube	sweepctr	-	2	1	2	1:1:616 1:1:226
0RB1LA_1LC1RB_1RD0LD_0RC1LA	145	311	670	0.332	0.000	0.335	R	1.00	2.00	cube	sweepctr	-	2	1	2	1:1:504 1:1:164
0RB1LA_1LC1RB_1RD0LD_1RC1LA	182	392	844	0.333	0.335	0.333	LR	1.00	1.00	cube	sweepctr	-	2	1	2	1:1:616 1:1:226
0RB1LA_1LC1RB_1RD1LD_0RA0LA	228	494	1062	0.334	0.336	0.334	LR	1.00	1.00	cube	sweepctr	-	2	1	2	1:1:448 1:1:612
0RB1LA_1LC1RB_1RD1LD_0RB0LA	228	494	1062	0.334	0.336	0.334	LR	1.00	1.00	cube	sweepctr	-	2	1	2	1:1:446 1:1:614
0RB1LA_1LC1RC_1LD1RC_0RA0LA	182	392	844	0.333	0.335	0.333	LR	1.00	1.00	cube	sweepctr	-	2	1	2	1:1:616 1:1:226
0RB1LA_1LC1RC_1LD1RC_0RB0LA	182	392	844	0.333	0.335	0.333	LR	1.00	1.00	cube	sweepctr	-	2	1	2	1:1:615 1:1:227
0RB1LA_1LC1RC_1LD1RC_0RC0LA	182	392	844	0.333	0.335	0.333	LR	1.00	1.00	cube	sweepctr	-	2	1	2	1:1:615 1:1:227
0RB1LA_1LC1RC_1LD1RC_1LA0LA	209	449	965	0.332	0.334	0.331	LR	436645.50	0.67	cube	sweepctr	-	2	1	2	1:1:397 1:1:566
0RB1LA_1LC1RC_1LD1RC_1RA0LA	209	449	965	0.332	0.334	0.331	LR	145548.50	0.67	cube	sweepctr	-	2	1	2	1:1:398 1:1:565
0RB1LA_1LC1RC_1LD1RC_1RB0LA	209	449	965	0.332	0.334	0.331	LR	233.38	0.67	cube	sweepctr	-	2	1	2	1:1:397 1:1:566
0RB1LA_1LC1RC_1LD1RC_1RC0LA	209	449	965	0.332	0.334	0.331	LR	233.38	0.67	cube	sweepctr	-	2	1	2	1:1:397 1:1:566
0RB1LA_1LC1RD_0RA0LA_0LD1RB	144	311	669	0.334	0.000	0.335	R	1.00	2.00	cube	sweepctr	-	2	1	2	1:1:172 1:1:495
0RB1LA_1LC1RD_0RA0LA_1LC1RB	145	311	670	0.332	0.000	0.334	R	1.00	2.00	cube	sweepctr	-	2	1	2	1:1:504 1:1:164
0RB1LA_1LC1RD_0RA0LA_1LC1RD	145	311	670	0.332	0.000	0.334	R	1.00	2.00	cube	sweepctr	-	2	1	2	1:1:504 1:1:164
0RB1LA_1LC1RD_0RB0LA_0LD1RB	144	311	669	0.334	0.000	0.335	R	1.00	2.00	cube	sweepctr	-	2	1	2	1:1:168 1:1:499
0RB1LA_1LC1RD_0RB0LA_1LC1RB	145	311	670	0.332	0.000	0.334	R	1.00	2.00	cube	sweepctr	-	2	1	2	1:1:503 1:1:165
0RB1LA_1LC1RD_0RB0LA_1LC1RD	145	311	670	0.332	0.000	0.334	R	1.00	2.00	cube	sweepctr	-	2	1	2	1:1:503 1:1:165
0RB1LA_1LC1RD_0RB0LC_1LA1RB	34	40	46	0.066	0.000	0.067	R	584.54	1.98	log	counter	-	0	0	46	-
0RB1LA_1LC1RD_0RD0LA_0LD1RB	144	311	669	0.334	0.000	0.335	R	1.00	2.00	cube	sweepctr	-	2	1	2	1:1:168 1:1:499
0RB1LA_1LC1RD_0RD0LA_1LC1RB	145	311	670	0.332	0.000	0.334	R	1.00	2.00	cube	sweepctr	-	2	1	2	1:1:503 1:1:165
0RB1LA_1LC1RD_0RD0LA_1LC1RD	145	311	670	0.332	0.000	0.334	R	1.00	2.00	cube	sweepctr	-	2	1	2	1:1:503 1:1:165
0RB1LA_1LC1RD_0RD0LC_0LA1RB	19	22	25	0.060	0.000	0.062	R	2.00	2.88	log	counter	-	0	0	25	-
0RB1LA_1LC1RD_0RD0LC_1LA1RB	34	40	46	0.066	0.000	0.067	R	584.54	1.98	log	counter	-	0	0	46	-
0RB1LA_1LC1RD_1LA0LA_0LD1RB	182	392	844	0.333	0.335	0.333	LR	1.00	1.00	cube	sweepctr	-	2	1	2	1:1:745 1:1:97
0RB1LA_1LC1RD_1LA0LA_1LC1RB	182	392	844	0.333	0.335	0.333	LR	1.00	1.00	cube	sweepctr	-	2	1	2	1:1:615 1:1:227
0RB1LA_1LC1RD_1LA0LA_1LC1RD	182	392	844	0.333	0.335	0.333	LR	1.00	1.00	cube	sweepctr	-	2	1	2	1:1:615 1:1:227
0RB1LA_1LC1RD_1LD1RC_0RC0LA	319	696	1505	0.337	0.333	0.339	LR	0.13	0.86	cube	sweepctr	-	3	2	1	2:01:356 1:1:970 1:1:178
0RB1LA_1LC1RD_1RA0LA_0LD1RB	182	392	844	0.333	0.335	0.333	LR	1.00	1.00	cube	sweepctr	-	2	1	2	1:1:746 1:1:96
0RB1LA_1LC1RD_1RA0LA_1LC1RB	182	392	844	0.333	0.335	0.333	LR	1.00	1.00	cube	sweepctr	-	2	1	2	1:1:616 1:1:226
0RB1LA_1LC1RD_1RA0LA_1LC1RD	182	392	844	0.333	0.335	0.333	LR	1.00	1.00	cube	sweepctr	-	2	1	2	1:1:616 1:1:226
0RB1LA_1LC1RD_1RB0LA_0LD1RB	182	392	844	0.333	0.335	0.333	LR	1.00	1.00	cube	sweepctr	-	2	1	2	1:1:745 1:1:97
0RB1LA_1LC1RD_1RB0LA_1LC1RB	182	392	844	0.333	0.335	0.333	LR	1.00	1.00	cube	sweepctr	-	2	1	2	1:1:614 1:1:228
0RB1LA_1LC1RD_1RB0LA_1LC1RD	182	392	844	0.333	0.335	0.333	LR	1.00	1.00	cube	sweepctr	-	2	1	2	1:1:614 1:1:228
0RB1LA_1LC1RD_1RD0LA_0LD1RB	182	392	844	0.333	0.335	0.333	LR	1.00	1.00	cube	sweepctr	-	2	1	2	1:1:744 1:1:98
0RB1LA_1LC1RD_1RD0LA_1LC1RB	182	392	844	0.333	0.335	0.333	LR	1.00	1.00	cube	sweepctr	-	2	1	2	1:1:614 1:1:228
0RB1LA_1LC1RD_1RD0LA_1LC1RD	182	392	844	0.333	0.335	0.333	LR	1.00	1.00	cube	sweepctr	-	2	1	2	1:1:614 1:1:228
0RB1LA_1RC0LA_0LC1RD_1LB1RD	144	310	669	0.334	0.000	0.335	R	1.00	2.00	cube	sweepctr	-	2	1	2	1:1:498 1:1:169
0RB1LA_1RC0LA_0LD0RD_1LD1LB	240	513	1107	0.332	0.334	0.330	LR	89.40	0.67	cube	sweepctr	-	2	1	2	1:1:1066 1:1:39
0RB1LA_1RC0LA_0LD1LD_1LB1RD	143	309	668	0.335	0.000	0.336	R	1.00	2.00	cube	sweepctr	-	2	1	2	1:1:491 1:1:175
0RB1LA_1RC0LA_0LD1RB_---1LB	35	41	47	0.064	0.069	0.062	LR	2.00	0.98	log	counter	-	1	1	31	2:01:16
0RB1LA_1RC0LA_0LD1RB_1LB0RC	35	41	47	0.064	0.069	0.062	LR	2.00	0.98	log	counter	-	1	1	31	2:01:16
0RB1LA_1RC0LA_0LD1RD_1LB1RD	144	310	669	0.334	0.000	0.335	R	1.00	2.00	cube	sweepctr	-	2	1	2	1:1:498 1:1:169
0RB1LA_1RC0LA_0RD0RD_1LD1LB	189	408	877	0.333	0.336	0.333	LR	1.00	1.33	cube	sweepctr	-	3	1	3	1:1:27 1:1:355 1:1:492
0RB1LA_1RC0LA_0RD1RB_1LD0LB	36	42	48	0.062	0.069	0.060	LR	2.00	0.96	log	counter	-	1	1	31	8:01011111:17
0RB1LA_1RC0LA_1LA0RD_1LD1LB	189	408	877	0.333	0.336	0.333	LR	1.00	1.33	cube	sweepctr	-	2	1	2	1:1:386 1:1:489
0RB1LA_1RC0LA_1LA1LD_1LB1RD	143	309	668	0.335	0.000	0.336	R	1.00	2.00	cube	sweepctr	-	2	1	2	1:1:491 1:1:175
0RB1LA_1RC0LA_1LA1RD_1LB1RD	144	310	669	0.334	0.000	0.335	R	1.00	2.00	cube	sweepctr	-	2	1	2	1:1:498 1:1:169
0RB1LA_1RC0LA_1LB0RD_1LD1LB	189	408	877	0.333	0.336	0.333	LR	1.00	1.33	cube	sweepctr	-	3	1	3	1:1:152 1:1:233 1:1:489
0RB1LA_1RC0LA_1LB1LD_1LB1RD	143	309	668	0.335	0.000	0.336	R	1.00	2.00	cube	sweepctr	-	2	1	2	1:1:490 1:1:176
0RB1LA_1RC0LA_1LB1RD_1LB1RD	144	310	669	0.334	0.000	0.335	R	1.00	2.00	cube	sweepctr	-	2	1	2	1:1:496 1:1:171
0RB1LA_1RC0LA_1LC0RD_1LD1LB	189	408	877	0.333	0.336	0.333	LR	1.00	1.33	cube	sweepctr	-	3	1	3	1:1:152 1:1:233 1:1:489
0RB1LA_1RC0LA_1LC1LD_1LB1RD	207	447	963	0.334	0.336	0.331	LR	233.62	0.67	cube	sweepctr	-	2	1	2	1:1:388 1:1:573
0RB1LA_1RC0LA_1LC1RD_1LB1RD	144	310	669	0.334	0.000	0.335	R	1.00	1.99	cube	sweepctr	-	2	1	2	1:1:495 1:1:172
0RB1LA_1RC0LA_1LD0RD_1LD1LB	189	408	878	0.334	0.336	0.333	LR	1.00	1.33	cube	sweepctr	-	3	1	3	1:1:59 1:1:576 1:1:240
0RB1LA_1RC0LA_1LD1LD_1LB1RD	143	309	668	0.335	0.000	0.336	R	1.00	1.99	cube	sweepctr	-	2	1	2	1:1:487 1:1:179
0RB1LA_1RC0LA_1LD1RB_---1LB	32	39	45	0.074	0.073	0.079	LR	2.00	1.93	log	counter	-	1	1	25	4:0111:20
0RB1LA_1RC0LA_1LD1RD_1LB1RD	144	310	669	0.334	0.000	0.335	R	1.00	1.99	cube	sweepctr	-	2	1	2	1:1:495 1:1:172
0RB1LA_1RC0LA_1RD1LD_1LB1RD	143	309	668	0.335	0.000	0.336	R	1.00	1.99	cube	sweepctr	-	2	1	2	1:1:486 1:1:180
0RB1LA_1RC0LA_1RD1RD_1LB1RD	144	310	669	0.334	0.000	0.335	R	1.00	1.99	cube	sweepctr	-	2	1	2	1:1:494 1:1:173
0RB1LA_1RC0LD_1LA1RB_0RB1LB	227	493	1061	0.335	0.000	0.336	R	271440.50	1.00	cube	sweepctr	-	3	2	1	1:1:48 2:01:918 1:1:94
0RB1LA_1RC0LD_1LA1RB_0RD1LB	227	491	1061	0.335	0.000	0.336	R	271960.50	1.00	cube	sweepctr	-	3	2	1	1:1:498 2:01:112 1:1:450
0RB1LA_1RC0LD_1LD1RC_0RC0LA	143	309	668	0.335	0.000	0.336	R	1.00	2.00	cube	sweepctr	-	2	1	2	1:1:490 1:1:176
0RB1LA_1RC1LB_0LB1RD_0LA0RC	33	40	47	0.077	0.083	0.000	L	1.43	1.96	log	counter	-	0	0	47	-
0RB1LA_1RC1LC_0LA1RD_0RC0RD	1419	4479	14150	0.499	0.057	0.501	LR	3530.50	0.01	sqrt	bouncer_part	sqrt+log	10	3	10	15:010101010101011:38 13:0101010101011:26 2:01:43 2:01:111 2:01:222 2:01:443 2:01:885 2:01:1768 2:01:3534 2:01:7070
0RB1LA_1RC1LC_0RD0LA_1LB1RD	181	390	842	0.334	0.000	0.335	R	1.00	2.00	cube	sweepctr	-	2	1	2	1:1:214 1:1:626
0RB1LA_1RC1LC_1LD0RC_0LA0LC	1581	4997	15813	0.500	0.500	0.500	LR	4.56	0.59	sqrt	bouncer	sqrt+sqrt	3	3	18	3:001:18 5:00101:4728 5:01011:11049
0RB1LA_1RC1LD_1LB1RC_0RC0LA	181	391	842	0.334	0.000	0.335	R	1.00	2.00	cube	sweepctr	-	2	1	2	1:1:194 1:1:646
0RB1LA_1RC1LD_1LD1RC_0RC0LA	144	310	669	0.334	0.000	0.335	R	1.00	2.00	cube	sweepctr	-	2	1	2	1:1:496 1:1:171
0RB1LA_1RC1RB_0LD0RC_0LA1LD	19	23	26	0.068	0.079	0.000	L	2.00	22.08	log	counter	-	0	0	26	-
0RB1LA_1RC1RB_1LC0LD_0RA0LA	287	619	1337	0.334	0.000	0.335	R	217469.50	0.00	cube	sweepctr	-	3	2	2	1:0:668 1:1:501 1:1:166
0RB1LA_1RC1RB_1LC0LD_1RA0LA	287	619	1337	0.334	0.000	0.335	R	217469.50	0.00	cube	sweepctr	-	3	1	3	1:1:667 1:1:501 1:1:166
0RB1LA_1RC1RB_1LD0LA_0RB0LD	19	22	25	0.060	0.000	0.062	R	2.00	3.71	log	counter	-	0	0	25	-
0RB1LA_1RC1RB_1LD0LA_0RC0LD	18	22	25	0.071	0.000	0.075	R	2.00	3.71	log	counter	-	0	0	25	-
0RB1LA_1RC1RB_1LD1LA_0RB0LD	33	41	47	0.077	0.000	0.079	R	32764.50	1.93	log	counter	-	0	0	47	-
0RB1LA_1RC1RB_1LD1LA_0RC0LD	33	39	45	0.067	0.000	0.069	R	24546.50	0.98	log	counter	-	1	1	20	12:000000010001:25
0RB1LA_1RC1RC_1LD1RC_---0LA	145	311	670	0.332	0.000	0.334	R	1.00	2.00	cube	sweepctr	-	2	1	2	1:1:501 1:1:167
0RB1LB_0LC0LC_0RD1LA_1LC1RD	48	57	68	0.076	0.083	0.074	LR	1.45	1.36	log	counter	-	2	2	33	1:1:18 6:011111:17
0RB1LB_0LC1LC_0RD0LA_1LA1RD	47	58	68	0.080	0.083	0.081	LR	1.43	1.39	log	counter	-	2	2	28	3:011:17 9:011011111:23
0RB1LB_0LC1RD_1LA0LD_1LB0RD	1443	4605	14182	0.496	0.498	0.048	LR	1.00	0.01	sqrt	bouncer_part	sqrt+log	4	3	12	2:01:1172 2:01:4549 3:011:7889 3:001:560
0RB1LB_0LC1RD_1LA1LB_1LB0RD	1388	4384	13868	0.500	0.500	0.500	LR	5.55	0.52	sqrt	bouncer	sqrt+sqrt	3	3	7	13:0010010100101:27 5:00101:7055 5:01011:6779
0RB1LB_0LC1RD_1LA1LC_1RB0RB	1190	3762	11889	0.500	0.500	0.499	LR	0.14	0.46	sqrt	bouncer_part	sqrt+sqrt	565	3	849	10:0110110111:20 10:0110110111:20 10:0110110111:20 10:0110110111:20 10:0110110111:20 10:0110110111:20 10:0110110111:20 10:0110110111:20 10:0110110111:20 10:0110110111:20 10:0110110111:20 10:0110110111:20 10:0110110111:20 10:0110110111:20 10:0110110111:20 10:0110110111:20 10:0110110111:20 10:0110110111:20 10:0110110111:20 10:0110110111:20 10:0110110111:20 10:0110110111:20 10:0110110111:20 10:0110110111:20 10:0110110111:20 10:0110110111:20 10:0110110111:20 10:0110110111:20 10:0110110111:20 10:0110110111:20 10:0110110111:20 10:0110110111:20 10:0110110111:20 10:0110110111:20 10:0110110111:20 10:0110110111:20 10:0110110111:20 10:0110110111:20 10:0110110111:20 10:0110110111:20 10:0110110111:20 10:0110110111:20 10:0110110111:20 10:0110110111:20 10:0110110111:20 10:0110110111:20 10:0110110111:20 10:0110110111:20 10:0110110111:20 10:0110110111:20 10:0110110111:20 10:0110110111:20 10:0110110111:20 10:0110110111:20 10:0110110111:20 10:0110110111:20 10:0110110111:20 10:0110110111:20 10:0110110111:20 10:0110110111:20 10:0110110111:20 10:0110110111:20 10:0110110111:20 10:0110110111:20 10:0110110111:20 10:0110110111:20 10:0110110111:20 10:0110110111:20 10:0110110111:20 10:0110110111:20 10:0110110111:20 10:0110110111:20 10:0110110111:20 10:0110110111:20 10:0110110111:20 10:0110110111:20 10:0110110111:20 10:0110110111:20 10:0110110111:20 10:0110110111:20 10:0110110111:20 10:0110110111:20 10:0110110111:20 10:0110110111:20 10:0110110111:20 10:0110110111:20 10:0110110111:20 10:0110110111:20 10:0110110111:20 10:0110110111:20 10:0110110111:20 10:0110110111:20 10:0110110111:20 10:0110110111:20 10:0110110111:20 10:0110110111:20 10:0110110111:20 10:0110110111:20 10:0110110111:20 10:0110110111:20 10:0110110111:20 10:0110110111:20 10:0110110111:20 10:0110110111:20 10:0110110111:20 10:0110110111:20 10:0110110111:20 10:0110110111:20 10:0110110111:20 10:0110110111:20 10:0110110111:20 10:0110110111:20 10:0110110111:20 10:0110110111:20 10:0110110111:20 10:0110110111:20 10:0110110111:20 10:0110110111:20 10:0110110111:20 10:0110110111:20 10:0110110111:20 10:0110110111:20 10:0110110111:20 10:0110110111:20 10:0110110111:20 10:0110110111:20 10:0110110111:20 10:0110110111:20 10:0110110111:20 10:0110110111:20 10:0110110111:20 10:0110110111:20 10:0110110111:20 10:0110110111:20 10:0110110111:20 10:0110110111:20 10:0110110111:20 10:0110110111:20 10:0110110111:20 10:0110110111:20 10:0110110111:20 10:0110110111:20 10:0110110111:20 10:0110110111:20 10:0110110111:20 10:0110110111:20 10:0110110111:20 10:0110110111:20 10:0110110111:20 10:0110110111:20 10:0110110111:20 10:0110110111:20 10:0110110111:20 10:0110110111:20 10:0110110111:20 10:0110110111:20 10:0110110111:20 10:0110110111:20 10:0110110111:20 10:0110110111:20 10:0110110111:20 10:0110110111:20 10:0110110111:20 10:0110110111:20 10:0110110111:20 10:0110110111:20 10:0110110111:20 10:0110110111:20 10:0110110111:20 10:0110110111:20 10:0110110111:20 10:0110110111:20 10:0110110111:20 10:0110110111:20 10:0110110111:20 10:0110110111:20 10:0110110111:20 10:0110110111:20 10:0110110111:20 10:0110110111:20 10:0110110111:20 10:0110110111:20 10:0110110111:20 10:0110110111:20 10:0110110111:20 10:0110110111:20 10:0110110111:20 10:0110110111:20 10:0110110111:20 10:0110110111:20 10:0110110111:20 10:0110110111:20 10:0110110111:20 10:0110110111:20 10:0110110111:20 10:0110110111:20 10:0110110111:20 10:0110110111:20 10:0110110111:20 10:0110110111:20 10:0110110111:20 10:0110110111:20 10:0110110111:20 10:0110110111:20 10:0110110111:20 10:0110110111:20 10:0110110111:20 10:0110110111:20 10:0110110111:20 10:0110110111:20 10:0110110111:20 10:0110110111:20 10:0110110111:20 10:0110110111:20 10:0110110111:20 10:0110110111:20 10:0110110111:20 10:0110110111:20 10:0110110111:20 10:0110110111:20 10:0110110111:20 10:0110110111:20 10:0110110111:20 10:0110110111:20 10:0110110111:20 10:0110110111:20 10:0110110111:20 10:0110110111:20 10:0110110111:20 10:0110110111:20 10:0110110111:20 10:0110110111:20 10:0110110111:20 10:0110110111:20 10:0110110111:20 10:0110110111:20 10:0110110111:20 10:0110110111:20 10:0110110111:20 10:0110110111:20 10:0110110111:20 10:0110110111:20 10:0110110111:20 10:0110110111:20 10:0110110111:20 10:0110110111:20 10:0110110111:20 10:0110110111:20 10:0110110111:20 10:0110110111:20 10:0110110111:20 10:0110110111:20 10:0110110111:20 10:0110110111:20 10:0110110111:20 10:0110110111:20 10:0110110111:20 10:0110110111:20 10:0110110111:20 10:0110110111:20 10:0110110111:20 10:0110110111:20 10:0110110111:20 10:0110110111:20 10:0110110111:20 10:0110110111:20 10:0110110111:20 10:0110110111:20 10:0110110111:20 10:0110110111:20 10:0110110111:20 10:0110110111:20 10:0110110111:20 10:0110110111:20 10:0110110111:20 10:0110110111:20 10:0110110111:20 10:0110110111:20 10:0110110111:20 10:0110110111:20 10:0110110111:20 10:0110110111:20 10:0110110111:20 10:0110110111:20 10:0110110111:20 10:0110110111:20 10:0110110111:20 10:0110110111:20 10:0110110111:20 10:0110110111:20 10:0110110111:20 10:0110110111:20 10:0110110111:20 10:0110110111:20 10:0110110111:20 10:0110110111:20 10:0110110111:20 10:0110110111:20 10:0110110111:20 10:0110110111:20 10:0110110111:20 10:0110110111:20 10:0110110111:20 10:0110110111:20 10:0110110111:20 10:0110110111:20 10:0110110111:20 10:0110110111:20 10:0110110111:20 10:0110110111:20 10:0110110111:20 10:0110110111:20 10:0110110111:20 10:0110110111:20 10:0110110111:20 10:0110110111:20 10:0110110111:20 10:0110110111:20 10:0110110111:20 10:0110110111:20 10:0110110111:20 10:0110110111:20 10:0110110111:20 10:0110110111:20 10:0110110111:20 10:0110110111:20 10:0110110111:20 10:0110110111:20 10:0110110111:20 10:0110110111:20 10:0110110111:20 10:0110110111:20 10:0110110111:20 10:0110110111:20 10:0110110111:20 10:0110110111:20 10:0110110111:20 10:0110110111:20 10:0110110111:20 10:0110110111:20 10:0110110111:20 10:0110110111:20 10:0110110111:20 10:0110110111:20 10:0110110111:20 10:0110110111:20 10:0110110111:20 10:0110110111:20 10:0110110111:20 10:0110110111:20 10:0110110111:20 10:0110110111:20 10:0110110111:20 10:0110110111:20 10:0110110111:20 10:0110110111:20 10:0110110111:20 10:0110110111:20 10:0110110111:20 10:0110110111:20 10:0110110111:20 10:0110110111:20 10:0110110111:20 10:0110110111:20 10:0110110111:20 10:0110110111:20 10:0110110111:20 10:0110110111:20 10:0110110111:20 10:0110110111:20 10:0110110111:20 10:0110110111:20 10:0110110111:20 10:0110110111:20 10:0110110111:20 10:0110110111:20 10:0110110111:20 10:0110110111:20 10:0110110111:20 10:0110110111:20 10:0110110111:20 10:0110110111:20 10:0110110111:20 10:0110110111:20 10:0110110111:20 10:0110110111:20 10:0110110111:20 10:0110110111:20 10:0110110111:20 10:0110110111:20 10:0110110111:20 10:0110110111:20 10:0110110111:20 10:0110110111:20 10:0110110111:20 10:0110110111:20 10:0110110111:20 10:0110110111:20 10:0110110111:20 10:0110110111:20 10:0110110111:20 10:0110110111:20 10:0110110111:20 10:0110110111:20 10:0110110111:20 10:0110110111:20 10:0110110111:20 10:0110110111:20 10:0110110111:20 10:0110110111:20 10:0110110111:20 10:0110110111:20 10:0110110111:20 10:0110110111:20 10:0110110111:20 10:0110110111:20 10:0110110111:20 10:0110110111:20 10:0110110111:20 10:0110110111:20 10:0110110111:20 10:0110110111:20 10:0110110111:20 10:0110110111:20 10:0110110111:20 10:0110110111:20 10:0110110111:20 10:0110110111:20 10:0110110111:20 10:0110110111:20 10:0110110111:20 10:0110110111:20 10:0110110111:20 10:0110110111:20 10:0110110111:20 10:0110110111:20 10:0110110111:20 10:0110110111:20 10:0110110111:20 10:0110110111:20 10:0110110111:20 10:0110110111:20 10:0110110111:20 10:0110110111:20 10:0110110111:20 10:0110110111:20 10:0110110111:20 10:0110110111:20 10:0110110111:20 10:0110110111:20 10:0110110111:20 10:0110110111:20 10:0110110111:20 10:0110110111:20 10:0110110111:20 10:0110110111:20 10:0110110111:20 10:0110110111:20 10:0110110111:20 10:0110110111:20 10:0110110111:20 10:0110110111:20 10:0110110111:20 10:0110110111:20 10:0110110111:20 10:0110110111:20 10:0110110111:20 10:0110110111:20 10:0110110111:20 10:0110110111:20 10:0110110111:20 10:0110110111:20 10:0110110111:20 10:0110110111:20 10:0110110111:20 10:0110110111:20 12:011011011111:24 3:011:17 3:011:17 3:011:17 3:011:17 3:011:17 3:011:17 3:011:17 3:011:17 3:011:17 3:011:17 3:011:17 3:011:17 3:011:17 3:011:17 3:011:17 3:011:17 3:011:17 3:011:17 3:011:17 3:011:17 3:011:17 3:011:17 3:011:17 3:011:17 3:011:17 3:011:17 3:011:17 3:011:17 3:011:17 3:011:17 3:011:17 3:011:17 3:011:17 3:011:17 3:011:17 3:011:17 3:011:17 3:011:17 3:011:17 3:011:17 3:011:17 3:011:17 3:011:17 3:011:17 3:011:17 3:011:17 3:011:17 3:011:17 3:011:17 3:011:17 3:011:17 3:011:17 3:011:17 3:011:17 3:011:17 3:011:17 3:011:17 3:011:17 3:011:17 3:011:17 3:011:17 3:011:17 3:011:17 3:011:17 3:011:17 3:011:17 3:011:17 3:011:17 3:011:17 3:011:17 3:011:17 3:011:17 3:011:17 3:011:17 3:011:17 3:011:17 3:011:17 3:011:17 3:011:17 3:011:17 3:011:17 3:011:17 3:011:17 3:011:17 3:011:17 3:011:17 3:011:17 3:011:17
0RB1LB_0RC0LA_1RD1RC_1LA1LD	228	492	1060	0.334	0.000	0.334	R	271434.50	1.00	cube	sweepctr	-	2	2	3	1:1:969 2:01:88
0RB1LB_0RC0LB_1RD1RC_0LA1LD	27	31	36	0.062	0.000	0.065	R	1.62	1.80	log	counter	-	1	1	20	5:00001:16
0RB1LB_0RC0LD_1LD1RC_0LA1LA	46	56	66	0.078	0.000	0.080	R	1.67	1.31	log	counter	-	2	2	23	6:011111:20 9:011011111:23
0RB1LB_0RC1LD_1LA1RC_1RC0LA	48	58	68	0.076	0.000	0.080	R	1.30	0.67	log	counter	-	2	2	33	6:011111:17 9:011011111:18
0RB1LB_0RC1LD_1LA1RC_1RD0LA	47	57	67	0.077	0.000	0.081	R	1.18	0.73	log	counter	-	2	2	28	1:1:16 9:011011111:23
0RB1LB_1LA0LC_0RD1LA_1LC1RD	48	57	68	0.076	0.083	0.074	LR	1.45	1.39	log	counter	-	1	1	51	6:011111:17
0RB1LB_1LA1LC_0RD0LA_1LA1RD	49	58	68	0.071	0.069	0.074	LR	1.42	1.36	log	counter	-	2	1	33	6:011111:17 6:011111:18
0RB1LB_1LA1LC_1RC0RD_0LB0RC	35	41	49	0.073	0.079	0.000	L	40958.50	1.04	log	counter	-	0	0	49	-
0RB1LB_1LA1LC_1RD---_0LB0RD	35	41	49	0.073	0.079	0.000	L	40958.50	1.04	log	counter	-	0	0	49	-
0RB1LB_1LC0LC_0RD1LA_1LC1RD	48	57	68	0.076	0.083	0.074	LR	1.45	1.33	log	counter	-	2	2	25	12:011011011111:26 6:011111:17
0RB1LB_1LC0LD_1LA---_1RD0RB	1281	4047	12792	0.500	0.500	0.500	LR	1.00	1.07	sqrt	bouncer	sqrt+sqrt	2	1	1	1:1:4714 1:1:8077
0RB1LB_1LC1LC_0RD0LA_1LA1RD	49	58	68	0.071	0.069	0.074	LR	1.42	1.33	log	counter	-	2	2	33	1:1:18 6:011111:17
0RB1LB_1LC1LD_1RA0RC_1RC0LD	1106	3476	10967	0.498	0.000	0.502	R	1.00	0.00	sqrt	bouncer_part	sqrt+fix	4	4	22	4:0111:1811 8:00000001:16 1:0:8193 1:1:925
0RB1LB_1LC1RC_1RD0LA_0RC1RB	1227	3875	12249	0.500	0.500	0.499	LR	24434.50	1.02	sqrt	bouncer	sqrt+sqrt	3	3	5	5:01111:6806 2:01:1696 1:0:3742
0RB1LB_1LC1RC_1RD0LA_1LA0RC	1231	3881	12259	0.499	0.501	0.058	LR	15281.50	0.00	sqrt	bouncer_part	sqrt+log	6	1	30	3:011:5223 3:011:3960 3:011:2294 3:011:575 3:011:141 3:011:36
0RB1LB_1RC0LA_0LD1RB_0LA1LD	228	494	1062	0.334	0.336	0.334	LR	1.00	1.00	cube	sweepctr	-	3	2	2	1:1:482 2:01:484 1:1:94
0RB1LB_1RC0LA_0LD1RB_0RA1LD	228	494	1062	0.334	0.336	0.334	LR	1.00	1.00	cube	sweepctr	-	3	2	2	1:1:482 2:01:484 1:1:94
0RB1LB_1RC0LA_0LD1RB_0RC1LD	228	494	1062	0.334	0.336	0.334	LR	1.00	1.00	cube	sweepctr	-	3	2	2	1:1:656 2:01:312 1:1:92
0RB1LB_1RC0LA_0LD1RB_1LA1LD	228	494	1062	0.334	0.336	0.334	LR	1.00	1.00	cube	sweepctr	-	3	2	2	1:1:578 2:01:388 1:1:94
0RB1LB_1RC0LA_0LD1RB_1LB1LD	227	493	1061	0.335	0.337	0.000	L	54287.30	1.00	cube	sweepctr	-	3	2	2	1:1:740 2:01:230 1:1:89
0RB1LB_1RC0LA_0LD1RB_1RA1LD	228	494	1062	0.334	0.336	0.334	LR	1.00	1.00	cube	sweepctr	-	3	2	2	1:1:578 2:01:388 1:1:94
0RB1LB_1RC0LA_0LD1RB_1RB1LD	229	493	1061	0.333	0.335	0.000	L	30159.17	1.00	cube	sweepctr	-	3	2	2	1:1:566 2:01:406 1:1:87
0RB1LB_1RC0LA_0LD1RB_1RC1LD	228	494	1062	0.334	0.336	0.334	LR	1.00	1.00	cube	sweepctr	-	3	2	2	1:1:392 2:01:576 1:1:92
0RB1LB_1RC0LA_1LD1RB_0LA1LD	226	492	1060	0.336	0.337	0.336	LR	1.00	2.00	cube	sweepctr	-	3	2	1	1:1:668 2:01:300 1:1:91
0RB1LB_1RC0LA_1LD1RB_0RA1LD	226	492	1060	0.336	0.337	0.336	LR	1.00	2.00	cube	sweepctr	-	3	2	1	1:1:668 2:01:300 1:1:91
0RB1LB_1RC0LA_1LD1RB_0RB1LD	227	493	1061	0.335	0.000	0.336	R	271440.50	1.00	cube	sweepctr	-	3	2	1	1:1:48 2:01:918 1:1:94
0RB1LB_1RC0LA_1LD1RB_0RC1LD	228	492	1060	0.334	0.335	0.334	LR	1.00	2.00	cube	sweepctr	-	3	2	1	1:1:846 2:01:124 1:1:89
0RB1LB_1RC0LA_1LD1RB_1LA1LD	226	492	1060	0.336	0.337	0.336	LR	1.00	2.00	cube	sweepctr	-	3	2	1	1:1:390 2:01:578 1:1:91
0RB1LB_1RC0LA_1LD1RB_1LB1LD	289	621	1337	0.333	0.333	0.333	LR	84239.70	0.50	cube	sweepctr	-	3	2	1	1:1:300 2:01:832 1:1:204
0RB1LB_1RC0LA_1LD1RB_1RA1LD	226	492	1060	0.336	0.337	0.336	LR	1.00	2.00	cube	sweepctr	-	3	2	1	1:1:390 2:01:578 1:1:91
0RB1LB_1RC0LA_1LD1RB_1RB1LD	289	621	1337	0.333	0.333	0.333	LR	46799.39	0.50	cube	sweepctr	-	3	2	1	1:1:630 2:01:504 1:1:202
0RB1LB_1RC0LA_1LD1RB_1RC1LD	227	492	1060	0.335	0.337	0.334	LR	1.00	2.00	cube	sweepctr	-	3	2	1	1:1:212 2:01:758 1:1:89
0RB1LB_1RC0LD_1LD1RC_0RC1LA	48	57	68	0.076	0.083	0.074	LR	1.45	1.30	log	counter	-	2	2	24	9:011011111:27 6:011111:17
0RB1LB_1RC0RD_0LD1RB_0LA1LD	200	432	928	0.333	0.335	0.333	LR	1.00	1.00	cube	sweepctr	-	3	2	2	1:1:714 2:01:130 1:1:82
0RB1LB_1RC1LB_1LA0RD_0LC1RD	144	310	669	0.334	0.338	0.000	L	1.00	1.99	cube	sweepctr	-	2	1	2	1:1:169 1:1:498
0RB1LB_1RC1LD_1LA0RC_0LD0RB	20	23	26	0.057	0.000	0.060	R	2.00	1.88	log	counter	-	0	0	26	-
0RB1LC_0LC0RD_1RB1LC_0LA1RD	145	311	670	0.332	0.335	0.000	L	1.00	2.00	cube	sweepctr	-	2	1	2	1:1:164 1:1:504
0RB1LC_0LC0RD_1RB1RD_1LA0LA	18	22	25	0.071	0.079	0.000	L	2.00	2.08	log	counter	-	0	0	25	-
0RB1LC_0LC0RD_1RD1LC_0LA1RB	34	40	47	0.070	0.074	0.000	L	1.45	2.00	log	counter	-	1	1	29	8:01011111:18
0RB1LC_0LC1LC_0RD0LA_1LA1RD	33	40	46	0.072	0.000	0.074	R	1.50	2.07	log	counter	-	1	1	30	8:01011111:16
0RB1LC_0LC1RB_1RD1LA_0LA0RD	19	22	25	0.060	0.066	0.000	L	2.00	2.92	log	counter	-	0	0	25	-
0RB1LC_0LC1RD_0RD0LA_1LA1RD	34	40	47	0.070	0.000	0.072	R	1.45	2.02	log	counter	-	0	0	47	-
0RB1LC_1LA0LC_1RB1RD_0RD0LA	18	22	25	0.071	0.079	0.000	L	2.00	2.08	log	counter	-	0	0	25	-
0RB1LC_1LA0LC_1RD0RD_1RB0LA	18	22	25	0.071	0.000	0.075	R	2.00	2.04	log	counter	-	0	0	25	-
0RB1LC_1LA1LC_0RD0LA_1LA1RD	34	40	47	0.070	0.000	0.072	R	1.45	2.02	log	counter	-	0	0	47	-
0RB1LC_1LA1RB_0LA0LD_0RB1LD	229	493	1063	0.333	0.336	0.333	LR	1.00	1.00	cube	sweepctr	-	2	1	2	1:1:871 1:1:190
0RB1LC_1LA1RB_0LA1LD_0RD0RA	47	56	67	0.077	0.083	0.076	LR	1.50	1.32	log	counter	-	2	2	24	6:011111:20 9:011011111:23
0RB1LC_1LA1RB_0LD0LA_0RA---	34	41	48	0.075	0.000	0.079	R	1.43	1.00	log	counter	-	0	0	48	-
0RB1LC_1LA1RB_0LD0LA_0RD1RB	34	41	48	0.075	0.000	0.079	R	1.43	1.00	log	counter	-	0	0	48	-
0RB1LC_1LA1RB_0LD0LA_1RA0RA	34	41	48	0.075	0.000	0.079	R	1.43	1.00	log	counter	-	0	0	48	-
0RB1LC_1LA1RB_0LD0LD_0RB1LD	229	493	1063	0.333	0.336	0.333	LR	1.00	1.00	cube	sweepctr	-	2	1	2	1:1:871 1:1:190
0RB1LC_1LA1RB_0LD0RA_0RB1LD	227	493	1061	0.335	0.337	0.334	LR	1.00	1.00	cube	sweepctr	-	2	1	2	1:1:435 1:1:624
0RB1LC_1LA1RB_0LD1LD_0RA0LA	47	57	67	0.077	0.000	0.080	R	1.33	1.32	log	counter	-	1	1	44	9:011111111:23
0RB1LC_1LA1RB_0RB0LD_0RB1LD	182	391	843	0.333	0.000	0.334	R	1.00	2.00	cube	sweepctr	-	2	1	2	1:1:215 1:1:626
0RB1LC_1LA1RB_0RB1LD_0LA0RC	47	57	68	0.080	0.083	0.081	LR	1.43	1.33	log	counter	-	2	2	28	6:011111:17 9:011011111:23
0RB1LC_1LA1RB_0RC0LD_0RB1LD	182	391	843	0.333	0.000	0.334	R	1.00	2.00	cube	sweepctr	-	2	1	2	1:1:223 1:1:618
0RB1LC_1LA1RB_0RD0LA_---1LA	33	40	47	0.077	0.000	0.079	R	1.43	1.98	log	counter	-	0	0	47	-
0RB1LC_1LA1RB_0RD0LA_0LB1RD	33	40	47	0.077	0.000	0.079	R	1.43	1.98	log	counter	-	0	0	47	-
0RB1LC_1LA1RB_0RD0LA_0RB1LD	33	40	47	0.077	0.000	0.079	R	1.43	1.98	log	counter	-	0	0	47	-
0RB1LC_1LA1RB_0RD0LA_1LB0RD	35	41	48	0.069	0.000	0.070	R	1.42	0.09	log	counter	-	1	1	20	14:01110111111111:28
0RB1LC_1LA1RB_0RD0LA_1LC1RD	34	40	47	0.070	0.000	0.072	R	1.42	1.98	log	counter	-	1	1	31	2:01:16
0RB1LC_1LA1RB_0RD0LA_1RB0LC	33	40	47	0.077	0.000	0.079	R	1.43	1.98	log	counter	-	0	0	47	-
0RB1LC_1LA1RB_0RD0LC_1RD0LA	18	22	25	0.071	0.000	0.075	R	2.00	1.96	log	counter	-	0	0	25	-
0RB1LC_1LA1RB_0RD0LD_0RB1LD	182	391	843	0.333	0.000	0.334	R	1.00	2.00	cube	sweepctr	-	2	1	2	1:1:219 1:1:622
0RB1LC_1LA1RB_0RD1LD_0LA0LA	48	57	68	0.076	0.083	0.074	LR	1.45	1.33	log	counter	-	2	2	33	1:1:18 6:011111:17
0RB1LC_1LA1RB_0RD1LD_1LA0LA	48	57	68	0.076	0.083	0.074	LR	1.45	1.33	log	counter	-	2	2	25	12:011011011111:26 6:011111:17
0RB1LC_1LA1RB_0RD1LD_1LC0LA	48	57	68	0.076	0.083	0.074	LR	1.45	1.33	log	counter	-	1	1	51	6:011111:17
0RB1LC_1LA1RB_0RD1LD_1RB0LA	48	57	68	0.076	0.083	0.074	LR	1.45	1.33	log	counter	-	2	2	24	9:011011111:27 6:011111:17
0RB1LC_1LA1RB_0RD1LD_1RC0LA	48	57	68	0.076	0.083	0.074	LR	1.45	1.33	log	counter	-	1	1	51	6:011111:17
0RB1LC_1LA1RB_0RD1LD_1RD0LA	48	57	68	0.076	0.083	0.074	LR	1.45	1.33	log	counter	-	2	2	34	3:011:17 6:011111:17
0RB1LC_1LA1RB_1LA0LD_0RB1LD	229	493	1063	0.333	0.336	0.333	LR	1.00	1.00	cube	sweepctr	-	2	1	2	1:1:869 1:1:192
0RB1LC_1LA1RB_1LA0RD_0LB1RC	228	494	1062	0.334	0.337	0.333	LR	1.00	1.00	cube	sweepctr	-	3	2	2	1:1:93 2:01:576 1:1:391
0RB1LC_1LA1RB_1LA0RD_0LC1RC	228	494	1062	0.334	0.337	0.333	LR	1.00	1.00	cube	sweepctr	-	3	2	2	1:1:93 2:01:576 1:1:391
0RB1LC_1LA1RB_1LA0RD_0LD1RC	228	492	1062	0.334	0.337	0.333	LR	1.00	1.00	cube	sweepctr	-	3	2	2	1:1:447 2:01:314 1:1:299
0RB1LC_1LA1RB_1LB0LD_0RB1LD	230	494	1063	0.332	0.334	0.333	LR	1.00	1.00	cube	sweepctr	-	2	1	2	1:1:1019 1:1:42
0RB1LC_1LA1RB_1LD0LA_0RD0RB	34	41	48	0.075	0.000	0.079	R	1.43	1.00	log	counter	-	0	0	48	-
0RB1LC_1LA1RB_1LD0RA_0RD0LA	47	56	67	0.077	0.083	0.076	LR	1.50	1.32	log	counter	-	2	2	24	6:011111:20 9:011011111:23
0RB1LC_1LA1RB_1RA0LD_0RB1LD	229	493	1063	0.333	0.336	0.333	LR	1.00	1.00	cube	sweepctr	-	2	1	2	1:1:871 1:1:190
0RB1LC_1LA1RC_1LD0RC_0LA0LC	1507	4763	15079	0.500	0.500	0.500	LR	4.56	0.57	sqrt	bouncer	sqrt+sqrt	4	4	6	3:001:22 9:001010101:18 5:00101:937 5:01011:14096
0RB1LC_1LC0LA_0RD1LB_1LA1RD	48	59	68	0.076	0.083	0.074	LR	1.43	1.33	log	counter	-	2	2	25	12:011011011111:26 6:011111:17
0RB1LC_1LC0LA_0RD1LC_1LB1RD	145	311	670	0.332	0.000	0.334	R	1.00	2.00	cube	sweepctr	-	2	1	2	1:1:503 1:1:165
0RB1LC_1LC0RD_1RD0LC_1LA1RB	833	2602	8187	0.496	0.062	0.501	LR	1.00	0.01	sqrt	bouncer_part	sqrt+log	3	2	9	1:1:16 2:01:7410 1:1:752
0RB1LC_1LC1RB_1LA0RD_0LC1RC	229	493	1061	0.333	0.000	0.335	R	30159.17	1.00	cube	sweepctr	-	3	2	2	1:1:88 2:01:424 1:1:547
0RB1LC_1LC1RB_1LA0RD_0LD1RC	227	491	1061	0.335	0.000	0.337	R	30216.72	1.00	cube	sweepctr	-	3	2	2	1:1:438 2:01:154 1:1:467
0RB1LC_1LC1RD_1LA0LC_0RD1RB	1016	3182	10022	0.497	0.062	0.501	LR	1.00	0.01	sqrt	bouncer_part	sqrt+log	1	1	25	3:011:9997
0RB1LC_1LC1RD_1LA0LC_1RA1RD	1436	4500	14173	0.497	0.501	0.055	LR	2016.64	0.01	sqrt	bouncer_part	sqrt+log	2	2	38	4:0111:2017 4:0011:12118
0RB1LC_1RC---_1LD0RC_0LA0LC	1667	5273	16667	0.500	0.500	0.500	LR	3.57	0.62	sqrt	bouncer	sqrt+sqrt	3	3	10	8:00100101:24 5:00101:6874 5:01011:9759
0RB1LC_1RC0LA_0RD1LC_1LB1RD	145	311	670	0.332	0.000	0.334	R	1.00	1.99	cube	sweepctr	-	2	1	2	1:1:504 1:1:164
0RB1LC_1RC0LA_1LA0RD_0LC1RD	35	41	47	0.064	0.069	0.062	LR	2.00	0.96	log	counter	-	2	2	3	2:01:16 14:01111111111111:28
0RB1LC_1RC0LC_1LD0RC_0LA1LA	1581	4997	15813	0.500	0.500	0.500	LR	3.57	0.59	sqrt	bouncer	sqrt+sqrt	3	3	16	3:001:18 5:00101:6310 5:01011:9469
0RB1LC_1RC0LC_1LD0RC_0LB0LA	1512	3702	11158	0.434	0.445	0.391	LR	3.00	0.01	sqrt	bouncer_part	other	191	77	7351	10:0010010101:21 9:000000001:18 7:0000101:17 6:000001:18 9:000100101:18 10:0001001001:23 8:00100101:17 8:00100101:20 12:000000001001:24 7:0000001:21 8:00000001:19 7:0000001:17 6:000101:16 13:0000001010101:27 9:000000101:18 6:000001:16 5:00101:23 6:000101:19 9:000001001:18 8:00001001:17 13:0000101000101:32 9:000010101:18 7:0000001:19 7:0001001:17 8:00000101:22 5:00001:17 7:0010101:17 7:0010101:22 12:000101001001:26 8:00010101:19 8:00001001:17 8:00100101:17 7:0010101:19 9:000010101:20 8:00000001:17 7:0001001:16 8:00100101:17 8:00010101:18 6:000001:23 9:000010101:21 6:000001:19 13:0000000100101:29 6:000001:16 14:00001001000101:32 9:000010101:24 8:00100101:17 13:0000001000001:32 7:0000101:18 8:00000101:16 11:00000100001:22 7:0010101:16 8:00100101:19 7:0001001:16 6:000101:17 5:00001:18 9:000001001:26 9:001010101:21 8:00001001:16 7:0001001:18 10:0000000101:24 1:0:17 3:001:17 10:0000001001:20 10:0000100101:21 8:00100101:18 8:00010101:17 8:00000101:18 4:0001:20 8:00000001:16 9:000010001:19 8:00010101:19 9:000101001:25 10:0001001001:21 6:000001:16 3:001:17 10:0001000101:21 8:00001001:16 6:000001:17 6:000001:18 8:00000001:17 9:000001001:19 9:000000101:18 15:000001010001001:33 9:000010001:19 8:00100101:17 8:00100101:18 9:000010001:24 9:000010101:18 8:00000001:18 7:0000101:22 9:000001001:19 6:000001:18 8:00001001:18 8:00010101:19 13:0000000001001:27 10:0000010101:27 3:001:27 13:0000001010001:28 9:000000101:18 8:00001001:18 8:00010101:18 4:0001:16 3:001:19 8:00000101:18 8:00000101:18 9:000000101:18 14:00000000101001:30 2:01:17 7:0010101:16 3:001:20 10:0000101001:21 4:0001:17 9:000000101:19 3:001:19 9:000010001:18 10:0000001001:20 7:0000101:17 10:0000000001:22 7:0010101:20 7:0000001:16 8:00001001:17 8:00010101:23 7:0010101:17 8:00010101:16 8:00000001:23 9:000010101:18 6:000101:19 8:00000001:17 3:011:17 10:0011011101:22 15:001011011101111:30 6:011111:16 10:0011011111:22 8:01011011:16 5:01111:21 8:01101111:17 10:0011011111:22 13:0110111101111:31 7:0111111:17 4:0111:16 8:01101111:16 7:0110111:19 7:0010101:21 7:0110111:16 8:01101111:16 8:00110111:16 9:001011011:19 13:0101101110111:26 8:01011011:16 7:0010101:16 9:011101111:21 9:001101111:19 11:00110111111:22 7:0110111:16 8:01101111:16 7:0110111:18 11:00101101111:25 10:0101101111:21 9:010110111:20 11:00101101111:23 14:01011011111011:30 9:010110111:18 10:0011011101:22 10:0011011111:27 11:01110111111:24 10:0111011111:23 7:0110111:19 7:0010101:20 11:00101011011:27 13:0111111111111:28 7:0111111:19 10:0010110111:21 5:01111:17 9:011011111:19 8:01101111:18 6:011111:18 3:011:17 8:01111111:17 7:0111111:16 9:010110111:18 1:1:23 1:1:17 12:001001101101:25 7:0111111:32 5:00101:24 8:00100101:18 3:011:20 8:01111111:18 9:001010101:22 7:0111111:16 10:0101101111:24
0RB1LC_1RC0LD_1LD1RB_---0LA	35	41	49	0.073	0.000	0.075	R	40957.50	0.98	log	counter	-	0	0	49	-
0RB1LC_1RC0RC_1LA1RD_1RB0LA	51	60	69	0.066	0.000	0.068	R	1.00	0.69	log	counter	-	2	2	20	1:0:26 6:000001:23
0RB1LC_1RC0RD_1LA0LC_1RB1RA	37	43	52	0.074	0.000	0.077	R	1.00	0.96	log	counter	-	0	0	52	-
0RB1LC_1RC0RD_1LD1RB_0LD0LA	35	41	47	0.064	0.000	0.066	R	24572.50	0.98	log	counter	-	0	0	47	-
0RB1LC_1RC1LC_1LD0RC_0LB0LA	1056	3297	10381	0.496	0.057	0.502	LR	2007.39	0.01	sqrt	bouncer_part	sqrt+log	6	2	41	3:001:32 3:001:124 3:001:487 3:001:1942 3:001:3383 3:011:4372
0RB1LC_1RC1RB_1LA0RD_0LC0LA	201	431	929	0.332	0.000	0.334	R	44264.36	1.00	cube	sweepctr	-	3	2	2	1:1:554 2:01:42 1:1:331
0RB1LC_1RC1RB_1LA0RD_0LC1RC	227	493	1061	0.335	0.000	0.336	R	54287.30	1.00	cube	sweepctr	-	3	2	2	1:1:90 2:01:238 1:1:731
0RB1LC_1RC1RB_1LA0RD_0LD0LA	199	429	927	0.334	0.000	0.336	R	44198.93	1.00	cube	sweepctr	-	3	2	3	1:1:270 2:01:87 1:1:567
0RB1LC_1RC1RB_1LA0RD_0LD1RC	227	491	1061	0.335	0.000	0.336	R	54391.10	1.00	cube	sweepctr	-	3	2	2	1:1:444 2:01:550 1:1:65
0RB1LC_1RC1RB_1LD1LA_0RC0LD	33	39	45	0.067	0.000	0.069	R	24546.50	0.98	log	counter	-	1	1	20	12:000000010001:25
0RB1LC_1RC1RD_0LC1LA_1LB0RD	27	31	36	0.062	0.000	0.065	R	1.62	1.91	log	counter	-	0	0	36	-
0RB1LC_1RC1RD_0LC1LB_1LA0RD	37	43	49	0.061	0.000	0.064	R	10239.17	0.98	log	counter	-	0	0	49	-
0RB1LC_1RC1RD_1LB0LC_1LA0RD	37	43	49	0.061	0.000	0.062	R	9556.17	0.00	log	counter	-	1	1	29	8:00111111:20
0RB1LD_0LC1RB_0LD1RD_1LA0RC	228	494	1062	0.334	0.334	0.336	LR	1.00	1.00	cube	sweepctr	-	3	2	2	1:1:95 2:01:486 1:1:479
0RB1LD_0LC1RB_1LA1RA_0LA0LD	1419	4479	14150	0.499	0.501	0.052	LR	3530.50	0.01	sqrt	bouncer_part	sqrt+log	9	1	32	2:01:7070 2:01:3534 2:01:1768 2:01:885 2:01:443 2:01:222 2:01:111 2:01:56 2:01:29
0RB1LD_0RC1LB_1LA1RC_0LA0LB	183	392	844	0.332	0.000	0.333	R	1.00	1.00	cube	sweepctr	-	2	1	3	1:1:223 1:1:618
0RB1LD_0RC1LB_1LA1RC_0LB0LB	229	493	1063	0.333	0.337	0.331	LR	1.00	1.00	cube	sweepctr	-	2	1	2	1:1:871 1:1:190
0RB1LD_0RC1LB_1LA1RC_0LB0RA	227	493	1061	0.335	0.339	0.333	LR	1.00	1.00	cube	sweepctr	-	2	1	2	1:1:437 1:1:622
0RB1LD_0RC1LB_1LA1RC_0RB0LB	183	392	844	0.332	0.000	0.333	R	1.00	0.00	cube	sweepctr	-	2	1	3	1:1:223 1:1:618
0RB1LD_0RC1LB_1LA1RC_0RC0LB	183	392	844	0.332	0.000	0.333	R	1.00	0.00	cube	sweepctr	-	2	1	3	1:1:219 1:1:622
0RB1LD_0RC1LB_1LA1RC_0RD0LB	183	392	844	0.332	0.000	0.333	R	1.00	0.00	cube	sweepctr	-	2	1	3	1:1:231 1:1:610
0RB1LD_0RC1LB_1LA1RC_1LA0LB	229	493	1063	0.333	0.337	0.331	LR	1.00	1.00	cube	sweepctr	-	2	1	2	1:1:871 1:1:190
0RB1LD_0RC1LB_1LA1RC_1LC0LB	230	494	1063	0.332	0.335	0.331	LR	1.00	1.00	cube	sweepctr	-	2	1	2	1:1:1019 1:1:42
0RB1LD_0RC1LB_1LA1RC_1RA0LB	229	493	1063	0.333	0.337	0.331	LR	1.00	1.00	cube	sweepctr	-	2	1	2	1:1:873 1:1:188
0RB1LD_0RC1LB_1LB1RD_1RC0LA	227	491	1061	0.335	0.337	0.335	LR	1.00	1.24	cube	sweepctr	-	3	2	2	1:1:27 2:01:782 1:1:250
0RB1LD_0RC1RB_0LD1RD_1LA0LB	200	432	928	0.333	0.337	0.332	LR	1.00	1.00	cube	sweepctr	-	3	2	2	1:1:83 2:01:130 1:1:713
0RB1LD_0RC1RB_0LD1RD_1LA0RC	228	494	1062	0.334	0.337	0.333	LR	1.00	1.00	cube	sweepctr	-	3	2	2	1:1:95 2:01:486 1:1:479
0RB1LD_0RC1RB_1LD0RA_1LA0LD	1239	3887	12263	0.498	0.500	0.026	LR	2183.07	0.00	sqrt	bouncer_part	sqrt+log	5	1	34	3:011:9182 3:011:2297 3:011:571 3:011:144 3:011:35
0RB1LD_0RC1RB_1LD0RD_1LA0LD	1040	3209	10052	0.493	0.503	0.044	LR	2850.07	0.01	sqrt	bouncer_part	sqrt+log	4	4	25	2:01:5455 1:1:4538 8:00000111:16 9:001110111:18
0RB1LD_0RC1RB_1LD1LA_1LA0LD	1381	4341	13707	0.498	0.501	0.026	LR	1952.93	0.00	sqrt	bouncer_part	sqrt+log	5	1	36	3:011:10265 3:011:2566 3:011:641 3:011:160 3:011:39
0RB1LD_0RC1RB_1LD1RB_1LA0LD	1589	5007	15821	0.499	0.501	0.026	LR	1691.21	0.00	sqrt	bouncer_part	sqrt+log	6	1	36	3:011:5879 3:011:5971 3:011:2964 3:011:740 3:011:186 3:011:45
0RB1LD_1LA0RC_1RB1RC_0LB1LA	1737	5485	17331	0.500	0.080	0.501	LR	8649.50	0.01	sqrt	bouncer_part	sqrt+log	10	2	29	9:011111111:22 1:1:33 1:1:67 1:1:135 1:1:270 1:1:541 1:1:1082 1:1:2164 1:1:4329 1:1:8659
0RB1LD_1LA1RC_1RB0LA_0RB0LA	34	40	46	0.066	0.000	0.067	R	28642.50	1.00	log	counter	-	0	0	46	-
0RB1LD_1LA1RC_1RB0LA_0RD0LA	32	40	46	0.079	0.000	0.081	R	36832.50	1.00	log	counter	-	0	0	46	-
0RB1LD_1LA1RC_1RB0LB_---0LA	34	42	48	0.075	0.000	0.077	R	32765.50	1.00	log	counter	-	1	1	32	8:01011111:16
0RB1LD_1LA1RC_1RB0LD_---0LA	20	24	28	0.073	0.000	0.076	R	32767.50	1.00	log	counter	-	1	1	12	5:00001:16
0RB1LD_1LA1RC_1RB0RC_0LA0LD	1257	4049	10433	0.460	0.592	0.417	LR	7.53	0.01	sqrt	bouncer_part	sqrt+sqrt	48	42	9534	6:001111:16 9:011101111:19 9:011011111:18 13:0000011000101:26 7:0000101:19 9:000100011:18 9:001101101:18 13:0011101101011:26 9:000100011:18 6:000101:16 8:00110111:16 8:01011111:16 8:00111011:19 14:00011100101101:29 5:00101:18 7:0001101:20 13:0101011111011:26 9:000100111:19 7:0000101:16 10:0010110101:21 12:000001100011:28 7:0000011:19 5:00101:16 9:000111001:18 7:0011111:16 6:000111:17 8:01011011:16 8:00001011:16 8:00100101:17 6:000001:17 8:00111101:18 8:00011101:16 1:0:17 8:00100101:17 9:000100111:18 8:00010011:16 6:001101:17 9:000110011:20 8:00000001:18 7:0001101:16 8:00100111:18 9:010101111:18 10:0001011001:20 10:0010110111:20 7:0011011:16 11:00100101101:23 9:010111111:20 7:0010011:17
0RB1LD_1LA1RC_1RB0RC_0LD0LA	36	42	48	0.062	0.000	0.064	R	24574.50	1.00	log	counter	-	0	0	48	-
0RB1LD_1LA1RC_1RB0RC_0LD1LA	36	42	50	0.071	0.000	0.073	R	40958.50	1.00	log	counter	-	0	0	50	-
0RB1LD_1LC0RA_1LA1RC_0RC0LA	34	41	47	0.070	0.000	0.074	R	1.50	0.98	log	counter	-	1	1	31	8:01011111:16
0RB1LD_1LC0RC_1LA1RC_0RC0LA	35	41	48	0.069	0.000	0.072	R	1.45	0.98	log	counter	-	0	0	48	-
0RB1LD_1LC1RA_0RA0LD_0LC---	35	41	49	0.073	0.000	0.077	R	40958.50	1.02	log	counter	-	0	0	49	-
0RB1LD_1LC1RB_0LD0LA_0RD1LA	145	312	670	0.332	0.000	0.335	R	1.00	1.99	cube	sweepctr	-	2	1	3	1:1:174 1:1:493
0RB1LD_1LC1RB_0LD1RD_1LA0RC	228	494	1062	0.334	0.336	0.334	LR	1.00	1.00	cube	sweepctr	-	3	2	2	1:1:95 2:01:402 1:1:563
0RB1LD_1LC1RB_0RA0LA_0RB1LA	145	311	670	0.332	0.000	0.334	R	1.00	2.00	cube	sweepctr	-	2	1	2	1:1:504 1:1:164
0RB1LD_1LC1RB_0RA0LA_0RB1LD	145	311	670	0.332	0.000	0.334	R	1.00	2.00	cube	sweepctr	-	2	1	2	1:1:504 1:1:164
0RB1LD_1LC1RB_0RA0LA_0RD1LA	144	311	669	0.334	0.000	0.335	R	1.00	2.00	cube	sweepctr	-	2	1	2	1:1:174 1:1:493
0RB1LD_1LC1RB_0RA0LD_0LC1LD	145	311	670	0.332	0.000	0.335	R	1.00	2.00	cube	sweepctr	-	2	1	3	1:1:502 1:1:165
0RB1LD_1LC1RB_0RA0LD_0RB1LA	145	311	670	0.332	0.000	0.334	R	1.00	2.00	cube	sweepctr	-	2	1	2	1:1:504 1:1:164
0RB1LD_1LC1RB_0RA1LA_1RB0LC	48	58	68	0.076	0.000	0.081	R	1.30	0.73	log	counter	-	2	2	33	6:011111:17 9:011011111:18
0RB1LD_1LC1RB_0RA1LA_1RD0LC	47	57	67	0.077	0.000	0.083	R	1.18	0.79	log	counter	-	2	2	28	1:1:16 9:011011111:23
0RB1LD_1LC1RB_0RB0LA_0RB1LA	145	311	670	0.332	0.000	0.334	R	1.00	2.00	cube	sweepctr	-	2	1	2	1:1:503 1:1:165
0RB1LD_1LC1RB_0RB0LA_0RB1LD	145	311	670	0.332	0.000	0.334	R	1.00	2.00	cube	sweepctr	-	2	1	2	1:1:503 1:1:165
0RB1LD_1LC1RB_0RB0LA_0RD1LA	144	311	669	0.334	0.000	0.335	R	1.00	2.00	cube	sweepctr	-	2	1	2	1:1:166 1:1:501
0RB1LD_1LC1RB_0RB0LD_0RB1LA	145	311	670	0.332	0.000	0.334	R	1.00	2.00	cube	sweepctr	-	2	1	2	1:1:503 1:1:165
0RB1LD_1LC1RB_0RB1LA_0LC0RA	47	57	68	0.080	0.083	0.081	LR	1.43	1.33	log	counter	-	2	2	28	6:011111:17 9:011011111:23
0RB1LD_1LC1RB_0RC1LA_0LA0LC	47	57	67	0.077	0.000	0.081	R	1.18	0.76	log	counter	-	2	2	26	9:011111111:20 9:011011111:21
0RB1LD_1LC1RB_0RC1LA_1RD0LC	47	57	67	0.077	0.000	0.081	R	1.11	0.76	log	counter	-	2	2	27	9:011111111:20 6:011111:20
0RB1LD_1LC1RB_0RD0LA_0RB1LA	145	311	670	0.332	0.000	0.334	R	1.00	2.00	cube	sweepctr	-	2	1	2	1:1:504 1:1:164
0RB1LD_1LC1RB_0RD0LA_0RB1LD	145	311	670	0.332	0.000	0.334	R	1.00	2.00	cube	sweepctr	-	2	1	2	1:1:504 1:1:164
0RB1LD_1LC1RB_0RD0LA_0RD1LA	144	311	669	0.334	0.000	0.335	R	1.00	2.00	cube	sweepctr	-	2	1	2	1:1:170 1:1:497
0RB1LD_1LC1RB_0RD0LD_0RB1LA	145	311	670	0.332	0.000	0.334	R	1.00	2.00	cube	sweepctr	-	2	1	2	1:1:504 1:1:164
0RB1LD_1LC1RB_0RD1LA_1LA0LC	48	59	68	0.076	0.083	0.074	LR	1.43	1.39	log	counter	-	2	2	25	12:011011011111:26 6:011111:17
0RB1LD_1LC1RB_1LA0LA_0RB1LA	182	392	844	0.333	0.335	0.333	LR	1.00	1.00	cube	sweepctr	-	2	1	2	1:1:615 1:1:227
0RB1LD_1LC1RB_1LA0LA_0RB1LD	182	392	844	0.333	0.335	0.333	LR	1.00	1.00	cube	sweepctr	-	2	1	2	1:1:615 1:1:227
0RB1LD_1LC1RB_1LA0LA_0RD1LA	182	392	844	0.333	0.335	0.333	LR	1.00	1.00	cube	sweepctr	-	2	1	2	1:1:745 1:1:97
0RB1LD_1LC1RB_1LA0LD_0RB1LA	182	392	844	0.333	0.335	0.333	LR	1.00	1.00	cube	sweepctr	-	2	1	2	1:1:615 1:1:227
0RB1LD_1LC1RB_1LA1LA_0RB0LC	48	58	69	0.079	0.079	0.081	LR	1.43	1.31	log	counter	-	1	1	46	9:011011111:23
0RB1LD_1LC1RB_1LD0LA_0RB1LA	182	392	844	0.333	0.335	0.333	LR	1.00	1.00	cube	sweepctr	-	2	1	2	1:1:615 1:1:227
0RB1LD_1LC1RB_1LD0LA_0RB1LD	182	392	844	0.333	0.335	0.333	LR	1.00	1.00	cube	sweepctr	-	2	1	2	1:1:615 1:1:227
0RB1LD_1LC1RB_1LD0LA_0RD1LA	182	392	844	0.333	0.335	0.333	LR	1.00	1.00	cube	sweepctr	-	2	1	2	1:1:746 1:1:96
0RB1LD_1LC1RB_1LD0LD_0RB1LA	182	392	844	0.333	0.335	0.333	LR	1.00	1.00	cube	sweepctr	-	2	1	2	1:1:615 1:1:227
0RB1LD_1LC1RB_1LD1LA_0RB0LC	48	58	69	0.079	0.079	0.081	LR	1.43	1.31	log	counter	-	1	1	46	9:011011111:23
0RB1LD_1LC1RB_1RA0LA_0RB1LA	182	392	844	0.333	0.335	0.333	LR	1.00	1.00	cube	sweepctr	-	2	1	2	1:1:616 1:1:226
0RB1LD_1LC1RB_1RA0LA_0RB1LD	182	392	844	0.333	0.335	0.333	LR	1.00	1.00	cube	sweepctr	-	2	1	2	1:1:616 1:1:226
0RB1LD_1LC1RB_1RA0LA_0RD1LA	182	392	844	0.333	0.335	0.333	LR	1.00	1.00	cube	sweepctr	-	2	1	2	1:1:746 1:1:96
0RB1LD_1LC1RB_1RA0LC_1LA0LD	825	2593	8178	0.498	0.501	0.057	LR	24438.50	0.01	sqrt	bouncer_part	sqrt+log	2	2	15	1:1:1470 1:0:6693
0RB1LD_1LC1RB_1RA0LC_1RB0LD	827	2593	8178	0.498	0.500	0.057	LR	8145.50	0.01	sqrt	bouncer_part	sqrt+log	2	2	16	1:1:3102 1:0:5060
0RB1LD_1LC1RB_1RA0LD_0RB1LA	182	392	844	0.333	0.335	0.333	LR	1.00	1.00	cube	sweepctr	-	2	1	2	1:1:616 1:1:226
0RB1LD_1LC1RB_1RB0LA_0RB1LA	182	392	844	0.333	0.335	0.333	LR	1.00	1.00	cube	sweepctr	-	2	1	2	1:1:614 1:1:228
0RB1LD_1LC1RB_1RB0LA_0RB1LD	182	392	844	0.333	0.335	0.333	LR	1.00	1.00	cube	sweepctr	-	2	1	2	1:1:614 1:1:228
0RB1LD_1LC1RB_1RB0LA_0RD1LA	182	392	844	0.333	0.335	0.333	LR	1.00	1.00	cube	sweepctr	-	2	1	2	1:1:744 1:1:98
0RB1LD_1LC1RB_1RB0LD_0RB1LA	182	392	844	0.333	0.335	0.333	LR	1.00	1.00	cube	sweepctr	-	2	1	2	1:1:614 1:1:228
0RB1LD_1LC1RB_1RB1LA_0RB0LC	48	58	69	0.079	0.079	0.081	LR	1.43	1.31	log	counter	-	2	2	29	6:011111:17 9:011011111:23
0RB1LD_1LC1RB_1RD0LA_0RB1LA	182	392	844	0.333	0.335	0.333	LR	1.00	1.00	cube	sweepctr	-	2	1	2	1:1:616 1:1:226
0RB1LD_1LC1RB_1RD0LA_0RB1LD	182	392	844	0.333	0.335	0.333	LR	1.00	1.00	cube	sweepctr	-	2	1	2	1:1:616 1:1:226
0RB1LD_1LC1RB_1RD0LA_0RD1LA	182	392	844	0.333	0.335	0.333	LR	1.00	1.00	cube	sweepctr	-	2	1	2	1:1:746 1:1:96
0RB1LD_1LC1RB_1RD0LD_0RB1LA	182	392	844	0.333	0.335	0.333	LR	1.00	1.00	cube	sweepctr	-	2	1	2	1:1:616 1:1:226
0RB1LD_1LC1RC_1LA0RC_0LD0RB	35	43	49	0.073	0.000	0.077	R	10921.83	0.98	log	counter	-	0	0	49	-
0RB1LD_1LC1RD_0RA0LC_1RB---	35	43	49	0.073	0.000	0.077	R	32766.50	1.02	log	counter	-	0	0	49	-
0RB1LD_1RC0LA_1LA1RA_1RA0LD	987	3087	9713	0.497	0.502	0.075	LR	2145.72	0.01	sqrt	bouncer_part	sqrt+log	6	1	46	3:011:7253 3:011:563 3:011:1251 3:011:454 3:011:116 3:011:30
0RB1LD_1RC0LA_1LA1RB_0RB0LA	33	39	47	0.077	0.000	0.079	R	40929.50	0.98	log	counter	-	0	0	47	-
0RB1LD_1RC0LA_1LA1RB_0RD0LA	33	39	47	0.077	0.000	0.079	R	40929.50	0.98	log	counter	-	0	0	47	-
0RB1LD_1RC0LA_1LB1RC_0RC1LD	145	311	670	0.332	0.000	0.334	R	1.00	2.00	cube	sweepctr	-	2	1	2	1:1:501 1:1:167
0RB1LD_1RC0LA_1RD1RB_0LB0LA	228	494	1062	0.334	0.337	0.000	L	54287.50	1.00	cube	sweepctr	-	3	2	2	1:1:140 2:01:827 2:01:93
0RB1LD_1RC0LA_1RD1RB_1LB0LA	286	618	1338	0.335	0.336	0.335	LR	422496.50	1.00	cube	sweepctr	-	3	2	1	1:1:102 2:01:521 2:01:714
0RB1LD_1RC0LD_1LA1RB_0RD0LA	21	23	27	0.055	0.000	0.057	R	16383.50	0.96	log	counter	-	0	0	27	-
0RB1LD_1RC0LD_1RD0RC_1LA1RB	36	44	50	0.071	0.000	0.073	R	36860.50	0.00	log	counter	-	0	0	50	-
0RB1LD_1RC0RC_1LA1RA_1RA0LD	1446	3670	10902	0.439	0.411	0.444	LR	1.00	0.01	sqrt	bouncer_part	sqrt+sqrt	146	62	8026	10:0101111011:24 7:0111111:16 10:0110110111:25 8:01101111:17 10:0110111111:21 9:011011111:20 11:00100111011:25 9:010111011:21 5:01111:17 7:0110111:16 4:0111:19 11:01101111111:26 9:001111011:20 5:01111:20 13:0111011111111:26 7:0110111:16 9:011011111:23 9:011011111:20 10:0110111111:21 10:0011101101:21 12:001010011011:26 7:0010101:17 5:00101:16 14:00100101111011:28 9:011011111:21 9:011011111:18 4:0111:19 3:011:18 6:011111:16 9:011011111:20 7:0110111:17 4:0111:18 8:01101111:16 5:01111:17 11:00101011011:23 11:01101111111:23 9:001010101:19 8:01111111:16 8:01011011:18 8:01011011:17 9:011011111:22 15:001010100111011:31 7:0111111:16 10:0011101101:26 7:0011011:16 8:01101111:19 8:01111111:21 9:010111011:20 7:0010101:18 9:001011011:20 13:0011110111011:27 9:011101111:24 11:00101111011:24 11:00110111011:27 7:0110111:16 6:011111:18 7:0010101:16 8:01111111:16 7:0110111:16 7:0111111:16 8:01011011:16 8:01011011:17 9:011111111:18 9:001101101:20 8:01111111:17 7:0110111:16 11:00101011011:23 5:01111:18 8:01111111:17 11:00101111011:22 5:01111:21 7:0010101:19 4:0111:16 8:01101111:18 7:0110111:17 4:0111:16 3:011:19 16:0110111101111111:38 7:0010101:18 9:011101111:18 8:01101111:20 10:0110111111:21 6:001111:19 1:1:16 8:00000011:18 12:000110111111:24 5:01111:17 7:0011011:17 11:00001111011:22 8:01101111:17 5:01111:19 11:00000011011:23 8:00001111:17 10:0000111111:22 7:0111111:16 9:000111111:19 9:000111111:18 11:01101101111:23 13:0011011001111:28 6:000011:16 6:001111:19 11:00000111111:24 5:00011:20 9:001111011:19 11:00110111111:24 7:0000011:17 8:00111111:18 9:011111111:18 8:00000011:18 6:000011:16 8:00011011:17 7:0011011:20 7:0000011:16 6:000011:24 6:000011:22 8:00111111:17 8:01101111:16 8:00000011:16 9:000111111:19 9:011111111:18 8:01101111:16 8:00011011:16 8:00111111:18 12:001101101111:25 7:0111111:21 7:0111111:16 5:00011:16 8:00001111:21 7:0011011:16 7:0000011:18 13:0001111001111:31 8:00011011:16 6:001111:18 12:011110111111:24 9:000011011:18 13:0000011111111:26 10:0011001111:29 8:00000011:17 8:00000011:18 7:0000011:25 8:01101111:19 8:01101111:16 10:0011011011:22 6:000011:17 7:0001111:16 9:000000011:21
0RB1LD_1RC0RD_0LA1RA_1RA0LD	1443	4605	14182	0.496	0.051	0.498	LR	1.00	0.00	sqrt	bouncer_part	sqrt+log	4	3	12	3:001:562 3:011:7890 2:01:4546 2:01:1172
0RB1LD_1RC0RD_1LA0RD_1RA0LD	1294	4082	12910	0.499	0.501	0.499	LR	4283.06	0.48	sqrt	bouncer_part	sqrt+sqrt	3	3	7	5:01011:8137 5:01111:4743 7:0111111:23
0RB1LD_1RC1LA_1RD1RB_0LB0LA	290	622	1338	0.332	0.333	0.332	LR	421199.50	0.50	cube	sweepctr	-	3	2	3	1:1:368 2:01:763 2:01:204
0RB1LD_1RC1LB_0LB1RD_1RC0LA	228	494	1062	0.334	0.336	0.334	LR	1.00	1.00	cube	sweepctr	-	3	2	2	1:1:392 2:01:576 1:1:92
0RB1LD_1RC1LB_1LB1RD_1RC0LA	227	492	1060	0.335	0.337	0.334	LR	1.00	2.00	cube	sweepctr	-	3	2	1	1:1:212 2:01:758 1:1:89
0RB1LD_1RC1RA_0LA1RA_1RA0LD	1388	4384	13868	0.500	0.501	0.500	LR	3989.39	0.52	sqrt	bouncer	sqrt+sqrt	3	2	17	5:01011:6779 5:00101:7055 5:00101:17
0RB1LD_1RC1RA_1LA0RA_0LA1LD	288	620	1340	0.334	0.334	0.335	LR	1.00	0.50	cube	sweepctr	-	2	1	1	2:01:157 2:01:1182
0RB1LD_1RC1RA_1LA0RD_1RA0LD	945	2934	9244	0.495	0.503	0.476	LR	3227.61	0.15	sqrt	bouncer_part	sqrt+sqrt	313	9	1069	5:01111:25 5:01111:30 5:01111:20 11:01011110111:22 5:01111:35 6:010111:23 5:01111:35 6:010111:18 6:010111:17 5:01111:20 5:01111:20 5:01111:20 6:010111:17 6:010111:17 5:01111:20 11:01011110111:39 6:010111:17 5:01111:20 6:010111:17 6:010111:17 5:01111:25 16:0101111011110111:37 11:01011110111:27 5:01111:20 11:01011110111:49 6:010111:29 5:01111:25 5:01111:30 6:010111:17 6:010111:17 11:01011110111:32 5:01111:20 11:01011110111:28 6:010111:17 11:01011110111:27 5:01111:20 5:01111:20 6:010111:29 16:0101111011110111:37 5:01111:25 6:010111:29 5:01111:35 6:010111:17 16:0101111011110111:37 11:01011110111:22 5:01111:25 11:01011110111:27 16:0101111011110111:32 11:01011110111:32 5:01111:20 5:01111:25 6:010111:23 6:010111:23 5:01111:30 11:01011110111:22 6:010111:17 5:01111:25 5:01111:20 5:01111:20 11:01011110111:22 6:010111:17 16:0101111011110111:32 5:01111:30 6:010111:18 6:010111:23 11:01011110111:49 5:01111:25 11:01011110111:22 11:01011110111:27 5:01111:30 6:010111:18 16:0101111011110111:37 5:01111:30 6:010111:24 6:010111:17 11:01011110111:27 11:01011110111:33 6:010111:17 6:010111:29 6:010111:23 5:01111:20 16:0101111011110111:32 5:01111:20 5:01111:30 5:01111:20 16:0101111011110111:32 5:01111:20 16:0101111011110111:32 11:01011110111:22 6:010111:17 11:01011110111:33 5:01111:65 6:010111:23 11:01011110111:32 5:01111:20 6:010111:29 5:01111:20 11:01011110111:22 5:01111:30 6:010111:17 5:01111:25 6:010111:24 16:0101111011110111:32 6:010111:24 5:01111:30 5:01111:20 16:0101111011110111:37 5:01111:35 6:010111:18 6:010111:23 11:01011110111:49 5:01111:25 11:01011110111:22 11:01011110111:27 5:01111:30 6:010111:18 16:0101111011110111:37 5:01111:30 6:010111:24 6:010111:17 11:01011110111:27 11:01011110111:33 6:010111:17 6:010111:29 6:010111:23 5:01111:20 16:0101111011110111:32 5:01111:20 5:01111:30 5:01111:20 16:0101111011110111:32 5:01111:20 16:0101111011110111:32 11:01011110111:22 6:010111:17 11:01011110111:33 5:01111:65 6:010111:23 11:01011110111:32 5:01111:20 6:001111:28 5:00011:20 11:00011001111:22 5:00011:29 6:001111:16 5:00011:25 6:001111:24 16:0001100011001111:32 6:001111:24 5:00011:29 5:00011:19 16:0001100011001111:36 5:00011:34 6:001111:18 6:001111:22 11:00011001111:48 5:00011:24 11:00011001111:22 11:00011001111:27 5:00011:30 6:001111:18 16:0001100011001111:36 5:00011:29 6:001111:24 6:001111:16 11:00011001111:26 11:00011001111:33 6:001111:16 6:001111:28 6:001111:22 5:00011:20 16:0001100011001111:32 5:00011:20 5:00011:29 5:00011:19 16:0001100011001111:32 5:00011:19 16:0001100011001111:32 11:00011001111:22 6:001111:16 11:00011001111:33 5:00011:64 6:001111:22 11:00011001111:31 5:00011:20 6:001111:28 5:00011:20 11:00011001111:22 5:00011:29 6:001111:16 5:00011:25 6:001111:24 16:0001100011001111:32 6:001111:24 5:00011:29 5:00011:19 16:0001100011001111:36 5:00011:34 6:001111:18 6:001111:22 11:00011001111:48 5:00011:24 11:00011001111:22 11:00011001111:27 5:00011:30 6:001111:18 16:0001100011001111:36 5:00011:29 6:001111:24 6:001111:16 11:00011001111:26 11:00011001111:33 6:001111:16 6:001111:28 6:001111:22 5:00011:20 16:0001100011001111:32 5:00011:20 5:00011:29 5:00011:19 16:0001100011001111:32 5:00011:19 16:0001100011001111:32 11:00011001111:22 6:001111:16 11:00011001111:33 5:00011:64 6:001111:22 11:00011001111:31 5:00011:20 6:001111:28 5:00011:20 11:00011001111:22 5:00011:29 6:001111:16 5:00011:25 6:001111:24 16:0001100011001111:32 6:001111:24 5:00011:29 5:00011:19 16:0001100011001111:36 5:00011:34 6:001111:18 6:001111:22 11:00011001111:48 5:00011:24 11:00011001111:22 11:00011001111:27 5:00011:30 6:001111:18 16:0001100011001111:36 5:00011:29 6:001111:24 6:001111:16 11:00011001111:26 11:00011001111:33 6:001111:16 6:001111:28 6:001111:22 5:00011:20 16:0001100011001111:32 5:00011:20 5:00011:29 5:00011:19 16:0001100011001111:32 5:00011:19 16:0001100011001111:32 11:00011001111:22 6:001111:16 11:00011001111:33 5:00011:64 6:001111:22 11:00011001111:31 5:00011:20 6:001111:28 5:00011:20 11:00011001111:22 5:00011:29 6:001111:16 5:00011:25 6:001111:24 16:0001100011001111:32 6:001111:24 5:00011:29 5:00011:19 16:0001100011001111:36 5:00011:34 6:001111:18 6:001111:22 11:00011001111:48 5:00011:24 11:00011001111:22 11:00011001111:27 5:00011:30 6:001111:18 16:0001100011001111:36 5:00011:29 6:001111:24 6:001111:16 11:00011001111:26 11:00011001111:33 6:001111:16 6:001111:28 6:001111:22 5:00011:20 16:0001100011001111:32 5:00011:20 5:00011:29 5:00011:19 16:0001100011001111:32 5:00011:19 11:00110111111:22
0RB1LD_1RC1RA_1LB0RA_0LA1LD	288	620	1340	0.334	0.334	0.335	LR	1.00	0.50	cube	sweepctr	-	2	1	1	2:01:155 2:01:1184
0RB1LD_1RC1RA_1LD0RA_0LA1LD	288	620	1340	0.334	0.334	0.335	LR	1.00	0.50	cube	sweepctr	-	2	1	1	2:01:157 2:01:1182
0RB1LD_1RC1RA_1RD0RA_0LA1LD	289	621	1341	0.333	0.334	0.334	LR	1.00	0.50	cube	sweepctr	-	2	1	2	2:01:155 2:01:1184
0RB1LD_1RC1RB_0LA1RA_1LA0LA	1190	3762	11889	0.500	0.500	0.500	LR	0.14	0.46	sqrt	bouncer_part	sqrt+sqrt	565	2	857	3:011:17 3:011:17 3:011:17 3:011:17 3:011:17 3:011:17 3:011:17 3:011:17 3:011:17 3:011:17 3:011:17 3:011:17 3:011:17 3:011:17 3:011:17 3:011:17 3:011:17 3:011:17 3:011:17 3:011:17 3:011:17 3:011:17 3:011:17 3:011:17 3:011:17 3:011:17 3:011:17 3:011:17 3:011:17 3:011:17 3:011:17 3:011:17 3:011:17 3:011:17 3:011:17 3:011:17 3:011:17 3:011:17 3:011:17 3:011:17 3:011:17 3:011:17 3:011:17 3:011:17 3:011:17 3:011:17 3:011:17 3:011:17 3:011:17 3:011:17 3:011:17 3:011:17 3:011:17 3:011:17 3:011:17 3:011:17 3:011:17 3:011:17 3:011:17 3:011:17 3:011:17 3:011:17 3:011:17 3:011:17 3:011:17 3:011:17 3:011:17 3:011:17 3:011:17 3:011:17 3:011:17 3:011:17 3:011:17 3:011:17 3:011:17 3:011:17 3:011:17 3:011:17 3:011:17 3:011:17 3:011:17 3:011:17 3:011:17 3:011:17 3:011:17 3:011:17 3:011:17 3:011:17 3:011:16 10:0110110111:20 10:0110110111:20 10:0110110111:20 10:0110110111:20 10:0110110111:20 10:0110110111:20 10:0110110111:20 10:0110110111:20 10:0110110111:20 10:0110110111:20 10:0110110111:20 10:0110110111:20 10:0110110111:20 10:0110110111:20 10:0110110111:20 10:0110110111:20 10:0110110111:20 10:0110110111:20 10:0110110111:20 10:0110110111:20 10:0110110111:20 10:0110110111:20 10:0110110111:20 10:0110110111:20 10:0110110111:20 10:0110110111:20 10:0110110111:20 10:0110110111:20 10:0110110111:20 10:0110110111:20 10:0110110111:20 10:0110110111:20 10:0110110111:20 10:0110110111:20 10:0110110111:20 10:0110110111:20 10:0110110111:20 10:0110110111:20 10:0110110111:20 10:0110110111:20 10:0110110111:20 10:0110110111:20 10:0110110111:20 10:0110110111:20 10:0110110111:20 10:0110110111:20 10:0110110111:20 10:0110110111:20 10:0110110111:20 10:0110110111:20 10:0110110111:20 10:0110110111:20 10:0110110111:20 10:0110110111:20 10:0110110111:20 10:0110110111:20 10:0110110111:20 10:0110110111:20 10:0110110111:20 10:0110110111:20 10:0110110111:20 10:0110110111:20 10:0110110111:20 10:0110110111:20 10:0110110111:20 10:0110110111:20 10:0110110111:20 10:0110110111:20 10:0110110111:20 10:0110110111:20 10:0110110111:20 10:0110110111:20 10:0110110111:20 10:0110110111:20 10:0110110111:20 10:0110110111:20 10:0110110111:20 10:0110110111:20 10:0110110111:20 10:0110110111:20 10:0110110111:20 10:0110110111:20 10:0110110111:20 10:0110110111:20 10:0110110111:20 10:0110110111:20 10:0110110111:20 10:0110110111:20 10:0110110111:20 10:0110110111:20 10:0110110111:20 10:0110110111:20 10:0110110111:20 10:0110110111:20 10:0110110111:20 10:0110110111:20 10:0110110111:20 10:0110110111:20 10:0110110111:20 10:0110110111:20 10:0110110111:20 10:0110110111:20 10:0110110111:20 10:0110110111:20 10:0110110111:20 10:0110110111:20 10:0110110111:20 10:0110110111:20 10:0110110111:20 10:0110110111:20 10:0110110111:20 10:0110110111:20 10:0110110111:20 10:0110110111:20 10:0110110111:20 10:0110110111:20 10:0110110111:20 10:0110110111:20 10:0110110111:20 10:0110110111:20 10:0110110111:20 10:0110110111:20 10:0110110111:20 10:0110110111:20 10:0110110111:20 10:0110110111:20 10:0110110111:20 10:0110110111:20 10:0110110111:20 10:0110110111:20 10:0110110111:20 10:0110110111:20 10:0110110111:20 10:0110110111:20 10:0110110111:20 10:0110110111:20 10:0110110111:20 10:0110110111:20 10:0110110111:20 10:0110110111:20 10:0110110111:20 10:0110110111:20 10:0110110111:20 10:0110110111:20 10:0110110111:20 10:0110110111:20 10:0110110111:20 10:0110110111:20 10:0110110111:20 10:0110110111:20 10:0110110111:20 10:0110110111:20 10:0110110111:20 10:0110110111:20 10:0110110111:20 10:0110110111:20 10:0110110111:20 10:0110110111:20 10:0110110111:20 10:0110110111:20 10:0110110111:20 10:0110110111:20 10:0110110111:20 10:0110110111:20 10:0110110111:20 10:0110110111:20 10:0110110111:20 10:0110110111:20 10:0110110111:20 10:0110110111:20 10:0110110111:20 10:0110110111:20 10:0110110111:20 10:0110110111:20 10:0110110111:20 10:0110110111:20 10:0110110111:20 10:0110110111:20 10:0110110111:20 10:0110110111:20 10:0110110111:20 10:0110110111:20 10:0110110111:20 10:0110110111:20 10:0110110111:20 10:0110110111:20 10:0110110111:20 10:0110110111:20 10:0110110111:20 10:0110110111:20 10:0110110111:20 10:0110110111:20 10:0110110111:20 10:0110110111:20 10:0110110111:20 10:0110110111:20 10:0110110111:20 10:0110110111:20 10:0110110111:20 10:0110110111:20 10:0110110111:20 10:0110110111:20 10:0110110111:20 10:0110110111:20 10:0110110111:20 10:0110110111:20 10:0110110111:20 10:0110110111:20 10:0110110111:20 10:0110110111:20 10:0110110111:20 10:0110110111:20 10:0110110111:20 10:0110110111:20 10:0110110111:20 10:0110110111:20 10:0110110111:20 10:0110110111:20 10:0110110111:20 10:0110110111:20 10:0110110111:20 10:0110110111:20 10:0110110111:20 10:0110110111:20 10:0110110111:20 10:0110110111:20 10:0110110111:20 10:0110110111:20 10:0110110111:20 10:0110110111:20 10:0110110111:20 10:0110110111:20 10:0110110111:20 10:0110110111:20 10:0110110111:20 10:0110110111:20 10:0110110111:20 10:0110110111:20 10:0110110111:20 10:0110110111:20 10:0110110111:20 10:0110110111:20 10:0110110111:20 10:0110110111:20 10:0110110111:20 10:0110110111:20 10:0110110111:20 10:0110110111:20 10:0110110111:20 10:0110110111:20 10:0110110111:20 10:0110110111:20 10:0110110111:20 10:0110110111:20 10:0110110111:20 10:0110110111:20 10:0110110111:20 10:0110110111:20 10:0110110111:20 10:0110110111:20 10:0110110111:20 10:0110110111:20 10:0110110111:20 10:0110110111:20 10:0110110111:20 10:0110110111:20 10:0110110111:20 10:0110110111:20 10:0110110111:20 10:0110110111:20 10:0110110111:20 10:0110110111:20 10:0110110111:20 10:0110110111:20 10:0110110111:20 10:0110110111:20 10:0110110111:20 10:0110110111:20 10:0110110111:20 10:0110110111:20 10:0110110111:20 10:0110110111:20 10:0110110111:20 10:0110110111:20 10:0110110111:20 10:0110110111:20 10:0110110111:20 10:0110110111:20 10:0110110111:20 10:0110110111:20 10:0110110111:20 10:0110110111:20 10:0110110111:20 10:0110110111:20 10:0110110111:20 10:0110110111:20 10:0110110111:20 10:0110110111:20 10:0110110111:20 10:0110110111:20 10:0110110111:20 10:0110110111:20 10:0110110111:20 10:0110110111:20 10:0110110111:20 10:0110110111:20 10:0110110111:20 10:0110110111:20 10:0110110111:20 10:0110110111:20 10:0110110111:20 10:0110110111:20 10:0110110111:20 10:0110110111:20 10:0110110111:20 10:0110110111:20 10:0110110111:20 10:0110110111:20 10:0110110111:20 10:0110110111:20 10:0110110111:20 10:0110110111:20 10:0110110111:20 10:0110110111:20 10:0110110111:20 10:0110110111:20 10:0110110111:20 10:0110110111:20 10:0110110111:20 10:0110110111:20 10:0110110111:20 10:0110110111:20 10:0110110111:20 10:0110110111:20 10:0110110111:20 10:0110110111:20 10:0110110111:20 10:0110110111:20 10:0110110111:20 10:0110110111:20 10:0110110111:20 10:0110110111:20 10:0110110111:20 10:0110110111:20 10:0110110111:20 10:0110110111:20 10:0110110111:20 10:0110110111:20 10:0110110111:20 10:0110110111:20 10:0110110111:20 10:0110110111:20 10:0110110111:20 10:0110110111:20 10:0110110111:20 10:0110110111:20 10:0110110111:20 10:0110110111:20 10:0110110111:20 10:0110110111:20 10:0110110111:20 10:0110110111:20 10:0110110111:20 10:0110110111:20 10:0110110111:20 10:0110110111:20 10:0110110111:20 10:0110110111:20 10:0110110111:20 10:0110110111:20 10:0110110111:20 10:0110110111:20 10:0110110111:20 10:0110110111:20 10:0110110111:20 10:0110110111:20 10:0110110111:20 10:0110110111:20 10:0110110111:20 10:0110110111:20 10:0110110111:20 10:0110110111:20 10:0110110111:20 10:0110110111:20 10:0110110111:20 10:0110110111:20 10:0110110111:20 10:0110110111:20 10:0110110111:20 10:0110110111:20 10:0110110111:20 10:0110110111:20 10:0110110111:20 10:0110110111:20 10:0110110111:20 10:0110110111:20 10:0110110111:20 10:0110110111:20 10:0110110111:20 10:0110110111:20 10:0110110111:20 10:0110110111:20 10:0110110111:20 10:0110110111:20 10:0110110111:20 10:0110110111:20 10:0110110111:20 10:0110110111:20 10:0110110111:20 10:0110110111:20 10:0110110111:20 10:0110110111:20 10:0110110111:20 10:0110110111:20 10:0110110111:20 10:0110110111:20 10:0110110111:20 10:0110110111:20 10:0110110111:20 10:0110110111:20 10:0110110111:20 10:0110110111:20 10:0110110111:20 10:0110110111:20 10:0110110111:20 10:0110110111:20 10:0110110111:20 10:0110110111:20 10:0110110111:20 10:0110110111:20 10:0110110111:20 10:0110110111:20 10:0110110111:20 10:0110110111:20 10:0110110111:20 10:0110110111:20 10:0110110111:20 10:0110110111:20 10:0110110111:20 10:0110110111:20 10:0110110111:20 10:0110110111:20 10:0110110111:20 10:0110110111:20 10:0110110111:20 10:0110110111:20 10:0110110111:20 10:0110110111:20 10:0110110111:20 10:0110110111:20 10:0110110111:20 10:0110110111:20 10:0110110111:20 10:0110110111:20 10:0110110111:20 10:0110110111:20 10:0110110111:20 10:0110110111:20 10:0110110111:20 10:0110110111:20 10:0110110111:20 10:0110110111:20 10:0110110111:20 10:0110110111:20 10:0110110111:20 10:0110110111:20 10:0110110111:20 10:0110110111:20 10:0110110111:20 10:0110110111:20 10:0110110111:20 10:0110110111:20 10:0110110111:20 10:0110110111:20 10:0110110111:20 10:0110110111:20
0RB1LD_1RC1RB_0LC1RD_1LA0RC	227	491	1061	0.335	0.000	0.336	R	38850.79	1.00	cube	sweepctr	-	3	2	2	1:1:446 2:01:374 1:1:239
0RB1LD_1RC1RB_0LD0RC_0LB1LA	34	42	48	0.075	0.083	0.000	L	10921.17	10.81	log	counter	-	0	0	48	-
0RB1LD_1RC1RB_0LD1RD_1LA0RC	228	494	1062	0.334	0.337	0.333	LR	1.00	1.00	cube	sweepctr	-	3	2	2	1:1:95 2:01:384 1:1:581
0RB1LD_1RC1RB_1LA0RB_0LA0LD	1017	3183	10025	0.497	0.501	0.073	LR	1.00	0.01	sqrt	bouncer_part	sqrt+log	2	1	27	2:01:40 2:01:9958
0RB1LD_1RC1RB_1LA1RA_1LA0LA	1120	3537	11169	0.499	0.499	0.500	LR	1.00	0.48	sqrt	bouncer_part	sqrt+sqrt	208	3	658	11:01101101111:58 11:01101101111:49 11:01101101111:49 11:01101101111:49 11:01101101111:49 11:01101101111:49 11:01101101111:49 11:01101101111:49 11:01101101111:49 11:01101101111:49 11:01101101111:49 11:01101101111:49 11:01101101111:49 11:01101101111:49 11:01101101111:49 11:01101101111:49 11:01101101111:49 11:01101101111:49 11:01101101111:49 11:01101101111:49 11:01101101111:49 11:01101101111:49 11:01101101111:49 11:01101101111:49 11:01101101111:49 11:01101101111:49 11:01101101111:49 11:01101101111:49 11:01101101111:49 11:01101101111:49 11:01101101111:49 11:01101101111:49 11:01101101111:49 11:01101101111:49 11:01101101111:49 11:01101101111:49 11:01101101111:49 11:01101101111:49 11:01101101111:49 11:01101101111:49 11:01101101111:49 11:01101101111:49 11:01101101111:49 11:01101101111:49 11:01101101111:49 11:01101101111:49 11:01101101111:49 11:01101101111:49 11:01101101111:49 11:01101101111:49 11:01101101111:49 11:01101101111:49 11:01101101111:49 11:01101101111:49 11:01101101111:49 11:01101101111:49 11:01101101111:49 11:01101101111:49 11:01101101111:49 11:01101101111:49 11:01101101111:49 11:01101101111:49 11:01101101111:49 11:01101101111:49 11:01101101111:49 11:01101101111:49 11:01101101111:49 11:01101101111:49 11:01101101111:49 11:01101101111:49 11:01101101111:49 11:01101101111:49 11:01101101111:49 11:01101101111:49 11:01101101111:49 11:01101101111:49 11:01101101111:49 11:01101101111:49 11:01101101111:49 11:01101101111:49 11:01101101111:49 11:01101101111:49 11:01101101111:49 11:01101101111:49 11:01101101111:49 11:01101101111:49 11:01101101111:49 11:01101101111:49 11:01101101111:49 11:01101101111:49 11:01101101111:49 11:01101101111:49 11:01101101111:49 11:01101101111:49 11:01101101111:49 11:01101101111:49 11:01101101111:49 11:01101101111:49 11:01101101111:49 11:01101101111:49 11:01101101111:49 11:01101101111:49 11:01101101111:49 11:01101101111:49 11:01101101111:49 11:01101101111:49 11:01101101111:49 11:01101101111:49 11:01101101111:49 11:01101101111:49 11:01101101111:49 11:01101101111:49 11:01101101111:49 11:01101101111:49 11:01101101111:49 11:01101101111:49 11:01101101111:49 11:01101101111:49 11:01101101111:49 11:01101101111:49 11:01101101111:49 11:01101101111:49 11:01101101111:49 11:01101101111:49 11:01101101111:49 11:01101101111:49 11:01101101111:49 11:01101101111:49 11:01101101111:49 11:01101101111:38 10:0110110111:24 11:01010110111:44 11:01010110111:54 11:01010110111:54 11:01010110111:54 11:01010110111:54 11:01010110111:54 11:01010110111:54 11:01010110111:54 11:01010110111:54 11:01010110111:54 11:01010110111:54 11:01010110111:54 11:01010110111:54 11:01010110111:54 11:01010110111:54 11:01010110111:54 11:01010110111:54 11:01010110111:54 11:01010110111:54 11:01010110111:54 11:01010110111:54 11:01010110111:54 11:01010110111:54 11:01010110111:54 11:01010110111:54 11:01010110111:54 11:01010110111:54 11:01010110111:54 11:01010110111:54 11:01010110111:54 11:01010110111:54 11:01010110111:54 11:01010110111:54 11:01010110111:54 11:01010110111:54 11:01010110111:54 11:01010110111:54 11:01010110111:54 11:01010110111:54 11:01010110111:54 11:01010110111:54 11:01010110111:54 11:01010110111:54 11:01010110111:54 11:01010110111:54 11:01010110111:54 11:01010110111:54 11:01010110111:54 11:01010110111:54 11:01010110111:54 11:01010110111:54 11:01010110111:54 11:01010110111:54 11:01010110111:54 11:01010110111:54 11:01010110111:54 11:01010110111:54 11:01010110111:54 11:01010110111:54 11:01010110111:54 11:01010110111:54 11:01010110111:54 11:01010110111:54 11:01010110111:54 11:01010110111:54 11:01010110111:54 11:01010110111:54 11:01010110111:54 11:01010110111:54 11:01010110111:54 11:01010110111:54 11:01010110111:54 11:01010110111:54 11:01010110111:54 11:01010110111:54 11:01010110111:54 11:01010110111:25
0RB1LD_1RC1RB_1LA1RA_1LC0LA	1623	5135	16248	0.500	0.500	0.501	LR	39840.50	0.63	sqrt	bouncer	sqrt+sqrt	3	3	4	5:01111:7130 5:01011:5364 3:011:3750
0RB1LD_1RC1RB_1RD1RA_1LA0LA	1693	5343	16903	0.500	0.501	0.500	LR	1.00	0.46	sqrt	bouncer_part	sqrt+sqrt	3	3	6	11:01101101111:3958 11:01010110111:5331 6:010111:7608
0RB1LD_1RC1RC_1LA1RA_1RA0LD	1051	3295	10379	0.497	0.503	0.075	LR	2006.83	0.01	sqrt	bouncer_part	sqrt+log	6	1	47	3:011:5291 3:011:2462 3:011:1939 3:011:486 3:011:123 3:011:31
0RB1RA_0LC0RA_0LD1LD_1RB1LC	52	65	73	0.074	0.076	0.000	L	3.00	0.83	log	counter	-	1	1	57	7:0001101:16
0RB1RA_0LC0RA_0LD1LD_1RB1LD	145	311	670	0.332	0.335	0.000	L	1.00	1.99	cube	sweepctr	-	2	1	3	1:1:168 1:1:499
0RB1RA_0LC0RA_0LD1RA_1RB1LD	145	311	670	0.332	0.335	0.000	L	1.00	2.00	cube	sweepctr	-	2	1	3	1:1:165 1:1:502
0RB1RA_0LC0RA_0LD1RC_1RB1LD	145	311	670	0.332	0.335	0.000	L	1.00	1.99	cube	sweepctr	-	2	1	3	1:1:167 1:1:500
0RB1RA_0LC1RA_1LD1LB_1LA0LB	289	621	1341	0.333	0.335	0.332	LR	1.00	0.50	cube	sweepctr	-	2	1	2	2:01:1184 2:01:155
0RB1RA_0LC1RA_1LD1LB_1RA0LB	288	620	1340	0.334	0.335	0.332	LR	1.00	0.50	cube	sweepctr	-	2	1	1	2:01:1182 2:01:157
0RB1RA_0LC1RA_1LD1LB_1RB0LB	288	620	1340	0.334	0.335	0.332	LR	1.00	0.50	cube	sweepctr	-	2	1	1	2:01:1182 2:01:157
0RB1RA_0LC1RA_1LD1LB_1RC0LB	288	620	1340	0.334	0.335	0.332	LR	1.00	0.50	cube	sweepctr	-	2	1	1	2:01:1184 2:01:155
0RB1RA_0LC1RB_1LD1LC_0RA0LD	19	23	26	0.068	0.000	0.075	R	2.00	22.12	log	counter	-	0	0	26	-
0RB1RA_0LC1RB_1RD1LC_0LB0LA	144	310	669	0.334	0.336	0.000	L	1.00	2.00	cube	sweepctr	-	2	1	2	1:1:167 1:1:500
0RB1RA_0LC1RB_1RD1LC_0LC0LA	144	310	669	0.334	0.336	0.000	L	1.00	2.00	cube	sweepctr	-	2	1	2	1:1:168 1:1:499
0RB1RA_0LC1RB_1RD1LC_1LB0LA	182	390	842	0.333	0.335	0.333	LR	1.00	1.00	cube	sweepctr	-	2	1	2	1:1:690 1:1:150
0RB1RA_0LC1RB_1RD1LC_1LC0LA	182	390	842	0.333	0.335	0.333	LR	1.00	1.00	cube	sweepctr	-	2	1	2	1:1:696 1:1:144
0RB1RA_0LC1RB_1RD1LC_1RB0LA	182	390	842	0.333	0.335	0.333	LR	1.00	1.00	cube	sweepctr	-	2	1	2	1:1:693 1:1:147
0RB1RA_0LC1RC_0LD0RC_1LA1LD	27	31	36	0.062	0.067	0.000	L	1.62	1.83	log	counter	-	1	1	19	8:00100101:17
0RB1RA_0LC1RC_1LD0LA_0RA1LC	200	432	928	0.333	0.335	0.333	LR	1.00	1.00	cube	sweepctr	-	3	2	2	1:1:83 2:01:130 1:1:713
0RB1RA_0LC1RC_1LD0RB_0RA1LC	228	494	1062	0.334	0.336	0.334	LR	1.00	1.00	cube	sweepctr	-	3	2	2	1:1:95 2:01:486 1:1:479
0RB1RA_0LC1RC_1LD0RB_1RA1LC	226	492	1060	0.336	0.337	0.336	LR	1.00	2.00	cube	sweepctr	-	3	2	1	1:1:92 2:01:300 1:1:667
0RB1RA_1LC---_1LD---_0RA0LD	35	43	49	0.073	0.000	0.077	R	32766.50	0.98	log	counter	-	0	0	49	-
0RB1RA_1LC---_1LD0LD_0RA0LC	35	43	49	0.073	0.000	0.077	R	32766.50	0.98	log	counter	-	0	0	49	-
0RB1RA_1LC0LD_1LD---_0RA0LB	35	43	49	0.073	0.000	0.077	R	32766.50	0.98	log	counter	-	0	0	49	-
0RB1RA_1LC0RA_1LD0LA_1RB0LB	1427	4488	14161	0.498	0.073	0.500	LR	14120.50	0.00	sqrt	bouncer_part	sqrt+log	2	2	21	3:001:4351 3:011:9789
0RB1RA_1LC0RA_1LD0LB_1RB0LB	1604	5028	15843	0.497	0.061	0.501	LR	11840.50	0.01	sqrt	bouncer_part	sqrt+log	6	2	41	3:001:49 3:001:187 3:001:744 3:001:2967 3:001:3380 3:011:8475
0RB1RA_1LC0RA_1LD0LB_1RB1LC	1637	5171	16339	0.500	0.098	0.500	LR	10872.50	0.00	sqrt	bouncer_part	sqrt+log	8	2	15	4:0011:16 4:0011:46 4:0011:133 4:0011:405 4:0011:1210 4:0011:3628 4:0011:3421 4:0111:7465
0RB1RA_1LC0RA_1LD1LB_1RB0LB	1428	4489	14159	0.498	0.037	0.500	LR	14120.50	0.00	sqrt	bouncer_part	sqrt+log	2	2	19	3:001:3488 3:011:10652
0RB1RA_1LC0RA_1LD1LC_1RB0LB	1427	4488	14161	0.498	0.073	0.500	LR	14120.50	0.00	sqrt	bouncer_part	sqrt+log	3	3	4	9:001001011:25 3:001:348 3:011:13784
0RB1RA_1LC0RC_1LD0LC_0RA1LC	1040	3209	10052	0.493	0.503	0.045	LR	2850.07	0.01	sqrt	bouncer_part	sqrt+log	4	4	25	2:01:5455 1:1:4538 8:00000111:16 9:001110111:18
0RB1RA_1LC0RD_1LD0LC_0RA1LC	1239	3887	12263	0.498	0.500	0.027	LR	2183.07	0.00	sqrt	bouncer_part	sqrt+log	6	1	35	3:011:9182 3:011:423 3:011:1873 3:011:571 3:011:144 3:011:35
0RB1RA_1LC1LA_1LD1RB_0RC0LD	35	43	49	0.073	0.000	0.077	R	36862.50	0.98	log	counter	-	1	1	31	8:00001111:18
0RB1RA_1LC1LD_0LD---_0RA0LC	35	41	49	0.073	0.000	0.077	R	40958.50	0.98	log	counter	-	0	0	49	-
0RB1RA_1LC1LD_1LD0LC_0RA0LC	835	2604	8189	0.496	0.500	0.060	LR	1.00	0.01	sqrt	bouncer_part	sqrt+log	2	2	9	2:01:8164 1:1:16
0RB1RA_1LC1LD_1LD0LC_0RA1LC	1381	4341	13707	0.498	0.501	0.027	LR	1952.93	0.00	sqrt	bouncer_part	sqrt+log	5	1	36	3:011:10265 3:011:2566 3:011:641 3:011:160 3:011:39
0RB1RA_1LC1RA_1LD0LC_0RA0LC	1017	3183	10025	0.497	0.501	0.076	LR	1.00	0.01	sqrt	bouncer_part	sqrt+log	1	1	27	2:01:9998
0RB1RA_1LC1RA_1LD0LC_0RA1LC	1589	5007	15821	0.499	0.501	0.027	LR	1691.21	0.00	sqrt	bouncer_part	sqrt+log	6	1	36	3:011:5877 3:011:5973 3:011:2964 3:011:740 3:011:186 3:011:45
0RB1RA_1LC1RA_1LD0LC_0RB0LC	1017	3183	10025	0.497	0.501	0.076	LR	1.00	0.01	sqrt	bouncer_part	sqrt+log	1	1	27	2:01:9998
0RB1RA_1LC1RB_0LD0LC_1RA1LD	1009	3173	10013	0.498	0.500	0.073	LR	1.00	0.01	sqrt	bouncer_part	sqrt+log	1	1	15	1:1:9998
0RB1RA_1LC1RB_0LD1LD_0RA0LC	50	62	73	0.082	0.000	0.085	R	0.66	0.96	log	counter	-	0	0	73	-
0RB1RA_1LC1RB_1RB1LD_0RA0LC	1084	3445	10883	0.501	0.501	0.501	LR	1.00	1.02	sqrt	bouncer	sqrt+sqrt	67	21	1311	8:01011111:2015 8:01011111:6165 4:0111:21 8:01111111:17 8:01010111:17 8:01011111:17 8:01010111:25 8:01011111:17 10:0111111111:25 10:0111011111:21 6:011111:19 8:01010111:17 6:010111:21 8:01010111:17 14:01111101111111:41 8:01011111:21 14:01110111011111:29 6:011111:17 8:01011111:17 10:0101111111:21 2:01:18 1:1:17 6:010111:21 6:011111:17 8:01011111:19 10:0101111111:25 8:01011111:21 10:0111011111:27 8:01111111:17 14:01010101011111:30 10:0101111111:21 12:011101111111:27 8:01010111:21 4:0111:18 6:011111:17 2:01:22 6:010111:23 6:010111:19 4:0111:23 10:0111011111:27 4:0111:19 14:01011101011111:28 8:01010111:17 8:01011111:17 16:0101011111010111:33 6:011111:16 8:01111111:17 8:01011111:19 8:01011111:23 8:01011111:21 10:0101110111:21 8:01111111:19 12:010101010111:27 8:01111111:17 16:0101110111011111:33 10:0111011111:21 8:01010111:23 8:01111111:23 8:01010111:17 10:0101111111:23 8:01010111:17 10:0101011111:29 10:0101111111:25 2:01:16 8:01111111:17 2:01:25 6:010111:19
0RB1RA_1LC1RD_0LD0LC_1LA1LC	1380	4343	13707	0.499	0.500	0.045	LR	13673.50	0.00	sqrt	bouncer_part	sqrt+log	6	2	37	3:011:5444 3:001:4825 3:001:2563 3:001:640 3:001:160 3:001:38
0RB1RA_1LC1RD_0LD0LC_1RA1LC	1590	5011	15823	0.499	0.501	0.037	LR	11843.50	0.00	sqrt	bouncer_part	sqrt+log	6	2	41	3:011:11670 3:001:187 3:001:2959 3:001:739 3:001:183 3:001:44
0RB1RA_1RC0RC_1LD0RB_0RA0LC	191494	1914898	19148940	1.000	0.000	1.000	R	1.00	0.00	lin	linear	-	-	-	-	wide
0RB1RA_1RC0RC_1LD0RB_1RA0LC	187504	1875004	18750004	1.000	0.000	1.000	R	0.67	0.00	lin	linear	-	-	-	-	wide
0RB1RA_1RC1RD_0LD0LC_1RA1LC	1430	4491	14164	0.498	0.501	0.052	LR	14121.50	0.00	sqrt	bouncer_part	sqrt+log	3	3	5	3:011:9842 3:001:4297 9:000000101:20
0RB1RA_1RC1RD_1LD0RB_1RA0LC	214288	2142862	21428576	1.000	0.000	1.000	R	1.00	0.00	lin	linear	-	-	-	-	wide
0RB1RB_0LC0RA_0LD1LC_1RA1LD	50	62	73	0.082	0.085	0.000	L	0.66	0.97	log	counter	-	0	0	73	-
0RB1RB_0LC0RC_0LD1RA_1RC1LD	47	57	67	0.077	0.080	0.000	L	1.33	1.30	log	counter	-	1	1	47	9:011011111:20
0RB1RB_0LC0RC_0LD1RC_1RA1LD	183	392	844	0.332	0.334	0.000	L	1.00	1.00	cube	sweepctr	-	2	1	3	1:1:618 1:1:223
0RB1RB_0LC0RD_1RB1LC_0LA1RD	144	310	669	0.334	0.336	0.000	L	1.00	2.00	cube	sweepctr	-	2	1	2	1:1:168 1:1:499
0RB1RB_0LC0RD_1RD1LC_0LA1RA	47	58	68	0.080	0.083	0.079	LR	1.43	1.37	log	counter	-	1	1	45	9:011011111:23
0RB1RB_0LC0RD_1RD1LC_0LA1RB	33	40	46	0.072	0.076	0.000	L	1.50	2.04	log	counter	-	1	1	30	8:01011111:16
0RB1RB_0LC1RC_0LD0RA_1RA1LD	46	56	66	0.078	0.081	0.000	L	1.67	1.32	log	counter	-	2	2	23	9:011011111:23 6:011111:20
0RB1RB_0LC1RD_1LD0RD_1RA0LD	1581	4997	15813	0.500	0.500	0.500	LR	6304.50	0.59	sqrt	bouncer	sqrt+sqrt	3	3	17	5:01011:9469 5:00101:6309 3:001:18
0RB1RB_1LA1LC_1RD0LC_0RD0LA	18	22	25	0.071	0.079	0.000	L	2.00	2.25	log	counter	-	0	0	25	-
0RB1RB_1LC---_1RD0LC_0RD0LA	19	22	25	0.060	0.066	0.000	L	2.00	2.08	log	counter	-	0	0	25	-
0RB1RB_1LC0LA_1RD0LC_0RD1LA	18	22	25	0.071	0.079	0.000	L	2.00	2.17	log	counter	-	0	0	25	-
0RB1RB_1LC0LC_1LD1RA_0RA0LD	19	23	26	0.068	0.000	0.075	R	2.00	1.88	log	counter	-	0	0	26	-
0RB1RB_1LC0LC_1RD1LA_0RD0LA	18	22	25	0.071	0.079	0.000	L	2.00	2.08	log	counter	-	0	0	25	-
0RB1RB_1LC0RA_0LD0LC_1RD1LB	42662	426548	4265414	1.000	1.000	0.000	L	1.00	0.00	lin	linear	-	-	-	-	wide
0RB1RB_1LC0RA_1RA1LD_0LA0LC	834	2603	8188	0.496	0.066	0.500	LR	1.00	0.01	sqrt	bouncer_part	sqrt+log	3	2	8	1:1:16 2:01:2439 1:1:5725
0RB1RB_1LC0RA_1RA1LD_1LC0LC	1016	3182	10024	0.497	0.084	0.500	LR	1.00	0.01	sqrt	bouncer_part	sqrt+log	2	2	26	2:01:32 1:1:9966
0RB1RB_1LC0RD_1RD0LC_1LA0LA	18	22	25	0.071	0.079	0.000	L	2.00	2.08	log	counter	-	0	0	25	-
0RB1RB_1LC1RA_0LD0LA_1LA0RD	926	3110	9827	0.513	0.000	0.514	R	1.00	0.00	sqrt	bouncer_part	sqrt+fix	4	2	2	14:01111111111111:28 1:1:6559 1:1:762 1:1:2476
0RB1RB_1LC1RA_0LD0LA_1RA0RD	925	3110	9828	0.513	0.000	0.514	R	1.00	0.00	sqrt	bouncer_part	sqrt+fix	2	1	15	1:1:6570 1:1:3243
0RB1RB_1LC1RA_0LD0LC_1RD0RB	229	493	1063	0.333	0.334	0.334	LR	1.00	1.00	cube	sweepctr	-	4	2	3	1:1:174 1:1:369 1:1:161 1:0:356
0RB1RB_1LC1RA_0RA0LD_0LC1LD	52	65	73	0.074	0.000	0.076	R	3.00	0.85	log	counter	-	0	0	73	-
0RB1RB_1LC1RA_1LD---_0RA0LD	35	43	49	0.073	0.000	0.077	R	32766.50	0.98	log	counter	-	0	0	49	-
0RB1RB_1LC1RA_1LD0LC_0RB0LC	1016	3182	10024	0.497	0.501	0.080	LR	1.00	0.01	sqrt	bouncer_part	sqrt+log	2	1	26	2:01:9966 2:01:32
0RB1RB_1LC1RA_1LD0LD_0RB0LC	1016	3182	10024	0.497	0.501	0.080	LR	1.00	0.01	sqrt	bouncer_part	sqrt+log	2	1	26	2:01:9966 2:01:32
0RB1RB_1LC1RA_1RA0LD_1LC1LD	1746	5494	17339	0.498	0.501	0.046	LR	8648.50	0.01	sqrt	bouncer_part	sqrt+log	11	2	15	1:1:8658 1:1:4330 1:1:2165 1:1:1084 1:1:541 1:1:272 1:1:136 1:1:69 1:1:34 1:1:19 7:0111111:16
0RB1RB_1LC1RB_0RA0LD_0LC1LD	145	311	670	0.332	0.000	0.335	R	1.00	2.00	cube	sweepctr	-	2	1	3	1:1:499 1:1:168
0RB1RB_1LC1RC_1LD1RA_0RA0LD	28	33	37	0.061	0.000	0.065	R	2.00	1.31	log	counter	-	0	0	37	-
0RB1RB_1LC1RD_1LA0LC_0RD0LA	19	23	26	0.068	0.075	0.000	L	2.00	1.92	log	counter	-	0	0	26	-
0RB1RB_1RC0LD_1LD0RC_1LA0LA	19	23	26	0.068	0.000	0.071	R	2.00	1.88	log	counter	-	0	0	26	-
0RB1RB_1RC0RC_1LD1LA_0LD0LA	19	23	26	0.068	0.000	0.071	R	2.00	1.88	log	counter	-	0	0	26	-
0RB1RB_1RC1LB_1LA0RD_0LC1RD	143	309	668	0.335	0.340	0.000	L	1.00	1.99	cube	sweepctr	-	2	1	2	1:1:175 1:1:491
0RB1RB_1RC1LD_1LA0RC_0LD0LA	19	23	26	0.068	0.000	0.071	R	2.00	1.88	log	counter	-	0	0	26	-
0RB1RC_0LC---_0LD0RA_1RA1LD	34	41	47	0.070	0.074	0.000	L	1.50	1.00	log	counter	-	1	1	31	8:01011111:16
0RB1RC_0LC0RA_0LD1RC_1RB1LD	146	312	671	0.331	0.334	0.000	L	1.00	1.99	cube	sweepctr	-	2	1	3	1:1:163 1:1:505
0RB1RC_0RC1RA_1LD1RB_0LA0LD	27	33	38	0.074	0.000	0.077	R	2.00	1.27	log	counter	-	0	0	38	-
0RB1RC_1LA0LC_0LD0RA_1RA1LD	34	41	47	0.070	0.074	0.000	L	1.65	1.04	log	counter	-	1	1	26	10:0111011111:21
0RB1RC_1LA1RB_0LD0RC_1LD0LA	19	23	26	0.068	0.000	0.071	R	2.00	20.36	log	counter	-	0	0	26	-
0RB1RC_1LA1RB_0RC1LD_0LD0LA	18	22	25	0.071	0.000	0.075	R	2.00	1.96	log	counter	-	0	0	25	-
0RB1RC_1LA1RB_1LD0RC_0LD0LA	20	23	26	0.057	0.000	0.060	R	2.00	1.88	log	counter	-	0	0	26	-
0RB1RC_1LA1RB_1LD0RC_0LD1LA	20	23	27	0.065	0.000	0.068	R	2.00	1.88	log	counter	-	0	0	27	-
0RB1RC_1LC---_1LD1RA_0RA0LD	35	43	49	0.073	0.000	0.077	R	32766.50	0.98	log	counter	-	0	0	49	-
0RB1RC_1LC0LA_0LD0RA_1RA1LD	34	41	47	0.070	0.074	0.000	L	1.65	1.00	log	counter	-	1	1	26	10:0111011111:21
0RB1RC_1LC0LC_0LD0RA_1RA1LD	34	41	47	0.070	0.074	0.000	L	1.50	1.00	log	counter	-	1	1	31	8:01011111:16
0RB1RC_1LC0RA_0LD1RC_1RB1LD	209	449	965	0.332	0.331	0.334	LR	62377.79	0.67	cube	sweepctr	-	2	1	2	1:1:564 1:1:399
0RB1RC_1LC0RC_1LD1RA_0RB0LD	37	43	49	0.061	0.000	0.064	R	28670.50	0.98	log	counter	-	1	1	33	8:00111111:16
0RB1RC_1RC0LC_1LD0RC_1LA0LA	26	31	36	0.071	0.000	0.073	R	1.62	1.86	log	counter	-	0	0	36	-
0RB1RC_1RC0LD_0LB1RA_1LB1LD	1737	5485	17331	0.500	0.501	0.067	LR	8649.50	0.01	sqrt	bouncer_part	sqrt+log	10	1	35	1:1:8659 1:1:4329 1:1:2164 1:1:1082 1:1:541 1:1:270 1:1:135 1:1:67 1:1:33 1:1:16
0RB1RC_1RC1LD_1LA0RC_0LD0LA	20	23	26	0.057	0.000	0.060	R	2.00	1.80	log	counter	-	0	0	26	-
0RB1RC_1RC1RB_1LD0RC_0LD1LA	21	24	27	0.055	0.000	0.057	R	2.00	1.73	log	counter	-	0	0	27	-
0RB1RD_0LC1RA_1RB1LC_0LD0LB	47	56	67	0.077	0.078	0.079	LR	1.50	1.33	log	counter	-	2	2	24	9:011011111:23 6:011111:20
0RB1RD_0RC0LB_1LD1RC_1LB0RA	1414	4476	14138	0.500	0.503	0.494	LR	1409.50	0.25	sqrt	bouncer_part	sqrt+sqrt	2	2	20	2:01:6542 1:1:7576
0RB1RD_1LA1LC_1RB0LC_0RD0LA	18	22	25	0.071	0.079	0.000	L	2.00	2.08	log	counter	-	0	0	25	-
0RB1RD_1LC0LC_1RA1LB_1RB0RA	1955	6202	19652	0.501	0.501	0.501	LR	0.33	0.99	sqrt	bouncer	sqrt+sqrt	286	33	5756	2:01:7809 8:01111111:17 8:01011111:17 4:0111:20 6:011111:19 6:011111:19 8:01010111:17 14:01010101010111:29 8:01011111:17 8:01111111:23 10:0101010111:25 8:01011111:17 12:010101010111:29 6:010111:17 10:0101111111:21 10:0101111111:21 8:01111111:21 8:01111111:17 8:01010111:19 12:010101111111:29 10:0111111111:23 10:0111011111:21 8:01011111:19 8:01010111:17 8:01111111:17 8:01011111:23 6:010111:19 8:01111111:17 4:0111:18 8:01010111:19 8:01111111:23 2:01:25 8:01010111:29 10:0111011111:21 8:01011111:19 10:0101110111:23 8:01111111:19 16:0111110111111111:35 10:0101110111:27 8:01111111:17 4:0111:19 6:011111:21 8:01010111:19 6:011111:17 1:1:23 2:01:19 12:010111111111:25 4:0111:17 6:011111:17 8:01111111:21 6:011111:23 8:01011111:18 8:01111111:19 10:0101010111:20 8:01010111:21 8:01111111:24 10:0111111111:25 10:0101010111:21 12:010101110111:25 14:01010101110111:33 8:01011111:17 8:01111111:25 8:01111111:21 12:010111110111:27 8:01011111:17 8:01111111:17 10:0111011111:27 10:0101011111:24 12:010111110111:27 12:011111111111:34 10:0101010111:21 6:010111:17 6:011111:17 2:01:17 8:01011111:27 8:01010111:17 12:010101110111:27 10:0101110111:22 6:011111:23 6:011111:17 10:0101110111:25 10:0101110111:23 8:01010111:26 8:01111111:21 8:01010111:17 4:0111:17 10:0111011111:21 10:0101010111:21 10:0101110111:22 6:011111:17 1:1:17 10:0101010111:20 6:010111:21 14:01010101110111:35 10:0101011111:21 10:0101110111:23 10:0101110111:21 10:0101011111:23 6:011111:17 6:011111:17 10:0111011111:21 10:0101010111:21 8:01011111:23 8:01011111:17 10:0101010111:23 6:011111:19 10:0101111111:23 2:01:21 12:010111011111:27 10:0111011111:25 6:011111:23 10:0101010111:27 6:011111:27 1:1:23 4:0111:19 8:01010111:17 8:01011111:17 6:010111:21 6:010111:17 2:01:19 6:011111:17 8:01111111:18 8:01011111:27 6:010111:17 4:0111:29 6:011111:23 8:01011111:19 8:01011111:17 10:0101111111:23 8:01011111:23 8:01010111:19 4:0111:19 10:0101110111:24 8:01011111:18 8:01111111:17 6:010111:18 6:010111:19 2:01:17 6:011111:21 2:01:21 8:01011111:17 6:010111:21 6:011111:19 6:010111:17 12:011101111111:27 14:01010111011111:29 10:0101011111:21 10:0101110111:21 6:010111:21 6:010111:19 8:01010111:21 14:01010101010111:31 6:010111:17 4:0111:19 14:01010111011111:31 8:01010111:17 1:1:27 10:0101110111:20 6:011111:19 8:01111111:19 8:01011111:17 8:01011111:19 8:01010111:16 8:01011111:17 10:0101010111:27 14:01011111110111:28 6:010111:23 12:011111111111:25 6:011111:19 10:0101111111:27 8:01111111:21 12:010111011111:27 8:01111111:21 8:01010111:17 8:01010111:21 12:010111111111:33 10:0101011111:22 6:011111:17 10:0101110111:23 8:01010111:23 4:0111:19 8:01010111:17 12:010101111111:33 8:01010111:18 6:011111:16 10:0101011111:21 16:0101111111111111:36 12:010101011111:25 12:010101111111:28 10:0111011111:25 1:1:19 8:01111111:21 8:01010111:23 8:01010111:19 8:01111111:19 8:01111111:17 8:01010111:16 8:01111111:17 6:011111:17 2:01:18 4:0111:23 10:0111011111:20 8:01010111:23 10:0101010111:25 2:01:21 12:011101111111:27 1:1:19 8:01111111:19 2:01:21 14:01010101011111:29 6:011111:23 4:0111:19 6:010111:17 8:01010111:19 6:010111:17 8:01011111:23 10:0101011111:27 8:01111111:17 8:01011111:21 10:0101111111:21 6:011111:23 8:01011111:19 8:01011111:21 10:0101011111:23 8:01010111:17 8:01010111:17 4:0111:17 8:01010111:17 8:01010111:17 8:01111111:17 12:010111110111:25 2:01:17 6:011111:19 6:011111:17 10:0101011111:23 12:010101011111:25 16:0101110101110111:33 12:010111011111:26 6:010111:19 6:010111:17 8:01010111:17 16:0101111111111111:35 10:0101110111:21 8:01111111:19 10:0101011111:23 8:01011111:19 6:011111:17 10:0101111111:25 10:0101011111:23 8:01011111:19 10:0101011111:25 10:0101011111:23 6:011111:19 4:0111:21 8:01010111:19 8:01111111:19 6:011111:19 16:0101011111010111:39 8:01111111:16 6:010111:16 10:0111011111:21 10:0111111111:23 10:0101111111:21 10:0101111111:21 8:01010111:16 4:0111:19 8:01010111:18 10:0111111111:21 10:0111011111:25 8:01111111:19 8:01011111:25 6:011111:17 8:01011111:21 8:01011111:19 8:01111111:17 8:01111111:23 6:010111:17 8:01011111:16 12:010111110111:29 14:01010111011111:29 14:01111101111111:33 12:010101110111:25 10:0101011111:21 8:01010111:17 6:010111:17 10:0101111111:29
0RB1RD_1LC0LD_1RD0RA_1LB0RC	107149	1071433	10714291	1.000	0.000	1.000	R	1.67	0.00	lin	linear	-	-	-	-	wide
0RB1RD_1LC0RA_1LD1LC_1RB0LC	947	2949	9287	0.496	0.055	0.500	LR	2.60	0.01	sqrt	bouncer_part	sqrt+log	2	1	32	3:011:1806 3:011:7449
0RB1RD_1LC0RA_1RC1LA_1RB0LD	46	56	67	0.082	0.000	0.086	R	1.00	1.35	log	counter	-	2	2	21	3:011:23 9:001011011:23
0RB1RD_1LC0RA_1RD1LA_1RB0LD	46	56	67	0.082	0.000	0.086	R	1.00	1.32	log	counter	-	2	2	27	3:001:17 9:001011011:23
0RB1RD_1LC0RD_1LD0LC_1RA0LB	1574	4892	15348	0.495	0.136	0.507	LR	27.51	0.01	sqrt	bouncer_part	sqrt+log	11	9	116	14:01010111010111:28 8:01111111:17 6:011111:33 4:0111:21 8:01111111:315 6:010111:606 11:00111110111:22 14:01010101111111:6595 8:01111111:3467 8:01010111:4112 6:000101:16
0RB1RD_1LC1LB_0RA0LC_0LB1RA	34	42	48	0.075	0.000	0.079	R	10921.17	10.83	log	counter	-	0	0	48	-
0RB1RD_1LC1LB_1RA0LC_1RB0RA	100010	1000010	10000010	1.000	0.000	1.000	R	1.67	0.00	lin	linear	-	-	-	-	wide
0RB1RD_1LC1RA_0LD0LC_0RA1RB	27	33	38	0.074	0.000	0.079	R	2.00	1.27	log	counter	-	0	0	38	-
0RB1RD_1LC1RA_1LA0LC_1RA1LC	833	2602	8187	0.496	0.501	0.062	LR	1.00	0.01	sqrt	bouncer_part	sqrt+log	3	1	8	2:01:4453 2:01:3710 2:01:16
0RB1RD_1LC1RA_1LA0LC_1RB1LC	834	2604	8189	0.496	0.501	0.060	LR	1.00	0.01	sqrt	bouncer_part	sqrt+log	2	2	9	2:01:8164 3:011:16
0RB1RD_1LC1RA_1LD0LC_0RB0LC	1004	3166	10004	0.499	0.500	0.000	L	1.00	0.62	sqrt	bouncer	sqrt+fix	1	1	5	2:01:9999
0RB1RD_1LC1RA_1LD0LC_1RB0LB	1760	5576	17648	0.501	0.500	0.502	LR	1.00	0.49	sqrt	bouncer_part	sqrt+sqrt	2	2	9	5:01111:9809 2:01:7830
0RB1RD_1LC1RA_1LD0LC_1RD0LB	1999	6322	19999	0.500	0.500	0.500	LR	1.00	0.63	sqrt	bouncer	sqrt+sqrt	1	1	5	2:01:19994
0RB1RD_1LC1RD_0LD0LC_1RA1LC	1603	5027	15842	0.497	0.501	0.055	LR	11840.50	0.01	sqrt	bouncer_part	sqrt+log	6	2	42	3:011:8496 3:001:3359 3:001:2965 3:001:744 3:001:187 3:001:49
0RB1RD_1LC1RD_1LA0LC_1RA1LC	884	2759	8684	0.496	0.500	0.060	LR	1.00	0.01	sqrt	bouncer_part	sqrt+log	2	2	25	3:011:7599 3:001:1060
0RB1RD_1RC---_1LD1RB_0LD0LA	35	41	47	0.064	0.000	0.066	R	24572.50	0.98	log	counter	-	0	0	47	-
0RB1RD_1RC0LC_1LA0LA_1LB0RD	20	23	26	0.057	0.000	0.060	R	2.00	1.80	log	counter	-	0	0	26	-
0RB1RD_1RC1LC_1LB1RA_1LD0RC	222228	2222228	22222228	1.000	0.000	1.000	R	0.67	0.00	lin	linear	-	-	-	-	wide
0RB1RD_1RC1RA_1LD0LA_1RA0LC	2305	7631	24387	0.512	0.000	0.513	R	1.00	0.00	sqrt	bouncer_part	sqrt+fix	2	2	16	1:1:13723 2:01:10648
0RB1RD_1RC1RB_0LC1LA_1LC0RD	20	24	27	0.065	0.000	0.068	R	2.00	1.88	log	counter	-	0	0	27	-
0RB1RD_1RC1RD_0LD0LC_1RA1LC	1602	5028	15841	0.498	0.502	0.054	LR	11841.50	0.01	sqrt	bouncer_part	sqrt+log	6	2	43	3:011:7307 3:001:4546 3:001:2965 3:001:744 3:001:187 3:001:49
1RB---_0LB1RC_1LD1RA_0RA0LD	27	33	37	0.068	0.000	0.073	R	2.00	1.36	log	counter	-	0	0	37	-
1RB---_0LC0RB_1LD1LA_0RC1LC	35	41	49	0.073	0.077	0.000	L	40958.50	1.00	log	counter	-	0	0	49	-
1RB---_0LC0RD_0LD1LC_1RA0RB	39	47	53	0.067	0.073	0.000	L	32766.50	0.06	log	counter	-	0	0	53	-
1RB---_0LC0RD_1LA1LC_0LA0RB	26	32	36	0.071	0.076	0.000	L	17709.50	0.97	log	counter	-	0	0	36	-
1RB---_0LC1RA_1LD1RC_0RA0LD	35	41	49	0.073	0.000	0.077	R	40958.50	1.02	log	counter	-	0	0	49	-
1RB---_0LC1RD_1LA1LC_0LA0RD	36	42	48	0.062	0.066	0.000	L	24574.50	0.98	log	counter	-	0	0	48	-
1RB---_0RC0RB_1LC0LD_1RA0LD	2051	7171	20483	0.500	0.452	0.539	LR	1.30	0.00	sqrt	bouncer_part	sqrt+sqrt	11	3	18	1:1:8192 1:0:512 1:1:512 1:0:128 1:1:200 11:00000111111:22 1:1:369 1:0:1311 1:1:1025 1:0:2047 1:1:6147
1RB---_0RC1RB_1LC0LD_0RA0LC	36	42	50	0.071	0.000	0.075	R	40958.50	0.96	log	counter	-	0	0	50	-
1RB---_1LB0LC_1RD0LC_0RD0LA	19	23	26	0.068	0.075	0.000	L	2.00	1.92	log	counter	-	0	0	26	-
1RB---_1LB1LC_1RD0LA_0LC0RD	34	42	48	0.075	0.081	0.000	L	10921.83	0.98	log	counter	-	0	0	48	-
1RB---_1LB1RC_1RA1LD_0RA0LD	51	60	69	0.066	0.000	0.068	R	1.00	0.69	log	counter	-	2	2	28	1:0:20 3:001:21
1RB---_1LC---_1RD0LC_0RD0LA	19	23	26	0.068	0.075	0.000	L	2.00	1.92	log	counter	-	0	0	26	-
1RB---_1LC0LD_0RA0LC_1RA1RD	35	41	49	0.073	0.000	0.077	R	40958.50	0.98	log	counter	-	0	0	49	-
1RB---_1LC0RA_0RB0LD_0LC---	36	42	48	0.062	0.000	0.067	R	24574.50	0.96	log	counter	-	0	0	48	-
1RB---_1LC0RA_1LD0LC_0RB1RC	36	42	48	0.062	0.000	0.067	R	24573.50	0.96	log	counter	-	0	0	48	-
1RB---_1LC0RB_0LC0LD_0RA---	20	23	26	0.057	0.000	0.062	R	2.00	1.88	log	counter	-	0	0	26	-
1RB---_1LC0RB_0LC0LD_1RA0RA	20	23	26	0.057	0.000	0.062	R	2.00	1.88	log	counter	-	0	0	26	-
1RB---_1LC0RB_0LC0RD_0LA1LA	19	22	25	0.060	0.000	0.062	R	2.00	2.04	log	counter	-	0	0	25	-
1RB---_1LC0RB_0LD0LB_0RA1LB	1667	5273	16667	0.500	0.500	0.500	LR	3.57	0.62	sqrt	bouncer	sqrt+sqrt	3	3	10	8:00100101:24 5:00101:6879 5:01011:9754
1RB---_1LC0RB_0LD1LA_0LD0RA	20	23	26	0.057	0.000	0.062	R	2.00	1.88	log	counter	-	0	0	26	-
1RB---_1LC0RB_1LD1LA_0LC0RC	35	41	49	0.073	0.075	0.075	LR	2.00	0.98	log	counter	-	0	0	49	-
1RB---_1LC0RB_1RD0LC_1LB1RA	51	60	72	0.075	0.000	0.077	R	0.33	0.03	log	counter	-	1	1	52	9:000001001:20
1RB---_1LC0RC_1RD0LB_1RB0RA	189193	1891897	18918923	1.000	0.000	1.000	R	1.00	0.00	lin	linear	-	-	-	-	wide
1RB---_1LC1LB_1RD1LA_0LB0RD	51	60	69	0.066	0.069	0.000	L	0.33	0.65	log	counter	-	3	2	14	3:001:21 6:000001:17 3:001:17
1RB---_1LC1LD_0RA0LC_1RA1RD	51	60	69	0.066	0.000	0.068	R	1.00	0.66	log	counter	-	2	2	28	1:0:20 3:001:21
1RB---_1LC1RA_---0LD_0RA0LC	35	43	49	0.073	0.000	0.077	R	32766.50	0.98	log	counter	-	0	0	49	-
1RB---_1LC1RA_---0LD_0RA0LD	35	43	49	0.073	0.000	0.077	R	32766.50	0.98	log	counter	-	0	0	49	-
1RB---_1LC1RA_0LC0LD_0RA0RC	35	41	49	0.073	0.000	0.077	R	40957.50	0.98	log	counter	-	0	0	49	-
1RB---_1LC1RA_0LC0LD_0RA1RC	35	41	47	0.064	0.000	0.067	R	24572.50	0.98	log	counter	-	0	0	47	-
1RB---_1LC1RA_0RA0LC_------	35	43	49	0.073	0.000	0.077	R	32766.50	0.98	log	counter	-	0	0	49	-
1RB---_1LC1RA_0RD0LC_0LB0RA	36	42	48	0.062	0.000	0.067	R	24574.50	0.96	log	counter	-	0	0	48	-
1RB---_1LC1RA_0RD0LC_1LC1RB	35	41	49	0.073	0.000	0.077	R	40958.50	0.98	log	counter	-	0	0	49	-
1RB---_1LC1RA_0RD0LC_1RB---	35	43	49	0.073	0.000	0.077	R	32766.50	0.98	log	counter	-	0	0	49	-
1RB---_1LC1RA_0RD0LD_1RA0LC	36	42	50	0.071	0.000	0.077	R	40958.50	0.96	log	counter	-	1	1	29	10:0000000001:21
1RB---_1LC1RA_1LD0LC_0RD0RA	36	42	50	0.071	0.000	0.077	R	40958.50	0.96	log	counter	-	0	0	50	-
1RB---_1LC1RA_1RB0LD_0RC0LC	35	43	49	0.073	0.000	0.077	R	32766.50	0.98	log	counter	-	0	0	49	-
1RB---_1LC1RA_1RB0LD_0RC0LD	35	43	49	0.073	0.000	0.077	R	32766.50	0.98	log	counter	-	0	0	49	-
1RB---_1LC1RA_1RD0LC_0LD0RA	35	41	49	0.073	0.000	0.077	R	40958.50	0.98	log	counter	-	0	0	49	-
1RB---_1LC1RC_1RA0LD_0RA0LD	51	60	72	0.075	0.000	0.077	R	1.00	0.66	log	counter	-	1	1	52	9:000001001:20
1RB---_1LC1RD_0RA0LC_0LD1RA	35	41	49	0.073	0.000	0.077	R	13652.50	0.98	log	counter	-	0	0	49	-
1RB---_1LC1RD_0RA0LC_1LB1RA	51	60	69	0.066	0.000	0.068	R	0.33	0.66	log	counter	-	2	2	28	1:0:20 3:001:21
1RB---_1LC1RD_0RA0LC_1LC1RA	28	33	37	0.061	0.000	0.065	R	2.00	1.31	log	counter	-	0	0	37	-
1RB---_1LC1RD_0RA0LC_1RA---	51	60	72	0.075	0.000	0.077	R	1.00	0.66	log	counter	-	1	1	52	9:000001001:20
1RB---_1LC1RD_0RA0LC_1RB---	35	43	49	0.073	0.000	0.077	R	32766.50	0.98	log	counter	-	0	0	49	-
1RB---_1LC1RD_0RB0LC_0LD1RA	33	41	47	0.077	0.000	0.081	R	32763.50	0.98	log	counter	-	0	0	47	-
1RB---_1LC1RD_0RB0LC_1LB1RA	50	59	71	0.076	0.000	0.079	R	0.33	0.67	log	counter	-	1	1	51	9:000001001:20
1RB---_1LC1RD_0RB0LC_1LC1RA	27	33	38	0.074	0.000	0.079	R	2.00	1.27	log	counter	-	1	1	20	9:000101001:18
1RB---_1LC1RD_1LA0LC_0RD0LA	36	42	48	0.062	0.066	0.000	L	24574.50	0.98	log	counter	-	0	0	48	-
1RB---_1RC---_0LD0RC_0LA1LD	35	43	49	0.073	0.079	0.000	L	32766.50	0.96	log	counter	-	0	0	49	-
1RB---_1RC---_1LD1RA_0RA0LD	52	61	70	0.065	0.000	0.067	R	1.00	0.65	log	counter	-	2	2	29	1:0:20 3:001:21
1RB---_1RC---_1LD1RB_0RA0LD	36	42	50	0.071	0.000	0.075	R	40958.50	0.96	log	counter	-	0	0	50	-
1RB---_1RC0LD_1LB1RA_0RA0LD	52	61	70	0.065	0.000	0.067	R	1.00	0.65	log	counter	-	2	2	29	1:0:20 3:001:21
1RB---_1RC0LD_1LD1RB_0RA0LB	36	42	50	0.071	0.000	0.075	R	40958.50	0.96	log	counter	-	0	0	50	-
1RB---_1RC0RC_0LD0RB_0LA1LD	35	43	49	0.073	0.079	0.000	L	32766.50	0.96	log	counter	-	0	0	49	-
1RB---_1RC1LD_0LD0RC_0LA1LB	35	43	49	0.073	0.079	0.000	L	32766.50	0.96	log	counter	-	0	0	49	-
1RB---_1RC1RA_1LD0LB_0RA0LD	36	42	48	0.062	0.000	0.066	R	24574.50	0.96	log	counter	-	0	0	48	-
1RB---_1RC1RA_1LD0LB_0RB0LD	35	41	49	0.073	0.000	0.077	R	40958.50	0.94	log	counter	-	0	0	49	-
1RB0LA_0LB0RC_1RD---_1LA1RC	35	41	49	0.073	0.000	0.075	R	40958.50	1.02	log	counter	-	0	0	49	-
1RB0LA_0LC0RB_1LC0RD_1LA1RD	18	22	25	0.071	0.000	0.075	R	2.00	3.96	log	counter	-	0	0	25	-
1RB0LA_0LC0RD_1LC1LA_0RB0RA	35	41	49	0.073	0.079	0.000	L	13652.50	1.00	log	counter	-	0	0	49	-
1RB0LA_0LC0RD_1LD0RC_1LA0RB	36	42	48	0.062	0.067	0.000	L	5733.70	1.02	log	counter	-	1	1	29	8:00010101:19
1RB0LA_0LC1LC_1RD1LB_0RA0RB	925	3109	9826	0.513	0.514	0.000	L	1.00	0.00	sqrt	bouncer_part	sqrt+fix	3	1	16	1:1:2478 1:1:760 1:1:6572
1RB0LA_0LC1RD_1LC1LA_0RB0RD	1536	5120	14336	0.485	0.452	0.540	LR	1.38	0.00	sqrt	bouncer_part	sqrt+sqrt	8	2	5	1:1:5888 1:0:128 1:1:96 1:0:28 1:0:544 1:1:1347 1:0:156 1:1:6144
1RB0LA_0LC1RD_1LC1LA_0RC0RD	1948	6628	24576	0.550	0.602	0.474	LR	1.38	0.00	sqrt	bouncer_part	other	13	2	4	1:1:3072 1:0:512 1:1:192 1:0:32 1:1:28 1:0:162 1:1:60 1:0:33 1:1:3329 1:0:767 1:1:4097 1:0:4095 1:1:8193
1RB0LA_0RC0LA_1LD1RD_1LA0RB	1018	3185	10028	0.497	0.502	0.071	LR	2994.50	0.01	sqrt	bouncer_part	sqrt+log	10	2	75	1:1:2578 1:0:2419 1:0:2495 1:0:1247 1:0:621 1:0:310 1:0:153 1:0:76 1:0:36 1:0:18
1RB0LA_0RC0LC_1LD0RB_1LD0RA	35	41	47	0.064	0.000	0.066	R	24573.50	0.98	log	counter	-	0	0	47	-
1RB0LA_0RC0LD_1LD1RD_1LA1RB	1018	3186	10029	0.497	0.502	0.077	LR	2993.30	0.01	sqrt	bouncer_part	sqrt+log	10	2	75	1:1:4596 1:0:399 1:0:2496 1:0:1247 1:0:622 1:0:310 1:0:154 1:0:76 1:0:37 1:0:17
1RB0LA_0RC0RB_0LD1LA_1LD0LA	1537	5121	14337	0.485	0.452	0.539	LR	1.33	0.00	sqrt	bouncer_part	sqrt+sqrt	8	2	2	1:1:5120 1:0:512 1:1:256 1:0:255 1:0:29 1:1:1251 1:0:768 1:1:6144
1RB0LA_0RC0RB_0LD1LA_1LD1RC	1537	5121	14337	0.485	0.452	0.539	LR	1.20	0.00	sqrt	bouncer_part	sqrt+sqrt	8	2	14	1:1:4856 1:0:86 1:1:165 1:1:768 1:0:256 1:1:1024 1:0:1024 1:1:6144
1RB0LA_0RC0RC_1LD1RD_1LA1RB	1020	3190	10031	0.496	0.501	0.077	LR	2994.10	0.01	sqrt	bouncer_part	sqrt+log	10	2	74	1:1:4997 1:1:1571 1:0:926 1:0:1247 1:0:622 1:0:310 1:0:154 1:0:76 1:0:37 1:0:17
1RB0LA_0RC0RD_0LD1RA_1RC1LA	1024	3194	10038	0.496	0.502	0.075	LR	2138.36	0.01	sqrt	bouncer_part	sqrt+log	10	2	77	1:1:4995 1:1:2115 1:0:382 1:0:1247 1:0:623 1:0:311 1:0:155 1:0:77 1:0:38 1:0:18
1RB0LA_0RC0RD_1LA0RA_0LC1RA	1466	3964	55964	0.791	0.258	0.857	LR	3.00	0.01	other	other	-	832	64	39840	8:00111011:33 8:01111111:17 9:001011011:21 8:01101111:16 8:01101111:16 12:001010111011:24 4:0111:17 9:001111011:20 8:01011011:18 7:0110111:16 6:011111:18 8:01101111:17 10:0111011111:21 3:011:18 7:0111111:18 6:011111:16 10:0111011111:22 11:01110111111:22 10:0011101101:21 8:01101111:16 7:0111111:16 5:00101:18 8:01101111:16 5:01111:18 12:011111111111:24 9:011101111:21 7:0010101:16 9:010111011:20 10:0110111111:20 8:00111011:16 6:011111:18 7:0110111:17 9:011011111:21 8:00100101:19 8:01101111:18 5:01111:17 9:011011111:20 7:0011011:16 9:010111011:18 10:0101111011:20 10:0101111011:23 7:0110111:16 8:01111111:16 13:0111011101111:26 6:011111:16 5:01111:17 8:01101111:17 3:011:17 11:00101111011:23 8:01111111:17 7:0110111:16 7:0111111:17 8:01011011:19 6:011111:16 11:01101111111:23 5:01111:16 5:01111:17 8:01111111:16 6:011111:21 9:001010101:19 8:01111111:16 9:001111011:20 9:001010101:19 8:01111111:16 8:01101111:17 5:00101:18 5:01111:17 8:01111111:16 9:001101101:20 6:011111:16 5:01111:18 10:0111011111:22 8:01011011:17 9:010111011:18 11:01101111111:27 4:0111:19 5:01111:16 8:01111111:17 8:00111011:26 11:00101011011:23 9:001101101:19 4:0111:16 8:01101111:19 10:0111011111:20 10:0011111011:22 7:0110111:21 5:00101:18 5:01111:17 8:01111111:16 9:001101101:20 6:011111:16 5:01111:18 10:0111011111:22 8:01011011:17 9:010111011:18 11:01101111111:27 4:0111:19 5:01111:16 8:01111111:17 8:00111011:26 11:00101011011:23 9:001101101:19 4:0111:16 8:01101111:19 10:0111011111:20 10:0011111011:22 7:0110111:21 5:00101:18 5:01111:17 8:01111111:16 9:001101101:20 6:011111:16 5:01111:18 10:0111011111:22 8:01011011:17 9:010111011:18 11:01101111111:27 4:0111:19 5:01111:16 8:01111111:17 8:00111011:26 11:00101011011:23 9:001101101:19 4:0111:16 8:01101111:19 10:0111011111:20 10:0011111011:22 7:0110111:21 5:00101:18 5:01111:17 8:01111111:16 9:001101101:20 6:011111:16 5:01111:18 10:0111011111:22 8:01011011:17 9:010111011:18 11:01101111111:27 4:0111:19 5:01111:16 8:01111111:17 8:00111011:26 11:00101011011:23 9:001101101:19 4:0111:16 8:01101111:19 10:0111011111:20 10:0011111011:22 7:0110111:21 5:00101:18 5:01111:17 8:01111111:16 9:001101101:20 6:011111:16 5:01111:18 10:0111011111:22 8:01011011:17 9:010111011:18 11:01101111111:27 4:0111:19 5:01111:16 8:01111111:17 8:00111011:26 11:00101011011:23 9:001101101:19 4:0111:16 8:01101111:19 10:0111011111:20 10:0011111011:22 7:0110111:21 5:00101:18 5:01111:17 8:01111111:16 9:001101101:20 6:011111:16 5:01111:18 10:0111011111:22 8:01011011:17 9:010111011:18 11:01101111111:27 4:0111:19 5:01111:16 8:01111111:17 8:00111011:26 11:00101011011:23 9:001101101:19 4:0111:16 8:01101111:19 10:0111011111:20 10:0011111011:22 7:0110111:21 5:00101:18 5:01111:17 8:01111111:16 9:001101101:20 6:011111:16 5:01111:18 10:0111011111:22 8:01011011:17 9:010111011:18 11:01101111111:27 4:0111:19 5:01111:16 8:01111111:17 8:00111011:26 11:00101011011:23 9:001101101:19 4:0111:16 8:01101111:19 10:0111011111:20 10:0011111011:22 7:0110111:21 5:00101:18 5:01111:17 8:01111111:16 9:001101101:20 6:011111:16 5:01111:18 10:0111011111:22 8:01011011:17 9:010111011:18 11:01101111111:27 4:0111:19 5:01111:16 8:01111111:17 8:00111011:26 11:00101011011:23 9:001101101:19 4:0111:16 8:01101111:19 10:0111011111:20 10:0011111011:22 7:0110111:21 5:00101:18 5:01111:17 8:01111111:16 9:001101101:20 6:011111:16 5:01111:18 10:0111011111:22 8:01011011:17 9:010111011:18 11:01101111111:27 4:0111:19 5:01111:16 8:01111111:17 8:00111011:26 11:00101011011:23 9:001101101:19 4:0111:16 8:01101111:19 10:0111011111:20 10:0011111011:22 7:0110111:21 5:00101:18 5:01111:17 8:01111111:16 9:001101101:20 6:011111:16 5:01111:18 10:0111011111:22 8:01011011:17 9:010111011:18 11:01101111111:27 4:0111:19 5:01111:16 8:01111111:17 8:00111011:26 11:00101011011:23 9:001101101:19 4:0111:16 8:01101111:19 10:0111011111:20 10:0011111011:22 7:0110111:21 5:00101:18 5:01111:17 8:01111111:16 9:001101101:20 6:011111:16 5:01111:18 10:0111011111:22 8:01011011:17 9:010111011:18 11:01101111111:27 4:0111:19 5:01111:16 8:01111111:17 8:00111011:26 11:00101011011:23 9:001101101:19 4:0111:16 8:01101111:19 10:0111011111:20 10:0011111011:22 7:0110111:21 5:00101:18 5:01111:17 8:01111111:16 9:001101101:20 6:011111:16 5:01111:18 10:0111011111:22 8:01011011:17 9:010111011:18 11:01101111111:27 4:0111:19 5:01111:16 8:01111111:17 8:00111011:26 11:00101011011:23 9:001101101:19 4:0111:16 8:01101111:19 10:0111011111:20 10:0011111011:22 7:0110111:21 5:00101:18 5:01111:17 8:01111111:16 9:001101101:20 6:011111:16 5:01111:18 10:0111011111:22 8:01011011:17 9:010111011:18 11:01101111111:27 4:0111:19 5:01111:16 8:01111111:17 8:00111011:26 11:00101011011:23 9:001101101:19 4:0111:16 8:01101111:19 10:0111011111:20 10:0011111011:22 7:0110111:21 5:00101:18 5:01111:17 8:01111111:16 9:001101101:20 6:011111:16 5:01111:18 10:0111011111:22 8:01011011:17 9:010111011:18 11:01101111111:27 4:0111:19 5:01111:16 8:01111111:17 8:00111011:26 11:00101011011:23 9:001101101:19 4:0111:16 8:01101111:19 10:0111011111:20 10:0011111011:22 7:0110111:21 5:00101:18 5:01111:17 8:01111111:16 9:001101101:20 6:011111:16 5:01111:18 10:0111011111:22 8:01011011:17 9:010111011:18 11:01101111111:27 4:0111:19 5:01111:16 8:01111111:17 8:00111011:26 11:00101011011:23 9:001101101:19 4:0111:16 8:01101111:19 10:0111011111:20 10:0011111011:22 7:0110111:21 5:00101:18 5:01111:17 8:01111111:16 9:001101101:20 6:011111:16 5:01111:18 10:0111011111:22 8:01011011:17 9:010111011:18 11:01101111111:27 4:0111:19 5:01111:16 8:01111111:17 8:00111011:26 11:00101011011:23 9:001101101:19 4:0111:16 8:01101111:19 10:0111011111:20 10:0011111011:22 7:0110111:21 5:00101:18 5:01111:17 8:01111111:16 9:001101101:20 6:011111:16 5:01111:18 10:0111011111:22 8:01011011:17 9:010111011:18 11:01101111111:27 4:0111:19 5:01111:16 8:01111111:17 8:00111011:26 11:00101011011:23 9:001101101:19 4:0111:16 8:01101111:19 10:0111011111:20 10:0011111011:22 7:0110111:21 5:00101:18 5:01111:17 8:01111111:16 9:001101101:20 6:011111:16 5:01111:18 10:0111011111:22 8:01011011:17 9:010111011:18 11:01101111111:27 4:0111:19 5:01111:16 8:01111111:17 8:00111011:26 11:00101011011:23 9:001101101:19 4:0111:16 8:01101111:19 10:0111011111:20 10:0011111011:22 7:0110111:21 5:00101:18 5:01111:17 8:01111111:16 9:001101101:20 6:011111:16 5:01111:18 10:0111011111:22 8:01011011:17 9:010111011:18 11:01101111111:27 4:0111:19 5:01111:16 8:01111111:17 8:00111011:26 11:00101011011:23 9:001101101:19 4:0111:16 8:01101111:19 10:0111011111:20 10:0011111011:22 7:0110111:21 5:00101:18 5:01111:17 8:01111111:16 9:001101101:20 6:011111:16 5:01111:18 10:0111011111:22 8:01011011:17 9:010111011:18 11:01101111111:27 4:0111:19 5:01111:16 8:01111111:17 8:00111011:26 11:00101011011:23 9:001101101:19 4:0111:16 8:01101111:19 10:0111011111:20 10:0011111011:22 7:0110111:21 5:00101:18 5:01111:17 8:01111111:16 9:001101101:20 6:011111:16 5:01111:18 10:0111011111:22 8:01011011:17 9:010111011:18 11:01101111111:27 4:0111:19 5:01111:16 8:01111111:17 8:00111011:26 11:00101011011:23 9:001101101:19 4:0111:16 8:01101111:19 10:0111011111:20 10:0011111011:22 7:0110111:21 5:00101:18 5:01111:17 8:01111111:16 9:001101101:20 6:011111:16 5:01111:18 10:0111011111:22 8:01011011:17 9:010111011:18 11:01101111111:27 4:0111:19 5:01111:16 8:01111111:17 8:00111011:26 11:00101011011:23 9:001101101:19 4:0111:16 8:01101111:19 10:0111011111:20 10:0011111011:22 7:0110111:21 5:00101:18 5:01111:17 8:01111111:16 9:001101101:20 6:011111:16 5:01111:18 10:0111011111:22 8:01011011:17 9:010111011:18 11:01101111111:27 4:0111:19 5:01111:16 8:01111111:17 8:00111011:26 11:00101011011:23 9:001101101:19 4:0111:16 8:01101111:19 10:0111011111:20 10:0011111011:22 7:0110111:21 5:00101:18 5:01111:17 8:01111111:16 9:001101101:20 6:011111:16 5:01111:18 10:0111011111:22 8:01011011:17 9:010111011:18 11:01101111111:27 4:0111:19 5:01111:16 8:01111111:17 8:00111011:26 11:00101011011:23 9:001101101:19 4:0111:16 8:01101111:19 10:0111011111:20 10:0011111011:22 7:0110111:21 5:00101:18 5:01111:17 8:01111111:16 9:001101101:20 6:011111:16 5:01111:18 10:0111011111:22 8:01011011:17 9:010111011:18 11:01101111111:27 4:0111:19 5:01111:16 8:01111111:17 8:00111011:26 11:00101011011:23 9:001101101:19 4:0111:16 8:01101111:19 10:0111011111:20 10:0011111011:22 7:0110111:21 5:00101:18 5:01111:17 8:01111111:16 9:001101101:20 6:011111:16 5:01111:18 10:0111011111:22 8:01011011:17 9:010111011:18 11:01101111111:27 4:0111:19 5:01111:16 8:01111111:17 8:00111011:26 11:00101011011:23 9:001101101:19 4:0111:16 8:01101111:19 10:0111011111:20 10:0011111011:22 7:0110111:21 5:00101:18 5:01111:17 8:01111111:16 9:001101101:20 6:011111:16 5:01111:18 10:0111011111:22 8:01011011:17 9:010111011:18 11:01101111111:27 4:0111:19 5:01111:16 8:01111111:17 8:00111011:26 11:00101011011:23 9:001101101:19 4:0111:16 8:01101111:19 10:0111011111:20 10:0011111011:22 7:0110111:21 5:00101:18 5:01111:17 8:01111111:16 9:001101101:20 6:011111:16 5:01111:18 10:0111011111:22 8:01011011:17 9:010111011:18 11:01101111111:27 4:0111:19 5:01111:16 8:01111111:17 8:00111011:26 11:00101011011:23 9:001101101:19 4:0111:16 8:01101111:19 10:0111011111:20 10:0011111011:22 7:0110111:21 5:00101:18 5:01111:17 8:01111111:16 9:001101101:20 6:011111:16 5:01111:18 10:0111011111:22 8:01011011:17 9:010111011:18 11:01101111111:27 4:0111:19 5:01111:16 8:01111111:17 8:00111011:26 11:00101011011:23 9:001101101:19 4:0111:16 8:01101111:19 10:0111011111:20 10:0011111011:22 7:0110111:21 5:00101:18 5:01111:17 8:01111111:16 9:001101101:20 6:011111:16 5:01111:18 10:0111011111:22 8:01011011:17 9:010111011:18 11:01101111111:27 4:0111:19 5:01111:16 8:01111111:17 8:00111011:26 11:00101011011:23 9:001101101:19 4:0111:16 8:01101111:19 10:0111011111:20 10:0011111011:22 7:0110111:21 5:00101:18 5:01111:17 8:01111111:16 9:001101101:20 6:011111:16 5:01111:18 10:0111011111:22 8:01011011:17 9:010111011:18 11:01101111111:27 4:0111:19 5:01111:16 8:01111111:17 8:00111011:26 11:00101011011:23 9:001101101:19 4:0111:16 8:01101111:19 10:0111011111:20 10:0011111011:22 7:0110111:21 5:00101:18 5:01111:17 8:01111111:16 9:001101101:20 6:011111:16 5:01111:18 10:0111011111:22 8:01011011:17 9:010111011:18 11:01101111111:27 4:0111:19 5:01111:16 8:01111111:17 8:00111011:26 11:00101011011:23 9:001101101:19 4:0111:16 8:01101111:19 10:0111011111:20 10:0011111011:22 7:0110111:21 5:00101:18 5:01111:17 8:01111111:16 9:001101101:20 6:011111:16 5:01111:18 10:0111011111:22 8:01011011:17 9:010111011:18 11:01101111111:27 4:0111:19 5:01111:16 8:01111111:17 8:00111011:26 11:00101011011:23 9:001101101:19 4:0111:16 8:01101111:19 10:0111011111:20 10:0011111011:22 7:0110111:21 5:00101:18 5:01111:17 8:01111111:16 9:001101101:20 6:011111:16 5:01111:18 10:0111011111:22 8:01011011:17 9:010111011:18 11:01101111111:27 4:0111:19 8:01101111:18 11:01101110111:30 7:0010101:18 15:010111011011011:30 9:011011111:19 7:0010101:16 12:010101111011:25 12:001010010101:31 10:0011101101:24 7:0111111:20 10:0000010101:20 10:0000100101:22 13:0000010010001:26 5:00001:21 7:0000001:21 5:00001:17 4:0001:17 7:0000101:17 8:00000001:21 7:0010101:16 13:0001010101001:29 7:0001001:27 8:00000001:16 8:00001001:20 3:001:28 11:00001010101:24 10:0001010101:25 11:00000100001:28 9:000001001:18 7:0000101:18 5:00101:16 8:00000001:18 7:0000101:18 9:000001001:18 13:0000101001001:27 7:0000101:16 9:000010101:20 5:00001:16 6:000101:17 10:0001000101:21 9:000000101:18 9:000000101:18 8:00001001:17 7:0000101:17 8:00000101:17 9:001010101:19 8:00000101:16 5:00101:19 8:00000101:19 6:000101:17 9:001010101:22 8:00010101:17 9:000010001:20 8:00100101:17 7:0000001:20 2:01:17 10:0000000001:21 9:000010101:19 7:0001001:19 3:001:16 7:0010101:16 10:0001010101:21 9:000000001:22
1RB0LA_0RC0RD_1LA0RC_0LC1RA	812	2498	7803	0.491	0.503	0.079	LR	2145.28	0.01	sqrt	bouncer_part	sqrt+log	10	3	77	1:1:3867 1:1:1933 1:1:948 1:0:19 1:0:482 1:0:240 1:0:119 1:0:59 1:0:29 14:00000010101001:30
1RB0LA_0RC0RD_1LA1LC_0LC0RB	853	2629	8225	0.492	0.100	0.501	LR	8137.83	0.01	sqrt	bouncer_part	sqrt+log	2	2	69	1:0:4102 1:1:4054
1RB0LA_0RC0RD_1LA1RA_0LC1RA	1052	3296	10380	0.497	0.503	0.073	LR	2007.39	0.01	sqrt	bouncer_part	sqrt+log	6	2	39	3:011:7312 3:001:446 3:001:1940 3:001:487 3:001:124 3:001:32
1RB0LA_0RC0RD_1LA1RB_1LC1RC	1386	4365	13808	0.499	0.500	0.499	LR	4807.83	0.45	sqrt	bouncer_part	sqrt+sqrt	257	4	2680	1:1:2302 9:010111011:36 9:010111011:35 9:010111011:35 9:010111011:35 9:010111011:35 9:010111011:35 9:010111011:35 9:010111011:35 9:010111011:35 9:010111011:35 9:010111011:35 9:010111011:35 9:010111011:35 9:010111011:35 9:010111011:35 9:010111011:35 9:010111011:35 9:010111011:35 9:010111011:35 9:010111011:35 9:010111011:35 9:010111011:35 9:010111011:35 9:010111011:35 9:010111011:35 9:010111011:35 9:010111011:35 9:010111011:35 9:010111011:35 9:010111011:35 9:010111011:35 9:010111011:35 9:010111011:35 9:010111011:35 9:010111011:35 9:010111011:35 9:010111011:35 9:010111011:35 9:010111011:35 9:010111011:35 9:010111011:35 9:010111011:35 9:010111011:35 9:010111011:35 9:010111011:35 9:010111011:35 9:010111011:35 9:010111011:35 9:010111011:35 9:010111011:35 9:010111011:35 9:010111011:35 9:010111011:35 9:010111011:35 9:010111011:35 9:010111011:35 9:010111011:35 9:010111011:35 9:010111011:35 9:010111011:35 9:010111011:35 9:010111011:35 9:010111011:35 9:010111011:35 9:010111011:35 9:010111011:35 9:010111011:35 9:010111011:35 9:010111011:35 9:010111011:35 9:010111011:35 9:010111011:35 9:010111011:35 9:010111011:35 9:010111011:35 9:010111011:35 9:010111011:35 9:010111011:35 9:010111011:35 9:010111011:35 9:010111011:35 9:010111011:35 9:010111011:35 9:010111011:35 9:010111011:35 9:010111011:35 9:010111011:35 9:010111011:35 9:010111011:35 9:010111011:35 9:010111011:35 9:010111011:35 9:010111011:35 9:010111011:35 9:010111011:35 9:010111011:35 9:010111011:35 9:010111011:35 9:010111011:35 9:010111011:35 9:010111011:35 9:010111011:35 9:010111011:35 9:010111011:35 9:010111011:35 9:010111011:35 9:010111011:35 9:010111011:35 9:010111011:35 9:010111011:35 9:010111011:35 9:010111011:35 9:010111011:35 9:010111011:35 9:010111011:35 9:010111011:35 9:010111011:35 9:010111011:35 9:010111011:35 9:010111011:35 9:010111011:35 9:010111011:35 9:010111011:35 9:010111011:35 9:010111011:35 9:010111011:35 9:010111011:35 9:010111011:35 9:010111011:35 9:010111011:35 9:010111011:35 9:010111011:35 9:010111011:35 9:010111011:35 9:010111011:35 9:010111011:35 9:010111011:35 9:010111011:35 9:010111011:35 9:010111011:35 9:010111011:35 9:010111011:35 9:010111011:35 9:010111011:32 8:00001111:16 9:001101111:32 9:001101111:34 9:001101111:34 9:001101111:34 9:001101111:34 9:001101111:34 9:001101111:34 9:001101111:34 9:001101111:34 9:001101111:34 9:001101111:34 9:001101111:34 9:001101111:34 9:001101111:34 9:001101111:34 9:001101111:34 9:001101111:34 9:001101111:34 9:001101111:34 9:001101111:34 9:001101111:34 9:001101111:34 9:001101111:34 9:001101111:34 9:001101111:34 9:001101111:34 9:001101111:34 9:001101111:34 9:001101111:34 9:001101111:34 9:001101111:34 9:001101111:34 9:001101111:34 9:001101111:34 9:001101111:34 9:001101111:34 9:001101111:34 9:001101111:34 9:001101111:34 9:001101111:34 9:001101111:34 9:001101111:34 9:001101111:34 9:001101111:34 9:001101111:34 9:001101111:34 9:001101111:34 9:001101111:34 9:001101111:34 9:001101111:34 9:001101111:34 9:001101111:34 9:001101111:34 9:001101111:34 9:001101111:34 9:001101111:34 9:001101111:34 9:001101111:34 9:001101111:34 9:001101111:34 9:001101111:34 9:001101111:34 9:001101111:34 9:001101111:34 9:001101111:34 9:001101111:34 9:001101111:34 9:001101111:34 9:001101111:34 9:001101111:34 9:001101111:34 9:001101111:34 9:001101111:34 9:001101111:34 9:001101111:34 9:001101111:34 9:001101111:34 9:001101111:34 9:001101111:34 9:001101111:34 9:001101111:34 9:001101111:34 9:001101111:34 9:001101111:34 9:001101111:34 9:001101111:34 9:001101111:34 9:001101111:34 9:001101111:34 9:001101111:34 9:001101111:34 9:001101111:34 9:001101111:34 9:001101111:34 9:001101111:34 9:001101111:34 9:001101111:34 9:001101111:34 9:001101111:34 9:001101111:34 9:001101111:34 9:001101111:34 9:001101111:34 9:001101111:34 9:001101111:34 9:001101111:34 9:001101111:34 9:001101111:34 9:001101111:34 9:001101111:34 9:001101111:34
1RB0LA_0RC0RD_1LD1RD_1LA1RB	1666	5272	16666	0.500	0.500	0.500	LR	5981.30	0.62	sqrt	bouncer	sqrt+sqrt	3	3	11	5:01011:9756 5:01111:6876 8:01101111:23
1RB0LA_0RC1LA_1RD0LB_1LB1RB	986	3084	9712	0.497	0.503	0.073	LR	2145.72	0.01	sqrt	bouncer_part	sqrt+log	6	1	41	3:011:4620 3:011:2636 3:011:1815 3:011:454 3:011:116 3:011:30
1RB0LA_0RC1LA_1RD0RA_0LB1RB	1442	4603	14180	0.496	0.051	0.498	LR	1.00	0.00	sqrt	bouncer_part	sqrt+log	4	3	12	3:001:562 3:011:1733 3:001:6159 2:01:5714
1RB0LA_0RC1LA_1RD0RA_1LB0RA	1293	4081	12909	0.500	0.501	0.499	LR	4284.72	0.48	sqrt	bouncer_part	sqrt+sqrt	3	3	8	5:01011:8143 5:01111:4735 7:0111111:23
1RB0LA_0RC1LA_1RD0RD_1LB1RB	1226	3930	50204	0.806	0.258	0.889	LR	1.00	0.01	other	other	-	733	58	36042	8:00111011:33 8:01111111:17 9:001011011:21 8:01101111:16 8:01101111:16 12:001010111011:24 4:0111:17 9:001111011:20 8:01011011:18 7:0110111:16 6:011111:18 8:01101111:17 10:0111011111:21 3:011:18 7:0111111:18 6:011111:16 10:0111011111:22 11:01110111111:22 10:0011101101:21 8:01101111:16 7:0111111:16 5:00101:18 8:01101111:16 5:01111:18 12:011111111111:24 9:011101111:21 7:0010101:16 9:010111011:20 10:0110111111:20 8:00111011:16 6:011111:18 7:0110111:17 9:011011111:21 8:00100101:19 8:01101111:18 5:01111:17 9:011011111:20 7:0011011:16 9:010111011:18 10:0101111011:20 10:0101111011:23 7:0110111:16 8:01111111:16 13:0111011101111:26 6:011111:16 5:01111:17 8:01101111:17 3:011:17 11:00101111011:23 8:01111111:17 7:0110111:16 7:0111111:17 8:01011011:19 6:011111:16 11:01101111111:23 5:01111:16 5:01111:17 8:01111111:16 6:011111:21 9:001010101:19 8:01111111:16 9:001111011:20 9:001010101:19 8:01111111:16 8:01101111:17 5:00101:18 5:01111:17 8:01111111:16 9:001101101:20 6:011111:16 5:01111:18 10:0111011111:22 8:01011011:17 9:010111011:18 11:01101111111:27 4:0111:19 5:01111:16 8:01111111:17 8:00111011:26 11:00101011011:23 9:001101101:19 4:0111:16 8:01101111:19 10:0111011111:20 10:0011111011:22 7:0110111:21 5:00101:18 5:01111:17 8:01111111:16 9:001101101:20 6:011111:16 5:01111:18 10:0111011111:22 8:01011011:17 9:010111011:18 11:01101111111:27 4:0111:19 5:01111:16 8:01111111:17 8:00111011:26 11:00101011011:23 9:001101101:19 4:0111:16 8:01101111:19 10:0111011111:20 10:0011111011:22 7:0110111:21 5:00101:18 5:01111:17 8:01111111:16 9:001101101:20 6:011111:16 5:01111:18 10:0111011111:22 8:01011011:17 9:010111011:18 11:01101111111:27 4:0111:19 5:01111:16 8:01111111:17 8:00111011:26 11:00101011011:23 9:001101101:19 4:0111:16 8:01101111:19 10:0111011111:20 10:0011111011:22 7:0110111:21 5:00101:18 5:01111:17 8:01111111:16 9:001101101:20 6:011111:16 5:01111:18 10:0111011111:22 8:01011011:17 9:010111011:18 11:01101111111:27 4:0111:19 5:01111:16 8:01111111:17 8:00111011:26 11:00101011011:23 9:001101101:19 4:0111:16 8:01101111:19 10:0111011111:20 10:0011111011:22 7:0110111:21 5:00101:18 5:01111:17 8:01111111:16 9:001101101:20 6:011111:16 5:01111:18 10:0111011111:22 8:01011011:17 9:010111011:18 11:01101111111:27 4:0111:19 5:01111:16 8:01111111:17 8:00111011:26 11:00101011011:23 9:001101101:19 4:0111:16 8:01101111:19 10:0111011111:20 10:0011111011:22 7:0110111:21 5:00101:18 5:01111:17 8:01111111:16 9:001101101:20 6:011111:16 5:01111:18 10:0111011111:22 8:01011011:17 9:010111011:18 11:01101111111:27 4:0111:19 5:01111:16 8:01111111:17 8:00111011:26 11:00101011011:23 9:001101101:19 4:0111:16 8:01101111:19 10:0111011111:20 10:0011111011:22 7:0110111:21 5:00101:18 5:01111:17 8:01111111:16 9:001101101:20 6:011111:16 5:01111:18 10:0111011111:22 8:01011011:17 9:010111011:18 11:01101111111:27 4:0111:19 5:01111:16 8:01111111:17 8:00111011:26 11:00101011011:23 9:001101101:19 4:0111:16 8:01101111:19 10:0111011111:20 10:0011111011:22 7:0110111:21 5:00101:18 5:01111:17 8:01111111:16 9:001101101:20 6:011111:16 5:01111:18 10:0111011111:22 8:01011011:17 9:010111011:18 11:01101111111:27 4:0111:19 5:01111:16 8:01111111:17 8:00111011:26 11:00101011011:23 9:001101101:19 4:0111:16 8:01101111:19 10:0111011111:20 10:0011111011:22 7:0110111:21 5:00101:18 5:01111:17 8:01111111:16 9:001101101:20 6:011111:16 5:01111:18 10:0111011111:22 8:01011011:17 9:010111011:18 11:01101111111:27 4:0111:19 5:01111:16 8:01111111:17 8:00111011:26 11:00101011011:23 9:001101101:19 4:0111:16 8:01101111:19 10:0111011111:20 10:0011111011:22 7:0110111:21 5:00101:18 5:01111:17 8:01111111:16 9:001101101:20 6:011111:16 5:01111:18 10:0111011111:22 8:01011011:17 9:010111011:18 11:01101111111:27 4:0111:19 5:01111:16 8:01111111:17 8:00111011:26 11:00101011011:23 9:001101101:19 4:0111:16 8:01101111:19 10:0111011111:20 10:0011111011:22 7:0110111:21 5:00101:18 5:01111:17 8:01111111:16 9:001101101:20 6:011111:16 5:01111:18 10:0111011111:22 8:01011011:17 9:010111011:18 11:01101111111:27 4:0111:19 5:01111:16 8:01111111:17 8:00111011:26 11:00101011011:23 9:001101101:19 4:0111:16 8:01101111:19 10:0111011111:20 10:0011111011:22 7:0110111:21 5:00101:18 5:01111:17 8:01111111:16 9:001101101:20 6:011111:16 5:01111:18 10:0111011111:22 8:01011011:17 9:010111011:18 11:01101111111:27 4:0111:19 5:01111:16 8:01111111:17 8:00111011:26 11:00101011011:23 9:001101101:19 4:0111:16 8:01101111:19 10:0111011111:20 10:0011111011:22 7:0110111:21 5:00101:18 5:01111:17 8:01111111:16 9:001101101:20 6:011111:16 5:01111:18 10:0111011111:22 8:01011011:17 9:010111011:18 11:01101111111:27 4:0111:19 5:01111:16 8:01111111:17 8:00111011:26 11:00101011011:23 9:001101101:19 4:0111:16 8:01101111:19 10:0111011111:20 10:0011111011:22 7:0110111:21 5:00101:18 5:01111:17 8:01111111:16 9:001101101:20 6:011111:16 5:01111:18 10:0111011111:22 8:01011011:17 9:010111011:18 11:01101111111:27 4:0111:19 5:01111:16 8:01111111:17 8:00111011:26 11:00101011011:23 9:001101101:19 4:0111:16 8:01101111:19 10:0111011111:20 10:0011111011:22 7:0110111:21 5:00101:18 5:01111:17 8:01111111:16 9:001101101:20 6:011111:16 5:01111:18 10:0111011111:22 8:01011011:17 9:010111011:18 11:01101111111:27 4:0111:19 5:01111:16 8:01111111:17 8:00111011:26 11:00101011011:23 9:001101101:19 4:0111:16 8:01101111:19 10:0111011111:20 10:0011111011:22 7:0110111:21 5:00101:18 5:01111:17 8:01111111:16 9:001101101:20 6:011111:16 5:01111:18 10:0111011111:22 8:01011011:17 9:010111011:18 11:01101111111:27 4:0111:19 5:01111:16 8:01111111:17 8:00111011:26 11:00101011011:23 9:001101101:19 4:0111:16 8:01101111:19 10:0111011111:20 10:0011111011:22 7:0110111:21 5:00101:18 5:01111:17 8:01111111:16 9:001101101:20 6:011111:16 5:01111:18 10:0111011111:22 8:01011011:17 9:010111011:18 11:01101111111:27 4:0111:19 5:01111:16 8:01111111:17 8:00111011:26 11:00101011011:23 9:001101101:19 4:0111:16 8:01101111:19 10:0111011111:20 10:0011111011:22 7:0110111:21 5:00101:18 5:01111:17 8:01111111:16 9:001101101:20 6:011111:16 5:01111:18 10:0111011111:22 8:01011011:17 9:010111011:18 11:01101111111:27 4:0111:19 5:01111:16 8:01111111:17 8:00111011:26 11:00101011011:23 9:001101101:19 4:0111:16 8:01101111:19 10:0111011111:20 10:0011111011:22 7:0110111:21 5:00101:18 5:01111:17 8:01111111:16 9:001101101:20 6:011111:16 5:01111:18 10:0111011111:22 8:01011011:17 9:010111011:18 11:01101111111:27 4:0111:19 5:01111:16 8:01111111:17 8:00111011:26 11:00101011011:23 9:001101101:19 4:0111:16 8:01101111:19 10:0111011111:20 10:0011111011:22 7:0110111:21 5:00101:18 5:01111:17 8:01111111:16 9:001101101:20 6:011111:16 5:01111:18 10:0111011111:22 8:01011011:17 9:010111011:18 11:01101111111:27 4:0111:19 5:01111:16 8:01111111:17 8:00111011:26 11:00101011011:23 9:001101101:19 4:0111:16 8:01101111:19 10:0111011111:20 10:0011111011:22 7:0110111:21 5:00101:18 5:01111:17 8:01111111:16 9:001101101:20 6:011111:16 5:01111:18 10:0111011111:22 8:01011011:17 9:010111011:18 11:01101111111:27 4:0111:19 5:01111:16 8:01111111:17 8:00111011:26 11:00101011011:23 9:001101101:19 4:0111:16 8:01101111:19 10:0111011111:20 10:0011111011:22 7:0110111:21 5:00101:18 5:01111:17 8:01111111:16 9:001101101:20 6:011111:16 5:01111:18 10:0111011111:22 8:01011011:17 9:010111011:18 11:01101111111:27 4:0111:19 5:01111:16 8:01111111:17 8:00111011:26 11:00101011011:23 9:001101101:19 4:0111:16 8:01101111:19 10:0111011111:20 10:0011111011:22 7:0110111:21 5:00101:18 5:01111:17 8:01111111:16 9:001101101:20 6:011111:16 5:01111:18 10:0111011111:22 8:01011011:17 9:010111011:18 11:01101111111:27 4:0111:19 5:01111:16 8:01111111:17 8:00111011:26 11:00101011011:23 9:001101101:19 4:0111:16 8:01101111:19 10:0111011111:20 10:0011111011:22 7:0110111:21 5:00101:18 5:01111:17 8:01111111:16 9:001101101:20 6:011111:16 5:01111:18 10:0111011111:22 8:01011011:17 9:010111011:18 11:01101111111:27 4:0111:19 5:01111:16 8:01111111:17 8:00111011:26 11:00101011011:23 9:001101101:19 4:0111:16 8:01101111:19 10:0111011111:20 10:0011111011:22 7:0110111:21 5:00101:18 5:01111:17 8:01111111:16 9:001101101:20 6:011111:16 5:01111:18 10:0111011111:22 8:01011011:17 9:010111011:18 11:01101111111:27 4:0111:19 5:01111:16 8:01111111:17 8:00111011:26 11:00101011011:23 9:001101101:19 4:0111:16 8:01101111:19 10:0111011111:20 10:0011111011:22 7:0110111:21 5:00101:18 5:01111:17 8:01111111:16 9:001101101:20 6:011111:16 5:01111:18 10:0111011111:22 8:01011011:17 9:010111011:18 11:01101111111:27 4:0111:19 5:01111:16 8:01111111:17 8:00111011:26 11:00101011011:23 9:001101101:19 4:0111:16 8:01101111:19 10:0111011111:20 10:0011111011:22 7:0110111:21 5:00101:18 5:01111:17 8:01111111:16 9:001101101:20 6:011111:16 5:01111:18 10:0111011111:22 8:01011011:17 9:010111011:18 11:01101111111:27 4:0111:19 5:01111:16 8:01111111:17 8:00111011:26 11:00101011011:23 9:001101101:19 4:0111:16 8:01101111:19 10:0111011111:20 10:0011111011:22 7:0110111:21 5:00101:18 5:01111:17 8:01111111:16 9:001101101:20 6:011111:16 5:01111:18 10:0111011111:22 8:01011011:17 9:010111011:18 11:01101111111:27 4:0111:19 5:01111:16 8:01111111:17 8:00111011:26 11:00101011011:23 9:001101101:19 4:0111:16 8:01101111:19 10:0111011111:20 10:0011111011:22 7:0110111:21 5:00101:18 5:01111:17 8:01111111:16 9:001101101:20 6:011111:16 5:01111:18 10:0111011111:22 8:01011011:17 9:010111011:18 11:01101111111:27 4:0111:19 5:01111:16 8:01111111:17 8:00111011:26 11:00101011011:23 9:001101101:19 4:0111:16 8:01101111:19 10:0111011111:20 10:0011111011:22 7:0110111:21 5:00101:18 5:01111:17 8:01111111:16 9:001101101:20 6:011111:16 5:01111:18 10:0111011111:22 8:01011011:17 9:010111011:18 11:01101111111:27 4:0111:19 5:01111:16 8:01111111:17 11:00110111011:24 11:01010111011:22 14:01010101111011:29 8:01011011:16 10:0111111111:20 10:0110110111:21 3:011:18 8:01101111:17 5:00101:17 8:00100101:17 9:011011111:18 7:0111111:16 13:0010111111011:28 7:0111111:18 9:001111011:20 12:001001111011:24 7:0111111:16 10:0111011111:22 12:011011110111:24 12:010101111011:25 5:00101:16 10:0011001111:20 10:0011011011:24 10:0011111111:23 8:00000011:16 8:00000011:17 11:00011011011:22 8:00000011:17 8:00000011:21 9:001111011:20 9:011111111:18 8:00001111:16 5:01111:18 8:00001111:18 6:001111:16 9:011111111:21 8:00111111:16 9:000110011:19 8:01101111:16 7:0000011:19 1:1:16 10:0000000011:20 9:000111111:18 7:0011011:18 12:001111111111:28 9:000000011:21
1RB0LA_0RC1LA_1RD1RC_0LB1RB	893	2771	8703	0.494	0.502	0.073	LR	1920.39	0.01	sqrt	bouncer_part	sqrt+log	10	3	66	1:1:161 1:0:4167 1:0:2162 1:0:1080 1:0:539 1:0:269 1:0:134 1:0:66 1:0:32 12:000000010001:27
1RB0LA_0RC1LA_1RD1RD_1LB1RB	1050	3294	10378	0.497	0.503	0.073	LR	2007.61	0.01	sqrt	bouncer_part	sqrt+log	6	1	45	3:011:7397 3:011:357 3:011:1939 3:011:486 3:011:123 3:011:31
1RB0LA_0RC1LD_1LA1RC_1LB0LD	826	2594	8177	0.498	0.501	0.052	LR	24432.50	0.01	sqrt	bouncer_part	sqrt+log	2	2	16	1:1:6369 1:0:1792
1RB0LA_0RC1LD_1LA1RC_1RC0LD	826	2594	8177	0.498	0.501	0.052	LR	8143.50	0.01	sqrt	bouncer_part	sqrt+log	2	2	15	1:1:8002 1:0:160
1RB0LA_0RC1RA_0LD0RB_1LD0LA	36	42	48	0.062	0.069	0.000	L	5733.70	0.98	log	counter	-	1	1	29	8:00010101:19
1RB0LA_0RC1RA_0LD0RB_1LD1LB	36	42	50	0.071	0.000	0.075	R	40958.50	0.96	log	counter	-	0	0	50	-
1RB0LA_0RC1RB_0LD0RB_1LD0LA	63	75	91	0.080	0.083	0.079	LR	285.89	0.51	log	counter	-	1	1	75	6:000001:16
1RB0LA_0RC1RB_0RD1RC_1LD1LA	1179	3690	11635	0.497	0.501	0.467	LR	2759.64	0.18	sqrt	bouncer_part	sqrt+sqrt	3	3	7	6:011111:215 6:001111:11397 1:0:16
1RB0LA_0RC1RD_0LD0RB_1LD0LA	36	42	48	0.062	0.069	0.000	L	5733.70	0.98	log	counter	-	1	1	29	8:00010101:19
1RB0LA_1LB0RC_1LA1RD_1RC---	36	42	48	0.062	0.000	0.064	R	24574.50	1.00	log	counter	-	1	1	31	8:00000101:17
1RB0LA_1LB1LC_1RD0LC_0RD0RA	19	23	26	0.068	0.075	0.000	L	2.00	1.92	log	counter	-	0	0	26	-
1RB0LA_1LB1RC_1RD1LC_1LA0RD	66	78	90	0.067	0.069	0.068	LR	0.33	0.52	log	counter	-	2	2	41	1:0:26 6:000001:23
1RB0LA_1LC---_1LA0RD_0RB1RD	36	42	48	0.062	0.000	0.064	R	24574.50	1.00	log	counter	-	0	0	48	-
1RB0LA_1LC---_1RD0RD_1LA1RC	36	42	48	0.062	0.000	0.064	R	24574.50	1.00	log	counter	-	1	1	31	8:00000101:17
1RB0LA_1LC0LA_1RD0RD_1LB1RC	36	42	48	0.062	0.000	0.064	R	24574.50	1.00	log	counter	-	1	1	31	8:00000101:17
1RB0LA_1LC0LC_1LA0RD_1RD0RB	19	23	26	0.068	0.000	0.071	R	2.00	1.96	log	counter	-	0	0	26	-
1RB0LA_1LC0LC_1RD0LB_1LA0RC	157896	1578948	15789475	1.000	1.000	0.000	L	0.67	0.00	lin	linear	-	-	-	-	wide
1RB0LA_1LC0RA_0LC1RD_1LB0RD	26	31	35	0.065	0.000	0.067	R	1.62	1.97	log	counter	-	0	0	35	-
1RB0LA_1LC0RB_0LC0RD_1RD1LA	18	22	25	0.071	0.000	0.075	R	2.00	3.96	log	counter	-	0	0	25	-
1RB0LA_1LC0RB_1RA1LD_1LA---	50	59	71	0.076	0.080	0.000	L	0.33	0.66	log	counter	-	1	1	48	9:000000001:23
1RB0LA_1LC0RB_1RA1RD_0LC1LD	35	43	49	0.073	0.079	0.000	L	36862.50	1.00	log	counter	-	1	1	31	8:00001111:18
1RB0LA_1LC0RB_1RC1LD_1LA1RD	66	78	90	0.067	0.070	0.062	LR	0.33	0.49	log	counter	-	2	2	41	6:000001:23 1:0:26
1RB0LA_1LC0RB_1RD0LD_1LA1RB	1179	3781	11953	0.503	0.000	0.521	R	5516.83	0.01	sqrt	bouncer_part	sqrt+fix	93	13	3430	9:001101111:18 5:00111:18 7:0000111:16 15:000000001110011:33 9:001110111:21 8:00111111:18 9:011101111:22 1:0:16 10:0001111111:24 8:00110111:18 9:001110111:18 5:00111:17 6:000111:17 9:001110111:21 10:0001111111:24 8:00110111:18 9:001110111:18 5:00111:17 6:000111:17 9:001110111:21 10:0001111111:24 8:00110111:18 9:001110111:18 5:00111:17 6:000111:17 9:001110111:21 10:0001111111:24 8:00110111:18 9:001110111:18 5:00111:17 6:000111:17 9:001110111:21 10:0001111111:24 8:00110111:18 9:001110111:18 5:00111:17 6:000111:17 9:001110111:21 10:0001111111:24 8:00110111:18 9:001110111:18 5:00111:17 6:000111:17 9:001110111:21 10:0001111111:24 8:00110111:18 9:001110111:18 5:00111:17 6:000111:17 9:001110111:21 10:0001111111:24 8:00110111:18 9:001110111:18 5:00111:17 6:000111:17 9:001110111:21 10:0001111111:24 8:00110111:18 9:001110111:18 5:00111:17 6:000111:17 9:001110111:21 10:0001111111:24 8:00110111:18 9:001110111:18 5:00111:17 6:000111:17 9:001110111:21 10:0001111111:24 8:00110111:18 9:001110111:18 5:00111:17 6:000111:17 9:001110111:21 10:0001111111:24 8:00110111:18 9:001110111:18 5:00111:17 6:000111:17 9:001110111:21 10:0001111111:24 8:00110111:18 9:001110111:18 5:00111:17 6:000111:17 9:001110111:21 10:0001111111:24 8:00110111:16 7:0000111:18 9:000000011:18 8:00111111:16 9:011101111:1729 9:000101111:5045
1RB0LA_1LC0RB_1RD1LA_1LA1RC	66	78	90	0.067	0.071	0.066	LR	24574.50	0.49	log	counter	-	0	0	90	-
1RB0LA_1LC0RB_1RD1LA_1LD1RC	66	78	90	0.067	0.071	0.066	LR	26622.50	0.49	log	counter	-	2	1	56	1:0:17 1:0:17
1RB0LA_1LC0RB_1RD1LA_1RA1RC	83	99	115	0.071	0.071	0.072	LR	1.00	0.25	log	counter	-	3	3	62	6:000001:17 8:00010101:18 5:00011:18
1RB0LA_1LC0RB_1RD1LA_1RB1RC	73	87	101	0.070	0.071	0.072	LR	0.67	0.44	log	counter	-	3	3	45	8:00000001:17 10:0000010101:20 4:0011:19
1RB0LA_1LC0RB_1RD1LD_1LA1RC	82	97	112	0.068	0.070	0.066	LR	0.33	0.40	log	counter	-	3	3	55	9:000001001:18 3:001:20 8:00010101:19
1RB0LA_1LC0RB_1RD1LD_1LA1RD	66	78	90	0.067	0.070	0.062	LR	0.33	0.49	log	counter	-	2	2	52	3:001:21 6:000001:17
1RB0LA_1LC0RC_1RD1LA_1LA0RD	1137	3711	11871	0.509	0.520	0.000	L	5519.17	0.00	sqrt	bouncer_part	sqrt+fix	92	11	3329	9:000111101:383 9:011101111:6402 7:0000011:16 7:0000111:18 8:00111011:16 8:01111111:16 10:0001111111:20 9:001110111:21 6:000111:24 9:001110111:18 8:00111011:18 8:01111111:16 10:0001111111:20 9:001110111:21 6:000111:24 9:001110111:18 8:00111011:18 8:01111111:16 10:0001111111:20 9:001110111:21 6:000111:24 9:001110111:18 8:00111011:18 8:01111111:16 10:0001111111:20 9:001110111:21 6:000111:24 9:001110111:18 8:00111011:18 8:01111111:16 10:0001111111:20 9:001110111:21 6:000111:24 9:001110111:18 8:00111011:18 8:01111111:16 10:0001111111:20 9:001110111:21 6:000111:24 9:001110111:18 8:00111011:18 8:01111111:16 10:0001111111:20 9:001110111:21 6:000111:24 9:001110111:18 8:00111011:18 8:01111111:16 10:0001111111:20 9:001110111:21 6:000111:24 9:001110111:18 8:00111011:18 8:01111111:16 10:0001111111:20 9:001110111:21 6:000111:24 9:001110111:18 8:00111011:18 8:01111111:16 10:0001111111:20 9:001110111:21 6:000111:24 9:001110111:18 8:00111011:18 8:01111111:16 10:0001111111:20 9:001110111:21 6:000111:24 9:001110111:18 8:00111011:18 8:01111111:16 10:0001111111:20 9:001110111:21 6:000111:24 9:001110111:18 8:00111011:18 8:01111111:16 10:0001111111:20 9:001110111:21 6:000111:24 9:001110111:18 8:00111011:18 8:01111111:16 10:0001111111:20 9:001110111:21 6:000111:24 9:001110111:18 8:00111011:18 11:00001100111:29 8:00111011:18 11:01110111111:22
1RB0LA_1LC0RD_0LB1LA_0RB1LA	1909	6491	24577	0.555	0.602	0.483	LR	1.97	0.00	sqrt	bouncer_part	other	12	3	4	1:1:2048 1:0:1024 1:1:768 1:0:128 1:1:96 1:0:30 1:0:2114 2:01:800 1:0:1181 2:01:4098 1:0:4093 2:01:8193
1RB0LA_1LC0RD_0LC1LA_0RB1RD	1095	3579	12711	0.532	0.746	0.366	LR	2.60	0.01	sqrt	bouncer_part	other	61	52	11605	8:00000011:17 7:0001001:16 5:00011:16 6:010111:17 7:0000101:16 8:00101011:17 7:0001101:16 8:00000001:17 11:00011101101:23 7:0001011:18 8:00111101:23 8:00100111:16 9:001010011:18 8:00000101:16 7:0000111:16 8:01111111:16 10:0011010101:20 11:00000001001:22 9:010101011:18 13:0000110111101:28 9:001001101:19 9:001011101:23 7:0011111:19 6:001101:16 8:00101101:17 6:000101:16 4:0001:21 6:001101:16 10:0000010011:21 4:0001:17 10:0010111101:20 9:000011011:23 7:0011111:16 9:001101101:20 6:000011:16 7:0011011:20 10:0011011111:21 8:00011101:16 8:01111111:16 7:0101111:18 7:0001111:17 7:0001001:16 8:00111111:16 8:00001011:23 7:0000011:16 7:0001111:16 8:00011001:20 9:001011111:18 6:001111:17 11:00010001011:22 10:0010101101:21 6:000011:16 2:01:16 9:000100101:18 8:01011011:16 8:00000011:17 9:010111011:18 8:00101111:16 8:00001101:16 8:00111101:16 6:001011:18
1RB0LA_1LC0RD_0LC1LD_0RB1RA	35	43	49	0.073	0.000	0.077	R	32766.50	0.98	log	counter	-	0	0	49	-
1RB0LA_1LC0RD_0LD0LC_1LA1RD	1235	3883	12260	0.498	0.500	0.057	LR	1.00	0.01	sqrt	bouncer_part	sqrt+log	2	2	13	1:1:3811 1:0:8436
1RB0LA_1LC0RD_0RD0LC_1LA1RD	717	2248	7084	0.497	0.501	0.052	LR	1.00	0.01	sqrt	bouncer_part	sqrt+log	2	2	16	1:1:3005 1:0:4063
1RB0LA_1LC0RD_1LA0LB_1RB0RD	1448	4513	14190	0.496	0.062	0.501	LR	14120.50	0.01	sqrt	bouncer_part	sqrt+log	3	2	26	14:00100110010101:32 2:01:4985 2:01:9147
1RB0LA_1LC0RD_1LA0LC_1LA1RD	1009	3173	10013	0.498	0.500	0.073	LR	19958.50	0.01	sqrt	bouncer_part	sqrt+log	2	2	16	1:1:6672 1:0:3325
1RB0LA_1LC0RD_1LA0LC_1RB0RB	1970	6345	19997	0.503	0.501	0.505	LR	0.43	0.03	sqrt	bouncer_part	sqrt+sqrt	238	79	13645	8:00111011:32 8:00111011:48 8:00111011:32 8:00111011:40 11:00010110011:66 8:00111011:80 8:00111011:16 8:00111011:24 8:00111011:32 11:00010110011:22 8:00111011:16 8:00111011:104 8:00111011:16 8:00111011:24 8:00111011:16 8:00111011:16 11:00010110011:77 8:00111011:32 8:00111011:32 8:00111011:16 11:00010110011:66 11:00010110011:96 8:00111011:72 8:00111011:16 11:00010110011:66 8:00111011:16 8:00111011:24 8:00111011:32 11:00010110011:88 8:00111011:40 8:00111011:40 8:00111011:24 11:00010110011:33 8:00111011:16 8:00111011:56 8:00111011:40 11:00010110011:22 11:00010110011:74 8:00111011:16 8:00111011:16 8:00111011:32 8:00111011:32 8:00111011:16 8:00111011:32 8:00111011:48 8:00111011:32 8:00111011:80 8:00111011:16 11:00010110011:66 11:00010110011:63 8:00111011:24 8:00111011:216 11:00010110011:22 8:00111011:24 8:00111011:32 8:00111011:32 8:00111011:80 8:00111011:64 8:00111011:32 8:00111011:312 8:00111011:40 11:00010110011:22 8:00111011:26 9:000110101:18 8:00110111:16 9:000111001:20 12:000001111011:25 7:0011011:18 2:01:19 8:00010101:18 4:0011:17 4:0011:17 8:00011001:17 2:01:18 7:0000011:17 4:0011:21 11:00010101011:23 9:001010111:18 8:00011001:16 4:0001:17 8:00110111:17 7:0011011:17 8:01011111:19 2:01:18 2:01:17 4:0011:19 9:001101101:18 2:01:20 4:0011:19 7:0010101:16 9:001010101:18 6:001101:18 7:0010101:21 5:00011:17 9:010101011:20 16:0010010101010101:34 12:000110011011:24 3:001:17 8:00100101:18 8:00001001:19 11:00101010101:24 7:0010101:20 5:01011:17 9:010110111:20 4:0011:23 8:00010101:16 4:0011:21 8:00010101:20 10:0010111011:22 8:00010101:16 4:0111:19 9:001011011:18 8:00001001:16 7:0010101:17 7:0010101:16 7:0101011:16 8:00001001:18 5:00101:25 10:0010101101:23 8:00110111:16 8:00110111:17 4:0111:22 7:0010101:16 8:00011011:16 8:01011011:17 14:00011011101101:30 5:00011:16 4:0111:16 5:00011:16 7:0010101:17 11:00110111011:22 7:0101011:16 9:000110111:18 9:000011011:19 12:001101110111:30 9:001101101:19 16:0011011010110111:34 8:00001001:18 2:01:16 8:00001001:21 8:00001001:18 5:00011:16 8:00010101:19 8:00000011:18 9:000010101:22 7:0110111:16 12:001100110101:26 11:00000110111:22 8:00001001:18 4:0011:16 12:001001010101:35 10:0010011011:21 15:000100101000101:30 4:0111:21 7:0010101:18 11:00001101101:22 10:0010101011:21 7:0011011:16 4:0011:16 13:0101101110111:26 8:00110111:21 5:00011:16 8:00010101:19 4:0011:17 9:000011011:18 8:00110111:24 13:0001101001001:31 8:00101011:16 7:0010101:16 10:0001011001:23 8:00100101:16 6:000011:19 8:00010101:17 8:00110111:17 10:0000100101:24 9:010110111:18 7:0110111:19 10:0010010101:21 6:000101:16 9:001010101:18 10:0011001101:20 9:001101101:23 10:0001000101:21 11:00110101011:22 9:001010101:22 9:000010101:19 2:01:20 15:001010101010101:32 8:00010101:17 9:001101101:19 5:00011:17 15:000110111001001:30 8:00010101:25 5:00101:16 8:00100101:16 2:01:16 11:00100101011:22 9:010110111:24 12:010101011011:25 2:01:16 5:00011:16 5:00101:16 8:00101011:16 11:00110110111:24 8:00000011:16 8:00100101:16 9:000110011:20 8:00110111:20 8:00000011:20 11:00001010101:22 2:01:23 9:000010101:18 8:00100101:18 4:0111:16 8:00101011:16 7:0101011:18 9:010110111:20 9:001101101:20 8:00110101:16 4:0011:19 10:0010010111:20 4:0011:16 8:00001001:16 7:0011011:16 7:0010101:16 10:0001010101:20 9:001011011:22 7:0010101:18 4:0011:19 7:0010101:18 9:001010101:18 9:001101011:18 13:0010101001101:27 8:00101101:17 2:01:19 13:0000011001101:26 8:00101011:16 2:01:18
1RB0LA_1LC0RD_1LA0LC_1RB0RD	1999	6324	19999	0.500	0.500	0.500	LR	0.43	0.62	sqrt	bouncer	sqrt+sqrt	1	1	12496	3:011:7503
1RB0LA_1LC0RD_1LA1RB_1LC1RC	888	2765	8693	0.495	0.501	0.077	LR	2468.50	0.01	sqrt	bouncer_part	sqrt+log	10	3	63	1:1:747 1:0:3581 1:0:2162 1:0:1080 1:0:539 1:0:268 1:0:133 1:0:65 1:0:31 11:00000011011:24
1RB0LA_1LC0RD_1RA1LA_---0RB	34	42	48	0.075	0.081	0.000	L	10921.83	0.98	log	counter	-	0	0	48	-
1RB0LA_1LC0RD_1RA1LD_0RB1RA	46	56	67	0.082	0.000	0.085	R	1.00	1.29	log	counter	-	2	2	24	3:001:20 9:001011011:23
1RB0LA_1LC0RD_1RC1LD_0RB1RA	46	56	67	0.082	0.000	0.085	R	1.00	1.29	log	counter	-	2	2	26	3:011:18 9:001011011:23
1RB0LA_1LC1LA_1RD0LB_1LA0RC	157896	1578948	15789475	1.000	1.000	0.000	L	0.67	0.00	lin	linear	-	-	-	-	wide
1RB0LA_1LC1LA_1RD0LB_1RA0RC	150002	1500002	15000002	1.000	1.000	0.000	L	0.67	0.00	lin	linear	-	-	-	-	wide
1RB0LA_1LC1LD_1LA0RC_0RB1RD	35	43	49	0.073	0.000	0.075	R	36862.50	0.98	log	counter	-	1	1	31	8:00001111:18
1RB0LA_1LC1RC_1RD1LB_1LA0RD	82	97	112	0.068	0.069	0.068	LR	0.33	0.40	log	counter	-	4	4	36	8:00010101:21 6:000001:17 3:001:20 9:000001001:18
1RB0LA_1LC1RC_1RD1LC_1LA0RD	66	78	90	0.067	0.069	0.068	LR	0.33	0.49	log	counter	-	2	2	49	1:0:20 3:001:21
1RB0LA_1LC1RD_0LC1LA_0RD0RB	1536	5120	14336	0.485	0.452	0.540	LR	1.38	0.00	sqrt	bouncer_part	sqrt+sqrt	7	2	7	1:1:5888 1:0:128 1:1:96 1:0:28 1:0:1891 1:0:155 1:0:6143
1RB0LA_1LC1RD_1LA0RC_1RC---	50	59	71	0.076	0.000	0.077	R	0.33	0.67	log	counter	-	1	1	51	9:000001001:20
1RB0LA_1LC1RD_1LA1LB_1LA0RD	73	87	101	0.070	0.075	0.067	LR	0.67	0.45	log	counter	-	3	3	43	4:0011:19 10:0000010101:23 8:00000001:16
1RB0LA_1LC1RD_1LD1LB_1LA0RD	83	99	115	0.071	0.074	0.067	LR	1.00	0.25	log	counter	-	3	3	44	5:00011:18 15:000000001100011:30 8:00010101:23
1RB0LA_1LC1RD_1RC1LB_1LA0RD	66	78	90	0.067	0.069	0.067	LR	8873.83	0.49	log	counter	-	2	1	56	1:0:17 1:0:17
1RB0LA_1LC1RD_1RD1LB_1LA0RD	66	78	90	0.067	0.069	0.067	LR	8191.17	0.49	log	counter	-	1	1	64	12:000000000001:26
1RB0LA_1RC---_0RD0RC_1LD0LA	2049	7169	20481	0.500	0.452	0.539	LR	1.30	0.00	sqrt	bouncer_part	sqrt+sqrt	12	2	19	1:1:8192 1:0:512 1:1:512 1:0:56 1:0:117 1:1:65 1:0:127 1:1:385 1:0:1279 1:1:1025 1:0:2047 1:1:6145
1RB0LA_1RC0LD_1LD0RC_0RA0LB	36	42	48	0.062	0.000	0.066	R	5733.70	0.96	log	counter	-	1	1	29	8:00010101:19
1RB0LA_1RC0RA_1LD0RC_0LD1LB	19	23	26	0.068	0.000	0.071	R	2.00	1.88	log	counter	-	0	0	26	-
1RB0LA_1RC1LA_0RD0RC_1LD0RB	2049	6465	20135	0.496	0.452	0.533	LR	1.28	0.00	sqrt	bouncer_part	sqrt+sqrt	9	2	19	1:1:8192 1:0:2048 1:1:3584 1:0:128 1:1:128 1:0:32 1:1:32 1:0:1111 1:1:4861
1RB0LA_1RC1LA_0RD0RC_1LD1RB	2049	6657	20481	0.500	0.452	0.539	LR	1.29	0.00	sqrt	bouncer_part	sqrt+sqrt	11	2	23	1:1:8192 1:0:1536 1:1:256 1:0:64 1:1:96 1:0:147 1:1:37 1:0:145 1:1:257 1:0:3583 1:1:6145
1RB0LA_1RC1LB_0LB1RD_0LA0RC	34	40	47	0.070	0.076	0.000	L	1.42	1.91	log	counter	-	2	2	1	14:01110111111111:28 8:01011111:18
1RB0LA_1RC1LD_0LD0RB_0RC1LA	895	3073	9217	0.506	0.500	0.515	LR	1.33	0.00	sqrt	bouncer_part	sqrt+sqrt	12	2	17	1:1:64 1:0:32 1:1:24 1:0:84 1:0:36 1:1:128 1:0:128 1:1:256 1:0:256 1:1:512 1:0:3584 1:1:4096
1RB0LA_1RC1LD_0LD0RC_0RB1LA	1011	3361	12289	0.542	0.602	0.457	LR	1.49	0.00	sqrt	bouncer_part	other	7	2	9	1:1:2048 1:0:2016 1:1:24 1:0:582 1:1:1491 1:0:2023 1:1:4096
1RB0LA_1RC1RA_0RD0RB_1LD0LA	1100	3416	10732	0.495	0.503	0.052	LR	2666.64	0.01	sqrt	bouncer_part	sqrt+log	4	4	7	4:0111:797 4:0011:9882 12:000011111111:30 8:00001111:16
1RB0LB_0LB0RC_1LD1RC_1LA1RB	1420	4480	14151	0.499	0.057	0.501	LR	3529.83	0.01	sqrt	bouncer_part	sqrt+log	11	2	22	8:01111111:19 1:1:28 1:1:55 1:1:110 1:1:221 1:1:442 1:1:884 1:1:1767 1:1:3534 1:1:4487 1:1:2582
1RB0LB_0LC0RC_0LD1RC_1RA1LD	226	492	1060	0.336	0.336	0.337	LR	1.00	1.00	cube	sweepctr	-	2	1	2	1:1:626 1:1:432
1RB0LB_0LC0RD_1LA1LC_0RB1RB	74	89	107	0.080	0.082	0.000	L	1.00	0.79	log	counter	-	3	2	39	5:00011:19 10:0001101011:24 10:0001101011:25
1RB0LB_0LC0RD_1RA1LC_0LC1RD	226	492	1060	0.336	0.336	0.337	LR	1.00	1.00	cube	sweepctr	-	2	1	2	1:1:630 1:1:428
1RB0LB_0LC0RD_1RC1LD_1RA0LA	1336	4226	13363	0.500	0.501	0.500	LR	2193.56	0.67	sqrt	bouncer	sqrt+sqrt	2	2	2	10:0011011011:7345 10:0001010101:6016
1RB0LB_0LC1RD_1LA1LB_0RB1RD	290	622	1338	0.332	0.333	0.331	LR	1.00	0.50	cube	sweepctr	-	2	1	1	2:01:708 2:01:629
1RB0LB_0RC0RC_1LD1RC_1LA0LA	239	515	1119	0.335	0.333	0.337	LR	0.25	0.47	cube	sweepctr	-	4	1	4	1:1:80 1:1:426 1:1:528 1:1:81
1RB0LB_0RC0RD_1LA0LA_1LC1RD	250	542	1170	0.335	0.336	0.336	LR	289.08	0.50	cube	sweepctr	-	3	1	2	1:1:46 1:1:1076 1:1:46
1RB0LB_0RC1LA_1RD1RC_1LB1LD	1402	4473	13957	0.499	0.503	0.080	LR	1.00	0.01	sqrt	bouncer_part	sqrt+log	2	2	2	1:1:4409 2:01:9546
1RB0LB_0RC1LB_1LA1RC_------	183	391	843	0.332	0.335	0.331	LR	1.00	1.00	cube	sweepctr	-	2	1	2	1:1:157 1:1:684
1RB0LB_0RC1LB_1LA1RD_0LD1RC	181	391	843	0.334	0.337	0.333	LR	1.00	1.00	cube	sweepctr	-	2	1	2	1:1:448 1:1:393
1RB0LB_0RC1LB_1LA1RD_1LA1RC	183	391	843	0.332	0.335	0.331	LR	1.00	1.00	cube	sweepctr	-	2	1	2	1:1:157 1:1:684
1RB0LB_0RC1LB_1LA1RD_1LA1RD	183	391	843	0.332	0.335	0.331	LR	1.00	1.00	cube	sweepctr	-	2	1	2	1:1:157 1:1:684
1RB0LB_0RC1LB_1LD1RC_1LA0RA	227	491	1061	0.335	0.336	0.336	LR	1.00	1.00	cube	sweepctr	-	2	1	2	1:1:865 1:1:194
1RB0LB_0RC1LB_1LD1RD_1LA1RD	208	448	967	0.334	0.336	0.332	LR	146172.17	0.67	cube	sweepctr	-	2	1	2	1:1:883 1:1:82
1RB0LB_0RC1LB_1RD1RC_1LD0LA	288	620	1338	0.334	0.000	0.334	R	217469.50	0.00	cube	sweepctr	-	3	1	3	1:1:668 1:1:501 1:1:166
1RB0LB_0RC1LD_1LA1RC_0RC1LB	183	391	843	0.332	0.335	0.331	LR	1.00	1.00	cube	sweepctr	-	2	1	2	1:1:157 1:1:684
1RB0LB_0RC1LD_1LA1RC_0RC1LD	183	391	843	0.332	0.335	0.331	LR	1.00	1.00	cube	sweepctr	-	2	1	2	1:1:157 1:1:684
1RB0LB_0RC1LD_1LA1RC_0RD1LB	181	391	843	0.334	0.337	0.333	LR	1.00	1.00	cube	sweepctr	-	2	1	2	1:1:447 1:1:394
1RB0LB_0RC1RA_1LC0LD_0RA0LC	36	42	48	0.062	0.000	0.066	R	24574.50	0.96	log	counter	-	0	0	48	-
1RB0LB_0RC1RB_0LD0RC_1LD1LA	227	491	1061	0.335	0.337	0.334	LR	1.00	1.99	cube	sweepctr	-	3	2	1	1:1:447 1:0:312 1:1:301
1RB0LB_1LA0LC_1RD0LC_0RD0LA	21	24	27	0.055	0.060	0.000	L	2.00	1.77	log	counter	-	0	0	27	-
1RB0LB_1LA0RC_1LD0RC_0LD0RA	20	24	27	0.065	0.000	0.075	R	2.00	1.81	log	counter	-	0	0	27	-
1RB0LB_1LA0RC_1LD0RC_0LD1RA	20	24	27	0.065	0.000	0.075	R	2.00	1.81	log	counter	-	0	0	27	-
1RB0LB_1LC0LA_1LB0RD_0RB1RD	36	42	48	0.062	0.000	0.064	R	24574.50	1.00	log	counter	-	0	0	48	-
1RB0LB_1LC0LB_1RD1LB_1RA0RD	37	43	51	0.070	0.079	0.000	L	46419.50	0.92	log	counter	-	1	1	32	8:00010101:19
1RB0LB_1LC0LC_0RA1RD_1LA0RD	20	23	26	0.057	0.000	0.062	R	2.00	1.88	log	counter	-	0	0	26	-
1RB0LB_1LC0RB_0LA0LD_0RA1LB	1512	3702	11158	0.434	0.444	0.391	LR	3.00	0.01	sqrt	bouncer_part	other	191	77	7351	10:0010010101:21 9:000000001:18 7:0000101:17 6:000001:18 9:000100101:18 10:0001001001:23 8:00100101:17 8:00100101:20 12:000000001001:24 7:0000001:21 8:00000001:19 7:0000001:17 6:000101:16 13:0000001010101:27 9:000000101:18 6:000001:16 5:00101:23 6:000101:19 9:000001001:18 8:00001001:17 13:0000101000101:32 9:000010101:18 7:0000001:19 7:0001001:17 8:00000101:22 5:00001:17 7:0010101:17 7:0010101:22 12:000101001001:26 8:00010101:19 8:00001001:17 8:00100101:17 7:0010101:19 9:000010101:20 8:00000001:17 7:0001001:16 8:00100101:17 8:00010101:18 6:000001:23 9:000010101:21 6:000001:19 13:0000000100101:29 6:000001:16 14:00001001000101:32 9:000010101:24 8:00100101:17 13:0000001000001:32 7:0000101:18 8:00000101:16 11:00000100001:22 7:0010101:16 8:00100101:19 7:0001001:16 6:000101:17 5:00001:18 9:000001001:26 9:001010101:21 8:00001001:16 7:0001001:18 10:0000000101:24 1:0:17 3:001:17 10:0000001001:20 10:0000100101:21 8:00100101:18 8:00010101:17 8:00000101:18 4:0001:20 8:00000001:16 9:000010001:19 8:00010101:19 9:000101001:25 10:0001001001:21 6:000001:16 3:001:17 10:0001000101:21 8:00001001:16 6:000001:17 6:000001:18 8:00000001:17 9:000001001:19 9:000000101:18 15:000001010001001:33 9:000010001:19 8:00100101:17 8:00100101:18 9:000010001:24 9:000010101:18 8:00000001:18 7:0000101:22 9:000001001:19 6:000001:18 8:00001001:18 8:00010101:19 13:0000000001001:27 10:0000010101:27 3:001:27 13:0000001010001:28 9:000000101:18 8:00001001:18 8:00010101:18 4:0001:16 3:001:19 8:00000101:18 8:00000101:18 9:000000101:18 14:00000000101001:30 2:01:17 7:0010101:16 3:001:20 10:0000101001:21 4:0001:17 9:000000101:19 3:001:19 9:000010001:18 10:0000001001:20 7:0000101:17 10:0000000001:22 7:0010101:20 7:0000001:16 8:00001001:17 8:00010101:23 7:0010101:17 8:00010101:16 8:00000001:23 9:000010101:18 6:000101:19 8:00000001:17 3:011:17 10:0011011101:22 15:001011011101111:30 6:011111:16 10:0011011111:22 8:01011011:16 5:01111:21 8:01101111:17 10:0011011111:22 13:0110111101111:31 7:0111111:17 4:0111:16 8:01101111:16 7:0110111:19 7:0010101:21 7:0110111:16 8:01101111:16 8:00110111:16 9:001011011:19 13:0101101110111:26 8:01011011:16 7:0010101:16 9:011101111:21 9:001101111:19 11:00110111111:22 7:0110111:16 8:01101111:16 7:0110111:18 11:00101101111:25 10:0101101111:21 9:010110111:20 11:00101101111:23 14:01011011111011:30 9:010110111:18 10:0011011101:22 10:0011011111:27 11:01110111111:24 10:0111011111:23 7:0110111:19 7:0010101:20 11:00101011011:27 13:0111111111111:28 7:0111111:19 10:0010110111:21 5:01111:17 9:011011111:19 8:01101111:18 6:011111:18 3:011:17 8:01111111:17 7:0111111:16 9:010110111:18 1:1:23 1:1:17 12:001001101101:25 7:0111111:32 5:00101:24 8:00100101:18 3:011:20 8:01111111:18 9:001010101:22 7:0111111:16 10:0101101111:24
1RB0LB_1LC0RB_0LD1LD_0RA1LB	1581	4997	15813	0.500	0.500	0.500	LR	3.57	0.59	sqrt	bouncer	sqrt+sqrt	3	3	16	3:001:18 5:00101:6315 5:01011:9464
1RB0LB_1LC0RB_1LD0LD_0RA0LD	26	31	35	0.065	0.000	0.069	R	1.62	1.91	log	counter	-	0	0	35	-
1RB0LB_1LC0RB_1LD0LD_0RA1RB	26	31	36	0.071	0.000	0.076	R	1.62	1.86	log	counter	-	0	0	36	-
1RB0LB_1LC0RB_1LD1RB_0RA0LD	26	31	36	0.071	0.000	0.076	R	1.62	1.91	log	counter	-	1	1	17	9:011011111:19
1RB0LB_1LC0RC_0LD1RC_1RA1LD	227	491	1061	0.335	0.337	0.334	LR	1.00	1.00	cube	sweepctr	-	2	1	2	1:1:194 1:1:865
1RB0LB_1LC0RD_0RA0LC_1LB0RD	20	23	27	0.065	0.000	0.071	R	2.00	1.88	log	counter	-	0	0	27	-
1RB0LB_1LC0RD_0RC0LD_1LA1RD	1279	4042	12780	0.500	0.500	0.500	LR	3.00	0.68	sqrt	bouncer	sqrt+sqrt	2	1	2	14:01010101011011:11490 14:01010101011011:1288
1RB0LB_1LC0RD_1LA0LB_0RB1RD	1604	5029	15844	0.497	0.062	0.501	LR	11840.50	0.01	sqrt	bouncer_part	sqrt+log	6	2	42	3:001:49 3:001:189 3:001:743 3:001:2966 3:001:10824 3:011:1031
1RB0LB_1LC0RD_1LA0LB_1RB1RA	1437	4501	14174	0.497	0.062	0.501	LR	14120.50	0.01	sqrt	bouncer_part	sqrt+log	2	1	36	2:01:1998 2:01:12140
1RB0LB_1LC0RD_1LA0LD_0RB1RD	1426	4487	14160	0.498	0.077	0.500	LR	14121.50	0.00	sqrt	bouncer_part	sqrt+log	3	3	13	8:00001001:16 3:001:9773 3:011:4358
1RB0LB_1LC0RD_1LA0LD_1LB0RA	259261	2592596	25925930	1.000	1.000	0.000	L	1.00	0.00	lin	linear	-	-	-	-	wide
1RB0LB_1LC0RD_1LA1LB_0LA0RA	2121	6712	21219	0.500	0.502	0.066	LR	1.00	0.01	sqrt	bouncer_part	sqrt+log	12	3	3	3:001:6830 3:011:3771 3:011:5303 3:011:2649 3:011:1330 3:011:665 3:011:330 3:011:167 3:011:88 3:011:44 3:011:23 8:01101111:16
1RB0LB_1LC0RD_1LA1LB_0RB1RD	1429	4490	14160	0.498	0.040	0.500	LR	14121.50	0.00	sqrt	bouncer_part	sqrt+log	2	2	19	3:001:10656 3:011:3485
1RB0LB_1LC0RD_1LA1LC_0RB1RD	1428	4489	14162	0.498	0.077	0.500	LR	14121.50	0.00	sqrt	bouncer_part	sqrt+log	3	3	13	8:00001001:16 3:001:13778 3:011:355
1RB0LB_1LC0RD_1LC1LA_1RA1RD	86963	869572	8695660	1.000	0.000	1.000	R	1.00	0.00	lin	linear	-	-	-	-	wide
1RB0LB_1LC0RD_1RA1LC_0LC1RD	227	491	1061	0.335	0.337	0.334	LR	1.00	1.00	cube	sweepctr	-	2	1	2	1:1:196 1:1:863
1RB0LB_1LC1LB_0RC0RD_1LA1RD	182	392	844	0.333	0.335	0.333	LR	1.00	1.00	cube	sweepctr	-	2	1	3	1:1:614 1:1:227
1RB0LB_1LC1RA_0LC0LD_0RA0RB	35	41	47	0.064	0.000	0.067	R	24572.50	0.98	log	counter	-	1	1	23	12:010101010111:24
1RB0LB_1LC1RA_1RD0LC_0LA0RB	1241	3891	12269	0.498	0.501	0.060	LR	0.33	0.01	sqrt	bouncer_part	sqrt+log	3	3	9	1:1:6542 1:0:5702 2:01:16
1RB0LB_1LC1RD_0RA0LC_1LB0RD	20	24	27	0.065	0.000	0.071	R	2.00	1.81	log	counter	-	0	0	27	-
1RB0LB_1LC1RD_1LA0LC_0RB0RC	1416	3946	13450	0.489	0.491	0.066	LR	20959.50	0.01	sqrt	bouncer_part	sqrt+log	3	1	3	2:01:9062 2:01:1456 2:01:2929
1RB0LB_1LC1RD_1RD0LC_1LA0RD	1137	3711	11871	0.509	0.000	0.520	R	5519.17	0.00	sqrt	bouncer_part	sqrt+fix	92	10	3368	7:0111111:21 8:00110111:18 6:000111:17 8:00110111:18 9:001110111:18 5:00111:17 6:000111:17 9:001110111:21 10:0001111111:24 8:00110111:18 9:001110111:18 5:00111:17 6:000111:17 9:001110111:21 10:0001111111:24 8:00110111:18 9:001110111:18 5:00111:17 6:000111:17 9:001110111:21 10:0001111111:24 8:00110111:18 9:001110111:18 5:00111:17 6:000111:17 9:001110111:21 10:0001111111:24 8:00110111:18 9:001110111:18 5:00111:17 6:000111:17 9:001110111:21 10:0001111111:24 8:00110111:18 9:001110111:18 5:00111:17 6:000111:17 9:001110111:21 10:0001111111:24 8:00110111:18 9:001110111:18 5:00111:17 6:000111:17 9:001110111:21 10:0001111111:24 8:00110111:18 9:001110111:18 5:00111:17 6:000111:17 9:001110111:21 10:0001111111:24 8:00110111:18 9:001110111:18 5:00111:17 6:000111:17 9:001110111:21 10:0001111111:24 8:00110111:18 9:001110111:18 5:00111:17 6:000111:17 9:001110111:21 10:0001111111:24 8:00110111:18 9:001110111:18 5:00111:17 6:000111:17 9:001110111:21 10:0001111111:24 8:00110111:18 9:001110111:18 5:00111:17 6:000111:17 9:001110111:21 10:0001111111:24 8:00110111:18 9:001110111:18 5:00111:17 6:000111:17 9:001110111:21 10:0001111111:24 8:00110111:18 9:001110111:18 5:00111:17 6:000111:17 9:001110111:21 10:0001111111:24 8:00110111:16 7:0000111:18 7:0000011:16 9:011101111:6404 9:000101111:383
1RB0LB_1RC0LC_0LD0RA_1RD1LA	1336	4226	13363	0.500	0.501	0.500	LR	2193.56	0.67	sqrt	bouncer	sqrt+sqrt	2	2	0	10:0011011011:7347 10:0001010101:6016
1RB0LB_1RC0LD_1LA1RA_0RA0LA	52	61	70	0.065	0.000	0.067	R	1.00	0.65	log	counter	-	2	2	29	1:0:20 3:001:21
1RB0LB_1RC0LD_1LA1RB_0RA0LB	36	42	50	0.071	0.000	0.075	R	40958.50	0.96	log	counter	-	0	0	50	-
1RB0LB_1RC0RB_0LD1RB_0LA1LD	1040	3209	10052	0.493	0.046	0.502	LR	2850.07	0.01	sqrt	bouncer_part	sqrt+log	4	4	25	9:001110111:18 8:00000111:16 1:1:4539 2:01:5454
1RB0LB_1RC0RB_1LD0RB_1LA0LC	1435	4497	14171	0.497	0.058	0.501	LR	14119.50	0.00	sqrt	bouncer_part	sqrt+log	3	2	8	12:000100100011:26 2:01:1962 2:01:12175
1RB0LB_1RC0RB_1LD0RB_1LA0LD	1241	3892	12269	0.498	0.057	0.501	LR	16299.50	0.00	sqrt	bouncer_part	sqrt+log	2	2	28	3:001:7344 3:011:4897
1RB0LB_1RC0RC_0LD1RC_1RA1LD	227	491	1061	0.335	0.337	0.334	LR	1.00	1.00	cube	sweepctr	-	2	1	2	1:1:194 1:1:865
1RB0LB_1RC0RC_1LD1RC_1LA0LA	250	542	1170	0.335	0.336	0.334	LR	288.92	0.50	cube	sweepctr	-	4	1	3	1:1:101 1:1:299 1:1:664 1:1:103
1RB0LB_1RC1LA_0RD0RC_1LD1RB	1451	4509	19585	0.565	0.026	0.566	LR	11837.50	0.00	sqrt	bouncer_part	sqrt+log	5	4	15	4:0011:44 4:0011:7635 12:001100111011:39 1:0:11139 1:1:713
1RB0LB_1RC1LB_0LA1RD_0LB0RC	35	41	48	0.069	0.074	0.000	L	1.45	0.96	log	counter	-	1	1	30	8:01011111:18
1RB0LB_1RC1LC_0RD0LB_1LD0LA	1099	3664	13959	0.552	0.554	0.058	LR	1.00	0.00	sqrt	bouncer_part	sqrt+log	3	2	2	1:1:1891 2:01:620 1:1:11446
1RB0LB_1RC1LD_0LA0RC_0LA1LB	37	43	49	0.061	0.066	0.000	L	28670.50	0.96	log	counter	-	1	1	33	8:00111111:16
1RB0LB_1RC1LD_0LA0RC_1LA1LB	51	60	72	0.075	0.079	0.000	L	3.00	0.65	log	counter	-	2	2	22	6:000001:26 12:000001001001:24
1RB0LB_1RC1LD_0LA0RC_1LB---	37	43	49	0.061	0.066	0.000	L	28670.50	0.96	log	counter	-	1	1	32	8:00010101:17
1RB0LB_1RC1LD_0LA0RD_1LB0RC	37	43	49	0.061	0.066	0.000	L	28670.50	0.96	log	counter	-	1	1	32	8:00010101:17
1RB0LC_0LA0RB_0RD1LC_1LA1RD	18	22	25	0.071	0.079	0.000	L	2.00	1.92	log	counter	-	0	0	25	-
1RB0LC_0LA0RB_1RD---_1LD1LA	34	42	48	0.075	0.079	0.000	L	10921.83	0.98	log	counter	-	0	0	48	-
1RB0LC_0LA0RB_1RD1LA_1LC---	34	42	48	0.075	0.079	0.000	L	10921.83	0.98	log	counter	-	0	0	48	-
1RB0LC_0LA0RB_1RD1LA_1LD1LC	50	59	68	0.067	0.069	0.000	L	1.00	0.66	log	counter	-	2	2	30	3:001:21 6:000001:17
1RB0LC_0LA0RD_1LA---_0RB---	36	42	48	0.062	0.066	0.000	L	24574.50	0.98	log	counter	-	0	0	48	-
1RB0LC_0LA1RD_1LA1LC_0RA1RB	1737	5485	17331	0.500	0.501	0.073	LR	8649.50	0.01	sqrt	bouncer_part	sqrt+log	10	1	35	1:1:8659 1:1:4329 1:1:2164 1:1:1082 1:1:541 1:1:270 1:1:135 1:1:67 1:1:33 1:1:16
1RB0LC_0LB0RC_0LD1RA_1RC1LD	47	56	67	0.077	0.078	0.079	LR	1.50	1.36	log	counter	-	2	2	24	9:011011111:23 6:011111:20
1RB0LC_0LB1LA_0RC1RD_1LB0RD	20	23	27	0.065	0.000	0.075	R	2.00	1.88	log	counter	-	0	0	27	-
1RB0LC_0LB1LA_1RD0LC_0RD1RB	20	23	27	0.065	0.071	0.000	L	2.00	1.85	log	counter	-	0	0	27	-
1RB0LC_0LC0LA_1RC0RD_1LB1RD	234	511	1096	0.335	0.333	0.338	LR	0.36	0.64	cube	sweepctr	-	3	1	2	1:1:90 1:1:960 1:1:44
1RB0LC_0LC0RB_1RD1LC_1LA0RD	717	2248	7084	0.497	0.057	0.500	LR	1.00	0.01	sqrt	bouncer_part	sqrt+log	2	2	14	1:0:4065 1:1:3005
1RB0LC_0LC0RD_1RB1LC_1LD1LA	1029	3347	10952	0.514	0.516	0.077	LR	1.00	0.01	sqrt	bouncer_part	sqrt+log	3	1	2	1:1:2750 1:1:7705 1:1:495
1RB0LC_0LC1RD_1LA1LC_0RB0RD	1017	3183	10025	0.497	0.080	0.500	LR	1.00	0.01	sqrt	bouncer_part	sqrt+log	2	1	27	2:01:9966 2:01:32
1RB0LC_0RC0RA_0LD1RA_1LA0LC	40	46	54	0.065	0.000	0.071	R	40958.50	0.04	log	counter	-	0	0	54	-
1RB0LC_0RC0RA_1LD1LA_1RA1LD	1480	4681	14798	0.500	0.501	0.499	LR	3.00	0.65	sqrt	bouncer	sqrt+sqrt	3	2	3	11:01010101011:9560 2:01:2067 2:01:3168
1RB0LC_0RC0RB_1RD1LC_1LA0RD	1234	3885	12259	0.499	0.062	0.500	LR	1.00	0.01	sqrt	bouncer_part	sqrt+log	2	2	13	1:0:2993 1:1:9253
1RB0LC_0RC1LA_0RD1LC_1LB1RD	229	493	1063	0.333	0.337	0.331	LR	1.00	1.00	cube	sweepctr	-	2	1	2	1:1:873 1:1:188
1RB0LC_0RC1RA_1LD---_0RA0LD	36	42	48	0.062	0.000	0.066	R	24574.50	0.96	log	counter	-	0	0	48	-
1RB0LC_0RC1RA_1LD0RA_1LA0LD	1574	4892	15348	0.495	0.134	0.507	LR	27.51	0.01	sqrt	bouncer_part	sqrt+log	11	9	116	14:01010111010111:28 8:01111111:17 6:011111:33 4:0111:21 8:01111111:315 6:010111:606 11:00111110111:22 14:01010101111111:6595 8:01111111:3467 8:01010111:4112 6:000101:16
1RB0LC_0RC1RB_0LD1RB_1LA1LC	290	622	1338	0.332	0.333	0.331	LR	1.00	0.50	cube	sweepctr	-	2	1	1	2:01:708 2:01:629
1RB0LC_0RC1RD_0RD1LD_1LA0RA	1345	4262	13469	0.500	0.500	0.501	LR	1.00	0.49	sqrt	bouncer_part	sqrt+sqrt	3	2	1	3:011:5774 1:1:7086 1:1:608
1RB0LC_1LA---_1RD0LC_0RD0LA	19	23	26	0.068	0.075	0.000	L	2.00	1.92	log	counter	-	0	0	26	-
1RB0LC_1LA---_1RD1LC_0RD0LA	35	41	47	0.064	0.067	0.000	L	8191.17	1.00	log	counter	-	0	0	47	-
1RB0LC_1LA0LA_1RD0LB_0RD0LA	51	60	69	0.066	0.068	0.000	L	3.00	0.68	log	counter	-	3	3	12	9:000001001:18 3:001:20 9:000000001:19
1RB0LC_1LA0LA_1RD0RB_0RD0LA	19	22	25	0.060	0.066	0.000	L	2.00	1.92	log	counter	-	0	0	25	-
1RB0LC_1LA0LA_1RD0RB_0RD1LC	18	22	25	0.071	0.079	0.000	L	2.00	1.92	log	counter	-	0	0	25	-
1RB0LC_1LA0LA_1RD1LA_0RD0LA	35	41	47	0.064	0.067	0.000	L	8191.17	1.00	log	counter	-	0	0	47	-
1RB0LC_1LA0RA_1LD---_0RD0LB	155560	1555560	15555560	1.000	1.000	0.000	L	2.33	0.00	lin	linear	-	-	-	-	wide
1RB0LC_1LA0RD_0RA1LC_1LD1LA	189	408	877	0.333	0.333	0.335	LR	1.00	1.33	cube	sweepctr	-	2	1	2	1:1:386 1:1:489
1RB0LC_1LA0RD_0RB0LC_0RD0LA	19	22	26	0.068	0.075	0.000	L	2.00	1.92	log	counter	-	0	0	26	-
1RB0LC_1LA0RD_0RB0LC_1LC0LA	19	22	25	0.060	0.066	0.000	L	2.00	1.92	log	counter	-	0	0	25	-
1RB0LC_1LA0RD_0RB1RD_1LC0LA	18	22	25	0.071	0.079	0.000	L	2.00	1.92	log	counter	-	0	0	25	-
1RB0LC_1LA0RD_1RC1RB_0LB1RD	189	408	877	0.333	0.336	0.330	LR	1.00	1.33	cube	sweepctr	-	2	1	2	1:1:489 1:1:386
1RB0LC_1LA1LC_0LB1RD_0RC1RD	290	622	1338	0.332	0.333	0.331	LR	1.00	0.50	cube	sweepctr	-	2	1	1	2:01:710 2:01:627
1RB0LC_1LA1LC_1RD0RB_0RD0LA	18	22	25	0.071	0.079	0.000	L	2.00	1.92	log	counter	-	0	0	25	-
1RB0LC_1LA1LD_0RA1LC_1LA1RD	143	309	668	0.335	0.000	0.337	R	1.00	2.00	cube	sweepctr	-	2	1	2	1:1:490 1:1:176
1RB0LC_1LA1RA_0LD0LA_0RD1RA	36	44	50	0.071	0.000	0.077	R	32766.50	0.96	log	counter	-	0	0	50	-
1RB0LC_1LA1RA_0RA0LD_---0LC	35	43	49	0.073	0.000	0.077	R	32766.50	0.98	log	counter	-	0	0	49	-
1RB0LC_1LA1RA_0RA0LD_---1LC	25	29	33	0.060	0.000	0.065	R	16402.50	0.97	log	counter	-	0	0	33	-
1RB0LC_1LA1RA_0RA0RD_0LD0LC	35	41	49	0.073	0.000	0.077	R	40957.50	0.98	log	counter	-	0	0	49	-
1RB0LC_1LA1RA_0RD0LA_0RD1RA	37	43	49	0.061	0.000	0.064	R	28670.50	0.98	log	counter	-	1	1	32	8:00010101:17
1RB0LC_1LA1RB_0RA1LD_0RB1LD	145	311	670	0.332	0.000	0.335	R	1.00	2.00	cube	sweepctr	-	2	1	2	1:1:501 1:1:167
1RB0LC_1LA1RB_0RB1LC_------	183	391	843	0.332	0.333	0.333	LR	1.00	1.00	cube	sweepctr	-	2	1	2	1:1:151 1:1:690
1RB0LC_1LA1RB_0RB1LD_0RB1LC	183	391	843	0.332	0.333	0.333	LR	1.00	1.00	cube	sweepctr	-	2	1	2	1:1:151 1:1:690
1RB0LC_1LA1RB_0RB1LD_0RB1LD	183	391	843	0.332	0.333	0.333	LR	1.00	1.00	cube	sweepctr	-	2	1	2	1:1:151 1:1:690
1RB0LC_1LA1RB_0RB1LD_0RD1LC	181	391	843	0.334	0.335	0.335	LR	1.00	1.00	cube	sweepctr	-	2	1	2	1:1:445 1:1:396
1RB0LC_1LA1RB_0RD1LC_1LA1RB	183	391	843	0.332	0.333	0.333	LR	1.00	1.00	cube	sweepctr	-	2	1	2	1:1:151 1:1:690
1RB0LC_1LA1RB_0RD1LC_1LB1RB	208	450	966	0.333	0.334	0.335	LR	233.63	0.67	cube	sweepctr	-	2	1	2	1:1:684 1:1:280
1RB0LC_1LA1RB_1LD1LC_0RD0RB	182	392	844	0.333	0.333	0.335	LR	1.00	1.00	cube	sweepctr	-	2	1	3	1:1:612 1:1:229
1RB0LC_1LA1RB_1RA1LD_0RB1LD	183	391	843	0.332	0.333	0.333	LR	1.00	1.00	cube	sweepctr	-	2	1	2	1:1:148 1:1:693
1RB0LC_1LA1RB_1RD1LC_0LD0RB	229	493	1063	0.333	0.334	0.334	LR	1.00	1.00	cube	sweepctr	-	3	1	2	1:1:95 1:1:871 1:1:95
1RB0LC_1LA1RB_1RD1LC_0RD0RB	251	543	1169	0.334	0.333	0.335	LR	1.01	0.50	cube	sweepctr	-	3	1	2	1:1:650 1:1:449 1:1:68
1RB0LC_1LA1RB_1RD1LC_1LC0RB	229	493	1063	0.333	0.334	0.334	LR	1.00	0.50	cube	sweepctr	-	3	1	2	1:1:96 1:1:868 1:1:97
1RB0LC_1LA1RB_1RD1LC_1RC0RB	229	493	1063	0.333	0.334	0.334	LR	1.00	0.50	cube	sweepctr	-	3	1	2	1:1:96 1:1:869 1:1:96
1RB0LC_1LA1RC_0LD0LA_0RD1RA	36	44	50	0.071	0.000	0.077	R	12287.17	0.96	log	counter	-	0	0	50	-
1RB0LC_1LA1RD_0RA0LA_1RB---	35	43	49	0.073	0.000	0.077	R	32766.50	0.98	log	counter	-	0	0	49	-
1RB0LC_1LA1RD_0RA0LC_1RA---	51	60	72	0.075	0.000	0.077	R	1.00	0.66	log	counter	-	1	1	52	9:000001001:20
1RB0LC_1LA1RD_0RA0LC_1RB---	35	43	49	0.073	0.000	0.077	R	32766.50	0.98	log	counter	-	0	0	49	-
1RB0LC_1LA1RD_0RA1LC_1LA1RD	144	310	669	0.334	0.000	0.336	R	1.00	2.00	cube	sweepctr	-	2	1	2	1:1:496 1:1:171
1RB0LC_1LA1RD_0RB1LC_0LD1RB	181	391	843	0.334	0.335	0.335	LR	1.00	1.00	cube	sweepctr	-	2	1	2	1:1:445 1:1:396
1RB0LC_1LA1RD_0RB1LC_1LA1RB	183	391	843	0.332	0.333	0.333	LR	1.00	1.00	cube	sweepctr	-	2	1	2	1:1:151 1:1:690
1RB0LC_1LA1RD_0RB1LC_1LA1RD	183	391	843	0.332	0.333	0.333	LR	1.00	1.00	cube	sweepctr	-	2	1	2	1:1:151 1:1:690
1RB0LC_1LA1RD_0RD0LC_1RA---	52	61	70	0.065	0.000	0.067	R	1.00	0.71	log	counter	-	3	3	14	9:000001001:18 6:000001:17 3:001:21
1RB0LC_1LA1RD_0RD1LC_1LA1RB	183	391	843	0.332	0.333	0.333	LR	1.00	1.00	cube	sweepctr	-	2	1	2	1:1:151 1:1:690
1RB0LC_1LA1RD_1LA0LA_0RD0LA	36	42	48	0.062	0.066	0.000	L	24574.50	0.98	log	counter	-	0	0	48	-
1RB0LC_1LA1RD_1LA0LC_0RD0LA	36	42	48	0.062	0.066	0.000	L	24574.50	0.98	log	counter	-	0	0	48	-
1RB0LC_1LA1RD_1LA1LB_0RD0LA	36	42	48	0.062	0.066	0.000	L	28670.50	0.98	log	counter	-	1	1	32	8:00111111:16
1RB0LC_1LA1RD_1LA1LC_0RD1RB	1737	5485	17331	0.500	0.501	0.073	LR	8649.50	0.01	sqrt	bouncer_part	sqrt+log	10	1	30	1:1:8659 1:1:4329 1:1:2165 1:1:1082 1:1:541 1:1:271 1:1:135 1:1:68 1:1:34 1:1:17
1RB0LC_1LB0LC_1RD1LC_0RD0LA	35	41	47	0.064	0.067	0.000	L	8191.17	1.00	log	counter	-	0	0	47	-
1RB0LC_1LB1LC_1RD0LC_0RD0LA	20	23	26	0.057	0.062	0.000	L	2.00	1.84	log	counter	-	0	0	26	-
1RB0LC_1LB1LC_1RD1LC_0RD0LA	34	42	48	0.075	0.079	0.000	L	10921.83	0.98	log	counter	-	0	0	48	-
1RB0LC_1LB1RC_0LA1LD_1LA0RD	46	56	67	0.082	0.088	0.000	L	1.00	1.33	log	counter	-	2	2	19	6:001101:26 11:01101101111:22
1RB0LC_1LB1RC_1RD1LA_0RB0RD	1526	4586	14258	0.485	0.000	0.486	R	14121.50	0.00	sqrt	bouncer_part	sqrt+fix	5	5	8	11:00110011111:22 4:0011:73 8:01101111:19 1:0:556 1:1:13580
1RB0LC_1LB1RC_1RD1LC_0RD0LA	34	42	48	0.075	0.079	0.000	L	12287.17	1.02	log	counter	-	0	0	48	-
1RB0LC_1LC---_1RD0LB_0RD0LA	50	59	71	0.076	0.079	0.000	L	3.00	0.66	log	counter	-	2	2	21	9:000000001:23 12:000000000001:27
1RB0LC_1LC---_1RD1LC_0RD0LA	34	42	48	0.075	0.079	0.000	L	10921.83	0.98	log	counter	-	0	0	48	-
1RB0LC_1LC0LA_1RD1LA_0RD0LA	34	42	48	0.075	0.079	0.000	L	10921.83	0.98	log	counter	-	0	0	48	-
1RB0LC_1LC0LB_1RD1LA_0RD0LA	66	78	90	0.067	0.069	0.000	L	1.67	0.49	log	counter	-	3	3	17	12:000000010001:24 4:0001:27 8:00000001:22
1RB0LC_1LC0RA_0RD0LB_1LB1RD	33	39	45	0.067	0.069	0.069	LR	2.00	0.98	log	counter	-	0	0	45	-
1RB0LC_1LC0RA_0RD1LD_1LA1RA	1238	3888	12266	0.498	0.501	0.060	LR	15276.50	0.01	sqrt	bouncer_part	sqrt+log	6	1	31	3:011:7306 3:011:1873 3:011:2296 3:011:576 3:011:146 3:011:38
1RB0LC_1LC0RA_1LD1LB_0RB0LC	227	491	1061	0.335	0.334	0.337	LR	1.00	1.99	cube	sweepctr	-	3	2	1	2:01:38 2:01:573 1:1:449
1RB0LC_1LC0RA_1LD1LD_1LA0LD	1787	5975	19781	0.522	0.523	0.088	LR	11786.50	0.01	sqrt	bouncer_part	sqrt+log	3	1	2	2:01:452 2:01:11361 2:01:7966
1RB0LC_1LC0RA_1RA1LD_1LA1LA	1472	5015	16637	0.527	0.530	0.088	LR	9.00	0.01	sqrt	bouncer_part	sqrt+log	3	2	7	1:1:1110 3:011:7583 3:011:7937
1RB0LC_1LC0RA_1RA1LD_1RC1LA	1472	5015	16634	0.527	0.530	0.088	LR	3.00	0.01	sqrt	bouncer_part	sqrt+log	3	2	5	1:1:7366 3:011:1326 3:011:7937
1RB0LC_1LC0RB_0LC1LD_0RD1RA	20	23	27	0.065	0.000	0.071	R	2.00	1.96	log	counter	-	0	0	27	-
1RB0LC_1LC0RB_0LD0RB_1RA1LA	1018	3185	10028	0.497	0.076	0.501	LR	2994.50	0.01	sqrt	bouncer_part	sqrt+log	10	2	75	1:0:18 1:0:36 1:0:76 1:0:153 1:0:310 1:0:621 1:0:1247 1:0:2495 1:0:2420 1:1:2577
1RB0LC_1LC0RB_1LD0LD_0RA1RA	19	23	26	0.068	0.000	0.075	R	2.00	1.88	log	counter	-	0	0	26	-
1RB0LC_1LC0RB_1LD1LA_0RA0RC	19	22	26	0.068	0.000	0.075	R	2.00	1.88	log	counter	-	0	0	26	-
1RB0LC_1LC0RB_1LD1LA_1RC0RC	35	41	47	0.064	0.066	0.066	LR	2.00	0.98	log	counter	-	1	1	19	12:010101010111:28
1RB0LC_1LC0RB_1RD0RD_0LA1LA	18	22	25	0.071	0.000	0.075	R	2.00	2.04	log	counter	-	0	0	25	-
1RB0LC_1LC0RB_1RD1LA_0LA1RB	833	2602	8187	0.496	0.501	0.060	LR	1.00	0.01	sqrt	bouncer_part	sqrt+log	3	2	9	1:1:753 2:01:7409 1:1:16
1RB0LC_1LC0RC_1RD1LA_1RA0RA	89560	895528	8955232	1.000	0.000	1.000	R	1.00	0.00	lin	linear	-	-	-	-	wide
1RB0LC_1LC0RD_0RA1LB_0LB1RD	35	41	47	0.064	0.066	0.066	LR	2.00	0.96	log	counter	-	2	2	3	2:01:16 14:01111111111111:28
1RB0LC_1LC0RD_0RA1LC_1LD1LA	189	408	877	0.333	0.333	0.335	LR	1.00	1.33	cube	sweepctr	-	2	1	2	1:1:386 1:1:489
1RB0LC_1LC0RD_1LA1LB_1LA1RC	1103	3481	11006	0.500	0.501	0.498	LR	1.00	0.39	sqrt	bouncer_part	sqrt+sqrt	3	3	23	14:00111101111011:2475 9:010110111:19 14:01011010110111:8489
1RB0LC_1LC0RD_1LA1LC_0RB1RA	947	2949	9287	0.496	0.052	0.500	LR	2.60	0.01	sqrt	bouncer_part	sqrt+log	2	1	33	3:011:1817 3:011:7437
1RB0LC_1LC0RD_1LD0LB_1RB1RA	1871	5915	18709	0.500	0.500	0.500	LR	1.00	0.67	sqrt	bouncer	sqrt+sqrt	3	2	3	3:001:2459 3:001:5558 2:01:10689
1RB0LC_1LC1LA_1RD0RB_0RD0LA	18	22	25	0.071	0.079	0.000	L	2.00	2.08	log	counter	-	0	0	25	-
1RB0LC_1LC1LB_0RD0LB_1RD0RA	34	40	46	0.066	0.000	0.071	R	24571.50	1.93	log	counter	-	0	0	46	-
1RB0LC_1LC1LB_1RD0RB_0RD0LA	19	23	26	0.068	0.075	0.000	L	2.00	1.92	log	counter	-	0	0	26	-
1RB0LC_1LC1LD_0RA1LC_1LA1RD	143	309	668	0.335	0.000	0.337	R	1.00	2.00	cube	sweepctr	-	2	1	2	1:1:491 1:1:175
1RB0LC_1LC1RA_---0LD_0RA1LB	35	41	49	0.073	0.000	0.077	R	40957.50	0.98	log	counter	-	0	0	49	-
1RB0LC_1LC1RA_0RA1LD_0RA0LC	33	39	47	0.077	0.000	0.081	R	40929.50	0.98	log	counter	-	0	0	47	-
1RB0LC_1LC1RA_0RA1LD_0RD0LC	33	39	47	0.077	0.000	0.081	R	40929.50	0.98	log	counter	-	0	0	47	-
1RB0LC_1LC1RA_0RB1LD_0RB0LC	34	40	46	0.066	0.000	0.069	R	28642.50	1.04	log	counter	-	0	0	46	-
1RB0LC_1LC1RA_0RB1LD_0RD0LC	32	40	46	0.079	0.000	0.083	R	36832.50	1.04	log	counter	-	1	1	14	16:0101011111110111:32
1RB0LC_1LC1RB_0RB0LD_0RA1LD	143	309	668	0.335	0.000	0.337	R	1.00	2.00	cube	sweepctr	-	2	1	2	1:1:490 1:1:176
1RB0LC_1LC1RB_0RB1LD_0RA1LA	48	57	68	0.076	0.079	0.076	LR	1.45	1.30	log	counter	-	2	2	24	9:011011111:27 6:011111:17
1RB0LC_1LC1RB_0RD1LD_0RB1LA	48	58	68	0.076	0.000	0.081	R	1.30	0.70	log	counter	-	2	2	33	6:011111:17 9:011011111:18
1RB0LC_1LC1RC_0RA1LD_1RC0LD	987	3087	9713	0.497	0.502	0.077	LR	2145.72	0.01	sqrt	bouncer_part	sqrt+log	6	1	46	3:011:7253 3:011:563 3:011:1251 3:011:454 3:011:116 3:011:30
1RB0LC_1LC1RD_0LA1LA_0RC0RB	834	2603	8188	0.496	0.500	0.062	LR	1.00	0.01	sqrt	bouncer_part	sqrt+log	3	2	8	1:1:5728 2:01:2436 1:1:16
1RB0LC_1LC1RD_0LA1LA_1RB0RB	1016	3182	10024	0.497	0.501	0.080	LR	1.00	0.01	sqrt	bouncer_part	sqrt+log	2	2	26	1:1:9967 2:01:31
1RB0LC_1LC1RD_0RA1LC_1LA1RD	144	310	669	0.334	0.000	0.336	R	1.00	2.00	cube	sweepctr	-	2	1	2	1:1:498 1:1:169
1RB0LC_1LC1RD_1LA0LB_0RB0RC	1381	4451	12901	0.485	0.492	0.082	LR	22891.50	0.01	sqrt	bouncer_part	sqrt+log	2	1	3	2:01:11483 2:01:1415
1RB0LC_1LC1RD_1LA0RB_1LB1RC	1472	5015	16634	0.527	0.088	0.529	LR	3.00	0.01	sqrt	bouncer_part	sqrt+log	3	2	2	3:011:7940 3:011:1490 1:1:7202
1RB0LC_1LC1RD_1LA0RB_1RC1RC	1472	5015	16637	0.527	0.088	0.529	LR	9.00	0.01	sqrt	bouncer_part	sqrt+log	3	2	4	3:011:7940 3:011:7529 1:1:1164
1RB0LC_1RC0LA_1RD0RB_1LB1LD	1309	4141	13093	0.500	0.501	0.499	LR	0.53	0.73	sqrt	bouncer	sqrt+sqrt	2	1	2	1:1:3022 1:1:10069
1RB0LC_1RC0RA_1LA0LD_0LB0LA	102045	1020414	10204087	1.000	1.000	0.000	L	0.33	0.00	lin	linear	-	-	-	-	wide
1RB0LC_1RC0RA_1LA0LD_0LB0RB	55775	557634	5576218	1.000	1.000	0.000	L	0.33	0.00	lin	linear	-	-	-	-	wide
1RB0LC_1RC0RA_1LA0LD_1LC0LA	179493	1794878	17948722	1.000	1.000	0.000	L	1.00	0.00	lin	linear	-	-	-	-	wide
1RB0LC_1RC0RA_1LA0LD_1LC0LB	142863	1428578	14285722	1.000	1.000	0.000	L	1.00	0.00	lin	linear	-	-	-	-	wide
1RB0LC_1RC0RA_1LA1LD_1LA0LB	1806	5715	18074	0.500	0.500	0.500	LR	5156.50	0.65	sqrt	bouncer	sqrt+sqrt	3	2	1	2:01:5166 5:00101:955 5:00101:11952
1RB0LC_1RC0RA_1LA1LD_1LA0RB	1872	5915	18707	0.500	0.500	0.500	LR	10670.50	0.67	sqrt	bouncer	sqrt+sqrt	3	2	1	2:01:2277 2:01:8411 3:001:8018
1RB0LC_1RC0RA_1LA1LD_1LA1LB	1745	5497	17345	0.499	0.502	0.082	LR	8644.50	0.01	sqrt	bouncer_part	sqrt+log	12	2	7	2:01:5903 2:01:2752 2:01:4331 2:01:2167 2:01:1085 2:01:542 2:01:273 2:01:140 2:01:71 2:01:37 2:01:18 7:0101011:19
1RB0LC_1RC0RA_1LA1LD_1LA1RB	1437	4501	14174	0.497	0.501	0.065	LR	14118.50	0.01	sqrt	bouncer_part	sqrt+log	2	1	36	2:01:2038 2:01:12100
1RB0LC_1RC0RA_1LD0RB_1LA0LD	1911	6053	19150	0.500	0.501	0.500	LR	1.00	0.44	sqrt	bouncer_part	sqrt+sqrt	3	2	7	14:00101001010101:12174 2:01:1338 2:01:5631
1RB0LC_1RC0RB_0LD1RB_0LA1LD	1239	3887	12263	0.498	0.029	0.500	LR	2183.07	0.00	sqrt	bouncer_part	sqrt+log	7	2	20	12:000111011011:24 3:011:26 3:011:144 3:011:571 3:011:1873 3:011:423 3:011:9182
1RB0LC_1RC0RB_1LA1LD_0LA0RD	1341	4241	13417	0.500	0.500	0.500	LR	3.57	0.37	sqrt	bouncer_part	sqrt+sqrt	3	3	10	8:00110101:5335 8:00101101:623 5:01011:7449
1RB0LC_1RC0RB_1LD1LC_1LA0LC	1388	4386	13868	0.500	0.500	0.500	LR	1.00	0.69	sqrt	bouncer	sqrt+sqrt	3	3	1	2:01:5546 1:0:3762 1:1:4559
1RB0LC_1RC0RB_1LD1RA_0RA1LC	35	43	49	0.073	0.000	0.075	R	36860.50	0.98	log	counter	-	0	0	49	-
1RB0LC_1RC0RD_1LA0LC_1RD0RA	1438	4502	14175	0.497	0.501	0.059	LR	14118.50	0.01	sqrt	bouncer_part	sqrt+log	3	2	21	2:01:12157 2:01:1980 6:000001:17
1RB0LC_1RC0RD_1RD0LB_1LD1LA	58147	581405	5813961	1.000	1.000	0.000	L	0.58	0.00	lin	linear	-	-	-	-	wide
1RB0LC_1RC1LB_0LA1RD_0LB0RC	34	41	47	0.070	0.076	0.000	L	1.50	0.96	log	counter	-	1	1	31	8:01011111:16
1RB0LC_1RC1LB_1LA0RD_1RC0RD	1422	4482	14153	0.499	0.052	0.501	LR	14122.50	0.01	sqrt	bouncer_part	sqrt+log	2	1	14	2:01:12179 2:01:1960
1RB0LC_1RC1LB_1LA1RD_0RA0RC	1030	3198	10046	0.495	0.501	0.086	LR	3.00	0.01	sqrt	bouncer_part	sqrt+log	3	3	33	4:0111:50 4:0001:9946 1:0:17
1RB0LC_1RC1RA_1LA0LD_0RB1RD	1507	5087	15803	0.510	0.088	0.512	LR	6394.50	0.01	sqrt	bouncer_part	sqrt+log	3	2	0	1:1:11502 2:01:3967 2:01:334
1RB0LC_1RC1RB_1LA0LD_1RD0RB	955	3014	9527	0.499	0.500	0.499	LR	1.00	0.68	sqrt	bouncer	sqrt+sqrt	3	3	4	14:00111101111011:6185 9:010110111:20 14:01011010110111:3318
1RB0LC_1RC1RB_1LA0RD_1LC0RB	1428	4490	14162	0.498	0.060	0.501	LR	10591.50	0.01	sqrt	bouncer_part	sqrt+log	9	2	36	16:0111111111111111:38 1:1:57 1:1:110 1:1:220 1:1:443 1:1:885 1:1:1769 1:1:3533 1:1:7071
1RB0LC_1RC1RD_1LA1LC_0RA0RD	1251	3929	12394	0.498	0.057	0.501	LR	1.00	0.01	sqrt	bouncer_part	sqrt+log	3	2	5	10:0000111111:20 7:0111111:3519 7:0111111:8850
1RB0LC_1RC1RD_1LA1LC_0RB0RD	1749	5495	17343	0.498	0.062	0.500	LR	1.00	0.01	sqrt	bouncer_part	sqrt+log	2	1	25	2:01:11424 2:01:5894
1RB0LC_1RC1RD_1LA1RC_0RB0RD	1977	6226	19659	0.499	0.062	0.501	LR	1.00	0.01	sqrt	bouncer_part	sqrt+log	11	2	21	8:00010101:16 2:01:27 2:01:54 2:01:103 2:01:206 2:01:412 2:01:819 2:01:1637 2:01:3274 2:01:7224 2:01:5866
1RB0LD_0LB1RC_1LA1RB_0RC1LD	181	391	843	0.334	0.335	0.335	LR	1.00	1.00	cube	sweepctr	-	2	1	2	1:1:446 1:1:395
1RB0LD_0LB1RC_1LA1RC_0RA1LD	144	310	669	0.334	0.000	0.336	R	1.00	2.00	cube	sweepctr	-	2	1	2	1:1:498 1:1:169
1RB0LD_0LC0RA_0LD1LC_1LA0LA	191493	1914896	19148940	1.000	1.000	0.000	L	1.00	0.00	lin	linear	-	-	-	-	wide
1RB0LD_0LC0RA_1RA1LC_1LA0RB	33	39	45	0.067	0.069	0.069	LR	2.00	1.00	log	counter	-	0	0	45	-
1RB0LD_0LC0RA_1RA1LC_1LA1RA	33	39	47	0.077	0.079	0.079	LR	2.00	1.00	log	counter	-	1	1	19	14:01011101111111:28
1RB0LD_0LC0RB_1LA1RC_0RC1LD	19	22	26	0.068	0.079	0.000	L	2.00	1.92	log	counter	-	0	0	26	-
1RB0LD_0LC0RB_1RA1LC_0LB1LA	1411	4471	14145	0.501	0.497	0.502	LR	1.00	0.25	sqrt	bouncer_part	sqrt+sqrt	2	2	26	1:1:7521 2:01:6598
1RB0LD_0LC0RB_1RA1LD_1RB1LC	791	2468	7769	0.496	0.501	0.060	LR	1.00	0.01	sqrt	bouncer_part	sqrt+log	2	1	25	3:011:2634 3:011:5110
1RB0LD_0LC0RC_1LC1LA_0RA1LD	240	513	1107	0.332	0.333	0.332	LR	89.40	0.67	cube	sweepctr	-	2	1	2	1:1:1066 1:1:39
1RB0LD_0LC0RC_1LC1LA_1RB1LD	1029	3347	10952	0.514	0.516	0.077	LR	1.00	0.01	sqrt	bouncer_part	sqrt+log	3	1	2	1:1:2750 1:1:7705 1:1:495
1RB0LD_0LC0RC_1RA1LD_1LC1LA	1071	3367	10393	0.493	0.492	0.502	LR	3.00	0.53	sqrt	bouncer	sqrt+sqrt	343	25	2468	10:0111111111:23 1:1:17 14:01110111111111:31 16:0111011111111111:32 4:0111:19 4:0111:23 1:1:16 8:01111111:17 12:011101111111:35 1:1:17 8:01111111:19 10:0111011111:23 8:01111111:19 4:0111:19 8:01111111:19 6:011111:17 6:011111:17 1:1:19 10:0111011111:20 14:01111111111111:32 12:011111111111:27 10:0111111111:23 10:0111011111:40 4:0111:31 1:1:17 14:01111111111111:31 10:0111011111:34 4:0111:19 2:01:18 4:0111:16 4:0111:18 10:0101110111:31 4:0111:16 6:010111:19 4:0111:16 2:01:39 6:010111:18 6:010111:25 16:0101010101010111:32 10:0101010111:21 10:0101110111:20 6:010111:24 2:01:23 8:01010111:19 4:0111:20 4:0111:19 4:0111:31 2:01:20 6:010111:25 2:01:21 8:01010111:19 6:010111:21 10:0101010111:24 2:01:19 8:01010111:17 10:0101010111:23 10:0101110111:20 10:0101110111:23 10:0101110111:36 8:01010111:21 2:01:16 8:01010111:21 2:01:19 14:01010101010111:31 6:010111:21 12:010101110111:25 8:01010111:17 2:01:17 8:01010111:17 8:01010111:17 2:01:23 12:010101010111:31 12:010101010111:27 4:0111:18 8:01010111:19 4:0111:20 6:010111:17 4:0111:23 2:01:17 4:0111:19 6:010111:25 4:0111:16 4:0111:23 6:010111:18 10:0101010111:21 6:010111:22 10:0101010111:23 6:010111:22 4:0111:19 16:0101110101110111:34 12:010101110111:26 10:0101110111:20 4:0111:19 2:01:19 4:0111:20 10:0101110111:23 4:0111:23 12:010101110111:39 6:010111:16 2:01:27 6:010111:22 14:01010101110111:33 6:010111:16 14:01011101110111:31 4:0111:23 4:0111:30 2:01:17 6:010111:19 4:0111:28 16:0101110101110111:37 10:0101110111:29 6:010111:16 2:01:16 2:01:17 2:01:21 4:0111:27 10:0101110111:25 2:01:16 16:0101110101110111:38 10:0101010111:25 2:01:19 8:01010111:17 2:01:23 6:010111:21 10:0101010111:29 12:010101010111:25 4:0111:16 10:0101110111:23 10:0101010111:23 6:010111:19 2:01:19 12:010101010111:27 4:0111:19 8:01010111:18 14:01010101010111:41 4:0111:51 4:0111:18 12:010101010111:29 4:0111:23 12:010101110111:27 12:010101110111:25 16:0101110101110111:36 4:0111:23 4:0111:19 2:01:25 4:0111:23 10:0101110111:24 12:010101110111:27 14:01010101110111:31 14:01011101110111:41 16:0101110101110111:39 6:010111:18 2:01:19 12:010101110111:27 4:0111:18 2:01:19 2:01:21 2:01:19 16:0101110101110111:36 8:01010111:17 8:01010111:19 6:010111:19 14:01010111010111:29 4:0111:23 6:010111:19 4:0111:16 4:0111:19 14:01011101110111:30 2:01:16 12:010101110111:32 2:01:18 14:01011101110111:28 2:01:16 12:010101110111:29 4:0111:19 14:01011101110111:34 6:010111:16 16:0101011101110111:32 6:010111:36 16:0101011101110111:37 16:0101011101110111:33 4:0111:20 10:0101110111:23 16:0101110101110111:38 10:0101110111:20 10:0101010111:21 6:010111:19 2:01:23 10:0101010111:23 6:010111:20 6:010111:19 8:01010111:17 6:010111:16 4:0111:20 2:01:17 4:0111:20 2:01:17 10:0101010111:23 14:01011101110111:34 12:010101110111:29 16:0101010101010111:33 4:0111:32 6:010111:20 4:0111:16 6:010111:19 2:01:17 6:010111:22 2:01:25 8:01010111:17 2:01:19 2:01:25 4:0111:16 2:01:21 4:0111:19 6:010111:27 2:01:33 10:0101110111:25 10:0101110111:27 2:01:17 4:0111:19 16:0101011101110111:34 2:01:33 6:010111:22 6:010111:25 4:0111:19 8:01010111:17 8:01010111:19 4:0111:16 2:01:20 6:010111:21 4:0111:23 4:0111:19 2:01:30 10:0101110111:25 6:010111:21 10:0101110111:23 14:01010101010111:29 4:0111:31 14:01010101010111:28 16:0101110101110111:51 2:01:19 6:010111:19 4:0111:20 2:01:19 14:01010101110111:33 6:010111:19 4:0111:20 8:01010111:19 8:01010111:17 4:0111:16 6:010111:17 12:010101110111:25 10:0101110111:24 8:01010111:17 4:0111:19 4:0111:27 2:01:17 8:01010111:17 6:010111:19 4:0111:19 6:010111:19 14:01011101110111:31 6:010111:29 2:01:17 6:010111:25 10:0101110111:23 4:0111:23 6:010111:19 10:0101110111:33 2:01:17 8:01010111:17 4:0111:16 4:0111:23 2:01:21 4:0111:16 6:010111:17 4:0111:19 16:0101010101010111:37 4:0111:18 6:010111:19 2:01:17 10:0101110111:23 12:010101010111:27 4:0111:23 6:010111:17 2:01:16 6:010111:25 6:010111:25 4:0111:23 2:01:20 14:01011101110111:47 8:01010111:17 6:010111:21 4:0111:19 10:0101110111:23 6:010111:21 6:010111:19 2:01:29 12:010101010111:27 2:01:18 6:010111:19 16:0101110101110111:43 4:0111:19 8:01010111:20 4:0111:19 4:0111:35 2:01:17 10:0101110111:33 14:01010101110111:36 2:01:25 16:0101110101110111:37 14:01011101110111:33 10:0101010111:23 4:0111:23 12:010101010111:24 6:010111:27 4:0111:27 14:01011101110111:34 4:0111:23 4:0111:27 2:01:17 4:0111:16 2:01:19 4:0111:16 2:01:19 10:0101010111:20 12:010101110111:25 4:0111:19 10:0101010111:27 6:010111:22 2:01:23 10:0101110111:20 10:0101110111:26 2:01:19 2:01:17 4:0111:23 8:01010111:19 2:01:17 2:01:17 8:01010111:21 10:0101110111:23 6:010111:17 4:0111:27
1RB0LD_0LC1LB_1RC1RD_0LB0LA	194034	1940302	19402988	1.000	1.000	0.000	L	1.00	0.00	lin	linear	-	-	-	-	wide
1RB0LD_0LC1LC_1LA1RC_0RA1LD	143	309	668	0.335	0.000	0.337	R	1.00	2.00	cube	sweepctr	-	2	1	2	1:1:491 1:1:175
1RB0LD_0LC1RA_---1LA_0RA1LD	35	41	47	0.064	0.066	0.066	LR	2.00	0.98	log	counter	-	1	1	31	2:01:16
1RB0LD_0LC1RA_0LD1LC_0RA1LA	228	494	1062	0.334	0.334	0.336	LR	1.00	1.00	cube	sweepctr	-	3	2	2	1:1:482 2:01:484 1:1:94
1RB0LD_0LC1RA_0LD1LC_0RD1LA	228	492	1062	0.334	0.334	0.336	LR	1.00	1.00	cube	sweepctr	-	3	2	2	1:1:30 2:01:580 1:1:450
1RB0LD_0LC1RA_0RB1LC_0RA1LA	228	494	1062	0.334	0.334	0.336	LR	1.00	1.00	cube	sweepctr	-	3	2	2	1:1:656 2:01:312 1:1:92
1RB0LD_0LC1RA_0RB1LC_0RC1LA	200	432	929	0.333	0.333	0.335	LR	1.26	1.50	cube	sweepctr	-	3	2	2	1:1:220 2:01:96 1:1:611
1RB0LD_0LC1RA_0RB1LC_0RD1LA	228	492	1062	0.334	0.334	0.336	LR	1.00	1.00	cube	sweepctr	-	3	2	2	1:1:572 2:01:44 1:1:444
1RB0LD_0LC1RA_0RD1LC_0RA1LA	228	494	1062	0.334	0.334	0.336	LR	1.00	1.00	cube	sweepctr	-	3	2	2	1:1:482 2:01:484 1:1:94
1RB0LD_0LC1RA_0RD1LC_0RB1LA	199	431	928	0.334	0.335	0.335	LR	1.26	1.50	cube	sweepctr	-	3	2	3	1:1:45 2:01:406 1:1:474
1RB0LD_0LC1RA_0RD1LC_0RC1LA	228	492	1062	0.334	0.334	0.336	LR	1.00	1.00	cube	sweepctr	-	3	2	2	1:1:132 2:01:480 1:1:448
1RB0LD_0LC1RA_0RD1LC_0RD1LA	228	492	1062	0.334	0.334	0.336	LR	1.00	1.00	cube	sweepctr	-	3	2	2	1:1:132 2:01:480 1:1:448
1RB0LD_0LC1RA_1LA0RB_0RA1LD	35	41	47	0.064	0.066	0.066	LR	2.00	1.02	log	counter	-	1	1	31	2:01:16
1RB0LD_0LC1RA_1LA1LC_0RA0RB	201	431	929	0.332	0.334	0.000	L	44264.36	1.00	cube	sweepctr	-	3	2	3	1:1:335 2:01:38 1:1:553
1RB0LD_0LC1RA_1LA1LC_0RA1LA	227	493	1061	0.335	0.336	0.000	L	54287.30	1.00	cube	sweepctr	-	3	2	2	1:1:740 2:01:230 1:1:89
1RB0LD_0LC1RA_1LA1LC_0RD0RB	199	429	927	0.334	0.336	0.000	L	44198.93	1.00	cube	sweepctr	-	3	2	2	1:1:576 2:01:80 1:1:269
1RB0LD_0LC1RA_1LA1LC_0RD1LA	227	491	1061	0.335	0.336	0.000	L	54391.10	1.00	cube	sweepctr	-	3	2	2	1:1:56 2:01:560 1:1:443
1RB0LD_0LC1RA_1LD1LC_0RA1LA	228	494	1062	0.334	0.334	0.336	LR	1.00	1.00	cube	sweepctr	-	3	2	2	1:1:578 2:01:388 1:1:94
1RB0LD_0LC1RA_1LD1LC_0RD1LA	227	491	1061	0.335	0.336	0.000	L	38850.79	1.00	cube	sweepctr	-	3	2	2	1:1:230 2:01:384 1:1:445
1RB0LD_0LC1RA_1RA1LC_0RA1LA	229	493	1061	0.333	0.334	0.000	L	30159.17	1.00	cube	sweepctr	-	3	2	2	1:1:566 2:01:406 1:1:87
1RB0LD_0LC1RA_1RA1LC_0RD1LA	227	491	1061	0.335	0.336	0.000	L	30216.72	1.00	cube	sweepctr	-	3	2	2	1:1:488 2:01:134 1:1:437
1RB0LD_0LC1RA_1RB1LC_0RA1LA	228	494	1062	0.334	0.334	0.336	LR	1.00	1.00	cube	sweepctr	-	3	2	2	1:1:392 2:01:576 1:1:92
1RB0LD_0LC1RA_1RB1LC_0RC1LA	228	494	1062	0.334	0.334	0.336	LR	1.00	1.00	cube	sweepctr	-	3	2	2	1:1:392 2:01:576 1:1:92
1RB0LD_0LC1RA_1RB1LC_0RD1LA	228	492	1062	0.334	0.334	0.336	LR	1.00	1.00	cube	sweepctr	-	3	2	2	1:1:300 2:01:314 1:1:446
1RB0LD_0LC1RA_1RD1LC_0RA1LA	228	494	1062	0.334	0.334	0.336	LR	1.00	1.00	cube	sweepctr	-	3	2	2	1:1:578 2:01:388 1:1:94
1RB0LD_0LC1RA_1RD1LC_0RD1LA	228	492	1062	0.334	0.334	0.336	LR	1.00	1.00	cube	sweepctr	-	3	2	2	1:1:190 2:01:418 1:1:452
1RB0LD_0LC1RB_0LD1LC_1RD0RA	181	391	843	0.334	0.335	0.335	LR	1.00	1.99	cube	sweepctr	-	2	1	2	1:1:445 1:1:396
1RB0LD_0LC1RB_0RC1LA_1RC0LD	20	23	27	0.065	0.071	0.000	L	2.00	1.92	log	counter	-	0	0	27	-
1RB0LD_0LC1RB_1LA0RB_1RD1RC	189	408	877	0.333	0.335	0.333	LR	1.00	1.34	cube	sweepctr	-	2	1	2	1:1:489 1:1:386
1RB0LD_0LC1RB_1RA1LC_0RB1RD	181	391	843	0.334	0.335	0.335	LR	1.00	1.00	cube	sweepctr	-	2	1	2	1:1:228 1:1:613
1RB0LD_0LC1RC_1LA1RC_0RA1LD	144	310	669	0.334	0.000	0.336	R	1.00	2.00	cube	sweepctr	-	2	1	2	1:1:498 1:1:169
1RB0LD_0LC1RC_1RD1LD_1LA0RB	1239	3889	12267	0.498	0.057	0.501	LR	15276.50	0.01	sqrt	bouncer_part	sqrt+log	6	1	29	3:011:38 3:011:146 3:011:576 3:011:2298 3:011:1880 3:011:7300
1RB0LD_0LC1RD_1LA0LD_1LB0RD	1293	4081	12909	0.500	0.499	0.501	LR	6.54	0.48	sqrt	bouncer_part	sqrt+sqrt	3	3	6	7:0111111:23 5:01111:4738 5:01011:8142
1RB0LD_0RC0LC_1LD0RB_1LD1RA	34	42	48	0.075	0.000	0.077	R	32765.50	1.00	log	counter	-	0	0	48	-
1RB0LD_0RC0LC_1RD1RA_1LA0RC	187416	1874916	18749916	1.000	0.000	1.000	R	1.00	0.00	lin	linear	-	-	-	-	wide
1RB0LD_0RC0RA_1LC0LA_1LA1RC	1986	5288	15024	0.439	0.440	0.000	L	14088.50	0.00	sqrt	bouncer_part	sqrt+fix	4	1	29	2:01:10692 2:01:3411 2:01:875 2:01:17
1RB0LD_0RC0RB_1LC1RA_0LA1LA	42662	426548	4265414	1.000	0.000	1.000	R	1.00	0.00	lin	linear	-	-	-	-	wide
1RB0LD_0RC0RB_1LD1RA_1LC1LA	1587	5020	15877	0.500	0.501	0.500	LR	1.40	0.72	sqrt	bouncer	sqrt+sqrt	2	2	4	11:00000101011:1389 11:01011111111:14484
1RB0LD_0RC0RC_1LC1LA_0RA1LD	189	408	877	0.333	0.333	0.335	LR	1.00	1.33	cube	sweepctr	-	3	1	3	1:1:27 1:1:355 1:1:492
1RB0LD_0RC1LA_1LA0RB_0LD1RB	35	41	49	0.073	0.000	0.075	R	40958.50	0.98	log	counter	-	0	0	49	-
1RB0LD_0RC1LA_1LA0RC_0LD1RB	19	23	26	0.068	0.000	0.071	R	2.00	1.88	log	counter	-	0	0	26	-
1RB0LD_0RC1LA_1LB1RC_0RC1LD	229	493	1063	0.333	0.336	0.333	LR	1.00	1.00	cube	sweepctr	-	2	1	2	1:1:871 1:1:190
1RB0LD_0RC1LB_1LA1RC_0LA1LB	209	449	965	0.332	0.335	0.329	LR	62377.79	0.67	cube	sweepctr	-	2	1	2	1:1:399 1:1:564
1RB0LD_0RC1LB_1LA1RC_0RA1LB	145	311	670	0.332	0.000	0.335	R	1.00	1.99	cube	sweepctr	-	2	1	2	1:1:504 1:1:164
1RB0LD_0RC1LB_1LA1RC_0RC1LB	183	391	843	0.332	0.335	0.331	LR	1.00	1.00	cube	sweepctr	-	2	1	2	1:1:157 1:1:684
1RB0LD_0RC1LB_1LA1RC_1RA1LB	183	391	843	0.332	0.335	0.331	LR	1.00	1.00	cube	sweepctr	-	2	1	2	1:1:157 1:1:684
1RB0LD_0RC1LD_1LA1RC_0RC1LB	183	391	843	0.332	0.335	0.331	LR	1.00	1.00	cube	sweepctr	-	2	1	2	1:1:157 1:1:684
1RB0LD_0RC1RA_1LC0LA_0RA1LD	36	42	48	0.062	0.066	0.062	LR	2.00	0.96	log	counter	-	1	1	31	8:01011111:17
1RB0LD_0RC1RA_1RD0RD_1LA0LB	1232	3508	11908	0.493	0.077	0.495	LR	22464.50	0.01	sqrt	bouncer_part	sqrt+log	3	2	0	6:011111:3445 3:011:4276 3:011:4187
1RB0LD_0RC1RA_1RD1RB_1LA0LB	2454	6138	20380	0.460	0.000	0.460	R	1.00	0.00	sqrt	bouncer_part	sqrt+fix	2	2	15	1:1:1405 2:01:18960
1RB0LD_0RC1RB_1LC0LA_0RB1LD	227	492	1060	0.335	0.337	0.334	LR	1.00	1.00	cube	sweepctr	-	2	1	3	1:1:419 1:1:638
1RB0LD_0RC1RB_1LC1LA_0RA0LC	53	62	71	0.063	0.062	0.066	LR	28668.50	0.64	log	counter	-	3	3	10	6:001111:24 1:1:19 9:001111111:18
1RB0LD_0RC1RB_1LC1LA_0RB0LC	50	62	71	0.076	0.075	0.079	LR	32763.50	0.64	log	counter	-	1	1	55	6:001111:16
1RB0LD_0RC1RB_1RD0RD_1LA0RC	187416	1874916	18749916	1.000	0.000	1.000	R	0.67	0.00	lin	linear	-	-	-	-	wide
1RB0LD_0RC1RB_1RD1RA_1LA0RC	214192	2142764	21428478	1.000	0.000	1.000	R	1.00	0.00	lin	linear	-	-	-	-	wide
1RB0LD_0RC1RC_1LA1RB_1LA1LD	1743	5492	17340	0.499	0.501	0.065	LR	8650.50	0.01	sqrt	bouncer_part	sqrt+log	11	2	17	1:1:8659 1:1:4329 1:1:2166 1:1:1082 1:1:543 1:1:271 1:1:137 1:1:68 1:1:35 1:1:17 6:011111:16
1RB0LD_1LB0RC_0RD1RC_1LD0LA	36	42	48	0.062	0.000	0.064	R	24574.50	1.00	log	counter	-	0	0	48	-
1RB0LD_1LB0RC_1LA1RD_1RC0LA	36	42	48	0.062	0.000	0.064	R	24574.50	1.00	log	counter	-	1	1	31	8:00000101:17
1RB0LD_1LB0RC_1LC1LA_0RA1LD	189	408	877	0.333	0.333	0.335	LR	1.00	1.33	cube	sweepctr	-	2	1	2	1:1:386 1:1:489
1RB0LD_1LB1LC_1LA1RC_0RA1LD	207	447	963	0.334	0.335	0.334	LR	233.62	0.67	cube	sweepctr	-	2	1	2	1:1:388 1:1:573
1RB0LD_1LB1LC_1RD0LA_1RA0RB	58148	581402	5813962	1.000	1.000	0.000	L	0.58	0.00	lin	linear	-	-	-	-	wide
1RB0LD_1LB1RC_1LA1RC_0RA1LD	144	310	669	0.334	0.000	0.336	R	1.00	2.00	cube	sweepctr	-	2	1	2	1:1:495 1:1:172
1RB0LD_1LC0RA_0LD0LC_1LA1LB	214289	2142862	21428577	1.000	1.000	0.000	L	1.00	0.00	lin	linear	-	-	-	-	wide
1RB0LD_1LC0RA_0LD0RD_1LA1LB	187502	1875002	18750002	1.000	1.000	0.000	L	1.00	0.00	lin	linear	-	-	-	-	wide
1RB0LD_1LC0RA_0LD1LC_1LA1LB	214290	2142860	21428576	1.000	1.000	0.000	L	1.00	0.00	lin	linear	-	-	-	-	wide
1RB0LD_1LC0RA_1LA1LC_1RA0LC	1430	4492	14164	0.498	0.501	0.060	LR	10591.50	0.01	sqrt	bouncer_part	sqrt+log	10	1	46	1:1:6115 1:1:956 1:1:3534 1:1:1769 1:1:885 1:1:443 1:1:220 1:1:110 1:1:57 1:1:29
1RB0LD_1LC0RA_1LA1RC_1LA0LD	1422	4482	14153	0.499	0.501	0.052	LR	14123.50	0.01	sqrt	bouncer_part	sqrt+log	2	1	14	2:01:1944 2:01:12195
1RB0LD_1LC0RA_1LD1LC_1LA0LB	170737	1707322	17073176	1.000	1.000	0.000	L	1.00	0.00	lin	linear	-	-	-	-	wide
1RB0LD_1LC0RA_1LD1RC_1LA0LD	1422	4482	14153	0.499	0.501	0.052	LR	14123.50	0.01	sqrt	bouncer_part	sqrt+log	2	1	14	2:01:1944 2:01:12195
1RB0LD_1LC0RB_0LC1LD_0RA---	19	23	26	0.068	0.000	0.075	R	2.00	1.88	log	counter	-	0	0	26	-
1RB0LD_1LC0RB_0LC1LD_1RA0RA	19	23	26	0.068	0.000	0.075	R	2.00	1.88	log	counter	-	0	0	26	-
1RB0LD_1LC0RB_0RA0LC_1LD1RA	18	22	25	0.071	0.000	0.079	R	2.00	1.88	log	counter	-	0	0	25	-
1RB0LD_1LC0RB_1RC1LA_0LD0RA	20	23	26	0.057	0.000	0.062	R	2.00	1.88	log	counter	-	0	0	26	-
1RB0LD_1LC0RB_1RC1LA_1LD1RB	182	390	842	0.333	0.335	0.333	LR	1.00	1.00	cube	sweepctr	-	3	2	2	1:0:96 1:1:51 1:1:693
1RB0LD_1LC0RC_0RB1RA_1LA1LD	37	43	49	0.061	0.066	0.000	L	24574.50	1.00	log	counter	-	1	1	33	8:00000101:16
1RB0LD_1LC0RC_1LC1LA_0RA1LD	189	408	878	0.334	0.334	0.335	LR	1.00	1.33	cube	sweepctr	-	2	1	2	1:1:636 1:1:240
1RB0LD_1LC0RD_0LC1LD_0RB1RA	37	43	51	0.070	0.000	0.073	R	40958.50	0.04	log	counter	-	0	0	51	-
1RB0LD_1LC0RD_1LA0LB_1RB0RD	1435	4497	14171	0.497	0.056	0.501	LR	14120.50	0.00	sqrt	bouncer_part	sqrt+log	3	2	8	12:000100100011:26 2:01:1959 2:01:12178
1RB0LD_1LC0RD_1LA0LB_1RB1RA	1751	5503	17355	0.498	0.082	0.502	LR	8644.50	0.01	sqrt	bouncer_part	sqrt+log	12	2	42	8:00101101:18 2:01:16 2:01:35 2:01:69 2:01:137 2:01:270 2:01:540 2:01:1083 2:01:2165 2:01:4326 2:01:5837 2:01:2817
1RB0LD_1LC0RD_1LA0LC_1RB0RD	1242	3893	12270	0.497	0.052	0.501	LR	16295.50	0.00	sqrt	bouncer_part	sqrt+log	2	2	28	3:001:5357 3:011:6885
1RB0LD_1LC0RD_1LA1RD_1LB1RC	1002	3165	10000	0.500	0.499	0.500	LR	1.00	0.71	sqrt	bouncer	sqrt+sqrt	2	1	5	1:1:3325 1:1:6670
1RB0LD_1LC1LC_1LA1RC_0RA1LD	143	309	668	0.335	0.000	0.337	R	1.00	2.00	cube	sweepctr	-	2	1	2	1:1:487 1:1:179
1RB0LD_1LC1RA_---1LA_0RA1LD	32	39	45	0.074	0.069	0.083	LR	2.00	1.93	log	counter	-	1	1	26	4:0111:19
1RB0LD_1LC1RA_---1LD_0RA0LC	21	23	27	0.055	0.000	0.060	R	16383.50	0.96	log	counter	-	0	0	27	-
1RB0LD_1LC1RA_0LC1LD_0RA0RB	33	39	47	0.077	0.000	0.081	R	40958.50	0.98	log	counter	-	0	0	47	-
1RB0LD_1LC1RA_0LD1LC_0RA1LA	226	492	1060	0.336	0.336	0.337	LR	1.00	2.00	cube	sweepctr	-	3	2	1	1:1:670 2:01:298 1:1:91
1RB0LD_1LC1RA_0LD1LC_0RD1LA	226	490	1060	0.336	0.336	0.337	LR	1.00	2.00	cube	sweepctr	-	3	2	1	1:1:296 2:01:318 1:1:445
1RB0LD_1LC1RA_0RA1LC_0RA1LA	227	493	1061	0.335	0.000	0.336	R	271440.50	1.00	cube	sweepctr	-	3	2	1	1:1:48 2:01:918 1:1:94
1RB0LD_1LC1RA_0RA1LC_0RD1LA	227	491	1061	0.335	0.000	0.336	R	271960.50	1.00	cube	sweepctr	-	3	2	1	1:1:498 2:01:112 1:1:450
1RB0LD_1LC1RA_0RA1LD_0RD0LC	21	23	27	0.055	0.000	0.060	R	16383.50	0.96	log	counter	-	0	0	27	-
1RB0LD_1LC1RA_0RB1LC_0RA1LA	228	492	1060	0.334	0.334	0.335	LR	1.00	2.00	cube	sweepctr	-	3	2	1	1:1:848 2:01:122 1:1:89
1RB0LD_1LC1RA_0RB1LC_0RC1LA	228	492	1062	0.334	0.332	0.336	LR	1.00	1.25	cube	sweepctr	-	3	2	2	1:1:21 2:01:788 1:1:251
1RB0LD_1LC1RA_0RB1LC_0RD1LA	226	490	1060	0.336	0.336	0.337	LR	1.00	2.00	cube	sweepctr	-	3	2	1	1:1:226 2:01:394 1:1:439
1RB0LD_1LC1RA_0RB1LC_1RC1LA	1155	3648	11526	0.500	0.504	0.086	LR	1.25	0.02	sqrt	bouncer_part	sqrt+log	3	2	0	1:1:2646 2:01:2136 1:1:6744
1RB0LD_1LC1RA_0RD1LC_0RA1LA	226	492	1060	0.336	0.336	0.337	LR	1.00	2.00	cube	sweepctr	-	3	2	1	1:1:670 2:01:298 1:1:91
1RB0LD_1LC1RA_0RD1LC_0RC1LA	226	490	1060	0.336	0.336	0.337	LR	1.00	2.00	cube	sweepctr	-	3	2	1	1:1:470 2:01:146 1:1:443
1RB0LD_1LC1RA_0RD1LC_0RD1LA	226	490	1060	0.336	0.336	0.337	LR	1.00	2.00	cube	sweepctr	-	3	2	1	1:1:470 2:01:146 1:1:443
1RB0LD_1LC1RA_1LA1LC_0RA1LA	289	621	1337	0.333	0.332	0.334	LR	84239.70	0.50	cube	sweepctr	-	3	2	1	1:1:300 2:01:832 1:1:204
1RB0LD_1LC1RA_1LA1LC_0RD1LA	285	621	1337	0.336	0.335	0.337	LR	84369.10	0.50	cube	sweepctr	-	3	2	1	1:1:624 2:01:290 1:1:422
1RB0LD_1LC1RA_1LD1LC_0RA1LA	226	492	1060	0.336	0.336	0.337	LR	1.00	2.00	cube	sweepctr	-	3	2	1	1:1:388 2:01:580 1:1:91
1RB0LD_1LC1RA_1LD1LC_0RD1LA	285	621	1337	0.336	0.335	0.337	LR	60263.64	0.50	cube	sweepctr	-	3	2	1	1:1:42 2:01:872 1:1:422
1RB0LD_1LC1RA_1RA1LC_0RA1LA	289	621	1337	0.333	0.332	0.334	LR	46799.39	0.50	cube	sweepctr	-	3	2	1	1:1:630 2:01:504 1:1:202
1RB0LD_1LC1RA_1RA1LC_0RD1LA	285	621	1337	0.336	0.335	0.337	LR	46871.17	0.50	cube	sweepctr	-	3	2	1	1:1:796 2:01:120 1:1:420
1RB0LD_1LC1RA_1RB1LC_0RA1LA	227	492	1060	0.335	0.336	0.335	LR	1.00	2.00	cube	sweepctr	-	3	2	1	1:1:210 2:01:760 1:1:89
1RB0LD_1LC1RA_1RB1LC_0RC1LA	227	492	1060	0.335	0.336	0.335	LR	1.00	2.00	cube	sweepctr	-	3	2	1	1:1:210 2:01:760 1:1:89
1RB0LD_1LC1RA_1RB1LC_0RD1LA	226	490	1060	0.336	0.336	0.337	LR	1.00	2.00	cube	sweepctr	-	3	2	1	1:1:586 2:01:30 1:1:443
1RB0LD_1LC1RA_1RD1LC_0RA1LA	226	492	1060	0.336	0.336	0.337	LR	1.00	2.00	cube	sweepctr	-	3	2	1	1:1:388 2:01:580 1:1:91
1RB0LD_1LC1RA_1RD1LC_0RD1LA	226	490	1060	0.336	0.336	0.337	LR	1.00	2.00	cube	sweepctr	-	3	2	1	1:1:126 2:01:486 1:1:447
1RB0LD_1LC1RB_---1LA_0RB1LD	229	493	1063	0.333	0.334	0.334	LR	1.00	1.00	cube	sweepctr	-	2	1	2	1:1:867 1:1:194
1RB0LD_1LC1RB_0RB1LD_0RA0LC	33	40	47	0.077	0.000	0.081	R	1.43	1.93	log	counter	-	0	0	47	-
1RB0LD_1LC1RB_1LA0RA_0RB1LD	227	491	1061	0.335	0.336	0.336	LR	1.00	1.00	cube	sweepctr	-	2	1	2	1:1:863 1:1:196
1RB0LD_1LC1RC_1LA0RC_---0LA	34	42	48	0.075	0.000	0.077	R	10921.83	1.00	log	counter	-	0	0	48	-
1RB0LD_1LC1RC_1LA1RC_0RA1LD	144	310	669	0.334	0.000	0.336	R	1.00	2.00	cube	sweepctr	-	2	1	2	1:1:495 1:1:172
1RB0LD_1LC1RC_1LA1RC_0RB1LD	208	448	967	0.334	0.336	0.332	LR	233.88	0.67	cube	sweepctr	-	2	1	2	1:1:883 1:1:82
1RB0LD_1LC1RD_0RA0LC_1LB0RD	26	31	36	0.071	0.000	0.076	R	1.62	1.86	log	counter	-	1	1	20	5:01011:16
1RB0LD_1LC1RD_1LA0RC_0LA1LC	46	56	67	0.082	0.088	0.000	L	1.00	1.30	log	counter	-	2	2	23	6:001101:26 3:001:18
1RB0LD_1RC---_1LA0RB_0LA0RD	35	41	49	0.073	0.000	0.075	R	40958.50	0.98	log	counter	-	0	0	49	-
1RB0LD_1RC---_1LA1RA_0RA0LD	52	61	70	0.065	0.000	0.067	R	1.00	0.65	log	counter	-	2	2	29	1:0:20 3:001:21
1RB0LD_1RC---_1LA1RA_0RB0LD	51	60	72	0.075	0.000	0.077	R	1.00	0.69	log	counter	-	1	1	52	9:000001001:20
1RB0LD_1RC---_1LA1RB_0RA0LD	36	42	50	0.071	0.000	0.075	R	40958.50	0.96	log	counter	-	0	0	50	-
1RB0LD_1RC---_1LD1RB_0RA0LA	36	42	50	0.071	0.000	0.075	R	40958.50	0.96	log	counter	-	0	0	50	-
1RB0LD_1RC0LA_1LD0RB_1LB1LD	1428	4490	14162	0.498	0.501	0.055	LR	10591.50	0.01	sqrt	bouncer_part	sqrt+log	10	1	47	1:1:3479 1:1:3591 1:1:3535 1:1:1766 1:1:885 1:1:443 1:1:220 1:1:110 1:1:57 1:1:29
1RB0LD_1RC0LA_1RD0RA_1LB0RB	259262	2592596	25925929	1.000	0.000	1.000	R	1.00	0.00	lin	linear	-	-	-	-	wide
1RB0LD_1RC0RA_0LA0RB_1LA1LB	287	619	1335	0.334	0.336	0.331	LR	0.00	1.00	cube	sweepctr	-	3	1	1	2:01:203 2:01:497 2:01:634
1RB0LD_1RC0RA_1LA0LC_1LC1RC	1604	5346	17872	0.523	0.526	0.100	LR	14705.50	0.01	sqrt	bouncer_part	sqrt+log	3	1	1	2:01:6755 2:01:7976 2:01:3140
1RB0LD_1RC0RA_1LA0RA_0LA1LD	1604	5028	15843	0.497	0.501	0.059	LR	11840.50	0.01	sqrt	bouncer_part	sqrt+log	6	2	41	3:011:8476 3:001:3379 3:001:2967 3:001:744 3:001:187 3:001:49
1RB0LD_1RC0RA_1LA0RA_1LA1LC	1437	4501	14174	0.497	0.501	0.065	LR	14118.50	0.01	sqrt	bouncer_part	sqrt+log	2	1	35	2:01:12141 2:01:1998
1RB0LD_1RC0RA_1LA0RC_1LA0LD	1448	4513	14190	0.496	0.501	0.064	LR	14118.50	0.01	sqrt	bouncer_part	sqrt+log	2	1	55	2:01:9136 2:01:4999
1RB0LD_1RC0RA_1LA0RD_1LA0LD	1435	4497	14171	0.497	0.501	0.058	LR	14118.50	0.00	sqrt	bouncer_part	sqrt+log	3	2	8	2:01:12185 2:01:1952 12:000100100011:26
1RB0LD_1RC0RA_1LA0RD_1LA1LC	1751	5505	17355	0.498	0.502	0.084	LR	8644.50	0.01	sqrt	bouncer_part	sqrt+log	12	2	41	2:01:5861 2:01:2791 2:01:4329 2:01:2165 2:01:1083 2:01:540 2:01:270 2:01:137 2:01:69 2:01:35 2:01:16 8:00101101:18
1RB0LD_1RC0RA_1LA1LC_1RA0LB	1359	4297	13587	0.500	0.500	0.500	LR	0.06	0.85	sqrt	bouncer	sqrt+sqrt	2	1	1	1:1:7465 1:1:6121
1RB0LD_1RC0RA_1LA1RA_1LA0LD	1438	4502	14175	0.497	0.501	0.059	LR	14118.50	0.01	sqrt	bouncer_part	sqrt+log	3	2	6	2:01:12157 2:01:1980 15:000000001001001:32
1RB0LD_1RC0RA_1LA1RA_1LA1LC	1437	4501	14174	0.497	0.501	0.065	LR	14118.50	0.01	sqrt	bouncer_part	sqrt+log	2	1	36	2:01:2026 2:01:12112
1RB0LD_1RC0RA_1LA1RB_0LA1LD	1637	5171	16339	0.500	0.501	0.088	LR	10872.50	0.00	sqrt	bouncer_part	sqrt+log	8	2	15	4:0111:7467 4:0011:3419 4:0011:3628 4:0011:1210 4:0011:405 4:0011:133 4:0011:46 4:0011:16
1RB0LD_1RC0RA_1LA1RB_1LA0LD	1431	4493	14165	0.498	0.501	0.057	LR	14122.50	0.01	sqrt	bouncer_part	sqrt+log	3	2	5	2:01:1962 2:01:12177 10:0000010101:21
1RB0LD_1RC0RA_1LA1RC_1LA0LD	1422	4482	14153	0.499	0.501	0.052	LR	14122.50	0.01	sqrt	bouncer_part	sqrt+log	2	1	14	2:01:12201 2:01:1938
1RB0LD_1RC0RA_1LD0LA_1LA1LC	142852	1428567	14285709	1.000	1.000	0.000	L	0.60	0.00	lin	linear	-	-	-	-	wide
1RB0LD_1RC0RA_1LD0RD_1LA0LD	1435	4497	14171	0.497	0.501	0.058	LR	14118.50	0.00	sqrt	bouncer_part	sqrt+log	3	2	8	2:01:12185 2:01:1952 12:000100100011:26
1RB0LD_1RC0RA_1LD1RA_1LA0LA	74296	742867	7428581	1.000	1.000	0.000	L	0.20	0.00	lin	linear	-	-	-	-	wide
1RB0LD_1RC0RA_1LD1RA_1LA0LD	1438	4502	14175	0.497	0.501	0.059	LR	14118.50	0.01	sqrt	bouncer_part	sqrt+log	3	2	6	2:01:12157 2:01:1980 15:000000001001001:32
1RB0LD_1RC0RA_1LD1RB_1LA0LA	1431	4493	14165	0.498	0.501	0.057	LR	14122.50	0.01	sqrt	bouncer_part	sqrt+log	3	2	5	2:01:1962 2:01:12177 10:0000010101:21
1RB0LD_1RC0RA_1LD1RB_1LA0LD	1431	4493	14165	0.498	0.501	0.057	LR	14122.50	0.01	sqrt	bouncer_part	sqrt+log	3	2	5	2:01:1962 2:01:12177 10:0000010101:21
1RB0LD_1RC0RA_1LD1RC_1LA0LD	1422	4482	14153	0.499	0.501	0.052	LR	14122.50	0.01	sqrt	bouncer_part	sqrt+log	2	1	14	2:01:12201 2:01:1938
1RB0LD_1RC0RB_0LA0RD_1LA1RD	966	3061	9580	0.498	0.079	0.511	LR	0.57	0.02	sqrt	bouncer_part	sqrt+log	17	3	28	14:00011101101011:28 5:01011:16 5:01011:25 5:00011:34 5:01011:50 5:00011:74 5:01011:110 5:00011:154 5:01011:225 5:01011:336 5:00011:485 5:01011:710 5:01011:845 5:01011:205 5:01011:1525 5:01011:2248 5:01011:2482
1RB0LD_1RC0RB_1LA0LA_1LD0RC	21	23	27	0.055	0.000	0.057	R	16383.50	0.96	log	counter	-	0	0	27	-
1RB0LD_1RC0RB_1LA0LB_0LD0RC	20	23	26	0.057	0.000	0.060	R	2.00	1.80	log	counter	-	0	0	26	-
1RB0LD_1RC0RB_1LA0RC_1LA0LD	1998	6325	19998	0.500	0.500	0.500	LR	9979.50	0.62	sqrt	bouncer	sqrt+sqrt	1	1	12497	3:011:7501
1RB0LD_1RC0RB_1LA0RC_1RC1LD	1010	3174	10014	0.498	0.080	0.500	LR	19961.50	0.01	sqrt	bouncer_part	sqrt+log	1	1	21	1:0:9993
1RB0LD_1RC0RB_1LA0RD_1LA0LD	1241	3892	12269	0.498	0.501	0.052	LR	16299.50	0.00	sqrt	bouncer_part	sqrt+log	3	3	8	3:011:4875 3:001:7366 9:000100101:20
1RB0LD_1RC0RB_1LA1LB_0LD0RC	35	41	47	0.064	0.000	0.066	R	28668.50	0.98	log	counter	-	1	1	23	12:000100010101:24
1RB0LD_1RC0RB_1LA1RA_1LD1LA	44526	445121	4451054	1.000	0.000	1.000	R	1.00	0.00	lin	linear	-	-	-	-	wide
1RB0LD_1RC0RB_1LD0RA_1LA0LC	1915	6051	19147	0.500	0.500	0.500	LR	1.00	0.44	sqrt	bouncer_part	sqrt+sqrt	3	2	1	2:01:5666 2:01:1296 14:00101001010101:12184
1RB0LD_1RC0RB_1LD0RD_1LA0LD	1241	3892	12269	0.498	0.501	0.052	LR	16299.50	0.00	sqrt	bouncer_part	sqrt+log	3	3	8	3:011:4875 3:001:7366 9:000100101:20
1RB0LD_1RC0RC_0LA0RA_1RA1LA	59	71	84	0.077	0.081	0.069	LR	1.00	1.47	log	counter	-	2	2	34	12:011101111111:31 1:1:19
1RB0LD_1RC0RC_0LA0RB_1LA1RD	296	630	1350	0.330	0.324	0.337	LR	420763.50	0.51	cube	sweepctr	-	8	1	34	2:01:19 2:01:37 2:01:73 2:01:146 2:01:290 2:01:141 2:01:438 2:01:172
1RB0LD_1RC0RC_1LA1RB_0LC0LD	1242	3892	12270	0.497	0.501	0.057	LR	1.00	0.01	sqrt	bouncer_part	sqrt+log	3	3	9	1:1:6542 1:0:5703 2:01:16
1RB0LD_1RC0RD_1LA0RA_0LA1LD	1427	4488	14161	0.498	0.501	0.069	LR	14120.50	0.00	sqrt	bouncer_part	sqrt+log	2	2	21	3:011:9790 3:001:4350
1RB0LD_1RC1LA_0LA0RA_1RB1LD	1420	4480	14151	0.499	0.501	0.052	LR	3529.83	0.01	sqrt	bouncer_part	sqrt+log	9	1	45	1:1:7069 1:1:3534 1:1:1767 1:1:883 1:1:441 1:1:220 1:1:110 1:1:55 1:1:27
1RB0LD_1RC1LB_1RD0RC_1LA0RC	1422	4482	14153	0.499	0.048	0.501	LR	14121.50	0.01	sqrt	bouncer_part	sqrt+log	2	1	14	2:01:12164 2:01:1975
1RB0LD_1RC1LC_1LA1RC_0RA1LD	143	309	668	0.335	0.000	0.337	R	1.00	1.99	cube	sweepctr	-	2	1	2	1:1:486 1:1:180
1RB0LD_1RC1LD_0LA0RC_1RA1LB	54	66	76	0.074	0.078	0.000	L	102409.17	0.99	log	counter	-	0	0	76	-
1RB0LD_1RC1LD_1LA0RD_1RA1LB	1002	3165	10000	0.500	0.500	0.499	LR	0.83	0.71	sqrt	bouncer	sqrt+sqrt	2	1	5	1:1:6669 1:1:3326
1RB0LD_1RC1RA_0LA0LD_0RA1LC	228	494	1062	0.334	0.336	0.000	L	54287.50	1.00	cube	sweepctr	-	3	2	2	1:1:140 2:01:827 2:01:93
1RB0LD_1RC1RA_0LA0RB_1LA0RB	227	491	1061	0.335	0.337	0.334	LR	1.00	2.00	cube	sweepctr	-	3	2	1	1:1:450 2:01:580 2:01:30
1RB0LD_1RC1RA_0LA0RC_1LB1LD	55	65	77	0.073	0.077	0.000	L	337951.50	0.97	log	counter	-	0	0	77	-
1RB0LD_1RC1RA_1LA0LD_0RA1LC	286	618	1338	0.335	0.335	0.336	LR	84499.30	1.00	cube	sweepctr	-	3	2	1	1:1:102 2:01:521 2:01:714
1RB0LD_1RC1RA_1LA0RA_0LA1LD	1428	4489	14159	0.498	0.501	0.035	LR	14120.50	0.00	sqrt	bouncer_part	sqrt+log	2	2	19	3:011:10654 3:001:3486
1RB0LD_1RC1RA_1LA0RA_0RC0LC	2121	6712	21219	0.500	0.062	0.502	LR	1.00	0.01	sqrt	bouncer_part	sqrt+log	12	3	3	8:01101111:16 3:011:24 3:011:44 3:011:87 3:011:167 3:011:331 3:011:665 3:011:1329 3:011:2651 3:011:5299 3:011:6807 3:001:3796
1RB0LD_1RC1RA_1LA0RB_1RC1LB	1105	3483	11003	0.499	0.499	0.499	LR	4692.94	0.39	sqrt	bouncer_part	sqrt+sqrt	3	3	5	5:01011:19 14:01011010111011:8479 14:00110111101111:2500
1RB0LD_1RC1RA_1LA1RA_0RB1LD	37	43	52	0.074	0.000	0.077	R	1.00	0.65	log	counter	-	0	0	52	-
1RB0LD_1RC1RA_1LA1RA_0RC1LD	37	43	52	0.074	0.000	0.077	R	1.00	0.65	log	counter	-	0	0	52	-
1RB0LD_1RC1RA_1LD0RA_1LB1LA	1428	4518	14290	0.500	0.500	0.500	LR	1.00	1.53	sqrt	bouncer	sqrt+sqrt	2	2	1	7:0111111:4265 7:0010101:10024
1RB0LD_1RC1RB_0LA0RA_1RA1LA	59	72	85	0.079	0.085	0.069	LR	1.00	1.48	log	counter	-	3	2	26	1:1:20 8:01111111:16 8:01111111:23
1RB0LD_1RC1RB_0LA0RC_1LB1LD	35	41	47	0.064	0.069	0.000	L	26620.50	1.87	log	counter	-	1	1	30	8:00000001:17
1RB0LD_1RC1RB_1LA0RA_0LA1LD	1427	4488	14161	0.498	0.501	0.069	LR	14120.50	0.00	sqrt	bouncer_part	sqrt+log	2	2	21	3:011:13783 3:001:357
1RB0LD_1RC1RB_1LA0RB_0LA1LC	947	2949	9287	0.496	0.500	0.052	LR	2.60	0.01	sqrt	bouncer_part	sqrt+log	2	1	32	3:011:7450 3:011:1805
1RB0LD_1RC1RB_1RD0RA_1LA0RC	170701	1707287	17073141	1.000	0.000	1.000	R	1.00	0.00	lin	linear	-	-	-	-	wide
1RB0LD_1RC1RC_1LA1RC_0RA1LD	144	310	669	0.334	0.000	0.336	R	1.00	1.99	cube	sweepctr	-	2	1	2	1:1:494 1:1:173
1RB0LD_1RC1RC_1RD0RC_1LA0RB	1787	5975	19781	0.522	0.095	0.523	LR	11786.50	0.01	sqrt	bouncer_part	sqrt+log	3	1	2	2:01:7966 2:01:11360 2:01:453
1RB0LD_1RC1RD_1LA1LD_1LC0RB	1429	4518	14288	0.500	0.500	0.500	LR	1.00	1.53	sqrt	bouncer	sqrt+sqrt	2	2	0	7:0010101:10022 7:0111111:4266
1RB0RA_0LB0LC_1LD---_1RA1LC	36	42	50	0.071	0.075	0.000	L	40958.50	0.98	log	counter	-	0	0	50	-
1RB0RA_0LB0LC_1RA1LD_1LC---	35	43	49	0.073	0.077	0.000	L	32766.50	1.00	log	counter	-	0	0	49	-
1RB0RA_0LC---_1LD0LC_1RA1LC	36	42	50	0.071	0.075	0.000	L	40958.50	0.98	log	counter	-	0	0	50	-
1RB0RA_0LC---_1LD0LD_1RA1LC	35	43	49	0.073	0.077	0.000	L	32766.50	1.00	log	counter	-	0	0	49	-
1RB0RA_0LC0RA_0LD1LC_1RA1LC	1017	3183	10025	0.497	0.073	0.501	LR	1.00	0.01	sqrt	bouncer_part	sqrt+log	1	1	27	2:01:9998
1RB0RA_0LC0RA_0LD1LC_1RA1RB	835	2604	8189	0.496	0.057	0.501	LR	1.00	0.01	sqrt	bouncer_part	sqrt+log	2	2	9	1:1:16 2:01:8164
1RB0RA_0LC0RA_1LD1RC_1RA1LB	1600	5024	15839	0.498	0.057	0.502	LR	11840.50	0.01	sqrt	bouncer_part	sqrt+log	6	2	42	3:001:49 3:001:187 3:001:744 3:001:2279 3:011:686 3:011:11852
1RB0RA_0LC0RA_1LD1RC_1RB1LB	1600	5024	15839	0.498	0.057	0.502	LR	11840.50	0.01	sqrt	bouncer_part	sqrt+log	6	2	42	3:001:49 3:001:187 3:001:744 3:001:2279 3:011:686 3:011:11852
1RB0RA_0LC0RA_1RA1LD_0LC1LB	1004	3166	10004	0.499	0.000	0.501	R	1.00	0.62	sqrt	bouncer	sqrt+fix	1	1	5	2:01:9999
1RB0RA_0LC0RA_1RA1LD_0LC1LC	1016	3182	10024	0.497	0.076	0.501	LR	1.00	0.01	sqrt	bouncer_part	sqrt+log	2	1	26	2:01:41 2:01:9957
1RB0RA_0LC0RA_1RA1LD_0LC1LD	1017	3183	10025	0.497	0.073	0.501	LR	1.00	0.01	sqrt	bouncer_part	sqrt+log	1	1	27	2:01:9998
1RB0RA_0LC0RA_1RA1LD_1LB0LA	1015	3180	10021	0.497	0.060	0.501	LR	1.00	0.00	sqrt	bouncer_part	sqrt+log	3	3	13	7:0010011:17 3:001:5515 3:011:4476
1RB0RA_0LC0RA_1RA1LD_1LB0LC	1013	3178	10019	0.498	0.069	0.501	LR	1.00	0.00	sqrt	bouncer_part	sqrt+log	2	2	20	3:001:7746 3:011:2253
1RB0RA_0LC0RA_1RA1LD_1LB0LD	1014	3180	10020	0.497	0.062	0.501	LR	1.00	0.00	sqrt	bouncer_part	sqrt+log	2	2	22	3:001:7798 3:011:2200
1RB0RA_0LC0RD_1LD1LB_1RA0LB	2285	7271	23033	0.502	0.502	0.000	L	1.00	0.64	sqrt	bouncer	sqrt+fix	3	3	7	10:0101011011:10333 10:0010010101:2467 2:01:10226
1RB0RA_0LC0RD_1RA0LD_1LC1RD	966	3061	9580	0.498	0.077	0.512	LR	0.57	0.02	sqrt	bouncer_part	sqrt+log	17	3	28	14:00011101101011:28 5:01011:16 5:01011:25 5:00011:34 5:01011:50 5:00011:74 5:01011:110 5:00011:154 5:01011:225 5:01011:336 5:00011:485 5:01011:710 5:01011:846 5:01011:204 5:01011:1525 5:01011:2248 5:01011:2482
1RB0RA_0LC1LA_1RA0LD_1LC---	36	42	48	0.062	0.066	0.000	L	24573.50	0.98	log	counter	-	0	0	48	-
1RB0RA_0LC1LD_1LA0LD_1LB1RA	66	78	94	0.077	0.079	0.000	L	1.00	0.49	log	counter	-	2	2	29	8:00000101:33 16:0000010101010101:32
1RB0RA_0LC1LD_1RA1LB_1LB1RA	833	2602	8187	0.496	0.060	0.501	LR	1.00	0.01	sqrt	bouncer_part	sqrt+log	3	1	8	2:01:16 2:01:3717 2:01:4446
1RB0RA_0LC1LD_1RA1LB_1LC1RA	834	2604	8189	0.496	0.057	0.501	LR	1.00	0.01	sqrt	bouncer_part	sqrt+log	2	2	9	3:011:16 2:01:8164
1RB0RA_0LC1LD_1RA1LD_1LB1RA	884	2759	8684	0.496	0.055	0.501	LR	1.00	0.01	sqrt	bouncer_part	sqrt+log	2	2	25	3:001:1072 3:011:7587
1RB0RA_0LC1LD_1RC1LD_1LB1RA	884	2759	8684	0.496	0.055	0.501	LR	1.00	0.01	sqrt	bouncer_part	sqrt+log	2	2	25	3:001:1072 3:011:7587
1RB0RA_0LC1RA_0LD1LC_1LA0LB	1248	3899	12281	0.497	0.052	0.502	LR	1697.61	0.01	sqrt	bouncer_part	sqrt+log	5	1	46	3:011:38 3:011:146 3:011:574 3:011:2297 3:011:9180
1RB0RA_0LC1RA_0LD1LC_1LA1LC	1596	5022	15835	0.498	0.052	0.502	LR	1315.28	0.01	sqrt	bouncer_part	sqrt+log	6	1	51	3:011:48 3:011:186 3:011:743 3:011:2962 3:011:10564 3:011:1281
1RB0RA_0LC1RA_0LD1LC_1LA1RB	1390	4356	13723	0.497	0.052	0.502	LR	1518.72	0.01	sqrt	bouncer_part	sqrt+log	6	2	23	16:0001101101101111:37 3:011:30 3:011:162 3:011:642 3:011:2567 3:011:10262
1RB0RA_0LC1RA_0LD1LC_1RA0LA	1040	3209	10052	0.493	0.049	0.502	LR	2850.07	0.01	sqrt	bouncer_part	sqrt+log	3	3	41	9:001110111:18 1:1:4621 2:01:5372
1RB0RA_0LC1RA_1LA0LD_1LB1LD	66	82	94	0.077	0.079	0.000	L	1.00	0.49	log	counter	-	3	1	30	8:00001111:24 8:00001111:24 8:00001111:16
1RB0RA_0LC1RA_1LA1LD_1LB1LD	1444	4510	14184	0.496	0.057	0.502	LR	2016.79	0.01	sqrt	bouncer_part	sqrt+log	3	3	17	16:0000000011111111:36 4:0011:12081 4:0111:2050
1RB0RA_0LC1RA_1LD1LC_0RB0LD	725	2258	7095	0.495	0.055	0.501	LR	1.00	0.01	sqrt	bouncer_part	sqrt+log	3	3	10	8:00000101:18 4:0011:1668 4:0111:5399
1RB0RA_0LC1RA_1RA1LD_1LB1LD	1436	4500	14173	0.497	0.057	0.501	LR	2016.64	0.01	sqrt	bouncer_part	sqrt+log	2	2	38	4:0011:12121 4:0111:2014
1RB0RA_0RC0LA_1LD0RB_0LD1LA	36	42	48	0.062	0.000	0.066	R	24574.50	0.96	log	counter	-	0	0	48	-
1RB0RA_0RC0LA_1LD0RC_0LD1LA	20	23	27	0.065	0.000	0.071	R	2.00	1.81	log	counter	-	0	0	27	-
1RB0RA_0RC0LD_1LD1RA_1LB0LD	1015	3181	10021	0.497	0.501	0.066	LR	1.00	0.00	sqrt	bouncer_part	sqrt+log	2	2	23	3:011:3888 3:001:6110
1RB0RA_0RC0RB_1LC0LD_1RA1LD	1423	4483	14154	0.499	0.057	0.500	LR	14123.50	0.01	sqrt	bouncer_part	sqrt+log	2	2	14	1:0:12198 1:1:1942
1RB0RA_0RC1LD_1LC0LA_0LC0RD	226	490	1058	0.335	0.338	0.334	LR	1.00	1.00	cube	sweepctr	-	3	2	1	1:1:81 1:0:527 1:1:449
1RB0RA_0RC1RC_1LD1RB_0LA0LB	924	3109	9827	0.513	0.000	0.514	R	1.00	0.00	sqrt	bouncer_part	sqrt+fix	3	1	15	1:1:6570 1:1:2865 1:1:377
1RB0RA_1LB1RC_1RA1LD_1LC0LD	79	99	114	0.080	0.079	0.082	LR	1.00	0.42	log	counter	-	3	1	59	6:000001:19 6:000001:18 6:000001:18
1RB0RA_1LC0LB_1LD1RC_1RA1LB	72	86	103	0.078	0.079	0.078	LR	1.00	0.45	log	counter	-	2	2	51	6:000001:20 12:000001001001:32
1RB0RA_1LC0RA_1LD0LB_1RA0LA	1435	4497	14171	0.497	0.056	0.501	LR	14120.50	0.00	sqrt	bouncer_part	sqrt+log	3	2	8	12:000100100011:26 2:01:1959 2:01:12178
1RB0RA_1LC0RA_1LD0LB_1RA1LB	1438	4502	14175	0.497	0.057	0.501	LR	14120.50	0.01	sqrt	bouncer_part	sqrt+log	3	2	4	15:000000001001001:37 2:01:1982 2:01:12152
1RB0RA_1LC0RA_1LD0LB_1RA1LC	1431	4493	14165	0.498	0.055	0.501	LR	14120.50	0.01	sqrt	bouncer_part	sqrt+log	3	2	3	10:0000010101:23 2:01:12172 2:01:1967
1RB0RA_1LC0RA_1LD0LB_1RA1LD	1422	4482	14153	0.499	0.048	0.501	LR	14120.50	0.01	sqrt	bouncer_part	sqrt+log	2	1	14	2:01:1945 2:01:12194
1RB0RA_1LC0RA_1LD0LB_1RB0LA	1435	4497	14171	0.497	0.056	0.501	LR	14120.50	0.00	sqrt	bouncer_part	sqrt+log	3	2	8	12:000100100011:26 2:01:1959 2:01:12178
1RB0RA_1LC0RA_1LD0LB_1RB0LD	1448	4513	14190	0.496	0.062	0.501	LR	14120.50	0.01	sqrt	bouncer_part	sqrt+log	3	2	26	14:00100110010101:32 2:01:4985 2:01:9147
1RB0RA_1LC0RA_1LD0LB_1RB1LB	1438	4502	14175	0.497	0.057	0.501	LR	14120.50	0.01	sqrt	bouncer_part	sqrt+log	3	2	4	15:000000001001001:37 2:01:1982 2:01:12152
1RB0RA_1LC0RA_1LD0LB_1RB1LC	1431	4493	14165	0.498	0.055	0.501	LR	14120.50	0.01	sqrt	bouncer_part	sqrt+log	3	2	3	10:0000010101:23 2:01:12172 2:01:1967
1RB0RA_1LC0RA_1LD0LB_1RB1LD	1422	4482	14153	0.499	0.048	0.501	LR	14120.50	0.01	sqrt	bouncer_part	sqrt+log	2	1	14	2:01:1945 2:01:12194
1RB0RA_1LC0RA_1LD0LC_1RA0LA	1242	3893	12270	0.497	0.052	0.501	LR	16295.50	0.00	sqrt	bouncer_part	sqrt+log	2	2	28	3:001:5357 3:011:6885
1RB0RA_1LC0RA_1LD0LC_1RB0LA	1242	3893	12270	0.497	0.052	0.501	LR	16295.50	0.00	sqrt	bouncer_part	sqrt+log	2	2	28	3:001:5357 3:011:6885
1RB0RA_1LC0RA_1LD0LC_1RB0LD	1999	6324	19999	0.500	0.500	0.500	LR	0.43	0.62	sqrt	bouncer	sqrt+sqrt	1	1	12496	3:011:7503
1RB0RA_1LC0RA_1RD0LB_1RA1LD	1422	4482	14153	0.499	0.048	0.501	LR	14121.50	0.01	sqrt	bouncer_part	sqrt+log	2	1	14	2:01:12188 2:01:1951
1RB0RA_1LC0RA_1RD0LB_1RB1LD	1422	4482	14153	0.499	0.048	0.501	LR	14121.50	0.01	sqrt	bouncer_part	sqrt+log	2	1	14	2:01:12188 2:01:1951
1RB0RA_1LC0RB_0LC0LD_1RA1LD	35	43	49	0.073	0.075	0.075	LR	2.00	0.98	log	counter	-	0	0	49	-
1RB0RA_1LC0RB_0LC1LD_1RD0LA	19	23	26	0.068	0.000	0.075	R	2.00	1.88	log	counter	-	0	0	26	-
1RB0RA_1LC0RB_0LC1RD_1LA1LD	20	23	27	0.065	0.000	0.075	R	2.00	1.88	log	counter	-	0	0	27	-
1RB0RA_1LC0RB_1LC0LD_1RA1LD	1009	3173	10013	0.498	0.073	0.500	LR	1.00	0.01	sqrt	bouncer_part	sqrt+log	2	2	15	1:0:9976 1:1:22
1RB0RA_1LC0RB_1RA0LD_1LC0LC	1985	6283	19795	0.499	0.497	0.502	LR	3.57	0.03	sqrt	bouncer_part	sqrt+sqrt	252	62	13506	12:000011101001:25 11:00001001011:23 9:000111011:18 8:00111011:19 8:00100101:16 7:0010101:19 7:0110111:17 7:0010101:16 2:01:17 8:00111011:20 9:001101101:20 7:0010101:22 8:00111011:16 2:01:17 7:0010101:20 8:00000101:16 15:000001001000011:32 2:01:18 8:00111011:19 10:0001011011:20 11:00101010101:30 8:00010101:17 8:00100101:33 12:010101110111:24 8:00101011:16 10:0001010101:20 8:01011011:19 12:001001010101:24 6:000011:18 9:001011011:21 8:00001001:17 8:00101101:21 12:001100111011:24 4:0011:17 8:00000011:16 7:0010101:16 13:0010100101011:29 8:00111011:22 8:00010101:16 2:01:16 7:0010101:21 7:0010101:18 2:01:17 4:0111:16 12:000101010011:24 10:0000111011:20 8:00111011:16 7:0010101:19 4:0011:17 8:00000011:16 10:0010111011:21 8:00111011:16 9:010111011:18 8:00000011:16 8:00010101:18 7:0011011:16 9:001010101:18 7:0010101:18 4:0011:22 6:001011:17 13:0101010101011:26 4:0111:16 3:001:16 10:0000111011:22 8:00010101:16 8:00111011:18 8:00111011:16 9:010101011:18 2:01:22 4:0011:16 7:0010101:18 4:0111:17 4:0011:16 8:00111011:23 7:0101011:18 7:0101011:20 8:00101011:16 8:00111011:16 7:0101011:19 8:00010101:20 5:00011:19 8:00100101:16 7:0010101:16 5:00011:16 8:00111011:22 14:00100101001101:28 4:0011:20 8:00010101:16 10:0001010101:22 4:0111:16 8:01010111:16 4:0011:19 8:00011011:16 7:0101011:16 8:00100101:16 7:0010101:17 13:0001010010101:26 8:00001001:17 8:00111011:16 14:00011010111011:29 12:001100111011:25 4:0011:22 7:0101011:18 2:01:17 6:001011:16 10:0011010101:23 8:00111011:17 7:0000011:16 8:00010101:18 4:0111:16 12:000010101001:24 4:0111:17 7:0110111:17 9:010111011:27 10:0000111011:22 9:000111011:19 8:00010101:16 13:0011001101011:26 8:00010101:18 8:00000011:16 4:0011:20 4:0111:17 2:01:16 8:00111011:17 8:00110101:16 4:0011:16 4:0011:18 2:01:16 4:0111:16 8:00110101:16 5:00011:20 9:000101001:18 9:010111011:20 11:00001001001:29 10:0001010101:20 8:00000011:16 9:000111011:19 8:00111011:17 5:00011:18 8:00111011:16 5:00011:16 7:0010101:16 8:00111011:20 8:00000011:16 9:000111011:18 8:00000101:17 4:0111:19 12:000110110011:24 4:0011:23 5:00011:17 10:0000111011:20 5:01011:16 9:001010101:19 4:0011:22 4:0011:17 11:00010010101:22 2:01:18 9:001010101:22 7:0011011:16 2:01:17 7:0010101:16 9:000010101:18 7:0110111:17 7:0101011:17 7:0010101:17 10:0000101011:20 5:00011:16 7:0010101:16 11:00001001001:24 7:0010101:17 7:0010101:21 8:00110101:19 4:0011:16 8:00111011:16 8:00111011:17 7:0010101:20 8:00010101:17 4:0011:24 7:0010101:16 4:0011:17 9:001010101:19 7:0010101:16 8:00110101:19 12:001010010101:25 4:0111:17 6:001011:16 9:000111011:22 8:00000101:16 4:0011:19 8:00111011:17 8:00001001:18 10:0000111011:22 4:0011:18 8:00111011:16 9:001010011:18 7:0010101:19 2:01:19 8:00100101:111 8:00100101:31 11:00110110101:22 8:00100101:48 8:00100101:87 8:00100101:87 8:00100101:47 8:00100101:87 8:00100101:103 8:00100101:31 8:00100101:31 8:00100101:23 8:00100101:31 11:00110110101:40 8:00100101:24 11:00110110101:22 8:00100101:40 8:00100101:31 8:00100101:31 8:00100101:223 8:00100101:31 11:00011001101:23 11:00011001101:74 8:00110111:32 8:00110111:16 8:00110111:24 8:00110111:16 8:00110111:72 8:00110111:24 8:00110111:168 11:00011001101:66 11:00011001101:74 8:00110111:96 11:00011001101:22 8:00110111:40 8:00110111:16 11:00011001101:22 8:00110111:24 8:00110111:16 8:00110111:32 8:00110111:40 8:00110111:16 8:00110111:16 11:00011001101:33 11:00011001101:41 8:00110111:16 8:00110111:16 8:00110111:88 8:00110111:16 8:00110111:112 8:00110111:16 8:00110111:24 8:00110111:32 8:00110111:40 8:00110111:24
1RB0RA_1LC0RB_1RA0LD_1LC0LD	2000	6322	20000	0.500	0.500	0.500	LR	9979.50	0.63	sqrt	bouncer	sqrt+sqrt	2	2	12497	3:011:3008 3:001:4495
1RB0RA_1LC0RC_1LD0LC_1RA0LC	1241	3892	12269	0.498	0.501	0.048	LR	16299.50	0.00	sqrt	bouncer_part	sqrt+log	2	2	28	3:011:4837 3:001:7404
1RB0RA_1LC0RC_1RA1LD_0LC1LB	1833	5811	18382	0.501	0.501	0.501	LR	3.57	0.71	sqrt	bouncer	sqrt+sqrt	2	2	7	2:01:11308 5:01111:7067
1RB0RA_1LC0RD_0LD0LB_1RA1LD	217394	2173916	21739134	1.000	0.000	1.000	R	1.00	0.00	lin	linear	-	-	-	-	wide
1RB0RA_1LC0RD_1LA0LB_1RA1LA	1924	6314	18860	0.496	0.088	0.498	LR	5098.50	0.01	sqrt	bouncer_part	sqrt+log	3	1	1	2:01:13734 2:01:220 2:01:4905
1RB0RA_1LC0RD_1LD0LB_1RA0LC	1915	6054	19148	0.500	0.498	0.501	LR	0.54	0.44	sqrt	bouncer_part	sqrt+sqrt	3	2	1	2:01:5604 2:01:1370 14:00101001010101:12173
1RB0RA_1LC0RD_1RA0LB_1RA---	189193	1891897	18918923	1.000	0.000	1.000	R	1.00	0.00	lin	linear	-	-	-	-	wide
1RB0RA_1LC0RD_1RA0LD_1LC0LD	1241	3892	12269	0.498	0.501	0.048	LR	16299.50	0.00	sqrt	bouncer_part	sqrt+log	2	2	28	3:011:4837 3:001:7404
1RB0RA_1LC0RD_1RD0LB_1RA1RA	1605	5347	17873	0.523	0.095	0.525	LR	14702.50	0.01	sqrt	bouncer_part	sqrt+log	3	1	2	2:01:3140 2:01:13633 2:01:1098
1RB0RA_1LC1LD_0RD0LB_1LB1RA	1172	3670	11570	0.497	0.057	0.501	LR	17289.50	0.01	sqrt	bouncer_part	sqrt+log	2	1	25	2:01:5835 2:01:5710
1RB0RA_1LC1LD_1RA0LB_0LC0RD	1344	4242	13416	0.500	0.500	0.500	LR	3.57	0.37	sqrt	bouncer_part	sqrt+sqrt	3	3	1	8:00110101:5961 5:00101:5205 5:01011:2249
1RB0RA_1LC1RA_0LD0LC_1RD1LB	41040	410270	4102578	1.000	0.000	1.000	R	4.56	0.00	lin	linear	-	-	-	-	wide
1RB0RA_1LC1RA_1LD0LC_0RA---	36	42	50	0.071	0.000	0.077	R	40958.50	0.96	log	counter	-	0	0	50	-
1RB0RA_1LC1RA_1LD0LC_1LA0RA	37	43	51	0.070	0.000	0.077	R	46419.50	0.94	log	counter	-	1	1	27	8:00010101:24
1RB0RA_1LC1RA_1LD0LC_1LA1LB	37	43	49	0.061	0.000	0.067	R	24574.50	0.94	log	counter	-	0	0	49	-
1RB0RA_1LC1RA_1LD0LC_1LA1LC	1748	5494	17342	0.498	0.500	0.060	LR	1.00	0.01	sqrt	bouncer_part	sqrt+log	2	1	24	3:011:17195 3:011:123
1RB0RA_1LC1RA_1LD0LC_1LA1LD	65	81	93	0.078	0.077	0.081	LR	32766.50	0.49	log	counter	-	0	0	93	-
1RB0RA_1LC1RA_1LD0LC_1RA1LA	37	43	51	0.070	0.000	0.077	R	46420.50	0.94	log	counter	-	1	1	29	8:00010101:22
1RB0RA_1LC1RA_1LD0LC_1RA1LB	79	99	114	0.080	0.080	0.081	LR	1.00	0.40	log	counter	-	1	1	97	3:001:17
1RB0RA_1LC1RA_1LD0LC_1RD1LB	79	99	114	0.080	0.080	0.081	LR	1.00	0.40	log	counter	-	3	2	55	6:000001:18 6:000001:20 10:0001000101:21
1RB0RA_1LC1RA_1LD0LD_1RA1LC	1431	4493	14165	0.498	0.060	0.500	LR	14122.50	0.01	sqrt	bouncer_part	sqrt+log	3	3	3	10:0000010101:21 1:1:12181 2:01:1960
1RB0RA_1LC1RB_1LD0LB_1RA1LB	735	2270	7108	0.493	0.057	0.501	LR	1.00	0.01	sqrt	bouncer_part	sqrt+log	2	2	4	15:000000001001001:36 1:1:7068
1RB0RA_1LC1RB_1LD0LB_1RA1LC	727	2260	7097	0.495	0.055	0.501	LR	1.00	0.01	sqrt	bouncer_part	sqrt+log	3	2	5	10:0000010101:23 1:1:4057 1:1:3012
1RB0RA_1LC1RB_1LD0LB_1RA1LD	718	2249	7085	0.497	0.048	0.501	LR	1.00	0.01	sqrt	bouncer_part	sqrt+log	1	1	15	1:1:7070
1RB0RA_1LC1RB_1LD0LC_1RA1LB	68	80	92	0.066	0.067	0.066	LR	1.00	0.49	log	counter	-	2	2	54	9:000001001:18 3:001:20
1RB0RA_1LC1RC_1LD0LC_1RA1LC	37	43	51	0.070	0.075	0.000	L	46419.50	0.96	log	counter	-	1	1	34	8:00010101:17
1RB0RA_1LC1RD_1LD0LC_1RA1LB	94	118	136	0.080	0.080	0.082	LR	1.00	0.33	log	counter	-	4	2	57	6:000001:18 6:000001:20 9:000001001:23 6:000001:18
1RB0RA_1LC1RD_1LD0LC_1RA1LC	79	99	114	0.080	0.079	0.082	LR	1.00	0.40	log	counter	-	1	1	97	6:000001:17
1RB0RA_1LC1RD_1LD0LC_1RA1LD	68	80	92	0.066	0.062	0.068	LR	1.00	0.49	log	counter	-	3	3	35	9:000000001:19 3:001:20 9:000001001:18
1RB0RA_1RC0LC_1LD0LC_1RA1LC	37	43	51	0.070	0.075	0.000	L	46420.50	0.92	log	counter	-	1	1	34	8:00010101:17
1RB0RA_1RC0RC_1LD0RC_0LD0LA	20	23	26	0.057	0.000	0.060	R	2.00	1.88	log	counter	-	0	0	26	-
1RB0RA_1RC0RD_1LD1LC_1RA0LC	1452	4004	11739	0.454	0.559	0.160	LR	11955.50	0.05	sqrt	bouncer_part	other	62	9	123	9:001010101:18 2:01:1454 2:01:3799 2:01:24 2:01:18 2:01:1350 2:01:34 2:01:1305 2:01:22 2:01:51 2:01:653 13:0101010101111:26 2:01:326 13:0010101010101:26 2:01:472 2:01:20 2:01:53 2:01:93 2:01:103 2:01:51 2:01:121 2:01:39 2:01:53 2:01:159 2:01:71 2:01:42 2:01:33 2:01:28 2:01:172 2:01:40 2:01:65 11:01010101011:22 2:01:31 11:01010101011:22 2:01:20 2:01:45 2:01:91 2:01:16 2:01:34 9:010101011:19 2:01:60 2:01:29 2:01:59 2:01:18 2:01:40 9:010101011:18 2:01:36 9:010101011:18 2:01:21 2:01:20 9:001010101:18 9:001010101:27 2:01:39 2:01:17 7:0101111:19 14:00101101010101:28 14:00101101010101:28 11:01010101111:23 7:0101111:19 7:0101111:18 9:010101011:21 7:0101111:19
1RB0RA_1RC1LB_1LD1RA_1LA0LD	72	86	103	0.078	0.076	0.080	LR	1.00	0.44	log	counter	-	2	2	51	12:000001001001:32 6:000001:20
1RB0RA_1RC1LC_1LD0RC_1RA0LB	111121	1111121	11111121	1.000	0.000	1.000	R	0.67	0.00	lin	linear	-	-	-	-	wide
1RB0RA_1RC1RB_1LD0LC_1RA1LC	65	81	93	0.078	0.079	0.079	LR	32766.50	0.49	log	counter	-	0	0	93	-
1RB0RA_1RC1RD_1LD0LC_1RA1LC	37	43	49	0.061	0.066	0.000	L	24574.50	0.96	log	counter	-	1	1	33	8:00000101:16
1RB0RB_0LB1RC_1LD0RC_0LB1LA	20	23	27	0.065	0.000	0.071	R	2.00	1.96	log	counter	-	0	0	27	-
1RB0RB_0LB1RC_1LD0RC_1LB1LA	27	32	37	0.068	0.000	0.073	R	1.62	1.92	log	counter	-	1	1	21	8:00111111:16
1RB0RB_0LC0LA_1LA1RD_1LC0RD	18	22	25	0.071	0.000	0.075	R	2.00	2.04	log	counter	-	0	0	25	-
1RB0RB_0LC0LD_1LC1LD_1RA0RA	19	23	26	0.068	0.075	0.000	L	2.00	1.92	log	counter	-	0	0	26	-
1RB0RB_0LC0RA_1LC0LD_1RA1LD	35	41	47	0.064	0.067	0.000	L	500.99	1.00	log	counter	-	0	0	47	-
1RB0RB_0LC0RA_1RA0LD_1LC1RD	294	630	1350	0.331	0.324	0.340	LR	419473.50	0.51	cube	sweepctr	-	8	2	20	8:00010101:20 2:01:27 2:01:53 2:01:104 2:01:208 2:01:62 2:01:352 2:01:504
1RB0RB_0LC0RA_1RA1LD_0LC1LC	1016	3182	10024	0.497	0.076	0.501	LR	1.00	0.01	sqrt	bouncer_part	sqrt+log	2	1	26	2:01:41 2:01:9957
1RB0RB_0LC0RC_1RA0LD_1RC1LC	59	71	84	0.077	0.081	0.069	LR	1.00	1.47	log	counter	-	2	2	31	12:011101111111:31 1:1:22
1RB0RB_0LC0RD_0LD1LC_1RD1RA	50	62	71	0.076	0.079	0.075	LR	36859.50	0.66	log	counter	-	2	1	34	6:001111:18 6:001111:19
1RB0RB_0LC0RD_1RA1LC_1LB0LC	200	431	929	0.333	0.335	0.333	LR	1.00	1.00	cube	sweepctr	-	3	1	2	1:1:39 1:1:849 1:1:39
1RB0RB_0LC0RD_1RA1LC_1LD0LC	217	465	1002	0.332	0.329	0.341	LR	0.66	0.92	cube	sweepctr	-	4	1	3	1:1:230 1:1:320 1:1:217 1:1:232
1RB0RB_0LC0RD_1RB1LC_0LA1RD	143	309	668	0.335	0.337	0.000	L	1.00	2.00	cube	sweepctr	-	2	1	2	1:1:175 1:1:491
1RB0RB_0LC1LD_0RC1LA_1RA0LD	20	23	27	0.065	0.071	0.000	L	2.00	0.04	log	counter	-	0	0	27	-
1RB0RB_0LC1RA_1LC0LD_1RA1LD	52	64	76	0.082	0.085	0.000	L	1.75	1.63	log	counter	-	2	2	18	3:011:34 12:010101010111:24
1RB0RB_0LC1RA_1LD1LC_0RA0LD	56	63	74	0.061	0.000	0.063	R	1.01	1.90	log	counter	-	0	0	74	-
1RB0RB_0LC1RA_1LD1LC_0RB1LB	1189	3762	11889	0.500	0.500	0.500	LR	0.39	0.46	sqrt	bouncer_part	sqrt+sqrt	564	2	1983	10:0110110111:20 10:0110110111:20 10:0110110111:20 10:0110110111:20 10:0110110111:20 10:0110110111:20 10:0110110111:20 10:0110110111:20 10:0110110111:20 10:0110110111:20 10:0110110111:20 10:0110110111:20 10:0110110111:20 10:0110110111:20 10:0110110111:20 10:0110110111:20 10:0110110111:20 10:0110110111:20 10:0110110111:20 10:0110110111:20 10:0110110111:20 10:0110110111:20 10:0110110111:20 10:0110110111:20 10:0110110111:20 10:0110110111:20 10:0110110111:20 10:0110110111:20 10:0110110111:20 10:0110110111:20 10:0110110111:20 10:0110110111:20 10:0110110111:20 10:0110110111:20 10:0110110111:20 10:0110110111:20 10:0110110111:20 10:0110110111:20 10:0110110111:20 10:0110110111:20 10:0110110111:20 10:0110110111:20 10:0110110111:20 10:0110110111:20 10:0110110111:20 10:0110110111:20 10:0110110111:20 10:0110110111:20 10:0110110111:20 10:0110110111:20 10:0110110111:20 10:0110110111:20 10:0110110111:20 10:0110110111:20 10:0110110111:20 10:0110110111:20 10:0110110111:20 10:0110110111:20 10:0110110111:20 10:0110110111:20 10:0110110111:20 10:0110110111:20 10:0110110111:20 10:0110110111:20 10:0110110111:20 10:0110110111:20 10:0110110111:20 10:0110110111:20 10:0110110111:20 10:0110110111:20 10:0110110111:20 10:0110110111:20 10:0110110111:20 10:0110110111:20 10:0110110111:20 10:0110110111:20 10:0110110111:20 10:0110110111:20 10:0110110111:20 10:0110110111:20 10:0110110111:20 10:0110110111:20 10:0110110111:20 10:0110110111:20 10:0110110111:20 10:0110110111:20 10:0110110111:20 10:0110110111:20 10:0110110111:20 10:0110110111:20 10:0110110111:20 10:0110110111:20 10:0110110111:20 10:0110110111:20 10:0110110111:20 10:0110110111:20 10:0110110111:20 10:0110110111:20 10:0110110111:20 10:0110110111:20 10:0110110111:20 10:0110110111:20 10:0110110111:20 10:0110110111:20 10:0110110111:20 3:011:20 3:011:17 3:011:17 3:011:17 3:011:17 3:011:17 3:011:17 3:011:17 3:011:17 3:011:17 3:011:17 3:011:17 3:011:17 3:011:17 3:011:17 3:011:17 3:011:17 3:011:17 3:011:17 3:011:17 3:011:17 3:011:17 3:011:17 3:011:17 3:011:17 3:011:17 3:011:17 3:011:17 3:011:17 3:011:17 3:011:17 3:011:17 3:011:17 3:011:17 3:011:17 3:011:17 3:011:17 3:011:17 3:011:17 3:011:17 3:011:17 3:011:17 3:011:17 3:011:17 3:011:17 3:011:17 3:011:17 3:011:17 3:011:17 3:011:17 3:011:17 3:011:17 3:011:17 3:011:17 3:011:17 3:011:17 3:011:17 3:011:17 3:011:17 3:011:17 3:011:17 3:011:17 3:011:17 3:011:17 3:011:17 3:011:17 3:011:17 3:011:17 3:011:17 3:011:17 3:011:17 3:011:17 3:011:17 3:011:17 3:011:17 3:011:17 3:011:17 3:011:17 3:011:17 3:011:17 3:011:17 3:011:17 3:011:17 3:011:17 3:011:17 3:011:17 3:011:17 3:011:17 3:011:17 3:011:17 3:011:17 3:011:17 3:011:17 3:011:17 3:011:17 3:011:17 3:011:17 3:011:17 3:011:17 3:011:17 3:011:17 3:011:17 3:011:17 3:011:17 3:011:17 3:011:17 3:011:17 3:011:17 3:011:17 3:011:17 3:011:17 3:011:17 3:011:17 3:011:17 3:011:17 3:011:17 3:011:17 3:011:17 3:011:17 3:011:17 3:011:17 3:011:17 3:011:17 3:011:17 3:011:17 3:011:17 3:011:17 3:011:17 3:011:17 3:011:17 3:011:17 3:011:17 3:011:17 3:011:17 3:011:17 3:011:17 3:011:17 3:011:17 3:011:17 3:011:17 3:011:17 3:011:17 3:011:17 3:011:17 3:011:17 3:011:17 3:011:17 3:011:17 3:011:17 3:011:17 3:011:17 3:011:17 3:011:17 3:011:17 3:011:17 3:011:17 3:011:17 3:011:17 3:011:17 3:011:17 3:011:17 3:011:17 3:011:17 3:011:17 3:011:17 3:011:17 3:011:17 3:011:17 3:011:17 3:011:17 3:011:17 3:011:17 3:011:17 3:011:17 3:011:17 3:011:17 3:011:17 3:011:17 3:011:17 3:011:17 3:011:17 3:011:17 3:011:17 3:011:17 3:011:17 3:011:17 3:011:17 3:011:17 3:011:17 3:011:17 3:011:17 3:011:17 3:011:17 3:011:17 3:011:17 3:011:17 3:011:17 3:011:17 3:011:17 3:011:17 3:011:17 3:011:17 3:011:17 3:011:17 3:011:17 3:011:17 3:011:17 3:011:17 3:011:17 3:011:17 3:011:17 3:011:17 3:011:17 3:011:17 3:011:17 3:011:17 3:011:17 3:011:17 3:011:17 3:011:17 3:011:17 3:011:17 3:011:17 3:011:17 3:011:17 3:011:17 3:011:17 3:011:17 3:011:17 3:011:17 3:011:17 3:011:17 3:011:17 3:011:17 3:011:17 3:011:17 3:011:17 3:011:17 3:011:17 3:011:17 3:011:17 3:011:17 3:011:17 3:011:17 3:011:17 3:011:17 3:011:17 3:011:17 3:011:17 3:011:17 3:011:17 3:011:17 3:011:17 3:011:17 3:011:17 3:011:17 3:011:17 3:011:17 3:011:17 3:011:17 3:011:17 3:011:17 3:011:17 3:011:17 3:011:17 3:011:17 3:011:17 3:011:17 3:011:17 3:011:17 3:011:17 3:011:17 3:011:17 3:011:17 3:011:17 3:011:17 3:011:17 3:011:17 3:011:17 3:011:17 3:011:17 3:011:17 3:011:17 3:011:17 3:011:17 3:011:17 3:011:17 3:011:17 3:011:17 3:011:17 3:011:17 3:011:17 3:011:17 3:011:17 3:011:17 3:011:17 3:011:17 3:011:17 3:011:17 3:011:17 3:011:17 3:011:17 3:011:17 3:011:17 3:011:17 3:011:17 3:011:17 3:011:17 3:011:17 3:011:17 3:011:17 3:011:17 3:011:17 3:011:17 3:011:17 3:011:17 3:011:17 3:011:17 3:011:17 3:011:17 3:011:17 3:011:17 3:011:17 3:011:17 3:011:17 3:011:17 3:011:17 3:011:17 3:011:17 3:011:17 3:011:17 3:011:17 3:011:17 3:011:17 3:011:17 3:011:17 3:011:17 3:011:17 3:011:17 3:011:17 3:011:17 3:011:17 3:011:17 3:011:17 3:011:17 3:011:17 3:011:17 3:011:17 3:011:17 3:011:17 3:011:17 3:011:17 3:011:17 3:011:17 3:011:17 3:011:17 3:011:17 3:011:17 3:011:17 3:011:17 3:011:17 3:011:17 3:011:17 3:011:17 3:011:17 3:011:17 3:011:17 3:011:17 3:011:17 3:011:17 3:011:17 3:011:17 3:011:17 3:011:17 3:011:17 3:011:17 3:011:17 3:011:17 3:011:17 3:011:17 3:011:17 3:011:17 3:011:17 3:011:17 3:011:17 3:011:17 3:011:17 3:011:17 3:011:17 3:011:17 3:011:17 3:011:17 3:011:17 3:011:17 3:011:17 3:011:17 3:011:17 3:011:17 3:011:17 3:011:17 3:011:17 3:011:17 3:011:17 3:011:17 3:011:17 3:011:17 3:011:17 3:011:17 3:011:17 3:011:17 3:011:17 3:011:17 3:011:17 3:011:17 3:011:17 3:011:17 3:011:17 3:011:17 3:011:17 3:011:17 3:011:17 3:011:17 3:011:17 3:011:17 3:011:17 3:011:17 3:011:17 3:011:17 3:011:17 3:011:17 3:011:17 3:011:17 3:011:17 3:011:17 3:011:17 3:011:17 3:011:17 3:011:17 3:011:17 3:011:17 3:011:17 3:011:17 3:011:17 3:011:17 3:011:17 3:011:17 3:011:17 3:011:17 3:011:17 3:011:17 3:011:17 3:011:17 3:011:17 3:011:17 3:011:17 3:011:17 3:011:17 3:011:17 3:011:17
1RB0RB_0LC1RA_1LD1LC_1LA1LB	1686	5344	16900	0.501	0.501	0.499	LR	1.00	0.46	sqrt	bouncer_part	sqrt+sqrt	3	3	0	6:010111:2733 6:011111:4871 11:01101101111:9296
1RB0RB_0LC1RA_1LD1LC_1RB1LB	1120	3533	11166	0.499	0.499	0.500	LR	1.00	0.48	sqrt	bouncer_part	sqrt+sqrt	402	3	7	11:01010111011:36 11:01010111011:54 11:01010111011:54 11:01010111011:54 11:01010111011:54 11:01010111011:54 11:01010111011:54 11:01010111011:54 11:01010111011:54 11:01010111011:54 11:01010111011:54 11:01010111011:54 3:011:17 11:01101101111:38 3:011:16 11:01101101111:38 3:011:16 11:01101101111:38 3:011:16 11:01101101111:38 3:011:16 11:01101101111:38 3:011:16 11:01101101111:38 3:011:16 11:01101101111:38 3:011:16 11:01101101111:38 3:011:16 11:01101101111:38 3:011:16 11:01101101111:38 3:011:16 11:01101101111:38 3:011:16 11:01101101111:38 3:011:16 11:01101101111:38 3:011:16 11:01101101111:38 3:011:16 11:01101101111:38 3:011:16 11:01101101111:38 3:011:16 11:01101101111:38 3:011:16 11:01101101111:38 3:011:16 11:01101101111:38 3:011:16 11:01101101111:38 3:011:16 11:01101101111:38 3:011:16 11:01101101111:38 3:011:16 11:01101101111:38 3:011:16 11:01101101111:38 3:011:16 11:01101101111:38 3:011:16 11:01101101111:38 3:011:16 11:01101101111:38 3:011:16 11:01101101111:38 3:011:16 11:01101101111:38 3:011:16 11:01101101111:38 3:011:16 11:01101101111:38 3:011:16 11:01101101111:38 3:011:16 11:01101101111:38 3:011:16 11:01101101111:38 3:011:16 11:01101101111:38 3:011:16 11:01101101111:38 3:011:16 11:01101101111:38 3:011:16 11:01101101111:38 3:011:16 11:01101101111:38 3:011:16 11:01101101111:38 3:011:16 11:01101101111:38 3:011:16 11:01101101111:38 3:011:16 11:01101101111:38 3:011:16 11:01101101111:38 3:011:16 11:01101101111:38 3:011:16 11:01101101111:38 3:011:16 11:01101101111:38 3:011:16 11:01101101111:38 3:011:16 11:01101101111:38 3:011:16 11:01101101111:38 3:011:16 11:01101101111:38 3:011:16 11:01101101111:38 3:011:16 11:01101101111:38 3:011:16 11:01101101111:38 3:011:16 11:01101101111:38 3:011:16 11:01101101111:38 3:011:16 11:01101101111:38 3:011:16 11:01101101111:38 3:011:16 11:01101101111:38 3:011:16 11:01101101111:38 3:011:16 11:01101101111:38 3:011:16 11:01101101111:38 3:011:16 11:01101101111:38 3:011:16 11:01101101111:38 3:011:16 11:01101101111:38 3:011:16 11:01101101111:38 3:011:16 11:01101101111:38 3:011:16 11:01101101111:38 3:011:16 11:01101101111:38 3:011:16 11:01101101111:38 3:011:16 11:01101101111:38 3:011:16 11:01101101111:38 3:011:16 11:01101101111:38 3:011:16 11:01101101111:38 3:011:16 11:01101101111:38 3:011:16 11:01101101111:38 3:011:16 11:01101101111:38 3:011:16 11:01101101111:38 3:011:16 11:01101101111:38 3:011:16 11:01101101111:38 3:011:16 11:01101101111:38 3:011:16 11:01101101111:38 3:011:16 11:01101101111:38 3:011:16 11:01101101111:38 3:011:16 11:01101101111:38 3:011:16 11:01101101111:38 3:011:16 11:01101101111:38 3:011:16 11:01101101111:38 3:011:16 11:01101101111:38 3:011:16 11:01101101111:38 3:011:16 11:01101101111:38 3:011:16 11:01101101111:38 3:011:16 11:01101101111:38 3:011:16 11:01101101111:38 3:011:16 11:01101101111:38 3:011:16 11:01101101111:38 3:011:16 11:01101101111:38 3:011:16 11:01101101111:38 3:011:16 11:01101101111:38 3:011:16 11:01101101111:38 3:011:16 11:01101101111:38 3:011:16 11:01101101111:38 3:011:16 11:01101101111:38 3:011:16 11:01101101111:38 3:011:16 11:01101101111:38 3:011:16 11:01101101111:38 3:011:16 11:01101101111:38 3:011:16 11:01101101111:38 3:011:16 11:01101101111:38 3:011:16 11:01101101111:38 3:011:16 11:01101101111:38 3:011:16 11:01101101111:38 3:011:16 11:01101101111:38 3:011:16 11:01101101111:38 3:011:16 11:01101101111:38 3:011:16 11:01101101111:38 3:011:16 11:01101101111:38 3:011:16 11:01101101111:38 3:011:16 11:01101101111:38 3:011:16 11:01101101111:38 3:011:16 11:01101101111:38 3:011:16 11:01101101111:38 3:011:16 11:01101101111:38 3:011:16 11:01101101111:38 3:011:16 11:01101101111:38 3:011:16 11:01101101111:38 3:011:16 11:01101101111:38 3:011:16 11:01101101111:38 3:011:16 11:01101101111:38 3:011:16 11:01101101111:38 3:011:16 11:01101101111:38 3:011:16 11:01101101111:38 3:011:16 11:01101101111:38 3:011:16 11:01101101111:38 3:011:16 11:01101101111:38 3:011:16 11:01101101111:38 3:011:16 11:01101101111:38 3:011:16 11:01101101111:38 3:011:16 11:01101101111:38 3:011:16 11:01101101111:38 3:011:16 11:01101101111:38 3:011:16 11:01101101111:38 3:011:16 11:01101101111:38 3:011:16 11:01101101111:38 3:011:16 11:01101101111:38 3:011:16 11:01101101111:38 3:011:16 11:01101101111:38 3:011:16 11:01101101111:38 3:011:16 11:01101101111:38 3:011:16 11:01101101111:38 3:011:16 11:01101101111:38 3:011:16 11:01101101111:38 3:011:16 11:01101101111:38 3:011:16 11:01101101111:38 3:011:16 11:01101101111:38 3:011:16 11:01101101111:38 3:011:16 11:01101101111:38 3:011:16 11:01101101111:38 3:011:16 11:01101101111:38 3:011:16 11:01101101111:38 3:011:16 11:01101101111:38 3:011:16 11:01101101111:38 3:011:16 11:01101101111:38 3:011:16 11:01101101111:38 3:011:16 11:01101101111:38 3:011:16 11:01101101111:38 3:011:16 11:01101101111:38 3:011:16 11:01101101111:38 3:011:16 11:01101101111:38 3:011:16 11:01101101111:38 3:011:16 11:01101101111:38 3:011:16 11:01101101111:38 3:011:16 11:01101101111:38 3:011:16 11:01101101111:38 3:011:16 11:01101101111:38 3:011:16 11:01101101111:38 3:011:16 11:01101101111:38 3:011:16 11:01101101111:38 3:011:16 11:01101101111:38 3:011:16 11:01101101111:38 3:011:16 11:01101101111:38 3:011:16 11:01101101111:38 3:011:16 11:01101101111:38 3:011:16 11:01101101111:38 3:011:16 11:01101101111:38 3:011:16 11:01101101111:38 3:011:16 11:01101101111:38 3:011:16 11:01101101111:38 3:011:16 11:01101101111:38 3:011:16 11:01101101111:38 3:011:16 11:01101101111:38 3:011:16 11:01101101111:38 3:011:16 11:01101101111:38 3:011:16 11:01101101111:38 3:011:16 11:01101101111:36
1RB0RB_0LC1RB_0LD1LC_1RD0RA	159	343	737	0.333	0.334	0.334	LR	1.01	1.99	cube	sweepctr	-	2	1	2	1:1:162 1:1:573
1RB0RB_0LC1RB_1RA1LC_------	183	391	843	0.332	0.333	0.333	LR	1.00	1.00	cube	sweepctr	-	2	1	2	1:1:687 1:1:154
1RB0RB_0LC1RB_1RA1LD_0RD1LC	181	391	843	0.334	0.335	0.335	LR	1.00	1.00	cube	sweepctr	-	2	1	2	1:1:394 1:1:447
1RB0RB_0LC1RB_1RA1LD_1RA1LC	183	391	843	0.332	0.333	0.333	LR	1.00	1.00	cube	sweepctr	-	2	1	2	1:1:687 1:1:154
1RB0RB_0LC1RB_1RA1LD_1RA1LD	183	391	843	0.332	0.333	0.333	LR	1.00	1.00	cube	sweepctr	-	2	1	2	1:1:687 1:1:154
1RB0RB_0LC1RB_1RD1LC_---1RA	229	493	1063	0.333	0.334	0.334	LR	1.00	1.00	cube	sweepctr	-	2	1	2	1:1:192 1:1:869
1RB0RB_0LC1RB_1RD1LC_1RA0LA	227	491	1061	0.335	0.336	0.336	LR	1.00	1.00	cube	sweepctr	-	2	1	2	1:1:194 1:1:865
1RB0RB_0LC1RB_1RD1LD_1RA1LD	209	450	966	0.332	0.335	0.333	LR	437580.50	0.67	cube	sweepctr	-	2	1	2	1:1:280 1:1:684
1RB0RB_0LC1RD_0LB1LA_1LB0RD	20	24	27	0.065	0.000	0.071	R	2.00	1.88	log	counter	-	0	0	27	-
1RB0RB_0LC1RD_0LB1LA_1LC0RD	20	23	27	0.065	0.000	0.071	R	2.00	1.96	log	counter	-	1	1	11	7:0001011:16
1RB0RB_0LC1RD_0LC1LA_1LB0RD	20	23	27	0.065	0.000	0.071	R	2.00	1.88	log	counter	-	0	0	27	-
1RB0RB_0LC1RD_1LB1LA_1LB0RD	26	31	36	0.071	0.000	0.076	R	1.62	1.91	log	counter	-	0	0	36	-
1RB0RB_0LC1RD_1LB1LA_1LC0RD	34	41	47	0.070	0.000	0.074	R	1.50	1.02	log	counter	-	1	1	29	8:01011111:18
1RB0RB_0LC1RD_1LC1LA_0LA0RD	19	23	26	0.068	0.075	0.000	L	2.00	1.92	log	counter	-	0	0	26	-
1RB0RB_0LC1RD_1RA1LC_0LC1RB	183	391	843	0.332	0.333	0.333	LR	1.00	1.00	cube	sweepctr	-	2	1	2	1:1:687 1:1:154
1RB0RB_0LC1RD_1RA1LC_0LC1RD	183	391	843	0.332	0.333	0.333	LR	1.00	1.00	cube	sweepctr	-	2	1	2	1:1:687 1:1:154
1RB0RB_0LC1RD_1RA1LC_0LD1RB	181	391	843	0.334	0.335	0.335	LR	1.00	1.00	cube	sweepctr	-	2	1	2	1:1:395 1:1:446
1RB0RB_0LC1RD_1RB1LC_0LA1RA	48	57	68	0.076	0.076	0.079	LR	1.45	1.31	log	counter	-	2	2	25	6:011111:17 12:011011011111:26
1RB0RB_0RC0LA_1LD1LA_0LD1RB	19	22	26	0.068	0.000	0.071	R	2.00	1.88	log	counter	-	0	0	26	-
1RB0RB_0RC0LA_1LD1LA_0LD1RC	18	22	25	0.071	0.000	0.075	R	2.00	1.88	log	counter	-	0	0	25	-
1RB0RB_0RC0LD_1LD1RC_0LA1LB	34	41	47	0.070	0.000	0.072	R	1.50	0.98	log	counter	-	1	1	31	8:01011111:16
1RB0RB_0RC1LD_1LB1RC_0LA0LB	34	41	48	0.075	0.000	0.077	R	1.43	0.96	log	counter	-	0	0	48	-
1RB0RB_0RC1RB_1LD0RB_0LD1LA	36	42	50	0.071	0.000	0.075	R	40958.50	0.96	log	counter	-	0	0	50	-
1RB0RB_0RC1RB_1LD0RC_0LD1LA	20	24	27	0.065	0.000	0.071	R	2.00	1.81	log	counter	-	0	0	27	-
1RB0RB_0RC1RC_0LD1LA_1LD0LA	19	23	26	0.068	0.079	0.000	L	2.00	1.84	log	counter	-	0	0	26	-
1RB0RB_0RC1RC_1LD0RB_0LD1LA	37	45	51	0.070	0.000	0.073	R	32766.50	0.04	log	counter	-	0	0	51	-
1RB0RB_1LA1LC_1RD0LB_1LB0RD	35	41	47	0.064	0.069	0.062	LR	2.00	1.07	log	counter	-	1	1	21	12:010101010111:26
1RB0RB_1LA1LC_1RD0LC_0RD0LA	18	22	25	0.071	0.079	0.000	L	2.00	2.25	log	counter	-	0	0	25	-
1RB0RB_1LA1RC_0LD1RC_1RA1LD	183	391	843	0.332	0.335	0.331	LR	1.00	1.00	cube	sweepctr	-	2	1	2	1:1:687 1:1:154
1RB0RB_1LA1RC_1LD0RC_0LD0LA	19	23	26	0.068	0.000	0.071	R	2.00	1.96	log	counter	-	0	0	26	-
1RB0RB_1LB0LC_1LA1RD_0RD0LA	20	23	26	0.057	0.062	0.000	L	2.00	1.84	log	counter	-	0	0	26	-
1RB0RB_1LB0LC_1RD1LC_0RB0RA	239	512	1106	0.333	0.332	0.334	LR	55132.21	0.67	cube	sweepctr	-	4	1	4	1:1:46 1:1:828 1:1:136 1:1:92
1RB0RB_1LB0LC_1RD1LC_1LC0RA	733	2386	7813	0.514	0.520	0.077	LR	1.00	0.01	sqrt	bouncer_part	sqrt+log	3	1	4	1:1:1745 1:1:5863 1:1:201
1RB0RB_1LB0LC_1RD1LC_1RA0RA	543	1681	5238	0.492	0.085	0.500	LR	1.00	0.02	sqrt	bouncer_part	sqrt+log	3	1	5	1:1:1346 1:1:2378 1:1:1509
1RB0RB_1LB0LC_1RD1LD_1RA0RA	1178	3722	11768	0.500	0.500	0.500	LR	1.00	0.98	sqrt	bouncer	sqrt+sqrt	2	1	3	1:1:3874 1:1:7891
1RB0RB_1LB1LC_1RA0LD_1RA1LD	1029	3347	10952	0.514	0.516	0.077	LR	1.00	0.01	sqrt	bouncer_part	sqrt+log	3	1	2	1:1:2745 1:1:7710 1:1:495
1RB0RB_1LC0LA_0LC1RD_1LA0RD	18	22	25	0.071	0.000	0.075	R	2.00	1.96	log	counter	-	0	0	25	-
1RB0RB_1LC0LA_1RD0LC_0RD1LA	18	22	25	0.071	0.079	0.000	L	2.00	1.92	log	counter	-	0	0	25	-
1RB0RB_1LC0LC_1LA1RD_0RD0LA	18	22	25	0.071	0.079	0.000	L	2.00	2.08	log	counter	-	0	0	25	-
1RB0RB_1LC0LC_1RA1LD_0RA0LD	19	23	26	0.068	0.000	0.075	R	2.00	1.88	log	counter	-	0	0	26	-
1RB0RB_1LC0LD_0RB0LB_1RD0RA	65941	659348	6593413	1.000	0.000	1.000	R	0.69	0.00	lin	linear	-	-	-	-	wide
1RB0RB_1LC0LD_1RA1LB_0LB0LC	129420	1294122	12941181	1.000	1.000	0.000	L	1.00	0.00	lin	linear	-	-	-	-	wide
1RB0RB_1LC0LD_1RD0LB_0RA1RC	1194	3862	11136	0.485	0.077	0.487	LR	26544.50	0.01	sqrt	bouncer_part	sqrt+log	3	2	0	6:011111:1142 3:011:7740 3:011:2254
1RB0RB_1LC0RA_0LC0LD_1RD1RB	56612	566042	5660384	1.000	0.000	1.000	R	3.00	0.00	lin	linear	-	-	-	-	wide
1RB0RB_1LC0RA_0RD0LB_0RA1RD	191495	1914898	19148941	1.000	0.000	1.000	R	1.00	0.00	lin	linear	-	-	-	-	wide
1RB0RB_1LC0RA_0RD0LB_1RA1RD	155503	1555503	15555503	1.000	0.000	1.000	R	1.00	0.00	lin	linear	-	-	-	-	wide
1RB0RB_1LC0RA_1LD0LB_1RA1LB	74295	742865	7428580	1.000	0.000	1.000	R	0.20	0.00	lin	linear	-	-	-	-	wide
1RB0RB_1LC0RA_1LD0LB_1RA1LC	1431	4493	14165	0.498	0.055	0.501	LR	14120.50	0.01	sqrt	bouncer_part	sqrt+log	3	2	3	10:0000010101:23 2:01:12172 2:01:1967
1RB0RB_1LC0RA_1LD0LC_1RB0LD	1970	6345	19997	0.503	0.501	0.505	LR	0.43	0.03	sqrt	bouncer_part	sqrt+sqrt	238	79	13645	8:00111011:32 8:00111011:48 8:00111011:32 8:00111011:40 11:00010110011:66 8:00111011:80 8:00111011:16 8:00111011:24 8:00111011:32 11:00010110011:22 8:00111011:16 8:00111011:104 8:00111011:16 8:00111011:24 8:00111011:16 8:00111011:16 11:00010110011:77 8:00111011:32 8:00111011:32 8:00111011:16 11:00010110011:66 11:00010110011:96 8:00111011:72 8:00111011:16 11:00010110011:66 8:00111011:16 8:00111011:24 8:00111011:32 11:00010110011:88 8:00111011:40 8:00111011:40 8:00111011:24 11:00010110011:33 8:00111011:16 8:00111011:56 8:00111011:40 11:00010110011:22 11:00010110011:74 8:00111011:16 8:00111011:16 8:00111011:32 8:00111011:32 8:00111011:16 8:00111011:32 8:00111011:48 8:00111011:32 8:00111011:80 8:00111011:16 11:00010110011:66 11:00010110011:63 8:00111011:24 8:00111011:216 11:00010110011:22 8:00111011:24 8:00111011:32 8:00111011:32 8:00111011:80 8:00111011:64 8:00111011:32 8:00111011:312 8:00111011:40 11:00010110011:22 8:00111011:26 9:000110101:18 8:00110111:16 9:000111001:20 12:000001111011:25 7:0011011:18 2:01:19 8:00010101:18 4:0011:17 4:0011:17 8:00011001:17 2:01:18 7:0000011:17 4:0011:21 11:00010101011:23 9:001010111:18 8:00011001:16 4:0001:17 8:00110111:17 7:0011011:17 8:01011111:19 2:01:18 2:01:17 4:0011:19 9:001101101:18 2:01:20 4:0011:19 7:0010101:16 9:001010101:18 6:001101:18 7:0010101:21 5:00011:17 9:010101011:20 16:0010010101010101:34 12:000110011011:24 3:001:17 8:00100101:18 8:00001001:19 11:00101010101:24 7:0010101:20 5:01011:17 9:010110111:20 4:0011:23 8:00010101:16 4:0011:21 8:00010101:20 10:0010111011:22 8:00010101:16 4:0111:19 9:001011011:18 8:00001001:16 7:0010101:17 7:0010101:16 7:0101011:16 8:00001001:18 5:00101:25 10:0010101101:23 8:00110111:16 8:00110111:17 4:0111:22 7:0010101:16 8:00011011:16 8:01011011:17 14:00011011101101:30 5:00011:16 4:0111:16 5:00011:16 7:0010101:17 11:00110111011:22 7:0101011:16 9:000110111:18 9:000011011:19 12:001101110111:30 9:001101101:19 16:0011011010110111:34 8:00001001:18 2:01:16 8:00001001:21 8:00001001:18 5:00011:16 8:00010101:19 8:00000011:18 9:000010101:22 7:0110111:16 12:001100110101:26 11:00000110111:22 8:00001001:18 4:0011:16 12:001001010101:35 10:0010011011:21 15:000100101000101:30 4:0111:21 7:0010101:18 11:00001101101:22 10:0010101011:21 7:0011011:16 4:0011:16 13:0101101110111:26 8:00110111:21 5:00011:16 8:00010101:19 4:0011:17 9:000011011:18 8:00110111:24 13:0001101001001:31 8:00101011:16 7:0010101:16 10:0001011001:23 8:00100101:16 6:000011:19 8:00010101:17 8:00110111:17 10:0000100101:24 9:010110111:18 7:0110111:19 10:0010010101:21 6:000101:16 9:001010101:18 10:0011001101:20 9:001101101:23 10:0001000101:21 11:00110101011:22 9:001010101:22 9:000010101:19 2:01:20 15:001010101010101:32 8:00010101:17 9:001101101:19 5:00011:17 15:000110111001001:30 8:00010101:25 5:00101:16 8:00100101:16 2:01:16 11:00100101011:22 9:010110111:24 12:010101011011:25 2:01:16 5:00011:16 5:00101:16 8:00101011:16 11:00110110111:24 8:00000011:16 8:00100101:16 9:000110011:20 8:00110111:20 8:00000011:20 11:00001010101:22 2:01:23 9:000010101:18 8:00100101:18 4:0111:16 8:00101011:16 7:0101011:18 9:010110111:20 9:001101101:20 8:00110101:16 4:0011:19 10:0010010111:20 4:0011:16 8:00001001:16 7:0011011:16 7:0010101:16 10:0001010101:20 9:001011011:22 7:0010101:18 4:0011:19 7:0010101:18 9:001010101:18 9:001101011:18 13:0010101001101:27 8:00101101:17 2:01:19 13:0000011001101:26 8:00101011:16 2:01:18
1RB0RB_1LC0RA_1RD0LB_0RA1RD	187504	1875004	18750004	1.000	0.000	1.000	R	0.67	0.00	lin	linear	-	-	-	-	wide
1RB0RB_1LC0RB_0LC1LD_0RD1RA	21	24	27	0.055	0.000	0.060	R	2.00	1.88	log	counter	-	0	0	27	-
1RB0RB_1LC0RC_0LD0LD_1RA1LD	239	515	1119	0.335	0.339	0.331	LR	0.25	0.47	cube	sweepctr	-	4	1	3	1:1:81 1:1:528 1:1:427 1:1:80
1RB0RB_1LC0RC_1LB0LD_1RA1LD	201	433	929	0.332	0.333	0.333	LR	1.00	1.00	cube	sweepctr	-	4	1	3	1:1:410 1:1:27 1:1:78 1:1:411
1RB0RB_1LC0RC_1LC0LD_1RA1LD	301	684	1516	0.351	0.360	0.290	LR	0.25	0.19	cube	sweepctr	-	3	1	2	1:1:356 1:1:801 1:1:357
1RB0RB_1LC0RC_1LD0LD_1RA1LD	201	431	929	0.332	0.335	0.332	LR	1.00	1.00	cube	sweepctr	-	3	1	2	1:1:134 1:1:660 1:1:133
1RB0RB_1LC0RC_1RA0LD_0LB0LC	1304	4112	12995	0.499	0.501	0.000	L	1.00	0.00	sqrt	bouncer_part	sqrt+fix	3	3	25	1:1:7297 1:0:4243 3:011:1430
1RB0RB_1LC0RD_1LA0LC_1RD0LA	20	24	28	0.073	0.080	0.000	L	32767.50	0.96	log	counter	-	0	0	28	-
1RB0RB_1LC1LD_0LC0LD_0RA1RA	19	23	26	0.068	0.000	0.075	R	2.00	1.88	log	counter	-	0	0	26	-
1RB0RB_1LC1LD_0LC1RA_0LD0RA	19	23	26	0.068	0.000	0.071	R	2.00	1.96	log	counter	-	0	0	26	-
1RB0RB_1LC1LD_1LA1RC_0RA0LD	35	41	49	0.073	0.000	0.077	R	8191.30	0.98	log	counter	-	0	0	49	-
1RB0RB_1LC1RA_0LA1LD_1LA0LC	1955	6202	19652	0.501	0.501	0.500	LR	0.33	0.99	sqrt	bouncer	sqrt+sqrt	293	36	5702	10:0101111111:29 6:010111:17 8:01010111:17 10:0101011111:21 4:0111:17 14:01111101111111:33 8:01010111:17 4:0111:17 12:010111011111:24 8:01011111:25 10:0111111111:21 12:010101011111:25 8:01011111:19 8:01011111:21 6:011111:17 8:01011111:25 8:01111111:19 10:0111011111:25 10:0111011111:21 8:01010111:19 4:0111:18 8:01010111:17 10:0101111111:20 10:0101111111:21 8:01111111:21 10:0111011111:21 8:01010111:17 8:01111111:23 16:0101011101011111:32 6:011111:19 10:0111111111:22 8:01010111:19 10:0101110111:25 8:01111111:17 10:0101111111:23 8:01011111:17 8:01011111:19 10:0101010111:23 10:0101111111:25 6:011111:17 10:0101111111:26 8:01010111:21 4:0111:17 10:0101110111:21 16:0101111111111111:35 8:01010111:17 6:010111:17 6:010111:19 12:010111110111:27 16:0101110101110111:32 8:01011111:17 10:0101011111:23 6:011111:17 6:011111:19 2:01:17 12:010111011111:25 8:01111111:17 2:01:17 10:0101010111:23 4:0111:17 6:010111:17 8:01010111:17 14:01010111111111:33 8:01011111:21 8:01011111:19 6:011111:23 8:01011111:19 8:01011111:21 8:01111111:17 10:0101011111:27 8:01010111:21 8:01011111:16 6:010111:17 8:01010111:19 6:010111:17 8:01111111:17 4:0111:16 6:011111:23 12:010101111111:27 8:01010111:21 8:01111111:19 8:01011111:19 8:01011111:17 2:01:21 2:01:17 8:01010111:23 10:0111011111:21 4:0111:22 2:01:19 6:011111:16 8:01111111:17 8:01010111:17 8:01111111:16 8:01111111:19 8:01010111:19 2:01:17 8:01010111:16 4:0111:19 6:010111:17 1:1:16 4:0111:21 10:0101011111:21 12:010101111111:24 6:010111:17 16:0101111111111111:34 10:0101011111:20 6:011111:17 8:01010111:18 12:010101111111:32 8:01010111:17 4:0111:19 8:01010111:23 10:0101110111:23 8:01111111:17 6:011111:17 10:0101011111:22 12:010111111111:24 8:01010111:21 8:01010111:17 10:0111111111:21 6:010111:17 8:01011111:17 8:01111111:18 12:010111110111:27 10:0101111111:22 6:011111:19 12:011111111111:25 6:010111:23 14:01011101111111:29 10:0101010111:26 8:01011111:17 8:01010111:17 8:01011111:18 8:01011111:17 8:01111111:19 6:011111:19 10:0101110111:23 1:1:24 8:01010111:17 8:01010111:19 8:01111111:17 6:010111:17 12:010101011111:33 10:0101010111:21 8:01010111:19 6:010111:21 10:0101110111:21 10:0101011111:21 14:01010111110111:29 12:011101111111:27 6:010111:17 6:011111:19 6:010111:21 8:01011111:17 2:01:21 8:01111111:16 2:01:17 6:010111:19 6:010111:19 8:01111111:16 8:01111111:21 8:01011111:20 10:0101110111:26 10:0111011111:23 8:01011111:23 10:0101111111:23 8:01011111:17 8:01011111:19 6:011111:23 4:0111:29 6:010111:17 8:01011111:27 8:01111111:21 2:01:19 6:010111:17 6:010111:21 8:01011111:17 8:01010111:17 4:0111:19 1:1:23 6:011111:27 10:0101010111:27 6:011111:23 6:011111:17 12:010111110111:27 2:01:21 10:0101111111:23 6:011111:19 10:0101010111:23 10:0101111111:21 8:01011111:23 8:01010111:19 10:0111011111:21 6:011111:17 6:011111:17 10:0101011111:23 10:0101110111:21 10:0101110111:23 10:0101011111:21 12:010101110111:25 14:01010101110111:30 6:010111:21 8:01010111:25 1:1:17 8:01111111:21 10:0101110111:25 4:0111:21 4:0111:17 8:01010111:17 8:01111111:21 8:01010111:29 10:0101110111:20 10:0101110111:25 6:011111:17 8:01111111:17 10:0101110111:29 8:01010111:17 8:01011111:27 12:010101010111:25 6:011111:17 6:010111:17 10:0101010111:21 12:011111111111:39 2:01:17 10:0101011111:26 8:01111111:17 6:011111:19 12:010111011111:27 8:01111111:21 8:01111111:25 8:01011111:17 8:01010111:17 12:010101110111:25 8:01010111:25 10:0111111111:25 8:01111111:25 8:01010111:20 8:01010111:17 8:01111111:19 8:01011111:19 6:011111:22 8:01111111:21 6:011111:17 4:0111:17 1:1:17 6:010111:17 14:01011111110111:29 1:1:16 6:010111:16 6:010111:25 6:010111:17 6:011111:16 4:0111:19 14:01010111111111:29 10:0101110111:27 16:0111110111111111:35 8:01111111:19 10:0101110111:23 6:011111:16 10:0111011111:21 8:01010111:29 2:01:25 8:01111111:23 8:01010111:17 4:0111:19 8:01111111:16 6:010111:19 8:01011111:23 10:0111111111:21 2:01:21 8:01011111:19 10:0111011111:21 10:0111111111:23 10:0101111111:21 8:01010111:19 6:011111:17 14:01110111111111:29 8:01111111:16 16:0101111111110111:35 10:0101111111:21 6:010111:17 12:010101010111:29 8:01011111:17 10:0101010111:25 8:01111111:23 8:01011111:17 14:01010101010111:29 8:01010111:17 6:011111:19 6:011111:19 4:0111:25 6:011111:25 2:01:7809
1RB0RB_1LC1RA_0LC0LD_0RA0RD	51	60	69	0.066	0.000	0.068	R	5.00	0.66	log	counter	-	3	3	11	6:000001:20 3:001:20 9:000001001:18
1RB0RB_1LC1RA_0LD0LC_1RD0RB	82	88	96	0.034	0.000	0.038	R	40962.50	0.13	log	counter	-	1	1	73	10:0101011111:23
1RB0RB_1LC1RA_0LD0LC_1RD1LB	1426	4488	14160	0.498	0.501	0.057	LR	14122.50	0.01	sqrt	bouncer_part	sqrt+log	3	3	12	1:1:2019 1:0:12111 8:00000101:18
1RB0RB_1LC1RA_0LD1LD_1RB0LC	1016	3182	10024	0.497	0.501	0.080	LR	1.00	0.01	sqrt	bouncer_part	sqrt+log	2	2	26	1:1:9967 2:01:31
1RB0RB_1LC1RA_1LA0LD_0LB0LA	33539	335210	3351973	1.000	0.000	1.000	R	7.53	0.00	lin	linear	-	-	-	-	wide
1RB0RB_1LC1RA_1LA0LD_0LB0LC	73536	735306	7352950	1.000	1.000	0.000	L	1.00	0.00	lin	linear	-	-	-	-	wide
1RB0RB_1LC1RA_1LD0LC_0RA0LD	54	62	71	0.059	0.000	0.062	R	1.24	0.93	log	counter	-	0	0	71	-
1RB0RB_1LC1RA_1LD0LC_1RA1LC	1431	4493	14165	0.498	0.501	0.057	LR	14122.50	0.01	sqrt	bouncer_part	sqrt+log	2	2	24	2:01:1977 1:1:12164
1RB0RB_1LC1RA_1RA0LD_0LB0LD	1241	3894	12269	0.498	0.501	0.060	LR	1.00	0.01	sqrt	bouncer_part	sqrt+log	3	3	9	1:1:11984 1:0:260 2:01:16
1RB0RB_1LC1RB_---0LD_1RA1LD	229	493	1063	0.333	0.334	0.334	LR	1.00	1.00	cube	sweepctr	-	3	1	2	1:1:96 1:1:868 1:1:97
1RB0RB_1LC1RB_1LD0LD_1RA0LA	201	431	929	0.332	0.333	0.333	LR	1.00	1.00	cube	sweepctr	-	4	1	3	1:1:133 1:1:519 1:1:140 1:1:134
1RB0RB_1LC1RC_0RA1LD_1RC0LD	1446	3670	10902	0.439	0.411	0.444	LR	1.00	0.01	sqrt	bouncer_part	sqrt+sqrt	146	62	8026	10:0101111011:24 7:0111111:16 10:0110110111:25 8:01101111:17 10:0110111111:21 9:011011111:20 11:00100111011:25 9:010111011:21 5:01111:17 7:0110111:16 4:0111:19 11:01101111111:26 9:001111011:20 5:01111:20 13:0111011111111:26 7:0110111:16 9:011011111:23 9:011011111:20 10:0110111111:21 10:0011101101:21 12:001010011011:26 7:0010101:17 5:00101:16 14:00100101111011:28 9:011011111:21 9:011011111:18 4:0111:19 3:011:18 6:011111:16 9:011011111:20 7:0110111:17 4:0111:18 8:01101111:16 5:01111:17 11:00101011011:23 11:01101111111:23 9:001010101:19 8:01111111:16 8:01011011:18 8:01011011:17 9:011011111:22 15:001010100111011:31 7:0111111:16 10:0011101101:26 7:0011011:16 8:01101111:19 8:01111111:21 9:010111011:20 7:0010101:18 9:001011011:20 13:0011110111011:27 9:011101111:24 11:00101111011:24 11:00110111011:27 7:0110111:16 6:011111:18 7:0010101:16 8:01111111:16 7:0110111:16 7:0111111:16 8:01011011:16 8:01011011:17 9:011111111:18 9:001101101:20 8:01111111:17 7:0110111:16 11:00101011011:23 5:01111:18 8:01111111:17 11:00101111011:22 5:01111:21 7:0010101:19 4:0111:16 8:01101111:18 7:0110111:17 4:0111:16 3:011:19 16:0110111101111111:38 7:0010101:18 9:011101111:18 8:01101111:20 10:0110111111:21 6:001111:19 1:1:16 8:00000011:18 12:000110111111:24 5:01111:17 7:0011011:17 11:00001111011:22 8:01101111:17 5:01111:19 11:00000011011:23 8:00001111:17 10:0000111111:22 7:0111111:16 9:000111111:19 9:000111111:18 11:01101101111:23 13:0011011001111:28 6:000011:16 6:001111:19 11:00000111111:24 5:00011:20 9:001111011:19 11:00110111111:24 7:0000011:17 8:00111111:18 9:011111111:18 8:00000011:18 6:000011:16 8:00011011:17 7:0011011:20 7:0000011:16 6:000011:24 6:000011:22 8:00111111:17 8:01101111:16 8:00000011:16 9:000111111:19 9:011111111:18 8:01101111:16 8:00011011:16 8:00111111:18 12:001101101111:25 7:0111111:21 7:0111111:16 5:00011:16 8:00001111:21 7:0011011:16 7:0000011:18 13:0001111001111:31 8:00011011:16 6:001111:18 12:011110111111:24 9:000011011:18 13:0000011111111:26 10:0011001111:29 8:00000011:17 8:00000011:18 7:0000011:25 8:01101111:19 8:01101111:16 10:0011011011:22 6:000011:17 7:0001111:16 9:000000011:21
1RB0RB_1LC1RC_1LD1LA_0LD0RA	35	41	47	0.064	0.000	0.067	R	8191.17	0.98	log	counter	-	0	0	47	-
1RB0RB_1LC1RC_1RA1LD_0LB0LC	125009	1250009	12500009	1.000	0.000	1.000	R	1.00	0.00	lin	linear	-	-	-	-	wide
1RB0RB_1LC1RC_1RA1LD_0RA0LC	123292	1232880	12328773	1.000	0.000	1.000	R	1.00	0.00	lin	linear	-	-	-	-	wide
1RB0RB_1LC1RC_1RA1LD_1RA0LC	136369	1363642	13636369	1.000	0.000	1.000	R	1.00	0.00	lin	linear	-	-	-	-	wide
1RB0RB_1LC1RD_0LB1LA_1LB0RD	34	41	48	0.075	0.000	0.079	R	1.43	1.00	log	counter	-	0	0	48	-
1RB0RB_1LC1RD_0LB1LA_1LC0RD	26	31	36	0.071	0.000	0.076	R	1.62	1.91	log	counter	-	0	0	36	-
1RB0RB_1LC1RD_0LC0RD_0LA1LA	18	22	25	0.071	0.000	0.075	R	2.00	2.04	log	counter	-	0	0	25	-
1RB0RB_1LC1RD_0LC1LA_0RD0LA	19	23	26	0.068	0.075	0.000	L	2.00	1.92	log	counter	-	0	0	26	-
1RB0RB_1LC1RD_0LC1LA_1LB0RD	27	32	37	0.068	0.000	0.073	R	1.62	1.92	log	counter	-	0	0	37	-
1RB0RB_1LC1RD_0RA1LB_1RA0LC	51	60	69	0.066	0.000	0.069	R	1.00	0.69	log	counter	-	2	2	20	1:0:26 6:000001:23
1RB0RB_1LC1RD_0RD0LC_1LA0LA	18	22	25	0.071	0.079	0.000	L	2.00	1.92	log	counter	-	0	0	25	-
1RB0RB_1RC---_1LD0RC_0LD0LA	20	23	26	0.057	0.000	0.060	R	2.00	1.88	log	counter	-	0	0	26	-
1RB0RB_1RC0LA_0LD0RA_1RA1LD	49	61	70	0.077	0.079	0.079	LR	32765.50	0.67	log	counter	-	1	1	53	1:1:17
1RB0RB_1RC0LA_1LD0RC_0LD1LA	19	23	26	0.068	0.000	0.071	R	2.00	1.88	log	counter	-	0	0	26	-
1RB0RB_1RC0LD_1LA0RC_1LD0LA	19	23	26	0.068	0.079	0.000	L	2.00	1.84	log	counter	-	0	0	26	-
1RB0RB_1RC0LD_1LD0LA_0RC1LA	18	22	25	0.071	0.000	0.075	R	2.00	1.88	log	counter	-	0	0	25	-
1RB0RB_1RC0LD_1LD0LA_1RB1LA	19	22	25	0.060	0.000	0.062	R	2.00	1.88	log	counter	-	0	0	25	-
1RB0RB_1RC0RC_1LC0LD_1RA1LD	538	1669	5206	0.493	0.088	0.500	LR	1.00	0.01	sqrt	bouncer_part	sqrt+log	2	1	5	1:1:1676 1:1:3525
1RB0RB_1RC1LD_0LD0RC_0LA1LA	19	23	26	0.068	0.079	0.000	L	2.00	1.84	log	counter	-	0	0	26	-
1RB0RB_1RC1LD_1LA0LA_0LD0RC	18	22	25	0.071	0.000	0.075	R	2.00	1.88	log	counter	-	0	0	25	-
1RB0RB_1RC1RB_0LC0LD_1RA1LD	182	392	844	0.333	0.335	0.333	LR	1.00	1.00	cube	sweepctr	-	2	1	3	1:1:228 1:1:613
1RB0RB_1RC1RB_1LD1LC_0RA0LD	35	41	49	0.073	0.000	0.079	R	45052.50	1.85	log	counter	-	1	1	32	4:0001:17
1RB0RC_0LA0RB_0LD1RC_1LA1LD	18	22	25	0.071	0.079	0.000	L	2.00	3.83	log	counter	-	0	0	25	-
1RB0RC_0LA1LC_0RD0LB_1LB1RD	34	41	47	0.070	0.000	0.072	R	1.65	1.02	log	counter	-	1	1	26	10:0111011111:21
1RB0RC_0LA1RA_0LD1RB_1RC1LD	48	57	68	0.076	0.076	0.079	LR	1.45	1.37	log	counter	-	1	1	51	6:011111:17
1RB0RC_0LA1RB_0LD0RB_1RC1LD	143	309	668	0.335	0.337	0.000	L	1.00	2.00	cube	sweepctr	-	2	1	2	1:1:172 1:1:494
1RB0RC_0LA1RC_1LA1LD_0LD0RB	18	22	25	0.071	0.000	0.075	R	2.00	2.04	log	counter	-	0	0	25	-
1RB0RC_0LA1RC_1LD0LD_1LA0RB	18	22	25	0.071	0.079	0.000	L	2.00	2.00	log	counter	-	0	0	25	-
1RB0RC_0LB1LA_---1RD_1LB0RD	19	23	26	0.068	0.000	0.075	R	2.00	1.96	log	counter	-	0	0	26	-
1RB0RC_0LB1LA_0LB1RD_1LC0RD	20	23	26	0.057	0.000	0.062	R	2.00	1.88	log	counter	-	0	0	26	-
1RB0RC_0LB1LA_0RD1RC_1LB0RC	36	42	48	0.062	0.000	0.066	R	24574.50	1.00	log	counter	-	1	1	32	8:00000101:16
1RB0RC_0LB1LA_0RD1RC_1LB0RD	20	23	27	0.065	0.000	0.071	R	2.00	1.88	log	counter	-	0	0	27	-
1RB0RC_0LB1LA_0RD1RD_1LB0RC	35	41	49	0.073	0.000	0.077	R	40958.50	1.02	log	counter	-	0	0	49	-
1RB0RC_0LB1LA_1LB1RD_1LC0RD	27	31	36	0.062	0.000	0.067	R	1.62	1.91	log	counter	-	0	0	36	-
1RB0RC_0LB1RC_0LD1RB_1RA1LD	181	391	843	0.334	0.335	0.335	LR	1.00	1.00	cube	sweepctr	-	2	1	2	1:1:394 1:1:447
1RB0RC_0LC0RA_1LA0LD_1RA1LD	46	56	66	0.078	0.085	0.000	L	1.26	0.72	log	counter	-	2	2	29	3:011:17 9:011111111:20
1RB0RC_0LC0RA_1RA0LD_1LC1LA	285	617	1337	0.336	0.337	0.334	LR	0.00	1.00	cube	sweepctr	-	3	1	1	2:01:713 2:01:390 2:01:233
1RB0RC_0LC0RA_1RD0LD_1RA1LD	47	57	67	0.077	0.085	0.000	L	1.14	0.68	log	counter	-	2	2	6	12:011011111111:29 15:011011011011111:32
1RB0RC_0LC0RB_1LA1LD_1LC---	35	41	49	0.073	0.077	0.000	L	40958.50	0.96	log	counter	-	0	0	49	-
1RB0RC_0LC1LA_0LB1RD_1LB0RD	20	23	26	0.057	0.000	0.062	R	2.00	1.96	log	counter	-	1	1	9	7:0000111:17
1RB0RC_0LC1LA_0LB1RD_1LC0RD	20	23	27	0.065	0.000	0.071	R	2.00	1.96	log	counter	-	1	1	11	7:0001011:16
1RB0RC_0LC1LA_0LC1RD_1LB0RD	20	23	26	0.057	0.000	0.062	R	2.00	1.96	log	counter	-	0	0	26	-
1RB0RC_0LC1LA_1LB1RD_1LB0RD	26	30	35	0.065	0.000	0.069	R	1.62	1.97	log	counter	-	0	0	35	-
1RB0RC_0LC1LB_0LD1LC_1RD0RA	1729	5479	17325	0.500	0.502	0.073	LR	4.56	0.01	sqrt	bouncer_part	sqrt+log	11	1	31	1:1:3190 1:1:5467 1:1:4328 1:1:2164 1:1:1081 1:1:540 1:1:271 1:1:136 1:1:68 1:1:33 1:1:16
1RB0RC_0LC1LB_0RD1LB_1RA1RC	291	623	1339	0.331	0.331	0.332	LR	1.00	0.50	cube	sweepctr	-	2	1	2	2:01:627 2:01:710
1RB0RC_0LC1RA_0LD1LC_0RA1LA	200	432	928	0.333	0.333	0.335	LR	1.00	1.00	cube	sweepctr	-	3	2	2	1:1:712 2:01:132 1:1:82
1RB0RC_0LC1RA_0LD1LC_0RD1LA	200	430	928	0.333	0.333	0.335	LR	1.00	1.00	cube	sweepctr	-	3	2	2	1:1:230 2:01:422 1:1:274
1RB0RC_0LC1RA_0LD1RC_1RB1LD	229	493	1063	0.333	0.334	0.334	LR	1.00	1.00	cube	sweepctr	-	2	1	2	1:1:190 1:1:871
1RB0RC_0LC1RB_0LD1LC_1RD0RA	181	391	841	0.334	0.335	0.335	LR	1.00	1.99	cube	sweepctr	-	1	1	11	1:1:830
1RB0RC_0LC1RD_0LB1LA_1LB0RD	20	23	27	0.065	0.000	0.071	R	2.00	1.88	log	counter	-	1	1	11	7:0001011:16
1RB0RC_0LC1RD_0LB1LA_1LC0RD	20	23	26	0.057	0.000	0.062	R	2.00	1.96	log	counter	-	1	1	7	7:0000111:19
1RB0RC_0LC1RD_0LC1LA_1LB0RD	20	23	26	0.057	0.000	0.062	R	2.00	1.88	log	counter	-	0	0	26	-
1RB0RC_0LC1RD_1LB1LA_1LB0RD	26	31	35	0.065	0.000	0.069	R	1.62	1.91	log	counter	-	0	0	35	-
1RB0RC_0LC1RD_1LB1LA_1LC0RD	34	41	47	0.070	0.000	0.074	R	1.65	1.02	log	counter	-	1	1	23	10:0111011111:24
1RB0RC_0RC0LA_1LD1RC_1LB0LB	200	431	929	0.333	0.335	0.334	LR	1.00	1.00	cube	sweepctr	-	4	1	3	1:1:37 1:1:524 1:1:326 1:1:39
1RB0RC_0RC0LD_1LD1RA_1LB0LD	1013	3178	10019	0.498	0.500	0.077	LR	1.00	0.00	sqrt	bouncer_part	sqrt+log	2	2	20	3:011:2243 3:001:7756
1RB0RC_0RC0LD_1RD1RA_1LB1LA	104173	1041673	10416673	1.000	0.000	1.000	R	1.00	0.00	lin	linear	-	-	-	-	wide
1RB0RC_0RC0RA_1LC0LD_1RB1LD	223	484	1044	0.335	0.325	0.343	LR	1.01	0.42	cube	sweepctr	-	3	1	2	1:1:41 1:1:917 1:1:84
1RB0RC_0RC1LB_1LD1RC_0LB0LA	229	493	1063	0.333	0.336	0.333	LR	1.00	1.00	cube	sweepctr	-	2	1	3	1:1:870 1:1:190
1RB0RC_1LA0LA_0RB1LD_1RC0LD	18	22	25	0.071	0.079	0.000	L	2.00	2.08	log	counter	-	0	0	25	-
1RB0RC_1LA0RD_1LC1LB_0LC0RB	229	493	1063	0.333	0.336	0.333	LR	1.00	1.00	cube	sweepctr	-	3	2	3	1:0:455 1:0:260 1:1:345
1RB0RC_1LA1RB_0LD1LC_0RB1LD	181	391	843	0.334	0.335	0.335	LR	1.00	1.00	cube	sweepctr	-	2	1	2	1:1:612 1:1:229
1RB0RC_1LB1RA_0RB0LD_1LC1LD	1330	4169	13124	0.497	0.503	0.462	LR	2045.36	0.10	sqrt	bouncer_part	sqrt+sqrt	3	2	22	7:0011111:10042 2:01:2769 2:01:291
1RB0RC_1LC0LB_1RA0LD_1LB1RB	2000	5932	16452	0.458	0.459	0.053	LR	15542.50	0.01	sqrt	bouncer_part	sqrt+log	3	1	3	2:01:5084 2:01:10483 2:01:882
1RB0RC_1LC0LD_1RA0LB_0LA0RA	55772	557634	5576222	1.000	1.000	0.000	L	0.33	0.00	lin	linear	-	-	-	-	wide
1RB0RC_1LC0LD_1RA0LB_0LA0RB	82359	823536	8235301	1.000	1.000	0.000	L	0.33	0.00	lin	linear	-	-	-	-	wide
1RB0RC_1LC0LD_1RA0LB_0LA1LC	107149	1071433	10714291	1.000	1.000	0.000	L	1.67	0.00	lin	linear	-	-	-	-	wide
1RB0RC_1LC0LD_1RA0LB_1LB0LA	142864	1428577	14285721	1.000	1.000	0.000	L	1.00	0.00	lin	linear	-	-	-	-	wide
1RB0RC_1LC0LD_1RA0LB_1LB0LC	179494	1794877	17948724	1.000	1.000	0.000	L	1.00	0.00	lin	linear	-	-	-	-	wide
1RB0RC_1LC0LD_1RA1RD_1RC1LB	2049	6373	20049	0.495	0.000	0.496	R	1.00	0.00	sqrt	bouncer_part	sqrt+fix	4	3	17	2:01:29 8:01011111:17 1:1:9184 2:01:10802
1RB0RC_1LC0RA_0LD1LB_1LA0LA	1090	3714	12256	0.525	0.528	0.104	LR	16128.50	0.01	sqrt	bouncer_part	sqrt+log	3	2	0	3:011:1531 3:011:4562 6:011111:6163
1RB0RC_1LC0RA_0LD1LB_1LA1LC	1970	6531	21796	0.522	0.523	0.000	L	1.00	0.00	sqrt	bouncer_part	sqrt+fix	2	2	16	2:01:18117 1:1:3663
1RB0RC_1LC0RA_1RA1LD_0LC0LA	1269	4333	14109	0.523	0.118	0.529	LR	12107.50	0.02	sqrt	bouncer_part	sqrt+log	2	1	1	2:01:8014 2:01:6094
1RB0RC_1LC0RA_1RD0LB_1RA1RD	170737	1707321	17073175	1.000	0.000	1.000	R	1.00	0.00	lin	linear	-	-	-	-	wide
1RB0RC_1LC0RB_0LD1LA_0LD1RA	20	23	26	0.057	0.000	0.062	R	2.00	1.88	log	counter	-	0	0	26	-
1RB0RC_1LC0RB_1LD1LA_0LC1RA	33	40	47	0.077	0.000	0.083	R	1.42	1.89	log	counter	-	1	1	31	8:01111111:16
1RB0RC_1LC0RB_1LD1LA_0LC1RC	35	41	47	0.064	0.066	0.066	LR	2.00	0.98	log	counter	-	1	1	30	8:01010111:17
1RB0RC_1LC0RB_1LD1LA_0LD1RC	26	30	35	0.065	0.000	0.069	R	1.62	1.91	log	counter	-	0	0	35	-
1RB0RC_1LC0RB_1RA0LD_1LC0LD	1448	4513	14190	0.496	0.501	0.061	LR	14116.50	0.01	sqrt	bouncer_part	sqrt+log	2	1	55	2:01:9170 2:01:4965
1RB0RC_1LC0RC_1RA0LD_0LC1LD	1603	5027	15842	0.497	0.501	0.065	LR	11840.50	0.01	sqrt	bouncer_part	sqrt+log	6	2	42	3:011:8476 3:001:3379 3:001:2965 3:001:744 3:001:187 3:001:49
1RB0RC_1LC0RC_1RA0LD_1LC1LB	1437	4501	14174	0.497	0.501	0.061	LR	14118.50	0.01	sqrt	bouncer_part	sqrt+log	3	2	3	2:01:12131 2:01:2008 15:001001001101101:32
1RB0RC_1LC0RD_1LA0LC_0RD0LA	20	23	26	0.057	0.062	0.000	L	2.00	1.84	log	counter	-	0	0	26	-
1RB0RC_1LC0RD_1LD0LB_1RB1RA	1808	5714	18072	0.500	0.500	0.500	LR	1.00	0.65	sqrt	bouncer	sqrt+sqrt	3	2	1	5:00101:12907 2:01:1728 2:01:3436
1RB0RC_1LC0RD_1RA0LD_1LC0LD	1435	4497	14171	0.497	0.501	0.055	LR	14119.50	0.00	sqrt	bouncer_part	sqrt+log	3	2	17	2:01:12171 2:01:1966 8:00001001:17
1RB0RC_1LC0RD_1RA0LD_1LC1LB	1749	5503	17353	0.498	0.502	0.080	LR	8644.50	0.01	sqrt	bouncer_part	sqrt+log	12	2	41	2:01:1467 2:01:7188 2:01:4327 2:01:2162 2:01:1083 2:01:540 2:01:270 2:01:137 2:01:69 2:01:35 2:01:16 8:00101101:18
1RB0RC_1LC1LA_0LB1RD_1LB0RD	34	41	47	0.070	0.000	0.074	R	1.65	1.02	log	counter	-	0	0	47	-
1RB0RC_1LC1LA_0LB1RD_1LC0RD	26	31	35	0.065	0.000	0.069	R	1.62	1.91	log	counter	-	0	0	35	-
1RB0RC_1LC1LA_0LC1RD_1LB0RD	27	32	36	0.062	0.000	0.067	R	1.62	1.91	log	counter	-	0	0	36	-
1RB0RC_1LC1LA_1RA1LD_0LB0LA	1683	5479	14504	0.468	0.469	0.082	LR	0.20	0.01	sqrt	bouncer_part	sqrt+log	3	2	0	2:01:782 2:01:354 1:1:13368
1RB0RC_1LC1LB_1RA0LD_1RC0LA	1155	3654	11547	0.500	0.500	0.500	LR	1.00	0.96	sqrt	bouncer	sqrt+sqrt	2	1	1	1:1:8226 1:1:3320
1RB0RC_1LC1LD_1RA0LB_1LC0LA	1806	5716	18074	0.500	0.501	0.500	LR	5158.50	0.65	sqrt	bouncer	sqrt+sqrt	3	2	4	2:01:5168 5:00101:7275 5:00101:5627
1RB0RC_1LC1LD_1RA0LB_1LC0RA	1871	5915	18708	0.500	0.500	0.500	LR	10674.50	0.67	sqrt	bouncer	sqrt+sqrt	3	2	0	2:01:8412 2:01:2281 3:001:8015
1RB0RC_1LC1LD_1RA0LB_1LC1LA	1743	5493	17343	0.499	0.502	0.077	LR	8646.50	0.01	sqrt	bouncer_part	sqrt+log	12	2	7	2:01:8655 2:01:4329 2:01:1539 2:01:628 2:01:1085 2:01:542 2:01:273 2:01:140 2:01:71 2:01:37 2:01:18 7:0101011:19
1RB0RC_1LC1LD_1RA0LB_1LC1RA	1437	4501	14174	0.497	0.501	0.061	LR	14118.50	0.01	sqrt	bouncer_part	sqrt+log	3	2	3	2:01:2050 2:01:12088 15:001001001101101:33
1RB0RC_1LC1LD_1RD1LB_1RA0LB	1184	3738	12157	0.506	0.511	0.496	LR	3.00	0.33	sqrt	bouncer_part	sqrt+sqrt	403	27	2849	4:0111:19 10:0111011111:29 12:011111111111:24 6:011111:25 8:01111111:17 4:0111:16 12:011111111111:27 1:1:19 6:011111:33 1:1:19 4:0111:31 12:011111111111:27 1:1:17 10:0111111111:23 6:011111:16 12:011101111111:31 6:011111:21 16:0111011111111111:34 8:01111111:17 1:1:17 4:0111:16 1:1:27 10:0111011111:23 6:011111:16 4:0111:20 4:0111:18 1:1:28 6:011111:22 4:0111:16 6:011111:21 14:01110111111111:31 10:0111011111:22 4:0111:22 16:0111011111011111:34 1:1:19 16:0111011101111111:39 8:01111111:17 6:011111:25 1:1:17 4:0111:16 1:1:27 10:0111111111:23 1:1:25 1:1:19 10:0111111111:20 4:0111:19 1:1:25 4:0111:24 6:011111:20 6:011111:16 4:0111:16 10:0111011111:23 4:0111:19 10:0111011111:23 1:1:19 10:0111011111:24 1:1:27 16:0111111111111111:32 10:0111111111:21 4:0111:24 1:1:18 14:01110111011111:28 8:01111111:17 6:011111:16 10:0111011111:20 10:0111011111:53 12:011101111111:29 6:011111:27 10:0111011111:24 10:0111011111:33 4:0111:19 12:011101111111:27 4:0111:19 4:0111:19 4:0111:23 12:011101111111:25 8:01111111:19 10:0111111111:27 10:0111011111:20 14:01111101111111:31 14:01111111111111:29 6:011111:27 1:1:21 8:01111111:17 1:1:19 10:0111011111:37 6:011111:16 6:011111:21 4:0111:19 4:0111:22 12:011101111111:24 6:011111:19 1:1:17 1:1:19 6:011111:22 10:0111011111:24 4:0111:27 10:0111011111:22 8:01111111:21 1:1:21 12:011101111111:24 6:011111:21 6:011111:23 6:011111:23 4:0111:27 8:01111111:23 8:01111111:19 6:011111:23 12:011111111111:26 10:0111011111:38 4:0111:32 1:1:17 1:1:17 8:01111111:17 10:0111011111:20 10:0111011111:32 4:0111:18 10:0111011111:35 6:011111:17 1:1:19 8:01111111:19 4:0111:35 1:1:21 16:0111011111011111:33 1:1:31 14:01110111011111:28 6:011111:19 6:011111:17 1:1:18 4:0111:16 12:011101111111:25 1:1:27 1:1:19 12:011111111111:27 10:0111111111:20 1:1:23 12:011101111111:24 6:011111:21 10:0111011111:27 10:0111011111:20 4:0111:19 4:0111:27 10:0111011111:28 1:1:27 1:1:25 6:011111:19 10:0111011111:20 1:1:16 10:0111011111:20 1:1:16 1:1:23 1:1:17 10:0111011111:23 1:1:17 12:011101111111:31 1:1:16 6:011111:18 1:1:23 10:0111011111:25 1:1:25 6:011111:16 12:011101111111:31 6:011111:25 4:0111:23 1:1:16 4:0111:24 10:0111011111:23 1:1:23 1:1:17 8:01111111:17 4:0111:20 4:0111:22 8:01111111:21 8:01111111:18 6:011111:25 6:011111:16 4:0111:16 16:0111011111111111:33 14:01110111011111:28 6:011111:17 10:0111111111:21 10:0111011111:23 10:0111011111:36 16:0111011111011111:36 1:1:19 1:1:21 10:0111011111:23 6:011111:17 10:0111011111:22 4:0111:20 1:1:30 4:0111:16 8:01111111:17 1:1:19 1:1:19 6:011111:16 14:01110111111111:31 10:0111011111:31 4:0111:16 10:0111111111:20 6:011111:21 4:0111:16 4:0111:19 14:01110111011111:30 10:0111011111:27 6:011111:21 1:1:27 10:0111011111:23 8:01111111:19 6:011111:23 12:011101111111:24 10:0111111111:30 6:011111:17 10:0111011111:24 10:0111011111:22 4:0111:19 6:011111:33 10:0111111111:33 10:0111011111:27 12:011101111111:27 1:1:28 4:0111:24 8:01111111:19 6:011111:37 10:0111011111:25 10:0111111111:23 4:0111:23 1:1:17 1:1:19 4:0111:19 1:1:26 4:0111:23 1:1:17 6:011111:21 1:1:19 1:1:19 10:0111011111:33 16:0111011101111111:35 1:1:17 16:0111011101111111:35 1:1:21 6:011111:19 4:0111:23 10:0111111111:21 6:011111:19 4:0111:23 1:1:17 4:0111:19 4:0111:19 10:0111111111:20 14:01110111011111:41 1:1:17 6:011111:21 1:1:17 4:0111:20 6:011111:19 1:1:17 16:0111011111111111:40 8:01111111:19 16:0111011111011111:33 8:01111111:17 6:011111:16 8:01111111:19 8:01111111:17 10:0111011111:21 1:1:21 1:1:21 4:0111:16 14:01110111111111:29 1:1:19 16:0111111111111111:35 4:0111:20 10:0111011111:22 1:1:17 8:01111111:21 1:1:19 16:0111011101111111:37 4:0111:18 6:011111:27 4:0111:24 8:01111111:17 1:1:27 4:0111:19 16:0111011111111111:35 14:01111111111111:30 6:011111:19 12:011111111111:27 6:011111:25 6:011111:19 4:0111:19 12:011101111111:29 14:01110111011111:37 14:01111111111111:28 4:0111:20 6:011111:19 14:01110111011111:46 4:0111:23 4:0111:23 1:1:17 8:01111111:23 1:1:19 1:1:19 6:011111:22 4:0111:19 4:0111:19 6:011111:21 4:0111:23 6:011111:29 4:0111:27 1:1:17 1:1:17 14:01110111011111:32 1:1:17 4:0111:23 6:011111:17 8:01111111:19 10:0111111111:23 6:011111:21 10:0111111111:21 16:0111011111011111:33 1:1:19 6:011111:21 8:01111111:17 10:0111011111:23 6:011111:19 6:011111:21 4:0111:27 1:1:16 4:0111:23 4:0111:23 14:01110111011111:30 16:0111011101111111:32 16:0111111111111111:35 6:010111:17 4:0111:20 6:010111:21 16:0101110101110111:33 4:0111:16 6:010111:36 10:0101010111:21 2:01:17 8:01010111:19 2:01:16 10:0101110111:23 10:0101110111:53 4:0111:19 6:010111:19 2:01:17 6:010111:25 4:0111:19 12:010101110111:25 4:0111:19 2:01:17 10:0101010111:29 14:01010101110111:29 6:010111:16 14:01011101110111:32 8:01010111:17 6:010111:16 16:0101011101110111:32 6:010111:23 6:010111:27 4:0111:16 10:0101110111:23 12:010101110111:25 2:01:17 12:010101010111:27 4:0111:23 4:0111:18 12:010101110111:27 10:0101110111:23 2:01:25 6:010111:25 6:010111:21 10:0101110111:28 6:010111:27 12:010101010111:27 6:010111:21 12:010101110111:26 6:010111:29 6:010111:25 6:010111:22 2:01:17 16:0101110101110111:33 10:0101010111:33 4:0111:23 4:0111:31 6:010111:21 8:01010111:19 4:0111:39 14:01010101110111:33 6:010111:19 2:01:25 2:01:19 6:010111:27 2:01:17 2:01:17 4:0111:23 2:01:16 8:01010111:17 12:010101110111:25 6:010111:40 2:01:23
1RB0RC_1LC1RA_0LC0LD_0RA1LB	35	41	47	0.064	0.000	0.067	R	24572.50	0.98	log	counter	-	0	0	47	-
1RB0RC_1LC1RA_1RA0LD_0LC1LD	1641	5173	16339	0.499	0.500	0.040	LR	10872.50	0.00	sqrt	bouncer_part	sqrt+log	8	2	15	4:0111:9630 4:0011:1254 4:0011:3631 4:0011:1209 4:0011:404 4:0011:135 4:0011:44 4:0011:17
1RB0RC_1LC1RA_1RA0LD_1LC0LD	1431	4493	14165	0.498	0.501	0.052	LR	14122.50	0.01	sqrt	bouncer_part	sqrt+log	2	1	26	2:01:1982 2:01:12157
1RB0RC_1LC1RA_1RA0LD_1LC1LA	28353	283414	2834019	1.000	1.000	0.000	L	0.13	0.00	lin	linear	-	-	-	-	wide
1RB0RC_1LC1RA_1RA1LD_0LC0LA	428	962	2043	0.339	0.346	0.326	LR	1.78	0.17	cube	sweepctr	-	2	2	14	2:01:835 1:1:1194
1RB0RC_1LC1RB_1RA0LD_1LC0LD	1422	4482	14153	0.499	0.501	0.045	LR	14121.50	0.01	sqrt	bouncer_part	sqrt+log	2	1	14	2:01:12187 2:01:1952
1RB0RC_1LC1RC_1RA0LD_1LC0LD	1438	4502	14175	0.497	0.501	0.055	LR	14118.50	0.01	sqrt	bouncer_part	sqrt+log	3	2	19	2:01:12133 2:01:2004 9:000001001:19
1RB0RC_1LC1RC_1RA0LD_1LC1LB	1437	4501	14174	0.497	0.501	0.061	LR	14118.50	0.01	sqrt	bouncer_part	sqrt+log	3	2	5	2:01:2034 2:01:12104 15:000000001001001:31
1RB0RC_1LC1RD_0LB1LA_1LC0RD	26	30	35	0.065	0.000	0.069	R	1.62	1.91	log	counter	-	0	0	35	-
1RB0RC_1LC1RD_0LC1LA_1LB0RD	27	31	36	0.062	0.000	0.067	R	1.62	1.91	log	counter	-	0	0	36	-
1RB0RC_1LC1RD_1RA1LD_0LC0LA	1964	4749	19164	0.495	0.496	0.062	LR	0.33	0.01	sqrt	bouncer_part	sqrt+log	2	2	1	2:01:18141 1:1:1022
1RB0RC_1RC---_0LD0RA_0LA1LD	35	43	49	0.073	0.079	0.000	L	32766.50	0.96	log	counter	-	0	0	49	-
1RB0RC_1RC0LA_0LD0RB_1LB1LD	313	677	1469	0.336	0.337	0.334	LR	136.90	1.00	cube	sweepctr	-	3	2	4	2:01:1065 1:1:96 1:1:304
1RB0RC_1RC0LB_1LD1RD_1LA0LA	36	42	48	0.062	0.067	0.000	L	8190.50	0.02	log	counter	-	0	0	48	-
1RB0RC_1RC0LD_1LD0LA_0RB1LA	18	22	25	0.071	0.000	0.075	R	2.00	1.88	log	counter	-	0	0	25	-
1RB0RC_1RC0RA_1LD0LD_1LA1LD	870	2741	8664	0.499	0.500	0.498	LR	3136.14	0.42	sqrt	bouncer_part	sqrt+sqrt	2	2	11	6:010111:5008 3:011:3645
1RB0RC_1RC0RB_1LA0LD_1LD0LA	19	23	26	0.068	0.079	0.000	L	2.00	1.80	log	counter	-	0	0	26	-
1RB0RC_1RC1LB_0LB0RD_0LA1RD	180	390	842	0.335	0.337	0.335	LR	1.00	1.00	cube	sweepctr	-	2	1	2	1:1:232 1:1:608
1RB0RC_1RC1LB_1LD0RA_0LD1RA	68972	689661	6896558	1.000	0.000	1.000	R	2.08	0.00	lin	linear	-	-	-	-	wide
1RB0RC_1RC1LB_1LD0RC_0LB0LA	826	2594	8177	0.498	0.052	0.501	LR	2714.28	0.01	sqrt	bouncer_part	sqrt+log	2	2	16	1:0:155 1:1:8006
1RB0RC_1RC1LB_1LD1RA_0LD0LC	603	1895	5981	0.498	0.505	0.000	L	1.00	0.00	sqrt	bouncer_part	sqrt+fix	3	2	21	2:01:2679 2:01:2090 1:1:1191
1RB0RC_1RC1LC_0LD1RA_1LB1LD	1619	5138	16244	0.501	0.501	0.500	LR	1.00	0.62	sqrt	bouncer	sqrt+sqrt	3	3	4	3:011:3747 5:01011:2477 5:01111:10016
1RB0RC_1RC1RA_1LD0RB_1LA0LC	142861	1428577	14285719	1.000	0.000	1.000	R	0.60	0.00	lin	linear	-	-	-	-	wide
1RB0RC_1RC1RA_1LD1LA_0RA0LD	49	61	70	0.077	0.000	0.080	R	1.00	0.65	log	counter	-	1	1	53	6:000001:17
1RB0RC_1RC1RB_0LD1RA_1LB1LD	1402	4473	13957	0.499	0.082	0.503	LR	1.00	0.01	sqrt	bouncer_part	sqrt+log	2	2	2	2:01:9547 1:1:4408
1RB0RD_0LB0LC_1LD1LB_1RA1RD	37	43	49	0.061	0.066	0.000	L	28668.50	1.83	log	counter	-	1	1	30	8:01111111:19
1RB0RD_0LB0LC_1RA1LC_1RB1RD	145	311	670	0.332	0.335	0.000	L	1.00	2.00	cube	sweepctr	-	2	1	3	1:1:167 1:1:500
1RB0RD_0LB0LC_1RA1LD_1LC0RA	35	43	49	0.073	0.077	0.000	L	32766.50	1.00	log	counter	-	0	0	49	-
1RB0RD_0LB0LC_1RD1LC_0LC1RA	34	41	48	0.075	0.079	0.000	L	1.43	0.98	log	counter	-	0	0	48	-
1RB0RD_0LB1LC_0RC1RA_1LB0RD	20	24	27	0.065	0.000	0.071	R	2.00	1.88	log	counter	-	0	0	27	-
1RB0RD_0LB1LC_1RA1LB_1RA1RD	1738	5484	17330	0.499	0.073	0.501	LR	8650.50	0.01	sqrt	bouncer_part	sqrt+log	10	2	26	9:011111111:22 1:1:34 1:1:68 1:1:135 1:1:271 1:1:541 1:1:1082 1:1:2164 1:1:4329 1:1:8658
1RB0RD_0LB1RC_1LD0RC_0LB1LA	20	23	26	0.057	0.000	0.062	R	2.00	1.96	log	counter	-	0	0	26	-
1RB0RD_0LB1RC_1LD0RC_1LB1LA	27	32	36	0.062	0.000	0.067	R	1.62	1.91	log	counter	-	0	0	36	-
1RB0RD_0LC0RA_1LA1LC_0LA1RD	113	245	530	0.336	0.339	0.000	L	1.00	3.98	cube	sweepctr	-	2	1	3	1:1:259 1:1:268
1RB0RD_0LC0RA_1RA1LC_0LA0LC	48	57	67	0.072	0.076	0.069	LR	1.45	1.33	log	counter	-	2	2	30	6:011111:17 9:011011111:20
1RB0RD_0LC0RA_1RC1LD_1LB1RA	1387	4354	13711	0.497	0.495	0.498	LR	7.00	0.13	sqrt	bouncer_part	sqrt+sqrt	435	4	1284	4:0011:18 4:0011:30 4:0011:30 4:0011:30 4:0011:30 4:0011:30 4:0011:30 4:0011:30 4:0011:30 4:0011:27 4:0011:34 13:0111011101111:30 5:01111:17 4:0111:20 4:0111:27 4:0111:27 4:0111:27 4:0111:27 4:0111:27 4:0111:27 4:0111:27 4:0111:27 4:0111:27 4:0111:27 4:0111:27 4:0111:27 4:0111:27 4:0111:27 4:0111:27 4:0111:27 4:0111:27 4:0111:27 4:0111:27 4:0111:27 4:0111:27 4:0111:27 4:0111:27 4:0111:27 4:0111:27 4:0111:27 4:0111:27 4:0111:27 4:0111:27 4:0111:27 4:0111:27 4:0111:27 4:0111:27 4:0111:27 4:0111:27 4:0111:27 4:0111:27 4:0111:27 4:0111:27 4:0111:27 4:0111:27 4:0111:27 4:0111:27 4:0111:27 4:0111:27 4:0111:27 4:0111:27 4:0111:27 4:0111:27 4:0111:27 4:0111:27 4:0111:27 4:0111:27 4:0111:27 4:0111:27 4:0111:27 4:0111:27 4:0111:27 4:0111:27 4:0111:27 4:0111:27 4:0111:27 4:0111:27 4:0111:27 4:0111:27 4:0111:27 4:0111:27 4:0111:27 4:0111:27 4:0111:27 4:0111:27 4:0111:27 4:0111:27 4:0111:27 4:0111:27 4:0111:27 4:0111:27 4:0111:27 4:0111:27 4:0111:27 4:0111:27 4:0111:27 4:0111:27 4:0111:27 4:0111:27 4:0111:27 4:0111:27 4:0111:27 4:0111:27 4:0111:27 4:0111:27 4:0111:27 4:0111:27 4:0111:27 4:0111:27 4:0111:27 4:0111:27 4:0111:27 4:0111:27 4:0111:27 4:0111:27 4:0111:27 4:0111:27 4:0111:27 4:0111:27 4:0111:27 4:0111:27 4:0111:27 4:0111:27 4:0111:27 4:0111:27 4:0111:27 4:0111:27 4:0111:27 4:0111:27 4:0111:27 4:0111:27 4:0111:27 4:0111:27 4:0111:27 4:0111:27 4:0111:27 4:0111:27 4:0111:27 4:0111:27 4:0111:27 4:0111:27 4:0111:27 4:0111:27 4:0111:27 4:0111:27 4:0111:27 4:0111:27 4:0111:27 4:0111:27 4:0111:27 4:0111:27 4:0111:27 4:0111:27 4:0111:27 4:0111:27 4:0111:27 4:0111:27 4:0111:27 4:0111:27 4:0111:27 4:0111:27 4:0111:27 4:0111:27 4:0111:27 4:0111:27 4:0111:27 4:0111:27 4:0111:27 4:0111:27 4:0111:27 4:0111:27 4:0111:27 4:0111:27 4:0111:27 4:0111:27 4:0111:27 4:0111:27 4:0111:27 4:0111:27 4:0111:27 4:0111:27 4:0111:27 4:0111:27 4:0111:27 4:0111:27 4:0111:27 4:0111:27 4:0111:27 4:0111:27 4:0111:27 4:0111:27 4:0111:27 4:0111:27 4:0111:27 4:0111:27 4:0111:27 4:0111:27 4:0111:27 4:0111:27 4:0111:27 4:0111:27 4:0111:27 4:0111:27 4:0111:27 4:0111:27 4:0111:27 4:0111:27 4:0111:27 4:0111:27 4:0111:27 4:0111:27 4:0111:27 4:0111:27 4:0111:27 4:0111:27 4:0111:27 4:0111:27 4:0111:27 4:0111:27 4:0111:27 4:0111:27 4:0111:27 4:0111:27 4:0111:27 4:0111:27 4:0111:27 4:0111:27 4:0111:27 4:0111:27 4:0111:27 4:0111:27 4:0111:27 4:0111:27 4:0111:27 4:0111:27 4:0111:27 4:0111:27 4:0111:27 4:0111:27 4:0111:27 4:0111:27 4:0111:27 4:0111:27 4:0111:27 4:0111:27 4:0111:27 4:0111:27 4:0111:27 4:0111:27 4:0111:27 4:0111:27 4:0111:27 4:0111:27 4:0111:27 4:0111:27 4:0111:27 4:0111:27 4:0111:27 4:0111:27 4:0111:27 4:0111:27 4:0111:27 4:0111:27 4:0111:27 4:0111:27 4:0111:27 4:0111:27 4:0111:27 4:0111:27 4:0111:27 4:0111:27 4:0111:27 4:0111:27 4:0111:27 4:0111:27 4:0111:27 4:0111:27 4:0111:27 4:0111:27 4:0111:27 4:0111:27 4:0111:27 4:0111:27 4:0111:27 4:0111:27 4:0111:27 4:0111:27 4:0111:27 4:0111:27 4:0111:27 4:0111:27 4:0111:27 4:0111:27 4:0111:27 4:0111:27 4:0111:27 4:0111:27 4:0111:27 4:0111:27 4:0111:27 4:0111:27 4:0111:27 4:0111:27 4:0111:27 4:0111:27 4:0111:27 4:0111:27 4:0111:27 4:0111:27 4:0111:27 4:0111:27 4:0111:27 4:0111:27 4:0111:27 4:0111:27 4:0111:27 4:0111:27 4:0111:27 4:0111:27 4:0111:27 4:0111:27 4:0111:27 4:0111:27 4:0111:27 4:0111:27 4:0111:27 4:0111:27 4:0111:27 4:0111:27 4:0111:27 4:0111:27 4:0111:27 4:0111:27 4:0111:27 4:0111:27 4:0111:27 4:0111:27 4:0111:27 4:0111:27 4:0111:27 4:0111:27 4:0111:27 4:0111:27 4:0111:27 4:0111:27 4:0111:27 4:0111:27 4:0111:27 4:0111:27 4:0111:27 4:0111:27 4:0111:27 4:0111:27 4:0111:27 4:0111:27 4:0111:27 4:0111:27 4:0111:27 4:0111:27 4:0111:27 4:0111:27 4:0111:27 4:0111:27 4:0111:27 4:0111:27 4:0111:27 4:0111:27 4:0111:27 4:0111:27 4:0111:27 4:0111:27 4:0111:27 4:0111:27 4:0111:27 4:0111:27 4:0111:27 4:0111:27 4:0111:27 4:0111:27 4:0111:27 4:0111:27 4:0111:27 4:0111:27 4:0111:27 4:0111:27 4:0111:27 4:0111:27 4:0111:27 4:0111:27 4:0111:27 4:0111:27 4:0111:27 4:0111:27 4:0111:27 4:0111:27 4:0111:27 4:0111:27 4:0111:27 4:0111:27 4:0111:27 4:0111:27 4:0111:27 4:0111:27 4:0111:27 4:0111:27 4:0111:27 4:0111:27 4:0111:27 4:0111:27 4:0111:27 4:0111:27 4:0111:27 4:0111:27 4:0111:27 4:0111:27 4:0111:27 4:0111:27 4:0111:27 4:0111:27 4:0111:27 4:0111:27 4:0111:27 4:0111:27 4:0111:27 4:0111:27 4:0111:27 4:0111:27 4:0111:27 4:0111:27 4:0111:27 4:0111:27 4:0111:27 4:0111:27 4:0111:703 4:0111:25
1RB0RD_0LC0RB_1LA1LC_0LA1RD	18	22	25	0.071	0.079	0.000	L	2.00	3.58	log	counter	-	0	0	25	-
1RB0RD_0LC0RB_1LA1LC_0LC1RD	19	22	25	0.060	0.066	0.000	L	2.00	3.58	log	counter	-	0	0	25	-
1RB0RD_0LC1RA_1LA1LD_0RB1LB	1317	4166	13175	0.500	0.501	0.500	LR	1.00	1.22	sqrt	bouncer	sqrt+sqrt	1	1	5	9:001111111:13170
1RB0RD_0LC1RA_1RB1LC_0LC1RD	229	493	1063	0.333	0.334	0.334	LR	1.00	1.00	cube	sweepctr	-	2	1	2	1:1:192 1:1:869
1RB0RD_0LC1RA_1RD1LC_0LA1RB	48	59	68	0.076	0.076	0.079	LR	1.43	1.31	log	counter	-	2	2	18	12:011111111111:24 12:011011011111:26
1RB0RD_0LC1RB_1RA1LC_0LA1RB	145	311	670	0.332	0.335	0.000	L	1.00	2.00	cube	sweepctr	-	2	1	2	1:1:165 1:1:503
1RB0RD_0LC1RB_1RA1LC_0LC1RB	183	391	843	0.332	0.333	0.333	LR	1.00	1.00	cube	sweepctr	-	2	1	2	1:1:687 1:1:154
1RB0RD_0LC1RB_1RA1LC_1LA1RB	183	391	843	0.332	0.333	0.333	LR	1.00	1.00	cube	sweepctr	-	2	1	2	1:1:687 1:1:154
1RB0RD_0LC1RC_0RA1LD_1RC0LD	1443	4605	14182	0.496	0.048	0.498	LR	1.00	0.00	sqrt	bouncer_part	sqrt+log	4	3	14	3:001:562 3:011:7890 2:01:4546 2:01:1170
1RB0RD_0LC1RD_1RA1LC_0LC1RB	183	391	843	0.332	0.333	0.333	LR	1.00	1.00	cube	sweepctr	-	2	1	2	1:1:687 1:1:154
1RB0RD_0RC0LB_1LD1RD_1LB1RA	1317	4158	13148	0.500	0.500	0.499	LR	1.00	0.60	sqrt	bouncer	sqrt+sqrt	3	3	3	4:0111:1589 4:0011:7970 3:011:3586
1RB0RD_0RC0LD_1LD1RA_1LB0LD	1015	3180	10021	0.497	0.501	0.066	LR	1.00	0.00	sqrt	bouncer_part	sqrt+log	2	2	23	3:011:4481 3:001:5517
1RB0RD_0RC0LD_1LD1RC_0LA1LB	34	41	47	0.070	0.000	0.072	R	1.65	0.98	log	counter	-	1	1	26	10:0111011111:21
1RB0RD_0RC1LB_1LA1RC_0LB1LD	181	391	843	0.334	0.337	0.333	LR	1.00	1.00	cube	sweepctr	-	2	1	2	1:1:613 1:1:228
1RB0RD_0RC1LB_1LD1RC_0LB0LA	227	493	1061	0.335	0.337	0.334	LR	1.00	1.00	cube	sweepctr	-	2	1	3	1:1:436 1:1:622
1RB0RD_0RC1RA_0RD1RB_1LD0LA	72474	724650	7246388	1.000	0.000	1.000	R	2.78	0.00	lin	linear	-	-	-	-	wide
1RB0RD_0RC1RA_1LD1LA_1LD0LA	1179	3723	11769	0.500	0.500	0.500	LR	1.00	0.99	sqrt	bouncer	sqrt+sqrt	2	1	2	1:1:7463 1:1:4304
1RB0RD_0RC1RB_1LD0RB_0LD1LA	36	42	48	0.062	0.000	0.066	R	24574.50	0.96	log	counter	-	0	0	48	-
1RB0RD_0RC1RB_1LD0RC_0LD1LA	20	23	27	0.065	0.000	0.071	R	2.00	1.81	log	counter	-	0	0	27	-
1RB0RD_0RC1RC_1LD0RB_0LD1LA	37	43	51	0.070	0.000	0.073	R	40958.50	0.04	log	counter	-	0	0	51	-
1RB0RD_1LB0LC_1LD1LB_1RA1RD	1745	5494	17339	0.499	0.062	0.501	LR	1.00	0.01	sqrt	bouncer_part	sqrt+log	2	1	23	3:011:11717 3:011:5599
1RB0RD_1LC0LA_1LA0LC_1RD0RB	19	23	26	0.068	0.000	0.079	R	2.00	1.76	log	counter	-	0	0	26	-
1RB0RD_1LC0LB_0RA1LB_1RA1RC	37	43	52	0.074	0.000	0.079	R	1.00	0.96	log	counter	-	0	0	52	-
1RB0RD_1LC0LB_1LD0LB_1RD0RA	37	43	49	0.061	0.000	0.067	R	24574.50	0.94	log	counter	-	0	0	49	-
1RB0RD_1LC0LB_1LD1LA_1RA0LC	150690	1506854	15068495	1.000	1.000	0.000	L	1.00	0.00	lin	linear	-	-	-	-	wide
1RB0RD_1LC0LB_1RA0LB_1RD0RC	1438	4502	14175	0.497	0.501	0.055	LR	14118.50	0.01	sqrt	bouncer_part	sqrt+log	3	2	18	2:01:12133 2:01:2004 6:000001:20
1RB0RD_1LC0LC_1LD0LB_1RD0RA	37	43	49	0.061	0.000	0.067	R	24574.50	0.94	log	counter	-	0	0	49	-
1RB0RD_1LC0LC_1LD1LC_1RA0RB	868	2741	8663	0.500	0.500	0.499	LR	3138.32	0.42	sqrt	bouncer_part	sqrt+sqrt	2	2	14	6:010111:5008 3:011:3641
1RB0RD_1LC0LC_1RA1LB_0RA0RB	29883	298539	2985107	1.000	1.000	0.000	L	7.53	0.00	lin	linear	-	-	-	-	wide
1RB0RD_1LC0LC_1RA1LB_0RC0RB	33545	335217	3351981	1.000	1.000	0.000	L	7.53	0.00	lin	linear	-	-	-	-	wide
1RB0RD_1LC0LC_1RA1LB_0RC0RD	38	46	52	0.068	0.079	0.000	L	36862.50	0.06	log	counter	-	0	0	52	-
1RB0RD_1LC0LC_1RD1LB_0RB1RA	1948	6212	19586	0.501	0.501	0.501	LR	0.33	0.99	sqrt	bouncer	sqrt+sqrt	293	41	5413	2:01:7825 6:010111:20 8:01011111:21 8:01111111:20 8:01111111:17 8:01111111:19 14:01111111111111:29 14:01011101111111:29 10:0101110111:23 8:01111111:23 14:01011111110111:31 8:01011111:17 8:01010111:20 4:0111:17 6:010111:17 8:01111111:18 6:011111:19 8:01010111:17 10:0101011111:21 2:01:17 6:010111:19 8:01011111:23 10:0101010111:23 10:0111111111:21 1:1:19 10:0101010111:26 8:01111111:17 8:01111111:19 8:01010111:23 10:0101111111:23 8:01111111:19 14:01011111111111:29 6:011111:17 10:0101011111:21 1:1:17 8:01010111:18 10:0111111111:31 14:01011111011111:31 10:0101011111:26 10:0101110111:29 6:011111:17 8:01111111:17 4:0111:21 10:0101011111:31 6:010111:19 12:010101110111:31 8:01011111:16 10:0101011111:22 6:010111:17 6:011111:23 8:01011111:17 12:011101111111:25 8:01011111:19 8:01010111:17 10:0101110111:31 10:0101111111:21 1:1:17 8:01111111:17 10:0111011111:22 10:0111011111:29 1:1:19 8:01111111:19 6:011111:19 14:01111101111111:29 2:01:25 6:010111:19 8:01011111:17 10:0101010111:21 6:011111:17 8:01011111:17 2:01:17 6:011111:17 8:01010111:19 8:01010111:19 14:01011111111111:30 10:0111111111:21 10:0101110111:21 6:011111:16 12:011111111111:25 8:01111111:23 6:011111:21 10:0101111111:21 16:0111110111111111:32 6:010111:19 8:01111111:17 8:01011111:17 8:01011111:17 6:011111:16 8:01111111:23 6:011111:23 6:010111:21 4:0111:21 12:010101011111:25 12:010111110111:32 8:01111111:17 8:01010111:21 10:0101111111:23 8:01010111:19 8:01010111:17 12:010101111111:27 1:1:17 8:01111111:19 10:0101011111:21 6:010111:17 8:01010111:17 1:1:21 12:010101110111:27 14:01110111111111:29 8:01010111:25 14:01011101110111:33 10:0101111111:20 10:0101111111:25 8:01010111:17 4:0111:19 8:01010111:19 8:01111111:23 6:011111:17 6:011111:23 8:01011111:20 8:01111111:17 8:01010111:19 10:0111111111:21 6:010111:19 6:011111:17 4:0111:17 8:01011111:17 8:01010111:19 6:010111:17 6:010111:19 14:01010111111111:31 8:01111111:17 6:011111:17 8:01010111:27 8:01010111:19 6:010111:17 8:01011111:23 12:010101011111:33 10:0101011111:21 6:010111:17 4:0111:21 10:0101011111:20 12:010101111111:31 12:011101111111:29 8:01010111:17 4:0111:19 6:010111:26 12:010101111111:24 6:010111:16 8:01011111:19 12:010101111111:29 8:01111111:17 8:01010111:19 6:010111:17 10:0101111111:20 8:01011111:22 6:011111:17 8:01111111:17 6:010111:19 10:0111111111:21 4:0111:17 8:01111111:21 10:0101110111:25 14:01111101111111:35 10:0111011111:21 10:0101010111:25 8:01010111:17 16:0111011111111111:36 8:01011111:18 8:01010111:16 14:01010101110111:31 6:010111:21 8:01010111:19 8:01010111:19 4:0111:21 6:010111:17 8:01111111:17 6:011111:19 8:01111111:17 10:0111111111:27 8:01111111:17 6:010111:17 8:01011111:21 10:0101011111:24 8:01011111:17 12:010111110111:25 12:010101010111:27 14:01111111111111:33 6:010111:17 10:0101111111:23 8:01011111:23 8:01010111:23 8:01010111:16 8:01111111:17 10:0101010111:21 6:011111:23 10:0101011111:21 10:0111011111:23 12:010101010111:27 14:01011101110111:29 10:0111011111:27 8:01010111:19 6:010111:17 8:01010111:19 10:0101110111:21 8:01111111:17 6:010111:19 8:01011111:23 10:0111011111:23 10:0101011111:27 6:011111:19 10:0111011111:21 8:01010111:19 10:0101111111:21 8:01010111:21 6:011111:21 8:01111111:17 10:0101110111:20 8:01111111:19 12:010101110111:24 6:011111:17 12:011101111111:27 8:01111111:19 8:01011111:19 10:0101011111:21 8:01111111:17 10:0101011111:23 2:01:25 12:010111111111:25 6:010111:16 16:0101111111011111:33 2:01:21 8:01111111:16 10:0101110111:25 2:01:19 12:011101111111:29 2:01:21 10:0101111111:21 14:01010101111111:39 8:01011111:19 14:01011101110111:29 12:010101010111:27 6:010111:17 8:01111111:31 10:0111011111:21 16:0111011101111111:35 10:0101111111:21 10:0111111111:27 8:01010111:17 8:01010111:17 10:0111011111:22 8:01011111:23 8:01111111:17 12:010101011111:25 4:0111:19 8:01010111:25 10:0101110111:20 6:011111:27 8:01111111:19 8:01111111:17 16:0101110101111111:33 12:011101111111:25 16:0101011101111111:33 8:01111111:19 1:1:19 8:01111111:19 8:01010111:26 14:01011111011111:28 16:0111011101111111:33 6:011111:17 6:011111:17 8:01011111:23 4:0111:19 8:01111111:17 10:0101110111:23 4:0111:21 10:0111011111:21 8:01011111:19 12:010101011111:25 6:011111:19 16:0101011101111111:33 10:0101011111:23 6:011111:19 10:0101111111:23 8:01011111:21 8:01111111:21 8:01010111:17 10:0101110111:25 16:0101011111110111:36 8:01011111:17 8:01010111:19 1:1:20 16:0101010111110111:32 16:0101010111110111:34
1RB0RD_1LC0LD_1LD1LB_1RA0LC	142860	1428575	14285717	1.000	1.000	0.000	L	0.60	0.00	lin	linear	-	-	-	-	wide
1RB0RD_1LC0RA_1LA0LB_0RC0LA	82360	823534	8235300	1.000	0.000	1.000	R	0.33	0.00	lin	linear	-	-	-	-	wide
1RB0RD_1LC0RA_1LA0LB_0RC0LC	55773	557635	5576223	1.000	0.000	1.000	R	0.33	0.00	lin	linear	-	-	-	-	wide
1RB0RD_1LC0RA_1LA0LB_0RC0RB	102045	1020413	10204086	1.000	0.000	1.000	R	0.33	0.00	lin	linear	-	-	-	-	wide
1RB0RD_1LC0RA_1LA0LB_0RC1RB	107113	1071401	10714255	1.000	0.000	1.000	R	1.67	0.00	lin	linear	-	-	-	-	wide
1RB0RD_1LC0RA_1LA0LB_1RA0RC	142862	1428576	14285720	1.000	0.000	1.000	R	1.00	0.00	lin	linear	-	-	-	-	wide
1RB0RD_1LC0RA_1LA1LC_1LD0LC	954	3014	9527	0.500	0.500	0.500	LR	4067.72	0.68	sqrt	bouncer	sqrt+sqrt	2	2	2	14:01011010111011:2849 14:00110111101111:6676
1RB0RD_1LC0RA_1LD0LC_1RA0LB	1915	6051	19147	0.500	0.501	0.499	LR	1.00	0.44	sqrt	bouncer_part	sqrt+sqrt	3	2	1	14:00101001010101:12184 2:01:1292 2:01:5670
1RB0RD_1LC0RA_1RA1LB_0RC1RB	225812	2258068	22580650	1.000	0.000	1.000	R	1.00	0.00	lin	linear	-	-	-	-	wide
1RB0RD_1LC0RB_0LC1RA_1LD1LA	20	23	27	0.065	0.000	0.071	R	2.00	1.88	log	counter	-	0	0	27	-
1RB0RD_1LC0RB_0LC1RD_0LA0RB	19	22	25	0.060	0.000	0.062	R	2.00	1.96	log	counter	-	0	0	25	-
1RB0RD_1LC0RB_0LC1RD_0LA1LA	18	22	25	0.071	0.000	0.075	R	2.00	2.12	log	counter	-	0	0	25	-
1RB0RD_1LC0RB_0LC1RD_1LA0LA	18	22	25	0.071	0.000	0.075	R	2.00	2.12	log	counter	-	0	0	25	-
1RB0RD_1LC0RB_0LC1RD_1LA1LA	19	22	26	0.068	0.000	0.071	R	2.00	2.12	log	counter	-	0	0	26	-
1RB0RD_1LC0RB_0LC1RD_1LC1LA	19	22	25	0.060	0.000	0.062	R	2.00	2.12	log	counter	-	0	0	25	-
1RB0RD_1LC0RC_1LD0LC_1RA0LC	1435	4497	14171	0.497	0.501	0.055	LR	14119.50	0.00	sqrt	bouncer_part	sqrt+log	3	2	17	2:01:12171 2:01:1966 8:00001001:17
1RB0RD_1LC0RC_1RA0LB_1RB---	189193	1891897	18918923	1.000	0.000	1.000	R	1.00	0.00	lin	linear	-	-	-	-	wide
1RB0RD_1LC0RC_1RA0LD_0LC1LD	1426	4487	14160	0.498	0.500	0.082	LR	14121.50	0.00	sqrt	bouncer_part	sqrt+log	2	2	21	3:011:4363 3:001:9776
1RB0RD_1LC0RC_1RA0LD_1RC0LB	259262	2592597	25925931	1.000	0.000	1.000	R	1.00	0.00	lin	linear	-	-	-	-	wide
1RB0RD_1LC0RC_1RA1LC_1LD0LC	1339	4240	13414	0.500	0.500	0.501	LR	1.00	1.12	sqrt	bouncer	sqrt+sqrt	2	1	4	1:1:6444 1:1:6966
1RB0RD_1LC0RD_0RA1LD_1RC0LD	1294	4082	12910	0.499	0.500	0.499	LR	4283.06	0.48	sqrt	bouncer_part	sqrt+sqrt	3	3	7	5:01011:8139 5:01111:4741 7:0111111:23
1RB0RD_1LC0RD_1LA1LB_0LB1RA	288	620	1336	0.333	0.334	0.333	LR	84239.50	1.00	cube	sweepctr	-	3	2	1	2:01:204 2:01:156 1:1:975
1RB0RD_1LC1LA_0LC1RD_0LA0RB	18	22	25	0.071	0.000	0.075	R	2.00	1.96	log	counter	-	0	0	25	-
1RB0RD_1LC1LA_0LC1RD_0RB0RB	19	22	26	0.068	0.000	0.071	R	2.00	1.96	log	counter	-	0	0	26	-
1RB0RD_1LC1LA_0LC1RD_0RB0RD	34	40	46	0.066	0.000	0.067	R	24571.50	1.00	log	counter	-	1	1	13	16:0000000000010001:33
1RB0RD_1LC1LA_0LC1RD_1LC0RB	19	22	25	0.060	0.000	0.062	R	2.00	1.96	log	counter	-	0	0	25	-
1RB0RD_1LC1LB_0RA0LC_1RA1RD	49	58	70	0.077	0.000	0.082	R	1.00	1.29	log	counter	-	2	2	11	15:000001001001001:38 6:000001:21
1RB0RD_1LC1LB_0RA0LC_1RB1RD	34	42	48	0.075	0.000	0.081	R	36860.50	1.89	log	counter	-	0	0	48	-
1RB0RD_1LC1LB_1RA0LB_0RB1RA	1742	5488	17334	0.499	0.501	0.051	LR	4.56	0.01	sqrt	bouncer_part	sqrt+log	7	2	37	3:011:12843 3:011:140 3:011:3242 3:011:807 3:011:199 3:011:46 8:01101111:20
1RB0RD_1LC1LB_1RA0LB_1LC1RA	1942	6132	19380	0.500	0.501	0.073	LR	4.56	0.01	sqrt	bouncer_part	sqrt+log	8	2	22	3:011:2337 3:011:12179 3:011:3625 3:011:903 3:011:223 3:011:52 8:01011011:21 3:011:18
1RB0RD_1LC1LB_1RA0LC_0LB0RD	51	60	69	0.066	0.069	0.000	L	0.20	0.68	log	counter	-	3	3	11	9:000001001:18 3:001:20 6:000001:20
1RB0RD_1LC1LB_1RD0LB_0RD1RA	2176	6918	21896	0.501	0.502	0.000	L	9.53	0.00	sqrt	bouncer_part	sqrt+fix	4	4	33	7:0010101:8128 7:0111111:4618 7:0101111:17 5:01111:9100
1RB0RD_1LC1LB_1RD0LB_1RD1RA	1592	5014	15826	0.499	0.501	0.051	LR	11841.50	0.01	sqrt	bouncer_part	sqrt+log	6	1	39	3:011:10015 3:011:1839 3:011:2963 3:011:740 3:011:184 3:011:46
1RB0RD_1LC1LD_0RD0LB_1LB1RA	1442	4500	14170	0.496	0.497	0.000	L	14121.50	0.00	sqrt	bouncer_part	sqrt+fix	3	3	11	2:01:12686 1:1:1450 10:0101111111:23
1RB0RD_1LC1LD_1LA0LB_1LB1RA	2189	6521	20197	0.483	0.483	0.000	L	1.00	0.00	sqrt	bouncer_part	sqrt+fix	3	2	29	2:01:19873 1:1:118 2:01:177
1RB0RD_1LC1RA_0LD1LA_1RA0LB	1301	3805	11703	0.477	0.000	0.478	R	17288.50	0.00	sqrt	bouncer_part	sqrt+fix	4	2	29	1:1:19 2:01:118 1:1:3561 2:01:7976
1RB0RD_1LC1RA_0RB0LD_1LC1LB	254	546	1170	0.332	0.330	0.333	LR	0.33	0.50	cube	sweepctr	-	2	1	10	2:01:224 2:01:936
1RB0RD_1LC1RA_1LD0LC_1RA0LC	1431	4493	14165	0.498	0.501	0.052	LR	14122.50	0.01	sqrt	bouncer_part	sqrt+log	2	1	26	2:01:1982 2:01:12157
1RB0RD_1LC1RA_1LD0LC_1RA1LD	727	2260	7097	0.495	0.501	0.052	LR	1.00	0.01	sqrt	bouncer_part	sqrt+log	2	1	28	1:1:3018 1:1:4051
1RB0RD_1LC1RA_1LD0LD_1RA0LC	1431	4493	14165	0.498	0.500	0.060	LR	14120.50	0.01	sqrt	bouncer_part	sqrt+log	2	1	26	2:01:1955 2:01:12184
1RB0RD_1LC1RB_1LD0LC_1RA0LC	1422	4482	14153	0.499	0.501	0.045	LR	14121.50	0.01	sqrt	bouncer_part	sqrt+log	2	1	14	2:01:12187 2:01:1952
1RB0RD_1LC1RB_1LD0LC_1RA1LD	718	2249	7085	0.497	0.501	0.045	LR	1.00	0.01	sqrt	bouncer_part	sqrt+log	1	1	15	1:1:7070
1RB0RD_1LC1RD_1LA0LC_1RA1LD	52	64	73	0.074	0.000	0.077	R	1.00	0.03	log	counter	-	2	1	36	6:000001:20 6:000001:17
1RB0RD_1LC1RD_1LD0LC_1RA0LC	1438	4502	14175	0.497	0.501	0.055	LR	14118.50	0.01	sqrt	bouncer_part	sqrt+log	3	2	19	2:01:12133 2:01:2004 9:000001001:19
1RB0RD_1LC1RD_1LD0LC_1RA1LD	735	2270	7108	0.493	0.501	0.055	LR	1.00	0.01	sqrt	bouncer_part	sqrt+log	2	2	19	1:1:7069 9:000001001:20
1RB0RD_1LC1RD_1LD0LD_1RA0LC	74294	742866	7428579	1.000	1.000	0.000	L	0.20	0.00	lin	linear	-	-	-	-	wide
1RB0RD_1RC---_0LA1RA_1LD0LA	1281	4047	12792	0.500	0.500	0.500	LR	1.00	1.07	sqrt	bouncer	sqrt+sqrt	1	1	0	1:1:12792
1RB0RD_1RC0LB_1LD1LB_1RA0LC	150003	1500003	15000003	1.000	1.000	0.000	L	0.67	0.00	lin	linear	-	-	-	-	wide
1RB0RD_1RC0RA_1LD0RB_1LB0LC	142864	1428577	14285721	1.000	0.000	1.000	R	1.00	0.00	lin	linear	-	-	-	-	wide
1RB0RD_1RC0RD_0LB1RA_1LD0LA	1281	4047	12792	0.500	0.500	0.500	LR	1.00	1.07	sqrt	bouncer	sqrt+sqrt	1	1	0	1:1:12792
1RB0RD_1RC1LB_0LB1RA_0LB1RD	229	493	1064	0.334	0.334	0.335	LR	524800.50	1.00	cube	sweepctr	-	2	1	2	1:1:42 1:1:1020
1RB0RD_1RC1LB_0LD1RA_0LB1RD	229	493	1064	0.334	0.334	0.335	LR	524802.50	1.00	cube	sweepctr	-	2	1	2	1:1:42 1:1:1020
1RB0RD_1RC1LB_0RD0RA_1LD0LB	224	483	1032	0.332	0.327	0.338	LR	1.00	0.66	cube	sweepctr	-	3	1	11	1:1:348 1:1:288 1:1:385
1RB0RD_1RC1LB_1LB1RA_0LB1RD	289	621	1337	0.333	0.333	0.333	LR	330.13	0.50	cube	sweepctr	-	2	1	2	1:1:1092 1:1:243
1RB0RD_1RC1LB_1LB1RA_1LD0LA	1156	3652	11548	0.500	0.500	0.500	LR	1.00	1.44	sqrt	bouncer	sqrt+sqrt	1	1	0	1:1:11548
1RB0RD_1RC1LB_1LD1RA_0LB1RD	289	621	1337	0.333	0.333	0.333	LR	3.00	0.50	cube	sweepctr	-	2	1	2	1:1:1086 1:1:249
1RB0RD_1RC1LB_1RD1RA_0LB1RD	289	621	1337	0.333	0.333	0.333	LR	1.00	0.50	cube	sweepctr	-	2	1	2	1:1:1090 1:1:245
1RB0RD_1RC1LC_0LB1RA_1LD0LA	1281	4047	12792	0.500	0.500	0.500	LR	1.00	1.07	sqrt	bouncer	sqrt+sqrt	1	1	0	1:1:12792
1RB0RD_1RC1LD_1LB1RA_1LD0LA	1281	4047	12792	0.500	0.500	0.500	LR	1.00	1.07	sqrt	bouncer	sqrt+sqrt	2	1	1	1:1:10636 1:1:2155
1RB0RD_1RC1RD_1LB1RA_1LD0LA	1281	4047	12792	0.500	0.500	0.500	LR	1.00	1.07	sqrt	bouncer	sqrt+sqrt	1	1	0	1:1:12792
1RB1LA_0LA0LC_0RD1RC_0LA1RD	144	310	669	0.334	0.336	0.000	L	1.00	2.00	cube	sweepctr	-	2	1	2	1:1:168 1:1:499
1RB1LA_0LA0LC_1LC1RD_0RB0RD	18	22	25	0.071	0.079	0.000	L	2.00	1.92	log	counter	-	0	0	25	-
1RB1LA_0LA0RC_0LA0RD_0LA1RD	24	29	34	0.076	0.081	0.000	L	1.62	1.94	log	counter	-	0	0	34	-
1RB1LA_0LA0RC_0LA1RC_------	145	311	670	0.332	0.335	0.000	L	1.00	2.00	cube	sweepctr	-	2	1	2	1:1:165 1:1:503
1RB1LA_0LA0RC_0LA1RD_0LA1RC	145	311	670	0.332	0.335	0.000	L	1.00	2.00	cube	sweepctr	-	2	1	2	1:1:165 1:1:503
1RB1LA_0LA0RC_0LA1RD_0LA1RD	145	311	670	0.332	0.335	0.000	L	1.00	2.00	cube	sweepctr	-	2	1	2	1:1:165 1:1:503
1RB1LA_0LA0RC_0LA1RD_0LD1RC	144	311	669	0.334	0.336	0.000	L	1.00	2.00	cube	sweepctr	-	2	1	2	1:1:501 1:1:166
1RB1LA_0LA0RC_0LD0RB_1LD1LA	34	40	46	0.066	0.069	0.000	L	584.54	1.96	log	counter	-	0	0	46	-
1RB1LA_0LA0RC_0LD0RB_1LD1RA	32	40	46	0.079	0.083	0.000	L	641.91	1.96	log	counter	-	0	0	46	-
1RB1LA_0LA0RC_0LD0RB_1LD1RC	19	22	26	0.068	0.075	0.000	L	2.00	2.88	log	counter	-	1	1	7	7:0000011:19
1RB1LA_0LA0RC_0LD1RB_1RC1LD	34	40	47	0.070	0.074	0.000	L	1.42	1.96	log	counter	-	0	0	47	-
1RB1LA_0LA0RC_0LD1RC_0RB0RB	143	309	668	0.335	0.337	0.000	L	1.00	2.00	cube	sweepctr	-	2	1	2	1:1:173 1:1:493
1RB1LA_0LA0RC_0LD1RC_0RB1LA	145	311	670	0.332	0.335	0.000	L	1.00	2.00	cube	sweepctr	-	2	1	2	1:1:164 1:1:504
1RB1LA_0LA0RC_0LD1RC_0RB1RB	144	310	669	0.334	0.336	0.000	L	1.00	2.00	cube	sweepctr	-	2	1	2	1:1:168 1:1:499
1RB1LA_0LA0RC_0LD1RC_1LA0RB	143	309	668	0.335	0.337	0.000	L	1.00	2.00	cube	sweepctr	-	2	1	2	1:1:176 1:1:490
1RB1LA_0LA0RC_0LD1RC_1LA1RB	144	310	669	0.334	0.336	0.000	L	1.00	2.00	cube	sweepctr	-	2	1	2	1:1:171 1:1:496
1RB1LA_0LA0RC_0LD1RC_1LC0RB	143	309	668	0.335	0.337	0.000	L	1.00	2.00	cube	sweepctr	-	2	1	2	1:1:171 1:1:495
1RB1LA_0LA0RC_0LD1RC_1LC1RB	144	310	669	0.334	0.336	0.000	L	1.00	2.00	cube	sweepctr	-	2	1	2	1:1:167 1:1:500
1RB1LA_0LA0RC_0LD1RC_1RA0RB	181	391	841	0.334	0.335	0.335	LR	1.00	1.00	cube	sweepctr	-	2	1	2	1:1:707 1:1:132
1RB1LA_0LA0RC_0LD1RC_1RA1LA	183	391	843	0.332	0.333	0.333	LR	1.00	1.00	cube	sweepctr	-	2	1	2	1:1:687 1:1:154
1RB1LA_0LA0RC_0LD1RC_1RA1LB	319	696	1505	0.337	0.339	0.331	LR	0.13	0.86	cube	sweepctr	-	3	2	1	1:1:178 1:1:971 2:01:355
1RB1LA_0LA0RC_0LD1RC_1RA1RB	181	391	843	0.334	0.335	0.335	LR	1.00	1.00	cube	sweepctr	-	2	1	2	1:1:229 1:1:612
1RB1LA_0LA0RC_0LD1RC_1RB0RB	143	309	668	0.335	0.337	0.000	L	1.00	2.00	cube	sweepctr	-	2	1	2	1:1:175 1:1:491
1RB1LA_0LA0RC_0LD1RC_1RB1LA	145	311	670	0.332	0.335	0.000	L	1.00	2.00	cube	sweepctr	-	2	1	2	1:1:165 1:1:503
1RB1LA_0LA0RC_0LD1RC_1RB1RB	144	310	669	0.334	0.336	0.000	L	1.00	2.00	cube	sweepctr	-	2	1	2	1:1:169 1:1:498
1RB1LA_0LA0RC_0LD1RC_1RC0RB	143	309	668	0.335	0.337	0.000	L	1.00	2.00	cube	sweepctr	-	2	1	2	1:1:172 1:1:494
1RB1LA_0LA0RC_0LD1RC_1RC1RB	144	310	669	0.334	0.336	0.000	L	1.00	2.00	cube	sweepctr	-	2	1	2	1:1:168 1:1:499
1RB1LA_0LA0RC_0RD1RC_1LD0LA	836	2719	8889	0.513	0.069	0.517	LR	1.00	0.01	sqrt	bouncer_part	sqrt+log	2	1	4	1:1:512 1:1:8373
1RB1LA_0LA0RC_1LC1LD_1RB0LA	1029	3347	10952	0.514	0.516	0.077	LR	1.00	0.01	sqrt	bouncer_part	sqrt+log	3	1	2	1:1:2750 1:1:7705 1:1:495
1RB1LA_0LA0RC_1RD1RC_0LD0LA	145	311	670	0.332	0.336	0.000	L	1.00	1.99	cube	sweepctr	-	2	1	3	1:1:168 1:1:499
1RB1LA_0LA1LC_0LC1RD_0RD0RB	18	22	25	0.071	0.079	0.000	L	2.00	1.92	log	counter	-	0	0	25	-
1RB1LA_0LA1LC_0RD0LC_1RD0RB	19	23	26	0.068	0.075	0.000	L	2.00	20.32	log	counter	-	0	0	26	-
1RB1LA_0LA1LC_1RD0LC_0RD0RB	20	23	26	0.057	0.062	0.000	L	2.00	1.84	log	counter	-	0	0	26	-
1RB1LA_0LA1LC_1RD0LC_0RD1RB	20	23	27	0.065	0.071	0.000	L	2.00	1.85	log	counter	-	0	0	27	-
1RB1LA_0LA1RC_0LA0RD_0LA1RD	182	391	843	0.333	0.335	0.000	L	1.00	2.00	cube	sweepctr	-	2	1	2	1:1:626 1:1:215
1RB1LA_0LA1RC_0LA1RD_0RB0LC	47	57	68	0.080	0.083	0.079	LR	1.43	1.31	log	counter	-	2	2	28	9:011011111:23 6:011111:17
1RB1LA_0LA1RC_0LC0RD_0LA1RD	182	391	843	0.333	0.335	0.000	L	1.00	2.00	cube	sweepctr	-	2	1	2	1:1:618 1:1:223
1RB1LA_0LA1RC_0LD0RB_---1RB	33	40	47	0.077	0.081	0.000	L	1.43	1.96	log	counter	-	0	0	47	-
1RB1LA_0LA1RC_0LD0RB_0LA1RD	33	40	47	0.077	0.081	0.000	L	1.43	1.96	log	counter	-	0	0	47	-
1RB1LA_0LA1RC_0LD0RB_0RA1LD	33	40	47	0.077	0.081	0.000	L	1.43	1.96	log	counter	-	0	0	47	-
1RB1LA_0LA1RC_0LD0RB_1LA0RC	33	40	47	0.077	0.081	0.000	L	1.43	1.96	log	counter	-	0	0	47	-
1RB1LA_0LA1RC_0LD0RB_1RA0LD	35	41	48	0.069	0.072	0.000	L	1.42	0.06	log	counter	-	1	1	20	14:01110111111111:28
1RB1LA_0LA1RC_0LD0RB_1RC1LD	34	40	47	0.070	0.074	0.000	L	1.42	1.96	log	counter	-	1	1	31	2:01:16
1RB1LA_0LA1RC_0LD0RC_1LD0RB	18	22	25	0.071	0.079	0.000	L	2.00	1.92	log	counter	-	0	0	25	-
1RB1LA_0LA1RC_0LD0RD_0LA1RD	182	391	843	0.333	0.335	0.000	L	1.00	2.00	cube	sweepctr	-	2	1	2	1:1:622 1:1:219
1RB1LA_0LA1RC_0LD1RD_0RB0RB	48	57	68	0.076	0.076	0.079	LR	1.45	1.31	log	counter	-	2	2	33	6:011111:17 1:1:18
1RB1LA_0LA1RC_0LD1RD_1LA0RB	48	57	68	0.076	0.076	0.079	LR	1.45	1.31	log	counter	-	2	2	24	6:011111:17 9:011011111:27
1RB1LA_0LA1RC_0LD1RD_1LC0RB	48	57	68	0.076	0.076	0.079	LR	1.45	1.31	log	counter	-	1	1	51	6:011111:17
1RB1LA_0LA1RC_0LD1RD_1LD0RB	48	57	68	0.076	0.076	0.079	LR	1.45	1.31	log	counter	-	2	2	34	6:011111:17 3:011:17
1RB1LA_0LA1RC_0LD1RD_1RB0RB	48	57	68	0.076	0.076	0.079	LR	1.45	1.31	log	counter	-	2	2	25	6:011111:17 12:011011011111:26
1RB1LA_0LA1RC_0LD1RD_1RC0RB	48	57	68	0.076	0.076	0.079	LR	1.45	1.31	log	counter	-	1	1	51	6:011111:17
1RB1LA_0LA1RC_0RB0RD_0LA1RD	229	493	1063	0.333	0.334	0.334	LR	1.00	1.00	cube	sweepctr	-	2	1	2	1:1:190 1:1:871
1RB1LA_0LA1RC_0RB1RD_0LD0LB	47	56	67	0.077	0.078	0.079	LR	1.50	1.30	log	counter	-	2	2	24	9:011011111:23 6:011111:20
1RB1LA_0LA1RC_0RD0LB_0LA1RD	227	493	1061	0.335	0.336	0.336	LR	1.00	1.00	cube	sweepctr	-	2	1	2	1:1:624 1:1:435
1RB1LA_0LA1RC_0RD0RB_0LB---	34	41	48	0.075	0.081	0.000	L	1.43	0.98	log	counter	-	0	0	48	-
1RB1LA_0LA1RC_0RD0RB_0LD1LA	34	41	48	0.075	0.081	0.000	L	1.43	0.98	log	counter	-	0	0	48	-
1RB1LA_0LA1RC_0RD0RB_1LB0LB	34	41	48	0.075	0.081	0.000	L	1.43	0.98	log	counter	-	0	0	48	-
1RB1LA_0LA1RC_0RD0RD_0LA1RD	229	493	1063	0.333	0.334	0.334	LR	1.00	1.00	cube	sweepctr	-	2	1	2	1:1:190 1:1:871
1RB1LA_0LA1RC_0RD1RD_0LB0RB	47	57	67	0.077	0.081	0.000	L	1.33	1.30	log	counter	-	1	1	47	9:011011111:20
1RB1LA_0LA1RC_1LB0RD_0LA1RD	229	493	1063	0.333	0.334	0.334	LR	1.00	1.00	cube	sweepctr	-	2	1	2	1:1:190 1:1:871
1RB1LA_0LA1RC_1RA0RD_0LA1RD	230	494	1063	0.332	0.334	0.332	LR	1.00	1.00	cube	sweepctr	-	2	1	2	1:1:42 1:1:1019
1RB1LA_0LA1RC_1RB0LD_0RA1LC	228	494	1062	0.334	0.334	0.336	LR	1.00	1.00	cube	sweepctr	-	3	2	2	1:1:392 2:01:576 1:1:92
1RB1LA_0LA1RC_1RB0LD_0RC1LC	228	494	1062	0.334	0.334	0.336	LR	1.00	1.00	cube	sweepctr	-	3	2	2	1:1:392 2:01:576 1:1:92
1RB1LA_0LA1RC_1RB0LD_0RD1LC	228	492	1062	0.334	0.334	0.336	LR	1.00	1.00	cube	sweepctr	-	3	2	2	1:1:300 2:01:314 1:1:446
1RB1LA_0LA1RC_1RB0RD_0LA1RD	229	493	1063	0.333	0.334	0.334	LR	1.00	1.00	cube	sweepctr	-	2	1	2	1:1:192 1:1:869
1RB1LA_0LA1RC_1RD0LB_0LD0RB	47	56	67	0.077	0.078	0.079	LR	1.50	1.30	log	counter	-	2	2	24	9:011011111:23 6:011111:20
1RB1LA_0LA1RC_1RD0RB_0LD0LA	34	41	48	0.075	0.081	0.000	L	1.43	0.98	log	counter	-	0	0	48	-
1RB1LA_0LB0RC_1LD1RC_1LA0LA	228	494	1062	0.334	0.336	0.334	LR	1.00	1.00	cube	sweepctr	-	3	1	2	1:1:311 1:1:439 1:1:310
1RB1LA_0LB0RC_1LD1RC_1RA0LA	228	494	1062	0.334	0.336	0.334	LR	1.00	1.00	cube	sweepctr	-	3	1	2	1:1:309 1:1:442 1:1:309
1RB1LA_0LB1RC_0LA0RD_0LA1RD	182	391	843	0.333	0.335	0.000	L	1.00	2.00	cube	sweepctr	-	2	1	2	1:1:622 1:1:219
1RB1LA_0LB1RC_0LA1RD_0RC0RB	47	57	67	0.077	0.083	0.000	L	1.18	0.74	log	counter	-	2	2	26	9:011011111:23 9:011111111:18
1RB1LA_0LB1RC_0LA1RD_1LD0RB	47	57	67	0.077	0.083	0.000	L	1.11	0.74	log	counter	-	2	2	27	6:011111:20 9:011111111:20
1RB1LA_0LB1RC_0LD0RD_0LA1RD	182	391	843	0.333	0.335	0.000	L	1.00	2.00	cube	sweepctr	-	2	1	2	1:1:614 1:1:227
1RB1LA_0LB1RC_1LA0RD_0LA1RD	228	494	1062	0.334	0.336	0.334	LR	1.00	1.00	cube	sweepctr	-	2	1	2	1:1:622 1:1:438
1RB1LA_0LB1RC_1LA1RD_0LD0RB	47	58	67	0.077	0.078	0.079	LR	1.50	1.33	log	counter	-	2	2	29	1:1:18 9:011011111:20
1RB1LA_0LB1RC_1LB1RD_0LA0RB	47	58	68	0.080	0.083	0.079	LR	1.43	1.37	log	counter	-	1	1	45	9:011011111:23
1RB1LA_0LB1RC_1LD0RD_0LA1RD	228	494	1062	0.334	0.336	0.334	LR	1.00	1.00	cube	sweepctr	-	2	1	2	1:1:618 1:1:442
1RB1LA_0LB1RC_1RD0RD_0LA1RD	228	494	1062	0.334	0.336	0.334	LR	1.00	1.00	cube	sweepctr	-	2	1	2	1:1:620 1:1:440
1RB1LA_0LB1RC_1RD1RD_0LA0RB	49	58	68	0.071	0.076	0.066	LR	1.42	1.34	log	counter	-	2	1	33	6:011111:18 6:011111:17
1RB1LA_0LC0LD_0LA1RC_0RC1RD	144	310	669	0.334	0.336	0.000	L	1.00	2.00	cube	sweepctr	-	2	1	2	1:1:167 1:1:500
1RB1LA_0LC0RA_1LD1LC_0RB0LD	205	437	935	0.330	0.335	0.326	LR	1.00	1.01	cube	sweepctr	-	8	2	13	2:01:108 2:01:279 2:01:130 2:01:205 2:01:103 2:01:52 2:01:27 7:0010101:18
1RB1LA_0LC0RB_1LC1RD_0LA0RD	18	22	25	0.071	0.079	0.000	L	2.00	3.92	log	counter	-	0	0	25	-
1RB1LA_0LC0RC_0LA1RC_------	145	311	670	0.332	0.335	0.000	L	1.00	2.00	cube	sweepctr	-	2	1	2	1:1:164 1:1:504
1RB1LA_0LC0RC_0LA1RD_0LA1RC	145	311	670	0.332	0.335	0.000	L	1.00	2.00	cube	sweepctr	-	2	1	2	1:1:164 1:1:504
1RB1LA_0LC0RC_0LA1RD_0LA1RD	145	311	670	0.332	0.335	0.000	L	1.00	2.00	cube	sweepctr	-	2	1	2	1:1:164 1:1:504
1RB1LA_0LC0RC_0LA1RD_0LD1RC	144	311	669	0.334	0.336	0.000	L	1.00	2.00	cube	sweepctr	-	2	1	2	1:1:493 1:1:174
1RB1LA_0LC0RC_0LD1RC_1RA1LA	183	391	843	0.332	0.333	0.333	LR	1.00	1.00	cube	sweepctr	-	2	1	2	1:1:684 1:1:157
1RB1LA_0LC0RC_0LD1RC_1RB1LA	145	311	670	0.332	0.335	0.000	L	1.00	2.00	cube	sweepctr	-	2	1	2	1:1:164 1:1:504
1RB1LA_0LC0RC_1LC1LD_1RB0LA	1029	3347	10952	0.514	0.516	0.077	LR	1.00	0.01	sqrt	bouncer_part	sqrt+log	3	1	2	1:1:2750 1:1:7705 1:1:495
1RB1LA_0LC0RC_1RD1RC_0LD0LA	145	311	670	0.332	0.336	0.000	L	1.00	2.00	cube	sweepctr	-	2	1	3	1:1:165 1:1:502
1RB1LA_0LC0RD_0LA1LA_0RB1RD	145	311	670	0.332	0.336	0.000	L	1.00	1.99	cube	sweepctr	-	2	1	3	1:1:168 1:1:499
1RB1LA_0LC0RD_0LA1RC_0LA0RC	24	29	34	0.076	0.081	0.000	L	1.62	2.00	log	counter	-	1	1	17	8:01111111:17
1RB1LA_0LC0RD_0LA1RC_0LA1RC	145	311	670	0.332	0.335	0.000	L	1.00	2.00	cube	sweepctr	-	2	1	2	1:1:164 1:1:504
1RB1LA_0LC0RD_0LA1RC_0RB0RC	25	30	35	0.073	0.081	0.000	L	1.62	1.94	log	counter	-	0	0	35	-
1RB1LA_0LC0RD_0LA1RC_0RB1RC	146	312	671	0.331	0.335	0.000	L	1.00	2.00	cube	sweepctr	-	2	1	3	1:1:163 1:1:505
1RB1LA_0LC0RD_0LA1RC_0RB1RD	145	311	670	0.332	0.336	0.000	L	1.00	2.00	cube	sweepctr	-	2	1	3	1:1:167 1:1:500
1RB1LA_0LC0RD_0LA1RD_0LA1RC	145	311	670	0.332	0.335	0.000	L	1.00	2.00	cube	sweepctr	-	2	1	2	1:1:164 1:1:504
1RB1LA_0LC0RD_0LA1RD_0RB1RD	145	311	670	0.332	0.336	0.000	L	1.00	2.00	cube	sweepctr	-	2	1	3	1:1:165 1:1:502
1RB1LA_0LC0RD_0LC1RD_0LA1RC	144	311	669	0.334	0.336	0.000	L	1.00	2.00	cube	sweepctr	-	2	1	2	1:1:497 1:1:170
1RB1LA_0LC0RD_1LC1LA_0LA0RB	33	39	47	0.077	0.081	0.000	L	802.54	1.96	log	counter	-	1	1	27	10:0001000101:20
1RB1LA_0LC0RD_1LC1RD_0LA0RB	19	22	25	0.060	0.066	0.000	L	2.00	2.92	log	counter	-	0	0	25	-
1RB1LA_0LC0RD_1RA1LA_0LC1RD	183	391	843	0.332	0.333	0.333	LR	1.00	1.00	cube	sweepctr	-	2	1	2	1:1:687 1:1:154
1RB1LA_0LC0RD_1RB1LA_0LC1RD	145	311	670	0.332	0.335	0.000	L	1.00	2.00	cube	sweepctr	-	2	1	2	1:1:165 1:1:503
1RB1LA_0LC1RC_0LA1RD_1LA0RB	48	58	68	0.076	0.083	0.000	L	1.30	0.72	log	counter	-	2	1	29	9:011011111:18 9:011011111:21
1RB1LA_0LC1RC_0LA1RD_1LD0RB	47	57	67	0.077	0.085	0.000	L	1.18	0.77	log	counter	-	2	2	21	9:011011111:23 9:011111111:23
1RB1LA_0LC1RC_0RD1RD_0LA0RB	47	58	68	0.080	0.083	0.079	LR	1.43	1.34	log	counter	-	1	1	45	9:011011111:23
1RB1LA_0LC1RC_1LB1RD_0LA0RB	49	58	68	0.071	0.076	0.066	LR	1.42	1.34	log	counter	-	2	1	33	6:011111:18 6:011111:17
1RB1LA_0LC1RC_1RB1RD_0LA0RB	49	58	68	0.071	0.076	0.066	LR	1.42	1.34	log	counter	-	2	1	33	6:011111:18 6:011111:17
1RB1LA_0LC1RC_1RD1RD_0LA0RB	49	58	68	0.071	0.076	0.066	LR	1.42	1.34	log	counter	-	2	2	33	6:011111:17 1:1:18
1RB1LA_0LC1RD_0LA1RC_0LA0RC	182	391	843	0.333	0.335	0.000	L	1.00	2.00	cube	sweepctr	-	2	1	2	1:1:622 1:1:219
1RB1LA_0LC1RD_0LA1RC_0LC0RC	182	391	843	0.333	0.335	0.000	L	1.00	2.00	cube	sweepctr	-	2	1	2	1:1:618 1:1:223
1RB1LA_0LC1RD_0LA1RC_0LD0RC	182	391	843	0.333	0.335	0.000	L	1.00	2.00	cube	sweepctr	-	2	1	2	1:1:610 1:1:231
1RB1LA_0LC1RD_0LA1RC_0RB0RC	183	392	844	0.332	0.335	0.000	L	1.00	1.00	cube	sweepctr	-	2	1	3	1:1:618 1:1:223
1RB1LA_0LC1RD_0LA1RC_0RC0LB	227	493	1061	0.335	0.336	0.336	LR	1.00	1.00	cube	sweepctr	-	2	1	2	1:1:622 1:1:437
1RB1LA_0LC1RD_0LA1RC_0RC0RC	229	493	1063	0.333	0.334	0.334	LR	1.00	1.00	cube	sweepctr	-	2	1	2	1:1:190 1:1:871
1RB1LA_0LC1RD_0LA1RC_1LB0RC	229	493	1063	0.333	0.334	0.334	LR	1.00	1.00	cube	sweepctr	-	2	1	2	1:1:188 1:1:873
1RB1LA_0LC1RD_0LA1RC_1RA0RC	230	494	1063	0.332	0.334	0.332	LR	1.00	1.00	cube	sweepctr	-	2	1	2	1:1:42 1:1:1019
1RB1LA_0LC1RD_0LA1RC_1RB0RC	229	493	1063	0.333	0.334	0.334	LR	1.00	1.00	cube	sweepctr	-	2	1	2	1:1:190 1:1:871
1RB1LA_0LC1RD_0RD1LA_0LA0RB	34	40	47	0.070	0.074	0.000	L	1.45	1.96	log	counter	-	1	1	29	8:01011111:18
1RB1LA_0LC1RD_0RD1RD_0LA0RB	33	40	46	0.072	0.076	0.000	L	1.50	2.00	log	counter	-	1	1	30	8:01011111:16
1RB1LA_0LC1RD_1RA0LB_0LA0RB	35	42	48	0.069	0.072	0.000	L	1.50	0.02	log	counter	-	1	1	32	8:01011111:16
1RB1LA_0LC1RD_1RB1RD_0LA0RB	34	40	47	0.070	0.074	0.000	L	1.45	2.00	log	counter	-	1	1	29	8:01011111:18
1RB1LA_0LC1RD_1RD0RB_0LA1RC	48	59	68	0.076	0.076	0.079	LR	1.43	1.37	log	counter	-	2	2	18	12:011111111111:24 12:011011011111:26
1RB1LA_0RC0RB_0LD1LA_1LD0LA	1008	3172	10012	0.499	0.073	0.501	LR	1.00	0.01	sqrt	bouncer_part	sqrt+log	2	2	16	1:0:9960 1:1:36
1RB1LA_0RC0RB_0RD1LA_1LD0LA	1739	5484	17330	0.499	0.057	0.500	LR	1.00	0.01	sqrt	bouncer_part	sqrt+log	2	2	14	1:0:111 1:1:17205
1RB1LA_0RC0RB_0RD1RA_1LD0LA	1739	5484	17330	0.499	0.057	0.500	LR	1.00	0.01	sqrt	bouncer_part	sqrt+log	2	2	14	1:0:11422 1:1:5894
1RB1LA_0RC0RB_1LD1LA_1LC0LA	1422	4482	14153	0.499	0.052	0.501	LR	14122.50	0.01	sqrt	bouncer_part	sqrt+log	3	3	0	8:00110111:16 1:0:12179 1:1:1958
1RB1LA_0RC0RB_1LD1LA_1LD0LA	1421	4481	14152	0.499	0.057	0.501	LR	14120.50	0.01	sqrt	bouncer_part	sqrt+log	2	2	14	1:0:1943 1:1:12195
1RB1LA_0RC0RB_1LD1RA_1LC0LA	1420	4480	14151	0.499	0.052	0.501	LR	14120.50	0.01	sqrt	bouncer_part	sqrt+log	3	3	0	8:00110111:16 1:0:1958 1:1:12177
1RB1LA_0RC0RB_1LD1RA_1LD0LA	1421	4481	14152	0.499	0.057	0.501	LR	14121.50	0.01	sqrt	bouncer_part	sqrt+log	2	2	14	1:0:12188 1:1:1950
1RB1LA_0RC0RB_1LD1RC_0LA1LD	1009	3173	10013	0.498	0.080	0.500	LR	1.00	0.01	sqrt	bouncer_part	sqrt+log	1	1	15	1:1:9998
1RB1LA_0RC0RC_1LD1RC_0LC0LA	261	568	1215	0.334	0.355	0.316	LR	0.85	0.50	cube	sweepctr	-	3	1	2	1:1:112 1:1:915 1:1:186
1RB1LA_0RC0RC_1LD1RC_1LD0LA	261	568	1215	0.334	0.355	0.316	LR	0.85	0.50	cube	sweepctr	-	3	1	2	1:1:113 1:1:914 1:1:186
1RB1LA_0RC0RD_0LC1RD_0LA1RC	145	312	670	0.332	0.336	0.000	L	1.00	1.99	cube	sweepctr	-	2	1	3	1:1:493 1:1:174
1RB1LA_0RC0RD_0LD0LA_1LC1RD	243	530	1135	0.335	0.337	0.000	L	0.27	0.68	cube	sweepctr	-	3	1	3	1:1:363 1:1:406 1:1:363
1RB1LA_0RC0RD_1LA0LA_1LC1RD	286	618	1338	0.335	0.336	0.335	LR	331.38	0.50	cube	sweepctr	-	3	1	2	1:1:77 1:1:1182 1:1:77
1RB1LA_0RC0RD_1LC0LA_0LA0RC	234	511	1096	0.335	0.339	0.331	LR	0.36	0.64	cube	sweepctr	-	4	1	4	1:1:45 1:1:52 1:1:905 1:1:90
1RB1LA_0RC0RD_1LC0LA_0LB0RC	252	546	1170	0.333	0.339	0.322	LR	0.53	0.52	cube	sweepctr	-	4	1	3	1:1:240 1:1:111 1:1:336 1:1:480
1RB1LA_0RC0RD_1LC0LA_0RA0RC	223	484	1044	0.335	0.325	0.343	LR	1.01	0.42	cube	sweepctr	-	3	1	2	1:1:41 1:1:917 1:1:84
1RB1LA_0RC0RD_1LC0LA_0RC0RC	223	479	1037	0.334	0.336	0.333	LR	0.89	0.63	cube	sweepctr	-	3	1	2	1:1:160 1:1:783 1:1:92
1RB1LA_0RC0RD_1LC0LA_1LA0RC	224	483	1032	0.332	0.330	0.335	LR	1.00	0.67	cube	sweepctr	-	3	1	11	1:1:348 1:1:542 1:1:131
1RB1LA_0RC0RD_1LC0LA_1LB0RC	234	511	1096	0.335	0.339	0.331	LR	0.36	0.64	cube	sweepctr	-	3	1	2	1:1:44 1:1:960 1:1:90
1RB1LA_0RC0RD_1LC0LA_1LC0RC	252	546	1170	0.333	0.339	0.322	LR	0.53	0.52	cube	sweepctr	-	4	1	3	1:1:240 1:1:294 1:1:153 1:1:480
1RB1LA_0RC0RD_1LC0LA_1LC1RD	228	494	1062	0.334	0.336	0.334	LR	1.00	1.00	cube	sweepctr	-	3	1	2	1:1:311 1:1:437 1:1:312
1RB1LA_0RC0RD_1LC0LA_1LD0RC	234	511	1096	0.335	0.339	0.331	LR	0.36	0.64	cube	sweepctr	-	3	1	2	1:1:44 1:1:960 1:1:90
1RB1LA_0RC0RD_1LC0LA_1RA0RC	224	483	1032	0.332	0.330	0.335	LR	1.00	0.67	cube	sweepctr	-	3	1	11	1:1:348 1:1:372 1:1:301
1RB1LA_0RC0RD_1LC0LA_1RB0RC	223	484	1044	0.335	0.325	0.343	LR	1.01	0.42	cube	sweepctr	-	3	1	2	1:1:41 1:1:917 1:1:84
1RB1LA_0RC0RD_1LC0LA_1RC0RC	232	501	1080	0.334	0.335	0.334	LR	1.00	0.67	cube	sweepctr	-	4	1	3	1:1:48 1:1:277 1:1:656 1:1:96
1RB1LA_0RC0RD_1LC0LA_1RD0RC	223	479	1037	0.334	0.336	0.333	LR	0.89	0.63	cube	sweepctr	-	4	1	3	1:1:161 1:1:181 1:1:600 1:1:92
1RB1LA_0RC0RD_1LC1RD_0RB0LA	87725	877202	8771936	1.000	0.000	1.000	R	1.00	0.00	lin	linear	-	-	-	-	wide
1RB1LA_0RC0RD_1LD0LA_1LC1RD	228	494	1062	0.334	0.336	0.334	LR	1.00	1.00	cube	sweepctr	-	3	1	2	1:1:311 1:1:437 1:1:312
1RB1LA_0RC0RD_1LD1RC_0LC0LA	349	884	1965	0.375	0.396	0.237	LR	0.51	0.13	cube	sweepctr	-	4	1	3	1:1:276 1:1:1367 1:1:138 1:1:181
1RB1LA_0RC0RD_1LD1RC_1LC0LA	277	601	1304	0.336	0.348	0.324	LR	0.87	0.59	cube	sweepctr	-	3	1	2	1:1:400 1:1:267 1:1:635
1RB1LA_0RC0RD_1LD1RC_1LD0LA	294	651	1374	0.335	0.333	0.341	LR	0.45	0.46	cube	sweepctr	-	3	1	2	1:1:238 1:1:560 1:1:574
1RB1LA_0RC1LC_1RD0LB_0LA1RC	228	494	1062	0.334	0.336	0.334	LR	1.00	1.00	cube	sweepctr	-	3	2	2	1:1:562 2:01:404 1:1:94
1RB1LA_0RC1LC_1RD0LB_1LA1RC	226	492	1060	0.336	0.337	0.336	LR	1.00	1.99	cube	sweepctr	-	3	2	1	1:1:368 2:01:600 1:1:91
1RB1LA_0RC1RB_1LD0RB_0LD1LA	1017	3183	10025	0.497	0.501	0.073	LR	1.00	0.01	sqrt	bouncer_part	sqrt+log	1	1	28	1:1:9997
1RB1LA_0RC1RB_1LD0RC_0LD1LA	1009	3173	10013	0.498	0.501	0.067	LR	1.00	0.01	sqrt	bouncer_part	sqrt+log	1	1	15	1:1:9998
1RB1LA_0RC1RB_1LD1RC_0LA0LD	1009	3173	10013	0.498	0.501	0.067	LR	1.00	0.01	sqrt	bouncer_part	sqrt+log	1	1	15	1:1:9998
1RB1LA_0RC1RC_0LD0RB_0LA1LD	50	62	73	0.082	0.087	0.000	L	0.66	0.94	log	counter	-	0	0	73	-
1RB1LA_0RC1RC_0LD0RD_0LA1RD	183	392	844	0.332	0.335	0.000	L	1.00	1.00	cube	sweepctr	-	2	1	3	1:1:618 1:1:223
1RB1LA_0RC1RC_0LD1RD_0LA0RB	46	56	66	0.078	0.083	0.000	L	1.67	1.29	log	counter	-	2	2	23	9:011011111:23 6:011111:20
1RB1LA_0RC1RC_1LA0RD_0LA1RD	290	622	1338	0.332	0.333	0.332	LR	330.38	0.50	cube	sweepctr	-	2	1	2	1:1:624 1:1:712
1RB1LA_0RC1RC_1LD0RD_0LA1RD	230	494	1064	0.333	0.334	0.333	LR	1.00	1.00	cube	sweepctr	-	2	1	3	1:1:42 1:1:1019
1RB1LA_0RC1RC_1LD1RA_0RA0LD	65	77	89	0.068	0.000	0.070	R	3.00	0.49	log	counter	-	3	3	12	13:0000000000001:26 8:00000001:23 4:0001:28
1RB1LA_0RC1RC_1RD0RD_0LA1RD	290	622	1338	0.332	0.333	0.332	LR	5.00	0.50	cube	sweepctr	-	2	1	2	1:1:622 1:1:714
1RB1LA_0RC1RD_0LD---_0LA0RB	34	41	47	0.070	0.076	0.000	L	1.50	0.96	log	counter	-	1	1	31	8:01011111:16
1RB1LA_0RC1RD_1LB0LD_0LA0RB	34	41	47	0.070	0.076	0.000	L	1.65	0.96	log	counter	-	0	0	47	-
1RB1LA_0RC1RD_1LD0LB_0LA0RB	34	41	47	0.070	0.076	0.000	L	1.65	0.96	log	counter	-	0	0	47	-
1RB1LA_0RC1RD_1LD0LD_0LA0RB	34	41	47	0.070	0.076	0.000	L	1.50	0.96	log	counter	-	1	1	31	8:01011111:16
1RB1LA_1LA0LC_0RD1RC_0LA1RD	182	390	842	0.333	0.335	0.333	LR	1.00	1.00	cube	sweepctr	-	2	1	2	1:1:696 1:1:144
1RB1LA_1LA0LC_1RD0LC_0RD0LA	20	23	26	0.057	0.062	0.000	L	2.00	1.84	log	counter	-	0	0	26	-
1RB1LA_1LA0RC_0LA1RC_------	182	392	844	0.333	0.335	0.333	LR	1.00	1.00	cube	sweepctr	-	2	1	2	1:1:228 1:1:614
1RB1LA_1LA0RC_0LA1RD_0LA1RC	182	392	844	0.333	0.335	0.333	LR	1.00	1.00	cube	sweepctr	-	2	1	2	1:1:228 1:1:614
1RB1LA_1LA0RC_0LA1RD_0LA1RD	182	392	844	0.333	0.335	0.333	LR	1.00	1.00	cube	sweepctr	-	2	1	2	1:1:228 1:1:614
1RB1LA_1LA0RC_0LA1RD_0LD1RC	182	392	844	0.333	0.335	0.333	LR	1.00	1.00	cube	sweepctr	-	2	1	2	1:1:98 1:1:744
1RB1LA_1LA0RC_0LB1RD_0LA1RD	145	311	670	0.332	0.336	0.000	L	1.00	1.99	cube	sweepctr	-	2	1	2	1:1:167 1:1:501
1RB1LA_1LA0RC_0LD0RB_1LD1LB	229	493	1063	0.333	0.336	0.333	LR	1.00	1.00	cube	sweepctr	-	3	2	3	1:0:453 1:0:418 1:1:189
1RB1LA_1LA0RC_0LD1RC_1RA1LA	208	448	967	0.334	0.335	0.335	LR	233.88	0.67	cube	sweepctr	-	2	1	2	1:1:82 1:1:883
1RB1LA_1LA0RC_0LD1RC_1RB1LA	182	392	844	0.333	0.335	0.333	LR	1.00	1.00	cube	sweepctr	-	2	1	2	1:1:228 1:1:614
1RB1LA_1LA0RC_1LB1RD_0LA1RD	182	392	844	0.333	0.335	0.333	LR	1.00	1.00	cube	sweepctr	-	2	1	2	1:1:228 1:1:614
1RB1LA_1LA0RC_1LD0RC_0LD0RA	20	23	26	0.057	0.000	0.062	R	2.00	1.88	log	counter	-	0	0	26	-
1RB1LA_1LA0RC_1LD1RC_---0LA	228	494	1062	0.334	0.336	0.334	LR	1.00	1.00	cube	sweepctr	-	3	1	2	1:1:312 1:1:437 1:1:311
1RB1LA_1LA0RC_1RD1RC_0LD0LA	183	391	843	0.332	0.335	0.331	LR	1.00	1.00	cube	sweepctr	-	2	1	3	1:1:696 1:1:144
1RB1LA_1LA1RC_---0RD_0LA1RD	228	494	1062	0.334	0.336	0.334	LR	1.00	1.00	cube	sweepctr	-	2	1	2	1:1:624 1:1:436
1RB1LA_1LA1RC_0LA0RD_0LB1RD	181	391	842	0.334	0.337	0.000	L	1.00	2.00	cube	sweepctr	-	2	1	2	1:1:646 1:1:194
1RB1LA_1LA1RC_0LA1RD_0LA0RB	48	58	69	0.079	0.083	0.075	LR	1.43	1.29	log	counter	-	2	2	29	9:011011111:23 6:011111:17
1RB1LA_1LA1RC_0LD0RB_0LA1LD	1084	3445	10883	0.501	0.501	0.501	LR	2.00	1.02	sqrt	bouncer	sqrt+sqrt	73	19	1234	6:010111:19 2:01:25 8:01111111:17 2:01:17 10:0101111111:24 10:0111011111:23 10:0101011111:20 6:010111:17 12:010101111111:27 8:01010111:17 8:01111111:23 4:0111:17 8:01010111:20 4:0111:19 4:0111:24 1:1:17 2:01:21 8:01111111:19 10:0101110111:21 8:01011111:21 8:01011111:23 8:01011111:19 8:01111111:17 8:01111111:20 16:0101011101011111:33 8:01011111:17 8:01010111:17 14:01011101011111:29 4:0111:18 10:0111011111:27 4:0111:23 8:01010111:21 12:010101111111:25 6:010111:16 2:01:23 6:011111:16 4:0111:19 8:01010111:20 12:011101111111:27 8:01011111:17 14:01010101011111:33 6:010111:17 10:0111011111:20 8:01011111:21 10:0101111111:25 8:01011111:19 10:0111011111:21 6:010111:21 1:1:17 4:0111:17 2:01:16 10:0101111111:20 8:01011111:17 8:01111111:21 14:01110111011111:29 2:01:17 8:01011111:16 4:0111:17 14:01111101111111:34 8:01010111:17 6:010111:21 6:010111:19 6:011111:19 10:0111011111:21 10:0111011111:25 8:01011111:17 8:01010111:25 8:01011111:17 8:01010111:17 8:01111111:17 4:0111:21 8:01011111:6165 8:01011111:2015
1RB1LA_1LA1RC_0RD0LB_0LA1RD	228	492	1062	0.334	0.336	0.334	LR	1.00	1.00	cube	sweepctr	-	2	1	2	1:1:194 1:1:866
1RB1LA_1LA1RC_1RB0LD_0RA1LC	227	492	1060	0.335	0.336	0.335	LR	1.00	2.00	cube	sweepctr	-	3	2	1	1:1:210 2:01:760 1:1:89
1RB1LA_1LA1RC_1RB0LD_0RC1LC	227	492	1060	0.335	0.336	0.335	LR	1.00	2.00	cube	sweepctr	-	3	2	1	1:1:210 2:01:760 1:1:89
1RB1LA_1LA1RC_1RB0LD_0RD1LC	226	490	1060	0.336	0.336	0.337	LR	1.00	2.00	cube	sweepctr	-	3	2	1	1:1:586 2:01:30 1:1:443
1RB1LA_1LB0RC_1LD1RC_0LC0LA	260	569	1213	0.334	0.357	0.315	LR	0.93	0.51	cube	sweepctr	-	3	1	2	1:1:715 1:1:417 1:1:79
1RB1LA_1LB0RC_1LD1RC_0LD0LA	280	688	1536	0.370	0.397	0.282	LR	0.71	0.21	cube	sweepctr	-	3	1	2	1:1:799 1:1:410 1:1:325
1RB1LA_1LB0RC_1LD1RC_1LD0LA	260	569	1213	0.334	0.357	0.315	LR	0.93	0.51	cube	sweepctr	-	2	1	1	1:1:716 1:1:496
1RB1LA_1LC0LD_0LA1RC_0RC1RD	182	390	842	0.333	0.335	0.333	LR	1.00	1.00	cube	sweepctr	-	2	1	2	1:1:690 1:1:150
1RB1LA_1LC0LD_1RC0LB_1RD0RA	39435	394274	3942661	1.000	1.000	0.000	L	3.00	0.00	lin	linear	-	-	-	-	wide
1RB1LA_1LC0RA_1LA1LD_0LC0LD	1976	6225	19658	0.499	0.501	0.060	LR	1.00	0.01	sqrt	bouncer_part	sqrt+log	11	2	22	2:01:5868 2:01:7221 2:01:3273 2:01:1637 2:01:819 2:01:412 2:01:206 2:01:103 2:01:54 2:01:27 8:00010101:16
1RB1LA_1LC0RA_1LD0LC_0RB0LA	966	3061	9580	0.498	0.511	0.078	LR	0.57	0.02	sqrt	bouncer_part	sqrt+log	17	3	26	5:01011:2485 5:01011:2245 5:01011:1528 5:01011:202 5:01011:844 5:01011:710 5:00011:489 5:01011:332 5:01011:225 5:00011:158 5:01011:106 5:00011:78 5:01011:46 5:00011:38 5:01011:21 5:00011:19 14:00011010110111:28
1RB1LA_1LC0RA_1LD0LD_0RB0LC	294	630	1350	0.331	0.339	0.325	LR	419473.50	0.51	cube	sweepctr	-	8	2	20	2:01:504 2:01:349 2:01:65 2:01:208 2:01:104 2:01:53 2:01:27 8:00010101:20
1RB1LA_1LC0RB_0LA0LD_1RA0RB	826	2594	8177	0.498	0.045	0.501	LR	2714.17	0.01	sqrt	bouncer_part	sqrt+log	2	2	16	1:0:151 1:1:8010
1RB1LA_1LC0RB_0LA0LD_1RD0RB	826	2594	8177	0.498	0.045	0.501	LR	2714.17	0.01	sqrt	bouncer_part	sqrt+log	2	2	16	1:0:151 1:1:8010
1RB1LA_1LC0RB_0LA1RD_1LA0RD	827	2593	8178	0.498	0.062	0.500	LR	8145.50	0.01	sqrt	bouncer_part	sqrt+log	2	2	15	1:0:5060 1:1:3103
1RB1LA_1LC0RB_0LA1RD_1RC0RD	825	2593	8178	0.498	0.062	0.500	LR	24438.50	0.01	sqrt	bouncer_part	sqrt+log	2	2	15	1:0:6693 1:1:1470
1RB1LA_1LC0RB_0LC0RD_0LA1RD	18	22	25	0.071	0.000	0.075	R	2.00	3.88	log	counter	-	0	0	25	-
1RB1LA_1LC0RB_0LC1RD_0RD0LA	18	22	25	0.071	0.079	0.000	L	2.00	3.92	log	counter	-	0	0	25	-
1RB1LA_1LC0RB_0LD0RA_0LD1RB	19	22	26	0.068	0.000	0.071	R	2.00	2.04	log	counter	-	0	0	26	-
1RB1LA_1LC0RB_0LD0RA_1LC1RB	25	30	35	0.073	0.000	0.076	R	1.62	2.03	log	counter	-	0	0	35	-
1RB1LA_1LC0RB_0LD0RA_1LC1RD	25	30	35	0.073	0.000	0.076	R	1.62	2.03	log	counter	-	0	0	35	-
1RB1LA_1LC0RB_0LD1RA_0LD0RA	20	23	26	0.057	0.000	0.062	R	2.00	1.96	log	counter	-	0	0	26	-
1RB1LA_1LC0RB_0RD0LC_1RD0LA	18	22	25	0.071	0.079	0.000	L	2.00	3.83	log	counter	-	0	0	25	-
1RB1LA_1LC0RB_1LD0RA_0LC0LA	34	41	47	0.070	0.000	0.076	R	1.50	1.04	log	counter	-	1	1	27	10:0101010111:20
1RB1LA_1LC0RB_1LD0RA_0LC1RA	34	41	48	0.075	0.000	0.081	R	1.50	1.04	log	counter	-	1	1	29	8:01111111:19
1RB1LA_1LC0RB_1LD0RA_0LD1RB	26	31	36	0.071	0.000	0.073	R	1.62	2.03	log	counter	-	1	1	20	8:00111111:16
1RB1LA_1LC0RB_1LD1RB_0LC0RA	33	40	47	0.077	0.000	0.079	R	1.43	1.98	log	counter	-	0	0	47	-
1RB1LA_1LC0RB_1LD1RC_0LC0LA	74633	746274	7462693	1.000	1.000	0.000	L	1.00	0.00	lin	linear	-	-	-	-	wide
1RB1LA_1LC0RB_1LD1RC_0LC0RA	34	41	47	0.070	0.000	0.072	R	1.41	0.04	log	counter	-	0	0	47	-
1RB1LA_1LC0RB_1RD0LC_1LA1RA	66	78	90	0.067	0.069	0.068	LR	0.33	0.47	log	counter	-	2	2	49	1:0:20 3:001:21
1RB1LA_1LC0RB_1RD0LC_1LD1RA	66	78	90	0.067	0.069	0.068	LR	0.33	0.47	log	counter	-	2	2	41	1:0:26 6:000001:23
1RB1LA_1LC0RC_0LA1RC_------	182	392	844	0.333	0.335	0.333	LR	1.00	1.00	cube	sweepctr	-	2	1	2	1:1:226 1:1:616
1RB1LA_1LC0RC_0LA1RD_0LA1RC	182	392	844	0.333	0.335	0.333	LR	1.00	1.00	cube	sweepctr	-	2	1	2	1:1:226 1:1:616
1RB1LA_1LC0RC_0LA1RD_0LA1RD	182	392	844	0.333	0.335	0.333	LR	1.00	1.00	cube	sweepctr	-	2	1	2	1:1:226 1:1:616
1RB1LA_1LC0RC_0LA1RD_0LD1RC	182	392	844	0.333	0.335	0.333	LR	1.00	1.00	cube	sweepctr	-	2	1	2	1:1:96 1:1:746
1RB1LA_1LC0RC_0LB1RD_0LA1RD	145	311	670	0.332	0.336	0.000	L	1.00	2.00	cube	sweepctr	-	2	1	2	1:1:164 1:1:504
1RB1LA_1LC0RC_0LD1RC_1RA1LA	208	448	967	0.334	0.335	0.335	LR	146172.17	0.67	cube	sweepctr	-	2	1	2	1:1:82 1:1:883
1RB1LA_1LC0RC_0LD1RC_1RB1LA	182	392	844	0.333	0.335	0.333	LR	1.00	1.00	cube	sweepctr	-	2	1	2	1:1:226 1:1:616
1RB1LA_1LC0RC_1LB1RD_0LA1RD	182	392	844	0.333	0.335	0.333	LR	1.00	1.00	cube	sweepctr	-	2	1	2	1:1:226 1:1:616
1RB1LA_1LC0RC_1LD1RC_0RB0LA	252	542	1168	0.333	0.333	0.334	LR	1.01	0.50	cube	sweepctr	-	3	1	2	1:1:358 1:1:450 1:1:358
1RB1LA_1LC0RC_1LD1RC_0RD0LA	228	494	1062	0.334	0.336	0.334	LR	1.00	1.00	cube	sweepctr	-	3	1	2	1:1:309 1:1:442 1:1:309
1RB1LA_1LC0RC_1LD1RC_1LA0LA	228	494	1062	0.334	0.336	0.334	LR	1.00	0.50	cube	sweepctr	-	3	1	2	1:1:312 1:1:437 1:1:311
1RB1LA_1LC0RC_1LD1RC_1RA0LA	228	494	1062	0.334	0.336	0.334	LR	1.00	0.50	cube	sweepctr	-	3	1	2	1:1:311 1:1:438 1:1:311
1RB1LA_1LC0RC_1RD1RC_0LD0LA	183	391	843	0.332	0.335	0.331	LR	1.00	1.00	cube	sweepctr	-	2	1	3	1:1:687 1:1:153
1RB1LA_1LC0RD_0LA1RC_0LA1RC	182	392	844	0.333	0.335	0.333	LR	1.00	1.00	cube	sweepctr	-	2	1	2	1:1:226 1:1:616
1RB1LA_1LC0RD_0LA1RC_0LB1RC	145	311	670	0.332	0.336	0.000	L	1.00	2.00	cube	sweepctr	-	2	1	2	1:1:164 1:1:504
1RB1LA_1LC0RD_0LA1RC_0RB1RC	208	448	967	0.334	0.335	0.335	LR	62645.07	0.67	cube	sweepctr	-	2	1	2	1:1:81 1:1:884
1RB1LA_1LC0RD_0LA1RC_1LB1RC	182	392	844	0.333	0.335	0.333	LR	1.00	1.00	cube	sweepctr	-	2	1	2	1:1:226 1:1:616
1RB1LA_1LC0RD_0LA1RD_0LA1RC	182	392	844	0.333	0.335	0.333	LR	1.00	1.00	cube	sweepctr	-	2	1	2	1:1:226 1:1:616
1RB1LA_1LC0RD_0LB0RA_1LB0RB	33	39	46	0.072	0.000	0.074	R	1.50	2.02	log	counter	-	1	1	29	6:010111:17
1RB1LA_1LC0RD_0LC1RA_0LB1RD	143	309	668	0.335	0.338	0.000	L	1.00	2.00	cube	sweepctr	-	2	1	2	1:1:175 1:1:491
1RB1LA_1LC0RD_0LC1RD_0LA1RC	182	392	844	0.333	0.335	0.333	LR	1.00	1.00	cube	sweepctr	-	2	1	2	1:1:96 1:1:746
1RB1LA_1LC0RD_0LC1RD_1RA0RB	68972	689661	6896559	1.000	0.000	1.000	R	2.08	0.00	lin	linear	-	-	-	-	wide
1RB1LA_1LC0RD_0RA0LC_0LA1RD	19	22	26	0.068	0.000	0.075	R	2.00	1.88	log	counter	-	0	0	26	-
1RB1LA_1LC0RD_0RA1LA_0LB1RD	144	310	669	0.334	0.337	0.000	L	1.00	1.99	cube	sweepctr	-	2	1	2	1:1:169 1:1:498
1RB1LA_1LC0RD_0RA1RA_0LB1RD	143	309	668	0.335	0.338	0.000	L	1.00	2.00	cube	sweepctr	-	2	1	2	1:1:175 1:1:491
1RB1LA_1LC0RD_0RB0LC_0LA1RD	18	22	25	0.071	0.000	0.079	R	2.00	1.88	log	counter	-	0	0	25	-
1RB1LA_1LC0RD_0RC1LA_0LB1RD	144	310	669	0.334	0.337	0.000	L	1.00	1.99	cube	sweepctr	-	2	1	2	1:1:169 1:1:498
1RB1LA_1LC0RD_1LA0LB_1RB0RD	1422	4482	14153	0.499	0.048	0.501	LR	14120.50	0.01	sqrt	bouncer_part	sqrt+log	2	1	14	2:01:1945 2:01:12194
1RB1LA_1LC0RD_1LA1LA_0LB1RD	144	310	669	0.334	0.337	0.000	L	1.00	1.99	cube	sweepctr	-	2	1	2	1:1:173 1:1:494
1RB1LA_1LC0RD_1LA1RA_0LB1RD	143	309	668	0.335	0.338	0.000	L	1.00	2.00	cube	sweepctr	-	2	1	2	1:1:180 1:1:486
1RB1LA_1LC0RD_1LB0RA_0RB0LB	34	40	48	0.075	0.000	0.077	R	40957.50	1.04	log	counter	-	1	1	31	8:01111111:17
1RB1LA_1LC0RD_1LC0RA_0RB0LB	34	40	48	0.075	0.000	0.077	R	40957.50	1.04	log	counter	-	1	1	31	8:01111111:17
1RB1LA_1LC0RD_1LC1LA_0LB1RD	144	310	669	0.334	0.337	0.000	L	1.00	1.99	cube	sweepctr	-	2	1	2	1:1:173 1:1:494
1RB1LA_1LC0RD_1LC1RA_0LB1RD	143	309	668	0.335	0.338	0.000	L	1.00	2.00	cube	sweepctr	-	2	1	2	1:1:179 1:1:487
1RB1LA_1LC0RD_1LD1LA_0LB1RD	144	310	669	0.334	0.337	0.000	L	1.00	2.00	cube	sweepctr	-	2	1	2	1:1:168 1:1:499
1RB1LA_1LC0RD_1LD1RA_0LB1RD	143	309	668	0.335	0.338	0.000	L	1.00	2.00	cube	sweepctr	-	2	1	2	1:1:173 1:1:493
1RB1LA_1LC0RD_1RA0LB_1RB0RD	1422	4482	14153	0.499	0.048	0.501	LR	14121.50	0.01	sqrt	bouncer_part	sqrt+log	2	1	14	2:01:12188 2:01:1951
1RB1LA_1LC0RD_1RA1LA_0LB1RD	144	310	669	0.334	0.337	0.000	L	1.00	1.99	cube	sweepctr	-	2	1	2	1:1:172 1:1:495
1RB1LA_1LC0RD_1RA1LA_0LC1RD	208	448	967	0.334	0.335	0.335	LR	233.88	0.67	cube	sweepctr	-	2	1	2	1:1:82 1:1:883
1RB1LA_1LC0RD_1RA1RA_0LB1RD	143	309	668	0.335	0.338	0.000	L	1.00	2.00	cube	sweepctr	-	2	1	2	1:1:179 1:1:487
1RB1LA_1LC0RD_1RB1LA_0LB1RD	144	310	669	0.334	0.337	0.000	L	1.00	1.99	cube	sweepctr	-	2	1	2	1:1:171 1:1:496
1RB1LA_1LC0RD_1RB1LA_0LC1RD	182	392	844	0.333	0.335	0.333	LR	1.00	1.00	cube	sweepctr	-	2	1	2	1:1:228 1:1:614
1RB1LA_1LC0RD_1RB1RA_0LB1RD	143	309	668	0.335	0.338	0.000	L	1.00	2.00	cube	sweepctr	-	2	1	2	1:1:176 1:1:490
1RB1LA_1LC0RD_1RC1LA_0LB1RD	144	310	669	0.334	0.337	0.000	L	1.00	1.99	cube	sweepctr	-	2	1	2	1:1:172 1:1:495
1RB1LA_1LC0RD_1RC1RA_0LB1RD	208	448	964	0.333	0.334	0.334	LR	233.87	0.67	cube	sweepctr	-	2	1	2	1:1:284 1:1:678
1RB1LA_1LC0RD_1RD1LA_0LB1RD	144	310	669	0.334	0.337	0.000	L	1.00	1.99	cube	sweepctr	-	2	1	2	1:1:169 1:1:498
1RB1LA_1LC0RD_1RD1RA_0LB1RD	143	309	668	0.335	0.338	0.000	L	1.00	2.00	cube	sweepctr	-	2	1	2	1:1:175 1:1:491
1RB1LA_1LC1RC_0LA0RD_0LA1RD	228	494	1062	0.334	0.336	0.334	LR	1.00	1.00	cube	sweepctr	-	2	1	2	1:1:614 1:1:446
1RB1LA_1LC1RC_0LA0RD_0LB1RD	181	390	842	0.334	0.337	0.000	L	1.00	2.00	cube	sweepctr	-	2	1	2	1:1:626 1:1:214
1RB1LA_1LC1RC_0LD0RD_0LA1RD	228	494	1062	0.334	0.336	0.334	LR	1.00	1.00	cube	sweepctr	-	2	1	2	1:1:612 1:1:448
1RB1LA_1LC1RC_0RA0LD_1LC0LD	1601	5025	15840	0.498	0.501	0.061	LR	11840.50	0.01	sqrt	bouncer_part	sqrt+log	6	2	42	3:011:11154 3:001:699 3:001:2965 3:001:744 3:001:187 3:001:49
1RB1LA_1LC1RD_0LA1RC_---0RC	228	494	1062	0.334	0.336	0.334	LR	1.00	1.00	cube	sweepctr	-	2	1	2	1:1:620 1:1:440
1RB1LA_1LC1RD_0LA1RC_0RC0LB	228	492	1062	0.334	0.336	0.334	LR	1.00	1.00	cube	sweepctr	-	2	1	2	1:1:192 1:1:868
1RB1LA_1LC1RD_0LB1RC_0LA0RC	181	390	842	0.334	0.337	0.000	L	1.00	2.00	cube	sweepctr	-	2	1	2	1:1:634 1:1:206
1RB1LA_1LC1RD_1LA0LC_1RA0RB	97	109	118	0.043	0.000	0.046	R	1.00	0.09	log	counter	-	3	3	46	12:010111110111:29 6:000001:26 3:001:17
1RB1LA_1LC1RD_1LD0LC_0RA0LC	1601	5025	15840	0.498	0.501	0.061	LR	11840.50	0.01	sqrt	bouncer_part	sqrt+log	6	2	42	3:011:11154 3:001:699 3:001:2965 3:001:744 3:001:187 3:001:49
1RB1LA_1LC1RD_1LD0LC_1RA0RD	72	86	103	0.078	0.081	0.077	LR	1.00	0.44	log	counter	-	2	2	62	9:000001001:21 9:000000001:20
1RB1LA_1LC1RD_1RA0LB_0RC0RB	1030	3198	10046	0.495	0.501	0.086	LR	3.00	0.01	sqrt	bouncer_part	sqrt+log	3	3	33	4:0111:52 4:0001:9944 1:0:17
1RB1LA_1LC1RD_1RC0LB_0LA0RB	36	42	49	0.067	0.070	0.000	L	1.45	0.02	log	counter	-	0	0	49	-
1RB1LA_1RC0LC_0LA0RD_0LA1RD	226	492	1060	0.336	0.337	0.336	LR	1.00	1.00	cube	sweepctr	-	2	1	2	1:1:630 1:1:428
1RB1LA_1RC0LC_0LD0RD_0LA1RD	226	492	1060	0.336	0.337	0.336	LR	1.00	1.00	cube	sweepctr	-	2	1	2	1:1:626 1:1:432
1RB1LA_1RC0LC_1LA0RD_0LA1RD	227	491	1061	0.335	0.337	0.334	LR	1.00	1.00	cube	sweepctr	-	2	1	2	1:1:196 1:1:863
1RB1LA_1RC0LC_1LD0RD_0LA1RD	227	491	1061	0.335	0.337	0.334	LR	1.00	1.00	cube	sweepctr	-	2	1	2	1:1:194 1:1:865
1RB1LA_1RC0LC_1RD0RD_0LA1RD	227	491	1061	0.335	0.337	0.334	LR	1.00	1.00	cube	sweepctr	-	2	1	2	1:1:194 1:1:865
1RB1LA_1RC0LD_0LA0RB_1LB0RC	33	39	45	0.067	0.073	0.066	LR	2.00	0.95	log	counter	-	0	0	45	-
1RB1LA_1RC0LD_0LA0RB_1LB1RB	33	39	47	0.077	0.083	0.075	LR	2.00	0.96	log	counter	-	0	0	47	-
1RB1LA_1RC0LD_0LA0RC_0LC1LB	1414	4476	14138	0.500	0.495	0.503	LR	1.00	0.25	sqrt	bouncer_part	sqrt+sqrt	2	2	19	1:1:7577 2:01:6542
1RB1LA_1RC0LD_0LA1RB_0RB1LB	229	493	1061	0.333	0.336	0.000	L	30159.17	1.00	cube	sweepctr	-	3	2	2	1:1:548 2:01:424 1:1:87
1RB1LA_1RC0LD_0LA1RB_0RD1LB	227	491	1061	0.335	0.338	0.000	L	30216.72	1.00	cube	sweepctr	-	3	2	2	1:1:468 2:01:154 1:1:437
1RB1LA_1RC0LD_0LA1RC_0RC1RD	182	390	842	0.333	0.335	0.333	LR	1.00	1.00	cube	sweepctr	-	2	1	2	1:1:693 1:1:147
1RB1LA_1RC0LD_0RD0RB_1LA1LB	1482	4680	14800	0.500	0.500	0.499	LR	3.00	0.65	sqrt	bouncer	sqrt+sqrt	3	2	9	11:01010101011:9562 2:01:2027 2:01:3202
1RB1LA_1RC0LD_1LA1RB_0RB1LB	289	621	1337	0.333	0.332	0.334	LR	46799.39	0.50	cube	sweepctr	-	3	2	1	1:1:642 2:01:492 1:1:202
1RB1LA_1RC0LD_1LA1RB_0RD1LB	285	621	1337	0.336	0.335	0.337	LR	46871.17	0.50	cube	sweepctr	-	3	2	1	1:1:782 2:01:134 1:1:420
1RB1LA_1RC0RA_1LD1RA_1LA0LD	735	2270	7108	0.493	0.501	0.059	LR	1.00	0.01	sqrt	bouncer_part	sqrt+log	2	2	7	1:1:7069 15:000000001001001:32
1RB1LA_1RC0RA_1LD1RB_1LA0LD	727	2260	7097	0.495	0.500	0.057	LR	1.00	0.01	sqrt	bouncer_part	sqrt+log	3	2	7	1:1:3010 1:1:4059 10:0000010101:21
1RB1LA_1RC0RA_1LD1RC_1LA0LD	718	2249	7085	0.497	0.500	0.052	LR	1.00	0.01	sqrt	bouncer_part	sqrt+log	1	1	15	1:1:7070
1RB1LA_1RC0RB_0LC1LD_0LD1RA	529	1646	5178	0.495	0.048	0.500	LR	2029.66	0.01	sqrt	bouncer_part	sqrt+log	3	2	2	7:0000101:18 2:01:4312 2:01:846
1RB1LA_1RC0RB_0RD0RC_1LD0LA	1423	4483	14154	0.499	0.062	0.500	LR	14121.50	0.01	sqrt	bouncer_part	sqrt+log	2	2	14	1:0:12201 1:1:1939
1RB1LA_1RC0RB_1LD0RB_1LA0LC	1422	4482	14153	0.499	0.052	0.501	LR	14121.50	0.01	sqrt	bouncer_part	sqrt+log	2	1	14	2:01:1948 2:01:12191
1RB1LA_1RC0RB_1LD0RB_1RA0LC	1422	4482	14153	0.499	0.052	0.501	LR	14122.50	0.01	sqrt	bouncer_part	sqrt+log	2	1	14	2:01:12179 2:01:1960
1RB1LA_1RC0RB_1LD0RC_0LD0LA	35	43	49	0.073	0.079	0.071	LR	2.00	0.96	log	counter	-	0	0	49	-
1RB1LA_1RC0RB_1LD0RC_1LD0LA	1009	3173	10013	0.498	0.080	0.500	LR	1.00	0.01	sqrt	bouncer_part	sqrt+log	2	2	15	1:0:9979 1:1:19
1RB1LA_1RC0RB_1LD1RA_1LA0LD	68	80	92	0.066	0.073	0.065	LR	1.00	0.42	log	counter	-	3	3	25	10:0001101111:20 12:000001001001:29 9:000001001:18
1RB1LA_1RC0RB_1LD1RC_1LA0LC	718	2249	7085	0.497	0.048	0.501	LR	1.00	0.01	sqrt	bouncer_part	sqrt+log	1	1	15	1:1:7070
1RB1LA_1RC0RC_0LA0RD_1LD0LA	217	465	1002	0.332	0.334	0.331	LR	0.66	0.94	cube	sweepctr	-	3	1	2	1:1:224 1:1:550 1:1:226
1RB1LA_1RC0RC_0LA1RC_------	182	392	844	0.333	0.335	0.333	LR	1.00	1.00	cube	sweepctr	-	2	1	2	1:1:227 1:1:615
1RB1LA_1RC0RC_0LA1RD_0LA1RC	182	392	844	0.333	0.335	0.333	LR	1.00	1.00	cube	sweepctr	-	2	1	2	1:1:227 1:1:615
1RB1LA_1RC0RC_0LA1RD_0LA1RD	182	392	844	0.333	0.335	0.333	LR	1.00	1.00	cube	sweepctr	-	2	1	2	1:1:227 1:1:615
1RB1LA_1RC0RC_0LA1RD_0LD1RC	182	392	844	0.333	0.335	0.333	LR	1.00	1.00	cube	sweepctr	-	2	1	2	1:1:97 1:1:745
1RB1LA_1RC0RC_0LD0RB_1LD0LA	35	41	47	0.064	0.069	0.000	L	500.99	0.96	log	counter	-	0	0	47	-
1RB1LA_1RC0RC_0LD1RB_1LD0LA	52	64	76	0.082	0.087	0.000	L	1.75	1.60	log	counter	-	2	2	18	3:011:34 12:010101010111:24
1RB1LA_1RC0RC_0LD1RC_1RA1LA	208	448	967	0.334	0.335	0.335	LR	438516.50	0.67	cube	sweepctr	-	2	1	2	1:1:82 1:1:883
1RB1LA_1RC0RC_0LD1RC_1RB1LA	182	392	844	0.333	0.335	0.333	LR	1.00	1.00	cube	sweepctr	-	2	1	2	1:1:227 1:1:615
1RB1LA_1RC0RC_1LB1RD_0LA1RD	182	392	844	0.333	0.337	0.331	LR	1.00	1.00	cube	sweepctr	-	2	1	2	1:1:227 1:1:615
1RB1LA_1RC0RC_1LD0RD_0LB0LA	252	540	1168	0.333	0.335	0.330	LR	288.58	0.50	cube	sweepctr	-	4	1	3	1:1:240 1:1:223 1:1:462 1:1:240
1RB1LA_1RC0RC_1LD0RD_1LA0LA	252	544	1168	0.333	0.333	0.334	LR	288.42	0.50	cube	sweepctr	-	4	1	4	1:1:337 1:1:238 1:1:254 1:1:335
1RB1LA_1RC0RC_1LD0RD_1LC0LA	202	432	930	0.332	0.333	0.332	LR	1.00	1.00	cube	sweepctr	-	3	1	2	1:1:131 1:1:663 1:1:134
1RB1LA_1RC0RC_1LD0RD_1LD0LA	306	681	1514	0.347	0.356	0.284	LR	0.25	0.19	cube	sweepctr	-	3	1	2	1:1:102 1:1:549 1:1:861
1RB1LA_1RC0RC_1LD1RC_0LB0LA	288	620	1336	0.333	0.335	0.331	LR	330.88	0.50	cube	sweepctr	-	3	1	2	1:1:313 1:1:707 1:1:314
1RB1LA_1RC0RC_1LD1RC_0RB0LA	252	542	1168	0.333	0.333	0.334	LR	1.01	0.50	cube	sweepctr	-	3	1	2	1:1:359 1:1:447 1:1:360
1RB1LA_1RC0RC_1LD1RC_0RD0LA	228	494	1062	0.334	0.336	0.334	LR	1.00	1.00	cube	sweepctr	-	3	1	2	1:1:310 1:1:439 1:1:311
1RB1LA_1RC0RC_1LD1RC_1LA0LA	228	494	1062	0.334	0.336	0.334	LR	1.00	0.50	cube	sweepctr	-	3	1	2	1:1:312 1:1:436 1:1:312
1RB1LA_1RC0RC_1LD1RC_1RA0LA	228	494	1062	0.334	0.336	0.334	LR	1.00	0.50	cube	sweepctr	-	3	1	2	1:1:312 1:1:437 1:1:311
1RB1LA_1RC0RC_1RD0LB_0LA0RB	49	61	70	0.077	0.083	0.077	LR	32765.50	0.64	log	counter	-	1	1	53	1:1:17
1RB1LA_1RC0RC_1RD0RD_1LD0LA	538	1669	5206	0.493	0.088	0.500	LR	1.00	0.01	sqrt	bouncer_part	sqrt+log	2	1	5	1:1:1676 1:1:3525
1RB1LA_1RC0RC_1RD1RC_0LD0LA	183	391	843	0.332	0.335	0.331	LR	1.00	1.00	cube	sweepctr	-	2	1	3	1:1:690 1:1:150
1RB1LA_1RC0RD_0LA0RB_0LB0LA	48	57	67	0.072	0.078	0.066	LR	1.45	1.30	log	counter	-	2	2	30	6:011111:17 9:011011111:20
1RB1LA_1RC0RD_0LA0RB_0LC0LA	46	56	66	0.078	0.085	0.000	L	1.33	0.68	log	counter	-	2	2	28	1:1:17 9:011011111:21
1RB1LA_1RC0RD_0LA1RC_0LA1RC	182	392	844	0.333	0.335	0.333	LR	1.00	1.00	cube	sweepctr	-	2	1	2	1:1:227 1:1:615
1RB1LA_1RC0RD_0LA1RC_0LB1RC	145	311	670	0.332	0.336	0.000	L	1.00	1.99	cube	sweepctr	-	2	1	2	1:1:165 1:1:503
1RB1LA_1RC0RD_0LA1RC_1LB1RC	182	392	844	0.333	0.335	0.333	LR	1.00	1.00	cube	sweepctr	-	2	1	2	1:1:227 1:1:615
1RB1LA_1RC0RD_0LA1RD_0LA1RC	182	392	844	0.333	0.335	0.333	LR	1.00	1.00	cube	sweepctr	-	2	1	2	1:1:227 1:1:615
1RB1LA_1RC0RD_0LC0LA_1RC1RD	145	311	670	0.332	0.336	0.000	L	1.00	1.99	cube	sweepctr	-	2	1	3	1:1:167 1:1:500
1RB1LA_1RC0RD_0LC1RD_0LA1RC	182	392	844	0.333	0.335	0.333	LR	1.00	1.00	cube	sweepctr	-	2	1	2	1:1:96 1:1:746
1RB1LA_1RC0RD_0LD0RB_1LB0LA	46	56	66	0.078	0.086	0.000	L	1.26	0.69	log	counter	-	2	2	29	3:011:17 9:011111111:20
1RB1LA_1RC0RD_0LD0RB_1RA0LA	47	57	67	0.077	0.086	0.000	L	1.14	0.65	log	counter	-	2	2	5	12:011011111111:29 15:011011011011111:33
1RB1LA_1RC1LB_1LD0RC_0LD0RA	20	23	27	0.065	0.000	0.071	R	2.00	1.81	log	counter	-	0	0	27	-
1RB1LA_1RC1LD_0LA0RB_0RC0LA	833	2602	8187	0.496	0.062	0.501	LR	1.00	0.01	sqrt	bouncer_part	sqrt+log	3	2	9	1:1:16 2:01:7411 2:01:751
1RB1LA_1RC1LD_0LD0RD_1RB0LA	1420	4480	14151	0.499	0.501	0.052	LR	3529.83	0.01	sqrt	bouncer_part	sqrt+log	9	1	45	1:1:7069 1:1:3534 1:1:1767 1:1:883 1:1:441 1:1:220 1:1:110 1:1:55 1:1:27
1RB1LA_1RC1LD_1LD0RD_0RD0LA	1420	4480	14151	0.499	0.501	0.052	LR	3529.83	0.01	sqrt	bouncer_part	sqrt+log	10	2	21	1:1:7070 1:1:3534 1:1:1767 1:1:884 1:1:442 1:1:221 1:1:110 1:1:55 1:1:28 8:01111111:19
1RB1LA_1RC1RA_1LD0RC_0RA0LD	64	80	92	0.079	0.000	0.081	R	0.60	0.49	log	counter	-	3	1	24	8:00000001:20 8:00000001:24 8:00000001:24
1RB1LA_1RC1RB_1LD0RC_0LD0LA	1009	3173	10013	0.498	0.501	0.067	LR	1.00	0.01	sqrt	bouncer_part	sqrt+log	1	1	15	1:1:9998
1RB1LA_1RC1RC_0LA0RD_0LA1RD	228	494	1062	0.334	0.336	0.334	LR	1.00	1.00	cube	sweepctr	-	2	1	2	1:1:622 1:1:438
1RB1LA_1RC1RC_0LA0RD_0LB1RD	181	391	842	0.334	0.337	0.000	L	1.00	2.00	cube	sweepctr	-	2	1	2	1:1:642 1:1:198
1RB1LA_1RC1RC_0LA1RD_0LA0RB	48	58	69	0.079	0.083	0.075	LR	1.43	1.29	log	counter	-	1	1	46	9:011011111:23
1RB1LA_1RC1RC_0LD0RD_0LA1RD	228	494	1062	0.334	0.336	0.334	LR	1.00	1.00	cube	sweepctr	-	2	1	2	1:1:620 1:1:440
1RB1LA_1RC1RD_0LA0RB_0LA1RC	48	58	69	0.079	0.083	0.075	LR	1.43	1.29	log	counter	-	1	1	46	9:011011111:23
1RB1LA_1RC1RD_0LA1RC_---0RC	228	494	1062	0.334	0.336	0.334	LR	1.00	1.00	cube	sweepctr	-	2	1	2	1:1:622 1:1:438
1RB1LA_1RC1RD_0LA1RC_0RC0LB	228	492	1062	0.334	0.336	0.334	LR	1.00	1.00	cube	sweepctr	-	2	1	2	1:1:194 1:1:866
1RB1LA_1RC1RD_0LB1RC_0LA0RC	181	390	842	0.334	0.337	0.000	L	1.00	2.00	cube	sweepctr	-	2	1	2	1:1:638 1:1:202
1RB1LB_0LB1LC_1RD0RD_1LA0RC	38	44	50	0.060	0.000	0.064	R	28670.50	0.96	log	counter	-	1	1	34	8:00001111:16
1RB1LB_0LB1RC_1LD0RC_0RA0LD	20	23	27	0.065	0.000	0.071	R	2.00	1.96	log	counter	-	0	0	27	-
1RB1LB_0LC0RD_1LA1RC_1RB0RD	1600	5024	15839	0.498	0.057	0.502	LR	11840.50	0.01	sqrt	bouncer_part	sqrt+log	6	2	42	3:001:49 3:001:187 3:001:744 3:001:2279 3:011:686 3:011:11852
1RB1LB_0LC0RD_1LC1LA_1LC1RA	1498	4741	14998	0.500	0.501	0.500	LR	1.00	1.67	sqrt	bouncer	sqrt+sqrt	1	1	3	3:011:14995
1RB1LB_0LC1RD_0RA1LC_0RB0RD	1419	4479	14150	0.499	0.052	0.501	LR	3530.50	0.01	sqrt	bouncer_part	sqrt+log	10	3	10	15:010101010101011:38 13:0101010101011:26 2:01:43 2:01:111 2:01:222 2:01:443 2:01:885 2:01:1768 2:01:3534 2:01:7070
1RB1LB_0LC1RD_1LA0RB_1LB0RD	987	3087	9713	0.497	0.077	0.502	LR	2145.72	0.01	sqrt	bouncer_part	sqrt+log	6	1	42	3:011:30 3:011:116 3:011:454 3:011:1251 3:011:567 3:011:7253
1RB1LB_0LC1RD_1LA1LA_1LB0RD	1051	3295	10379	0.497	0.077	0.502	LR	2006.83	0.01	sqrt	bouncer_part	sqrt+log	6	1	45	3:011:31 3:011:123 3:011:486 3:011:1939 3:011:2465 3:011:5290
1RB1LB_0LC1RD_1LA1LC_1RA0RB	1623	5135	16248	0.500	0.500	0.500	LR	1.00	0.63	sqrt	bouncer	sqrt+sqrt	2	2	4	3:011:3754 5:01011:12490
1RB1LB_0LC1RD_1LA1LC_1RB0RB	1120	3533	11166	0.499	0.499	0.500	LR	1.00	0.48	sqrt	bouncer_part	sqrt+sqrt	402	3	7	11:01010111011:36 11:01010111011:54 11:01010111011:54 11:01010111011:54 11:01010111011:54 11:01010111011:54 11:01010111011:54 11:01010111011:54 11:01010111011:54 11:01010111011:54 11:01010111011:54 11:01010111011:54 3:011:17 11:01101101111:38 3:011:16 11:01101101111:38 3:011:16 11:01101101111:38 3:011:16 11:01101101111:38 3:011:16 11:01101101111:38 3:011:16 11:01101101111:38 3:011:16 11:01101101111:38 3:011:16 11:01101101111:38 3:011:16 11:01101101111:38 3:011:16 11:01101101111:38 3:011:16 11:01101101111:38 3:011:16 11:01101101111:38 3:011:16 11:01101101111:38 3:011:16 11:01101101111:38 3:011:16 11:01101101111:38 3:011:16 11:01101101111:38 3:011:16 11:01101101111:38 3:011:16 11:01101101111:38 3:011:16 11:01101101111:38 3:011:16 11:01101101111:38 3:011:16 11:01101101111:38 3:011:16 11:01101101111:38 3:011:16 11:01101101111:38 3:011:16 11:01101101111:38 3:011:16 11:01101101111:38 3:011:16 11:01101101111:38 3:011:16 11:01101101111:38 3:011:16 11:01101101111:38 3:011:16 11:01101101111:38 3:011:16 11:01101101111:38 3:011:16 11:01101101111:38 3:011:16 11:01101101111:38 3:011:16 11:01101101111:38 3:011:16 11:01101101111:38 3:011:16 11:01101101111:38 3:011:16 11:01101101111:38 3:011:16 11:01101101111:38 3:011:16 11:01101101111:38 3:011:16 11:01101101111:38 3:011:16 11:01101101111:38 3:011:16 11:01101101111:38 3:011:16 11:01101101111:38 3:011:16 11:01101101111:38 3:011:16 11:01101101111:38 3:011:16 11:01101101111:38 3:011:16 11:01101101111:38 3:011:16 11:01101101111:38 3:011:16 11:01101101111:38 3:011:16 11:01101101111:38 3:011:16 11:01101101111:38 3:011:16 11:01101101111:38 3:011:16 11:01101101111:38 3:011:16 11:01101101111:38 3:011:16 11:01101101111:38 3:011:16 11:01101101111:38 3:011:16 11:01101101111:38 3:011:16 11:01101101111:38 3:011:16 11:01101101111:38 3:011:16 11:01101101111:38 3:011:16 11:01101101111:38 3:011:16 11:01101101111:38 3:011:16 11:01101101111:38 3:011:16 11:01101101111:38 3:011:16 11:01101101111:38 3:011:16 11:01101101111:38 3:011:16 11:01101101111:38 3:011:16 11:01101101111:38 3:011:16 11:01101101111:38 3:011:16 11:01101101111:38 3:011:16 11:01101101111:38 3:011:16 11:01101101111:38 3:011:16 11:01101101111:38 3:011:16 11:01101101111:38 3:011:16 11:01101101111:38 3:011:16 11:01101101111:38 3:011:16 11:01101101111:38 3:011:16 11:01101101111:38 3:011:16 11:01101101111:38 3:011:16 11:01101101111:38 3:011:16 11:01101101111:38 3:011:16 11:01101101111:38 3:011:16 11:01101101111:38 3:011:16 11:01101101111:38 3:011:16 11:01101101111:38 3:011:16 11:01101101111:38 3:011:16 11:01101101111:38 3:011:16 11:01101101111:38 3:011:16 11:01101101111:38 3:011:16 11:01101101111:38 3:011:16 11:01101101111:38 3:011:16 11:01101101111:38 3:011:16 11:01101101111:38 3:011:16 11:01101101111:38 3:011:16 11:01101101111:38 3:011:16 11:01101101111:38 3:011:16 11:01101101111:38 3:011:16 11:01101101111:38 3:011:16 11:01101101111:38 3:011:16 11:01101101111:38 3:011:16 11:01101101111:38 3:011:16 11:01101101111:38 3:011:16 11:01101101111:38 3:011:16 11:01101101111:38 3:011:16 11:01101101111:38 3:011:16 11:01101101111:38 3:011:16 11:01101101111:38 3:011:16 11:01101101111:38 3:011:16 11:01101101111:38 3:011:16 11:01101101111:38 3:011:16 11:01101101111:38 3:011:16 11:01101101111:38 3:011:16 11:01101101111:38 3:011:16 11:01101101111:38 3:011:16 11:01101101111:38 3:011:16 11:01101101111:38 3:011:16 11:01101101111:38 3:011:16 11:01101101111:38 3:011:16 11:01101101111:38 3:011:16 11:01101101111:38 3:011:16 11:01101101111:38 3:011:16 11:01101101111:38 3:011:16 11:01101101111:38 3:011:16 11:01101101111:38 3:011:16 11:01101101111:38 3:011:16 11:01101101111:38 3:011:16 11:01101101111:38 3:011:16 11:01101101111:38 3:011:16 11:01101101111:38 3:011:16 11:01101101111:38 3:011:16 11:01101101111:38 3:011:16 11:01101101111:38 3:011:16 11:01101101111:38 3:011:16 11:01101101111:38 3:011:16 11:01101101111:38 3:011:16 11:01101101111:38 3:011:16 11:01101101111:38 3:011:16 11:01101101111:38 3:011:16 11:01101101111:38 3:011:16 11:01101101111:38 3:011:16 11:01101101111:38 3:011:16 11:01101101111:38 3:011:16 11:01101101111:38 3:011:16 11:01101101111:38 3:011:16 11:01101101111:38 3:011:16 11:01101101111:38 3:011:16 11:01101101111:38 3:011:16 11:01101101111:38 3:011:16 11:01101101111:38 3:011:16 11:01101101111:38 3:011:16 11:01101101111:38 3:011:16 11:01101101111:38 3:011:16 11:01101101111:38 3:011:16 11:01101101111:38 3:011:16 11:01101101111:38 3:011:16 11:01101101111:38 3:011:16 11:01101101111:38 3:011:16 11:01101101111:38 3:011:16 11:01101101111:38 3:011:16 11:01101101111:38 3:011:16 11:01101101111:38 3:011:16 11:01101101111:38 3:011:16 11:01101101111:38 3:011:16 11:01101101111:38 3:011:16 11:01101101111:38 3:011:16 11:01101101111:38 3:011:16 11:01101101111:38 3:011:16 11:01101101111:38 3:011:16 11:01101101111:38 3:011:16 11:01101101111:38 3:011:16 11:01101101111:38 3:011:16 11:01101101111:38 3:011:16 11:01101101111:38 3:011:16 11:01101101111:38 3:011:16 11:01101101111:38 3:011:16 11:01101101111:38 3:011:16 11:01101101111:38 3:011:16 11:01101101111:38 3:011:16 11:01101101111:38 3:011:16 11:01101101111:38 3:011:16 11:01101101111:38 3:011:16 11:01101101111:38 3:011:16 11:01101101111:38 3:011:16 11:01101101111:38 3:011:16 11:01101101111:38 3:011:16 11:01101101111:38 3:011:16 11:01101101111:38 3:011:16 11:01101101111:38 3:011:16 11:01101101111:38 3:011:16 11:01101101111:38 3:011:16 11:01101101111:38 3:011:16 11:01101101111:38 3:011:16 11:01101101111:38 3:011:16 11:01101101111:38 3:011:16 11:01101101111:38 3:011:16 11:01101101111:36
1RB1LB_0RC0LC_0RD1LC_1LA1RD	228	494	1062	0.334	0.337	0.333	LR	1.00	1.00	cube	sweepctr	-	2	1	2	1:1:448 1:1:612
1RB1LB_0RC0LD_1LA1RC_0RA1LD	181	390	842	0.334	0.000	0.336	R	1.00	2.00	cube	sweepctr	-	2	1	2	1:1:214 1:1:626
1RB1LB_0RC0LD_1LA1RC_0RC1LD	228	494	1062	0.334	0.336	0.334	LR	1.00	1.00	cube	sweepctr	-	2	1	2	1:1:446 1:1:614
1RB1LB_0RC1LD_1LC0LA_0RA0LA	58830	588241	5882358	1.000	1.000	0.000	L	0.54	0.00	lin	linear	-	-	-	-	wide
1RB1LB_0RC1LD_1LC0LA_0RC0LA	60875	608701	6086962	1.000	1.000	0.000	L	0.64	0.00	lin	linear	-	-	-	-	wide
1RB1LB_0RC1LD_1LC0LA_0RD0LA	60875	608701	6086962	1.000	1.000	0.000	L	0.64	0.00	lin	linear	-	-	-	-	wide
1RB1LB_0RC1RB_1LD0RB_0LD1LA	37	43	51	0.070	0.000	0.075	R	45054.50	0.94	log	counter	-	1	1	32	8:00010101:19
1RB1LB_0RC1RC_1LD0RB_0LD1LA	38	46	52	0.068	0.000	0.073	R	36862.50	0.04	log	counter	-	0	0	52	-
1RB1LB_1LA0RC_0LB0LD_0RD0RC	35	41	49	0.073	0.079	0.000	L	40957.50	0.96	log	counter	-	0	0	49	-
1RB1LB_1LA0RC_0LB0RD_---0RC	35	43	49	0.073	0.079	0.000	L	32766.50	0.96	log	counter	-	0	0	49	-
1RB1LB_1LA0RC_0LB0RD_---1RC	25	29	33	0.060	0.067	0.000	L	16402.50	0.94	log	counter	-	0	0	33	-
1RB1LB_1LA0RC_0LD0RB_0LD1LB	39	45	51	0.058	0.062	0.000	L	28670.50	0.06	log	counter	-	1	1	34	8:00010101:17
1RB1LB_1LA0RC_0RD0RB_0LD1LB	38	46	52	0.068	0.075	0.000	L	32766.50	0.06	log	counter	-	0	0	52	-
1RB1LB_1LA1LC_---1RD_0LB0RD	35	41	49	0.073	0.079	0.000	L	40958.50	0.96	log	counter	-	0	0	49	-
1RB1LB_1LA1LC_0LC1RD_1RA0RD	52	61	70	0.065	0.000	0.068	R	1.00	0.65	log	counter	-	2	2	31	1:0:18 1:1:21
1RB1LB_1LA1LC_1RD0LC_0RD0RA	21	24	28	0.062	0.068	0.000	L	2.00	0.04	log	counter	-	0	0	28	-
1RB1LB_1LA1RC_1LD0RC_0LD1RA	21	24	27	0.055	0.000	0.062	R	2.00	0.08	log	counter	-	0	0	27	-
1RB1LB_1LA1RC_1RD0LC_0RD0LA	20	24	27	0.065	0.071	0.000	L	2.00	1.77	log	counter	-	0	0	27	-
1RB1LB_1LC0RA_0RD0LB_1LB1RD	33	39	47	0.077	0.079	0.079	LR	2.00	0.98	log	counter	-	1	1	19	14:01011111110111:28
1RB1LB_1LC0RB_0LA0LD_0RA1LB	1056	3297	10381	0.496	0.055	0.502	LR	2007.39	0.01	sqrt	bouncer_part	sqrt+log	6	2	42	3:001:32 3:001:124 3:001:487 3:001:1942 3:001:3383 3:011:4371
1RB1LB_1LC0RB_0LD0LB_0RA1LD	1581	4997	15813	0.500	0.500	0.500	LR	4.56	0.59	sqrt	bouncer	sqrt+sqrt	3	3	18	3:001:18 5:00101:4728 5:01011:11049
1RB1LB_1LC0RC_1LA0RD_0LB0RB	52	61	70	0.065	0.069	0.000	L	1.00	0.70	log	counter	-	2	2	32	3:001:21 6:000001:17
1RB1LB_1LC0RD_0LB1LA_0LA1RA	1227	3875	12249	0.500	0.500	0.500	LR	1.00	1.02	sqrt	bouncer	sqrt+sqrt	3	3	5	1:0:3742 2:01:1699 5:01111:6803
1RB1LB_1LC0RD_0LB1LA_1LA1RA	1336	4226	13363	0.500	0.499	0.500	LR	18672.50	1.60	sqrt	bouncer	sqrt+sqrt	2	2	1	5:00011:220 5:01111:13142
1RB1LB_1LC0RD_0RA0LC_0RB0LB	35	41	47	0.064	0.000	0.067	R	28667.50	0.98	log	counter	-	1	1	28	8:01010111:19
1RB1LB_1LC0RD_1LA0LB_1RB0RD	1438	4502	14175	0.497	0.057	0.501	LR	14120.50	0.01	sqrt	bouncer_part	sqrt+log	3	2	4	15:000000001001001:37 2:01:1982 2:01:12152
1RB1LB_1LC0RD_1LA0LB_1RB1RA	1437	4501	14174	0.497	0.062	0.501	LR	14120.50	0.01	sqrt	bouncer_part	sqrt+log	3	2	4	15:000000001001001:32 2:01:12107 2:01:2031
1RB1LB_1LC0RD_1LA0LC_1RD1RB	44527	445120	4451055	1.000	1.000	0.000	L	1.00	0.00	lin	linear	-	-	-	-	wide
1RB1LB_1LC0RD_1RD0LB_0LA1RA	1231	3881	12259	0.499	0.062	0.501	LR	15281.50	0.00	sqrt	bouncer_part	sqrt+log	7	2	15	10:0110111111:23 3:011:28 3:011:141 3:011:575 3:011:2294 3:011:3959 3:011:5224
1RB1LB_1LC1LA_0LB1RD_0RB0RD	34	40	46	0.066	0.000	0.067	R	24571.50	1.98	log	counter	-	0	0	46	-
1RB1LB_1LC1LD_0RA0LC_0RB1RD	35	41	49	0.073	0.000	0.077	R	40958.50	0.98	log	counter	-	0	0	49	-
1RB1LB_1LC1RB_1RA0LD_0RC1LD	143	309	668	0.335	0.000	0.337	R	1.00	2.00	cube	sweepctr	-	2	1	2	1:1:486 1:1:180
1RB1LB_1LC1RB_1RD0LC_1LA0RD	66	78	90	0.067	0.066	0.077	LR	0.33	0.39	log	counter	-	2	2	52	3:001:21 6:000001:17
1RB1LB_1RC0LA_0LD0RB_1LB1LD	313	681	1469	0.336	0.337	0.334	LR	182.46	1.00	cube	sweepctr	-	3	2	4	2:01:529 1:1:16 1:1:920
1RB1LB_1RC0LA_0RD0RC_1LD1LA	10401	103860	1038398	1.000	0.000	1.000	R	0.75	0.00	lin	linear	-	-	-	-	wide
1RB1LB_1RC0LA_1RD0RD_0LB0RB	59	71	84	0.077	0.083	0.066	LR	1.00	1.45	log	counter	-	2	2	31	12:011101111111:31 1:1:22
1RB1LB_1RC0LA_1RD1RC_0LB0RB	59	72	85	0.079	0.086	0.066	LR	1.00	1.45	log	counter	-	3	2	26	1:1:20 8:01111111:16 8:01111111:23
1RB1LB_1RC0LB_0LA1RD_0RD0LA	35	43	49	0.073	0.079	0.000	L	10921.83	0.96	log	counter	-	0	0	49	-
1RB1LB_1RC0LB_1LA0RD_---0RC	34	42	48	0.075	0.083	0.000	L	10921.83	0.94	log	counter	-	0	0	48	-
1RB1LB_1RC0LB_1LC1RD_0RD0LA	35	41	49	0.073	0.079	0.000	L	8191.30	0.96	log	counter	-	0	0	49	-
1RB1LB_1RC0LD_1LD0RC_0LA0RC	1019	3185	10029	0.497	0.076	0.501	LR	2993.30	0.01	sqrt	bouncer_part	sqrt+log	10	3	65	13:0000000011011:28 1:0:37 1:0:75 1:0:154 1:0:309 1:0:623 1:0:1246 1:0:2497 1:0:2151 1:1:2844
1RB1LB_1RC0RB_1LD0RA_1LB0LC	1786	5974	19780	0.522	0.100	0.524	LR	11786.50	0.01	sqrt	bouncer_part	sqrt+log	3	1	1	2:01:7966 2:01:8641 2:01:3172
1RB1LB_1RC0RB_1LD1RB_1LA0LD	40	46	54	0.065	0.000	0.071	R	46419.50	0.04	log	counter	-	1	1	37	8:00010101:17
1RB1LB_1RC0RC_1LD0LA_1LA0RD	35	41	47	0.064	0.000	0.066	R	8190.50	0.93	log	counter	-	0	0	47	-
1RB1LB_1RC1LA_0LB0RD_---0RC	34	42	48	0.075	0.081	0.000	L	10921.83	0.98	log	counter	-	0	0	48	-
1RB1LB_1RC1LA_1LD0RC_0LD0RB	19	23	26	0.068	0.000	0.079	R	2.00	1.72	log	counter	-	0	0	26	-
1RB1LB_1RC1LB_0LA0RD_0LA1RD	182	392	844	0.333	0.335	0.333	LR	1.00	1.00	cube	sweepctr	-	2	1	2	1:1:227 1:1:615
1RB1LB_1RC1LB_0LB0RD_0LA1RD	182	392	844	0.333	0.335	0.333	LR	1.00	1.00	cube	sweepctr	-	2	1	2	1:1:227 1:1:615
1RB1LB_1RC1LB_0LD0RD_0LA1RD	182	392	844	0.333	0.335	0.333	LR	1.00	1.00	cube	sweepctr	-	2	1	2	1:1:226 1:1:616
1RB1LB_1RC1LB_1LA0RD_0LA1RD	209	449	965	0.332	0.334	0.333	LR	233.38	0.67	cube	sweepctr	-	2	1	2	1:1:566 1:1:397
1RB1LB_1RC1LB_1LA0RD_0LC1RD	144	310	669	0.334	0.338	0.000	L	1.00	1.99	cube	sweepctr	-	2	1	2	1:1:172 1:1:495
1RB1LB_1RC1LB_1LB0RD_0LA1RD	209	449	965	0.332	0.334	0.333	LR	233.38	0.67	cube	sweepctr	-	2	1	2	1:1:566 1:1:397
1RB1LB_1RC1LB_1LD0RD_0LA1RD	209	449	965	0.332	0.334	0.333	LR	145548.50	0.67	cube	sweepctr	-	2	1	2	1:1:565 1:1:398
1RB1LB_1RC1LB_1RD0RD_0LA1RD	209	449	965	0.332	0.334	0.333	LR	436645.50	0.67	cube	sweepctr	-	2	1	2	1:1:566 1:1:397
1RB1LB_1RC1LD_0LD0RC_0LA1LA	28	33	37	0.061	0.067	0.000	L	2.00	1.28	log	counter	-	1	1	18	9:000011111:19
1RB1LB_1RC1LD_1LD0RC_0LA0LB	1667	5273	16667	0.500	0.500	0.500	LR	3.57	0.62	sqrt	bouncer	sqrt+sqrt	3	3	10	8:01101111:23 5:01111:6877 5:01011:9757
1RB1LB_1RC1LD_1LD0RC_0LB0LA	1385	4364	13807	0.499	0.500	0.499	LR	3.00	0.45	sqrt	bouncer_part	sqrt+sqrt	258	4	2590	9:001111011:20 9:001111011:34 9:001111011:34 9:001111011:34 9:001111011:34 9:001111011:34 9:001111011:34 9:001111011:34 9:001111011:34 9:001111011:34 9:001111011:34 9:001111011:34 9:001111011:34 9:001111011:34 9:001111011:34 9:001111011:34 9:001111011:34 9:001111011:34 9:001111011:34 9:001111011:34 9:001111011:34 9:001111011:34 9:001111011:34 9:001111011:34 9:001111011:34 9:001111011:34 9:001111011:34 9:001111011:34 9:001111011:34 9:001111011:34 9:001111011:34 9:001111011:34 9:001111011:34 9:001111011:34 9:001111011:25 8:01011111:17 9:010110111:31 9:010110111:35 9:010110111:35 9:010110111:35 9:010110111:35 9:010110111:35 9:010110111:35 9:010110111:35 9:010110111:35 9:010110111:35 9:010110111:35 9:010110111:35 9:010110111:35 9:010110111:35 9:010110111:35 9:010110111:35 9:010110111:35 9:010110111:35 9:010110111:35 9:010110111:35 9:010110111:35 9:010110111:35 9:010110111:35 9:010110111:35 9:010110111:35 9:010110111:35 9:010110111:35 9:010110111:35 9:010110111:35 9:010110111:35 9:010110111:35 9:010110111:35 9:010110111:35 9:010110111:35 9:010110111:35 9:010110111:35 9:010110111:35 9:010110111:35 9:010110111:35 9:010110111:35 9:010110111:35 9:010110111:35 9:010110111:35 9:010110111:35 9:010110111:35 9:010110111:35 9:010110111:35 9:010110111:35 9:010110111:35 9:010110111:35 9:010110111:35 9:010110111:35 9:010110111:35 9:010110111:35 9:010110111:35 9:010110111:35 9:010110111:35 9:010110111:35 9:010110111:35 9:010110111:35 9:010110111:35 9:010110111:35 9:010110111:35 9:010110111:35 9:010110111:35 9:010110111:35 9:010110111:35 9:010110111:35 9:010110111:35 9:010110111:35 9:010110111:35 9:010110111:35 9:010110111:35 9:010110111:35 9:010110111:35 9:010110111:35 9:010110111:35 9:010110111:35 9:010110111:35 9:010110111:35 9:010110111:35 9:010110111:35 9:010110111:35 9:010110111:35 9:010110111:35 9:010110111:35 9:010110111:35 9:010110111:35 9:010110111:35 9:010110111:35 9:010110111:35 9:010110111:35 9:010110111:35 9:010110111:35 9:010110111:35 9:010110111:35 9:010110111:35 9:010110111:35 9:010110111:35 9:010110111:35 9:010110111:35 9:010110111:35 9:010110111:35 9:010110111:35 9:010110111:35 9:010110111:35 9:010110111:35 9:010110111:35 9:010110111:35 9:010110111:35 9:010110111:35 9:010110111:35 9:010110111:35 9:010110111:35 9:010110111:35 9:010110111:35 9:010110111:35 9:010110111:35 9:010110111:35 9:010110111:35 9:010110111:35 9:010110111:35 9:010110111:35 9:010110111:35 9:010110111:35 9:010110111:35 9:010110111:35 9:010110111:35 9:010110111:35 9:010110111:35 9:010110111:35 9:010110111:35 9:010110111:35 9:010110111:35 9:010110111:35 9:010110111:35 9:010110111:35 9:010110111:35 9:010110111:35 9:010110111:35 9:010110111:35 9:010110111:35 9:010110111:35 9:010110111:35 9:010110111:35 9:010110111:35 9:010110111:35 9:010110111:35 9:010110111:35 9:010110111:35 9:010110111:35 9:010110111:35 9:010110111:35 9:010110111:35 9:010110111:35 9:010110111:35 9:010110111:35 9:010110111:35 9:010110111:35 9:010110111:35 9:010110111:35 9:010110111:35 9:010110111:35 9:010110111:35 9:010110111:35 9:010110111:35 9:010110111:35 9:010110111:35 9:010110111:35 9:010110111:35 9:010110111:35 9:010110111:35 9:010110111:35 9:010110111:35 9:010110111:35 9:010110111:35 9:010110111:35 9:010110111:35 9:010110111:35 9:010110111:35 9:010110111:35 9:010110111:35 9:010110111:35 9:010110111:35 9:010110111:35 9:010110111:35 9:010110111:35 9:010110111:35 9:010110111:35 9:010110111:35 9:010110111:35 9:010110111:35 9:010110111:35 9:010110111:35 9:010110111:35 9:010110111:35 9:010110111:35 9:010110111:35 9:010110111:35 9:010110111:35 9:010110111:35 9:010110111:35 9:010110111:35 9:010110111:35 9:010110111:35 9:010110111:35 9:010110111:35 9:010110111:35 9:010110111:35 9:010110111:35 9:010110111:35 9:010110111:35 9:010110111:35 9:010110111:35 9:010110111:35 9:010110111:35 9:010110111:35 9:010110111:35 9:010110111:35 9:010110111:35 9:010110111:38 1:1:2299
1RB1LB_1RC1RD_1LA0LC_0RD1LA	36	42	50	0.071	0.077	0.000	L	40958.50	0.94	log	counter	-	0	0	50	-
1RB1LB_1RC1RD_1LD0LC_0RD1LA	36	42	50	0.071	0.077	0.000	L	45054.50	0.94	log	counter	-	2	2	18	4:0011:16 8:00111111:16
1RB1LC_0LA---_1RD0LC_0RD0RB	19	23	26	0.068	0.075	0.000	L	2.00	1.92	log	counter	-	0	0	26	-
1RB1LC_0LA0LC_1LA1RD_0RD0RB	34	40	48	0.075	0.079	0.000	L	43006.50	0.98	log	counter	-	2	2	16	8:00000011:16 6:000011:16
1RB1LC_0LA0RB_0LD1LA_1RA---	36	42	48	0.062	0.066	0.000	L	24574.50	0.98	log	counter	-	0	0	48	-
1RB1LC_0LA0RB_0LD1LC_1RA---	36	42	48	0.062	0.066	0.000	L	24574.50	0.98	log	counter	-	0	0	48	-
1RB1LC_0LA0RB_0LD1LD_1RA0RA	20	23	26	0.057	0.062	0.000	L	2.00	1.84	log	counter	-	0	0	26	-
1RB1LC_0LA0RB_0LD1LD_1RA1LA	28	32	38	0.066	0.071	0.000	L	2.00	1.30	log	counter	-	0	0	38	-
1RB1LC_0LA0RB_0LD1LD_1RA1LC	36	42	48	0.062	0.066	0.000	L	24574.50	0.98	log	counter	-	0	0	48	-
1RB1LC_0LA0RB_0RC1LD_1LA---	34	42	48	0.075	0.079	0.000	L	10921.83	0.98	log	counter	-	0	0	48	-
1RB1LC_0LA0RB_0RD---_1LA1LD	34	42	48	0.075	0.079	0.000	L	10921.83	0.98	log	counter	-	0	0	48	-
1RB1LC_0LA0RB_0RD0LC_1RD1LA	18	22	25	0.071	0.079	0.000	L	2.00	1.92	log	counter	-	0	0	25	-
1RB1LC_0LA0RB_0RD1LA_0LC1RD	19	22	26	0.068	0.075	0.000	L	2.00	2.88	log	counter	-	1	1	7	7:0000011:19
1RB1LC_0LA0RB_1LA---_------	36	42	48	0.062	0.066	0.000	L	24574.50	0.98	log	counter	-	0	0	48	-
1RB1LC_0LA0RB_1LD---_0RD1LA	28	32	37	0.061	0.065	0.000	L	2.00	1.28	log	counter	-	0	0	37	-
1RB1LC_0LA0RB_1LD---_1LA---	50	62	71	0.076	0.079	0.000	L	1.00	0.66	log	counter	-	2	2	35	3:001:17 6:000001:19
1RB1LC_0LA0RB_1LD---_1RB1LA	28	32	38	0.066	0.071	0.000	L	2.00	1.30	log	counter	-	0	0	38	-
1RB1LC_0LA0RB_1LD---_1RB1LC	36	42	48	0.062	0.066	0.000	L	24574.50	0.98	log	counter	-	0	0	48	-
1RB1LC_0LA0RB_1LD0LD_1RA1LA	50	62	71	0.076	0.079	0.000	L	3.00	0.66	log	counter	-	2	1	34	6:000011:18 6:000011:19
1RB1LC_0LA0RB_1LD1LA_1RA---	50	59	71	0.076	0.079	0.000	L	3.00	0.66	log	counter	-	1	1	48	9:000000001:23
1RB1LC_0LA0RB_1RA1LD_1LA---	50	59	71	0.076	0.079	0.000	L	0.33	0.66	log	counter	-	1	1	48	9:000000001:23
1RB1LC_0LA0RB_1RA1RD_0LC1LD	35	43	49	0.073	0.077	0.000	L	36862.50	0.96	log	counter	-	1	1	31	8:00001111:18
1RB1LC_0LA0RB_1RB1LD_1LA---	27	33	38	0.074	0.079	0.000	L	2.00	1.30	log	counter	-	1	1	18	9:000100101:20
1RB1LC_0LA0RB_1RB1LD_1LC---	35	41	49	0.073	0.077	0.000	L	40958.50	1.00	log	counter	-	0	0	49	-
1RB1LC_0LA0RB_1RC1LD_---1LA	34	42	48	0.075	0.079	0.000	L	10921.83	0.98	log	counter	-	0	0	48	-
1RB1LC_0LA0RB_1RD---_1LA1LD	50	59	71	0.076	0.079	0.000	L	0.33	0.66	log	counter	-	1	1	48	9:000000001:23
1RB1LC_0LA0RB_1RD1LA_0LA1RD	34	40	46	0.066	0.069	0.000	L	584.54	1.96	log	counter	-	0	0	46	-
1RB1LC_0LA0RB_1RD1LA_0LC1RD	33	41	47	0.077	0.081	0.000	L	762.38	1.96	log	counter	-	0	0	47	-
1RB1LC_0LA0RC_1LA0RB_------	36	42	48	0.062	0.066	0.000	L	24574.50	0.98	log	counter	-	0	0	48	-
1RB1LC_0LA0RC_1LA0RD_0LA0RC	36	42	48	0.062	0.066	0.000	L	24574.50	0.98	log	counter	-	0	0	48	-
1RB1LC_0LA0RC_1LA1LD_0RD0RB	34	42	48	0.075	0.079	0.000	L	32765.50	0.98	log	counter	-	0	0	48	-
1RB1LC_0LA0RC_1LD0RB_1RB1LC	36	42	48	0.062	0.066	0.000	L	24574.50	0.98	log	counter	-	0	0	48	-
1RB1LC_0LA0RD_0LD1LA_1RD0RB	36	42	48	0.062	0.066	0.000	L	24574.50	0.98	log	counter	-	0	0	48	-
1RB1LC_0LA0RD_0LD1LC_1LA0RB	74387	743807	7438022	1.000	1.000	0.000	L	1.00	0.00	lin	linear	-	-	-	-	wide
1RB1LC_0LA0RD_0LD1LC_1RD0RB	36	42	48	0.062	0.066	0.000	L	24574.50	0.98	log	counter	-	0	0	48	-
1RB1LC_0LA0RD_0RC1LA_0LA1RD	144	311	669	0.334	0.336	0.000	L	1.00	2.00	cube	sweepctr	-	2	1	2	1:1:499 1:1:168
1RB1LC_0LA0RD_0RC1LD_1LA0RB	34	42	48	0.075	0.079	0.000	L	10921.83	0.98	log	counter	-	0	0	48	-
1RB1LC_0LA0RD_1LA---_---0RB	36	42	48	0.062	0.066	0.000	L	24574.50	0.98	log	counter	-	0	0	48	-
1RB1LC_0LA0RD_1LA---_0LA0RD	36	42	48	0.062	0.066	0.000	L	24574.50	0.98	log	counter	-	0	0	48	-
1RB1LC_0LA0RD_1LA0LD_1RB1RA	256	544	1172	0.330	0.331	0.330	LR	0.33	0.50	cube	sweepctr	-	3	2	4	2:01:135 2:01:679 1:1:354
1RB1LC_0LA0RD_1LD0RB_1LA0RC	50	62	71	0.076	0.079	0.000	L	1.00	0.66	log	counter	-	2	2	35	3:001:17 6:000001:19
1RB1LC_0LA0RD_1RA1LA_---0RB	34	42	48	0.075	0.079	0.000	L	10921.83	0.98	log	counter	-	0	0	48	-
1RB1LC_0LA0RD_1RB1LA_0LA1RD	145	311	670	0.332	0.335	0.000	L	1.00	2.00	cube	sweepctr	-	2	1	2	1:1:165 1:1:503
1RB1LC_0LA0RD_1RB1LA_0LC1RD	145	311	670	0.332	0.335	0.000	L	1.00	2.00	cube	sweepctr	-	2	1	2	1:1:165 1:1:503
1RB1LC_0LA0RD_1RB1LC_0LA1RD	145	311	670	0.332	0.335	0.000	L	1.00	2.00	cube	sweepctr	-	2	1	2	1:1:165 1:1:503
1RB1LC_0LA0RD_1RD0LC_1LA0RB	35	41	47	0.064	0.067	0.000	L	8191.17	1.00	log	counter	-	0	0	47	-
1RB1LC_0LA0RD_1RD1LA_---0RB	19	23	26	0.068	0.075	0.000	L	2.00	1.92	log	counter	-	0	0	26	-
1RB1LC_0LA1RB_1LA0RD_0LB1RC	227	491	1061	0.335	0.337	0.331	LR	1.00	1.25	cube	sweepctr	-	3	2	2	1:1:251 2:01:780 1:1:28
1RB1LC_0LA1RB_1LA0RD_0LC1RC	228	492	1060	0.334	0.334	0.335	LR	1.00	1.99	cube	sweepctr	-	3	2	1	1:1:90 2:01:106 1:1:863
1RB1LC_0LA1RB_1LA0RD_0LD1RC	226	490	1060	0.336	0.336	0.337	LR	1.00	1.99	cube	sweepctr	-	3	2	1	1:1:440 2:01:376 1:1:243
1RB1LC_0LA1RB_1RD1LA_0LA0RD	33	39	47	0.077	0.081	0.000	L	802.54	1.96	log	counter	-	1	1	27	10:0001000101:20
1RB1LC_0LA1RB_1RD1LA_0LC0RD	33	41	47	0.077	0.081	0.000	L	762.38	1.96	log	counter	-	0	0	47	-
1RB1LC_0LA1RB_1RD1LC_---0RB	145	311	670	0.332	0.335	0.000	L	1.00	2.00	cube	sweepctr	-	2	1	2	1:1:165 1:1:503
1RB1LC_0LA1RC_1RD0LC_0RB0RC	1507	4763	15079	0.500	0.501	0.500	LR	4721.79	0.57	sqrt	bouncer	sqrt+sqrt	3	3	13	5:01011:14098 5:00101:946 3:001:22
1RB1LC_0LA1RD_1LA0LC_0RB0RD	1257	4049	10433	0.460	0.417	0.591	LR	7.53	0.01	sqrt	bouncer_part	sqrt+sqrt	48	42	9534	7:0010011:17 9:010111111:20 11:00100101101:23 7:0011011:16 10:0011101101:20 10:0001001101:20 9:010101111:18 8:00100111:18 7:0001011:16 8:00000001:18 9:000110011:20 6:001011:17 8:00011001:16 9:000111001:18 8:00100101:17 1:0:17 8:00010111:16 8:00101111:18 6:000001:17 8:00100101:17 8:00001101:16 8:01011011:16 6:000111:17 7:0011111:16 9:000100111:18 5:00101:16 7:0000011:19 12:000001100011:28 7:0010101:21 7:0000101:16 9:000111001:19 13:0101011011111:26 7:0001011:20 5:00101:18 14:00010110100111:29 8:00110111:19 8:01011111:16 8:00111011:16 6:000101:16 9:000100011:18 13:0011010110111:26 9:001011011:18 9:000100011:18 7:0000101:19 13:0000010100011:26 9:011011111:18 9:011101111:19 6:001111:16
1RB1LC_0LA1RD_1LA0LC_0RD0RB	36	42	48	0.062	0.066	0.000	L	24574.50	0.98	log	counter	-	0	0	48	-
1RB1LC_0LA1RD_1LA0LC_0RD1RB	36	42	50	0.071	0.075	0.000	L	40958.50	0.98	log	counter	-	0	0	50	-
1RB1LC_0LA1RD_1LA0RA_---0RB	34	42	48	0.075	0.079	0.000	L	32765.50	0.98	log	counter	-	1	1	32	8:01011111:16
1RB1LC_0LA1RD_1LA0RB_0LA0RB	34	40	46	0.066	0.069	0.000	L	28642.50	0.98	log	counter	-	0	0	46	-
1RB1LC_0LA1RD_1LA0RB_0LD0RB	32	40	46	0.079	0.083	0.000	L	36832.50	0.98	log	counter	-	1	1	14	16:0101011101111111:32
1RB1LC_0LA1RD_1LA0RD_---0RB	20	24	28	0.073	0.080	0.000	L	32767.50	0.96	log	counter	-	1	1	12	5:00001:16
1RB1LC_0LB1LA_0RD1RC_1LB0RC	37	43	49	0.061	0.000	0.066	R	28670.50	0.98	log	counter	-	1	1	32	8:00010101:17
1RB1LC_0LB1LA_0RD1RD_1LB0RC	36	42	48	0.062	0.000	0.067	R	24574.50	1.00	log	counter	-	0	0	48	-
1RB1LC_0LC0RB_0RD1LA_0LA1RD	19	22	25	0.060	0.066	0.000	L	2.00	2.83	log	counter	-	0	0	25	-
1RB1LC_0LC0RB_1LA1RD_0LA0RD	30	36	42	0.073	0.077	0.000	L	24574.50	2.00	log	counter	-	1	1	25	6:000101:17
1RB1LC_0LC0RB_1RB1LD_1LA---	28	32	38	0.066	0.071	0.000	L	2.00	1.30	log	counter	-	0	0	38	-
1RB1LC_0LC0RB_1RD0RD_1LA0LA	18	22	25	0.071	0.000	0.075	R	2.00	2.04	log	counter	-	0	0	25	-
1RB1LC_0LC0RB_1RD1LA_0LA1RD	34	40	46	0.066	0.069	0.000	L	584.54	1.96	log	counter	-	0	0	46	-
1RB1LC_0LC0RB_1RD1LA_0LC1RD	33	39	47	0.077	0.081	0.000	L	802.54	1.96	log	counter	-	1	1	27	10:0001000101:20
1RB1LC_0LC0RB_1RD1LA_1RB0LA	791	2468	7769	0.496	0.501	0.060	LR	1.00	0.01	sqrt	bouncer_part	sqrt+log	2	1	25	3:011:2634 3:011:5110
1RB1LC_0LC0RC_1RA0LD_1RA1LD	1420	4480	14151	0.499	0.501	0.057	LR	3529.83	0.01	sqrt	bouncer_part	sqrt+log	9	1	45	1:1:7069 1:1:3534 1:1:1767 1:1:883 1:1:441 1:1:220 1:1:110 1:1:55 1:1:27
1RB1LC_0LC0RD_0LA1LA_0RB1RD	52	65	73	0.074	0.077	0.000	L	3.00	0.83	log	counter	-	0	0	73	-
1RB1LC_0LC0RD_0LA1RD_0RB---	35	41	49	0.073	0.079	0.000	L	40958.50	1.00	log	counter	-	0	0	49	-
1RB1LC_0LC0RD_0RC1LA_0LA1RD	144	311	669	0.334	0.336	0.000	L	1.00	2.00	cube	sweepctr	-	2	1	2	1:1:499 1:1:168
1RB1LC_0LC0RD_1RB1LA_0LA1RD	145	311	670	0.332	0.335	0.000	L	1.00	2.00	cube	sweepctr	-	2	1	2	1:1:165 1:1:503
1RB1LC_0LC0RD_1RB1LA_0LC1RD	145	311	670	0.332	0.335	0.000	L	1.00	2.00	cube	sweepctr	-	2	1	2	1:1:165 1:1:503
1RB1LC_0LC0RD_1RB1LC_0LA1RD	145	311	670	0.332	0.335	0.000	L	1.00	2.00	cube	sweepctr	-	2	1	2	1:1:165 1:1:503
1RB1LC_0LC0RD_1RD1LA_0LA0RC	32	39	45	0.074	0.078	0.000	L	1.50	1.95	log	counter	-	0	0	45	-
1RB1LC_0LC1RB_1LA0RD_0LC1RC	227	493	1061	0.335	0.336	0.000	L	271440.50	1.00	cube	sweepctr	-	3	2	1	1:1:95 2:01:914 1:1:51
1RB1LC_0LC1RB_1RD1LA_0LA0RD	34	40	46	0.066	0.069	0.000	L	584.54	1.96	log	counter	-	0	0	46	-
1RB1LC_0LC1RB_1RD1LA_0LC0RD	34	40	46	0.066	0.069	0.000	L	584.54	1.96	log	counter	-	0	0	46	-
1RB1LC_0LC1RD_---1LA_0LA0RD	26	31	36	0.071	0.076	0.000	L	1.62	1.94	log	counter	-	0	0	36	-
1RB1LC_0LC1RD_1LA0RB_0LC0RB	33	39	47	0.077	0.081	0.000	L	40929.50	1.04	log	counter	-	0	0	47	-
1RB1LC_0LC1RD_1LA0RB_0LD0RB	33	39	47	0.077	0.081	0.000	L	40929.50	1.04	log	counter	-	0	0	47	-
1RB1LC_0RC0LC_1LD1RA_0RA0LD	34	42	48	0.075	0.000	0.079	R	32766.50	0.96	log	counter	-	0	0	48	-
1RB1LC_0RC0RB_1LD1RB_0LA0RA	1588	5009	15821	0.499	0.040	0.501	LR	11840.50	0.00	sqrt	bouncer_part	sqrt+log	6	2	41	3:001:44 3:001:183 3:001:739 3:001:2959 3:001:2489 3:011:9366
1RB1LC_0RC0RB_1LD1RB_0LA1LC	1603	5027	15842	0.497	0.057	0.501	LR	11840.50	0.01	sqrt	bouncer_part	sqrt+log	6	2	42	3:001:49 3:001:187 3:001:744 3:001:2965 3:001:3361 3:011:8494
1RB1LC_0RC0RB_1LD1RB_0LA1LD	1590	5011	15823	0.499	0.040	0.501	LR	11843.50	0.00	sqrt	bouncer_part	sqrt+log	6	2	41	3:001:44 3:001:183 3:001:739 3:001:2959 3:001:189 3:011:11668
1RB1LC_0RC0RB_1RD1RB_0LA1LD	1380	4343	13707	0.499	0.048	0.500	LR	13673.50	0.00	sqrt	bouncer_part	sqrt+log	7	3	21	11:00010001001:24 3:001:30 3:001:160 3:001:640 3:001:2563 3:001:4827 3:011:5442
1RB1LC_0RC1RB_1LD---_0RA0LD	36	42	48	0.062	0.000	0.066	R	24574.50	0.96	log	counter	-	0	0	48	-
1RB1LC_0RC1RC_1LD1RA_0RA0LD	52	61	70	0.065	0.000	0.067	R	1.00	0.65	log	counter	-	2	2	24	12:000011011011:28 9:000011011:18
1RB1LC_0RC1RD_0LC1LA_0LA0RD	27	32	37	0.068	0.076	0.000	L	1.62	1.83	log	counter	-	1	1	21	8:00111111:16
1RB1LC_0RC1RD_1LA0LA_1RC0RB	1952	6203	19654	0.501	0.501	0.502	LR	0.33	0.99	sqrt	bouncer	sqrt+sqrt	303	38	5419	2:01:1263 1:1:6547 6:011111:17 10:0101011111:29 6:010111:16 2:01:23 14:01010111010111:33 6:010111:17 10:0101011111:26 8:01111111:19 8:01111111:19 8:01111111:17 6:011111:19 8:01011111:21 10:0101111111:23 8:01010111:17 6:011111:17 12:010111111111:27 8:01010111:17 8:01111111:18 6:011111:16 16:0101011111110111:33 8:01011111:19 8:01010111:17 14:01011111110111:29 8:01010111:17 8:01011111:17 8:01111111:17 6:011111:16 10:0101111111:21 12:010111011111:25 4:0111:16 1:1:19 8:01010111:16 8:01010111:19 4:0111:21 10:0101110111:20 2:01:17 8:01011111:17 16:0101111111110111:33 10:0111111111:23 8:01111111:17 1:1:16 8:01011111:27 4:0111:17 8:01010111:21 8:01011111:17 16:0101110101111111:33 12:010111011111:25 10:0101011111:21 6:011111:19 2:01:17 12:010101111111:25 16:0101110101110111:35 8:01011111:17 10:0101110111:21 10:0101110111:23 1:1:21 12:010111110111:27 1:1:16 8:01111111:21 10:0101110111:21 16:0101010101111111:37 6:010111:21 4:0111:17 10:0111111111:20 8:01011111:16 10:0101111111:20 8:01011111:19 8:01011111:23 8:01010111:17 8:01011111:23 8:01111111:17 10:0101011111:30 8:01010111:19 8:01011111:23 8:01011111:19 12:010101110111:25 6:010111:17 8:01010111:19 8:01111111:17 10:0101011111:23 10:0101010111:25 10:0111011111:24 12:010101110111:25 12:010111111111:34 6:011111:17 8:01111111:23 8:01010111:17 4:0111:25 12:010101011111:25 10:0101010111:22 10:0111111111:27 6:010111:16 10:0101010111:23 12:010101010111:24 8:01011111:27 6:011111:19 16:0101010111011111:33 10:0101110111:23 8:01111111:16 8:01111111:19 12:010101010111:27 8:01011111:19 8:01010111:17 8:01011111:19 8:01011111:23 8:01010111:19 14:01010101111111:33 10:0101011111:23 6:011111:19 8:01111111:19 8:01010111:17 6:011111:19 6:011111:17 8:01010111:17 8:01111111:25 8:01111111:21 12:010111111111:27 4:0111:21 8:01111111:17 10:0101111111:21 6:010111:17 10:0111011111:21 8:01010111:20 12:010111011111:27 10:0111011111:25 6:011111:23 10:0101010111:27 6:011111:27 1:1:23 4:0111:19 8:01010111:17 8:01011111:17 6:010111:21 6:010111:17 2:01:19 6:011111:17 8:01111111:18 8:01011111:27 6:010111:17 4:0111:29 6:011111:23 8:01011111:19 8:01011111:17 10:0101111111:23 8:01011111:23 8:01010111:19 4:0111:19 10:0101110111:24 8:01011111:18 8:01111111:17 6:010111:18 6:010111:19 2:01:17 6:011111:21 2:01:21 8:01011111:17 6:010111:21 6:011111:19 6:010111:17 12:011101111111:27 14:01010111011111:29 10:0101011111:21 10:0101110111:21 6:010111:21 6:010111:19 8:01010111:21 14:01010101010111:31 6:010111:17 4:0111:19 14:01010111011111:31 8:01010111:17 1:1:27 10:0101110111:20 6:011111:19 8:01111111:19 8:01011111:17 8:01011111:19 8:01010111:16 8:01011111:17 10:0101010111:27 14:01011111110111:28 6:010111:23 12:011111111111:25 6:011111:19 10:0101111111:27 8:01111111:21 12:010111011111:27 8:01111111:21 8:01010111:17 8:01010111:21 12:010111111111:33 10:0101011111:22 6:011111:17 10:0101110111:23 8:01010111:23 4:0111:19 8:01010111:17 12:010101111111:33 8:01010111:18 6:011111:16 10:0101011111:21 16:0101111111111111:36 12:010101011111:25 12:010101111111:28 10:0111011111:25 1:1:19 8:01111111:21 8:01010111:23 8:01010111:19 8:01111111:19 8:01111111:17 8:01010111:16 8:01111111:17 6:011111:17 2:01:18 4:0111:23 10:0111011111:20 8:01010111:23 10:0101010111:25 2:01:21 12:011101111111:27 1:1:19 8:01111111:19 2:01:21 14:01010101011111:29 6:011111:23 4:0111:19 6:010111:17 8:01010111:19 6:010111:17 8:01011111:23 10:0101011111:27 8:01111111:17 8:01011111:21 10:0101111111:21 6:011111:23 8:01011111:19 8:01011111:21 10:0101011111:23 8:01010111:17 8:01010111:17 4:0111:17 8:01010111:17 8:01010111:17 8:01111111:17 12:010111110111:25 2:01:17 6:011111:19 6:011111:17 10:0101011111:23 12:010101011111:25 16:0101110101110111:33 12:010111011111:26 6:010111:19 6:010111:17 8:01010111:17 16:0101111111111111:35 10:0101110111:21 8:01111111:19 10:0101011111:23 8:01011111:19 6:011111:17 10:0101111111:25 10:0101011111:23 8:01011111:19 10:0101011111:25 10:0101011111:23 6:011111:19 4:0111:21 8:01010111:19 8:01111111:19 6:011111:19 16:0101011111010111:39 8:01111111:16 6:010111:16 10:0111011111:21 10:0111111111:23 10:0101111111:21 10:0101111111:21 8:01010111:16 4:0111:19 8:01010111:18 10:0111111111:21 10:0111011111:25 8:01111111:19 8:01011111:25 6:011111:17 8:01011111:21 8:01011111:19 8:01111111:17 8:01111111:23 6:010111:17 8:01011111:16 12:010111110111:29 14:01010111011111:29 14:01111101111111:33 12:010101110111:25 10:0101011111:21 8:01010111:17 6:010111:17 10:0101111111:29
1RB1LC_1LA---_1RD0LA_0LC0RD	34	42	48	0.075	0.081	0.000	L	10921.83	0.98	log	counter	-	0	0	48	-
1RB1LC_1LA0LA_0RD1LC_1LB1RD	182	392	844	0.333	0.335	0.333	LR	1.00	1.00	cube	sweepctr	-	2	1	2	1:1:615 1:1:227
1RB1LC_1LA0LA_1RD0LC_0RD0RB	19	23	26	0.068	0.075	0.000	L	2.00	1.92	log	counter	-	0	0	26	-
1RB1LC_1LA0LC_0RB1RD_0RD0LA	18	22	25	0.071	0.079	0.000	L	2.00	1.92	log	counter	-	0	0	25	-
1RB1LC_1LA0LC_1RB1RD_0RD0LA	19	22	25	0.060	0.066	0.000	L	2.00	1.92	log	counter	-	0	0	25	-
1RB1LC_1LA0RC_0RD0RB_0LD1LB	38	46	52	0.068	0.075	0.000	L	12287.17	0.06	log	counter	-	0	0	52	-
1RB1LC_1LA0RD_0RC1LA_0LA1RD	182	392	844	0.333	0.335	0.333	LR	1.00	1.00	cube	sweepctr	-	2	1	2	1:1:97 1:1:745
1RB1LC_1LA0RD_1LA---_0LB0RB	35	43	49	0.073	0.079	0.000	L	32766.50	0.96	log	counter	-	0	0	49	-
1RB1LC_1LA0RD_1LA---_0LB0RD	35	43	49	0.073	0.079	0.000	L	32766.50	0.96	log	counter	-	0	0	49	-
1RB1LC_1LA0RD_1LB---_0LB0RD	51	60	72	0.075	0.079	0.000	L	1.00	0.65	log	counter	-	1	1	49	9:000000001:23
1RB1LC_1LA0RD_1LB---_0LC0RD	52	61	70	0.065	0.068	0.000	L	1.00	0.70	log	counter	-	2	2	32	3:001:21 6:000001:17
1RB1LC_1LA0RD_1RB1LA_0LA1RD	182	392	844	0.333	0.335	0.333	LR	1.00	1.00	cube	sweepctr	-	2	1	2	1:1:228 1:1:614
1RB1LC_1LA0RD_1RB1LA_0LC1RD	182	392	844	0.333	0.335	0.333	LR	1.00	1.00	cube	sweepctr	-	2	1	2	1:1:228 1:1:614
1RB1LC_1LA0RD_1RB1LC_0LA1RD	182	392	844	0.333	0.335	0.333	LR	1.00	1.00	cube	sweepctr	-	2	1	2	1:1:228 1:1:614
1RB1LC_1LA0RD_1RB1LC_0LB1RD	144	310	669	0.334	0.337	0.000	L	1.00	1.99	cube	sweepctr	-	2	1	2	1:1:171 1:1:496
1RB1LC_1LA0RD_1RB1RD_0RD0LA	19	22	26	0.068	0.075	0.000	L	2.00	1.92	log	counter	-	0	0	26	-
1RB1LC_1LA1LD_1LB0LD_1RD0RC	1281	4047	12792	0.500	0.500	0.500	LR	1.00	1.07	sqrt	bouncer	sqrt+sqrt	1	1	0	1:1:12792
1RB1LC_1LA1RA_0LB1LD_1RD0LA	222225	2222225	22222225	1.000	1.000	0.000	L	0.67	0.00	lin	linear	-	-	-	-	wide
1RB1LC_1LA1RB_0LD0RA_0RB1LD	228	492	1062	0.334	0.334	0.336	LR	1.00	1.00	cube	sweepctr	-	2	1	2	1:1:866 1:1:194
1RB1LC_1LA1RB_0RB0LD_0RA1LD	181	391	842	0.334	0.000	0.336	R	1.00	2.00	cube	sweepctr	-	2	1	2	1:1:194 1:1:646
1RB1LC_1LA1RB_0RB1LD_0RB0LA	48	58	69	0.079	0.079	0.081	LR	1.43	1.31	log	counter	-	2	2	30	1:1:16 9:011011111:23
1RB1LC_1LA1RB_0RC0LD_0RB1LD	229	493	1063	0.333	0.334	0.334	LR	1.00	1.00	cube	sweepctr	-	2	1	2	1:1:871 1:1:190
1RB1LC_1LA1RB_0RD0LA_0RB1RD	1084	3443	10881	0.501	0.501	0.501	LR	1.00	1.02	sqrt	bouncer	sqrt+sqrt	65	24	1353	8:01011111:1709 8:01011111:6476 4:0111:19 8:01010111:19 10:0101010111:21 14:01011101110111:31 8:01011111:25 8:01011111:17 8:01010111:17 16:0101111101110111:32 8:01010111:17 14:01011101111111:31 8:01111111:21 8:01111111:19 8:01011111:16 10:0101111111:31 12:010101110111:27 8:01111111:17 8:01010111:23 2:01:19 10:0101010111:25 16:0101111101110111:33 8:01010111:19 6:011111:19 8:01011111:17 10:0111111111:25 8:01111111:17 12:010101010111:29 12:010111110111:25 10:0101010111:20 10:0101011111:23 1:1:21 12:010101011111:25 14:01011101111111:29 12:010101111111:25 10:0111011111:21 8:01111111:16 8:01010111:17 8:01111111:19 10:0101111111:25 14:01010111111111:31 8:01011111:21 8:01111111:17 10:0101010111:21 8:01010111:16 2:01:19 12:010111111111:25 4:0111:17 8:01111111:17 1:1:19 4:0111:19 10:0101011111:22 10:0101111111:23 8:01010111:17 6:011111:17 8:01111111:17 8:01111111:17 6:010111:17 8:01010111:21 8:01011111:17 6:010111:17 8:01011111:19 10:0101110111:27 6:011111:19 1:1:19
1RB1LC_1LA1RB_1LA0RD_0LB1RC	227	492	1060	0.335	0.335	0.336	LR	1.00	1.99	cube	sweepctr	-	3	2	1	1:1:90 2:01:768 1:1:201
1RB1LC_1LA1RB_1LA0RD_0LC1RC	227	492	1060	0.335	0.335	0.336	LR	1.00	1.99	cube	sweepctr	-	3	2	1	1:1:90 2:01:768 1:1:201
1RB1LC_1LA1RB_1LA0RD_0LD1RC	226	490	1060	0.336	0.337	0.336	LR	1.00	1.99	cube	sweepctr	-	3	2	1	1:1:444 2:01:20 1:1:595
1RB1LC_1LA1RB_1LB0LD_0RB1LD	287	623	1339	0.334	0.335	0.334	LR	330.63	0.50	cube	sweepctr	-	2	1	2	1:1:977 1:1:360
1RB1LC_1LA1RB_1LB0LD_1RD0RC	1156	3652	11548	0.500	0.500	0.500	LR	1.00	1.44	sqrt	bouncer	sqrt+sqrt	2	1	1	1:1:8023 1:1:3524
1RB1LC_1LA1RD_1LB0LD_1RD0RC	1281	4047	12792	0.500	0.500	0.500	LR	1.00	1.07	sqrt	bouncer	sqrt+sqrt	2	1	2	1:1:2152 1:1:10638
1RB1LC_1LB0RA_0RD0LA_1LA1RD	34	40	47	0.070	0.000	0.072	R	1.45	2.02	log	counter	-	0	0	47	-
1RB1LC_1LB1LA_1RD0LA_0LC0RD	50	59	68	0.067	0.070	0.000	L	1.00	0.66	log	counter	-	2	2	30	3:001:21 6:000001:17
1RB1LC_1LB1RA_---0LD_0RA0LC	35	41	49	0.073	0.000	0.077	R	40958.50	1.02	log	counter	-	0	0	49	-
1RB1LC_1LB1RA_0LC0LD_0RA0RC	35	41	47	0.064	0.000	0.067	R	24573.50	1.02	log	counter	-	0	0	47	-
1RB1LC_1LB1RA_0LC0LD_0RA0RD	25	29	33	0.060	0.000	0.065	R	22963.50	1.00	log	counter	-	0	0	33	-
1RB1LC_1LB1RA_1RD0LC_0RD0LA	19	22	26	0.068	0.075	0.000	L	2.00	2.00	log	counter	-	0	0	26	-
1RB1LC_1LC0LA_0RD1LC_1LB1RD	182	392	844	0.333	0.335	0.333	LR	1.00	1.00	cube	sweepctr	-	2	1	2	1:1:615 1:1:227
1RB1LC_1LC0RB_0LD0LD_1RA1LA	1020	3190	10031	0.496	0.079	0.501	LR	2994.10	0.01	sqrt	bouncer_part	sqrt+log	10	3	62	13:0000000111111:28 1:0:37 1:0:76 1:0:154 1:0:310 1:0:622 1:0:1247 1:0:927 1:1:1571 1:1:4997
1RB1LC_1LC0RB_0LD0RA_1RA1LA	1018	3186	10029	0.497	0.079	0.502	LR	2993.30	0.01	sqrt	bouncer_part	sqrt+log	10	3	63	13:0000000111111:28 1:0:37 1:0:76 1:0:154 1:0:310 1:0:622 1:0:1247 1:0:2496 1:0:400 1:1:4596
1RB1LC_1LC0RB_1RA0LD_1RA1LA	888	2765	8693	0.495	0.079	0.501	LR	2468.50	0.01	sqrt	bouncer_part	sqrt+log	10	3	64	11:00000011011:24 1:0:31 1:0:65 1:0:133 1:0:268 1:0:539 1:0:1080 1:0:2162 1:0:3580 1:1:747
1RB1LC_1LC0RB_1RD0LC_0RD1LA	717	2248	7084	0.497	0.057	0.500	LR	1.00	0.01	sqrt	bouncer_part	sqrt+log	2	2	14	1:0:4065 1:1:3005
1RB1LC_1LC0RD_0LA1LA_1RB1RD	1746	5494	17339	0.498	0.048	0.501	LR	8648.50	0.01	sqrt	bouncer_part	sqrt+log	11	2	15	7:0111111:16 1:1:19 1:1:34 1:1:69 1:1:136 1:1:272 1:1:541 1:1:1084 1:1:2165 1:1:4330 1:1:8658
1RB1LC_1LC0RD_0LC1LA_1RB1RD	1738	5484	17330	0.499	0.073	0.501	LR	8650.50	0.01	sqrt	bouncer_part	sqrt+log	10	2	25	9:011111111:22 1:1:34 1:1:68 1:1:135 1:1:271 1:1:541 1:1:1082 1:1:2164 1:1:4329 1:1:8659
1RB1LC_1LC0RD_0RC1LA_0LA1RD	182	392	844	0.333	0.335	0.333	LR	1.00	1.00	cube	sweepctr	-	2	1	2	1:1:98 1:1:744
1RB1LC_1LC0RD_1LA0LB_0RB1RD	1641	5173	16341	0.499	0.044	0.500	LR	10872.50	0.00	sqrt	bouncer_part	sqrt+log	8	2	14	4:0011:16 4:0011:46 4:0011:135 4:0011:405 4:0011:1211 4:0011:3628 4:0011:6660 4:0111:4226
1RB1LC_1LC0RD_1LA0LB_1RB0RD	1431	4493	14165	0.498	0.055	0.501	LR	14120.50	0.01	sqrt	bouncer_part	sqrt+log	3	2	3	10:0000010101:23 2:01:12172 2:01:1967
1RB1LC_1LC0RD_1LD0LB_1RB1RA	1437	4501	14174	0.497	0.062	0.501	LR	14120.50	0.01	sqrt	bouncer_part	sqrt+log	3	2	3	15:001001001011011:32 2:01:12092 2:01:2047
1RB1LC_1LC0RD_1RB1LA_0LA1RD	182	392	844	0.333	0.335	0.333	LR	1.00	1.00	cube	sweepctr	-	2	1	2	1:1:228 1:1:614
1RB1LC_1LC0RD_1RB1LA_0LC1RD	182	392	844	0.333	0.335	0.333	LR	1.00	1.00	cube	sweepctr	-	2	1	2	1:1:228 1:1:614
1RB1LC_1LC0RD_1RB1LC_0LA1RD	182	392	844	0.333	0.335	0.333	LR	1.00	1.00	cube	sweepctr	-	2	1	2	1:1:228 1:1:614
1RB1LC_1LC1LA_0LC1RD_0RB0RD	24	28	32	0.062	0.000	0.065	R	22961.50	1.00	log	counter	-	0	0	32	-
1RB1LC_1LC1RA_0LC0LD_0RA0RD	25	29	33	0.060	0.000	0.065	R	19682.50	0.97	log	counter	-	0	0	33	-
1RB1LC_1LC1RB_0RB0LD_0RA1LD	144	310	669	0.334	0.000	0.336	R	1.00	2.00	cube	sweepctr	-	2	1	2	1:1:496 1:1:171
1RB1LC_1LC1RB_1LA0RD_0LC1RC	287	619	1339	0.334	0.337	0.333	LR	46943.72	0.50	cube	sweepctr	-	3	2	1	1:1:713 2:01:142 1:1:483
1RB1LC_1LC1RB_1LA0RD_0LD1RC	287	619	1335	0.334	0.337	0.332	LR	46726.94	0.50	cube	sweepctr	-	3	2	1	1:1:19 2:01:1106 1:1:209
1RB1LC_1LC1RD_1LA0LB_0RB0RC	428	962	2043	0.339	0.327	0.346	LR	1.78	0.17	cube	sweepctr	-	2	2	14	1:1:1195 2:01:834
1RB1LC_1LC1RD_1LA0LC_0RD0RB	1017	3183	10025	0.497	0.080	0.500	LR	1.00	0.01	sqrt	bouncer_part	sqrt+log	2	2	27	2:01:9966 1:1:32
1RB1LC_1LC1RD_1LD0LC_0RB1RA	834	2604	8189	0.496	0.501	0.055	LR	1.00	0.01	sqrt	bouncer_part	sqrt+log	1	1	25	2:01:8164
1RB1LC_1RC0LA_0RD1LC_1LB1RD	182	392	844	0.333	0.337	0.331	LR	1.00	1.00	cube	sweepctr	-	2	1	2	1:1:616 1:1:226
1RB1LC_1RC0LA_1RD1LA_0LB0RD	54	66	76	0.074	0.079	0.000	L	102409.17	0.96	log	counter	-	0	0	76	-
1RB1LC_1RC0LA_1RD1LA_1LB0RA	1001	3165	10002	0.500	0.500	0.500	LR	0.67	0.71	sqrt	bouncer	sqrt+sqrt	2	1	5	1:1:6666 1:1:3331
1RB1LC_1RC0LD_0RD0RB_1LA1LB	1500	4742	15000	0.500	0.501	0.500	LR	13279.83	0.62	sqrt	bouncer	sqrt+sqrt	2	2	14	3:011:12274 3:001:2712
1RB1LC_1RC0RB_0LA1LD_1LA1RB	834	2604	8189	0.496	0.062	0.500	LR	1.00	0.01	sqrt	bouncer_part	sqrt+log	2	2	9	3:011:16 2:01:8164
1RB1LC_1RC0RB_0LA1LD_1LC1RB	833	2602	8187	0.496	0.066	0.500	LR	1.00	0.01	sqrt	bouncer_part	sqrt+log	3	1	8	2:01:16 2:01:3711 2:01:4452
1RB1LC_1RC0RB_0LD0RB_1LA1RD	1600	5024	15839	0.498	0.062	0.501	LR	11840.50	0.01	sqrt	bouncer_part	sqrt+log	6	2	42	3:001:49 3:001:187 3:001:744 3:001:2270 3:011:695 3:011:11852
1RB1LC_1RC0RB_1LD0LC_1LA1RD	72	86	103	0.078	0.079	0.078	LR	1.00	0.43	log	counter	-	2	2	57	6:000001:20 12:000001001001:26
1RB1LC_1RC0RB_1LD0RB_1LA0LC	1438	4502	14175	0.497	0.059	0.501	LR	14118.50	0.01	sqrt	bouncer_part	sqrt+log	3	2	19	9:000001001:20 2:01:1999 2:01:12137
1RB1LC_1RC0RB_1LD1RB_1LA0LD	42	48	56	0.062	0.000	0.071	R	45054.50	0.04	log	counter	-	1	1	37	8:00010101:19
1RB1LC_1RC0RB_1LD1RC_1LA0LC	735	2270	7108	0.493	0.057	0.501	LR	1.00	0.01	sqrt	bouncer_part	sqrt+log	2	2	19	9:000001001:20 1:1:7069
1RB1LC_1RC0RB_1LD1RC_1LA0LD	68	80	92	0.066	0.067	0.066	LR	1.00	0.47	log	counter	-	2	2	54	9:000001001:18 3:001:20
1RB1LC_1RC0RC_1LA0LD_0LC0LA	129415	1294122	12941181	1.000	1.000	0.000	L	1.00	0.00	lin	linear	-	-	-	-	wide
1RB1LC_1RC0RC_1LD0RB_1LA0LC	74294	742865	7428582	1.000	0.000	1.000	R	0.20	0.00	lin	linear	-	-	-	-	wide
1RB1LC_1RC0RC_1RD0LA_1LA0RA	89559	895527	8955231	1.000	0.000	1.000	R	1.00	0.00	lin	linear	-	-	-	-	wide
1RB1LC_1RC1LA_1RD0LB_1LB0RC	1472	5015	16634	0.527	0.529	0.076	LR	3.00	0.01	sqrt	bouncer_part	sqrt+log	3	2	2	1:1:7195 3:011:1497 3:011:7940
1RB1LC_1RC1LA_1RD0LC_1LA0RA	2118	6738	21358	0.502	0.503	0.000	L	2.92	0.00	sqrt	bouncer_part	sqrt+fix	3	3	18	5:01111:9069 5:00011:4271 3:001:8000
1RB1LC_1RC1LB_0LB0RD_0LA1RD	319	696	1505	0.337	0.339	0.331	LR	0.13	0.86	cube	sweepctr	-	3	2	1	1:1:178 1:1:971 2:01:355
1RB1LC_1RC1RB_1LA0RD_0LC1RC	287	619	1339	0.334	0.337	0.333	LR	84499.50	0.50	cube	sweepctr	-	3	2	1	1:1:715 2:01:50 1:1:573
1RB1LC_1RC1RB_1LA0RD_0LD1RC	287	619	1335	0.334	0.337	0.332	LR	84109.50	0.50	cube	sweepctr	-	3	2	1	1:1:21 2:01:476 1:1:837
1RB1LC_1RC1RD_1LA0LC_0RD0RA	1745	5494	17339	0.499	0.057	0.501	LR	1.00	0.01	sqrt	bouncer_part	sqrt+log	2	1	26	3:011:11682 3:011:5631
1RB1LD_0LB1RC_0LA0RC_1LA1LB	24	28	32	0.062	0.067	0.000	L	26242.50	1.94	log	counter	-	0	0	32	-
1RB1LD_0LB1RC_1LA0RC_0RB0LB	35	43	49	0.073	0.000	0.077	R	10921.83	1.02	log	counter	-	0	0	49	-
1RB1LD_0LC0RA_1RA1LC_0RB0LC	833	2602	8187	0.496	0.057	0.501	LR	1.00	0.01	sqrt	bouncer_part	sqrt+log	3	2	9	1:1:16 2:01:7425 2:01:737
1RB1LD_0LC0RB_0LA1RD_1LA---	35	43	49	0.073	0.079	0.000	L	32766.50	1.00	log	counter	-	0	0	49	-
1RB1LD_0LC0RB_0RA0LD_1LA---	36	42	48	0.062	0.066	0.000	L	24574.50	0.98	log	counter	-	0	0	48	-
1RB1LD_0LC0RB_1RA0LD_1RC1LA	54	66	76	0.074	0.078	0.000	L	102409.17	0.99	log	counter	-	0	0	76	-
1RB1LD_0LC0RB_1RA1LA_0LD0LA	1419	4479	14150	0.499	0.501	0.052	LR	3530.50	0.01	sqrt	bouncer_part	sqrt+log	10	2	33	1:1:7069 1:1:1917 2:01:1617 2:01:1768 2:01:885 2:01:443 2:01:222 2:01:111 2:01:56 2:01:29
1RB1LD_0LC0RB_1RA1LA_1LB0LA	1315	4159	13148	0.500	0.500	0.500	LR	1.00	0.60	sqrt	bouncer	sqrt+sqrt	2	2	3	3:011:3587 4:0111:9558
1RB1LD_0LC0RB_1RB1LA_1LA---	35	41	49	0.073	0.077	0.000	L	40958.50	1.00	log	counter	-	0	0	49	-
1RB1LD_0LC0RB_1RB1LA_1LC---	27	33	38	0.074	0.079	0.000	L	2.00	1.30	log	counter	-	1	1	18	9:000100101:20
1RB1LD_0LC0RB_1RB1LD_1LA---	36	42	48	0.062	0.066	0.000	L	24574.50	0.98	log	counter	-	0	0	48	-
1RB1LD_0LC0RC_0LA1RC_0RD1LA	144	311	669	0.334	0.336	0.000	L	1.00	2.00	cube	sweepctr	-	2	1	2	1:1:495 1:1:172
1RB1LD_0LC0RC_0LA1RC_1RB1LA	145	311	670	0.332	0.335	0.000	L	1.00	2.00	cube	sweepctr	-	2	1	2	1:1:164 1:1:504
1RB1LD_0LC0RC_0LA1RC_1RB1LD	145	311	670	0.332	0.335	0.000	L	1.00	2.00	cube	sweepctr	-	2	1	2	1:1:164 1:1:504
1RB1LD_0LC0RC_0LD1RC_1RB1LA	145	311	670	0.332	0.335	0.000	L	1.00	2.00	cube	sweepctr	-	2	1	2	1:1:164 1:1:504
1RB1LD_0LC0RC_1LD0RB_1LA---	36	42	50	0.071	0.075	0.000	L	40958.50	1.02	log	counter	-	0	0	50	-
1RB1LD_0LC0RD_1RB1LD_1LA0RB	36	42	48	0.062	0.066	0.000	L	24574.50	0.98	log	counter	-	0	0	48	-
1RB1LD_0LC1RB_0LB1RD_1LA0RC	226	490	1060	0.336	0.337	0.336	LR	1.00	1.99	cube	sweepctr	-	3	2	1	1:1:444 2:01:156 1:1:459
1RB1LD_0LC1RB_0LC1RD_1LA0RC	226	490	1060	0.336	0.337	0.336	LR	1.00	1.99	cube	sweepctr	-	3	2	1	1:1:444 2:01:156 1:1:459
1RB1LD_0LC1RB_0LD1LC_1RD0RA	181	391	841	0.334	0.335	0.335	LR	1.00	1.99	cube	sweepctr	-	1	1	11	1:1:830
1RB1LD_0LC1RB_0LD1RD_1LA0RC	226	492	1060	0.336	0.337	0.336	LR	1.00	1.99	cube	sweepctr	-	3	2	1	1:1:92 2:01:290 1:1:677
1RB1LD_0LC1RB_1LA0RB_1RC1LD	144	310	669	0.334	0.336	0.000	L	1.00	2.00	cube	sweepctr	-	2	1	2	1:1:169 1:1:498
1RB1LD_0RC---_0LD0RB_0LA---	35	43	49	0.073	0.079	0.000	L	32766.50	0.96	log	counter	-	0	0	49	-
1RB1LD_0RC---_0LD1RC_0LA0RB	35	41	49	0.073	0.079	0.000	L	40957.50	0.96	log	counter	-	0	0	49	-
1RB1LD_0RC0LB_1LC1RA_0RD0LA	924	2901	9146	0.498	0.502	0.057	LR	1576.04	0.00	sqrt	bouncer_part	sqrt+log	6	2	38	3:011:5912 3:001:929 3:001:1708 3:001:426 3:001:108 3:001:25
1RB1LD_0RC0LC_1LD1RA_0LA0LD	1589	5010	15822	0.499	0.501	0.042	LR	11840.50	0.00	sqrt	bouncer_part	sqrt+log	6	2	39	3:011:8400 3:001:3455 3:001:2962 3:001:739 3:001:183 3:001:44
1RB1LD_0RC0LC_1RD1RA_0LA0LD	1431	4490	14163	0.498	0.501	0.057	LR	14118.50	0.00	sqrt	bouncer_part	sqrt+log	3	3	5	3:011:422 3:001:13716 9:000000101:20
1RB1LD_0RC0LD_1LC1RA_1LB0LA	1366	4330	13696	0.501	0.503	0.492	LR	7.00	0.13	sqrt	bouncer_part	sqrt+sqrt	435	3	350	9:011101111:23 4:0111:684 4:0111:27 4:0111:27 4:0111:27 4:0111:27 4:0111:27 4:0111:27 4:0111:27 4:0111:27 4:0111:27 4:0111:27 4:0111:27 4:0111:27 4:0111:27 4:0111:27 4:0111:27 4:0111:27 4:0111:27 4:0111:27 4:0111:27 4:0111:27 4:0111:27 4:0111:27 4:0111:27 4:0111:27 4:0111:27 4:0111:27 4:0111:27 4:0111:27 4:0111:27 4:0111:27 4:0111:27 4:0111:27 4:0111:27 4:0111:27 4:0111:27 4:0111:27 4:0111:27 4:0111:27 4:0111:27 4:0111:27 4:0111:27 4:0111:27 4:0111:27 4:0111:27 4:0111:27 4:0111:27 4:0111:27 4:0111:27 4:0111:27 4:0111:27 4:0111:27 4:0111:27 4:0111:27 4:0111:27 4:0111:27 4:0111:27 4:0111:27 4:0111:27 4:0111:27 4:0111:27 4:0111:27 4:0111:27 4:0111:27 4:0111:27 4:0111:27 4:0111:27 4:0111:27 4:0111:27 4:0111:27 4:0111:27 4:0111:27 4:0111:27 4:0111:27 4:0111:27 4:0111:27 4:0111:27 4:0111:27 4:0111:27 4:0111:27 4:0111:27 4:0111:27 4:0111:27 4:0111:27 4:0111:27 4:0111:27 4:0111:27 4:0111:27 4:0111:27 4:0111:27 4:0111:27 4:0111:27 4:0111:27 4:0111:27 4:0111:27 4:0111:27 4:0111:27 4:0111:27 4:0111:27 4:0111:27 4:0111:27 4:0111:27 4:0111:27 4:0111:27 4:0111:27 4:0111:27 4:0111:27 4:0111:27 4:0111:27 4:0111:27 4:0111:27 4:0011:20 4:0011:31 4:0011:30 4:0011:30 4:0011:30 4:0011:30 4:0011:30 4:0011:30 4:0011:30 4:0011:30 4:0011:30 4:0011:30 4:0011:30 4:0011:30 4:0011:30 4:0011:30 4:0011:30 4:0011:30 4:0011:30 4:0011:30 4:0011:30 4:0011:30 4:0011:30 4:0011:30 4:0011:30 4:0011:30 4:0011:30 4:0011:30 4:0011:30 4:0011:30 4:0011:30 4:0011:30 4:0011:30 4:0011:30 4:0011:30 4:0011:30 4:0011:30 4:0011:30 4:0011:30 4:0011:30 4:0011:30 4:0011:30 4:0011:30 4:0011:30 4:0011:30 4:0011:30 4:0011:30 4:0011:30 4:0011:30 4:0011:30 4:0011:30 4:0011:30 4:0011:30 4:0011:30 4:0011:30 4:0011:30 4:0011:30 4:0011:30 4:0011:30 4:0011:30 4:0011:30 4:0011:30 4:0011:30 4:0011:30 4:0011:30 4:0011:30 4:0011:30 4:0011:30 4:0011:30 4:0011:30 4:0011:30 4:0011:30 4:0011:30 4:0011:30 4:0011:30 4:0011:30 4:0011:30 4:0011:30 4:0011:30 4:0011:30 4:0011:30 4:0011:30 4:0011:30 4:0011:30 4:0011:30 4:0011:30 4:0011:30 4:0011:30 4:0011:30 4:0011:30 4:0011:30 4:0011:30 4:0011:30 4:0011:30 4:0011:30 4:0011:30 4:0011:30 4:0011:30 4:0011:30 4:0011:30 4:0011:30 4:0011:30 4:0011:30 4:0011:30 4:0011:30 4:0011:30 4:0011:30 4:0011:30 4:0011:30 4:0011:30 4:0011:30 4:0011:30 4:0011:30 4:0011:30 4:0011:30 4:0011:30 4:0011:30 4:0011:30 4:0011:30 4:0011:30 4:0011:30 4:0011:30 4:0011:30 4:0011:30 4:0011:30 4:0011:30 4:0011:30 4:0011:30 4:0011:30 4:0011:30 4:0011:30 4:0011:30 4:0011:30 4:0011:30 4:0011:30 4:0011:30 4:0011:30 4:0011:30 4:0011:30 4:0011:30 4:0011:30 4:0011:30 4:0011:30 4:0011:30 4:0011:30 4:0011:30 4:0011:30 4:0011:30 4:0011:30 4:0011:30 4:0011:30 4:0011:30 4:0011:30 4:0011:30 4:0011:30 4:0011:30 4:0011:30 4:0011:30 4:0011:30 4:0011:30 4:0011:30 4:0011:30 4:0011:30 4:0011:30 4:0011:30 4:0011:30 4:0011:30 4:0011:30 4:0011:30 4:0011:30 4:0011:30 4:0011:30 4:0011:30 4:0011:30 4:0011:30 4:0011:30 4:0011:30 4:0011:30 4:0011:30 4:0011:30 4:0011:30 4:0011:30 4:0011:30 4:0011:30 4:0011:30 4:0011:30 4:0011:30 4:0011:30 4:0011:30 4:0011:30 4:0011:30 4:0011:30 4:0011:30 4:0011:30 4:0011:30 4:0011:30 4:0011:30 4:0011:30 4:0011:30 4:0011:30 4:0011:30 4:0011:30 4:0011:30 4:0011:30 4:0011:30 4:0011:30 4:0011:30 4:0011:30 4:0011:30 4:0011:30 4:0011:30 4:0011:30 4:0011:30 4:0011:30 4:0011:30 4:0011:30 4:0011:30 4:0011:30 4:0011:30 4:0011:30 4:0011:30 4:0011:30 4:0011:30 4:0011:30 4:0011:30 4:0011:30 4:0011:30 4:0011:30 4:0011:30 4:0011:30 4:0011:30 4:0011:30 4:0011:30 4:0011:30 4:0011:30 4:0011:30 4:0011:30 4:0011:30 4:0011:30 4:0011:30 4:0011:30 4:0011:30 4:0011:30 4:0011:30 4:0011:30 4:0011:30 4:0011:30 4:0011:30 4:0011:30 4:0011:30 4:0011:30 4:0011:30 4:0011:30 4:0011:30 4:0011:30 4:0011:30 4:0011:30 4:0011:30 4:0011:30 4:0011:30 4:0011:30 4:0011:30 4:0011:30 4:0011:30 4:0011:30 4:0011:30 4:0011:30 4:0011:30 4:0011:30 4:0011:30 4:0011:30 4:0011:30 4:0011:30 4:0011:30 4:0011:30 4:0011:30 4:0011:30 4:0011:30 4:0011:30 4:0011:30 4:0011:30 4:0011:30 4:0011:30 4:0011:30 4:0011:30 4:0011:30 4:0011:30 4:0011:30 4:0011:30 4:0011:30 4:0011:30 4:0011:30 4:0011:30 4:0011:30 4:0011:30 4:0011:30 4:0011:30 4:0011:30 4:0011:30 4:0011:30 4:0011:30 4:0011:30 4:0011:30 4:0011:30 4:0011:30 4:0011:30 4:0011:30 4:0011:30 4:0011:30 4:0011:30 4:0011:30 4:0011:30 4:0011:30 4:0011:30 4:0011:30 4:0011:30 4:0011:30 4:0011:30 4:0011:30 4:0011:30 4:0011:30 4:0011:30 4:0011:18
1RB1LD_0RC0RB_0LD1LA_0LA1LC	27	33	38	0.074	0.082	0.000	L	2.00	1.24	log	counter	-	0	0	38	-
1RB1LD_0RC0RB_1LC0LA_0LA1LA	229	493	1063	0.333	0.336	0.333	LR	1.00	1.00	cube	sweepctr	-	4	2	4	1:0:356 1:1:161 1:1:368 1:1:174
1RB1LD_0RC0RB_1LC0LA_1LA0LA	82	88	96	0.034	0.038	0.000	L	40954.50	0.12	log	counter	-	2	2	52	8:00010101:23 10:0101011111:21
1RB1LD_0RC0RB_1LC0LA_1LB1LA	229	493	1063	0.333	0.336	0.333	LR	1.00	1.00	cube	sweepctr	-	4	2	4	1:0:488 1:1:191 1:1:338 1:1:42
1RB1LD_0RC0RB_1LC0RA_1RA0LD	2051	6410	20133	0.496	0.452	0.533	LR	1.28	0.00	sqrt	bouncer_part	sqrt+sqrt	9	2	17	1:1:8192 1:0:2048 1:1:3584 1:0:128 1:1:128 1:0:32 1:1:32 1:0:1058 1:1:4914
1RB1LD_0RC0RB_1LC1RA_0LA0LA	1449	6141	17485	0.541	0.048	0.541	LR	13580.50	0.00	sqrt	bouncer_part	sqrt+log	6	4	12	4:0011:40 4:0011:3795 8:00111011:27 8:00111011:17 1:0:9254 1:1:4340
1RB1LD_0RC0RB_1LC1RA_0LA0RA	1447	6131	17483	0.541	0.048	0.542	LR	13581.50	0.00	sqrt	bouncer_part	sqrt+log	6	4	8	4:0011:40 4:0011:3795 8:00111011:27 8:00111011:19 1:0:10057 1:1:3537
1RB1LD_0RC0RB_1LC1RA_1LA0LA	1426	4488	14160	0.498	0.057	0.501	LR	14120.50	0.01	sqrt	bouncer_part	sqrt+log	3	3	13	8:00000101:17 1:0:12103 1:1:2027
1RB1LD_0RC0RB_1LC1RA_1LA0LD	41039	410271	4102579	1.000	1.000	0.000	L	4.56	0.00	lin	linear	-	-	-	-	wide
1RB1LD_0RC0RB_1LC1RA_1RA0LA	1447	6137	17483	0.541	0.048	0.542	LR	13581.50	0.00	sqrt	bouncer_part	sqrt+log	5	4	27	4:0011:40 4:0011:3795 8:00111011:27 1:0:1536 1:1:12058
1RB1LD_0RC0RB_1LC1RA_1RA0LD	2051	6659	20483	0.500	0.452	0.539	LR	1.29	0.00	sqrt	bouncer_part	sqrt+sqrt	9	2	6	1:1:8192 1:0:1536 1:1:256 1:0:127 1:1:126 1:0:253 1:1:257 1:0:3583 1:1:6147
1RB1LD_0RC0RB_1LC1RA_1RC0LA	1559	4621	14293	0.481	0.000	0.482	R	14121.50	0.00	sqrt	bouncer_part	sqrt+fix	4	4	31	4:0011:107 8:01101111:19 1:0:3968 1:1:10168
1RB1LD_0RC0RB_1RD1RA_0LA0LD	1432	4493	14166	0.498	0.501	0.050	LR	14118.50	0.00	sqrt	bouncer_part	sqrt+log	3	3	11	3:011:11361 3:001:2777 8:00100101:17
1RB1LD_0RC0RC_1LC1RA_0RD0LA	970	2906	9022	0.484	0.488	0.000	L	2477.39	0.00	sqrt	bouncer_part	sqrt+fix	4	3	41	4:0111:159 4:0111:8777 8:01011111:17 14:01010101011111:28
1RB1LD_0RC0RD_1LC1RA_0RD0LA	65225	652181	6521745	1.000	0.000	1.000	R	1.00	0.00	lin	linear	-	-	-	-	wide
1RB1LD_0RC0RD_1LD0LC_0LA1LA	925	3110	9828	0.513	0.514	0.000	L	1.00	0.00	sqrt	bouncer_part	sqrt+fix	3	1	16	1:1:376 1:1:2866 1:1:6570
1RB1LD_0RC0RD_1RD0LC_0LA1LA	926	3110	9827	0.513	0.514	0.000	L	1.00	0.00	sqrt	bouncer_part	sqrt+fix	2	1	16	1:1:3239 1:1:6572
1RB1LD_0RC0RD_1RD1RA_0LA0LD	1431	4490	14163	0.498	0.501	0.057	LR	14118.50	0.00	sqrt	bouncer_part	sqrt+log	3	3	5	3:011:422 3:001:13716 9:000000101:20
1RB1LD_0RC1LB_1LA1RC_0LA0LB	229	493	1063	0.333	0.336	0.333	LR	1.00	1.00	cube	sweepctr	-	2	1	3	1:1:690 1:1:370
1RB1LD_0RC1LB_1LA1RC_0LB0RA	228	492	1062	0.334	0.336	0.334	LR	1.00	1.00	cube	sweepctr	-	2	1	2	1:1:868 1:1:192
1RB1LD_0RC1LB_1LA1RC_0RD0LA	760	2458	7946	0.510	0.515	0.085	LR	2.60	0.01	sqrt	bouncer_part	sqrt+log	3	2	16	1:1:4046 2:01:2023 2:01:1861
1RB1LD_0RC1LB_1LA1RC_0RD0LB	229	493	1063	0.333	0.336	0.333	LR	1.00	1.00	cube	sweepctr	-	2	1	2	1:1:873 1:1:188
1RB1LD_0RC1LB_1LA1RC_1LC0LB	289	621	1337	0.333	0.335	0.329	LR	3.00	0.50	cube	sweepctr	-	2	1	2	1:1:249 1:1:1086
1RB1LD_0RC1LC_1LA1RC_0RD0LA	886	2602	8436	0.489	0.494	0.074	LR	2495.63	0.01	sqrt	bouncer_part	sqrt+log	3	2	12	1:1:1594 2:01:5949 2:01:881
1RB1LD_0RC1RA_1LD1RA_0LA0LD	1604	5028	15843	0.497	0.501	0.059	LR	11840.50	0.01	sqrt	bouncer_part	sqrt+log	6	2	41	3:011:8478 3:001:3377 3:001:2967 3:001:744 3:001:187 3:001:49
1RB1LD_0RC1RA_1LD1RB_1LB0LD	833	2602	8187	0.496	0.501	0.060	LR	1.00	0.01	sqrt	bouncer_part	sqrt+log	3	1	8	2:01:4444 2:01:3719 2:01:16
1RB1LD_0RC1RA_1RD0RA_1LB0LD	66	78	94	0.077	0.000	0.080	R	1.00	0.48	log	counter	-	3	2	25	12:000001010101:25 12:000001010101:24 8:00000101:20
1RB1LD_0RC1RA_1RD1RA_0LA0LD	1603	5027	15842	0.497	0.501	0.057	LR	11841.50	0.01	sqrt	bouncer_part	sqrt+log	6	2	42	3:011:7328 3:001:4525 3:001:2967 3:001:744 3:001:187 3:001:49
1RB1LD_0RC1RB_0LC1RD_1LA0RC	226	490	1060	0.336	0.337	0.336	LR	1.00	1.99	cube	sweepctr	-	3	2	1	1:1:446 2:01:328 1:1:285
1RB1LD_0RC1RB_0LD1RD_1LA0RC	226	492	1060	0.336	0.337	0.336	LR	1.00	1.99	cube	sweepctr	-	3	2	1	1:1:92 2:01:290 1:1:677
1RB1LD_0RC1RB_1LD1RA_0LA0LD	1591	5012	15824	0.499	0.501	0.042	LR	11843.50	0.00	sqrt	bouncer_part	sqrt+log	6	2	39	3:011:5730 3:001:6127 3:001:2962 3:001:739 3:001:183 3:001:44
1RB1LD_0RC1RB_1RD1RA_0LA0LD	1431	4492	14165	0.498	0.501	0.057	LR	14121.50	0.00	sqrt	bouncer_part	sqrt+log	3	3	5	3:011:4290 3:001:9850 9:000000101:20
1RB1LD_0RC1RC_1LA0RB_0LB0LA	834	2603	8188	0.496	0.069	0.500	LR	1.00	0.01	sqrt	bouncer_part	sqrt+log	3	2	8	1:1:16 2:01:2441 1:1:5723
1RB1LD_0RC1RC_1LA0RB_1LA0LA	1016	3182	10024	0.497	0.088	0.500	LR	1.00	0.01	sqrt	bouncer_part	sqrt+log	3	3	10	8:00000011:16 2:01:18 1:1:9980
1RB1LD_0RC1RC_1LA1RC_0RD0LA	886	2602	8436	0.489	0.494	0.074	LR	2879.50	0.01	sqrt	bouncer_part	sqrt+log	3	2	12	1:1:3462 2:01:4081 2:01:881
1RB1LD_0RC1RD_1LC0RA_1LA0LC	1412	4470	14140	0.500	0.500	0.501	LR	8460.50	0.35	sqrt	bouncer_part	sqrt+sqrt	3	3	3	2:01:921 1:1:4736 6:011111:8480
1RB1LD_1LC0LA_1LB1RC_0RC1LD	182	392	844	0.333	0.335	0.333	LR	1.00	1.00	cube	sweepctr	-	2	1	2	1:1:614 1:1:228
1RB1LD_1LC0RA_0LD0LB_1RD0RB	1436	4494	14164	0.497	0.000	0.498	R	14116.50	0.00	sqrt	bouncer_part	sqrt+fix	3	2	12	8:01011111:19 2:01:1373 2:01:12760
1RB1LD_1LC0RA_1LA1RC_0LB0LA	1030	3198	10046	0.495	0.093	0.500	LR	3.00	0.01	sqrt	bouncer_part	sqrt+log	2	2	52	4:0001:9962 4:0111:32
1RB1LD_1LC0RB_0LC0RA_1LA---	20	23	26	0.057	0.000	0.062	R	2.00	1.96	log	counter	-	0	0	26	-
1RB1LD_1LC0RB_0LC0RA_1RA1LA	19	23	26	0.068	0.000	0.075	R	2.00	2.04	log	counter	-	0	0	26	-
1RB1LD_1LC0RB_0LC1RA_1LA0LD	825	2593	8178	0.498	0.501	0.057	LR	24438.50	0.01	sqrt	bouncer_part	sqrt+log	2	2	15	1:1:1470 1:0:6693
1RB1LD_1LC0RB_0RA0LC_0LD0LC	20	23	26	0.057	0.000	0.062	R	2.00	1.88	log	counter	-	0	0	26	-
1RB1LD_1LC0RB_0RA0LC_0LD1RB	20	23	26	0.057	0.000	0.062	R	2.00	1.88	log	counter	-	0	0	26	-
1RB1LD_1LC0RB_0RA0LC_1RD1RA	51	60	69	0.066	0.000	0.068	R	0.20	0.66	log	counter	-	3	3	11	6:000001:20 3:001:20 9:000001001:18
1RB1LD_1LC0RB_0RA1LA_0LD0RA	20	23	26	0.057	0.000	0.062	R	2.00	1.88	log	counter	-	0	0	26	-
1RB1LD_1LC0RB_0RA1RA_0LD0LC	19	23	26	0.068	0.000	0.075	R	2.00	1.96	log	counter	-	0	0	26	-
1RB1LD_1LC0RB_0RA1RB_0LD0LC	20	23	26	0.057	0.000	0.062	R	2.00	1.88	log	counter	-	0	0	26	-
1RB1LD_1LC0RB_0RC0LD_1LA---	36	42	50	0.071	0.075	0.000	L	40958.50	0.02	log	counter	-	0	0	50	-
1RB1LD_1LC0RB_1RA1LA_0LD0RA	19	23	26	0.068	0.000	0.075	R	2.00	1.88	log	counter	-	0	0	26	-
1RB1LD_1LC0RB_1RD0LC_1LA1RB	37	43	51	0.070	0.000	0.077	R	14335.17	0.90	log	counter	-	2	2	16	8:00000101:18 8:00000001:17
1RB1LD_1LC0RB_1RD1RC_1LB1LA	1602	5066	16033	0.500	0.501	0.500	LR	3.00	1.60	sqrt	bouncer	sqrt+sqrt	2	2	1	1:0:11087 1:1:4945
1RB1LD_1LC0RC_0LA1RC_0RD1LA	182	392	844	0.333	0.335	0.333	LR	1.00	1.00	cube	sweepctr	-	2	1	2	1:1:96 1:1:746
1RB1LD_1LC0RC_0LA1RC_1RB1LA	182	392	844	0.333	0.335	0.333	LR	1.00	1.00	cube	sweepctr	-	2	1	2	1:1:226 1:1:616
1RB1LD_1LC0RC_0LA1RC_1RB1LD	182	392	844	0.333	0.335	0.333	LR	1.00	1.00	cube	sweepctr	-	2	1	2	1:1:226 1:1:616
1RB1LD_1LC0RC_0LD1RC_1RB1LA	182	392	844	0.333	0.335	0.333	LR	1.00	1.00	cube	sweepctr	-	2	1	2	1:1:226 1:1:616
1RB1LD_1LC0RD_1RA0LD_1RC1LA	1004	3163	10001	0.499	0.499	0.499	LR	0.83	0.71	sqrt	bouncer	sqrt+sqrt	2	1	4	1:1:6666 1:1:3331
1RB1LD_1LC1RA_0LC0LD_0RA0RB	35	41	49	0.073	0.000	0.077	R	45054.50	0.98	log	counter	-	1	1	31	8:00111111:18
1RB1LD_1LC1RA_0RB0LC_0RA0LD	29	35	41	0.075	0.000	0.080	R	17406.50	1.98	log	counter	-	1	1	24	8:00010101:17
1RB1LD_1LC1RB_0LC1RD_1LA0RC	226	490	1060	0.336	0.337	0.336	LR	1.00	1.99	cube	sweepctr	-	3	2	1	1:1:448 2:01:496 1:1:115
1RB1LD_1LC1RB_0LD1RD_1LA0RC	226	492	1060	0.336	0.337	0.336	LR	1.00	1.99	cube	sweepctr	-	3	2	1	1:1:92 2:01:588 1:1:379
1RB1LD_1LC1RB_0RC1LA_0RD0LC	47	58	67	0.077	0.079	0.078	LR	1.50	1.29	log	counter	-	2	2	32	9:011011111:18 6:011111:17
1RB1LD_1RC---_0LD0RC_0LA1LA	35	43	49	0.073	0.079	0.000	L	32766.50	0.96	log	counter	-	0	0	49	-
1RB1LD_1RC---_1LC1RA_0RA0LD	52	61	70	0.065	0.000	0.067	R	1.00	0.65	log	counter	-	2	2	23	12:000001001001:29 9:000001001:18
1RB1LD_1RC0LA_1LA0LD_1RB0RB	19	22	25	0.060	0.000	0.062	R	2.00	1.88	log	counter	-	0	0	25	-
1RB1LD_1RC0LA_1LA0RB_1LB1LB	1472	5015	16637	0.527	0.530	0.085	LR	9.00	0.01	sqrt	bouncer_part	sqrt+log	3	2	6	1:1:1110 3:011:7584 3:011:7937
1RB1LD_1RC0LA_1LB1RC_0RC1LD	182	392	844	0.333	0.335	0.333	LR	1.00	1.00	cube	sweepctr	-	2	1	2	1:1:614 1:1:228
1RB1LD_1RC0LA_1RD0RD_1LB1RB	1245	3900	12277	0.497	0.502	0.057	LR	1.00	0.01	sqrt	bouncer_part	sqrt+log	3	2	7	3:011:3448 3:011:8791 15:000001001001001:31
1RB1LD_1RC0LB_1LA0RD_0RC1RB	46	56	67	0.082	0.000	0.086	R	1.00	1.26	log	counter	-	2	2	26	3:001:18 9:001011011:23
1RB1LD_1RC0LB_1LD0RD_1RA1LB	2119	6741	21361	0.502	0.503	0.000	L	2.92	0.00	sqrt	bouncer_part	sqrt+fix	3	3	19	5:01111:9121 5:00011:4221 3:001:8000
1RB1LD_1RC0LD_0LA0RA_1LA1LB	1045	3368	10588	0.503	0.504	0.497	LR	3.00	0.53	sqrt	bouncer	sqrt+sqrt	340	28	2708	6:011111:19 8:01111111:19 10:0111011111:20 14:01111111111111:30 1:1:17 6:011111:21 6:011111:18 1:1:43 6:011111:19 10:0111011111:20 12:011101111111:27 1:1:21 14:01110111111111:29 16:0111011111011111:46 1:1:17 10:0111111111:23 8:01111111:18 6:011111:16 4:0111:16 6:011111:17 10:0111011111:20 6:011111:27 6:011111:19 4:0111:19 6:011111:29 1:1:16 6:011111:19 12:011101111111:29 1:1:17 1:1:19 10:0111111111:23 16:0111111111111111:34 4:0111:20 6:011111:19 1:1:19 4:0111:19 4:0111:27 1:1:33 4:0111:16 4:0111:23 1:1:19 10:0111011111:23 6:011111:17 1:1:17 8:01111111:17 10:0111011111:26 14:01111111111111:36 8:01111111:17 4:0111:27 1:1:21 10:0111011111:20 1:1:16 6:011111:21 14:01110111111111:31 10:0111111111:20 1:1:19 4:0111:20 10:0111011111:22 1:1:23 1:1:21 10:0111111111:21 16:0111011101111111:37 12:011111111111:27 10:0111011111:23 1:1:21 4:0111:19 1:1:21 1:1:17 1:1:19 1:1:23 10:0111011111:25 10:0111011111:25 12:011101111111:39 1:1:24 1:1:35 10:0111011111:31 10:0111011111:24 1:1:16 1:1:19 4:0111:16 1:1:17 10:0111011111:33 10:0111011111:26 4:0111:16 1:1:21 6:011111:22 10:0111111111:21 14:01110111011111:28 12:011101111111:26 8:01111111:21 8:01111111:18 8:01111111:19 4:0111:19 10:0111011111:25 4:0111:23 1:1:19 12:011101111111:29 1:1:19 4:0111:20 4:0111:19 4:0111:23 10:0111011111:25 10:0111011111:26 16:0111011111011111:32 10:0111011111:29 16:0111011111011111:32 1:1:35 10:0111011111:24 4:0111:19 6:011111:19 1:1:29 1:1:21 6:011111:16 1:1:17 4:0111:16 12:011101111111:25 4:0111:19 14:01111111111111:30 8:01111111:19 1:1:16 6:011111:17 10:0111011111:29 4:0111:19 16:0111011101111111:33 6:011111:16 4:0111:23 1:1:17 4:0111:39 1:1:17 14:01110111011111:32 6:011111:19 4:0111:16 16:0111011111011111:34 4:0111:19 10:0111011111:22 10:0111011111:31 6:011111:31 14:01110111111111:31 14:01110111011111:33 1:1:16 4:0111:16 4:0111:18 8:01111111:19 6:011111:25 4:0111:19 4:0111:23 8:01111111:19 10:0111011111:24 6:011111:20 1:1:35 4:0111:16 14:01110111011111:28 10:0101110111:25 4:0111:19 12:010101010111:29 6:010111:25 2:01:21 4:0111:19 10:0101110111:25 12:010101010111:27 8:01010111:17 6:010111:22 12:010101110111:31 12:010101110111:27 10:0101110111:20 10:0101110111:23 4:0111:19 6:010111:19 4:0111:31 16:0101010101010111:34 10:0101110111:26 2:01:16 10:0101110111:26 10:0101010111:23 12:010101110111:26 8:01010111:19 4:0111:16 4:0111:31 14:01010101010111:31 4:0111:27 16:0101011101110111:36 4:0111:16 8:01010111:17 4:0111:23 2:01:18 2:01:19 10:0101110111:25 12:010101110111:25 6:010111:25 10:0101010111:21 6:010111:16 14:01011101110111:28 8:01010111:19 2:01:23 14:01010101010111:31 8:01010111:19 6:010111:39 2:01:19 6:010111:23 14:01011101110111:33 6:010111:25 6:010111:19 4:0111:16 10:0101110111:23 12:010101110111:29 8:01010111:19 4:0111:19 2:01:17 10:0101010111:25 6:010111:31 10:0101110111:24 2:01:17 8:01010111:19 16:0101110101110111:39 14:01011101110111:28 4:0111:23 4:0111:19 2:01:17 4:0111:19 10:0101010111:29 14:01010101110111:28 6:010111:33 12:010101110111:35 6:010111:24 16:0101011101110111:39 4:0111:19 10:0101110111:23 8:01010111:17 4:0111:16 2:01:18 10:0101110111:23 12:010101010111:24 4:0111:19 6:010111:19 4:0111:31 4:0111:23 6:010111:19 10:0101110111:37 16:0101010101110111:36 2:01:22 6:010111:19 12:010101110111:27 14:01010101110111:33 10:0101010111:23 8:01010111:18 4:0111:27 2:01:17 4:0111:23 2:01:21 14:01011101110111:34 2:01:16 6:010111:17 6:010111:19 2:01:21 6:010111:25 12:010101110111:27 2:01:18 6:010111:16 2:01:17 6:010111:19 12:010101010111:27 2:01:17 10:0101110111:28 16:0101010101110111:35 8:01010111:19 4:0111:27 6:010111:17 8:01010111:17 4:0111:19 2:01:17 10:0101110111:29 4:0111:23 2:01:19 4:0111:23 6:010111:19 6:010111:19 10:0101110111:23 10:0101110111:27 2:01:19 2:01:17 10:0101010111:25 6:010111:21 10:0101110111:24 4:0111:31 16:0101010101010111:34 10:0101110111:33 4:0111:20 6:010111:21 4:0111:23 4:0111:18 8:01010111:20 2:01:17 6:010111:19 6:010111:33 10:0101110111:20 8:01010111:19 16:0101011101110111:35 4:0111:28 2:01:18 10:0101110111:23 14:01011101110111:31 4:0111:19 14:01010101010111:33 2:01:23 10:0101110111:23 2:01:17 6:010111:21 6:010111:19 2:01:19 10:0101010111:23 2:01:17 4:0111:19 8:01010111:16 6:010111:19 2:01:19 4:0111:20 2:01:23 16:0101011101110111:39 8:01010111:17 4:0111:28 16:0101110101110111:35 8:01010111:17 10:0101110111:23 8:01010111:17 16:0101011101110111:32 2:01:43 8:01010111:19 2:01:16 4:0111:16 2:01:19 2:01:17 2:01:27 12:010101110111:31 2:01:21 2:01:17 10:0101110111:20 16:0101010101010111:32 2:01:19 12:010101110111:24 16:0101010101010111:32
1RB1LD_1RC0RA_1LA1RB_0LA0LB	444	950	2075	0.335	0.344	0.317	LR	1.78	0.16	cube	sweepctr	-	3	2	0	1:1:743 2:01:396 1:1:936
1RB1LD_1RC0RA_1LA1RD_0LA0LB	1379	6161	18684	0.566	0.568	0.092	LR	0.33	0.01	sqrt	bouncer_part	sqrt+log	3	2	1	2:01:2026 2:01:7282 1:1:9375
1RB1LD_1RC0RB_0LA0RB_0LA1LA	1016	3182	10024	0.497	0.084	0.500	LR	1.00	0.01	sqrt	bouncer_part	sqrt+log	2	1	26	2:01:33 2:01:9965
1RB1LD_1RC0RB_0LA0RB_0LA1LC	1004	3166	10004	0.499	0.000	0.500	R	1.00	0.62	sqrt	bouncer	sqrt+fix	1	1	5	2:01:9999
1RB1LD_1RC0RB_0LA0RB_0LA1LD	1017	3183	10025	0.497	0.080	0.500	LR	1.00	0.01	sqrt	bouncer_part	sqrt+log	1	1	27	2:01:9998
1RB1LD_1RC0RB_0LA0RB_1LC0LA	1013	3178	10019	0.498	0.082	0.500	LR	1.00	0.00	sqrt	bouncer_part	sqrt+log	2	2	20	3:001:7761 3:011:2238
1RB1LD_1RC0RB_0LA0RB_1LC0LB	1015	3180	10021	0.497	0.069	0.500	LR	1.00	0.00	sqrt	bouncer_part	sqrt+log	3	3	10	7:0000011:16 3:001:5540 3:011:4455
1RB1LD_1RC0RB_0LA0RB_1LC0LD	1014	3180	10020	0.497	0.073	0.500	LR	1.00	0.00	sqrt	bouncer_part	sqrt+log	2	2	22	3:001:7779 3:011:2219
1RB1LD_1RC0RB_0LA0RC_1LA0LD	112	145	198	0.124	0.126	0.123	LR	3.57	0.38	log	counter	-	1	1	177	10:0000011001:21
1RB1LD_1RC0RB_0LA1LA_0LD0RC	19	23	26	0.068	0.000	0.071	R	2.00	1.88	log	counter	-	0	0	26	-
1RB1LD_1RC0RB_0LA1LD_1LC1RB	884	2759	8684	0.496	0.062	0.500	LR	1.00	0.01	sqrt	bouncer_part	sqrt+log	2	2	25	3:001:1061 3:011:7598
1RB1LD_1RC0RB_0LA1RB_0LD1LA	1016	3182	10022	0.497	0.501	0.060	LR	1.00	0.01	sqrt	bouncer_part	sqrt+log	1	1	25	3:011:9997
1RB1LD_1RC0RB_0LA1RB_1LC1LD	1436	4500	14173	0.497	0.057	0.501	LR	2016.64	0.01	sqrt	bouncer_part	sqrt+log	2	2	38	4:0011:12117 4:0111:2018
1RB1LD_1RC0RB_0LC0LA_1LA---	35	43	49	0.073	0.079	0.000	L	32766.50	0.96	log	counter	-	0	0	49	-
1RB1LD_1RC0RB_0LD---_1LA0LA	35	43	49	0.073	0.079	0.000	L	32766.50	0.96	log	counter	-	0	0	49	-
1RB1LD_1RC0RB_0LD---_1LA0LD	37	43	51	0.070	0.075	0.000	L	40958.50	0.02	log	counter	-	0	0	51	-
1RB1LD_1RC0RB_0LD0RB_0LA1LD	1017	3183	10025	0.497	0.080	0.500	LR	1.00	0.01	sqrt	bouncer_part	sqrt+log	1	1	27	2:01:9998
1RB1LD_1RC0RB_0LD1RB_0LA1LD	1589	5007	15821	0.499	0.029	0.501	LR	1691.21	0.00	sqrt	bouncer_part	sqrt+log	6	1	36	3:011:45 3:011:186 3:011:740 3:011:2964 3:011:5975 3:011:5875
1RB1LD_1RC0RB_1LA0LD_1LC1RD	52	64	73	0.074	0.079	0.000	L	1.00	0.04	log	counter	-	2	2	39	3:001:17 6:000001:17
1RB1LD_1RC0RB_1LA0RA_0LA1LC	1760	5576	17648	0.501	0.502	0.499	LR	3.57	0.49	sqrt	bouncer_part	sqrt+sqrt	2	2	9	2:01:7830 5:01111:9809
1RB1LD_1RC0RB_1LA0RC_0LD0LA	885	2759	8685	0.496	0.501	0.050	LR	1.00	0.01	sqrt	bouncer_part	sqrt+log	2	2	29	3:011:8506 3:001:150
1RB1LD_1RC0RB_1LA1RB_0LD0LA	1017	3183	10025	0.497	0.501	0.073	LR	1.00	0.01	sqrt	bouncer_part	sqrt+log	2	2	27	1:1:41 2:01:9957
1RB1LD_1RC0RB_1LA1RC_1LA0LA	84	90	96	0.029	0.032	0.000	L	28668.50	0.12	log	counter	-	2	2	59	8:00010101:19 6:011111:18
1RB1LD_1RC0RB_1LA1RC_1LC0LA	97	109	118	0.043	0.046	0.000	L	1.00	0.08	log	counter	-	3	3	63	3:001:17 9:000001001:20 1:1:18
1RB1LD_1RC0RB_1LC0RA_0LA0LB	2426	7602	19851	0.456	0.040	0.457	LR	1.00	0.00	sqrt	bouncer_part	sqrt+log	2	1	1	2:01:664 2:01:19186
1RB1LD_1RC0RB_1LC0RA_0LA1LC	1999	6322	19999	0.500	0.500	0.500	LR	39842.50	0.62	sqrt	bouncer	sqrt+sqrt	1	1	5	2:01:19994
1RB1LD_1RC0RB_1LD0RB_1LA0LC	1431	4493	14165	0.498	0.057	0.501	LR	14122.50	0.01	sqrt	bouncer_part	sqrt+log	2	1	26	2:01:12161 2:01:1978
1RB1LD_1RC0RB_1LD1RB_1LA0LA	1431	4493	14165	0.498	0.062	0.500	LR	14120.50	0.01	sqrt	bouncer_part	sqrt+log	2	2	25	1:1:12184 2:01:1956
1RB1LD_1RC0RB_1LD1RC_1LA0LC	727	2260	7097	0.495	0.055	0.501	LR	1.00	0.01	sqrt	bouncer_part	sqrt+log	2	1	28	1:1:4052 1:1:3017
1RB1LD_1RC0RB_1LD1RD_1LA0LD	37	43	51	0.070	0.075	0.000	L	46419.50	0.92	log	counter	-	1	1	34	8:00010101:17
1RB1LD_1RC0RB_1RD0LD_1LA0LD	38	44	52	0.068	0.075	0.000	L	46419.50	0.02	log	counter	-	1	1	35	8:00010101:17
1RB1LD_1RC0RB_1RD1RA_1LA0LD	38	44	50	0.060	0.066	0.000	L	24574.50	0.02	log	counter	-	1	1	34	8:00000101:16
1RB1LD_1RC0RB_1RD1RC_1LA0LD	64	78	90	0.074	0.079	0.071	LR	32763.50	0.46	log	counter	-	1	1	74	8:00000011:16
1RB1LD_1RC0RB_1RD1RD_1LA0LD	38	44	50	0.060	0.066	0.000	L	24574.50	0.02	log	counter	-	1	1	34	8:00000101:16
1RB1LD_1RC0RC_0LA0RB_0LA1LA	1016	3182	10024	0.497	0.084	0.500	LR	1.00	0.01	sqrt	bouncer_part	sqrt+log	2	1	26	2:01:33 2:01:9965
1RB1LD_1RC0RC_0LA1RC_0RD1LA	182	392	844	0.333	0.335	0.333	LR	1.00	1.00	cube	sweepctr	-	2	1	2	1:1:97 1:1:745
1RB1LD_1RC0RC_0LA1RC_1RB1LA	182	392	844	0.333	0.335	0.333	LR	1.00	1.00	cube	sweepctr	-	2	1	2	1:1:227 1:1:615
1RB1LD_1RC0RC_0LA1RC_1RB1LD	182	392	844	0.333	0.335	0.333	LR	1.00	1.00	cube	sweepctr	-	2	1	2	1:1:227 1:1:615
1RB1LD_1RC0RC_0LD1RC_1RB1LA	182	392	844	0.333	0.335	0.333	LR	1.00	1.00	cube	sweepctr	-	2	1	2	1:1:227 1:1:615
1RB1LD_1RC0RC_1LA0LA_0RA0LD	20	23	27	0.065	0.000	0.071	R	2.00	1.81	log	counter	-	0	0	27	-
1RB1LD_1RC0RC_1LA0LA_0RB0LD	19	23	26	0.068	0.000	0.075	R	2.00	1.80	log	counter	-	0	0	26	-
1RB1LD_1RC0RC_1LD0RB_1LA0LC	1431	4493	14165	0.498	0.057	0.501	LR	14122.50	0.01	sqrt	bouncer_part	sqrt+log	2	1	26	2:01:12161 2:01:1978
1RB1LD_1RC0RC_1LD1RB_1LA0LD	1431	4493	14165	0.498	0.500	0.062	LR	14122.50	0.01	sqrt	bouncer_part	sqrt+log	2	2	24	2:01:1957 1:1:12184
1RB1LD_1RC0RD_0LC0LA_1LA0RB	35	43	49	0.073	0.079	0.000	L	32766.50	0.96	log	counter	-	0	0	49	-
1RB1LD_1RC1LA_0LB0RC_1LB---	50	59	71	0.076	0.080	0.000	L	0.33	0.66	log	counter	-	1	1	48	9:000000001:23
1RB1LD_1RC1RA_0LA---_0RA0LD	36	42	50	0.071	0.000	0.075	R	40958.50	0.96	log	counter	-	0	0	50	-
1RB1LD_1RC1RA_0LA0LD_0RA1LC	290	622	1338	0.332	0.332	0.333	LR	84239.90	0.50	cube	sweepctr	-	3	2	3	1:1:368 2:01:763 2:01:204
1RB1LD_1RC1RA_0LA0RB_1LB0LA	1429	5750	15610	0.519	0.055	0.520	LR	14037.50	0.00	sqrt	bouncer_part	sqrt+log	4	3	13	2:01:1529 6:011111:16 1:1:4267 2:01:9785
1RB1LD_1RC1RA_0LA0RB_1LB0LD	1172	3670	11570	0.497	0.501	0.055	LR	17287.50	0.01	sqrt	bouncer_part	sqrt+log	2	1	26	2:01:5703 2:01:5841
1RB1LD_1RC1RA_1LA0RC_1RC0LD	73	87	101	0.070	0.073	0.070	LR	0.67	0.42	log	counter	-	3	3	45	8:00000001:17 10:0000010101:20 4:0011:19
1RB1LD_1RC1RA_1RD0RB_1LB0LA	2351	6703	20387	0.469	0.000	0.470	R	1.00	0.00	sqrt	bouncer_part	sqrt+fix	3	2	29	2:01:371 1:1:11331 2:01:8656
1RB1LD_1RC1RB_0LC1RD_1LA0RC	287	619	1335	0.334	0.337	0.332	LR	60078.21	0.50	cube	sweepctr	-	3	2	1	1:1:21 2:01:1144 1:1:169
1RB1LD_1RC1RB_0LD1RD_1LA0RC	226	492	1060	0.336	0.337	0.336	LR	1.00	1.99	cube	sweepctr	-	3	2	1	1:1:92 2:01:588 1:1:379
1RB1LD_1RC1RB_1LA---_0RA0LD	36	42	50	0.071	0.000	0.075	R	40958.50	0.96	log	counter	-	0	0	50	-
1RB1LD_1RC1RD_1LA0LD_1LC0RB	979	3074	9691	0.498	0.501	0.488	LR	16.52	0.38	sqrt	bouncer_part	sqrt+sqrt	2	2	8	15:000001101010101:7993 15:011111101111111:1690
1RB1RA_0LB0LC_1RD1LC_0LA0RA	145	311	670	0.332	0.335	0.000	L	1.00	2.00	cube	sweepctr	-	2	1	3	1:1:165 1:1:502
1RB1RA_0LB0LC_1RD1LC_0LC0RA	145	311	670	0.332	0.335	0.000	L	1.00	1.99	cube	sweepctr	-	2	1	3	1:1:168 1:1:499
1RB1RA_0LB0LC_1RD1LC_1LA0RA	183	391	843	0.332	0.333	0.333	LR	1.00	1.00	cube	sweepctr	-	2	1	3	1:1:687 1:1:153
1RB1RA_0LB0LC_1RD1LC_1LC0RA	183	391	843	0.332	0.333	0.333	LR	1.00	1.00	cube	sweepctr	-	2	1	3	1:1:696 1:1:144
1RB1RA_0LB0LC_1RD1LC_1RA0RA	183	391	843	0.332	0.333	0.333	LR	1.00	1.00	cube	sweepctr	-	2	1	3	1:1:690 1:1:150
1RB1RA_0LB0LC_1RD1LC_1RB0RA	145	311	670	0.332	0.335	0.000	L	1.00	2.00	cube	sweepctr	-	2	1	3	1:1:167 1:1:500
1RB1RA_0LB1LC_0RA1RD_1LB0RD	20	24	27	0.065	0.000	0.071	R	2.00	1.88	log	counter	-	0	0	27	-
1RB1RA_0LB1RC_1LD0RB_0RA1LC	227	491	1061	0.335	0.000	0.337	R	38850.79	1.00	cube	sweepctr	-	3	2	2	1:1:446 2:01:372 1:1:241
1RB1RA_0LB1RC_1LD0RB_1RA1LC	287	619	1335	0.334	0.336	0.333	LR	60078.21	0.50	cube	sweepctr	-	3	2	1	1:1:21 2:01:1134 1:1:179
1RB1RA_0LC0RA_---0LD_1LA1LC	34	40	48	0.075	0.079	0.000	L	40956.50	1.91	log	counter	-	0	0	48	-
1RB1RA_0LC0RA_1LC0LD_1LA0RB	34	40	46	0.066	0.069	0.000	L	24571.50	1.96	log	counter	-	0	0	46	-
1RB1RA_0LC0RA_1LC1LD_1LA0LC	1589	5009	15823	0.499	0.044	0.501	LR	1691.50	0.01	sqrt	bouncer_part	sqrt+log	6	1	42	3:011:46 3:011:184 3:011:740 3:011:2962 3:011:90 3:011:11759
1RB1RA_0LC0RA_1RC1LD_1LC0LB	1321	4160	13110	0.498	0.481	0.501	LR	2048.21	0.10	sqrt	bouncer_part	sqrt+sqrt	3	3	23	2:01:3035 7:0101011:8922 7:0011111:1130
1RB1RA_0LC0RB_0LA1LD_0RA1LC	34	42	48	0.075	0.081	0.000	L	10921.17	10.81	log	counter	-	0	0	48	-
1RB1RA_0LC0RB_0LD1LC_0RA1LD	19	23	26	0.068	0.075	0.000	L	2.00	22.08	log	counter	-	0	0	26	-
1RB1RA_0LC0RB_0LD1LC_1LA1RD	48	60	69	0.079	0.083	0.000	L	1.00	0.65	log	counter	-	1	1	51	6:000111:18
1RB1RA_0LC0RB_0RA0LD_1LA1LD	34	40	48	0.075	0.079	0.000	L	45052.50	1.91	log	counter	-	2	2	6	4:0001:17 12:000001010101:25
1RB1RA_0LC0RB_0RA0LD_1LC1RD	205	437	935	0.330	0.324	0.337	LR	1.00	1.01	cube	sweepctr	-	8	2	13	7:0010101:18 2:01:27 2:01:52 2:01:103 2:01:205 2:01:129 2:01:280 2:01:108
1RB1RA_0LC0RB_1LA0LD_1LA1LD	34	42	48	0.075	0.079	0.000	L	36860.50	1.87	log	counter	-	0	0	48	-
1RB1RA_0LC0RB_1LA0LD_1LC1LD	47	56	68	0.080	0.083	0.000	L	1.00	0.66	log	counter	-	2	2	25	6:000001:26 1:0:17
1RB1RA_0LC0RB_1LC1LD_0RA0LD	19	23	26	0.068	0.000	0.075	R	2.00	22.12	log	counter	-	0	0	26	-
1RB1RA_0LC0RB_1LD0LD_1LA1LD	34	40	48	0.075	0.079	0.000	L	45023.50	0.94	log	counter	-	2	2	14	4:0001:17 1:1:17
1RB1RA_0LC0RB_1RA0LD_1LA1LD	34	40	46	0.066	0.069	0.000	L	26593.50	0.98	log	counter	-	1	1	29	8:00000101:17
1RB1RA_0LC0RC_0LD0RB_1LA1LD	34	40	48	0.075	0.079	0.000	L	40956.50	1.91	log	counter	-	1	1	28	10:0001000101:20
1RB1RA_0LC0RC_1RA0LD_1RC1LC	59	72	85	0.079	0.085	0.069	LR	1.00	1.48	log	counter	-	3	2	26	1:1:20 8:01111111:16 8:01111111:23
1RB1RA_0LC1LB_0RC1LD_0RA0LD	26	31	36	0.071	0.000	0.078	R	1.62	1.86	log	counter	-	0	0	36	-
1RB1RA_0LC1LB_0RD1LD_0RA0LD	27	31	36	0.062	0.000	0.069	R	1.62	1.86	log	counter	-	1	1	20	5:00001:16
1RB1RA_0LC1RC_0LD0RB_1LA1LD	228	492	1060	0.334	0.335	0.000	L	271434.50	1.00	cube	sweepctr	-	2	2	3	2:01:89 1:1:968
1RB1RA_0LC1RC_0RA1LD_1LC0LC	1190	3762	11889	0.500	0.499	0.500	LR	0.14	0.46	sqrt	bouncer_part	sqrt+sqrt	565	2	857	3:011:17 3:011:17 3:011:17 3:011:17 3:011:17 3:011:17 3:011:17 3:011:17 3:011:17 3:011:17 3:011:17 3:011:17 3:011:17 3:011:17 3:011:17 3:011:17 3:011:17 3:011:17 3:011:17 3:011:17 3:011:17 3:011:17 3:011:17 3:011:17 3:011:17 3:011:17 3:011:17 3:011:17 3:011:17 3:011:17 3:011:17 3:011:17 3:011:17 3:011:17 3:011:17 3:011:17 3:011:17 3:011:17 3:011:17 3:011:17 3:011:17 3:011:17 3:011:17 3:011:17 3:011:17 3:011:17 3:011:17 3:011:17 3:011:17 3:011:17 3:011:17 3:011:17 3:011:17 3:011:17 3:011:17 3:011:17 3:011:17 3:011:17 3:011:17 3:011:17 3:011:17 3:011:17 3:011:17 3:011:17 3:011:17 3:011:17 3:011:17 3:011:17 3:011:17 3:011:17 3:011:17 3:011:17 3:011:17 3:011:17 3:011:17 3:011:17 3:011:17 3:011:17 3:011:17 3:011:17 3:011:17 3:011:17 3:011:17 3:011:17 3:011:17 3:011:17 3:011:17 3:011:17 3:011:16 10:0110110111:20 10:0110110111:20 10:0110110111:20 10:0110110111:20 10:0110110111:20 10:0110110111:20 10:0110110111:20 10:0110110111:20 10:0110110111:20 10:0110110111:20 10:0110110111:20 10:0110110111:20 10:0110110111:20 10:0110110111:20 10:0110110111:20 10:0110110111:20 10:0110110111:20 10:0110110111:20 10:0110110111:20 10:0110110111:20 10:0110110111:20 10:0110110111:20 10:0110110111:20 10:0110110111:20 10:0110110111:20 10:0110110111:20 10:0110110111:20 10:0110110111:20 10:0110110111:20 10:0110110111:20 10:0110110111:20 10:0110110111:20 10:0110110111:20 10:0110110111:20 10:0110110111:20 10:0110110111:20 10:0110110111:20 10:0110110111:20 10:0110110111:20 10:0110110111:20 10:0110110111:20 10:0110110111:20 10:0110110111:20 10:0110110111:20 10:0110110111:20 10:0110110111:20 10:0110110111:20 10:0110110111:20 10:0110110111:20 10:0110110111:20 10:0110110111:20 10:0110110111:20 10:0110110111:20 10:0110110111:20 10:0110110111:20 10:0110110111:20 10:0110110111:20 10:0110110111:20 10:0110110111:20 10:0110110111:20 10:0110110111:20 10:0110110111:20 10:0110110111:20 10:0110110111:20 10:0110110111:20 10:0110110111:20 10:0110110111:20 10:0110110111:20 10:0110110111:20 10:0110110111:20 10:0110110111:20 10:0110110111:20 10:0110110111:20 10:0110110111:20 10:0110110111:20 10:0110110111:20 10:0110110111:20 10:0110110111:20 10:0110110111:20 10:0110110111:20 10:0110110111:20 10:0110110111:20 10:0110110111:20 10:0110110111:20 10:0110110111:20 10:0110110111:20 10:0110110111:20 10:0110110111:20 10:0110110111:20 10:0110110111:20 10:0110110111:20 10:0110110111:20 10:0110110111:20 10:0110110111:20 10:0110110111:20 10:0110110111:20 10:0110110111:20 10:0110110111:20 10:0110110111:20 10:0110110111:20 10:0110110111:20 10:0110110111:20 10:0110110111:20 10:0110110111:20 10:0110110111:20 10:0110110111:20 10:0110110111:20 10:0110110111:20 10:0110110111:20 10:0110110111:20 10:0110110111:20 10:0110110111:20 10:0110110111:20 10:0110110111:20 10:0110110111:20 10:0110110111:20 10:0110110111:20 10:0110110111:20 10:0110110111:20 10:0110110111:20 10:0110110111:20 10:0110110111:20 10:0110110111:20 10:0110110111:20 10:0110110111:20 10:0110110111:20 10:0110110111:20 10:0110110111:20 10:0110110111:20 10:0110110111:20 10:0110110111:20 10:0110110111:20 10:0110110111:20 10:0110110111:20 10:0110110111:20 10:0110110111:20 10:0110110111:20 10:0110110111:20 10:0110110111:20 10:0110110111:20 10:0110110111:20 10:0110110111:20 10:0110110111:20 10:0110110111:20 10:0110110111:20 10:0110110111:20 10:0110110111:20 10:0110110111:20 10:0110110111:20 10:0110110111:20 10:0110110111:20 10:0110110111:20 10:0110110111:20 10:0110110111:20 10:0110110111:20 10:0110110111:20 10:0110110111:20 10:0110110111:20 10:0110110111:20 10:0110110111:20 10:0110110111:20 10:0110110111:20 10:0110110111:20 10:0110110111:20 10:0110110111:20 10:0110110111:20 10:0110110111:20 10:0110110111:20 10:0110110111:20 10:0110110111:20 10:0110110111:20 10:0110110111:20 10:0110110111:20 10:0110110111:20 10:0110110111:20 10:0110110111:20 10:0110110111:20 10:0110110111:20 10:0110110111:20 10:0110110111:20 10:0110110111:20 10:0110110111:20 10:0110110111:20 10:0110110111:20 10:0110110111:20 10:0110110111:20 10:0110110111:20 10:0110110111:20 10:0110110111:20 10:0110110111:20 10:0110110111:20 10:0110110111:20 10:0110110111:20 10:0110110111:20 10:0110110111:20 10:0110110111:20 10:0110110111:20 10:0110110111:20 10:0110110111:20 10:0110110111:20 10:0110110111:20 10:0110110111:20 10:0110110111:20 10:0110110111:20 10:0110110111:20 10:0110110111:20 10:0110110111:20 10:0110110111:20 10:0110110111:20 10:0110110111:20 10:0110110111:20 10:0110110111:20 10:0110110111:20 10:0110110111:20 10:0110110111:20 10:0110110111:20 10:0110110111:20 10:0110110111:20 10:0110110111:20 10:0110110111:20 10:0110110111:20 10:0110110111:20 10:0110110111:20 10:0110110111:20 10:0110110111:20 10:0110110111:20 10:0110110111:20 10:0110110111:20 10:0110110111:20 10:0110110111:20 10:0110110111:20 10:0110110111:20 10:0110110111:20 10:0110110111:20 10:0110110111:20 10:0110110111:20 10:0110110111:20 10:0110110111:20 10:0110110111:20 10:0110110111:20 10:0110110111:20 10:0110110111:20 10:0110110111:20 10:0110110111:20 10:0110110111:20 10:0110110111:20 10:0110110111:20 10:0110110111:20 10:0110110111:20 10:0110110111:20 10:0110110111:20 10:0110110111:20 10:0110110111:20 10:0110110111:20 10:0110110111:20 10:0110110111:20 10:0110110111:20 10:0110110111:20 10:0110110111:20 10:0110110111:20 10:0110110111:20 10:0110110111:20 10:0110110111:20 10:0110110111:20 10:0110110111:20 10:0110110111:20 10:0110110111:20 10:0110110111:20 10:0110110111:20 10:0110110111:20 10:0110110111:20 10:0110110111:20 10:0110110111:20 10:0110110111:20 10:0110110111:20 10:0110110111:20 10:0110110111:20 10:0110110111:20 10:0110110111:20 10:0110110111:20 10:0110110111:20 10:0110110111:20 10:0110110111:20 10:0110110111:20 10:0110110111:20 10:0110110111:20 10:0110110111:20 10:0110110111:20 10:0110110111:20 10:0110110111:20 10:0110110111:20 10:0110110111:20 10:0110110111:20 10:0110110111:20 10:0110110111:20 10:0110110111:20 10:0110110111:20 10:0110110111:20 10:0110110111:20 10:0110110111:20 10:0110110111:20 10:0110110111:20 10:0110110111:20 10:0110110111:20 10:0110110111:20 10:0110110111:20 10:0110110111:20 10:0110110111:20 10:0110110111:20 10:0110110111:20 10:0110110111:20 10:0110110111:20 10:0110110111:20 10:0110110111:20 10:0110110111:20 10:0110110111:20 10:0110110111:20 10:0110110111:20 10:0110110111:20 10:0110110111:20 10:0110110111:20 10:0110110111:20 10:0110110111:20 10:0110110111:20 10:0110110111:20 10:0110110111:20 10:0110110111:20 10:0110110111:20 10:0110110111:20 10:0110110111:20 10:0110110111:20 10:0110110111:20 10:0110110111:20 10:0110110111:20 10:0110110111:20 10:0110110111:20 10:0110110111:20 10:0110110111:20 10:0110110111:20 10:0110110111:20 10:0110110111:20 10:0110110111:20 10:0110110111:20 10:0110110111:20 10:0110110111:20 10:0110110111:20 10:0110110111:20 10:0110110111:20 10:0110110111:20 10:0110110111:20 10:0110110111:20 10:0110110111:20 10:0110110111:20 10:0110110111:20 10:0110110111:20 10:0110110111:20 10:0110110111:20 10:0110110111:20 10:0110110111:20 10:0110110111:20 10:0110110111:20 10:0110110111:20 10:0110110111:20 10:0110110111:20 10:0110110111:20 10:0110110111:20 10:0110110111:20 10:0110110111:20 10:0110110111:20 10:0110110111:20 10:0110110111:20 10:0110110111:20 10:0110110111:20 10:0110110111:20 10:0110110111:20 10:0110110111:20 10:0110110111:20 10:0110110111:20 10:0110110111:20 10:0110110111:20 10:0110110111:20 10:0110110111:20 10:0110110111:20 10:0110110111:20 10:0110110111:20 10:0110110111:20 10:0110110111:20 10:0110110111:20 10:0110110111:20 10:0110110111:20 10:0110110111:20 10:0110110111:20 10:0110110111:20 10:0110110111:20 10:0110110111:20 10:0110110111:20 10:0110110111:20 10:0110110111:20 10:0110110111:20 10:0110110111:20 10:0110110111:20 10:0110110111:20 10:0110110111:20 10:0110110111:20 10:0110110111:20 10:0110110111:20 10:0110110111:20 10:0110110111:20 10:0110110111:20 10:0110110111:20 10:0110110111:20 10:0110110111:20 10:0110110111:20 10:0110110111:20 10:0110110111:20 10:0110110111:20 10:0110110111:20 10:0110110111:20 10:0110110111:20 10:0110110111:20 10:0110110111:20 10:0110110111:20 10:0110110111:20 10:0110110111:20 10:0110110111:20 10:0110110111:20 10:0110110111:20 10:0110110111:20 10:0110110111:20 10:0110110111:20 10:0110110111:20 10:0110110111:20 10:0110110111:20 10:0110110111:20 10:0110110111:20 10:0110110111:20 10:0110110111:20 10:0110110111:20 10:0110110111:20 10:0110110111:20 10:0110110111:20 10:0110110111:20 10:0110110111:20 10:0110110111:20 10:0110110111:20 10:0110110111:20 10:0110110111:20 10:0110110111:20 10:0110110111:20 10:0110110111:20 10:0110110111:20 10:0110110111:20 10:0110110111:20 10:0110110111:20 10:0110110111:20 10:0110110111:20 10:0110110111:20 10:0110110111:20 10:0110110111:20 10:0110110111:20 10:0110110111:20 10:0110110111:20 10:0110110111:20 10:0110110111:20 10:0110110111:20 10:0110110111:20 10:0110110111:20 10:0110110111:20 10:0110110111:20 10:0110110111:20 10:0110110111:20 10:0110110111:20 10:0110110111:20 10:0110110111:20 10:0110110111:20 10:0110110111:20
1RB1RA_0LC1RC_1LD0RB_0RA1LC	228	494	1062	0.334	0.336	0.334	LR	1.00	1.00	cube	sweepctr	-	3	2	2	1:1:95 2:01:384 1:1:581
1RB1RA_0LC1RC_1LD0RB_1RA1LC	226	492	1060	0.336	0.337	0.336	LR	1.00	2.00	cube	sweepctr	-	3	2	1	1:1:92 2:01:576 1:1:391
1RB1RA_0RC---_1LC1LD_0RA0LD	52	61	70	0.065	0.000	0.067	R	1.00	0.65	log	counter	-	2	2	31	1:0:18 1:1:21
1RB1RA_0RC0LA_1LC0LD_0RA0LC	36	42	48	0.062	0.000	0.066	R	28670.50	0.96	log	counter	-	1	1	30	8:00111111:18
1RB1RA_0RC0LD_1RD1RA_1LB1LD	1292	4083	12913	0.500	0.500	0.500	LR	1.00	0.65	sqrt	bouncer	sqrt+sqrt	1	1	6	1:1:12907
1RB1RA_0RC0RA_0LC0LD_1LA1LC	35	41	47	0.064	0.069	0.000	L	24572.50	1.91	log	counter	-	1	1	22	12:010101010111:25
1RB1RA_0RC0RA_1LC0LD_1LA1LC	1746	5492	17340	0.499	0.062	0.501	LR	1.00	0.01	sqrt	bouncer_part	sqrt+log	2	1	23	3:011:173 3:011:17144
1RB1RA_0RC1LD_1LC0LA_0LC0RD	180	390	840	0.335	0.338	0.333	LR	1.00	1.99	cube	sweepctr	-	2	2	6	1:0:205 1:1:629
1RB1RA_0RC1LD_1RD0RA_1LB0LD	66	82	94	0.077	0.000	0.080	R	1.00	0.48	log	counter	-	3	1	30	8:00001111:16 8:00001111:24 8:00001111:24
1RB1RA_1LB0LC_0RD0LD_0RA1LD	287	619	1337	0.334	0.000	0.335	R	217469.50	0.00	cube	sweepctr	-	3	2	2	1:0:668 1:1:501 1:1:166
1RB1RA_1LB0LC_1RD0LD_0RA1LD	287	619	1337	0.334	0.000	0.335	R	217469.50	0.00	cube	sweepctr	-	3	1	3	1:1:667 1:1:501 1:1:166
1RB1RA_1LB1LC_0RA0LD_---0LC	35	43	49	0.073	0.000	0.077	R	32766.50	0.98	log	counter	-	0	0	49	-
1RB1RA_1LB1LC_1RD0LC_0RD0LA	19	23	26	0.068	0.075	0.000	L	2.00	1.92	log	counter	-	0	0	26	-
1RB1RA_1LC---_---1LD_0RA0LD	35	43	49	0.073	0.000	0.077	R	32766.50	0.98	log	counter	-	0	0	49	-
1RB1RA_1LC---_0RA0LD_0RB0LC	27	31	37	0.068	0.000	0.073	R	10944.50	0.97	log	counter	-	0	0	37	-
1RB1RA_1LC0LB_1RD0LC_0RD1LA	21	24	28	0.062	0.068	0.000	L	2.00	0.11	log	counter	-	0	0	28	-
1RB1RA_1LC0LB_1RD1LB_1RA0RD	65	81	93	0.078	0.083	0.075	LR	32766.50	0.48	log	counter	-	1	1	68	12:000000000101:25
1RB1RA_1LC0LD_---1LD_0RA0LB	35	43	49	0.073	0.000	0.077	R	32766.50	0.98	log	counter	-	0	0	49	-
1RB1RA_1LC0LD_0RA0LB_0RB1LD	113	245	530	0.336	0.000	0.340	R	1.00	3.98	cube	sweepctr	-	2	1	3	1:1:268 1:1:259
1RB1RA_1LC0LD_0RA0LC_0RA1LD	19	22	25	0.060	0.000	0.066	R	2.00	3.71	log	counter	-	0	0	25	-
1RB1RA_1LC0LD_0RA0LC_0RB1LD	18	22	25	0.071	0.000	0.079	R	2.00	3.71	log	counter	-	0	0	25	-
1RB1RA_1LC0LD_0RB0LC_0RA1LD	18	22	25	0.071	0.000	0.079	R	2.00	3.71	log	counter	-	0	0	25	-
1RB1RA_1LC0LD_1LD0LB_1RA0RA	872	2742	8663	0.499	0.497	0.500	LR	3139.05	0.42	sqrt	bouncer_part	sqrt+sqrt	2	2	7	3:011:3664 6:010111:4992
1RB1RA_1LC0LD_1RA0LB_1LC0RC	985	3839	9496	0.492	0.499	0.064	LR	0.08	0.01	sqrt	bouncer_part	sqrt+log	3	2	5	2:01:1403 2:01:2504 1:1:5584
1RB1RA_1LC0LD_1RA0LB_1RD0RA	953	3016	9529	0.500	0.500	0.500	LR	1.00	0.68	sqrt	bouncer	sqrt+sqrt	3	3	1	14:00111101111011:1424 9:010110111:21 14:01011010110111:8083
1RB1RA_1LC0RA_0LC1LD_1RB1LC	1738	5484	17330	0.499	0.073	0.501	LR	8650.50	0.01	sqrt	bouncer_part	sqrt+log	10	2	25	9:011111111:22 1:1:34 1:1:68 1:1:135 1:1:271 1:1:541 1:1:1082 1:1:2164 1:1:4329 1:1:8659
1RB1RA_1LC0RA_0LD1LD_1RB1LC	1746	5494	17339	0.498	0.048	0.501	LR	8648.50	0.01	sqrt	bouncer_part	sqrt+log	11	2	15	7:0111111:16 1:1:19 1:1:34 1:1:69 1:1:136 1:1:272 1:1:541 1:1:1084 1:1:2165 1:1:4330 1:1:8658
1RB1RA_1LC0RA_0RA1LD_0LC0LD	1017	3183	10025	0.497	0.501	0.076	LR	1.00	0.01	sqrt	bouncer_part	sqrt+log	2	1	27	2:01:41 2:01:9957
1RB1RA_1LC0RA_0RB1LD_0LB1LC	1737	5485	17331	0.500	0.067	0.501	LR	8649.50	0.01	sqrt	bouncer_part	sqrt+log	10	2	29	9:011111111:22 1:1:33 1:1:67 1:1:135 1:1:270 1:1:541 1:1:1082 1:1:2164 1:1:4329 1:1:8659
1RB1RA_1LC0RA_1LA1LD_0LB0LD	1251	3929	12394	0.498	0.501	0.055	LR	1.00	0.01	sqrt	bouncer_part	sqrt+log	3	2	9	7:0111111:8844 7:0111111:3519 10:0000111111:22
1RB1RA_1LC0RA_1LA1LD_0LC0LD	1748	5494	17342	0.498	0.500	0.060	LR	1.00	0.01	sqrt	bouncer_part	sqrt+log	1	1	25	2:01:17317
1RB1RA_1LC0RA_1RA0LD_0LC1LB	946	2950	9284	0.496	0.501	0.050	LR	2.60	0.01	sqrt	bouncer_part	sqrt+log	3	2	4	3:011:1756 3:011:7499 12:000000010001:25
1RB1RA_1LC0RB_0LA1LD_1LA0LC	100010	1000010	10000010	1.000	1.000	0.000	L	1.67	0.00	lin	linear	-	-	-	-	wide
1RB1RA_1LC0RB_0LC0LD_1RA1LD	1009	3173	10013	0.498	0.500	0.073	LR	1.00	0.01	sqrt	bouncer_part	sqrt+log	1	1	15	1:1:9998
1RB1RA_1LC0RB_0LC1LD_0RA1RB	21	24	27	0.055	0.000	0.060	R	2.00	1.73	log	counter	-	0	0	27	-
1RB1RA_1LC0RB_1LA0LD_0RA0LD	51	60	69	0.066	0.000	0.068	R	0.20	0.66	log	counter	-	3	3	11	6:000001:20 3:001:20 9:000001001:18
1RB1RA_1LC0RB_1LD1RC_0LC0LA	34	41	47	0.070	0.000	0.072	R	1.41	1.98	log	counter	-	0	0	47	-
1RB1RA_1LC0RC_1RA0LD_0LC1LD	1428	4489	14162	0.498	0.500	0.073	LR	14120.50	0.00	sqrt	bouncer_part	sqrt+log	2	2	22	3:011:9786 3:001:4354
1RB1RA_1LC0RD_0RA0LB_1LB0LC	313	677	1469	0.336	0.334	0.337	LR	136.90	1.00	cube	sweepctr	-	2	2	2	1:1:403 2:01:1064
1RB1RA_1LC0RD_0RA0LB_1LB1RB	313	681	1469	0.336	0.334	0.337	LR	182.46	1.00	cube	sweepctr	-	2	2	2	1:1:939 2:01:528
1RB1RA_1LC0RD_0RA0LC_1LD1LC	34	40	46	0.066	0.000	0.069	R	1.00	1.31	log	counter	-	0	0	46	-
1RB1RA_1LC0RD_0RA1LB_0LB0LC	201	431	929	0.332	0.000	0.335	R	44264.36	1.00	cube	sweepctr	-	3	2	2	1:1:554 2:01:44 1:1:329
1RB1RA_1LC0RD_0RA1LB_0LB1RB	227	493	1061	0.335	0.000	0.337	R	54287.30	1.00	cube	sweepctr	-	3	2	2	1:1:90 2:01:240 1:1:729
1RB1RA_1LC0RD_0RA1LB_0LD0LC	199	429	927	0.334	0.000	0.337	R	44198.93	1.00	cube	sweepctr	-	3	2	3	1:1:270 2:01:87 1:1:567
1RB1RA_1LC0RD_0RA1LB_0LD1RB	227	491	1061	0.335	0.000	0.337	R	54391.10	1.00	cube	sweepctr	-	3	2	2	1:1:444 2:01:548 1:1:67
1RB1RA_1LC0RD_1LA0LB_1LB0RC	1311	4141	13093	0.500	0.500	0.500	LR	1.00	0.73	sqrt	bouncer	sqrt+sqrt	2	1	6	1:1:4524 1:1:8563
1RB1RA_1LC0RD_1RA0LB_1LB0RA	1430	4492	14164	0.498	0.055	0.501	LR	10588.50	0.01	sqrt	bouncer_part	sqrt+log	10	2	38	16:0111111111111111:38 1:1:57 1:1:110 1:1:220 1:1:443 1:1:885 1:1:1766 1:1:1830 1:1:1708 1:1:7069
1RB1RA_1LC0RD_1RA1LB_0LB1RB	287	619	1339	0.334	0.336	0.334	LR	84499.50	0.50	cube	sweepctr	-	3	2	1	1:1:715 2:01:58 1:1:565
1RB1RA_1LC0RD_1RA1LB_0LD1RB	287	619	1335	0.334	0.336	0.333	LR	84109.50	0.50	cube	sweepctr	-	3	2	1	1:1:21 2:01:466 1:1:847
1RB1RA_1LC1LA_---0LD_0RA0LC	35	41	49	0.073	0.000	0.077	R	40958.50	0.98	log	counter	-	0	0	49	-
1RB1RA_1LC1LA_0LC0LD_0RA0RC	35	41	47	0.064	0.000	0.067	R	24573.50	0.98	log	counter	-	0	0	47	-
1RB1RA_1LC1LB_0RA0LD_1LA0LC	137261	1372555	13725496	1.000	1.000	0.000	L	0.33	0.00	lin	linear	-	-	-	-	wide
1RB1RA_1LC1LB_0RD0LC_0LB0RA	34	40	48	0.075	0.000	0.081	R	45052.50	1.89	log	counter	-	1	1	31	4:0001:17
1RB1RA_1LC1LB_0RD0LC_1LB0RA	34	40	46	0.066	0.000	0.071	R	26593.50	0.96	log	counter	-	0	0	46	-
1RB1RA_1LC1LB_0RD0LC_1RA0RA	34	40	48	0.075	0.000	0.081	R	45023.50	0.96	log	counter	-	2	2	14	1:1:17 4:0001:17
1RB1RA_1LC1LB_0RD0LC_1RB0RA	34	42	48	0.075	0.000	0.081	R	36860.50	1.89	log	counter	-	0	0	48	-
1RB1RA_1LC1LB_0RD0LD_0RA0LC	34	40	48	0.075	0.000	0.081	R	40956.50	1.89	log	counter	-	1	1	28	10:0001000101:20
1RB1RA_1LC1LB_0RD1LD_0RA0LC	228	492	1060	0.334	0.000	0.336	R	271434.50	1.00	cube	sweepctr	-	2	2	3	1:1:969 2:01:88
1RB1RA_1LC1LD_0RA0LC_0RA1LD	33	41	47	0.077	0.000	0.081	R	32764.50	1.93	log	counter	-	0	0	47	-
1RB1RA_1LC1LD_0RB0LC_0RA1LB	33	39	45	0.067	0.000	0.071	R	24546.50	0.98	log	counter	-	1	1	20	12:000000010001:25
1RB1RA_1LC1LD_0RB0LC_0RA1LD	33	39	45	0.067	0.000	0.071	R	24546.50	0.98	log	counter	-	1	1	20	12:000000010001:25
1RB1RA_1LC1LD_0RD0LC_1LB0RA	52	62	74	0.077	0.000	0.081	R	337946.50	0.97	log	counter	-	0	0	74	-
1RB1RA_1LC1LD_1LA0LB_0RC0RA	983	3840	9494	0.492	0.499	0.064	LR	0.05	0.01	sqrt	bouncer_part	sqrt+log	3	2	10	2:01:234 2:01:3675 1:1:5575
1RB1RA_1LC1LD_1RA0LB_0RC0RA	985	3839	9493	0.492	0.499	0.064	LR	0.20	0.01	sqrt	bouncer_part	sqrt+log	3	2	5	2:01:3144 2:01:765 1:1:5579
1RB1RA_1LC1RC_0RA1LD_1LB0LC	1623	5135	16248	0.500	0.500	0.501	LR	39840.50	0.63	sqrt	bouncer	sqrt+sqrt	3	3	4	5:01111:7128 5:01011:5366 3:011:3750
1RB1RA_1LC1RC_0RA1LD_1LC0LC	1120	3537	11169	0.499	0.499	0.500	LR	1.00	0.48	sqrt	bouncer_part	sqrt+sqrt	208	3	658	11:01101101111:58 11:01101101111:49 11:01101101111:49 11:01101101111:49 11:01101101111:49 11:01101101111:49 11:01101101111:49 11:01101101111:49 11:01101101111:49 11:01101101111:49 11:01101101111:49 11:01101101111:49 11:01101101111:49 11:01101101111:49 11:01101101111:49 11:01101101111:49 11:01101101111:49 11:01101101111:49 11:01101101111:49 11:01101101111:49 11:01101101111:49 11:01101101111:49 11:01101101111:49 11:01101101111:49 11:01101101111:49 11:01101101111:49 11:01101101111:49 11:01101101111:49 11:01101101111:49 11:01101101111:49 11:01101101111:49 11:01101101111:49 11:01101101111:49 11:01101101111:49 11:01101101111:49 11:01101101111:49 11:01101101111:49 11:01101101111:49 11:01101101111:49 11:01101101111:49 11:01101101111:49 11:01101101111:49 11:01101101111:49 11:01101101111:49 11:01101101111:49 11:01101101111:49 11:01101101111:49 11:01101101111:49 11:01101101111:49 11:01101101111:49 11:01101101111:49 11:01101101111:49 11:01101101111:49 11:01101101111:49 11:01101101111:49 11:01101101111:49 11:01101101111:49 11:01101101111:49 11:01101101111:49 11:01101101111:49 11:01101101111:49 11:01101101111:49 11:01101101111:49 11:01101101111:49 11:01101101111:49 11:01101101111:49 11:01101101111:49 11:01101101111:49 11:01101101111:49 11:01101101111:49 11:01101101111:49 11:01101101111:49 11:01101101111:49 11:01101101111:49 11:01101101111:49 11:01101101111:49 11:01101101111:49 11:01101101111:49 11:01101101111:49 11:01101101111:49 11:01101101111:49 11:01101101111:49 11:01101101111:49 11:01101101111:49 11:01101101111:49 11:01101101111:49 11:01101101111:49 11:01101101111:49 11:01101101111:49 11:01101101111:49 11:01101101111:49 11:01101101111:49 11:01101101111:49 11:01101101111:49 11:01101101111:49 11:01101101111:49 11:01101101111:49 11:01101101111:49 11:01101101111:49 11:01101101111:49 11:01101101111:49 11:01101101111:49 11:01101101111:49 11:01101101111:49 11:01101101111:49 11:01101101111:49 11:01101101111:49 11:01101101111:49 11:01101101111:49 11:01101101111:49 11:01101101111:49 11:01101101111:49 11:01101101111:49 11:01101101111:49 11:01101101111:49 11:01101101111:49 11:01101101111:49 11:01101101111:49 11:01101101111:49 11:01101101111:49 11:01101101111:49 11:01101101111:49 11:01101101111:49 11:01101101111:49 11:01101101111:49 11:01101101111:49 11:01101101111:49 11:01101101111:49 11:01101101111:49 11:01101101111:38 10:0110110111:24 11:01010110111:44 11:01010110111:54 11:01010110111:54 11:01010110111:54 11:01010110111:54 11:01010110111:54 11:01010110111:54 11:01010110111:54 11:01010110111:54 11:01010110111:54 11:01010110111:54 11:01010110111:54 11:01010110111:54 11:01010110111:54 11:01010110111:54 11:01010110111:54 11:01010110111:54 11:01010110111:54 11:01010110111:54 11:01010110111:54 11:01010110111:54 11:01010110111:54 11:01010110111:54 11:01010110111:54 11:01010110111:54 11:01010110111:54 11:01010110111:54 11:01010110111:54 11:01010110111:54 11:01010110111:54 11:01010110111:54 11:01010110111:54 11:01010110111:54 11:01010110111:54 11:01010110111:54 11:01010110111:54 11:01010110111:54 11:01010110111:54 11:01010110111:54 11:01010110111:54 11:01010110111:54 11:01010110111:54 11:01010110111:54 11:01010110111:54 11:01010110111:54 11:01010110111:54 11:01010110111:54 11:01010110111:54 11:01010110111:54 11:01010110111:54 11:01010110111:54 11:01010110111:54 11:01010110111:54 11:01010110111:54 11:01010110111:54 11:01010110111:54 11:01010110111:54 11:01010110111:54 11:01010110111:54 11:01010110111:54 11:01010110111:54 11:01010110111:54 11:01010110111:54 11:01010110111:54 11:01010110111:54 11:01010110111:54 11:01010110111:54 11:01010110111:54 11:01010110111:54 11:01010110111:54 11:01010110111:54 11:01010110111:54 11:01010110111:54 11:01010110111:54 11:01010110111:54 11:01010110111:54 11:01010110111:25
1RB1RA_1LC1RD_0RA0LC_0LA---	35	41	49	0.073	0.000	0.077	R	13652.50	0.98	log	counter	-	0	0	49	-
1RB1RA_1LC1RD_0RA0LC_1LA---	51	60	69	0.066	0.000	0.068	R	0.33	0.66	log	counter	-	2	2	28	1:0:20 3:001:21
1RB1RA_1RC---_1LD0LA_0RA0LD	36	42	48	0.062	0.000	0.066	R	24574.50	0.96	log	counter	-	0	0	48	-
1RB1RA_1RC---_1LD1LA_0RA0LD	52	61	70	0.065	0.000	0.067	R	1.00	0.65	log	counter	-	2	2	23	12:000001001001:29 9:000001001:18
1RB1RA_1RC---_1LD1LA_0RB0LD	49	58	67	0.068	0.000	0.070	R	1.00	0.65	log	counter	-	3	2	15	6:000001:17 6:000001:17 3:001:18
1RB1RA_1RC0LD_1LD0LA_0RA0LB	36	42	48	0.062	0.000	0.066	R	24574.50	0.96	log	counter	-	0	0	48	-
1RB1RA_1RC0RA_1LD1LC_0RB0LD	47	56	68	0.080	0.000	0.085	R	1.00	0.64	log	counter	-	2	2	25	1:0:17 6:000001:26
1RB1RA_1RC0RB_1LC1LD_0LD0LA	36	42	50	0.071	0.000	0.075	R	40958.50	0.96	log	counter	-	0	0	50	-
1RB1RA_1RC0RC_1LD0RB_0RA0LC	155560	1555560	15555560	1.000	0.000	1.000	R	1.00	0.00	lin	linear	-	-	-	-	wide
1RB1RA_1RC1RD_1LD0LD_0RA1LC	1693	5343	16903	0.500	0.500	0.500	LR	1.00	0.46	sqrt	bouncer_part	sqrt+sqrt	3	3	6	11:01101101111:3958 11:01010110111:5331 6:010111:7608
1RB1RB_0LC0RC_0LD1RC_1RA1LD	228	494	1062	0.334	0.334	0.336	LR	1.00	1.00	cube	sweepctr	-	2	1	2	1:1:620 1:1:440
1RB1RB_0LC0RD_1RA1LC_0LA1RD	181	391	842	0.334	0.336	0.000	L	1.00	2.00	cube	sweepctr	-	2	1	2	1:1:642 1:1:198
1RB1RB_0LC0RD_1RA1LC_0LC1RD	228	494	1062	0.334	0.334	0.336	LR	1.00	1.00	cube	sweepctr	-	2	1	2	1:1:622 1:1:438
1RB1RB_0LC0RD_1RB1LC_0LA1RD	144	310	669	0.334	0.336	0.000	L	1.00	2.00	cube	sweepctr	-	2	1	2	1:1:169 1:1:498
1RB1RB_0LC0RD_1RD1LC_0LA1RA	49	58	68	0.071	0.076	0.066	LR	1.42	1.31	log	counter	-	2	2	33	6:011111:17 1:1:18
1RB1RB_0LC0RD_1RD1LC_0LD1RA	49	58	68	0.071	0.076	0.066	LR	1.42	1.31	log	counter	-	2	1	33	6:011111:18 6:011111:17
1RB1RB_0LC1RD_1RA1LC_0LC0RA	48	58	69	0.079	0.081	0.079	LR	1.43	1.32	log	counter	-	1	1	46	9:011011111:23
1RB1RB_0RC0LA_1LC1LD_1RA0LB	1062	3355	10608	0.500	0.500	0.499	LR	1.00	0.88	sqrt	bouncer	sqrt+sqrt	1	1	0	1:1:10608
1RB1RB_0RC1RA_1LC0LD_0RA0LC	36	42	50	0.071	0.000	0.075	R	40958.50	0.96	log	counter	-	0	0	50	-
1RB1RB_1LA1LC_1RD0LC_0RD0LA	19	22	26	0.068	0.075	0.000	L	2.00	2.00	log	counter	-	0	0	26	-
1RB1RB_1LC0LA_1RD0LC_0RD1LA	19	22	26	0.068	0.075	0.000	L	2.00	1.92	log	counter	-	0	0	26	-
1RB1RB_1LC0LD_1RC0LB_1RD0RA	43835	438257	4382478	1.000	1.000	0.000	L	3.00	0.00	lin	linear	-	-	-	-	wide
1RB1RB_1LC0RB_0LD1LA_0LD1RA	20	23	26	0.057	0.000	0.062	R	2.00	1.88	log	counter	-	0	0	26	-
1RB1RB_1LC0RB_1LD1LA_0LC0RA	34	41	47	0.070	0.000	0.076	R	1.50	0.98	log	counter	-	0	0	47	-
1RB1RB_1LC0RD_1RD0LB_1LB1RA	1472	5015	16637	0.527	0.080	0.529	LR	9.00	0.01	sqrt	bouncer_part	sqrt+log	3	2	2	3:011:7940 3:011:7526 1:1:1169
1RB1RB_1LC1RA_0LC0LD_0RA0RB	35	41	49	0.073	0.000	0.077	R	40957.50	0.98	log	counter	-	0	0	49	-
1RB1RB_1LC1RB_---0LD_0RA1LD	145	311	670	0.332	0.000	0.335	R	1.00	2.00	cube	sweepctr	-	2	1	2	1:1:501 1:1:167
1RB1RB_1LC1RB_1RA0LD_0RC1LD	144	310	669	0.334	0.000	0.336	R	1.00	2.00	cube	sweepctr	-	2	1	2	1:1:494 1:1:173
1RB1RB_1LC1RC_0RA1LD_1RC0LD	1051	3295	10379	0.497	0.502	0.077	LR	2006.83	0.01	sqrt	bouncer_part	sqrt+log	6	1	47	3:011:5291 3:011:2462 3:011:1939 3:011:486 3:011:123 3:011:31
1RB1RB_1RC0RB_1LD0RA_1RA0LC	1925	6315	18859	0.496	0.088	0.497	LR	5094.50	0.01	sqrt	bouncer_part	sqrt+log	3	1	2	2:01:13735 2:01:4840 2:01:282
1RB1RB_1RC1LB_1LA0RD_0LC1RD	143	309	668	0.335	0.340	0.000	L	1.00	1.99	cube	sweepctr	-	2	1	2	1:1:179 1:1:487
1RB1RB_1RC1LC_1LD0RA_1LB0LB	1752	5499	17349	0.498	0.057	0.501	LR	1.00	0.01	sqrt	bouncer_part	sqrt+log	4	3	4	9:000001001:18 6:000001:18 3:011:201 3:011:17108
1RB1RC_0LA0RB_0LD0RC_1LD1LA	18	22	25	0.071	0.079	0.000	L	2.00	3.83	log	counter	-	0	0	25	-
1RB1RC_0LA0RB_0LD1LD_1RA1LC	36	42	48	0.062	0.066	0.000	L	28670.50	1.02	log	counter	-	1	1	32	8:00111111:16
1RB1RC_0LA0RB_0LD1RA_1LA1LD	34	40	46	0.066	0.069	0.000	L	24572.50	1.96	log	counter	-	0	0	46	-
1RB1RC_0LA0RB_0LD1RC_1LA1LD	34	40	46	0.066	0.069	0.000	L	24572.50	1.96	log	counter	-	0	0	46	-
1RB1RC_0LA0RC_0LD0RB_1LD1LA	32	38	46	0.079	0.083	0.000	L	835.28	2.93	log	counter	-	0	0	46	-
1RB1RC_0LA0RC_1LD0LD_0RB1LA	18	22	25	0.071	0.079	0.000	L	2.00	2.00	log	counter	-	0	0	25	-
1RB1RC_0LA1LA_1LD0RC_0LD0RB	18	22	25	0.071	0.000	0.075	R	2.00	2.21	log	counter	-	0	0	25	-
1RB1RC_0LA1LD_1LA0RC_0LD0RB	18	22	25	0.071	0.000	0.075	R	2.00	2.04	log	counter	-	0	0	25	-
1RB1RC_0LA1RA_0LD0RB_1RB1LD	49	58	68	0.071	0.076	0.066	LR	1.42	1.34	log	counter	-	2	1	33	6:011111:18 6:011111:17
1RB1RC_0LA1RA_1LC0LD_0RA0LC	35	41	49	0.073	0.000	0.077	R	40958.50	1.02	log	counter	-	0	0	49	-
1RB1RC_0LA1RA_1LD---_0RA0LD	35	41	49	0.073	0.000	0.077	R	40958.50	1.02	log	counter	-	0	0	49	-
1RB1RC_0LA1RB_0LD0RB_1RA1LD	181	390	842	0.334	0.336	0.000	L	1.00	2.00	cube	sweepctr	-	2	1	2	1:1:638 1:1:202
1RB1RC_0LA1RB_0LD0RB_1RC1LD	144	310	669	0.334	0.336	0.000	L	1.00	2.00	cube	sweepctr	-	2	1	2	1:1:168 1:1:499
1RB1RC_0LA1RC_0LD0RB_1RB1LD	34	40	47	0.070	0.074	0.000	L	1.45	2.00	log	counter	-	1	1	29	8:01011111:18
1RB1RC_0LB1LA_1LD0RC_0RA1LB	37	43	49	0.061	0.000	0.066	R	10239.17	0.98	log	counter	-	0	0	49	-
1RB1RC_0LC---_1RA1LD_0RA0LD	35	43	49	0.073	0.000	0.077	R	32766.50	0.98	log	counter	-	0	0	49	-
1RB1RC_0LC0LB_1RD1LB_0RA0LA	1430	4491	14164	0.498	0.501	0.055	LR	14121.50	0.00	sqrt	bouncer_part	sqrt+log	3	3	6	3:011:13728 3:001:410 9:000000101:20
1RB1RC_0LC0LB_1RD1LB_0RA0RB	1430	4491	14164	0.498	0.501	0.055	LR	14121.50	0.00	sqrt	bouncer_part	sqrt+log	3	3	6	3:011:13728 3:001:410 9:000000101:20
1RB1RC_0LC0LB_1RD1LB_0RA0RD	1431	4492	14165	0.498	0.501	0.048	LR	14118.50	0.00	sqrt	bouncer_part	sqrt+log	3	3	12	3:011:2771 3:001:11365 8:00100101:17
1RB1RC_0LC0LB_1RD1LB_0RA1RC	1602	5028	15841	0.498	0.501	0.055	LR	11841.50	0.01	sqrt	bouncer_part	sqrt+log	6	2	43	3:011:7307 3:001:4546 3:001:2965 3:001:744 3:001:187 3:001:49
1RB1RC_0LC0LB_1RD1LB_0RA1RD	1430	4491	14164	0.498	0.501	0.055	LR	14121.50	0.00	sqrt	bouncer_part	sqrt+log	3	3	5	3:011:9842 3:001:4297 9:000000101:20
1RB1RC_0LC0LD_1RA0LD_0RC1LB	228	494	1062	0.334	0.336	0.000	L	54287.50	1.00	cube	sweepctr	-	3	2	2	1:1:136 2:01:831 2:01:93
1RB1RC_0LC0RA_1RA0LD_1LC0RA	227	491	1061	0.335	0.336	0.336	LR	1.00	1.99	cube	sweepctr	-	3	2	1	1:1:450 2:01:575 2:01:35
1RB1RC_0LC0RA_1RA1LD_1LA0LC	1468	4526	14196	0.493	0.000	0.494	R	14121.50	0.00	sqrt	bouncer_part	sqrt+fix	4	3	6	2:01:31 10:0101111111:23 1:1:403 2:01:13733
1RB1RC_0LC0RA_1RA1LD_1LA0LD	1172	3670	11570	0.497	0.500	0.060	LR	17287.50	0.01	sqrt	bouncer_part	sqrt+log	2	1	26	2:01:5711 2:01:5833
1RB1RC_0LC0RA_1RB1LD_1LC0LA	256	544	1172	0.330	0.331	0.330	LR	0.33	0.50	cube	sweepctr	-	3	2	4	2:01:135 2:01:679 1:1:354
1RB1RC_0LC0RB_1LD1LC_1LA---	50	59	68	0.067	0.069	0.000	L	1.00	0.66	log	counter	-	2	2	21	3:001:20 12:000001001001:27
1RB1RC_0LC0RB_1RA0LD_1LA1LD	52	62	74	0.077	0.079	0.000	L	337946.50	0.99	log	counter	-	1	1	58	6:000011:16
1RB1RC_0LC1LB_1RD1LA_0LA0RD	35	43	49	0.073	0.077	0.000	L	36862.50	0.96	log	counter	-	1	1	31	8:00001111:18
1RB1RC_0LC1RC_0RA1LD_1RC0LD	1388	4384	13868	0.500	0.500	0.500	LR	3989.39	0.52	sqrt	bouncer	sqrt+sqrt	3	2	17	5:01011:6779 5:00101:7055 5:00101:17
1RB1RC_0RC---_0LD0RB_0LA1LD	35	41	49	0.073	0.079	0.000	L	40958.50	0.96	log	counter	-	0	0	49	-
1RB1RC_0RC0LA_1LC0LD_1RB1LB	58830	588241	5882358	1.000	1.000	0.000	L	0.78	0.00	lin	linear	-	-	-	-	wide
1RB1RC_0RC0LC_1LA0RD_1LC0RB	44	53	63	0.078	0.000	0.079	R	1.00	1.31	log	counter	-	2	2	25	1:1:17 3:011:21
1RB1RC_0RC0LD_1LD0RB_1LA1LA	34	42	48	0.075	0.000	0.077	R	32764.50	1.04	log	counter	-	0	0	48	-
1RB1RC_0RC0RB_0LD1LA_1LD0LA	1537	5121	14337	0.485	0.452	0.539	LR	1.49	0.00	sqrt	bouncer_part	sqrt+sqrt	8	2	9	1:1:4864 1:0:248 1:0:546 1:1:227 1:0:251 1:1:1024 1:0:1024 1:1:6144
1RB1RC_0RC1RA_0LD0RB_1LD0LA	34	42	48	0.075	0.083	0.000	L	6962.50	0.98	log	counter	-	0	0	48	-
1RB1RC_0RC1RA_1LD0RB_0LD1LA	65335	653278	6532673	1.000	0.000	1.000	R	1.00	0.00	lin	linear	-	-	-	-	wide
1RB1RC_0RC1RB_0LD0RB_1LD0LA	63	75	87	0.070	0.073	0.069	LR	162.19	0.51	log	counter	-	0	0	87	-
1RB1RC_0RC1RD_0LD0RB_1LD0LA	34	42	48	0.075	0.083	0.000	L	6552.90	0.98	log	counter	-	0	0	48	-
1RB1RC_1LA0LA_0RC1LD_0RB0LD	18	22	25	0.071	0.079	0.000	L	2.00	2.00	log	counter	-	0	0	25	-
1RB1RC_1LA0LA_1LD0RC_0LD0RB	18	22	25	0.071	0.000	0.075	R	2.00	1.96	log	counter	-	0	0	25	-
1RB1RC_1LA0LB_0RD0LA_1LB0RC	35	41	47	0.064	0.000	0.066	R	24573.50	1.07	log	counter	-	0	0	47	-
1RB1RC_1LA0LB_0RD0RD_1LB0RC	35	41	49	0.073	0.000	0.075	R	40957.50	1.02	log	counter	-	0	0	49	-
1RB1RC_1LA0LB_1LD0RC_0RA1LB	36	42	48	0.062	0.000	0.064	R	9556.17	1.00	log	counter	-	1	1	30	8:00111111:18
1RB1RC_1LA0LB_1LD0RD_1LB0RC	24	28	32	0.062	0.000	0.065	R	3.00	1.97	log	counter	-	0	0	32	-
1RB1RC_1LA0LB_1RD0RC_1LB0RD	49	61	70	0.077	0.000	0.079	R	0.20	0.68	log	counter	-	2	2	21	15:000001000001001:31 6:000001:18
1RB1RC_1LA0LB_1RD0RC_1LB1LC	36	42	48	0.062	0.000	0.064	R	28669.50	1.00	log	counter	-	1	1	29	8:00010101:19
1RB1RC_1LA0LB_1RD0RC_1LD1LB	36	42	48	0.062	0.000	0.064	R	24573.50	1.00	log	counter	-	0	0	48	-
1RB1RC_1LA0LD_1LB0RC_---1LA	19	23	26	0.068	0.000	0.071	R	2.00	1.96	log	counter	-	0	0	26	-
1RB1RC_1LA0LD_1LB0RC_0LB0RD	19	22	26	0.068	0.000	0.071	R	2.00	1.96	log	counter	-	0	0	26	-
1RB1RC_1LA0LD_1LB0RC_0RA0LB	20	24	27	0.065	0.000	0.071	R	2.00	1.88	log	counter	-	1	1	11	7:0000001:16
1RB1RC_1LA0LD_1LB0RD_0RC1LA	34	42	48	0.075	0.000	0.077	R	32764.50	1.00	log	counter	-	0	0	48	-
1RB1RC_1LA0RC_0RA1LD_0LC1LD	288	620	1340	0.334	0.332	0.335	LR	1.00	0.50	cube	sweepctr	-	2	1	1	2:01:155 2:01:1184
1RB1RC_1LA0RC_1LD0LA_0RB0LD	18	22	25	0.071	0.079	0.000	L	2.00	2.08	log	counter	-	0	0	25	-
1RB1RC_1LA0RD_1RB1LC_0LB1RD	143	309	668	0.335	0.338	0.000	L	1.00	2.00	cube	sweepctr	-	2	1	2	1:1:176 1:1:490
1RB1RC_1LA1LA_1LD0RC_0LD0RB	19	22	26	0.068	0.000	0.071	R	2.00	1.96	log	counter	-	0	0	26	-
1RB1RC_1LA1LB_1LA0RD_0RC0LC	34	40	48	0.075	0.000	0.077	R	40956.50	1.00	log	counter	-	0	0	48	-
1RB1RC_1LA1LD_0RB0RC_1LB0LB	34	40	46	0.066	0.000	0.067	R	24571.50	1.98	log	counter	-	1	1	29	8:01010111:17
1RB1RC_1LA1LD_0RC0RB_0LD0LA	19	23	26	0.068	0.000	0.071	R	2.00	1.92	log	counter	-	0	0	26	-
1RB1RC_1LA1LD_1LA0RC_0RA0LB	26	30	35	0.065	0.000	0.069	R	1.62	1.91	log	counter	-	1	1	16	9:010101111:19
1RB1RC_1LA1LD_1LB0RC_0RA0LB	34	40	47	0.070	0.000	0.074	R	1.50	1.02	log	counter	-	0	0	47	-
1RB1RC_1LA1RA_---1LD_0RA0LD	35	41	49	0.073	0.000	0.077	R	40958.50	1.02	log	counter	-	0	0	49	-
1RB1RC_1LA1RA_0RC1LD_1LB0LD	50	59	68	0.067	0.069	0.000	L	1.00	0.69	log	counter	-	2	2	31	1:1:19 9:000000111:18
1RB1RC_1LA1RA_1LD0RC_0LD0LB	21	24	28	0.062	0.000	0.071	R	2.00	0.15	log	counter	-	0	0	28	-
1RB1RC_1LB0RA_1LD0RC_0LD0LA	19	23	26	0.068	0.000	0.071	R	2.00	1.96	log	counter	-	0	0	26	-
1RB1RC_1LB1LA_1LD0RC_0LD0RA	20	23	26	0.057	0.000	0.062	R	2.00	1.88	log	counter	-	0	0	26	-
1RB1RC_1LB1LA_1LD0RC_0LD1RA	20	23	26	0.057	0.000	0.062	R	2.00	1.88	log	counter	-	0	0	26	-
1RB1RC_1LB1LA_1RD0LC_0RD0LA	20	23	26	0.057	0.062	0.000	L	2.00	1.84	log	counter	-	0	0	26	-
1RB1RC_1LB1RA_1LD0RC_0LB0LA	227	493	1061	0.335	0.337	0.334	LR	1.00	1.00	cube	sweepctr	-	3	1	4	1:1:313 1:1:432 1:1:312
1RB1RC_1LC---_1LD1RA_0RA0LD	49	61	70	0.077	0.000	0.080	R	3.00	0.68	log	counter	-	1	1	53	6:000001:17
1RB1RC_1LC0LB_0RC1LD_1RA0LD	37	43	49	0.061	0.064	0.000	L	28670.50	0.96	log	counter	-	1	1	33	8:00111111:16
1RB1RC_1LC0LB_0RC1LD_1RA1LA	36	42	50	0.071	0.075	0.000	L	45054.50	0.98	log	counter	-	2	2	18	4:0011:16 8:00111111:16
1RB1RC_1LC0LB_1RD0LB_0RD0LA	36	42	48	0.062	0.066	0.000	L	28670.50	0.98	log	counter	-	1	1	32	8:00111111:16
1RB1RC_1LC0LB_1RD1LA_0RD0LA	35	43	49	0.073	0.077	0.000	L	36862.50	0.96	log	counter	-	1	1	31	8:00001111:18
1RB1RC_1LC0LB_1RD1LB_1RA0RD	37	43	49	0.061	0.069	0.000	L	24574.50	0.92	log	counter	-	0	0	49	-
1RB1RC_1LC0LC_1RD0LB_0LA0RD	925	3109	9826	0.513	0.514	0.000	L	1.00	0.00	sqrt	bouncer_part	sqrt+fix	3	2	15	1:1:2470 1:0:769 1:0:6572
1RB1RC_1LC0LC_1RD0LB_0RD0LA	36	42	48	0.062	0.066	0.000	L	28670.50	0.98	log	counter	-	1	1	32	8:00111111:16
1RB1RC_1LC0LD_1RA0LD_0RC1LB	288	620	1336	0.333	0.334	0.333	LR	421197.50	1.00	cube	sweepctr	-	3	2	1	1:1:972 2:01:159 2:01:204
1RB1RC_1LC0RA_0LB0LD_1LA1LD	323	715	34313	1.013	0.260	1.207	LR	2110.50	0.03	lin	linear	-	3	2	8	1:1:33616 2:01:241 2:01:448
1RB1RC_1LC0RA_1LD0LB_0RB0LC	285	617	1337	0.336	0.332	0.338	LR	0.00	1.00	cube	sweepctr	-	3	1	1	2:01:230 2:01:393 2:01:713
1RB1RC_1LC0RA_1RD0LB_0RA0LA	187504	1875004	18750004	1.000	0.000	1.000	R	1.00	0.00	lin	linear	-	-	-	-	wide
1RB1RC_1LC0RB_1RA0LD_0RA0LC	67	79	91	0.066	0.000	0.068	R	0.67	0.50	log	counter	-	3	3	13	9:000000001:18 16:0000000100010001:36 12:000000010001:24
1RB1RC_1LC0RB_1RA1LD_1RB0LD	73	87	101	0.070	0.071	0.072	LR	0.67	0.44	log	counter	-	3	3	45	8:00000001:17 10:0000010101:20 4:0011:19
1RB1RC_1LC0RC_0RA1LD_0LC1LD	288	620	1340	0.334	0.332	0.335	LR	1.00	0.50	cube	sweepctr	-	2	1	1	2:01:157 2:01:1182
1RB1RC_1LC0RC_1RA0LD_0LC1LD	1428	4489	14159	0.498	0.500	0.040	LR	14120.50	0.00	sqrt	bouncer_part	sqrt+log	2	2	19	3:011:10654 3:001:3486
1RB1RC_1LC0RC_1RA0LD_0RB0LB	2121	6712	21219	0.500	0.062	0.502	LR	1.00	0.01	sqrt	bouncer_part	sqrt+log	12	3	3	8:01101111:16 3:011:24 3:011:44 3:011:87 3:011:167 3:011:331 3:011:665 3:011:1329 3:011:2651 3:011:5299 3:011:6817 3:001:3786
1RB1RC_1LC0RD_0RA1LD_1RC0LD	945	2934	9244	0.495	0.502	0.477	LR	3227.61	0.15	sqrt	bouncer_part	sqrt+sqrt	313	9	1069	5:01111:25 5:01111:30 5:01111:20 11:01011110111:22 5:01111:35 6:010111:23 5:01111:35 6:010111:18 6:010111:17 5:01111:20 5:01111:20 5:01111:20 6:010111:17 6:010111:17 5:01111:20 11:01011110111:39 6:010111:17 5:01111:20 6:010111:17 6:010111:17 5:01111:25 16:0101111011110111:37 11:01011110111:27 5:01111:20 11:01011110111:49 6:010111:29 5:01111:25 5:01111:30 6:010111:17 6:010111:17 11:01011110111:32 5:01111:20 11:01011110111:28 6:010111:17 11:01011110111:27 5:01111:20 5:01111:20 6:010111:29 16:0101111011110111:37 5:01111:25 6:010111:29 5:01111:35 6:010111:17 16:0101111011110111:37 11:01011110111:22 5:01111:25 11:01011110111:27 16:0101111011110111:32 11:01011110111:32 5:01111:20 5:01111:25 6:010111:23 6:010111:23 5:01111:30 11:01011110111:22 6:010111:17 5:01111:25 5:01111:20 5:01111:20 11:01011110111:22 6:010111:17 16:0101111011110111:32 5:01111:30 6:010111:18 6:010111:23 11:01011110111:49 5:01111:25 11:01011110111:22 11:01011110111:27 5:01111:30 6:010111:18 16:0101111011110111:37 5:01111:30 6:010111:24 6:010111:17 11:01011110111:27 11:01011110111:33 6:010111:17 6:010111:29 6:010111:23 5:01111:20 16:0101111011110111:32 5:01111:20 5:01111:30 5:01111:20 16:0101111011110111:32 5:01111:20 16:0101111011110111:32 11:01011110111:22 6:010111:17 11:01011110111:33 5:01111:65 6:010111:23 11:01011110111:32 5:01111:20 6:010111:29 5:01111:20 11:01011110111:22 5:01111:30 6:010111:17 5:01111:25 6:010111:24 16:0101111011110111:32 6:010111:24 5:01111:30 5:01111:20 16:0101111011110111:37 5:01111:35 6:010111:18 6:010111:23 11:01011110111:49 5:01111:25 11:01011110111:22 11:01011110111:27 5:01111:30 6:010111:18 16:0101111011110111:37 5:01111:30 6:010111:24 6:010111:17 11:01011110111:27 11:01011110111:33 6:010111:17 6:010111:29 6:010111:23 5:01111:20 16:0101111011110111:32 5:01111:20 5:01111:30 5:01111:20 16:0101111011110111:32 5:01111:20 16:0101111011110111:32 11:01011110111:22 6:010111:17 11:01011110111:33 5:01111:65 6:010111:23 11:01011110111:32 5:01111:20 6:001111:28 5:00011:20 11:00011001111:22 5:00011:29 6:001111:16 5:00011:25 6:001111:24 16:0001100011001111:32 6:001111:24 5:00011:29 5:00011:19 16:0001100011001111:36 5:00011:34 6:001111:18 6:001111:22 11:00011001111:48 5:00011:24 11:00011001111:22 11:00011001111:27 5:00011:30 6:001111:18 16:0001100011001111:36 5:00011:29 6:001111:24 6:001111:16 11:00011001111:26 11:00011001111:33 6:001111:16 6:001111:28 6:001111:22 5:00011:20 16:0001100011001111:32 5:00011:20 5:00011:29 5:00011:19 16:0001100011001111:32 5:00011:19 16:0001100011001111:32 11:00011001111:22 6:001111:16 11:00011001111:33 5:00011:64 6:001111:22 11:00011001111:31 5:00011:20 6:001111:28 5:00011:20 11:00011001111:22 5:00011:29 6:001111:16 5:00011:25 6:001111:24 16:0001100011001111:32 6:001111:24 5:00011:29 5:00011:19 16:0001100011001111:36 5:00011:34 6:001111:18 6:001111:22 11:00011001111:48 5:00011:24 11:00011001111:22 11:00011001111:27 5:00011:30 6:001111:18 16:0001100011001111:36 5:00011:29 6:001111:24 6:001111:16 11:00011001111:26 11:00011001111:33 6:001111:16 6:001111:28 6:001111:22 5:00011:20 16:0001100011001111:32 5:00011:20 5:00011:29 5:00011:19 16:0001100011001111:32 5:00011:19 16:0001100011001111:32 11:00011001111:22 6:001111:16 11:00011001111:33 5:00011:64 6:001111:22 11:00011001111:31 5:00011:20 6:001111:28 5:00011:20 11:00011001111:22 5:00011:29 6:001111:16 5:00011:25 6:001111:24 16:0001100011001111:32 6:001111:24 5:00011:29 5:00011:19 16:0001100011001111:36 5:00011:34 6:001111:18 6:001111:22 11:00011001111:48 5:00011:24 11:00011001111:22 11:00011001111:27 5:00011:30 6:001111:18 16:0001100011001111:36 5:00011:29 6:001111:24 6:001111:16 11:00011001111:26 11:00011001111:33 6:001111:16 6:001111:28 6:001111:22 5:00011:20 16:0001100011001111:32 5:00011:20 5:00011:29 5:00011:19 16:0001100011001111:32 5:00011:19 16:0001100011001111:32 11:00011001111:22 6:001111:16 11:00011001111:33 5:00011:64 6:001111:22 11:00011001111:31 5:00011:20 6:001111:28 5:00011:20 11:00011001111:22 5:00011:29 6:001111:16 5:00011:25 6:001111:24 16:0001100011001111:32 6:001111:24 5:00011:29 5:00011:19 16:0001100011001111:36 5:00011:34 6:001111:18 6:001111:22 11:00011001111:48 5:00011:24 11:00011001111:22 11:00011001111:27 5:00011:30 6:001111:18 16:0001100011001111:36 5:00011:29 6:001111:24 6:001111:16 11:00011001111:26 11:00011001111:33 6:001111:16 6:001111:28 6:001111:22 5:00011:20 16:0001100011001111:32 5:00011:20 5:00011:29 5:00011:19 16:0001100011001111:32 5:00011:19 11:00110111111:22
1RB1RC_1LC0RD_0RC0LD_1RA0LA	1106	3493	11046	0.500	0.500	0.500	LR	15023.83	0.55	sqrt	bouncer	sqrt+sqrt	2	1	2	10:0101101111:9368 10:0101101111:1676
1RB1RC_1LC0RD_1LA0LC_0RD0LA	36	42	48	0.062	0.066	0.000	L	28670.50	0.98	log	counter	-	1	1	31	8:00010101:17
1RB1RC_1LC0RD_1LD0LB_1RB1RA	1745	5495	17345	0.499	0.080	0.502	LR	8646.50	0.01	sqrt	bouncer_part	sqrt+log	12	2	7	7:0101011:19 2:01:18 2:01:37 2:01:71 2:01:140 2:01:273 2:01:542 2:01:1085 2:01:2168 2:01:4328 2:01:5884 2:01:2773
1RB1RC_1LC1RA_---1LD_0RA0LD	23	29	33	0.078	0.000	0.085	R	13120.50	1.91	log	counter	-	0	0	33	-
1RB1RC_1LC1RA_1LD0RA_0RB0LB	1071	3367	10393	0.493	0.500	0.493	LR	3.00	0.53	sqrt	bouncer	sqrt+sqrt	335	26	2506	4:0111:27 8:01010111:21 10:0101110111:23 8:01010111:21 2:01:17 8:01010111:19 8:01010111:19 4:0111:23 2:01:17 2:01:19 10:0101110111:27 10:0101110111:22 2:01:20 4:0111:16 6:010111:18 10:0101010111:24 4:0111:19 10:0101110111:25 10:0101010111:29 14:01010101110111:31 2:01:19 4:0111:19 6:010111:19 4:0111:20 4:0111:23 10:0101110111:33 10:0101110111:24 4:0111:16 2:01:16 6:010111:22 6:010111:17 10:0101010111:20 4:0111:16 12:010101010111:24 14:01011101110111:33 16:0101110101110111:37 2:01:25 14:01011101110111:28 4:0111:19 10:0101110111:22 2:01:17 10:0101110111:21 4:0111:24 4:0111:19 8:01010111:21 4:0111:18 4:0111:19 16:0101110101110111:32 16:0101011101110111:37 2:01:29 2:01:29 6:010111:19 6:010111:21 12:010101010111:25 4:0111:19 6:010111:21 8:01010111:17 14:01011101110111:47 2:01:23 4:0111:20 6:010111:25 6:010111:25 2:01:21 4:0111:23 12:010101010111:27 6:010111:25 2:01:17 6:010111:19 4:0111:19 16:0101010101010111:36 4:0111:19 6:010111:17 4:0111:19 2:01:18 4:0111:23 12:010101010111:26 8:01010111:17 2:01:17 10:0101110111:33 6:010111:19 4:0111:23 2:01:16 4:0111:19 6:010111:18 2:01:17 6:010111:29 4:0111:19 16:0101011101110111:32 6:010111:19 10:0101110111:27 8:01010111:17 14:01010101010111:28 4:0111:27 2:01:17 4:0111:16 16:0101011101110111:43 16:0101110101110111:33 12:010101110111:25 8:01010111:21 4:0111:19 14:01011101110111:33 4:0111:27 14:01011101110111:30 2:01:19 4:0111:27 2:01:19 4:0111:20 16:0101110101110111:40 6:010111:17 12:010101010111:24 4:0111:24 12:010101010111:26 14:01011101110111:34 6:010111:21 10:0101110111:25 2:01:33 4:0111:16 4:0111:23 6:010111:21 2:01:23 4:0111:16 8:01010111:16 8:01010111:17 4:0111:19 6:010111:25 6:010111:27 2:01:28 4:0111:19 4:0111:19 2:01:17 6:010111:19 12:010101110111:25 2:01:33 4:0111:16 6:010111:20 4:0111:19 16:0101010101010111:35 10:0101110111:23 2:01:25 2:01:19 6:010111:21 2:01:25 4:0111:16 6:010111:20 16:0101110101110111:35 4:0111:16 8:01010111:17 4:0111:28 10:0101110111:25 14:01011101110111:41 16:0101010101010111:38 4:0111:23 14:01011101110111:31 6:010111:27 6:010111:19 6:010111:23 10:0101010111:20 2:01:23 4:0111:16 8:01010111:23 8:01010111:17 14:01011101110111:28 6:010111:31 4:0111:35 16:0101010101110111:33 14:01011101110111:37 6:010111:26 16:0101011101110111:32 6:010111:16 14:01011101110111:32 4:0111:18 12:010101110111:29 2:01:19 14:01011101110111:28 2:01:22 12:010101110111:28 2:01:18 14:01011101110111:40 4:0111:23 12:010101110111:25 6:010111:21 6:010111:19 8:01010111:19 8:01010111:17 16:0101110101110111:39 2:01:16 2:01:21 2:01:19 4:0111:19 12:010101110111:26 2:01:19 6:010111:37 6:010111:16 10:0101110111:28 14:01010101110111:31 14:01011101110111:31 2:01:17 10:0101110111:20 4:0111:22 2:01:25 4:0111:19 2:01:17 4:0111:20 10:0101110111:26 6:010111:19 2:01:19 14:01011101110111:31 16:0101010111010111:35 2:01:17 4:0111:16 4:0111:50 10:0101010111:22 2:01:19 4:0111:19 10:0101110111:25 2:01:19 6:010111:19 10:0101010111:23 10:0101110111:23 4:0111:19 10:0101010111:29 8:01010111:18 2:01:23 8:01010111:17 2:01:19 10:0101010111:25 16:0101110101110111:41 2:01:18 10:0101110111:20 4:0111:27 2:01:21 2:01:17 2:01:21 10:0101110111:29 16:0101110101110111:37 4:0111:35 2:01:17 4:0111:31 4:0111:22 12:010101110111:27 10:0101110111:29 14:01010101110111:33 6:010111:27 2:01:22 6:010111:25 12:010101110111:30 2:01:17 4:0111:20 12:010101110111:25 4:0111:23 2:01:16 4:0111:19 10:0101110111:35 16:0101110101110111:45 6:010111:25 10:0101010111:20 6:010111:27 6:010111:25 4:0111:16 4:0111:23 6:010111:18 4:0111:19 2:01:17 10:0101110111:21 6:010111:17 4:0111:27 4:0111:19 12:010101010111:26 12:010101010111:31 10:0101010111:23 8:01010111:17 8:01010111:17 12:010101010111:24 6:010111:21 10:0101110111:22 4:0111:18 2:01:19 16:0101010101010111:35 8:01010111:21 2:01:23 4:0111:19 10:0101110111:26 10:0101110111:22 10:0101110111:29 8:01010111:17 2:01:19 10:0101010111:27 6:010111:18 8:01010111:19 14:01010101010111:28 6:010111:25 2:01:23 4:0111:28 4:0111:19 4:0111:27 2:01:23 6:010111:37 6:010111:18 2:01:19 6:010111:25 6:010111:23 2:01:34 4:0111:23 4:0111:27 14:01011101110111:38 4:0111:19 2:01:18 4:0111:16 8:01111111:17 10:0111011111:34 14:01111111111111:28 1:1:17 4:0111:31 10:0111011111:43 10:0111111111:20 12:011111111111:27 16:0111111111111111:34 10:0111011111:25 1:1:17 6:011111:17 8:01111111:19 4:0111:19 8:01111111:19 10:0111011111:23 8:01111111:19 1:1:17 8:01111111:17 14:01110111111111:29 1:1:19 4:0111:20 4:0111:19 16:0111011111111111:35 14:01110111111111:28 1:1:17 1:1:21
1RB1RC_1LC1RA_1LD0RA_1RA0LB	694	2346	7472	0.516	0.530	0.109	LR	18326.50	0.02	sqrt	bouncer_part	sqrt+log	3	2	10	1:1:2038 4:0111:619 4:0111:4805
1RB1RC_1RC0RB_0LD0RB_0LA1LD	835	2604	8189	0.496	0.062	0.500	LR	1.00	0.01	sqrt	bouncer_part	sqrt+log	2	2	9	1:1:16 2:01:8164
1RB1RC_1RC0RB_0LD1RB_0LA1LD	1381	4341	13707	0.498	0.029	0.500	LR	1952.93	0.00	sqrt	bouncer_part	sqrt+log	5	1	36	3:011:39 3:011:160 3:011:641 3:011:2566 3:011:10265
1RB1RC_1RC1LB_0LB0RD_0LA1RD	182	391	842	0.333	0.335	0.333	LR	1.00	1.00	cube	sweepctr	-	2	1	2	1:1:696 1:1:144
1RB1RD_0LB1LC_0RA0LB_1LA0RD	20	23	26	0.057	0.000	0.062	R	2.00	1.88	log	counter	-	0	0	26	-
1RB1RD_0LB1LC_0RA1LB_1LA0RD	27	31	36	0.062	0.000	0.067	R	1.62	1.91	log	counter	-	0	0	36	-
1RB1RD_0LC0LA_1LC1LA_0RB0RD	19	23	26	0.068	0.075	0.000	L	2.00	1.88	log	counter	-	0	0	26	-
1RB1RD_0LC0LB_1RC0RD_1LB1RA	229	493	1063	0.333	0.334	0.334	LR	1.00	1.00	cube	sweepctr	-	4	2	4	1:1:42 1:1:339 1:1:190 1:0:488
1RB1RD_0LC0LD_1LA1RC_1LB0RD	25	30	34	0.067	0.000	0.069	R	1.62	2.03	log	counter	-	1	1	18	7:0111111:16
1RB1RD_0LC0RA_1RA1LC_0LC1RB	48	58	69	0.079	0.081	0.079	LR	1.43	1.32	log	counter	-	1	1	46	9:011011111:23
1RB1RD_0LC0RB_1LA1LC_0LC1RD	32	40	46	0.079	0.083	0.000	L	32737.50	0.98	log	counter	-	1	1	17	14:00010001010101:29
1RB1RD_0LC0RD_1LC1LA_0LA0RB	33	39	45	0.067	0.071	0.000	L	609.39	2.91	log	counter	-	0	0	45	-
1RB1RD_0LC1LB_1RD1LA_0RA0RD	1379	4342	13706	0.499	0.040	0.501	LR	13673.50	0.00	sqrt	bouncer_part	sqrt+log	7	3	19	11:00010001001:24 3:001:30 3:001:160 3:001:640 3:001:2564 3:001:4818 3:011:5451
1RB1RD_0LC1RB_1LA0RB_1RC1LD	143	309	668	0.335	0.337	0.000	L	1.00	2.00	cube	sweepctr	-	2	1	2	1:1:175 1:1:491
1RB1RD_0LC1RB_1RA1LC_0LD0RB	229	493	1063	0.333	0.334	0.334	LR	1.00	1.00	cube	sweepctr	-	2	1	2	1:1:190 1:1:871
1RB1RD_0LC1RB_1RA1LC_0RB0LA	228	492	1062	0.334	0.336	0.334	LR	1.00	1.00	cube	sweepctr	-	2	1	2	1:1:194 1:1:866
1RB1RD_0LC1RB_1RA1LC_1RC0RB	287	623	1339	0.334	0.334	0.335	LR	1.00	0.50	cube	sweepctr	-	2	1	2	1:1:360 1:1:977
1RB1RD_0RC0LC_1LA0RD_1LC0RB	43	53	64	0.086	0.000	0.088	R	1.00	1.35	log	counter	-	2	1	23	9:011011111:20 9:011011111:21
1RB1RD_0RC0RA_1LC0LD_1RA0LD	1100	3416	10732	0.495	0.501	0.060	LR	2666.64	0.01	sqrt	bouncer_part	sqrt+log	4	4	15	4:0111:847 4:0011:9830 12:000011111111:24 8:00001111:16
1RB1RD_1LB1LC_0RA0LC_---1RA	35	43	49	0.073	0.000	0.077	R	32766.50	0.98	log	counter	-	0	0	49	-
1RB1RD_1LC0LA_0RA0LC_1RA---	35	41	49	0.073	0.000	0.077	R	40958.50	0.98	log	counter	-	0	0	49	-
1RB1RD_1LC0LA_0RB1LA_0RD0LC	18	22	25	0.071	0.079	0.000	L	2.00	1.92	log	counter	-	0	0	25	-
1RB1RD_1LC0LA_0RD0LC_1LA0RB	18	22	25	0.071	0.079	0.000	L	2.00	1.92	log	counter	-	0	0	25	-
1RB1RD_1LC0LA_0RD0LC_1RA---	36	42	48	0.062	0.000	0.066	R	24574.50	0.96	log	counter	-	0	0	48	-
1RB1RD_1LC0LA_0RD1LA_0RB0LC	18	22	25	0.071	0.079	0.000	L	2.00	1.92	log	counter	-	0	0	25	-
1RB1RD_1LC0LA_1RB1LA_0RD0LC	19	22	25	0.060	0.066	0.000	L	2.00	1.92	log	counter	-	0	0	25	-
1RB1RD_1LC0LB_0LA1RA_1LB0RD	1106	3476	10967	0.498	0.502	0.000	L	1.00	0.00	sqrt	bouncer_part	sqrt+fix	3	3	31	1:1:924 1:0:8201 4:0111:1811
1RB1RD_1LC0LB_1RA0LB_0RD0LA	36	42	48	0.062	0.066	0.000	L	24574.50	0.98	log	counter	-	0	0	48	-
1RB1RD_1LC0LB_1RA1LA_0RD0LA	35	43	49	0.073	0.077	0.000	L	32766.50	0.96	log	counter	-	1	1	32	6:000011:17
1RB1RD_1LC0LC_1RA0LB_0RD0LA	36	42	48	0.062	0.066	0.000	L	24574.50	0.98	log	counter	-	0	0	48	-
1RB1RD_1LC0LD_0RA1LB_0LC1RC	1317	4166	13175	0.500	0.500	0.500	LR	1.00	1.22	sqrt	bouncer	sqrt+sqrt	2	2	1	9:010101011:6482 9:001111111:6692
1RB1RD_1LC0LD_1RD0LB_0RA1RC	2305	7631	24387	0.512	0.000	0.513	R	1.00	0.00	sqrt	bouncer_part	sqrt+fix	2	2	16	1:1:13723 2:01:10648
1RB1RD_1LC0RA_1LA0LB_1RB0LC	1871	5915	18709	0.500	0.500	0.500	LR	1.00	0.67	sqrt	bouncer	sqrt+sqrt	3	2	3	3:001:2459 3:001:5558 2:01:10689
1RB1RD_1LC0RA_1LA0LB_1RB0RC	1808	5714	18072	0.500	0.500	0.500	LR	1.00	0.65	sqrt	bouncer	sqrt+sqrt	3	2	1	5:00101:12907 2:01:1728 2:01:3436
1RB1RD_1LC0RA_1LA0LB_1RB1LC	1437	4501	14174	0.497	0.062	0.501	LR	14120.50	0.01	sqrt	bouncer_part	sqrt+log	3	2	3	15:001001001011011:32 2:01:12092 2:01:2047
1RB1RD_1LC0RA_1LA0LB_1RB1RC	1745	5495	17345	0.499	0.080	0.502	LR	8646.50	0.01	sqrt	bouncer_part	sqrt+log	12	2	7	7:0101011:19 2:01:18 2:01:37 2:01:71 2:01:140 2:01:273 2:01:542 2:01:1085 2:01:2168 2:01:4328 2:01:5884 2:01:2773
1RB1RD_1LC0RA_1LD0LB_1RA0RB	142863	1428575	14285718	1.000	0.000	1.000	R	0.60	0.00	lin	linear	-	-	-	-	wide
1RB1RD_1LC0RA_1LD0LB_1RB0LA	1751	5503	17355	0.498	0.082	0.502	LR	8644.50	0.01	sqrt	bouncer_part	sqrt+log	12	2	42	8:00101101:18 2:01:16 2:01:35 2:01:69 2:01:137 2:01:270 2:01:540 2:01:1083 2:01:2165 2:01:4326 2:01:5837 2:01:2817
1RB1RD_1LC0RA_1LD0LB_1RB0LB	1437	4501	14174	0.497	0.062	0.501	LR	14120.50	0.01	sqrt	bouncer_part	sqrt+log	2	1	36	2:01:1998 2:01:12140
1RB1RD_1LC0RA_1LD0LB_1RB1LB	1437	4501	14174	0.497	0.062	0.501	LR	14120.50	0.01	sqrt	bouncer_part	sqrt+log	3	2	4	15:000000001001001:32 2:01:12107 2:01:2031
1RB1RD_1LC0RB_0LC0RA_1LA1LD	20	23	27	0.065	0.000	0.071	R	2.00	1.88	log	counter	-	0	0	27	-
1RB1RD_1LC0RC_0RB1LD_1LA0LD	36	42	48	0.062	0.066	0.000	L	24573.50	0.02	log	counter	-	0	0	48	-
1RB1RD_1LC0RC_0RD1LD_1RA0LB	50266	502532	5025142	1.000	0.000	1.000	R	1.00	0.00	lin	linear	-	-	-	-	wide
1RB1RD_1LC0RC_1LC1LA_0LB0RD	181	391	841	0.334	0.336	0.333	LR	1.00	1.99	cube	sweepctr	-	2	2	9	1:0:183 1:1:649
1RB1RD_1LC0RD_0LD1LC_0RA1LC	288	620	1340	0.334	0.332	0.335	LR	1.00	0.50	cube	sweepctr	-	2	1	1	2:01:157 2:01:1182
1RB1RD_1LC0RD_0RA0LC_1LD1RA	51	60	69	0.066	0.000	0.068	R	0.20	0.66	log	counter	-	3	3	11	6:000001:20 3:001:20 9:000001001:18
1RB1RD_1LC0RD_0RB1LA_0LC0LA	18	22	25	0.071	0.079	0.000	L	2.00	1.92	log	counter	-	0	0	25	-
1RB1RD_1LC0RD_1LA1LD_1RA0LC	1429	4518	14288	0.500	0.500	0.500	LR	1.00	1.53	sqrt	bouncer	sqrt+sqrt	2	2	0	7:0111111:9382 7:0010101:4906
1RB1RD_1LC0RD_1RB1LA_0RD0LC	19	22	26	0.068	0.075	0.000	L	2.00	1.92	log	counter	-	0	0	26	-
1RB1RD_1LC1LA_0LB0RA_1LB0RD	34	41	47	0.070	0.000	0.074	R	1.50	1.02	log	counter	-	0	0	47	-
1RB1RD_1LC1LA_0LB0RB_1LB0RD	35	41	47	0.064	0.069	0.062	LR	2.00	1.11	log	counter	-	0	0	47	-
1RB1RD_1LC1LA_0RA0LC_---1RA	35	41	49	0.073	0.000	0.077	R	40958.50	0.98	log	counter	-	0	0	49	-
1RB1RD_1LC1LA_0RB0LC_0RD0LA	18	22	25	0.071	0.079	0.000	L	2.00	1.92	log	counter	-	0	0	25	-
1RB1RD_1LC1LB_0LD0LB_0RD0RA	35	41	47	0.064	0.000	0.071	R	24572.50	1.89	log	counter	-	1	1	27	10:0101010111:20
1RB1RD_1LC1LB_0LD0LB_1RD0RA	1746	5492	17340	0.499	0.500	0.066	LR	1.00	0.01	sqrt	bouncer_part	sqrt+log	2	1	24	3:011:17152 3:011:164
1RB1RD_1LC1LB_0RA0LB_1LD0RA	34	42	48	0.075	0.000	0.081	R	32764.50	1.85	log	counter	-	0	0	48	-
1RB1RD_1LC1LB_0RD0LB_---0RA	34	40	48	0.075	0.000	0.081	R	40956.50	1.89	log	counter	-	0	0	48	-
1RB1RD_1LC1LB_1LD0LB_0RD0RA	37	43	49	0.061	0.000	0.067	R	28668.50	1.81	log	counter	-	1	1	30	8:01111111:19
1RB1RD_1LC1LB_1LD0LB_1RD0RA	1745	5494	17339	0.499	0.501	0.060	LR	1.00	0.01	sqrt	bouncer_part	sqrt+log	2	1	24	3:011:5595 3:011:11720
1RB1RD_1LC1LB_1RA0LB_0RA0RD	1747	5496	17341	0.498	0.057	0.501	LR	1.00	0.01	sqrt	bouncer_part	sqrt+log	1	1	25	2:01:17316
1RB1RD_1LC1LB_1RA0LB_0RC0RD	1251	3929	12394	0.498	0.052	0.501	LR	1.00	0.01	sqrt	bouncer_part	sqrt+log	3	2	7	10:0000111111:20 7:0111111:3517 7:0111111:8850
1RB1RD_1LC1LD_0RD0LC_1RA0RB	48	60	69	0.079	0.000	0.082	R	1.00	0.66	log	counter	-	2	2	36	1:0:16 6:000001:17
1RB1RD_1LC1LD_1RA0LD_1LB0RA	1429	4518	14289	0.500	0.500	0.500	LR	1.00	1.53	sqrt	bouncer	sqrt+sqrt	2	2	1	7:0010101:4905 7:0111111:9383
1RB1RD_1LC1RA_1RA1LC_1RA0RB	212125	2121217	21212125	1.000	0.000	1.000	R	1.00	0.00	lin	linear	-	-	-	-	wide
1RB1RD_1LC1RB_0LC1LA_0RB0RD	52636	526320	5263162	1.000	0.000	1.000	R	0.20	0.00	lin	linear	-	-	-	-	wide
1RB1RD_1LC1RB_1LC1LA_0LB0RD	181	391	843	0.334	0.337	0.333	LR	1.00	1.99	cube	sweepctr	-	3	2	1	1:1:265 1:0:481 1:1:96
1RB1RD_1LC1RB_1RA0LB_0RA0RD	1975	6227	19657	0.499	0.057	0.501	LR	1.00	0.01	sqrt	bouncer_part	sqrt+log	11	2	23	8:00010101:16 2:01:27 2:01:54 2:01:103 2:01:205 2:01:410 2:01:662 2:01:158 2:01:1637 2:01:3273 2:01:13089
1RB1RD_1LC1RC_1LA0LC_0RD0LA	34	42	48	0.075	0.079	0.000	L	32766.50	0.98	log	counter	-	0	0	48	-
1RB1RD_1RC0LB_1LD0RC_1RA1LB	83	99	115	0.071	0.073	0.071	LR	1.00	0.25	log	counter	-	3	3	62	6:000001:17 8:00010101:18 5:00011:18
1RB1RD_1RC0LC_1LC1LA_0LB0RD	19	22	26	0.068	0.000	0.071	R	2.00	1.88	log	counter	-	0	0	26	-
1RB1RD_1RC0RA_1LA0LD_1RA1LC	2621	7053	20761	0.449	0.000	0.450	R	1.00	0.00	sqrt	bouncer_part	sqrt+fix	3	2	29	2:01:757 1:1:18929 2:01:1046
1RB1RD_1RC0RD_0LD1LC_0RA1LC	289	621	1341	0.333	0.332	0.335	LR	1.00	0.50	cube	sweepctr	-	2	1	2	2:01:155 2:01:1184
1RB1RD_1RC1LA_0LB0RC_0LA1LD	35	43	49	0.073	0.079	0.000	L	36862.50	0.96	log	counter	-	1	1	32	8:00001111:17
0RB---_1LC0RD_1LD1LB_1RB0LC	1999	5687	19333	0.493	0.494	0.062	LR	14058.50	0.01	sqrt	bouncer_part	sqrt+log	3	2	0	2:01:4353 2:01:9747 1:1:5233
0RB---_1LC0RD_1RD0LB_1RB1RC	1827	6193	19631	0.516	0.098	0.516	LR	6462.50	0.01	sqrt	bouncer_part	sqrt+log	3	2	0	1:1:13130 2:01:1604 2:01:4897
0RB---_1LC1LD_1RD0LB_1LB0RC	1953	6245	18303	0.486	0.487	0.057	LR	16094.50	0.01	sqrt	bouncer_part	sqrt+log	3	2	0	2:01:9747 2:01:6387 1:1:2169
0RB---_1RC0LD_1LD0RB_1LB1LC	1827	6193	19631	0.516	0.517	0.080	LR	6462.50	0.01	sqrt	bouncer_part	sqrt+log	3	2	0	2:01:4897 2:01:1605 1:1:13129
0RB---_1RC0LD_1RD1RB_1LB0RC	1999	5687	19333	0.493	0.077	0.493	LR	14058.50	0.01	sqrt	bouncer_part	sqrt+log	3	2	0	1:1:5234 2:01:9746 2:01:4353
0RB---_1RC1RD_1LD0RB_1RB0LC	1953	6245	18303	0.486	0.069	0.487	LR	16094.50	0.01	sqrt	bouncer_part	sqrt+log	3	2	0	1:1:2170 2:01:6386 2:01:9747
0RB0LD_1LA1LC_0LD0LC_1RD1RB	1759	5491	17133	0.494	0.495	0.055	LR	15828.50	0.01	sqrt	bouncer_part	sqrt+log	3	2	0	1:1:1319 1:0:14538 1:1:1276
0RB0LD_1LA1LC_1RD0LC_1RD1RB	1316	4430	12259	0.485	0.486	0.057	LR	1.00	0.01	sqrt	bouncer_part	sqrt+log	3	2	0	1:1:10981 1:0:1249 1:1:29
0RB0LD_1LC0LD_1LA0LC_1RD1RC	1825	6187	19609	0.516	0.517	0.073	LR	6412.50	0.01	sqrt	bouncer_part	sqrt+log	3	2	0	1:1:3080 1:0:3370 1:1:13159
0RB0LD_1LC1RB_0LD1LA_1RB1LD	1607	4535	14509	0.478	0.479	0.052	LR	1.00	0.01	sqrt	bouncer_part	sqrt+log	2	1	1	1:1:10068 1:1:4440
0RB0LD_1LC1RB_0RA1LA_1RB1LD	1415	4674	16708	0.536	0.538	0.067	LR	1.00	0.01	sqrt	bouncer_part	sqrt+log	2	1	1	1:1:16061 1:1:646
0RB0LD_1LC1RB_0RB1LA_1RB1LD	1415	4674	16708	0.536	0.538	0.062	LR	1.00	0.01	sqrt	bouncer_part	sqrt+log	2	1	1	1:1:16061 1:1:646
0RB0LD_1LC1RB_0RC1LA_1RB1LD	1415	4674	16708	0.536	0.538	0.062	LR	1.00	0.01	sqrt	bouncer_part	sqrt+log	2	1	1	1:1:16061 1:1:646
0RB0LD_1LC1RB_0RD1LA_1RB1LD	1415	4674	16708	0.536	0.538	0.067	LR	1.00	0.01	sqrt	bouncer_part	sqrt+log	2	1	1	1:1:16061 1:1:646
0RB0LD_1LC1RB_1LA1LA_1RB1LD	1415	4674	16708	0.536	0.538	0.067	LR	1.00	0.01	sqrt	bouncer_part	sqrt+log	2	1	1	1:1:16061 1:1:646
0RB0LD_1LC1RB_1LD1LA_1RB1LD	1607	4535	14509	0.478	0.479	0.052	LR	1.00	0.01	sqrt	bouncer_part	sqrt+log	2	1	1	1:1:10068 1:1:4440
0RB0LD_1LC1RB_1RA1LA_1RB1LD	1415	4674	16708	0.536	0.538	0.073	LR	1.00	0.01	sqrt	bouncer_part	sqrt+log	2	1	1	1:1:16061 1:1:646
0RB0LD_1LC1RB_1RB1LA_1RB1LD	1415	4674	16708	0.536	0.538	0.067	LR	1.00	0.01	sqrt	bouncer_part	sqrt+log	2	1	1	1:1:16061 1:1:646
0RB0LD_1LC1RB_1RC1LA_1RB1LD	1607	4535	14509	0.478	0.479	0.052	LR	1.00	0.01	sqrt	bouncer_part	sqrt+log	2	1	1	1:1:10068 1:1:4440
0RB0LD_1LC1RB_1RD1LA_1RB1LD	1607	4535	14509	0.478	0.479	0.052	LR	1.00	0.01	sqrt	bouncer_part	sqrt+log	2	1	1	1:1:10068 1:1:4440
0RB0LD_1RC0LD_1LA0LC_1RD1RC	1825	6187	19609	0.516	0.517	0.067	LR	6412.50	0.01	sqrt	bouncer_part	sqrt+log	3	2	0	1:1:3081 1:0:3369 1:1:13159
0RB0RB_1LA1LC_0LD0LC_1RD1RB	1757	5491	17131	0.495	0.495	0.055	LR	15825.50	0.01	sqrt	bouncer_part	sqrt+log	3	2	0	1:1:13351 1:0:2503 1:1:1277
0RB0RC_1RC1RB_1LD1RA_1LA1LC	2429	7605	19851	0.456	0.040	0.457	LR	1.00	0.00	sqrt	bouncer_part	sqrt+log	3	2	1	1:1:664 2:01:5696 1:1:13490
0RB0RC_1RC1RB_1LD1RA_1RB1LC	2428	7604	19850	0.456	0.044	0.457	LR	1.00	0.01	sqrt	bouncer_part	sqrt+log	3	2	0	1:1:664 2:01:5708 1:1:13478
0RB1LA_1LC0LD_1LA0LC_1RD1RC	1827	6191	19619	0.515	0.517	0.073	LR	6432.50	0.01	sqrt	bouncer_part	sqrt+log	3	2	0	1:1:3920 1:0:2550 1:1:13149
0RB1LA_1RC0LD_1LA0LC_1RD1RC	1827	6191	19619	0.515	0.517	0.067	LR	6432.50	0.01	sqrt	bouncer_part	sqrt+log	3	2	0	1:1:3919 1:0:2551 1:1:13149
0RB1LB_0RC0LC_1RD1LC_1LA1RD	1417	4674	16708	0.536	0.538	0.062	LR	1.00	0.01	sqrt	bouncer_part	sqrt+log	2	1	1	1:1:16059 1:1:648
0RB1LB_0RC0LD_1LA1RC_1RC1LD	1415	4674	16708	0.536	0.538	0.062	LR	1.00	0.01	sqrt	bouncer_part	sqrt+log	2	1	1	1:1:16061 1:1:646
0RB1LB_1LC0LC_1RD1LC_1LA1RD	1418	4675	16708	0.536	0.537	0.073	LR	1.00	0.01	sqrt	bouncer_part	sqrt+log	2	1	1	1:1:16057 1:1:650
0RB1LB_1RC0LC_1RD1LC_1LA1RD	1418	4675	16708	0.536	0.537	0.067	LR	1.00	0.01	sqrt	bouncer_part	sqrt+log	2	1	1	1:1:16057 1:1:650
0RB1LB_1RC0LD_1LA1RC_1RC1LD	1417	4674	16708	0.536	0.537	0.067	LR	1.00	0.01	sqrt	bouncer_part	sqrt+log	2	1	1	1:1:16059 1:1:648
0RB1LC_1LA1RB_0RB0LD_1RB1LD	1415	4674	16708	0.536	0.538	0.062	LR	1.00	0.01	sqrt	bouncer_part	sqrt+log	2	1	1	1:1:16061 1:1:646
0RB1LC_1LA1RB_0RD0LD_1RB1LD	1417	4674	16708	0.536	0.537	0.067	LR	1.00	0.01	sqrt	bouncer_part	sqrt+log	2	1	1	1:1:16059 1:1:648
0RB1LC_1LA1RB_1LD0LD_1RB1LD	1607	4538	14510	0.478	0.479	0.052	LR	1.00	0.01	sqrt	bouncer_part	sqrt+log	2	1	1	1:1:10063 1:1:4446
0RB1LC_1LA1RB_1RB0LD_1RB1LD	1417	4674	16708	0.536	0.537	0.067	LR	1.00	0.01	sqrt	bouncer_part	sqrt+log	2	1	1	1:1:16059 1:1:648
0RB1LC_1LA1RB_1RD0LD_1RB1LD	1607	4538	14510	0.478	0.479	0.052	LR	1.00	0.01	sqrt	bouncer_part	sqrt+log	2	1	1	1:1:10063 1:1:4446
0RB1LC_1LC1RA_0LD0LB_1LA1RD	2424	7597	19849	0.457	0.458	0.036	LR	1.00	0.01	sqrt	bouncer_part	sqrt+log	3	2	0	2:01:8834 2:01:10351 1:1:664
0RB1LC_1LC1RA_1LD0LB_1RB0LA	2420	7593	19848	0.457	0.458	0.036	LR	1.00	0.01	sqrt	bouncer_part	sqrt+log	2	2	0	2:01:19183 1:1:665
0RB1LC_1LC1RA_1LD0LB_1RB1LC	2423	7599	19848	0.457	0.458	0.036	LR	1.00	0.01	sqrt	bouncer_part	sqrt+log	3	2	0	2:01:14789 2:01:4395 1:1:664
0RB1LC_1LC1RA_1LD0LB_1RC0LA	2423	7596	19848	0.457	0.458	0.036	LR	1.00	0.01	sqrt	bouncer_part	sqrt+log	3	2	0	2:01:8833 2:01:10351 1:1:664
0RB1LC_1LC1RA_1LD0LB_1RC1LC	2426	7602	19848	0.456	0.457	0.036	LR	1.00	0.01	sqrt	bouncer_part	sqrt+log	3	2	0	2:01:1561 2:01:17623 1:1:664
0RB1LD_1RC1LB_1LA1RC_0RB0LB	1417	4674	16708	0.536	0.537	0.067	LR	1.00	0.01	sqrt	bouncer_part	sqrt+log	2	1	1	1:1:16059 1:1:648
0RB1LD_1RC1LB_1LA1RC_0RC0LB	1415	4674	16708	0.536	0.538	0.062	LR	1.00	0.01	sqrt	bouncer_part	sqrt+log	2	1	1	1:1:16061 1:1:646
0RB1LD_1RC1LB_1LA1RC_1LB0LB	1607	4538	14510	0.478	0.479	0.052	LR	1.00	0.01	sqrt	bouncer_part	sqrt+log	2	1	1	1:1:10063 1:1:4446
0RB1LD_1RC1LB_1LA1RC_1RB0LB	1607	4538	14510	0.478	0.479	0.052	LR	1.00	0.01	sqrt	bouncer_part	sqrt+log	2	1	1	1:1:10063 1:1:4446
0RB1LD_1RC1LB_1LA1RC_1RC0LB	1417	4674	16708	0.536	0.537	0.067	LR	1.00	0.01	sqrt	bouncer_part	sqrt+log	2	1	1	1:1:16059 1:1:648
0RB1RB_0LC0RC_1LD1RC_1RA1LD	1417	4674	16708	0.536	0.073	0.537	LR	1.00	0.01	sqrt	bouncer_part	sqrt+log	2	1	1	1:1:648 1:1:16059
0RB1RB_1LC0RC_1LD1RC_1RA1LD	1418	4675	16708	0.536	0.080	0.537	LR	1.00	0.01	sqrt	bouncer_part	sqrt+log	2	1	1	1:1:650 1:1:16057
0RB1RB_1LC0RD_1RA1LC_1LC1RD	1417	4674	16708	0.536	0.080	0.537	LR	1.00	0.01	sqrt	bouncer_part	sqrt+log	2	1	1	1:1:648 1:1:16059
0RB1RB_1RC0RC_1LD1RC_1RA1LD	1418	4675	16708	0.536	0.088	0.537	LR	1.00	0.01	sqrt	bouncer_part	sqrt+log	2	1	1	1:1:650 1:1:16057
0RB1RD_1LC1RB_1RA1LC_0LB0RB	1417	4674	16708	0.536	0.080	0.537	LR	1.00	0.01	sqrt	bouncer_part	sqrt+log	2	1	1	1:1:648 1:1:16059
0RB1RD_1LC1RB_1RA1LC_0LC0RB	1415	4674	16708	0.536	0.073	0.538	LR	1.00	0.01	sqrt	bouncer_part	sqrt+log	2	1	1	1:1:646 1:1:16061
0RB1RD_1LC1RB_1RA1LC_1LB0RB	1607	4538	14510	0.478	0.062	0.479	LR	1.00	0.01	sqrt	bouncer_part	sqrt+log	2	1	1	1:1:4446 1:1:10063
0RB1RD_1LC1RB_1RA1LC_1LC0RB	1417	4674	16708	0.536	0.080	0.537	LR	1.00	0.01	sqrt	bouncer_part	sqrt+log	2	1	1	1:1:648 1:1:16059
0RB1RD_1LC1RB_1RA1LC_1RB0RB	1607	4538	14510	0.478	0.062	0.479	LR	1.00	0.01	sqrt	bouncer_part	sqrt+log	2	1	1	1:1:4446 1:1:10063
1RB---_1LC0RD_1LD1LB_1RB0LC	1827	6193	19631	0.516	0.517	0.088	LR	6462.50	0.01	sqrt	bouncer_part	sqrt+log	3	2	0	2:01:4898 2:01:1604 1:1:13129
1RB---_1LC0RD_1RD0LB_1RB1RC	1953	6245	18303	0.486	0.062	0.487	LR	16094.50	0.01	sqrt	bouncer_part	sqrt+log	3	2	0	1:1:2170 2:01:6385 2:01:9748
1RB---_1LC1LD_1RD0LB_1LB0RC	1999	5687	19333	0.493	0.494	0.057	LR	14058.50	0.01	sqrt	bouncer_part	sqrt+log	3	2	0	2:01:4348 2:01:9752 1:1:5233
1RB---_1RC0LD_1LD0RB_1LB1LC	1999	5687	19333	0.493	0.494	0.052	LR	14058.50	0.01	sqrt	bouncer_part	sqrt+log	3	2	0	2:01:4351 2:01:9749 1:1:5233
1RB---_1RC0LD_1RD1RB_1LB0RC	1749	5973	19947	0.529	0.088	0.530	LR	11190.50	0.01	sqrt	bouncer_part	sqrt+log	3	2	0	1:1:8716 2:01:2190 2:01:9041
1RB---_1RC1RD_1LD0RB_1RB0LC	1999	5687	19333	0.493	0.069	0.494	LR	14058.50	0.01	sqrt	bouncer_part	sqrt+log	3	2	0	1:1:5234 2:01:9747 2:01:4352
1RB0LC_0LC0LB_1RC1RD_1LA1LB	1759	5491	17133	0.494	0.495	0.055	LR	15828.50	0.01	sqrt	bouncer_part	sqrt+log	3	2	0	1:1:1319 1:0:14538 1:1:1276
1RB0LC_0LC1RC_0RD1RD_1LA0LD	1583	5125	14845	0.486	0.487	0.057	LR	19899.50	0.01	sqrt	bouncer_part	sqrt+log	3	2	0	1:1:12172 1:0:1134 1:1:1539
1RB0LC_0LC1RC_1RC1RD_1LA0LD	1825	6189	19611	0.516	0.517	0.073	LR	6415.50	0.01	sqrt	bouncer_part	sqrt+log	3	2	0	1:1:3155 1:0:3301 1:1:13155
1RB0LC_1LA1LD_1RC1RB_0LC0LD	1759	5491	17133	0.494	0.495	0.055	LR	15828.50	0.01	sqrt	bouncer_part	sqrt+log	3	2	0	1:1:1321 1:0:14536 1:1:1276
1RB0LC_1LA1LD_1RC1RB_1RC0LD	1408	3944	13446	0.490	0.491	0.057	LR	1.00	0.01	sqrt	bouncer_part	sqrt+log	3	2	0	1:1:5608 1:0:4900 1:1:2938
1RB0LC_1LA1RC_0RD1RD_1LA0LD	1583	5125	14845	0.486	0.487	0.057	LR	19899.50	0.01	sqrt	bouncer_part	sqrt+log	3	2	0	1:1:12172 1:0:1134 1:1:1539
1RB0LC_1LA1RC_1RC1RD_1LA0LD	1825	6189	19611	0.516	0.517	0.073	LR	6415.50	0.01	sqrt	bouncer_part	sqrt+log	3	2	0	1:1:3153 1:0:3303 1:1:13155
1RB0LC_1LA1RD_1LA1LC_0RC0LD	1018	3451	11516	0.527	0.527	0.000	L	1.00	0.00	sqrt	bouncer_part	sqrt+fix	3	2	15	1:1:3321 1:0:3298 1:1:4882
1RB0LC_1LB1LC_1RA1RD_0RB0RD	1962	6302	19984	0.504	0.055	0.505	LR	10263.50	0.01	sqrt	bouncer_part	sqrt+log	3	2	0	1:1:9692 1:0:3730 1:1:6562
1RB0LC_1RC1RD_1LA1LC_0RC0LD	1017	3450	11515	0.527	0.528	0.000	L	1.00	0.00	sqrt	bouncer_part	sqrt+fix	3	2	14	1:1:3315 1:0:3304 1:1:4882
1RB0LD_0RC0RB_1LC1LD_1RA1RB	1757	5491	17131	0.495	0.062	0.495	LR	15825.50	0.01	sqrt	bouncer_part	sqrt+log	3	2	0	1:1:1277 1:0:2500 1:1:13354
1RB0LD_1LC0LB_0RA0LD_1RD1RB	1825	6187	19609	0.516	0.517	0.073	LR	6412.50	0.01	sqrt	bouncer_part	sqrt+log	3	2	0	1:1:3082 1:0:3368 1:1:13159
1RB0LD_1LC0LB_0RA1LC_1RD1RB	1827	6191	19619	0.515	0.517	0.073	LR	6432.50	0.01	sqrt	bouncer_part	sqrt+log	3	2	0	1:1:3920 1:0:2550 1:1:13149
1RB0RB_1LA1LC_0LD0LC_1RD1RB	1757	5491	17131	0.495	0.495	0.055	LR	15825.50	0.01	sqrt	bouncer_part	sqrt+log	3	2	0	1:1:13351 1:0:2503 1:1:1277
1RB0RB_1LB1LC_1RA1RD_0RB0RD	1968	6306	19988	0.503	0.055	0.504	LR	10269.50	0.01	sqrt	bouncer_part	sqrt+log	3	2	0	1:1:9690 1:0:5554 1:1:4744
1RB0RB_1LB1LC_1RA1RD_1LB0RD	1316	4430	12259	0.485	0.062	0.486	LR	1.00	0.01	sqrt	bouncer_part	sqrt+log	3	2	0	1:1:29 1:0:1246 1:1:10984
1RB0RC_0RC0RB_1LC1LD_1RA1RB	1759	5491	17133	0.494	0.062	0.495	LR	15828.50	0.01	sqrt	bouncer_part	sqrt+log	3	2	0	1:1:1276 1:0:14535 1:1:1322
1RB0RC_1LC0RB_1LC1LD_1RA1RB	1316	4430	12259	0.485	0.062	0.486	LR	1.00	0.01	sqrt	bouncer_part	sqrt+log	3	2	0	1:1:29 1:0:1246 1:1:10984
1RB0RD_0LC0LB_1RC1RD_1LA1LB	1757	5491	17131	0.495	0.495	0.055	LR	15825.50	0.01	sqrt	bouncer_part	sqrt+log	3	2	0	1:1:13349 1:0:2505 1:1:1277
1RB0RD_1RC0RB_0LA0RD_1LD1LB	1825	6187	19609	0.516	0.080	0.517	LR	6412.50	0.01	sqrt	bouncer_part	sqrt+log	3	2	0	1:1:13159 1:0:3369 1:1:3081
1RB0RD_1RC0RB_0LA1RC_1LD1LB	1827	6191	19619	0.515	0.080	0.517	LR	6432.50	0.01	sqrt	bouncer_part	sqrt+log	3	2	0	1:1:13149 1:0:2549 1:1:3921
1RB1LA_0LA1RC_0LA0RD_1LA1RD	1415	4674	16708	0.536	0.067	0.538	LR	1.00	0.01	sqrt	bouncer_part	sqrt+log	2	1	1	1:1:646 1:1:16061
1RB1LA_0LA1RC_0LD0RD_1LA1RD	1417	4674	16708	0.536	0.073	0.537	LR	1.00	0.01	sqrt	bouncer_part	sqrt+log	2	1	1	1:1:648 1:1:16059
1RB1LA_0LA1RC_1LA0RD_1LA1RD	1417	4674	16708	0.536	0.073	0.537	LR	1.00	0.01	sqrt	bouncer_part	sqrt+log	2	1	1	1:1:648 1:1:16059
1RB1LA_0LA1RC_1LD0RD_1LA1RD	1607	4538	14510	0.478	0.057	0.479	LR	1.00	0.01	sqrt	bouncer_part	sqrt+log	2	1	1	1:1:4446 1:1:10063
1RB1LA_0LA1RC_1RD0RD_1LA1RD	1607	4538	14510	0.478	0.057	0.479	LR	1.00	0.01	sqrt	bouncer_part	sqrt+log	2	1	1	1:1:4446 1:1:10063
1RB1LA_0LB1RC_0LA0RD_1LA1RD	1415	4674	16708	0.536	0.067	0.538	LR	1.00	0.01	sqrt	bouncer_part	sqrt+log	2	1	1	1:1:646 1:1:16061
1RB1LA_0LB1RC_0LD0RD_1LA1RD	1607	4536	14509	0.478	0.057	0.479	LR	1.00	0.01	sqrt	bouncer_part	sqrt+log	2	1	1	1:1:4444 1:1:10064
1RB1LA_0LB1RC_1LA0RD_1LA1RD	1607	4536	14509	0.478	0.057	0.479	LR	1.00	0.01	sqrt	bouncer_part	sqrt+log	2	1	1	1:1:4444 1:1:10064
1RB1LA_0LB1RC_1LD0RD_1LA1RD	1471	5244	14171	0.492	0.062	0.493	LR	1.00	0.01	sqrt	bouncer_part	sqrt+log	2	1	1	1:1:7866 1:1:6304
1RB1LA_0LB1RC_1RD0RD_1LA1RD	1471	5244	14171	0.492	0.062	0.493	LR	1.00	0.01	sqrt	bouncer_part	sqrt+log	2	1	1	1:1:7866 1:1:6304
1RB1LA_0LC1RC_0LA0RD_1LA1RD	1415	4674	16708	0.536	0.073	0.538	LR	1.00	0.01	sqrt	bouncer_part	sqrt+log	2	1	1	1:1:646 1:1:16061
1RB1LA_0LC1RC_0LD0RD_1LA1RD	1417	4674	16708	0.536	0.080	0.537	LR	1.00	0.01	sqrt	bouncer_part	sqrt+log	2	1	1	1:1:648 1:1:16059
1RB1LA_0LC1RC_0RD1RD_1LA0LD	1587	5131	14847	0.486	0.487	0.057	LR	19905.50	0.01	sqrt	bouncer_part	sqrt+log	3	2	0	1:1:8580 1:0:4730 1:1:1537
1RB1LA_0LC1RC_1LA0RD_1LA1RD	1417	4674	16708	0.536	0.080	0.537	LR	1.00	0.01	sqrt	bouncer_part	sqrt+log	2	1	1	1:1:648 1:1:16059
1RB1LA_0LC1RC_1LD0RD_1LA1RD	1607	4538	14510	0.478	0.062	0.479	LR	1.00	0.01	sqrt	bouncer_part	sqrt+log	2	1	1	1:1:4446 1:1:10063
1RB1LA_0LC1RC_1RC1RD_1LA0LD	1829	6193	19621	0.515	0.516	0.073	LR	6435.50	0.01	sqrt	bouncer_part	sqrt+log	3	2	0	1:1:2359 1:0:4117 1:1:13145
1RB1LA_0LC1RC_1RD0RD_1LA1RD	1607	4538	14510	0.478	0.062	0.479	LR	1.00	0.01	sqrt	bouncer_part	sqrt+log	2	1	1	1:1:4446 1:1:10063
1RB1LA_0LC1RD_1LA1RC_0LA0RC	1415	4674	16708	0.536	0.073	0.538	LR	1.00	0.01	sqrt	bouncer_part	sqrt+log	2	1	1	1:1:646 1:1:16061
1RB1LA_0LC1RD_1LA1RC_0LC0RC	1607	4536	14509	0.478	0.057	0.479	LR	1.00	0.01	sqrt	bouncer_part	sqrt+log	2	1	1	1:1:4444 1:1:10064
1RB1LA_0LC1RD_1LA1RC_1LA0RC	1607	4536	14509	0.478	0.057	0.479	LR	1.00	0.01	sqrt	bouncer_part	sqrt+log	2	1	1	1:1:4444 1:1:10064
1RB1LA_0LC1RD_1LA1RC_1LC0RC	1418	4675	16708	0.536	0.080	0.537	LR	1.00	0.01	sqrt	bouncer_part	sqrt+log	2	1	1	1:1:650 1:1:16057
1RB1LA_0LC1RD_1LA1RC_1RC0RC	1418	4675	16708	0.536	0.080	0.537	LR	1.00	0.01	sqrt	bouncer_part	sqrt+log	2	1	1	1:1:650 1:1:16057
1RB1LA_0RC1RC_0LD0RD_1LA1RD	1607	4536	14509	0.478	0.057	0.479	LR	1.00	0.01	sqrt	bouncer_part	sqrt+log	2	1	1	1:1:4444 1:1:10064
1RB1LA_0RC1RC_1LA0RD_1LA1RD	1471	5244	14170	0.492	0.062	0.493	LR	1.00	0.01	sqrt	bouncer_part	sqrt+log	2	1	1	1:1:7860 1:1:6309
1RB1LA_0RC1RC_1LD0RD_1LA1RD	1471	5244	14171	0.492	0.062	0.493	LR	1.00	0.01	sqrt	bouncer_part	sqrt+log	2	1	1	1:1:7866 1:1:6304
1RB1LA_0RC1RC_1RD0RD_1LA1RD	1427	4936	14795	0.508	0.069	0.509	LR	1.00	0.01	sqrt	bouncer_part	sqrt+log	2	1	1	1:1:11162 1:1:3632
1RB1LA_0RC1RD_1LA1RC_0LA0RC	1607	4535	14509	0.478	0.057	0.479	LR	1.00	0.01	sqrt	bouncer_part	sqrt+log	2	1	1	1:1:4440 1:1:10068
1RB1LA_0RC1RD_1LA1RC_0LC0RC	1471	5244	14170	0.492	0.062	0.493	LR	1.00	0.01	sqrt	bouncer_part	sqrt+log	2	1	1	1:1:7860 1:1:6309
1RB1LA_0RC1RD_1LA1RC_1LA0RC	1471	5244	14170	0.492	0.062	0.493	LR	1.00	0.01	sqrt	bouncer_part	sqrt+log	2	1	1	1:1:7860 1:1:6309
1RB1LA_0RC1RD_1LA1RC_1LC0RC	1531	4499	15480	0.502	0.088	0.503	LR	1.00	0.01	sqrt	bouncer_part	sqrt+log	2	1	1	1:1:2290 1:1:13189
1RB1LA_0RC1RD_1LA1RC_1RC0RC	1531	4499	15480	0.502	0.088	0.503	LR	1.00	0.01	sqrt	bouncer_part	sqrt+log	2	1	1	1:1:2290 1:1:13189
1RB1LA_1LA1RC_0LA0RD_1LA1RD	1415	4674	16708	0.536	0.073	0.538	LR	1.00	0.01	sqrt	bouncer_part	sqrt+log	2	1	1	1:1:646 1:1:16061
1RB1LA_1LA1RC_0LD0RD_1LA1RD	1607	4536	14509	0.478	0.057	0.479	LR	1.00	0.01	sqrt	bouncer_part	sqrt+log	2	1	1	1:1:4444 1:1:10064
1RB1LA_1LA1RC_0RD1RD_1LA0LD	1587	5131	14847	0.486	0.487	0.057	LR	19905.50	0.01	sqrt	bouncer_part	sqrt+log	3	2	0	1:1:8582 1:0:4728 1:1:1537
1RB1LA_1LA1RC_1LA0RD_1LA1RD	1607	4536	14509	0.478	0.057	0.479	LR	1.00	0.01	sqrt	bouncer_part	sqrt+log	2	1	1	1:1:4444 1:1:10064
1RB1LA_1LA1RC_1LD0RD_1LA1RD	1418	4675	16708	0.536	0.080	0.537	LR	1.00	0.01	sqrt	bouncer_part	sqrt+log	2	1	1	1:1:650 1:1:16057
1RB1LA_1LA1RC_1RC1RD_1LA0LD	1829	6193	19621	0.515	0.516	0.073	LR	6435.50	0.01	sqrt	bouncer_part	sqrt+log	3	2	0	1:1:2357 1:0:4119 1:1:13145
1RB1LA_1LA1RC_1RD0RD_1LA1RD	1418	4675	16708	0.536	0.080	0.537	LR	1.00	0.01	sqrt	bouncer_part	sqrt+log	2	1	1	1:1:650 1:1:16057
1RB1LA_1LB1RC_0LA0RD_1LA1RD	1607	4535	14509	0.478	0.057	0.479	LR	1.00	0.01	sqrt	bouncer_part	sqrt+log	2	1	1	1:1:4440 1:1:10068
1RB1LA_1LB1RC_0LD0RD_1LA1RD	1471	5244	14170	0.492	0.062	0.493	LR	1.00	0.01	sqrt	bouncer_part	sqrt+log	2	1	1	1:1:7860 1:1:6309
1RB1LA_1LB1RC_1LA0RD_1LA1RD	1471	5244	14170	0.492	0.062	0.493	LR	1.00	0.01	sqrt	bouncer_part	sqrt+log	2	1	1	1:1:7860 1:1:6309
1RB1LA_1LB1RC_1LD0RD_1LA1RD	1531	4499	15480	0.502	0.088	0.503	LR	1.00	0.01	sqrt	bouncer_part	sqrt+log	2	1	1	1:1:2290 1:1:13189
1RB1LA_1LB1RC_1RD0RD_1LA1RD	1531	4499	15480	0.502	0.088	0.503	LR	1.00	0.01	sqrt	bouncer_part	sqrt+log	2	1	1	1:1:2290 1:1:13189
1RB1LA_1LC1RC_0LA0RD_1LA1RD	1415	4674	16708	0.536	0.080	0.537	LR	1.00	0.01	sqrt	bouncer_part	sqrt+log	2	1	1	1:1:646 1:1:16061
1RB1LA_1LC1RC_0LD0RD_1LA1RD	1607	4536	14509	0.478	0.062	0.479	LR	1.00	0.01	sqrt	bouncer_part	sqrt+log	2	1	1	1:1:4444 1:1:10064
1RB1LA_1LC1RC_1LA0RD_1LA1RD	1607	4536	14509	0.478	0.062	0.479	LR	1.00	0.01	sqrt	bouncer_part	sqrt+log	2	1	1	1:1:4444 1:1:10064
1RB1LA_1LC1RC_1LD0RD_1LA1RD	1418	4675	16708	0.536	0.088	0.537	LR	1.00	0.01	sqrt	bouncer_part	sqrt+log	2	1	1	1:1:650 1:1:16057
1RB1LA_1LC1RC_1RD0RD_1LA1RD	1418	4675	16708	0.536	0.088	0.537	LR	1.00	0.01	sqrt	bouncer_part	sqrt+log	2	1	1	1:1:650 1:1:16057
1RB1LA_1LC1RD_1LA1RC_0LA0RC	1607	4535	14509	0.478	0.057	0.479	LR	1.00	0.01	sqrt	bouncer_part	sqrt+log	2	1	1	1:1:4440 1:1:10068
1RB1LA_1LC1RD_1LA1RC_0LC0RC	1417	4674	16708	0.536	0.080	0.537	LR	1.00	0.01	sqrt	bouncer_part	sqrt+log	2	1	1	1:1:648 1:1:16059
1RB1LA_1LC1RD_1LA1RC_1LA0RC	1417	4674	16708	0.536	0.080	0.537	LR	1.00	0.01	sqrt	bouncer_part	sqrt+log	2	1	1	1:1:648 1:1:16059
1RB1LA_1LC1RD_1LA1RC_1LC0RC	1471	5244	14171	0.492	0.062	0.493	LR	1.00	0.01	sqrt	bouncer_part	sqrt+log	2	1	1	1:1:7866 1:1:6304
1RB1LA_1LC1RD_1LA1RC_1RC0RC	1471	5244	14171	0.492	0.062	0.493	LR	1.00	0.01	sqrt	bouncer_part	sqrt+log	2	1	1	1:1:7866 1:1:6304
1RB1LA_1RC1RC_0LA0RD_1LA1RD	1415	4674	16708	0.536	0.073	0.538	LR	1.00	0.01	sqrt	bouncer_part	sqrt+log	2	1	1	1:1:646 1:1:16061
1RB1LA_1RC1RC_0LD0RD_1LA1RD	1417	4674	16708	0.536	0.080	0.537	LR	1.00	0.01	sqrt	bouncer_part	sqrt+log	2	1	1	1:1:648 1:1:16059
1RB1LA_1RC1RC_1LA0RD_1LA1RD	1417	4674	16708	0.536	0.080	0.537	LR	1.00	0.01	sqrt	bouncer_part	sqrt+log	2	1	1	1:1:648 1:1:16059
1RB1LA_1RC1RC_1LD0RD_1LA1RD	1607	4538	14510	0.478	0.062	0.479	LR	1.00	0.01	sqrt	bouncer_part	sqrt+log	2	1	1	1:1:4446 1:1:10063
1RB1LA_1RC1RC_1RD0RD_1LA1RD	1607	4538	14510	0.478	0.062	0.479	LR	1.00	0.01	sqrt	bouncer_part	sqrt+log	2	1	1	1:1:4446 1:1:10063
1RB1LA_1RC1RD_1LA1RC_0LA0RC	1607	4535	14509	0.478	0.057	0.479	LR	1.00	0.01	sqrt	bouncer_part	sqrt+log	2	1	1	1:1:4440 1:1:10068
1RB1LA_1RC1RD_1LA1RC_0LC0RC	1417	4674	16708	0.536	0.080	0.537	LR	1.00	0.01	sqrt	bouncer_part	sqrt+log	2	1	1	1:1:648 1:1:16059
1RB1LA_1RC1RD_1LA1RC_1LA0RC	1417	4674	16708	0.536	0.080	0.537	LR	1.00	0.01	sqrt	bouncer_part	sqrt+log	2	1	1	1:1:648 1:1:16059
1RB1LA_1RC1RD_1LA1RC_1LC0RC	1471	5244	14171	0.492	0.062	0.493	LR	1.00	0.01	sqrt	bouncer_part	sqrt+log	2	1	1	1:1:7866 1:1:6304
1RB1LA_1RC1RD_1LA1RC_1RC0RC	1471	5244	14171	0.492	0.062	0.493	LR	1.00	0.01	sqrt	bouncer_part	sqrt+log	2	1	1	1:1:7866 1:1:6304
1RB1LB_0RC0LC_1RD1LC_1LA1RD	1471	5244	14170	0.492	0.494	0.048	LR	1.00	0.01	sqrt	bouncer_part	sqrt+log	2	1	1	1:1:6309 1:1:7860
1RB1LB_0RC0LD_1LA1RC_1RC1LD	1607	4535	14509	0.478	0.479	0.052	LR	1.00	0.01	sqrt	bouncer_part	sqrt+log	2	1	1	1:1:10068 1:1:4440
1RB1LB_1LC0LC_1RD1LC_1LA1RD	1471	5244	14171	0.492	0.493	0.057	LR	1.00	0.01	sqrt	bouncer_part	sqrt+log	2	1	1	1:1:6304 1:1:7866
1RB1LB_1RC0LC_1RD1LC_1LA1RD	1471	5244	14171	0.492	0.493	0.052	LR	1.00	0.01	sqrt	bouncer_part	sqrt+log	2	1	1	1:1:6304 1:1:7866
1RB1LB_1RC0LD_1LA1RC_1RC1LD	1607	4536	14509	0.478	0.479	0.052	LR	1.00	0.01	sqrt	bouncer_part	sqrt+log	2	1	1	1:1:10064 1:1:4444
1RB1LC_1LA1RB_0RB0LD_1RB1LD	1415	4674	16708	0.536	0.538	0.067	LR	1.00	0.01	sqrt	bouncer_part	sqrt+log	2	1	1	1:1:16061 1:1:646
1RB1LC_1LA1RB_0RD0LD_1RB1LD	1417	4674	16708	0.536	0.537	0.073	LR	1.00	0.01	sqrt	bouncer_part	sqrt+log	2	1	1	1:1:16059 1:1:648
1RB1LC_1LA1RB_1LD0LD_1RB1LD	1607	4538	14510	0.478	0.479	0.057	LR	1.00	0.01	sqrt	bouncer_part	sqrt+log	2	1	1	1:1:10063 1:1:4446
1RB1LC_1LA1RB_1RB0LD_1RB1LD	1417	4674	16708	0.536	0.537	0.073	LR	1.00	0.01	sqrt	bouncer_part	sqrt+log	2	1	1	1:1:16059 1:1:648
1RB1LC_1LA1RB_1RD0LD_1RB1LD	1607	4538	14510	0.478	0.479	0.057	LR	1.00	0.01	sqrt	bouncer_part	sqrt+log	2	1	1	1:1:10063 1:1:4446
1RB1LD_0RC0RA_1RD1LC_0LA1RB	2424	7597	19849	0.457	0.040	0.457	LR	1.00	0.01	sqrt	bouncer_part	sqrt+log	3	2	0	1:1:665 2:01:10351 2:01:8833
1RB1LD_1RC0RA_1LA0RD_0LA1RB	2420	7593	19848	0.457	0.040	0.458	LR	1.00	0.01	sqrt	bouncer_part	sqrt+log	2	2	0	1:1:666 2:01:19182
1RB1LD_1RC0RA_1LA1LD_0LC0LB	2426	7605	19851	0.456	0.458	0.042	LR	1.00	0.01	sqrt	bouncer_part	sqrt+log	3	2	0	2:01:5715 2:01:13473 1:1:663
1RB1LD_1RC0RA_1LA1RB_0LA1RB	2423	7599	19848	0.457	0.040	0.458	LR	1.00	0.01	sqrt	bouncer_part	sqrt+log	3	2	0	1:1:665 2:01:4395 2:01:14788
1RB1LD_1RC0RA_1LB0RD_0LA1RB	2423	7596	19848	0.457	0.040	0.458	LR	1.00	0.01	sqrt	bouncer_part	sqrt+log	3	2	0	1:1:665 2:01:10351 2:01:8832
1RB1LD_1RC0RA_1LB1RB_0LA1RB	2426	7602	19848	0.456	0.040	0.457	LR	1.00	0.01	sqrt	bouncer_part	sqrt+log	3	2	0	1:1:665 2:01:17623 2:01:1560
1RB1LD_1RC0RB_1LA0RD_0LB1LB	1583	5125	14845	0.486	0.062	0.487	LR	19899.50	0.01	sqrt	bouncer_part	sqrt+log	3	2	0	1:1:1539 1:0:1132 1:1:12174
1RB1LD_1RC0RB_1LA0RD_1LD1LB	1825	6189	19611	0.516	0.080	0.517	LR	6415.50	0.01	sqrt	bouncer_part	sqrt+log	3	2	0	1:1:13155 1:0:3304 1:1:3152
1RB1LD_1RC0RB_1LA1RC_0LB1LB	1587	5131	14847	0.486	0.062	0.487	LR	19905.50	0.01	sqrt	bouncer_part	sqrt+log	3	2	0	1:1:1537 1:0:4728 1:1:8582
1RB1LD_1RC0RB_1LA1RC_1LD1LB	1829	6193	19621	0.515	0.080	0.516	LR	6435.50	0.01	sqrt	bouncer_part	sqrt+log	3	2	0	1:1:13145 1:0:4120 1:1:2356
1RB1LD_1RC1LB_1LA1RC_0RB0LB	1607	4536	14509	0.478	0.479	0.052	LR	1.00	0.01	sqrt	bouncer_part	sqrt+log	2	1	1	1:1:10064 1:1:4444
1RB1LD_1RC1LB_1LA1RC_0RC0LB	1415	4674	16708	0.536	0.538	0.067	LR	1.00	0.01	sqrt	bouncer_part	sqrt+log	2	1	1	1:1:16061 1:1:646
1RB1LD_1RC1LB_1LA1RC_1LB0LB	1418	4675	16708	0.536	0.537	0.073	LR	1.00	0.01	sqrt	bouncer_part	sqrt+log	2	1	1	1:1:16057 1:1:650
1RB1LD_1RC1LB_1LA1RC_1RB0LB	1418	4675	16708	0.536	0.537	0.073	LR	1.00	0.01	sqrt	bouncer_part	sqrt+log	2	1	1	1:1:16057 1:1:650
1RB1LD_1RC1LB_1LA1RC_1RC0LB	1607	4536	14509	0.478	0.479	0.052	LR	1.00	0.01	sqrt	bouncer_part	sqrt+log	2	1	1	1:1:10064 1:1:4444
1RB1RA_1LC1RD_1LD1LB_0RA0RB	2429	7605	19851	0.456	0.036	0.457	LR	1.00	0.00	sqrt	bouncer_part	sqrt+log	3	2	1	1:1:664 2:01:5696 1:1:13490
1RB1RA_1LC1RD_1RA1LB_0RA0RB	2428	7604	19850	0.456	0.040	0.457	LR	1.00	0.01	sqrt	bouncer_part	sqrt+log	3	2	0	1:1:664 2:01:5708 1:1:13478
1RB1RB_0LC0RC_1LD1RC_1RA1LD	1607	4536	14509	0.478	0.057	0.479	LR	1.00	0.01	sqrt	bouncer_part	sqrt+log	2	1	1	1:1:4444 1:1:10064
1RB1RB_0LC0RD_1RA1LC_1LC1RD	1415	4674	16708	0.536	0.067	0.538	LR	1.00	0.01	sqrt	bouncer_part	sqrt+log	2	1	1	1:1:646 1:1:16061
1RB1RB_1LC0RC_1LD1RC_1RA1LD	1471	5244	14171	0.492	0.062	0.493	LR	1.00	0.01	sqrt	bouncer_part	sqrt+log	2	1	1	1:1:7866 1:1:6304
1RB1RB_1LC0RD_1RA1LC_1LC1RD	1607	4536	14509	0.478	0.057	0.479	LR	1.00	0.01	sqrt	bouncer_part	sqrt+log	2	1	1	1:1:4444 1:1:10064
1RB1RB_1RC0RC_1LD1RC_1RA1LD	1471	5244	14171	0.492	0.062	0.493	LR	1.00	0.01	sqrt	bouncer_part	sqrt+log	2	1	1	1:1:7866 1:1:6304
1RB1RC_0LA0LA_0RD0RC_1LD1LA	1757	5491	17131	0.495	0.062	0.495	LR	15825.50	0.01	sqrt	bouncer_part	sqrt+log	3	2	0	1:1:1277 1:0:2502 1:1:13352
1RB1RC_0LA0RD_0RD0RC_1LD1LA	1759	5491	17133	0.494	0.062	0.495	LR	15828.50	0.01	sqrt	bouncer_part	sqrt+log	3	2	0	1:1:1276 1:0:14537 1:1:1320
1RB1RC_0LA0RD_1LD0RC_1LD1LA	1316	4430	12259	0.485	0.062	0.486	LR	1.00	0.01	sqrt	bouncer_part	sqrt+log	3	2	0	1:1:29 1:0:1248 1:1:10982
1RB1RC_0RC0LA_0RD0RC_1LD1LA	1894	5924	18492	0.495	0.062	0.496	LR	14586.50	0.01	sqrt	bouncer_part	sqrt+log	3	2	0	1:1:3876 1:0:8968 1:1:5648
1RB1RC_0RC0RD_0RD0RC_1LD1LA	1896	5926	18494	0.495	0.062	0.495	LR	14589.50	0.01	sqrt	bouncer_part	sqrt+log	3	2	0	1:1:3875 1:0:5971 1:1:8648
1RB1RC_0RC0RD_1LD0RC_1LD1LA	1408	3944	13446	0.490	0.062	0.491	LR	1.00	0.01	sqrt	bouncer_part	sqrt+log	3	2	0	1:1:2938 1:0:4899 1:1:5609
1RB1RC_1LA0LA_0RD0RC_1LD1LA	1894	5924	18492	0.495	0.062	0.496	LR	14586.50	0.01	sqrt	bouncer_part	sqrt+log	3	2	0	1:1:3876 1:0:8966 1:1:5650
1RB1RC_1LA0RD_0RD0RC_1LD1LA	1896	5926	18494	0.495	0.062	0.495	LR	14589.50	0.01	sqrt	bouncer_part	sqrt+log	3	2	0	1:1:3875 1:0:5969 1:1:8650
1RB1RC_1LA0RD_1LD0RC_1LD1LA	1408	3944	13446	0.490	0.062	0.491	LR	1.00	0.01	sqrt	bouncer_part	sqrt+log	3	2	0	1:1:2938 1:0:4901 1:1:5607
1RB1RC_1RC0LA_0RD0RC_1LD1LA	1962	6302	19984	0.504	0.062	0.505	LR	10263.50	0.01	sqrt	bouncer_part	sqrt+log	3	2	0	1:1:9692 1:0:3721 1:1:6571
1RB1RC_1RC0RD_0RD0RC_1LD1LA	1968	6306	19988	0.503	0.062	0.504	LR	10269.50	0.01	sqrt	bouncer_part	sqrt+log	3	2	0	1:1:9690 1:0:5549 1:1:4749
1RB1RC_1RC0RD_1LD0RC_1LD1LA	1241	4235	14115	0.528	0.088	0.529	LR	1.00	0.01	sqrt	bouncer_part	sqrt+log	3	2	0	1:1:6364 1:0:956 1:1:6795
1RB1RD_0LC0LA_1LC1LA_0RC0RD	1757	5491	17131	0.495	0.055	0.495	LR	15825.50	0.01	sqrt	bouncer_part	sqrt+log	3	2	0	1:1:1277 1:0:2505 1:1:13349
1RB1RD_0LC0RC_1LC1LA_0RC0RD	1759	5491	17133	0.494	0.055	0.495	LR	15828.50	0.01	sqrt	bouncer_part	sqrt+log	3	2	0	1:1:1276 1:0:14538 1:1:1319
1RB1RD_0LC0RC_1LC1LA_1LC0RD	1408	3944	13446	0.490	0.057	0.491	LR	1.00	0.01	sqrt	bouncer_part	sqrt+log	3	2	0	1:1:2938 1:0:4902 1:1:5606
1RB1RD_0RC0LA_1LC1LA_0RC0RD	1757	5491	17131	0.495	0.062	0.495	LR	15825.50	0.01	sqrt	bouncer_part	sqrt+log	3	2	0	1:1:1277 1:0:2500 1:1:13354
1RB1RD_0RC0RC_1LC1LA_0RC0RD	1759	5491	17133	0.494	0.062	0.495	LR	15828.50	0.01	sqrt	bouncer_part	sqrt+log	3	2	0	1:1:1276 1:0:14535 1:1:1322
1RB1RD_0RC0RC_1LC1LA_1LC0RD	1408	3944	13446	0.490	0.062	0.491	LR	1.00	0.01	sqrt	bouncer_part	sqrt+log	3	2	0	1:1:2938 1:0:4899 1:1:5609
1RB1RD_1LB0RC_1LC1LA_0RC0RD	1759	5491	17133	0.494	0.062	0.495	LR	15828.50	0.01	sqrt	bouncer_part	sqrt+log	3	2	0	1:1:1276 1:0:14539 1:1:1318
1RB1RD_1LB0RC_1LC1LA_1LC0RD	1408	3944	13446	0.490	0.062	0.491	LR	1.00	0.01	sqrt	bouncer_part	sqrt+log	3	2	0	1:1:2938 1:0:4903 1:1:5605
1RB1RD_1LC0LA_1LC1LA_0RC0RD	1962	6302	19984	0.504	0.055	0.505	LR	10263.50	0.01	sqrt	bouncer_part	sqrt+log	3	2	0	1:1:9692 1:0:3730 1:1:6562
1RB1RD_1LC0LB_1RA0LD_0RB1RB	1583	5125	14845	0.486	0.487	0.057	LR	19899.50	0.01	sqrt	bouncer_part	sqrt+log	3	2	0	1:1:12172 1:0:1134 1:1:1539
1RB1RD_1LC0LB_1RA0LD_1RD1RB	1825	6189	19611	0.516	0.517	0.073	LR	6415.50	0.01	sqrt	bouncer_part	sqrt+log	3	2	0	1:1:3153 1:0:3303 1:1:13155
1RB1RD_1LC0LB_1RA1LC_0RB1RB	1587	5131	14847	0.486	0.487	0.057	LR	19905.50	0.01	sqrt	bouncer_part	sqrt+log	3	2	0	1:1:8582 1:0:4728 1:1:1537
1RB1RD_1LC0LB_1RA1LC_1RD1RB	1829	6193	19621	0.515	0.516	0.073	LR	6435.50	0.01	sqrt	bouncer_part	sqrt+log	3	2	0	1:1:2357 1:0:4119 1:1:13145
1RB1RD_1LC0RC_1LC1LA_0RC0RD	1968	6306	19988	0.503	0.055	0.504	LR	10269.50	0.01	sqrt	bouncer_part	sqrt+log	3	2	0	1:1:9690 1:0:5554 1:1:4744
1RB1RD_1LC0RC_1LC1LA_1LC0RD	1316	4430	12259	0.485	0.062	0.486	LR	1.00	0.01	sqrt	bouncer_part	sqrt+log	3	2	0	1:1:29 1:0:1246 1:1:10984
1RB1RD_1LC1LB_1RA0LB_0RB0LD	1018	3451	11516	0.527	0.527	0.000	L	1.00	0.00	sqrt	bouncer_part	sqrt+fix	3	2	15	1:1:3321 1:0:3298 1:1:4882
1RB1RD_1LC1RB_1RA1LC_0LB0RB	1607	4536	14509	0.478	0.057	0.479	LR	1.00	0.01	sqrt	bouncer_part	sqrt+log	2	1	1	1:1:4444 1:1:10064
1RB1RD_1LC1RB_1RA1LC_0LC0RB	1415	4674	16708	0.536	0.073	0.538	LR	1.00	0.01	sqrt	bouncer_part	sqrt+log	2	1	1	1:1:646 1:1:16061
1RB1RD_1LC1RB_1RA1LC_1LB0RB	1418	4675	16708	0.536	0.080	0.537	LR	1.00	0.01	sqrt	bouncer_part	sqrt+log	2	1	1	1:1:650 1:1:16057
1RB1RD_1LC1RB_1RA1LC_1LC0RB	1607	4536	14509	0.478	0.057	0.479	LR	1.00	0.01	sqrt	bouncer_part	sqrt+log	2	1	1	1:1:4444 1:1:10064
1RB1RD_1LC1RB_1RA1LC_1RB0RB	1418	4675	16708	0.536	0.080	0.537	LR	1.00	0.01	sqrt	bouncer_part	sqrt+log	2	1	1	1:1:650 1:1:16057
1RB1RD_1RC0LA_1LC1LA_0RC0RD	1977	6223	19503	0.497	0.062	0.498	LR	12822.50	0.01	sqrt	bouncer_part	sqrt+log	3	2	0	1:1:6651 1:0:219 1:1:12633
1RB1RD_1RC0RC_1LC1LA_0RC0RD	1981	6225	19505	0.497	0.062	0.497	LR	12825.50	0.01	sqrt	bouncer_part	sqrt+log	3	2	0	1:1:6650 1:0:7310 1:1:5545
1RB1RD_1RC0RC_1LC1LA_1LC0RD	1241	4235	14115	0.528	0.088	0.529	LR	1.00	0.01	sqrt	bouncer_part	sqrt+log	3	2	0	1:1:6364 1:0:956 1:1:6795
