machine,status,anchor,k0,meta_a,meta_b,kmin,nrules,qh,score
0RB---_0LC0RA_0LD1LC_1RA1RB,undecided,0,0,0,0,0,0,?,0
0RB---_0LC0RA_0LD1RA_1RB1LC,undecided,0,0,0,0,0,0,?,0
0RB---_0LC1RB_0LD0RA_1RA1LC,undecided,0,0,0,0,0,0,?,0
0RB---_1LC1LB_1RD1LA_0LB0RD,undecided,0,0,0,0,0,0,?,0
0RB---_1LC1RA_0LD---_0RA0LC,undecided,0,0,0,0,0,0,?,0
0RB---_1LC1RD_1LA1LB_0LB0RD,undecided,0,0,0,0,0,0,?,0
0RB---_1RC---_1LD0RC_0LD0LA,undecided,0,0,0,0,0,0,?,0
0RB---_1RC0LA_1LD0RC_0LD1LA,undecided,0,0,0,0,0,0,?,0
0RB---_1RC0RB_1LD1RB_1LA0LD,undecided,0,0,0,0,0,0,?,0
0RB0LA_0LC0RD_1LA1LC_1RB1LD,undecided,0,0,0,0,0,0,?,0
0RB0LA_0LC0RD_1LA1LC_1RC1RD,undecided,0,0,0,0,0,0,?,0
0RB0LA_0LC0RD_1LA1RD_1RC---,undecided,0,0,0,0,0,0,?,0
0RB0LA_0LC1RD_0RD1LC_1LA1RB,undecided,0,0,0,0,0,0,?,0
0RB0LA_0RC1LD_1LA1RD_1RC---,undecided,0,0,0,0,0,0,?,0
0RB0LA_0RC1RB_0LD1RC_1LA1LD,undecided,0,0,0,0,0,0,?,0
0RB0LA_0RC1RB_1LD---_1LA---,undecided,0,0,0,0,0,0,?,0
0RB0LA_0RC1RC_1LD0LD_1LA1RB,undecided,0,0,0,0,0,0,?,0
0RB0LA_0RC1RC_1LD1RB_1LA---,undecided,0,0,0,0,0,0,?,0
0RB0LA_0RC1RC_1LD1RD_1LA1RB,undecided,0,0,0,0,0,0,?,0
0RB0LA_0RC1RD_1LA1LC_0LC1RB,undecided,0,0,0,0,0,0,?,0
0RB0LA_0RC1RD_1LD---_1LA1RB,undecided,0,0,0,0,0,0,?,0
0RB0LA_1LA0LC_0RD1LC_1RB1RD,undecided,0,0,0,0,0,0,?,0
0RB0LA_1LA0RC_0LD1RC_1RB1LD,undecided,0,0,0,0,0,0,?,0
0RB0LA_1LA0RC_1LD---_1RD1RB,undecided,0,0,0,0,0,0,?,0
0RB0LA_1LA0RC_1LD1RB_1RC---,undecided,0,0,0,0,0,0,?,0
0RB0LA_1LA0RC_1LD1RB_1RD1RC,undecided,0,0,0,0,0,0,?,0
0RB0LA_1LA1LC_0RD0LC_1RD1RB,undecided,0,0,0,0,0,0,?,0
0RB0LA_1LA1LC_0RD1LB_1RB1RD,undecided,0,0,0,0,0,0,?,0
0RB0LA_1LA1LC_0RD1LC_1RB1RD,undecided,0,0,0,0,0,0,?,0
0RB0LA_1LA1LC_0RD1RD_1LB1RC,undecided,0,0,0,0,0,0,?,0
0RB0LA_1LA1RC_0LC1RD_1RB---,undecided,0,0,0,0,0,0,?,0
0RB0LA_1LA1RC_0LD---_1RB1RD,undecided,0,0,0,0,0,0,?,0
0RB0LA_1LA1RC_0LD0RC_1LD1RB,undecided,0,0,0,0,0,0,?,0
0RB0LA_1LA1RC_0LD1RB_0RC1LD,undecided,0,0,0,0,0,0,?,0
0RB0LA_1LA1RC_0RD1RB_1LB---,undecided,0,0,0,0,0,0,?,0
0RB0LA_1LA1RC_0RD1RC_1LB---,undecided,0,0,0,0,0,0,?,0
0RB0LA_1LA1RC_0RD1RD_1LB0LB,undecided,0,0,0,0,0,0,?,0
0RB0LA_1LA1RC_0RD1RD_1LB1RB,undecided,0,0,0,0,0,0,?,0
0RB0LA_1LA1RC_0RD1RD_1LB1RC,undecided,0,0,0,0,0,0,?,0
0RB0LA_1LA1RC_1LA1RD_1RB---,undecided,0,0,0,0,0,0,?,0
0RB0LA_1LA1RC_1LA1RD_1RC---,undecided,0,0,0,0,0,0,?,0
0RB0LA_1LA1RC_1LB1LD_0RC1RD,undecided,0,0,0,0,0,0,?,0
0RB0LA_1LA1RC_1LB1RD_1RB---,undecided,0,0,0,0,0,0,?,0
0RB0LA_1LA1RC_1LC1RD_---1RB,undecided,0,0,0,0,0,0,?,0
0RB0LA_1LA1RC_1LD---_1RB1RD,undecided,0,0,0,0,0,0,?,0
0RB0LA_1LA1RC_1LD1RB_0RB1LD,undecided,0,0,0,0,0,0,?,0
0RB0LA_1LA1RC_1LD1RB_0RC1LD,undecided,0,0,0,0,0,0,?,0
0RB0LA_1LA1RC_1RB---_------,undecided,0,0,0,0,0,0,?,0
0RB0LA_1LA1RC_1RD---_0LD1RB,undecided,0,0,0,0,0,0,?,0
0RB0LA_1LA1RC_1RD---_1LA1RB,undecided,0,0,0,0,0,0,?,0
0RB0LA_1LA1RC_1RD---_1LA1RC,undecided,0,0,0,0,0,0,?,0
0RB0LA_1LA1RC_1RD---_1RB---,undecided,0,0,0,0,0,0,?,0
0RB0LA_1LA1RC_1RD0RD_1LB1RB,undecided,0,0,0,0,0,0,?,0
0RB0LA_1LA1RC_1RD1RB_1LB---,undecided,0,0,0,0,0,0,?,0
0RB0LA_1LC---_0RD1LA_1RB1RD,undecided,0,0,0,0,0,0,?,0
0RB0LA_1LC0LC_0RD1LA_1RD1RB,undecided,0,0,0,0,0,0,?,0
0RB0LA_1LC0RA_1LD---_1RB0LC,undecided,0,0,0,0,0,0,?,0
0RB0LA_1LC0RC_1LA1RD_0RB1RC,undecided,0,0,0,0,0,0,?,0
0RB0LA_1LC0RC_1LA1RD_1RB1RC,undecided,0,0,0,0,0,0,?,0
0RB0LA_1LC0RC_1LA1RD_1RC---,undecided,0,0,0,0,0,0,?,0
0RB0LA_1LC0RD_1LA1LB_1RC1RD,undecided,0,0,0,0,0,0,?,0
0RB0LA_1LC0RD_1LA1LC_1RC1RD,undecided,0,0,0,0,0,0,?,0
0RB0LA_1LC0RD_1LA1RD_1LB1RC,undecided,0,0,0,0,0,0,?,0
0RB0LA_1LC0RD_1LD0LC_1RB1RA,irules,198601,33,1,1,5,9,F,0
0RB0LA_1LC1LD_0RD1RC_1LA1RB,undecided,0,0,0,0,0,0,?,0
0RB0LA_1LC1LD_1RD0RD_1LA0RC,irules,88164,255,0,0,5,6,F,0
0RB0LA_1LC1RB_0RD0LC_1RD1LA,undecided,0,0,0,0,0,0,?,0
0RB0LA_1LC1RB_1LA0RD_0RA1RC,undecided,0,0,0,0,0,0,?,0
0RB0LA_1LC1RD_0LD1LA_0RD1RB,undecided,0,0,0,0,0,0,?,0
0RB0LA_1LC1RD_0RB0LA_1RB---,undecided,0,0,0,0,0,0,?,0
0RB0LA_1LC1RD_0RB1LC_1LA1RB,undecided,0,0,0,0,0,0,?,0
0RB0LA_1LC1RD_0RC1LA_1RB1RC,undecided,0,0,0,0,0,0,?,0
0RB0LA_1LC1RD_0RD0LC_1RB1LA,undecided,0,0,0,0,0,0,?,0
0RB0LA_1LC1RD_0RD1LA_---1RB,undecided,0,0,0,0,0,0,?,0
0RB0LA_1LC1RD_0RD1LC_1LA1RB,undecided,0,0,0,0,0,0,?,0
0RB0LA_1LC1RD_1LA0LC_1RB0RD,undecided,0,0,0,0,0,0,?,0
0RB0LA_1RC---_0LC1RD_1LA1RB,undecided,0,0,0,0,0,0,?,0
0RB0LA_1RC---_0LD1RB_1LA1RD,undecided,0,0,0,0,0,0,?,0
0RB0LA_1RC---_1LA0LD_1RB1RD,undecided,0,0,0,0,0,0,?,0
0RB0LA_1RC---_1LA1LD_1RB1RD,undecided,0,0,0,0,0,0,?,0
0RB0LA_1RC---_1LA1RB_------,undecided,0,0,0,0,0,0,?,0
0RB0LA_1RC---_1LA1RD_0LD1RB,undecided,0,0,0,0,0,0,?,0
0RB0LA_1RC---_1LA1RD_1LA1RB,undecided,0,0,0,0,0,0,?,0
0RB0LA_1RC---_1LA1RD_1LC1RB,undecided,0,0,0,0,0,0,?,0
0RB0LA_1RC---_1LA1RD_1RB---,undecided,0,0,0,0,0,0,?,0
0RB0LA_1RC---_1LA1RD_1RC---,undecided,0,0,0,0,0,0,?,0
0RB0LA_1RC---_1LC1RD_1RB1LA,undecided,0,0,0,0,0,0,?,0
0RB0LA_1RC---_1LD1RB_---0LA,undecided,0,0,0,0,0,0,?,0
0RB0LA_1RC---_1LD1RD_1RB0LA,undecided,0,0,0,0,0,0,?,0
0RB0LA_1RC---_1RD---_1LA1RB,undecided,0,0,0,0,0,0,?,0
0RB0LA_1RC---_1RD---_1LA1RC,undecided,0,0,0,0,0,0,?,0
0RB0LA_1RC---_1RD0LA_1LC1RB,undecided,0,0,0,0,0,0,?,0
0RB0LA_1RC---_1RD1RB_1LA0LC,undecided,0,0,0,0,0,0,?,0
0RB0LA_1RC0LA_1LB1RD_1RB---,undecided,0,0,0,0,0,0,?,0
0RB0LA_1RC0LA_1LB1RD_1RC---,undecided,0,0,0,0,0,0,?,0
0RB0LA_1RC0LA_1RD---_1LB1RB,undecided,0,0,0,0,0,0,?,0
0RB0LA_1RC0LA_1RD---_1LB1RC,undecided,0,0,0,0,0,0,?,0
0RB0LA_1RC0LC_1LA0RD_1LC0RD,undecided,0,0,0,0,0,0,?,0
0RB0LA_1RC0LC_1LA1RD_1LC0RD,undecided,0,0,0,0,0,0,?,0
0RB0LA_1RC0LC_1LD0RC_1LA0LA,undecided,0,0,0,0,0,0,?,0
0RB0LA_1RC0LC_1LD0RC_1LA1RC,undecided,0,0,0,0,0,0,?,0
0RB0LA_1RC0LD_0RD1RB_1LA---,undecided,0,0,0,0,0,0,?,0
0RB0LA_1RC0LD_1LA0RC_1LD1RB,undecided,0,0,0,0,0,0,?,0
0RB0LA_1RC0LD_1LA1RD_1LC0RD,undecided,0,0,0,0,0,0,?,0
0RB0LA_1RC0RC_0LD1RB_1LA1LD,undecided,0,0,0,0,0,0,?,0
0RB0LA_1RC0RC_1LD0LD_1RB1LA,undecided,0,0,0,0,0,0,?,0
0RB0LA_1RC0RC_1LD1LA_1LB1RD,undecided,0,0,0,0,0,0,?,0
0RB0LA_1RC0RC_1LD1RB_1LA0LD,undecided,0,0,0,0,0,0,?,0
0RB0LA_1RC0RC_1RD1RC_1LA1LD,undecided,0,0,0,0,0,0,?,0
0RB0LA_1RC0RD_1LA1LC_1RB1RD,undecided,0,0,0,0,0,0,?,0
0RB0LA_1RC0RD_1LA1LC_1RC1RD,undecided,0,0,0,0,0,0,?,0
0RB0LA_1RC0RD_1RD1RB_1LA1LB,undecided,0,0,0,0,0,0,?,0
0RB0LA_1RC1LA_1LD1RB_0RC0LD,undecided,0,0,0,0,0,0,?,0
0RB0LA_1RC1LA_1RD---_1LD1RB,undecided,0,0,0,0,0,0,?,0
0RB0LA_1RC1LA_1RD0RD_1LB0LB,undecided,0,0,0,0,0,0,?,0
0RB0LA_1RC1LA_1RD1RB_0LB---,undecided,0,0,0,0,0,0,?,0
0RB0LA_1RC1LA_1RD1RC_1LB---,undecided,0,0,0,0,0,0,?,0
0RB0LA_1RC1LB_0RD1RD_1LA1RB,undecided,0,0,0,0,0,0,?,0
0RB0LA_1RC1LB_1LA0RD_0LB1RD,undecided,0,0,0,0,0,0,?,0
0RB0LA_1RC1LB_1RD1RB_1LA0RD,undecided,0,0,0,0,0,0,?,0
0RB0LA_1RC1LC_0LC1RD_1LA0RD,undecided,0,0,0,0,0,0,?,0
0RB0LA_1RC1LC_1LA0RD_0RC0LC,undecided,0,0,0,0,0,0,?,0
0RB0LA_1RC1LC_1LA1LD_0RC1RD,undecided,0,0,0,0,0,0,?,0
0RB0LA_1RC1LD_0RD0LD_1LA1RB,undecided,0,0,0,0,0,0,?,0
0RB0LA_1RC1LD_0RD1RC_1LA---,undecided,0,0,0,0,0,0,?,0
0RB0LA_1RC1LD_0RD1RD_1LA1RB,undecided,0,0,0,0,0,0,?,0
0RB0LA_1RC1LD_1LA0RC_0LD0LA,undecided,0,0,0,0,0,0,?,0
0RB0LA_1RC1LD_1LA0RC_0LD1RC,undecided,0,0,0,0,0,0,?,0
0RB0LA_1RC1LD_1LA0RC_1RD1RB,undecided,0,0,0,0,0,0,?,0
0RB0LA_1RC1RB_0LD0RC_1LD1LA,undecided,0,0,0,0,0,0,?,0
0RB0LA_1RC1RB_0LD1LC_0RA1LA,undecided,0,0,0,0,0,0,?,0
0RB0LA_1RC1RB_0LD1LC_0RD1LA,undecided,0,0,0,0,0,0,?,0
0RB0LA_1RC1RB_0RD---_1LD1LA,undecided,0,0,0,0,0,0,?,0
0RB0LA_1RC1RB_1LA0LD_0RB1LD,undecided,0,0,0,0,0,0,?,0
0RB0LA_1RC1RB_1LA0LD_0RC1LD,undecided,0,0,0,0,0,0,?,0
0RB0LA_1RC1RB_1LA0RD_1LD1LA,undecided,0,0,0,0,0,0,?,0
0RB0LA_1RC1RB_1LA1LD_0RB1LD,undecided,0,0,0,0,0,0,?,0
0RB0LA_1RC1RB_1LA1RD_0LB---,undecided,0,0,0,0,0,0,?,0
0RB0LA_1RC1RB_1LA1RD_1LB---,undecided,0,0,0,0,0,0,?,0
0RB0LA_1RC1RB_1LD---_---1LA,undecided,0,0,0,0,0,0,?,0
0RB0LA_1RC1RB_1LD0RC_1LB0LA,undecided,0,0,0,0,0,0,?,0
0RB0LA_1RC1RB_1RD---_1LA0LB,undecided,0,0,0,0,0,0,?,0
0RB0LA_1RC1RB_1RD---_1LA1LB,undecided,0,0,0,0,0,0,?,0
0RB0LA_1RC1RD_0LB1RB_1LA---,undecided,0,0,0,0,0,0,?,0
0RB0LA_1RC1RD_0LD---_1RB1LA,undecided,0,0,0,0,0,0,?,0
0RB0LA_1RC1RD_1LA0LB_1RB---,undecided,0,0,0,0,0,0,?,0
0RB0LA_1RC1RD_1LA0RD_1LD1RB,undecided,0,0,0,0,0,0,?,0
0RB0LA_1RC1RD_1LA1LB_---1RB,undecided,0,0,0,0,0,0,?,0
0RB0LA_1RC1RD_1LB1RB_---1LA,undecided,0,0,0,0,0,0,?,0
0RB0LA_1RC1RD_1LC1LA_---1RB,undecided,0,0,0,0,0,0,?,0
0RB0LA_1RC1RD_1LD---_1LA1RB,undecided,0,0,0,0,0,0,?,0
0RB0LA_1RC1RD_1LD1RB_---1LA,undecided,0,0,0,0,0,0,?,0
0RB0LB_0RC0LA_1RD1RC_1LA1LD,undecided,0,0,0,0,0,0,?,0
0RB0LB_0RC1LB_1LA1RC_------,irules,197791,83,1,1,3,1,F,0
0RB0LB_0RC1LB_1LA1RD_0LD1RC,undecided,0,0,0,0,0,0,?,0
0RB0LB_0RC1LB_1LA1RD_1LA1RC,undecided,0,0,0,0,0,0,?,0
0RB0LB_0RC1LB_1LA1RD_1LA1RD,irules,197791,83,1,1,3,1,F,0
0RB0LB_0RC1LB_1LD1RC_0LA1LA,undecided,0,0,0,0,0,0,?,0
0RB0LB_0RC1LB_1LD1RC_0RB1LA,undecided,0,0,0,0,0,0,?,0
0RB0LB_0RC1LB_1LD1RC_0RC1LA,undecided,0,0,0,0,0,0,?,0
0RB0LB_0RC1LB_1LD1RC_0RD1LA,undecided,0,0,0,0,0,0,?,0
0RB0LB_0RC1LB_1LD1RC_1LA0RA,irules,195977,65,1,1,3,1,F,0
0RB0LB_0RC1LB_1LD1RC_1LA1LA,irules,196374,66,1,1,2,1,F,0
0RB0LB_0RC1LB_1LD1RC_1RA1LA,irules,196770,66,1,1,2,1,F,0
0RB0LB_0RC1LB_1LD1RD_1LA1RD,irules,190426,104,1,2,3,1,F,0
0RB0LB_0RC1LB_1RD1RC_1LD0LA,irules,197541,83,1,1,3,1,F,0
0RB0LB_0RC1LD_1LA1RC_0RC1LB,undecided,0,0,0,0,0,0,?,0
0RB0LB_0RC1LD_1LA1RC_0RC1LD,irules,197791,83,1,1,3,1,F,0
0RB0LB_0RC1LD_1LA1RC_0RD1LB,undecided,0,0,0,0,0,0,?,0
0RB0LB_0RC1LD_1LB1RC_0LA1LA,undecided,0,0,0,0,0,0,?,0
0RB0LB_1LC0LD_1RD0RA_1LB0RC,undecided,0,0,0,0,0,0,?,0
0RB0LB_1LC0RC_1RD0LA_1RB1RC,undecided,0,0,0,0,0,0,?,0
0RB0LB_1LC0RD_1LA0LA_1LB1RB,undecided,0,0,0,0,0,0,?,0
0RB0LB_1LC0RD_1LA1RB_1LC1RD,undecided,0,0,0,0,0,0,?,0
0RB0LB_1LC1LB_0RC0RD_1LA1RD,irules,197624,82,1,1,3,1,F,0
0RB0LB_1LC1RA_0LD0LC_1RD1LB,undecided,0,0,0,0,0,0,?,0
0RB0LB_1LC1RD_0LD0LC_1RA1LC,undecided,0,0,0,0,0,0,?,0
0RB0LB_1LC1RD_1LA0RD_1RB1RC,undecided,0,0,0,0,0,0,?,0
0RB0LB_1RC0LA_1LB1RD_1RC---,undecided,0,0,0,0,0,0,?,0
0RB0LB_1RC0LA_1RD---_1LA1RC,undecided,0,0,0,0,0,0,?,0
0RB0LB_1RC0LC_1RD0LA_1LB1RB,undecided,0,0,0,0,0,0,?,0
0RB0LB_1RC1RD_0LD0LC_1RA1LC,undecided,0,0,0,0,0,0,?,0
0RB0LC_0LC0RD_1RD1LC_1RB1LA,undecided,0,0,0,0,0,0,?,0
0RB0LC_0RC1RB_1LD0LA_1LA---,undecided,0,0,0,0,0,0,?,0
0RB0LC_1LA1LC_0RD0LA_1RD1RB,undecided,0,0,0,0,0,0,?,0
0RB0LC_1LA1LC_1RD0RD_0LA1RB,undecided,0,0,0,0,0,0,?,0
0RB0LC_1LA1RB_0RB0LD_0RB1LD,undecided,0,0,0,0,0,0,?,0
0RB0LC_1LA1RB_0RB1LC_------,irules,197624,83,1,1,3,1,F,0
0RB0LC_1LA1RB_0RB1LD_0RB1LC,undecided,0,0,0,0,0,0,?,0
0RB0LC_1LA1RB_0RB1LD_0RB1LD,irules,197624,83,1,1,3,1,F,0
0RB0LC_1LA1RB_0RB1LD_0RD1LC,undecided,0,0,0,0,0,0,?,0
0RB0LC_1LA1RB_0RD0LA_1RD1LB,undecided,0,0,0,0,0,0,?,0
0RB0LC_1LA1RB_0RD0LA_1RD1LC,undecided,0,0,0,0,0,0,?,0
0RB0LC_1LA1RB_0RD0LA_1RD1RB,undecided,0,0,0,0,0,0,?,0
0RB0LC_1LA1RB_0RD1LA_1LC1RD,undecided,0,0,0,0,0,0,?,0
0RB0LC_1LA1RB_0RD1LC_0LA0LA,irules,196644,81,1,1,3,1,F,0
0RB0LC_1LA1RB_0RD1LC_0LA1LA,irules,197293,82,1,1,3,1,F,0
0RB0LC_1LA1RB_0RD1LC_0LA1RB,irules,197788,83,1,1,3,1,F,0
0RB0LC_1LA1RB_0RD1LC_1LA0LA,irules,196484,81,1,1,3,1,F,0
0RB0LC_1LA1RB_0RD1LC_1LA1LA,irules,197131,82,1,1,3,1,F,0
0RB0LC_1LA1RB_0RD1LC_1LA1RB,irules,197624,83,1,1,3,1,F,0
0RB0LC_1LA1RB_0RD1LC_1LB0LA,irules,195113,103,1,2,3,1,F,0
0RB0LC_1LA1RB_0RD1LC_1LB1LA,irules,190013,103,1,2,3,1,F,0
0RB0LC_1LA1RB_0RD1LC_1LB1RA,undecided,0,0,0,0,0,0,?,0
0RB0LC_1LA1RB_0RD1LC_1LB1RB,irules,195836,105,1,2,3,1,F,0
0RB0LC_1LA1RB_0RD1LC_1LC0LA,irules,196804,81,1,1,3,1,F,0
0RB0LC_1LA1RB_0RD1LC_1LC1LA,irules,197293,82,1,1,3,1,F,0
0RB0LC_1LA1RB_0RD1LC_1RB0LA,irules,196324,81,1,1,3,1,F,0
0RB0LC_1LA1RB_0RD1LC_1RB1LA,irules,196969,82,1,1,3,1,F,0
0RB0LC_1LA1RB_0RD1LC_1RC0LA,irules,196964,81,1,1,3,1,F,0
0RB0LC_1LA1RB_0RD1LC_1RC1LA,irules,197455,82,1,1,3,1,F,0
0RB0LC_1LA1RB_1LD1LC_0RD0RB,irules,197293,82,1,1,3,1,F,0
0RB0LC_1LA1RB_1RC1RD_1LA0RB,undecided,0,0,0,0,0,0,?,0
0RB0LC_1LA1RC_1RB0LA_------,undecided,0,0,0,0,0,0,?,0
0RB0LC_1LA1RC_1RB0LD_0RB0LC,undecided,0,0,0,0,0,0,?,0
0RB0LC_1LA1RC_1RB1RD_0LD0LA,undecided,0,0,0,0,0,0,?,0
0RB0LC_1LA1RC_1RD0LA_1LA1RC,undecided,0,0,0,0,0,0,?,0
0RB0LC_1LC---_0RD0LA_1RB1RD,undecided,0,0,0,0,0,0,?,0
0RB0LC_1LC0LA_1RD0LC_0RD1LA,undecided,0,0,0,0,0,0,?,0
0RB0LC_1LC0LA_1RD1RB_0RD1LA,undecided,0,0,0,0,0,0,?,0
0RB0LC_1LC0RC_1RD1LB_1LA0RD,undecided,0,0,0,0,0,0,?,0
0RB0LC_1LC0RD_1LA0LA_1RB1LD,undecided,0,0,0,0,0,0,?,0
0RB0LC_1LC0RD_1LA0LB_1RB1RC,irules,197500,82,1,2,10,1,F,0
0RB0LC_1LC0RD_1LA1LB_1RB0LC,irules,191555,65,1,1,10,1,F,0
0RB0LC_1LC1LA_0RD0LA_1RD1RB,undecided,0,0,0,0,0,0,?,0
0RB0LC_1LC1RA_0LD---_0RA1LD,undecided,0,0,0,0,0,0,?,0
0RB0LC_1LC1RB_0LD1LA_0RA---,undecided,0,0,0,0,0,0,?,0
0RB0LC_1LC1RB_0LD1LA_1RA0RA,undecided,0,0,0,0,0,0,?,0
0RB0LC_1LC1RB_0LD1LA_1RA0RC,undecided,0,0,0,0,0,0,?,0
0RB0LC_1LC1RB_0LD1LA_1RC0RA,undecided,0,0,0,0,0,0,?,0
0RB0LC_1LC1RB_0LD1LD_0RA1LA,undecided,0,0,0,0,0,0,?,0
0RB0LC_1LC1RB_0RC1LD_1LA1LA,undecided,0,0,0,0,0,0,?,0
0RB0LC_1LC1RB_0RC1LD_1RC1LA,undecided,0,0,0,0,0,0,?,0
0RB0LC_1LC1RB_0RD0LA_1RD1LA,undecided,0,0,0,0,0,0,?,0
0RB0LC_1LC1RB_0RD0LA_1RD1RB,undecided,0,0,0,0,0,0,?,0
0RB0LC_1LC1RB_0RD1LA_0LA1LA,undecided,0,0,0,0,0,0,?,0
0RB0LC_1LC1RB_0RD1LA_0LA1RB,undecided,0,0,0,0,0,0,?,0
0RB0LC_1LC1RB_0RD1LA_1LB0RC,undecided,0,0,0,0,0,0,?,0
0RB0LC_1LC1RB_0RD1LA_1LC1LA,undecided,0,0,0,0,0,0,?,0
0RB0LC_1LC1RB_0RD1LD_0LA1LA,undecided,0,0,0,0,0,0,?,0
0RB0LC_1LC1RB_0RD1LD_1LA1LA,undecided,0,0,0,0,0,0,?,0
0RB0LC_1LC1RB_0RD1LD_1LC1LA,undecided,0,0,0,0,0,0,?,0
0RB0LC_1LC1RB_0RD1LD_1RC1LA,undecided,0,0,0,0,0,0,?,0
0RB0LC_1LC1RB_1LA0LD_0RA0RB,undecided,0,0,0,0,0,0,?,0
0RB0LC_1LC1RB_1LA0LD_0RC0RB,undecided,0,0,0,0,0,0,?,0
0RB0LC_1LC1RB_1LA0RD_1RC0LA,undecided,0,0,0,0,0,0,?,0
0RB0LC_1LC1RB_1LA0RD_1RC1LC,undecided,0,0,0,0,0,0,?,0
0RB0LC_1LC1RB_1LA1LD_0RB1LA,undecided,0,0,0,0,0,0,?,0
0RB0LC_1LC1RB_1LA1RD_0LA0RB,undecided,0,0,0,0,0,0,?,0
0RB0LC_1LC1RB_1LD0LD_1LA0RC,undecided,0,0,0,0,0,0,?,0
0RB0LC_1LC1RB_1LD1LD_0RB1LA,undecided,0,0,0,0,0,0,?,0
0RB0LC_1LC1RB_1RB1LD_0RB1LA,undecided,0,0,0,0,0,0,?,0
0RB0LC_1LC1RB_1RD1LA_1LD0RC,undecided,0,0,0,0,0,0,?,0
0RB0LC_1LC1RD_0RB1LA_1RB0LC,undecided,0,0,0,0,0,0,?,0
0RB0LC_1LC1RD_1LA0LA_0RB1RB,undecided,0,0,0,0,0,0,?,0
0RB0LC_1LC1RD_1LA0LC_0RB1RB,undecided,0,0,0,0,0,0,?,0
0RB0LC_1LC1RD_1LA0LC_0RB1RD,undecided,0,0,0,0,0,0,?,0
0RB0LC_1LC1RD_1LA0LC_1RA0RB,undecided,0,0,0,0,0,0,?,0
0RB0LC_1LC1RD_1LA0LC_1RA0RC,undecided,0,0,0,0,0,0,?,0
0RB0LC_1LC1RD_1LA0LC_1RA0RD,undecided,0,0,0,0,0,0,?,0
0RB0LC_1LC1RD_1LA1LB_1RC0RB,undecided,0,0,0,0,0,0,?,0
0RB0LC_1LC1RD_1LA1LB_1RC0RD,undecided,0,0,0,0,0,0,?,0
0RB0LC_1RC---_1RD0LA_1LA1RC,undecided,0,0,0,0,0,0,?,0
0RB0LC_1RC0LB_1RD0LA_1LA0RD,undecided,0,0,0,0,0,0,?,0
0RB0LC_1RC0LC_1RD0LA_1LB1RC,undecided,0,0,0,0,0,0,?,0
0RB0LC_1RC1RB_1LA0LD_0RC1LD,irules,197842,64,1,1,4,2,F,0
0RB0LC_1RC1RB_1LA0RD_1LC0LA,irules,197961,44,1,1,5,4,F,0
0RB0LC_1RC1RB_1LA0RD_1LC1RC,irules,194177,44,1,1,5,4,F,0
0RB0LC_1RC1RB_1LD0LA_---1LA,undecided,0,0,0,0,0,0,?,0
0RB0LC_1RC1RB_1RD0LA_1LA0LB,undecided,0,0,0,0,0,0,?,0
0RB0LC_1RC1RD_0LC1LA_1LB0RD,undecided,0,0,0,0,0,0,?,0
0RB0LC_1RC1RD_1LA1LC_1LD0RB,undecided,0,0,0,0,0,0,?,0
0RB0LC_1RC1RD_1LB0LA_1LC0RD,undecided,0,0,0,0,0,0,?,0
0RB0LC_1RC1RD_1LB1LA_1LB0RD,undecided,0,0,0,0,0,0,?,0
0RB0LC_1RC1RD_1LB1LA_1LC0RD,undecided,0,0,0,0,0,0,?,0
0RB0LD_0LC1RB_1LD1RC_0RC1LA,undecided,0,0,0,0,0,0,?,0
0RB0LD_0LC1RB_1RD1LC_0LB1RA,irules,196242,65,1,1,2,1,F,0
0RB0LD_0LC1RB_1RD1LC_0LC1RA,irules,196110,65,1,1,2,1,F,0
0RB0LD_0LC1RB_1RD1LC_1LB1RA,irules,191817,65,1,1,2,1,F,0
0RB0LD_0LC1RB_1RD1LC_1LC1RA,irules,191557,65,1,1,2,1,F,0
0RB0LD_0LC1RB_1RD1LC_1RB1RA,irules,191687,65,1,1,2,1,F,0
0RB0LD_0LC1RD_1RB1LC_0LC1RA,undecided,0,0,0,0,0,0,?,0
0RB0LD_0RC---_1LD1RB_0LA---,undecided,0,0,0,0,0,0,?,0
0RB0LD_0RC1LB_1LA1RC_0LA0LB,undecided,0,0,0,0,0,0,?,0
0RB0LD_0RC1LB_1LA1RC_0LA1LB,irules,197955,83,1,1,3,1,F,0
0RB0LD_0RC1LB_1LA1RC_0LA1LD,irules,197458,82,1,1,3,1,F,0
0RB0LD_0RC1LB_1LA1RC_0RC0LB,undecided,0,0,0,0,0,0,?,0
0RB0LD_0RC1LB_1LA1RC_0RC1LB,irules,197791,83,1,1,3,1,F,0
0RB0LD_0RC1LB_1LD1RC_0RC1LA,undecided,0,0,0,0,0,0,?,0
0RB0LD_0RC1LD_1LA1RB_0LA---,undecided,0,0,0,0,0,0,?,0
0RB0LD_0RC1LD_1LA1RC_0LA1LD,irules,197622,82,1,1,3,1,F,0
0RB0LD_0RC1LD_1LA1RC_0RC1LB,undecided,0,0,0,0,0,0,?,0
0RB0LD_0RC1RB_1LD---_1LA0LA,undecided,0,0,0,0,0,0,?,0
0RB0LD_0RC1RB_1LD1LA_0LA---,undecided,0,0,0,0,0,0,?,0
0RB0LD_0RC1RB_1LD1LA_1LA0LD,undecided,0,0,0,0,0,0,?,0
0RB0LD_0RC1RB_1LD1RB_1LA0LD,undecided,0,0,0,0,0,0,?,0
0RB0LD_0RC1RB_1LD1RC_0LA1LA,undecided,0,0,0,0,0,0,?,0
0RB0LD_0RC1RB_1LD1RC_1RC1LA,undecided,0,0,0,0,0,0,?,0
0RB0LD_0RC1RB_1RD0RD_1LA0RC,undecided,0,0,0,0,0,0,?,0
0RB0LD_0RC1RC_1LA1RB_0LA1LD,undecided,0,0,0,0,0,0,?,0
0RB0LD_0RC1RC_1LA1RC_0LA1LD,irules,197294,82,1,1,3,1,F,0
0RB0LD_1LA0RC_1RB---_0LA---,undecided,0,0,0,0,0,0,?,0
0RB0LD_1LA1RC_0LC1RB_0RB1LD,undecided,0,0,0,0,0,0,?,0
0RB0LD_1LA1RC_0LC1RD_1RB0LA,undecided,0,0,0,0,0,0,?,0
0RB0LD_1LA1RC_0RD1RB_1LD0LA,undecided,0,0,0,0,0,0,?,0
0RB0LD_1LA1RC_0RD1RC_1LD0LA,undecided,0,0,0,0,0,0,?,0
0RB0LD_1LA1RC_1LA1RB_0RB1LD,undecided,0,0,0,0,0,0,?,0
0RB0LD_1LA1RC_1LA1RB_0RC1LD,undecided,0,0,0,0,0,0,?,0
0RB0LD_1LA1RC_1LA1RC_0RB1LD,irules,197624,83,1,1,3,1,F,0
0RB0LD_1LA1RC_1LB1RB_---0LA,undecided,0,0,0,0,0,0,?,0
0RB0LD_1LA1RC_1LD0RC_1RB0LA,undecided,0,0,0,0,0,0,?,0
0RB0LD_1LA1RC_1LD1RB_---0LA,undecided,0,0,0,0,0,0,?,0
0RB0LD_1LA1RC_1RB---_---0LA,undecided,0,0,0,0,0,0,?,0
0RB0LD_1LA1RC_1RB---_0RB0LD,undecided,0,0,0,0,0,0,?,0
0RB0LD_1LA1RC_1RB0RD_1LA1LB,irules,185275,70,1,2,9,1,F,0
0RB0LD_1LA1RC_1RD0LA_1RB0LC,undecided,0,0,0,0,0,0,?,0
0RB0LD_1LC0RB_1LD1RC_0RC1LA,undecided,0,0,0,0,0,0,?,0
0RB0LD_1LC0RC_1LA1RD_1RC0LA,undecided,0,0,0,0,0,0,?,0
0RB0LD_1LC0RD_1LA0LC_1RB1LD,undecided,0,0,0,0,0,0,?,0
0RB0LD_1LC1RB_0LD0LA_1RD0RB,undecided,0,0,0,0,0,0,?,0
0RB0LD_1LC1RB_0RB0LA_0RB1LD,undecided,0,0,0,0,0,0,?,0
0RB0LD_1LC1RB_0RB1LA_0RB1LD,undecided,0,0,0,0,0,0,?,0
0RB0LD_1LC1RB_0RC1LA_0RB1LD,undecided,0,0,0,0,0,0,?,0
0RB0LD_1LC1RB_0RD0LA_0RB1LD,undecided,0,0,0,0,0,0,?,0
0RB0LD_1LC1RB_0RD1LA_0RB1LD,undecided,0,0,0,0,0,0,?,0
0RB0LD_1LC1RB_1LA0RA_0RB1LD,irules,195846,65,1,1,3,1,F,0
0RB0LD_1LC1RB_1LA1LA_0RB1LD,irules,196241,66,1,1,2,1,F,0
0RB0LD_1LC1RB_1LA1LA_0RC1LD,undecided,0,0,0,0,0,0,?,0
0RB0LD_1LC1RB_1LD1LA_0RC1LD,undecided,0,0,0,0,0,0,?,0
0RB0LD_1LC1RB_1RA1LA_0RB1LD,irules,196637,66,1,1,2,1,F,0
0RB0LD_1LC1RB_1RA1LA_0RC1LD,undecided,0,0,0,0,0,0,?,0
0RB0LD_1LC1RB_1RB1LA_0RC1LD,undecided,0,0,0,0,0,0,?,0
0RB0LD_1LC1RB_1RD1LA_0RC1LD,undecided,0,0,0,0,0,0,?,0
0RB0LD_1LC1RC_1LA1RC_0RB1LD,irules,190321,104,1,2,3,1,F,0
0RB0LD_1LC1RC_1LD0RA_1RA0LD,undecided,0,0,0,0,0,0,?,0
0RB0LD_1LC1RD_0RB0LD_1RB0LA,undecided,0,0,0,0,0,0,?,0
0RB0LD_1LC1RD_0RD0LA_1LA1RB,undecided,0,0,0,0,0,0,?,0
0RB0LD_1RC---_0RD1RC_1LD0LA,undecided,0,0,0,0,0,0,?,0
0RB0LD_1RC---_1LD1RB_---0LA,undecided,0,0,0,0,0,0,?,0
0RB0LD_1RC0LA_0RD1RC_1LD1LB,undecided,0,0,0,0,0,0,?,0
0RB0LD_1RC0LA_1LB1RB_---0LA,undecided,0,0,0,0,0,0,?,0
0RB0LD_1RC0LA_1LB1RB_---1LA,undecided,0,0,0,0,0,0,?,0
0RB0LD_1RC0LA_1LD1RB_---1LA,undecided,0,0,0,0,0,0,?,0
0RB0LD_1RC0LA_1LD1RC_0RC1LA,undecided,0,0,0,0,0,0,?,0
0RB0LD_1RC0LC_0RD1RB_1LD0LA,undecided,0,0,0,0,0,0,?,0
0RB0LD_1RC0LD_1LD1RB_0RB1LA,undecided,0,0,0,0,0,0,?,0
0RB0LD_1RC1LB_1LA1RA_1LA0LD,undecided,0,0,0,0,0,0,?,0
0RB0LD_1RC1LB_1LD1RA_1LA0LD,undecided,0,0,0,0,0,0,?,0
0RB0LD_1RC1LD_0LA0RC_1LB---,undecided,0,0,0,0,0,0,?,0
0RB0LD_1RC1LD_1LC1RB_---0LA,undecided,0,0,0,0,0,0,?,0
0RB0LD_1RC1RB_0LA0RC_1LA1RD,undecided,0,0,0,0,0,0,?,0
0RB0LD_1RC1RB_0LA0RC_1LB1LD,undecided,0,0,0,0,0,0,?,0
0RB0LD_1RC1RB_0RD0LB_1LD0LA,undecided,0,0,0,0,0,0,?,0
0RB0LD_1RC1RB_1LA---_0RC0LA,undecided,0,0,0,0,0,0,?,0
0RB0LD_1RC1RB_1LC1LA_---0LA,undecided,0,0,0,0,0,0,?,0
0RB0LD_1RC1RB_1LD1LB_---0LA,undecided,0,0,0,0,0,0,?,0
0RB0LD_1RC1RB_1LD1LC_0RA0LA,undecided,0,0,0,0,0,0,?,0
0RB0LD_1RC1RB_1LD1LC_0RA1LA,irules,195266,64,1,1,10,2,F,0
0RB0LD_1RC1RC_0RD1RB_1LD0LA,undecided,0,0,0,0,0,0,?,0
0RB0LD_1RC1RD_0LB1RB_1LD0LA,undecided,0,0,0,0,0,0,?,0
0RB0LD_1RC1RD_1LD0RC_1RB0LA,undecided,0,0,0,0,0,0,?,0
0RB0RA_0LC0LD_1RB1LC_1LD1RA,undecided,0,0,0,0,0,0,?,0
0RB0RA_0LC1LD_0LD1LB_1RA1LC,undecided,0,0,0,0,0,0,?,0
0RB0RA_0LC1RA_0RD1LC_1RB1LB,undecided,0,0,0,0,0,0,?,0
0RB0RA_0LC1RA_1LD1LC_1RB0LC,undecided,0,0,0,0,0,0,?,0
0RB0RA_0LC1RA_1RB1LD_1LC0LD,undecided,0,0,0,0,0,0,?,0
0RB0RA_1LC1RA_0LD0LA_1LA1LB,undecided,0,0,0,0,0,0,?,0
0RB0RA_1LC1RA_0LD0LC_1LA1LB,undecided,0,0,0,0,0,0,?,0
0RB0RA_1LC1RA_0LD0RD_1LA1LB,undecided,0,0,0,0,0,0,?,0
0RB0RA_1LC1RA_0LD0RD_1RA1LB,undecided,0,0,0,0,0,0,?,0
0RB0RA_1LC1RA_0LD1LB_1LA1LB,undecided,0,0,0,0,0,0,?,0
0RB0RA_1LC1RA_0LD1LB_1RA1LB,undecided,0,0,0,0,0,0,?,0
0RB0RA_1LC1RA_0LD1LC_1LA1LB,undecided,0,0,0,0,0,0,?,0
0RB0RA_1LC1RA_0LD1LC_1RA1LB,undecided,0,0,0,0,0,0,?,0
0RB0RA_1LC1RB_0LD1LC_1RA1LD,undecided,0,0,0,0,0,0,?,0
0RB0RA_1RC0LD_1RD1RA_1LB1LD,undecided,0,0,0,0,0,0,?,0
0RB0RA_1RC0RC_1LD1RB_0LD0LA,undecided,0,0,0,0,0,0,?,0
0RB0RA_1RC1LD_1LC1RB_0LD0LA,undecided,0,0,0,0,0,0,?,0
0RB0RA_1RC1LD_1LD1RB_0LD0LA,undecided,0,0,0,0,0,0,?,0
0RB0RA_1RC1RA_0LD1LC_1RA1LB,undecided,0,0,0,0,0,0,?,0
0RB0RA_1RC1RA_1LD1LC_1RB0LC,undecided,0,0,0,0,0,0,?,0
0RB0RA_1RC1RA_1LD1RC_1RB0LC,undecided,0,0,0,0,0,0,?,0
0RB0RA_1RC1RD_0LD0LC_1RA1LC,undecided,0,0,0,0,0,0,?,0
0RB0RA_1RC1RD_1LD0RB_1RA0LC,irules,199998,7142,1,1,1,0,F,0
0RB0RB_0LC0RD_1RB1LC_0LA1RD,irules,196645,81,1,1,3,1,F,0
0RB0RB_0LC1RB_1RD1LC_0LB1RA,irules,192082,65,1,1,2,1,F,0
0RB0RB_0LC1RB_1RD1LC_0LC1RA,irules,191950,65,1,1,2,1,F,0
0RB0RB_0LC1RD_1RB1LC_0LA1RA,undecided,0,0,0,0,0,0,?,0
0RB0RB_1LC1RA_0LD0LC_1RD1LB,undecided,0,0,0,0,0,0,?,0
0RB0RC_0LC---_0LD1RA_1RC1LD,undecided,0,0,0,0,0,0,?,0
0RB0RC_0LC0RA_0LD1RC_1RB1LD,undecided,0,0,0,0,0,0,?,0
0RB0RC_0LC1RA_0LD1RC_1RB1LD,undecided,0,0,0,0,0,0,?,0
0RB0RC_0LC1RA_1LD1RC_1LA0LB,irules,198018,61,1,1,7,4,F,0
0RB0RC_0RC0LD_1LD1RC_1LB0LA,undecided,0,0,0,0,0,0,?,0
0RB0RC_1LA1RB_0LD1LC_0RB1LD,irules,197293,82,1,1,4,1,F,0
0RB0RC_1LA1RB_1RC1LD_0LA0LD,undecided,0,0,0,0,0,0,?,0
0RB0RC_1LA1RC_1RB1LD_0LD0LA,undecided,0,0,0,0,0,0,?,0
0RB0RC_1LC0LB_0LD1LD_1RA1LC,irules,87640,255,0,0,4,6,F,0
0RB0RC_1LC0LC_0LD1RA_1RC1LD,undecided,0,0,0,0,0,0,?,0
0RB0RC_1LC1RA_0LD1RC_1RB1LD,irules,198619,66,1,2,2,2,F,0
0RB0RC_1LC1RA_1LD0LB_1RB1LA,undecided,0,0,0,0,0,0,?,0
0RB0RC_1LC1RA_1LD0LB_1RB1LC,undecided,0,0,0,0,0,0,?,0
0RB0RC_1LC1RA_1LD0LC_1RD0LB,undecided,0,0,0,0,0,0,?,0
0RB0RC_1LC1RC_1LD1RA_1RA0LD,undecided,0,0,0,0,0,0,?,0
0RB0RC_1RC0LA_0LD1RB_1LB1LD,undecided,0,0,0,0,0,0,?,0
0RB0RC_1RC0LA_1LD1RB_0LD1LA,undecided,0,0,0,0,0,0,?,0
0RB0RC_1RC0LB_0LD1LD_1RA1LC,irules,88150,255,0,0,4,6,F,0
0RB0RC_1RC0LC_1LD1RB_0LD0LA,undecided,0,0,0,0,0,0,?,0
0RB0RC_1RC0RA_1LD0LD_1RB1LC,undecided,0,0,0,0,0,0,?,0
0RB0RC_1RC1LA_1LD1RB_0LD0LA,undecided,0,0,0,0,0,0,?,0
0RB0RC_1RC1RC_1LD1RB_0LD0LA,undecided,0,0,0,0,0,0,?,0
0RB0RC_1RC1RD_0LD0LC_1RA1LC,undecided,0,0,0,0,0,0,?,0
0RB0RD_0LC1LC_1RD0LB_1LB1RA,undecided,0,0,0,0,0,0,?,0
0RB0RD_0LC1RA_1RB1LC_0LC1RD,irules,191950,65,1,1,2,1,F,0
0RB0RD_0LC1RA_1RD1LC_0LD1RB,undecided,0,0,0,0,0,0,?,0
0RB0RD_0LC1RB_1LD1RD_1RA0LD,undecided,0,0,0,0,0,0,?,0
0RB0RD_0LC1RD_1LD---_1RA0LD,undecided,0,0,0,0,0,0,?,0
0RB0RD_0LC1RD_1RB1LD_1RA0LD,undecided,0,0,0,0,0,0,?,0
0RB0RD_0RC1LB_1LA1RC_0LB1LD,irules,197458,82,1,1,4,1,F,0
0RB0RD_1LC0LA_0RD0LB_1LB1RD,undecided,0,0,0,0,0,0,?,0
0RB0RD_1LC0RC_1RA0LC_0LB1RC,undecided,0,0,0,0,0,0,?,0
0RB0RD_1LC0RD_1LA1LB_0LB1RA,irules,195916,63,1,1,10,4,F,0
0RB0RD_1LC1RB_1RA0LC_1LB0LC,undecided,0,0,0,0,0,0,?,0
0RB0RD_1LC1RB_1RA0LC_1LD0LC,undecided,0,0,0,0,0,0,?,0
0RB0RD_1LC1RC_1RA0LC_0LB1RC,undecided,0,0,0,0,0,0,?,0
0RB0RD_1LC1RD_1LA1LB_0LB1RA,irules,197632,81,1,2,10,4,F,0
0RB0RD_1RC---_1LD1RB_0LD0LA,undecided,0,0,0,0,0,0,?,0
0RB0RD_1RC0LA_1LB1RB_0LD0LA,undecided,0,0,0,0,0,0,?,0
0RB0RD_1RC0LD_1LD0RC_1LA1LB,undecided,0,0,0,0,0,0,?,0
0RB0RD_1RC0LD_1RD1LC_1LB1RA,undecided,0,0,0,0,0,0,?,0
0RB0RD_1RC1LB_0RD0RA_1LD0LB,undecided,0,0,0,0,0,0,?,0
0RB0RD_1RC1LD_1LC1RB_0LD0LA,undecided,0,0,0,0,0,0,?,0
0RB0RD_1RC1RB_1LD1LB_0LD0LA,undecided,0,0,0,0,0,0,?,0
0RB1LA_0LC0LC_0RD0LA_1LC1RD,irules,196646,81,1,1,3,1,F,0
0RB1LA_0LC1LC_0RD0LA_1LC1RD,irules,197295,82,1,1,3,1,F,0
0RB1LA_0LC1RD_0RD0LA_1LC1RD,irules,197790,83,1,1,3,1,F,0
0RB1LA_0RC0LD_1LD1RB_0LA---,undecided,0,0,0,0,0,0,?,0
0RB1LA_0RC1LC_1RD0LB_0LA1RC,undecided,0,0,0,0,0,0,?,0
0RB1LA_0RC1LC_1RD0LB_1LA1RC,undecided,0,0,0,0,0,0,?,0
0RB1LA_1LA0LC_0RD0LA_1LC1RD,irules,196808,81,1,1,3,1,F,0
0RB1LA_1LA1LC_0RD0LA_1LB1RD,undecided,0,0,0,0,0,0,?,0
0RB1LA_1LA1LC_0RD0LA_1LC1RD,irules,197295,82,1,1,3,1,F,0
0RB1LA_1LA1RC_1LD1RB_0RB0LD,undecided,0,0,0,0,0,0,?,0
0RB1LA_1LA1RC_1LD1RB_0RC0LD,undecided,0,0,0,0,0,0,?,0
0RB1LA_1LA1RC_1LD1RC_---0LA,irules,197624,83,1,1,3,1,F,0
0RB1LA_1LA1RC_1RB0LD_0RA1LC,undecided,0,0,0,0,0,0,?,0
0RB1LA_1LA1RC_1RB0LD_0RC1LC,undecided,0,0,0,0,0,0,?,0
0RB1LA_1LA1RC_1RB0LD_0RD1LC,undecided,0,0,0,0,0,0,?,0
0RB1LA_1LC0LA_0RD0LB_1RB1RD,irules,197847,64,1,1,4,2,F,0
0RB1LA_1LC0LA_0RD0LC_1RB1RD,undecided,0,0,0,0,0,0,?,0
0RB1LA_1LC0LC_0RD0LA_1LC1RD,irules,196484,81,1,1,3,1,F,0
0RB1LA_1LC0LD_1LD1RC_0RC0LA,irules,189606,102,1,2,3,1,F,0
0RB1LA_1LC1LC_0RD0LA_1LB1RD,undecided,0,0,0,0,0,0,?,0
0RB1LA_1LC1LC_0RD0LA_1LC1RD,irules,197131,82,1,1,3,1,F,0
0RB1LA_1LC1LD_1LD1RC_0RC0LA,irules,195523,104,1,2,3,1,F,0
0RB1LA_1LC1RB_0LD1LD_0RA0LA,undecided,0,0,0,0,0,0,?,0
0RB1LA_1LC1RB_0LD1LD_1LA0LA,irules,198003,84,1,2,2,1,F,0
0RB1LA_1LC1RB_0LD1LD_1RA0LA,irules,194129,66,1,2,2,2,F,0
0RB1LA_1LC1RB_0LD1LD_1RB0LA,irules,198004,83,1,2,2,1,F,0
0RB1LA_1LC1RB_0RA0LA_------,irules,197790,83,1,1,3,1,F,0
0RB1LA_1LC1RB_0RA0LD_0LC0LA,undecided,0,0,0,0,0,0,?,0
0RB1LA_1LC1RB_0RA0LD_0LC1LA,irules,197954,83,1,1,3,1,F,0
0RB1LA_1LC1RB_0RA0LD_0LC1LD,irules,197457,82,1,1,3,1,F,0
0RB1LA_1LC1RB_0RA0LD_0RB0LA,undecided,0,0,0,0,0,0,?,0
0RB1LA_1LC1RB_0RA0LD_0RB1LA,irules,197790,83,1,1,3,1,F,0
0RB1LA_1LC1RB_0RA0RD_0LA1LD,irules,197457,82,1,1,4,1,F,0
0RB1LA_1LC1RB_0RA1LD_0LA0LA,irules,192081,65,1,1,2,1,F,0
0RB1LA_1LC1RB_0RA1LD_0LA0RC,irules,196241,65,1,1,2,1,F,0
0RB1LA_1LC1RB_0RA1LD_0LC0LA,undecided,0,0,0,0,0,0,?,0
0RB1LA_1LC1RB_0RA1LD_0RA0LA,undecided,0,0,0,0,0,0,?,0
0RB1LA_1LC1RB_0RA1LD_0RB0LA,undecided,0,0,0,0,0,0,?,0
0RB1LA_1LC1RB_0RA1LD_0RD0LA,undecided,0,0,0,0,0,0,?,0
0RB1LA_1LC1RB_0RA1LD_1LB0LA,irules,194129,66,1,2,2,1,F,0
0RB1LA_1LC1RB_0RA1LD_1LC0LA,irules,191951,65,1,1,2,1,F,0
0RB1LA_1LC1RB_0RA1LD_1RC0LA,irules,192211,65,1,1,2,1,F,0
0RB1LA_1LC1RB_0RB0LA_------,irules,197624,83,1,1,3,1,F,0
0RB1LA_1LC1RB_0RB0LD_0RB0LA,undecided,0,0,0,0,0,0,?,0
0RB1LA_1LC1RB_0RB0LD_0RB1LA,irules,197624,83,1,1,3,1,F,0
0RB1LA_1LC1RB_0RB0RD_0LA1LD,irules,197293,82,1,1,4,1,F,0
0RB1LA_1LC1RB_0RB1LD_0LA0LA,irules,191949,65,1,1,2,1,F,0
0RB1LA_1LC1RB_0RB1LD_0LA0RC,irules,196109,65,1,1,2,1,F,0
0RB1LA_1LC1RB_0RB1LD_0LC0LA,irules,191949,65,1,1,2,1,F,0
0RB1LA_1LC1RB_0RB1LD_0RA0LA,undecided,0,0,0,0,0,0,?,0
0RB1LA_1LC1RB_0RB1LD_0RA0LC,undecided,0,0,0,0,0,0,?,0
0RB1LA_1LC1RB_0RB1LD_0RB0LA,undecided,0,0,0,0,0,0,?,0
0RB1LA_1LC1RB_0RB1LD_0RD0LA,undecided,0,0,0,0,0,0,?,0
0RB1LA_1LC1RB_0RB1LD_1LB0LA,irules,193997,66,1,2,2,1,F,0
0RB1LA_1LC1RB_0RB1LD_1LC0LA,irules,191819,65,1,1,2,1,F,0
0RB1LA_1LC1RB_0RB1LD_1RC0LA,irules,192079,65,1,1,2,1,F,0
0RB1LA_1LC1RB_0RC1LD_0RA0LA,undecided,0,0,0,0,0,0,?,0
0RB1LA_1LC1RB_0RC1LD_0RB0LA,undecided,0,0,0,0,0,0,?,0
0RB1LA_1LC1RB_0RC1LD_1LA0LA,irules,196373,66,1,1,2,1,F,0
0RB1LA_1LC1RB_0RC1LD_1RA0LA,irules,196505,66,1,1,2,1,F,0
0RB1LA_1LC1RB_0RC1LD_1RB0LA,irules,196241,66,1,1,2,1,F,0
0RB1LA_1LC1RB_0RD0LD_0RB1LA,irules,197790,83,1,1,3,1,F,0
0RB1LA_1LC1RB_1LA0LA_------,irules,190321,104,1,2,3,1,F,0
0RB1LA_1LC1RB_1LA0LD_0RB1LA,irules,190321,104,1,2,3,1,F,0
0RB1LA_1LC1RB_1LA0LD_0RC1LA,irules,197619,83,1,1,3,1,F,0
0RB1LA_1LC1RB_1LA0LD_1RC1LA,irules,190321,104,1,2,3,1,F,0
0RB1LA_1LC1RB_1LA0RD_0LA1LD,irules,195625,104,1,2,4,1,F,0
0RB1LA_1LC1RB_1LA1LD_---0LA,irules,196241,66,1,1,2,1,F,0
0RB1LA_1LC1RB_1LA1LD_0LA0RC,irules,191686,65,1,1,2,1,F,0
0RB1LA_1LC1RB_1LD0LD_0RB1LA,irules,190321,104,1,2,3,1,F,0
0RB1LA_1LC1RB_1LD0LD_1RC1LA,irules,190318,104,1,2,3,1,F,0
0RB1LA_1LC1RB_1LD0RD_0RA0LA,irules,195976,65,1,1,3,1,F,0
0RB1LA_1LC1RB_1LD0RD_0RB0LA,irules,195846,65,1,1,3,1,F,0
0RB1LA_1LC1RB_1LD0RD_1LA0LA,irules,191549,64,1,1,3,1,F,0
0RB1LA_1LC1RB_1LD0RD_1RA0LA,irules,191677,64,1,1,3,1,F,0
0RB1LA_1LC1RB_1LD0RD_1RB0LA,irules,191555,63,1,1,1,1,F,0
0RB1LA_1LC1RB_1LD1LD_0RA0LA,irules,196373,66,1,1,2,1,F,0
0RB1LA_1LC1RB_1LD1LD_0RB0LA,irules,196241,66,1,1,2,1,F,0
0RB1LA_1LC1RB_1RA0LA_------,irules,190425,104,1,2,3,1,F,0
0RB1LA_1LC1RB_1RA0LD_0LC1LA,irules,187559,119,1,3,3,1,F,0
0RB1LA_1LC1RB_1RA0LD_0RB1LA,irules,190425,104,1,2,3,1,F,0
0RB1LA_1LC1RB_1RA0LD_0RC1LA,irules,197783,83,1,1,3,1,F,0
0RB1LA_1LC1RB_1RA0LD_1RC1LA,irules,190425,104,1,2,3,1,F,0
0RB1LA_1LC1RB_1RA0RD_0LA1LD,irules,195729,104,1,2,4,1,F,0
0RB1LA_1LC1RB_1RA1LD_---0LA,irules,196373,66,1,1,2,1,F,0
0RB1LA_1LC1RB_1RA1LD_0LA0RC,irules,191816,65,1,1,2,1,F,0
0RB1LA_1LC1RB_1RB0LA_------,irules,190322,103,1,2,2,1,F,0
0RB1LA_1LC1RB_1RB0LD_0RB1LA,irules,190322,103,1,2,3,1,F,0
0RB1LA_1LC1RB_1RB0LD_0RC1LA,irules,197455,83,1,1,3,1,F,0
0RB1LA_1LC1RB_1RB0LD_1RC1LA,irules,190220,103,1,2,3,1,F,0
0RB1LA_1LC1RB_1RB0RD_0LA1LD,irules,195628,103,1,2,2,1,F,0
0RB1LA_1LC1RB_1RB1LD_---0LA,irules,196109,66,1,1,2,1,F,0
0RB1LA_1LC1RB_1RB1LD_0LA0RC,irules,191556,65,1,1,2,1,F,0
0RB1LA_1LC1RB_1RD0LA_0LB0RD,undecided,0,0,0,0,0,0,?,0
0RB1LA_1LC1RB_1RD0LA_0LC0RD,undecided,0,0,0,0,0,0,?,0
0RB1LA_1LC1RB_1RD0LC_0RD0LA,undecided,0,0,0,0,0,0,?,0
0RB1LA_1LC1RB_1RD0LD_0RB1LA,irules,190425,104,1,2,3,1,F,0
0RB1LA_1LC1RB_1RD0LD_0RC1LA,irules,197783,83,1,1,3,1,F,0
0RB1LA_1LC1RB_1RD0LD_1RC1LA,irules,190425,104,1,2,3,1,F,0
0RB1LA_1LC1RB_1RD1LD_0RA0LA,irules,196769,66,1,1,2,1,F,0
0RB1LA_1LC1RB_1RD1LD_0RB0LA,irules,196637,66,1,1,2,1,F,0
0RB1LA_1LC1RC_1LD1RC_0RA0LA,irules,190425,104,1,2,3,1,F,0
0RB1LA_1LC1RC_1LD1RC_0RB0LA,irules,190321,104,1,2,3,1,F,0
0RB1LA_1LC1RC_1LD1RC_0RC0LA,irules,190321,104,1,2,3,1,F,0
0RB1LA_1LC1RC_1LD1RC_1LA0LA,irules,192161,120,1,3,3,1,F,0
0RB1LA_1LC1RC_1LD1RC_1RA0LA,irules,192241,120,1,3,3,1,F,0
0RB1LA_1LC1RC_1LD1RC_1RB0LA,irules,192202,119,1,3,2,1,F,0
0RB1LA_1LC1RC_1LD1RC_1RC0LA,irules,192202,119,1,3,2,1,F,0
0RB1LA_1LC1RD_0RA0LA_0LD1RB,undecided,0,0,0,0,0,0,?,0
0RB1LA_1LC1RD_0RA0LA_1LC1RB,undecided,0,0,0,0,0,0,?,0
0RB1LA_1LC1RD_0RA0LA_1LC1RD,irules,197790,83,1,1,3,1,F,0
0RB1LA_1LC1RD_0RB0LA_0LD1RB,undecided,0,0,0,0,0,0,?,0
0RB1LA_1LC1RD_0RB0LA_1LC1RB,undecided,0,0,0,0,0,0,?,0
0RB1LA_1LC1RD_0RB0LA_1LC1RD,irules,197624,83,1,1,3,1,F,0
0RB1LA_1LC1RD_0RB0LC_1LA1RB,undecided,0,0,0,0,0,0,?,0
0RB1LA_1LC1RD_0RD0LA_0LD1RB,undecided,0,0,0,0,0,0,?,0
0RB1LA_1LC1RD_0RD0LA_1LC1RB,undecided,0,0,0,0,0,0,?,0
0RB1LA_1LC1RD_0RD0LA_1LC1RD,irules,197624,83,1,1,3,1,F,0
0RB1LA_1LC1RD_0RD0LC_0LA1RB,undecided,0,0,0,0,0,0,?,0
0RB1LA_1LC1RD_0RD0LC_1LA1RB,undecided,0,0,0,0,0,0,?,0
0RB1LA_1LC1RD_1LA0LA_0LD1RB,irules,192973,52,1,1,5,5,F,0
0RB1LA_1LC1RD_1LA0LA_1LC1RB,irules,190321,52,1,1,5,5,F,0
0RB1LA_1LC1RD_1LA0LA_1LC1RD,irules,190321,104,1,2,3,1,F,0
0RB1LA_1LC1RD_1LD1RC_0RC0LA,undecided,0,0,0,0,0,0,?,0
0RB1LA_1LC1RD_1RA0LA_0LD1RB,irules,193077,52,1,1,5,5,F,0
0RB1LA_1LC1RD_1RA0LA_1LC1RB,irules,190425,52,1,1,5,5,F,0
0RB1LA_1LC1RD_1RA0LA_1LC1RD,irules,190425,104,1,2,3,1,F,0
0RB1LA_1LC1RD_1RB0LA_0LD1RB,irules,193078,51,1,1,4,5,F,0
0RB1LA_1LC1RD_1RB0LA_1LC1RB,irules,190322,51,1,1,4,5,F,0
0RB1LA_1LC1RD_1RB0LA_1LC1RD,irules,190322,103,1,2,2,1,F,0
0RB1LA_1LC1RD_1RD0LA_0LD1RB,irules,192974,51,1,1,4,5,F,0
0RB1LA_1LC1RD_1RD0LA_1LC1RB,irules,190322,51,1,1,4,5,F,0
0RB1LA_1LC1RD_1RD0LA_1LC1RD,irules,190322,103,1,2,2,1,F,0
0RB1LA_1RC0LA_0LC1RD_1LB1RD,irules,197129,82,1,1,4,1,F,0
0RB1LA_1RC0LA_0LD0RD_1LD1LB,irules,199642,45,1,1,1,4,F,0
0RB1LA_1RC0LA_0LD1LD_1LB1RD,irules,196484,81,1,1,4,1,F,0
0RB1LA_1RC0LA_0LD1RB_---1LB,undecided,0,0,0,0,0,0,?,0
0RB1LA_1RC0LA_0LD1RB_1LB0RC,undecided,0,0,0,0,0,0,?,0
0RB1LA_1RC0LA_0LD1RD_1LB1RD,irules,197129,82,1,1,4,1,F,0
0RB1LA_1RC0LA_0RD0RD_1LD1LB,irules,194654,35,1,1,1,4,F,0
0RB1LA_1RC0LA_0RD1RB_1LD0LB,undecided,0,0,0,0,0,0,?,0
0RB1LA_1RC0LA_1LA0RD_1LD1LB,irules,194870,35,1,1,1,4,F,0
0RB1LA_1RC0LA_1LA1LD_1LB1RD,irules,196484,81,1,1,4,1,F,0
0RB1LA_1RC0LA_1LA1RD_1LB1RD,irules,197129,82,1,1,4,1,F,0
0RB1LA_1RC0LA_1LB0RD_1LD1LB,irules,194798,35,1,1,1,4,F,0
0RB1LA_1RC0LA_1LB1LD_1LB1RD,irules,196324,81,1,1,4,1,F,0
0RB1LA_1RC0LA_1LB1RD_1LB1RD,irules,196967,82,1,1,4,1,F,0
0RB1LA_1RC0LA_1LC0RD_1LD1LB,irules,194798,35,1,1,1,4,F,0
0RB1LA_1RC0LA_1LC1LD_1LB1RD,irules,191574,117,1,3,3,1,F,0
0RB1LA_1RC0LA_1LC1RD_1LB1RD,irules,196805,82,1,1,4,1,F,0
0RB1LA_1RC0LA_1LD0RD_1LD1LB,irules,189468,35,1,1,2,4,F,0
0RB1LA_1RC0LA_1LD1LD_1LB1RD,irules,196004,81,1,1,4,1,F,0
0RB1LA_1RC0LA_1LD1RB_---1LB,undecided,0,0,0,0,0,0,?,0
0RB1LA_1RC0LA_1LD1RD_1LB1RD,irules,196805,82,1,1,4,1,F,0
0RB1LA_1RC0LA_1RD1LD_1LB1RD,irules,195844,81,1,1,4,1,F,0
0RB1LA_1RC0LA_1RD1RD_1LB1RD,irules,196643,82,1,1,4,1,F,0
0RB1LA_1RC0LD_1LA1RB_0RB1LB,undecided,0,0,0,0,0,0,?,0
0RB1LA_1RC0LD_1LA1RB_0RD1LB,undecided,0,0,0,0,0,0,?,0
0RB1LA_1RC0LD_1LD1RC_0RC0LA,irules,196322,81,1,1,3,1,F,0
0RB1LA_1RC1LB_0LB1RD_0LA0RC,undecided,0,0,0,0,0,0,?,0
0RB1LA_1RC1LC_0LA1RD_0RC0RD,undecided,0,0,0,0,0,0,?,0
0RB1LA_1RC1LC_0RD0LA_1LB1RD,undecided,0,0,0,0,0,0,?,0
0RB1LA_1RC1LC_1LD0RC_0LA0LC,undecided,0,0,0,0,0,0,?,0
0RB1LA_1RC1LD_1LB1RC_0RC0LA,undecided,0,0,0,0,0,0,?,0
0RB1LA_1RC1LD_1LD1RC_0RC0LA,irules,196967,82,1,1,3,1,F,0
0RB1LA_1RC1RB_0LD0RC_0LA1LD,undecided,0,0,0,0,0,0,?,0
0RB1LA_1RC1RB_1LC0LD_0RA0LA,irules,197540,83,1,1,3,1,F,0
0RB1LA_1RC1RB_1LC0LD_1RA0LA,irules,197540,83,1,1,3,1,F,0
0RB1LA_1RC1RB_1LD0LA_0RB0LD,undecided,0,0,0,0,0,0,?,0
0RB1LA_1RC1RB_1LD0LA_0RC0LD,undecided,0,0,0,0,0,0,?,0
0RB1LA_1RC1RB_1LD1LA_0RB0LD,undecided,0,0,0,0,0,0,?,0
0RB1LA_1RC1RB_1LD1LA_0RC0LD,undecided,0,0,0,0,0,0,?,0
0RB1LA_1RC1RC_1LD1RC_---0LA,irules,197458,83,1,1,3,1,F,0
0RB1LB_0LC0LC_0RD1LA_1LC1RD,undecided,0,0,0,0,0,0,?,0
0RB1LB_0LC1LC_0RD0LA_1LA1RD,undecided,0,0,0,0,0,0,?,0
0RB1LB_0LC1RD_1LA0LD_1LB0RD,undecided,0,0,0,0,0,0,?,0
0RB1LB_0LC1RD_1LA1LB_1LB0RD,undecided,0,0,0,0,0,0,?,0
0RB1LB_0LC1RD_1LA1LC_1RB0RB,undecided,0,0,0,0,0,0,?,0
0RB1LB_0RC0LA_1RD1RC_1LA1LD,irules,195267,64,1,1,10,2,F,0
0RB1LB_0RC0LB_1RD1RC_0LA1LD,undecided,0,0,0,0,0,0,?,0
0RB1LB_0RC0LD_1LD1RC_0LA1LA,undecided,0,0,0,0,0,0,?,0
0RB1LB_0RC1LD_1LA1RC_1RC0LA,undecided,0,0,0,0,0,0,?,0
0RB1LB_0RC1LD_1LA1RC_1RD0LA,undecided,0,0,0,0,0,0,?,0
0RB1LB_1LA0LC_0RD1LA_1LC1RD,undecided,0,0,0,0,0,0,?,0
0RB1LB_1LA1LC_0RD0LA_1LA1RD,undecided,0,0,0,0,0,0,?,0
0RB1LB_1LA1LC_1RC0RD_0LB0RC,undecided,0,0,0,0,0,0,?,0
0RB1LB_1LA1LC_1RD---_0LB0RD,undecided,0,0,0,0,0,0,?,0
0RB1LB_1LC0LC_0RD1LA_1LC1RD,undecided,0,0,0,0,0,0,?,0
0RB1LB_1LC0LD_1LA---_1RD0RB,irules,197983,94,1,1,1,2,F,0
0RB1LB_1LC1LC_0RD0LA_1LA1RD,undecided,0,0,0,0,0,0,?,0
0RB1LB_1LC1LD_1RA0RC_1RC0LD,irules,195250,15,1,1,1,3,F,0
0RB1LB_1LC1RC_1RD0LA_0RC1RB,undecided,0,0,0,0,0,0,?,0
0RB1LB_1LC1RC_1RD0LA_1LA0RC,undecided,0,0,0,0,0,0,?,0
0RB1LB_1RC0LA_0LD1RB_0LA1LD,undecided,0,0,0,0,0,0,?,0
0RB1LB_1RC0LA_0LD1RB_0RA1LD,undecided,0,0,0,0,0,0,?,0
0RB1LB_1RC0LA_0LD1RB_0RC1LD,undecided,0,0,0,0,0,0,?,0
0RB1LB_1RC0LA_0LD1RB_1LA1LD,undecided,0,0,0,0,0,0,?,0
0RB1LB_1RC0LA_0LD1RB_1LB1LD,undecided,0,0,0,0,0,0,?,0
0RB1LB_1RC0LA_0LD1RB_1RA1LD,undecided,0,0,0,0,0,0,?,0
0RB1LB_1RC0LA_0LD1RB_1RB1LD,undecided,0,0,0,0,0,0,?,0
0RB1LB_1RC0LA_0LD1RB_1RC1LD,undecided,0,0,0,0,0,0,?,0
0RB1LB_1RC0LA_1LD1RB_0LA1LD,undecided,0,0,0,0,0,0,?,0
0RB1LB_1RC0LA_1LD1RB_0RA1LD,undecided,0,0,0,0,0,0,?,0
0RB1LB_1RC0LA_1LD1RB_0RB1LD,undecided,0,0,0,0,0,0,?,0
0RB1LB_1RC0LA_1LD1RB_0RC1LD,undecided,0,0,0,0,0,0,?,0
0RB1LB_1RC0LA_1LD1RB_1LA1LD,undecided,0,0,0,0,0,0,?,0
0RB1LB_1RC0LA_1LD1RB_1LB1LD,irules,197548,41,1,1,5,2,F,0
0RB1LB_1RC0LA_1LD1RB_1RA1LD,undecided,0,0,0,0,0,0,?,0
0RB1LB_1RC0LA_1LD1RB_1RB1LD,irules,197381,41,1,1,5,2,F,0
0RB1LB_1RC0LA_1LD1RB_1RC1LD,undecided,0,0,0,0,0,0,?,0
0RB1LB_1RC0LD_1LD1RC_0RC1LA,undecided,0,0,0,0,0,0,?,0
0RB1LB_1RC0RD_0LD1RB_0LA1LD,undecided,0,0,0,0,0,0,?,0
0RB1LB_1RC1LB_1LA0RD_0LC1RD,irules,197124,82,1,1,4,1,F,0
0RB1LB_1RC1LD_1LA0RC_0LD0RB,undecided,0,0,0,0,0,0,?,0
0RB1LC_0LC0RD_1RB1LC_0LA1RD,irules,197789,83,1,1,3,1,F,0
0RB1LC_0LC0RD_1RB1RD_1LA0LA,undecided,0,0,0,0,0,0,?,0
0RB1LC_0LC0RD_1RD1LC_0LA1RB,undecided,0,0,0,0,0,0,?,0
0RB1LC_0LC1LC_0RD0LA_1LA1RD,undecided,0,0,0,0,0,0,?,0
0RB1LC_0LC1RB_1RD1LA_0LA0RD,undecided,0,0,0,0,0,0,?,0
0RB1LC_0LC1RD_0RD0LA_1LA1RD,undecided,0,0,0,0,0,0,?,0
0RB1LC_1LA0LC_1RB1RD_0RD0LA,undecided,0,0,0,0,0,0,?,0
0RB1LC_1LA0LC_1RD0RD_1RB0LA,undecided,0,0,0,0,0,0,?,0
0RB1LC_1LA1LC_0RD0LA_1LA1RD,undecided,0,0,0,0,0,0,?,0
0RB1LC_1LA1RB_0LA0LD_0RB1LD,irules,191949,65,1,1,2,1,F,0
0RB1LC_1LA1RB_0LA1LD_0RD0RA,undecided,0,0,0,0,0,0,?,0
0RB1LC_1LA1RB_0LD0LA_0RA---,undecided,0,0,0,0,0,0,?,0
0RB1LC_1LA1RB_0LD0LA_0RD1RB,undecided,0,0,0,0,0,0,?,0
0RB1LC_1LA1RB_0LD0LA_1RA0RA,undecided,0,0,0,0,0,0,?,0
0RB1LC_1LA1RB_0LD0LD_0RB1LD,irules,191949,65,1,1,2,1,F,0
0RB1LC_1LA1RB_0LD0RA_0RB1LD,irules,196109,65,1,1,2,1,F,0
0RB1LC_1LA1RB_0LD1LD_0RA0LA,undecided,0,0,0,0,0,0,?,0
0RB1LC_1LA1RB_0RB0LD_0RB1LD,undecided,0,0,0,0,0,0,?,0
0RB1LC_1LA1RB_0RB1LD_0LA0RC,undecided,0,0,0,0,0,0,?,0
0RB1LC_1LA1RB_0RC0LD_0RB1LD,undecided,0,0,0,0,0,0,?,0
0RB1LC_1LA1RB_0RD0LA_---1LA,undecided,0,0,0,0,0,0,?,0
0RB1LC_1LA1RB_0RD0LA_0LB1RD,undecided,0,0,0,0,0,0,?,0
0RB1LC_1LA1RB_0RD0LA_0RB1LD,undecided,0,0,0,0,0,0,?,0
0RB1LC_1LA1RB_0RD0LA_1LB0RD,undecided,0,0,0,0,0,0,?,0
0RB1LC_1LA1RB_0RD0LA_1LC1RD,undecided,0,0,0,0,0,0,?,0
0RB1LC_1LA1RB_0RD0LA_1RB0LC,undecided,0,0,0,0,0,0,?,0
0RB1LC_1LA1RB_0RD0LC_1RD0LA,undecided,0,0,0,0,0,0,?,0
0RB1LC_1LA1RB_0RD0LD_0RB1LD,undecided,0,0,0,0,0,0,?,0
0RB1LC_1LA1RB_0RD1LD_0LA0LA,undecided,0,0,0,0,0,0,?,0
0RB1LC_1LA1RB_0RD1LD_1LA0LA,undecided,0,0,0,0,0,0,?,0
0RB1LC_1LA1RB_0RD1LD_1LC0LA,undecided,0,0,0,0,0,0,?,0
0RB1LC_1LA1RB_0RD1LD_1RB0LA,undecided,0,0,0,0,0,0,?,0
0RB1LC_1LA1RB_0RD1LD_1RC0LA,undecided,0,0,0,0,0,0,?,0
0RB1LC_1LA1RB_0RD1LD_1RD0LA,undecided,0,0,0,0,0,0,?,0
0RB1LC_1LA1RB_1LA0LD_0RB1LD,irules,191819,65,1,1,2,1,F,0
0RB1LC_1LA1RB_1LA0RD_0LB1RC,undecided,0,0,0,0,0,0,?,0
0RB1LC_1LA1RB_1LA0RD_0LC1RC,undecided,0,0,0,0,0,0,?,0
0RB1LC_1LA1RB_1LA0RD_0LD1RC,undecided,0,0,0,0,0,0,?,0
0RB1LC_1LA1RB_1LB0LD_0RB1LD,irules,193997,66,1,2,2,1,F,0
0RB1LC_1LA1RB_1LD0LA_0RD0RB,undecided,0,0,0,0,0,0,?,0
0RB1LC_1LA1RB_1LD0RA_0RD0LA,undecided,0,0,0,0,0,0,?,0
0RB1LC_1LA1RB_1RA0LD_0RB1LD,irules,192079,65,1,1,2,1,F,0
0RB1LC_1LA1RC_1LD0RC_0LA0LC,undecided,0,0,0,0,0,0,?,0
0RB1LC_1LC0LA_0RD1LB_1LA1RD,undecided,0,0,0,0,0,0,?,0
0RB1LC_1LC0LA_0RD1LC_1LB1RD,irules,197624,83,1,1,3,1,F,0
0RB1LC_1LC0RD_1RD0LC_1LA1RB,undecided,0,0,0,0,0,0,?,0
0RB1LC_1LC1RB_1LA0RD_0LC1RC,undecided,0,0,0,0,0,0,?,0
0RB1LC_1LC1RB_1LA0RD_0LD1RC,undecided,0,0,0,0,0,0,?,0
0RB1LC_1LC1RD_1LA0LC_0RD1RB,undecided,0,0,0,0,0,0,?,0
0RB1LC_1LC1RD_1LA0LC_1RA1RD,undecided,0,0,0,0,0,0,?,0
0RB1LC_1RC---_1LD0RC_0LA0LC,undecided,0,0,0,0,0,0,?,0
0RB1LC_1RC0LA_0RD1LC_1LB1RD,irules,197772,83,1,1,3,1,F,0
0RB1LC_1RC0LA_1LA0RD_0LC1RD,undecided,0,0,0,0,0,0,?,0
0RB1LC_1RC0LC_1LD0RC_0LA1LA,undecided,0,0,0,0,0,0,?,0
0RB1LC_1RC0LC_1LD0RC_0LB0LA,undecided,0,0,0,0,0,0,?,0
0RB1LC_1RC0LD_1LD1RB_---0LA,undecided,0,0,0,0,0,0,?,0
0RB1LC_1RC0RC_1LA1RD_1RB0LA,undecided,0,0,0,0,0,0,?,0
0RB1LC_1RC0RD_1LA0LC_1RB1RA,undecided,0,0,0,0,0,0,?,0
0RB1LC_1RC0RD_1LD1RB_0LD0LA,undecided,0,0,0,0,0,0,?,0
0RB1LC_1RC1LC_1LD0RC_0LB0LA,undecided,0,0,0,0,0,0,?,0
0RB1LC_1RC1RB_1LA0RD_0LC0LA,undecided,0,0,0,0,0,0,?,0
0RB1LC_1RC1RB_1LA0RD_0LC1RC,undecided,0,0,0,0,0,0,?,0
0RB1LC_1RC1RB_1LA0RD_0LD0LA,undecided,0,0,0,0,0,0,?,0
0RB1LC_1RC1RB_1LA0RD_0LD1RC,undecided,0,0,0,0,0,0,?,0
0RB1LC_1RC1RB_1LD1LA_0RC0LD,undecided,0,0,0,0,0,0,?,0
0RB1LC_1RC1RD_0LC1LA_1LB0RD,undecided,0,0,0,0,0,0,?,0
0RB1LC_1RC1RD_0LC1LB_1LA0RD,undecided,0,0,0,0,0,0,?,0
0RB1LC_1RC1RD_1LB0LC_1LA0RD,undecided,0,0,0,0,0,0,?,0
0RB1LD_0LC1RB_0LD1RD_1LA0RC,undecided,0,0,0,0,0,0,?,0
0RB1LD_0LC1RB_1LA1RA_0LA0LD,undecided,0,0,0,0,0,0,?,0
0RB1LD_0RC1LB_1LA1RC_0LA0LB,undecided,0,0,0,0,0,0,?,0
0RB1LD_0RC1LB_1LA1RC_0LB0LB,irules,192082,65,1,1,2,1,F,0
0RB1LD_0RC1LB_1LA1RC_0LB0RA,irules,196242,65,1,1,2,1,F,0
0RB1LD_0RC1LB_1LA1RC_0RB0LB,undecided,0,0,0,0,0,0,?,0
0RB1LD_0RC1LB_1LA1RC_0RC0LB,undecided,0,0,0,0,0,0,?,0
0RB1LD_0RC1LB_1LA1RC_0RD0LB,undecided,0,0,0,0,0,0,?,0
0RB1LD_0RC1LB_1LA1RC_1LA0LB,irules,191952,65,1,1,2,1,F,0
0RB1LD_0RC1LB_1LA1RC_1LC0LB,irules,194130,66,1,2,2,1,F,0
0RB1LD_0RC1LB_1LA1RC_1RA0LB,irules,192212,65,1,1,2,1,F,0
0RB1LD_0RC1LB_1LB1RD_1RC0LA,undecided,0,0,0,0,0,0,?,0
0RB1LD_0RC1RB_0LD1RD_1LA0LB,undecided,0,0,0,0,0,0,?,0
0RB1LD_0RC1RB_0LD1RD_1LA0RC,undecided,0,0,0,0,0,0,?,0
0RB1LD_0RC1RB_1LD0RA_1LA0LD,undecided,0,0,0,0,0,0,?,0
0RB1LD_0RC1RB_1LD0RD_1LA0LD,undecided,0,0,0,0,0,0,?,0
0RB1LD_0RC1RB_1LD1LA_1LA0LD,undecided,0,0,0,0,0,0,?,0
0RB1LD_0RC1RB_1LD1RB_1LA0LD,undecided,0,0,0,0,0,0,?,0
0RB1LD_1LA0RC_1RB1RC_0LB1LA,undecided,0,0,0,0,0,0,?,0
0RB1LD_1LA1RC_1RB0LA_0RB0LA,undecided,0,0,0,0,0,0,?,0
0RB1LD_1LA1RC_1RB0LA_0RD0LA,undecided,0,0,0,0,0,0,?,0
0RB1LD_1LA1RC_1RB0LB_---0LA,undecided,0,0,0,0,0,0,?,0
0RB1LD_1LA1RC_1RB0LD_---0LA,undecided,0,0,0,0,0,0,?,0
0RB1LD_1LA1RC_1RB0RC_0LA0LD,undecided,0,0,0,0,0,0,?,0
0RB1LD_1LA1RC_1RB0RC_0LD0LA,undecided,0,0,0,0,0,0,?,0
0RB1LD_1LA1RC_1RB0RC_0LD1LA,undecided,0,0,0,0,0,0,?,0
0RB1LD_1LC0RA_1LA1RC_0RC0LA,undecided,0,0,0,0,0,0,?,0
0RB1LD_1LC0RC_1LA1RC_0RC0LA,undecided,0,0,0,0,0,0,?,0
0RB1LD_1LC1RA_0RA0LD_0LC---,undecided,0,0,0,0,0,0,?,0
0RB1LD_1LC1RB_0LD0LA_0RD1LA,undecided,0,0,0,0,0,0,?,0
0RB1LD_1LC1RB_0LD1RD_1LA0RC,undecided,0,0,0,0,0,0,?,0
0RB1LD_1LC1RB_0RA0LA_0RB1LA,undecided,0,0,0,0,0,0,?,0
0RB1LD_1LC1RB_0RA0LA_0RB1LD,irules,197790,83,1,1,3,1,F,0
0RB1LD_1LC1RB_0RA0LA_0RD1LA,undecided,0,0,0,0,0,0,?,0
0RB1LD_1LC1RB_0RA0LD_0LC1LD,irules,197621,82,1,1,3,1,F,0
0RB1LD_1LC1RB_0RA0LD_0RB1LA,undecided,0,0,0,0,0,0,?,0
0RB1LD_1LC1RB_0RA1LA_1RB0LC,undecided,0,0,0,0,0,0,?,0
0RB1LD_1LC1RB_0RA1LA_1RD0LC,undecided,0,0,0,0,0,0,?,0
0RB1LD_1LC1RB_0RB0LA_0RB1LA,undecided,0,0,0,0,0,0,?,0
0RB1LD_1LC1RB_0RB0LA_0RB1LD,irules,197624,83,1,1,3,1,F,0
0RB1LD_1LC1RB_0RB0LA_0RD1LA,undecided,0,0,0,0,0,0,?,0
0RB1LD_1LC1RB_0RB0LD_0RB1LA,undecided,0,0,0,0,0,0,?,0
0RB1LD_1LC1RB_0RB1LA_0LC0RA,undecided,0,0,0,0,0,0,?,0
0RB1LD_1LC1RB_0RC1LA_0LA0LC,undecided,0,0,0,0,0,0,?,0
0RB1LD_1LC1RB_0RC1LA_1RD0LC,undecided,0,0,0,0,0,0,?,0
0RB1LD_1LC1RB_0RD0LA_0RB1LA,undecided,0,0,0,0,0,0,?,0
0RB1LD_1LC1RB_0RD0LA_0RB1LD,irules,197790,83,1,1,3,1,F,0
0RB1LD_1LC1RB_0RD0LA_0RD1LA,undecided,0,0,0,0,0,0,?,0
0RB1LD_1LC1RB_0RD0LD_0RB1LA,undecided,0,0,0,0,0,0,?,0
0RB1LD_1LC1RB_0RD1LA_1LA0LC,undecided,0,0,0,0,0,0,?,0
0RB1LD_1LC1RB_1LA0LA_0RB1LA,irules,190321,52,1,1,5,4,F,0
0RB1LD_1LC1RB_1LA0LA_0RB1LD,irules,190321,104,1,2,3,1,F,0
0RB1LD_1LC1RB_1LA0LA_0RD1LA,irules,192973,52,1,1,5,4,F,0
0RB1LD_1LC1RB_1LA0LD_0RB1LA,irules,190321,52,1,1,5,4,F,0
0RB1LD_1LC1RB_1LA1LA_0RB0LC,undecided,0,0,0,0,0,0,?,0
0RB1LD_1LC1RB_1LD0LA_0RB1LA,irules,190321,52,1,1,5,4,F,0
0RB1LD_1LC1RB_1LD0LA_0RB1LD,irules,190321,104,1,2,3,1,F,0
0RB1LD_1LC1RB_1LD0LA_0RD1LA,irules,193077,52,1,1,5,4,F,0
0RB1LD_1LC1RB_1LD0LD_0RB1LA,irules,190321,52,1,1,5,4,F,0
0RB1LD_1LC1RB_1LD1LA_0RB0LC,undecided,0,0,0,0,0,0,?,0
0RB1LD_1LC1RB_1RA0LA_0RB1LA,irules,190425,52,1,1,5,4,F,0
0RB1LD_1LC1RB_1RA0LA_0RB1LD,irules,190425,104,1,2,3,1,F,0
0RB1LD_1LC1RB_1RA0LA_0RD1LA,irules,193077,52,1,1,5,4,F,0
0RB1LD_1LC1RB_1RA0LC_1LA0LD,undecided,0,0,0,0,0,0,?,0
0RB1LD_1LC1RB_1RA0LC_1RB0LD,undecided,0,0,0,0,0,0,?,0
0RB1LD_1LC1RB_1RA0LD_0RB1LA,irules,190425,52,1,1,5,4,F,0
0RB1LD_1LC1RB_1RB0LA_0RB1LA,irules,190322,51,1,1,4,4,F,0
0RB1LD_1LC1RB_1RB0LA_0RB1LD,irules,190322,103,1,2,3,1,F,0
0RB1LD_1LC1RB_1RB0LA_0RD1LA,irules,192974,51,1,1,4,4,F,0
0RB1LD_1LC1RB_1RB0LD_0RB1LA,irules,190322,51,1,1,4,4,F,0
0RB1LD_1LC1RB_1RB1LA_0RB0LC,undecided,0,0,0,0,0,0,?,0
0RB1LD_1LC1RB_1RD0LA_0RB1LA,irules,190425,52,1,1,5,4,F,0
0RB1LD_1LC1RB_1RD0LA_0RB1LD,irules,190425,104,1,2,3,1,F,0
0RB1LD_1LC1RB_1RD0LA_0RD1LA,irules,193181,52,1,1,5,4,F,0
0RB1LD_1LC1RB_1RD0LD_0RB1LA,irules,190425,52,1,1,5,4,F,0
0RB1LD_1LC1RC_1LA0RC_0LD0RB,undecided,0,0,0,0,0,0,?,0
0RB1LD_1LC1RD_0RA0LC_1RB---,undecided,0,0,0,0,0,0,?,0
0RB1LD_1RC0LA_1LA1RA_1RA0LD,undecided,0,0,0,0,0,0,?,0
0RB1LD_1RC0LA_1LA1RB_0RB0LA,undecided,0,0,0,0,0,0,?,0
0RB1LD_1RC0LA_1LA1RB_0RD0LA,undecided,0,0,0,0,0,0,?,0
0RB1LD_1RC0LA_1LB1RC_0RC1LD,irules,197458,83,1,1,3,1,F,0
0RB1LD_1RC0LA_1RD1RB_0LB0LA,irules,195916,63,1,1,10,4,F,0
0RB1LD_1RC0LA_1RD1RB_1LB0LA,irules,190323,81,1,2,11,3,F,0
0RB1LD_1RC0LD_1LA1RB_0RD0LA,undecided,0,0,0,0,0,0,?,0
0RB1LD_1RC0LD_1RD0RC_1LA1RB,undecided,0,0,0,0,0,0,?,0
0RB1LD_1RC0RC_1LA1RA_1RA0LD,undecided,0,0,0,0,0,0,?,0
0RB1LD_1RC0RD_0LA1RA_1RA0LD,undecided,0,0,0,0,0,0,?,0
0RB1LD_1RC0RD_1LA0RD_1RA0LD,undecided,0,0,0,0,0,0,?,0
0RB1LD_1RC1LA_1RD1RB_0LB0LA,irules,197632,81,1,2,10,4,F,0
0RB1LD_1RC1LB_0LB1RD_1RC0LA,undecided,0,0,0,0,0,0,?,0
0RB1LD_1RC1LB_1LB1RD_1RC0LA,undecided,0,0,0,0,0,0,?,0
0RB1LD_1RC1RA_0LA1RA_1RA0LD,undecided,0,0,0,0,0,0,?,0
0RB1LD_1RC1RA_1LA0RA_0LA1LD,irules,190699,82,1,2,11,1,F,0
0RB1LD_1RC1RA_1LA0RD_1RA0LD,undecided,0,0,0,0,0,0,?,0
0RB1LD_1RC1RA_1LB0RA_0LA1LD,irules,190781,82,1,2,11,1,F,0
0RB1LD_1RC1RA_1LD0RA_0LA1LD,irules,190699,82,1,2,11,1,F,0
0RB1LD_1RC1RA_1RD0RA_0LA1LD,irules,190781,82,1,2,11,1,F,0
0RB1LD_1RC1RB_0LA1RA_1LA0LA,undecided,0,0,0,0,0,0,?,0
0RB1LD_1RC1RB_0LC1RD_1LA0RC,undecided,0,0,0,0,0,0,?,0
0RB1LD_1RC1RB_0LD0RC_0LB1LA,undecided,0,0,0,0,0,0,?,0
0RB1LD_1RC1RB_0LD1RD_1LA0RC,undecided,0,0,0,0,0,0,?,0
0RB1LD_1RC1RB_1LA0RB_0LA0LD,undecided,0,0,0,0,0,0,?,0
0RB1LD_1RC1RB_1LA1RA_1LA0LA,undecided,0,0,0,0,0,0,?,0
0RB1LD_1RC1RB_1LA1RA_1LC0LA,irules,198731,57,1,1,10,4,F,0
0RB1LD_1RC1RB_1RD1RA_1LA0LA,undecided,0,0,0,0,0,0,?,0
0RB1LD_1RC1RC_1LA1RA_1RA0LD,undecided,0,0,0,0,0,0,?,0
0RB1RA_0LC0RA_0LD1LD_1RB1LC,undecided,0,0,0,0,0,0,?,0
0RB1RA_0LC0RA_0LD1LD_1RB1LD,irules,197295,82,1,1,3,1,F,0
0RB1RA_0LC0RA_0LD1RA_1RB1LD,irules,197623,82,1,1,3,1,F,0
0RB1RA_0LC0RA_0LD1RC_1RB1LD,irules,197459,82,1,1,3,1,F,0
0RB1RA_0LC1RA_1LD1LB_1LA0LB,irules,190782,82,1,2,11,1,F,0
0RB1RA_0LC1RA_1LD1LB_1RA0LB,irules,190700,82,1,2,11,1,F,0
0RB1RA_0LC1RA_1LD1LB_1RB0LB,irules,190700,82,1,2,11,1,F,0
0RB1RA_0LC1RA_1LD1LB_1RC0LB,irules,190782,82,1,2,11,1,F,0
0RB1RA_0LC1RB_1LD1LC_0RA0LD,undecided,0,0,0,0,0,0,?,0
0RB1RA_0LC1RB_1RD1LC_0LB0LA,irules,197458,82,1,1,4,1,F,0
0RB1RA_0LC1RB_1RD1LC_0LC0LA,irules,197294,82,1,1,4,1,F,0
0RB1RA_0LC1RB_1RD1LC_1LB0LA,irules,195730,104,1,2,4,1,F,0
0RB1RA_0LC1RB_1RD1LC_1LC0LA,irules,195629,103,1,2,2,1,F,0
0RB1RA_0LC1RB_1RD1LC_1RB0LA,irules,195626,104,1,2,4,1,F,0
0RB1RA_0LC1RC_0LD0RC_1LA1LD,undecided,0,0,0,0,0,0,?,0
0RB1RA_0LC1RC_1LD0LA_0RA1LC,undecided,0,0,0,0,0,0,?,0
0RB1RA_0LC1RC_1LD0RB_0RA1LC,undecided,0,0,0,0,0,0,?,0
0RB1RA_0LC1RC_1LD0RB_1RA1LC,undecided,0,0,0,0,0,0,?,0
0RB1RA_1LC---_1LD---_0RA0LD,undecided,0,0,0,0,0,0,?,0
0RB1RA_1LC---_1LD0LD_0RA0LC,undecided,0,0,0,0,0,0,?,0
0RB1RA_1LC0LD_1LD---_0RA0LB,undecided,0,0,0,0,0,0,?,0
0RB1RA_1LC0RA_1LD0LA_1RB0LB,undecided,0,0,0,0,0,0,?,0
0RB1RA_1LC0RA_1LD0LB_1RB0LB,undecided,0,0,0,0,0,0,?,0
0RB1RA_1LC0RA_1LD0LB_1RB1LC,undecided,0,0,0,0,0,0,?,0
0RB1RA_1LC0RA_1LD1LB_1RB0LB,undecided,0,0,0,0,0,0,?,0
0RB1RA_1LC0RA_1LD1LC_1RB0LB,undecided,0,0,0,0,0,0,?,0
0RB1RA_1LC0RC_1LD0LC_0RA1LC,undecided,0,0,0,0,0,0,?,0
0RB1RA_1LC0RD_1LD0LC_0RA1LC,undecided,0,0,0,0,0,0,?,0
0RB1RA_1LC1LA_1LD1RB_0RC0LD,undecided,0,0,0,0,0,0,?,0
0RB1RA_1LC1LD_0LD---_0RA0LC,undecided,0,0,0,0,0,0,?,0
0RB1RA_1LC1LD_1LD0LC_0RA0LC,undecided,0,0,0,0,0,0,?,0
0RB1RA_1LC1LD_1LD0LC_0RA1LC,undecided,0,0,0,0,0,0,?,0
0RB1RA_1LC1RA_1LD0LC_0RA0LC,undecided,0,0,0,0,0,0,?,0
0RB1RA_1LC1RA_1LD0LC_0RA1LC,undecided,0,0,0,0,0,0,?,0
0RB1RA_1LC1RA_1LD0LC_0RB0LC,undecided,0,0,0,0,0,0,?,0
0RB1RA_1LC1RB_0LD0LC_1RA1LD,undecided,0,0,0,0,0,0,?,0
0RB1RA_1LC1RB_0LD1LD_0RA0LC,undecided,0,0,0,0,0,0,?,0
0RB1RA_1LC1RB_1RB1LD_0RA0LC,undecided,0,0,0,0,0,0,?,0
0RB1RA_1LC1RD_0LD0LC_1LA1LC,undecided,0,0,0,0,0,0,?,0
0RB1RA_1LC1RD_0LD0LC_1RA1LC,undecided,0,0,0,0,0,0,?,0
0RB1RA_1RC0RC_1LD0RB_0RA0LC,undecided,0,0,0,0,0,0,?,0
0RB1RA_1RC0RC_1LD0RB_1RA0LC,irules,199992,6249,1,1,1,0,F,0
0RB1RA_1RC1RD_0LD0LC_1RA1LC,undecided,0,0,0,0,0,0,?,0
0RB1RA_1RC1RD_1LD0RB_1RA0LC,irules,199998,7142,1,1,1,0,F,0
0RB1RB_0LC0RA_0LD1LC_1RA1LD,undecided,0,0,0,0,0,0,?,0
0RB1RB_0LC0RC_0LD1RA_1RC1LD,undecided,0,0,0,0,0,0,?,0
0RB1RB_0LC0RC_0LD1RC_1RA1LD,undecided,0,0,0,0,0,0,?,0
0RB1RB_0LC0RD_1RB1LC_0LA1RD,irules,197294,82,1,1,3,1,F,0
0RB1RB_0LC0RD_1RD1LC_0LA1RA,undecided,0,0,0,0,0,0,?,0
0RB1RB_0LC0RD_1RD1LC_0LA1RB,undecided,0,0,0,0,0,0,?,0
0RB1RB_0LC1RC_0LD0RA_1RA1LD,undecided,0,0,0,0,0,0,?,0
0RB1RB_0LC1RD_1LD0RD_1RA0LD,undecided,0,0,0,0,0,0,?,0
0RB1RB_1LA1LC_1RD0LC_0RD0LA,undecided,0,0,0,0,0,0,?,0
0RB1RB_1LC---_1RD0LC_0RD0LA,undecided,0,0,0,0,0,0,?,0
0RB1RB_1LC0LA_1RD0LC_0RD1LA,undecided,0,0,0,0,0,0,?,0
0RB1RB_1LC0LC_1LD1RA_0RA0LD,undecided,0,0,0,0,0,0,?,0
0RB1RB_1LC0LC_1RD1LA_0RD0LA,undecided,0,0,0,0,0,0,?,0
0RB1RB_1LC0RA_0LD0LC_1RD1LB,undecided,0,0,0,0,0,0,?,0
0RB1RB_1LC0RA_1RA1LD_0LA0LC,undecided,0,0,0,0,0,0,?,0
0RB1RB_1LC0RA_1RA1LD_1LC0LC,undecided,0,0,0,0,0,0,?,0
0RB1RB_1LC0RD_1RD0LC_1LA0LA,undecided,0,0,0,0,0,0,?,0
0RB1RB_1LC1RA_0LD0LA_1LA0RD,irules,88154,255,0,0,4,6,F,0
0RB1RB_1LC1RA_0LD0LA_1RA0RD,irules,87644,255,0,0,4,6,F,0
0RB1RB_1LC1RA_0LD0LC_1RD0RB,irules,191950,33,1,1,3,8,F,0
0RB1RB_1LC1RA_0RA0LD_0LC1LD,undecided,0,0,0,0,0,0,?,0
0RB1RB_1LC1RA_1LD---_0RA0LD,undecided,0,0,0,0,0,0,?,0
0RB1RB_1LC1RA_1LD0LC_0RB0LC,undecided,0,0,0,0,0,0,?,0
0RB1RB_1LC1RA_1LD0LD_0RB0LC,undecided,0,0,0,0,0,0,?,0
0RB1RB_1LC1RA_1RA0LD_1LC1LD,undecided,0,0,0,0,0,0,?,0
0RB1RB_1LC1RB_0RA0LD_0LC1LD,irules,197293,82,1,1,3,1,F,0
0RB1RB_1LC1RC_1LD1RA_0RA0LD,undecided,0,0,0,0,0,0,?,0
0RB1RB_1LC1RD_1LA0LC_0RD0LA,undecided,0,0,0,0,0,0,?,0
0RB1RB_1RC0LD_1LD0RC_1LA0LA,undecided,0,0,0,0,0,0,?,0
0RB1RB_1RC0RC_1LD1LA_0LD0LA,undecided,0,0,0,0,0,0,?,0
0RB1RB_1RC1LB_1LA0RD_0LC1RD,irules,196479,81,1,1,4,1,F,0
0RB1RB_1RC1LD_1LA0RC_0LD0LA,undecided,0,0,0,0,0,0,?,0
0RB1RC_0LC---_0LD0RA_1RA1LD,undecided,0,0,0,0,0,0,?,0
0RB1RC_0LC0RA_0LD1RC_1RB1LD,irules,197956,83,1,1,3,1,F,0
0RB1RC_0RC1RA_1LD1RB_0LA0LD,undecided,0,0,0,0,0,0,?,0
0RB1RC_1LA0LC_0LD0RA_1RA1LD,undecided,0,0,0,0,0,0,?,0
0RB1RC_1LA1RB_0LD0RC_1LD0LA,undecided,0,0,0,0,0,0,?,0
0RB1RC_1LA1RB_0RC1LD_0LD0LA,undecided,0,0,0,0,0,0,?,0
0RB1RC_1LA1RB_1LD0RC_0LD0LA,undecided,0,0,0,0,0,0,?,0
0RB1RC_1LA1RB_1LD0RC_0LD1LA,undecided,0,0,0,0,0,0,?,0
0RB1RC_1LC---_1LD1RA_0RA0LD,undecided,0,0,0,0,0,0,?,0
0RB1RC_1LC0LA_0LD0RA_1RA1LD,undecided,0,0,0,0,0,0,?,0
0RB1RC_1LC0LC_0LD0RA_1RA1LD,undecided,0,0,0,0,0,0,?,0
0RB1RC_1LC0RA_0LD1RC_1RB1LD,irules,192321,120,1,3,3,1,F,0
0RB1RC_1LC0RC_1LD1RA_0RB0LD,undecided,0,0,0,0,0,0,?,0
0RB1RC_1RC0LC_1LD0RC_1LA0LA,undecided,0,0,0,0,0,0,?,0
0RB1RC_1RC0LD_0LB1RA_1LB1LD,undecided,0,0,0,0,0,0,?,0
0RB1RC_1RC1LD_1LA0RC_0LD0LA,undecided,0,0,0,0,0,0,?,0
0RB1RC_1RC1RB_1LD0RC_0LD1LA,undecided,0,0,0,0,0,0,?,0
0RB1RD_0LC1RA_1RB1LC_0LD0LB,undecided,0,0,0,0,0,0,?,0
0RB1RD_0RC0LB_1LD1RC_1LB0RA,undecided,0,0,0,0,0,0,?,0
0RB1RD_1LA1LC_1RB0LC_0RD0LA,undecided,0,0,0,0,0,0,?,0
0RB1RD_1LC0LC_1RA1LB_1RB0RA,undecided,0,0,0,0,0,0,?,0
0RB1RD_1LC0LD_1RD0RA_1LB0RC,irules,199965,3570,1,1,1,0,F,0
0RB1RD_1LC0RA_1LD1LC_1RB0LC,undecided,0,0,0,0,0,0,?,0
0RB1RD_1LC0RA_1RC1LA_1RB0LD,undecided,0,0,0,0,0,0,?,0
0RB1RD_1LC0RA_1RD1LA_1RB0LD,undecided,0,0,0,0,0,0,?,0
0RB1RD_1LC0RD_1LD0LC_1RA0LB,undecided,0,0,0,0,0,0,?,0
0RB1RD_1LC1LB_0RA0LC_0LB1RA,undecided,0,0,0,0,0,0,?,0
0RB1RD_1LC1LB_1RA0LC_1RB0RA,undecided,0,0,0,0,0,0,?,0
0RB1RD_1LC1RA_0LD0LC_0RA1RB,undecided,0,0,0,0,0,0,?,0
0RB1RD_1LC1RA_1LA0LC_1RA1LC,undecided,0,0,0,0,0,0,?,0
0RB1RD_1LC1RA_1LA0LC_1RB1LC,undecided,0,0,0,0,0,0,?,0
0RB1RD_1LC1RA_1LD0LC_0RB0LC,irules,193598,219,1,8,2,0,F,0
0RB1RD_1LC1RA_1LD0LC_1RB0LB,irules,198742,87,1,2,8,6,F,0
0RB1RD_1LC1RA_1LD0LC_1RD0LB,irules,199587,221,1,2,6,2,F,0
0RB1RD_1LC1RD_0LD0LC_1RA1LC,undecided,0,0,0,0,0,0,?,0
0RB1RD_1LC1RD_1LA0LC_1RA1LC,undecided,0,0,0,0,0,0,?,0
0RB1RD_1RC---_1LD1RB_0LD0LA,undecided,0,0,0,0,0,0,?,0
0RB1RD_1RC0LC_1LA0LA_1LB0RD,undecided,0,0,0,0,0,0,?,0
0RB1RD_1RC1LC_1LB1RA_1LD0RC,irules,199994,5555,1,1,2,0,F,0
0RB1RD_1RC1RA_1LD0LA_1RA0LC,undecided,0,0,0,0,0,0,?,0
0RB1RD_1RC1RB_0LC1LA_1LC0RD,undecided,0,0,0,0,0,0,?,0
0RB1RD_1RC1RD_0LD0LC_1RA1LC,undecided,0,0,0,0,0,0,?,0
1RB---_0LB1RC_1LD1RA_0RA0LD,undecided,0,0,0,0,0,0,?,0
1RB---_0LC0RB_1LD1LA_0RC1LC,undecided,0,0,0,0,0,0,?,0
1RB---_0LC0RD_0LD1LC_1RA0RB,undecided,0,0,0,0,0,0,?,0
1RB---_0LC0RD_1LA1LC_0LA0RB,undecided,0,0,0,0,0,0,?,0
1RB---_0LC1RA_1LD1RC_0RA0LD,undecided,0,0,0,0,0,0,?,0
1RB---_0LC1RD_1LA1LC_0LA0RD,undecided,0,0,0,0,0,0,?,0
1RB---_0RC0RB_1LC0LD_1RA0LD,undecided,0,0,0,0,0,0,?,0
1RB---_0RC1RB_1LC0LD_0RA0LC,undecided,0,0,0,0,0,0,?,0
1RB---_1LB0LC_1RD0LC_0RD0LA,undecided,0,0,0,0,0,0,?,0
1RB---_1LB1LC_1RD0LA_0LC0RD,undecided,0,0,0,0,0,0,?,0
1RB---_1LB1RC_1RA1LD_0RA0LD,undecided,0,0,0,0,0,0,?,0
1RB---_1LC---_1RD0LC_0RD0LA,undecided,0,0,0,0,0,0,?,0
1RB---_1LC0LD_0RA0LC_1RA1RD,undecided,0,0,0,0,0,0,?,0
1RB---_1LC0RA_0RB0LD_0LC---,undecided,0,0,0,0,0,0,?,0
1RB---_1LC0RA_1LD0LC_0RB1RC,undecided,0,0,0,0,0,0,?,0
1RB---_1LC0RB_0LC0LD_0RA---,undecided,0,0,0,0,0,0,?,0
1RB---_1LC0RB_0LC0LD_1RA0RA,undecided,0,0,0,0,0,0,?,0
1RB---_1LC0RB_0LC0RD_0LA1LA,undecided,0,0,0,0,0,0,?,0
1RB---_1LC0RB_0LD0LB_0RA1LB,undecided,0,0,0,0,0,0,?,0
1RB---_1LC0RB_0LD1LA_0LD0RA,undecided,0,0,0,0,0,0,?,0
1RB---_1LC0RB_1LD1LA_0LC0RC,undecided,0,0,0,0,0,0,?,0
1RB---_1LC0RB_1RD0LC_1LB1RA,undecided,0,0,0,0,0,0,?,0
1RB---_1LC0RC_1RD0LB_1RB0RA,irules,200000,5405,1,1,1,0,F,0
1RB---_1LC1LB_1RD1LA_0LB0RD,undecided,0,0,0,0,0,0,?,0
1RB---_1LC1LD_0RA0LC_1RA1RD,undecided,0,0,0,0,0,0,?,0
1RB---_1LC1RA_---0LD_0RA0LC,undecided,0,0,0,0,0,0,?,0
1RB---_1LC1RA_---0LD_0RA0LD,undecided,0,0,0,0,0,0,?,0
1RB---_1LC1RA_0LC0LD_0RA0RC,undecided,0,0,0,0,0,0,?,0
1RB---_1LC1RA_0LC0LD_0RA1RC,undecided,0,0,0,0,0,0,?,0
1RB---_1LC1RA_0RA0LC_------,undecided,0,0,0,0,0,0,?,0
1RB---_1LC1RA_0RD0LC_0LB0RA,undecided,0,0,0,0,0,0,?,0
1RB---_1LC1RA_0RD0LC_1LC1RB,undecided,0,0,0,0,0,0,?,0
1RB---_1LC1RA_0RD0LC_1RB---,undecided,0,0,0,0,0,0,?,0
1RB---_1LC1RA_0RD0LD_1RA0LC,undecided,0,0,0,0,0,0,?,0
1RB---_1LC1RA_1LD0LC_0RD0RA,undecided,0,0,0,0,0,0,?,0
1RB---_1LC1RA_1RB0LD_0RC0LC,undecided,0,0,0,0,0,0,?,0
1RB---_1LC1RA_1RB0LD_0RC0LD,undecided,0,0,0,0,0,0,?,0
1RB---_1LC1RA_1RD0LC_0LD0RA,undecided,0,0,0,0,0,0,?,0
1RB---_1LC1RC_1RA0LD_0RA0LD,undecided,0,0,0,0,0,0,?,0
1RB---_1LC1RD_0RA0LC_0LD1RA,undecided,0,0,0,0,0,0,?,0
1RB---_1LC1RD_0RA0LC_1LB1RA,undecided,0,0,0,0,0,0,?,0
1RB---_1LC1RD_0RA0LC_1LC1RA,undecided,0,0,0,0,0,0,?,0
1RB---_1LC1RD_0RA0LC_1RA---,undecided,0,0,0,0,0,0,?,0
1RB---_1LC1RD_0RA0LC_1RB---,undecided,0,0,0,0,0,0,?,0
1RB---_1LC1RD_0RB0LC_0LD1RA,undecided,0,0,0,0,0,0,?,0
1RB---_1LC1RD_0RB0LC_1LB1RA,undecided,0,0,0,0,0,0,?,0
1RB---_1LC1RD_0RB0LC_1LC1RA,undecided,0,0,0,0,0,0,?,0
1RB---_1LC1RD_1LA0LC_0RD0LA,undecided,0,0,0,0,0,0,?,0
1RB---_1RC---_0LD0RC_0LA1LD,undecided,0,0,0,0,0,0,?,0
1RB---_1RC---_1LD1RA_0RA0LD,undecided,0,0,0,0,0,0,?,0
1RB---_1RC---_1LD1RB_0RA0LD,undecided,0,0,0,0,0,0,?,0
1RB---_1RC0LD_1LB1RA_0RA0LD,undecided,0,0,0,0,0,0,?,0
1RB---_1RC0LD_1LD1RB_0RA0LB,undecided,0,0,0,0,0,0,?,0
1RB---_1RC0RC_0LD0RB_0LA1LD,undecided,0,0,0,0,0,0,?,0
1RB---_1RC1LD_0LD0RC_0LA1LB,undecided,0,0,0,0,0,0,?,0
1RB---_1RC1RA_1LD0LB_0RA0LD,undecided,0,0,0,0,0,0,?,0
1RB---_1RC1RA_1LD0LB_0RB0LD,undecided,0,0,0,0,0,0,?,0
1RB0LA_0LB0RC_1RD---_1LA1RC,undecided,0,0,0,0,0,0,?,0
1RB0LA_0LC0RB_1LC0RD_1LA1RD,undecided,0,0,0,0,0,0,?,0
1RB0LA_0LC0RD_1LC1LA_0RB0RA,undecided,0,0,0,0,0,0,?,0
1RB0LA_0LC0RD_1LD0RC_1LA0RB,undecided,0,0,0,0,0,0,?,0
1RB0LA_0LC1LC_1RD1LB_0RA0RB,irules,88149,255,0,0,4,6,F,0
1RB0LA_0LC1RD_1LC1LA_0RB0RD,undecided,0,0,0,0,0,0,?,0
1RB0LA_0LC1RD_1LC1LA_0RC0RD,undecided,0,0,0,0,0,0,?,0
1RB0LA_0RC0LA_1LD1RD_1LA0RB,undecided,0,0,0,0,0,0,?,0
1RB0LA_0RC0LC_1LD0RB_1LD0RA,undecided,0,0,0,0,0,0,?,0
1RB0LA_0RC0LD_1LD1RD_1LA1RB,undecided,0,0,0,0,0,0,?,0
1RB0LA_0RC0RB_0LD1LA_1LD0LA,undecided,0,0,0,0,0,0,?,0
1RB0LA_0RC0RB_0LD1LA_1LD1RC,undecided,0,0,0,0,0,0,?,0
1RB0LA_0RC0RC_1LD1RD_1LA1RB,undecided,0,0,0,0,0,0,?,0
1RB0LA_0RC0RD_0LD1RA_1RC1LA,undecided,0,0,0,0,0,0,?,0
1RB0LA_0RC0RD_1LA0RA_0LC1RA,undecided,0,0,0,0,0,0,?,0
1RB0LA_0RC0RD_1LA0RC_0LC1RA,undecided,0,0,0,0,0,0,?,0
1RB0LA_0RC0RD_1LA1LC_0LC0RB,undecided,0,0,0,0,0,0,?,0
1RB0LA_0RC0RD_1LA1RA_0LC1RA,undecided,0,0,0,0,0,0,?,0
1RB0LA_0RC0RD_1LA1RB_1LC1RC,undecided,0,0,0,0,0,0,?,0
1RB0LA_0RC0RD_1LD1RD_1LA1RB,undecided,0,0,0,0,0,0,?,0
1RB0LA_0RC1LA_1RD0LB_1LB1RB,undecided,0,0,0,0,0,0,?,0
1RB0LA_0RC1LA_1RD0RA_0LB1RB,undecided,0,0,0,0,0,0,?,0
1RB0LA_0RC1LA_1RD0RA_1LB0RA,undecided,0,0,0,0,0,0,?,0
1RB0LA_0RC1LA_1RD0RD_1LB1RB,undecided,0,0,0,0,0,0,?,0
1RB0LA_0RC1LA_1RD1RC_0LB1RB,undecided,0,0,0,0,0,0,?,0
1RB0LA_0RC1LA_1RD1RD_1LB1RB,undecided,0,0,0,0,0,0,?,0
1RB0LA_0RC1LD_1LA1RC_1LB0LD,undecided,0,0,0,0,0,0,?,0
1RB0LA_0RC1LD_1LA1RC_1RC0LD,undecided,0,0,0,0,0,0,?,0
1RB0LA_0RC1RA_0LD0RB_1LD0LA,undecided,0,0,0,0,0,0,?,0
1RB0LA_0RC1RA_0LD0RB_1LD1LB,undecided,0,0,0,0,0,0,?,0
1RB0LA_0RC1RB_0LD0RB_1LD0LA,undecided,0,0,0,0,0,0,?,0
1RB0LA_0RC1RB_0RD1RC_1LD1LA,undecided,0,0,0,0,0,0,?,0
1RB0LA_0RC1RD_0LD0RB_1LD0LA,undecided,0,0,0,0,0,0,?,0
1RB0LA_1LB0RC_1LA1RD_1RC---,undecided,0,0,0,0,0,0,?,0
1RB0LA_1LB1LC_1RD0LC_0RD0RA,undecided,0,0,0,0,0,0,?,0
1RB0LA_1LB1RC_1RD1LC_1LA0RD,undecided,0,0,0,0,0,0,?,0
1RB0LA_1LC---_1LA0RD_0RB1RD,undecided,0,0,0,0,0,0,?,0
1RB0LA_1LC---_1RD0RD_1LA1RC,undecided,0,0,0,0,0,0,?,0
1RB0LA_1LC0LA_1RD0RD_1LB1RC,undecided,0,0,0,0,0,0,?,0
1RB0LA_1LC0LC_1LA0RD_1RD0RB,undecided,0,0,0,0,0,0,?,0
1RB0LA_1LC0LC_1RD0LB_1LA0RC,irules,199999,5261,1,1,1,0,F,0
1RB0LA_1LC0RA_0LC1RD_1LB0RD,undecided,0,0,0,0,0,0,?,0
1RB0LA_1LC0RB_0LC0RD_1RD1LA,undecided,0,0,0,0,0,0,?,0
1RB0LA_1LC0RB_1RA1LD_1LA---,undecided,0,0,0,0,0,0,?,0
1RB0LA_1LC0RB_1RA1RD_0LC1LD,undecided,0,0,0,0,0,0,?,0
1RB0LA_1LC0RB_1RC1LD_1LA1RD,undecided,0,0,0,0,0,0,?,0
1RB0LA_1LC0RB_1RD0LD_1LA1RB,undecided,0,0,0,0,0,0,?,0
1RB0LA_1LC0RB_1RD1LA_1LA1RC,undecided,0,0,0,0,0,0,?,0
1RB0LA_1LC0RB_1RD1LA_1LD1RC,undecided,0,0,0,0,0,0,?,0
1RB0LA_1LC0RB_1RD1LA_1RA1RC,undecided,0,0,0,0,0,0,?,0
1RB0LA_1LC0RB_1RD1LA_1RB1RC,undecided,0,0,0,0,0,0,?,0
1RB0LA_1LC0RB_1RD1LD_1LA1RC,undecided,0,0,0,0,0,0,?,0
1RB0LA_1LC0RB_1RD1LD_1LA1RD,undecided,0,0,0,0,0,0,?,0
1RB0LA_1LC0RC_1RD1LA_1LA0RD,undecided,0,0,0,0,0,0,?,0
1RB0LA_1LC0RD_0LB1LA_0RB1LA,undecided,0,0,0,0,0,0,?,0
1RB0LA_1LC0RD_0LC1LA_0RB1RD,undecided,0,0,0,0,0,0,?,0
1RB0LA_1LC0RD_0LC1LD_0RB1RA,undecided,0,0,0,0,0,0,?,0
1RB0LA_1LC0RD_0LD0LC_1LA1RD,undecided,0,0,0,0,0,0,?,0
1RB0LA_1LC0RD_0RD0LC_1LA1RD,undecided,0,0,0,0,0,0,?,0
1RB0LA_1LC0RD_1LA0LB_1RB0RD,undecided,0,0,0,0,0,0,?,0
1RB0LA_1LC0RD_1LA0LC_1LA1RD,undecided,0,0,0,0,0,0,?,0
1RB0LA_1LC0RD_1LA0LC_1RB0RB,undecided,0,0,0,0,0,0,?,0
1RB0LA_1LC0RD_1LA0LC_1RB0RD,undecided,0,0,0,0,0,0,?,0
1RB0LA_1LC0RD_1LA1RB_1LC1RC,undecided,0,0,0,0,0,0,?,0
1RB0LA_1LC0RD_1RA1LA_---0RB,undecided,0,0,0,0,0,0,?,0
1RB0LA_1LC0RD_1RA1LD_0RB1RA,undecided,0,0,0,0,0,0,?,0
1RB0LA_1LC0RD_1RC1LD_0RB1RA,undecided,0,0,0,0,0,0,?,0
1RB0LA_1LC1LA_1RD0LB_1LA0RC,irules,199999,5261,1,1,1,0,F,0
1RB0LA_1LC1LA_1RD0LB_1RA0RC,irules,200000,4998,1,1,1,0,F,0
1RB0LA_1LC1LD_1LA0RC_0RB1RD,undecided,0,0,0,0,0,0,?,0
1RB0LA_1LC1RC_1RD1LB_1LA0RD,undecided,0,0,0,0,0,0,?,0
1RB0LA_1LC1RC_1RD1LC_1LA0RD,undecided,0,0,0,0,0,0,?,0
1RB0LA_1LC1RD_0LC1LA_0RD0RB,undecided,0,0,0,0,0,0,?,0
1RB0LA_1LC1RD_1LA0RC_1RC---,undecided,0,0,0,0,0,0,?,0
1RB0LA_1LC1RD_1LA1LB_1LA0RD,undecided,0,0,0,0,0,0,?,0
1RB0LA_1LC1RD_1LD1LB_1LA0RD,undecided,0,0,0,0,0,0,?,0
1RB0LA_1LC1RD_1RC1LB_1LA0RD,undecided,0,0,0,0,0,0,?,0
1RB0LA_1LC1RD_1RD1LB_1LA0RD,undecided,0,0,0,0,0,0,?,0
1RB0LA_1RC---_0RD0RC_1LD0LA,undecided,0,0,0,0,0,0,?,0
1RB0LA_1RC0LD_1LD0RC_0RA0LB,undecided,0,0,0,0,0,0,?,0
1RB0LA_1RC0RA_1LD0RC_0LD1LB,undecided,0,0,0,0,0,0,?,0
1RB0LA_1RC1LA_0RD0RC_1LD0RB,undecided,0,0,0,0,0,0,?,0
1RB0LA_1RC1LA_0RD0RC_1LD1RB,undecided,0,0,0,0,0,0,?,0
1RB0LA_1RC1LB_0LB1RD_0LA0RC,undecided,0,0,0,0,0,0,?,0
1RB0LA_1RC1LD_0LD0RB_0RC1LA,undecided,0,0,0,0,0,0,?,0
1RB0LA_1RC1LD_0LD0RC_0RB1LA,undecided,0,0,0,0,0,0,?,0
1RB0LA_1RC1RA_0RD0RB_1LD0LA,undecided,0,0,0,0,0,0,?,0
1RB0LB_0LB0RC_1LD1RC_1LA1RB,undecided,0,0,0,0,0,0,?,0
1RB0LB_0LC0RC_0LD1RC_1RA1LD,irules,195984,65,1,1,3,1,F,0
1RB0LB_0LC0RD_1LA1LC_0RB1RB,undecided,0,0,0,0,0,0,?,0
1RB0LB_0LC0RD_1RA1LC_0LC1RD,irules,195852,65,1,1,3,1,F,0
1RB0LB_0LC0RD_1RC1LD_1RA0LA,undecided,0,0,0,0,0,0,?,0
1RB0LB_0LC1RD_1LA1LB_0RB1RD,irules,197676,83,1,2,11,1,F,0
1RB0LB_0RC0RC_1LD1RC_1LA0LA,undecided,0,0,0,0,0,0,?,0
1RB0LB_0RC0RD_1LA0LA_1LC1RD,irules,190801,71,1,2,3,5,F,0
1RB0LB_0RC1LA_1RD1RC_1LB1LD,undecided,0,0,0,0,0,0,?,0
1RB0LB_0RC1LB_1LA1RC_------,irules,195936,105,1,2,3,1,F,0
1RB0LB_0RC1LB_1LA1RD_0LD1RC,irules,198690,52,1,1,4,5,F,0
1RB0LB_0RC1LB_1LA1RD_1LA1RC,irules,195936,52,1,1,4,5,F,0
1RB0LB_0RC1LB_1LA1RD_1LA1RD,irules,195936,105,1,2,3,1,F,0
1RB0LB_0RC1LB_1LD1RC_1LA0RA,irules,191659,64,1,1,3,1,F,0
1RB0LB_0RC1LB_1LD1RD_1LA1RD,irules,187471,119,1,3,3,1,F,0
1RB0LB_0RC1LB_1RD1RC_1LD0LA,irules,197541,83,1,1,3,1,F,0
1RB0LB_0RC1LD_1LA1RC_0RC1LB,irules,195936,52,1,1,4,4,F,0
1RB0LB_0RC1LD_1LA1RC_0RC1LD,irules,195936,105,1,2,3,1,F,0
1RB0LB_0RC1LD_1LA1RC_0RD1LB,irules,198590,52,1,1,4,4,F,0
1RB0LB_0RC1RA_1LC0LD_0RA0LC,undecided,0,0,0,0,0,0,?,0
1RB0LB_0RC1RB_0LD0RC_1LD1LA,irules,191298,64,1,1,2,1,F,0
1RB0LB_1LA0LC_1RD0LC_0RD0LA,undecided,0,0,0,0,0,0,?,0
1RB0LB_1LA0RC_1LD0RC_0LD0RA,undecided,0,0,0,0,0,0,?,0
1RB0LB_1LA0RC_1LD0RC_0LD1RA,undecided,0,0,0,0,0,0,?,0
1RB0LB_1LC0LA_1LB0RD_0RB1RD,undecided,0,0,0,0,0,0,?,0
1RB0LB_1LC0LB_1RD1LB_1RA0RD,undecided,0,0,0,0,0,0,?,0
1RB0LB_1LC0LC_0RA1RD_1LA0RD,undecided,0,0,0,0,0,0,?,0
1RB0LB_1LC0RB_0LA0LD_0RA1LB,undecided,0,0,0,0,0,0,?,0
1RB0LB_1LC0RB_0LD1LD_0RA1LB,undecided,0,0,0,0,0,0,?,0
1RB0LB_1LC0RB_1LD0LD_0RA0LD,undecided,0,0,0,0,0,0,?,0
1RB0LB_1LC0RB_1LD0LD_0RA1RB,undecided,0,0,0,0,0,0,?,0
1RB0LB_1LC0RB_1LD1RB_0RA0LD,undecided,0,0,0,0,0,0,?,0
1RB0LB_1LC0RC_0LD1RC_1RA1LD,irules,191668,64,1,1,3,1,F,0
1RB0LB_1LC0RD_0RA0LC_1LB0RD,undecided,0,0,0,0,0,0,?,0
1RB0LB_1LC0RD_0RC0LD_1LA1RD,undecided,0,0,0,0,0,0,?,0
1RB0LB_1LC0RD_1LA0LB_0RB1RD,undecided,0,0,0,0,0,0,?,0
1RB0LB_1LC0RD_1LA0LB_1RB1RA,undecided,0,0,0,0,0,0,?,0
1RB0LB_1LC0RD_1LA0LD_0RB1RD,undecided,0,0,0,0,0,0,?,0
1RB0LB_1LC0RD_1LA0LD_1LB0RA,irules,199995,7407,1,1,1,0,F,0
1RB0LB_1LC0RD_1LA1LB_0LA0RA,undecided,0,0,0,0,0,0,?,0
1RB0LB_1LC0RD_1LA1LB_0RB1RD,undecided,0,0,0,0,0,0,?,0
1RB0LB_1LC0RD_1LA1LC_0RB1RD,undecided,0,0,0,0,0,0,?,0
1RB0LB_1LC0RD_1LC1LA_1RA1RD,undecided,0,0,0,0,0,0,?,0
1RB0LB_1LC0RD_1RA1LC_0LC1RD,irules,191412,64,1,1,3,1,F,0
1RB0LB_1LC1LB_0RC0RD_1LA1RD,irules,190319,103,1,2,3,1,F,0
1RB0LB_1LC1RA_0LC0LD_0RA0RB,undecided,0,0,0,0,0,0,?,0
1RB0LB_1LC1RA_1RD0LC_0LA0RB,undecided,0,0,0,0,0,0,?,0
1RB0LB_1LC1RD_0RA0LC_1LB0RD,undecided,0,0,0,0,0,0,?,0
1RB0LB_1LC1RD_1LA0LC_0RB0RC,undecided,0,0,0,0,0,0,?,0
1RB0LB_1LC1RD_1RD0LC_1LA0RD,undecided,0,0,0,0,0,0,?,0
1RB0LB_1RC0LC_0LD0RA_1RD1LA,undecided,0,0,0,0,0,0,?,0
1RB0LB_1RC0LD_1LA1RA_0RA0LA,undecided,0,0,0,0,0,0,?,0
1RB0LB_1RC0LD_1LA1RB_0RA0LB,undecided,0,0,0,0,0,0,?,0
1RB0LB_1RC0RB_0LD1RB_0LA1LD,undecided,0,0,0,0,0,0,?,0
1RB0LB_1RC0RB_1LD0RB_1LA0LC,undecided,0,0,0,0,0,0,?,0
1RB0LB_1RC0RB_1LD0RB_1LA0LD,undecided,0,0,0,0,0,0,?,0
1RB0LB_1RC0RC_0LD1RC_1RA1LD,irules,191540,64,1,1,3,1,F,0
1RB0LB_1RC0RC_1LD1RC_1LA0LA,irules,188422,71,1,2,4,5,F,0
1RB0LB_1RC1LA_0RD0RC_1LD1RB,undecided,0,0,0,0,0,0,?,0
1RB0LB_1RC1LB_0LA1RD_0LB0RC,undecided,0,0,0,0,0,0,?,0
1RB0LB_1RC1LC_0RD0LB_1LD0LA,undecided,0,0,0,0,0,0,?,0
1RB0LB_1RC1LD_0LA0RC_0LA1LB,undecided,0,0,0,0,0,0,?,0
1RB0LB_1RC1LD_0LA0RC_1LA1LB,undecided,0,0,0,0,0,0,?,0
1RB0LB_1RC1LD_0LA0RC_1LB---,undecided,0,0,0,0,0,0,?,0
1RB0LB_1RC1LD_0LA0RD_1LB0RC,undecided,0,0,0,0,0,0,?,0
1RB0LC_0LA0RB_0RD1LC_1LA1RD,undecided,0,0,0,0,0,0,?,0
1RB0LC_0LA0RB_1RD---_1LD1LA,undecided,0,0,0,0,0,0,?,0
1RB0LC_0LA0RB_1RD1LA_1LC---,undecided,0,0,0,0,0,0,?,0
1RB0LC_0LA0RB_1RD1LA_1LD1LC,undecided,0,0,0,0,0,0,?,0
1RB0LC_0LA0RD_1LA---_0RB---,undecided,0,0,0,0,0,0,?,0
1RB0LC_0LA1RD_1LA1LC_0RA1RB,undecided,0,0,0,0,0,0,?,0
1RB0LC_0LB0RC_0LD1RA_1RC1LD,undecided,0,0,0,0,0,0,?,0
1RB0LC_0LB1LA_0RC1RD_1LB0RD,undecided,0,0,0,0,0,0,?,0
1RB0LC_0LB1LA_1RD0LC_0RD1RB,undecided,0,0,0,0,0,0,?,0
1RB0LC_0LC0LA_1RC0RD_1LB1RD,undecided,0,0,0,0,0,0,?,0
1RB0LC_0LC0RB_1RD1LC_1LA0RD,undecided,0,0,0,0,0,0,?,0
1RB0LC_0LC0RD_1RB1LC_1LD1LA,undecided,0,0,0,0,0,0,?,0
1RB0LC_0LC1RD_1LA1LC_0RB0RD,undecided,0,0,0,0,0,0,?,0
1RB0LC_0RC0RA_0LD1RA_1LA0LC,undecided,0,0,0,0,0,0,?,0
1RB0LC_0RC0RA_1LD1LA_1RA1LD,undecided,0,0,0,0,0,0,?,0
1RB0LC_0RC0RB_1RD1LC_1LA0RD,undecided,0,0,0,0,0,0,?,0
1RB0LC_0RC1LA_0RD1LC_1LB1RD,irules,192190,65,1,1,2,1,F,0
1RB0LC_0RC1RA_1LD---_0RA0LD,undecided,0,0,0,0,0,0,?,0
1RB0LC_0RC1RA_1LD0RA_1LA0LD,undecided,0,0,0,0,0,0,?,0
1RB0LC_0RC1RB_0LD1RB_1LA1LC,irules,197668,83,1,2,11,1,F,0
1RB0LC_0RC1RD_0RD1LD_1LA0RA,irules,197461,85,1,1,1,2,F,0
1RB0LC_1LA---_1RD0LC_0RD0LA,undecided,0,0,0,0,0,0,?,0
1RB0LC_1LA---_1RD1LC_0RD0LA,undecided,0,0,0,0,0,0,?,0
1RB0LC_1LA0LA_1RD0LB_0RD0LA,undecided,0,0,0,0,0,0,?,0
1RB0LC_1LA0LA_1RD0RB_0RD0LA,undecided,0,0,0,0,0,0,?,0
1RB0LC_1LA0LA_1RD0RB_0RD1LC,undecided,0,0,0,0,0,0,?,0
1RB0LC_1LA0LA_1RD1LA_0RD0LA,undecided,0,0,0,0,0,0,?,0
1RB0LC_1LA0RA_1LD---_0RD0LB,irules,199995,4444,1,1,1,0,F,0
1RB0LC_1LA0RD_0RA1LC_1LD1LA,irules,194797,35,1,1,1,4,F,0
1RB0LC_1LA0RD_0RB0LC_0RD0LA,undecided,0,0,0,0,0,0,?,0
1RB0LC_1LA0RD_0RB0LC_1LC0LA,undecided,0,0,0,0,0,0,?,0
1RB0LC_1LA0RD_0RB1RD_1LC0LA,undecided,0,0,0,0,0,0,?,0
1RB0LC_1LA0RD_1RC1RB_0LB1RD,irules,194794,35,1,1,1,4,F,0
1RB0LC_1LA1LC_0LB1RD_0RC1RD,irules,197748,83,1,2,11,1,F,0
1RB0LC_1LA1LC_1RD0RB_0RD0LA,undecided,0,0,0,0,0,0,?,0
1RB0LC_1LA1LD_0RA1LC_1LA1RD,irules,196323,81,1,1,4,1,F,0
1RB0LC_1LA1RA_0LD0LA_0RD1RA,undecided,0,0,0,0,0,0,?,0
1RB0LC_1LA1RA_0RA0LD_---0LC,undecided,0,0,0,0,0,0,?,0
1RB0LC_1LA1RA_0RA0LD_---1LC,undecided,0,0,0,0,0,0,?,0
1RB0LC_1LA1RA_0RA0RD_0LD0LC,undecided,0,0,0,0,0,0,?,0
1RB0LC_1LA1RA_0RD0LA_0RD1RA,undecided,0,0,0,0,0,0,?,0
1RB0LC_1LA1RB_0RA1LD_0RB1LD,irules,197457,83,1,1,3,1,F,0
1RB0LC_1LA1RB_0RB1LC_------,irules,195729,105,1,2,3,1,F,0
1RB0LC_1LA1RB_0RB1LD_0RB1LC,irules,195729,52,1,1,4,4,F,0
1RB0LC_1LA1RB_0RB1LD_0RB1LD,irules,195729,105,1,2,3,1,F,0
1RB0LC_1LA1RB_0RB1LD_0RD1LC,irules,198381,52,1,1,4,4,F,0
1RB0LC_1LA1RB_0RD1LC_1LA1RB,irules,195729,105,1,2,3,1,F,0
1RB0LC_1LA1RB_0RD1LC_1LB1RB,irules,196921,121,1,3,3,1,F,0
1RB0LC_1LA1RB_1LD1LC_0RD0RB,irules,190115,103,1,2,3,1,F,0
1RB0LC_1LA1RB_1RA1LD_0RB1LD,irules,195625,105,1,2,3,1,F,0
1RB0LC_1LA1RB_1RD1LC_0LD0RB,irules,191946,65,1,1,2,1,F,0
1RB0LC_1LA1RB_1RD1LC_0RD0RB,irules,191914,36,1,1,3,1,F,0
1RB0LC_1LA1RB_1RD1LC_1LC0RB,irules,191818,65,1,2,2,1,F,0
1RB0LC_1LA1RB_1RD1LC_1RC0RB,irules,191884,65,1,2,2,1,F,0
1RB0LC_1LA1RC_0LD0LA_0RD1RA,undecided,0,0,0,0,0,0,?,0
1RB0LC_1LA1RD_0RA0LA_1RB---,undecided,0,0,0,0,0,0,?,0
1RB0LC_1LA1RD_0RA0LC_1RA---,undecided,0,0,0,0,0,0,?,0
1RB0LC_1LA1RD_0RA0LC_1RB---,undecided,0,0,0,0,0,0,?,0
1RB0LC_1LA1RD_0RA1LC_1LA1RD,irules,196966,82,1,1,4,1,F,0
1RB0LC_1LA1RD_0RB1LC_0LD1RB,irules,198381,52,1,1,4,5,F,0
1RB0LC_1LA1RD_0RB1LC_1LA1RB,irules,195729,52,1,1,4,5,F,0
1RB0LC_1LA1RD_0RB1LC_1LA1RD,irules,195835,104,1,2,2,1,F,0
1RB0LC_1LA1RD_0RD0LC_1RA---,undecided,0,0,0,0,0,0,?,0
1RB0LC_1LA1RD_0RD1LC_1LA1RB,irules,195729,52,1,1,4,5,F,0
1RB0LC_1LA1RD_1LA0LA_0RD0LA,undecided,0,0,0,0,0,0,?,0
1RB0LC_1LA1RD_1LA0LC_0RD0LA,undecided,0,0,0,0,0,0,?,0
1RB0LC_1LA1RD_1LA1LB_0RD0LA,undecided,0,0,0,0,0,0,?,0
1RB0LC_1LA1RD_1LA1LC_0RD1RB,undecided,0,0,0,0,0,0,?,0
1RB0LC_1LB0LC_1RD1LC_0RD0LA,undecided,0,0,0,0,0,0,?,0
1RB0LC_1LB1LC_1RD0LC_0RD0LA,undecided,0,0,0,0,0,0,?,0
1RB0LC_1LB1LC_1RD1LC_0RD0LA,undecided,0,0,0,0,0,0,?,0
1RB0LC_1LB1RC_0LA1LD_1LA0RD,undecided,0,0,0,0,0,0,?,0
1RB0LC_1LB1RC_1RD1LA_0RB0RD,undecided,0,0,0,0,0,0,?,0
1RB0LC_1LB1RC_1RD1LC_0RD0LA,undecided,0,0,0,0,0,0,?,0
1RB0LC_1LC---_1RD0LB_0RD0LA,undecided,0,0,0,0,0,0,?,0
1RB0LC_1LC---_1RD1LC_0RD0LA,undecided,0,0,0,0,0,0,?,0
1RB0LC_1LC0LA_1RD1LA_0RD0LA,undecided,0,0,0,0,0,0,?,0
1RB0LC_1LC0LB_1RD1LA_0RD0LA,undecided,0,0,0,0,0,0,?,0
1RB0LC_1LC0RA_0RD0LB_1LB1RD,undecided,0,0,0,0,0,0,?,0
1RB0LC_1LC0RA_0RD1LD_1LA1RA,undecided,0,0,0,0,0,0,?,0
1RB0LC_1LC0RA_1LD1LB_0RB0LC,irules,191546,65,1,1,10,1,F,0
1RB0LC_1LC0RA_1LD1LD_1LA0LD,undecided,0,0,0,0,0,0,?,0
1RB0LC_1LC0RA_1RA1LD_1LA1LA,irules,69460,63,2,1,4,15,F,0
1RB0LC_1LC0RA_1RA1LD_1RC1LA,irules,69702,63,2,1,4,15,F,0
1RB0LC_1LC0RB_0LC1LD_0RD1RA,undecided,0,0,0,0,0,0,?,0
1RB0LC_1LC0RB_0LD0RB_1RA1LA,undecided,0,0,0,0,0,0,?,0
1RB0LC_1LC0RB_1LD0LD_0RA1RA,undecided,0,0,0,0,0,0,?,0
1RB0LC_1LC0RB_1LD1LA_0RA0RC,undecided,0,0,0,0,0,0,?,0
1RB0LC_1LC0RB_1LD1LA_1RC0RC,undecided,0,0,0,0,0,0,?,0
1RB0LC_1LC0RB_1RD0RD_0LA1LA,undecided,0,0,0,0,0,0,?,0
1RB0LC_1LC0RB_1RD1LA_0LA1RB,undecided,0,0,0,0,0,0,?,0
1RB0LC_1LC0RC_1RD1LA_1RA0RA,undecided,0,0,0,0,0,0,?,0
1RB0LC_1LC0RD_0RA1LB_0LB1RD,undecided,0,0,0,0,0,0,?,0
1RB0LC_1LC0RD_0RA1LC_1LD1LA,irules,194869,35,1,1,1,4,F,0
1RB0LC_1LC0RD_1LA1LB_1LA1RC,undecided,0,0,0,0,0,0,?,0
1RB0LC_1LC0RD_1LA1LC_0RB1RA,undecided,0,0,0,0,0,0,?,0
1RB0LC_1LC0RD_1LD0LB_1RB1RA,irules,198968,119,1,1,8,1,F,0
1RB0LC_1LC1LA_1RD0RB_0RD0LA,undecided,0,0,0,0,0,0,?,0
1RB0LC_1LC1LB_0RD0LB_1RD0RA,undecided,0,0,0,0,0,0,?,0
1RB0LC_1LC1LB_1RD0RB_0RD0LA,undecided,0,0,0,0,0,0,?,0
1RB0LC_1LC1LD_0RA1LC_1LA1RD,irules,196483,81,1,1,4,1,F,0
1RB0LC_1LC1RA_---0LD_0RA1LB,undecided,0,0,0,0,0,0,?,0
1RB0LC_1LC1RA_0RA1LD_0RA0LC,undecided,0,0,0,0,0,0,?,0
1RB0LC_1LC1RA_0RA1LD_0RD0LC,undecided,0,0,0,0,0,0,?,0
1RB0LC_1LC1RA_0RB1LD_0RB0LC,undecided,0,0,0,0,0,0,?,0
1RB0LC_1LC1RA_0RB1LD_0RD0LC,undecided,0,0,0,0,0,0,?,0
1RB0LC_1LC1RB_0RB0LD_0RA1LD,irules,196321,81,1,1,3,1,F,0
1RB0LC_1LC1RB_0RB1LD_0RA1LA,undecided,0,0,0,0,0,0,?,0
1RB0LC_1LC1RB_0RD1LD_0RB1LA,undecided,0,0,0,0,0,0,?,0
1RB0LC_1LC1RC_0RA1LD_1RC0LD,undecided,0,0,0,0,0,0,?,0
1RB0LC_1LC1RD_0LA1LA_0RC0RB,undecided,0,0,0,0,0,0,?,0
1RB0LC_1LC1RD_0LA1LA_1RB0RB,undecided,0,0,0,0,0,0,?,0
1RB0LC_1LC1RD_0RA1LC_1LA1RD,irules,197128,82,1,1,4,1,F,0
1RB0LC_1LC1RD_1LA0LB_0RB0RC,undecided,0,0,0,0,0,0,?,0
1RB0LC_1LC1RD_1LA0RB_1LB1RC,irules,71300,126,2,2,5,12,F,0
1RB0LC_1LC1RD_1LA0RB_1RC1RC,irules,71042,126,2,2,5,12,F,0
1RB0LC_1RC0LA_1RD0RB_1LB1LD,irules,198730,97,1,3,1,3,F,0
1RB0LC_1RC0RA_1LA0LD_0LB0LA,irules,199993,4081,1,1,1,0,F,0
1RB0LC_1RC0RA_1LA0LD_0LB0RB,undecided,0,0,0,0,0,0,?,0
1RB0LC_1RC0RA_1LA0LD_1LC0LA,irules,199987,5128,1,1,2,0,F,0
1RB0LC_1RC0RA_1LA0LD_1LC0LB,undecided,0,0,0,0,0,0,?,0
1RB0LC_1RC0RA_1LA1LD_1LA0LB,irules,198030,116,1,1,8,1,F,0
1RB0LC_1RC0RA_1LA1LD_1LA0RB,irules,199089,119,1,1,8,1,F,0
1RB0LC_1RC0RA_1LA1LD_1LA1LB,undecided,0,0,0,0,0,0,?,0
1RB0LC_1RC0RA_1LA1LD_1LA1RB,undecided,0,0,0,0,0,0,?,0
1RB0LC_1RC0RA_1LD0RB_1LA0LD,undecided,0,0,0,0,0,0,?,0
1RB0LC_1RC0RB_0LD1RB_0LA1LD,undecided,0,0,0,0,0,0,?,0
1RB0LC_1RC0RB_1LA1LD_0LA0RD,irules,198600,33,1,1,5,9,F,0
1RB0LC_1RC0RB_1LD1LC_1LA0LC,irules,199144,124,1,1,11,2,F,0
1RB0LC_1RC0RB_1LD1RA_0RA1LC,undecided,0,0,0,0,0,0,?,0
1RB0LC_1RC0RD_1LA0LC_1RD0RA,undecided,0,0,0,0,0,0,?,0
1RB0LC_1RC0RD_1RD0LB_1LD1LA,undecided,0,0,0,0,0,0,?,0
1RB0LC_1RC1LB_0LA1RD_0LB0RC,undecided,0,0,0,0,0,0,?,0
1RB0LC_1RC1LB_1LA0RD_1RC0RD,undecided,0,0,0,0,0,0,?,0
1RB0LC_1RC1LB_1LA1RD_0RA0RC,undecided,0,0,0,0,0,0,?,0
1RB0LC_1RC1RA_1LA0LD_0RB1RD,undecided,0,0,0,0,0,0,?,0
1RB0LC_1RC1RB_1LA0LD_1RD0RB,undecided,0,0,0,0,0,0,?,0
1RB0LC_1RC1RB_1LA0RD_1LC0RB,undecided,0,0,0,0,0,0,?,0
1RB0LC_1RC1RD_1LA1LC_0RA0RD,undecided,0,0,0,0,0,0,?,0
1RB0LC_1RC1RD_1LA1LC_0RB0RD,undecided,0,0,0,0,0,0,?,0
1RB0LC_1RC1RD_1LA1RC_0RB0RD,undecided,0,0,0,0,0,0,?,0
1RB0LD_0LB1RC_1LA1RB_0RC1LD,irules,198485,52,1,1,4,5,F,0
1RB0LD_0LB1RC_1LA1RC_0RA1LD,irules,197128,82,1,1,4,1,F,0
1RB0LD_0LC0RA_0LD1LC_1LA0LA,undecided,0,0,0,0,0,0,?,0
1RB0LD_0LC0RA_1RA1LC_1LA0RB,undecided,0,0,0,0,0,0,?,0
1RB0LD_0LC0RA_1RA1LC_1LA1RA,undecided,0,0,0,0,0,0,?,0
1RB0LD_0LC0RB_1LA1RC_0RC1LD,undecided,0,0,0,0,0,0,?,0
1RB0LD_0LC0RB_1RA1LC_0LB1LA,undecided,0,0,0,0,0,0,?,0
1RB0LD_0LC0RB_1RA1LD_1RB1LC,undecided,0,0,0,0,0,0,?,0
1RB0LD_0LC0RC_1LC1LA_0RA1LD,irules,199088,46,1,1,2,2,F,0
1RB0LD_0LC0RC_1LC1LA_1RB1LD,undecided,0,0,0,0,0,0,?,0
1RB0LD_0LC0RC_1RA1LD_1LC1LA,undecided,0,0,0,0,0,0,?,0
1RB0LD_0LC1LB_1RC1RD_0LB0LA,undecided,0,0,0,0,0,0,?,0
1RB0LD_0LC1LC_1LA1RC_0RA1LD,irules,196483,81,1,1,4,1,F,0
1RB0LD_0LC1RA_---1LA_0RA1LD,undecided,0,0,0,0,0,0,?,0
1RB0LD_0LC1RA_0LD1LC_0RA1LA,undecided,0,0,0,0,0,0,?,0
1RB0LD_0LC1RA_0LD1LC_0RD1LA,undecided,0,0,0,0,0,0,?,0
1RB0LD_0LC1RA_0RB1LC_0RA1LA,undecided,0,0,0,0,0,0,?,0
1RB0LD_0LC1RA_0RB1LC_0RC1LA,undecided,0,0,0,0,0,0,?,0
1RB0LD_0LC1RA_0RB1LC_0RD1LA,undecided,0,0,0,0,0,0,?,0
1RB0LD_0LC1RA_0RD1LC_0RA1LA,undecided,0,0,0,0,0,0,?,0
1RB0LD_0LC1RA_0RD1LC_0RB1LA,undecided,0,0,0,0,0,0,?,0
1RB0LD_0LC1RA_0RD1LC_0RC1LA,undecided,0,0,0,0,0,0,?,0
1RB0LD_0LC1RA_0RD1LC_0RD1LA,undecided,0,0,0,0,0,0,?,0
1RB0LD_0LC1RA_1LA0RB_0RA1LD,undecided,0,0,0,0,0,0,?,0
1RB0LD_0LC1RA_1LA1LC_0RA0RB,undecided,0,0,0,0,0,0,?,0
1RB0LD_0LC1RA_1LA1LC_0RA1LA,undecided,0,0,0,0,0,0,?,0
1RB0LD_0LC1RA_1LA1LC_0RD0RB,undecided,0,0,0,0,0,0,?,0
1RB0LD_0LC1RA_1LA1LC_0RD1LA,undecided,0,0,0,0,0,0,?,0
1RB0LD_0LC1RA_1LD1LC_0RA1LA,undecided,0,0,0,0,0,0,?,0
1RB0LD_0LC1RA_1LD1LC_0RD1LA,undecided,0,0,0,0,0,0,?,0
1RB0LD_0LC1RA_1RA1LC_0RA1LA,undecided,0,0,0,0,0,0,?,0
1RB0LD_0LC1RA_1RA1LC_0RD1LA,undecided,0,0,0,0,0,0,?,0
1RB0LD_0LC1RA_1RB1LC_0RA1LA,undecided,0,0,0,0,0,0,?,0
1RB0LD_0LC1RA_1RB1LC_0RC1LA,undecided,0,0,0,0,0,0,?,0
1RB0LD_0LC1RA_1RB1LC_0RD1LA,undecided,0,0,0,0,0,0,?,0
1RB0LD_0LC1RA_1RD1LC_0RA1LA,undecided,0,0,0,0,0,0,?,0
1RB0LD_0LC1RA_1RD1LC_0RD1LA,undecided,0,0,0,0,0,0,?,0
1RB0LD_0LC1RB_0LD1LC_1RD0RA,irules,192458,51,1,1,2,2,F,0
1RB0LD_0LC1RB_0RC1LA_1RC0LD,undecided,0,0,0,0,0,0,?,0
1RB0LD_0LC1RB_1LA0RB_1RD1RC,irules,194873,35,1,1,1,4,F,0
1RB0LD_0LC1RB_1RA1LC_0RB1RD,irules,190114,103,1,2,4,1,F,0
1RB0LD_0LC1RC_1LA1RC_0RA1LD,irules,197128,82,1,1,4,1,F,0
1RB0LD_0LC1RC_1RD1LD_1LA0RB,undecided,0,0,0,0,0,0,?,0
1RB0LD_0LC1RD_1LA0LD_1LB0RD,undecided,0,0,0,0,0,0,?,0
1RB0LD_0RC0LC_1LD0RB_1LD1RA,undecided,0,0,0,0,0,0,?,0
1RB0LD_0RC0LC_1RD1RA_1LA0RC,irules,199998,6229,1,1,1,0,F,0
1RB0LD_0RC0RA_1LC0LA_1LA1RC,undecided,0,0,0,0,0,0,?,0
1RB0LD_0RC0RB_1LC1RA_0LA1LA,undecided,0,0,0,0,0,0,?,0
1RB0LD_0RC0RB_1LD1RA_1LC1LA,undecided,0,0,0,0,0,0,?,0
1RB0LD_0RC0RC_1LC1LA_0RA1LD,irules,194653,35,1,1,1,4,F,0
1RB0LD_0RC1LA_1LA0RB_0LD1RB,undecided,0,0,0,0,0,0,?,0
1RB0LD_0RC1LA_1LA0RC_0LD1RB,undecided,0,0,0,0,0,0,?,0
1RB0LD_0RC1LA_1LB1RC_0RC1LD,irules,192071,65,1,1,2,1,F,0
1RB0LD_0RC1LB_1LA1RC_0LA1LB,irules,192320,120,1,3,3,1,F,0
1RB0LD_0RC1LB_1LA1RC_0RA1LB,irules,197771,83,1,1,3,1,F,0
1RB0LD_0RC1LB_1LA1RC_0RC1LB,irules,195936,105,1,2,3,1,F,0
1RB0LD_0RC1LB_1LA1RC_1RA1LB,irules,195936,105,1,2,3,1,F,0
1RB0LD_0RC1LD_1LA1RC_0RC1LB,irules,195936,52,1,1,4,4,F,0
1RB0LD_0RC1RA_1LC0LA_0RA1LD,undecided,0,0,0,0,0,0,?,0
1RB0LD_0RC1RA_1RD0RD_1LA0LB,undecided,0,0,0,0,0,0,?,0
1RB0LD_0RC1RA_1RD1RB_1LA0LB,undecided,0,0,0,0,0,0,?,0
1RB0LD_0RC1RB_1LC0LA_0RB1LD,irules,195586,64,1,1,2,2,F,0
1RB0LD_0RC1RB_1LC1LA_0RA0LC,undecided,0,0,0,0,0,0,?,0
1RB0LD_0RC1RB_1LC1LA_0RB0LC,undecided,0,0,0,0,0,0,?,0
1RB0LD_0RC1RB_1RD0RD_1LA0RC,irules,199992,6229,1,1,1,0,F,0
1RB0LD_0RC1RB_1RD1RA_1LA0RC,irules,199996,7120,1,1,1,0,F,0
1RB0LD_0RC1RC_1LA1RB_1LA1LD,undecided,0,0,0,0,0,0,?,0
1RB0LD_1LB0RC_0RD1RC_1LD0LA,undecided,0,0,0,0,0,0,?,0
1RB0LD_1LB0RC_1LA1RD_1RC0LA,undecided,0,0,0,0,0,0,?,0
1RB0LD_1LB0RC_1LC1LA_0RA1LD,irules,194797,35,1,1,1,4,F,0
1RB0LD_1LB1LC_1LA1RC_0RA1LD,irules,191573,117,1,3,3,1,F,0
1RB0LD_1LB1LC_1RD0LA_1RA0RB,undecided,0,0,0,0,0,0,?,0
1RB0LD_1LB1RC_1LA1RC_0RA1LD,irules,196804,82,1,1,4,1,F,0
1RB0LD_1LC0RA_0LD0LC_1LA1LB,irules,200000,7142,1,1,1,0,F,0
1RB0LD_1LC0RA_0LD0RD_1LA1LB,irules,199985,6249,1,1,1,0,F,0
1RB0LD_1LC0RA_0LD1LC_1LA1LB,irules,199991,7142,1,1,1,0,F,0
1RB0LD_1LC0RA_1LA1LC_1RA0LC,undecided,0,0,0,0,0,0,?,0
1RB0LD_1LC0RA_1LA1RC_1LA0LD,undecided,0,0,0,0,0,0,?,0
1RB0LD_1LC0RA_1LD1LC_1LA0LB,irules,199982,4877,1,1,1,0,F,0
1RB0LD_1LC0RA_1LD1RC_1LA0LD,undecided,0,0,0,0,0,0,?,0
1RB0LD_1LC0RB_0LC1LD_0RA---,undecided,0,0,0,0,0,0,?,0
1RB0LD_1LC0RB_0LC1LD_1RA0RA,undecided,0,0,0,0,0,0,?,0
1RB0LD_1LC0RB_0RA0LC_1LD1RA,undecided,0,0,0,0,0,0,?,0
1RB0LD_1LC0RB_1RC1LA_0LD0RA,undecided,0,0,0,0,0,0,?,0
1RB0LD_1LC0RB_1RC1LA_1LD1RB,irules,195625,104,1,2,4,1,F,0
1RB0LD_1LC0RC_0RB1RA_1LA1LD,undecided,0,0,0,0,0,0,?,0
1RB0LD_1LC0RC_1LC1LA_0RA1LD,irules,189467,35,1,1,2,4,F,0
1RB0LD_1LC0RD_0LC1LD_0RB1RA,undecided,0,0,0,0,0,0,?,0
1RB0LD_1LC0RD_1LA0LB_1RB0RD,undecided,0,0,0,0,0,0,?,0
1RB0LD_1LC0RD_1LA0LB_1RB1RA,undecided,0,0,0,0,0,0,?,0
1RB0LD_1LC0RD_1LA0LC_1RB0RD,undecided,0,0,0,0,0,0,?,0
1RB0LD_1LC0RD_1LA1RD_1LB1RC,irules,195807,220,1,7,2,12,F,0
1RB0LD_1LC1LC_1LA1RC_0RA1LD,irules,196003,81,1,1,4,1,F,0
1RB0LD_1LC1RA_---1LA_0RA1LD,undecided,0,0,0,0,0,0,?,0
1RB0LD_1LC1RA_---1LD_0RA0LC,undecided,0,0,0,0,0,0,?,0
1RB0LD_1LC1RA_0LC1LD_0RA0RB,undecided,0,0,0,0,0,0,?,0
1RB0LD_1LC1RA_0LD1LC_0RA1LA,undecided,0,0,0,0,0,0,?,0
1RB0LD_1LC1RA_0LD1LC_0RD1LA,undecided,0,0,0,0,0,0,?,0
1RB0LD_1LC1RA_0RA1LC_0RA1LA,undecided,0,0,0,0,0,0,?,0
1RB0LD_1LC1RA_0RA1LC_0RD1LA,undecided,0,0,0,0,0,0,?,0
1RB0LD_1LC1RA_0RA1LD_0RD0LC,undecided,0,0,0,0,0,0,?,0
1RB0LD_1LC1RA_0RB1LC_0RA1LA,undecided,0,0,0,0,0,0,?,0
1RB0LD_1LC1RA_0RB1LC_0RC1LA,undecided,0,0,0,0,0,0,?,0
1RB0LD_1LC1RA_0RB1LC_0RD1LA,undecided,0,0,0,0,0,0,?,0
1RB0LD_1LC1RA_0RB1LC_1RC1LA,undecided,0,0,0,0,0,0,?,0
1RB0LD_1LC1RA_0RD1LC_0RA1LA,undecided,0,0,0,0,0,0,?,0
1RB0LD_1LC1RA_0RD1LC_0RC1LA,undecided,0,0,0,0,0,0,?,0
1RB0LD_1LC1RA_0RD1LC_0RD1LA,undecided,0,0,0,0,0,0,?,0
1RB0LD_1LC1RA_1LA1LC_0RA1LA,irules,197547,41,1,1,5,2,F,0
1RB0LD_1LC1RA_1LA1LC_0RD1LA,irules,186969,40,1,1,5,2,F,0
1RB0LD_1LC1RA_1LD1LC_0RA1LA,undecided,0,0,0,0,0,0,?,0
1RB0LD_1LC1RA_1LD1LC_0RD1LA,irules,187051,40,1,1,5,2,F,0
1RB0LD_1LC1RA_1RA1LC_0RA1LA,irules,197380,41,1,1,5,2,F,0
1RB0LD_1LC1RA_1RA1LC_0RD1LA,irules,186726,40,1,1,5,2,F,0
1RB0LD_1LC1RA_1RB1LC_0RA1LA,undecided,0,0,0,0,0,0,?,0
1RB0LD_1LC1RA_1RB1LC_0RC1LA,undecided,0,0,0,0,0,0,?,0
1RB0LD_1LC1RA_1RB1LC_0RD1LA,undecided,0,0,0,0,0,0,?,0
1RB0LD_1LC1RA_1RD1LC_0RA1LA,undecided,0,0,0,0,0,0,?,0
1RB0LD_1LC1RA_1RD1LC_0RD1LA,undecided,0,0,0,0,0,0,?,0
1RB0LD_1LC1RB_---1LA_0RB1LD,irules,191686,65,1,1,2,1,F,0
1RB0LD_1LC1RB_0RB1LD_0RA0LC,undecided,0,0,0,0,0,0,?,0
1RB0LD_1LC1RB_1LA0RA_0RB1LD,irules,191425,64,1,1,3,1,F,0
1RB0LD_1LC1RC_1LA0RC_---0LA,undecided,0,0,0,0,0,0,?,0
1RB0LD_1LC1RC_1LA1RC_0RA1LD,irules,196804,82,1,1,4,1,F,0
1RB0LD_1LC1RC_1LA1RC_0RB1LD,irules,187441,118,1,3,2,1,F,0
1RB0LD_1LC1RD_0RA0LC_1LB0RD,undecided,0,0,0,0,0,0,?,0
1RB0LD_1LC1RD_1LA0RC_0LA1LC,undecided,0,0,0,0,0,0,?,0
1RB0LD_1RC---_1LA0RB_0LA0RD,undecided,0,0,0,0,0,0,?,0
1RB0LD_1RC---_1LA1RA_0RA0LD,undecided,0,0,0,0,0,0,?,0
1RB0LD_1RC---_1LA1RA_0RB0LD,undecided,0,0,0,0,0,0,?,0
1RB0LD_1RC---_1LA1RB_0RA0LD,undecided,0,0,0,0,0,0,?,0
1RB0LD_1RC---_1LD1RB_0RA0LA,undecided,0,0,0,0,0,0,?,0
1RB0LD_1RC0LA_1LD0RB_1LB1LD,undecided,0,0,0,0,0,0,?,0
1RB0LD_1RC0LA_1RD0RA_1LB0RB,irules,200000,7407,1,1,1,0,F,0
1RB0LD_1RC0RA_0LA0RB_1LA1LB,irules,197499,82,1,2,10,1,F,0
1RB0LD_1RC0RA_1LA0LC_1LC1RC,undecided,0,0,0,0,0,0,?,0
1RB0LD_1RC0RA_1LA0RA_0LA1LD,undecided,0,0,0,0,0,0,?,0
1RB0LD_1RC0RA_1LA0RA_1LA1LC,undecided,0,0,0,0,0,0,?,0
1RB0LD_1RC0RA_1LA0RC_1LA0LD,undecided,0,0,0,0,0,0,?,0
1RB0LD_1RC0RA_1LA0RD_1LA0LD,undecided,0,0,0,0,0,0,?,0
1RB0LD_1RC0RA_1LA0RD_1LA1LC,undecided,0,0,0,0,0,0,?,0
1RB0LD_1RC0RA_1LA1LC_1RA0LB,irules,199365,100,1,2,1,5,F,0
1RB0LD_1RC0RA_1LA1RA_1LA0LD,undecided,0,0,0,0,0,0,?,0
1RB0LD_1RC0RA_1LA1RA_1LA1LC,undecided,0,0,0,0,0,0,?,0
1RB0LD_1RC0RA_1LA1RB_0LA1LD,undecided,0,0,0,0,0,0,?,0
1RB0LD_1RC0RA_1LA1RB_1LA0LD,undecided,0,0,0,0,0,0,?,0
1RB0LD_1RC0RA_1LA1RC_1LA0LD,undecided,0,0,0,0,0,0,?,0
1RB0LD_1RC0RA_1LD0LA_1LA1LC,irules,199993,4757,1,1,1,0,F,0
1RB0LD_1RC0RA_1LD0RD_1LA0LD,undecided,0,0,0,0,0,0,?,0
1RB0LD_1RC0RA_1LD1RA_1LA0LA,undecided,0,0,0,0,0,0,?,0
1RB0LD_1RC0RA_1LD1RA_1LA0LD,undecided,0,0,0,0,0,0,?,0
1RB0LD_1RC0RA_1LD1RB_1LA0LA,undecided,0,0,0,0,0,0,?,0
1RB0LD_1RC0RA_1LD1RB_1LA0LD,undecided,0,0,0,0,0,0,?,0
1RB0LD_1RC0RA_1LD1RC_1LA0LD,undecided,0,0,0,0,0,0,?,0
1RB0LD_1RC0RB_0LA0RD_1LA1RD,undecided,0,0,0,0,0,0,?,0
1RB0LD_1RC0RB_1LA0LA_1LD0RC,undecided,0,0,0,0,0,0,?,0
1RB0LD_1RC0RB_1LA0LB_0LD0RC,undecided,0,0,0,0,0,0,?,0
1RB0LD_1RC0RB_1LA0RC_1LA0LD,undecided,0,0,0,0,0,0,?,0
1RB0LD_1RC0RB_1LA0RC_1RC1LD,undecided,0,0,0,0,0,0,?,0
1RB0LD_1RC0RB_1LA0RD_1LA0LD,undecided,0,0,0,0,0,0,?,0
1RB0LD_1RC0RB_1LA1LB_0LD0RC,undecided,0,0,0,0,0,0,?,0
1RB0LD_1RC0RB_1LA1RA_1LD1LA,undecided,0,0,0,0,0,0,?,0
1RB0LD_1RC0RB_1LD0RA_1LA0LC,undecided,0,0,0,0,0,0,?,0
1RB0LD_1RC0RB_1LD0RD_1LA0LD,undecided,0,0,0,0,0,0,?,0
1RB0LD_1RC0RC_0LA0RA_1RA1LA,undecided,0,0,0,0,0,0,?,0
1RB0LD_1RC0RC_0LA0RB_1LA1RD,undecided,0,0,0,0,0,0,?,0
1RB0LD_1RC0RC_1LA1RB_0LC0LD,undecided,0,0,0,0,0,0,?,0
1RB0LD_1RC0RD_1LA0RA_0LA1LD,undecided,0,0,0,0,0,0,?,0
1RB0LD_1RC1LA_0LA0RA_1RB1LD,undecided,0,0,0,0,0,0,?,0
1RB0LD_1RC1LB_1RD0RC_1LA0RC,undecided,0,0,0,0,0,0,?,0
1RB0LD_1RC1LC_1LA1RC_0RA1LD,irules,195843,81,1,1,4,1,F,0
1RB0LD_1RC1LD_0LA0RC_1RA1LB,undecided,0,0,0,0,0,0,?,0
1RB0LD_1RC1LD_1LA0RD_1RA1LB,irules,195810,220,1,7,2,12,F,0
1RB0LD_1RC1RA_0LA0LD_0RA1LC,irules,195915,63,1,1,10,4,F,0
1RB0LD_1RC1RA_0LA0RB_1LA0RB,irules,191554,65,1,1,10,1,F,0
1RB0LD_1RC1RA_0LA0RC_1LB1LD,undecided,0,0,0,0,0,0,?,0
1RB0LD_1RC1RA_1LA0LD_0RA1LC,irules,190322,81,1,2,11,3,F,0
1RB0LD_1RC1RA_1LA0RA_0LA1LD,undecided,0,0,0,0,0,0,?,0
1RB0LD_1RC1RA_1LA0RA_0RC0LC,undecided,0,0,0,0,0,0,?,0
1RB0LD_1RC1RA_1LA0RB_1RC1LB,undecided,0,0,0,0,0,0,?,0
1RB0LD_1RC1RA_1LA1RA_0RB1LD,undecided,0,0,0,0,0,0,?,0
1RB0LD_1RC1RA_1LA1RA_0RC1LD,undecided,0,0,0,0,0,0,?,0
1RB0LD_1RC1RA_1LD0RA_1LB1LA,irules,199610,91,1,2,6,1,F,0
1RB0LD_1RC1RB_0LA0RA_1RA1LA,undecided,0,0,0,0,0,0,?,0
1RB0LD_1RC1RB_0LA0RC_1LB1LD,undecided,0,0,0,0,0,0,?,0
1RB0LD_1RC1RB_1LA0RA_0LA1LD,undecided,0,0,0,0,0,0,?,0
1RB0LD_1RC1RB_1LA0RB_0LA1LC,undecided,0,0,0,0,0,0,?,0
1RB0LD_1RC1RB_1RD0RA_1LA0RC,irules,199983,4868,1,1,1,0,F,0
1RB0LD_1RC1RC_1LA1RC_0RA1LD,irules,196642,82,1,1,4,1,F,0
1RB0LD_1RC1RC_1RD0RC_1LA0RB,undecided,0,0,0,0,0,0,?,0
1RB0LD_1RC1RD_1LA1LD_1LC0RB,irules,199609,90,1,2,4,1,F,0
1RB0RA_0LB0LC_1LD---_1RA1LC,undecided,0,0,0,0,0,0,?,0
1RB0RA_0LB0LC_1RA1LD_1LC---,undecided,0,0,0,0,0,0,?,0
1RB0RA_0LC---_1LD0LC_1RA1LC,undecided,0,0,0,0,0,0,?,0
1RB0RA_0LC---_1LD0LD_1RA1LC,undecided,0,0,0,0,0,0,?,0
1RB0RA_0LC0RA_0LD1LC_1RA1LC,undecided,0,0,0,0,0,0,?,0
1RB0RA_0LC0RA_0LD1LC_1RA1RB,undecided,0,0,0,0,0,0,?,0
1RB0RA_0LC0RA_1LD1RC_1RA1LB,undecided,0,0,0,0,0,0,?,0
1RB0RA_0LC0RA_1LD1RC_1RB1LB,undecided,0,0,0,0,0,0,?,0
1RB0RA_0LC0RA_1RA1LD_0LC1LB,irules,195351,220,1,8,2,0,F,0
1RB0RA_0LC0RA_1RA1LD_0LC1LC,undecided,0,0,0,0,0,0,?,0
1RB0RA_0LC0RA_1RA1LD_0LC1LD,undecided,0,0,0,0,0,0,?,0
1RB0RA_0LC0RA_1RA1LD_1LB0LA,undecided,0,0,0,0,0,0,?,0
1RB0RA_0LC0RA_1RA1LD_1LB0LC,undecided,0,0,0,0,0,0,?,0
1RB0RA_0LC0RA_1RA1LD_1LB0LD,undecided,0,0,0,0,0,0,?,0
1RB0RA_0LC0RD_1LD1LB_1RA0LB,undecided,0,0,0,0,0,0,?,0
1RB0RA_0LC0RD_1RA0LD_1LC1RD,undecided,0,0,0,0,0,0,?,0
1RB0RA_0LC1LA_1RA0LD_1LC---,undecided,0,0,0,0,0,0,?,0
1RB0RA_0LC1LD_1LA0LD_1LB1RA,undecided,0,0,0,0,0,0,?,0
1RB0RA_0LC1LD_1RA1LB_1LB1RA,undecided,0,0,0,0,0,0,?,0
1RB0RA_0LC1LD_1RA1LB_1LC1RA,undecided,0,0,0,0,0,0,?,0
1RB0RA_0LC1LD_1RA1LD_1LB1RA,undecided,0,0,0,0,0,0,?,0
1RB0RA_0LC1LD_1RC1LD_1LB1RA,undecided,0,0,0,0,0,0,?,0
1RB0RA_0LC1RA_0LD1LC_1LA0LB,undecided,0,0,0,0,0,0,?,0
1RB0RA_0LC1RA_0LD1LC_1LA1LC,undecided,0,0,0,0,0,0,?,0
1RB0RA_0LC1RA_0LD1LC_1LA1RB,undecided,0,0,0,0,0,0,?,0
1RB0RA_0LC1RA_0LD1LC_1RA0LA,undecided,0,0,0,0,0,0,?,0
1RB0RA_0LC1RA_1LA0LD_1LB1LD,undecided,0,0,0,0,0,0,?,0
1RB0RA_0LC1RA_1LA1LD_1LB1LD,undecided,0,0,0,0,0,0,?,0
1RB0RA_0LC1RA_1LD1LC_0RB0LD,undecided,0,0,0,0,0,0,?,0
1RB0RA_0LC1RA_1RA1LD_1LB1LD,undecided,0,0,0,0,0,0,?,0
1RB0RA_0RC0LA_1LD0RB_0LD1LA,undecided,0,0,0,0,0,0,?,0
1RB0RA_0RC0LA_1LD0RC_0LD1LA,undecided,0,0,0,0,0,0,?,0
1RB0RA_0RC0LD_1LD1RA_1LB0LD,undecided,0,0,0,0,0,0,?,0
1RB0RA_0RC0RB_1LC0LD_1RA1LD,undecided,0,0,0,0,0,0,?,0
1RB0RA_0RC1LD_1LC0LA_0LC0RD,irules,194702,62,1,1,1,2,F,0
1RB0RA_0RC1RC_1LD1RB_0LA0LB,irules,87639,255,0,0,4,6,F,0
1RB0RA_1LB1RC_1RA1LD_1LC0LD,undecided,0,0,0,0,0,0,?,0
1RB0RA_1LC0LB_1LD1RC_1RA1LB,undecided,0,0,0,0,0,0,?,0
1RB0RA_1LC0RA_1LD0LB_1RA0LA,undecided,0,0,0,0,0,0,?,0
1RB0RA_1LC0RA_1LD0LB_1RA1LB,undecided,0,0,0,0,0,0,?,0
1RB0RA_1LC0RA_1LD0LB_1RA1LC,undecided,0,0,0,0,0,0,?,0
1RB0RA_1LC0RA_1LD0LB_1RA1LD,undecided,0,0,0,0,0,0,?,0
1RB0RA_1LC0RA_1LD0LB_1RB0LA,undecided,0,0,0,0,0,0,?,0
1RB0RA_1LC0RA_1LD0LB_1RB0LD,undecided,0,0,0,0,0,0,?,0
1RB0RA_1LC0RA_1LD0LB_1RB1LB,undecided,0,0,0,0,0,0,?,0
1RB0RA_1LC0RA_1LD0LB_1RB1LC,undecided,0,0,0,0,0,0,?,0
1RB0RA_1LC0RA_1LD0LB_1RB1LD,undecided,0,0,0,0,0,0,?,0
1RB0RA_1LC0RA_1LD0LC_1RA0LA,undecided,0,0,0,0,0,0,?,0
1RB0RA_1LC0RA_1LD0LC_1RB0LA,undecided,0,0,0,0,0,0,?,0
1RB0RA_1LC0RA_1LD0LC_1RB0LD,undecided,0,0,0,0,0,0,?,0
1RB0RA_1LC0RA_1RD0LB_1RA1LD,undecided,0,0,0,0,0,0,?,0
1RB0RA_1LC0RA_1RD0LB_1RB1LD,undecided,0,0,0,0,0,0,?,0
1RB0RA_1LC0RB_0LC0LD_1RA1LD,undecided,0,0,0,0,0,0,?,0
1RB0RA_1LC0RB_0LC1LD_1RD0LA,undecided,0,0,0,0,0,0,?,0
1RB0RA_1LC0RB_0LC1RD_1LA1LD,undecided,0,0,0,0,0,0,?,0
1RB0RA_1LC0RB_1LC0LD_1RA1LD,undecided,0,0,0,0,0,0,?,0
1RB0RA_1LC0RB_1RA0LD_1LC0LC,undecided,0,0,0,0,0,0,?,0
1RB0RA_1LC0RB_1RA0LD_1LC0LD,undecided,0,0,0,0,0,0,?,0
1RB0RA_1LC0RC_1LD0LC_1RA0LC,undecided,0,0,0,0,0,0,?,0
1RB0RA_1LC0RC_1RA1LD_0LC1LB,irules,199064,62,1,1,8,5,F,0
1RB0RA_1LC0RD_0LD0LB_1RA1LD,irules,199993,8694,1,1,1,0,F,0
1RB0RA_1LC0RD_1LA0LB_1RA1LA,undecided,0,0,0,0,0,0,?,0
1RB0RA_1LC0RD_1LD0LB_1RA0LC,undecided,0,0,0,0,0,0,?,0
1RB0RA_1LC0RD_1RA0LB_1RA---,irules,200000,5405,1,1,1,0,F,0
1RB0RA_1LC0RD_1RA0LD_1LC0LD,undecided,0,0,0,0,0,0,?,0
1RB0RA_1LC0RD_1RD0LB_1RA1RA,undecided,0,0,0,0,0,0,?,0
1RB0RA_1LC1LD_0RD0LB_1LB1RA,undecided,0,0,0,0,0,0,?,0
1RB0RA_1LC1LD_1RA0LB_0LC0RD,irules,198937,33,1,1,4,10,F,0
1RB0RA_1LC1RA_0LD0LC_1RD1LB,undecided,0,0,0,0,0,0,?,0
1RB0RA_1LC1RA_1LD0LC_0RA---,undecided,0,0,0,0,0,0,?,0
1RB0RA_1LC1RA_1LD0LC_1LA0RA,undecided,0,0,0,0,0,0,?,0
1RB0RA_1LC1RA_1LD0LC_1LA1LB,undecided,0,0,0,0,0,0,?,0
1RB0RA_1LC1RA_1LD0LC_1LA1LC,undecided,0,0,0,0,0,0,?,0
1RB0RA_1LC1RA_1LD0LC_1LA1LD,undecided,0,0,0,0,0,0,?,0
1RB0RA_1LC1RA_1LD0LC_1RA1LA,undecided,0,0,0,0,0,0,?,0
1RB0RA_1LC1RA_1LD0LC_1RA1LB,undecided,0,0,0,0,0,0,?,0
1RB0RA_1LC1RA_1LD0LC_1RD1LB,undecided,0,0,0,0,0,0,?,0
1RB0RA_1LC1RA_1LD0LD_1RA1LC,undecided,0,0,0,0,0,0,?,0
1RB0RA_1LC1RB_1LD0LB_1RA1LB,undecided,0,0,0,0,0,0,?,0
1RB0RA_1LC1RB_1LD0LB_1RA1LC,undecided,0,0,0,0,0,0,?,0
1RB0RA_1LC1RB_1LD0LB_1RA1LD,undecided,0,0,0,0,0,0,?,0
1RB0RA_1LC1RB_1LD0LC_1RA1LB,undecided,0,0,0,0,0,0,?,0
1RB0RA_1LC1RC_1LD0LC_1RA1LC,undecided,0,0,0,0,0,0,?,0
1RB0RA_1LC1RD_1LD0LC_1RA1LB,undecided,0,0,0,0,0,0,?,0
1RB0RA_1LC1RD_1LD0LC_1RA1LC,undecided,0,0,0,0,0,0,?,0
1RB0RA_1LC1RD_1LD0LC_1RA1LD,undecided,0,0,0,0,0,0,?,0
1RB0RA_1RC0LC_1LD0LC_1RA1LC,undecided,0,0,0,0,0,0,?,0
1RB0RA_1RC0RC_1LD0RC_0LD0LA,undecided,0,0,0,0,0,0,?,0
1RB0RA_1RC0RD_1LD1LC_1RA0LC,undecided,0,0,0,0,0,0,?,0
1RB0RA_1RC1LB_1LD1RA_1LA0LD,undecided,0,0,0,0,0,0,?,0
1RB0RA_1RC1LC_1LD0RC_1RA0LB,undecided,0,0,0,0,0,0,?,0
1RB0RA_1RC1RB_1LD0LC_1RA1LC,undecided,0,0,0,0,0,0,?,0
1RB0RA_1RC1RD_1LD0LC_1RA1LC,undecided,0,0,0,0,0,0,?,0
1RB0RB_0LB1RC_1LD0RC_0LB1LA,undecided,0,0,0,0,0,0,?,0
1RB0RB_0LB1RC_1LD0RC_1LB1LA,undecided,0,0,0,0,0,0,?,0
1RB0RB_0LC0LA_1LA1RD_1LC0RD,undecided,0,0,0,0,0,0,?,0
1RB0RB_0LC0LD_1LC1LD_1RA0RA,undecided,0,0,0,0,0,0,?,0
1RB0RB_0LC0RA_1LC0LD_1RA1LD,undecided,0,0,0,0,0,0,?,0
1RB0RB_0LC0RA_1RA0LD_1LC1RD,undecided,0,0,0,0,0,0,?,0
1RB0RB_0LC0RA_1RA1LD_0LC1LC,undecided,0,0,0,0,0,0,?,0
1RB0RB_0LC0RC_1RA0LD_1RC1LC,undecided,0,0,0,0,0,0,?,0
1RB0RB_0LC0RD_0LD1LC_1RD1RA,undecided,0,0,0,0,0,0,?,0
1RB0RB_0LC0RD_1RA1LC_1LB0LC,irules,195172,28,1,2,2,6,F,0
1RB0RB_0LC0RD_1RA1LC_1LD0LC,undecided,0,0,0,0,0,0,?,0
1RB0RB_0LC0RD_1RB1LC_0LA1RD,irules,196483,81,1,1,3,1,F,0
1RB0RB_0LC1LD_0RC1LA_1RA0LD,undecided,0,0,0,0,0,0,?,0
1RB0RB_0LC1RA_1LC0LD_1RA1LD,undecided,0,0,0,0,0,0,?,0
1RB0RB_0LC1RA_1LD1LC_0RA0LD,undecided,0,0,0,0,0,0,?,0
1RB0RB_0LC1RA_1LD1LC_0RB1LB,undecided,0,0,0,0,0,0,?,0
1RB0RB_0LC1RA_1LD1LC_1LA1LB,undecided,0,0,0,0,0,0,?,0
1RB0RB_0LC1RA_1LD1LC_1RB1LB,undecided,0,0,0,0,0,0,?,0
1RB0RB_0LC1RB_0LD1LC_1RD0RA,irules,194356,45,1,1,2,2,F,0
1RB0RB_0LC1RB_1RA1LC_------,irules,195835,105,1,2,3,1,F,0
1RB0RB_0LC1RB_1RA1LD_0RD1LC,irules,198591,52,1,1,4,5,F,0
1RB0RB_0LC1RB_1RA1LD_1RA1LC,irules,195835,52,1,1,4,5,F,0
1RB0RB_0LC1RB_1RA1LD_1RA1LD,irules,195835,105,1,2,3,1,F,0
1RB0RB_0LC1RB_1RD1LC_---1RA,irules,191818,65,1,1,2,1,F,0
1RB0RB_0LC1RB_1RD1LC_1RA0LA,irules,191555,64,1,1,3,1,F,0
1RB0RB_0LC1RB_1RD1LD_1RA1LD,irules,197003,121,1,3,3,1,F,0
1RB0RB_0LC1RD_0LB1LA_1LB0RD,undecided,0,0,0,0,0,0,?,0
1RB0RB_0LC1RD_0LB1LA_1LC0RD,undecided,0,0,0,0,0,0,?,0
1RB0RB_0LC1RD_0LC1LA_1LB0RD,undecided,0,0,0,0,0,0,?,0
1RB0RB_0LC1RD_1LB1LA_1LB0RD,undecided,0,0,0,0,0,0,?,0
1RB0RB_0LC1RD_1LB1LA_1LC0RD,undecided,0,0,0,0,0,0,?,0
1RB0RB_0LC1RD_1LC1LA_0LA0RD,undecided,0,0,0,0,0,0,?,0
1RB0RB_0LC1RD_1RA1LC_0LC1RB,irules,195835,52,1,1,4,4,F,0
1RB0RB_0LC1RD_1RA1LC_0LC1RD,irules,195835,105,1,2,3,1,F,0
1RB0RB_0LC1RD_1RA1LC_0LD1RB,irules,198487,52,1,1,4,4,F,0
1RB0RB_0LC1RD_1RB1LC_0LA1RA,undecided,0,0,0,0,0,0,?,0
1RB0RB_0RC0LA_1LD1LA_0LD1RB,undecided,0,0,0,0,0,0,?,0
1RB0RB_0RC0LA_1LD1LA_0LD1RC,undecided,0,0,0,0,0,0,?,0
1RB0RB_0RC0LD_1LD1RC_0LA1LB,undecided,0,0,0,0,0,0,?,0
1RB0RB_0RC1LD_1LB1RC_0LA0LB,undecided,0,0,0,0,0,0,?,0
1RB0RB_0RC1RB_1LD0RB_0LD1LA,undecided,0,0,0,0,0,0,?,0
1RB0RB_0RC1RB_1LD0RC_0LD1LA,undecided,0,0,0,0,0,0,?,0
1RB0RB_0RC1RC_0LD1LA_1LD0LA,undecided,0,0,0,0,0,0,?,0
1RB0RB_0RC1RC_1LD0RB_0LD1LA,undecided,0,0,0,0,0,0,?,0
1RB0RB_1LA1LC_1RD0LB_1LB0RD,undecided,0,0,0,0,0,0,?,0
1RB0RB_1LA1LC_1RD0LC_0RD0LA,undecided,0,0,0,0,0,0,?,0
1RB0RB_1LA1RC_0LD1RC_1RA1LD,irules,195732,105,1,2,3,1,F,0
1RB0RB_1LA1RC_1LD0RC_0LD0LA,undecided,0,0,0,0,0,0,?,0
1RB0RB_1LB0LC_1LA1RD_0RD0LA,undecided,0,0,0,0,0,0,?,0
1RB0RB_1LB0LC_1RD1LC_0RB0RA,irules,197247,45,1,1,2,4,F,0
1RB0RB_1LB0LC_1RD1LC_1LC0RA,undecided,0,0,0,0,0,0,?,0
1RB0RB_1LB0LC_1RD1LC_1RA0RA,undecided,0,0,0,0,0,0,?,0
1RB0RB_1LB0LC_1RD1LD_1RA0RA,irules,198975,87,1,1,1,2,F,0
1RB0RB_1LB1LC_1RA0LD_1RA1LD,undecided,0,0,0,0,0,0,?,0
1RB0RB_1LC0LA_0LC1RD_1LA0RD,undecided,0,0,0,0,0,0,?,0
1RB0RB_1LC0LA_1RD0LC_0RD1LA,undecided,0,0,0,0,0,0,?,0
1RB0RB_1LC0LC_1LA1RD_0RD0LA,undecided,0,0,0,0,0,0,?,0
1RB0RB_1LC0LC_1RA1LD_0RA0LD,undecided,0,0,0,0,0,0,?,0
1RB0RB_1LC0LD_0RB0LB_1RD0RA,undecided,0,0,0,0,0,0,?,0
1RB0RB_1LC0LD_1RA1LB_0LB0LC,undecided,0,0,0,0,0,0,?,0
1RB0RB_1LC0LD_1RD0LB_0RA1RC,undecided,0,0,0,0,0,0,?,0
1RB0RB_1LC0RA_0LC0LD_1RD1RB,undecided,0,0,0,0,0,0,?,0
1RB0RB_1LC0RA_0RD0LB_0RA1RD,undecided,0,0,0,0,0,0,?,0
1RB0RB_1LC0RA_0RD0LB_1RA1RD,irules,199982,4431,1,1,2,0,F,0
1RB0RB_1LC0RA_1LD0LB_1RA1LB,undecided,0,0,0,0,0,0,?,0
1RB0RB_1LC0RA_1LD0LB_1RA1LC,undecided,0,0,0,0,0,0,?,0
1RB0RB_1LC0RA_1LD0LC_1RB0LD,undecided,0,0,0,0,0,0,?,0
1RB0RB_1LC0RA_1RD0LB_0RA1RD,irules,199991,6249,1,1,1,0,F,0
1RB0RB_1LC0RB_0LC1LD_0RD1RA,undecided,0,0,0,0,0,0,?,0
1RB0RB_1LC0RC_0LD0LD_1RA1LD,undecided,0,0,0,0,0,0,?,0
1RB0RB_1LC0RC_1LB0LD_1RA1LD,irules,197485,28,1,1,1,4,F,0
1RB0RB_1LC0RC_1LC0LD_1RA1LD,undecided,0,0,0,0,0,0,?,0
1RB0RB_1LC0RC_1LD0LD_1RA1LD,irules,192029,57,1,1,4,4,F,0
1RB0RB_1LC0RC_1RA0LD_0LB0LC,undecided,0,0,0,0,0,0,?,0
1RB0RB_1LC0RD_1LA0LC_1RD0LA,undecided,0,0,0,0,0,0,?,0
1RB0RB_1LC1LD_0LC0LD_0RA1RA,undecided,0,0,0,0,0,0,?,0
1RB0RB_1LC1LD_0LC1RA_0LD0RA,undecided,0,0,0,0,0,0,?,0
1RB0RB_1LC1LD_1LA1RC_0RA0LD,undecided,0,0,0,0,0,0,?,0
1RB0RB_1LC1RA_0LA1LD_1LA0LC,undecided,0,0,0,0,0,0,?,0
1RB0RB_1LC1RA_0LC0LD_0RA0RD,undecided,0,0,0,0,0,0,?,0
1RB0RB_1LC1RA_0LD0LC_1RD0RB,undecided,0,0,0,0,0,0,?,0
1RB0RB_1LC1RA_0LD0LC_1RD1LB,undecided,0,0,0,0,0,0,?,0
1RB0RB_1LC1RA_0LD1LD_1RB0LC,undecided,0,0,0,0,0,0,?,0
1RB0RB_1LC1RA_1LA0LD_0LB0LA,undecided,0,0,0,0,0,0,?,0
1RB0RB_1LC1RA_1LA0LD_0LB0LC,undecided,0,0,0,0,0,0,?,0
1RB0RB_1LC1RA_1LD0LC_0RA0LD,undecided,0,0,0,0,0,0,?,0
1RB0RB_1LC1RA_1LD0LC_1RA1LC,undecided,0,0,0,0,0,0,?,0
1RB0RB_1LC1RA_1RA0LD_0LB0LD,undecided,0,0,0,0,0,0,?,0
1RB0RB_1LC1RB_---0LD_1RA1LD,irules,191686,65,1,1,2,1,F,0
1RB0RB_1LC1RB_1LD0LD_1RA0LA,irules,191806,57,1,1,4,4,F,0
1RB0RB_1LC1RC_0RA1LD_1RC0LD,undecided,0,0,0,0,0,0,?,0
1RB0RB_1LC1RC_1LD1LA_0LD0RA,undecided,0,0,0,0,0,0,?,0
1RB0RB_1LC1RC_1RA1LD_0LB0LC,irules,199984,4166,1,1,2,0,F,0
1RB0RB_1LC1RC_1RA1LD_0RA0LC,undecided,0,0,0,0,0,0,?,0
1RB0RB_1LC1RC_1RA1LD_1RA0LC,irules,200000,4544,1,1,1,0,F,0
1RB0RB_1LC1RD_0LB1LA_1LB0RD,undecided,0,0,0,0,0,0,?,0
1RB0RB_1LC1RD_0LB1LA_1LC0RD,undecided,0,0,0,0,0,0,?,0
1RB0RB_1LC1RD_0LC0RD_0LA1LA,undecided,0,0,0,0,0,0,?,0
1RB0RB_1LC1RD_0LC1LA_0RD0LA,undecided,0,0,0,0,0,0,?,0
1RB0RB_1LC1RD_0LC1LA_1LB0RD,undecided,0,0,0,0,0,0,?,0
1RB0RB_1LC1RD_0RA1LB_1RA0LC,undecided,0,0,0,0,0,0,?,0
1RB0RB_1LC1RD_0RD0LC_1LA0LA,undecided,0,0,0,0,0,0,?,0
1RB0RB_1RC---_1LD0RC_0LD0LA,undecided,0,0,0,0,0,0,?,0
1RB0RB_1RC0LA_0LD0RA_1RA1LD,undecided,0,0,0,0,0,0,?,0
1RB0RB_1RC0LA_1LD0RC_0LD1LA,undecided,0,0,0,0,0,0,?,0
1RB0RB_1RC0LD_1LA0RC_1LD0LA,undecided,0,0,0,0,0,0,?,0
1RB0RB_1RC0LD_1LD0LA_0RC1LA,undecided,0,0,0,0,0,0,?,0
1RB0RB_1RC0LD_1LD0LA_1RB1LA,undecided,0,0,0,0,0,0,?,0
1RB0RB_1RC0RC_1LC0LD_1RA1LD,undecided,0,0,0,0,0,0,?,0
1RB0RB_1RC1LD_0LD0RC_0LA1LA,undecided,0,0,0,0,0,0,?,0
1RB0RB_1RC1LD_1LA0LA_0LD0RC,undecided,0,0,0,0,0,0,?,0
1RB0RB_1RC1RB_0LC0LD_1RA1LD,irules,190218,103,1,2,3,1,F,0
1RB0RB_1RC1RB_1LD1LC_0RA0LD,undecided,0,0,0,0,0,0,?,0
1RB0RC_0LA0RB_0LD1RC_1LA1LD,undecided,0,0,0,0,0,0,?,0
1RB0RC_0LA1LC_0RD0LB_1LB1RD,undecided,0,0,0,0,0,0,?,0
1RB0RC_0LA1RA_0LD1RB_1RC1LD,undecided,0,0,0,0,0,0,?,0
1RB0RC_0LA1RB_0LD0RB_1RC1LD,irules,196807,81,1,1,3,1,F,0
1RB0RC_0LA1RC_1LA1LD_0LD0RB,undecided,0,0,0,0,0,0,?,0
1RB0RC_0LA1RC_1LD0LD_1LA0RB,undecided,0,0,0,0,0,0,?,0
1RB0RC_0LB1LA_---1RD_1LB0RD,undecided,0,0,0,0,0,0,?,0
1RB0RC_0LB1LA_0LB1RD_1LC0RD,undecided,0,0,0,0,0,0,?,0
1RB0RC_0LB1LA_0RD1RC_1LB0RC,undecided,0,0,0,0,0,0,?,0
1RB0RC_0LB1LA_0RD1RC_1LB0RD,undecided,0,0,0,0,0,0,?,0
1RB0RC_0LB1LA_0RD1RD_1LB0RC,undecided,0,0,0,0,0,0,?,0
1RB0RC_0LB1LA_1LB1RD_1LC0RD,undecided,0,0,0,0,0,0,?,0
1RB0RC_0LB1RC_0LD1RB_1RA1LD,irules,198593,52,1,1,4,4,F,0
1RB0RC_0LC0RA_1LA0LD_1RA1LD,undecided,0,0,0,0,0,0,?,0
1RB0RC_0LC0RA_1RA0LD_1LC1LA,irules,190528,81,1,2,10,1,F,0
1RB0RC_0LC0RA_1RD0LD_1RA1LD,undecided,0,0,0,0,0,0,?,0
1RB0RC_0LC0RB_1LA1LD_1LC---,undecided,0,0,0,0,0,0,?,0
1RB0RC_0LC1LA_0LB1RD_1LB0RD,undecided,0,0,0,0,0,0,?,0
1RB0RC_0LC1LA_0LB1RD_1LC0RD,undecided,0,0,0,0,0,0,?,0
1RB0RC_0LC1LA_0LC1RD_1LB0RD,undecided,0,0,0,0,0,0,?,0
1RB0RC_0LC1LA_1LB1RD_1LB0RD,undecided,0,0,0,0,0,0,?,0
1RB0RC_0LC1LB_0LD1LC_1RD0RA,undecided,0,0,0,0,0,0,?,0
1RB0RC_0LC1LB_0RD1LB_1RA1RC,irules,197753,82,1,2,9,1,F,0
1RB0RC_0LC1RA_0LD1LC_0RA1LA,undecided,0,0,0,0,0,0,?,0
1RB0RC_0LC1RA_0LD1LC_0RD1LA,undecided,0,0,0,0,0,0,?,0
1RB0RC_0LC1RA_0LD1RC_1RB1LD,irules,191950,65,1,1,2,1,F,0
1RB0RC_0LC1RB_0LD1LC_1RD0RA,irules,195008,51,1,1,2,2,F,0
1RB0RC_0LC1RD_0LB1LA_1LB0RD,undecided,0,0,0,0,0,0,?,0
1RB0RC_0LC1RD_0LB1LA_1LC0RD,undecided,0,0,0,0,0,0,?,0
1RB0RC_0LC1RD_0LC1LA_1LB0RD,undecided,0,0,0,0,0,0,?,0
1RB0RC_0LC1RD_1LB1LA_1LB0RD,undecided,0,0,0,0,0,0,?,0
1RB0RC_0LC1RD_1LB1LA_1LC0RD,undecided,0,0,0,0,0,0,?,0
1RB0RC_0RC0LA_1LD1RC_1LB0LB,irules,195169,28,1,2,1,4,F,0
1RB0RC_0RC0LD_1LD1RA_1LB0LD,undecided,0,0,0,0,0,0,?,0
1RB0RC_0RC0LD_1RD1RA_1LB1LA,undecided,0,0,0,0,0,0,?,0
1RB0RC_0RC0RA_1LC0LD_1RB1LD,undecided,0,0,0,0,0,0,?,0
1RB0RC_0RC1LB_1LD1RC_0LB0LA,irules,192077,65,1,1,2,1,F,0
1RB0RC_1LA0LA_0RB1LD_1RC0LD,undecided,0,0,0,0,0,0,?,0
1RB0RC_1LA0RD_1LC1LB_0LC0RB,irules,191819,64,1,1,2,3,F,0
1RB0RC_1LA1RB_0LD1LC_0RB1LD,irules,190010,103,1,2,4,1,F,0
1RB0RC_1LB1RA_0RB0LD_1LC1LD,undecided,0,0,0,0,0,0,?,0
1RB0RC_1LC0LB_1RA0LD_1LB1RB,undecided,0,0,0,0,0,0,?,0
1RB0RC_1LC0LD_1RA0LB_0LA0RA,undecided,0,0,0,0,0,0,?,0
1RB0RC_1LC0LD_1RA0LB_0LA0RB,irules,199999,2352,1,1,1,1,F,0
1RB0RC_1LC0LD_1RA0LB_0LA1LC,irules,199964,3570,1,1,1,0,F,0
1RB0RC_1LC0LD_1RA0LB_1LB0LA,undecided,0,0,0,0,0,0,?,0
1RB0RC_1LC0LD_1RA0LB_1LB0LC,irules,199978,5128,1,1,2,0,F,0
1RB0RC_1LC0LD_1RA1RD_1RC1LB,undecided,0,0,0,0,0,0,?,0
1RB0RC_1LC0RA_0LD1LB_1LA0LA,undecided,0,0,0,0,0,0,?,0
1RB0RC_1LC0RA_0LD1LB_1LA1LC,undecided,0,0,0,0,0,0,?,0
1RB0RC_1LC0RA_1RA1LD_0LC0LA,undecided,0,0,0,0,0,0,?,0
1RB0RC_1LC0RA_1RD0LB_1RA1RD,irules,200000,4877,1,1,1,0,F,0
1RB0RC_1LC0RB_0LD1LA_0LD1RA,undecided,0,0,0,0,0,0,?,0
1RB0RC_1LC0RB_1LD1LA_0LC1RA,undecided,0,0,0,0,0,0,?,0
1RB0RC_1LC0RB_1LD1LA_0LC1RC,undecided,0,0,0,0,0,0,?,0
1RB0RC_1LC0RB_1LD1LA_0LD1RC,undecided,0,0,0,0,0,0,?,0
1RB0RC_1LC0RB_1RA0LD_1LC0LD,undecided,0,0,0,0,0,0,?,0
1RB0RC_1LC0RC_1RA0LD_0LC1LD,undecided,0,0,0,0,0,0,?,0
1RB0RC_1LC0RC_1RA0LD_1LC1LB,undecided,0,0,0,0,0,0,?,0
1RB0RC_1LC0RD_1LA0LC_0RD0LA,undecided,0,0,0,0,0,0,?,0
1RB0RC_1LC0RD_1LD0LB_1RB1RA,irules,198951,117,1,1,9,1,F,0
1RB0RC_1LC0RD_1RA0LD_1LC0LD,undecided,0,0,0,0,0,0,?,0
1RB0RC_1LC0RD_1RA0LD_1LC1LB,undecided,0,0,0,0,0,0,?,0
1RB0RC_1LC1LA_0LB1RD_1LB0RD,undecided,0,0,0,0,0,0,?,0
1RB0RC_1LC1LA_0LB1RD_1LC0RD,undecided,0,0,0,0,0,0,?,0
1RB0RC_1LC1LA_0LC1RD_1LB0RD,undecided,0,0,0,0,0,0,?,0
1RB0RC_1LC1LA_1RA1LD_0LB0LA,undecided,0,0,0,0,0,0,?,0
1RB0RC_1LC1LB_1RA0LD_1RC0LA,irules,199736,86,1,2,2,2,F,0
1RB0RC_1LC1LD_1RA0LB_1LC0LA,irules,199874,118,1,1,10,1,F,0
1RB0RC_1LC1LD_1RA0LB_1LC0RA,irules,199923,119,1,1,8,1,F,0
1RB0RC_1LC1LD_1RA0LB_1LC1LA,undecided,0,0,0,0,0,0,?,0
1RB0RC_1LC1LD_1RA0LB_1LC1RA,undecided,0,0,0,0,0,0,?,0
1RB0RC_1LC1LD_1RD1LB_1RA0LB,undecided,0,0,0,0,0,0,?,0
1RB0RC_1LC1RA_0LC0LD_0RA1LB,undecided,0,0,0,0,0,0,?,0
1RB0RC_1LC1RA_1RA0LD_0LC1LD,undecided,0,0,0,0,0,0,?,0
1RB0RC_1LC1RA_1RA0LD_1LC0LD,undecided,0,0,0,0,0,0,?,0
1RB0RC_1LC1RA_1RA0LD_1LC1LA,undecided,0,0,0,0,0,0,?,0
1RB0RC_1LC1RA_1RA1LD_0LC0LA,undecided,0,0,0,0,0,0,?,0
1RB0RC_1LC1RB_1RA0LD_1LC0LD,undecided,0,0,0,0,0,0,?,0
1RB0RC_1LC1RC_1RA0LD_1LC0LD,undecided,0,0,0,0,0,0,?,0
1RB0RC_1LC1RC_1RA0LD_1LC1LB,undecided,0,0,0,0,0,0,?,0
1RB0RC_1LC1RD_0LB1LA_1LC0RD,undecided,0,0,0,0,0,0,?,0
1RB0RC_1LC1RD_0LC1LA_1LB0RD,undecided,0,0,0,0,0,0,?,0
1RB0RC_1LC1RD_1RA1LD_0LC0LA,undecided,0,0,0,0,0,0,?,0
1RB0RC_1RC---_0LD0RA_0LA1LD,undecided,0,0,0,0,0,0,?,0
1RB0RC_1RC0LA_0LD0RB_1LB1LD,irules,197962,44,1,1,5,4,F,0
1RB0RC_1RC0LB_1LD1RD_1LA0LA,undecided,0,0,0,0,0,0,?,0
1RB0RC_1RC0LD_1LD0LA_0RB1LA,undecided,0,0,0,0,0,0,?,0
1RB0RC_1RC0RA_1LD0LD_1LA1LD,undecided,0,0,0,0,0,0,?,0
1RB0RC_1RC0RB_1LA0LD_1LD0LA,undecided,0,0,0,0,0,0,?,0
1RB0RC_1RC1LB_0LB0RD_0LA1RD,irules,189605,102,1,2,3,1,F,0
1RB0RC_1RC1LB_1LD0RA_0LD1RA,undecided,0,0,0,0,0,0,?,0
1RB0RC_1RC1LB_1LD0RC_0LB0LA,undecided,0,0,0,0,0,0,?,0
1RB0RC_1RC1LB_1LD1RA_0LD0LC,undecided,0,0,0,0,0,0,?,0
1RB0RC_1RC1LC_0LD1RA_1LB1LD,irules,194299,56,1,1,10,4,F,0
1RB0RC_1RC1RA_1LD0RB_1LA0LC,irules,199998,4760,1,1,1,0,F,0
1RB0RC_1RC1RA_1LD1LA_0RA0LD,undecided,0,0,0,0,0,0,?,0
1RB0RC_1RC1RB_0LD1RA_1LB1LD,undecided,0,0,0,0,0,0,?,0
1RB0RD_0LB0LC_1LD1LB_1RA1RD,undecided,0,0,0,0,0,0,?,0
1RB0RD_0LB0LC_1RA1LC_1RB1RD,irules,197459,82,1,1,3,1,F,0
1RB0RD_0LB0LC_1RA1LD_1LC0RA,undecided,0,0,0,0,0,0,?,0
1RB0RD_0LB0LC_1RD1LC_0LC1RA,undecided,0,0,0,0,0,0,?,0
1RB0RD_0LB1LC_0RC1RA_1LB0RD,undecided,0,0,0,0,0,0,?,0
1RB0RD_0LB1LC_1RA1LB_1RA1RD,undecided,0,0,0,0,0,0,?,0
1RB0RD_0LB1RC_1LD0RC_0LB1LA,undecided,0,0,0,0,0,0,?,0
1RB0RD_0LB1RC_1LD0RC_1LB1LA,undecided,0,0,0,0,0,0,?,0
1RB0RD_0LC0RA_1LA1LC_0LA1RD,irules,197846,64,1,1,4,2,F,0
1RB0RD_0LC0RA_1RA1LC_0LA0LC,undecided,0,0,0,0,0,0,?,0
1RB0RD_0LC0RA_1RC1LD_1LB1RA,undecided,0,0,0,0,0,0,?,0
1RB0RD_0LC0RB_1LA1LC_0LA1RD,undecided,0,0,0,0,0,0,?,0
1RB0RD_0LC0RB_1LA1LC_0LC1RD,undecided,0,0,0,0,0,0,?,0
1RB0RD_0LC1RA_1LA1LD_0RB1LB,undecided,0,0,0,0,0,0,?,0
1RB0RD_0LC1RA_1RB1LC_0LC1RD,irules,191818,65,1,1,2,1,F,0
1RB0RD_0LC1RA_1RD1LC_0LA1RB,undecided,0,0,0,0,0,0,?,0
1RB0RD_0LC1RB_1RA1LC_0LA1RB,irules,197623,83,1,1,3,1,F,0
1RB0RD_0LC1RB_1RA1LC_0LC1RB,irules,195835,105,1,2,3,1,F,0
1RB0RD_0LC1RB_1RA1LC_1LA1RB,irules,195835,105,1,2,3,1,F,0
1RB0RD_0LC1RC_0RA1LD_1RC0LD,undecided,0,0,0,0,0,0,?,0
1RB0RD_0LC1RD_1RA1LC_0LC1RB,irules,195835,52,1,1,4,4,F,0
1RB0RD_0RC0LB_1LD1RD_1LB1RA,irules,197376,54,1,1,9,5,F,0
1RB0RD_0RC0LD_1LD1RA_1LB0LD,undecided,0,0,0,0,0,0,?,0
1RB0RD_0RC0LD_1LD1RC_0LA1LB,undecided,0,0,0,0,0,0,?,0
1RB0RD_0RC1LB_1LA1RC_0LB1LD,irules,190211,103,1,2,4,1,F,0
1RB0RD_0RC1LB_1LD1RC_0LB0LA,irules,196237,65,1,1,2,2,F,0
1RB0RD_0RC1RA_0RD1RB_1LD0LA,undecided,0,0,0,0,0,0,?,0
1RB0RD_0RC1RA_1LD1LA_1LD0LA,irules,198191,87,1,1,1,2,F,0
1RB0RD_0RC1RB_1LD0RB_0LD1LA,undecided,0,0,0,0,0,0,?,0
1RB0RD_0RC1RB_1LD0RC_0LD1LA,undecided,0,0,0,0,0,0,?,0
1RB0RD_0RC1RC_1LD0RB_0LD1LA,undecided,0,0,0,0,0,0,?,0
1RB0RD_1LB0LC_1LD1LB_1RA1RD,undecided,0,0,0,0,0,0,?,0
1RB0RD_1LC0LA_1LA0LC_1RD0RB,undecided,0,0,0,0,0,0,?,0
1RB0RD_1LC0LB_0RA1LB_1RA1RC,undecided,0,0,0,0,0,0,?,0
1RB0RD_1LC0LB_1LD0LB_1RD0RA,undecided,0,0,0,0,0,0,?,0
1RB0RD_1LC0LB_1LD1LA_1RA0LC,undecided,0,0,0,0,0,0,?,0
1RB0RD_1LC0LB_1RA0LB_1RD0RC,undecided,0,0,0,0,0,0,?,0
1RB0RD_1LC0LC_1LD0LB_1RD0RA,undecided,0,0,0,0,0,0,?,0
1RB0RD_1LC0LC_1LD1LC_1RA0RB,undecided,0,0,0,0,0,0,?,0
1RB0RD_1LC0LC_1RA1LB_0RA0RB,undecided,0,0,0,0,0,0,?,0
1RB0RD_1LC0LC_1RA1LB_0RC0RB,undecided,0,0,0,0,0,0,?,0
1RB0RD_1LC0LC_1RA1LB_0RC0RD,undecided,0,0,0,0,0,0,?,0
1RB0RD_1LC0LC_1RD1LB_0RB1RA,undecided,0,0,0,0,0,0,?,0
1RB0RD_1LC0LD_1LD1LB_1RA0LC,irules,199995,4760,1,1,1,0,F,0
1RB0RD_1LC0RA_1LA0LB_0RC0LA,irules,199972,2351,1,1,1,1,F,0
1RB0RD_1LC0RA_1LA0LB_0RC0LC,undecided,0,0,0,0,0,0,?,0
1RB0RD_1LC0RA_1LA0LB_0RC0RB,irules,199989,4081,1,1,2,0,F,0
1RB0RD_1LC0RA_1LA0LB_0RC1RB,irules,200000,3560,1,1,1,0,F,0
1RB0RD_1LC0RA_1LA0LB_1RA0RC,undecided,0,0,0,0,0,0,?,0
1RB0RD_1LC0RA_1LA1LC_1LD0LC,undecided,0,0,0,0,0,0,?,0
1RB0RD_1LC0RA_1LD0LC_1RA0LB,undecided,0,0,0,0,0,0,?,0
1RB0RD_1LC0RA_1RA1LB_0RC1RB,irules,199982,6450,1,1,1,0,F,0
1RB0RD_1LC0RB_0LC1RA_1LD1LA,undecided,0,0,0,0,0,0,?,0
1RB0RD_1LC0RB_0LC1RD_0LA0RB,undecided,0,0,0,0,0,0,?,0
1RB0RD_1LC0RB_0LC1RD_0LA1LA,undecided,0,0,0,0,0,0,?,0
1RB0RD_1LC0RB_0LC1RD_1LA0LA,undecided,0,0,0,0,0,0,?,0
1RB0RD_1LC0RB_0LC1RD_1LA1LA,undecided,0,0,0,0,0,0,?,0
1RB0RD_1LC0RB_0LC1RD_1LC1LA,undecided,0,0,0,0,0,0,?,0
1RB0RD_1LC0RC_1LD0LC_1RA0LC,undecided,0,0,0,0,0,0,?,0
1RB0RD_1LC0RC_1RA0LB_1RB---,irules,200000,5405,1,1,1,0,F,0
1RB0RD_1LC0RC_1RA0LD_0LC1LD,undecided,0,0,0,0,0,0,?,0
1RB0RD_1LC0RC_1RA0LD_1RC0LB,irules,199998,7407,1,1,1,0,F,0
1RB0RD_1LC0RC_1RA1LC_1LD0LC,irules,199588,198,1,1,2,1,F,0
1RB0RD_1LC0RD_0RA1LD_1RC0LD,undecided,0,0,0,0,0,0,?,0
1RB0RD_1LC0RD_1LA1LB_0LB1RA,irules,197285,82,1,2,11,3,F,0
1RB0RD_1LC1LA_0LC1RD_0LA0RB,undecided,0,0,0,0,0,0,?,0
1RB0RD_1LC1LA_0LC1RD_0RB0RB,undecided,0,0,0,0,0,0,?,0
1RB0RD_1LC1LA_0LC1RD_0RB0RD,undecided,0,0,0,0,0,0,?,0
1RB0RD_1LC1LA_0LC1RD_1LC0RB,undecided,0,0,0,0,0,0,?,0
1RB0RD_1LC1LB_0RA0LC_1RA1RD,undecided,0,0,0,0,0,0,?,0
1RB0RD_1LC1LB_0RA0LC_1RB1RD,undecided,0,0,0,0,0,0,?,0
1RB0RD_1LC1LB_1RA0LB_0RB1RA,undecided,0,0,0,0,0,0,?,0
1RB0RD_1LC1LB_1RA0LB_1LC1RA,undecided,0,0,0,0,0,0,?,0
1RB0RD_1LC1LB_1RA0LC_0LB0RD,undecided,0,0,0,0,0,0,?,0
1RB0RD_1LC1LB_1RD0LB_0RD1RA,irules,198568,76,1,2,6,6,F,0
1RB0RD_1LC1LB_1RD0LB_1RD1RA,undecided,0,0,0,0,0,0,?,0
1RB0RD_1LC1LD_0RD0LB_1LB1RA,undecided,0,0,0,0,0,0,?,0
1RB0RD_1LC1LD_1LA0LB_1LB1RA,undecided,0,0,0,0,0,0,?,0
1RB0RD_1LC1RA_0LD1LA_1RA0LB,undecided,0,0,0,0,0,0,?,0
1RB0RD_1LC1RA_0RB0LD_1LC1LB,irules,193119,71,1,2,9,1,F,0
1RB0RD_1LC1RA_1LD0LC_1RA0LC,undecided,0,0,0,0,0,0,?,0
1RB0RD_1LC1RA_1LD0LC_1RA1LD,undecided,0,0,0,0,0,0,?,0
1RB0RD_1LC1RA_1LD0LD_1RA0LC,undecided,0,0,0,0,0,0,?,0
1RB0RD_1LC1RB_1LD0LC_1RA0LC,undecided,0,0,0,0,0,0,?,0
1RB0RD_1LC1RB_1LD0LC_1RA1LD,undecided,0,0,0,0,0,0,?,0
1RB0RD_1LC1RD_1LA0LC_1RA1LD,undecided,0,0,0,0,0,0,?,0
1RB0RD_1LC1RD_1LD0LC_1RA0LC,undecided,0,0,0,0,0,0,?,0
1RB0RD_1LC1RD_1LD0LC_1RA1LD,undecided,0,0,0,0,0,0,?,0
1RB0RD_1LC1RD_1LD0LD_1RA0LC,undecided,0,0,0,0,0,0,?,0
1RB0RD_1RC---_0LA1RA_1LD0LA,irules,197982,94,1,1,1,2,F,0
1RB0RD_1RC0LB_1LD1LB_1RA0LC,irules,199982,4998,1,1,1,0,F,0
1RB0RD_1RC0RA_1LD0RB_1LB0LC,undecided,0,0,0,0,0,0,?,0
1RB0RD_1RC0RD_0LB1RA_1LD0LA,irules,197982,94,1,1,1,2,F,0
1RB0RD_1RC1LB_0LB1RA_0LB1RD,irules,194062,65,1,2,2,1,F,0
1RB0RD_1RC1LB_0LD1RA_0LB1RD,irules,194194,65,1,2,2,1,F,0
1RB0RD_1RC1LB_0RD0RA_1LD0LB,undecided,0,0,0,0,0,0,?,0
1RB0RD_1RC1LB_1LB1RA_0LB1RD,irules,194390,82,1,2,1,1,F,0
1RB0RD_1RC1LB_1LB1RA_1LD0LA,irules,198491,85,1,1,1,2,F,0
1RB0RD_1RC1LB_1LD1RA_0LB1RD,irules,194390,83,1,2,2,1,F,0
1RB0RD_1RC1LB_1RD1RA_0LB1RD,irules,194306,83,1,2,2,1,F,0
1RB0RD_1RC1LC_0LB1RA_1LD0LA,irules,198172,94,1,1,1,2,F,0
1RB0RD_1RC1LD_1LB1RA_1LD0LA,irules,199885,95,1,1,1,2,F,0
1RB0RD_1RC1RD_1LB1RA_1LD0LA,irules,198172,94,1,1,1,2,F,0
1RB1LA_0LA0LC_0RD1RC_0LA1RD,irules,197292,82,1,1,4,1,F,0
1RB1LA_0LA0LC_1LC1RD_0RB0RD,undecided,0,0,0,0,0,0,?,0
1RB1LA_0LA0RC_0LA0RD_0LA1RD,undecided,0,0,0,0,0,0,?,0
1RB1LA_0LA0RC_0LA1RC_------,irules,197623,83,1,1,3,1,F,0
1RB1LA_0LA0RC_0LA1RD_0LA1RC,undecided,0,0,0,0,0,0,?,0
1RB1LA_0LA0RC_0LA1RD_0LA1RD,irules,197623,83,1,1,3,1,F,0
1RB1LA_0LA0RC_0LA1RD_0LD1RC,undecided,0,0,0,0,0,0,?,0
1RB1LA_0LA0RC_0LD0RB_1LD1LA,undecided,0,0,0,0,0,0,?,0
1RB1LA_0LA0RC_0LD0RB_1LD1RA,undecided,0,0,0,0,0,0,?,0
1RB1LA_0LA0RC_0LD0RB_1LD1RC,undecided,0,0,0,0,0,0,?,0
1RB1LA_0LA0RC_0LD1RB_1RC1LD,undecided,0,0,0,0,0,0,?,0
1RB1LA_0LA0RC_0LD1RC_0RB0RB,irules,196643,81,1,1,3,1,F,0
1RB1LA_0LA0RC_0LD1RC_0RB1LA,irules,197787,83,1,1,3,1,F,0
1RB1LA_0LA0RC_0LD1RC_0RB1RB,irules,197292,82,1,1,3,1,F,0
1RB1LA_0LA0RC_0LD1RC_1LA0RB,irules,196323,81,1,1,3,1,F,0
1RB1LA_0LA0RC_0LD1RC_1LA1RB,irules,196968,82,1,1,3,1,F,0
1RB1LA_0LA0RC_0LD1RC_1LC0RB,irules,196963,81,1,1,3,1,F,0
1RB1LA_0LA0RC_0LD1RC_1LC1RB,irules,197454,82,1,1,3,1,F,0
1RB1LA_0LA0RC_0LD1RC_1RA0RB,irules,195112,103,1,2,3,1,F,0
1RB1LA_0LA0RC_0LD1RC_1RA1LA,irules,195835,105,1,2,3,1,F,0
1RB1LA_0LA0RC_0LD1RC_1RA1LB,undecided,0,0,0,0,0,0,?,0
1RB1LA_0LA0RC_0LD1RC_1RA1RB,irules,190012,103,1,2,3,1,F,0
1RB1LA_0LA0RC_0LD1RC_1RB0RB,irules,196483,81,1,1,3,1,F,0
1RB1LA_0LA0RC_0LD1RC_1RB1LA,irules,197623,83,1,1,3,1,F,0
1RB1LA_0LA0RC_0LD1RC_1RB1RB,irules,197130,82,1,1,3,1,F,0
1RB1LA_0LA0RC_0LD1RC_1RC0RB,irules,196803,81,1,1,3,1,F,0
1RB1LA_0LA0RC_0LD1RC_1RC1RB,irules,197292,82,1,1,3,1,F,0
1RB1LA_0LA0RC_0RD1RC_1LD0LA,undecided,0,0,0,0,0,0,?,0
1RB1LA_0LA0RC_1LC1LD_1RB0LA,undecided,0,0,0,0,0,0,?,0
1RB1LA_0LA0RC_1RD1RC_0LD0LA,irules,197292,82,1,1,3,1,F,0
1RB1LA_0LA1LC_0LC1RD_0RD0RB,undecided,0,0,0,0,0,0,?,0
1RB1LA_0LA1LC_0RD0LC_1RD0RB,undecided,0,0,0,0,0,0,?,0
1RB1LA_0LA1LC_1RD0LC_0RD0RB,undecided,0,0,0,0,0,0,?,0
1RB1LA_0LA1LC_1RD0LC_0RD1RB,undecided,0,0,0,0,0,0,?,0
1RB1LA_0LA1RC_0LA0RD_0LA1RD,undecided,0,0,0,0,0,0,?,0
1RB1LA_0LA1RC_0LA1RD_0RB0LC,undecided,0,0,0,0,0,0,?,0
1RB1LA_0LA1RC_0LC0RD_0LA1RD,undecided,0,0,0,0,0,0,?,0
1RB1LA_0LA1RC_0LD0RB_---1RB,undecided,0,0,0,0,0,0,?,0
1RB1LA_0LA1RC_0LD0RB_0LA1RD,undecided,0,0,0,0,0,0,?,0
1RB1LA_0LA1RC_0LD0RB_0RA1LD,undecided,0,0,0,0,0,0,?,0
1RB1LA_0LA1RC_0LD0RB_1LA0RC,undecided,0,0,0,0,0,0,?,0
1RB1LA_0LA1RC_0LD0RB_1RA0LD,undecided,0,0,0,0,0,0,?,0
1RB1LA_0LA1RC_0LD0RB_1RC1LD,undecided,0,0,0,0,0,0,?,0
1RB1LA_0LA1RC_0LD0RC_1LD0RB,undecided,0,0,0,0,0,0,?,0
1RB1LA_0LA1RC_0LD0RD_0LA1RD,undecided,0,0,0,0,0,0,?,0
1RB1LA_0LA1RC_0LD1RD_0RB0RB,undecided,0,0,0,0,0,0,?,0
1RB1LA_0LA1RC_0LD1RD_1LA0RB,undecided,0,0,0,0,0,0,?,0
1RB1LA_0LA1RC_0LD1RD_1LC0RB,undecided,0,0,0,0,0,0,?,0
1RB1LA_0LA1RC_0LD1RD_1LD0RB,undecided,0,0,0,0,0,0,?,0
1RB1LA_0LA1RC_0LD1RD_1RB0RB,undecided,0,0,0,0,0,0,?,0
1RB1LA_0LA1RC_0LD1RD_1RC0RB,undecided,0,0,0,0,0,0,?,0
1RB1LA_0LA1RC_0RB0RD_0LA1RD,irules,191948,65,1,1,2,1,F,0
1RB1LA_0LA1RC_0RB1RD_0LD0LB,undecided,0,0,0,0,0,0,?,0
1RB1LA_0LA1RC_0RD0LB_0LA1RD,irules,196108,65,1,1,2,1,F,0
1RB1LA_0LA1RC_0RD0RB_0LB---,undecided,0,0,0,0,0,0,?,0
1RB1LA_0LA1RC_0RD0RB_0LD1LA,undecided,0,0,0,0,0,0,?,0
1RB1LA_0LA1RC_0RD0RB_1LB0LB,undecided,0,0,0,0,0,0,?,0
1RB1LA_0LA1RC_0RD0RD_0LA1RD,irules,191948,65,1,1,2,1,F,0
1RB1LA_0LA1RC_0RD1RD_0LB0RB,undecided,0,0,0,0,0,0,?,0
1RB1LA_0LA1RC_1LB0RD_0LA1RD,irules,192078,65,1,1,2,1,F,0
1RB1LA_0LA1RC_1RA0RD_0LA1RD,irules,193996,66,1,2,2,1,F,0
1RB1LA_0LA1RC_1RB0LD_0RA1LC,undecided,0,0,0,0,0,0,?,0
1RB1LA_0LA1RC_1RB0LD_0RC1LC,undecided,0,0,0,0,0,0,?,0
1RB1LA_0LA1RC_1RB0LD_0RD1LC,undecided,0,0,0,0,0,0,?,0
1RB1LA_0LA1RC_1RB0RD_0LA1RD,irules,191818,65,1,1,2,1,F,0
1RB1LA_0LA1RC_1RD0LB_0LD0RB,undecided,0,0,0,0,0,0,?,0
1RB1LA_0LA1RC_1RD0RB_0LD0LA,undecided,0,0,0,0,0,0,?,0
1RB1LA_0LB0RC_1LD1RC_1LA0LA,irules,196373,65,1,1,2,1,F,0
1RB1LA_0LB0RC_1LD1RC_1RA0LA,irules,196505,65,1,1,2,1,F,0
1RB1LA_0LB1RC_0LA0RD_0LA1RD,undecided,0,0,0,0,0,0,?,0
1RB1LA_0LB1RC_0LA1RD_0RC0RB,undecided,0,0,0,0,0,0,?,0
1RB1LA_0LB1RC_0LA1RD_1LD0RB,undecided,0,0,0,0,0,0,?,0
1RB1LA_0LB1RC_0LD0RD_0LA1RD,undecided,0,0,0,0,0,0,?,0
1RB1LA_0LB1RC_1LA0RD_0LA1RD,irules,196240,66,1,1,2,1,F,0
1RB1LA_0LB1RC_1LA1RD_0LD0RB,undecided,0,0,0,0,0,0,?,0
1RB1LA_0LB1RC_1LB1RD_0LA0RB,undecided,0,0,0,0,0,0,?,0
1RB1LA_0LB1RC_1LD0RD_0LA1RD,irules,196504,66,1,1,2,1,F,0
1RB1LA_0LB1RC_1RD0RD_0LA1RD,irules,196372,66,1,1,2,1,F,0
1RB1LA_0LB1RC_1RD1RD_0LA0RB,undecided,0,0,0,0,0,0,?,0
1RB1LA_0LC0LD_0LA1RC_0RC1RD,irules,197456,82,1,1,4,1,F,0
1RB1LA_0LC0RA_1LD1LC_0RB0LD,undecided,0,0,0,0,0,0,?,0
1RB1LA_0LC0RB_1LC1RD_0LA0RD,undecided,0,0,0,0,0,0,?,0
1RB1LA_0LC0RC_0LA1RC_------,irules,197789,83,1,1,3,1,F,0
1RB1LA_0LC0RC_0LA1RD_0LA1RC,undecided,0,0,0,0,0,0,?,0
1RB1LA_0LC0RC_0LA1RD_0LA1RD,irules,197789,83,1,1,3,1,F,0
1RB1LA_0LC0RC_0LA1RD_0LD1RC,undecided,0,0,0,0,0,0,?,0
1RB1LA_0LC0RC_0LD1RC_1RA1LA,irules,195941,105,1,2,3,1,F,0
1RB1LA_0LC0RC_0LD1RC_1RB1LA,irules,197789,83,1,1,3,1,F,0
1RB1LA_0LC0RC_1LC1LD_1RB0LA,undecided,0,0,0,0,0,0,?,0
1RB1LA_0LC0RC_1RD1RC_0LD0LA,irules,197620,82,1,1,3,1,F,0
1RB1LA_0LC0RD_0LA1LA_0RB1RD,irules,197292,82,1,1,3,1,F,0
1RB1LA_0LC0RD_0LA1RC_0LA0RC,undecided,0,0,0,0,0,0,?,0
1RB1LA_0LC0RD_0LA1RC_0LA1RC,irules,197789,83,1,1,3,1,F,0
1RB1LA_0LC0RD_0LA1RC_0RB0RC,undecided,0,0,0,0,0,0,?,0
1RB1LA_0LC0RD_0LA1RC_0RB1RC,irules,197953,83,1,1,3,1,F,0
1RB1LA_0LC0RD_0LA1RC_0RB1RD,irules,197456,82,1,1,3,1,F,0
1RB1LA_0LC0RD_0LA1RD_0LA1RC,undecided,0,0,0,0,0,0,?,0
1RB1LA_0LC0RD_0LA1RD_0RB1RD,irules,197620,82,1,1,3,1,F,0
1RB1LA_0LC0RD_0LC1RD_0LA1RC,undecided,0,0,0,0,0,0,?,0
1RB1LA_0LC0RD_1LC1LA_0LA0RB,undecided,0,0,0,0,0,0,?,0
1RB1LA_0LC0RD_1LC1RD_0LA0RB,undecided,0,0,0,0,0,0,?,0
1RB1LA_0LC0RD_1RA1LA_0LC1RD,irules,195835,105,1,2,3,1,F,0
1RB1LA_0LC0RD_1RB1LA_0LC1RD,irules,197623,83,1,1,3,1,F,0
1RB1LA_0LC1RC_0LA1RD_1LA0RB,undecided,0,0,0,0,0,0,?,0
1RB1LA_0LC1RC_0LA1RD_1LD0RB,undecided,0,0,0,0,0,0,?,0
1RB1LA_0LC1RC_0RD1RD_0LA0RB,undecided,0,0,0,0,0,0,?,0
1RB1LA_0LC1RC_1LB1RD_0LA0RB,undecided,0,0,0,0,0,0,?,0
1RB1LA_0LC1RC_1RB1RD_0LA0RB,undecided,0,0,0,0,0,0,?,0
1RB1LA_0LC1RC_1RD1RD_0LA0RB,undecided,0,0,0,0,0,0,?,0
1RB1LA_0LC1RD_0LA1RC_0LA0RC,undecided,0,0,0,0,0,0,?,0
1RB1LA_0LC1RD_0LA1RC_0LC0RC,undecided,0,0,0,0,0,0,?,0
1RB1LA_0LC1RD_0LA1RC_0LD0RC,undecided,0,0,0,0,0,0,?,0
1RB1LA_0LC1RD_0LA1RC_0RB0RC,undecided,0,0,0,0,0,0,?,0
1RB1LA_0LC1RD_0LA1RC_0RC0LB,irules,196240,65,1,1,2,1,F,0
1RB1LA_0LC1RD_0LA1RC_0RC0RC,irules,192080,65,1,1,2,1,F,0
1RB1LA_0LC1RD_0LA1RC_1LB0RC,irules,192210,65,1,1,2,1,F,0
1RB1LA_0LC1RD_0LA1RC_1RA0RC,irules,194128,66,1,2,2,1,F,0
1RB1LA_0LC1RD_0LA1RC_1RB0RC,irules,191950,65,1,1,2,1,F,0
1RB1LA_0LC1RD_0RD1LA_0LA0RB,undecided,0,0,0,0,0,0,?,0
1RB1LA_0LC1RD_0RD1RD_0LA0RB,undecided,0,0,0,0,0,0,?,0
1RB1LA_0LC1RD_1RA0LB_0LA0RB,undecided,0,0,0,0,0,0,?,0
1RB1LA_0LC1RD_1RB1RD_0LA0RB,undecided,0,0,0,0,0,0,?,0
1RB1LA_0LC1RD_1RD0RB_0LA1RC,undecided,0,0,0,0,0,0,?,0
1RB1LA_0RC0RB_0LD1LA_1LD0LA,undecided,0,0,0,0,0,0,?,0
1RB1LA_0RC0RB_0RD1LA_1LD0LA,undecided,0,0,0,0,0,0,?,0
1RB1LA_0RC0RB_0RD1RA_1LD0LA,undecided,0,0,0,0,0,0,?,0
1RB1LA_0RC0RB_1LD1LA_1LC0LA,undecided,0,0,0,0,0,0,?,0
1RB1LA_0RC0RB_1LD1LA_1LD0LA,undecided,0,0,0,0,0,0,?,0
1RB1LA_0RC0RB_1LD1RA_1LC0LA,undecided,0,0,0,0,0,0,?,0
1RB1LA_0RC0RB_1LD1RA_1LD0LA,undecided,0,0,0,0,0,0,?,0
1RB1LA_0RC0RB_1LD1RC_0LA1LD,undecided,0,0,0,0,0,0,?,0
1RB1LA_0RC0RC_1LD1RC_0LC0LA,undecided,0,0,0,0,0,0,?,0
1RB1LA_0RC0RC_1LD1RC_1LD0LA,undecided,0,0,0,0,0,0,?,0
1RB1LA_0RC0RD_0LC1RD_0LA1RC,undecided,0,0,0,0,0,0,?,0
1RB1LA_0RC0RD_0LD0LA_1LC1RD,undecided,0,0,0,0,0,0,?,0
1RB1LA_0RC0RD_1LA0LA_1LC1RD,irules,190774,81,1,2,2,2,F,0
1RB1LA_0RC0RD_1LC0LA_0LA0RC,undecided,0,0,0,0,0,0,?,0
1RB1LA_0RC0RD_1LC0LA_0LB0RC,undecided,0,0,0,0,0,0,?,0
1RB1LA_0RC0RD_1LC0LA_0RA0RC,undecided,0,0,0,0,0,0,?,0
1RB1LA_0RC0RD_1LC0LA_0RC0RC,undecided,0,0,0,0,0,0,?,0
1RB1LA_0RC0RD_1LC0LA_1LA0RC,undecided,0,0,0,0,0,0,?,0
1RB1LA_0RC0RD_1LC0LA_1LB0RC,undecided,0,0,0,0,0,0,?,0
1RB1LA_0RC0RD_1LC0LA_1LC0RC,undecided,0,0,0,0,0,0,?,0
1RB1LA_0RC0RD_1LC0LA_1LC1RD,irules,196237,65,1,1,2,2,F,0
1RB1LA_0RC0RD_1LC0LA_1LD0RC,undecided,0,0,0,0,0,0,?,0
1RB1LA_0RC0RD_1LC0LA_1RA0RC,undecided,0,0,0,0,0,0,?,0
1RB1LA_0RC0RD_1LC0LA_1RB0RC,undecided,0,0,0,0,0,0,?,0
1RB1LA_0RC0RD_1LC0LA_1RC0RC,undecided,0,0,0,0,0,0,?,0
1RB1LA_0RC0RD_1LC0LA_1RD0RC,undecided,0,0,0,0,0,0,?,0
1RB1LA_0RC0RD_1LC1RD_0RB0LA,undecided,0,0,0,0,0,0,?,0
1RB1LA_0RC0RD_1LD0LA_1LC1RD,irules,196237,65,1,1,2,2,F,0
1RB1LA_0RC0RD_1LD1RC_0LC0LA,undecided,0,0,0,0,0,0,?,0
1RB1LA_0RC0RD_1LD1RC_1LC0LA,undecided,0,0,0,0,0,0,?,0
1RB1LA_0RC0RD_1LD1RC_1LD0LA,undecided,0,0,0,0,0,0,?,0
1RB1LA_0RC1LC_1RD0LB_0LA1RC,undecided,0,0,0,0,0,0,?,0
1RB1LA_0RC1LC_1RD0LB_1LA1RC,undecided,0,0,0,0,0,0,?,0
1RB1LA_0RC1RB_1LD0RB_0LD1LA,undecided,0,0,0,0,0,0,?,0
1RB1LA_0RC1RB_1LD0RC_0LD1LA,undecided,0,0,0,0,0,0,?,0
1RB1LA_0RC1RB_1LD1RC_0LA0LD,undecided,0,0,0,0,0,0,?,0
1RB1LA_0RC1RC_0LD0RB_0LA1LD,undecided,0,0,0,0,0,0,?,0
1RB1LA_0RC1RC_0LD0RD_0LA1RD,undecided,0,0,0,0,0,0,?,0
1RB1LA_0RC1RC_0LD1RD_0LA0RB,undecided,0,0,0,0,0,0,?,0
1RB1LA_0RC1RC_1LA0RD_0LA1RD,irules,198003,83,1,2,2,1,F,0
1RB1LA_0RC1RC_1LD0RD_0LA1RD,irules,194128,66,1,2,2,2,F,0
1RB1LA_0RC1RC_1LD1RA_0RA0LD,undecided,0,0,0,0,0,0,?,0
1RB1LA_0RC1RC_1RD0RD_0LA1RD,irules,198002,84,1,2,2,1,F,0
1RB1LA_0RC1RD_0LD---_0LA0RB,undecided,0,0,0,0,0,0,?,0
1RB1LA_0RC1RD_1LB0LD_0LA0RB,undecided,0,0,0,0,0,0,?,0
1RB1LA_0RC1RD_1LD0LB_0LA0RB,undecided,0,0,0,0,0,0,?,0
1RB1LA_0RC1RD_1LD0LD_0LA0RB,undecided,0,0,0,0,0,0,?,0
1RB1LA_1LA0LC_0RD1RC_0LA1RD,irules,195627,103,1,2,2,1,F,0
1RB1LA_1LA0LC_1RD0LC_0RD0LA,undecided,0,0,0,0,0,0,?,0
1RB1LA_1LA0RC_0LA1RC_------,irules,190321,103,1,2,2,1,F,0
1RB1LA_1LA0RC_0LA1RD_0LA1RC,irules,190321,51,1,1,4,4,F,0
1RB1LA_1LA0RC_0LA1RD_0LA1RD,irules,190321,103,1,2,3,1,F,0
1RB1LA_1LA0RC_0LA1RD_0LD1RC,irules,192973,51,1,1,4,4,F,0
1RB1LA_1LA0RC_0LB1RD_0LA1RD,irules,197454,83,1,1,3,1,F,0
1RB1LA_1LA0RC_0LD0RB_1LD1LB,irules,191689,64,1,1,2,3,F,0
1RB1LA_1LA0RC_0LD1RC_1RA1LA,irules,187440,118,1,3,2,1,F,0
1RB1LA_1LA0RC_0LD1RC_1RB1LA,irules,190321,103,1,2,2,1,F,0
1RB1LA_1LA0RC_1LB1RD_0LA1RD,irules,190219,103,1,2,3,1,F,0
1RB1LA_1LA0RC_1LD0RC_0LD0RA,undecided,0,0,0,0,0,0,?,0
1RB1LA_1LA0RC_1LD1RC_---0LA,irules,196241,65,1,1,2,1,F,0
1RB1LA_1LA0RC_1RD1RC_0LD0LA,irules,195626,104,1,2,3,1,F,0
1RB1LA_1LA1RC_---0RD_0LA1RD,irules,196108,66,1,1,2,1,F,0
1RB1LA_1LA1RC_0LA0RD_0LB1RD,undecided,0,0,0,0,0,0,?,0
1RB1LA_1LA1RC_0LA1RD_0LA0RB,undecided,0,0,0,0,0,0,?,0
1RB1LA_1LA1RC_0LD0RB_0LA1LD,undecided,0,0,0,0,0,0,?,0
1RB1LA_1LA1RC_0RD0LB_0LA1RD,irules,191555,65,1,1,2,1,F,0
1RB1LA_1LA1RC_1RB0LD_0RA1LC,undecided,0,0,0,0,0,0,?,0
1RB1LA_1LA1RC_1RB0LD_0RC1LC,undecided,0,0,0,0,0,0,?,0
1RB1LA_1LA1RC_1RB0LD_0RD1LC,undecided,0,0,0,0,0,0,?,0
1RB1LA_1LB0RC_1LD1RC_0LC0LA,undecided,0,0,0,0,0,0,?,0
1RB1LA_1LB0RC_1LD1RC_0LD0LA,undecided,0,0,0,0,0,0,?,0
1RB1LA_1LB0RC_1LD1RC_1LD0LA,undecided,0,0,0,0,0,0,?,0
1RB1LA_1LC0LD_0LA1RC_0RC1RD,irules,195728,104,1,2,4,1,F,0
1RB1LA_1LC0LD_1RC0LB_1RD0RA,undecided,0,0,0,0,0,0,?,0
1RB1LA_1LC0RA_1LA1LD_0LC0LD,undecided,0,0,0,0,0,0,?,0
1RB1LA_1LC0RA_1LD0LC_0RB0LA,undecided,0,0,0,0,0,0,?,0
1RB1LA_1LC0RA_1LD0LD_0RB0LC,undecided,0,0,0,0,0,0,?,0
1RB1LA_1LC0RB_0LA0LD_1RA0RB,undecided,0,0,0,0,0,0,?,0
1RB1LA_1LC0RB_0LA0LD_1RD0RB,undecided,0,0,0,0,0,0,?,0
1RB1LA_1LC0RB_0LA1RD_1LA0RD,undecided,0,0,0,0,0,0,?,0
1RB1LA_1LC0RB_0LA1RD_1RC0RD,undecided,0,0,0,0,0,0,?,0
1RB1LA_1LC0RB_0LC0RD_0LA1RD,undecided,0,0,0,0,0,0,?,0
1RB1LA_1LC0RB_0LC1RD_0RD0LA,undecided,0,0,0,0,0,0,?,0
1RB1LA_1LC0RB_0LD0RA_0LD1RB,undecided,0,0,0,0,0,0,?,0
1RB1LA_1LC0RB_0LD0RA_1LC1RB,undecided,0,0,0,0,0,0,?,0
1RB1LA_1LC0RB_0LD0RA_1LC1RD,undecided,0,0,0,0,0,0,?,0
1RB1LA_1LC0RB_0LD1RA_0LD0RA,undecided,0,0,0,0,0,0,?,0
1RB1LA_1LC0RB_0RD0LC_1RD0LA,undecided,0,0,0,0,0,0,?,0
1RB1LA_1LC0RB_1LD0RA_0LC0LA,undecided,0,0,0,0,0,0,?,0
1RB1LA_1LC0RB_1LD0RA_0LC1RA,undecided,0,0,0,0,0,0,?,0
1RB1LA_1LC0RB_1LD0RA_0LD1RB,undecided,0,0,0,0,0,0,?,0
1RB1LA_1LC0RB_1LD1RB_0LC0RA,undecided,0,0,0,0,0,0,?,0
1RB1LA_1LC0RB_1LD1RC_0LC0LA,undecided,0,0,0,0,0,0,?,0
1RB1LA_1LC0RB_1LD1RC_0LC0RA,undecided,0,0,0,0,0,0,?,0
1RB1LA_1LC0RB_1RD0LC_1LA1RA,undecided,0,0,0,0,0,0,?,0
1RB1LA_1LC0RB_1RD0LC_1LD1RA,undecided,0,0,0,0,0,0,?,0
1RB1LA_1LC0RC_0LA1RC_------,irules,190424,104,1,2,3,1,F,0
1RB1LA_1LC0RC_0LA1RD_0LA1RC,irules,190424,52,1,1,5,4,F,0
1RB1LA_1LC0RC_0LA1RD_0LA1RD,irules,190424,104,1,2,3,1,F,0
1RB1LA_1LC0RC_0LA1RD_0LD1RC,irules,193076,52,1,1,5,4,F,0
1RB1LA_1LC0RC_0LB1RD_0LA1RD,irules,197782,83,1,1,3,1,F,0
1RB1LA_1LC0RC_0LD1RC_1RA1LA,irules,187480,119,1,3,3,1,F,0
1RB1LA_1LC0RC_0LD1RC_1RB1LA,irules,190424,104,1,2,3,1,F,0
1RB1LA_1LC0RC_1LB1RD_0LA1RD,irules,190424,104,1,2,3,1,F,0
1RB1LA_1LC0RC_1LD1RC_0RB0LA,irules,197385,36,1,1,3,1,F,0
1RB1LA_1LC0RC_1LD1RC_0RD0LA,irules,196502,65,1,1,2,1,F,0
1RB1LA_1LC0RC_1LD1RC_1LA0LA,irules,196241,65,1,2,2,1,F,0
1RB1LA_1LC0RC_1LD1RC_1RA0LA,irules,196307,65,1,2,2,1,F,0
1RB1LA_1LC0RC_1RD1RC_0LD0LA,irules,195832,104,1,2,3,1,F,0
1RB1LA_1LC0RD_0LA1RC_0LA1RC,irules,190424,104,1,2,3,1,F,0
1RB1LA_1LC0RD_0LA1RC_0LB1RC,irules,197782,83,1,1,3,1,F,0
1RB1LA_1LC0RD_0LA1RC_0RB1RC,irules,187558,119,1,3,3,1,F,0
1RB1LA_1LC0RD_0LA1RC_1LB1RC,irules,190424,104,1,2,3,1,F,0
1RB1LA_1LC0RD_0LA1RD_0LA1RC,irules,190424,52,1,1,5,4,F,0
1RB1LA_1LC0RD_0LB0RA_1LB0RB,undecided,0,0,0,0,0,0,?,0
1RB1LA_1LC0RD_0LC1RA_0LB1RD,irules,196478,81,1,1,4,1,F,0
1RB1LA_1LC0RD_0LC1RD_0LA1RC,irules,193180,52,1,1,5,4,F,0
1RB1LA_1LC0RD_0LC1RD_1RA0RB,undecided,0,0,0,0,0,0,?,0
1RB1LA_1LC0RD_0RA0LC_0LA1RD,undecided,0,0,0,0,0,0,?,0
1RB1LA_1LC0RD_0RA1LA_0LB1RD,irules,197123,82,1,1,4,1,F,0
1RB1LA_1LC0RD_0RA1RA_0LB1RD,irules,196478,81,1,1,4,1,F,0
1RB1LA_1LC0RD_0RB0LC_0LA1RD,undecided,0,0,0,0,0,0,?,0
1RB1LA_1LC0RD_0RC1LA_0LB1RD,irules,197123,82,1,1,4,1,F,0
1RB1LA_1LC0RD_1LA0LB_1RB0RD,undecided,0,0,0,0,0,0,?,0
1RB1LA_1LC0RD_1LA1LA_0LB1RD,irules,196643,82,1,1,4,1,F,0
1RB1LA_1LC0RD_1LA1RA_0LB1RD,irules,195846,81,1,1,4,1,F,0
1RB1LA_1LC0RD_1LB0RA_0RB0LB,undecided,0,0,0,0,0,0,?,0
1RB1LA_1LC0RD_1LC0RA_0RB0LB,undecided,0,0,0,0,0,0,?,0
1RB1LA_1LC0RD_1LC1LA_0LB1RD,irules,196643,82,1,1,4,1,F,0
1RB1LA_1LC0RD_1LC1RA_0LB1RD,irules,196004,81,1,1,4,1,F,0
1RB1LA_1LC0RD_1LD1LA_0LB1RD,irules,197283,82,1,1,4,1,F,0
1RB1LA_1LC0RD_1LD1RA_0LB1RD,irules,196636,81,1,1,4,1,F,0
1RB1LA_1LC0RD_1RA0LB_1RB0RD,undecided,0,0,0,0,0,0,?,0
1RB1LA_1LC0RD_1RA1LA_0LB1RD,irules,196803,82,1,1,4,1,F,0
1RB1LA_1LC0RD_1RA1LA_0LC1RD,irules,187440,118,1,3,2,1,F,0
1RB1LA_1LC0RD_1RA1RA_0LB1RD,irules,196004,81,1,1,4,1,F,0
1RB1LA_1LC0RD_1RB1LA_0LB1RD,irules,196963,82,1,1,4,1,F,0
1RB1LA_1LC0RD_1RB1LA_0LC1RD,irules,190321,103,1,2,2,1,F,0
1RB1LA_1LC0RD_1RB1RA_0LB1RD,irules,196320,81,1,1,4,1,F,0
1RB1LA_1LC0RD_1RC1LA_0LB1RD,irules,196803,82,1,1,4,1,F,0
1RB1LA_1LC0RD_1RC1RA_0LB1RD,irules,196412,118,1,3,3,1,F,0
1RB1LA_1LC0RD_1RD1LA_0LB1RD,irules,197123,82,1,1,4,1,F,0
1RB1LA_1LC0RD_1RD1RA_0LB1RD,irules,196478,81,1,1,4,1,F,0
1RB1LA_1LC1RC_0LA0RD_0LA1RD,irules,196636,66,1,1,2,1,F,0
1RB1LA_1LC1RC_0LA0RD_0LB1RD,undecided,0,0,0,0,0,0,?,0
1RB1LA_1LC1RC_0LD0RD_0LA1RD,irules,196768,66,1,1,2,1,F,0
1RB1LA_1LC1RC_0RA0LD_1LC0LD,undecided,0,0,0,0,0,0,?,0
1RB1LA_1LC1RD_0LA1RC_---0RC,irules,196372,66,1,1,2,1,F,0
1RB1LA_1LC1RD_0LA1RC_0RC0LB,irules,191815,65,1,1,2,1,F,0
1RB1LA_1LC1RD_0LB1RC_0LA0RC,undecided,0,0,0,0,0,0,?,0
1RB1LA_1LC1RD_1LA0LC_1RA0RB,undecided,0,0,0,0,0,0,?,0
1RB1LA_1LC1RD_1LD0LC_0RA0LC,undecided,0,0,0,0,0,0,?,0
1RB1LA_1LC1RD_1LD0LC_1RA0RD,undecided,0,0,0,0,0,0,?,0
1RB1LA_1LC1RD_1RA0LB_0RC0RB,undecided,0,0,0,0,0,0,?,0
1RB1LA_1LC1RD_1RC0LB_0LA0RB,undecided,0,0,0,0,0,0,?,0
1RB1LA_1RC0LC_0LA0RD_0LA1RD,irules,195845,65,1,1,3,1,F,0
1RB1LA_1RC0LC_0LD0RD_0LA1RD,irules,195975,65,1,1,3,1,F,0
1RB1LA_1RC0LC_1LA0RD_0LA1RD,irules,191554,63,1,1,1,1,F,0
1RB1LA_1RC0LC_1LD0RD_0LA1RD,irules,191676,64,1,1,3,1,F,0
1RB1LA_1RC0LC_1RD0RD_0LA1RD,irules,191548,64,1,1,3,1,F,0
1RB1LA_1RC0LD_0LA0RB_1LB0RC,undecided,0,0,0,0,0,0,?,0
1RB1LA_1RC0LD_0LA0RB_1LB1RB,undecided,0,0,0,0,0,0,?,0
1RB1LA_1RC0LD_0LA0RC_0LC1LB,undecided,0,0,0,0,0,0,?,0
1RB1LA_1RC0LD_0LA1RB_0RB1LB,undecided,0,0,0,0,0,0,?,0
1RB1LA_1RC0LD_0LA1RB_0RD1LB,undecided,0,0,0,0,0,0,?,0
1RB1LA_1RC0LD_0LA1RC_0RC1RD,irules,195624,104,1,2,4,1,F,0
1RB1LA_1RC0LD_0RD0RB_1LA1LB,undecided,0,0,0,0,0,0,?,0
1RB1LA_1RC0LD_1LA1RB_0RB1LB,irules,197392,41,1,1,5,2,F,0
1RB1LA_1RC0LD_1LA1RB_0RD1LB,irules,186740,40,1,1,5,2,F,0
1RB1LA_1RC0RA_1LD1RA_1LA0LD,undecided,0,0,0,0,0,0,?,0
1RB1LA_1RC0RA_1LD1RB_1LA0LD,undecided,0,0,0,0,0,0,?,0
1RB1LA_1RC0RA_1LD1RC_1LA0LD,undecided,0,0,0,0,0,0,?,0
1RB1LA_1RC0RB_0LC1LD_0LD1RA,undecided,0,0,0,0,0,0,?,0
1RB1LA_1RC0RB_0RD0RC_1LD0LA,undecided,0,0,0,0,0,0,?,0
1RB1LA_1RC0RB_1LD0RB_1LA0LC,undecided,0,0,0,0,0,0,?,0
1RB1LA_1RC0RB_1LD0RB_1RA0LC,undecided,0,0,0,0,0,0,?,0
1RB1LA_1RC0RB_1LD0RC_0LD0LA,undecided,0,0,0,0,0,0,?,0
1RB1LA_1RC0RB_1LD0RC_1LD0LA,undecided,0,0,0,0,0,0,?,0
1RB1LA_1RC0RB_1LD1RA_1LA0LD,undecided,0,0,0,0,0,0,?,0
1RB1LA_1RC0RB_1LD1RC_1LA0LC,undecided,0,0,0,0,0,0,?,0
1RB1LA_1RC0RC_0LA0RD_1LD0LA,undecided,0,0,0,0,0,0,?,0
1RB1LA_1RC0RC_0LA1RC_------,irules,190320,104,1,2,3,1,F,0
1RB1LA_1RC0RC_0LA1RD_0LA1RC,irules,190320,52,1,1,5,4,F,0
1RB1LA_1RC0RC_0LA1RD_0LA1RD,irules,190320,104,1,2,3,1,F,0
1RB1LA_1RC0RC_0LA1RD_0LD1RC,irules,192972,52,1,1,5,4,F,0
1RB1LA_1RC0RC_0LD0RB_1LD0LA,undecided,0,0,0,0,0,0,?,0
1RB1LA_1RC0RC_0LD1RB_1LD0LA,undecided,0,0,0,0,0,0,?,0
1RB1LA_1RC0RC_0LD1RC_1RA1LA,irules,187400,119,1,3,3,1,F,0
1RB1LA_1RC0RC_0LD1RC_1RB1LA,irules,190320,104,1,2,3,1,F,0
1RB1LA_1RC0RC_1LB1RD_0LA1RD,irules,190317,104,1,2,3,1,F,0
1RB1LA_1RC0RC_1LD0RD_0LB0LA,irules,198797,72,1,2,3,5,F,0
1RB1LA_1RC0RC_1LD0RD_1LA0LA,irules,196350,72,1,2,4,5,F,0
1RB1LA_1RC0RC_1LD0RD_1LC0LA,irules,192377,29,1,2,3,4,F,0
1RB1LA_1RC0RC_1LD0RD_1LD0LA,undecided,0,0,0,0,0,0,?,0
1RB1LA_1RC0RC_1LD1RC_0LB0LA,irules,197748,82,1,2,2,2,F,0
1RB1LA_1RC0RC_1LD1RC_0RB0LA,irules,197241,36,1,1,3,1,F,0
1RB1LA_1RC0RC_1LD1RC_0RD0LA,irules,196370,65,1,1,2,1,F,0
1RB1LA_1RC0RC_1LD1RC_1LA0LA,irules,196175,65,1,2,2,1,F,0
1RB1LA_1RC0RC_1LD1RC_1RA0LA,irules,196241,65,1,2,2,1,F,0
1RB1LA_1RC0RC_1RD0LB_0LA0RB,undecided,0,0,0,0,0,0,?,0
1RB1LA_1RC0RC_1RD0RD_1LD0LA,undecided,0,0,0,0,0,0,?,0
1RB1LA_1RC0RC_1RD1RC_0LD0LA,irules,195728,104,1,2,3,1,F,0
1RB1LA_1RC0RD_0LA0RB_0LB0LA,undecided,0,0,0,0,0,0,?,0
1RB1LA_1RC0RD_0LA0RB_0LC0LA,undecided,0,0,0,0,0,0,?,0
1RB1LA_1RC0RD_0LA1RC_0LA1RC,irules,190320,104,1,2,3,1,F,0
1RB1LA_1RC0RD_0LA1RC_0LB1RC,irules,197618,83,1,1,3,1,F,0
1RB1LA_1RC0RD_0LA1RC_1LB1RC,irules,190320,104,1,2,3,1,F,0
1RB1LA_1RC0RD_0LA1RD_0LA1RC,irules,190320,52,1,1,5,4,F,0
1RB1LA_1RC0RD_0LC0LA_1RC1RD,irules,197456,82,1,1,3,1,F,0
1RB1LA_1RC0RD_0LC1RD_0LA1RC,irules,193076,52,1,1,5,4,F,0
1RB1LA_1RC0RD_0LD0RB_1LB0LA,undecided,0,0,0,0,0,0,?,0
1RB1LA_1RC0RD_0LD0RB_1RA0LA,undecided,0,0,0,0,0,0,?,0
1RB1LA_1RC1LB_1LD0RC_0LD0RA,undecided,0,0,0,0,0,0,?,0
1RB1LA_1RC1LD_0LA0RB_0RC0LA,undecided,0,0,0,0,0,0,?,0
1RB1LA_1RC1LD_0LD0RD_1RB0LA,undecided,0,0,0,0,0,0,?,0
1RB1LA_1RC1LD_1LD0RD_0RD0LA,undecided,0,0,0,0,0,0,?,0
1RB1LA_1RC1RA_1LD0RC_0RA0LD,undecided,0,0,0,0,0,0,?,0
1RB1LA_1RC1RB_1LD0RC_0LD0LA,undecided,0,0,0,0,0,0,?,0
1RB1LA_1RC1RC_0LA0RD_0LA1RD,irules,196240,66,1,1,2,1,F,0
1RB1LA_1RC1RC_0LA0RD_0LB1RD,undecided,0,0,0,0,0,0,?,0
1RB1LA_1RC1RC_0LA1RD_0LA0RB,undecided,0,0,0,0,0,0,?,0
1RB1LA_1RC1RC_0LD0RD_0LA1RD,irules,196372,66,1,1,2,1,F,0
1RB1LA_1RC1RD_0LA0RB_0LA1RC,undecided,0,0,0,0,0,0,?,0
1RB1LA_1RC1RD_0LA1RC_---0RC,irules,196240,66,1,1,2,1,F,0
1RB1LA_1RC1RD_0LA1RC_0RC0LB,irules,191685,65,1,1,2,1,F,0
1RB1LA_1RC1RD_0LB1RC_0LA0RC,undecided,0,0,0,0,0,0,?,0
1RB1LB_0LB1LC_1RD0RD_1LA0RC,undecided,0,0,0,0,0,0,?,0
1RB1LB_0LB1RC_1LD0RC_0RA0LD,undecided,0,0,0,0,0,0,?,0
1RB1LB_0LC0RD_1LA1RC_1RB0RD,undecided,0,0,0,0,0,0,?,0
1RB1LB_0LC0RD_1LC1LA_1LC1RA,irules,198377,221,1,3,3,1,F,0
1RB1LB_0LC1RD_0RA1LC_0RB0RD,undecided,0,0,0,0,0,0,?,0
1RB1LB_0LC1RD_1LA0RB_1LB0RD,undecided,0,0,0,0,0,0,?,0
1RB1LB_0LC1RD_1LA1LA_1LB0RD,undecided,0,0,0,0,0,0,?,0
1RB1LB_0LC1RD_1LA1LC_1RA0RB,irules,199646,56,1,1,10,4,F,0
1RB1LB_0LC1RD_1LA1LC_1RB0RB,undecided,0,0,0,0,0,0,?,0
1RB1LB_0RC0LC_0RD1LC_1LA1RD,irules,196617,65,1,1,1,1,F,0
1RB1LB_0RC0LD_1LA1RC_0RA1LD,undecided,0,0,0,0,0,0,?,0
1RB1LB_0RC0LD_1LA1RC_0RC1LD,irules,196635,66,1,1,2,1,F,0
1RB1LB_0RC1LD_1LC0LA_0RA0LA,irules,200000,1680,1,1,1,3,F,0
1RB1LB_0RC1LD_1LC0LA_0RC0LA,irules,199966,1738,1,1,1,3,F,0
1RB1LB_0RC1LD_1LC0LA_0RD0LA,irules,199966,1738,1,1,1,3,F,0
1RB1LB_0RC1RB_1LD0RB_0LD1LA,undecided,0,0,0,0,0,0,?,0
1RB1LB_0RC1RC_1LD0RB_0LD1LA,undecided,0,0,0,0,0,0,?,0
1RB1LB_1LA0RC_0LB0LD_0RD0RC,undecided,0,0,0,0,0,0,?,0
1RB1LB_1LA0RC_0LB0RD_---0RC,undecided,0,0,0,0,0,0,?,0
1RB1LB_1LA0RC_0LB0RD_---1RC,undecided,0,0,0,0,0,0,?,0
1RB1LB_1LA0RC_0LD0RB_0LD1LB,undecided,0,0,0,0,0,0,?,0
1RB1LB_1LA0RC_0RD0RB_0LD1LB,undecided,0,0,0,0,0,0,?,0
1RB1LB_1LA1LC_---1RD_0LB0RD,undecided,0,0,0,0,0,0,?,0
1RB1LB_1LA1LC_0LC1RD_1RA0RD,undecided,0,0,0,0,0,0,?,0
1RB1LB_1LA1LC_1RD0LC_0RD0RA,undecided,0,0,0,0,0,0,?,0
1RB1LB_1LA1RC_1LD0RC_0LD1RA,undecided,0,0,0,0,0,0,?,0
1RB1LB_1LA1RC_1RD0LC_0RD0LA,undecided,0,0,0,0,0,0,?,0
1RB1LB_1LC0RA_0RD0LB_1LB1RD,undecided,0,0,0,0,0,0,?,0
1RB1LB_1LC0RB_0LA0LD_0RA1LB,undecided,0,0,0,0,0,0,?,0
1RB1LB_1LC0RB_0LD0LB_0RA1LD,undecided,0,0,0,0,0,0,?,0
1RB1LB_1LC0RC_1LA0RD_0LB0RB,undecided,0,0,0,0,0,0,?,0
1RB1LB_1LC0RD_0LB1LA_0LA1RA,undecided,0,0,0,0,0,0,?,0
1RB1LB_1LC0RD_0LB1LA_1LA1RA,irules,199680,118,1,1,6,3,F,0
1RB1LB_1LC0RD_0RA0LC_0RB0LB,undecided,0,0,0,0,0,0,?,0
1RB1LB_1LC0RD_1LA0LB_1RB0RD,undecided,0,0,0,0,0,0,?,0
1RB1LB_1LC0RD_1LA0LB_1RB1RA,undecided,0,0,0,0,0,0,?,0
1RB1LB_1LC0RD_1LA0LC_1RD1RB,undecided,0,0,0,0,0,0,?,0
1RB1LB_1LC0RD_1RD0LB_0LA1RA,undecided,0,0,0,0,0,0,?,0
1RB1LB_1LC1LA_0LB1RD_0RB0RD,undecided,0,0,0,0,0,0,?,0
1RB1LB_1LC1LD_0RA0LC_0RB1RD,undecided,0,0,0,0,0,0,?,0
1RB1LB_1LC1RB_1RA0LD_0RC1LD,irules,195849,81,1,1,4,1,F,0
1RB1LB_1LC1RB_1RD0LC_1LA0RD,undecided,0,0,0,0,0,0,?,0
1RB1LB_1RC0LA_0LD0RB_1LB1LD,irules,194178,44,1,1,5,4,F,0
1RB1LB_1RC0LA_0RD0RC_1LD1LA,undecided,0,0,0,0,0,0,?,0
1RB1LB_1RC0LA_1RD0RD_0LB0RB,undecided,0,0,0,0,0,0,?,0
1RB1LB_1RC0LA_1RD1RC_0LB0RB,undecided,0,0,0,0,0,0,?,0
1RB1LB_1RC0LB_0LA1RD_0RD0LA,undecided,0,0,0,0,0,0,?,0
1RB1LB_1RC0LB_1LA0RD_---0RC,undecided,0,0,0,0,0,0,?,0
1RB1LB_1RC0LB_1LC1RD_0RD0LA,undecided,0,0,0,0,0,0,?,0
1RB1LB_1RC0LD_1LD0RC_0LA0RC,undecided,0,0,0,0,0,0,?,0
1RB1LB_1RC0RB_1LD0RA_1LB0LC,undecided,0,0,0,0,0,0,?,0
1RB1LB_1RC0RB_1LD1RB_1LA0LD,undecided,0,0,0,0,0,0,?,0
1RB1LB_1RC0RC_1LD0LA_1LA0RD,undecided,0,0,0,0,0,0,?,0
1RB1LB_1RC1LA_0LB0RD_---0RC,undecided,0,0,0,0,0,0,?,0
1RB1LB_1RC1LA_1LD0RC_0LD0RB,undecided,0,0,0,0,0,0,?,0
1RB1LB_1RC1LB_0LA0RD_0LA1RD,irules,190320,104,1,2,3,1,F,0
1RB1LB_1RC1LB_0LB0RD_0LA1RD,irules,190320,104,1,2,3,1,F,0
1RB1LB_1RC1LB_0LD0RD_0LA1RD,irules,190424,104,1,2,3,1,F,0
1RB1LB_1RC1LB_1LA0RD_0LA1RD,irules,192201,119,1,3,2,1,F,0
1RB1LB_1RC1LB_1LA0RD_0LC1RD,irules,196794,82,1,1,4,1,F,0
1RB1LB_1RC1LB_1LB0RD_0LA1RD,irules,192201,119,1,3,2,1,F,0
1RB1LB_1RC1LB_1LD0RD_0LA1RD,irules,192240,120,1,3,3,1,F,0
1RB1LB_1RC1LB_1RD0RD_0LA1RD,irules,192160,120,1,3,3,1,F,0
1RB1LB_1RC1LD_0LD0RC_0LA1LA,undecided,0,0,0,0,0,0,?,0
1RB1LB_1RC1LD_1LD0RC_0LA0LB,undecided,0,0,0,0,0,0,?,0
1RB1LB_1RC1LD_1LD0RC_0LB0LA,undecided,0,0,0,0,0,0,?,0
1RB1LB_1RC1RD_1LA0LC_0RD1LA,undecided,0,0,0,0,0,0,?,0
1RB1LB_1RC1RD_1LD0LC_0RD1LA,undecided,0,0,0,0,0,0,?,0
1RB1LC_0LA---_1RD0LC_0RD0RB,undecided,0,0,0,0,0,0,?,0
1RB1LC_0LA0LC_1LA1RD_0RD0RB,undecided,0,0,0,0,0,0,?,0
1RB1LC_0LA0RB_0LD1LA_1RA---,undecided,0,0,0,0,0,0,?,0
1RB1LC_0LA0RB_0LD1LC_1RA---,undecided,0,0,0,0,0,0,?,0
1RB1LC_0LA0RB_0LD1LD_1RA0RA,undecided,0,0,0,0,0,0,?,0
1RB1LC_0LA0RB_0LD1LD_1RA1LA,undecided,0,0,0,0,0,0,?,0
1RB1LC_0LA0RB_0LD1LD_1RA1LC,undecided,0,0,0,0,0,0,?,0
1RB1LC_0LA0RB_0RC1LD_1LA---,undecided,0,0,0,0,0,0,?,0
1RB1LC_0LA0RB_0RD---_1LA1LD,undecided,0,0,0,0,0,0,?,0
1RB1LC_0LA0RB_0RD0LC_1RD1LA,undecided,0,0,0,0,0,0,?,0
1RB1LC_0LA0RB_0RD1LA_0LC1RD,undecided,0,0,0,0,0,0,?,0
1RB1LC_0LA0RB_1LA---_------,undecided,0,0,0,0,0,0,?,0
1RB1LC_0LA0RB_1LD---_0RD1LA,undecided,0,0,0,0,0,0,?,0
1RB1LC_0LA0RB_1LD---_1LA---,undecided,0,0,0,0,0,0,?,0
1RB1LC_0LA0RB_1LD---_1RB1LA,undecided,0,0,0,0,0,0,?,0
1RB1LC_0LA0RB_1LD---_1RB1LC,undecided,0,0,0,0,0,0,?,0
1RB1LC_0LA0RB_1LD0LD_1RA1LA,undecided,0,0,0,0,0,0,?,0
1RB1LC_0LA0RB_1LD1LA_1RA---,undecided,0,0,0,0,0,0,?,0
1RB1LC_0LA0RB_1RA1LD_1LA---,undecided,0,0,0,0,0,0,?,0
1RB1LC_0LA0RB_1RA1RD_0LC1LD,undecided,0,0,0,0,0,0,?,0
1RB1LC_0LA0RB_1RB1LD_1LA---,undecided,0,0,0,0,0,0,?,0
1RB1LC_0LA0RB_1RB1LD_1LC---,undecided,0,0,0,0,0,0,?,0
1RB1LC_0LA0RB_1RC1LD_---1LA,undecided,0,0,0,0,0,0,?,0
1RB1LC_0LA0RB_1RD---_1LA1LD,undecided,0,0,0,0,0,0,?,0
1RB1LC_0LA0RB_1RD1LA_0LA1RD,undecided,0,0,0,0,0,0,?,0
1RB1LC_0LA0RB_1RD1LA_0LC1RD,undecided,0,0,0,0,0,0,?,0
1RB1LC_0LA0RC_1LA0RB_------,undecided,0,0,0,0,0,0,?,0
1RB1LC_0LA0RC_1LA0RD_0LA0RC,undecided,0,0,0,0,0,0,?,0
1RB1LC_0LA0RC_1LA1LD_0RD0RB,undecided,0,0,0,0,0,0,?,0
1RB1LC_0LA0RC_1LD0RB_1RB1LC,undecided,0,0,0,0,0,0,?,0
1RB1LC_0LA0RD_0LD1LA_1RD0RB,undecided,0,0,0,0,0,0,?,0
1RB1LC_0LA0RD_0LD1LC_1LA0RB,undecided,0,0,0,0,0,0,?,0
1RB1LC_0LA0RD_0LD1LC_1RD0RB,undecided,0,0,0,0,0,0,?,0
1RB1LC_0LA0RD_0RC1LA_0LA1RD,undecided,0,0,0,0,0,0,?,0
1RB1LC_0LA0RD_0RC1LD_1LA0RB,undecided,0,0,0,0,0,0,?,0
1RB1LC_0LA0RD_1LA---_---0RB,undecided,0,0,0,0,0,0,?,0
1RB1LC_0LA0RD_1LA---_0LA0RD,undecided,0,0,0,0,0,0,?,0
1RB1LC_0LA0RD_1LA0LD_1RB1RA,irules,185274,70,1,2,9,1,F,0
1RB1LC_0LA0RD_1LD0RB_1LA0RC,undecided,0,0,0,0,0,0,?,0
1RB1LC_0LA0RD_1RA1LA_---0RB,undecided,0,0,0,0,0,0,?,0
1RB1LC_0LA0RD_1RB1LA_0LA1RD,undecided,0,0,0,0,0,0,?,0
1RB1LC_0LA0RD_1RB1LA_0LC1RD,undecided,0,0,0,0,0,0,?,0
1RB1LC_0LA0RD_1RB1LC_0LA1RD,irules,197623,83,1,1,3,1,F,0
1RB1LC_0LA0RD_1RD0LC_1LA0RB,undecided,0,0,0,0,0,0,?,0
1RB1LC_0LA0RD_1RD1LA_---0RB,undecided,0,0,0,0,0,0,?,0
1RB1LC_0LA1RB_1LA0RD_0LB1RC,undecided,0,0,0,0,0,0,?,0
1RB1LC_0LA1RB_1LA0RD_0LC1RC,undecided,0,0,0,0,0,0,?,0
1RB1LC_0LA1RB_1LA0RD_0LD1RC,undecided,0,0,0,0,0,0,?,0
1RB1LC_0LA1RB_1RD1LA_0LA0RD,undecided,0,0,0,0,0,0,?,0
1RB1LC_0LA1RB_1RD1LA_0LC0RD,undecided,0,0,0,0,0,0,?,0
1RB1LC_0LA1RB_1RD1LC_---0RB,irules,197623,83,1,1,3,1,F,0
1RB1LC_0LA1RC_1RD0LC_0RB0RC,undecided,0,0,0,0,0,0,?,0
1RB1LC_0LA1RD_1LA0LC_0RB0RD,undecided,0,0,0,0,0,0,?,0
1RB1LC_0LA1RD_1LA0LC_0RD0RB,undecided,0,0,0,0,0,0,?,0
1RB1LC_0LA1RD_1LA0LC_0RD1RB,undecided,0,0,0,0,0,0,?,0
1RB1LC_0LA1RD_1LA0RA_---0RB,undecided,0,0,0,0,0,0,?,0
1RB1LC_0LA1RD_1LA0RB_0LA0RB,undecided,0,0,0,0,0,0,?,0
1RB1LC_0LA1RD_1LA0RB_0LD0RB,undecided,0,0,0,0,0,0,?,0
1RB1LC_0LA1RD_1LA0RD_---0RB,undecided,0,0,0,0,0,0,?,0
1RB1LC_0LB1LA_0RD1RC_1LB0RC,undecided,0,0,0,0,0,0,?,0
1RB1LC_0LB1LA_0RD1RD_1LB0RC,undecided,0,0,0,0,0,0,?,0
1RB1LC_0LC0RB_0RD1LA_0LA1RD,undecided,0,0,0,0,0,0,?,0
1RB1LC_0LC0RB_1LA1RD_0LA0RD,undecided,0,0,0,0,0,0,?,0
1RB1LC_0LC0RB_1RB1LD_1LA---,undecided,0,0,0,0,0,0,?,0
1RB1LC_0LC0RB_1RD0RD_1LA0LA,undecided,0,0,0,0,0,0,?,0
1RB1LC_0LC0RB_1RD1LA_0LA1RD,undecided,0,0,0,0,0,0,?,0
1RB1LC_0LC0RB_1RD1LA_0LC1RD,undecided,0,0,0,0,0,0,?,0
1RB1LC_0LC0RB_1RD1LA_1RB0LA,undecided,0,0,0,0,0,0,?,0
1RB1LC_0LC0RC_1RA0LD_1RA1LD,undecided,0,0,0,0,0,0,?,0
1RB1LC_0LC0RD_0LA1LA_0RB1RD,undecided,0,0,0,0,0,0,?,0
1RB1LC_0LC0RD_0LA1RD_0RB---,undecided,0,0,0,0,0,0,?,0
1RB1LC_0LC0RD_0RC1LA_0LA1RD,undecided,0,0,0,0,0,0,?,0
1RB1LC_0LC0RD_1RB1LA_0LA1RD,undecided,0,0,0,0,0,0,?,0
1RB1LC_0LC0RD_1RB1LA_0LC1RD,undecided,0,0,0,0,0,0,?,0
1RB1LC_0LC0RD_1RB1LC_0LA1RD,irules,197623,83,1,1,3,1,F,0
1RB1LC_0LC0RD_1RD1LA_0LA0RC,undecided,0,0,0,0,0,0,?,0
1RB1LC_0LC1RB_1LA0RD_0LC1RC,undecided,0,0,0,0,0,0,?,0
1RB1LC_0LC1RB_1RD1LA_0LA0RD,undecided,0,0,0,0,0,0,?,0
1RB1LC_0LC1RB_1RD1LA_0LC0RD,undecided,0,0,0,0,0,0,?,0
1RB1LC_0LC1RD_---1LA_0LA0RD,undecided,0,0,0,0,0,0,?,0
1RB1LC_0LC1RD_1LA0RB_0LC0RB,undecided,0,0,0,0,0,0,?,0
1RB1LC_0LC1RD_1LA0RB_0LD0RB,undecided,0,0,0,0,0,0,?,0
1RB1LC_0RC0LC_1LD1RA_0RA0LD,undecided,0,0,0,0,0,0,?,0
1RB1LC_0RC0RB_1LD1RB_0LA0RA,undecided,0,0,0,0,0,0,?,0
1RB1LC_0RC0RB_1LD1RB_0LA1LC,undecided,0,0,0,0,0,0,?,0
1RB1LC_0RC0RB_1LD1RB_0LA1LD,undecided,0,0,0,0,0,0,?,0
1RB1LC_0RC0RB_1RD1RB_0LA1LD,undecided,0,0,0,0,0,0,?,0
1RB1LC_0RC1RB_1LD---_0RA0LD,undecided,0,0,0,0,0,0,?,0
1RB1LC_0RC1RC_1LD1RA_0RA0LD,undecided,0,0,0,0,0,0,?,0
1RB1LC_0RC1RD_0LC1LA_0LA0RD,undecided,0,0,0,0,0,0,?,0
1RB1LC_0RC1RD_1LA0LA_1RC0RB,undecided,0,0,0,0,0,0,?,0
1RB1LC_1LA---_1RD0LA_0LC0RD,undecided,0,0,0,0,0,0,?,0
1RB1LC_1LA0LA_0RD1LC_1LB1RD,irules,190321,104,1,2,3,1,F,0
1RB1LC_1LA0LA_1RD0LC_0RD0RB,undecided,0,0,0,0,0,0,?,0
1RB1LC_1LA0LC_0RB1RD_0RD0LA,undecided,0,0,0,0,0,0,?,0
1RB1LC_1LA0LC_1RB1RD_0RD0LA,undecided,0,0,0,0,0,0,?,0
1RB1LC_1LA0RC_0RD0RB_0LD1LB,undecided,0,0,0,0,0,0,?,0
1RB1LC_1LA0RD_0RC1LA_0LA1RD,irules,193077,51,1,1,4,5,F,0
1RB1LC_1LA0RD_1LA---_0LB0RB,undecided,0,0,0,0,0,0,?,0
1RB1LC_1LA0RD_1LA---_0LB0RD,undecided,0,0,0,0,0,0,?,0
1RB1LC_1LA0RD_1LB---_0LB0RD,undecided,0,0,0,0,0,0,?,0
1RB1LC_1LA0RD_1LB---_0LC0RD,undecided,0,0,0,0,0,0,?,0
1RB1LC_1LA0RD_1RB1LA_0LA1RD,irules,190321,51,1,1,4,5,F,0
1RB1LC_1LA0RD_1RB1LA_0LC1RD,irules,190321,51,1,1,4,5,F,0
1RB1LC_1LA0RD_1RB1LC_0LA1RD,irules,190321,103,1,2,2,1,F,0
1RB1LC_1LA0RD_1RB1LC_0LB1RD,irules,196963,82,1,1,4,1,F,0
1RB1LC_1LA0RD_1RB1RD_0RD0LA,undecided,0,0,0,0,0,0,?,0
1RB1LC_1LA1LD_1LB0LD_1RD0RC,irules,198168,94,1,1,1,2,F,0
1RB1LC_1LA1RA_0LB1LD_1RD0LA,irules,199999,5555,1,1,2,0,F,0
1RB1LC_1LA1RB_0LD0RA_0RB1LD,irules,191551,65,1,1,2,1,F,0
1RB1LC_1LA1RB_0RB0LD_0RA1LD,undecided,0,0,0,0,0,0,?,0
1RB1LC_1LA1RB_0RB1LD_0RB0LA,undecided,0,0,0,0,0,0,?,0
1RB1LC_1LA1RB_0RC0LD_0RB1LD,irules,191946,65,1,1,2,1,F,0
1RB1LC_1LA1RB_0RD0LA_0RB1RD,undecided,0,0,0,0,0,0,?,0
1RB1LC_1LA1RB_1LA0RD_0LB1RC,undecided,0,0,0,0,0,0,?,0
1RB1LC_1LA1RB_1LA0RD_0LC1RC,undecided,0,0,0,0,0,0,?,0
1RB1LC_1LA1RB_1LA0RD_0LD1RC,undecided,0,0,0,0,0,0,?,0
1RB1LC_1LA1RB_1LB0LD_0RB1LD,irules,187330,82,1,2,2,1,F,0
1RB1LC_1LA1RB_1LB0LD_1RD0RC,irules,198485,85,1,1,1,2,F,0
1RB1LC_1LA1RD_1LB0LD_1RD0RC,irules,199881,95,1,1,1,2,F,0
1RB1LC_1LB0RA_0RD0LA_1LA1RD,undecided,0,0,0,0,0,0,?,0
1RB1LC_1LB1LA_1RD0LA_0LC0RD,undecided,0,0,0,0,0,0,?,0
1RB1LC_1LB1RA_---0LD_0RA0LC,undecided,0,0,0,0,0,0,?,0
1RB1LC_1LB1RA_0LC0LD_0RA0RC,undecided,0,0,0,0,0,0,?,0
1RB1LC_1LB1RA_0LC0LD_0RA0RD,undecided,0,0,0,0,0,0,?,0
1RB1LC_1LB1RA_1RD0LC_0RD0LA,undecided,0,0,0,0,0,0,?,0
1RB1LC_1LC0LA_0RD1LC_1LB1RD,irules,190321,104,1,2,3,1,F,0
1RB1LC_1LC0RB_0LD0LD_1RA1LA,undecided,0,0,0,0,0,0,?,0
1RB1LC_1LC0RB_0LD0RA_1RA1LA,undecided,0,0,0,0,0,0,?,0
1RB1LC_1LC0RB_1RA0LD_1RA1LA,undecided,0,0,0,0,0,0,?,0
1RB1LC_1LC0RB_1RD0LC_0RD1LA,undecided,0,0,0,0,0,0,?,0
1RB1LC_1LC0RD_0LA1LA_1RB1RD,undecided,0,0,0,0,0,0,?,0
1RB1LC_1LC0RD_0LC1LA_1RB1RD,undecided,0,0,0,0,0,0,?,0
1RB1LC_1LC0RD_0RC1LA_0LA1RD,irules,192973,51,1,1,4,5,F,0
1RB1LC_1LC0RD_1LA0LB_0RB1RD,undecided,0,0,0,0,0,0,?,0
1RB1LC_1LC0RD_1LA0LB_1RB0RD,undecided,0,0,0,0,0,0,?,0
1RB1LC_1LC0RD_1LD0LB_1RB1RA,undecided,0,0,0,0,0,0,?,0
1RB1LC_1LC0RD_1RB1LA_0LA1RD,irules,190321,51,1,1,4,5,F,0
1RB1LC_1LC0RD_1RB1LA_0LC1RD,irules,190321,51,1,1,4,5,F,0
1RB1LC_1LC0RD_1RB1LC_0LA1RD,irules,190321,103,1,2,2,1,F,0
1RB1LC_1LC1LA_0LC1RD_0RB0RD,undecided,0,0,0,0,0,0,?,0
1RB1LC_1LC1RA_0LC0LD_0RA0RD,undecided,0,0,0,0,0,0,?,0
1RB1LC_1LC1RB_0RB0LD_0RA1LD,irules,196966,82,1,1,3,1,F,0
1RB1LC_1LC1RB_1LA0RD_0LC1RC,irules,190423,40,1,1,4,2,F,0
1RB1LC_1LC1RB_1LA0RD_0LD1RC,irules,193623,40,1,1,4,2,F,0
1RB1LC_1LC1RD_1LA0LB_0RB0RC,undecided,0,0,0,0,0,0,?,0
1RB1LC_1LC1RD_1LA0LC_0RD0RB,undecided,0,0,0,0,0,0,?,0
1RB1LC_1LC1RD_1LD0LC_0RB1RA,undecided,0,0,0,0,0,0,?,0
1RB1LC_1RC0LA_0RD1LC_1LB1RD,irules,190414,104,1,2,3,1,F,0
1RB1LC_1RC0LA_1RD1LA_0LB0RD,undecided,0,0,0,0,0,0,?,0
1RB1LC_1RC0LA_1RD1LA_1LB0RA,irules,194046,219,1,7,2,12,F,0
1RB1LC_1RC0LD_0RD0RB_1LA1LB,irules,199144,218,1,2,9,2,F,0
1RB1LC_1RC0RB_0LA1LD_1LA1RB,undecided,0,0,0,0,0,0,?,0
1RB1LC_1RC0RB_0LA1LD_1LC1RB,undecided,0,0,0,0,0,0,?,0
1RB1LC_1RC0RB_0LD0RB_1LA1RD,undecided,0,0,0,0,0,0,?,0
1RB1LC_1RC0RB_1LD0LC_1LA1RD,undecided,0,0,0,0,0,0,?,0
1RB1LC_1RC0RB_1LD0RB_1LA0LC,undecided,0,0,0,0,0,0,?,0
1RB1LC_1RC0RB_1LD1RB_1LA0LD,undecided,0,0,0,0,0,0,?,0
1RB1LC_1RC0RB_1LD1RC_1LA0LC,undecided,0,0,0,0,0,0,?,0
1RB1LC_1RC0RB_1LD1RC_1LA0LD,undecided,0,0,0,0,0,0,?,0
1RB1LC_1RC0RC_1LA0LD_0LC0LA,undecided,0,0,0,0,0,0,?,0
1RB1LC_1RC0RC_1LD0RB_1LA0LC,undecided,0,0,0,0,0,0,?,0
1RB1LC_1RC0RC_1RD0LA_1LA0RA,undecided,0,0,0,0,0,0,?,0
1RB1LC_1RC1LA_1RD0LB_1LB0RC,irules,71291,126,2,2,5,12,F,0
1RB1LC_1RC1LA_1RD0LC_1LA0RA,irules,198972,115,1,1,3,3,F,0
1RB1LC_1RC1LB_0LB0RD_0LA1RD,undecided,0,0,0,0,0,0,?,0
1RB1LC_1RC1RB_1LA0RD_0LC1RC,irules,190576,41,1,1,5,2,F,0
1RB1LC_1RC1RB_1LA0RD_0LD1RC,irules,193858,41,1,1,5,2,F,0
1RB1LC_1RC1RD_1LA0LC_0RD0RA,undecided,0,0,0,0,0,0,?,0
1RB1LD_0LB1RC_0LA0RC_1LA1LB,undecided,0,0,0,0,0,0,?,0
1RB1LD_0LB1RC_1LA0RC_0RB0LB,undecided,0,0,0,0,0,0,?,0
1RB1LD_0LC0RA_1RA1LC_0RB0LC,undecided,0,0,0,0,0,0,?,0
1RB1LD_0LC0RB_0LA1RD_1LA---,undecided,0,0,0,0,0,0,?,0
1RB1LD_0LC0RB_0RA0LD_1LA---,undecided,0,0,0,0,0,0,?,0
1RB1LD_0LC0RB_1RA0LD_1RC1LA,undecided,0,0,0,0,0,0,?,0
1RB1LD_0LC0RB_1RA1LA_0LD0LA,undecided,0,0,0,0,0,0,?,0
1RB1LD_0LC0RB_1RA1LA_1LB0LA,irules,196846,54,1,1,9,5,F,0
1RB1LD_0LC0RB_1RB1LA_1LA---,undecided,0,0,0,0,0,0,?,0
1RB1LD_0LC0RB_1RB1LA_1LC---,undecided,0,0,0,0,0,0,?,0
1RB1LD_0LC0RB_1RB1LD_1LA---,undecided,0,0,0,0,0,0,?,0
1RB1LD_0LC0RC_0LA1RC_0RD1LA,undecided,0,0,0,0,0,0,?,0
1RB1LD_0LC0RC_0LA1RC_1RB1LA,undecided,0,0,0,0,0,0,?,0
1RB1LD_0LC0RC_0LA1RC_1RB1LD,irules,197789,83,1,1,3,1,F,0
1RB1LD_0LC0RC_0LD1RC_1RB1LA,undecided,0,0,0,0,0,0,?,0
1RB1LD_0LC0RC_1LD0RB_1LA---,undecided,0,0,0,0,0,0,?,0
1RB1LD_0LC0RD_1RB1LD_1LA0RB,undecided,0,0,0,0,0,0,?,0
1RB1LD_0LC1RB_0LB1RD_1LA0RC,undecided,0,0,0,0,0,0,?,0
1RB1LD_0LC1RB_0LC1RD_1LA0RC,undecided,0,0,0,0,0,0,?,0
1RB1LD_0LC1RB_0LD1LC_1RD0RA,irules,195008,102,1,2,2,2,F,0
1RB1LD_0LC1RB_0LD1RD_1LA0RC,undecided,0,0,0,0,0,0,?,0
1RB1LD_0LC1RB_1LA0RB_1RC1LD,irules,197132,82,1,1,4,1,F,0
1RB1LD_0RC---_0LD0RB_0LA---,undecided,0,0,0,0,0,0,?,0
1RB1LD_0RC---_0LD1RC_0LA0RB,undecided,0,0,0,0,0,0,?,0
1RB1LD_0RC0LB_1LC1RA_0RD0LA,undecided,0,0,0,0,0,0,?,0
1RB1LD_0RC0LC_1LD1RA_0LA0LD,undecided,0,0,0,0,0,0,?,0
1RB1LD_0RC0LC_1RD1RA_0LA0LD,undecided,0,0,0,0,0,0,?,0
1RB1LD_0RC0LD_1LC1RA_1LB0LA,undecided,0,0,0,0,0,0,?,0
1RB1LD_0RC0RB_0LD1LA_0LA1LC,undecided,0,0,0,0,0,0,?,0
1RB1LD_0RC0RB_1LC0LA_0LA1LA,irules,191949,33,1,1,3,8,F,0
1RB1LD_0RC0RB_1LC0LA_1LA0LA,undecided,0,0,0,0,0,0,?,0
1RB1LD_0RC0RB_1LC0LA_1LB1LA,irules,193997,33,1,1,3,8,F,0
1RB1LD_0RC0RB_1LC0RA_1RA0LD,undecided,0,0,0,0,0,0,?,0
1RB1LD_0RC0RB_1LC1RA_0LA0LA,undecided,0,0,0,0,0,0,?,0
1RB1LD_0RC0RB_1LC1RA_0LA0RA,undecided,0,0,0,0,0,0,?,0
1RB1LD_0RC0RB_1LC1RA_1LA0LA,undecided,0,0,0,0,0,0,?,0
1RB1LD_0RC0RB_1LC1RA_1LA0LD,undecided,0,0,0,0,0,0,?,0
1RB1LD_0RC0RB_1LC1RA_1RA0LA,undecided,0,0,0,0,0,0,?,0
1RB1LD_0RC0RB_1LC1RA_1RA0LD,undecided,0,0,0,0,0,0,?,0
1RB1LD_0RC0RB_1LC1RA_1RC0LA,undecided,0,0,0,0,0,0,?,0
1RB1LD_0RC0RB_1RD1RA_0LA0LD,undecided,0,0,0,0,0,0,?,0
1RB1LD_0RC0RC_1LC1RA_0RD0LA,undecided,0,0,0,0,0,0,?,0
1RB1LD_0RC0RD_1LC1RA_0RD0LA,irules,199966,2173,1,1,1,1,F,0
1RB1LD_0RC0RD_1LD0LC_0LA1LA,irules,87643,255,0,0,4,6,F,0
1RB1LD_0RC0RD_1RD0LC_0LA1LA,irules,88153,255,0,0,4,6,F,0
1RB1LD_0RC0RD_1RD1RA_0LA0LD,undecided,0,0,0,0,0,0,?,0
1RB1LD_0RC1LB_1LA1RC_0LA0LB,irules,198618,66,1,2,2,2,F,0
1RB1LD_0RC1LB_1LA1RC_0LB0RA,irules,191800,65,1,1,2,1,F,0
1RB1LD_0RC1LB_1LA1RC_0RD0LA,undecided,0,0,0,0,0,0,?,0
1RB1LD_0RC1LB_1LA1RC_0RD0LB,irules,192203,65,1,1,2,1,F,0
1RB1LD_0RC1LB_1LA1RC_1LC0LB,irules,194392,83,1,2,2,1,F,0
1RB1LD_0RC1LC_1LA1RC_0RD0LA,undecided,0,0,0,0,0,0,?,0
1RB1LD_0RC1RA_1LD1RA_0LA0LD,undecided,0,0,0,0,0,0,?,0
1RB1LD_0RC1RA_1LD1RB_1LB0LD,undecided,0,0,0,0,0,0,?,0
1RB1LD_0RC1RA_1RD0RA_1LB0LD,undecided,0,0,0,0,0,0,?,0
1RB1LD_0RC1RA_1RD1RA_0LA0LD,undecided,0,0,0,0,0,0,?,0
1RB1LD_0RC1RB_0LC1RD_1LA0RC,undecided,0,0,0,0,0,0,?,0
1RB1LD_0RC1RB_0LD1RD_1LA0RC,undecided,0,0,0,0,0,0,?,0
1RB1LD_0RC1RB_1LD1RA_0LA0LD,undecided,0,0,0,0,0,0,?,0
1RB1LD_0RC1RB_1RD1RA_0LA0LD,undecided,0,0,0,0,0,0,?,0
1RB1LD_0RC1RC_1LA0RB_0LB0LA,undecided,0,0,0,0,0,0,?,0
1RB1LD_0RC1RC_1LA0RB_1LA0LA,undecided,0,0,0,0,0,0,?,0
1RB1LD_0RC1RC_1LA1RC_0RD0LA,undecided,0,0,0,0,0,0,?,0
1RB1LD_0RC1RD_1LC0RA_1LA0LC,irules,199079,63,1,1,6,6,F,0
1RB1LD_1LC0LA_1LB1RC_0RC1LD,irules,190322,103,1,2,3,1,F,0
1RB1LD_1LC0RA_0LD0LB_1RD0RB,undecided,0,0,0,0,0,0,?,0
1RB1LD_1LC0RA_1LA1RC_0LB0LA,undecided,0,0,0,0,0,0,?,0
1RB1LD_1LC0RB_0LC0RA_1LA---,undecided,0,0,0,0,0,0,?,0
1RB1LD_1LC0RB_0LC0RA_1RA1LA,undecided,0,0,0,0,0,0,?,0
1RB1LD_1LC0RB_0LC1RA_1LA0LD,undecided,0,0,0,0,0,0,?,0
1RB1LD_1LC0RB_0RA0LC_0LD0LC,undecided,0,0,0,0,0,0,?,0
1RB1LD_1LC0RB_0RA0LC_0LD1RB,undecided,0,0,0,0,0,0,?,0
1RB1LD_1LC0RB_0RA0LC_1RD1RA,undecided,0,0,0,0,0,0,?,0
1RB1LD_1LC0RB_0RA1LA_0LD0RA,undecided,0,0,0,0,0,0,?,0
1RB1LD_1LC0RB_0RA1RA_0LD0LC,undecided,0,0,0,0,0,0,?,0
1RB1LD_1LC0RB_0RA1RB_0LD0LC,undecided,0,0,0,0,0,0,?,0
1RB1LD_1LC0RB_0RC0LD_1LA---,undecided,0,0,0,0,0,0,?,0
1RB1LD_1LC0RB_1RA1LA_0LD0RA,undecided,0,0,0,0,0,0,?,0
1RB1LD_1LC0RB_1RD0LC_1LA1RB,undecided,0,0,0,0,0,0,?,0
1RB1LD_1LC0RB_1RD1RC_1LB1LA,irules,199801,119,1,1,2,2,F,0
1RB1LD_1LC0RC_0LA1RC_0RD1LA,irules,193076,52,1,1,5,5,F,0
1RB1LD_1LC0RC_0LA1RC_1RB1LA,irules,190424,52,1,1,5,5,F,0
1RB1LD_1LC0RC_0LA1RC_1RB1LD,irules,190424,104,1,2,3,1,F,0
1RB1LD_1LC0RC_0LD1RC_1RB1LA,irules,190424,52,1,1,5,5,F,0
1RB1LD_1LC0RD_1RA0LD_1RC1LA,irules,199803,221,1,7,1,7,F,0
1RB1LD_1LC1RA_0LC0LD_0RA0RB,undecided,0,0,0,0,0,0,?,0
1RB1LD_1LC1RA_0RB0LC_0RA0LD,undecided,0,0,0,0,0,0,?,0
1RB1LD_1LC1RB_0LC1RD_1LA0RC,undecided,0,0,0,0,0,0,?,0
1RB1LD_1LC1RB_0LD1RD_1LA0RC,undecided,0,0,0,0,0,0,?,0
1RB1LD_1LC1RB_0RC1LA_0RD0LC,undecided,0,0,0,0,0,0,?,0
1RB1LD_1RC---_0LD0RC_0LA1LA,undecided,0,0,0,0,0,0,?,0
1RB1LD_1RC---_1LC1RA_0RA0LD,undecided,0,0,0,0,0,0,?,0
1RB1LD_1RC0LA_1LA0LD_1RB0RB,undecided,0,0,0,0,0,0,?,0
1RB1LD_1RC0LA_1LA0RB_1LB1LB,irules,69461,63,2,1,4,15,F,0
1RB1LD_1RC0LA_1LB1RC_0RC1LD,irules,190218,103,1,2,3,1,F,0
1RB1LD_1RC0LA_1RD0RD_1LB1RB,undecided,0,0,0,0,0,0,?,0
1RB1LD_1RC0LB_1LA0RD_0RC1RB,undecided,0,0,0,0,0,0,?,0
1RB1LD_1RC0LB_1LD0RD_1RA1LB,irules,199044,115,1,1,3,3,F,0
1RB1LD_1RC0LD_0LA0RA_1LA1LB,undecided,0,0,0,0,0,0,?,0
1RB1LD_1RC0RA_1LA1RB_0LA0LB,undecided,0,0,0,0,0,0,?,0
1RB1LD_1RC0RA_1LA1RD_0LA0LB,undecided,0,0,0,0,0,0,?,0
1RB1LD_1RC0RB_0LA0RB_0LA1LA,undecided,0,0,0,0,0,0,?,0
1RB1LD_1RC0RB_0LA0RB_0LA1LC,irules,193597,219,1,8,2,0,F,0
1RB1LD_1RC0RB_0LA0RB_0LA1LD,undecided,0,0,0,0,0,0,?,0
1RB1LD_1RC0RB_0LA0RB_1LC0LA,undecided,0,0,0,0,0,0,?,0
1RB1LD_1RC0RB_0LA0RB_1LC0LB,undecided,0,0,0,0,0,0,?,0
1RB1LD_1RC0RB_0LA0RB_1LC0LD,undecided,0,0,0,0,0,0,?,0
1RB1LD_1RC0RB_0LA0RC_1LA0LD,undecided,0,0,0,0,0,0,?,0
1RB1LD_1RC0RB_0LA1LA_0LD0RC,undecided,0,0,0,0,0,0,?,0
1RB1LD_1RC0RB_0LA1LD_1LC1RB,undecided,0,0,0,0,0,0,?,0
1RB1LD_1RC0RB_0LA1RB_0LD1LA,undecided,0,0,0,0,0,0,?,0
1RB1LD_1RC0RB_0LA1RB_1LC1LD,undecided,0,0,0,0,0,0,?,0
1RB1LD_1RC0RB_0LC0LA_1LA---,undecided,0,0,0,0,0,0,?,0
1RB1LD_1RC0RB_0LD---_1LA0LA,undecided,0,0,0,0,0,0,?,0
1RB1LD_1RC0RB_0LD---_1LA0LD,undecided,0,0,0,0,0,0,?,0
1RB1LD_1RC0RB_0LD0RB_0LA1LD,undecided,0,0,0,0,0,0,?,0
1RB1LD_1RC0RB_0LD1RB_0LA1LD,undecided,0,0,0,0,0,0,?,0
1RB1LD_1RC0RB_1LA0LD_1LC1RD,undecided,0,0,0,0,0,0,?,0
1RB1LD_1RC0RB_1LA0RA_0LA1LC,irules,198741,87,1,2,8,6,F,0
1RB1LD_1RC0RB_1LA0RC_0LD0LA,undecided,0,0,0,0,0,0,?,0
1RB1LD_1RC0RB_1LA1RB_0LD0LA,undecided,0,0,0,0,0,0,?,0
1RB1LD_1RC0RB_1LA1RC_1LA0LA,undecided,0,0,0,0,0,0,?,0
1RB1LD_1RC0RB_1LA1RC_1LC0LA,undecided,0,0,0,0,0,0,?,0
1RB1LD_1RC0RB_1LC0RA_0LA0LB,undecided,0,0,0,0,0,0,?,0
1RB1LD_1RC0RB_1LC0RA_0LA1LC,irules,199586,221,1,2,6,2,F,0
1RB1LD_1RC0RB_1LD0RB_1LA0LC,undecided,0,0,0,0,0,0,?,0
1RB1LD_1RC0RB_1LD1RB_1LA0LA,undecided,0,0,0,0,0,0,?,0
1RB1LD_1RC0RB_1LD1RC_1LA0LC,undecided,0,0,0,0,0,0,?,0
1RB1LD_1RC0RB_1LD1RD_1LA0LD,undecided,0,0,0,0,0,0,?,0
1RB1LD_1RC0RB_1RD0LD_1LA0LD,undecided,0,0,0,0,0,0,?,0
1RB1LD_1RC0RB_1RD1RA_1LA0LD,undecided,0,0,0,0,0,0,?,0
1RB1LD_1RC0RB_1RD1RC_1LA0LD,undecided,0,0,0,0,0,0,?,0
1RB1LD_1RC0RB_1RD1RD_1LA0LD,undecided,0,0,0,0,0,0,?,0
1RB1LD_1RC0RC_0LA0RB_0LA1LA,undecided,0,0,0,0,0,0,?,0
1RB1LD_1RC0RC_0LA1RC_0RD1LA,irules,192972,52,1,1,5,5,F,0
1RB1LD_1RC0RC_0LA1RC_1RB1LA,irules,190320,52,1,1,5,5,F,0
1RB1LD_1RC0RC_0LA1RC_1RB1LD,irules,190320,104,1,2,3,1,F,0
1RB1LD_1RC0RC_0LD1RC_1RB1LA,irules,190320,52,1,1,5,5,F,0
1RB1LD_1RC0RC_1LA0LA_0RA0LD,undecided,0,0,0,0,0,0,?,0
1RB1LD_1RC0RC_1LA0LA_0RB0LD,undecided,0,0,0,0,0,0,?,0
1RB1LD_1RC0RC_1LD0RB_1LA0LC,undecided,0,0,0,0,0,0,?,0
1RB1LD_1RC0RC_1LD1RB_1LA0LD,undecided,0,0,0,0,0,0,?,0
1RB1LD_1RC0RD_0LC0LA_1LA0RB,undecided,0,0,0,0,0,0,?,0
1RB1LD_1RC1LA_0LB0RC_1LB---,undecided,0,0,0,0,0,0,?,0
1RB1LD_1RC1RA_0LA---_0RA0LD,undecided,0,0,0,0,0,0,?,0
1RB1LD_1RC1RA_0LA0LD_0RA1LC,irules,197631,81,1,2,10,4,F,0
1RB1LD_1RC1RA_0LA0RB_1LB0LA,undecided,0,0,0,0,0,0,?,0
1RB1LD_1RC1RA_0LA0RB_1LB0LD,undecided,0,0,0,0,0,0,?,0
1RB1LD_1RC1RA_1LA0RC_1RC0LD,undecided,0,0,0,0,0,0,?,0
1RB1LD_1RC1RA_1RD0RB_1LB0LA,undecided,0,0,0,0,0,0,?,0
1RB1LD_1RC1RB_0LC1RD_1LA0RC,irules,193940,41,1,1,5,2,F,0
1RB1LD_1RC1RB_0LD1RD_1LA0RC,undecided,0,0,0,0,0,0,?,0
1RB1LD_1RC1RB_1LA---_0RA0LD,undecided,0,0,0,0,0,0,?,0
1RB1LD_1RC1RD_1LA0LD_1LC0RB,undecided,0,0,0,0,0,0,?,0
1RB1RA_0LB0LC_1RD1LC_0LA0RA,irules,197623,82,1,1,3,1,F,0
1RB1RA_0LB0LC_1RD1LC_0LC0RA,irules,197295,82,1,1,3,1,F,0
1RB1RA_0LB0LC_1RD1LC_1LA0RA,irules,195729,105,1,2,4,1,F,0
1RB1RA_0LB0LC_1RD1LC_1LC0RA,irules,195629,104,1,2,3,1,F,0
1RB1RA_0LB0LC_1RD1LC_1RA0RA,irules,195625,105,1,2,4,1,F,0
1RB1RA_0LB0LC_1RD1LC_1RB0RA,irules,197459,82,1,1,3,1,F,0
1RB1RA_0LB1LC_0RA1RD_1LB0RD,undecided,0,0,0,0,0,0,?,0
1RB1RA_0LB1RC_1LD0RB_0RA1LC,undecided,0,0,0,0,0,0,?,0
1RB1RA_0LB1RC_1LD0RB_1RA1LC,irules,193931,41,1,1,5,2,F,0
1RB1RA_0LC0RA_---0LD_1LA1LC,undecided,0,0,0,0,0,0,?,0
1RB1RA_0LC0RA_1LC0LD_1LA0RB,undecided,0,0,0,0,0,0,?,0
1RB1RA_0LC0RA_1LC1LD_1LA0LC,undecided,0,0,0,0,0,0,?,0
1RB1RA_0LC0RA_1RC1LD_1LC0LB,undecided,0,0,0,0,0,0,?,0
1RB1RA_0LC0RB_0LA1LD_0RA1LC,undecided,0,0,0,0,0,0,?,0
1RB1RA_0LC0RB_0LD1LC_0RA1LD,undecided,0,0,0,0,0,0,?,0
1RB1RA_0LC0RB_0LD1LC_1LA1RD,undecided,0,0,0,0,0,0,?,0
1RB1RA_0LC0RB_0RA0LD_1LA1LD,undecided,0,0,0,0,0,0,?,0
1RB1RA_0LC0RB_0RA0LD_1LC1RD,undecided,0,0,0,0,0,0,?,0
1RB1RA_0LC0RB_1LA0LD_1LA1LD,undecided,0,0,0,0,0,0,?,0
1RB1RA_0LC0RB_1LA0LD_1LC1LD,undecided,0,0,0,0,0,0,?,0
1RB1RA_0LC0RB_1LC1LD_0RA0LD,undecided,0,0,0,0,0,0,?,0
1RB1RA_0LC0RB_1LD0LD_1LA1LD,undecided,0,0,0,0,0,0,?,0
1RB1RA_0LC0RB_1RA0LD_1LA1LD,undecided,0,0,0,0,0,0,?,0
1RB1RA_0LC0RC_0LD0RB_1LA1LD,undecided,0,0,0,0,0,0,?,0
1RB1RA_0LC0RC_1RA0LD_1RC1LC,undecided,0,0,0,0,0,0,?,0
1RB1RA_0LC1LB_0RC1LD_0RA0LD,undecided,0,0,0,0,0,0,?,0
1RB1RA_0LC1LB_0RD1LD_0RA0LD,undecided,0,0,0,0,0,0,?,0
1RB1RA_0LC1RC_0LD0RB_1LA1LD,irules,195270,64,1,1,10,2,F,0
1RB1RA_0LC1RC_0RA1LD_1LC0LC,undecided,0,0,0,0,0,0,?,0
1RB1RA_0LC1RC_1LD0RB_0RA1LC,undecided,0,0,0,0,0,0,?,0
1RB1RA_0LC1RC_1LD0RB_1RA1LC,undecided,0,0,0,0,0,0,?,0
1RB1RA_0RC---_1LC1LD_0RA0LD,undecided,0,0,0,0,0,0,?,0
1RB1RA_0RC0LA_1LC0LD_0RA0LC,undecided,0,0,0,0,0,0,?,0
1RB1RA_0RC0LD_1RD1RA_1LB1LD,irules,197608,571,1,15,2,2,F,0
1RB1RA_0RC0RA_0LC0LD_1LA1LC,undecided,0,0,0,0,0,0,?,0
1RB1RA_0RC0RA_1LC0LD_1LA1LC,undecided,0,0,0,0,0,0,?,0
1RB1RA_0RC1LD_1LC0LA_0LC0RD,irules,194111,100,1,2,3,2,F,0
1RB1RA_0RC1LD_1RD0RA_1LB0LD,undecided,0,0,0,0,0,0,?,0
1RB1RA_1LB0LC_0RD0LD_0RA1LD,irules,197539,83,1,1,3,1,F,0
1RB1RA_1LB0LC_1RD0LD_0RA1LD,irules,197539,83,1,1,3,1,F,0
1RB1RA_1LB1LC_0RA0LD_---0LC,undecided,0,0,0,0,0,0,?,0
1RB1RA_1LB1LC_1RD0LC_0RD0LA,undecided,0,0,0,0,0,0,?,0
1RB1RA_1LC---_---1LD_0RA0LD,undecided,0,0,0,0,0,0,?,0
1RB1RA_1LC---_0RA0LD_0RB0LC,undecided,0,0,0,0,0,0,?,0
1RB1RA_1LC0LB_1RD0LC_0RD1LA,undecided,0,0,0,0,0,0,?,0
1RB1RA_1LC0LB_1RD1LB_1RA0RD,undecided,0,0,0,0,0,0,?,0
1RB1RA_1LC0LD_---1LD_0RA0LB,undecided,0,0,0,0,0,0,?,0
1RB1RA_1LC0LD_0RA0LB_0RB1LD,irules,197841,64,1,1,4,2,F,0
1RB1RA_1LC0LD_0RA0LC_0RA1LD,undecided,0,0,0,0,0,0,?,0
1RB1RA_1LC0LD_0RA0LC_0RB1LD,undecided,0,0,0,0,0,0,?,0
1RB1RA_1LC0LD_0RB0LC_0RA1LD,undecided,0,0,0,0,0,0,?,0
1RB1RA_1LC0LD_1LD0LB_1RA0RA,undecided,0,0,0,0,0,0,?,0
1RB1RA_1LC0LD_1RA0LB_1LC0RC,undecided,0,0,0,0,0,0,?,0
1RB1RA_1LC0LD_1RA0LB_1RD0RA,undecided,0,0,0,0,0,0,?,0
1RB1RA_1LC0RA_0LC1LD_1RB1LC,undecided,0,0,0,0,0,0,?,0
1RB1RA_1LC0RA_0LD1LD_1RB1LC,undecided,0,0,0,0,0,0,?,0
1RB1RA_1LC0RA_0RA1LD_0LC0LD,undecided,0,0,0,0,0,0,?,0
1RB1RA_1LC0RA_0RB1LD_0LB1LC,undecided,0,0,0,0,0,0,?,0
1RB1RA_1LC0RA_1LA1LD_0LB0LD,undecided,0,0,0,0,0,0,?,0
1RB1RA_1LC0RA_1LA1LD_0LC0LD,undecided,0,0,0,0,0,0,?,0
1RB1RA_1LC0RA_1RA0LD_0LC1LB,undecided,0,0,0,0,0,0,?,0
1RB1RA_1LC0RB_0LA1LD_1LA0LC,undecided,0,0,0,0,0,0,?,0
1RB1RA_1LC0RB_0LC0LD_1RA1LD,undecided,0,0,0,0,0,0,?,0
1RB1RA_1LC0RB_0LC1LD_0RA1RB,undecided,0,0,0,0,0,0,?,0
1RB1RA_1LC0RB_1LA0LD_0RA0LD,undecided,0,0,0,0,0,0,?,0
1RB1RA_1LC0RB_1LD1RC_0LC0LA,undecided,0,0,0,0,0,0,?,0
1RB1RA_1LC0RC_1RA0LD_0LC1LD,undecided,0,0,0,0,0,0,?,0
1RB1RA_1LC0RD_0RA0LB_1LB0LC,irules,197960,44,1,1,5,4,F,0
1RB1RA_1LC0RD_0RA0LB_1LB1RB,irules,194176,44,1,1,5,4,F,0
1RB1RA_1LC0RD_0RA0LC_1LD1LC,undecided,0,0,0,0,0,0,?,0
1RB1RA_1LC0RD_0RA1LB_0LB0LC,undecided,0,0,0,0,0,0,?,0
1RB1RA_1LC0RD_0RA1LB_0LB1RB,undecided,0,0,0,0,0,0,?,0
1RB1RA_1LC0RD_0RA1LB_0LD0LC,undecided,0,0,0,0,0,0,?,0
1RB1RA_1LC0RD_0RA1LB_0LD1RB,undecided,0,0,0,0,0,0,?,0
1RB1RA_1LC0RD_1LA0LB_1LB0RC,irules,194657,96,1,3,1,3,F,0
1RB1RA_1LC0RD_1RA0LB_1LB0RA,undecided,0,0,0,0,0,0,?,0
1RB1RA_1LC0RD_1RA1LB_0LB1RB,irules,190569,41,1,1,5,2,F,0
1RB1RA_1LC0RD_1RA1LB_0LD1RB,irules,193849,41,1,1,5,2,F,0
1RB1RA_1LC1LA_---0LD_0RA0LC,undecided,0,0,0,0,0,0,?,0
1RB1RA_1LC1LA_0LC0LD_0RA0RC,undecided,0,0,0,0,0,0,?,0
1RB1RA_1LC1LB_0RA0LD_1LA0LC,irules,199990,3921,1,1,1,1,F,0
1RB1RA_1LC1LB_0RD0LC_0LB0RA,undecided,0,0,0,0,0,0,?,0
1RB1RA_1LC1LB_0RD0LC_1LB0RA,undecided,0,0,0,0,0,0,?,0
1RB1RA_1LC1LB_0RD0LC_1RA0RA,undecided,0,0,0,0,0,0,?,0
1RB1RA_1LC1LB_0RD0LC_1RB0RA,undecided,0,0,0,0,0,0,?,0
1RB1RA_1LC1LB_0RD0LD_0RA0LC,undecided,0,0,0,0,0,0,?,0
1RB1RA_1LC1LB_0RD1LD_0RA0LC,irules,195265,64,1,1,10,2,F,0
1RB1RA_1LC1LD_0RA0LC_0RA1LD,undecided,0,0,0,0,0,0,?,0
1RB1RA_1LC1LD_0RB0LC_0RA1LB,undecided,0,0,0,0,0,0,?,0
1RB1RA_1LC1LD_0RB0LC_0RA1LD,undecided,0,0,0,0,0,0,?,0
1RB1RA_1LC1LD_0RD0LC_1LB0RA,undecided,0,0,0,0,0,0,?,0
1RB1RA_1LC1LD_1LA0LB_0RC0RA,undecided,0,0,0,0,0,0,?,0
1RB1RA_1LC1LD_1RA0LB_0RC0RA,undecided,0,0,0,0,0,0,?,0
1RB1RA_1LC1RC_0RA1LD_1LB0LC,irules,198730,57,1,1,10,4,F,0
1RB1RA_1LC1RC_0RA1LD_1LC0LC,undecided,0,0,0,0,0,0,?,0
1RB1RA_1LC1RD_0RA0LC_0LA---,undecided,0,0,0,0,0,0,?,0
1RB1RA_1LC1RD_0RA0LC_1LA---,undecided,0,0,0,0,0,0,?,0
1RB1RA_1RC---_1LD0LA_0RA0LD,undecided,0,0,0,0,0,0,?,0
1RB1RA_1RC---_1LD1LA_0RA0LD,undecided,0,0,0,0,0,0,?,0
1RB1RA_1RC---_1LD1LA_0RB0LD,undecided,0,0,0,0,0,0,?,0
1RB1RA_1RC0LD_1LD0LA_0RA0LB,undecided,0,0,0,0,0,0,?,0
1RB1RA_1RC0RA_1LD1LC_0RB0LD,undecided,0,0,0,0,0,0,?,0
1RB1RA_1RC0RB_1LC1LD_0LD0LA,undecided,0,0,0,0,0,0,?,0
1RB1RA_1RC0RC_1LD0RB_0RA0LC,irules,199964,4444,1,1,2,0,F,0
1RB1RA_1RC1RD_1LD0LD_0RA1LC,undecided,0,0,0,0,0,0,?,0
1RB1RB_0LC0RC_0LD1RC_1RA1LD,irules,196377,66,1,1,2,1,F,0
1RB1RB_0LC0RD_1RA1LC_0LA1RD,undecided,0,0,0,0,0,0,?,0
1RB1RB_0LC0RD_1RA1LC_0LC1RD,irules,196243,66,1,1,2,1,F,0
1RB1RB_0LC0RD_1RB1LC_0LA1RD,irules,197130,82,1,1,3,1,F,0
1RB1RB_0LC0RD_1RD1LC_0LA1RA,undecided,0,0,0,0,0,0,?,0
1RB1RB_0LC0RD_1RD1LC_0LD1RA,undecided,0,0,0,0,0,0,?,0
1RB1RB_0LC1RD_1RA1LC_0LC0RA,undecided,0,0,0,0,0,0,?,0
1RB1RB_0RC0LA_1LC1LD_1RA0LB,irules,197744,78,1,1,1,2,F,0
1RB1RB_0RC1RA_1LC0LD_0RA0LC,undecided,0,0,0,0,0,0,?,0
1RB1RB_1LA1LC_1RD0LC_0RD0LA,undecided,0,0,0,0,0,0,?,0
1RB1RB_1LC0LA_1RD0LC_0RD1LA,undecided,0,0,0,0,0,0,?,0
1RB1RB_1LC0LD_1RC0LB_1RD0RA,undecided,0,0,0,0,0,0,?,0
1RB1RB_1LC0RB_0LD1LA_0LD1RA,undecided,0,0,0,0,0,0,?,0
1RB1RB_1LC0RB_1LD1LA_0LC0RA,undecided,0,0,0,0,0,0,?,0
1RB1RB_1LC0RD_1RD0LB_1LB1RA,irules,71036,126,2,2,5,12,F,0
1RB1RB_1LC1RA_0LC0LD_0RA0RB,undecided,0,0,0,0,0,0,?,0
1RB1RB_1LC1RB_---0LD_0RA1LD,irules,197457,83,1,1,3,1,F,0
1RB1RB_1LC1RB_1RA0LD_0RC1LD,irules,196646,82,1,1,4,1,F,0
1RB1RB_1LC1RC_0RA1LD_1RC0LD,undecided,0,0,0,0,0,0,?,0
1RB1RB_1RC0RB_1LD0RA_1RA0LC,undecided,0,0,0,0,0,0,?,0
1RB1RB_1RC1LB_1LA0RD_0LC1RD,irules,195995,81,1,1,4,1,F,0
1RB1RB_1RC1LC_1LD0RA_1LB0LB,undecided,0,0,0,0,0,0,?,0
1RB1RC_0LA0RB_0LD0RC_1LD1LA,undecided,0,0,0,0,0,0,?,0
1RB1RC_0LA0RB_0LD1LD_1RA1LC,undecided,0,0,0,0,0,0,?,0
1RB1RC_0LA0RB_0LD1RA_1LA1LD,undecided,0,0,0,0,0,0,?,0
1RB1RC_0LA0RB_0LD1RC_1LA1LD,undecided,0,0,0,0,0,0,?,0
1RB1RC_0LA0RC_0LD0RB_1LD1LA,undecided,0,0,0,0,0,0,?,0
1RB1RC_0LA0RC_1LD0LD_0RB1LA,undecided,0,0,0,0,0,0,?,0
1RB1RC_0LA1LA_1LD0RC_0LD0RB,undecided,0,0,0,0,0,0,?,0
1RB1RC_0LA1LD_1LA0RC_0LD0RB,undecided,0,0,0,0,0,0,?,0
1RB1RC_0LA1RA_0LD0RB_1RB1LD,undecided,0,0,0,0,0,0,?,0
1RB1RC_0LA1RA_1LC0LD_0RA0LC,undecided,0,0,0,0,0,0,?,0
1RB1RC_0LA1RA_1LD---_0RA0LD,undecided,0,0,0,0,0,0,?,0
1RB1RC_0LA1RB_0LD0RB_1RA1LD,undecided,0,0,0,0,0,0,?,0
1RB1RC_0LA1RB_0LD0RB_1RC1LD,irules,197294,82,1,1,3,1,F,0
1RB1RC_0LA1RC_0LD0RB_1RB1LD,undecided,0,0,0,0,0,0,?,0
1RB1RC_0LB1LA_1LD0RC_0RA1LB,undecided,0,0,0,0,0,0,?,0
1RB1RC_0LC---_1RA1LD_0RA0LD,undecided,0,0,0,0,0,0,?,0
1RB1RC_0LC0LB_1RD1LB_0RA0LA,undecided,0,0,0,0,0,0,?,0
1RB1RC_0LC0LB_1RD1LB_0RA0RB,undecided,0,0,0,0,0,0,?,0
1RB1RC_0LC0LB_1RD1LB_0RA0RD,undecided,0,0,0,0,0,0,?,0
1RB1RC_0LC0LB_1RD1LB_0RA1RC,undecided,0,0,0,0,0,0,?,0
1RB1RC_0LC0LB_1RD1LB_0RA1RD,undecided,0,0,0,0,0,0,?,0
1RB1RC_0LC0LD_1RA0LD_0RC1LB,irules,195919,63,1,1,10,4,F,0
1RB1RC_0LC0RA_1RA0LD_1LC0RA,irules,191549,65,1,1,10,1,F,0
1RB1RC_0LC0RA_1RA1LD_1LA0LC,undecided,0,0,0,0,0,0,?,0
1RB1RC_0LC0RA_1RA1LD_1LA0LD,undecided,0,0,0,0,0,0,?,0
1RB1RC_0LC0RA_1RB1LD_1LC0LA,irules,185274,70,1,2,9,1,F,0
1RB1RC_0LC0RB_1LD1LC_1LA---,undecided,0,0,0,0,0,0,?,0
1RB1RC_0LC0RB_1RA0LD_1LA1LD,undecided,0,0,0,0,0,0,?,0
1RB1RC_0LC1LB_1RD1LA_0LA0RD,undecided,0,0,0,0,0,0,?,0
1RB1RC_0LC1RC_0RA1LD_1RC0LD,undecided,0,0,0,0,0,0,?,0
1RB1RC_0RC---_0LD0RB_0LA1LD,undecided,0,0,0,0,0,0,?,0
1RB1RC_0RC0LA_1LC0LD_1RB1LB,irules,200000,1680,1,1,1,3,F,0
1RB1RC_0RC0LC_1LA0RD_1LC0RB,undecided,0,0,0,0,0,0,?,0
1RB1RC_0RC0LD_1LD0RB_1LA1LA,undecided,0,0,0,0,0,0,?,0
1RB1RC_0RC0RB_0LD1LA_1LD0LA,undecided,0,0,0,0,0,0,?,0
1RB1RC_0RC1RA_0LD0RB_1LD0LA,undecided,0,0,0,0,0,0,?,0
1RB1RC_0RC1RA_1LD0RB_0LD1LA,undecided,0,0,0,0,0,0,?,0
1RB1RC_0RC1RB_0LD0RB_1LD0LA,undecided,0,0,0,0,0,0,?,0
1RB1RC_0RC1RD_0LD0RB_1LD0LA,undecided,0,0,0,0,0,0,?,0
1RB1RC_1LA0LA_0RC1LD_0RB0LD,undecided,0,0,0,0,0,0,?,0
1RB1RC_1LA0LA_1LD0RC_0LD0RB,undecided,0,0,0,0,0,0,?,0
1RB1RC_1LA0LB_0RD0LA_1LB0RC,undecided,0,0,0,0,0,0,?,0
1RB1RC_1LA0LB_0RD0RD_1LB0RC,undecided,0,0,0,0,0,0,?,0
1RB1RC_1LA0LB_1LD0RC_0RA1LB,undecided,0,0,0,0,0,0,?,0
1RB1RC_1LA0LB_1LD0RD_1LB0RC,undecided,0,0,0,0,0,0,?,0
1RB1RC_1LA0LB_1RD0RC_1LB0RD,undecided,0,0,0,0,0,0,?,0
1RB1RC_1LA0LB_1RD0RC_1LB1LC,undecided,0,0,0,0,0,0,?,0
1RB1RC_1LA0LB_1RD0RC_1LD1LB,undecided,0,0,0,0,0,0,?,0
1RB1RC_1LA0LD_1LB0RC_---1LA,undecided,0,0,0,0,0,0,?,0
1RB1RC_1LA0LD_1LB0RC_0LB0RD,undecided,0,0,0,0,0,0,?,0
1RB1RC_1LA0LD_1LB0RC_0RA0LB,undecided,0,0,0,0,0,0,?,0
1RB1RC_1LA0LD_1LB0RD_0RC1LA,undecided,0,0,0,0,0,0,?,0
1RB1RC_1LA0RC_0RA1LD_0LC1LD,irules,190780,82,1,2,11,1,F,0
1RB1RC_1LA0RC_1LD0LA_0RB0LD,undecided,0,0,0,0,0,0,?,0
1RB1RC_1LA0RD_1RB1LC_0LB1RD,irules,196320,81,1,1,4,1,F,0
1RB1RC_1LA1LA_1LD0RC_0LD0RB,undecided,0,0,0,0,0,0,?,0
1RB1RC_1LA1LB_1LA0RD_0RC0LC,undecided,0,0,0,0,0,0,?,0
1RB1RC_1LA1LD_0RB0RC_1LB0LB,undecided,0,0,0,0,0,0,?,0
1RB1RC_1LA1LD_0RC0RB_0LD0LA,undecided,0,0,0,0,0,0,?,0
1RB1RC_1LA1LD_1LA0RC_0RA0LB,undecided,0,0,0,0,0,0,?,0
1RB1RC_1LA1LD_1LB0RC_0RA0LB,undecided,0,0,0,0,0,0,?,0
1RB1RC_1LA1RA_---1LD_0RA0LD,undecided,0,0,0,0,0,0,?,0
1RB1RC_1LA1RA_0RC1LD_1LB0LD,undecided,0,0,0,0,0,0,?,0
1RB1RC_1LA1RA_1LD0RC_0LD0LB,undecided,0,0,0,0,0,0,?,0
1RB1RC_1LB0RA_1LD0RC_0LD0LA,undecided,0,0,0,0,0,0,?,0
1RB1RC_1LB1LA_1LD0RC_0LD0RA,undecided,0,0,0,0,0,0,?,0
1RB1RC_1LB1LA_1LD0RC_0LD1RA,undecided,0,0,0,0,0,0,?,0
1RB1RC_1LB1LA_1RD0LC_0RD0LA,undecided,0,0,0,0,0,0,?,0
1RB1RC_1LB1RA_1LD0RC_0LB0LA,irules,196239,65,1,1,2,2,F,0
1RB1RC_1LC---_1LD1RA_0RA0LD,undecided,0,0,0,0,0,0,?,0
1RB1RC_1LC0LB_0RC1LD_1RA0LD,undecided,0,0,0,0,0,0,?,0
1RB1RC_1LC0LB_0RC1LD_1RA1LA,undecided,0,0,0,0,0,0,?,0
1RB1RC_1LC0LB_1RD0LB_0RD0LA,undecided,0,0,0,0,0,0,?,0
1RB1RC_1LC0LB_1RD1LA_0RD0LA,undecided,0,0,0,0,0,0,?,0
1RB1RC_1LC0LB_1RD1LB_1RA0RD,undecided,0,0,0,0,0,0,?,0
1RB1RC_1LC0LC_1RD0LB_0LA0RD,irules,88163,255,0,0,5,6,F,0
1RB1RC_1LC0LC_1RD0LB_0RD0LA,undecided,0,0,0,0,0,0,?,0
1RB1RC_1LC0LD_1RA0LD_0RC1LB,irules,197288,82,1,2,11,3,F,0
1RB1RC_1LC0RA_0LB0LD_1LA1LD,undecided,0,0,0,0,0,0,?,0
1RB1RC_1LC0RA_1LD0LB_0RB0LC,irules,190525,81,1,2,10,1,F,0
1RB1RC_1LC0RA_1RD0LB_0RA0LA,irules,199991,6249,1,1,1,0,F,0
1RB1RC_1LC0RB_1RA0LD_0RA0LC,undecided,0,0,0,0,0,0,?,0
1RB1RC_1LC0RB_1RA1LD_1RB0LD,undecided,0,0,0,0,0,0,?,0
1RB1RC_1LC0RC_0RA1LD_0LC1LD,irules,190698,82,1,2,11,1,F,0
1RB1RC_1LC0RC_1RA0LD_0LC1LD,undecided,0,0,0,0,0,0,?,0
1RB1RC_1LC0RC_1RA0LD_0RB0LB,undecided,0,0,0,0,0,0,?,0
1RB1RC_1LC0RD_0RA1LD_1RC0LD,undecided,0,0,0,0,0,0,?,0
1RB1RC_1LC0RD_0RC0LD_1RA0LA,undecided,0,0,0,0,0,0,?,0
1RB1RC_1LC0RD_1LA0LC_0RD0LA,undecided,0,0,0,0,0,0,?,0
1RB1RC_1LC0RD_1LD0LB_1RB1RA,undecided,0,0,0,0,0,0,?,0
1RB1RC_1LC1RA_---1LD_0RA0LD,undecided,0,0,0,0,0,0,?,0
1RB1RC_1LC1RA_1LD0RA_0RB0LB,undecided,0,0,0,0,0,0,?,0
1RB1RC_1LC1RA_1LD0RA_1RA0LB,undecided,0,0,0,0,0,0,?,0
1RB1RC_1RC0RB_0LD0RB_0LA1LD,undecided,0,0,0,0,0,0,?,0
1RB1RC_1RC0RB_0LD1RB_0LA1LD,undecided,0,0,0,0,0,0,?,0
1RB1RC_1RC1LB_0LB0RD_0LA1RD,irules,195522,104,1,2,3,1,F,0
1RB1RD_0LB1LC_0RA0LB_1LA0RD,undecided,0,0,0,0,0,0,?,0
1RB1RD_0LB1LC_0RA1LB_1LA0RD,undecided,0,0,0,0,0,0,?,0
1RB1RD_0LC0LA_1LC1LA_0RB0RD,undecided,0,0,0,0,0,0,?,0
1RB1RD_0LC0LB_1RC0RD_1LB1RA,irules,194000,33,1,1,3,8,F,0
1RB1RD_0LC0LD_1LA1RC_1LB0RD,undecided,0,0,0,0,0,0,?,0
1RB1RD_0LC0RA_1RA1LC_0LC1RB,undecided,0,0,0,0,0,0,?,0
1RB1RD_0LC0RB_1LA1LC_0LC1RD,undecided,0,0,0,0,0,0,?,0
1RB1RD_0LC0RD_1LC1LA_0LA0RB,undecided,0,0,0,0,0,0,?,0
1RB1RD_0LC1LB_1RD1LA_0RA0RD,undecided,0,0,0,0,0,0,?,0
1RB1RD_0LC1RB_1LA0RB_1RC1LD,irules,196487,81,1,1,4,1,F,0
1RB1RD_0LC1RB_1RA1LC_0LD0RB,irules,192078,65,1,1,2,1,F,0
1RB1RD_0LC1RB_1RA1LC_0RB0LA,irules,191681,65,1,1,2,1,F,0
1RB1RD_0LC1RB_1RA1LC_1RC0RB,irules,187414,82,1,2,2,1,F,0
1RB1RD_0RC0LC_1LA0RD_1LC0RB,undecided,0,0,0,0,0,0,?,0
1RB1RD_0RC0RA_1LC0LD_1RA0LD,undecided,0,0,0,0,0,0,?,0
1RB1RD_1LB1LC_0RA0LC_---1RA,undecided,0,0,0,0,0,0,?,0
1RB1RD_1LC0LA_0RA0LC_1RA---,undecided,0,0,0,0,0,0,?,0
1RB1RD_1LC0LA_0RB1LA_0RD0LC,undecided,0,0,0,0,0,0,?,0
1RB1RD_1LC0LA_0RD0LC_1LA0RB,undecided,0,0,0,0,0,0,?,0
1RB1RD_1LC0LA_0RD0LC_1RA---,undecided,0,0,0,0,0,0,?,0
1RB1RD_1LC0LA_0RD1LA_0RB0LC,undecided,0,0,0,0,0,0,?,0
1RB1RD_1LC0LA_1RB1LA_0RD0LC,undecided,0,0,0,0,0,0,?,0
1RB1RD_1LC0LB_0LA1RA_1LB0RD,irules,195249,15,1,1,1,3,F,0
1RB1RD_1LC0LB_1RA0LB_0RD0LA,undecided,0,0,0,0,0,0,?,0
1RB1RD_1LC0LB_1RA1LA_0RD0LA,undecided,0,0,0,0,0,0,?,0
1RB1RD_1LC0LC_1RA0LB_0RD0LA,undecided,0,0,0,0,0,0,?,0
1RB1RD_1LC0LD_0RA1LB_0LC1RC,undecided,0,0,0,0,0,0,?,0
1RB1RD_1LC0LD_1RD0LB_0RA1RC,undecided,0,0,0,0,0,0,?,0
1RB1RD_1LC0RA_1LA0LB_1RB0LC,irules,198968,119,1,1,8,1,F,0
1RB1RD_1LC0RA_1LA0LB_1RB0RC,irules,198951,117,1,1,9,1,F,0
1RB1RD_1LC0RA_1LA0LB_1RB1LC,undecided,0,0,0,0,0,0,?,0
1RB1RD_1LC0RA_1LA0LB_1RB1RC,undecided,0,0,0,0,0,0,?,0
1RB1RD_1LC0RA_1LD0LB_1RA0RB,irules,199989,4760,1,1,1,0,F,0
1RB1RD_1LC0RA_1LD0LB_1RB0LA,undecided,0,0,0,0,0,0,?,0
1RB1RD_1LC0RA_1LD0LB_1RB0LB,undecided,0,0,0,0,0,0,?,0
1RB1RD_1LC0RA_1LD0LB_1RB1LB,undecided,0,0,0,0,0,0,?,0
1RB1RD_1LC0RB_0LC0RA_1LA1LD,undecided,0,0,0,0,0,0,?,0
1RB1RD_1LC0RC_0RB1LD_1LA0LD,undecided,0,0,0,0,0,0,?,0
1RB1RD_1LC0RC_0RD1LD_1RA0LB,undecided,0,0,0,0,0,0,?,0
1RB1RD_1LC0RC_1LC1LA_0LB0RD,irules,194715,101,1,2,3,2,F,0
1RB1RD_1LC0RD_0LD1LC_0RA1LC,irules,190698,82,1,2,11,1,F,0
1RB1RD_1LC0RD_0RA0LC_1LD1RA,undecided,0,0,0,0,0,0,?,0
1RB1RD_1LC0RD_0RB1LA_0LC0LA,undecided,0,0,0,0,0,0,?,0
1RB1RD_1LC0RD_1LA1LD_1RA0LC,irules,198879,90,1,2,5,1,F,0
1RB1RD_1LC0RD_1RB1LA_0RD0LC,undecided,0,0,0,0,0,0,?,0
1RB1RD_1LC1LA_0LB0RA_1LB0RD,undecided,0,0,0,0,0,0,?,0
1RB1RD_1LC1LA_0LB0RB_1LB0RD,undecided,0,0,0,0,0,0,?,0
1RB1RD_1LC1LA_0RA0LC_---1RA,undecided,0,0,0,0,0,0,?,0
1RB1RD_1LC1LA_0RB0LC_0RD0LA,undecided,0,0,0,0,0,0,?,0
1RB1RD_1LC1LB_0LD0LB_0RD0RA,undecided,0,0,0,0,0,0,?,0
1RB1RD_1LC1LB_0LD0LB_1RD0RA,undecided,0,0,0,0,0,0,?,0
1RB1RD_1LC1LB_0RA0LB_1LD0RA,undecided,0,0,0,0,0,0,?,0
1RB1RD_1LC1LB_0RD0LB_---0RA,undecided,0,0,0,0,0,0,?,0
1RB1RD_1LC1LB_1LD0LB_0RD0RA,undecided,0,0,0,0,0,0,?,0
1RB1RD_1LC1LB_1LD0LB_1RD0RA,undecided,0,0,0,0,0,0,?,0
1RB1RD_1LC1LB_1RA0LB_0RA0RD,undecided,0,0,0,0,0,0,?,0
1RB1RD_1LC1LB_1RA0LB_0RC0RD,undecided,0,0,0,0,0,0,?,0
1RB1RD_1LC1LD_0RD0LC_1RA0RB,undecided,0,0,0,0,0,0,?,0
1RB1RD_1LC1LD_1RA0LD_1LB0RA,irules,199519,91,1,2,6,1,F,0
1RB1RD_1LC1RA_1RA1LC_1RA0RB,irules,199991,6060,1,1,1,0,F,0
1RB1RD_1LC1RB_0LC1LA_0RB0RD,undecided,0,0,0,0,0,0,?,0
1RB1RD_1LC1RB_1LC1LA_0LB0RD,irules,189811,102,1,2,3,1,F,0
1RB1RD_1LC1RB_1RA0LB_0RA0RD,undecided,0,0,0,0,0,0,?,0
1RB1RD_1LC1RC_1LA0LC_0RD0LA,undecided,0,0,0,0,0,0,?,0
1RB1RD_1RC0LB_1LD0RC_1RA1LB,undecided,0,0,0,0,0,0,?,0
1RB1RD_1RC0LC_1LC1LA_0LB0RD,undecided,0,0,0,0,0,0,?,0
1RB1RD_1RC0RA_1LA0LD_1RA1LC,undecided,0,0,0,0,0,0,?,0
1RB1RD_1RC0RD_0LD1LC_0RA1LC,irules,190780,82,1,2,11,1,F,0
1RB1RD_1RC1LA_0LB0RC_0LA1LD,undecided,0,0,0,0,0,0,?,0
0RB---_1LC0RD_1LD1LB_1RB0LC,irules,194320,382,2,2,6,1,T,1
0RB---_1LC0RD_1RD0LB_1RB1RC,irules,85866,253,2,3,5,1,T,1
0RB---_1LC1LD_1RD0LB_1LB0RC,irules,134647,316,2,4,4,1,T,1
0RB---_1RC0LD_1LD0RB_1LB1LC,irules,85866,253,2,3,5,1,T,1
0RB---_1RC0LD_1RD1RB_1LB0RC,irules,194320,382,2,2,6,1,T,1
0RB---_1RC1RD_1LD0RB_1RB0LC,irules,134627,318,2,2,6,1,T,1
0RB0LD_1LA1LC_0LD0LC_1RD1RB,undecided,0,0,0,0,0,0,?,0
0RB0LD_1LA1LC_1RD0LC_1RD1RB,irules,100165,383,2,1,3,2,T,3
0RB0LD_1LC0LD_1LA0LC_1RD1RC,irules,90899,255,2,1,1,2,T,2
0RB0LD_1LC1RB_0LD1LA_1RB1LD,irules,198918,768,2,0,3,1,T,3
0RB0LD_1LC1RB_0RA1LA_1RB1LD,irules,88928,512,2,0,3,1,T,3
0RB0LD_1LC1RB_0RB1LA_1RB1LD,irules,88927,512,2,0,3,1,T,3
0RB0LD_1LC1RB_0RC1LA_1RB1LD,irules,88929,512,2,0,3,1,T,3
0RB0LD_1LC1RB_0RD1LA_1RB1LD,irules,88924,512,2,0,3,1,T,3
0RB0LD_1LC1RB_1LA1LA_1RB1LD,irules,88924,512,2,0,3,1,T,3
0RB0LD_1LC1RB_1LD1LA_1RB1LD,irules,198914,768,2,0,3,1,T,3
0RB0LD_1LC1RB_1RA1LA_1RB1LD,irules,88925,512,2,0,3,1,T,3
0RB0LD_1LC1RB_1RB1LA_1RB1LD,irules,88922,512,2,0,3,1,T,3
0RB0LD_1LC1RB_1RC1LA_1RB1LD,irules,198920,768,2,0,3,1,T,3
0RB0LD_1LC1RB_1RD1LA_1RB1LD,irules,198916,768,2,0,3,1,T,3
0RB0LD_1RC0LD_1LA0LC_1RD1RC,irules,89366,255,2,1,1,2,T,2
0RB0RB_1LA1LC_0LD0LC_1RD1RB,undecided,0,0,0,0,0,0,?,0
0RB0RC_1RC1RB_1LD1RA_1LA1LC,undecided,0,0,0,0,0,0,?,0
0RB0RC_1RC1RB_1LD1RA_1RB1LC,undecided,0,0,0,0,0,0,?,0
0RB1LA_1LC0LD_1LA0LC_1RD1RC,irules,88905,256,2,0,2,1,T,2
0RB1LA_1RC0LD_1LA0LC_1RD1RC,irules,88394,255,2,1,1,1,T,2
0RB1LB_0RC0LC_1RD1LC_1LA1RD,irules,87901,511,2,1,3,1,T,1
0RB1LB_0RC0LD_1LA1RC_1RC1LD,irules,88929,512,2,0,3,1,T,4
0RB1LB_1LC0LC_1RD1LC_1LA1RD,irules,86879,510,2,2,3,1,T,1
0RB1LB_1RC0LC_1RD1LC_1LA1RD,irules,86892,510,2,2,3,1,T,1
0RB1LB_1RC0LD_1LA1RC_1RC1LD,irules,87884,511,2,1,3,1,T,1
0RB1LC_1LA1RB_0RB0LD_1RB1LD,irules,88927,512,2,0,3,1,T,3
0RB1LC_1LA1RB_0RD0LD_1RB1LD,irules,87902,511,2,1,3,1,T,3
0RB1LC_1LA1RB_1LD0LD_1RB1LD,irules,195852,766,2,2,3,1,T,3
0RB1LC_1LA1RB_1RB0LD_1RB1LD,irules,87886,511,2,1,3,1,T,3
0RB1LC_1LA1RB_1RD0LD_1RB1LD,irules,195868,766,2,2,3,1,T,3
0RB1LC_1LC1RA_0LD0LB_1LA1RD,undecided,0,0,0,0,0,0,?,0
0RB1LC_1LC1RA_1LD0LB_1RB0LA,undecided,0,0,0,0,0,0,?,0
0RB1LC_1LC1RA_1LD0LB_1RB1LC,undecided,0,0,0,0,0,0,?,0
0RB1LC_1LC1RA_1LD0LB_1RC0LA,undecided,0,0,0,0,0,0,?,0
0RB1LC_1LC1RA_1LD0LB_1RC1LC,undecided,0,0,0,0,0,0,?,0
0RB1LD_1RC1LB_1LA1RC_0RB0LB,irules,87900,511,2,1,3,1,T,1
0RB1LD_1RC1LB_1LA1RC_0RC0LB,irules,88925,512,2,0,3,1,T,1
0RB1LD_1RC1LB_1LA1RC_1LB0LB,irules,195850,766,2,2,3,1,T,1
0RB1LD_1RC1LB_1LA1RC_1RB0LB,irules,195866,766,2,2,3,1,T,1
0RB1LD_1RC1LB_1LA1RC_1RC0LB,irules,87884,511,2,1,3,1,T,1
0RB1RB_0LC0RC_1LD1RC_1RA1LD,irules,87901,511,2,1,3,1,T,1
0RB1RB_1LC0RC_1LD1RC_1RA1LD,irules,86892,510,2,2,3,1,T,1
0RB1RB_1LC0RD_1RA1LC_1LC1RD,irules,87884,511,2,1,3,1,T,1
0RB1RB_1RC0RC_1LD1RC_1RA1LD,irules,86369,509,2,3,2,1,T,1
0RB1RD_1LC1RB_1RA1LC_0LB0RB,irules,87900,511,2,1,3,1,T,1
0RB1RD_1LC1RB_1RA1LC_0LC0RB,irules,88925,512,2,0,3,1,T,1
0RB1RD_1LC1RB_1RA1LC_1LB0RB,irules,195866,766,2,2,3,1,T,1
0RB1RD_1LC1RB_1RA1LC_1LC0RB,irules,87884,511,2,1,3,1,T,1
0RB1RD_1LC1RB_1RA1LC_1RB0RB,irules,195850,766,2,2,3,1,T,1
1RB---_1LC0RD_1LD1LB_1RB0LC,irules,85865,253,2,3,5,1,T,1
1RB---_1LC0RD_1RD0LB_1RB1RC,irules,134626,318,2,2,6,1,T,1
1RB---_1LC1LD_1RD0LB_1LB0RC,irules,194357,379,2,5,3,1,T,1
1RB---_1RC0LD_1LD0RB_1LB1LC,irules,194360,379,2,5,3,1,T,1
1RB---_1RC0LD_1RD1RB_1LB0RC,irules,65571,221,2,3,5,1,T,1
1RB---_1RC1RD_1LD0RB_1RB0LC,irules,194319,382,2,2,6,1,T,1
1RB0LC_0LC0LB_1RC1RD_1LA1LB,undecided,0,0,0,0,0,0,?,0
1RB0LC_0LC1RC_0RD1RD_1LA0LD,irules,133601,255,2,1,2,3,T,2
1RB0LC_0LC1RC_1RC1RD_1LA0LD,irules,90405,255,2,1,2,2,T,2
1RB0LC_1LA1LD_1RC1RB_0LC0LD,irules,22734,243,3,0,3,2,T,1
1RB0LC_1LA1LD_1RC1RB_1RC0LD,irules,177257,511,2,1,3,2,T,1
1RB0LC_1LA1RC_0RD1RD_1LA0LD,irules,133599,255,2,1,2,3,T,2
1RB0LC_1LA1RC_1RC1RD_1LA0LD,irules,90403,255,2,1,2,2,T,2
1RB0LC_1LA1RD_1LA1LC_0RC0LD,irules,66567,256,0,0,4,3,T,2
1RB0LC_1LB1LC_1RA1RD_0RB0RD,irules,90254,486,3,0,4,2,T,1
1RB0LC_1RC1RD_1LA1LC_0RC0LD,irules,66561,256,0,0,4,3,T,2
1RB0LD_0RC0RB_1LC1LD_1RA1RB,undecided,0,0,0,0,0,0,?,0
1RB0LD_1LC0LB_0RA0LD_1RD1RB,irules,90897,255,2,1,1,2,T,1
1RB0LD_1LC0LB_0RA1LC_1RD1RB,irules,88905,256,2,0,2,1,T,1
1RB0RB_1LA1LC_0LD0LC_1RD1RB,irules,22976,243,3,0,4,2,T,1
1RB0RB_1LB1LC_1RA1RD_0RB0RD,irules,89770,486,3,0,3,2,T,1
1RB0RB_1LB1LC_1RA1RD_1LB0RD,irules,100162,383,2,1,3,2,T,1
1RB0RC_0RC0RB_1LC1LD_1RA1RB,undecided,0,0,0,0,0,0,?,0
1RB0RC_1LC0RB_1LC1LD_1RA1RB,irules,100162,383,2,1,3,2,T,1
1RB0RD_0LC0LB_1RC1RD_1LA1LB,undecided,0,0,0,0,0,0,?,0
1RB0RD_1RC0RB_0LA0RD_1LD1LB,irules,90898,255,2,1,1,2,T,1
1RB0RD_1RC0RB_0LA1RC_1LD1LB,irules,88904,256,2,0,2,1,T,1
1RB1LA_0LA1RC_0LA0RD_1LA1RD,irules,88926,512,2,0,3,1,T,2
1RB1LA_0LA1RC_0LD0RD_1LA1RD,irules,87901,511,2,1,3,1,T,2
1RB1LA_0LA1RC_1LA0RD_1LA1RD,irules,87885,511,2,1,3,1,T,2
1RB1LA_0LA1RC_1LD0RD_1LA1RD,irules,195867,766,2,2,3,1,T,2
1RB1LA_0LA1RC_1RD0RD_1LA1RD,irules,195851,766,2,2,3,1,T,2
1RB1LA_0LB1RC_0LA0RD_1LA1RD,irules,88928,512,2,0,3,1,T,2
1RB1LA_0LB1RC_0LD0RD_1LA1RD,irules,197385,767,2,1,3,1,T,2
1RB1LA_0LB1RC_1LA0RD_1LA1RD,irules,197367,767,2,1,3,1,T,2
1RB1LA_0LB1RC_1LD0RD_1LA1RD,irules,135920,638,2,2,3,1,T,2
1RB1LA_0LB1RC_1RD0RD_1LA1RD,irules,135904,638,2,2,3,1,T,2
1RB1LA_0LC1RC_0LA0RD_1LA1RD,irules,88927,512,2,0,3,1,T,2
1RB1LA_0LC1RC_0LD0RD_1LA1RD,irules,87902,511,2,1,3,1,T,2
1RB1LA_0LC1RC_0RD1RD_1LA0LD,irules,131577,256,2,0,3,2,T,2
1RB1LA_0LC1RC_1LA0RD_1LA1RD,irules,87886,511,2,1,3,1,T,2
1RB1LA_0LC1RC_1LD0RD_1LA1RD,irules,195868,766,2,2,3,1,T,2
1RB1LA_0LC1RC_1RC1RD_1LA0LD,irules,88397,256,2,0,3,1,T,2
1RB1LA_0LC1RC_1RD0RD_1LA1RD,irules,195852,766,2,2,3,1,T,2
1RB1LA_0LC1RD_1LA1RC_0LA0RC,irules,88923,512,2,0,3,1,T,2
1RB1LA_0LC1RD_1LA1RC_0LC0RC,irules,197383,767,2,1,3,1,T,2
1RB1LA_0LC1RD_1LA1RC_1LA0RC,irules,197367,767,2,1,3,1,T,2
1RB1LA_0LC1RD_1LA1RC_1LC0RC,irules,86894,510,2,2,3,1,T,2
1RB1LA_0LC1RD_1LA1RC_1RC0RC,irules,86880,510,2,2,3,1,T,2
1RB1LA_0RC1RC_0LD0RD_1LA1RD,irules,197383,767,2,1,3,1,T,2
1RB1LA_0RC1RC_1LA0RD_1LA1RD,irules,137162,639,2,1,3,1,T,2
1RB1LA_0RC1RC_1LD0RD_1LA1RD,irules,135916,638,2,2,3,1,T,2
1RB1LA_0RC1RC_1RD0RD_1LA1RD,irules,110023,574,2,2,3,1,T,2
1RB1LA_0RC1RD_1LA1RC_0LA0RC,irules,198917,768,2,0,3,1,T,2
1RB1LA_0RC1RD_1LA1RC_0LC0RC,irules,137178,639,2,1,3,1,T,2
1RB1LA_0RC1RD_1LA1RC_1LA0RC,irules,137162,639,2,1,3,1,T,2
1RB1LA_0RC1RD_1LA1RC_1LC0RC,irules,66475,446,2,2,3,1,T,2
1RB1LA_0RC1RD_1LA1RC_1RC0RC,irules,66461,446,2,2,3,1,T,2
1RB1LA_1LA1RC_0LA0RD_1LA1RD,irules,88921,512,2,0,3,1,T,2
1RB1LA_1LA1RC_0LD0RD_1LA1RD,irules,197381,767,2,1,3,1,T,2
1RB1LA_1LA1RC_0RD1RD_1LA0LD,irules,131575,256,2,0,3,2,T,2
1RB1LA_1LA1RC_1LA0RD_1LA1RD,irules,197365,767,2,1,3,1,T,2
1RB1LA_1LA1RC_1LD0RD_1LA1RD,irules,86892,510,2,2,3,1,T,2
1RB1LA_1LA1RC_1RC1RD_1LA0LD,irules,88395,256,2,0,3,1,T,2
1RB1LA_1LA1RC_1RD0RD_1LA1RD,irules,86878,510,2,2,3,1,T,2
1RB1LA_1LB1RC_0LA0RD_1LA1RD,irules,198919,768,2,0,3,1,T,2
1RB1LA_1LB1RC_0LD0RD_1LA1RD,irules,137180,639,2,1,3,1,T,2
1RB1LA_1LB1RC_1LA0RD_1LA1RD,irules,137164,639,2,1,3,1,T,2
1RB1LA_1LB1RC_1LD0RD_1LA1RD,irules,66477,446,2,2,3,1,T,2
1RB1LA_1LB1RC_1RD0RD_1LA1RD,irules,66463,446,2,2,3,1,T,2
1RB1LA_1LC1RC_0LA0RD_1LA1RD,irules,88924,512,2,0,3,1,T,2
1RB1LA_1LC1RC_0LD0RD_1LA1RD,irules,197384,767,2,1,3,1,T,2
1RB1LA_1LC1RC_1LA0RD_1LA1RD,irules,197368,767,2,1,3,1,T,2
1RB1LA_1LC1RC_1LD0RD_1LA1RD,irules,86385,509,2,3,2,1,T,2
1RB1LA_1LC1RC_1RD0RD_1LA1RD,irules,86371,509,2,3,2,1,T,2
1RB1LA_1LC1RD_1LA1RC_0LA0RC,irules,198915,768,2,0,3,1,T,2
1RB1LA_1LC1RD_1LA1RC_0LC0RC,irules,87898,511,2,1,3,1,T,2
1RB1LA_1LC1RD_1LA1RC_1LA0RC,irules,87884,511,2,1,3,1,T,2
1RB1LA_1LC1RD_1LA1RC_1LC0RC,irules,135918,638,2,2,3,1,T,2
1RB1LA_1LC1RD_1LA1RC_1RC0RC,irules,135904,638,2,2,3,1,T,2
1RB1LA_1RC1RC_0LA0RD_1LA1RD,irules,88923,512,2,0,3,1,T,2
1RB1LA_1RC1RC_0LD0RD_1LA1RD,irules,87898,511,2,1,3,1,T,2
1RB1LA_1RC1RC_1LA0RD_1LA1RD,irules,87882,511,2,1,3,1,T,2
1RB1LA_1RC1RC_1LD0RD_1LA1RD,irules,195864,766,2,2,3,1,T,2
1RB1LA_1RC1RC_1RD0RD_1LA1RD,irules,195848,766,2,2,3,1,T,2
1RB1LA_1RC1RD_1LA1RC_0LA0RC,irules,198913,768,2,0,3,1,T,2
1RB1LA_1RC1RD_1LA1RC_0LC0RC,irules,87896,511,2,1,3,1,T,2
1RB1LA_1RC1RD_1LA1RC_1LA0RC,irules,87882,511,2,1,3,1,T,2
1RB1LA_1RC1RD_1LA1RC_1LC0RC,irules,135916,638,2,2,3,1,T,2
1RB1LA_1RC1RD_1LA1RC_1RC0RC,irules,135902,638,2,2,3,1,T,2
1RB1LB_0RC0LC_1RD1LC_1LA1RD,irules,137177,639,2,1,3,1,T,1
1RB1LB_0RC0LD_1LA1RC_1RC1LD,irules,198918,768,2,0,3,1,T,4
1RB1LB_1LC0LC_1RD1LC_1LA1RD,irules,135903,638,2,2,3,1,T,1
1RB1LB_1RC0LC_1RD1LC_1LA1RD,irules,135914,638,2,2,3,1,T,1
1RB1LB_1RC0LD_1LA1RC_1RC1LD,irules,197364,767,2,1,3,1,T,1
1RB1LC_1LA1RB_0RB0LD_1RB1LD,irules,88924,512,2,0,3,1,T,1
1RB1LC_1LA1RB_0RD0LD_1RB1LD,irules,87899,511,2,1,3,1,T,1
1RB1LC_1LA1RB_1LD0LD_1RB1LD,irules,195849,766,2,2,3,1,T,1
1RB1LC_1LA1RB_1RB0LD_1RB1LD,irules,87883,511,2,1,3,1,T,1
1RB1LC_1LA1RB_1RD0LD_1RB1LD,irules,195865,766,2,2,3,1,T,1
1RB1LD_0RC0RA_1RD1LC_0LA1RB,undecided,0,0,0,0,0,0,?,0
1RB1LD_1RC0RA_1LA0RD_0LA1RB,undecided,0,0,0,0,0,0,?,0
1RB1LD_1RC0RA_1LA1LD_0LC0LB,undecided,0,0,0,0,0,0,?,0
1RB1LD_1RC0RA_1LA1RB_0LA1RB,undecided,0,0,0,0,0,0,?,0
1RB1LD_1RC0RA_1LB0RD_0LA1RB,undecided,0,0,0,0,0,0,?,0
1RB1LD_1RC0RA_1LB1RB_0LA1RB,undecided,0,0,0,0,0,0,?,0
1RB1LD_1RC0RB_1LA0RD_0LB1LB,irules,133596,255,2,1,2,3,T,1
1RB1LD_1RC0RB_1LA0RD_1LD1LB,irules,90402,255,2,1,2,2,T,1
1RB1LD_1RC0RB_1LA1RC_0LB1LB,irules,131574,256,2,0,3,2,T,1
1RB1LD_1RC0RB_1LA1RC_1LD1LB,irules,88394,256,2,0,3,1,T,1
1RB1LD_1RC1LB_1LA1RC_0RB0LB,irules,197380,767,2,1,3,1,T,1
1RB1LD_1RC1LB_1LA1RC_0RC0LB,irules,88920,512,2,0,3,1,T,1
1RB1LD_1RC1LB_1LA1RC_1LB0LB,irules,86877,510,2,2,3,1,T,1
1RB1LD_1RC1LB_1LA1RC_1RB0LB,irules,86891,510,2,2,3,1,T,1
1RB1LD_1RC1LB_1LA1RC_1RC0LB,irules,197364,767,2,1,3,1,T,1
1RB1RA_1LC1RD_1LD1LB_0RA0RB,undecided,0,0,0,0,0,0,?,0
1RB1RA_1LC1RD_1RA1LB_0RA0RB,undecided,0,0,0,0,0,0,?,0
1RB1RB_0LC0RC_1LD1RC_1RA1LD,irules,197383,767,2,1,3,1,T,1
1RB1RB_0LC0RD_1RA1LC_1LC1RD,irules,88926,512,2,0,3,1,T,1
1RB1RB_1LC0RC_1LD1RC_1RA1LD,irules,135918,638,2,2,3,1,T,1
1RB1RB_1LC0RD_1RA1LC_1LC1RD,irules,197365,767,2,1,3,1,T,1
1RB1RB_1RC0RC_1LD1RC_1RA1LD,irules,135902,638,2,2,3,1,T,1
1RB1RC_0LA0LA_0RD0RC_1LD1LA,undecided,0,0,0,0,0,0,?,0
1RB1RC_0LA0RD_0RD0RC_1LD1LA,undecided,0,0,0,0,0,0,?,0
1RB1RC_0LA0RD_1LD0RC_1LD1LA,irules,100164,383,2,1,3,2,T,2
1RB1RC_0RC0LA_0RD0RC_1LD1LA,undecided,0,0,0,0,0,0,?,0
1RB1RC_0RC0RD_0RD0RC_1LD1LA,undecided,0,0,0,0,0,0,?,0
1RB1RC_0RC0RD_1LD0RC_1LD1LA,irules,177256,511,2,1,3,2,T,2
1RB1RC_1LA0LA_0RD0RC_1LD1LA,undecided,0,0,0,0,0,0,?,0
1RB1RC_1LA0RD_0RD0RC_1LD1LA,undecided,0,0,0,0,0,0,?,0
1RB1RC_1LA0RD_1LD0RC_1LD1LA,irules,177258,511,2,1,3,2,T,2
1RB1RC_1RC0LA_0RD0RC_1LD1LA,undecided,0,0,0,0,0,0,?,0
1RB1RC_1RC0RD_0RD0RC_1LD1LA,undecided,0,0,0,0,0,0,?,0
1RB1RC_1RC0RD_1LD0RC_1LD1LA,irules,69805,319,2,1,3,2,T,2
1RB1RD_0LC0LA_1LC1LA_0RC0RD,irules,22978,243,3,0,4,2,T,2
1RB1RD_0LC0RC_1LC1LA_0RC0RD,irules,22736,243,3,0,3,2,T,2
1RB1RD_0LC0RC_1LC1LA_1LC0RD,irules,175727,511,2,1,3,2,T,2
1RB1RD_0RC0LA_1LC1LA_0RC0RD,undecided,0,0,0,0,0,0,?,0
1RB1RD_0RC0RC_1LC1LA_0RC0RD,undecided,0,0,0,0,0,0,?,0
1RB1RD_0RC0RC_1LC1LA_1LC0RD,irules,177256,511,2,1,3,2,T,2
1RB1RD_1LB0RC_1LC1LA_0RC0RD,undecided,0,0,0,0,0,0,?,0
1RB1RD_1LB0RC_1LC1LA_1LC0RD,irules,177260,511,2,1,3,2,T,2
1RB1RD_1LC0LA_1LC1LA_0RC0RD,irules,90254,486,3,0,4,2,T,2
1RB1RD_1LC0LB_1RA0LD_0RB1RB,irules,133599,255,2,1,2,3,T,1
1RB1RD_1LC0LB_1RA0LD_1RD1RB,irules,90403,255,2,1,2,2,T,1
1RB1RD_1LC0LB_1RA1LC_0RB1RB,irules,131575,256,2,0,3,2,T,1
1RB1RD_1LC0LB_1RA1LC_1RD1RB,irules,88395,256,2,0,3,1,T,1
1RB1RD_1LC0RC_1LC1LA_0RC0RD,irules,89770,486,3,0,3,2,T,2
1RB1RD_1LC0RC_1LC1LA_1LC0RD,irules,100162,383,2,1,3,2,T,2
1RB1RD_1LC1LB_1RA0LB_0RB0LD,irules,66567,256,0,0,4,3,T,1
1RB1RD_1LC1RB_1RA1LC_0LB0RB,irules,197381,767,2,1,3,1,T,1
1RB1RD_1LC1RB_1RA1LC_0LC0RB,irules,88921,512,2,0,3,1,T,1
1RB1RD_1LC1RB_1RA1LC_1LB0RB,irules,86892,510,2,2,3,1,T,1
1RB1RD_1LC1RB_1RA1LC_1LC0RB,irules,197365,767,2,1,3,1,T,1
1RB1RD_1LC1RB_1RA1LC_1RB0RB,irules,86878,510,2,2,3,1,T,1
1RB1RD_1RC0LA_1LC1LA_0RC0RD,undecided,0,0,0,0,0,0,?,0
1RB1RD_1RC0RC_1LC1LA_0RC0RD,undecided,0,0,0,0,0,0,?,0
1RB1RD_1RC0RC_1LC1LA_1LC0RD,irules,69805,319,2,1,3,2,T,2
