rep	list	mult	mode	verdict	prover	cert_type	qh	score	boardable	checker	n_provers_caught	all_catches
1RB---_0LB0LC_0LD0RC_1RC1LD	B	1	direct1	QH	ngram_quiet_all	wrapngram	T	1	Y	wrap(Wrap.v)	1	ngram_quiet_all=wrapngram/qhT
1RB---_0LB0LC_0LD1RC_1RC1LD	B	1	direct1	QH	ngram_quiet_all	wrapngram	T	1	Y	wrap(Wrap.v)	1	ngram_quiet_all=wrapngram/qhT
1RB---_0LB0LC_0RD0LC_1LC1RD	B	1	direct1	QH	ngram_quiet_all	wrapngram	T	1	Y	wrap(Wrap.v)	1	ngram_quiet_all=wrapngram/qhT
1RB---_0LB0LC_0RD1LC_1LC1RD	B	1	direct1	QH	ngram_quiet_all	wrapngram	T	1	Y	wrap(Wrap.v)	1	ngram_quiet_all=wrapngram/qhT
1RB---_0LB0LC_1LD0LD_1RD1LC	B	1	direct1	QH	ngram_quiet_all	wrapngram	T	1	Y	wrap(Wrap.v)	1	ngram_quiet_all=wrapngram/qhT
1RB---_0LB0LC_1LD0RD_1RC0LC	B	1	direct1	QH	ngram_quiet_all	wrapngram	T	1	Y	wrap(Wrap.v)	1	ngram_quiet_all=wrapngram/qhT
1RB---_0LB0LC_1LD1RC_0RC0LD	B	1	direct1	QH	ngram_quiet_all	wrapngram	T	1	Y	wrap(Wrap.v)	1	ngram_quiet_all=wrapngram/qhT
1RB---_0LB0LC_1LD1RC_0RC1LD	B	1	direct1	QH	ngram_quiet_all	wrapngram	T	1	Y	wrap(Wrap.v)	1	ngram_quiet_all=wrapngram/qhT
1RB---_0LB0LC_1RD0LD_1LC0RC	B	1	direct1	QH	ngram_quiet_all	wrapngram	T	1	Y	wrap(Wrap.v)	1	ngram_quiet_all=wrapngram/qhT
1RB---_0LB0LC_1RD0RD_1LD1RC	B	1	direct1	QH	ngram_quiet_all	wrapngram	T	1	Y	wrap(Wrap.v)	1	ngram_quiet_all=wrapngram/qhT
1RB---_0LB0LC_1RD1LC_0LC0RD	B	1	direct1	QH	ngram_quiet_all	wrapngram	T	1	Y	wrap(Wrap.v)	1	ngram_quiet_all=wrapngram/qhT
1RB---_0LB0LC_1RD1LC_0LC1RD	B	1	direct1	QH	ngram_quiet_all	wrapngram	T	1	Y	wrap(Wrap.v)	1	ngram_quiet_all=wrapngram/qhT
1RB---_0LB0LC_1RD1LC_1RB0RD	B	1	direct1	QH	ngram_quiet_all	wrapngram	T	1	Y	wrap(Wrap.v)	1	ngram_quiet_all=wrapngram/qhT
1RB---_0LB0LC_1RD1LC_1RB1LB	B	1	direct1	QH	ngram_quiet_all	wrapngram	T	1	Y	wrap(Wrap.v)	1	ngram_quiet_all=wrapngram/qhT
1RB---_0LB0LC_1RD1LC_1RB1RD	B	1	direct1	QH	ngram_quiet_all	wrapngram	T	1	Y	wrap(Wrap.v)	1	ngram_quiet_all=wrapngram/qhT
1RB---_0LB0RC_0LD0RC_1RC1LD	B	1	direct1	QH	ngram_quiet_all	wrapngram	T	1	Y	wrap(Wrap.v)	1	ngram_quiet_all=wrapngram/qhT
1RB---_0LB0RC_0LD1RB_1RC1LD	B	1	direct1	QH	ngram_quiet_all	wrapngram	T	1	Y	wrap(Wrap.v)	1	ngram_quiet_all=wrapngram/qhT
1RB---_0LB0RC_0LD1RC_1RC1LD	B	1	direct1	QH	ngram_quiet_all	wrapngram	T	1	Y	wrap(Wrap.v)	1	ngram_quiet_all=wrapngram/qhT
1RB---_0LB0RC_0RD0LC_1LC1RD	B	1	direct1	QH	ngram_quiet_all	wrapngram	T	1	Y	wrap(Wrap.v)	1	ngram_quiet_all=wrapngram/qhT
1RB---_0LB0RC_0RD1LC_1LC1RD	B	1	direct1	QH	ngram_quiet_all	wrapngram	T	1	Y	wrap(Wrap.v)	1	ngram_quiet_all=wrapngram/qhT
1RB---_0LB0RC_1LD0LD_1RD1LC	B	1	direct1	QH	ngram_quiet_all	wrapngram	T	1	Y	wrap(Wrap.v)	1	ngram_quiet_all=wrapngram/qhT
1RB---_0LB0RC_1LD0RD_1RC0LC	B	1	direct1	QH	ngram_quiet_all	wrapngram	T	1	Y	wrap(Wrap.v)	1	ngram_quiet_all=wrapngram/qhT
1RB---_0LB0RC_1LD1RC_0RC0LD	B	1	direct1	QH	ngram_quiet_all	wrapngram	T	1	Y	wrap(Wrap.v)	1	ngram_quiet_all=wrapngram/qhT
1RB---_0LB0RC_1LD1RC_0RC1LD	B	1	direct1	QH	ngram_quiet_all	wrapngram	T	1	Y	wrap(Wrap.v)	1	ngram_quiet_all=wrapngram/qhT
1RB---_0LB0RC_1RD0LD_1LC0RC	B	1	direct1	QH	ngram_quiet_all	wrapngram	T	1	Y	wrap(Wrap.v)	1	ngram_quiet_all=wrapngram/qhT
1RB---_0LB0RC_1RD0RD_1LD1RC	B	1	direct1	QH	ngram_quiet_all	wrapngram	T	1	Y	wrap(Wrap.v)	1	ngram_quiet_all=wrapngram/qhT
1RB---_0LB0RC_1RD1LC_0LC0RD	B	1	direct1	QH	ngram_quiet_all	wrapngram	T	1	Y	wrap(Wrap.v)	1	ngram_quiet_all=wrapngram/qhT
1RB---_0LB0RC_1RD1LC_0LC1RD	B	1	direct1	QH	ngram_quiet_all	wrapngram	T	1	Y	wrap(Wrap.v)	1	ngram_quiet_all=wrapngram/qhT
1RB---_0LB1LC_0LD0LC_1RD0LB	B	1	direct1	QH	ngram_quiet_all	wrapngram	T	1	Y	wrap(Wrap.v)	1	ngram_quiet_all=wrapngram/qhT
1RB---_0LB1LC_0LD0LC_1RD0RB	B	1	direct1	QH	ngram_quiet_all	wrapngram	T	1	Y	wrap(Wrap.v)	1	ngram_quiet_all=wrapngram/qhT
1RB---_0LB1LC_0LD0LC_1RD1LB	B	1	direct1	QH	ngram_quiet_all	wrapngram	T	1	Y	wrap(Wrap.v)	1	ngram_quiet_all=wrapngram/qhT
1RB---_0LB1LC_0LD0LC_1RD1LC	B	1	direct1	QH	ngram_quiet_all	wrapngram	T	1	Y	wrap(Wrap.v)	1	ngram_quiet_all=wrapngram/qhT
1RB---_0LB1LC_0LD0LC_1RD1RB	B	1	direct1	QH	ngram_quiet_all	wrapngram	T	1	Y	wrap(Wrap.v)	1	ngram_quiet_all=wrapngram/qhT
1RB---_0LB1LC_0LD0RB_1RC1LD	B	1	direct1	QH	ngram_quiet_all	wrapngram	T	1	Y	wrap(Wrap.v)	1	ngram_quiet_all=wrapngram/qhT
1RB---_0LB1LC_0LD0RC_1RC1LD	B	1	direct1	QH	ngram_quiet_all	wrapngram	T	1	Y	wrap(Wrap.v)	1	ngram_quiet_all=wrapngram/qhT
1RB---_0LB1LC_0LD1LC_1RD0RB	B	1	direct1	QH	ngram_quiet_all	wrapngram	T	1	Y	wrap(Wrap.v)	1	ngram_quiet_all=wrapngram/qhT
1RB---_0LB1LC_0LD1RC_1RC1LD	B	1	direct1	QH	ngram_quiet_all	wrapngram	T	1	Y	wrap(Wrap.v)	1	ngram_quiet_all=wrapngram/qhT
1RB---_0LB1LC_0RC1LD_1RC0LD	B	1	direct1	QH	ngram_quiet_all	wrapngram	T	1	Y	wrap(Wrap.v)	1	ngram_quiet_all=wrapngram/qhT
1RB---_0LB1LC_0RC1RD_1LB0RD	B	1	direct1	QH	ngram_quiet_all	wrapngram	T	1	Y	wrap(Wrap.v)	1	ngram_quiet_all=wrapngram/qhT
1RB---_0LB1LC_0RD0LC_1LC1RD	B	1	direct1	QH	ngram_quiet_all	wrapngram	T	1	Y	wrap(Wrap.v)	1	ngram_quiet_all=wrapngram/qhT
1RB---_0LB1LC_0RD0RC_1LD1RC	B	1	direct1	QH	ngram_quiet_all	wrapngram	T	1	Y	wrap(Wrap.v)	1	ngram_quiet_all=wrapngram/qhT
1RB---_0LB1LC_0RD1LC_1LB1RD	B	1	direct1	QH	ngram_quiet_all	wrapngram	T	1	Y	wrap(Wrap.v)	1	ngram_quiet_all=wrapngram/qhT
1RB---_0LB1LC_0RD1LC_1LC1RD	B	1	direct1	QH	ngram_quiet_all	wrapngram	T	1	Y	wrap(Wrap.v)	1	ngram_quiet_all=wrapngram/qhT
1RB---_0LB1LC_0RD1LC_1RB1RD	B	1	direct1	QH	ngram_quiet_all	wrapngram	T	1	Y	wrap(Wrap.v)	1	ngram_quiet_all=wrapngram/qhT
1RB---_0LB1LC_0RD1RC_1LB1RD	B	1	direct1	QH	ngram_quiet_all	wrapngram	T	1	Y	wrap(Wrap.v)	1	ngram_quiet_all=wrapngram/qhT
1RB---_0LB1LC_1LD0LD_1RD1LC	B	1	direct1	QH	ngram_quiet_all	wrapngram	T	1	Y	wrap(Wrap.v)	1	ngram_quiet_all=wrapngram/qhT
1RB---_0LB1LC_1LD0RB_1RC0LC	B	1	direct1	QH	ngram_quiet_all	wrapngram	T	1	Y	wrap(Wrap.v)	1	ngram_quiet_all=wrapngram/qhT
1RB---_0LB1LC_1LD1RC_0RC0LD	B	1	direct1	QH	ngram_quiet_all	wrapngram	T	1	Y	wrap(Wrap.v)	1	ngram_quiet_all=wrapngram/qhT
1RB---_0LB1LC_1LD1RC_0RC1LD	B	1	direct1	QH	ngram_quiet_all	wrapngram	T	1	Y	wrap(Wrap.v)	1	ngram_quiet_all=wrapngram/qhT
1RB---_0LB1LC_1RB0LD_1RC0LD	B	1	direct1	QH	ngram_quiet_all	wrapngram	T	1	Y	wrap(Wrap.v)	1	ngram_quiet_all=wrapngram/qhT
1RB---_0LB1LC_1RC1LD_0LC0LD	B	1	direct1	QH	ngram_quiet_all	wrapngram	T	1	Y	wrap(Wrap.v)	1	ngram_quiet_all=wrapngram/qhT
1RB---_0LB1LC_1RC1LD_1LC0LC	B	1	direct1	QH	ngram_quiet_all	wrapngram	T	1	Y	wrap(Wrap.v)	1	ngram_quiet_all=wrapngram/qhT
1RB---_0LB1LC_1RC1LD_1RC0LD	B	1	direct1	QH	ngram_quiet_all	wrapngram	T	1	Y	wrap(Wrap.v)	1	ngram_quiet_all=wrapngram/qhT
1RB---_0LB1LC_1RC1RD_1RB0RD	B	1	direct1	QH	ngram_quiet_all	wrapngram	T	1	Y	wrap(Wrap.v)	1	ngram_quiet_all=wrapngram/qhT
1RB---_0LB1LC_1RD0LB_0LB1RC	B	1	direct1	QH	ngram_quiet_all	wrapngram	T	1	Y	wrap(Wrap.v)	1	ngram_quiet_all=wrapngram/qhT
1RB---_0LB1LC_1RD0LB_0RB1RC	B	1	direct1	QH	ngram_quiet_all	wrapngram	T	1	Y	wrap(Wrap.v)	1	ngram_quiet_all=wrapngram/qhT
1RB---_0LB1LC_1RD0LB_1LD1RC	B	1	direct1	QH	ngram_quiet_all	wrapngram	T	1	Y	wrap(Wrap.v)	1	ngram_quiet_all=wrapngram/qhT
1RB---_0LB1LC_1RD0LC_0LB1RB	B	1	direct1	QH	ngram_quiet_all	wrapngram	T	1	Y	wrap(Wrap.v)	1	ngram_quiet_all=wrapngram/qhT
1RB---_0LB1LC_1RD0LC_0LB1RD	B	1	direct1	QH	ngram_quiet_all	wrapngram	T	1	Y	wrap(Wrap.v)	1	ngram_quiet_all=wrapngram/qhT
1RB---_0LB1LC_1RD0LC_0LD1RB	B	1	direct1	QH	ngram_quiet_all	wrapngram	T	1	Y	wrap(Wrap.v)	1	ngram_quiet_all=wrapngram/qhT
1RB---_0LB1LC_1RD0LC_0RB1LC	B	1	direct1	QH	ngram_quiet_all	wrapngram	T	1	Y	wrap(Wrap.v)	1	ngram_quiet_all=wrapngram/qhT
1RB---_0LB1LC_1RD0LC_0RB1RB	B	1	direct1	QH	ngram_quiet_all	wrapngram	T	1	Y	wrap(Wrap.v)	1	ngram_quiet_all=wrapngram/qhT
1RB---_0LB1LC_1RD0LC_0RB1RD	B	1	direct1	QH	ngram_quiet_all	wrapngram	T	1	Y	wrap(Wrap.v)	1	ngram_quiet_all=wrapngram/qhT
1RB---_0LB1LC_1RD0LC_0RD1LC	B	1	direct1	QH	ngram_quiet_all	wrapngram	T	1	Y	wrap(Wrap.v)	1	ngram_quiet_all=wrapngram/qhT
1RB---_0LB1LC_1RD0LC_0RD1RB	B	1	direct1	QH	ngram_quiet_all	wrapngram	T	1	Y	wrap(Wrap.v)	1	ngram_quiet_all=wrapngram/qhT
1RB---_0LB1LC_1RD0LC_1LB0RC	B	1	direct1	QH	ngram_quiet_all	wrapngram	T	1	Y	wrap(Wrap.v)	1	ngram_quiet_all=wrapngram/qhT
1RB---_0LB1LC_1RD0LC_1LB1RB	B	1	direct1	QH	ngram_quiet_all	wrapngram	T	1	Y	wrap(Wrap.v)	1	ngram_quiet_all=wrapngram/qhT
1RB---_0LB1LC_1RD0LC_1LB1RC	B	1	direct1	QH	ngram_quiet_all	wrapngram	T	1	Y	wrap(Wrap.v)	1	ngram_quiet_all=wrapngram/qhT
1RB---_0LB1LC_1RD0LC_1LB1RD	B	1	direct1	QH	ngram_quiet_all	wrapngram	T	1	Y	wrap(Wrap.v)	1	ngram_quiet_all=wrapngram/qhT
1RB---_0LB1LC_1RD0LC_1RB0LC	B	1	direct1	QH	ngram_quiet_all	wrapngram	T	1	Y	wrap(Wrap.v)	1	ngram_quiet_all=wrapngram/qhT
1RB---_0LB1LC_1RD0LC_1RB0RC	B	1	direct1	QH	ngram_quiet_all	wrapngram	T	1	Y	wrap(Wrap.v)	1	ngram_quiet_all=wrapngram/qhT
1RB---_0LB1LC_1RD0LC_1RB1LC	B	1	direct1	QH	ngram_quiet_all	wrapngram	T	1	Y	wrap(Wrap.v)	1	ngram_quiet_all=wrapngram/qhT
1RB---_0LB1LC_1RD0LC_1RB1RA	B	1	direct1	QH	ngram_quiet_all	wrapngram	T	6	Y	wrap(Wrap.v)	1	ngram_quiet_all=wrapngram/qhT
1RB---_0LB1LC_1RD0LC_1RB1RB	B	1	direct1	QH	ngram_quiet_all	wrapngram	T	1	Y	wrap(Wrap.v)	1	ngram_quiet_all=wrapngram/qhT
1RB---_0LB1LC_1RD0LC_1RB1RD	B	1	direct1	QH	ngram_quiet_all	wrapngram	T	1	Y	wrap(Wrap.v)	1	ngram_quiet_all=wrapngram/qhT
1RB---_0LB1LC_1RD0LC_1RD1LC	B	1	direct1	QH	ngram_quiet_all	wrapngram	T	1	Y	wrap(Wrap.v)	1	ngram_quiet_all=wrapngram/qhT
1RB---_0LB1LC_1RD0LC_1RD1RB	B	1	direct1	QH	ngram_quiet_all	wrapngram	T	1	Y	wrap(Wrap.v)	1	ngram_quiet_all=wrapngram/qhT
1RB---_0LB1LC_1RD0LD_1LC0RC	B	1	direct1	QH	ngram_quiet_all	wrapngram	T	1	Y	wrap(Wrap.v)	1	ngram_quiet_all=wrapngram/qhT
1RB---_0LB1LC_1RD0RC_1LB1RD	B	1	direct1	QH	ngram_quiet_all	wrapngram	T	1	Y	wrap(Wrap.v)	1	ngram_quiet_all=wrapngram/qhT
1RB---_0LB1LC_1RD0RD_1LB0RC	B	1	direct1	QH	ngram_quiet_all	wrapngram	T	1	Y	wrap(Wrap.v)	1	ngram_quiet_all=wrapngram/qhT
1RB---_0LB1LC_1RD1LB_0LC0RD	B	1	direct1	QH	ngram_quiet_all	wrapngram	T	1	Y	wrap(Wrap.v)	1	ngram_quiet_all=wrapngram/qhT
1RB---_0LB1LC_1RD1LB_1LC1RD	B	1	direct1	QH	ngram_quiet_all	wrapngram	T	1	Y	wrap(Wrap.v)	1	ngram_quiet_all=wrapngram/qhT
1RB---_0LB1LC_1RD1LB_1RB1RD	B	1	direct1	QH	ngram_quiet_all	wrapngram	T	1	Y	wrap(Wrap.v)	1	ngram_quiet_all=wrapngram/qhT
1RB---_0LB1LC_1RD1LC_0LB1RD	B	1	direct1	QH	ngram_quiet_all	wrapngram	T	1	Y	wrap(Wrap.v)	1	ngram_quiet_all=wrapngram/qhT
1RB---_0LB1LC_1RD1LC_0LC0RD	B	1	direct1	QH	ngram_quiet_all	wrapngram	T	1	Y	wrap(Wrap.v)	1	ngram_quiet_all=wrapngram/qhT
1RB---_0LB1LC_1RD1LC_0LC1RD	B	1	direct1	QH	ngram_quiet_all	wrapngram	T	1	Y	wrap(Wrap.v)	1	ngram_quiet_all=wrapngram/qhT
1RB---_0LB1RC_0LC1LD_1RB0LD	B	1	direct1	QH	ngram_quiet_all	wrapngram	T	1	Y	wrap(Wrap.v)	1	ngram_quiet_all=wrapngram/qhT
1RB---_0LB1RC_0LC1RD_1LC0RD	B	1	direct1	QH	ngram_quiet_all	wrapngram	T	1	Y	wrap(Wrap.v)	1	ngram_quiet_all=wrapngram/qhT
1RB---_0LB1RC_0LD0LC_1RD1LC	B	1	direct1	QH	ngram_quiet_all	wrapngram	T	1	Y	wrap(Wrap.v)	1	ngram_quiet_all=wrapngram/qhT
1RB---_0LB1RC_0LD0RC_1RB1LD	B	1	direct1	QH	ngram_quiet_all	wrapngram	T	1	Y	wrap(Wrap.v)	1	ngram_quiet_all=wrapngram/qhT
1RB---_0LB1RC_0LD0RC_1RC1LD	B	1	direct1	QH	ngram_quiet_all	wrapngram	T	1	Y	wrap(Wrap.v)	1	ngram_quiet_all=wrapngram/qhT
1RB---_0LB1RC_0LD0RD_1LB1RD	B	1	direct1	QH	ngram_quiet_all	wrapngram	T	1	Y	wrap(Wrap.v)	1	ngram_quiet_all=wrapngram/qhT
1RB---_0LB1RC_0LD0RD_1RB1LD	B	1	direct1	QH	ngram_quiet_all	wrapngram	T	1	Y	wrap(Wrap.v)	1	ngram_quiet_all=wrapngram/qhT
1RB---_0LB1RC_0LD1RB_1RB1LD	B	1	direct1	QH	ngram_quiet_all	wrapngram	T	1	Y	wrap(Wrap.v)	1	ngram_quiet_all=wrapngram/qhT
1RB---_0LB1RC_0LD1RB_1RC1LD	B	1	direct1	QH	ngram_quiet_all	wrapngram	T	1	Y	wrap(Wrap.v)	1	ngram_quiet_all=wrapngram/qhT
1RB---_0LB1RC_0LD1RC_1RB1LD	B	1	direct1	QH	ngram_quiet_all	wrapngram	T	1	Y	wrap(Wrap.v)	1	ngram_quiet_all=wrapngram/qhT
1RB---_0LB1RC_0LD1RC_1RC1LD	B	1	direct1	QH	ngram_quiet_all	wrapngram	T	1	Y	wrap(Wrap.v)	1	ngram_quiet_all=wrapngram/qhT
1RB---_0LB1RC_0RD---_1LB0RC	C	1	direct1	QH	quietfar	wrapfar	T	1	N	wrapfar(QH,no-checker)	1	quietfar=wrapfar/qhT
1RB---_0LB1RC_0RD---_1LB0RD	B	1	direct1	QH	ngram_quiet_all	wrapngram	T	1	Y	wrap(Wrap.v)	1	ngram_quiet_all=wrapngram/qhT
1RB---_0LB1RC_0RD0LB_1LC1RD	B	1	direct1	QH	ngram_quiet_all	wrapngram	T	1	Y	wrap(Wrap.v)	1	ngram_quiet_all=wrapngram/qhT
1RB---_0LB1RC_0RD0LC_1LC1RD	B	1	direct1	QH	ngram_quiet_all	wrapngram	T	1	Y	wrap(Wrap.v)	1	ngram_quiet_all=wrapngram/qhT
1RB---_0LB1RC_0RD0RC_1LB1LD	B	1	direct1	QH	ngram_quiet_all	wrapngram	T	1	Y	wrap(Wrap.v)	1	ngram_quiet_all=wrapngram/qhT
1RB---_0LB1RC_0RD0RC_1LD0RB	B	1	direct1	QH	ngram_quiet_all	wrapngram	T	1	Y	wrap(Wrap.v)	1	ngram_quiet_all=wrapngram/qhT
1RB---_0LB1RC_0RD0RC_1LD1RB	B	1	direct1	QH	ngram_quiet_all	wrapngram	T	1	Y	wrap(Wrap.v)	1	ngram_quiet_all=wrapngram/qhT
1RB---_0LB1RC_0RD0RC_1LD1RC	B	1	direct1	QH	ngram_quiet_all	wrapngram	T	1	Y	wrap(Wrap.v)	1	ngram_quiet_all=wrapngram/qhT
1RB---_0LB1RC_0RD0RD_1LB1RD	B	1	direct1	QH	ngram_quiet_all	wrapngram	T	1	Y	wrap(Wrap.v)	1	ngram_quiet_all=wrapngram/qhT
1RB---_0LB1RC_0RD1LC_1LB1RD	B	1	direct1	QH	ngram_quiet_all	wrapngram	T	1	Y	wrap(Wrap.v)	1	ngram_quiet_all=wrapngram/qhT
1RB---_0LB1RC_0RD1LC_1LC1RD	B	1	direct1	QH	ngram_quiet_all	wrapngram	T	1	Y	wrap(Wrap.v)	1	ngram_quiet_all=wrapngram/qhT
1RB---_0LB1RC_1LB0RD_0RC---	C	1	direct1	QH	quietfar	wrapfar	T	1	N	wrapfar(QH,no-checker)	1	quietfar=wrapfar/qhT
1RB---_0LB1RC_1LB0RD_1LB0RC	B	1	direct1	QH	ngram_quiet_all	wrapngram	T	1	Y	wrap(Wrap.v)	1	ngram_quiet_all=wrapngram/qhT
1RB---_0LB1RC_1LB0RD_1LB0RD	B	1	direct1	QH	ngram_quiet_all	wrapngram	T	1	Y	wrap(Wrap.v)	1	ngram_quiet_all=wrapngram/qhT
1RB---_0LB1RC_1LB0RD_1LB1RD	B	1	direct1	QH	ngram_quiet_all	wrapngram	T	1	Y	wrap(Wrap.v)	1	ngram_quiet_all=wrapngram/qhT
1RB---_0LB1RC_1LB0RD_1LC0RC	B	1	direct1	QH	ngram_quiet_all	wrapngram	T	1	Y	wrap(Wrap.v)	1	ngram_quiet_all=wrapngram/qhT
1RB---_0LB1RC_1LB0RD_1LC0RD	B	1	direct1	QH	ngram_quiet_all	wrapngram	T	1	Y	wrap(Wrap.v)	1	ngram_quiet_all=wrapngram/qhT
1RB---_0LB1RC_1LB1RD_0RC0RD	B	1	direct1	QH	ngram_quiet_all	wrapngram	T	1	Y	wrap(Wrap.v)	1	ngram_quiet_all=wrapngram/qhT
1RB---_0LB1RC_1LC0RD_1LB1RD	B	1	direct1	QH	ngram_quiet_all	wrapngram	T	1	Y	wrap(Wrap.v)	1	ngram_quiet_all=wrapngram/qhT
1RB---_0LB1RC_1LC1LD_1RB0LD	B	1	direct1	QH	ngram_quiet_all	wrapngram	T	1	Y	wrap(Wrap.v)	1	ngram_quiet_all=wrapngram/qhT
1RB---_0LB1RC_1LC1RD_0RC0RD	B	1	direct1	QH	ngram_quiet_all	wrapngram	T	1	Y	wrap(Wrap.v)	1	ngram_quiet_all=wrapngram/qhT
1RB---_0LB1RC_1LC1RD_1LB0RD	B	1	direct1	QH	ngram_quiet_all	wrapngram	T	1	Y	wrap(Wrap.v)	1	ngram_quiet_all=wrapngram/qhT
1RB---_0LB1RC_1LC1RD_1LC0RD	B	1	direct1	QH	ngram_quiet_all	wrapngram	T	1	Y	wrap(Wrap.v)	1	ngram_quiet_all=wrapngram/qhT
1RB---_0LB1RC_1LC1RD_1RC0RC	B	1	direct1	QH	ngram_quiet_all	wrapngram	T	1	Y	wrap(Wrap.v)	1	ngram_quiet_all=wrapngram/qhT
1RB---_0LB1RC_1LD0LC_1RB1LD	B	1	direct1	QH	ngram_quiet_all	wrapngram	T	1	Y	wrap(Wrap.v)	1	ngram_quiet_all=wrapngram/qhT
1RB---_0LB1RC_1LD0RC_0LB1RC	B	1	direct1	QH	ngram_quiet_all	wrapngram	T	1	Y	wrap(Wrap.v)	1	ngram_quiet_all=wrapngram/qhT
1RB---_0LB1RC_1LD0RC_0LD1RC	B	1	direct1	QH	ngram_quiet_all	wrapngram	T	1	Y	wrap(Wrap.v)	1	ngram_quiet_all=wrapngram/qhT
1RB---_0LB1RC_1LD0RC_0RB1LD	B	1	direct1	QH	ngram_quiet_all	wrapngram	T	1	Y	wrap(Wrap.v)	1	ngram_quiet_all=wrapngram/qhT
1RB---_0LB1RC_1LD0RC_1LB1RC	B	1	direct1	QH	ngram_quiet_all	wrapngram	T	1	Y	wrap(Wrap.v)	1	ngram_quiet_all=wrapngram/qhT
1RB---_0LB1RC_1LD0RC_1LB1RD	B	1	direct1	QH	ngram_quiet_all	wrapngram	T	1	Y	wrap(Wrap.v)	1	ngram_quiet_all=wrapngram/qhT
1RB---_0LB1RC_1LD0RC_1LD1RC	B	1	direct1	QH	ngram_quiet_all	wrapngram	T	1	Y	wrap(Wrap.v)	1	ngram_quiet_all=wrapngram/qhT
1RB---_0LB1RC_1LD0RC_1RB0LC	B	1	direct1	QH	ngram_quiet_all	wrapngram	T	1	Y	wrap(Wrap.v)	1	ngram_quiet_all=wrapngram/qhT
1RB---_0LB1RC_1LD0RC_1RB1LC	B	1	direct1	QH	ngram_quiet_all	wrapngram	T	1	Y	wrap(Wrap.v)	1	ngram_quiet_all=wrapngram/qhT
1RB---_0LB1RC_1LD0RC_1RB1LD	B	1	direct1	QH	ngram_quiet_all	wrapngram	T	1	Y	wrap(Wrap.v)	1	ngram_quiet_all=wrapngram/qhT
1RB---_0LB1RC_1LD0RD_1LB1RD	B	1	direct1	QH	ngram_quiet_all	wrapngram	T	1	Y	wrap(Wrap.v)	1	ngram_quiet_all=wrapngram/qhT
1RB---_0LB1RC_1LD0RD_1RC0LC	B	1	direct1	QH	ngram_quiet_all	wrapngram	T	1	Y	wrap(Wrap.v)	1	ngram_quiet_all=wrapngram/qhT
1RB---_0LB1RC_1LD1RA_0RA0LD	C	2	direct1/reroot	undecided	-	-	-	-	N	-	0	
1RB---_0LB1RC_1LD1RB_0RB1LD	B	1	direct1	QH	ngram_quiet_all	wrapngram	T	1	Y	wrap(Wrap.v)	1	ngram_quiet_all=wrapngram/qhT
1RB---_0LB1RC_1LD1RB_0RC0LD	B	1	direct1	QH	ngram_quiet_all	wrapngram	T	1	Y	wrap(Wrap.v)	1	ngram_quiet_all=wrapngram/qhT
1RB---_0LB1RC_1LD1RC_0RB1LD	B	1	direct1	QH	ngram_quiet_all	wrapngram	T	1	Y	wrap(Wrap.v)	1	ngram_quiet_all=wrapngram/qhT
1RB---_0LB1RC_1LD1RC_0RC0LD	B	1	direct1	QH	ngram_quiet_all	wrapngram	T	1	Y	wrap(Wrap.v)	1	ngram_quiet_all=wrapngram/qhT
1RB---_0LB1RC_1LD1RC_0RC1LD	B	1	direct1	QH	ngram_quiet_all	wrapngram	T	1	Y	wrap(Wrap.v)	1	ngram_quiet_all=wrapngram/qhT
1RB---_0LB1RC_1RD0RC_1LD1LB	B	1	direct1	QH	ngram_quiet_all	wrapngram	T	1	Y	wrap(Wrap.v)	1	ngram_quiet_all=wrapngram/qhT
1RB---_0LB1RC_1RD0RD_1LB0LB	B	1	direct1	QH	ngram_quiet_all	wrapngram	T	1	Y	wrap(Wrap.v)	1	ngram_quiet_all=wrapngram/qhT
1RB---_0LB1RC_1RD0RD_1LB0RC	B	1	direct1	QH	ngram_quiet_all	wrapngram	T	1	Y	wrap(Wrap.v)	1	ngram_quiet_all=wrapngram/qhT
1RB---_0LB1RC_1RD0RD_1LB1RC	B	1	direct1	QH	ngram_quiet_all	wrapngram	T	1	Y	wrap(Wrap.v)	1	ngram_quiet_all=wrapngram/qhT
1RB---_0LB1RC_1RD0RD_1LB1RD	B	1	direct1	QH	ngram_quiet_all	wrapngram	T	1	Y	wrap(Wrap.v)	1	ngram_quiet_all=wrapngram/qhT
1RB---_0LB1RC_1RD0RD_1LD1RC	B	1	direct1	QH	ngram_quiet_all	wrapngram	T	1	Y	wrap(Wrap.v)	1	ngram_quiet_all=wrapngram/qhT
1RB---_0LB1RC_1RD1LC_0LC0RD	B	1	direct1	QH	ngram_quiet_all	wrapngram	T	1	Y	wrap(Wrap.v)	1	ngram_quiet_all=wrapngram/qhT
1RB---_0LB1RC_1RD1LC_0LC1RD	B	1	direct1	QH	ngram_quiet_all	wrapngram	T	1	Y	wrap(Wrap.v)	1	ngram_quiet_all=wrapngram/qhT
1RB---_0LB1RC_1RD1LD_1LB0RD	B	1	direct1	QH	ngram_quiet_all	wrapngram	T	1	Y	wrap(Wrap.v)	1	ngram_quiet_all=wrapngram/qhT
1RB---_0LC---_0LC1RD_1LC0RD	B	1	direct1	QH	ngram_quiet_all	wrapngram	T	1	Y	wrap(Wrap.v)	1	ngram_quiet_all=wrapngram/qhT
1RB---_0LC---_0LD0RC_1RC1LD	B	1	direct1	QH	ngram_quiet_all	wrapngram	T	1	Y	wrap(Wrap.v)	1	ngram_quiet_all=wrapngram/qhT
1RB---_0LC---_0LD1RC_1RC1LD	B	1	direct1	QH	ngram_quiet_all	wrapngram	T	1	Y	wrap(Wrap.v)	1	ngram_quiet_all=wrapngram/qhT
1RB---_0LC---_0RC1LD_1RC0LD	B	1	direct1	QH	ngram_quiet_all	wrapngram	T	1	Y	wrap(Wrap.v)	1	ngram_quiet_all=wrapngram/qhT
1RB---_0LC---_0RD0LC_1LC1RD	B	1	direct1	QH	ngram_quiet_all	wrapngram	T	1	Y	wrap(Wrap.v)	1	ngram_quiet_all=wrapngram/qhT
1RB---_0LC---_0RD1LC_1LC1RD	B	1	direct1	QH	ngram_quiet_all	wrapngram	T	1	Y	wrap(Wrap.v)	1	ngram_quiet_all=wrapngram/qhT
1RB---_0LC---_0RD1LC_1RB1RD	B	1	direct1	QH	ngram_quiet_all	wrapngram	T	1	Y	wrap(Wrap.v)	1	ngram_quiet_all=wrapngram/qhT
1RB---_0LC---_0RD1RC_1LB0RC	B	1	direct1	QH	ngram_quiet_all	wrapngram	T	1	Y	wrap(Wrap.v)	1	ngram_quiet_all=wrapngram/qhT
1RB---_0LC---_1LC1RD_0RB0RD	B	1	direct1	QH	ngram_quiet_all	wrapngram	T	1	Y	wrap(Wrap.v)	1	ngram_quiet_all=wrapngram/qhT
1RB---_0LC---_1LC1RD_0RC0RD	B	1	direct1	QH	ngram_quiet_all	wrapngram	T	1	Y	wrap(Wrap.v)	1	ngram_quiet_all=wrapngram/qhT
1RB---_0LC---_1LC1RD_1LC0RD	B	1	direct1	QH	ngram_quiet_all	wrapngram	T	1	Y	wrap(Wrap.v)	1	ngram_quiet_all=wrapngram/qhT
1RB---_0LC---_1LC1RD_1RC0RC	B	1	direct1	QH	ngram_quiet_all	wrapngram	T	1	Y	wrap(Wrap.v)	1	ngram_quiet_all=wrapngram/qhT
1RB---_0LC---_1LD0RD_1RC0LC	B	1	direct1	QH	ngram_quiet_all	wrapngram	T	1	Y	wrap(Wrap.v)	1	ngram_quiet_all=wrapngram/qhT
1RB---_0LC---_1LD1RC_0RC0LD	B	1	direct1	QH	ngram_quiet_all	wrapngram	T	1	Y	wrap(Wrap.v)	1	ngram_quiet_all=wrapngram/qhT
1RB---_0LC---_1LD1RC_0RC1LD	B	1	direct1	QH	ngram_quiet_all	wrapngram	T	1	Y	wrap(Wrap.v)	1	ngram_quiet_all=wrapngram/qhT
1RB---_0LC---_1RC0RD_1LB0LC	B	1	direct1	QH	ngram_quiet_all	wrapngram	T	1	Y	wrap(Wrap.v)	1	ngram_quiet_all=wrapngram/qhT
1RB---_0LC---_1RC0RD_1LB0RC	B	1	direct1	QH	ngram_quiet_all	wrapngram	T	1	Y	wrap(Wrap.v)	1	ngram_quiet_all=wrapngram/qhT
1RB---_0LC---_1RC0RD_1LB0RD	B	1	direct1	QH	ngram_quiet_all	wrapngram	T	1	Y	wrap(Wrap.v)	1	ngram_quiet_all=wrapngram/qhT
1RB---_0LC---_1RC1LD_0LB0LD	B	1	direct1	QH	ngram_quiet_all	wrapngram	T	1	Y	wrap(Wrap.v)	1	ngram_quiet_all=wrapngram/qhT
1RB---_0LC---_1RC1LD_0LC0LD	B	1	direct1	QH	ngram_quiet_all	wrapngram	T	1	Y	wrap(Wrap.v)	1	ngram_quiet_all=wrapngram/qhT
1RB---_0LC---_1RC1LD_1LC0LC	B	1	direct1	QH	ngram_quiet_all	wrapngram	T	1	Y	wrap(Wrap.v)	1	ngram_quiet_all=wrapngram/qhT
1RB---_0LC---_1RC1LD_1RC0LD	B	1	direct1	QH	ngram_quiet_all	wrapngram	T	1	Y	wrap(Wrap.v)	1	ngram_quiet_all=wrapngram/qhT
1RB---_0LC---_1RD0LD_1LC0RC	B	1	direct1	QH	ngram_quiet_all	wrapngram	T	1	Y	wrap(Wrap.v)	1	ngram_quiet_all=wrapngram/qhT
1RB---_0LC---_1RD1LC_0LC0RD	B	1	direct1	QH	ngram_quiet_all	wrapngram	T	1	Y	wrap(Wrap.v)	1	ngram_quiet_all=wrapngram/qhT
1RB---_0LC---_1RD1LC_0LC1RD	B	1	direct1	QH	ngram_quiet_all	wrapngram	T	1	Y	wrap(Wrap.v)	1	ngram_quiet_all=wrapngram/qhT
1RB---_0LC0LA_1LB1RD_1LC0RD	C	1	direct1	undecided	-	-	-	-	N	-	0	
1RB---_0LC0LB_0LD1LB_1RC1RD	B	1	direct1	QH	ngram_quiet_all	wrapngram	T	1	Y	wrap(Wrap.v)	1	ngram_quiet_all=wrapngram/qhT
1RB---_0LC0LB_0LD1LB_1RD0LC	B	1	direct1	QH	ngram_quiet_all	wrapngram	T	1	Y	wrap(Wrap.v)	1	ngram_quiet_all=wrapngram/qhT
1RB---_0LC0LB_0LD1LB_1RD1LB	B	1	direct1	QH	ngram_quiet_all	wrapngram	T	1	Y	wrap(Wrap.v)	1	ngram_quiet_all=wrapngram/qhT
1RB---_0LC0LB_0LD1LB_1RD1LC	B	1	direct1	QH	ngram_quiet_all	wrapngram	T	1	Y	wrap(Wrap.v)	1	ngram_quiet_all=wrapngram/qhT
1RB---_0LC0LB_0LD1LB_1RD1RB	B	1	direct1	QH	ngram_quiet_all	wrapngram	T	1	Y	wrap(Wrap.v)	1	ngram_quiet_all=wrapngram/qhT
1RB---_0LC0LB_0LD1LC_1RD1LB	B	1	direct1	QH	ngram_quiet_all	wrapngram	T	1	Y	wrap(Wrap.v)	1	ngram_quiet_all=wrapngram/qhT
1RB---_0LC0LB_0LD1LD_1RD1LB	B	1	direct1	QH	ngram_quiet_all	wrapngram	T	1	Y	wrap(Wrap.v)	1	ngram_quiet_all=wrapngram/qhT
1RB---_0LC0LB_0LD1RC_1RD1LB	B	1	direct1	QH	ngram_quiet_all	wrapngram	T	1	Y	wrap(Wrap.v)	1	ngram_quiet_all=wrapngram/qhT
1RB---_0LC0LB_0RD1LB_1LC1RD	B	1	direct1	QH	ngram_quiet_all	wrapngram	T	1	Y	wrap(Wrap.v)	1	ngram_quiet_all=wrapngram/qhT
1RB---_0LC0LB_0RD1LB_1RC1LB	B	1	direct1	QH	ngram_quiet_all	wrapngram	T	1	Y	wrap(Wrap.v)	1	ngram_quiet_all=wrapngram/qhT
1RB---_0LC0LB_0RD1LB_1RC1LD	B	1	direct1	QH	ngram_quiet_all	wrapngram	T	1	Y	wrap(Wrap.v)	1	ngram_quiet_all=wrapngram/qhT
1RB---_0LC0LB_0RD1LB_1RC1RB	B	1	direct1	QH	ngram_quiet_all	wrapngram	T	1	Y	wrap(Wrap.v)	1	ngram_quiet_all=wrapngram/qhT
1RB---_0LC0LB_0RD1LB_1RD1LB	B	1	direct1	QH	ngram_quiet_all	wrapngram	T	1	Y	wrap(Wrap.v)	1	ngram_quiet_all=wrapngram/qhT
1RB---_0LC0LB_0RD1LB_1RD1RB	B	1	direct1	QH	ngram_quiet_all	wrapngram	T	1	Y	wrap(Wrap.v)	1	ngram_quiet_all=wrapngram/qhT
1RB---_0LC0LB_0RD1LC_1RD1LB	B	1	direct1	QH	ngram_quiet_all	wrapngram	T	1	Y	wrap(Wrap.v)	1	ngram_quiet_all=wrapngram/qhT
1RB---_0LC0LB_0RD1LD_1RD1LB	B	1	direct1	QH	ngram_quiet_all	wrapngram	T	1	Y	wrap(Wrap.v)	1	ngram_quiet_all=wrapngram/qhT
1RB---_0LC0LB_0RD1RC_1LB1RD	B	1	direct1	QH	ngram_quiet_all	wrapngram	T	1	Y	wrap(Wrap.v)	1	ngram_quiet_all=wrapngram/qhT
1RB---_0LC0LB_1LD0RB_1RC1LC	B	1	direct1	QH	ngram_quiet_all	wrapngram	T	1	Y	wrap(Wrap.v)	1	ngram_quiet_all=wrapngram/qhT
1RB---_0LC0LB_1LD1LB_1RD0RC	B	1	direct1	QH	ngram_quiet_all	wrapngram	T	1	Y	wrap(Wrap.v)	1	ngram_quiet_all=wrapngram/qhT
1RB---_0LC0LB_1LD1LC_1RD1RB	B	1	direct1	QH	ngram_quiet_all	wrapngram	T	1	Y	wrap(Wrap.v)	1	ngram_quiet_all=wrapngram/qhT
1RB---_0LC0LB_1RC0LD_1LB1LB	B	1	direct1	QH	ngram_quiet_all	wrapngram	T	1	Y	wrap(Wrap.v)	1	ngram_quiet_all=wrapngram/qhT
1RB---_0LC0LB_1RC0LD_1LB1RD	B	1	direct1	QH	ngram_quiet_all	wrapngram	T	1	Y	wrap(Wrap.v)	1	ngram_quiet_all=wrapngram/qhT
1RB---_0LC0LB_1RC0LD_1LC1LB	B	1	direct1	QH	ngram_quiet_all	wrapngram	T	1	Y	wrap(Wrap.v)	1	ngram_quiet_all=wrapngram/qhT
1RB---_0LC0LB_1RC0LD_1RA1LB	B	1	direct1	QH	ngram_quiet_all	wrapngram	T	5	Y	wrap(Wrap.v)	1	ngram_quiet_all=wrapngram/qhT
1RB---_0LC0LB_1RC0RD_1LB1LD	B	1	direct1	QH	ngram_quiet_all	wrapngram	T	1	Y	wrap(Wrap.v)	1	ngram_quiet_all=wrapngram/qhT
1RB---_0LC0LB_1RC0RD_1LB1RB	B	1	direct1	QH	ngram_quiet_all	wrapngram	T	1	Y	wrap(Wrap.v)	1	ngram_quiet_all=wrapngram/qhT
1RB---_0LC0LB_1RC1LD_0LB0LB	B	1	direct1	QH	ngram_quiet_all	wrapngram	T	1	Y	wrap(Wrap.v)	1	ngram_quiet_all=wrapngram/qhT
1RB---_0LC0LB_1RC1LD_0LB0RC	B	1	direct1	QH	ngram_quiet_all	wrapngram	T	1	Y	wrap(Wrap.v)	1	ngram_quiet_all=wrapngram/qhT
1RB---_0LC0LB_1RC1LD_0LB1LB	B	1	direct1	QH	ngram_quiet_all	wrapngram	T	1	Y	wrap(Wrap.v)	1	ngram_quiet_all=wrapngram/qhT
1RB---_0LC0LB_1RC1LD_0LC0LB	B	1	direct1	QH	ngram_quiet_all	wrapngram	T	1	Y	wrap(Wrap.v)	1	ngram_quiet_all=wrapngram/qhT
1RB---_0LC0LB_1RC1LD_0LC1LB	B	1	direct1	QH	ngram_quiet_all	wrapngram	T	1	Y	wrap(Wrap.v)	1	ngram_quiet_all=wrapngram/qhT
1RB---_0LC0LB_1RC1LD_0RD1LB	B	1	direct1	QH	ngram_quiet_all	wrapngram	T	1	Y	wrap(Wrap.v)	1	ngram_quiet_all=wrapngram/qhT
1RB---_0LC0LB_1RC1LD_1LA0LB	B	1	direct1	QH	ngram_quiet_all	wrapngram	T	5	Y	wrap(Wrap.v)	1	ngram_quiet_all=wrapngram/qhT
1RB---_0LC0LB_1RC1LD_1LA1LB	B	1	direct1	QH	ngram_quiet_all	wrapngram	T	5	Y	wrap(Wrap.v)	1	ngram_quiet_all=wrapngram/qhT
1RB---_0LC0LB_1RC1LD_1LB0LB	B	1	direct1	QH	ngram_quiet_all	wrapngram	T	1	Y	wrap(Wrap.v)	1	ngram_quiet_all=wrapngram/qhT
1RB---_0LC0LB_1RC1LD_1LB0RC	B	1	direct1	QH	ngram_quiet_all	wrapngram	T	1	Y	wrap(Wrap.v)	1	ngram_quiet_all=wrapngram/qhT
1RB---_0LC0LB_1RC1LD_1LB1LB	B	1	direct1	QH	ngram_quiet_all	wrapngram	T	1	Y	wrap(Wrap.v)	1	ngram_quiet_all=wrapngram/qhT
1RB---_0LC0LB_1RC1LD_1LB1RD	B	1	direct1	QH	ngram_quiet_all	wrapngram	T	1	Y	wrap(Wrap.v)	1	ngram_quiet_all=wrapngram/qhT
1RB---_0LC0LB_1RC1LD_1LC0LB	B	1	direct1	QH	ngram_quiet_all	wrapngram	T	1	Y	wrap(Wrap.v)	1	ngram_quiet_all=wrapngram/qhT
1RB---_0LC0LB_1RC1LD_1LC1LB	B	1	direct1	QH	ngram_quiet_all	wrapngram	T	1	Y	wrap(Wrap.v)	1	ngram_quiet_all=wrapngram/qhT
1RB---_0LC0LB_1RC1LD_1RC0LB	B	1	direct1	QH	ngram_quiet_all	wrapngram	T	1	Y	wrap(Wrap.v)	1	ngram_quiet_all=wrapngram/qhT
1RB---_0LC0LB_1RC1LD_1RC1LB	B	1	direct1	QH	ngram_quiet_all	wrapngram	T	1	Y	wrap(Wrap.v)	1	ngram_quiet_all=wrapngram/qhT
1RB---_0LC0LB_1RC1LD_1RD1LB	B	1	direct1	QH	ngram_quiet_all	wrapngram	T	1	Y	wrap(Wrap.v)	1	ngram_quiet_all=wrapngram/qhT
1RB---_0LC0LB_1RC1RD_0LD1LB	B	1	direct1	QH	ngram_quiet_all	wrapngram	T	1	Y	wrap(Wrap.v)	1	ngram_quiet_all=wrapngram/qhT
1RB---_0LC0LB_1RC1RD_1LB---	C	1	direct1	QH	rwlrank	wraprwl	T	1	N	wraprwl(QH,no-checker)	4	rwlrank=wraprwl/qhT;irules=irules/qhT;bouncer=bouncer/qhT;quietctl=wrapctl/qhT
1RB---_0LC0LB_1RC1RD_1LC1LB	B	1	direct1	QH	ngram_quiet_all	wrapngram	T	1	Y	wrap(Wrap.v)	1	ngram_quiet_all=wrapngram/qhT
1RB---_0LC0LB_1RC1RD_1LD0LB	B	1	direct1	QH	ngram_quiet_all	wrapngram	T	1	Y	wrap(Wrap.v)	1	ngram_quiet_all=wrapngram/qhT
1RB---_0LC0LB_1RC1RD_1LD1LB	B	1	direct1	QH	ngram_quiet_all	wrapngram	T	1	Y	wrap(Wrap.v)	1	ngram_quiet_all=wrapngram/qhT
1RB---_0LC0LB_1RD1LB_0RD1LC	B	1	direct1	QH	ngram_quiet_all	wrapngram	T	1	Y	wrap(Wrap.v)	1	ngram_quiet_all=wrapngram/qhT
1RB---_0LC0LB_1RD1LB_1RC---	C	1	direct1	QH	rwlrank	wraprwl	T	1	N	wraprwl(QH,no-checker)	2	rwlrank=wraprwl/qhT;irules=irules/qhT
1RB---_0LC0LB_1RD1LB_1RD0LC	B	1	direct1	QH	ngram_quiet_all	wrapngram	T	1	Y	wrap(Wrap.v)	1	ngram_quiet_all=wrapngram/qhT
1RB---_0LC0LB_1RD1LB_1RD1LB	B	1	direct1	QH	ngram_quiet_all	wrapngram	T	1	Y	wrap(Wrap.v)	1	ngram_quiet_all=wrapngram/qhT
1RB---_0LC0LB_1RD1LB_1RD1LC	B	1	direct1	QH	ngram_quiet_all	wrapngram	T	1	Y	wrap(Wrap.v)	1	ngram_quiet_all=wrapngram/qhT
1RB---_0LC0LB_1RD1LB_1RD1RB	B	1	direct1	QH	ngram_quiet_all	wrapngram	T	1	Y	wrap(Wrap.v)	1	ngram_quiet_all=wrapngram/qhT
1RB---_0LC0LB_1RD1LC_0RB1LB	B	1	direct1	QH	ngram_quiet_all	wrapngram	T	1	Y	wrap(Wrap.v)	1	ngram_quiet_all=wrapngram/qhT
1RB---_0LC0LB_1RD1LC_1LC0RB	B	1	direct1	QH	ngram_quiet_all	wrapngram	T	1	Y	wrap(Wrap.v)	1	ngram_quiet_all=wrapngram/qhT
1RB---_0LC0LB_1RD1LC_1RB0RB	B	1	direct1	QH	ngram_quiet_all	wrapngram	T	1	Y	wrap(Wrap.v)	1	ngram_quiet_all=wrapngram/qhT
1RB---_0LC0LB_1RD1LC_1RC1LB	B	1	direct1	QH	ngram_quiet_all	wrapngram	T	1	Y	wrap(Wrap.v)	1	ngram_quiet_all=wrapngram/qhT
1RB---_0LC0LB_1RD1LC_1RD1LB	B	1	direct1	QH	ngram_quiet_all	wrapngram	T	1	Y	wrap(Wrap.v)	1	ngram_quiet_all=wrapngram/qhT
1RB---_0LC0LB_1RD1LD_1RB1LB	B	1	direct1	QH	ngram_quiet_all	wrapngram	T	1	Y	wrap(Wrap.v)	1	ngram_quiet_all=wrapngram/qhT
1RB---_0LC0LB_1RD1LD_1RC1LB	B	1	direct1	QH	ngram_quiet_all	wrapngram	T	1	Y	wrap(Wrap.v)	1	ngram_quiet_all=wrapngram/qhT
1RB---_0LC0LB_1RD1LD_1RD1LB	B	1	direct1	QH	ngram_quiet_all	wrapngram	T	1	Y	wrap(Wrap.v)	1	ngram_quiet_all=wrapngram/qhT
1RB---_0LC0LC_0RD1LB_1LC1RD	B	1	direct1	QH	ngram_quiet_all	wrapngram	T	1	Y	wrap(Wrap.v)	1	ngram_quiet_all=wrapngram/qhT
1RB---_0LC0LC_0RD1RC_1LB1RD	B	1	direct1	QH	ngram_quiet_all	wrapngram	T	1	Y	wrap(Wrap.v)	1	ngram_quiet_all=wrapngram/qhT
1RB---_0LC0LC_1RC0RD_1LB1RB	B	1	direct1	QH	ngram_quiet_all	wrapngram	T	1	Y	wrap(Wrap.v)	1	ngram_quiet_all=wrapngram/qhT
1RB---_0LC0LC_1RC1RD_1LB1RC	B	1	direct1	QH	ngram_quiet_all	wrapngram	T	1	Y	wrap(Wrap.v)	1	ngram_quiet_all=wrapngram/qhT
1RB---_0LC0LC_1RD1LC_0RC1LB	B	1	direct1	QH	ngram_quiet_all	wrapngram	T	1	Y	wrap(Wrap.v)	1	ngram_quiet_all=wrapngram/qhT
1RB---_0LC0LC_1RD1LC_1RB1LB	B	1	direct1	QH	ngram_quiet_all	wrapngram	T	1	Y	wrap(Wrap.v)	1	ngram_quiet_all=wrapngram/qhT
1RB---_0LC0LC_1RD1RC_1LB0RC	B	1	direct1	QH	ngram_quiet_all	wrapngram	T	1	Y	wrap(Wrap.v)	1	ngram_quiet_all=wrapngram/qhT
1RB---_0LC0LD_0LD1LB_1RD0LC	B	1	direct1	QH	ngram_quiet_all	wrapngram	T	1	Y	wrap(Wrap.v)	1	ngram_quiet_all=wrapngram/qhT
1RB---_0LC0LD_0LD1LC_1RD1LB	B	1	direct1	QH	ngram_quiet_all	wrapngram	T	1	Y	wrap(Wrap.v)	1	ngram_quiet_all=wrapngram/qhT
1RB---_0LC0LD_0RD1LB_1LC1RD	B	1	direct1	QH	ngram_quiet_all	wrapngram	T	1	Y	wrap(Wrap.v)	1	ngram_quiet_all=wrapngram/qhT
1RB---_0LC0LD_0RD1LB_1RC1LD	B	1	direct1	QH	ngram_quiet_all	wrapngram	T	1	Y	wrap(Wrap.v)	1	ngram_quiet_all=wrapngram/qhT
1RB---_0LC0LD_1LD0LB_1RD1LB	B	1	direct1	QH	ngram_quiet_all	wrapngram	T	1	Y	wrap(Wrap.v)	1	ngram_quiet_all=wrapngram/qhT
1RB---_0LC0LD_1LD0RB_1RD1LB	B	1	direct1	QH	ngram_quiet_all	wrapngram	T	1	Y	wrap(Wrap.v)	1	ngram_quiet_all=wrapngram/qhT
1RB---_0LC0LD_1LD1LA_1RD1LB	B	1	direct1	QH	ngram_quiet_all	wrapngram	T	4	Y	wrap(Wrap.v)	1	ngram_quiet_all=wrapngram/qhT
1RB---_0LC0LD_1LD1LB_1RD1LB	B	1	direct1	QH	ngram_quiet_all	wrapngram	T	1	Y	wrap(Wrap.v)	1	ngram_quiet_all=wrapngram/qhT
1RB---_0LC0LD_1LD1LB_1RD1RB	B	1	direct1	QH	ngram_quiet_all	wrapngram	T	1	Y	wrap(Wrap.v)	1	ngram_quiet_all=wrapngram/qhT
1RB---_0LC0LD_1LD1LC_1RB1RD	B	1	direct1	QH	ngram_quiet_all	wrapngram	T	1	Y	wrap(Wrap.v)	1	ngram_quiet_all=wrapngram/qhT
1RB---_0LC0LD_1LD1RC_1RC0LB	B	1	direct1	QH	ngram_quiet_all	wrapngram	T	1	Y	wrap(Wrap.v)	1	ngram_quiet_all=wrapngram/qhT
1RB---_0LC0LD_1LD1RC_1RC1LB	B	1	direct1	QH	ngram_quiet_all	wrapngram	T	1	Y	wrap(Wrap.v)	1	ngram_quiet_all=wrapngram/qhT
1RB---_0LC0LD_1LD1RC_1RD1LB	B	1	direct1	QH	ngram_quiet_all	wrapngram	T	1	Y	wrap(Wrap.v)	1	ngram_quiet_all=wrapngram/qhT
1RB---_0LC0LD_1LD1RD_1RC1LB	B	1	direct1	QH	ngram_quiet_all	wrapngram	T	1	Y	wrap(Wrap.v)	1	ngram_quiet_all=wrapngram/qhT
1RB---_0LC0LD_1RB1LD_1RD1LB	B	1	direct1	QH	ngram_quiet_all	wrapngram	T	1	Y	wrap(Wrap.v)	1	ngram_quiet_all=wrapngram/qhT
1RB---_0LC0LD_1RC0RD_1LB1RD	B	1	direct1	QH	ngram_quiet_all	wrapngram	T	1	Y	wrap(Wrap.v)	1	ngram_quiet_all=wrapngram/qhT
1RB---_0LC0LD_1RC1LB_---0LB	C	3	direct1/reroot	QH	rwlrank	wraprwl	T	1	N	wraprwl(QH,no-checker)	2	rwlrank=wraprwl/qhT;irules=irules/qhT
1RB---_0LC0LD_1RC1LB_0LB0LD	B	1	direct1	QH	ngram_quiet_all	wrapngram	T	1	Y	wrap(Wrap.v)	1	ngram_quiet_all=wrapngram/qhT
1RB---_0LC0LD_1RC1LB_0LB0RC	B	1	direct1	QH	ngram_quiet_all	wrapngram	T	1	Y	wrap(Wrap.v)	1	ngram_quiet_all=wrapngram/qhT
1RB---_0LC0LD_1RC1LB_0LB0RD	B	1	direct1	QH	ngram_quiet_all	wrapngram	T	1	Y	wrap(Wrap.v)	1	ngram_quiet_all=wrapngram/qhT
1RB---_0LC0LD_1RC1LB_0LB1RD	B	1	direct1	QH	ngram_quiet_all	wrapngram	T	1	Y	wrap(Wrap.v)	1	ngram_quiet_all=wrapngram/qhT
1RB---_0LC0LD_1RC1LB_0LC0LD	B	1	direct1	QH	ngram_quiet_all	wrapngram	T	1	Y	wrap(Wrap.v)	1	ngram_quiet_all=wrapngram/qhT
1RB---_0LC0LD_1RC1LB_0RB0LD	B	1	direct1	QH	ngram_quiet_all	wrapngram	T	1	Y	wrap(Wrap.v)	1	ngram_quiet_all=wrapngram/qhT
1RB---_0LC0LD_1RC1LB_1RC0LD	B	1	direct1	QH	ngram_quiet_all	wrapngram	T	1	Y	wrap(Wrap.v)	1	ngram_quiet_all=wrapngram/qhT
1RB---_0LC0LD_1RC1LB_1RC1LD	B	1	direct1	QH	ngram_quiet_all	wrapngram	T	1	Y	wrap(Wrap.v)	1	ngram_quiet_all=wrapngram/qhT
1RB---_0LC0LD_1RC1LD_0LB0LB	B	1	direct1	QH	ngram_quiet_all	wrapngram	T	1	Y	wrap(Wrap.v)	1	ngram_quiet_all=wrapngram/qhT
1RB---_0LC0LD_1RC1LD_0LB0RC	B	1	direct1	QH	ngram_quiet_all	wrapngram	T	1	Y	wrap(Wrap.v)	1	ngram_quiet_all=wrapngram/qhT
1RB---_0LC0LD_1RC1LD_0LC0LB	B	1	direct1	QH	ngram_quiet_all	wrapngram	T	1	Y	wrap(Wrap.v)	1	ngram_quiet_all=wrapngram/qhT
1RB---_0LC0LD_1RC1LD_1LC0LB	B	1	direct1	QH	ngram_quiet_all	wrapngram	T	1	Y	wrap(Wrap.v)	1	ngram_quiet_all=wrapngram/qhT
1RB---_0LC0LD_1RC1LD_1RC0LB	B	1	direct1	QH	ngram_quiet_all	wrapngram	T	1	Y	wrap(Wrap.v)	1	ngram_quiet_all=wrapngram/qhT
1RB---_0LC0LD_1RD1LB_1RC0LB	B	1	direct1	QH	ngram_quiet_all	wrapngram	T	1	Y	wrap(Wrap.v)	1	ngram_quiet_all=wrapngram/qhT
1RB---_0LC0LD_1RD1LB_1RC1LD	B	1	direct1	QH	ngram_quiet_all	wrapngram	T	1	Y	wrap(Wrap.v)	1	ngram_quiet_all=wrapngram/qhT
1RB---_0LC0RB_0LD1LC_1RA1RD	C	1	direct1	undecided	-	-	-	-	N	-	0	
1RB---_0LC0RB_0RD1LA_1LD1RB	B	1	direct1	QH	ngram_quiet_all	wrapngram	T	4	Y	wrap(Wrap.v)	1	ngram_quiet_all=wrapngram/qhT
1RB---_0LC0RB_0RD1LB_1LC1RB	B	1	direct1	QH	ngram_quiet_all	wrapngram	T	1	Y	wrap(Wrap.v)	1	ngram_quiet_all=wrapngram/qhT
1RB---_0LC0RB_0RD1LD_1LC1RB	B	1	direct1	QH	ngram_quiet_all	wrapngram	T	1	Y	wrap(Wrap.v)	1	ngram_quiet_all=wrapngram/qhT
1RB---_0LC0RB_0RD1RC_1LD1RB	B	1	direct1	QH	ngram_quiet_all	wrapngram	T	1	Y	wrap(Wrap.v)	1	ngram_quiet_all=wrapngram/qhT
1RB---_0LC0RB_0RD1RD_1LD1RB	B	1	direct1	QH	ngram_quiet_all	wrapngram	T	1	Y	wrap(Wrap.v)	1	ngram_quiet_all=wrapngram/qhT
1RB---_0LC0RB_1LC1LD_1RB---	C	1	direct1	QH	rwlrank	wraprwl	T	1	N	wraprwl(QH,no-checker)	5	rwlrank=wraprwl/qhT;irules=irules/qhT;bouncer=bouncer/qhT;quietfar=wrapfar/qhT;quietctl=wrapctl/qhT
1RB---_0LC0RB_1LC1LD_1RC1RB	B	1	direct1	QH	ngram_quiet_all	wrapngram	T	1	Y	wrap(Wrap.v)	1	ngram_quiet_all=wrapngram/qhT
1RB---_0LC0RB_1LC1LD_1RD0RB	B	1	direct1	QH	ngram_quiet_all	wrapngram	T	1	Y	wrap(Wrap.v)	1	ngram_quiet_all=wrapngram/qhT
1RB---_0LC0RB_1LC1LD_1RD1RB	B	1	direct1	QH	ngram_quiet_all	wrapngram	T	1	Y	wrap(Wrap.v)	1	ngram_quiet_all=wrapngram/qhT
1RB---_0LC0RB_1LD0LB_1RB0LD	B	1	direct1	QH	ngram_quiet_all	wrapngram	T	1	Y	wrap(Wrap.v)	1	ngram_quiet_all=wrapngram/qhT
1RB---_0LC0RB_1LD0LB_1RB1LC	B	1	direct1	QH	ngram_quiet_all	wrapngram	T	1	Y	wrap(Wrap.v)	1	ngram_quiet_all=wrapngram/qhT
1RB---_0LC0RB_1LD0LB_1RB1LD	B	1	direct1	QH	ngram_quiet_all	wrapngram	T	1	Y	wrap(Wrap.v)	1	ngram_quiet_all=wrapngram/qhT
1RB---_0LC0RB_1LD0LC_1RB1LC	B	1	direct1	QH	ngram_quiet_all	wrapngram	T	1	Y	wrap(Wrap.v)	1	ngram_quiet_all=wrapngram/qhT
1RB---_0LC0RB_1LD0LC_1RB1LD	B	1	direct1	QH	ngram_quiet_all	wrapngram	T	1	Y	wrap(Wrap.v)	1	ngram_quiet_all=wrapngram/qhT
1RB---_0LC0RB_1LD0RB_1RB0LD	B	1	direct1	QH	ngram_quiet_all	wrapngram	T	1	Y	wrap(Wrap.v)	1	ngram_quiet_all=wrapngram/qhT
1RB---_0LC0RB_1LD0RB_1RB1LC	B	1	direct1	QH	ngram_quiet_all	wrapngram	T	1	Y	wrap(Wrap.v)	1	ngram_quiet_all=wrapngram/qhT
1RB---_0LC0RB_1LD0RB_1RB1LD	B	1	direct1	QH	ngram_quiet_all	wrapngram	T	1	Y	wrap(Wrap.v)	1	ngram_quiet_all=wrapngram/qhT
1RB---_0LC0RB_1LD0RB_1RC1LC	B	1	direct1	QH	ngram_quiet_all	wrapngram	T	1	Y	wrap(Wrap.v)	1	ngram_quiet_all=wrapngram/qhT
1RB---_0LC0RB_1LD0RB_1RC1LD	B	1	direct1	QH	ngram_quiet_all	wrapngram	T	1	Y	wrap(Wrap.v)	1	ngram_quiet_all=wrapngram/qhT
1RB---_0LC0RB_1LD0RC_1RB0LD	B	1	direct1	QH	ngram_quiet_all	wrapngram	T	1	Y	wrap(Wrap.v)	1	ngram_quiet_all=wrapngram/qhT
1RB---_0LC0RB_1LD0RC_1RB1LC	B	1	direct1	QH	ngram_quiet_all	wrapngram	T	1	Y	wrap(Wrap.v)	1	ngram_quiet_all=wrapngram/qhT
1RB---_0LC0RB_1LD0RC_1RB1LD	B	1	direct1	QH	ngram_quiet_all	wrapngram	T	1	Y	wrap(Wrap.v)	1	ngram_quiet_all=wrapngram/qhT
1RB---_0LC0RB_1LD1LA_0RC1LC	C	1	direct1	undecided	-	-	-	-	N	-	0	
1RB---_0LC0RB_1LD1LA_1RB1LC	C	1	direct1	undecided	-	-	-	-	N	-	0	
1RB---_0LC0RB_1LD1LA_1RB1LD	B	1	direct1	QH	ngram_quiet_all	wrapngram	T	4	Y	wrap(Wrap.v)	1	ngram_quiet_all=wrapngram/qhT
1RB---_0LC0RB_1LD1LB_1RB0LD	B	1	direct1	QH	ngram_quiet_all	wrapngram	T	1	Y	wrap(Wrap.v)	1	ngram_quiet_all=wrapngram/qhT
1RB---_0LC0RB_1LD1LB_1RB1LC	B	1	direct1	QH	ngram_quiet_all	wrapngram	T	1	Y	wrap(Wrap.v)	1	ngram_quiet_all=wrapngram/qhT
1RB---_0LC0RB_1LD1LB_1RB1LD	B	1	direct1	QH	ngram_quiet_all	wrapngram	T	1	Y	wrap(Wrap.v)	1	ngram_quiet_all=wrapngram/qhT
1RB---_0LC0RB_1LD1LC_1RB0LD	B	1	direct1	QH	ngram_quiet_all	wrapngram	T	1	Y	wrap(Wrap.v)	1	ngram_quiet_all=wrapngram/qhT
1RB---_0LC0RB_1LD1LC_1RB0RC	B	1	direct1	QH	ngram_quiet_all	wrapngram	T	1	Y	wrap(Wrap.v)	1	ngram_quiet_all=wrapngram/qhT
1RB---_0LC0RB_1LD1LC_1RB1LC	B	1	direct1	QH	ngram_quiet_all	wrapngram	T	1	Y	wrap(Wrap.v)	1	ngram_quiet_all=wrapngram/qhT
1RB---_0LC0RB_1LD1LC_1RB1LD	B	1	direct1	QH	ngram_quiet_all	wrapngram	T	1	Y	wrap(Wrap.v)	1	ngram_quiet_all=wrapngram/qhT
1RB---_0LC0RB_1LD1LD_1RB0LD	B	1	direct1	QH	ngram_quiet_all	wrapngram	T	1	Y	wrap(Wrap.v)	1	ngram_quiet_all=wrapngram/qhT
1RB---_0LC0RB_1LD1LD_1RB1LC	B	1	direct1	QH	ngram_quiet_all	wrapngram	T	1	Y	wrap(Wrap.v)	1	ngram_quiet_all=wrapngram/qhT
1RB---_0LC0RB_1LD1LD_1RB1LD	B	1	direct1	QH	ngram_quiet_all	wrapngram	T	1	Y	wrap(Wrap.v)	1	ngram_quiet_all=wrapngram/qhT
1RB---_0LC0RB_1LD1RC_1RB1LC	B	1	direct1	QH	ngram_quiet_all	wrapngram	T	1	Y	wrap(Wrap.v)	1	ngram_quiet_all=wrapngram/qhT
1RB---_0LC0RB_1LD1RC_1RB1LD	B	1	direct1	QH	ngram_quiet_all	wrapngram	T	1	Y	wrap(Wrap.v)	1	ngram_quiet_all=wrapngram/qhT
1RB---_0LC0RB_1RB0LD_1LC1LD	B	1	direct1	QH	ngram_quiet_all	wrapngram	T	1	Y	wrap(Wrap.v)	1	ngram_quiet_all=wrapngram/qhT
1RB---_0LC0RB_1RB1LD_0RD1LC	B	1	direct1	QH	ngram_quiet_all	wrapngram	T	1	Y	wrap(Wrap.v)	1	ngram_quiet_all=wrapngram/qhT
1RB---_0LC0RB_1RB1LD_1LC---	C	1	direct1	undecided	-	-	-	-	N	-	0	
1RB---_0LC0RB_1RB1LD_1RB0LD	B	1	direct1	QH	ngram_quiet_all	wrapngram	T	1	Y	wrap(Wrap.v)	1	ngram_quiet_all=wrapngram/qhT
1RB---_0LC0RB_1RB1LD_1RB1LC	B	1	direct1	QH	ngram_quiet_all	wrapngram	T	1	Y	wrap(Wrap.v)	1	ngram_quiet_all=wrapngram/qhT
1RB---_0LC0RB_1RB1LD_1RB1LD	B	1	direct1	QH	ngram_quiet_all	wrapngram	T	1	Y	wrap(Wrap.v)	1	ngram_quiet_all=wrapngram/qhT
1RB---_0LC0RB_1RB1LD_1RC0LD	B	1	direct1	QH	ngram_quiet_all	wrapngram	T	1	Y	wrap(Wrap.v)	1	ngram_quiet_all=wrapngram/qhT
1RB---_0LC0RB_1RB1LD_1RC1LC	B	1	direct1	QH	ngram_quiet_all	wrapngram	T	1	Y	wrap(Wrap.v)	1	ngram_quiet_all=wrapngram/qhT
1RB---_0LC0RB_1RD1LC_0LC0RB	B	1	direct1	QH	ngram_quiet_all	wrapngram	T	1	Y	wrap(Wrap.v)	1	ngram_quiet_all=wrapngram/qhT
1RB---_0LC0RB_1RD1LC_0LC1RB	B	1	direct1	QH	ngram_quiet_all	wrapngram	T	1	Y	wrap(Wrap.v)	1	ngram_quiet_all=wrapngram/qhT
1RB---_0LC0RB_1RD1LC_0LD1RB	B	1	direct1	QH	ngram_quiet_all	wrapngram	T	1	Y	wrap(Wrap.v)	1	ngram_quiet_all=wrapngram/qhT
1RB---_0LC0RB_1RD1LC_1LC1RB	B	1	direct1	QH	ngram_quiet_all	wrapngram	T	1	Y	wrap(Wrap.v)	1	ngram_quiet_all=wrapngram/qhT
1RB---_0LC0RB_1RD1LC_1RB0LB	B	1	direct1	QH	ngram_quiet_all	wrapngram	T	1	Y	wrap(Wrap.v)	1	ngram_quiet_all=wrapngram/qhT
1RB---_0LC0RB_1RD1LC_1RB1RB	B	1	direct1	QH	ngram_quiet_all	wrapngram	T	1	Y	wrap(Wrap.v)	1	ngram_quiet_all=wrapngram/qhT
1RB---_0LC0RB_1RD1LD_1LC1RB	B	1	direct1	QH	ngram_quiet_all	wrapngram	T	1	Y	wrap(Wrap.v)	1	ngram_quiet_all=wrapngram/qhT
1RB---_0LC0RB_1RD1LD_1RB0LD	B	1	direct1	QH	ngram_quiet_all	wrapngram	T	1	Y	wrap(Wrap.v)	1	ngram_quiet_all=wrapngram/qhT
1RB---_0LC0RB_1RD1LD_1RB0RD	B	1	direct1	QH	ngram_quiet_all	wrapngram	T	1	Y	wrap(Wrap.v)	1	ngram_quiet_all=wrapngram/qhT
1RB---_0LC0RC_0LD1LD_1RB0LB	B	1	direct1	QH	ngram_quiet_all	wrapngram	T	1	Y	wrap(Wrap.v)	1	ngram_quiet_all=wrapngram/qhT
1RB---_0LC0RC_0LD1LD_1RB0LC	B	1	direct1	QH	ngram_quiet_all	wrapngram	T	1	Y	wrap(Wrap.v)	1	ngram_quiet_all=wrapngram/qhT
1RB---_0LC0RC_0LD1LD_1RB0LD	B	1	direct1	QH	ngram_quiet_all	wrapngram	T	1	Y	wrap(Wrap.v)	1	ngram_quiet_all=wrapngram/qhT
1RB---_0LC0RC_0LD1LD_1RB1LB	B	1	direct1	QH	ngram_quiet_all	wrapngram	T	1	Y	wrap(Wrap.v)	1	ngram_quiet_all=wrapngram/qhT
1RB---_0LC0RC_0LD1LD_1RB1LC	B	1	direct1	QH	ngram_quiet_all	wrapngram	T	1	Y	wrap(Wrap.v)	1	ngram_quiet_all=wrapngram/qhT
1RB---_0LC0RC_0LD1RC_1RB1LD	B	1	direct1	QH	ngram_quiet_all	wrapngram	T	1	Y	wrap(Wrap.v)	1	ngram_quiet_all=wrapngram/qhT
1RB---_0LC0RC_0RD1RC_1LB0RB	B	1	direct1	QH	ngram_quiet_all	wrapngram	T	1	Y	wrap(Wrap.v)	1	ngram_quiet_all=wrapngram/qhT
1RB---_0LC0RC_1LC1LD_1RB0LD	B	1	direct1	QH	ngram_quiet_all	wrapngram	T	1	Y	wrap(Wrap.v)	1	ngram_quiet_all=wrapngram/qhT
1RB---_0LC0RC_1LC1LD_1RB1LC	B	1	direct1	QH	ngram_quiet_all	wrapngram	T	1	Y	wrap(Wrap.v)	1	ngram_quiet_all=wrapngram/qhT
1RB---_0LC0RC_1LD0RB_1RC1LC	B	1	direct1	QH	ngram_quiet_all	wrapngram	T	1	Y	wrap(Wrap.v)	1	ngram_quiet_all=wrapngram/qhT
1RB---_0LC0RC_1LD1LC_1RB0LC	B	1	direct1	QH	ngram_quiet_all	wrapngram	T	1	Y	wrap(Wrap.v)	1	ngram_quiet_all=wrapngram/qhT
1RB---_0LC0RC_1LD1LC_1RB1LB	B	1	direct1	QH	ngram_quiet_all	wrapngram	T	1	Y	wrap(Wrap.v)	1	ngram_quiet_all=wrapngram/qhT
1RB---_0LC0RC_1LD1RC_0LC1RB	B	1	direct1	QH	ngram_quiet_all	wrapngram	T	1	Y	wrap(Wrap.v)	1	ngram_quiet_all=wrapngram/qhT
1RB---_0LC0RC_1LD1RC_0LD1RB	B	1	direct1	QH	ngram_quiet_all	wrapngram	T	1	Y	wrap(Wrap.v)	1	ngram_quiet_all=wrapngram/qhT
1RB---_0LC0RC_1LD1RC_1LB1RB	B	1	direct1	QH	ngram_quiet_all	wrapngram	T	1	Y	wrap(Wrap.v)	1	ngram_quiet_all=wrapngram/qhT
1RB---_0LC0RC_1RB0LD_1RC1LC	B	1	direct1	QH	ngram_quiet_all	wrapngram	T	1	Y	wrap(Wrap.v)	1	ngram_quiet_all=wrapngram/qhT
1RB---_0LC0RC_1RB1LD_1RC0LD	B	1	direct1	QH	ngram_quiet_all	wrapngram	T	1	Y	wrap(Wrap.v)	1	ngram_quiet_all=wrapngram/qhT
1RB---_0LC0RC_1RC0RD_1LB0LD	B	1	direct1	QH	ngram_quiet_all	wrapngram	T	1	Y	wrap(Wrap.v)	1	ngram_quiet_all=wrapngram/qhT
1RB---_0LC0RC_1RC1LD_1LC1LB	B	1	direct1	QH	ngram_quiet_all	wrapngram	T	1	Y	wrap(Wrap.v)	1	ngram_quiet_all=wrapngram/qhT
1RB---_0LC0RC_1RD0RD_1LB1RC	B	1	direct1	QH	ngram_quiet_all	wrapngram	T	1	Y	wrap(Wrap.v)	1	ngram_quiet_all=wrapngram/qhT
1RB---_0LC0RC_1RD1LC_0LC1RB	B	1	direct1	QH	ngram_quiet_all	wrapngram	T	1	Y	wrap(Wrap.v)	1	ngram_quiet_all=wrapngram/qhT
1RB---_0LC0RC_1RD1LC_0LD1RB	B	1	direct1	QH	ngram_quiet_all	wrapngram	T	1	Y	wrap(Wrap.v)	1	ngram_quiet_all=wrapngram/qhT
1RB---_0LC0RC_1RD1LD_1RB0LD	B	1	direct1	QH	ngram_quiet_all	wrapngram	T	1	Y	wrap(Wrap.v)	1	ngram_quiet_all=wrapngram/qhT
1RB---_0LC0RC_1RD1LD_1RB1LC	B	1	direct1	QH	ngram_quiet_all	wrapngram	T	1	Y	wrap(Wrap.v)	1	ngram_quiet_all=wrapngram/qhT
1RB---_0LC0RD_0LD1LC_1RA0RB	C	1	direct1	undecided	-	-	-	-	N	-	0	
1RB---_0LC0RD_1LA1LC_0LA0RB	C	2	direct1/reroot	undecided	-	-	-	-	N	-	0	
1RB---_0LC0RD_1LC1RD_0RC0RB	B	1	direct1	QH	ngram_quiet_all	wrapngram	T	1	Y	wrap(Wrap.v)	1	ngram_quiet_all=wrapngram/qhT
1RB---_0LC0RD_1LD0LC_1RB1LD	B	1	direct1	QH	ngram_quiet_all	wrapngram	T	1	Y	wrap(Wrap.v)	1	ngram_quiet_all=wrapngram/qhT
1RB---_0LC0RD_1LD1LC_1RB0LC	B	1	direct1	QH	ngram_quiet_all	wrapngram	T	1	Y	wrap(Wrap.v)	1	ngram_quiet_all=wrapngram/qhT
1RB---_0LC0RD_1LD1LC_1RB1LD	B	1	direct1	QH	ngram_quiet_all	wrapngram	T	1	Y	wrap(Wrap.v)	1	ngram_quiet_all=wrapngram/qhT
1RB---_0LC0RD_1LD1LC_1RB1RD	B	1	direct1	QH	ngram_quiet_all	wrapngram	T	1	Y	wrap(Wrap.v)	1	ngram_quiet_all=wrapngram/qhT
1RB---_0LC0RD_1RB1LC_0LC0RB	B	1	direct1	QH	ngram_quiet_all	wrapngram	T	1	Y	wrap(Wrap.v)	1	ngram_quiet_all=wrapngram/qhT
1RB---_0LC0RD_1RB1LC_0LC0RD	B	1	direct1	QH	ngram_quiet_all	wrapngram	T	1	Y	wrap(Wrap.v)	1	ngram_quiet_all=wrapngram/qhT
1RB---_0LC0RD_1RB1LC_0LC1LB	B	1	direct1	QH	ngram_quiet_all	wrapngram	T	1	Y	wrap(Wrap.v)	1	ngram_quiet_all=wrapngram/qhT
1RB---_0LC0RD_1RB1LC_0LC1LD	B	1	direct1	QH	ngram_quiet_all	wrapngram	T	1	Y	wrap(Wrap.v)	1	ngram_quiet_all=wrapngram/qhT
1RB---_0LC0RD_1RB1LC_0LC1RB	B	1	direct1	QH	ngram_quiet_all	wrapngram	T	1	Y	wrap(Wrap.v)	1	ngram_quiet_all=wrapngram/qhT
1RB---_0LC0RD_1RB1LC_1LD0LC	B	1	direct1	QH	ngram_quiet_all	wrapngram	T	1	Y	wrap(Wrap.v)	1	ngram_quiet_all=wrapngram/qhT
1RB---_0LC0RD_1RB1LC_1RC0LD	B	1	direct1	QH	ngram_quiet_all	wrapngram	T	1	Y	wrap(Wrap.v)	1	ngram_quiet_all=wrapngram/qhT
1RB---_0LC0RD_1RB1LC_1RC0RC	B	1	direct1	QH	ngram_quiet_all	wrapngram	T	1	Y	wrap(Wrap.v)	1	ngram_quiet_all=wrapngram/qhT
1RB---_0LC0RD_1RB1LC_1RC1LB	B	1	direct1	QH	ngram_quiet_all	wrapngram	T	1	Y	wrap(Wrap.v)	1	ngram_quiet_all=wrapngram/qhT
1RB---_0LC0RD_1RB1LD_1LC0RB	B	1	direct1	QH	ngram_quiet_all	wrapngram	T	1	Y	wrap(Wrap.v)	1	ngram_quiet_all=wrapngram/qhT
1RB---_0LC0RD_1RB1LD_1LC1RB	B	1	direct1	QH	ngram_quiet_all	wrapngram	T	1	Y	wrap(Wrap.v)	1	ngram_quiet_all=wrapngram/qhT
1RB---_0LC0RD_1RC0RD_1LB0RB	B	1	direct1	QH	ngram_quiet_all	wrapngram	T	1	Y	wrap(Wrap.v)	1	ngram_quiet_all=wrapngram/qhT
1RB---_0LC0RD_1RC1LD_1LC1RB	B	1	direct1	QH	ngram_quiet_all	wrapngram	T	1	Y	wrap(Wrap.v)	1	ngram_quiet_all=wrapngram/qhT
1RB---_0LC0RD_1RC1RD_1LB0RD	B	1	direct1	QH	ngram_quiet_all	wrapngram	T	1	Y	wrap(Wrap.v)	1	ngram_quiet_all=wrapngram/qhT
1RB---_0LC0RD_1RD1LC_0LA1RB	C	2	direct1/reroot	undecided	-	-	-	-	N	-	0	
1RB---_0LC0RD_1RD1LC_0LC0RB	B	1	direct1	QH	ngram_quiet_all	wrapngram	T	1	Y	wrap(Wrap.v)	1	ngram_quiet_all=wrapngram/qhT
1RB---_0LC0RD_1RD1LC_0LC1RB	B	1	direct1	QH	ngram_quiet_all	wrapngram	T	1	Y	wrap(Wrap.v)	1	ngram_quiet_all=wrapngram/qhT
1RB---_0LC0RD_1RD1LC_0RC1LB	B	1	direct1	QH	ngram_quiet_all	wrapngram	T	1	Y	wrap(Wrap.v)	1	ngram_quiet_all=wrapngram/qhT
1RB---_0LC0RD_1RD1LC_0RD1LB	B	1	direct1	QH	ngram_quiet_all	wrapngram	T	1	Y	wrap(Wrap.v)	1	ngram_quiet_all=wrapngram/qhT
1RB---_0LC0RD_1RD1LC_1LC0RB	B	1	direct1	QH	ngram_quiet_all	wrapngram	T	1	Y	wrap(Wrap.v)	1	ngram_quiet_all=wrapngram/qhT
1RB---_0LC0RD_1RD1LC_1RB0RB	B	1	direct1	QH	ngram_quiet_all	wrapngram	T	1	Y	wrap(Wrap.v)	1	ngram_quiet_all=wrapngram/qhT
1RB---_0LC0RD_1RD1LC_1RB1LB	B	1	direct1	QH	ngram_quiet_all	wrapngram	T	1	Y	wrap(Wrap.v)	1	ngram_quiet_all=wrapngram/qhT
1RB---_0LC0RD_1RD1LC_1RB1LD	B	1	direct1	QH	ngram_quiet_all	wrapngram	T	1	Y	wrap(Wrap.v)	1	ngram_quiet_all=wrapngram/qhT
1RB---_0LC0RD_1RD1LC_1RC1LB	B	1	direct1	QH	ngram_quiet_all	wrapngram	T	1	Y	wrap(Wrap.v)	1	ngram_quiet_all=wrapngram/qhT
1RB---_0LC0RD_1RD1LC_1RD1LB	B	1	direct1	QH	ngram_quiet_all	wrapngram	T	1	Y	wrap(Wrap.v)	1	ngram_quiet_all=wrapngram/qhT
1RB---_0LC1LB_0RC1RD_1LB0RD	B	1	direct1	QH	ngram_quiet_all	wrapngram	T	1	Y	wrap(Wrap.v)	1	ngram_quiet_all=wrapngram/qhT
1RB---_0LC1LB_0RD1RC_1LB1RD	B	1	direct1	QH	ngram_quiet_all	wrapngram	T	1	Y	wrap(Wrap.v)	1	ngram_quiet_all=wrapngram/qhT
1RB---_0LC1LB_1LC1LD_1RD0RB	B	1	direct1	QH	ngram_quiet_all	wrapngram	T	1	Y	wrap(Wrap.v)	1	ngram_quiet_all=wrapngram/qhT
1RB---_0LC1LB_1LD0RB_1RC1LC	B	1	direct1	QH	ngram_quiet_all	wrapngram	T	1	Y	wrap(Wrap.v)	1	ngram_quiet_all=wrapngram/qhT
1RB---_0LC1LB_1LD0RB_1RC1LD	B	1	direct1	QH	ngram_quiet_all	wrapngram	T	1	Y	wrap(Wrap.v)	1	ngram_quiet_all=wrapngram/qhT
1RB---_0LC1LB_1LD0RD_1RC1RB	B	1	direct1	QH	ngram_quiet_all	wrapngram	T	1	Y	wrap(Wrap.v)	1	ngram_quiet_all=wrapngram/qhT
1RB---_0LC1LB_1LD1LC_1RD1RB	B	1	direct1	QH	ngram_quiet_all	wrapngram	T	1	Y	wrap(Wrap.v)	1	ngram_quiet_all=wrapngram/qhT
1RB---_0LC1LB_1RB1LD_1RC0LD	B	1	direct1	QH	ngram_quiet_all	wrapngram	T	1	Y	wrap(Wrap.v)	1	ngram_quiet_all=wrapngram/qhT
1RB---_0LC1LB_1RC0RD_1LB0RB	B	1	direct1	QH	ngram_quiet_all	wrapngram	T	1	Y	wrap(Wrap.v)	1	ngram_quiet_all=wrapngram/qhT
1RB---_0LC1LB_1RC1LD_0RB0LD	B	1	direct1	QH	ngram_quiet_all	wrapngram	T	1	Y	wrap(Wrap.v)	1	ngram_quiet_all=wrapngram/qhT
1RB---_0LC1LB_1RC1RD_0LB1RC	B	1	direct1	QH	ngram_quiet_all	wrapngram	T	1	Y	wrap(Wrap.v)	1	ngram_quiet_all=wrapngram/qhT
1RB---_0LC1LB_1RD1LC_0LC0RB	B	1	direct1	QH	ngram_quiet_all	wrapngram	T	1	Y	wrap(Wrap.v)	1	ngram_quiet_all=wrapngram/qhT
1RB---_0LC1LB_1RD1LC_0LC1RB	B	1	direct1	QH	ngram_quiet_all	wrapngram	T	1	Y	wrap(Wrap.v)	1	ngram_quiet_all=wrapngram/qhT
1RB---_0LC1LB_1RD1LC_0RD1RB	B	1	direct1	QH	ngram_quiet_all	wrapngram	T	1	Y	wrap(Wrap.v)	1	ngram_quiet_all=wrapngram/qhT
1RB---_0LC1LB_1RD1LC_1LC0RB	B	1	direct1	QH	ngram_quiet_all	wrapngram	T	1	Y	wrap(Wrap.v)	1	ngram_quiet_all=wrapngram/qhT
1RB---_0LC1LC_0LD1LB_1RC1RD	B	1	direct1	QH	ngram_quiet_all	wrapngram	T	1	Y	wrap(Wrap.v)	1	ngram_quiet_all=wrapngram/qhT
1RB---_0LC1LC_0LD1LB_1RD0LB	B	1	direct1	QH	ngram_quiet_all	wrapngram	T	1	Y	wrap(Wrap.v)	1	ngram_quiet_all=wrapngram/qhT
1RB---_0LC1LC_0LD1LB_1RD1LB	B	1	direct1	QH	ngram_quiet_all	wrapngram	T	1	Y	wrap(Wrap.v)	1	ngram_quiet_all=wrapngram/qhT
1RB---_0LC1LC_0LD1LB_1RD1RB	B	1	direct1	QH	ngram_quiet_all	wrapngram	T	1	Y	wrap(Wrap.v)	1	ngram_quiet_all=wrapngram/qhT
1RB---_0LC1LC_0LD1RC_1RB1LD	B	1	direct1	QH	ngram_quiet_all	wrapngram	T	1	Y	wrap(Wrap.v)	1	ngram_quiet_all=wrapngram/qhT
1RB---_0LC1LC_0RC1RD_1LB0RD	B	1	direct1	QH	ngram_quiet_all	wrapngram	T	1	Y	wrap(Wrap.v)	1	ngram_quiet_all=wrapngram/qhT
1RB---_0LC1LC_0RD1LC_1LB1RD	B	1	direct1	QH	ngram_quiet_all	wrapngram	T	1	Y	wrap(Wrap.v)	1	ngram_quiet_all=wrapngram/qhT
1RB---_0LC1LC_1LD1LB_1RD0RC	B	1	direct1	QH	ngram_quiet_all	wrapngram	T	1	Y	wrap(Wrap.v)	1	ngram_quiet_all=wrapngram/qhT
1RB---_0LC1LC_1RC1LD_0RB0LD	B	1	direct1	QH	ngram_quiet_all	wrapngram	T	1	Y	wrap(Wrap.v)	1	ngram_quiet_all=wrapngram/qhT
1RB---_0LC1LC_1RC1LD_1LB0LB	B	1	direct1	QH	ngram_quiet_all	wrapngram	T	1	Y	wrap(Wrap.v)	1	ngram_quiet_all=wrapngram/qhT
1RB---_0LC1LC_1RC1LD_1RD1LB	B	1	direct1	QH	ngram_quiet_all	wrapngram	T	1	Y	wrap(Wrap.v)	1	ngram_quiet_all=wrapngram/qhT
1RB---_0LC1LC_1RD0LB_0LB1RD	B	1	direct1	QH	ngram_quiet_all	wrapngram	T	1	Y	wrap(Wrap.v)	1	ngram_quiet_all=wrapngram/qhT
1RB---_0LC1LC_1RD0LB_1LB1RC	B	1	direct1	QH	ngram_quiet_all	wrapngram	T	1	Y	wrap(Wrap.v)	1	ngram_quiet_all=wrapngram/qhT
1RB---_0LC1LC_1RD0LB_1LB1RD	B	1	direct1	QH	ngram_quiet_all	wrapngram	T	1	Y	wrap(Wrap.v)	1	ngram_quiet_all=wrapngram/qhT
1RB---_0LC1LC_1RD0LB_1RB0RB	B	1	direct1	QH	ngram_quiet_all	wrapngram	T	1	Y	wrap(Wrap.v)	1	ngram_quiet_all=wrapngram/qhT
1RB---_0LC1LC_1RD0LC_0LB0RB	B	1	direct1	QH	ngram_quiet_all	wrapngram	T	1	Y	wrap(Wrap.v)	1	ngram_quiet_all=wrapngram/qhT
1RB---_0LC1LC_1RD0LC_0LB1RC	B	1	direct1	QH	ngram_quiet_all	wrapngram	T	1	Y	wrap(Wrap.v)	1	ngram_quiet_all=wrapngram/qhT
1RB---_0LC1LC_1RD0LC_1LB0RB	B	1	direct1	QH	ngram_quiet_all	wrapngram	T	1	Y	wrap(Wrap.v)	1	ngram_quiet_all=wrapngram/qhT
1RB---_0LC1LC_1RD0LC_1LB0RC	B	1	direct1	QH	ngram_quiet_all	wrapngram	T	1	Y	wrap(Wrap.v)	1	ngram_quiet_all=wrapngram/qhT
1RB---_0LC1LC_1RD0LC_1LB1RD	B	1	direct1	QH	ngram_quiet_all	wrapngram	T	1	Y	wrap(Wrap.v)	1	ngram_quiet_all=wrapngram/qhT
1RB---_0LC1LC_1RD0LD_0LB0RB	B	1	direct1	QH	ngram_quiet_all	wrapngram	T	1	Y	wrap(Wrap.v)	1	ngram_quiet_all=wrapngram/qhT
1RB---_0LC1LC_1RD0LD_0LB1RD	B	1	direct1	QH	ngram_quiet_all	wrapngram	T	1	Y	wrap(Wrap.v)	1	ngram_quiet_all=wrapngram/qhT
1RB---_0LC1LC_1RD0LD_1LB0RB	B	1	direct1	QH	ngram_quiet_all	wrapngram	T	1	Y	wrap(Wrap.v)	1	ngram_quiet_all=wrapngram/qhT
1RB---_0LC1LC_1RD0LD_1LB1RB	B	1	direct1	QH	ngram_quiet_all	wrapngram	T	1	Y	wrap(Wrap.v)	1	ngram_quiet_all=wrapngram/qhT
1RB---_0LC1LC_1RD0LD_1LB1RD	B	1	direct1	QH	ngram_quiet_all	wrapngram	T	1	Y	wrap(Wrap.v)	1	ngram_quiet_all=wrapngram/qhT
1RB---_0LC1LC_1RD0RC_0LB1RC	B	1	direct1	QH	ngram_quiet_all	wrapngram	T	1	Y	wrap(Wrap.v)	1	ngram_quiet_all=wrapngram/qhT
1RB---_0LC1LC_1RD1LB_0LB0RD	B	1	direct1	QH	ngram_quiet_all	wrapngram	T	1	Y	wrap(Wrap.v)	1	ngram_quiet_all=wrapngram/qhT
1RB---_0LC1LC_1RD1LB_0LB1RC	B	1	direct1	QH	ngram_quiet_all	wrapngram	T	1	Y	wrap(Wrap.v)	1	ngram_quiet_all=wrapngram/qhT
1RB---_0LC1LC_1RD1LB_0LB1RD	B	1	direct1	QH	ngram_quiet_all	wrapngram	T	1	Y	wrap(Wrap.v)	1	ngram_quiet_all=wrapngram/qhT
1RB---_0LC1LC_1RD1LB_1LB0RC	B	1	direct1	QH	ngram_quiet_all	wrapngram	T	1	Y	wrap(Wrap.v)	1	ngram_quiet_all=wrapngram/qhT
1RB---_0LC1LC_1RD1LB_1LB1RC	B	1	direct1	QH	ngram_quiet_all	wrapngram	T	1	Y	wrap(Wrap.v)	1	ngram_quiet_all=wrapngram/qhT
1RB---_0LC1LC_1RD1LC_0LB1RD	B	1	direct1	QH	ngram_quiet_all	wrapngram	T	1	Y	wrap(Wrap.v)	1	ngram_quiet_all=wrapngram/qhT
1RB---_0LC1LC_1RD1LD_0LB0RB	B	1	direct1	QH	ngram_quiet_all	wrapngram	T	1	Y	wrap(Wrap.v)	1	ngram_quiet_all=wrapngram/qhT
1RB---_0LC1LC_1RD1LD_0LB0RD	B	1	direct1	QH	ngram_quiet_all	wrapngram	T	1	Y	wrap(Wrap.v)	1	ngram_quiet_all=wrapngram/qhT
1RB---_0LC1LC_1RD1LD_0LB1RB	B	1	direct1	QH	ngram_quiet_all	wrapngram	T	1	Y	wrap(Wrap.v)	1	ngram_quiet_all=wrapngram/qhT
1RB---_0LC1LC_1RD1LD_0LB1RD	B	1	direct1	QH	ngram_quiet_all	wrapngram	T	1	Y	wrap(Wrap.v)	1	ngram_quiet_all=wrapngram/qhT
1RB---_0LC1LC_1RD1LD_1LB1RB	B	1	direct1	QH	ngram_quiet_all	wrapngram	T	1	Y	wrap(Wrap.v)	1	ngram_quiet_all=wrapngram/qhT
1RB---_0LC1LD_0LB1RC_1RC0LD	B	1	direct1	QH	ngram_quiet_all	wrapngram	T	1	Y	wrap(Wrap.v)	1	ngram_quiet_all=wrapngram/qhT
1RB---_0LC1LD_0LB1RC_1RC1LD	B	1	direct1	QH	ngram_quiet_all	wrapngram	T	1	Y	wrap(Wrap.v)	1	ngram_quiet_all=wrapngram/qhT
1RB---_0LC1LD_0LB1RD_1RC0LD	B	1	direct1	QH	ngram_quiet_all	wrapngram	T	1	Y	wrap(Wrap.v)	1	ngram_quiet_all=wrapngram/qhT
1RB---_0LC1LD_0LD1LB_1RD1LC	B	1	direct1	QH	ngram_quiet_all	wrapngram	T	1	Y	wrap(Wrap.v)	1	ngram_quiet_all=wrapngram/qhT
1RB---_0LC1LD_0RC1LA_1RC0LD	C	1	direct1	neverQH	ngram_fuel	neverqh_fuel	F	-	Y	neverqh_fuel	2	ngram_fuel=neverqh_fuel/qhF;ngram_drift=neverqh_fuel/qhF
1RB---_0LC1LD_0RC1RD_1LB0RC	B	1	direct1	QH	ngram_quiet_all	wrapngram	T	1	Y	wrap(Wrap.v)	1	ngram_quiet_all=wrapngram/qhT
1RB---_0LC1LD_1LB0RD_1RC0LD	B	1	direct1	QH	ngram_quiet_all	wrapngram	T	1	Y	wrap(Wrap.v)	1	ngram_quiet_all=wrapngram/qhT
1RB---_0LC1LD_1LB1RC_0RC1LD	B	1	direct1	QH	ngram_quiet_all	wrapngram	T	1	Y	wrap(Wrap.v)	1	ngram_quiet_all=wrapngram/qhT
1RB---_0LC1LD_1LB1RC_1RC0LC	B	1	direct1	QH	ngram_quiet_all	wrapngram	T	1	Y	wrap(Wrap.v)	1	ngram_quiet_all=wrapngram/qhT
1RB---_0LC1LD_1LB1RC_1RC0LD	B	1	direct1	QH	ngram_quiet_all	wrapngram	T	1	Y	wrap(Wrap.v)	1	ngram_quiet_all=wrapngram/qhT
1RB---_0LC1LD_1LB1RC_1RC1LB	B	1	direct1	QH	ngram_quiet_all	wrapngram	T	1	Y	wrap(Wrap.v)	1	ngram_quiet_all=wrapngram/qhT
1RB---_0LC1LD_1LB1RD_1RC0LD	B	1	direct1	QH	ngram_quiet_all	wrapngram	T	1	Y	wrap(Wrap.v)	1	ngram_quiet_all=wrapngram/qhT
1RB---_0LC1LD_1LD1LB_1RD0RC	B	1	direct1	QH	ngram_quiet_all	wrapngram	T	1	Y	wrap(Wrap.v)	1	ngram_quiet_all=wrapngram/qhT
1RB---_0LC1LD_1LD1RC_1RC1LB	B	1	direct1	QH	ngram_quiet_all	wrapngram	T	1	Y	wrap(Wrap.v)	1	ngram_quiet_all=wrapngram/qhT
1RB---_0LC1LD_1RB1LD_1RC0LD	B	1	direct1	QH	ngram_quiet_all	wrapngram	T	1	Y	wrap(Wrap.v)	1	ngram_quiet_all=wrapngram/qhT
1RB---_0LC1LD_1RC1LB_0LB0LD	B	1	direct1	QH	ngram_quiet_all	wrapngram	T	1	Y	wrap(Wrap.v)	1	ngram_quiet_all=wrapngram/qhT
1RB---_0LC1LD_1RC1LB_0LB1LC	B	1	direct1	QH	ngram_quiet_all	wrapngram	T	1	Y	wrap(Wrap.v)	1	ngram_quiet_all=wrapngram/qhT
1RB---_0LC1LD_1RC1LB_0LC0LD	B	1	direct1	QH	ngram_quiet_all	wrapngram	T	1	Y	wrap(Wrap.v)	1	ngram_quiet_all=wrapngram/qhT
1RB---_0LC1LD_1RC1LD_0LB1LB	B	1	direct1	QH	ngram_quiet_all	wrapngram	T	1	Y	wrap(Wrap.v)	1	ngram_quiet_all=wrapngram/qhT
1RB---_0LC1LD_1RC1RD_0LB0LD	B	1	direct1	QH	ngram_quiet_all	wrapngram	T	1	Y	wrap(Wrap.v)	1	ngram_quiet_all=wrapngram/qhT
1RB---_0LC1LD_1RC1RD_0LB1LB	B	1	direct1	QH	ngram_quiet_all	wrapngram	T	1	Y	wrap(Wrap.v)	1	ngram_quiet_all=wrapngram/qhT
1RB---_0LC1LD_1RD1LC_0LC0RB	B	1	direct1	QH	ngram_quiet_all	wrapngram	T	1	Y	wrap(Wrap.v)	1	ngram_quiet_all=wrapngram/qhT
1RB---_0LC1RA_0LD0RB_1LA1LC	C	1	direct1	undecided	-	-	-	-	N	-	0	
1RB---_0LC1RA_1LD1RC_0RA0LD	C	2	direct1/reroot	undecided	-	-	-	-	N	-	0	
1RB---_0LC1RA_1RC1LD_0RB0LD	B	1	direct1	QH	ngram_quiet_all	wrapngram	T	6	Y	wrap(Wrap.v)	1	ngram_quiet_all=wrapngram/qhT
1RB---_0LC1RB_---1LD_1RB0LD	B	5	direct1/reroot	QH	ngram_quiet_all	wrapngram	T	1	Y	wrap(Wrap.v)	1	ngram_quiet_all=wrapngram/qhT
1RB---_0LC1RB_---1LD_1RB1LD	B	5	direct1/reroot	QH	ngram_quiet_all	wrapngram	T	1	Y	wrap(Wrap.v)	1	ngram_quiet_all=wrapngram/qhT
1RB---_0LC1RB_0LB1RD_1LC0RD	B	1	direct1	QH	ngram_quiet_all	wrapngram	T	1	Y	wrap(Wrap.v)	1	ngram_quiet_all=wrapngram/qhT
1RB---_0LC1RB_0RB1LD_1LC0LD	B	1	direct1	QH	ngram_quiet_all	wrapngram	T	1	Y	wrap(Wrap.v)	1	ngram_quiet_all=wrapngram/qhT
1RB---_0LC1RB_0RC1LD_1RB1LC	B	1	direct1	QH	ngram_quiet_all	wrapngram	T	1	Y	wrap(Wrap.v)	1	ngram_quiet_all=wrapngram/qhT
1RB---_0LC1RB_1LA1LD_1LC0RB	C	1	direct1	undecided	-	-	-	-	N	-	0	
1RB---_0LC1RB_1LB1LD_1RC0LD	B	1	direct1	QH	ngram_quiet_all	wrapngram	T	1	Y	wrap(Wrap.v)	1	ngram_quiet_all=wrapngram/qhT
1RB---_0LC1RB_1LD0RB_1LA1LC	C	1	direct1	undecided	-	-	-	-	N	-	0	
1RB---_0LC1RB_1LD0RB_1RB0LD	B	1	direct1	QH	ngram_quiet_all	wrapngram	T	1	Y	wrap(Wrap.v)	1	ngram_quiet_all=wrapngram/qhT
1RB---_0LC1RB_1LD0RB_1RC1LC	B	1	direct1	QH	ngram_quiet_all	wrapngram	T	1	Y	wrap(Wrap.v)	1	ngram_quiet_all=wrapngram/qhT
1RB---_0LC1RB_1LD0RB_1RC1LD	B	1	direct1	QH	ngram_quiet_all	wrapngram	T	1	Y	wrap(Wrap.v)	1	ngram_quiet_all=wrapngram/qhT
1RB---_0LC1RB_1LD1LC_1RD0RB	B	1	direct1	QH	ngram_quiet_all	wrapngram	T	1	Y	wrap(Wrap.v)	1	ngram_quiet_all=wrapngram/qhT
1RB---_0LC1RB_1RB0LD_1LC1LD	B	1	direct1	QH	ngram_quiet_all	wrapngram	T	1	Y	wrap(Wrap.v)	1	ngram_quiet_all=wrapngram/qhT
1RB---_0LC1RB_1RB1LD_0RD1LC	B	1	direct1	QH	ngram_quiet_all	wrapngram	T	1	Y	wrap(Wrap.v)	1	ngram_quiet_all=wrapngram/qhT
1RB---_0LC1RB_1RB1LD_1LC0RB	B	1	direct1	QH	ngram_quiet_all	wrapngram	T	1	Y	wrap(Wrap.v)	1	ngram_quiet_all=wrapngram/qhT
1RB---_0LC1RB_1RB1LD_1RB1LC	B	1	direct1	QH	ngram_quiet_all	wrapngram	T	1	Y	wrap(Wrap.v)	1	ngram_quiet_all=wrapngram/qhT
1RB---_0LC1RB_1RB1LD_1RC0LD	B	1	direct1	QH	ngram_quiet_all	wrapngram	T	1	Y	wrap(Wrap.v)	1	ngram_quiet_all=wrapngram/qhT
1RB---_0LC1RB_1RD1LC_---1RB	B	3	direct1/reroot	QH	ngram_quiet_all	wrapngram	T	1	Y	wrap(Wrap.v)	1	ngram_quiet_all=wrapngram/qhT
1RB---_0LC1RB_1RD1LC_0LB0RB	B	1	direct1	QH	ngram_quiet_all	wrapngram	T	1	Y	wrap(Wrap.v)	1	ngram_quiet_all=wrapngram/qhT
1RB---_0LC1RB_1RD1LC_1RA0RB	C	1	direct1	neverQH	irules	irules	F	0	Y	irules(neverqh)	1	irules=irules/qhF
1RB---_0LC1RB_1RD1LD_1LC0RB	B	1	direct1	QH	ngram_quiet_all	wrapngram	T	1	Y	wrap(Wrap.v)	1	ngram_quiet_all=wrapngram/qhT
1RB---_0LC1RC_0LC1LD_1RB0LD	B	1	direct1	QH	ngram_quiet_all	wrapngram	T	1	Y	wrap(Wrap.v)	1	ngram_quiet_all=wrapngram/qhT
1RB---_0LC1RC_0LD0RC_1LA1LD	C	1	direct1	undecided	-	-	-	-	N	-	0	
1RB---_0LC1RC_0LD1LD_1RB1LB	B	1	direct1	QH	ngram_quiet_all	wrapngram	T	1	Y	wrap(Wrap.v)	1	ngram_quiet_all=wrapngram/qhT
1RB---_0LC1RC_0LD1RC_1RB1LD	B	1	direct1	QH	ngram_quiet_all	wrapngram	T	1	Y	wrap(Wrap.v)	1	ngram_quiet_all=wrapngram/qhT
1RB---_0LC1RC_0RC1LD_1LA0LD	C	1	direct1	undecided	-	-	-	-	N	-	0	
1RB---_0LC1RC_0RD1LC_1LB1RD	B	1	direct1	QH	ngram_quiet_all	wrapngram	T	1	Y	wrap(Wrap.v)	1	ngram_quiet_all=wrapngram/qhT
1RB---_0LC1RC_1LB1LD_1RB0LD	B	1	direct1	QH	ngram_quiet_all	wrapngram	T	1	Y	wrap(Wrap.v)	1	ngram_quiet_all=wrapngram/qhT
1RB---_0LC1RC_1LC1LD_1RB0LD	B	1	direct1	QH	ngram_quiet_all	wrapngram	T	1	Y	wrap(Wrap.v)	1	ngram_quiet_all=wrapngram/qhT
1RB---_0LC1RC_1LD0LB_1RB0LD	B	1	direct1	QH	ngram_quiet_all	wrapngram	T	1	Y	wrap(Wrap.v)	1	ngram_quiet_all=wrapngram/qhT
1RB---_0LC1RC_1LD0LC_0RB1LC	B	1	direct1	QH	ngram_quiet_all	wrapngram	T	1	Y	wrap(Wrap.v)	1	ngram_quiet_all=wrapngram/qhT
1RB---_0LC1RC_1LD0RB_1RB0LD	B	1	direct1	QH	ngram_quiet_all	wrapngram	T	1	Y	wrap(Wrap.v)	1	ngram_quiet_all=wrapngram/qhT
1RB---_0LC1RC_1LD0RC_0RB1LC	B	1	direct1	QH	ngram_quiet_all	wrapngram	T	1	Y	wrap(Wrap.v)	1	ngram_quiet_all=wrapngram/qhT
1RB---_0LC1RC_1LD0RC_1RB0LC	B	1	direct1	QH	ngram_quiet_all	wrapngram	T	1	Y	wrap(Wrap.v)	1	ngram_quiet_all=wrapngram/qhT
1RB---_0LC1RC_1LD0RC_1RB1LD	B	1	direct1	QH	ngram_quiet_all	wrapngram	T	1	Y	wrap(Wrap.v)	1	ngram_quiet_all=wrapngram/qhT
1RB---_0LC1RC_1LD1LB_1RB0LD	B	1	direct1	QH	ngram_quiet_all	wrapngram	T	1	Y	wrap(Wrap.v)	1	ngram_quiet_all=wrapngram/qhT
1RB---_0LC1RC_1LD1LD_1RB0LD	B	1	direct1	QH	ngram_quiet_all	wrapngram	T	1	Y	wrap(Wrap.v)	1	ngram_quiet_all=wrapngram/qhT
1RB---_0LC1RC_1LD1RC_0RB1LD	B	1	direct1	QH	ngram_quiet_all	wrapngram	T	1	Y	wrap(Wrap.v)	1	ngram_quiet_all=wrapngram/qhT
1RB---_0LC1RC_1RB0LD_1LC0RC	B	1	direct1	QH	ngram_quiet_all	wrapngram	T	1	Y	wrap(Wrap.v)	1	ngram_quiet_all=wrapngram/qhT
1RB---_0LC1RC_1RB0LD_1RC1LC	B	1	direct1	QH	ngram_quiet_all	wrapngram	T	1	Y	wrap(Wrap.v)	1	ngram_quiet_all=wrapngram/qhT
1RB---_0LC1RC_1RB1LD_0RB0LD	B	1	direct1	QH	ngram_quiet_all	wrapngram	T	1	Y	wrap(Wrap.v)	1	ngram_quiet_all=wrapngram/qhT
1RB---_0LC1RC_1RB1LD_1RC0LD	B	1	direct1	QH	ngram_quiet_all	wrapngram	T	1	Y	wrap(Wrap.v)	1	ngram_quiet_all=wrapngram/qhT
1RB---_0LC1RC_1RC0RD_1LB1RD	B	1	direct1	QH	ngram_quiet_all	wrapngram	T	1	Y	wrap(Wrap.v)	1	ngram_quiet_all=wrapngram/qhT
1RB---_0LC1RC_1RD0RD_1LB0RB	B	1	direct1	QH	ngram_quiet_all	wrapngram	T	1	Y	wrap(Wrap.v)	1	ngram_quiet_all=wrapngram/qhT
1RB---_0LC1RC_1RD0RD_1LB0RC	B	1	direct1	QH	ngram_quiet_all	wrapngram	T	1	Y	wrap(Wrap.v)	1	ngram_quiet_all=wrapngram/qhT
1RB---_0LC1RC_1RD0RD_1LB1RC	B	1	direct1	QH	ngram_quiet_all	wrapngram	T	1	Y	wrap(Wrap.v)	1	ngram_quiet_all=wrapngram/qhT
1RB---_0LC1RC_1RD1LD_1RB0LD	B	1	direct1	QH	ngram_quiet_all	wrapngram	T	1	Y	wrap(Wrap.v)	1	ngram_quiet_all=wrapngram/qhT
1RB---_0LC1RD_---1LD_1RB0LC	C	5	direct1/reroot	QH	rwlrank	wraprwl	T	1	N	wraprwl(QH,no-checker)	3	rwlrank=wraprwl/qhT;irules=irules/qhT;bouncer=bouncer/qhT
1RB---_0LC1RD_---1LD_1RB0LD	B	4	reroot	QH	ngram_quiet_all	wrapngram	T	1	Y	wrap(Wrap.v)	1	ngram_quiet_all=wrapngram/qhT
1RB---_0LC1RD_---1LD_1RB0RD	B	4	reroot	QH	ngram_quiet_all	wrapngram	T	1	Y	wrap(Wrap.v)	1	ngram_quiet_all=wrapngram/qhT
1RB---_0LC1RD_0LB1RC_1LB0RD	B	1	direct1	QH	ngram_quiet_all	wrapngram	T	1	Y	wrap(Wrap.v)	1	ngram_quiet_all=wrapngram/qhT
1RB---_0LC1RD_0LB1RD_1LB0RD	B	1	direct1	QH	ngram_quiet_all	wrapngram	T	1	Y	wrap(Wrap.v)	1	ngram_quiet_all=wrapngram/qhT
1RB---_0LC1RD_0LB1RD_1LC0RD	B	1	direct1	QH	ngram_quiet_all	wrapngram	T	1	Y	wrap(Wrap.v)	1	ngram_quiet_all=wrapngram/qhT
1RB---_0LC1RD_0LC1RD_1LB0RD	B	1	direct1	QH	ngram_quiet_all	wrapngram	T	1	Y	wrap(Wrap.v)	1	ngram_quiet_all=wrapngram/qhT
1RB---_0LC1RD_0LD1LC_1RD1RB	B	1	direct1	QH	ngram_quiet_all	wrapngram	T	1	Y	wrap(Wrap.v)	1	ngram_quiet_all=wrapngram/qhT
1RB---_0LC1RD_0RA1LB_1RB0RD	B	3	direct1/reroot	QH	ngram_quiet_all	wrapngram	T	6	Y	wrap(Wrap.v)	1	ngram_quiet_all=wrapngram/qhT
1RB---_0LC1RD_0RB1LC_1LC0RD	B	1	direct1	QH	ngram_quiet_all	wrapngram	T	1	Y	wrap(Wrap.v)	1	ngram_quiet_all=wrapngram/qhT
1RB---_0LC1RD_0RB1LC_1LC1RD	B	1	direct1	QH	ngram_quiet_all	wrapngram	T	1	Y	wrap(Wrap.v)	1	ngram_quiet_all=wrapngram/qhT
1RB---_0LC1RD_0RB1LC_1RB0RD	B	1	direct1	QH	ngram_quiet_all	wrapngram	T	1	Y	wrap(Wrap.v)	1	ngram_quiet_all=wrapngram/qhT
1RB---_0LC1RD_0RB1LC_1RB1RD	B	1	direct1	QH	ngram_quiet_all	wrapngram	T	1	Y	wrap(Wrap.v)	1	ngram_quiet_all=wrapngram/qhT
1RB---_0LC1RD_0RB1LD_1LC0RD	B	1	direct1	QH	ngram_quiet_all	wrapngram	T	1	Y	wrap(Wrap.v)	1	ngram_quiet_all=wrapngram/qhT
1RB---_0LC1RD_0RC1RD_1LB0RD	B	1	direct1	QH	ngram_quiet_all	wrapngram	T	1	Y	wrap(Wrap.v)	1	ngram_quiet_all=wrapngram/qhT
1RB---_0LC1RD_0RD1LB_1RB0RB	B	1	direct1	QH	ngram_quiet_all	wrapngram	T	1	Y	wrap(Wrap.v)	1	ngram_quiet_all=wrapngram/qhT
1RB---_0LC1RD_0RD1LB_1RB0RD	B	1	direct1	QH	ngram_quiet_all	wrapngram	T	1	Y	wrap(Wrap.v)	1	ngram_quiet_all=wrapngram/qhT
1RB---_0LC1RD_1LA1LB_1RB0RD	B	1	direct1	QH	ngram_quiet_all	wrapngram	T	6	Y	wrap(Wrap.v)	1	ngram_quiet_all=wrapngram/qhT
1RB---_0LC1RD_1LA1LC_0LA0RD	C	2	direct1/reroot	undecided	-	-	-	-	N	-	0	
1RB---_0LC1RD_1LB0RD_1RC0RC	B	1	direct1	QH	ngram_quiet_all	wrapngram	T	1	Y	wrap(Wrap.v)	1	ngram_quiet_all=wrapngram/qhT
1RB---_0LC1RD_1LB1LD_0RB0RD	B	1	direct1	QH	ngram_quiet_all	wrapngram	T	1	Y	wrap(Wrap.v)	1	ngram_quiet_all=wrapngram/qhT
1RB---_0LC1RD_1LB1RC_---0RC	B	3	direct1/reroot	QH	ngram_quiet_all	wrapngram	T	1	Y	wrap(Wrap.v)	1	ngram_quiet_all=wrapngram/qhT
1RB---_0LC1RD_1LB1RC_0RB0RD	B	1	direct1	QH	ngram_quiet_all	wrapngram	T	1	Y	wrap(Wrap.v)	1	ngram_quiet_all=wrapngram/qhT
1RB---_0LC1RD_1LB1RC_0RC0LB	B	1	direct1	QH	ngram_quiet_all	wrapngram	T	1	Y	wrap(Wrap.v)	1	ngram_quiet_all=wrapngram/qhT
1RB---_0LC1RD_1LB1RC_1LB0RD	B	1	direct1	QH	ngram_quiet_all	wrapngram	T	1	Y	wrap(Wrap.v)	1	ngram_quiet_all=wrapngram/qhT
1RB---_0LC1RD_1LB1RC_1LC0RD	B	1	direct1	QH	ngram_quiet_all	wrapngram	T	1	Y	wrap(Wrap.v)	1	ngram_quiet_all=wrapngram/qhT
1RB---_0LC1RD_1LB1RD_0RB0RD	B	1	direct1	QH	ngram_quiet_all	wrapngram	T	1	Y	wrap(Wrap.v)	1	ngram_quiet_all=wrapngram/qhT
1RB---_0LC1RD_1LB1RD_1LB0RD	B	1	direct1	QH	ngram_quiet_all	wrapngram	T	1	Y	wrap(Wrap.v)	1	ngram_quiet_all=wrapngram/qhT
1RB---_0LC1RD_1LB1RD_1LC0RD	B	1	direct1	QH	ngram_quiet_all	wrapngram	T	1	Y	wrap(Wrap.v)	1	ngram_quiet_all=wrapngram/qhT
1RB---_0LC1RD_1LB1RD_1RC0RC	B	1	direct1	QH	ngram_quiet_all	wrapngram	T	1	Y	wrap(Wrap.v)	1	ngram_quiet_all=wrapngram/qhT
1RB---_0LC1RD_1LC1LD_0RB0RD	B	1	direct1	QH	ngram_quiet_all	wrapngram	T	1	Y	wrap(Wrap.v)	1	ngram_quiet_all=wrapngram/qhT
1RB---_0LC1RD_1LC1RD_1LB0RD	B	1	direct1	QH	ngram_quiet_all	wrapngram	T	1	Y	wrap(Wrap.v)	1	ngram_quiet_all=wrapngram/qhT
1RB---_0LC1RD_1LD0LC_0RB1LC	B	1	direct1	QH	ngram_quiet_all	wrapngram	T	1	Y	wrap(Wrap.v)	1	ngram_quiet_all=wrapngram/qhT
1RB---_0LC1RD_1LD0LD_0RB1LC	B	1	direct1	QH	ngram_quiet_all	wrapngram	T	1	Y	wrap(Wrap.v)	1	ngram_quiet_all=wrapngram/qhT
1RB---_0LC1RD_1LD1LB_0RB1LC	B	1	direct1	QH	ngram_quiet_all	wrapngram	T	1	Y	wrap(Wrap.v)	1	ngram_quiet_all=wrapngram/qhT
1RB---_0LC1RD_1LD1LB_1RB0RD	B	1	direct1	QH	ngram_quiet_all	wrapngram	T	1	Y	wrap(Wrap.v)	1	ngram_quiet_all=wrapngram/qhT
1RB---_0LC1RD_1LD1LC_1RB0RD	B	1	direct1	QH	ngram_quiet_all	wrapngram	T	1	Y	wrap(Wrap.v)	1	ngram_quiet_all=wrapngram/qhT
1RB---_0LC1RD_1RA1LB_1RB0RD	B	1	direct1	QH	ngram_quiet_all	wrapngram	T	6	Y	wrap(Wrap.v)	1	ngram_quiet_all=wrapngram/qhT
1RB---_0LC1RD_1RB0LD_1LC0RD	B	1	direct1	QH	ngram_quiet_all	wrapngram	T	1	Y	wrap(Wrap.v)	1	ngram_quiet_all=wrapngram/qhT
1RB---_0LC1RD_1RB1LC_0LC0RB	B	1	direct1	QH	ngram_quiet_all	wrapngram	T	1	Y	wrap(Wrap.v)	1	ngram_quiet_all=wrapngram/qhT
1RB---_0LC1RD_1RB1LC_0LC0RC	B	1	direct1	QH	ngram_quiet_all	wrapngram	T	1	Y	wrap(Wrap.v)	1	ngram_quiet_all=wrapngram/qhT
1RB---_0LC1RD_1RB1LC_0LC0RD	B	1	direct1	QH	ngram_quiet_all	wrapngram	T	1	Y	wrap(Wrap.v)	1	ngram_quiet_all=wrapngram/qhT
1RB---_0LC1RD_1RB1LC_0LC1LD	B	1	direct1	QH	ngram_quiet_all	wrapngram	T	1	Y	wrap(Wrap.v)	1	ngram_quiet_all=wrapngram/qhT
1RB---_0LC1RD_1RB1LC_0LC1RB	B	1	direct1	QH	ngram_quiet_all	wrapngram	T	1	Y	wrap(Wrap.v)	1	ngram_quiet_all=wrapngram/qhT
1RB---_0LC1RD_1RB1LC_0LC1RD	B	1	direct1	QH	ngram_quiet_all	wrapngram	T	1	Y	wrap(Wrap.v)	1	ngram_quiet_all=wrapngram/qhT
1RB---_0LC1RD_1RB1LC_0LD0RB	B	1	direct1	QH	ngram_quiet_all	wrapngram	T	1	Y	wrap(Wrap.v)	1	ngram_quiet_all=wrapngram/qhT
1RB---_0LC1RD_1RB1LC_0LD1RB	B	1	direct1	QH	ngram_quiet_all	wrapngram	T	1	Y	wrap(Wrap.v)	1	ngram_quiet_all=wrapngram/qhT
1RB---_0LC1RD_1RB1LC_0RB0LB	B	1	direct1	QH	ngram_quiet_all	wrapngram	T	1	Y	wrap(Wrap.v)	1	ngram_quiet_all=wrapngram/qhT
1RB---_0LC1RD_1RB1LC_0RB0RC	B	1	direct1	QH	ngram_quiet_all	wrapngram	T	1	Y	wrap(Wrap.v)	1	ngram_quiet_all=wrapngram/qhT
1RB---_0LC1RD_1RB1LC_0RB0RD	B	1	direct1	QH	ngram_quiet_all	wrapngram	T	1	Y	wrap(Wrap.v)	1	ngram_quiet_all=wrapngram/qhT
1RB---_0LC1RD_1RB1LC_1LB0LD	B	1	direct1	QH	ngram_quiet_all	wrapngram	T	1	Y	wrap(Wrap.v)	1	ngram_quiet_all=wrapngram/qhT
1RB---_0LC1RD_1RB1LC_1LB0RB	B	1	direct1	QH	ngram_quiet_all	wrapngram	T	1	Y	wrap(Wrap.v)	1	ngram_quiet_all=wrapngram/qhT
1RB---_0LC1RD_1RB1LC_1LB1LD	B	1	direct1	QH	ngram_quiet_all	wrapngram	T	1	Y	wrap(Wrap.v)	1	ngram_quiet_all=wrapngram/qhT
1RB---_0LC1RD_1RB1LC_1LC0RC	B	1	direct1	QH	ngram_quiet_all	wrapngram	T	1	Y	wrap(Wrap.v)	1	ngram_quiet_all=wrapngram/qhT
1RB---_0LC1RD_1RB1LC_1LC0RD	B	1	direct1	QH	ngram_quiet_all	wrapngram	T	1	Y	wrap(Wrap.v)	1	ngram_quiet_all=wrapngram/qhT
1RB---_0LC1RD_1RB1LC_1LD0LB	B	1	direct1	QH	ngram_quiet_all	wrapngram	T	1	Y	wrap(Wrap.v)	1	ngram_quiet_all=wrapngram/qhT
1RB---_0LC1RD_1RB1LC_1RB0RB	B	1	direct1	QH	ngram_quiet_all	wrapngram	T	1	Y	wrap(Wrap.v)	1	ngram_quiet_all=wrapngram/qhT
1RB---_0LC1RD_1RB1LC_1RB0RC	B	1	direct1	QH	ngram_quiet_all	wrapngram	T	1	Y	wrap(Wrap.v)	1	ngram_quiet_all=wrapngram/qhT
1RB---_0LC1RD_1RB1LC_1RB0RD	B	1	direct1	QH	ngram_quiet_all	wrapngram	T	1	Y	wrap(Wrap.v)	1	ngram_quiet_all=wrapngram/qhT
1RB---_0LC1RD_1RB1LC_1RC0RC	B	1	direct1	QH	ngram_quiet_all	wrapngram	T	1	Y	wrap(Wrap.v)	1	ngram_quiet_all=wrapngram/qhT
1RB---_0LC1RD_1RB1LD_1LC0RD	B	1	direct1	QH	ngram_quiet_all	wrapngram	T	1	Y	wrap(Wrap.v)	1	ngram_quiet_all=wrapngram/qhT
1RB---_0LC1RD_1RB1LD_1RC0LD	B	1	direct1	QH	ngram_quiet_all	wrapngram	T	1	Y	wrap(Wrap.v)	1	ngram_quiet_all=wrapngram/qhT
1RB---_0LC1RD_1RC1LB_1RB0RD	B	1	direct1	QH	ngram_quiet_all	wrapngram	T	1	Y	wrap(Wrap.v)	1	ngram_quiet_all=wrapngram/qhT
1RB---_0LC1RD_1RC1RD_1LB0RD	B	1	direct1	QH	ngram_quiet_all	wrapngram	T	1	Y	wrap(Wrap.v)	1	ngram_quiet_all=wrapngram/qhT
1RB---_0LC1RD_1RD1LB_1RB0RD	B	1	direct1	QH	ngram_quiet_all	wrapngram	T	1	Y	wrap(Wrap.v)	1	ngram_quiet_all=wrapngram/qhT
1RB---_0LC1RD_1RD1LC_0LC0RB	B	1	direct1	QH	ngram_quiet_all	wrapngram	T	1	Y	wrap(Wrap.v)	1	ngram_quiet_all=wrapngram/qhT
1RB---_0LC1RD_1RD1LC_0LC1RB	B	1	direct1	QH	ngram_quiet_all	wrapngram	T	1	Y	wrap(Wrap.v)	1	ngram_quiet_all=wrapngram/qhT
1RB---_0LC1RD_1RD1LC_0LD1RB	B	1	direct1	QH	ngram_quiet_all	wrapngram	T	1	Y	wrap(Wrap.v)	1	ngram_quiet_all=wrapngram/qhT
1RB---_0RC---_0LC1RD_1LC0RD	B	1	direct1	QH	ngram_quiet_all	wrapngram	T	1	Y	wrap(Wrap.v)	1	ngram_quiet_all=wrapngram/qhT
1RB---_0RC---_0LD0RC_1RC1LD	B	1	direct1	QH	ngram_quiet_all	wrapngram	T	1	Y	wrap(Wrap.v)	1	ngram_quiet_all=wrapngram/qhT
1RB---_0RC---_0LD1RC_1RC1LD	B	1	direct1	QH	ngram_quiet_all	wrapngram	T	1	Y	wrap(Wrap.v)	1	ngram_quiet_all=wrapngram/qhT
1RB---_0RC---_0RD0LC_1LC1RD	B	1	direct1	QH	ngram_quiet_all	wrapngram	T	1	Y	wrap(Wrap.v)	1	ngram_quiet_all=wrapngram/qhT
1RB---_0RC---_0RD0RC_1LD1RC	B	1	direct1	QH	ngram_quiet_all	wrapngram	T	1	Y	wrap(Wrap.v)	1	ngram_quiet_all=wrapngram/qhT
1RB---_0RC---_0RD1LC_1LC1RD	B	1	direct1	QH	ngram_quiet_all	wrapngram	T	1	Y	wrap(Wrap.v)	1	ngram_quiet_all=wrapngram/qhT
1RB---_0RC---_1LC0LD_1RB0LC	B	1	direct1	QH	ngram_quiet_all	wrapngram	T	1	Y	wrap(Wrap.v)	1	ngram_quiet_all=wrapngram/qhT
1RB---_0RC---_1LC0LD_1RB0LD	B	1	direct1	QH	ngram_quiet_all	wrapngram	T	1	Y	wrap(Wrap.v)	1	ngram_quiet_all=wrapngram/qhT
1RB---_0RC---_1LC0LD_1RB0RC	B	1	direct1	QH	ngram_quiet_all	wrapngram	T	1	Y	wrap(Wrap.v)	1	ngram_quiet_all=wrapngram/qhT
1RB---_0RC---_1LC1RD_0LB0RD	B	1	direct1	QH	ngram_quiet_all	wrapngram	T	1	Y	wrap(Wrap.v)	1	ngram_quiet_all=wrapngram/qhT
1RB---_0RC---_1LC1RD_0RB0RD	B	1	direct1	QH	ngram_quiet_all	wrapngram	T	1	Y	wrap(Wrap.v)	1	ngram_quiet_all=wrapngram/qhT
1RB---_0RC---_1LC1RD_0RC0RD	B	1	direct1	QH	ngram_quiet_all	wrapngram	T	1	Y	wrap(Wrap.v)	1	ngram_quiet_all=wrapngram/qhT
1RB---_0RC---_1LC1RD_1LC0RD	B	1	direct1	QH	ngram_quiet_all	wrapngram	T	1	Y	wrap(Wrap.v)	1	ngram_quiet_all=wrapngram/qhT
1RB---_0RC---_1LD0RB_0LD1RB	C	1	direct1	QH	quietfar	wrapfar	T	1	N	wrapfar(QH,no-checker)	1	quietfar=wrapfar/qhT
1RB---_0RC---_1LD0RC_0LD1RB	B	1	direct1	QH	ngram_quiet_all	wrapngram	T	1	Y	wrap(Wrap.v)	1	ngram_quiet_all=wrapngram/qhT
1RB---_0RC---_1LD0RC_0LD1RC	B	1	direct1	QH	ngram_quiet_all	wrapngram	T	1	Y	wrap(Wrap.v)	1	ngram_quiet_all=wrapngram/qhT
1RB---_0RC---_1LD0RC_1LD1RC	B	1	direct1	QH	ngram_quiet_all	wrapngram	T	1	Y	wrap(Wrap.v)	1	ngram_quiet_all=wrapngram/qhT
1RB---_0RC---_1LD1RC_0RC0LD	B	1	direct1	QH	ngram_quiet_all	wrapngram	T	1	Y	wrap(Wrap.v)	1	ngram_quiet_all=wrapngram/qhT
1RB---_0RC---_1LD1RC_0RC1LD	B	1	direct1	QH	ngram_quiet_all	wrapngram	T	1	Y	wrap(Wrap.v)	1	ngram_quiet_all=wrapngram/qhT
1RB---_0RC---_1RD0LD_1LC0RC	B	1	direct1	QH	ngram_quiet_all	wrapngram	T	1	Y	wrap(Wrap.v)	1	ngram_quiet_all=wrapngram/qhT
1RB---_0RC---_1RD0RD_1LD1RC	B	1	direct1	QH	ngram_quiet_all	wrapngram	T	1	Y	wrap(Wrap.v)	1	ngram_quiet_all=wrapngram/qhT
1RB---_0RC---_1RD1LC_0LC0RD	B	1	direct1	QH	ngram_quiet_all	wrapngram	T	1	Y	wrap(Wrap.v)	1	ngram_quiet_all=wrapngram/qhT
1RB---_0RC0LB_0LD1RB_1RC1LB	B	1	direct1	QH	ngram_quiet_all	wrapngram	T	1	Y	wrap(Wrap.v)	1	ngram_quiet_all=wrapngram/qhT
1RB---_0RC0LB_0LD1RC_1LB1LD	B	1	direct1	QH	ngram_quiet_all	wrapngram	T	1	Y	wrap(Wrap.v)	1	ngram_quiet_all=wrapngram/qhT
1RB---_0RC0LB_0LD1RD_1RC1LB	B	1	direct1	QH	ngram_quiet_all	wrapngram	T	1	Y	wrap(Wrap.v)	1	ngram_quiet_all=wrapngram/qhT
1RB---_0RC0LB_0RD1RD_1LB0LB	B	1	direct1	QH	ngram_quiet_all	wrapngram	T	1	Y	wrap(Wrap.v)	1	ngram_quiet_all=wrapngram/qhT
1RB---_0RC0LB_0RD1RD_1LB0RC	B	1	direct1	QH	ngram_quiet_all	wrapngram	T	1	Y	wrap(Wrap.v)	1	ngram_quiet_all=wrapngram/qhT
1RB---_0RC0LB_0RD1RD_1LB1RC	B	1	direct1	QH	ngram_quiet_all	wrapngram	T	1	Y	wrap(Wrap.v)	1	ngram_quiet_all=wrapngram/qhT
1RB---_0RC0LB_1LB0RD_1RC1RD	B	1	direct1	QH	ngram_quiet_all	wrapngram	T	1	Y	wrap(Wrap.v)	1	ngram_quiet_all=wrapngram/qhT
1RB---_0RC0LB_1LB1RD_0LD1RC	B	1	direct1	QH	ngram_quiet_all	wrapngram	T	1	Y	wrap(Wrap.v)	1	ngram_quiet_all=wrapngram/qhT
1RB---_0RC0LB_1LB1RD_1LB0RD	B	1	direct1	QH	ngram_quiet_all	wrapngram	T	1	Y	wrap(Wrap.v)	1	ngram_quiet_all=wrapngram/qhT
1RB---_0RC0LB_1LB1RD_1LB1RC	B	1	direct1	QH	ngram_quiet_all	wrapngram	T	1	Y	wrap(Wrap.v)	1	ngram_quiet_all=wrapngram/qhT
1RB---_0RC0LB_1LB1RD_1LB1RD	B	1	direct1	QH	ngram_quiet_all	wrapngram	T	1	Y	wrap(Wrap.v)	1	ngram_quiet_all=wrapngram/qhT
1RB---_0RC0LB_1LB1RD_1LC0RD	B	1	direct1	QH	ngram_quiet_all	wrapngram	T	1	Y	wrap(Wrap.v)	1	ngram_quiet_all=wrapngram/qhT
1RB---_0RC0LB_1LB1RD_1LC1RC	B	1	direct1	QH	ngram_quiet_all	wrapngram	T	1	Y	wrap(Wrap.v)	1	ngram_quiet_all=wrapngram/qhT
1RB---_0RC0LB_1LB1RD_1RC---	C	1	direct1	undecided	-	-	-	-	N	-	0	
1RB---_0RC0LB_1LC1RD_1LB0RD	B	1	direct1	QH	ngram_quiet_all	wrapngram	T	1	Y	wrap(Wrap.v)	1	ngram_quiet_all=wrapngram/qhT
1RB---_0RC0LB_1LD0RD_1LB1RD	B	1	direct1	QH	ngram_quiet_all	wrapngram	T	1	Y	wrap(Wrap.v)	1	ngram_quiet_all=wrapngram/qhT
1RB---_0RC0LB_1LD1RC_0RC0LB	B	1	direct1	QH	ngram_quiet_all	wrapngram	T	1	Y	wrap(Wrap.v)	1	ngram_quiet_all=wrapngram/qhT
1RB---_0RC0LB_1LD1RC_0RD1LB	B	1	direct1	QH	ngram_quiet_all	wrapngram	T	1	Y	wrap(Wrap.v)	1	ngram_quiet_all=wrapngram/qhT
1RB---_0RC0LB_1LD1RC_1LB0RB	B	1	direct1	QH	ngram_quiet_all	wrapngram	T	1	Y	wrap(Wrap.v)	1	ngram_quiet_all=wrapngram/qhT
1RB---_0RC0LB_1LD1RC_1LB1LB	B	1	direct1	QH	ngram_quiet_all	wrapngram	T	1	Y	wrap(Wrap.v)	1	ngram_quiet_all=wrapngram/qhT
1RB---_0RC0LB_1LD1RC_1RC1LB	B	1	direct1	QH	ngram_quiet_all	wrapngram	T	1	Y	wrap(Wrap.v)	1	ngram_quiet_all=wrapngram/qhT
1RB---_0RC0LB_1LD1RD_1LB0RD	B	1	direct1	QH	ngram_quiet_all	wrapngram	T	1	Y	wrap(Wrap.v)	1	ngram_quiet_all=wrapngram/qhT
1RB---_0RC0LB_1RD---_1LB1RC	C	1	direct1	undecided	-	-	-	-	N	-	0	
1RB---_0RC0LB_1RD---_1LB1RD	B	1	direct1	QH	ngram_quiet_all	wrapngram	T	1	Y	wrap(Wrap.v)	1	ngram_quiet_all=wrapngram/qhT
1RB---_0RC0LB_1RD0LB_1LB0RD	B	1	direct1	QH	ngram_quiet_all	wrapngram	T	1	Y	wrap(Wrap.v)	1	ngram_quiet_all=wrapngram/qhT
1RB---_0RC0LB_1RD0LB_1LC1RC	B	1	direct1	QH	ngram_quiet_all	wrapngram	T	1	Y	wrap(Wrap.v)	1	ngram_quiet_all=wrapngram/qhT
1RB---_0RC0LB_1RD0LB_1LC1RD	B	1	direct1	QH	ngram_quiet_all	wrapngram	T	1	Y	wrap(Wrap.v)	1	ngram_quiet_all=wrapngram/qhT
1RB---_0RC0LB_1RD0LC_1LB0RD	B	1	direct1	QH	ngram_quiet_all	wrapngram	T	1	Y	wrap(Wrap.v)	1	ngram_quiet_all=wrapngram/qhT
1RB---_0RC0LB_1RD0RC_1LB0RD	B	1	direct1	QH	ngram_quiet_all	wrapngram	T	1	Y	wrap(Wrap.v)	1	ngram_quiet_all=wrapngram/qhT
1RB---_0RC0LB_1RD1LB_1LD1RC	B	1	direct1	QH	ngram_quiet_all	wrapngram	T	1	Y	wrap(Wrap.v)	1	ngram_quiet_all=wrapngram/qhT
1RB---_0RC0LB_1RD1RC_1LB0LC	B	1	direct1	QH	ngram_quiet_all	wrapngram	T	1	Y	wrap(Wrap.v)	1	ngram_quiet_all=wrapngram/qhT
1RB---_0RC0LB_1RD1RC_1LB1LC	B	1	direct1	QH	ngram_quiet_all	wrapngram	T	1	Y	wrap(Wrap.v)	1	ngram_quiet_all=wrapngram/qhT
1RB---_0RC0LB_1RD1RC_1LD1LB	B	1	direct1	QH	ngram_quiet_all	wrapngram	T	1	Y	wrap(Wrap.v)	1	ngram_quiet_all=wrapngram/qhT
1RB---_0RC0LB_1RD1RD_1LB0RD	B	1	direct1	QH	ngram_quiet_all	wrapngram	T	1	Y	wrap(Wrap.v)	1	ngram_quiet_all=wrapngram/qhT
1RB---_0RC0LC_0LD1RC_1LB1LD	B	1	direct1	QH	ngram_quiet_all	wrapngram	T	1	Y	wrap(Wrap.v)	1	ngram_quiet_all=wrapngram/qhT
1RB---_0RC0LC_0RD1RD_1LB0RB	B	1	direct1	QH	ngram_quiet_all	wrapngram	T	1	Y	wrap(Wrap.v)	1	ngram_quiet_all=wrapngram/qhT
1RB---_0RC0LC_0RD1RD_1LB0RC	B	1	direct1	QH	ngram_quiet_all	wrapngram	T	1	Y	wrap(Wrap.v)	1	ngram_quiet_all=wrapngram/qhT
1RB---_0RC0LC_0RD1RD_1LB0RD	B	1	direct1	QH	ngram_quiet_all	wrapngram	T	1	Y	wrap(Wrap.v)	1	ngram_quiet_all=wrapngram/qhT
1RB---_0RC0LC_0RD1RD_1LB1RB	B	1	direct1	QH	ngram_quiet_all	wrapngram	T	1	Y	wrap(Wrap.v)	1	ngram_quiet_all=wrapngram/qhT
1RB---_0RC0LC_0RD1RD_1LB1RC	B	1	direct1	QH	ngram_quiet_all	wrapngram	T	1	Y	wrap(Wrap.v)	1	ngram_quiet_all=wrapngram/qhT
1RB---_0RC0LC_1LB1RD_1LC0RD	B	1	direct1	QH	ngram_quiet_all	wrapngram	T	1	Y	wrap(Wrap.v)	1	ngram_quiet_all=wrapngram/qhT
1RB---_0RC0LC_1LC0LD_1RB0RD	B	1	direct1	QH	ngram_quiet_all	wrapngram	T	1	Y	wrap(Wrap.v)	1	ngram_quiet_all=wrapngram/qhT
1RB---_0RC0LC_1LC1LD_1RD1RB	B	1	direct1	QH	ngram_quiet_all	wrapngram	T	1	Y	wrap(Wrap.v)	1	ngram_quiet_all=wrapngram/qhT
1RB---_0RC0LC_1LC1RD_0LD0RB	B	1	direct1	QH	ngram_quiet_all	wrapngram	T	1	Y	wrap(Wrap.v)	1	ngram_quiet_all=wrapngram/qhT
1RB---_0RC0LC_1LC1RD_0RB1RB	B	1	direct1	QH	ngram_quiet_all	wrapngram	T	1	Y	wrap(Wrap.v)	1	ngram_quiet_all=wrapngram/qhT
1RB---_0RC0LC_1LC1RD_1LB0RD	B	1	direct1	QH	ngram_quiet_all	wrapngram	T	1	Y	wrap(Wrap.v)	1	ngram_quiet_all=wrapngram/qhT
1RB---_0RC0LC_1LD0LD_1RB1LC	B	1	direct1	QH	ngram_quiet_all	wrapngram	T	1	Y	wrap(Wrap.v)	1	ngram_quiet_all=wrapngram/qhT
1RB---_0RC0LC_1LD0RB_0LD1RC	B	1	direct1	QH	ngram_quiet_all	wrapngram	T	1	Y	wrap(Wrap.v)	1	ngram_quiet_all=wrapngram/qhT
1RB---_0RC0LC_1LD0RB_1LD1RC	B	1	direct1	QH	ngram_quiet_all	wrapngram	T	1	Y	wrap(Wrap.v)	1	ngram_quiet_all=wrapngram/qhT
1RB---_0RC0LC_1LD1RC_0RC1LB	B	1	direct1	QH	ngram_quiet_all	wrapngram	T	1	Y	wrap(Wrap.v)	1	ngram_quiet_all=wrapngram/qhT
1RB---_0RC0LC_1LD1RC_0RD1LB	B	1	direct1	QH	ngram_quiet_all	wrapngram	T	1	Y	wrap(Wrap.v)	1	ngram_quiet_all=wrapngram/qhT
1RB---_0RC0LC_1LD1RD_1LB0RD	B	1	direct1	QH	ngram_quiet_all	wrapngram	T	1	Y	wrap(Wrap.v)	1	ngram_quiet_all=wrapngram/qhT
1RB---_0RC0LC_1LD1RD_1LB1RC	B	1	direct1	QH	ngram_quiet_all	wrapngram	T	1	Y	wrap(Wrap.v)	1	ngram_quiet_all=wrapngram/qhT
1RB---_0RC0LC_1RD0LB_1LC1RC	B	1	direct1	QH	ngram_quiet_all	wrapngram	T	1	Y	wrap(Wrap.v)	1	ngram_quiet_all=wrapngram/qhT
1RB---_0RC0LC_1RD1RC_1LB0RC	B	1	direct1	QH	ngram_quiet_all	wrapngram	T	1	Y	wrap(Wrap.v)	1	ngram_quiet_all=wrapngram/qhT
1RB---_0RC0LD_0LD1RC_1LB1LD	B	1	direct1	QH	ngram_quiet_all	wrapngram	T	1	Y	wrap(Wrap.v)	1	ngram_quiet_all=wrapngram/qhT
1RB---_0RC0LD_0RD0RB_1LD1RB	B	1	direct1	QH	ngram_quiet_all	wrapngram	T	1	Y	wrap(Wrap.v)	1	ngram_quiet_all=wrapngram/qhT
1RB---_0RC0LD_0RD0RB_1LD1RC	B	1	direct1	QH	ngram_quiet_all	wrapngram	T	1	Y	wrap(Wrap.v)	1	ngram_quiet_all=wrapngram/qhT
1RB---_0RC0LD_0RD0RC_1LD1RB	B	1	direct1	QH	ngram_quiet_all	wrapngram	T	1	Y	wrap(Wrap.v)	1	ngram_quiet_all=wrapngram/qhT
1RB---_0RC0LD_1LB0RD_1RC0LB	B	1	direct1	QH	ngram_quiet_all	wrapngram	T	1	Y	wrap(Wrap.v)	1	ngram_quiet_all=wrapngram/qhT
1RB---_0RC0LD_1LB0RD_1RC0RD	B	1	direct1	QH	ngram_quiet_all	wrapngram	T	1	Y	wrap(Wrap.v)	1	ngram_quiet_all=wrapngram/qhT
1RB---_0RC0LD_1LB0RD_1RC1LB	B	1	direct1	QH	ngram_quiet_all	wrapngram	T	1	Y	wrap(Wrap.v)	1	ngram_quiet_all=wrapngram/qhT
1RB---_0RC0LD_1LB0RD_1RC1RD	B	1	direct1	QH	ngram_quiet_all	wrapngram	T	1	Y	wrap(Wrap.v)	1	ngram_quiet_all=wrapngram/qhT
1RB---_0RC0LD_1LB1RC_0RC0LB	B	1	direct1	QH	ngram_quiet_all	wrapngram	T	1	Y	wrap(Wrap.v)	1	ngram_quiet_all=wrapngram/qhT
1RB---_0RC0LD_1LB1RC_0RC0LD	B	1	direct1	QH	ngram_quiet_all	wrapngram	T	1	Y	wrap(Wrap.v)	1	ngram_quiet_all=wrapngram/qhT
1RB---_0RC0LD_1LB1RC_0RC0RB	B	1	direct1	QH	ngram_quiet_all	wrapngram	T	1	Y	wrap(Wrap.v)	1	ngram_quiet_all=wrapngram/qhT
1RB---_0RC0LD_1LB1RC_0RC0RD	B	1	direct1	QH	ngram_quiet_all	wrapngram	T	1	Y	wrap(Wrap.v)	1	ngram_quiet_all=wrapngram/qhT
1RB---_0RC0LD_1LB1RC_0RC1LB	B	1	direct1	QH	ngram_quiet_all	wrapngram	T	1	Y	wrap(Wrap.v)	1	ngram_quiet_all=wrapngram/qhT
1RB---_0RC0LD_1LB1RC_0RC1RB	B	1	direct1	QH	ngram_quiet_all	wrapngram	T	1	Y	wrap(Wrap.v)	1	ngram_quiet_all=wrapngram/qhT
1RB---_0RC0LD_1LB1RC_0RC1RD	B	1	direct1	QH	ngram_quiet_all	wrapngram	T	1	Y	wrap(Wrap.v)	1	ngram_quiet_all=wrapngram/qhT
1RB---_0RC0LD_1LB1RC_0RD0RC	B	1	direct1	QH	ngram_quiet_all	wrapngram	T	1	Y	wrap(Wrap.v)	1	ngram_quiet_all=wrapngram/qhT
1RB---_0RC0LD_1LB1RC_1LC0LC	B	1	direct1	QH	ngram_quiet_all	wrapngram	T	1	Y	wrap(Wrap.v)	1	ngram_quiet_all=wrapngram/qhT
1RB---_0RC0LD_1LB1RC_1LC0RD	B	1	direct1	QH	ngram_quiet_all	wrapngram	T	1	Y	wrap(Wrap.v)	1	ngram_quiet_all=wrapngram/qhT
1RB---_0RC0LD_1LB1RC_1LC1RB	B	1	direct1	QH	ngram_quiet_all	wrapngram	T	1	Y	wrap(Wrap.v)	1	ngram_quiet_all=wrapngram/qhT
1RB---_0RC0LD_1LB1RC_1LD1RB	B	1	direct1	QH	ngram_quiet_all	wrapngram	T	1	Y	wrap(Wrap.v)	1	ngram_quiet_all=wrapngram/qhT
1RB---_0RC0LD_1LB1RC_1RC1RB	B	1	direct1	QH	ngram_quiet_all	wrapngram	T	1	Y	wrap(Wrap.v)	1	ngram_quiet_all=wrapngram/qhT
1RB---_0RC0LD_1LB1RC_1RD0RC	B	1	direct1	QH	ngram_quiet_all	wrapngram	T	1	Y	wrap(Wrap.v)	1	ngram_quiet_all=wrapngram/qhT
1RB---_0RC0LD_1LB1RC_1RD1RB	B	1	direct1	QH	ngram_quiet_all	wrapngram	T	1	Y	wrap(Wrap.v)	1	ngram_quiet_all=wrapngram/qhT
1RB---_0RC0LD_1LB1RD_1RC0LB	B	1	direct1	QH	ngram_quiet_all	wrapngram	T	1	Y	wrap(Wrap.v)	1	ngram_quiet_all=wrapngram/qhT
1RB---_0RC0LD_1LB1RD_1RC1LB	B	1	direct1	QH	ngram_quiet_all	wrapngram	T	1	Y	wrap(Wrap.v)	1	ngram_quiet_all=wrapngram/qhT
1RB---_0RC0LD_1LC0LD_1RB0LB	B	1	direct1	QH	ngram_quiet_all	wrapngram	T	1	Y	wrap(Wrap.v)	1	ngram_quiet_all=wrapngram/qhT
1RB---_0RC0LD_1LC0RB_1RD0LC	B	1	direct1	QH	ngram_quiet_all	wrapngram	T	1	Y	wrap(Wrap.v)	1	ngram_quiet_all=wrapngram/qhT
1RB---_0RC0LD_1LC1LD_1RB0LD	B	1	direct1	QH	ngram_quiet_all	wrapngram	T	1	Y	wrap(Wrap.v)	1	ngram_quiet_all=wrapngram/qhT
1RB---_0RC0LD_1LD0LC_1RD1LB	B	1	direct1	QH	ngram_quiet_all	wrapngram	T	1	Y	wrap(Wrap.v)	1	ngram_quiet_all=wrapngram/qhT
1RB---_0RC0LD_1LD0RB_0LD1RC	B	1	direct1	QH	ngram_quiet_all	wrapngram	T	1	Y	wrap(Wrap.v)	1	ngram_quiet_all=wrapngram/qhT
1RB---_0RC0LD_1LD0RB_1LD1RB	B	1	direct1	QH	ngram_quiet_all	wrapngram	T	1	Y	wrap(Wrap.v)	1	ngram_quiet_all=wrapngram/qhT
1RB---_0RC0LD_1LD0RB_1LD1RC	B	1	direct1	QH	ngram_quiet_all	wrapngram	T	1	Y	wrap(Wrap.v)	1	ngram_quiet_all=wrapngram/qhT
1RB---_0RC0LD_1LD0RC_1LD1RB	B	1	direct1	QH	ngram_quiet_all	wrapngram	T	1	Y	wrap(Wrap.v)	1	ngram_quiet_all=wrapngram/qhT
1RB---_0RC0LD_1LD1LC_1RD1LB	B	1	direct1	QH	ngram_quiet_all	wrapngram	T	1	Y	wrap(Wrap.v)	1	ngram_quiet_all=wrapngram/qhT
1RB---_0RC0LD_1LD1RB_1LB1LB	B	1	direct1	QH	ngram_quiet_all	wrapngram	T	1	Y	wrap(Wrap.v)	1	ngram_quiet_all=wrapngram/qhT
1RB---_0RC0LD_1LD1RC_0RC0LB	B	1	direct1	QH	ngram_quiet_all	wrapngram	T	1	Y	wrap(Wrap.v)	1	ngram_quiet_all=wrapngram/qhT
1RB---_0RC0LD_1LD1RC_0RC1LB	B	1	direct1	QH	ngram_quiet_all	wrapngram	T	1	Y	wrap(Wrap.v)	1	ngram_quiet_all=wrapngram/qhT
1RB---_0RC0LD_1LD1RC_1LB0LB	B	1	direct1	QH	ngram_quiet_all	wrapngram	T	1	Y	wrap(Wrap.v)	1	ngram_quiet_all=wrapngram/qhT
1RB---_0RC0LD_1LD1RC_1LB1LB	B	1	direct1	QH	ngram_quiet_all	wrapngram	T	1	Y	wrap(Wrap.v)	1	ngram_quiet_all=wrapngram/qhT
1RB---_0RC0LD_1LD1RC_1LB1RB	B	1	direct1	QH	ngram_quiet_all	wrapngram	T	1	Y	wrap(Wrap.v)	1	ngram_quiet_all=wrapngram/qhT
1RB---_0RC0LD_1LD1RC_1LB1RD	B	1	direct1	QH	ngram_quiet_all	wrapngram	T	1	Y	wrap(Wrap.v)	1	ngram_quiet_all=wrapngram/qhT
1RB---_0RC0LD_1LD1RC_1RC1LB	B	1	direct1	QH	ngram_quiet_all	wrapngram	T	1	Y	wrap(Wrap.v)	1	ngram_quiet_all=wrapngram/qhT
1RB---_0RC0LD_1LD1RC_1RD1LB	B	1	direct1	QH	ngram_quiet_all	wrapngram	T	1	Y	wrap(Wrap.v)	1	ngram_quiet_all=wrapngram/qhT
1RB---_0RC0LD_1RD0RC_1LB1RD	B	1	direct1	QH	ngram_quiet_all	wrapngram	T	1	Y	wrap(Wrap.v)	1	ngram_quiet_all=wrapngram/qhT
1RB---_0RC0LD_1RD1RC_1LB0RC	B	1	direct1	QH	ngram_quiet_all	wrapngram	T	1	Y	wrap(Wrap.v)	1	ngram_quiet_all=wrapngram/qhT
1RB---_0RC0LD_1RD1RC_1LB1RD	B	1	direct1	QH	ngram_quiet_all	wrapngram	T	1	Y	wrap(Wrap.v)	1	ngram_quiet_all=wrapngram/qhT
1RB---_0RC0RB_0LD---_1LD1RB	B	1	direct1	QH	ngram_quiet_all	wrapngram	T	1	Y	wrap(Wrap.v)	1	ngram_quiet_all=wrapngram/qhT
1RB---_0RC0RB_0LD0RB_1LD1RC	B	1	direct1	QH	ngram_quiet_all	wrapngram	T	1	Y	wrap(Wrap.v)	1	ngram_quiet_all=wrapngram/qhT
1RB---_0RC0RB_0LD1RB_1LC1LB	B	1	direct1	QH	ngram_quiet_all	wrapngram	T	1	Y	wrap(Wrap.v)	1	ngram_quiet_all=wrapngram/qhT
1RB---_0RC0RB_0LD1RB_1LC1RB	B	1	direct1	QH	ngram_quiet_all	wrapngram	T	1	Y	wrap(Wrap.v)	1	ngram_quiet_all=wrapngram/qhT
1RB---_0RC0RB_0LD1RB_1LC1RD	B	1	direct1	QH	ngram_quiet_all	wrapngram	T	1	Y	wrap(Wrap.v)	1	ngram_quiet_all=wrapngram/qhT
1RB---_0RC0RB_0LD1RB_1LD1LB	B	1	direct1	QH	ngram_quiet_all	wrapngram	T	1	Y	wrap(Wrap.v)	1	ngram_quiet_all=wrapngram/qhT
1RB---_0RC0RB_0RD---_1LD1RB	B	1	direct1	QH	ngram_quiet_all	wrapngram	T	1	Y	wrap(Wrap.v)	1	ngram_quiet_all=wrapngram/qhT
1RB---_0RC0RB_0RD0RB_1LD1RC	B	1	direct1	QH	ngram_quiet_all	wrapngram	T	1	Y	wrap(Wrap.v)	1	ngram_quiet_all=wrapngram/qhT
1RB---_0RC0RB_0RD1RB_1LC1LD	B	1	direct1	QH	ngram_quiet_all	wrapngram	T	1	Y	wrap(Wrap.v)	1	ngram_quiet_all=wrapngram/qhT
1RB---_0RC0RB_0RD1RB_1LD0RC	B	1	direct1	QH	ngram_quiet_all	wrapngram	T	1	Y	wrap(Wrap.v)	1	ngram_quiet_all=wrapngram/qhT
1RB---_0RC0RB_0RD1RB_1LD1LB	B	1	direct1	QH	ngram_quiet_all	wrapngram	T	1	Y	wrap(Wrap.v)	1	ngram_quiet_all=wrapngram/qhT
1RB---_0RC0RB_0RD1RB_1LD1RC	B	1	direct1	QH	ngram_quiet_all	wrapngram	T	1	Y	wrap(Wrap.v)	1	ngram_quiet_all=wrapngram/qhT
1RB---_0RC0RB_1LB0LD_1LD1RB	B	1	direct1	QH	ngram_quiet_all	wrapngram	T	1	Y	wrap(Wrap.v)	1	ngram_quiet_all=wrapngram/qhT
1RB---_0RC0RB_1LB0RD_1LD1RB	B	1	direct1	QH	ngram_quiet_all	wrapngram	T	1	Y	wrap(Wrap.v)	1	ngram_quiet_all=wrapngram/qhT
1RB---_0RC0RB_1LB1LD_1LD1RB	B	1	direct1	QH	ngram_quiet_all	wrapngram	T	1	Y	wrap(Wrap.v)	1	ngram_quiet_all=wrapngram/qhT
1RB---_0RC0RB_1LB1RD_1LC0RD	B	1	direct1	QH	ngram_quiet_all	wrapngram	T	1	Y	wrap(Wrap.v)	1	ngram_quiet_all=wrapngram/qhT
1RB---_0RC0RB_1LC0LD_0RD1RB	B	1	direct1	QH	ngram_quiet_all	wrapngram	T	1	Y	wrap(Wrap.v)	1	ngram_quiet_all=wrapngram/qhT
1RB---_0RC0RB_1LC0LD_1RB1LB	B	1	direct1	QH	ngram_quiet_all	wrapngram	T	1	Y	wrap(Wrap.v)	1	ngram_quiet_all=wrapngram/qhT
1RB---_0RC0RB_1LC0LD_1RB1RD	B	1	direct1	QH	ngram_quiet_all	wrapngram	T	1	Y	wrap(Wrap.v)	1	ngram_quiet_all=wrapngram/qhT
1RB---_0RC0RB_1LC0LD_1RD0RB	B	1	direct1	QH	ngram_quiet_all	wrapngram	T	1	Y	wrap(Wrap.v)	1	ngram_quiet_all=wrapngram/qhT
1RB---_0RC0RB_1LC0LD_1RD1LB	B	1	direct1	QH	ngram_quiet_all	wrapngram	T	1	Y	wrap(Wrap.v)	1	ngram_quiet_all=wrapngram/qhT
1RB---_0RC0RB_1LC0RD_---1RB	B	3	direct1/reroot	QH	ngram_quiet_all	wrapngram	T	1	Y	wrap(Wrap.v)	1	ngram_quiet_all=wrapngram/qhT
1RB---_0RC0RB_1LC0RD_1RB1LD	B	1	direct1	QH	ngram_quiet_all	wrapngram	T	1	Y	wrap(Wrap.v)	1	ngram_quiet_all=wrapngram/qhT
1RB---_0RC0RB_1LC1LD_0RD1RB	B	1	direct1	QH	ngram_quiet_all	wrapngram	T	1	Y	wrap(Wrap.v)	1	ngram_quiet_all=wrapngram/qhT
1RB---_0RC0RB_1LC1LD_1RB---	C	1	direct1	QH	rwlrank	wraprwl	T	1	N	wraprwl(QH,no-checker)	4	rwlrank=wraprwl/qhT;irules=irules/qhT;bouncer=bouncer/qhT;quietctl=wrapctl/qhT
1RB---_0RC0RB_1LC1LD_1RC1RB	B	1	direct1	QH	ngram_quiet_all	wrapngram	T	1	Y	wrap(Wrap.v)	1	ngram_quiet_all=wrapngram/qhT
1RB---_0RC0RB_1LC1LD_1RD0RB	B	1	direct1	QH	ngram_quiet_all	wrapngram	T	1	Y	wrap(Wrap.v)	1	ngram_quiet_all=wrapngram/qhT
1RB---_0RC0RB_1LC1LD_1RD1RB	B	1	direct1	QH	ngram_quiet_all	wrapngram	T	1	Y	wrap(Wrap.v)	1	ngram_quiet_all=wrapngram/qhT
1RB---_0RC0RB_1LC1RD_---0RB	B	3	direct1/reroot	QH	ngram_quiet_all	wrapngram	T	1	Y	wrap(Wrap.v)	1	ngram_quiet_all=wrapngram/qhT
1RB---_0RC0RB_1LC1RD_---1RB	B	3	direct1/reroot	QH	ngram_quiet_all	wrapngram	T	1	Y	wrap(Wrap.v)	1	ngram_quiet_all=wrapngram/qhT
1RB---_0RC0RB_1LC1RD_0RB0LC	B	1	direct1	QH	ngram_quiet_all	wrapngram	T	1	Y	wrap(Wrap.v)	1	ngram_quiet_all=wrapngram/qhT
1RB---_0RC0RB_1LC1RD_1LB0RD	B	1	direct1	QH	ngram_quiet_all	wrapngram	T	1	Y	wrap(Wrap.v)	1	ngram_quiet_all=wrapngram/qhT
1RB---_0RC0RB_1LC1RD_1RB0LC	B	1	direct1	QH	ngram_quiet_all	wrapngram	T	1	Y	wrap(Wrap.v)	1	ngram_quiet_all=wrapngram/qhT
1RB---_0RC0RB_1LC1RD_1RB1LD	B	1	direct1	QH	ngram_quiet_all	wrapngram	T	1	Y	wrap(Wrap.v)	1	ngram_quiet_all=wrapngram/qhT
1RB---_0RC0RB_1LD---_1LD1RB	B	1	direct1	QH	ngram_quiet_all	wrapngram	T	1	Y	wrap(Wrap.v)	1	ngram_quiet_all=wrapngram/qhT
1RB---_0RC0RB_1LD0RB_0LD1RC	B	1	direct1	QH	ngram_quiet_all	wrapngram	T	1	Y	wrap(Wrap.v)	1	ngram_quiet_all=wrapngram/qhT
1RB---_0RC0RB_1LD0RB_1LD1RC	B	1	direct1	QH	ngram_quiet_all	wrapngram	T	1	Y	wrap(Wrap.v)	1	ngram_quiet_all=wrapngram/qhT
1RB---_0RC0RB_1LD0RD_1LC1RB	B	1	direct1	QH	ngram_quiet_all	wrapngram	T	1	Y	wrap(Wrap.v)	1	ngram_quiet_all=wrapngram/qhT
1RB---_0RC0RB_1LD1LA_1LC1RB	C	1	direct1	QH	rwlrank	wraprwl	T	6	N	wraprwl(QH,no-checker)	2	rwlrank=wraprwl/qhT;irules=irules/qhT
1RB---_0RC0RB_1LD1LC_0LD1RB	B	1	direct1	QH	ngram_quiet_all	wrapngram	T	1	Y	wrap(Wrap.v)	1	ngram_quiet_all=wrapngram/qhT
1RB---_0RC0RB_1LD1LC_0RC1RB	B	1	direct1	QH	ngram_quiet_all	wrapngram	T	1	Y	wrap(Wrap.v)	1	ngram_quiet_all=wrapngram/qhT
1RB---_0RC0RB_1LD1RB_0LD1RC	B	1	direct1	QH	ngram_quiet_all	wrapngram	T	1	Y	wrap(Wrap.v)	1	ngram_quiet_all=wrapngram/qhT
1RB---_0RC0RB_1LD1RB_1LC---	C	1	direct1	QH	rwlrank	wraprwl	T	1	N	wraprwl(QH,no-checker)	2	rwlrank=wraprwl/qhT;irules=irules/qhT
1RB---_0RC0RB_1LD1RB_1LD0RC	B	1	direct1	QH	ngram_quiet_all	wrapngram	T	1	Y	wrap(Wrap.v)	1	ngram_quiet_all=wrapngram/qhT
1RB---_0RC0RB_1LD1RB_1LD1LB	B	1	direct1	QH	ngram_quiet_all	wrapngram	T	1	Y	wrap(Wrap.v)	1	ngram_quiet_all=wrapngram/qhT
1RB---_0RC0RB_1LD1RB_1LD1RC	B	1	direct1	QH	ngram_quiet_all	wrapngram	T	1	Y	wrap(Wrap.v)	1	ngram_quiet_all=wrapngram/qhT
1RB---_0RC0RB_1LD1RC_0RC0LB	B	1	direct1	QH	ngram_quiet_all	wrapngram	T	1	Y	wrap(Wrap.v)	1	ngram_quiet_all=wrapngram/qhT
1RB---_0RC0RB_1LD1RC_0RC1LB	B	1	direct1	QH	ngram_quiet_all	wrapngram	T	1	Y	wrap(Wrap.v)	1	ngram_quiet_all=wrapngram/qhT
1RB---_0RC0RB_1LD1RC_0RD1LB	B	1	direct1	QH	ngram_quiet_all	wrapngram	T	1	Y	wrap(Wrap.v)	1	ngram_quiet_all=wrapngram/qhT
1RB---_0RC0RB_1LD1RC_1LB0LB	B	1	direct1	QH	ngram_quiet_all	wrapngram	T	1	Y	wrap(Wrap.v)	1	ngram_quiet_all=wrapngram/qhT
1RB---_0RC0RB_1LD1RC_1LC1RB	B	1	direct1	QH	ngram_quiet_all	wrapngram	T	1	Y	wrap(Wrap.v)	1	ngram_quiet_all=wrapngram/qhT
1RB---_0RC0RB_1LD1RC_1RC0LB	B	1	direct1	QH	ngram_quiet_all	wrapngram	T	1	Y	wrap(Wrap.v)	1	ngram_quiet_all=wrapngram/qhT
1RB---_0RC0RB_1LD1RD_1LB1RB	B	1	direct1	QH	ngram_quiet_all	wrapngram	T	1	Y	wrap(Wrap.v)	1	ngram_quiet_all=wrapngram/qhT
1RB---_0RC0RB_1LD1RD_1LC0RB	B	1	direct1	QH	ngram_quiet_all	wrapngram	T	1	Y	wrap(Wrap.v)	1	ngram_quiet_all=wrapngram/qhT
1RB---_0RC0RB_1LD1RD_1LC1RB	B	1	direct1	QH	ngram_quiet_all	wrapngram	T	1	Y	wrap(Wrap.v)	1	ngram_quiet_all=wrapngram/qhT
1RB---_0RC0RB_1RD0LB_1LC1RC	B	1	direct1	QH	ngram_quiet_all	wrapngram	T	1	Y	wrap(Wrap.v)	1	ngram_quiet_all=wrapngram/qhT
1RB---_0RC0RB_1RD0LB_1LC1RD	B	1	direct1	QH	ngram_quiet_all	wrapngram	T	1	Y	wrap(Wrap.v)	1	ngram_quiet_all=wrapngram/qhT
1RB---_0RC0RB_1RD1RB_1LD0LC	B	1	direct1	QH	ngram_quiet_all	wrapngram	T	1	Y	wrap(Wrap.v)	1	ngram_quiet_all=wrapngram/qhT
1RB---_0RC0RB_1RD1RC_1LD1LB	B	1	direct1	QH	ngram_quiet_all	wrapngram	T	1	Y	wrap(Wrap.v)	1	ngram_quiet_all=wrapngram/qhT
1RB---_0RC0RC_0LD1RB_1RC1LD	B	1	direct1	QH	ngram_quiet_all	wrapngram	T	1	Y	wrap(Wrap.v)	1	ngram_quiet_all=wrapngram/qhT
1RB---_0RC0RC_0LD1RC_1LB1LD	B	1	direct1	QH	ngram_quiet_all	wrapngram	T	1	Y	wrap(Wrap.v)	1	ngram_quiet_all=wrapngram/qhT
1RB---_0RC0RC_0RD0RB_1LD1RB	B	1	direct1	QH	ngram_quiet_all	wrapngram	T	1	Y	wrap(Wrap.v)	1	ngram_quiet_all=wrapngram/qhT
1RB---_0RC0RC_0RD0RB_1LD1RC	B	1	direct1	QH	ngram_quiet_all	wrapngram	T	1	Y	wrap(Wrap.v)	1	ngram_quiet_all=wrapngram/qhT
1RB---_0RC0RC_0RD0RC_1LD1RB	B	1	direct1	QH	ngram_quiet_all	wrapngram	T	1	Y	wrap(Wrap.v)	1	ngram_quiet_all=wrapngram/qhT
1RB---_0RC0RC_1LC0LD_1RB1LB	B	1	direct1	QH	ngram_quiet_all	wrapngram	T	1	Y	wrap(Wrap.v)	1	ngram_quiet_all=wrapngram/qhT
1RB---_0RC0RC_1LC1LD_1RB0LD	B	1	direct1	QH	ngram_quiet_all	wrapngram	T	1	Y	wrap(Wrap.v)	1	ngram_quiet_all=wrapngram/qhT
1RB---_0RC0RC_1LC1LD_1RB1LC	B	1	direct1	QH	ngram_quiet_all	wrapngram	T	1	Y	wrap(Wrap.v)	1	ngram_quiet_all=wrapngram/qhT
1RB---_0RC0RC_1LC1RD_0LD0RB	B	1	direct1	QH	ngram_quiet_all	wrapngram	T	1	Y	wrap(Wrap.v)	1	ngram_quiet_all=wrapngram/qhT
1RB---_0RC0RC_1LC1RD_1LD0RB	B	1	direct1	QH	ngram_quiet_all	wrapngram	T	1	Y	wrap(Wrap.v)	1	ngram_quiet_all=wrapngram/qhT
1RB---_0RC0RC_1LC1RD_1RB0RB	B	1	direct1	QH	ngram_quiet_all	wrapngram	T	1	Y	wrap(Wrap.v)	1	ngram_quiet_all=wrapngram/qhT
1RB---_0RC0RC_1LD0RB_0LD1RC	B	1	direct1	QH	ngram_quiet_all	wrapngram	T	1	Y	wrap(Wrap.v)	1	ngram_quiet_all=wrapngram/qhT
1RB---_0RC0RC_1LD0RB_1LD1RB	B	1	direct1	QH	ngram_quiet_all	wrapngram	T	1	Y	wrap(Wrap.v)	1	ngram_quiet_all=wrapngram/qhT
1RB---_0RC0RC_1LD0RB_1LD1RC	B	1	direct1	QH	ngram_quiet_all	wrapngram	T	1	Y	wrap(Wrap.v)	1	ngram_quiet_all=wrapngram/qhT
1RB---_0RC0RC_1LD0RC_1LD1RB	B	1	direct1	QH	ngram_quiet_all	wrapngram	T	1	Y	wrap(Wrap.v)	1	ngram_quiet_all=wrapngram/qhT
1RB---_0RC0RC_1LD1RC_0LD1RB	B	1	direct1	QH	ngram_quiet_all	wrapngram	T	1	Y	wrap(Wrap.v)	1	ngram_quiet_all=wrapngram/qhT
1RB---_0RC0RC_1LD1RC_1LB0RB	B	1	direct1	QH	ngram_quiet_all	wrapngram	T	1	Y	wrap(Wrap.v)	1	ngram_quiet_all=wrapngram/qhT
1RB---_0RC0RC_1LD1RC_1LB1RB	B	1	direct1	QH	ngram_quiet_all	wrapngram	T	1	Y	wrap(Wrap.v)	1	ngram_quiet_all=wrapngram/qhT
1RB---_0RC0RC_1LD1RC_1LC0RB	B	1	direct1	QH	ngram_quiet_all	wrapngram	T	1	Y	wrap(Wrap.v)	1	ngram_quiet_all=wrapngram/qhT
1RB---_0RC0RC_1LD1RC_1LC1RB	B	1	direct1	QH	ngram_quiet_all	wrapngram	T	1	Y	wrap(Wrap.v)	1	ngram_quiet_all=wrapngram/qhT
1RB---_0RC0RC_1LD1RC_1LD1RB	B	1	direct1	QH	ngram_quiet_all	wrapngram	T	1	Y	wrap(Wrap.v)	1	ngram_quiet_all=wrapngram/qhT
1RB---_0RC0RD_0LD1RB_1LC1RD	B	1	direct1	QH	ngram_quiet_all	wrapngram	T	1	Y	wrap(Wrap.v)	1	ngram_quiet_all=wrapngram/qhT
1RB---_0RC0RD_0LD1RB_1RC1LD	B	1	direct1	QH	ngram_quiet_all	wrapngram	T	1	Y	wrap(Wrap.v)	1	ngram_quiet_all=wrapngram/qhT
1RB---_0RC0RD_0LD1RC_1LB1LD	B	1	direct1	QH	ngram_quiet_all	wrapngram	T	1	Y	wrap(Wrap.v)	1	ngram_quiet_all=wrapngram/qhT
1RB---_0RC0RD_0RD0RB_1LD1RC	B	1	direct1	QH	ngram_quiet_all	wrapngram	T	1	Y	wrap(Wrap.v)	1	ngram_quiet_all=wrapngram/qhT
1RB---_0RC0RD_0RD1RB_1LD0RC	B	1	direct1	QH	ngram_quiet_all	wrapngram	T	1	Y	wrap(Wrap.v)	1	ngram_quiet_all=wrapngram/qhT
1RB---_0RC0RD_1LB0RD_1LD1RB	B	1	direct1	QH	ngram_quiet_all	wrapngram	T	1	Y	wrap(Wrap.v)	1	ngram_quiet_all=wrapngram/qhT
1RB---_0RC0RD_1LB1RD_1LC0RD	B	1	direct1	QH	ngram_quiet_all	wrapngram	T	1	Y	wrap(Wrap.v)	1	ngram_quiet_all=wrapngram/qhT
1RB---_0RC0RD_1LB1RD_1LD1RB	B	1	direct1	QH	ngram_quiet_all	wrapngram	T	1	Y	wrap(Wrap.v)	1	ngram_quiet_all=wrapngram/qhT
1RB---_0RC0RD_1LC0LD_1RB1LB	B	1	direct1	QH	ngram_quiet_all	wrapngram	T	1	Y	wrap(Wrap.v)	1	ngram_quiet_all=wrapngram/qhT
1RB---_0RC0RD_1LC0LD_1RB1LD	B	1	direct1	QH	ngram_quiet_all	wrapngram	T	1	Y	wrap(Wrap.v)	1	ngram_quiet_all=wrapngram/qhT
1RB---_0RC0RD_1LC1RB_---0RB	C	3	direct1/reroot	QH	rwlrank	wraprwl	T	1	N	wraprwl(QH,no-checker)	2	rwlrank=wraprwl/qhT;irules=irules/qhT
1RB---_0RC0RD_1LC1RB_0LB0RD	B	1	direct1	QH	ngram_quiet_all	wrapngram	T	1	Y	wrap(Wrap.v)	1	ngram_quiet_all=wrapngram/qhT
1RB---_0RC0RD_1LC1RB_0LB1RD	B	1	direct1	QH	ngram_quiet_all	wrapngram	T	1	Y	wrap(Wrap.v)	1	ngram_quiet_all=wrapngram/qhT
1RB---_0RC0RD_1LC1RB_0RB0LC	B	1	direct1	QH	ngram_quiet_all	wrapngram	T	1	Y	wrap(Wrap.v)	1	ngram_quiet_all=wrapngram/qhT
1RB---_0RC0RD_1LC1RB_0RB0RD	B	1	direct1	QH	ngram_quiet_all	wrapngram	T	1	Y	wrap(Wrap.v)	1	ngram_quiet_all=wrapngram/qhT
1RB---_0RC0RD_1LC1RB_0RB1LD	B	1	direct1	QH	ngram_quiet_all	wrapngram	T	1	Y	wrap(Wrap.v)	1	ngram_quiet_all=wrapngram/qhT
1RB---_0RC0RD_1LC1RB_0RC0RD	B	1	direct1	QH	ngram_quiet_all	wrapngram	T	1	Y	wrap(Wrap.v)	1	ngram_quiet_all=wrapngram/qhT
1RB---_0RC0RD_1LC1RB_1LC0RD	B	1	direct1	QH	ngram_quiet_all	wrapngram	T	1	Y	wrap(Wrap.v)	1	ngram_quiet_all=wrapngram/qhT
1RB---_0RC0RD_1LC1RB_1LC1RD	B	1	direct1	QH	ngram_quiet_all	wrapngram	T	1	Y	wrap(Wrap.v)	1	ngram_quiet_all=wrapngram/qhT
1RB---_0RC0RD_1LC1RD_0LB0RB	B	1	direct1	QH	ngram_quiet_all	wrapngram	T	1	Y	wrap(Wrap.v)	1	ngram_quiet_all=wrapngram/qhT
1RB---_0RC0RD_1LC1RD_0RB0LC	B	1	direct1	QH	ngram_quiet_all	wrapngram	T	1	Y	wrap(Wrap.v)	1	ngram_quiet_all=wrapngram/qhT
1RB---_0RC0RD_1LC1RD_0RB0RB	B	1	direct1	QH	ngram_quiet_all	wrapngram	T	1	Y	wrap(Wrap.v)	1	ngram_quiet_all=wrapngram/qhT
1RB---_0RC0RD_1LC1RD_0RC0RB	B	1	direct1	QH	ngram_quiet_all	wrapngram	T	1	Y	wrap(Wrap.v)	1	ngram_quiet_all=wrapngram/qhT
1RB---_0RC0RD_1LC1RD_1LB0RB	B	1	direct1	QH	ngram_quiet_all	wrapngram	T	1	Y	wrap(Wrap.v)	1	ngram_quiet_all=wrapngram/qhT
1RB---_0RC0RD_1LC1RD_1LC0RB	B	1	direct1	QH	ngram_quiet_all	wrapngram	T	1	Y	wrap(Wrap.v)	1	ngram_quiet_all=wrapngram/qhT
1RB---_0RC0RD_1LC1RD_1RC0RB	B	1	direct1	QH	ngram_quiet_all	wrapngram	T	1	Y	wrap(Wrap.v)	1	ngram_quiet_all=wrapngram/qhT
1RB---_0RC0RD_1LD0RB_0LD1RC	B	1	direct1	QH	ngram_quiet_all	wrapngram	T	1	Y	wrap(Wrap.v)	1	ngram_quiet_all=wrapngram/qhT
1RB---_0RC0RD_1LD1RB_1LC0RB	B	1	direct1	QH	ngram_quiet_all	wrapngram	T	1	Y	wrap(Wrap.v)	1	ngram_quiet_all=wrapngram/qhT
1RB---_0RC0RD_1LD1RB_1LC1RD	B	1	direct1	QH	ngram_quiet_all	wrapngram	T	1	Y	wrap(Wrap.v)	1	ngram_quiet_all=wrapngram/qhT
1RB---_0RC0RD_1LD1RC_0RC0LB	B	1	direct1	QH	ngram_quiet_all	wrapngram	T	1	Y	wrap(Wrap.v)	1	ngram_quiet_all=wrapngram/qhT
1RB---_0RC0RD_1RD1LD_1LC1RB	B	1	direct1	QH	ngram_quiet_all	wrapngram	T	1	Y	wrap(Wrap.v)	1	ngram_quiet_all=wrapngram/qhT
1RB---_0RC0RD_1RD1RB_1LD1LB	B	1	direct1	QH	ngram_quiet_all	wrapngram	T	1	Y	wrap(Wrap.v)	1	ngram_quiet_all=wrapngram/qhT
1RB---_0RC1LB_0LC1RD_1LB0RD	B	1	direct1	QH	ngram_quiet_all	wrapngram	T	1	Y	wrap(Wrap.v)	1	ngram_quiet_all=wrapngram/qhT
1RB---_0RC1LB_0LC1RD_1LB1RC	B	1	direct1	QH	ngram_quiet_all	wrapngram	T	1	Y	wrap(Wrap.v)	1	ngram_quiet_all=wrapngram/qhT
1RB---_0RC1LB_0LC1RD_1LB1RD	B	1	direct1	QH	ngram_quiet_all	wrapngram	T	1	Y	wrap(Wrap.v)	1	ngram_quiet_all=wrapngram/qhT
1RB---_0RC1LB_0LD0RB_1LD1RC	B	1	direct1	QH	ngram_quiet_all	wrapngram	T	1	Y	wrap(Wrap.v)	1	ngram_quiet_all=wrapngram/qhT
1RB---_0RC1LB_0LD1RD_1LB0RD	B	1	direct1	QH	ngram_quiet_all	wrapngram	T	1	Y	wrap(Wrap.v)	1	ngram_quiet_all=wrapngram/qhT
1RB---_0RC1LB_0LD1RD_1LB1RD	B	1	direct1	QH	ngram_quiet_all	wrapngram	T	1	Y	wrap(Wrap.v)	1	ngram_quiet_all=wrapngram/qhT
1RB---_0RC1LB_0RD0RB_1LD1RC	B	1	direct1	QH	ngram_quiet_all	wrapngram	T	1	Y	wrap(Wrap.v)	1	ngram_quiet_all=wrapngram/qhT
1RB---_0RC1LB_0RD1LC_1LB1RD	B	1	direct1	QH	ngram_quiet_all	wrapngram	T	1	Y	wrap(Wrap.v)	1	ngram_quiet_all=wrapngram/qhT
1RB---_0RC1LB_0RD1RD_1LB0RC	B	1	direct1	QH	ngram_quiet_all	wrapngram	T	1	Y	wrap(Wrap.v)	1	ngram_quiet_all=wrapngram/qhT
1RB---_0RC1LB_0RD1RD_1LB1RC	B	1	direct1	QH	ngram_quiet_all	wrapngram	T	1	Y	wrap(Wrap.v)	1	ngram_quiet_all=wrapngram/qhT
1RB---_0RC1LB_0RD1RD_1LB1RD	B	1	direct1	QH	ngram_quiet_all	wrapngram	T	1	Y	wrap(Wrap.v)	1	ngram_quiet_all=wrapngram/qhT
1RB---_0RC1LB_1LB0RD_1RC1RD	B	1	direct1	QH	ngram_quiet_all	wrapngram	T	1	Y	wrap(Wrap.v)	1	ngram_quiet_all=wrapngram/qhT
1RB---_0RC1LB_1LB1RD_0LD1RC	B	1	direct1	QH	ngram_quiet_all	wrapngram	T	1	Y	wrap(Wrap.v)	1	ngram_quiet_all=wrapngram/qhT
1RB---_0RC1LB_1LB1RD_1LB0RD	B	1	direct1	QH	ngram_quiet_all	wrapngram	T	1	Y	wrap(Wrap.v)	1	ngram_quiet_all=wrapngram/qhT
1RB---_0RC1LB_1LB1RD_1LB1RC	B	1	direct1	QH	ngram_quiet_all	wrapngram	T	1	Y	wrap(Wrap.v)	1	ngram_quiet_all=wrapngram/qhT
1RB---_0RC1LB_1LB1RD_1LB1RD	B	1	direct1	QH	ngram_quiet_all	wrapngram	T	1	Y	wrap(Wrap.v)	1	ngram_quiet_all=wrapngram/qhT
1RB---_0RC1LB_1LB1RD_1LC0RD	B	1	direct1	QH	ngram_quiet_all	wrapngram	T	1	Y	wrap(Wrap.v)	1	ngram_quiet_all=wrapngram/qhT
1RB---_0RC1LB_1LB1RD_1RC0LB	B	1	direct1	QH	ngram_quiet_all	wrapngram	T	1	Y	wrap(Wrap.v)	1	ngram_quiet_all=wrapngram/qhT
1RB---_0RC1LB_1LC1RD_1LB0RD	B	1	direct1	QH	ngram_quiet_all	wrapngram	T	1	Y	wrap(Wrap.v)	1	ngram_quiet_all=wrapngram/qhT
1RB---_0RC1LB_1LD0RB_0LD1RC	B	1	direct1	QH	ngram_quiet_all	wrapngram	T	1	Y	wrap(Wrap.v)	1	ngram_quiet_all=wrapngram/qhT
1RB---_0RC1LB_1LD0RB_1LD1RC	B	1	direct1	QH	ngram_quiet_all	wrapngram	T	1	Y	wrap(Wrap.v)	1	ngram_quiet_all=wrapngram/qhT
1RB---_0RC1LB_1LD1RC_0LD1RB	B	1	direct1	QH	ngram_quiet_all	wrapngram	T	1	Y	wrap(Wrap.v)	1	ngram_quiet_all=wrapngram/qhT
1RB---_0RC1LB_1LD1RC_0RB1LB	B	1	direct1	QH	ngram_quiet_all	wrapngram	T	1	Y	wrap(Wrap.v)	1	ngram_quiet_all=wrapngram/qhT
1RB---_0RC1LB_1LD1RC_0RB1LD	B	1	direct1	QH	ngram_quiet_all	wrapngram	T	1	Y	wrap(Wrap.v)	1	ngram_quiet_all=wrapngram/qhT
1RB---_0RC1LB_1LD1RC_0RB1RB	B	1	direct1	QH	ngram_quiet_all	wrapngram	T	1	Y	wrap(Wrap.v)	1	ngram_quiet_all=wrapngram/qhT
1RB---_0RC1LB_1LD1RC_0RC1LB	B	1	direct1	QH	ngram_quiet_all	wrapngram	T	1	Y	wrap(Wrap.v)	1	ngram_quiet_all=wrapngram/qhT
1RB---_0RC1LB_1LD1RC_0RC1RB	B	1	direct1	QH	ngram_quiet_all	wrapngram	T	1	Y	wrap(Wrap.v)	1	ngram_quiet_all=wrapngram/qhT
1RB---_0RC1LB_1LD1RC_0RD1LB	B	1	direct1	QH	ngram_quiet_all	wrapngram	T	1	Y	wrap(Wrap.v)	1	ngram_quiet_all=wrapngram/qhT
1RB---_0RC1LB_1LD1RC_1LB0LB	B	1	direct1	QH	ngram_quiet_all	wrapngram	T	1	Y	wrap(Wrap.v)	1	ngram_quiet_all=wrapngram/qhT
1RB---_0RC1LB_1LD1RC_1RC0LB	B	1	direct1	QH	ngram_quiet_all	wrapngram	T	1	Y	wrap(Wrap.v)	1	ngram_quiet_all=wrapngram/qhT
1RB---_0RC1LB_1LD1RD_1LB0RD	B	1	direct1	QH	ngram_quiet_all	wrapngram	T	1	Y	wrap(Wrap.v)	1	ngram_quiet_all=wrapngram/qhT
1RB---_0RC1LB_1LD1RD_1RB0RC	B	1	direct1	QH	ngram_quiet_all	wrapngram	T	1	Y	wrap(Wrap.v)	1	ngram_quiet_all=wrapngram/qhT
1RB---_0RC1LB_1LD1RD_1RB1RC	B	1	direct1	QH	ngram_quiet_all	wrapngram	T	1	Y	wrap(Wrap.v)	1	ngram_quiet_all=wrapngram/qhT
1RB---_0RC1LB_1RD0LB_1LB0RD	B	1	direct1	QH	ngram_quiet_all	wrapngram	T	1	Y	wrap(Wrap.v)	1	ngram_quiet_all=wrapngram/qhT
1RB---_0RC1LB_1RD0LB_1LC1RC	B	1	direct1	QH	ngram_quiet_all	wrapngram	T	1	Y	wrap(Wrap.v)	1	ngram_quiet_all=wrapngram/qhT
1RB---_0RC1LB_1RD0LB_1LC1RD	B	1	direct1	QH	ngram_quiet_all	wrapngram	T	1	Y	wrap(Wrap.v)	1	ngram_quiet_all=wrapngram/qhT
1RB---_0RC1LB_1RD1RC_0LB---	B	1	direct1	QH	ngram_quiet_all	wrapngram	T	1	Y	wrap(Wrap.v)	1	ngram_quiet_all=wrapngram/qhT
1RB---_0RC1LB_1RD1RC_0LD1LB	B	1	direct1	QH	ngram_quiet_all	wrapngram	T	1	Y	wrap(Wrap.v)	1	ngram_quiet_all=wrapngram/qhT
1RB---_0RC1LB_1RD1RC_1LD0LB	B	1	direct1	QH	ngram_quiet_all	wrapngram	T	1	Y	wrap(Wrap.v)	1	ngram_quiet_all=wrapngram/qhT
1RB---_0RC1LB_1RD1RD_1LB0RD	B	1	direct1	QH	ngram_quiet_all	wrapngram	T	1	Y	wrap(Wrap.v)	1	ngram_quiet_all=wrapngram/qhT
1RB---_0RC1LB_1RD1RD_1LB1RD	B	1	direct1	QH	ngram_quiet_all	wrapngram	T	1	Y	wrap(Wrap.v)	1	ngram_quiet_all=wrapngram/qhT
1RB---_0RC1LC_0LD1RC_1LB1LD	B	1	direct1	QH	ngram_quiet_all	wrapngram	T	1	Y	wrap(Wrap.v)	1	ngram_quiet_all=wrapngram/qhT
1RB---_0RC1LC_0RD1RD_1LB0LB	B	1	direct1	QH	ngram_quiet_all	wrapngram	T	1	Y	wrap(Wrap.v)	1	ngram_quiet_all=wrapngram/qhT
1RB---_0RC1LC_0RD1RD_1LB0RB	B	1	direct1	QH	ngram_quiet_all	wrapngram	T	1	Y	wrap(Wrap.v)	1	ngram_quiet_all=wrapngram/qhT
1RB---_0RC1LC_0RD1RD_1LB1RB	B	1	direct1	QH	ngram_quiet_all	wrapngram	T	1	Y	wrap(Wrap.v)	1	ngram_quiet_all=wrapngram/qhT
1RB---_0RC1LC_1LB0RD_1LC1RC	B	1	direct1	QH	ngram_quiet_all	wrapngram	T	1	Y	wrap(Wrap.v)	1	ngram_quiet_all=wrapngram/qhT
1RB---_0RC1LC_1LB0RD_1RC0LC	B	1	direct1	QH	ngram_quiet_all	wrapngram	T	1	Y	wrap(Wrap.v)	1	ngram_quiet_all=wrapngram/qhT
1RB---_0RC1LC_1LB1RD_1LB0RD	B	1	direct1	QH	ngram_quiet_all	wrapngram	T	1	Y	wrap(Wrap.v)	1	ngram_quiet_all=wrapngram/qhT
1RB---_0RC1LC_1LC0LD_1RB1LD	B	1	direct1	QH	ngram_quiet_all	wrapngram	T	1	Y	wrap(Wrap.v)	1	ngram_quiet_all=wrapngram/qhT
1RB---_0RC1LC_1LC1RD_1LB0RD	B	1	direct1	QH	ngram_quiet_all	wrapngram	T	1	Y	wrap(Wrap.v)	1	ngram_quiet_all=wrapngram/qhT
1RB---_0RC1LC_1LD0LD_1RB0LC	B	1	direct1	QH	ngram_quiet_all	wrapngram	T	1	Y	wrap(Wrap.v)	1	ngram_quiet_all=wrapngram/qhT
1RB---_0RC1LC_1LD0LD_1RB1LC	B	1	direct1	QH	ngram_quiet_all	wrapngram	T	1	Y	wrap(Wrap.v)	1	ngram_quiet_all=wrapngram/qhT
1RB---_0RC1LC_1LD1RD_1LB0RD	B	1	direct1	QH	ngram_quiet_all	wrapngram	T	1	Y	wrap(Wrap.v)	1	ngram_quiet_all=wrapngram/qhT
1RB---_0RC1LC_1RD0LB_1LB0RD	B	1	direct1	QH	ngram_quiet_all	wrapngram	T	1	Y	wrap(Wrap.v)	1	ngram_quiet_all=wrapngram/qhT
1RB---_0RC1LC_1RD0LC_0LB1RC	B	1	direct1	QH	ngram_quiet_all	wrapngram	T	1	Y	wrap(Wrap.v)	1	ngram_quiet_all=wrapngram/qhT
1RB---_0RC1LC_1RD0LC_1LB0RC	B	1	direct1	QH	ngram_quiet_all	wrapngram	T	1	Y	wrap(Wrap.v)	1	ngram_quiet_all=wrapngram/qhT
1RB---_0RC1LC_1RD0LC_1LB1RD	B	1	direct1	QH	ngram_quiet_all	wrapngram	T	1	Y	wrap(Wrap.v)	1	ngram_quiet_all=wrapngram/qhT
1RB---_0RC1LC_1RD0RC_1LB0RD	B	1	direct1	QH	ngram_quiet_all	wrapngram	T	1	Y	wrap(Wrap.v)	1	ngram_quiet_all=wrapngram/qhT
1RB---_0RC1LC_1RD1RD_1LB0RD	B	1	direct1	QH	ngram_quiet_all	wrapngram	T	1	Y	wrap(Wrap.v)	1	ngram_quiet_all=wrapngram/qhT
1RB---_0RC1LD_0LC1LD_1RB0LD	B	1	direct1	QH	ngram_quiet_all	wrapngram	T	1	Y	wrap(Wrap.v)	1	ngram_quiet_all=wrapngram/qhT
1RB---_0RC1LD_0LC1RD_1LB0LD	B	1	direct1	QH	ngram_quiet_all	wrapngram	T	1	Y	wrap(Wrap.v)	1	ngram_quiet_all=wrapngram/qhT
1RB---_0RC1LD_0LC1RD_1LB0RD	B	1	direct1	QH	ngram_quiet_all	wrapngram	T	1	Y	wrap(Wrap.v)	1	ngram_quiet_all=wrapngram/qhT
1RB---_0RC1LD_0LD1RB_1LB0LB	B	1	direct1	QH	ngram_quiet_all	wrapngram	T	1	Y	wrap(Wrap.v)	1	ngram_quiet_all=wrapngram/qhT
1RB---_0RC1LD_0LD1RB_1LB0LD	B	1	direct1	QH	ngram_quiet_all	wrapngram	T	1	Y	wrap(Wrap.v)	1	ngram_quiet_all=wrapngram/qhT
1RB---_0RC1LD_0RD1RD_1LB0RD	B	1	direct1	QH	ngram_quiet_all	wrapngram	T	1	Y	wrap(Wrap.v)	1	ngram_quiet_all=wrapngram/qhT
1RB---_0RC1LD_1LA1RD_1LB0LD	B	1	direct1	QH	ngram_quiet_all	wrapngram	T	4	Y	wrap(Wrap.v)	1	ngram_quiet_all=wrapngram/qhT
1RB---_0RC1LD_1LA1RD_1LB0RC	C	1	direct1	QH	rwlrank	wraprwl	T	4	N	wraprwl(QH,no-checker)	3	rwlrank=wraprwl/qhT;irules=irules/qhT;bouncer=bouncer/qhT
1RB---_0RC1LD_1LA1RD_1LB0RD	B	1	direct1	QH	ngram_quiet_all	wrapngram	T	4	Y	wrap(Wrap.v)	1	ngram_quiet_all=wrapngram/qhT
1RB---_0RC1LD_1LB0LC_1RB0LD	B	1	direct1	QH	ngram_quiet_all	wrapngram	T	1	Y	wrap(Wrap.v)	1	ngram_quiet_all=wrapngram/qhT
1RB---_0RC1LD_1LB1LC_1RB0LD	B	1	direct1	QH	ngram_quiet_all	wrapngram	T	1	Y	wrap(Wrap.v)	1	ngram_quiet_all=wrapngram/qhT
1RB---_0RC1LD_1LB1RC_0LB0LC	B	1	direct1	QH	ngram_quiet_all	wrapngram	T	1	Y	wrap(Wrap.v)	1	ngram_quiet_all=wrapngram/qhT
1RB---_0RC1LD_1LB1RC_0LB0RB	B	1	direct1	QH	ngram_quiet_all	wrapngram	T	1	Y	wrap(Wrap.v)	1	ngram_quiet_all=wrapngram/qhT
1RB---_0RC1LD_1LB1RC_0LB0RD	B	1	direct1	QH	ngram_quiet_all	wrapngram	T	1	Y	wrap(Wrap.v)	1	ngram_quiet_all=wrapngram/qhT
1RB---_0RC1LD_1LB1RC_0RC0LB	B	1	direct1	QH	ngram_quiet_all	wrapngram	T	1	Y	wrap(Wrap.v)	1	ngram_quiet_all=wrapngram/qhT
1RB---_0RC1LD_1LB1RC_0RC0LC	B	1	direct1	QH	ngram_quiet_all	wrapngram	T	1	Y	wrap(Wrap.v)	1	ngram_quiet_all=wrapngram/qhT
1RB---_0RC1LD_1LB1RC_0RC0RD	B	1	direct1	QH	ngram_quiet_all	wrapngram	T	1	Y	wrap(Wrap.v)	1	ngram_quiet_all=wrapngram/qhT
1RB---_0RC1LD_1LB1RC_0RC1LB	B	1	direct1	QH	ngram_quiet_all	wrapngram	T	1	Y	wrap(Wrap.v)	1	ngram_quiet_all=wrapngram/qhT
1RB---_0RC1LD_1LB1RC_0RC1LD	B	1	direct1	QH	ngram_quiet_all	wrapngram	T	1	Y	wrap(Wrap.v)	1	ngram_quiet_all=wrapngram/qhT
1RB---_0RC1LD_1LB1RC_0RC1RD	B	1	direct1	QH	ngram_quiet_all	wrapngram	T	1	Y	wrap(Wrap.v)	1	ngram_quiet_all=wrapngram/qhT
1RB---_0RC1LD_1LB1RC_0RD0LB	B	1	direct1	QH	ngram_quiet_all	wrapngram	T	1	Y	wrap(Wrap.v)	1	ngram_quiet_all=wrapngram/qhT
1RB---_0RC1LD_1LB1RC_0RD0RB	B	1	direct1	QH	ngram_quiet_all	wrapngram	T	1	Y	wrap(Wrap.v)	1	ngram_quiet_all=wrapngram/qhT
1RB---_0RC1LD_1LB1RC_0RD1LB	B	1	direct1	QH	ngram_quiet_all	wrapngram	T	1	Y	wrap(Wrap.v)	1	ngram_quiet_all=wrapngram/qhT
1RB---_0RC1LD_1LB1RC_1LB0LC	B	1	direct1	QH	ngram_quiet_all	wrapngram	T	1	Y	wrap(Wrap.v)	1	ngram_quiet_all=wrapngram/qhT
1RB---_0RC1LD_1LB1RC_1LB0RD	B	1	direct1	QH	ngram_quiet_all	wrapngram	T	1	Y	wrap(Wrap.v)	1	ngram_quiet_all=wrapngram/qhT
1RB---_0RC1LD_1LB1RC_1LC0LC	B	1	direct1	QH	ngram_quiet_all	wrapngram	T	1	Y	wrap(Wrap.v)	1	ngram_quiet_all=wrapngram/qhT
1RB---_0RC1LD_1LB1RC_1RB0LB	B	1	direct1	QH	ngram_quiet_all	wrapngram	T	1	Y	wrap(Wrap.v)	1	ngram_quiet_all=wrapngram/qhT
1RB---_0RC1LD_1LB1RC_1RB0RD	B	1	direct1	QH	ngram_quiet_all	wrapngram	T	1	Y	wrap(Wrap.v)	1	ngram_quiet_all=wrapngram/qhT
1RB---_0RC1LD_1LB1RC_1RB1RD	B	1	direct1	QH	ngram_quiet_all	wrapngram	T	1	Y	wrap(Wrap.v)	1	ngram_quiet_all=wrapngram/qhT
1RB---_0RC1LD_1LB1RC_1RC0LC	B	1	direct1	QH	ngram_quiet_all	wrapngram	T	1	Y	wrap(Wrap.v)	1	ngram_quiet_all=wrapngram/qhT
1RB---_0RC1LD_1LB1RC_1RC0LD	B	1	direct1	QH	ngram_quiet_all	wrapngram	T	1	Y	wrap(Wrap.v)	1	ngram_quiet_all=wrapngram/qhT
1RB---_0RC1LD_1LB1RC_1RD0RB	B	1	direct1	QH	ngram_quiet_all	wrapngram	T	1	Y	wrap(Wrap.v)	1	ngram_quiet_all=wrapngram/qhT
1RB---_0RC1LD_1LB1RD_1LB0RD	B	1	direct1	QH	ngram_quiet_all	wrapngram	T	1	Y	wrap(Wrap.v)	1	ngram_quiet_all=wrapngram/qhT
1RB---_0RC1LD_1LB1RD_1LC0RD	B	1	direct1	QH	ngram_quiet_all	wrapngram	T	1	Y	wrap(Wrap.v)	1	ngram_quiet_all=wrapngram/qhT
1RB---_0RC1LD_1LB1RD_1RC0LD	B	1	direct1	QH	ngram_quiet_all	wrapngram	T	1	Y	wrap(Wrap.v)	1	ngram_quiet_all=wrapngram/qhT
1RB---_0RC1LD_1LC0RB_1RB0LD	B	1	direct1	QH	ngram_quiet_all	wrapngram	T	1	Y	wrap(Wrap.v)	1	ngram_quiet_all=wrapngram/qhT
1RB---_0RC1LD_1LC0RD_1RC0RB	B	1	direct1	QH	ngram_quiet_all	wrapngram	T	1	Y	wrap(Wrap.v)	1	ngram_quiet_all=wrapngram/qhT
1RB---_0RC1LD_1LC1LD_1RB0LD	B	1	direct1	QH	ngram_quiet_all	wrapngram	T	1	Y	wrap(Wrap.v)	1	ngram_quiet_all=wrapngram/qhT
1RB---_0RC1LD_1LC1RB_1LB0LD	B	1	direct1	QH	ngram_quiet_all	wrapngram	T	1	Y	wrap(Wrap.v)	1	ngram_quiet_all=wrapngram/qhT
1RB---_0RC1LD_1LC1RD_0RD0RB	B	1	direct1	QH	ngram_quiet_all	wrapngram	T	1	Y	wrap(Wrap.v)	1	ngram_quiet_all=wrapngram/qhT
1RB---_0RC1LD_1LC1RD_1LB0LD	B	1	direct1	QH	ngram_quiet_all	wrapngram	T	1	Y	wrap(Wrap.v)	1	ngram_quiet_all=wrapngram/qhT
1RB---_0RC1LD_1LC1RD_1LB0RD	B	1	direct1	QH	ngram_quiet_all	wrapngram	T	1	Y	wrap(Wrap.v)	1	ngram_quiet_all=wrapngram/qhT
1RB---_0RC1LD_1LC1RD_1RC0LB	B	1	direct1	QH	ngram_quiet_all	wrapngram	T	1	Y	wrap(Wrap.v)	1	ngram_quiet_all=wrapngram/qhT
1RB---_0RC1LD_1LD1RB_1LB0LD	B	1	direct1	QH	ngram_quiet_all	wrapngram	T	1	Y	wrap(Wrap.v)	1	ngram_quiet_all=wrapngram/qhT
1RB---_0RC1LD_1LD1RC_0RC0LB	B	1	direct1	QH	ngram_quiet_all	wrapngram	T	1	Y	wrap(Wrap.v)	1	ngram_quiet_all=wrapngram/qhT
1RB---_0RC1LD_1LD1RC_0RC1LB	B	1	direct1	QH	ngram_quiet_all	wrapngram	T	1	Y	wrap(Wrap.v)	1	ngram_quiet_all=wrapngram/qhT
1RB---_0RC1LD_1LD1RC_0RD1LB	B	1	direct1	QH	ngram_quiet_all	wrapngram	T	1	Y	wrap(Wrap.v)	1	ngram_quiet_all=wrapngram/qhT
1RB---_0RC1LD_1LD1RD_1LB0RD	B	1	direct1	QH	ngram_quiet_all	wrapngram	T	1	Y	wrap(Wrap.v)	1	ngram_quiet_all=wrapngram/qhT
1RB---_0RC1LD_1RD0LB_1LB0RD	B	1	direct1	QH	ngram_quiet_all	wrapngram	T	1	Y	wrap(Wrap.v)	1	ngram_quiet_all=wrapngram/qhT
1RB---_0RC1LD_1RD0RB_0LB1RC	B	1	direct1	QH	ngram_quiet_all	wrapngram	T	1	Y	wrap(Wrap.v)	1	ngram_quiet_all=wrapngram/qhT
1RB---_0RC1LD_1RD0RC_0LB1RC	B	1	direct1	QH	ngram_quiet_all	wrapngram	T	1	Y	wrap(Wrap.v)	1	ngram_quiet_all=wrapngram/qhT
1RB---_0RC1LD_1RD0RD_0LB1RC	B	1	direct1	QH	ngram_quiet_all	wrapngram	T	1	Y	wrap(Wrap.v)	1	ngram_quiet_all=wrapngram/qhT
1RB---_0RC1LD_1RD1RB_0LB1RC	B	1	direct1	QH	ngram_quiet_all	wrapngram	T	1	Y	wrap(Wrap.v)	1	ngram_quiet_all=wrapngram/qhT
1RB---_0RC1LD_1RD1RB_1LB0LD	B	1	direct1	QH	ngram_quiet_all	wrapngram	T	1	Y	wrap(Wrap.v)	1	ngram_quiet_all=wrapngram/qhT
1RB---_0RC1LD_1RD1RC_1LB0LD	B	1	direct1	QH	ngram_quiet_all	wrapngram	T	1	Y	wrap(Wrap.v)	1	ngram_quiet_all=wrapngram/qhT
1RB---_0RC1LD_1RD1RC_1LD1LB	B	1	direct1	QH	ngram_quiet_all	wrapngram	T	1	Y	wrap(Wrap.v)	1	ngram_quiet_all=wrapngram/qhT
1RB---_0RC1LD_1RD1RD_1LB0RD	B	1	direct1	QH	ngram_quiet_all	wrapngram	T	1	Y	wrap(Wrap.v)	1	ngram_quiet_all=wrapngram/qhT
1RB---_0RC1RB_0LD0RB_1LD1RC	B	1	direct1	QH	ngram_quiet_all	wrapngram	T	1	Y	wrap(Wrap.v)	1	ngram_quiet_all=wrapngram/qhT
1RB---_0RC1RB_0RD0LB_1LD1RC	B	1	direct1	QH	ngram_quiet_all	wrapngram	T	1	Y	wrap(Wrap.v)	1	ngram_quiet_all=wrapngram/qhT
1RB---_0RC1RB_1LB0RD_1LD1RC	B	1	direct1	QH	ngram_quiet_all	wrapngram	T	1	Y	wrap(Wrap.v)	1	ngram_quiet_all=wrapngram/qhT
1RB---_0RC1RB_1LB1RD_1LC0RD	B	1	direct1	QH	ngram_quiet_all	wrapngram	T	1	Y	wrap(Wrap.v)	1	ngram_quiet_all=wrapngram/qhT
1RB---_0RC1RB_1LC0LD_0RA0LC	C	2	direct1/reroot	undecided	-	-	-	-	N	-	0	
1RB---_0RC1RB_1LC0LD_0RD1RB	B	1	direct1	QH	ngram_quiet_all	wrapngram	T	1	Y	wrap(Wrap.v)	1	ngram_quiet_all=wrapngram/qhT
1RB---_0RC1RB_1LC0LD_1RB0LB	B	1	direct1	QH	ngram_quiet_all	wrapngram	T	1	Y	wrap(Wrap.v)	1	ngram_quiet_all=wrapngram/qhT
1RB---_0RC1RB_1LC1LD_0RB1LC	B	1	direct1	QH	ngram_quiet_all	wrapngram	T	1	Y	wrap(Wrap.v)	1	ngram_quiet_all=wrapngram/qhT
1RB---_0RC1RB_1LC1LD_1RB0LD	B	1	direct1	QH	ngram_quiet_all	wrapngram	T	1	Y	wrap(Wrap.v)	1	ngram_quiet_all=wrapngram/qhT
1RB---_0RC1RB_1LC1RD_1RC0LB	B	1	direct1	QH	ngram_quiet_all	wrapngram	T	1	Y	wrap(Wrap.v)	1	ngram_quiet_all=wrapngram/qhT
1RB---_0RC1RB_1LD0RD_0LB0RB	B	1	direct1	QH	ngram_quiet_all	wrapngram	T	1	Y	wrap(Wrap.v)	1	ngram_quiet_all=wrapngram/qhT
1RB---_0RC1RB_1LD0RD_0LB1RC	B	1	direct1	QH	ngram_quiet_all	wrapngram	T	1	Y	wrap(Wrap.v)	1	ngram_quiet_all=wrapngram/qhT
1RB---_0RC1RB_1LD0RD_0LB1RD	B	1	direct1	QH	ngram_quiet_all	wrapngram	T	1	Y	wrap(Wrap.v)	1	ngram_quiet_all=wrapngram/qhT
1RB---_0RC1RB_1LD1RC_0LB0LB	B	1	direct1	QH	ngram_quiet_all	wrapngram	T	1	Y	wrap(Wrap.v)	1	ngram_quiet_all=wrapngram/qhT
1RB---_0RC1RB_1LD1RC_0LB0LD	B	1	direct1	QH	ngram_quiet_all	wrapngram	T	1	Y	wrap(Wrap.v)	1	ngram_quiet_all=wrapngram/qhT
1RB---_0RC1RB_1LD1RC_0LB1LB	B	1	direct1	QH	ngram_quiet_all	wrapngram	T	1	Y	wrap(Wrap.v)	1	ngram_quiet_all=wrapngram/qhT
1RB---_0RC1RB_1LD1RC_0LB1LD	B	1	direct1	QH	ngram_quiet_all	wrapngram	T	1	Y	wrap(Wrap.v)	1	ngram_quiet_all=wrapngram/qhT
1RB---_0RC1RB_1LD1RC_0RC0LB	B	1	direct1	QH	ngram_quiet_all	wrapngram	T	1	Y	wrap(Wrap.v)	1	ngram_quiet_all=wrapngram/qhT
1RB---_0RC1RB_1LD1RC_0RC1LB	B	1	direct1	QH	ngram_quiet_all	wrapngram	T	1	Y	wrap(Wrap.v)	1	ngram_quiet_all=wrapngram/qhT
1RB---_0RC1RB_1LD1RC_0RD1LB	B	1	direct1	QH	ngram_quiet_all	wrapngram	T	1	Y	wrap(Wrap.v)	1	ngram_quiet_all=wrapngram/qhT
1RB---_0RC1RB_1LD1RC_1LC0LB	B	1	direct1	QH	ngram_quiet_all	wrapngram	T	1	Y	wrap(Wrap.v)	1	ngram_quiet_all=wrapngram/qhT
1RB---_0RC1RB_1LD1RC_1RC0LB	B	1	direct1	QH	ngram_quiet_all	wrapngram	T	1	Y	wrap(Wrap.v)	1	ngram_quiet_all=wrapngram/qhT
1RB---_0RC1RB_1RD0LB_1LC1RC	B	1	direct1	QH	ngram_quiet_all	wrapngram	T	1	Y	wrap(Wrap.v)	1	ngram_quiet_all=wrapngram/qhT
1RB---_0RC1RB_1RD0LB_1LC1RD	B	1	direct1	QH	ngram_quiet_all	wrapngram	T	1	Y	wrap(Wrap.v)	1	ngram_quiet_all=wrapngram/qhT
1RB---_0RC1RB_1RD0LD_1LC1LB	B	1	direct1	QH	ngram_quiet_all	wrapngram	T	1	Y	wrap(Wrap.v)	1	ngram_quiet_all=wrapngram/qhT
1RB---_0RC1RB_1RD1RC_1LD1LB	B	1	direct1	QH	ngram_quiet_all	wrapngram	T	1	Y	wrap(Wrap.v)	1	ngram_quiet_all=wrapngram/qhT
1RB---_0RC1RC_0LC1LD_1RB0LD	B	1	direct1	QH	ngram_quiet_all	wrapngram	T	1	Y	wrap(Wrap.v)	1	ngram_quiet_all=wrapngram/qhT
1RB---_0RC1RC_0RD0RC_1LD0RB	B	1	direct1	QH	ngram_quiet_all	wrapngram	T	1	Y	wrap(Wrap.v)	1	ngram_quiet_all=wrapngram/qhT
1RB---_0RC1RC_0RD0RC_1LD1RB	B	1	direct1	QH	ngram_quiet_all	wrapngram	T	1	Y	wrap(Wrap.v)	1	ngram_quiet_all=wrapngram/qhT
1RB---_0RC1RC_0RD1LC_1LB1RD	B	1	direct1	QH	ngram_quiet_all	wrapngram	T	1	Y	wrap(Wrap.v)	1	ngram_quiet_all=wrapngram/qhT
1RB---_0RC1RC_0RD1RB_1LC1LD	B	1	direct1	QH	ngram_quiet_all	wrapngram	T	1	Y	wrap(Wrap.v)	1	ngram_quiet_all=wrapngram/qhT
1RB---_0RC1RC_0RD1RB_1LD1LB	B	1	direct1	QH	ngram_quiet_all	wrapngram	T	1	Y	wrap(Wrap.v)	1	ngram_quiet_all=wrapngram/qhT
1RB---_0RC1RC_1LC0RD_---1RB	B	2	reroot	QH	ngram_quiet_all	wrapngram	T	1	Y	wrap(Wrap.v)	1	ngram_quiet_all=wrapngram/qhT
1RB---_0RC1RC_1LC1LD_1RB0LD	B	1	direct1	QH	ngram_quiet_all	wrapngram	T	1	Y	wrap(Wrap.v)	1	ngram_quiet_all=wrapngram/qhT
1RB---_0RC1RC_1LC1RD_---1RB	B	2	reroot	QH	ngram_quiet_all	wrapngram	T	1	Y	wrap(Wrap.v)	1	ngram_quiet_all=wrapngram/qhT
1RB---_0RC1RC_1LC1RD_1RB0RB	B	1	direct1	QH	ngram_quiet_all	wrapngram	T	1	Y	wrap(Wrap.v)	1	ngram_quiet_all=wrapngram/qhT
1RB---_0RC1RC_1LD0LD_0RB0LD	B	1	direct1	QH	ngram_quiet_all	wrapngram	T	1	Y	wrap(Wrap.v)	1	ngram_quiet_all=wrapngram/qhT
1RB---_0RC1RC_1LD0LD_0RB1LB	B	1	direct1	QH	ngram_quiet_all	wrapngram	T	1	Y	wrap(Wrap.v)	1	ngram_quiet_all=wrapngram/qhT
1RB---_0RC1RC_1LD0LD_1RB0LC	B	1	direct1	QH	ngram_quiet_all	wrapngram	T	1	Y	wrap(Wrap.v)	1	ngram_quiet_all=wrapngram/qhT
1RB---_0RC1RC_1LD0RB_0LD1RC	B	1	direct1	QH	ngram_quiet_all	wrapngram	T	1	Y	wrap(Wrap.v)	1	ngram_quiet_all=wrapngram/qhT
1RB---_0RC1RC_1LD0RB_1RB0LB	B	1	direct1	QH	ngram_quiet_all	wrapngram	T	1	Y	wrap(Wrap.v)	1	ngram_quiet_all=wrapngram/qhT
1RB---_0RC1RC_1LD0RC_0RB0LB	B	1	direct1	QH	ngram_quiet_all	wrapngram	T	1	Y	wrap(Wrap.v)	1	ngram_quiet_all=wrapngram/qhT
1RB---_0RC1RC_1LD0RC_0RB0LD	B	1	direct1	QH	ngram_quiet_all	wrapngram	T	1	Y	wrap(Wrap.v)	1	ngram_quiet_all=wrapngram/qhT
1RB---_0RC1RC_1LD0RC_0RB1LB	B	1	direct1	QH	ngram_quiet_all	wrapngram	T	1	Y	wrap(Wrap.v)	1	ngram_quiet_all=wrapngram/qhT
1RB---_0RC1RC_1LD0RC_0RB1LC	B	1	direct1	QH	ngram_quiet_all	wrapngram	T	1	Y	wrap(Wrap.v)	1	ngram_quiet_all=wrapngram/qhT
1RB---_0RC1RC_1LD0RC_0RB1LD	B	1	direct1	QH	ngram_quiet_all	wrapngram	T	1	Y	wrap(Wrap.v)	1	ngram_quiet_all=wrapngram/qhT
1RB---_0RC1RC_1LD0RC_1RB0LC	B	1	direct1	QH	ngram_quiet_all	wrapngram	T	1	Y	wrap(Wrap.v)	1	ngram_quiet_all=wrapngram/qhT
1RB---_0RC1RC_1LD0RC_1RB1LB	B	1	direct1	QH	ngram_quiet_all	wrapngram	T	1	Y	wrap(Wrap.v)	1	ngram_quiet_all=wrapngram/qhT
1RB---_0RC1RC_1LD0RC_1RB1LC	B	1	direct1	QH	ngram_quiet_all	wrapngram	T	1	Y	wrap(Wrap.v)	1	ngram_quiet_all=wrapngram/qhT
1RB---_0RC1RC_1LD0RC_1RB1LD	B	1	direct1	QH	ngram_quiet_all	wrapngram	T	1	Y	wrap(Wrap.v)	1	ngram_quiet_all=wrapngram/qhT
1RB---_0RC1RC_1LD0RD_0RB0LB	B	1	direct1	QH	ngram_quiet_all	wrapngram	T	1	Y	wrap(Wrap.v)	1	ngram_quiet_all=wrapngram/qhT
1RB---_0RC1RC_1LD0RD_0RB1LB	B	1	direct1	QH	ngram_quiet_all	wrapngram	T	1	Y	wrap(Wrap.v)	1	ngram_quiet_all=wrapngram/qhT
1RB---_0RC1RC_1LD0RD_1RB0LB	B	1	direct1	QH	ngram_quiet_all	wrapngram	T	1	Y	wrap(Wrap.v)	1	ngram_quiet_all=wrapngram/qhT
1RB---_0RC1RC_1LD0RD_1RB1LB	B	1	direct1	QH	ngram_quiet_all	wrapngram	T	1	Y	wrap(Wrap.v)	1	ngram_quiet_all=wrapngram/qhT
1RB---_0RC1RC_1LD1RB_0RB1LC	B	1	direct1	QH	ngram_quiet_all	wrapngram	T	1	Y	wrap(Wrap.v)	1	ngram_quiet_all=wrapngram/qhT
1RB---_0RC1RC_1LD1RC_0RB1LD	B	1	direct1	QH	ngram_quiet_all	wrapngram	T	1	Y	wrap(Wrap.v)	1	ngram_quiet_all=wrapngram/qhT
1RB---_0RC1RC_1LD1RD_0RB0LB	B	1	direct1	QH	ngram_quiet_all	wrapngram	T	1	Y	wrap(Wrap.v)	1	ngram_quiet_all=wrapngram/qhT
1RB---_0RC1RC_1LD1RD_0RB1LB	B	1	direct1	QH	ngram_quiet_all	wrapngram	T	1	Y	wrap(Wrap.v)	1	ngram_quiet_all=wrapngram/qhT
1RB---_0RC1RC_1LD1RD_1RB1LB	B	1	direct1	QH	ngram_quiet_all	wrapngram	T	1	Y	wrap(Wrap.v)	1	ngram_quiet_all=wrapngram/qhT
1RB---_0RC1RD_0LC1LD_1RB0LC	B	1	direct1	QH	ngram_quiet_all	wrapngram	T	1	Y	wrap(Wrap.v)	1	ngram_quiet_all=wrapngram/qhT
1RB---_0RC1RD_0LC1LD_1RB0LD	B	1	direct1	QH	ngram_quiet_all	wrapngram	T	1	Y	wrap(Wrap.v)	1	ngram_quiet_all=wrapngram/qhT
1RB---_0RC1RD_0RD1LD_1LB0RB	B	1	direct1	QH	ngram_quiet_all	wrapngram	T	1	Y	wrap(Wrap.v)	1	ngram_quiet_all=wrapngram/qhT
1RB---_0RC1RD_0RD1RB_1LD1RC	B	1	direct1	QH	ngram_quiet_all	wrapngram	T	1	Y	wrap(Wrap.v)	1	ngram_quiet_all=wrapngram/qhT
1RB---_0RC1RD_1LB0LC_1LC0RD	B	1	direct1	QH	ngram_quiet_all	wrapngram	T	1	Y	wrap(Wrap.v)	1	ngram_quiet_all=wrapngram/qhT
1RB---_0RC1RD_1LB1LC_0LB0RD	B	1	direct1	QH	ngram_quiet_all	wrapngram	T	1	Y	wrap(Wrap.v)	1	ngram_quiet_all=wrapngram/qhT
1RB---_0RC1RD_1LB1LC_0RB0RD	B	1	direct1	QH	ngram_quiet_all	wrapngram	T	1	Y	wrap(Wrap.v)	1	ngram_quiet_all=wrapngram/qhT
1RB---_0RC1RD_1LB1LC_0RB1RB	B	1	direct1	QH	ngram_quiet_all	wrapngram	T	1	Y	wrap(Wrap.v)	1	ngram_quiet_all=wrapngram/qhT
1RB---_0RC1RD_1LB1LC_0RC0RD	B	1	direct1	QH	ngram_quiet_all	wrapngram	T	1	Y	wrap(Wrap.v)	1	ngram_quiet_all=wrapngram/qhT
1RB---_0RC1RD_1LB1LC_1LB0RD	B	1	direct1	QH	ngram_quiet_all	wrapngram	T	1	Y	wrap(Wrap.v)	1	ngram_quiet_all=wrapngram/qhT
1RB---_0RC1RD_1LB1LC_1LC0RD	B	1	direct1	QH	ngram_quiet_all	wrapngram	T	1	Y	wrap(Wrap.v)	1	ngram_quiet_all=wrapngram/qhT
1RB---_0RC1RD_1LB1RC_0RC1LD	B	1	direct1	QH	ngram_quiet_all	wrapngram	T	1	Y	wrap(Wrap.v)	1	ngram_quiet_all=wrapngram/qhT
