machine	theorem	file	n	t	contexts
1RB---_0LC0RC_0LD1LC_1RA1LB	nqh_1RBXXX_0LC0RC_0LD1LC_1RA1LB	theories/Machines/Bulk/Bulk_001.v	2	0	58
1RB---_0LC1RC_1RA0RD_1LB1RD	nqh_1RBXXX_0LC1RC_1RA0RD_1LB1RD	theories/Machines/Bulk/Bulk_001.v	2	0	54
1RB---_0RC1LD_1RD0RA_0LB1RC	nqh_1RBXXX_0RC1LD_1RD0RA_0LB1RC	theories/Machines/Bulk/Bulk_001.v	2	0	49
1RB---_1LC0RA_1RD0LB_0LC1RC	nqh_1RBXXX_1LC0RA_1RD0LB_0LC1RC	theories/Machines/Bulk/Bulk_001.v	3	0	64
1RB---_1LC0RA_1RD0LB_0RA1RC	nqh_1RBXXX_1LC0RA_1RD0LB_0RA1RC	theories/Machines/Bulk/Bulk_001.v	3	0	60
1RB---_1LC0RA_1RD0LB_1RB1RC	nqh_1RBXXX_1LC0RA_1RD0LB_1RB1RC	theories/Machines/Bulk/Bulk_001.v	3	0	62
1RB---_1LC0RB_0LD0LB_0RA1LB	nqh_1RBXXX_1LC0RB_0LD0LB_0RA1LB	theories/Machines/Bulk/Bulk_001.v	2	0	43
1RB---_1LC0RB_0LD1LB_0RA0LC	nqh_1RBXXX_1LC0RB_0LD1LB_0RA0LC	theories/Machines/Bulk/Bulk_001.v	2	0	55
1RB---_1LC0RB_0LD1LC_1RA0LD	nqh_1RBXXX_1LC0RB_0LD1LC_1RA0LD	theories/Machines/Bulk/Bulk_001.v	2	0	67
1RB---_1LC0RC_0LD1LC_1RA1LB	nqh_1RBXXX_1LC0RC_0LD1LC_1RA1LB	theories/Machines/Bulk/Bulk_001.v	2	0	50
1RB---_1LC0RC_0LD1RC_1RA0RB	nqh_1RBXXX_1LC0RC_0LD1RC_1RA0RB	theories/Machines/Bulk/Bulk_001.v	2	0	52
1RB---_1RC1RA_1LD0RB_1RB0LC	nqh_1RBXXX_1RC1RA_1LD0RB_1RB0LC	theories/Machines/Bulk/Bulk_001.v	3	0	65
1RB0LA_0LB0RC_1LD0RD_1LA1LB	nqh_1RB0LA_0LB0RC_1LD0RD_1LA1LB	theories/Machines/Bulk/Bulk_001.v	10	0	2974
1RB0LA_0LC0RA_1LA1LD_1LC0LC	nqh_1RB0LA_0LC0RA_1LA1LD_1LC0LC	theories/Machines/Bulk/Bulk_001.v	2	0	84
1RB0LA_0LC0RA_1RC0RD_1LB1RD	nqh_1RB0LA_0LC0RA_1RC0RD_1LB1RD	theories/Machines/Bulk/Bulk_001.v	3	0	107
1RB0LA_0LC0RC_1RD1LA_1LA0RD	nqh_1RB0LA_0LC0RC_1RD1LA_1LA0RD	theories/Machines/Bulk/Bulk_001.v	2	0	84
1RB0LA_0LC0RD_1LC1LA_0RC0LA	nqh_1RB0LA_0LC0RD_1LC1LA_0RC0LA	theories/Machines/Bulk/Bulk_001.v	3	0	123
1RB0LA_0LC0RD_1LC1LA_0RC1LB	nqh_1RB0LA_0LC0RD_1LC1LA_0RC1LB	theories/Machines/Bulk/Bulk_001.v	3	0	225
1RB0LA_0LC1LC_1RD1LB_0RA0RB	nqh_1RB0LA_0LC1LC_1RD1LB_0RA0RB	theories/Machines/Bulk/Bulk_001.v	2	0	77
1RB0LA_0LC1LC_1RD1LB_0RA1RD	nqh_1RB0LA_0LC1LC_1RD1LB_0RA1RD	theories/Machines/Bulk/Bulk_001.v	2	0	69
1RB0LA_0LC1RB_1LA1RD_1LC0RD	nqh_1RB0LA_0LC1RB_1LA1RD_1LC0RD	theories/Machines/Bulk/Bulk_001.v	2	0	94
1RB0LA_0LC1RC_1LA1RD_1LC0RD	nqh_1RB0LA_0LC1RC_1LA1RD_1LC0RD	theories/Machines/Bulk/Bulk_001.v	2	0	92
1RB0LA_0LC1RD_1LD0RC_1LA0RB	nqh_1RB0LA_0LC1RD_1LD0RC_1LA0RB	theories/Machines/Bulk/Bulk_001.v	2	0	88
1RB0LA_0RC0LA_1LD1RD_1LA0RB	nqh_1RB0LA_0RC0LA_1LD1RD_1LA0RB	theories/Machines/Bulk/Bulk_001.v	2	0	76
1RB0LA_0RC0LD_1LD0RC_1LA1RA	nqh_1RB0LA_0RC0LD_1LD0RC_1LA1RA	theories/Machines/Bulk/Bulk_001.v	2	0	70
1RB0LA_0RC0LD_1LD1RD_1LA1RB	nqh_1RB0LA_0RC0LD_1LD1RD_1LA1RB	theories/Machines/Bulk/Bulk_001.v	2	0	54
1RB0LA_0RC0RA_0LD1RA_1LA---	nqh_1RB0LA_0RC0RA_0LD1RA_1LAXXX	theories/Machines/Bulk/Bulk_001.v	2	0	41
1RB0LA_0RC0RA_0LD1RA_1LD0LA	nqh_1RB0LA_0RC0RA_0LD1RA_1LD0LA	theories/Machines/Bulk/Bulk_001.v	2	0	41
1RB0LA_0RC0RA_0LD1RA_1RC1LA	nqh_1RB0LA_0RC0RA_0LD1RA_1RC1LA	theories/Machines/Bulk/Bulk_001.v	2	0	48
1RB0LA_0RC0RA_0LD1RC_1LA1RA	nqh_1RB0LA_0RC0RA_0LD1RC_1LA1RA	theories/Machines/Bulk/Bulk_001.v	2	0	48
1RB0LA_0RC0RA_1LC0LD_1RB1LD	nqh_1RB0LA_0RC0RA_1LC0LD_1RB1LD	theories/Machines/Bulk/Bulk_001.v	3	0	152
1RB0LA_0RC0RC_1LC1RD_1RB1LA	nqh_1RB0LA_0RC0RC_1LC1RD_1RB1LA	theories/Machines/Bulk/Bulk_001.v	2	0	59
1RB0LA_0RC0RC_1LD1RD_1LA1RB	nqh_1RB0LA_0RC0RC_1LD1RD_1LA1RB	theories/Machines/Bulk/Bulk_001.v	2	0	52
1RB0LA_0RC0RD_0LD1RA_1RC1LA	nqh_1RB0LA_0RC0RD_0LD1RA_1RC1LA	theories/Machines/Bulk/Bulk_001.v	2	0	62
1RB0LA_0RC0RD_1LA0RC_0LC1RA	nqh_1RB0LA_0RC0RD_1LA0RC_0LC1RA	theories/Machines/Bulk/Bulk_001.v	2	0	57
1RB0LA_0RC0RD_1LA1LC_1LB1RB	nqh_1RB0LA_0RC0RD_1LA1LC_1LB1RB	theories/Machines/Bulk/Bulk_001.v	4	0	453
1RB0LA_0RC0RD_1LA1RA_0LC0RC	nqh_1RB0LA_0RC0RD_1LA1RA_0LC0RC	theories/Machines/Bulk/Bulk_001.v	2	0	57
1RB0LA_0RC0RD_1LA1RA_0LC1LB	nqh_1RB0LA_0RC0RD_1LA1RA_0LC1LB	theories/Machines/Bulk/Bulk_001.v	2	0	47
1RB0LA_0RC0RD_1LA1RA_0LC1RA	nqh_1RB0LA_0RC0RD_1LA1RA_0LC1RA	theories/Machines/Bulk/Bulk_001.v	2	0	47
1RB0LA_0RC0RD_1LA1RA_0LC1RD	nqh_1RB0LA_0RC0RD_1LA1RA_0LC1RD	theories/Machines/Bulk/Bulk_001.v	2	0	52
1RB0LA_0RC0RD_1LA1RB_1LC1RC	nqh_1RB0LA_0RC0RD_1LA1RB_1LC1RC	theories/Machines/Bulk/Bulk_001.v	2	0	68
1RB0LA_0RC0RD_1LA1RD_1LC1RB	nqh_1RB0LA_0RC0RD_1LA1RD_1LC1RB	theories/Machines/Bulk/Bulk_001.v	2	0	70
1RB0LA_0RC1LA_0RD1RB_1LD1LA	nqh_1RB0LA_0RC1LA_0RD1RB_1LD1LA	theories/Machines/Bulk/Bulk_001.v	3	0	150
1RB0LA_0RC1LA_1LB1RD_1LB1RB	nqh_1RB0LA_0RC1LA_1LB1RD_1LB1RB	theories/Machines/Bulk/Bulk_001.v	2	0	60
1RB0LA_0RC1LA_1RD0LB_1LB1RB	nqh_1RB0LA_0RC1LA_1RD0LB_1LB1RB	theories/Machines/Bulk/Bulk_001.v	2	0	60
1RB0LA_0RC1LA_1RD0RA_0LB1RB	nqh_1RB0LA_0RC1LA_1RD0RA_0LB1RB	theories/Machines/Bulk/Bulk_001.v	2	0	48
1RB0LA_0RC1LA_1RD0RA_1LB0RA	nqh_1RB0LA_0RC1LA_1RD0RA_1LB0RA	theories/Machines/Bulk/Bulk_001.v	2	0	62
1RB0LA_0RC1LA_1RD1LC_1LB0RB	nqh_1RB0LA_0RC1LA_1RD1LC_1LB0RB	theories/Machines/Bulk/Bulk_001.v	2	0	84
1RB0LA_0RC1LA_1RD1RA_0LB1LA	nqh_1RB0LA_0RC1LA_1RD1RA_0LB1LA	theories/Machines/Bulk/Bulk_001.v	2	0	48
1RB0LA_0RC1LA_1RD1RA_0LB1RD	nqh_1RB0LA_0RC1LA_1RD1RA_0LB1RD	theories/Machines/Bulk/Bulk_001.v	2	0	51
1RB0LA_0RC1LA_1RD1RA_0LD1LA	nqh_1RB0LA_0RC1LA_1RD1RA_0LD1LA	theories/Machines/Bulk/Bulk_002.v	2	0	48
1RB0LA_0RC1LA_1RD1RA_1LB0RB	nqh_1RB0LA_0RC1LA_1RD1RA_1LB0RB	theories/Machines/Bulk/Bulk_002.v	2	0	76
1RB0LA_0RC1LA_1RD1RB_0LB1RB	nqh_1RB0LA_0RC1LA_1RD1RB_0LB1RB	theories/Machines/Bulk/Bulk_002.v	2	0	48
1RB0LA_0RC1LA_1RD1RB_1LB0RA	nqh_1RB0LA_0RC1LA_1RD1RB_1LB0RA	theories/Machines/Bulk/Bulk_002.v	2	0	61
1RB0LA_0RC1LA_1RD1RC_0LB1RB	nqh_1RB0LA_0RC1LA_1RD1RC_0LB1RB	theories/Machines/Bulk/Bulk_002.v	2	0	56
1RB0LA_0RC1LA_1RD1RD_1LB1RB	nqh_1RB0LA_0RC1LA_1RD1RD_1LB1RB	theories/Machines/Bulk/Bulk_002.v	2	0	60
1RB0LA_0RC1LD_1LD0RC_1LA1RD	nqh_1RB0LA_0RC1LD_1LD0RC_1LA1RD	theories/Machines/Bulk/Bulk_002.v	2	0	72
1RB0LA_0RC1RA_0LD0RB_1LA---	nqh_1RB0LA_0RC1RA_0LD0RB_1LAXXX	theories/Machines/Bulk/Bulk_002.v	2	0	55
1RB0LA_0RC1RA_0LD0RB_1RC1LA	nqh_1RB0LA_0RC1RA_0LD0RB_1RC1LA	theories/Machines/Bulk/Bulk_002.v	2	0	69
1RB0LA_0RC1RA_0LD0RD_1RC1LA	nqh_1RB0LA_0RC1RA_0LD0RD_1RC1LA	theories/Machines/Bulk/Bulk_002.v	2	0	65
1RB0LA_0RC1RA_0LD1RB_1LD1LB	nqh_1RB0LA_0RC1RA_0LD1RB_1LD1LB	theories/Machines/Bulk/Bulk_002.v	2	0	49
1RB0LA_0RC1RA_0LD1RC_1LA0RB	nqh_1RB0LA_0RC1RA_0LD1RC_1LA0RB	theories/Machines/Bulk/Bulk_002.v	2	0	62
1RB0LA_0RC1RB_0LD0RD_1RC1LA	nqh_1RB0LA_0RC1RB_0LD0RD_1RC1LA	theories/Machines/Bulk/Bulk_002.v	2	0	65
1RB0LA_0RC1RB_1LD0RC_1LA---	nqh_1RB0LA_0RC1RB_1LD0RC_1LAXXX	theories/Machines/Bulk/Bulk_002.v	2	0	62
1RB0LA_0RC1RB_1LD0RD_1LA0RC	nqh_1RB0LA_0RC1RB_1LD0RD_1LA0RC	theories/Machines/Bulk/Bulk_002.v	2	0	72
1RB0LA_0RC1RC_0LD0RB_1LA1RA	nqh_1RB0LA_0RC1RC_0LD0RB_1LA1RA	theories/Machines/Bulk/Bulk_002.v	2	0	62
1RB0LA_0RC1RC_0LD1RA_1LA0RA	nqh_1RB0LA_0RC1RC_0LD1RA_1LA0RA	theories/Machines/Bulk/Bulk_002.v	2	0	48
1RB0LA_0RC1RD_1LC1LA_0RB0RC	nqh_1RB0LA_0RC1RD_1LC1LA_0RB0RC	theories/Machines/Bulk/Bulk_002.v	3	0	176
1RB0LA_0RC1RD_1LD0RB_1LA1RB	nqh_1RB0LA_0RC1RD_1LD0RB_1LA1RB	theories/Machines/Bulk/Bulk_002.v	2	0	86
1RB0LA_0RC1RD_1LD0RC_1LA0RD	nqh_1RB0LA_0RC1RD_1LD0RC_1LA0RD	theories/Machines/Bulk/Bulk_002.v	2	0	88
1RB0LA_0RC1RD_1LD0RC_1LA1RA	nqh_1RB0LA_0RC1RD_1LD0RC_1LA1RA	theories/Machines/Bulk/Bulk_002.v	2	0	71
1RB0LA_0RC1RD_1LD0RC_1LA1RB	nqh_1RB0LA_0RC1RD_1LD0RC_1LA1RB	theories/Machines/Bulk/Bulk_002.v	2	0	70
1RB0LA_0RC1RD_1LD0RC_1LA1RC	nqh_1RB0LA_0RC1RD_1LD0RC_1LA1RC	theories/Machines/Bulk/Bulk_002.v	2	0	74
1RB0LA_0RC1RD_1LD0RC_1LA1RD	nqh_1RB0LA_0RC1RD_1LD0RC_1LA1RD	theories/Machines/Bulk/Bulk_002.v	2	0	68
1RB0LA_0RC1RD_1RD1RA_0LD1LA	nqh_1RB0LA_0RC1RD_1RD1RA_0LD1LA	theories/Machines/Bulk/Bulk_002.v	2	0	53
1RB0LA_1LB1RC_1RD1LC_1LA0RD	nqh_1RB0LA_1LB1RC_1RD1LC_1LA0RD	theories/Machines/Bulk/Bulk_002.v	2	0	83
1RB0LA_1LC0RB_0RD0LD_1LA1RB	nqh_1RB0LA_1LC0RB_0RD0LD_1LA1RB	theories/Machines/Bulk/Bulk_002.v	2	0	84
1RB0LA_1LC0RB_1LD1RC_0LA0RB	nqh_1RB0LA_1LC0RB_1LD1RC_0LA0RB	theories/Machines/Bulk/Bulk_002.v	2	0	64
1RB0LA_1LC0RB_1RC1LD_1LA1RD	nqh_1RB0LA_1LC0RB_1RC1LD_1LA1RD	theories/Machines/Bulk/Bulk_002.v	2	0	83
1RB0LA_1LC0RB_1RD0LD_1LA1RB	nqh_1RB0LA_1LC0RB_1RD0LD_1LA1RB	theories/Machines/Bulk/Bulk_002.v	2	0	84
1RB0LA_1LC0RB_1RD1LA_---1RA	nqh_1RB0LA_1LC0RB_1RD1LA_XXX1RA	theories/Machines/Bulk/Bulk_002.v	2	0	80
1RB0LA_1LC0RB_1RD1LA_1LA1RC	nqh_1RB0LA_1LC0RB_1RD1LA_1LA1RC	theories/Machines/Bulk/Bulk_002.v	2	0	80
1RB0LA_1LC0RB_1RD1LA_1LA1RD	nqh_1RB0LA_1LC0RB_1RD1LA_1LA1RD	theories/Machines/Bulk/Bulk_002.v	2	0	74
1RB0LA_1LC0RB_1RD1LA_1LD1RC	nqh_1RB0LA_1LC0RB_1RD1LA_1LD1RC	theories/Machines/Bulk/Bulk_002.v	2	0	80
1RB0LA_1LC0RB_1RD1LA_1RA1RC	nqh_1RB0LA_1LC0RB_1RD1LA_1RA1RC	theories/Machines/Bulk/Bulk_002.v	2	0	89
1RB0LA_1LC0RB_1RD1LA_1RA1RD	nqh_1RB0LA_1LC0RB_1RD1LA_1RA1RD	theories/Machines/Bulk/Bulk_002.v	2	0	84
1RB0LA_1LC0RB_1RD1LA_1RB1RC	nqh_1RB0LA_1LC0RB_1RD1LA_1RB1RC	theories/Machines/Bulk/Bulk_002.v	2	0	88
1RB0LA_1LC0RB_1RD1LA_1RB1RD	nqh_1RB0LA_1LC0RB_1RD1LA_1RB1RD	theories/Machines/Bulk/Bulk_002.v	2	0	82
1RB0LA_1LC0RB_1RD1LB_1LA1RC	nqh_1RB0LA_1LC0RB_1RD1LB_1LA1RC	theories/Machines/Bulk/Bulk_002.v	2	0	70
1RB0LA_1LC0RB_1RD1LD_1LA1RA	nqh_1RB0LA_1LC0RB_1RD1LD_1LA1RA	theories/Machines/Bulk/Bulk_002.v	2	0	87
1RB0LA_1LC0RB_1RD1LD_1LA1RD	nqh_1RB0LA_1LC0RB_1RD1LD_1LA1RD	theories/Machines/Bulk/Bulk_002.v	2	0	79
1RB0LA_1LC0RC_1LA1RD_0RB1RD	nqh_1RB0LA_1LC0RC_1LA1RD_0RB1RD	theories/Machines/Bulk/Bulk_002.v	3	0	183
1RB0LA_1LC0RC_1RD1LA_1LA0RB	nqh_1RB0LA_1LC0RC_1RD1LA_1LA0RB	theories/Machines/Bulk/Bulk_002.v	3	0	242
1RB0LA_1LC0RC_1RD1LA_1LA0RC	nqh_1RB0LA_1LC0RC_1RD1LA_1LA0RC	theories/Machines/Bulk/Bulk_002.v	2	0	64
1RB0LA_1LC0RC_1RD1LA_1LA0RD	nqh_1RB0LA_1LC0RC_1RD1LA_1LA0RD	theories/Machines/Bulk/Bulk_002.v	2	0	84
1RB0LA_1LC0RC_1RD1LA_1LA1LB	nqh_1RB0LA_1LC0RC_1RD1LA_1LA1LB	theories/Machines/Bulk/Bulk_002.v	2	0	74
1RB0LA_1LC0RC_1RD1LA_1LA1RB	nqh_1RB0LA_1LC0RC_1RD1LA_1LA1RB	theories/Machines/Bulk/Bulk_002.v	2	0	64
1RB0LA_1LC0RC_1RD1LA_1RB0RC	nqh_1RB0LA_1LC0RC_1RD1LA_1RB0RC	theories/Machines/Bulk/Bulk_002.v	2	0	62
1RB0LA_1LC0RC_1RD1LA_1RB1LB	nqh_1RB0LA_1LC0RC_1RD1LA_1RB1LB	theories/Machines/Bulk/Bulk_002.v	2	0	72
1RB0LA_1LC0RC_1RD1LA_1RB1RB	nqh_1RB0LA_1LC0RC_1RD1LA_1RB1RB	theories/Machines/Bulk/Bulk_002.v	2	0	62
1RB0LA_1LC0RD_0LB1LA_0LA0RC	nqh_1RB0LA_1LC0RD_0LB1LA_0LA0RC	theories/Machines/Bulk/Bulk_003.v	3	0	188
1RB0LA_1LC0RD_0LC1LA_1RA0RC	nqh_1RB0LA_1LC0RD_0LC1LA_1RA0RC	theories/Machines/Bulk/Bulk_003.v	3	0	227
1RB0LA_1LC0RD_0RB1RC_1LD0LA	nqh_1RB0LA_1LC0RD_0RB1RC_1LD0LA	theories/Machines/Bulk/Bulk_003.v	3	0	120
1RB0LA_1LC0RD_1LA0LB_1RB0RD	nqh_1RB0LA_1LC0RD_1LA0LB_1RB0RD	theories/Machines/Bulk/Bulk_003.v	3	0	224
1RB0LA_1LC0RD_1LA0LC_1RB0RB	nqh_1RB0LA_1LC0RD_1LA0LC_1RB0RB	theories/Machines/Bulk/Bulk_003.v	2	0	96
1RB0LA_1LC0RD_1LA0LC_1RB0RD	nqh_1RB0LA_1LC0RD_1LA0LC_1RB0RD	theories/Machines/Bulk/Bulk_003.v	2	0	78
1RB0LA_1LC0RD_1LA1RB_1LC1RC	nqh_1RB0LA_1LC0RD_1LA1RB_1LC1RC	theories/Machines/Bulk/Bulk_003.v	2	0	62
1RB0LA_1LC0RD_1LA1RD_0RB1RD	nqh_1RB0LA_1LC0RD_1LA1RD_0RB1RD	theories/Machines/Bulk/Bulk_003.v	2	0	96
1RB0LA_1LC0RD_1LB1LA_0RC1RD	nqh_1RB0LA_1LC0RD_1LB1LA_0RC1RD	theories/Machines/Bulk/Bulk_003.v	3	0	184
1RB0LA_1LC0RD_1LC1LA_0RC1RD	nqh_1RB0LA_1LC0RD_1LC1LA_0RC1RD	theories/Machines/Bulk/Bulk_003.v	3	0	187
1RB0LA_1LC0RD_1RD1LB_1LA1RC	nqh_1RB0LA_1LC0RD_1RD1LB_1LA1RC	theories/Machines/Bulk/Bulk_003.v	2	0	72
1RB0LA_1LC1LD_1RD0LB_1LA0RC	nqh_1RB0LA_1LC1LD_1RD0LB_1LA0RC	theories/Machines/Bulk/Bulk_003.v	3	0	77
1RB0LA_1LC1RA_1RD1LB_1LA0RD	nqh_1RB0LA_1LC1RA_1RD1LB_1LA0RD	theories/Machines/Bulk/Bulk_003.v	2	0	70
1RB0LA_1LC1RB_0RA0LD_1RD0RB	nqh_1RB0LA_1LC1RB_0RA0LD_1RD0RB	theories/Machines/Bulk/Bulk_003.v	2	0	61
1RB0LA_1LC1RB_1LA1RD_1LB0RD	nqh_1RB0LA_1LC1RB_1LA1RD_1LB0RD	theories/Machines/Bulk/Bulk_003.v	2	0	78
1RB0LA_1LC1RB_1LA1RD_1LC0RD	nqh_1RB0LA_1LC1RB_1LA1RD_1LC0RD	theories/Machines/Bulk/Bulk_003.v	2	0	78
1RB0LA_1LC1RC_1LA1RD_0RB0LC	nqh_1RB0LA_1LC1RC_1LA1RD_0RB0LC	theories/Machines/Bulk/Bulk_003.v	2	0	76
1RB0LA_1LC1RC_1LA1RD_0RB0RB	nqh_1RB0LA_1LC1RC_1LA1RD_0RB0RB	theories/Machines/Bulk/Bulk_003.v	2	0	66
1RB0LA_1LC1RC_1LA1RD_0RC0RB	nqh_1RB0LA_1LC1RC_1LA1RD_0RC0RB	theories/Machines/Bulk/Bulk_003.v	2	0	90
1RB0LA_1LC1RC_1LA1RD_1LC0RB	nqh_1RB0LA_1LC1RC_1LA1RD_1LC0RB	theories/Machines/Bulk/Bulk_003.v	2	0	66
1RB0LA_1LC1RC_1LA1RD_1LC0RD	nqh_1RB0LA_1LC1RC_1LA1RD_1LC0RD	theories/Machines/Bulk/Bulk_003.v	2	0	82
1RB0LA_1LC1RC_1LA1RD_1RA0RB	nqh_1RB0LA_1LC1RC_1LA1RD_1RA0RB	theories/Machines/Bulk/Bulk_003.v	2	0	78
1RB0LA_1LC1RC_1LA1RD_1RB0RB	nqh_1RB0LA_1LC1RC_1LA1RD_1RB0RB	theories/Machines/Bulk/Bulk_003.v	2	0	76
1RB0LA_1LC1RC_1LA1RD_1RC0RB	nqh_1RB0LA_1LC1RC_1LA1RD_1RC0RB	theories/Machines/Bulk/Bulk_003.v	2	0	72
1RB0LA_1LC1RC_1RD1LC_1LA0RD	nqh_1RB0LA_1LC1RC_1RD1LC_1LA0RD	theories/Machines/Bulk/Bulk_003.v	2	0	79
1RB0LA_1LC1RC_1RD1LD_1LA0RD	nqh_1RB0LA_1LC1RC_1RD1LD_1LA0RD	theories/Machines/Bulk/Bulk_003.v	2	0	87
1RB0LA_1LC1RD_---1LD_1LA0RD	nqh_1RB0LA_1LC1RD_XXX1LD_1LA0RD	theories/Machines/Bulk/Bulk_003.v	2	0	80
1RB0LA_1LC1RD_0LB1LA_1LC0RB	nqh_1RB0LA_1LC1RD_0LB1LA_1LC0RB	theories/Machines/Bulk/Bulk_003.v	2	0	73
1RB0LA_1LC1RD_0RB1LA_1RA0RB	nqh_1RB0LA_1LC1RD_0RB1LA_1RA0RB	theories/Machines/Bulk/Bulk_003.v	2	0	76
1RB0LA_1LC1RD_1LA1LB_1LA0RD	nqh_1RB0LA_1LC1RD_1LA1LB_1LA0RD	theories/Machines/Bulk/Bulk_003.v	2	0	88
1RB0LA_1LC1RD_1LA1LC_1LA0RD	nqh_1RB0LA_1LC1RD_1LA1LC_1LA0RD	theories/Machines/Bulk/Bulk_003.v	2	0	82
1RB0LA_1LC1RD_1LB1LA_1RA0RB	nqh_1RB0LA_1LC1RD_1LB1LA_1RA0RB	theories/Machines/Bulk/Bulk_003.v	2	0	77
1RB0LA_1LC1RD_1LC1LA_1LA0RB	nqh_1RB0LA_1LC1RD_1LC1LA_1LA0RB	theories/Machines/Bulk/Bulk_003.v	2	0	70
1RB0LA_1LC1RD_1LC1LA_1LC0RB	nqh_1RB0LA_1LC1RD_1LC1LA_1LC0RB	theories/Machines/Bulk/Bulk_003.v	2	0	68
1RB0LA_1LC1RD_1LC1LA_1RA0RB	nqh_1RB0LA_1LC1RD_1LC1LA_1RA0RB	theories/Machines/Bulk/Bulk_003.v	2	0	76
1RB0LA_1LC1RD_1LD1LB_1LA0RD	nqh_1RB0LA_1LC1RD_1LD1LB_1LA0RD	theories/Machines/Bulk/Bulk_003.v	2	0	89
1RB0LA_1LC1RD_1LD1LC_1LA0RD	nqh_1RB0LA_1LC1RD_1LD1LC_1LA0RD	theories/Machines/Bulk/Bulk_003.v	2	0	84
1RB0LA_1LC1RD_1RC1LB_1LA0RD	nqh_1RB0LA_1LC1RD_1RC1LB_1LA0RD	theories/Machines/Bulk/Bulk_003.v	2	0	80
1RB0LA_1LC1RD_1RD1LB_1LA0RD	nqh_1RB0LA_1LC1RD_1RD1LB_1LA0RD	theories/Machines/Bulk/Bulk_003.v	2	0	80
1RB0LA_1LC1RD_1RD1LC_1LA0RD	nqh_1RB0LA_1LC1RD_1RD1LC_1LA0RD	theories/Machines/Bulk/Bulk_003.v	2	0	74
1RB0LA_1RC---_1LD0RC_0LA1LD	nqh_1RB0LA_1RCXXX_1LD0RC_0LA1LD	theories/Machines/Bulk/Bulk_003.v	2	0	62
1RB0LA_1RC0LB_1LD0RC_0LA1LB	nqh_1RB0LA_1RC0LB_1LD0RC_0LA1LB	theories/Machines/Bulk/Bulk_003.v	2	0	88
1RB0LA_1RC0LD_1LD0RC_0RA1LB	nqh_1RB0LA_1RC0LD_1LD0RC_0RA1LB	theories/Machines/Bulk/Bulk_003.v	2	0	88
1RB0LA_1RC0RA_1LD0RB_1LB0LC	nqh_1RB0LA_1RC0RA_1LD0RB_1LB0LC	theories/Machines/Bulk/Bulk_003.v	3	0	117
1RB0LA_1RC0RC_1LD0RA_1LB1LD	nqh_1RB0LA_1RC0RC_1LD0RA_1LB1LD	theories/Machines/Bulk/Bulk_003.v	2	0	46
1RB0LA_1RC0RD_1LD0RD_1RA1LA	nqh_1RB0LA_1RC0RD_1LD0RD_1RA1LA	theories/Machines/Bulk/Bulk_003.v	2	0	57
1RB0LA_1RC0RD_1LD1LB_1RA1LA	nqh_1RB0LA_1RC0RD_1LD1LB_1RA1LA	theories/Machines/Bulk/Bulk_003.v	2	0	59
1RB0LA_1RC0RD_1LD1RB_1RA1LA	nqh_1RB0LA_1RC0RD_1LD1RB_1RA1LA	theories/Machines/Bulk/Bulk_003.v	2	0	57
1RB0LA_1RC1LA_1LB0RD_1LA0RC	nqh_1RB0LA_1RC1LA_1LB0RD_1LA0RC	theories/Machines/Bulk/Bulk_003.v	2	0	88
1RB0LA_1RC1LA_1LB1RD_1LC0RD	nqh_1RB0LA_1RC1LA_1LB1RD_1LC0RD	theories/Machines/Bulk/Bulk_003.v	2	0	80
1RB0LA_1RC1LA_1LD0RC_0LA1LB	nqh_1RB0LA_1RC1LA_1LD0RC_0LA1LB	theories/Machines/Bulk/Bulk_004.v	2	0	74
1RB0LA_1RC1LA_1LD0RC_0RB1LB	nqh_1RB0LA_1RC1LA_1LD0RC_0RB1LB	theories/Machines/Bulk/Bulk_004.v	2	0	92
1RB0LA_1RC1LA_1LD0RC_0RB1LD	nqh_1RB0LA_1RC1LA_1LD0RC_0RB1LD	theories/Machines/Bulk/Bulk_004.v	2	0	94
1RB0LA_1RC1LA_1LD0RC_1RB1LB	nqh_1RB0LA_1RC1LA_1LD0RC_1RB1LB	theories/Machines/Bulk/Bulk_004.v	2	0	82
1RB0LA_1RC1LA_1LD0RC_1RB1LD	nqh_1RB0LA_1RC1LA_1LD0RC_1RB1LD	theories/Machines/Bulk/Bulk_004.v	2	0	78
1RB0LA_1RC1LB_0RD0LA_1LA0RD	nqh_1RB0LA_1RC1LB_0RD0LA_1LA0RD	theories/Machines/Bulk/Bulk_004.v	2	0	64
1RB0LA_1RC1LB_1LD0RC_0LA1LB	nqh_1RB0LA_1RC1LB_1LD0RC_0LA1LB	theories/Machines/Bulk/Bulk_004.v	2	0	68
1RB0LA_1RC1LB_1LD0RC_0LA1RB	nqh_1RB0LA_1RC1LB_1LD0RC_0LA1RB	theories/Machines/Bulk/Bulk_004.v	2	0	72
1RB0LA_1RC1LB_1RD1LA_1LB0RD	nqh_1RB0LA_1RC1LB_1RD1LA_1LB0RD	theories/Machines/Bulk/Bulk_004.v	2	0	78
1RB0LA_1RC1LC_1LD0RC_0LA0RB	nqh_1RB0LA_1RC1LC_1LD0RC_0LA0RB	theories/Machines/Bulk/Bulk_004.v	2	0	70
1RB0LA_1RC1LC_1LD0RC_0LA1LB	nqh_1RB0LA_1RC1LC_1LD0RC_0LA1LB	theories/Machines/Bulk/Bulk_004.v	2	0	71
1RB0LA_1RC1LD_1LD0RC_0LA1LB	nqh_1RB0LA_1RC1LD_1LD0RC_0LA1LB	theories/Machines/Bulk/Bulk_004.v	2	0	70
1RB0LA_1RC1RA_0LD0RD_0RB1LA	nqh_1RB0LA_1RC1RA_0LD0RD_0RB1LA	theories/Machines/Bulk/Bulk_004.v	2	0	60
1RB0LA_1RC1RA_0RD0RB_1LD0LA	nqh_1RB0LA_1RC1RA_0RD0RB_1LD0LA	theories/Machines/Bulk/Bulk_004.v	2	0	75
1RB0LA_1RC1RA_0RD0RB_1LD1LB	nqh_1RB0LA_1RC1RA_0RD0RB_1LD1LB	theories/Machines/Bulk/Bulk_004.v	2	0	76
1RB0LB_0LC0RD_1LA1LC_1LB0RC	nqh_1RB0LB_0LC0RD_1LA1LC_1LB0RC	theories/Machines/Bulk/Bulk_004.v	8	0	1703
1RB0LB_0LC1RC_1RA0RD_1LB1RA	nqh_1RB0LB_0LC1RC_1RA0RD_1LB1RA	theories/Machines/Bulk/Bulk_004.v	2	0	62
1RB0LB_0LC1RD_1LA1LD_1LB0RD	nqh_1RB0LB_0LC1RD_1LA1LD_1LB0RD	theories/Machines/Bulk/Bulk_004.v	2	0	78
1RB0LB_0LC1RD_1LA1RC_1LB0RD	nqh_1RB0LB_0LC1RD_1LA1RC_1LB0RD	theories/Machines/Bulk/Bulk_004.v	2	0	86
1RB0LB_0RC0RC_1LD1RC_1LA0LA	nqh_1RB0LB_0RC0RC_1LD1RC_1LA0LA	theories/Machines/Bulk/Bulk_004.v	2	0	85
1RB0LB_0RC0RD_1LA1RC_1LC0LA	nqh_1RB0LB_0RC0RD_1LA1RC_1LC0LA	theories/Machines/Bulk/Bulk_004.v	2	0	64
1RB0LB_0RC0RD_1LD0RA_0LA0LC	nqh_1RB0LB_0RC0RD_1LD0RA_0LA0LC	theories/Machines/Bulk/Bulk_004.v	2	0	76
1RB0LB_0RC0RD_1LD1LA_0LA1RB	nqh_1RB0LB_0RC0RD_1LD1LA_0LA1RB	theories/Machines/Bulk/Bulk_004.v	7	0	9604
1RB0LB_0RC1LA_1RD1RC_1LB1LD	nqh_1RB0LB_0RC1LA_1RD1RC_1LB1LD	theories/Machines/Bulk/Bulk_004.v	2	0	84
1RB0LB_0RC1LB_1LD0LA_1LA---	nqh_1RB0LB_0RC1LB_1LD0LA_1LAXXX	theories/Machines/Bulk/Bulk_004.v	2	0	49
1RB0LB_0RC1LB_1RD0LA_0LD1LC	nqh_1RB0LB_0RC1LB_1RD0LA_0LD1LC	theories/Machines/Bulk/Bulk_004.v	2	0	71
1RB0LB_0RC1LB_1RD0LA_1LA1LD	nqh_1RB0LB_0RC1LB_1RD0LA_1LA1LD	theories/Machines/Bulk/Bulk_004.v	2	0	73
1RB0LB_0RC1LB_1RD0LA_1LD1LC	nqh_1RB0LB_0RC1LB_1RD0LA_1LD1LC	theories/Machines/Bulk/Bulk_004.v	2	0	71
1RB0LB_0RC1LD_1RD0LA_1LB0RA	nqh_1RB0LB_0RC1LD_1RD0LA_1LB0RA	theories/Machines/Bulk/Bulk_004.v	2	0	52
1RB0LB_0RC1LD_1RD1RC_1LB0RA	nqh_1RB0LB_0RC1LD_1RD1RC_1LB0RA	theories/Machines/Bulk/Bulk_004.v	2	0	53
1RB0LB_0RC1RB_1LD0RD_1LA0LA	nqh_1RB0LB_0RC1RB_1LD0RD_1LA0LA	theories/Machines/Bulk/Bulk_004.v	2	0	52
1RB0LB_0RC1RB_1LD1RA_1LA---	nqh_1RB0LB_0RC1RB_1LD1RA_1LAXXX	theories/Machines/Bulk/Bulk_004.v	2	0	47
1RB0LB_0RC1RB_1LD1RD_1LA0LB	nqh_1RB0LB_0RC1RB_1LD1RD_1LA0LB	theories/Machines/Bulk/Bulk_004.v	2	0	50
1RB0LB_0RC1RB_1LD1RD_1LA0RC	nqh_1RB0LB_0RC1RB_1LD1RD_1LA0RC	theories/Machines/Bulk/Bulk_004.v	2	0	48
1RB0LB_0RC1RC_1LA0RD_0LB1RD	nqh_1RB0LB_0RC1RC_1LA0RD_0LB1RD	theories/Machines/Bulk/Bulk_004.v	2	0	59
1RB0LB_0RC1RC_1LA0RD_1LA1RD	nqh_1RB0LB_0RC1RC_1LA0RD_1LA1RD	theories/Machines/Bulk/Bulk_004.v	2	0	54
1RB0LB_0RC1RD_1LA1RC_0LC0RC	nqh_1RB0LB_0RC1RD_1LA1RC_0LC0RC	theories/Machines/Bulk/Bulk_004.v	2	0	61
1RB0LB_0RC1RD_1LA1RC_1LA0RC	nqh_1RB0LB_0RC1RD_1LA1RC_1LA0RC	theories/Machines/Bulk/Bulk_004.v	2	0	53
1RB0LB_1LA1LC_1LB0RD_0LB1RC	nqh_1RB0LB_1LA1LC_1LB0RD_0LB1RC	theories/Machines/Bulk/Bulk_004.v	2	0	56
1RB0LB_1LA1LC_1LB0RD_0RB1RC	nqh_1RB0LB_1LA1LC_1LB0RD_0RB1RC	theories/Machines/Bulk/Bulk_004.v	2	0	62
1RB0LB_1LA1LC_1LB0RD_1LB1RC	nqh_1RB0LB_1LA1LC_1LB0RD_1LB1RC	theories/Machines/Bulk/Bulk_004.v	2	0	57
1RB0LB_1LA1LC_1LB0RD_1RB1RC	nqh_1RB0LB_1LA1LC_1LB0RD_1RB1RC	theories/Machines/Bulk/Bulk_004.v	2	0	57
1RB0LB_1LA1LC_1RC1RD_0RD1RB	nqh_1RB0LB_1LA1LC_1RC1RD_0RD1RB	theories/Machines/Bulk/Bulk_004.v	3	0	136
1RB0LB_1LC0LD_1RA1LC_1RC0RC	nqh_1RB0LB_1LC0LD_1RA1LC_1RC0RC	theories/Machines/Bulk/Bulk_004.v	2	0	61
1RB0LB_1LC0LD_1RD1RC_1LA0RC	nqh_1RB0LB_1LC0LD_1RD1RC_1LA0RC	theories/Machines/Bulk/Bulk_004.v	2	0	72
1RB0LB_1LC0RA_1RD0LB_0LA1RC	nqh_1RB0LB_1LC0RA_1RD0LB_0LA1RC	theories/Machines/Bulk/Bulk_004.v	3	0	64
1RB0LB_1LC0RA_1RD0LB_1LB1RC	nqh_1RB0LB_1LC0RA_1RD0LB_1LB1RC	theories/Machines/Bulk/Bulk_004.v	3	0	68
1RB0LB_1LC0RB_0LA0LD_0RA1LB	nqh_1RB0LB_1LC0RB_0LA0LD_0RA1LB	theories/Machines/Bulk/Bulk_004.v	2	0	52
1RB0LB_1LC0RB_0LD1LD_0RA1LB	nqh_1RB0LB_1LC0RB_0LD1LD_0RA1LB	theories/Machines/Bulk/Bulk_004.v	2	0	50
1RB0LB_1LC0RC_1LD1RC_0LA1RB	nqh_1RB0LB_1LC0RC_1LD1RC_0LA1RB	theories/Machines/Bulk/Bulk_004.v	2	0	73
1RB0LB_1LC0RD_1LA0LB_0RB1RD	nqh_1RB0LB_1LC0RD_1LA0LB_0RB1RD	theories/Machines/Bulk/Bulk_005.v	2	0	76
1RB0LB_1LC0RD_1LA0LB_1RB1RA	nqh_1RB0LB_1LC0RD_1LA0LB_1RB1RA	theories/Machines/Bulk/Bulk_005.v	3	0	108
1RB0LB_1LC0RD_1LA0LB_1RB1RD	nqh_1RB0LB_1LC0RD_1LA0LB_1RB1RD	theories/Machines/Bulk/Bulk_005.v	3	0	109
1RB0LB_1LC0RD_1LA0LD_0RB1RD	nqh_1RB0LB_1LC0RD_1LA0LD_0RB1RD	theories/Machines/Bulk/Bulk_005.v	2	0	77
1RB0LB_1LC0RD_1LA0RB_1RC1RA	nqh_1RB0LB_1LC0RD_1LA0RB_1RC1RA	theories/Machines/Bulk/Bulk_005.v	2	0	73
1RB0LB_1LC0RD_1LA1LB_0LA0RA	nqh_1RB0LB_1LC0RD_1LA1LB_0LA0RA	theories/Machines/Bulk/Bulk_005.v	2	0	72
1RB0LB_1LC0RD_1LA1LB_0RB1RD	nqh_1RB0LB_1LC0RD_1LA1LB_0RB1RD	theories/Machines/Bulk/Bulk_005.v	2	0	82
1RB0LB_1LC0RD_1LA1LC_0RB1RD	nqh_1RB0LB_1LC0RD_1LA1LC_0RB1RD	theories/Machines/Bulk/Bulk_005.v	2	0	80
1RB0LB_1LC0RD_1LA1LC_1RB1RD	nqh_1RB0LB_1LC0RD_1LA1LC_1RB1RD	theories/Machines/Bulk/Bulk_005.v	2	0	71
1RB0LB_1LC0RD_1LA1LD_1LB0RA	nqh_1RB0LB_1LC0RD_1LA1LD_1LB0RA	theories/Machines/Bulk/Bulk_005.v	2	0	71
1RB0LB_1LC0RD_1LD1LC_1RB0RA	nqh_1RB0LB_1LC0RD_1LD1LC_1RB0RA	theories/Machines/Bulk/Bulk_005.v	2	0	55
1RB0LB_1LC1RB_0LD1RD_1LA0RB	nqh_1RB0LB_1LC1RB_0LD1RD_1LA0RB	theories/Machines/Bulk/Bulk_005.v	2	0	67
1RB0LB_1LC1RB_1RA0LD_1RD0RB	nqh_1RB0LB_1LC1RB_1RA0LD_1RD0RB	theories/Machines/Bulk/Bulk_005.v	2	0	59
1RB0LB_1LC1RC_1LD0RC_1LA0LB	nqh_1RB0LB_1LC1RC_1LD0RC_1LA0LB	theories/Machines/Bulk/Bulk_005.v	2	0	59
1RB0LB_1LC1RD_1LA0LB_1LA0RD	nqh_1RB0LB_1LC1RD_1LA0LB_1LA0RD	theories/Machines/Bulk/Bulk_005.v	2	0	64
1RB0LB_1LC1RD_1LA0LC_0RB0RC	nqh_1RB0LB_1LC1RD_1LA0LC_0RB0RC	theories/Machines/Bulk/Bulk_005.v	2	0	82
1RB0LB_1LC1RD_1LA0LD_0RB1RB	nqh_1RB0LB_1LC1RD_1LA0LD_0RB1RB	theories/Machines/Bulk/Bulk_005.v	2	0	72
1RB0LB_1LC1RD_1LA1LA_1LA0RD	nqh_1RB0LB_1LC1RD_1LA1LA_1LA0RD	theories/Machines/Bulk/Bulk_005.v	2	0	64
1RB0LB_1LC1RD_1LA1LC_0RB1RB	nqh_1RB0LB_1LC1RD_1LA1LC_0RB1RB	theories/Machines/Bulk/Bulk_005.v	2	0	64
1RB0LB_1LC1RD_1LA1LD_1LC0RB	nqh_1RB0LB_1LC1RD_1LA1LD_1LC0RB	theories/Machines/Bulk/Bulk_005.v	3	0	179
1RB0LB_1LC1RD_1LA1RA_1LA0RD	nqh_1RB0LB_1LC1RD_1LA1RA_1LA0RD	theories/Machines/Bulk/Bulk_005.v	2	0	74
1RB0LB_1LC1RD_1RD0LB_1LA0RD	nqh_1RB0LB_1LC1RD_1RD0LB_1LA0RD	theories/Machines/Bulk/Bulk_005.v	2	0	66
1RB0LB_1LC1RD_1RD0LC_1LA0RD	nqh_1RB0LB_1LC1RD_1RD0LC_1LA0RD	theories/Machines/Bulk/Bulk_005.v	2	0	86
1RB0LB_1LC1RD_1RD1LA_1LA0RD	nqh_1RB0LB_1LC1RD_1RD1LA_1LA0RD	theories/Machines/Bulk/Bulk_005.v	2	0	66
1RB0LB_1LC1RD_1RD1RA_1LA0RD	nqh_1RB0LB_1LC1RD_1RD1RA_1LA0RD	theories/Machines/Bulk/Bulk_005.v	2	0	76
1RB0LB_1RC0LA_1LD0RC_0LA1LD	nqh_1RB0LB_1RC0LA_1LD0RC_0LA1LD	theories/Machines/Bulk/Bulk_005.v	2	0	72
1RB0LB_1RC0RB_0LD0RD_0LA1LD	nqh_1RB0LB_1RC0RB_0LD0RD_0LA1LD	theories/Machines/Bulk/Bulk_005.v	2	0	65
1RB0LB_1RC0RB_0LD1RB_0LA1LD	nqh_1RB0LB_1RC0RB_0LD1RB_0LA1LD	theories/Machines/Bulk/Bulk_005.v	2	0	78
1RB0LB_1RC0RB_1LD0RB_1LA0LC	nqh_1RB0LB_1RC0RB_1LD0RB_1LA0LC	theories/Machines/Bulk/Bulk_005.v	3	0	164
1RB0LB_1RC0RB_1LD0RB_1LA0LD	nqh_1RB0LB_1RC0RB_1LD0RB_1LA0LD	theories/Machines/Bulk/Bulk_005.v	2	0	68
1RB0LB_1RC0RC_1LD0RD_0LA1LD	nqh_1RB0LB_1RC0RC_1LD0RD_0LA1LD	theories/Machines/Bulk/Bulk_005.v	2	0	55
1RB0LB_1RC1LA_0LD1RB_0LA1LD	nqh_1RB0LB_1RC1LA_0LD1RB_0LA1LD	theories/Machines/Bulk/Bulk_005.v	2	0	47
1RB0LB_1RC1LA_0LD1RB_0RC1LD	nqh_1RB0LB_1RC1LA_0LD1RB_0RC1LD	theories/Machines/Bulk/Bulk_005.v	2	0	53
1RB0LB_1RC1LA_0LD1RB_1RC1LD	nqh_1RB0LB_1RC1LA_0LD1RB_1RC1LD	theories/Machines/Bulk/Bulk_005.v	2	0	48
1RB0LB_1RC1LA_1RD1RC_0LA1LD	nqh_1RB0LB_1RC1LA_1RD1RC_0LA1LD	theories/Machines/Bulk/Bulk_005.v	2	0	43
1RB0LB_1RC1LA_1RD1RC_1LB1LD	nqh_1RB0LB_1RC1LA_1RD1RC_1LB1LD	theories/Machines/Bulk/Bulk_005.v	2	0	44
1RB0LB_1RC1LB_0RD0RA_1LD0LB	nqh_1RB0LB_1RC1LB_0RD0RA_1LD0LB	theories/Machines/Bulk/Bulk_005.v	3	0	89
1RB0LB_1RC1LB_0RD1LA_1LA0RA	nqh_1RB0LB_1RC1LB_0RD1LA_1LA0RA	theories/Machines/Bulk/Bulk_005.v	2	0	71
1RB0LB_1RC1LB_1LD0RB_0LA1LD	nqh_1RB0LB_1RC1LB_1LD0RB_0LA1LD	theories/Machines/Bulk/Bulk_005.v	2	0	64
1RB0LB_1RC1LC_0RD0LB_1LD0LA	nqh_1RB0LB_1RC1LC_0RD0LB_1LD0LA	theories/Machines/Bulk/Bulk_005.v	2	0	57
1RB0LB_1RC1LD_1LA0RC_0LA1LD	nqh_1RB0LB_1RC1LD_1LA0RC_0LA1LD	theories/Machines/Bulk/Bulk_005.v	3	0	202
1RB0LB_1RC1RD_0LC1LD_1LA0RB	nqh_1RB0LB_1RC1RD_0LC1LD_1LA0RB	theories/Machines/Bulk/Bulk_005.v	2	0	71
1RB0LB_1RC1RD_1LD0RB_1RA0LC	nqh_1RB0LB_1RC1RD_1LD0RB_1RA0LC	theories/Machines/Bulk/Bulk_005.v	3	0	82
1RB0LB_1RC1RD_1LD0RC_0RD0LA	nqh_1RB0LB_1RC1RD_1LD0RC_0RD0LA	theories/Machines/Bulk/Bulk_005.v	10	0	2971
1RB0LC_0LA0RC_0LD1LC_1RA1LB	nqh_1RB0LC_0LA0RC_0LD1LC_1RA1LB	theories/Machines/Bulk/Bulk_005.v	2	0	65
1RB0LC_0LA0RD_1LA1LC_1LD1LA	nqh_1RB0LC_0LA0RD_1LA1LC_1LD1LA	theories/Machines/Bulk/Bulk_005.v	3	0	94
1RB0LC_0LA1RA_1LA0RD_1RC---	nqh_1RB0LC_0LA1RA_1LA0RD_1RCXXX	theories/Machines/Bulk/Bulk_005.v	3	0	78
1RB0LC_0LA1RD_1LA1LC_0RA1RB	nqh_1RB0LC_0LA1RD_1LA1LC_0RA1RB	theories/Machines/Bulk/Bulk_005.v	2	0	83
1RB0LC_0LA1RD_1LA1RC_0RB0RD	nqh_1RB0LC_0LA1RD_1LA1RC_0RB0RD	theories/Machines/Bulk/Bulk_005.v	2	0	104
1RB0LC_0LA1RD_1LA1RC_1RB0RD	nqh_1RB0LC_0LA1RD_1LA1RC_1RB0RD	theories/Machines/Bulk/Bulk_005.v	2	0	81
1RB0LC_0LB1LA_1RC0RD_1LA1RD	nqh_1RB0LC_0LB1LA_1RC0RD_1LA1RD	theories/Machines/Bulk/Bulk_006.v	2	0	57
1RB0LC_0LB1LA_1RD0LD_0RA1LD	nqh_1RB0LC_0LB1LA_1RD0LD_0RA1LD	theories/Machines/Bulk/Bulk_006.v	2	0	71
1RB0LC_0LC0LA_1RC0RD_1LB1RD	nqh_1RB0LC_0LC0LA_1RC0RD_1LB1RD	theories/Machines/Bulk/Bulk_006.v	3	0	175
1RB0LC_0LC0LD_1RC0RD_1LA1RD	nqh_1RB0LC_0LC0LD_1RC0RD_1LA1RD	theories/Machines/Bulk/Bulk_006.v	2	0	67
1RB0LC_0LC0RA_1LA1RD_1LC1LD	nqh_1RB0LC_0LC0RA_1LA1RD_1LC1LD	theories/Machines/Bulk/Bulk_006.v	3	0	96
1RB0LC_0LC0RC_1RD1LC_0RA1LA	nqh_1RB0LC_0LC0RC_1RD1LC_0RA1LA	theories/Machines/Bulk/Bulk_006.v	2	0	68
1RB0LC_0LC0RD_0RA1LD_1LC0LA	nqh_1RB0LC_0LC0RD_0RA1LD_1LC0LA	theories/Machines/Bulk/Bulk_006.v	2	0	57
1RB0LC_0LC0RD_1LA1LC_1LD1LA	nqh_1RB0LC_0LC0RD_1LA1LC_1LD1LA	theories/Machines/Bulk/Bulk_006.v	3	0	89
1RB0LC_0LC0RD_1RB1LC_1LD1LA	nqh_1RB0LC_0LC0RD_1RB1LC_1LD1LA	theories/Machines/Bulk/Bulk_006.v	3	0	93
1RB0LC_0LC0RD_1RB1LC_1RA1LB	nqh_1RB0LC_0LC0RD_1RB1LC_1RA1LB	theories/Machines/Bulk/Bulk_006.v	2	0	57
1RB0LC_0LC1LA_1RC0RD_1LA1RD	nqh_1RB0LC_0LC1LA_1RC0RD_1LA1RD	theories/Machines/Bulk/Bulk_006.v	2	0	58
1RB0LC_0LC1LA_1RC0RD_1LB1RD	nqh_1RB0LC_0LC1LA_1RC0RD_1LB1RD	theories/Machines/Bulk/Bulk_006.v	3	0	86
1RB0LC_0LC1LC_1RD1LB_1RA0RB	nqh_1RB0LC_0LC1LC_1RD1LB_1RA0RB	theories/Machines/Bulk/Bulk_006.v	2	0	65
1RB0LC_0LC1LC_1RD1LB_1RA1RD	nqh_1RB0LC_0LC1LC_1RD1LB_1RA1RD	theories/Machines/Bulk/Bulk_006.v	2	0	49
1RB0LC_0LC1RA_1RC0RD_1LB1RD	nqh_1RB0LC_0LC1RA_1RC0RD_1LB1RD	theories/Machines/Bulk/Bulk_006.v	3	0	99
1RB0LC_0LC1RC_0RD1RD_1LA0LD	nqh_1RB0LC_0LC1RC_0RD1RD_1LA0LD	theories/Machines/Bulk/Bulk_006.v	2	0	61
1RB0LC_0LC1RD_1LA1LC_0RB0RD	nqh_1RB0LC_0LC1RD_1LA1LC_0RB0RD	theories/Machines/Bulk/Bulk_006.v	2	0	105
1RB0LC_0LC1RD_1LA1LD_1LC0RB	nqh_1RB0LC_0LC1RD_1LA1LD_1LC0RB	theories/Machines/Bulk/Bulk_006.v	3	0	207
1RB0LC_0LC1RD_1LA1RC_0RB0RD	nqh_1RB0LC_0LC1RD_1LA1RC_0RB0RD	theories/Machines/Bulk/Bulk_006.v	2	0	81
1RB0LC_0LC1RD_1RD1LB_0RA0RC	nqh_1RB0LC_0LC1RD_1RD1LB_0RA0RC	theories/Machines/Bulk/Bulk_006.v	2	0	42
1RB0LC_0LC1RD_1RD1LC_0RA1LA	nqh_1RB0LC_0LC1RD_1RD1LC_0RA1LA	theories/Machines/Bulk/Bulk_006.v	2	0	65
1RB0LC_0RC0LA_1RD1RC_1LB0RB	nqh_1RB0LC_0RC0LA_1RD1RC_1LB0RB	theories/Machines/Bulk/Bulk_006.v	8	0	3476
1RB0LC_0RC0RA_1LD0LC_1LA0LD	nqh_1RB0LC_0RC0RA_1LD0LC_1LA0LD	theories/Machines/Bulk/Bulk_006.v	2	0	79
1RB0LC_0RC0RA_1LD0RD_0LA0LB	nqh_1RB0LC_0RC0RA_1LD0RD_0LA0LB	theories/Machines/Bulk/Bulk_006.v	2	0	76
1RB0LC_0RC0RA_1LD1LA_1RA1LD	nqh_1RB0LC_0RC0RA_1LD1LA_1RA1LD	theories/Machines/Bulk/Bulk_006.v	2	0	70
1RB0LC_0RC0RA_1LD1RD_1LA0LD	nqh_1RB0LC_0RC0RA_1LD1RD_1LA0LD	theories/Machines/Bulk/Bulk_006.v	2	0	76
1RB0LC_0RC0RB_0LD1RD_1LA1LB	nqh_1RB0LC_0RC0RB_0LD1RD_1LA1LB	theories/Machines/Bulk/Bulk_006.v	11	0	3044
1RB0LC_0RC0RD_1LA1LC_1LD1LA	nqh_1RB0LC_0RC0RD_1LA1LC_1LD1LA	theories/Machines/Bulk/Bulk_006.v	3	0	88
1RB0LC_0RC0RD_1LA1LC_1RC0RA	nqh_1RB0LC_0RC0RD_1LA1LC_1RC0RA	theories/Machines/Bulk/Bulk_006.v	2	0	69
1RB0LC_0RC1RA_1LD0RA_1LA0LD	nqh_1RB0LC_0RC1RA_1LD0RA_1LA0LD	theories/Machines/Bulk/Bulk_006.v	2	0	85
1RB0LC_0RC1RC_1RD1LA_0LC0RA	nqh_1RB0LC_0RC1RC_1RD1LA_0LC0RA	theories/Machines/Bulk/Bulk_006.v	2	0	44
1RB0LC_1LA0LD_0RD1LB_1LB1RC	nqh_1RB0LC_1LA0LD_0RD1LB_1LB1RC	theories/Machines/Bulk/Bulk_006.v	3	0	66
1RB0LC_1LA0LD_1RC0RD_1LA1RD	nqh_1RB0LC_1LA0LD_1RC0RD_1LA1RD	theories/Machines/Bulk/Bulk_006.v	2	0	60
1RB0LC_1LA0RC_0LD1LC_1RA1LB	nqh_1RB0LC_1LA0RC_0LD1LC_1RA1LB	theories/Machines/Bulk/Bulk_006.v	2	0	63
1RB0LC_1LA0RC_0RD1RC_1LB1RA	nqh_1RB0LC_1LA0RC_0RD1RC_1LB1RA	theories/Machines/Bulk/Bulk_006.v	2	0	59
1RB0LC_1LA0RD_0RB0LA_1RB1RD	nqh_1RB0LC_1LA0RD_0RB0LA_1RB1RD	theories/Machines/Bulk/Bulk_006.v	2	0	88
1RB0LC_1LA0RD_0RD1LC_1LB1LA	nqh_1RB0LC_1LA0RD_0RD1LC_1LB1LA	theories/Machines/Bulk/Bulk_006.v	2	0	52
1RB0LC_1LA0RD_1LA1LC_0LA0RB	nqh_1RB0LC_1LA0RD_1LA1LC_0LA0RB	theories/Machines/Bulk/Bulk_006.v	2	0	88
1RB0LC_1LA0RD_1LA1LC_1LD1LA	nqh_1RB0LC_1LA0RD_1LA1LC_1LD1LA	theories/Machines/Bulk/Bulk_006.v	3	0	101
1RB0LC_1LA0RD_1RA1RB_0LC1RD	nqh_1RB0LC_1LA0RD_1RA1RB_0LC1RD	theories/Machines/Bulk/Bulk_006.v	2	0	49
1RB0LC_1LA0RD_1RC1RB_1RB1RD	nqh_1RB0LC_1LA0RD_1RC1RB_1RB1RD	theories/Machines/Bulk/Bulk_006.v	3	0	91
1RB0LC_1LA1LA_1RC0RD_1LA1RD	nqh_1RB0LC_1LA1LA_1RC0RD_1LA1RD	theories/Machines/Bulk/Bulk_006.v	2	0	52
1RB0LC_1LA1LC_0RD1RC_1LB1RA	nqh_1RB0LC_1LA1LC_0RD1RC_1LB1RA	theories/Machines/Bulk/Bulk_006.v	2	0	58
1RB0LC_1LA1RA_0RD1RC_0LB1RC	nqh_1RB0LC_1LA1RA_0RD1RC_0LB1RC	theories/Machines/Bulk/Bulk_006.v	2	0	60
1RB0LC_1LA1RB_0LB0LD_1RD0RB	nqh_1RB0LC_1LA1RB_0LB0LD_1RD0RB	theories/Machines/Bulk/Bulk_006.v	3	0	157
1RB0LC_1LA1RB_0LD0LD_1RD0RB	nqh_1RB0LC_1LA1RB_0LD0LD_1RD0RB	theories/Machines/Bulk/Bulk_006.v	3	0	104
1RB0LC_1LA1RB_0LD1LD_1RD0RB	nqh_1RB0LC_1LA1RB_0LD1LD_1RD0RB	theories/Machines/Bulk/Bulk_006.v	3	0	196
1RB0LC_1LA1RB_0RA0LD_1RD0RB	nqh_1RB0LC_1LA1RB_0RA0LD_1RD0RB	theories/Machines/Bulk/Bulk_006.v	3	0	107
1RB0LC_1LA1RB_0RB0LD_1RD0RB	nqh_1RB0LC_1LA1RB_0RB0LD_1RD0RB	theories/Machines/Bulk/Bulk_006.v	3	0	110
1RB0LC_1LA1RB_1LB0LD_1RD0RB	nqh_1RB0LC_1LA1RB_1LB0LD_1RD0RB	theories/Machines/Bulk/Bulk_006.v	3	0	137
1RB0LC_1LA1RB_1LD0LD_1RD0RB	nqh_1RB0LC_1LA1RB_1LD0LD_1RD0RB	theories/Machines/Bulk/Bulk_007.v	3	0	196
1RB0LC_1LA1RB_1RA0LD_1RD0RB	nqh_1RB0LC_1LA1RB_1RA0LD_1RD0RB	theories/Machines/Bulk/Bulk_007.v	3	0	105
1RB0LC_1LA1RB_1RC0LD_1RD0RB	nqh_1RB0LC_1LA1RB_1RC0LD_1RD0RB	theories/Machines/Bulk/Bulk_007.v	3	0	114
1RB0LC_1LA1RB_1RC0RD_0LA1RB	nqh_1RB0LC_1LA1RB_1RC0RD_0LA1RB	theories/Machines/Bulk/Bulk_007.v	2	0	50
1RB0LC_1LA1RB_1RC1RD_0LB0RB	nqh_1RB0LC_1LA1RB_1RC1RD_0LB0RB	theories/Machines/Bulk/Bulk_007.v	2	0	54
1RB0LC_1LA1RB_1RC1RD_1LA0RB	nqh_1RB0LC_1LA1RB_1RC1RD_1LA0RB	theories/Machines/Bulk/Bulk_007.v	3	0	91
1RB0LC_1LA1RB_1RD0LD_1RD0RB	nqh_1RB0LC_1LA1RB_1RD0LD_1RD0RB	theories/Machines/Bulk/Bulk_007.v	3	0	106
1RB0LC_1LA1RB_1RD1RB_1RD0RB	nqh_1RB0LC_1LA1RB_1RD1RB_1RD0RB	theories/Machines/Bulk/Bulk_007.v	2	0	42
1RB0LC_1LA1RC_0RD1RB_0LB0RB	nqh_1RB0LC_1LA1RC_0RD1RB_0LB0RB	theories/Machines/Bulk/Bulk_007.v	2	0	70
1RB0LC_1LA1RC_0RD1RB_0LB0RC	nqh_1RB0LC_1LA1RC_0RD1RB_0LB0RC	theories/Machines/Bulk/Bulk_007.v	2	0	69
1RB0LC_1LA1RC_0RD1RC_1LB1RA	nqh_1RB0LC_1LA1RC_0RD1RC_1LB1RA	theories/Machines/Bulk/Bulk_007.v	2	0	54
1RB0LC_1LA1RC_0RD1RD_1LA0LD	nqh_1RB0LC_1LA1RC_0RD1RD_1LA0LD	theories/Machines/Bulk/Bulk_007.v	2	0	60
1RB0LC_1LA1RD_1LA1LC_0RA0RD	nqh_1RB0LC_1LA1RD_1LA1LC_0RA0RD	theories/Machines/Bulk/Bulk_007.v	2	0	88
1RB0LC_1LA1RD_1LA1LC_0RC0LD	nqh_1RB0LC_1LA1RD_1LA1LC_0RC0LD	theories/Machines/Bulk/Bulk_007.v	2	0	58
1RB0LC_1LA1RD_1LA1LC_1RB0RA	nqh_1RB0LC_1LA1RD_1LA1LC_1RB0RA	theories/Machines/Bulk/Bulk_007.v	2	0	71
1RB0LC_1LA1RD_1RA1LD_0LA0RB	nqh_1RB0LC_1LA1RD_1RA1LD_0LA0RB	theories/Machines/Bulk/Bulk_007.v	2	0	85
1RB0LC_1LA1RD_1RD0LA_1LB0RD	nqh_1RB0LC_1LA1RD_1RD0LA_1LB0RD	theories/Machines/Bulk/Bulk_007.v	2	0	88
1RB0LC_1LB0LC_1RD1LC_0RB0RA	nqh_1RB0LC_1LB0LC_1RD1LC_0RB0RA	theories/Machines/Bulk/Bulk_007.v	3	0	156
1RB0LC_1LB1LA_1RC0RD_1LA1RD	nqh_1RB0LC_1LB1LA_1RC0RD_1LA1RD	theories/Machines/Bulk/Bulk_007.v	2	0	54
1RB0LC_1LB1LA_1RD0LD_0RA1LD	nqh_1RB0LC_1LB1LA_1RD0LD_0RA1LD	theories/Machines/Bulk/Bulk_007.v	2	0	71
1RB0LC_1LC0LD_1LA1LB_0RA1RD	nqh_1RB0LC_1LC0LD_1LA1LB_0RA1RD	theories/Machines/Bulk/Bulk_007.v	2	0	81
1RB0LC_1LC0LD_1RC0RD_1LA1RD	nqh_1RB0LC_1LC0LD_1RC0RD_1LA1RD	theories/Machines/Bulk/Bulk_007.v	2	0	63
1RB0LC_1LC0RA_0RD1LB_1RB1RD	nqh_1RB0LC_1LC0RA_0RD1LB_1RB1RD	theories/Machines/Bulk/Bulk_007.v	2	0	53
1RB0LC_1LC0RA_0RD1LD_1LA1RA	nqh_1RB0LC_1LC0RA_0RD1LD_1LA1RA	theories/Machines/Bulk/Bulk_007.v	2	0	65
1RB0LC_1LC0RA_1LA0RD_1LB1LD	nqh_1RB0LC_1LC0RA_1LA0RD_1LB1LD	theories/Machines/Bulk/Bulk_007.v	3	0	81
1RB0LC_1LC0RA_1LA1LD_0RD1LB	nqh_1RB0LC_1LC0RA_1LA1LD_0RD1LB	theories/Machines/Bulk/Bulk_007.v	3	0	77
1RB0LC_1LC0RA_1LA1LD_1LC---	nqh_1RB0LC_1LC0RA_1LA1LD_1LCXXX	theories/Machines/Bulk/Bulk_007.v	3	0	65
1RB0LC_1LC0RA_1LA1LD_1RC1LC	nqh_1RB0LC_1LC0RA_1LA1LD_1RC1LC	theories/Machines/Bulk/Bulk_007.v	3	0	79
1RB0LC_1LC0RA_1LA1RD_1LC1LD	nqh_1RB0LC_1LC0RA_1LA1RD_1LC1LD	theories/Machines/Bulk/Bulk_007.v	3	0	83
1RB0LC_1LC0RA_1LD1LB_1LA0LD	nqh_1RB0LC_1LC0RA_1LD1LB_1LA0LD	theories/Machines/Bulk/Bulk_007.v	2	0	99
1RB0LC_1LC0RA_1LD1LB_1RB0LC	nqh_1RB0LC_1LC0RA_1LD1LB_1RB0LC	theories/Machines/Bulk/Bulk_007.v	2	0	73
1RB0LC_1LC0RA_1LD1LD_1LA0LD	nqh_1RB0LC_1LC0RA_1LD1LD_1LA0LD	theories/Machines/Bulk/Bulk_007.v	2	0	75
1RB0LC_1LC0RA_1RA1LD_1LA0RC	nqh_1RB0LC_1LC0RA_1RA1LD_1LA0RC	theories/Machines/Bulk/Bulk_007.v	2	0	71
1RB0LC_1LC0RA_1RA1LD_1LA1LA	nqh_1RB0LC_1LC0RA_1RA1LD_1LA1LA	theories/Machines/Bulk/Bulk_007.v	2	0	69
1RB0LC_1LC0RA_1RA1LD_1RC1LA	nqh_1RB0LC_1LC0RA_1RA1LD_1RC1LA	theories/Machines/Bulk/Bulk_007.v	2	0	71
1RB0LC_1LC0RA_1RD1LB_0LB1RD	nqh_1RB0LC_1LC0RA_1RD1LB_0LB1RD	theories/Machines/Bulk/Bulk_007.v	2	0	53
1RB0LC_1LC0RA_1RD1LB_0LD1LA	nqh_1RB0LC_1LC0RA_1RD1LB_0LD1LA	theories/Machines/Bulk/Bulk_007.v	2	0	84
1RB0LC_1LC0RB_0LD0RB_1RA1LA	nqh_1RB0LC_1LC0RB_0LD0RB_1RA1LA	theories/Machines/Bulk/Bulk_007.v	2	0	81
1RB0LC_1LC0RB_0LD1LB_0RA1LD	nqh_1RB0LC_1LC0RB_0LD1LB_0RA1LD	theories/Machines/Bulk/Bulk_007.v	2	0	62
1RB0LC_1LC0RB_0RD1LA_1RA0LD	nqh_1RB0LC_1LC0RB_0RD1LA_1RA0LD	theories/Machines/Bulk/Bulk_007.v	2	0	97
1RB0LC_1LC0RB_1RD0LD_1LA1RB	nqh_1RB0LC_1LC0RB_1RD0LD_1LA1RB	theories/Machines/Bulk/Bulk_007.v	3	0	247
1RB0LC_1LC0RB_1RD1LA_1RD1RB	nqh_1RB0LC_1LC0RB_1RD1LA_1RD1RB	theories/Machines/Bulk/Bulk_007.v	2	0	81
1RB0LC_1LC0RC_1LD1LA_0RD1RA	nqh_1RB0LC_1LC0RC_1LD1LA_0RD1RA	theories/Machines/Bulk/Bulk_007.v	2	0	74
1RB0LC_1LC0RC_1RA0LD_1LA1LB	nqh_1RB0LC_1LC0RC_1RA0LD_1LA1LB	theories/Machines/Bulk/Bulk_007.v	2	0	75
1RB0LC_1LC0RC_1RD1LC_0RA1LA	nqh_1RB0LC_1LC0RC_1RD1LC_0RA1LA	theories/Machines/Bulk/Bulk_007.v	2	0	67
1RB0LC_1LC0RD_1LA1LB_1RB0LC	nqh_1RB0LC_1LC0RD_1LA1LB_1RB0LC	theories/Machines/Bulk/Bulk_007.v	2	0	73
1RB0LC_1LC0RD_1LA1LC_0RB1RA	nqh_1RB0LC_1LC0RD_1LA1LC_0RB1RA	theories/Machines/Bulk/Bulk_007.v	2	0	85
1RB0LC_1LC0RD_1LA1LC_1LD1LA	nqh_1RB0LC_1LC0RD_1LA1LC_1LD1LA	theories/Machines/Bulk/Bulk_007.v	3	0	88
1RB0LC_1LC0RD_1LA1LC_1RC0RA	nqh_1RB0LC_1LC0RD_1LA1LC_1RC0RA	theories/Machines/Bulk/Bulk_007.v	2	0	68
1RB0LC_1LC0RD_1RA1LA_0RA0LA	nqh_1RB0LC_1LC0RD_1RA1LA_0RA0LA	theories/Machines/Bulk/Bulk_007.v	2	0	66
1RB0LC_1LC0RD_1RB1LC_1LD1LA	nqh_1RB0LC_1LC0RD_1RB1LC_1LD1LA	theories/Machines/Bulk/Bulk_008.v	3	0	88
1RB0LC_1LC1LA_1RC0RD_1LA1RD	nqh_1RB0LC_1LC1LA_1RC0RD_1LA1RD	theories/Machines/Bulk/Bulk_008.v	2	0	55
1RB0LC_1LC1LB_0RD1LA_1RB1RD	nqh_1RB0LC_1LC1LB_0RD1LA_1RB1RD	theories/Machines/Bulk/Bulk_008.v	2	0	52
1RB0LC_1LC1LB_1RD0LD_0RA1LD	nqh_1RB0LC_1LC1LB_1RD0LD_0RA1LD	theories/Machines/Bulk/Bulk_008.v	2	0	74
1RB0LC_1LC1LB_1RD1LA_1RB1RD	nqh_1RB0LC_1LC1LB_1RD1LA_1RB1RD	theories/Machines/Bulk/Bulk_008.v	2	0	48
1RB0LC_1LC1LD_1RD0RA_0LB1RC	nqh_1RB0LC_1LC1LD_1RD0RA_0LB1RC	theories/Machines/Bulk/Bulk_008.v	2	0	60
1RB0LC_1LC1RA_1LA0RD_0LA1RC	nqh_1RB0LC_1LC1RA_1LA0RD_0LA1RC	theories/Machines/Bulk/Bulk_008.v	2	0	70
1RB0LC_1LC1RA_1LA0RD_0LC1LB	nqh_1RB0LC_1LC1RA_1LA0RD_0LC1LB	theories/Machines/Bulk/Bulk_008.v	2	0	62
1RB0LC_1LC1RA_1LA0RD_1RC0LC	nqh_1RB0LC_1LC1RA_1LA0RD_1RC0LC	theories/Machines/Bulk/Bulk_008.v	3	0	78
1RB0LC_1LC1RA_1LA0RD_1RC0RB	nqh_1RB0LC_1LC1RA_1LA0RD_1RC0RB	theories/Machines/Bulk/Bulk_008.v	3	0	203
1RB0LC_1LC1RA_1LA0RD_1RC1LC	nqh_1RB0LC_1LC1RA_1LA0RD_1RC1LC	theories/Machines/Bulk/Bulk_008.v	3	0	165
1RB0LC_1LC1RA_1LA0RD_1RC1LD	nqh_1RB0LC_1LC1RA_1LA0RD_1RC1LD	theories/Machines/Bulk/Bulk_008.v	3	0	67
1RB0LC_1LC1RA_1RD1LB_1LA0RD	nqh_1RB0LC_1LC1RA_1RD1LB_1LA0RD	theories/Machines/Bulk/Bulk_008.v	2	0	77
1RB0LC_1LC1RB_0LD1LA_1RD0RC	nqh_1RB0LC_1LC1RB_0LD1LA_1RD0RC	theories/Machines/Bulk/Bulk_008.v	4	0	160
1RB0LC_1LC1RB_1RD1LA_1RD0RB	nqh_1RB0LC_1LC1RB_1RD1LA_1RD0RB	theories/Machines/Bulk/Bulk_008.v	4	0	306
1RB0LC_1LC1RB_1RD1LA_1RD0RC	nqh_1RB0LC_1LC1RB_1RD1LA_1RD0RC	theories/Machines/Bulk/Bulk_008.v	4	0	275
1RB0LC_1LC1RC_0RA1LD_1RC0LD	nqh_1RB0LC_1LC1RC_0RA1LD_1RC0LD	theories/Machines/Bulk/Bulk_008.v	2	0	61
1RB0LC_1LC1RD_0LA1LA_0RC0RB	nqh_1RB0LC_1LC1RD_0LA1LA_0RC0RB	theories/Machines/Bulk/Bulk_008.v	2	0	97
1RB0LC_1LC1RD_0LA1LA_1RB0RB	nqh_1RB0LC_1LC1RD_0LA1LA_1RB0RB	theories/Machines/Bulk/Bulk_008.v	2	0	92
1RB0LC_1LC1RD_0LD1LA_1RB0RB	nqh_1RB0LC_1LC1RD_0LD1LA_1RB0RB	theories/Machines/Bulk/Bulk_008.v	2	0	93
1RB0LC_1LC1RD_1LA0RB_1LB1RC	nqh_1RB0LC_1LC1RD_1LA0RB_1LB1RC	theories/Machines/Bulk/Bulk_008.v	2	0	77
1RB0LC_1LC1RD_1LA0RB_1RC0LB	nqh_1RB0LC_1LC1RD_1LA0RB_1RC0LB	theories/Machines/Bulk/Bulk_008.v	2	0	75
1RB0LC_1LC1RD_1LA0RB_1RC1RC	nqh_1RB0LC_1LC1RD_1LA0RB_1RC1RC	theories/Machines/Bulk/Bulk_008.v	2	0	75
1RB0LC_1LC1RD_1LA1LC_1RB0RA	nqh_1RB0LC_1LC1RD_1LA1LC_1RB0RA	theories/Machines/Bulk/Bulk_008.v	2	0	71
1RB0LC_1LC1RD_1LA1LD_1LC0RB	nqh_1RB0LC_1LC1RD_1LA1LD_1LC0RB	theories/Machines/Bulk/Bulk_008.v	3	0	207
1RB0LC_1LC1RD_1LA1RC_1RB0RD	nqh_1RB0LC_1LC1RD_1LA1RC_1RB0RD	theories/Machines/Bulk/Bulk_008.v	2	0	76
1RB0LC_1LC1RD_1RB1LA_0LD1RA	nqh_1RB0LC_1LC1RD_1RB1LA_0LD1RA	theories/Machines/Bulk/Bulk_008.v	2	0	53
1RB0LC_1LC1RD_1RB1LA_1RB1RA	nqh_1RB0LC_1LC1RD_1RB1LA_1RB1RA	theories/Machines/Bulk/Bulk_008.v	2	0	51
1RB0LC_1LC1RD_1RD1LC_0RA1LA	nqh_1RB0LC_1LC1RD_1RD1LC_0RA1LA	theories/Machines/Bulk/Bulk_008.v	2	0	63
1RB0LC_1RC0LD_1LA0RB_1RA1RD	nqh_1RB0LC_1RC0LD_1LA0RB_1RA1RD	theories/Machines/Bulk/Bulk_008.v	3	0	78
1RB0LC_1RC0RA_1LA0LD_1LC0RB	nqh_1RB0LC_1RC0RA_1LA0LD_1LC0RB	theories/Machines/Bulk/Bulk_008.v	3	0	255
1RB0LC_1RC0RA_1LA0LD_1LC0RD	nqh_1RB0LC_1RC0RA_1LA0LD_1LC0RD	theories/Machines/Bulk/Bulk_008.v	3	0	119
1RB0LC_1RC0RA_1LA1LD_1LA1LB	nqh_1RB0LC_1RC0RA_1LA1LD_1LA1LB	theories/Machines/Bulk/Bulk_008.v	5	0	382
1RB0LC_1RC0RA_1LA1LD_1LA1RB	nqh_1RB0LC_1RC0RA_1LA1LD_1LA1RB	theories/Machines/Bulk/Bulk_008.v	3	0	120
1RB0LC_1RC0RA_1LA1RD_1LD0LB	nqh_1RB0LC_1RC0RA_1LA1RD_1LD0LB	theories/Machines/Bulk/Bulk_008.v	3	0	197
1RB0LC_1RC0RA_1LD1LB_1LA0LD	nqh_1RB0LC_1RC0RA_1LD1LB_1LA0LD	theories/Machines/Bulk/Bulk_008.v	2	0	84
1RB0LC_1RC0RA_1LD1RB_0RD1LB	nqh_1RB0LC_1RC0RA_1LD1RB_0RD1LB	theories/Machines/Bulk/Bulk_008.v	2	0	63
1RB0LC_1RC0RA_1LD1RB_1RC1LB	nqh_1RB0LC_1RC0RA_1LD1RB_1RC1LB	theories/Machines/Bulk/Bulk_008.v	2	0	57
1RB0LC_1RC0RB_0LD1RB_0LA1LD	nqh_1RB0LC_1RC0RB_0LD1RB_0LA1LD	theories/Machines/Bulk/Bulk_008.v	2	0	92
1RB0LC_1RC0RB_1LD0RA_0LA1LC	nqh_1RB0LC_1RC0RB_1LD0RA_0LA1LC	theories/Machines/Bulk/Bulk_008.v	2	0	85
1RB0LC_1RC0RB_1LD0RA_1LA0LD	nqh_1RB0LC_1RC0RB_1LD0RA_1LA0LD	theories/Machines/Bulk/Bulk_008.v	2	0	97
1RB0LC_1RC0RC_1LA0RD_0LB0RB	nqh_1RB0LC_1RC0RC_1LA0RD_0LB0RB	theories/Machines/Bulk/Bulk_008.v	11	0	2915
1RB0LC_1RC0RD_1LA1LC_1LD1LA	nqh_1RB0LC_1RC0RD_1LA1LC_1LD1LA	theories/Machines/Bulk/Bulk_008.v	3	0	102
1RB0LC_1RC0RD_1LA1LC_1RC0RA	nqh_1RB0LC_1RC0RD_1LA1LC_1RC0RA	theories/Machines/Bulk/Bulk_008.v	2	0	70
1RB0LC_1RC1LB_1LA0RD_1RC0RD	nqh_1RB0LC_1RC1LB_1LA0RD_1RC0RD	theories/Machines/Bulk/Bulk_008.v	3	0	140
1RB0LC_1RC1LB_1LA1RD_0RA0RC	nqh_1RB0LC_1RC1LB_1LA1RD_0RA0RC	theories/Machines/Bulk/Bulk_008.v	2	0	77
1RB0LC_1RC1LB_1LA1RD_1LD0RA	nqh_1RB0LC_1RC1LB_1LA1RD_1LD0RA	theories/Machines/Bulk/Bulk_008.v	2	0	68
1RB0LC_1RC1LD_1LA0RB_1RB1RD	nqh_1RB0LC_1RC1LD_1LA0RB_1RB1RD	theories/Machines/Bulk/Bulk_008.v	3	0	80
1RB0LC_1RC1RA_0LD0RC_1LA1LD	nqh_1RB0LC_1RC1RA_0LD0RC_1LA1LD	theories/Machines/Bulk/Bulk_008.v	2	0	92
1RB0LC_1RC1RA_0LD1LA_0RA1LD	nqh_1RB0LC_1RC1RA_0LD1LA_0RA1LD	theories/Machines/Bulk/Bulk_008.v	4	0	128
1RB0LC_1RC1RA_0LD1LA_0RB1LD	nqh_1RB0LC_1RC1RA_0LD1LA_0RB1LD	theories/Machines/Bulk/Bulk_009.v	4	0	136
1RB0LC_1RC1RA_0LD1LA_1LA1LD	nqh_1RB0LC_1RC1RA_0LD1LA_1LA1LD	theories/Machines/Bulk/Bulk_009.v	4	0	105
1RB0LC_1RC1RA_1LA0LD_0RB1RD	nqh_1RB0LC_1RC1RA_1LA0LD_0RB1RD	theories/Machines/Bulk/Bulk_009.v	2	0	85
1RB0LC_1RC1RA_1LA0LD_1RC0RA	nqh_1RB0LC_1RC1RA_1LA0LD_1RC0RA	theories/Machines/Bulk/Bulk_009.v	2	0	62
1RB0LC_1RC1RA_1LA0RD_1RC---	nqh_1RB0LC_1RC1RA_1LA0RD_1RCXXX	theories/Machines/Bulk/Bulk_009.v	3	0	63
1RB0LC_1RC1RA_1LA1RD_0LD0RB	nqh_1RB0LC_1RC1RA_1LA1RD_0LD0RB	theories/Machines/Bulk/Bulk_009.v	2	0	87
1RB0LC_1RC1RA_1LD1LA_0LA1LD	nqh_1RB0LC_1RC1RA_1LD1LA_0LA1LD	theories/Machines/Bulk/Bulk_009.v	4	0	107
1RB0LC_1RC1RA_1LD1LA_0RB1LD	nqh_1RB0LC_1RC1RA_1LD1LA_0RB1LD	theories/Machines/Bulk/Bulk_009.v	4	0	119
1RB0LC_1RC1RA_1LD1LA_0RC1LD	nqh_1RB0LC_1RC1RA_1LD1LA_0RC1LD	theories/Machines/Bulk/Bulk_009.v	4	0	97
1RB0LC_1RC1RA_1LD1LA_1RA1LD	nqh_1RB0LC_1RC1RA_1LD1LA_1RA1LD	theories/Machines/Bulk/Bulk_009.v	4	0	107
1RB0LC_1RC1RA_1LD1LA_1RB1LD	nqh_1RB0LC_1RC1RA_1LD1LA_1RB1LD	theories/Machines/Bulk/Bulk_009.v	4	0	91
1RB0LC_1RC1RA_1RD0RB_0LD1LA	nqh_1RB0LC_1RC1RA_1RD0RB_0LD1LA	theories/Machines/Bulk/Bulk_009.v	2	0	48
1RB0LC_1RC1RB_1LA0LD_1LA0RA	nqh_1RB0LC_1RC1RB_1LA0LD_1LA0RA	theories/Machines/Bulk/Bulk_009.v	2	0	55
1RB0LC_1RC1RB_1LA0RD_0LB0RB	nqh_1RB0LC_1RC1RB_1LA0RD_0LB0RB	theories/Machines/Bulk/Bulk_009.v	2	0	68
1RB0LC_1RC1RB_1LA0RD_1LC0RB	nqh_1RB0LC_1RC1RB_1LA0RD_1LC0RB	theories/Machines/Bulk/Bulk_009.v	2	0	73
1RB0LC_1RC1RB_1LA1LD_0RA0RB	nqh_1RB0LC_1RC1RB_1LA1LD_0RA0RB	theories/Machines/Bulk/Bulk_009.v	2	0	64
1RB0LC_1RC1RD_1LA0LD_0RB0RC	nqh_1RB0LC_1RC1RD_1LA0LD_0RB0RC	theories/Machines/Bulk/Bulk_009.v	2	0	85
1RB0LC_1RC1RD_1LA0RB_0LD1RA	nqh_1RB0LC_1RC1RD_1LA0RB_0LD1RA	theories/Machines/Bulk/Bulk_009.v	3	0	74
1RB0LC_1RC1RD_1LA0RB_1LB1RB	nqh_1RB0LC_1RC1RD_1LA0RB_1LB1RB	theories/Machines/Bulk/Bulk_009.v	3	0	76
1RB0LC_1RC1RD_1LA0RB_1RB---	nqh_1RB0LC_1RC1RD_1LA0RB_1RBXXX	theories/Machines/Bulk/Bulk_009.v	3	0	65
1RB0LC_1RC1RD_1LA1LB_1RB0RB	nqh_1RB0LC_1RC1RD_1LA1LB_1RB0RB	theories/Machines/Bulk/Bulk_009.v	2	0	75
1RB0LC_1RC1RD_1LA1LC_0RA0RD	nqh_1RB0LC_1RC1RD_1LA1LC_0RA0RD	theories/Machines/Bulk/Bulk_009.v	2	0	89
1RB0LC_1RC1RD_1LA1LC_0RB0RD	nqh_1RB0LC_1RC1RD_1LA1LC_0RB0RD	theories/Machines/Bulk/Bulk_009.v	2	0	102
1RB0LC_1RC1RD_1LA1LC_0RC0LD	nqh_1RB0LC_1RC1RD_1LA1LC_0RC0LD	theories/Machines/Bulk/Bulk_009.v	2	0	61
1RB0LC_1RC1RD_1LA1LC_1RB0RA	nqh_1RB0LC_1RC1RD_1LA1LC_1RB0RA	theories/Machines/Bulk/Bulk_009.v	2	0	72
1RB0LC_1RC1RD_1LA1LD_1LC0RB	nqh_1RB0LC_1RC1RD_1LA1LD_1LC0RB	theories/Machines/Bulk/Bulk_009.v	3	0	221
1RB0LC_1RC1RD_1LA1RC_0RB0RD	nqh_1RB0LC_1RC1RD_1LA1RC_0RB0RD	theories/Machines/Bulk/Bulk_009.v	2	0	83
1RB0LC_1RC1RD_1LA1RC_1RB0RD	nqh_1RB0LC_1RC1RD_1LA1RC_1RB0RD	theories/Machines/Bulk/Bulk_009.v	2	0	69
1RB0LD_0LB0LC_1LA1RC_1RD0RC	nqh_1RB0LD_0LB0LC_1LA1RC_1RD0RC	theories/Machines/Bulk/Bulk_009.v	2	0	67
1RB0LD_0LC0LC_1LA1RC_1RD0RC	nqh_1RB0LD_0LC0LC_1LA1RC_1RD0RC	theories/Machines/Bulk/Bulk_009.v	2	0	61
1RB0LD_0LC0RA_1LD0LC_1LA1LC	nqh_1RB0LD_0LC0RA_1LD0LC_1LA1LC	theories/Machines/Bulk/Bulk_009.v	3	0	77
1RB0LD_0LC0RA_1LD1LC_1LA1LB	nqh_1RB0LD_0LC0RA_1LD1LC_1LA1LB	theories/Machines/Bulk/Bulk_009.v	3	0	74
1RB0LD_0LC0RA_1LD1RC_1LA1LC	nqh_1RB0LD_0LC0RA_1LD1RC_1LA1LC	theories/Machines/Bulk/Bulk_009.v	3	0	78
1RB0LD_0LC0RB_1RA0LD_1LA1RD	nqh_1RB0LD_0LC0RB_1RA0LD_1LA1RD	theories/Machines/Bulk/Bulk_009.v	2	0	81
1RB0LD_0LC0RB_1RA1LA_1LA1RD	nqh_1RB0LD_0LC0RB_1RA1LA_1LA1RD	theories/Machines/Bulk/Bulk_009.v	2	0	73
1RB0LD_0LC0RB_1RA1LC_1LA1RD	nqh_1RB0LD_0LC0RB_1RA1LC_1LA1RD	theories/Machines/Bulk/Bulk_009.v	2	0	99
1RB0LD_0LC0RB_1RA1LD_1LA1RD	nqh_1RB0LD_0LC0RB_1RA1LD_1LA1RD	theories/Machines/Bulk/Bulk_009.v	2	0	86
1RB0LD_0LC0RB_1RA1RD_1LA1RB	nqh_1RB0LD_0LC0RB_1RA1RD_1LA1RB	theories/Machines/Bulk/Bulk_009.v	2	0	79
1RB0LD_0LC0RB_1RA1RD_1LA1RD	nqh_1RB0LD_0LC0RB_1RA1RD_1LA1RD	theories/Machines/Bulk/Bulk_009.v	2	0	75
1RB0LD_0LC0RB_1RD1LA_1RB0RC	nqh_1RB0LD_0LC0RB_1RD1LA_1RB0RC	theories/Machines/Bulk/Bulk_009.v	2	0	51
1RB0LD_0LC0RC_0LD1LC_1RA1LA	nqh_1RB0LD_0LC0RC_0LD1LC_1RA1LA	theories/Machines/Bulk/Bulk_009.v	2	0	56
1RB0LD_0LC0RC_1LC1LA_1LA1LD	nqh_1RB0LD_0LC0RC_1LC1LA_1LA1LD	theories/Machines/Bulk/Bulk_009.v	3	0	93
1RB0LD_0LC0RC_1LC1LA_1RB1LD	nqh_1RB0LD_0LC0RC_1LC1LA_1RB1LD	theories/Machines/Bulk/Bulk_009.v	3	0	95
1RB0LD_0LC0RC_1RA1LD_1LC1LA	nqh_1RB0LD_0LC0RC_1RA1LD_1LC1LA	theories/Machines/Bulk/Bulk_009.v	2	0	90
1RB0LD_0LC1LA_1LA1RC_1RD0RC	nqh_1RB0LD_0LC1LA_1LA1RC_1RD0RC	theories/Machines/Bulk/Bulk_009.v	2	0	53
1RB0LD_0LC1LB_1RD1LD_1RA0RB	nqh_1RB0LD_0LC1LB_1RD1LD_1RA0RB	theories/Machines/Bulk/Bulk_009.v	2	0	66
1RB0LD_0LC1RA_0LD1LC_1LA0RC	nqh_1RB0LD_0LC1RA_0LD1LC_1LA0RC	theories/Machines/Bulk/Bulk_009.v	2	0	51
1RB0LD_0LC1RA_0LD1LC_1LA1LA	nqh_1RB0LD_0LC1RA_0LD1LC_1LA1LA	theories/Machines/Bulk/Bulk_009.v	3	0	84
1RB0LD_0LC1RA_0LD1LC_1RA1LA	nqh_1RB0LD_0LC1RA_0LD1LC_1RA1LA	theories/Machines/Bulk/Bulk_009.v	3	0	96
1RB0LD_0LC1RA_0LD1LC_1RC1LA	nqh_1RB0LD_0LC1RA_0LD1LC_1RC1LA	theories/Machines/Bulk/Bulk_009.v	3	0	89
1RB0LD_0LC1RA_0LD1LC_1RD1LA	nqh_1RB0LD_0LC1RA_0LD1LC_1RD1LA	theories/Machines/Bulk/Bulk_010.v	3	0	95
1RB0LD_0LC1RA_0RA0RD_1LB1LA	nqh_1RB0LD_0LC1RA_0RA0RD_1LB1LA	theories/Machines/Bulk/Bulk_010.v	3	0	120
1RB0LD_0LC1RA_0RA1LC_1LA1LA	nqh_1RB0LD_0LC1RA_0RA1LC_1LA1LA	theories/Machines/Bulk/Bulk_010.v	3	0	96
1RB0LD_0LC1RA_0RA1LC_1LB1LA	nqh_1RB0LD_0LC1RA_0RA1LC_1LB1LA	theories/Machines/Bulk/Bulk_010.v	3	0	99
1RB0LD_0LC1RA_0RA1LC_1RA1LA	nqh_1RB0LD_0LC1RA_0RA1LC_1RA1LA	theories/Machines/Bulk/Bulk_010.v	3	0	112
1RB0LD_0LC1RA_0RB1LC_0LA1LA	nqh_1RB0LD_0LC1RA_0RB1LC_0LA1LA	theories/Machines/Bulk/Bulk_010.v	3	0	128
1RB0LD_0LC1RA_0RB1LC_1LA1LA	nqh_1RB0LD_0LC1RA_0RB1LC_1LA1LA	theories/Machines/Bulk/Bulk_010.v	3	0	124
1RB0LD_0LC1RA_0RB1LC_1LC1LA	nqh_1RB0LD_0LC1RA_0RB1LC_1LC1LA	theories/Machines/Bulk/Bulk_010.v	3	0	139
1RB0LD_0LC1RA_0RB1LC_1RA1LA	nqh_1RB0LD_0LC1RA_0RB1LC_1RA1LA	theories/Machines/Bulk/Bulk_010.v	3	0	130
1RB0LD_0LC1RA_0RB1LC_1RB1LA	nqh_1RB0LD_0LC1RA_0RB1LC_1RB1LA	theories/Machines/Bulk/Bulk_010.v	3	0	142
1RB0LD_0LC1RA_0RB1LC_1RC1LA	nqh_1RB0LD_0LC1RA_0RB1LC_1RC1LA	theories/Machines/Bulk/Bulk_010.v	3	0	211
1RB0LD_0LC1RA_0RB1LC_1RD1LA	nqh_1RB0LD_0LC1RA_0RB1LC_1RD1LA	theories/Machines/Bulk/Bulk_010.v	3	0	126
1RB0LD_0LC1RA_0RD1LC_1LA1LA	nqh_1RB0LD_0LC1RA_0RD1LC_1LA1LA	theories/Machines/Bulk/Bulk_010.v	3	0	100
1RB0LD_0LC1RA_0RD1LC_1LC1LA	nqh_1RB0LD_0LC1RA_0RD1LC_1LC1LA	theories/Machines/Bulk/Bulk_010.v	3	0	102
1RB0LD_0LC1RA_0RD1LC_1RA1LA	nqh_1RB0LD_0LC1RA_0RD1LC_1RA1LA	theories/Machines/Bulk/Bulk_010.v	3	0	106
1RB0LD_0LC1RA_0RD1LC_1RB1LA	nqh_1RB0LD_0LC1RA_0RD1LC_1RB1LA	theories/Machines/Bulk/Bulk_010.v	3	0	105
1RB0LD_0LC1RA_0RD1LC_1RC1LA	nqh_1RB0LD_0LC1RA_0RD1LC_1RC1LA	theories/Machines/Bulk/Bulk_010.v	3	0	112
1RB0LD_0LC1RA_0RD1LC_1RD1LA	nqh_1RB0LD_0LC1RA_0RD1LC_1RD1LA	theories/Machines/Bulk/Bulk_010.v	3	0	102
1RB0LD_0LC1RA_1LA0RD_1LB0RB	nqh_1RB0LD_0LC1RA_1LA0RD_1LB0RB	theories/Machines/Bulk/Bulk_010.v	2	0	56
1RB0LD_0LC1RA_1LA0RD_1LB1LA	nqh_1RB0LD_0LC1RA_1LA0RD_1LB1LA	theories/Machines/Bulk/Bulk_010.v	3	0	97
1RB0LD_0LC1RA_1LA1LC_0RB0RB	nqh_1RB0LD_0LC1RA_1LA1LC_0RB0RB	theories/Machines/Bulk/Bulk_010.v	2	0	57
1RB0LD_0LC1RA_1LA1LC_0RB1LA	nqh_1RB0LD_0LC1RA_1LA1LC_0RB1LA	theories/Machines/Bulk/Bulk_010.v	3	0	102
1RB0LD_0LC1RA_1LA1LC_1LA0RB	nqh_1RB0LD_0LC1RA_1LA1LC_1LA0RB	theories/Machines/Bulk/Bulk_010.v	2	0	57
1RB0LD_0LC1RA_1LA1LC_1LA1LA	nqh_1RB0LD_0LC1RA_1LA1LC_1LA1LA	theories/Machines/Bulk/Bulk_010.v	3	0	99
1RB0LD_0LC1RA_1LA1LC_1LB0RB	nqh_1RB0LD_0LC1RA_1LA1LC_1LB0RB	theories/Machines/Bulk/Bulk_010.v	2	0	57
1RB0LD_0LC1RA_1LA1LC_1LB1LA	nqh_1RB0LD_0LC1RA_1LA1LC_1LB1LA	theories/Machines/Bulk/Bulk_010.v	3	0	101
1RB0LD_0LC1RA_1LA1LC_1RA0RB	nqh_1RB0LD_0LC1RA_1LA1LC_1RA0RB	theories/Machines/Bulk/Bulk_010.v	2	0	59
1RB0LD_0LC1RA_1LA1LC_1RA1LA	nqh_1RB0LD_0LC1RA_1LA1LC_1RA1LA	theories/Machines/Bulk/Bulk_010.v	3	0	105
1RB0LD_0LC1RA_1LA1LC_1RD0RB	nqh_1RB0LD_0LC1RA_1LA1LC_1RD0RB	theories/Machines/Bulk/Bulk_010.v	2	0	99
1RB0LD_0LC1RA_1LA1LC_1RD1LA	nqh_1RB0LD_0LC1RA_1LA1LC_1RD1LA	theories/Machines/Bulk/Bulk_010.v	3	0	101
1RB0LD_0LC1RA_1LD1LC_0RA0RB	nqh_1RB0LD_0LC1RA_1LD1LC_0RA0RB	theories/Machines/Bulk/Bulk_010.v	2	0	128
1RB0LD_0LC1RA_1LD1LC_0RB1LA	nqh_1RB0LD_0LC1RA_1LD1LC_0RB1LA	theories/Machines/Bulk/Bulk_010.v	3	0	123
1RB0LD_0LC1RA_1LD1LC_1LA1LA	nqh_1RB0LD_0LC1RA_1LD1LC_1LA1LA	theories/Machines/Bulk/Bulk_010.v	3	0	91
1RB0LD_0LC1RA_1LD1LC_1RA1LA	nqh_1RB0LD_0LC1RA_1LD1LC_1RA1LA	theories/Machines/Bulk/Bulk_010.v	3	0	94
1RB0LD_0LC1RA_1LD1LC_1RD1LA	nqh_1RB0LD_0LC1RA_1LD1LC_1RD1LA	theories/Machines/Bulk/Bulk_010.v	3	0	103
1RB0LD_0LC1RA_1RA0RD_1LB1LA	nqh_1RB0LD_0LC1RA_1RA0RD_1LB1LA	theories/Machines/Bulk/Bulk_010.v	3	0	109
1RB0LD_0LC1RA_1RA1LC_0LC1LA	nqh_1RB0LD_0LC1RA_1RA1LC_0LC1LA	theories/Machines/Bulk/Bulk_010.v	3	0	107
1RB0LD_0LC1RA_1RA1LC_0RB1LA	nqh_1RB0LD_0LC1RA_1RA1LC_0RB1LA	theories/Machines/Bulk/Bulk_010.v	3	0	105
1RB0LD_0LC1RA_1RA1LC_1LA1LA	nqh_1RB0LD_0LC1RA_1RA1LC_1LA1LA	theories/Machines/Bulk/Bulk_010.v	3	0	96
1RB0LD_0LC1RA_1RA1LC_1LB1LA	nqh_1RB0LD_0LC1RA_1RA1LC_1LB1LA	theories/Machines/Bulk/Bulk_010.v	3	0	104
1RB0LD_0LC1RA_1RA1LC_1RA1LA	nqh_1RB0LD_0LC1RA_1RA1LC_1RA1LA	theories/Machines/Bulk/Bulk_010.v	3	0	102
1RB0LD_0LC1RA_1RA1LC_1RD1LA	nqh_1RB0LD_0LC1RA_1RA1LC_1RD1LA	theories/Machines/Bulk/Bulk_010.v	3	0	98
1RB0LD_0LC1RA_1RB1LC_0RB1LA	nqh_1RB0LD_0LC1RA_1RB1LC_0RB1LA	theories/Machines/Bulk/Bulk_010.v	3	0	101
1RB0LD_0LC1RA_1RB1LC_1LA1LA	nqh_1RB0LD_0LC1RA_1RB1LC_1LA1LA	theories/Machines/Bulk/Bulk_010.v	3	0	94
1RB0LD_0LC1RA_1RB1LC_1LB1LA	nqh_1RB0LD_0LC1RA_1RB1LC_1LB1LA	theories/Machines/Bulk/Bulk_010.v	3	0	100
1RB0LD_0LC1RA_1RB1LC_1LC1LA	nqh_1RB0LD_0LC1RA_1RB1LC_1LC1LA	theories/Machines/Bulk/Bulk_010.v	3	0	95
1RB0LD_0LC1RA_1RB1LC_1RA1LA	nqh_1RB0LD_0LC1RA_1RB1LC_1RA1LA	theories/Machines/Bulk/Bulk_010.v	3	0	100
1RB0LD_0LC1RA_1RB1LC_1RB1LA	nqh_1RB0LD_0LC1RA_1RB1LC_1RB1LA	theories/Machines/Bulk/Bulk_010.v	3	0	98
1RB0LD_0LC1RA_1RB1LC_1RC1LA	nqh_1RB0LD_0LC1RA_1RB1LC_1RC1LA	theories/Machines/Bulk/Bulk_010.v	3	0	100
1RB0LD_0LC1RA_1RB1LC_1RD1LA	nqh_1RB0LD_0LC1RA_1RB1LC_1RD1LA	theories/Machines/Bulk/Bulk_010.v	3	0	96
1RB0LD_0LC1RA_1RD0LD_1LA0RC	nqh_1RB0LD_0LC1RA_1RD0LD_1LA0RC	theories/Machines/Bulk/Bulk_011.v	3	0	78
1RB0LD_0LC1RA_1RD0RC_1LA1RB	nqh_1RB0LD_0LC1RA_1RD0RC_1LA1RB	theories/Machines/Bulk/Bulk_011.v	2	0	62
1RB0LD_0LC1RA_1RD0RD_1LB1LA	nqh_1RB0LD_0LC1RA_1RD0RD_1LB1LA	theories/Machines/Bulk/Bulk_011.v	3	0	106
1RB0LD_0LC1RA_1RD1LA_1LA0RC	nqh_1RB0LD_0LC1RA_1RD1LA_1LA0RC	theories/Machines/Bulk/Bulk_011.v	3	0	72
1RB0LD_0LC1RA_1RD1LA_1RB0RC	nqh_1RB0LD_0LC1RA_1RD1LA_1RB0RC	theories/Machines/Bulk/Bulk_011.v	2	0	44
1RB0LD_0LC1RA_1RD1LB_1LA0RC	nqh_1RB0LD_0LC1RA_1RD1LB_1LA0RC	theories/Machines/Bulk/Bulk_011.v	3	0	209
1RB0LD_0LC1RA_1RD1LC_0RB1LA	nqh_1RB0LD_0LC1RA_1RD1LC_0RB1LA	theories/Machines/Bulk/Bulk_011.v	3	0	222
1RB0LD_0LC1RA_1RD1LC_1LA0RC	nqh_1RB0LD_0LC1RA_1RD1LC_1LA0RC	theories/Machines/Bulk/Bulk_011.v	3	0	117
1RB0LD_0LC1RA_1RD1LC_1LA1LA	nqh_1RB0LD_0LC1RA_1RD1LC_1LA1LA	theories/Machines/Bulk/Bulk_011.v	3	0	90
1RB0LD_0LC1RA_1RD1LC_1LB1LA	nqh_1RB0LD_0LC1RA_1RD1LC_1LB1LA	theories/Machines/Bulk/Bulk_011.v	3	0	95
1RB0LD_0LC1RA_1RD1LC_1RA1LA	nqh_1RB0LD_0LC1RA_1RD1LC_1RA1LA	theories/Machines/Bulk/Bulk_011.v	3	0	102
1RB0LD_0LC1RA_1RD1LC_1RC1LA	nqh_1RB0LD_0LC1RA_1RD1LC_1RC1LA	theories/Machines/Bulk/Bulk_011.v	3	0	101
1RB0LD_0LC1RA_1RD1LC_1RD1LA	nqh_1RB0LD_0LC1RA_1RD1LC_1RD1LA	theories/Machines/Bulk/Bulk_011.v	3	0	101
1RB0LD_0LC1RA_1RD1RC_1LA0RC	nqh_1RB0LD_0LC1RA_1RD1RC_1LA0RC	theories/Machines/Bulk/Bulk_011.v	3	0	69
1RB0LD_0LC1RC_1LA0RD_1LB1RD	nqh_1RB0LD_0LC1RC_1LA0RD_1LB1RD	theories/Machines/Bulk/Bulk_011.v	2	0	81
1RB0LD_0LC1RC_1RD1LD_1LA0RB	nqh_1RB0LD_0LC1RC_1RD1LD_1LA0RB	theories/Machines/Bulk/Bulk_011.v	2	0	85
1RB0LD_0LC1RD_0LD1LC_1RA0RA	nqh_1RB0LD_0LC1RD_0LD1LC_1RA0RA	theories/Machines/Bulk/Bulk_011.v	2	0	55
1RB0LD_0LC1RD_1LA0LD_1LB0RD	nqh_1RB0LD_0LC1RD_1LA0LD_1LB0RD	theories/Machines/Bulk/Bulk_011.v	2	0	67
1RB0LD_0LC1RD_1LA1LB_1LB0RD	nqh_1RB0LD_0LC1RD_1LA1LB_1LB0RD	theories/Machines/Bulk/Bulk_011.v	2	0	66
1RB0LD_0LC1RD_1LA1LD_1LC0RB	nqh_1RB0LD_0LC1RD_1LA1LD_1LC0RB	theories/Machines/Bulk/Bulk_011.v	3	0	279
1RB0LD_0LC1RD_1RD1LA_1RB0RC	nqh_1RB0LD_0LC1RD_1RD1LA_1RB0RC	theories/Machines/Bulk/Bulk_011.v	2	0	44
1RB0LD_0RC0LA_1LC1RA_1LB1RD	nqh_1RB0LD_0RC0LA_1LC1RA_1LB1RD	theories/Machines/Bulk/Bulk_011.v	2	0	73
1RB0LD_0RC0LA_1LD1RA_1LB1RD	nqh_1RB0LD_0RC0LA_1LD1RA_1LB1RD	theories/Machines/Bulk/Bulk_011.v	2	0	62
1RB0LD_0RC0LC_1LA1RC_1RD0RC	nqh_1RB0LD_0RC0LC_1LA1RC_1RD0RC	theories/Machines/Bulk/Bulk_011.v	2	0	60
1RB0LD_0RC0RA_1LC0LA_1LA1RC	nqh_1RB0LD_0RC0RA_1LC0LA_1LA1RC	theories/Machines/Bulk/Bulk_011.v	3	0	178
1RB0LD_0RC0RA_1LC0LD_1RB1LD	nqh_1RB0LD_0RC0RA_1LC0LD_1RB1LD	theories/Machines/Bulk/Bulk_011.v	3	0	140
1RB0LD_0RC0RA_1LC1LA_1LA1LD	nqh_1RB0LD_0RC0RA_1LC1LA_1LA1LD	theories/Machines/Bulk/Bulk_011.v	3	0	196
1RB0LD_0RC0RC_1LC1LA_0LA1LD	nqh_1RB0LD_0RC0RC_1LC1LA_0LA1LD	theories/Machines/Bulk/Bulk_011.v	3	0	93
1RB0LD_0RC0RC_1LC1LA_1LA1LD	nqh_1RB0LD_0RC0RC_1LC1LA_1LA1LD	theories/Machines/Bulk/Bulk_011.v	3	0	90
1RB0LD_0RC0RC_1LC1LA_1LB1LD	nqh_1RB0LD_0RC0RC_1LC1LA_1LB1LD	theories/Machines/Bulk/Bulk_011.v	3	0	96
1RB0LD_0RC0RC_1LC1LA_1RB1LD	nqh_1RB0LD_0RC0RC_1LC1LA_1RB1LD	theories/Machines/Bulk/Bulk_011.v	3	0	90
1RB0LD_0RC0RC_1LC1RD_1RB1LA	nqh_1RB0LD_0RC0RC_1LC1RD_1RB1LA	theories/Machines/Bulk/Bulk_011.v	2	0	58
1RB0LD_0RC1LA_1LA1RC_1RD0RC	nqh_1RB0LD_0RC1LA_1LA1RC_1RD0RC	theories/Machines/Bulk/Bulk_011.v	2	0	52
1RB0LD_0RC1LD_1LC0RB_0LA1LD	nqh_1RB0LD_0RC1LD_1LC0RB_0LA1LD	theories/Machines/Bulk/Bulk_011.v	6	0	968
1RB0LD_0RC1RA_1LB1RD_1LA0RC	nqh_1RB0LD_0RC1RA_1LB1RD_1LA0RC	theories/Machines/Bulk/Bulk_011.v	2	0	60
1RB0LD_0RC1RA_1LC1RB_0LA1LD	nqh_1RB0LD_0RC1RA_1LC1RB_0LA1LD	theories/Machines/Bulk/Bulk_011.v	2	0	77
1RB0LD_0RC1RA_1RD---_1LA0RC	nqh_1RB0LD_0RC1RA_1RDXXX_1LA0RC	theories/Machines/Bulk/Bulk_011.v	3	0	58
1RB0LD_0RC1RA_1RD0RD_1LA0LB	nqh_1RB0LD_0RC1RA_1RD0RD_1LA0LB	theories/Machines/Bulk/Bulk_011.v	5	0	266
1RB0LD_0RC1RA_1RD1RB_1LA0LB	nqh_1RB0LD_0RC1RA_1RD1RB_1LA0LB	theories/Machines/Bulk/Bulk_011.v	2	0	67
1RB0LD_0RC1RA_1RD1RB_1LA0LC	nqh_1RB0LD_0RC1RA_1RD1RB_1LA0LC	theories/Machines/Bulk/Bulk_011.v	2	0	64
1RB0LD_0RC1RA_1RD1RB_1LA1RB	nqh_1RB0LD_0RC1RA_1RD1RB_1LA1RB	theories/Machines/Bulk/Bulk_011.v	2	0	56
1RB0LD_0RC1RB_0LD0RD_1LA1RD	nqh_1RB0LD_0RC1RB_0LD0RD_1LA1RD	theories/Machines/Bulk/Bulk_011.v	2	0	63
1RB0LD_0RC1RB_1LC0RD_1LA1RD	nqh_1RB0LD_0RC1RB_1LC0RD_1LA1RD	theories/Machines/Bulk/Bulk_011.v	2	0	72
1RB0LD_0RC1RB_1LD0LD_1LA0RC	nqh_1RB0LD_0RC1RB_1LD0LD_1LA0RC	theories/Machines/Bulk/Bulk_011.v	2	0	46
1RB0LD_0RC1RB_1LD0RD_1LA1RD	nqh_1RB0LD_0RC1RB_1LD0RD_1LA1RD	theories/Machines/Bulk/Bulk_011.v	2	0	63
1RB0LD_0RC1RB_1RD0RD_1LA0LB	nqh_1RB0LD_0RC1RB_1RD0RD_1LA0LB	theories/Machines/Bulk/Bulk_011.v	2	0	69
1RB0LD_0RC1RB_1RD0RD_1LA1RD	nqh_1RB0LD_0RC1RB_1RD0RD_1LA1RD	theories/Machines/Bulk/Bulk_011.v	2	0	63
1RB0LD_0RC1RB_1RD1LA_1LA0LB	nqh_1RB0LD_0RC1RB_1RD1LA_1LA0LB	theories/Machines/Bulk/Bulk_011.v	2	0	57
1RB0LD_0RC1RC_1LA1RB_0LB1LD	nqh_1RB0LD_0RC1RC_1LA1RB_0LB1LD	theories/Machines/Bulk/Bulk_011.v	2	0	89
1RB0LD_0RC1RC_1LA1RB_1LA1LD	nqh_1RB0LD_0RC1RC_1LA1RB_1LA1LD	theories/Machines/Bulk/Bulk_011.v	2	0	73
1RB0LD_1LB0LC_1LA1RC_1RD0RC	nqh_1RB0LD_1LB0LC_1LA1RC_1RD0RC	theories/Machines/Bulk/Bulk_012.v	2	0	73
1RB0LD_1LB0RC_1LC1LA_0LA1LD	nqh_1RB0LD_1LB0RC_1LC1LA_0LA1LD	theories/Machines/Bulk/Bulk_012.v	3	0	108
1RB0LD_1LB0RC_1LC1LA_1LA1LD	nqh_1RB0LD_1LB0RC_1LC1LA_1LA1LD	theories/Machines/Bulk/Bulk_012.v	3	0	94
1RB0LD_1LB0RC_1LC1LA_1RB1LD	nqh_1RB0LD_1LB0RC_1LC1LA_1RB1LD	theories/Machines/Bulk/Bulk_012.v	3	0	95
1RB0LD_1LC0LC_1LA1RC_1RD0RC	nqh_1RB0LD_1LC0LC_1LA1RC_1RD0RC	theories/Machines/Bulk/Bulk_012.v	2	0	61
1RB0LD_1LC0LD_0RA1LB_1LA1RC	nqh_1RB0LD_1LC0LD_0RA1LB_1LA1RC	theories/Machines/Bulk/Bulk_012.v	2	0	62
1RB0LD_1LC0LD_0RD1LB_0RA1RD	nqh_1RB0LD_1LC0LD_0RD1LB_0RA1RD	theories/Machines/Bulk/Bulk_012.v	2	0	56
1RB0LD_1LC0LD_1RD1LB_0RA1RD	nqh_1RB0LD_1LC0LD_1RD1LB_0RA1RD	theories/Machines/Bulk/Bulk_012.v	2	0	51
1RB0LD_1LC0RA_0LD1LB_1LA---	nqh_1RB0LD_1LC0RA_0LD1LB_1LAXXX	theories/Machines/Bulk/Bulk_012.v	3	0	61
1RB0LD_1LC0RA_0LD1LB_1RC1LA	nqh_1RB0LD_1LC0RA_0LD1LB_1RC1LA	theories/Machines/Bulk/Bulk_012.v	2	0	58
1RB0LD_1LC0RA_0LD1LC_1RA0RA	nqh_1RB0LD_1LC0RA_0LD1LC_1RA0RA	theories/Machines/Bulk/Bulk_012.v	2	0	44
1RB0LD_1LC0RA_0RB1LB_1LA---	nqh_1RB0LD_1LC0RA_0RB1LB_1LAXXX	theories/Machines/Bulk/Bulk_012.v	3	0	65
1RB0LD_1LC0RA_0RD1LB_0RA1RD	nqh_1RB0LD_1LC0RA_0RD1LB_0RA1RD	theories/Machines/Bulk/Bulk_012.v	2	0	48
1RB0LD_1LC0RA_0RD1LB_1LA0RA	nqh_1RB0LD_1LC0RA_0RD1LB_1LA0RA	theories/Machines/Bulk/Bulk_012.v	3	0	65
1RB0LD_1LC0RA_0RD1LB_1LA1LD	nqh_1RB0LD_1LC0RA_0RD1LB_1LA1LD	theories/Machines/Bulk/Bulk_012.v	3	0	66
1RB0LD_1LC0RA_0RD1LB_1LA1RB	nqh_1RB0LD_1LC0RA_0RD1LB_1LA1RB	theories/Machines/Bulk/Bulk_012.v	3	0	66
1RB0LD_1LC0RA_0RD1LB_1LA1RC	nqh_1RB0LD_1LC0RA_0RD1LB_1LA1RC	theories/Machines/Bulk/Bulk_012.v	3	0	71
1RB0LD_1LC0RA_0RD1LB_1LA1RD	nqh_1RB0LD_1LC0RA_0RD1LB_1LA1RD	theories/Machines/Bulk/Bulk_012.v	3	0	118
1RB0LD_1LC0RA_1LA1LB_1LA---	nqh_1RB0LD_1LC0RA_1LA1LB_1LAXXX	theories/Machines/Bulk/Bulk_012.v	3	0	63
1RB0LD_1LC0RA_1LA1LC_0RC0LC	nqh_1RB0LD_1LC0RA_1LA1LC_0RC0LC	theories/Machines/Bulk/Bulk_012.v	2	0	68
1RB0LD_1LC0RA_1LA1LC_1RA0LC	nqh_1RB0LD_1LC0RA_1LA1LC_1RA0LC	theories/Machines/Bulk/Bulk_012.v	2	0	73
1RB0LD_1LC0RA_1LA1RC_1LA0LD	nqh_1RB0LD_1LC0RA_1LA1RC_1LA0LD	theories/Machines/Bulk/Bulk_012.v	3	0	141
1RB0LD_1LC0RA_1LD0LC_1LA1LC	nqh_1RB0LD_1LC0RA_1LD0LC_1LA1LC	theories/Machines/Bulk/Bulk_012.v	3	0	77
1RB0LD_1LC0RA_1LD0RD_1LA1LB	nqh_1RB0LD_1LC0RA_1LD0RD_1LA1LB	theories/Machines/Bulk/Bulk_012.v	3	0	85
1RB0LD_1LC0RA_1LD1LC_1LA0LA	nqh_1RB0LD_1LC0RA_1LD1LC_1LA0LA	theories/Machines/Bulk/Bulk_012.v	3	0	76
1RB0LD_1LC0RA_1LD1LC_1LA1LB	nqh_1RB0LD_1LC0RA_1LD1LC_1LA1LB	theories/Machines/Bulk/Bulk_012.v	3	0	69
1RB0LD_1LC0RA_1LD1LC_1LA1LC	nqh_1RB0LD_1LC0RA_1LD1LC_1LA1LC	theories/Machines/Bulk/Bulk_012.v	3	0	66
1RB0LD_1LC0RA_1LD1LC_1LA1RC	nqh_1RB0LD_1LC0RA_1LD1LC_1LA1RC	theories/Machines/Bulk/Bulk_012.v	3	0	71
1RB0LD_1LC0RA_1LD1RC_1LA0LD	nqh_1RB0LD_1LC0RA_1LD1RC_1LA0LD	theories/Machines/Bulk/Bulk_012.v	3	0	141
1RB0LD_1LC0RA_1RA0LB_1RC1RD	nqh_1RB0LD_1LC0RA_1RA0LB_1RC1RD	theories/Machines/Bulk/Bulk_012.v	3	0	77
1RB0LD_1LC0RA_1RA1LA_1LA0LC	nqh_1RB0LD_1LC0RA_1RA1LA_1LA0LC	theories/Machines/Bulk/Bulk_012.v	3	0	110
1RB0LD_1LC0RA_1RA1LB_0RA1RC	nqh_1RB0LD_1LC0RA_1RA1LB_0RA1RC	theories/Machines/Bulk/Bulk_012.v	2	0	56
1RB0LD_1LC0RA_1RA1LB_0RB1LA	nqh_1RB0LD_1LC0RA_1RA1LB_0RB1LA	theories/Machines/Bulk/Bulk_012.v	2	0	64
1RB0LD_1LC0RA_1RA1LB_1LA0LC	nqh_1RB0LD_1LC0RA_1RA1LB_1LA0LC	theories/Machines/Bulk/Bulk_012.v	3	0	185
1RB0LD_1LC0RA_1RA1LB_1LA0RA	nqh_1RB0LD_1LC0RA_1RA1LB_1LA0RA	theories/Machines/Bulk/Bulk_012.v	3	0	69
1RB0LD_1LC0RA_1RA1LB_1LA1RA	nqh_1RB0LD_1LC0RA_1RA1LB_1LA1RA	theories/Machines/Bulk/Bulk_012.v	3	0	148
1RB0LD_1LC0RA_1RA1LB_1LA1RD	nqh_1RB0LD_1LC0RA_1RA1LB_1LA1RD	theories/Machines/Bulk/Bulk_012.v	3	0	67
1RB0LD_1LC0RA_1RD0LC_1LA1LB	nqh_1RB0LD_1LC0RA_1RD0LC_1LA1LB	theories/Machines/Bulk/Bulk_012.v	3	0	84
1RB0LD_1LC0RA_1RD1LB_0RA1RD	nqh_1RB0LD_1LC0RA_1RD1LB_0RA1RD	theories/Machines/Bulk/Bulk_012.v	2	0	43
1RB0LD_1LC0RA_1RD1LB_1LA0LB	nqh_1RB0LD_1LC0RA_1RD1LB_1LA0LB	theories/Machines/Bulk/Bulk_012.v	3	0	69
1RB0LD_1LC0RA_1RD1LB_1LA0RB	nqh_1RB0LD_1LC0RA_1RD1LB_1LA0RB	theories/Machines/Bulk/Bulk_012.v	3	0	226
1RB0LD_1LC0RA_1RD1LB_1LA1LA	nqh_1RB0LD_1LC0RA_1RD1LB_1LA1LA	theories/Machines/Bulk/Bulk_012.v	3	0	64
1RB0LD_1LC0RB_0LD1LC_1RA0LA	nqh_1RB0LD_1LC0RB_0LD1LC_1RA0LA	theories/Machines/Bulk/Bulk_012.v	2	0	72
1RB0LD_1LC0RB_1LD1RB_1RC0LA	nqh_1RB0LD_1LC0RB_1LD1RB_1RC0LA	theories/Machines/Bulk/Bulk_012.v	2	0	88
1RB0LD_1LC0RB_1RD0LD_1LA1RB	nqh_1RB0LD_1LC0RB_1RD0LD_1LA1RB	theories/Machines/Bulk/Bulk_012.v	2	0	69
1RB0LD_1LC0RB_1RD1RA_1LA0RC	nqh_1RB0LD_1LC0RB_1RD1RA_1LA0RC	theories/Machines/Bulk/Bulk_012.v	3	0	87
1RB0LD_1LC0RC_0LA1LA_0RC1LD	nqh_1RB0LD_1LC0RC_0LA1LA_0RC1LD	theories/Machines/Bulk/Bulk_012.v	2	0	61
1RB0LD_1LC0RC_0LA1LA_1RB1LD	nqh_1RB0LD_1LC0RC_0LA1LA_1RB1LD	theories/Machines/Bulk/Bulk_012.v	2	0	55
1RB0LD_1LC0RC_0LD1LA_1RB1LD	nqh_1RB0LD_1LC0RC_0LD1LA_1RB1LD	theories/Machines/Bulk/Bulk_012.v	2	0	55
1RB0LD_1LC0RC_0LD1LC_1RA1LA	nqh_1RB0LD_1LC0RC_0LD1LC_1RA1LA	theories/Machines/Bulk/Bulk_012.v	2	0	50
1RB0LD_1LC0RC_1LB1LA_1LA1LD	nqh_1RB0LD_1LC0RC_1LB1LA_1LA1LD	theories/Machines/Bulk/Bulk_013.v	3	0	88
1RB0LD_1LC0RC_1LB1LA_1RB1LD	nqh_1RB0LD_1LC0RC_1LB1LA_1RB1LD	theories/Machines/Bulk/Bulk_013.v	3	0	88
1RB0LD_1LC0RC_1LB1LA_1RC1LD	nqh_1RB0LD_1LC0RC_1LB1LA_1RC1LD	theories/Machines/Bulk/Bulk_013.v	3	0	97
1RB0LD_1LC0RC_1LC1LA_1LA1LD	nqh_1RB0LD_1LC0RC_1LC1LA_1LA1LD	theories/Machines/Bulk/Bulk_013.v	3	0	88
1RB0LD_1LC0RC_1LC1LA_1RB1LD	nqh_1RB0LD_1LC0RC_1LC1LA_1RB1LD	theories/Machines/Bulk/Bulk_013.v	3	0	89
1RB0LD_1LC0RC_1LD1RC_1RB1LA	nqh_1RB0LD_1LC0RC_1LD1RC_1RB1LA	theories/Machines/Bulk/Bulk_013.v	3	0	147
1RB0LD_1LC0RD_0RA1LA_1RC1LD	nqh_1RB0LD_1LC0RD_0RA1LA_1RC1LD	theories/Machines/Bulk/Bulk_013.v	2	0	76
1RB0LD_1LC0RD_0RA1LB_1RC0LC	nqh_1RB0LD_1LC0RD_0RA1LB_1RC0LC	theories/Machines/Bulk/Bulk_013.v	2	0	52
1RB0LD_1LC0RD_0RA1LB_1RC1RB	nqh_1RB0LD_1LC0RD_0RA1LB_1RC1RB	theories/Machines/Bulk/Bulk_013.v	3	0	98
1RB0LD_1LC0RD_1LA0LB_1RB0RD	nqh_1RB0LD_1LC0RD_1LA0LB_1RB0RD	theories/Machines/Bulk/Bulk_013.v	3	0	156
1RB0LD_1LC0RD_1LA0LB_1RB1RA	nqh_1RB0LD_1LC0RD_1LA0LB_1RB1RA	theories/Machines/Bulk/Bulk_013.v	3	0	176
1RB0LD_1LC0RD_1LA0LC_1RB0RD	nqh_1RB0LD_1LC0RD_1LA0LC_1RB0RD	theories/Machines/Bulk/Bulk_013.v	2	0	63
1RB0LD_1LC0RD_1RA1LC_1RB1LA	nqh_1RB0LD_1LC0RD_1RA1LC_1RB1LA	theories/Machines/Bulk/Bulk_013.v	2	0	51
1RB0LD_1LC0RD_1RD0LB_1LB1RA	nqh_1RB0LD_1LC0RD_1RD0LB_1LB1RA	theories/Machines/Bulk/Bulk_013.v	2	0	72
1RB0LD_1LC1LA_1LA1RC_1RD0RC	nqh_1RB0LD_1LC1LA_1LA1RC_1RD0RC	theories/Machines/Bulk/Bulk_013.v	2	0	53
1RB0LD_1LC1RA_0LD1LC_1LA0RC	nqh_1RB0LD_1LC1RA_0LD1LC_1LA0RC	theories/Machines/Bulk/Bulk_013.v	2	0	46
1RB0LD_1LC1RA_0LD1LC_1LA1LA	nqh_1RB0LD_1LC1RA_0LD1LC_1LA1LA	theories/Machines/Bulk/Bulk_013.v	3	0	73
1RB0LD_1LC1RA_0LD1LC_1RA1LA	nqh_1RB0LD_1LC1RA_0LD1LC_1RA1LA	theories/Machines/Bulk/Bulk_013.v	3	0	85
1RB0LD_1LC1RA_0LD1LC_1RC1LA	nqh_1RB0LD_1LC1RA_0LD1LC_1RC1LA	theories/Machines/Bulk/Bulk_013.v	3	0	78
1RB0LD_1LC1RA_0LD1LC_1RD1LA	nqh_1RB0LD_1LC1RA_0LD1LC_1RD1LA	theories/Machines/Bulk/Bulk_013.v	3	0	84
1RB0LD_1LC1RA_0RA1LC_1LA0RB	nqh_1RB0LD_1LC1RA_0RA1LC_1LA0RB	theories/Machines/Bulk/Bulk_013.v	2	0	56
1RB0LD_1LC1RA_0RA1LC_1LA1LA	nqh_1RB0LD_1LC1RA_0RA1LC_1LA1LA	theories/Machines/Bulk/Bulk_013.v	3	0	76
1RB0LD_1LC1RA_0RA1LC_1RA1LA	nqh_1RB0LD_1LC1RA_0RA1LC_1RA1LA	theories/Machines/Bulk/Bulk_013.v	3	0	88
1RB0LD_1LC1RA_0RA1LC_1RD1LA	nqh_1RB0LD_1LC1RA_0RA1LC_1RD1LA	theories/Machines/Bulk/Bulk_013.v	3	0	87
1RB0LD_1LC1RA_0RA1LD_1RC1LA	nqh_1RB0LD_1LC1RA_0RA1LD_1RC1LA	theories/Machines/Bulk/Bulk_013.v	3	0	193
1RB0LD_1LC1RA_0RB1LC_0LC1LA	nqh_1RB0LD_1LC1RA_0RB1LC_0LC1LA	theories/Machines/Bulk/Bulk_013.v	3	0	110
1RB0LD_1LC1RA_0RB1LC_1LA1LA	nqh_1RB0LD_1LC1RA_0RB1LC_1LA1LA	theories/Machines/Bulk/Bulk_013.v	3	0	92
1RB0LD_1LC1RA_0RB1LC_1LC1LA	nqh_1RB0LD_1LC1RA_0RB1LC_1LC1LA	theories/Machines/Bulk/Bulk_013.v	3	0	107
1RB0LD_1LC1RA_0RB1LC_1RA1LA	nqh_1RB0LD_1LC1RA_0RB1LC_1RA1LA	theories/Machines/Bulk/Bulk_013.v	3	0	98
1RB0LD_1LC1RA_0RB1LC_1RB1LA	nqh_1RB0LD_1LC1RA_0RB1LC_1RB1LA	theories/Machines/Bulk/Bulk_013.v	3	0	95
1RB0LD_1LC1RA_0RB1LC_1RC1LA	nqh_1RB0LD_1LC1RA_0RB1LC_1RC1LA	theories/Machines/Bulk/Bulk_013.v	3	0	165
1RB0LD_1LC1RA_0RB1LC_1RD1LA	nqh_1RB0LD_1LC1RA_0RB1LC_1RD1LA	theories/Machines/Bulk/Bulk_013.v	3	0	94
1RB0LD_1LC1RA_0RC1RD_1LA0RB	nqh_1RB0LD_1LC1RA_0RC1RD_1LA0RB	theories/Machines/Bulk/Bulk_013.v	2	0	86
1RB0LD_1LC1RA_0RD1LC_1LA1LA	nqh_1RB0LD_1LC1RA_0RD1LC_1LA1LA	theories/Machines/Bulk/Bulk_013.v	3	0	92
1RB0LD_1LC1RA_0RD1LC_1LC1LA	nqh_1RB0LD_1LC1RA_0RD1LC_1LC1LA	theories/Machines/Bulk/Bulk_013.v	3	0	94
1RB0LD_1LC1RA_0RD1LC_1RA1LA	nqh_1RB0LD_1LC1RA_0RD1LC_1RA1LA	theories/Machines/Bulk/Bulk_013.v	3	0	98
1RB0LD_1LC1RA_0RD1LC_1RC1LA	nqh_1RB0LD_1LC1RA_0RD1LC_1RC1LA	theories/Machines/Bulk/Bulk_013.v	3	0	104
1RB0LD_1LC1RA_0RD1LC_1RD1LA	nqh_1RB0LD_1LC1RA_0RD1LC_1RD1LA	theories/Machines/Bulk/Bulk_013.v	3	0	94
1RB0LD_1LC1RA_1LA1LC_1LA1LA	nqh_1RB0LD_1LC1RA_1LA1LC_1LA1LA	theories/Machines/Bulk/Bulk_013.v	3	0	78
1RB0LD_1LC1RA_1LA1LC_1RA1LA	nqh_1RB0LD_1LC1RA_1LA1LC_1RA1LA	theories/Machines/Bulk/Bulk_013.v	3	0	84
1RB0LD_1LC1RA_1LA1LC_1RD1LA	nqh_1RB0LD_1LC1RA_1LA1LC_1RD1LA	theories/Machines/Bulk/Bulk_013.v	3	0	80
1RB0LD_1LC1RA_1LA1RC_1LA0LC	nqh_1RB0LD_1LC1RA_1LA1RC_1LA0LC	theories/Machines/Bulk/Bulk_013.v	2	0	48
1RB0LD_1LC1RA_1LD1LC_0RB1LA	nqh_1RB0LD_1LC1RA_1LD1LC_0RB1LA	theories/Machines/Bulk/Bulk_013.v	3	0	80
1RB0LD_1LC1RA_1LD1LC_1LA1LA	nqh_1RB0LD_1LC1RA_1LD1LC_1LA1LA	theories/Machines/Bulk/Bulk_013.v	3	0	79
1RB0LD_1LC1RA_1LD1LC_1RA1LA	nqh_1RB0LD_1LC1RA_1LD1LC_1RA1LA	theories/Machines/Bulk/Bulk_013.v	3	0	82
1RB0LD_1LC1RA_1LD1LC_1RD1LA	nqh_1RB0LD_1LC1RA_1LD1LC_1RD1LA	theories/Machines/Bulk/Bulk_013.v	3	0	88
1RB0LD_1LC1RA_1RA1LC_0LA1LA	nqh_1RB0LD_1LC1RA_1RA1LC_0LA1LA	theories/Machines/Bulk/Bulk_013.v	3	0	79
1RB0LD_1LC1RA_1RA1LC_0RB1LA	nqh_1RB0LD_1LC1RA_1RA1LC_0RB1LA	theories/Machines/Bulk/Bulk_013.v	3	0	77
1RB0LD_1LC1RA_1RA1LC_1LA1LA	nqh_1RB0LD_1LC1RA_1RA1LC_1LA1LA	theories/Machines/Bulk/Bulk_013.v	3	0	75
1RB0LD_1LC1RA_1RA1LC_1LB1LA	nqh_1RB0LD_1LC1RA_1RA1LC_1LB1LA	theories/Machines/Bulk/Bulk_013.v	3	0	76
1RB0LD_1LC1RA_1RA1LC_1RA1LA	nqh_1RB0LD_1LC1RA_1RA1LC_1RA1LA	theories/Machines/Bulk/Bulk_014.v	3	0	81
1RB0LD_1LC1RA_1RA1LC_1RD1LA	nqh_1RB0LD_1LC1RA_1RA1LC_1RD1LA	theories/Machines/Bulk/Bulk_014.v	3	0	77
1RB0LD_1LC1RA_1RB1LC_1LA1LA	nqh_1RB0LD_1LC1RA_1RB1LC_1LA1LA	theories/Machines/Bulk/Bulk_014.v	3	0	86
1RB0LD_1LC1RA_1RB1LC_1LC1LA	nqh_1RB0LD_1LC1RA_1RB1LC_1LC1LA	theories/Machines/Bulk/Bulk_014.v	3	0	87
1RB0LD_1LC1RA_1RB1LC_1RA1LA	nqh_1RB0LD_1LC1RA_1RB1LC_1RA1LA	theories/Machines/Bulk/Bulk_014.v	3	0	92
1RB0LD_1LC1RA_1RB1LC_1RC1LA	nqh_1RB0LD_1LC1RA_1RB1LC_1RC1LA	theories/Machines/Bulk/Bulk_014.v	3	0	92
1RB0LD_1LC1RA_1RB1LC_1RD1LA	nqh_1RB0LD_1LC1RA_1RB1LC_1RD1LA	theories/Machines/Bulk/Bulk_014.v	3	0	88
1RB0LD_1LC1RA_1RD0RA_1LA0RC	nqh_1RB0LD_1LC1RA_1RD0RA_1LA0RC	theories/Machines/Bulk/Bulk_014.v	3	0	78
1RB0LD_1LC1RA_1RD1LC_1LA1LA	nqh_1RB0LD_1LC1RA_1RD1LC_1LA1LA	theories/Machines/Bulk/Bulk_014.v	3	0	79
1RB0LD_1LC1RA_1RD1LC_1RA1LA	nqh_1RB0LD_1LC1RA_1RD1LC_1RA1LA	theories/Machines/Bulk/Bulk_014.v	3	0	91
1RB0LD_1LC1RA_1RD1LC_1RC1LA	nqh_1RB0LD_1LC1RA_1RD1LC_1RC1LA	theories/Machines/Bulk/Bulk_014.v	3	0	90
1RB0LD_1LC1RA_1RD1LC_1RD1LA	nqh_1RB0LD_1LC1RA_1RD1LC_1RD1LA	theories/Machines/Bulk/Bulk_014.v	3	0	90
1RB0LD_1LC1RA_1RD1RD_1LA0RC	nqh_1RB0LD_1LC1RA_1RD1RD_1LA0RC	theories/Machines/Bulk/Bulk_014.v	3	0	63
1RB0LD_1LC1RB_0LD1LA_1RD0RB	nqh_1RB0LD_1LC1RB_0LD1LA_1RD0RB	theories/Machines/Bulk/Bulk_014.v	3	0	70
1RB0LD_1LC1RB_0LD1RA_1RD0RB	nqh_1RB0LD_1LC1RB_0LD1RA_1RD0RB	theories/Machines/Bulk/Bulk_014.v	3	0	101
1RB0LD_1LC1RB_0RA1LA_0RD0LC	nqh_1RB0LD_1LC1RB_0RA1LA_0RD0LC	theories/Machines/Bulk/Bulk_014.v	2	0	46
1RB0LD_1LC1RB_0RB1LA_0RC0LC	nqh_1RB0LD_1LC1RB_0RB1LA_0RC0LC	theories/Machines/Bulk/Bulk_014.v	2	0	47
1RB0LD_1LC1RB_0RB1LA_0RD0LC	nqh_1RB0LD_1LC1RB_0RB1LA_0RD0LC	theories/Machines/Bulk/Bulk_014.v	2	0	55
1RB0LD_1LC1RB_1LA0RD_1LA1RC	nqh_1RB0LD_1LC1RB_1LA0RD_1LA1RC	theories/Machines/Bulk/Bulk_014.v	2	0	56
1RB0LD_1LC1RB_1RC1LA_1RD0RB	nqh_1RB0LD_1LC1RB_1RC1LA_1RD0RB	theories/Machines/Bulk/Bulk_014.v	2	0	55
1RB0LD_1LC1RC_0RA1LA_1RC1LD	nqh_1RB0LD_1LC1RC_0RA1LA_1RC1LD	theories/Machines/Bulk/Bulk_014.v	2	0	72
1RB0LD_1LC1RC_1LA0RB_0LC0RC	nqh_1RB0LD_1LC1RC_1LA0RB_0LC0RC	theories/Machines/Bulk/Bulk_014.v	2	0	73
1RB0LD_1LC1RD_1LA0LB_0RB1LC	nqh_1RB0LD_1LC1RD_1LA0LB_0RB1LC	theories/Machines/Bulk/Bulk_014.v	3	0	77
1RB0LD_1LC1RD_1LA1LD_1LC0RB	nqh_1RB0LD_1LC1RD_1LA1LD_1LC0RB	theories/Machines/Bulk/Bulk_014.v	3	0	181
1RB0LD_1RC0LA_1LA0RA_1LB1LC	nqh_1RB0LD_1RC0LA_1LA0RA_1LB1LC	theories/Machines/Bulk/Bulk_014.v	2	0	72
1RB0LD_1RC0LA_1LB1RC_1RD0RC	nqh_1RB0LD_1RC0LA_1LB1RC_1RD0RC	theories/Machines/Bulk/Bulk_014.v	3	0	102
1RB0LD_1RC0LA_1LD0RB_1LB1LD	nqh_1RB0LD_1RC0LA_1LD0RB_1LB1LD	theories/Machines/Bulk/Bulk_014.v	2	0	75
1RB0LD_1RC0LA_1RD1RA_1LB0RB	nqh_1RB0LD_1RC0LA_1RD1RA_1LB0RB	theories/Machines/Bulk/Bulk_014.v	2	0	74
1RB0LD_1RC0LC_1LA1RC_1RD0RC	nqh_1RB0LD_1RC0LC_1LA1RC_1RD0RC	theories/Machines/Bulk/Bulk_014.v	2	0	60
1RB0LD_1RC0LC_1RD1RA_1LA0RC	nqh_1RB0LD_1RC0LC_1RD1RA_1LA0RC	theories/Machines/Bulk/Bulk_014.v	3	0	80
1RB0LD_1RC0LD_0LA0RC_1LB1RD	nqh_1RB0LD_1RC0LD_0LA0RC_1LB1RD	theories/Machines/Bulk/Bulk_014.v	2	0	74
1RB0LD_1RC0RA_0LD0RA_1LB1LA	nqh_1RB0LD_1RC0RA_0LD0RA_1LB1LA	theories/Machines/Bulk/Bulk_014.v	2	0	50
1RB0LD_1RC0RA_1LA0LC_1LC1RC	nqh_1RB0LD_1RC0RA_1LA0LC_1LC1RC	theories/Machines/Bulk/Bulk_014.v	3	0	117
1RB0LD_1RC0RA_1LA0RA_0LA1LD	nqh_1RB0LD_1RC0RA_1LA0RA_0LA1LD	theories/Machines/Bulk/Bulk_014.v	2	0	74
1RB0LD_1RC0RA_1LA0RA_1LA1LC	nqh_1RB0LD_1RC0RA_1LA0RA_1LA1LC	theories/Machines/Bulk/Bulk_014.v	3	0	107
1RB0LD_1RC0RA_1LA0RA_1LA1LD	nqh_1RB0LD_1RC0RA_1LA0RA_1LA1LD	theories/Machines/Bulk/Bulk_014.v	3	0	108
1RB0LD_1RC0RA_1LA0RC_1LA0LD	nqh_1RB0LD_1RC0RA_1LA0RC_1LA0LD	theories/Machines/Bulk/Bulk_014.v	3	0	227
1RB0LD_1RC0RA_1LA0RD_1LA0LD	nqh_1RB0LD_1RC0RA_1LA0RD_1LA0LD	theories/Machines/Bulk/Bulk_014.v	3	0	158
1RB0LD_1RC0RA_1LA0RD_1LA1LC	nqh_1RB0LD_1RC0RA_1LA0RD_1LA1LC	theories/Machines/Bulk/Bulk_014.v	3	0	175
1RB0LD_1RC0RA_1LA1LC_0RC0LC	nqh_1RB0LD_1RC0RA_1LA1LC_0RC0LC	theories/Machines/Bulk/Bulk_014.v	2	0	70
1RB0LD_1RC0RA_1LA1RA_1LA0LD	nqh_1RB0LD_1RC0RA_1LA1RA_1LA0LD	theories/Machines/Bulk/Bulk_014.v	3	0	182
1RB0LD_1RC0RA_1LA1RA_1LA1LC	nqh_1RB0LD_1RC0RA_1LA1RA_1LA1LC	theories/Machines/Bulk/Bulk_014.v	3	0	210
1RB0LD_1RC0RA_1LA1RB_0LA1LD	nqh_1RB0LD_1RC0RA_1LA1RB_0LA1LD	theories/Machines/Bulk/Bulk_014.v	2	0	78
1RB0LD_1RC0RA_1LA1RB_0LC1LB	nqh_1RB0LD_1RC0RA_1LA1RB_0LC1LB	theories/Machines/Bulk/Bulk_014.v	2	0	66
1RB0LD_1RC0RA_1LA1RB_1LA0LD	nqh_1RB0LD_1RC0RA_1LA1RB_1LA0LD	theories/Machines/Bulk/Bulk_014.v	3	0	170
1RB0LD_1RC0RA_1LA1RC_1LA0LD	nqh_1RB0LD_1RC0RA_1LA1RC_1LA0LD	theories/Machines/Bulk/Bulk_014.v	3	0	126
1RB0LD_1RC0RA_1LD0LB_1LA1LC	nqh_1RB0LD_1RC0RA_1LD0LB_1LA1LC	theories/Machines/Bulk/Bulk_014.v	3	0	89
1RB0LD_1RC0RA_1LD0LC_1LA1LC	nqh_1RB0LD_1RC0RA_1LD0LC_1LA1LC	theories/Machines/Bulk/Bulk_014.v	3	0	116
1RB0LD_1RC0RA_1LD0RB_1LB0LC	nqh_1RB0LD_1RC0RA_1LD0RB_1LB0LC	theories/Machines/Bulk/Bulk_014.v	3	0	253
1RB0LD_1RC0RA_1LD0RD_1LA0LD	nqh_1RB0LD_1RC0RA_1LD0RD_1LA0LD	theories/Machines/Bulk/Bulk_014.v	3	0	162
1RB0LD_1RC0RA_1LD1LC_1LA0LA	nqh_1RB0LD_1RC0RA_1LD1LC_1LA0LA	theories/Machines/Bulk/Bulk_015.v	3	0	111
1RB0LD_1RC0RA_1LD1RA_1LA0LD	nqh_1RB0LD_1RC0RA_1LD1RA_1LA0LD	theories/Machines/Bulk/Bulk_015.v	3	0	192
1RB0LD_1RC0RA_1LD1RB_1LA0LA	nqh_1RB0LD_1RC0RA_1LD1RB_1LA0LA	theories/Machines/Bulk/Bulk_015.v	3	0	206
1RB0LD_1RC0RA_1LD1RB_1LA0LD	nqh_1RB0LD_1RC0RA_1LD1RB_1LA0LD	theories/Machines/Bulk/Bulk_015.v	3	0	178
1RB0LD_1RC0RA_1LD1RC_1LA0LD	nqh_1RB0LD_1RC0RA_1LD1RC_1LA0LD	theories/Machines/Bulk/Bulk_015.v	3	0	126
1RB0LD_1RC0RB_0LA0RC_1LA1LD	nqh_1RB0LD_1RC0RB_0LA0RC_1LA1LD	theories/Machines/Bulk/Bulk_015.v	2	0	128
1RB0LD_1RC0RB_0LA0RD_1LA1RD	nqh_1RB0LD_1RC0RB_0LA0RD_1LA1RD	theories/Machines/Bulk/Bulk_015.v	2	0	87
1RB0LD_1RC0RB_0LA1RB_1LA1LD	nqh_1RB0LD_1RC0RB_0LA1RB_1LA1LD	theories/Machines/Bulk/Bulk_015.v	2	0	103
1RB0LD_1RC0RB_0LA1RB_1LA1RD	nqh_1RB0LD_1RC0RB_0LA1RB_1LA1RD	theories/Machines/Bulk/Bulk_015.v	2	0	85
1RB0LD_1RC0RB_1LA0RA_1LA1LB	nqh_1RB0LD_1RC0RB_1LA0RA_1LA1LB	theories/Machines/Bulk/Bulk_015.v	2	0	72
1RB0LD_1RC0RB_1LA0RC_1LA0LD	nqh_1RB0LD_1RC0RB_1LA0RC_1LA0LD	theories/Machines/Bulk/Bulk_015.v	2	0	87
1RB0LD_1RC0RB_1LA0RD_1LA0LD	nqh_1RB0LD_1RC0RB_1LA0RD_1LA0LD	theories/Machines/Bulk/Bulk_015.v	2	0	71
1RB0LD_1RC0RB_1LA1LC_0LA1LB	nqh_1RB0LD_1RC0RB_1LA1LC_0LA1LB	theories/Machines/Bulk/Bulk_015.v	3	0	284
1RB0LD_1RC0RB_1LA1RB_1LC0LC	nqh_1RB0LD_1RC0RB_1LA1RB_1LC0LC	theories/Machines/Bulk/Bulk_015.v	2	0	79
1RB0LD_1RC0RB_1LD0RD_1LA0LD	nqh_1RB0LD_1RC0RB_1LD0RD_1LA0LD	theories/Machines/Bulk/Bulk_015.v	2	0	73
1RB0LD_1RC0RB_1LD1RB_1LA1RD	nqh_1RB0LD_1RC0RB_1LD1RB_1LA1RD	theories/Machines/Bulk/Bulk_015.v	2	0	80
1RB0LD_1RC0RB_1RD1RA_1LA1LA	nqh_1RB0LD_1RC0RB_1RD1RA_1LA1LA	theories/Machines/Bulk/Bulk_015.v	2	0	75
1RB0LD_1RC0RB_1RD1RB_1LA0RC	nqh_1RB0LD_1RC0RB_1RD1RB_1LA0RC	theories/Machines/Bulk/Bulk_015.v	3	0	71
1RB0LD_1RC0RB_1RD1RB_1LA1RD	nqh_1RB0LD_1RC0RB_1RD1RB_1LA1RD	theories/Machines/Bulk/Bulk_015.v	2	0	73
1RB0LD_1RC0RC_0LA0RB_1LA1RD	nqh_1RB0LD_1RC0RC_0LA0RB_1LA1RD	theories/Machines/Bulk/Bulk_015.v	2	0	104
1RB0LD_1RC0RC_0LA0RC_1LA1RD	nqh_1RB0LD_1RC0RC_0LA0RC_1LA1RD	theories/Machines/Bulk/Bulk_015.v	2	0	78
1RB0LD_1RC0RC_1LC1LA_1LA1LD	nqh_1RB0LD_1RC0RC_1LC1LA_1LA1LD	theories/Machines/Bulk/Bulk_015.v	3	0	90
1RB0LD_1RC0RC_1LC1LA_1RB1LD	nqh_1RB0LD_1RC0RC_1LC1LA_1RB1LD	theories/Machines/Bulk/Bulk_015.v	3	0	93
1RB0LD_1RC0RC_1LD1RB_0LB1LA	nqh_1RB0LD_1RC0RC_1LD1RB_0LB1LA	theories/Machines/Bulk/Bulk_015.v	2	0	89
1RB0LD_1RC0RC_1LD1RC_1RB1LA	nqh_1RB0LD_1RC0RC_1LD1RC_1RB1LA	theories/Machines/Bulk/Bulk_015.v	3	0	139
1RB0LD_1RC0RC_1RD0RA_1LA1LD	nqh_1RB0LD_1RC0RC_1RD0RA_1LA1LD	theories/Machines/Bulk/Bulk_015.v	2	0	82
1RB0LD_1RC0RD_1LA0RA_0LA1LD	nqh_1RB0LD_1RC0RD_1LA0RA_0LA1LD	theories/Machines/Bulk/Bulk_015.v	2	0	75
1RB0LD_1RC0RD_1LA1LC_0LA1LA	nqh_1RB0LD_1RC0RD_1LA1LC_0LA1LA	theories/Machines/Bulk/Bulk_015.v	2	0	54
1RB0LD_1RC1LA_0LA0RA_1RB1LD	nqh_1RB0LD_1RC1LA_0LA0RA_1RB1LD	theories/Machines/Bulk/Bulk_015.v	2	0	73
1RB0LD_1RC1LA_0LA0RC_1LB1RD	nqh_1RB0LD_1RC1LA_0LA0RC_1LB1RD	theories/Machines/Bulk/Bulk_015.v	2	0	82
1RB0LD_1RC1LA_1LA1RC_1RD0RC	nqh_1RB0LD_1RC1LA_1LA1RC_1RD0RC	theories/Machines/Bulk/Bulk_015.v	2	0	52
1RB0LD_1RC1LA_1LD0RC_1RB1LB	nqh_1RB0LD_1RC1LA_1LD0RC_1RB1LB	theories/Machines/Bulk/Bulk_015.v	2	0	79
1RB0LD_1RC1LB_1RD0RC_1LA0RC	nqh_1RB0LD_1RC1LB_1RD0RC_1LA0RC	theories/Machines/Bulk/Bulk_015.v	3	0	141
1RB0LD_1RC1LB_1RD0RC_1LA1RD	nqh_1RB0LD_1RC1LB_1RD0RC_1LA1RD	theories/Machines/Bulk/Bulk_015.v	2	0	71
1RB0LD_1RC1LD_0LA0RC_1RA1LB	nqh_1RB0LD_1RC1LD_0LA0RC_1RA1LB	theories/Machines/Bulk/Bulk_015.v	2	0	80
1RB0LD_1RC1LD_1LA0RC_0LA1LD	nqh_1RB0LD_1RC1LD_1LA0RC_0LA1LD	theories/Machines/Bulk/Bulk_015.v	2	0	96
1RB0LD_1RC1RA_0LA0LD_1LA1LC	nqh_1RB0LD_1RC1RA_0LA0LD_1LA1LC	theories/Machines/Bulk/Bulk_015.v	2	0	36
1RB0LD_1RC1RA_0LA0RC_1LB1LD	nqh_1RB0LD_1RC1RA_0LA0RC_1LB1LD	theories/Machines/Bulk/Bulk_015.v	2	0	80
1RB0LD_1RC1RA_0LD0RB_0LB1LA	nqh_1RB0LD_1RC1RA_0LD0RB_0LB1LA	theories/Machines/Bulk/Bulk_015.v	2	0	50
1RB0LD_1RC1RA_0LD0RB_0RB1LA	nqh_1RB0LD_1RC1RA_0LD0RB_0RB1LA	theories/Machines/Bulk/Bulk_015.v	2	0	46
1RB0LD_1RC1RA_0LD0RB_1LB1LA	nqh_1RB0LD_1RC1RA_0LD0RB_1LB1LA	theories/Machines/Bulk/Bulk_015.v	2	0	55
1RB0LD_1RC1RA_0LD0RB_1RB1LA	nqh_1RB0LD_1RC1RA_0LD0RB_1RB1LA	theories/Machines/Bulk/Bulk_015.v	2	0	46
1RB0LD_1RC1RA_0LD0RC_0RB1LA	nqh_1RB0LD_1RC1RA_0LD0RC_0RB1LA	theories/Machines/Bulk/Bulk_015.v	2	0	51
1RB0LD_1RC1RA_1LA0LD_1LA1LC	nqh_1RB0LD_1RC1RA_1LA0LD_1LA1LC	theories/Machines/Bulk/Bulk_015.v	2	0	44
1RB0LD_1RC1RA_1LA0RA_0LA1LD	nqh_1RB0LD_1RC1RA_1LA0RA_0LA1LD	theories/Machines/Bulk/Bulk_015.v	2	0	80
1RB0LD_1RC1RA_1LA0RA_0RC0LC	nqh_1RB0LD_1RC1RA_1LA0RA_0RC0LC	theories/Machines/Bulk/Bulk_015.v	2	0	72
1RB0LD_1RC1RA_1LA0RB_1LA0RB	nqh_1RB0LD_1RC1RA_1LA0RB_1LA0RB	theories/Machines/Bulk/Bulk_015.v	2	0	75
1RB0LD_1RC1RA_1LA1RC_1LA0LC	nqh_1RB0LD_1RC1RA_1LA1RC_1LA0LC	theories/Machines/Bulk/Bulk_015.v	2	0	44
1RB0LD_1RC1RA_1LA1RD_1LA0LC	nqh_1RB0LD_1RC1RA_1LA1RD_1LA0LC	theories/Machines/Bulk/Bulk_015.v	2	0	51
1RB0LD_1RC1RA_1LB0RB_0LB1LA	nqh_1RB0LD_1RC1RA_1LB0RB_0LB1LA	theories/Machines/Bulk/Bulk_015.v	2	0	62
1RB0LD_1RC1RA_1LB0RB_0RB1LA	nqh_1RB0LD_1RC1RA_1LB0RB_0RB1LA	theories/Machines/Bulk/Bulk_016.v	2	0	58
1RB0LD_1RC1RA_1LB0RB_1LB1LA	nqh_1RB0LD_1RC1RA_1LB0RB_1LB1LA	theories/Machines/Bulk/Bulk_016.v	2	0	59
1RB0LD_1RC1RA_1LB0RB_1RB1LA	nqh_1RB0LD_1RC1RA_1LB0RB_1RB1LA	theories/Machines/Bulk/Bulk_016.v	2	0	58
1RB0LD_1RC1RA_1LD0RA_0RB1LA	nqh_1RB0LD_1RC1RA_1LD0RA_0RB1LA	theories/Machines/Bulk/Bulk_016.v	3	0	266
1RB0LD_1RC1RA_1LD0RA_1RB1LA	nqh_1RB0LD_1RC1RA_1LD0RA_1RB1LA	theories/Machines/Bulk/Bulk_016.v	3	0	180
1RB0LD_1RC1RA_1LD0RB_0RB1LA	nqh_1RB0LD_1RC1RA_1LD0RB_0RB1LA	theories/Machines/Bulk/Bulk_016.v	3	0	224
1RB0LD_1RC1RA_1LD0RB_1LB1LA	nqh_1RB0LD_1RC1RA_1LD0RB_1LB1LA	theories/Machines/Bulk/Bulk_016.v	3	0	235
1RB0LD_1RC1RA_1LD0RB_1RB1LA	nqh_1RB0LD_1RC1RA_1LD0RB_1RB1LA	theories/Machines/Bulk/Bulk_016.v	3	0	224
1RB0LD_1RC1RA_1LD0RD_1RB1LA	nqh_1RB0LD_1RC1RA_1LD0RD_1RB1LA	theories/Machines/Bulk/Bulk_016.v	3	0	178
1RB0LD_1RC1RA_1RD0RB_1LA0LC	nqh_1RB0LD_1RC1RA_1RD0RB_1LA0LC	theories/Machines/Bulk/Bulk_016.v	2	0	81
1RB0LD_1RC1RA_1RD0RC_1LA0RB	nqh_1RB0LD_1RC1RA_1RD0RC_1LA0RB	theories/Machines/Bulk/Bulk_016.v	2	0	101
1RB0LD_1RC1RB_0LA0RC_1LA1RD	nqh_1RB0LD_1RC1RB_0LA0RC_1LA1RD	theories/Machines/Bulk/Bulk_016.v	2	0	78
1RB0LD_1RC1RB_0LD1LC_0RA1LA	nqh_1RB0LD_1RC1RB_0LD1LC_0RA1LA	theories/Machines/Bulk/Bulk_016.v	2	0	38
1RB0LD_1RC1RB_0LD1LC_0RD1LA	nqh_1RB0LD_1RC1RB_0LD1LC_0RD1LA	theories/Machines/Bulk/Bulk_016.v	2	0	43
1RB0LD_1RC1RB_1LA0LA_1LC0RD	nqh_1RB0LD_1RC1RB_1LA0LA_1LC0RD	theories/Machines/Bulk/Bulk_016.v	2	0	49
1RB0LD_1RC1RB_1LA0RA_0LA1LD	nqh_1RB0LD_1RC1RB_1LA0RA_0LA1LD	theories/Machines/Bulk/Bulk_016.v	2	0	78
1RB0LD_1RC1RB_1LA0RA_1LA1LD	nqh_1RB0LD_1RC1RB_1LA0RA_1LA1LD	theories/Machines/Bulk/Bulk_016.v	2	0	71
1RB0LD_1RC1RB_1LA0RB_0LA1LC	nqh_1RB0LD_1RC1RB_1LA0RB_0LA1LC	theories/Machines/Bulk/Bulk_016.v	2	0	82
1RB0LD_1RC1RB_1LA0RB_1LB0LC	nqh_1RB0LD_1RC1RB_1LA0RB_1LB0LC	theories/Machines/Bulk/Bulk_016.v	2	0	69
1RB0LD_1RC1RB_1LA0RB_1RD1RC	nqh_1RB0LD_1RC1RB_1LA0RB_1RD1RC	theories/Machines/Bulk/Bulk_016.v	3	0	87
1RB0LD_1RC1RB_1LA1LC_0LA1LA	nqh_1RB0LD_1RC1RB_1LA1LC_0LA1LA	theories/Machines/Bulk/Bulk_016.v	2	0	38
1RB0LD_1RC1RB_1LA1LC_0RC1LA	nqh_1RB0LD_1RC1RB_1LA1LC_0RC1LA	theories/Machines/Bulk/Bulk_016.v	2	0	39
1RB0LD_1RC1RB_1LA1LC_1LC1LA	nqh_1RB0LD_1RC1RB_1LA1LC_1LC1LA	theories/Machines/Bulk/Bulk_016.v	2	0	39
1RB0LD_1RC1RB_1LA1LC_1RA1LA	nqh_1RB0LD_1RC1RB_1LA1LC_1RA1LA	theories/Machines/Bulk/Bulk_016.v	2	0	40
1RB0LD_1RC1RB_1LA1LC_1RB1LA	nqh_1RB0LD_1RC1RB_1LA1LC_1RB1LA	theories/Machines/Bulk/Bulk_016.v	2	0	40
1RB0LD_1RC1RB_1LC0RA_1LA1LD	nqh_1RB0LD_1RC1RB_1LC0RA_1LA1LD	theories/Machines/Bulk/Bulk_016.v	2	0	73
1RB0LD_1RC1RB_1LD1LC_0LB1LA	nqh_1RB0LD_1RC1RB_1LD1LC_0LB1LA	theories/Machines/Bulk/Bulk_016.v	2	0	52
1RB0LD_1RC1RB_1LD1LC_0RA1LA	nqh_1RB0LD_1RC1RB_1LD1LC_0RA1LA	theories/Machines/Bulk/Bulk_016.v	2	0	44
1RB0LD_1RC1RB_1LD1LC_0RB1LA	nqh_1RB0LD_1RC1RB_1LD1LC_0RB1LA	theories/Machines/Bulk/Bulk_016.v	2	0	50
1RB0LD_1RC1RB_1LD1LC_1LA1LA	nqh_1RB0LD_1RC1RB_1LD1LC_1LA1LA	theories/Machines/Bulk/Bulk_016.v	2	0	44
1RB0LD_1RC1RB_1LD1LC_1RB1LA	nqh_1RB0LD_1RC1RB_1LD1LC_1RB1LA	theories/Machines/Bulk/Bulk_016.v	2	0	45
1RB0LD_1RC1RB_1RD0RA_1LA1LD	nqh_1RB0LD_1RC1RB_1RD0RA_1LA1LD	theories/Machines/Bulk/Bulk_016.v	2	0	72
1RB0LD_1RC1RB_1RD1LB_1LA0RC	nqh_1RB0LD_1RC1RB_1RD1LB_1LA0RC	theories/Machines/Bulk/Bulk_016.v	3	0	69
1RB0LD_1RC1RB_1RD1RB_1LA0RC	nqh_1RB0LD_1RC1RB_1RD1RB_1LA0RC	theories/Machines/Bulk/Bulk_016.v	3	0	64
1RB0LD_1RC1RC_1RD0RC_1LA0RB	nqh_1RB0LD_1RC1RC_1RD0RC_1LA0RB	theories/Machines/Bulk/Bulk_016.v	2	0	77
1RB0LD_1RC1RD_0LD0RB_1RB1LA	nqh_1RB0LD_1RC1RD_0LD0RB_1RB1LA	theories/Machines/Bulk/Bulk_016.v	2	0	46
1RB0LD_1RC1RD_1LA0RA_1RA0LC	nqh_1RB0LD_1RC1RD_1LA0RA_1RA0LC	theories/Machines/Bulk/Bulk_016.v	2	0	71
1RB0LD_1RC1RD_1LD0LD_0RB1LA	nqh_1RB0LD_1RC1RD_1LD0LD_0RB1LA	theories/Machines/Bulk/Bulk_016.v	2	0	75
1RB0RA_0LC0RA_0LD1LC_1RA0LD	nqh_1RB0RA_0LC0RA_0LD1LC_1RA0LD	theories/Machines/Bulk/Bulk_016.v	2	0	80
1RB0RA_0LC0RA_0LD1LC_1RA0RB	nqh_1RB0RA_0LC0RA_0LD1LC_1RA0RB	theories/Machines/Bulk/Bulk_016.v	2	0	96
1RB0RA_0LC0RA_0LD1LC_1RA1LC	nqh_1RB0RA_0LC0RA_0LD1LC_1RA1LC	theories/Machines/Bulk/Bulk_016.v	2	0	60
1RB0RA_0LC0RA_0LD1LC_1RA1RB	nqh_1RB0RA_0LC0RA_0LD1LC_1RA1RB	theories/Machines/Bulk/Bulk_016.v	2	0	64
1RB0RA_0LC0RA_1LD1RC_1RA1LB	nqh_1RB0RA_0LC0RA_1LD1RC_1RA1LB	theories/Machines/Bulk/Bulk_016.v	2	0	61
1RB0RA_0LC0RA_1LD1RC_1RB1LB	nqh_1RB0RA_0LC0RA_1LD1RC_1RB1LB	theories/Machines/Bulk/Bulk_016.v	2	0	59
1RB0RA_0LC0RA_1RA1LD_0LC1LC	nqh_1RB0RA_0LC0RA_1RA1LD_0LC1LC	theories/Machines/Bulk/Bulk_016.v	2	0	70
1RB0RA_0LC0RA_1RA1LD_0LC1LD	nqh_1RB0RA_0LC0RA_1RA1LD_0LC1LD	theories/Machines/Bulk/Bulk_016.v	2	0	58
1RB0RA_0LC0RA_1RA1LD_1LB0LA	nqh_1RB0RA_0LC0RA_1RA1LD_1LB0LA	theories/Machines/Bulk/Bulk_016.v	2	0	60
1RB0RA_0LC0RA_1RA1LD_1LB0LC	nqh_1RB0RA_0LC0RA_1RA1LD_1LB0LC	theories/Machines/Bulk/Bulk_016.v	2	0	55
1RB0RA_0LC0RA_1RA1LD_1LB0LD	nqh_1RB0RA_0LC0RA_1RA1LD_1LB0LD	theories/Machines/Bulk/Bulk_016.v	2	0	76
1RB0RA_0LC0RB_1RA0LD_1LC1LD	nqh_1RB0RA_0LC0RB_1RA0LD_1LC1LD	theories/Machines/Bulk/Bulk_016.v	2	0	128
1RB0RA_0LC0RC_0LD1LC_1RA0LA	nqh_1RB0RA_0LC0RC_0LD1LC_1RA0LA	theories/Machines/Bulk/Bulk_017.v	2	0	63
1RB0RA_0LC0RD_1RA0LD_1LC1RD	nqh_1RB0RA_0LC0RD_1RA0LD_1LC1RD	theories/Machines/Bulk/Bulk_017.v	2	0	75
1RB0RA_0LC0RD_1RD1LC_1RA1LB	nqh_1RB0RA_0LC0RD_1RD1LC_1RA1LB	theories/Machines/Bulk/Bulk_017.v	2	0	104
1RB0RA_0LC0RD_1RD1LD_1LC0LA	nqh_1RB0RA_0LC0RD_1RD1LD_1LC0LA	theories/Machines/Bulk/Bulk_017.v	2	0	57
1RB0RA_0LC1LD_0LD1LC_1RA0RB	nqh_1RB0RA_0LC1LD_0LD1LC_1RA0RB	theories/Machines/Bulk/Bulk_017.v	2	0	128
1RB0RA_0LC1LD_1RA1LB_1LB1RA	nqh_1RB0RA_0LC1LD_1RA1LB_1LB1RA	theories/Machines/Bulk/Bulk_017.v	2	0	72
1RB0RA_0LC1LD_1RA1LB_1LC1RA	nqh_1RB0RA_0LC1LD_1RA1LB_1LC1RA	theories/Machines/Bulk/Bulk_017.v	2	0	80
1RB0RA_0LC1LD_1RA1LD_1LB1RA	nqh_1RB0RA_0LC1LD_1RA1LD_1LB1RA	theories/Machines/Bulk/Bulk_017.v	2	0	71
1RB0RA_0LC1LD_1RC1LD_1LB1RA	nqh_1RB0RA_0LC1LD_1RC1LD_1LB1RA	theories/Machines/Bulk/Bulk_017.v	2	0	71
1RB0RA_0LC1RA_0LD1LC_1LA0LB	nqh_1RB0RA_0LC1RA_0LD1LC_1LA0LB	theories/Machines/Bulk/Bulk_017.v	2	0	92
1RB0RA_0LC1RA_0LD1LC_1LA1LC	nqh_1RB0RA_0LC1RA_0LD1LC_1LA1LC	theories/Machines/Bulk/Bulk_017.v	2	0	74
1RB0RA_0LC1RA_0LD1LC_1LA1RB	nqh_1RB0RA_0LC1RA_0LD1LC_1LA1RB	theories/Machines/Bulk/Bulk_017.v	2	0	74
1RB0RA_0LC1RA_0LD1LC_1RA0LA	nqh_1RB0RA_0LC1RA_0LD1LC_1RA0LA	theories/Machines/Bulk/Bulk_017.v	2	0	76
1RB0RA_0LC1RA_0LD1LC_1RA0LB	nqh_1RB0RA_0LC1RA_0LD1LC_1RA0LB	theories/Machines/Bulk/Bulk_017.v	2	0	92
1RB0RA_0LC1RA_0LD1LC_1RA1LC	nqh_1RB0RA_0LC1RA_0LD1LC_1RA1LC	theories/Machines/Bulk/Bulk_017.v	2	0	74
1RB0RA_0LC1RA_0LD1LC_1RA1RB	nqh_1RB0RA_0LC1RA_0LD1LC_1RA1RB	theories/Machines/Bulk/Bulk_017.v	2	0	74
1RB0RA_0LC1RA_0RB0LD_1LC1RD	nqh_1RB0RA_0LC1RA_0RB0LD_1LC1RD	theories/Machines/Bulk/Bulk_017.v	2	0	88
1RB0RA_0LC1RA_0RD1LC_1LA0LB	nqh_1RB0RA_0LC1RA_0RD1LC_1LA0LB	theories/Machines/Bulk/Bulk_017.v	2	0	85
1RB0RA_0LC1RA_1LA1LD_0LC1LD	nqh_1RB0RA_0LC1RA_1LA1LD_0LC1LD	theories/Machines/Bulk/Bulk_017.v	2	0	70
1RB0RA_0LC1RA_1LA1LD_1LB1LD	nqh_1RB0RA_0LC1RA_1LA1LD_1LB1LD	theories/Machines/Bulk/Bulk_017.v	2	0	75
1RB0RA_0LC1RA_1LD1LC_0RB0LC	nqh_1RB0RA_0LC1RA_1LD1LC_0RB0LC	theories/Machines/Bulk/Bulk_017.v	2	0	100
1RB0RA_0LC1RA_1LD1LC_0RB0LD	nqh_1RB0RA_0LC1RA_1LD1LC_0RB0LD	theories/Machines/Bulk/Bulk_017.v	2	0	128
1RB0RA_0LC1RA_1RA0LD_1LC1LD	nqh_1RB0RA_0LC1RA_1RA0LD_1LC1LD	theories/Machines/Bulk/Bulk_017.v	2	0	100
1RB0RA_0LC1RA_1RA0LD_1LC1RD	nqh_1RB0RA_0LC1RA_1RA0LD_1LC1RD	theories/Machines/Bulk/Bulk_017.v	2	0	82
1RB0RA_0LC1RA_1RA1LD_0LC1LD	nqh_1RB0RA_0LC1RA_1RA1LD_0LC1LD	theories/Machines/Bulk/Bulk_017.v	2	0	70
1RB0RA_0LC1RA_1RA1LD_1LB1LD	nqh_1RB0RA_0LC1RA_1RA1LD_1LB1LD	theories/Machines/Bulk/Bulk_017.v	2	0	76
1RB0RA_0LC1RA_1RB0LD_1LC1RD	nqh_1RB0RA_0LC1RA_1RB0LD_1LC1RD	theories/Machines/Bulk/Bulk_017.v	2	0	80
1RB0RA_0LC1RC_0RA1LD_1LA0LD	nqh_1RB0RA_0LC1RC_0RA1LD_1LA0LD	theories/Machines/Bulk/Bulk_017.v	2	0	60
1RB0RA_0LC1RD_1LA1LB_1RA1LC	nqh_1RB0RA_0LC1RD_1LA1LB_1RA1LC	theories/Machines/Bulk/Bulk_017.v	2	0	82
1RB0RA_0RC0LD_1LD1RA_1LB0LD	nqh_1RB0RA_0RC0LD_1LD1RA_1LB0LD	theories/Machines/Bulk/Bulk_017.v	2	0	76
1RB0RA_0RC1RC_1LD1RB_0LA0LB	nqh_1RB0RA_0RC1RC_1LD1RB_0LA0LB	theories/Machines/Bulk/Bulk_017.v	2	0	61
1RB0RA_0RC1RC_1LD1RB_0LA1LD	nqh_1RB0RA_0RC1RC_1LD1RB_0LA1LD	theories/Machines/Bulk/Bulk_017.v	2	0	45
1RB0RA_1LB0LC_1RD1LC_0RB0LA	nqh_1RB0RA_1LB0LC_1RD1LC_0RB0LA	theories/Machines/Bulk/Bulk_017.v	3	0	133
1RB0RA_1LB1RC_1RA1LD_1LC0LD	nqh_1RB0RA_1LB1RC_1RA1LD_1LC0LD	theories/Machines/Bulk/Bulk_017.v	2	0	98
1RB0RA_1LC0LB_0RD1LD_0LB1RA	nqh_1RB0RA_1LC0LB_0RD1LD_0LB1RA	theories/Machines/Bulk/Bulk_017.v	2	0	60
1RB0RA_1LC0LB_1LD1RC_1RA1LB	nqh_1RB0RA_1LC0LB_1LD1RC_1RA1LB	theories/Machines/Bulk/Bulk_017.v	3	0	265
1RB0RA_1LC0LC_0LD0RD_1RA1LB	nqh_1RB0RA_1LC0LC_0LD0RD_1RA1LB	theories/Machines/Bulk/Bulk_017.v	2	0	98
1RB0RA_1LC0RA_1LD0LB_1RA0LA	nqh_1RB0RA_1LC0RA_1LD0LB_1RA0LA	theories/Machines/Bulk/Bulk_017.v	3	0	159
1RB0RA_1LC0RA_1LD0LB_1RA1LB	nqh_1RB0RA_1LC0RA_1LD0LB_1RA1LB	theories/Machines/Bulk/Bulk_017.v	3	0	189
1RB0RA_1LC0RA_1LD0LB_1RA1LC	nqh_1RB0RA_1LC0RA_1LD0LB_1RA1LC	theories/Machines/Bulk/Bulk_017.v	3	0	175
1RB0RA_1LC0RA_1LD0LB_1RA1LD	nqh_1RB0RA_1LC0RA_1LD0LB_1RA1LD	theories/Machines/Bulk/Bulk_017.v	3	0	123
1RB0RA_1LC0RA_1LD0LB_1RB0LA	nqh_1RB0RA_1LC0RA_1LD0LB_1RB0LA	theories/Machines/Bulk/Bulk_017.v	3	0	155
1RB0RA_1LC0RA_1LD0LB_1RB0LD	nqh_1RB0RA_1LC0RA_1LD0LB_1RB0LD	theories/Machines/Bulk/Bulk_017.v	3	0	224
1RB0RA_1LC0RA_1LD0LB_1RB1LB	nqh_1RB0RA_1LC0RA_1LD0LB_1RB1LB	theories/Machines/Bulk/Bulk_017.v	3	0	179
1RB0RA_1LC0RA_1LD0LB_1RB1LC	nqh_1RB0RA_1LC0RA_1LD0LB_1RB1LC	theories/Machines/Bulk/Bulk_017.v	3	0	167
1RB0RA_1LC0RA_1LD0LB_1RB1LD	nqh_1RB0RA_1LC0RA_1LD0LB_1RB1LD	theories/Machines/Bulk/Bulk_017.v	3	0	123
1RB0RA_1LC0RA_1LD0LC_1RA0LA	nqh_1RB0RA_1LC0RA_1LD0LC_1RA0LA	theories/Machines/Bulk/Bulk_017.v	2	0	62
1RB0RA_1LC0RA_1LD0LC_1RB0LA	nqh_1RB0RA_1LC0RA_1LD0LC_1RB0LA	theories/Machines/Bulk/Bulk_017.v	2	0	62
1RB0RA_1LC0RA_1LD0LC_1RB0LD	nqh_1RB0RA_1LC0RA_1LD0LC_1RB0LD	theories/Machines/Bulk/Bulk_017.v	2	0	78
1RB0RA_1LC0RA_1RD0LB_1RA1LD	nqh_1RB0RA_1LC0RA_1RD0LB_1RA1LD	theories/Machines/Bulk/Bulk_017.v	3	0	135
1RB0RA_1LC0RA_1RD0LB_1RB1LD	nqh_1RB0RA_1LC0RA_1RD0LB_1RB1LD	theories/Machines/Bulk/Bulk_018.v	3	0	135
1RB0RA_1LC0RB_1RA0LD_1LC0LC	nqh_1RB0RA_1LC0RB_1RA0LD_1LC0LC	theories/Machines/Bulk/Bulk_018.v	2	0	96
1RB0RA_1LC0RB_1RA0LD_1LC0LD	nqh_1RB0RA_1LC0RB_1RA0LD_1LC0LD	theories/Machines/Bulk/Bulk_018.v	2	0	78
1RB0RA_1LC0RC_1LD0LC_1RA0LC	nqh_1RB0RA_1LC0RC_1LD0LC_1RA0LC	theories/Machines/Bulk/Bulk_018.v	2	0	62
1RB0RA_1LC0RC_1RA0LD_1LC1LA	nqh_1RB0RA_1LC0RC_1RA0LD_1LC1LA	theories/Machines/Bulk/Bulk_018.v	2	0	71
1RB0RA_1LC0RD_0LD0LB_1RA0RD	nqh_1RB0RA_1LC0RD_0LD0LB_1RA0RD	theories/Machines/Bulk/Bulk_018.v	2	0	78
1RB0RA_1LC0RD_0LD0LB_1RA1LA	nqh_1RB0RA_1LC0RD_0LD0LB_1RA1LA	theories/Machines/Bulk/Bulk_018.v	2	0	75
1RB0RA_1LC0RD_0LD1LB_1RA0LB	nqh_1RB0RA_1LC0RD_0LD1LB_1RA0LB	theories/Machines/Bulk/Bulk_018.v	2	0	85
1RB0RA_1LC0RD_1LA0LB_1RA1LA	nqh_1RB0RA_1LC0RD_1LA0LB_1RA1LA	theories/Machines/Bulk/Bulk_018.v	3	0	114
1RB0RA_1LC0RD_1LD0LB_1RA1RC	nqh_1RB0RA_1LC0RD_1LD0LB_1RA1RC	theories/Machines/Bulk/Bulk_018.v	2	0	83
1RB0RA_1LC0RD_1LD0LC_1RA0LB	nqh_1RB0RA_1LC0RD_1LD0LC_1RA0LB	theories/Machines/Bulk/Bulk_018.v	2	0	96
1RB0RA_1LC0RD_1RA0LD_1LC0LD	nqh_1RB0RA_1LC0RD_1RA0LD_1LC0LD	theories/Machines/Bulk/Bulk_018.v	2	0	62
1RB0RA_1LC0RD_1RD0LB_1RA1RA	nqh_1RB0RA_1LC0RD_1RD0LB_1RA1RA	theories/Machines/Bulk/Bulk_018.v	2	0	74
1RB0RA_1LC0RD_1RD0LB_1RA1RC	nqh_1RB0RA_1LC0RD_1RD0LB_1RA1RC	theories/Machines/Bulk/Bulk_018.v	2	0	98
1RB0RA_1LC1LB_1RA0LD_0LC1LA	nqh_1RB0RA_1LC1LB_1RA0LD_0LC1LA	theories/Machines/Bulk/Bulk_018.v	3	0	284
1RB0RA_1LC1LD_0RD0LB_1LB1RA	nqh_1RB0RA_1LC1LD_0RD0LB_1LB1RA	theories/Machines/Bulk/Bulk_018.v	2	0	88
1RB0RA_1LC1RA_0LD1LC_1LA1LC	nqh_1RB0RA_1LC1RA_0LD1LC_1LA1LC	theories/Machines/Bulk/Bulk_018.v	2	0	66
1RB0RA_1LC1RA_0LD1LC_1RA1LC	nqh_1RB0RA_1LC1RA_0LD1LC_1RA1LC	theories/Machines/Bulk/Bulk_018.v	2	0	66
1RB0RA_1LC1RA_0RD0LD_1LB1RB	nqh_1RB0RA_1LC1RA_0RD0LD_1LB1RB	theories/Machines/Bulk/Bulk_018.v	2	0	70
1RB0RA_1LC1RA_1LA1LD_0LC1LD	nqh_1RB0RA_1LC1RA_1LA1LD_0LC1LD	theories/Machines/Bulk/Bulk_018.v	2	0	74
1RB0RA_1LC1RA_1LD0LC_1LA1LC	nqh_1RB0RA_1LC1RA_1LD0LC_1LA1LC	theories/Machines/Bulk/Bulk_018.v	2	0	86
1RB0RA_1LC1RA_1LD0LC_1LA1LD	nqh_1RB0RA_1LC1RA_1LD0LC_1LA1LD	theories/Machines/Bulk/Bulk_018.v	2	0	82
1RB0RA_1LC1RA_1LD0LC_1RA1LB	nqh_1RB0RA_1LC1RA_1LD0LC_1RA1LB	theories/Machines/Bulk/Bulk_018.v	2	0	92
1RB0RA_1LC1RA_1LD0LC_1RA1LC	nqh_1RB0RA_1LC1RA_1LD0LC_1RA1LC	theories/Machines/Bulk/Bulk_018.v	2	0	88
1RB0RA_1LC1RA_1LD0LC_1RA1LD	nqh_1RB0RA_1LC1RA_1LD0LC_1RA1LD	theories/Machines/Bulk/Bulk_018.v	2	0	84
1RB0RA_1LC1RA_1LD0LC_1RD1LB	nqh_1RB0RA_1LC1RA_1LD0LC_1RD1LB	theories/Machines/Bulk/Bulk_018.v	2	0	98
1RB0RA_1LC1RA_1LD0LD_1RA1LC	nqh_1RB0RA_1LC1RA_1LD0LD_1RA1LC	theories/Machines/Bulk/Bulk_018.v	2	0	76
1RB0RA_1LC1RA_1LD1RC_0RB0LC	nqh_1RB0RA_1LC1RA_1LD1RC_0RB0LC	theories/Machines/Bulk/Bulk_018.v	2	0	83
1RB0RA_1LC1RA_1LD1RC_1RA0LC	nqh_1RB0RA_1LC1RA_1LD1RC_1RA0LC	theories/Machines/Bulk/Bulk_018.v	2	0	77
1RB0RA_1LC1RA_1LD1RC_1RB0LC	nqh_1RB0RA_1LC1RA_1LD1RC_1RB0LC	theories/Machines/Bulk/Bulk_018.v	2	0	75
1RB0RA_1LC1RA_1RA0LD_1LB0LB	nqh_1RB0RA_1LC1RA_1RA0LD_1LB0LB	theories/Machines/Bulk/Bulk_018.v	2	0	78
1RB0RA_1LC1RA_1RA1LD_0LC1LD	nqh_1RB0RA_1LC1RA_1RA1LD_0LC1LD	theories/Machines/Bulk/Bulk_018.v	2	0	74
1RB0RA_1LC1RA_1RA1LD_0RD0LC	nqh_1RB0RA_1LC1RA_1RA1LD_0RD0LC	theories/Machines/Bulk/Bulk_018.v	2	0	84
1RB0RA_1LC1RA_1RD0LD_1LB1RB	nqh_1RB0RA_1LC1RA_1RD0LD_1LB1RB	theories/Machines/Bulk/Bulk_018.v	2	0	70
1RB0RA_1LC1RB_1LD0LB_1RA1LB	nqh_1RB0RA_1LC1RB_1LD0LB_1RA1LB	theories/Machines/Bulk/Bulk_018.v	3	0	208
1RB0RA_1LC1RB_1LD0LB_1RA1LC	nqh_1RB0RA_1LC1RB_1LD0LB_1RA1LC	theories/Machines/Bulk/Bulk_018.v	2	0	60
1RB0RA_1LC1RB_1LD0LB_1RA1LD	nqh_1RB0RA_1LC1RB_1LD0LB_1RA1LD	theories/Machines/Bulk/Bulk_018.v	2	0	56
1RB0RA_1LC1RB_1LD0LC_1RA1LB	nqh_1RB0RA_1LC1RB_1LD0LC_1RA1LB	theories/Machines/Bulk/Bulk_018.v	3	0	304
1RB0RA_1LC1RB_1LD0LC_1RA1LC	nqh_1RB0RA_1LC1RB_1LD0LC_1RA1LC	theories/Machines/Bulk/Bulk_018.v	2	0	84
1RB0RA_1LC1RB_1LD0LC_1RA1LD	nqh_1RB0RA_1LC1RB_1LD0LC_1RA1LD	theories/Machines/Bulk/Bulk_018.v	2	0	80
1RB0RA_1LC1RB_1RD0LB_1RA1LD	nqh_1RB0RA_1LC1RB_1RD0LB_1RA1LD	theories/Machines/Bulk/Bulk_018.v	2	0	64
1RB0RA_1LC1RC_0LD0LB_1RA0RD	nqh_1RB0RA_1LC1RC_0LD0LB_1RA0RD	theories/Machines/Bulk/Bulk_018.v	2	0	79
1RB0RA_1LC1RD_0RD0LB_1LC1RA	nqh_1RB0RA_1LC1RD_0RD0LB_1LC1RA	theories/Machines/Bulk/Bulk_018.v	2	0	74
1RB0RA_1LC1RD_1LA0LB_0LA0RC	nqh_1RB0RA_1LC1RD_1LA0LB_0LA0RC	theories/Machines/Bulk/Bulk_018.v	3	0	116
1RB0RA_1LC1RD_1LD0LC_1RA1LC	nqh_1RB0RA_1LC1RD_1LD0LC_1RA1LC	theories/Machines/Bulk/Bulk_018.v	2	0	92
1RB0RA_1LC1RD_1LD0LC_1RA1LD	nqh_1RB0RA_1LC1RD_1LD0LC_1RA1LD	theories/Machines/Bulk/Bulk_018.v	3	0	304
1RB0RA_1LC1RD_1RD0LB_0LA1RC	nqh_1RB0RA_1LC1RD_1RD0LB_0LA1RC	theories/Machines/Bulk/Bulk_018.v	2	0	56
1RB0RA_1RC0RB_1LD0RA_0LA0LC	nqh_1RB0RA_1RC0RB_1LD0RA_0LA0LC	theories/Machines/Bulk/Bulk_018.v	2	0	78
1RB0RA_1RC0RB_1LD1RD_0LA0LC	nqh_1RB0RA_1RC0RB_1LD1RD_0LA0LC	theories/Machines/Bulk/Bulk_018.v	2	0	80
1RB0RA_1RC0RD_1LD1LC_1RA0LC	nqh_1RB0RA_1RC0RD_1LD1LC_1RA0LC	theories/Machines/Bulk/Bulk_018.v	2	0	91
1RB0RA_1RC1LB_1LD1RA_1LA0LD	nqh_1RB0RA_1RC1LB_1LD1RA_1LA0LD	theories/Machines/Bulk/Bulk_019.v	3	0	265
1RB0RA_1RC1RA_0LD1LC_1LA1LC	nqh_1RB0RA_1RC1RA_0LD1LC_1LA1LC	theories/Machines/Bulk/Bulk_019.v	2	0	72
1RB0RA_1RC1RA_0LD1LC_1RA1LC	nqh_1RB0RA_1RC1RA_0LD1LC_1RA1LC	theories/Machines/Bulk/Bulk_019.v	2	0	72
1RB0RA_1RC1RA_1LD0LC_1RA1LC	nqh_1RB0RA_1RC1RA_1LD0LC_1RA1LC	theories/Machines/Bulk/Bulk_019.v	2	0	86
1RB0RA_1RC1RA_1LD0RB_0RA0LC	nqh_1RB0RA_1RC1RA_1LD0RB_0RA0LC	theories/Machines/Bulk/Bulk_019.v	3	0	73
1RB0RA_1RC1RA_1LD0RB_1LA0LC	nqh_1RB0RA_1RC1RA_1LD0RB_1LA0LC	theories/Machines/Bulk/Bulk_019.v	3	0	113
1RB0RA_1RC1RA_1LD0RB_1RA0LC	nqh_1RB0RA_1RC1RA_1LD0RB_1RA0LC	theories/Machines/Bulk/Bulk_019.v	3	0	73
1RB0RA_1RC1RA_1LD1RC_0RB0LC	nqh_1RB0RA_1RC1RA_1LD1RC_0RB0LC	theories/Machines/Bulk/Bulk_019.v	2	0	76
1RB0RA_1RC1RA_1LD1RC_1RA0LC	nqh_1RB0RA_1RC1RA_1LD1RC_1RA0LC	theories/Machines/Bulk/Bulk_019.v	2	0	70
1RB0RA_1RC1RA_1LD1RC_1RB0LC	nqh_1RB0RA_1RC1RA_1LD1RC_1RB0LC	theories/Machines/Bulk/Bulk_019.v	2	0	68
1RB0RA_1RC1RB_1LD0LC_1RA1LC	nqh_1RB0RA_1RC1RB_1LD0LC_1RA1LC	theories/Machines/Bulk/Bulk_019.v	2	0	82
1RB0RA_1RC1RD_1LD1LD_1RA0LC	nqh_1RB0RA_1RC1RD_1LD1LD_1RA0LC	theories/Machines/Bulk/Bulk_019.v	2	0	72
1RB0RB_0LB0RC_0LD1RA_1RC1LD	nqh_1RB0RB_0LB0RC_0LD1RA_1RC1LD	theories/Machines/Bulk/Bulk_019.v	2	0	55
1RB0RB_0LC0LD_1RD1LC_0RA1LB	nqh_1RB0RB_0LC0LD_1RD1LC_0RA1LB	theories/Machines/Bulk/Bulk_019.v	2	0	85
1RB0RB_0LC0RA_1RA0LD_1LC1RD	nqh_1RB0RB_0LC0RA_1RA0LD_1LC1RD	theories/Machines/Bulk/Bulk_019.v	2	0	104
1RB0RB_0LC0RA_1RA1LD_0LC1LC	nqh_1RB0RB_0LC0RA_1RA1LD_0LC1LC	theories/Machines/Bulk/Bulk_019.v	2	0	92
1RB0RB_0LC0RB_1RA0LD_1LC1RD	nqh_1RB0RB_0LC0RB_1RA0LD_1LC1RD	theories/Machines/Bulk/Bulk_019.v	2	0	85
1RB0RB_0LC0RD_1RA1LC_1LD0LC	nqh_1RB0RB_0LC0RD_1RA1LC_1LD0LC	theories/Machines/Bulk/Bulk_019.v	3	0	188
1RB0RB_0LC1LD_1RA1LC_0LC0RD	nqh_1RB0RB_0LC1LD_1RA1LC_0LC0RD	theories/Machines/Bulk/Bulk_019.v	2	0	87
1RB0RB_0LC1RA_1LA1RD_1LC1LD	nqh_1RB0RB_0LC1RA_1LA1RD_1LC1LD	theories/Machines/Bulk/Bulk_019.v	2	0	63
1RB0RB_0LC1RA_1LD1LC_0RA0LD	nqh_1RB0RB_0LC1RA_1LD1LC_0RA0LD	theories/Machines/Bulk/Bulk_019.v	2	0	112
1RB0RB_0LC1RA_1LD1LC_1LA1LB	nqh_1RB0RB_0LC1RA_1LD1LC_1LA1LB	theories/Machines/Bulk/Bulk_019.v	2	0	91
1RB0RB_0LC1RA_1LD1LC_1RB1LB	nqh_1RB0RB_0LC1RA_1LD1LC_1RB1LB	theories/Machines/Bulk/Bulk_019.v	2	0	88
1RB0RB_0LC1RA_1LD1LC_1RB1RD	nqh_1RB0RB_0LC1RA_1LD1LC_1RB1RD	theories/Machines/Bulk/Bulk_019.v	2	0	55
1RB0RB_0LC1RD_1LA1LB_1LC0RB	nqh_1RB0RB_0LC1RD_1LA1LB_1LC0RB	theories/Machines/Bulk/Bulk_019.v	2	0	73
1RB0RB_0RC0LC_1LD1RA_1LA0LD	nqh_1RB0RB_0RC0LC_1LD1RA_1LA0LD	theories/Machines/Bulk/Bulk_019.v	2	0	101
1RB0RB_0RC0LC_1LD1RA_1LA1LD	nqh_1RB0RB_0RC0LC_1LD1RA_1LA1LD	theories/Machines/Bulk/Bulk_019.v	2	0	80
1RB0RB_1LA1RC_1LD1RB_1LA1LD	nqh_1RB0RB_1LA1RC_1LD1RB_1LA1LD	theories/Machines/Bulk/Bulk_019.v	2	0	46
1RB0RB_1LB0LC_1RC0RD_0LA1RD	nqh_1RB0RB_1LB0LC_1RC0RD_0LA1RD	theories/Machines/Bulk/Bulk_019.v	3	0	107
1RB0RB_1LB0LC_1RD1LC_0RB1LA	nqh_1RB0RB_1LB0LC_1RD1LC_0RB1LA	theories/Machines/Bulk/Bulk_019.v	3	0	94
1RB0RB_1LB0LC_1RD1LC_1LC0RA	nqh_1RB0RB_1LB0LC_1RD1LC_1LC0RA	theories/Machines/Bulk/Bulk_019.v	3	0	195
1RB0RB_1LB0LC_1RD1LC_1RA0RA	nqh_1RB0RB_1LB0LC_1RD1LC_1RA0RA	theories/Machines/Bulk/Bulk_019.v	3	0	282
1RB0RB_1LB1LC_0RD0LD_1RA1LD	nqh_1RB0RB_1LB1LC_0RD0LD_1RA1LD	theories/Machines/Bulk/Bulk_019.v	2	0	62
1RB0RB_1LB1LC_1RA0LD_1LC1LD	nqh_1RB0RB_1LB1LC_1RA0LD_1LC1LD	theories/Machines/Bulk/Bulk_019.v	3	0	88
1RB0RB_1LB1LC_1RA0LD_1RA1LD	nqh_1RB0RB_1LB1LC_1RA0LD_1RA1LD	theories/Machines/Bulk/Bulk_019.v	3	0	92
1RB0RB_1LC0LD_0RD0LC_1LB1RA	nqh_1RB0RB_1LC0LD_0RD0LC_1LB1RA	theories/Machines/Bulk/Bulk_019.v	2	0	90
1RB0RB_1LC0LD_1RD0LB_0RA1RC	nqh_1RB0RB_1LC0LD_1RD0LB_0RA1RC	theories/Machines/Bulk/Bulk_019.v	5	0	254
1RB0RB_1LC0LD_1RD0LB_0RA1RD	nqh_1RB0RB_1LC0LD_1RD0LB_0RA1RD	theories/Machines/Bulk/Bulk_019.v	2	0	68
1RB0RB_1LC0LD_1RD1LC_0RA1RA	nqh_1RB0RB_1LC0LD_1RD1LC_0RA1RA	theories/Machines/Bulk/Bulk_019.v	2	0	55
1RB0RB_1LC0RA_1LD0LB_1RA1LC	nqh_1RB0RB_1LC0RA_1LD0LB_1RA1LC	theories/Machines/Bulk/Bulk_019.v	3	0	206
1RB0RB_1LC0RA_1LD0LB_1RA1RD	nqh_1RB0RB_1LC0RA_1LD0LB_1RA1RD	theories/Machines/Bulk/Bulk_019.v	3	0	109
1RB0RB_1LC0RA_1LD0LC_1RB0LD	nqh_1RB0RB_1LC0RA_1LD0LC_1RB0LD	theories/Machines/Bulk/Bulk_019.v	2	0	96
1RB0RB_1LC0RC_0LD0LD_1RA1LD	nqh_1RB0RB_1LC0RC_0LD0LD_1RA1LD	theories/Machines/Bulk/Bulk_019.v	2	0	87
1RB0RB_1LC0RC_0LD1LC_1RA0LA	nqh_1RB0RB_1LC0RC_0LD1LC_1RA0LA	theories/Machines/Bulk/Bulk_019.v	2	0	52
1RB0RB_1LC0RC_1LC0LD_1RA1LD	nqh_1RB0RB_1LC0RC_1LC0LD_1RA1LD	theories/Machines/Bulk/Bulk_019.v	3	0	208
1RB0RB_1LC0RD_1LA1LC_1RA0LD	nqh_1RB0RB_1LC0RD_1LA1LC_1RA0LD	theories/Machines/Bulk/Bulk_019.v	2	0	50
1RB0RB_1LC0RD_1RA0LB_0LA0RA	nqh_1RB0RB_1LC0RD_1RA0LB_0LA0RA	theories/Machines/Bulk/Bulk_019.v	11	0	2936
1RB0RB_1LC1LD_0LA1RD_1RC0LB	nqh_1RB0RB_1LC1LD_0LA1RD_1RC0LB	theories/Machines/Bulk/Bulk_019.v	3	0	113
1RB0RB_1LC1LD_1LC0LD_1RA1LD	nqh_1RB0RB_1LC1LD_1LC0LD_1RA1LD	theories/Machines/Bulk/Bulk_019.v	2	0	49
1RB0RB_1LC1RA_0LA0LD_1RD1LB	nqh_1RB0RB_1LC1RA_0LA0LD_1RD1LB	theories/Machines/Bulk/Bulk_019.v	2	0	75
1RB0RB_1LC1RA_0LA1LD_0RB0LC	nqh_1RB0RB_1LC1RA_0LA1LD_0RB0LC	theories/Machines/Bulk/Bulk_020.v	2	0	92
1RB0RB_1LC1RA_0LA1LD_1LA0LC	nqh_1RB0RB_1LC1RA_0LA1LD_1LA0LC	theories/Machines/Bulk/Bulk_020.v	2	0	96
1RB0RB_1LC1RA_0LA1LD_1RA0LC	nqh_1RB0RB_1LC1RA_0LA1LD_1RA0LC	theories/Machines/Bulk/Bulk_020.v	2	0	88
1RB0RB_1LC1RA_0LA1LD_1RB0LC	nqh_1RB0RB_1LC1RA_0LA1LD_1RB0LC	theories/Machines/Bulk/Bulk_020.v	2	0	92
1RB0RB_1LC1RA_0LD0RD_1RD1LB	nqh_1RB0RB_1LC1RA_0LD0RD_1RD1LB	theories/Machines/Bulk/Bulk_020.v	2	0	77
1RB0RB_1LC1RA_0LD1LD_1RB0LC	nqh_1RB0RB_1LC1RA_0LD1LD_1RB0LC	theories/Machines/Bulk/Bulk_020.v	2	0	93
1RB0RB_1LC1RA_1LD0LC_0RA0LD	nqh_1RB0RB_1LC1RA_1LD0LC_0RA0LD	theories/Machines/Bulk/Bulk_020.v	2	0	128
1RB0RB_1LC1RA_1LD0LC_1RA1LC	nqh_1RB0RB_1LC1RA_1LD0LC_1RA1LC	theories/Machines/Bulk/Bulk_020.v	2	0	81
1RB0RB_1LC1RA_1LD1LC_1RA1RD	nqh_1RB0RB_1LC1RA_1LD1LC_1RA1RD	theories/Machines/Bulk/Bulk_020.v	2	0	40
1RB0RB_1LC1RA_1LD1LC_1RB1RD	nqh_1RB0RB_1LC1RA_1LD1LC_1RB1RD	theories/Machines/Bulk/Bulk_020.v	2	0	44
1RB0RB_1LC1RB_1RD0LB_0RA1RD	nqh_1RB0RB_1LC1RB_1RD0LB_0RA1RD	theories/Machines/Bulk/Bulk_020.v	2	0	61
1RB0RB_1LC1RC_1LD1RA_1RB0LD	nqh_1RB0RB_1LC1RC_1LD1RA_1RB0LD	theories/Machines/Bulk/Bulk_020.v	2	0	77
1RB0RB_1LC1RD_0LD1RA_0RA1LC	nqh_1RB0RB_1LC1RD_0LD1RA_0RA1LC	theories/Machines/Bulk/Bulk_020.v	11	0	1353
1RB0RB_1LC1RD_1LA0LD_0RB1RB	nqh_1RB0RB_1LC1RD_1LA0LD_0RB1RB	theories/Machines/Bulk/Bulk_020.v	2	0	58
1RB0RB_1LC1RD_1LA1LC_0LA1RB	nqh_1RB0RB_1LC1RD_1LA1LC_0LA1RB	theories/Machines/Bulk/Bulk_020.v	2	0	44
1RB0RB_1LC1RD_1LA1LC_0RB1RB	nqh_1RB0RB_1LC1RD_1LA1LC_0RB1RB	theories/Machines/Bulk/Bulk_020.v	2	0	42
1RB0RB_1RC0LA_0LD1RA_0LA1LD	nqh_1RB0RB_1RC0LA_0LD1RA_0LA1LD	theories/Machines/Bulk/Bulk_020.v	2	0	56
1RB0RB_1RC0LA_1LD0RB_0LA1LD	nqh_1RB0RB_1RC0LA_1LD0RB_0LA1LD	theories/Machines/Bulk/Bulk_020.v	2	0	45
1RB0RB_1RC0RC_1LC0LD_1RA1LD	nqh_1RB0RB_1RC0RC_1LC0LD_1RA1LD	theories/Machines/Bulk/Bulk_020.v	3	0	285
1RB0RB_1RC0RD_0LD1RA_0LA1LD	nqh_1RB0RB_1RC0RD_0LD1RA_0LA1LD	theories/Machines/Bulk/Bulk_020.v	2	0	57
1RB0RB_1RC0RD_1LD1LC_1RA0LC	nqh_1RB0RB_1RC0RD_1LD1LC_1RA0LC	theories/Machines/Bulk/Bulk_020.v	2	0	85
1RB0RB_1RC1LB_1LA0RD_1LD0LB	nqh_1RB0RB_1RC1LB_1LA0RD_1LD0LB	theories/Machines/Bulk/Bulk_020.v	2	0	59
1RB0RB_1RC1LB_1RD0LD_1LB0LA	nqh_1RB0RB_1RC1LB_1RD0LD_1LB0LA	theories/Machines/Bulk/Bulk_020.v	2	0	56
1RB0RB_1RC1LD_1LD0RA_1LB0LD	nqh_1RB0RB_1RC1LD_1LD0RA_1LB0LD	theories/Machines/Bulk/Bulk_020.v	2	0	79
1RB0RB_1RC1RA_0LD1LC_1RD1LB	nqh_1RB0RB_1RC1RA_0LD1LC_1RD1LB	theories/Machines/Bulk/Bulk_020.v	2	0	80
1RB0RB_1RC1RA_1LD0LA_1RA1LC	nqh_1RB0RB_1RC1RA_1LD0LA_1RA1LC	theories/Machines/Bulk/Bulk_020.v	2	0	59
1RB0RB_1RC1RA_1LD0RC_0RB0LC	nqh_1RB0RB_1RC1RA_1LD0RC_0RB0LC	theories/Machines/Bulk/Bulk_020.v	2	0	87
1RB0RB_1RC1RA_1LD1LB_0RB0LC	nqh_1RB0RB_1RC1RA_1LD1LB_0RB0LC	theories/Machines/Bulk/Bulk_020.v	2	0	75
1RB0RB_1RC1RA_1LD1LB_1LB0LC	nqh_1RB0RB_1RC1RA_1LD1LB_1LB0LC	theories/Machines/Bulk/Bulk_020.v	2	0	75
1RB0RB_1RC1RA_1LD1LB_1RB0LC	nqh_1RB0RB_1RC1RA_1LD1LB_1RB0LC	theories/Machines/Bulk/Bulk_020.v	2	0	75
1RB0RB_1RC1RD_1LA1LC_1LC1RB	nqh_1RB0RB_1RC1RD_1LA1LC_1LC1RB	theories/Machines/Bulk/Bulk_020.v	2	0	44
1RB0RC_0LA1RC_1LD1RB_1LA1LD	nqh_1RB0RC_0LA1RC_1LD1RB_1LA1LD	theories/Machines/Bulk/Bulk_020.v	2	0	45
1RB0RC_0LB1LC_1RA1RD_1LD1LB	nqh_1RB0RC_0LB1LC_1RA1RD_1LD1LB	theories/Machines/Bulk/Bulk_020.v	3	0	144
1RB0RC_0LC0LD_1RA1LB_1LC1RC	nqh_1RB0RC_0LC0LD_1RA1LB_1LC1RC	theories/Machines/Bulk/Bulk_020.v	2	0	75
1RB0RC_0LC0RA_1LD1RC_1RB1LB	nqh_1RB0RC_0LC0RA_1LD1RC_1RB1LB	theories/Machines/Bulk/Bulk_020.v	2	0	68
1RB0RC_0LC0RB_1RA1LD_1LB0LA	nqh_1RB0RC_0LC0RB_1RA1LD_1LB0LA	theories/Machines/Bulk/Bulk_020.v	2	0	79
1RB0RC_0LC0RB_1RA1LD_1RB0LA	nqh_1RB0RC_0LC0RB_1RA1LD_1RB0LA	theories/Machines/Bulk/Bulk_020.v	2	0	51
1RB0RC_0LC0RC_0LD1LC_1RA1LA	nqh_1RB0RC_0LC0RC_0LD1LC_1RA1LA	theories/Machines/Bulk/Bulk_020.v	2	0	57
1RB0RC_0LC0RD_1LA1LB_0RA0RB	nqh_1RB0RC_0LC0RD_1LA1LB_0RA0RB	theories/Machines/Bulk/Bulk_020.v	2	0	50
1RB0RC_0LC0RD_1LA1LB_0RA1LA	nqh_1RB0RC_0LC0RD_1LA1LB_0RA1LA	theories/Machines/Bulk/Bulk_020.v	2	0	47
1RB0RC_0LC1RA_0LD1LC_1LA0RC	nqh_1RB0RC_0LC1RA_0LD1LC_1LA0RC	theories/Machines/Bulk/Bulk_020.v	2	0	58
1RB0RC_0LC1RA_0LD1LC_1LA1LA	nqh_1RB0RC_0LC1RA_0LD1LC_1LA1LA	theories/Machines/Bulk/Bulk_020.v	2	0	58
1RB0RC_0LC1RA_0LD1LC_1LA1LB	nqh_1RB0RC_0LC1RA_0LD1LC_1LA1LB	theories/Machines/Bulk/Bulk_020.v	2	0	65
1RB0RC_0LC1RA_0LD1LC_1RA1LA	nqh_1RB0RC_0LC1RA_0LD1LC_1RA1LA	theories/Machines/Bulk/Bulk_020.v	2	0	60
1RB0RC_0LC1RA_0LD1LC_1RC1LA	nqh_1RB0RC_0LC1RA_0LD1LC_1RC1LA	theories/Machines/Bulk/Bulk_020.v	2	0	62
1RB0RC_0LC1RA_1LD0RB_0RB0LA	nqh_1RB0RC_0LC1RA_1LD0RB_0RB0LA	theories/Machines/Bulk/Bulk_020.v	2	0	64
1RB0RC_0LC1RA_1LD1LD_0RB0LA	nqh_1RB0RC_0LC1RA_1LD1LD_0RB0LA	theories/Machines/Bulk/Bulk_020.v	2	0	52
1RB0RC_0LC1RA_1RA1LD_1RB0LA	nqh_1RB0RC_0LC1RA_1RA1LD_1RB0LA	theories/Machines/Bulk/Bulk_020.v	2	0	44
1RB0RC_0LC1RD_0LD1LC_1RA0RA	nqh_1RB0RC_0LC1RD_0LD1LC_1RA0RA	theories/Machines/Bulk/Bulk_020.v	2	0	58
1RB0RC_0LC1RD_0LD1LC_1RA1LA	nqh_1RB0RC_0LC1RD_0LD1LC_1RA1LA	theories/Machines/Bulk/Bulk_020.v	2	0	66
1RB0RC_0LC1RD_1RA1LD_1RB0LA	nqh_1RB0RC_0LC1RD_1RA1LD_1RB0LA	theories/Machines/Bulk/Bulk_021.v	2	0	44
1RB0RC_0RC0LD_1LD1RA_1LB0LD	nqh_1RB0RC_0RC0LD_1LD1RA_1LB0LD	theories/Machines/Bulk/Bulk_021.v	2	0	58
1RB0RC_0RC0RA_1LC0LD_1RB1LD	nqh_1RB0RC_0RC0RA_1LC0LD_1RB1LD	theories/Machines/Bulk/Bulk_021.v	3	0	176
1RB0RC_0RC0RD_1LD1LA_0LA1RD	nqh_1RB0RC_0RC0RD_1LD1LA_0LA1RD	theories/Machines/Bulk/Bulk_021.v	2	0	57
1RB0RC_0RC1LA_1LC0LD_1RB1LD	nqh_1RB0RC_0RC1LA_1LC0LD_1RB1LD	theories/Machines/Bulk/Bulk_021.v	3	0	96
1RB0RC_0RC1LD_1RD1RA_1LB0LA	nqh_1RB0RC_0RC1LD_1RD1RA_1LB0LA	theories/Machines/Bulk/Bulk_021.v	2	0	51
1RB0RC_0RC1LD_1RD1RA_1LB1LC	nqh_1RB0RC_0RC1LD_1RD1RA_1LB1LC	theories/Machines/Bulk/Bulk_021.v	2	0	42
1RB0RC_0RC1RA_1LC0LD_1RB1LD	nqh_1RB0RC_0RC1RA_1LC0LD_1RB1LD	theories/Machines/Bulk/Bulk_021.v	3	0	93
1RB0RC_0RC1RC_1LD1RB_1LA0LB	nqh_1RB0RC_0RC1RC_1LD1RB_1LA0LB	theories/Machines/Bulk/Bulk_021.v	2	0	54
1RB0RC_0RC1RC_1LD1RB_1LA1LD	nqh_1RB0RC_0RC1RC_1LD1RB_1LA1LD	theories/Machines/Bulk/Bulk_021.v	2	0	38
1RB0RC_1LA0RD_1RA1LD_0LC0LA	nqh_1RB0RC_1LA0RD_1RA1LD_0LC0LA	theories/Machines/Bulk/Bulk_021.v	3	0	168
1RB0RC_1LA0RD_1RA1LD_0LC1RA	nqh_1RB0RC_1LA0RD_1RA1LD_0LC1RA	theories/Machines/Bulk/Bulk_021.v	3	0	64
1RB0RC_1LA0RD_1RB1LC_1LD0LC	nqh_1RB0RC_1LA0RD_1RB1LC_1LD0LC	theories/Machines/Bulk/Bulk_021.v	2	0	63
1RB0RC_1LA1RA_1LD0LC_0RB0LA	nqh_1RB0RC_1LA1RA_1LD0LC_0RB0LA	theories/Machines/Bulk/Bulk_021.v	2	0	64
1RB0RC_1LA1RA_1RA1LD_0LC0LA	nqh_1RB0RC_1LA1RA_1RA1LD_0LC0LA	theories/Machines/Bulk/Bulk_021.v	3	0	158
1RB0RC_1LA1RA_1RA1LD_0LC1RA	nqh_1RB0RC_1LA1RA_1RA1LD_0LC1RA	theories/Machines/Bulk/Bulk_021.v	3	0	57
1RB0RC_1LA1RC_0LD0RB_0LA1LD	nqh_1RB0RC_1LA1RC_0LD0RB_0LA1LD	theories/Machines/Bulk/Bulk_021.v	2	0	128
1RB0RC_1LB0LC_1RD1LC_1LA0RB	nqh_1RB0RC_1LB0LC_1RD1LC_1LA0RB	theories/Machines/Bulk/Bulk_021.v	2	0	62
1RB0RC_1LB1RA_0RB0LD_1LC1LD	nqh_1RB0RC_1LB1RA_0RB0LD_1LC1LD	theories/Machines/Bulk/Bulk_021.v	3	0	303
1RB0RC_1LB1RA_1LC0LD_1RB1LD	nqh_1RB0RC_1LB1RA_1LC0LD_1RB1LD	theories/Machines/Bulk/Bulk_021.v	2	0	62
1RB0RC_1LC0LA_0RD0LC_1LB1RD	nqh_1RB0RC_1LC0LA_0RD0LC_1LB1RD	theories/Machines/Bulk/Bulk_021.v	2	0	85
1RB0RC_1LC0LA_1RA1LD_0LC0LA	nqh_1RB0RC_1LC0LA_1RA1LD_0LC0LA	theories/Machines/Bulk/Bulk_021.v	3	0	77
1RB0RC_1LC0LA_1RD0LB_1RB1RC	nqh_1RB0RC_1LC0LA_1RD0LB_1RB1RC	theories/Machines/Bulk/Bulk_021.v	2	0	62
1RB0RC_1LC0LB_0RD1LB_0LA1RD	nqh_1RB0RC_1LC0LB_0RD1LB_0LA1RD	theories/Machines/Bulk/Bulk_021.v	2	0	85
1RB0RC_1LC0LB_1RA0LD_1LB1RB	nqh_1RB0RC_1LC0LB_1RA0LD_1LB1RB	theories/Machines/Bulk/Bulk_021.v	3	0	116
1RB0RC_1LC0LB_1RA1LD_0RB0LA	nqh_1RB0RC_1LC0LB_1RA1LD_0RB0LA	theories/Machines/Bulk/Bulk_021.v	3	0	117
1RB0RC_1LC0LD_0LD1LD_1RA1LC	nqh_1RB0RC_1LC0LD_0LD1LD_1RA1LC	theories/Machines/Bulk/Bulk_021.v	2	0	55
1RB0RC_1LC0LD_1RA0LB_1LB0RA	nqh_1RB0RC_1LC0LD_1RA0LB_1LB0RA	theories/Machines/Bulk/Bulk_021.v	3	0	252
1RB0RC_1LC0LD_1RA0LB_1LB0RD	nqh_1RB0RC_1LC0LD_1RA0LB_1LB0RD	theories/Machines/Bulk/Bulk_021.v	3	0	117
1RB0RC_1LC0LD_1RA1RD_1RC1LB	nqh_1RB0RC_1LC0LD_1RA1RD_1RC1LB	theories/Machines/Bulk/Bulk_021.v	2	0	79
1RB0RC_1LC0RA_0LD1LB_1LA0LA	nqh_1RB0RC_1LC0RA_0LD1LB_1LA0LA	theories/Machines/Bulk/Bulk_021.v	5	0	251
1RB0RC_1LC0RA_0LD1LB_1LA1LC	nqh_1RB0RC_1LC0RA_0LD1LB_1LA1LC	theories/Machines/Bulk/Bulk_021.v	2	0	67
1RB0RC_1LC0RA_0LD1LC_1LA0LA	nqh_1RB0RC_1LC0RA_0LD1LC_1LA0LA	theories/Machines/Bulk/Bulk_021.v	2	0	68
1RB0RC_1LC0RA_0LD1LC_1LA1RB	nqh_1RB0RC_1LC0RA_0LD1LC_1LA1RB	theories/Machines/Bulk/Bulk_021.v	2	0	57
1RB0RC_1LC0RA_1RA1LD_0LC0LA	nqh_1RB0RC_1LC0RA_1RA1LD_0LC0LA	theories/Machines/Bulk/Bulk_021.v	3	0	245
1RB0RC_1LC0RA_1RD0LB_1LA1RC	nqh_1RB0RC_1LC0RA_1RD0LB_1LA1RC	theories/Machines/Bulk/Bulk_021.v	3	0	68
1RB0RC_1LC0RB_1RA0LD_1LC0LD	nqh_1RB0RC_1LC0RB_1RA0LD_1LC0LD	theories/Machines/Bulk/Bulk_021.v	3	0	227
1RB0RC_1LC0RC_0LD1LC_1RA1LA	nqh_1RB0RC_1LC0RC_0LD1LC_1RA1LA	theories/Machines/Bulk/Bulk_021.v	2	0	53
1RB0RC_1LC0RC_1RA0LD_0LC1LD	nqh_1RB0RC_1LC0RC_1RA0LD_0LC1LD	theories/Machines/Bulk/Bulk_021.v	2	0	80
1RB0RC_1LC0RC_1RA0LD_1LC1LB	nqh_1RB0RC_1LC0RC_1RA0LD_1LC1LB	theories/Machines/Bulk/Bulk_021.v	3	0	107
1RB0RC_1LC0RC_1RA0LD_1LC1LD	nqh_1RB0RC_1LC0RC_1RA0LD_1LC1LD	theories/Machines/Bulk/Bulk_021.v	3	0	108
1RB0RC_1LC0RC_1RA1LD_1RB0LD	nqh_1RB0RC_1LC0RC_1RA1LD_1RB0LD	theories/Machines/Bulk/Bulk_021.v	2	0	63
1RB0RC_1LC0RC_1RD1LD_1RA0LD	nqh_1RB0RC_1LC0RC_1RD1LD_1RA0LD	theories/Machines/Bulk/Bulk_021.v	2	0	65
1RB0RC_1LC0RD_1RA0LD_1LC0LD	nqh_1RB0RC_1LC0RD_1RA0LD_1LC0LD	theories/Machines/Bulk/Bulk_021.v	3	0	158
1RB0RC_1LC0RD_1RA0LD_1LC1LB	nqh_1RB0RC_1LC0RD_1RA0LD_1LC1LB	theories/Machines/Bulk/Bulk_021.v	3	0	175
1RB0RC_1LC0RD_1RA1LD_0LC1RA	nqh_1RB0RC_1LC0RD_1RA1LD_0LC1RA	theories/Machines/Bulk/Bulk_021.v	3	0	86
1RB0RC_1LC1LA_0LD1RC_1RD0RB	nqh_1RB0RC_1LC1LA_0LD1RC_1RD0RB	theories/Machines/Bulk/Bulk_021.v	3	0	108
1RB0RC_1LC1LA_1RA1LD_0LB0LA	nqh_1RB0RC_1LC1LA_1RA1LD_0LB0LA	theories/Machines/Bulk/Bulk_021.v	2	0	73
1RB0RC_1LC1LA_1RD1LD_1RA0LD	nqh_1RB0RC_1LC1LA_1RD1LD_1RA0LD	theories/Machines/Bulk/Bulk_021.v	2	0	65
1RB0RC_1LC1LB_1RA0LD_0RB0LB	nqh_1RB0RC_1LC1LB_1RA0LD_0RB0LB	theories/Machines/Bulk/Bulk_021.v	2	0	71
1RB0RC_1LC1LB_1RA1RD_0LA0LB	nqh_1RB0RC_1LC1LB_1RA1RD_0LA0LB	theories/Machines/Bulk/Bulk_022.v	2	0	75
1RB0RC_1LC1LB_1RD0LB_1RA1RD	nqh_1RB0RC_1LC1LB_1RD0LB_1RA1RD	theories/Machines/Bulk/Bulk_022.v	2	0	72
1RB0RC_1LC1LD_0LD1RC_1RA0RB	nqh_1RB0RC_1LC1LD_0LD1RC_1RA0RB	theories/Machines/Bulk/Bulk_022.v	2	0	66
1RB0RC_1LC1LD_1RA0LB_1LC1LA	nqh_1RB0RC_1LC1LD_1RA0LB_1LC1LA	theories/Machines/Bulk/Bulk_022.v	5	0	380
1RB0RC_1LC1LD_1RA0LB_1LC1RA	nqh_1RB0RC_1LC1LD_1RA0LB_1LC1RA	theories/Machines/Bulk/Bulk_022.v	3	0	118
1RB0RC_1LC1LD_1RA1LD_0LB0LA	nqh_1RB0RC_1LC1LD_1RA1LD_0LB0LA	theories/Machines/Bulk/Bulk_022.v	2	0	67
1RB0RC_1LC1LD_1RA1LD_0LC0LA	nqh_1RB0RC_1LC1LD_1RA1LD_0LC0LA	theories/Machines/Bulk/Bulk_022.v	3	0	138
1RB0RC_1LC1LD_1RA1RB_1LB0LB	nqh_1RB0RC_1LC1LD_1RA1RB_1LB0LB	theories/Machines/Bulk/Bulk_022.v	2	0	73
1RB0RC_1LC1LD_1RD1LB_1RA0LB	nqh_1RB0RC_1LC1LD_1RD1LB_1RA0LB	theories/Machines/Bulk/Bulk_022.v	2	0	80
1RB0RC_1LC1LD_1RD1RA_1LB1LC	nqh_1RB0RC_1LC1LD_1RD1RA_1LB1LC	theories/Machines/Bulk/Bulk_022.v	2	0	45
1RB0RC_1LC1RA_0LD1LC_1LA0RC	nqh_1RB0RC_1LC1RA_0LD1LC_1LA0RC	theories/Machines/Bulk/Bulk_022.v	2	0	54
1RB0RC_1LC1RA_0LD1LC_1LA1LA	nqh_1RB0RC_1LC1RA_0LD1LC_1LA1LA	theories/Machines/Bulk/Bulk_022.v	2	0	54
1RB0RC_1LC1RA_0LD1LC_1RA1LA	nqh_1RB0RC_1LC1RA_0LD1LC_1RA1LA	theories/Machines/Bulk/Bulk_022.v	2	0	56
1RB0RC_1LC1RA_0LD1LC_1RC1LA	nqh_1RB0RC_1LC1RA_0LD1LC_1RC1LA	theories/Machines/Bulk/Bulk_022.v	2	0	58
1RB0RC_1LC1RA_0LD1RC_1RA0RB	nqh_1RB0RC_1LC1RA_0LD1RC_1RA0RB	theories/Machines/Bulk/Bulk_022.v	2	0	55
1RB0RC_1LC1RA_1RA0LD_0LB1LA	nqh_1RB0RC_1LC1RA_1RA0LD_0LB1LA	theories/Machines/Bulk/Bulk_022.v	2	0	67
1RB0RC_1LC1RA_1RA0LD_0LC1LD	nqh_1RB0RC_1LC1RA_1RA0LD_0LC1LD	theories/Machines/Bulk/Bulk_022.v	2	0	84
1RB0RC_1LC1RA_1RA0LD_1LC0LD	nqh_1RB0RC_1LC1RA_1RA0LD_1LC0LD	theories/Machines/Bulk/Bulk_022.v	3	0	170
1RB0RC_1LC1RA_1RA1LD_0LC0LA	nqh_1RB0RC_1LC1RA_1RA1LD_0LC0LA	theories/Machines/Bulk/Bulk_022.v	3	0	229
1RB0RC_1LC1RA_1RA1LD_0LC1RA	nqh_1RB0RC_1LC1RA_1RA1LD_0LC1RA	theories/Machines/Bulk/Bulk_022.v	3	0	77
1RB0RC_1LC1RA_1RB0LD_1LC1LD	nqh_1RB0RC_1LC1RA_1RB0LD_1LC1LD	theories/Machines/Bulk/Bulk_022.v	2	0	71
1RB0RC_1LC1RA_1RD1LD_1RA0LD	nqh_1RB0RC_1LC1RA_1RD1LD_1RA0LD	theories/Machines/Bulk/Bulk_022.v	2	0	65
1RB0RC_1LC1RB_0LD1LD_1LA0LA	nqh_1RB0RC_1LC1RB_0LD1LD_1LA0LA	theories/Machines/Bulk/Bulk_022.v	2	0	57
1RB0RC_1LC1RB_1RA0LD_1LC0LD	nqh_1RB0RC_1LC1RB_1RA0LD_1LC0LD	theories/Machines/Bulk/Bulk_022.v	3	0	126
1RB0RC_1LC1RC_0LD1LA_1RD0RB	nqh_1RB0RC_1LC1RC_0LD1LA_1RD0RB	theories/Machines/Bulk/Bulk_022.v	4	0	262
1RB0RC_1LC1RC_1RA0LD_1LC0LD	nqh_1RB0RC_1LC1RC_1RA0LD_1LC0LD	theories/Machines/Bulk/Bulk_022.v	3	0	182
1RB0RC_1LC1RC_1RA0LD_1LC1LB	nqh_1RB0RC_1LC1RC_1RA0LD_1LC1LB	theories/Machines/Bulk/Bulk_022.v	3	0	210
1RB0RC_1LC1RC_1RA1LD_0LC0LA	nqh_1RB0RC_1LC1RC_1RA1LD_0LC0LA	theories/Machines/Bulk/Bulk_022.v	3	0	238
1RB0RC_1LC1RD_0LD1LC_1RA1LA	nqh_1RB0RC_1LC1RD_0LD1LC_1RA1LA	theories/Machines/Bulk/Bulk_022.v	2	0	62
1RB0RC_1LC1RD_1RA0LB_1LD0LA	nqh_1RB0RC_1LC1RD_1RA0LB_1LD0LA	theories/Machines/Bulk/Bulk_022.v	3	0	195
1RB0RC_1LC1RD_1RA1LD_0LC0LA	nqh_1RB0RC_1LC1RD_1RA1LD_0LC0LA	theories/Machines/Bulk/Bulk_022.v	3	0	226
1RB0RC_1RC---_1LD0RD_0LA1RD	nqh_1RB0RC_1RCXXX_1LD0RD_0LA1RD	theories/Machines/Bulk/Bulk_022.v	2	0	51
1RB0RC_1RC0LA_0LD1RB_1LB1LD	nqh_1RB0RC_1RC0LA_0LD1RB_1LB1LD	theories/Machines/Bulk/Bulk_022.v	2	0	57
1RB0RC_1RC0LB_1LD1RA_0RC1LB	nqh_1RB0RC_1RC0LB_1LD1RA_0RC1LB	theories/Machines/Bulk/Bulk_022.v	2	0	77
1RB0RC_1RC0LB_1LD1RA_1LC1LB	nqh_1RB0RC_1RC0LB_1LD1RA_1LC1LB	theories/Machines/Bulk/Bulk_022.v	2	0	78
1RB0RC_1RC0LB_1LD1RA_1LD1LB	nqh_1RB0RC_1RC0LB_1LD1RA_1LD1LB	theories/Machines/Bulk/Bulk_022.v	2	0	77
1RB0RC_1RC0LD_0LD1LD_1RA1LC	nqh_1RB0RC_1RC0LD_0LD1LD_1RA1LC	theories/Machines/Bulk/Bulk_022.v	2	0	63
1RB0RC_1RC0RA_0LD0LD_1LA1LD	nqh_1RB0RC_1RC0RA_0LD0LD_1LA1LD	theories/Machines/Bulk/Bulk_022.v	2	0	77
1RB0RC_1RC0RD_1LD1LA_0LA1RD	nqh_1RB0RC_1RC0RD_1LD1LA_0LA1RD	theories/Machines/Bulk/Bulk_022.v	2	0	65
1RB0RC_1RC0RD_1LD1RB_0LA1RD	nqh_1RB0RC_1RC0RD_1LD1RB_0LA1RD	theories/Machines/Bulk/Bulk_022.v	2	0	54
1RB0RC_1RC1LB_1LD0RD_0LB0LA	nqh_1RB0RC_1RC1LB_1LD0RD_0LB0LA	theories/Machines/Bulk/Bulk_022.v	2	0	63
1RB0RC_1RC1LB_1LD1RA_1LD0LC	nqh_1RB0RC_1RC1LB_1LD1RA_1LD0LC	theories/Machines/Bulk/Bulk_022.v	4	0	284
1RB0RC_1RC1LD_1RD1RA_1LB1LC	nqh_1RB0RC_1RC1LD_1RD1RA_1LB1LC	theories/Machines/Bulk/Bulk_022.v	2	0	48
1RB0RC_1RC1RB_0LD1LC_0RA1LA	nqh_1RB0RC_1RC1RB_0LD1LC_0RA1LA	theories/Machines/Bulk/Bulk_022.v	2	0	44
1RB0RC_1RC1RB_0LD1LC_0RD1LA	nqh_1RB0RC_1RC1RB_0LD1LC_0RD1LA	theories/Machines/Bulk/Bulk_022.v	2	0	49
1RB0RC_1RC1RB_0LD1RA_1LB1LD	nqh_1RB0RC_1RC1RB_0LD1RA_1LB1LD	theories/Machines/Bulk/Bulk_022.v	2	0	49
1RB0RC_1RC1RB_1LD1RA_1LB1LD	nqh_1RB0RC_1RC1RB_1LD1RA_1LB1LD	theories/Machines/Bulk/Bulk_022.v	2	0	42
1RB0RD_0LB0LC_1RA1LD_0LC1LC	nqh_1RB0RD_0LB0LC_1RA1LD_0LC1LC	theories/Machines/Bulk/Bulk_022.v	2	0	63
1RB0RD_0LB1LC_1RD0LA_1RA1RC	nqh_1RB0RD_0LB1LC_1RD0LA_1RA1RC	theories/Machines/Bulk/Bulk_022.v	2	0	50
1RB0RD_0LC0LA_1RC0RD_1LB1RD	nqh_1RB0RD_0LC0LA_1RC0RD_1LB1RD	theories/Machines/Bulk/Bulk_022.v	3	0	90
1RB0RD_0LC0LC_1LD1LC_1RA0RB	nqh_1RB0RD_0LC0LC_1LD1LC_1RA0RB	theories/Machines/Bulk/Bulk_023.v	2	0	85
1RB0RD_0LC0RA_1LA1LD_1LC1LB	nqh_1RB0RD_0LC0RA_1LA1LD_1LC1LB	theories/Machines/Bulk/Bulk_023.v	2	0	83
1RB0RD_0LC0RA_1LA1RD_1LD1LB	nqh_1RB0RD_0LC0RA_1LA1RD_1LD1LB	theories/Machines/Bulk/Bulk_023.v	3	0	74
1RB0RD_0LC0RA_1RC1LD_1LB1RA	nqh_1RB0RD_0LC0RA_1RC1LD_1LB1RA	theories/Machines/Bulk/Bulk_023.v	2	0	85
1RB0RD_0LC0RB_1RA1LC_0LC1LB	nqh_1RB0RD_0LC0RB_1RA1LC_0LC1LB	theories/Machines/Bulk/Bulk_023.v	2	0	85
1RB0RD_0LC0RB_1RA1LC_0LC1LD	nqh_1RB0RD_0LC0RB_1RA1LC_0LC1LD	theories/Machines/Bulk/Bulk_023.v	2	0	87
1RB0RD_0LC0RB_1RA1LC_1LA0LB	nqh_1RB0RD_0LC0RB_1RA1LC_1LA0LB	theories/Machines/Bulk/Bulk_023.v	2	0	81
1RB0RD_0LC0RB_1RA1LD_1LB1RA	nqh_1RB0RD_0LC0RB_1RA1LD_1LB1RA	theories/Machines/Bulk/Bulk_023.v	2	0	69
1RB0RD_0LC0RD_1LA1LD_1RA0LC	nqh_1RB0RD_0LC0RD_1LA1LD_1RA0LC	theories/Machines/Bulk/Bulk_023.v	2	0	54
1RB0RD_0LC1LC_1RA1LB_0RB1RD	nqh_1RB0RD_0LC1LC_1RA1LB_0RB1RD	theories/Machines/Bulk/Bulk_023.v	2	0	101
1RB0RD_0LC1LC_1RA1LB_1RA1RD	nqh_1RB0RD_0LC1LC_1RA1LB_1RA1RD	theories/Machines/Bulk/Bulk_023.v	2	0	85
1RB0RD_0LC1RA_0LA1LA_1RA1LC	nqh_1RB0RD_0LC1RA_0LA1LA_1RA1LC	theories/Machines/Bulk/Bulk_023.v	2	0	50
1RB0RD_0LC1RA_0RA1LB_1LD1RC	nqh_1RB0RD_0LC1RA_0RA1LB_1LD1RC	theories/Machines/Bulk/Bulk_023.v	3	0	157
1RB0RD_0LC1RA_0RA1LB_1RC---	nqh_1RB0RD_0LC1RA_0RA1LB_1RCXXX	theories/Machines/Bulk/Bulk_023.v	2	0	50
1RB0RD_0LC1RA_1LA0RD_1RC1LB	nqh_1RB0RD_0LC1RA_1LA0RD_1RC1LB	theories/Machines/Bulk/Bulk_023.v	2	0	68
1RB0RD_0LC1RA_1LA1LB_1RC0LA	nqh_1RB0RD_0LC1RA_1LA1LB_1RC0LA	theories/Machines/Bulk/Bulk_023.v	2	0	59
1RB0RD_0LC1RA_1LA1LB_1RC1LB	nqh_1RB0RD_0LC1RA_1LA1LB_1RC1LB	theories/Machines/Bulk/Bulk_023.v	2	0	72
1RB0RD_0LC1RA_1LA1LB_1RC1RB	nqh_1RB0RD_0LC1RA_1LA1LB_1RC1RB	theories/Machines/Bulk/Bulk_023.v	2	0	55
1RB0RD_0LC1RA_1LA1LD_0RB1LB	nqh_1RB0RD_0LC1RA_1LA1LD_0RB1LB	theories/Machines/Bulk/Bulk_023.v	2	0	79
1RB0RD_0LC1RA_1LA1LD_1LB0LC	nqh_1RB0RD_0LC1RA_1LA1LD_1LB0LC	theories/Machines/Bulk/Bulk_023.v	2	0	53
1RB0RD_0LC1RA_1RA0RD_1LB1RD	nqh_1RB0RD_0LC1RA_1RA0RD_1LB1RD	theories/Machines/Bulk/Bulk_023.v	2	0	55
1RB0RD_0LC1RA_1RB1LC_0LB0RB	nqh_1RB0RD_0LC1RA_1RB1LC_0LB0RB	theories/Machines/Bulk/Bulk_023.v	2	0	47
1RB0RD_0LC1RA_1RB1LC_0LD0RB	nqh_1RB0RD_0LC1RA_1RB1LC_0LD0RB	theories/Machines/Bulk/Bulk_023.v	2	0	55
1RB0RD_0LC1RB_0RB1LD_1LC1RA	nqh_1RB0RD_0LC1RB_0RB1LD_1LC1RA	theories/Machines/Bulk/Bulk_023.v	2	0	53
1RB0RD_0LC1RC_0RA1LD_1RC0LD	nqh_1RB0RD_0LC1RC_0RA1LD_1RC0LD	theories/Machines/Bulk/Bulk_023.v	2	0	49
1RB0RD_0LC1RD_0LA1LA_1LC0RB	nqh_1RB0RD_0LC1RD_0LA1LA_1LC0RB	theories/Machines/Bulk/Bulk_023.v	2	0	128
1RB0RD_0RC0LD_1LD1RA_1LB0LD	nqh_1RB0RD_0RC0LD_1LD1RA_1LB0LD	theories/Machines/Bulk/Bulk_023.v	2	0	63
1RB0RD_0RC1RA_1LD1RB_1LA0LC	nqh_1RB0RD_0RC1RA_1LD1RB_1LA0LC	theories/Machines/Bulk/Bulk_023.v	2	0	65
1RB0RD_1LB0LC_1RA1LC_0LB1RC	nqh_1RB0RD_1LB0LC_1RA1LC_0LB1RC	theories/Machines/Bulk/Bulk_023.v	2	0	64
1RB0RD_1LB0LC_1RA1LD_0LC1LC	nqh_1RB0RD_1LB0LC_1RA1LD_0LC1LC	theories/Machines/Bulk/Bulk_023.v	2	0	60
1RB0RD_1LB0LC_1RC0RD_0LA1RD	nqh_1RB0RD_1LB0LC_1RC0RD_0LA1RD	theories/Machines/Bulk/Bulk_023.v	2	0	58
1RB0RD_1LB1LC_0LD0LA_1RA1LC	nqh_1RB0RD_1LB1LC_0LD0LA_1RA1LC	theories/Machines/Bulk/Bulk_023.v	3	0	139
1RB0RD_1LC0LA_0LD1LB_1RA1LC	nqh_1RB0RD_1LC0LA_0LD1LB_1RA1LC	theories/Machines/Bulk/Bulk_023.v	2	0	67
1RB0RD_1LC0LA_1LD1LB_1RA0LC	nqh_1RB0RD_1LC0LA_1LD1LB_1RA0LC	theories/Machines/Bulk/Bulk_023.v	3	0	91
1RB0RD_1LC0LA_1RD0LB_1RA1RC	nqh_1RB0RD_1LC0LA_1RD0LB_1RA1RC	theories/Machines/Bulk/Bulk_023.v	2	0	78
1RB0RD_1LC0LA_1RD1LB_0LB1RA	nqh_1RB0RD_1LC0LA_1RD1LB_0LB1RA	theories/Machines/Bulk/Bulk_023.v	2	0	74
1RB0RD_1LC0LB_1LD1LB_1RA0LC	nqh_1RB0RD_1LC0LB_1LD1LB_1RA0LC	theories/Machines/Bulk/Bulk_023.v	3	0	115
1RB0RD_1LC0LB_1RA1LB_1RD0RC	nqh_1RB0RD_1LC0LB_1RA1LB_1RD0RC	theories/Machines/Bulk/Bulk_023.v	11	0	1953
1RB0RD_1LC0LC_1RA1LD_0LC1LC	nqh_1RB0RD_1LC0LC_1RA1LD_0LC1LC	theories/Machines/Bulk/Bulk_023.v	2	0	58
1RB0RD_1LC0LC_1RD1LB_0RB1RA	nqh_1RB0RD_1LC0LC_1RD1LB_0RB1RA	theories/Machines/Bulk/Bulk_023.v	2	0	101
1RB0RD_1LC0RA_0LD1LB_1LA1LC	nqh_1RB0RD_1LC0RA_0LD1LB_1LA1LC	theories/Machines/Bulk/Bulk_023.v	2	0	64
1RB0RD_1LC0RA_1LA0LB_1RA0LC	nqh_1RB0RD_1LC0RA_1LA0LB_1RA0LC	theories/Machines/Bulk/Bulk_023.v	3	0	257
1RB0RD_1LC0RA_1LA0LB_1RA0LD	nqh_1RB0RD_1LC0RA_1LA0LB_1RA0LD	theories/Machines/Bulk/Bulk_023.v	3	0	120
1RB0RD_1LC0RA_1LA1LB_0LC1LD	nqh_1RB0RD_1LC0RA_1LA1LB_0LC1LD	theories/Machines/Bulk/Bulk_023.v	2	0	83
1RB0RD_1LC0RA_1LA1LB_1LA0LB	nqh_1RB0RD_1LC0RA_1LA1LB_1LA0LB	theories/Machines/Bulk/Bulk_023.v	2	0	63
1RB0RD_1LC0RA_1LA1LC_1RB0LB	nqh_1RB0RD_1LC0RA_1LA1LC_1RB0LB	theories/Machines/Bulk/Bulk_023.v	2	0	56
1RB0RD_1LC0RA_1LA1LD_0LC0LA	nqh_1RB0RD_1LC0RA_1LA1LD_0LC0LA	theories/Machines/Bulk/Bulk_023.v	2	0	77
1RB0RD_1LC0RA_1LD1LB_1LA0LC	nqh_1RB0RD_1LC0RA_1LD1LB_1LA0LC	theories/Machines/Bulk/Bulk_023.v	2	0	79
1RB0RD_1LC0RA_1LD1LB_1RB1LA	nqh_1RB0RD_1LC0RA_1LD1LB_1RB1LA	theories/Machines/Bulk/Bulk_023.v	2	0	49
1RB0RD_1LC0RA_1LD1LB_1RB1LD	nqh_1RB0RD_1LC0RA_1LD1LB_1RB1LD	theories/Machines/Bulk/Bulk_023.v	2	0	42
1RB0RD_1LC0RA_1RB1LA_1LD0LC	nqh_1RB0RD_1LC0RA_1RB1LA_1LD0LC	theories/Machines/Bulk/Bulk_024.v	3	0	182
1RB0RD_1LC0RA_1RB1LC_1LD0LC	nqh_1RB0RD_1LC0RA_1RB1LC_1LD0LC	theories/Machines/Bulk/Bulk_024.v	3	0	136
1RB0RD_1LC0RA_1RD0LB_1LB1RB	nqh_1RB0RD_1LC0RA_1RD0LB_1LB1RB	theories/Machines/Bulk/Bulk_024.v	3	0	107
1RB0RD_1LC0RA_1RD0LB_1LB1RC	nqh_1RB0RD_1LC0RA_1RD0LB_1LB1RC	theories/Machines/Bulk/Bulk_024.v	3	0	180
1RB0RD_1LC0RA_1RD1LB_1RB1LD	nqh_1RB0RD_1LC0RA_1RD1LB_1RB1LD	theories/Machines/Bulk/Bulk_024.v	2	0	44
1RB0RD_1LC0RC_1LD0LC_1RA0LC	nqh_1RB0RD_1LC0RC_1LD0LC_1RA0LC	theories/Machines/Bulk/Bulk_024.v	3	0	163
1RB0RD_1LC0RC_1RA0LD_0LC1LD	nqh_1RB0RD_1LC0RC_1RA0LD_0LC1LD	theories/Machines/Bulk/Bulk_024.v	2	0	80
1RB0RD_1LC0RC_1RA1LD_0LC1LC	nqh_1RB0RD_1LC0RC_1RA1LD_0LC1LC	theories/Machines/Bulk/Bulk_024.v	2	0	74
1RB0RD_1LC0RD_0RA1LD_1RC0LD	nqh_1RB0RD_1LC0RD_0RA1LD_1RC0LD	theories/Machines/Bulk/Bulk_024.v	2	0	63
1RB0RD_1LC0RD_1LA1LB_1RB1RA	nqh_1RB0RD_1LC0RD_1LA1LB_1RB1RA	theories/Machines/Bulk/Bulk_024.v	2	0	42
1RB0RD_1LC1LA_1LD0LC_1RA0LB	nqh_1RB0RD_1LC1LA_1LD0LC_1RA0LB	theories/Machines/Bulk/Bulk_024.v	2	0	84
1RB0RD_1LC1LB_0LA0RA_0LB1RA	nqh_1RB0RD_1LC1LB_0LA0RA_0LB1RA	theories/Machines/Bulk/Bulk_024.v	2	0	69
1RB0RD_1LC1LB_0RA0LC_1RA1LD	nqh_1RB0RD_1LC1LB_0RA0LC_1RA1LD	theories/Machines/Bulk/Bulk_024.v	2	0	92
1RB0RD_1LC1LB_1LD0LD_1RA0LC	nqh_1RB0RD_1LC1LB_1LD0LD_1RA0LC	theories/Machines/Bulk/Bulk_024.v	3	0	115
1RB0RD_1LC1LB_1RA0LB_0RB1RA	nqh_1RB0RD_1LC1LB_1RA0LB_0RB1RA	theories/Machines/Bulk/Bulk_024.v	2	0	66
1RB0RD_1LC1LB_1RA0LB_1LD1LC	nqh_1RB0RD_1LC1LB_1RA0LB_1LD1LC	theories/Machines/Bulk/Bulk_024.v	3	0	101
1RB0RD_1LC1LB_1RA0LD_0LC1LC	nqh_1RB0RD_1LC1LB_1RA0LD_0LC1LC	theories/Machines/Bulk/Bulk_024.v	2	0	57
1RB0RD_1LC1LB_1RD1RC_0LB1RA	nqh_1RB0RD_1LC1LB_1RD1RC_0LB1RA	theories/Machines/Bulk/Bulk_024.v	2	0	48
1RB0RD_1LC1LB_1RD1RC_1LB1RA	nqh_1RB0RD_1LC1LB_1RD1RC_1LB1RA	theories/Machines/Bulk/Bulk_024.v	2	0	46
1RB0RD_1LC1LD_0RD0LB_1LB1RA	nqh_1RB0RD_1LC1LD_0RD0LB_1LB1RA	theories/Machines/Bulk/Bulk_024.v	2	0	73
1RB0RD_1LC1LD_0RD1LB_1RB1RA	nqh_1RB0RD_1LC1LD_0RD1LB_1RB1RA	theories/Machines/Bulk/Bulk_024.v	2	0	43
1RB0RD_1LC1LD_1LA0LB_1LB1RA	nqh_1RB0RD_1LC1LD_1LA0LB_1LB1RA	theories/Machines/Bulk/Bulk_024.v	2	0	77
1RB0RD_1LC1LD_1LA1LB_1RB1RA	nqh_1RB0RD_1LC1LD_1LA1LB_1RB1RA	theories/Machines/Bulk/Bulk_024.v	2	0	49
1RB0RD_1LC1LD_1LD1LB_1RB1RA	nqh_1RB0RD_1LC1LD_1LD1LB_1RB1RA	theories/Machines/Bulk/Bulk_024.v	2	0	42
1RB0RD_1LC1LD_1RC1LB_1RB1RA	nqh_1RB0RD_1LC1LD_1RC1LB_1RB1RA	theories/Machines/Bulk/Bulk_024.v	2	0	42
1RB0RD_1LC1LD_1RD1LB_1RB1RA	nqh_1RB0RD_1LC1LD_1RD1LB_1RB1RA	theories/Machines/Bulk/Bulk_024.v	2	0	45
1RB0RD_1LC1RA_0LD1LA_1RA0LB	nqh_1RB0RD_1LC1RA_0LD1LA_1RA0LB	theories/Machines/Bulk/Bulk_024.v	2	0	66
1RB0RD_1LC1RA_0RA1LD_1LA0LC	nqh_1RB0RD_1LC1RA_0RA1LD_1LA0LC	theories/Machines/Bulk/Bulk_024.v	2	0	74
1RB0RD_1LC1RA_0RC1LA_1RA0LB	nqh_1RB0RD_1LC1RA_0RC1LA_1RA0LB	theories/Machines/Bulk/Bulk_024.v	2	0	63
1RB0RD_1LC1RA_1LD0LC_1RA0LC	nqh_1RB0RD_1LC1RA_1LD0LC_1RA0LC	theories/Machines/Bulk/Bulk_024.v	3	0	179
1RB0RD_1LC1RA_1LD0LC_1RA1LD	nqh_1RB0RD_1LC1RA_1LD0LC_1RA1LD	theories/Machines/Bulk/Bulk_024.v	2	0	69
1RB0RD_1LC1RA_1LD0LD_1RA0LC	nqh_1RB0RD_1LC1RA_1LD0LD_1RA0LC	theories/Machines/Bulk/Bulk_024.v	3	0	213
1RB0RD_1LC1RA_1LD1LC_1RB0LC	nqh_1RB0RD_1LC1RA_1LD1LC_1RB0LC	theories/Machines/Bulk/Bulk_024.v	2	0	71
1RB0RD_1LC1RA_1RB1LA_1RA0LB	nqh_1RB0RD_1LC1RA_1RB1LA_1RA0LB	theories/Machines/Bulk/Bulk_024.v	2	0	57
1RB0RD_1LC1RB_1LA0RA_1LB0LB	nqh_1RB0RD_1LC1RB_1LA0RA_1LB0LB	theories/Machines/Bulk/Bulk_024.v	2	0	58
1RB0RD_1LC1RB_1LD0LC_1RA0LC	nqh_1RB0RD_1LC1RB_1LD0LC_1RA0LC	theories/Machines/Bulk/Bulk_024.v	3	0	127
1RB0RD_1LC1RB_1LD0LC_1RA1LD	nqh_1RB0RD_1LC1RB_1LD0LC_1RA1LD	theories/Machines/Bulk/Bulk_024.v	2	0	65
1RB0RD_1LC1RD_1LA1LC_0RA1RB	nqh_1RB0RD_1LC1RD_1LA1LC_0RA1RB	theories/Machines/Bulk/Bulk_024.v	2	0	38
1RB0RD_1LC1RD_1LA1LC_1LA1RB	nqh_1RB0RD_1LC1RD_1LA1LC_1LA1RB	theories/Machines/Bulk/Bulk_024.v	2	0	40
1RB0RD_1LC1RD_1LA1LC_1RC1RB	nqh_1RB0RD_1LC1RD_1LA1LC_1RC1RB	theories/Machines/Bulk/Bulk_024.v	2	0	41
1RB0RD_1LC1RD_1LD0LC_1RA0LC	nqh_1RB0RD_1LC1RD_1LD0LC_1RA0LC	theories/Machines/Bulk/Bulk_024.v	3	0	193
1RB0RD_1LC1RD_1LD0LC_1RA1LD	nqh_1RB0RD_1LC1RD_1LD0LC_1RA1LD	theories/Machines/Bulk/Bulk_024.v	3	0	216
1RB0RD_1RC---_0LA1RA_1LC1RD	nqh_1RB0RD_1RCXXX_0LA1RA_1LC1RD	theories/Machines/Bulk/Bulk_024.v	2	0	49
1RB0RD_1RC0LB_1LD0RA_0LD1LB	nqh_1RB0RD_1RC0LB_1LD0RA_0LD1LB	theories/Machines/Bulk/Bulk_024.v	3	0	228
1RB0RD_1RC0LC_0LA1RA_1LC1RB	nqh_1RB0RD_1RC0LC_0LA1RA_1LC1RB	theories/Machines/Bulk/Bulk_024.v	2	0	56
1RB0RD_1RC0LD_0LA1RB_1LC1LB	nqh_1RB0RD_1RC0LD_0LA1RB_1LC1LB	theories/Machines/Bulk/Bulk_024.v	3	0	121
1RB0RD_1RC0RD_0LA1RB_1LC1RD	nqh_1RB0RD_1RC0RD_0LA1RB_1LC1RD	theories/Machines/Bulk/Bulk_024.v	2	0	50
1RB0RD_1RC1LB_0RD0RA_1LD0LB	nqh_1RB0RD_1RC1LB_0RD0RA_1LD0LB	theories/Machines/Bulk/Bulk_024.v	3	0	172
1RB0RD_1RC1LB_0RD1LA_1LD0LB	nqh_1RB0RD_1RC1LB_0RD1LA_1LD0LB	theories/Machines/Bulk/Bulk_024.v	3	0	93
1RB0RD_1RC1LB_0RD1RA_1LD0LB	nqh_1RB0RD_1RC1LB_0RD1RA_1LD0LB	theories/Machines/Bulk/Bulk_024.v	3	0	69
1RB0RD_1RC1LB_1LB0RA_1LD0LB	nqh_1RB0RD_1RC1LB_1LB0RA_1LD0LB	theories/Machines/Bulk/Bulk_025.v	3	0	108
1RB0RD_1RC1LB_1LC1RA_1LD0LB	nqh_1RB0RD_1RC1LB_1LC1RA_1LD0LB	theories/Machines/Bulk/Bulk_025.v	2	0	60
1RB0RD_1RC1RA_1LA0RB_0LC1LD	nqh_1RB0RD_1RC1RA_1LA0RB_0LC1LD	theories/Machines/Bulk/Bulk_025.v	2	0	83
1RB0RD_1RC1RA_1LD0RB_1LA0LC	nqh_1RB0RD_1RC1RA_1LD0RB_1LA0LC	theories/Machines/Bulk/Bulk_025.v	3	0	91
1RB0RD_1RC1RA_1LD1LC_1RB0LC	nqh_1RB0RD_1RC1RA_1LD1LC_1RB0LC	theories/Machines/Bulk/Bulk_025.v	2	0	72
1RB0RD_1RC1RB_0LA1RA_1LC1RB	nqh_1RB0RD_1RC1RB_0LA1RA_1LC1RB	theories/Machines/Bulk/Bulk_025.v	2	0	44
1RB0RD_1RC1RD_0LA1RA_1LC1RB	nqh_1RB0RD_1RC1RD_0LA1RA_1LC1RB	theories/Machines/Bulk/Bulk_025.v	2	0	49
1RB1LA_0LA0LC_0RD1LC_0RB1RD	nqh_1RB1LA_0LA0LC_0RD1LC_0RB1RD	theories/Machines/Bulk/Bulk_025.v	2	0	128
1RB1LA_0LA0RC_0LD1LC_1RA1LB	nqh_1RB1LA_0LA0RC_0LD1LC_1RA1LB	theories/Machines/Bulk/Bulk_025.v	2	0	63
1RB1LA_0LA0RC_0LD1RC_1RA1LB	nqh_1RB1LA_0LA0RC_0LD1RC_1RA1LB	theories/Machines/Bulk/Bulk_025.v	2	0	88
1RB1LA_0LA0RC_0RD0RD_1LD0LA	nqh_1RB1LA_0LA0RC_0RD0RD_1LD0LA	theories/Machines/Bulk/Bulk_025.v	3	0	131
1RB1LA_0LA0RC_0RD1LB_1LD0LA	nqh_1RB1LA_0LA0RC_0RD1LB_1LD0LA	theories/Machines/Bulk/Bulk_025.v	3	0	134
1RB1LA_0LA0RC_0RD1RC_1LD0LA	nqh_1RB1LA_0LA0RC_0RD1RC_1LD0LA	theories/Machines/Bulk/Bulk_025.v	3	0	306
1RB1LA_0LA0RC_1LC1LD_0RA0LA	nqh_1RB1LA_0LA0RC_1LC1LD_0RA0LA	theories/Machines/Bulk/Bulk_025.v	2	0	57
1RB1LA_0LA0RC_1LC1LD_1RB0LA	nqh_1RB1LA_0LA0RC_1LC1LD_1RB0LA	theories/Machines/Bulk/Bulk_025.v	3	0	93
1RB1LA_0LA0RC_1RD1LB_1RB0LA	nqh_1RB1LA_0LA0RC_1RD1LB_1RB0LA	theories/Machines/Bulk/Bulk_025.v	2	0	57
1RB1LA_0LA1LC_1RD0LC_0RB0RD	nqh_1RB1LA_0LA1LC_1RD0LC_0RB0RD	theories/Machines/Bulk/Bulk_025.v	2	0	128
1RB1LA_0LA1RC_0RB0RD_0LB0RB	nqh_1RB1LA_0LA1RC_0RB0RD_0LB0RB	theories/Machines/Bulk/Bulk_025.v	2	0	49
1RB1LA_0LA1RC_0RB0RD_0LD0RB	nqh_1RB1LA_0LA1RC_0RB0RD_0LD0RB	theories/Machines/Bulk/Bulk_025.v	2	0	54
1RB1LA_0LA1RC_1LA0RD_0LB0RB	nqh_1RB1LA_0LA1RC_1LA0RD_0LB0RB	theories/Machines/Bulk/Bulk_025.v	2	0	46
1RB1LA_0LA1RC_1LA0RD_0LD0RB	nqh_1RB1LA_0LA1RC_1LA0RD_0LD0RB	theories/Machines/Bulk/Bulk_025.v	2	0	54
1RB1LA_0LA1RC_1RB0LD_0RB1LC	nqh_1RB1LA_0LA1RC_1RB0LD_0RB1LC	theories/Machines/Bulk/Bulk_025.v	3	0	101
1RB1LA_0LA1RC_1RB0LD_1LA1LC	nqh_1RB1LA_0LA1RC_1RB0LD_1LA1LC	theories/Machines/Bulk/Bulk_025.v	3	0	95
1RB1LA_0LA1RC_1RB0LD_1LB1LC	nqh_1RB1LA_0LA1RC_1RB0LD_1LB1LC	theories/Machines/Bulk/Bulk_025.v	3	0	100
1RB1LA_0LA1RC_1RB0LD_1LC1LC	nqh_1RB1LA_0LA1RC_1RB0LD_1LC1LC	theories/Machines/Bulk/Bulk_025.v	3	0	94
1RB1LA_0LA1RC_1RB0LD_1RA1LC	nqh_1RB1LA_0LA1RC_1RB0LD_1RA1LC	theories/Machines/Bulk/Bulk_025.v	3	0	100
1RB1LA_0LA1RC_1RB0LD_1RB1LC	nqh_1RB1LA_0LA1RC_1RB0LD_1RB1LC	theories/Machines/Bulk/Bulk_025.v	3	0	98
1RB1LA_0LA1RC_1RB0LD_1RC1LC	nqh_1RB1LA_0LA1RC_1RB0LD_1RC1LC	theories/Machines/Bulk/Bulk_025.v	3	0	100
1RB1LA_0LA1RC_1RB0LD_1RD1LC	nqh_1RB1LA_0LA1RC_1RB0LD_1RD1LC	theories/Machines/Bulk/Bulk_025.v	3	0	96
1RB1LA_0LA1RC_1RB0RD_0LB0RB	nqh_1RB1LA_0LA1RC_1RB0RD_0LB0RB	theories/Machines/Bulk/Bulk_025.v	2	0	46
1RB1LA_0LA1RC_1RB0RD_0LD0RB	nqh_1RB1LA_0LA1RC_1RB0RD_0LD0RB	theories/Machines/Bulk/Bulk_025.v	2	0	54
1RB1LA_0LA1RC_1RB1LD_0LA0LC	nqh_1RB1LA_0LA1RC_1RB1LD_0LA0LC	theories/Machines/Bulk/Bulk_025.v	2	0	49
1RB1LA_0LA1RC_1RB1LD_0LC0LC	nqh_1RB1LA_0LA1RC_1RB1LD_0LC0LC	theories/Machines/Bulk/Bulk_025.v	2	0	48
1RB1LA_0LA1RC_1RB1LD_0LC0RC	nqh_1RB1LA_0LA1RC_1RB1LD_0LC0RC	theories/Machines/Bulk/Bulk_025.v	2	0	57
1RB1LA_0LA1RC_1RB1LD_0RA0LC	nqh_1RB1LA_0LA1RC_1RB1LD_0RA0LC	theories/Machines/Bulk/Bulk_025.v	2	0	48
1RB1LA_0LA1RC_1RB1LD_1RC0LC	nqh_1RB1LA_0LA1RC_1RB1LD_1RC0LC	theories/Machines/Bulk/Bulk_025.v	2	0	49
1RB1LA_0LA1RC_1RD0RD_0LD0RB	nqh_1RB1LA_0LA1RC_1RD0RD_0LD0RB	theories/Machines/Bulk/Bulk_025.v	2	0	54
1RB1LA_0LB1RC_0RD0LB_1LD0LA	nqh_1RB1LA_0LB1RC_0RD0LB_1LD0LA	theories/Machines/Bulk/Bulk_025.v	2	0	60
1RB1LA_0LB1RC_0RD0RB_1LD0LA	nqh_1RB1LA_0LB1RC_0RD0RB_1LD0LA	theories/Machines/Bulk/Bulk_025.v	2	0	84
1RB1LA_0LB1RC_0RD0RD_1LD0LA	nqh_1RB1LA_0LB1RC_0RD0RD_1LD0LA	theories/Machines/Bulk/Bulk_025.v	2	0	60
1RB1LA_0LB1RC_1LB0RD_1LD0LA	nqh_1RB1LA_0LB1RC_1LB0RD_1LD0LA	theories/Machines/Bulk/Bulk_025.v	2	0	68
1RB1LA_0LC0LC_0RD1RC_1LD0LA	nqh_1RB1LA_0LC0LC_0RD1RC_1LD0LA	theories/Machines/Bulk/Bulk_025.v	2	0	58
1RB1LA_0LC0RA_0RB1LD_1LC0LD	nqh_1RB1LA_0LC0RA_0RB1LD_1LC0LD	theories/Machines/Bulk/Bulk_025.v	2	0	88
1RB1LA_0LC0RA_1LA1LD_1LC0LD	nqh_1RB1LA_0LC0RA_1LA1LD_1LC0LD	theories/Machines/Bulk/Bulk_025.v	2	0	77
1RB1LA_0LC0RA_1LD1LC_0RB0LD	nqh_1RB1LA_0LC0RA_1LD1LC_0RB0LD	theories/Machines/Bulk/Bulk_025.v	2	0	96
1RB1LA_0LC0RA_1RA1LD_1LC0LD	nqh_1RB1LA_0LC0RA_1RA1LD_1LC0LD	theories/Machines/Bulk/Bulk_025.v	2	0	84
1RB1LA_0LC0RC_1LC1LD_0RA0LA	nqh_1RB1LA_0LC0RC_1LC1LD_0RA0LA	theories/Machines/Bulk/Bulk_025.v	2	0	60
1RB1LA_0LC0RC_1LC1LD_1RB0LA	nqh_1RB1LA_0LC0RC_1LC1LD_1RB0LA	theories/Machines/Bulk/Bulk_025.v	3	0	95
1RB1LA_0LC0RC_1RD1LB_0LA1RC	nqh_1RB1LA_0LC0RC_1RD1LB_0LA1RC	theories/Machines/Bulk/Bulk_025.v	2	0	80
1RB1LA_0LC0RD_0RD1RC_1LD0LA	nqh_1RB1LA_0LC0RD_0RD1RC_1LD0LA	theories/Machines/Bulk/Bulk_025.v	2	0	58
1RB1LA_0LC0RD_1LA0RC_1LD0LA	nqh_1RB1LA_0LC0RD_1LA0RC_1LD0LA	theories/Machines/Bulk/Bulk_026.v	2	0	66
1RB1LA_0LC0RD_1RA1LD_1LB0RA	nqh_1RB1LA_0LC0RD_1RA1LD_1LB0RA	theories/Machines/Bulk/Bulk_026.v	2	0	59
1RB1LA_0LC0RD_1RC1LD_1LB0RA	nqh_1RB1LA_0LC0RD_1RC1LD_1LB0RA	theories/Machines/Bulk/Bulk_026.v	2	0	70
1RB1LA_0LC1RC_0RA0LD_1LA1LC	nqh_1RB1LA_0LC1RC_0RA0LD_1LA1LC	theories/Machines/Bulk/Bulk_026.v	2	0	67
1RB1LA_0LC1RC_0RA0LD_1LC1LB	nqh_1RB1LA_0LC1RC_0RA0LD_1LC1LB	theories/Machines/Bulk/Bulk_026.v	2	0	62
1RB1LA_0LC1RC_0RD1RD_1LA0LD	nqh_1RB1LA_0LC1RC_0RD1RD_1LA0LD	theories/Machines/Bulk/Bulk_026.v	2	0	54
1RB1LA_0LC1RD_1RD1LB_0RA0RC	nqh_1RB1LA_0LC1RD_1RD1LB_0RA0RC	theories/Machines/Bulk/Bulk_026.v	2	0	44
1RB1LA_0RC0LD_1LC0LA_---1RB	nqh_1RB1LA_0RC0LD_1LC0LA_XXX1RB	theories/Machines/Bulk/Bulk_026.v	3	0	91
1RB1LA_0RC0LD_1LC0LA_0LA0RD	nqh_1RB1LA_0RC0LD_1LC0LA_0LA0RD	theories/Machines/Bulk/Bulk_026.v	3	0	98
1RB1LA_0RC0LD_1LC0LA_0RA0LD	nqh_1RB1LA_0RC0LD_1LC0LA_0RA0LD	theories/Machines/Bulk/Bulk_026.v	3	0	122
1RB1LA_0RC0LD_1LC0LA_0RB1RD	nqh_1RB1LA_0RC0LD_1LC0LA_0RB1RD	theories/Machines/Bulk/Bulk_026.v	3	0	223
1RB1LA_0RC0LD_1LC0LA_0RC1RD	nqh_1RB1LA_0RC0LD_1LC0LA_0RC1RD	theories/Machines/Bulk/Bulk_026.v	3	0	93
1RB1LA_0RC0LD_1LC0LA_1LB0RD	nqh_1RB1LA_0RC0LD_1LC0LA_1LB0RD	theories/Machines/Bulk/Bulk_026.v	3	0	104
1RB1LA_0RC0LD_1LC0LA_1RC0RD	nqh_1RB1LA_0RC0LD_1LC0LA_1RC0RD	theories/Machines/Bulk/Bulk_026.v	3	0	140
1RB1LA_0RC0LD_1LD0LA_1LC1RB	nqh_1RB1LA_0RC0LD_1LD0LA_1LC1RB	theories/Machines/Bulk/Bulk_026.v	2	0	46
1RB1LA_0RC0LD_1LD0RC_1RA0LD	nqh_1RB1LA_0RC0LD_1LD0RC_1RA0LD	theories/Machines/Bulk/Bulk_026.v	2	0	67
1RB1LA_0RC0RB_1LD1RC_0LA0LD	nqh_1RB1LA_0RC0RB_1LD1RC_0LA0LD	theories/Machines/Bulk/Bulk_026.v	2	0	128
1RB1LA_0RC0RB_1LD1RC_0LA1LD	nqh_1RB1LA_0RC0RB_1LD1RC_0LA1LD	theories/Machines/Bulk/Bulk_026.v	2	0	103
1RB1LA_0RC0RC_0RD0LA_1LC1LD	nqh_1RB1LA_0RC0RC_0RD0LA_1LC1LD	theories/Machines/Bulk/Bulk_026.v	3	0	109
1RB1LA_0RC0RC_1LC0LD_1RB1LA	nqh_1RB1LA_0RC0RC_1LC0LD_1RB1LA	theories/Machines/Bulk/Bulk_026.v	3	0	85
1RB1LA_0RC0RC_1LC1LD_0RA0LA	nqh_1RB1LA_0RC0RC_1LC1LD_0RA0LA	theories/Machines/Bulk/Bulk_026.v	2	0	56
1RB1LA_0RC0RC_1LC1LD_0RD0LA	nqh_1RB1LA_0RC0RC_1LC1LD_0RD0LA	theories/Machines/Bulk/Bulk_026.v	2	0	57
1RB1LA_0RC0RC_1LC1LD_1RB0LA	nqh_1RB1LA_0RC0RC_1LC1LD_1RB0LA	theories/Machines/Bulk/Bulk_026.v	3	0	90
1RB1LA_0RC0RC_1LD0LA_1LC---	nqh_1RB1LA_0RC0RC_1LD0LA_1LCXXX	theories/Machines/Bulk/Bulk_026.v	2	0	44
1RB1LA_0RC0RC_1LD0LA_1LD0LA	nqh_1RB1LA_0RC0RC_1LD0LA_1LD0LA	theories/Machines/Bulk/Bulk_026.v	2	0	44
1RB1LA_0RC0RC_1LD1LA_1LD0LA	nqh_1RB1LA_0RC0RC_1LD1LA_1LD0LA	theories/Machines/Bulk/Bulk_026.v	2	0	44
1RB1LA_0RC0RC_1LD1RC_0LC0LA	nqh_1RB1LA_0RC0RC_1LD1RC_0LC0LA	theories/Machines/Bulk/Bulk_026.v	2	0	76
1RB1LA_0RC0RC_1LD1RC_1LD0LA	nqh_1RB1LA_0RC0RC_1LD1RC_1LD0LA	theories/Machines/Bulk/Bulk_026.v	2	0	75
1RB1LA_0RC0RC_1RD0LA_1LD0LC	nqh_1RB1LA_0RC0RC_1RD0LA_1LD0LC	theories/Machines/Bulk/Bulk_026.v	3	0	139
1RB1LA_0RC0RD_0LD0LA_1LC1RD	nqh_1RB1LA_0RC0RD_0LD0LA_1LC1RD	theories/Machines/Bulk/Bulk_026.v	2	0	86
1RB1LA_0RC0RD_0LD0RB_0LA1LD	nqh_1RB1LA_0RC0RD_0LD0RB_0LA1LD	theories/Machines/Bulk/Bulk_026.v	2	0	96
1RB1LA_0RC0RD_1LC0LA_0LA0LA	nqh_1RB1LA_0RC0RD_1LC0LA_0LA0LA	theories/Machines/Bulk/Bulk_026.v	3	0	87
1RB1LA_0RC0RD_1LC0LA_0LA0RC	nqh_1RB1LA_0RC0RD_1LC0LA_0LA0RC	theories/Machines/Bulk/Bulk_026.v	3	0	172
1RB1LA_0RC0RD_1LC0LA_0LA1LB	nqh_1RB1LA_0RC0RD_1LC0LA_0LA1LB	theories/Machines/Bulk/Bulk_026.v	3	0	91
1RB1LA_0RC0RD_1LC0LA_0LA1RC	nqh_1RB1LA_0RC0RD_1LC0LA_0LA1RC	theories/Machines/Bulk/Bulk_026.v	3	0	140
1RB1LA_0RC0RD_1LC0LA_0LB0LA	nqh_1RB1LA_0RC0RD_1LC0LA_0LB0LA	theories/Machines/Bulk/Bulk_026.v	3	0	92
1RB1LA_0RC0RD_1LC0LA_0LB0RC	nqh_1RB1LA_0RC0RD_1LC0LA_0LB0RC	theories/Machines/Bulk/Bulk_026.v	3	0	173
1RB1LA_0RC0RD_1LC0LA_0LB1LA	nqh_1RB1LA_0RC0RD_1LC0LA_0LB1LA	theories/Machines/Bulk/Bulk_026.v	3	0	123
1RB1LA_0RC0RD_1LC0LA_0LB1LB	nqh_1RB1LA_0RC0RD_1LC0LA_0LB1LB	theories/Machines/Bulk/Bulk_026.v	3	0	96
1RB1LA_0RC0RD_1LC0LA_0LB1RD	nqh_1RB1LA_0RC0RD_1LC0LA_0LB1RD	theories/Machines/Bulk/Bulk_026.v	3	0	194
1RB1LA_0RC0RD_1LC0LA_0RA0LA	nqh_1RB1LA_0RC0RD_1LC0LA_0RA0LA	theories/Machines/Bulk/Bulk_026.v	3	0	148
1RB1LA_0RC0RD_1LC0LA_0RA0RC	nqh_1RB1LA_0RC0RD_1LC0LA_0RA0RC	theories/Machines/Bulk/Bulk_026.v	3	0	184
1RB1LA_0RC0RD_1LC0LA_0RA1LB	nqh_1RB1LA_0RC0RD_1LC0LA_0RA1LB	theories/Machines/Bulk/Bulk_026.v	3	0	156
1RB1LA_0RC0RD_1LC0LA_0RC0LA	nqh_1RB1LA_0RC0RD_1LC0LA_0RC0LA	theories/Machines/Bulk/Bulk_026.v	3	0	150
1RB1LA_0RC0RD_1LC0LA_0RC0RC	nqh_1RB1LA_0RC0RD_1LC0LA_0RC0RC	theories/Machines/Bulk/Bulk_026.v	3	0	172
1RB1LA_0RC0RD_1LC0LA_0RC1LB	nqh_1RB1LA_0RC0RD_1LC0LA_0RC1LB	theories/Machines/Bulk/Bulk_026.v	3	0	152
1RB1LA_0RC0RD_1LC0LA_0RC1LD	nqh_1RB1LA_0RC0RD_1LC0LA_0RC1LD	theories/Machines/Bulk/Bulk_026.v	3	0	166
1RB1LA_0RC0RD_1LC0LA_0RD0LA	nqh_1RB1LA_0RC0RD_1LC0LA_0RD0LA	theories/Machines/Bulk/Bulk_026.v	3	0	150
1RB1LA_0RC0RD_1LC0LA_0RD1LB	nqh_1RB1LA_0RC0RD_1LC0LA_0RD1LB	theories/Machines/Bulk/Bulk_026.v	3	0	160
1RB1LA_0RC0RD_1LC0LA_1LA0LA	nqh_1RB1LA_0RC0RD_1LC0LA_1LA0LA	theories/Machines/Bulk/Bulk_026.v	3	0	94
1RB1LA_0RC0RD_1LC0LA_1LA0RC	nqh_1RB1LA_0RC0RD_1LC0LA_1LA0RC	theories/Machines/Bulk/Bulk_027.v	3	0	172
1RB1LA_0RC0RD_1LC0LA_1LA1LB	nqh_1RB1LA_0RC0RD_1LC0LA_1LA1LB	theories/Machines/Bulk/Bulk_027.v	3	0	98
1RB1LA_0RC0RD_1LC0LA_1LB0LA	nqh_1RB1LA_0RC0RD_1LC0LA_1LB0LA	theories/Machines/Bulk/Bulk_027.v	3	0	87
1RB1LA_0RC0RD_1LC0LA_1LB0RC	nqh_1RB1LA_0RC0RD_1LC0LA_1LB0RC	theories/Machines/Bulk/Bulk_027.v	3	0	172
1RB1LA_0RC0RD_1LC0LA_1LB1LB	nqh_1RB1LA_0RC0RD_1LC0LA_1LB1LB	theories/Machines/Bulk/Bulk_027.v	3	0	91
1RB1LA_0RC0RD_1LC0LA_1LB1RC	nqh_1RB1LA_0RC0RD_1LC0LA_1LB1RC	theories/Machines/Bulk/Bulk_027.v	3	0	140
1RB1LA_0RC0RD_1LC0LA_1LC0LA	nqh_1RB1LA_0RC0RD_1LC0LA_1LC0LA	theories/Machines/Bulk/Bulk_027.v	3	0	89
1RB1LA_0RC0RD_1LC0LA_1LC0RC	nqh_1RB1LA_0RC0RD_1LC0LA_1LC0RC	theories/Machines/Bulk/Bulk_027.v	3	0	172
1RB1LA_0RC0RD_1LC0LA_1LC1LA	nqh_1RB1LA_0RC0RD_1LC0LA_1LC1LA	theories/Machines/Bulk/Bulk_027.v	3	0	118
1RB1LA_0RC0RD_1LC0LA_1LC1LB	nqh_1RB1LA_0RC0RD_1LC0LA_1LC1LB	theories/Machines/Bulk/Bulk_027.v	3	0	93
1RB1LA_0RC0RD_1LC0LA_1LD0LA	nqh_1RB1LA_0RC0RD_1LC0LA_1LD0LA	theories/Machines/Bulk/Bulk_027.v	3	0	89
1RB1LA_0RC0RD_1LC0LA_1LD0RC	nqh_1RB1LA_0RC0RD_1LC0LA_1LD0RC	theories/Machines/Bulk/Bulk_027.v	3	0	181
1RB1LA_0RC0RD_1LC0LA_1LD1LB	nqh_1RB1LA_0RC0RD_1LC0LA_1LD1LB	theories/Machines/Bulk/Bulk_027.v	3	0	95
1RB1LA_0RC0RD_1LC0LA_1RA0LA	nqh_1RB1LA_0RC0RD_1LC0LA_1RA0LA	theories/Machines/Bulk/Bulk_027.v	3	0	100
1RB1LA_0RC0RD_1LC0LA_1RA0RC	nqh_1RB1LA_0RC0RD_1LC0LA_1RA0RC	theories/Machines/Bulk/Bulk_027.v	3	0	173
1RB1LA_0RC0RD_1LC0LA_1RA1LB	nqh_1RB1LA_0RC0RD_1LC0LA_1RA1LB	theories/Machines/Bulk/Bulk_027.v	3	0	104
1RB1LA_0RC0RD_1LC0LA_1RB0LA	nqh_1RB1LA_0RC0RD_1LC0LA_1RB0LA	theories/Machines/Bulk/Bulk_027.v	3	0	140
1RB1LA_0RC0RD_1LC0LA_1RB0LD	nqh_1RB1LA_0RC0RD_1LC0LA_1RB0LD	theories/Machines/Bulk/Bulk_027.v	3	0	152
1RB1LA_0RC0RD_1LC0LA_1RB0RC	nqh_1RB1LA_0RC0RD_1LC0LA_1RB0RC	theories/Machines/Bulk/Bulk_027.v	3	0	176
1RB1LA_0RC0RD_1LC0LA_1RB1LB	nqh_1RB1LA_0RC0RD_1LC0LA_1RB1LB	theories/Machines/Bulk/Bulk_027.v	3	0	148
1RB1LA_0RC0RD_1LC0LA_1RC0LA	nqh_1RB1LA_0RC0RD_1LC0LA_1RC0LA	theories/Machines/Bulk/Bulk_027.v	3	0	158
1RB1LA_0RC0RD_1LC0LA_1RC1LB	nqh_1RB1LA_0RC0RD_1LC0LA_1RC1LB	theories/Machines/Bulk/Bulk_027.v	3	0	164
1RB1LA_0RC0RD_1LC0LA_1RD0RC	nqh_1RB1LA_0RC0RD_1LC0LA_1RD0RC	theories/Machines/Bulk/Bulk_027.v	3	0	176
1RB1LA_0RC0RD_1LC0LA_1RD1LB	nqh_1RB1LA_0RC0RD_1LC0LA_1RD1LB	theories/Machines/Bulk/Bulk_027.v	3	0	168
1RB1LA_0RC0RD_1LC0LA_1RD1RC	nqh_1RB1LA_0RC0RD_1LC0LA_1RD1RC	theories/Machines/Bulk/Bulk_027.v	6	0	583
1RB1LA_0RC0RD_1LD0LA_1LC0LA	nqh_1RB1LA_0RC0RD_1LD0LA_1LC0LA	theories/Machines/Bulk/Bulk_027.v	2	0	59
1RB1LA_0RC0RD_1LD0LA_1LC1LB	nqh_1RB1LA_0RC0RD_1LD0LA_1LC1LB	theories/Machines/Bulk/Bulk_027.v	2	0	64
1RB1LA_0RC0RD_1LD0LA_1LD0LA	nqh_1RB1LA_0RC0RD_1LD0LA_1LD0LA	theories/Machines/Bulk/Bulk_027.v	2	0	52
1RB1LA_0RC0RD_1LD1LA_1LD0LA	nqh_1RB1LA_0RC0RD_1LD1LA_1LD0LA	theories/Machines/Bulk/Bulk_027.v	2	0	60
1RB1LA_0RC0RD_1LD1RC_0LC0LA	nqh_1RB1LA_0RC0RD_1LD1RC_0LC0LA	theories/Machines/Bulk/Bulk_027.v	2	0	86
1RB1LA_0RC0RD_1LD1RC_1LC0LA	nqh_1RB1LA_0RC0RD_1LD1RC_1LC0LA	theories/Machines/Bulk/Bulk_027.v	2	0	86
1RB1LA_0RC0RD_1LD1RC_1LD0LA	nqh_1RB1LA_0RC0RD_1LD1RC_1LD0LA	theories/Machines/Bulk/Bulk_027.v	2	0	85
1RB1LA_0RC1LB_1LC1LD_0RD0LA	nqh_1RB1LA_0RC1LB_1LC1LD_0RD0LA	theories/Machines/Bulk/Bulk_027.v	2	0	61
1RB1LA_0RC1LC_1LC1LD_0RD0LA	nqh_1RB1LA_0RC1LC_1LC1LD_0RD0LA	theories/Machines/Bulk/Bulk_027.v	2	0	58
1RB1LA_0RC1LC_1LD0LA_1LB---	nqh_1RB1LA_0RC1LC_1LD0LA_1LBXXX	theories/Machines/Bulk/Bulk_027.v	2	0	50
1RB1LA_0RC1LC_1RD0LA_0LA0RA	nqh_1RB1LA_0RC1LC_1RD0LA_0LA0RA	theories/Machines/Bulk/Bulk_027.v	2	0	68
1RB1LA_0RC1LC_1RD0LA_0LA1RB	nqh_1RB1LA_0RC1LC_1RD0LA_0LA1RB	theories/Machines/Bulk/Bulk_027.v	2	0	67
1RB1LA_0RC1LC_1RD0LA_1LA0RA	nqh_1RB1LA_0RC1LC_1RD0LA_1LA0RA	theories/Machines/Bulk/Bulk_027.v	2	0	67
1RB1LA_0RC1LC_1RD0LA_1LA1RB	nqh_1RB1LA_0RC1LC_1RD0LA_1LA1RB	theories/Machines/Bulk/Bulk_027.v	2	0	65
1RB1LA_0RC1LC_1RD0LA_1LB0RA	nqh_1RB1LA_0RC1LC_1RD0LA_1LB0RA	theories/Machines/Bulk/Bulk_027.v	2	0	76
1RB1LA_0RC1LC_1RD0LA_1LB1RB	nqh_1RB1LA_0RC1LC_1RD0LA_1LB1RB	theories/Machines/Bulk/Bulk_027.v	2	0	74
1RB1LA_0RC1LD_1LC0LA_---0RC	nqh_1RB1LA_0RC1LD_1LC0LA_XXX0RC	theories/Machines/Bulk/Bulk_027.v	3	0	96
1RB1LA_0RC1LD_1LC0LA_0RB0LD	nqh_1RB1LA_0RC1LD_1LC0LA_0RB0LD	theories/Machines/Bulk/Bulk_027.v	3	0	103
1RB1LA_0RC1LD_1LC0LA_0RC0RB	nqh_1RB1LA_0RC1LD_1LC0LA_0RC0RB	theories/Machines/Bulk/Bulk_027.v	3	0	104
1RB1LA_0RC1LD_1LC0RB_0LA0LD	nqh_1RB1LA_0RC1LD_1LC0RB_0LA0LD	theories/Machines/Bulk/Bulk_027.v	5	0	729
1RB1LA_0RC1LD_1LC1LD_0RD0LA	nqh_1RB1LA_0RC1LD_1LC1LD_0RD0LA	theories/Machines/Bulk/Bulk_027.v	2	0	57
1RB1LA_0RC1LD_1LD0LA_1LB0LA	nqh_1RB1LA_0RC1LD_1LD0LA_1LB0LA	theories/Machines/Bulk/Bulk_027.v	2	0	51
1RB1LA_0RC1LD_1LD0LA_1LC0RC	nqh_1RB1LA_0RC1LD_1LD0LA_1LC0RC	theories/Machines/Bulk/Bulk_027.v	2	0	49
1RB1LA_0RC1LD_1LD0RD_1RA0LA	nqh_1RB1LA_0RC1LD_1LD0RD_1RA0LA	theories/Machines/Bulk/Bulk_027.v	2	0	71
1RB1LA_0RC1LD_1LD1RD_1RA0LD	nqh_1RB1LA_0RC1LD_1LD1RD_1RA0LD	theories/Machines/Bulk/Bulk_027.v	2	0	65
1RB1LA_0RC1RB_1LD1RC_0LA0LD	nqh_1RB1LA_0RC1RB_1LD1RC_0LA0LD	theories/Machines/Bulk/Bulk_028.v	2	0	94
1RB1LA_0RC1RC_0LD0RB_0LA1LD	nqh_1RB1LA_0RC1RC_0LD0RB_0LA1LD	theories/Machines/Bulk/Bulk_028.v	2	0	128
1RB1LA_0RC1RC_1RD0RD_1LA0LB	nqh_1RB1LA_0RC1RC_1RD0RD_1LA0LB	theories/Machines/Bulk/Bulk_028.v	2	0	55
1RB1LA_0RC1RD_1LC0LA_0LD0RC	nqh_1RB1LA_0RC1RD_1LC0LA_0LD0RC	theories/Machines/Bulk/Bulk_028.v	3	0	88
1RB1LA_0RC1RD_1LC0LA_0RA0RC	nqh_1RB1LA_0RC1RD_1LC0LA_0RA0RC	theories/Machines/Bulk/Bulk_028.v	3	0	101
1RB1LA_0RC1RD_1LC0LA_0RB0RC	nqh_1RB1LA_0RC1RD_1LC0LA_0RB0RC	theories/Machines/Bulk/Bulk_028.v	3	0	138
1RB1LA_0RC1RD_1LC0LA_0RC0LB	nqh_1RB1LA_0RC1RD_1LC0LA_0RC0LB	theories/Machines/Bulk/Bulk_028.v	3	0	90
1RB1LA_0RC1RD_1LC0LA_0RC0RC	nqh_1RB1LA_0RC1RD_1LC0LA_0RC0RC	theories/Machines/Bulk/Bulk_028.v	3	0	83
1RB1LA_0RC1RD_1LC0LA_0RD0RC	nqh_1RB1LA_0RC1RD_1LC0LA_0RD0RC	theories/Machines/Bulk/Bulk_028.v	3	0	148
1RB1LA_0RC1RD_1LC0LA_1LA0RC	nqh_1RB1LA_0RC1RD_1LC0LA_1LA0RC	theories/Machines/Bulk/Bulk_028.v	3	0	83
1RB1LA_0RC1RD_1LC0LA_1LB0RC	nqh_1RB1LA_0RC1RD_1LC0LA_1LB0RC	theories/Machines/Bulk/Bulk_028.v	3	0	83
1RB1LA_0RC1RD_1LC0LA_1LD0RC	nqh_1RB1LA_0RC1RD_1LC0LA_1LD0RC	theories/Machines/Bulk/Bulk_028.v	3	0	84
1RB1LA_0RC1RD_1LC0LA_1RA0RC	nqh_1RB1LA_0RC1RD_1LC0LA_1RA0RC	theories/Machines/Bulk/Bulk_028.v	3	0	84
1RB1LA_0RC1RD_1LC0LA_1RB0RC	nqh_1RB1LA_0RC1RD_1LC0LA_1RB0RC	theories/Machines/Bulk/Bulk_028.v	3	0	93
1RB1LA_0RC1RD_1LC0LA_1RD0RC	nqh_1RB1LA_0RC1RD_1LC0LA_1RD0RC	theories/Machines/Bulk/Bulk_028.v	3	0	87
1RB1LA_1LA0RC_0LA0RD_1LD0LA	nqh_1RB1LA_1LA0RC_0LA0RD_1LD0LA	theories/Machines/Bulk/Bulk_028.v	3	0	106
1RB1LA_1LA0RC_0LB0RD_1LD0LA	nqh_1RB1LA_1LA0RC_0LB0RD_1LD0LA	theories/Machines/Bulk/Bulk_028.v	3	0	104
1RB1LA_1LA0RC_0RA0RD_1LD0LA	nqh_1RB1LA_1LA0RC_0RA0RD_1LD0LA	theories/Machines/Bulk/Bulk_028.v	3	0	144
1RB1LA_1LA0RC_0RC0RD_1LD0LA	nqh_1RB1LA_1LA0RC_0RC0RD_1LD0LA	theories/Machines/Bulk/Bulk_028.v	3	0	169
1RB1LA_1LA0RC_0RD0RD_1LD0LA	nqh_1RB1LA_1LA0RC_0RD0RD_1LD0LA	theories/Machines/Bulk/Bulk_028.v	3	0	103
1RB1LA_1LA0RC_1LA0RD_1LD0LA	nqh_1RB1LA_1LA0RC_1LA0RD_1LD0LA	theories/Machines/Bulk/Bulk_028.v	3	0	103
1RB1LA_1LA0RC_1LB0RD_1LD0LA	nqh_1RB1LA_1LA0RC_1LB0RD_1LD0LA	theories/Machines/Bulk/Bulk_028.v	3	0	103
1RB1LA_1LA0RC_1LC0LD_0RB1LA	nqh_1RB1LA_1LA0RC_1LC0LD_0RB1LA	theories/Machines/Bulk/Bulk_028.v	2	0	52
1RB1LA_1LA0RC_1LC0RD_1LD0LA	nqh_1RB1LA_1LA0RC_1LC0RD_1LD0LA	theories/Machines/Bulk/Bulk_028.v	3	0	106
1RB1LA_1LA0RC_1LC1LD_0RA0LA	nqh_1RB1LA_1LA0RC_1LC1LD_0RA0LA	theories/Machines/Bulk/Bulk_028.v	2	0	56
1RB1LA_1LA0RC_1LC1LD_1RB0LA	nqh_1RB1LA_1LA0RC_1LC1LD_1RB0LA	theories/Machines/Bulk/Bulk_028.v	3	0	88
1RB1LA_1LA0RC_1LD0RD_1LD0LA	nqh_1RB1LA_1LA0RC_1LD0RD_1LD0LA	theories/Machines/Bulk/Bulk_028.v	3	0	103
1RB1LA_1LA0RC_1LD1LA_1LD0LA	nqh_1RB1LA_1LA0RC_1LD1LA_1LD0LA	theories/Machines/Bulk/Bulk_028.v	2	0	44
1RB1LA_1LA0RC_1RA0RD_1LD0LA	nqh_1RB1LA_1LA0RC_1RA0RD_1LD0LA	theories/Machines/Bulk/Bulk_028.v	3	0	107
1RB1LA_1LA0RC_1RB0RD_1LD0LA	nqh_1RB1LA_1LA0RC_1RB0RD_1LD0LA	theories/Machines/Bulk/Bulk_028.v	3	0	136
1RB1LA_1LA0RC_1RC0RD_1LD0LA	nqh_1RB1LA_1LA0RC_1RC0RD_1LD0LA	theories/Machines/Bulk/Bulk_028.v	3	0	153
1RB1LA_1LA0RC_1RD0RD_1LD0LA	nqh_1RB1LA_1LA0RC_1RD0RD_1LD0LA	theories/Machines/Bulk/Bulk_028.v	3	0	192
1RB1LA_1LA1RC_0LD0RB_0LA1LD	nqh_1RB1LA_1LA1RC_0LD0RB_0LA1LD	theories/Machines/Bulk/Bulk_028.v	2	0	87
1RB1LA_1LA1RC_0RD1RD_1LA0LD	nqh_1RB1LA_1LA1RC_0RD1RD_1LA0LD	theories/Machines/Bulk/Bulk_028.v	2	0	53
1RB1LA_1LA1RC_1RB0LD_1LA1LC	nqh_1RB1LA_1LA1RC_1RB0LD_1LA1LC	theories/Machines/Bulk/Bulk_028.v	3	0	87
1RB1LA_1LA1RC_1RB0LD_1LC1LC	nqh_1RB1LA_1LA1RC_1RB0LD_1LC1LC	theories/Machines/Bulk/Bulk_028.v	3	0	86
1RB1LA_1LA1RC_1RB0LD_1RA1LC	nqh_1RB1LA_1LA1RC_1RB0LD_1RA1LC	theories/Machines/Bulk/Bulk_028.v	3	0	92
1RB1LA_1LA1RC_1RB0LD_1RC1LC	nqh_1RB1LA_1LA1RC_1RB0LD_1RC1LC	theories/Machines/Bulk/Bulk_028.v	3	0	92
1RB1LA_1LA1RC_1RB0LD_1RD1LC	nqh_1RB1LA_1LA1RC_1RB0LD_1RD1LC	theories/Machines/Bulk/Bulk_028.v	3	0	88
1RB1LA_1LA1RC_1RB1LD_0LB0LC	nqh_1RB1LA_1LA1RC_1RB1LD_0LB0LC	theories/Machines/Bulk/Bulk_028.v	2	0	43
1RB1LA_1LA1RC_1RB1LD_0RA0LC	nqh_1RB1LA_1LA1RC_1RB1LD_0RA0LC	theories/Machines/Bulk/Bulk_028.v	2	0	44
1RB1LA_1LB0RC_1LC1LD_0RA0LA	nqh_1RB1LA_1LB0RC_1LC1LD_0RA0LA	theories/Machines/Bulk/Bulk_028.v	2	0	63
1RB1LA_1LB0RC_1LC1LD_1RB0LA	nqh_1RB1LA_1LB0RC_1LC1LD_1RB0LA	theories/Machines/Bulk/Bulk_028.v	3	0	95
1RB1LA_1LB0RC_1LD1LA_1LD0LA	nqh_1RB1LA_1LB0RC_1LD1LA_1LD0LA	theories/Machines/Bulk/Bulk_028.v	2	0	50
1RB1LA_1LB0RC_1LD1RC_0LC0LA	nqh_1RB1LA_1LB0RC_1LD1RC_0LC0LA	theories/Machines/Bulk/Bulk_028.v	2	0	83
1RB1LA_1LB0RC_1LD1RC_0LD0LA	nqh_1RB1LA_1LB0RC_1LD1RC_0LD0LA	theories/Machines/Bulk/Bulk_028.v	2	0	96
1RB1LA_1LB0RC_1LD1RC_1LD0LA	nqh_1RB1LA_1LB0RC_1LD1RC_1LD0LA	theories/Machines/Bulk/Bulk_028.v	2	0	83
1RB1LA_1LB1RC_0LC0RD_1LD0LA	nqh_1RB1LA_1LB1RC_0LC0RD_1LD0LA	theories/Machines/Bulk/Bulk_028.v	2	0	60
1RB1LA_1LB1RC_0RA0RD_1LD0LA	nqh_1RB1LA_1LB1RC_0RA0RD_1LD0LA	theories/Machines/Bulk/Bulk_028.v	2	0	76
1RB1LA_1LB1RC_0RB0RD_1LD0LA	nqh_1RB1LA_1LB1RC_0RB0RD_1LD0LA	theories/Machines/Bulk/Bulk_028.v	2	0	84
1RB1LA_1LB1RC_0RC0RD_1LD0LA	nqh_1RB1LA_1LB1RC_0RC0RD_1LD0LA	theories/Machines/Bulk/Bulk_029.v	3	0	171
1RB1LA_1LB1RC_0RD0LB_1LD0LA	nqh_1RB1LA_1LB1RC_0RD0LB_1LD0LA	theories/Machines/Bulk/Bulk_029.v	2	0	68
1RB1LA_1LB1RC_0RD0RD_1LD0LA	nqh_1RB1LA_1LB1RC_0RD0RD_1LD0LA	theories/Machines/Bulk/Bulk_029.v	2	0	60
1RB1LA_1LB1RC_1LA0RD_1LD0LA	nqh_1RB1LA_1LB1RC_1LA0RD_1LD0LA	theories/Machines/Bulk/Bulk_029.v	2	0	60
1RB1LA_1LB1RC_1LB0RD_1LD0LA	nqh_1RB1LA_1LB1RC_1LB0RD_1LD0LA	theories/Machines/Bulk/Bulk_029.v	2	0	60
1RB1LA_1LB1RC_1LC0RD_1LD0LA	nqh_1RB1LA_1LB1RC_1LC0RD_1LD0LA	theories/Machines/Bulk/Bulk_029.v	2	0	60
1RB1LA_1LB1RC_1RA0RD_1LD0LA	nqh_1RB1LA_1LB1RC_1RA0RD_1LD0LA	theories/Machines/Bulk/Bulk_029.v	2	0	65
1RB1LA_1LB1RC_1RB0RD_1LD0LA	nqh_1RB1LA_1LB1RC_1RB0RD_1LD0LA	theories/Machines/Bulk/Bulk_029.v	2	0	62
1RB1LA_1LB1RC_1RC0RD_1LD0LA	nqh_1RB1LA_1LB1RC_1RC0RD_1LD0LA	theories/Machines/Bulk/Bulk_029.v	3	0	102
1RB1LA_1LC0RA_0LD1LC_0RA0LA	nqh_1RB1LA_1LC0RA_0LD1LC_0RA0LA	theories/Machines/Bulk/Bulk_029.v	2	0	60
1RB1LA_1LC0RA_0LD1LC_1LA0LA	nqh_1RB1LA_1LC0RA_0LD1LC_1LA0LA	theories/Machines/Bulk/Bulk_029.v	2	0	60
1RB1LA_1LC0RA_0LD1LC_1RA0LA	nqh_1RB1LA_1LC0RA_0LD1LC_1RA0LA	theories/Machines/Bulk/Bulk_029.v	2	0	60
1RB1LA_1LC0RA_0LD1LC_1RD0LA	nqh_1RB1LA_1LC0RA_0LD1LC_1RD0LA	theories/Machines/Bulk/Bulk_029.v	2	0	69
1RB1LA_1LC0RA_0RA1LD_0LC0LD	nqh_1RB1LA_1LC0RA_0RA1LD_0LC0LD	theories/Machines/Bulk/Bulk_029.v	2	0	76
1RB1LA_1LC0RA_0RB1LD_0LC0LD	nqh_1RB1LA_1LC0RA_0RB1LD_0LC0LD	theories/Machines/Bulk/Bulk_029.v	2	0	104
1RB1LA_1LC0RA_0RB1LD_1LC0LD	nqh_1RB1LA_1LC0RA_0RB1LD_1LC0LD	theories/Machines/Bulk/Bulk_029.v	2	0	80
1RB1LA_1LC0RA_0RD0LC_1LB0RA	nqh_1RB1LA_1LC0RA_0RD0LC_1LB0RA	theories/Machines/Bulk/Bulk_029.v	2	0	75
1RB1LA_1LC0RA_0RD0LC_1LB1LA	nqh_1RB1LA_1LC0RA_0RD0LC_1LB1LA	theories/Machines/Bulk/Bulk_029.v	2	0	70
1RB1LA_1LC0RA_0RD0LC_1LB1RA	nqh_1RB1LA_1LC0RA_0RD0LC_1LB1RA	theories/Machines/Bulk/Bulk_029.v	2	0	76
1RB1LA_1LC0RA_0RD0LC_1LB1RB	nqh_1RB1LA_1LC0RA_0RD0LC_1LB1RB	theories/Machines/Bulk/Bulk_029.v	2	0	69
1RB1LA_1LC0RA_0RD0LC_1LB1RD	nqh_1RB1LA_1LC0RA_0RD0LC_1LB1RD	theories/Machines/Bulk/Bulk_029.v	2	0	81
1RB1LA_1LC0RA_1LA1LD_0LC0LD	nqh_1RB1LA_1LC0RA_1LA1LD_0LC0LD	theories/Machines/Bulk/Bulk_029.v	2	0	81
1RB1LA_1LC0RA_1LA1LD_1LC0LD	nqh_1RB1LA_1LC0RA_1LA1LD_1LC0LD	theories/Machines/Bulk/Bulk_029.v	2	0	69
1RB1LA_1LC0RA_1LD0LC_0RB0LA	nqh_1RB1LA_1LC0RA_1LD0LC_0RB0LA	theories/Machines/Bulk/Bulk_029.v	2	0	75
1RB1LA_1LC0RA_1LD0LC_0RB1LC	nqh_1RB1LA_1LC0RA_1LD0LC_0RB1LC	theories/Machines/Bulk/Bulk_029.v	2	0	82
1RB1LA_1LC0RA_1LD0LC_1LA1LC	nqh_1RB1LA_1LC0RA_1LD0LC_1LA1LC	theories/Machines/Bulk/Bulk_029.v	2	0	71
1RB1LA_1LC0RA_1LD0LC_1RA1LC	nqh_1RB1LA_1LC0RA_1LD0LC_1RA1LC	theories/Machines/Bulk/Bulk_029.v	2	0	78
1RB1LA_1LC0RA_1LD0LD_0RB0LC	nqh_1RB1LA_1LC0RA_1LD0LD_0RB0LC	theories/Machines/Bulk/Bulk_029.v	2	0	104
1RB1LA_1LC0RA_1LD0LD_0RB0LD	nqh_1RB1LA_1LC0RA_1LD0LD_0RB0LD	theories/Machines/Bulk/Bulk_029.v	2	0	79
1RB1LA_1LC0RA_1LD1LC_0RB0LD	nqh_1RB1LA_1LC0RA_1LD1LC_0RB0LD	theories/Machines/Bulk/Bulk_029.v	2	0	79
1RB1LA_1LC0RA_1LD1RC_1LA0LD	nqh_1RB1LA_1LC0RA_1LD1RC_1LA0LD	theories/Machines/Bulk/Bulk_029.v	2	0	65
1RB1LA_1LC0RA_1RA1LD_1LC0LD	nqh_1RB1LA_1LC0RA_1RA1LD_1LC0LD	theories/Machines/Bulk/Bulk_029.v	2	0	76
1RB1LA_1LC0RA_1RD0LB_0LA1RC	nqh_1RB1LA_1LC0RA_1RD0LB_0LA1RC	theories/Machines/Bulk/Bulk_029.v	3	0	117
1RB1LA_1LC0RA_1RD0LB_1LB1RC	nqh_1RB1LA_1LC0RA_1RD0LB_1LB1RC	theories/Machines/Bulk/Bulk_029.v	3	0	66
1RB1LA_1LC0RB_0LD1LA_1RA0LD	nqh_1RB1LA_1LC0RB_0LD1LA_1RA0LD	theories/Machines/Bulk/Bulk_029.v	2	0	73
1RB1LA_1LC0RB_0LD1RA_1RA0LD	nqh_1RB1LA_1LC0RB_0LD1RA_1RA0LD	theories/Machines/Bulk/Bulk_029.v	2	0	81
1RB1LA_1LC0RB_1RD0LC_1LA1RA	nqh_1RB1LA_1LC0RB_1RD0LC_1LA1RA	theories/Machines/Bulk/Bulk_029.v	2	0	92
1RB1LA_1LC0RB_1RD0LC_1LA1RB	nqh_1RB1LA_1LC0RB_1RD0LC_1LA1RB	theories/Machines/Bulk/Bulk_029.v	2	0	87
1RB1LA_1LC0RB_1RD0LC_1LD1RA	nqh_1RB1LA_1LC0RB_1RD0LC_1LD1RA	theories/Machines/Bulk/Bulk_029.v	2	0	98
1RB1LA_1LC0RC_0LA0LD_1RA0RB	nqh_1RB1LA_1LC0RC_0LA0LD_1RA0RB	theories/Machines/Bulk/Bulk_029.v	2	0	66
1RB1LA_1LC0RC_0LA1LD_0RA0LA	nqh_1RB1LA_1LC0RC_0LA1LD_0RA0LA	theories/Machines/Bulk/Bulk_029.v	2	0	63
1RB1LA_1LC0RC_0LA1LD_1RB0LA	nqh_1RB1LA_1LC0RC_0LA1LD_1RB0LA	theories/Machines/Bulk/Bulk_029.v	2	0	55
1RB1LA_1LC0RC_0LD1LD_1RB0LA	nqh_1RB1LA_1LC0RC_0LD1LD_1RB0LA	theories/Machines/Bulk/Bulk_029.v	2	0	55
1RB1LA_1LC0RC_0RA1LD_1RC0LD	nqh_1RB1LA_1LC0RC_0RA1LD_1RC0LD	theories/Machines/Bulk/Bulk_029.v	2	0	84
1RB1LA_1LC0RC_1LB1LD_0RA0LA	nqh_1RB1LA_1LC0RC_1LB1LD_0RA0LA	theories/Machines/Bulk/Bulk_029.v	2	0	55
1RB1LA_1LC0RC_1LB1LD_1RB0LA	nqh_1RB1LA_1LC0RC_1LB1LD_1RB0LA	theories/Machines/Bulk/Bulk_029.v	3	0	88
1RB1LA_1LC0RC_1LC1LD_0RA0LA	nqh_1RB1LA_1LC0RC_1LC1LD_0RA0LA	theories/Machines/Bulk/Bulk_029.v	2	0	57
1RB1LA_1LC0RC_1LC1LD_1RB0LA	nqh_1RB1LA_1LC0RC_1LC1LD_1RB0LA	theories/Machines/Bulk/Bulk_029.v	3	0	89
1RB1LA_1LC0RC_1LD1LA_1LD0LA	nqh_1RB1LA_1LC0RC_1LD1LA_1LD0LA	theories/Machines/Bulk/Bulk_029.v	2	0	46
1RB1LA_1LC0RD_---0RA_1LD0LA	nqh_1RB1LA_1LC0RD_XXX0RA_1LD0LA	theories/Machines/Bulk/Bulk_029.v	2	0	63
1RB1LA_1LC0RD_---1RB_1LD0LA	nqh_1RB1LA_1LC0RD_XXX1RB_1LD0LA	theories/Machines/Bulk/Bulk_030.v	2	0	54
1RB1LA_1LC0RD_1LA0LB_1RB0RD	nqh_1RB1LA_1LC0RD_1LA0LB_1RB0RD	theories/Machines/Bulk/Bulk_030.v	3	0	124
1RB1LA_1LC0RD_1LA1LB_1RB0RA	nqh_1RB1LA_1LC0RD_1LA1LB_1RB0RA	theories/Machines/Bulk/Bulk_030.v	2	0	41
1RB1LA_1LC0RD_1LD0RA_1LC0LA	nqh_1RB1LA_1LC0RD_1LD0RA_1LC0LA	theories/Machines/Bulk/Bulk_030.v	2	0	63
1RB1LA_1LC0RD_1LD1RB_1LC0LA	nqh_1RB1LA_1LC0RD_1LD1RB_1LC0LA	theories/Machines/Bulk/Bulk_030.v	2	0	54
1RB1LA_1LC0RD_1RA0LB_1RB0RD	nqh_1RB1LA_1LC0RD_1RA0LB_1RB0RD	theories/Machines/Bulk/Bulk_030.v	3	0	136
1RB1LA_1LC0RD_1RA1LB_1RB0RA	nqh_1RB1LA_1LC0RD_1RA1LB_1RB0RA	theories/Machines/Bulk/Bulk_030.v	2	0	43
1RB1LA_1LC1LC_1RD0LB_0LA1RC	nqh_1RB1LA_1LC1LC_1RD0LB_0LA1RC	theories/Machines/Bulk/Bulk_030.v	3	0	86
1RB1LA_1LC1LC_1RD0LB_1LA1RC	nqh_1RB1LA_1LC1LC_1RD0LB_1LA1RC	theories/Machines/Bulk/Bulk_030.v	3	0	75
1RB1LA_1LC1LD_0LA1RD_1RC0LB	nqh_1RB1LA_1LC1LD_0LA1RD_1RC0LB	theories/Machines/Bulk/Bulk_030.v	3	0	101
1RB1LA_1LC1LD_1LB0RB_1RC0LA	nqh_1RB1LA_1LC1LD_1LB0RB_1RC0LA	theories/Machines/Bulk/Bulk_030.v	3	0	103
1RB1LA_1LC1RC_0RA0LD_1LA1LC	nqh_1RB1LA_1LC1RC_0RA0LD_1LA1LC	theories/Machines/Bulk/Bulk_030.v	2	0	61
1RB1LA_1LC1RC_0RA0LD_1LC0LA	nqh_1RB1LA_1LC1RC_0RA0LD_1LC0LA	theories/Machines/Bulk/Bulk_030.v	2	0	67
1RB1LA_1LC1RC_0RA0LD_1LC0LD	nqh_1RB1LA_1LC1RC_0RA0LD_1LC0LD	theories/Machines/Bulk/Bulk_030.v	2	0	60
1RB1LA_1LC1RD_0RD0LC_1LB0RA	nqh_1RB1LA_1LC1RD_0RD0LC_1LB0RA	theories/Machines/Bulk/Bulk_030.v	2	0	83
1RB1LA_1LC1RD_1LA0LC_1RA0RB	nqh_1RB1LA_1LC1RD_1LA0LC_1RA0RB	theories/Machines/Bulk/Bulk_030.v	3	0	221
1RB1LA_1LC1RD_1LD0LC_0RA0LC	nqh_1RB1LA_1LC1RD_1LD0LC_0RA0LC	theories/Machines/Bulk/Bulk_030.v	2	0	62
1RB1LA_1LC1RD_1LD0LC_1RA0RD	nqh_1RB1LA_1LC1RD_1LD0LC_1RA0RD	theories/Machines/Bulk/Bulk_030.v	3	0	280
1RB1LA_1LC1RD_1RA0LB_0RC0RB	nqh_1RB1LA_1LC1RD_1RA0LB_0RC0RB	theories/Machines/Bulk/Bulk_030.v	2	0	77
1RB1LA_1LC1RD_1RA0LB_1LD0RC	nqh_1RB1LA_1LC1RD_1RA0LB_1LD0RC	theories/Machines/Bulk/Bulk_030.v	2	0	68
1RB1LA_1RC0LC_0LA0RD_1LB1RD	nqh_1RB1LA_1RC0LC_0LA0RD_1LB1RD	theories/Machines/Bulk/Bulk_030.v	4	0	683
1RB1LA_1RC0LC_1LA0LD_1RA0RA	nqh_1RB1LA_1RC0LC_1LA0LD_1RA0RA	theories/Machines/Bulk/Bulk_030.v	2	0	56
1RB1LA_1RC0LD_0LA0RC_0LC1LB	nqh_1RB1LA_1RC0LD_0LA0RC_0LC1LB	theories/Machines/Bulk/Bulk_030.v	2	0	89
1RB1LA_1RC0LD_0LA0RC_1LB1RD	nqh_1RB1LA_1RC0LD_0LA0RC_1LB1RD	theories/Machines/Bulk/Bulk_030.v	2	0	80
1RB1LA_1RC0LD_0LA1RB_0LA1LB	nqh_1RB1LA_1RC0LD_0LA1RB_0LA1LB	theories/Machines/Bulk/Bulk_030.v	3	0	102
1RB1LA_1RC0LD_0LA1RB_0RC1LB	nqh_1RB1LA_1RC0LD_0LA1RB_0RC1LB	theories/Machines/Bulk/Bulk_030.v	3	0	101
1RB1LA_1RC0LD_0LA1RB_1LB1LB	nqh_1RB1LA_1RC0LD_0LA1RB_1LB1LB	theories/Machines/Bulk/Bulk_030.v	3	0	92
1RB1LA_1RC0LD_0LA1RB_1LC1LB	nqh_1RB1LA_1RC0LD_0LA1RB_1LC1LB	theories/Machines/Bulk/Bulk_030.v	3	0	100
1RB1LA_1RC0LD_0LA1RB_1RB1LB	nqh_1RB1LA_1RC0LD_0LA1RB_1RB1LB	theories/Machines/Bulk/Bulk_030.v	3	0	98
1RB1LA_1RC0LD_0LA1RB_1RD1LB	nqh_1RB1LA_1RC0LD_0LA1RB_1RD1LB	theories/Machines/Bulk/Bulk_030.v	3	0	94
1RB1LA_1RC0LD_0RD0RB_1LA1LB	nqh_1RB1LA_1RC0LD_0RD0RB_1LA1LB	theories/Machines/Bulk/Bulk_030.v	2	0	76
1RB1LA_1RC0LD_1LA0RD_1RC1LB	nqh_1RB1LA_1RC0LD_1LA0RD_1RC1LB	theories/Machines/Bulk/Bulk_030.v	2	0	57
1RB1LA_1RC0LD_1LA1RB_0LB1LB	nqh_1RB1LA_1RC0LD_1LA1RB_0LB1LB	theories/Machines/Bulk/Bulk_030.v	3	0	85
1RB1LA_1RC0LD_1LA1RB_0RC1LB	nqh_1RB1LA_1RC0LD_1LA1RB_0RC1LB	theories/Machines/Bulk/Bulk_030.v	3	0	83
1RB1LA_1RC0LD_1LA1RB_1LB1LB	nqh_1RB1LA_1RC0LD_1LA1RB_1LB1LB	theories/Machines/Bulk/Bulk_030.v	3	0	80
1RB1LA_1RC0LD_1LA1RB_1LC1LB	nqh_1RB1LA_1RC0LD_1LA1RB_1LC1LB	theories/Machines/Bulk/Bulk_030.v	3	0	82
1RB1LA_1RC0LD_1LA1RB_1RB1LB	nqh_1RB1LA_1RC0LD_1LA1RB_1RB1LB	theories/Machines/Bulk/Bulk_030.v	3	0	86
1RB1LA_1RC0LD_1LA1RB_1RD1LB	nqh_1RB1LA_1RC0LD_1LA1RB_1RD1LB	theories/Machines/Bulk/Bulk_030.v	3	0	82
1RB1LA_1RC0LD_1RD1RB_1LA1LB	nqh_1RB1LA_1RC0LD_1RD1RB_1LA1LB	theories/Machines/Bulk/Bulk_030.v	4	0	106
1RB1LA_1RC0RA_1LD1LC_0RB0LD	nqh_1RB1LA_1RC0RA_1LD1LC_0RB0LD	theories/Machines/Bulk/Bulk_030.v	2	0	93
1RB1LA_1RC0RA_1LD1RA_1LA0LD	nqh_1RB1LA_1RC0RA_1LD1RA_1LA0LD	theories/Machines/Bulk/Bulk_030.v	3	0	211
1RB1LA_1RC0RA_1LD1RB_1LA0LD	nqh_1RB1LA_1RC0RA_1LD1RB_1LA0LD	theories/Machines/Bulk/Bulk_030.v	2	0	61
1RB1LA_1RC0RA_1LD1RC_1LA0LD	nqh_1RB1LA_1RC0RA_1LD1RC_1LA0LD	theories/Machines/Bulk/Bulk_030.v	2	0	57
1RB1LA_1RC0RB_1LD0RB_1LA0LC	nqh_1RB1LA_1RC0RB_1LD0RB_1LA0LC	theories/Machines/Bulk/Bulk_030.v	3	0	128
1RB1LA_1RC0RB_1LD0RB_1RA0LC	nqh_1RB1LA_1RC0RB_1LD0RB_1RA0LC	theories/Machines/Bulk/Bulk_030.v	3	0	140
1RB1LA_1RC0RB_1LD1RA_1LA0LD	nqh_1RB1LA_1RC0RB_1LD1RA_1LA0LD	theories/Machines/Bulk/Bulk_030.v	3	0	327
1RB1LA_1RC0RB_1LD1RB_1LA0LD	nqh_1RB1LA_1RC0RB_1LD1RB_1LA0LD	theories/Machines/Bulk/Bulk_030.v	2	0	87
1RB1LA_1RC0RB_1LD1RC_1LA0LC	nqh_1RB1LA_1RC0RB_1LD1RC_1LA0LC	theories/Machines/Bulk/Bulk_030.v	2	0	59
1RB1LA_1RC0RB_1LD1RC_1LA0LD	nqh_1RB1LA_1RC0RB_1LD1RC_1LA0LD	theories/Machines/Bulk/Bulk_030.v	2	0	83
1RB1LA_1RC0RB_1LD1RC_1RA0LC	nqh_1RB1LA_1RC0RB_1LD1RC_1RA0LC	theories/Machines/Bulk/Bulk_030.v	2	0	67
1RB1LA_1RC0RC_0LA0RD_1LD0LA	nqh_1RB1LA_1RC0RC_0LA0RD_1LD0LA	theories/Machines/Bulk/Bulk_031.v	3	0	181
1RB1LA_1RC0RC_0LA1LD_0LA0RD	nqh_1RB1LA_1RC0RC_0LA1LD_0LA0RD	theories/Machines/Bulk/Bulk_031.v	2	0	82
1RB1LA_1RC0RC_1LC1LD_0RA0LA	nqh_1RB1LA_1RC0RC_1LC1LD_0RA0LA	theories/Machines/Bulk/Bulk_031.v	2	0	64
1RB1LA_1RC0RC_1LC1LD_1RB0LA	nqh_1RB1LA_1RC0RC_1LC1LD_1RB0LA	theories/Machines/Bulk/Bulk_031.v	3	0	93
1RB1LA_1RC0RC_1LD0RD_1LD0LA	nqh_1RB1LA_1RC0RC_1LD0RD_1LD0LA	theories/Machines/Bulk/Bulk_031.v	3	0	204
1RB1LA_1RC0RC_1LD1LA_1LD0LA	nqh_1RB1LA_1RC0RC_1LD1LA_1LD0LA	theories/Machines/Bulk/Bulk_031.v	2	0	54
1RB1LA_1RC0RC_1RD0RD_1LD0LA	nqh_1RB1LA_1RC0RC_1RD0RD_1LD0LA	theories/Machines/Bulk/Bulk_031.v	3	0	278
1RB1LA_1RC0RD_0LA0RC_0LA1LC	nqh_1RB1LA_1RC0RD_0LA0RC_0LA1LC	theories/Machines/Bulk/Bulk_031.v	2	0	80
1RB1LA_1RC0RD_0LA0RC_0LA1LD	nqh_1RB1LA_1RC0RD_0LA0RC_0LA1LD	theories/Machines/Bulk/Bulk_031.v	2	0	82
1RB1LA_1RC0RD_0LA0RC_0RD1LC	nqh_1RB1LA_1RC0RD_0LA0RC_0RD1LC	theories/Machines/Bulk/Bulk_031.v	3	0	242
1RB1LA_1RC0RD_0LA0RC_1LB0LC	nqh_1RB1LA_1RC0RD_0LA0RC_1LB0LC	theories/Machines/Bulk/Bulk_031.v	2	0	80
1RB1LA_1RC0RD_0LB0RD_1LD0LA	nqh_1RB1LA_1RC0RD_0LB0RD_1LD0LA	theories/Machines/Bulk/Bulk_031.v	2	0	54
1RB1LA_1RC0RD_0LB1LB_1LD0LA	nqh_1RB1LA_1RC0RD_0LB1LB_1LD0LA	theories/Machines/Bulk/Bulk_031.v	2	0	56
1RB1LA_1RC0RD_0LC0RD_1LD0LA	nqh_1RB1LA_1RC0RD_0LC0RD_1LD0LA	theories/Machines/Bulk/Bulk_031.v	2	0	54
1RB1LA_1RC0RD_1LC0LA_0LC1RA	nqh_1RB1LA_1RC0RD_1LC0LA_0LC1RA	theories/Machines/Bulk/Bulk_031.v	2	0	66
1RB1LA_1RC1LC_0LC0RD_1LD0LA	nqh_1RB1LA_1RC1LC_0LC0RD_1LD0LA	theories/Machines/Bulk/Bulk_031.v	2	0	59
1RB1LA_1RC1LC_0RD0LB_0LD0LA	nqh_1RB1LA_1RC1LC_0RD0LB_0LD0LA	theories/Machines/Bulk/Bulk_031.v	2	0	60
1RB1LA_1RC1LC_0RD0LB_1LD0LA	nqh_1RB1LA_1RC1LC_0RD0LB_1LD0LA	theories/Machines/Bulk/Bulk_031.v	2	0	64
1RB1LA_1RC1LC_1RD0LB_0LA1RC	nqh_1RB1LA_1RC1LC_1RD0LB_0LA1RC	theories/Machines/Bulk/Bulk_031.v	3	0	101
1RB1LA_1RC1LC_1RD0LB_1LA1RC	nqh_1RB1LA_1RC1LC_1RD0LB_1LA1RC	theories/Machines/Bulk/Bulk_031.v	3	0	90
1RB1LA_1RC1LD_0LA0RB_0RC0LA	nqh_1RB1LA_1RC1LD_0LA0RB_0RC0LA	theories/Machines/Bulk/Bulk_031.v	2	0	99
1RB1LA_1RC1LD_0LA0RC_0RB0LD	nqh_1RB1LA_1RC1LD_0LA0RC_0RB0LD	theories/Machines/Bulk/Bulk_031.v	2	0	112
1RB1LA_1RC1LD_0LD0RD_1RB0LA	nqh_1RB1LA_1RC1LD_0LD0RD_1RB0LA	theories/Machines/Bulk/Bulk_031.v	2	0	73
1RB1LA_1RC1LD_1LA0RC_1RA0LD	nqh_1RB1LA_1RC1LD_1LA0RC_1RA0LD	theories/Machines/Bulk/Bulk_031.v	2	0	81
1RB1LA_1RC1LD_1LA0RC_1RB0LD	nqh_1RB1LA_1RC1LD_1LA0RC_1RB0LD	theories/Machines/Bulk/Bulk_031.v	2	0	79
1RB1LA_1RC1LD_1RD0RC_0LA0RB	nqh_1RB1LA_1RC1LD_1RD0RC_0LA0RB	theories/Machines/Bulk/Bulk_031.v	2	0	111
1RB1LA_1RC1RA_1LD0RB_0RA0LC	nqh_1RB1LA_1RC1RA_1LD0RB_0RA0LC	theories/Machines/Bulk/Bulk_031.v	3	0	75
1RB1LA_1RC1RC_0LC0RD_1LD0LA	nqh_1RB1LA_1RC1RC_0LC0RD_1LD0LA	theories/Machines/Bulk/Bulk_031.v	2	0	54
1RB1LA_1RC1RD_1LA1LD_1RB0LC	nqh_1RB1LA_1RC1RD_1LA1LD_1RB0LC	theories/Machines/Bulk/Bulk_031.v	4	0	91
1RB1LB_0LC0LA_1RD1RC_1LB0RD	nqh_1RB1LB_0LC0LA_1RD1RC_1LB0RD	theories/Machines/Bulk/Bulk_031.v	4	0	485
1RB1LB_0LC0RA_1RC0RD_1LB1RD	nqh_1RB1LB_0LC0RA_1RC0RD_1LB1RD	theories/Machines/Bulk/Bulk_031.v	3	0	94
1RB1LB_0LC0RD_1LA1RC_1RB0RC	nqh_1RB1LB_0LC0RD_1LA1RC_1RB0RC	theories/Machines/Bulk/Bulk_031.v	2	0	68
1RB1LB_0LC0RD_1LA1RC_1RB0RD	nqh_1RB1LB_0LC0RD_1LA1RC_1RB0RD	theories/Machines/Bulk/Bulk_031.v	2	0	60
1RB1LB_0LC0RD_1LA1RC_1RC1RB	nqh_1RB1LB_0LC0RD_1LA1RC_1RC1RB	theories/Machines/Bulk/Bulk_031.v	2	0	61
1RB1LB_0LC1RC_1LA0RD_1LB1RD	nqh_1RB1LB_0LC1RC_1LA0RD_1LB1RD	theories/Machines/Bulk/Bulk_031.v	2	0	80
1RB1LB_0LC1RD_0RA1LC_0RB0RD	nqh_1RB1LB_0LC1RD_0RA1LC_0RB0RD	theories/Machines/Bulk/Bulk_031.v	2	0	104
1RB1LB_0LC1RD_1LA0RB_1LB0RD	nqh_1RB1LB_0LC1RD_1LA0RB_1LB0RD	theories/Machines/Bulk/Bulk_031.v	2	0	69
1RB1LB_0LC1RD_1LA1LA_1LB0RD	nqh_1RB1LB_0LC1RD_1LA1LA_1LB0RD	theories/Machines/Bulk/Bulk_031.v	2	0	65
1RB1LB_0LC1RD_1LA1LC_1RB0RB	nqh_1RB1LB_0LC1RD_1LA1LC_1RB0RB	theories/Machines/Bulk/Bulk_031.v	2	0	88
1RB1LB_0LC1RD_1RB1LA_1LB0RD	nqh_1RB1LB_0LC1RD_1RB1LA_1LB0RD	theories/Machines/Bulk/Bulk_031.v	2	0	65
1RB1LB_0RC0LA_0LC0LD_1RA1LD	nqh_1RB1LB_0RC0LA_0LC0LD_1RA1LD	theories/Machines/Bulk/Bulk_031.v	2	0	63
1RB1LB_0RC0LA_1LC0LD_1RA0LA	nqh_1RB1LB_0RC0LA_1LC0LD_1RA0LA	theories/Machines/Bulk/Bulk_031.v	2	0	57
1RB1LB_0RC0LA_1LC0LD_1RA1LD	nqh_1RB1LB_0RC0LA_1LC0LD_1RA1LD	theories/Machines/Bulk/Bulk_031.v	2	0	67
1RB1LB_0RC0LA_1LC0LD_1RA1RC	nqh_1RB1LB_0RC0LA_1LC0LD_1RA1RC	theories/Machines/Bulk/Bulk_031.v	2	0	56
1RB1LB_0RC0LA_1RD1RC_1LB1LD	nqh_1RB1LB_0RC0LA_1RD1RC_1LB1LD	theories/Machines/Bulk/Bulk_031.v	2	0	77
1RB1LB_0RC0RA_1LC0LD_1RB1LD	nqh_1RB1LB_0RC0RA_1LC0LD_1RB1LD	theories/Machines/Bulk/Bulk_031.v	3	0	148
1RB1LB_0RC0RA_1LD0LC_1LA0LD	nqh_1RB1LB_0RC0RA_1LD0LC_1LA0LD	theories/Machines/Bulk/Bulk_031.v	2	0	80
1RB1LB_0RC0RD_1LC0LA_1LB1LD	nqh_1RB1LB_0RC0RD_1LC0LA_1LB1LD	theories/Machines/Bulk/Bulk_031.v	4	0	208
1RB1LB_0RC1LA_1LC1LD_0RD0LA	nqh_1RB1LB_0RC1LA_1LC1LD_0RD0LA	theories/Machines/Bulk/Bulk_031.v	2	0	63
1RB1LB_0RC1LB_0RD0LA_1LC1LD	nqh_1RB1LB_0RC1LB_0RD0LA_1LC1LD	theories/Machines/Bulk/Bulk_031.v	3	0	113
1RB1LB_0RC1LB_1LC1LD_0RD0LA	nqh_1RB1LB_0RC1LB_1LC1LD_0RD0LA	theories/Machines/Bulk/Bulk_032.v	2	0	59
1RB1LB_0RC1LB_1LD0LA_1LC---	nqh_1RB1LB_0RC1LB_1LD0LA_1LCXXX	theories/Machines/Bulk/Bulk_032.v	2	0	43
1RB1LB_0RC1LB_1LD0LA_1LD0LA	nqh_1RB1LB_0RC1LB_1LD0LA_1LD0LA	theories/Machines/Bulk/Bulk_032.v	2	0	44
1RB1LB_0RC1LB_1RD0LA_1LD0LC	nqh_1RB1LB_0RC1LB_1RD0LA_1LD0LC	theories/Machines/Bulk/Bulk_032.v	3	0	145
1RB1LB_0RC1LD_1LC0LA_0RA1LB	nqh_1RB1LB_0RC1LD_1LC0LA_0RA1LB	theories/Machines/Bulk/Bulk_032.v	4	0	170
1RB1LB_0RC1LD_1LC0LA_0RA1LD	nqh_1RB1LB_0RC1LD_1LC0LA_0RA1LD	theories/Machines/Bulk/Bulk_032.v	4	0	168
1RB1LB_0RC1LD_1LC0LA_0RA1RA	nqh_1RB1LB_0RC1LD_1LC0LA_0RA1RA	theories/Machines/Bulk/Bulk_032.v	4	0	203
1RB1LB_0RC1LD_1LC0LA_0RC1LB	nqh_1RB1LB_0RC1LD_1LC0LA_0RC1LB	theories/Machines/Bulk/Bulk_032.v	4	0	166
1RB1LB_0RC1LD_1LC0LA_0RC1LD	nqh_1RB1LB_0RC1LD_1LC0LA_0RC1LD	theories/Machines/Bulk/Bulk_032.v	4	0	160
1RB1LB_0RC1LD_1LC0LA_0RC1RA	nqh_1RB1LB_0RC1LD_1LC0LA_0RC1RA	theories/Machines/Bulk/Bulk_032.v	4	0	195
1RB1LB_0RC1LD_1LC0LA_0RD1LB	nqh_1RB1LB_0RC1LD_1LC0LA_0RD1LB	theories/Machines/Bulk/Bulk_032.v	4	0	169
1RB1LB_0RC1RD_1LC0LA_---1LA	nqh_1RB1LB_0RC1RD_1LC0LA_XXX1LA	theories/Machines/Bulk/Bulk_032.v	4	0	208
1RB1LB_0RC1RD_1LC0LA_0RA1LD	nqh_1RB1LB_0RC1RD_1LC0LA_0RA1LD	theories/Machines/Bulk/Bulk_032.v	4	0	181
1RB1LB_0RC1RD_1LC0LA_0RC1LD	nqh_1RB1LB_0RC1RD_1LC0LA_0RC1LD	theories/Machines/Bulk/Bulk_032.v	4	0	173
1RB1LB_0RC1RD_1LC0LA_1LA0LB	nqh_1RB1LB_0RC1RD_1LC0LA_1LA0LB	theories/Machines/Bulk/Bulk_032.v	4	0	256
1RB1LB_0RC1RD_1LC0LD_1RB1LA	nqh_1RB1LB_0RC1RD_1LC0LD_1RB1LA	theories/Machines/Bulk/Bulk_032.v	3	0	110
1RB1LB_0RC1RD_1LD0LA_1LC1LA	nqh_1RB1LB_0RC1RD_1LD0LA_1LC1LA	theories/Machines/Bulk/Bulk_032.v	2	0	57
1RB1LB_1LA0LC_1LB1RD_0RC0RB	nqh_1RB1LB_1LA0LC_1LB1RD_0RC0RB	theories/Machines/Bulk/Bulk_032.v	3	0	156
1RB1LB_1LA0LC_1LB1RD_0RC1LB	nqh_1RB1LB_1LA0LC_1LB1RD_0RC1LB	theories/Machines/Bulk/Bulk_032.v	3	0	56
1RB1LB_1LA0LC_1RD0RC_0LA0RB	nqh_1RB1LB_1LA0LC_1RD0RC_0LA0RB	theories/Machines/Bulk/Bulk_032.v	2	0	61
1RB1LB_1LA0RC_0LD1LC_0RA1LC	nqh_1RB1LB_1LA0RC_0LD1LC_0RA1LC	theories/Machines/Bulk/Bulk_032.v	2	0	60
1RB1LB_1LA1LC_0LA0RD_0LA1RC	nqh_1RB1LB_1LA1LC_0LA0RD_0LA1RC	theories/Machines/Bulk/Bulk_032.v	2	0	58
1RB1LB_1LC0RA_1RD0LB_0LA1RC	nqh_1RB1LB_1LC0RA_1RD0LB_0LA1RC	theories/Machines/Bulk/Bulk_032.v	3	0	149
1RB1LB_1LC0RA_1RD0LB_1LB1RC	nqh_1RB1LB_1LC0RA_1RD0LB_1LB1RC	theories/Machines/Bulk/Bulk_032.v	3	0	147
1RB1LB_1LC0RB_0LA0LD_0RA0LA	nqh_1RB1LB_1LC0RB_0LA0LD_0RA0LA	theories/Machines/Bulk/Bulk_032.v	2	0	57
1RB1LB_1LC0RB_0LA0LD_0RA1LB	nqh_1RB1LB_1LC0RB_0LA0LD_0RA1LB	theories/Machines/Bulk/Bulk_032.v	2	0	52
1RB1LB_1LC0RB_0LA0LD_0RA1LD	nqh_1RB1LB_1LC0RB_0LA0LD_0RA1LD	theories/Machines/Bulk/Bulk_032.v	2	0	57
1RB1LB_1LC0RB_0LA0LD_0RA1RC	nqh_1RB1LB_1LC0RB_0LA0LD_0RA1RC	theories/Machines/Bulk/Bulk_032.v	2	0	52
1RB1LB_1LC0RB_0LD0LB_0RA1LD	nqh_1RB1LB_1LC0RB_0LD0LB_0RA1LD	theories/Machines/Bulk/Bulk_032.v	2	0	50
1RB1LB_1LC0RB_0LD0RA_1RA0LD	nqh_1RB1LB_1LC0RB_0LD0RA_1RA0LD	theories/Machines/Bulk/Bulk_032.v	2	0	77
1RB1LB_1LC0RB_0LD1LA_1RA0LD	nqh_1RB1LB_1LC0RB_0LD1LA_1RA0LD	theories/Machines/Bulk/Bulk_032.v	2	0	76
1RB1LB_1LC0RB_0LD1LD_0RA0LC	nqh_1RB1LB_1LC0RB_0LD1LD_0RA0LC	theories/Machines/Bulk/Bulk_032.v	2	0	62
1RB1LB_1LC0RB_1RD0LC_1LA1RA	nqh_1RB1LB_1LC0RB_1RD0LC_1LA1RA	theories/Machines/Bulk/Bulk_032.v	2	0	92
1RB1LB_1LC0RB_1RD0LC_1LA1RB	nqh_1RB1LB_1LC0RB_1RD0LC_1LA1RB	theories/Machines/Bulk/Bulk_032.v	2	0	85
1RB1LB_1LC0RC_1RA1LD_1RB0LD	nqh_1RB1LB_1LC0RC_1RA1LD_1RB0LD	theories/Machines/Bulk/Bulk_032.v	2	0	73
1RB1LB_1LC0RD_1LA0LB_1RB0RD	nqh_1RB1LB_1LC0RD_1LA0LB_1RB0RD	theories/Machines/Bulk/Bulk_032.v	3	0	180
1RB1LB_1LC0RD_1LA0LB_1RB1RA	nqh_1RB1LB_1LC0RD_1LA0LB_1RB1RA	theories/Machines/Bulk/Bulk_032.v	3	0	211
1RB1LB_1LC0RD_1RD0LB_0LA1RA	nqh_1RB1LB_1LC0RD_1RD0LB_0LA1RA	theories/Machines/Bulk/Bulk_032.v	2	0	66
1RB1LB_1LC1LA_1RD0LB_1LB0RC	nqh_1RB1LB_1LC1LA_1RD0LB_1LB0RC	theories/Machines/Bulk/Bulk_032.v	3	0	72
1RB1LB_1LC1RB_1RD0LC_1LA0RD	nqh_1RB1LB_1LC1RB_1RD0LC_1LA0RD	theories/Machines/Bulk/Bulk_032.v	2	0	84
1RB1LB_1LC1RC_1RD0LC_1LA0RD	nqh_1RB1LB_1LC1RC_1RD0LC_1LA0RD	theories/Machines/Bulk/Bulk_032.v	2	0	92
1RB1LB_1LC1RD_1LD0LB_0RB0RA	nqh_1RB1LB_1LC1RD_1LD0LB_0RB0RA	theories/Machines/Bulk/Bulk_032.v	2	0	72
1RB1LB_1RC0LA_0LD0RD_0LA1LD	nqh_1RB1LB_1RC0LA_0LD0RD_0LA1LD	theories/Machines/Bulk/Bulk_032.v	2	0	54
1RB1LB_1RC0LA_0LD1RB_0LA1LD	nqh_1RB1LB_1RC0LA_0LD1RB_0LA1LD	theories/Machines/Bulk/Bulk_032.v	3	0	102
1RB1LB_1RC0LA_0LD1RB_0RA1LD	nqh_1RB1LB_1RC0LA_0LD1RB_0RA1LD	theories/Machines/Bulk/Bulk_032.v	3	0	115
1RB1LB_1RC0LA_0LD1RB_0RB1LD	nqh_1RB1LB_1RC0LA_0LD1RB_0RB1LD	theories/Machines/Bulk/Bulk_032.v	3	0	105
1RB1LB_1RC0LA_0LD1RB_0RC1LD	nqh_1RB1LB_1RC0LA_0LD1RB_0RC1LD	theories/Machines/Bulk/Bulk_032.v	3	0	115
1RB1LB_1RC0LA_0LD1RB_1LA1LD	nqh_1RB1LB_1RC0LA_0LD1RB_1LA1LD	theories/Machines/Bulk/Bulk_032.v	3	0	99
1RB1LB_1RC0LA_0LD1RB_1LB1LD	nqh_1RB1LB_1RC0LA_0LD1RB_1LB1LD	theories/Machines/Bulk/Bulk_032.v	3	0	101
1RB1LB_1RC0LA_0LD1RB_1RA1LD	nqh_1RB1LB_1RC0LA_0LD1RB_1RA1LD	theories/Machines/Bulk/Bulk_032.v	3	0	108
1RB1LB_1RC0LA_0LD1RB_1RB1LD	nqh_1RB1LB_1RC0LA_0LD1RB_1RB1LD	theories/Machines/Bulk/Bulk_033.v	3	0	98
1RB1LB_1RC0LA_0LD1RB_1RC1LD	nqh_1RB1LB_1RC0LA_0LD1RB_1RC1LD	theories/Machines/Bulk/Bulk_033.v	3	0	109
1RB1LB_1RC0LA_1LA0RD_0RB0LB	nqh_1RB1LB_1RC0LA_1LA0RD_0RB0LB	theories/Machines/Bulk/Bulk_033.v	2	0	66
1RB1LB_1RC0LA_1LD0RD_0LA1LD	nqh_1RB1LB_1RC0LA_1LD0RD_0LA1LD	theories/Machines/Bulk/Bulk_033.v	2	0	49
1RB1LB_1RC0LA_1LD1RB_0LA1LD	nqh_1RB1LB_1RC0LA_1LD1RB_0LA1LD	theories/Machines/Bulk/Bulk_033.v	3	0	90
1RB1LB_1RC0LA_1LD1RB_0RA1LD	nqh_1RB1LB_1RC0LA_1LD1RB_0RA1LD	theories/Machines/Bulk/Bulk_033.v	3	0	91
1RB1LB_1RC0LA_1LD1RB_0RB1LD	nqh_1RB1LB_1RC0LA_1LD1RB_0RB1LD	theories/Machines/Bulk/Bulk_033.v	3	0	92
1RB1LB_1RC0LA_1LD1RB_0RC1LD	nqh_1RB1LB_1RC0LA_1LD1RB_0RC1LD	theories/Machines/Bulk/Bulk_033.v	3	0	88
1RB1LB_1RC0LA_1LD1RB_1LA1LD	nqh_1RB1LB_1RC0LA_1LD1RB_1LA1LD	theories/Machines/Bulk/Bulk_033.v	3	0	87
1RB1LB_1RC0LA_1LD1RB_1LB1LD	nqh_1RB1LB_1RC0LA_1LD1RB_1LB1LD	theories/Machines/Bulk/Bulk_033.v	3	0	89
1RB1LB_1RC0LA_1LD1RB_1RA1LD	nqh_1RB1LB_1RC0LA_1LD1RB_1RA1LD	theories/Machines/Bulk/Bulk_033.v	3	0	93
1RB1LB_1RC0LA_1LD1RB_1RB1LD	nqh_1RB1LB_1RC0LA_1LD1RB_1RB1LD	theories/Machines/Bulk/Bulk_033.v	3	0	86
1RB1LB_1RC0LA_1LD1RB_1RC1LD	nqh_1RB1LB_1RC0LA_1LD1RB_1RC1LD	theories/Machines/Bulk/Bulk_033.v	3	0	88
1RB1LB_1RC0LA_1RD1RC_0LA1LD	nqh_1RB1LB_1RC0LA_1RD1RC_0LA1LD	theories/Machines/Bulk/Bulk_033.v	2	0	37
1RB1LB_1RC0LA_1RD1RC_1LB1LD	nqh_1RB1LB_1RC0LA_1RD1RC_1LB1LD	theories/Machines/Bulk/Bulk_033.v	2	0	40
1RB1LB_1RC0LB_1RD0RA_1LA0RA	nqh_1RB1LB_1RC0LB_1RD0RA_1LA0RA	theories/Machines/Bulk/Bulk_033.v	2	0	58
1RB1LB_1RC0LB_1RD0RA_1LA1LC	nqh_1RB1LB_1RC0LB_1RD0RA_1LA1LC	theories/Machines/Bulk/Bulk_033.v	2	0	60
1RB1LB_1RC0LB_1RD0RA_1LA1RC	nqh_1RB1LB_1RC0LB_1RD0RA_1LA1RC	theories/Machines/Bulk/Bulk_033.v	2	0	58
1RB1LB_1RC0LD_0LA0RC_1LB1RD	nqh_1RB1LB_1RC0LD_0LA0RC_1LB1RD	theories/Machines/Bulk/Bulk_033.v	2	0	68
1RB1LB_1RC0LD_1LA0RB_1LB0LA	nqh_1RB1LB_1RC0LD_1LA0RB_1LB0LA	theories/Machines/Bulk/Bulk_033.v	3	0	115
1RB1LB_1RC0LD_1LD0RC_0LA0RC	nqh_1RB1LB_1RC0LD_1LD0RC_0LA0RC	theories/Machines/Bulk/Bulk_033.v	2	0	76
1RB1LB_1RC0RB_1LD0RA_0LA0LC	nqh_1RB1LB_1RC0RB_1LD0RA_0LA0LC	theories/Machines/Bulk/Bulk_033.v	2	0	76
1RB1LB_1RC0RB_1LD0RA_1LB0LC	nqh_1RB1LB_1RC0RB_1LD0RA_1LB0LC	theories/Machines/Bulk/Bulk_033.v	3	0	116
1RB1LB_1RC0RD_0LD0RD_0LA1LD	nqh_1RB1LB_1RC0RD_0LD0RD_0LA1LD	theories/Machines/Bulk/Bulk_033.v	2	0	57
1RB1LB_1RC0RD_0LD1RA_0LA1LD	nqh_1RB1LB_1RC0RD_0LD1RA_0LA1LD	theories/Machines/Bulk/Bulk_033.v	2	0	66
1RB1LB_1RC0RD_0LD1RB_0LA1LD	nqh_1RB1LB_1RC0RD_0LD1RB_0LA1LD	theories/Machines/Bulk/Bulk_033.v	2	0	60
1RB1LB_1RC0RD_1LD0RD_0LA1LD	nqh_1RB1LB_1RC0RD_1LD0RD_0LA1LD	theories/Machines/Bulk/Bulk_033.v	2	0	52
1RB1LB_1RC0RD_1LD1RA_0LA1LD	nqh_1RB1LB_1RC0RD_1LD1RA_0LA1LD	theories/Machines/Bulk/Bulk_033.v	2	0	61
1RB1LB_1RC0RD_1LD1RB_0LA1LD	nqh_1RB1LB_1RC0RD_1LD1RB_0LA1LD	theories/Machines/Bulk/Bulk_033.v	2	0	55
1RB1LB_1RC0RD_1RD0LB_0LA1LD	nqh_1RB1LB_1RC0RD_1RD0LB_0LA1LD	theories/Machines/Bulk/Bulk_033.v	2	0	62
1RB1LB_1RC0RD_1RD1RC_0LA1LD	nqh_1RB1LB_1RC0RD_1RD1RC_0LA1LD	theories/Machines/Bulk/Bulk_033.v	2	0	43
1RB1LB_1RC1LB_0LC0RD_1LD0LA	nqh_1RB1LB_1RC1LB_0LC0RD_1LD0LA	theories/Machines/Bulk/Bulk_033.v	2	0	52
1RB1LB_1RC1LC_0RD1RA_1LD0LB	nqh_1RB1LB_1RC1LC_0RD1RA_1LD0LB	theories/Machines/Bulk/Bulk_033.v	4	0	211
1RB1LB_1RC1LD_0LA0RA_1LB0LD	nqh_1RB1LB_1RC1LD_0LA0RA_1LB0LD	theories/Machines/Bulk/Bulk_033.v	2	0	71
1RB1LB_1RC1LD_1LA0RC_0LA0LA	nqh_1RB1LB_1RC1LD_1LA0RC_0LA0LA	theories/Machines/Bulk/Bulk_033.v	2	0	79
1RB1LB_1RC1LD_1LA0RC_0LA0RB	nqh_1RB1LB_1RC1LD_1LA0RC_0LA0RB	theories/Machines/Bulk/Bulk_033.v	2	0	87
1RB1LB_1RC1LD_1LA0RC_0LB0LA	nqh_1RB1LB_1RC1LD_1LA0RC_0LB0LA	theories/Machines/Bulk/Bulk_033.v	2	0	96
1RB1LB_1RC1LD_1LA0RC_1LB0LA	nqh_1RB1LB_1RC1LD_1LA0RC_1LB0LA	theories/Machines/Bulk/Bulk_033.v	2	0	83
1RB1LB_1RC1LD_1LA0RC_1LC0LA	nqh_1RB1LB_1RC1LD_1LA0RC_1LC0LA	theories/Machines/Bulk/Bulk_033.v	2	0	86
1RB1LB_1RC1LD_1LA0RC_1RB0LA	nqh_1RB1LB_1RC1LD_1LA0RC_1RB0LA	theories/Machines/Bulk/Bulk_033.v	2	0	79
1RB1LB_1RC1LD_1LA0RC_1RB0LD	nqh_1RB1LB_1RC1LD_1LA0RC_1RB0LD	theories/Machines/Bulk/Bulk_033.v	2	0	83
1RB1LB_1RC1LD_1LD0RC_0LB0LA	nqh_1RB1LB_1RC1LD_1LD0RC_0LB0LA	theories/Machines/Bulk/Bulk_033.v	2	0	72
1RB1LB_1RC1RD_0LA0RC_1LD0LB	nqh_1RB1LB_1RC1RD_0LA0RC_1LD0LB	theories/Machines/Bulk/Bulk_033.v	2	0	86
1RB1LC_0LA0RA_1RD0LC_0RB1RC	nqh_1RB1LC_0LA0RA_1RD0LC_0RB1RC	theories/Machines/Bulk/Bulk_033.v	2	0	65
1RB1LC_0LA0RA_1RD0LC_0RB1RD	nqh_1RB1LC_0LA0RA_1RD0LC_0RB1RD	theories/Machines/Bulk/Bulk_033.v	2	0	65
1RB1LC_0LA0RB_1RD0LC_1LA0RD	nqh_1RB1LC_0LA0RB_1RD0LC_1LA0RD	theories/Machines/Bulk/Bulk_033.v	2	0	128
1RB1LC_0LA0RC_0LD1LC_1RA1LB	nqh_1RB1LC_0LA0RC_0LD1LC_1RA1LB	theories/Machines/Bulk/Bulk_033.v	2	0	59
1RB1LC_0LA0RC_1RD0LA_0RA1RA	nqh_1RB1LC_0LA0RC_1RD0LA_0RA1RA	theories/Machines/Bulk/Bulk_033.v	2	0	44
1RB1LC_0LA0RD_1LA0LB_1LA1RD	nqh_1RB1LC_0LA0RD_1LA0LB_1LA1RD	theories/Machines/Bulk/Bulk_033.v	2	0	74
1RB1LC_0LA0RD_1LD0LC_1RB1LA	nqh_1RB1LC_0LA0RD_1LD0LC_1RB1LA	theories/Machines/Bulk/Bulk_033.v	2	0	75
1RB1LC_0LA0RD_1RD0LC_0RB1RC	nqh_1RB1LC_0LA0RD_1RD0LC_0RB1RC	theories/Machines/Bulk/Bulk_034.v	2	0	69
1RB1LC_0LA1LB_1RD0LA_0LB1RC	nqh_1RB1LC_0LA1LB_1RD0LA_0LB1RC	theories/Machines/Bulk/Bulk_034.v	3	0	95
1RB1LC_0LA1LB_1RD0LA_1LB1RC	nqh_1RB1LC_0LA1LB_1RD0LA_1LB1RC	theories/Machines/Bulk/Bulk_034.v	3	0	84
1RB1LC_0LA1LB_1RD0RB_0LB1RC	nqh_1RB1LC_0LA1LB_1RD0RB_0LB1RC	theories/Machines/Bulk/Bulk_034.v	2	0	63
1RB1LC_0LA1LB_1RD0RB_1LB1RC	nqh_1RB1LC_0LA1LB_1RD0RB_1LB1RC	theories/Machines/Bulk/Bulk_034.v	2	0	58
1RB1LC_0LA1LD_1RD0LA_1LB0RC	nqh_1RB1LC_0LA1LD_1RD0LA_1LB0RC	theories/Machines/Bulk/Bulk_034.v	2	0	62
1RB1LC_0LA1RB_1LA0RD_0RB1RC	nqh_1RB1LC_0LA1RB_1LA0RD_0RB1RC	theories/Machines/Bulk/Bulk_034.v	3	0	109
1RB1LC_0LA1RB_1LA0RD_1LA1RC	nqh_1RB1LC_0LA1RB_1LA0RD_1LA1RC	theories/Machines/Bulk/Bulk_034.v	3	0	93
1RB1LC_0LA1RB_1LA0RD_1LB1RC	nqh_1RB1LC_0LA1RB_1LA0RD_1LB1RC	theories/Machines/Bulk/Bulk_034.v	3	0	153
1RB1LC_0LA1RB_1LA0RD_1LC1RC	nqh_1RB1LC_0LA1RB_1LA0RD_1LC1RC	theories/Machines/Bulk/Bulk_034.v	3	0	97
1RB1LC_0LA1RB_1LA0RD_1LD1RC	nqh_1RB1LC_0LA1RB_1LA0RD_1LD1RC	theories/Machines/Bulk/Bulk_034.v	3	0	93
1RB1LC_0LA1RB_1LA0RD_1RB1RC	nqh_1RB1LC_0LA1RB_1LA0RD_1RB1RC	theories/Machines/Bulk/Bulk_034.v	3	0	106
1RB1LC_0LA1RB_1LA0RD_1RC1RC	nqh_1RB1LC_0LA1RB_1LA0RD_1RC1RC	theories/Machines/Bulk/Bulk_034.v	3	0	91
1RB1LC_0LA1RC_1RD0LC_0RB0RC	nqh_1RB1LC_0LA1RC_1RD0LC_0RB0RC	theories/Machines/Bulk/Bulk_034.v	2	0	55
1RB1LC_0LA1RC_1RD0LC_1LA0RD	nqh_1RB1LC_0LA1RC_1RD0LC_1LA0RD	theories/Machines/Bulk/Bulk_034.v	2	0	90
1RB1LC_0LA1RD_0RB0LC_1LA0RD	nqh_1RB1LC_0LA1RD_0RB0LC_1LA0RD	theories/Machines/Bulk/Bulk_034.v	2	0	128
1RB1LC_0LA1RD_1LA0LC_0RB0RD	nqh_1RB1LC_0LA1RD_1LA0LC_0RB0RD	theories/Machines/Bulk/Bulk_034.v	2	0	128
1RB1LC_0LA1RD_1LD0LA_1LA0RD	nqh_1RB1LC_0LA1RD_1LD0LA_1LA0RD	theories/Machines/Bulk/Bulk_034.v	2	0	81
1RB1LC_0LA1RD_1RB1LB_1LB0RD	nqh_1RB1LC_0LA1RD_1RB1LB_1LB0RD	theories/Machines/Bulk/Bulk_034.v	2	0	65
1RB1LC_0LB1RC_0RD1LC_1LD0LA	nqh_1RB1LC_0LB1RC_0RD1LC_1LD0LA	theories/Machines/Bulk/Bulk_034.v	2	0	57
1RB1LC_0LB1RC_1LA0LD_1LC0RA	nqh_1RB1LC_0LB1RC_1LA0LD_1LC0RA	theories/Machines/Bulk/Bulk_034.v	2	0	63
1RB1LC_0LB1RC_1RD0LC_1LA0RD	nqh_1RB1LC_0LB1RC_1RD0LC_1LA0RD	theories/Machines/Bulk/Bulk_034.v	2	0	85
1RB1LC_0LC0LA_1RC0RD_1LB1RD	nqh_1RB1LC_0LC0LA_1RC0RD_1LB1RD	theories/Machines/Bulk/Bulk_034.v	3	0	144
1RB1LC_0LC0LA_1RD1LA_1RB1RD	nqh_1RB1LC_0LC0LA_1RD1LA_1RB1RD	theories/Machines/Bulk/Bulk_034.v	2	0	54
1RB1LC_0LC0RA_1RB1LD_1LA0LD	nqh_1RB1LC_0LC0RA_1RB1LD_1LA0LD	theories/Machines/Bulk/Bulk_034.v	2	0	75
1RB1LC_0LC0RB_1RA0LD_1LA1RD	nqh_1RB1LC_0LC0RB_1RA0LD_1LA1RD	theories/Machines/Bulk/Bulk_034.v	2	0	89
1RB1LC_0LC0RB_1RD1LA_0LA0RA	nqh_1RB1LC_0LC0RB_1RD1LA_0LA0RA	theories/Machines/Bulk/Bulk_034.v	2	0	64
1RB1LC_0LC0RB_1RD1LA_1RB1RD	nqh_1RB1LC_0LC0RB_1RD1LA_1RB1RD	theories/Machines/Bulk/Bulk_034.v	2	0	56
1RB1LC_0LC0RC_1RA0LD_1RA1LD	nqh_1RB1LC_0LC0RC_1RA0LD_1RA1LD	theories/Machines/Bulk/Bulk_034.v	2	0	78
1RB1LC_0LC0RD_0LA1LA_0RB1RD	nqh_1RB1LC_0LC0RD_0LA1LA_0RB1RD	theories/Machines/Bulk/Bulk_034.v	2	0	128
1RB1LC_0LC0RD_1LA1LB_1LC1RB	nqh_1RB1LC_0LC0RD_1LA1LB_1LC1RB	theories/Machines/Bulk/Bulk_034.v	2	0	71
1RB1LC_0LC1RB_1LA0RD_1LC1RC	nqh_1RB1LC_0LC1RB_1LA0RD_1LC1RC	theories/Machines/Bulk/Bulk_034.v	3	0	96
1RB1LC_0LC1RB_1LA0RD_1RC0LA	nqh_1RB1LC_0LC1RB_1LA0RD_1RC0LA	theories/Machines/Bulk/Bulk_034.v	2	0	57
1RB1LC_0LC1RB_1LA0RD_1RC1RC	nqh_1RB1LC_0LC1RB_1LA0RD_1RC1RC	theories/Machines/Bulk/Bulk_034.v	3	0	82
1RB1LC_0LC1RB_1LA1RD_0RB0RC	nqh_1RB1LC_0LC1RB_1LA1RD_0RB0RC	theories/Machines/Bulk/Bulk_034.v	2	0	46
1RB1LC_0LC1RC_1RD0LC_1LA0RD	nqh_1RB1LC_0LC1RC_1RD0LC_1LA0RD	theories/Machines/Bulk/Bulk_034.v	2	0	83
1RB1LC_0LC1RD_1LA0LD_1RC0RB	nqh_1RB1LC_0LC1RD_1LA0LD_1RC0RB	theories/Machines/Bulk/Bulk_034.v	2	0	80
1RB1LC_0LC1RD_1LA0RD_1LB1RC	nqh_1RB1LC_0LC1RD_1LA0RD_1LB1RC	theories/Machines/Bulk/Bulk_034.v	3	0	207
1RB1LC_0LC1RD_1LA1LB_0RB0RD	nqh_1RB1LC_0LC1RD_1LA1LB_0RB0RD	theories/Machines/Bulk/Bulk_034.v	2	0	101
1RB1LC_0RC0RB_1LD1RB_0LA0RA	nqh_1RB1LC_0RC0RB_1LD1RB_0LA0RA	theories/Machines/Bulk/Bulk_034.v	2	0	75
1RB1LC_0RC0RB_1LD1RB_0LA1LC	nqh_1RB1LC_0RC0RB_1LD1RB_0LA1LC	theories/Machines/Bulk/Bulk_034.v	2	0	75
1RB1LC_0RC0RB_1LD1RB_0LA1LD	nqh_1RB1LC_0RC0RB_1LD1RB_0LA1LD	theories/Machines/Bulk/Bulk_034.v	2	0	69
1RB1LC_0RC0RB_1RD1RB_0LA1LD	nqh_1RB1LC_0RC0RB_1RD1RB_0LA1LD	theories/Machines/Bulk/Bulk_034.v	2	0	78
1RB1LC_0RC0RD_1LA0LA_1LD1RA	nqh_1RB1LC_0RC0RD_1LA0LA_1LD1RA	theories/Machines/Bulk/Bulk_034.v	2	0	73
1RB1LC_0RC1LA_1RD0LA_1LB1RC	nqh_1RB1LC_0RC1LA_1RD0LA_1LB1RC	theories/Machines/Bulk/Bulk_034.v	3	0	203
1RB1LC_0RC1LD_0LD1RB_1LA0LA	nqh_1RB1LC_0RC1LD_0LD1RB_1LA0LA	theories/Machines/Bulk/Bulk_034.v	11	0	1015
1RB1LC_0RC1LD_1RD0RB_0LA1RC	nqh_1RB1LC_0RC1LD_1RD0RB_0LA1RC	theories/Machines/Bulk/Bulk_034.v	2	0	54
1RB1LC_0RC1RB_1LD1RD_1LA0LB	nqh_1RB1LC_0RC1RB_1LD1RD_1LA0LB	theories/Machines/Bulk/Bulk_034.v	2	0	59
1RB1LC_0RC1RC_1RD0LC_1LA0RD	nqh_1RB1LC_0RC1RC_1RD0LC_1LA0RD	theories/Machines/Bulk/Bulk_034.v	2	0	86
1RB1LC_0RC1RD_1LA0LA_0LA0RB	nqh_1RB1LC_0RC1RD_1LA0LA_0LA0RB	theories/Machines/Bulk/Bulk_034.v	2	0	92
1RB1LC_0RC1RD_1LA0LA_1LA0RB	nqh_1RB1LC_0RC1RD_1LA0LA_1LA0RB	theories/Machines/Bulk/Bulk_035.v	2	0	92
1RB1LC_0RC1RD_1LA0LA_1LC0RB	nqh_1RB1LC_0RC1RD_1LA0LA_1LC0RB	theories/Machines/Bulk/Bulk_035.v	2	0	88
1RB1LC_0RC1RD_1LA0LA_1RC0RB	nqh_1RB1LC_0RC1RD_1LA0LA_1RC0RB	theories/Machines/Bulk/Bulk_035.v	2	0	96
1RB1LC_1LA0LA_1RD1LA_1RB1RD	nqh_1RB1LC_1LA0LA_1RD1LA_1RB1RD	theories/Machines/Bulk/Bulk_035.v	2	0	45
1RB1LC_1LA0LC_0RD0LA_0RB1RD	nqh_1RB1LC_1LA0LC_0RD0LA_0RB1RD	theories/Machines/Bulk/Bulk_035.v	2	0	128
1RB1LC_1LA0RC_0LD1LA_0RA0LA	nqh_1RB1LC_1LA0RC_0LD1LA_0RA0LA	theories/Machines/Bulk/Bulk_035.v	2	0	69
1RB1LC_1LA0RC_0LD1LA_0RA0LC	nqh_1RB1LC_1LA0RC_0LD1LA_0RA0LC	theories/Machines/Bulk/Bulk_035.v	2	0	68
1RB1LC_1LA0RC_0LD1LC_1RA1LB	nqh_1RB1LC_1LA0RC_0LD1LC_1RA1LB	theories/Machines/Bulk/Bulk_035.v	2	0	54
1RB1LC_1LA0RC_1RB0RD_1LD0LA	nqh_1RB1LC_1LA0RC_1RB0RD_1LD0LA	theories/Machines/Bulk/Bulk_035.v	3	0	182
1RB1LC_1LA0RD_0LB0LC_1RB1RD	nqh_1RB1LC_1LA0RD_0LB0LC_1RB1RD	theories/Machines/Bulk/Bulk_035.v	2	0	89
1RB1LC_1LA0RD_0RB0LA_1LB1RC	nqh_1RB1LC_1LA0RD_0RB0LA_1LB1RC	theories/Machines/Bulk/Bulk_035.v	2	0	85
1RB1LC_1LA0RD_1RA0LC_1LC0RB	nqh_1RB1LC_1LA0RD_1RA0LC_1LC0RB	theories/Machines/Bulk/Bulk_035.v	2	0	93
1RB1LC_1LA1RB_0RD0LA_0RB1RD	nqh_1RB1LC_1LA1RB_0RD0LA_0RB1RD	theories/Machines/Bulk/Bulk_035.v	2	0	85
1RB1LC_1LA1RB_1LA0RD_1LB1RC	nqh_1RB1LC_1LA1RB_1LA0RD_1LB1RC	theories/Machines/Bulk/Bulk_035.v	3	0	86
1RB1LC_1LA1RB_1LA0RD_1LC1RC	nqh_1RB1LC_1LA1RB_1LA0RD_1LC1RC	theories/Machines/Bulk/Bulk_035.v	3	0	86
1RB1LC_1LA1RB_1LA0RD_1LD1RC	nqh_1RB1LC_1LA1RB_1LA0RD_1LD1RC	theories/Machines/Bulk/Bulk_035.v	3	0	82
1RB1LC_1LA1RB_1LA0RD_1RB1RC	nqh_1RB1LC_1LA1RB_1LA0RD_1RB1RC	theories/Machines/Bulk/Bulk_035.v	3	0	81
1RB1LC_1LA1RB_1LA0RD_1RC1RC	nqh_1RB1LC_1LA1RB_1LA0RD_1RC1RC	theories/Machines/Bulk/Bulk_035.v	3	0	80
1RB1LC_1LA1RB_1LA1RD_0LB0RC	nqh_1RB1LC_1LA1RB_1LA1RD_0LB0RC	theories/Machines/Bulk/Bulk_035.v	2	0	41
1RB1LC_1LA1RB_1LA1RD_0RA0RC	nqh_1RB1LC_1LA1RB_1LA1RD_0RA0RC	theories/Machines/Bulk/Bulk_035.v	2	0	40
1RB1LC_1LA1RC_1LA0LD_1LC0RA	nqh_1RB1LC_1LA1RC_1LA0LD_1LC0RA	theories/Machines/Bulk/Bulk_035.v	2	0	57
1RB1LC_1LA1RC_1LD0RC_1RB0LD	nqh_1RB1LC_1LA1RC_1LD0RC_1RB0LD	theories/Machines/Bulk/Bulk_035.v	2	0	81
1RB1LC_1LA1RC_1RB0RD_1RC0LB	nqh_1RB1LC_1LA1RC_1RB0RD_1RC0LB	theories/Machines/Bulk/Bulk_035.v	2	0	57
1RB1LC_1LA1RC_1RD0LC_1LA0RD	nqh_1RB1LC_1LA1RC_1RD0LC_1LA0RD	theories/Machines/Bulk/Bulk_035.v	2	0	83
1RB1LC_1LA1RD_0LB0LA_1RB1RC	nqh_1RB1LC_1LA1RD_0LB0LA_1RB1RC	theories/Machines/Bulk/Bulk_035.v	2	0	51
1RB1LC_1LA1RD_0RC1LD_1LA0RB	nqh_1RB1LC_1LA1RD_0RC1LD_1LA0RB	theories/Machines/Bulk/Bulk_035.v	2	0	51
1RB1LC_1LA1RD_1LA1LD_0RA0RB	nqh_1RB1LC_1LA1RD_1LA1LD_0RA0RB	theories/Machines/Bulk/Bulk_035.v	2	0	48
1RB1LC_1LA1RD_1LA1LD_1LA0RB	nqh_1RB1LC_1LA1RD_1LA1LD_1LA0RB	theories/Machines/Bulk/Bulk_035.v	2	0	49
1RB1LC_1LA1RD_1RA0LC_1LB0RD	nqh_1RB1LC_1LA1RD_1RA0LC_1LB0RD	theories/Machines/Bulk/Bulk_035.v	2	0	85
1RB1LC_1LA1RD_1RB0LA_0LD1RC	nqh_1RB1LC_1LA1RD_1RB0LA_0LD1RC	theories/Machines/Bulk/Bulk_035.v	2	0	53
1RB1LC_1LA1RD_1RB0LA_1RB1RC	nqh_1RB1LC_1LA1RD_1RB0LA_1RB1RC	theories/Machines/Bulk/Bulk_035.v	2	0	51
1RB1LC_1LB0LC_1RC0RD_0LA1RD	nqh_1RB1LC_1LB0LC_1RC0RD_0LA1RD	theories/Machines/Bulk/Bulk_035.v	2	0	63
1RB1LC_1LB0LC_1RD1LD_0RB1RA	nqh_1RB1LC_1LB0LC_1RD1LD_0RB1RA	theories/Machines/Bulk/Bulk_035.v	4	0	216
1RB1LC_1LB1RC_1RD0LC_1LA0RD	nqh_1RB1LC_1LB1RC_1RD0LC_1LA0RD	theories/Machines/Bulk/Bulk_035.v	2	0	85
1RB1LC_1LC0LA_1RD1LA_1RB1RD	nqh_1RB1LC_1LC0LA_1RD1LA_1RB1RD	theories/Machines/Bulk/Bulk_035.v	2	0	42
1RB1LC_1LC0LD_1RD0LB_0RA1RD	nqh_1RB1LC_1LC0LD_1RD0LB_0RA1RD	theories/Machines/Bulk/Bulk_035.v	2	0	56
1RB1LC_1LC0RA_0LD1LB_0RA1LD	nqh_1RB1LC_1LC0RA_0LD1LB_0RA1LD	theories/Machines/Bulk/Bulk_035.v	2	0	41
1RB1LC_1LC0RA_0LD1LB_1LA1LC	nqh_1RB1LC_1LC0RA_0LD1LB_1LA1LC	theories/Machines/Bulk/Bulk_035.v	2	0	56
1RB1LC_1LC0RA_0RD0LC_1LB1LA	nqh_1RB1LC_1LC0RA_0RD0LC_1LB1LA	theories/Machines/Bulk/Bulk_035.v	2	0	74
1RB1LC_1LC0RA_0RD1LB_1LA0LD	nqh_1RB1LC_1LC0RA_0RD1LB_1LA0LD	theories/Machines/Bulk/Bulk_035.v	2	0	56
1RB1LC_1LC0RA_1RD0LB_0LA1RC	nqh_1RB1LC_1LC0RA_1RD0LB_0LA1RC	theories/Machines/Bulk/Bulk_035.v	3	0	65
1RB1LC_1LC0RA_1RD0LC_1LA0RA	nqh_1RB1LC_1LC0RA_1RD0LC_1LA0RA	theories/Machines/Bulk/Bulk_035.v	2	0	65
1RB1LC_1LC0RB_0LD0LD_1RA1LA	nqh_1RB1LC_1LC0RB_0LD0LD_1RA1LA	theories/Machines/Bulk/Bulk_035.v	2	0	57
1RB1LC_1LC0RB_0LD0RA_1RA1LA	nqh_1RB1LC_1LC0RB_0LD0RA_1RA1LA	theories/Machines/Bulk/Bulk_035.v	2	0	61
1RB1LC_1LC0RB_0LD1LA_1RA0LD	nqh_1RB1LC_1LC0RB_0LD1LA_1RA0LD	theories/Machines/Bulk/Bulk_035.v	2	0	75
1RB1LC_1LC0RB_1RA0LD_1RA1LA	nqh_1RB1LC_1LC0RB_1RA0LD_1RA1LA	theories/Machines/Bulk/Bulk_035.v	2	0	65
1RB1LC_1LC0RB_1RD0LC_0LA0RA	nqh_1RB1LC_1LC0RB_1RD0LC_0LA0RA	theories/Machines/Bulk/Bulk_035.v	2	0	85
1RB1LC_1LC0RB_1RD0LD_1LA1RB	nqh_1RB1LC_1LC0RB_1RD0LD_1LA1RB	theories/Machines/Bulk/Bulk_035.v	2	0	69
1RB1LC_1LC0RB_1RD1LA_1RA1RD	nqh_1RB1LC_1LC0RB_1RD1LA_1RA1RD	theories/Machines/Bulk/Bulk_035.v	2	0	44
1RB1LC_1LC0RD_0LA1LA_0RC1RD	nqh_1RB1LC_1LC0RD_0LA1LA_0RC1RD	theories/Machines/Bulk/Bulk_035.v	2	0	88
1RB1LC_1LC0RD_0LA1LA_1RB1RD	nqh_1RB1LC_1LC0RD_0LA1LA_1RB1RD	theories/Machines/Bulk/Bulk_036.v	2	0	73
1RB1LC_1LC0RD_1LA0LB_0RA1RC	nqh_1RB1LC_1LC0RD_1LA0LB_0RA1RC	theories/Machines/Bulk/Bulk_036.v	2	0	65
1RB1LC_1LC0RD_1LA0LB_0RB1RD	nqh_1RB1LC_1LC0RD_1LA0LB_0RB1RD	theories/Machines/Bulk/Bulk_036.v	2	0	80
1RB1LC_1LC0RD_1LA0LB_1RB0RD	nqh_1RB1LC_1LC0RD_1LA0LB_1RB0RD	theories/Machines/Bulk/Bulk_036.v	3	0	168
1RB1LC_1LC0RD_1LA0LC_1RA0RA	nqh_1RB1LC_1LC0RD_1LA0LC_1RA0RA	theories/Machines/Bulk/Bulk_036.v	2	0	78
1RB1LC_1LC0RD_1LD0LB_1RB1RA	nqh_1RB1LC_1LC0RD_1LD0LB_1RB1RA	theories/Machines/Bulk/Bulk_036.v	3	0	121
1RB1LC_1LC0RD_1RD0LC_1LA0RA	nqh_1RB1LC_1LC0RD_1RD0LC_1LA0RA	theories/Machines/Bulk/Bulk_036.v	3	0	243
1RB1LC_1LC1LD_1RD0LC_1LA0RA	nqh_1RB1LC_1LC1LD_1RD0LC_1LA0RA	theories/Machines/Bulk/Bulk_036.v	2	0	75
1RB1LC_1LC1RB_0LD0RA_1RD0RB	nqh_1RB1LC_1LC1RB_0LD0RA_1RD0RB	theories/Machines/Bulk/Bulk_036.v	3	0	94
1RB1LC_1LC1RB_0LD1RD_1LA0RB	nqh_1RB1LC_1LC1RB_0LD1RD_1LA0RB	theories/Machines/Bulk/Bulk_036.v	2	0	63
1RB1LC_1LC1RB_1LA0RD_0LA1RC	nqh_1RB1LC_1LC1RB_1LA0RD_0LA1RC	theories/Machines/Bulk/Bulk_036.v	3	0	85
1RB1LC_1LC1RB_1LA0RD_0RC1RC	nqh_1RB1LC_1LC1RB_1LA0RD_0RC1RC	theories/Machines/Bulk/Bulk_036.v	3	0	87
1RB1LC_1LC1RB_1LA0RD_1LC1RC	nqh_1RB1LC_1LC1RB_1LA0RD_1LC1RC	theories/Machines/Bulk/Bulk_036.v	3	0	88
1RB1LC_1LC1RB_1LA0RD_1LD1RC	nqh_1RB1LC_1LC1RB_1LA0RD_1LD1RC	theories/Machines/Bulk/Bulk_036.v	3	0	84
1RB1LC_1LC1RB_1LA0RD_1RA1RC	nqh_1RB1LC_1LC1RB_1LA0RD_1RA1RC	theories/Machines/Bulk/Bulk_036.v	3	0	84
1RB1LC_1LC1RB_1LA0RD_1RC1RC	nqh_1RB1LC_1LC1RB_1LA0RD_1RC1RC	theories/Machines/Bulk/Bulk_036.v	3	0	82
1RB1LC_1LC1RB_1RA0LD_1RD0RB	nqh_1RB1LC_1LC1RB_1RA0LD_1RD0RB	theories/Machines/Bulk/Bulk_036.v	2	0	51
1RB1LC_1LC1RB_1RD0LC_1LA0RD	nqh_1RB1LC_1LC1RB_1RD0LC_1LA0RD	theories/Machines/Bulk/Bulk_036.v	2	0	79
1RB1LC_1LC1RC_1RD0LC_1LA0RD	nqh_1RB1LC_1LC1RC_1RD0LC_1LA0RD	theories/Machines/Bulk/Bulk_036.v	2	0	85
1RB1LC_1LC1RD_1LA0LB_0RB0RC	nqh_1RB1LC_1LC1RD_1LA0LB_0RB0RC	theories/Machines/Bulk/Bulk_036.v	3	0	222
1RB1LC_1LC1RD_1LA0LB_0RB1LC	nqh_1RB1LC_1LC1RD_1LA0LB_0RB1LC	theories/Machines/Bulk/Bulk_036.v	3	0	70
1RB1LC_1LC1RD_1LA0LC_0LD0RB	nqh_1RB1LC_1LC1RD_1LA0LC_0LD0RB	theories/Machines/Bulk/Bulk_036.v	2	0	89
1RB1LC_1LC1RD_1LA0LC_0RB1RD	nqh_1RB1LC_1LC1RD_1LA0LC_0RB1RD	theories/Machines/Bulk/Bulk_036.v	2	0	79
1RB1LC_1LC1RD_1LD0LC_0RB1RA	nqh_1RB1LC_1LC1RD_1LD0LC_0RB1RA	theories/Machines/Bulk/Bulk_036.v	2	0	83
1RB1LC_1LC1RD_1RD0LC_1LA0RA	nqh_1RB1LC_1LC1RD_1RD0LC_1LA0RA	theories/Machines/Bulk/Bulk_036.v	2	0	65
1RB1LC_1RC---_0LD0RD_0LA1LD	nqh_1RB1LC_1RCXXX_0LD0RD_0LA1LD	theories/Machines/Bulk/Bulk_036.v	2	0	55
1RB1LC_1RC---_1LD0RD_0LA1LD	nqh_1RB1LC_1RCXXX_1LD0RD_0LA1LD	theories/Machines/Bulk/Bulk_036.v	2	0	49
1RB1LC_1RC0LA_1RD1LA_0LB0RD	nqh_1RB1LC_1RC0LA_1RD1LA_0LB0RD	theories/Machines/Bulk/Bulk_036.v	2	0	81
1RB1LC_1RC0LD_0LB0RD_0LA1LD	nqh_1RB1LC_1RC0LD_0LB0RD_0LA1LD	theories/Machines/Bulk/Bulk_036.v	2	0	61
1RB1LC_1RC0LD_0LD0RA_1RC1LD	nqh_1RB1LC_1RC0LD_0LD0RA_1RC1LD	theories/Machines/Bulk/Bulk_036.v	2	0	55
1RB1LC_1RC0LD_1LA0RB_0RB1RA	nqh_1RB1LC_1RC0LD_1LA0RB_0RB1RA	theories/Machines/Bulk/Bulk_036.v	2	0	57
1RB1LC_1RC0LD_1LA0RB_0RC1LB	nqh_1RB1LC_1RC0LD_1LA0RB_0RC1LB	theories/Machines/Bulk/Bulk_036.v	2	0	71
1RB1LC_1RC0LD_1LA0RB_1LB0LA	nqh_1RB1LC_1RC0LD_1LA0RB_1LB0LA	theories/Machines/Bulk/Bulk_036.v	3	0	198
1RB1LC_1RC0LD_1LA0RB_1LB0RB	nqh_1RB1LC_1RC0LD_1LA0RB_1LB0RB	theories/Machines/Bulk/Bulk_036.v	3	0	173
1RB1LC_1RC0LD_1LA0RB_1LB1RB	nqh_1RB1LC_1RC0LD_1LA0RB_1LB1RB	theories/Machines/Bulk/Bulk_036.v	3	0	161
1RB1LC_1RC0LD_1LA0RB_1LB1RD	nqh_1RB1LC_1RC0LD_1LA0RB_1LB1RD	theories/Machines/Bulk/Bulk_036.v	3	64	62
1RB1LC_1RC0LD_1LB0RD_0LA1LD	nqh_1RB1LC_1RC0LD_1LB0RD_0LA1LD	theories/Machines/Bulk/Bulk_036.v	2	0	58
1RB1LC_1RC0RA_0LA0LD_1LA1RA	nqh_1RB1LC_1RC0RA_0LA0LD_1LA1RA	theories/Machines/Bulk/Bulk_036.v	2	0	72
1RB1LC_1RC0RA_0LA1LD_1LC0LB	nqh_1RB1LC_1RC0RA_0LA1LD_1LC0LB	theories/Machines/Bulk/Bulk_036.v	2	0	65
1RB1LC_1RC0RA_0LD1RB_1LA1LB	nqh_1RB1LC_1RC0RA_0LD1RB_1LA1LB	theories/Machines/Bulk/Bulk_036.v	2	0	66
1RB1LC_1RC0RB_0LA1LD_1LA1RB	nqh_1RB1LC_1RC0RB_0LA1LD_1LA1RB	theories/Machines/Bulk/Bulk_036.v	2	0	87
1RB1LC_1RC0RB_0LA1LD_1LC1RB	nqh_1RB1LC_1RC0RB_0LA1LD_1LC1RB	theories/Machines/Bulk/Bulk_036.v	2	0	79
1RB1LC_1RC0RB_0LD0RA_1RA1LD	nqh_1RB1LC_1RC0RB_0LD0RA_1RA1LD	theories/Machines/Bulk/Bulk_036.v	2	0	105
1RB1LC_1RC0RB_0LD0RB_1LA1RD	nqh_1RB1LC_1RC0RB_0LD0RB_1LA1RD	theories/Machines/Bulk/Bulk_036.v	2	0	70
1RB1LC_1RC0RB_1LD0LC_1LA1RD	nqh_1RB1LC_1RC0RB_1LD0LC_1LA1RD	theories/Machines/Bulk/Bulk_036.v	3	0	269
1RB1LC_1RC0RB_1LD0LD_0LA0RA	nqh_1RB1LC_1RC0RB_1LD0LD_0LA0RA	theories/Machines/Bulk/Bulk_036.v	2	0	98
1RB1LC_1RC0RB_1LD0RB_1LA0LC	nqh_1RB1LC_1RC0RB_1LD0RB_1LA0LC	theories/Machines/Bulk/Bulk_036.v	3	0	194
1RB1LC_1RC0RB_1LD1RC_1LA0LC	nqh_1RB1LC_1RC0RB_1LD1RC_1LA0LC	theories/Machines/Bulk/Bulk_036.v	3	0	210
1RB1LC_1RC0RB_1LD1RC_1LA0LD	nqh_1RB1LC_1RC0RB_1LD1RC_1LA0LD	theories/Machines/Bulk/Bulk_036.v	3	0	307
1RB1LC_1RC0RD_0LA0LB_0RA---	nqh_1RB1LC_1RC0RD_0LA0LB_0RAXXX	theories/Machines/Bulk/Bulk_036.v	2	0	42
1RB1LC_1RC0RD_0LA1LA_0RC1RD	nqh_1RB1LC_1RC0RD_0LA1LA_0RC1RD	theories/Machines/Bulk/Bulk_037.v	2	0	96
1RB1LC_1RC0RD_0LA1LA_1RB1RD	nqh_1RB1LC_1RC0RD_0LA1LA_1RB1RD	theories/Machines/Bulk/Bulk_037.v	2	0	81
1RB1LC_1RC0RD_1LA0LC_1RD0RA	nqh_1RB1LC_1RC0RD_1LA0LC_1RD0RA	theories/Machines/Bulk/Bulk_037.v	11	0	2348
1RB1LC_1RC1LA_1RD0LB_1LB0RC	nqh_1RB1LC_1RC1LA_1RD0LB_1LB0RC	theories/Machines/Bulk/Bulk_037.v	2	0	71
1RB1LC_1RC1LB_0LB0RD_0LA1LD	nqh_1RB1LC_1RC1LB_0LB0RD_0LA1LD	theories/Machines/Bulk/Bulk_037.v	2	0	62
1RB1LC_1RC1LB_0LB0RD_0LA1RD	nqh_1RB1LC_1RC1LB_0LB0RD_0LA1RD	theories/Machines/Bulk/Bulk_037.v	2	0	85
1RB1LC_1RC1LB_0RD0RA_1LD0LB	nqh_1RB1LC_1RC1LB_0RD0RA_1LD0LB	theories/Machines/Bulk/Bulk_037.v	3	0	99
1RB1LC_1RC1LB_1LA0RD_1RC0RB	nqh_1RB1LC_1RC1LB_1LA0RD_1RC0RB	theories/Machines/Bulk/Bulk_037.v	2	0	48
1RB1LC_1RC1LD_0LB0RD_0LA1LD	nqh_1RB1LC_1RC1LD_0LB0RD_0LA1LD	theories/Machines/Bulk/Bulk_037.v	2	0	58
1RB1LC_1RC1LD_1LB0RD_0LA1LD	nqh_1RB1LC_1RC1LD_1LB0RD_0LA1LD	theories/Machines/Bulk/Bulk_037.v	2	0	53
1RB1LC_1RC1RB_1LA0RD_1LC1RC	nqh_1RB1LC_1RC1RB_1LA0RD_1LC1RC	theories/Machines/Bulk/Bulk_037.v	3	0	91
1RB1LC_1RC1RB_1LA0RD_1LD1RC	nqh_1RB1LC_1RC1RB_1LA0RD_1LD1RC	theories/Machines/Bulk/Bulk_037.v	3	0	87
1RB1LC_1RC1RB_1LA0RD_1RC1RC	nqh_1RB1LC_1RC1RB_1LA0RD_1RC1RC	theories/Machines/Bulk/Bulk_037.v	3	0	85
1RB1LC_1RC1RB_1LA1RD_0RB0RC	nqh_1RB1LC_1RC1RB_1LA1RD_0RB0RC	theories/Machines/Bulk/Bulk_037.v	2	0	42
1RB1LC_1RC1RB_1LD0LD_0LA0RA	nqh_1RB1LC_1RC1RB_1LD0LD_0LA0RA	theories/Machines/Bulk/Bulk_037.v	2	0	77
1RB1LC_1RC1RB_1RD0LC_1LA0RD	nqh_1RB1LC_1RC1RB_1RD0LC_1LA0RD	theories/Machines/Bulk/Bulk_037.v	2	0	87
1RB1LC_1RC1RB_1RD1LA_1LA0RD	nqh_1RB1LC_1RC1RB_1RD1LA_1LA0RD	theories/Machines/Bulk/Bulk_037.v	2	0	42
1RB1LC_1RC1RC_1RD0LC_1LA0RD	nqh_1RB1LC_1RC1RC_1RD0LC_1LA0RD	theories/Machines/Bulk/Bulk_037.v	2	0	83
1RB1LC_1RC1RD_1LA0LC_0RB1RD	nqh_1RB1LC_1RC1RD_1LA0LC_0RB1RD	theories/Machines/Bulk/Bulk_037.v	2	0	78
1RB1LC_1RC1RD_1LA1LB_0LC0RB	nqh_1RB1LC_1RC1RD_1LA1LB_0LC0RB	theories/Machines/Bulk/Bulk_037.v	2	0	55
1RB1LC_1RC1RD_1LA1LB_0RA0RB	nqh_1RB1LC_1RC1RD_1LA1LB_0RA0RB	theories/Machines/Bulk/Bulk_037.v	2	0	47
1RB1LC_1RC1RD_1LA1LB_1RA0RB	nqh_1RB1LC_1RC1RD_1LA1LB_1RA0RB	theories/Machines/Bulk/Bulk_037.v	2	0	48
1RB1LC_1RC1RD_1LA1LB_1RC0RB	nqh_1RB1LC_1RC1RD_1LA1LB_1RC0RB	theories/Machines/Bulk/Bulk_037.v	2	0	46
1RB1LC_1RC1RD_1LB0RD_0LA1LD	nqh_1RB1LC_1RC1RD_1LB0RD_0LA1LD	theories/Machines/Bulk/Bulk_037.v	2	0	57
1RB1LD_0LB1LC_1RD0LA_1LA0RC	nqh_1RB1LD_0LB1LC_1RD0LA_1LA0RC	theories/Machines/Bulk/Bulk_037.v	2	0	83
1RB1LD_0LC0RA_0LD1LC_1RA0RB	nqh_1RB1LD_0LC0RA_0LD1LC_1RA0RB	theories/Machines/Bulk/Bulk_037.v	2	0	128
1RB1LD_0LC0RA_1RA1LC_0RB0LC	nqh_1RB1LD_0LC0RA_1RA1LC_0RB0LC	theories/Machines/Bulk/Bulk_037.v	2	0	90
1RB1LD_0LC0RA_1RA1LC_0RB0LD	nqh_1RB1LD_0LC0RA_1RA1LC_0RB0LD	theories/Machines/Bulk/Bulk_037.v	2	0	128
1RB1LD_0LC0RB_0RA1LC_1RA0LD	nqh_1RB1LD_0LC0RB_0RA1LC_1RA0LD	theories/Machines/Bulk/Bulk_037.v	2	0	128
1RB1LD_0LC0RB_1RA0LD_1RC1LA	nqh_1RB1LD_0LC0RB_1RA0LD_1RC1LA	theories/Machines/Bulk/Bulk_037.v	2	0	89
1RB1LD_0LC0RC_1RA1LA_1LA0LD	nqh_1RB1LD_0LC0RC_1RA1LA_1LA0LD	theories/Machines/Bulk/Bulk_037.v	2	0	74
1RB1LD_0LC1RA_0LD1LC_1RA0LA	nqh_1RB1LD_0LC1RA_0LD1LC_1RA0LA	theories/Machines/Bulk/Bulk_037.v	2	0	48
1RB1LD_0LC1RA_0RA1LC_0LC0LA	nqh_1RB1LD_0LC1RA_0RA1LC_0LC0LA	theories/Machines/Bulk/Bulk_037.v	2	0	55
1RB1LD_0LC1RA_0RA1LC_0LC0RB	nqh_1RB1LD_0LC1RA_0RA1LC_0LC0RB	theories/Machines/Bulk/Bulk_037.v	2	0	95
1RB1LD_0LC1RA_0RB1LC_0LA0RA	nqh_1RB1LD_0LC1RA_0RB1LC_0LA0RA	theories/Machines/Bulk/Bulk_037.v	2	0	68
1RB1LD_0LC1RA_1LA1LC_0LC0LA	nqh_1RB1LD_0LC1RA_1LA1LC_0LC0LA	theories/Machines/Bulk/Bulk_037.v	2	0	51
1RB1LD_0LC1RA_1RB1LC_0LA0LA	nqh_1RB1LD_0LC1RA_1RB1LC_0LA0LA	theories/Machines/Bulk/Bulk_037.v	2	0	48
1RB1LD_0LC1RA_1RB1LC_0LA0RA	nqh_1RB1LD_0LC1RA_1RB1LC_0LA0RA	theories/Machines/Bulk/Bulk_037.v	2	0	57
1RB1LD_0LC1RA_1RB1LC_0LC0LA	nqh_1RB1LD_0LC1RA_1RB1LC_0LC0LA	theories/Machines/Bulk/Bulk_037.v	2	0	49
1RB1LD_0LC1RA_1RB1LC_0RC0LA	nqh_1RB1LD_0LC1RA_1RB1LC_0RC0LA	theories/Machines/Bulk/Bulk_037.v	2	0	48
1RB1LD_0LC1RA_1RB1LC_1RA0LA	nqh_1RB1LD_0LC1RA_1RB1LC_1RA0LA	theories/Machines/Bulk/Bulk_037.v	2	0	49
1RB1LD_0LC1RB_1LB1RD_1LA0RC	nqh_1RB1LD_0LC1RB_1LB1RD_1LA0RC	theories/Machines/Bulk/Bulk_037.v	3	0	98
1RB1LD_0LC1RB_1LC1RD_1LA0RC	nqh_1RB1LD_0LC1RB_1LC1RD_1LA0RC	theories/Machines/Bulk/Bulk_037.v	3	0	88
1RB1LD_0LC1RB_1LD1RD_1LA0RC	nqh_1RB1LD_0LC1RB_1LD1RD_1LA0RC	theories/Machines/Bulk/Bulk_037.v	3	0	92
1RB1LD_0LC1RB_1RB1RD_1LA0RC	nqh_1RB1LD_0LC1RB_1RB1RD_1LA0RC	theories/Machines/Bulk/Bulk_037.v	3	0	88
1RB1LD_0LC1RB_1RD1RD_1LA0RC	nqh_1RB1LD_0LC1RB_1RD1RD_1LA0RC	theories/Machines/Bulk/Bulk_037.v	3	0	86
1RB1LD_0LC1RD_0RA1LC_1RB0LA	nqh_1RB1LD_0LC1RD_0RA1LC_1RB0LA	theories/Machines/Bulk/Bulk_037.v	3	0	105
1RB1LD_0LC1RD_0RB1LC_1RB0LA	nqh_1RB1LD_0LC1RD_0RB1LC_1RB0LA	theories/Machines/Bulk/Bulk_037.v	3	0	142
1RB1LD_0LC1RD_1LA0RC_1RC0LD	nqh_1RB1LD_0LC1RD_1LA0RC_1RC0LD	theories/Machines/Bulk/Bulk_037.v	2	0	83
1RB1LD_0LC1RD_1RB1LC_1RB0LA	nqh_1RB1LD_0LC1RD_1RB1LC_1RB0LA	theories/Machines/Bulk/Bulk_037.v	3	0	98
1RB1LD_0RC---_1LC0LA_0RC1LD	nqh_1RB1LD_0RCXXX_1LC0LA_0RC1LD	theories/Machines/Bulk/Bulk_038.v	3	0	88
1RB1LD_0RC0LA_1LC0LA_0RB1LD	nqh_1RB1LD_0RC0LA_1LC0LA_0RB1LD	theories/Machines/Bulk/Bulk_038.v	3	0	90
1RB1LD_0RC0LB_1LC1RA_0RD0LA	nqh_1RB1LD_0RC0LB_1LC1RA_0RD0LA	theories/Machines/Bulk/Bulk_038.v	4	0	507
1RB1LD_0RC0LB_1LD1RA_1LB0LA	nqh_1RB1LD_0RC0LB_1LD1RA_1LB0LA	theories/Machines/Bulk/Bulk_038.v	2	0	65
1RB1LD_0RC0LC_1LC1RA_1LA0LA	nqh_1RB1LD_0RC0LC_1LC1RA_1LA0LA	theories/Machines/Bulk/Bulk_038.v	2	0	74
1RB1LD_0RC0LC_1LD1RA_0LA0LD	nqh_1RB1LD_0RC0LC_1LD1RA_0LA0LD	theories/Machines/Bulk/Bulk_038.v	2	0	74
1RB1LD_0RC0LC_1RD1RA_0LA0LD	nqh_1RB1LD_0RC0LC_1RD1RA_0LA0LD	theories/Machines/Bulk/Bulk_038.v	2	0	56
1RB1LD_0RC0LD_1LC1RA_1LB0LA	nqh_1RB1LD_0RC0LD_1LC1RA_1LB0LA	theories/Machines/Bulk/Bulk_038.v	2	0	84
1RB1LD_0RC0RA_1LC0LA_0RC1LA	nqh_1RB1LD_0RC0RA_1LC0LA_0RC1LA	theories/Machines/Bulk/Bulk_038.v	3	0	102
1RB1LD_0RC0RA_1RD0LA_0LA1RB	nqh_1RB1LD_0RC0RA_1RD0LA_0LA1RB	theories/Machines/Bulk/Bulk_038.v	2	0	42
1RB1LD_0RC0RA_1RD1LC_0LA1RB	nqh_1RB1LD_0RC0RA_1RD1LC_0LA1RB	theories/Machines/Bulk/Bulk_038.v	2	0	44
1RB1LD_0RC0RA_1RD1RC_0LA1RB	nqh_1RB1LD_0RC0RA_1RD1RC_0LA1RB	theories/Machines/Bulk/Bulk_038.v	2	0	49
1RB1LD_0RC0RB_1RD1RA_0LA0LD	nqh_1RB1LD_0RC0RB_1RD1RA_0LA0LD	theories/Machines/Bulk/Bulk_038.v	2	0	62
1RB1LD_0RC0RC_1LC0LA_0RC1LA	nqh_1RB1LD_0RC0RC_1LC0LA_0RC1LA	theories/Machines/Bulk/Bulk_038.v	3	0	92
1RB1LD_0RC0RC_1LC0LA_0RD1LA	nqh_1RB1LD_0RC0RC_1LC0LA_0RD1LA	theories/Machines/Bulk/Bulk_038.v	3	0	93
1RB1LD_0RC0RC_1LC0LA_1RB1LA	nqh_1RB1LD_0RC0RC_1LC0LA_1RB1LA	theories/Machines/Bulk/Bulk_038.v	3	0	90
1RB1LD_0RC0RC_1LC0LA_1RB1LD	nqh_1RB1LD_0RC0RC_1LC0LA_1RB1LD	theories/Machines/Bulk/Bulk_038.v	3	0	85
1RB1LD_0RC0RC_1LC0LD_1RB1LA	nqh_1RB1LD_0RC0RC_1LC0LD_1RB1LA	theories/Machines/Bulk/Bulk_038.v	3	0	90
1RB1LD_0RC0RC_1LC1RA_0RD0LA	nqh_1RB1LD_0RC0RC_1LC1RA_0RD0LA	theories/Machines/Bulk/Bulk_038.v	2	0	62
1RB1LD_0RC0RC_1LC1RA_1RB0LA	nqh_1RB1LD_0RC0RC_1LC1RA_1RB0LA	theories/Machines/Bulk/Bulk_038.v	2	0	58
1RB1LD_0RC0RC_1LC1RA_1RB0LD	nqh_1RB1LD_0RC0RC_1LC1RA_1RB0LD	theories/Machines/Bulk/Bulk_038.v	2	0	60
1RB1LD_0RC0RD_1LD0LC_0LA1LA	nqh_1RB1LD_0RC0RD_1LD0LC_0LA1LA	theories/Machines/Bulk/Bulk_038.v	2	0	63
1RB1LD_0RC0RD_1RD0LC_0LA1LA	nqh_1RB1LD_0RC0RD_1RD0LC_0LA1LA	theories/Machines/Bulk/Bulk_038.v	2	0	79
1RB1LD_0RC0RD_1RD1RA_0LA0LD	nqh_1RB1LD_0RC0RD_1RD1RA_0LA0LD	theories/Machines/Bulk/Bulk_038.v	2	0	54
1RB1LD_0RC1LA_1LC0LA_0RC0RB	nqh_1RB1LD_0RC1LA_1LC0LA_0RC0RB	theories/Machines/Bulk/Bulk_038.v	3	0	142
1RB1LD_0RC1LA_1LC0LA_0RC1RB	nqh_1RB1LD_0RC1LA_1LC0LA_0RC1RB	theories/Machines/Bulk/Bulk_038.v	3	0	115
1RB1LD_0RC1LB_1LA1RC_0RD0LA	nqh_1RB1LD_0RC1LB_1LA1RC_0RD0LA	theories/Machines/Bulk/Bulk_038.v	2	0	88
1RB1LD_0RC1LB_1LB1RD_1RC0LA	nqh_1RB1LD_0RC1LB_1LB1RD_1RC0LA	theories/Machines/Bulk/Bulk_038.v	3	0	154
1RB1LD_0RC1LB_1LC0LA_0RB1LB	nqh_1RB1LD_0RC1LB_1LC0LA_0RB1LB	theories/Machines/Bulk/Bulk_038.v	3	0	90
1RB1LD_0RC1LB_1LC0LA_0RB1LD	nqh_1RB1LD_0RC1LB_1LC0LA_0RB1LD	theories/Machines/Bulk/Bulk_038.v	3	0	96
1RB1LD_0RC1LB_1LC0LA_0RB1RB	nqh_1RB1LD_0RC1LB_1LC0LA_0RB1RB	theories/Machines/Bulk/Bulk_038.v	3	0	97
1RB1LD_0RC1LB_1LC0LA_0RC1LB	nqh_1RB1LD_0RC1LB_1LC0LA_0RC1LB	theories/Machines/Bulk/Bulk_038.v	3	0	88
1RB1LD_0RC1LB_1LC0LA_0RC1RB	nqh_1RB1LD_0RC1LB_1LC0LA_0RC1RB	theories/Machines/Bulk/Bulk_038.v	3	0	95
1RB1LD_0RC1LB_1LC0LA_0RD1LB	nqh_1RB1LD_0RC1LB_1LC0LA_0RD1LB	theories/Machines/Bulk/Bulk_038.v	3	0	90
1RB1LD_0RC1LB_1LC0LA_0RD1RB	nqh_1RB1LD_0RC1LB_1LC0LA_0RD1RB	theories/Machines/Bulk/Bulk_038.v	3	0	90
1RB1LD_0RC1LB_1LC0LA_1RD1RB	nqh_1RB1LD_0RC1LB_1LC0LA_1RD1RB	theories/Machines/Bulk/Bulk_038.v	3	0	90
1RB1LD_0RC1LB_1LD0LA_1LA0LB	nqh_1RB1LD_0RC1LB_1LD0LA_1LA0LB	theories/Machines/Bulk/Bulk_038.v	2	0	52
1RB1LD_0RC1LC_1LA1RC_0RD0LA	nqh_1RB1LD_0RC1LC_1LA1RC_0RD0LA	theories/Machines/Bulk/Bulk_038.v	2	0	80
1RB1LD_0RC1LC_1LD0LA_1LB0RB	nqh_1RB1LD_0RC1LC_1LD0LA_1LB0RB	theories/Machines/Bulk/Bulk_038.v	2	0	58
1RB1LD_0RC1LC_1LD0LA_1LB1LA	nqh_1RB1LD_0RC1LC_1LD0LA_1LB1LA	theories/Machines/Bulk/Bulk_038.v	2	0	51
1RB1LD_0RC1LC_1LD0LA_1LB1LD	nqh_1RB1LD_0RC1LC_1LD0LA_1LB1LD	theories/Machines/Bulk/Bulk_038.v	2	0	46
1RB1LD_0RC1LD_1LC0LA_0RC1LB	nqh_1RB1LD_0RC1LD_1LC0LA_0RC1LB	theories/Machines/Bulk/Bulk_038.v	3	0	93
1RB1LD_0RC1LD_1LC0LA_0RD1LB	nqh_1RB1LD_0RC1LD_1LC0LA_0RD1LB	theories/Machines/Bulk/Bulk_038.v	3	0	96
1RB1LD_0RC1RA_1LC0LA_0RB1LB	nqh_1RB1LD_0RC1RA_1LC0LA_0RB1LB	theories/Machines/Bulk/Bulk_038.v	3	0	110
1RB1LD_0RC1RA_1LC0LA_0RC1LB	nqh_1RB1LD_0RC1RA_1LC0LA_0RC1LB	theories/Machines/Bulk/Bulk_038.v	3	0	108
1RB1LD_0RC1RA_1LC0LA_0RD1LB	nqh_1RB1LD_0RC1RA_1LC0LA_0RD1LB	theories/Machines/Bulk/Bulk_038.v	3	0	110
1RB1LD_0RC1RA_1LC0LA_1RB1LB	nqh_1RB1LD_0RC1RA_1LC0LA_1RB1LB	theories/Machines/Bulk/Bulk_038.v	3	0	110
1RB1LD_0RC1RA_1LC0LD_1RB1LB	nqh_1RB1LD_0RC1RA_1LC0LD_1RB1LB	theories/Machines/Bulk/Bulk_038.v	4	0	208
1RB1LD_0RC1RA_1LD1RA_0LA0LD	nqh_1RB1LD_0RC1RA_1LD1RA_0LA0LD	theories/Machines/Bulk/Bulk_038.v	2	0	74
1RB1LD_0RC1RA_1LD1RB_1LB0LD	nqh_1RB1LD_0RC1RA_1LD1RB_1LB0LD	theories/Machines/Bulk/Bulk_038.v	2	0	73
1RB1LD_0RC1RA_1RD1RA_0LA0LD	nqh_1RB1LD_0RC1RA_1RD1RA_0LA0LD	theories/Machines/Bulk/Bulk_039.v	2	0	55
1RB1LD_0RC1RB_0LD0RC_1RC1LA	nqh_1RB1LD_0RC1RB_0LD0RC_1RC1LA	theories/Machines/Bulk/Bulk_039.v	2	0	55
1RB1LD_0RC1RB_1LB1RD_1LA0LB	nqh_1RB1LD_0RC1RB_1LB1RD_1LA0LB	theories/Machines/Bulk/Bulk_039.v	2	0	55
1RB1LD_0RC1RB_1LB1RD_1LA0RC	nqh_1RB1LD_0RC1RB_1LB1RD_1LA0RC	theories/Machines/Bulk/Bulk_039.v	3	0	75
1RB1LD_0RC1RB_1LC1RA_1LA0LA	nqh_1RB1LD_0RC1RB_1LC1RA_1LA0LA	theories/Machines/Bulk/Bulk_039.v	2	0	67
1RB1LD_0RC1RB_1LC1RD_1LA0RC	nqh_1RB1LD_0RC1RB_1LC1RD_1LA0RC	theories/Machines/Bulk/Bulk_039.v	3	0	81
1RB1LD_0RC1RB_1LD0LC_0LA1LA	nqh_1RB1LD_0RC1RB_1LD0LC_0LA1LA	theories/Machines/Bulk/Bulk_039.v	2	0	47
1RB1LD_0RC1RB_1LD1RA_0LA0LD	nqh_1RB1LD_0RC1RB_1LD1RA_0LA0LD	theories/Machines/Bulk/Bulk_039.v	2	0	68
1RB1LD_0RC1RB_1LD1RB_1LA0LD	nqh_1RB1LD_0RC1RB_1LD1RB_1LA0LD	theories/Machines/Bulk/Bulk_039.v	2	0	67
1RB1LD_0RC1RB_1LD1RD_1LA0LB	nqh_1RB1LD_0RC1RB_1LD1RD_1LA0LB	theories/Machines/Bulk/Bulk_039.v	2	0	53
1RB1LD_0RC1RB_1LD1RD_1LA0RC	nqh_1RB1LD_0RC1RB_1LD1RD_1LA0RC	theories/Machines/Bulk/Bulk_039.v	3	0	82
1RB1LD_0RC1RB_1RD0LB_1LA0LB	nqh_1RB1LD_0RC1RB_1RD0LB_1LA0LB	theories/Machines/Bulk/Bulk_039.v	2	0	51
1RB1LD_0RC1RB_1RD0LB_1LA0RC	nqh_1RB1LD_0RC1RB_1RD0LB_1LA0RC	theories/Machines/Bulk/Bulk_039.v	2	0	43
1RB1LD_0RC1RB_1RD0LC_0LA1LA	nqh_1RB1LD_0RC1RB_1RD0LC_0LA1LA	theories/Machines/Bulk/Bulk_039.v	2	0	71
1RB1LD_0RC1RB_1RD1RA_0LA0LD	nqh_1RB1LD_0RC1RB_1RD1RA_0LA0LD	theories/Machines/Bulk/Bulk_039.v	2	0	54
1RB1LD_0RC1RB_1RD1RD_1LA0LB	nqh_1RB1LD_0RC1RB_1RD1RD_1LA0LB	theories/Machines/Bulk/Bulk_039.v	2	0	51
1RB1LD_0RC1RB_1RD1RD_1LA0RC	nqh_1RB1LD_0RC1RB_1RD1RD_1LA0RC	theories/Machines/Bulk/Bulk_039.v	3	0	70
1RB1LD_0RC1RC_1LA0RB_0LB0LA	nqh_1RB1LD_0RC1RC_1LA0RB_0LB0LA	theories/Machines/Bulk/Bulk_039.v	2	0	104
1RB1LD_0RC1RC_1LA0RB_1LA0LA	nqh_1RB1LD_0RC1RC_1LA0RB_1LA0LA	theories/Machines/Bulk/Bulk_039.v	2	0	103
1RB1LD_0RC1RC_1LA1RC_0RD0LA	nqh_1RB1LD_0RC1RC_1LA1RC_0RD0LA	theories/Machines/Bulk/Bulk_039.v	2	0	80
1RB1LD_0RC1RC_1LC0LA_0RB1LD	nqh_1RB1LD_0RC1RC_1LC0LA_0RB1LD	theories/Machines/Bulk/Bulk_039.v	3	0	128
1RB1LD_0RC1RD_1LA0RC_1RC0LD	nqh_1RB1LD_0RC1RD_1LA0RC_1RC0LD	theories/Machines/Bulk/Bulk_039.v	2	0	83
1RB1LD_1LB0LC_1RD1LC_0RB0RA	nqh_1RB1LD_1LB0LC_1RD1LC_0RB0RA	theories/Machines/Bulk/Bulk_039.v	3	0	158
1RB1LD_1LC0LC_0RA1LB_1RA1RD	nqh_1RB1LD_1LC0LC_0RA1LB_1RA1RD	theories/Machines/Bulk/Bulk_039.v	2	0	58
1RB1LD_1LC0LD_0RA0LB_1RD1RC	nqh_1RB1LD_1LC0LD_0RA0LB_1RD1RC	theories/Machines/Bulk/Bulk_039.v	3	0	71
1RB1LD_1LC0LD_1RD0LB_1LA0RC	nqh_1RB1LD_1LC0LD_1RD0LB_1LA0RC	theories/Machines/Bulk/Bulk_039.v	3	0	65
1RB1LD_1LC0RA_0LD0LB_1RD0RB	nqh_1RB1LD_1LC0RA_0LD0LB_1RD0RB	theories/Machines/Bulk/Bulk_039.v	3	0	176
1RB1LD_1LC0RA_0RA0LB_1RA1RD	nqh_1RB1LD_1LC0RA_0RA0LB_1RA1RD	theories/Machines/Bulk/Bulk_039.v	3	0	89
1RB1LD_1LC0RA_1LA0LB_1RD0RC	nqh_1RB1LD_1LC0RA_1LA0LB_1RD0RC	theories/Machines/Bulk/Bulk_039.v	3	0	199
1RB1LD_1LC0RA_1LA1LB_0RD0LC	nqh_1RB1LD_1LC0RA_1LA1LB_0RD0LC	theories/Machines/Bulk/Bulk_039.v	2	0	85
1RB1LD_1LC0RA_1LA1RC_0LB0LA	nqh_1RB1LD_1LC0RA_1LA1RC_0LB0LA	theories/Machines/Bulk/Bulk_039.v	2	0	77
1RB1LD_1LC0RA_1LA1RC_1RD0LB	nqh_1RB1LD_1LC0RA_1LA1RC_1RD0LB	theories/Machines/Bulk/Bulk_039.v	2	0	68
1RB1LD_1LC0RA_1RA0LB_1RA1RD	nqh_1RB1LD_1LC0RA_1RA0LB_1RA1RD	theories/Machines/Bulk/Bulk_039.v	3	0	79
1RB1LD_1LC0RA_1RD0LB_0LA1RC	nqh_1RB1LD_1LC0RA_1RD0LB_0LA1RC	theories/Machines/Bulk/Bulk_039.v	3	0	70
1RB1LD_1LC0RA_1RD0LB_1RA1RD	nqh_1RB1LD_1LC0RA_1RD0LB_1RA1RD	theories/Machines/Bulk/Bulk_039.v	3	0	70
1RB1LD_1LC0RA_1RD0RA_0LB1RC	nqh_1RB1LD_1LC0RA_1RD0RA_0LB1RC	theories/Machines/Bulk/Bulk_039.v	2	0	62
1RB1LD_1LC0RA_1RD1LC_1RB0LA	nqh_1RB1LD_1LC0RA_1RD1LC_1RB0LA	theories/Machines/Bulk/Bulk_039.v	2	0	51
1RB1LD_1LC0RB_0LA0LD_1RA1LC	nqh_1RB1LD_1LC0RB_0LA0LD_1RA1LC	theories/Machines/Bulk/Bulk_039.v	2	0	73
1RB1LD_1LC0RB_0LD1LA_1RA0LD	nqh_1RB1LD_1LC0RB_0LD1LA_1RA0LD	theories/Machines/Bulk/Bulk_039.v	2	0	83
1RB1LD_1LC0RB_0RA0LC_1RA0LD	nqh_1RB1LD_1LC0RB_0RA0LC_1RA0LD	theories/Machines/Bulk/Bulk_039.v	2	0	128
1RB1LD_1LC0RB_0RA1LA_1RA0LD	nqh_1RB1LD_1LC0RB_0RA1LA_1RA0LD	theories/Machines/Bulk/Bulk_039.v	2	0	101
1RB1LD_1LC0RB_0RA1LC_1RA0LD	nqh_1RB1LD_1LC0RB_0RA1LC_1RA0LD	theories/Machines/Bulk/Bulk_039.v	2	0	99
1RB1LD_1LC0RB_1RA0LD_0LC1LD	nqh_1RB1LD_1LC0RB_1RA0LD_0LC1LD	theories/Machines/Bulk/Bulk_039.v	2	0	105
1RB1LD_1LC0RB_1RA1LA_0LA0LC	nqh_1RB1LD_1LC0RB_1RA1LA_0LA0LC	theories/Machines/Bulk/Bulk_039.v	2	0	95
1RB1LD_1LC0RB_1RA1LA_0LC0LC	nqh_1RB1LD_1LC0RB_1RA1LA_0LC0LC	theories/Machines/Bulk/Bulk_039.v	2	0	75
1RB1LD_1LC0RB_1RA1LA_0LC0RA	nqh_1RB1LD_1LC0RB_1RA1LA_0LC0RA	theories/Machines/Bulk/Bulk_039.v	2	0	85
1RB1LD_1LC0RB_1RA1LA_1LA0LC	nqh_1RB1LD_1LC0RB_1RA1LA_1LA0LC	theories/Machines/Bulk/Bulk_039.v	2	0	77
1RB1LD_1LC0RB_1RA1LA_1LB0LC	nqh_1RB1LD_1LC0RB_1RA1LA_1LB0LC	theories/Machines/Bulk/Bulk_039.v	2	0	83
1RB1LD_1LC0RB_1RA1LA_1LC0LC	nqh_1RB1LD_1LC0RB_1RA1LA_1LC0LC	theories/Machines/Bulk/Bulk_039.v	2	0	81
1RB1LD_1LC0RB_1RA1LA_1RA0LC	nqh_1RB1LD_1LC0RB_1RA1LA_1RA0LC	theories/Machines/Bulk/Bulk_039.v	2	0	75
1RB1LD_1LC0RB_1RA1LA_1RA0LD	nqh_1RB1LD_1LC0RB_1RA1LA_1RA0LD	theories/Machines/Bulk/Bulk_040.v	2	0	91
1RB1LD_1LC0RB_1RA1LC_1RA0LD	nqh_1RB1LD_1LC0RB_1RA1LC_1RA0LD	theories/Machines/Bulk/Bulk_040.v	2	0	83
1RB1LD_1LC0RB_1RA1LC_1RC0LD	nqh_1RB1LD_1LC0RB_1RA1LC_1RC0LD	theories/Machines/Bulk/Bulk_040.v	2	0	83
1RB1LD_1LC0RB_1RD0LC_1LA1RC	nqh_1RB1LD_1LC0RB_1RD0LC_1LA1RC	theories/Machines/Bulk/Bulk_040.v	2	0	79
1RB1LD_1LC0RC_1LA1RC_1RB0LA	nqh_1RB1LD_1LC0RC_1LA1RC_1RB0LA	theories/Machines/Bulk/Bulk_040.v	3	0	147
1RB1LD_1LC0RD_1LA1LB_1RB0RA	nqh_1RB1LD_1LC0RD_1LA1LB_1RB0RA	theories/Machines/Bulk/Bulk_040.v	2	0	48
1RB1LD_1LC0RD_1RD0LB_1LA0RC	nqh_1RB1LD_1LC0RD_1RD0LB_1LA0RC	theories/Machines/Bulk/Bulk_040.v	3	0	226
1RB1LD_1LC1LB_0RD0LB_1RD0RA	nqh_1RB1LD_1LC1LB_0RD0LB_1RD0RA	theories/Machines/Bulk/Bulk_040.v	2	0	82
1RB1LD_1LC1LC_1RD0LB_1LA0RC	nqh_1RB1LD_1LC1LC_1RD0LB_1LA0RC	theories/Machines/Bulk/Bulk_040.v	3	0	60
1RB1LD_1LC1LD_1RD0RA_0LB1RC	nqh_1RB1LD_1LC1LD_1RD0RA_0LB1RC	theories/Machines/Bulk/Bulk_040.v	2	0	68
1RB1LD_1LC1RA_0RA1LC_0LC0LA	nqh_1RB1LD_1LC1RA_0RA1LC_0LC0LA	theories/Machines/Bulk/Bulk_040.v	2	0	47
1RB1LD_1LC1RA_1LA1LC_0LC0LA	nqh_1RB1LD_1LC1RA_1LA1LC_0LC0LA	theories/Machines/Bulk/Bulk_040.v	2	0	44
1RB1LD_1LC1RA_1RB1LC_0LB0LA	nqh_1RB1LD_1LC1RA_1RB1LC_0LB0LA	theories/Machines/Bulk/Bulk_040.v	2	0	43
1RB1LD_1LC1RA_1RB1LC_0RC0LA	nqh_1RB1LD_1LC1RA_1RB1LC_0RC0LA	theories/Machines/Bulk/Bulk_040.v	2	0	44
1RB1LD_1LC1RA_1RD0LC_1LA0RB	nqh_1RB1LD_1LC1RA_1RD0LC_1LA0RB	theories/Machines/Bulk/Bulk_040.v	2	0	83
1RB1LD_1LC1RA_1RD0LC_1LA0RD	nqh_1RB1LD_1LC1RA_1RD0LC_1LA0RD	theories/Machines/Bulk/Bulk_040.v	2	0	81
1RB1LD_1LC1RB_1LB1RD_1LA0RC	nqh_1RB1LD_1LC1RB_1LB1RD_1LA0RC	theories/Machines/Bulk/Bulk_040.v	3	0	87
1RB1LD_1LC1RB_1LC1RD_1LA0RC	nqh_1RB1LD_1LC1RB_1LC1RD_1LA0RC	theories/Machines/Bulk/Bulk_040.v	3	0	87
1RB1LD_1LC1RB_1LD1RD_1LA0RC	nqh_1RB1LD_1LC1RB_1LD1RD_1LA0RC	theories/Machines/Bulk/Bulk_040.v	3	0	88
1RB1LD_1LC1RB_1RD1RD_1LA0RC	nqh_1RB1LD_1LC1RB_1RD1RD_1LA0RC	theories/Machines/Bulk/Bulk_040.v	3	0	76
1RB1LD_1LC1RC_1LD0RC_1LA0LB	nqh_1RB1LD_1LC1RC_1LD0RC_1LA0LB	theories/Machines/Bulk/Bulk_040.v	2	0	59
1RB1LD_1LC1RD_0RB1LC_1RB0LA	nqh_1RB1LD_1LC1RD_0RB1LC_1RB0LA	theories/Machines/Bulk/Bulk_040.v	3	0	95
1RB1LD_1LC1RD_1LA0LB_0RB0RC	nqh_1RB1LD_1LC1RD_1LA0LB_0RB0RC	theories/Machines/Bulk/Bulk_040.v	3	0	219
1RB1LD_1LC1RD_1LA0RC_1RC0LD	nqh_1RB1LD_1LC1RD_1LA0RC_1RC0LD	theories/Machines/Bulk/Bulk_040.v	2	0	83
1RB1LD_1RC0LA_1LA0RB_1LB0RA	nqh_1RB1LD_1RC0LA_1LA0RB_1LB0RA	theories/Machines/Bulk/Bulk_040.v	2	0	73
1RB1LD_1RC0LA_1LA0RB_1LB1LB	nqh_1RB1LD_1RC0LA_1LA0RB_1LB1LB	theories/Machines/Bulk/Bulk_040.v	2	0	71
1RB1LD_1RC0LA_1LA0RB_1RA1LB	nqh_1RB1LD_1RC0LA_1LA0RB_1RA1LB	theories/Machines/Bulk/Bulk_040.v	2	0	73
1RB1LD_1RC0LA_1LB1RD_0LB0RC	nqh_1RB1LD_1RC0LA_1LB1RD_0LB0RC	theories/Machines/Bulk/Bulk_040.v	2	0	80
1RB1LD_1RC0LB_1LA1RD_1LB0RD	nqh_1RB1LD_1RC0LB_1LA1RD_1LB0RD	theories/Machines/Bulk/Bulk_040.v	2	0	81
1RB1LD_1RC0LD_0LA0RA_1LA1LB	nqh_1RB1LD_1RC0LD_0LA0RA_1LA1LB	theories/Machines/Bulk/Bulk_040.v	2	0	85
1RB1LD_1RC0LD_0LA0RC_1LB1RD	nqh_1RB1LD_1RC0LD_0LA0RC_1LB1RD	theories/Machines/Bulk/Bulk_040.v	2	0	75
1RB1LD_1RC0RA_0LA0RC_1RC0LB	nqh_1RB1LD_1RC0RA_0LA0RC_1RC0LB	theories/Machines/Bulk/Bulk_040.v	2	0	47
1RB1LD_1RC0RA_0LA1RB_1RC0LB	nqh_1RB1LD_1RC0RA_0LA1RB_1RC0LB	theories/Machines/Bulk/Bulk_040.v	2	0	40
1RB1LD_1RC0RA_0LA1RD_1RC0LB	nqh_1RB1LD_1RC0RA_0LA1RD_1RC0LB	theories/Machines/Bulk/Bulk_040.v	2	0	40
1RB1LD_1RC0RA_0LD1RB_0LB1LB	nqh_1RB1LD_1RC0RA_0LD1RB_0LB1LB	theories/Machines/Bulk/Bulk_040.v	2	0	46
1RB1LD_1RC0RA_1LA0LB_0LA0LB	nqh_1RB1LD_1RC0RA_1LA0LB_0LA0LB	theories/Machines/Bulk/Bulk_040.v	3	0	75
1RB1LD_1RC0RA_1LA0LC_0RC0LB	nqh_1RB1LD_1RC0RA_1LA0LC_0RC0LB	theories/Machines/Bulk/Bulk_040.v	3	0	119
1RB1LD_1RC0RA_1LA0RA_1RC0LD	nqh_1RB1LD_1RC0RA_1LA0RA_1RC0LD	theories/Machines/Bulk/Bulk_040.v	2	0	63
1RB1LD_1RC0RA_1LA0RD_0LA1RB	nqh_1RB1LD_1RC0RA_1LA0RD_0LA1RB	theories/Machines/Bulk/Bulk_040.v	3	0	76
1RB1LD_1RC0RA_1LA1LB_0LC0LB	nqh_1RB1LD_1RC0RA_1LA1LB_0LC0LB	theories/Machines/Bulk/Bulk_040.v	2	0	72
1RB1LD_1RC0RA_1LA1LD_0LA0LB	nqh_1RB1LD_1RC0RA_1LA1LD_0LA0LB	theories/Machines/Bulk/Bulk_040.v	3	0	133
1RB1LD_1RC0RA_1LA1LD_0LC0LB	nqh_1RB1LD_1RC0RA_1LA1LD_0LC0LB	theories/Machines/Bulk/Bulk_040.v	2	0	66
1RB1LD_1RC0RA_1LA1RA_0LA0LB	nqh_1RB1LD_1RC0RA_1LA1RA_0LA0LB	theories/Machines/Bulk/Bulk_040.v	3	0	232
1RB1LD_1RC0RA_1LA1RB_0LA0LB	nqh_1RB1LD_1RC0RA_1LA1RB_0LA0LB	theories/Machines/Bulk/Bulk_040.v	3	0	223
1RB1LD_1RC0RA_1LA1RB_0LA1RB	nqh_1RB1LD_1RC0RA_1LA1RB_0LA1RB	theories/Machines/Bulk/Bulk_040.v	3	0	69
1RB1LD_1RC0RA_1LA1RD_0LA0LB	nqh_1RB1LD_1RC0RA_1LA1RD_0LA0LB	theories/Machines/Bulk/Bulk_040.v	3	0	220
1RB1LD_1RC0RA_1LB0RD_0LA1RB	nqh_1RB1LD_1RC0RA_1LB0RD_0LA1RB	theories/Machines/Bulk/Bulk_040.v	3	0	61
1RB1LD_1RC0RA_1LB1RB_0LA0LB	nqh_1RB1LD_1RC0RA_1LB1RB_0LA0LB	theories/Machines/Bulk/Bulk_040.v	3	0	153
1RB1LD_1RC0RA_1LB1RB_0LA1RB	nqh_1RB1LD_1RC0RA_1LB1RB_0LA1RB	theories/Machines/Bulk/Bulk_040.v	3	0	54
1RB1LD_1RC0RA_1LC1LD_0LA0LB	nqh_1RB1LD_1RC0RA_1LC1LD_0LA0LB	theories/Machines/Bulk/Bulk_040.v	3	0	134
1RB1LD_1RC0RA_1LD0LB_0LA1LC	nqh_1RB1LD_1RC0RA_1LD0LB_0LA1LC	theories/Machines/Bulk/Bulk_041.v	2	0	65
1RB1LD_1RC0RB_0LA0RB_0LA1LA	nqh_1RB1LD_1RC0RB_0LA0RB_0LA1LA	theories/Machines/Bulk/Bulk_041.v	2	0	79
1RB1LD_1RC0RB_0LA0RB_0LA1LD	nqh_1RB1LD_1RC0RB_0LA0RB_0LA1LD	theories/Machines/Bulk/Bulk_041.v	2	0	67
1RB1LD_1RC0RB_0LA0RB_1LC0LA	nqh_1RB1LD_1RC0RB_0LA0RB_1LC0LA	theories/Machines/Bulk/Bulk_041.v	2	0	63
1RB1LD_1RC0RB_0LA0RB_1LC0LB	nqh_1RB1LD_1RC0RB_0LA0RB_1LC0LB	theories/Machines/Bulk/Bulk_041.v	2	0	66
1RB1LD_1RC0RB_0LA0RB_1LC0LD	nqh_1RB1LD_1RC0RB_0LA0RB_1LC0LD	theories/Machines/Bulk/Bulk_041.v	2	0	83
1RB1LD_1RC0RB_0LA0RC_1LA0LD	nqh_1RB1LD_1RC0RB_0LA0RC_1LA0LD	theories/Machines/Bulk/Bulk_041.v	2	0	128
1RB1LD_1RC0RB_0LA1LD_1LC1RB	nqh_1RB1LD_1RC0RB_0LA1LD_1LC1RB	theories/Machines/Bulk/Bulk_041.v	2	0	79
1RB1LD_1RC0RB_0LA1RB_0LA1LD	nqh_1RB1LD_1RC0RB_0LA1RB_0LA1LD	theories/Machines/Bulk/Bulk_041.v	2	0	73
1RB1LD_1RC0RB_0LA1RB_1LC1LD	nqh_1RB1LD_1RC0RB_0LA1RB_1LC1LD	theories/Machines/Bulk/Bulk_041.v	2	0	79
1RB1LD_1RC0RB_0LD0RB_0LA1LD	nqh_1RB1LD_1RC0RB_0LD0RB_0LA1LD	theories/Machines/Bulk/Bulk_041.v	2	0	71
1RB1LD_1RC0RB_0LD1RA_1LB1LC	nqh_1RB1LD_1RC0RB_0LD1RA_1LB1LC	theories/Machines/Bulk/Bulk_041.v	2	0	85
1RB1LD_1RC0RB_0LD1RB_0LA1LD	nqh_1RB1LD_1RC0RB_0LD1RB_0LA1LD	theories/Machines/Bulk/Bulk_041.v	2	0	77
1RB1LD_1RC0RB_1LA0RD_0LB1LB	nqh_1RB1LD_1RC0RB_1LA0RD_0LB1LB	theories/Machines/Bulk/Bulk_041.v	2	0	58
1RB1LD_1RC0RB_1LA1RB_0LA1LD	nqh_1RB1LD_1RC0RB_1LA1RB_0LA1LD	theories/Machines/Bulk/Bulk_041.v	2	0	77
1RB1LD_1RC0RB_1LA1RB_0RD0LA	nqh_1RB1LD_1RC0RB_1LA1RB_0RD0LA	theories/Machines/Bulk/Bulk_041.v	2	0	84
1RB1LD_1RC0RB_1LA1RC_0LB1LB	nqh_1RB1LD_1RC0RB_1LA1RC_0LB1LB	theories/Machines/Bulk/Bulk_041.v	2	0	52
1RB1LD_1RC0RB_1LA1RC_1LA0LA	nqh_1RB1LD_1RC0RB_1LA1RC_1LA0LA	theories/Machines/Bulk/Bulk_041.v	2	0	75
1RB1LD_1RC0RB_1LA1RC_1LC0LA	nqh_1RB1LD_1RC0RB_1LA1RC_1LC0LA	theories/Machines/Bulk/Bulk_041.v	3	0	211
1RB1LD_1RC0RB_1LC0RA_0LA0LB	nqh_1RB1LD_1RC0RB_1LC0RA_0LA0LB	theories/Machines/Bulk/Bulk_041.v	2	0	78
1RB1LD_1RC0RB_1LD0RB_1LA0LC	nqh_1RB1LD_1RC0RB_1LD0RB_1LA0LC	theories/Machines/Bulk/Bulk_041.v	3	0	180
1RB1LD_1RC0RB_1LD1RB_0LA1LD	nqh_1RB1LD_1RC0RB_1LD1RB_0LA1LD	theories/Machines/Bulk/Bulk_041.v	2	0	69
1RB1LD_1RC0RB_1LD1RB_1LA0LA	nqh_1RB1LD_1RC0RB_1LD1RB_1LA0LA	theories/Machines/Bulk/Bulk_041.v	2	0	79
1RB1LD_1RC0RB_1LD1RB_1LA0LD	nqh_1RB1LD_1RC0RB_1LD1RB_1LA0LD	theories/Machines/Bulk/Bulk_041.v	2	0	91
1RB1LD_1RC0RB_1LD1RC_1LA0LC	nqh_1RB1LD_1RC0RB_1LD1RC_1LA0LC	theories/Machines/Bulk/Bulk_041.v	2	0	63
1RB1LD_1RC0RB_1LD1RC_1LA0LD	nqh_1RB1LD_1RC0RB_1LD1RC_1LA0LD	theories/Machines/Bulk/Bulk_041.v	2	0	87
1RB1LD_1RC0RB_1RD1RB_0LA1LD	nqh_1RB1LD_1RC0RB_1RD1RB_0LA1LD	theories/Machines/Bulk/Bulk_041.v	2	0	75
1RB1LD_1RC0RB_1RD1RB_1LA0LD	nqh_1RB1LD_1RC0RB_1RD1RB_1LA0LD	theories/Machines/Bulk/Bulk_041.v	2	0	89
1RB1LD_1RC0RB_1RD1RC_1LA0LD	nqh_1RB1LD_1RC0RB_1RD1RC_1LA0LD	theories/Machines/Bulk/Bulk_041.v	2	0	85
1RB1LD_1RC0RC_0LA0RB_0LA1LA	nqh_1RB1LD_1RC0RC_0LA0RB_0LA1LA	theories/Machines/Bulk/Bulk_041.v	2	0	92
1RB1LD_1RC0RC_1LA1RC_1RB0LA	nqh_1RB1LD_1RC0RC_1LA1RC_1RB0LA	theories/Machines/Bulk/Bulk_041.v	3	0	139
1RB1LD_1RC0RC_1LD0RB_1LA0LC	nqh_1RB1LD_1RC0RC_1LD0RB_1LA0LC	theories/Machines/Bulk/Bulk_041.v	3	0	211
1RB1LD_1RC0RC_1LD1RB_1LA0LD	nqh_1RB1LD_1RC0RC_1LD1RB_1LA0LD	theories/Machines/Bulk/Bulk_041.v	2	0	77
1RB1LD_1RC0RD_0LA0RC_1LC1RB	nqh_1RB1LD_1RC0RD_0LA0RC_1LC1RB	theories/Machines/Bulk/Bulk_041.v	2	0	64
1RB1LD_1RC0RD_0LC0LA_0LA1LA	nqh_1RB1LD_1RC0RD_0LC0LA_0LA1LA	theories/Machines/Bulk/Bulk_041.v	2	0	59
1RB1LD_1RC0RD_0LD0LA_0LA1LA	nqh_1RB1LD_1RC0RD_0LD0LA_0LA1LA	theories/Machines/Bulk/Bulk_041.v	2	0	62
1RB1LD_1RC0RD_1LA0LA_0LA1LA	nqh_1RB1LD_1RC0RD_1LA0LA_0LA1LA	theories/Machines/Bulk/Bulk_041.v	2	0	57
1RB1LD_1RC0RD_1LA0RA_0LA1LA	nqh_1RB1LD_1RC0RD_1LA0RA_0LA1LA	theories/Machines/Bulk/Bulk_041.v	2	0	71
1RB1LD_1RC0RD_1LC0LA_0LA1LA	nqh_1RB1LD_1RC0RD_1LC0LA_0LA1LA	theories/Machines/Bulk/Bulk_041.v	2	0	59
1RB1LD_1RC0RD_1LD0LA_0LA1LA	nqh_1RB1LD_1RC0RD_1LD0LA_0LA1LA	theories/Machines/Bulk/Bulk_041.v	2	0	55
1RB1LD_1RC0RD_1RD0LA_0LA1LA	nqh_1RB1LD_1RC0RD_1RD0LA_0LA1LA	theories/Machines/Bulk/Bulk_041.v	2	0	63
1RB1LD_1RC1LA_1LD0RC_0LB0LA	nqh_1RB1LD_1RC1LA_1LD0RC_0LB0LA	theories/Machines/Bulk/Bulk_041.v	2	0	74
1RB1LD_1RC1LB_0LA0RB_1LA0LD	nqh_1RB1LD_1RC1LB_0LA0RB_1LA0LD	theories/Machines/Bulk/Bulk_041.v	2	0	98
1RB1LD_1RC1LB_0LA0RD_1LC0RB	nqh_1RB1LD_1RC1LB_0LA0RD_1LC0RB	theories/Machines/Bulk/Bulk_041.v	2	0	66
1RB1LD_1RC1LB_0LB1RD_1RC0LA	nqh_1RB1LD_1RC1LB_0LB1RD_1RC0LA	theories/Machines/Bulk/Bulk_041.v	3	0	109
1RB1LD_1RC1LB_1LA0RB_1LA0LD	nqh_1RB1LD_1RC1LB_1LA0RB_1LA0LD	theories/Machines/Bulk/Bulk_041.v	2	0	82
1RB1LD_1RC1LB_1LB1RD_1RC0LA	nqh_1RB1LD_1RC1LB_1LB1RD_1RC0LA	theories/Machines/Bulk/Bulk_041.v	3	0	88
1RB1LD_1RC1LB_1LD0RB_1LA0LD	nqh_1RB1LD_1RC1LB_1LD0RB_1LA0LD	theories/Machines/Bulk/Bulk_041.v	2	0	86
1RB1LD_1RC1LC_1LA0RA_1RC0LD	nqh_1RB1LD_1RC1LC_1LA0RA_1RC0LD	theories/Machines/Bulk/Bulk_041.v	2	0	73
1RB1LD_1RC1RA_0LA0LD_1LA1LC	nqh_1RB1LD_1RC1RA_0LA0LD_1LA1LC	theories/Machines/Bulk/Bulk_041.v	2	0	52
1RB1LD_1RC1RA_0LA0RB_0LB0LA	nqh_1RB1LD_1RC1RA_0LA0RB_0LB0LA	theories/Machines/Bulk/Bulk_042.v	2	0	49
1RB1LD_1RC1RA_0LA0RB_1LB0LA	nqh_1RB1LD_1RC1RA_0LA0RB_1LB0LA	theories/Machines/Bulk/Bulk_042.v	2	0	74
1RB1LD_1RC1RA_0LA0RB_1LB0LD	nqh_1RB1LD_1RC1RA_0LA0RB_1LB0LD	theories/Machines/Bulk/Bulk_042.v	2	0	91
1RB1LD_1RC1RA_0LA0RB_1RB0LA	nqh_1RB1LD_1RC1RA_0LA0RB_1RB0LA	theories/Machines/Bulk/Bulk_042.v	2	0	46
1RB1LD_1RC1RA_0LD1RD_0RB0LA	nqh_1RB1LD_1RC1RA_0LD1RD_0RB0LA	theories/Machines/Bulk/Bulk_042.v	2	0	61
1RB1LD_1RC1RA_1LA0RC_1RC0LD	nqh_1RB1LD_1RC1RA_1LA0RC_1RC0LD	theories/Machines/Bulk/Bulk_042.v	2	0	91
1RB1LD_1RC1RA_1RD0RB_1LB0LA	nqh_1RB1LD_1RC1RA_1RD0RB_1LB0LA	theories/Machines/Bulk/Bulk_042.v	2	0	78
1RB1LD_1RC1RB_0LA1RD_1LA0RC	nqh_1RB1LD_1RC1RB_0LA1RD_1LA0RC	theories/Machines/Bulk/Bulk_042.v	3	0	94
1RB1LD_1RC1RB_0LC0LA_0LA1LA	nqh_1RB1LD_1RC1RB_0LC0LA_0LA1LA	theories/Machines/Bulk/Bulk_042.v	2	0	43
1RB1LD_1RC1RB_0LC0LD_1LB1LA	nqh_1RB1LD_1RC1RB_0LC0LD_1LB1LA	theories/Machines/Bulk/Bulk_042.v	2	0	46
1RB1LD_1RC1RB_0LC0LD_1RC1LA	nqh_1RB1LD_1RC1RB_0LC0LD_1RC1LA	theories/Machines/Bulk/Bulk_042.v	2	0	45
1RB1LD_1RC1RB_0LD0LA_0LA1LA	nqh_1RB1LD_1RC1RB_0LD0LA_0LA1LA	theories/Machines/Bulk/Bulk_042.v	2	0	46
1RB1LD_1RC1RB_0LD0LA_0RC1LA	nqh_1RB1LD_1RC1RB_0LD0LA_0RC1LA	theories/Machines/Bulk/Bulk_042.v	2	0	48
1RB1LD_1RC1RB_0LD0RC_0LB1LA	nqh_1RB1LD_1RC1RB_0LD0RC_0LB1LA	theories/Machines/Bulk/Bulk_042.v	2	0	93
1RB1LD_1RC1RB_0LD0RC_1LB1LA	nqh_1RB1LD_1RC1RB_0LD0RC_1LB1LA	theories/Machines/Bulk/Bulk_042.v	2	0	62
1RB1LD_1RC1RB_0LD0RC_1RC1LA	nqh_1RB1LD_1RC1RB_0LD0RC_1RC1LA	theories/Machines/Bulk/Bulk_042.v	2	0	52
1RB1LD_1RC1RB_0LD1LC_1RA0LA	nqh_1RB1LD_1RC1RB_0LD1LC_1RA0LA	theories/Machines/Bulk/Bulk_042.v	2	0	43
1RB1LD_1RC1RB_0RD0LD_1LB1LA	nqh_1RB1LD_1RC1RB_0RD0LD_1LB1LA	theories/Machines/Bulk/Bulk_042.v	2	0	57
1RB1LD_1RC1RB_1LA0LA_0LA1LA	nqh_1RB1LD_1RC1RB_1LA0LA_0LA1LA	theories/Machines/Bulk/Bulk_042.v	2	0	41
1RB1LD_1RC1RB_1LA0LA_0RC1LA	nqh_1RB1LD_1RC1RB_1LA0LA_0RC1LA	theories/Machines/Bulk/Bulk_042.v	2	0	43
1RB1LD_1RC1RB_1LA0LD_0LC1LA	nqh_1RB1LD_1RC1RB_1LA0LD_0LC1LA	theories/Machines/Bulk/Bulk_042.v	2	0	40
1RB1LD_1RC1RB_1LA0LD_1LB1LA	nqh_1RB1LD_1RC1RB_1LA0LD_1LB1LA	theories/Machines/Bulk/Bulk_042.v	2	0	43
1RB1LD_1RC1RB_1LA0LD_1RC1LA	nqh_1RB1LD_1RC1RB_1LA0LD_1RC1LA	theories/Machines/Bulk/Bulk_042.v	2	0	42
1RB1LD_1RC1RB_1LA0RA_0LA1LA	nqh_1RB1LD_1RC1RB_1LA0RA_0LA1LA	theories/Machines/Bulk/Bulk_042.v	2	0	63
1RB1LD_1RC1RB_1LA0RB_1LA0LC	nqh_1RB1LD_1RC1RB_1LA0RB_1LA0LC	theories/Machines/Bulk/Bulk_042.v	2	0	71
1RB1LD_1RC1RB_1LA0RC_1RC0LD	nqh_1RB1LD_1RC1RB_1LA0RC_1RC0LD	theories/Machines/Bulk/Bulk_042.v	2	0	85
1RB1LD_1RC1RB_1LA1LC_0LA0LA	nqh_1RB1LD_1RC1RB_1LA1LC_0LA0LA	theories/Machines/Bulk/Bulk_042.v	2	0	43
1RB1LD_1RC1RB_1LA1LC_0LA0RA	nqh_1RB1LD_1RC1RB_1LA1LC_0LA0RA	theories/Machines/Bulk/Bulk_042.v	2	0	55
1RB1LD_1RC1RB_1LA1LC_0LC0LA	nqh_1RB1LD_1RC1RB_1LA1LC_0LC0LA	theories/Machines/Bulk/Bulk_042.v	2	0	47
1RB1LD_1RC1RB_1LA1LC_0RB0LA	nqh_1RB1LD_1RC1RB_1LA1LC_0RB0LA	theories/Machines/Bulk/Bulk_042.v	2	0	45
1RB1LD_1RC1RB_1LA1LC_0RC0LA	nqh_1RB1LD_1RC1RB_1LA1LC_0RC0LA	theories/Machines/Bulk/Bulk_042.v	2	0	46
1RB1LD_1RC1RB_1LA1LC_0RD0LA	nqh_1RB1LD_1RC1RB_1LA1LC_0RD0LA	theories/Machines/Bulk/Bulk_042.v	2	0	45
1RB1LD_1RC1RB_1LA1LC_1LA0LA	nqh_1RB1LD_1RC1RB_1LA1LC_1LA0LA	theories/Machines/Bulk/Bulk_042.v	2	0	43
1RB1LD_1RC1RB_1LA1LC_1LB0LA	nqh_1RB1LD_1RC1RB_1LA1LC_1LB0LA	theories/Machines/Bulk/Bulk_042.v	2	0	44
1RB1LD_1RC1RB_1LA1LC_1LC0LA	nqh_1RB1LD_1RC1RB_1LA1LC_1LC0LA	theories/Machines/Bulk/Bulk_042.v	2	0	43
1RB1LD_1RC1RB_1LA1LC_1RA0LA	nqh_1RB1LD_1RC1RB_1LA1LC_1RA0LA	theories/Machines/Bulk/Bulk_042.v	2	0	44
1RB1LD_1RC1RB_1LA1LC_1RB0LA	nqh_1RB1LD_1RC1RB_1LA1LC_1RB0LA	theories/Machines/Bulk/Bulk_042.v	2	0	45
1RB1LD_1RC1RB_1LA1LC_1RC0LA	nqh_1RB1LD_1RC1RB_1LA1LC_1RC0LA	theories/Machines/Bulk/Bulk_042.v	2	0	46
1RB1LD_1RC1RB_1LC0LA_0LA1LA	nqh_1RB1LD_1RC1RB_1LC0LA_0LA1LA	theories/Machines/Bulk/Bulk_042.v	2	0	43
1RB1LD_1RC1RB_1LC0LA_0LB1LA	nqh_1RB1LD_1RC1RB_1LC0LA_0LB1LA	theories/Machines/Bulk/Bulk_042.v	2	0	47
1RB1LD_1RC1RB_1LC0LD_1LB1LA	nqh_1RB1LD_1RC1RB_1LC0LD_1LB1LA	theories/Machines/Bulk/Bulk_042.v	2	0	43
1RB1LD_1RC1RB_1LC0LD_1RC1LA	nqh_1RB1LD_1RC1RB_1LC0LD_1RC1LA	theories/Machines/Bulk/Bulk_042.v	2	0	42
1RB1LD_1RC1RB_1LC1RD_1LA0RC	nqh_1RB1LD_1RC1RB_1LC1RD_1LA0RC	theories/Machines/Bulk/Bulk_042.v	3	0	89
1RB1LD_1RC1RB_1LD0LA_0LA1LA	nqh_1RB1LD_1RC1RB_1LD0LA_0LA1LA	theories/Machines/Bulk/Bulk_042.v	2	0	39
1RB1LD_1RC1RB_1LD0LA_0RC1LA	nqh_1RB1LD_1RC1RB_1LD0LA_0RC1LA	theories/Machines/Bulk/Bulk_042.v	2	0	41
1RB1LD_1RC1RB_1LD0LD_1LB1LA	nqh_1RB1LD_1RC1RB_1LD0LD_1LB1LA	theories/Machines/Bulk/Bulk_042.v	2	0	45
1RB1LD_1RC1RB_1LD0LD_1RC1LA	nqh_1RB1LD_1RC1RB_1LD0LD_1RC1LA	theories/Machines/Bulk/Bulk_042.v	2	0	44
1RB1LD_1RC1RB_1LD0RC_0LB0LA	nqh_1RB1LD_1RC1RB_1LD0RC_0LB0LA	theories/Machines/Bulk/Bulk_042.v	4	0	447
1RB1LD_1RC1RB_1LD1LC_0RB0LA	nqh_1RB1LD_1RC1RB_1LD1LC_0RB0LA	theories/Machines/Bulk/Bulk_042.v	2	0	44
1RB1LD_1RC1RB_1LD1LC_1LA0LA	nqh_1RB1LD_1RC1RB_1LD1LC_1LA0LA	theories/Machines/Bulk/Bulk_042.v	2	0	39
1RB1LD_1RC1RB_1LD1LC_1RB0LA	nqh_1RB1LD_1RC1RB_1LD1LC_1RB0LA	theories/Machines/Bulk/Bulk_043.v	2	0	40
1RB1LD_1RC1RB_1LD1RD_1LA0RC	nqh_1RB1LD_1RC1RB_1LD1RD_1LA0RC	theories/Machines/Bulk/Bulk_043.v	3	0	80
1RB1LD_1RC1RB_1RD0LA_0LA1LA	nqh_1RB1LD_1RC1RB_1RD0LA_0LA1LA	theories/Machines/Bulk/Bulk_043.v	2	0	47
1RB1LD_1RC1RB_1RD1RD_1LA0RC	nqh_1RB1LD_1RC1RB_1RD1RD_1LA0RC	theories/Machines/Bulk/Bulk_043.v	3	0	77
1RB1LD_1RC1RC_1LA0RA_1RC0LD	nqh_1RB1LD_1RC1RC_1LA0RA_1RC0LD	theories/Machines/Bulk/Bulk_043.v	2	0	63
1RB1LD_1RC1RD_0LA0RB_1RB0LA	nqh_1RB1LD_1RC1RD_0LA0RB_1RB0LA	theories/Machines/Bulk/Bulk_043.v	2	0	46
1RB1LD_1RC1RD_1LA0LD_1LC0RB	nqh_1RB1LD_1RC1RD_1LA0LD_1LC0RB	theories/Machines/Bulk/Bulk_043.v	2	0	79
1RB1LD_1RC1RD_1LA0RA_1RB0LA	nqh_1RB1LD_1RC1RD_1LA0RA_1RB0LA	theories/Machines/Bulk/Bulk_043.v	3	0	178
1RB1LD_1RC1RD_1LA0RB_1RB0LA	nqh_1RB1LD_1RC1RD_1LA0RB_1RB0LA	theories/Machines/Bulk/Bulk_043.v	3	0	224
1RB1LD_1RC1RD_1LA0RC_1RC0LD	nqh_1RB1LD_1RC1RD_1LA0RC_1RC0LD	theories/Machines/Bulk/Bulk_043.v	2	0	83
1RB1LD_1RC1RD_1LA0RD_1RB0LA	nqh_1RB1LD_1RC1RD_1LA0RD_1RB0LA	theories/Machines/Bulk/Bulk_043.v	3	0	180
1RB1LD_1RC1RD_1LB0RB_1RB0LA	nqh_1RB1LD_1RC1RD_1LB0RB_1RB0LA	theories/Machines/Bulk/Bulk_043.v	2	0	58
1RB1LD_1RC1RD_1LD1RB_0RB0LA	nqh_1RB1LD_1RC1RD_1LD1RB_0RB0LA	theories/Machines/Bulk/Bulk_043.v	2	0	73
1RB1RA_0LB0LC_1LA1LD_1RA1LC	nqh_1RB1RA_0LB0LC_1LA1LD_1RA1LC	theories/Machines/Bulk/Bulk_043.v	2	0	49
1RB1RA_0LB0LC_1RA1LD_0LC1LC	nqh_1RB1RA_0LB0LC_1RA1LD_0LC1LC	theories/Machines/Bulk/Bulk_043.v	2	0	47
1RB1RA_0LB1RC_0LD0RB_1LA1LD	nqh_1RB1RA_0LB1RC_0LD0RB_1LA1LD	theories/Machines/Bulk/Bulk_043.v	2	0	54
1RB1RA_0LC0LA_1RC0RD_1LB1RB	nqh_1RB1RA_0LC0LA_1RC0RD_1LB1RB	theories/Machines/Bulk/Bulk_043.v	4	0	211
1RB1RA_0LC0LC_1RC1RD_1LB0RA	nqh_1RB1RA_0LC0LC_1RC1RD_1LB0RA	theories/Machines/Bulk/Bulk_043.v	3	0	99
1RB1RA_0LC0LD_0RA1LD_1LC0RB	nqh_1RB1RA_0LC0LD_0RA1LD_1LC0RB	theories/Machines/Bulk/Bulk_043.v	2	0	128
1RB1RA_0LC0LD_1LD0RB_0RA1LC	nqh_1RB1RA_0LC0LD_1LD0RB_0RA1LC	theories/Machines/Bulk/Bulk_043.v	2	0	128
1RB1RA_0LC0LD_1RA1LD_1LA1LC	nqh_1RB1RA_0LC0LD_1RA1LD_1LA1LC	theories/Machines/Bulk/Bulk_043.v	2	0	52
1RB1RA_0LC0LD_1RA1LD_1RB1LC	nqh_1RB1RA_0LC0LD_1RA1LD_1RB1LC	theories/Machines/Bulk/Bulk_043.v	2	0	54
1RB1RA_0LC0RA_0RA1LD_1LC0LD	nqh_1RB1RA_0LC0RA_0RA1LD_1LC0LD	theories/Machines/Bulk/Bulk_043.v	2	0	101
1RB1RA_0LC0RA_1LC0LD_1LA1RC	nqh_1RB1RA_0LC0RA_1LC0LD_1LA1RC	theories/Machines/Bulk/Bulk_043.v	2	0	83
1RB1RA_0LC0RA_1LC0LD_1RA1RC	nqh_1RB1RA_0LC0RA_1LC0LD_1RA1RC	theories/Machines/Bulk/Bulk_043.v	2	0	56
1RB1RA_0LC0RA_1RC0RD_1LB1LA	nqh_1RB1RA_0LC0RA_1RC0RD_1LB1LA	theories/Machines/Bulk/Bulk_043.v	3	0	109
1RB1RA_0LC0RA_1RC1LD_1LC0LB	nqh_1RB1RA_0LC0RA_1RC1LD_1LC0LB	theories/Machines/Bulk/Bulk_043.v	3	0	305
1RB1RA_0LC0RB_0LA1LD_0RA1LC	nqh_1RB1RA_0LC0RB_0LA1LD_0RA1LC	theories/Machines/Bulk/Bulk_043.v	2	0	96
1RB1RA_0LC0RB_0LD1LC_0RA1LD	nqh_1RB1RA_0LC0RB_0LD1LC_0RA1LD	theories/Machines/Bulk/Bulk_043.v	2	0	128
1RB1RA_0LC0RB_0RA0LD_1LC1RD	nqh_1RB1RA_0LC0RB_0RA0LD_1LC1RD	theories/Machines/Bulk/Bulk_043.v	2	0	96
1RB1RA_0LC0RB_1LA0LD_1LC1RD	nqh_1RB1RA_0LC0RB_1LA0LD_1LC1RD	theories/Machines/Bulk/Bulk_043.v	2	0	99
1RB1RA_0LC0RB_1RA0LD_1LC1RD	nqh_1RB1RA_0LC0RB_1RA0LD_1LC1RD	theories/Machines/Bulk/Bulk_043.v	2	0	85
1RB1RA_0LC0RB_1RA1LD_1LA1LC	nqh_1RB1RA_0LC0RB_1RA1LD_1LA1LC	theories/Machines/Bulk/Bulk_043.v	2	0	57
1RB1RA_0LC0RB_1RA1LD_1RB1LC	nqh_1RB1RA_0LC0RB_1RA1LD_1RB1LC	theories/Machines/Bulk/Bulk_043.v	2	0	56
1RB1RA_0LC0RD_1LA1LC_0LA1RB	nqh_1RB1RA_0LC0RD_1LA1LC_0LA1RB	theories/Machines/Bulk/Bulk_043.v	2	0	45
1RB1RA_0LC0RD_1LA1LC_0LB1RB	nqh_1RB1RA_0LC0RD_1LA1LC_0LB1RB	theories/Machines/Bulk/Bulk_043.v	2	0	44
1RB1RA_0LC0RD_1LA1LC_0LC1RB	nqh_1RB1RA_0LC0RD_1LA1LC_0LC1RB	theories/Machines/Bulk/Bulk_043.v	2	0	49
1RB1RA_0LC0RD_1LA1LC_0LD1RB	nqh_1RB1RA_0LC0RD_1LA1LC_0LD1RB	theories/Machines/Bulk/Bulk_043.v	2	0	49
1RB1RA_0LC0RD_1LA1LC_0RA0LD	nqh_1RB1RA_0LC0RD_1LA1LC_0RA0LD	theories/Machines/Bulk/Bulk_043.v	2	0	50
1RB1RA_0LC0RD_1LA1LC_0RA1RB	nqh_1RB1RA_0LC0RD_1LA1LC_0RA1RB	theories/Machines/Bulk/Bulk_043.v	2	0	44
1RB1RA_0LC0RD_1LA1LC_1LB1RB	nqh_1RB1RA_0LC0RD_1LA1LC_1LB1RB	theories/Machines/Bulk/Bulk_043.v	2	0	64
1RB1RA_0LC0RD_1LA1LC_1LC1RB	nqh_1RB1RA_0LC0RD_1LA1LC_1LC1RB	theories/Machines/Bulk/Bulk_043.v	2	0	44
1RB1RA_0LC0RD_1LA1LC_1LD1RB	nqh_1RB1RA_0LC0RD_1LA1LC_1LD1RB	theories/Machines/Bulk/Bulk_043.v	2	0	49
1RB1RA_0LC0RD_1LA1LC_1RA1RB	nqh_1RB1RA_0LC0RD_1LA1LC_1RA1RB	theories/Machines/Bulk/Bulk_043.v	2	0	45
1RB1RA_0LC0RD_1LA1LC_1RB1RB	nqh_1RB1RA_0LC0RD_1LA1LC_1RB1RB	theories/Machines/Bulk/Bulk_043.v	2	0	44
1RB1RA_0LC0RD_1LA1LC_1RC1RB	nqh_1RB1RA_0LC0RD_1LA1LC_1RC1RB	theories/Machines/Bulk/Bulk_043.v	2	0	48
1RB1RA_0LC1LB_0RC1LD_1RA0LC	nqh_1RB1RA_0LC1LB_0RC1LD_1RA0LC	theories/Machines/Bulk/Bulk_043.v	2	0	43
1RB1RA_0LC1LB_0RC1LD_1RA0RB	nqh_1RB1RA_0LC1LB_0RC1LD_1RA0RB	theories/Machines/Bulk/Bulk_043.v	2	0	49
1RB1RA_0LC1LB_0RD1LD_1RA0LC	nqh_1RB1RA_0LC1LB_0RD1LD_1RA0LC	theories/Machines/Bulk/Bulk_043.v	2	0	39
1RB1RA_0LC1LB_0RD1LD_1RA0RB	nqh_1RB1RA_0LC1LB_0RD1LD_1RA0RB	theories/Machines/Bulk/Bulk_043.v	2	0	45
1RB1RA_0LC1LB_1RD0LD_1RA1LC	nqh_1RB1RA_0LC1LB_1RD0LD_1RA1LC	theories/Machines/Bulk/Bulk_044.v	2	0	47
1RB1RA_0LC1LB_1RD1LD_1RA0LC	nqh_1RB1RA_0LC1LB_1RD1LD_1RA0LC	theories/Machines/Bulk/Bulk_044.v	2	0	38
1RB1RA_0LC1LB_1RD1LD_1RA0RB	nqh_1RB1RA_0LC1LB_1RD1LD_1RA0RB	theories/Machines/Bulk/Bulk_044.v	2	0	44
1RB1RA_0LC1RC_1LD0RB_1LA1LD	nqh_1RB1RA_0LC1RC_1LD0RB_1LA1LD	theories/Machines/Bulk/Bulk_044.v	2	0	52
1RB1RA_0LC1RC_1RA0RD_1LB1RA	nqh_1RB1RA_0LC1RC_1RA0RD_1LB1RA	theories/Machines/Bulk/Bulk_044.v	2	0	50
1RB1RA_0LC1RD_0RA1LD_1LC0RB	nqh_1RB1RA_0LC1RD_0RA1LD_1LC0RB	theories/Machines/Bulk/Bulk_044.v	3	0	125
1RB1RA_0LC1RD_1LA1LC_0LA0RB	nqh_1RB1RA_0LC1RD_1LA1LC_0LA0RB	theories/Machines/Bulk/Bulk_044.v	2	0	58
1RB1RA_0LC1RD_1LA1LC_0LC0RB	nqh_1RB1RA_0LC1RD_1LA1LC_0LC0RB	theories/Machines/Bulk/Bulk_044.v	2	0	55
1RB1RA_0LC1RD_1LA1LC_0LD0RB	nqh_1RB1RA_0LC1RD_1LA1LC_0LD0RB	theories/Machines/Bulk/Bulk_044.v	2	0	67
1RB1RA_0LC1RD_1LA1LC_0RA0RB	nqh_1RB1RA_0LC1RD_1LA1LC_0RA0RB	theories/Machines/Bulk/Bulk_044.v	2	0	56
1RB1RA_0LC1RD_1LA1LC_0RB0LB	nqh_1RB1RA_0LC1RD_1LA1LC_0RB0LB	theories/Machines/Bulk/Bulk_044.v	2	0	67
1RB1RA_0LC1RD_1LA1LC_0RB0RB	nqh_1RB1RA_0LC1RD_1LA1LC_0RB0RB	theories/Machines/Bulk/Bulk_044.v	2	0	55
1RB1RA_0LC1RD_1LA1LC_1LA0RB	nqh_1RB1RA_0LC1RD_1LA1LC_1LA0RB	theories/Machines/Bulk/Bulk_044.v	2	0	55
1RB1RA_0LC1RD_1LA1LC_1LB0RB	nqh_1RB1RA_0LC1RD_1LA1LC_1LB0RB	theories/Machines/Bulk/Bulk_044.v	2	0	56
1RB1RA_0LC1RD_1LA1LC_1LC0RB	nqh_1RB1RA_0LC1RD_1LA1LC_1LC0RB	theories/Machines/Bulk/Bulk_044.v	2	0	55
1RB1RA_0LC1RD_1LA1LC_1RA0RB	nqh_1RB1RA_0LC1RD_1LA1LC_1RA0RB	theories/Machines/Bulk/Bulk_044.v	2	0	55
1RB1RA_0LC1RD_1LA1LC_1RB0RB	nqh_1RB1RA_0LC1RD_1LA1LC_1RB0RB	theories/Machines/Bulk/Bulk_044.v	2	0	55
1RB1RA_0LC1RD_1LA1LC_1RC0RB	nqh_1RB1RA_0LC1RD_1LA1LC_1RC0RB	theories/Machines/Bulk/Bulk_044.v	2	0	55
1RB1RA_0LC1RD_1RA1LD_1LC0RB	nqh_1RB1RA_0LC1RD_1RA1LD_1LC0RB	theories/Machines/Bulk/Bulk_044.v	3	0	95
1RB1RA_0LC1RD_1RD1LB_0RA0RC	nqh_1RB1RA_0LC1RD_1RD1LB_0RA0RC	theories/Machines/Bulk/Bulk_044.v	2	0	49
1RB1RA_0RC0LC_1LA0LD_0RA1LC	nqh_1RB1RA_0RC0LC_1LA0LD_0RA1LC	theories/Machines/Bulk/Bulk_044.v	2	0	68
1RB1RA_0RC0LC_1LA1LD_1RA1LC	nqh_1RB1RA_0RC0LC_1LA1LD_1RA1LC	theories/Machines/Bulk/Bulk_044.v	2	0	57
1RB1RA_0RC0RA_1LC1LD_0LA0LD	nqh_1RB1RA_0RC0RA_1LC1LD_0LA0LD	theories/Machines/Bulk/Bulk_044.v	2	0	85
1RB1RA_0RC1RD_1LA1LC_0LC0RB	nqh_1RB1RA_0RC1RD_1LA1LC_0LC0RB	theories/Machines/Bulk/Bulk_044.v	2	0	59
1RB1RA_0RC1RD_1LA1LC_1LC0RB	nqh_1RB1RA_0RC1RD_1LA1LC_1LC0RB	theories/Machines/Bulk/Bulk_044.v	2	0	51
1RB1RA_1LB0LC_0LD0LD_1RD0RA	nqh_1RB1RA_1LB0LC_0LD0LD_1RD0RA	theories/Machines/Bulk/Bulk_044.v	3	0	113
1RB1RA_1LB0LC_1LA1LD_1RA1LC	nqh_1RB1RA_1LB0LC_1LA1LD_1RA1LC	theories/Machines/Bulk/Bulk_044.v	2	0	49
1RB1RA_1LB0LC_1RA1LD_0LA1LC	nqh_1RB1RA_1LB0LC_1RA1LD_0LA1LC	theories/Machines/Bulk/Bulk_044.v	2	0	48
1RB1RA_1LB0LC_1RA1LD_0LC1LC	nqh_1RB1RA_1LB0LC_1RA1LD_0LC1LC	theories/Machines/Bulk/Bulk_044.v	2	0	44
1RB1RA_1LB0LC_1RA1LD_0RB1LC	nqh_1RB1RA_1LB0LC_1RA1LD_0RB1LC	theories/Machines/Bulk/Bulk_044.v	2	0	50
1RB1RA_1LB0LC_1RC1RD_1LB0RA	nqh_1RB1RA_1LB0LC_1RC1RD_1LB0RA	theories/Machines/Bulk/Bulk_044.v	3	0	92
1RB1RA_1LB0LC_1RD1LC_0RA0RB	nqh_1RB1RA_1LB0LC_1RD1LC_0RA0RB	theories/Machines/Bulk/Bulk_044.v	2	0	95
1RB1RA_1LB0RC_1RA0LD_1LC1LD	nqh_1RB1RA_1LB0RC_1RA0LD_1LC1LD	theories/Machines/Bulk/Bulk_044.v	2	0	81
1RB1RA_1LB1RC_1LD0RB_0RA1LC	nqh_1RB1RA_1LB1RC_1LD0RB_0RA1LC	theories/Machines/Bulk/Bulk_044.v	3	0	99
1RB1RA_1LB1RC_1LD0RB_1RA1LC	nqh_1RB1RA_1LB1RC_1LD0RB_1RA1LC	theories/Machines/Bulk/Bulk_044.v	3	0	88
1RB1RA_1LC0LB_1RD1LB_1RA0RD	nqh_1RB1RA_1LC0LB_1RD1LB_1RA0RD	theories/Machines/Bulk/Bulk_044.v	2	0	83
1RB1RA_1LC0LC_0LD0RD_1RA1LB	nqh_1RB1RA_1LC0LC_0LD0RD_1RA1LB	theories/Machines/Bulk/Bulk_044.v	2	0	82
1RB1RA_1LC0LC_1LA1LD_1RA1LC	nqh_1RB1RA_1LC0LC_1LA1LD_1RA1LC	theories/Machines/Bulk/Bulk_044.v	2	0	46
1RB1RA_1LC0LC_1RA0LD_1LB0RD	nqh_1RB1RA_1LC0LC_1RA0LD_1LB0RD	theories/Machines/Bulk/Bulk_044.v	2	0	50
1RB1RA_1LC0LC_1RA1LD_0LC1LC	nqh_1RB1RA_1LC0LC_1RA1LD_0LC1LC	theories/Machines/Bulk/Bulk_044.v	2	0	42
1RB1RA_1LC0LC_1RA1LD_0RB1LC	nqh_1RB1RA_1LC0LC_1RA1LD_0RB1LC	theories/Machines/Bulk/Bulk_044.v	2	0	44
1RB1RA_1LC0LC_1RB1LD_1RA1LC	nqh_1RB1RA_1LC0LC_1RB1LD_1RA1LC	theories/Machines/Bulk/Bulk_044.v	2	0	45
1RB1RA_1LC0LD_0LD1LD_1RA1LC	nqh_1RB1RA_1LC0LD_0LD1LD_1RA1LC	theories/Machines/Bulk/Bulk_044.v	2	0	39
1RB1RA_1LC0LD_0RB1LD_1RA1LC	nqh_1RB1RA_1LC0LD_0RB1LD_1RA1LC	theories/Machines/Bulk/Bulk_044.v	2	0	41
1RB1RA_1LC0LD_1LD0LB_0RA0RA	nqh_1RB1RA_1LC0LD_1LD0LB_0RA0RA	theories/Machines/Bulk/Bulk_044.v	2	0	76
1RB1RA_1LC0LD_1RA0LB_1LC0RC	nqh_1RB1RA_1LC0LD_1RA0LB_1LC0RC	theories/Machines/Bulk/Bulk_044.v	2	0	57
1RB1RA_1LC0LD_1RA1LD_0LB1LC	nqh_1RB1RA_1LC0LD_1RA1LD_0LB1LC	theories/Machines/Bulk/Bulk_044.v	2	0	40
1RB1RA_1LC0LD_1RA1LD_1LA1LC	nqh_1RB1RA_1LC0LD_1RA1LD_1LA1LC	theories/Machines/Bulk/Bulk_044.v	2	0	43
1RB1RA_1LC0LD_1RA1LD_1RB1LC	nqh_1RB1RA_1LC0LD_1RA1LD_1RB1LC	theories/Machines/Bulk/Bulk_044.v	2	0	42
1RB1RA_1LC0RA_---0LD_1RD1RB	nqh_1RB1RA_1LC0RA_XXX0LD_1RD1RB	theories/Machines/Bulk/Bulk_044.v	3	0	91
1RB1RA_1LC0RA_0LD0LB_1RD1RB	nqh_1RB1RA_1LC0RA_0LD0LB_1RD1RB	theories/Machines/Bulk/Bulk_045.v	3	0	197
1RB1RA_1LC0RA_0LD1LD_1RB1LC	nqh_1RB1RA_1LC0RA_0LD1LD_1RB1LC	theories/Machines/Bulk/Bulk_045.v	2	0	73
1RB1RA_1LC0RA_0RA1LD_0LC0LD	nqh_1RB1RA_1LC0RA_0RA1LD_0LC0LD	theories/Machines/Bulk/Bulk_045.v	2	0	100
1RB1RA_1LC0RA_0RB1LD_0LB1LC	nqh_1RB1RA_1LC0RA_0RB1LD_0LB1LC	theories/Machines/Bulk/Bulk_045.v	2	0	82
1RB1RA_1LC0RA_1LA1LD_0LB0LD	nqh_1RB1RA_1LC0RA_1LA1LD_0LB0LD	theories/Machines/Bulk/Bulk_045.v	2	0	89
1RB1RA_1LC0RA_1LA1LD_0LC0LD	nqh_1RB1RA_1LC0RA_1LA1LD_0LC0LD	theories/Machines/Bulk/Bulk_045.v	2	0	99
1RB1RA_1LC0RA_1LA1LD_1LC0LB	nqh_1RB1RA_1LC0RA_1LA1LD_1LC0LB	theories/Machines/Bulk/Bulk_045.v	2	0	72
1RB1RA_1LC0RA_1LD0LB_1RB0LB	nqh_1RB1RA_1LC0RA_1LD0LB_1RB0LB	theories/Machines/Bulk/Bulk_045.v	3	0	109
1RB1RA_1LC0RA_1LD0LC_0RB0LD	nqh_1RB1RA_1LC0RA_1LD0LC_0RB0LD	theories/Machines/Bulk/Bulk_045.v	2	0	128
1RB1RA_1LC0RA_1LD0LC_0RB1LC	nqh_1RB1RA_1LC0RA_1LD0LC_0RB1LC	theories/Machines/Bulk/Bulk_045.v	2	0	100
1RB1RA_1LC0RA_1LD1LC_1LA0LB	nqh_1RB1RA_1LC0RA_1LD1LC_1LA0LB	theories/Machines/Bulk/Bulk_045.v	2	0	72
1RB1RA_1LC0RA_1LD1LC_1RB0LB	nqh_1RB1RA_1LC0RA_1LD1LC_1RB0LB	theories/Machines/Bulk/Bulk_045.v	2	0	71
1RB1RA_1LC0RA_1LD1LC_1RD0LB	nqh_1RB1RA_1LC0RA_1LD1LC_1RD0LB	theories/Machines/Bulk/Bulk_045.v	2	0	73
1RB1RA_1LC0RA_1RA0LD_0LC1LB	nqh_1RB1RA_1LC0RA_1RA0LD_0LC1LB	theories/Machines/Bulk/Bulk_045.v	2	0	83
1RB1RA_1LC0RA_1RA1LD_1LC0LB	nqh_1RB1RA_1LC0RA_1RA1LD_1LC0LB	theories/Machines/Bulk/Bulk_045.v	2	0	71
1RB1RA_1LC0RA_1RB0LD_0RB0LC	nqh_1RB1RA_1LC0RA_1RB0LD_0RB0LC	theories/Machines/Bulk/Bulk_045.v	2	0	89
1RB1RA_1LC0RA_1RB1LD_0LB0LD	nqh_1RB1RA_1LC0RA_1RB1LD_0LB0LD	theories/Machines/Bulk/Bulk_045.v	2	0	88
1RB1RA_1LC0RA_1RD0LB_0LA1RC	nqh_1RB1RA_1LC0RA_1RD0LB_0LA1RC	theories/Machines/Bulk/Bulk_045.v	3	0	65
1RB1RA_1LC0RA_1RD0LD_1RC1RB	nqh_1RB1RA_1LC0RA_1RD0LD_1RC1RB	theories/Machines/Bulk/Bulk_045.v	3	0	91
1RB1RA_1LC0RB_0RA1LD_0LC0LD	nqh_1RB1RA_1LC0RB_0RA1LD_0LC0LD	theories/Machines/Bulk/Bulk_045.v	2	0	128
1RB1RA_1LC0RB_1RA1LD_1RB0LD	nqh_1RB1RA_1LC0RB_1RA1LD_1RB0LD	theories/Machines/Bulk/Bulk_045.v	2	0	83
1RB1RA_1LC0RC_0LD1RC_1LA0RB	nqh_1RB1RA_1LC0RC_0LD1RC_1LA0RB	theories/Machines/Bulk/Bulk_045.v	2	0	77
1RB1RA_1LC0RC_0RA0LD_1RC0LA	nqh_1RB1RA_1LC0RC_0RA0LD_1RC0LA	theories/Machines/Bulk/Bulk_045.v	8	0	878
1RB1RA_1LC0RC_1RA0LD_0LC1LD	nqh_1RB1RA_1LC0RC_1RA0LD_0LC1LD	theories/Machines/Bulk/Bulk_045.v	2	0	84
1RB1RA_1LC0RC_1RA0LD_1LC1LD	nqh_1RB1RA_1LC0RC_1RA0LD_1LC1LD	theories/Machines/Bulk/Bulk_045.v	2	0	73
1RB1RA_1LC0RC_1RA1LD_0LC1LC	nqh_1RB1RA_1LC0RC_1RA1LD_0LC1LC	theories/Machines/Bulk/Bulk_045.v	2	0	66
1RB1RA_1LC0RD_0RA1LB_0LC0LC	nqh_1RB1RA_1LC0RD_0RA1LB_0LC0LC	theories/Machines/Bulk/Bulk_045.v	2	0	53
1RB1RA_1LC0RD_0RA1LB_0LC1RB	nqh_1RB1RA_1LC0RD_0RA1LB_0LC1RB	theories/Machines/Bulk/Bulk_045.v	3	0	95
1RB1RA_1LC0RD_0RA1LB_1LB0LC	nqh_1RB1RA_1LC0RD_0RA1LB_1LB0LC	theories/Machines/Bulk/Bulk_045.v	2	0	55
1RB1RA_1LC0RD_0RA1LB_1LB1RB	nqh_1RB1RA_1LC0RD_0RA1LB_1LB1RB	theories/Machines/Bulk/Bulk_045.v	3	0	98
1RB1RA_1LC0RD_0RA1LB_1LD0LC	nqh_1RB1RA_1LC0RD_0RA1LB_1LD0LC	theories/Machines/Bulk/Bulk_045.v	2	0	90
1RB1RA_1LC0RD_0RA1LB_1LD1RB	nqh_1RB1RA_1LC0RD_0RA1LB_1LD1RB	theories/Machines/Bulk/Bulk_045.v	3	0	94
1RB1RA_1LC0RD_0RA1LB_1RB0LC	nqh_1RB1RA_1LC0RD_0RA1LB_1RB0LC	theories/Machines/Bulk/Bulk_045.v	2	0	53
1RB1RA_1LC0RD_0RA1LB_1RB1RB	nqh_1RB1RA_1LC0RD_0RA1LB_1RB1RB	theories/Machines/Bulk/Bulk_045.v	3	0	92
1RB1RA_1LC0RD_0RA1LB_1RC0LC	nqh_1RB1RA_1LC0RD_0RA1LB_1RC0LC	theories/Machines/Bulk/Bulk_045.v	2	0	53
1RB1RA_1LC0RD_0RA1LB_1RC1RB	nqh_1RB1RA_1LC0RD_0RA1LB_1RC1RB	theories/Machines/Bulk/Bulk_045.v	3	0	94
1RB1RA_1LC0RD_1LA0LB_0LA0RA	nqh_1RB1RA_1LC0RD_1LA0LB_0LA0RA	theories/Machines/Bulk/Bulk_045.v	2	0	69
1RB1RA_1LC0RD_1LA0LC_0RB1RC	nqh_1RB1RA_1LC0RD_1LA0LC_0RB1RC	theories/Machines/Bulk/Bulk_045.v	3	0	309
1RB1RA_1LC0RD_1LA0LD_0RB1RB	nqh_1RB1RA_1LC0RD_1LA0LD_0RB1RB	theories/Machines/Bulk/Bulk_045.v	2	0	55
1RB1RA_1LC0RD_1LA1LC_0LA1RB	nqh_1RB1RA_1LC0RD_1LA1LC_0LA1RB	theories/Machines/Bulk/Bulk_045.v	2	0	37
1RB1RA_1LC0RD_1LA1LC_0RB1RB	nqh_1RB1RA_1LC0RD_1LA1LC_0RB1RB	theories/Machines/Bulk/Bulk_045.v	2	0	39
1RB1RA_1LC0RD_1LA1LC_1LB1RB	nqh_1RB1RA_1LC0RD_1LA1LC_1LB1RB	theories/Machines/Bulk/Bulk_045.v	2	0	38
1RB1RA_1LC0RD_1LA1LC_1LC1RB	nqh_1RB1RA_1LC0RD_1LA1LC_1LC1RB	theories/Machines/Bulk/Bulk_045.v	2	0	38
1RB1RA_1LC0RD_1LA1LC_1RA1RB	nqh_1RB1RA_1LC0RD_1LA1LC_1RA1RB	theories/Machines/Bulk/Bulk_045.v	2	0	37
1RB1RA_1LC0RD_1LD1LB_0RA0LD	nqh_1RB1RA_1LC0RD_1LD1LB_0RA0LD	theories/Machines/Bulk/Bulk_045.v	2	0	89
1RB1RA_1LC0RD_1LD1LB_0RA1RB	nqh_1RB1RA_1LC0RD_1LD1LB_0RA1RB	theories/Machines/Bulk/Bulk_045.v	4	0	102
1RB1RA_1LC0RD_1RA0LB_0LA0RA	nqh_1RB1RA_1LC0RD_1RA0LB_0LA0RA	theories/Machines/Bulk/Bulk_045.v	2	0	67
1RB1RA_1LC0RD_1RA0LB_1LB0RA	nqh_1RB1RA_1LC0RD_1RA0LB_1LB0RA	theories/Machines/Bulk/Bulk_045.v	2	0	72
1RB1RA_1LC0RD_1RA1LB_1LB1RB	nqh_1RB1RA_1LC0RD_1RA1LB_1LB1RB	theories/Machines/Bulk/Bulk_045.v	3	0	87
1RB1RA_1LC0RD_1RA1LB_1LD1RB	nqh_1RB1RA_1LC0RD_1RA1LB_1LD1RB	theories/Machines/Bulk/Bulk_045.v	3	0	83
1RB1RA_1LC0RD_1RA1LB_1RB1RB	nqh_1RB1RA_1LC0RD_1RA1LB_1RB1RB	theories/Machines/Bulk/Bulk_046.v	3	0	81
1RB1RA_1LC1LB_0LA1LD_0RA0LC	nqh_1RB1RA_1LC1LB_0LA1LD_0RA0LC	theories/Machines/Bulk/Bulk_046.v	2	0	57
1RB1RA_1LC1LB_0LA1LD_1RA0LC	nqh_1RB1RA_1LC1LB_0LA1LD_1RA0LC	theories/Machines/Bulk/Bulk_046.v	2	0	49
1RB1RA_1LC1LB_0RA0LD_0LB0RD	nqh_1RB1RA_1LC1LB_0RA0LD_0LB0RD	theories/Machines/Bulk/Bulk_046.v	2	0	52
1RB1RA_1LC1LB_0RA0LD_0LB1LC	nqh_1RB1RA_1LC1LB_0RA0LD_0LB1LC	theories/Machines/Bulk/Bulk_046.v	2	0	47
1RB1RA_1LC1LB_0RA0LD_0RA1LC	nqh_1RB1RA_1LC1LB_0RA0LD_0RA1LC	theories/Machines/Bulk/Bulk_046.v	2	0	51
1RB1RA_1LC1LB_0RA0LD_0RB1LC	nqh_1RB1RA_1LC1LB_0RA0LD_0RB1LC	theories/Machines/Bulk/Bulk_046.v	2	0	47
1RB1RA_1LC1LB_0RA0LD_0RC1LC	nqh_1RB1RA_1LC1LB_0RA0LD_0RC1LC	theories/Machines/Bulk/Bulk_046.v	2	0	46
1RB1RA_1LC1LB_0RA0LD_0RD1LC	nqh_1RB1RA_1LC1LB_0RA0LD_0RD1LC	theories/Machines/Bulk/Bulk_046.v	2	0	51
1RB1RA_1LC1LB_0RA0LD_1LA1LC	nqh_1RB1RA_1LC1LB_0RA0LD_1LA1LC	theories/Machines/Bulk/Bulk_046.v	2	0	50
1RB1RA_1LC1LB_0RA0LD_1LB1LC	nqh_1RB1RA_1LC1LB_0RA0LD_1LB1LC	theories/Machines/Bulk/Bulk_046.v	2	0	47
1RB1RA_1LC1LB_0RA0LD_1LC1LC	nqh_1RB1RA_1LC1LB_0RA0LD_1LC1LC	theories/Machines/Bulk/Bulk_046.v	2	0	46
1RB1RA_1LC1LB_0RA0LD_1RA1LC	nqh_1RB1RA_1LC1LB_0RA0LD_1RA1LC	theories/Machines/Bulk/Bulk_046.v	2	0	46
1RB1RA_1LC1LB_0RA0LD_1RC1LC	nqh_1RB1RA_1LC1LB_0RA0LD_1RC1LC	theories/Machines/Bulk/Bulk_046.v	2	0	66
1RB1RA_1LC1LB_0RA0LD_1RD1LC	nqh_1RB1RA_1LC1LB_0RA0LD_1RD1LC	theories/Machines/Bulk/Bulk_046.v	2	0	51
1RB1RA_1LC1LB_0RA1LD_0LB0LC	nqh_1RB1RA_1LC1LB_0RA1LD_0LB0LC	theories/Machines/Bulk/Bulk_046.v	2	0	60
1RB1RA_1LC1LB_0RA1LD_0LC0LC	nqh_1RB1RA_1LC1LB_0RA1LD_0LC0LC	theories/Machines/Bulk/Bulk_046.v	2	0	52
1RB1RA_1LC1LB_0RA1LD_0LC0RC	nqh_1RB1RA_1LC1LB_0RA1LD_0LC0RC	theories/Machines/Bulk/Bulk_046.v	2	0	62
1RB1RA_1LC1LB_0RA1LD_0RA0LC	nqh_1RB1RA_1LC1LB_0RA1LD_0RA0LC	theories/Machines/Bulk/Bulk_046.v	2	0	58
1RB1RA_1LC1LB_0RA1LD_0RB0LC	nqh_1RB1RA_1LC1LB_0RA1LD_0RB0LC	theories/Machines/Bulk/Bulk_046.v	2	0	55
1RB1RA_1LC1LB_0RA1LD_0RD0LC	nqh_1RB1RA_1LC1LB_0RA1LD_0RD0LC	theories/Machines/Bulk/Bulk_046.v	2	0	59
1RB1RA_1LC1LB_0RA1LD_1LA0LC	nqh_1RB1RA_1LC1LB_0RA1LD_1LA0LC	theories/Machines/Bulk/Bulk_046.v	2	0	52
1RB1RA_1LC1LB_0RA1LD_1LB0LC	nqh_1RB1RA_1LC1LB_0RA1LD_1LB0LC	theories/Machines/Bulk/Bulk_046.v	2	0	52
1RB1RA_1LC1LB_0RA1LD_1LC0LC	nqh_1RB1RA_1LC1LB_0RA1LD_1LC0LC	theories/Machines/Bulk/Bulk_046.v	2	0	52
1RB1RA_1LC1LB_0RA1LD_1RA0LC	nqh_1RB1RA_1LC1LB_0RA1LD_1RA0LC	theories/Machines/Bulk/Bulk_046.v	2	0	52
1RB1RA_1LC1LB_0RA1LD_1RB0LC	nqh_1RB1RA_1LC1LB_0RA1LD_1RB0LC	theories/Machines/Bulk/Bulk_046.v	2	0	52
1RB1RA_1LC1LB_0RA1LD_1RC0LC	nqh_1RB1RA_1LC1LB_0RA1LD_1RC0LC	theories/Machines/Bulk/Bulk_046.v	2	0	53
1RB1RA_1LC1LB_0RC1LD_0RA0LC	nqh_1RB1RA_1LC1LB_0RC1LD_0RA0LC	theories/Machines/Bulk/Bulk_046.v	2	0	56
1RB1RA_1LC1LB_0RD1LD_1RA0LC	nqh_1RB1RA_1LC1LB_0RD1LD_1RA0LC	theories/Machines/Bulk/Bulk_046.v	2	0	45
1RB1RA_1LC1LB_1LD0LD_1RA1LC	nqh_1RB1RA_1LC1LB_1LD0LD_1RA1LC	theories/Machines/Bulk/Bulk_046.v	2	0	39
1RB1RA_1LC1LB_1LD1LD_0RA0LC	nqh_1RB1RA_1LC1LB_1LD1LD_0RA0LC	theories/Machines/Bulk/Bulk_046.v	2	0	53
1RB1RA_1LC1LB_1LD1LD_1RA0LC	nqh_1RB1RA_1LC1LB_1LD1LD_1RA0LC	theories/Machines/Bulk/Bulk_046.v	2	0	45
1RB1RA_1LC1LB_1RA0LD_0LC1LC	nqh_1RB1RA_1LC1LB_1RA0LD_0LC1LC	theories/Machines/Bulk/Bulk_046.v	2	0	41
1RB1RA_1LC1LB_1RA0LD_0RB1LC	nqh_1RB1RA_1LC1LB_1RA0LD_0RB1LC	theories/Machines/Bulk/Bulk_046.v	2	0	39
1RB1RA_1LC1LB_1RA0LD_1LB1LC	nqh_1RB1RA_1LC1LB_1RA0LD_1LB1LC	theories/Machines/Bulk/Bulk_046.v	2	0	39
1RB1RA_1LC1LB_1RA0LD_1RA1LC	nqh_1RB1RA_1LC1LB_1RA0LD_1RA1LC	theories/Machines/Bulk/Bulk_046.v	2	0	40
1RB1RA_1LC1LB_1RA0LD_1RC1LC	nqh_1RB1RA_1LC1LB_1RA0LD_1RC1LC	theories/Machines/Bulk/Bulk_046.v	2	0	40
1RB1RA_1LC1LB_1RA1LD_0LB0LC	nqh_1RB1RA_1LC1LB_1RA1LD_0LB0LC	theories/Machines/Bulk/Bulk_046.v	2	0	49
1RB1RA_1LC1LB_1RA1LD_0LC0LC	nqh_1RB1RA_1LC1LB_1RA1LD_0LC0LC	theories/Machines/Bulk/Bulk_046.v	2	0	45
1RB1RA_1LC1LB_1RA1LD_0LC0RC	nqh_1RB1RA_1LC1LB_1RA1LD_0LC0RC	theories/Machines/Bulk/Bulk_046.v	2	0	55
1RB1RA_1LC1LB_1RA1LD_0RA0LC	nqh_1RB1RA_1LC1LB_1RA1LD_0RA0LC	theories/Machines/Bulk/Bulk_046.v	2	0	53
1RB1RA_1LC1LB_1RA1LD_0RB0LC	nqh_1RB1RA_1LC1LB_1RA1LD_0RB0LC	theories/Machines/Bulk/Bulk_046.v	2	0	49
1RB1RA_1LC1LB_1RA1LD_0RD0LC	nqh_1RB1RA_1LC1LB_1RA1LD_0RD0LC	theories/Machines/Bulk/Bulk_046.v	2	0	50
1RB1RA_1LC1LB_1RA1LD_1LA0LC	nqh_1RB1RA_1LC1LB_1RA1LD_1LA0LC	theories/Machines/Bulk/Bulk_046.v	2	0	46
1RB1RA_1LC1LB_1RA1LD_1LB0LC	nqh_1RB1RA_1LC1LB_1RA1LD_1LB0LC	theories/Machines/Bulk/Bulk_046.v	2	0	45
1RB1RA_1LC1LB_1RA1LD_1LC0LC	nqh_1RB1RA_1LC1LB_1RA1LD_1LC0LC	theories/Machines/Bulk/Bulk_046.v	2	0	45
1RB1RA_1LC1LB_1RA1LD_1RA0LC	nqh_1RB1RA_1LC1LB_1RA1LD_1RA0LC	theories/Machines/Bulk/Bulk_046.v	2	0	47
1RB1RA_1LC1LB_1RA1LD_1RB0LC	nqh_1RB1RA_1LC1LB_1RA1LD_1RB0LC	theories/Machines/Bulk/Bulk_046.v	2	0	48
1RB1RA_1LC1LB_1RA1LD_1RC0LC	nqh_1RB1RA_1LC1LB_1RA1LD_1RC0LC	theories/Machines/Bulk/Bulk_046.v	2	0	46
1RB1RA_1LC1LD_0RD0LC_1LB0RA	nqh_1RB1RA_1LC1LD_0RD0LC_1LB0RA	theories/Machines/Bulk/Bulk_046.v	2	0	85
1RB1RA_1LC1LD_1LA0LB_0RC0RA	nqh_1RB1RA_1LC1LD_1LA0LB_0RC0RA	theories/Machines/Bulk/Bulk_047.v	2	0	72
1RB1RA_1LC1LD_1RA0LB_0RC0RA	nqh_1RB1RA_1LC1LD_1RA0LB_0RC0RA	theories/Machines/Bulk/Bulk_047.v	2	0	64
1RB1RA_1LC1RC_0RA1LD_1LC0LC	nqh_1RB1RA_1LC1RC_0RA1LD_1LC0LC	theories/Machines/Bulk/Bulk_047.v	2	0	84
1RB1RA_1LC1RC_1LD0RB_0RA1LC	nqh_1RB1RA_1LC1RC_1LD0RB_0RA1LC	theories/Machines/Bulk/Bulk_047.v	3	0	100
1RB1RA_1LC1RC_1LD0RB_1RA1LC	nqh_1RB1RA_1LC1RC_1LD0RB_1RA1LC	theories/Machines/Bulk/Bulk_047.v	3	0	89
1RB1RA_1LC1RD_0RA1LB_0RA0RB	nqh_1RB1RA_1LC1RD_0RA1LB_0RA0RB	theories/Machines/Bulk/Bulk_047.v	2	0	48
1RB1RA_1LC1RD_1LA1LC_0LA0RB	nqh_1RB1RA_1LC1RD_1LA1LC_0LA0RB	theories/Machines/Bulk/Bulk_047.v	2	0	47
1RB1RA_1LC1RD_1LA1LC_0LC0RB	nqh_1RB1RA_1LC1RD_1LA1LC_0LC0RB	theories/Machines/Bulk/Bulk_047.v	2	0	48
1RB1RA_1LC1RD_1LA1LC_0LD0RB	nqh_1RB1RA_1LC1RD_1LA1LC_0LD0RB	theories/Machines/Bulk/Bulk_047.v	2	0	49
1RB1RA_1LC1RD_1LA1LC_0RA0RB	nqh_1RB1RA_1LC1RD_1LA1LC_0RA0RB	theories/Machines/Bulk/Bulk_047.v	2	0	45
1RB1RA_1LC1RD_1LA1LC_0RB0LB	nqh_1RB1RA_1LC1RD_1LA1LC_0RB0LB	theories/Machines/Bulk/Bulk_047.v	2	0	56
1RB1RA_1LC1RD_1LA1LC_0RB0RB	nqh_1RB1RA_1LC1RD_1LA1LC_0RB0RB	theories/Machines/Bulk/Bulk_047.v	2	0	44
1RB1RA_1LC1RD_1LA1LC_1LA0RB	nqh_1RB1RA_1LC1RD_1LA1LC_1LA0RB	theories/Machines/Bulk/Bulk_047.v	2	0	47
1RB1RA_1LC1RD_1LA1LC_1LB0RB	nqh_1RB1RA_1LC1RD_1LA1LC_1LB0RB	theories/Machines/Bulk/Bulk_047.v	2	0	45
1RB1RA_1LC1RD_1LA1LC_1LC0RB	nqh_1RB1RA_1LC1RD_1LA1LC_1LC0RB	theories/Machines/Bulk/Bulk_047.v	2	0	44
1RB1RA_1LC1RD_1LA1LC_1RA0RB	nqh_1RB1RA_1LC1RD_1LA1LC_1RA0RB	theories/Machines/Bulk/Bulk_047.v	2	0	44
1RB1RA_1LC1RD_1LA1LC_1RB0RB	nqh_1RB1RA_1LC1RD_1LA1LC_1RB0RB	theories/Machines/Bulk/Bulk_047.v	2	0	44
1RB1RA_1LC1RD_1LA1LC_1RC0RB	nqh_1RB1RA_1LC1RD_1LA1LC_1RC0RB	theories/Machines/Bulk/Bulk_047.v	2	0	45
1RB1RA_1LC1RD_1RA1LB_0RA0RB	nqh_1RB1RA_1LC1RD_1RA1LB_0RA0RB	theories/Machines/Bulk/Bulk_047.v	2	0	41
1RB1RA_1RC0LB_1LD0RC_1RA1LB	nqh_1RB1RA_1RC0LB_1LD0RC_1RA1LB	theories/Machines/Bulk/Bulk_047.v	2	0	85
1RB1RA_1RC0LD_0LD1LD_1RA1LC	nqh_1RB1RA_1RC0LD_0LD1LD_1RA1LC	theories/Machines/Bulk/Bulk_047.v	2	0	47
1RB1RA_1RC0LD_1RD0LA_1LB0RC	nqh_1RB1RA_1RC0LD_1RD0LA_1LB0RC	theories/Machines/Bulk/Bulk_047.v	3	0	76
1RB1RA_1RC0RA_0LD1LD_1RB1LC	nqh_1RB1RA_1RC0RA_0LD1LD_1RB1LC	theories/Machines/Bulk/Bulk_047.v	2	0	81
1RB1RA_1RC0RC_1LD0RB_1LA0LC	nqh_1RB1RA_1RC0RC_1LD0RB_1LA0LC	theories/Machines/Bulk/Bulk_047.v	3	0	113
1RB1RA_1RC0RC_1LD0RB_1RA0LC	nqh_1RB1RA_1RC0RC_1LD0RB_1RA0LC	theories/Machines/Bulk/Bulk_047.v	3	0	76
1RB1RA_1RC0RC_1LD1RB_1LA1LD	nqh_1RB1RA_1RC0RC_1LD1RB_1LA1LD	theories/Machines/Bulk/Bulk_047.v	2	0	37
1RB1RA_1RC0RD_1LD1LC_1RA0LC	nqh_1RB1RA_1RC0RD_1LD1LC_1RA0LC	theories/Machines/Bulk/Bulk_047.v	2	0	74
1RB1RA_1RC1LA_1LD0LD_0RB1LC	nqh_1RB1RA_1RC1LA_1LD0LD_0RB1LC	theories/Machines/Bulk/Bulk_047.v	2	0	56
1RB1RA_1RC1LA_1LD0RB_0RB0LC	nqh_1RB1RA_1RC1LA_1LD0RB_0RB0LC	theories/Machines/Bulk/Bulk_047.v	3	0	90
1RB1RA_1RC1LA_1LD0RB_1RA0LC	nqh_1RB1RA_1RC1LA_1LD0RB_1RA0LC	theories/Machines/Bulk/Bulk_047.v	3	0	71
1RB1RA_1RC1LA_1LD0RB_1RB0LC	nqh_1RB1RA_1RC1LA_1LD0RB_1RB0LC	theories/Machines/Bulk/Bulk_047.v	3	0	80
1RB1RA_1RC1RA_1LD0RB_1RA0LC	nqh_1RB1RA_1RC1RA_1LD0RB_1RA0LC	theories/Machines/Bulk/Bulk_047.v	3	0	66
1RB1RA_1RC1RC_0LD0RB_1LA1LD	nqh_1RB1RA_1RC1RC_0LD0RB_1LA1LD	theories/Machines/Bulk/Bulk_047.v	2	0	51
1RB1RA_1RC1RC_1LD0RB_0RA1LC	nqh_1RB1RA_1RC1RC_1LD0RB_0RA1LC	theories/Machines/Bulk/Bulk_047.v	3	0	97
1RB1RA_1RC1RC_1LD0RB_1LA1LD	nqh_1RB1RA_1RC1RC_1LD0RB_1LA1LD	theories/Machines/Bulk/Bulk_047.v	2	0	43
1RB1RA_1RC1RC_1LD0RB_1RA1LC	nqh_1RB1RA_1RC1RC_1LD0RB_1RA1LC	theories/Machines/Bulk/Bulk_047.v	3	0	86
1RB1RA_1RC1RD_1LD0LD_0RA1LC	nqh_1RB1RA_1RC1RD_1LD0LD_0RA1LC	theories/Machines/Bulk/Bulk_047.v	2	0	87
1RB1RA_1RC1RD_1LD0RB_0RA0LC	nqh_1RB1RA_1RC1RD_1LD0RB_0RA0LC	theories/Machines/Bulk/Bulk_047.v	3	0	71
1RB1RA_1RC1RD_1LD0RB_1RA0LC	nqh_1RB1RA_1RC1RD_1LD0RB_1RA0LC	theories/Machines/Bulk/Bulk_047.v	3	0	69
1RB1RB_0LC0LA_1RC0RD_1LB1RD	nqh_1RB1RB_0LC0LA_1RC0RD_1LB1RD	theories/Machines/Bulk/Bulk_047.v	3	0	94
1RB1RB_0LC0RA_1LD1LC_1RA1RD	nqh_1RB1RB_0LC0RA_1LD1LC_1RA1RD	theories/Machines/Bulk/Bulk_047.v	2	0	50
1RB1RB_0LC0RA_1LD1LC_1RB1RD	nqh_1RB1RB_0LC0RA_1LD1LC_1RB1RD	theories/Machines/Bulk/Bulk_047.v	2	0	44
1RB1RB_0LC0RD_0RA1LD_1LC0LA	nqh_1RB1RB_0LC0RD_0RA1LD_1LC0LA	theories/Machines/Bulk/Bulk_047.v	2	0	48
1RB1RB_0RC0LA_1LC0LD_1RB1LD	nqh_1RB1RB_0RC0LA_1LC0LD_1RB1LD	theories/Machines/Bulk/Bulk_047.v	3	0	91
1RB1RB_1LA0RC_1LC0LD_1RB1LD	nqh_1RB1RB_1LA0RC_1LC0LD_1RB1LD	theories/Machines/Bulk/Bulk_047.v	2	0	54
1RB1RB_1LB0LC_1RC0RD_0LA1RD	nqh_1RB1RB_1LB0LC_1RC0RD_0LA1RD	theories/Machines/Bulk/Bulk_047.v	2	0	56
1RB1RB_1LC0LD_0RD1LB_0RA1RD	nqh_1RB1RB_1LC0LD_0RD1LB_0RA1RD	theories/Machines/Bulk/Bulk_047.v	2	0	56
1RB1RB_1LC0LD_1RD1LB_0RA1RD	nqh_1RB1RB_1LC0LD_1RD1LB_0RA1RD	theories/Machines/Bulk/Bulk_047.v	2	0	51
1RB1RB_1LC0RA_0RD1LB_0LA1RD	nqh_1RB1RB_1LC0RA_0RD1LB_0LA1RD	theories/Machines/Bulk/Bulk_047.v	3	0	94
1RB1RB_1LC0RA_0RD1LB_0LB1RD	nqh_1RB1RB_1LC0RA_0RD1LB_0LB1RD	theories/Machines/Bulk/Bulk_047.v	3	0	89
1RB1RB_1LC0RA_0RD1LB_0LC1RD	nqh_1RB1RB_1LC0RA_0RD1LB_0LC1RD	theories/Machines/Bulk/Bulk_048.v	3	0	91
1RB1RB_1LC0RA_0RD1LB_0RA1RD	nqh_1RB1RB_1LC0RA_0RD1LB_0RA1RD	theories/Machines/Bulk/Bulk_048.v	3	0	87
1RB1RB_1LC0RA_0RD1LB_1LA1RD	nqh_1RB1RB_1LC0RA_0RD1LB_1LA1RD	theories/Machines/Bulk/Bulk_048.v	3	0	90
1RB1RB_1LC0RA_0RD1LB_1LB1RD	nqh_1RB1RB_1LC0RA_0RD1LB_1LB1RD	theories/Machines/Bulk/Bulk_048.v	3	0	89
1RB1RB_1LC0RA_0RD1LB_1LC1RD	nqh_1RB1RB_1LC0RA_0RD1LB_1LC1RD	theories/Machines/Bulk/Bulk_048.v	3	0	91
1RB1RB_1LC0RA_0RD1LB_1RA1RD	nqh_1RB1RB_1LC0RA_0RD1LB_1RA1RD	theories/Machines/Bulk/Bulk_048.v	3	0	93
1RB1RB_1LC0RA_0RD1LB_1RB1RD	nqh_1RB1RB_1LC0RA_0RD1LB_1RB1RD	theories/Machines/Bulk/Bulk_048.v	3	0	92
1RB1RB_1LC0RA_1LD1LC_1RA1RD	nqh_1RB1RB_1LC0RA_1LD1LC_1RA1RD	theories/Machines/Bulk/Bulk_048.v	2	0	42
1RB1RB_1LC0RA_1RD0LB_1LA1RC	nqh_1RB1RB_1LC0RA_1RD0LB_1LA1RC	theories/Machines/Bulk/Bulk_048.v	3	0	63
1RB1RB_1LC0RA_1RD1LB_0LA1RD	nqh_1RB1RB_1LC0RA_1RD1LB_0LA1RD	theories/Machines/Bulk/Bulk_048.v	3	0	83
1RB1RB_1LC0RA_1RD1LB_0LB1RD	nqh_1RB1RB_1LC0RA_1RD1LB_0LB1RD	theories/Machines/Bulk/Bulk_048.v	3	0	78
1RB1RB_1LC0RA_1RD1LB_0LC1RD	nqh_1RB1RB_1LC0RA_1RD1LB_0LC1RD	theories/Machines/Bulk/Bulk_048.v	3	0	80
1RB1RB_1LC0RA_1RD1LB_0RA1RD	nqh_1RB1RB_1LC0RA_1RD1LB_0RA1RD	theories/Machines/Bulk/Bulk_048.v	3	0	76
1RB1RB_1LC0RA_1RD1LB_1LA1RD	nqh_1RB1RB_1LC0RA_1RD1LB_1LA1RD	theories/Machines/Bulk/Bulk_048.v	3	0	79
1RB1RB_1LC0RA_1RD1LB_1LB1RD	nqh_1RB1RB_1LC0RA_1RD1LB_1LB1RD	theories/Machines/Bulk/Bulk_048.v	3	0	78
1RB1RB_1LC0RA_1RD1LB_1LC1RD	nqh_1RB1RB_1LC0RA_1RD1LB_1LC1RD	theories/Machines/Bulk/Bulk_048.v	3	0	80
1RB1RB_1LC0RA_1RD1LB_1RA1RD	nqh_1RB1RB_1LC0RA_1RD1LB_1RA1RD	theories/Machines/Bulk/Bulk_048.v	3	0	82
1RB1RB_1LC0RA_1RD1LB_1RB1RD	nqh_1RB1RB_1LC0RA_1RD1LB_1RB1RD	theories/Machines/Bulk/Bulk_048.v	3	0	81
1RB1RB_1LC0RC_1RA1LD_1RB0LD	nqh_1RB1RB_1LC0RC_1RA1LD_1RB0LD	theories/Machines/Bulk/Bulk_048.v	2	0	63
1RB1RB_1LC0RD_1RD0LB_1LB1RA	nqh_1RB1RB_1LC0RD_1RD0LB_1LB1RA	theories/Machines/Bulk/Bulk_048.v	2	0	70
1RB1RB_1LC1RC_0LD1LA_1RD0RB	nqh_1RB1RB_1LC1RC_0LD1LA_1RD0RB	theories/Machines/Bulk/Bulk_048.v	4	0	212
1RB1RB_1LC1RC_0RA1LD_1RC0LD	nqh_1RB1RB_1LC1RC_0RA1LD_1RC0LD	theories/Machines/Bulk/Bulk_048.v	2	0	61
1RB1RB_1RC0LB_1LD0RC_1RA1LB	nqh_1RB1RB_1RC0LB_1LD0RC_1RA1LB	theories/Machines/Bulk/Bulk_048.v	2	0	81
1RB1RB_1RC0RB_1LD0RA_1RA0LC	nqh_1RB1RB_1RC0RB_1LD0RA_1RA0LC	theories/Machines/Bulk/Bulk_048.v	2	0	75
1RB1RC_0LA1RB_1LC0LD_1RD0RB	nqh_1RB1RC_0LA1RB_1LC0LD_1RD0RB	theories/Machines/Bulk/Bulk_048.v	2	0	64
1RB1RC_0LA1RB_1LD0RA_0RB1LC	nqh_1RB1RC_0LA1RB_1LD0RA_0RB1LC	theories/Machines/Bulk/Bulk_048.v	3	0	99
1RB1RC_0LA1RB_1LD0RA_1LA1LC	nqh_1RB1RC_0LA1RB_1LD0RA_1LA1LC	theories/Machines/Bulk/Bulk_048.v	4	0	95
1RB1RC_0LA1RB_1LD0RA_1RB1LC	nqh_1RB1RC_0LA1RB_1LD0RA_1RB1LC	theories/Machines/Bulk/Bulk_048.v	3	0	88
1RB1RC_0LB1LC_1LD0RA_1RA0LA	nqh_1RB1RC_0LB1LC_1LD0RA_1RA0LA	theories/Machines/Bulk/Bulk_048.v	2	0	67
1RB1RC_0LB1LC_1RD0LC_0RA1LC	nqh_1RB1RC_0LB1LC_1RD0LC_0RA1LC	theories/Machines/Bulk/Bulk_048.v	2	0	49
1RB1RC_0LB1LC_1RD0LC_0RA1RB	nqh_1RB1RC_0LB1LC_1RD0LC_0RA1RB	theories/Machines/Bulk/Bulk_048.v	2	0	54
1RB1RC_0LC0LB_1LD1LB_0RA1RD	nqh_1RB1RC_0LC0LB_1LD1LB_0RA1RD	theories/Machines/Bulk/Bulk_048.v	2	0	65
1RB1RC_0LC0LB_1RD1LB_0RA0LA	nqh_1RB1RC_0LC0LB_1RD1LB_0RA0LA	theories/Machines/Bulk/Bulk_048.v	2	0	57
1RB1RC_0LC0LB_1RD1LB_0RA0RB	nqh_1RB1RC_0LC0LB_1RD1LB_0RA0RB	theories/Machines/Bulk/Bulk_048.v	2	0	55
1RB1RC_0LC0LB_1RD1LB_0RA0RD	nqh_1RB1RC_0LC0LB_1RD1LB_0RA0RD	theories/Machines/Bulk/Bulk_048.v	2	0	62
1RB1RC_0LC0LB_1RD1LB_0RA1RC	nqh_1RB1RC_0LC0LB_1RD1LB_0RA1RC	theories/Machines/Bulk/Bulk_048.v	2	0	56
1RB1RC_0LC0LB_1RD1LB_0RA1RD	nqh_1RB1RC_0LC0LB_1RD1LB_0RA1RD	theories/Machines/Bulk/Bulk_048.v	2	0	55
1RB1RC_0LC0LD_1RA0LD_1LC1LB	nqh_1RB1RC_0LC0LD_1RA0LD_1LC1LB	theories/Machines/Bulk/Bulk_048.v	2	0	38
1RB1RC_0LC0LD_1RA1RD_1LC1LB	nqh_1RB1RC_0LC0LD_1RA1RD_1LC1LB	theories/Machines/Bulk/Bulk_048.v	2	0	57
1RB1RC_0LC0RA_1LA1LD_1LC0LC	nqh_1RB1RC_0LC0RA_1LA1LD_1LC0LC	theories/Machines/Bulk/Bulk_048.v	2	0	73
1RB1RC_0LC0RA_1RA1LD_1LA0LC	nqh_1RB1RC_0LC0RA_1RA1LD_1LA0LC	theories/Machines/Bulk/Bulk_048.v	2	0	72
1RB1RC_0LC0RA_1RA1LD_1LA0LD	nqh_1RB1RC_0LC0RA_1RA1LD_1LA0LD	theories/Machines/Bulk/Bulk_048.v	2	0	89
1RB1RC_0LC0RA_1RA1LD_1RA0LC	nqh_1RB1RC_0LC0RA_1RA1LD_1RA0LC	theories/Machines/Bulk/Bulk_048.v	2	0	44
1RB1RC_0LC0RA_1RA1RD_1LD0LB	nqh_1RB1RC_0LC0RA_1RA1RD_1LD0LB	theories/Machines/Bulk/Bulk_048.v	2	0	81
1RB1RC_0LC0RB_1RA0LD_1LA1LD	nqh_1RB1RC_0LC0RB_1RA0LD_1LA1LD	theories/Machines/Bulk/Bulk_048.v	2	0	97
1RB1RC_0LC1RA_0RA1LD_0LC0LA	nqh_1RB1RC_0LC1RA_0RA1LD_0LC0LA	theories/Machines/Bulk/Bulk_048.v	2	0	48
1RB1RC_0LC1RA_0RA1LD_0RB0LA	nqh_1RB1RC_0LC1RA_0RA1LD_0RB0LA	theories/Machines/Bulk/Bulk_048.v	2	0	50
1RB1RC_0LC1RA_1LA1LD_0RA0LC	nqh_1RB1RC_0LC1RA_1LA1LD_0RA0LC	theories/Machines/Bulk/Bulk_048.v	2	0	54
1RB1RC_0LC1RA_1LA1LD_1LA0LC	nqh_1RB1RC_0LC1RA_1LA1LD_1LA0LC	theories/Machines/Bulk/Bulk_048.v	2	0	46
1RB1RC_0LC1RA_1LA1LD_1LB0LC	nqh_1RB1RC_0LC1RA_1LA1LD_1LB0LC	theories/Machines/Bulk/Bulk_048.v	2	0	44
1RB1RC_0LC1RC_0RA1LD_1RC0LD	nqh_1RB1RC_0LC1RC_0RA1LD_1RC0LD	theories/Machines/Bulk/Bulk_049.v	2	0	49
1RB1RC_0RC0RA_0LD1RA_1LD0LA	nqh_1RB1RC_0RC0RA_0LD1RA_1LD0LA	theories/Machines/Bulk/Bulk_049.v	2	0	55
1RB1RC_0RC1LB_1LD0LA_0LA0LB	nqh_1RB1RC_0RC1LB_1LD0LA_0LA0LB	theories/Machines/Bulk/Bulk_049.v	2	0	55
1RB1RC_0RC1LB_1LD0LA_1LA0LB	nqh_1RB1RC_0RC1LB_1LD0LA_1LA0LB	theories/Machines/Bulk/Bulk_049.v	2	0	63
1RB1RC_0RC1LD_1LD0RD_0LA0LB	nqh_1RB1RC_0RC1LD_1LD0RD_0LA0LB	theories/Machines/Bulk/Bulk_049.v	7	0	1584
1RB1RC_0RC1RB_1LD0RA_1LA1LC	nqh_1RB1RC_0RC1RB_1LD0RA_1LA1LC	theories/Machines/Bulk/Bulk_049.v	4	0	108
1RB1RC_1LA0RA_1RA0LD_0LA1LC	nqh_1RB1RC_1LA0RA_1RA0LD_0LA1LC	theories/Machines/Bulk/Bulk_049.v	2	0	60
1RB1RC_1LA0RA_1RA0LD_0RA1LC	nqh_1RB1RC_1LA0RA_1RA0LD_0RA1LC	theories/Machines/Bulk/Bulk_049.v	2	0	56
1RB1RC_1LA0RA_1RA0LD_1LA1LC	nqh_1RB1RC_1LA0RA_1RA0LD_1LA1LC	theories/Machines/Bulk/Bulk_049.v	2	0	57
1RB1RC_1LA0RA_1RA0LD_1RA1LC	nqh_1RB1RC_1LA0RA_1RA0LD_1RA1LC	theories/Machines/Bulk/Bulk_049.v	2	0	56
1RB1RC_1LA0RC_0LD1LC_1RA1LB	nqh_1RB1RC_1LA0RC_0LD1LC_1RA1LB	theories/Machines/Bulk/Bulk_049.v	2	0	61
1RB1RC_1LA1RA_0RB0LD_0RB1LC	nqh_1RB1RC_1LA1RA_0RB0LD_0RB1LC	theories/Machines/Bulk/Bulk_049.v	2	0	62
1RB1RC_1LB0LC_0LD1RC_1RD0RA	nqh_1RB1RC_1LB0LC_0LD1RC_1RD0RA	theories/Machines/Bulk/Bulk_049.v	3	0	106
1RB1RC_1LB1RA_1LA1LD_0RA0LC	nqh_1RB1RC_1LB1RA_1LA1LD_0RA0LC	theories/Machines/Bulk/Bulk_049.v	2	0	58
1RB1RC_1LB1RA_1LA1LD_1LA0LC	nqh_1RB1RC_1LB1RA_1LA1LD_1LA0LC	theories/Machines/Bulk/Bulk_049.v	2	0	47
1RB1RC_1LC0LB_0RA1LD_1LB1RA	nqh_1RB1RC_1LC0LB_0RA1LD_1LB1RA	theories/Machines/Bulk/Bulk_049.v	2	0	83
1RB1RC_1LC0LC_0RA1LD_1RA0LC	nqh_1RB1RC_1LC0LC_0RA1LD_1RA0LC	theories/Machines/Bulk/Bulk_049.v	2	0	69
1RB1RC_1LC0LD_0RA1LB_1LA0RB	nqh_1RB1RC_1LC0LD_0RA1LB_1LA0RB	theories/Machines/Bulk/Bulk_049.v	2	0	60
1RB1RC_1LC0LD_0RA1LB_1LA1LC	nqh_1RB1RC_1LC0LD_0RA1LB_1LA1LC	theories/Machines/Bulk/Bulk_049.v	2	0	55
1RB1RC_1LC0LD_0RA1LB_1LA1RC	nqh_1RB1RC_1LC0LD_0RA1LB_1LA1RC	theories/Machines/Bulk/Bulk_049.v	2	0	68
1RB1RC_1LC0LD_0RD1LB_0RA1RD	nqh_1RB1RC_1LC0LD_0RD1LB_0RA1RD	theories/Machines/Bulk/Bulk_049.v	2	0	62
1RB1RC_1LC0LD_1RA0LB_0RA1RD	nqh_1RB1RC_1LC0LD_1RA0LB_0RA1RD	theories/Machines/Bulk/Bulk_049.v	2	0	82
1RB1RC_1LC0LD_1RA0LB_1RB0RC	nqh_1RB1RC_1LC0LD_1RA0LB_1RB0RC	theories/Machines/Bulk/Bulk_049.v	2	0	63
1RB1RC_1LC0LD_1RA0LD_1LC1LB	nqh_1RB1RC_1LC0LD_1RA0LD_1LC1LB	theories/Machines/Bulk/Bulk_049.v	2	0	45
1RB1RC_1LC0LD_1RA1RD_1LC1LB	nqh_1RB1RC_1LC0LD_1RA1RD_1LC1LB	theories/Machines/Bulk/Bulk_049.v	2	0	52
1RB1RC_1LC0RA_0RD0LB_1RA1RD	nqh_1RB1RC_1LC0RA_0RD0LB_1RA1RD	theories/Machines/Bulk/Bulk_049.v	3	0	73
1RB1RC_1LC0RA_1LA1LD_1LC0LC	nqh_1RB1RC_1LC0RA_1LA1LD_1LC0LC	theories/Machines/Bulk/Bulk_049.v	2	0	73
1RB1RC_1LC0RA_1RA0LD_1LA1LC	nqh_1RB1RC_1LC0RA_1RA0LD_1LA1LC	theories/Machines/Bulk/Bulk_049.v	3	0	206
1RB1RC_1LC0RA_1RA0LD_1LC0RA	nqh_1RB1RC_1LC0RA_1RA0LD_1LC0RA	theories/Machines/Bulk/Bulk_049.v	2	0	72
1RB1RC_1LC0RA_1RA0RD_0LB1LD	nqh_1RB1RC_1LC0RA_1RA0RD_0LB1LD	theories/Machines/Bulk/Bulk_049.v	2	0	81
1RB1RC_1LC0RA_1RD0LB_1LA0RD	nqh_1RB1RC_1LC0RA_1RD0LB_1LA0RD	theories/Machines/Bulk/Bulk_049.v	3	0	80
1RB1RC_1LC0RA_1RD0LB_1RA0LA	nqh_1RB1RC_1LC0RA_1RD0LB_1RA0LA	theories/Machines/Bulk/Bulk_049.v	3	0	81
1RB1RC_1LC0RB_0RC0LD_1RA0LA	nqh_1RB1RC_1LC0RB_0RC0LD_1RA0LA	theories/Machines/Bulk/Bulk_049.v	10	0	3799
1RB1RC_1LC0RB_1RA1LD_1RB0LD	nqh_1RB1RC_1LC0RB_1RA1LD_1RB0LD	theories/Machines/Bulk/Bulk_049.v	2	0	89
1RB1RC_1LC0RB_1RD0LD_1LA1RB	nqh_1RB1RC_1LC0RB_1RD0LD_1LA1RB	theories/Machines/Bulk/Bulk_049.v	2	0	75
1RB1RC_1LC0RC_1RA0LD_0LC1LD	nqh_1RB1RC_1LC0RC_1RA0LD_0LC1LD	theories/Machines/Bulk/Bulk_049.v	2	0	86
1RB1RC_1LC0RC_1RA0LD_0RB0LB	nqh_1RB1RC_1LC0RC_1RA0LD_0RB0LB	theories/Machines/Bulk/Bulk_049.v	2	0	74
1RB1RC_1LC0RD_0RA1LD_1RC0LD	nqh_1RB1RC_1LC0RD_0RA1LD_1RC0LD	theories/Machines/Bulk/Bulk_049.v	2	0	62
1RB1RC_1LC0RD_1LD0LB_1RB1RA	nqh_1RB1RC_1LC0RD_1LD0LB_1RB1RA	theories/Machines/Bulk/Bulk_049.v	5	0	381
1RB1RC_1LC0RD_1RA0LB_1RB---	nqh_1RB1RC_1LC0RD_1RA0LB_1RBXXX	theories/Machines/Bulk/Bulk_049.v	3	0	62
1RB1RC_1LC0RD_1RD0LD_1LB0RA	nqh_1RB1RC_1LC0RD_1RD0LD_1LB0RA	theories/Machines/Bulk/Bulk_049.v	2	0	71
1RB1RC_1LC1LC_1RD0LB_1RA0RD	nqh_1RB1RC_1LC1LC_1RD0LB_1RA0RD	theories/Machines/Bulk/Bulk_049.v	2	0	74
1RB1RC_1LC1LD_1RA1RB_0LA0LB	nqh_1RB1RC_1LC1LD_1RA1RB_0LA0LB	theories/Machines/Bulk/Bulk_049.v	2	0	50
1RB1RC_1LC1LD_1RA1RB_0RC0LB	nqh_1RB1RC_1LC1LD_1RA1RB_0RC0LB	theories/Machines/Bulk/Bulk_049.v	2	0	51
1RB1RC_1LC1LD_1RA1RB_1LA0LB	nqh_1RB1RC_1LC1LD_1RA1RB_1LA0LB	theories/Machines/Bulk/Bulk_049.v	2	0	47
1RB1RC_1LC1LD_1RA1RB_1LC0LB	nqh_1RB1RC_1LC1LD_1RA1RB_1LC0LB	theories/Machines/Bulk/Bulk_049.v	2	0	46
1RB1RC_1LC1RA_0RA0LD_1RA1LC	nqh_1RB1RC_1LC1RA_0RA0LD_1RA1LC	theories/Machines/Bulk/Bulk_049.v	2	0	71
1RB1RC_1LC1RA_0RA1LD_0LC0LD	nqh_1RB1RC_1LC1RA_0RA1LD_0LC0LD	theories/Machines/Bulk/Bulk_049.v	2	0	96
1RB1RC_1LC1RA_1LA1LD_0LB0LC	nqh_1RB1RC_1LC1RA_1LA1LD_0LB0LC	theories/Machines/Bulk/Bulk_049.v	2	0	51
1RB1RC_1LC1RA_1LA1LD_0RA0LC	nqh_1RB1RC_1LC1RA_1LA1LD_0RA0LC	theories/Machines/Bulk/Bulk_049.v	2	0	55
1RB1RC_1LC1RA_1LA1LD_1LA0LC	nqh_1RB1RC_1LC1RA_1LA1LD_1LA0LC	theories/Machines/Bulk/Bulk_050.v	2	0	49
1RB1RC_1LC1RA_1LA1LD_1LB0LC	nqh_1RB1RC_1LC1RA_1LA1LD_1LB0LC	theories/Machines/Bulk/Bulk_050.v	2	0	51
1RB1RC_1LC1RA_1LD0LC_0RA0RB	nqh_1RB1RC_1LC1RA_1LD0LC_0RA0RB	theories/Machines/Bulk/Bulk_050.v	2	0	77
1RB1RC_1LC1RA_1LD0LC_0RD0RB	nqh_1RB1RC_1LC1RA_1LD0LC_0RD0RB	theories/Machines/Bulk/Bulk_050.v	2	0	87
1RB1RC_1LC1RA_1LD0RA_0RB0LB	nqh_1RB1RC_1LC1RA_1LD0RA_0RB0LB	theories/Machines/Bulk/Bulk_050.v	2	0	85
1RB1RC_1LC1RA_1LD0RA_1RA0LB	nqh_1RB1RC_1LC1RA_1LD0RA_1RA0LB	theories/Machines/Bulk/Bulk_050.v	2	0	79
1RB1RC_1LC1RB_1LD0RA_1LA1LC	nqh_1RB1RC_1LC1RB_1LD0RA_1LA1LC	theories/Machines/Bulk/Bulk_050.v	4	0	107
1RB1RC_1LC1RB_1RA0LD_1LC0LB	nqh_1RB1RC_1LC1RB_1RA0LD_1LC0LB	theories/Machines/Bulk/Bulk_050.v	2	0	42
1RB1RC_1LC1RD_1LA0LB_0RA0RC	nqh_1RB1RC_1LC1RD_1LA0LB_0RA0RC	theories/Machines/Bulk/Bulk_050.v	2	0	72
1RB1RC_1LC1RD_1LD0LB_0RA1LC	nqh_1RB1RC_1LC1RD_1LD0LB_0RA1LC	theories/Machines/Bulk/Bulk_050.v	2	0	66
1RB1RC_1LC1RD_1RA0LB_0LD0RA	nqh_1RB1RC_1LC1RD_1RA0LB_0LD0RA	theories/Machines/Bulk/Bulk_050.v	2	0	84
1RB1RC_1LC1RD_1RA0LD_1LC0LB	nqh_1RB1RC_1LC1RD_1RA0LD_1LC0LB	theories/Machines/Bulk/Bulk_050.v	2	0	51
1RB1RC_1RC0LA_1LB0RD_0LA1RD	nqh_1RB1RC_1RC0LA_1LB0RD_0LA1RD	theories/Machines/Bulk/Bulk_050.v	2	0	50
1RB1RC_1RC0RA_1LA1LD_1LC0LC	nqh_1RB1RC_1RC0RA_1LA1LD_1LC0LC	theories/Machines/Bulk/Bulk_050.v	2	0	73
1RB1RC_1RC0RA_1LC1LD_0LD1LA	nqh_1RB1RC_1RC0RA_1LC1LD_0LD1LA	theories/Machines/Bulk/Bulk_050.v	3	0	134
1RB1RC_1RC0RB_0LD0RB_0LA1LD	nqh_1RB1RC_1RC0RB_0LD0RB_0LA1LD	theories/Machines/Bulk/Bulk_050.v	2	0	71
1RB1RC_1RC0RB_0LD1RB_0LA1LD	nqh_1RB1RC_1RC0RB_0LD1RB_0LA1LD	theories/Machines/Bulk/Bulk_050.v	2	0	77
1RB1RC_1RC1LB_0RD0LA_1LD0LB	nqh_1RB1RC_1RC1LB_0RD0LA_1LD0LB	theories/Machines/Bulk/Bulk_050.v	3	0	87
1RB1RC_1RC1LB_1LA0RD_1LD0LB	nqh_1RB1RC_1RC1LB_1LA0RD_1LD0LB	theories/Machines/Bulk/Bulk_050.v	2	0	51
1RB1RC_1RC1RA_1LA1LD_0LB0LC	nqh_1RB1RC_1RC1RA_1LA1LD_0LB0LC	theories/Machines/Bulk/Bulk_050.v	2	0	48
1RB1RC_1RC1RA_1LA1LD_0RA0LC	nqh_1RB1RC_1RC1RA_1LA1LD_0RA0LC	theories/Machines/Bulk/Bulk_050.v	2	0	53
1RB1RC_1RC1RA_1LA1LD_1LA0LC	nqh_1RB1RC_1RC1RA_1LA1LD_1LA0LC	theories/Machines/Bulk/Bulk_050.v	2	0	44
1RB1RC_1RC1RA_1LA1LD_1LB0LC	nqh_1RB1RC_1RC1RA_1LA1LD_1LB0LC	theories/Machines/Bulk/Bulk_050.v	2	0	45
1RB1RC_1RC1RB_0LD0RA_1LB1LD	nqh_1RB1RC_1RC1RB_0LD0RA_1LB1LD	theories/Machines/Bulk/Bulk_050.v	2	0	45
1RB1RC_1RC1RB_1LD0RA_1LB1LD	nqh_1RB1RC_1RC1RB_1LD0RA_1LB1LD	theories/Machines/Bulk/Bulk_050.v	2	0	37
1RB1RD_0LC0LD_1RD1LC_0RA1LB	nqh_1RB1RD_0LC0LD_1RD1LC_0RA1LB	theories/Machines/Bulk/Bulk_050.v	2	0	75
1RB1RD_0LC0RA_0LA1LD_1RA0LC	nqh_1RB1RD_0LC0RA_0LA1LD_1RA0LC	theories/Machines/Bulk/Bulk_050.v	2	0	48
1RB1RD_0LC0RA_0RA1LD_1RA0LC	nqh_1RB1RD_0LC0RA_0RA1LD_1RA0LC	theories/Machines/Bulk/Bulk_050.v	2	0	44
1RB1RD_0LC0RA_1LA1LD_1RA0LC	nqh_1RB1RD_0LC0RA_1LA1LD_1RA0LC	theories/Machines/Bulk/Bulk_050.v	2	0	53
1RB1RD_0LC0RA_1LD1RC_0RB1LB	nqh_1RB1RD_0LC0RA_1LD1RC_0RB1LB	theories/Machines/Bulk/Bulk_050.v	2	0	61
1RB1RD_0LC0RA_1RA1LD_1RA0LC	nqh_1RB1RD_0LC0RA_1RA1LD_1RA0LC	theories/Machines/Bulk/Bulk_050.v	2	0	44
1RB1RD_0LC0RB_0RA1LD_1RA0LC	nqh_1RB1RD_0LC0RB_0RA1LD_1RA0LC	theories/Machines/Bulk/Bulk_050.v	2	0	49
1RB1RD_0LC0RB_1LD1LC_1RA0LB	nqh_1RB1RD_0LC0RB_1LD1LC_1RA0LB	theories/Machines/Bulk/Bulk_050.v	2	0	91
1RB1RD_0LC0RB_1RA1LA_1LD0LA	nqh_1RB1RD_0LC0RB_1RA1LA_1LD0LA	theories/Machines/Bulk/Bulk_050.v	2	0	91
1RB1RD_0LC0RC_0RA1LD_1RA0LD	nqh_1RB1RD_0LC0RC_0RA1LD_1RA0LD	theories/Machines/Bulk/Bulk_050.v	2	0	60
1RB1RD_0LC1LA_1RC0RD_1LB1RB	nqh_1RB1RD_0LC1LA_1RC0RD_1LB1RB	theories/Machines/Bulk/Bulk_050.v	4	0	211
1RB1RD_0LC1LB_1LD1LA_0RA0RD	nqh_1RB1RD_0LC1LB_1LD1LA_0RA0RD	theories/Machines/Bulk/Bulk_050.v	2	0	64
1RB1RD_0LC1LB_1RC1LA_1RA0RA	nqh_1RB1RD_0LC1LB_1RC1LA_1RA0RA	theories/Machines/Bulk/Bulk_050.v	2	0	78
1RB1RD_0LC1LB_1RD1LA_0RA0RD	nqh_1RB1RD_0LC1LB_1RD1LA_0RA0RD	theories/Machines/Bulk/Bulk_050.v	2	0	77
1RB1RD_0LC1LB_1RD1LB_1RA0RD	nqh_1RB1RD_0LC1LB_1RD1LB_1RA0RD	theories/Machines/Bulk/Bulk_050.v	2	0	77
1RB1RD_0LC1LD_0RA1LC_1RA0LB	nqh_1RB1RD_0LC1LD_0RA1LC_1RA0LB	theories/Machines/Bulk/Bulk_050.v	4	0	138
1RB1RD_0LC1LD_0RA1LD_1RC0LD	nqh_1RB1RD_0LC1LD_0RA1LD_1RC0LD	theories/Machines/Bulk/Bulk_050.v	2	0	49
1RB1RD_0LC1LD_0RD1LC_1RA0LB	nqh_1RB1RD_0LC1LD_0RD1LC_1RA0LB	theories/Machines/Bulk/Bulk_050.v	4	0	135
1RB1RD_0LC1LD_1LD1LC_1RA0LB	nqh_1RB1RD_0LC1LD_1LD1LC_1RA0LB	theories/Machines/Bulk/Bulk_050.v	4	0	107
1RB1RD_0LC1RB_0RA1LD_1RC0LD	nqh_1RB1RD_0LC1RB_0RA1LD_1RC0LD	theories/Machines/Bulk/Bulk_050.v	2	0	52
1RB1RD_0LC1RB_0RB1LD_1LC0RA	nqh_1RB1RD_0LC1RB_0RB1LD_1LC0RA	theories/Machines/Bulk/Bulk_050.v	3	0	136
1RB1RD_0LC1RB_1LA1LD_1LC0RA	nqh_1RB1RD_0LC1RB_1LA1LD_1LC0RA	theories/Machines/Bulk/Bulk_050.v	4	0	119
1RB1RD_0LC1RB_1RB1LD_1LC0RA	nqh_1RB1RD_0LC1RB_1RB1LD_1LC0RA	theories/Machines/Bulk/Bulk_050.v	3	0	106
1RB1RD_0LC1RC_0RA0LD_1RA1LC	nqh_1RB1RD_0LC1RC_0RA0LD_1RA1LC	theories/Machines/Bulk/Bulk_050.v	2	0	62
1RB1RD_0LC1RC_1RA0RD_1LB1RA	nqh_1RB1RD_0LC1RC_1RA0RD_1LB1RA	theories/Machines/Bulk/Bulk_050.v	2	0	55
1RB1RD_0RC0LD_1LC0LA_1LB1LD	nqh_1RB1RD_0RC0LD_1LC0LA_1LB1LD	theories/Machines/Bulk/Bulk_051.v	3	0	106
1RB1RD_0RC0RA_1LC0LD_1RA0LD	nqh_1RB1RD_0RC0RA_1LC0LD_1RA0LD	theories/Machines/Bulk/Bulk_051.v	2	0	76
1RB1RD_0RC0RA_1LC1LA_1RA0LD	nqh_1RB1RD_0RC0RA_1LC1LA_1RA0LD	theories/Machines/Bulk/Bulk_051.v	2	0	77
1RB1RD_0RC1LB_1LC0LA_0LB---	nqh_1RB1RD_0RC1LB_1LC0LA_0LBXXX	theories/Machines/Bulk/Bulk_051.v	3	0	98
1RB1RD_0RC1LB_1LC0LA_0LD1LB	nqh_1RB1RD_0RC1LB_1LC0LA_0LD1LB	theories/Machines/Bulk/Bulk_051.v	3	0	98
1RB1RD_0RC1LB_1LC0LA_1LA0LB	nqh_1RB1RD_0RC1LB_1LC0LA_1LA0LB	theories/Machines/Bulk/Bulk_051.v	3	0	108
1RB1RD_0RC1LD_0LD0LA_1LB0RA	nqh_1RB1RD_0RC1LD_0LD0LA_1LB0RA	theories/Machines/Bulk/Bulk_051.v	3	0	115
1RB1RD_0RC1LD_0LD1RC_1LB0RA	nqh_1RB1RD_0RC1LD_0LD1RC_1LB0RA	theories/Machines/Bulk/Bulk_051.v	3	0	92
1RB1RD_0RC1LD_1LA0LA_1LB0RA	nqh_1RB1RD_0RC1LD_1LA0LA_1LB0RA	theories/Machines/Bulk/Bulk_051.v	3	0	101
1RB1RD_0RC1LD_1LA1RC_1LB0RA	nqh_1RB1RD_0RC1LD_1LA1RC_1LB0RA	theories/Machines/Bulk/Bulk_051.v	3	0	89
1RB1RD_0RC1LD_1LB1RC_1LB0RA	nqh_1RB1RD_0RC1LD_1LB1RC_1LB0RA	theories/Machines/Bulk/Bulk_051.v	3	0	91
1RB1RD_0RC1LD_1LD0LA_1LB0RA	nqh_1RB1RD_0RC1LD_1LD0LA_1LB0RA	theories/Machines/Bulk/Bulk_051.v	3	0	104
1RB1RD_0RC1LD_1LD1RC_1LB0RA	nqh_1RB1RD_0RC1LD_1LD1RC_1LB0RA	theories/Machines/Bulk/Bulk_051.v	3	0	91
1RB1RD_0RC1LD_1RD0LA_1LB0RA	nqh_1RB1RD_0RC1LD_1RD0LA_1LB0RA	theories/Machines/Bulk/Bulk_051.v	3	0	92
1RB1RD_0RC1LD_1RD1RC_1LB0RA	nqh_1RB1RD_0RC1LD_1RD1RC_1LB0RA	theories/Machines/Bulk/Bulk_051.v	3	0	88
1RB1RD_1LB0LC_1RD1LC_0RB0LA	nqh_1RB1RD_1LB0LC_1RD1LC_0RB0LA	theories/Machines/Bulk/Bulk_051.v	3	0	90
1RB1RD_1LB0LC_1RD1LC_1LA0RB	nqh_1RB1RD_1LB0LC_1RD1LC_1LA0RB	theories/Machines/Bulk/Bulk_051.v	2	0	54
1RB1RD_1LC0LA_1RD0LB_0RA1RC	nqh_1RB1RD_1LC0LA_1RD0LB_0RA1RC	theories/Machines/Bulk/Bulk_051.v	2	0	63
1RB1RD_1LC0LB_1LD1LB_0RA1RD	nqh_1RB1RD_1LC0LB_1LD1LB_0RA1RD	theories/Machines/Bulk/Bulk_051.v	2	0	73
1RB1RD_1LC0LB_1RA0LD_0RB1RB	nqh_1RB1RD_1LC0LB_1RA0LD_0RB1RB	theories/Machines/Bulk/Bulk_051.v	2	0	58
1RB1RD_1LC0LB_1RA1LB_0RA1RD	nqh_1RB1RD_1LC0LB_1RA1LB_0RA1RD	theories/Machines/Bulk/Bulk_051.v	2	0	75
1RB1RD_1LC0LB_1RA1LC_0RB1RB	nqh_1RB1RD_1LC0LB_1RA1LC_0RB1RB	theories/Machines/Bulk/Bulk_051.v	2	0	51
1RB1RD_1LC0LB_1RD1LB_0RA1RD	nqh_1RB1RD_1LC0LB_1RD1LB_0RA1RD	theories/Machines/Bulk/Bulk_051.v	2	0	67
1RB1RD_1LC0LB_1RD1LB_1RA0RD	nqh_1RB1RD_1LC0LB_1RD1LB_1RA0RD	theories/Machines/Bulk/Bulk_051.v	2	0	87
1RB1RD_1LC0LD_0RA0LB_1RA1RC	nqh_1RB1RD_1LC0LD_0RA0LB_1RA1RC	theories/Machines/Bulk/Bulk_051.v	2	0	83
1RB1RD_1LC0LD_0RA0LD_1LB0RA	nqh_1RB1RD_1LC0LD_0RA0LD_1LB0RA	theories/Machines/Bulk/Bulk_051.v	2	0	49
1RB1RD_1LC0LD_0RA1LB_0LC1RC	nqh_1RB1RD_1LC0LD_0RA1LB_0LC1RC	theories/Machines/Bulk/Bulk_051.v	2	0	74
1RB1RD_1LC0LD_0RA1LB_1RC0RA	nqh_1RB1RD_1LC0LD_0RA1LB_1RC0RA	theories/Machines/Bulk/Bulk_051.v	2	0	49
1RB1RD_1LC0LD_1RA0LB_0RA0RB	nqh_1RB1RD_1LC0LD_1RA0LB_0RA0RB	theories/Machines/Bulk/Bulk_051.v	2	0	77
1RB1RD_1LC0LD_1RD0LB_0RA1RC	nqh_1RB1RD_1LC0LD_1RD0LB_0RA1RC	theories/Machines/Bulk/Bulk_051.v	2	0	66
1RB1RD_1LC0RA_0RA1LD_1RA0LC	nqh_1RB1RD_1LC0RA_0RA1LD_1RA0LC	theories/Machines/Bulk/Bulk_051.v	3	0	217
1RB1RD_1LC0RA_0RD0LB_1RA0RD	nqh_1RB1RD_1LC0RA_0RD0LB_1RA0RD	theories/Machines/Bulk/Bulk_051.v	3	0	72
1RB1RD_1LC0RA_0RD0LB_1RA1LD	nqh_1RB1RD_1LC0RA_0RD0LB_1RA1LD	theories/Machines/Bulk/Bulk_051.v	3	0	74
1RB1RD_1LC0RA_1LA0LB_1RB1LC	nqh_1RB1RD_1LC0RA_1LA0LB_1RB1LC	theories/Machines/Bulk/Bulk_051.v	3	0	121
1RB1RD_1LC0RA_1LA0LB_1RB1RC	nqh_1RB1RD_1LC0RA_1LA0LB_1RB1RC	theories/Machines/Bulk/Bulk_051.v	5	0	381
1RB1RD_1LC0RA_1LA0LC_0RB0LD	nqh_1RB1RD_1LC0RA_1LA0LC_0RB0LD	theories/Machines/Bulk/Bulk_051.v	12	0	1237
1RB1RD_1LC0RA_1LA1LC_0LB0LC	nqh_1RB1RD_1LC0RA_1LA1LC_0LB0LC	theories/Machines/Bulk/Bulk_051.v	2	0	63
1RB1RD_1LC0RA_1LA1LD_1RA0LC	nqh_1RB1RD_1LC0RA_1LA1LD_1RA0LC	theories/Machines/Bulk/Bulk_051.v	3	0	226
1RB1RD_1LC0RA_1LD0LB_1RA0RC	nqh_1RB1RD_1LC0RA_1LD0LB_1RA0RC	theories/Machines/Bulk/Bulk_051.v	3	0	88
1RB1RD_1LC0RA_1LD0LB_1RA0RD	nqh_1RB1RD_1LC0RA_1LD0LB_1RA0RD	theories/Machines/Bulk/Bulk_051.v	3	0	117
1RB1RD_1LC0RA_1LD0LB_1RB0LA	nqh_1RB1RD_1LC0RA_1LD0LB_1RB0LA	theories/Machines/Bulk/Bulk_051.v	3	0	176
1RB1RD_1LC0RA_1LD0LB_1RB0LB	nqh_1RB1RD_1LC0RA_1LD0LB_1RB0LB	theories/Machines/Bulk/Bulk_051.v	3	0	108
1RB1RD_1LC0RA_1LD0LB_1RB1LB	nqh_1RB1RD_1LC0RA_1LD0LB_1RB1LB	theories/Machines/Bulk/Bulk_051.v	3	0	211
1RB1RD_1LC0RA_1LD1LB_0RB0RA	nqh_1RB1RD_1LC0RA_1LD1LB_0RB0RA	theories/Machines/Bulk/Bulk_051.v	2	0	34
1RB1RD_1LC0RA_1LD1LB_1RB0RA	nqh_1RB1RD_1LC0RA_1LD1LB_1RB0RA	theories/Machines/Bulk/Bulk_051.v	2	0	42
1RB1RD_1LC0RA_1RA0LB_0LD1RC	nqh_1RB1RD_1LC0RA_1RA0LB_0LD1RC	theories/Machines/Bulk/Bulk_051.v	3	0	73
1RB1RD_1LC0RA_1RA0LB_1LA1RA	nqh_1RB1RD_1LC0RA_1RA0LB_1LA1RA	theories/Machines/Bulk/Bulk_051.v	3	0	75
1RB1RD_1LC0RA_1RA0LB_1RA---	nqh_1RB1RD_1LC0RA_1RA0LB_1RAXXX	theories/Machines/Bulk/Bulk_051.v	3	0	64
1RB1RD_1LC0RA_1RA1LD_1RA0LC	nqh_1RB1RD_1LC0RA_1RA1LD_1RA0LC	theories/Machines/Bulk/Bulk_051.v	3	0	217
1RB1RD_1LC0RA_1RD0LB_1RA0RD	nqh_1RB1RD_1LC0RA_1RD0LB_1RA0RD	theories/Machines/Bulk/Bulk_051.v	3	0	72
1RB1RD_1LC0RA_1RD0LB_1RA1RD	nqh_1RB1RD_1LC0RA_1RD0LB_1RA1RD	theories/Machines/Bulk/Bulk_052.v	3	0	65
1RB1RD_1LC0RB_0RA0LB_1RA0RA	nqh_1RB1RD_1LC0RB_0RA0LB_1RA0RA	theories/Machines/Bulk/Bulk_052.v	2	0	85
1RB1RD_1LC0RB_1RA1LD_1RB0LD	nqh_1RB1RD_1LC0RB_1RA1LD_1RB0LD	theories/Machines/Bulk/Bulk_052.v	2	0	81
1RB1RD_1LC0RC_0RA1LD_1RC0LD	nqh_1RB1RD_1LC0RC_0RA1LD_1RC0LD	theories/Machines/Bulk/Bulk_052.v	2	0	76
1RB1RD_1LC0RC_1RA0LD_1RC0LB	nqh_1RB1RD_1LC0RC_1RA0LD_1RC0LB	theories/Machines/Bulk/Bulk_052.v	2	0	73
1RB1RD_1LC0RC_1RA1LD_1RA0LC	nqh_1RB1RD_1LC0RC_1RA1LD_1RA0LC	theories/Machines/Bulk/Bulk_052.v	3	0	182
1RB1RD_1LC0RD_0RA1LD_1RA0LC	nqh_1RB1RD_1LC0RD_0RA1LD_1RA0LC	theories/Machines/Bulk/Bulk_052.v	3	0	270
1RB1RD_1LC0RD_1RA1LD_1RA0LC	nqh_1RB1RD_1LC0RD_1RA1LD_1RA0LC	theories/Machines/Bulk/Bulk_052.v	3	0	184
1RB1RD_1LC1LA_0RA0LB_1RA0RA	nqh_1RB1RD_1LC1LA_0RA0LB_1RA0RA	theories/Machines/Bulk/Bulk_052.v	2	0	73
1RB1RD_1LC1LA_0RA1LB_0LB0RA	nqh_1RB1RD_1LC1LA_0RA1LB_0LB0RA	theories/Machines/Bulk/Bulk_052.v	2	0	51
1RB1RD_1LC1LA_0RA1LB_1RB0RA	nqh_1RB1RD_1LC1LA_0RA1LB_1RB0RA	theories/Machines/Bulk/Bulk_052.v	2	0	43
1RB1RD_1LC1LA_0RA1LB_1RC0RA	nqh_1RB1RD_1LC1LA_0RA1LB_1RC0RA	theories/Machines/Bulk/Bulk_052.v	2	0	41
1RB1RD_1LC1LA_1LA0LB_1RA0RA	nqh_1RB1RD_1LC1LA_1LA0LB_1RA0RA	theories/Machines/Bulk/Bulk_052.v	2	0	73
1RB1RD_1LC1LA_1LA1LB_0LB0RA	nqh_1RB1RD_1LC1LA_1LA1LB_0LB0RA	theories/Machines/Bulk/Bulk_052.v	2	0	51
1RB1RD_1LC1LA_1LA1LB_0RC0RA	nqh_1RB1RD_1LC1LA_1LA1LB_0RC0RA	theories/Machines/Bulk/Bulk_052.v	2	0	46
1RB1RD_1LC1LA_1LA1LB_1RB0RA	nqh_1RB1RD_1LC1LA_1LA1LB_1RB0RA	theories/Machines/Bulk/Bulk_052.v	2	0	42
1RB1RD_1LC1LA_1LA1LB_1RC0RA	nqh_1RB1RD_1LC1LA_1LA1LB_1RC0RA	theories/Machines/Bulk/Bulk_052.v	2	0	43
1RB1RD_1LC1LA_1LD1LB_0RB0RA	nqh_1RB1RD_1LC1LA_1LD1LB_0RB0RA	theories/Machines/Bulk/Bulk_052.v	2	0	51
1RB1RD_1LC1LA_1LD1LB_1RB0RA	nqh_1RB1RD_1LC1LA_1LD1LB_1RB0RA	theories/Machines/Bulk/Bulk_052.v	2	0	49
1RB1RD_1LC1LA_1RA0LB_1RA0RA	nqh_1RB1RD_1LC1LA_1RA0LB_1RA0RA	theories/Machines/Bulk/Bulk_052.v	2	0	73
1RB1RD_1LC1LA_1RA1LB_0LB0RA	nqh_1RB1RD_1LC1LA_1RA1LB_0LB0RA	theories/Machines/Bulk/Bulk_052.v	2	0	51
1RB1RD_1LC1LA_1RA1LB_0RC0RA	nqh_1RB1RD_1LC1LA_1RA1LB_0RC0RA	theories/Machines/Bulk/Bulk_052.v	2	0	47
1RB1RD_1LC1LA_1RA1LB_1RB0RA	nqh_1RB1RD_1LC1LA_1RA1LB_1RB0RA	theories/Machines/Bulk/Bulk_052.v	2	0	45
1RB1RD_1LC1LA_1RA1LB_1RC0RA	nqh_1RB1RD_1LC1LA_1RA1LB_1RC0RA	theories/Machines/Bulk/Bulk_052.v	2	0	47
1RB1RD_1LC1LA_1RC1LB_0LB0RA	nqh_1RB1RD_1LC1LA_1RC1LB_0LB0RA	theories/Machines/Bulk/Bulk_052.v	2	0	53
1RB1RD_1LC1LA_1RC1LB_1RB0RA	nqh_1RB1RD_1LC1LA_1RC1LB_1RB0RA	theories/Machines/Bulk/Bulk_052.v	2	0	42
1RB1RD_1LC1LB_0LA0RA_1LB1RA	nqh_1RB1RD_1LC1LB_0LA0RA_1LB1RA	theories/Machines/Bulk/Bulk_052.v	2	0	59
1RB1RD_1LC1LB_0RC0RA_1LB1RA	nqh_1RB1RD_1LC1LB_0RC0RA_1LB1RA	theories/Machines/Bulk/Bulk_052.v	2	0	45
1RB1RD_1LC1LB_0RD0LC_1LB1RA	nqh_1RB1RD_1LC1LB_0RD0LC_1LB1RA	theories/Machines/Bulk/Bulk_052.v	2	0	56
1RB1RD_1LC1LB_0RD0RA_1LB1RA	nqh_1RB1RD_1LC1LB_0RD0RA_1LB1RA	theories/Machines/Bulk/Bulk_052.v	2	0	52
1RB1RD_1LC1LB_1RA0LB_0RA0RD	nqh_1RB1RD_1LC1LB_1RA0LB_0RA0RD	theories/Machines/Bulk/Bulk_052.v	2	0	98
1RB1RD_1LC1LB_1RA0LB_0RB0LD	nqh_1RB1RD_1LC1LB_1RA0LB_0RB0LD	theories/Machines/Bulk/Bulk_052.v	2	0	58
1RB1RD_1LC1LB_1RA0LB_0RC0RD	nqh_1RB1RD_1LC1LB_1RA0LB_0RC0RD	theories/Machines/Bulk/Bulk_052.v	2	0	90
1RB1RD_1LC1LB_1RA0LB_1RA0RC	nqh_1RB1RD_1LC1LB_1RA0LB_1RA0RC	theories/Machines/Bulk/Bulk_052.v	2	0	72
1RB1RD_1LC1LB_1RA0RA_1LB1RA	nqh_1RB1RD_1LC1LB_1RA0RA_1LB1RA	theories/Machines/Bulk/Bulk_052.v	2	0	47
1RB1RD_1LC1LB_1RC0RA_1LB1RA	nqh_1RB1RD_1LC1LB_1RC0RA_1LB1RA	theories/Machines/Bulk/Bulk_052.v	2	0	45
1RB1RD_1LC1LB_1RD0RA_1LB1RA	nqh_1RB1RD_1LC1LB_1RD0RA_1LB1RA	theories/Machines/Bulk/Bulk_052.v	2	0	45
1RB1RD_1LC1LB_1RD1RC_0LB0RA	nqh_1RB1RD_1LC1LB_1RD1RC_0LB0RA	theories/Machines/Bulk/Bulk_052.v	2	0	48
1RB1RD_1LC1LD_0LD1LC_1RA0LB	nqh_1RB1RD_1LC1LD_0LD1LC_1RA0LB	theories/Machines/Bulk/Bulk_052.v	4	0	110
1RB1RD_1LC1LD_0RA0LB_1LB0RA	nqh_1RB1RD_1LC1LD_0RA0LB_1LB0RA	theories/Machines/Bulk/Bulk_052.v	2	0	53
1RB1RD_1LC1LD_0RA1LC_1RA0LB	nqh_1RB1RD_1LC1LD_0RA1LC_1RA0LB	theories/Machines/Bulk/Bulk_052.v	4	0	121
1RB1RD_1LC1LD_0RB1LC_1RA0LB	nqh_1RB1RD_1LC1LD_0RB1LC_1RA0LB	theories/Machines/Bulk/Bulk_052.v	4	0	99
1RB1RD_1LC1LD_1LA0LB_1LB0RA	nqh_1RB1RD_1LC1LD_1LA0LB_1LB0RA	theories/Machines/Bulk/Bulk_052.v	2	0	57
1RB1RD_1LC1LD_1RA0LB_1LB0RA	nqh_1RB1RD_1LC1LD_1RA0LB_1LB0RA	theories/Machines/Bulk/Bulk_052.v	3	0	220
1RB1RD_1LC1LD_1RA1LC_1RA0LB	nqh_1RB1RD_1LC1LD_1RA1LC_1RA0LB	theories/Machines/Bulk/Bulk_052.v	4	0	93
1RB1RD_1LC1LD_1RB0LB_1LB0RA	nqh_1RB1RD_1LC1LD_1RB0LB_1LB0RA	theories/Machines/Bulk/Bulk_052.v	2	0	57
1RB1RD_1LC1LD_1RD0LB_1LB0RA	nqh_1RB1RD_1LC1LD_1RD0LB_1LB0RA	theories/Machines/Bulk/Bulk_052.v	3	0	207
1RB1RD_1LC1LD_1RD0RA_0LB1RC	nqh_1RB1RD_1LC1LD_1RD0RA_0LB1RC	theories/Machines/Bulk/Bulk_052.v	2	0	55
1RB1RD_1LC1LD_1RD1LC_1RA0LB	nqh_1RB1RD_1LC1LD_1RD1LC_1RA0LB	theories/Machines/Bulk/Bulk_052.v	4	0	105
1RB1RD_1LC1RA_1LD0LC_0RA0LA	nqh_1RB1RD_1LC1RA_1LD0LC_0RA0LA	theories/Machines/Bulk/Bulk_052.v	2	0	83
1RB1RD_1LC1RA_1LD1LB_0RB0RA	nqh_1RB1RD_1LC1RA_1LD1LB_0RB0RA	theories/Machines/Bulk/Bulk_053.v	2	0	50
1RB1RD_1LC1RA_1RB1LD_0LB0LC	nqh_1RB1RD_1LC1RA_1RB1LD_0LB0LC	theories/Machines/Bulk/Bulk_053.v	2	0	51
1RB1RD_1LC1RA_1RB1LD_1RB0LC	nqh_1RB1RD_1LC1RA_1RB1LD_1RB0LC	theories/Machines/Bulk/Bulk_053.v	2	0	51
1RB1RD_1LC1RB_0RA0LB_1RA0RD	nqh_1RB1RD_1LC1RB_0RA0LB_1RA0RD	theories/Machines/Bulk/Bulk_053.v	2	0	78
1RB1RD_1LC1RB_0RB1LD_1LC0RA	nqh_1RB1RD_1LC1RB_0RB1LD_1LC0RA	theories/Machines/Bulk/Bulk_053.v	3	0	92
1RB1RD_1LC1RB_0RD1LD_0LB0RA	nqh_1RB1RD_1LC1RB_0RD1LD_0LB0RA	theories/Machines/Bulk/Bulk_053.v	2	0	66
1RB1RD_1LC1RB_1LA1LD_1LC0RA	nqh_1RB1RD_1LC1RB_1LA1LD_1LC0RA	theories/Machines/Bulk/Bulk_053.v	4	0	89
1RB1RD_1LC1RB_1RA0LB_0RA0RD	nqh_1RB1RD_1LC1RB_1RA0LB_0RA0RD	theories/Machines/Bulk/Bulk_053.v	2	0	80
1RB1RD_1LC1RB_1RA0LB_1RA0RD	nqh_1RB1RD_1LC1RB_1RA0LB_1RA0RD	theories/Machines/Bulk/Bulk_053.v	2	0	70
1RB1RD_1LC1RB_1RB1LD_1LC0RA	nqh_1RB1RD_1LC1RB_1RB1LD_1LC0RA	theories/Machines/Bulk/Bulk_053.v	3	0	81
1RB1RD_1LC1RB_1RD0LB_1RA0RD	nqh_1RB1RD_1LC1RB_1RD0LB_1RA0RD	theories/Machines/Bulk/Bulk_053.v	2	0	72
1RB1RD_1LC1RB_1RD1LD_0LB0RA	nqh_1RB1RD_1LC1RB_1RD1LD_0LB0RA	theories/Machines/Bulk/Bulk_053.v	2	0	61
1RB1RD_1LC1RC_1LD0RC_1LA0LB	nqh_1RB1RD_1LC1RC_1LD0RC_1LA0LB	theories/Machines/Bulk/Bulk_053.v	2	0	61
1RB1RD_1LC1RD_1LA0LB_0RA0RC	nqh_1RB1RD_1LC1RD_1LA0LB_0RA0RC	theories/Machines/Bulk/Bulk_053.v	2	0	66
1RB1RD_1LC1RD_1LA0LB_0RB0RC	nqh_1RB1RD_1LC1RD_1LA0LB_0RB0RC	theories/Machines/Bulk/Bulk_053.v	3	0	132
1RB1RD_1LC1RD_1RD0LB_0RA1RC	nqh_1RB1RD_1LC1RD_1RD0LB_0RA1RC	theories/Machines/Bulk/Bulk_053.v	2	0	56
1RB1RD_1RC0LB_1LD0RC_1RA1LB	nqh_1RB1RD_1RC0LB_1LD0RC_1RA1LB	theories/Machines/Bulk/Bulk_053.v	2	0	90
1RB1RD_1RC0LD_0LA0RC_1LB1RC	nqh_1RB1RD_1RC0LD_0LA0RC_1LB1RC	theories/Machines/Bulk/Bulk_053.v	2	0	73
1RB1RD_1RC0LD_0LA0RC_1LB1RD	nqh_1RB1RD_1RC0LD_0LA0RC_1LB1RD	theories/Machines/Bulk/Bulk_053.v	2	0	69
1RB1RD_1RC0RA_0LC1LD_1RA0LB	nqh_1RB1RD_1RC0RA_0LC1LD_1RA0LB	theories/Machines/Bulk/Bulk_053.v	2	0	46
1RB1RD_1RC0RA_1LA0LD_1RA1LC	nqh_1RB1RD_1RC0RA_1LA0LD_1RA1LC	theories/Machines/Bulk/Bulk_053.v	2	0	76
1RB1RD_1RC0RA_1LA1LC_0LB0LC	nqh_1RB1RD_1RC0RA_1LA1LC_0LB0LC	theories/Machines/Bulk/Bulk_053.v	2	0	71
1RB1RD_1RC0RA_1LA1LD_1RA0LC	nqh_1RB1RD_1RC0RA_1LA1LD_1RA0LC	theories/Machines/Bulk/Bulk_053.v	2	0	57
1RB1RD_1RC0RA_1LD0LB_1RA0LC	nqh_1RB1RD_1RC0RA_1LD0LB_1RA0LC	theories/Machines/Bulk/Bulk_053.v	2	0	78
1RB1RD_1RC0RB_1LD0RA_1LA0LC	nqh_1RB1RD_1RC0RB_1LD0RA_1LA0LC	theories/Machines/Bulk/Bulk_053.v	2	0	83
1RB1RD_1RC0RB_1LD0RA_1RA0LC	nqh_1RB1RD_1RC0RB_1LD0RA_1RA0LC	theories/Machines/Bulk/Bulk_053.v	2	0	98
1RB1RD_1RC1LC_0RD0LB_1LD0LA	nqh_1RB1RD_1RC1LC_0RD0LB_1LD0LA	theories/Machines/Bulk/Bulk_053.v	2	0	53
1RB1RD_1RC1LD_1LD1RC_1LB0RA	nqh_1RB1RD_1RC1LD_1LD1RC_1LB0RA	theories/Machines/Bulk/Bulk_053.v	3	0	74
1RB1RD_1RC1RA_0LA0LD_1LA1LC	nqh_1RB1RD_1RC1RA_0LA0LD_1LA1LC	theories/Machines/Bulk/Bulk_053.v	2	0	53
1RB1RD_1RC1RA_0LA0RB_1LD0LC	nqh_1RB1RD_1RC1RA_0LA0RB_1LD0LC	theories/Machines/Bulk/Bulk_053.v	2	0	80
1RB1RD_1RC1RA_1LA0LD_1LA1LC	nqh_1RB1RD_1RC1RA_1LA0LD_1LA1LC	theories/Machines/Bulk/Bulk_053.v	2	0	51
1RB1RD_1RC1RB_0LD0RB_1LD0LA	nqh_1RB1RD_1RC1RB_0LD0RB_1LD0LA	theories/Machines/Bulk/Bulk_053.v	2	0	55
