machine	theorem	file	tier	method	n	t	contexts
0RB---_1LA1RC_1LD0RC_0LD0LA	nqh_0RBXXX_1LA1RC_1LD0RC_0LD0LA	theories/Machines/ListCStage3/LCS3_fuel_00.v	R_NeverQH	fuel	2	0	94
0RB---_1LA1RC_1LD0RC_0LD1LA	nqh_0RBXXX_1LA1RC_1LD0RC_0LD1LA	theories/Machines/ListCStage3/LCS3_fuel_00.v	R_NeverQH	fuel	2	0	73
0RB---_1RC---_1LD0RC_0LD0LA	nqh_0RBXXX_1RCXXX_1LD0RC_0LD0LA	theories/Machines/ListCStage3/LCS3_fuel_00.v	R_NeverQH	fuel	2	0	99
0RB---_1RC0LA_1LD0RC_0LD1LA	nqh_0RBXXX_1RC0LA_1LD0RC_0LD1LA	theories/Machines/ListCStage3/LCS3_fuel_00.v	R_NeverQH	fuel	2	0	83
0RB---_1RC1RC_1LD0RC_0LD1LA	nqh_0RBXXX_1RC1RC_1LD0RC_0LD1LA	theories/Machines/ListCStage3/LCS3_fuel_00.v	R_NeverQH	fuel	2	0	69
0RB---_1RC1RD_0LC1LA_1LC0RD	nqh_0RBXXX_1RC1RD_0LC1LA_1LC0RD	theories/Machines/ListCStage3/LCS3_fuel_00.v	R_NeverQH	fuel	2	0	84
0RB0LA_1LC1RB_0RD0LC_1RD1LA	nqh_0RB0LA_1LC1RB_0RD0LC_1RD1LA	theories/Machines/ListCStage3/LCS3_fuel_00.v	R_NeverQH	fuel	2	0	107
0RB0LA_1RC0LD_1LA0RC_1LD1RB	nqh_0RB0LA_1RC0LD_1LA0RC_1LD1RB	theories/Machines/ListCStage3/LCS3_fuel_00.v	R_NeverQH	fuel	2	0	291
0RB0LA_1RC1LC_0LC1RD_1LA0RD	nqh_0RB0LA_1RC1LC_0LC1RD_1LA0RD	theories/Machines/ListCStage3/LCS3_fuel_00.v	R_NeverQH	fuel	2	0	197
0RB0LA_1RC1LD_1LA0RC_0LD0LA	nqh_0RB0LA_1RC1LD_1LA0RC_0LD0LA	theories/Machines/ListCStage3/LCS3_fuel_00.v	R_NeverQH	fuel	2	0	119
0RB0LA_1RC1LD_1LA0RC_0LD1RC	nqh_0RB0LA_1RC1LD_1LA0RC_0LD1RC	theories/Machines/ListCStage3/LCS3_fuel_00.v	R_NeverQH	fuel	2	0	103
0RB0LA_1RC1RB_0LD0RC_1LD1LA	nqh_0RB0LA_1RC1RB_0LD0RC_1LD1LA	theories/Machines/ListCStage3/LCS3_fuel_00.v	R_NeverQH	fuel	2	0	263
0RB0LB_1LC1RA_0LD0LC_1RD1LB	nqh_0RB0LB_1LC1RA_0LD0LC_1RD1LB	theories/Machines/ListCStage3/LCS3_fuel_00.v	R_NeverQH	fuel	2	0	183
0RB0LC_1LA1LC_0RD0LA_1RD1RB	nqh_0RB0LC_1LA1LC_0RD0LA_1RD1RB	theories/Machines/ListCStage3/LCS3_fuel_00.v	R_NeverQH	fuel	2	0	122
0RB0LC_1LA1LC_1RD0LC_0RD1LA	nqh_0RB0LC_1LA1LC_1RD0LC_0RD1LA	theories/Machines/ListCStage3/LCS3_fuel_00.v	R_NeverQH	fuel	2	0	79
0RB0LC_1LA1RB_0RD0LA_1RD1LB	nqh_0RB0LC_1LA1RB_0RD0LA_1RD1LB	theories/Machines/ListCStage3/LCS3_fuel_00.v	R_NeverQH	fuel	2	0	131
0RB0LC_1LA1RB_0RD0LA_1RD1RB	nqh_0RB0LC_1LA1RB_0RD0LA_1RD1RB	theories/Machines/ListCStage3/LCS3_fuel_00.v	R_NeverQH	fuel	2	0	109
0RB0LC_1LC0LA_1RD0LC_0RD1LA	nqh_0RB0LC_1LC0LA_1RD0LC_0RD1LA	theories/Machines/ListCStage3/LCS3_fuel_00.v	R_NeverQH	fuel	2	0	87
0RB0LC_1LC0LA_1RD1RB_0RD1LA	nqh_0RB0LC_1LC0LA_1RD1RB_0RD1LA	theories/Machines/ListCStage3/LCS3_fuel_00.v	R_NeverQH	fuel	2	0	115
0RB0LC_1LC1LA_0RD0LA_1RD1RB	nqh_0RB0LC_1LC1LA_0RD0LA_1RD1RB	theories/Machines/ListCStage3/LCS3_fuel_00.v	R_NeverQH	fuel	2	0	89
0RB0LC_1LC1LC_1RD0LC_0RD1LA	nqh_0RB0LC_1LC1LC_1RD0LC_0RD1LA	theories/Machines/ListCStage3/LCS3_fuel_00.v	R_NeverQH	fuel	2	0	75
0RB0LC_1LC1RB_0RD0LA_1RD1RB	nqh_0RB0LC_1LC1RB_0RD0LA_1RD1RB	theories/Machines/ListCStage3/LCS3_fuel_00.v	R_NeverQH	fuel	2	0	73
0RB0LC_1RC1RD_0LC1LA_1LB0RD	nqh_0RB0LC_1RC1RD_0LC1LA_1LB0RD	theories/Machines/ListCStage3/LCS3_fuel_00.v	R_NeverQH	fuel	2	0	109
0RB0LD_1LC1LD_0RC1LA_1RC0LD	nqh_0RB0LD_1LC1LD_0RC1LA_1RC0LD	theories/Machines/ListCStage3/LCS3_fuel_00.v	R_NeverQH	fuel	2	0	83
0RB0RB_1LC1RA_0LD0LC_1RD1LB	nqh_0RB0RB_1LC1RA_0LD0LC_1RD1LB	theories/Machines/ListCStage3/LCS3_fuel_00.v	R_NeverQH	fuel	2	0	155
0RB1LA_1LC1RB_1RD0LC_0RD0LA	nqh_0RB1LA_1LC1RB_1RD0LC_0RD0LA	theories/Machines/ListCStage3/LCS3_fuel_00.v	R_NeverQH	fuel	2	0	177
0RB1LB_1RC1LD_1LA0RC_0LD0RB	nqh_0RB1LB_1RC1LD_1LA0RC_0LD0RB	theories/Machines/ListCStage3/LCS3_fuel_00.v	R_NeverQH	fuel	2	0	67
0RB1LC_1LA0LC_1RB1RD_0RD0LA	nqh_0RB1LC_1LA0LC_1RB1RD_0RD0LA	theories/Machines/ListCStage3/LCS3_fuel_00.v	R_NeverQH	fuel	2	0	125
0RB1LC_1LA1RC_0LC1RD_1RB0RD	nqh_0RB1LC_1LA1RC_0LC1RD_1RB0RD	theories/Machines/ListCStage3/LCS3_fuel_00.v	R_NeverQH	fuel	2	0	155
0RB1LC_1RC1RD_0LC1LA_1LB0RD	nqh_0RB1LC_1RC1RD_0LC1LA_1LB0RD	theories/Machines/ListCStage3/LCS3_fuel_00.v	R_NeverQH	fuel	2	0	115
0RB1LC_1RC1RD_0LC1LB_1LA0RD	nqh_0RB1LC_1RC1RD_0LC1LB_1LA0RD	theories/Machines/ListCStage3/LCS3_fuel_00.v	R_NeverQH	fuel	2	0	139
0RB1LD_1LA1RC_1RB0RC_0LD0LB	nqh_0RB1LD_1LA1RC_1RB0RC_0LD0LB	theories/Machines/ListCStage3/LCS3_fuel_00.v	R_NeverQH	fuel	3	0	245
0RB1LD_1LA1RC_1RB0RC_0LD1RB	nqh_0RB1LD_1LA1RC_1RB0RC_0LD1RB	theories/Machines/ListCStage3/LCS3_fuel_00.v	R_NeverQH	fuel	3	0	142
0RB1LD_1LA1RC_1RB0RC_0LD1RC	nqh_0RB1LD_1LA1RC_1RB0RC_0LD1RC	theories/Machines/ListCStage3/LCS3_fuel_00.v	R_NeverQH	fuel	2	0	127
0RB1LD_1LA1RC_1RD0RC_0LD1RB	nqh_0RB1LD_1LA1RC_1RD0RC_0LD1RB	theories/Machines/ListCStage3/LCS3_fuel_00.v	R_NeverQH	fuel	3	0	262
0RB1LD_1LC0LA_0RC1RB_1RC0LD	nqh_0RB1LD_1LC0LA_0RC1RB_1RC0LD	theories/Machines/ListCStage3/LCS3_fuel_00.v	R_NeverQH	fuel	2	0	101
0RB1LD_1LC1LA_0RC1RB_1RC0LD	nqh_0RB1LD_1LC1LA_0RC1RB_1RC0LD	theories/Machines/ListCStage3/LCS3_fuel_00.v	R_NeverQH	fuel	2	0	115
0RB1LD_1LC1RC_1LA0RC_0LD0RB	nqh_0RB1LD_1LC1RC_1LA0RC_0LD0RB	theories/Machines/ListCStage3/LCS3_fuel_00.v	R_NeverQH	fuel	2	0	109
0RB1RB_1LA1LC_1RD0LC_0RD0LA	nqh_0RB1RB_1LA1LC_1RD0LC_0RD0LA	theories/Machines/ListCStage3/LCS3_fuel_00.v	R_NeverQH	fuel	2	0	115
0RB1RB_1LA1LC_1RD0LC_0RD1LA	nqh_0RB1RB_1LA1LC_1RD0LC_0RD1LA	theories/Machines/ListCStage3/LCS3_fuel_00.v	R_NeverQH	fuel	2	0	91
0RB1RB_1LC---_1RD0LC_0RD0LA	nqh_0RB1RB_1LCXXX_1RD0LC_0RD0LA	theories/Machines/ListCStage3/LCS3_fuel_00.v	R_NeverQH	fuel	2	0	87
0RB1RB_1LC0LA_1RD0LC_0RD1LA	nqh_0RB1RB_1LC0LA_1RD0LC_0RD1LA	theories/Machines/ListCStage3/LCS3_fuel_00.v	R_NeverQH	fuel	2	0	111
0RB1RB_1LC0LC_1RD1LA_0RD0LA	nqh_0RB1RB_1LC0LC_1RD1LA_0RD0LA	theories/Machines/ListCStage3/LCS3_fuel_00.v	R_NeverQH	fuel	2	0	121
0RB1RB_1LC0LC_1RD1LA_0RD1LC	nqh_0RB1RB_1LC0LC_1RD1LA_0RD1LC	theories/Machines/ListCStage3/LCS3_fuel_00.v	R_NeverQH	fuel	2	0	97
0RB1RB_1LC0LD_0RC1LD_1RC1LA	nqh_0RB1RB_1LC0LD_0RC1LD_1RC1LA	theories/Machines/ListCStage3/LCS3_fuel_00.v	R_NeverQH	fuel	2	0	101
0RB1RB_1LC0RA_0LD0LC_1RD1LB	nqh_0RB1RB_1LC0RA_0LD0LC_1RD1LB	theories/Machines/ListCStage3/LCS3_fuel_00.v	R_NeverQH	fuel	2	0	185
0RB1RB_1LC1LC_1RD0LC_0RD1LA	nqh_0RB1RB_1LC1LC_1RD0LC_0RD1LA	theories/Machines/ListCStage3/LCS3_fuel_00.v	R_NeverQH	fuel	2	0	87
0RB1RB_1LC1LD_0RC1LA_1RC0LD	nqh_0RB1RB_1LC1LD_0RC1LA_1RC0LD	theories/Machines/ListCStage3/LCS3_fuel_00.v	R_NeverQH	fuel	2	0	95
0RB1RB_1LC1RC_0RC1LD_1LA0LD	nqh_0RB1RB_1LC1RC_0RC1LD_1LA0LD	theories/Machines/ListCStage3/LCS3_fuel_00.v	R_NeverQH	fuel	2	0	132
0RB1RB_1LC1RD_1LA0LC_0RD0LA	nqh_0RB1RB_1LC1RD_1LA0LC_0RD0LA	theories/Machines/ListCStage3/LCS3_fuel_00.v	R_NeverQH	fuel	2	0	156
0RB1RB_1LC1RD_1LA0LC_0RD1LC	nqh_0RB1RB_1LC1RD_1LA0LC_0RD1LC	theories/Machines/ListCStage3/LCS3_fuel_01.v	R_NeverQH	fuel	2	0	128
0RB1RB_1RC0RC_1LD1LA_0LD0LA	nqh_0RB1RB_1RC0RC_1LD1LA_0LD0LA	theories/Machines/ListCStage3/LCS3_fuel_01.v	R_NeverQH	fuel	2	0	129
0RB1RB_1RC0RC_1LD1LA_0LD1RC	nqh_0RB1RB_1RC0RC_1LD1LA_0LD1RC	theories/Machines/ListCStage3/LCS3_fuel_01.v	R_NeverQH	fuel	2	0	99
0RB1RB_1RC0RD_0LC1RD_1LC1LA	nqh_0RB1RB_1RC0RD_0LC1RD_1LC1LA	theories/Machines/ListCStage3/LCS3_fuel_01.v	R_NeverQH	fuel	2	0	107
0RB1RB_1RC1LC_0LC1RD_1LA0RD	nqh_0RB1RB_1RC1LC_0LC1RD_1LA0RD	theories/Machines/ListCStage3/LCS3_fuel_01.v	R_NeverQH	fuel	2	0	113
0RB1RB_1RC1LD_1LA0RC_0LD0LA	nqh_0RB1RB_1RC1LD_1LA0RC_0LD0LA	theories/Machines/ListCStage3/LCS3_fuel_01.v	R_NeverQH	fuel	2	0	135
0RB1RB_1RC1LD_1LA0RC_0LD1RC	nqh_0RB1RB_1RC1LD_1LA0RC_0LD1RC	theories/Machines/ListCStage3/LCS3_fuel_01.v	R_NeverQH	fuel	2	0	105
0RB1RC_1LA1RB_0LD0RC_1LD0LA	nqh_0RB1RC_1LA1RB_0LD0RC_1LD0LA	theories/Machines/ListCStage3/LCS3_fuel_01.v	R_NeverQH	fuel	2	0	267
0RB1RC_1LA1RB_1LD0RC_0LD0LA	nqh_0RB1RC_1LA1RB_1LD0RC_0LD0LA	theories/Machines/ListCStage3/LCS3_fuel_01.v	R_NeverQH	fuel	2	0	92
0RB1RC_1LA1RB_1LD0RC_0LD1LA	nqh_0RB1RC_1LA1RB_1LD0RC_0LD1LA	theories/Machines/ListCStage3/LCS3_fuel_01.v	R_NeverQH	fuel	2	0	78
0RB1RC_1LA1RB_1LD0RC_0LD1LB	nqh_0RB1RC_1LA1RB_1LD0RC_0LD1LB	theories/Machines/ListCStage3/LCS3_fuel_01.v	R_NeverQH	fuel	2	0	187
0RB1RC_1LA1RB_1LD0RC_0LD1RB	nqh_0RB1RC_1LA1RB_1LD0RC_0LD1RB	theories/Machines/ListCStage3/LCS3_fuel_01.v	R_NeverQH	fuel	2	0	73
0RB1RC_1LC1RD_1LA0LC_0RD1LC	nqh_0RB1RC_1LC1RD_1LA0LC_0RD1LC	theories/Machines/ListCStage3/LCS3_fuel_01.v	R_NeverQH	fuel	2	0	102
0RB1RC_1RC1LD_1LA0RC_0LD0LA	nqh_0RB1RC_1RC1LD_1LA0RC_0LD0LA	theories/Machines/ListCStage3/LCS3_fuel_01.v	R_NeverQH	fuel	2	0	105
0RB1RC_1RC1LD_1LA0RC_0LD1RC	nqh_0RB1RC_1RC1LD_1LA0RC_0LD1RC	theories/Machines/ListCStage3/LCS3_fuel_01.v	R_NeverQH	fuel	2	0	89
0RB1RC_1RC1RB_1LD0RC_0LD1LA	nqh_0RB1RC_1RC1RB_1LD0RC_0LD1LA	theories/Machines/ListCStage3/LCS3_fuel_01.v	R_NeverQH	fuel	2	0	171
0RB1RD_1LA1LC_1RB0LC_0RD0LA	nqh_0RB1RD_1LA1LC_1RB0LC_0RD0LA	theories/Machines/ListCStage3/LCS3_fuel_01.v	R_NeverQH	fuel	2	0	131
0RB1RD_1LA1RC_0LC1RB_1LC0RD	nqh_0RB1RD_1LA1RC_0LC1RB_1LC0RD	theories/Machines/ListCStage3/LCS3_fuel_01.v	R_NeverQH	fuel	2	0	81
0RB1RD_1LC1RC_0RC1LD_1LA0LD	nqh_0RB1RD_1LC1RC_0RC1LD_1LA0LD	theories/Machines/ListCStage3/LCS3_fuel_01.v	R_NeverQH	fuel	2	0	106
0RB1RD_1RC0RA_0LC1LB_1LC0RD	nqh_0RB1RD_1RC0RA_0LC1LB_1LC0RD	theories/Machines/ListCStage3/LCS3_fuel_01.v	R_NeverQH	fuel	2	0	105
0RB1RD_1RC1LC_0LC1RD_1LA0RD	nqh_0RB1RD_1RC1LC_0LC1RD_1LA0RD	theories/Machines/ListCStage3/LCS3_fuel_01.v	R_NeverQH	fuel	2	0	97
0RB1RD_1RC1RA_0LC1LB_1LC0RD	nqh_0RB1RD_1RC1RA_0LC1LB_1LC0RD	theories/Machines/ListCStage3/LCS3_fuel_01.v	R_NeverQH	fuel	2	0	119
0RB1RD_1RC1RB_0LC1LA_1LC0RD	nqh_0RB1RD_1RC1RB_0LC1LA_1LC0RD	theories/Machines/ListCStage3/LCS3_fuel_01.v	R_NeverQH	fuel	2	0	147
1RB---_0LC1LD_0RC1LA_1RC0LD	nqh_1RBXXX_0LC1LD_0RC1LA_1RC0LD	theories/Machines/ListCStage3/LCS3_fuel_01.v	R_NeverQH	fuel	2	0	71
1RB---_1LB0LC_1RD0LC_0RD0LA	nqh_1RBXXX_1LB0LC_1RD0LC_0RD0LA	theories/Machines/ListCStage3/LCS3_fuel_01.v	R_NeverQH	fuel	2	0	59
1RB---_1LC---_1RD0LC_0RD0LA	nqh_1RBXXX_1LCXXX_1RD0LC_0RD0LA	theories/Machines/ListCStage3/LCS3_fuel_01.v	R_NeverQH	fuel	2	0	59
1RB---_1LC0RB_0LC0LD_0RA---	nqh_1RBXXX_1LC0RB_0LC0LD_0RAXXX	theories/Machines/ListCStage3/LCS3_fuel_01.v	R_NeverQH	fuel	2	0	93
1RB---_1LC0RB_0LC0LD_0RD1RA	nqh_1RBXXX_1LC0RB_0LC0LD_0RD1RA	theories/Machines/ListCStage3/LCS3_fuel_01.v	R_NeverQH	fuel	3	0	194
1RB---_1LC0RB_0LC0LD_1RA0RA	nqh_1RBXXX_1LC0RB_0LC0LD_1RA0RA	theories/Machines/ListCStage3/LCS3_fuel_01.v	R_NeverQH	fuel	2	0	205
1RB---_1LC0RB_0LC0LD_1RA1RA	nqh_1RBXXX_1LC0RB_0LC0LD_1RA1RA	theories/Machines/ListCStage3/LCS3_fuel_01.v	R_NeverQH	fuel	2	0	125
1RB---_1LC0RB_0LC0LD_1RD1RA	nqh_1RBXXX_1LC0RB_0LC0LD_1RD1RA	theories/Machines/ListCStage3/LCS3_fuel_01.v	R_NeverQH	fuel	3	0	323
1RB---_1LC0RB_0LC0RD_0LA1LA	nqh_1RBXXX_1LC0RB_0LC0RD_0LA1LA	theories/Machines/ListCStage3/LCS3_fuel_01.v	R_NeverQH	fuel	2	0	85
1RB---_1LC0RB_0LC0RD_1LA0LD	nqh_1RBXXX_1LC0RB_0LC0RD_1LA0LD	theories/Machines/ListCStage3/LCS3_fuel_01.v	R_NeverQH	fuel	2	0	97
1RB---_1LC0RB_0LC0RD_1LA0RD	nqh_1RBXXX_1LC0RB_0LC0RD_1LA0RD	theories/Machines/ListCStage3/LCS3_fuel_01.v	R_NeverQH	fuel	2	0	73
1RB---_1LC0RB_0LC0RD_1LA1LA	nqh_1RBXXX_1LC0RB_0LC0RD_1LA1LA	theories/Machines/ListCStage3/LCS3_fuel_01.v	R_NeverQH	fuel	2	0	65
1RB---_1LC0RB_0LC0RD_1LA1LD	nqh_1RBXXX_1LC0RB_0LC0RD_1LA1LD	theories/Machines/ListCStage3/LCS3_fuel_01.v	R_NeverQH	fuel	2	0	73
1RB---_1LC0RB_0LC0RD_1LA1RC	nqh_1RBXXX_1LC0RB_0LC0RD_1LA1RC	theories/Machines/ListCStage3/LCS3_fuel_01.v	R_NeverQH	fuel	2	0	81
1RB---_1LC0RB_0LD1LA_0LD0RA	nqh_1RBXXX_1LC0RB_0LD1LA_0LD0RA	theories/Machines/ListCStage3/LCS3_fuel_01.v	R_NeverQH	fuel	2	0	53
1RB---_1LC1LC_1RD0LC_0RD1LA	nqh_1RBXXX_1LC1LC_1RD0LC_0RD1LA	theories/Machines/ListCStage3/LCS3_fuel_01.v	R_NeverQH	fuel	2	0	59
1RB---_1LC1LD_0RC1LA_1RC0LD	nqh_1RBXXX_1LC1LD_0RC1LA_1RC0LD	theories/Machines/ListCStage3/LCS3_fuel_01.v	R_NeverQH	fuel	2	0	97
1RB0LA_0LC0RB_1LC0RD_1LA1RD	nqh_1RB0LA_0LC0RB_1LC0RD_1LA1RD	theories/Machines/ListCStage3/LCS3_fuel_01.v	R_NeverQH	fuel	2	0	179
1RB0LA_0LC0RD_1LC1LA_0RB0RA	nqh_1RB0LA_0LC0RD_1LC1LA_0RB0RA	theories/Machines/ListCStage3/LCS3_fuel_01.v	R_NeverQH	fuel	2	0	211
1RB0LA_0RC0LC_1LD0RB_1LD0RA	nqh_1RB0LA_0RC0LC_1LD0RB_1LD0RA	theories/Machines/ListCStage3/LCS3_fuel_01.v	R_NeverQH	fuel	2	0	44
1RB0LA_0RC0LD_0RD0RB_1LD0RA	nqh_1RB0LA_0RC0LD_0RD0RB_1LD0RA	theories/Machines/ListCStage3/LCS3_fuel_01.v	R_NeverQH	fuel	2	0	133
1RB0LA_0RC0LD_1LD0RB_1LD0RA	nqh_1RB0LA_0RC0LD_1LD0RB_1LD0RA	theories/Machines/ListCStage3/LCS3_fuel_01.v	R_NeverQH	fuel	2	0	48
1RB0LA_0RC1RA_0LD0RB_1LD0LA	nqh_1RB0LA_0RC1RA_0LD0RB_1LD0LA	theories/Machines/ListCStage3/LCS3_fuel_01.v	R_NeverQH	fuel	2	0	270
1RB0LA_0RC1RA_0LD0RB_1LD1LB	nqh_1RB0LA_0RC1RA_0LD0RB_1LD1LB	theories/Machines/ListCStage3/LCS3_fuel_01.v	R_NeverQH	fuel	2	0	177
1RB0LA_0RC1RD_0LD0RB_1LD0LA	nqh_1RB0LA_0RC1RD_0LD0RB_1LD0LA	theories/Machines/ListCStage3/LCS3_fuel_01.v	R_NeverQH	fuel	2	0	243
1RB0LA_1LB1LC_1RD0LC_0RD0RA	nqh_1RB0LA_1LB1LC_1RD0LC_0RD0RA	theories/Machines/ListCStage3/LCS3_fuel_01.v	R_NeverQH	fuel	2	0	147
1RB0LA_1LC0RA_0LC1RD_1LB0RD	nqh_1RB0LA_1LC0RA_0LC1RD_1LB0RD	theories/Machines/ListCStage3/LCS3_fuel_01.v	R_NeverQH	fuel	2	0	74
1RB0LA_1LC0RD_0LC1LD_0RB1RA	nqh_1RB0LA_1LC0RD_0LC1LD_0RB1RA	theories/Machines/ListCStage3/LCS3_fuel_02.v	R_NeverQH	fuel	3	0	308
1RB0LA_1RC0RA_1LD0RC_0LD1LB	nqh_1RB0LA_1RC0RA_1LD0RC_0LD1LB	theories/Machines/ListCStage3/LCS3_fuel_02.v	R_NeverQH	fuel	3	0	145
1RB0LB_0LB1RC_1RD0RC_1LA0LC	nqh_1RB0LB_0LB1RC_1RD0RC_1LA0LC	theories/Machines/ListCStage3/LCS3_fuel_02.v	R_NeverQH	fuel	2	0	99
1RB0LB_0LB1RC_1RD0RC_1LA1LC	nqh_1RB0LB_0LB1RC_1RD0RC_1LA1LC	theories/Machines/ListCStage3/LCS3_fuel_02.v	R_NeverQH	fuel	2	0	105
1RB0LB_1LA0LC_0LB0RD_1RD0RC	nqh_1RB0LB_1LA0LC_0LB0RD_1RD0RC	theories/Machines/ListCStage3/LCS3_fuel_02.v	R_NeverQH	fuel	2	0	138
1RB0LB_1LA0LC_0LB0RD_1RD1LA	nqh_1RB0LB_1LA0LC_0LB0RD_1RD1LA	theories/Machines/ListCStage3/LCS3_fuel_02.v	R_NeverQH	fuel	2	0	93
1RB0LB_1LA0LC_1RD0LC_0RD0LA	nqh_1RB0LB_1LA0LC_1RD0LC_0RD0LA	theories/Machines/ListCStage3/LCS3_fuel_02.v	R_NeverQH	fuel	2	0	119
1RB0LB_1LA0LC_1RD0LC_0RD1LB	nqh_1RB0LB_1LA0LC_1RD0LC_0RD1LB	theories/Machines/ListCStage3/LCS3_fuel_02.v	R_NeverQH	fuel	2	0	105
1RB0LB_1LA0RC_1LD0RC_0LD0RA	nqh_1RB0LB_1LA0RC_1LD0RC_0LD0RA	theories/Machines/ListCStage3/LCS3_fuel_02.v	R_NeverQH	fuel	3	0	160
1RB0LB_1LA0RC_1LD0RC_0LD0RB	nqh_1RB0LB_1LA0RC_1LD0RC_0LD0RB	theories/Machines/ListCStage3/LCS3_fuel_02.v	R_NeverQH	fuel	2	64	47
1RB0LB_1LA0RC_1LD0RC_0LD1RA	nqh_1RB0LB_1LA0RC_1LD0RC_0LD1RA	theories/Machines/ListCStage3/LCS3_fuel_02.v	R_NeverQH	fuel	3	0	186
1RB0LB_1LA1LC_1RD0LC_0RD1LA	nqh_1RB0LB_1LA1LC_1RD0LC_0RD1LA	theories/Machines/ListCStage3/LCS3_fuel_02.v	R_NeverQH	fuel	2	0	95
1RB0LB_1LA1RC_1LD0RC_0LD1RB	nqh_1RB0LB_1LA1RC_1LD0RC_0LD1RB	theories/Machines/ListCStage3/LCS3_fuel_02.v	R_NeverQH	fuel	3	0	255
1RB0LB_1LC0LC_0LD1LD_1RD0LA	nqh_1RB0LB_1LC0LC_0LD1LD_1RD0LA	theories/Machines/ListCStage3/LCS3_fuel_02.v	R_NeverQH	fuel	4	0	169
1RB0LB_1LC1RD_1LA0LC_0RD1LC	nqh_1RB0LB_1LC1RD_1LA0LC_0RD1LC	theories/Machines/ListCStage3/LCS3_fuel_02.v	R_NeverQH	fuel	2	0	147
1RB0LC_0LB1LA_0RC1RD_1LB0RD	nqh_1RB0LC_0LB1LA_0RC1RD_1LB0RD	theories/Machines/ListCStage3/LCS3_fuel_02.v	R_NeverQH	fuel	2	0	114
1RB0LC_0LB1LA_1RD0LC_0RD1LA	nqh_1RB0LC_0LB1LA_1RD0LC_0RD1LA	theories/Machines/ListCStage3/LCS3_fuel_02.v	R_NeverQH	fuel	2	0	71
1RB0LC_0LB1LA_1RD0LC_0RD1RB	nqh_1RB0LC_0LB1LA_1RD0LC_0RD1RB	theories/Machines/ListCStage3/LCS3_fuel_02.v	R_NeverQH	fuel	2	0	76
1RB0LC_0LB1LC_1RD0LC_0RD1LA	nqh_1RB0LC_0LB1LC_1RD0LC_0RD1LA	theories/Machines/ListCStage3/LCS3_fuel_02.v	R_NeverQH	fuel	2	0	71
1RB0LC_0LB1RC_1LA1RD_1LB0RD	nqh_1RB0LC_0LB1RC_1LA1RD_1LB0RD	theories/Machines/ListCStage3/LCS3_fuel_02.v	R_NeverQH	fuel	2	0	113
1RB0LC_1LA---_1RD0LC_0RD0LA	nqh_1RB0LC_1LAXXX_1RD0LC_0RD0LA	theories/Machines/ListCStage3/LCS3_fuel_02.v	R_NeverQH	fuel	2	0	59
1RB0LC_1LA---_1RD1LC_0RD0LA	nqh_1RB0LC_1LAXXX_1RD1LC_0RD0LA	theories/Machines/ListCStage3/LCS3_fuel_02.v	R_NeverQH	fuel	2	0	117
1RB0LC_1LA0LA_1RD0LB_0RD0LA	nqh_1RB0LC_1LA0LA_1RD0LB_0RD0LA	theories/Machines/ListCStage3/LCS3_fuel_02.v	R_NeverQH	fuel	2	0	165
1RB0LC_1LA0LA_1RD0RB_0RD0LA	nqh_1RB0LC_1LA0LA_1RD0RB_0RD0LA	theories/Machines/ListCStage3/LCS3_fuel_02.v	R_NeverQH	fuel	2	0	87
1RB0LC_1LA0LA_1RD0RB_0RD1LC	nqh_1RB0LC_1LA0LA_1RD0RB_0RD1LC	theories/Machines/ListCStage3/LCS3_fuel_02.v	R_NeverQH	fuel	2	0	103
1RB0LC_1LA0LA_1RD1LA_0RD0LA	nqh_1RB0LC_1LA0LA_1RD1LA_0RD0LA	theories/Machines/ListCStage3/LCS3_fuel_02.v	R_NeverQH	fuel	2	0	93
1RB0LC_1LA0LC_0LB0RD_1RD0RC	nqh_1RB0LC_1LA0LC_0LB0RD_1RD0RC	theories/Machines/ListCStage3/LCS3_fuel_02.v	R_NeverQH	fuel	2	0	165
1RB0LC_1LA0LC_0LB0RD_1RD1LA	nqh_1RB0LC_1LA0LC_0LB0RD_1RD1LA	theories/Machines/ListCStage3/LCS3_fuel_02.v	R_NeverQH	fuel	2	0	101
1RB0LC_1LA0LD_0RC1LB_1RC0LD	nqh_1RB0LC_1LA0LD_0RC1LB_1RC0LD	theories/Machines/ListCStage3/LCS3_fuel_02.v	R_NeverQH	fuel	2	0	79
1RB0LC_1LA0RD_0RB0LC_0RD0LA	nqh_1RB0LC_1LA0RD_0RB0LC_0RD0LA	theories/Machines/ListCStage3/LCS3_fuel_02.v	R_NeverQH	fuel	2	0	79
1RB0LC_1LA1LA_1RD0LC_0RD1LA	nqh_1RB0LC_1LA1LA_1RD0LC_0RD1LA	theories/Machines/ListCStage3/LCS3_fuel_02.v	R_NeverQH	fuel	2	0	59
1RB0LC_1LA1LC_1RD0LC_0RD1LA	nqh_1RB0LC_1LA1LC_1RD0LC_0RD1LA	theories/Machines/ListCStage3/LCS3_fuel_02.v	R_NeverQH	fuel	2	0	59
1RB0LC_1LA1LC_1RD0RB_0RD0LA	nqh_1RB0LC_1LA1LC_1RD0RB_0RD0LA	theories/Machines/ListCStage3/LCS3_fuel_02.v	R_NeverQH	fuel	2	0	115
1RB0LC_1LA1LD_0RC1LA_1RC0LD	nqh_1RB0LC_1LA1LD_0RC1LA_1RC0LD	theories/Machines/ListCStage3/LCS3_fuel_02.v	R_NeverQH	fuel	2	0	73
1RB0LC_1LA1RC_0RC1LD_1LA0LD	nqh_1RB0LC_1LA1RC_0RC1LD_1LA0LD	theories/Machines/ListCStage3/LCS3_fuel_02.v	R_NeverQH	fuel	2	0	167
1RB0LC_1LA1RD_1LA0LA_0RD0LA	nqh_1RB0LC_1LA1RD_1LA0LA_0RD0LA	theories/Machines/ListCStage3/LCS3_fuel_02.v	R_NeverQH	fuel	2	0	110
1RB0LC_1LA1RD_1LA0LC_0RD0LA	nqh_1RB0LC_1LA1RD_1LA0LC_0RD0LA	theories/Machines/ListCStage3/LCS3_fuel_02.v	R_NeverQH	fuel	2	0	86
1RB0LC_1LA1RD_1LA0LC_0RD1LC	nqh_1RB0LC_1LA1RD_1LA0LC_0RD1LC	theories/Machines/ListCStage3/LCS3_fuel_02.v	R_NeverQH	fuel	2	0	109
1RB0LC_1LB0LC_1RD1LC_0RD0LA	nqh_1RB0LC_1LB0LC_1RD1LC_0RD0LA	theories/Machines/ListCStage3/LCS3_fuel_02.v	R_NeverQH	fuel	2	0	117
1RB0LC_1LB1LA_1RD0LA_0RD0RB	nqh_1RB0LC_1LB1LA_1RD0LA_0RD0RB	theories/Machines/ListCStage3/LCS3_fuel_02.v	R_NeverQH	fuel	3	0	369
1RB0LC_1LB1LA_1RD0LC_0RD1LA	nqh_1RB0LC_1LB1LA_1RD0LC_0RD1LA	theories/Machines/ListCStage3/LCS3_fuel_02.v	R_NeverQH	fuel	2	0	97
1RB0LC_1LB1LC_1RD0LC_0RD0LA	nqh_1RB0LC_1LB1LC_1RD0LC_0RD0LA	theories/Machines/ListCStage3/LCS3_fuel_02.v	R_NeverQH	fuel	2	0	69
1RB0LC_1LB1LC_1RD0LC_0RD1LA	nqh_1RB0LC_1LB1LC_1RD0LC_0RD1LA	theories/Machines/ListCStage3/LCS3_fuel_02.v	R_NeverQH	fuel	2	0	97
1RB0LC_1LB1LC_1RD1LC_0RD0LA	nqh_1RB0LC_1LB1LC_1RD1LC_0RD0LA	theories/Machines/ListCStage3/LCS3_fuel_02.v	R_NeverQH	fuel	2	0	109
1RB0LC_1LB1RC_0RC1LD_1LA0LD	nqh_1RB0LC_1LB1RC_0RC1LD_1LA0LD	theories/Machines/ListCStage3/LCS3_fuel_02.v	R_NeverQH	fuel	2	0	159
1RB0LC_1LB1RC_1RD1LC_0RD0LA	nqh_1RB0LC_1LB1RC_1RD1LC_0RD0LA	theories/Machines/ListCStage3/LCS3_fuel_02.v	R_NeverQH	fuel	2	0	121
1RB0LC_1LC---_1RD1LC_0RD0LA	nqh_1RB0LC_1LCXXX_1RD1LC_0RD0LA	theories/Machines/ListCStage3/LCS3_fuel_02.v	R_NeverQH	fuel	2	0	109
1RB0LC_1LC0LA_1RD1LA_0RD0LA	nqh_1RB0LC_1LC0LA_1RD1LA_0RD0LA	theories/Machines/ListCStage3/LCS3_fuel_02.v	R_NeverQH	fuel	2	0	137
1RB0LC_1LC0LB_1RD1LA_0RD0LA	nqh_1RB0LC_1LC0LB_1RD1LA_0RD0LA	theories/Machines/ListCStage3/LCS3_fuel_02.v	R_NeverQH	fuel	2	0	171
1RB0LC_1LC0RB_0LC1LD_0RD1RA	nqh_1RB0LC_1LC0RB_0LC1LD_0RD1RA	theories/Machines/ListCStage3/LCS3_fuel_02.v	R_NeverQH	fuel	2	0	141
1RB0LC_1LC1LA_1RD0LC_0RD1LA	nqh_1RB0LC_1LC1LA_1RD0LC_0RD1LA	theories/Machines/ListCStage3/LCS3_fuel_03.v	R_NeverQH	fuel	2	0	59
1RB0LC_1LC1LA_1RD0RB_0RD0LA	nqh_1RB0LC_1LC1LA_1RD0RB_0RD0LA	theories/Machines/ListCStage3/LCS3_fuel_03.v	R_NeverQH	fuel	2	0	111
1RB0LC_1LC1LB_1RD0RB_0RD0LA	nqh_1RB0LC_1LC1LB_1RD0RB_0RD0LA	theories/Machines/ListCStage3/LCS3_fuel_03.v	R_NeverQH	fuel	2	0	93
1RB0LC_1LC1RD_1LA0LC_0RD1LC	nqh_1RB0LC_1LC1RD_1LA0LC_0RD1LC	theories/Machines/ListCStage3/LCS3_fuel_03.v	R_NeverQH	fuel	2	0	109
1RB0LC_1RC1RD_1LA0LC_0RD1LC	nqh_1RB0LC_1RC1RD_1LA0LC_0RD1LC	theories/Machines/ListCStage3/LCS3_fuel_03.v	R_NeverQH	fuel	2	0	111
1RB0LD_0LB1LC_1RD0LC_0RD1LA	nqh_1RB0LD_0LB1LC_1RD0LC_0RD1LA	theories/Machines/ListCStage3/LCS3_fuel_03.v	R_NeverQH	fuel	2	0	170
1RB0LD_0LC0LA_1RC1LB_0LB0RC	nqh_1RB0LD_0LC0LA_1RC1LB_0LB0RC	theories/Machines/ListCStage3/LCS3_fuel_03.v	R_NeverQH	fuel	2	0	145
1RB0LD_0LC0LA_1RC1LD_0LB0RC	nqh_1RB0LD_0LC0LA_1RC1LD_0LB0RC	theories/Machines/ListCStage3/LCS3_fuel_03.v	R_NeverQH	fuel	2	0	143
1RB0LD_0LC1LA_0RC1LA_1RC0LD	nqh_1RB0LD_0LC1LA_0RC1LA_1RC0LD	theories/Machines/ListCStage3/LCS3_fuel_03.v	R_NeverQH	fuel	2	0	71
1RB0LD_0LC1RB_0RC1LA_1RC0LD	nqh_1RB0LD_0LC1RB_0RC1LA_1RC0LD	theories/Machines/ListCStage3/LCS3_fuel_03.v	R_NeverQH	fuel	2	0	64
1RB0LD_0LC1RC_0RC1LD_1LA0LA	nqh_1RB0LD_0LC1RC_0RC1LD_1LA0LA	theories/Machines/ListCStage3/LCS3_fuel_03.v	R_NeverQH	fuel	2	0	177
1RB0LD_0RC0LC_1LD0RB_1LD1RA	nqh_1RB0LD_0RC0LC_1LD0RB_1LD1RA	theories/Machines/ListCStage3/LCS3_fuel_03.v	R_NeverQH	fuel	2	0	50
1RB0LD_0RC0RB_1LC1RA_0LA1LA	nqh_1RB0LD_0RC0RB_1LC1RA_0LA1LA	theories/Machines/ListCStage3/LCS3_fuel_03.v	R_NeverQH	fuel	2	0	183
1RB0LD_0RC1LA_1LA0RB_0LD1RB	nqh_1RB0LD_0RC1LA_1LA0RB_0LD1RB	theories/Machines/ListCStage3/LCS3_fuel_03.v	R_NeverQH	fuel	2	0	115
1RB0LD_0RC1LA_1LA0RC_0LD1RB	nqh_1RB0LD_0RC1LA_1LA0RC_0LD1RB	theories/Machines/ListCStage3/LCS3_fuel_03.v	R_NeverQH	fuel	2	0	103
1RB0LD_0RC1RA_1LC0RB_1LB1LD	nqh_1RB0LD_0RC1RA_1LC0RB_1LB1LD	theories/Machines/ListCStage3/LCS3_fuel_03.v	R_NeverQH	fuel	2	0	171
1RB0LD_1LB1LC_1RD0LC_0RD1LA	nqh_1RB0LD_1LB1LC_1RD0LC_0RD1LA	theories/Machines/ListCStage3/LCS3_fuel_03.v	R_NeverQH	fuel	2	0	135
1RB0LD_1LB1RC_0RC1LD_1LA0LD	nqh_1RB0LD_1LB1RC_0RC1LD_1LA0LD	theories/Machines/ListCStage3/LCS3_fuel_03.v	R_NeverQH	fuel	2	0	113
1RB0LD_1LC0RB_0LC0RD_1LA1RD	nqh_1RB0LD_1LC0RB_0LC0RD_1LA1RD	theories/Machines/ListCStage3/LCS3_fuel_03.v	R_NeverQH	fuel	2	0	101
1RB0LD_1LC0RB_0LC1LD_0RA---	nqh_1RB0LD_1LC0RB_0LC1LD_0RAXXX	theories/Machines/ListCStage3/LCS3_fuel_03.v	R_NeverQH	fuel	2	0	77
1RB0LD_1LC0RB_0LC1LD_0RD1RA	nqh_1RB0LD_1LC0RB_0LC1LD_0RD1RA	theories/Machines/ListCStage3/LCS3_fuel_03.v	R_NeverQH	fuel	2	0	129
1RB0LD_1LC0RB_0LC1LD_1RA0RA	nqh_1RB0LD_1LC0RB_0LC1LD_1RA0RA	theories/Machines/ListCStage3/LCS3_fuel_03.v	R_NeverQH	fuel	2	0	77
1RB0LD_1LC0RB_0LC1LD_1RA1RA	nqh_1RB0LD_1LC0RB_0LC1LD_1RA1RA	theories/Machines/ListCStage3/LCS3_fuel_03.v	R_NeverQH	fuel	2	0	109
1RB0LD_1LC0RB_0LC1LD_1RC1RA	nqh_1RB0LD_1LC0RB_0LC1LD_1RC1RA	theories/Machines/ListCStage3/LCS3_fuel_03.v	R_NeverQH	fuel	2	0	121
1RB0LD_1LC0RB_0LC1LD_1RD1RA	nqh_1RB0LD_1LC0RB_0LC1LD_1RD1RA	theories/Machines/ListCStage3/LCS3_fuel_03.v	R_NeverQH	fuel	2	0	129
1RB0LD_1LC0RB_0RA0LC_1LD1RA	nqh_1RB0LD_1LC0RB_0RA0LC_1LD1RA	theories/Machines/ListCStage3/LCS3_fuel_03.v	R_NeverQH	fuel	2	0	285
1RB0LD_1LC0RB_1RC1LA_0LD0RA	nqh_1RB0LD_1LC0RB_1RC1LA_0LD0RA	theories/Machines/ListCStage3/LCS3_fuel_03.v	R_NeverQH	fuel	2	0	61
1RB0LD_1LC0RD_0LC1LD_0RB1RA	nqh_1RB0LD_1LC0RD_0LC1LD_0RB1RA	theories/Machines/ListCStage3/LCS3_fuel_03.v	R_NeverQH	fuel	3	0	238
1RB0LD_1LC1LA_0RC1LA_1RC0LD	nqh_1RB0LD_1LC1LA_0RC1LA_1RC0LD	theories/Machines/ListCStage3/LCS3_fuel_03.v	R_NeverQH	fuel	2	0	97
1RB0LD_1LC1RC_0RC1LD_1LA0LA	nqh_1RB0LD_1LC1RC_0RC1LD_1LA0LA	theories/Machines/ListCStage3/LCS3_fuel_03.v	R_NeverQH	fuel	2	0	169
1RB0LD_1LC1RD_1LA0LC_0RD1LC	nqh_1RB0LD_1LC1RD_1LA0LC_0RD1LC	theories/Machines/ListCStage3/LCS3_fuel_03.v	R_NeverQH	fuel	2	0	155
1RB0LD_1RC0RB_1LA0LA_1LD0RC	nqh_1RB0LD_1RC0RB_1LA0LA_1LD0RC	theories/Machines/ListCStage3/LCS3_fuel_03.v	R_NeverQH	fuel	2	0	109
1RB0LD_1RC0RB_1LA0LB_0LD0RC	nqh_1RB0LD_1RC0RB_1LA0LB_0LD0RC	theories/Machines/ListCStage3/LCS3_fuel_03.v	R_NeverQH	fuel	2	0	77
1RB0LD_1RC0RB_1LA0LB_0LD1RB	nqh_1RB0LD_1RC0RB_1LA0LB_0LD1RB	theories/Machines/ListCStage3/LCS3_fuel_03.v	R_NeverQH	fuel	2	0	95
1RB0LD_1RC0RB_1LA1LB_0LD0RC	nqh_1RB0LD_1RC0RB_1LA1LB_0LD0RC	theories/Machines/ListCStage3/LCS3_fuel_03.v	R_NeverQH	fuel	2	0	81
1RB0LD_1RC0RB_1LA1LB_0LD1RB	nqh_1RB0LD_1RC0RB_1LA1LB_0LD1RB	theories/Machines/ListCStage3/LCS3_fuel_03.v	R_NeverQH	fuel	2	0	101
1RB0LD_1RC1RD_1LA0LC_0RD1LC	nqh_1RB0LD_1RC1RD_1LA0LC_0RD1LC	theories/Machines/ListCStage3/LCS3_fuel_03.v	R_NeverQH	fuel	2	0	160
1RB0RA_0RC0LA_1LD0RB_0LD1LA	nqh_1RB0RA_0RC0LA_1LD0RB_0LD1LA	theories/Machines/ListCStage3/LCS3_fuel_03.v	R_NeverQH	fuel	2	0	147
1RB0RA_0RC0LA_1LD0RC_0LD1LA	nqh_1RB0RA_0RC0LA_1LD0RC_0LD1LA	theories/Machines/ListCStage3/LCS3_fuel_03.v	R_NeverQH	fuel	2	0	61
1RB0RA_1LC0RB_0LC1LD_1RD0LA	nqh_1RB0RA_1LC0RB_0LC1LD_1RD0LA	theories/Machines/ListCStage3/LCS3_fuel_03.v	R_NeverQH	fuel	2	0	77
1RB0RA_1LC0RB_0LC1RD_1LA1LD	nqh_1RB0RA_1LC0RB_0LC1RD_1LA1LD	theories/Machines/ListCStage3/LCS3_fuel_03.v	R_NeverQH	fuel	2	0	124
1RB0RA_1LC1LD_1RC0LD_0LC1RA	nqh_1RB0RA_1LC1LD_1RC0LD_0LC1RA	theories/Machines/ListCStage3/LCS3_fuel_03.v	R_NeverQH	fuel	2	0	213
1RB0RA_1LC1RA_0LD0LC_1RD1LB	nqh_1RB0RA_1LC1RA_0LD0LC_1RD1LB	theories/Machines/ListCStage3/LCS3_fuel_03.v	R_NeverQH	fuel	2	0	201
1RB0RA_1RC0RC_1LD0RC_0LD0LA	nqh_1RB0RA_1RC0RC_1LD0RC_0LD0LA	theories/Machines/ListCStage3/LCS3_fuel_03.v	R_NeverQH	fuel	2	0	207
1RB0RB_0LB1RC_1LD0RC_0LB1LA	nqh_1RB0RB_0LB1RC_1LD0RC_0LB1LA	theories/Machines/ListCStage3/LCS3_fuel_03.v	R_NeverQH	fuel	2	0	153
1RB0RB_0LB1RC_1LD0RC_0LD1LA	nqh_1RB0RB_0LB1RC_1LD0RC_0LD1LA	theories/Machines/ListCStage3/LCS3_fuel_03.v	R_NeverQH	fuel	2	0	153
1RB0RB_0LB1RC_1LD0RC_1LB1LA	nqh_1RB0RB_0LB1RC_1LD0RC_1LB1LA	theories/Machines/ListCStage3/LCS3_fuel_03.v	R_NeverQH	fuel	2	0	177
1RB0RB_0LC0LD_0RC1LD_1LA1RC	nqh_1RB0RB_0LC0LD_0RC1LD_1LA1RC	theories/Machines/ListCStage3/LCS3_fuel_03.v	R_NeverQH	fuel	2	0	129
1RB0RB_0LC0RA_1LC0LD_1RA1LD	nqh_1RB0RB_0LC0RA_1LC0LD_1RA1LD	theories/Machines/ListCStage3/LCS3_fuel_03.v	R_NeverQH	fuel	2	0	253
1RB0RB_0LC1LD_0RC1LA_1RA0LD	nqh_1RB0RB_0LC1LD_0RC1LA_1RA0LD	theories/Machines/ListCStage3/LCS3_fuel_03.v	R_NeverQH	fuel	2	0	93
1RB0RB_0LC1RD_0LB1LA_1LB0RD	nqh_1RB0RB_0LC1RD_0LB1LA_1LB0RD	theories/Machines/ListCStage3/LCS3_fuel_04.v	R_NeverQH	fuel	2	0	189
1RB0RB_0LC1RD_0LB1LA_1LC0RD	nqh_1RB0RB_0LC1RD_0LB1LA_1LC0RD	theories/Machines/ListCStage3/LCS3_fuel_04.v	R_NeverQH	fuel	2	0	197
1RB0RB_0LC1RD_0LC1LA_1LB0RD	nqh_1RB0RB_0LC1RD_0LC1LA_1LB0RD	theories/Machines/ListCStage3/LCS3_fuel_04.v	R_NeverQH	fuel	2	0	165
1RB0RB_0LC1RD_0LC1LA_1LC0RD	nqh_1RB0RB_0LC1RD_0LC1LA_1LC0RD	theories/Machines/ListCStage3/LCS3_fuel_04.v	R_NeverQH	fuel	2	0	165
1RB0RB_0LC1RD_1LB1LA_1LB0RD	nqh_1RB0RB_0LC1RD_1LB1LA_1LB0RD	theories/Machines/ListCStage3/LCS3_fuel_04.v	R_NeverQH	fuel	2	0	169
1RB0RB_0RC0LA_1LD1LA_0LD1RB	nqh_1RB0RB_0RC0LA_1LD1LA_0LD1RB	theories/Machines/ListCStage3/LCS3_fuel_04.v	R_NeverQH	fuel	2	0	115
1RB0RB_0RC0LA_1LD1LA_0LD1RC	nqh_1RB0RB_0RC0LA_1LD1LA_0LD1RC	theories/Machines/ListCStage3/LCS3_fuel_04.v	R_NeverQH	fuel	2	0	101
1RB0RB_0RC0LA_1LD1RC_0LD1RB	nqh_1RB0RB_0RC0LA_1LD1RC_0LD1RB	theories/Machines/ListCStage3/LCS3_fuel_04.v	R_NeverQH	fuel	2	0	167
1RB0RB_0RC0LC_1LD0RB_1LD1RA	nqh_1RB0RB_0RC0LC_1LD0RB_1LD1RA	theories/Machines/ListCStage3/LCS3_fuel_04.v	R_NeverQH	fuel	2	0	50
1RB0RB_0RC0LD_0RD0RA_1LD1RB	nqh_1RB0RB_0RC0LD_0RD0RA_1LD1RB	theories/Machines/ListCStage3/LCS3_fuel_04.v	R_NeverQH	fuel	2	0	129
1RB0RB_0RC0LD_0RD0RA_1LD1RC	nqh_1RB0RB_0RC0LD_0RD0RA_1LD1RC	theories/Machines/ListCStage3/LCS3_fuel_04.v	R_NeverQH	fuel	2	0	144
1RB0RB_0RC0LD_0RD0RB_1LD1RA	nqh_1RB0RB_0RC0LD_0RD0RB_1LD1RA	theories/Machines/ListCStage3/LCS3_fuel_04.v	R_NeverQH	fuel	2	0	165
1RB0RB_0RC0LD_1LD0RB_1LD1RA	nqh_1RB0RB_0RC0LD_1LD0RB_1LD1RA	theories/Machines/ListCStage3/LCS3_fuel_04.v	R_NeverQH	fuel	2	0	54
1RB0RB_0RC0RA_1LD1LC_0LD1RB	nqh_1RB0RB_0RC0RA_1LD1LC_0LD1RB	theories/Machines/ListCStage3/LCS3_fuel_04.v	R_NeverQH	fuel	2	0	207
1RB0RB_0RC0RD_1LC1RA_0RB0LC	nqh_1RB0RB_0RC0RD_1LC1RA_0RB0LC	theories/Machines/ListCStage3/LCS3_fuel_04.v	R_NeverQH	fuel	2	0	149
1RB0RB_0RC1RB_1LD0RB_0LD1LA	nqh_1RB0RB_0RC1RB_1LD0RB_0LD1LA	theories/Machines/ListCStage3/LCS3_fuel_04.v	R_NeverQH	fuel	2	0	171
1RB0RB_0RC1RB_1LD0RC_0LD1LA	nqh_1RB0RB_0RC1RB_1LD0RC_0LD1LA	theories/Machines/ListCStage3/LCS3_fuel_04.v	R_NeverQH	fuel	2	0	127
1RB0RB_0RC1RC_1LD0RB_0LD1LA	nqh_1RB0RB_0RC1RC_1LD0RB_0LD1LA	theories/Machines/ListCStage3/LCS3_fuel_04.v	R_NeverQH	fuel	2	0	179
1RB0RB_0RC1RC_1LD0RC_0LD1LA	nqh_1RB0RB_0RC1RC_1LD0RC_0LD1LA	theories/Machines/ListCStage3/LCS3_fuel_04.v	R_NeverQH	fuel	2	0	147
1RB0RB_0RC1RD_0LC1LA_1LC0RD	nqh_1RB0RB_0RC1RD_0LC1LA_1LC0RD	theories/Machines/ListCStage3/LCS3_fuel_04.v	R_NeverQH	fuel	2	0	191
1RB0RB_1LA1LC_1RD0LC_0RD0LA	nqh_1RB0RB_1LA1LC_1RD0LC_0RD0LA	theories/Machines/ListCStage3/LCS3_fuel_04.v	R_NeverQH	fuel	2	0	107
1RB0RB_1LA1RC_1LD0RC_0LD0LA	nqh_1RB0RB_1LA1RC_1LD0RC_0LD0LA	theories/Machines/ListCStage3/LCS3_fuel_04.v	R_NeverQH	fuel	2	0	94
1RB0RB_1LA1RC_1LD0RC_0LD1LA	nqh_1RB0RB_1LA1RC_1LD0RC_0LD1LA	theories/Machines/ListCStage3/LCS3_fuel_04.v	R_NeverQH	fuel	2	0	159
1RB0RB_1LB0LC_1LA1RD_0RD0LA	nqh_1RB0RB_1LB0LC_1LA1RD_0RD0LA	theories/Machines/ListCStage3/LCS3_fuel_04.v	R_NeverQH	fuel	2	0	81
1RB0RB_1LB0LC_1LA1RD_0RD1LC	nqh_1RB0RB_1LB0LC_1LA1RD_0RD1LC	theories/Machines/ListCStage3/LCS3_fuel_04.v	R_NeverQH	fuel	2	0	103
1RB0RB_1LB1RC_1LD0RC_0LD1LA	nqh_1RB0RB_1LB1RC_1LD0RC_0LD1LA	theories/Machines/ListCStage3/LCS3_fuel_04.v	R_NeverQH	fuel	2	0	147
1RB0RB_1LC0LA_0LC1RD_1LA0RD	nqh_1RB0RB_1LC0LA_0LC1RD_1LA0RD	theories/Machines/ListCStage3/LCS3_fuel_04.v	R_NeverQH	fuel	2	0	117
1RB0RB_1LC0LA_1RD0LC_0RD1LA	nqh_1RB0RB_1LC0LA_1RD0LC_0RD1LA	theories/Machines/ListCStage3/LCS3_fuel_04.v	R_NeverQH	fuel	2	0	91
1RB0RB_1LC0LC_1LA1RD_0RD0LA	nqh_1RB0RB_1LC0LC_1LA1RD_0RD0LA	theories/Machines/ListCStage3/LCS3_fuel_04.v	R_NeverQH	fuel	2	0	117
1RB0RB_1LC0LD_0RC1LD_1LA1RC	nqh_1RB0RB_1LC0LD_0RC1LD_1LA1RC	theories/Machines/ListCStage3/LCS3_fuel_04.v	R_NeverQH	fuel	2	0	161
1RB0RB_1LC0RA_1LD1RA_0LD1RB	nqh_1RB0RB_1LC0RA_1LD1RA_0LD1RB	theories/Machines/ListCStage3/LCS3_fuel_04.v	R_NeverQH	fuel	2	0	165
1RB0RB_1LC0RB_0LC1LD_0RD1RA	nqh_1RB0RB_1LC0RB_0LC1LD_0RD1RA	theories/Machines/ListCStage3/LCS3_fuel_04.v	R_NeverQH	fuel	2	0	161
1RB0RB_1LC0RB_0LD1RA_0LD1RB	nqh_1RB0RB_1LC0RB_0LD1RA_0LD1RB	theories/Machines/ListCStage3/LCS3_fuel_04.v	R_NeverQH	fuel	2	0	61
1RB0RB_1LC0RB_0LD1RA_1LC1RB	nqh_1RB0RB_1LC0RB_0LD1RA_1LC1RB	theories/Machines/ListCStage3/LCS3_fuel_04.v	R_NeverQH	fuel	2	0	59
1RB0RB_1LC0RB_0LD1RA_1LC1RD	nqh_1RB0RB_1LC0RB_0LD1RA_1LC1RD	theories/Machines/ListCStage3/LCS3_fuel_04.v	R_NeverQH	fuel	2	0	59
1RB0RB_1LC0RB_1LD1RA_0LD1RB	nqh_1RB0RB_1LC0RB_1LD1RA_0LD1RB	theories/Machines/ListCStage3/LCS3_fuel_04.v	R_NeverQH	fuel	2	0	64
1RB0RB_1LC0RB_1LD1RC_0LC1RA	nqh_1RB0RB_1LC0RB_1LD1RC_0LC1RA	theories/Machines/ListCStage3/LCS3_fuel_04.v	R_NeverQH	fuel	2	0	83
1RB0RB_1LC0RD_1LA0LC_1RD0LA	nqh_1RB0RB_1LC0RD_1LA0LC_1RD0LA	theories/Machines/ListCStage3/LCS3_fuel_04.v	R_NeverQH	fuel	2	0	109
1RB0RB_1LC0RD_1LC1RA_0RB0LB	nqh_1RB0RB_1LC0RD_1LC1RA_0RB0LB	theories/Machines/ListCStage3/LCS3_fuel_04.v	R_NeverQH	fuel	2	0	44
1RB0RB_1LC0RD_1LC1RA_0RB0LC	nqh_1RB0RB_1LC0RD_1LC1RA_0RB0LC	theories/Machines/ListCStage3/LCS3_fuel_04.v	R_NeverQH	fuel	2	0	48
1RB0RB_1LC1LD_0LC0LD_0RA1RA	nqh_1RB0RB_1LC1LD_0LC0LD_0RA1RA	theories/Machines/ListCStage3/LCS3_fuel_04.v	R_NeverQH	fuel	2	0	123
1RB0RB_1LC1LD_0LC1RB_0RA1RA	nqh_1RB0RB_1LC1LD_0LC1RB_0RA1RA	theories/Machines/ListCStage3/LCS3_fuel_04.v	R_NeverQH	fuel	2	0	87
1RB0RB_1LC1RC_1LD1LA_0LD0RA	nqh_1RB0RB_1LC1RC_1LD1LA_0LD0RA	theories/Machines/ListCStage3/LCS3_fuel_04.v	R_NeverQH	fuel	2	0	111
1RB0RB_1LC1RD_0LB1LA_1LC0RD	nqh_1RB0RB_1LC1RD_0LB1LA_1LC0RD	theories/Machines/ListCStage3/LCS3_fuel_04.v	R_NeverQH	fuel	2	0	157
1RB0RB_1LC1RD_0LC0RD_0LA1LA	nqh_1RB0RB_1LC1RD_0LC0RD_0LA1LA	theories/Machines/ListCStage3/LCS3_fuel_04.v	R_NeverQH	fuel	2	0	119
1RB0RB_1LC1RD_0LC1LA_1LB0RD	nqh_1RB0RB_1LC1RD_0LC1LA_1LB0RD	theories/Machines/ListCStage3/LCS3_fuel_04.v	R_NeverQH	fuel	2	0	197
1RB0RB_1LC1RD_0LC1LA_1LC0RD	nqh_1RB0RB_1LC1RD_0LC1LA_1LC0RD	theories/Machines/ListCStage3/LCS3_fuel_04.v	R_NeverQH	fuel	2	0	149
1RB0RB_1LC1RD_0LC1RB_0LA1LA	nqh_1RB0RB_1LC1RD_0LC1RB_0LA1LA	theories/Machines/ListCStage3/LCS3_fuel_04.v	R_NeverQH	fuel	2	0	95
1RB0RB_1LC1RD_0LC1RB_1LD0RA	nqh_1RB0RB_1LC1RD_0LC1RB_1LD0RA	theories/Machines/ListCStage3/LCS3_fuel_04.v	R_NeverQH	fuel	2	0	167
1RB0RB_1RC---_1LD0RC_0LD0LA	nqh_1RB0RB_1RCXXX_1LD0RC_0LD0LA	theories/Machines/ListCStage3/LCS3_fuel_04.v	R_NeverQH	fuel	2	0	211
1RB0RB_1RC0LA_1LD0RC_0LD1LA	nqh_1RB0RB_1RC0LA_1LD0RC_0LD1LA	theories/Machines/ListCStage3/LCS3_fuel_05.v	R_NeverQH	fuel	2	0	139
1RB0RB_1RC0LD_1LB0LA_0LD1RB	nqh_1RB0RB_1RC0LD_1LB0LA_0LD1RB	theories/Machines/ListCStage3/LCS3_fuel_05.v	R_NeverQH	fuel	2	0	95
1RB0RB_1RC0RA_1LC1LD_0LD1RB	nqh_1RB0RB_1RC0RA_1LC1LD_0LD1RB	theories/Machines/ListCStage3/LCS3_fuel_05.v	R_NeverQH	fuel	2	0	159
1RB0RB_1RC0RC_0RD1RD_1LD0RA	nqh_1RB0RB_1RC0RC_0RD1RD_1LD0RA	theories/Machines/ListCStage3/LCS3_fuel_05.v	R_NeverQH	fuel	4	0	156
1RB0RB_1RC1LD_1LA0LA_0LD0RC	nqh_1RB0RB_1RC1LD_1LA0LA_0LD0RC	theories/Machines/ListCStage3/LCS3_fuel_05.v	R_NeverQH	fuel	2	0	107
1RB0RB_1RC1LD_1LA0LA_0LD1RB	nqh_1RB0RB_1RC1LD_1LA0LA_0LD1RB	theories/Machines/ListCStage3/LCS3_fuel_05.v	R_NeverQH	fuel	2	0	123
1RB0RB_1RC1RC_1LD0RC_0LD1LA	nqh_1RB0RB_1RC1RC_1LD0RC_0LD1LA	theories/Machines/ListCStage3/LCS3_fuel_05.v	R_NeverQH	fuel	2	0	155
1RB0RB_1RC1RD_0LC1LA_1LC0RD	nqh_1RB0RB_1RC1RD_0LC1LA_1LC0RD	theories/Machines/ListCStage3/LCS3_fuel_05.v	R_NeverQH	fuel	2	0	171
1RB0RC_0LA1RC_1LA1LD_0LD0RB	nqh_1RB0RC_0LA1RC_1LA1LD_0LD0RB	theories/Machines/ListCStage3/LCS3_fuel_05.v	R_NeverQH	fuel	2	0	123
1RB0RC_0LB1LA_---1RD_1LB0RD	nqh_1RB0RC_0LB1LA_XXX1RD_1LB0RD	theories/Machines/ListCStage3/LCS3_fuel_05.v	R_NeverQH	fuel	2	0	99
1RB0RC_0LB1LA_0LB1RD_1LC0RD	nqh_1RB0RC_0LB1LA_0LB1RD_1LC0RD	theories/Machines/ListCStage3/LCS3_fuel_05.v	R_NeverQH	fuel	2	0	97
1RB0RC_0LB1LA_0RD1RC_1LB0RC	nqh_1RB0RC_0LB1LA_0RD1RC_1LB0RC	theories/Machines/ListCStage3/LCS3_fuel_05.v	R_NeverQH	fuel	2	0	197
1RB0RC_0LB1LA_0RD1RC_1LB0RD	nqh_1RB0RC_0LB1LA_0RD1RC_1LB0RD	theories/Machines/ListCStage3/LCS3_fuel_05.v	R_NeverQH	fuel	2	0	81
1RB0RC_0LB1LA_0RD1RD_1LB0RC	nqh_1RB0RC_0LB1LA_0RD1RD_1LB0RC	theories/Machines/ListCStage3/LCS3_fuel_05.v	R_NeverQH	fuel	2	0	187
1RB0RC_0LB1LA_1LB1RD_1LC0RD	nqh_1RB0RC_0LB1LA_1LB1RD_1LC0RD	theories/Machines/ListCStage3/LCS3_fuel_05.v	R_NeverQH	fuel	2	0	110
1RB0RC_0LB1RC_0RD0LA_1LB1RD	nqh_1RB0RC_0LB1RC_0RD0LA_1LB1RD	theories/Machines/ListCStage3/LCS3_fuel_05.v	R_NeverQH	fuel	2	0	171
1RB0RC_0LB1RC_0RD0RA_1LB1LD	nqh_1RB0RC_0LB1RC_0RD0RA_1LB1LD	theories/Machines/ListCStage3/LCS3_fuel_05.v	R_NeverQH	fuel	2	0	291
1RB0RC_0LB1RC_1LB1LD_0RA1RA	nqh_1RB0RC_0LB1RC_1LB1LD_0RA1RA	theories/Machines/ListCStage3/LCS3_fuel_05.v	R_NeverQH	fuel	2	0	91
1RB0RC_0LB1RC_1LB1RD_0LA1LA	nqh_1RB0RC_0LB1RC_1LB1RD_0LA1LA	theories/Machines/ListCStage3/LCS3_fuel_05.v	R_NeverQH	fuel	2	0	99
1RB0RC_0LB1RC_1LB1RD_1LD0RA	nqh_1RB0RC_0LB1RC_1LB1RD_1LD0RA	theories/Machines/ListCStage3/LCS3_fuel_05.v	R_NeverQH	fuel	2	0	195
1RB0RC_0LB1RC_1LD0RA_1LB1RA	nqh_1RB0RC_0LB1RC_1LD0RA_1LB1RA	theories/Machines/ListCStage3/LCS3_fuel_05.v	R_NeverQH	fuel	2	0	247
1RB0RC_0LB1RC_1LD0RC_0LB1RA	nqh_1RB0RC_0LB1RC_1LD0RC_0LB1RA	theories/Machines/ListCStage3/LCS3_fuel_05.v	R_NeverQH	fuel	2	0	65
1RB0RC_0LB1RC_1LD0RC_1LB1RA	nqh_1RB0RC_0LB1RC_1LD0RC_1LB1RA	theories/Machines/ListCStage3/LCS3_fuel_05.v	R_NeverQH	fuel	2	0	68
1RB0RC_0LB1RC_1RD0LB_1LC0LA	nqh_1RB0RC_0LB1RC_1RD0LB_1LC0LA	theories/Machines/ListCStage3/LCS3_fuel_05.v	R_NeverQH	fuel	2	0	99
1RB0RC_0LB1RC_1RD0RA_1LD1LB	nqh_1RB0RC_0LB1RC_1RD0RA_1LD1LB	theories/Machines/ListCStage3/LCS3_fuel_05.v	R_NeverQH	fuel	2	0	187
1RB0RC_0LB1RC_1RD1LB_1LA0LA	nqh_1RB0RC_0LB1RC_1RD1LB_1LA0LA	theories/Machines/ListCStage3/LCS3_fuel_05.v	R_NeverQH	fuel	2	0	127
1RB0RC_0LC1LA_0LB1RD_1LB0RD	nqh_1RB0RC_0LC1LA_0LB1RD_1LB0RD	theories/Machines/ListCStage3/LCS3_fuel_05.v	R_NeverQH	fuel	2	0	82
1RB0RC_0LC1LA_0LB1RD_1LC0RD	nqh_1RB0RC_0LC1LA_0LB1RD_1LC0RD	theories/Machines/ListCStage3/LCS3_fuel_05.v	R_NeverQH	fuel	2	0	80
1RB0RC_0LC1LA_0LC1RD_1LB0RD	nqh_1RB0RC_0LC1LA_0LC1RD_1LB0RD	theories/Machines/ListCStage3/LCS3_fuel_05.v	R_NeverQH	fuel	2	0	67
1RB0RC_0LC1LA_1LB1RD_1LB0RD	nqh_1RB0RC_0LC1LA_1LB1RD_1LB0RD	theories/Machines/ListCStage3/LCS3_fuel_05.v	R_NeverQH	fuel	2	0	70
1RB0RC_0LC1RD_0LB1LA_1LB0RD	nqh_1RB0RC_0LC1RD_0LB1LA_1LB0RD	theories/Machines/ListCStage3/LCS3_fuel_05.v	R_NeverQH	fuel	2	0	125
1RB0RC_0LC1RD_0LB1LA_1LC0RD	nqh_1RB0RC_0LC1RD_0LB1LA_1LC0RD	theories/Machines/ListCStage3/LCS3_fuel_05.v	R_NeverQH	fuel	2	0	133
1RB0RC_0LC1RD_0LC1LA_1LB0RD	nqh_1RB0RC_0LC1RD_0LC1LA_1LB0RD	theories/Machines/ListCStage3/LCS3_fuel_05.v	R_NeverQH	fuel	2	0	113
1RB0RC_0LC1RD_0LC1LA_1LC0RD	nqh_1RB0RC_0LC1RD_0LC1LA_1LC0RD	theories/Machines/ListCStage3/LCS3_fuel_05.v	R_NeverQH	fuel	2	0	113
1RB0RC_0LC1RD_1LB1LA_1LB0RD	nqh_1RB0RC_0LC1RD_1LB1LA_1LB0RD	theories/Machines/ListCStage3/LCS3_fuel_05.v	R_NeverQH	fuel	2	0	115
1RB0RC_0RC0LC_1LD0RB_1LD1RA	nqh_1RB0RC_0RC0LC_1LD0RB_1LD1RA	theories/Machines/ListCStage3/LCS3_fuel_05.v	R_NeverQH	fuel	2	0	40
1RB0RC_0RC0LD_0RD0RB_1LD1RA	nqh_1RB0RC_0RC0LD_0RD0RB_1LD1RA	theories/Machines/ListCStage3/LCS3_fuel_05.v	R_NeverQH	fuel	2	0	131
1RB0RC_0RC0LD_1LD0RB_1LD1RA	nqh_1RB0RC_0RC0LD_1LD0RB_1LD1RA	theories/Machines/ListCStage3/LCS3_fuel_05.v	R_NeverQH	fuel	2	0	44
1RB0RC_0RC1RD_0LC1LA_1LC0RD	nqh_1RB0RC_0RC1RD_0LC1LA_1LC0RD	theories/Machines/ListCStage3/LCS3_fuel_05.v	R_NeverQH	fuel	2	0	129
1RB0RC_1LA0LD_0RC1LB_1RC0LD	nqh_1RB0RC_1LA0LD_0RC1LB_1RC0LD	theories/Machines/ListCStage3/LCS3_fuel_05.v	R_NeverQH	fuel	2	0	73
1RB0RC_1LA0RD_0LC0RB_1LC0RD	nqh_1RB0RC_1LA0RD_0LC0RB_1LC0RD	theories/Machines/ListCStage3/LCS3_fuel_05.v	R_NeverQH	fuel	2	0	73
1RB0RC_1LA0RD_0LC0RB_1LC1RD	nqh_1RB0RC_1LA0RD_0LC0RB_1LC1RD	theories/Machines/ListCStage3/LCS3_fuel_05.v	R_NeverQH	fuel	2	0	131
1RB0RC_1LA1LD_0RC1LA_1RC0LD	nqh_1RB0RC_1LA1LD_0RC1LA_1RC0LD	theories/Machines/ListCStage3/LCS3_fuel_05.v	R_NeverQH	fuel	2	0	67
1RB0RC_1LA1RC_0RC1LD_1LA0LD	nqh_1RB0RC_1LA1RC_0RC1LD_1LA0LD	theories/Machines/ListCStage3/LCS3_fuel_05.v	R_NeverQH	fuel	2	0	121
1RB0RC_1LA1RD_0LC1LA_1LC0RD	nqh_1RB0RC_1LA1RD_0LC1LA_1LC0RD	theories/Machines/ListCStage3/LCS3_fuel_05.v	R_NeverQH	fuel	2	0	111
1RB0RC_1LB1LC_1RD0LC_0RD1LA	nqh_1RB0RC_1LB1LC_1RD0LC_0RD1LA	theories/Machines/ListCStage3/LCS3_fuel_05.v	R_NeverQH	fuel	2	0	71
1RB0RC_1LB1RA_0RB0RD_0RC0LB	nqh_1RB0RC_1LB1RA_0RB0RD_0RC0LB	theories/Machines/ListCStage3/LCS3_fuel_05.v	R_NeverQH	fuel	2	0	139
1RB0RC_1LB1RA_0RD0LB_0RB0RA	nqh_1RB0RC_1LB1RA_0RD0LB_0RB0RA	theories/Machines/ListCStage3/LCS3_fuel_05.v	R_NeverQH	fuel	2	0	173
1RB0RC_1LB1RA_0RD0LB_0RB0RC	nqh_1RB0RC_1LB1RA_0RD0LB_0RB0RC	theories/Machines/ListCStage3/LCS3_fuel_05.v	R_NeverQH	fuel	2	0	149
1RB0RC_1LB1RA_0RD0LB_1LB0RC	nqh_1RB0RC_1LB1RA_0RD0LB_1LB0RC	theories/Machines/ListCStage3/LCS3_fuel_05.v	R_NeverQH	fuel	2	0	47
1RB0RC_1LB1RA_0RD0LD_1LB0RC	nqh_1RB0RC_1LB1RA_0RD0LD_1LB0RC	theories/Machines/ListCStage3/LCS3_fuel_06.v	R_NeverQH	fuel	2	0	47
1RB0RC_1LB1RA_1LB0RD_0RC0LB	nqh_1RB0RC_1LB1RA_1LB0RD_0RC0LB	theories/Machines/ListCStage3/LCS3_fuel_06.v	R_NeverQH	fuel	2	0	48
1RB0RC_1LB1RA_1LB0RD_0RC0LC	nqh_1RB0RC_1LB1RA_1LB0RD_0RC0LC	theories/Machines/ListCStage3/LCS3_fuel_06.v	R_NeverQH	fuel	2	0	44
1RB0RC_1LB1RA_1LD0RC_0LD1RB	nqh_1RB0RC_1LB1RA_1LD0RC_0LD1RB	theories/Machines/ListCStage3/LCS3_fuel_06.v	R_NeverQH	fuel	2	0	61
1RB0RC_1LB1RC_0RC1LD_1LA0LD	nqh_1RB0RC_1LB1RC_0RC1LD_1LA0LD	theories/Machines/ListCStage3/LCS3_fuel_06.v	R_NeverQH	fuel	2	0	125
1RB0RC_1LB1RC_0RD0LB_0RB0RA	nqh_1RB0RC_1LB1RC_0RD0LB_0RB0RA	theories/Machines/ListCStage3/LCS3_fuel_06.v	R_NeverQH	fuel	2	0	181
1RB0RC_1LC0RB_0LC0RD_1LA1RD	nqh_1RB0RC_1LC0RB_0LC0RD_1LA1RD	theories/Machines/ListCStage3/LCS3_fuel_06.v	R_NeverQH	fuel	2	0	245
1RB0RC_1LC0RB_0LD1LA_0LD1RA	nqh_1RB0RC_1LC0RB_0LD1LA_0LD1RA	theories/Machines/ListCStage3/LCS3_fuel_06.v	R_NeverQH	fuel	2	0	59
1RB0RC_1LC0RB_1LD1LA_0LC1RA	nqh_1RB0RC_1LC0RB_1LD1LA_0LC1RA	theories/Machines/ListCStage3/LCS3_fuel_06.v	R_NeverQH	fuel	2	0	181
1RB0RC_1LC0RB_1LD1LA_0LC1RC	nqh_1RB0RC_1LC0RB_1LD1LA_0LC1RC	theories/Machines/ListCStage3/LCS3_fuel_06.v	R_NeverQH	fuel	2	0	91
1RB0RC_1LC0RB_1LD1LA_0LD1RC	nqh_1RB0RC_1LC0RB_1LD1LA_0LD1RC	theories/Machines/ListCStage3/LCS3_fuel_06.v	R_NeverQH	fuel	2	0	99
1RB0RC_1LC0RD_1LA0LC_0RD0LA	nqh_1RB0RC_1LC0RD_1LA0LC_0RD0LA	theories/Machines/ListCStage3/LCS3_fuel_06.v	R_NeverQH	fuel	2	0	65
1RB0RC_1LC0RD_1LA0LC_0RD1LC	nqh_1RB0RC_1LC0RD_1LA0LC_0RD1LC	theories/Machines/ListCStage3/LCS3_fuel_06.v	R_NeverQH	fuel	2	0	81
1RB0RC_1LC1LA_0LB1RD_1LC0RD	nqh_1RB0RC_1LC1LA_0LB1RD_1LC0RD	theories/Machines/ListCStage3/LCS3_fuel_06.v	R_NeverQH	fuel	2	0	73
1RB0RC_1LC1LA_0LC1RD_1LB0RD	nqh_1RB0RC_1LC1LA_0LC1RD_1LB0RD	theories/Machines/ListCStage3/LCS3_fuel_06.v	R_NeverQH	fuel	2	0	68
1RB0RC_1LC1RD_0LB1LA_1LC0RD	nqh_1RB0RC_1LC1RD_0LB1LA_1LC0RD	theories/Machines/ListCStage3/LCS3_fuel_06.v	R_NeverQH	fuel	2	0	91
1RB0RC_1LC1RD_0LC1LA_1LB0RD	nqh_1RB0RC_1LC1RD_0LC1LA_1LB0RD	theories/Machines/ListCStage3/LCS3_fuel_06.v	R_NeverQH	fuel	2	0	123
1RB0RC_1LC1RD_0LC1LA_1LC0RD	nqh_1RB0RC_1LC1RD_0LC1LA_1LC0RD	theories/Machines/ListCStage3/LCS3_fuel_06.v	R_NeverQH	fuel	2	0	95
1RB0RC_1LC1RD_1LA0LC_0RD1LC	nqh_1RB0RC_1LC1RD_1LA0LC_0RD1LC	theories/Machines/ListCStage3/LCS3_fuel_06.v	R_NeverQH	fuel	2	0	78
1RB0RC_1RC0RB_1LA0LD_1LD0LA	nqh_1RB0RC_1RC0RB_1LA0LD_1LD0LA	theories/Machines/ListCStage3/LCS3_fuel_06.v	R_NeverQH	fuel	2	0	195
1RB0RC_1RC1LA_1LD0RC_0LD1RB	nqh_1RB0RC_1RC1LA_1LD0RC_0LD1RB	theories/Machines/ListCStage3/LCS3_fuel_06.v	R_NeverQH	fuel	2	0	79
1RB0RC_1RC1LB_1LD0RA_0LD1RA	nqh_1RB0RC_1RC1LB_1LD0RA_0LD1RA	theories/Machines/ListCStage3/LCS3_fuel_06.v	R_NeverQH	fuel	2	0	203
1RB0RC_1RC1RD_0LC1LA_1LC0RD	nqh_1RB0RC_1RC1RD_0LC1LA_1LC0RD	theories/Machines/ListCStage3/LCS3_fuel_06.v	R_NeverQH	fuel	2	0	127
1RB0RD_0LB1LC_0RC1RA_1LB0RD	nqh_1RB0RD_0LB1LC_0RC1RA_1LB0RD	theories/Machines/ListCStage3/LCS3_fuel_06.v	R_NeverQH	fuel	2	0	141
1RB0RD_0LB1LC_1RD0LC_0RD1LA	nqh_1RB0RD_0LB1LC_1RD0LC_0RD1LA	theories/Machines/ListCStage3/LCS3_fuel_06.v	R_NeverQH	fuel	2	0	87
1RB0RD_0LB1RC_1LC1RA_1LB0RD	nqh_1RB0RD_0LB1RC_1LC1RA_1LB0RD	theories/Machines/ListCStage3/LCS3_fuel_06.v	R_NeverQH	fuel	2	0	65
1RB0RD_0LB1RC_1LD0RC_0LB1LA	nqh_1RB0RD_0LB1RC_1LD0RC_0LB1LA	theories/Machines/ListCStage3/LCS3_fuel_06.v	R_NeverQH	fuel	2	0	91
1RB0RD_0LB1RC_1LD0RC_0LD1LA	nqh_1RB0RD_0LB1RC_1LD0RC_0LD1LA	theories/Machines/ListCStage3/LCS3_fuel_06.v	R_NeverQH	fuel	2	0	99
1RB0RD_0LB1RC_1LD0RC_1LB1LA	nqh_1RB0RD_0LB1RC_1LD0RC_1LB1LA	theories/Machines/ListCStage3/LCS3_fuel_06.v	R_NeverQH	fuel	2	0	103
1RB0RD_0LB1RC_1RD1LA_1LB0RD	nqh_1RB0RD_0LB1RC_1RD1LA_1LB0RD	theories/Machines/ListCStage3/LCS3_fuel_06.v	R_NeverQH	fuel	2	0	83
1RB0RD_0LC0RC_0RC1LD_1LA0LD	nqh_1RB0RD_0LC0RC_0RC1LD_1LA0LD	theories/Machines/ListCStage3/LCS3_fuel_06.v	R_NeverQH	fuel	2	0	101
1RB0RD_0LC1RA_0LC1RD_1LB0RD	nqh_1RB0RD_0LC1RA_0LC1RD_1LB0RD	theories/Machines/ListCStage3/LCS3_fuel_06.v	R_NeverQH	fuel	2	0	65
1RB0RD_0LC1RA_1LB1RC_1LB0RD	nqh_1RB0RD_0LC1RA_1LB1RC_1LB0RD	theories/Machines/ListCStage3/LCS3_fuel_06.v	R_NeverQH	fuel	2	0	63
1RB0RD_0LC1RA_1LB1RC_1LC0RD	nqh_1RB0RD_0LC1RA_1LB1RC_1LC0RD	theories/Machines/ListCStage3/LCS3_fuel_06.v	R_NeverQH	fuel	2	0	58
1RB0RD_0LC1RA_1LB1RD_1LB0RD	nqh_1RB0RD_0LC1RA_1LB1RD_1LB0RD	theories/Machines/ListCStage3/LCS3_fuel_06.v	R_NeverQH	fuel	2	0	63
1RB0RD_0RC0RA_1LC1RA_0RB0LC	nqh_1RB0RD_0RC0RA_1LC1RA_0RB0LC	theories/Machines/ListCStage3/LCS3_fuel_06.v	R_NeverQH	fuel	2	0	189
1RB0RD_0RC0RA_1LC1RB_0RB0LC	nqh_1RB0RD_0RC0RA_1LC1RB_0RB0LC	theories/Machines/ListCStage3/LCS3_fuel_06.v	R_NeverQH	fuel	2	0	125
1RB0RD_0RC0RD_1LC1RA_0RB0LC	nqh_1RB0RD_0RC0RD_1LC1RA_0RB0LC	theories/Machines/ListCStage3/LCS3_fuel_06.v	R_NeverQH	fuel	2	0	157
1RB0RD_0RC1RB_1LD0RB_0LD1LA	nqh_1RB0RD_0RC1RB_1LD0RB_0LD1LA	theories/Machines/ListCStage3/LCS3_fuel_06.v	R_NeverQH	fuel	2	0	117
1RB0RD_0RC1RB_1LD0RC_0LD1LA	nqh_1RB0RD_0RC1RB_1LD0RC_0LD1LA	theories/Machines/ListCStage3/LCS3_fuel_06.v	R_NeverQH	fuel	2	0	81
1RB0RD_0RC1RC_1LD0RB_0LD1LA	nqh_1RB0RD_0RC1RC_1LD0RB_0LD1LA	theories/Machines/ListCStage3/LCS3_fuel_06.v	R_NeverQH	fuel	2	0	125
1RB0RD_0RC1RC_1LD0RC_0LD1LA	nqh_1RB0RD_0RC1RC_1LD0RC_0LD1LA	theories/Machines/ListCStage3/LCS3_fuel_06.v	R_NeverQH	fuel	2	0	105
1RB0RD_1LB0RC_0RC1LD_1LA0LD	nqh_1RB0RD_1LB0RC_0RC1LD_1LA0LD	theories/Machines/ListCStage3/LCS3_fuel_06.v	R_NeverQH	fuel	2	0	101
1RB0RD_1LB1LC_1RD0LC_0RD1LA	nqh_1RB0RD_1LB1LC_1RD0LC_0RD1LA	theories/Machines/ListCStage3/LCS3_fuel_06.v	R_NeverQH	fuel	2	0	113
1RB0RD_1LB1RC_0RC1LD_1LA0LD	nqh_1RB0RD_1LB1RC_0RC1LD_1LA0LD	theories/Machines/ListCStage3/LCS3_fuel_06.v	R_NeverQH	fuel	2	0	82
1RB0RD_1LB1RC_1LD0RC_0LD1LA	nqh_1RB0RD_1LB1RC_1LD0RC_0LD1LA	theories/Machines/ListCStage3/LCS3_fuel_06.v	R_NeverQH	fuel	2	0	109
1RB0RD_1LC0LA_1LA0LC_1RD0RB	nqh_1RB0RD_1LC0LA_1LA0LC_1RD0RB	theories/Machines/ListCStage3/LCS3_fuel_06.v	R_NeverQH	fuel	2	0	192
1RB0RD_1LC0RB_0LC1RA_1LD1LA	nqh_1RB0RD_1LC0RB_0LC1RA_1LD1LA	theories/Machines/ListCStage3/LCS3_fuel_06.v	R_NeverQH	fuel	3	0	179
1RB0RD_1LC0RB_0LC1RD_0LA0RB	nqh_1RB0RD_1LC0RB_0LC1RD_0LA0RB	theories/Machines/ListCStage3/LCS3_fuel_06.v	R_NeverQH	fuel	2	0	85
1RB0RD_1LC0RB_0LC1RD_0LA1LA	nqh_1RB0RD_1LC0RB_0LC1RD_0LA1LA	theories/Machines/ListCStage3/LCS3_fuel_06.v	R_NeverQH	fuel	2	0	109
1RB0RD_1LC0RB_0LC1RD_1LA0LA	nqh_1RB0RD_1LC0RB_0LC1RD_1LA0LA	theories/Machines/ListCStage3/LCS3_fuel_07.v	R_NeverQH	fuel	2	0	101
1RB0RD_1LC0RB_0LC1RD_1LA1LA	nqh_1RB0RD_1LC0RB_0LC1RD_1LA1LA	theories/Machines/ListCStage3/LCS3_fuel_07.v	R_NeverQH	fuel	2	0	77
1RB0RD_1LC0RB_0LC1RD_1LC1LA	nqh_1RB0RD_1LC0RB_0LC1RD_1LC1LA	theories/Machines/ListCStage3/LCS3_fuel_07.v	R_NeverQH	fuel	2	0	85
1RB0RD_1LC0RC_0RC1LD_1LA0LD	nqh_1RB0RD_1LC0RC_0RC1LD_1LA0LD	theories/Machines/ListCStage3/LCS3_fuel_07.v	R_NeverQH	fuel	2	0	129
1RB0RD_1LC0RD_1LC1RA_0RB0LB	nqh_1RB0RD_1LC0RD_1LC1RA_0RB0LB	theories/Machines/ListCStage3/LCS3_fuel_07.v	R_NeverQH	fuel	2	0	45
1RB0RD_1LC0RD_1LC1RA_0RB0LC	nqh_1RB0RD_1LC0RD_1LC1RA_0RB0LC	theories/Machines/ListCStage3/LCS3_fuel_07.v	R_NeverQH	fuel	2	0	49
1RB0RD_1LC1LA_0LC1RD_0LA0RB	nqh_1RB0RD_1LC1LA_0LC1RD_0LA0RB	theories/Machines/ListCStage3/LCS3_fuel_07.v	R_NeverQH	fuel	2	0	113
1RB0RD_1LC1LA_0LC1RD_0RB0RB	nqh_1RB0RD_1LC1LA_0LC1RD_0RB0RB	theories/Machines/ListCStage3/LCS3_fuel_07.v	R_NeverQH	fuel	2	0	119
1RB0RD_1LC1LA_0LC1RD_0RB0RD	nqh_1RB0RD_1LC1LA_0LC1RD_0RB0RD	theories/Machines/ListCStage3/LCS3_fuel_07.v	R_NeverQH	fuel	2	0	105
1RB0RD_1LC1LA_0LC1RD_1LC0RB	nqh_1RB0RD_1LC1LA_0LC1RD_1LC0RB	theories/Machines/ListCStage3/LCS3_fuel_07.v	R_NeverQH	fuel	2	0	89
1RB0RD_1LC1RA_0LC1RD_1LB0RD	nqh_1RB0RD_1LC1RA_0LC1RD_1LB0RD	theories/Machines/ListCStage3/LCS3_fuel_07.v	R_NeverQH	fuel	2	0	64
1RB0RD_1LC1RB_0LB1RA_1LB0RD	nqh_1RB0RD_1LC1RB_0LB1RA_1LB0RD	theories/Machines/ListCStage3/LCS3_fuel_07.v	R_NeverQH	fuel	2	0	54
1RB0RD_1LC1RB_0LB1RA_1LC0RD	nqh_1RB0RD_1LC1RB_0LB1RA_1LC0RD	theories/Machines/ListCStage3/LCS3_fuel_07.v	R_NeverQH	fuel	2	0	59
1RB0RD_1LC1RD_0LB1RA_1LC0RD	nqh_1RB0RD_1LC1RD_0LB1RA_1LC0RD	theories/Machines/ListCStage3/LCS3_fuel_07.v	R_NeverQH	fuel	2	0	59
1RB0RD_1LC1RD_1LA0LC_0RD1LC	nqh_1RB0RD_1LC1RD_1LA0LC_0RD1LC	theories/Machines/ListCStage3/LCS3_fuel_07.v	R_NeverQH	fuel	2	0	121
1RB0RD_1RC1RC_1LD0RC_0LD1LA	nqh_1RB0RD_1RC1RC_1LD0RC_0LD1LA	theories/Machines/ListCStage3/LCS3_fuel_07.v	R_NeverQH	fuel	2	0	103
1RB0RD_1RC1RD_1LA0LC_0RD1LC	nqh_1RB0RD_1RC1RD_1LA0LC_0RD1LC	theories/Machines/ListCStage3/LCS3_fuel_07.v	R_NeverQH	fuel	2	0	131
1RB1LA_0LA0RC_0LD0RB_1LD1LA	nqh_1RB1LA_0LA0RC_0LD0RB_1LD1LA	theories/Machines/ListCStage3/LCS3_fuel_07.v	R_NeverQH	fuel	2	0	107
1RB1LA_0LA0RC_0LD0RB_1LD1RA	nqh_1RB1LA_0LA0RC_0LD0RB_1LD1RA	theories/Machines/ListCStage3/LCS3_fuel_07.v	R_NeverQH	fuel	2	0	129
1RB1LA_0LA1LC_1RD0LC_0RD0RB	nqh_1RB1LA_0LA1LC_1RD0LC_0RD0RB	theories/Machines/ListCStage3/LCS3_fuel_07.v	R_NeverQH	fuel	2	0	90
1RB1LA_0LA1LC_1RD0LC_0RD1LA	nqh_1RB1LA_0LA1LC_1RD0LC_0RD1LA	theories/Machines/ListCStage3/LCS3_fuel_07.v	R_NeverQH	fuel	2	0	71
1RB1LA_0LA1LC_1RD0LC_0RD1RA	nqh_1RB1LA_0LA1LC_1RD0LC_0RD1RA	theories/Machines/ListCStage3/LCS3_fuel_07.v	R_NeverQH	fuel	2	0	185
1RB1LA_0LA1LC_1RD0LC_0RD1RB	nqh_1RB1LA_0LA1LC_1RD0LC_0RD1RB	theories/Machines/ListCStage3/LCS3_fuel_07.v	R_NeverQH	fuel	2	0	76
1RB1LA_0LB1LC_1RD0LC_0RD1LA	nqh_1RB1LA_0LB1LC_1RD0LC_0RD1LA	theories/Machines/ListCStage3/LCS3_fuel_07.v	R_NeverQH	fuel	2	0	113
1RB1LA_0LC0RB_1LC1RD_0LA0RD	nqh_1RB1LA_0LC0RB_1LC1RD_0LA0RD	theories/Machines/ListCStage3/LCS3_fuel_07.v	R_NeverQH	fuel	2	0	105
1RB1LA_0LC0RD_1LC1LA_0LA0RB	nqh_1RB1LA_0LC0RD_1LC1LA_0LA0RB	theories/Machines/ListCStage3/LCS3_fuel_07.v	R_NeverQH	fuel	2	0	71
1RB1LA_0RC0RD_1LC0RA_0RB0LC	nqh_1RB1LA_0RC0RD_1LC0RA_0RB0LC	theories/Machines/ListCStage3/LCS3_fuel_07.v	R_NeverQH	fuel	2	0	159
1RB1LA_1LA0LC_1RD0LC_0RD0LA	nqh_1RB1LA_1LA0LC_1RD0LC_0RD0LA	theories/Machines/ListCStage3/LCS3_fuel_07.v	R_NeverQH	fuel	2	0	69
1RB1LA_1LA0LC_1RD0LC_0RD1LB	nqh_1RB1LA_1LA0LC_1RD0LC_0RD1LB	theories/Machines/ListCStage3/LCS3_fuel_07.v	R_NeverQH	fuel	2	0	69
1RB1LA_1LA0RC_1LD0RC_0LD0RA	nqh_1RB1LA_1LA0RC_1LD0RC_0LD0RA	theories/Machines/ListCStage3/LCS3_fuel_07.v	R_NeverQH	fuel	2	0	53
1RB1LA_1LA0RC_1LD0RC_0LD0RB	nqh_1RB1LA_1LA0RC_1LD0RC_0LD0RB	theories/Machines/ListCStage3/LCS3_fuel_07.v	R_NeverQH	fuel	2	0	69
1RB1LA_1LA0RC_1LD1RC_0LD0RB	nqh_1RB1LA_1LA0RC_1LD1RC_0LD0RB	theories/Machines/ListCStage3/LCS3_fuel_07.v	R_NeverQH	fuel	2	0	101
1RB1LA_1LA1LC_1RD0LC_0RD1LA	nqh_1RB1LA_1LA1LC_1RD0LC_0RD1LA	theories/Machines/ListCStage3/LCS3_fuel_07.v	R_NeverQH	fuel	2	0	97
1RB1LA_1LA1LC_1RD0LC_0RD1RA	nqh_1RB1LA_1LA1LC_1RD0LC_0RD1RA	theories/Machines/ListCStage3/LCS3_fuel_07.v	R_NeverQH	fuel	2	0	153
1RB1LA_1LA1RC_0RC1LD_1LA0LD	nqh_1RB1LA_1LA1RC_0RC1LD_1LA0LD	theories/Machines/ListCStage3/LCS3_fuel_07.v	R_NeverQH	fuel	2	0	93
1RB1LA_1LB1LC_1RD0LC_0RD1LA	nqh_1RB1LA_1LB1LC_1RD0LC_0RD1LA	theories/Machines/ListCStage3/LCS3_fuel_07.v	R_NeverQH	fuel	2	0	109
1RB1LA_1LB1LC_1RD0LC_0RD1RA	nqh_1RB1LA_1LB1LC_1RD0LC_0RD1RA	theories/Machines/ListCStage3/LCS3_fuel_07.v	R_NeverQH	fuel	2	0	165
1RB1LA_1LB1RC_0RC1LD_1LA0LD	nqh_1RB1LA_1LB1RC_0RC1LD_1LA0LD	theories/Machines/ListCStage3/LCS3_fuel_07.v	R_NeverQH	fuel	2	0	101
1RB1LA_1LC0RB_0LC0RD_0LA1RD	nqh_1RB1LA_1LC0RB_0LC0RD_0LA1RD	theories/Machines/ListCStage3/LCS3_fuel_07.v	R_NeverQH	fuel	2	0	175
1RB1LA_1LC0RB_0LC0RD_1LA1RD	nqh_1RB1LA_1LC0RB_0LC0RD_1LA1RD	theories/Machines/ListCStage3/LCS3_fuel_07.v	R_NeverQH	fuel	2	0	79
1RB1LA_1LC0RB_0LD0RA_0LD1RB	nqh_1RB1LA_1LC0RB_0LD0RA_0LD1RB	theories/Machines/ListCStage3/LCS3_fuel_07.v	R_NeverQH	fuel	2	0	73
1RB1LA_1LC0RB_0LD0RA_1LC1RB	nqh_1RB1LA_1LC0RB_0LD0RA_1LC1RB	theories/Machines/ListCStage3/LCS3_fuel_07.v	R_NeverQH	fuel	2	0	71
1RB1LA_1LC0RB_0LD0RA_1LC1RD	nqh_1RB1LA_1LC0RB_0LD0RA_1LC1RD	theories/Machines/ListCStage3/LCS3_fuel_07.v	R_NeverQH	fuel	2	0	71
1RB1LA_1LC0RB_0LD1RA_0LD0RA	nqh_1RB1LA_1LC0RB_0LD1RA_0LD0RA	theories/Machines/ListCStage3/LCS3_fuel_07.v	R_NeverQH	fuel	2	0	65
1RB1LA_1LC0RB_0RD0LC_1RD0LA	nqh_1RB1LA_1LC0RB_0RD0LC_1RD0LA	theories/Machines/ListCStage3/LCS3_fuel_07.v	R_NeverQH	fuel	2	0	173
1RB1LA_1LC0RB_1LD0RA_0LC0LA	nqh_1RB1LA_1LC0RB_1LD0RA_0LC0LA	theories/Machines/ListCStage3/LCS3_fuel_07.v	R_NeverQH	fuel	2	0	111
1RB1LA_1LC0RB_1LD0RA_0LC1LA	nqh_1RB1LA_1LC0RB_1LD0RA_0LC1LA	theories/Machines/ListCStage3/LCS3_fuel_07.v	R_NeverQH	fuel	2	0	83
1RB1LA_1LC0RB_1LD0RA_0LC1RA	nqh_1RB1LA_1LC0RB_1LD0RA_0LC1RA	theories/Machines/ListCStage3/LCS3_fuel_07.v	R_NeverQH	fuel	2	0	95
1RB1LA_1LC0RB_1LD0RA_0LD1RB	nqh_1RB1LA_1LC0RB_1LD0RA_0LD1RB	theories/Machines/ListCStage3/LCS3_fuel_07.v	R_NeverQH	fuel	2	0	74
1RB1LA_1LC0RB_1LD1LA_0LC0RA	nqh_1RB1LA_1LC0RB_1LD1LA_0LC0RA	theories/Machines/ListCStage3/LCS3_fuel_07.v	R_NeverQH	fuel	2	0	85
1RB1LA_1LC0RB_1LD1RC_0LC0LA	nqh_1RB1LA_1LC0RB_1LD1RC_0LC0LA	theories/Machines/ListCStage3/LCS3_fuel_08.v	R_NeverQH	fuel	2	0	115
1RB1LA_1LC0RB_1LD1RC_0LC0RA	nqh_1RB1LA_1LC0RB_1LD1RC_0LC0RA	theories/Machines/ListCStage3/LCS3_fuel_08.v	R_NeverQH	fuel	2	0	107
1RB1LA_1LC0RD_0LC1RD_1RA0RB	nqh_1RB1LA_1LC0RD_0LC1RD_1RA0RB	theories/Machines/ListCStage3/LCS3_fuel_08.v	R_NeverQH	fuel	2	0	223
1RB1LA_1LC0RD_1LC0RA_0RB0LB	nqh_1RB1LA_1LC0RD_1LC0RA_0RB0LB	theories/Machines/ListCStage3/LCS3_fuel_08.v	R_NeverQH	fuel	2	0	53
1RB1LA_1LC0RD_1LC0RA_0RB0LC	nqh_1RB1LA_1LC0RD_1LC0RA_0RB0LC	theories/Machines/ListCStage3/LCS3_fuel_08.v	R_NeverQH	fuel	2	0	57
1RB1LA_1LC1LD_0RC1RA_1RC0LD	nqh_1RB1LA_1LC1LD_0RC1RA_1RC0LD	theories/Machines/ListCStage3/LCS3_fuel_08.v	R_NeverQH	fuel	2	0	173
1RB1LA_1LC1RD_1LA0LC_0RD1LC	nqh_1RB1LA_1LC1RD_1LA0LC_0RD1LC	theories/Machines/ListCStage3/LCS3_fuel_08.v	R_NeverQH	fuel	2	0	97
1RB1LA_1RC0RC_0LD0RB_1LD0LA	nqh_1RB1LA_1RC0RC_0LD0RB_1LD0LA	theories/Machines/ListCStage3/LCS3_fuel_08.v	R_NeverQH	fuel	2	0	243
1RB1LA_1RC1LB_1LD0RC_0LD0RA	nqh_1RB1LA_1RC1LB_1LD0RC_0LD0RA	theories/Machines/ListCStage3/LCS3_fuel_08.v	R_NeverQH	fuel	2	0	171
1RB1LA_1RC1RD_1LA0LC_0RD1LC	nqh_1RB1LA_1RC1RD_1LA0LC_0RD1LC	theories/Machines/ListCStage3/LCS3_fuel_08.v	R_NeverQH	fuel	2	0	99
1RB1LB_0LB1LC_1RD0RD_1LA0RC	nqh_1RB1LB_0LB1LC_1RD0RD_1LA0RC	theories/Machines/ListCStage3/LCS3_fuel_08.v	R_NeverQH	fuel	8	0	11234
1RB1LB_0LB1RC_1LD0RC_0LB1RA	nqh_1RB1LB_0LB1RC_1LD0RC_0LB1RA	theories/Machines/ListCStage3/LCS3_fuel_08.v	R_NeverQH	fuel	2	0	77
1RB1LB_0LB1RC_1LD0RC_0RA0LD	nqh_1RB1LB_0LB1RC_1LD0RC_0RA0LD	theories/Machines/ListCStage3/LCS3_fuel_08.v	R_NeverQH	fuel	2	0	187
1RB1LB_0LB1RC_1LD0RC_0RA1RA	nqh_1RB1LB_0LB1RC_1LD0RC_0RA1RA	theories/Machines/ListCStage3/LCS3_fuel_08.v	R_NeverQH	fuel	2	0	97
1RB1LB_0LB1RC_1LD0RC_0RA1RC	nqh_1RB1LB_0LB1RC_1LD0RC_0RA1RC	theories/Machines/ListCStage3/LCS3_fuel_08.v	R_NeverQH	fuel	2	0	85
1RB1LB_0LB1RC_1LD0RC_1LB1RA	nqh_1RB1LB_0LB1RC_1LD0RC_1LB1RA	theories/Machines/ListCStage3/LCS3_fuel_08.v	R_NeverQH	fuel	2	0	76
1RB1LB_0LB1RC_1RD0RC_0LA1LA	nqh_1RB1LB_0LB1RC_1RD0RC_0LA1LA	theories/Machines/ListCStage3/LCS3_fuel_08.v	R_NeverQH	fuel	2	0	130
1RB1LB_0LB1RC_1RD0RC_0LA1LC	nqh_1RB1LB_0LB1RC_1RD0RC_0LA1LC	theories/Machines/ListCStage3/LCS3_fuel_08.v	R_NeverQH	fuel	2	0	104
1RB1LB_0LB1RC_1RD0RD_1LA0RC	nqh_1RB1LB_0LB1RC_1RD0RD_1LA0RC	theories/Machines/ListCStage3/LCS3_fuel_08.v	R_NeverQH	fuel	2	0	171
1RB1LB_0RC1RB_1LD0RB_0LD1LA	nqh_1RB1LB_0RC1RB_1LD0RB_0LD1LA	theories/Machines/ListCStage3/LCS3_fuel_08.v	R_NeverQH	fuel	2	0	177
1RB1LB_0RC1RC_1LD0RB_0LD1LA	nqh_1RB1LB_0RC1RC_1LD0RB_0LD1LA	theories/Machines/ListCStage3/LCS3_fuel_08.v	R_NeverQH	fuel	2	0	191
1RB1LB_1LA0LC_1RD0LC_0RD1LB	nqh_1RB1LB_1LA0LC_1RD0LC_0RD1LB	theories/Machines/ListCStage3/LCS3_fuel_08.v	R_NeverQH	fuel	2	0	145
1RB1LB_1LA0RC_1LD0RC_0LD0RB	nqh_1RB1LB_1LA0RC_1LD0RC_0LD0RB	theories/Machines/ListCStage3/LCS3_fuel_08.v	R_NeverQH	fuel	2	64	44
1RB1LB_1LA1LC_1RD0LC_0RD0RA	nqh_1RB1LB_1LA1LC_1RD0LC_0RD0RA	theories/Machines/ListCStage3/LCS3_fuel_08.v	R_NeverQH	fuel	2	0	181
1RB1LB_1LA1LC_1RD0LC_0RD1LA	nqh_1RB1LB_1LA1LC_1RD0LC_0RD1LA	theories/Machines/ListCStage3/LCS3_fuel_08.v	R_NeverQH	fuel	2	0	117
1RB1LB_1LA1LC_1RD0LC_0RD1RA	nqh_1RB1LB_1LA1LC_1RD0LC_0RD1RA	theories/Machines/ListCStage3/LCS3_fuel_08.v	R_NeverQH	fuel	2	0	157
1RB1LB_1LA1RC_0RC1LD_1LA0LD	nqh_1RB1LB_1LA1RC_0RC1LD_1LA0LD	theories/Machines/ListCStage3/LCS3_fuel_08.v	R_NeverQH	fuel	2	0	129
1RB1LB_1LA1RC_1LD0RC_0LD1RA	nqh_1RB1LB_1LA1RC_1LD0RC_0LD1RA	theories/Machines/ListCStage3/LCS3_fuel_08.v	R_NeverQH	fuel	2	0	137
1RB1LB_1LB1LC_1RD0LC_0RD1RA	nqh_1RB1LB_1LB1LC_1RD0LC_0RD1RA	theories/Machines/ListCStage3/LCS3_fuel_08.v	R_NeverQH	fuel	2	0	137
1RB1LB_1LC1LD_0RC1RA_1RC0LD	nqh_1RB1LB_1LC1LD_0RC1RA_1RC0LD	theories/Machines/ListCStage3/LCS3_fuel_08.v	R_NeverQH	fuel	2	0	149
1RB1LB_1LC1RD_0LB1RA_1LC0RD	nqh_1RB1LB_1LC1RD_0LB1RA_1LC0RD	theories/Machines/ListCStage3/LCS3_fuel_08.v	R_NeverQH	fuel	2	0	71
1RB1LB_1RC0LA_0RD0RC_1LD1LA	nqh_1RB1LB_1RC0LA_0RD0RC_1LD1LA	theories/Machines/ListCStage3/LCS3_fuel_08.v	R_NeverQH	fuel	2	0	223
1RB1LB_1RC0LB_0LA1RD_0RD0LA	nqh_1RB1LB_1RC0LB_0LA1RD_0RD0LA	theories/Machines/ListCStage3/LCS3_fuel_08.v	R_NeverQH	fuel	2	0	107
1RB1LB_1RC0LB_1LC1RD_0RD0LA	nqh_1RB1LB_1RC0LB_1LC1RD_0RD0LA	theories/Machines/ListCStage3/LCS3_fuel_08.v	R_NeverQH	fuel	2	0	120
1RB1LB_1RC1LA_1LD0RC_0LD0RB	nqh_1RB1LB_1RC1LA_1LD0RC_0LD0RB	theories/Machines/ListCStage3/LCS3_fuel_08.v	R_NeverQH	fuel	2	0	101
1RB1LB_1RC1RD_1LA0LC_0RD1LA	nqh_1RB1LB_1RC1RD_1LA0LC_0RD1LA	theories/Machines/ListCStage3/LCS3_fuel_08.v	R_NeverQH	fuel	3	0	160
1RB1LB_1RC1RD_1LD0LC_0RD1LA	nqh_1RB1LB_1RC1RD_1LD0LC_0RD1LA	theories/Machines/ListCStage3/LCS3_fuel_08.v	R_NeverQH	fuel	3	0	163
1RB1LC_0LA---_1RD0LC_0RD0RB	nqh_1RB1LC_0LAXXX_1RD0LC_0RD0RB	theories/Machines/ListCStage3/LCS3_fuel_08.v	R_NeverQH	fuel	2	0	92
1RB1LC_0LA---_1RD0LC_0RD1RB	nqh_1RB1LC_0LAXXX_1RD0LC_0RD1RB	theories/Machines/ListCStage3/LCS3_fuel_08.v	R_NeverQH	fuel	2	0	71
1RB1LC_0LA1LD_0RC1LA_1RC0LD	nqh_1RB1LC_0LA1LD_0RC1LA_1RC0LD	theories/Machines/ListCStage3/LCS3_fuel_08.v	R_NeverQH	fuel	2	0	79
1RB1LC_0LA1RC_0RC1LD_1LA0LD	nqh_1RB1LC_0LA1RC_0RC1LD_1LA0LD	theories/Machines/ListCStage3/LCS3_fuel_08.v	R_NeverQH	fuel	2	0	153
1RB1LC_0LA1RD_1LA0LC_0RD0RA	nqh_1RB1LC_0LA1RD_1LA0LC_0RD0RA	theories/Machines/ListCStage3/LCS3_fuel_08.v	R_NeverQH	fuel	3	0	243
1RB1LC_0LA1RD_1LA0LC_0RD1LA	nqh_1RB1LC_0LA1RD_1LA0LC_0RD1LA	theories/Machines/ListCStage3/LCS3_fuel_08.v	R_NeverQH	fuel	3	0	140
1RB1LC_0LA1RD_1LA0LC_0RD1LC	nqh_1RB1LC_0LA1RD_1LA0LC_0RD1LC	theories/Machines/ListCStage3/LCS3_fuel_08.v	R_NeverQH	fuel	2	0	125
1RB1LC_0LA1RD_1LD0LC_0RD1LA	nqh_1RB1LC_0LA1RD_1LD0LC_0RD1LA	theories/Machines/ListCStage3/LCS3_fuel_08.v	R_NeverQH	fuel	3	0	260
1RB1LC_0LB1LA_0RD1RC_1LB0RC	nqh_1RB1LC_0LB1LA_0RD1RC_1LB0RC	theories/Machines/ListCStage3/LCS3_fuel_08.v	R_NeverQH	fuel	2	0	185
1RB1LC_0LB1LA_0RD1RD_1LB0RC	nqh_1RB1LC_0LB1LA_0RD1RD_1LB0RC	theories/Machines/ListCStage3/LCS3_fuel_08.v	R_NeverQH	fuel	2	0	173
1RB1LC_0LB1LA_1RD0LC_0RD0RB	nqh_1RB1LC_0LB1LA_1RD0LC_0RD0RB	theories/Machines/ListCStage3/LCS3_fuel_08.v	R_NeverQH	fuel	3	0	173
1RB1LC_0LB1LA_1RD0LC_0RD1RB	nqh_1RB1LC_0LB1LA_1RD0LC_0RD1RB	theories/Machines/ListCStage3/LCS3_fuel_08.v	R_NeverQH	fuel	2	0	113
1RB1LC_0LC1RA_0LC1RD_1LB0RD	nqh_1RB1LC_0LC1RA_0LC1RD_1LB0RD	theories/Machines/ListCStage3/LCS3_fuel_08.v	R_NeverQH	fuel	2	0	77
1RB1LC_0LC1RA_1LB1RD_1LB0RD	nqh_1RB1LC_0LC1RA_1LB1RD_1LB0RD	theories/Machines/ListCStage3/LCS3_fuel_09.v	R_NeverQH	fuel	2	0	75
1RB1LC_1LA0LA_1RD0LC_0RD0RB	nqh_1RB1LC_1LA0LA_1RD0LC_0RD0RB	theories/Machines/ListCStage3/LCS3_fuel_09.v	R_NeverQH	fuel	2	0	149
1RB1LC_1LA0LA_1RD0LC_0RD1RB	nqh_1RB1LC_1LA0LA_1RD0LC_0RD1RB	theories/Machines/ListCStage3/LCS3_fuel_09.v	R_NeverQH	fuel	2	0	157
1RB1LC_1LA0LC_0RB1RD_0RD0LA	nqh_1RB1LC_1LA0LC_0RB1RD_0RD0LA	theories/Machines/ListCStage3/LCS3_fuel_09.v	R_NeverQH	fuel	2	0	133
1RB1LC_1LA0LC_1RB1RD_0RD0LA	nqh_1RB1LC_1LA0LC_1RB1RD_0RD0LA	theories/Machines/ListCStage3/LCS3_fuel_09.v	R_NeverQH	fuel	2	0	93
1RB1LC_1LA0LD_0RC1LB_1RC0LD	nqh_1RB1LC_1LA0LD_0RC1LB_1RC0LD	theories/Machines/ListCStage3/LCS3_fuel_09.v	R_NeverQH	fuel	2	0	157
1RB1LC_1LA0LD_1RD0LC_0RD1RB	nqh_1RB1LC_1LA0LD_1RD0LC_0RD1RB	theories/Machines/ListCStage3/LCS3_fuel_09.v	R_NeverQH	fuel	2	0	105
1RB1LC_1LA0RD_1RB1RD_0RD0LA	nqh_1RB1LC_1LA0RD_1RB1RD_0RD0LA	theories/Machines/ListCStage3/LCS3_fuel_09.v	R_NeverQH	fuel	2	0	73
1RB1LC_1LA1LA_1RD0LC_0RD0RB	nqh_1RB1LC_1LA1LA_1RD0LC_0RD0RB	theories/Machines/ListCStage3/LCS3_fuel_09.v	R_NeverQH	fuel	2	0	121
1RB1LC_1LA1LA_1RD0LC_0RD1RB	nqh_1RB1LC_1LA1LA_1RD0LC_0RD1RB	theories/Machines/ListCStage3/LCS3_fuel_09.v	R_NeverQH	fuel	2	0	89
1RB1LC_1LA1LD_0RC1LA_1RC0LD	nqh_1RB1LC_1LA1LD_0RC1LA_1RC0LD	theories/Machines/ListCStage3/LCS3_fuel_09.v	R_NeverQH	fuel	2	0	105
1RB1LC_1LA1RC_0RC1LD_1LA0LD	nqh_1RB1LC_1LA1RC_0RC1LD_1LA0LD	theories/Machines/ListCStage3/LCS3_fuel_09.v	R_NeverQH	fuel	2	0	141
1RB1LC_1LA1RD_1LA0LC_0RD0RA	nqh_1RB1LC_1LA1RD_1LA0LC_0RD0RA	theories/Machines/ListCStage3/LCS3_fuel_09.v	R_NeverQH	fuel	3	0	243
1RB1LC_1LA1RD_1LA0LC_0RD1LA	nqh_1RB1LC_1LA1RD_1LA0LC_0RD1LA	theories/Machines/ListCStage3/LCS3_fuel_09.v	R_NeverQH	fuel	3	0	185
1RB1LC_1LA1RD_1LA0LC_0RD1LC	nqh_1RB1LC_1LA1RD_1LA0LC_0RD1LC	theories/Machines/ListCStage3/LCS3_fuel_09.v	R_NeverQH	fuel	2	0	121
1RB1LC_1LA1RD_1LD0LC_0RD1LA	nqh_1RB1LC_1LA1RD_1LD0LC_0RD1LA	theories/Machines/ListCStage3/LCS3_fuel_09.v	R_NeverQH	fuel	3	0	238
1RB1LC_1LB1LA_1RD0LC_0RD0RB	nqh_1RB1LC_1LB1LA_1RD0LC_0RD0RB	theories/Machines/ListCStage3/LCS3_fuel_09.v	R_NeverQH	fuel	3	0	277
1RB1LC_1LB1LA_1RD0LC_0RD1RB	nqh_1RB1LC_1LB1LA_1RD0LC_0RD1RB	theories/Machines/ListCStage3/LCS3_fuel_09.v	R_NeverQH	fuel	2	0	113
1RB1LC_1LB1RA_1RD0LC_0RD0LA	nqh_1RB1LC_1LB1RA_1RD0LC_0RD0LA	theories/Machines/ListCStage3/LCS3_fuel_09.v	R_NeverQH	fuel	2	0	71
1RB1LC_1LB1RC_0RC1LD_1LA0LD	nqh_1RB1LC_1LB1RC_0RC1LD_1LA0LD	theories/Machines/ListCStage3/LCS3_fuel_09.v	R_NeverQH	fuel	2	0	149
1RB1LC_1LC1LA_0LC1RD_0RB0RD	nqh_1RB1LC_1LC1LA_0LC1RD_0RB0RD	theories/Machines/ListCStage3/LCS3_fuel_09.v	R_NeverQH	fuel	2	0	99
1RB1LC_1LC1RA_0LC1RD_1LB0RD	nqh_1RB1LC_1LC1RA_0LC1RD_1LB0RD	theories/Machines/ListCStage3/LCS3_fuel_09.v	R_NeverQH	fuel	2	0	68
1RB1LC_1RC0RB_0LC1RD_1LA1RB	nqh_1RB1LC_1RC0RB_0LC1RD_1LA1RB	theories/Machines/ListCStage3/LCS3_fuel_09.v	R_NeverQH	fuel	3	0	247
1RB1LC_1RC1RD_1LA0LC_0RD1LA	nqh_1RB1LC_1RC1RD_1LA0LC_0RD1LA	theories/Machines/ListCStage3/LCS3_fuel_09.v	R_NeverQH	fuel	3	0	127
1RB1LC_1RC1RD_1LD0LC_0RD1LA	nqh_1RB1LC_1RC1RD_1LD0LC_0RD1LA	theories/Machines/ListCStage3/LCS3_fuel_09.v	R_NeverQH	fuel	3	0	240
1RB1LD_0LB0RC_0LD0RB_1RC1LA	nqh_1RB1LD_0LB0RC_0LD0RB_1RC1LA	theories/Machines/ListCStage3/LCS3_fuel_09.v	R_NeverQH	fuel	2	0	88
1RB1LD_0LB1LC_1RD0LC_0RD1LA	nqh_1RB1LD_0LB1LC_1RD0LC_0RD1LA	theories/Machines/ListCStage3/LCS3_fuel_09.v	R_NeverQH	fuel	2	0	125
1RB1LD_0RC0RB_1LC1RA_1LA0LD	nqh_1RB1LD_0RC0RB_1LC1RA_1LA0LD	theories/Machines/ListCStage3/LCS3_fuel_09.v	R_NeverQH	fuel	2	0	203
1RB1LD_1LB1LC_1RD0LC_0RD1LA	nqh_1RB1LD_1LB1LC_1RD0LC_0RD1LA	theories/Machines/ListCStage3/LCS3_fuel_09.v	R_NeverQH	fuel	2	0	121
1RB1LD_1LB1RC_0RC1LA_1LA0LD	nqh_1RB1LD_1LB1RC_0RC1LA_1LA0LD	theories/Machines/ListCStage3/LCS3_fuel_09.v	R_NeverQH	fuel	3	0	189
1RB1LD_1LB1RC_0RC1LA_1LC0LD	nqh_1RB1LD_1LB1RC_0RC1LA_1LC0LD	theories/Machines/ListCStage3/LCS3_fuel_09.v	R_NeverQH	fuel	3	0	242
1RB1LD_1LC0LA_0RC1RB_1RC0LD	nqh_1RB1LD_1LC0LA_0RC1RB_1RC0LD	theories/Machines/ListCStage3/LCS3_fuel_09.v	R_NeverQH	fuel	2	0	89
1RB1LD_1LC0RA_0RC1LA_1RC0LD	nqh_1RB1LD_1LC0RA_0RC1LA_1RC0LD	theories/Machines/ListCStage3/LCS3_fuel_09.v	R_NeverQH	fuel	2	0	121
1RB1LD_1LC0RB_0LC0RA_1LA---	nqh_1RB1LD_1LC0RB_0LC0RA_1LAXXX	theories/Machines/ListCStage3/LCS3_fuel_09.v	R_NeverQH	fuel	2	0	65
1RB1LD_1LC0RB_0LC0RA_1RA1LA	nqh_1RB1LD_1LC0RB_0LC0RA_1RA1LA	theories/Machines/ListCStage3/LCS3_fuel_09.v	R_NeverQH	fuel	2	0	77
1RB1LD_1LC0RB_0LC0RD_1LA1RD	nqh_1RB1LD_1LC0RB_0LC0RD_1LA1RD	theories/Machines/ListCStage3/LCS3_fuel_09.v	R_NeverQH	fuel	2	64	47
1RB1LD_1LC0RB_0LD1RA_0LD1RB	nqh_1RB1LD_1LC0RB_0LD1RA_0LD1RB	theories/Machines/ListCStage3/LCS3_fuel_09.v	R_NeverQH	fuel	2	0	73
1RB1LD_1LC0RB_0LD1RA_1LC1RB	nqh_1RB1LD_1LC0RB_0LD1RA_1LC1RB	theories/Machines/ListCStage3/LCS3_fuel_09.v	R_NeverQH	fuel	2	0	71
1RB1LD_1LC0RB_0RA0LC_0LD0LC	nqh_1RB1LD_1LC0RB_0RA0LC_0LD0LC	theories/Machines/ListCStage3/LCS3_fuel_09.v	R_NeverQH	fuel	2	0	113
1RB1LD_1LC0RB_0RA0LC_0LD1RB	nqh_1RB1LD_1LC0RB_0RA0LC_0LD1RB	theories/Machines/ListCStage3/LCS3_fuel_09.v	R_NeverQH	fuel	2	0	97
1RB1LD_1LC0RB_0RA1LA_0LD0RA	nqh_1RB1LD_1LC0RB_0RA1LA_0LD0RA	theories/Machines/ListCStage3/LCS3_fuel_09.v	R_NeverQH	fuel	2	0	61
1RB1LD_1LC0RB_0RA1RA_0LD0LC	nqh_1RB1LD_1LC0RB_0RA1RA_0LD0LC	theories/Machines/ListCStage3/LCS3_fuel_09.v	R_NeverQH	fuel	2	0	125
1RB1LD_1LC0RB_0RA1RA_0LD1RB	nqh_1RB1LD_1LC0RB_0RA1RA_0LD1RB	theories/Machines/ListCStage3/LCS3_fuel_09.v	R_NeverQH	fuel	2	0	93
1RB1LD_1LC0RB_0RA1RB_0LD0LC	nqh_1RB1LD_1LC0RB_0RA1RB_0LD0LC	theories/Machines/ListCStage3/LCS3_fuel_09.v	R_NeverQH	fuel	2	0	97
1RB1LD_1LC0RB_0RA1RB_0LD1RB	nqh_1RB1LD_1LC0RB_0RA1RB_0LD1RB	theories/Machines/ListCStage3/LCS3_fuel_09.v	R_NeverQH	fuel	2	0	81
1RB1LD_1LC0RB_1LD1RA_0LD1RB	nqh_1RB1LD_1LC0RB_1LD1RA_0LD1RB	theories/Machines/ListCStage3/LCS3_fuel_09.v	R_NeverQH	fuel	2	0	72
1RB1LD_1LC0RB_1RA1LA_0LD0RA	nqh_1RB1LD_1LC0RB_1RA1LA_0LD0RA	theories/Machines/ListCStage3/LCS3_fuel_09.v	R_NeverQH	fuel	2	0	69
1RB1LD_1LC1LA_0RC0RB_1RC0LD	nqh_1RB1LD_1LC1LA_0RC0RB_1RC0LD	theories/Machines/ListCStage3/LCS3_fuel_09.v	R_NeverQH	fuel	3	0	159
1RB1LD_1LC1LA_0RC1RB_1RC0LD	nqh_1RB1LD_1LC1LA_0RC1RB_1RC0LD	theories/Machines/ListCStage3/LCS3_fuel_09.v	R_NeverQH	fuel	2	0	101
1RB1LD_1LC1RC_0RC1LA_1LA0LD	nqh_1RB1LD_1LC1RC_0RC1LA_1LA0LD	theories/Machines/ListCStage3/LCS3_fuel_09.v	R_NeverQH	fuel	3	0	133
1RB1LD_1LC1RC_0RC1LA_1LC0LD	nqh_1RB1LD_1LC1RC_0RC1LA_1LC0LD	theories/Machines/ListCStage3/LCS3_fuel_10.v	R_NeverQH	fuel	3	0	242
1RB1LD_1LC1RC_0RC1LA_1RC0LD	nqh_1RB1LD_1LC1RC_0RC1LA_1RC0LD	theories/Machines/ListCStage3/LCS3_fuel_10.v	R_NeverQH	fuel	3	0	123
1RB1LD_1LC1RD_1LA0LC_0RD1LC	nqh_1RB1LD_1LC1RD_1LA0LC_0RD1LC	theories/Machines/ListCStage3/LCS3_fuel_10.v	R_NeverQH	fuel	2	0	145
1RB1LD_1RC0RB_0LA1LA_0LD0RC	nqh_1RB1LD_1RC0RB_0LA1LA_0LD0RC	theories/Machines/ListCStage3/LCS3_fuel_10.v	R_NeverQH	fuel	2	0	154
1RB1LD_1RC0RB_0LA1LA_0LD1RB	nqh_1RB1LD_1RC0RB_0LA1LA_0LD1RB	theories/Machines/ListCStage3/LCS3_fuel_10.v	R_NeverQH	fuel	2	0	126
1RB1LD_1RC0RB_0LA1LB_0LD1RB	nqh_1RB1LD_1RC0RB_0LA1LB_0LD1RB	theories/Machines/ListCStage3/LCS3_fuel_10.v	R_NeverQH	fuel	2	0	100
1RB1LD_1RC0RB_1LA0RC_0LD0RC	nqh_1RB1LD_1RC0RB_1LA0RC_0LD0RC	theories/Machines/ListCStage3/LCS3_fuel_10.v	R_NeverQH	fuel	2	0	167
1RB1LD_1RC0RB_1LA0RD_0LD0RC	nqh_1RB1LD_1RC0RB_1LA0RD_0LD0RC	theories/Machines/ListCStage3/LCS3_fuel_10.v	R_NeverQH	fuel	2	64	120
1RB1LD_1RC0RB_1LA1LA_0LD0RC	nqh_1RB1LD_1RC0RB_1LA1LA_0LD0RC	theories/Machines/ListCStage3/LCS3_fuel_10.v	R_NeverQH	fuel	2	0	74
1RB1LD_1RC0RB_1LA1LC_0LD0RC	nqh_1RB1LD_1RC0RB_1LA1LC_0LD0RC	theories/Machines/ListCStage3/LCS3_fuel_10.v	R_NeverQH	fuel	4	0	347
1RB1LD_1RC0RB_1LA1RB_0LD0RC	nqh_1RB1LD_1RC0RB_1LA1RB_0LD0RC	theories/Machines/ListCStage3/LCS3_fuel_10.v	R_NeverQH	fuel	2	0	135
1RB1LD_1RC0RB_1LA1RB_0LD1RC	nqh_1RB1LD_1RC0RB_1LA1RB_0LD1RC	theories/Machines/ListCStage3/LCS3_fuel_10.v	R_NeverQH	fuel	3	0	131
1RB1LD_1RC0RB_1LA1RD_0LD0RC	nqh_1RB1LD_1RC0RB_1LA1RD_0LD0RC	theories/Machines/ListCStage3/LCS3_fuel_10.v	R_NeverQH	fuel	2	0	181
1RB1LD_1RC1RD_1LA0LC_0RD1LC	nqh_1RB1LD_1RC1RD_1LA0LC_0RD1LC	theories/Machines/ListCStage3/LCS3_fuel_10.v	R_NeverQH	fuel	2	0	147
1RB1RA_0LB1LC_0RA1RD_1LB0RD	nqh_1RB1RA_0LB1LC_0RA1RD_1LB0RD	theories/Machines/ListCStage3/LCS3_fuel_10.v	R_NeverQH	fuel	2	0	141
1RB1RA_0LB1LC_1RD0LC_0RD1LA	nqh_1RB1RA_0LB1LC_1RD0LC_0RD1LA	theories/Machines/ListCStage3/LCS3_fuel_10.v	R_NeverQH	fuel	2	0	89
1RB1RA_0RC0RD_1LC0LA_0RB0LC	nqh_1RB1RA_0RC0RD_1LC0LA_0RB0LC	theories/Machines/ListCStage3/LCS3_fuel_10.v	R_NeverQH	fuel	3	0	352
1RB1RA_1LB1LC_1RD0LC_0RD0LA	nqh_1RB1RA_1LB1LC_1RD0LC_0RD0LA	theories/Machines/ListCStage3/LCS3_fuel_10.v	R_NeverQH	fuel	2	0	63
1RB1RA_1LB1LC_1RD0LC_0RD1LA	nqh_1RB1RA_1LB1LC_1RD0LC_0RD1LA	theories/Machines/ListCStage3/LCS3_fuel_10.v	R_NeverQH	fuel	2	0	185
1RB1RA_1LB1RC_0RC1LD_1LA0LD	nqh_1RB1RA_1LB1RC_0RC1LD_1LA0LD	theories/Machines/ListCStage3/LCS3_fuel_10.v	R_NeverQH	fuel	3	64	234
1RB1RA_1LC0LB_1RD0LC_0RD1LA	nqh_1RB1RA_1LC0LB_1RD0LC_0RD1LA	theories/Machines/ListCStage3/LCS3_fuel_10.v	R_NeverQH	fuel	2	0	126
1RB1RA_1LC0RB_0LC0LD_1RD1LA	nqh_1RB1RA_1LC0RB_0LC0LD_1RD1LA	theories/Machines/ListCStage3/LCS3_fuel_10.v	R_NeverQH	fuel	3	0	344
1RB1RA_1LC0RB_0LC1LD_0RA1RB	nqh_1RB1RA_1LC0RB_0LC1LD_0RA1RB	theories/Machines/ListCStage3/LCS3_fuel_10.v	R_NeverQH	fuel	2	0	165
1RB1RA_1LC0RB_1LD1RC_0LC0LA	nqh_1RB1RA_1LC0RB_1LD1RC_0LC0LA	theories/Machines/ListCStage3/LCS3_fuel_10.v	R_NeverQH	fuel	2	0	115
1RB1RA_1LC1RD_1LA0LC_0RD1LC	nqh_1RB1RA_1LC1RD_1LA0LC_0RD1LC	theories/Machines/ListCStage3/LCS3_fuel_10.v	R_NeverQH	fuel	3	64	221
1RB1RA_1RC0RB_1LC1LD_0LD0LA	nqh_1RB1RA_1RC0RB_1LC1LD_0LD0LA	theories/Machines/ListCStage3/LCS3_fuel_10.v	R_NeverQH	fuel	2	0	163
1RB1RB_0LB1LC_1RD0LC_0RD1LA	nqh_1RB1RB_0LB1LC_1RD0LC_0RD1LA	theories/Machines/ListCStage3/LCS3_fuel_10.v	R_NeverQH	fuel	2	0	79
1RB1RB_0LB1RC_1LD0RC_0LB1LA	nqh_1RB1RB_0LB1RC_1LD0RC_0LB1LA	theories/Machines/ListCStage3/LCS3_fuel_10.v	R_NeverQH	fuel	2	0	89
1RB1RB_0LB1RC_1LD0RC_0LD1LA	nqh_1RB1RB_0LB1RC_1LD0RC_0LD1LA	theories/Machines/ListCStage3/LCS3_fuel_10.v	R_NeverQH	fuel	2	0	89
1RB1RB_0LB1RC_1LD0RC_1LB1LA	nqh_1RB1RB_0LB1RC_1LD0RC_1LB1LA	theories/Machines/ListCStage3/LCS3_fuel_10.v	R_NeverQH	fuel	2	0	101
1RB1RB_0LC1RD_0LB1LA_1LB0RD	nqh_1RB1RB_0LC1RD_0LB1LA_1LB0RD	theories/Machines/ListCStage3/LCS3_fuel_10.v	R_NeverQH	fuel	2	0	117
1RB1RB_0LC1RD_0LB1LA_1LC0RD	nqh_1RB1RB_0LC1RD_0LB1LA_1LC0RD	theories/Machines/ListCStage3/LCS3_fuel_10.v	R_NeverQH	fuel	2	0	117
1RB1RB_0LC1RD_0LC1LA_1LB0RD	nqh_1RB1RB_0LC1RD_0LC1LA_1LB0RD	theories/Machines/ListCStage3/LCS3_fuel_10.v	R_NeverQH	fuel	2	0	105
1RB1RB_0LC1RD_0LC1LA_1LC0RD	nqh_1RB1RB_0LC1RD_0LC1LA_1LC0RD	theories/Machines/ListCStage3/LCS3_fuel_10.v	R_NeverQH	fuel	2	0	97
1RB1RB_0LC1RD_1LB1LA_1LB0RD	nqh_1RB1RB_0LC1RD_1LB1LA_1LB0RD	theories/Machines/ListCStage3/LCS3_fuel_10.v	R_NeverQH	fuel	2	0	107
1RB1RB_0RC0LC_1LD0RB_1LD1RA	nqh_1RB1RB_0RC0LC_1LD0RB_1LD1RA	theories/Machines/ListCStage3/LCS3_fuel_10.v	R_NeverQH	fuel	2	0	46
1RB1RB_0RC1RB_1LD0RB_0LD1LA	nqh_1RB1RB_0RC1RB_1LD0RB_0LD1LA	theories/Machines/ListCStage3/LCS3_fuel_10.v	R_NeverQH	fuel	2	0	115
1RB1RB_0RC1RB_1LD0RC_0LD1LA	nqh_1RB1RB_0RC1RB_1LD0RC_0LD1LA	theories/Machines/ListCStage3/LCS3_fuel_10.v	R_NeverQH	fuel	2	0	79
1RB1RB_0RC1RC_1LD0RB_0LD1LA	nqh_1RB1RB_0RC1RC_1LD0RB_0LD1LA	theories/Machines/ListCStage3/LCS3_fuel_10.v	R_NeverQH	fuel	2	0	115
1RB1RB_0RC1RC_1LD0RC_0LD1LA	nqh_1RB1RB_0RC1RC_1LD0RC_0LD1LA	theories/Machines/ListCStage3/LCS3_fuel_10.v	R_NeverQH	fuel	2	0	95
1RB1RB_0RC1RD_0LC1LA_1LC0RD	nqh_1RB1RB_0RC1RD_0LC1LA_1LC0RD	theories/Machines/ListCStage3/LCS3_fuel_10.v	R_NeverQH	fuel	2	0	111
1RB1RB_1LA0RC_1LD0RC_0LD0RB	nqh_1RB1RB_1LA0RC_1LD0RC_0LD0RB	theories/Machines/ListCStage3/LCS3_fuel_10.v	R_NeverQH	fuel	2	0	61
1RB1RB_1LA0RC_1LD0RC_0LD1RB	nqh_1RB1RB_1LA0RC_1LD0RC_0LD1RB	theories/Machines/ListCStage3/LCS3_fuel_10.v	R_NeverQH	fuel	2	0	61
1RB1RB_1LA0RC_1LD1RC_0LD0RB	nqh_1RB1RB_1LA0RC_1LD1RC_0LD0RB	theories/Machines/ListCStage3/LCS3_fuel_10.v	R_NeverQH	fuel	2	0	119
1RB1RB_1LA1LC_1RD0LC_0RD0LA	nqh_1RB1RB_1LA1LC_1RD0LC_0RD0LA	theories/Machines/ListCStage3/LCS3_fuel_10.v	R_NeverQH	fuel	2	0	71
1RB1RB_1LA1LC_1RD0LC_0RD1LA	nqh_1RB1RB_1LA1LC_1RD0LC_0RD1LA	theories/Machines/ListCStage3/LCS3_fuel_10.v	R_NeverQH	fuel	2	0	63
1RB1RB_1LA1RC_1LD0RC_0LD0LA	nqh_1RB1RB_1LA1RC_1LD0RC_0LD0LA	theories/Machines/ListCStage3/LCS3_fuel_10.v	R_NeverQH	fuel	2	0	123
1RB1RB_1LA1RC_1LD0RC_0LD1LA	nqh_1RB1RB_1LA1RC_1LD0RC_0LD1LA	theories/Machines/ListCStage3/LCS3_fuel_10.v	R_NeverQH	fuel	2	0	91
1RB1RB_1LB1LC_1RD0LC_0RD1LA	nqh_1RB1RB_1LB1LC_1RD0LC_0RD1LA	theories/Machines/ListCStage3/LCS3_fuel_10.v	R_NeverQH	fuel	2	0	105
1RB1RB_1LB1RC_0RC1LD_1LA0LD	nqh_1RB1RB_1LB1RC_0RC1LD_1LA0LD	theories/Machines/ListCStage3/LCS3_fuel_10.v	R_NeverQH	fuel	2	0	68
1RB1RB_1LB1RC_1LD0RC_0LD1LA	nqh_1RB1RB_1LB1RC_1LD0RC_0LD1LA	theories/Machines/ListCStage3/LCS3_fuel_11.v	R_NeverQH	fuel	2	0	99
1RB1RB_1LC0LA_1RD0LC_0RD1LA	nqh_1RB1RB_1LC0LA_1RD0LC_0RD1LA	theories/Machines/ListCStage3/LCS3_fuel_11.v	R_NeverQH	fuel	2	0	67
1RB1RB_1LC0RB_0LC0RD_1LA1RD	nqh_1RB1RB_1LC0RB_0LC0RD_1LA1RD	theories/Machines/ListCStage3/LCS3_fuel_11.v	R_NeverQH	fuel	2	0	73
1RB1RB_1LC0RB_0LC1LD_0RA---	nqh_1RB1RB_1LC0RB_0LC1LD_0RAXXX	theories/Machines/ListCStage3/LCS3_fuel_11.v	R_NeverQH	fuel	2	0	63
1RB1RB_1LC0RB_0LC1LD_0RD1RA	nqh_1RB1RB_1LC0RB_0LC1LD_0RD1RA	theories/Machines/ListCStage3/LCS3_fuel_11.v	R_NeverQH	fuel	2	0	105
1RB1RB_1LC0RB_0LC1LD_1RA0RA	nqh_1RB1RB_1LC0RB_0LC1LD_1RA0RA	theories/Machines/ListCStage3/LCS3_fuel_11.v	R_NeverQH	fuel	2	0	149
1RB1RB_1LC0RB_0LC1LD_1RA0RC	nqh_1RB1RB_1LC0RB_0LC1LD_1RA0RC	theories/Machines/ListCStage3/LCS3_fuel_11.v	R_NeverQH	fuel	2	0	95
1RB1RB_1LC0RB_0LC1LD_1RA1RA	nqh_1RB1RB_1LC0RB_0LC1LD_1RA1RA	theories/Machines/ListCStage3/LCS3_fuel_11.v	R_NeverQH	fuel	2	0	85
1RB1RB_1LC0RB_0LC1LD_1RC0RA	nqh_1RB1RB_1LC0RB_0LC1LD_1RC0RA	theories/Machines/ListCStage3/LCS3_fuel_11.v	R_NeverQH	fuel	2	0	77
1RB1RB_1LC0RB_0LC1LD_1RC1RA	nqh_1RB1RB_1LC0RB_0LC1LD_1RC1RA	theories/Machines/ListCStage3/LCS3_fuel_11.v	R_NeverQH	fuel	2	0	97
1RB1RB_1LC0RB_0LC1LD_1RD1RA	nqh_1RB1RB_1LC0RB_0LC1LD_1RD1RA	theories/Machines/ListCStage3/LCS3_fuel_11.v	R_NeverQH	fuel	2	0	105
1RB1RB_1LC0RB_0LC1RD_0LA0RB	nqh_1RB1RB_1LC0RB_0LC1RD_0LA0RB	theories/Machines/ListCStage3/LCS3_fuel_11.v	R_NeverQH	fuel	2	0	73
1RB1RB_1LC0RB_0LC1RD_0LA1LA	nqh_1RB1RB_1LC0RB_0LC1RD_0LA1LA	theories/Machines/ListCStage3/LCS3_fuel_11.v	R_NeverQH	fuel	2	0	85
1RB1RB_1LC0RB_0LC1RD_1LA0LC	nqh_1RB1RB_1LC0RB_0LC1RD_1LA0LC	theories/Machines/ListCStage3/LCS3_fuel_11.v	R_NeverQH	fuel	2	0	69
1RB1RB_1LC0RB_0LC1RD_1LA0LD	nqh_1RB1RB_1LC0RB_0LC1RD_1LA0LD	theories/Machines/ListCStage3/LCS3_fuel_11.v	R_NeverQH	fuel	2	0	105
1RB1RB_1LC0RB_0LC1RD_1LA0RB	nqh_1RB1RB_1LC0RB_0LC1RD_1LA0RB	theories/Machines/ListCStage3/LCS3_fuel_11.v	R_NeverQH	fuel	2	0	61
1RB1RB_1LC0RB_0LC1RD_1LA0RC	nqh_1RB1RB_1LC0RB_0LC1RD_1LA0RC	theories/Machines/ListCStage3/LCS3_fuel_11.v	R_NeverQH	fuel	2	0	75
1RB1RB_1LC0RB_0LC1RD_1LA0RD	nqh_1RB1RB_1LC0RB_0LC1RD_1LA0RD	theories/Machines/ListCStage3/LCS3_fuel_11.v	R_NeverQH	fuel	2	0	99
1RB1RB_1LC0RB_0LC1RD_1LA1LA	nqh_1RB1RB_1LC0RB_0LC1RD_1LA1LA	theories/Machines/ListCStage3/LCS3_fuel_11.v	R_NeverQH	fuel	2	0	65
1RB1RB_1LC0RB_0LC1RD_1LA1LD	nqh_1RB1RB_1LC0RB_0LC1RD_1LA1LD	theories/Machines/ListCStage3/LCS3_fuel_11.v	R_NeverQH	fuel	2	0	81
1RB1RB_1LC0RB_0LC1RD_1LA1RC	nqh_1RB1RB_1LC0RB_0LC1RD_1LA1RC	theories/Machines/ListCStage3/LCS3_fuel_11.v	R_NeverQH	fuel	2	0	107
1RB1RB_1LC0RB_0LC1RD_1LA1RD	nqh_1RB1RB_1LC0RB_0LC1RD_1LA1RD	theories/Machines/ListCStage3/LCS3_fuel_11.v	R_NeverQH	fuel	2	0	99
1RB1RB_1LC0RB_0LC1RD_1LC1LA	nqh_1RB1RB_1LC0RB_0LC1RD_1LC1LA	theories/Machines/ListCStage3/LCS3_fuel_11.v	R_NeverQH	fuel	2	0	73
1RB1RB_1LC0RB_0LD1LA_0LD1RA	nqh_1RB1RB_1LC0RB_0LD1LA_0LD1RA	theories/Machines/ListCStage3/LCS3_fuel_11.v	R_NeverQH	fuel	2	0	57
1RB1RB_1LC0RB_1LD1LA_0LC0RA	nqh_1RB1RB_1LC0RB_1LD1LA_0LC0RA	theories/Machines/ListCStage3/LCS3_fuel_11.v	R_NeverQH	fuel	2	0	101
1RB1RB_1LC0RB_1LD1LA_0LC1RA	nqh_1RB1RB_1LC0RB_1LD1LA_0LC1RA	theories/Machines/ListCStage3/LCS3_fuel_11.v	R_NeverQH	fuel	2	0	169
1RB1RB_1LC0RB_1LD1LA_0LC1RC	nqh_1RB1RB_1LC0RB_1LD1LA_0LC1RC	theories/Machines/ListCStage3/LCS3_fuel_11.v	R_NeverQH	fuel	2	0	85
1RB1RB_1LC0RB_1LD1LA_0LD1RC	nqh_1RB1RB_1LC0RB_1LD1LA_0LD1RC	theories/Machines/ListCStage3/LCS3_fuel_11.v	R_NeverQH	fuel	2	0	89
1RB1RB_1LC0RD_0LC1LD_0RB1RA	nqh_1RB1RB_1LC0RD_0LC1LD_0RB1RA	theories/Machines/ListCStage3/LCS3_fuel_11.v	R_NeverQH	fuel	3	0	205
1RB1RB_1LC1RD_0LB1LA_1LC0RD	nqh_1RB1RB_1LC1RD_0LB1LA_1LC0RD	theories/Machines/ListCStage3/LCS3_fuel_11.v	R_NeverQH	fuel	2	0	89
1RB1RB_1LC1RD_0LC1LA_1LB0RD	nqh_1RB1RB_1LC1RD_0LC1LA_1LB0RD	theories/Machines/ListCStage3/LCS3_fuel_11.v	R_NeverQH	fuel	2	0	113
1RB1RB_1LC1RD_0LC1LA_1LC0RD	nqh_1RB1RB_1LC1RD_0LC1LA_1LC0RD	theories/Machines/ListCStage3/LCS3_fuel_11.v	R_NeverQH	fuel	2	0	85
1RB1RB_1LC1RD_1LA0LC_0RD1LC	nqh_1RB1RB_1LC1RD_1LA0LC_0RD1LC	theories/Machines/ListCStage3/LCS3_fuel_11.v	R_NeverQH	fuel	2	0	64
1RB1RB_1RC---_1LD0RC_0LD0LA	nqh_1RB1RB_1RCXXX_1LD0RC_0LD0LA	theories/Machines/ListCStage3/LCS3_fuel_11.v	R_NeverQH	fuel	2	0	131
1RB1RB_1RC0LA_1LD0RC_0LD1LA	nqh_1RB1RB_1RC0LA_1LD0RC_0LD1LA	theories/Machines/ListCStage3/LCS3_fuel_11.v	R_NeverQH	fuel	2	0	111
1RB1RB_1RC1RC_1LD0RC_0LD1LA	nqh_1RB1RB_1RC1RC_1LD0RC_0LD1LA	theories/Machines/ListCStage3/LCS3_fuel_11.v	R_NeverQH	fuel	2	0	87
1RB1RB_1RC1RD_0LC1LA_1LC0RD	nqh_1RB1RB_1RC1RD_0LC1LA_1LC0RD	theories/Machines/ListCStage3/LCS3_fuel_11.v	R_NeverQH	fuel	2	0	103
1RB1RC_0LA0RC_0LD0RB_1LD1LA	nqh_1RB1RC_0LA0RC_0LD0RB_1LD1LA	theories/Machines/ListCStage3/LCS3_fuel_11.v	R_NeverQH	fuel	2	0	120
1RB1RC_0LA0RC_1LD0RC_0LD1RB	nqh_1RB1RC_0LA0RC_1LD0RC_0LD1RB	theories/Machines/ListCStage3/LCS3_fuel_11.v	R_NeverQH	fuel	2	0	77
1RB1RC_0LA1LA_1LD0RC_0LD0RB	nqh_1RB1RC_0LA1LA_1LD0RC_0LD0RB	theories/Machines/ListCStage3/LCS3_fuel_11.v	R_NeverQH	fuel	2	0	113
1RB1RC_0LA1LA_1LD0RC_0LD1RB	nqh_1RB1RC_0LA1LA_1LD0RC_0LD1RB	theories/Machines/ListCStage3/LCS3_fuel_11.v	R_NeverQH	fuel	2	0	89
1RB1RC_0LA1LD_1LA0RC_0LD0RB	nqh_1RB1RC_0LA1LD_1LA0RC_0LD0RB	theories/Machines/ListCStage3/LCS3_fuel_11.v	R_NeverQH	fuel	2	0	129
1RB1RC_0LB1LA_---1RD_1LB0RD	nqh_1RB1RC_0LB1LA_XXX1RD_1LB0RD	theories/Machines/ListCStage3/LCS3_fuel_11.v	R_NeverQH	fuel	2	0	113
1RB1RC_0LB1LA_0LB1RD_1LC0RD	nqh_1RB1RC_0LB1LA_0LB1RD_1LC0RD	theories/Machines/ListCStage3/LCS3_fuel_11.v	R_NeverQH	fuel	2	0	121
1RB1RC_0LB1LA_0RD1RC_1LB0RC	nqh_1RB1RC_0LB1LA_0RD1RC_1LB0RC	theories/Machines/ListCStage3/LCS3_fuel_11.v	R_NeverQH	fuel	2	0	125
1RB1RC_0LB1LA_0RD1RC_1LB0RD	nqh_1RB1RC_0LB1LA_0RD1RC_1LB0RD	theories/Machines/ListCStage3/LCS3_fuel_11.v	R_NeverQH	fuel	2	0	105
1RB1RC_0LB1LA_0RD1RD_1LB0RC	nqh_1RB1RC_0LB1LA_0RD1RD_1LB0RC	theories/Machines/ListCStage3/LCS3_fuel_11.v	R_NeverQH	fuel	2	0	141
1RB1RC_0LB1LA_1LB1RD_1LC0RD	nqh_1RB1RC_0LB1LA_1LB1RD_1LC0RD	theories/Machines/ListCStage3/LCS3_fuel_11.v	R_NeverQH	fuel	2	0	145
1RB1RC_0LB1LA_1LD0RC_0RA1LB	nqh_1RB1RC_0LB1LA_1LD0RC_0RA1LB	theories/Machines/ListCStage3/LCS3_fuel_11.v	R_NeverQH	fuel	2	0	133
1RB1RC_0LB1LA_1RD0LA_1LB0RD	nqh_1RB1RC_0LB1LA_1RD0LA_1LB0RD	theories/Machines/ListCStage3/LCS3_fuel_11.v	R_NeverQH	fuel	2	0	145
1RB1RC_0LB1RC_1LA0RD_1LB0RD	nqh_1RB1RC_0LB1RC_1LA0RD_1LB0RD	theories/Machines/ListCStage3/LCS3_fuel_12.v	R_NeverQH	fuel	2	0	65
1RB1RC_0LC1LA_0LB1RD_1LB0RD	nqh_1RB1RC_0LC1LA_0LB1RD_1LB0RD	theories/Machines/ListCStage3/LCS3_fuel_12.v	R_NeverQH	fuel	2	0	129
1RB1RC_0LC1LA_0LB1RD_1LC0RD	nqh_1RB1RC_0LC1LA_0LB1RD_1LC0RD	theories/Machines/ListCStage3/LCS3_fuel_12.v	R_NeverQH	fuel	2	0	117
1RB1RC_0LC1LA_0LC1RD_1LB0RD	nqh_1RB1RC_0LC1LA_0LC1RD_1LB0RD	theories/Machines/ListCStage3/LCS3_fuel_12.v	R_NeverQH	fuel	2	0	101
1RB1RC_0LC1LA_1LB1RD_1LB0RD	nqh_1RB1RC_0LC1LA_1LB1RD_1LB0RD	theories/Machines/ListCStage3/LCS3_fuel_12.v	R_NeverQH	fuel	2	0	105
1RB1RC_0RC1RA_0LD0RB_1LD0LA	nqh_1RB1RC_0RC1RA_0LD0RB_1LD0LA	theories/Machines/ListCStage3/LCS3_fuel_12.v	R_NeverQH	fuel	2	0	316
1RB1RC_0RC1RA_1LD0RB_0LD1LA	nqh_1RB1RC_0RC1RA_1LD0RB_0LD1LA	theories/Machines/ListCStage3/LCS3_fuel_12.v	R_NeverQH	fuel	2	0	219
1RB1RC_0RC1RD_0LD0RB_1LD0LA	nqh_1RB1RC_0RC1RD_0LD0RB_1LD0LA	theories/Machines/ListCStage3/LCS3_fuel_12.v	R_NeverQH	fuel	2	0	283
1RB1RC_1LA---_1LD0RC_0LD1RB	nqh_1RB1RC_1LAXXX_1LD0RC_0LD1RB	theories/Machines/ListCStage3/LCS3_fuel_12.v	R_NeverQH	fuel	2	0	61
1RB1RC_1LA0LA_0RC1LD_0RB0LD	nqh_1RB1RC_1LA0LA_0RC1LD_0RB0LD	theories/Machines/ListCStage3/LCS3_fuel_12.v	R_NeverQH	fuel	2	0	123
1RB1RC_1LA0LA_1LD0RC_0LD0RB	nqh_1RB1RC_1LA0LA_1LD0RC_0LD0RB	theories/Machines/ListCStage3/LCS3_fuel_12.v	R_NeverQH	fuel	2	0	93
1RB1RC_1LA0RC_1LD0RC_0LD0RB	nqh_1RB1RC_1LA0RC_1LD0RC_0LD0RB	theories/Machines/ListCStage3/LCS3_fuel_12.v	R_NeverQH	fuel	2	0	61
1RB1RC_1LA0RD_0LC0RB_1LC0RD	nqh_1RB1RC_1LA0RD_0LC0RB_1LC0RD	theories/Machines/ListCStage3/LCS3_fuel_12.v	R_NeverQH	fuel	2	0	99
1RB1RC_1LA0RD_0LC0RB_1LC1RD	nqh_1RB1RC_1LA0RD_0LC0RB_1LC1RD	theories/Machines/ListCStage3/LCS3_fuel_12.v	R_NeverQH	fuel	2	0	143
1RB1RC_1LA1LA_1LD0RC_0LD0RB	nqh_1RB1RC_1LA1LA_1LD0RC_0LD0RB	theories/Machines/ListCStage3/LCS3_fuel_12.v	R_NeverQH	fuel	2	0	69
1RB1RC_1LA1RA_1LD0RC_0LD0LB	nqh_1RB1RC_1LA1RA_1LD0RC_0LD0LB	theories/Machines/ListCStage3/LCS3_fuel_12.v	R_NeverQH	fuel	2	0	199
1RB1RC_1LA1RA_1LD0RC_0LD1LB	nqh_1RB1RC_1LA1RA_1LD0RC_0LD1LB	theories/Machines/ListCStage3/LCS3_fuel_12.v	R_NeverQH	fuel	2	0	159
1RB1RC_1LA1RB_1LD0RC_0LD1LB	nqh_1RB1RC_1LA1RB_1LD0RC_0LD1LB	theories/Machines/ListCStage3/LCS3_fuel_12.v	R_NeverQH	fuel	2	0	167
1RB1RC_1LA1RC_0RC1LD_1LA0LD	nqh_1RB1RC_1LA1RC_0RC1LD_1LA0LD	theories/Machines/ListCStage3/LCS3_fuel_12.v	R_NeverQH	fuel	2	0	129
1RB1RC_1LB0RA_1LD0RC_0LD0LA	nqh_1RB1RC_1LB0RA_1LD0RC_0LD0LA	theories/Machines/ListCStage3/LCS3_fuel_12.v	R_NeverQH	fuel	2	0	94
1RB1RC_1LB0RC_0RB1LD_1LA0LD	nqh_1RB1RC_1LB0RC_0RB1LD_1LA0LD	theories/Machines/ListCStage3/LCS3_fuel_12.v	R_NeverQH	fuel	2	0	213
1RB1RC_1LB1LA_1LD0RC_0LD0RA	nqh_1RB1RC_1LB1LA_1LD0RC_0LD0RA	theories/Machines/ListCStage3/LCS3_fuel_12.v	R_NeverQH	fuel	2	0	61
1RB1RC_1LB1LA_1LD0RC_0LD1RA	nqh_1RB1RC_1LB1LA_1LD0RC_0LD1RA	theories/Machines/ListCStage3/LCS3_fuel_12.v	R_NeverQH	fuel	2	0	61
1RB1RC_1LB1LA_1RD0LC_0RD0LA	nqh_1RB1RC_1LB1LA_1RD0LC_0RD0LA	theories/Machines/ListCStage3/LCS3_fuel_12.v	R_NeverQH	fuel	2	0	81
1RB1RC_1LB1LC_1RD0LC_0RD1LA	nqh_1RB1RC_1LB1LC_1RD0LC_0RD1LA	theories/Machines/ListCStage3/LCS3_fuel_12.v	R_NeverQH	fuel	2	0	59
1RB1RC_1LB1RA_0RD0LD_1LB0RC	nqh_1RB1RC_1LB1RA_0RD0LD_1LB0RC	theories/Machines/ListCStage3/LCS3_fuel_12.v	R_NeverQH	fuel	2	0	103
1RB1RC_1LB1RA_1LD0RC_0LD1LB	nqh_1RB1RC_1LB1RA_1LD0RC_0LD1LB	theories/Machines/ListCStage3/LCS3_fuel_12.v	R_NeverQH	fuel	2	0	91
1RB1RC_1LB1RC_0RC1LD_1LA0LD	nqh_1RB1RC_1LB1RC_0RC1LD_1LA0LD	theories/Machines/ListCStage3/LCS3_fuel_12.v	R_NeverQH	fuel	2	0	129
1RB1RC_1LC0LB_0RC1LD_1RA1LA	nqh_1RB1RC_1LC0LB_0RC1LD_1RA1LA	theories/Machines/ListCStage3/LCS3_fuel_12.v	R_NeverQH	fuel	3	0	157
1RB1RC_1LC0LB_0RC1LD_1RA1LB	nqh_1RB1RC_1LC0LB_0RC1LD_1RA1LB	theories/Machines/ListCStage3/LCS3_fuel_12.v	R_NeverQH	fuel	3	0	242
1RB1RC_1LC0LB_1RD0LB_0RD0LA	nqh_1RB1RC_1LC0LB_1RD0LB_0RD0LA	theories/Machines/ListCStage3/LCS3_fuel_12.v	R_NeverQH	fuel	2	0	102
1RB1RC_1LC0LC_1RD0LB_0RD0LA	nqh_1RB1RC_1LC0LC_1RD0LB_0RD0LA	theories/Machines/ListCStage3/LCS3_fuel_12.v	R_NeverQH	fuel	2	0	154
1RB1RC_1LC0RB_0LC0RD_1LA1RD	nqh_1RB1RC_1LC0RB_0LC0RD_1LA1RD	theories/Machines/ListCStage3/LCS3_fuel_12.v	R_NeverQH	fuel	2	0	159
1RB1RC_1LC0RD_1LA0LC_0RD0LA	nqh_1RB1RC_1LC0RD_1LA0LC_0RD0LA	theories/Machines/ListCStage3/LCS3_fuel_12.v	R_NeverQH	fuel	2	0	69
1RB1RC_1LC0RD_1LA0LC_0RD1LC	nqh_1RB1RC_1LC0RD_1LA0LC_0RD1LC	theories/Machines/ListCStage3/LCS3_fuel_12.v	R_NeverQH	fuel	2	0	87
1RB1RC_1LC1LA_0LB1RD_1LC0RD	nqh_1RB1RC_1LC1LA_0LB1RD_1LC0RD	theories/Machines/ListCStage3/LCS3_fuel_12.v	R_NeverQH	fuel	2	0	105
1RB1RC_1LC1LA_0LC1RD_1LB0RD	nqh_1RB1RC_1LC1LA_0LC1RD_1LB0RD	theories/Machines/ListCStage3/LCS3_fuel_12.v	R_NeverQH	fuel	2	0	179
1RB1RC_1LC1RD_1LA0LC_0RD1LC	nqh_1RB1RC_1LC1RD_1LA0LC_0RD1LC	theories/Machines/ListCStage3/LCS3_fuel_12.v	R_NeverQH	fuel	2	0	84
1RB1RC_1RC1RA_1LD0RC_0LD1LB	nqh_1RB1RC_1RC1RA_1LD0RC_0LD1LB	theories/Machines/ListCStage3/LCS3_fuel_12.v	R_NeverQH	fuel	3	0	129
1RB1RD_0LB0RC_0LD0RB_1LA1LD	nqh_1RB1RD_0LB0RC_0LD0RB_1LA1LD	theories/Machines/ListCStage3/LCS3_fuel_12.v	R_NeverQH	fuel	2	0	120
1RB1RD_0LB1LC_0RA---_1LB0RD	nqh_1RB1RD_0LB1LC_0RAXXX_1LB0RD	theories/Machines/ListCStage3/LCS3_fuel_12.v	R_NeverQH	fuel	2	0	78
1RB1RD_0LB1LC_0RA0LB_1LA0RD	nqh_1RB1RD_0LB1LC_0RA0LB_1LA0RD	theories/Machines/ListCStage3/LCS3_fuel_12.v	R_NeverQH	fuel	2	0	103
1RB1RD_0LB1LC_0RA1LB_1LA0RD	nqh_1RB1RD_0LB1LC_0RA1LB_1LA0RD	theories/Machines/ListCStage3/LCS3_fuel_12.v	R_NeverQH	fuel	2	0	109
1RB1RD_0LB1LC_0RC1RA_1LB0RD	nqh_1RB1RD_0LB1LC_0RC1RA_1LB0RD	theories/Machines/ListCStage3/LCS3_fuel_12.v	R_NeverQH	fuel	2	0	133
1RB1RD_0LB1LC_1LA1RA_1LB0RD	nqh_1RB1RD_0LB1LC_1LA1RA_1LB0RD	theories/Machines/ListCStage3/LCS3_fuel_12.v	R_NeverQH	fuel	2	0	145
1RB1RD_0LB1LC_1LA1RC_1LB0RD	nqh_1RB1RD_0LB1LC_1LA1RC_1LB0RD	theories/Machines/ListCStage3/LCS3_fuel_12.v	R_NeverQH	fuel	2	0	173
1RB1RD_0LB1LC_1RA0RA_1LB0RD	nqh_1RB1RD_0LB1LC_1RA0RA_1LB0RD	theories/Machines/ListCStage3/LCS3_fuel_12.v	R_NeverQH	fuel	2	0	165
1RB1RD_0LB1LC_1RA0RB_1LB0RD	nqh_1RB1RD_0LB1LC_1RA0RB_1LB0RD	theories/Machines/ListCStage3/LCS3_fuel_12.v	R_NeverQH	fuel	2	0	113
1RB1RD_0LB1LC_1RA1RA_1LB0RD	nqh_1RB1RD_0LB1LC_1RA1RA_1LB0RD	theories/Machines/ListCStage3/LCS3_fuel_12.v	R_NeverQH	fuel	2	0	97
1RB1RD_0LB1LC_1RB0RA_1LB0RD	nqh_1RB1RD_0LB1LC_1RB0RA_1LB0RD	theories/Machines/ListCStage3/LCS3_fuel_12.v	R_NeverQH	fuel	2	0	99
1RB1RD_0LB1LC_1RB1RA_1LB0RD	nqh_1RB1RD_0LB1LC_1RB1RA_1LB0RD	theories/Machines/ListCStage3/LCS3_fuel_13.v	R_NeverQH	fuel	2	0	113
1RB1RD_0LB1LC_1RC1RA_1LB0RD	nqh_1RB1RD_0LB1LC_1RC1RA_1LB0RD	theories/Machines/ListCStage3/LCS3_fuel_13.v	R_NeverQH	fuel	2	0	133
1RB1RD_0LB1RC_0LA0RD_1LB0RD	nqh_1RB1RD_0LB1RC_0LA0RD_1LB0RD	theories/Machines/ListCStage3/LCS3_fuel_13.v	R_NeverQH	fuel	2	0	81
1RB1RD_0LB1RC_0LA1LA_1LB0RD	nqh_1RB1RD_0LB1RC_0LA1LA_1LB0RD	theories/Machines/ListCStage3/LCS3_fuel_13.v	R_NeverQH	fuel	2	0	93
1RB1RD_0LB1RC_1LA---_1LB0RD	nqh_1RB1RD_0LB1RC_1LAXXX_1LB0RD	theories/Machines/ListCStage3/LCS3_fuel_13.v	R_NeverQH	fuel	2	0	65
1RB1RD_0LB1RC_1LB1LA_1LB0RD	nqh_1RB1RD_0LB1RC_1LB1LA_1LB0RD	theories/Machines/ListCStage3/LCS3_fuel_13.v	R_NeverQH	fuel	2	0	77
1RB1RD_0LB1RC_1LB1LA_1LC0RD	nqh_1RB1RD_0LB1RC_1LB1LA_1LC0RD	theories/Machines/ListCStage3/LCS3_fuel_13.v	R_NeverQH	fuel	2	0	74
1RB1RD_0LC0LA_1LC1LA_0RB0RD	nqh_1RB1RD_0LC0LA_1LC1LA_0RB0RD	theories/Machines/ListCStage3/LCS3_fuel_13.v	R_NeverQH	fuel	2	0	185
1RB1RD_0LC0RC_0RC1LD_1LA0LD	nqh_1RB1RD_0LC0RC_0RC1LD_1LA0LD	theories/Machines/ListCStage3/LCS3_fuel_13.v	R_NeverQH	fuel	2	0	107
1RB1RD_0LC0RD_1LC1LA_0LA0RB	nqh_1RB1RD_0LC0RD_1LC1LA_0LA0RB	theories/Machines/ListCStage3/LCS3_fuel_13.v	R_NeverQH	fuel	2	0	87
1RB1RD_0LC1RC_1LB1LA_1LC0RD	nqh_1RB1RD_0LC1RC_1LB1LA_1LC0RD	theories/Machines/ListCStage3/LCS3_fuel_13.v	R_NeverQH	fuel	2	0	203
1RB1RD_1LB0RC_0RC1LD_1LA0LD	nqh_1RB1RD_1LB0RC_0RC1LD_1LA0LD	theories/Machines/ListCStage3/LCS3_fuel_13.v	R_NeverQH	fuel	2	0	107
1RB1RD_1LB1RC_0RC1LD_1LA0LD	nqh_1RB1RD_1LB1RC_0RC1LD_1LA0LD	theories/Machines/ListCStage3/LCS3_fuel_13.v	R_NeverQH	fuel	2	0	88
1RB1RD_1LC0LA_0RB1LA_0RD0LC	nqh_1RB1RD_1LC0LA_0RB1LA_0RD0LC	theories/Machines/ListCStage3/LCS3_fuel_13.v	R_NeverQH	fuel	2	0	117
1RB1RD_1LC0LA_1RB1LA_0RD0LC	nqh_1RB1RD_1LC0LA_1RB1LA_0RD0LC	theories/Machines/ListCStage3/LCS3_fuel_13.v	R_NeverQH	fuel	2	0	93
1RB1RD_1LC0LB_1RA0LB_0RD0LA	nqh_1RB1RD_1LC0LB_1RA0LB_0RD0LA	theories/Machines/ListCStage3/LCS3_fuel_13.v	R_NeverQH	fuel	2	0	86
1RB1RD_1LC0LB_1RA0LB_0RD1LB	nqh_1RB1RD_1LC0LB_1RA0LB_0RD1LB	theories/Machines/ListCStage3/LCS3_fuel_13.v	R_NeverQH	fuel	2	0	109
1RB1RD_1LC0LB_1RA0LD_0RD1LB	nqh_1RB1RD_1LC0LB_1RA0LD_0RD1LB	theories/Machines/ListCStage3/LCS3_fuel_13.v	R_NeverQH	fuel	2	0	167
1RB1RD_1LC0LB_1RA0RD_0RD1LB	nqh_1RB1RD_1LC0LB_1RA0RD_0RD1LB	theories/Machines/ListCStage3/LCS3_fuel_13.v	R_NeverQH	fuel	2	0	121
1RB1RD_1LC0LB_1RA1LA_0RD0LA	nqh_1RB1RD_1LC0LB_1RA1LA_0RD0LA	theories/Machines/ListCStage3/LCS3_fuel_13.v	R_NeverQH	fuel	2	0	98
1RB1RD_1LC0LB_1RA1LA_0RD1LB	nqh_1RB1RD_1LC0LB_1RA1LA_0RD1LB	theories/Machines/ListCStage3/LCS3_fuel_13.v	R_NeverQH	fuel	2	0	133
1RB1RD_1LC0LB_1RA1LB_0RD0RC	nqh_1RB1RD_1LC0LB_1RA1LB_0RD0RC	theories/Machines/ListCStage3/LCS3_fuel_13.v	R_NeverQH	fuel	6	0	3312
1RB1RD_1LC0LB_1RA1LB_0RD1LB	nqh_1RB1RD_1LC0LB_1RA1LB_0RD1LB	theories/Machines/ListCStage3/LCS3_fuel_13.v	R_NeverQH	fuel	2	0	121
1RB1RD_1LC0LB_1RA1LB_0RD1LC	nqh_1RB1RD_1LC0LB_1RA1LB_0RD1LC	theories/Machines/ListCStage3/LCS3_fuel_13.v	R_NeverQH	fuel	3	0	185
1RB1RD_1LC0LB_1RA1LC_0RD1LB	nqh_1RB1RD_1LC0LB_1RA1LC_0RD1LB	theories/Machines/ListCStage3/LCS3_fuel_13.v	R_NeverQH	fuel	2	0	93
1RB1RD_1LC0LB_1RA1LD_0RD1LB	nqh_1RB1RD_1LC0LB_1RA1LD_0RD1LB	theories/Machines/ListCStage3/LCS3_fuel_13.v	R_NeverQH	fuel	2	0	141
1RB1RD_1LC0LB_1RA1RD_0RD1LB	nqh_1RB1RD_1LC0LB_1RA1RD_0RD1LB	theories/Machines/ListCStage3/LCS3_fuel_13.v	R_NeverQH	fuel	2	0	129
1RB1RD_1LC0RB_0LC0RA_1LA1LD	nqh_1RB1RD_1LC0RB_0LC0RA_1LA1LD	theories/Machines/ListCStage3/LCS3_fuel_13.v	R_NeverQH	fuel	2	0	99
1RB1RD_1LC0RB_0LC1RD_1LA0RB	nqh_1RB1RD_1LC0RB_0LC1RD_1LA0RB	theories/Machines/ListCStage3/LCS3_fuel_13.v	R_NeverQH	fuel	2	0	61
1RB1RD_1LC0RC_0RC1LD_1LA0LD	nqh_1RB1RD_1LC0RC_0RC1LD_1LA0LD	theories/Machines/ListCStage3/LCS3_fuel_13.v	R_NeverQH	fuel	2	0	135
1RB1RD_1LC0RD_1LB1RA_0RB0LB	nqh_1RB1RD_1LC0RD_1LB1RA_0RB0LB	theories/Machines/ListCStage3/LCS3_fuel_13.v	R_NeverQH	fuel	3	0	207
1RB1RD_1LC0RD_1LC1RA_0RB0LB	nqh_1RB1RD_1LC0RD_1LC1RA_0RB0LB	theories/Machines/ListCStage3/LCS3_fuel_13.v	R_NeverQH	fuel	2	0	103
1RB1RD_1LC0RD_1RB1LA_0RD0LC	nqh_1RB1RD_1LC0RD_1RB1LA_0RD0LC	theories/Machines/ListCStage3/LCS3_fuel_13.v	R_NeverQH	fuel	2	0	73
1RB1RD_1LC1LA_0LB0RA_1LB0RD	nqh_1RB1RD_1LC1LA_0LB0RA_1LB0RD	theories/Machines/ListCStage3/LCS3_fuel_13.v	R_NeverQH	fuel	2	0	123
1RB1RD_1LC1LA_0LB0RB_1LB0RD	nqh_1RB1RD_1LC1LA_0LB0RB_1LB0RD	theories/Machines/ListCStage3/LCS3_fuel_13.v	R_NeverQH	fuel	2	0	111
1RB1RD_1LC1LA_0LB1RA_1LB0RD	nqh_1RB1RD_1LC1LA_0LB1RA_1LB0RD	theories/Machines/ListCStage3/LCS3_fuel_13.v	R_NeverQH	fuel	2	0	187
1RB1RD_1LC1LA_0LB1RB_1LB0RD	nqh_1RB1RD_1LC1LA_0LB1RB_1LB0RD	theories/Machines/ListCStage3/LCS3_fuel_13.v	R_NeverQH	fuel	2	0	95
1RB1RD_1LC1LA_0LC1RB_1LB0RD	nqh_1RB1RD_1LC1LA_0LC1RB_1LB0RD	theories/Machines/ListCStage3/LCS3_fuel_13.v	R_NeverQH	fuel	2	0	70
1RB1RD_1LC1LA_0LC1RB_1LC0RD	nqh_1RB1RD_1LC1LA_0LC1RB_1LC0RD	theories/Machines/ListCStage3/LCS3_fuel_13.v	R_NeverQH	fuel	2	0	73
1RB1RD_1LC1LA_0RB0LC_0RD0LA	nqh_1RB1RD_1LC1LA_0RB0LC_0RD0LA	theories/Machines/ListCStage3/LCS3_fuel_13.v	R_NeverQH	fuel	2	0	139
1RB1RD_1LC1RB_0LC1LA_0RB0RD	nqh_1RB1RD_1LC1RB_0LC1LA_0RB0RD	theories/Machines/ListCStage3/LCS3_fuel_13.v	R_NeverQH	fuel	2	0	137
1RB1RD_1LC1RC_1LA0LC_0RD0LA	nqh_1RB1RD_1LC1RC_1LA0LC_0RD0LA	theories/Machines/ListCStage3/LCS3_fuel_13.v	R_NeverQH	fuel	2	0	106
1RB1RD_1LC1RD_1LA0LC_0RD1LC	nqh_1RB1RD_1LC1RD_1LA0LC_0RD1LC	theories/Machines/ListCStage3/LCS3_fuel_13.v	R_NeverQH	fuel	2	0	125
1RB1RD_1RC0RA_0LC1LB_1LC0RD	nqh_1RB1RD_1RC0RA_0LC1LB_1LC0RD	theories/Machines/ListCStage3/LCS3_fuel_13.v	R_NeverQH	fuel	2	0	93
1RB1RD_1RC1RA_0LC1LB_1LC0RD	nqh_1RB1RD_1RC1RA_0LC1LB_1LC0RD	theories/Machines/ListCStage3/LCS3_fuel_13.v	R_NeverQH	fuel	2	0	111
1RB1RD_1RC1RD_1LA0LC_0RD1LC	nqh_1RB1RD_1RC1RD_1LA0LC_0RD1LC	theories/Machines/ListCStage3/LCS3_fuel_13.v	R_NeverQH	fuel	2	0	127
0RB0LA_1LC1LD_1RD0RD_1LA0RC	nqh_0RB0LA_1LC1LD_1RD0RD_1LA0RC	theories/Machines/ListCStage3/LCS3_drift_00.v	R_NeverQH	drift	2	0	133
0RB0LA_1RC0LC_1LA0RD_1LC0RD	nqh_0RB0LA_1RC0LC_1LA0RD_1LC0RD	theories/Machines/ListCStage3/LCS3_drift_00.v	R_NeverQH	drift	2	0	85
0RB0LA_1RC0LC_1LA1RD_1LC0RD	nqh_0RB0LA_1RC0LC_1LA1RD_1LC0RD	theories/Machines/ListCStage3/LCS3_drift_00.v	R_NeverQH	drift	2	0	157
0RB0LA_1RC0LD_1LD0RC_1LA0LA	nqh_0RB0LA_1RC0LD_1LD0RC_1LA0LA	theories/Machines/ListCStage3/LCS3_drift_00.v	R_NeverQH	drift	2	0	85
0RB0LA_1RC0LD_1LD0RC_1LA1LB	nqh_0RB0LA_1RC0LD_1LD0RC_1LA1LB	theories/Machines/ListCStage3/LCS3_drift_00.v	R_NeverQH	drift	2	0	107
0RB0LA_1RC0LD_1LD0RC_1LA1RC	nqh_0RB0LA_1RC0LD_1LD0RC_1LA1RC	theories/Machines/ListCStage3/LCS3_drift_00.v	R_NeverQH	drift	2	0	78
0RB0LA_1RC1LC_1LA0RD_0RC0LC	nqh_0RB0LA_1RC1LC_1LA0RD_0RC0LC	theories/Machines/ListCStage3/LCS3_drift_00.v	R_NeverQH	drift	2	0	99
0RB0LC_1LA1LC_1RD0RD_0LA1RB	nqh_0RB0LC_1LA1LC_1RD0RD_0LA1RB	theories/Machines/ListCStage3/LCS3_drift_00.v	R_NeverQH	drift	2	0	113
0RB0LC_1LC0RC_1RD1LB_1LA0RD	nqh_0RB0LC_1LC0RC_1RD1LB_1LA0RD	theories/Machines/ListCStage3/LCS3_drift_00.v	R_NeverQH	drift	2	0	179
0RB0LC_1RC1RD_1LB0LA_1LC0RD	nqh_0RB0LC_1RC1RD_1LB0LA_1LC0RD	theories/Machines/ListCStage3/LCS3_drift_00.v	R_NeverQH	drift	2	0	84
0RB0LC_1RC1RD_1LB1LA_1LB0RD	nqh_0RB0LC_1RC1RD_1LB1LA_1LB0RD	theories/Machines/ListCStage3/LCS3_drift_00.v	R_NeverQH	drift	2	0	98
0RB0LC_1RC1RD_1LB1LA_1LC0RD	nqh_0RB0LC_1RC1RD_1LB1LA_1LC0RD	theories/Machines/ListCStage3/LCS3_drift_00.v	R_NeverQH	drift	2	0	94
0RB0RD_1RC0LD_1LD0RC_1LA1LB	nqh_0RB0RD_1RC0LD_1LD0RC_1LA1LB	theories/Machines/ListCStage3/LCS3_drift_00.v	R_NeverQH	drift	2	0	87
0RB1LB_1RC1RD_1LB0LA_1LC0RD	nqh_0RB1LB_1RC1RD_1LB0LA_1LC0RD	theories/Machines/ListCStage3/LCS3_drift_00.v	R_NeverQH	drift	2	0	71
0RB1LC_0LC0RD_1RB1RD_1LA0LA	nqh_0RB1LC_0LC0RD_1RB1RD_1LA0LA	theories/Machines/ListCStage3/LCS3_drift_00.v	R_NeverQH	drift	2	0	115
0RB1LC_1LA0LC_1RD0RD_1RB0LA	nqh_0RB1LC_1LA0LC_1RD0RD_1RB0LA	theories/Machines/ListCStage3/LCS3_drift_00.v	R_NeverQH	drift	2	0	105
0RB1LD_1LC1RB_1RA0LC_1LA0LD	nqh_0RB1LD_1LC1RB_1RA0LC_1LA0LD	theories/Machines/ListCStage3/LCS3_drift_00.v	R_NeverQH	drift	2	0	153
0RB1LD_1LC1RB_1RA0LC_1RB0LD	nqh_0RB1LD_1LC1RB_1RA0LC_1RB0LD	theories/Machines/ListCStage3/LCS3_drift_00.v	R_NeverQH	drift	2	0	141
0RB1LD_1RC0LD_1RD0RC_1LA1RB	nqh_0RB1LD_1RC0LD_1RD0RC_1LA1RB	theories/Machines/ListCStage3/LCS3_drift_00.v	R_NeverQH	drift	3	0	285
0RB1RB_1LC0RC_1LA1LD_1RC0LD	nqh_0RB1RB_1LC0RC_1LA1LD_1RC0LD	theories/Machines/ListCStage3/LCS3_drift_00.v	R_NeverQH	drift	2	0	107
0RB1RB_1LC0RD_1RD0LC_1LA0LA	nqh_0RB1RB_1LC0RD_1RD0LC_1LA0LA	theories/Machines/ListCStage3/LCS3_drift_00.v	R_NeverQH	drift	2	0	121
0RB1RB_1LC0RD_1RD0LC_1LA1LC	nqh_0RB1RB_1LC0RD_1RD0LC_1LA1LC	theories/Machines/ListCStage3/LCS3_drift_00.v	R_NeverQH	drift	2	0	97
0RB1RB_1LC1LD_1RB0RA_1RC0LD	nqh_0RB1RB_1LC1LD_1RB0RA_1RC0LD	theories/Machines/ListCStage3/LCS3_drift_00.v	R_NeverQH	drift	2	0	65
0RB1RB_1RC0LC_1LA1RD_1LC0RD	nqh_0RB1RB_1RC0LC_1LA1RD_1LC0RD	theories/Machines/ListCStage3/LCS3_drift_00.v	R_NeverQH	drift	2	0	103
0RB1RB_1RC0LD_1LD0RC_1LA0LA	nqh_0RB1RB_1RC0LD_1LD0RC_1LA0LA	theories/Machines/ListCStage3/LCS3_drift_00.v	R_NeverQH	drift	2	0	108
0RB1RB_1RC0LD_1LD0RC_1LA1RC	nqh_0RB1RB_1RC0LD_1LD0RC_1LA1RC	theories/Machines/ListCStage3/LCS3_drift_00.v	R_NeverQH	drift	2	0	87
0RB1RC_1LA1RB_0RC1LD_0LD0LA	nqh_0RB1RC_1LA1RB_0RC1LD_0LD0LA	theories/Machines/ListCStage3/LCS3_drift_00.v	R_NeverQH	drift	2	0	159
0RB1RC_1RC0LC_1LA0RD_1LC0RD	nqh_0RB1RC_1RC0LC_1LA0RD_1LC0RD	theories/Machines/ListCStage3/LCS3_drift_00.v	R_NeverQH	drift	2	0	71
0RB1RC_1RC0LD_1LD0RC_1LA0LA	nqh_0RB1RC_1RC0LD_1LD0RC_1LA0LA	theories/Machines/ListCStage3/LCS3_drift_00.v	R_NeverQH	drift	2	0	78
0RB1RC_1RC0LD_1LD0RC_1LA1LB	nqh_0RB1RC_1RC0LD_1LD0RC_1LA1LB	theories/Machines/ListCStage3/LCS3_drift_00.v	R_NeverQH	drift	2	0	79
0RB1RC_1RC0LD_1LD0RC_1LA1RC	nqh_0RB1RC_1RC0LD_1LD0RC_1LA1RC	theories/Machines/ListCStage3/LCS3_drift_00.v	R_NeverQH	drift	2	0	71
0RB1RC_1RC0LD_1LD0RC_1LA1RD	nqh_0RB1RC_1RC0LD_1LD0RC_1LA1RD	theories/Machines/ListCStage3/LCS3_drift_00.v	R_NeverQH	drift	2	0	103
0RB1RC_1RC1LC_1LA0RD_0RC0LC	nqh_0RB1RC_1RC1LC_1LA0RD_0RC0LC	theories/Machines/ListCStage3/LCS3_drift_00.v	R_NeverQH	drift	2	0	71
0RB1RD_1RC0LC_1LA---_1LC0RD	nqh_0RB1RD_1RC0LC_1LAXXX_1LC0RD	theories/Machines/ListCStage3/LCS3_drift_00.v	R_NeverQH	drift	2	0	71
0RB1RD_1RC0LC_1LA0LA_1LB0RD	nqh_0RB1RD_1RC0LC_1LA0LA_1LB0RD	theories/Machines/ListCStage3/LCS3_drift_00.v	R_NeverQH	drift	2	0	128
0RB1RD_1RC1LD_0RD0LD_1LA0RC	nqh_0RB1RD_1RC1LD_0RD0LD_1LA0RC	theories/Machines/ListCStage3/LCS3_drift_00.v	R_NeverQH	drift	2	0	79
1RB0LA_1LC0RB_0LC0RD_1RD1LA	nqh_1RB0LA_1LC0RB_0LC0RD_1RD1LA	theories/Machines/ListCStage3/LCS3_drift_00.v	R_NeverQH	drift	2	0	171
1RB0LB_1LC---_0RA1RD_1LB0RD	nqh_1RB0LB_1LCXXX_0RA1RD_1LB0RD	theories/Machines/ListCStage3/LCS3_drift_00.v	R_NeverQH	drift	2	0	63
1RB0LB_1LC0LC_0RA1RD_1LA0RD	nqh_1RB0LB_1LC0LC_0RA1RD_1LA0RD	theories/Machines/ListCStage3/LCS3_drift_00.v	R_NeverQH	drift	2	0	120
1RB0LB_1LC0RD_0RA0LC_1LB0RD	nqh_1RB0LB_1LC0RD_0RA0LC_1LB0RD	theories/Machines/ListCStage3/LCS3_drift_00.v	R_NeverQH	drift	2	0	79
1RB0LB_1LC0RD_0RA1RB_1LB0RD	nqh_1RB0LB_1LC0RD_0RA1RB_1LB0RD	theories/Machines/ListCStage3/LCS3_drift_00.v	R_NeverQH	drift	2	0	63
1RB0LB_1LC1LC_1RA1RD_1LB0RD	nqh_1RB0LB_1LC1LC_1RA1RD_1LB0RD	theories/Machines/ListCStage3/LCS3_drift_00.v	R_NeverQH	drift	2	0	63
1RB0LB_1LC1RD_0RA0LC_1LB0RD	nqh_1RB0LB_1LC1RD_0RA0LC_1LB0RD	theories/Machines/ListCStage3/LCS3_drift_00.v	R_NeverQH	drift	2	0	151
1RB0LB_1LC1RD_0RA1RA_1LB0RD	nqh_1RB0LB_1LC1RD_0RA1RA_1LB0RD	theories/Machines/ListCStage3/LCS3_drift_00.v	R_NeverQH	drift	2	0	87
1RB0LB_1RC1RD_0LA1LA_1LB0RD	nqh_1RB0LB_1RC1RD_0LA1LA_1LB0RD	theories/Machines/ListCStage3/LCS3_drift_00.v	R_NeverQH	drift	2	0	105
1RB0LC_1LA0RD_0RB0LC_1LC0LA	nqh_1RB0LC_1LA0RD_0RB0LC_1LC0LA	theories/Machines/ListCStage3/LCS3_drift_00.v	R_NeverQH	drift	2	0	93
1RB0LC_1LA0RD_0RB1RD_1LC0LA	nqh_1RB0LC_1LA0RD_0RB1RD_1LC0LA	theories/Machines/ListCStage3/LCS3_drift_00.v	R_NeverQH	drift	2	0	121
1RB0LC_1LC0RB_1LD0LD_0RA0LD	nqh_1RB0LC_1LC0RB_1LD0LD_0RA0LD	theories/Machines/ListCStage3/LCS3_drift_00.v	R_NeverQH	drift	2	0	79
1RB0LC_1LC0RB_1LD0LD_0RA1RA	nqh_1RB0LC_1LC0RB_1LD0LD_0RA1RA	theories/Machines/ListCStage3/LCS3_drift_00.v	R_NeverQH	drift	2	0	102
1RB0LC_1LC0RB_1LD0LD_0RA1RB	nqh_1RB0LC_1LC0RB_1LD0LD_0RA1RB	theories/Machines/ListCStage3/LCS3_drift_00.v	R_NeverQH	drift	2	0	72
1RB0LC_1LC0RB_1LD1LA_0RA0LD	nqh_1RB0LC_1LC0RB_1LD1LA_0RA0LD	theories/Machines/ListCStage3/LCS3_drift_01.v	R_NeverQH	drift	2	0	101
1RB0LC_1LC0RB_1LD1LA_0RA0RC	nqh_1RB0LC_1LC0RB_1LD1LA_0RA0RC	theories/Machines/ListCStage3/LCS3_drift_01.v	R_NeverQH	drift	2	0	83
1RB0LC_1LC0RB_1LD1LA_0RA1RB	nqh_1RB0LC_1LC0RB_1LD1LA_0RA1RB	theories/Machines/ListCStage3/LCS3_drift_01.v	R_NeverQH	drift	2	0	73
1RB0LC_1LC0RB_1LD1RB_0RA0LD	nqh_1RB0LC_1LC0RB_1LD1RB_0RA0LD	theories/Machines/ListCStage3/LCS3_drift_01.v	R_NeverQH	drift	2	0	70
1RB0LC_1LC0RB_1LD1RB_0RA1RA	nqh_1RB0LC_1LC0RB_1LD1RB_0RA1RA	theories/Machines/ListCStage3/LCS3_drift_01.v	R_NeverQH	drift	2	0	79
1RB0LC_1LC0RB_1LD1RB_0RA1RB	nqh_1RB0LC_1LC0RB_1LD1RB_0RA1RB	theories/Machines/ListCStage3/LCS3_drift_01.v	R_NeverQH	drift	2	0	63
1RB0LC_1LC0RB_1LD1RC_0RA1RB	nqh_1RB0LC_1LC0RB_1LD1RC_0RA1RB	theories/Machines/ListCStage3/LCS3_drift_01.v	R_NeverQH	drift	2	0	91
1RB0LC_1LC0RB_1RD0RD_0LA1LA	nqh_1RB0LC_1LC0RB_1RD0RD_0LA1LA	theories/Machines/ListCStage3/LCS3_drift_01.v	R_NeverQH	drift	2	0	119
1RB0LC_1LC0RB_1RD1RB_0LA1LA	nqh_1RB0LC_1LC0RB_1RD1RB_0LA1LA	theories/Machines/ListCStage3/LCS3_drift_01.v	R_NeverQH	drift	2	0	95
1RB0LC_1RC0RB_1LD1RA_0RA1LC	nqh_1RB0LC_1RC0RB_1LD1RA_0RA1LC	theories/Machines/ListCStage3/LCS3_drift_01.v	R_NeverQH	drift	3	0	278
1RB0RB_0LC0LA_1LA1RD_1LC0RD	nqh_1RB0RB_0LC0LA_1LA1RD_1LC0RD	theories/Machines/ListCStage3/LCS3_drift_01.v	R_NeverQH	drift	2	0	105
1RB0RB_1LB1RC_1LA1LD_0RC0LD	nqh_1RB0RB_1LB1RC_1LA1LD_0RC0LD	theories/Machines/ListCStage3/LCS3_drift_01.v	R_NeverQH	drift	2	0	85
1RB0RB_1LC0RA_0LC0LD_1RD1RB	nqh_1RB0RB_1LC0RA_0LC0LD_1RD1RB	theories/Machines/ListCStage3/LCS3_drift_01.v	R_NeverQH	drift	3	0	449
1RB0RB_1LC1RD_0RD0LC_1LA0LA	nqh_1RB0RB_1LC1RD_0RD0LC_1LA0LA	theories/Machines/ListCStage3/LCS3_drift_01.v	R_NeverQH	drift	2	0	105
1RB0RB_1LC1RD_0RD0LC_1LA1LC	nqh_1RB0RB_1LC1RD_0RD0LC_1LA1LC	theories/Machines/ListCStage3/LCS3_drift_01.v	R_NeverQH	drift	2	0	81
1RB0RB_1RC0LD_1LD0LA_0RC1LA	nqh_1RB0RB_1RC0LD_1LD0LA_0RC1LA	theories/Machines/ListCStage3/LCS3_drift_01.v	R_NeverQH	drift	2	0	97
1RB0RB_1RC0LD_1LD0LA_1RB1LA	nqh_1RB0RB_1RC0LD_1LD0LA_1RB1LA	theories/Machines/ListCStage3/LCS3_drift_01.v	R_NeverQH	drift	2	0	81
1RB0RC_0LA1RC_1LD0LD_1LA0RB	nqh_1RB0RC_0LA1RC_1LD0LD_1LA0RB	theories/Machines/ListCStage3/LCS3_drift_01.v	R_NeverQH	drift	2	0	103
1RB0RC_1LA0LA_0RB1LD_1RC0LD	nqh_1RB0RC_1LA0LA_0RB1LD_1RC0LD	theories/Machines/ListCStage3/LCS3_drift_01.v	R_NeverQH	drift	2	0	111
1RB0RC_1RC0LB_1LD1RD_1LA0LA	nqh_1RB0RC_1RC0LB_1LD1RD_1LA0LA	theories/Machines/ListCStage3/LCS3_drift_01.v	R_NeverQH	drift	2	0	183
1RB0RC_1RC0LD_1LD0LA_0RB1LA	nqh_1RB0RC_1RC0LD_1LD0LA_0RB1LA	theories/Machines/ListCStage3/LCS3_drift_01.v	R_NeverQH	drift	2	0	109
1RB0RD_0RC1RA_1LB0LC_1LC0RD	nqh_1RB0RD_0RC1RA_1LB0LC_1LC0RD	theories/Machines/ListCStage3/LCS3_drift_01.v	R_NeverQH	drift	2	0	75
1RB0RD_1LC0LB_0RB1RA_1LB0RD	nqh_1RB0RD_1LC0LB_0RB1RA_1LB0RD	theories/Machines/ListCStage3/LCS3_drift_01.v	R_NeverQH	drift	2	0	63
1RB1LA_0LA1LC_0LC1RD_0RD0RB	nqh_1RB1LA_0LA1LC_0LC1RD_0RD0RB	theories/Machines/ListCStage3/LCS3_drift_01.v	R_NeverQH	drift	2	0	157
1RB1LA_1LC0RB_0LC1RD_0RD0LA	nqh_1RB1LA_1LC0RB_0LC1RD_0RD0LA	theories/Machines/ListCStage3/LCS3_drift_01.v	R_NeverQH	drift	2	0	169
1RB1LB_1LC0RD_0RA0LC_0RB0LB	nqh_1RB1LB_1LC0RD_0RA0LC_0RB0LB	theories/Machines/ListCStage3/LCS3_drift_01.v	R_NeverQH	drift	2	0	93
1RB1LB_1LC0RD_0RA1RB_0RB0LB	nqh_1RB1LB_1LC0RD_0RA1RB_0RB0LB	theories/Machines/ListCStage3/LCS3_drift_01.v	R_NeverQH	drift	2	0	63
1RB1LB_1RC0RC_1LD0LA_1LA0RD	nqh_1RB1LB_1RC0RC_1LD0LA_1LA0RD	theories/Machines/ListCStage3/LCS3_drift_01.v	R_NeverQH	drift	2	0	164
1RB1LB_1RC1RD_1LA0LA_0LB0RD	nqh_1RB1LB_1RC1RD_1LA0LA_0LB0RD	theories/Machines/ListCStage3/LCS3_drift_01.v	R_NeverQH	drift	2	0	73
1RB1LB_1RC1RD_1LB0LA_1LC0RD	nqh_1RB1LB_1RC1RD_1LB0LA_1LC0RD	theories/Machines/ListCStage3/LCS3_drift_01.v	R_NeverQH	drift	2	0	115
1RB1LC_0LC0RB_1RD0RD_1LA0LA	nqh_1RB1LC_0LC0RB_1RD0RD_1LA0LA	theories/Machines/ListCStage3/LCS3_drift_01.v	R_NeverQH	drift	2	0	111
1RB1LC_0RC0LC_1LD0RB_0RA1RC	nqh_1RB1LC_0RC0LC_1LD0RB_0RA1RC	theories/Machines/ListCStage3/LCS3_drift_01.v	R_NeverQH	drift	2	0	71
1RB1LC_1LC0LA_1RB1RD_1LB0RD	nqh_1RB1LC_1LC0LA_1RB1RD_1LB0RD	theories/Machines/ListCStage3/LCS3_drift_01.v	R_NeverQH	drift	2	0	63
1RB1LD_1RC0LA_1LA0LD_1RB0RB	nqh_1RB1LD_1RC0LA_1LA0LD_1RB0RB	theories/Machines/ListCStage3/LCS3_drift_01.v	R_NeverQH	drift	2	0	81
1RB1RC_0LA0RC_1LD0LD_0RB1LA	nqh_1RB1RC_0LA0RC_1LD0LD_0RB1LA	theories/Machines/ListCStage3/LCS3_drift_01.v	R_NeverQH	drift	2	0	111
1RB1RC_0RC0LD_1LD0RB_1LA1LA	nqh_1RB1RC_0RC0LD_1LD0RB_1LA1LA	theories/Machines/ListCStage3/LCS3_drift_01.v	R_NeverQH	drift	2	0	97
1RB1RC_0RC0LD_1LD0RC_1LA1LA	nqh_1RB1RC_0RC0LD_1LD0RC_1LA1LA	theories/Machines/ListCStage3/LCS3_drift_01.v	R_NeverQH	drift	2	0	59
1RB1RC_1LA0LD_1LB0RC_---1LA	nqh_1RB1RC_1LA0LD_1LB0RC_XXX1LA	theories/Machines/ListCStage3/LCS3_drift_01.v	R_NeverQH	drift	2	0	63
1RB1RC_1LA0LD_1LB0RC_0LB0RD	nqh_1RB1RC_1LA0LD_1LB0RC_0LB0RD	theories/Machines/ListCStage3/LCS3_drift_01.v	R_NeverQH	drift	2	0	77
1RB1RC_1LA0LD_1LB0RC_0RA0LB	nqh_1RB1RC_1LA0LD_1LB0RC_0RA0LB	theories/Machines/ListCStage3/LCS3_drift_01.v	R_NeverQH	drift	2	0	76
1RB1RC_1LA0LD_1LB0RD_0RC1LA	nqh_1RB1RC_1LA0LD_1LB0RD_0RC1LA	theories/Machines/ListCStage3/LCS3_drift_01.v	R_NeverQH	drift	2	0	81
1RB1RC_1LA0LD_1LD0RC_1LA1LA	nqh_1RB1RC_1LA0LD_1LD0RC_1LA1LA	theories/Machines/ListCStage3/LCS3_drift_01.v	R_NeverQH	drift	2	0	63
1RB1RC_1LA0RC_1LD0LA_0RB0LD	nqh_1RB1RC_1LA0RC_1LD0LA_0RB0LD	theories/Machines/ListCStage3/LCS3_drift_01.v	R_NeverQH	drift	2	0	117
1RB1RC_1LA1LD_0RC0RB_0LD0LA	nqh_1RB1RC_1LA1LD_0RC0RB_0LD0LA	theories/Machines/ListCStage3/LCS3_drift_01.v	R_NeverQH	drift	2	0	211
1RB1RC_1LA1LD_1LA0RC_0RA0LB	nqh_1RB1RC_1LA1LD_1LA0RC_0RA0LB	theories/Machines/ListCStage3/LCS3_drift_01.v	R_NeverQH	drift	2	0	90
1RB1RC_1LA1LD_1LB0RC_0RA0LB	nqh_1RB1RC_1LA1LD_1LB0RC_0RA0LB	theories/Machines/ListCStage3/LCS3_drift_01.v	R_NeverQH	drift	2	0	90
1RB1RC_1LC0RB_1LD1RA_0RD0LC	nqh_1RB1RC_1LC0RB_1LD1RA_0RD0LC	theories/Machines/ListCStage3/LCS3_drift_01.v	R_NeverQH	drift	3	0	173
1RB1RC_1RC0LD_1LD0RC_1LA1LA	nqh_1RB1RC_1RC0LD_1LD0RC_1LA1LA	theories/Machines/ListCStage3/LCS3_drift_01.v	R_NeverQH	drift	2	0	59
1RB1RD_0RC0LC_1LA1LA_1LC0RD	nqh_1RB1RD_0RC0LC_1LA1LA_1LC0RD	theories/Machines/ListCStage3/LCS3_drift_01.v	R_NeverQH	drift	2	0	75
1RB1RD_1LC0LA_0RD0LC_1LA0RB	nqh_1RB1RD_1LC0LA_0RD0LC_1LA0RB	theories/Machines/ListCStage3/LCS3_drift_01.v	R_NeverQH	drift	2	0	133
1RB1RD_1LC0LA_0RD1LA_0RB0LC	nqh_1RB1RD_1LC0LA_0RD1LA_0RB0LC	theories/Machines/ListCStage3/LCS3_drift_02.v	R_NeverQH	drift	2	0	121
1RB1RD_1LC0RD_0RB1LA_0LC0LA	nqh_1RB1RD_1LC0RD_0RB1LA_0LC0LA	theories/Machines/ListCStage3/LCS3_drift_02.v	R_NeverQH	drift	2	0	115
1RB1RD_1RC0LC_1LA1LA_1LC0RD	nqh_1RB1RD_1RC0LC_1LA1LA_1LC0RD	theories/Machines/ListCStage3/LCS3_drift_02.v	R_NeverQH	drift	2	0	115
1RB1RD_1RC0LC_1LC1LA_0LB0RD	nqh_1RB1RD_1RC0LC_1LC1LA_0LB0RD	theories/Machines/ListCStage3/LCS3_drift_02.v	R_NeverQH	drift	2	0	73
