machine	quiet_state	s	n	t
0RB---_0LC---_1LD1RC_1RC1LD	B	1	2	64
0RB---_0LC---_1RD1LC_1LC1RD	B	1	2	64
0RB---_0LC---_1RD1LC_1RB1RD	A	0	2	1024
0RB---_0LC0LD_0RD1LB_1RB1RC	A	0	2	64
0RB---_0LC0LD_1LD1LC_1RB1RD	A	0	2	256
0RB---_0LC0LD_1RB1LC_---1RC	A	0	2	1024
0RB---_0LC0LD_1RB1LC_1RB1RD	A	0	2	1024
0RB---_0LC0RB_0RD1LB_1LC1RB	A	0	2	1024
0RB---_0LC0RB_0RD1LB_1RB---	A	0	2	64
0RB---_0LC0RB_0RD1LD_1LC1RB	A	0	2	256
0RB---_0LC0RB_1LD1RD_1RB0LD	A	0	2	256
0RB---_0LC0RB_1RD1LC_0LC1RB	A	0	2	1024
0RB---_0LC0RB_1RD1LD_1RB0LC	A	0	2	64
0RB---_0LC0RC_0LD1LD_1RB1LD	A	0	2	1024
0RB---_0LC0RC_0LD1RC_1RB1LD	A	0	2	1024
0RB---_0LC0RC_1RB0LD_1LC---	A	0	3	256
0RB---_0LC0RD_0RD1LB_1LC1RB	A	0	2	1024
0RB---_0LC0RD_0RD1LB_1RB---	A	0	2	1024
0RB---_0LC0RD_0RD1LC_1RB1LB	A	0	2	256
0RB---_0LC0RD_0RD1LD_1LC1RB	A	0	2	256
0RB---_0LC0RD_1LD0LC_1RB0LC	A	0	3	64
0RB---_0LC0RD_1LD1LB_1RB---	A	0	3	256
0RB---_0LC0RD_1LD1LC_1RB1RD	A	0	2	256
0RB---_0LC0RD_1LD1RC_1RB0LC	A	0	3	64
0RB---_0LC0RD_1RB1LC_0LC1LC	A	0	2	1024
0RB---_0LC0RD_1RB1LC_0LC1RD	A	0	2	1024
0RB---_0LC0RD_1RB1LC_1LD1LC	A	0	2	256
0RB---_0LC0RD_1RB1LC_1RC1RD	A	0	2	256
0RB---_0LC0RD_1RD1LB_1RB1LB	A	0	2	256
0RB---_0LC0RD_1RD1LB_1RB1RB	A	0	2	256
0RB---_0LC0RD_1RD1LC_1LC1RB	A	0	2	256
0RB---_0LC1LB_0RD1LB_1LC1RD	A	0	2	1024
0RB---_0LC1LB_0RD1RB_1LC1RD	A	0	2	256
0RB---_0LC1LB_1LD0RD_1RC0RB	A	0	3	64
0RB---_0LC1LC_0RD1LB_1LC1RD	A	0	2	1024
0RB---_0LC1LC_1LD1RC_0RC0RB	A	0	2	1024
0RB---_0LC1LC_1LD1RC_1RB0RB	A	0	2	256
0RB---_0LC1LC_1LD1RC_1RB1LD	A	0	2	1024
0RB---_0LC1LC_1LD1RC_1RC0RB	A	0	2	1024
0RB---_0LC1LC_1RD0LB_0LB1RC	A	0	2	1024
0RB---_0LC1LC_1RD0LB_1LD1RC	A	0	2	1024
0RB---_0LC1LC_1RD0LB_1RB1RC	A	0	2	1024
0RB---_0LC1LC_1RD1LB_1LB0RB	A	0	2	1024
0RB---_0LC1LC_1RD1LB_1LB1RD	A	0	2	64
0RB---_0LC1LC_1RD1LB_1RB0RB	A	0	2	256
0RB---_0LC1LC_1RD1LB_1RB1RD	A	0	2	1024
0RB---_0LC1LC_1RD1LC_0LB0RB	A	0	2	1024
0RB---_0LC1LC_1RD1LC_0LC0RB	A	0	2	1024
0RB---_0LC1LC_1RD1LC_1LB0RB	A	0	2	1024
0RB---_0LC1LC_1RD1LC_1LB1RD	A	0	2	64
0RB---_0LC1LC_1RD1LC_1LC0RB	A	0	2	1024
0RB---_0LC1LC_1RD1LC_1RB0RB	A	0	2	256
0RB---_0LC1LD_0RD0RB_1LC1RD	A	0	2	1024
0RB---_0LC1LD_1LA1RD_1RB0LD	A	3	2	1024
0RB---_0LC1LD_1LD0RB_1RC1LD	A	0	2	1024
0RB---_0LC1LD_1LD1LC_1RB1RD	A	0	2	256
0RB---_0LC1LD_1LD1RD_1RB0LD	A	0	2	1024
0RB---_0LC1LD_1RB1LC_0RB1RD	A	0	2	256
0RB---_0LC1LD_1RB1LC_1LC1RD	A	0	2	64
0RB---_0LC1LD_1RB1LC_1RB1RD	A	0	2	1024
0RB---_0LC1LD_1RB1LC_1RC1RD	A	0	2	64
0RB---_0LC1LD_1RB1LC_1RD0RB	A	0	2	1024
0RB---_0LC1LD_1RD0RB_1LC1RD	A	0	2	256
0RB---_0LC1RB_0RD1LC_1RB1LB	A	0	2	256
0RB---_0LC1RB_1LD0RB_1RB1LC	A	0	2	256
0RB---_0LC1RB_1LD0RB_1RB1LD	A	0	2	256
0RB---_0LC1RB_1LD1LC_1RB---	A	0	2	256
0RB---_0LC1RB_1LD1LC_1RD1LB	A	0	2	64
0RB---_0LC1RB_1LD1LC_1RD1RB	A	0	2	256
0RB---_0LC1RB_1LD1LD_1RB1LC	A	0	2	256
0RB---_0LC1RB_1LD1RC_1RB1LD	A	0	2	256
0RB---_0LC1RB_1LD1RD_0RB0LC	A	0	2	256
0RB---_0LC1RB_1LD1RD_0RB1LD	A	0	2	256
0RB---_0LC1RB_1RB1LD_1LC0RC	A	0	2	1024
0RB---_0LC1RB_1RB1LD_1LC1LC	A	0	2	256
0RB---_0LC1RB_1RB1LD_1LC1LD	A	0	2	256
0RB---_0LC1RB_1RB1LD_1RC1LC	A	0	2	64
0RB---_0LC1RB_1RB1RD_1LC1LD	A	0	2	64
0RB---_0LC1RB_1RD0LD_1LB1LD	A	0	2	256
0RB---_0LC1RB_1RD0RD_1LB---	A	0	2	64
0RB---_0LC1RB_1RD1LC_0LB0RB	A	0	2	1024
0RB---_0LC1RB_1RD1LC_0LC0RB	A	0	2	1024
0RB---_0LC1RB_1RD1LC_1LB0RB	A	0	2	1024
0RB---_0LC1RB_1RD1LC_1LB1LB	A	0	2	256
0RB---_0LC1RB_1RD1LC_1LB1RD	A	0	2	256
0RB---_0LC1RB_1RD1LC_1LC1LB	A	0	2	256
0RB---_0LC1RB_1RD1LC_1LC1RB	A	0	2	64
0RB---_0LC1RB_1RD1LC_1RB1LB	A	0	2	256
0RB---_0LC1RB_1RD1LC_1RB1LD	A	0	2	64
0RB---_0LC1RB_1RD1LD_1LB1LD	A	0	2	64
0RB---_0LC1RB_1RD1LD_1RB1LC	A	0	2	64
0RB---_0LC1RC_0LD1RC_1RB1LD	A	0	2	64
0RB---_0LC1RC_1LD0RB_0RB1LC	A	0	2	1024
0RB---_0LC1RC_1LD0RB_1RB1LC	A	0	2	64
0RB---_0LC1RC_1LD0RB_1RC1LC	A	0	3	256
0RB---_0LC1RC_1LD0RB_1RD1LC	A	0	2	1024
0RB---_0LC1RC_1LD1RC_1RB1LD	A	0	2	64
0RB---_0LC1RC_1RB0LD_1LC1LC	A	0	2	256
0RB---_0LC1RC_1RB1LD_0RB0LC	A	0	2	256
0RB---_0LC1RC_1RB1LD_0RB0LD	A	0	2	256
0RB---_0LC1RC_1RB1LD_1RB0LC	A	0	2	1024
0RB---_0LC1RC_1RD0RD_1LB1RD	A	0	2	1024
0RB---_0LC1RC_1RD1LC_0LC0LB	A	0	2	1024
0RB---_0LC1RC_1RD1LC_1LB0LB	A	0	2	256
0RB---_0LC1RC_1RD1LC_1LB1RD	A	0	2	1024
0RB---_0LC1RC_1RD1LC_1LC0LB	A	0	2	1024
0RB---_0LC1RC_1RD1LC_1RB0LB	A	0	2	256
0RB---_0LC1RD_0LD0LB_1RC1LD	A	0	2	1024
0RB---_0LC1RD_0LD1LD_1RB0LC	A	0	2	64
0RB---_0LC1RD_0RD1LB_1RB1RC	A	0	2	64
0RB---_0LC1RD_0RD1LD_1RB0LC	A	0	2	64
0RB---_0LC1RD_1LD---_0RB0LC	A	0	2	1024
0RB---_0LC1RD_1LD---_0RB0LD	A	0	2	64
0RB---_0LC1RD_1LD0LB_1RC1LD	A	0	2	256
0RB---_0LC1RD_1LD0RB_1RB0LC	A	0	2	1024
0RB---_0LC1RD_1LD0RB_1RB0LD	A	0	2	64
0RB---_0LC1RD_1LD1LB_0RB0RC	A	0	2	256
0RB---_0LC1RD_1LD1LB_0RB1LC	A	0	2	64
0RB---_0LC1RD_1LD1LC_1RB0LB	A	0	2	256
0RB---_0LC1RD_1LD1LC_1RB1RB	A	0	2	64
0RB---_0LC1RD_1LD1LC_1RB1RD	A	0	2	64
0RB---_0LC1RD_1LD1LD_1RB0LC	A	0	2	256
0RB---_0LC1RD_1LD1LD_1RB0LD	A	0	2	256
0RB---_0LC1RD_1RB1LC_0LC0RD	A	0	2	1024
0RB---_0LC1RD_1RB1LC_0RB0LB	A	0	2	256
0RB---_0LC1RD_1RB1LC_0RB0RB	A	0	2	1024
0RB---_0LC1RD_1RB1LC_0RB1RB	A	0	2	1024
0RB---_0LC1RD_1RB1LC_0RB1RD	A	0	2	1024
0RB---_0LC1RD_1RB1LC_1LB1RB	A	0	2	1024
0RB---_0LC1RD_1RB1LC_1LC0RB	A	0	2	1024
0RB---_0LC1RD_1RB1LC_1LC1RB	A	0	2	64
0RB---_0LC1RD_1RB1LC_1LC1RD	A	0	2	64
0RB---_0LC1RD_1RB1LC_1RB0LB	A	0	2	64
0RB---_0LC1RD_1RB1LC_1RB1RB	A	0	2	1024
0RB---_0LC1RD_1RB1LC_1RB1RD	A	0	2	1024
0RB---_0LC1RD_1RB1LC_1RC1RB	A	0	2	64
0RB---_0LC1RD_1RB1LC_1RC1RD	A	0	2	256
0RB---_0LC1RD_1RB1LD_0RB0LC	A	0	2	1024
0RB---_0LC1RD_1RB1LD_0RB0LD	A	0	2	1024
0RB---_0LC1RD_1RB1LD_1RB0LC	A	0	2	1024
0RB---_0LC1RD_1RD0RD_1LB1RB	A	0	2	64
0RB---_0LC1RD_1RD1LC_1LB1RB	A	0	2	256
0RB---_0LC1RD_1RD1LC_1LC1RB	A	0	2	64
0RB---_0LC1RD_1RD1LC_1RB0LB	A	0	2	256
0RB---_0LC1RD_1RD1LC_1RB1RB	A	0	2	1024
0RB---_0LC1RD_1RD1LD_1RB0LC	A	0	2	1024
0RB---_0RC---_1LD1RC_1LB1LD	A	0	2	1024
0RB---_0RC---_1LD1RC_1RC1LD	B	1	2	64
0RB---_0RC---_1RD1LC_1LC1RD	B	1	2	64
0RB---_0RC0LB_0LD1RB_1LB---	A	0	2	64
0RB---_0RC0LB_0LD1RB_1RC1LB	A	0	2	1024
0RB---_0RC0LB_0LD1RD_1RC1LB	A	0	2	256
0RB---_0RC0LB_1LD1RC_0RC1LB	A	0	2	1024
0RB---_0RC0LB_1LD1RD_1LB0RC	A	0	2	64
0RB---_0RC0LB_1RD1LD_1LB0RD	A	0	2	256
0RB---_0RC0LC_0RD1LC_1LB1RD	A	0	2	1024
0RB---_0RC0LC_0RD1RD_1LB1RD	A	0	2	1024
0RB---_0RC0LC_1LB0RD_1RC---	A	0	3	256
0RB---_0RC0LD_0LD1RB_1LB---	A	0	2	1024
0RB---_0RC0LD_0LD1RB_1RC1LB	A	0	2	1024
0RB---_0RC0LD_0LD1RC_1LB1RB	A	0	2	256
0RB---_0RC0LD_0LD1RD_1RC1LB	A	0	2	256
0RB---_0RC0LD_1LB1RC_0RC1LD	A	0	2	1024
0RB---_0RC0LD_1LB1RC_0RC1RC	A	0	2	1024
0RB---_0RC0LD_1LB1RC_1LC1LD	A	0	2	256
0RB---_0RC0LD_1LB1RC_1RD1RC	A	0	2	256
0RB---_0RC0LD_1LD1RB_1LB1LB	A	0	2	256
0RB---_0RC0LD_1LD1RB_1LB1RB	A	0	2	256
0RB---_0RC0LD_1LD1RC_1RC1LB	A	0	2	256
0RB---_0RC0LD_1RD0RC_1LB0RC	A	0	3	64
0RB---_0RC0LD_1RD1LC_1LB0RC	A	0	3	64
0RB---_0RC0LD_1RD1RB_1LB---	A	0	3	256
0RB---_0RC0LD_1RD1RC_1LB1LD	A	0	2	256
0RB---_0RC0RD_0LD1RB_1LB1LC	A	0	2	64
0RB---_0RC0RD_1LB1RC_---1LC	A	0	2	1024
0RB---_0RC0RD_1LB1RC_1LB1LD	A	0	2	1024
0RB---_0RC0RD_1RD1RC_1LB1LD	A	0	2	256
0RB---_0RC1LB_0LD1RC_1LB1RB	A	0	2	256
0RB---_0RC1LB_1LB1LD_1RC1RD	A	0	2	64
0RB---_0RC1LB_1LB1RD_1LC1RC	A	0	2	64
0RB---_0RC1LB_1LB1RD_1RC0LC	A	0	2	1024
0RB---_0RC1LB_1LB1RD_1RC1RC	A	0	2	256
0RB---_0RC1LB_1LB1RD_1RC1RD	A	0	2	256
0RB---_0RC1LB_1LD0LD_1RB---	A	0	2	64
0RB---_0RC1LB_1LD0RD_1RB1RD	A	0	2	256
0RB---_0RC1LB_1LD1RC_0RB0LB	A	0	2	1024
0RB---_0RC1LB_1LD1RC_0RC0LB	A	0	2	1024
0RB---_0RC1LB_1LD1RC_1LA1RB	A	4	2	256
0RB---_0RC1LB_1LD1RC_1LB1RB	A	0	2	256
0RB---_0RC1LB_1LD1RC_1LB1RD	A	0	2	64
0RB---_0RC1LB_1LD1RC_1RB0LB	A	0	2	1024
0RB---_0RC1LB_1LD1RC_1RB1LD	A	0	2	256
0RB---_0RC1LB_1LD1RC_1RB1RB	A	0	2	256
0RB---_0RC1LB_1LD1RC_1RC1LB	A	0	2	64
0RB---_0RC1LB_1LD1RC_1RC1RB	A	0	2	256
0RB---_0RC1LB_1LD1RD_1LB1RC	A	0	2	64
0RB---_0RC1LB_1LD1RD_1RB1RD	A	0	2	64
0RB---_0RC1LB_1RD0LB_1LB1RC	A	0	2	256
0RB---_0RC1LB_1RD0LB_1LB1RD	A	0	2	256
0RB---_0RC1LB_1RD1LC_1LB1RD	A	0	2	256
0RB---_0RC1LB_1RD1LD_0LB0RC	A	0	2	256
0RB---_0RC1LB_1RD1LD_0LB1RD	A	0	2	256
0RB---_0RC1LB_1RD1RC_1LB---	A	0	2	256
0RB---_0RC1LB_1RD1RC_1LD1LB	A	0	2	256
0RB---_0RC1LB_1RD1RC_1LD1RB	A	0	2	64
0RB---_0RC1LB_1RD1RD_1LB1RC	A	0	2	256
0RB---_0RC1LC_0RD1LC_1LB1RD	A	0	2	64
0RB---_0RC1LC_1LB0RD_1RC1RC	A	0	2	256
0RB---_0RC1LC_1LB1RD_0LB0RC	A	0	2	256
0RB---_0RC1LC_1LB1RD_0LB0RD	A	0	2	256
0RB---_0RC1LC_1LB1RD_1LB0RC	A	0	2	1024
0RB---_0RC1LC_1LD0LD_1RB1LD	A	0	2	1024
0RB---_0RC1LC_1LD1RC_0RC0RB	A	0	2	1024
0RB---_0RC1LC_1LD1RC_1LB0RB	A	0	2	256
0RB---_0RC1LC_1LD1RC_1RB0RB	A	0	2	256
0RB---_0RC1LC_1LD1RC_1RB1LD	A	0	2	1024
0RB---_0RC1LC_1LD1RC_1RC0RB	A	0	2	1024
0RB---_0RC1LC_1RD0LB_0LB1RC	A	0	2	1024
0RB---_0RC1LC_1RD0LB_1LB1RC	A	0	2	64
0RB---_0RC1LC_1RD0LB_1LC1RC	A	0	3	256
0RB---_0RC1LC_1RD0LB_1LD1RC	A	0	2	1024
0RB---_0RC1LC_1RD1LC_1LB1RD	A	0	2	64
0RB---_0RC1LD_0LD1RB_1LB1LC	A	0	2	64
0RB---_0RC1LD_0LD1RD_1LB0RC	A	0	2	64
0RB---_0RC1LD_0RD0RB_1LC1RD	A	0	2	1024
0RB---_0RC1LD_0RD1RD_1LB0RC	A	0	2	64
0RB---_0RC1LD_1LB1RC_0LB0LB	A	0	2	1024
0RB---_0RC1LD_1LB1RC_0LB0RB	A	0	2	256
0RB---_0RC1LD_1LB1RC_0LB1LB	A	0	2	1024
0RB---_0RC1LD_1LB1RC_0LB1LD	A	0	2	1024
0RB---_0RC1LD_1LB1RC_0RC0LD	A	0	2	1024
0RB---_0RC1LD_1LB1RC_1LB0RB	A	0	2	64
0RB---_0RC1LD_1LB1RC_1LB1LB	A	0	2	1024
0RB---_0RC1LD_1LB1RC_1LB1LD	A	0	2	1024
0RB---_0RC1LD_1LB1RC_1LC1LB	A	0	2	64
0RB---_0RC1LD_1LB1RC_1LC1LD	A	0	2	256
0RB---_0RC1LD_1LB1RC_1RB1LB	A	0	2	1024
0RB---_0RC1LD_1LB1RC_1RC0LB	A	0	2	1024
0RB---_0RC1LD_1LB1RC_1RC1LB	A	0	2	64
0RB---_0RC1LD_1LB1RC_1RC1LD	A	0	2	64
0RB---_0RC1LD_1LB1RD_0LB0RC	A	0	2	1024
0RB---_0RC1LD_1LB1RD_0LB0RD	A	0	2	1024
0RB---_0RC1LD_1LB1RD_1LB0RC	A	0	2	1024
0RB---_0RC1LD_1LD0LD_1RB1LB	A	0	2	64
0RB---_0RC1LD_1LD1RC_1LB0RB	A	0	2	256
0RB---_0RC1LD_1LD1RC_1LB1LB	A	0	2	1024
0RB---_0RC1LD_1LD1RC_1RB1LB	A	0	2	256
0RB---_0RC1LD_1LD1RC_1RC1LB	A	0	2	64
0RB---_0RC1LD_1LD1RD_1LB0RC	A	0	2	1024
0RB---_0RC1LD_1RD---_0LB0RC	A	0	2	1024
0RB---_0RC1LD_1RD---_0LB0RD	A	0	2	64
0RB---_0RC1LD_1RD0LB_1LB0RC	A	0	2	1024
0RB---_0RC1LD_1RD0LB_1LB0RD	A	0	2	64
0RB---_0RC1LD_1RD0RB_1LC1RD	A	0	2	256
0RB---_0RC1LD_1RD1RB_0LB0LC	A	0	2	256
0RB---_0RC1LD_1RD1RB_0LB1RC	A	0	2	64
0RB---_0RC1LD_1RD1RC_1LB0RB	A	0	2	256
0RB---_0RC1LD_1RD1RC_1LB1LB	A	0	2	64
0RB---_0RC1LD_1RD1RC_1LB1LD	A	0	2	64
0RB---_0RC1LD_1RD1RD_1LB0RC	A	0	2	256
0RB---_0RC1LD_1RD1RD_1LB0RD	A	0	2	256
0RB---_0RC1RB_0LD1LB_1RC1LD	A	0	2	256
0RB---_0RC1RB_0LD1RB_1RC1LD	A	0	2	1024
0RB---_0RC1RB_1RD0LD_1LC0LB	A	0	3	64
0RB---_0RC1RC_0LD1RB_1RC1LD	A	0	2	1024
0RB---_0RC1RC_1LD0RB_0RB1LC	A	0	2	1024
0RB---_0RC1RC_1LD0RB_1LB1LC	A	0	2	1024
0RB---_0RC1RC_1LD0RB_1RD1LC	A	0	2	1024
0RB---_0RC1RC_1LD1RB_1LB0LB	A	0	2	256
0RB---_0RC1RC_1LD1RB_1LB1LD	A	0	2	1024
0RB---_0RC1RC_1LD1RB_1RB0LB	A	0	2	1024
0RB---_0RC1RC_1LD1RB_1RB1LD	A	0	2	64
0RB---_0RC1RC_1LD1RC_0RB0LB	A	0	2	1024
0RB---_0RC1RC_1LD1RC_0RC0LB	A	0	2	1024
0RB---_0RC1RC_1LD1RC_1LB0LB	A	0	2	256
0RB---_0RC1RC_1LD1RC_1RB0LB	A	0	2	1024
0RB---_0RC1RC_1LD1RC_1RB1LD	A	0	2	64
0RB---_0RC1RC_1LD1RC_1RC0LB	A	0	2	1024
0RB---_0RC1RC_1RD1LC_0LC0LB	A	0	2	1024
0RB---_0RC1RC_1RD1LC_1LB0LB	A	0	2	256
0RB---_0RC1RC_1RD1LC_1LB1RD	A	0	2	1024
0RB---_0RC1RC_1RD1LC_1LC0LB	A	0	2	1024
0RB---_0RC1RD_0LD0LB_1RC1LD	A	0	2	1024
0RB---_0RC1RD_1LA1LD_1LB0RD	A	3	2	1024
0RB---_0RC1RD_1LB1RC_0LB1LD	A	0	2	256
0RB---_0RC1RD_1LB1RC_1LB1LD	A	0	2	1024
0RB---_0RC1RD_1LB1RC_1LC1LD	A	0	2	64
0RB---_0RC1RD_1LB1RC_1LD0LB	A	0	2	1024
0RB---_0RC1RD_1LB1RC_1RC1LD	A	0	2	64
0RB---_0RC1RD_1LD0LB_1RC1LD	A	0	2	256
0RB---_0RC1RD_1RD0LB_1LC1RD	A	0	2	1024
0RB---_0RC1RD_1RD1LD_1LB0RD	A	0	2	1024
0RB---_0RC1RD_1RD1RC_1LB1LD	A	0	2	256
0RB---_1LA0LC_0LD1RC_1RC1LD	B	3	2	64
0RB---_1LA0LC_0RD1LC_1LC1RD	B	3	2	64
0RB---_1LA0LC_1LD1RC_1RC1LD	B	3	2	64
0RB---_1LA0LC_1RD1LC_1LC1RD	B	3	2	64
0RB---_1LA0RC_0LD1RC_1RC1LD	B	3	2	64
0RB---_1LA0RC_0RD1LC_1LC1RD	B	3	2	64
0RB---_1LA0RC_1LD1RC_1RC1LD	B	3	2	64
0RB---_1LA0RC_1RD1LC_1LC1RD	B	3	2	64
0RB---_1LA1LC_0LD1RC_1RC1LD	B	3	2	64
0RB---_1LA1LC_1LD1RC_0RC0RB	A	2	2	1024
0RB---_1LA1LC_1LD1RC_1RB0RB	A	2	2	64
0RB---_1LA1LC_1LD1RC_1RB1LD	A	2	2	256
0RB---_1LA1LC_1LD1RC_1RC0RB	A	2	2	256
0RB---_1LA1LC_1LD1RC_1RC1LD	B	3	2	64
0RB---_1LA1LC_1RD1LC_1LB1RD	A	2	2	64
0RB---_1LA1LC_1RD1LC_1LC1RD	B	3	2	64
0RB---_1LA1RC_0RD1LC_1LC1RD	B	3	2	64
0RB---_1LA1RC_1LD1RC_1RB1LD	A	2	2	64
0RB---_1LA1RC_1LD1RC_1RC1LD	B	3	2	64
0RB---_1LA1RC_1RD1LC_0LC0LB	A	2	2	1024
0RB---_1LA1RC_1RD1LC_1LB0LB	A	2	2	64
0RB---_1LA1RC_1RD1LC_1LB1RD	A	2	2	256
0RB---_1LA1RC_1RD1LC_1LC0LB	A	2	2	256
0RB---_1LA1RC_1RD1LC_1LC1RD	B	3	2	64
0RB---_1LC---_0LD1RC_1RB0RB	A	0	2	64
0RB---_1LC---_0RD0LB_0LB1RC	A	0	2	256
0RB---_1LC---_0RD0LB_1RB1RC	A	0	3	256
0RB---_1LC---_0RD0LC_0LB1RC	A	0	2	64
0RB---_1LC---_0RD1LC_1RB1RD	A	0	2	64
0RB---_1LC---_1LD1RC_0RC1LD	B	1	2	64
0RB---_1LC---_1LD1RC_1RC1LD	B	1	2	256
0RB---_1LC---_1RD0LB_0LC0RC	A	0	3	256
0RB---_1LC---_1RD1LC_1LC1RD	B	1	2	1024
0RB---_1LC---_1RD1LC_1RB1RD	A	0	2	256
0RB---_1LC0LB_0RD0LB_1LB1RC	A	0	2	256
0RB---_1LC0LB_0RD1LB_1LB1RC	A	0	2	256
0RB---_1LC0LB_1RD0LB_0LB0RC	A	0	3	256
0RB---_1LC0LC_0LD1RD_1RB1LD	A	0	2	64
0RB---_1LC0LC_0RC1RD_1RB1LD	A	0	2	64
0RB---_1LC0LC_0RD1LC_1LB1RD	A	0	2	1024
0RB---_1LC0LC_0RD1RD_1LB1RC	A	0	2	1024
0RB---_1LC0LC_0RD1RD_1LB1RD	A	0	2	64
0RB---_1LC0LC_0RD1RD_1RB1LD	A	0	2	64
0RB---_1LC0LC_1LD1RD_1RB1LD	A	0	2	256
0RB---_1LC0LC_1RB1RD_1LB1RC	A	0	2	256
0RB---_1LC0LC_1RB1RD_1LB1RD	A	0	2	256
0RB---_1LC0LC_1RB1RD_1RB1LD	A	0	2	64
0RB---_1LC0LC_1RC1RD_1LB1RD	A	0	2	64
0RB---_1LC0LC_1RC1RD_1RB1LD	A	0	2	1024
0RB---_1LC0LC_1RD---_0RB1LD	A	0	2	64
0RB---_1LC0LC_1RD0RC_1LB0RC	A	0	2	256
0RB---_1LC0LC_1RD1LC_0RB1LB	A	0	2	64
0RB---_1LC0LC_1RD1LD_0RB1LC	A	0	2	64
0RB---_1LC0LC_1RD1RD_1RB1LD	A	0	2	64
0RB---_1LC0LD_0RC1RD_1LB0RB	A	0	3	256
0RB---_1LC0LD_1LD1LC_1RB1RD	A	0	2	1024
0RB---_1LC0LD_1RB0LB_0RC1RD	A	0	3	256
0RB---_1LC0LD_1RB1LC_---1RC	A	0	2	1024
0RB---_1LC0LD_1RB1LC_1RB1RD	A	0	2	1024
0RB---_1LC0LD_1RD0LC_1LB0RC	A	0	4	256
0RB---_1LC0LD_1RD0RB_1LB0RC	A	0	3	256
0RB---_1LC0RB_0LD1LB_0RD1RB	A	0	2	64
0RB---_1LC0RB_0LD1LC_0RD1RB	A	0	2	64
0RB---_1LC0RB_1RD0LD_1RC1RB	A	0	2	64
0RB---_1LC0RB_1RD0LD_1RD1RB	A	0	2	64
0RB---_1LC0RC_0LD1LD_1RB1LC	A	0	2	1024
0RB---_1LC0RC_0LD1LD_1RB1LD	A	0	2	1024
0RB---_1LC0RC_0LD1RC_1RB1LD	A	0	2	1024
0RB---_1LC0RC_0RD1LB_1LB1RD	A	0	2	256
0RB---_1LC0RC_0RD1LB_1LC1RD	A	0	2	64
0RB---_1LC0RC_0RD1LB_1RB1RD	A	0	2	64
0RB---_1LC0RC_0RD1LD_1LB1RD	A	0	2	64
0RB---_1LC0RC_1LD0LB_0RD1RB	A	0	3	1024
0RB---_1LC0RC_1LD0LC_1RB0LC	A	0	2	256
0RB---_1LC0RC_1LD1LC_1RB1RD	A	0	2	64
0RB---_1LC0RC_1RB0RD_0LB1LD	A	0	3	64
0RB---_1LC0RC_1RB1LD_0RD0LB	A	0	3	64
0RB---_1LC0RC_1RC1LD_1LB1RD	A	0	2	1024
0RB---_1LC0RC_1RD1LB_0LC1RD	A	0	2	1024
0RB---_1LC0RC_1RD1LB_1LB1RD	A	0	2	64
0RB---_1LC0RC_1RD1LB_1LC1RD	A	0	2	256
0RB---_1LC0RC_1RD1LB_1RB1RD	A	0	2	256
0RB---_1LC0RC_1RD1LD_1LB1RD	A	0	2	256
0RB---_1LC0RC_1RD1LD_1RB0LD	A	0	2	64
0RB---_1LC0RC_1RD1RC_0RB1LD	A	0	2	256
0RB---_1LC0RD_0RB0LB_1RB---	A	0	3	256
0RB---_1LC0RD_0RB1LB_1RB1RB	A	0	2	64
0RB---_1LC0RD_0RD0LB_1RB0RD	A	0	3	256
0RB---_1LC0RD_0RD0LB_1RB1LD	A	0	3	64
0RB---_1LC0RD_0RD0LC_1LB1RB	A	0	2	256
0RB---_1LC0RD_0RD1LB_1RB0LC	A	0	2	256
0RB---_1LC0RD_0RD1LD_1LC1RB	A	0	2	1024
0RB---_1LC0RD_1LD0LB_1RB0RC	A	0	3	64
0RB---_1LC0RD_1LD0LC_1RB1RD	A	0	2	256
0RB---_1LC0RD_1LD0LD_1RB0RD	A	0	2	256
0RB---_1LC0RD_1LD1LB_0RB1RB	A	0	2	1024
0RB---_1LC0RD_1LD1LB_1RB1RB	A	0	3	64
0RB---_1LC0RD_1LD1LC_1RB1RD	A	0	2	256
0RB---_1LC0RD_1RB0LD_1RB0RD	A	0	2	256
0RB---_1LC0RD_1RB1LB_0LB1RB	A	0	3	256
0RB---_1LC0RD_1RB1LB_0LD1RB	A	0	3	256
0RB---_1LC0RD_1RB1LB_1LB1RB	A	0	3	256
0RB---_1LC0RD_1RB1LC_0LB1LC	A	0	2	256
0RB---_1LC0RD_1RB1LC_0LC0RB	A	0	2	256
0RB---_1LC0RD_1RB1LC_0LC1LC	A	0	2	1024
0RB---_1LC0RD_1RB1LC_0LC1RD	A	0	2	1024
0RB---_1LC0RD_1RB1LC_1LB1LC	A	0	2	64
0RB---_1LC0RD_1RB1LC_1LD1LC	A	0	2	64
0RB---_1LC0RD_1RB1LC_1RC1RD	A	0	2	256
0RB---_1LC0RD_1RB1LD_0LC1LC	A	0	2	1024
0RB---_1LC0RD_1RB1LD_1LB1LC	A	0	2	64
0RB---_1LC0RD_1RD0LB_0LB1RC	A	0	2	1024
0RB---_1LC0RD_1RD0LD_1RB0RD	A	0	2	256
0RB---_1LC0RD_1RD1LB_0LB1RB	A	0	2	256
0RB---_1LC0RD_1RD1LB_0LB1RD	A	0	2	1024
0RB---_1LC0RD_1RD1LB_1LB1RB	A	0	2	256
0RB---_1LC0RD_1RD1LB_1LD1RB	A	0	2	256
0RB---_1LC0RD_1RD1LB_1RB1RB	A	0	2	256
0RB---_1LC0RD_1RD1LC_0LB1RD	A	0	2	256
0RB---_1LC0RD_1RD1LD_1LC1RB	A	0	2	256
0RB---_1LC1LB_0LD1RC_1RB0LB	A	0	2	64
0RB---_1LC1LB_0LD1RC_1RB1LB	A	0	2	64
0RB---_1LC1LB_0LD1RC_1RB1LD	A	0	2	256
0RB---_1LC1LB_0LD1RC_1RD0RB	A	0	2	64
0RB---_1LC1LB_0RC1RD_1LB1RD	A	0	2	1024
0RB---_1LC1LB_0RD---_1LB1RD	A	0	2	1024
0RB---_1LC1LB_0RD0LD_1RB1RD	A	0	2	1024
0RB---_1LC1LB_0RD0RB_1LC1RD	A	0	2	1024
0RB---_1LC1LB_0RD1LB_1LC1RD	A	0	2	1024
0RB---_1LC1LB_0RD1LB_1RB1RD	A	0	2	256
0RB---_1LC1LB_0RD1RB_0LC1RD	A	0	2	256
0RB---_1LC1LB_0RD1RB_1LC1RD	A	0	2	256
0RB---_1LC1LB_0RD1RB_1RB1RD	A	0	2	64
0RB---_1LC1LB_0RD1RD_1LB1RC	A	0	2	256
0RB---_1LC1LB_1LD1RC_0RC0LB	A	0	2	256
0RB---_1LC1LB_1LD1RC_0RC1LB	A	0	2	64
0RB---_1LC1LB_1LD1RC_0RC1RB	A	0	2	256
0RB---_1LC1LB_1LD1RC_1RC0LB	A	0	2	256
0RB---_1LC1LB_1LD1RC_1RC1LB	A	0	2	64
0RB---_1LC1LB_1LD1RC_1RC1RB	A	0	2	64
0RB---_1LC1LB_1RC0RD_1LB1RD	A	0	2	256
0RB---_1LC1LB_1RC1LD_0LB1RD	A	0	2	64
0RB---_1LC1LB_1RC1LD_1LB1RD	A	0	2	64
0RB---_1LC1LB_1RC1RD_0LB1RD	A	0	2	64
0RB---_1LC1LB_1RC1RD_1LB1RD	A	0	2	256
0RB---_1LC1LB_1RD---_0LB1RD	A	0	2	64
0RB---_1LC1LB_1RD---_1LB1RD	A	0	2	256
0RB---_1LC1LB_1RD0LB_0LC1RD	A	0	2	256
0RB---_1LC1LB_1RD0LB_1LC1RD	A	0	2	256
0RB---_1LC1LB_1RD0LD_0LB1RC	A	0	2	256
0RB---_1LC1LB_1RD0LD_1LB1RC	A	0	2	256
0RB---_1LC1LB_1RD0RB_1LC1RD	A	0	2	256
0RB---_1LC1LB_1RD0RB_1RB1RD	A	0	2	64
0RB---_1LC1LB_1RD1LB_0LC1RD	A	0	2	64
0RB---_1LC1LB_1RD1LB_1LC1RD	A	0	2	256
0RB---_1LC1LB_1RD1RB_0LC1RD	A	0	2	256
0RB---_1LC1LB_1RD1RB_1LC1RD	A	0	2	64
0RB---_1LC1LB_1RD1RB_1RB1RD	A	0	2	64
0RB---_1LC1LB_1RD1RC_0LB0LC	A	0	2	64
0RB---_1LC1LB_1RD1RC_0LB0RC	A	0	2	256
0RB---_1LC1LB_1RD1RC_0LB1LC	A	0	2	256
0RB---_1LC1LB_1RD1RC_0LB1RC	A	0	2	64
0RB---_1LC1LB_1RD1RC_1LB0LC	A	0	2	256
0RB---_1LC1LB_1RD1RC_1LB0RC	A	0	2	256
0RB---_1LC1LB_1RD1RC_1LB1LC	A	0	2	64
0RB---_1LC1LB_1RD1RD_0LB1RC	A	0	2	64
0RB---_1LC1LC_0LD1RC_1RB1LD	A	0	2	64
0RB---_1LC1LC_0RD0LB_1LB1RC	A	0	2	256
0RB---_1LC1LC_0RD1LB_1LB1RD	A	0	2	64
0RB---_1LC1LC_0RD1LB_1LC1RD	A	0	2	1024
0RB---_1LC1LC_0RD1LB_1RB1RD	A	0	2	64
0RB---_1LC1LC_1LD1RC_0RC0RB	A	0	2	256
0RB---_1LC1LC_1LD1RC_1RB0RB	A	0	2	64
0RB---_1LC1LC_1LD1RC_1RB1LD	A	0	2	256
0RB---_1LC1LC_1LD1RC_1RC0RB	A	0	2	1024
0RB---_1LC1LC_1RD0LB_0LB1RC	A	0	2	256
0RB---_1LC1LC_1RD0LB_0LC1RC	A	0	2	64
0RB---_1LC1LC_1RD0LB_1LD1RC	A	0	2	256
0RB---_1LC1LC_1RD0LB_1RB1RC	A	0	3	256
0RB---_1LC1LC_1RD1LB_0LB1RD	A	0	2	64
0RB---_1LC1LC_1RD1LB_0LC1RD	A	0	2	256
0RB---_1LC1LC_1RD1LB_1LB1RD	A	0	2	256
0RB---_1LC1LC_1RD1LB_1LC1RD	A	0	2	1024
0RB---_1LC1LC_1RD1LC_1LB1RD	A	0	2	1024
0RB---_1LC1LD_0LD---_1RD0RB	A	0	2	64
0RB---_1LC1LD_0RB1LC_1RB1RD	A	0	2	64
0RB---_1LC1LD_0RD0LC_1RB1RD	A	0	2	1024
0RB---_1LC1LD_0RD0RB_0LB1RC	A	0	2	64
0RB---_1LC1LD_0RD0RB_1LC1RD	A	0	2	1024
0RB---_1LC1LD_0RD1LB_0LB1RC	A	0	2	256
0RB---_1LC1LD_0RD1RD_1LB0RC	A	0	2	64
0RB---_1LC1LD_1LD0RB_1RC1LB	A	0	2	64
0RB---_1LC1LD_1LD0RB_1RC1LD	A	0	2	64
0RB---_1LC1LD_1LD1RC_0RC1LB	A	0	2	256
0RB---_1LC1LD_1LD1RC_1RC1LB	A	0	2	64
0RB---_1LC1LD_1RB0RB_1LC1RD	A	0	2	64
0RB---_1LC1LD_1RB0RB_1RC1LD	A	0	2	1024
0RB---_1LC1LD_1RB0RD_1RC0LD	A	0	2	1024
0RB---_1LC1LD_1RB1LC_0LC1RD	A	0	2	256
0RB---_1LC1LD_1RB1LC_1LC1RD	A	0	2	1024
0RB---_1LC1LD_1RB1LC_1RB1RD	A	0	2	64
0RB---_1LC1LD_1RB1LC_1RC1RD	A	0	2	64
0RB---_1LC1LD_1RD---_0LB0RC	A	0	3	256
0RB---_1LC1LD_1RD0RB_1LC1RD	A	0	2	256
0RB---_1LC1LD_1RD0RB_1RC1LB	A	0	2	1024
0RB---_1LC1LD_1RD0RB_1RC1LD	A	0	2	1024
0RB---_1LC1LD_1RD1RD_1LB0RC	A	0	3	256
0RB---_1LC1RB_0LD0LD_1RD0RB	A	0	2	1024
0RB---_1LC1RB_0LD0LD_1RD1RB	A	0	2	64
0RB---_1LC1RB_0LD0RD_1RD0RB	A	0	2	64
0RB---_1LC1RB_0LD0RD_1RD1LB	A	0	2	256
0RB---_1LC1RB_0LD1LC_0RD1RB	A	0	2	64
0RB---_1LC1RB_0LD1LC_1RD0RB	A	0	2	256
0RB---_1LC1RB_0LD1LC_1RD1LB	A	0	2	256
0RB---_1LC1RB_0LD1LC_1RD1RB	A	0	2	64
0RB---_1LC1RB_0LD1LD_1RB1LC	A	0	2	256
0RB---_1LC1RB_0LD1LD_1RB1LD	A	0	2	256
0RB---_1LC1RB_0LD1RC_1RB1LD	A	0	2	256
0RB---_1LC1RB_0LD1RD_1RB0RB	A	0	2	256
0RB---_1LC1RB_0LD1RD_1RB1LD	A	0	2	256
0RB---_1LC1RB_0RB0LD_0RB1LD	A	0	2	1024
0RB---_1LC1RB_0RB0LD_0RB1RB	A	0	2	1024
0RB---_1LC1RB_0RB0LD_1LB1LD	A	0	2	256
0RB---_1LC1RB_0RB0LD_1RD1RB	A	0	2	256
0RB---_1LC1RB_0RB0RD_---1LB	A	0	2	1024
0RB---_1LC1RB_0RB0RD_1LC1LD	A	0	2	1024
0RB---_1LC1RB_0RB1LD_0LC0LC	A	0	2	1024
0RB---_1LC1RB_0RB1LD_0LC1LC	A	0	2	256
0RB---_1LC1RB_0RB1LD_0LC1LD	A	0	2	256
0RB---_1LC1RB_0RB1LD_1LB1LC	A	0	2	64
0RB---_1LC1RB_0RB1LD_1LB1LD	A	0	2	256
0RB---_1LC1RB_0RB1LD_1LC0RC	A	0	2	64
0RB---_1LC1RB_0RB1LD_1LC1LC	A	0	2	1024
0RB---_1LC1RB_0RB1LD_1LC1LD	A	0	2	1024
0RB---_1LC1RB_0RB1LD_1RB0LC	A	0	2	1024
0RB---_1LC1RB_0RB1LD_1RB1LC	A	0	2	64
0RB---_1LC1RB_0RB1LD_1RB1LD	A	0	2	64
0RB---_1LC1RB_0RB1LD_1RC1LC	A	0	2	256
0RB---_1LC1RB_0RB1RD_0LC1LD	A	0	2	256
0RB---_1LC1RB_0RB1RD_0RB1LD	A	0	2	64
0RB---_1LC1RB_0RB1RD_1LB1LD	A	0	2	64
0RB---_1LC1RB_0RB1RD_1LC1LD	A	0	2	256
0RB---_1LC1RB_0RB1RD_1LD0LC	A	0	2	256
0RB---_1LC1RB_0RB1RD_1RB1LD	A	0	2	64
0RB---_1LC1RB_0RC1LD_1RB0LC	A	0	2	256
0RB---_1LC1RB_0RC1LD_1RB1LC	A	0	2	1024
0RB---_1LC1RB_0RC1LD_1RB1LD	A	0	2	64
0RB---_1LC1RB_0RC1RD_1RB1LD	A	0	2	256
0RB---_1LC1RB_0RD0LB_1LB1RC	A	0	2	1024
0RB---_1LC1RB_0RD0LB_1LD1RC	A	0	2	1024
0RB---_1LC1RB_0RD0LD_0RB1RB	A	0	2	1024
0RB---_1LC1RB_0RD0LD_1RD1RB	A	0	2	256
0RB---_1LC1RB_0RD1LC_0LB1RD	A	0	2	64
0RB---_1LC1RB_0RD1LC_0RB1LD	A	0	2	64
0RB---_1LC1RB_0RD1LC_1LB1RD	A	0	2	64
0RB---_1LC1RB_0RD1LC_1RB0LC	A	0	2	64
0RB---_1LC1RB_0RD1LC_1RB1LD	A	0	2	1024
0RB---_1LC1RB_0RD1LD_1RB1LD	A	0	2	64
0RB---_1LC1RB_0RD1RD_1RB1LD	A	0	2	1024
0RB---_1LC1RB_1LA0LD_1RD1RB	A	3	2	64
0RB---_1LC1RB_1LA1LD_0RB1LD	A	3	2	64
0RB---_1LC1RB_1LA1LD_1RB1LD	A	3	2	64
0RB---_1LC1RB_1LA1RD_0RB1LD	A	3	2	256
0RB---_1LC1RB_1LA1RD_1RB1LD	A	3	2	1024
0RB---_1LC1RB_1LD0LD_0RB1RB	A	0	2	64
0RB---_1LC1RB_1LD0LD_1RC1RB	A	0	2	256
0RB---_1LC1RB_1LD0LD_1RD1RB	A	0	2	64
0RB---_1LC1RB_1LD0RD_0RB1LB	A	0	2	64
0RB---_1LC1RB_1LD0RD_0RB1LC	A	0	2	64
0RB---_1LC1RB_1LD0RD_1RB1LB	A	0	2	64
0RB---_1LC1RB_1LD0RD_1RB1LC	A	0	2	1024
0RB---_1LC1RB_1LD0RD_1RD1LB	A	0	2	256
0RB---_1LC1RB_1LD1LC_0RB---	A	0	2	1024
0RB---_1LC1RB_1LD1LC_0RD0RB	A	0	2	64
0RB---_1LC1RB_1LD1LC_0RD1RB	A	0	2	1024
0RB---_1LC1RB_1LD1LC_1RB---	A	0	2	64
0RB---_1LC1RB_1LD1LC_1RD0RB	A	0	2	1024
0RB---_1LC1RB_1LD1LC_1RD1LB	A	0	2	256
0RB---_1LC1RB_1LD1LC_1RD1RB	A	0	2	64
0RB---_1LC1RB_1LD1LD_0RB0LC	A	0	2	64
0RB---_1LC1RB_1LD1LD_0RB1LC	A	0	2	1024
0RB---_1LC1RB_1LD1LD_0RB1LD	A	0	2	64
0RB---_1LC1RB_1LD1LD_1RB1LC	A	0	2	256
0RB---_1LC1RB_1LD1LD_1RB1LD	A	0	2	256
0RB---_1LC1RB_1LD1RC_0RB1LD	A	0	2	1024
0RB---_1LC1RB_1LD1RC_1RB1LD	A	0	2	1024
0RB---_1LC1RB_1LD1RD_0RB1LD	A	0	2	256
0RB---_1LC1RB_1LD1RD_1RB1LD	A	0	2	256
0RB---_1LC1RB_1RB0LD_0RB1LD	A	0	2	256
0RB---_1LC1RB_1RB0LD_0RB1RB	A	0	2	256
0RB---_1LC1RB_1RB0LD_0RC1RB	A	0	2	1024
0RB---_1LC1RB_1RB0LD_1LB1LD	A	0	2	256
0RB---_1LC1RB_1RB0LD_1LC1LD	A	0	2	256
0RB---_1LC1RB_1RB0LD_1RC1RB	A	0	2	64
0RB---_1LC1RB_1RB0LD_1RD1RB	A	0	2	64
0RB---_1LC1RB_1RB0RD_---1LB	A	0	2	256
0RB---_1LC1RB_1RB0RD_1LC1LD	A	0	2	256
0RB---_1LC1RB_1RB1LC_------	A	0	2	1024
0RB---_1LC1RB_1RB1LD_0RB0LC	A	0	2	256
0RB---_1LC1RB_1RB1LD_0RB1LD	A	0	2	256
0RB---_1LC1RB_1RB1LD_1LB1LD	A	0	2	64
0RB---_1LC1RB_1RB1LD_1LC0RC	A	0	2	256
0RB---_1LC1RB_1RB1LD_1LC1LD	A	0	2	256
0RB---_1LC1RB_1RB1LD_1RB1LD	A	0	2	1024
0RB---_1LC1RB_1RB1RD_0RB1LD	A	0	2	256
0RB---_1LC1RB_1RB1RD_1LB1LD	A	0	2	256
0RB---_1LC1RB_1RB1RD_1LC1LD	A	0	2	64
0RB---_1LC1RB_1RB1RD_1RB1LD	A	0	2	256
0RB---_1LC1RB_1RC0LD_1RD1RB	A	0	2	256
0RB---_1LC1RB_1RC1LD_1RB1LD	A	0	2	64
0RB---_1LC1RB_1RC1RD_1RB1LD	A	0	2	256
0RB---_1LC1RB_1RD0LB_0LB0RC	A	0	3	64
0RB---_1LC1RB_1RD0LD_0RB1RB	A	0	2	256
0RB---_1LC1RB_1RD0LD_0RC1RB	A	0	2	1024
0RB---_1LC1RB_1RD0LD_1RC1RB	A	0	2	64
0RB---_1LC1RB_1RD0LD_1RD1RB	A	0	2	64
0RB---_1LC1RB_1RD0RD_---1LB	A	0	2	64
0RB---_1LC1RB_1RD1LC_---1LB	A	0	2	1024
0RB---_1LC1RB_1RD1LC_---1RB	A	0	2	1024
0RB---_1LC1RB_1RD1LC_0LB1RD	A	0	2	256
0RB---_1LC1RB_1RD1LC_0RB1LD	A	0	2	256
0RB---_1LC1RB_1RD1LC_1LB1RD	A	0	2	64
0RB---_1LC1RB_1RD1LC_1RB1LD	A	0	2	256
0RB---_1LC1RB_1RD1LD_0RB1LC	A	0	2	256
0RB---_1LC1RB_1RD1LD_1RB1LC	A	0	2	64
0RB---_1LC1RB_1RD1LD_1RB1LD	A	0	2	64
0RB---_1LC1RB_1RD1RD_0RB1LD	A	0	2	256
0RB---_1LC1RB_1RD1RD_1RB1LD	A	0	2	256
0RB---_1LC1RC_0LD1RB_1RB0RB	A	0	2	1024
0RB---_1LC1RC_0LD1RB_1RB1LD	A	0	2	256
0RB---_1LC1RC_0LD1RB_1RC1LD	A	0	2	64
0RB---_1LC1RC_0LD1RC_1RB1LD	A	0	2	64
0RB---_1LC1RC_0LD1RC_1RD0RB	A	0	2	256
0RB---_1LC1RC_0RD0LB_0LB1RD	A	0	2	256
0RB---_1LC1RC_0RD0LB_1LB1RC	A	0	2	64
0RB---_1LC1RC_0RD0LC_1LB1RB	A	0	2	64
0RB---_1LC1RC_0RD1LC_0LB1RD	A	0	2	256
0RB---_1LC1RC_0RD1LC_1LB1RD	A	0	2	64
0RB---_1LC1RC_1LD0RB_0RB0LD	A	0	2	64
0RB---_1LC1RC_1LD0RB_0RB1LC	A	0	2	1024
0RB---_1LC1RC_1LD0RB_0RC1LC	A	0	2	64
0RB---_1LC1RC_1LD0RB_1RB1LC	A	0	2	1024
0RB---_1LC1RC_1LD0RB_1RC1LC	A	0	3	64
0RB---_1LC1RC_1LD0RB_1RD1LC	A	0	2	256
0RB---_1LC1RC_1LD0RC_1RB1LD	A	0	2	256
0RB---_1LC1RC_1LD1RB_0RB1LD	A	0	2	1024
0RB---_1LC1RC_1LD1RB_0RC1LD	A	0	2	256
0RB---_1LC1RC_1LD1RB_1RB1LD	A	0	2	256
0RB---_1LC1RC_1LD1RB_1RC1LD	A	0	2	256
0RB---_1LC1RC_1LD1RC_0RB1LD	A	0	2	64
0RB---_1LC1RC_1LD1RC_1RB1LD	A	0	2	256
0RB---_1LC1RC_1RB0LD_0RC1LC	A	0	3	256
0RB---_1LC1RC_1RB0LD_0RC1LD	A	0	2	256
0RB---_1LC1RC_1RB0LD_0RD1LC	A	0	3	1024
0RB---_1LC1RC_1RB0LD_1RC1LC	A	0	3	1024
0RB---_1LC1RC_1RD0LC_0LB0RD	A	0	2	256
0RB---_1LC1RC_1RD0LC_0LB1LC	A	0	2	64
0RB---_1LC1RC_1RD1LC_0LC0LB	A	0	2	1024
0RB---_1LC1RC_1RD1LC_1LB0LB	A	0	2	64
0RB---_1LC1RC_1RD1LC_1LB1RD	A	0	2	256
0RB---_1LC1RC_1RD1LC_1LC0LB	A	0	2	1024
0RB---_1LC1RC_1RD1LC_1RB0LB	A	0	2	256
0RB---_1LC1RC_1RD1RC_0RB1LD	A	0	2	64
0RB---_1LC1RD_0LD0LB_1RC1LD	A	0	2	1024
0RB---_1LC1RD_0LD1RD_1RB0RB	A	0	2	1024
0RB---_1LC1RD_0RB1LB_0LC0RB	A	0	2	256
0RB---_1LC1RD_0RB1LB_1LC0RB	A	0	2	1024
0RB---_1LC1RD_0RB1LC_1LB1RB	A	0	2	64
0RB---_1LC1RD_0RB1LC_1RB0LB	A	0	2	256
0RB---_1LC1RD_0RB1LC_1RB1RB	A	0	2	64
0RB---_1LC1RD_0RB1LC_1RB1RD	A	0	2	64
0RB---_1LC1RD_0RB1LD_0LC0RB	A	0	2	1024
0RB---_1LC1RD_0RB1LD_0LC0RD	A	0	2	1024
0RB---_1LC1RD_0RB1LD_1LC0RB	A	0	2	1024
0RB---_1LC1RD_0RD1LC_1LB1RB	A	0	2	64
0RB---_1LC1RD_0RD1LC_1RB0LC	A	0	2	1024
0RB---_1LC1RD_0RD1LC_1RB1RB	A	0	2	256
0RB---_1LC1RD_0RD1LD_1RB0LC	A	0	2	256
0RB---_1LC1RD_1LD0LB_1RC1LD	A	0	2	1024
0RB---_1LC1RD_1LD0LD_0RB1RB	A	0	2	64
0RB---_1LC1RD_1LD1LC_0RB1RB	A	0	2	1024
0RB---_1LC1RD_1LD1LC_1RB0LB	A	0	2	256
0RB---_1LC1RD_1LD1LC_1RB1RD	A	0	2	64
0RB---_1LC1RD_1LD1LD_0RB0LC	A	0	2	256
0RB---_1LC1RD_1LD1LD_1RB0LC	A	0	2	256
0RB---_1LC1RD_1LD1RD_0RB0LC	A	0	2	256
0RB---_1LC1RD_1RB0LB_0LD0RC	A	0	3	256
0RB---_1LC1RD_1RB0LD_1RC1RB	A	0	2	256
0RB---_1LC1RD_1RB1LB_0LC0RD	A	0	2	64
0RB---_1LC1RD_1RB1LB_1LC0RB	A	0	2	256
0RB---_1LC1RD_1RB1LC_0LC1RB	A	0	2	64
0RB---_1LC1RD_1RB1LC_0LD1RB	A	0	2	256
0RB---_1LC1RD_1RB1LC_1LB1RB	A	0	2	1024
0RB---_1LC1RD_1RB1LC_1LC1RB	A	0	2	1024
0RB---_1LC1RD_1RB1LC_1LC1RD	A	0	2	1024
0RB---_1LC1RD_1RB1LC_1RB0LB	A	0	2	256
0RB---_1LC1RD_1RB1LC_1RB1RB	A	0	2	256
0RB---_1LC1RD_1RB1LC_1RB1RD	A	0	2	256
0RB---_1LC1RD_1RB1LC_1RC1RB	A	0	2	256
0RB---_1LC1RD_1RB1LC_1RC1RD	A	0	2	256
0RB---_1LC1RD_1RC1LD_1LC0RB	A	0	2	1024
0RB---_1LC1RD_1RC1LD_1RB0LC	A	0	2	64
0RB---_1LC1RD_1RD0LD_0RB1RB	A	0	2	256
0RB---_1LC1RD_1RD1LC_1RB0LB	A	0	2	256
0RB---_1LC1RD_1RD1LD_1RB0LC	A	0	2	64
0RB---_1RC---_0LD0RB_0RB1LC	A	0	2	256
0RB---_1RC---_0LD0RB_1LB1LC	A	0	3	256
0RB---_1RC---_0LD0RC_0RB1LC	A	0	2	64
0RB---_1RC---_0LD1RC_1LB1LD	A	0	2	64
0RB---_1RC---_0RD1LC_1LB0LB	A	0	2	64
0RB---_1RC---_1LD0RB_0RC0LC	A	0	3	256
0RB---_1RC---_1LD1RC_1LB1LD	A	0	2	256
0RB---_1RC---_1LD1RC_1RC1LD	B	1	2	1024
0RB---_1RC---_1RD1LC_0LC1RD	B	1	2	64
0RB---_1RC---_1RD1LC_1LC1RD	B	1	2	256
0RB---_1RC0LB_0RD1RB_0LD1LB	A	0	2	64
0RB---_1RC0LB_0RD1RC_0LD1LB	A	0	2	64
0RB---_1RC0LB_1LD0RD_1LC1LB	A	0	2	64
0RB---_1RC0LB_1LD0RD_1LD1LB	A	0	2	64
0RB---_1RC0LC_0LD1RB_1LB1LD	A	0	2	64
0RB---_1RC0LC_0LD1RB_1RB1LD	A	0	2	256
0RB---_1RC0LC_0LD1RB_1RC1LD	A	0	2	64
0RB---_1RC0LC_0LD1RD_1RB1LD	A	0	2	64
0RB---_1RC0LC_0RD1LC_1LB1RD	A	0	2	1024
0RB---_1RC0LC_0RD1RD_1LB1RC	A	0	2	1024
0RB---_1RC0LC_0RD1RD_1LB1RD	A	0	2	1024
0RB---_1RC0LC_1LB0LD_0RB1RD	A	0	3	64
0RB---_1RC0LC_1LB1RD_0LD0RB	A	0	3	64
0RB---_1RC0LC_1LC1RD_1RB1LD	A	0	2	1024
0RB---_1RC0LC_1LD1LC_0LB1RD	A	0	2	256
0RB---_1RC0LC_1LD1RB_0RC1LD	A	0	2	1024
0RB---_1RC0LC_1LD1RB_1LB1LD	A	0	2	256
0RB---_1RC0LC_1LD1RB_1RB1LD	A	0	2	64
0RB---_1RC0LC_1LD1RB_1RC1LD	A	0	2	256
0RB---_1RC0LC_1LD1RD_1LB0RD	A	0	2	64
0RB---_1RC0LC_1LD1RD_1RB1LD	A	0	2	256
0RB---_1RC0LC_1RD0RB_0LD1LB	A	0	3	1024
0RB---_1RC0LC_1RD0RC_1LB0RC	A	0	2	256
0RB---_1RC0LC_1RD1RC_1LB1LD	A	0	2	64
0RB---_1RC0LD_0LB0RB_1LB---	A	0	3	256
0RB---_1RC0LD_0LB1RB_1LB1LB	A	0	2	64
0RB---_1RC0LD_0LD0RB_1LB0LD	A	0	3	256
0RB---_1RC0LD_0LD0RB_1LB1RD	A	0	3	64
0RB---_1RC0LD_0LD0RC_1RB1LB	A	0	2	256
0RB---_1RC0LD_0LD1RB_1LB0RC	A	0	2	256
0RB---_1RC0LD_0LD1RD_1RC1LB	A	0	2	1024
0RB---_1RC0LD_1LB0RD_1LB0LD	A	0	2	256
0RB---_1RC0LD_1LB1RB_0RB1LB	A	0	3	256
0RB---_1RC0LD_1LB1RB_0RD1LB	A	0	3	256
0RB---_1RC0LD_1LB1RB_1RB1LB	A	0	3	256
0RB---_1RC0LD_1LB1RC_0RB1RC	A	0	2	256
0RB---_1RC0LD_1LB1RC_0RC0LB	A	0	2	256
0RB---_1RC0LD_1LB1RC_0RC1LD	A	0	2	1024
0RB---_1RC0LD_1LB1RC_0RC1RC	A	0	2	1024
0RB---_1RC0LD_1LB1RC_1LC1LD	A	0	2	256
0RB---_1RC0LD_1LB1RC_1RB1RC	A	0	2	64
0RB---_1RC0LD_1LB1RC_1RD1RC	A	0	2	64
0RB---_1RC0LD_1LB1RD_0RC1RC	A	0	2	1024
0RB---_1RC0LD_1LB1RD_1RB1RC	A	0	2	64
0RB---_1RC0LD_1LD0RB_0RB1LC	A	0	2	1024
0RB---_1RC0LD_1LD0RD_1LB0LD	A	0	2	256
0RB---_1RC0LD_1LD1RB_0RB1LB	A	0	2	256
0RB---_1RC0LD_1LD1RB_0RB1LD	A	0	2	1024
0RB---_1RC0LD_1LD1RB_1LB1LB	A	0	2	256
0RB---_1RC0LD_1LD1RB_1RB1LB	A	0	2	256
0RB---_1RC0LD_1LD1RB_1RD1LB	A	0	2	256
0RB---_1RC0LD_1LD1RC_0RB1LD	A	0	2	256
0RB---_1RC0LD_1LD1RD_1RC1LB	A	0	2	256
0RB---_1RC0LD_1RD0RB_1LB0LC	A	0	3	64
0RB---_1RC0LD_1RD0RC_1LB1LD	A	0	2	256
0RB---_1RC0LD_1RD0RD_1LB0LD	A	0	2	256
0RB---_1RC0LD_1RD1RB_0LB1LB	A	0	2	1024
0RB---_1RC0LD_1RD1RB_1LB1LB	A	0	3	64
0RB---_1RC0LD_1RD1RC_1LB1LD	A	0	2	256
0RB---_1RC0RB_0LD0RB_1RB1LC	A	0	2	256
0RB---_1RC0RB_0LD1RB_1RB1LC	A	0	2	256
0RB---_1RC0RB_1LD0RB_0RB0LC	A	0	3	256
0RB---_1RC0RC_0LC1LD_1LB1RD	A	0	2	64
0RB---_1RC0RC_0LD1LD_1LB1RD	A	0	2	64
0RB---_1RC0RC_0LD1LD_1RB1LC	A	0	2	1024
0RB---_1RC0RC_0LD1LD_1RB1LD	A	0	2	64
0RB---_1RC0RC_0LD1RC_1RB1LD	A	0	2	1024
0RB---_1RC0RC_0RD1LD_1LB1RD	A	0	2	64
0RB---_1RC0RC_1LB1LD_1LB1RD	A	0	2	64
0RB---_1RC0RC_1LB1LD_1RB1LC	A	0	2	256
0RB---_1RC0RC_1LB1LD_1RB1LD	A	0	2	256
0RB---_1RC0RC_1LC1LD_1LB1RD	A	0	2	1024
0RB---_1RC0RC_1LC1LD_1RB1LD	A	0	2	64
0RB---_1RC0RC_1LD---_0LB1RD	A	0	2	64
0RB---_1RC0RC_1LD0LC_1RB0LC	A	0	2	256
0RB---_1RC0RC_1LD1LD_1LB1RD	A	0	2	64
0RB---_1RC0RC_1LD1RC_0LB1RB	A	0	2	64
0RB---_1RC0RC_1LD1RD_0LB1RC	A	0	2	64
0RB---_1RC0RC_1RD1LD_1LB1RD	A	0	2	256
0RB---_1RC0RD_0LC1LD_1RB0LB	A	0	3	256
0RB---_1RC0RD_1LB0RB_0LC1LD	A	0	3	256
0RB---_1RC0RD_1LB1RC_---1LC	A	0	2	1024
0RB---_1RC0RD_1LB1RC_1LB1LD	A	0	2	1024
0RB---_1RC0RD_1LD0LB_1RB0LC	A	0	3	256
0RB---_1RC0RD_1LD0RC_1RB0LC	A	0	4	256
0RB---_1RC0RD_1RD1RC_1LB1LD	A	0	2	1024
0RB---_1RC1LB_0LB0LD_---1RB	A	0	2	1024
0RB---_1RC1LB_0LB0LD_1RC1RD	A	0	2	1024
0RB---_1RC1LB_0LB0RD_0LB1LB	A	0	2	1024
0RB---_1RC1LB_0LB0RD_0LB1RD	A	0	2	1024
0RB---_1RC1LB_0LB0RD_1LD1LB	A	0	2	256
0RB---_1RC1LB_0LB0RD_1RB1RD	A	0	2	256
0RB---_1RC1LB_0LB1LD_0LB1RD	A	0	2	64
0RB---_1RC1LB_0LB1LD_0RC1RD	A	0	2	256
0RB---_1RC1LB_0LB1LD_1LB1RD	A	0	2	64
0RB---_1RC1LB_0LB1LD_1RB1RD	A	0	2	64
0RB---_1RC1LB_0LB1LD_1RC1RD	A	0	2	256
0RB---_1RC1LB_0LB1LD_1RD0RC	A	0	2	256
0RB---_1RC1LB_0LB1RD_0RC0RC	A	0	2	1024
0RB---_1RC1LB_0LB1RD_0RC1RC	A	0	2	256
0RB---_1RC1LB_0LB1RD_0RC1RD	A	0	2	256
0RB---_1RC1LB_0LB1RD_1LB0RC	A	0	2	1024
0RB---_1RC1LB_0LB1RD_1LB1RC	A	0	2	64
0RB---_1RC1LB_0LB1RD_1LB1RD	A	0	2	64
0RB---_1RC1LB_0LB1RD_1LC1RC	A	0	2	256
0RB---_1RC1LB_0LB1RD_1RB1RC	A	0	2	64
0RB---_1RC1LB_0LB1RD_1RB1RD	A	0	2	256
0RB---_1RC1LB_0LB1RD_1RC0LC	A	0	2	64
0RB---_1RC1LB_0LB1RD_1RC1RC	A	0	2	1024
0RB---_1RC1LB_0LB1RD_1RC1RD	A	0	2	1024
0RB---_1RC1LB_0LC1LD_1LB1RD	A	0	2	256
0RB---_1RC1LB_0LC1RD_1LB0RC	A	0	2	256
0RB---_1RC1LB_0LC1RD_1LB1RC	A	0	2	1024
0RB---_1RC1LB_0LC1RD_1LB1RD	A	0	2	64
0RB---_1RC1LB_0LD0RB_1RB1LC	A	0	2	1024
0RB---_1RC1LB_0LD0RB_1RD1LC	A	0	2	1024
0RB---_1RC1LB_0LD0RD_0LB1LB	A	0	2	1024
0RB---_1RC1LB_0LD0RD_1LD1LB	A	0	2	256
0RB---_1RC1LB_0LD1LD_1LB1RD	A	0	2	1024
0RB---_1RC1LB_0LD1RC_0LB1RD	A	0	2	64
0RB---_1RC1LB_0LD1RC_0RB1LD	A	0	2	64
0RB---_1RC1LB_0LD1RC_1LB0RC	A	0	2	64
0RB---_1RC1LB_0LD1RC_1LB1RD	A	0	2	1024
0RB---_1RC1LB_0LD1RC_1RB1LD	A	0	2	64
0RB---_1RC1LB_0LD1RD_1LB1RD	A	0	2	64
0RB---_1RC1LB_0RD0LD_1LD0LB	A	0	2	64
0RB---_1RC1LB_0RD0LD_1LD1RB	A	0	2	256
0RB---_1RC1LB_0RD0RD_1LD0LB	A	0	2	1024
0RB---_1RC1LB_0RD0RD_1LD1LB	A	0	2	64
0RB---_1RC1LB_0RD1LC_1LB1RD	A	0	2	256
0RB---_1RC1LB_0RD1LD_1LB0LB	A	0	2	256
0RB---_1RC1LB_0RD1LD_1LB1RD	A	0	2	256
0RB---_1RC1LB_0RD1RC_0LD1LB	A	0	2	64
0RB---_1RC1LB_0RD1RC_1LD0LB	A	0	2	256
0RB---_1RC1LB_0RD1RC_1LD1LB	A	0	2	64
0RB---_1RC1LB_0RD1RC_1LD1RB	A	0	2	256
0RB---_1RC1LB_0RD1RD_1LB1RC	A	0	2	256
0RB---_1RC1LB_0RD1RD_1LB1RD	A	0	2	256
0RB---_1RC1LB_1LB0LD_---1RB	A	0	2	256
0RB---_1RC1LB_1LB0LD_1RC1RD	A	0	2	256
0RB---_1RC1LB_1LB0RD_0LB1LB	A	0	2	256
0RB---_1RC1LB_1LB0RD_0LB1RD	A	0	2	256
0RB---_1RC1LB_1LB0RD_0LC1LB	A	0	2	1024
0RB---_1RC1LB_1LB0RD_1LC1LB	A	0	2	64
0RB---_1RC1LB_1LB0RD_1LD1LB	A	0	2	64
0RB---_1RC1LB_1LB0RD_1RB1RD	A	0	2	256
0RB---_1RC1LB_1LB0RD_1RC1RD	A	0	2	256
0RB---_1RC1LB_1LB1LD_0LB1RD	A	0	2	256
0RB---_1RC1LB_1LB1LD_1LB1RD	A	0	2	256
0RB---_1RC1LB_1LB1LD_1RB1RD	A	0	2	256
0RB---_1RC1LB_1LB1LD_1RC1RD	A	0	2	64
0RB---_1RC1LB_1LB1RC_------	A	0	2	1024
0RB---_1RC1LB_1LB1RD_0LB0RC	A	0	2	256
0RB---_1RC1LB_1LB1RD_0LB1RD	A	0	2	256
0RB---_1RC1LB_1LB1RD_1LB1RD	A	0	2	1024
0RB---_1RC1LB_1LB1RD_1RB1RD	A	0	2	64
0RB---_1RC1LB_1LB1RD_1RC0LC	A	0	2	256
0RB---_1RC1LB_1LB1RD_1RC1RD	A	0	2	256
0RB---_1RC1LB_1LC0RD_1LD1LB	A	0	2	256
0RB---_1RC1LB_1LC1LD_1LB1RD	A	0	2	256
0RB---_1RC1LB_1LC1RD_1LB1RD	A	0	2	64
0RB---_1RC1LB_1LD0LD_---1RB	A	0	2	64
0RB---_1RC1LB_1LD0RB_0RB0LC	A	0	3	64
0RB---_1RC1LB_1LD0RD_0LB1LB	A	0	2	256
0RB---_1RC1LB_1LD0RD_0LC1LB	A	0	2	1024
0RB---_1RC1LB_1LD0RD_1LC1LB	A	0	2	64
0RB---_1RC1LB_1LD0RD_1LD1LB	A	0	2	64
0RB---_1RC1LB_1LD1LD_0LB1RD	A	0	2	256
0RB---_1RC1LB_1LD1LD_1LB1RD	A	0	2	256
0RB---_1RC1LB_1LD1RC_---1LB	A	0	2	1024
0RB---_1RC1LB_1LD1RC_---1RB	A	0	2	1024
0RB---_1RC1LB_1LD1RC_0LB1RD	A	0	2	256
0RB---_1RC1LB_1LD1RC_0RB1LD	A	0	2	256
0RB---_1RC1LB_1LD1RC_1LB1RD	A	0	2	256
0RB---_1RC1LB_1LD1RC_1RB1LD	A	0	2	64
0RB---_1RC1LB_1LD1RD_0LB1RC	A	0	2	256
0RB---_1RC1LB_1LD1RD_1LB1RC	A	0	2	64
0RB---_1RC1LB_1LD1RD_1LB1RD	A	0	2	64
0RB---_1RC1LB_1RD0LD_0LB1RB	A	0	2	64
0RB---_1RC1LB_1RD0LD_0LB1RC	A	0	2	64
0RB---_1RC1LB_1RD0LD_1LB1RB	A	0	2	64
0RB---_1RC1LB_1RD0LD_1LB1RC	A	0	2	1024
0RB---_1RC1LB_1RD0LD_1LD1RB	A	0	2	256
0RB---_1RC1LB_1RD0RD_0LB1LB	A	0	2	64
0RB---_1RC1LB_1RD0RD_1LC1LB	A	0	2	256
0RB---_1RC1LB_1RD0RD_1LD1LB	A	0	2	64
0RB---_1RC1LB_1RD1LC_0LB1RD	A	0	2	1024
0RB---_1RC1LB_1RD1LC_1LB1RD	A	0	2	1024
0RB---_1RC1LB_1RD1LD_0LB1RD	A	0	2	256
0RB---_1RC1LB_1RD1LD_1LB1RD	A	0	2	256
0RB---_1RC1LB_1RD1RC_0LB---	A	0	2	1024
0RB---_1RC1LB_1RD1RC_0LD0LB	A	0	2	64
0RB---_1RC1LB_1RD1RC_0LD1LB	A	0	2	1024
0RB---_1RC1LB_1RD1RC_1LB---	A	0	2	64
0RB---_1RC1LB_1RD1RC_1LD0LB	A	0	2	1024
0RB---_1RC1LB_1RD1RC_1LD1LB	A	0	2	64
0RB---_1RC1LB_1RD1RC_1LD1RB	A	0	2	256
0RB---_1RC1LB_1RD1RD_0LB0RC	A	0	2	64
0RB---_1RC1LB_1RD1RD_0LB1RC	A	0	2	1024
0RB---_1RC1LB_1RD1RD_0LB1RD	A	0	2	64
0RB---_1RC1LB_1RD1RD_1LB1RC	A	0	2	256
0RB---_1RC1LB_1RD1RD_1LB1RD	A	0	2	256
0RB---_1RC1LC_0LD0RB_0RB1LD	A	0	2	256
0RB---_1RC1LC_0LD0RB_1RB1LC	A	0	2	64
0RB---_1RC1LC_0LD0RC_1RB1LB	A	0	2	64
0RB---_1RC1LC_0LD1RC_0RB1LD	A	0	2	256
0RB---_1RC1LC_0LD1RC_1RB1LD	A	0	2	64
0RB---_1RC1LC_0RD1LB_1LB0LB	A	0	2	1024
0RB---_1RC1LC_0RD1LB_1LB1RD	A	0	2	256
0RB---_1RC1LC_0RD1LB_1LC1RD	A	0	2	64
0RB---_1RC1LC_0RD1LC_1LB1RD	A	0	2	64
0RB---_1RC1LC_0RD1LC_1LD0LB	A	0	2	256
0RB---_1RC1LC_1LB0RD_0LC1RC	A	0	3	256
0RB---_1RC1LC_1LB0RD_0LC1RD	A	0	2	256
0RB---_1RC1LC_1LB0RD_0LD1RC	A	0	3	1024
0RB---_1RC1LC_1LB0RD_1LC1RC	A	0	3	1024
0RB---_1RC1LC_1LD0RC_0RB0LD	A	0	2	256
0RB---_1RC1LC_1LD0RC_0RB1RC	A	0	2	64
0RB---_1RC1LC_1LD1LC_0LB1RD	A	0	2	64
0RB---_1RC1LC_1LD1RC_0RC0RB	A	0	2	1024
0RB---_1RC1LC_1LD1RC_1LB0RB	A	0	2	256
0RB---_1RC1LC_1LD1RC_1RB0RB	A	0	2	64
0RB---_1RC1LC_1LD1RC_1RB1LD	A	0	2	256
0RB---_1RC1LC_1LD1RC_1RC0RB	A	0	2	1024
0RB---_1RC1LC_1RD0LB_0LB0RD	A	0	2	64
0RB---_1RC1LC_1RD0LB_0LB1RC	A	0	2	1024
0RB---_1RC1LC_1RD0LB_0LC1RC	A	0	2	64
0RB---_1RC1LC_1RD0LB_1LB1RC	A	0	2	1024
0RB---_1RC1LC_1RD0LB_1LC1RC	A	0	3	64
0RB---_1RC1LC_1RD0LB_1LD1RC	A	0	2	256
0RB---_1RC1LC_1RD0LC_1LB1RD	A	0	2	256
0RB---_1RC1LC_1RD1LB_0LB1RD	A	0	2	1024
0RB---_1RC1LC_1RD1LB_0LC1RD	A	0	2	256
0RB---_1RC1LC_1RD1LB_1LB1RD	A	0	2	256
0RB---_1RC1LC_1RD1LB_1LC1RD	A	0	2	256
0RB---_1RC1LC_1RD1LC_0LB1RD	A	0	2	64
0RB---_1RC1LC_1RD1LC_1LB1RD	A	0	2	256
0RB---_1RC1LD_0LB1RB_0RC0LB	A	0	2	256
0RB---_1RC1LD_0LB1RB_1RC0LB	A	0	2	1024
0RB---_1RC1LD_0LB1RC_1LB0RB	A	0	2	256
0RB---_1RC1LD_0LB1RC_1LB1LB	A	0	2	64
0RB---_1RC1LD_0LB1RC_1LB1LD	A	0	2	64
0RB---_1RC1LD_0LB1RC_1RB1LB	A	0	2	64
0RB---_1RC1LD_0LB1RD_0RC0LB	A	0	2	1024
0RB---_1RC1LD_0LB1RD_0RC0LD	A	0	2	1024
0RB---_1RC1LD_0LB1RD_1RC0LB	A	0	2	1024
0RB---_1RC1LD_0LD1RC_1LB0RC	A	0	2	1024
0RB---_1RC1LD_0LD1RC_1LB1LB	A	0	2	256
0RB---_1RC1LD_0LD1RC_1RB1LB	A	0	2	64
0RB---_1RC1LD_0LD1RD_1LB0RC	A	0	2	256
0RB---_1RC1LD_0RD0RB_1LC1RD	A	0	2	1024
0RB---_1RC1LD_0RD1LD_1LB0LB	A	0	2	1024
0RB---_1RC1LD_1LB0RB_0RD0LC	A	0	3	256
0RB---_1RC1LD_1LB0RD_1LC1LB	A	0	2	256
0RB---_1RC1LD_1LB1RB_0RC0LD	A	0	2	64
0RB---_1RC1LD_1LB1RB_1RC0LB	A	0	2	256
0RB---_1RC1LD_1LB1RC_0RC1LB	A	0	2	64
0RB---_1RC1LD_1LB1RC_0RD1LB	A	0	2	256
0RB---_1RC1LD_1LB1RC_1LB0RB	A	0	2	256
0RB---_1RC1LD_1LB1RC_1LB1LB	A	0	2	256
0RB---_1RC1LD_1LB1RC_1LB1LD	A	0	2	256
0RB---_1RC1LD_1LB1RC_1LC1LB	A	0	2	256
0RB---_1RC1LD_1LB1RC_1LC1LD	A	0	2	256
0RB---_1RC1LD_1LB1RC_1RB1LB	A	0	2	1024
0RB---_1RC1LD_1LB1RC_1RC1LB	A	0	2	1024
0RB---_1RC1LD_1LB1RC_1RC1LD	A	0	2	1024
0RB---_1RC1LD_1LC1RD_1LB0RC	A	0	2	64
0RB---_1RC1LD_1LC1RD_1RC0LB	A	0	2	1024
0RB---_1RC1LD_1LD0RD_0LB1LB	A	0	2	256
0RB---_1RC1LD_1LD1RC_1LB0RB	A	0	2	256
0RB---_1RC1LD_1LD1RD_1LB0RC	A	0	2	64
0RB---_1RC1LD_1RD0RB_1LC1RD	A	0	2	1024
0RB---_1RC1LD_1RD0RD_0LB1LB	A	0	2	64
0RB---_1RC1LD_1RD1LD_0LB0RC	A	0	2	256
0RB---_1RC1LD_1RD1RC_0LB1LB	A	0	2	1024
0RB---_1RC1LD_1RD1RC_1LB0RB	A	0	2	256
0RB---_1RC1LD_1RD1RC_1LB1LD	A	0	2	64
0RB---_1RC1LD_1RD1RD_0LB0RC	A	0	2	256
0RB---_1RC1LD_1RD1RD_1LB0RC	A	0	2	256
0RB---_1RC1RB_0LC1LD_1RB1LD	A	0	2	1024
0RB---_1RC1RB_0LD---_1RB1LD	A	0	2	1024
0RB---_1RC1RB_0LD0LB_1RC1LD	A	0	2	1024
0RB---_1RC1RB_0LD0RD_1LB1LD	A	0	2	1024
0RB---_1RC1RB_0LD1LB_0RC1LD	A	0	2	256
0RB---_1RC1RB_0LD1LB_1LB1LD	A	0	2	64
0RB---_1RC1RB_0LD1LB_1RC1LD	A	0	2	256
0RB---_1RC1RB_0LD1LD_1RB1LC	A	0	2	256
0RB---_1RC1RB_0LD1RB_1LB1LD	A	0	2	256
0RB---_1RC1RB_0LD1RB_1RC1LD	A	0	2	1024
0RB---_1RC1RB_0RD1LC_1LB0RB	A	0	2	64
0RB---_1RC1RB_0RD1LC_1LB1RB	A	0	2	64
0RB---_1RC1RB_0RD1LC_1LB1RD	A	0	2	256
0RB---_1RC1RB_0RD1LC_1LD0LB	A	0	2	64
0RB---_1RC1RB_1LC0LD_1RB1LD	A	0	2	256
0RB---_1RC1RB_1LC1LD_0RB1LD	A	0	2	64
0RB---_1RC1RB_1LC1LD_1RB1LD	A	0	2	256
0RB---_1RC1RB_1LC1RD_0RB1LD	A	0	2	64
0RB---_1RC1RB_1LC1RD_1RB1LD	A	0	2	64
0RB---_1RC1RB_1LD---_0RB1LD	A	0	2	64
0RB---_1RC1RB_1LD---_1RB1LD	A	0	2	256
0RB---_1RC1RB_1LD0LB_1LB1LD	A	0	2	64
0RB---_1RC1RB_1LD0LB_1RC1LD	A	0	2	256
0RB---_1RC1RB_1LD0RB_0RC1LD	A	0	2	256
0RB---_1RC1RB_1LD0RB_1RC1LD	A	0	2	256
0RB---_1RC1RB_1LD0RD_0RB1LC	A	0	2	256
0RB---_1RC1RB_1LD0RD_1RB1LC	A	0	2	256
0RB---_1RC1RB_1LD1LB_0RC1LD	A	0	2	256
0RB---_1RC1RB_1LD1LB_1LB1LD	A	0	2	64
0RB---_1RC1RB_1LD1LB_1RC1LD	A	0	2	64
0RB---_1RC1RB_1LD1LC_0RB0LC	A	0	2	256
0RB---_1RC1RB_1LD1LC_0RB0RC	A	0	2	64
0RB---_1RC1RB_1LD1LC_0RB1LC	A	0	2	64
0RB---_1RC1RB_1LD1LC_0RB1RC	A	0	2	256
0RB---_1RC1RB_1LD1LC_1RB0LC	A	0	2	256
0RB---_1RC1RB_1LD1LC_1RB0RC	A	0	2	256
0RB---_1RC1RB_1LD1LC_1RB1RC	A	0	2	64
0RB---_1RC1RB_1LD1LD_0RB1LC	A	0	2	64
0RB---_1RC1RB_1LD1RB_0RC1LD	A	0	2	64
0RB---_1RC1RB_1LD1RB_1RC1LD	A	0	2	256
0RB---_1RC1RB_1RD1LC_0LC0RB	A	0	2	256
0RB---_1RC1RB_1RD1LC_0LC1LB	A	0	2	256
0RB---_1RC1RB_1RD1LC_0LC1RB	A	0	2	64
0RB---_1RC1RB_1RD1LC_1LC0RB	A	0	2	256
0RB---_1RC1RB_1RD1LC_1LC1LB	A	0	2	64
0RB---_1RC1RB_1RD1LC_1LC1RB	A	0	2	64
0RB---_1RC1RC_0LD0RB_1RB1LC	A	0	2	256
0RB---_1RC1RC_0LD1RB_1LB1LD	A	0	2	64
0RB---_1RC1RC_0LD1RB_1RB1LD	A	0	2	64
0RB---_1RC1RC_0LD1RB_1RC1LD	A	0	2	1024
0RB---_1RC1RC_0RD1LC_1LB1RD	A	0	2	64
0RB---_1RC1RC_1LD0RB_0RB1LC	A	0	2	256
0RB---_1RC1RC_1LD0RB_0RC1LC	A	0	2	64
0RB---_1RC1RC_1LD0RB_1LB1LC	A	0	3	256
0RB---_1RC1RC_1LD0RB_1RD1LC	A	0	2	256
0RB---_1RC1RC_1LD1RB_0RB1LD	A	0	2	64
0RB---_1RC1RC_1LD1RB_0RC1LD	A	0	2	256
0RB---_1RC1RC_1LD1RB_1RB1LD	A	0	2	256
0RB---_1RC1RC_1LD1RB_1RC1LD	A	0	2	1024
0RB---_1RC1RC_1LD1RC_1RB1LD	A	0	2	1024
0RB---_1RC1RC_1RD1LC_0LC0LB	A	0	2	256
0RB---_1RC1RC_1RD1LC_1LB0LB	A	0	2	64
0RB---_1RC1RC_1RD1LC_1LB1RD	A	0	2	256
0RB---_1RC1RC_1RD1LC_1LC0LB	A	0	2	1024
0RB---_1RC1RD_0LB1RC_1LB1LD	A	0	2	64
0RB---_1RC1RD_0LD0LB_0RB1LC	A	0	2	64
0RB---_1RC1RD_0LD0LB_1RC1LD	A	0	2	1024
0RB---_1RC1RD_0LD0RC_1LB1LD	A	0	2	1024
0RB---_1RC1RD_0LD1LD_1RB0LC	A	0	2	64
0RB---_1RC1RD_0LD1RB_0RB1LC	A	0	2	256
0RB---_1RC1RD_0RD---_1LD0LB	A	0	2	64
0RB---_1RC1RD_1LB0LB_1LC1RD	A	0	2	1024
0RB---_1RC1RD_1LB0LB_1RC1LD	A	0	2	64
0RB---_1RC1RD_1LB0LD_1LC0RD	A	0	2	1024
0RB---_1RC1RD_1LB1RC_0RC1LD	A	0	2	256
0RB---_1RC1RD_1LB1RC_1LB1LD	A	0	2	64
0RB---_1RC1RD_1LB1RC_1LC1LD	A	0	2	64
0RB---_1RC1RD_1LB1RC_1RC1LD	A	0	2	1024
0RB---_1RC1RD_1LD---_0RB0LC	A	0	3	256
0RB---_1RC1RD_1LD0LB_1LC1RB	A	0	2	1024
0RB---_1RC1RD_1LD0LB_1LC1RD	A	0	2	1024
0RB---_1RC1RD_1LD0LB_1RC1LD	A	0	2	256
0RB---_1RC1RD_1LD1LD_1RB0LC	A	0	3	256
0RB---_1RC1RD_1RD0LB_1LC1RB	A	0	2	64
0RB---_1RC1RD_1RD0LB_1LC1RD	A	0	2	64
0RB---_1RC1RD_1RD1LC_0LC1RB	A	0	2	256
0RB---_1RC1RD_1RD1LC_1LC1RB	A	0	2	64
0RB0LA_1LA1RC_0RD1LC_1LB1RD	A	10	2	256
0RB0LA_1RC0RC_1LA1LD_1LB1RD	A	4	2	256
0RB0LA_1RC1LB_1LA0RD_1LD1LB	A	4	2	256
0RB0LA_1RC1LB_1LA1LD_1LB1RD	A	4	2	64
0RB0LA_1RC1LB_1LA1RD_1LB1RD	A	4	2	64
0RB0LB_0RC1LB_1LD1RC_1RA1LB	A	4	2	64
0RB0LB_1LC0LC_1RA1RD_1RB1LD	A	9	2	256
0RB0LB_1LC1RB_1RA0LD_1RD1RB	A	3	2	256
0RB0LB_1LC1RB_1RA1LD_1RB1LD	A	3	2	64
0RB0LB_1LC1RB_1RA1RD_1RB1LD	A	3	2	64
0RB0LC_1LA1LC_1RC1RD_1LA1RD	B	3	2	64
0RB0LC_1LA1LC_1RD0RC_1LA0RC	B	3	2	256
0RB0LC_1LA1RB_0LD1RC_1RC1LD	B	4	2	256
0RB0LC_1LA1RB_1LD1RC_1RC1LD	B	4	2	64
0RB0LC_1LA1RB_1RC1RD_1LA1RD	B	4	2	256
0RB0LC_1LA1RB_1RD1LC_0LC1RD	B	4	2	256
0RB0LC_1LA1RB_1RD1LC_1LC1RD	B	4	2	64
0RB0LC_1LA1RC_0RD1LC_1LB1RD	A	11	2	1024
0RB0LC_1LA1RC_1RD0RC_1LA0RC	B	3	2	256
0RB0LC_1LC---_1RC1RD_1LA1RD	B	1	2	64
0RB0LC_1LC---_1RD0RC_1LA0RC	B	1	2	256
0RB0LC_1LC0LC_1RA1RD_1RB1LD	A	3	2	64
0RB0LC_1LC1RB_1RA1LD_1RB1LD	A	3	2	64
0RB0LC_1LC1RB_1RA1RD_1RB1LD	A	3	2	1024
0RB0LC_1RC---_1RD0RC_1LA0RC	B	1	2	256
0RB0LC_1RC0LD_1LA0RD_1LB0LD	A	5	2	256
0RB0LC_1RC0RC_1LA1LD_1LB1RD	A	8	2	256
0RB0LC_1RC1LB_1LA0RD_1LD1LB	A	5	2	64
0RB0LC_1RC1LB_1LA1LD_1LB1RD	A	5	2	256
0RB0LC_1RC1LB_1LA1RD_1LB1RD	A	5	2	64
0RB0LD_0LC1LD_1LA0RD_1RC0RD	B	4	2	256
0RB0LD_0LC1LD_1LA1RC_1RD1RC	B	4	2	256
0RB0LD_0LC1RA_1LA1RC_1RD1RC	B	6	2	1024
0RB0LD_0LC1RB_1LA1RC_1RD1RC	B	5	2	1024
0RB0LD_0LC1RB_1RD1LC_1LA1RB	A	6	2	256
0RB0LD_0LC1RC_1LA1RC_1RD1RC	B	4	2	256
0RB0LD_0LC1RD_1LA0RD_1RC0RD	B	4	2	256
0RB0LD_0RC1LB_1LA1RC_1RD1RC	B	5	2	1024
0RB0LD_0RC1LB_1LD1RC_1RA1LB	A	4	2	64
0RB0LD_0RC1LD_1LA0RD_1RC0RD	B	4	2	256
0RB0LD_0RC1LD_1LA1RC_1RD1RC	B	4	2	256
0RB0LD_0RC1RC_1LA1RC_1RD1RC	B	4	2	256
0RB0LD_0RC1RD_1LA0RD_1RC0RD	B	4	2	256
0RB0LD_1LA1RC_0RD1LC_1LB1RD	A	10	2	256
0RB0LD_1LA1RC_1LA1RC_1RD1RC	B	3	2	256
0RB0LD_1LC0LC_0RA1RD_1RB1LD	A	3	2	256
0RB0LD_1LC0LC_1RA1RD_1RB1LD	A	3	2	256
0RB0LD_1LC0LD_1LA1RC_1RD1RC	B	4	2	256
0RB0LD_1LC0RC_1LA1RC_1RD1RC	B	4	2	256
0RB0LD_1LC0RD_1LA1RC_1RD1RC	B	4	2	256
0RB0LD_1LC1LD_1LA0RD_1RC0RD	B	4	2	256
0RB0LD_1LC1LD_1LA1RC_1RD1RC	B	4	2	256
0RB0LD_1LC1RA_1LA1RC_1RD1RC	B	4	2	1024
0RB0LD_1LC1RB_0RA1LD_1RB1LD	A	3	2	64
0RB0LD_1LC1RB_0RA1RD_1RB1LD	A	3	2	64
0RB0LD_1LC1RB_1LA0RD_1RC0RD	B	6	2	256
0RB0LD_1LC1RB_1LA1RC_1RD1RC	B	6	2	256
0RB0LD_1LC1RB_1RA0LD_1RD1RB	A	3	2	256
0RB0LD_1LC1RB_1RA1LD_1RB1LD	A	3	2	64
0RB0LD_1LC1RB_1RA1RD_1RB1LD	A	3	2	1024
0RB0LD_1LC1RC_1LA0RD_1RC0RD	B	4	2	256
0RB0LD_1LC1RC_1LA1RC_1RD1RC	B	4	2	64
0RB0LD_1LC1RD_1LA0RD_1RC0RD	B	4	2	256
0RB0LD_1LC1RD_1LA1RC_1RD1RC	B	4	2	64
0RB0LD_1RC---_1LA1RC_1RD1RC	B	1	2	64
0RB0LD_1RC0LD_1LA0RD_1LB0LD	A	3	2	256
0RB0LD_1RC0RC_0LA1LD_1LB1RD	A	3	2	256
0RB0LD_1RC0RC_1LA1LD_1LB1RD	A	3	2	256
0RB0LD_1RC1LB_0LA1LD_1LB1RD	A	3	2	64
0RB0LD_1RC1LB_0LA1RD_1LB1RD	A	3	2	64
0RB0LD_1RC1LB_1LA1LD_1LB1RD	A	3	2	256
0RB0LD_1RC1LB_1LA1RD_1LB1RD	A	3	2	256
0RB0RB_0LC1RB_1RD1LC_1LA1RB	A	4	2	64
0RB0RB_1RC1LB_1LA0RD_1LD1LB	A	3	2	256
0RB0RB_1RC1LB_1LA1LD_1LB1RD	A	3	2	64
0RB0RB_1RC1LB_1LA1RD_1LB1RD	A	3	2	64
0RB0RC_1LA1LC_1LD0LC_1RA0LC	B	3	2	256
0RB0RC_1LA1RB_0LD1RC_1RC1LD	B	4	2	256
0RB0RC_1LA1RB_0RD1LC_1LC1RD	B	4	2	256
0RB0RC_1LA1RB_1LC1LD_1RA1LD	B	4	2	1024
0RB0RC_1LA1RB_1LD1RC_1RC1LD	B	4	2	64
0RB0RC_1LA1RB_1RD1LC_1LC1RD	B	4	2	64
0RB0RC_1LA1RC_1LC1LD_1RA1LD	B	3	2	64
0RB0RC_1LA1RC_1LD0LC_1RA0LC	B	3	2	256
0RB0RC_1LC---_1LD0LC_1RA0LC	B	1	2	256
0RB0RC_1RC---_1LC1LD_1RA1LD	B	1	2	64
0RB0RC_1RC---_1LD0LC_1RA0LC	B	1	2	256
0RB0RC_1RC0RC_1LA1LD_1LB1RD	A	3	2	64
0RB0RC_1RC1LB_1LA1LD_1LB1RD	A	3	2	1024
0RB0RC_1RC1LB_1LA1RD_1LB1RD	A	3	2	64
0RB0RD_0LC1RB_1RD1LC_1LA1RB	A	4	2	64
0RB0RD_1LA1LC_0LD1RC_1RB1LD	A	7	2	256
0RB0RD_1LA1LC_1RA1LC_1LD1LC	B	3	2	256
0RB0RD_1LA1RC_0RD1LC_1LB1RD	A	7	2	256
0RB0RD_1LC---_1RA1LC_1LD1LC	B	1	2	64
0RB0RD_1LC0LC_0RA1RD_1RB1LD	A	3	2	256
0RB0RD_1LC0LC_1RA1RD_1RB1LD	A	3	2	256
0RB0RD_1LC0RD_1RA0LD_1RB0RD	A	3	2	256
0RB0RD_1LC1RB_0RA1LD_1RB1LD	A	3	2	64
0RB0RD_1LC1RB_0RA1RD_1RB1LD	A	3	2	64
0RB0RD_1LC1RB_1RA1LD_1RB1LD	A	3	2	256
0RB0RD_1LC1RB_1RA1RD_1RB1LD	A	3	2	256
0RB0RD_1RC0RC_0LA1LD_1LB1RD	A	3	2	256
0RB0RD_1RC0RC_1LA1LD_1LB1RD	A	3	2	256
0RB0RD_1RC1LB_0LA1LD_1LB1RD	A	3	2	64
0RB0RD_1RC1LB_0LA1RD_1LB1RD	A	3	2	64
0RB0RD_1RC1LB_1LA0RD_1LD1LB	A	3	2	256
0RB0RD_1RC1LB_1LA1LD_1LB1RD	A	3	2	1024
0RB0RD_1RC1LB_1LA1RD_1LB1RD	A	3	2	64
0RB1LA_0LC1RB_1RD1LC_0LA1RB	A	5	2	256
0RB1LA_0LC1RB_1RD1LC_1LA1LB	A	5	2	64
0RB1LA_0LC1RD_1RB0LD_1LA1RD	C	4	2	64
0RB1LA_0LC1RD_1RB0RD_1LA1RD	C	4	2	64
0RB1LA_0RC1LB_1LD1RC_0RA1LB	A	5	2	256
0RB1LA_0RC1LB_1LD1RC_1RA1RB	A	6	2	64
0RB1LA_0RC1RD_1LB0LD_1LA1RD	C	4	2	64
0RB1LA_0RC1RD_1LB0RD_1LA1RD	C	4	2	64
0RB1LA_1LA1RC_0RD1LC_1LB1RD	A	8	2	256
0RB1LA_1LC1RB_0LD1LA_0RD1LA	D	5	2	64
0RB1LA_1LC1RB_0LD1LA_0RD1RA	D	9	2	256
0RB1LA_1LC1RB_0LD1LA_1LA---	D	3	2	64
0RB1LA_1LC1RB_0LD1LA_1RB---	D	3	2	256
0RB1LA_1LC1RB_0LD1LA_1RC0RA	D	5	2	64
0RB1LA_1LC1RB_0LD1LA_1RC1LD	D	6	2	256
0RB1LA_1LC1RB_0LD1LA_1RC1RA	D	5	2	64
0RB1LA_1LC1RB_0LD1LA_1RC1RB	D	5	2	64
0RB1LA_1LC1RB_0LD1LA_1RD0RB	D	16	2	64
0RB1LA_1LC1RB_0LD1LA_1RD1LA	D	5	2	64
0RB1LA_1LC1RB_0LD1LA_1RD1LB	D	5	2	256
0RB1LA_1LC1RB_0LD1LA_1RD1LC	D	5	2	64
0RB1LA_1LC1RB_0LD1LA_1RD1RA	D	9	2	256
0RB1LA_1LC1RB_0LD1LA_1RD1RB	D	5	2	256
0RB1LA_1LC1RB_0LD1RA_1LA---	D	3	2	256
0RB1LA_1LC1RB_0LD1RA_1RB---	D	3	2	64
0RB1LA_1LC1RB_0LD1RA_1RC1LA	D	5	2	256
0RB1LA_1LC1RB_0LD1RA_1RC1RB	D	5	2	256
0RB1LA_1LC1RB_0LD1RA_1RD0LA	D	5	2	64
0RB1LA_1LC1RB_0LD1RA_1RD0LB	D	5	2	256
0RB1LA_1LC1RB_0LD1RA_1RD0LC	D	21	2	1024
0RB1LA_1LC1RB_0LD1RA_1RD1LA	D	5	2	64
0RB1LA_1LC1RB_0LD1RA_1RD1LB	D	5	2	1024
0RB1LA_1LC1RB_0LD1RA_1RD1LC	D	5	2	256
0RB1LA_1LC1RB_0LD1RA_1RD1RB	D	5	2	1024
0RB1LA_1LC1RB_0RA0LD_1RD1RB	A	4	2	256
0RB1LA_1LC1RB_0RA1LD_1RB1LD	A	4	2	64
0RB1LA_1LC1RB_0RA1RD_1RB1LD	A	4	2	64
0RB1LA_1LC1RB_0RD1LA_0LA1RD	D	4	2	64
0RB1LA_1LC1RB_0RD1LA_0LC1RD	D	4	2	64
0RB1LA_1LC1RB_0RD1LA_0RA1LD	D	4	2	64
0RB1LA_1LC1RB_0RD1LA_0RC1LD	D	4	2	64
0RB1LA_1LC1RB_0RD1LA_1LA0LC	D	5	2	64
0RB1LA_1LC1RB_0RD1LA_1LA0RC	D	5	2	64
0RB1LA_1LC1RB_0RD1LA_1LA1RC	D	5	2	64
0RB1LA_1LC1RB_0RD1LA_1LB0RC	D	8	2	256
0RB1LA_1LC1RB_0RD1LA_1LB1RC	D	5	2	64
0RB1LA_1LC1RB_0RD1LA_1RB1LD	D	4	2	64
0RB1LA_1LC1RB_0RD1LA_1RB1RD	D	4	2	64
0RB1LA_1LC1RB_0RD1RA_---1RB	D	3	2	64
0RB1LA_1LC1RB_0RD1RA_1LA1LD	D	4	2	256
0RB1LA_1LC1RB_0RD1RA_1LA1RD	D	4	2	256
0RB1LA_1LC1RB_0RD1RA_1LB1RC	D	5	2	256
0RB1LA_1LC1RB_0RD1RA_1LB1RD	D	4	2	256
0RB1LA_1LC1RB_0RD1RA_1LC1RD	D	4	2	64
0RB1LA_1LC1RB_0RD1RA_1LD1RC	D	7	2	256
0RB1LA_1LC1RB_0RD1RA_1RA1LD	D	4	2	256
0RB1LA_1LC1RB_0RD1RA_1RB1LD	D	4	2	256
0RB1LA_1LC1RB_0RD1RA_1RB1RD	D	4	2	256
0RB1LA_1LC1RB_1LD1LA_0RB---	D	3	2	64
0RB1LA_1LC1RB_1LD1LA_0RD0RA	D	4	2	64
0RB1LA_1LC1RB_1LD1LA_0RD0RC	D	4	2	64
0RB1LA_1LC1RB_1LD1LA_0RD1RB	D	4	2	64
0RB1LA_1LC1RB_1LD1LA_1LA---	D	3	2	256
0RB1LA_1LC1RB_1LD1LA_1RA---	D	3	2	256
0RB1LA_1LC1RB_1LD1LA_1RB---	D	3	2	256
0RB1LA_1LC1RB_1LD1LA_1RC---	D	3	2	256
0RB1LA_1LC1RB_1LD1LA_1RD0LB	D	4	2	64
0RB1LA_1LC1RB_1LD1LA_1RD0RA	D	4	2	64
0RB1LA_1LC1RB_1LD1LA_1RD0RC	D	4	2	64
0RB1LA_1LC1RB_1LD1LA_1RD1LA	D	4	2	256
0RB1LA_1LC1RB_1LD1LA_1RD1LB	D	4	2	256
0RB1LA_1LC1RB_1LD1LA_1RD1LC	D	4	2	256
0RB1LA_1LC1RB_1LD1LA_1RD1RA	D	4	2	64
0RB1LA_1LC1RB_1LD1LA_1RD1RB	D	4	2	256
0RB1LA_1LC1RB_1LD1LA_1RD1RC	D	4	2	64
0RB1LA_1LC1RB_1LD1RA_0RA---	D	3	2	256
0RB1LA_1LC1RB_1LD1RA_0RB---	D	3	2	256
0RB1LA_1LC1RB_1LD1RA_0RC---	D	3	2	256
0RB1LA_1LC1RB_1LD1RA_0RD1LA	D	4	2	256
0RB1LA_1LC1RB_1LD1RA_0RD1RA	D	4	2	256
0RB1LA_1LC1RB_1LD1RA_0RD1RB	D	4	2	256
0RB1LA_1LC1RB_1LD1RA_0RD1RC	D	9	2	1024
0RB1LA_1LC1RB_1LD1RA_1LA---	D	3	2	1024
0RB1LA_1LC1RB_1LD1RA_1RA---	D	3	2	1024
0RB1LA_1LC1RB_1LD1RA_1RB---	D	3	2	1024
0RB1LA_1LC1RB_1LD1RA_1RC---	D	3	2	64
0RB1LA_1LC1RB_1LD1RA_1RD0LA	D	4	2	256
0RB1LA_1LC1RB_1LD1RA_1RD0LB	D	4	2	256
0RB1LA_1LC1RB_1LD1RA_1RD1LA	D	4	2	1024
0RB1LA_1LC1RB_1LD1RA_1RD1LB	D	4	2	1024
0RB1LA_1LC1RB_1LD1RA_1RD1LC	D	4	2	64
0RB1LA_1LC1RB_1LD1RA_1RD1RA	D	4	2	64
0RB1LA_1LC1RB_1LD1RA_1RD1RB	D	4	2	1024
0RB1LA_1LC1RB_1LD1RA_1RD1RC	D	9	2	256
0RB1LA_1LC1RB_1RA0LD_1RD1RB	A	5	2	64
0RB1LA_1LC1RB_1RA1LD_1RB1LD	A	5	2	64
0RB1LA_1LC1RB_1RA1RD_0RB1LD	A	5	2	256
0RB1LA_1LC1RB_1RA1RD_1RB1LD	A	5	2	64
0RB1LA_1LC1RB_1RD1LA_---1LB	D	3	2	64
0RB1LA_1LC1RB_1RD1LA_---1RB	D	3	2	256
0RB1LA_1LC1RB_1RD1LA_0LA0RC	D	5	2	256
0RB1LA_1LC1RB_1RD1LA_0LA1RC	D	5	2	64
0RB1LA_1LC1RB_1RD1LA_0LB1RC	D	5	2	256
0RB1LA_1LC1RB_1RD1LA_0LB1RD	D	4	2	64
0RB1LA_1LC1RB_1RD1LA_0LC0LD	D	7	2	256
0RB1LA_1LC1RB_1RD1LA_0LC0RC	D	5	2	256
0RB1LA_1LC1RB_1RD1LA_0LC1LD	D	7	2	256
0RB1LA_1LC1RB_1RD1LA_0LC1RC	D	5	2	64
0RB1LA_1LC1RB_1RD1LA_1LA0LD	D	5	2	64
0RB1LA_1LC1RB_1RD1LA_1LA1LD	D	5	2	256
0RB1LA_1LC1RB_1RD1LA_1LA1RC	D	5	2	256
0RB1LA_1LC1RB_1RD1LA_1LA1RD	D	4	2	256
0RB1LA_1LC1RB_1RD1LA_1LB0RD	D	4	2	256
0RB1LA_1LC1RB_1RD1LA_1LB1RC	D	5	2	1024
0RB1LA_1LC1RB_1RD1LA_1LB1RD	D	4	2	256
0RB1LA_1LC1RB_1RD1LA_1LC1RC	D	5	2	256
0RB1LA_1LC1RB_1RD1LA_1LC1RD	D	4	2	256
0RB1LA_1LC1RB_1RD1LA_1LD0RC	D	6	2	256
0RB1LA_1LC1RB_1RD1LA_1LD1RC	D	6	2	256
0RB1LA_1LC1RB_1RD1LA_1RA1LD	D	5	2	64
0RB1LA_1LC1RB_1RD1LA_1RB0RC	D	5	2	64
0RB1LA_1LC1RB_1RD1LA_1RB1LD	D	5	2	256
0RB1LA_1LC1RB_1RD1LA_1RB1RC	D	5	2	1024
0RB1LA_1LC1RB_1RD1LA_1RB1RD	D	4	2	256
0RB1LA_1LC1RB_1RD1LA_1RC1LD	D	5	2	64
0RB1LA_1LC1RB_1RD1RA_---1LA	D	3	2	256
0RB1LA_1LC1RB_1RD1RA_---1LB	D	3	2	256
0RB1LA_1LC1RB_1RD1RA_---1LC	D	3	2	256
0RB1LA_1LC1RB_1RD1RA_---1RB	D	3	2	256
0RB1LA_1LC1RB_1RD1RA_0LA1RC	D	5	2	256
0RB1LA_1LC1RB_1RD1RA_0LA1RD	D	4	2	256
0RB1LA_1LC1RB_1RD1RA_0LB1RC	D	5	2	1024
0RB1LA_1LC1RB_1RD1RA_0LB1RD	D	4	2	256
0RB1LA_1LC1RB_1RD1RA_0RA1LD	D	5	2	256
0RB1LA_1LC1RB_1RD1RA_0RB1LD	D	5	2	256
0RB1LA_1LC1RB_1RD1RA_1LA0RC	D	5	2	256
0RB1LA_1LC1RB_1RD1RA_1LA1LD	D	5	2	1024
0RB1LA_1LC1RB_1RD1RA_1LA1RC	D	5	2	64
0RB1LA_1LC1RB_1RD1RA_1LA1RD	D	4	2	1024
0RB1LA_1LC1RB_1RD1RA_1LB0RC	D	5	2	256
0RB1LA_1LC1RB_1RD1RA_1LB0RD	D	4	2	256
0RB1LA_1LC1RB_1RD1RA_1LB1RC	D	5	2	256
0RB1LA_1LC1RB_1RD1RA_1LB1RD	D	4	2	1024
0RB1LA_1LC1RB_1RD1RA_1LC1RC	D	5	2	1024
0RB1LA_1LC1RB_1RD1RA_1LC1RD	D	4	2	256
0RB1LA_1LC1RB_1RD1RA_1RA1LD	D	5	2	64
0RB1LA_1LC1RB_1RD1RA_1RB0RC	D	5	2	256
0RB1LA_1LC1RB_1RD1RA_1RB1LD	D	5	2	1024
0RB1LA_1LC1RB_1RD1RA_1RB1RD	D	4	2	1024
0RB1LA_1LC1RB_1RD1RA_1RC1LD	D	5	2	256
0RB1LA_1LC1RD_0LD---_1LA1RD	C	2	2	64
0RB1LA_1LC1RD_1LA---_1LA1RD	C	2	2	64
0RB1LA_1LC1RD_1LD---_1LA1RD	C	2	2	256
0RB1LA_1LC1RD_1RB---_1LA1RD	C	2	2	256
0RB1LA_1LC1RD_1RC1LB_1LA1RD	C	3	2	64
0RB1LA_1LC1RD_1RC1LD_1LA1RD	C	3	2	64
0RB1LA_1LC1RD_1RC1RB_1LA1RD	C	5	2	256
0RB1LA_1LC1RD_1RC1RD_1LA1RD	C	3	2	256
0RB1LA_1LC1RD_1RD---_1LA1RD	C	2	2	256
0RB1LA_1RC0LD_1LA0RD_1LB0LD	A	4	2	256
0RB1LA_1RC0RC_1LA1LD_1LB1RD	A	4	2	64
0RB1LA_1RC1LB_0LA0RD_1LD1LB	A	4	2	256
0RB1LA_1RC1LB_0LA1LD_1LB1RD	A	4	2	64
0RB1LA_1RC1LB_0LA1RD_1LB1RD	A	4	2	64
0RB1LA_1RC1LB_1LA0RD_1LD1LB	A	4	2	64
0RB1LA_1RC1LB_1LA1LD_0LB1RD	A	4	2	256
0RB1LA_1RC1LB_1LA1LD_1LB1RD	A	4	2	1024
0RB1LA_1RC1LB_1LA1RD_0LB1RD	A	4	2	64
0RB1LA_1RC1LB_1LA1RD_1LB1RD	A	4	2	64
0RB1LA_1RC1RD_1LB---_1LA1RD	C	2	2	64
0RB1LA_1RC1RD_1LC0LA_1LA1RD	C	6	2	256
0RB1LA_1RC1RD_1LC0LD_1LA1RD	C	3	2	64
0RB1LA_1RC1RD_1LC1LB_1LA1RD	C	5	2	256
0RB1LA_1RC1RD_1LC1LD_1LA1RD	C	3	2	256
0RB1LA_1RC1RD_1LC1RB_1LA1RD	C	3	2	64
0RB1LA_1RC1RD_1LC1RD_1LA1RD	C	3	2	64
0RB1LA_1RC1RD_1LD---_1LA1RD	C	2	2	64
0RB1LA_1RC1RD_1RD---_1LA1RD	C	2	2	256
0RB1LB_0RC1LB_1LD1RC_1RA1RB	A	4	2	256
0RB1LB_1LA1RC_0RD1LC_1LB1RD	A	9	2	1024
0RB1LB_1LC0LC_1RA1RD_1RB1LD	A	12	2	256
0RB1LB_1LC1RB_1RA0LD_1RD1RB	A	3	2	64
0RB1LB_1LC1RB_1RA1LD_0RB1LD	A	3	2	64
0RB1LB_1LC1RB_1RA1LD_1RB1LD	A	3	2	64
0RB1LB_1LC1RB_1RA1RD_0RB1LD	A	3	2	256
0RB1LB_1LC1RB_1RA1RD_1RB1LD	A	3	2	1024
0RB1LB_1RC0LD_1LA0RD_1LB0LD	A	3	2	256
0RB1LB_1RC0RC_0LA1LD_1LB1RD	A	3	2	256
0RB1LB_1RC0RC_1LA1LD_1LB1RD	A	3	2	256
0RB1LB_1RC1LB_0LA0RD_1LD1LB	A	3	2	256
0RB1LB_1RC1LB_0LA1LD_0LB1RD	A	3	2	64
0RB1LB_1RC1LB_0LA1LD_1LB1RD	A	3	2	64
0RB1LB_1RC1LB_0LA1RD_1LB1RD	A	3	2	64
0RB1LB_1RC1LB_1LA0RD_1LD1LB	A	3	2	64
0RB1LB_1RC1LB_1LA1LD_0LB1RD	A	3	2	256
0RB1LB_1RC1LB_1LA1LD_1LB1RD	A	3	2	256
0RB1LB_1RC1LB_1LA1RD_0LB1RD	A	3	2	256
0RB1LB_1RC1LB_1LA1RD_1LB1RD	A	3	2	1024
0RB1LC_0LC---_1LD1RC_0RC0RA	B	1	2	1024
0RB1LC_0LC---_1LD1RC_1RA0RA	B	1	2	256
0RB1LC_0LC---_1LD1RC_1RA1LD	B	1	2	1024
0RB1LC_0LC---_1LD1RC_1RC0RA	B	1	2	1024
0RB1LC_0LC---_1RD1LC_1LA1RD	B	1	2	64
0RB1LC_0LC1LC_0RD1LC_1LA1RD	B	5	2	64
0RB1LC_0LC1RB_0RD1LC_1LA1RD	B	6	2	256
0RB1LC_0LC1RB_1RD1LC_1LA1LB	A	4	2	256
0RB1LC_0LC1RB_1RD1LC_1LA1RB	A	4	2	64
0RB1LC_0RC---_1LD1RC_0RC0RA	B	1	2	1024
0RB1LC_0RC---_1LD1RC_1RA0RA	B	1	2	256
0RB1LC_0RC---_1LD1RC_1RA1LD	B	1	2	1024
0RB1LC_0RC---_1LD1RC_1RC0RA	B	1	2	1024
0RB1LC_0RC---_1RD1LC_1LA1RD	B	1	2	64
0RB1LC_0RC1LB_0RD1LC_1LA1RD	B	6	2	256
0RB1LC_0RC1LB_1LD1RC_1RA1RB	A	4	2	256
0RB1LC_0RC1LC_0RD1LC_1LA1RD	B	5	2	64
0RB1LC_1LA0LC_1LD1RC_0RC0RA	B	3	2	1024
0RB1LC_1LA0LC_1LD1RC_1RA0RA	B	3	2	256
0RB1LC_1LA0LC_1LD1RC_1RA1LD	B	3	2	64
0RB1LC_1LA0LC_1LD1RC_1RC0RA	B	3	2	1024
0RB1LC_1LA0LC_1RD1LC_1LA1RD	B	3	2	64
0RB1LC_1LA0RC_1LD1RC_0RC0RA	B	3	2	1024
0RB1LC_1LA0RC_1LD1RC_1RA0RA	B	3	2	256
0RB1LC_1LA0RC_1LD1RC_1RA1LD	B	3	2	64
0RB1LC_1LA0RC_1LD1RC_1RC0RA	B	3	2	1024
0RB1LC_1LA0RC_1RD1LC_1LA1RD	B	3	2	64
0RB1LC_1LA1LC_1LD1RC_0RC0RA	B	3	2	1024
0RB1LC_1LA1LC_1LD1RC_1RA0RA	B	3	2	64
0RB1LC_1LA1LC_1LD1RC_1RA1LD	B	3	2	256
0RB1LC_1LA1LC_1LD1RC_1RC0RA	B	3	2	256
0RB1LC_1LA1LC_1RD1LC_1LA1RD	B	3	2	64
0RB1LC_1LA1RB_0LD1RC_1RA1LD	B	11	2	1024
0RB1LC_1LA1RB_0LD1RC_1RC1LD	B	4	2	64
0RB1LC_1LA1RB_1LD1RC_0RC0RA	B	4	2	256
0RB1LC_1LA1RB_1LD1RC_0RC1LD	B	4	2	256
0RB1LC_1LA1RB_1LD1RC_1RA0RA	B	4	2	1024
0RB1LC_1LA1RB_1LD1RC_1RA1LD	B	4	2	256
0RB1LC_1LA1RB_1LD1RC_1RC0RA	B	4	2	64
0RB1LC_1LA1RB_1LD1RC_1RC1LD	B	4	2	1024
0RB1LC_1LA1RB_1RD1LC_0LA1RD	B	4	2	64
0RB1LC_1LA1RB_1RD1LC_0LC1RD	B	4	2	64
0RB1LC_1LA1RB_1RD1LC_1LA1RD	B	4	2	64
0RB1LC_1LA1RB_1RD1LC_1LC1RD	B	4	2	64
0RB1LC_1LA1RC_0RD1LC_1LB1RD	A	7	2	64
0RB1LC_1LA1RC_1LD0RC_0RA1RC	B	3	2	1024
0RB1LC_1LA1RC_1LD1RC_0RC0RA	B	3	2	1024
0RB1LC_1LA1RC_1LD1RC_1RA0RA	B	3	2	64
0RB1LC_1LA1RC_1LD1RC_1RA1LD	B	3	2	1024
0RB1LC_1LA1RC_1LD1RC_1RC0RA	B	3	2	256
0RB1LC_1LA1RC_1RD1LC_1LA1RD	B	3	2	64
0RB1LC_1LC---_1LD1RC_0RC0RA	B	1	2	256
0RB1LC_1LC---_1LD1RC_1RA0RA	B	1	2	64
0RB1LC_1LC---_1LD1RC_1RA1LD	B	1	2	256
0RB1LC_1LC---_1LD1RC_1RC0RA	B	1	2	1024
0RB1LC_1LC---_1RD1LC_1LA1RD	B	1	2	1024
0RB1LC_1LC0LC_1RA1RD_1RB1LD	A	3	2	256
0RB1LC_1LC0RC_0LD1RC_1RA1LD	B	9	2	64
0RB1LC_1LC0RD_0LD1RC_1RA1LD	B	8	2	256
0RB1LC_1LC1LB_0LD1RC_1RA1LD	B	6	2	256
0RB1LC_1LC1LD_0LD1RC_1RA1LD	B	5	2	256
0RB1LC_1LC1RA_0LD1RC_1RA1LD	B	7	2	256
0RB1LC_1LC1RB_0LD1RC_1RA1LD	B	6	2	1024
0RB1LC_1LC1RB_1RA0LD_1RD1RB	A	3	2	256
0RB1LC_1LC1RB_1RA1LD_1RB1LD	A	3	2	64
0RB1LC_1LC1RB_1RA1RD_0RB1LD	A	3	2	256
0RB1LC_1LC1RB_1RA1RD_1RB1LD	A	3	2	1024
0RB1LC_1LC1RC_0LD1RC_1RA1LD	B	5	2	256
0RB1LC_1LC1RD_0LD1RC_1RA1LD	B	8	2	1024
0RB1LC_1RC---_0LD1RC_1RA1LD	B	1	2	64
0RB1LC_1RC---_1LD0RC_0RA1RC	B	1	2	64
0RB1LC_1RC---_1LD1RC_0RC0RA	B	1	2	1024
0RB1LC_1RC---_1LD1RC_1RA0RA	B	1	2	64
0RB1LC_1RC---_1LD1RC_1RA1LD	B	1	2	256
0RB1LC_1RC---_1LD1RC_1RC0RA	B	1	2	1024
0RB1LC_1RC---_1RD0LC_1LA1RD	B	1	2	256
0RB1LC_1RC---_1RD1LC_0LA1RD	B	1	2	64
0RB1LC_1RC---_1RD1LC_1LA1RD	B	1	2	256
0RB1LC_1RC0LD_1LA0RD_1LB0LD	A	5	2	64
0RB1LC_1RC0RC_0LA1LD_1LB1RD	A	5	2	256
0RB1LC_1RC0RC_1LA1LD_1LB1RD	A	5	2	256
0RB1LC_1RC1LB_0LA0RD_1LD1LB	A	5	2	256
0RB1LC_1RC1LB_0LA1LD_1LB1RD	A	5	2	64
0RB1LC_1RC1LB_0LA1RD_1LB1RD	A	5	2	64
0RB1LC_1RC1LB_1LA0RD_1LD1LB	A	5	2	64
0RB1LC_1RC1LB_1LA1LD_0LB1RD	A	5	2	1024
0RB1LC_1RC1LB_1LA1LD_1LB1RD	A	5	2	256
0RB1LC_1RC1LB_1LA1RD_0LB1RD	A	5	2	256
0RB1LC_1RC1LB_1LA1RD_1LB1RD	A	5	2	1024
0RB1LC_1RC1LC_0RD1LC_1LA1RD	B	5	2	64
0RB1LC_1RC1LD_0RD1LC_1LA1RD	B	5	2	64
0RB1LD_0LC---_0RD0RA_1LC1RD	B	1	2	1024
0RB1LD_0LC---_1RD0RA_1LC1RD	B	1	2	256
0RB1LD_0LC0LD_1LA1RC_1RC1LD	B	4	2	64
0RB1LD_0LC0RD_1LA1RC_1RC1LD	B	4	2	64
0RB1LD_0LC1LD_1LA1RC_1RC1LD	B	4	2	64
0RB1LD_0LC1RA_1LA1RC_1RC1LD	B	6	2	64
0RB1LD_0LC1RB_1LA1RC_1RC1LD	B	5	2	64
0RB1LD_0LC1RB_1RD1LC_1LA1LB	A	6	2	256
0RB1LD_0LC1RC_1LA1RC_1RC1LD	B	4	2	64
0RB1LD_0LC1RD_1LA1RC_1RC1LD	B	4	2	64
0RB1LD_0LC1RD_1RD---_1LA0RD	C	2	2	256
0RB1LD_0RC---_0RD0RA_1LC1RD	B	1	2	1024
0RB1LD_0RC---_1RD0RA_1LC1RD	B	1	2	256
0RB1LD_0RC0LD_1LA1RC_1RC1LD	B	4	2	64
0RB1LD_0RC0RD_1LA1RC_1RC1LD	B	4	2	64
0RB1LD_0RC1LB_1LA1RC_1RC1LD	B	5	2	64
0RB1LD_0RC1LB_1LD1RC_1RA1RB	A	4	2	64
0RB1LD_0RC1LD_1LA1RC_1RC1LD	B	4	2	64
0RB1LD_0RC1RC_1LA1RC_1RC1LD	B	4	2	64
0RB1LD_0RC1RD_1LA1RC_1RC1LD	B	4	2	64
0RB1LD_0RC1RD_1RD---_1LA0RD	C	2	2	256
0RB1LD_1LA0LC_0RD0RA_1LC1RD	B	3	2	1024
0RB1LD_1LA0LC_1RD0RA_1LC1RD	B	3	2	64
0RB1LD_1LA0RC_0RD0RA_1LC1RD	B	3	2	1024
0RB1LD_1LA0RC_1RD0RA_1LC1RD	B	3	2	64
0RB1LD_1LA1LC_0LD1RC_1RB1LD	A	7	2	1024
0RB1LD_1LA1LC_0RD0RA_1LC1RD	B	3	2	1024
0RB1LD_1LA1LC_1RA0RA_1LC1RD	B	3	2	256
0RB1LD_1LA1LC_1RA1LC_0LC1RD	B	3	2	64
0RB1LD_1LA1LC_1RA1LC_1LC1RD	B	3	2	64
0RB1LD_1LA1LC_1RD0RA_1LC1RD	B	3	2	1024
0RB1LD_1LA1RC_0RD0RA_1LC1RD	B	3	2	1024
0RB1LD_1LA1RC_0RD1LC_1LB1RD	A	10	2	256
0RB1LD_1LA1RC_1LA1RC_1RC1LD	B	3	2	64
0RB1LD_1LA1RC_1RD0RA_1LC1RD	B	3	2	1024
0RB1LD_1LC---_0RD0RA_1LC1RD	B	1	2	1024
0RB1LD_1LC---_1RA0RA_1LC1RD	B	1	2	64
0RB1LD_1LC---_1RA1LC_0LC1RD	B	1	2	256
0RB1LD_1LC---_1RA1LC_1LC1RD	B	1	2	1024
0RB1LD_1LC---_1RD0RA_1LC1RD	B	1	2	256
0RB1LD_1LC0LC_0RA1RD_1RB1LD	A	3	2	64
0RB1LD_1LC0LC_1RA1RD_1RB1LD	A	3	2	64
0RB1LD_1LC0LD_1LA1RC_1RC1LD	B	4	2	64
0RB1LD_1LC0RA_1LA1RC_0RC1LD	B	4	2	64
0RB1LD_1LC0RA_1LA1RC_1RC1LD	B	4	2	64
0RB1LD_1LC0RC_1LA1RC_1RC1LD	B	4	2	64
0RB1LD_1LC0RD_0RA0LD_1RB0RD	A	3	2	256
0RB1LD_1LC0RD_1LA1RC_0RC1LD	B	4	2	64
0RB1LD_1LC0RD_1LA1RC_1RC1LD	B	4	2	64
0RB1LD_1LC1LD_1LA1RC_1RC1LD	B	4	2	64
0RB1LD_1LC1RA_1LA1RC_1RC1LD	B	4	2	64
0RB1LD_1LC1RB_0RA0LD_1RD1RB	A	3	2	64
0RB1LD_1LC1RB_0RA1LD_1RB1LD	A	3	2	64
0RB1LD_1LC1RB_0RA1RD_1RB1LD	A	3	2	1024
0RB1LD_1LC1RB_1LA1RC_0RC1LD	B	6	2	256
0RB1LD_1LC1RB_1LA1RC_1RC1LD	B	6	2	64
0RB1LD_1LC1RB_1RA0LD_1RD1RB	A	3	2	64
0RB1LD_1LC1RB_1RA1LD_1RB1LD	A	3	2	64
0RB1LD_1LC1RB_1RA1RD_0RB1LD	A	3	2	256
0RB1LD_1LC1RB_1RA1RD_1RB1LD	A	3	2	256
0RB1LD_1LC1RC_1LA1RC_0RC1LD	B	4	2	64
0RB1LD_1LC1RC_1LA1RC_1RC1LD	B	4	2	64
0RB1LD_1LC1RD_1LA1RC_1RC1LD	B	4	2	64
0RB1LD_1LC1RD_1LD---_1LA0RD	C	2	2	64
0RB1LD_1LC1RD_1RC1LA_1LA0RD	C	3	2	256
0RB1LD_1RC---_0RD0RA_1LC1RD	B	1	2	1024
0RB1LD_1RC---_1LA1RC_1RC1LD	B	1	2	1024
0RB1LD_1RC---_1RD0RA_1LC1RD	B	1	2	1024
0RB1LD_1RC0LD_0LA0RD_1LB0LD	A	3	2	256
0RB1LD_1RC0LD_1LA0RD_1LB0LD	A	3	2	64
0RB1LD_1RC0RC_0LA1LD_1LB1RD	A	3	2	64
0RB1LD_1RC0RC_1LA1LD_1LB1RD	A	3	2	1024
0RB1LD_1RC1LB_0LA1LD_1LB1RD	A	3	2	256
0RB1LD_1RC1LB_0LA1RD_1LB1RD	A	3	2	64
0RB1LD_1RC1LB_1LA1LD_1LB1RD	A	3	2	256
0RB1LD_1RC1LB_1LA1RD_1LB1RD	A	3	2	256
0RB1LD_1RC1RD_1LC1RB_1LA0RD	C	3	2	256
0RB1LD_1RC1RD_1RD---_1LA0RD	C	2	2	64
0RB1RA_1LA1LC_0LD1RC_1RB1LD	A	12	2	256
0RB1RB_0LC1RB_1RD1LC_1LA1LB	A	4	2	256
0RB1RB_1LA1LC_0LD1RC_1RB1LD	A	7	2	256
0RB1RB_1LA1RC_0RD1LC_1LB1RD	A	7	2	256
0RB1RB_1LC0LC_0RA1RD_1RB1LD	A	3	2	256
0RB1RB_1LC0LC_1RA1RD_1RB1LD	A	3	2	256
0RB1RB_1LC0RD_1RA0LD_1RB0RD	A	3	2	256
0RB1RB_1LC1RB_0RA0LD_1RD1RB	A	3	2	256
0RB1RB_1LC1RB_0RA1LD_1RB1LD	A	3	2	64
0RB1RB_1LC1RB_0RA1RD_0RB1LD	A	3	2	64
0RB1RB_1LC1RB_0RA1RD_1RB1LD	A	3	2	64
0RB1RB_1LC1RB_1RA0LD_1RD1RB	A	3	2	64
0RB1RB_1LC1RB_1RA1LD_0RB1LD	A	3	2	256
0RB1RB_1LC1RB_1RA1LD_1RB1LD	A	3	2	1024
0RB1RB_1LC1RB_1RA1RD_0RB1LD	A	3	2	256
0RB1RB_1LC1RB_1RA1RD_1RB1LD	A	3	2	256
0RB1RB_1RC1LB_1LA0RD_1LD1LB	A	3	2	64
0RB1RB_1RC1LB_1LA1LD_0LB1RD	A	3	2	256
0RB1RB_1RC1LB_1LA1LD_1LB1RD	A	3	2	1024
0RB1RB_1RC1LB_1LA1RD_0LB1RD	A	3	2	64
0RB1RB_1RC1LB_1LA1RD_1LB1RD	A	3	2	64
0RB1RC_0LC---_0LD1RC_1RA1LD	B	5	2	64
0RB1RC_0LC---_1LD1RC_1RA1LD	B	1	2	64
0RB1RC_0LC---_1RD1LC_0LC0LA	B	1	2	1024
0RB1RC_0LC---_1RD1LC_1LA0LA	B	1	2	256
0RB1RC_0LC---_1RD1LC_1LA1RD	B	1	2	1024
0RB1RC_0LC---_1RD1LC_1LC0LA	B	1	2	1024
0RB1RC_0LC1RB_1RD1LC_1LA1LB	A	4	2	256
0RB1RC_0RC---_1LD1RC_1RA1LD	B	1	2	64
0RB1RC_0RC---_1RD1LC_0LC0LA	B	1	2	1024
0RB1RC_0RC---_1RD1LC_1LA0LA	B	1	2	256
0RB1RC_0RC---_1RD1LC_1LA1RD	B	1	2	1024
0RB1RC_0RC---_1RD1LC_1LC0LA	B	1	2	1024
0RB1RC_0RC1LB_1LD1RC_1RA1LB	A	4	2	64
0RB1RC_0RC1LB_1LD1RC_1RA1RB	A	4	2	256
0RB1RC_1LA0LC_0LD1RC_1RA1LD	B	9	2	256
0RB1RC_1LA0LC_1LD1RC_1RA1LD	B	3	2	64
0RB1RC_1LA0LC_1RD1LC_0LC0LA	B	3	2	1024
0RB1RC_1LA0LC_1RD1LC_1LA0LA	B	3	2	256
0RB1RC_1LA0LC_1RD1LC_1LA1RD	B	3	2	64
0RB1RC_1LA0LC_1RD1LC_1LC0LA	B	3	2	1024
0RB1RC_1LA0RC_1LD1RC_1RA1LD	B	3	2	64
0RB1RC_1LA0RC_1RD1LC_0LC0LA	B	3	2	1024
0RB1RC_1LA0RC_1RD1LC_1LA0LA	B	3	2	256
0RB1RC_1LA0RC_1RD1LC_1LA1RD	B	3	2	64
0RB1RC_1LA0RC_1RD1LC_1LC0LA	B	3	2	1024
0RB1RC_1LA1LC_0LD1RC_1RA1LD	B	7	2	256
0RB1RC_1LA1LC_0LD1RC_1RB1LD	A	7	2	256
0RB1RC_1LA1LC_1LD1RC_1RA1LD	B	3	2	64
0RB1RC_1LA1LC_1RD0LC_0LA1LC	B	3	2	1024
0RB1RC_1LA1LC_1RD1LC_0LC0LA	B	3	2	1024
0RB1RC_1LA1LC_1RD1LC_1LA0LA	B	3	2	64
0RB1RC_1LA1LC_1RD1LC_1LA1RD	B	3	2	1024
0RB1RC_1LA1LC_1RD1LC_1LC0LA	B	3	2	256
0RB1RC_1LA1RB_0RD1LC_1LA1RD	B	4	2	64
0RB1RC_1LA1RB_1LD1RC_1RA1LD	B	4	2	64
0RB1RC_1LA1RB_1LD1RC_1RC1LD	B	4	2	64
0RB1RC_1LA1RB_1RD1LC_0LC0LA	B	4	2	1024
0RB1RC_1LA1RB_1RD1LC_1LA0LA	B	4	2	256
0RB1RC_1LA1RB_1RD1LC_1LA1RD	B	4	2	64
0RB1RC_1LA1RB_1RD1LC_1LC0LA	B	4	2	1024
0RB1RC_1LA1RB_1RD1LC_1LC1RD	B	4	2	64
0RB1RC_1LA1RC_0RD1LC_1LB1RD	A	7	2	256
0RB1RC_1LA1RC_1LD1RC_1RA1LD	B	3	2	64
0RB1RC_1LA1RC_1RD1LC_0LC0LA	B	3	2	1024
0RB1RC_1LA1RC_1RD1LC_1LA0LA	B	3	2	64
0RB1RC_1LA1RC_1RD1LC_1LA1RD	B	3	2	256
0RB1RC_1LA1RC_1RD1LC_1LC0LA	B	3	2	256
0RB1RC_1LC---_0RD1LC_1LA1RD	B	1	2	64
0RB1RC_1LC---_1LD0RC_1RA1LD	B	1	2	256
0RB1RC_1LC---_1LD1RC_0RA1LD	B	1	2	64
0RB1RC_1LC---_1LD1RC_1RA1LD	B	1	2	256
0RB1RC_1LC---_1RD0LC_0LA1LC	B	1	2	64
0RB1RC_1LC---_1RD1LC_0LC0LA	B	1	2	1024
0RB1RC_1LC---_1RD1LC_1LA0LA	B	1	2	64
0RB1RC_1LC---_1RD1LC_1LA1RD	B	1	2	256
0RB1RC_1LC---_1RD1LC_1LC0LA	B	1	2	1024
0RB1RC_1LC0LA_0LD1RC_1RA1LD	B	7	2	256
0RB1RC_1LC0LC_0LD1RC_1RA1LD	B	5	2	64
0RB1RC_1LC1LC_0LD1RC_1RA1LD	B	5	2	64
0RB1RC_1LC1LD_0LD1RC_1RA1LD	B	5	2	64
0RB1RC_1LC1RB_0LD1RC_1RA1LD	B	6	2	256
0RB1RC_1LC1RD_0LD1RC_1RA1LD	B	8	2	256
0RB1RC_1RC---_1LD1RC_1RA1LD	B	1	2	1024
0RB1RC_1RC---_1RD1LC_0LC0LA	B	1	2	256
0RB1RC_1RC---_1RD1LC_1LA0LA	B	1	2	64
0RB1RC_1RC---_1RD1LC_1LA1RD	B	1	2	256
0RB1RC_1RC---_1RD1LC_1LC0LA	B	1	2	1024
0RB1RC_1RC0RC_1LA1LD_1LB1RD	A	3	2	256
0RB1RC_1RC1LB_0RD1LC_1LA1RD	B	6	2	256
0RB1RC_1RC1LB_1LA0RD_1LD1LB	A	3	2	256
0RB1RC_1RC1LB_1LA1LD_0LB1RD	A	3	2	256
0RB1RC_1RC1LB_1LA1LD_1LB1RD	A	3	2	1024
0RB1RC_1RC1LB_1LA1RD_1LB1RD	A	3	2	64
0RB1RC_1RC1LD_0RD1LC_1LA1RD	B	5	2	256
0RB1RD_0LC---_0LD0LA_1RC1LD	B	1	2	1024
0RB1RD_0LC---_1LD0LA_1RC1LD	B	1	2	256
0RB1RD_0LC0LD_1LA0LA_1RC1LD	B	4	2	256
0RB1RD_0LC0LD_1LA1RC_1RC1LD	B	4	2	64
0RB1RD_0LC0RD_1LA0LA_1RC1LD	B	4	2	256
0RB1RD_0LC0RD_1LA1RC_1RC1LD	B	4	2	64
0RB1RD_0LC1LD_1LA0LA_1RC1LD	B	4	2	256
0RB1RD_0LC1LD_1LA1RC_1RC1LD	B	4	2	1024
0RB1RD_0LC1LD_1RB1RD_1LA0RD	C	4	2	1024
0RB1RD_0LC1LD_1RD---_1LA0RD	C	2	2	1024
0RB1RD_0LC1RA_1LA0LA_1RC1LD	B	6	2	1024
0RB1RD_0LC1RA_1LA1RC_1RC1LD	B	6	2	64
0RB1RD_0LC1RB_1LA1RC_1RC1LD	B	5	2	64
0RB1RD_0LC1RB_1RD1LC_1LA1LB	A	4	2	64
0RB1RD_0LC1RC_1LA0LA_1RC1LD	B	4	2	256
0RB1RD_0LC1RC_1LA1RC_1RC1LD	B	4	2	64
0RB1RD_0LC1RD_1LA0LA_1RC1LD	B	4	2	64
0RB1RD_0LC1RD_1LA1RC_1RC1LD	B	4	2	1024
0RB1RD_0RC---_0LD0LA_1RC1LD	B	1	2	1024
0RB1RD_0RC---_1LD0LA_1RC1LD	B	1	2	256
0RB1RD_0RC0LD_1LA0LA_1RC1LD	B	4	2	256
0RB1RD_0RC0LD_1LA1RC_1RC1LD	B	4	2	64
0RB1RD_0RC0RD_1LA0LA_1RC1LD	B	4	2	256
0RB1RD_0RC0RD_1LA1RC_1RC1LD	B	4	2	64
0RB1RD_0RC1LB_1LA1RC_1RC1LD	B	5	2	64
0RB1RD_0RC1LD_1LA0LA_1RC1LD	B	4	2	256
0RB1RD_0RC1LD_1LA1RC_1RC1LD	B	4	2	1024
0RB1RD_0RC1LD_1LB1RD_1LA0RD	C	4	2	1024
0RB1RD_0RC1LD_1RD---_1LA0RD	C	2	2	1024
0RB1RD_0RC1RC_1LA0LA_1RC1LD	B	4	2	256
0RB1RD_0RC1RC_1LA1RC_1RC1LD	B	4	2	64
0RB1RD_0RC1RD_1LA0LA_1RC1LD	B	4	2	64
0RB1RD_0RC1RD_1LA1RC_1RC1LD	B	4	2	1024
0RB1RD_1LA0LC_0LD0LA_1RC1LD	B	3	2	1024
0RB1RD_1LA0LC_1LD0LA_1RC1LD	B	3	2	64
0RB1RD_1LA0RC_0LD0LA_1RC1LD	B	3	2	1024
0RB1RD_1LA0RC_1LD0LA_1RC1LD	B	3	2	64
0RB1RD_1LA1LC_0LD0LA_1RC1LD	B	3	2	1024
0RB1RD_1LA1LC_0LD1RC_1RB1LD	A	7	2	1024
0RB1RD_1LA1LC_1LD0LA_1RC1LD	B	3	2	1024
0RB1RD_1LA1LC_1RA1LC_1LC1RD	B	3	2	64
0RB1RD_1LA1RC_0LD0LA_1RC1LD	B	3	2	1024
0RB1RD_1LA1RC_0RD1LC_1LB1RD	A	7	2	1024
0RB1RD_1LA1RC_1LA0LA_1RC1LD	B	3	2	256
0RB1RD_1LA1RC_1LA1RC_0RC1LD	B	3	2	64
0RB1RD_1LA1RC_1LA1RC_1RC1LD	B	3	2	64
0RB1RD_1LA1RC_1LD0LA_1RC1LD	B	3	2	1024
0RB1RD_1LC---_0LD0LA_1RC1LD	B	1	2	1024
0RB1RD_1LC---_1LD0LA_1RC1LD	B	1	2	1024
0RB1RD_1LC---_1RA1LC_1LC1RD	B	1	2	1024
0RB1RD_1LC0LC_0RA1RD_1RB1LD	A	3	2	64
0RB1RD_1LC0LC_1RA1RD_1RB1LD	A	3	2	1024
0RB1RD_1LC0LD_1LA0LA_1RC1LD	B	4	2	64
0RB1RD_1LC0LD_1LA1RC_1RC1LD	B	4	2	256
0RB1RD_1LC0RA_1LA0LA_1RC1LD	B	4	2	64
0RB1RD_1LC0RA_1LA1RC_1RC1LD	B	4	2	1024
0RB1RD_1LC0RC_1LA1RC_1RC1LD	B	4	2	64
0RB1RD_1LC0RD_0RA0LD_1RB0RD	A	3	2	256
0RB1RD_1LC0RD_1LA0LA_1RC1LD	B	4	2	64
0RB1RD_1LC0RD_1LA1RC_1RC1LD	B	4	2	64
0RB1RD_1LC0RD_1RA0LD_1RB0RD	A	3	2	64
0RB1RD_1LC1LD_0RA---_1LA0RD	C	2	2	1024
0RB1RD_1LC1LD_0RC1RD_1LA0RD	C	3	2	1024
0RB1RD_1LC1LD_1LA0LA_1RC1LD	B	4	2	64
0RB1RD_1LC1LD_1LA1RC_0RC1LD	B	4	2	256
0RB1RD_1LC1LD_1LA1RC_1RC1LD	B	4	2	256
0RB1RD_1LC1LD_1RA---_1LA0RD	C	2	2	1024
0RB1RD_1LC1LD_1RC0LA_1LA0RD	C	3	2	1024
0RB1RD_1LC1LD_1RC0RD_1LA0RD	C	3	2	1024
0RB1RD_1LC1LD_1RC1LA_1LA0RD	C	3	2	1024
0RB1RD_1LC1LD_1RC1RB_1LA0RD	C	5	2	1024
0RB1RD_1LC1LD_1RC1RD_1LA0RD	C	3	2	1024
0RB1RD_1LC1LD_1RD---_1LA0RD	C	2	2	1024
0RB1RD_1LC1RA_1LA0LA_1RC1LD	B	4	2	1024
0RB1RD_1LC1RA_1LA1RC_0RC1LD	B	11	2	64
0RB1RD_1LC1RA_1LA1RC_1RC1LD	B	4	2	256
0RB1RD_1LC1RB_0RA1LD_1RB1LD	A	3	2	64
0RB1RD_1LC1RB_0RA1RD_1RB1LD	A	3	2	256
0RB1RD_1LC1RB_1LA0LA_1RC1LD	B	6	2	64
0RB1RD_1LC1RB_1LA1RC_0RC1LD	B	6	2	1024
0RB1RD_1LC1RB_1LA1RC_1RC1LD	B	6	2	1024
0RB1RD_1LC1RB_1RA1LD_1RB1LD	A	3	2	256
0RB1RD_1LC1RB_1RA1RD_1RB1LD	A	3	2	256
0RB1RD_1LC1RC_1LA0LA_1RC1LD	B	4	2	64
0RB1RD_1LC1RC_1LA1RC_0RC1LD	B	4	2	256
0RB1RD_1LC1RC_1LA1RC_1RC1LD	B	4	2	1024
0RB1RD_1LC1RD_1LA0LA_1RC1LD	B	4	2	256
0RB1RD_1LC1RD_1LA1RC_0RC1LD	B	4	2	256
0RB1RD_1LC1RD_1LA1RC_1RC1LD	B	4	2	1024
0RB1RD_1RC---_0LD0LA_1RC1LD	B	1	2	1024
0RB1RD_1RC---_1LA0LA_1RC1LD	B	1	2	64
0RB1RD_1RC---_1LA1RC_0RC1LD	B	1	2	256
0RB1RD_1RC---_1LA1RC_1RC1LD	B	1	2	1024
0RB1RD_1RC---_1LD0LA_1RC1LD	B	1	2	256
0RB1RD_1RC0LD_0LA0RD_1LB0LD	A	3	2	256
0RB1RD_1RC0RC_0LA1LD_1LB1RD	A	3	2	64
0RB1RD_1RC0RC_1LA1LD_1LB1RD	A	3	2	64
0RB1RD_1RC1LB_0LA0RD_1LD1LB	A	3	2	64
0RB1RD_1RC1LB_0LA1LD_1LB1RD	A	3	2	1024
0RB1RD_1RC1LB_0LA1RD_1LB1RD	A	3	2	64
0RB1RD_1RC1LB_1LA0RD_1LD1LB	A	3	2	64
0RB1RD_1RC1LB_1LA1LD_0LB1RD	A	3	2	256
0RB1RD_1RC1LB_1LA1LD_1LB1RD	A	3	2	256
0RB1RD_1RC1LB_1LA1RD_1LB1RD	A	3	2	64
0RB1RD_1RC1LD_0LA---_1LA0RD	C	2	2	1024
0RB1RD_1RC1LD_0LC1RD_1LA0RD	C	3	2	1024
0RB1RD_1RC1LD_0RD---_1LA0RD	C	2	2	64
0RB1RD_1RC1LD_1LA---_1LA0RD	C	2	2	64
0RB1RD_1RC1LD_1LC0LA_1LA0RD	C	6	2	256
0RB1RD_1RC1LD_1LC0RA_1LA0RD	C	3	2	1024
0RB1RD_1RC1LD_1LC1RA_1LA0RD	C	3	2	1024
0RB1RD_1RC1LD_1LC1RD_1LA0RD	C	3	2	64
0RB1RD_1RC1LD_1RD---_1LA0RD	C	2	2	1024
1RB---_0LB0LC_1LD1RC_1RC1LD	B	2	2	64
1RB---_0LB0LC_1RD1LC_1LC1RD	B	2	2	64
1RB---_0LB0RC_1LD1RC_1RC1LD	B	2	2	64
1RB---_0LB0RC_1RD0LD_1LC1RB	A	0	3	64
1RB---_0LB0RC_1RD1LC_1LC1RD	B	2	2	64
1RB---_0LB1LC_1LD1RC_0RC0RB	A	0	2	1024
1RB---_0LB1LC_1LD1RC_1RB0RB	A	0	2	256
1RB---_0LB1LC_1LD1RC_1RB1LD	A	0	2	256
1RB---_0LB1LC_1LD1RC_1RC0RB	A	0	2	1024
1RB---_0LB1LC_1LD1RC_1RC1LD	B	2	2	1024
1RB---_0LB1LC_1RD0LC_0LB1RC	A	0	2	256
1RB---_0LB1LC_1RD0LC_0RB1RC	A	0	2	64
1RB---_0LB1LC_1RD0LD_1RB0RC	A	0	3	64
1RB---_0LB1LC_1RD1LC_0RB1RD	A	0	2	256
1RB---_0LB1LC_1RD1LC_1LB1RD	A	0	2	64
1RB---_0LB1LC_1RD1LC_1LC1RD	B	2	2	64
1RB---_0LB1LC_1RD1LC_1RB1RD	A	0	2	256
1RB---_0LB1RC_1LD0RB_0RB1LC	A	0	2	256
1RB---_0LB1RC_1LD0RB_1RB1LC	A	0	2	256
1RB---_0LB1RC_1LD0RB_1RB1LD	A	0	2	256
1RB---_0LB1RC_1LD0RB_1RC1LC	A	0	3	1024
1RB---_0LB1RC_1LD0RB_1RD1LC	A	0	2	256
1RB---_0LB1RC_1LD0RC_0RB1LC	A	0	2	256
1RB---_0LB1RC_1LD1RB_0RC1LD	A	0	2	256
1RB---_0LB1RC_1LD1RB_1RB1LD	A	0	2	256
1RB---_0LB1RC_1LD1RB_1RC1LD	A	0	2	64
1RB---_0LB1RC_1LD1RC_1RB1LD	A	0	2	64
1RB---_0LB1RC_1LD1RC_1RC1LD	B	2	2	64
1RB---_0LB1RC_1RD1LC_0LC0LB	A	0	2	1024
1RB---_0LB1RC_1RD1LC_1LB0LB	A	0	2	256
1RB---_0LB1RC_1RD1LC_1LB1RD	A	0	2	256
1RB---_0LB1RC_1RD1LC_1LC0LB	A	0	2	1024
1RB---_0LB1RC_1RD1LC_1LC1RD	B	2	2	1024
1RB---_0LC---_0RD1RC_1LB0RD	A	0	2	256
1RB---_0LC---_1LD1RC_1RC1LD	B	1	2	64
1RB---_0LC---_1RC0RD_1LB1LC	A	0	2	64
1RB---_0LC---_1RD1LC_1LC1RD	B	1	2	64
1RB---_0LC---_1RD1LC_1RB1RD	A	0	2	256
1RB---_0LC0LC_1RC1RD_1LB0RD	A	0	2	64
1RB---_0LC0LC_1RC1RD_1LB1RD	A	0	2	256
1RB---_0LC0LD_0RD1LB_1RB1RC	A	0	2	64
1RB---_0LC0LD_1LB1RC_1RD1RC	A	0	2	256
1RB---_0LC0LD_1RB1LC_---1RC	A	0	2	1024
1RB---_0LC0LD_1RB1LC_1RB1RD	A	0	2	1024
1RB---_0LC0RB_0RD1LB_1RB---	A	0	2	64
1RB---_0LC0RB_0RD1RC_1LB0RB	A	0	2	1024
1RB---_0LC0RB_1LD1LC_1RB1RC	A	0	2	1024
1RB---_0LC0RB_1RD1LD_1RB0LC	A	0	2	256
1RB---_0LC0RB_1RD1LD_1RB1LB	A	0	2	64
1RB---_0LC0RC_0LD1LD_1RB1LD	A	0	2	1024
1RB---_0LC0RC_0RD1LB_1LC1RD	A	0	2	1024
1RB---_0LC0RC_1LC1LD_1RB1LD	A	0	2	256
1RB---_0LC0RC_1LD1LC_1RB1RD	A	0	2	1024
1RB---_0LC0RC_1RB0LD_1LC---	A	0	3	64
1RB---_0LC0RC_1RC0RD_1LB1RD	A	0	2	64
1RB---_0LC0RC_1RC1LD_1LB1RD	A	0	2	64
1RB---_0LC0RD_0RD1LB_1LC1RB	A	0	2	1024
1RB---_0LC0RD_0RD1LB_1RB---	A	0	2	256
1RB---_0LC0RD_0RD1LC_1RB1LB	A	0	2	256
1RB---_0LC0RD_0RD1LD_1LC1RB	A	0	2	256
1RB---_0LC0RD_0RD1RC_1LB0RB	A	0	2	256
1RB---_0LC0RD_1LD0LC_1RB0LC	A	0	3	64
1RB---_0LC0RD_1LD1LB_1RB---	A	0	3	256
1RB---_0LC0RD_1LD1RC_1RB0LC	A	0	3	64
1RB---_0LC0RD_1RB1LC_0LC1LC	A	0	2	1024
1RB---_0LC0RD_1RB1LC_0LC1RD	A	0	2	1024
1RB---_0LC0RD_1RB1LC_1LD1LC	A	0	2	256
1RB---_0LC0RD_1RB1LC_1RC1RD	A	0	2	256
1RB---_0LC0RD_1RC1LB_1RB1LD	A	0	2	1024
1RB---_0LC0RD_1RD1LB_1RB0RD	A	0	2	256
1RB---_0LC0RD_1RD1LB_1RB1LB	A	0	2	64
1RB---_0LC0RD_1RD1LB_1RB1LD	A	0	2	1024
1RB---_0LC0RD_1RD1LB_1RB1RB	A	0	2	256
1RB---_0LC0RD_1RD1LC_1LC1RB	A	0	2	1024
1RB---_0LC0RD_1RD1LC_1LD1RB	A	0	2	256
1RB---_0LC0RD_1RD1LC_1RB1RB	A	0	2	256
1RB---_0LC1LB_0RC1RD_1LB1RD	A	0	2	256
1RB---_0LC1LB_0RD1LB_1LC1RD	A	0	2	256
1RB---_0LC1LB_1LD0RD_1RC0RB	A	0	3	64
1RB---_0LC1LB_1RC0RD_1LB1RD	A	0	2	64
1RB---_0LC1LB_1RC1LD_0LB1RD	A	0	2	1024
1RB---_0LC1LB_1RC1LD_1LB1RD	A	0	2	64
1RB---_0LC1LB_1RC1RD_0LB1RD	A	0	2	256
1RB---_0LC1LB_1RC1RD_1LB0LD	A	0	2	256
1RB---_0LC1LB_1RC1RD_1LB0RD	A	0	2	1024
1RB---_0LC1LB_1RC1RD_1LB1RD	A	0	2	1024
1RB---_0LC1LC_0RD1LB_1LC1RD	A	0	2	1024
1RB---_0LC1LC_1LD1RC_0RC0RB	A	0	2	1024
1RB---_0LC1LC_1LD1RC_1RB0RB	A	0	2	64
1RB---_0LC1LC_1LD1RC_1RB1LD	A	0	2	256
1RB---_0LC1LC_1LD1RC_1RC0RB	A	0	2	256
1RB---_0LC1LC_1RD0LB_0LB1RC	A	0	2	64
1RB---_0LC1LC_1RD0LB_1LD1RC	A	0	2	64
1RB---_0LC1LC_1RD0LB_1RB1RC	A	0	2	64
1RB---_0LC1LC_1RD1LB_1LB0RB	A	0	2	1024
1RB---_0LC1LC_1RD1LB_1LB1RD	A	0	2	256
1RB---_0LC1LC_1RD1LB_1RB0RB	A	0	2	1024
1RB---_0LC1LC_1RD1LB_1RB1RD	A	0	2	1024
1RB---_0LC1LC_1RD1LC_0LB0RB	A	0	2	1024
1RB---_0LC1LC_1RD1LC_0LC0RB	A	0	2	1024
1RB---_0LC1LC_1RD1LC_1LB0RB	A	0	2	256
1RB---_0LC1LC_1RD1LC_1LB1RD	A	0	2	64
1RB---_0LC1LC_1RD1LC_1LC0RB	A	0	2	256
1RB---_0LC1LC_1RD1LC_1RB0RB	A	0	2	64
1RB---_0LC1LD_0RB1LC_1RB1RD	A	0	2	256
1RB---_0LC1LD_0RB1RD_1LC0RD	A	0	2	1024
1RB---_0LC1LD_0RC1RD_1LB0RD	A	0	2	64
1RB---_0LC1LD_0RD0RB_1LC1RD	A	0	2	1024
1RB---_0LC1LD_1LB1RC_1RC1LD	A	0	2	64
1RB---_0LC1LD_1LD0RB_1RC1LD	A	0	2	256
1RB---_0LC1LD_1LD1LC_1RB1RD	A	0	2	64
1RB---_0LC1LD_1RB1LC_0LC1RD	A	0	2	256
1RB---_0LC1LD_1RB1LC_0RB1RD	A	0	2	256
1RB---_0LC1LD_1RB1LC_1LC1RD	A	0	2	1024
1RB---_0LC1LD_1RB1LC_1RB1RD	A	0	2	256
1RB---_0LC1LD_1RB1LC_1RC1RD	A	0	2	1024
1RB---_0LC1LD_1RB1LC_1RD0RB	A	0	2	1024
1RB---_0LC1LD_1RD0RB_1LC1RD	A	0	2	64
1RB---_0LC1RB_0LD1LC_1RD1LB	A	0	2	256
1RB---_0LC1RB_0LD1LC_1RD1RB	A	0	2	64
1RB---_0LC1RB_0LD1RC_1RB1LD	A	0	2	256
1RB---_0LC1RB_0RB1LD_1LC1LD	A	0	2	256
1RB---_0LC1RB_0RB1RD_1LC1LD	A	0	2	64
1RB---_0LC1RB_0RD1LC_1LB1RD	A	0	2	256
1RB---_0LC1RB_0RD1LC_1RB1LB	A	0	2	256
1RB---_0LC1RB_0RD1LC_1RB1LD	A	0	2	256
1RB---_0LC1RB_0RD1LC_1RD1LB	A	0	2	1024
1RB---_0LC1RB_1LC1RD_0RB1LD	A	0	2	256
1RB---_0LC1RB_1LD0RB_1RB1LC	A	0	2	1024
1RB---_0LC1RB_1LD0RB_1RB1LD	A	0	2	256
1RB---_0LC1RB_1LD1LC_0RB---	A	0	2	256
1RB---_0LC1RB_1LD1LC_0RD1RB	A	0	2	256
1RB---_0LC1RB_1LD1LC_1RB---	A	0	2	64
1RB---_0LC1RB_1LD1LC_1RD1LB	A	0	2	256
1RB---_0LC1RB_1LD1LC_1RD1RB	A	0	2	64
1RB---_0LC1RB_1LD1LD_1RB1LC	A	0	2	256
1RB---_0LC1RB_1LD1RC_0RB1LD	A	0	2	256
1RB---_0LC1RB_1LD1RC_1RB1LD	A	0	2	256
1RB---_0LC1RB_1LD1RD_0RB0LC	A	0	2	256
1RB---_0LC1RB_1LD1RD_0RB1LD	A	0	2	1024
1RB---_0LC1RB_1RB1LD_1LC0RC	A	0	2	256
1RB---_0LC1RB_1RB1LD_1LC1LC	A	0	2	64
1RB---_0LC1RB_1RB1LD_1LC1LD	A	0	2	64
1RB---_0LC1RB_1RB1LD_1RC1LC	A	0	2	256
1RB---_0LC1RB_1RB1RD_1LC1LD	A	0	2	1024
1RB---_0LC1RB_1RC0RD_1LB1LD	A	0	2	64
1RB---_0LC1RB_1RD0LD_1LB1LD	A	0	2	256
1RB---_0LC1RB_1RD0RD_1LB---	A	0	2	64
1RB---_0LC1RB_1RD1LC_---1LB	A	0	2	256
1RB---_0LC1RB_1RD1LC_0LB1RD	A	0	2	256
1RB---_0LC1RB_1RD1LC_0LC0RB	A	0	2	1024
1RB---_0LC1RB_1RD1LC_0RB1LD	A	0	2	256
1RB---_0LC1RB_1RD1LC_1LB0RB	A	0	2	1024
1RB---_0LC1RB_1RD1LC_1LB1LD	A	0	2	256
1RB---_0LC1RB_1RD1LC_1LB1RD	A	0	2	256
1RB---_0LC1RB_1RD1LC_1LC0RB	A	0	2	1024
1RB---_0LC1RB_1RD1LC_1RB0RB	A	0	2	1024
1RB---_0LC1RB_1RD1LC_1RB1LD	A	0	2	256
1RB---_0LC1RB_1RD1LD_1LB1LC	A	0	2	64
1RB---_0LC1RB_1RD1LD_1LB1LD	A	0	2	256
1RB---_0LC1RB_1RD1LD_1RB1LC	A	0	2	64
1RB---_0LC1RC_1LD0RB_0RB1LC	A	0	2	64
1RB---_0LC1RC_1LD0RB_1RB1LC	A	0	2	256
1RB---_0LC1RC_1LD0RB_1RB1LD	A	0	2	64
1RB---_0LC1RC_1LD0RB_1RC1LC	A	0	3	256
1RB---_0LC1RC_1LD0RB_1RD1LC	A	0	2	64
1RB---_0LC1RC_1LD1RC_1RB1LD	A	0	2	64
1RB---_0LC1RC_1RB0LD_1LC1LC	A	0	2	64
1RB---_0LC1RC_1RB1LD_0RB0LC	A	0	2	256
1RB---_0LC1RC_1RB1LD_1RB0LC	A	0	2	256
1RB---_0LC1RC_1RB1LD_1RB0LD	A	0	2	256
1RB---_0LC1RC_1RD0RD_1LB1RD	A	0	2	256
1RB---_0LC1RC_1RD1LC_0LC0LB	A	0	2	1024
1RB---_0LC1RC_1RD1LC_1LB0LB	A	0	2	64
1RB---_0LC1RC_1RD1LC_1LB1RD	A	0	2	256
1RB---_0LC1RC_1RD1LC_1LC0LB	A	0	2	256
1RB---_0LC1RC_1RD1LC_1RB0LB	A	0	2	64
1RB---_0LC1RD_---1LD_1RB0LD	A	0	2	256
1RB---_0LC1RD_0LB1LD_1RC0LD	A	0	2	1024
1RB---_0LC1RD_0LD0LB_1RC1LD	A	0	2	1024
1RB---_0LC1RD_0RD1LB_1RB1RC	A	0	2	256
1RB---_0LC1RD_0RD1RD_1LB0RD	A	0	2	1024
1RB---_0LC1RD_1LB1RC_0RC1LD	A	0	2	256
1RB---_0LC1RD_1LB1RC_1RC1LD	A	0	2	1024
1RB---_0LC1RD_1LD0LB_0RB0LC	A	0	2	1024
1RB---_0LC1RD_1LD0LB_0RB0LD	A	0	2	256
1RB---_0LC1RD_1LD0LB_1RC1LD	A	0	2	64
1RB---_0LC1RD_1LD0LC_0RB0LC	A	0	2	1024
1RB---_0LC1RD_1LD0LC_0RB0LD	A	0	2	64
1RB---_0LC1RD_1LD0LD_0RB0LC	A	0	2	64
1RB---_0LC1RD_1LD0LD_0RB0LD	A	0	2	256
1RB---_0LC1RD_1LD0RB_0RB0LC	A	0	2	1024
1RB---_0LC1RD_1LD0RB_0RB0LD	A	0	2	256
1RB---_0LC1RD_1LD0RB_1RB0LC	A	0	2	1024
1RB---_0LC1RD_1LD0RB_1RB0LD	A	0	2	64
1RB---_0LC1RD_1LD0RC_0RB0LC	A	0	2	1024
1RB---_0LC1RD_1LD0RC_0RB0LD	A	0	2	64
1RB---_0LC1RD_1LD0RD_0RB0LC	A	0	2	64
1RB---_0LC1RD_1LD0RD_0RB0LD	A	0	2	256
1RB---_0LC1RD_1LD1LA_0RB0LD	A	3	2	1024
1RB---_0LC1RD_1LD1LB_0RB0LC	A	0	2	256
1RB---_0LC1RD_1LD1LB_0RB0LD	A	0	2	1024
1RB---_0LC1RD_1LD1LB_0RB0RC	A	0	2	1024
1RB---_0LC1RD_1LD1LC_0RB0LD	A	0	2	256
1RB---_0LC1RD_1LD1LC_1RB0LB	A	0	2	1024
1RB---_0LC1RD_1LD1LC_1RB1RB	A	0	2	64
1RB---_0LC1RD_1LD1LC_1RB1RD	A	0	2	256
1RB---_0LC1RD_1LD1LD_0RB0LC	A	0	2	1024
1RB---_0LC1RD_1LD1LD_0RB0LD	A	0	2	64
1RB---_0LC1RD_1LD1RC_0RB0LC	A	0	2	256
1RB---_0LC1RD_1LD1RC_0RB0LD	A	0	2	1024
1RB---_0LC1RD_1LD1RD_0RB0LC	A	0	2	256
1RB---_0LC1RD_1LD1RD_0RB0LD	A	0	2	64
1RB---_0LC1RD_1RB1LC_0RB0RB	A	0	2	1024
1RB---_0LC1RD_1RB1LC_0RB1RB	A	0	2	256
1RB---_0LC1RD_1RB1LC_0RB1RD	A	0	2	256
1RB---_0LC1RD_1RB1LC_1LB1RB	A	0	2	256
1RB---_0LC1RD_1RB1LC_1LC0RB	A	0	2	1024
1RB---_0LC1RD_1RB1LC_1LC1RB	A	0	2	64
1RB---_0LC1RD_1RB1LC_1LC1RD	A	0	2	64
1RB---_0LC1RD_1RB1LC_1RB0LB	A	0	2	1024
1RB---_0LC1RD_1RB1LC_1RB1RB	A	0	2	256
1RB---_0LC1RD_1RB1LC_1RB1RD	A	0	2	256
1RB---_0LC1RD_1RB1LC_1RC1RB	A	0	2	64
1RB---_0LC1RD_1RB1LC_1RC1RD	A	0	2	256
1RB---_0LC1RD_1RB1LD_0RB0LC	A	0	2	1024
1RB---_0LC1RD_1RB1LD_0RB0LD	A	0	2	1024
1RB---_0LC1RD_1RD0RD_1LB1RB	A	0	2	1024
1RB---_0LC1RD_1RD1LC_1LB1RB	A	0	2	256
1RB---_0LC1RD_1RD1LC_1LC1RB	A	0	2	64
1RB---_0LC1RD_1RD1LC_1RB0LB	A	0	2	256
1RB---_0LC1RD_1RD1LC_1RB1RB	A	0	2	64
1RB---_0RC---_1LC0LD_1RB1RC	A	0	2	256
1RB---_0RC---_1LD1RC_1RC1LD	B	1	2	256
1RB---_0RC---_1RD1LC_0LC1RD	B	1	2	256
1RB---_0RC---_1RD1LC_1LC1RD	B	1	2	256
1RB---_0RC0LB_0LD1RB_1LB---	A	0	2	1024
1RB---_0RC0LB_1LD1RC_0RC1LB	A	0	2	1024
1RB---_0RC0LB_1LD1RC_1LB1LD	A	0	2	256
1RB---_0RC0LB_1LD1RD_1LB0RC	A	0	2	1024
1RB---_0RC0LB_1LD1RD_1RC1LB	A	0	2	256
1RB---_0RC0LB_1RD1LD_1LB0RD	A	0	2	64
1RB---_0RC0LC_0LD1RB_1RC1LD	A	0	2	256
1RB---_0RC0LC_0RD1LC_1LB1RD	A	0	2	1024
1RB---_0RC0LC_0RD1RD_1LB1RD	A	0	2	1024
1RB---_0RC0LC_1LB0RD_1LC1RC	A	0	2	256
1RB---_0RC0LC_1LB0RD_1RC---	A	0	3	256
1RB---_0RC0LC_1LC0LD_1RB1LD	A	0	2	256
1RB---_0RC0LC_1LC1RD_1RB1LD	A	0	2	64
1RB---_0RC0LC_1LD1RC_1LB1LD	A	0	2	64
1RB---_0RC0LC_1RD0RC_1LB0RC	A	0	2	256
1RB---_0RC0LC_1RD0RC_1LB0RD	A	0	2	1024
1RB---_0RC0LC_1RD1RC_1LB1LD	A	0	2	64
1RB---_0RC0LD_0LD1RB_1LB---	A	0	2	256
1RB---_0RC0LD_0LD1RB_1RC1LB	A	0	2	1024
1RB---_0RC0LD_0LD1RC_1LB1RB	A	0	2	64
1RB---_0RC0LD_0LD1RD_1RC1LB	A	0	2	256
1RB---_0RC0LD_1LB1RC_0RC1LD	A	0	2	1024
1RB---_0RC0LD_1LB1RC_0RC1RC	A	0	2	1024
1RB---_0RC0LD_1LB1RC_1LC1LD	A	0	2	256
1RB---_0RC0LD_1LB1RC_1RD1RC	A	0	2	64
1RB---_0RC0LD_1LC1RB_1LB1RD	A	0	2	1024
1RB---_0RC0LD_1LD1RB_1LB0LD	A	0	2	256
1RB---_0RC0LD_1LD1RB_1LB1RB	A	0	2	256
1RB---_0RC0LD_1LD1RB_1LB1RD	A	0	2	1024
1RB---_0RC0LD_1LD1RC_1LB1LD	A	0	2	256
1RB---_0RC0LD_1RD0RC_1LB0RC	A	0	3	1024
1RB---_0RC0LD_1RD1LC_1LB0RC	A	0	3	256
1RB---_0RC0LD_1RD1RB_1LB---	A	0	3	1024
1RB---_0RC0LD_1RD1RC_1LB1LD	A	0	2	256
1RB---_0RC0RB_0LD1RB_1RC1LD	A	0	2	64
1RB---_0RC0RB_0LD1RC_1LB1LD	A	0	2	256
1RB---_0RC0RB_1LD1RC_1LB1LD	A	0	2	1024
1RB---_0RC0RC_1LC1LD_1RB1LD	A	0	2	64
1RB---_0RC0RC_1LD1RC_1LB1LD	A	0	2	1024
1RB---_0RC0RD_0LD1RB_1LB1LC	A	0	2	64
1RB---_0RC0RD_1LB1RC_---1LC	A	0	2	1024
1RB---_0RC0RD_1LB1RC_1LB1LD	A	0	2	1024
1RB---_0RC0RD_1LD1RC_1LB1LD	A	0	2	1024
1RB---_0RC0RD_1RD1RC_1LB1LD	A	0	2	256
1RB---_0RC1LB_0LD1RC_1LB1LD	A	0	2	64
1RB---_0RC1LB_0LD1RC_1LB1RB	A	0	2	1024
1RB---_0RC1LB_0LD1RC_1LB1RD	A	0	2	256
1RB---_0RC1LB_0LD1RC_1LD1RB	A	0	2	256
1RB---_0RC1LB_0RD1RC_1LD1LB	A	0	2	1024
1RB---_0RC1LB_0RD1RC_1LD1RB	A	0	2	1024
1RB---_0RC1LB_1LA1RD_1LB1RD	A	3	2	256
1RB---_0RC1LB_1LB1LD_1RC1RD	A	0	2	256
1RB---_0RC1LB_1LB1RD_1LC1RC	A	0	2	64
1RB---_0RC1LB_1LB1RD_1RC0LC	A	0	2	1024
1RB---_0RC1LB_1LB1RD_1RC1RC	A	0	2	256
1RB---_0RC1LB_1LB1RD_1RC1RD	A	0	2	256
1RB---_0RC1LB_1LC0LD_1RB1RD	A	0	2	256
1RB---_0RC1LB_1LC1RD_1LB1RD	A	0	2	256
1RB---_0RC1LB_1LD0LD_1RB---	A	0	2	256
1RB---_0RC1LB_1LD0RD_1RB1RD	A	0	2	64
1RB---_0RC1LB_1LD1RC_0LB1LB	A	0	2	64
1RB---_0RC1LB_1LD1RC_0LB1RB	A	0	2	256
1RB---_0RC1LB_1LD1RC_0LB1RD	A	0	2	1024
1RB---_0RC1LB_1LD1RC_0LC1LB	A	0	2	256
1RB---_0RC1LB_1LD1RC_0LC1RB	A	0	2	256
1RB---_0RC1LB_1LD1RC_0LD1LB	A	0	2	64
1RB---_0RC1LB_1LD1RC_0RB0LB	A	0	2	1024
1RB---_0RC1LB_1LD1RC_0RC0LB	A	0	2	1024
1RB---_0RC1LB_1LD1RC_1LB1LB	A	0	2	256
1RB---_0RC1LB_1LD1RC_1LB1LD	A	0	2	256
1RB---_0RC1LB_1LD1RC_1LB1RB	A	0	2	1024
1RB---_0RC1LB_1LD1RC_1LB1RD	A	0	2	1024
1RB---_0RC1LB_1LD1RC_1LC1LB	A	0	2	256
1RB---_0RC1LB_1LD1RC_1LC1RB	A	0	2	1024
1RB---_0RC1LB_1LD1RC_1LD1LB	A	0	2	256
1RB---_0RC1LB_1LD1RC_1LD1RB	A	0	2	1024
1RB---_0RC1LB_1LD1RC_1RB0LB	A	0	2	1024
1RB---_0RC1LB_1LD1RC_1RB1LB	A	0	2	256
1RB---_0RC1LB_1LD1RC_1RB1LD	A	0	2	256
1RB---_0RC1LB_1LD1RC_1RB1RB	A	0	2	1024
1RB---_0RC1LB_1LD1RC_1RB1RD	A	0	2	256
1RB---_0RC1LB_1LD1RC_1RC1LB	A	0	2	256
1RB---_0RC1LB_1LD1RC_1RC1RB	A	0	2	1024
1RB---_0RC1LB_1LD1RC_1RD1LB	A	0	2	256
1RB---_0RC1LB_1LD1RD_1LB1RC	A	0	2	1024
1RB---_0RC1LB_1LD1RD_1LB1RD	A	0	2	256
1RB---_0RC1LB_1LD1RD_1RB1RD	A	0	2	1024
1RB---_0RC1LB_1LD1RD_1RC0LB	A	0	2	1024
1RB---_0RC1LB_1RD0LB_1LB1RC	A	0	2	256
1RB---_0RC1LB_1RD0LB_1LB1RD	A	0	2	256
1RB---_0RC1LB_1RD1LC_0LB1RD	A	0	2	256
1RB---_0RC1LB_1RD1LC_1LB1RD	A	0	2	64
1RB---_0RC1LB_1RD1LD_0LB0RC	A	0	2	256
1RB---_0RC1LB_1RD1LD_0LB1RD	A	0	2	256
1RB---_0RC1LB_1RD1RC_1LB---	A	0	2	256
1RB---_0RC1LB_1RD1RC_1LD1LB	A	0	2	256
1RB---_0RC1LB_1RD1RC_1LD1RB	A	0	2	64
1RB---_0RC1LB_1RD1RD_1LB1RC	A	0	2	256
1RB---_0RC1LC_0RD1LC_1LB1RD	A	0	2	64
1RB---_0RC1LC_1LB0RD_1LD1RC	A	0	2	64
1RB---_0RC1LC_1LB0RD_1RC1RC	A	0	2	256
1RB---_0RC1LC_1LB1RD_0LB0RC	A	0	2	256
1RB---_0RC1LC_1LB1RD_0LB0RD	A	0	2	1024
1RB---_0RC1LC_1LB1RD_1LB0RC	A	0	2	256
1RB---_0RC1LC_1LB1RD_1LC0RD	A	0	2	1024
1RB---_0RC1LC_1LD0LD_1RB1LD	A	0	2	256
1RB---_0RC1LC_1LD0RC_0RB1RC	A	0	2	1024
1RB---_0RC1LC_1LD1RC_0RC0RB	A	0	2	1024
1RB---_0RC1LC_1LD1RC_1LB0RB	A	0	2	256
1RB---_0RC1LC_1LD1RC_1LB1LD	A	0	2	64
1RB---_0RC1LC_1LD1RC_1RB0RB	A	0	2	256
1RB---_0RC1LC_1LD1RC_1RB1LD	A	0	2	256
1RB---_0RC1LC_1LD1RC_1RC0RB	A	0	2	1024
1RB---_0RC1LC_1RD0LB_0LB1RC	A	0	2	64
1RB---_0RC1LC_1RD0LB_1LB1RC	A	0	2	256
1RB---_0RC1LC_1RD0LB_1LB1RD	A	0	2	64
1RB---_0RC1LC_1RD0LB_1LC1RC	A	0	3	256
1RB---_0RC1LC_1RD0LB_1LD1RC	A	0	2	64
1RB---_0RC1LC_1RD1LC_0LB1RD	A	0	2	256
1RB---_0RC1LC_1RD1LC_1LB1RD	A	0	2	256
1RB---_0RC1LD_0LC1RD_1LB0RC	A	0	2	1024
1RB---_0RC1LD_0LD1RB_1LB1LC	A	0	2	256
1RB---_0RC1LD_0LD1RC_1LB1LD	A	0	2	256
1RB---_0RC1LD_0LD1RD_1LB0RC	A	0	2	256
1RB---_0RC1LD_0LD1RD_1LB0RD	A	0	2	256
1RB---_0RC1LD_0RD0RB_1LC1RD	A	0	2	1024
1RB---_0RC1LD_0RD1RD_1LB0RC	A	0	2	64
1RB---_0RC1LD_1LB1RC_0LB0LB	A	0	2	256
1RB---_0RC1LD_1LB1RC_0LB0LD	A	0	2	256
1RB---_0RC1LD_1LB1RC_0LB1LB	A	0	2	256
1RB---_0RC1LD_1LB1RC_0LB1LD	A	0	2	64
1RB---_0RC1LD_1LB1RC_0RC0LD	A	0	2	1024
1RB---_0RC1LD_1LB1RC_1LB0LB	A	0	2	1024
1RB---_0RC1LD_1LB1RC_1LB0LD	A	0	2	256
1RB---_0RC1LD_1LB1RC_1LB0RB	A	0	2	1024
1RB---_0RC1LD_1LB1RC_1LB1LB	A	0	2	256
1RB---_0RC1LD_1LB1RC_1LB1LD	A	0	2	256
1RB---_0RC1LD_1LB1RC_1LC1LB	A	0	2	64
1RB---_0RC1LD_1LB1RC_1LC1LD	A	0	2	256
1RB---_0RC1LD_1LB1RC_1RB1LB	A	0	2	64
1RB---_0RC1LD_1LB1RC_1RC0LB	A	0	2	256
1RB---_0RC1LD_1LB1RC_1RC1LB	A	0	2	64
1RB---_0RC1LD_1LB1RC_1RC1LD	A	0	2	256
1RB---_0RC1LD_1LB1RD_0LB0RC	A	0	2	64
1RB---_0RC1LD_1LB1RD_0LB0RD	A	0	2	256
1RB---_0RC1LD_1LB1RD_1LB0RC	A	0	2	256
1RB---_0RC1LD_1LC1RD_1LB0RC	A	0	2	256
1RB---_0RC1LD_1LD0LD_1RB1LB	A	0	2	1024
1RB---_0RC1LD_1LD1RC_1LB0RB	A	0	2	1024
1RB---_0RC1LD_1LD1RC_1LB1LB	A	0	2	256
1RB---_0RC1LD_1LD1RC_1LB1LD	A	0	2	256
1RB---_0RC1LD_1LD1RC_1RB1LB	A	0	2	256
1RB---_0RC1LD_1LD1RC_1RC1LB	A	0	2	64
1RB---_0RC1LD_1LD1RD_1LB0RC	A	0	2	256
1RB---_0RC1LD_1RD---_0LB0RC	A	0	2	64
1RB---_0RC1LD_1RD---_0LB0RD	A	0	2	1024
1RB---_0RC1LD_1RD0LB_1LB0RC	A	0	2	64
1RB---_0RC1LD_1RD0RB_1LC1RD	A	0	2	256
1RB---_0RC1LD_1RD1RB_0LB0LC	A	0	2	1024
1RB---_0RC1LD_1RD1RC_1LB0RB	A	0	2	256
1RB---_0RC1LD_1RD1RC_1LB1LB	A	0	2	1024
1RB---_0RC1LD_1RD1RC_1LB1LD	A	0	2	64
1RB---_0RC1LD_1RD1RD_1LB0RC	A	0	2	64
1RB---_0RC1RB_0LC1LD_1RB0LD	A	0	2	64
1RB---_0RC1RB_0LC1LD_1RB1LD	A	0	2	256
1RB---_0RC1RB_0LD1LB_1RC1LD	A	0	2	64
1RB---_0RC1RB_0LD1RB_1RC1LD	A	0	2	256
1RB---_0RC1RB_1LC0LD_1RB1LD	A	0	2	256
1RB---_0RC1RB_1LC1LD_0RB1LD	A	0	2	64
1RB---_0RC1RB_1LC1LD_1RB0RD	A	0	2	64
1RB---_0RC1RB_1LC1LD_1RB1LD	A	0	2	64
1RB---_0RC1RB_1LC1RD_0RB1LD	A	0	2	1024
1RB---_0RC1RB_1LC1RD_1RB1LD	A	0	2	256
1RB---_0RC1RB_1LD0RC_0LB---	A	0	2	256
1RB---_0RC1RB_1LD0RD_0LB0RC	A	0	2	256
1RB---_0RC1RB_1LD0RD_0LB0RD	A	0	2	1024
1RB---_0RC1RB_1RD0LD_1LC0LB	A	0	3	256
1RB---_0RC1RC_0LD1RB_1RC1LD	A	0	2	1024
1RB---_0RC1RC_0LD1RC_1LB1LD	A	0	2	256
1RB---_0RC1RC_1LD0RB_0RB1LC	A	0	2	256
1RB---_0RC1RC_1LD0RB_1LB1LC	A	0	2	64
1RB---_0RC1RC_1LD0RB_1RD1LC	A	0	2	64
1RB---_0RC1RC_1LD0RC_0LB1RC	A	0	2	1024
1RB---_0RC1RC_1LD1RB_1LB0LB	A	0	2	1024
1RB---_0RC1RC_1LD1RB_1LB1LD	A	0	2	1024
1RB---_0RC1RC_1LD1RB_1RB0LB	A	0	2	64
1RB---_0RC1RC_1LD1RB_1RB1LD	A	0	2	256
1RB---_0RC1RC_1LD1RC_0RB0LB	A	0	2	1024
1RB---_0RC1RC_1LD1RC_0RC0LB	A	0	2	1024
1RB---_0RC1RC_1LD1RC_1LB0LB	A	0	2	256
1RB---_0RC1RC_1LD1RC_1LB1LD	A	0	2	256
1RB---_0RC1RC_1LD1RC_1RB0LB	A	0	2	1024
1RB---_0RC1RC_1LD1RC_1RB1LD	A	0	2	256
1RB---_0RC1RC_1LD1RC_1RC0LB	A	0	2	1024
1RB---_0RC1RC_1RD1LC_0LC0LB	A	0	2	256
1RB---_0RC1RC_1RD1LC_1LB0LB	A	0	2	256
1RB---_0RC1RC_1RD1LC_1LB1RD	A	0	2	256
1RB---_0RC1RC_1RD1LC_1LC0LB	A	0	2	1024
1RB---_0RC1RD_0LD0LB_1RC1LD	A	0	2	1024
1RB---_0RC1RD_0LD1LD_1LB0RD	A	0	2	1024
1RB---_0RC1RD_0LD1RC_1LB1LD	A	0	2	256
1RB---_0RC1RD_0RD1LD_1LB0RD	A	0	2	256
1RB---_0RC1RD_1LA1LD_1LB0RD	A	3	2	1024
1RB---_0RC1RD_1LB1LD_1LB0RD	A	0	2	1024
1RB---_0RC1RD_1LB1RC_1LB1LD	A	0	2	64
1RB---_0RC1RD_1LB1RC_1LC1LD	A	0	2	1024
1RB---_0RC1RD_1LB1RC_1LD0LB	A	0	2	1024
1RB---_0RC1RD_1LB1RC_1RC1LD	A	0	2	256
1RB---_0RC1RD_1LD0LB_1LB0RD	A	0	2	256
1RB---_0RC1RD_1LD0LB_1RC1LD	A	0	2	64
1RB---_0RC1RD_1LD1LD_1LB0RD	A	0	2	1024
1RB---_0RC1RD_1LD1RC_1LB1LD	A	0	2	256
1RB---_0RC1RD_1RD0LB_1LC1RD	A	0	2	1024
1RB---_0RC1RD_1RD1LD_1LB0RD	A	0	2	1024
1RB---_0RC1RD_1RD1RC_1LB1LD	A	0	2	1024
1RB---_1LB0LC_0RD1RB_1LC1RD	A	0	2	256
1RB---_1LB0LC_1LD1RC_0RC1LD	B	2	2	64
1RB---_1LB0LC_1LD1RC_1RC1LD	B	2	2	256
1RB---_1LB0LC_1RC1RD_1LB1RD	A	0	2	64
1RB---_1LB0LC_1RD0LC_0RB---	A	0	2	1024
1RB---_1LB0LC_1RD1LC_0RB0LB	A	0	2	256
1RB---_1LB0LC_1RD1LC_0RB1RD	A	0	2	64
1RB---_1LB0LC_1RD1LC_1LC1RD	B	2	2	256
1RB---_1LB0LC_1RD1LC_1RB1RD	A	0	2	256
1RB---_1LB0LC_1RD1RB_0RB---	A	0	2	64
1RB---_1LB0RC_1LC1LD_1RB0LD	A	0	2	1024
1RB---_1LB0RC_1LC1LD_1RB1LD	A	0	2	256
1RB---_1LB0RC_1LD1RC_1RC1LD	B	2	2	64
1RB---_1LB0RC_1RD1LC_1LC1RD	B	2	2	64
1RB---_1LB1LC_0RD1LC_0RB1RD	A	0	2	64
1RB---_1LB1LC_0RD1LC_1LB1RD	A	0	2	64
1RB---_1LB1LC_0RD1LC_1LC1RD	B	2	2	64
1RB---_1LB1LC_0RD1LC_1RB1RD	A	0	2	64
1RB---_1LB1LC_1LD1RC_0RC0RB	A	0	2	256
1RB---_1LB1LC_1LD1RC_0RC1LD	B	2	2	256
1RB---_1LB1LC_1LD1RC_1RB0RB	A	0	2	1024
1RB---_1LB1LC_1LD1RC_1RB1LD	A	0	2	64
1RB---_1LB1LC_1LD1RC_1RC0RB	A	0	2	64
1RB---_1LB1LC_1LD1RC_1RC1LD	B	2	2	256
1RB---_1LB1LC_1RD0LC_0LB0RB	A	0	2	1024
1RB---_1LB1LC_1RD0LC_0LB1RC	A	0	2	64
1RB---_1LB1LC_1RD0LC_0RB1RD	A	0	2	64
1RB---_1LB1LC_1RD0LC_1LB0RB	A	0	2	64
1RB---_1LB1LC_1RD0LC_1LD0RB	A	0	2	256
1RB---_1LB1LC_1RD1LC_---0RB	A	0	2	64
1RB---_1LB1LC_1RD1LC_0LB1RD	A	0	2	256
1RB---_1LB1LC_1RD1LC_0LC1RD	B	2	2	256
1RB---_1LB1LC_1RD1LC_0RB1RD	A	0	2	64
1RB---_1LB1LC_1RD1LC_1LB1RD	A	0	2	256
1RB---_1LB1LC_1RD1LC_1LC1RD	B	2	2	256
1RB---_1LB1LC_1RD1LC_1RB1RD	A	0	2	64
1RB---_1LB1RC_0RB0LD_1LC1RD	A	0	2	256
1RB---_1LB1RC_0RD1LC_0LB1RD	A	0	2	256
1RB---_1LB1RC_0RD1LC_0RB1RD	A	0	2	64
1RB---_1LB1RC_0RD1LC_1LB1RD	A	0	2	256
1RB---_1LB1RC_0RD1LC_1RB1RD	A	0	2	64
1RB---_1LB1RC_1LD0RB_0RB1LC	A	0	2	256
1RB---_1LB1RC_1LD0RB_0RC1LC	A	0	2	256
1RB---_1LB1RC_1LD0RB_1RB1LC	A	0	2	256
1RB---_1LB1RC_1LD0RB_1RD1LC	A	0	2	64
1RB---_1LB1RC_1LD1RC_0RB1LD	A	0	2	256
1RB---_1LB1RC_1LD1RC_0RC1LD	B	2	2	256
1RB---_1LB1RC_1LD1RC_1RB1LD	A	0	2	1024
1RB---_1LB1RC_1LD1RC_1RC1LD	B	2	2	1024
1RB---_1LB1RC_1RD1LC_0LC0LB	A	0	2	1024
1RB---_1LB1RC_1RD1LC_0LC1RD	B	2	2	64
1RB---_1LB1RC_1RD1LC_0RB0LB	A	0	2	64
1RB---_1LB1RC_1RD1LC_0RB1RD	A	0	2	64
1RB---_1LB1RC_1RD1LC_1LB0LB	A	0	2	64
1RB---_1LB1RC_1RD1LC_1LB1RD	A	0	2	256
1RB---_1LB1RC_1RD1LC_1LC0LB	A	0	2	1024
1RB---_1LB1RC_1RD1LC_1LC1RD	B	2	2	64
1RB---_1LB1RC_1RD1LC_1RB0LB	A	0	2	64
1RB---_1LB1RC_1RD1LC_1RB1RD	A	0	2	64
1RB---_1LC---_0LD1RC_1RB0RB	A	0	2	256
1RB---_1LC---_0RD0LB_0LB1RC	A	0	2	64
1RB---_1LC---_0RD0LB_1RB1RC	A	0	3	256
1RB---_1LC---_0RD0LC_0LB1RC	A	0	2	1024
1RB---_1LC---_0RD1LC_1LC1RD	B	1	2	64
1RB---_1LC---_0RD1LC_1RB1RD	A	0	2	64
1RB---_1LC---_1LD1RC_0RC1LD	B	1	2	256
1RB---_1LC---_1LD1RC_1RC1LD	B	1	2	1024
1RB---_1LC---_1RD0LB_0LC0RC	A	0	3	1024
1RB---_1LC---_1RD1LC_0LC1RD	B	1	2	256
1RB---_1LC---_1RD1LC_1LC1RD	B	1	2	256
1RB---_1LC---_1RD1LC_1RB1RD	A	0	2	64
1RB---_1LC0LB_0RD0LB_1LB1RC	A	0	2	1024
1RB---_1LC0LB_1RC1RD_0RB1LB	A	0	2	64
1RB---_1LC0LB_1RD0LB_---0RB	A	0	2	256
1RB---_1LC0LB_1RD0LB_0LB0RC	A	0	3	1024
1RB---_1LC0LB_1RD0LC_0LB0RB	A	0	2	64
1RB---_1LC0LB_1RD0LC_1LD0RB	A	0	2	256
1RB---_1LC0LC_---1RD_1RB1LD	A	0	2	64
1RB---_1LC0LC_0RD1RD_1LB1RC	A	0	2	1024
1RB---_1LC0LC_0RD1RD_1LB1RD	A	0	2	256
1RB---_1LC0LC_1RB1RD_1LB1RD	A	0	2	256
1RB---_1LC0LC_1RC1RD_1LB1RD	A	0	2	64
1RB---_1LC0LC_1RD0LB_0RB1LD	A	0	2	256
1RB---_1LC0LC_1RD0LC_0RB1LD	A	0	2	256
1RB---_1LC0LC_1RD0LD_0RB1LD	A	0	2	64
1RB---_1LC0LC_1RD0RB_0RB1LD	A	0	2	64
1RB---_1LC0LC_1RD0RC_0RB1LD	A	0	2	64
1RB---_1LC0LC_1RD0RD_0RB1LD	A	0	2	64
1RB---_1LC0LC_1RD1LB_0RB1LD	A	0	2	64
1RB---_1LC0LC_1RD1LC_0RB1LB	A	0	2	1024
1RB---_1LC0LC_1RD1LC_0RB1LD	A	0	2	256
1RB---_1LC0LC_1RD1LD_0RB1LC	A	0	2	256
1RB---_1LC0LC_1RD1LD_0RB1LD	A	0	2	256
1RB---_1LC0LC_1RD1RC_0RB1LD	A	0	2	256
1RB---_1LC0LC_1RD1RD_0RB1LD	A	0	2	64
1RB---_1LC0LD_0RC1RD_1LB0RB	A	0	3	64
1RB---_1LC0LD_1LB1RC_1RB1RC	A	0	2	256
1RB---_1LC0LD_1LB1RC_1RD1RC	A	0	2	64
1RB---_1LC0LD_1LB1RD_1RB1RC	A	0	2	256
1RB---_1LC0LD_1LD1LC_1RB1RD	A	0	2	64
1RB---_1LC0LD_1RB0LB_0RC1RD	A	0	3	1024
1RB---_1LC0LD_1RB1LC_---1RC	A	0	2	1024
1RB---_1LC0LD_1RB1LC_1RB1RD	A	0	2	1024
1RB---_1LC0LD_1RB1RD_1LB0RD	A	0	2	1024
1RB---_1LC0LD_1RD0LB_1RB0RC	A	0	3	256
1RB---_1LC0LD_1RD0LC_1LB0RC	A	0	4	256
1RB---_1LC0LD_1RD0RB_1LB0RC	A	0	3	64
1RB---_1LC0RB_0LD0LB_1RD0RB	A	0	2	1024
1RB---_1LC0RB_0LD0RD_0RB1RD	A	0	2	256
1RB---_1LC0RB_0LD1LA_0RB1RD	A	3	2	256
1RB---_1LC0RB_0LD1LA_1RD0RB	A	3	2	256
1RB---_1LC0RB_0LD1LB_0RD1RB	A	0	2	64
1RB---_1LC0RB_0LD1LC_1RD0RB	A	0	2	64
1RB---_1LC0RB_0LD1LC_1RD1RB	A	0	2	64
1RB---_1LC0RB_0LD1LD_1RD0RB	A	0	2	256
1RB---_1LC0RB_0LD1RB_0RB1RB	A	0	2	1024
1RB---_1LC0RB_0LD1RB_0RB1RD	A	0	2	256
1RB---_1LC0RB_0LD1RB_1RD0RB	A	0	2	1024
1RB---_1LC0RB_0LD1RC_0RB1RD	A	0	2	256
1RB---_1LC0RB_0LD1RD_0RB1RD	A	0	2	256
1RB---_1LC0RB_0LD1RD_1RD0RB	A	0	2	1024
1RB---_1LC0RB_0RD0LC_1RB1LB	A	0	2	1024
1RB---_1LC0RB_0RD1LB_---1RB	A	0	2	64
1RB---_1LC0RB_0RD1LB_1RB0LC	A	0	2	256
1RB---_1LC0RB_0RD1LD_1LB1RB	A	0	2	64
1RB---_1LC0RB_0RD1LD_1LC1RB	A	0	2	64
1RB---_1LC0RB_0RD1RB_---1LB	A	0	2	1024
1RB---_1LC0RB_0RD1RB_1LB0LC	A	0	2	1024
1RB---_1LC0RB_1LD1RB_0RC1LC	A	0	2	64
1RB---_1LC0RB_1RD0LB_1RB0RC	A	0	4	256
1RB---_1LC0RB_1RD1LC_---1RB	A	0	2	256
1RB---_1LC0RC_0LB1LD_1RB1LD	A	0	2	1024
1RB---_1LC0RC_0LD0RD_0RB1RD	A	0	2	64
1RB---_1LC0RC_0LD1LD_1RB1LC	A	0	2	256
1RB---_1LC0RC_0LD1LD_1RB1LD	A	0	2	256
1RB---_1LC0RC_0LD1RB_1RC1LD	A	0	2	256
1RB---_1LC0RC_0RD0LC_1LB1RD	A	0	2	256
1RB---_1LC0RC_0RD1LB_1LB1RD	A	0	2	256
1RB---_1LC0RC_0RD1LB_1LC1RD	A	0	2	1024
1RB---_1LC0RC_0RD1LB_1RB1RD	A	0	2	256
1RB---_1LC0RC_0RD1LD_1LB1RD	A	0	2	1024
1RB---_1LC0RC_1LB1LD_1RB0LD	A	0	2	64
1RB---_1LC0RC_1LB1LD_1RB1LD	A	0	2	64
1RB---_1LC0RC_1LC1LD_1RB0LD	A	0	2	64
1RB---_1LC0RC_1LC1LD_1RB1LD	A	0	2	64
1RB---_1LC0RC_1LD0LB_0RD1RB	A	0	3	64
1RB---_1LC0RC_1LD0LC_1RB0LC	A	0	2	256
1RB---_1LC0RC_1LD1LC_1RB1RD	A	0	2	64
1RB---_1LC0RC_1RB0RD_0LB1LD	A	0	3	256
1RB---_1LC0RC_1RB1LD_0RD0LB	A	0	3	256
1RB---_1LC0RC_1RC1LD_1LB1RD	A	0	2	256
1RB---_1LC0RC_1RD1LB_0LC1RD	A	0	2	1024
1RB---_1LC0RC_1RD1LB_1LB1RD	A	0	2	64
1RB---_1LC0RC_1RD1LB_1LC1RD	A	0	2	64
1RB---_1LC0RC_1RD1LB_1RB1RD	A	0	2	256
1RB---_1LC0RC_1RD1LD_1LB1RD	A	0	2	64
1RB---_1LC0RC_1RD1RC_0RB1LD	A	0	2	256
1RB---_1LC0RD_0LD0RD_0RB1RD	A	0	2	256
1RB---_1LC0RD_0LD1RD_0RB1RD	A	0	2	256
1RB---_1LC0RD_0RB0LB_1RB---	A	0	3	1024
1RB---_1LC0RD_0RB1LB_1LB1RB	A	0	2	256
1RB---_1LC0RD_0RB1LB_1LD1RB	A	0	2	64
1RB---_1LC0RD_0RB1LB_1RB1RB	A	0	2	256
1RB---_1LC0RD_0RB1LC_1RB1RD	A	0	2	256
1RB---_1LC0RD_0RD0LB_1RB0RD	A	0	3	1024
1RB---_1LC0RD_0RD0LB_1RB1LD	A	0	3	64
1RB---_1LC0RD_0RD0LC_1LB1RB	A	0	2	256
1RB---_1LC0RD_0RD1LB_1RB0LC	A	0	2	1024
1RB---_1LC0RD_0RD1LD_1LC1RB	A	0	2	256
1RB---_1LC0RD_1LD1LB_0RB1RB	A	0	2	64
1RB---_1LC0RD_1LD1LB_1RB1RB	A	0	3	256
1RB---_1LC0RD_1RB0LD_1LC0LD	A	0	2	256
1RB---_1LC0RD_1RB1LB_0LB1RB	A	0	3	1024
1RB---_1LC0RD_1RB1LB_0LB1RD	A	0	2	256
1RB---_1LC0RD_1RB1LB_0LD1RB	A	0	3	1024
1RB---_1LC0RD_1RB1LB_1LB1RB	A	0	3	256
1RB---_1LC0RD_1RB1LC_0LB1LC	A	0	2	1024
1RB---_1LC0RD_1RB1LC_0LC1LC	A	0	2	256
1RB---_1LC0RD_1RB1LC_0LC1RD	A	0	2	256
1RB---_1LC0RD_1RB1LC_1LB1LC	A	0	2	64
1RB---_1LC0RD_1RB1LC_1LD1LC	A	0	2	64
1RB---_1LC0RD_1RB1LC_1RB1RD	A	0	2	256
1RB---_1LC0RD_1RB1LC_1RC1RD	A	0	2	256
1RB---_1LC0RD_1RB1LD_1LB1LC	A	0	2	256
1RB---_1LC0RD_1RD0LB_0LB1RC	A	0	2	64
1RB---_1LC0RD_1RD1LB_0LB1RB	A	0	2	1024
1RB---_1LC0RD_1RD1LB_0LD1RB	A	0	2	256
1RB---_1LC0RD_1RD1LB_1LD1RB	A	0	2	1024
1RB---_1LC0RD_1RD1LC_0LB1RB	A	0	2	64
1RB---_1LC0RD_1RD1LC_0LB1RD	A	0	2	64
1RB---_1LC0RD_1RD1LD_1LC1RB	A	0	2	64
1RB---_1LC1LB_0LD1RC_1RB0LB	A	0	2	256
1RB---_1LC1LB_0LD1RC_1RB1LB	A	0	2	64
1RB---_1LC1LB_0LD1RC_1RD0RB	A	0	2	64
1RB---_1LC1LB_0RC0RD_1LB1RD	A	0	2	256
1RB---_1LC1LB_0RC1RD_0LB1RD	A	0	2	256
1RB---_1LC1LB_0RC1RD_1LB1RD	A	0	2	256
1RB---_1LC1LB_0RD0LB_1LB1RD	A	0	2	256
1RB---_1LC1LB_0RD0LB_1RB1RD	A	0	2	64
1RB---_1LC1LB_0RD0LC_1LB1RD	A	0	2	256
1RB---_1LC1LB_0RD0LD_1LB1RD	A	0	2	256
1RB---_1LC1LB_0RD0RB_0LB1RD	A	0	2	64
1RB---_1LC1LB_0RD0RB_1LB1RD	A	0	2	64
1RB---_1LC1LB_0RD0RB_1LC1RD	A	0	2	1024
1RB---_1LC1LB_0RD0RB_1RB1RD	A	0	2	256
1RB---_1LC1LB_0RD0RC_1LB1RD	A	0	2	64
1RB---_1LC1LB_0RD0RD_1LB1RD	A	0	2	1024
1RB---_1LC1LB_0RD1LA_0LB1RD	A	3	2	1024
1RB---_1LC1LB_0RD1LA_1LB1RD	A	3	2	256
1RB---_1LC1LB_0RD1LB_0LB1RD	A	0	2	64
1RB---_1LC1LB_0RD1LB_0LC1RD	A	0	2	64
1RB---_1LC1LB_0RD1LB_1LB1RD	A	0	2	256
1RB---_1LC1LB_0RD1LB_1LC1RD	A	0	2	256
1RB---_1LC1LB_0RD1LB_1RB1RD	A	0	2	64
1RB---_1LC1LB_0RD1LC_0LB1RD	A	0	2	256
1RB---_1LC1LB_0RD1LC_1LB1RD	A	0	2	1024
1RB---_1LC1LB_0RD1LD_1LB1RD	A	0	2	64
1RB---_1LC1LB_0RD1RB_0LB1RD	A	0	2	256
1RB---_1LC1LB_0RD1RB_0LC1RD	A	0	2	256
1RB---_1LC1LB_0RD1RB_1LB1RD	A	0	2	256
1RB---_1LC1LB_0RD1RB_1LC1RD	A	0	2	256
1RB---_1LC1LB_0RD1RB_1RB1RD	A	0	2	256
1RB---_1LC1LB_0RD1RD_0LB1RD	A	0	2	256
1RB---_1LC1LB_0RD1RD_1LB1RC	A	0	2	64
1RB---_1LC1LB_0RD1RD_1LB1RD	A	0	2	256
1RB---_1LC1LB_1LD1RC_0RC0LB	A	0	2	1024
1RB---_1LC1LB_1LD1RC_0RC1LB	A	0	2	256
1RB---_1LC1LB_1LD1RC_0RC1RB	A	0	2	256
1RB---_1LC1LB_1LD1RC_1RC0LB	A	0	2	256
1RB---_1LC1LB_1LD1RC_1RC1LB	A	0	2	64
1RB---_1LC1LB_1LD1RC_1RC1RB	A	0	2	256
1RB---_1LC1LB_1LD1RD_0RB0RD	A	0	2	64
1RB---_1LC1LB_1RC1LD_0LB1RD	A	0	2	256
1RB---_1LC1LB_1RC1LD_1LB1RD	A	0	2	1024
1RB---_1LC1LB_1RC1RD_0LB1RD	A	0	2	64
1RB---_1LC1LB_1RC1RD_1LB1RD	A	0	2	256
1RB---_1LC1LB_1RD0LB_0LB1RD	A	0	2	256
1RB---_1LC1LB_1RD0LB_0RB1RD	A	0	2	256
1RB---_1LC1LB_1RD0LB_0RC1RD	A	0	4	256
1RB---_1LC1LB_1RD0LB_1LB1RD	A	0	2	64
1RB---_1LC1LB_1RD0LB_1LC1RD	A	0	2	64
1RB---_1LC1LB_1RD0LB_1RB1RD	A	0	2	256
1RB---_1LC1LB_1RD0LC_0LB1RD	A	0	2	256
1RB---_1LC1LB_1RD0LC_1LB1RD	A	0	2	64
1RB---_1LC1LB_1RD0LD_0LB1RC	A	0	2	256
1RB---_1LC1LB_1RD0LD_0LB1RD	A	0	2	256
1RB---_1LC1LB_1RD0LD_1LB1RC	A	0	2	64
1RB---_1LC1LB_1RD0LD_1LB1RD	A	0	2	256
1RB---_1LC1LB_1RD0RB_0LB1RD	A	0	2	64
1RB---_1LC1LB_1RD0RB_1LB1RD	A	0	2	64
1RB---_1LC1LB_1RD0RB_1LC1RD	A	0	2	256
1RB---_1LC1LB_1RD0RB_1RB1RD	A	0	2	256
1RB---_1LC1LB_1RD0RC_0LB1RD	A	0	2	256
1RB---_1LC1LB_1RD0RC_1LB1RD	A	0	2	64
1RB---_1LC1LB_1RD0RD_0LB1RD	A	0	2	256
1RB---_1LC1LB_1RD0RD_1LB1RD	A	0	2	64
1RB---_1LC1LB_1RD1LA_0LB1RD	A	3	2	1024
1RB---_1LC1LB_1RD1LA_1LB1RD	A	3	2	64
1RB---_1LC1LB_1RD1LB_0LB1RD	A	0	2	256
1RB---_1LC1LB_1RD1LB_0LC0RD	A	0	2	256
1RB---_1LC1LB_1RD1LB_0LC1RD	A	0	2	256
1RB---_1LC1LB_1RD1LB_1LB1RD	A	0	2	256
1RB---_1LC1LB_1RD1LB_1LC1RD	A	0	2	256
1RB---_1LC1LB_1RD1LC_0LB1RD	A	0	2	64
1RB---_1LC1LB_1RD1LC_1LB1RD	A	0	2	64
1RB---_1LC1LB_1RD1LD_0LB1RD	A	0	2	256
1RB---_1LC1LB_1RD1LD_1LB1RD	A	0	2	64
1RB---_1LC1LB_1RD1RB_0LB1RD	A	0	2	64
1RB---_1LC1LB_1RD1RB_0LC1RD	A	0	2	1024
1RB---_1LC1LB_1RD1RB_1LB1RD	A	0	2	1024
1RB---_1LC1LB_1RD1RB_1LC1RD	A	0	2	64
1RB---_1LC1LB_1RD1RB_1RB1RD	A	0	2	64
1RB---_1LC1LB_1RD1RC_0LB0RB	A	0	2	256
1RB---_1LC1LB_1RD1RC_0LB0RC	A	0	2	256
1RB---_1LC1LB_1RD1RC_0LB1LC	A	0	2	256
1RB---_1LC1LB_1RD1RC_0LB1RC	A	0	2	64
1RB---_1LC1LB_1RD1RC_0LB1RD	A	0	2	64
1RB---_1LC1LB_1RD1RC_1LB0LC	A	0	2	64
1RB---_1LC1LB_1RD1RC_1LB0RC	A	0	2	64
1RB---_1LC1LB_1RD1RC_1LB1LC	A	0	2	64
1RB---_1LC1LB_1RD1RC_1LB1RD	A	0	2	64
1RB---_1LC1LB_1RD1RD_0LB1RC	A	0	2	64
1RB---_1LC1LB_1RD1RD_0LB1RD	A	0	2	64
1RB---_1LC1LB_1RD1RD_1LB1RD	A	0	2	256
1RB---_1LC1LC_0LD1RC_1RB1LD	A	0	2	256
1RB---_1LC1LC_0RD0LB_1LB1RC	A	0	2	1024
1RB---_1LC1LC_0RD0LC_1LB1RD	A	0	2	256
1RB---_1LC1LC_0RD1LB_1LB1RD	A	0	2	64
1RB---_1LC1LC_0RD1LB_1LC1RD	A	0	2	256
1RB---_1LC1LC_0RD1LB_1RB1RD	A	0	2	64
1RB---_1LC1LC_0RD1LC_1LB1RD	A	0	2	64
1RB---_1LC1LC_1LD1RC_0RC0RB	A	0	2	256
1RB---_1LC1LC_1LD1RC_1RB0RB	A	0	2	256
1RB---_1LC1LC_1LD1RC_1RB1LD	A	0	2	256
1RB---_1LC1LC_1LD1RC_1RC0RB	A	0	2	256
1RB---_1LC1LC_1RD0LB_0LB1RC	A	0	2	64
1RB---_1LC1LC_1RD0LB_0LC1RC	A	0	2	1024
1RB---_1LC1LC_1RD0LB_1LB1RC	A	0	2	256
1RB---_1LC1LC_1RD0LB_1LD1RC	A	0	2	256
1RB---_1LC1LC_1RD0LB_1RB1RC	A	0	3	256
1RB---_1LC1LC_1RD1LB_0LB1RD	A	0	2	256
1RB---_1LC1LC_1RD1LB_0LC1RD	A	0	2	64
1RB---_1LC1LC_1RD1LB_1LB1RD	A	0	2	64
1RB---_1LC1LC_1RD1LB_1LC1RD	A	0	2	256
1RB---_1LC1LC_1RD1LC_0LB1RD	A	0	2	256
1RB---_1LC1LC_1RD1LC_1LB1RD	A	0	2	256
1RB---_1LC1LD_0LD0LB_1RD0RB	A	0	2	256
1RB---_1LC1LD_0LD0LC_1RD0RB	A	0	2	256
1RB---_1LC1LD_0LD0LD_1RD0RB	A	0	2	64
1RB---_1LC1LD_0LD0RB_1RD0RB	A	0	2	64
1RB---_1LC1LD_0LD0RD_1RD0RB	A	0	2	64
1RB---_1LC1LD_0LD1LA_1RD0RB	A	3	2	1024
1RB---_1LC1LD_0LD1LB_1RD0RB	A	0	2	256
1RB---_1LC1LD_0LD1LC_1RD0RB	A	0	2	256
1RB---_1LC1LD_0LD1LD_1RD0RB	A	0	2	64
1RB---_1LC1LD_0LD1RB_1RD0RB	A	0	2	64
1RB---_1LC1LD_0LD1RC_1RD0RB	A	0	2	64
1RB---_1LC1LD_0LD1RD_1RD0RB	A	0	2	1024
1RB---_1LC1LD_0RB1LC_1RB1RD	A	0	2	256
1RB---_1LC1LD_0RB1RD_1LC0RD	A	0	2	1024
1RB---_1LC1LD_0RD0RB_0LB1RC	A	0	2	1024
1RB---_1LC1LD_0RD0RB_1LC1RD	A	0	2	1024
1RB---_1LC1LD_0RD1LB_0LB1RC	A	0	2	256
1RB---_1LC1LD_0RD1RD_1LB0RC	A	0	2	256
1RB---_1LC1LD_1LB0RB_1RC1LD	A	0	2	256
1RB---_1LC1LD_1LB1RC_0RC1LD	A	0	2	256
1RB---_1LC1LD_1LB1RC_1RC1LD	A	0	2	1024
1RB---_1LC1LD_1LD0RB_1RC1LB	A	0	2	64
1RB---_1LC1LD_1LD0RB_1RC1LD	A	0	2	256
1RB---_1LC1LD_1LD1LC_1RB1RD	A	0	2	64
1RB---_1LC1LD_1LD1RC_0RC1LB	A	0	2	64
1RB---_1LC1LD_1LD1RC_1RC1LB	A	0	2	1024
1RB---_1LC1LD_1RB0RB_1LC1RD	A	0	2	64
1RB---_1LC1LD_1RB0RB_1RC1LB	A	0	2	1024
1RB---_1LC1LD_1RB0RB_1RC1LD	A	0	2	1024
1RB---_1LC1LD_1RB1LC_0LC1RD	A	0	2	64
1RB---_1LC1LD_1RB1LC_1LC1RD	A	0	2	256
1RB---_1LC1LD_1RB1LC_1RB1RD	A	0	2	64
1RB---_1LC1LD_1RB1LC_1RC1RD	A	0	2	256
1RB---_1LC1LD_1RD0LB_0LB0RC	A	0	3	256
1RB---_1LC1LD_1RD0LC_0LB0RC	A	0	3	1024
1RB---_1LC1LD_1RD0LD_0LB0RC	A	0	3	1024
1RB---_1LC1LD_1RD0RB_0LB0RC	A	0	3	256
1RB---_1LC1LD_1RD0RB_1LC1RD	A	0	2	256
1RB---_1LC1LD_1RD0RB_1RC1LB	A	0	2	256
1RB---_1LC1LD_1RD0RB_1RC1LD	A	0	2	1024
1RB---_1LC1LD_1RD0RC_0LB0RC	A	0	3	64
1RB---_1LC1LD_1RD0RD_0LB0RC	A	0	3	64
1RB---_1LC1LD_1RD1LC_0LB0RC	A	0	3	256
1RB---_1LC1LD_1RD1LD_0LB0RC	A	0	3	1024
1RB---_1LC1LD_1RD1RD_0LB0RC	A	0	3	256
1RB---_1LC1LD_1RD1RD_1LB0RC	A	0	3	256
1RB---_1LC1RB_---0LD_1RD1RB	A	0	2	64
1RB---_1LC1RB_---1LD_0RB1LD	A	0	2	64
1RB---_1LC1RB_---1LD_1RB1LD	A	0	2	256
1RB---_1LC1RB_---1RD_0RB1LD	A	0	2	256
1RB---_1LC1RB_---1RD_1RB1LD	A	0	2	256
1RB---_1LC1RB_0LD0RD_1RD0RB	A	0	2	64
1RB---_1LC1RB_0LD0RD_1RD1LB	A	0	2	64
1RB---_1LC1RB_0LD1LC_0RD1RB	A	0	2	256
1RB---_1LC1RB_0LD1LC_1RD0RB	A	0	2	256
1RB---_1LC1RB_0LD1LC_1RD1LB	A	0	2	64
1RB---_1LC1RB_0LD1LC_1RD1RB	A	0	2	256
1RB---_1LC1RB_0LD1RC_0RB1LD	A	0	2	1024
1RB---_1LC1RB_0LD1RC_1RB1LD	A	0	2	256
1RB---_1LC1RB_0LD1RD_1RB0RB	A	0	2	1024
1RB---_1LC1RB_0RB0LD_0RB1RB	A	0	2	256
1RB---_1LC1RB_0RB0LD_1LB1LD	A	0	2	256
1RB---_1LC1RB_0RB0RD_---1LB	A	0	2	1024
1RB---_1LC1RB_0RB0RD_1LC1LD	A	0	2	1024
1RB---_1LC1RB_0RB1LC_------	A	0	2	64
1RB---_1LC1RB_0RB1LD_0LC0LC	A	0	2	1024
1RB---_1LC1RB_0RB1LD_0LC1LC	A	0	2	64
1RB---_1LC1RB_0RB1LD_0LC1LD	A	0	2	64
1RB---_1LC1RB_0RB1LD_0RB1LC	A	0	2	64
1RB---_1LC1RB_0RB1LD_0RD1LC	A	0	2	256
1RB---_1LC1RB_0RB1LD_1LB1LC	A	0	2	256
1RB---_1LC1RB_0RB1LD_1LB1LD	A	0	2	64
1RB---_1LC1RB_0RB1LD_1LC0RC	A	0	2	1024
1RB---_1LC1RB_0RB1LD_1LC1LC	A	0	2	256
1RB---_1LC1RB_0RB1LD_1LC1LD	A	0	2	256
1RB---_1LC1RB_0RB1LD_1RC1LC	A	0	2	64
1RB---_1LC1RB_0RB1RD_0LC1LD	A	0	2	64
1RB---_1LC1RB_0RB1RD_1LB1LD	A	0	2	1024
1RB---_1LC1RB_0RB1RD_1LC1LD	A	0	2	256
1RB---_1LC1RB_0RB1RD_1LD0LC	A	0	2	256
1RB---_1LC1RB_0RC1LD_0RB1LC	A	0	2	256
1RB---_1LC1RB_0RD0LB_1LB1RC	A	0	2	256
1RB---_1LC1RB_0RD0LB_1LD1RC	A	0	2	256
1RB---_1LC1RB_0RD0LD_0RB1LD	A	0	2	1024
1RB---_1LC1RB_0RD0LD_0RB1RB	A	0	2	256
1RB---_1LC1RB_0RD1LC_---1RB	A	0	2	64
1RB---_1LC1RB_0RD1LC_0LB1RD	A	0	2	256
1RB---_1LC1RB_0RD1LC_0RB1LD	A	0	2	256
1RB---_1LC1RB_0RD1LC_1LB1RD	A	0	2	1024
1RB---_1LC1RB_0RD1LC_1RB0LC	A	0	2	256
1RB---_1LC1RB_0RD1LC_1RB1LD	A	0	2	256
1RB---_1LC1RB_1LB0LD_1RC1RB	A	0	2	1024
1RB---_1LC1RB_1LD0LD_0RB1RB	A	0	2	64
1RB---_1LC1RB_1LD0LD_1RC1RB	A	0	2	1024
1RB---_1LC1RB_1LD0RD_0RB1LB	A	0	2	64
1RB---_1LC1RB_1LD0RD_0RB1LC	A	0	2	64
1RB---_1LC1RB_1LD0RD_1RB1LB	A	0	2	256
1RB---_1LC1RB_1LD0RD_1RB1LC	A	0	2	1024
1RB---_1LC1RB_1LD0RD_1RD1LB	A	0	2	64
1RB---_1LC1RB_1LD1LC_0RB---	A	0	2	256
1RB---_1LC1RB_1LD1LC_0RD0RB	A	0	2	256
1RB---_1LC1RB_1LD1LC_0RD1RB	A	0	2	256
1RB---_1LC1RB_1LD1LC_1RB---	A	0	2	256
1RB---_1LC1RB_1LD1LC_1RD1LB	A	0	2	64
1RB---_1LC1RB_1LD1LC_1RD1RB	A	0	2	256
1RB---_1LC1RB_1LD1LD_0RB0LC	A	0	2	64
1RB---_1LC1RB_1LD1LD_0RB1LC	A	0	2	1024
1RB---_1LC1RB_1LD1RC_0RB1LD	A	0	2	1024
1RB---_1LC1RB_1LD1RC_1RB1LD	A	0	2	256
1RB---_1LC1RB_1RB0LD_0RB1RB	A	0	2	1024
1RB---_1LC1RB_1RB0LD_0RC1RB	A	0	2	1024
1RB---_1LC1RB_1RB0LD_1LB1LD	A	0	2	256
1RB---_1LC1RB_1RB0LD_1LC1LD	A	0	2	64
1RB---_1LC1RB_1RB0LD_1RC1RB	A	0	2	64
1RB---_1LC1RB_1RB0RD_---1LB	A	0	2	256
1RB---_1LC1RB_1RB0RD_1LC1LD	A	0	2	256
1RB---_1LC1RB_1RB1LC_------	A	0	2	256
1RB---_1LC1RB_1RB1LD_0RB0LC	A	0	2	256
1RB---_1LC1RB_1RB1LD_0RB1LC	A	0	2	64
1RB---_1LC1RB_1RB1LD_0RD1LC	A	0	2	256
1RB---_1LC1RB_1RB1LD_1LB1LC	A	0	2	256
1RB---_1LC1RB_1RB1LD_1LB1LD	A	0	2	256
1RB---_1LC1RB_1RB1LD_1LC0RC	A	0	2	64
1RB---_1LC1RB_1RB1LD_1LC1LC	A	0	2	256
1RB---_1LC1RB_1RB1LD_1LC1LD	A	0	2	256
1RB---_1LC1RB_1RB1LD_1RC1LC	A	0	2	256
1RB---_1LC1RB_1RB1RD_1LB1LD	A	0	2	64
1RB---_1LC1RB_1RB1RD_1LC1LD	A	0	2	64
1RB---_1LC1RB_1RC1LD_0RB0LC	A	0	2	256
1RB---_1LC1RB_1RD0LB_0LB0RC	A	0	3	64
1RB---_1LC1RB_1RD0LC_0LD1LB	A	0	2	64
1RB---_1LC1RB_1RD0LD_0RB1LD	A	0	2	1024
1RB---_1LC1RB_1RD0LD_0RB1RB	A	0	2	1024
1RB---_1LC1RB_1RD0LD_0RC1RB	A	0	2	1024
1RB---_1LC1RB_1RD0LD_1RC1RB	A	0	2	64
1RB---_1LC1RB_1RD0RD_---1LB	A	0	2	64
1RB---_1LC1RB_1RD1LC_---1LB	A	0	2	256
1RB---_1LC1RB_1RD1LC_---1RB	A	0	2	256
1RB---_1LC1RB_1RD1LC_0LB1RD	A	0	2	256
1RB---_1LC1RB_1RD1LC_0RB1LD	A	0	2	64
1RB---_1LC1RB_1RD1LC_1LB1RD	A	0	2	1024
1RB---_1LC1RB_1RD1LC_1RB1LD	A	0	2	64
1RB---_1LC1RB_1RD1LD_0RB1LC	A	0	2	256
1RB---_1LC1RB_1RD1RC_0RB1LD	A	0	2	256
1RB---_1LC1RC_0LD1RB_1RB0RB	A	0	2	256
1RB---_1LC1RC_0LD1RB_1RB1LD	A	0	2	256
1RB---_1LC1RC_0LD1RB_1RC1LD	A	0	2	1024
1RB---_1LC1RC_0RD0LB_0LB1RD	A	0	2	256
1RB---_1LC1RC_0RD0LB_1LB1RC	A	0	2	256
1RB---_1LC1RC_0RD1LC_0LB1RD	A	0	2	1024
1RB---_1LC1RC_0RD1LC_1LB1RD	A	0	2	256
1RB---_1LC1RC_1LD0RB_0RB0LD	A	0	2	256
1RB---_1LC1RC_1LD0RB_0RB1LC	A	0	2	1024
1RB---_1LC1RC_1LD0RB_0RC0LC	A	0	2	1024
1RB---_1LC1RC_1LD0RB_0RC1LC	A	0	2	256
1RB---_1LC1RC_1LD0RB_1RB1LC	A	0	2	256
1RB---_1LC1RC_1LD0RB_1RC1LC	A	0	3	1024
1RB---_1LC1RC_1LD0RB_1RD1LC	A	0	2	256
1RB---_1LC1RC_1LD1RB_0RB1LD	A	0	2	64
1RB---_1LC1RC_1LD1RB_0RC1LD	A	0	2	1024
1RB---_1LC1RC_1LD1RB_1RB1LD	A	0	2	1024
1RB---_1LC1RC_1LD1RB_1RC1LD	A	0	2	256
1RB---_1LC1RC_1LD1RC_0RB1LD	A	0	2	256
1RB---_1LC1RC_1LD1RC_1RB1LD	A	0	2	1024
1RB---_1LC1RC_1RB0LD_0RC1LC	A	0	3	64
1RB---_1LC1RC_1RB0LD_0RD1LC	A	0	3	1024
1RB---_1LC1RC_1RB0LD_1RC1LC	A	0	3	256
1RB---_1LC1RC_1RB1LD_1RB0LC	A	0	2	256
1RB---_1LC1RC_1RD0LC_0LB0RD	A	0	2	1024
1RB---_1LC1RC_1RD0LC_0LB1LC	A	0	2	64
1RB---_1LC1RC_1RD1LC_0LC0LB	A	0	2	256
1RB---_1LC1RC_1RD1LC_1LB0LB	A	0	2	256
1RB---_1LC1RC_1RD1LC_1LB1RD	A	0	2	256
1RB---_1LC1RC_1RD1LC_1LC0LB	A	0	2	1024
1RB---_1LC1RC_1RD1LC_1RB0LB	A	0	2	256
1RB---_1LC1RC_1RD1RB_0RB1LD	A	0	2	64
1RB---_1LC1RC_1RD1RC_0RB1LD	A	0	2	256
1RB---_1LC1RD_0LB1LD_1RC0LD	A	0	2	1024
1RB---_1LC1RD_0LD0LB_1RC1LD	A	0	2	1024
1RB---_1LC1RD_0LD1RB_0RB1LC	A	0	4	256
1RB---_1LC1RD_0RB1LB_0LC0RB	A	0	2	64
1RB---_1LC1RD_0RB1LB_1LB0RD	A	0	2	64
1RB---_1LC1RD_0RB1LB_1LC0RB	A	0	2	256
1RB---_1LC1RD_0RB1LB_1LC0RD	A	0	2	64
1RB---_1LC1RD_0RB1LC_0LD1RB	A	0	2	256
1RB---_1LC1RD_0RB1LC_1LB1RB	A	0	2	256
1RB---_1LC1RD_0RB1LC_1LC1RB	A	0	2	64
1RB---_1LC1RD_0RB1LC_1LC1RD	A	0	2	64
1RB---_1LC1RD_0RB1LC_1RB0LB	A	0	2	1024
1RB---_1LC1RD_0RB1LC_1RB1RB	A	0	2	256
1RB---_1LC1RD_0RB1LC_1RB1RD	A	0	2	64
1RB---_1LC1RD_0RB1LD_0LC0RB	A	0	2	1024
1RB---_1LC1RD_0RB1LD_1LC0RB	A	0	2	256
1RB---_1LC1RD_0RB1LD_1LC0RD	A	0	2	64
1RB---_1LC1RD_0RD1LC_0LD1RB	A	0	2	256
1RB---_1LC1RD_0RD1LC_1LB1RB	A	0	2	1024
1RB---_1LC1RD_0RD1LC_1LC1RB	A	0	2	64
1RB---_1LC1RD_0RD1LC_1RB1RB	A	0	2	64
1RB---_1LC1RD_0RD1LD_1RB0LC	A	0	2	256
1RB---_1LC1RD_1LB0LD_1RC1RB	A	0	2	256
1RB---_1LC1RD_1LB1RC_0RC1LD	A	0	2	256
1RB---_1LC1RD_1LB1RC_1RC1LD	A	0	2	256
1RB---_1LC1RD_1LD0LB_1RC1LD	A	0	2	64
1RB---_1LC1RD_1LD0LC_0RB0LC	A	0	2	1024
1RB---_1LC1RD_1LD0LD_0RB1RB	A	0	2	256
1RB---_1LC1RD_1LD0LD_1RC1RB	A	0	2	1024
1RB---_1LC1RD_1LD1LC_0RB1RB	A	0	2	1024
1RB---_1LC1RD_1LD1LC_1RB0LB	A	0	2	256
1RB---_1LC1RD_1LD1LD_0RB0LC	A	0	2	256
1RB---_1LC1RD_1LD1LD_1RB0LC	A	0	2	256
1RB---_1LC1RD_1LD1RC_0RB0LC	A	0	2	1024
1RB---_1LC1RD_1LD1RD_0RB0LC	A	0	2	256
1RB---_1LC1RD_1RB0LB_0LD0RC	A	0	3	1024
1RB---_1LC1RD_1RB0LD_0RB1RB	A	0	2	1024
1RB---_1LC1RD_1RB0LD_1RC1RB	A	0	2	64
1RB---_1LC1RD_1RB1LB_1LB0RD	A	0	2	64
1RB---_1LC1RD_1RB1LB_1LC0RB	A	0	2	64
1RB---_1LC1RD_1RB1LC_0LC0RB	A	0	2	256
1RB---_1LC1RD_1RB1LC_0LC1RD	A	0	2	256
1RB---_1LC1RD_1RB1LC_1LC0RD	A	0	2	256
1RB---_1LC1RD_1RB1LC_1LC1RD	A	0	2	256
1RB---_1LC1RD_1RB1LC_1RB0LB	A	0	2	256
1RB---_1LC1RD_1RB1LC_1RB1RD	A	0	2	64
1RB---_1LC1RD_1RB1LC_1RC1RD	A	0	2	64
1RB---_1LC1RD_1RC1LD_1LC0RB	A	0	2	64
1RB---_1LC1RD_1RC1LD_1RB0LC	A	0	2	64
1RB---_1LC1RD_1RD0LD_0RB1RB	A	0	2	256
1RB---_1LC1RD_1RD1LC_0LC1RB	A	0	2	64
1RB---_1LC1RD_1RD1LC_0LD1RB	A	0	2	256
1RB---_1LC1RD_1RD1LC_0RB1RB	A	0	2	256
1RB---_1LC1RD_1RD1LC_1LB1RB	A	0	2	256
1RB---_1LC1RD_1RD1LC_1LC1RB	A	0	2	256
1RB---_1LC1RD_1RD1LC_1RB0LB	A	0	2	1024
1RB---_1LC1RD_1RD1LC_1RB1RB	A	0	2	256
1RB---_1LC1RD_1RD1LD_1RB0LC	A	0	2	256
1RB---_1RC---_0LD0RC_0RB1LC	A	0	2	256
1RB---_1RC---_0LD1RC_1LB1LD	A	0	2	64
1RB---_1RC---_0LD1RC_1RC1LD	B	1	2	64
1RB---_1RC---_0RD1LC_1LB0LB	A	0	2	1024
1RB---_1RC---_1LD0RB_0RC0LC	A	0	3	1024
1RB---_1RC---_1LD1RC_0RC1LD	B	1	2	256
1RB---_1RC---_1LD1RC_1LB1LD	A	0	2	64
1RB---_1RC---_1LD1RC_1RC1LD	B	1	2	256
1RB---_1RC---_1RD1LC_0LC1RD	B	1	2	256
1RB---_1RC---_1RD1LC_1LC1RD	B	1	2	256
1RB---_1RC0LB_0LD0RB_0RB1LC	A	0	2	64
1RB---_1RC0LB_0LD0RB_1LB1LC	A	0	3	64
1RB---_1RC0LB_0LD0RD_1LD1LB	A	0	2	64
1RB---_1RC0LB_0RD---_1LD0LB	A	0	2	64
1RB---_1RC0LB_0RD0RD_1LD1LB	A	0	2	256
1RB---_1RC0LB_0RD1RB_0LD1LB	A	0	2	1024
1RB---_1RC0LB_0RD1RC_0LD1LB	A	0	2	256
1RB---_1RC0LB_0RD1RC_1LD1LB	A	0	2	64
1RB---_1RC0LB_1LC0RD_1LB0LD	A	0	2	256
1RB---_1RC0LB_1LC0RD_1LD1LB	A	0	2	256
1RB---_1RC0LB_1LD0RB_1LB0LC	A	0	4	256
1RB---_1RC0LB_1LD0RD_1LC1LB	A	0	2	1024
1RB---_1RC0LB_1LD0RD_1LD1LB	A	0	2	1024
1RB---_1RC0LB_1RD1LB_0LC1RB	A	0	2	64
1RB---_1RC0LC_0LD0RB_0RB1LC	A	0	2	1024
1RB---_1RC0LC_0LD0RB_1LB1LC	A	0	3	64
1RB---_1RC0LC_0LD1RB_1LB1LD	A	0	2	64
1RB---_1RC0LC_0LD1RB_1RB1LD	A	0	2	64
1RB---_1RC0LC_0LD1RB_1RC1LD	A	0	2	256
1RB---_1RC0LC_0LD1RD_1RB1LD	A	0	2	64
1RB---_1RC0LC_0RD1RD_1LB1RC	A	0	2	64
1RB---_1RC0LC_0RD1RD_1LB1RD	A	0	2	64
1RB---_1RC0LC_1LB1RD_0LD0RB	A	0	3	64
1RB---_1RC0LC_1LC1RD_1RB1LD	A	0	2	64
1RB---_1RC0LC_1LD1LC_0LB1RD	A	0	2	256
1RB---_1RC0LC_1LD1RB_0RC1LD	A	0	2	256
1RB---_1RC0LC_1LD1RB_1LB1LD	A	0	2	64
1RB---_1RC0LC_1LD1RB_1RB1LD	A	0	2	1024
1RB---_1RC0LC_1LD1RB_1RC1LD	A	0	2	256
1RB---_1RC0LC_1LD1RD_1RB1LD	A	0	2	64
1RB---_1RC0LC_1RD0RB_0LD1LB	A	0	3	256
1RB---_1RC0LC_1RD0RC_1LB0RC	A	0	2	64
1RB---_1RC0LC_1RD0RD_1LB0RC	A	0	2	64
1RB---_1RC0LC_1RD1RC_1LB1LD	A	0	2	64
1RB---_1RC0LD_0LB0RB_1LB0LB	A	0	3	256
1RB---_1RC0LD_0LB0RB_1LB0LC	A	0	3	256
1RB---_1RC0LD_0LB0RB_1LB0LD	A	0	3	256
1RB---_1RC0LD_0LB0RB_1LB0RB	A	0	3	256
1RB---_1RC0LD_0LB0RB_1LB0RC	A	0	3	256
1RB---_1RC0LD_0LB0RB_1LB0RD	A	0	3	256
1RB---_1RC0LD_0LB0RB_1LB1LB	A	0	3	256
1RB---_1RC0LD_0LB0RB_1LB1LC	A	0	3	256
1RB---_1RC0LD_0LB0RB_1LB1LD	A	0	3	64
1RB---_1RC0LD_0LB0RB_1LB1RC	A	0	3	256
1RB---_1RC0LD_0LB0RB_1LB1RD	A	0	3	1024
1RB---_1RC0LD_0LB0RB_1RB1LB	A	0	2	1024
1RB---_1RC0LD_0LB1RB_1LB1LB	A	0	2	64
1RB---_1RC0LD_0LB1RB_1RB1LB	A	0	2	256
1RB---_1RC0LD_0LB1RB_1RD1LB	A	0	2	1024
1RB---_1RC0LD_0LB1RC_1LB1LD	A	0	2	256
1RB---_1RC0LD_0LD0RB_0RB1LC	A	0	2	64
1RB---_1RC0LD_0LD0RB_1LB0LD	A	0	3	256
1RB---_1RC0LD_0LD0RB_1LB1LC	A	0	3	64
1RB---_1RC0LD_0LD0RB_1LB1RD	A	0	3	256
1RB---_1RC0LD_0LD0RC_1RB1LB	A	0	2	64
1RB---_1RC0LD_0LD1RB_0LB1LB	A	0	2	256
1RB---_1RC0LD_0LD1RB_0RB1LB	A	0	2	64
1RB---_1RC0LD_0LD1RB_0RD1LB	A	0	2	64
1RB---_1RC0LD_0LD1RB_1LB0RC	A	0	2	256
1RB---_1RC0LD_0LD1RB_1LB1LB	A	0	2	256
1RB---_1RC0LD_0LD1RB_1RB1LB	A	0	2	256
1RB---_1RC0LD_0LD1RB_1RC1LB	A	0	2	256
1RB---_1RC0LD_0LD1RB_1RD1LB	A	0	2	256
1RB---_1RC0LD_0LD1RD_1RC1LB	A	0	2	256
1RB---_1RC0LD_1LB0RB_1LB0LC	A	0	3	256
1RB---_1RC0LD_1LB0RB_1LB0LD	A	0	3	256
1RB---_1RC0LD_1LB0RB_1LB0RC	A	0	3	64
1RB---_1RC0LD_1LB0RB_1LB0RD	A	0	3	64
1RB---_1RC0LD_1LB0RB_1LB1LC	A	0	3	256
1RB---_1RC0LD_1LB0RB_1LB1LD	A	0	3	256
1RB---_1RC0LD_1LB0RB_1LB1RB	A	0	3	256
1RB---_1RC0LD_1LB0RB_1LB1RC	A	0	3	64
1RB---_1RC0LD_1LB0RB_1LB1RD	A	0	3	64
1RB---_1RC0LD_1LB0RD_1LB0LB	A	0	2	64
1RB---_1RC0LD_1LB0RD_1RC0RC	A	0	2	256
1RB---_1RC0LD_1LB0RD_1RC0RD	A	0	2	256
1RB---_1RC0LD_1LB1RB_0RB1LB	A	0	3	1024
1RB---_1RC0LD_1LB1RB_0RC1LD	A	0	2	256
1RB---_1RC0LD_1LB1RB_0RD1LB	A	0	3	64
1RB---_1RC0LD_1LB1RB_1RB1LB	A	0	3	64
1RB---_1RC0LD_1LB1RB_1RD1LB	A	0	3	64
1RB---_1RC0LD_1LB1RC_0RB1RC	A	0	2	1024
1RB---_1RC0LD_1LB1RC_0RC1RC	A	0	2	64
1RB---_1RC0LD_1LB1RC_1LB1LD	A	0	2	256
1RB---_1RC0LD_1LB1RC_1LC1LD	A	0	2	256
1RB---_1RC0LD_1LB1RC_1RB1RC	A	0	2	64
1RB---_1RC0LD_1LB1RC_1RD1RC	A	0	2	64
1RB---_1RC0LD_1LB1RD_1RB1RC	A	0	2	64
1RB---_1RC0LD_1LC0RD_1LB0LD	A	0	2	256
1RB---_1RC0LD_1LC1RB_0LB1LB	A	0	2	64
1RB---_1RC0LD_1LC1RB_0RB1LB	A	0	2	64
1RB---_1RC0LD_1LC1RB_0RD1LB	A	0	2	64
1RB---_1RC0LD_1LC1RB_1LB1LB	A	0	2	64
1RB---_1RC0LD_1LC1RB_1RB1LB	A	0	2	256
1RB---_1RC0LD_1LC1RB_1RC1LB	A	0	2	256
1RB---_1RC0LD_1LC1RB_1RD1LB	A	0	2	256
1RB---_1RC0LD_1LD0RB_0RB1LC	A	0	2	1024
1RB---_1RC0LD_1LD0RB_1LB0LD	A	0	3	256
1RB---_1RC0LD_1LD1RB_0RB1LB	A	0	2	256
1RB---_1RC0LD_1LD1RB_0RB1LD	A	0	2	1024
1RB---_1RC0LD_1LD1RB_1LB1LB	A	0	2	64
1RB---_1RC0LD_1LD1RB_1RB1LB	A	0	2	1024
1RB---_1RC0LD_1LD1RB_1RD1LB	A	0	2	1024
1RB---_1RC0LD_1LD1RC_0RB1LD	A	0	2	1024
1RB---_1RC0LD_1LD1RD_1RC1LB	A	0	2	256
1RB---_1RC0LD_1RD0RB_1LB0LC	A	0	3	64
1RB---_1RC0LD_1RD0RD_1LB0LD	A	0	2	256
1RB---_1RC0LD_1RD1RB_0LB1LB	A	0	2	64
1RB---_1RC0LD_1RD1RB_1LB1LB	A	0	3	1024
1RB---_1RC0LD_1RD1RC_1LB1LD	A	0	2	256
1RB---_1RC0RB_0LD0RB_0RB1LC	A	0	2	64
1RB---_1RC0RB_0LD0RB_1LB1LC	A	0	3	64
1RB---_1RC0RB_0LD1RB_1RC1LD	A	0	2	64
1RB---_1RC0RB_1LC1LD_0LB1RB	A	0	2	256
1RB---_1RC0RB_1LD0RB_---0LB	A	0	2	256
1RB---_1RC0RB_1LD0RB_0RB0LC	A	0	3	1024
1RB---_1RC0RB_1LD0RC_0RB0LB	A	0	2	64
1RB---_1RC0RB_1LD0RC_1RD0LB	A	0	2	256
1RB---_1RC0RB_1LD1LC_1RB0LC	A	0	2	256
1RB---_1RC0RC_0LC1LD_1LB1RD	A	0	2	64
1RB---_1RC0RC_0LD0RB_0RB1LC	A	0	2	1024
1RB---_1RC0RC_0LD0RB_1LB1LC	A	0	3	64
1RB---_1RC0RC_0LD1LD_1LB1RD	A	0	2	256
1RB---_1RC0RC_0LD1LD_1RB1LC	A	0	2	64
1RB---_1RC0RC_0LD1LD_1RB1LD	A	0	2	64
1RB---_1RC0RC_0LD1RB_1RC1LD	A	0	2	256
1RB---_1RC0RC_0RD1LD_1LB1RD	A	0	2	1024
1RB---_1RC0RC_1LB1LD_1LB1RD	A	0	2	256
1RB---_1RC0RC_1LB1LD_1RB1LD	A	0	2	64
1RB---_1RC0RC_1LC1LD_1LB1RD	A	0	2	256
1RB---_1RC0RC_1LC1LD_1RB1LD	A	0	2	64
1RB---_1RC0RC_1LD---_0LB1RD	A	0	2	256
1RB---_1RC0RC_1LD0RB_1RC0LB	A	0	2	256
1RB---_1RC0RC_1LD1LD_1LB1RD	A	0	2	256
1RB---_1RC0RC_1LD1RC_0LB1RB	A	0	2	64
1RB---_1RC0RC_1LD1RD_0LB1RC	A	0	2	64
1RB---_1RC0RC_1RD1LD_1LB1RD	A	0	2	256
1RB---_1RC0RD_0LC1LD_1RB0LB	A	0	3	64
1RB---_1RC0RD_0LD0RB_0RB1LC	A	0	2	64
1RB---_1RC0RD_0LD0RB_1LB1LC	A	0	3	64
1RB---_1RC0RD_1LB0RB_0LC1LD	A	0	3	64
1RB---_1RC0RD_1LB1RC_---1LC	A	0	2	256
1RB---_1RC0RD_1LB1RC_1LB1LD	A	0	2	256
1RB---_1RC0RD_1LD0LB_1RB0LC	A	0	3	64
1RB---_1RC0RD_1LD0RB_1LB0LC	A	0	3	256
1RB---_1RC0RD_1RD1RC_1LB1LD	A	0	2	64
1RB---_1RC1LB_0LB0LD_---1RB	A	0	2	1024
1RB---_1RC1LB_0LB0LD_1RC1RD	A	0	2	1024
1RB---_1RC1LB_0LB0RD_0LB1LB	A	0	2	256
1RB---_1RC1LB_0LB0RD_0LB1RC	A	0	2	1024
1RB---_1RC1LB_0LB0RD_0LB1RD	A	0	2	256
1RB---_1RC1LB_0LB0RD_1LD1LB	A	0	2	64
1RB---_1RC1LB_0LB0RD_1RB1RD	A	0	2	256
1RB---_1RC1LB_0LB1LD_0LB1RD	A	0	2	256
1RB---_1RC1LB_0LB1LD_0RC1RD	A	0	2	256
1RB---_1RC1LB_0LB1LD_1LB1RD	A	0	2	256
1RB---_1RC1LB_0LB1LD_1RB1RD	A	0	2	256
1RB---_1RC1LB_0LB1LD_1RC1RD	A	0	2	256
1RB---_1RC1LB_0LB1LD_1RD0RC	A	0	2	256
1RB---_1RC1LB_0LB1RC_------	A	0	2	64
1RB---_1RC1LB_0LB1RD_0LB1RC	A	0	2	64
1RB---_1RC1LB_0LB1RD_0LB1RD	A	0	2	64
1RB---_1RC1LB_0LB1RD_0LD1RC	A	0	2	256
1RB---_1RC1LB_0LB1RD_0RC0LC	A	0	2	256
1RB---_1RC1LB_0LB1RD_0RC0RC	A	0	2	1024
1RB---_1RC1LB_0LB1RD_0RC1RC	A	0	2	256
1RB---_1RC1LB_0LB1RD_0RC1RD	A	0	2	256
1RB---_1RC1LB_0LB1RD_1LB0RC	A	0	2	256
1RB---_1RC1LB_0LB1RD_1LB1RC	A	0	2	64
1RB---_1RC1LB_0LB1RD_1LB1RD	A	0	2	64
1RB---_1RC1LB_0LB1RD_1LC1RC	A	0	2	256
1RB---_1RC1LB_0LB1RD_1RB1RC	A	0	2	64
1RB---_1RC1LB_0LB1RD_1RB1RD	A	0	2	64
1RB---_1RC1LB_0LB1RD_1RC0LC	A	0	2	256
1RB---_1RC1LB_0LB1RD_1RC0RC	A	0	2	256
1RB---_1RC1LB_0LB1RD_1RC0RD	A	0	2	64
1RB---_1RC1LB_0LB1RD_1RC1RC	A	0	2	1024
1RB---_1RC1LB_0LB1RD_1RC1RD	A	0	2	256
1RB---_1RC1LB_0LC0RD_1LD1LB	A	0	2	64
1RB---_1RC1LB_0LC1LD_0LB1RD	A	0	2	256
1RB---_1RC1LB_0LC1LD_1LB1RD	A	0	2	1024
1RB---_1RC1LB_0LC1RD_0LB1RC	A	0	2	64
1RB---_1RC1LB_0LC1RD_1LB1RC	A	0	2	1024
1RB---_1RC1LB_0LC1RD_1LB1RD	A	0	2	1024
1RB---_1RC1LB_0LD0RB_0RB1LC	A	0	2	256
1RB---_1RC1LB_0LD0RB_1LB1LC	A	0	3	64
1RB---_1RC1LB_0LD0RB_1RB1LC	A	0	2	256
1RB---_1RC1LB_0LD0RB_1RD1LC	A	0	2	256
1RB---_1RC1LB_0LD0RD_0LB1LB	A	0	2	256
1RB---_1RC1LB_0LD0RD_0LB1RD	A	0	2	1024
1RB---_1RC1LB_0LD0RD_1LD1LB	A	0	2	64
1RB---_1RC1LB_0LD1LD_0LB1RD	A	0	2	256
1RB---_1RC1LB_0LD1LD_1LB1RD	A	0	2	256
1RB---_1RC1LB_0LD1RC_---1LB	A	0	2	64
1RB---_1RC1LB_0LD1RC_0LB1RD	A	0	2	256
1RB---_1RC1LB_0LD1RC_0RB1LD	A	0	2	256
1RB---_1RC1LB_0LD1RC_1LB0RC	A	0	2	256
1RB---_1RC1LB_0LD1RC_1LB1RD	A	0	2	256
1RB---_1RC1LB_0LD1RC_1RB1LD	A	0	2	1024
1RB---_1RC1LB_0LD1RD_1LB0RC	A	0	2	1024
1RB---_1RC1LB_0LD1RD_1LB1RD	A	0	2	1024
1RB---_1RC1LB_0RD0LD_1LD0LB	A	0	2	256
1RB---_1RC1LB_0RD0LD_1LD1RB	A	0	2	256
1RB---_1RC1LB_0RD0RD_1LD1LB	A	0	2	64
1RB---_1RC1LB_0RD1LC_1LB1RD	A	0	2	64
1RB---_1RC1LB_0RD1LD_1LB0LB	A	0	2	64
1RB---_1RC1LB_0RD1LD_1LB1RD	A	0	2	64
1RB---_1RC1LB_0RD1RC_0LD1LB	A	0	2	256
1RB---_1RC1LB_0RD1RC_1LD1LB	A	0	2	256
1RB---_1RC1LB_0RD1RC_1LD1RB	A	0	2	64
1RB---_1RC1LB_0RD1RD_1LB1RC	A	0	2	256
1RB---_1RC1LB_0RD1RD_1LB1RD	A	0	2	256
1RB---_1RC1LB_1LB0LD_---1RB	A	0	2	1024
1RB---_1RC1LB_1LB0LD_1RC1RD	A	0	2	1024
1RB---_1RC1LB_1LB0RD_0LB1LB	A	0	2	1024
1RB---_1RC1LB_1LB0RD_0LC1RD	A	0	2	1024
1RB---_1RC1LB_1LB0RD_1LC1LB	A	0	2	64
1RB---_1RC1LB_1LB0RD_1LD1LB	A	0	2	64
1RB---_1RC1LB_1LB0RD_1RB1RD	A	0	2	256
1RB---_1RC1LB_1LB0RD_1RC1RD	A	0	2	256
1RB---_1RC1LB_1LB1LD_0LB1RD	A	0	2	1024
1RB---_1RC1LB_1LB1LD_1LB1RD	A	0	2	256
1RB---_1RC1LB_1LB1LD_1RB1RD	A	0	2	64
1RB---_1RC1LB_1LB1LD_1RC1RD	A	0	2	256
1RB---_1RC1LB_1LB1RC_------	A	0	2	256
1RB---_1RC1LB_1LB1RD_0LB1RC	A	0	2	64
1RB---_1RC1LB_1LB1RD_0LB1RD	A	0	2	256
1RB---_1RC1LB_1LB1RD_0LD1RC	A	0	2	256
1RB---_1RC1LB_1LB1RD_1LB1RC	A	0	2	256
1RB---_1RC1LB_1LB1RD_1LB1RD	A	0	2	256
1RB---_1RC1LB_1LB1RD_1LC0RD	A	0	2	64
1RB---_1RC1LB_1LB1RD_1LC1RC	A	0	2	256
1RB---_1RC1LB_1LB1RD_1RB1RC	A	0	2	64
1RB---_1RC1LB_1LB1RD_1RB1RD	A	0	2	64
1RB---_1RC1LB_1LB1RD_1RC0LC	A	0	2	256
1RB---_1RC1LB_1LB1RD_1RC1RC	A	0	2	64
1RB---_1RC1LB_1LB1RD_1RC1RD	A	0	2	64
1RB---_1RC1LB_1LC0RD_1LD1LB	A	0	2	64
1RB---_1RC1LB_1LC1LD_0LB1RD	A	0	2	1024
1RB---_1RC1LB_1LC1LD_1LB1RD	A	0	2	256
1RB---_1RC1LB_1LC1RD_0LB0RC	A	0	2	1024
1RB---_1RC1LB_1LC1RD_0LB1RD	A	0	2	256
1RB---_1RC1LB_1LC1RD_1LB1RD	A	0	2	256
1RB---_1RC1LB_1LD0LD_---1RB	A	0	2	256
1RB---_1RC1LB_1LD0RB_0RB0LC	A	0	3	64
1RB---_1RC1LB_1LD0RD_0LB1LB	A	0	2	1024
1RB---_1RC1LB_1LD0RD_1LC1LB	A	0	2	64
1RB---_1RC1LB_1LD0RD_1LD1LB	A	0	2	64
1RB---_1RC1LB_1LD1LC_0LB1RD	A	0	2	256
1RB---_1RC1LB_1LD1LD_0LB1RD	A	0	2	1024
1RB---_1RC1LB_1LD1LD_1LB1RD	A	0	2	256
1RB---_1RC1LB_1LD1RC_---1LB	A	0	2	256
1RB---_1RC1LB_1LD1RC_---1RB	A	0	2	256
1RB---_1RC1LB_1LD1RC_0LB1RD	A	0	2	64
1RB---_1RC1LB_1LD1RC_0RB1LD	A	0	2	256
1RB---_1RC1LB_1LD1RC_1LB1RD	A	0	2	64
1RB---_1RC1LB_1LD1RC_1RB1LD	A	0	2	1024
1RB---_1RC1LB_1LD1RD_0LB1RC	A	0	2	256
1RB---_1RC1LB_1LD1RD_0LB1RD	A	0	2	256
1RB---_1RC1LB_1LD1RD_1LB1RC	A	0	2	256
1RB---_1RC1LB_1LD1RD_1LB1RD	A	0	2	256
1RB---_1RC1LB_1RD0LD_0LB1RB	A	0	2	256
1RB---_1RC1LB_1RD0LD_0LB1RC	A	0	2	256
1RB---_1RC1LB_1RD0LD_1LB1RB	A	0	2	256
1RB---_1RC1LB_1RD0LD_1LB1RC	A	0	2	256
1RB---_1RC1LB_1RD0LD_1LD1RB	A	0	2	256
1RB---_1RC1LB_1RD0RD_0LB1LB	A	0	2	256
1RB---_1RC1LB_1RD0RD_1LC1LB	A	0	2	64
1RB---_1RC1LB_1RD0RD_1LD1LB	A	0	2	64
1RB---_1RC1LB_1RD1LC_0LB1RD	A	0	2	1024
1RB---_1RC1LB_1RD1LC_1LB1RD	A	0	2	64
1RB---_1RC1LB_1RD1LD_0LB1RD	A	0	2	1024
1RB---_1RC1LB_1RD1LD_1LB1RD	A	0	2	64
1RB---_1RC1LB_1RD1RC_0LB---	A	0	2	256
1RB---_1RC1LB_1RD1RC_0LD0LB	A	0	2	256
1RB---_1RC1LB_1RD1RC_0LD1LB	A	0	2	256
1RB---_1RC1LB_1RD1RC_1LB---	A	0	2	256
1RB---_1RC1LB_1RD1RC_1LD1LB	A	0	2	256
1RB---_1RC1LB_1RD1RC_1LD1RB	A	0	2	64
1RB---_1RC1LB_1RD1RD_0LB1RC	A	0	2	1024
1RB---_1RC1LB_1RD1RD_0LB1RD	A	0	2	256
1RB---_1RC1LB_1RD1RD_1LB1RC	A	0	2	64
1RB---_1RC1LB_1RD1RD_1LB1RD	A	0	2	256
1RB---_1RC1LC_0LD0RB_0RB1LC	A	0	2	1024
1RB---_1RC1LC_0LD0RB_0RB1LD	A	0	2	256
1RB---_1RC1LC_0LD0RB_1LB1LC	A	0	3	64
1RB---_1RC1LC_0LD0RB_1RB1LC	A	0	2	256
1RB---_1RC1LC_0LD1RC_0RB1LD	A	0	2	1024
1RB---_1RC1LC_0LD1RC_1RB1LD	A	0	2	256
1RB---_1RC1LC_0RD1LB_1LB0LB	A	0	2	1024
1RB---_1RC1LC_0RD1LB_1LB1RD	A	0	2	64
1RB---_1RC1LC_0RD1LB_1LC1RD	A	0	2	256
1RB---_1RC1LC_0RD1LC_1LB1RD	A	0	2	256
1RB---_1RC1LC_1LB0RD_0LC1RC	A	0	3	256
1RB---_1RC1LC_1LB0RD_0LD1RC	A	0	3	256
1RB---_1RC1LC_1LB0RD_1LC1RC	A	0	3	256
1RB---_1RC1LC_1LB1RD_0LB0RD	A	0	2	256
1RB---_1RC1LC_1LB1RD_1LB0RC	A	0	2	256
1RB---_1RC1LC_1LD0RC_0RB0LD	A	0	2	1024
1RB---_1RC1LC_1LD0RC_0RB1RC	A	0	2	64
1RB---_1RC1LC_1LD1LB_0LB1RD	A	0	2	64
1RB---_1RC1LC_1LD1LC_0LB1RD	A	0	2	1024
1RB---_1RC1LC_1LD1RC_0RC0RB	A	0	2	256
1RB---_1RC1LC_1LD1RC_1LB0RB	A	0	2	256
1RB---_1RC1LC_1LD1RC_1RB0RB	A	0	2	256
1RB---_1RC1LC_1LD1RC_1RB1LD	A	0	2	256
1RB---_1RC1LC_1LD1RC_1RC0RB	A	0	2	256
1RB---_1RC1LC_1RD0LB_0LB0RD	A	0	2	64
1RB---_1RC1LC_1RD0LB_0LB1RC	A	0	2	256
1RB---_1RC1LC_1RD0LB_0LC1RC	A	0	2	256
1RB---_1RC1LC_1RD0LB_1LC1RC	A	0	3	256
1RB---_1RC1LC_1RD0LB_1LD1RC	A	0	2	64
1RB---_1RC1LC_1RD1LB_0LB1RD	A	0	2	1024
1RB---_1RC1LC_1RD1LB_0LC1RD	A	0	2	1024
1RB---_1RC1LC_1RD1LB_1LB1RD	A	0	2	256
1RB---_1RC1LC_1RD1LB_1LC1RD	A	0	2	64
1RB---_1RC1LC_1RD1LC_0LB1RD	A	0	2	256
1RB---_1RC1LC_1RD1LC_1LB1RD	A	0	2	256
1RB---_1RC1LD_0LB1RB_0RC0LB	A	0	2	64
1RB---_1RC1LD_0LB1RB_1RB0LD	A	0	2	64
1RB---_1RC1LD_0LB1RB_1RC0LB	A	0	2	256
1RB---_1RC1LD_0LB1RC_0RD1LB	A	0	2	256
1RB---_1RC1LD_0LB1RC_1LB0RB	A	0	2	1024
1RB---_1RC1LD_0LB1RC_1LB1LB	A	0	2	64
1RB---_1RC1LD_0LB1RC_1LB1LD	A	0	2	64
1RB---_1RC1LD_0LB1RC_1RB1LB	A	0	2	256
1RB---_1RC1LD_0LB1RC_1RC1LB	A	0	2	64
1RB---_1RC1LD_0LB1RC_1RC1LD	A	0	2	64
1RB---_1RC1LD_0LB1RD_0RC0LB	A	0	2	1024
1RB---_1RC1LD_0LB1RD_0RC0LD	A	0	2	64
1RB---_1RC1LD_0LB1RD_1RC0LB	A	0	2	256
1RB---_1RC1LD_0LD1RC_0RD1LB	A	0	2	256
1RB---_1RC1LD_0LD1RC_1LB1LB	A	0	2	64
1RB---_1RC1LD_0LD1RC_1RB1LB	A	0	2	1024
1RB---_1RC1LD_0LD1RC_1RC1LB	A	0	2	64
1RB---_1RC1LD_0LD1RD_1LB0RC	A	0	2	1024
1RB---_1RC1LD_0RD0RB_1LC1RD	A	0	2	1024
1RB---_1RC1LD_1LB0RB_0RD0LC	A	0	3	1024
1RB---_1RC1LD_1LB0RD_0LB1LB	A	0	2	1024
1RB---_1RC1LD_1LB0RD_1LC1LB	A	0	2	64
1RB---_1RC1LD_1LB1RB_1RC0LB	A	0	2	256
1RB---_1RC1LD_1LB1RC_0RC0LB	A	0	2	256
1RB---_1RC1LD_1LB1RC_0RC1LD	A	0	2	256
1RB---_1RC1LD_1LB1RC_1LB0RB	A	0	2	256
1RB---_1RC1LD_1LB1RC_1LB1LD	A	0	2	64
1RB---_1RC1LD_1LB1RC_1LC1LD	A	0	2	64
1RB---_1RC1LD_1LB1RC_1RC1LD	A	0	2	256
1RB---_1RC1LD_1LC1RD_1LB0RC	A	0	2	1024
1RB---_1RC1LD_1LC1RD_1RC0LB	A	0	2	256
1RB---_1RC1LD_1LD0RD_0LB1LB	A	0	2	256
1RB---_1RC1LD_1LD1RC_0LB1LB	A	0	2	256
1RB---_1RC1LD_1LD1RC_0RC1LB	A	0	2	64
1RB---_1RC1LD_1LD1RC_0RD1LB	A	0	2	256
1RB---_1RC1LD_1LD1RC_1LB0RB	A	0	2	64
1RB---_1RC1LD_1LD1RC_1LB1LB	A	0	2	256
1RB---_1RC1LD_1LD1RC_1RB1LB	A	0	2	256
1RB---_1RC1LD_1LD1RC_1RC1LB	A	0	2	256
1RB---_1RC1LD_1LD1RD_1LB0RC	A	0	2	1024
1RB---_1RC1LD_1RD0RB_1LC1RD	A	0	2	1024
1RB---_1RC1LD_1RD0RD_0LB1LB	A	0	2	256
1RB---_1RC1LD_1RD0RD_1LC1LB	A	0	2	64
1RB---_1RC1LD_1RD1LC_0LB0RC	A	0	2	1024
1RB---_1RC1LD_1RD1LD_0LB0RC	A	0	2	256
1RB---_1RC1LD_1RD1RC_0LB1LB	A	0	2	1024
1RB---_1RC1LD_1RD1RC_1LB0RB	A	0	2	256
1RB---_1RC1LD_1RD1RD_0LB0RC	A	0	2	64
1RB---_1RC1RB_0LC0LD_1RB1LD	A	0	2	256
1RB---_1RC1RB_0LC1LD_0RB1LD	A	0	2	256
1RB---_1RC1RB_0LC1LD_1RB1LD	A	0	2	256
1RB---_1RC1RB_0LD---_0RB1LD	A	0	2	256
1RB---_1RC1RB_0LD---_1RB1LD	A	0	2	256
1RB---_1RC1RB_0LD0LB_1LB1LD	A	0	2	256
1RB---_1RC1RB_0LD0LB_1RC1LD	A	0	2	1024
1RB---_1RC1RB_0LD0RB_1LB1LD	A	0	2	1024
1RB---_1RC1RB_0LD0RD_1LB1LD	A	0	2	64
1RB---_1RC1RB_0LD1LB_0RC1LD	A	0	2	64
1RB---_1RC1RB_0LD1LB_1LB1LD	A	0	2	1024
1RB---_1RC1RB_0LD1LB_1RC1LD	A	0	2	256
1RB---_1RC1RB_0LD1LD_1RB1LC	A	0	2	256
1RB---_1RC1RB_0LD1RB_0RC1LD	A	0	2	256
1RB---_1RC1RB_0LD1RB_1LB1LD	A	0	2	64
1RB---_1RC1RB_0LD1RB_1RC1LD	A	0	2	256
1RB---_1RC1RB_0RD1LC_1LB0RB	A	0	2	256
1RB---_1RC1RB_0RD1LC_1LB1RB	A	0	2	256
1RB---_1RC1RB_0RD1LC_1LB1RD	A	0	2	64
1RB---_1RC1RB_0RD1LC_1LD0LB	A	0	2	256
1RB---_1RC1RB_1LC0LD_1RB1LD	A	0	2	1024
1RB---_1RC1RB_1LC1LD_0RB1LD	A	0	2	64
1RB---_1RC1RB_1LC1LD_1RB1LD	A	0	2	64
1RB---_1RC1RB_1LC1RD_0RB1LD	A	0	2	1024
1RB---_1RC1RB_1LC1RD_1RB1LD	A	0	2	256
1RB---_1RC1RB_1LD---_0RB1LD	A	0	2	64
1RB---_1RC1RB_1LD---_1RB1LD	A	0	2	64
1RB---_1RC1RB_1LD0LB_1LB1LD	A	0	2	256
1RB---_1RC1RB_1LD0LB_1RC1LD	A	0	2	1024
1RB---_1RC1RB_1LD0RB_0RC1LD	A	0	2	256
1RB---_1RC1RB_1LD0RB_1RC1LD	A	0	2	256
1RB---_1RC1RB_1LD0RD_0RB1LC	A	0	2	256
1RB---_1RC1RB_1LD0RD_1LB1LD	A	0	2	256
1RB---_1RC1RB_1LD0RD_1RB1LC	A	0	2	256
1RB---_1RC1RB_1LD1LB_0RC1LD	A	0	2	64
1RB---_1RC1RB_1LD1LB_1RC1LD	A	0	2	256
1RB---_1RC1RB_1LD1LC_0RB0LB	A	0	2	1024
1RB---_1RC1RB_1LD1LC_0RB0LC	A	0	2	64
1RB---_1RC1RB_1LD1LC_0RB1LC	A	0	2	256
1RB---_1RC1RB_1LD1LC_0RB1RC	A	0	2	64
1RB---_1RC1RB_1LD1LC_1RB0LB	A	0	2	256
1RB---_1RC1RB_1LD1LC_1RB0LC	A	0	2	256
1RB---_1RC1RB_1LD1LC_1RB0RC	A	0	2	1024
1RB---_1RC1RB_1LD1LC_1RB1LC	A	0	2	64
1RB---_1RC1RB_1LD1LD_0RB1LC	A	0	2	64
1RB---_1RC1RB_1LD1RB_0RC1LD	A	0	2	64
1RB---_1RC1RB_1LD1RB_1LB1LD	A	0	2	64
1RB---_1RC1RB_1LD1RB_1RC1LD	A	0	2	64
1RB---_1RC1RB_1RD1LC_0LC0RB	A	0	2	1024
1RB---_1RC1RB_1RD1LC_0LC1LB	A	0	2	64
1RB---_1RC1RB_1RD1LC_0LC1RB	A	0	2	256
1RB---_1RC1RB_1RD1LC_1LC0RB	A	0	2	64
1RB---_1RC1RB_1RD1LC_1LC1LB	A	0	2	256
1RB---_1RC1RB_1RD1LC_1LC1RB	A	0	2	64
1RB---_1RC1RC_0LD0RB_0RB1LC	A	0	2	64
1RB---_1RC1RC_0LD0RB_1LB1LC	A	0	3	64
1RB---_1RC1RC_0LD0RB_1RB1LC	A	0	2	64
1RB---_1RC1RC_0LD1RB_1LB1LD	A	0	2	1024
1RB---_1RC1RC_0LD1RB_1RB1LD	A	0	2	256
1RB---_1RC1RC_0LD1RB_1RC1LD	A	0	2	1024
1RB---_1RC1RC_0LD1RC_1RB1LD	A	0	2	64
1RB---_1RC1RC_0RD1LC_1LB1RD	A	0	2	64
1RB---_1RC1RC_1LD0RB_0RB1LC	A	0	2	256
1RB---_1RC1RC_1LD0RB_0RC1LC	A	0	2	1024
1RB---_1RC1RC_1LD0RB_1LB1LC	A	0	3	64
1RB---_1RC1RC_1LD0RB_1RB1LC	A	0	2	256
1RB---_1RC1RC_1LD0RB_1RD1LC	A	0	2	64
1RB---_1RC1RC_1LD1RB_0RB1LD	A	0	2	256
1RB---_1RC1RC_1LD1RB_0RC1LD	A	0	2	64
1RB---_1RC1RC_1LD1RB_1RB1LD	A	0	2	256
1RB---_1RC1RC_1LD1RB_1RC1LD	A	0	2	64
1RB---_1RC1RC_1LD1RC_0RB1LD	A	0	2	256
1RB---_1RC1RC_1LD1RC_1RB1LD	A	0	2	256
1RB---_1RC1RC_1RD1LC_0LC0LB	A	0	2	256
1RB---_1RC1RC_1RD1LC_1LB0LB	A	0	2	1024
1RB---_1RC1RC_1RD1LC_1LB1RD	A	0	2	64
1RB---_1RC1RC_1RD1LC_1LC0LB	A	0	2	64
1RB---_1RC1RD_0LB1RC_1LB1LD	A	0	2	256
1RB---_1RC1RD_0LD0LB_0RB1LC	A	0	2	1024
1RB---_1RC1RD_0LD0LB_1RC1LD	A	0	2	1024
1RB---_1RC1RD_0LD0RB_0RB1LC	A	0	2	256
1RB---_1RC1RD_0LD1LD_1RB0LC	A	0	2	1024
1RB---_1RC1RD_0LD1RB_0RB1LC	A	0	2	64
1RB---_1RC1RD_0RD---_1LD0LB	A	0	2	256
1RB---_1RC1RD_0RD1LC_1LB1RB	A	0	2	64
1RB---_1RC1RD_1LB0LB_1LC1RD	A	0	2	1024
1RB---_1RC1RD_1LB0LB_1RC1LD	A	0	2	256
1RB---_1RC1RD_1LB0LD_1LC0RD	A	0	2	1024
1RB---_1RC1RD_1LB1RC_0RC1LD	A	0	2	1024
1RB---_1RC1RD_1LB1RC_1LB1LD	A	0	2	1024
1RB---_1RC1RD_1LB1RC_1LC1LD	A	0	2	256
1RB---_1RC1RD_1LB1RC_1RC1LD	A	0	2	256
1RB---_1RC1RD_1LD0LB_0RB0LC	A	0	3	256
1RB---_1RC1RD_1LD0LB_1LC1RB	A	0	2	64
1RB---_1RC1RD_1LD0LB_1LC1RD	A	0	2	1024
1RB---_1RC1RD_1LD0LB_1RC1LD	A	0	2	1024
1RB---_1RC1RD_1LD0LC_0RB0LC	A	0	3	256
1RB---_1RC1RD_1LD0LD_0RB0LC	A	0	3	256
1RB---_1RC1RD_1LD0RB_0RB0LC	A	0	3	64
1RB---_1RC1RD_1LD0RC_0RB0LC	A	0	3	256
1RB---_1RC1RD_1LD0RD_0RB0LC	A	0	3	64
1RB---_1RC1RD_1LD1LD_0RB0LC	A	0	3	256
1RB---_1RC1RD_1LD1LD_1RB0LC	A	0	3	256
1RB---_1RC1RD_1LD1RC_0RB0LC	A	0	3	256
1RB---_1RC1RD_1LD1RD_0RB0LC	A	0	3	256
1RB---_1RC1RD_1RD0LB_1LC1RB	A	0	2	64
1RB---_1RC1RD_1RD0LB_1LC1RD	A	0	2	256
1RB---_1RC1RD_1RD1LC_0LC1RB	A	0	2	256
1RB---_1RC1RD_1RD1LC_1LC1RB	A	0	2	256
1RB---_1RC1RD_1RD1RC_1LB1LD	A	0	2	64
1RB0LA_0RC1LB_1LD1RC_1LA1RB	A	5	2	256
1RB0LB_0RC0RA_0LD1RC_1LB1LD	A	5	2	256
1RB0LB_0RC0RA_1LD1RC_1LB1LD	A	5	2	64
1RB0LB_0RC1LA_0LD1RC_1LB1LD	A	7	2	256
1RB0LB_0RC1LA_1LD1RC_1LB1LD	A	7	2	256
1RB0LB_0RC1LB_1LD1RC_0LA1RB	A	8	2	256
1RB0LB_0RC1LB_1LD1RC_1LA1LB	A	8	2	1024
1RB0LB_0RC1LB_1LD1RC_1LA1RB	A	8	2	64
1RB0LB_0RC1LB_1LD1RC_1RA1RB	A	4	2	256
1RB0LB_1LA0LC_0LD1RC_1RC1LD	B	5	2	256
1RB0LB_1LA0LC_0RD1LC_1LC1RD	B	5	2	64
1RB0LB_1LA0LC_1LD1RC_0RC1LD	B	5	2	256
1RB0LB_1LA0LC_1LD1RC_1RC1LD	B	5	2	1024
1RB0LB_1LA0LC_1RC1RD_1LB1RD	A	4	2	64
1RB0LB_1LA0LC_1RD1LC_1LC1RD	B	5	2	256
1RB0LB_1LA0RC_0RD1LC_1LC1RD	B	5	2	64
1RB0LB_1LA0RC_1LC1LD_1RB1LD	A	4	2	64
1RB0LB_1LA0RC_1LD0LC_1RB0LC	A	4	2	256
1RB0LB_1LA0RC_1LD1RC_1RC1LD	B	5	2	256
1RB0LB_1LA0RC_1RD1LC_0LC1RD	B	5	2	256
1RB0LB_1LA0RC_1RD1LC_1LC1RD	B	5	2	256
1RB0LB_1LA1LC_0LD1RC_1RB1LD	A	4	2	64
1RB0LB_1LA1LC_0RD1LC_1LB1RD	A	4	2	256
1RB0LB_1LA1LC_0RD1LC_1LC1RD	B	5	2	256
1RB0LB_1LA1LC_1LD1RC_0RC0RB	A	4	2	256
1RB0LB_1LA1LC_1LD1RC_0RC1LD	B	5	2	256
1RB0LB_1LA1LC_1LD1RC_1RB0RB	A	4	2	256
1RB0LB_1LA1LC_1LD1RC_1RB1LD	A	4	2	256
1RB0LB_1LA1LC_1LD1RC_1RC0RB	A	4	2	1024
1RB0LB_1LA1LC_1LD1RC_1RC1LD	B	5	2	1024
1RB0LB_1LA1LC_1RD1LC_1LB1RD	A	4	2	256
1RB0LB_1LA1LC_1RD1LC_1LC1RD	B	5	2	256
1RB0LB_1LA1RC_0RD1LC_1LC1RD	B	5	2	64
1RB0LB_1LA1RC_1LD1RC_0RB1LD	A	4	2	256
1RB0LB_1LA1RC_1LD1RC_0RC1LD	B	5	2	256
1RB0LB_1LA1RC_1LD1RC_1RB1LD	A	4	2	256
1RB0LB_1LA1RC_1LD1RC_1RC1LD	B	5	2	256
1RB0LB_1LA1RC_1RD0LC_0LB1LC	A	4	2	64
1RB0LB_1LA1RC_1RD1LC_0LC0LB	A	4	2	64
1RB0LB_1LA1RC_1RD1LC_0LC1RD	B	5	2	64
1RB0LB_1LA1RC_1RD1LC_1LB0LB	A	4	2	256
1RB0LB_1LA1RC_1RD1LC_1LB1RD	A	4	2	64
1RB0LB_1LA1RC_1RD1LC_1LC0LB	A	4	2	64
1RB0LB_1LA1RC_1RD1LC_1LC1RD	B	5	2	256
1RB0LB_1LC0LC_1RD0RA_0RB1LD	A	3	2	256
1RB0LB_1LC0LC_1RD1RA_0RB1LD	A	3	2	64
1RB0LB_1LC1LB_0RD0RA_1LB1RD	A	3	2	64
1RB0LB_1LC1LB_0RD1RA_1LB1RD	A	3	2	64
1RB0LB_1LC1LB_1RD0RA_0LB1RD	A	3	2	256
1RB0LB_1LC1LB_1RD0RA_1LB1RD	A	3	2	256
1RB0LB_1LC1LB_1RD1RA_0LB1RD	A	3	2	256
1RB0LB_1LC1LB_1RD1RA_1LB1RD	A	3	2	64
1RB0LB_1LC1LD_0LD0RA_1RD0RB	A	3	2	64
1RB0LB_1LC1LD_0LD1RA_1RD0RB	A	3	2	64
1RB0LB_1LC1LD_1RD0RA_0LB0RC	A	3	3	64
1RB0LB_1LC1LD_1RD1RA_0LB0RC	A	3	3	256
1RB0LB_1RC0RC_1LA1LD_1LB1RD	A	6	2	64
1RB0LB_1RC1LA_0LD0RB_0RB1LC	A	8	2	256
1RB0LB_1RC1LA_0LD0RB_1LB1LC	A	8	3	64
1RB0LB_1RC1LB_0LA0RD_1LD1LB	A	3	2	256
1RB0LB_1RC1LB_0LA1LD_1LB1RD	A	3	2	64
1RB0LB_1RC1LB_0LA1RD_1LB1RD	A	3	2	64
1RB0LB_1RC1LB_1LA0RD_1LD1LB	A	3	2	64
1RB0LB_1RC1LB_1LA1LD_1LB1RD	A	3	2	256
1RB0LB_1RC1LB_1LA1RD_1LB1RD	A	3	2	256
1RB0LC_0LA---_1LD1RC_1RC1LD	B	1	2	64
1RB0LC_0LA---_1RD1LC_1LC1RD	B	1	2	64
1RB0LC_0LA1LC_1LD1RC_0RC0RB	A	2	2	1024
1RB0LC_0LA1LC_1LD1RC_1RB0RB	A	2	2	256
1RB0LC_0LA1LC_1LD1RC_1RB1LD	A	2	2	64
1RB0LC_0LA1LC_1LD1RC_1RC0RB	A	2	2	1024
1RB0LC_0LA1LC_1RD1LC_1LB1RD	A	2	2	64
1RB0LC_0LA1LD_0RD0RB_1LC1RD	A	2	2	1024
1RB0LC_0LA1LD_1RD0RB_1LC1RD	A	2	2	256
1RB0LC_0LA1RC_1LD1RC_1RB1LD	A	2	2	64
1RB0LC_0LA1RC_1RD1LC_0LC0LB	A	2	2	1024
1RB0LC_0LA1RC_1RD1LC_1LB0LB	A	2	2	256
1RB0LC_0LA1RC_1RD1LC_1LB1RD	A	2	2	64
1RB0LC_0LA1RC_1RD1LC_1LC0LB	A	2	2	1024
1RB0LC_0LA1RD_0LD0LB_1RC1LD	A	2	2	1024
1RB0LC_0LA1RD_1LD0LB_1RC1LD	A	2	2	256
1RB0LC_0LB1LA_0LD1RC_1RC1LD	B	4	2	256
1RB0LC_0LB1LA_1LD1RC_1RC1LD	B	4	2	64
1RB0LC_0LB1LA_1RC1RD_1LA1RD	B	4	2	256
1RB0LC_0LB1LA_1RD1LC_0LC1RD	B	4	2	256
1RB0LC_0LB1LA_1RD1LC_1LC1RD	B	4	2	64
1RB0LC_0LB1LC_1RC1RD_1LA1RD	B	2	2	64
1RB0LC_0LB1LC_1RD0RC_1LA0RC	B	2	2	256
1RB0LC_0LB1RC_1RD0RC_1LA0RC	B	2	2	256
1RB0LC_0LC---_1RC1RD_1LA1RD	B	1	2	256
1RB0LC_0RC---_1RD0RC_1LA0RC	B	1	2	256
1RB0LC_0RC0RA_1LD1RC_1LB1LD	A	5	2	256
1RB0LC_0RC1LA_0LD1RC_1LB1LD	A	7	2	64
1RB0LC_0RC1LA_1LD1RC_1LB1LD	A	7	2	256
1RB0LC_0RC1LB_1LD1RC_0LA1RB	A	7	2	256
1RB0LC_0RC1LB_1LD1RC_1LA1LB	A	7	2	256
1RB0LC_0RC1LB_1LD1RC_1LA1RB	A	7	2	1024
1RB0LC_0RC1LB_1LD1RC_1RA1LB	A	4	2	64
1RB0LC_0RC1LB_1LD1RC_1RA1RB	A	4	2	256
1RB0LC_0RC1RA_1LD1RC_1LB1LD	A	5	2	1024
1RB0LC_1LA---_1LD1RC_0RC1LD	B	1	2	64
1RB0LC_1LA---_1LD1RC_1RC1LD	B	1	2	256
1RB0LC_1LA---_1RC1RD_1LA1RD	B	1	2	64
1RB0LC_1LA---_1RD1LC_1LC1RD	B	1	2	256
1RB0LC_1LA0LC_1RC1RD_1LB1RD	A	2	2	64
1RB0LC_1LA0LD_1LB0RD_1RC0RD	A	5	2	64
1RB0LC_1LA0LD_1LB1RC_1RD1RC	A	5	2	1024
1RB0LC_1LA0RC_1LD0LC_1RB0LC	A	2	2	256
1RB0LC_1LA1LC_0RD1LC_1LB1RD	A	6	2	256
1RB0LC_1LA1LC_1LD1RC_0RC0RB	A	2	2	256
1RB0LC_1LA1LC_1LD1RC_1RB0RB	A	2	2	256
1RB0LC_1LA1LC_1LD1RC_1RB1LD	A	2	2	256
1RB0LC_1LA1LC_1LD1RC_1RC0RB	A	2	2	1024
1RB0LC_1LA1LC_1RD1LC_1LB1RD	A	2	2	256
1RB0LC_1LA1LD_0RD0RB_1LC1RD	A	2	2	1024
1RB0LC_1LA1LD_1LB1RC_0RC1LD	A	5	2	1024
1RB0LC_1LA1LD_1LB1RC_1RC1LD	A	5	2	256
1RB0LC_1LA1LD_1RD0RB_1LC1RD	A	2	2	256
1RB0LC_1LA1RC_0RD1LC_1LB1RD	A	6	2	1024
1RB0LC_1LA1RC_1LD1RC_0RB1LD	A	2	2	64
1RB0LC_1LA1RC_1LD1RC_1RB1LD	A	2	2	256
1RB0LC_1LA1RC_1RD0LC_0LB1LC	A	2	2	64
1RB0LC_1LA1RC_1RD1LC_0LC0LB	A	2	2	1024
1RB0LC_1LA1RC_1RD1LC_1LB0LB	A	2	2	64
1RB0LC_1LA1RC_1RD1LC_1LB1RD	A	2	2	256
1RB0LC_1LA1RC_1RD1LC_1LC0LB	A	2	2	1024
1RB0LC_1LA1RD_0LB1LD_1RC0LD	A	5	2	256
1RB0LC_1LA1RD_0LD0LB_1RC1LD	A	2	2	1024
1RB0LC_1LA1RD_0RB1LC_1LC1RD	A	5	2	256
1RB0LC_1LA1RD_0RB1LD_1LC0RD	A	5	2	256
1RB0LC_1LA1RD_1LB0LB_1RC1LD	A	5	2	1024
1RB0LC_1LA1RD_1LB1RC_0RC1LD	A	5	2	64
1RB0LC_1LA1RD_1LB1RC_1RC1LD	A	5	2	64
1RB0LC_1LA1RD_1LD0LB_1RC1LD	A	2	2	64
1RB0LC_1LB0LC_1RC1RD_1LA1RD	B	2	2	64
1RB0LC_1LB0RA_0LD1RC_1RC1LD	B	2	2	64
1RB0LC_1LB0RA_0RD1LC_1LC1RD	B	2	2	64
1RB0LC_1LB0RA_1LD1RC_1RC1LD	B	2	2	64
1RB0LC_1LB0RA_1RD1LC_1LC1RD	B	2	2	64
1RB0LC_1LB0RC_1RC1RD_1LA1RD	B	2	2	256
1RB0LC_1LB1LA_0LD1RC_1RC1LD	B	4	2	64
1RB0LC_1LB1LA_0RD1LC_1LC1RD	B	4	2	64
1RB0LC_1LB1LA_1LD1RC_0RC1LD	B	4	2	256
1RB0LC_1LB1LA_1LD1RC_1RC1LD	B	4	2	256
1RB0LC_1LB1LA_1RC1RD_1LA1RD	B	4	2	64
1RB0LC_1LB1LA_1RD1LC_0LC1RD	B	4	2	64
1RB0LC_1LB1LA_1RD1LC_1LC1RD	B	4	2	256
1RB0LC_1LB1LC_1RC1RD_1LA1RD	B	2	2	64
1RB0LC_1LB1LC_1RD0RC_1LA0RC	B	2	2	256
1RB0LC_1LB1RA_1LD1RC_1RC1LD	B	2	2	64
1RB0LC_1LB1RA_1RC1RD_1LA1RD	B	2	2	256
1RB0LC_1LB1RA_1RD1LC_1LC1RD	B	2	2	64
1RB0LC_1LB1RC_1RC1RD_1LA1RD	B	2	2	64
1RB0LC_1LB1RC_1RD0RC_1LA0RC	B	2	2	256
1RB0LC_1LC---_1RC1RD_1LA1RD	B	1	2	64
1RB0LC_1LC0LC_1RD0RA_0RB1LD	A	3	2	64
1RB0LC_1LC1LB_0RD0RA_1LB1RD	A	3	2	64
1RB0LC_1LC1LB_1RD0RA_0LB1RD	A	3	2	256
1RB0LC_1LC1LB_1RD0RA_1LB1RD	A	3	2	64
1RB0LC_1LC1LD_1RD0RA_0LB0RC	A	3	3	64
1RB0LC_1RC---_1RD0RC_1LA0RC	B	1	2	64
1RB0LC_1RC0LD_1LA0RD_1LB0LD	A	3	2	256
1RB0LC_1RC0RC_0LA1LD_1LB1RD	A	3	2	64
1RB0LC_1RC0RC_1LA1LD_1LB1RD	A	3	2	1024
1RB0LC_1RC1LA_0LD0RB_0RB1LC	A	8	2	1024
1RB0LC_1RC1LA_0LD0RB_1LB1LC	A	8	3	256
1RB0LC_1RC1LB_0LA1LD_1LB1RD	A	3	2	1024
1RB0LC_1RC1LB_0LA1RD_1LB1RD	A	3	2	64
1RB0LC_1RC1LB_1LA1LD_1LB1RD	A	3	2	64
1RB0LC_1RC1LB_1LA1RD_1LB1RD	A	3	2	1024
1RB0LD_0LB0LC_1LA1RC_1RD1RC	B	5	2	1024
1RB0LD_0LB1LC_1LA1RC_1RD1RC	B	5	2	256
1RB0LD_0LB1RC_1LA1RC_1RD1RC	B	2	2	256
1RB0LD_0LC---_1LA1RC_1RD1RC	B	1	2	256
1RB0LD_0LC0RD_---1LD_1LA0LD	C	2	2	256
1RB0LD_0LC0RD_---1RD_1LA0LD	C	2	2	256
1RB0LD_0LC0RD_0LD1LC_1LA0LD	C	3	2	256
1RB0LD_0LC0RD_0RD1LB_1LA0LD	C	4	2	256
1RB0LD_0LC0RD_1LA1LB_1LA0LD	C	4	2	256
1RB0LD_0LC0RD_1LA1LC_1LA0LD	C	3	2	256
1RB0LD_0LC0RD_1LA1RC_1LA0LD	C	3	2	256
1RB0LD_0LC0RD_1LD0LB_1LA0LD	C	4	2	256
1RB0LD_0LC0RD_1LD0LC_1LA0LD	C	3	2	256
1RB0LD_0LC0RD_1LD0RB_1LA0LD	C	4	2	256
1RB0LD_0LC0RD_1LD0RC_1LA0LD	C	3	2	256
1RB0LD_0LC0RD_1LD1LB_1LA0LD	C	4	2	64
1RB0LD_0LC0RD_1LD1LC_1LA0LD	C	3	2	64
1RB0LD_0LC0RD_1LD1RC_1LA0LD	C	3	2	256
1RB0LD_0LC0RD_1RC1LB_1LA0LD	C	6	2	256
1RB0LD_0LC0RD_1RD0LB_1LA0LD	C	4	2	256
1RB0LD_0LC0RD_1RD0LC_1LA0LD	C	3	2	256
1RB0LD_0LC0RD_1RD0RB_1LA0LD	C	4	2	256
1RB0LD_0LC0RD_1RD0RC_1LA0LD	C	3	2	256
1RB0LD_0LC0RD_1RD1LB_1LA0LD	C	4	2	64
1RB0LD_0LC0RD_1RD1RC_1LA0LD	C	3	2	256
1RB0LD_0RC0LA_1LA1RC_1RD1RC	B	4	2	1024
1RB0LD_0RC0LC_1LA0RD_1RC0RD	B	4	2	256
1RB0LD_0RC0LC_1LA1RC_1RD1RC	B	4	2	64
1RB0LD_0RC0LD_1LA0RD_1RC0RD	B	4	2	256
1RB0LD_0RC0LD_1LA1RC_1RD1RC	B	4	2	64
1RB0LD_0RC0RA_1LD1RC_1LB1LD	A	5	2	64
1RB0LD_0RC0RD_0LC1LD_1LA0LD	C	4	2	256
1RB0LD_0RC0RD_0LC1RD_1LA0LD	C	4	2	256
1RB0LD_0RC0RD_0LD---_1LA0LD	C	2	2	256
1RB0LD_0RC0RD_1LA0RD_1RC0RD	B	4	2	64
1RB0LD_0RC0RD_1LB0LD_1LA0LD	C	4	2	256
1RB0LD_0RC0RD_1LB1LC_1LA0LD	C	5	2	256
1RB0LD_0RC0RD_1LB1LD_1LA0LD	C	4	2	64
1RB0LD_0RC0RD_1LB1RD_1LA0LD	C	4	2	64
1RB0LD_0RC0RD_1LC0LA_1LA0LD	C	15	2	64
1RB0LD_0RC0RD_1LC0LD_1LA0LD	C	4	2	64
1RB0LD_0RC0RD_1LC0RA_1LA0LD	C	4	2	256
1RB0LD_0RC0RD_1LC0RD_1LA0LD	C	4	2	256
1RB0LD_0RC0RD_1LC1LA_1LA0LD	C	4	2	64
1RB0LD_0RC0RD_1LC1LD_1LA0LD	C	4	2	64
1RB0LD_0RC0RD_1LC1RA_1LA0LD	C	4	2	256
1RB0LD_0RC0RD_1LC1RB_1LA0LD	C	4	2	256
1RB0LD_0RC0RD_1LC1RD_1LA0LD	C	4	2	256
1RB0LD_0RC0RD_1LD---_1LA0LD	C	2	2	64
1RB0LD_0RC0RD_1RD---_1LA0LD	C	2	2	64
1RB0LD_0RC1LA_0LD1RC_1LB1LD	A	7	2	64
1RB0LD_0RC1LA_1LA0RD_1RC0RD	B	4	2	256
1RB0LD_0RC1LA_1LA1RC_1RD1RC	B	4	2	64
1RB0LD_0RC1LA_1LD1RC_1LB1LD	A	7	2	64
1RB0LD_0RC1LB_1LA1RC_1RD1RC	B	7	2	256
1RB0LD_0RC1LB_1LD1RC_1LA1LB	A	6	2	1024
1RB0LD_0RC1LB_1LD1RC_1LA1RB	A	6	2	256
1RB0LD_0RC1LC_1LA0RD_1RC0RD	B	4	2	256
1RB0LD_0RC1LC_1LA1RC_1RD1RC	B	4	2	64
1RB0LD_0RC1LD_1LA0RD_1RC0RD	B	4	2	256
1RB0LD_0RC1LD_1LA1RC_1RD1RC	B	4	2	64
1RB0LD_0RC1RA_1LD1RC_1LB1LD	A	5	2	256
1RB0LD_0RC1RC_1LA0RD_1RC0RD	B	4	2	64
1RB0LD_0RC1RC_1LA1RC_1RD1RC	B	4	2	64
1RB0LD_0RC1RD_1LA0RD_1RC0RD	B	4	2	64
1RB0LD_1LB0LC_1LA1RC_1RD1RC	B	5	2	64
1RB0LD_1LB0RC_1LA1RC_1RD1RC	B	2	2	256
1RB0LD_1LB1LC_1LA1RC_1RD1RC	B	5	2	64
1RB0LD_1LB1RC_1LA0RD_1RC0RD	B	2	2	256
1RB0LD_1LB1RC_1LA1RC_1RD1RC	B	2	2	64
1RB0LD_1LC---_1LA1RC_1RD1RC	B	1	2	64
1RB0LD_1LC0LC_1RD0RA_0RB1LD	A	3	2	256
1RB0LD_1LC0LC_1RD1RA_0RB1LD	A	3	2	256
1RB0LD_1LC0RB_0LD1RA_0RB1RD	A	3	2	256
1RB0LD_1LC0RD_---0LD_1LA0LD	C	2	2	256
1RB0LD_1LC0RD_---1LA_1LA0LD	C	2	2	256
1RB0LD_1LC0RD_---1LD_1LA0LD	C	2	2	64
1RB0LD_1LC0RD_0LD0LB_1LA0LD	C	4	2	64
1RB0LD_1LC0RD_0LD0LC_1LA0LD	C	3	2	64
1RB0LD_1LC0RD_0LD1LB_1LA0LD	C	4	2	64
1RB0LD_1LC0RD_0LD1LC_1LA0LD	C	3	2	64
1RB0LD_1LC0RD_0RA0LB_1LA0LD	C	4	2	256
1RB0LD_1LC0RD_0RA1LB_1LA0LD	C	4	2	64
1RB0LD_1LC0RD_0RA1LC_1LA0LD	C	3	2	256
1RB0LD_1LC0RD_0RB0LB_1LA0LD	C	4	2	64
1RB0LD_1LC0RD_0RB1LB_1LA0LD	C	4	2	256
1RB0LD_1LC0RD_0RD0LB_1LA0LD	C	4	2	256
1RB0LD_1LC0RD_0RD0LC_1LA0LD	C	3	2	256
1RB0LD_1LC0RD_0RD1LB_1LA0LD	C	4	2	64
1RB0LD_1LC0RD_0RD1LC_1LA0LD	C	3	2	256
1RB0LD_1LC0RD_1LA0LB_1LA0LD	C	4	2	64
1RB0LD_1LC0RD_1LA0LC_1LA0LD	C	3	2	256
1RB0LD_1LC0RD_1LA1LB_1LA0LD	C	4	2	64
1RB0LD_1LC0RD_1LA1LC_1LA0LD	C	3	2	64
1RB0LD_1LC0RD_1LA1RC_1LA0LD	C	4	2	256
1RB0LD_1LC0RD_1LB1RC_1LA0LD	C	4	2	256
1RB0LD_1LC0RD_1LD0LB_1LA0LD	C	4	2	64
1RB0LD_1LC0RD_1LD0LC_1LA0LD	C	3	2	64
1RB0LD_1LC0RD_1LD0RC_1LA0LD	C	4	2	256
1RB0LD_1LC0RD_1LD1LB_1LA0LD	C	4	2	64
1RB0LD_1LC0RD_1LD1LC_1LA0LD	C	3	2	64
1RB0LD_1LC0RD_1LD1RC_1LA0LD	C	4	2	256
1RB0LD_1LC0RD_1RA0LB_1LA0LD	C	4	2	256
1RB0LD_1LC0RD_1RA1LB_1LA0LD	C	4	2	256
1RB0LD_1LC0RD_1RA1LC_1LA0LD	C	3	2	256
1RB0LD_1LC0RD_1RB0LB_1LA0LD	C	4	2	256
1RB0LD_1LC0RD_1RB1LB_1LA0LD	C	4	2	64
1RB0LD_1LC0RD_1RB1LC_1LA0LD	C	3	2	256
1RB0LD_1LC0RD_1RC0LB_1LA0LD	C	5	2	256
1RB0LD_1LC0RD_1RC1LB_1LA0LD	C	5	2	64
1RB0LD_1LC0RD_1RD0LB_1LA0LD	C	4	2	256
1RB0LD_1LC0RD_1RD0LC_1LA0LD	C	3	2	64
1RB0LD_1LC0RD_1RD0RC_1LA0LD	C	4	2	256
1RB0LD_1LC0RD_1RD1LB_1LA0LD	C	4	2	256
1RB0LD_1LC0RD_1RD1LC_1LA0LD	C	3	2	256
1RB0LD_1LC0RD_1RD1RC_1LA0LD	C	4	2	256
1RB0LD_1LC1LB_0RD0RA_1LB1RD	A	3	2	64
1RB0LD_1LC1LB_0RD1RA_1LB1RD	A	3	2	1024
1RB0LD_1LC1LB_1RD0RA_0LB1RD	A	3	2	256
1RB0LD_1LC1LB_1RD0RA_1LB1RD	A	3	2	64
1RB0LD_1LC1LB_1RD1RA_0LB1RD	A	3	2	256
1RB0LD_1LC1LB_1RD1RA_1LB1RD	A	3	2	64
1RB0LD_1LC1LD_0LD1RA_1RD0RB	A	3	2	64
1RB0LD_1LC1LD_1RD0RA_0LB0RC	A	3	3	64
1RB0LD_1LC1LD_1RD1RA_0LB0RC	A	3	3	64
1RB0LD_1RC---_1LA0RD_1RC0RD	B	1	2	256
1RB0LD_1RC---_1LA1RC_1RD1RC	B	1	2	64
1RB0LD_1RC0RC_0LA1LD_1LB1RD	A	3	2	256
1RB0LD_1RC0RC_1LA1LD_1LB1RD	A	3	2	256
1RB0LD_1RC0RD_0LC1LA_1LA0LD	C	3	2	256
1RB0LD_1RC0RD_0LC1LD_1LA0LD	C	3	2	256
1RB0LD_1RC0RD_0LC1RD_1LA0LD	C	3	2	256
1RB0LD_1RC0RD_1LB---_1LA0LD	C	2	2	256
1RB0LD_1RC0RD_1LC0LB_1LA0LD	C	3	2	256
1RB0LD_1RC0RD_1LC0RA_1LA0LD	C	3	2	256
1RB0LD_1RC0RD_1LC0RD_1LA0LD	C	3	2	256
1RB0LD_1RC0RD_1LC1LA_1LA0LD	C	3	2	64
1RB0LD_1RC0RD_1LC1LB_1LA0LD	C	3	2	256
1RB0LD_1RC0RD_1LC1LD_1LA0LD	C	3	2	64
1RB0LD_1RC0RD_1RD---_1LA0LD	C	2	2	256
1RB0LD_1RC1LA_0LD0RB_0RB1LC	A	8	2	64
1RB0LD_1RC1LA_0LD0RB_1LB1LC	A	8	3	64
1RB0LD_1RC1LB_0LA0RD_1LD1LB	A	3	2	256
1RB0LD_1RC1LB_0LA1LD_1LB1RD	A	3	2	1024
1RB0LD_1RC1LB_0LA1RD_1LB1RD	A	3	2	64
1RB0LD_1RC1LB_1LA0RD_1LD1LB	A	3	2	64
1RB0LD_1RC1LB_1LA1LD_1LB1RD	A	3	2	256
1RB0LD_1RC1LB_1LA1RD_1LB1RD	A	3	2	1024
1RB0RA_0RC1LB_1LD1RC_0LA1RB	A	5	2	64
1RB0RB_0LC1LD_---0LD_1LA1RD	C	2	2	256
1RB0RB_0LC1LD_---0RD_1LA1RD	C	2	2	256
1RB0RB_0LC1LD_---1LA_1LA1RD	C	2	2	256
1RB0RB_0LC1LD_---1LD_1LA1RD	C	2	2	256
1RB0RB_0LC1LD_---1RD_1LA1RD	C	2	2	64
1RB0RB_0LC1LD_0LB1RC_1LA1RD	C	3	2	64
1RB0RB_0LC1LD_0LD0LB_1LA1RD	C	4	2	256
1RB0RB_0LC1LD_0LD0LC_1LA1RD	C	3	2	256
1RB0RB_0LC1LD_0LD0RB_1LA1RD	C	4	2	256
1RB0RB_0LC1LD_0LD0RC_1LA1RD	C	3	2	256
1RB0RB_0LC1LD_0LD1LB_1LA1RD	C	4	2	256
1RB0RB_0LC1LD_0LD1LC_1LA1RD	C	3	2	256
1RB0RB_0LC1LD_0LD1RC_1LA1RD	C	3	2	256
1RB0RB_0LC1LD_0RA1LB_1LA1RD	C	4	2	256
1RB0RB_0LC1LD_0RB1LC_1LA1RD	C	3	2	64
1RB0RB_0LC1LD_0RD0LB_1LA1RD	C	4	2	256
1RB0RB_0LC1LD_0RD0LC_1LA1RD	C	3	2	256
1RB0RB_0LC1LD_0RD0RB_1LA1RD	C	4	2	256
1RB0RB_0LC1LD_0RD0RC_1LA1RD	C	3	2	256
1RB0RB_0LC1LD_0RD1LB_1LA1RD	C	4	2	64
1RB0RB_0LC1LD_0RD1LC_1LA1RD	C	3	2	256
1RB0RB_0LC1LD_0RD1RC_1LA1RD	C	3	2	256
1RB0RB_0LC1LD_1LA0LB_1LA1RD	C	4	2	256
1RB0RB_0LC1LD_1LA0LC_1LA1RD	C	3	2	256
1RB0RB_0LC1LD_1LA0RB_1LA1RD	C	4	2	256
1RB0RB_0LC1LD_1LA0RC_1LA1RD	C	3	2	256
1RB0RB_0LC1LD_1LA1LB_1LA1RD	C	4	2	256
1RB0RB_0LC1LD_1LA1LC_1LA1RD	C	3	2	256
1RB0RB_0LC1LD_1LA1RC_1LA1RD	C	3	2	64
1RB0RB_0LC1LD_1LB1RC_1LA1RD	C	3	2	1024
1RB0RB_0LC1LD_1LD0LB_1LA1RD	C	4	2	64
1RB0RB_0LC1LD_1LD0LC_1LA1RD	C	3	2	64
1RB0RB_0LC1LD_1LD0RB_1LA1RD	C	4	2	64
1RB0RB_0LC1LD_1LD0RC_1LA1RD	C	3	2	64
1RB0RB_0LC1LD_1LD1LB_1LA1RD	C	4	2	1024
1RB0RB_0LC1LD_1LD1LC_1LA1RD	C	3	2	1024
1RB0RB_0LC1LD_1LD1RC_1LA1RD	C	3	2	64
1RB0RB_0LC1LD_1RA0LB_1LA1RD	C	7	2	64
1RB0RB_0LC1LD_1RA1LB_1LA1RD	C	4	2	256
1RB0RB_0LC1LD_1RA1LC_1LA1RD	C	12	2	256
1RB0RB_0LC1LD_1RB1LC_1LA1RD	C	3	2	256
1RB0RB_0LC1LD_1RC1LB_1LA1RD	C	6	2	64
1RB0RB_0LC1LD_1RD0LB_1LA1RD	C	4	2	256
1RB0RB_0LC1LD_1RD0LC_1LA1RD	C	3	2	64
1RB0RB_0LC1LD_1RD0RB_1LA1RD	C	4	2	256
1RB0RB_0LC1LD_1RD0RC_1LA1RD	C	3	2	64
1RB0RB_0LC1LD_1RD1LB_1LA1RD	C	4	2	256
1RB0RB_0LC1LD_1RD1LC_1LA1RD	C	3	2	64
1RB0RB_0LC1LD_1RD1RC_1LA1RD	C	3	2	256
1RB0RB_0RC0RA_0LD1RC_1LB1LD	A	5	2	256
1RB0RB_0RC1LB_1LD1RC_1LA1RB	A	4	2	256
1RB0RB_0RC1LD_0LC0LD_1LA1RD	C	4	2	256
1RB0RB_0RC1LD_0LC0RD_1LA1RD	C	4	2	256
1RB0RB_0RC1LD_0LC1LA_1LA1RD	C	4	2	256
1RB0RB_0RC1LD_0LC1LD_1LA1RD	C	4	2	64
1RB0RB_0RC1LD_0LC1RD_1LA1RD	C	4	2	256
1RB0RB_0RC1LD_0LD---_1LA1RD	C	2	2	64
1RB0RB_0RC1LD_0RD---_1LA1RD	C	2	2	256
1RB0RB_0RC1LD_1LA---_1LA1RD	C	2	2	256
1RB0RB_0RC1LD_1LB0LC_1LA1RD	C	5	2	256
1RB0RB_0RC1LD_1LB0LD_1LA1RD	C	4	2	256
1RB0RB_0RC1LD_1LB0RD_1LA1RD	C	4	2	256
1RB0RB_0RC1LD_1LB1LA_1LA1RD	C	4	2	256
1RB0RB_0RC1LD_1LB1LC_1LA1RD	C	5	2	256
1RB0RB_0RC1LD_1LB1LD_1LA1RD	C	4	2	256
1RB0RB_0RC1LD_1LB1RC_1LA1RD	C	5	2	256
1RB0RB_0RC1LD_1LB1RD_1LA1RD	C	4	2	256
1RB0RB_0RC1LD_1LC0LD_1LA1RD	C	4	2	64
1RB0RB_0RC1LD_1LC0RA_1LA1RD	C	4	2	64
1RB0RB_0RC1LD_1LC0RB_1LA1RD	C	4	2	1024
1RB0RB_0RC1LD_1LC0RD_1LA1RD	C	4	2	256
1RB0RB_0RC1LD_1LC1LA_1LA1RD	C	4	2	1024
1RB0RB_0RC1LD_1LC1LD_1LA1RD	C	4	2	256
1RB0RB_0RC1LD_1LC1RA_1LA1RD	C	4	2	256
1RB0RB_0RC1LD_1LC1RB_1LA1RD	C	4	2	256
1RB0RB_0RC1LD_1LC1RD_1LA1RD	C	4	2	256
1RB0RB_0RC1LD_1LD---_1LA1RD	C	2	2	1024
1RB0RB_0RC1LD_1RD---_1LA1RD	C	2	2	1024
1RB0RB_1LA0LC_0LD1RC_1RC1LD	B	3	2	64
1RB0RB_1LA0LC_0RD1LC_1LC1RD	B	3	2	64
1RB0RB_1LA0LC_1LD1RC_1RC1LD	B	3	2	64
1RB0RB_1LA0LC_1RD1LC_1LC1RD	B	3	2	64
1RB0RB_1LA0RC_0LD1RC_1RC1LD	B	3	2	64
1RB0RB_1LA0RC_0RD1LC_1LC1RD	B	3	2	64
1RB0RB_1LA0RC_1LD1RC_1RC1LD	B	3	2	64
1RB0RB_1LA0RC_1RD1LC_1LC1RD	B	3	2	64
1RB0RB_1LA1LC_0LD1RC_1RC1LD	B	3	2	64
1RB0RB_1LA1LC_1LD1RC_0RC0RB	A	2	2	1024
1RB0RB_1LA1LC_1LD1RC_1RB0RB	A	2	2	64
1RB0RB_1LA1LC_1LD1RC_1RB1LD	A	2	2	256
1RB0RB_1LA1LC_1LD1RC_1RC0RB	A	2	2	256
1RB0RB_1LA1LC_1LD1RC_1RC1LD	B	3	2	64
1RB0RB_1LA1LC_1RD1LC_1LB1RD	A	2	2	64
1RB0RB_1LA1LC_1RD1LC_1LC1RD	B	3	2	64
1RB0RB_1LA1RC_0RD1LC_1LC1RD	B	3	2	64
1RB0RB_1LA1RC_1LD1RC_1RB1LD	A	2	2	64
1RB0RB_1LA1RC_1LD1RC_1RC1LD	B	3	2	64
1RB0RB_1LA1RC_1RD1LC_0LC0LB	A	2	2	1024
1RB0RB_1LA1RC_1RD1LC_1LB0LB	A	2	2	64
1RB0RB_1LA1RC_1RD1LC_1LB1RD	A	2	2	256
1RB0RB_1LA1RC_1RD1LC_1LC0LB	A	2	2	256
1RB0RB_1LA1RC_1RD1LC_1LC1RD	B	3	2	64
1RB0RB_1LC0LC_1RD0RA_0RB1LD	A	3	2	256
1RB0RB_1LC0LC_1RD1RA_0RB1LD	A	3	2	256
1RB0RB_1LC0RB_0LD1RA_0RB1RD	A	3	2	256
1RB0RB_1LC0RB_0LD1RA_1RD0RB	A	3	2	1024
1RB0RB_1LC1LB_0RD0RA_1LB1RD	A	3	2	64
1RB0RB_1LC1LB_1RD0RA_0LB1RD	A	3	2	256
1RB0RB_1LC1LB_1RD0RA_1LB1RD	A	3	2	256
1RB0RB_1LC1LB_1RD1RA_0LB1RD	A	3	2	64
1RB0RB_1LC1LB_1RD1RA_1LB1RD	A	3	2	64
1RB0RB_1LC1LD_---0LD_1LA1RD	C	2	2	256
1RB0RB_1LC1LD_---0RB_1LA1RD	C	2	2	64
1RB0RB_1LC1LD_---0RD_1LA1RD	C	2	2	64
1RB0RB_1LC1LD_---1LA_1LA1RD	C	2	2	64
1RB0RB_1LC1LD_---1LD_1LA1RD	C	2	2	1024
1RB0RB_1LC1LD_---1RB_1LA1RD	C	2	2	64
1RB0RB_1LC1LD_---1RD_1LA1RD	C	2	2	256
1RB0RB_1LC1LD_0LA0RA_1LA1RD	C	8	2	256
1RB0RB_1LC1LD_0LA1RA_1LA1RD	C	11	2	64
1RB0RB_1LC1LD_0LB1RA_1LA1RD	C	5	2	1024
1RB0RB_1LC1LD_0LB1RC_1LA1RD	C	4	2	256
1RB0RB_1LC1LD_0LC1RA_1LA1RD	C	6	2	64
1RB0RB_1LC1LD_0LD0LB_1LA1RD	C	4	2	64
1RB0RB_1LC1LD_0LD0LC_1LA1RD	C	3	2	256
1RB0RB_1LC1LD_0LD0RA_1LA1RD	C	5	2	64
1RB0RB_1LC1LD_0LD0RA_1RD0RB	A	3	2	64
1RB0RB_1LC1LD_0LD0RC_1LA1RD	C	4	2	256
1RB0RB_1LC1LD_0LD1LB_1LA1RD	C	4	2	1024
1RB0RB_1LC1LD_0LD1LC_1LA1RD	C	3	2	64
1RB0RB_1LC1LD_0LD1RA_1LA1RD	C	5	2	256
1RB0RB_1LC1LD_0LD1RA_1RD0RB	A	3	2	1024
1RB0RB_1LC1LD_0LD1RC_1LA1RD	C	4	2	64
1RB0RB_1LC1LD_0RA0LB_1LA1RD	C	7	2	256
1RB0RB_1LC1LD_0RA0LC_1LA1RD	C	3	2	256
1RB0RB_1LC1LD_0RA1LB_1LA1RD	C	4	2	256
1RB0RB_1LC1LD_0RA1LC_1LA1RD	C	3	2	64
1RB0RB_1LC1LD_0RB0LB_1LA1RD	C	4	2	1024
1RB0RB_1LC1LD_0RB0LC_1LA1RD	C	5	2	256
1RB0RB_1LC1LD_0RB0RA_1LA1RD	C	5	2	64
1RB0RB_1LC1LD_0RB0RC_1LA1RD	C	6	2	256
1RB0RB_1LC1LD_0RB1LB_1LA1RD	C	4	2	1024
1RB0RB_1LC1LD_0RB1LC_1LA1RD	C	3	2	1024
1RB0RB_1LC1LD_0RB1RA_1LA1RD	C	5	2	256
1RB0RB_1LC1LD_0RB1RC_1LA1RD	C	6	2	256
1RB0RB_1LC1LD_0RD0LB_1LA1RD	C	4	2	256
1RB0RB_1LC1LD_0RD0LC_1LA1RD	C	3	2	64
1RB0RB_1LC1LD_0RD0RA_1LA1RD	C	5	2	256
1RB0RB_1LC1LD_0RD0RC_1LA1RD	C	4	2	256
1RB0RB_1LC1LD_0RD1LB_1LA1RD	C	4	2	64
1RB0RB_1LC1LD_0RD1LC_1LA1RD	C	3	2	64
1RB0RB_1LC1LD_0RD1RA_1LA1RD	C	5	2	256
1RB0RB_1LC1LD_0RD1RC_1LA1RD	C	4	2	1024
1RB0RB_1LC1LD_1LA0LB_1LA1RD	C	4	2	64
1RB0RB_1LC1LD_1LA0LC_1LA1RD	C	3	2	256
1RB0RB_1LC1LD_1LA0RA_1LA1RD	C	5	2	64
1RB0RB_1LC1LD_1LA0RC_1LA1RD	C	4	2	256
1RB0RB_1LC1LD_1LA1LB_1LA1RD	C	4	2	64
1RB0RB_1LC1LD_1LA1LC_1LA1RD	C	3	2	1024
1RB0RB_1LC1LD_1LA1RA_1LA1RD	C	5	2	256
1RB0RB_1LC1LD_1LA1RC_1LA1RD	C	4	2	256
1RB0RB_1LC1LD_1LB1RA_1LA1RD	C	5	2	256
1RB0RB_1LC1LD_1LB1RC_1LA1RD	C	4	2	256
1RB0RB_1LC1LD_1LC1RA_1LA1RD	C	6	2	64
1RB0RB_1LC1LD_1LD0LB_1LA1RD	C	4	2	1024
1RB0RB_1LC1LD_1LD0LC_1LA1RD	C	3	2	64
1RB0RB_1LC1LD_1LD0RA_1LA1RD	C	5	2	1024
1RB0RB_1LC1LD_1LD0RC_1LA1RD	C	4	2	64
1RB0RB_1LC1LD_1LD1LB_1LA1RD	C	4	2	256
1RB0RB_1LC1LD_1LD1LC_1LA1RD	C	3	2	64
1RB0RB_1LC1LD_1LD1RA_1LA1RD	C	5	2	256
1RB0RB_1LC1LD_1LD1RC_1LA1RD	C	4	2	256
1RB0RB_1LC1LD_1RA0LB_1LA1RD	C	7	2	256
1RB0RB_1LC1LD_1RA0LC_1LA1RD	C	3	2	64
1RB0RB_1LC1LD_1RA1LB_1LA1RD	C	4	2	256
1RB0RB_1LC1LD_1RA1LC_1LA1RD	C	3	2	256
1RB0RB_1LC1LD_1RB0LB_1LA1RD	C	4	2	256
1RB0RB_1LC1LD_1RB0RA_1LA1RD	C	5	2	256
1RB0RB_1LC1LD_1RB1LB_1LA1RD	C	4	2	1024
1RB0RB_1LC1LD_1RB1LC_1LA1RD	C	3	2	64
1RB0RB_1LC1LD_1RB1RA_1LA1RD	C	5	2	256
1RB0RB_1LC1LD_1RC0LB_1LA1RD	C	5	2	1024
1RB0RB_1LC1LD_1RC1LB_1LA1RD	C	5	2	256
1RB0RB_1LC1LD_1RD0LB_1LA1RD	C	4	2	256
1RB0RB_1LC1LD_1RD0LC_1LA1RD	C	3	2	256
1RB0RB_1LC1LD_1RD0RA_0LB0RC	A	3	3	64
1RB0RB_1LC1LD_1RD0RA_1LA1RD	C	5	2	256
1RB0RB_1LC1LD_1RD0RC_1LA1RD	C	4	2	256
1RB0RB_1LC1LD_1RD1LB_1LA1RD	C	4	2	1024
1RB0RB_1LC1LD_1RD1LC_1LA1RD	C	3	2	256
1RB0RB_1LC1LD_1RD1RA_1LA1RD	C	5	2	256
1RB0RB_1LC1LD_1RD1RC_1LA1RD	C	4	2	256
1RB0RB_1RC0LD_1LA0RD_1LB0LD	A	3	2	256
1RB0RB_1RC1LB_1LA0RD_1LD1LB	A	3	2	64
1RB0RB_1RC1LB_1LA1LD_0LB1RD	A	3	2	256
1RB0RB_1RC1LB_1LA1LD_1LB1RD	A	3	2	256
1RB0RB_1RC1LB_1LA1RD_0LB1RD	A	3	2	256
1RB0RB_1RC1LB_1LA1RD_1LB1RD	A	3	2	1024
1RB0RB_1RC1LD_0LB---_1LA1RD	C	2	2	64
1RB0RB_1RC1LD_0LC0LB_1LA1RD	C	3	2	64
1RB0RB_1RC1LD_0LC0LD_1LA1RD	C	3	2	256
1RB0RB_1RC1LD_0LC0RD_1LA1RD	C	3	2	256
1RB0RB_1RC1LD_0LC1LA_1LA1RD	C	3	2	64
1RB0RB_1RC1LD_0LC1LB_1LA1RD	C	3	2	1024
1RB0RB_1RC1LD_0LC1LD_1LA1RD	C	3	2	64
1RB0RB_1RC1LD_0LC1RD_1LA1RD	C	3	2	256
1RB0RB_1RC1LD_0LD---_1LA1RD	C	2	2	256
1RB0RB_1RC1LD_0RD---_1LA1RD	C	2	2	1024
1RB0RB_1RC1LD_1LA---_1LA1RD	C	2	2	256
1RB0RB_1RC1LD_1LB---_1LA1RD	C	2	2	256
1RB0RB_1RC1LD_1LC0LB_1LA1RD	C	3	2	1024
1RB0RB_1RC1LD_1LC0LD_1LA1RD	C	3	2	256
1RB0RB_1RC1LD_1LC0RB_1LA1RD	C	3	2	256
1RB0RB_1RC1LD_1LC0RD_1LA1RD	C	3	2	256
1RB0RB_1RC1LD_1LC1LA_1LA1RD	C	3	2	1024
1RB0RB_1RC1LD_1LC1LB_1LA1RD	C	3	2	256
1RB0RB_1RC1LD_1LC1LD_1LA1RD	C	3	2	256
1RB0RB_1RC1LD_1LC1RB_1LA1RD	C	3	2	256
1RB0RB_1RC1LD_1LC1RD_1LA1RD	C	3	2	256
1RB0RB_1RC1LD_1LD---_1LA1RD	C	2	2	256
1RB0RB_1RC1LD_1RD---_1LA1RD	C	2	2	256
1RB0RC_0LA---_1LD1RC_1RC1LD	B	1	2	64
1RB0RC_0LA---_1RD1LC_1LC1RD	B	1	2	64
1RB0RC_0LA1LC_0RD1LC_1LB1RD	A	8	2	256
1RB0RC_0LA1LC_1LD1RC_0RC0RB	A	2	2	1024
1RB0RC_0LA1LC_1LD1RC_1RB0RB	A	2	2	256
1RB0RC_0LA1LC_1LD1RC_1RB1LD	A	2	2	64
1RB0RC_0LA1LC_1LD1RC_1RC0RB	A	2	2	1024
1RB0RC_0LA1LC_1RD1LC_1LB1RD	A	2	2	64
1RB0RC_0LA1LD_0RD0RB_1LC1RD	A	2	2	1024
1RB0RC_0LA1LD_1RD0RB_1LC1RD	A	2	2	256
1RB0RC_0LA1RC_1LD1RC_1RB1LD	A	2	2	64
1RB0RC_0LA1RC_1RD1LC_0LC0LB	A	2	2	1024
1RB0RC_0LA1RC_1RD1LC_1LB0LB	A	2	2	256
1RB0RC_0LA1RC_1RD1LC_1LB1RD	A	2	2	64
1RB0RC_0LA1RC_1RD1LC_1LC0LB	A	2	2	1024
1RB0RC_0LA1RD_0LD0LB_1RC1LD	A	2	2	1024
1RB0RC_0LA1RD_1LD0LB_1RC1LD	A	2	2	256
1RB0RC_0LB1LA_0LD1RC_1RC1LD	B	4	2	256
1RB0RC_0LB1LA_0RD1LC_1LC1RD	B	4	2	256
1RB0RC_0LB1LA_1LC1LD_1RA1LD	B	4	2	1024
1RB0RC_0LB1LA_1LD1RC_1RC1LD	B	4	2	64
1RB0RC_0LB1LA_1RD1LC_1LC1RD	B	4	2	64
1RB0RC_0LB1LC_1LD0LC_1RA0LC	B	2	2	256
1RB0RC_0LB1RC_1LC1LD_1RA1LD	B	2	2	64
1RB0RC_0LB1RC_1LD0LC_1RA0LC	B	2	2	256
1RB0RC_0LC---_1LC1LD_1RA1LD	B	1	2	256
1RB0RC_0RC---_1LC1LD_1RA1LD	B	1	2	64
1RB0RC_0RC0RA_1LD1RC_1LB1LD	A	5	2	64
1RB0RC_0RC1LA_1LD1RC_1LB1LD	A	7	2	1024
1RB0RC_0RC1LB_1LD1RC_0LA1RB	A	7	2	64
1RB0RC_0RC1LB_1LD1RC_1LA1RB	A	4	2	256
1RB0RC_1LA---_1LC1LD_1RA1LD	B	1	2	256
1RB0RC_1LA---_1LD1RC_1RC1LD	B	1	2	64
1RB0RC_1LA---_1RD1LC_1LC1RD	B	1	2	64
1RB0RC_1LA0LC_1RC1RD_1LB1RD	A	2	2	256
1RB0RC_1LA0LD_1LB1RC_1RD1RC	A	2	2	256
1RB0RC_1LA0RC_1LC1LD_1RB1LD	A	2	2	256
1RB0RC_1LA0RD_1RB1LC_1LD1LC	A	2	2	256
1RB0RC_1LA1LC_1LD1RC_0RC0RB	A	2	2	1024
1RB0RC_1LA1LC_1LD1RC_1RB0RB	A	2	2	64
1RB0RC_1LA1LC_1LD1RC_1RB1LD	A	2	2	1024
1RB0RC_1LA1LC_1LD1RC_1RC0RB	A	2	2	256
1RB0RC_1LA1LC_1RD1LC_1LB1RD	A	2	2	64
1RB0RC_1LA1LD_0RB1RD_1LC0RD	A	2	2	1024
1RB0RC_1LA1LD_0RD0RB_1LC1RD	A	5	2	1024
1RB0RC_1LA1LD_1LB1RC_1RC1LD	A	2	2	64
1RB0RC_1LA1LD_1RB0RB_1LC1RD	A	5	2	256
1RB0RC_1LA1LD_1RB1LC_0LC1RD	A	2	2	64
1RB0RC_1LA1LD_1RB1LC_1LC1RD	A	2	2	64
1RB0RC_1LA1LD_1RD0RB_1LC1RD	A	5	2	1024
1RB0RC_1LA1RC_1LD1RC_1RB1LD	A	2	2	64
1RB0RC_1LA1RC_1RD1LC_0LC0LB	A	2	2	1024
1RB0RC_1LA1RC_1RD1LC_1LB0LB	A	2	2	64
1RB0RC_1LA1RC_1RD1LC_1LB1RD	A	2	2	1024
1RB0RC_1LA1RC_1RD1LC_1LC0LB	A	2	2	256
1RB0RC_1LA1RD_0LB1LD_1RC0LD	A	2	2	1024
1RB0RC_1LA1RD_0LD0LB_1RC1LD	A	5	2	256
1RB0RC_1LA1RD_1LB0LB_1RC1LD	A	5	2	256
1RB0RC_1LA1RD_1LB1RC_0RC1LD	A	2	2	64
1RB0RC_1LA1RD_1LB1RC_1RC1LD	A	2	2	64
1RB0RC_1LA1RD_1LD0LB_1RC1LD	A	5	2	256
1RB0RC_1LA1RD_1RB1LC_1LC1RD	A	2	2	64
1RB0RC_1LB0LC_1LD0LC_1RA0LC	B	2	2	256
1RB0RC_1LB0RA_0LD1RC_1RC1LD	B	2	2	64
1RB0RC_1LB0RA_0RD1LC_1LC1RD	B	2	2	64
1RB0RC_1LB0RA_1LD1RC_1RC1LD	B	2	2	64
1RB0RC_1LB0RA_1RD1LC_1LC1RD	B	2	2	64
1RB0RC_1LB0RC_1LC1LD_1RA1LD	B	2	2	256
1RB0RC_1LB1LA_1LC1LD_1RA1LD	B	4	2	256
1RB0RC_1LB1LA_1LD0LC_1RA0LC	B	4	2	256
1RB0RC_1LB1LA_1LD1RC_1RC1LD	B	4	2	64
1RB0RC_1LB1LA_1RD1LC_1LC1RD	B	4	2	64
1RB0RC_1LB1LC_1LD0LC_1RA0LC	B	2	2	64
1RB0RC_1LB1RA_0RD1LC_1LC1RD	B	2	2	64
1RB0RC_1LB1RA_1LC1LD_1RA1LD	B	2	2	64
1RB0RC_1LB1RA_1LD1RC_1RC1LD	B	2	2	1024
1RB0RC_1LB1RA_1RD1LC_0LC1RD	B	2	2	64
1RB0RC_1LB1RA_1RD1LC_1LC1RD	B	2	2	256
1RB0RC_1LB1RC_1LC1LD_1RA1LD	B	2	2	64
1RB0RC_1LC---_1LC1LD_1RA1LD	B	1	2	64
1RB0RC_1LC---_1LD0LC_1RA0LC	B	1	2	256
1RB0RC_1LC0LC_1RD0RA_0RB1LD	A	3	2	64
1RB0RC_1LC0LC_1RD1RA_0RB1LD	A	3	2	1024
1RB0RC_1LC0RB_0LD1RA_0RB1RD	A	3	2	256
1RB0RC_1LC1LB_0RD0RA_1LB1RD	A	3	2	64
1RB0RC_1LC1LB_1RD0RA_0LB1RD	A	3	2	256
1RB0RC_1LC1LB_1RD0RA_1LB1RD	A	3	2	64
1RB0RC_1LC1LD_1RD0RA_0LB0RC	A	3	3	64
1RB0RC_1LC1LD_1RD1RA_0LB0RC	A	3	3	256
1RB0RC_1RC---_1LC1LD_1RA1LD	B	1	2	64
1RB0RC_1RC0RC_1LA1LD_1LB1RD	A	3	2	256
1RB0RC_1RC1LA_0LD0RB_0RB1LC	A	8	2	256
1RB0RC_1RC1LA_0LD0RB_1LB1LC	A	8	3	256
1RB0RC_1RC1LB_1LA0RD_1LD1LB	A	3	2	64
1RB0RC_1RC1LB_1LA1LD_1LB1RD	A	3	2	256
1RB0RC_1RC1LB_1LA1RD_0LB1RD	A	3	2	64
1RB0RC_1RC1LB_1LA1RD_1LB1RD	A	3	2	256
1RB0RD_0LB0LC_1RA1LC_1LD1LC	B	6	2	1024
1RB0RD_0LB1LC_1RA1LC_1LD1LC	B	2	2	256
1RB0RD_0LC---_1RA1LC_1LD1LC	B	1	2	256
1RB0RD_0RC0RA_1LD1RC_1LB1LD	A	5	2	64
1RB0RD_0RC1LA_0LD1RC_1LB1LD	A	7	2	256
1RB0RD_0RC1LA_1LD1RC_1LB1LD	A	7	2	1024
1RB0RD_0RC1LB_1LD1RC_0LA1LB	A	6	2	256
1RB0RD_0RC1LB_1LD1RC_1LA1RB	A	4	2	64
1RB0RD_1LB0LC_1RA1LC_1LD1LC	B	5	2	64
1RB0RD_1LB0RC_1RA1LC_1LD1LC	B	2	2	256
1RB0RD_1LB1LC_1RA0LD_1LC0LD	B	2	2	256
1RB0RD_1LB1LC_1RA1LC_1LD1LC	B	2	2	64
1RB0RD_1LB1RC_1RA1LC_1LD1LC	B	2	2	64
1RB0RD_1LC---_1RA0LD_1LC0LD	B	1	2	256
1RB0RD_1LC---_1RA1LC_1LD1LC	B	1	2	64
1RB0RD_1LC0LC_1RD0RA_0RB1LD	A	3	2	256
1RB0RD_1LC0LC_1RD1RA_0RB1LD	A	3	2	256
1RB0RD_1LC0RB_0LD1RA_0RB1RD	A	3	2	1024
1RB0RD_1LC1LB_0RD0RA_1LB1RD	A	3	2	64
1RB0RD_1LC1LB_1RD0RA_0LB1RD	A	3	2	256
1RB0RD_1LC1LB_1RD0RA_1LB1RD	A	3	2	64
1RB0RD_1LC1LD_1RD0RA_0LB0RC	A	3	3	64
1RB0RD_1RC0LD_1LA0RD_1LB0LD	A	3	2	256
1RB0RD_1RC0RC_0LA1LD_1LB1RD	A	3	2	256
1RB0RD_1RC0RC_1LA1LD_1LB1RD	A	3	2	256
1RB0RD_1RC1LA_0LD0RB_0RB1LC	A	8	2	64
1RB0RD_1RC1LA_0LD0RB_1LB1LC	A	8	3	64
1RB0RD_1RC1LB_0LA0RD_1LD1LB	A	3	2	64
1RB0RD_1RC1LB_0LA1LD_1LB1RD	A	3	2	256
1RB0RD_1RC1LB_0LA1RD_1LB1RD	A	3	2	1024
1RB0RD_1RC1LB_1LA0RD_1LD1LB	A	3	2	64
1RB0RD_1RC1LB_1LA1LD_0LB1RD	A	3	2	256
1RB0RD_1RC1LB_1LA1LD_1LB1RD	A	3	2	256
1RB0RD_1RC1LB_1LA1RD_0LB1RD	A	3	2	64
1RB0RD_1RC1LB_1LA1RD_1LB1RD	A	3	2	256
1RB1LA_0LA0LC_0LD1RC_1RC1LD	B	4	2	64
1RB1LA_0LA0LC_0RD1LC_1LC1RD	B	4	2	64
1RB1LA_0LA0LC_1LD1RC_1RC1LD	B	4	2	64
1RB1LA_0LA0LC_1RC1RD_1LB1RD	A	3	2	256
1RB1LA_0LA0LC_1RD1LC_1LC1RD	B	4	2	64
1RB1LA_0LA0RC_0RD1LC_1LC1RD	B	4	2	256
1RB1LA_0LA0RC_1LC1LD_1RB1LD	A	3	2	256
1RB1LA_0LA0RC_1LD1RC_0RC1LD	B	4	2	64
1RB1LA_0LA0RC_1LD1RC_1RC1LD	B	4	2	64
1RB1LA_0LA0RC_1RD1LC_1LC1RD	B	4	2	1024
1RB1LA_0LA1LC_0LD1RC_1RB1LD	A	3	2	256
1RB1LA_0LA1LC_1LD1RC_0RC0RB	A	3	2	1024
1RB1LA_0LA1LC_1LD1RC_1RB0RB	A	3	2	256
1RB1LA_0LA1LC_1LD1RC_1RB1LD	A	3	2	1024
1RB1LA_0LA1LC_1LD1RC_1RC0RB	A	3	2	1024
1RB1LA_0LA1LC_1LD1RC_1RC1LD	B	4	2	64
1RB1LA_0LA1LC_1RD1LC_0LB1RD	A	3	2	64
1RB1LA_0LA1LC_1RD1LC_0LC1RD	B	4	2	64
1RB1LA_0LA1LC_1RD1LC_1LB1RD	A	3	2	64
1RB1LA_0LA1LC_1RD1LC_1LC1RD	B	4	2	64
1RB1LA_0LA1RC_0RD1LC_1LB1RD	A	10	2	1024
1RB1LA_0LA1RC_0RD1LC_1LC1RD	B	4	2	64
1RB1LA_0LA1RC_1LD0RC_0RB1LC	A	3	2	256
1RB1LA_0LA1RC_1LD1RC_0RB1LD	A	3	2	64
1RB1LA_0LA1RC_1LD1RC_0RC1LD	B	4	2	64
1RB1LA_0LA1RC_1LD1RC_1RB1LD	A	3	2	64
1RB1LA_0LA1RC_1LD1RC_1RC1LD	B	4	2	64
1RB1LA_0LA1RC_1RD1LC_0LC0LB	A	3	2	256
1RB1LA_0LA1RC_1RD1LC_0LC1RD	B	4	2	256
1RB1LA_0LA1RC_1RD1LC_1LB0LB	A	3	2	1024
1RB1LA_0LA1RC_1RD1LC_1LB1RD	A	3	2	256
1RB1LA_0LA1RC_1RD1LC_1LC0LB	A	3	2	256
1RB1LA_0LA1RC_1RD1LC_1LC1RD	B	4	2	256
1RB1LA_0LC0RD_---1LA_1LD1LA	C	2	2	256
1RB1LA_0LC0RD_---1RD_1LD1LA	C	2	2	64
1RB1LA_0LC0RD_0LA1RC_1LD1LA	C	3	2	256
1RB1LA_0LC0RD_0LD1RC_1LD1LA	C	3	2	256
1RB1LA_0LC0RD_0RA1LB_1LD1LA	C	4	2	256
1RB1LA_0LC0RD_0RA1LC_1LD1LA	C	3	2	256
1RB1LA_0LC0RD_0RD1LC_1LD1LA	C	3	2	256
1RB1LA_0LC0RD_0RD1RC_1LD1LA	C	3	2	64
1RB1LA_0LC0RD_1LA0LB_1LD1LA	C	4	2	256
1RB1LA_0LC0RD_1LA0LC_1LD1LA	C	3	2	256
1RB1LA_0LC0RD_1LA0RB_1LD1LA	C	4	2	256
1RB1LA_0LC0RD_1LA0RC_1LD1LA	C	3	2	256
1RB1LA_0LC0RD_1LA1LB_1LD1LA	C	4	2	64
1RB1LA_0LC0RD_1LA1LC_1LD1LA	C	3	2	64
1RB1LA_0LC0RD_1LA1RC_1LD1LA	C	3	2	64
1RB1LA_0LC0RD_1LB1RC_1LD1LA	C	3	2	256
1RB1LA_0LC0RD_1LD1RC_1LD1LA	C	3	2	64
1RB1LA_0LC0RD_1RA1LB_1LD1LA	C	4	2	64
1RB1LA_0LC0RD_1RA1LC_1LD1LA	C	3	2	64
1RB1LA_0LC0RD_1RB1LC_1LD1LA	C	3	2	256
1RB1LA_0LC0RD_1RC1LB_1LD1LA	C	6	2	64
1RB1LA_0LC0RD_1RD0LB_1LD1LA	C	4	2	256
1RB1LA_0LC0RD_1RD0LC_1LD1LA	C	3	2	64
1RB1LA_0LC0RD_1RD0RB_1LD1LA	C	4	2	256
1RB1LA_0LC0RD_1RD0RC_1LD1LA	C	3	2	64
1RB1LA_0LC0RD_1RD1LB_1LD1LA	C	4	2	64
1RB1LA_0LC0RD_1RD1LC_1LD1LA	C	3	2	64
1RB1LA_0LC0RD_1RD1RC_1LD1LA	C	3	2	64
1RB1LA_0LC1LD_---0LD_1LA1RD	C	2	2	64
1RB1LA_0LC1LD_---0RD_1LA1RD	C	2	2	64
1RB1LA_0LC1LD_---1LA_0LA1RD	C	2	2	256
1RB1LA_0LC1LD_---1LA_1LA1RD	C	2	2	1024
1RB1LA_0LC1LD_---1LD_1LA1RD	C	2	2	256
1RB1LA_0LC1LD_---1RD_1LA1RD	C	2	2	256
1RB1LA_0LC1LD_0LA1RC_1LA1RD	C	3	2	64
1RB1LA_0LC1LD_0LB1RC_1LA1RD	C	3	2	1024
1RB1LA_0LC1LD_0LD0LB_1LA1RD	C	4	2	64
1RB1LA_0LC1LD_0LD0LC_1LA1RD	C	3	2	64
1RB1LA_0LC1LD_0LD0RB_1LA1RD	C	4	2	64
1RB1LA_0LC1LD_0LD0RC_1LA1RD	C	3	2	64
1RB1LA_0LC1LD_0LD1LB_1LA1RD	C	4	2	256
1RB1LA_0LC1LD_0LD1LC_1LA1RD	C	3	2	256
1RB1LA_0LC1LD_0LD1RC_1LA1RD	C	3	2	1024
1RB1LA_0LC1LD_0RA1LB_1LA1RD	C	4	2	64
1RB1LA_0LC1LD_0RA1LC_1LA1RD	C	3	2	64
1RB1LA_0LC1LD_0RB1LC_1LA1RD	C	3	2	1024
1RB1LA_0LC1LD_0RD0LB_1LA1RD	C	4	2	64
1RB1LA_0LC1LD_0RD0LC_1LA1RD	C	3	2	64
1RB1LA_0LC1LD_0RD0RB_1LA1RD	C	4	2	64
1RB1LA_0LC1LD_0RD0RC_1LA1RD	C	3	2	64
1RB1LA_0LC1LD_0RD1LB_1LA1RD	C	4	2	1024
1RB1LA_0LC1LD_0RD1LC_1LA1RD	C	3	2	1024
1RB1LA_0LC1LD_0RD1RC_1LA1RD	C	3	2	256
1RB1LA_0LC1LD_1LA0LB_1LA1RD	C	4	2	64
1RB1LA_0LC1LD_1LA0LC_0LA1RD	C	3	2	64
1RB1LA_0LC1LD_1LA0LC_1LA1RD	C	3	2	64
1RB1LA_0LC1LD_1LA0RB_1LA1RD	C	4	2	64
1RB1LA_0LC1LD_1LA0RC_0LA1RD	C	3	2	64
1RB1LA_0LC1LD_1LA0RC_1LA1RD	C	3	2	64
1RB1LA_0LC1LD_1LA1LB_1LA1RD	C	4	2	256
1RB1LA_0LC1LD_1LA1LC_0LA1RD	C	3	2	256
1RB1LA_0LC1LD_1LA1LC_1LA1RD	C	3	2	256
1RB1LA_0LC1LD_1LA1RC_0LA1RD	C	3	2	256
1RB1LA_0LC1LD_1LA1RC_1LA1RD	C	3	2	256
1RB1LA_0LC1LD_1LB1RC_1LA1RD	C	3	2	256
1RB1LA_0LC1LD_1LD0LB_1LA1RD	C	4	2	1024
1RB1LA_0LC1LD_1LD0LC_1LA1RD	C	3	2	256
1RB1LA_0LC1LD_1LD0RB_1LA1RD	C	4	2	1024
1RB1LA_0LC1LD_1LD0RC_1LA1RD	C	3	2	256
1RB1LA_0LC1LD_1LD1LB_1LA1RD	C	4	2	64
1RB1LA_0LC1LD_1LD1LC_1LA1RD	C	3	2	256
1RB1LA_0LC1LD_1LD1RC_0LA1RD	C	3	2	256
1RB1LA_0LC1LD_1LD1RC_1LA1RD	C	3	2	1024
1RB1LA_0LC1LD_1RA0LB_1LA1RD	C	7	2	64
1RB1LA_0LC1LD_1RA1LB_0LA1RD	C	4	2	256
1RB1LA_0LC1LD_1RA1LB_1LA1RD	C	4	2	256
1RB1LA_0LC1LD_1RA1LC_0LA1RD	C	3	2	256
1RB1LA_0LC1LD_1RA1LC_1LA1RD	C	3	2	1024
1RB1LA_0LC1LD_1RB1LC_0LA1RD	C	3	2	256
1RB1LA_0LC1LD_1RB1LC_1LA1RD	C	3	2	1024
1RB1LA_0LC1LD_1RC1LB_0LA1RD	C	6	2	256
1RB1LA_0LC1LD_1RC1LB_1LA1RD	C	6	2	1024
1RB1LA_0LC1LD_1RD0LB_1LA1RD	C	4	2	1024
1RB1LA_0LC1LD_1RD0LC_1LA1RD	C	3	2	1024
1RB1LA_0LC1LD_1RD0RB_1LA1RD	C	4	2	1024
1RB1LA_0LC1LD_1RD0RC_1LA1RD	C	3	2	1024
1RB1LA_0LC1LD_1RD1LB_1LA1RD	C	4	2	256
1RB1LA_0LC1LD_1RD1LC_0LA1RD	C	3	2	256
1RB1LA_0LC1LD_1RD1LC_1LA1RD	C	3	2	256
1RB1LA_0LC1LD_1RD1RC_0LA1RD	C	3	2	256
1RB1LA_0LC1LD_1RD1RC_1LA1RD	C	3	2	256
1RB1LA_0LC1RD_---0LD_1LA1RD	C	2	2	64
1RB1LA_0LC1RD_---0RD_1LA1RD	C	2	2	64
1RB1LA_0LC1RD_---1LA_1LA1RD	C	2	2	64
1RB1LA_0LC1RD_---1LD_1LA1RD	C	2	2	1024
1RB1LA_0LC1RD_---1RD_1LA1RD	C	2	2	64
1RB1LA_0LC1RD_0LA1RC_1LA1RD	C	3	2	64
1RB1LA_0LC1RD_0LB1RC_1LA1RD	C	3	2	64
1RB1LA_0LC1RD_0LD0LB_1LA1RD	C	4	2	64
1RB1LA_0LC1RD_0LD0LC_1LA1RD	C	3	2	64
1RB1LA_0LC1RD_0LD0RB_1LA1RD	C	4	2	64
1RB1LA_0LC1RD_0LD0RC_1LA1RD	C	3	2	64
1RB1LA_0LC1RD_0LD1LB_1LA1RD	C	4	2	256
1RB1LA_0LC1RD_0LD1LC_1LA1RD	C	3	2	256
1RB1LA_0LC1RD_0LD1RC_1LA1RD	C	3	2	64
1RB1LA_0LC1RD_0RA1LB_1LA1RD	C	4	2	64
1RB1LA_0LC1RD_0RA1LC_1LA1RD	C	3	2	64
1RB1LA_0LC1RD_0RB1LC_1LA1RD	C	3	2	64
1RB1LA_0LC1RD_0RD0LB_1LA1RD	C	4	2	64
1RB1LA_0LC1RD_0RD0LC_1LA1RD	C	3	2	64
1RB1LA_0LC1RD_0RD0RB_1LA1RD	C	4	2	64
1RB1LA_0LC1RD_0RD0RC_1LA1RD	C	3	2	64
1RB1LA_0LC1RD_0RD1LB_1LA1RD	C	4	2	64
1RB1LA_0LC1RD_0RD1LC_1LA1RD	C	3	2	64
1RB1LA_0LC1RD_0RD1RC_1LA1RD	C	3	2	1024
1RB1LA_0LC1RD_1LA0LB_1LA1RD	C	4	2	64
1RB1LA_0LC1RD_1LA0LC_1LA1RD	C	3	2	64
1RB1LA_0LC1RD_1LA0RB_1LA1RD	C	4	2	64
1RB1LA_0LC1RD_1LA0RC_1LA1RD	C	3	2	64
1RB1LA_0LC1RD_1LA1LB_1LA1RD	C	4	2	256
1RB1LA_0LC1RD_1LA1LC_0LA1RD	C	3	2	256
1RB1LA_0LC1RD_1LA1LC_1LA1RD	C	3	2	1024
1RB1LA_0LC1RD_1LA1RC_0LA1RD	C	3	2	64
1RB1LA_0LC1RD_1LA1RC_1LA1RD	C	3	2	64
1RB1LA_0LC1RD_1LB1RC_1LA1RD	C	3	2	64
1RB1LA_0LC1RD_1LD0LB_1LA1RD	C	4	2	64
1RB1LA_0LC1RD_1LD0LC_1LA1RD	C	3	2	64
1RB1LA_0LC1RD_1LD0RB_1LA1RD	C	4	2	64
1RB1LA_0LC1RD_1LD0RC_1LA1RD	C	3	2	64
1RB1LA_0LC1RD_1LD1LB_1LA1RD	C	4	2	256
1RB1LA_0LC1RD_1LD1LC_1LA1RD	C	3	2	256
1RB1LA_0LC1RD_1LD1RC_1LA1RD	C	3	2	64
1RB1LA_0LC1RD_1RA0LB_0LA1RD	C	7	2	256
1RB1LA_0LC1RD_1RA0LB_1LA0RD	C	7	2	64
1RB1LA_0LC1RD_1RA0LB_1LA1RD	C	7	2	256
1RB1LA_0LC1RD_1RA1LB_0LA1RD	C	4	2	256
1RB1LA_0LC1RD_1RA1LB_1LA1RD	C	4	2	1024
1RB1LA_0LC1RD_1RA1LC_0LA1RD	C	3	2	64
1RB1LA_0LC1RD_1RA1LC_1LA1RD	C	3	2	64
1RB1LA_0LC1RD_1RB1LC_1LA1RD	C	3	2	64
1RB1LA_0LC1RD_1RC1LB_0LA1RD	C	6	2	64
1RB1LA_0LC1RD_1RC1LB_1LA1RD	C	6	2	64
1RB1LA_0LC1RD_1RD0LB_1LA1RD	C	4	2	64
1RB1LA_0LC1RD_1RD0LC_1LA1RD	C	3	2	64
1RB1LA_0LC1RD_1RD0RB_1LA1RD	C	4	2	64
1RB1LA_0LC1RD_1RD0RC_1LA1RD	C	3	2	64
1RB1LA_0LC1RD_1RD1LB_1LA1RD	C	4	2	1024
1RB1LA_0LC1RD_1RD1LC_1LA1RD	C	3	2	64
1RB1LA_0LC1RD_1RD1RC_1LA1RD	C	3	2	1024
1RB1LA_0RC0RD_0LC1LA_1LD1LA	C	4	2	256
1RB1LA_0RC0RD_0LC1RD_1LD1LA	C	4	2	256
1RB1LA_0RC0RD_0LD---_1LD1LA	C	2	2	64
1RB1LA_0RC0RD_0RD---_1LD1LA	C	2	2	64
1RB1LA_0RC0RD_1LA---_1LD1LA	C	2	2	64
1RB1LA_0RC0RD_1LB0LC_1LD1LA	C	5	2	1024
1RB1LA_0RC0RD_1LB0LD_1LD1LA	C	4	2	256
1RB1LA_0RC0RD_1LB0RD_1LD1LA	C	4	2	64
1RB1LA_0RC0RD_1LB1LA_1LD1LA	C	4	2	64
1RB1LA_0RC0RD_1LB1LC_1LD1LA	C	5	2	64
1RB1LA_0RC0RD_1LB1LD_1LD1LA	C	4	2	64
1RB1LA_0RC0RD_1LB1RC_1LD1LA	C	5	2	64
1RB1LA_0RC0RD_1LB1RD_1LD1LA	C	4	2	256
1RB1LA_0RC0RD_1LC0LA_1LD1LA	C	15	2	64
1RB1LA_0RC0RD_1LC0RA_1LD1LA	C	4	2	64
1RB1LA_0RC0RD_1LC0RB_1LD1LA	C	4	2	1024
1RB1LA_0RC0RD_1LC0RD_1LD1LA	C	4	2	64
1RB1LA_0RC0RD_1LC1LA_1LD1LA	C	4	2	64
1RB1LA_0RC0RD_1LC1RA_1LD1LA	C	4	2	64
1RB1LA_0RC0RD_1LC1RB_1LD1LA	C	4	2	64
1RB1LA_0RC0RD_1LC1RD_1LD1LA	C	4	2	64
1RB1LA_0RC0RD_1LD---_1LD1LA	C	2	2	64
1RB1LA_0RC0RD_1RD---_1LD1LA	C	2	2	256
1RB1LA_0RC1LB_1LD1RC_0LA1LB	A	5	2	256
1RB1LA_0RC1LB_1LD1RC_0LA1RB	A	5	2	1024
1RB1LA_0RC1LB_1LD1RC_0RA1LB	A	5	2	64
1RB1LA_0RC1LB_1LD1RC_0RA1RB	A	5	2	256
1RB1LA_0RC1LB_1LD1RC_1LA1LB	A	5	2	64
1RB1LA_0RC1LB_1LD1RC_1LA1RB	A	5	2	64
1RB1LA_0RC1LB_1LD1RC_1RA1LB	A	7	2	256
1RB1LA_0RC1LB_1LD1RC_1RA1RB	A	7	2	256
1RB1LA_0RC1LD_0LC0LD_1LA1RD	C	4	2	64
1RB1LA_0RC1LD_0LC0RD_1LA1RD	C	4	2	64
1RB1LA_0RC1LD_0LC1LA_1LA1RD	C	4	2	64
1RB1LA_0RC1LD_0LC1LD_1LA1RD	C	4	2	1024
1RB1LA_0RC1LD_0LC1RD_1LA1RD	C	4	2	1024
1RB1LA_0RC1LD_0LD---_1LA1RD	C	2	2	256
1RB1LA_0RC1LD_0RD---_1LA1RD	C	2	2	256
1RB1LA_0RC1LD_1LA---_0LA1RD	C	2	2	1024
1RB1LA_0RC1LD_1LA---_1LA1RD	C	2	2	256
1RB1LA_0RC1LD_1LB0LC_1LA1RD	C	5	2	256
1RB1LA_0RC1LD_1LB0LD_1LA1RD	C	4	2	1024
1RB1LA_0RC1LD_1LB0RD_1LA1RD	C	4	2	256
1RB1LA_0RC1LD_1LB1LA_0LA1RD	C	4	2	256
1RB1LA_0RC1LD_1LB1LA_1LA1RD	C	4	2	256
1RB1LA_0RC1LD_1LB1LC_1LA1RD	C	5	2	64
1RB1LA_0RC1LD_1LB1LD_1LA1RD	C	4	2	256
1RB1LA_0RC1LD_1LB1RC_1LA1RD	C	5	2	256
1RB1LA_0RC1LD_1LB1RD_0LA1RD	C	4	2	256
1RB1LA_0RC1LD_1LB1RD_1LA1RD	C	4	2	256
1RB1LA_0RC1LD_1LC0LA_1LA1RD	C	15	2	256
1RB1LA_0RC1LD_1LC0LD_1LA1RD	C	4	2	64
1RB1LA_0RC1LD_1LC0RA_0LA1RD	C	4	2	256
1RB1LA_0RC1LD_1LC0RA_1LA1RD	C	4	2	1024
1RB1LA_0RC1LD_1LC0RB_0LA1RD	C	20	2	1024
1RB1LA_0RC1LD_1LC0RB_1LA1RD	C	4	2	256
1RB1LA_0RC1LD_1LC0RD_0LA1RD	C	4	2	256
1RB1LA_0RC1LD_1LC0RD_1LA1RD	C	4	2	1024
1RB1LA_0RC1LD_1LC1LA_0LA1RD	C	4	2	1024
1RB1LA_0RC1LD_1LC1LA_1LA1RD	C	4	2	256
1RB1LA_0RC1LD_1LC1LD_1LA1RD	C	4	2	64
1RB1LA_0RC1LD_1LC1RA_0LA1RD	C	4	2	1024
1RB1LA_0RC1LD_1LC1RA_1LA1RD	C	4	2	256
1RB1LA_0RC1LD_1LC1RB_0LA1RD	C	4	2	256
1RB1LA_0RC1LD_1LC1RB_1LA1RD	C	4	2	256
1RB1LA_0RC1LD_1LC1RD_0LA1RD	C	4	2	1024
1RB1LA_0RC1LD_1LC1RD_1LA1RD	C	4	2	256
1RB1LA_0RC1LD_1LD---_1LA1RD	C	2	2	256
1RB1LA_0RC1LD_1RD---_0LA1RD	C	2	2	256
1RB1LA_0RC1LD_1RD---_1LA1RD	C	2	2	64
1RB1LA_0RC1RD_0LC0LD_1LA1RD	C	4	2	64
1RB1LA_0RC1RD_0LC0RD_1LA1RD	C	4	2	64
1RB1LA_0RC1RD_0LC1LA_1LA1RD	C	4	2	64
1RB1LA_0RC1RD_0LC1LD_0LA1RD	C	8	2	256
1RB1LA_0RC1RD_0LC1LD_1LA1RD	C	4	2	64
1RB1LA_0RC1RD_0LC1RD_1LA1RD	C	4	2	64
1RB1LA_0RC1RD_0LD---_1LA1RD	C	2	2	64
1RB1LA_0RC1RD_0RD---_1LA1RD	C	2	2	256
1RB1LA_0RC1RD_1LA---_0LA1RD	C	2	2	256
1RB1LA_0RC1RD_1LA---_1LA1RD	C	2	2	256
1RB1LA_0RC1RD_1LB0LC_1LA1RD	C	5	2	64
1RB1LA_0RC1RD_1LB0LD_1LA1RD	C	4	2	64
1RB1LA_0RC1RD_1LB0RD_1LA1RD	C	4	2	256
1RB1LA_0RC1RD_1LB1LA_0LA1RD	C	4	2	256
1RB1LA_0RC1RD_1LB1LA_1LA1RD	C	4	2	1024
1RB1LA_0RC1RD_1LB1LC_0LA1RD	C	5	2	64
1RB1LA_0RC1RD_1LB1LC_1LA1RD	C	5	2	64
1RB1LA_0RC1RD_1LB1LD_1LA1RD	C	4	2	1024
1RB1LA_0RC1RD_1LB1RC_0LA1RD	C	5	2	256
1RB1LA_0RC1RD_1LB1RC_1LA1RD	C	5	2	256
1RB1LA_0RC1RD_1LB1RD_0LA1RD	C	4	2	64
1RB1LA_0RC1RD_1LB1RD_1LA1RD	C	4	2	256
1RB1LA_0RC1RD_1LC0LA_0LA1RD	C	15	2	256
1RB1LA_0RC1RD_1LC0LA_1LA1RD	C	15	2	64
1RB1LA_0RC1RD_1LC0LD_1LA1RD	C	4	2	256
1RB1LA_0RC1RD_1LC0RA_0LA1RD	C	4	2	64
1RB1LA_0RC1RD_1LC0RA_1LA1RD	C	4	2	64
1RB1LA_0RC1RD_1LC0RB_1LA1RD	C	4	2	64
1RB1LA_0RC1RD_1LC0RD_1LA1RD	C	4	2	64
1RB1LA_0RC1RD_1LC1LA_0LA1RD	C	4	2	256
1RB1LA_0RC1RD_1LC1LA_1LA1RD	C	4	2	256
1RB1LA_0RC1RD_1LC1LD_0LA1RD	C	8	2	256
1RB1LA_0RC1RD_1LC1LD_1LA1RD	C	4	2	256
1RB1LA_0RC1RD_1LC1RA_0LA1RD	C	4	2	256
1RB1LA_0RC1RD_1LC1RA_1LA1RD	C	4	2	1024
1RB1LA_0RC1RD_1LC1RB_0LA1RD	C	4	2	256
1RB1LA_0RC1RD_1LC1RB_1LA1RD	C	4	2	1024
1RB1LA_0RC1RD_1LC1RD_0LA1RD	C	4	2	256
1RB1LA_0RC1RD_1LC1RD_1LA1RD	C	4	2	1024
1RB1LA_0RC1RD_1LD---_1LA1RD	C	2	2	256
1RB1LA_0RC1RD_1RD---_0LA1RD	C	2	2	256
1RB1LA_0RC1RD_1RD---_1LA1RD	C	2	2	256
1RB1LA_1LA0LC_0LD1RC_1RC1LD	B	4	2	64
1RB1LA_1LA0LC_1LD1RC_0RC1LD	B	4	2	64
1RB1LA_1LA0LC_1LD1RC_1RC1LD	B	4	2	64
1RB1LA_1LA0LC_1RC1RD_1LB1RD	A	3	2	64
1RB1LA_1LA0LC_1RD0RC_1LB0RC	A	3	2	256
1RB1LA_1LA0LC_1RD1LC_1LC1RD	B	4	2	1024
1RB1LA_1LA0RC_0RD1LC_1LC1RD	B	4	2	64
1RB1LA_1LA0RC_1LC1LD_1RB1LD	A	3	2	64
1RB1LA_1LA0RC_1LD0LC_1RB0LC	A	3	2	256
1RB1LA_1LA0RC_1LD1RC_1RC1LD	B	4	2	1024
1RB1LA_1LA0RC_1RD1LC_0LC1RD	B	4	2	64
1RB1LA_1LA0RC_1RD1LC_1LC1RD	B	4	2	64
1RB1LA_1LA1LC_0LD1RC_1RB1LD	A	3	2	64
1RB1LA_1LA1LC_0LD1RC_1RC1LD	B	4	2	64
1RB1LA_1LA1LC_0RD1LC_1LB1RD	A	3	2	256
1RB1LA_1LA1LC_0RD1LC_1LC1RD	B	4	2	256
1RB1LA_1LA1LC_1LD1RC_0RC0RB	A	3	2	256
1RB1LA_1LA1LC_1LD1RC_0RC1LD	B	4	2	256
1RB1LA_1LA1LC_1LD1RC_1RB0RB	A	3	2	64
1RB1LA_1LA1LC_1LD1RC_1RB1LD	A	3	2	256
1RB1LA_1LA1LC_1LD1RC_1RC0RB	A	3	2	256
1RB1LA_1LA1LC_1LD1RC_1RC1LD	B	4	2	64
1RB1LA_1LA1LC_1RD0LC_0LB1RC	A	3	2	64
1RB1LA_1LA1LC_1RD0LC_1LB1RD	A	3	2	256
1RB1LA_1LA1LC_1RD1LC_0LB1RD	A	3	2	256
1RB1LA_1LA1LC_1RD1LC_0LC1RD	B	4	2	256
1RB1LA_1LA1LC_1RD1LC_1LB1RD	A	3	2	256
1RB1LA_1LA1LC_1RD1LC_1LC1RD	B	4	2	256
1RB1LA_1LA1RC_0LD1RC_1RB1LD	A	3	2	256
1RB1LA_1LA1RC_0LD1RC_1RC1LD	B	4	2	256
1RB1LA_1LA1RC_0RD1LC_1LB1RD	A	3	2	64
1RB1LA_1LA1RC_0RD1LC_1LC1RD	B	4	2	64
1RB1LA_1LA1RC_1LD0RC_0RB1LC	A	3	2	64
1RB1LA_1LA1RC_1LD0RC_1RB1LD	A	3	2	256
1RB1LA_1LA1RC_1LD1RC_0RB1LD	A	3	2	256
1RB1LA_1LA1RC_1LD1RC_0RC1LD	B	4	2	256
1RB1LA_1LA1RC_1LD1RC_1RB1LD	A	3	2	256
1RB1LA_1LA1RC_1LD1RC_1RC1LD	B	4	2	256
1RB1LA_1LA1RC_1RD1LC_0LC0LB	A	3	2	256
1RB1LA_1LA1RC_1RD1LC_0LC1RD	B	4	2	256
1RB1LA_1LA1RC_1RD1LC_1LB0LB	A	3	2	64
1RB1LA_1LA1RC_1RD1LC_1LB1RD	A	3	2	256
1RB1LA_1LA1RC_1RD1LC_1LC0LB	A	3	2	256
1RB1LA_1LA1RC_1RD1LC_1LC1RD	B	4	2	64
1RB1LA_1LC0RB_0LD0RA_0RB1RD	A	4	2	256
1RB1LA_1LC0RB_0LD1RA_0RB1RD	A	5	2	64
1RB1LA_1LC0RB_0LD1RA_1RD0RB	A	5	2	256
1RB1LA_1LC0RD_---0RA_1LD1LA	C	2	2	256
1RB1LA_1LC0RD_---0RD_1LD1LA	C	2	2	256
1RB1LA_1LC0RD_---1LA_1LD1LA	C	2	2	64
1RB1LA_1LC0RD_---1RA_1LD1LA	C	2	2	64
1RB1LA_1LC0RD_---1RB_1LD1LA	C	2	2	64
1RB1LA_1LC0RD_---1RD_1LD1LA	C	2	2	64
1RB1LA_1LC0RD_0LA1RC_1LD1LA	C	4	2	256
1RB1LA_1LC0RD_0LB1RC_1LD1LA	C	4	2	256
1RB1LA_1LC0RD_0LD1RA_0RB1RD	A	5	2	64
1RB1LA_1LC0RD_0LD1RC_1LD1LA	C	4	2	256
1RB1LA_1LC0RD_0RA0LB_1LD1LA	C	4	2	64
1RB1LA_1LC0RD_0RA0LC_1LD1LA	C	3	2	256
1RB1LA_1LC0RD_0RA1LB_1LD1LA	C	4	2	64
1RB1LA_1LC0RD_0RA1LC_1LD1LA	C	3	2	64
1RB1LA_1LC0RD_0RB0LC_1LD1LA	C	5	2	1024
1RB1LA_1LC0RD_0RB1LB_1LD1LA	C	4	2	256
1RB1LA_1LC0RD_0RB1LC_1LD1LA	C	3	2	256
1RB1LA_1LC0RD_0RB1RC_1LD1LA	C	6	2	1024
1RB1LA_1LC0RD_0RD0LB_1LD1LA	C	4	2	64
1RB1LA_1LC0RD_0RD1LB_1LD1LA	C	4	2	64
1RB1LA_1LC0RD_0RD1LC_1LD1LA	C	3	2	64
1RB1LA_1LC0RD_0RD1RC_1LD1LA	C	4	2	64
1RB1LA_1LC0RD_1LA0LB_1LD1LA	C	4	2	256
1RB1LA_1LC0RD_1LA0LC_1LD1LA	C	3	2	64
1RB1LA_1LC0RD_1LA0RC_1LD1LA	C	4	2	256
1RB1LA_1LC0RD_1LA1LB_1LD1LA	C	4	2	256
1RB1LA_1LC0RD_1LA1LC_1LD1LA	C	3	2	256
1RB1LA_1LC0RD_1LA1RC_1LD1LA	C	4	2	64
1RB1LA_1LC0RD_1LB1RC_1LD1LA	C	4	2	64
1RB1LA_1LC0RD_1LD1RC_1LD1LA	C	4	2	64
1RB1LA_1LC0RD_1RA0LB_1LD1LA	C	4	2	256
1RB1LA_1LC0RD_1RA0LC_1LD1LA	C	3	2	64
1RB1LA_1LC0RD_1RA1LB_1LD1LA	C	4	2	64
1RB1LA_1LC0RD_1RA1LC_1LD1LA	C	3	2	64
1RB1LA_1LC0RD_1RB0LB_1LD1LA	C	4	2	64
1RB1LA_1LC0RD_1RB1LB_1LD1LA	C	4	2	256
1RB1LA_1LC0RD_1RB1LC_1LD1LA	C	3	2	64
1RB1LA_1LC0RD_1RC1LB_1LD1LA	C	5	2	256
1RB1LA_1LC0RD_1RD0LB_1LD1LA	C	4	2	256
1RB1LA_1LC0RD_1RD0LC_1LD1LA	C	3	2	64
1RB1LA_1LC0RD_1RD0RC_1LD1LA	C	4	2	256
1RB1LA_1LC0RD_1RD1LB_1LD1LA	C	4	2	64
1RB1LA_1LC0RD_1RD1LC_1LD1LA	C	3	2	64
1RB1LA_1LC0RD_1RD1RC_1LD1LA	C	4	2	64
1RB1LA_1LC1LB_0RD0RA_0LB1RD	A	4	2	256
1RB1LA_1LC1LB_0RD0RA_1LB1RD	A	4	2	1024
1RB1LA_1LC1LB_0RD1RA_0LB1RD	A	5	2	1024
1RB1LA_1LC1LB_0RD1RA_1LB1RD	A	5	2	256
1RB1LA_1LC1LB_1RD0RA_0LB1RD	A	4	2	64
1RB1LA_1LC1LB_1RD0RA_1LB1RD	A	4	2	64
1RB1LA_1LC1LB_1RD1RA_0LB1RD	A	5	2	64
1RB1LA_1LC1LB_1RD1RA_1LB1RD	A	5	2	256
1RB1LA_1LC1LD_---0LD_1LA1RD	C	2	2	256
1RB1LA_1LC1LD_---0RA_0LA1RD	C	2	2	64
1RB1LA_1LC1LD_---0RA_1LA1RD	C	2	2	64
1RB1LA_1LC1LD_---0RB_1LA1RD	C	2	2	256
1RB1LA_1LC1LD_---0RD_1LA1RD	C	2	2	1024
1RB1LA_1LC1LD_---1LA_0LA1RD	C	2	2	64
1RB1LA_1LC1LD_---1LA_1LA1RD	C	2	2	256
1RB1LA_1LC1LD_---1LD_1LA1RD	C	2	2	64
1RB1LA_1LC1LD_---1RA_0LA1RD	C	2	2	256
1RB1LA_1LC1LD_---1RA_1LA1RD	C	2	2	256
1RB1LA_1LC1LD_---1RB_0LA1RD	C	2	2	256
1RB1LA_1LC1LD_---1RB_1LA1RD	C	2	2	1024
1RB1LA_1LC1LD_---1RD_0LA1RD	C	2	2	256
1RB1LA_1LC1LD_---1RD_1LA1RD	C	2	2	256
1RB1LA_1LC1LD_0LA1RC_0LA1RD	C	4	2	256
1RB1LA_1LC1LD_0LA1RC_1LA1RD	C	4	2	1024
1RB1LA_1LC1LD_0LB1RC_0LA1RD	C	4	2	64
1RB1LA_1LC1LD_0LB1RC_1LA1RD	C	4	2	64
1RB1LA_1LC1LD_0LD0LB_1LA1RD	C	4	2	64
1RB1LA_1LC1LD_0LD0LC_1LA1RD	C	3	2	256
1RB1LA_1LC1LD_0LD0RA_1RD0RB	A	4	2	64
1RB1LA_1LC1LD_0LD0RC_1LA1RD	C	4	2	64
1RB1LA_1LC1LD_0LD1LB_1LA1RD	C	4	2	256
1RB1LA_1LC1LD_0LD1LC_1LA1RD	C	3	2	64
1RB1LA_1LC1LD_0LD1RA_1RD0RB	A	5	2	1024
1RB1LA_1LC1LD_0LD1RC_0LA1RD	C	4	2	256
1RB1LA_1LC1LD_0LD1RC_1LA1RD	C	4	2	1024
1RB1LA_1LC1LD_0RA0LB_1LA1RD	C	4	2	256
1RB1LA_1LC1LD_0RA0LC_0LA1RD	C	3	2	64
1RB1LA_1LC1LD_0RA0LC_1LA1RD	C	3	2	64
1RB1LA_1LC1LD_0RA1LB_0LA1RD	C	4	2	1024
1RB1LA_1LC1LD_0RA1LB_1LA1RD	C	4	2	256
1RB1LA_1LC1LD_0RA1LC_0LA1RD	C	3	2	256
1RB1LA_1LC1LD_0RA1LC_1LA1RD	C	3	2	256
1RB1LA_1LC1LD_0RB0LB_1LA1RD	C	4	2	256
1RB1LA_1LC1LD_0RB0LC_1LA1RD	C	5	2	256
1RB1LA_1LC1LD_0RB0RC_1LA1RD	C	6	2	64
1RB1LA_1LC1LD_0RB1LB_1LA1RD	C	4	2	64
1RB1LA_1LC1LD_0RB1LC_1LA1RD	C	3	2	256
1RB1LA_1LC1LD_0RB1RC_0LA1RD	C	6	2	64
1RB1LA_1LC1LD_0RB1RC_1LA1RD	C	6	2	256
1RB1LA_1LC1LD_0RD0LB_1LA1RD	C	4	2	256
1RB1LA_1LC1LD_0RD0LC_1LA1RD	C	3	2	256
1RB1LA_1LC1LD_0RD0RC_1LA1RD	C	4	2	64
1RB1LA_1LC1LD_0RD1LB_0LA1RD	C	4	2	64
1RB1LA_1LC1LD_0RD1LB_1LA1RD	C	4	2	256
1RB1LA_1LC1LD_0RD1LC_0LA1RD	C	3	2	256
1RB1LA_1LC1LD_0RD1LC_1LA1RD	C	3	2	1024
1RB1LA_1LC1LD_0RD1RC_1LA1RD	C	4	2	64
1RB1LA_1LC1LD_1LA0LB_0LA1RD	C	4	2	256
1RB1LA_1LC1LD_1LA0LB_1LA1RD	C	4	2	64
1RB1LA_1LC1LD_1LA0LC_0LA1RD	C	3	2	64
1RB1LA_1LC1LD_1LA0LC_1LA1RD	C	3	2	256
1RB1LA_1LC1LD_1LA0RC_1LA1RD	C	4	2	64
1RB1LA_1LC1LD_1LA1LB_0LA1RD	C	4	2	64
1RB1LA_1LC1LD_1LA1LB_1LA1RD	C	4	2	64
1RB1LA_1LC1LD_1LA1LC_0LA1RD	C	3	2	256
1RB1LA_1LC1LD_1LA1LC_1LA1RD	C	3	2	64
1RB1LA_1LC1LD_1LA1RC_0LA1RD	C	4	2	1024
1RB1LA_1LC1LD_1LA1RC_1LA1RD	C	4	2	256
1RB1LA_1LC1LD_1LB1RC_0LA1RD	C	4	2	256
1RB1LA_1LC1LD_1LB1RC_1LA1RD	C	4	2	256
1RB1LA_1LC1LD_1LD0LB_1LA1RD	C	4	2	64
1RB1LA_1LC1LD_1LD0LC_1LA1RD	C	3	2	64
1RB1LA_1LC1LD_1LD0RC_1LA1RD	C	4	2	1024
1RB1LA_1LC1LD_1LD1LB_1LA1RD	C	4	2	256
1RB1LA_1LC1LD_1LD1LC_1LA1RD	C	3	2	64
1RB1LA_1LC1LD_1LD1RC_0LA1RD	C	4	2	1024
1RB1LA_1LC1LD_1LD1RC_1LA1RD	C	4	2	256
1RB1LA_1LC1LD_1RA0LB_0LA1RD	C	4	2	256
1RB1LA_1LC1LD_1RA0LB_1LA1RD	C	4	2	256
1RB1LA_1LC1LD_1RA0LC_0LA1RD	C	3	2	64
1RB1LA_1LC1LD_1RA0LC_1LA1RD	C	3	2	256
1RB1LA_1LC1LD_1RA1LB_0LA1RD	C	4	2	256
1RB1LA_1LC1LD_1RA1LB_1LA1RD	C	4	2	64
1RB1LA_1LC1LD_1RA1LC_0LA1RD	C	3	2	1024
1RB1LA_1LC1LD_1RA1LC_1LA1RD	C	3	2	256
1RB1LA_1LC1LD_1RB0LB_0LA1RD	C	4	2	64
1RB1LA_1LC1LD_1RB0LB_1LA1RD	C	4	2	256
1RB1LA_1LC1LD_1RB1LB_0LA1RD	C	4	2	256
1RB1LA_1LC1LD_1RB1LB_1LA1RD	C	4	2	64
1RB1LA_1LC1LD_1RB1LC_0LA1RD	C	3	2	64
1RB1LA_1LC1LD_1RB1LC_1LA1RD	C	3	2	256
1RB1LA_1LC1LD_1RC0LB_1LA1RD	C	5	2	64
1RB1LA_1LC1LD_1RC1LB_1LA1RD	C	5	2	256
1RB1LA_1LC1LD_1RD0LB_0LA1RD	C	4	2	256
1RB1LA_1LC1LD_1RD0LB_1LA1RD	C	4	2	256
1RB1LA_1LC1LD_1RD0LC_1LA1RD	C	3	2	256
1RB1LA_1LC1LD_1RD0RC_1LA1RD	C	4	2	1024
1RB1LA_1LC1LD_1RD1LB_0LA1RD	C	4	2	64
1RB1LA_1LC1LD_1RD1LB_1LA1RD	C	4	2	64
1RB1LA_1LC1LD_1RD1LC_0LA1RD	C	3	2	1024
1RB1LA_1LC1LD_1RD1LC_1LA1RD	C	3	2	256
1RB1LA_1LC1LD_1RD1RC_0LA1RD	C	4	2	1024
1RB1LA_1LC1LD_1RD1RC_1LA1RD	C	4	2	256
1RB1LA_1LC1RD_---0LD_1LA1RD	C	2	2	256
1RB1LA_1LC1RD_---0RA_1LA1RD	C	2	2	64
1RB1LA_1LC1RD_---0RB_1LA1RD	C	2	2	64
1RB1LA_1LC1RD_---0RD_1LA1RD	C	2	2	64
1RB1LA_1LC1RD_---1LA_0LA1RD	C	2	2	256
1RB1LA_1LC1RD_---1LA_1LA0RD	C	2	2	256
1RB1LA_1LC1RD_---1LA_1LA1RD	C	2	2	256
1RB1LA_1LC1RD_---1LD_1LA1RD	C	2	2	256
1RB1LA_1LC1RD_---1RA_0LA1RD	C	2	2	64
1RB1LA_1LC1RD_---1RA_1LA1RD	C	2	2	64
1RB1LA_1LC1RD_---1RB_1LA1RD	C	2	2	1024
1RB1LA_1LC1RD_---1RD_1LA1RD	C	2	2	1024
1RB1LA_1LC1RD_0LA1RC_1LA1RD	C	4	2	64
1RB1LA_1LC1RD_0LB1RC_1LA1RD	C	4	2	64
1RB1LA_1LC1RD_0LD0LB_1LA1RD	C	4	2	64
1RB1LA_1LC1RD_0LD0LC_1LA1RD	C	3	2	256
1RB1LA_1LC1RD_0LD0RC_1LA1RD	C	4	2	64
1RB1LA_1LC1RD_0LD1LB_1LA0RD	C	4	2	64
1RB1LA_1LC1RD_0LD1LB_1LA1RD	C	4	2	64
1RB1LA_1LC1RD_0LD1LC_1LA1RD	C	3	2	64
1RB1LA_1LC1RD_0LD1RC_1LA1RD	C	4	2	64
1RB1LA_1LC1RD_0RA0LB_1LA1RD	C	4	2	1024
1RB1LA_1LC1RD_0RA0LC_1LA1RD	C	3	2	64
1RB1LA_1LC1RD_0RA1LB_0LA1RD	C	4	2	256
1RB1LA_1LC1RD_0RA1LB_1LA1RD	C	4	2	256
1RB1LA_1LC1RD_0RA1LC_0LA1RD	C	3	2	64
1RB1LA_1LC1RD_0RA1LC_1LA1RD	C	3	2	64
1RB1LA_1LC1RD_0RB0LB_0LA1RD	C	4	2	64
1RB1LA_1LC1RD_0RB0LB_1LA1RD	C	4	2	64
1RB1LA_1LC1RD_0RB0LC_1LA1RD	C	5	2	64
1RB1LA_1LC1RD_0RB0RC_0LA1RD	C	6	2	256
1RB1LA_1LC1RD_0RB0RC_1LA1RD	C	6	2	256
1RB1LA_1LC1RD_0RB1LB_0LA1RD	C	4	2	64
1RB1LA_1LC1RD_0RB1LB_1LA1RD	C	4	2	64
1RB1LA_1LC1RD_0RB1LC_1LA1RD	C	3	2	64
1RB1LA_1LC1RD_0RB1RC_0LA1RD	C	6	2	256
1RB1LA_1LC1RD_0RB1RC_1LA1RD	C	6	2	256
1RB1LA_1LC1RD_0RD0LB_0LA1RD	C	4	2	64
1RB1LA_1LC1RD_0RD0LB_1LA1RD	C	4	2	64
1RB1LA_1LC1RD_0RD0LC_1LA1RD	C	3	2	64
1RB1LA_1LC1RD_0RD0RC_1LA1RD	C	4	2	64
1RB1LA_1LC1RD_0RD1LB_0LA1RD	C	4	2	64
1RB1LA_1LC1RD_0RD1LB_1LA1RD	C	4	2	64
1RB1LA_1LC1RD_0RD1LC_1LA1RD	C	3	2	64
1RB1LA_1LC1RD_0RD1RC_1LA1RD	C	4	2	256
1RB1LA_1LC1RD_1LA0LB_0LA1RD	C	4	2	64
1RB1LA_1LC1RD_1LA0LB_1LA0RD	C	4	2	256
1RB1LA_1LC1RD_1LA0LB_1LA1RD	C	4	2	256
1RB1LA_1LC1RD_1LA0LC_1LA1RD	C	3	2	256
1RB1LA_1LC1RD_1LA0RC_1LA1RD	C	4	2	64
1RB1LA_1LC1RD_1LA1LB_0LA1RD	C	4	2	64
1RB1LA_1LC1RD_1LA1LB_1LA1RD	C	4	2	64
1RB1LA_1LC1RD_1LA1LC_0LA1RD	C	3	2	64
1RB1LA_1LC1RD_1LA1LC_1LA1RD	C	3	2	256
1RB1LA_1LC1RD_1LA1RC_0LA1RD	C	4	2	256
1RB1LA_1LC1RD_1LA1RC_1LA1RD	C	4	2	1024
1RB1LA_1LC1RD_1LB1RC_0LA1RD	C	4	2	256
1RB1LA_1LC1RD_1LB1RC_1LA1RD	C	4	2	1024
1RB1LA_1LC1RD_1LD0LB_1LA0RD	C	4	2	64
1RB1LA_1LC1RD_1LD0LB_1LA1RD	C	4	2	64
1RB1LA_1LC1RD_1LD0LC_1LA0RD	C	3	2	256
1RB1LA_1LC1RD_1LD0LC_1LA1RD	C	3	2	256
1RB1LA_1LC1RD_1LD0RC_1LA1RD	C	4	2	64
1RB1LA_1LC1RD_1LD1LB_1LA1RD	C	4	2	64
1RB1LA_1LC1RD_1LD1LC_1LA1RD	C	3	2	64
1RB1LA_1LC1RD_1LD1RC_0LA1RD	C	4	2	256
1RB1LA_1LC1RD_1LD1RC_1LA1RD	C	4	2	1024
1RB1LA_1LC1RD_1RA0LB_1LA1RD	C	4	2	256
1RB1LA_1LC1RD_1RA0LC_0LA1RD	C	3	2	256
1RB1LA_1LC1RD_1RA0LC_1LA1RD	C	3	2	256
1RB1LA_1LC1RD_1RA1LB_0LA1RD	C	4	2	1024
1RB1LA_1LC1RD_1RA1LB_1LA1RD	C	4	2	256
1RB1LA_1LC1RD_1RA1LC_0LA1RD	C	3	2	256
1RB1LA_1LC1RD_1RA1LC_1LA1RD	C	3	2	256
1RB1LA_1LC1RD_1RB0LB_1LA1RD	C	4	2	256
1RB1LA_1LC1RD_1RB1LB_0LA1RD	C	4	2	64
1RB1LA_1LC1RD_1RB1LB_1LA1RD	C	4	2	256
1RB1LA_1LC1RD_1RB1LC_0LA1RD	C	3	2	256
1RB1LA_1LC1RD_1RB1LC_1LA0RD	C	3	2	256
1RB1LA_1LC1RD_1RB1LC_1LA1RD	C	3	2	256
1RB1LA_1LC1RD_1RC0LB_0LA1RD	C	5	2	256
1RB1LA_1LC1RD_1RC0LB_1LA1RD	C	5	2	1024
1RB1LA_1LC1RD_1RC1LB_0LA1RD	C	5	2	256
1RB1LA_1LC1RD_1RC1LB_1LA0RD	C	5	2	256
1RB1LA_1LC1RD_1RC1LB_1LA1RD	C	5	2	256
1RB1LA_1LC1RD_1RD0LB_1LA1RD	C	4	2	256
1RB1LA_1LC1RD_1RD0LC_1LA1RD	C	3	2	256
1RB1LA_1LC1RD_1RD0RC_1LA1RD	C	4	2	64
1RB1LA_1LC1RD_1RD1LB_0LA1RD	C	4	2	64
1RB1LA_1LC1RD_1RD1LB_1LA0RD	C	4	2	64
1RB1LA_1LC1RD_1RD1LB_1LA1RD	C	4	2	256
1RB1LA_1LC1RD_1RD1LC_0LA1RD	C	3	2	256
1RB1LA_1LC1RD_1RD1LC_1LA1RD	C	3	2	256
1RB1LA_1LC1RD_1RD1RC_0LA1RD	C	4	2	256
1RB1LA_1LC1RD_1RD1RC_1LA1RD	C	4	2	256
1RB1LA_1RC0LD_0LA0RD_1LB0LD	A	5	2	256
1RB1LA_1RC0LD_1LA0RD_1LB0LD	A	5	2	256
1RB1LA_1RC0RC_0LA1LD_1LB1RD	A	5	2	64
1RB1LA_1RC0RC_1LA1LD_1LB1RD	A	5	2	256
1RB1LA_1RC0RD_0LA---_1LD1LA	C	2	2	64
1RB1LA_1RC0RD_0LB---_1LD1LA	C	2	2	64
1RB1LA_1RC0RD_0LC0LA_1LD1LA	C	3	2	256
1RB1LA_1RC0RD_0LC0LD_1LD1LA	C	3	2	256
1RB1LA_1RC0RD_0LC0RD_1LD1LA	C	3	2	64
1RB1LA_1RC0RD_0LC1LA_1LD1LA	C	3	2	64
1RB1LA_1RC0RD_0LC1LB_1LD1LA	C	3	2	256
1RB1LA_1RC0RD_0LC1LD_1LD1LA	C	3	2	64
1RB1LA_1RC0RD_0LC1RD_1LD1LA	C	3	2	64
1RB1LA_1RC0RD_0LD---_1LD1LA	C	2	2	64
1RB1LA_1RC0RD_0RD---_1LD1LA	C	2	2	64
1RB1LA_1RC0RD_1LA---_1LD1LA	C	2	2	64
1RB1LA_1RC0RD_1LB---_1LD1LA	C	2	2	64
1RB1LA_1RC0RD_1LC0LA_1LD1LA	C	3	2	64
1RB1LA_1RC0RD_1LC0LD_1LD1LA	C	3	2	64
1RB1LA_1RC0RD_1LC0RA_1LD1LA	C	3	2	64
1RB1LA_1RC0RD_1LC0RB_1LD1LA	C	3	2	64
1RB1LA_1RC0RD_1LC0RD_1LD1LA	C	3	2	64
1RB1LA_1RC0RD_1LC1LA_1LD1LA	C	3	2	64
1RB1LA_1RC0RD_1LC1LB_1LD1LA	C	3	2	64
1RB1LA_1RC0RD_1LC1LD_1LD1LA	C	3	2	64
1RB1LA_1RC0RD_1LC1RA_1LD1LA	C	3	2	64
1RB1LA_1RC0RD_1LC1RB_1LD1LA	C	3	2	64
1RB1LA_1RC0RD_1LC1RD_1LD1LA	C	3	2	64
1RB1LA_1RC0RD_1LD---_1LD1LA	C	2	2	64
1RB1LA_1RC0RD_1RD---_1LD1LA	C	2	2	64
1RB1LA_1RC1LB_0LA0RD_1LD1LB	A	5	2	256
1RB1LA_1RC1LB_0LA1LD_0LB1RD	A	5	2	1024
1RB1LA_1RC1LB_0LA1LD_1LB1RD	A	5	2	256
1RB1LA_1RC1LB_0LA1RD_0LB1RD	A	5	2	256
1RB1LA_1RC1LB_0LA1RD_1LB1RD	A	5	2	64
1RB1LA_1RC1LB_1LA0RD_1LD1LB	A	5	2	256
1RB1LA_1RC1LB_1LA1LD_0LB1RD	A	5	2	256
1RB1LA_1RC1LB_1LA1LD_1LB1RD	A	5	2	64
1RB1LA_1RC1LB_1LA1RD_0LB1RD	A	5	2	1024
1RB1LA_1RC1LB_1LA1RD_1LB1RD	A	5	2	256
1RB1LA_1RC1LD_0LA---_0LA1RD	C	2	2	256
1RB1LA_1RC1LD_0LA---_1LA1RD	C	2	2	256
1RB1LA_1RC1LD_0LB---_0LA1RD	C	2	2	256
1RB1LA_1RC1LD_0LB---_1LA1RD	C	2	2	1024
1RB1LA_1RC1LD_0LC0LA_1LA1RD	C	3	2	64
1RB1LA_1RC1LD_0LC0LB_1LA1RD	C	3	2	1024
1RB1LA_1RC1LD_0LC0LD_1LA1RD	C	3	2	1024
1RB1LA_1RC1LD_0LC0RD_1LA1RD	C	3	2	256
1RB1LA_1RC1LD_0LC1LA_0LA1RD	C	3	2	256
1RB1LA_1RC1LD_0LC1LA_1LA1RD	C	3	2	256
1RB1LA_1RC1LD_0LC1LB_0LA1RD	C	8	2	1024
1RB1LA_1RC1LD_0LC1LB_1LA1RD	C	3	2	256
1RB1LA_1RC1LD_0LC1LD_0LA1RD	C	3	2	256
1RB1LA_1RC1LD_0LC1LD_1LA1RD	C	3	2	1024
1RB1LA_1RC1LD_0LC1RD_0LA1RD	C	3	2	256
1RB1LA_1RC1LD_0LC1RD_1LA1RD	C	3	2	256
1RB1LA_1RC1LD_0LD---_0LA1RD	C	2	2	256
1RB1LA_1RC1LD_0LD---_1LA1RD	C	2	2	256
1RB1LA_1RC1LD_0RD---_1LA1RD	C	2	2	64
1RB1LA_1RC1LD_1LA---_0LA1RD	C	2	2	1024
1RB1LA_1RC1LD_1LA---_1LA1RD	C	2	2	256
1RB1LA_1RC1LD_1LB---_0LA1RD	C	2	2	1024
1RB1LA_1RC1LD_1LB---_1LA1RD	C	2	2	256
1RB1LA_1RC1LD_1LC0LA_1LA1RD	C	3	2	256
1RB1LA_1RC1LD_1LC0LB_1LA1RD	C	3	2	64
1RB1LA_1RC1LD_1LC0LD_1LA1RD	C	3	2	256
1RB1LA_1RC1LD_1LC0RA_0LA1RD	C	3	2	256
1RB1LA_1RC1LD_1LC0RA_1LA1RD	C	3	2	256
1RB1LA_1RC1LD_1LC0RB_1LA1RD	C	3	2	256
1RB1LA_1RC1LD_1LC0RD_0LA1RD	C	3	2	256
1RB1LA_1RC1LD_1LC0RD_1LA1RD	C	3	2	256
1RB1LA_1RC1LD_1LC1LA_0LA1RD	C	3	2	1024
1RB1LA_1RC1LD_1LC1LA_1LA1RD	C	3	2	256
1RB1LA_1RC1LD_1LC1LB_0LA1RD	C	8	2	256
1RB1LA_1RC1LD_1LC1LB_1LA1RD	C	3	2	64
1RB1LA_1RC1LD_1LC1LD_0LA1RD	C	3	2	1024
1RB1LA_1RC1LD_1LC1LD_1LA1RD	C	3	2	256
1RB1LA_1RC1LD_1LC1RA_0LA1RD	C	3	2	1024
1RB1LA_1RC1LD_1LC1RA_1LA1RD	C	3	2	256
1RB1LA_1RC1LD_1LC1RB_0LA1RD	C	3	2	1024
1RB1LA_1RC1LD_1LC1RB_1LA1RD	C	3	2	256
1RB1LA_1RC1LD_1LC1RD_0LA1RD	C	3	2	1024
1RB1LA_1RC1LD_1LC1RD_1LA1RD	C	3	2	256
1RB1LA_1RC1LD_1LD---_0LA1RD	C	2	2	1024
1RB1LA_1RC1LD_1LD---_1LA1RD	C	2	2	256
1RB1LA_1RC1LD_1RD---_0LA1RD	C	2	2	1024
1RB1LA_1RC1LD_1RD---_1LA1RD	C	2	2	64
1RB1LA_1RC1RD_0LA---_0LA1RD	C	2	2	64
1RB1LA_1RC1RD_0LA---_1LA1RD	C	2	2	64
1RB1LA_1RC1RD_0LB---_1LA1RD	C	2	2	1024
1RB1LA_1RC1RD_0LC0LA_1LA1RD	C	3	2	64
1RB1LA_1RC1RD_0LC0LB_1LA1RD	C	3	2	64
1RB1LA_1RC1RD_0LC0LD_1LA1RD	C	3	2	64
1RB1LA_1RC1RD_0LC0RD_1LA1RD	C	3	2	1024
1RB1LA_1RC1RD_0LC1LA_0LA1RD	C	3	2	64
1RB1LA_1RC1RD_0LC1LA_1LA1RD	C	3	2	64
1RB1LA_1RC1RD_0LC1LB_1LA1RD	C	3	2	64
1RB1LA_1RC1RD_0LC1LD_1LA1RD	C	3	2	64
1RB1LA_1RC1RD_0LC1RD_1LA1RD	C	3	2	1024
1RB1LA_1RC1RD_0LD---_1LA1RD	C	2	2	1024
1RB1LA_1RC1RD_0RD---_1LA1RD	C	2	2	256
1RB1LA_1RC1RD_1LA---_0LA1RD	C	2	2	256
1RB1LA_1RC1RD_1LA---_1LA1RD	C	2	2	256
1RB1LA_1RC1RD_1LB---_0LA1RD	C	2	2	256
1RB1LA_1RC1RD_1LB---_1LA1RD	C	2	2	256
1RB1LA_1RC1RD_1LC0LA_1LA1RD	C	3	2	256
1RB1LA_1RC1RD_1LC0LB_1LA1RD	C	3	2	1024
1RB1LA_1RC1RD_1LC0LD_1LA1RD	C	3	2	1024
1RB1LA_1RC1RD_1LC0RA_0LA1RD	C	3	2	256
1RB1LA_1RC1RD_1LC0RA_1LA1RD	C	3	2	1024
1RB1LA_1RC1RD_1LC0RB_0LA1RD	C	3	2	64
1RB1LA_1RC1RD_1LC0RB_1LA1RD	C	3	2	256
1RB1LA_1RC1RD_1LC0RD_0LA1RD	C	3	2	64
1RB1LA_1RC1RD_1LC0RD_1LA1RD	C	3	2	256
1RB1LA_1RC1RD_1LC1LA_0LA1RD	C	3	2	256
1RB1LA_1RC1RD_1LC1LA_1LA1RD	C	3	2	256
1RB1LA_1RC1RD_1LC1LB_0LA1RD	C	3	2	256
1RB1LA_1RC1RD_1LC1LB_1LA1RD	C	3	2	1024
1RB1LA_1RC1RD_1LC1LD_0LA1RD	C	3	2	256
1RB1LA_1RC1RD_1LC1LD_1LA1RD	C	3	2	1024
1RB1LA_1RC1RD_1LC1RA_0LA1RD	C	3	2	256
1RB1LA_1RC1RD_1LC1RA_1LA1RD	C	3	2	1024
1RB1LA_1RC1RD_1LC1RB_0LA1RD	C	3	2	256
1RB1LA_1RC1RD_1LC1RB_1LA1RD	C	3	2	256
1RB1LA_1RC1RD_1LC1RD_0LA1RD	C	3	2	256
1RB1LA_1RC1RD_1LC1RD_1LA1RD	C	3	2	256
1RB1LA_1RC1RD_1LD---_0LA1RD	C	2	2	256
1RB1LA_1RC1RD_1LD---_1LA1RD	C	2	2	256
1RB1LA_1RC1RD_1RD---_0LA1RD	C	2	2	256
1RB1LA_1RC1RD_1RD---_1LA1RD	C	2	2	256
1RB1LB_0RC0RA_1LD1RC_1LB1LD	A	5	2	64
1RB1LB_0RC1LA_0LD1RC_1LB1LD	A	7	2	256
1RB1LB_0RC1LA_1LD1RC_1LB1LD	A	7	2	256
1RB1LB_0RC1LB_1LD1RC_0LA1LB	A	4	2	64
1RB1LB_0RC1LB_1LD1RC_0LA1RB	A	4	2	256
1RB1LB_0RC1LB_1LD1RC_1LA1LB	A	4	2	256
1RB1LB_0RC1LB_1LD1RC_1LA1RB	A	4	2	1024
1RB1LB_0RC1LB_1LD1RC_1RA1LB	A	4	2	256
1RB1LB_0RC1LB_1LD1RC_1RA1RB	A	4	2	1024
1RB1LB_1LA0LC_0LD1RC_1RC1LD	B	5	2	64
1RB1LB_1LA0LC_0RD1LC_1LC1RD	B	5	2	256
1RB1LB_1LA0LC_1LD1RC_0RC1LD	B	5	2	256
1RB1LB_1LA0LC_1LD1RC_1RC1LD	B	5	2	256
1RB1LB_1LA0LC_1RC1RD_1LB1RD	A	4	2	256
1RB1LB_1LA0LC_1RD0RC_1LB0RC	A	4	2	256
1RB1LB_1LA0LC_1RD1LC_1LC1RD	B	5	2	256
1RB1LB_1LA0RC_0LD1RC_1RC1LD	B	5	2	256
1RB1LB_1LA0RC_1LC1LD_1RB1LD	A	4	2	256
1RB1LB_1LA0RC_1LD0LC_1RB0LC	A	4	2	64
1RB1LB_1LA0RC_1LD1RC_1RC1LD	B	5	2	256
1RB1LB_1LA0RC_1RD1LC_0LC1RD	B	5	2	256
1RB1LB_1LA0RC_1RD1LC_1LC1RD	B	5	2	256
1RB1LB_1LA1LC_0LD1RC_1RB1LD	A	4	2	256
1RB1LB_1LA1LC_0LD1RC_1RC1LD	B	5	2	256
1RB1LB_1LA1LC_0RD1LC_1LB1RD	A	4	2	64
1RB1LB_1LA1LC_0RD1LC_1LC1RD	B	5	2	64
1RB1LB_1LA1LC_1LD1RC_0RC1LD	B	5	2	1024
1RB1LB_1LA1LC_1LD1RC_1RB0RB	A	4	2	1024
1RB1LB_1LA1LC_1LD1RC_1RB1LD	A	4	2	64
1RB1LB_1LA1LC_1LD1RC_1RC0RB	A	4	2	256
1RB1LB_1LA1LC_1LD1RC_1RC1LD	B	5	2	256
1RB1LB_1LA1LC_1RD1LC_0LB1RD	A	4	2	1024
1RB1LB_1LA1LC_1RD1LC_0LC1RD	B	5	2	1024
1RB1LB_1LA1LC_1RD1LC_1LB1RD	A	4	2	256
1RB1LB_1LA1LC_1RD1LC_1LC1RD	B	5	2	256
1RB1LB_1LA1RC_0LD1RC_1RB1LD	A	4	2	64
1RB1LB_1LA1RC_0LD1RC_1RC1LD	B	5	2	64
1RB1LB_1LA1RC_0RD1LC_1LB1RD	A	4	2	64
1RB1LB_1LA1RC_0RD1LC_1LC1RD	B	5	2	256
1RB1LB_1LA1RC_1LD0RC_0RB1LC	A	4	2	64
1RB1LB_1LA1RC_1LD1RC_0RB1LD	A	4	2	1024
1RB1LB_1LA1RC_1LD1RC_0RC1LD	B	5	2	1024
1RB1LB_1LA1RC_1LD1RC_1RB1LD	A	4	2	256
1RB1LB_1LA1RC_1LD1RC_1RC1LD	B	5	2	256
1RB1LB_1LA1RC_1RD0LC_0LB1LC	A	4	2	256
1RB1LB_1LA1RC_1RD1LC_0LC1RD	B	5	2	1024
1RB1LB_1LA1RC_1RD1LC_1LB0LB	A	4	2	1024
1RB1LB_1LA1RC_1RD1LC_1LB1RD	A	4	2	64
1RB1LB_1LA1RC_1RD1LC_1LC0LB	A	4	2	64
1RB1LB_1LA1RC_1RD1LC_1LC1RD	B	5	2	256
1RB1LB_1LC0LC_1RD0RA_0RB1LD	A	3	2	64
1RB1LB_1LC0LC_1RD1RA_0RB1LD	A	3	2	256
1RB1LB_1LC0RB_0LD0RA_1RD0RB	A	3	2	64
1RB1LB_1LC1LB_0RD0RA_0LB1RD	A	3	2	64
1RB1LB_1LC1LB_0RD0RA_1LB1RD	A	3	2	64
1RB1LB_1LC1LB_0RD1RA_0LB1RD	A	3	2	256
1RB1LB_1LC1LB_0RD1RA_1LB1RD	A	3	2	256
1RB1LB_1LC1LB_1RD0RA_0LB1RD	A	3	2	64
1RB1LB_1LC1LB_1RD0RA_1LB1RD	A	3	2	64
1RB1LB_1LC1LB_1RD1RA_0LB1RD	A	3	2	64
1RB1LB_1LC1LB_1RD1RA_1LB1RD	A	3	2	1024
1RB1LB_1LC1LD_0LD0RA_1RD0RB	A	3	2	256
1RB1LB_1LC1LD_0LD1RA_1RD0RB	A	3	2	64
1RB1LB_1RC0LD_0LA0RD_1LB0LD	A	3	2	256
1RB1LB_1RC0LD_1LA0RD_1LB0LD	A	3	2	64
1RB1LB_1RC0RC_0LA1LD_1LB1RD	A	3	2	64
1RB1LB_1RC0RC_1LA1LD_1LB1RD	A	3	2	1024
1RB1LB_1RC1LB_0LA0RD_1LD1LB	A	3	2	64
1RB1LB_1RC1LB_0LA1LD_0LB1RD	A	3	2	256
1RB1LB_1RC1LB_0LA1LD_1LB1RD	A	3	2	256
1RB1LB_1RC1LB_0LA1RD_0LB1RD	A	3	2	64
1RB1LB_1RC1LB_0LA1RD_1LB1RD	A	3	2	64
1RB1LB_1RC1LB_1LA0RD_1LD1LB	A	3	2	64
1RB1LB_1RC1LB_1LA1LD_0LB1RD	A	3	2	1024
1RB1LB_1RC1LB_1LA1LD_1LB1RD	A	3	2	256
1RB1LB_1RC1LB_1LA1RD_0LB1RD	A	3	2	256
1RB1LB_1RC1LB_1LA1RD_1LB1RD	A	3	2	256
1RB1LC_0LA---_1LD1RC_0RC0RA	B	1	2	1024
1RB1LC_0LA---_1LD1RC_1RA0RA	B	1	2	256
1RB1LC_0LA---_1LD1RC_1RA1LD	B	1	2	256
1RB1LC_0LA---_1LD1RC_1RC0RA	B	1	2	1024
1RB1LC_0LA---_1LD1RC_1RC1LD	B	1	2	1024
1RB1LC_0LA---_1RD0LC_0LA1RC	B	1	2	256
1RB1LC_0LA---_1RD1LC_1LA1RD	B	1	2	64
1RB1LC_0LA---_1RD1LC_1LC1RD	B	1	2	64
1RB1LC_0LA0LC_0LD1RC_1RA1LD	B	6	2	64
1RB1LC_0LA0LC_1RC1RD_1LB1RD	A	2	2	64
1RB1LC_0LA0LC_1RD0RC_1LB0RC	A	2	2	256
1RB1LC_0LA0LD_0LD1RC_1RA1LD	B	6	2	256
1RB1LC_0LA0RB_0LD1RC_1RA1LD	B	9	2	256
1RB1LC_0LA0RC_0LD1RC_1RA1LD	B	10	2	1024
1RB1LC_0LA0RC_1LD0LC_1RB0LC	A	2	2	256
1RB1LC_0LA0RD_0LD1RC_1RA1LD	B	9	2	64
1RB1LC_0LA0RD_1RB1LC_1LD1LC	A	2	2	256
1RB1LC_0LA1LA_0LD1RC_1RA1LD	B	6	2	256
1RB1LC_0LA1LC_0LD1RC_1RA1LD	B	6	2	256
1RB1LC_0LA1LC_1LD1RC_0RC0RB	A	2	2	1024
1RB1LC_0LA1LC_1LD1RC_1RB0RB	A	2	2	256
1RB1LC_0LA1LC_1LD1RC_1RB1LD	A	2	2	256
1RB1LC_0LA1LC_1LD1RC_1RC0RB	A	2	2	1024
1RB1LC_0LA1LC_1RD0LC_0LB1RC	A	2	2	256
1RB1LC_0LA1LC_1RD1LC_1LB1RD	A	2	2	64
1RB1LC_0LA1LD_0LD1RC_1RA1LD	B	6	2	1024
1RB1LC_0LA1LD_0RD0RB_1LC1RD	A	2	2	1024
1RB1LC_0LA1LD_1RB0RB_1LC1RD	A	2	2	256
1RB1LC_0LA1LD_1RB1LC_0LC1RD	A	2	2	256
1RB1LC_0LA1LD_1RB1LC_1LC1RD	A	2	2	1024
1RB1LC_0LA1LD_1RD0RB_1LC1RD	A	2	2	1024
1RB1LC_0LA1RA_0LD1RC_1RA1LD	B	8	2	1024
1RB1LC_0LA1RB_0LD1RC_1RA1LD	B	7	2	256
1RB1LC_0LA1RC_0LD1RC_1RA1LD	B	6	2	1024
1RB1LC_0LA1RC_1LD1RC_1RB1LD	A	2	2	1024
1RB1LC_0LA1RC_1RD0LC_0LB1LC	A	2	2	1024
1RB1LC_0LA1RC_1RD1LC_0LC0LB	A	2	2	1024
1RB1LC_0LA1RC_1RD1LC_1LB0LB	A	2	2	64
1RB1LC_0LA1RC_1RD1LC_1LB1RD	A	2	2	256
1RB1LC_0LA1RC_1RD1LC_1LC0LB	A	2	2	256
1RB1LC_0LA1RD_0LD0LB_1RC1LD	A	2	2	1024
1RB1LC_0LA1RD_1LD0LB_1RC1LD	A	2	2	256
1RB1LC_0LA1RD_1RB1LC_1LC1RD	A	2	2	64
1RB1LC_0LB0LC_0RD1LC_1LA1RD	B	6	2	256
1RB1LC_0LB0LC_1LD1RC_0RC0RA	B	2	2	1024
1RB1LC_0LB0LC_1LD1RC_1RA0RA	B	2	2	256
1RB1LC_0LB0LC_1LD1RC_1RA1LD	B	2	2	64
1RB1LC_0LB0LC_1LD1RC_1RC0RA	B	2	2	1024
1RB1LC_0LB0LC_1RD1LC_1LA1RD	B	2	2	64
1RB1LC_0LB0RC_1LD1RC_0RC0RA	B	2	2	1024
1RB1LC_0LB0RC_1LD1RC_1RA0RA	B	2	2	256
1RB1LC_0LB0RC_1LD1RC_1RA1LD	B	2	2	64
1RB1LC_0LB0RC_1LD1RC_1RC0RA	B	2	2	1024
1RB1LC_0LB0RC_1RD1LC_1LA1RD	B	2	2	64
1RB1LC_0LB1LA_0LD1RC_1RA1LD	B	9	2	1024
1RB1LC_0LB1LA_0LD1RC_1RC1LD	B	4	2	64
1RB1LC_0LB1LA_1LD1RC_0RC0RA	B	4	2	256
1RB1LC_0LB1LA_1LD1RC_0RC1LD	B	4	2	256
1RB1LC_0LB1LA_1LD1RC_1RA0RA	B	4	2	1024
1RB1LC_0LB1LA_1LD1RC_1RA1LD	B	4	2	256
1RB1LC_0LB1LA_1LD1RC_1RC0RA	B	4	2	64
1RB1LC_0LB1LA_1LD1RC_1RC1LD	B	4	2	1024
1RB1LC_0LB1LA_1RD1LC_0LA1RD	B	4	2	64
1RB1LC_0LB1LA_1RD1LC_0LC1RD	B	4	2	64
1RB1LC_0LB1LA_1RD1LC_1LA1RD	B	4	2	64
1RB1LC_0LB1LA_1RD1LC_1LC1RD	B	4	2	64
1RB1LC_0LB1LC_0LD1RC_1RA1LD	B	6	2	256
1RB1LC_0LB1LC_1LD1RC_0RC0RA	B	2	2	1024
1RB1LC_0LB1LC_1LD1RC_1RA0RA	B	2	2	256
1RB1LC_0LB1LC_1LD1RC_1RA1LD	B	2	2	256
1RB1LC_0LB1LC_1LD1RC_1RC0RA	B	2	2	1024
1RB1LC_0LB1LC_1RD0LC_0LA1RC	B	2	2	256
1RB1LC_0LB1LC_1RD1LC_1LA1RD	B	2	2	64
1RB1LC_0LB1RC_1LD0RC_0RA1RC	B	2	2	1024
1RB1LC_0LB1RC_1LD1RC_0RC0RA	B	2	2	1024
1RB1LC_0LB1RC_1LD1RC_1RA0RA	B	2	2	64
1RB1LC_0LB1RC_1LD1RC_1RA1LD	B	2	2	256
1RB1LC_0LB1RC_1LD1RC_1RC0RA	B	2	2	256
1RB1LC_0LB1RC_1RD1LC_1LA1RD	B	2	2	1024
1RB1LC_0LC---_1LD1RC_0RC0RA	B	1	2	1024
1RB1LC_0LC---_1LD1RC_1RA0RA	B	1	2	64
1RB1LC_0LC---_1LD1RC_1RA1LD	B	1	2	256
1RB1LC_0LC---_1LD1RC_1RC0RA	B	1	2	256
1RB1LC_0LC---_1RD1LC_1LA1RD	B	1	2	64
1RB1LC_0RC---_1LD0RC_0RA1RC	B	1	2	1024
1RB1LC_0RC---_1LD1RC_0RC0RA	B	1	2	1024
1RB1LC_0RC---_1LD1RC_1RA0RA	B	1	2	256
1RB1LC_0RC---_1LD1RC_1RA1LD	B	1	2	256
1RB1LC_0RC---_1LD1RC_1RC0RA	B	1	2	1024
1RB1LC_0RC---_1RD1LC_0LA1RD	B	1	2	256
1RB1LC_0RC---_1RD1LC_1LA1RD	B	1	2	256
1RB1LC_0RC0LA_0RD1LC_1LA1RD	B	5	2	256
1RB1LC_0RC0LC_0RD1LC_1LA1RD	B	5	2	256
1RB1LC_0RC0RA_1LD1RC_1LB1LD	A	5	2	256
1RB1LC_0RC1LA_0LD1RC_1LB1LD	A	7	2	64
1RB1LC_0RC1LA_1LD1RC_1LB1LD	A	7	2	256
1RB1LC_0RC1LB_1LD1RC_0LA1LB	A	7	2	256
1RB1LC_0RC1LB_1LD1RC_0LA1RB	A	7	2	1024
1RB1LC_0RC1LB_1LD1RC_0RA1LB	A	4	2	256
1RB1LC_0RC1LB_1LD1RC_0RA1RB	A	4	2	256
1RB1LC_0RC1LB_1LD1RC_1LA1LB	A	7	2	64
1RB1LC_0RC1LB_1LD1RC_1LA1RB	A	7	2	256
1RB1LC_0RC1LB_1LD1RC_1RA1LB	A	4	2	256
1RB1LC_0RC1LB_1LD1RC_1RA1RB	A	4	2	1024
1RB1LC_0RC1RA_0LD1RC_1LB1LD	A	5	2	64
1RB1LC_0RC1RA_1LD1RC_1LB1LD	A	5	2	256
1RB1LC_0RC1RD_0RD1LC_1LA1RD	B	5	2	64
1RB1LC_1LA---_0RD1LC_1LA1RD	B	1	2	64
1RB1LC_1LA---_0RD1LC_1LC1RD	B	1	2	64
1RB1LC_1LA---_1LD1RC_0RC0RA	B	1	2	256
1RB1LC_1LA---_1LD1RC_0RC1LD	B	1	2	256
1RB1LC_1LA---_1LD1RC_1RA0RA	B	1	2	1024
1RB1LC_1LA---_1LD1RC_1RA1LD	B	1	2	64
1RB1LC_1LA---_1LD1RC_1RC0RA	B	1	2	64
1RB1LC_1LA---_1LD1RC_1RC1LD	B	1	2	256
1RB1LC_1LA---_1RD0LC_0LA1RC	B	1	2	64
1RB1LC_1LA---_1RD1LC_0LA1RD	B	1	2	256
1RB1LC_1LA---_1RD1LC_0LC1RD	B	1	2	256
1RB1LC_1LA---_1RD1LC_1LA1RD	B	1	2	256
1RB1LC_1LA---_1RD1LC_1LC1RD	B	1	2	256
1RB1LC_1LA0LC_0LD1RC_1RA1LD	B	6	2	64
1RB1LC_1LA0LC_1RC1RD_1LB1RD	A	2	2	64
1RB1LC_1LA0LC_1RD0RC_1LB0RC	A	2	2	256
1RB1LC_1LA0LD_0LD1RC_1RA1LD	B	6	2	256
1RB1LC_1LA0LD_1LB0RD_1RC0RD	A	5	2	1024
1RB1LC_1LA0LD_1LB1RC_1RD1RC	A	5	2	256
1RB1LC_1LA0RA_0LD1RC_1RA1LD	B	6	2	64
1RB1LC_1LA0RC_0LD1RC_1RA1LD	B	6	2	1024
1RB1LC_1LA0RC_1LD0LC_1RB0LC	A	2	2	64
1RB1LC_1LA0RD_0LD1RC_1RA1LD	B	6	2	1024
1RB1LC_1LA0RD_1RB0LD_1LC0LD	A	2	2	256
1RB1LC_1LA0RD_1RB1LC_1LD1LC	A	2	2	64
1RB1LC_1LA1LA_0LD1RC_1RA1LD	B	6	2	1024
1RB1LC_1LA1LC_0LD1RC_1RA1LD	B	6	2	256
1RB1LC_1LA1LC_0RD1LC_1LB1RD	A	2	2	64
1RB1LC_1LA1LC_1LD1RC_0RC0RB	A	2	2	256
1RB1LC_1LA1LC_1LD1RC_1RB0RB	A	2	2	1024
1RB1LC_1LA1LC_1LD1RC_1RB1LD	A	2	2	64
1RB1LC_1LA1LC_1LD1RC_1RC0RB	A	2	2	64
1RB1LC_1LA1LC_1RD0LC_0LB1RC	A	2	2	64
1RB1LC_1LA1LC_1RD1LC_0LB1RD	A	2	2	256
1RB1LC_1LA1LC_1RD1LC_1LB1RD	A	2	2	256
1RB1LC_1LA1LD_0LD1RC_1RA1LD	B	6	2	256
1RB1LC_1LA1LD_0RD0RB_1LC1RD	A	2	2	256
1RB1LC_1LA1LD_1LB1RC_0RC1LD	A	5	2	64
1RB1LC_1LA1LD_1LB1RC_1RC1LD	A	5	2	64
1RB1LC_1LA1LD_1RB0RB_1LC1RD	A	2	2	64
1RB1LC_1LA1LD_1RB1LC_0LC1RD	A	2	2	64
1RB1LC_1LA1LD_1RB1LC_1LC1RD	A	2	2	256
1RB1LC_1LA1LD_1RD0RB_1LC1RD	A	2	2	1024
1RB1LC_1LA1RA_0LD1RC_1RA1LD	B	6	2	256
1RB1LC_1LA1RC_0LD1RC_1RA1LD	B	6	2	64
1RB1LC_1LA1RC_0RD1LC_1LB1RD	A	2	2	256
1RB1LC_1LA1RC_1LD0RC_0RB1LC	A	2	2	64
1RB1LC_1LA1RC_1LD1RC_0RB1LD	A	2	2	256
1RB1LC_1LA1RC_1LD1RC_1RB1LD	A	2	2	256
1RB1LC_1LA1RC_1RD0LC_0LB1LC	A	2	2	1024
1RB1LC_1LA1RC_1RD1LC_0LC0LB	A	2	2	256
1RB1LC_1LA1RC_1RD1LC_1LB0LB	A	2	2	256
1RB1LC_1LA1RC_1RD1LC_1LB1RD	A	2	2	256
1RB1LC_1LA1RC_1RD1LC_1LC0LB	A	2	2	1024
1RB1LC_1LA1RD_0LB1LD_1RC0LD	A	5	2	256
1RB1LC_1LA1RD_0LD0LB_1RC1LD	A	2	2	1024
1RB1LC_1LA1RD_0LD1RC_1RA1LD	B	6	2	256
1RB1LC_1LA1RD_0RB1LC_1LC1RD	A	2	2	64
1RB1LC_1LA1RD_1LB0LB_1RC1LD	A	5	2	64
1RB1LC_1LA1RD_1LB1RC_1RC1LD	A	5	2	256
1RB1LC_1LA1RD_1LD0LB_1RC1LD	A	2	2	1024
1RB1LC_1LA1RD_1RB1LC_0LC1RD	A	2	2	256
1RB1LC_1LA1RD_1RB1LC_1LC0RD	A	2	2	256
1RB1LC_1LA1RD_1RB1LC_1LC1RD	A	2	2	256
1RB1LC_1LB0LC_1LD1RC_0RC0RA	B	2	2	256
1RB1LC_1LB0LC_1LD1RC_1RA0RA	B	2	2	256
1RB1LC_1LB0LC_1LD1RC_1RA1LD	B	2	2	256
1RB1LC_1LB0LC_1LD1RC_1RC0RA	B	2	2	1024
1RB1LC_1LB0LC_1RD1LC_1LA1RD	B	2	2	256
1RB1LC_1LB0RA_0LD1RC_1RC1LD	B	2	2	64
1RB1LC_1LB0RA_1LD1RC_0RC0RA	B	2	2	1024
1RB1LC_1LB0RA_1LD1RC_1RA0RA	B	2	2	64
1RB1LC_1LB0RA_1LD1RC_1RA1LD	B	2	2	256
1RB1LC_1LB0RA_1LD1RC_1RC0RA	B	2	2	256
1RB1LC_1LB0RA_1LD1RC_1RC1LD	B	2	2	64
1RB1LC_1LB0RA_1RD1LC_1LA1RD	B	2	2	64
1RB1LC_1LB0RA_1RD1LC_1LC1RD	B	2	2	64
1RB1LC_1LB0RC_1LD1RC_0RC0RA	B	2	2	1024
1RB1LC_1LB0RC_1LD1RC_1RA0RA	B	2	2	64
1RB1LC_1LB0RC_1LD1RC_1RA1LD	B	2	2	1024
1RB1LC_1LB0RC_1LD1RC_1RC0RA	B	2	2	256
1RB1LC_1LB0RC_1RD1LC_1LA1RD	B	2	2	64
1RB1LC_1LB1LA_0LD1RC_1RA1LD	B	9	2	256
1RB1LC_1LB1LA_0LD1RC_1RC1LD	B	4	2	64
1RB1LC_1LB1LA_0RD1LC_1LA1RD	B	4	2	256
1RB1LC_1LB1LA_0RD1LC_1LC1RD	B	4	2	256
1RB1LC_1LB1LA_1LD1RC_0RC1LD	B	4	2	64
1RB1LC_1LB1LA_1LD1RC_1RA0RA	B	4	2	1024
1RB1LC_1LB1LA_1LD1RC_1RA1LD	B	4	2	64
1RB1LC_1LB1LA_1LD1RC_1RC0RA	B	4	2	256
1RB1LC_1LB1LA_1LD1RC_1RC1LD	B	4	2	256
1RB1LC_1LB1LA_1RD1LC_0LA1RD	B	4	2	256
1RB1LC_1LB1LA_1RD1LC_0LC1RD	B	4	2	256
1RB1LC_1LB1LA_1RD1LC_1LA1RD	B	4	2	256
1RB1LC_1LB1LA_1RD1LC_1LC1RD	B	4	2	256
1RB1LC_1LB1LC_0LD1RC_1RA1LD	B	6	2	256
1RB1LC_1LB1LC_0RD1LC_1LA1RD	B	2	2	64
1RB1LC_1LB1LC_1LD1RC_0RC0RA	B	2	2	256
1RB1LC_1LB1LC_1LD1RC_1RA0RA	B	2	2	1024
1RB1LC_1LB1LC_1LD1RC_1RA1LD	B	2	2	64
1RB1LC_1LB1LC_1LD1RC_1RC0RA	B	2	2	64
1RB1LC_1LB1LC_1RD0LC_0LA1RC	B	2	2	64
1RB1LC_1LB1LC_1RD1LC_0LA1RD	B	2	2	256
1RB1LC_1LB1LC_1RD1LC_1LA1RD	B	2	2	256
1RB1LC_1LB1RA_0LD1RC_1RA1LD	B	2	2	256
1RB1LC_1LB1RA_1LD1RC_0RC0RA	B	2	2	256
1RB1LC_1LB1RA_1LD1RC_0RC1LD	B	2	2	64
1RB1LC_1LB1RA_1LD1RC_1RA0RA	B	2	2	64
1RB1LC_1LB1RA_1LD1RC_1RA1LD	B	2	2	1024
1RB1LC_1LB1RA_1LD1RC_1RC0RA	B	2	2	1024
1RB1LC_1LB1RA_1LD1RC_1RC1LD	B	2	2	64
1RB1LC_1LB1RA_1RD1LC_0LA1RD	B	2	2	64
1RB1LC_1LB1RA_1RD1LC_0LC1RD	B	2	2	64
1RB1LC_1LB1RA_1RD1LC_1LA1RD	B	2	2	64
1RB1LC_1LB1RA_1RD1LC_1LC1RD	B	2	2	64
1RB1LC_1LB1RC_0LD1RC_1RA1LD	B	2	2	256
1RB1LC_1LB1RC_1LD0RC_0RA1RC	B	2	2	1024
1RB1LC_1LB1RC_1LD1RC_0RC0RA	B	2	2	256
1RB1LC_1LB1RC_1LD1RC_1RA0RA	B	2	2	256
1RB1LC_1LB1RC_1LD1RC_1RA1LD	B	2	2	256
1RB1LC_1LB1RC_1LD1RC_1RC0RA	B	2	2	256
1RB1LC_1LB1RC_1RD1LC_0LA1RD	B	2	2	64
1RB1LC_1LB1RC_1RD1LC_1LA1RD	B	2	2	64
1RB1LC_1LC---_0LD1RC_1RA1LD	B	1	2	256
1RB1LC_1LC---_0RD1LC_1LA1RD	B	1	2	64
1RB1LC_1LC---_1LD1RC_0RC0RA	B	1	2	256
1RB1LC_1LC---_1LD1RC_1RA0RA	B	1	2	256
1RB1LC_1LC---_1LD1RC_1RA1LD	B	1	2	256
1RB1LC_1LC---_1LD1RC_1RC0RA	B	1	2	256
1RB1LC_1LC---_1RD1LC_0LA1RD	B	1	2	256
1RB1LC_1LC---_1RD1LC_1LA1RD	B	1	2	256
1RB1LC_1LC0LC_1RD0RA_0RB1LD	A	3	2	256
1RB1LC_1LC1LB_0RD0RA_1LB1RD	A	3	2	64
1RB1LC_1LC1LB_1RD0RA_0LB1RD	A	3	2	256
1RB1LC_1LC1LB_1RD0RA_1LB1RD	A	3	2	256
1RB1LC_1LC1LD_0LD0RA_1RD0RB	A	3	2	64
1RB1LC_1LC1LD_1RD0RA_0LB0RC	A	3	3	64
1RB1LC_1RC---_0LD1RC_1RA1LD	B	1	2	256
1RB1LC_1RC---_1LD0RC_0RA1RC	B	1	2	64
1RB1LC_1RC---_1LD1RC_0RC0RA	B	1	2	256
1RB1LC_1RC---_1LD1RC_1RA0RA	B	1	2	256
1RB1LC_1RC---_1LD1RC_1RA1LD	B	1	2	256
1RB1LC_1RC---_1LD1RC_1RC0RA	B	1	2	256
1RB1LC_1RC---_1RD1LC_0LA1RD	B	1	2	256
1RB1LC_1RC---_1RD1LC_1LA1RD	B	1	2	256
1RB1LC_1RC0LA_0RD1LC_1LA1RD	B	5	2	64
1RB1LC_1RC0LC_0RD1LC_1LA1RD	B	5	2	64
1RB1LC_1RC0LD_0RD1LC_1LA1RD	B	5	2	256
1RB1LC_1RC0LD_1LA0RD_1LB0LD	A	3	2	256
1RB1LC_1RC0RC_0LA1LD_1LB1RD	A	3	2	1024
1RB1LC_1RC0RC_1LA1LD_1LB1RD	A	3	2	256
1RB1LC_1RC1LA_0RD1LC_1LA1RD	B	5	2	256
1RB1LC_1RC1LB_0LA0RD_1LD1LB	A	3	2	256
1RB1LC_1RC1LB_0LA1LD_0LB1RD	A	10	2	64
1RB1LC_1RC1LB_0LA1LD_1LB1RD	A	3	2	256
1RB1LC_1RC1LB_0LA1RD_1LB1RD	A	3	2	64
1RB1LC_1RC1LB_0RD1LC_1LA1RD	B	9	2	1024
1RB1LC_1RC1LB_1LA0RD_1LD1LB	A	3	2	64
1RB1LC_1RC1LB_1LA1LD_1LB1RD	A	3	2	64
1RB1LC_1RC1LB_1LA1RD_0LB1RD	A	3	2	256
1RB1LC_1RC1LB_1LA1RD_1LB1RD	A	3	2	1024
1RB1LC_1RC1LC_0RD1LC_1LA1RD	B	5	2	256
1RB1LC_1RC1LD_0RD1LC_1LA1RD	B	5	2	1024
1RB1LC_1RC1RD_0RD1LC_1LA1RD	B	5	2	1024
1RB1LD_0LB0LC_0RD0RA_1LC1RD	B	2	2	1024
1RB1LD_0LB0LC_1LA1RC_1RC1LD	B	5	2	64
1RB1LD_0LB0LC_1RA1LC_1LC1RD	B	6	2	1024
1RB1LD_0LB0LC_1RD0RA_1LC1RD	B	2	2	256
1RB1LD_0LB0RC_0RD0RA_1LC1RD	B	2	2	1024
1RB1LD_0LB0RC_1RD0RA_1LC1RD	B	2	2	256
1RB1LD_0LB1LC_0RD0RA_1LC1RD	B	2	2	1024
1RB1LD_0LB1LC_1LA1RC_0RC1LD	B	5	2	256
1RB1LD_0LB1LC_1LA1RC_1RC1LD	B	5	2	64
1RB1LD_0LB1LC_1RA0RA_1LC1RD	B	2	2	256
1RB1LD_0LB1LC_1RA1LC_0LC1RD	B	2	2	256
1RB1LD_0LB1LC_1RA1LC_1LC1RD	B	2	2	1024
1RB1LD_0LB1LC_1RD0RA_1LC1RD	B	2	2	1024
1RB1LD_0LB1RC_0RD0RA_1LC1RD	B	2	2	1024
1RB1LD_0LB1RC_1LA1RC_1RC1LD	B	2	2	64
1RB1LD_0LB1RC_1RD0RA_1LC1RD	B	2	2	256
1RB1LD_0LC---_0RA1RD_1LC0RD	B	1	2	1024
1RB1LD_0LC---_1LA1RC_1RC1LD	B	1	2	64
1RB1LD_0LC---_1RA1LC_0LC1RD	B	1	2	256
1RB1LD_0LC---_1RA1LC_1LC1RD	B	1	2	1024
1RB1LD_0RC---_0RD0RA_1LC1RD	B	1	2	1024
1RB1LD_0RC---_1RD0RA_1LC1RD	B	1	2	256
1RB1LD_0RC0LA_1LA1RC_1RC1LD	B	4	2	64
1RB1LD_0RC0LC_1LA1RC_0RC1LD	B	4	2	64
1RB1LD_0RC0LC_1LA1RC_1RC1LD	B	4	2	64
1RB1LD_0RC0LD_1LA1RC_1RC1LD	B	4	2	64
1RB1LD_0RC0RA_1LD1RC_1LB1LD	A	5	2	1024
1RB1LD_0RC0RD_1LA1RC_1RC1LD	B	4	2	256
1RB1LD_0RC1LA_0LD1RC_1LB1LD	A	7	2	1024
1RB1LD_0RC1LA_1LA1RC_0RC1LD	B	4	2	256
1RB1LD_0RC1LA_1LA1RC_1RC1LD	B	4	2	1024
1RB1LD_0RC1LA_1LD1RC_1LB1LD	A	7	2	64
1RB1LD_0RC1LB_1LA1RC_0RC1LD	B	7	2	256
1RB1LD_0RC1LB_1LA1RC_1RC1LD	B	7	2	64
1RB1LD_0RC1LB_1LD1RC_0LA1RB	A	6	2	256
1RB1LD_0RC1LB_1LD1RC_1LA1LB	A	6	2	64
1RB1LD_0RC1LB_1LD1RC_1RA1LB	A	4	2	256
1RB1LD_0RC1LB_1LD1RC_1RA1RB	A	4	2	256
1RB1LD_0RC1LC_1LA1RC_0RC1LD	B	4	2	256
1RB1LD_0RC1LC_1LA1RC_1RC1LD	B	4	2	1024
1RB1LD_0RC1LD_1LA1RC_0RC1LD	B	4	2	256
1RB1LD_0RC1LD_1LA1RC_1RC1LD	B	4	2	1024
1RB1LD_0RC1RA_0LD1RC_1LB1LD	A	5	2	256
1RB1LD_0RC1RA_1LD1RC_1LB1LD	A	5	2	256
1RB1LD_0RC1RC_1LA1RC_0RC1LD	B	4	2	256
1RB1LD_0RC1RC_1LA1RC_1RC1LD	B	4	2	256
1RB1LD_0RC1RD_1LA1RC_1RC1LD	B	4	2	256
1RB1LD_1LB0LC_0RA1RD_1LC0RD	B	5	2	256
1RB1LD_1LB0LC_0RD0RA_1LC1RD	B	2	2	1024
1RB1LD_1LB0LC_1LA1RC_0RC1LD	B	5	2	256
1RB1LD_1LB0LC_1LA1RC_1RC1LD	B	5	2	1024
1RB1LD_1LB0LC_1RA1LC_0LC1RD	B	5	2	256
1RB1LD_1LB0LC_1RA1LC_1LC1RD	B	5	2	64
1RB1LD_1LB0LC_1RD0RA_1LC1RD	B	2	2	256
1RB1LD_1LB0RC_0RA1RD_1LC0RD	B	2	2	1024
1RB1LD_1LB0RC_1LA1RC_1RC1LD	B	2	2	64
1RB1LD_1LB0RC_1RA1LC_0LC1RD	B	2	2	64
1RB1LD_1LB0RC_1RA1LC_1LC1RD	B	2	2	64
1RB1LD_1LB1LC_0RD0RA_1LC1RD	B	2	2	256
1RB1LD_1LB1LC_1LA1RC_0RC1LD	B	5	2	1024
1RB1LD_1LB1LC_1LA1RC_1RC1LD	B	5	2	256
1RB1LD_1LB1LC_1RA0RA_1LC1RD	B	2	2	64
1RB1LD_1LB1LC_1RA1LC_0LC1RD	B	2	2	64
1RB1LD_1LB1LC_1RA1LC_1LC1RD	B	2	2	256
1RB1LD_1LB1LC_1RD0RA_1LC1RD	B	2	2	1024
1RB1LD_1LB1RC_0RA1RD_1LC0RD	B	2	2	1024
1RB1LD_1LB1RC_1LA1RC_0RC1LD	B	2	2	256
1RB1LD_1LB1RC_1LA1RC_1RC1LD	B	2	2	1024
1RB1LD_1LB1RC_1RA1LC_0LC1RD	B	2	2	256
1RB1LD_1LB1RC_1RA1LC_1LC1RD	B	2	2	256
1RB1LD_1LC---_0RA1RD_1LC0RD	B	1	2	1024
1RB1LD_1LC---_0RD0RA_1LC1RD	B	1	2	1024
1RB1LD_1LC---_1LA1RC_0RC1LD	B	1	2	256
1RB1LD_1LC---_1LA1RC_1RC1LD	B	1	2	1024
1RB1LD_1LC---_1RA0RA_1LC1RD	B	1	2	64
1RB1LD_1LC---_1RA1LC_0LC1RD	B	1	2	64
1RB1LD_1LC---_1RA1LC_1LC1RD	B	1	2	256
1RB1LD_1LC---_1RD0RA_1LC1RD	B	1	2	256
1RB1LD_1LC0LC_1RD0RA_0RB1LD	A	3	2	64
1RB1LD_1LC0LC_1RD1RA_0RB1LD	A	3	2	64
1RB1LD_1LC0RB_0LD1RA_0RB1RD	A	3	2	256
1RB1LD_1LC1LB_0RD0RA_1LB1RD	A	3	2	256
1RB1LD_1LC1LB_0RD1RA_0LB1RD	A	3	2	256
1RB1LD_1LC1LB_0RD1RA_1LB1RD	A	3	2	1024
1RB1LD_1LC1LB_1RD0RA_0LB1RD	A	3	2	256
1RB1LD_1LC1LB_1RD0RA_1LB1RD	A	3	2	1024
1RB1LD_1LC1LB_1RD1RA_0LB1RD	A	3	2	256
1RB1LD_1LC1LB_1RD1RA_1LB1RD	A	3	2	256
1RB1LD_1LC1LD_0LD0RA_1RD0RB	A	3	2	64
1RB1LD_1LC1LD_0LD1RA_1RD0RB	A	3	2	64
1RB1LD_1LC1LD_1RD0RA_0LB0RC	A	3	3	256
1RB1LD_1RC---_0LA1RC_1RC1LD	B	1	2	64
1RB1LD_1RC---_0RD0RA_1LC1RD	B	1	2	1024
1RB1LD_1RC---_1LA1RC_0RC1LD	B	1	2	256
1RB1LD_1RC---_1LA1RC_1RC1LD	B	1	2	256
1RB1LD_1RC---_1RD0RA_1LC1RD	B	1	2	1024
1RB1LD_1RC0LD_0LA0RD_1LB0LD	A	3	2	256
1RB1LD_1RC0LD_1LA0RD_1LB0LD	A	3	2	64
1RB1LD_1RC0RC_0LA1LD_1LB1RD	A	3	2	64
1RB1LD_1RC0RC_1LA1LD_1LB1RD	A	3	2	256
1RB1LD_1RC1LB_0LA0RD_1LD1LB	A	3	2	64
1RB1LD_1RC1LB_0LA1LD_0LB1RD	A	3	2	256
1RB1LD_1RC1LB_0LA1LD_1LB1RD	A	3	2	1024
1RB1LD_1RC1LB_0LA1RD_1LB1RD	A	3	2	64
1RB1LD_1RC1LB_1LA0RD_1LD1LB	A	3	2	64
1RB1LD_1RC1LB_1LA1LD_0LB1RD	A	3	2	1024
1RB1LD_1RC1LB_1LA1LD_1LB1RD	A	3	2	256
1RB1LD_1RC1LB_1LA1RD_0LB1RD	A	3	2	256
1RB1LD_1RC1LB_1LA1RD_1LB1RD	A	3	2	1024
1RB1RA_0RC1LB_1LD1RC_0LA1LB	A	5	2	64
1RB1RA_0RC1LB_1LD1RC_0LA1RB	A	5	2	256
1RB1RB_0RC1LB_1LD1RC_1LA1LB	A	4	2	256
1RB1RB_0RC1LB_1LD1RC_1LA1RB	A	4	2	1024
1RB1RB_1LA0LC_1LD1RC_1RC1LD	B	3	2	64
1RB1RB_1LA0LC_1RC1RD_1LB1RD	A	2	2	256
1RB1RB_1LA0LC_1RD1LC_1LC1RD	B	3	2	64
1RB1RB_1LA0RC_0RD1LC_1LC1RD	B	3	2	64
1RB1RB_1LA0RC_1LC1LD_1RB1LD	A	2	2	64
1RB1RB_1LA0RC_1LD1RC_1RC1LD	B	3	2	1024
1RB1RB_1LA0RC_1RD1LC_0LC1RD	B	3	2	64
1RB1RB_1LA0RC_1RD1LC_1LC1RD	B	3	2	256
1RB1RB_1LA1LC_0LD1RC_1RB1LD	A	2	2	256
1RB1RB_1LA1LC_1LD1RC_0RC0RB	A	2	2	256
1RB1RB_1LA1LC_1LD1RC_0RC1LD	B	3	2	64
1RB1RB_1LA1LC_1LD1RC_1RB0RB	A	2	2	64
1RB1RB_1LA1LC_1LD1RC_1RB1LD	A	2	2	1024
1RB1RB_1LA1LC_1LD1RC_1RC0RB	A	2	2	1024
1RB1RB_1LA1LC_1LD1RC_1RC1LD	B	3	2	64
1RB1RB_1LA1LC_1RD1LC_0LB1RD	A	2	2	64
1RB1RB_1LA1LC_1RD1LC_0LC1RD	B	3	2	64
1RB1RB_1LA1LC_1RD1LC_1LB1RD	A	2	2	64
1RB1RB_1LA1LC_1RD1LC_1LC1RD	B	3	2	64
1RB1RB_1LA1RC_0RD1LC_1LB1RD	A	7	2	1024
1RB1RB_1LA1RC_0RD1LC_1LC1RD	B	3	2	64
1RB1RB_1LA1RC_1LD1RC_0RB1LD	A	2	2	256
1RB1RB_1LA1RC_1LD1RC_0RC1LD	B	3	2	256
1RB1RB_1LA1RC_1LD1RC_1RB1LD	A	2	2	1024
1RB1RB_1LA1RC_1LD1RC_1RC1LD	B	3	2	1024
1RB1RB_1LA1RC_1RD1LC_0LC0LB	A	2	2	256
1RB1RB_1LA1RC_1RD1LC_0LC1RD	B	3	2	256
1RB1RB_1LA1RC_1RD1LC_1LB0LB	A	2	2	1024
1RB1RB_1LA1RC_1RD1LC_1LB1RD	A	2	2	256
1RB1RB_1LA1RC_1RD1LC_1LC0LB	A	2	2	64
1RB1RB_1LA1RC_1RD1LC_1LC1RD	B	3	2	256
1RB1RB_1RC1LB_1LA0RD_1LD1LB	A	3	2	64
1RB1RB_1RC1LB_1LA1LD_0LB1RD	A	3	2	1024
1RB1RB_1RC1LB_1LA1LD_1LB1RD	A	3	2	256
1RB1RB_1RC1LB_1LA1RD_0LB1RD	A	3	2	256
1RB1RB_1RC1LB_1LA1RD_1LB1RD	A	3	2	1024
1RB1RC_0LA---_1LD0RC_0RA1LC	B	1	2	256
1RB1RC_0LA---_1LD1RC_1RA1LD	B	1	2	64
1RB1RC_0LA---_1LD1RC_1RC1LD	B	1	2	64
1RB1RC_0LA---_1RD1LC_0LC0LA	B	1	2	1024
1RB1RC_0LA---_1RD1LC_1LA0LA	B	1	2	256
1RB1RC_0LA---_1RD1LC_1LA1RD	B	1	2	256
1RB1RC_0LA---_1RD1LC_1LC0LA	B	1	2	1024
1RB1RC_0LA---_1RD1LC_1LC1RD	B	1	2	1024
1RB1RC_0LA0LC_1RD0RC_1LB0RC	A	2	2	256
1RB1RC_0LA0LD_0RD1LC_1LA1RD	B	6	2	256
1RB1RC_0LA0LD_1LB1RC_1RD1RC	A	2	2	256
1RB1RC_0LA0RC_1LC1LD_1RB1LD	A	2	2	64
1RB1RC_0LA0RC_1LD0LC_1RB0LC	A	2	2	256
1RB1RC_0LA1LA_0RD1LC_1LA1RD	B	6	2	256
1RB1RC_0LA1LB_0RD1LC_1LA1RD	B	11	2	256
1RB1RC_0LA1LC_0RD1LC_1LA1RD	B	6	2	256
1RB1RC_0LA1LC_0RD1LC_1LB1RD	A	6	2	256
1RB1RC_0LA1LC_1LD0RC_0RB1RC	A	2	2	1024
1RB1RC_0LA1LC_1LD1RC_0RC0RB	A	2	2	1024
1RB1RC_0LA1LC_1LD1RC_1RB0RB	A	2	2	64
1RB1RC_0LA1LC_1LD1RC_1RB1LD	A	2	2	256
1RB1RC_0LA1LC_1LD1RC_1RC0RB	A	2	2	256
1RB1RC_0LA1LC_1RD1LC_1LB1RD	A	2	2	1024
1RB1RC_0LA1LD_0RD0RB_1LC1RD	A	2	2	1024
1RB1RC_0LA1LD_0RD1LC_1LA1RD	B	6	2	1024
1RB1RC_0LA1LD_1LB1RC_1RC1LD	A	2	2	64
1RB1RC_0LA1LD_1RD0RB_1LC1RD	A	2	2	256
1RB1RC_0LA1RC_1LD0RC_0RB1LC	A	2	2	256
1RB1RC_0LA1RC_1LD1RC_1RB1LD	A	2	2	64
1RB1RC_0LA1RC_1RD1LC_0LC0LB	A	2	2	1024
1RB1RC_0LA1RC_1RD1LC_1LB0LB	A	2	2	256
1RB1RC_0LA1RC_1RD1LC_1LB1RD	A	2	2	256
1RB1RC_0LA1RC_1RD1LC_1LC0LB	A	2	2	1024
1RB1RC_0LA1RD_0LD0LB_1RC1LD	A	2	2	1024
1RB1RC_0LA1RD_0RD1LC_1LA1RD	B	6	2	1024
1RB1RC_0LA1RD_1LB0LB_1RC1LD	A	2	2	256
1RB1RC_0LA1RD_1LB1RC_0RC1LD	A	2	2	256
1RB1RC_0LA1RD_1LB1RC_1RC1LD	A	2	2	1024
1RB1RC_0LA1RD_1LD0LB_1RC1LD	A	2	2	1024
1RB1RC_0LB0LC_0LD1RC_1RA1LD	B	7	2	256
1RB1RC_0LB0LC_1LD1RC_1RA1LD	B	2	2	64
1RB1RC_0LB0LC_1RD1LC_0LC0LA	B	2	2	1024
1RB1RC_0LB0LC_1RD1LC_1LA0LA	B	2	2	256
1RB1RC_0LB0LC_1RD1LC_1LA1RD	B	2	2	64
1RB1RC_0LB0LC_1RD1LC_1LC0LA	B	2	2	1024
1RB1RC_0LB0RC_1LD1RC_1RA1LD	B	2	2	64
1RB1RC_0LB0RC_1RD1LC_0LC0LA	B	2	2	1024
1RB1RC_0LB0RC_1RD1LC_1LA0LA	B	2	2	256
1RB1RC_0LB0RC_1RD1LC_1LA1RD	B	2	2	64
1RB1RC_0LB0RC_1RD1LC_1LC0LA	B	2	2	1024
1RB1RC_0LB1LA_0RD1LC_1LA1RD	B	4	2	64
1RB1RC_0LB1LA_1LD1RC_1RA1LD	B	4	2	64
1RB1RC_0LB1LA_1LD1RC_1RC1LD	B	4	2	64
1RB1RC_0LB1LA_1RD1LC_0LC0LA	B	4	2	1024
1RB1RC_0LB1LA_1RD1LC_1LA0LA	B	4	2	256
1RB1RC_0LB1LA_1RD1LC_1LA1RD	B	4	2	64
1RB1RC_0LB1LA_1RD1LC_1LC0LA	B	4	2	1024
1RB1RC_0LB1LA_1RD1LC_1LC1RD	B	4	2	64
1RB1RC_0LB1LC_0LD1RC_1RA1LD	B	6	2	64
1RB1RC_0LB1LC_1LD1RC_1RA1LD	B	2	2	1024
1RB1RC_0LB1LC_1RD0LC_0LA1LC	B	2	2	1024
1RB1RC_0LB1LC_1RD1LC_0LC0LA	B	2	2	1024
1RB1RC_0LB1LC_1RD1LC_1LA0LA	B	2	2	64
1RB1RC_0LB1LC_1RD1LC_1LA1RD	B	2	2	256
1RB1RC_0LB1LC_1RD1LC_1LC0LA	B	2	2	256
1RB1RC_0LB1RC_1LD0RC_0RA1LC	B	2	2	256
1RB1RC_0LB1RC_1LD1RC_1RA1LD	B	2	2	64
1RB1RC_0LB1RC_1RD1LC_0LC0LA	B	2	2	1024
1RB1RC_0LB1RC_1RD1LC_1LA0LA	B	2	2	256
1RB1RC_0LB1RC_1RD1LC_1LA1RD	B	2	2	256
1RB1RC_0LB1RC_1RD1LC_1LC0LA	B	2	2	1024
1RB1RC_0LC---_1LD1RC_1RA1LD	B	1	2	64
1RB1RC_0LC---_1RD1LC_0LC0LA	B	1	2	1024
1RB1RC_0LC---_1RD1LC_1LA0LA	B	1	2	64
1RB1RC_0LC---_1RD1LC_1LA1RD	B	1	2	256
1RB1RC_0LC---_1RD1LC_1LC0LA	B	1	2	256
1RB1RC_0RC---_1LD1RC_1RA1LD	B	1	2	256
1RB1RC_0RC---_1RD1LC_0LC0LA	B	1	2	256
1RB1RC_0RC---_1RD1LC_1LA0LA	B	1	2	256
1RB1RC_0RC---_1RD1LC_1LA1RD	B	1	2	256
1RB1RC_0RC---_1RD1LC_1LC0LA	B	1	2	1024
1RB1RC_0RC0RA_1LD1RC_1LB1LD	A	5	2	1024
1RB1RC_0RC1LA_0LD1RC_1LB1LD	A	7	2	256
1RB1RC_0RC1LA_1LD1RC_1LB1LD	A	7	2	256
1RB1RC_0RC1LB_1LD1RC_0LA1LB	A	4	2	256
1RB1RC_0RC1LB_1LD1RC_0LA1RB	A	4	2	256
1RB1RC_0RC1LB_1LD1RC_1LA1LB	A	4	2	256
1RB1RC_0RC1LB_1LD1RC_1LA1RB	A	4	2	1024
1RB1RC_0RC1LB_1LD1RC_1RA1LB	A	4	2	256
1RB1RC_0RC1LB_1LD1RC_1RA1RB	A	4	2	1024
1RB1RC_0RC1LC_0RD1LC_1LA1RD	B	5	2	256
1RB1RC_0RC1LD_0RD1LC_1LA1RD	B	5	2	256
1RB1RC_0RC1RA_0LD1RC_1LB1LD	A	5	2	256
1RB1RC_0RC1RA_1LD1RC_1LB1LD	A	5	2	256
1RB1RC_0RC1RD_0RD1LC_1LA1RD	B	5	2	256
1RB1RC_1LA---_0RD1LC_1LA1RD	B	1	2	256
1RB1RC_1LA---_1LD1RC_0RA1LD	B	1	2	256
1RB1RC_1LA---_1LD1RC_0RC1LD	B	1	2	256
1RB1RC_1LA---_1LD1RC_1RA1LD	B	1	2	1024
1RB1RC_1LA---_1LD1RC_1RC1LD	B	1	2	1024
1RB1RC_1LA---_1RD1LC_0LC0LA	B	1	2	1024
1RB1RC_1LA---_1RD1LC_0LC1RD	B	1	2	64
1RB1RC_1LA---_1RD1LC_1LA0LA	B	1	2	64
1RB1RC_1LA---_1RD1LC_1LA1RD	B	1	2	256
1RB1RC_1LA---_1RD1LC_1LC0LA	B	1	2	1024
1RB1RC_1LA---_1RD1LC_1LC1RD	B	1	2	64
1RB1RC_1LA0LC_1RC1RD_1LB1RD	A	2	2	64
1RB1RC_1LA0LC_1RD0RC_1LB0RC	A	2	2	256
1RB1RC_1LA0LD_1LB0RD_1RC0RD	A	2	2	256
1RB1RC_1LA0LD_1LB1RC_1RD1RC	A	2	2	64
1RB1RC_1LA0RC_1LC1LD_1RB1LD	A	2	2	64
1RB1RC_1LA0RD_1RB1LC_1LD1LC	A	2	2	64
1RB1RC_1LA1LC_0LD1RC_1RB1LD	A	2	2	256
1RB1RC_1LA1LC_1LD0RC_0RB1RC	A	2	2	1024
1RB1RC_1LA1LC_1LD1RC_0RC0RB	A	2	2	256
1RB1RC_1LA1LC_1LD1RC_1RB0RB	A	2	2	256
1RB1RC_1LA1LC_1LD1RC_1RB1LD	A	2	2	256
1RB1RC_1LA1LC_1LD1RC_1RC0RB	A	2	2	256
1RB1RC_1LA1LC_1RD1LC_0LB1RD	A	2	2	64
1RB1RC_1LA1LC_1RD1LC_1LB1RD	A	2	2	64
1RB1RC_1LA1LD_0RB1RD_1LC0RD	A	2	2	1024
1RB1RC_1LA1LD_0RD0RB_1LC1RD	A	5	2	256
1RB1RC_1LA1LD_1LB1RC_0RC1LD	A	2	2	256
1RB1RC_1LA1LD_1LB1RC_1RC1LD	A	2	2	1024
1RB1RC_1LA1LD_1RB0RB_1LC1RD	A	5	2	256
1RB1RC_1LA1LD_1RB1LC_0LC1RD	A	2	2	256
1RB1RC_1LA1LD_1RB1LC_1LC1RD	A	2	2	256
1RB1RC_1LA1LD_1RD0RB_1LC1RD	A	5	2	1024
1RB1RC_1LA1RC_0RD1LC_1LB1RD	A	2	2	256
1RB1RC_1LA1RC_1LD1RC_0RB1LD	A	2	2	256
1RB1RC_1LA1RC_1LD1RC_1RB1LD	A	2	2	1024
1RB1RC_1LA1RC_1RD1LC_0LC0LB	A	2	2	1024
1RB1RC_1LA1RC_1RD1LC_1LB0LB	A	2	2	64
1RB1RC_1LA1RC_1RD1LC_1LB1RD	A	2	2	256
1RB1RC_1LA1RC_1RD1LC_1LC0LB	A	2	2	1024
1RB1RC_1LA1RD_0LB1LD_1RC0LD	A	2	2	64
1RB1RC_1LA1RD_0LD0LB_1RC1LD	A	2	2	1024
1RB1RC_1LA1RD_1LB0LB_1RC1LD	A	2	2	64
1RB1RC_1LA1RD_1LB1RC_0RC1LD	A	2	2	256
1RB1RC_1LA1RD_1LB1RC_1RC1LD	A	2	2	256
1RB1RC_1LA1RD_1LD0LB_1RC1LD	A	2	2	1024
1RB1RC_1LA1RD_1RB1LC_0LC1RD	A	2	2	64
1RB1RC_1LA1RD_1RB1LC_1LC1RD	A	2	2	64
1RB1RC_1LB0LC_0LD1RC_1RA1LD	B	7	2	256
1RB1RC_1LB0LC_0RD1LC_1LA1RD	B	6	2	256
1RB1RC_1LB0LC_1LD1RC_0RA1LD	B	2	2	64
1RB1RC_1LB0LC_1LD1RC_1RA1LD	B	2	2	256
1RB1RC_1LB0LC_1RD0LC_0LA1LC	B	2	2	64
1RB1RC_1LB0LC_1RD1LC_0LC0LA	B	2	2	1024
1RB1RC_1LB0LC_1RD1LC_1LA0LA	B	2	2	64
1RB1RC_1LB0LC_1RD1LC_1LA1RD	B	2	2	256
1RB1RC_1LB0LC_1RD1LC_1LC0LA	B	2	2	1024
1RB1RC_1LB0RA_0RD1LC_1LC1RD	B	2	2	64
1RB1RC_1LB0RA_1LD1RC_1RA1LD	B	2	2	64
1RB1RC_1LB0RA_1LD1RC_1RC1LD	B	2	2	64
1RB1RC_1LB0RA_1RD1LC_0LC0LA	B	2	2	1024
1RB1RC_1LB0RA_1RD1LC_1LA0LA	B	2	2	64
1RB1RC_1LB0RA_1RD1LC_1LA1RD	B	2	2	256
1RB1RC_1LB0RA_1RD1LC_1LC0LA	B	2	2	256
1RB1RC_1LB0RA_1RD1LC_1LC1RD	B	2	2	64
1RB1RC_1LB0RC_1LD1RC_1RA1LD	B	2	2	64
1RB1RC_1LB0RC_1RD1LC_0LC0LA	B	2	2	1024
1RB1RC_1LB0RC_1RD1LC_1LA0LA	B	2	2	64
1RB1RC_1LB0RC_1RD1LC_1LA1RD	B	2	2	1024
1RB1RC_1LB0RC_1RD1LC_1LC0LA	B	2	2	256
1RB1RC_1LB1LA_0LD1RC_1RA1LD	B	4	2	64
1RB1RC_1LB1LA_0LD1RC_1RC1LD	B	4	2	64
1RB1RC_1LB1LA_0RD1LC_1LA1RD	B	4	2	64
1RB1RC_1LB1LA_0RD1LC_1LC1RD	B	4	2	64
1RB1RC_1LB1LA_1LD0RC_0RA1LC	B	4	2	64
1RB1RC_1LB1LA_1LD1RC_0RA1LD	B	4	2	256
1RB1RC_1LB1LA_1LD1RC_0RC1LD	B	4	2	256
1RB1RC_1LB1LA_1LD1RC_1RA1LD	B	4	2	64
1RB1RC_1LB1LA_1LD1RC_1RC1LD	B	4	2	64
1RB1RC_1LB1LA_1RD0LC_0LA1LC	B	4	2	64
1RB1RC_1LB1LA_1RD1LC_0LC0LA	B	4	2	256
1RB1RC_1LB1LA_1RD1LC_0LC1RD	B	4	2	256
1RB1RC_1LB1LA_1RD1LC_1LA0LA	B	4	2	64
1RB1RC_1LB1LA_1RD1LC_1LA1RD	B	4	2	256
1RB1RC_1LB1LA_1RD1LC_1LC0LA	B	4	2	256
1RB1RC_1LB1LA_1RD1LC_1LC1RD	B	4	2	64
1RB1RC_1LB1LC_0LD1RC_1RA1LD	B	6	2	256
1RB1RC_1LB1LC_0RD1LC_1LA1RD	B	2	2	256
1RB1RC_1LB1LC_1LD0RC_0RA1LC	B	2	2	64
1RB1RC_1LB1LC_1LD1RC_0RA1LD	B	2	2	256
1RB1RC_1LB1LC_1LD1RC_1RA1LD	B	2	2	256
1RB1RC_1LB1LC_1RD0LC_0LA1LC	B	2	2	1024
1RB1RC_1LB1LC_1RD1LC_0LC0LA	B	2	2	256
1RB1RC_1LB1LC_1RD1LC_1LA0LA	B	2	2	256
1RB1RC_1LB1LC_1RD1LC_1LA1RD	B	2	2	256
1RB1RC_1LB1LC_1RD1LC_1LC0LA	B	2	2	1024
1RB1RC_1LB1RA_0RD1LC_1LC1RD	B	2	2	64
1RB1RC_1LB1RA_1LD1RC_0RA1LD	B	2	2	256
1RB1RC_1LB1RA_1LD1RC_0RC1LD	B	2	2	256
1RB1RC_1LB1RA_1LD1RC_1RA1LD	B	2	2	1024
1RB1RC_1LB1RA_1LD1RC_1RC1LD	B	2	2	1024
1RB1RC_1LB1RA_1RD1LC_0LC0LA	B	2	2	256
1RB1RC_1LB1RA_1RD1LC_0LC1RD	B	2	2	256
1RB1RC_1LB1RA_1RD1LC_1LA0LA	B	2	2	1024
1RB1RC_1LB1RA_1RD1LC_1LA1RD	B	2	2	256
1RB1RC_1LB1RA_1RD1LC_1LC0LA	B	2	2	64
1RB1RC_1LB1RA_1RD1LC_1LC1RD	B	2	2	256
1RB1RC_1LB1RC_0RD1LC_1LA1RD	B	2	2	256
1RB1RC_1LB1RC_1LD1RC_0RA1LD	B	2	2	256
1RB1RC_1LB1RC_1LD1RC_1RA1LD	B	2	2	1024
1RB1RC_1LB1RC_1RD1LC_0LC0LA	B	2	2	1024
1RB1RC_1LB1RC_1RD1LC_1LA0LA	B	2	2	64
1RB1RC_1LB1RC_1RD1LC_1LA1RD	B	2	2	256
1RB1RC_1LB1RC_1RD1LC_1LC0LA	B	2	2	1024
1RB1RC_1LC---_0RD1LC_1LA1RD	B	1	2	256
1RB1RC_1LC---_1LD1RC_0RA1LD	B	1	2	256
1RB1RC_1LC---_1LD1RC_1RA1LD	B	1	2	1024
1RB1RC_1LC---_1RD0LC_0LA1LC	B	1	2	64
1RB1RC_1LC---_1RD1LC_0LC0LA	B	1	2	256
1RB1RC_1LC---_1RD1LC_1LA0LA	B	1	2	256
1RB1RC_1LC---_1RD1LC_1LA1RD	B	1	2	256
1RB1RC_1LC---_1RD1LC_1LC0LA	B	1	2	1024
1RB1RC_1LC0LC_1RD0RA_0RB1LD	A	3	2	1024
1RB1RC_1LC0LC_1RD1RA_0RB1LD	A	3	2	256
1RB1RC_1LC0RB_0LD0RA_0RB1RD	A	3	2	256
1RB1RC_1LC0RB_0LD1RA_0RB1RD	A	3	2	256
1RB1RC_1LC1LB_1RD0RA_0LB1RD	A	3	2	256
1RB1RC_1LC1LB_1RD0RA_1LB1RD	A	3	2	256
1RB1RC_1LC1LB_1RD1RA_0LB1RD	A	3	2	64
1RB1RC_1LC1LB_1RD1RA_1LB1RD	A	3	2	64
1RB1RC_1LC1LD_0LD0RA_1RD0RB	A	3	2	64
1RB1RC_1LC1LD_0LD1RA_1RD0RB	A	3	2	64
1RB1RC_1RC---_0LD1RC_1RA1LD	B	1	2	64
1RB1RC_1RC---_1LD1RC_0RA1LD	B	1	2	256
1RB1RC_1RC---_1LD1RC_1RA1LD	B	1	2	256
1RB1RC_1RC---_1RD1LC_0LC0LA	B	1	2	256
1RB1RC_1RC---_1RD1LC_1LA0LA	B	1	2	1024
1RB1RC_1RC---_1RD1LC_1LA1RD	B	1	2	64
1RB1RC_1RC---_1RD1LC_1LC0LA	B	1	2	64
1RB1RC_1RC0LC_0RD1LC_1LA1RD	B	5	2	256
1RB1RC_1RC0LD_0RD1LC_1LA1RD	B	5	2	1024
1RB1RC_1RC0RC_1LA1LD_1LB1RD	A	3	2	256
1RB1RC_1RC1LA_0LD0RB_0RB1LC	A	8	2	1024
1RB1RC_1RC1LA_0LD0RB_1LB1LC	A	8	3	64
1RB1RC_1RC1LA_0RD1LC_1LA1RD	B	5	2	1024
1RB1RC_1RC1LB_0RD1LC_1LA1RD	B	9	2	64
1RB1RC_1RC1LB_1LA0RD_1LD1LB	A	3	2	64
1RB1RC_1RC1LB_1LA1LD_0LB1RD	A	3	2	1024
1RB1RC_1RC1LB_1LA1LD_1LB1RD	A	3	2	256
1RB1RC_1RC1LB_1LA1RD_0LB1RD	A	3	2	256
1RB1RC_1RC1LB_1LA1RD_1LB1RD	A	3	2	256
1RB1RC_1RC1LC_0RD1LC_1LA1RD	B	5	2	64
1RB1RC_1RC1LD_0RD1LC_1LA1RD	B	5	2	256
1RB1RD_0LB0LC_0LD0LA_1RC1LD	B	2	2	1024
1RB1RD_0LB0LC_1LA1RC_1RC1LD	B	5	2	64
1RB1RD_0LB0LC_1LD0LA_1RC1LD	B	2	2	256
1RB1RD_0LB0LC_1RA1LC_0LC1RD	B	6	2	64
1RB1RD_0LB0LC_1RA1LC_1LC1RD	B	6	2	256
1RB1RD_0LB0RC_0LD0LA_1RC1LD	B	2	2	1024
1RB1RD_0LB0RC_1LD0LA_1RC1LD	B	2	2	256
1RB1RD_0LB1LC_0LD0LA_1RC1LD	B	2	2	1024
1RB1RD_0LB1LC_1LA1RC_0RC1LD	B	5	2	1024
1RB1RD_0LB1LC_1LA1RC_1RC1LD	B	5	2	1024
1RB1RD_0LB1LC_1LD0LA_1RC1LD	B	2	2	256
1RB1RD_0LB1LC_1RA1LC_1LC1RD	B	2	2	64
1RB1RD_0LB1RC_0LD0LA_1RC1LD	B	2	2	1024
1RB1RD_0LB1RC_1LA0LA_1RC1LD	B	2	2	256
1RB1RD_0LB1RC_1LA1RC_0RC1LD	B	2	2	256
1RB1RD_0LB1RC_1LA1RC_1RC1LD	B	2	2	1024
1RB1RD_0LB1RC_1LD0LA_1RC1LD	B	2	2	1024
1RB1RD_0LC---_0LA1LD_1RC0LD	B	1	2	1024
1RB1RD_0LC---_1LA1RC_0RC1LD	B	1	2	256
1RB1RD_0LC---_1LA1RC_1RC1LD	B	1	2	1024
1RB1RD_0LC---_1RA1LC_1LC1RD	B	1	2	64
1RB1RD_0RC---_0LD0LA_1RC1LD	B	1	2	1024
1RB1RD_0RC---_1LD0LA_1RC1LD	B	1	2	64
1RB1RD_0RC0LA_1LA0LA_1RC1LD	B	4	2	1024
1RB1RD_0RC0LA_1LA1RC_1RC1LD	B	4	2	256
1RB1RD_0RC0LC_1LA0LA_1RC1LD	B	4	2	64
1RB1RD_0RC0LC_1LA1RC_0RC1LD	B	4	2	256
1RB1RD_0RC0LC_1LA1RC_1RC1LD	B	4	2	1024
1RB1RD_0RC0LD_1LA0LA_1RC1LD	B	4	2	256
1RB1RD_0RC0LD_1LA1RC_0RC1LD	B	4	2	256
1RB1RD_0RC0LD_1LA1RC_1RC1LD	B	4	2	1024
1RB1RD_0RC0RA_1LD1RC_1LB1LD	A	5	2	64
1RB1RD_0RC0RD_1LA0LA_1RC1LD	B	4	2	64
1RB1RD_0RC0RD_1LA1RC_1RC1LD	B	4	2	64
1RB1RD_0RC1LA_0LD1RC_1LB1LD	A	7	2	1024
1RB1RD_0RC1LA_1LA0LA_1RC1LD	B	4	2	256
1RB1RD_0RC1LA_1LA1RC_0RC1LD	B	4	2	256
1RB1RD_0RC1LA_1LA1RC_1RC1LD	B	4	2	256
1RB1RD_0RC1LA_1LD1RC_1LB1LD	A	7	2	256
1RB1RD_0RC1LB_1LA1RC_0RC1LD	B	7	2	1024
1RB1RD_0RC1LB_1LA1RC_1RC1LD	B	7	2	64
1RB1RD_0RC1LB_1LD1RC_1LA1LB	A	4	2	256
1RB1RD_0RC1LB_1LD1RC_1LA1RB	A	4	2	256
1RB1RD_0RC1LC_1LA0LA_1RC1LD	B	4	2	256
1RB1RD_0RC1LC_1LA1RC_0RC1LD	B	4	2	1024
1RB1RD_0RC1LC_1LA1RC_1RC1LD	B	4	2	256
1RB1RD_0RC1LD_1LA0LA_1RC1LD	B	4	2	256
1RB1RD_0RC1LD_1LA1RC_0RC1LD	B	4	2	1024
1RB1RD_0RC1LD_1LA1RC_1RC1LD	B	4	2	256
1RB1RD_0RC1RA_1LD1RC_1LB1LD	A	5	2	1024
1RB1RD_0RC1RC_1LA0LA_1RC1LD	B	4	2	1024
1RB1RD_0RC1RC_1LA1RC_0RC1LD	B	4	2	1024
1RB1RD_0RC1RC_1LA1RC_1RC1LD	B	4	2	256
1RB1RD_0RC1RD_1LA0LA_1RC1LD	B	4	2	256
1RB1RD_0RC1RD_1LA1RC_1RC1LD	B	4	2	64
1RB1RD_1LB0LC_0LD0LA_1RC1LD	B	2	2	1024
1RB1RD_1LB0LC_0RA1LC_1LC1RD	B	5	2	256
1RB1RD_1LB0LC_1LA1RC_0RC1LD	B	5	2	256
1RB1RD_1LB0LC_1LA1RC_1RC1LD	B	5	2	256
1RB1RD_1LB0LC_1LD0LA_1RC1LD	B	2	2	64
1RB1RD_1LB0LC_1RA1LC_1LC1RD	B	5	2	64
1RB1RD_1LB0RC_0LA1LD_1RC0LD	B	2	2	1024
1RB1RD_1LB0RC_1LA1RC_0RC1LD	B	2	2	64
1RB1RD_1LB0RC_1LA1RC_1RC1LD	B	2	2	64
1RB1RD_1LB0RC_1RA1LC_1LC1RD	B	2	2	64
1RB1RD_1LB1LC_0LD0LA_1RC1LD	B	2	2	1024
1RB1RD_1LB1LC_0RA1LC_1LC1RD	B	2	2	64
1RB1RD_1LB1LC_1LA1RC_0RC1LD	B	5	2	256
1RB1RD_1LB1LC_1LA1RC_1RC1LD	B	5	2	256
1RB1RD_1LB1LC_1LD0LA_1RC1LD	B	2	2	1024
1RB1RD_1LB1LC_1RA1LC_0LC1RD	B	2	2	256
1RB1RD_1LB1LC_1RA1LC_1LC0RD	B	2	2	256
1RB1RD_1LB1LC_1RA1LC_1LC1RD	B	2	2	256
1RB1RD_1LB1RC_0LA1LD_1RC0LD	B	2	2	64
1RB1RD_1LB1RC_0LD0LA_1RC1LD	B	2	2	1024
1RB1RD_1LB1RC_1LA0LA_1RC1LD	B	2	2	64
1RB1RD_1LB1RC_1LA1RC_0RC1LD	B	2	2	256
1RB1RD_1LB1RC_1LA1RC_1RC1LD	B	2	2	256
1RB1RD_1LB1RC_1LD0LA_1RC1LD	B	2	2	1024
1RB1RD_1LB1RC_1RA1LC_0LC1RD	B	2	2	64
1RB1RD_1LB1RC_1RA1LC_1LC1RD	B	2	2	64
1RB1RD_1LC---_0LA1LD_1RC0LD	B	1	2	1024
1RB1RD_1LC---_0RA1LC_1LC1RD	B	1	2	64
1RB1RD_1LC---_0RA1LD_1LC0RD	B	1	2	64
1RB1RD_1LC---_1LA1RC_0RC1LD	B	1	2	256
1RB1RD_1LC---_1LA1RC_1RC1LD	B	1	2	256
1RB1RD_1LC---_1RA1LC_0LC1RD	B	1	2	256
1RB1RD_1LC---_1RA1LC_1LC0RD	B	1	2	256
1RB1RD_1LC---_1RA1LC_1LC1RD	B	1	2	256
1RB1RD_1LC0LC_1RD0RA_0RB1LD	A	3	2	64
1RB1RD_1LC0LC_1RD1RA_0RB1LD	A	3	2	1024
1RB1RD_1LC0RB_0LD0RA_0RB1RD	A	3	2	256
1RB1RD_1LC0RB_0LD1RA_0RB1RD	A	3	2	256
1RB1RD_1LC0RD_0LD0RA_0RB1RD	A	3	2	256
1RB1RD_1LC0RD_0LD1RA_0RB1RD	A	3	2	256
1RB1RD_1LC1LB_0RD0RA_1LB1RD	A	3	2	1024
1RB1RD_1LC1LB_0RD1RA_0LB1RD	A	3	2	256
1RB1RD_1LC1LB_0RD1RA_1LB1RD	A	3	2	256
1RB1RD_1LC1LB_1RD0RA_0LB1RD	A	3	2	256
1RB1RD_1LC1LB_1RD0RA_1LB1RD	A	3	2	64
1RB1RD_1LC1LB_1RD1RA_0LB1RD	A	3	2	64
1RB1RD_1LC1LB_1RD1RA_1LB1RD	A	3	2	256
1RB1RD_1LC1LD_1RD0RA_0LB0RC	A	3	3	64
1RB1RD_1RC---_0LD0LA_1RC1LD	B	1	2	1024
1RB1RD_1RC---_1LA0LA_1RC1LD	B	1	2	256
1RB1RD_1RC---_1LA1RC_0RC1LD	B	1	2	1024
1RB1RD_1RC---_1LA1RC_1RC1LD	B	1	2	256
1RB1RD_1RC---_1LD0LA_1RC1LD	B	1	2	1024
1RB1RD_1RC0LD_0LA0RD_1LB0LD	A	3	2	256
1RB1RD_1RC0RC_0LA1LD_1LB1RD	A	3	2	256
1RB1RD_1RC0RC_1LA1LD_1LB1RD	A	3	2	256
1RB1RD_1RC1LB_0LA0RD_1LD1LB	A	3	2	64
1RB1RD_1RC1LB_0LA1LD_0LB1RD	A	3	2	256
1RB1RD_1RC1LB_0LA1LD_1LB1RD	A	3	2	256
1RB1RD_1RC1LB_0LA1RD_1LB1RD	A	3	2	1024
1RB1RD_1RC1LB_1LA0RD_1LD1LB	A	3	2	64
1RB1RD_1RC1LB_1LA1LD_0LB1RD	A	3	2	1024
1RB1RD_1RC1LB_1LA1LD_1LB1RD	A	3	2	256
1RB1RD_1RC1LB_1LA1RD_0LB1RD	A	3	2	256
1RB1RD_1RC1LB_1LA1RD_1LB1RD	A	3	2	256
