machine	quiet_state	n	t	gate	ms	closure_size
0RB---_0LC---_0LD1RC_1RC1LD	B	2	1280	count-lex	65	15
0RB---_0LC---_0RD1LC_1LC1RD	B	2	1280	count-lex	66	15
0RB---_0LC---_0RD1LC_1RB1RD	A	2	1280	count-lex	198	19
0RB---_0LC---_1LD0RD_1RC0LC	B	3	1280	rank	81	14
0RB---_0LC---_1LD1RC_0RC1LD	B	2	1280	count-lex	63	15
0RB---_0LC---_1RD0LD_1LC0RC	B	3	1280	rank	69	14
0RB---_0LC---_1RD1LC_0LC1RD	B	2	1280	count-lex	60	15
0RB---_0LC0LD_1LD1RD_1RC1LB	A	2	1280	count-lex	117	36
0RB---_0LC0RB_1RB0LD_1LC1LD	A	3	1999	rank	183	25
0RB---_0LC0RB_1RB1LD_1RB0LD	A	2	1999	rank	92	17
0RB---_0LC0RB_1RB1LD_1RC0LD	A	2	1999	count-lex	118	28
0RB---_0LC0RC_0LD1LD_1RB0LB	A	2	1280	rank	95	20
0RB---_0LC0RC_0LD1LD_1RB0LC	A	2	1999	rank	100	19
0RB---_0LC0RC_0LD1LD_1RB0LD	A	2	1280	rank	84	17
0RB---_0LC0RC_0LD1LD_1RB1LB	A	2	1280	rank	89	22
0RB---_0LC0RC_0LD1LD_1RB1LC	A	2	1999	rank	105	21
0RB---_0LC0RC_0RD1LB_1LC1RD	A	2	1999	count-lex	248	44
0RB---_0LC0RC_1RB0LD_1RC1LC	A	2	1280	count-lex	181	48
0RB---_0LC0RC_1RD0RD_1LB1RC	A	2	1999	rank	98	18
0RB---_0LC0RD_1RB1LC_0LC1LB	A	2	1999	rank	114	20
0RB---_0LC0RD_1RB1LC_0LC1LD	A	2	1999	rank	114	20
0RB---_0LC0RD_1RB1LC_0LC1RB	A	2	1536	count-lex	233	34
0RB---_0LC0RD_1RD0RC_1LD1RB	A	2	1999	rank	148	14
0RB---_0LC0RD_1RD1LB_1RB0RD	A	2	1280	count-lex	207	36
0RB---_0LC0RD_1RD1LB_1RB1LD	A	2	1280	count-lex	184	34
0RB---_0LC0RD_1RD1LC_0LC1RB	A	2	1999	count-lex	252	41
0RB---_0LC0RD_1RD1LC_1LD1RB	A	2	1536	count-lex	250	41
0RB---_0LC0RD_1RD1RC_1LD1RB	A	2	1999	rank	142	18
0RB---_0LC1LB_1RD1LC_0LC0RB	A	2	1999	rank	108	20
0RB---_0LC1LC_0LD1RC_1RB1LD	A	2	1280	count-lex	215	18
0RB---_0LC1LC_1RD0LC_0LB0RB	A	2	1999	rank	89	17
0RB---_0LC1LC_1RD0LC_0LB1RD	A	2	1999	rank	117	12
0RB---_0LC1LC_1RD0LC_1LB0RC	A	2	1999	rank	105	18
0RB---_0LC1LC_1RD0LC_1LB1RB	A	2	1999	rank	154	10
0RB---_0LC1LC_1RD0LD_0LB0RB	A	2	1999	rank	114	20
0RB---_0LC1LC_1RD0LD_1LB1RB	A	2	1999	rank	119	19
0RB---_0LC1LC_1RD1LC_0LB1RD	A	2	1280	count-lex	168	15
0RB---_0LC1LC_1RD1LD_0LB0RB	A	2	1999	rank	107	22
0RB---_0LC1LC_1RD1LD_0LB1RB	A	2	1999	rank	116	19
0RB---_0LC1LC_1RD1LD_1LB1RB	A	2	1999	rank	125	18
0RB---_0LC1LD_1RB1LC_0LC1RD	A	2	1280	count-lex	153	18
0RB---_0LC1LD_1RB1LD_1RC0LD	A	2	1280	rank	100	15
0RB---_0LC1LD_1RD1LC_0LC0RB	A	2	1999	rank	109	20
0RB---_0LC1RB_0LD1LD_1RB1LD	A	2	1280	count-lex	170	15
0RB---_0LC1RB_0LD1RC_1RB1LD	A	2	1280	count-lex	179	18
0RB---_0LC1RB_0RD1LC_1RB1LD	A	2	1280	count-lex	180	18
0RB---_0LC1RB_0RD1LD_1RB1LD	A	2	1280	count-lex	171	15
0RB---_0LC1RB_1LA1LD_1RB1LD	A	2	1280	count-lex	181	15
0RB---_0LC1RB_1LD0RB_1RB0LD	A	2	1999	rank	104	19
0RB---_0LC1RB_1LD0RB_1RC1LD	A	2	1536	count-lex	277	41
0RB---_0LC1RB_1LD1LC_0RB---	A	2	1280	count-lex	230	19
0RB---_0LC1RB_1LD1LC_0RD1RB	A	2	1280	count-lex	157	19
0RB---_0LC1RB_1LD1LD_1RB1LD	A	2	1280	count-lex	187	15
0RB---_0LC1RB_1LD1RC_0RB1LD	A	2	1280	count-lex	169	18
0RB---_0LC1RB_1RB0LD_1LC1LD	A	2	1280	count-lex	203	20
0RB---_0LC1RB_1RB1LC_------	A	2	1280	count-lex	67	15
0RB---_0LC1RB_1RB1LD_0RD1LC	A	2	1280	count-lex	196	19
0RB---_0LC1RB_1RB1LD_1LC0RB	A	2	1280	count-lex	161	42
0RB---_0LC1RB_1RB1LD_1RB0LD	A	2	1999	rank	115	12
0RB---_0LC1RB_1RB1LD_1RB1LC	A	2	1280	count-lex	73	19
0RB---_0LC1RB_1RB1LD_1RB1LD	A	2	1280	count-lex	156	15
0RB---_0LC1RB_1RD1LC_0LB1LB	A	2	1280	count-lex	227	18
0RB---_0LC1RB_1RD1LC_0LB1RB	A	2	1280	count-lex	84	15
0RB---_0LC1RB_1RD1LC_0LB1RD	A	2	1280	count-lex	154	18
0RB---_0LC1RB_1RD1LC_0LC1LB	A	2	1280	count-lex	160	18
0RB---_0LC1RB_1RD1LC_0LC1RB	A	2	1280	count-lex	105	15
0RB---_0LC1RB_1RD1LC_0LD1RB	A	2	1280	count-lex	85	15
0RB---_0LC1RB_1RD1LC_1LB1LD	A	2	1280	count-lex	245	24
0RB---_0LC1RB_1RD1LC_1LB1RB	A	2	1280	count-lex	95	15
0RB---_0LC1RB_1RD1LC_1LC0RB	A	2	1536	count-lex	427	41
0RB---_0LC1RB_1RD1LC_1LD1RB	A	2	1280	count-lex	107	15
0RB---_0LC1RB_1RD1LC_1RB0RB	A	2	1280	count-lex	277	41
0RB---_0LC1RB_1RD1LC_1RB1RB	A	2	1280	count-lex	160	15
0RB---_0LC1RB_1RD1LD_1LB1LC	A	2	1280	count-lex	241	24
0RB---_0LC1RB_1RD1LD_1RB1LD	A	2	1280	count-lex	187	15
0RB---_0LC1RC_0LD1LD_1RB1LB	A	2	1280	rank	88	19
0RB---_0LC1RC_1LD0RB_1RB1LD	A	2	1280	count-lex	67	28
0RB---_0LC1RC_1LD0RC_0RB1LD	A	2	1999	rank	114	12
0RB---_0LC1RC_1LD0RC_1RB0LC	A	2	1999	rank	96	18
0RB---_0LC1RC_1LD0RC_1RB1LB	A	2	1999	rank	113	10
0RB---_0LC1RC_1LD1RC_0RB1LD	A	2	1280	count-lex	165	15
0RB---_0LC1RC_1RB0LD_1LC0RC	A	2	1280	count-lex	174	48
0RB---_0LC1RC_1RB0LD_1RC1LC	A	2	1280	count-lex	108	26
0RB---_0LC1RC_1RB1LD_1RC0LD	A	2	1999	count-lex	153	26
0RB---_0LC1RC_1RD1LD_1RB0LD	A	2	1536	count-lex	153	34
0RB---_0LC1RD_0LD1LD_1RB0LD	A	2	1999	count-lex	150	31
0RB---_0LC1RD_0LD1LD_1RB0RD	A	2	1999	rank	127	20
0RB---_0LC1RD_0RD1LD_1RB0LD	A	2	1999	count-lex	213	31
0RB---_0LC1RD_0RD1LD_1RB0RD	A	2	1999	rank	132	20
0RB---_0LC1RD_1LA1LD_1RB0LD	A	2	1999	count-lex	164	31
0RB---_0LC1RD_1LD1LC_1RB0RD	A	2	1280	rank	126	23
0RB---_0LC1RD_1RB0LD_1LC0RD	A	2	1280	rank	86	18
0RB---_0LC1RD_1RB1LC_0LC0RB	A	2	1999	count-lex	254	41
0RB---_0LC1RD_1RB1LC_0LC1RB	A	2	1280	count-lex	130	19
0RB---_0LC1RD_1RB1LC_0LC1RD	A	2	1280	count-lex	108	15
0RB---_0LC1RD_1RB1LC_0LD1RB	A	2	1280	count-lex	246	20
0RB---_0LC1RD_1RB1LC_1LB0LD	A	2	1999	rank	134	19
0RB---_0LC1RD_1RB1LC_1LB0RB	A	2	1280	count-lex	191	33
0RB---_0LC1RD_1RB1LC_1LD0LB	A	2	1536	rank	116	18
0RB---_0LC1RD_1RB1LD_1RC0LD	A	2	1999	count-lex	286	29
0RB---_0LC1RD_1RD1LC_0LC0RB	A	2	1536	count-lex	220	34
0RB---_0LC1RD_1RD1LC_0LC1RB	A	2	1280	count-lex	132	19
0RB---_0LC1RD_1RD1LC_0LD1RB	A	2	1280	count-lex	94	20
0RB---_0RC---_0LD1RC_1LB1LD	A	2	1280	count-lex	201	19
0RB---_0RC---_0LD1RC_1RC1LD	B	2	1280	count-lex	66	15
0RB---_0RC---_0RD1LC_1LC1RD	B	2	1280	count-lex	72	15
0RB---_0RC---_1LD0RD_1RC0LC	B	3	1280	rank	68	14
0RB---_0RC---_1LD1RC_0RC1LD	B	2	1280	count-lex	60	15
0RB---_0RC---_1RD0LD_1LC0RC	B	3	1280	rank	68	14
0RB---_0RC---_1RD1LC_0LC1RD	B	2	1280	count-lex	62	15
0RB---_0RC0LB_1LB0RD_1RC1RD	A	3	1999	rank	190	25
0RB---_0RC0LB_1LB1RD_1LB0RD	A	2	1999	rank	93	17
0RB---_0RC0LB_1LB1RD_1LC0RD	A	2	1999	count-lex	121	28
0RB---_0RC0LC_0LD1RB_1RC1LD	A	2	1999	count-lex	263	44
0RB---_0RC0LC_0RD1RD_1LB0RB	A	2	1280	rank	97	20
0RB---_0RC0LC_0RD1RD_1LB0RC	A	2	1999	rank	107	19
0RB---_0RC0LC_0RD1RD_1LB0RD	A	2	1280	rank	88	17
0RB---_0RC0LC_0RD1RD_1LB1RB	A	2	1280	rank	91	22
0RB---_0RC0LC_0RD1RD_1LB1RC	A	2	1999	rank	107	21
0RB---_0RC0LC_1LB0RD_1LC1RC	A	2	1280	count-lex	192	48
0RB---_0RC0LC_1LD0LD_1RB1LC	A	2	1999	rank	110	18
0RB---_0RC0LD_1LB1RC_0RC1LB	A	2	1536	count-lex	242	34
0RB---_0RC0LD_1LB1RC_0RC1RB	A	2	1999	rank	129	20
0RB---_0RC0LD_1LB1RC_0RC1RD	A	2	1999	rank	138	20
0RB---_0RC0LD_1LD0LC_1RD1LB	A	2	1999	rank	138	14
0RB---_0RC0LD_1LD1LC_1RD1LB	A	2	1999	rank	147	18
0RB---_0RC0LD_1LD1RB_1LB0LD	A	2	1280	count-lex	203	36
0RB---_0RC0LD_1LD1RB_1LB1RD	A	2	1280	count-lex	141	34
0RB---_0RC0LD_1LD1RC_0RC1LB	A	2	1999	count-lex	288	41
0RB---_0RC0LD_1LD1RC_1RD1LB	A	2	1536	count-lex	249	41
0RB---_0RC0RD_1RD1LD_1LC1RB	A	2	1280	count-lex	127	36
0RB---_0RC1LB_0LD1RC_1LB1RD	A	2	1280	count-lex	187	18
0RB---_0RC1LB_0LD1RD_1LB1RD	A	2	1280	count-lex	177	15
0RB---_0RC1LB_0RD1LC_1LB1RD	A	2	1280	count-lex	182	18
0RB---_0RC1LB_0RD1RD_1LB1RD	A	2	1280	count-lex	177	15
0RB---_0RC1LB_1LA1RD_1LB1RD	A	2	1280	count-lex	187	15
0RB---_0RC1LB_1LB0RD_1RC1RD	A	2	1280	count-lex	216	20
0RB---_0RC1LB_1LB1RC_------	A	2	1280	count-lex	70	15
0RB---_0RC1LB_1LB1RD_0LD1RC	A	2	1280	count-lex	197	19
0RB---_0RC1LB_1LB1RD_1LB0RD	A	2	1999	rank	121	12
0RB---_0RC1LB_1LB1RD_1LB1RC	A	2	1280	count-lex	76	19
0RB---_0RC1LB_1LB1RD_1LB1RD	A	2	1280	count-lex	166	15
0RB---_0RC1LB_1LB1RD_1RC0LB	A	2	1280	count-lex	173	42
0RB---_0RC1LB_1LD1RC_0LA1LB	A	2	1280	count-lex	87	15
0RB---_0RC1LB_1LD1RC_0LA1RB	A	2	1280	count-lex	261	18
0RB---_0RC1LB_1LD1RC_0RB1LB	A	2	1280	count-lex	88	15
0RB---_0RC1LB_1LD1RC_0RB1LD	A	2	1280	count-lex	157	18
0RB---_0RC1LB_1LD1RC_0RB1RB	A	2	1280	count-lex	226	18
0RB---_0RC1LB_1LD1RC_0RC1LB	A	2	1280	count-lex	101	15
0RB---_0RC1LB_1LD1RC_0RC1RB	A	2	1280	count-lex	152	18
0RB---_0RC1LB_1LD1RC_0RD1LB	A	2	1280	count-lex	85	15
0RB---_0RC1LB_1LD1RC_1LA1LB	A	2	1280	count-lex	101	15
0RB---_0RC1LB_1LD1RC_1LB0LB	A	2	1280	count-lex	269	41
0RB---_0RC1LB_1LD1RC_1LB1LB	A	2	1280	count-lex	153	15
0RB---_0RC1LB_1LD1RC_1RB1LB	A	2	1280	count-lex	93	15
0RB---_0RC1LB_1LD1RC_1RB1RD	A	2	1280	count-lex	233	24
0RB---_0RC1LB_1LD1RC_1RC0LB	A	2	1536	count-lex	411	41
0RB---_0RC1LB_1LD1RC_1RD1LB	A	2	1280	count-lex	95	15
0RB---_0RC1LB_1LD1RD_1LB1RD	A	2	1280	count-lex	152	15
0RB---_0RC1LB_1LD1RD_1RB1RC	A	2	1280	count-lex	231	24
0RB---_0RC1LB_1RD0LB_1LB0RD	A	2	1999	rank	109	19
0RB---_0RC1LB_1RD0LB_1LC1RD	A	2	1536	count-lex	287	41
0RB---_0RC1LB_1RD1LC_0LB1RD	A	2	1280	count-lex	193	18
0RB---_0RC1LB_1RD1RC_0LB---	A	2	1280	count-lex	239	19
0RB---_0RC1LB_1RD1RC_0LD1LB	A	2	1280	count-lex	161	19
0RB---_0RC1LB_1RD1RD_1LB1RD	A	2	1280	count-lex	185	15
0RB---_0RC1LC_0RD1RD_1LB1RB	A	2	1280	rank	90	19
0RB---_0RC1LC_1LB0RD_1LC1RC	A	2	1280	count-lex	98	26
0RB---_0RC1LC_1LB0RD_1RC0LC	A	2	1280	count-lex	180	48
0RB---_0RC1LC_1LB1RD_1LC0RD	A	2	1999	count-lex	150	26
0RB---_0RC1LC_1LD1RD_1LB0RD	A	2	1536	count-lex	154	34
0RB---_0RC1LC_1RD0LB_1LB1RD	A	2	1280	count-lex	67	28
0RB---_0RC1LC_1RD0LC_0LB1RD	A	2	1999	rank	118	12
0RB---_0RC1LC_1RD0LC_1LB0RC	A	2	1999	rank	103	18
0RB---_0RC1LC_1RD0LC_1LB1RB	A	2	1999	rank	123	10
0RB---_0RC1LC_1RD1LC_0LB1RD	A	2	1280	count-lex	166	15
0RB---_0RC1LD_0LD1RD_1LB0LD	A	2	1999	rank	124	20
0RB---_0RC1LD_0LD1RD_1LB0RD	A	2	1999	count-lex	144	31
0RB---_0RC1LD_0RD1RD_1LB0LD	A	2	1999	rank	126	20
0RB---_0RC1LD_0RD1RD_1LB0RD	A	2	1999	count-lex	145	31
0RB---_0RC1LD_1LA1RD_1LB0RD	A	2	1999	count-lex	155	31
0RB---_0RC1LD_1LB0RD_1RC0LD	A	2	1280	rank	95	18
0RB---_0RC1LD_1LB1RC_0RC0LB	A	2	1999	count-lex	259	41
0RB---_0RC1LD_1LB1RC_0RC1LB	A	2	1280	count-lex	129	19
0RB---_0RC1LD_1LB1RC_0RC1LD	A	2	1280	count-lex	105	15
0RB---_0RC1LD_1LB1RC_0RD1LB	A	2	1280	count-lex	243	20
0RB---_0RC1LD_1LB1RC_1RB0LB	A	2	1280	count-lex	184	33
0RB---_0RC1LD_1LB1RC_1RB0RD	A	2	1999	rank	119	19
0RB---_0RC1LD_1LB1RC_1RD0RB	A	2	1536	rank	149	18
0RB---_0RC1LD_1LB1RD_1LC0RD	A	2	1999	count-lex	341	29
0RB---_0RC1LD_1LD1RC_0RC0LB	A	2	1536	count-lex	379	34
0RB---_0RC1LD_1LD1RC_0RC1LB	A	2	1280	count-lex	235	19
0RB---_0RC1LD_1LD1RC_0RD1LB	A	2	1280	count-lex	165	20
0RB---_0RC1LD_1RD1RC_1LB0LD	A	2	1280	rank	136	23
0RB---_0RC1RB_1LD1RC_0RC0LB	A	2	1999	rank	116	20
0RB---_0RC1RC_0RD1LC_1LB1RD	A	2	1280	count-lex	159	18
0RB---_0RC1RC_1LD0RC_0RB0LB	A	2	1999	rank	92	17
0RB---_0RC1RC_1LD0RC_0RB1LD	A	2	1999	rank	115	12
0RB---_0RC1RC_1LD0RC_1RB0LC	A	2	1999	rank	96	18
0RB---_0RC1RC_1LD0RC_1RB1LB	A	2	1999	rank	123	10
0RB---_0RC1RC_1LD0RD_0RB0LB	A	2	1999	rank	121	20
0RB---_0RC1RC_1LD0RD_1RB1LB	A	2	1999	rank	114	19
0RB---_0RC1RC_1LD1RC_0RB1LD	A	2	1280	count-lex	160	15
0RB---_0RC1RC_1LD1RD_0RB0LB	A	2	1999	rank	103	22
0RB---_0RC1RC_1LD1RD_0RB1LB	A	2	1999	rank	119	19
0RB---_0RC1RC_1LD1RD_1RB1LB	A	2	1999	rank	128	18
0RB---_0RC1RD_1LB1RC_0RC1LD	A	2	1280	count-lex	157	18
0RB---_0RC1RD_1LB1RD_1LC0RD	A	2	1280	rank	99	15
0RB---_0RC1RD_1LD1RC_0RC0LB	A	2	1999	rank	110	20
0RB---_1LA0LC_1LD0RD_1RC0LC	B	3	1280	rank	74	14
0RB---_1LA0LC_1LD1RC_0RC1LD	B	2	1280	count-lex	65	15
0RB---_1LA0LC_1RD0LD_1LC0RC	B	3	1280	rank	75	14
0RB---_1LA0LC_1RD1LC_0LC1RD	B	2	1280	count-lex	66	15
0RB---_1LA0RC_1LD0RD_1RC0LC	B	3	1280	rank	73	14
0RB---_1LA0RC_1LD1RC_0RC1LD	B	2	1280	count-lex	85	15
0RB---_1LA0RC_1RD0LD_1LC0RC	B	3	1280	rank	84	14
0RB---_1LA0RC_1RD1LC_0LC1RD	B	2	1280	count-lex	66	15
0RB---_1LA1LC_0RD1LC_1LB1RD	A	2	1280	count-lex	113	15
0RB---_1LA1LC_0RD1LC_1LC1RD	B	2	1280	count-lex	64	15
0RB---_1LA1LC_1LD1RC_0RC1LD	B	2	1280	count-lex	43	15
0RB---_1LA1LC_1RD0LC_1LB1RD	A	2	1999	count-lex	161	32
0RB---_1LA1LC_1RD0LD_1LC0RC	B	3	1280	rank	72	14
0RB---_1LA1LC_1RD1LC_0LB1RD	A	2	1280	count-lex	155	15
0RB---_1LA1LC_1RD1LC_0LC1RD	B	2	1280	count-lex	62	15
0RB---_1LA1RC_0LD1RC_1RB1LD	A	2	1280	count-lex	112	15
0RB---_1LA1RC_0LD1RC_1RC1LD	B	2	1280	count-lex	63	15
0RB---_1LA1RC_1LD0RC_1RB1LD	A	2	1999	count-lex	151	32
0RB---_1LA1RC_1LD0RD_1RC0LC	B	3	1280	rank	68	14
0RB---_1LA1RC_1LD1RC_0RB1LD	A	2	1280	count-lex	147	15
0RB---_1LA1RC_1LD1RC_0RC1LD	B	2	1280	count-lex	57	15
0RB---_1LA1RC_1RD1LC_0LC1RD	B	2	1280	count-lex	42	15
0RB---_1LC---_0LD1RC_1RC1LD	B	2	1280	count-lex	76	21
0RB---_1LC---_0RD1LC_1LC1RD	B	2	1280	count-lex	58	15
0RB---_1LC---_1LD0RD_1RC0LC	B	3	1280	rank	90	14
0RB---_1LC---_1RD0LB_1LC0RC	A	3	1280	count-lex	123	14
0RB---_1LC---_1RD0LD_1LC0RC	B	3	1280	rank	64	14
0RB---_1LC---_1RD1LC_0LC1RD	B	2	1280	count-lex	40	15
0RB---_1LC0LB_0LD1LB_0RD1RB	A	2	1536	rank	133	23
0RB---_1LC0LB_0LD1RB_1RC1LD	A	2	1280	rank	109	19
0RB---_1LC0LB_0RD0LD_1LB1RB	A	3	1999	rank	170	19
0RB---_1LC0LB_0RD1LB_1RB0LC	A	2	1999	rank	127	26
0RB---_1LC0LB_0RD1LB_1RB1RC	A	2	1280	count-lex	202	50
0RB---_1LC0LB_1LD0LC_1RD0RB	A	2	1999	rank	114	25
0RB---_1LC0LB_1RC1LD_0RB0LC	A	2	1536	rank	105	14
0RB---_1LC0LB_1RC1LD_1RB0LC	A	2	1999	rank	154	15
0RB---_1LC0LB_1RD0LB_1LB0RC	A	3	1280	count-lex	96	14
0RB---_1LC0LC_0LD0LD_1RD1LB	A	3	1999	rank	155	20
0RB---_1LC0LC_1RC0LD_1LB1RD	A	2	1999	rank	116	25
0RB---_1LC0LC_1RD1LC_0RC1LB	A	2	1999	rank	88	13
0RB---_1LC0LC_1RD1LC_0RD1LB	A	2	1999	rank	129	13
0RB---_1LC0LC_1RD1LC_1RC1LB	A	2	1999	rank	133	13
0RB---_1LC0LC_1RD1LC_1RD1LB	A	2	1999	rank	123	10
0RB---_1LC0LC_1RD1LD_0RD1LB	A	2	1536	rank	103	17
0RB---_1LC0LD_0RD1LB_1RC1LD	A	2	1999	rank	114	13
0RB---_1LC0LD_1RC1LB_1RC1LD	A	2	1999	rank	122	10
0RB---_1LC0LD_1RD0LB_1RB0RC	A	3	1280	count-lex	99	22
0RB---_1LC0RB_0LD0LD_1RD1RB	A	2	1280	count-lex	177	41
0RB---_1LC0RB_0LD1LC_1RD1RB	A	2	1999	count-lex	244	45
0RB---_1LC0RB_0LD1LD_0RD1RB	A	2	1536	count-lex	96	36
0RB---_1LC0RB_0RD1LB_1RB0LC	A	2	1999	count-lex	142	43
0RB---_1LC0RB_0RD1LC_1RB0LC	A	2	1280	rank	93	19
0RB---_1LC0RB_0RD1LD_1LB1RB	A	2	1280	count-lex	160	34
0RB---_1LC0RB_1LD1RB_0RC0LD	A	2	1999	count-lex	119	28
0RB---_1LC0RB_1LD1RB_0RC1LC	A	2	1536	count-lex	133	26
0RB---_1LC0RB_1LD1RB_0RC1RD	A	2	1280	rank	115	19
0RB---_1LC0RB_1RC0LD_1RD1RB	A	2	1280	count-lex	92	49
0RB---_1LC0RB_1RD0LB_1RB0RC	A	4	1536	count-lex	280	32
0RB---_1LC0RC_0LD1RB_1RC1LD	A	2	1999	count-lex	311	33
0RB---_1LC0RC_0LD1RD_1RB0RB	A	2	1280	rank	127	47
0RB---_1LC0RC_0RD0LD_0RB1RB	A	2	1280	rank	105	20
0RB---_1LC0RC_1RB0LB_------	A	3	1280	rank	82	14
0RB---_1LC0RC_1RB0LD_0RD1RC	A	2	1999	rank	131	22
0RB---_1LC0RC_1RB0LD_1LC---	A	3	1280	count-lex	129	14
0RB---_1LC0RD_0LD1LD_1RB0LD	A	2	1280	rank	96	18
0RB---_1LC0RD_0RB0LB_1LB1RB	A	2	1280	count-lex	182	48
0RB---_1LC0RD_0RB1LB_1LB1RB	A	2	1280	count-lex	90	26
0RB---_1LC0RD_0RB1LC_1RB1RD	A	2	1280	count-lex	239	20
0RB---_1LC0RD_0RB1LD_1RB0LD	A	2	1999	rank	101	18
0RB---_1LC0RD_0RD0LD_0RB1RB	A	2	1999	rank	111	19
0RB---_1LC0RD_0RD1LC_0RB1RB	A	2	1536	rank	101	14
0RB---_1LC0RD_0RD1LD_1RB0LD	A	2	1999	rank	101	18
0RB---_1LC0RD_1LD0LB_1RB0LD	A	4	1280	count-lex	200	32
0RB---_1LC0RD_1LD0LC_1RB0LC	A	3	1280	count-lex	112	14
0RB---_1LC0RD_1RB0LB_1RB---	A	3	1280	count-lex	86	14
0RB---_1LC0RD_1RB0LD_1RB0RB	A	2	1280	count-lex	45	36
0RB---_1LC0RD_1RB1LB_0LC1RD	A	2	1536	count-lex	219	42
0RB---_1LC0RD_1RB1LB_1LD1RB	A	3	1280	count-lex	185	25
0RB---_1LC0RD_1RB1LB_1RB1RB	A	3	1280	count-lex	92	21
0RB---_1LC0RD_1RB1LC_0LB1RD	A	2	1536	count-lex	228	41
0RB---_1LC0RD_1RB1LC_1RB1RD	A	2	1280	count-lex	330	26
0RB---_1LC0RD_1RB1LD_1RB0LD	A	2	1280	rank	93	20
0RB---_1LC0RD_1RC1LD_1RB0LD	A	2	1280	rank	94	18
0RB---_1LC0RD_1RD0LB_1RB0RD	A	3	1280	count-lex	86	14
0RB---_1LC0RD_1RD1LB_0RB1RB	A	2	1536	rank	92	11
0RB---_1LC0RD_1RD1LC_0LB1RB	A	2	1280	count-lex	82	28
0RB---_1LC0RD_1RD1LC_0LC1RB	A	2	1280	count-lex	170	32
0RB---_1LC0RD_1RD1LC_0LD1RB	A	2	1280	count-lex	158	33
0RB---_1LC0RD_1RD1LD_1RB0LD	A	2	1280	rank	94	18
0RB---_1LC1LB_0RC0RD_1LB1RD	A	2	1280	count-lex	163	21
0RB---_1LC1LB_0RC1RD_0LB1RD	A	2	1280	count-lex	183	19
0RB---_1LC1LB_0RD---_0LB1RD	A	2	1280	count-lex	181	19
0RB---_1LC1LB_0RD0LB_1RB1RD	A	2	1536	count-lex	240	35
0RB---_1LC1LB_0RD0RB_1RB1RD	A	2	1280	count-lex	64	26
0RB---_1LC1LB_0RD1LB_0LC1RD	A	2	1280	count-lex	181	19
0RB---_1LC1LB_1LD0LD_1RD0RB	A	2	1999	rank	145	35
0RB---_1LC1LB_1RC1LD_0RB0LC	A	2	1536	rank	114	18
0RB---_1LC1LB_1RC1LD_1RB0LC	A	2	1999	rank	158	19
0RB---_1LC1LB_1RC1RD_0LB0RD	A	2	1280	count-lex	178	51
0RB---_1LC1LB_1RC1RD_1LB0RD	A	2	1280	rank	91	20
0RB---_1LC1LB_1RD0LB_1RB1RD	A	2	1999	count-lex	258	31
0RB---_1LC1LB_1RD0LD_1RB1RD	A	2	1280	count-lex	185	24
0RB---_1LC1LB_1RD1LB_0LC0RD	A	2	1280	count-lex	248	36
0RB---_1LC1LB_1RD1LB_1RB1RD	A	2	1280	count-lex	85	14
0RB---_1LC1LB_1RD1RC_1LB1RC	A	2	1280	count-lex	82	14
0RB---_1LC1LB_1RD1RD_1LB1RC	A	2	1280	count-lex	86	17
0RB---_1LC1LC_0RD1LC_1LB1RD	A	2	1280	count-lex	98	15
0RB---_1LC1LC_1RD0LB_1LB1RC	A	2	1536	count-lex	246	33
0RB---_1LC1LC_1RD0LB_1LC1RC	A	3	1280	count-lex	142	21
0RB---_1LC1LC_1RD0LC_1LB0RC	A	2	1280	rank	94	20
0RB---_1LC1LC_1RD1LB_1RB1RD	A	2	1280	count-lex	106	17
0RB---_1LC1LC_1RD1LC_0LB1RD	A	2	1280	count-lex	156	15
0RB---_1LC1LD_0LD1RC_1RB1LB	A	2	1280	count-lex	251	24
0RB---_1LC1LD_0RC1RD_1LB0RD	A	2	1280	rank	86	15
0RB---_1LC1LD_1LD1LC_1RB1RD	A	2	1280	count-lex	180	17
0RB---_1LC1RB_0RB0LD_0RB1LC	A	2	1536	count-lex	181	34
0RB---_1LC1RB_0RB0LD_0RB1RC	A	2	1280	rank	89	20
0RB---_1LC1RB_0RB0LD_0RB1RD	A	2	1280	rank	89	20
0RB---_1LC1RB_0RB0LD_0RD1RC	A	2	1536	rank	127	13
0RB---_1LC1RB_0RB0LD_1RD0RC	A	2	1536	rank	124	15
0RB---_1LC1RB_0RB1LC_------	A	2	1280	count-lex	63	15
0RB---_1LC1RB_0RB1LD_0LC0RC	A	2	1999	count-lex	280	44
0RB---_1LC1RB_0RB1LD_0RB0LC	A	2	1999	count-lex	302	41
0RB---_1LC1RB_0RB1LD_0RB1LC	A	2	1280	count-lex	115	19
0RB---_1LC1RB_0RB1LD_0RB1LD	A	2	1280	count-lex	92	15
0RB---_1LC1RB_0RB1LD_0RB1RD	A	2	1280	rank	96	25
0RB---_1LC1RB_0RB1LD_0RD1LC	A	2	1280	count-lex	173	20
0RB---_1LC1RB_0RB1LD_1RC0LC	A	2	1280	count-lex	156	33
0RB---_1LC1RB_0RB1LD_1RC0RD	A	2	1280	rank	98	19
0RB---_1LC1RB_0RC1LD_0RB1LC	A	2	1280	count-lex	199	20
0RB---_1LC1RB_0RC1LD_0RB1LD	A	2	1280	count-lex	113	15
0RB---_1LC1RB_0RC1LD_1RB0LD	A	2	1999	count-lex	153	32
0RB---_1LC1RB_0RD0LC_1RB1RD	A	2	1280	count-lex	138	34
0RB---_1LC1RB_0RD0LD_0RB1LD	A	2	1536	count-lex	223	41
0RB---_1LC1RB_0RD1LC_---1RB	A	2	1280	count-lex	148	15
0RB---_1LC1RB_0RD1LD_0RB1LD	A	2	1280	count-lex	116	15
0RB---_1LC1RB_0RD1LD_1RB0LC	A	2	1536	count-lex	200	28
0RB---_1LC1RB_0RD1RD_0RB1LD	A	2	1280	count-lex	173	18
0RB---_1LC1RB_1LA1LD_1RB0LD	A	2	1999	count-lex	160	32
0RB---_1LC1RB_1LD0LD_0RB1LD	A	2	1536	count-lex	336	41
0RB---_1LC1RB_1LD0LD_1RD0LB	A	2	1536	rank	115	25
0RB---_1LC1RB_1RB0LD_0RC0LD	A	2	1280	count-lex	121	34
0RB---_1LC1RB_1RB0LD_0RC1LD	A	2	1536	count-lex	167	41
0RB---_1LC1RB_1RB1LD_0RB1RD	A	2	1536	rank	161	14
0RB---_1LC1RB_1RC1LD_0RB0LC	A	2	1280	count-lex	187	41
0RB---_1LC1RB_1RC1LD_0RB1LD	A	2	1280	count-lex	128	15
0RB---_1LC1RB_1RD0LD_0RB1LD	A	2	1280	count-lex	222	41
0RB---_1LC1RB_1RD1LD_0RB1LD	A	2	1280	count-lex	126	15
0RB---_1LC1RB_1RD1RC_0RB1LD	A	2	1280	count-lex	179	24
0RB---_1LC1RC_0LD1LD_1RB0LB	A	2	1280	rank	85	19
0RB---_1LC1RC_0LD1LD_1RB1LB	A	2	1280	rank	91	18
0RB---_1LC1RC_0RD0LD_0RB1RB	A	2	1280	rank	98	22
0RB---_1LC1RC_1LD0RC_0RB0LD	A	2	1280	count-lex	84	38
0RB---_1LC1RC_1LD0RC_0RB1LB	A	2	1536	count-lex	157	34
0RB---_1LC1RC_1RB0LD_1LC1LC	A	3	1280	count-lex	139	21
0RB---_1LC1RC_1RB0LD_1RD1LC	A	3	1280	count-lex	151	25
0RB---_1LC1RC_1RB0RD_1LB0RD	A	2	1280	rank	102	20
0RB---_1LC1RC_1RB1LD_0LB0LC	A	2	1280	count-lex	102	36
0RB---_1LC1RC_1RB1LD_1RB0LC	A	2	1536	count-lex	296	36
0RB---_1LC1RC_1RD1RB_0RB1LD	A	2	1280	count-lex	184	24
0RB---_1LC1RD_0RB0LC_1LB0RD	A	2	1536	count-lex	107	28
0RB---_1LC1RD_0RB1LB_1LB0RD	A	2	1536	count-lex	122	26
0RB---_1LC1RD_0RB1LC_0LD1RB	A	2	1280	count-lex	177	19
0RB---_1LC1RD_0RB1LC_1LC1RB	A	2	1280	count-lex	147	19
0RB---_1LC1RD_0RB1LC_1LC1RD	A	2	1280	count-lex	149	15
0RB---_1LC1RD_0RB1LC_1RB0LC	A	2	1280	count-lex	141	42
0RB---_1LC1RD_0RC1LD_1RB0LC	A	2	1999	count-lex	261	41
0RB---_1LC1RD_0RD0LC_0RB1RB	A	2	1536	rank	99	13
0RB---_1LC1RD_0RD0LC_1RB1RD	A	2	1536	count-lex	193	42
0RB---_1LC1RD_0RD0LD_0RB1RB	A	2	1999	rank	114	21
0RB---_1LC1RD_0RD1LC_0LD1RB	A	2	1280	count-lex	175	20
0RB---_1LC1RD_0RD1LC_0RB1RB	A	2	1536	rank	99	15
0RB---_1LC1RD_0RD1LC_1LC1RB	A	2	1280	count-lex	155	19
0RB---_1LC1RD_1LD0LC_0RB0LC	A	2	1280	count-lex	193	36
0RB---_1LC1RD_1LD1LC_1RB1RB	A	2	1280	count-lex	84	17
0RB---_1LC1RD_1LD1RC_0RB0LC	A	2	1280	count-lex	145	34
0RB---_1LC1RD_1RB1LC_0LC1RD	A	2	1280	count-lex	164	15
0RB---_1LC1RD_1RB1LD_1RC0LD	A	2	1999	count-lex	169	39
0RB---_1LC1RD_1RC1LB_0RB1RB	A	2	1999	rank	131	17
0RB---_1LC1RD_1RD0LB_0RB1RB	A	2	1536	rank	100	15
0RB---_1LC1RD_1RD1LB_0RB1RB	A	2	1536	rank	109	14
0RB---_1LC1RD_1RD1RC_1LB0RD	A	2	1536	rank	149	14
0RB---_1RC---_0LD1RC_1RC1LD	B	2	1280	count-lex	68	15
0RB---_1RC---_0RD1LC_1LC1RD	B	2	1280	count-lex	76	21
0RB---_1RC---_1LD0RB_1RC0LC	A	3	1280	count-lex	127	14
0RB---_1RC---_1LD0RD_1RC0LC	B	3	1280	rank	65	14
0RB---_1RC---_1LD1RC_0RC1LD	B	2	1280	count-lex	40	15
0RB---_1RC---_1RD0LD_1LC0RC	B	3	1280	rank	93	14
0RB---_1RC0LB_0LD1RB_1LB0RC	A	2	1999	count-lex	138	43
0RB---_1RC0LB_0LD1RC_1LB0RC	A	2	1280	rank	71	19
0RB---_1RC0LB_0LD1RD_1RB1LB	A	2	1280	count-lex	164	34
0RB---_1RC0LB_0RD0RD_1LD1LB	A	2	1280	count-lex	156	41
0RB---_1RC0LB_0RD1RC_1LD1LB	A	2	1999	count-lex	255	45
0RB---_1RC0LB_0RD1RD_0LD1LB	A	2	1536	count-lex	100	36
0RB---_1RC0LB_1LC0RD_1LD1LB	A	2	1280	count-lex	95	49
0RB---_1RC0LB_1LD0RB_1LB0LC	A	4	1536	count-lex	280	32
0RB---_1RC0LB_1RD1LB_0LC0RD	A	2	1999	count-lex	117	28
0RB---_1RC0LB_1RD1LB_0LC1LD	A	2	1280	rank	115	19
0RB---_1RC0LB_1RD1LB_0LC1RC	A	2	1536	count-lex	128	26
0RB---_1RC0LC_0LD0RD_0LB1LB	A	2	1280	rank	103	20
0RB---_1RC0LC_0RD1LB_1LC1RD	A	2	1999	count-lex	301	33
0RB---_1RC0LC_0RD1LD_1LB0LB	A	2	1280	rank	123	47
0RB---_1RC0LC_1LB0RB_------	A	3	1280	rank	78	14
0RB---_1RC0LC_1LB0RD_0LD1LC	A	2	1999	rank	133	22
0RB---_1RC0LC_1LB0RD_1RC---	A	3	1280	count-lex	129	14
0RB---_1RC0LD_0LB0RB_1RB1LB	A	2	1280	count-lex	190	48
0RB---_1RC0LD_0LB1RB_1RB1LB	A	2	1280	count-lex	87	26
0RB---_1RC0LD_0LB1RC_1LB1LD	A	2	1280	count-lex	253	20
0RB---_1RC0LD_0LB1RD_1LB0RD	A	2	1999	rank	97	18
0RB---_1RC0LD_0LD0RD_0LB1LB	A	2	1999	rank	139	19
0RB---_1RC0LD_0LD1RC_0LB1LB	A	2	1536	rank	117	14
0RB---_1RC0LD_0LD1RD_1LB0RD	A	2	1999	rank	95	18
0RB---_1RC0LD_0RD1RD_1LB0RD	A	2	1280	rank	94	18
0RB---_1RC0LD_1LB0RB_1LB---	A	3	1280	count-lex	88	14
0RB---_1RC0LD_1LB0RD_1LB0LB	A	2	1280	count-lex	47	36
0RB---_1RC0LD_1LB1RB_0RC1LD	A	2	1536	count-lex	218	42
0RB---_1RC0LD_1LB1RB_1LB1LB	A	3	1280	count-lex	94	21
0RB---_1RC0LD_1LB1RB_1RD1LB	A	3	1280	count-lex	192	25
0RB---_1RC0LD_1LB1RC_0RB1LD	A	2	1536	count-lex	231	41
0RB---_1RC0LD_1LB1RC_1LB1LD	A	2	1280	count-lex	341	26
0RB---_1RC0LD_1LB1RD_1LB0RD	A	2	1280	rank	92	20
0RB---_1RC0LD_1LC1RD_1LB0RD	A	2	1280	rank	88	18
0RB---_1RC0LD_1LD0RB_1LB0LD	A	3	1280	count-lex	86	14
0RB---_1RC0LD_1LD1RB_0LB1LB	A	2	1536	rank	93	11
0RB---_1RC0LD_1LD1RC_0RB1LB	A	2	1280	count-lex	89	28
0RB---_1RC0LD_1LD1RC_0RC1LB	A	2	1280	count-lex	174	32
0RB---_1RC0LD_1LD1RC_0RD1LB	A	2	1280	count-lex	164	33
0RB---_1RC0LD_1LD1RD_1LB0RD	A	2	1280	rank	89	18
0RB---_1RC0LD_1RD0RB_1LB0RD	A	4	1280	count-lex	206	32
0RB---_1RC0LD_1RD0RC_1LB0RC	A	3	1280	count-lex	121	14
0RB---_1RC0RB_0LD0RD_1RB1LB	A	3	1999	rank	164	19
0RB---_1RC0RB_0LD1RB_1LB0RC	A	2	1999	rank	123	26
0RB---_1RC0RB_0LD1RB_1LB1LC	A	2	1280	count-lex	199	50
0RB---_1RC0RB_0RD1LB_1LC1RD	A	2	1280	rank	112	19
0RB---_1RC0RB_0RD1RB_0LD1LB	A	2	1536	rank	128	23
0RB---_1RC0RB_1LC1RD_0LB0RC	A	2	1536	rank	111	14
0RB---_1RC0RB_1LC1RD_1LB0RC	A	2	1999	rank	140	15
0RB---_1RC0RB_1LD0RB_1RB0LC	A	3	1280	count-lex	88	14
0RB---_1RC0RB_1RD0RC_1LD0LB	A	2	1999	rank	117	25
0RB---_1RC0RC_0RD0RD_1LD1RB	A	3	1999	rank	174	20
0RB---_1RC0RC_1LC0RD_1RB1LD	A	2	1999	rank	131	25
0RB---_1RC0RC_1LD1RC_0LC1RB	A	2	1999	rank	88	13
0RB---_1RC0RC_1LD1RC_0LD1RB	A	2	1999	rank	137	13
0RB---_1RC0RC_1LD1RC_1LC1RB	A	2	1999	rank	164	13
0RB---_1RC0RC_1LD1RC_1LD1RB	A	2	1999	rank	174	10
0RB---_1RC0RC_1LD1RD_0LD1RB	A	2	1536	rank	124	17
0RB---_1RC0RD_0LD1RB_1LC1RD	A	2	1999	rank	93	13
0RB---_1RC0RD_1LC1RB_1LC1RD	A	2	1999	rank	216	10
0RB---_1RC0RD_1LD0RB_1LB0LC	A	3	1280	count-lex	183	22
0RB---_1RC1LB_0LB0RD_0LB1LC	A	2	1280	rank	186	20
0RB---_1RC1LB_0LB0RD_0LB1LD	A	2	1280	rank	100	20
0RB---_1RC1LB_0LB0RD_0LB1RC	A	2	1536	count-lex	215	34
0RB---_1RC1LB_0LB0RD_0LD1LC	A	2	1536	rank	229	13
0RB---_1RC1LB_0LB0RD_1LD0LC	A	2	1536	rank	130	15
0RB---_1RC1LB_0LB1RC_------	A	2	1280	count-lex	63	15
0RB---_1RC1LB_0LB1RD_0LB0RC	A	2	1999	count-lex	489	41
0RB---_1RC1LB_0LB1RD_0LB1LD	A	2	1280	rank	106	25
0RB---_1RC1LB_0LB1RD_0LB1RC	A	2	1280	count-lex	235	19
0RB---_1RC1LB_0LB1RD_0LB1RD	A	2	1280	count-lex	161	15
0RB---_1RC1LB_0LB1RD_0LD1RC	A	2	1280	count-lex	231	20
0RB---_1RC1LB_0LB1RD_0RC0LC	A	2	1999	count-lex	409	44
0RB---_1RC1LB_0LB1RD_1LC0LD	A	2	1280	rank	110	19
0RB---_1RC1LB_0LB1RD_1LC0RC	A	2	1280	count-lex	157	33
0RB---_1RC1LB_0LC1RD_0LB1RC	A	2	1280	count-lex	275	20
0RB---_1RC1LB_0LC1RD_0LB1RD	A	2	1280	count-lex	146	15
0RB---_1RC1LB_0LC1RD_1LB0RD	A	2	1999	count-lex	235	32
0RB---_1RC1LB_0LD0RC_1LB1LD	A	2	1280	count-lex	157	34
0RB---_1RC1LB_0LD0RD_0LB1RD	A	2	1536	count-lex	398	41
0RB---_1RC1LB_0LD1LD_0LB1RD	A	2	1280	count-lex	367	18
0RB---_1RC1LB_0LD1RC_---1LB	A	2	1280	count-lex	343	15
0RB---_1RC1LB_0LD1RD_0LB1RD	A	2	1280	count-lex	155	15
0RB---_1RC1LB_0LD1RD_1LB0RC	A	2	1536	count-lex	250	28
0RB---_1RC1LB_1LB0RD_0LC0RD	A	2	1280	count-lex	120	34
0RB---_1RC1LB_1LB0RD_0LC1RD	A	2	1536	count-lex	175	41
0RB---_1RC1LB_1LB1RD_0LB1LD	A	2	1536	rank	291	14
0RB---_1RC1LB_1LC1RD_0LB0RC	A	2	1280	count-lex	261	41
0RB---_1RC1LB_1LC1RD_0LB1RD	A	2	1280	count-lex	200	15
0RB---_1RC1LB_1LD0RD_0LB1RD	A	2	1280	count-lex	255	41
0RB---_1RC1LB_1LD1LC_0LB1RD	A	2	1280	count-lex	200	24
0RB---_1RC1LB_1LD1RD_0LB1RD	A	2	1280	count-lex	257	15
0RB---_1RC1LB_1RD0RD_0LB1RD	A	2	1536	count-lex	551	41
0RB---_1RC1LB_1RD0RD_1LD0RB	A	2	1536	rank	250	25
0RB---_1RC1LC_0LD0RD_0LB1LB	A	2	1280	rank	104	22
0RB---_1RC1LC_0RD1RD_1LB0RB	A	2	1280	rank	164	19
0RB---_1RC1LC_0RD1RD_1LB1RB	A	2	1280	rank	154	18
0RB---_1RC1LC_1LB0LD_1RB0LD	A	2	1280	rank	105	20
0RB---_1RC1LC_1LB0RD_1LD1RC	A	3	1280	count-lex	177	25
0RB---_1RC1LC_1LB0RD_1RC1RC	A	3	1280	count-lex	150	21
0RB---_1RC1LC_1LB1RD_0RB0RC	A	2	1280	count-lex	118	36
0RB---_1RC1LC_1LB1RD_1LB0RC	A	2	1536	count-lex	407	36
0RB---_1RC1LC_1LD1LB_0LB1RD	A	2	1280	count-lex	182	24
0RB---_1RC1LC_1RD0LC_0LB0RD	A	2	1280	count-lex	83	38
0RB---_1RC1LC_1RD0LC_0LB1RB	A	2	1536	count-lex	160	34
0RB---_1RC1LD_0LB0RC_1RB0LD	A	2	1536	count-lex	112	28
0RB---_1RC1LD_0LB1RB_1RB0LD	A	2	1536	count-lex	130	26
0RB---_1RC1LD_0LB1RC_0RD1LB	A	2	1280	count-lex	236	19
0RB---_1RC1LD_0LB1RC_1LB0RC	A	2	1280	count-lex	183	42
0RB---_1RC1LD_0LB1RC_1RC1LB	A	2	1280	count-lex	159	19
0RB---_1RC1LD_0LB1RC_1RC1LD	A	2	1280	count-lex	154	15
0RB---_1RC1LD_0LC1RD_1LB0RC	A	2	1999	count-lex	258	41
0RB---_1RC1LD_0LD0RC_0LB1LB	A	2	1536	rank	97	13
0RB---_1RC1LD_0LD0RC_1LB1LD	A	2	1536	count-lex	184	42
0RB---_1RC1LD_0LD0RD_0LB1LB	A	2	1999	rank	104	21
0RB---_1RC1LD_0LD1RC_0LB1LB	A	2	1536	rank	106	15
0RB---_1RC1LD_0LD1RC_0RD1LB	A	2	1280	count-lex	183	20
0RB---_1RC1LD_0LD1RC_1RC1LB	A	2	1280	count-lex	159	19
0RB---_1RC1LD_1LB1RC_0RC1LD	A	2	1280	count-lex	160	15
0RB---_1RC1LD_1LB1RD_1LC0RD	A	2	1999	count-lex	155	39
0RB---_1RC1LD_1LC1RB_0LB1LB	A	2	1999	rank	131	17
0RB---_1RC1LD_1LD0RB_0LB1LB	A	2	1536	rank	107	15
0RB---_1RC1LD_1LD1LC_1RB0LD	A	2	1536	rank	152	14
0RB---_1RC1LD_1LD1RB_0LB1LB	A	2	1536	rank	113	14
0RB---_1RC1LD_1RD0RC_0LB0RC	A	2	1280	count-lex	175	36
0RB---_1RC1LD_1RD1LC_0LB0RC	A	2	1280	count-lex	144	34
0RB---_1RC1LD_1RD1RC_1LB1LB	A	2	1280	count-lex	85	17
0RB---_1RC1RB_0LC0LD_1RB1LD	A	2	1280	count-lex	161	21
0RB---_1RC1RB_0LC1LD_0RB1LD	A	2	1280	count-lex	187	19
0RB---_1RC1RB_0LD---_0RB1LD	A	2	1280	count-lex	177	19
0RB---_1RC1RB_0LD0LB_1LB1LD	A	2	1280	count-lex	60	26
0RB---_1RC1RB_0LD0RB_1LB1LD	A	2	1536	count-lex	242	35
0RB---_1RC1RB_0LD1RB_0RC1LD	A	2	1280	count-lex	182	19
0RB---_1RC1RB_1LC1LD_0RB0LD	A	2	1280	count-lex	162	51
0RB---_1RC1RB_1LC1LD_1RB0LD	A	2	1280	rank	92	20
0RB---_1RC1RB_1LC1RD_0LB0RC	A	2	1536	rank	114	18
0RB---_1RC1RB_1LC1RD_1LB0RC	A	2	1999	rank	153	19
0RB---_1RC1RB_1LD0RB_1LB1LD	A	2	1999	count-lex	253	31
0RB---_1RC1RB_1LD0RD_1LB1LD	A	2	1280	count-lex	186	24
0RB---_1RC1RB_1LD1LC_1RB1LC	A	2	1280	count-lex	80	14
0RB---_1RC1RB_1LD1LD_1RB1LC	A	2	1280	count-lex	88	17
0RB---_1RC1RB_1LD1RB_0RC0LD	A	2	1280	count-lex	228	36
0RB---_1RC1RB_1LD1RB_1LB1LD	A	2	1280	count-lex	77	14
0RB---_1RC1RB_1RD0RD_1LD0LB	A	2	1999	rank	149	35
0RB---_1RC1RC_0LD1RC_1RB1LD	A	2	1280	count-lex	98	15
0RB---_1RC1RC_1LD0RB_1RB1LC	A	2	1536	count-lex	271	33
0RB---_1RC1RC_1LD0RB_1RC1LC	A	3	1280	count-lex	139	21
0RB---_1RC1RC_1LD0RC_1RB0LC	A	2	1280	rank	97	20
0RB---_1RC1RC_1LD1RB_1LB1LD	A	2	1280	count-lex	105	17
0RB---_1RC1RC_1LD1RC_0RB1LD	A	2	1280	count-lex	180	15
0RB---_1RC1RD_0LC1LD_1RB0LD	A	2	1280	rank	125	15
0RB---_1RC1RD_0RD1LC_1LB1RB	A	2	1280	count-lex	287	24
0RB---_1RC1RD_1RD1RC_1LB1LD	A	2	1280	count-lex	281	17
0RB0LA_1RC0LD_1LA1RD_1LB0RD	A	2	1999	rank	107	18
0RB0LA_1RC1LB_1LA1LD_0LB1RD	A	2	1280	count-lex	153	18
0RB0LA_1RC1LB_1LA1RD_0LB1RD	A	2	1280	count-lex	101	15
0RB0LB_0RC1LB_1LD1RC_1RA1RB	A	2	1280	count-lex	162	18
0RB0LB_1LA1RC_0RD1LC_1LB1RD	A	2	1280	count-lex	269	24
0RB0LB_1LC0RD_1RA1LD_1RB0LD	A	2	1280	rank	99	18
0RB0LB_1LC1RB_1RA1LD_0RB1LD	A	2	1280	count-lex	104	15
0RB0LB_1LC1RB_1RA1RD_0RB1LD	A	2	1280	count-lex	183	18
0RB0LC_0RC1LB_1LD1RC_1RA1LB	A	2	1280	count-lex	123	15
0RB0LC_0RC1LB_1LD1RC_1RA1RB	A	2	1280	count-lex	183	18
0RB0LC_1LA1LC_1RD1LC_0RC1LA	B	2	1999	rank	97	13
0RB0LC_1LA1RB_0RD1LC_1LC1RD	B	2	1280	count-lex	119	15
0RB0LC_1LA1RB_1LD0RD_1RC0LC	B	3	1280	rank	128	14
0RB0LC_1LA1RB_1LD1RC_0RC1LD	B	2	1280	count-lex	50	15
0RB0LC_1LA1RB_1RD1LC_0RC1LA	B	2	1280	rank	54	13
0RB0LC_1LC---_1RD1LC_0RC1LA	B	2	1999	rank	50	13
0RB0LC_1LC---_1RD1LC_1RC1LA	B	2	1999	rank	96	13
0RB0LC_1LC---_1RD1LC_1RD1LA	B	2	1999	rank	81	10
0RB0LC_1LC1RB_1RA1LD_0RB1LD	A	2	1280	count-lex	87	15
0RB0LC_1LC1RB_1RA1LD_1RB0LD	A	2	1280	count-lex	193	32
0RB0LC_1RC1LB_1LA1LD_0LB1RD	A	2	1280	count-lex	284	24
0RB0LC_1RC1LB_1LA1RD_0LB1RD	A	2	1280	count-lex	149	21
0RB0LD_0LC1RB_1RD1LC_1LA1LB	A	2	1280	count-lex	196	24
0RB0LD_1LA1RC_0LD0LA_1RD1LC	B	3	1536	rank	51	15
0RB0LD_1LC---_0RD1LA_1RC1LD	B	2	1999	rank	118	13
0RB0LD_1LC---_1RC1LA_1RC1LD	B	2	1999	rank	82	10
0RB0LD_1LC0RD_0RA1LD_1RB0LD	A	2	1999	rank	102	18
0RB0LD_1LC0RD_1RA1LD_1RB0LD	A	2	1280	rank	89	18
0RB0LD_1LC1RA_0RC1RD_1LB0RD	A	2	1280	rank	98	15
0RB0LD_1LC1RB_1RA1LD_0RB1LD	A	2	1280	count-lex	162	15
0RB0LD_1LC1RB_1RA1RD_0RB1LD	A	2	1280	count-lex	275	18
0RB0LD_1RC0LD_0LA1RD_1LB0RD	A	2	1999	rank	107	18
0RB0LD_1RC0LD_1LA1RD_1LB0RD	A	2	1280	rank	96	20
0RB0RB_0LC1RB_1RD1LC_1LA1LB	A	2	1280	count-lex	252	18
0RB0RB_1LA1RC_0RD1LC_1LB1RD	A	2	1280	count-lex	232	18
0RB0RB_1RC0LD_1LA1RD_1LB0RD	A	2	1280	rank	86	18
0RB0RB_1RC1LB_1LA1LD_0LB1RD	A	2	1280	count-lex	220	18
0RB0RB_1RC1LB_1LA1RD_0LB1RD	A	2	1280	count-lex	107	15
0RB0RC_0LC1RB_1RD1LC_1LA1LB	A	2	1280	count-lex	351	18
0RB0RC_0LC1RB_1RD1LC_1LA1RB	A	2	1280	count-lex	135	15
0RB0RC_1LA1LC_0LD1RC_1RB1LD	A	2	1280	count-lex	231	18
0RB0RC_1LA1RB_1LD1RC_0RC1LD	B	2	1280	count-lex	64	15
0RB0RC_1LA1RB_1RD1LC_0LC1RD	B	2	1280	count-lex	133	15
0RB0RC_1LA1RC_0RD1LC_1LB1RD	A	2	1280	count-lex	151	18
0RB0RC_1LA1RC_1LD1RC_0LC1RA	B	2	1999	rank	90	13
0RB0RC_1RC---_1LD1RC_0LC1RA	B	2	1999	rank	82	13
0RB0RC_1RC---_1LD1RC_1LC1RA	B	2	1999	rank	105	13
0RB0RC_1RC---_1LD1RC_1LD1RA	B	2	1999	rank	78	10
0RB0RC_1RC1LB_1LA1RD_0LB1RD	A	2	1280	count-lex	124	15
0RB0RC_1RC1LB_1LA1RD_1LB0RD	A	2	1280	count-lex	95	32
0RB0RD_1LA1LC_0RD0RA_1LD1RC	B	3	1536	rank	49	15
0RB0RD_1LC0RD_0RA1LD_1RB0LD	A	2	1999	rank	176	18
0RB0RD_1LC0RD_1RA1LD_1RB0LD	A	2	1280	rank	219	20
0RB0RD_1RC---_0LD1RA_1LC1RD	B	2	1999	rank	51	13
0RB0RD_1RC---_1LC1RA_1LC1RD	B	2	1999	rank	179	10
0RB0RD_1RC0LD_0LA1RD_1LB0RD	A	2	1999	rank	182	18
0RB0RD_1RC0LD_1LA1RD_1LB0RD	A	2	1280	rank	159	18
0RB0RD_1RC1LA_0LC1LD_1RB0LD	A	2	1280	rank	105	15
0RB0RD_1RC1LB_1LA1LD_0LB1RD	A	2	1280	count-lex	307	18
0RB0RD_1RC1LB_1LA1RD_0LB1RD	A	2	1280	count-lex	172	15
0RB1LA_0LC1RB_1RD1LC_0LA1LB	A	2	1280	count-lex	83	18
0RB1LA_0LC1RB_1RD1LC_1LA1RB	A	2	1280	count-lex	114	15
0RB1LA_0LC1RD_0LD---_1LA1RD	C	2	1280	count-lex	293	15
0RB1LA_0LC1RD_0RD---_1LA1RD	C	2	1280	count-lex	244	15
0RB1LA_0LC1RD_1LA---_1LA0RD	C	2	1999	rank	135	12
0RB1LA_0LC1RD_1LA---_1LA1RD	C	2	1280	count-lex	300	15
0RB1LA_0LC1RD_1LD---_1LA1RD	C	2	1280	count-lex	99	15
0RB1LA_0LC1RD_1RB1LA_1LA1RD	C	2	1280	count-lex	177	15
0RB1LA_0LC1RD_1RB1LC_1LA1RD	C	2	1280	count-lex	192	15
0RB1LA_0LC1RD_1RB1LD_1LA1RD	C	2	1280	count-lex	191	15
0RB1LA_0LC1RD_1RB1RD_1LA0RD	C	2	1999	rank	93	12
0RB1LA_0LC1RD_1RB1RD_1LA1RD	C	2	1280	count-lex	221	15
0RB1LA_0LC1RD_1RD---_1LA1RD	C	2	1280	count-lex	114	15
0RB1LA_0RC1LB_1LD1RC_0RA1RB	A	2	1280	count-lex	81	18
0RB1LA_0RC1LB_1LD1RC_1RA1LB	A	2	1280	count-lex	114	15
0RB1LA_0RC1RD_0LD---_1LA1RD	C	2	1280	count-lex	334	15
0RB1LA_0RC1RD_0RD---_1LA1RD	C	2	1280	count-lex	160	15
0RB1LA_0RC1RD_1LA---_1LA0RD	C	2	1999	rank	141	12
0RB1LA_0RC1RD_1LA---_1LA1RD	C	2	1280	count-lex	236	15
0RB1LA_0RC1RD_1LB1LA_1LA1RD	C	2	1280	count-lex	259	15
0RB1LA_0RC1RD_1LB1LD_1LA1RD	C	2	1280	count-lex	176	15
0RB1LA_0RC1RD_1LB1RC_1LA1RD	C	2	1280	count-lex	163	15
0RB1LA_0RC1RD_1LB1RD_1LA0RD	C	2	1999	rank	91	12
0RB1LA_0RC1RD_1LB1RD_1LA1RD	C	2	1280	count-lex	154	15
0RB1LA_0RC1RD_1LD---_1LA1RD	C	2	1280	count-lex	157	15
0RB1LA_0RC1RD_1RD---_1LA1RD	C	2	1280	count-lex	113	15
0RB1LA_1LC1RB_0LD1LA_0RA---	D	2	1280	count-lex	87	15
0RB1LA_1LC1RB_0LD1LA_0RD1RB	D	2	1280	count-lex	72	15
0RB1LA_1LC1RB_0LD1LA_1RA---	D	2	1280	count-lex	174	21
0RB1LA_1LC1RB_0LD1LA_1RC0RD	D	2	1280	count-lex	88	15
0RB1LA_1LC1RB_0LD1LA_1RC1LA	D	2	1280	count-lex	150	15
0RB1LA_1LC1RB_0LD1LA_1RC1RD	D	2	1280	count-lex	262	15
0RB1LA_1LC1RB_0LD1LA_1RD0LA	D	2	1280	count-lex	76	15
0RB1LA_1LC1RB_0LD1LA_1RD0LB	D	2	1280	count-lex	198	15
0RB1LA_1LC1RB_0LD1LA_1RD0LC	D	2	1280	count-lex	73	15
0RB1LA_1LC1RB_0LD1RA_0RA---	D	2	1280	count-lex	213	18
0RB1LA_1LC1RB_0LD1RA_0RD1LA	D	2	1280	count-lex	159	18
0RB1LA_1LC1RB_0LD1RA_0RD1RA	D	2	1280	count-lex	140	24
0RB1LA_1LC1RB_0LD1RA_0RD1RB	D	2	1280	count-lex	229	18
0RB1LA_1LC1RB_0LD1RA_1RA---	D	2	1280	count-lex	228	24
0RB1LA_1LC1RB_0LD1RA_1RC0RA	D	2	1280	count-lex	215	18
0RB1LA_1LC1RB_0LD1RA_1RC1LD	D	2	1280	count-lex	117	24
0RB1LA_1LC1RB_0LD1RA_1RC1RA	D	2	1280	count-lex	199	24
0RB1LA_1LC1RB_0LD1RA_1RD0RB	D	2	1280	count-lex	176	24
0RB1LA_1LC1RB_0LD1RA_1RD1RA	D	2	1280	count-lex	227	24
0RB1LA_1LC1RB_0RA1LD_0RB1LD	A	2	1280	count-lex	231	15
0RB1LA_1LC1RB_0RA1RD_0RB1LD	A	2	1280	count-lex	191	18
0RB1LA_1LC1RB_0RD1LA_---1LA	D	2	1280	count-lex	151	15
0RB1LA_1LC1RB_0RD1LA_---1RB	D	2	1280	count-lex	88	15
0RB1LA_1LC1RB_0RD1LA_0LB1RC	D	2	1280	count-lex	78	15
0RB1LA_1LC1RB_0RD1LA_0LB1RD	D	2	1280	count-lex	79	15
0RB1LA_1LC1RB_0RD1LA_0RB1LD	D	2	1280	count-lex	150	15
0RB1LA_1LC1RB_0RD1LA_1LA0LD	D	2	1280	count-lex	111	15
0RB1LA_1LC1RB_0RD1LA_1LA0RD	D	2	1280	count-lex	79	15
0RB1LA_1LC1RB_0RD1LA_1LA1LD	D	2	1280	count-lex	115	15
0RB1LA_1LC1RB_0RD1LA_1LA1RD	D	2	1280	count-lex	115	15
0RB1LA_1LC1RB_0RD1LA_1LB1RD	D	2	1280	count-lex	169	15
0RB1LA_1LC1RB_0RD1LA_1LC1RD	D	2	1280	count-lex	99	15
0RB1LA_1LC1RB_0RD1LA_1LD1RC	D	2	1280	count-lex	309	15
0RB1LA_1LC1RB_0RD1LA_1RA1LD	D	2	1280	count-lex	73	15
0RB1LA_1LC1RB_0RD1LA_1RB0LC	D	2	1280	count-lex	136	15
0RB1LA_1LC1RB_0RD1LA_1RB0LD	D	2	1280	count-lex	137	15
0RB1LA_1LC1RB_0RD1LA_1RB0RC	D	2	1280	count-lex	153	15
0RB1LA_1LC1RB_0RD1LA_1RB0RD	D	2	1280	count-lex	90	15
0RB1LA_1LC1RB_0RD1LA_1RB1RC	D	2	1280	count-lex	87	21
0RB1LA_1LC1RB_0RD1LA_1RC1LD	D	2	1280	count-lex	78	15
0RB1LA_1LC1RB_0RD1RA_---1LA	D	2	1280	count-lex	240	18
0RB1LA_1LC1RB_0RD1RA_0LA1RD	D	2	1280	count-lex	166	18
0RB1LA_1LC1RB_0RD1RA_0LB1RC	D	2	1280	count-lex	219	18
0RB1LA_1LC1RB_0RD1RA_0LB1RD	D	2	1280	count-lex	258	18
0RB1LA_1LC1RB_0RD1RA_0RA1LD	D	2	1280	count-lex	260	18
0RB1LA_1LC1RB_0RD1RA_0RB1LD	D	2	1280	count-lex	369	18
0RB1LA_1LC1RB_0RD1RA_1LA0LC	D	2	1280	count-lex	308	18
0RB1LA_1LC1RB_0RD1RA_1LA0LD	D	2	1280	count-lex	238	18
0RB1LA_1LC1RB_0RD1RA_1LA0RC	D	2	1280	count-lex	180	18
0RB1LA_1LC1RB_0RD1RA_1LA0RD	D	2	1280	count-lex	355	18
0RB1LA_1LC1RB_0RD1RA_1LA1RC	D	2	1280	count-lex	324	24
0RB1LA_1LC1RB_0RD1RA_1RB0LC	D	2	1280	count-lex	195	18
0RB1LA_1LC1RB_0RD1RA_1RB0LD	D	2	1280	count-lex	175	18
0RB1LA_1LC1RB_0RD1RA_1RB0RC	D	2	1280	count-lex	262	18
0RB1LA_1LC1RB_0RD1RA_1RB0RD	D	2	1280	count-lex	157	18
0RB1LA_1LC1RB_0RD1RA_1RB1RC	D	2	1280	count-lex	261	24
0RB1LA_1LC1RB_1LD1LA_0RA---	D	2	1280	count-lex	156	15
0RB1LA_1LC1RB_1LD1LA_0RC---	D	2	1280	count-lex	232	15
0RB1LA_1LC1RB_1LD1LA_0RD0RB	D	2	1280	count-lex	144	15
0RB1LA_1LC1RB_1LD1LA_0RD1LA	D	2	1280	count-lex	246	15
0RB1LA_1LC1RB_1LD1LA_0RD1RA	D	2	1280	count-lex	132	15
0RB1LA_1LC1RB_1LD1LA_0RD1RC	D	2	1280	count-lex	133	15
0RB1LA_1LC1RB_1LD1LA_1RD0LA	D	2	1280	count-lex	292	15
0RB1LA_1LC1RB_1LD1LA_1RD0LC	D	2	1280	count-lex	157	15
0RB1LA_1LC1RB_1LD1LA_1RD0RB	D	2	1280	count-lex	89	21
0RB1LA_1LC1RB_1LD1RA_0RD0RA	D	2	1280	count-lex	179	18
0RB1LA_1LC1RB_1LD1RA_0RD0RB	D	2	1280	count-lex	312	18
0RB1LA_1LC1RB_1LD1RA_0RD0RC	D	2	1280	count-lex	80	18
0RB1LA_1LC1RB_1LD1RA_1RD0LC	D	2	1280	count-lex	251	24
0RB1LA_1LC1RB_1LD1RA_1RD0RA	D	2	1280	count-lex	204	24
0RB1LA_1LC1RB_1LD1RA_1RD0RB	D	2	1280	count-lex	407	24
0RB1LA_1LC1RB_1LD1RA_1RD0RC	D	2	1280	count-lex	97	24
0RB1LA_1LC1RB_1LD1RD_1RA0RB	A	2	1999	rank	217	14
0RB1LA_1LC1RB_1RA1LD_0RB1LD	A	2	1280	count-lex	202	15
0RB1LA_1LC1RB_1RD1LA_---0LA	D	2	1280	count-lex	93	15
0RB1LA_1LC1RB_1RD1LA_---0LB	D	2	1280	count-lex	70	15
0RB1LA_1LC1RB_1RD1LA_---0LC	D	2	1280	count-lex	131	15
0RB1LA_1LC1RB_1RD1LA_---1LA	D	2	1280	count-lex	222	15
0RB1LA_1LC1RB_1RD1LA_---1LC	D	2	1280	count-lex	116	15
0RB1LA_1LC1RB_1RD1LA_0LA1RD	D	2	1280	count-lex	68	15
0RB1LA_1LC1RB_1RD1LA_0LB0RC	D	2	1280	count-lex	186	21
0RB1LA_1LC1RB_1RD1LA_0LB0RD	D	2	1280	count-lex	138	15
0RB1LA_1LC1RB_1RD1LA_0LC0RD	D	2	1280	count-lex	158	15
0RB1LA_1LC1RB_1RD1LA_0LC1RD	D	2	1280	count-lex	78	15
0RB1LA_1LC1RB_1RD1LA_0RA1LD	D	2	1280	count-lex	79	15
0RB1LA_1LC1RB_1RD1LA_0RB1LD	D	2	1280	count-lex	236	15
0RB1LA_1LC1RB_1RD1LA_0RC1LD	D	2	1280	count-lex	143	15
0RB1LA_1LC1RB_1RD1LA_1LA0RC	D	2	1280	count-lex	88	21
0RB1LA_1LC1RB_1RD1LA_1LA0RD	D	2	1280	count-lex	135	21
0RB1LA_1LC1RB_1RD1LA_1LB0RC	D	2	1280	count-lex	143	21
0RB1LA_1LC1RB_1RD1LA_1LC0RC	D	2	1280	count-lex	88	21
0RB1LA_1LC1RB_1RD1LA_1RB0LD	D	2	1280	count-lex	140	15
0RB1LA_1LC1RB_1RD1LA_1RB0RD	D	2	1280	count-lex	135	21
0RB1LA_1LC1RB_1RD1RA_---0LA	D	2	1280	count-lex	305	18
0RB1LA_1LC1RB_1RD1RA_---0LB	D	2	1280	count-lex	195	18
0RB1LA_1LC1RB_1RD1RA_0LA0RC	D	2	1280	count-lex	188	24
0RB1LA_1LC1RB_1RD1RA_0LB0RC	D	2	1280	count-lex	369	24
0RB1LA_1LC1RB_1RD1RA_0LB0RD	D	2	1280	count-lex	258	18
0RB1LA_1LC1RB_1RD1RA_0LC1LD	D	2	1280	count-lex	207	24
0RB1LA_1LC1RB_1RD1RA_0RC1LD	D	2	1280	count-lex	206	18
0RB1LA_1LC1RB_1RD1RA_1LA0LD	D	2	1280	count-lex	248	18
0RB1LA_1LC1RB_1RD1RA_1LA0RD	D	2	1280	count-lex	300	24
0RB1LA_1LC1RB_1RD1RA_1LC0RC	D	2	1280	count-lex	188	24
0RB1LA_1LC1RB_1RD1RA_1RB0LD	D	2	1280	count-lex	226	18
0RB1LA_1LC1RB_1RD1RA_1RB0RD	D	2	1280	count-lex	457	24
0RB1LA_1LC1RB_1RD1RA_1RB1RC	D	2	1280	count-lex	335	18
0RB1LA_1LC1RD_0RA---_1LA1RD	C	2	1280	count-lex	205	15
0RB1LA_1LC1RD_0RA1LD_1RB0LD	A	2	1999	rank	256	14
0RB1LA_1LC1RD_0RB---_1LA1RD	C	2	1280	count-lex	156	15
0RB1LA_1LC1RD_0RC0LD_1LA1RD	C	2	1280	count-lex	184	15
0RB1LA_1LC1RD_0RC0RD_1LA1RD	C	2	1280	count-lex	175	15
0RB1LA_1LC1RD_0RC1LA_1LA1RD	C	2	1280	count-lex	207	15
0RB1LA_1LC1RD_0RC1LD_1LA1RD	C	2	1280	count-lex	239	15
0RB1LA_1LC1RD_0RC1RB_1LA1RD	C	2	1280	count-lex	112	15
0RB1LA_1LC1RD_0RC1RD_1LA1RD	C	2	1280	count-lex	228	15
0RB1LA_1LC1RD_0RD---_1LA1RD	C	2	1280	count-lex	251	15
0RB1LA_1LC1RD_1RA---_1LA1RD	C	2	1280	count-lex	136	15
0RB1LA_1LC1RD_1RC0LA_1LA1RD	C	2	1280	count-lex	285	15
0RB1LA_1LC1RD_1RC0LB_1LA0RD	C	2	1999	rank	101	12
0RB1LA_1LC1RD_1RC0LB_1LA1RD	C	2	1280	count-lex	237	15
0RB1LA_1LC1RD_1RC0LD_1LA1RD	C	2	1280	count-lex	168	15
0RB1LA_1LC1RD_1RC0RD_1LA1RD	C	2	1280	count-lex	221	21
0RB1LA_1LC1RD_1RC1LA_1LA1RD	C	2	1280	count-lex	163	15
0RB1LA_1RC1LB_0LA1LD_0LB1RD	A	2	1280	count-lex	242	18
0RB1LA_1RC1LB_0LA1RD_0LB1RD	A	2	1280	count-lex	122	15
0RB1LA_1RC1LB_1LA1RD_1LB0RD	A	2	1999	count-lex	203	32
0RB1LA_1RC1LD_0LA1RD_1LB0RD	A	2	1999	rank	254	14
0RB1LA_1RC1RD_0LA---_1LA1RD	C	2	1280	count-lex	299	15
0RB1LA_1RC1RD_0LB---_1LA1RD	C	2	1280	count-lex	205	15
0RB1LA_1RC1RD_0LC0LD_1LA1RD	C	2	1280	count-lex	230	15
0RB1LA_1RC1RD_0LC0RD_1LA1RD	C	2	1280	count-lex	332	15
0RB1LA_1RC1RD_0LC1LA_1LA1RD	C	2	1280	count-lex	352	15
0RB1LA_1RC1RD_0LC1LB_1LA1RD	C	2	1280	count-lex	140	15
0RB1LA_1RC1RD_0LC1LD_1LA1RD	C	2	1280	count-lex	179	15
0RB1LA_1RC1RD_0LC1RD_1LA1RD	C	2	1280	count-lex	316	15
0RB1LA_1RC1RD_0LD---_1LA1RD	C	2	1280	count-lex	140	15
0RB1LA_1RC1RD_0RD---_1LA1RD	C	2	1280	count-lex	284	21
0RB1LA_1RC1RD_1LA---_1LA1RD	C	2	1280	count-lex	195	15
0RB1LA_1RC1RD_1LC0RA_1LA1RD	C	2	1280	count-lex	261	15
0RB1LA_1RC1RD_1LC0RB_1LA0RD	C	2	1999	rank	92	12
0RB1LA_1RC1RD_1LC0RB_1LA1RD	C	2	1280	count-lex	218	15
0RB1LA_1RC1RD_1LC0RD_1LA1RD	C	2	1280	count-lex	189	15
0RB1LA_1RC1RD_1LC1LA_1LA1RD	C	2	1280	count-lex	168	15
0RB1LA_1RC1RD_1LC1RA_1LA1RD	C	2	1280	count-lex	208	15
0RB1LA_1RC1RD_1RD---_1LA0RD	C	2	1999	rank	92	12
0RB1LB_0RC1LB_1LD1RC_0RA1LB	A	2	1280	count-lex	91	15
0RB1LB_0RC1LB_1LD1RC_0RA1RB	A	2	1280	count-lex	326	18
0RB1LB_0RC1LB_1LD1RC_1RA1LB	A	2	1280	count-lex	92	15
0RB1LB_1LC1LA_1RC1RD_1LB0RD	A	2	1280	rank	152	20
0RB1LB_1LC1RB_1RA1LD_1RB0LD	A	2	1999	count-lex	200	32
0RB1LB_1RC0LD_0LA1RD_1LB0RD	A	2	1280	rank	193	18
0RB1LB_1RC0LD_1LA0RD_1LB1LD	A	2	1999	count-lex	221	41
0RB1LB_1RC1LB_0LA1RD_0LB1RD	A	2	1280	count-lex	193	15
0RB1LC_0LC---_0LD1RC_1RA1LD	B	2	1280	count-lex	57	18
0RB1LC_0LC---_1RD0LC_0LA1RD	B	2	1999	rank	126	12
0RB1LC_0LC---_1RD0LC_1LA0RC	B	2	1999	rank	83	18
0RB1LC_0LC---_1RD0LC_1LA1RA	B	2	1999	rank	166	10
0RB1LC_0LC---_1RD1LC_0LA1RD	B	2	1280	count-lex	59	15
0RB1LC_0LC1RB_1RD1LC_0LA1LB	A	2	1280	count-lex	208	18
0RB1LC_0LC1RB_1RD1LC_0LA1RB	A	2	1280	count-lex	132	15
0RB1LC_0LC1RD_0RD1LC_1LA1RD	B	2	1280	count-lex	65	15
0RB1LC_0RC---_1RD0LC_0LA1RD	B	2	1999	rank	80	12
0RB1LC_0RC---_1RD0LC_1LA0RC	B	2	1999	rank	54	18
0RB1LC_0RC---_1RD0LC_1LA1RA	B	2	1999	rank	80	10
0RB1LC_0RC---_1RD1LC_0LA1RD	B	2	1280	count-lex	58	15
0RB1LC_0RC1LB_1LD1RC_1RA1LB	A	2	1280	count-lex	187	15
0RB1LC_0RC1RD_0RD1LC_1LA1RD	B	2	1280	count-lex	126	15
0RB1LC_1LA0LC_0LD1RC_1RA1LD	B	2	1280	count-lex	119	18
0RB1LC_1LA0LC_1RD0LC_0LA1RC	B	2	1280	count-lex	81	31
0RB1LC_1LA0LC_1RD0LC_1LA0RC	B	2	1999	rank	66	18
0RB1LC_1LA0LC_1RD0RC_0LA1RC	B	2	1280	rank	41	20
0RB1LC_1LA0LC_1RD1LC_0LA1RD	B	2	1280	count-lex	66	15
0RB1LC_1LA0RC_1RD0LC_0LA1RC	B	2	1280	count-lex	40	31
0RB1LC_1LA0RC_1RD0LC_1LA0RC	B	2	1999	rank	65	18
0RB1LC_1LA0RC_1RD0RC_0LA1RC	B	2	1280	rank	38	20
0RB1LC_1LA0RC_1RD1LC_0LA1RD	B	2	1280	count-lex	63	15
0RB1LC_1LA1LC_0LD1RC_1RA1LD	B	2	1280	count-lex	136	24
0RB1LC_1LA1LC_0RD1LC_1LA1RD	B	2	1280	count-lex	64	15
0RB1LC_1LA1LC_1RD0LC_1LA1RD	B	2	1999	count-lex	129	32
0RB1LC_1LA1LC_1RD1LC_0LA1RD	B	2	1280	count-lex	55	15
0RB1LC_1LA1RB_0LD0RC_1RC1LD	B	2	1536	count-lex	472	64
0RB1LC_1LA1RB_0RD1LC_1LA1RD	B	2	1280	count-lex	79	15
0RB1LC_1LA1RB_0RD1LC_1LC1RD	B	2	1280	count-lex	110	15
0RB1LC_1LA1RB_1LD0RD_1RC0LC	B	3	1280	rank	144	14
0RB1LC_1LA1RB_1RD0LC_1LA0RC	B	2	1280	rank	36	18
0RB1LC_1LA1RC_0LD1RC_1RA1LD	B	2	1280	count-lex	82	18
0RB1LC_1LA1RC_1RD1LC_0LA1RD	B	2	1280	count-lex	86	15
0RB1LC_1LC---_0RD1LC_1LA1RD	B	2	1280	count-lex	75	15
0RB1LC_1LC---_1RD0LC_1LA0RC	B	2	1280	rank	83	20
0RB1LC_1LC---_1RD1LC_0LA1RD	B	2	1280	count-lex	80	15
0RB1LC_1LC0LA_0LD1RC_1RA1LD	B	2	1280	count-lex	143	24
0RB1LC_1LC0LB_0LD1RC_1RA1LD	B	2	1280	count-lex	43	18
0RB1LC_1LC0LC_0LD1RC_1RA1LD	B	2	1280	count-lex	65	18
0RB1LC_1LC0LD_0LD1RC_1RA1LD	B	2	1280	count-lex	57	24
0RB1LC_1LC0RD_1RA1LD_1RB0LD	A	2	1999	rank	100	18
0RB1LC_1LC1LC_0LD1RC_1RA1LD	B	2	1280	count-lex	143	24
0RB1LC_1LC1RB_1RA1LD_0RB1LD	A	2	1280	count-lex	147	15
0RB1LC_1LC1RC_1RA1LD_1RB0LD	A	2	1999	rank	199	10
0RB1LC_1RC0LD_0LA1RD_1LB0RD	A	2	1280	rank	127	18
0RB1LC_1RC0LD_0RD1LC_1LA1RD	B	2	1280	count-lex	66	15
0RB1LC_1RC1LB_0LA1LD_0LB1RD	A	2	1280	count-lex	319	18
0RB1LC_1RC1LB_0LA1RD_0LB1RD	A	2	1280	count-lex	122	15
0RB1LC_1RC1LB_0RD1LC_1LA1RD	B	2	1280	count-lex	80	15
0RB1LC_1RC1RD_0RD1LC_1LA1RD	B	2	1280	count-lex	76	21
0RB1LD_0LC0LD_1LA0RD_1RC0LD	B	2	1280	rank	97	18
0RB1LD_0LC0RD_1LA0RD_1RC0LD	B	2	1280	rank	55	18
0RB1LD_0LC1LD_1LA1RC_0RC1LD	B	2	1280	count-lex	137	15
0RB1LD_0LC1LD_1LA1RC_1RC0LD	B	2	1280	count-lex	96	32
0RB1LD_0LC1RA_1LA1RC_0RC1LD	B	2	1280	count-lex	67	15
0RB1LD_0LC1RB_1LA1RC_0RC1LD	B	2	1280	count-lex	143	15
0RB1LD_0LC1RB_1RD1LC_1LA1RB	A	2	1280	count-lex	211	15
0RB1LD_0LC1RC_1LA0RD_1RC0LD	B	2	1999	rank	61	18
0RB1LD_0LC1RC_1LA1RC_0RC1LD	B	2	1280	count-lex	63	15
0RB1LD_0LC1RD_0LD---_1LA0LD	C	2	1999	rank	203	20
0RB1LD_0LC1RD_0LD---_1LA0RD	C	2	1999	count-lex	219	31
0RB1LD_0LC1RD_0RD---_1LA0LD	C	2	1999	rank	110	20
0RB1LD_0LC1RD_0RD---_1LA0RD	C	2	1999	count-lex	124	31
0RB1LD_0LC1RD_1LA1RC_1RC0LD	B	2	1999	count-lex	84	32
0RB1LD_0LC1RD_1RB1LA_1LA0LD	C	2	1280	rank	65	20
0RB1LD_0LC1RD_1RB1LA_1LA0RD	C	2	1280	count-lex	58	31
0RB1LD_0LC1RD_1RB1LD_1LA0RD	C	2	1999	count-lex	267	31
0RB1LD_0RC0LD_1LA0RD_1RC0LD	B	2	1280	rank	88	18
0RB1LD_0RC0RD_1LA0RD_1RC0LD	B	2	1280	rank	94	18
0RB1LD_0RC1LB_1LA1RC_0RC1LD	B	2	1280	count-lex	66	15
0RB1LD_0RC1LB_1LD1RC_1RA1LB	A	2	1280	count-lex	188	15
0RB1LD_0RC1LD_1LA1RC_0RC1LD	B	2	1280	count-lex	73	15
0RB1LD_0RC1LD_1LA1RC_1RC0LD	B	2	1280	count-lex	44	32
0RB1LD_0RC1RC_1LA0RD_1RC0LD	B	2	1999	rank	74	18
0RB1LD_0RC1RC_1LA1RC_0RC1LD	B	2	1280	count-lex	64	15
0RB1LD_0RC1RD_0LD---_1LA0LD	C	2	1999	rank	106	20
0RB1LD_0RC1RD_0LD---_1LA0RD	C	2	1999	count-lex	161	31
0RB1LD_0RC1RD_0RD---_1LA0LD	C	2	1999	rank	160	20
0RB1LD_0RC1RD_0RD---_1LA0RD	C	2	1999	count-lex	117	31
0RB1LD_0RC1RD_1LA1RC_1RC0LD	B	2	1999	count-lex	89	32
0RB1LD_0RC1RD_1LB1LA_1LA0LD	C	2	1280	rank	109	20
0RB1LD_0RC1RD_1LB1LA_1LA0RD	C	2	1280	count-lex	91	31
0RB1LD_0RC1RD_1LB1LD_1LA0RD	C	2	1999	count-lex	263	31
0RB1LD_1LA1RC_0LA1RC_1RC1LD	B	2	1280	count-lex	97	15
0RB1LD_1LA1RC_0LA1RD_1RC0LD	B	2	1999	count-lex	111	31
0RB1LD_1LA1RC_0LA1RD_1RC0RD	B	2	1999	rank	95	20
0RB1LD_1LA1RC_1LA0RD_1RC0LD	B	2	1280	rank	75	18
0RB1LD_1LA1RC_1LA1RC_0RC1LD	B	2	1280	count-lex	126	15
0RB1LD_1LC0LD_1LA0RD_1RC0LD	B	2	1280	rank	87	18
0RB1LD_1LC0RA_0RC1RD_1LB0RD	A	2	1280	rank	145	15
0RB1LD_1LC0RC_1LA1RC_0RC1LD	B	2	1280	count-lex	71	15
0RB1LD_1LC0RC_1LA1RD_1RC0LD	B	2	1999	rank	87	14
0RB1LD_1LC0RD_1RA1LD_1RB0LD	A	2	1280	rank	90	18
0RB1LD_1LC1LD_1LA0RD_1RC0LD	B	2	1999	rank	53	18
0RB1LD_1LC1LD_1LA1RA_1RC0LD	B	2	1999	rank	79	10
0RB1LD_1LC1LD_1LA1RC_0RC1LD	B	2	1280	count-lex	40	15
0RB1LD_1LC1RA_1LA1RC_0RC1LD	B	2	1280	count-lex	99	15
0RB1LD_1LC1RB_0RA1LD_0RB1LD	A	2	1280	count-lex	122	15
0RB1LD_1LC1RB_0RA1LD_1RB0LD	A	2	1999	count-lex	283	32
0RB1LD_1LC1RB_0RA1RD_0RB1LD	A	2	1280	count-lex	268	18
0RB1LD_1LC1RB_1LA0RD_1RC0LD	B	2	1280	rank	48	18
0RB1LD_1LC1RB_1RA1LD_0RB1LD	A	2	1280	count-lex	153	15
0RB1LD_1LC1RC_1LA1RC_1RC0LD	B	2	1999	count-lex	133	32
0RB1LD_1LC1RD_0LD---_1LA0RD	C	2	1280	count-lex	95	31
0RB1LD_1LC1RD_0RC0LD_1LA0LD	C	2	1280	rank	70	20
0RB1LD_1LC1RD_0RC0LD_1LA0RD	C	2	1280	count-lex	58	31
0RB1LD_1LC1RD_0RC0RD_1LA0LD	C	2	1280	rank	96	20
0RB1LD_1LC1RD_0RC0RD_1LA0RD	C	2	1280	count-lex	64	31
0RB1LD_1LC1RD_0RC1LA_1LA0LD	C	2	1999	rank	104	20
0RB1LD_1LC1RD_0RC1LA_1LA0RD	C	2	1999	count-lex	194	31
0RB1LD_1LC1RD_0RD---_1LA0LD	C	2	1280	rank	120	20
0RB1LD_1LC1RD_0RD---_1LA0RD	C	2	1280	count-lex	127	31
0RB1LD_1LC1RD_1LA1RC_0RC1LD	B	2	1280	count-lex	67	15
0RB1LD_1LC1RD_1RC0LA_1LA0RD	C	2	1999	count-lex	151	31
0RB1LD_1RC---_0LA1RC_1RC1LD	B	2	1280	count-lex	98	15
0RB1LD_1RC---_1LA1RC_0RC1LD	B	2	1280	count-lex	76	15
0RB1LD_1RC1RD_0LC0LD_1LA0LD	C	2	1280	rank	124	20
0RB1LD_1RC1RD_0LC0LD_1LA0RD	C	2	1280	count-lex	60	31
0RB1LD_1RC1RD_0LC0RD_1LA0LD	C	2	1280	rank	78	20
0RB1LD_1RC1RD_0LC0RD_1LA0RD	C	2	1280	count-lex	90	31
0RB1LD_1RC1RD_0LC1LA_1LA0LD	C	2	1999	rank	165	20
0RB1LD_1RC1RD_0LC1LA_1LA0RD	C	2	1999	count-lex	122	31
0RB1LD_1RC1RD_0LD---_1LA0LD	C	2	1280	rank	131	20
0RB1LD_1RC1RD_0LD---_1LA0RD	C	2	1280	count-lex	118	31
0RB1LD_1RC1RD_1LC0LA_1LA0LD	C	2	1999	rank	114	20
0RB1LD_1RC1RD_1LC0RA_1LA0RD	C	2	1999	count-lex	270	31
0RB1RB_0LC1RB_1RD1LC_0LA1LB	A	2	1280	count-lex	239	18
0RB1RB_0LC1RB_1RD1LC_0LA1RB	A	2	1280	count-lex	142	15
0RB1RB_0LC1RB_1RD1LC_1LA1RB	A	2	1280	count-lex	98	15
0RB1RB_1LC0RD_0RA1LD_1RB0LD	A	2	1280	rank	150	18
0RB1RB_1LC0RD_1RA0LD_1RB1RD	A	2	1999	count-lex	217	41
0RB1RB_1LC1RB_0RA1LD_0RB1LD	A	2	1280	count-lex	95	15
0RB1RB_1RC1LB_1LA1RD_1LB0RD	A	2	1999	count-lex	159	32
0RB1RB_1RC1RA_1LC1LD_1RB0LD	A	2	1280	rank	90	20
0RB1RC_0LC---_1LD0RC_0RA1LD	B	2	1999	rank	161	12
0RB1RC_0LC---_1LD0RC_1RA0LC	B	2	1999	rank	113	18
0RB1RC_0LC---_1LD0RC_1RA1LA	B	2	1999	rank	166	10
0RB1RC_0LC---_1LD1RC_0RA1LD	B	2	1280	count-lex	59	15
0RB1RC_0LC1LC_0RD1LC_1LA1RD	B	2	1280	count-lex	60	18
0RB1RC_0LC1RB_0RD1LC_1LA1RD	B	2	1280	count-lex	74	18
0RB1RC_0LC1RB_1RD1LC_1LA1RB	A	2	1280	count-lex	258	15
0RB1RC_0LC1RD_0RD1LC_1LA1RD	B	2	1280	count-lex	45	18
0RB1RC_0RC---_1LD0RC_0RA1LD	B	2	1999	rank	160	12
0RB1RC_0RC---_1LD0RC_1RA0LC	B	2	1999	rank	57	18
0RB1RC_0RC---_1LD0RC_1RA1LA	B	2	1999	rank	83	10
0RB1RC_0RC---_1LD1RC_0RA1LD	B	2	1280	count-lex	99	15
0RB1RC_0RC1LB_0RD1LC_1LA1RD	B	2	1280	count-lex	71	18
0RB1RC_0RC1LB_1LD1RC_0RA1LB	A	2	1280	count-lex	110	15
0RB1RC_0RC1LB_1LD1RC_0RA1RB	A	2	1280	count-lex	321	18
0RB1RC_0RC1LC_0RD1LC_1LA1RD	B	2	1280	count-lex	103	18
0RB1RC_0RC1RD_0RD1LC_1LA1RD	B	2	1280	count-lex	91	18
0RB1RC_1LA0LC_1LD0LC_0RA1LC	B	2	1280	rank	81	20
0RB1RC_1LA0LC_1LD0RC_0RA1LC	B	2	1280	count-lex	80	31
0RB1RC_1LA0LC_1LD0RC_1RA0LC	B	2	1999	rank	65	18
0RB1RC_1LA0LC_1LD1RC_0RA1LD	B	2	1280	count-lex	78	15
0RB1RC_1LA0RC_1LD0LC_0RA1LC	B	2	1280	rank	39	20
0RB1RC_1LA0RC_1LD0RC_0RA1LC	B	2	1280	count-lex	39	31
0RB1RC_1LA0RC_1LD0RC_1RA0LC	B	2	1999	rank	126	18
0RB1RC_1LA0RC_1LD1RC_0RA1LD	B	2	1280	count-lex	65	15
0RB1RC_1LA1LC_0RD1LC_1LA1RD	B	2	1280	count-lex	61	18
0RB1RC_1LA1LC_1LD1RC_0RA1LD	B	2	1280	count-lex	85	15
0RB1RC_1LA1RB_0LD1RC_1RA1LD	B	2	1280	count-lex	64	15
0RB1RC_1LA1RB_0LD1RC_1RC1LD	B	2	1280	count-lex	60	15
0RB1RC_1LA1RB_0RD0LC_1LC1RD	B	2	1536	count-lex	218	40
0RB1RC_1LA1RB_0RD1LC_1LC1RD	B	2	1280	count-lex	66	15
0RB1RC_1LA1RB_1LD0RD_1RC0LC	B	3	1280	rank	75	14
0RB1RC_1LA1RB_1LD1RC_0RA1LD	B	2	1280	count-lex	39	15
0RB1RC_1LA1RB_1LD1RC_0RC1LD	B	2	1280	count-lex	41	15
0RB1RC_1LA1RB_1RD1LC_0LC1RD	B	2	1280	count-lex	41	15
0RB1RC_1LA1RC_0LD1RC_1RA1LD	B	2	1280	count-lex	63	15
0RB1RC_1LA1RC_1LD0RC_1RA1LD	B	2	1999	count-lex	119	32
0RB1RC_1LA1RC_1LD1RC_0RA1LD	B	2	1280	count-lex	108	15
0RB1RC_1LC0LB_0LD1RC_1RA1LD	B	2	1280	count-lex	65	15
0RB1RC_1LC0LD_0LD1RC_1RA1LD	B	2	1280	count-lex	119	21
0RB1RC_1LC0RC_0LD1RC_1RA1LD	B	2	1280	count-lex	120	21
0RB1RC_1LC0RD_0LD1RC_1RA1LD	B	2	1280	count-lex	53	21
0RB1RC_1LC1LB_0LD1RC_1RA1LD	B	2	1280	count-lex	44	15
0RB1RC_1LC1RA_0LD1RC_1RA1LD	B	2	1280	count-lex	83	21
0RB1RC_1LC1RC_0LD1RC_1RA1LD	B	2	1280	count-lex	52	15
0RB1RC_1RC---_0LD1RC_1RA1LD	B	2	1280	count-lex	54	15
0RB1RC_1RC---_1LD0RC_1RA0LC	B	2	1280	rank	51	20
0RB1RC_1RC---_1LD1RC_0RA1LD	B	2	1280	count-lex	40	15
0RB1RC_1RC0LD_0RD1LC_1LA1RD	B	2	1280	count-lex	41	18
0RB1RC_1RC0LD_1LA1RD_1LB0RD	A	2	1999	rank	101	18
0RB1RC_1RC1LB_1LA1RD_0LB1RD	A	2	1280	count-lex	144	15
0RB1RC_1RC1LC_0RD1LC_1LA1RD	B	2	1280	count-lex	119	24
0RB1RC_1RC1LC_1LA1RD_1LB0RD	A	2	1999	rank	186	10
0RB1RC_1RC1RD_0RD1LC_1LA1RD	B	2	1280	count-lex	68	24
0RB1RD_0LC1LD_1LA1RC_0RC1LD	B	2	1280	count-lex	56	18
0RB1RD_0LC1RA_1LA1RC_0RC1LD	B	2	1280	count-lex	76	18
0RB1RD_0LC1RB_1LA1RC_0RC1LD	B	2	1280	count-lex	115	18
0RB1RD_0LC1RB_1RD1LC_1LA1RB	A	2	1280	count-lex	181	15
0RB1RD_0LC1RC_1LA1RC_0RC1LD	B	2	1280	count-lex	91	18
0RB1RD_0RC1LB_1LA1RC_0RC1LD	B	2	1280	count-lex	104	18
0RB1RD_0RC1LD_1LA1RC_0RC1LD	B	2	1280	count-lex	55	18
0RB1RD_0RC1RC_1LA1RC_0RC1LD	B	2	1280	count-lex	42	18
0RB1RD_1LA1LC_0RA1LC_1LC1RD	B	2	1280	count-lex	122	15
0RB1RD_1LA1LC_0RA1LD_1LC0LD	B	2	1999	rank	105	20
0RB1RD_1LA1LC_0RA1LD_1LC0RD	B	2	1999	count-lex	77	31
0RB1RD_1LA1LC_1RA0LD_1LC0RD	B	2	1280	rank	40	18
0RB1RD_1LA1LC_1RA1LC_0LC1RD	B	2	1280	count-lex	58	15
0RB1RD_1LC---_0RA1LC_1LC1RD	B	2	1280	count-lex	112	15
0RB1RD_1LC---_1RA1LC_0LC1RD	B	2	1280	count-lex	42	15
0RB1RD_1LC0RC_1LA1RC_0RC1LD	B	2	1280	count-lex	46	18
0RB1RD_1LC0RD_1LA1RC_0RC1LD	B	2	1280	count-lex	127	18
0RB1RD_1RC0LA_0LC1LD_1RB0LD	A	2	1280	rank	94	15
0RB1RD_1RC0LD_1LA1RD_1LB0RD	A	2	1280	rank	161	18
0RB1RD_1RC1LB_0LA1LD_0LB1RD	A	2	1280	count-lex	317	18
0RB1RD_1RC1LB_0LA1RD_0LB1RD	A	2	1280	count-lex	127	15
0RB1RD_1RC1LB_0LA1RD_1LB0RD	A	2	1999	count-lex	280	32
0RB1RD_1RC1LB_1LA1RD_0LB1RD	A	2	1280	count-lex	286	15
1RB---_0LB0LC_0LD1RC_1RC1LD	B	2	1280	count-lex	137	15
1RB---_0LB0LC_0RD1LC_1LC1RD	B	2	1280	count-lex	125	15
1RB---_0LB0LC_1LD0RD_1RC0LC	B	3	1280	rank	145	14
1RB---_0LB0LC_1LD1RC_0RC1LD	B	2	1280	count-lex	62	15
1RB---_0LB0LC_1RD0LD_1LC0RC	B	3	1280	rank	81	14
1RB---_0LB0LC_1RD1LC_0LC1RD	B	2	1280	count-lex	68	15
1RB---_0LB0LC_1RD1LC_1RB1RD	A	2	1280	count-lex	250	21
1RB---_0LB0RC_0LD1RB_1RC1LD	A	2	1536	count-lex	411	47
1RB---_0LB0RC_0LD1RC_1RC1LD	B	2	1280	count-lex	64	15
1RB---_0LB0RC_0RD1LC_1LC1RD	B	2	1280	count-lex	64	15
1RB---_0LB0RC_1LD0RD_1RC0LC	B	3	1280	rank	73	14
1RB---_0LB0RC_1LD1RC_0RC1LD	B	2	1280	count-lex	63	15
1RB---_0LB0RC_1RD0LD_1LC0RC	B	3	1280	rank	69	14
1RB---_0LB0RC_1RD1LC_0LC1RD	B	2	1280	count-lex	65	15
1RB---_0LB1LC_0LD1RC_1RC1LD	B	2	1280	count-lex	87	21
1RB---_0LB1LC_0RD1LC_1LB1RD	A	2	1280	count-lex	109	15
1RB---_0LB1LC_0RD1LC_1LC1RD	B	2	1280	count-lex	58	15
1RB---_0LB1LC_0RD1LC_1RB1RD	A	2	1280	count-lex	187	19
1RB---_0LB1LC_0RD1RC_1LB1RD	A	3	1999	rank	253	35
1RB---_0LB1LC_1LD0RB_1RC0LC	A	2	1536	rank	233	22
1RB---_0LB1LC_1LD1RC_0RC1LD	B	2	1280	count-lex	44	15
1RB---_0LB1LC_1RD0LC_0RB1RD	A	2	1280	count-lex	112	36
1RB---_0LB1LC_1RD0LC_1LB1RC	A	2	1999	rank	191	14
1RB---_0LB1LC_1RD0LC_1RB1RB	A	2	1280	rank	77	15
1RB---_0LB1LC_1RD0LD_1LC0RC	B	3	1280	rank	69	14
1RB---_0LB1LC_1RD1LB_0LC0RD	A	3	1999	rank	468	27
1RB---_0LB1LC_1RD1LC_0LB1RD	A	2	1280	count-lex	198	15
1RB---_0LB1LC_1RD1LC_0LC1RD	B	2	1280	count-lex	42	15
1RB---_0LB1RC_0LD0RD_1LB1RD	A	2	1536	rank	121	16
1RB---_0LB1RC_0LD1RB_1RB1LD	A	2	1280	count-lex	390	20
1RB---_0LB1RC_0LD1RB_1RC1LD	A	2	1280	count-lex	252	20
1RB---_0LB1RC_0LD1RC_1RB1LD	A	2	1280	count-lex	165	15
1RB---_0LB1RC_0LD1RC_1RC1LD	B	2	1280	count-lex	109	15
1RB---_0LB1RC_0RD0LB_1LC1RD	A	3	1536	rank	124	21
1RB---_0LB1RC_0RD1LC_1LB1RD	A	2	1280	count-lex	203	24
1RB---_0LB1RC_0RD1LC_1LC1RD	B	2	1280	count-lex	161	21
1RB---_0LB1RC_1LB0RD_1LB1RD	A	2	1280	rank	165	13
1RB---_0LB1RC_1LB1RD_0RC0RD	A	3	1280	rank	252	32
1RB---_0LB1RC_1LD0RC_1RB1LC	A	2	1999	rank	195	14
1RB---_0LB1RC_1LD0RD_1RC0LC	B	3	1280	rank	125	14
1RB---_0LB1RC_1LD1RB_0RB1LD	A	2	1280	count-lex	341	20
1RB---_0LB1RC_1LD1RB_0RC0LD	A	2	1999	count-lex	229	54
1RB---_0LB1RC_1LD1RC_0RB1LD	A	2	1280	count-lex	383	15
1RB---_0LB1RC_1LD1RC_0RC1LD	B	2	1280	count-lex	45	15
1RB---_0LB1RC_1RD0RD_1LB0LB	A	2	1999	rank	124	16
1RB---_0LB1RC_1RD1LC_0LC1RD	B	2	1280	count-lex	77	15
1RB---_0LC---_0LD1RC_1RC1LD	B	2	1280	count-lex	59	15
1RB---_0LC---_0RD1LC_1LC1RD	B	2	1280	count-lex	72	15
1RB---_0LC---_0RD1LC_1RB1RD	A	2	1280	count-lex	249	19
1RB---_0LC---_0RD1RC_1LB0RC	A	2	1999	count-lex	202	41
1RB---_0LC---_1LD0RD_1RC0LC	B	3	1280	rank	140	14
1RB---_0LC---_1LD1RC_0RC1LD	B	2	1280	count-lex	43	15
1RB---_0LC---_1RD0LD_1LC0RC	B	3	1280	rank	113	14
1RB---_0LC---_1RD1LC_0LC1RD	B	2	1280	count-lex	41	15
1RB---_0LC0LB_0RD1LB_1RC1LB	A	3	1536	rank	253	18
1RB---_0LC0LC_1RD1LC_0RC1LB	A	2	1280	rank	94	13
1RB---_0LC0LC_1RD1RC_1LB0RC	A	2	1999	count-lex	338	41
1RB---_0LC0LD_0RD1LB_1RC1LD	A	2	1280	rank	83	13
1RB---_0LC0LD_1LD0LB_1RD1LB	A	2	1280	rank	150	12
1RB---_0LC0LD_1LD0RB_1RD1LB	A	2	1280	rank	264	12
1RB---_0LC0LD_1LD1LB_1RD1LB	A	2	1280	rank	122	12
1RB---_0LC0LD_1LD1LC_1RB1RD	A	2	1280	count-lex	137	26
1RB---_0LC0LD_1RB1LD_1RD1LB	A	2	1280	rank	143	14
1RB---_0LC0RB_0RD1LB_1LC1RB	A	2	1280	count-lex	126	29
1RB---_0LC0RB_1LD1LC_1RB1LC	A	2	1999	count-lex	376	42
1RB---_0LC0RB_1LD1LC_1RB1LD	A	2	1280	count-lex	141	34
1RB---_0LC0RB_1LD1RC_1RB1LD	A	2	1280	count-lex	191	34
1RB---_0LC0RB_1RB1LD_1RC0LD	A	2	1999	count-lex	117	28
1RB---_0LC0RB_1RD1LD_1RB0LD	A	2	1280	count-lex	107	38
1RB---_0LC0RB_1RD1LD_1RB0RD	A	2	1280	rank	162	23
1RB---_0LC0RC_0LD1LD_1RB0LB	A	2	1999	rank	270	20
1RB---_0LC0RC_0LD1LD_1RB0LC	A	2	1536	rank	179	19
1RB---_0LC0RC_0LD1LD_1RB1LB	A	2	1999	rank	136	22
1RB---_0LC0RC_0LD1LD_1RB1LC	A	2	1536	rank	182	21
1RB---_0LC0RC_0LD1RC_1RB1LD	A	2	1536	count-lex	259	41
1RB---_0LC0RC_0RD1RC_1LB0RB	A	2	1536	count-lex	150	46
1RB---_0LC0RC_1LD1LC_1RB0LC	A	2	1999	count-lex	273	41
1RB---_0LC0RC_1LD1RC_0LC1RB	A	2	1280	rank	97	13
1RB---_0LC0RC_1LD1RC_0LD1RB	A	2	1280	rank	149	16
1RB---_0LC0RC_1RB0LD_1RC1LC	A	2	1280	count-lex	189	48
1RB---_0LC0RC_1RD0RD_1LB1RC	A	2	1536	rank	160	18
1RB---_0LC0RC_1RD1LD_1RB0LD	A	3	1280	rank	236	14
1RB---_0LC0RD_1LD1LC_1RB1RD	A	2	1536	count-lex	310	35
1RB---_0LC0RD_1RB1LC_0LC1LB	A	2	1536	rank	85	20
1RB---_0LC0RD_1RB1LC_0LC1LD	A	2	1536	rank	146	20
1RB---_0LC0RD_1RB1LC_0LC1RB	A	2	1536	count-lex	329	34
1RB---_0LC0RD_1RD1LC_0LC1RB	A	2	1999	count-lex	379	41
1RB---_0LC0RD_1RD1LC_0RC1LB	A	2	1536	rank	98	19
1RB---_0LC0RD_1RD1LC_0RD1LB	A	2	1280	rank	82	13
1RB---_0LC0RD_1RD1LC_1RC1LB	A	2	1280	rank	137	16
1RB---_0LC0RD_1RD1LC_1RD1LB	A	2	1536	rank	183	16
1RB---_0LC1LB_0RC1RD_1LB0RD	A	2	1280	count-lex	218	36
1RB---_0LC1LB_0RD1RC_1LB1RD	A	2	1280	count-lex	354	39
1RB---_0LC1LB_1LC1LD_1RD0RB	A	2	1280	rank	189	15
1RB---_0LC1LB_1LD0RB_1RC1LD	A	2	1536	rank	124	17
1RB---_0LC1LB_1LD1LC_1RD1RB	A	2	1280	rank	152	23
1RB---_0LC1LB_1RB1LD_1RC0LD	A	2	1280	rank	247	19
1RB---_0LC1LB_1RD1LC_0LC0RB	A	2	1536	rank	95	20
1RB---_0LC1LB_1RD1LC_0LC1RB	A	2	1536	rank	127	25
1RB---_0LC1LC_0LD1RC_1RB1LD	A	2	1280	count-lex	238	18
1RB---_0LC1LC_0RD1LC_1LB1RD	A	2	1280	count-lex	287	15
1RB---_0LC1LC_1LD1LB_1RD0RC	A	3	1999	rank	168	31
1RB---_0LC1LC_1RD0LC_0LB0RB	A	2	1280	rank	90	17
1RB---_0LC1LC_1RD0LC_0LB1RC	A	2	1999	count-lex	151	31
1RB---_0LC1LC_1RD0LC_1LB0RC	A	2	1280	rank	105	18
1RB---_0LC1LC_1RD0LD_0LB0RB	A	2	1536	rank	204	20
1RB---_0LC1LC_1RD0LD_0LB1RD	A	2	1280	rank	181	15
1RB---_0LC1LC_1RD0RC_0LB1RC	A	2	1999	rank	210	20
1RB---_0LC1LC_1RD1LC_0LB1RD	A	2	1280	count-lex	176	15
1RB---_0LC1LC_1RD1LD_0LB0RB	A	2	1536	rank	162	22
1RB---_0LC1LC_1RD1LD_0LB0RD	A	2	1280	rank	136	15
1RB---_0LC1LC_1RD1LD_0LB1RD	A	2	1280	rank	106	16
1RB---_0LC1LD_0LB1RC_1RC0LD	A	2	1999	rank	221	12
1RB---_0LC1LD_0LB1RC_1RC1LD	A	2	1280	count-lex	279	15
1RB---_0LC1LD_1LB0RD_1RC0LD	A	2	1280	rank	95	18
1RB---_0LC1LD_1LB1RC_0RC1LD	A	2	1280	count-lex	137	15
1RB---_0LC1LD_1RD1LC_0LC0RB	A	2	1536	rank	168	20
1RB---_0LC1RB_---1LD_1RB1LD	A	2	1280	count-lex	182	15
1RB---_0LC1RB_0RB1LD_1LC0LD	A	2	1999	rank	142	20
1RB---_0LC1RB_0RC1LD_1RB1LC	A	2	1280	count-lex	300	20
1RB---_0LC1RB_1LD0RB_1RB0LD	A	2	1999	rank	98	19
1RB---_0LC1RB_1LD0RB_1RC1LD	A	2	1536	count-lex	176	41
1RB---_0LC1RB_1LD1LC_1RD0RB	A	2	1536	count-lex	383	43
1RB---_0LC1RB_1RB0LD_1LC1LD	A	2	1280	count-lex	182	20
1RB---_0LC1RB_1RB1LC_------	A	2	1280	count-lex	180	15
1RB---_0LC1RB_1RB1LD_0RD1LC	A	2	1280	count-lex	164	19
1RB---_0LC1RB_1RB1LD_1RB1LC	A	2	1280	count-lex	181	19
1RB---_0LC1RB_1RD1LC_---1RB	A	2	1280	count-lex	129	15
1RB---_0LC1RB_1RD1LC_0LB0RB	A	2	1280	count-lex	421	41
1RB---_0LC1RB_1RD1LD_1LC0RB	A	2	1280	count-lex	367	42
1RB---_0LC1RC_0LD1RC_1RB1LD	A	2	1280	count-lex	155	15
1RB---_0LC1RC_0RD1LC_1LB1RD	A	2	1280	count-lex	218	18
1RB---_0LC1RC_1LD0LC_0RB1LC	A	2	1999	rank	147	20
1RB---_0LC1RC_1LD0RC_0RB1LC	A	2	1999	count-lex	265	31
1RB---_0LC1RC_1LD0RC_1RB0LC	A	2	1280	rank	188	18
1RB---_0LC1RC_1LD1RC_0RB1LD	A	2	1280	count-lex	298	15
1RB---_0LC1RC_1RB0LD_1RC1LC	A	2	1280	count-lex	203	26
1RB---_0LC1RC_1RB1LD_1RC0LD	A	2	1536	count-lex	177	26
1RB---_0LC1RC_1RD0RD_1LB0RB	A	2	1280	rank	225	47
1RB---_0LC1RC_1RD0RD_1LB1RC	A	2	1999	count-lex	228	40
1RB---_0LC1RC_1RD1LD_1RB0LD	A	2	1280	count-lex	219	34
1RB---_0LC1RD_0RB1LC_1LC0RD	A	2	1999	rank	176	12
1RB---_0LC1RD_0RB1LC_1LC1RD	A	2	1280	count-lex	227	15
1RB---_0LC1RD_0RB1LC_1RB1RD	A	2	1280	count-lex	150	19
1RB---_0LC1RD_1LB1RC_---0RC	A	2	1280	rank	181	13
1RB---_0LC1RD_1LB1RC_0RC0LB	A	2	1536	rank	94	19
1RB---_0LC1RD_1LB1RD_0RB0RD	A	3	1536	rank	247	18
1RB---_0LC1RD_1LD1LB_0RB1LC	A	2	1280	count-lex	262	45
1RB---_0LC1RD_1RB0LD_1LC0RD	A	2	1280	rank	198	18
1RB---_0LC1RD_1RB1LC_0LC0RB	A	2	1999	count-lex	406	41
1RB---_0LC1RD_1RB1LC_0LC1LD	A	2	1536	rank	140	25
1RB---_0LC1RD_1RB1LC_0LC1RB	A	2	1280	count-lex	195	19
1RB---_0LC1RD_1RB1LC_0LC1RD	A	2	1280	count-lex	249	15
1RB---_0LC1RD_1RB1LC_0LD1RB	A	2	1280	count-lex	154	20
1RB---_0LC1RD_1RB1LC_0RB0LB	A	2	1999	count-lex	462	44
1RB---_0LC1RD_1RB1LC_1LB0LD	A	2	1999	rank	126	19
1RB---_0LC1RD_1RB1LC_1LB0RB	A	2	1280	count-lex	215	33
1RB---_0LC1RD_1RD1LC_0LC0RB	A	2	1536	count-lex	283	34
1RB---_0LC1RD_1RD1LC_0LC1RB	A	2	1280	count-lex	276	19
1RB---_0LC1RD_1RD1LC_0LD1RB	A	2	1280	count-lex	291	20
1RB---_0RC---_0LD1RC_1RC1LD	B	2	1280	count-lex	40	15
1RB---_0RC---_0RD1LC_1LC1RD	B	2	1280	count-lex	167	21
1RB---_0RC---_1LD1RC_0RC1LD	B	2	1280	count-lex	77	21
1RB---_0RC---_1RD0LD_1LC0RC	B	3	1280	rank	58	14
1RB---_0RC0LB_0LD1RB_1RC1LB	A	2	1280	count-lex	232	29
1RB---_0RC0LB_0LD1RC_1LB1LD	A	2	1280	count-lex	126	26
1RB---_0RC0LB_1LB0RD_1RC1RD	A	3	1999	rank	274	25
1RB---_0RC0LB_1LB1RD_1LB0RD	A	2	1999	rank	201	17
1RB---_0RC0LB_1LB1RD_1LC0RD	A	2	1999	count-lex	217	28
1RB---_0RC0LC_0LD1RC_1LB1LD	A	2	1280	count-lex	128	26
1RB---_0RC0LC_0RD1RD_1LB0RB	A	2	1280	rank	105	20
1RB---_0RC0LC_0RD1RD_1LB0RC	A	2	1999	rank	217	19
1RB---_0RC0LC_0RD1RD_1LB0RD	A	2	1280	rank	92	17
1RB---_0RC0LC_0RD1RD_1LB1RB	A	2	1280	rank	99	22
1RB---_0RC0LC_0RD1RD_1LB1RC	A	2	1999	rank	116	21
1RB---_0RC0LC_1LD0LD_1RB1LC	A	2	1280	rank	112	18
1RB---_0RC0LD_0LD1RC_1LB1LD	A	2	1280	count-lex	116	26
1RB---_0RC0LD_1LB0RD_1RC0RD	A	2	1280	count-lex	213	28
1RB---_0RC0LD_1LB0RD_1RC1RD	A	2	1999	count-lex	267	41
1RB---_0RC0LD_1LB1RC_0RC0RB	A	2	1999	rank	127	20
1RB---_0RC0LD_1LB1RC_0RC0RD	A	2	1999	rank	212	20
1RB---_0RC0LD_1LB1RC_0RC1LB	A	2	1536	count-lex	359	52
1RB---_0RC0LD_1LB1RC_0RC1RB	A	2	1999	rank	117	20
1RB---_0RC0LD_1LB1RC_0RC1RD	A	2	1999	rank	214	20
1RB---_0RC0LD_1LB1RC_0RD0RC	A	2	1999	rank	239	13
1RB---_0RC0LD_1LB1RC_1RC1RB	A	3	1536	rank	130	21
1RB---_0RC0LD_1LD0LC_1RD1LB	A	2	1280	rank	91	14
1RB---_0RC0LD_1LD1LC_1RD1LB	A	2	1280	rank	118	18
1RB---_0RC0LD_1LD1RB_1LB1LB	A	2	1280	count-lex	301	33
1RB---_0RC0LD_1LD1RC_0RC1LB	A	2	1999	count-lex	594	64
1RB---_0RC0LD_1LD1RC_1LB1LB	A	2	1280	count-lex	314	38
1RB---_0RC0LD_1LD1RC_1RD1LB	A	2	1280	count-lex	182	41
1RB---_0RC0RB_0LD1RB_1LC1LB	A	3	1999	rank	220	23
1RB---_0RC0RB_1LD1RC_0RC0LB	A	2	1999	rank	123	20
1RB---_0RC0RC_0LD1RC_1LB1LD	A	2	1280	count-lex	270	19
1RB---_0RC0RC_1LC1LD_1RB0LD	A	2	1280	count-lex	209	41
1RB---_0RC0RC_1LC1RD_1RB0RB	A	3	1536	rank	210	20
1RB---_0RC0RD_0LD1RB_1LC1RD	A	2	1280	rank	81	13
1RB---_0RC0RD_0LD1RC_1LB1LD	A	2	1280	count-lex	233	19
1RB---_0RC0RD_0RD0RB_1LD1RC	A	3	1280	rank	114	15
1RB---_0RC0RD_1LB1RD_1LC0RD	A	2	1280	rank	107	15
1RB---_0RC0RD_1LD1RC_0RC0LB	A	2	1999	rank	134	20
1RB---_0RC0RD_1RD1LD_1LC1RB	A	2	1280	count-lex	249	36
1RB---_0RC1LB_0LC1RD_1LB0RD	A	2	1999	rank	233	12
1RB---_0RC1LB_0LC1RD_1LB1RC	A	2	1280	count-lex	217	20
1RB---_0RC1LB_0LC1RD_1LB1RD	A	2	1280	count-lex	268	15
1RB---_0RC1LB_0LD1RD_1LB1RD	A	2	1280	count-lex	205	15
1RB---_0RC1LB_0RD1LC_1LB1RD	A	2	1280	count-lex	311	29
1RB---_0RC1LB_0RD1RD_1LB1RD	A	2	1280	count-lex	251	21
1RB---_0RC1LB_1LB0RD_1RC1RD	A	2	1280	count-lex	263	26
1RB---_0RC1LB_1LB1RC_------	A	2	1280	count-lex	85	21
1RB---_0RC1LB_1LB1RD_0LD1RC	A	2	1280	count-lex	397	25
1RB---_0RC1LB_1LB1RD_1LB0RD	A	2	1999	rank	161	12
1RB---_0RC1LB_1LB1RD_1LB1RC	A	2	1280	count-lex	186	25
1RB---_0RC1LB_1LB1RD_1LB1RD	A	2	1280	count-lex	384	21
1RB---_0RC1LB_1LB1RD_1RC0LB	A	2	1280	count-lex	268	56
1RB---_0RC1LB_1LD1RC_0LD1RB	A	2	1280	count-lex	428	24
1RB---_0RC1LB_1LD1RC_0RB1LB	A	2	1280	count-lex	100	21
1RB---_0RC1LB_1LD1RC_0RB1LD	A	2	1280	count-lex	276	29
1RB---_0RC1LB_1LD1RC_0RB1RB	A	2	1280	count-lex	340	24
1RB---_0RC1LB_1LD1RC_0RC1LB	A	2	1280	count-lex	240	21
1RB---_0RC1LB_1LD1RC_0RC1RB	A	2	1280	count-lex	406	24
1RB---_0RC1LB_1LD1RC_0RD1LB	A	2	1280	count-lex	199	21
1RB---_0RC1LB_1LD1RC_1LB0LB	A	2	1999	count-lex	639	41
1RB---_0RC1LB_1LD1RC_1RC0LB	A	2	1280	count-lex	492	41
1RB---_0RC1LB_1LD1RD_1RB1RC	A	2	1280	count-lex	231	24
1RB---_0RC1LB_1RD0LB_1LB0RD	A	2	1999	rank	103	19
1RB---_0RC1LB_1RD0LB_1LC1RD	A	2	1536	count-lex	530	64
1RB---_0RC1LB_1RD1RC_0LB---	A	2	1280	count-lex	358	26
1RB---_0RC1LB_1RD1RC_0LD1LB	A	2	1280	count-lex	336	26
1RB---_0RC1LB_1RD1RD_1LB1RD	A	2	1280	count-lex	233	21
1RB---_0RC1LC_0LD1RC_1LB1LD	A	2	1280	count-lex	250	26
1RB---_0RC1LC_0RD1RD_1LB0LB	A	2	1280	rank	89	21
1RB---_0RC1LC_0RD1RD_1LB0RB	A	2	1280	rank	107	18
1RB---_0RC1LC_0RD1RD_1LB1RB	A	2	1280	rank	100	19
1RB---_0RC1LC_1LB0RD_1LC1RC	A	2	1280	count-lex	120	26
1RB---_0RC1LC_1LB0RD_1RC0LC	A	2	1280	count-lex	316	48
1RB---_0RC1LC_1LD0LD_1RB1LC	A	2	1536	count-lex	137	40
1RB---_0RC1LC_1LD1RD_1LB0RD	A	2	1280	count-lex	171	34
1RB---_0RC1LC_1RD0LC_0LB1RC	A	2	1999	count-lex	270	31
1RB---_0RC1LC_1RD0LC_1LB0RC	A	2	1280	rank	107	20
1RB---_0RC1LC_1RD0LC_1LB1RD	A	2	1999	count-lex	159	32
1RB---_0RC1LD_0RD1RD_1LB0RD	A	2	1999	count-lex	148	31
1RB---_0RC1LD_1LB1RC_0LB0RB	A	2	1280	count-lex	223	44
1RB---_0RC1LD_1LB1RC_0RC0LB	A	2	1999	count-lex	395	64
1RB---_0RC1LD_1LB1RC_0RC1LB	A	2	1280	count-lex	264	29
1RB---_0RC1LD_1LB1RC_0RC1LD	A	2	1280	count-lex	116	21
1RB---_0RC1LD_1LB1RC_0RD0RB	A	2	1536	rank	210	17
1RB---_0RC1LD_1LB1RC_0RD1LB	A	2	1280	count-lex	284	31
1RB---_0RC1LD_1LB1RC_1RB0LB	A	2	1999	count-lex	518	33
1RB---_0RC1LD_1LB1RC_1RB0RD	A	2	1999	rank	143	19
1RB---_0RC1LD_1LB1RC_1RD0RB	A	2	1536	rank	161	18
1RB---_0RC1LD_1LD1RC_0RC0LB	A	2	1536	count-lex	278	52
1RB---_0RC1LD_1LD1RC_0RC1LB	A	2	1280	count-lex	159	29
1RB---_0RC1LD_1LD1RC_0RD1LB	A	2	1280	count-lex	100	31
1RB---_0RC1LD_1RD0LB_1LB0RD	A	2	1536	count-lex	151	43
1RB---_0RC1LD_1RD1RB_0LB1RC	A	2	1280	count-lex	319	45
1RB---_0RC1LD_1RD1RD_1LB0RD	A	2	1280	count-lex	189	31
1RB---_0RC1RB_1LC1LD_1RB0LD	A	2	1536	count-lex	209	45
1RB---_0RC1RB_1LC1RD_1RC0LB	A	2	1280	rank	106	24
1RB---_0RC1RB_1LD0RD_0LB0RB	A	2	1536	count-lex	229	46
1RB---_0RC1RB_1LD1RC_0LB1LD	A	2	1280	count-lex	238	39
1RB---_0RC1RB_1LD1RC_0RC0LB	A	2	1999	rank	147	20
1RB---_0RC1RC_0RD1LC_1LB1RD	A	2	1280	count-lex	257	24
1RB---_0RC1RC_1LD0LD_0RB1LB	A	2	1999	rank	115	21
1RB---_0RC1RC_1LD0RC_0RB0LB	A	2	1999	rank	86	17
1RB---_0RC1RC_1LD0RC_0RB0LD	A	2	1999	rank	228	13
1RB---_0RC1RC_1LD0RC_0RB1LB	A	2	1999	rank	126	13
1RB---_0RC1RC_1LD0RC_0RB1LD	A	2	1999	rank	230	12
1RB---_0RC1RC_1LD0RC_1RB0LC	A	2	1999	rank	198	18
1RB---_0RC1RC_1LD0RC_1RB1LB	A	2	1999	rank	272	14
1RB---_0RC1RC_1LD0RC_1RB1LC	A	2	1999	rank	233	10
1RB---_0RC1RC_1LD0RC_1RB1LD	A	2	1280	count-lex	198	32
1RB---_0RC1RC_1LD0RD_0RB0LB	A	2	1999	rank	211	20
1RB---_0RC1RC_1LD0RD_0RB1LB	A	2	1999	rank	254	18
1RB---_0RC1RC_1LD0RD_1RB1LB	A	2	1999	rank	111	19
1RB---_0RC1RC_1LD1RC_0RB1LD	A	2	1280	count-lex	215	21
1RB---_0RC1RC_1LD1RD_0RB0LB	A	2	1999	rank	107	22
1RB---_0RC1RC_1LD1RD_0RB1LB	A	2	1999	rank	147	19
1RB---_0RC1RC_1LD1RD_1RB1LB	A	2	1999	rank	256	18
1RB---_0RC1RD_0LC1LD_1RB0LD	A	2	1536	count-lex	297	38
1RB---_0RC1RD_1LB1RC_0RC1LD	A	2	1280	count-lex	323	24
1RB---_0RC1RD_1LB1RD_1LC0RD	A	2	1280	rank	100	15
1RB---_0RC1RD_1LD1RC_0RC0LB	A	2	1999	rank	110	20
1RB---_1LB0LC_0LD1RC_1RC1LD	B	2	1280	count-lex	117	21
1RB---_1LB0LC_0RD1LC_1LC1RD	B	2	1280	count-lex	44	15
1RB---_1LB0LC_1LD0RD_1RC0LC	B	3	1280	rank	61	14
1RB---_1LB0LC_1RD0LB_0RD1LC	A	3	1999	rank	229	26
1RB---_1LB0LC_1RD0RC_0RB1RC	A	2	1280	count-lex	143	43
1RB---_1LB0LC_1RD0RC_1RB0RD	A	2	1999	rank	122	25
1RB---_1LB0LC_1RD1LC_0LC1RD	B	2	1280	count-lex	78	21
1RB---_1LB0LC_1RD1RC_0RB1LD	A	2	1280	count-lex	117	34
1RB---_1LB0RC_0LD1RC_1RC1LD	B	2	1280	count-lex	61	15
1RB---_1LB0RC_0RD1LC_1LC1RD	B	2	1280	count-lex	63	15
1RB---_1LB0RC_1LD0RD_1RC0LC	B	3	1280	rank	72	14
1RB---_1LB0RC_1LD1RC_0LC1RB	A	2	1999	rank	86	13
1RB---_1LB0RC_1LD1RC_0RC1LD	B	2	1280	count-lex	57	15
1RB---_1LB0RC_1RD0LD_1LC0RC	B	3	1280	rank	76	14
1RB---_1LB0RC_1RD1LC_0LC1RD	B	2	1280	count-lex	57	15
1RB---_1LB1LC_0LD1RC_1RC1LD	B	2	1280	count-lex	92	21
1RB---_1LB1LC_1LD0LC_0RD1RB	A	2	1999	rank	148	20
1RB---_1LB1LC_1LD0RD_1RC0LC	B	3	1280	rank	94	14
1RB---_1LB1LC_1RC0RD_0LB1LD	A	2	1280	rank	79	15
1RB---_1LB1LC_1RD0LC_0LB1RD	A	2	1999	rank	182	12
1RB---_1LB1LC_1RD0LC_0RB0RB	A	2	1280	count-lex	202	41
1RB---_1LB1LC_1RD0LD_1LC0RC	B	3	1280	rank	178	14
1RB---_1LB1LC_1RD0RC_0RB1RD	A	2	1999	count-lex	202	26
1RB---_1LB1RC_0LB0RD_0RC1RD	A	3	1280	rank	131	18
1RB---_1LB1RC_0LD0RB_1RB1LD	A	2	1280	count-lex	400	41
1RB---_1LB1RC_0LD1RC_1RB1LD	A	2	1280	count-lex	340	15
1RB---_1LB1RC_0LD1RC_1RC1LD	B	2	1280	count-lex	87	15
1RB---_1LB1RC_0RD0LB_1LB1RD	A	2	1280	rank	120	16
1RB---_1LB1RC_0RD0LD_0RB1RD	A	3	1280	rank	176	30
1RB---_1LB1RC_0RD1LC_1LC1RD	B	2	1280	count-lex	58	15
1RB---_1LB1RC_1LD0RB_1RC1LC	A	3	1280	count-lex	395	25
1RB---_1LB1RC_1LD0RC_1RB0LC	A	2	1999	rank	99	18
1RB---_1LB1RC_1LD0RD_1RC0LC	B	3	1280	rank	137	14
1RB---_1LB1RC_1RB0RB_------	A	2	1536	rank	84	15
1RB---_1LB1RC_1RB1LD_0LC1LC	A	2	1536	rank	234	17
1RB---_1LB1RC_1RD0LD_1LC0RC	B	3	1280	rank	96	14
1RB---_1LB1RC_1RD0RD_1LB0RC	A	2	1536	rank	110	11
1RB---_1LB1RC_1RD0RD_1LB1RC	A	2	1536	rank	109	15
1RB---_1LB1RC_1RD0RD_1LD1RC	B	2	1536	rank	109	15
1RB---_1LC---_0LD1RC_1RC1LD	B	2	1280	count-lex	78	15
1RB---_1LC---_1LC1RD_1RC0RC	B	2	1536	rank	109	15
1RB---_1LC---_1LD0RD_1RC0LC	B	3	1280	rank	146	14
1RB---_1LC---_1RC1LD_0LB0LC	A	2	1280	rank	208	16
1RB---_1LC---_1RC1LD_1LB0LC	A	2	1280	rank	255	16
1RB---_1LC---_1RD0LB_1LC0RC	A	3	1280	count-lex	191	14
1RB---_1LC---_1RD0LD_1LC0RC	B	3	1280	rank	94	14
1RB---_1LC---_1RD1LC_0LB0RD	A	2	1280	count-lex	237	34
1RB---_1LC0LB_0RC0RD_1LB1RD	A	2	1280	count-lex	349	46
1RB---_1LC0LB_1LD0LC_1RD0RB	A	2	1280	rank	214	25
1RB---_1LC0LB_1RD0LB_1LB0RC	A	3	1280	count-lex	208	14
1RB---_1LC0LC_0LD0LD_1RD1LB	A	3	1999	rank	227	20
1RB---_1LC0LC_0RD1LC_1LB1RD	A	2	1536	count-lex	383	41
1RB---_1LC0LC_1RD0LB_1LC0RB	A	2	1280	count-lex	79	36
1RB---_1LC0LC_1RD0RD_0RD1LB	A	2	1280	rank	167	16
1RB---_1LC0LC_1RD0RD_1RC1LB	A	3	1999	rank	171	28
1RB---_1LC0LC_1RD1LC_0RB0LB	A	2	1280	rank	104	18
1RB---_1LC0LC_1RD1LC_0RC1LB	A	2	1280	rank	135	20
1RB---_1LC0LD_1LD0LB_1RD1LB	A	2	1280	rank	290	16
1RB---_1LC0LD_1LD0RC_1RD1LB	A	2	1280	rank	319	16
1RB---_1LC0LD_1LD1LB_1RD1LB	A	2	1280	rank	145	16
1RB---_1LC0LD_1LD1RB_1RC0LB	A	2	1999	rank	126	12
1RB---_1LC0LD_1LD1RB_1RC1LB	A	2	1999	rank	224	16
1RB---_1LC0RB_0LD0LC_1RD0RB	A	2	1280	count-lex	225	35
1RB---_1LC0RB_0LD0LD_1RD1RB	A	2	1280	count-lex	176	41
1RB---_1LC0RB_0LD1LC_0RD1RB	A	2	1280	count-lex	200	36
1RB---_1LC0RB_0LD1RB_0RD1RB	A	2	1536	rank	104	22
1RB---_1LC0RB_0LD1RC_1RD0RB	A	2	1999	count-lex	208	35
1RB---_1LC0RB_1LD1LC_0RD1RB	A	2	1280	rank	99	15
1RB---_1LC0RB_1LD1RB_0RC1LD	A	2	1999	count-lex	128	23
1RB---_1LC0RB_1LD1RB_1RB1RD	A	2	1536	rank	164	14
1RB---_1LC0RB_1LD1RB_1RC1LD	A	2	1536	count-lex	176	27
1RB---_1LC0RB_1RC0LD_1RD1RB	A	2	1280	count-lex	157	49
1RB---_1LC0RB_1RD0LB_---1RB	A	2	1999	rank	142	20
1RB---_1LC0RB_1RD0LD_0RB1RB	A	2	1536	count-lex	182	48
1RB---_1LC0RB_1RD0LD_1RC1RB	A	2	1280	count-lex	272	40
1RB---_1LC0RB_1RD0LD_1RD1RB	A	2	1280	count-lex	144	42
1RB---_1LC0RB_1RD1LD_1LB1RB	A	2	1999	rank	181	14
1RB---_1LC0RC_0LD1RC_1RB1LD	A	2	1280	count-lex	286	41
1RB---_1LC0RC_1LD1LC_1RB0LC	A	2	1999	count-lex	358	41
1RB---_1LC0RC_1LD1RC_0LC1RB	A	2	1999	rank	102	20
1RB---_1LC0RC_1LD1RC_0LD1RB	A	2	1999	rank	100	18
1RB---_1LC0RC_1LD1RD_0RB0RD	A	2	1999	rank	176	17
1RB---_1LC0RC_1RB0LB_------	A	3	1280	rank	78	14
1RB---_1LC0RC_1RB0LD_1LC---	A	3	1280	count-lex	172	14
1RB---_1LC0RD_0LB1RD_1RB0RB	A	2	1536	rank	210	11
1RB---_1LC0RD_0LC1RD_1RB0RB	A	2	1536	rank	202	15
1RB---_1LC0RD_0LD1LA_0RB1RD	A	2	1280	count-lex	127	41
1RB---_1LC0RD_0LD1LD_0RB1RD	A	2	1280	count-lex	183	41
1RB---_1LC0RD_0LD1RC_0RB1RD	A	2	1280	count-lex	110	41
1RB---_1LC0RD_1LC1RD_1RB0RB	A	2	1536	rank	177	11
1RB---_1LC0RD_1LD0LB_1RB0LD	A	4	1536	count-lex	378	32
1RB---_1LC0RD_1LD0LB_1RB0RC	A	3	1280	count-lex	166	22
1RB---_1LC0RD_1LD0LC_1RB0LC	A	3	1280	count-lex	141	14
1RB---_1LC0RD_1LD0LD_0RB1RB	A	2	1536	count-lex	129	33
1RB---_1LC0RD_1LD1LC_1RB1RD	A	2	1999	count-lex	390	31
1RB---_1LC0RD_1RB0LB_0LD1LB	A	2	1536	rank	157	22
1RB---_1LC0RD_1RB0LB_1RB---	A	3	1280	count-lex	221	14
1RB---_1LC0RD_1RB0LD_1LC0LC	A	2	1280	count-lex	119	36
1RB---_1LC0RD_1RB1LB_0LC1RD	A	2	1280	count-lex	223	42
1RB---_1LC0RD_1RB1LB_1LD1RB	A	3	1280	count-lex	181	25
1RB---_1LC0RD_1RB1LB_1RB1RB	A	3	1280	count-lex	195	21
1RB---_1LC0RD_1RB1LC_0LB0RD	A	2	1280	count-lex	168	34
1RB---_1LC0RD_1RB1LC_0LB1LD	A	2	1536	rank	81	17
1RB---_1LC0RD_1RB1LC_0LB1RD	A	2	1280	count-lex	268	41
1RB---_1LC0RD_1RD0LB_1RB0RD	A	3	1280	count-lex	118	14
1RB---_1LC0RD_1RD0LC_0LB0RD	A	2	1280	rank	83	14
1RB---_1LC0RD_1RD0LC_0LB1RB	A	2	1280	rank	124	17
1RB---_1LC0RD_1RD0LC_0LB1RD	A	2	1536	rank	113	19
1RB---_1LC0RD_1RD1LB_1LB1RB	A	2	1999	count-lex	310	35
1RB---_1LC0RD_1RD1LB_1RB1RB	A	2	1536	count-lex	396	33
1RB---_1LC1LB_0LD1RC_1RB1LD	A	2	1280	count-lex	171	24
1RB---_1LC1LB_0RD0LB_0LB1RD	A	2	1280	count-lex	294	26
1RB---_1LC1LB_0RD0LC_0LB1RD	A	2	1280	count-lex	234	26
1RB---_1LC1LB_0RD0LD_0LB1RD	A	2	1280	count-lex	154	26
1RB---_1LC1LB_0RD0RC_0LB1RD	A	2	1280	count-lex	191	19
1RB---_1LC1LB_0RD0RD_0LB1RD	A	2	1280	count-lex	305	19
1RB---_1LC1LB_0RD1LD_0LB1RD	A	2	1280	count-lex	140	26
1RB---_1LC1LB_1RC0RD_1LB1RD	A	2	1999	count-lex	359	35
1RB---_1LC1LB_1RD0LB_0LC1RD	A	2	1280	count-lex	230	26
1RB---_1LC1LB_1RD0LC_1LD0RB	A	2	1280	rank	183	16
1RB---_1LC1LB_1RD1LB_1RB1RD	A	2	1280	count-lex	251	14
1RB---_1LC1LB_1RD1RC_0LB0LC	A	2	1280	count-lex	187	26
1RB---_1LC1LB_1RD1RC_1LB0RB	A	2	1280	count-lex	189	24
1RB---_1LC1LB_1RD1RC_1LB1RC	A	2	1280	count-lex	98	14
1RB---_1LC1LB_1RD1RD_1LB1RC	A	2	1280	count-lex	157	17
1RB---_1LC1LC_1RD0LB_1LC1RC	A	3	1280	count-lex	181	21
1RB---_1LC1LC_1RD0LC_1LB0RC	A	2	1280	rank	97	18
1RB---_1LC1LC_1RD0RC_0LB1RC	A	2	1280	rank	183	20
1RB---_1LC1LC_1RD1LB_1RB1RD	A	2	1280	count-lex	236	17
1RB---_1LC1LD_0LB1RB_1RC0LD	A	2	1280	rank	158	20
1RB---_1LC1LD_0LB1RC_1RC1LD	A	2	1280	count-lex	226	15
1RB---_1LC1LD_0LD1RC_1RB1LB	A	2	1280	count-lex	268	24
1RB---_1LC1LD_1LB0RB_1RC0LD	A	2	1280	count-lex	238	40
1RB---_1LC1LD_1LB0RD_1RC0LD	A	2	1999	rank	155	18
1RB---_1LC1RB_0LC1RD_0LB0RB	A	2	1280	rank	107	16
1RB---_1LC1RB_0RB0LD_0RB1LC	A	2	1536	count-lex	440	34
1RB---_1LC1RB_0RB0LD_0RB1LD	A	2	1280	count-lex	371	41
1RB---_1LC1RB_0RB1LD_0LC0RC	A	2	1999	count-lex	471	44
1RB---_1LC1RB_0RB1LD_0RB0LD	A	2	1999	count-lex	386	44
1RB---_1LC1RB_0RB1LD_0RD0LC	A	2	1280	count-lex	341	47
1RB---_1LC1RB_0RB1LD_1RB0LC	A	2	1280	count-lex	239	32
1RB---_1LC1RB_0RB1LD_1RC0LC	A	2	1280	count-lex	128	33
1RB---_1LC1RB_0RC1LD_1RB0LC	A	2	1280	count-lex	157	33
1RB---_1LC1RB_0RD1LD_1RB0LC	A	2	1280	count-lex	100	28
1RB---_1LC1RB_1LC1RD_0RB0LC	A	2	1280	rank	154	16
1RB---_1LC1RB_1LD0LD_0RB1LD	A	2	1999	count-lex	632	41
1RB---_1LC1RB_1LD1LC_1RD0RB	A	2	1999	count-lex	416	35
1RB---_1LC1RB_1RB0LD_0RB1LD	A	2	1536	count-lex	454	41
1RB---_1LC1RB_1RB0LD_0RC1LD	A	2	1536	count-lex	261	41
1RB---_1LC1RB_1RB0LD_0RC1RD	A	2	1280	rank	125	17
1RB---_1LC1RC_0LD1RC_1RB1LD	A	2	1280	count-lex	154	15
1RB---_1LC1RC_0RB1LD_0LC0LD	A	6	1999	count-lex	304	75
1RB---_1LC1RC_0RD0LC_1LB1RB	A	2	1280	count-lex	304	56
1RB---_1LC1RC_1LD0LC_1RB0LB	A	2	1536	rank	127	26
1RB---_1LC1RC_1LD0RC_0RB0LB	A	3	1536	rank	224	14
1RB---_1LC1RC_1LD0RC_0RB0LD	A	2	1536	count-lex	119	38
1RB---_1LC1RC_1LD0RC_0RB1LB	A	2	1536	count-lex	315	34
1RB---_1LC1RC_1LD0RC_0RB1LC	A	2	1280	count-lex	95	31
1RB---_1LC1RC_1LD0RC_1RB0LB	A	2	1999	count-lex	793	55
1RB---_1LC1RC_1LD0RC_1RB0LC	A	2	1999	rank	105	18
1RB---_1LC1RC_1LD0RD_1RB0RB	A	2	1536	rank	195	15
1RB---_1LC1RC_1LD1RD_1RB0RB	A	2	1536	rank	127	15
1RB---_1LC1RC_1RB0LD_0RB1LD	A	2	1536	count-lex	513	42
1RB---_1LC1RC_1RB0LD_0RC1LD	A	2	1536	count-lex	288	49
1RB---_1LC1RC_1RB0LD_1LC1LC	A	3	1280	count-lex	234	21
1RB---_1LC1RC_1RB0LD_1RD1LC	A	3	1280	count-lex	257	25
1RB---_1LC1RD_0LB1RD_0RC0RD	A	3	1280	rank	100	18
1RB---_1LC1RD_0LB1RD_1RB0RB	A	2	1536	rank	134	14
1RB---_1LC1RD_0LC1RD_1RB0RB	A	2	1536	rank	108	14
1RB---_1LC1RD_0LD0RD_1RB0RB	A	2	1999	rank	130	18
1RB---_1LC1RD_0RB0LC_0LD1RB	A	2	1999	count-lex	230	54
1RB---_1LC1RD_0RB0LC_1LB0RD	A	2	1999	count-lex	186	28
1RB---_1LC1RD_0RB1LB_0LC0RD	A	2	1280	count-lex	265	39
1RB---_1LC1RD_0RB1LD_0LC0RD	A	2	1280	count-lex	172	29
1RB---_1LC1RD_0RD1LC_1RB0LC	A	2	1999	count-lex	305	36
1RB---_1LC1RD_1LB1RD_1RB0RB	A	2	1536	rank	107	15
1RB---_1LC1RD_1LB1RD_1RC0RC	A	2	1536	rank	105	15
1RB---_1LC1RD_1LC1RD_1RB0RB	A	2	1536	rank	155	15
1RB---_1LC1RD_1LD0LC_0RB1LC	A	2	1536	count-lex	222	39
1RB---_1LC1RD_1LD1LC_1RB1RB	A	2	1280	count-lex	283	17
1RB---_1LC1RD_1LD1LC_1RB1RD	A	2	1280	count-lex	235	14
1RB---_1LC1RD_1RB0LD_1LC0RD	A	2	1999	rank	104	20
1RB---_1LC1RD_1RB1LB_0RC0RB	A	2	1280	count-lex	212	36
1RB---_1RC---_0RD1LC_1LC1RD	B	2	1280	count-lex	92	21
1RB---_1RC---_1LD0RB_1RC0LC	A	3	1280	count-lex	114	14
1RB---_1RC---_1LD0RD_1RC0LC	B	3	1280	rank	105	14
1RB---_1RC---_1RD0LD_1LC0RC	B	3	1280	rank	70	14
1RB---_1RC0LB_0LD0RC_1LB0LC	A	2	1999	rank	173	14
1RB---_1RC0LB_0LD0RC_1RB1LB	A	2	1999	count-lex	163	38
1RB---_1RC0LB_0LD0RC_1RC1LB	A	2	1280	rank	92	17
1RB---_1RC0LB_0LD0RD_0LB1LB	A	2	1280	rank	82	17
1RB---_1RC0LB_0LD1RD_1LC1LB	A	2	1280	rank	85	20
1RB---_1RC0LB_1LD0RB_---1LB	A	2	1280	rank	94	18
1RB---_1RC0LB_1LD0RD_0LC1LB	A	2	1999	count-lex	284	40
1RB---_1RC0LB_1RD1LB_0LC1RC	A	2	1280	count-lex	147	26
1RB---_1RC0LB_1RD1LB_1LC1RD	A	2	1280	count-lex	183	27
1RB---_1RC0LC_0RD1LB_1LC1RD	A	2	1999	count-lex	427	33
1RB---_1RC0LC_0RD1LC_1LB1RD	A	2	1280	count-lex	518	41
1RB---_1RC0LC_0RD1RD_1LB0RC	A	2	1999	count-lex	172	48
1RB---_1RC0LC_1LB0LD_0RB1RD	A	3	1280	count-lex	105	20
1RB---_1RC0LC_1LB0RB_------	A	3	1280	rank	86	14
1RB---_1RC0LC_1LB0RD_1RC---	A	3	1280	count-lex	198	14
1RB---_1RC0LC_1RD0RD_1LC1LB	A	2	1280	rank	131	42
1RB---_1RC0LD_0LB1RD_1LB0RD	A	2	1280	rank	90	18
1RB---_1RC0LD_0LD1RD_1LB0RD	A	2	1999	rank	190	18
1RB---_1RC0LD_0RD1RD_1LB0RD	A	2	1280	rank	197	18
1RB---_1RC0LD_1LB0RB_1LB0LB	A	3	1280	count-lex	127	14
1RB---_1RC0LD_1LB0RB_1LB0RB	A	3	1280	count-lex	109	14
1RB---_1RC0LD_1LB0RB_1LB1LB	A	3	1280	count-lex	96	14
1RB---_1RC0LD_1LB0RD_1LB0LD	A	2	1280	count-lex	267	28
1RB---_1RC0LD_1LB1RB_1LB1LB	A	3	1280	count-lex	103	21
1RB---_1RC0LD_1LB1RC_0RB1LD	A	2	1280	count-lex	189	41
1RB---_1RC0LD_1LB1RC_0RC1LD	A	2	1280	count-lex	490	41
1RB---_1RC0LD_1LC1RD_1LB0RD	A	2	1280	rank	89	18
1RB---_1RC0LD_1LD0LC_1RD1LB	A	2	1999	rank	154	19
1RB---_1RC0LD_1LD0RC_0RB0LD	A	2	1280	rank	133	14
1RB---_1RC0LD_1LD0RC_0RB1LD	A	2	1280	rank	94	19
1RB---_1RC0LD_1LD0RD_1LB0LD	A	2	1280	count-lex	167	28
1RB---_1RC0LD_1LD1LC_1RD1LB	A	2	1999	rank	159	19
1RB---_1RC0LD_1LD1RB_0RD1LB	A	2	1536	count-lex	285	41
1RB---_1RC0LD_1LD1RC_0RB1LB	A	2	1280	count-lex	102	28
1RB---_1RC0LD_1LD1RD_1LB0RD	A	2	1280	rank	100	20
1RB---_1RC0LD_1RD0RB_1LB0RD	A	4	1280	count-lex	190	32
1RB---_1RC0LD_1RD0RC_1LB0RC	A	3	1280	count-lex	186	14
1RB---_1RC0RB_0LD0RB_1RB1LC	A	2	1280	count-lex	228	36
1RB---_1RC0RB_0RD1LB_1LC1RD	A	2	1280	rank	125	22
1RB---_1RC0RB_0RD1RC_1LD1LB	A	2	1536	count-lex	304	26
1RB---_1RC0RB_1LC1RD_0LB0RC	A	2	1536	rank	126	18
1RB---_1RC0RB_1LC1RD_1LB0RC	A	2	1999	rank	229	19
1RB---_1RC0RB_1LD0RB_1RB0LC	A	3	1280	count-lex	110	14
1RB---_1RC0RB_1RD0RC_1LD0LB	A	2	1999	rank	178	25
1RB---_1RC0RC_0LD1RC_1RB1LD	A	2	1536	count-lex	449	41
1RB---_1RC0RC_0RD0RD_1LD1RB	A	3	1999	rank	187	14
1RB---_1RC0RC_1LC0LD_1RB1RD	A	2	1536	rank	152	35
1RB---_1RC0RC_1LC0RD_1RB1LD	A	2	1999	rank	126	25
1RB---_1RC0RC_1LD0LC_1RB0LC	A	2	1280	count-lex	197	28
1RB---_1RC0RC_1LD0LD_1LB0RB	A	2	1999	rank	227	21
1RB---_1RC0RC_1LD1RB_0LB1RB	A	2	1536	count-lex	158	40
1RB---_1RC0RC_1LD1RC_0LB0RB	A	2	1999	rank	110	18
1RB---_1RC0RC_1LD1RC_0LC1RB	A	2	1999	rank	162	20
1RB---_1RC0RC_1LD1RC_0LD1RB	A	2	1999	rank	225	13
1RB---_1RC0RC_1LD1RC_1LC1RB	A	2	1999	rank	138	13
1RB---_1RC0RC_1LD1RC_1LD1RB	A	2	1999	rank	151	14
1RB---_1RC0RC_1LD1RD_0LD1RB	A	2	1536	rank	112	17
1RB---_1RC0RD_0LD1LD_1RB1LC	A	2	1536	rank	196	21
1RB---_1RC0RD_0LD1RB_1LC1RD	A	2	1999	rank	111	20
1RB---_1RC0RD_1LC1RB_1LC1RD	A	2	1999	rank	125	14
1RB---_1RC0RD_1LD0RC_1RB0LC	A	4	1280	count-lex	333	32
1RB---_1RC1LB_0LB0RD_0LB1LC	A	2	1536	rank	189	20
1RB---_1RC1LB_0LB0RD_0LB1LD	A	2	1536	rank	88	20
1RB---_1RC1LB_0LB0RD_1RD1LC	A	3	1999	rank	293	25
1RB---_1RC1LB_0LB1RD_0LB0RD	A	2	1999	count-lex	247	44
1RB---_1RC1LB_0LB1RD_1LC0LD	A	2	1999	rank	241	19
1RB---_1RC1LB_0LB1RD_1LC0RC	A	2	1280	count-lex	221	33
1RB---_1RC1LB_0LC1RD_0LB1RD	A	2	1280	count-lex	250	15
1RB---_1RC1LB_0LC1RD_1LB0RC	A	2	1280	count-lex	205	33
1RB---_1RC1LB_0LD0RC_1LB1LB	A	2	1280	count-lex	294	34
1RB---_1RC1LB_0LD1RD_0LB1RD	A	2	1280	count-lex	295	15
1RB---_1RC1LB_0RD1RC_1LD0LB	A	2	1280	count-lex	324	45
1RB---_1RC1LB_1LB0RD_0LB1RD	A	2	1280	count-lex	536	41
1RB---_1RC1LB_1LB0RD_0LC0LD	A	2	1999	rank	115	18
1RB---_1RC1LB_1LB0RD_0LC1LB	A	2	1999	count-lex	302	22
1RB---_1RC1LB_1LB0RD_0LC1LD	A	2	1999	rank	244	23
1RB---_1RC1LB_1LD0RD_0LB1RD	A	2	1280	count-lex	604	41
1RB---_1RC1LB_1LD0RD_0LC1LB	A	2	1999	count-lex	310	22
1RB---_1RC1LB_1RD0RD_0LB1RD	A	2	1280	count-lex	344	41
1RB---_1RC1LB_1RD0RD_1LD0RB	A	2	1536	rank	236	25
1RB---_1RC1LB_1RD1RC_1LD0LB	A	2	1999	count-lex	480	35
1RB---_1RC1LC_0RD1RD_1LB0RB	A	2	1280	rank	111	19
1RB---_1RC1LC_0RD1RD_1LB1RB	A	2	1280	rank	118	18
1RB---_1RC1LC_1LB0RD_0LB1RD	A	2	1280	count-lex	221	42
1RB---_1RC1LC_1LB0RD_1LD1RC	A	3	1280	count-lex	319	25
1RB---_1RC1LC_1LB0RD_1RC1RC	A	3	1280	count-lex	141	21
1RB---_1RC1LC_1LB1RD_0RB0RC	A	2	1999	count-lex	454	36
1RB---_1RC1LC_1RD0LB_0LB0LD	A	2	1536	rank	112	16
1RB---_1RC1LC_1RD0LB_1LB1RC	A	2	1999	count-lex	633	35
1RB---_1RC1LC_1RD0LC_0LB1RB	A	2	1280	count-lex	165	34
1RB---_1RC1LD_0LB0RC_1RC0LD	A	2	1280	rank	163	17
1RB---_1RC1LD_0LB1LC_1RB0LD	A	2	1999	rank	231	19
1RB---_1RC1LD_0LB1RC_1LB0RC	A	2	1280	count-lex	228	42
1RB---_1RC1LD_0LB1RC_1RB0LD	A	2	1280	count-lex	113	23
1RB---_1RC1LD_0LD1RC_1LB0RC	A	2	1999	count-lex	223	36
1RB---_1RC1LD_1LB0RD_1RC0LD	A	2	1280	rank	109	18
1RB---_1RC1LD_1LC1RB_0LB1LB	A	2	1280	rank	93	17
1RB---_1RC1LD_1RD0RB_0LB1LB	A	2	1280	rank	90	21
1RB---_1RC1LD_1RD0RC_0LB0RC	A	2	1280	count-lex	346	36
1RB---_1RC1LD_1RD1RB_0LB1LB	A	2	1280	rank	142	19
1RB---_1RC1LD_1RD1RC_1LB1LB	A	2	1280	count-lex	229	17
1RB---_1RC1LD_1RD1RC_1LB1LD	A	2	1280	count-lex	152	14
1RB---_1RC1LD_1RD1RD_1LB0RC	A	2	1536	count-lex	239	33
1RB---_1RC1RB_1LC0LD_0RB1LD	A	2	1536	count-lex	529	43
1RB---_1RC1RB_1LC1RD_0LB0RC	A	2	1536	rank	122	18
1RB---_1RC1RB_1LC1RD_1LB0RC	A	2	1999	rank	243	19
1RB---_1RC1RB_1LD0RB_1LB0LD	A	2	1536	count-lex	511	66
1RB---_1RC1RB_1LD0RB_1LB1LD	A	2	1999	count-lex	537	31
1RB---_1RC1RB_1LD1LB_1LB1LD	A	2	1280	count-lex	202	17
1RB---_1RC1RB_1LD1LC_0RB0RC	A	2	1280	count-lex	244	26
1RB---_1RC1RB_1LD1LC_1RB1RC	A	2	1280	count-lex	494	17
1RB---_1RC1RB_1LD1LD_1RB1LC	A	2	1280	count-lex	93	17
1RB---_1RC1RB_1LD1RB_0RB0LD	A	2	1999	count-lex	340	42
1RB---_1RC1RB_1RD0RD_1LD0LB	A	2	1999	rank	180	35
1RB---_1RC1RC_1LD0RB_1RC1LC	A	3	1280	count-lex	141	21
1RB---_1RC1RC_1LD1RB_1LB1LD	A	2	1280	count-lex	103	17
1RB---_1RC1RD_0LD1LD_1RB1LC	A	2	1536	rank	97	19
1RB---_1RC1RD_1LB0LB_1LC0RC	A	2	1280	rank	220	42
1RB0LA_0RC1LB_1LD1RC_1LA1LB	A	2	1280	count-lex	206	21
1RB0LB_0RC1LB_1LD1RC_0LA1LB	A	2	1280	count-lex	122	21
1RB0LB_0RC1LB_1LD1RC_1RA1LB	A	2	1280	count-lex	172	15
1RB0LB_1LA0LC_1RD0LD_1LC0RC	B	3	1280	rank	63	14
1RB0LB_1LA0LC_1RD1LC_0LC1RD	B	2	1280	count-lex	165	21
1RB0LB_1LA0RC_0LD1RC_1RC1LD	B	2	1280	count-lex	153	21
1RB0LB_1LA0RC_1LD1RC_0LC1RB	A	2	1999	rank	128	20
1RB0LB_1LA0RC_1LD1RC_0RC1LD	B	2	1280	count-lex	109	21
1RB0LB_1LA0RC_1RD0LD_1LC0RC	B	3	1280	rank	68	14
1RB0LB_1LA1LC_0LD0RC_1RC1LD	B	2	1536	count-lex	435	64
1RB0LB_1LA1LC_0LD1RC_1RC1LD	B	2	1280	count-lex	157	21
1RB0LB_1LA1LC_1RD0LD_1LC0RC	B	3	1280	rank	60	14
1RB0LB_1LA1LC_1RD1LC_0LB1RD	A	2	1280	count-lex	306	21
1RB0LB_1LA1LC_1RD1LC_0LC1RD	B	2	1280	count-lex	88	21
1RB0LB_1LA1RC_0LD1RC_1RB1LD	A	2	1280	count-lex	147	21
1RB0LB_1LA1RC_0LD1RC_1RC1LD	B	2	1280	count-lex	133	21
1RB0LB_1LA1RC_0RD1LC_1LB1RD	A	2	1280	count-lex	226	24
1RB0LB_1LA1RC_1LD0RC_1RB0LC	A	2	1999	rank	107	20
1RB0LB_1LA1RC_1LD0RC_1RB1LD	A	2	1280	count-lex	156	32
1RB0LB_1LA1RC_1RD0LD_1LC0RC	B	3	1280	rank	73	14
1RB0LB_1LC0RB_1RD1LD_1RA1RB	A	2	1999	rank	209	14
1RB0LB_1LC1LB_0RD0RA_0LB1RD	A	2	1280	count-lex	93	19
1RB0LB_1LC1LB_0RD1RA_0LB1RD	A	2	1280	count-lex	216	19
1RB0LB_1RC0LD_0LA1RD_1LB0RD	A	2	1280	rank	138	18
1RB0LB_1RC0LD_1LA0RD_1LB0LD	A	2	1280	count-lex	177	28
1RB0LB_1RC0LD_1LA0RD_1LB1LD	A	2	1999	count-lex	372	41
1RB0LB_1RC1LB_0LA1LD_0LB1RD	A	2	1280	count-lex	165	18
1RB0LB_1RC1LB_0LA1RD_0LB1RD	A	2	1280	count-lex	152	15
1RB0LB_1RC1LB_1LA1LD_0LB1RD	A	2	1280	count-lex	194	24
1RB0LB_1RC1LB_1LA1RD_0LB1RD	A	2	1280	count-lex	118	21
1RB0LC_0LA---_0LD1RC_1RC1LD	B	2	1280	count-lex	102	15
1RB0LC_0LA---_0RD1LC_1LC1RD	B	2	1280	count-lex	84	15
1RB0LC_0LA---_1LD0RD_1RC0LC	B	3	1280	rank	147	14
1RB0LC_0LA---_1LD1RC_0RC1LD	B	2	1280	count-lex	63	15
1RB0LC_0LA---_1RD0LD_1LC0RC	B	3	1280	rank	72	14
1RB0LC_0LA---_1RD1LC_0LC1RD	B	2	1280	count-lex	63	15
1RB0LC_0LA1LC_1RD0LC_0LB1RC	A	2	1999	count-lex	295	31
1RB0LC_0LA1LC_1RD0LC_1LB0RC	A	2	1280	rank	176	18
1RB0LC_0LA1LC_1RD0RC_0LB1RC	A	2	1999	rank	240	20
1RB0LC_0LA1LC_1RD1LC_0LB1RD	A	2	1280	count-lex	207	15
1RB0LC_0LA1RC_1LD0LC_0RB1LC	A	2	1999	rank	158	20
1RB0LC_0LA1RC_1LD0RC_0RB1LC	A	2	1999	count-lex	229	31
1RB0LC_0LA1RC_1LD0RC_1RB0LC	A	2	1280	rank	136	18
1RB0LC_0LA1RC_1LD1RC_0RB1LD	A	2	1280	count-lex	174	15
1RB0LC_0LB1LA_0RD1LC_1LC1RD	B	2	1280	count-lex	130	15
1RB0LC_0LB1LA_1LD0RD_1RC0LC	B	3	1280	rank	82	14
1RB0LC_0LB1LA_1LD1RC_0RC1LD	B	2	1280	count-lex	41	15
1RB0LC_0LB1LA_1RD1LC_0RC1LA	B	2	1280	rank	54	13
1RB0LC_0LB1LC_1RD1LC_0RC1LA	B	2	1280	rank	56	13
1RB0LC_0LB1RC_1RD1RC_1LA0RC	B	2	1999	count-lex	193	41
1RB0LC_0LC---_1RD1LC_0RC1LA	B	2	1280	rank	27	13
1RB0LC_0LC---_1RD1RC_1LA0RC	B	2	1999	count-lex	244	41
1RB0LC_0RC0RA_0LD1RC_1LB1LD	A	2	1280	count-lex	117	19
1RB0LC_0RC1LB_1LD1RC_0LA1LB	A	2	1280	count-lex	202	21
1RB0LC_0RC1LB_1LD1RC_0RA1LB	A	2	1280	count-lex	213	15
1RB0LC_0RC1LB_1LD1RC_0RA1RB	A	2	1280	count-lex	174	18
1RB0LC_0RC1RA_0LD1RC_1LB1LD	A	2	1280	count-lex	108	19
1RB0LC_1LA---_0LD1RC_1RC1LD	B	2	1280	count-lex	95	21
1RB0LC_1LA---_0RD1LC_1LC1RD	B	2	1280	count-lex	44	15
1RB0LC_1LA---_1LD0RD_1RC0LC	B	3	1280	rank	109	14
1RB0LC_1LA---_1RD1LC_0LC1RD	B	2	1280	count-lex	162	21
1RB0LC_1LA0LD_0RD1LB_1RC1LD	A	2	1999	rank	111	13
1RB0LC_1LA1LC_1RD0LC_1LB0RC	A	2	1280	rank	96	18
1RB0LC_1LA1LC_1RD1LC_0LB1RD	A	2	1280	count-lex	226	21
1RB0LC_1LA1LD_0LB1RC_1RC1LD	A	2	1280	count-lex	222	21
1RB0LC_1LA1RC_1LD0RC_0RB1LC	A	2	1280	count-lex	155	31
1RB0LC_1LA1RC_1LD0RC_1RB0LC	A	2	1999	rank	130	20
1RB0LC_1LA1RC_1LD0RC_1RB1LD	A	2	1280	count-lex	205	32
1RB0LC_1LB0RA_1LD0RD_1RC0LC	B	3	1280	rank	72	14
1RB0LC_1LB0RA_1LD1RC_0RC1LD	B	2	1280	count-lex	66	15
1RB0LC_1LB0RA_1RD0LD_1LC0RC	B	3	1280	rank	83	14
1RB0LC_1LB0RA_1RD1LC_0LC1RD	B	2	1280	count-lex	66	15
1RB0LC_1LB0RC_1RD1LC_0RC1LA	B	2	1999	rank	51	13
1RB0LC_1LB1LA_0LD0RC_1RC1LD	B	2	1536	count-lex	396	64
1RB0LC_1LB1LA_1RD0LD_1LC0RC	B	3	1280	rank	149	14
1RB0LC_1LB1LA_1RD1LC_0RC1LA	B	2	1280	rank	69	20
1RB0LC_1LB1LC_1RD1LC_0RC1LA	B	2	1280	rank	35	20
1RB0LC_1LB1RA_0LD1RC_1RC1LD	B	2	1280	count-lex	125	15
1RB0LC_1LB1RA_0RD1LC_1LC1RD	B	2	1280	count-lex	67	15
1RB0LC_1LB1RA_1LD0RD_1RC0LC	B	3	1280	rank	92	14
1RB0LC_1LB1RA_1LD1RC_0RC1LD	B	2	1280	count-lex	59	15
1RB0LC_1LB1RA_1RD0LD_1LC0RC	B	3	1280	rank	90	14
1RB0LC_1LB1RA_1RD1LC_0LC1RD	B	2	1280	count-lex	59	15
1RB0LC_1LB1RA_1RD1LC_0RC1LA	B	2	1280	rank	68	13
1RB0LC_1LB1RC_1RD1LC_0RC1LA	B	2	1280	rank	49	20
1RB0LC_1LC---_1RD1LC_0RC1LA	B	2	1280	rank	37	20
1RB0LC_1LC0LD_1LD0RA_1RD1LB	A	2	1280	rank	152	16
1RB0LC_1LC1LB_0RD0RA_0LB1RD	A	2	1280	count-lex	101	19
1RB0LC_1RC1LB_0LA1RD_0LB1RD	A	2	1280	count-lex	174	15
1RB0LC_1RC1LB_0LA1RD_1LB0RD	A	2	1280	count-lex	142	32
1RB0LC_1RC1LB_1LA1LD_0LB1RD	A	2	1280	count-lex	365	24
1RB0LC_1RC1LB_1LA1RD_0LB1RD	A	2	1280	count-lex	103	21
1RB0LD_0LB1LC_0RD1LA_1RC1LD	B	2	1280	rank	60	13
1RB0LD_0LB1LC_1RA0LC_0LC1RD	D	2	1280	rank	168	15
1RB0LD_0LB1LC_1RA0LC_0RC1LD	D	2	1280	rank	199	15
1RB0LD_0LB1LC_1RA0LC_0RC1RD	D	2	1280	rank	131	15
1RB0LD_0LB1LC_1RA0LC_1LC1RD	D	2	1280	rank	174	15
1RB0LD_0LB1LC_1RA0LC_1RC0LD	D	2	1280	rank	77	15
1RB0LD_0LB1LC_1RA0LC_1RC0RD	D	2	1280	rank	74	15
1RB0LD_0LC0RD_---1LD_1LA1LD	C	2	1999	count-lex	382	41
1RB0LD_0LC0RD_0LD1LB_1LA0LD	C	2	1280	count-lex	102	28
1RB0LD_0LC0RD_0LD1LB_1LA1LD	C	2	1999	count-lex	238	41
1RB0LD_0LC0RD_1LA1LC_1LA1LD	C	2	1999	count-lex	320	41
1RB0LD_0LC1LA_0RD1LA_1RC1LD	B	2	1280	rank	31	13
1RB0LD_0LC1RA_1RC1LA_1RC1LD	B	2	1999	rank	161	10
1RB0LD_0LC1RA_1RD1LA_1RC1LD	B	2	1999	rank	202	14
1RB0LD_0LC1RB_0RD1LA_1RC1LD	B	2	1280	rank	79	13
1RB0LD_0LC1RD_---0LD_1LA0RD	C	2	1280	rank	156	18
1RB0LD_0LC1RD_---0RD_1LA0RD	C	2	1280	rank	81	18
1RB0LD_0LC1RD_---1LA_1LA0RD	C	2	1999	rank	74	18
1RB0LD_0LC1RD_0LA1RC_1LA0RD	C	2	1280	rank	67	18
1RB0LD_0LC1RD_0LD0LB_1LA0RD	C	2	1280	rank	131	18
1RB0LD_0LC1RD_0LD0LC_1LA0RD	C	2	1999	rank	84	18
1RB0LD_0LC1RD_0LD0RB_1LA0RD	C	2	1280	rank	66	18
1RB0LD_0LC1RD_0LD0RC_1LA0RD	C	2	1999	rank	108	18
1RB0LD_0LC1RD_0LD1LC_1LA0RD	C	2	1280	rank	140	20
1RB0LD_0LC1RD_0LD1RC_1LA0RD	C	2	1280	rank	66	18
1RB0LD_0LC1RD_0RA1LB_1LA0RD	C	2	1999	rank	137	18
1RB0LD_0LC1RD_0RA1LC_1LA0RD	C	2	1280	rank	90	18
1RB0LD_0LC1RD_0RD0LB_1LA0RD	C	2	1280	rank	66	18
1RB0LD_0LC1RD_0RD0LC_1LA0RD	C	2	1999	rank	135	18
1RB0LD_0LC1RD_0RD0RB_1LA0RD	C	2	1280	rank	133	18
1RB0LD_0LC1RD_0RD0RC_1LA0RD	C	2	1999	rank	151	18
1RB0LD_0LC1RD_0RD1LC_1LA0RD	C	2	1280	rank	135	18
1RB0LD_0LC1RD_0RD1RC_1LA0RD	C	2	1999	rank	93	18
1RB0LD_0LC1RD_1LA0LB_1LA0RD	C	2	1999	rank	77	18
1RB0LD_0LC1RD_1LA0LC_1LA0RD	C	2	1280	rank	74	18
1RB0LD_0LC1RD_1LA0RB_1LA0RD	C	2	1999	rank	149	18
1RB0LD_0LC1RD_1LA0RC_1LA0RD	C	2	1280	rank	104	18
1RB0LD_0LC1RD_1LA1LB_1LA0RD	C	2	1280	rank	71	20
1RB0LD_0LC1RD_1LD1LB_1LA0RD	C	2	1280	rank	150	18
1RB0LD_0LC1RD_1RA0LB_1LA0RD	C	2	1999	rank	78	20
1RB0LD_0LC1RD_1RA1LB_1LA0RD	C	2	1999	rank	80	18
1RB0LD_0LC1RD_1RB1LC_1LA0RD	C	2	1999	rank	71	18
1RB0LD_0LC1RD_1RD1LC_1LA0RD	C	2	1280	rank	142	18
1RB0LD_0RC0RA_0LD1RC_1LB1LD	A	2	1280	count-lex	98	19
1RB0LD_0RC0RD_1LB1RD_1LA1LD	C	2	1999	count-lex	493	41
1RB0LD_0RC0RD_1LC1RB_1LA1LD	C	2	1999	count-lex	208	41
1RB0LD_0RC1LA_1LA0RD_1RC1RD	B	2	1999	count-lex	248	41
1RB0LD_0RC1LB_1LD1RC_1RA1LB	A	2	1280	count-lex	187	15
1RB0LD_0RC1RA_0LD1RC_1LB1LD	A	2	1280	count-lex	322	19
1RB0LD_0RC1RD_0LC0LD_1LA0RD	C	2	1280	rank	127	18
1RB0LD_0RC1RD_0LC0RD_1LA0RD	C	2	1280	rank	126	18
1RB0LD_0RC1RD_0LC1LA_1LA0RD	C	2	1999	rank	86	18
1RB0LD_0RC1RD_0RD---_1LA0RD	C	2	1280	rank	77	20
1RB0LD_0RC1RD_1LA---_1LA0RD	C	2	1999	rank	131	18
1RB0LD_0RC1RD_1LB0RD_1LA0RD	C	2	1280	rank	71	20
1RB0LD_0RC1RD_1LB1LA_1LA0RD	C	2	1999	rank	79	18
1RB0LD_0RC1RD_1LB1RD_1LA0RD	C	2	1999	rank	146	20
1RB0LD_0RC1RD_1RD---_1LA0RD	C	2	1999	rank	77	20
1RB0LD_1LB0LC_0RD1LA_1RC1LD	B	2	1999	rank	52	13
1RB0LD_1LB1LC_0RD1LA_1RC1LD	B	2	1280	rank	94	20
1RB0LD_1LB1LC_1RA0LC_1RC0LD	D	2	1280	rank	141	20
1RB0LD_1LB1RC_0RD1LA_1RC1LD	B	2	1999	rank	46	13
1RB0LD_1LB1RC_1RC1LA_1RC1LD	B	2	1999	rank	161	10
1RB0LD_1LB1RC_1RD1LA_1RC1LD	B	2	1999	rank	205	13
1RB0LD_1LC0LB_1RD1LA_1RC1LD	B	2	1999	rank	198	14
1RB0LD_1LC0RD_---1LD_1LA1LD	C	2	1999	count-lex	211	41
1RB0LD_1LC0RD_0LD1RA_0RB1RD	A	2	1280	count-lex	204	41
1RB0LD_1LC0RD_1LA1LC_1LA1LD	C	2	1999	count-lex	213	41
1RB0LD_1LC0RD_1LB1RC_1LA1LD	C	2	1999	count-lex	199	41
1RB0LD_1LC0RD_1RB1LB_1LA1LD	C	2	1999	count-lex	208	41
1RB0LD_1LC0RD_1RC1LA_1RC1LD	B	2	1999	rank	83	10
1RB0LD_1LC0RD_1RD1LA_1RC1LD	B	2	1999	rank	105	14
1RB0LD_1LC1LA_0RD1LA_1RC1LD	B	2	1280	rank	37	20
1RB0LD_1LC1LB_0RD0RA_0LB1RD	A	2	1280	count-lex	101	19
1RB0LD_1LC1LB_0RD1RA_0LB1RD	A	2	1280	count-lex	231	19
1RB0LD_1LC1LB_1RA1LA_1RC1LD	B	2	1999	rank	98	14
1RB0LD_1LC1LB_1RD1LA_1RC1LD	B	2	1999	rank	97	13
1RB0LD_1LC1RB_1RA1LA_1RC1LD	B	2	1999	rank	88	14
1RB0LD_1LC1RB_1RC1LA_1RC1LD	B	2	1999	rank	92	14
1RB0LD_1LC1RB_1RD1LA_1RC1LD	B	2	1999	rank	101	14
1RB0LD_1LC1RD_---0LD_1LA0RD	C	2	1999	rank	83	20
1RB0LD_1LC1RD_---0RA_1LA0RD	C	2	1999	rank	77	18
1RB0LD_1LC1RD_---0RD_1LA0RD	C	2	1999	rank	80	18
1RB0LD_1LC1RD_---1RA_1LA0RD	C	2	1280	rank	69	18
1RB0LD_1LC1RD_---1RD_1LA0RD	C	2	1999	rank	76	18
1RB0LD_1LC1RD_0LB1RC_1LA0RD	C	2	1280	rank	72	18
1RB0LD_1LC1RD_0LD0RC_1LA0RD	C	2	1280	rank	69	18
1RB0LD_1LC1RD_0RA0LC_1LA0RD	C	2	1280	rank	74	18
1RB0LD_1LC1RD_0RD0RC_1LA0RD	C	2	1280	rank	66	18
1RB0LD_1LC1RD_0RD1RC_1LA0RD	C	2	1280	rank	68	18
1RB0LD_1LC1RD_1LA0LB_1LA0RD	C	2	1999	rank	77	18
1RB0LD_1LC1RD_1LA0LC_1LA0RD	C	2	1999	rank	90	20
1RB0LD_1LC1RD_1LA0RC_1LA0RD	C	2	1999	rank	81	18
1RB0LD_1LC1RD_1LD0LB_1LA0RD	C	2	1999	rank	85	20
1RB0LD_1LC1RD_1LD0LC_1LA0RD	C	2	1999	rank	72	18
1RB0LD_1LC1RD_1LD1LB_1LA0RD	C	2	1999	rank	77	20
1RB0LD_1LC1RD_1RA0LC_1LA0RD	C	2	1280	rank	76	18
1RB0LD_1LC1RD_1RA1LB_1LA0RD	C	2	1999	rank	76	20
1RB0LD_1LC1RD_1RB0LB_1LA0RD	C	2	1999	rank	83	20
1RB0LD_1LC1RD_1RC0LB_1LA0RD	C	2	1999	rank	84	20
1RB0LD_1LC1RD_1RD1RC_1LA0RD	C	2	1999	rank	79	18
1RB0LD_1RC---_0LD0LA_1RD1LC	B	3	1280	rank	27	15
1RB0LD_1RC0LD_0LA1RD_1LB0RD	A	2	1280	rank	86	18
1RB0LD_1RC0LD_1LA0RD_1LB0LD	A	2	1280	count-lex	163	28
1RB0LD_1RC0RD_1LA---_1LA0LD	C	2	1280	count-lex	105	28
1RB0LD_1RC0RD_1LC0LA_1LA0LD	C	2	1280	count-lex	103	28
1RB0LD_1RC0RD_1LC0LA_1LA1LD	C	2	1999	count-lex	232	41
1RB0LD_1RC0RD_1LC0LD_1LA0LD	C	2	1280	count-lex	106	28
1RB0LD_1RC0RD_1LD---_1LA0LD	C	2	1280	count-lex	106	28
1RB0LD_1RC1LB_0LA1LD_0LB1RD	A	2	1280	count-lex	242	18
1RB0LD_1RC1LB_0LA1RD_0LB1RD	A	2	1280	count-lex	93	15
1RB0LD_1RC1LB_1LA1LD_0LB1RD	A	2	1280	count-lex	278	24
1RB0LD_1RC1LB_1LA1RD_0LB1RD	A	2	1280	count-lex	103	21
1RB0LD_1RC1LB_1LA1RD_1LB0RD	A	2	1999	count-lex	162	32
1RB0LD_1RC1RD_0LA---_1LA0RD	C	2	1280	rank	66	18
1RB0LD_1RC1RD_0LC0LA_1LA0RD	C	2	1280	rank	68	18
1RB0LD_1RC1RD_0LC0LD_1LA0RD	C	2	1280	rank	67	18
1RB0LD_1RC1RD_0LC0RD_1LA0RD	C	2	1999	rank	78	18
1RB0LD_1RC1RD_0LD---_1LA0RD	C	2	1999	rank	78	18
1RB0LD_1RC1RD_0RD---_1LA0RD	C	2	1280	rank	76	18
1RB0LD_1RC1RD_1LB---_1LA0RD	C	2	1280	rank	67	18
1RB0LD_1RC1RD_1LC0RB_1LA0RD	C	2	1999	rank	84	20
1RB0LD_1RC1RD_1LC0RD_1LA0RD	C	2	1280	rank	75	20
1RB0LD_1RC1RD_1LC1RB_1LA0RD	C	2	1999	rank	72	18
1RB0LD_1RC1RD_1LC1RD_1LA0RD	C	2	1280	rank	71	18
1RB0LD_1RC1RD_1LD---_1LA0RD	C	2	1280	rank	71	20
1RB0RA_0RC1LB_1LD1RC_0LA1LB	A	2	1280	count-lex	115	15
1RB0RB_0RC1LB_1LD1RC_0LA1LB	A	2	1280	count-lex	83	15
1RB0RB_0RC1LB_1LD1RC_0LA1RB	A	2	1280	count-lex	245	18
1RB0RB_0RC1LB_1LD1RC_1LA1LB	A	2	1280	count-lex	93	15
1RB0RB_1LA0LC_1LD0RD_1RC0LC	B	3	1280	rank	73	14
1RB0RB_1LA0LC_1LD1RC_0RC1LD	B	2	1280	count-lex	64	15
1RB0RB_1LA0LC_1RD0LD_1LC0RC	B	3	1280	rank	77	14
1RB0RB_1LA0LC_1RD1LC_0LC1RD	B	2	1280	count-lex	67	15
1RB0RB_1LA0RC_1LD0RD_1RC0LC	B	3	1280	rank	72	14
1RB0RB_1LA0RC_1LD1RC_0RC1LD	B	2	1280	count-lex	67	15
1RB0RB_1LA0RC_1RD0LD_1LC0RC	B	3	1280	rank	73	14
1RB0RB_1LA0RC_1RD1LC_0LC1RD	B	2	1280	count-lex	64	15
1RB0RB_1LA1LC_0RD1LC_1LB1RD	A	2	1280	count-lex	116	15
1RB0RB_1LA1LC_0RD1LC_1LC1RD	B	2	1280	count-lex	64	15
1RB0RB_1LA1LC_1LD1RC_0RC1LD	B	2	1280	count-lex	50	15
1RB0RB_1LA1LC_1RD0LC_1LB1RD	A	2	1999	count-lex	156	32
1RB0RB_1LA1LC_1RD0LD_1LC0RC	B	3	1280	rank	70	14
1RB0RB_1LA1LC_1RD1LC_0LB1RD	A	2	1280	count-lex	148	15
1RB0RB_1LA1LC_1RD1LC_0LC1RD	B	2	1280	count-lex	69	15
1RB0RB_1LA1RC_0LD1RC_1RB1LD	A	2	1280	count-lex	115	15
1RB0RB_1LA1RC_0LD1RC_1RC1LD	B	2	1280	count-lex	63	15
1RB0RB_1LA1RC_0RD1LC_1LB1RD	A	2	1280	count-lex	246	18
1RB0RB_1LA1RC_1LD0RC_1RB1LD	A	2	1999	count-lex	177	32
1RB0RB_1LA1RC_1LD0RD_1RC0LC	B	3	1280	rank	72	14
1RB0RB_1LA1RC_1LD1RC_0RB1LD	A	2	1280	count-lex	182	15
1RB0RB_1LA1RC_1LD1RC_0RC1LD	B	2	1280	count-lex	76	15
1RB0RB_1LA1RC_1RD1LC_0LC1RD	B	2	1280	count-lex	46	15
1RB0RB_1LC0RD_0LD1RA_0RB1RD	A	2	1999	count-lex	167	41
1RB0RB_1LC1LB_0RD0RA_0LB1RD	A	2	1280	count-lex	104	19
1RB0RC_0LA---_0LD1RC_1RC1LD	B	2	1280	count-lex	65	15
1RB0RC_0LA---_0RD1LC_1LC1RD	B	2	1280	count-lex	70	15
1RB0RC_0LA---_1LD0RD_1RC0LC	B	3	1280	rank	69	14
1RB0RC_0LA---_1LD1RC_0RC1LD	B	2	1280	count-lex	64	15
1RB0RC_0LA---_1RD0LD_1LC0RC	B	3	1280	rank	71	14
1RB0RC_0LA---_1RD1LC_0LC1RD	B	2	1280	count-lex	63	15
1RB0RC_0LA1LC_1LD1RC_1LA1RA	B	2	1999	rank	88	14
1RB0RC_0LA1LC_1RD0LC_0LB1RC	A	2	1999	count-lex	144	31
1RB0RC_0LA1LC_1RD0LC_1LB0RC	A	2	1280	rank	107	18
1RB0RC_0LA1LC_1RD0RC_0LB1RC	A	2	1999	rank	121	20
1RB0RC_0LA1LC_1RD1LC_0LB1RD	A	2	1280	count-lex	170	15
1RB0RC_0LA1RC_0RD1LC_1LB1RD	A	2	1280	count-lex	90	18
1RB0RC_0LA1RC_1LD0LC_0RB1LC	A	2	1999	rank	125	20
1RB0RC_0LA1RC_1LD0RC_0RB1LC	A	2	1999	count-lex	150	31
1RB0RC_0LA1RC_1LD0RC_1RB0LC	A	2	1280	rank	112	18
1RB0RC_0LA1RC_1LD1RC_0RB1LD	A	2	1280	count-lex	185	15
1RB0RC_0LB1LA_1LD1RC_0RC1LD	B	2	1280	count-lex	66	15
1RB0RC_0LB1LA_1RD1LC_0LC1RD	B	2	1280	count-lex	64	15
1RB0RC_0LB1LC_1LD1LC_1RA0LC	B	2	1999	count-lex	177	41
1RB0RC_0LB1RC_1LD1RC_0LC1RA	B	2	1280	rank	29	13
1RB0RC_0LC---_1LD1LC_1RA0LC	B	2	1999	count-lex	180	41
1RB0RC_0LC---_1LD1RC_0LC1RA	B	2	1280	rank	27	13
1RB0RC_0RC0RA_0LD1RC_1LB1LD	A	2	1280	count-lex	102	19
1RB0RC_0RC1LA_0LD1RC_1LB1LD	A	2	1280	count-lex	188	19
1RB0RC_0RC1LB_1LD1RC_0LA1LB	A	2	1280	count-lex	138	21
1RB0RC_0RC1LB_1LD1RC_1LA1LB	A	2	1280	count-lex	155	15
1RB0RC_1LA---_0LD1RC_1RC1LD	B	2	1280	count-lex	71	15
1RB0RC_1LA---_0RD1LC_1LC1RD	B	2	1280	count-lex	62	15
1RB0RC_1LA---_1LD0RD_1RC0LC	B	3	1280	rank	80	14
1RB0RC_1LA---_1LD1RC_0LC1RA	B	2	1999	rank	55	13
1RB0RC_1LA---_1LD1RC_0RC1LD	B	2	1280	count-lex	55	15
1RB0RC_1LA---_1RD0LD_1LC0RC	B	3	1280	rank	75	14
1RB0RC_1LA---_1RD1LC_0LC1RD	B	2	1280	count-lex	68	15
1RB0RC_1LA0LC_1RD1LC_0RC1LB	A	2	1999	rank	93	13
1RB0RC_1LA0RC_1LD1RC_0LC1RB	A	2	1999	rank	90	13
1RB0RC_1LA0RD_0RD0RB_1LD1RC	A	3	1536	rank	113	15
1RB0RC_1LA1LC_0LD1RC_1RB1LD	A	2	1280	count-lex	192	18
1RB0RC_1LA1LC_0RD1LC_1LB1RD	A	2	1280	count-lex	127	15
1RB0RC_1LA1LC_1RD0LC_0LB1RC	A	2	1280	count-lex	94	31
1RB0RC_1LA1LC_1RD0LC_1LB0RC	A	2	1999	rank	107	18
1RB0RC_1LA1LC_1RD0RC_0LB1RC	A	2	1280	rank	107	20
1RB0RC_1LA1LC_1RD1LC_0LB1RD	A	2	1280	count-lex	200	15
1RB0RC_1LA1LD_0LB1RC_1RC1LD	A	2	1280	count-lex	213	15
1RB0RC_1LA1LD_1LB0RD_1RC0LD	A	2	1999	rank	102	18
1RB0RC_1LA1LD_1LB1RC_0RC1LD	A	2	1280	count-lex	98	15
1RB0RC_1LA1RC_0LD1RC_1RB1LD	A	2	1280	count-lex	123	15
1RB0RC_1LA1RC_0RD1LC_1LB1RD	A	2	1280	count-lex	193	18
1RB0RC_1LA1RC_1LD0LC_0RB1LC	A	2	1280	rank	112	20
1RB0RC_1LA1RC_1LD0RC_0RB1LC	A	2	1280	count-lex	91	31
1RB0RC_1LA1RC_1LD0RC_1RB0LC	A	2	1999	rank	104	18
1RB0RC_1LA1RC_1LD1RC_0RB1LD	A	2	1280	count-lex	173	15
1RB0RC_1LA1RD_0RB1LC_1LC1RD	A	2	1280	count-lex	178	15
1RB0RC_1LA1RD_1RB0LD_1LC0RD	A	2	1999	rank	122	18
1RB0RC_1LA1RD_1RB1LC_0LC1RD	A	2	1280	count-lex	104	15
1RB0RC_1LB0RA_1LD0RD_1RC0LC	B	3	1280	rank	77	14
1RB0RC_1LB0RA_1LD1RC_0RC1LD	B	2	1280	count-lex	72	15
1RB0RC_1LB0RA_1RD0LD_1LC0RC	B	3	1280	rank	91	14
1RB0RC_1LB0RA_1RD1LC_0LC1RD	B	2	1280	count-lex	72	15
1RB0RC_1LB0RC_1LD1RC_0LC1RA	B	2	1999	rank	59	13
1RB0RC_1LB1LA_0LD0RC_1RC1LD	B	2	1536	count-lex	157	40
1RB0RC_1LB1LA_0LD1RC_1RC1LD	B	2	1280	count-lex	67	15
1RB0RC_1LB1LA_0RD1LC_1LC1RD	B	2	1280	count-lex	69	15
1RB0RC_1LB1LA_1LD1RC_0RC1LD	B	2	1280	count-lex	41	15
1RB0RC_1LB1LA_1RD0LD_1LC0RC	B	3	1280	rank	73	14
1RB0RC_1LB1LA_1RD1LC_0LC1RD	B	2	1280	count-lex	42	15
1RB0RC_1LB1LC_1LD1LC_1RA0LC	B	2	1999	count-lex	196	41
1RB0RC_1LB1LC_1RD0LC_1RB1RA	A	2	1280	rank	115	20
1RB0RC_1LB1RA_0LD1RC_1RC1LD	B	2	1280	count-lex	56	15
1RB0RC_1LB1RA_1LC1RD_1RC0RC	B	2	1536	rank	57	15
1RB0RC_1LB1RA_1LD0LD_1RD1LC	B	2	1536	rank	55	15
1RB0RC_1LB1RA_1LD1RC_0RC1LD	B	2	1280	count-lex	82	21
1RB0RC_1LB1RA_1RD0LD_1LC0RC	B	3	1280	rank	65	14
1RB0RC_1LB1RC_1LD1RC_0LC1RA	B	2	1999	rank	60	20
1RB0RC_1LC---_1LD1LC_1RA0LC	B	2	1999	count-lex	192	41
1RB0RC_1LC---_1LD1RC_0LC1RA	B	2	1999	rank	60	20
1RB0RC_1LC0LD_1LD0RA_1RD1LB	A	2	1280	rank	130	16
1RB0RC_1LC0RD_0LD1RA_0RB1RD	A	2	1280	count-lex	105	41
1RB0RC_1LC1LB_0RD0RA_0LB1RD	A	2	1280	count-lex	100	19
1RB0RC_1RC---_1LD0LC_1RA0LC	B	2	1280	count-lex	45	28
1RB0RC_1RC---_1LD1RC_0LC1RA	B	2	1999	rank	54	20
1RB0RC_1RC---_1LD1RC_1LC1RA	B	2	1999	rank	97	13
1RB0RC_1RC---_1LD1RC_1LD1RA	B	2	1999	rank	91	14
1RB0RC_1RC0LD_1LA1RD_1LB0RD	A	2	1999	rank	103	20
1RB0RC_1RC1LB_1LA1LD_0LB1RD	A	2	1280	count-lex	272	24
1RB0RD_0LB1LC_1RA0LC_0LD0LC	D	2	1280	rank	93	15
1RB0RD_0LB1LC_1RA0LC_0LD0RC	D	2	1280	rank	92	15
1RB0RD_0LB1LC_1RA0LC_1LD0LC	D	2	1280	rank	83	20
1RB0RD_0LB1LC_1RA0LC_1RC---	D	2	1280	rank	92	15
1RB0RD_0LB1RC_0LD1RA_1LC1RD	B	2	1280	rank	39	13
1RB0RD_0RC---_0LD1RA_1LC1RD	B	2	1280	rank	27	13
1RB0RD_0RC---_0RD0RA_1LD1RC	B	3	1280	rank	25	15
1RB0RD_0RC0RA_0LD1RC_1LB1LD	A	2	1280	count-lex	105	19
1RB0RD_0RC1LB_1LD1RC_0LA1RB	A	2	1280	count-lex	94	24
1RB0RD_0RC1LB_1LD1RC_1LA1LB	A	2	1280	count-lex	100	15
1RB0RD_1LB1LC_1RA0LC_0LC0RD	D	2	1280	rank	95	20
1RB0RD_1LB1LC_1RA0LC_0RC0LD	D	2	1280	rank	211	20
1RB0RD_1LB1LC_1RA0LC_0RC0RD	D	2	1280	rank	159	20
1RB0RD_1LC1LB_0RD0RA_0LB1RD	A	2	1280	count-lex	99	19
1RB0RD_1RC---_0LD1RA_1LC1RD	B	2	1999	rank	76	20
1RB0RD_1RC---_1LC1RA_1LC1RD	B	2	1999	rank	112	14
1RB0RD_1RC0LD_0LA1RD_1LB0RD	A	2	1999	rank	168	18
1RB0RD_1RC0LD_1LA1RD_1LB0RD	A	2	1280	rank	105	20
1RB1LA_0LA0LC_1LD1RC_0RC1LD	B	2	1280	count-lex	76	15
1RB1LA_0LA0LC_1RC1LD_0LC0LB	A	3	1536	rank	128	15
1RB1LA_0LA0LC_1RD1LC_0LC1RD	B	2	1280	count-lex	75	15
1RB1LA_0LA0RC_0LD1RC_1RC1LD	B	2	1280	count-lex	74	15
1RB1LA_0LA0RC_1LD1RC_0LC1RB	A	2	1999	rank	110	13
1RB1LA_0LA0RC_1LD1RC_1LC1RB	A	2	1999	rank	141	13
1RB1LA_0LA0RC_1LD1RC_1LD1RB	A	2	1999	rank	130	10
1RB1LA_0LA0RC_1RD0LD_1LC0RC	B	3	1280	rank	76	14
1RB1LA_0LA0RC_1RD1LC_0LC1RD	B	2	1280	count-lex	43	15
1RB1LA_0LA1LC_0LD1RC_1RC1LD	B	2	1280	count-lex	64	15
1RB1LA_0LA1LC_0RD1LC_1LB1RD	A	2	1280	count-lex	98	15
1RB1LA_0LA1LC_0RD1LC_1LC1RD	B	2	1280	count-lex	56	15
1RB1LA_0LA1LC_1LD1RC_0RC1LD	B	2	1280	count-lex	44	15
1RB1LA_0LA1LC_1RD0LD_1LC0RC	B	3	1280	rank	77	14
1RB1LA_0LA1RC_0LD1RC_1RB1LD	A	2	1280	count-lex	139	15
1RB1LA_0LA1RC_0LD1RC_1RC1LD	B	2	1280	count-lex	45	15
1RB1LA_0LA1RC_1LD0RC_1RB0LC	A	2	1999	rank	105	18
1RB1LA_0LA1RC_1LD0RC_1RB1LB	A	2	1999	rank	121	10
1RB1LA_0LA1RC_1RD0LD_1LC0RC	B	3	1280	rank	72	14
1RB1LA_0LC0RB_1LA0LD_1LC---	D	2	1280	count-lex	152	34
1RB1LA_0LC0RB_1LA0RD_1LC---	D	2	1280	count-lex	137	34
1RB1LA_0LC0RB_1LA1LD_1LA---	D	2	1280	count-lex	121	34
1RB1LA_0LC0RB_1LA1LD_1LB---	D	2	1280	count-lex	192	48
1RB1LA_0LC0RB_1LA1RD_1LA---	D	2	1280	count-lex	152	34
1RB1LA_0LC0RB_1LA1RD_1LD1LA	D	2	1280	count-lex	150	34
1RB1LA_0LC1LD_---1RD_0LA1RD	C	2	1280	count-lex	108	18
1RB1LA_0LC1LD_0LA1RC_0LA1RD	C	2	1280	count-lex	104	18
1RB1LA_0LC1LD_0LD1RC_0LA1RD	C	2	1280	count-lex	150	18
1RB1LA_0LC1LD_0RA1LB_0LA1RD	C	2	1280	count-lex	104	18
1RB1LA_0LC1LD_0RA1LC_0LA1RD	C	2	1280	count-lex	100	18
1RB1LA_0LC1LD_0RD1LC_0LA1RD	C	2	1280	count-lex	143	18
1RB1LA_0LC1LD_1LA0LB_0LA1RD	C	2	1280	count-lex	98	18
1RB1LA_0LC1LD_1LA0RB_0LA1RD	C	2	1280	count-lex	101	18
1RB1LA_0LC1LD_1LA1LB_0LA1RD	C	2	1280	count-lex	128	24
1RB1LA_0LC1LD_1RD0LB_0LA1RD	C	2	1280	count-lex	144	18
1RB1LA_0LC1LD_1RD0LC_0LA1RD	C	2	1280	count-lex	114	18
1RB1LA_0LC1LD_1RD0RB_0LA1RD	C	2	1280	count-lex	148	18
1RB1LA_0LC1LD_1RD0RC_0LA1RD	C	2	1280	count-lex	109	18
1RB1LA_0LC1LD_1RD1LB_0LA1RD	C	2	1280	count-lex	170	24
1RB1LA_0LC1RD_---1LA_0LA1RD	C	2	1280	count-lex	54	15
1RB1LA_0LC1RD_---1RD_0LA1RD	C	2	1280	count-lex	66	15
1RB1LA_0LC1RD_0LA1RC_0LA1RD	C	2	1280	count-lex	65	15
1RB1LA_0LC1RD_0LB1RC_0LA1RD	C	2	1280	count-lex	73	15
1RB1LA_0LC1RD_0LB1RC_1LA0RD	C	2	1280	count-lex	63	32
1RB1LA_0LC1RD_0LD1LB_1LA0RD	C	2	1999	count-lex	123	32
1RB1LA_0LC1RD_0LD1RC_0LA1RD	C	2	1280	count-lex	76	15
1RB1LA_0LC1RD_0RA1LB_0LA1RD	C	2	1280	count-lex	64	15
1RB1LA_0LC1RD_0RA1LC_0LA1RD	C	2	1280	count-lex	64	15
1RB1LA_0LC1RD_0RB1LC_0LA1RD	C	2	1280	count-lex	73	15
1RB1LA_0LC1RD_0RB1LC_1LA0RD	C	2	1280	count-lex	63	32
1RB1LA_0LC1RD_0RD1LB_1LA0RD	C	2	1999	count-lex	134	32
1RB1LA_0LC1RD_0RD1LC_0LA1RD	C	2	1280	count-lex	73	15
1RB1LA_0LC1RD_1LA0LB_0LA1RD	C	2	1280	count-lex	66	15
1RB1LA_0LC1RD_1LA0LC_0LA1RD	C	2	1280	count-lex	61	15
1RB1LA_0LC1RD_1LA0RB_0LA1RD	C	2	1280	count-lex	63	15
1RB1LA_0LC1RD_1LA0RC_0LA1RD	C	2	1280	count-lex	60	15
1RB1LA_0LC1RD_1LA1LB_0LA1RD	C	2	1280	count-lex	79	21
1RB1LA_0LC1RD_1LB1RC_0LA1RD	C	2	1280	count-lex	62	15
1RB1LA_0LC1RD_1LD0LB_1LA0RD	C	2	1999	count-lex	130	32
1RB1LA_0LC1RD_1LD0RB_1LA0RD	C	2	1999	count-lex	131	32
1RB1LA_0LC1RD_1LD1RC_0LA1RD	C	2	1280	count-lex	63	15
1RB1LA_0LC1RD_1RA1LC_1LA0RD	C	2	1999	count-lex	131	32
1RB1LA_0LC1RD_1RB1LC_0LA1RD	C	2	1280	count-lex	48	15
1RB1LA_0LC1RD_1RC1LB_1LA0RD	C	2	1999	count-lex	130	32
1RB1LA_0LC1RD_1RD0LB_0LA1RD	C	2	1280	count-lex	72	15
1RB1LA_0LC1RD_1RD0LB_1LA0RD	C	2	1280	count-lex	63	32
1RB1LA_0LC1RD_1RD0LC_0LA1RD	C	2	1280	count-lex	69	15
1RB1LA_0LC1RD_1RD0LC_1LA0RD	C	2	1999	count-lex	132	32
1RB1LA_0LC1RD_1RD0RB_0LA1RD	C	2	1280	count-lex	74	15
1RB1LA_0LC1RD_1RD0RB_1LA0RD	C	2	1280	count-lex	66	32
1RB1LA_0LC1RD_1RD0RC_0LA1RD	C	2	1280	count-lex	70	15
1RB1LA_0LC1RD_1RD0RC_1LA0RD	C	2	1999	count-lex	133	32
1RB1LA_0LC1RD_1RD1LB_0LA1RD	C	2	1280	count-lex	94	21
1RB1LA_0LC1RD_1RD1LC_0LA1RD	C	2	1280	count-lex	54	15
1RB1LA_0LC1RD_1RD1RC_0LA1RD	C	2	1280	count-lex	106	15
1RB1LA_0RC1LD_0LC1LA_0LA1RD	C	2	1280	count-lex	105	18
1RB1LA_0RC1LD_0LC1LD_0LA1RD	C	2	1280	count-lex	95	24
1RB1LA_0RC1LD_0LC1RD_0LA1RD	C	2	1280	count-lex	147	18
1RB1LA_0RC1LD_0LD---_0LA1RD	C	2	1280	count-lex	104	18
1RB1LA_0RC1LD_1LB0LD_0LA1RD	C	2	1280	count-lex	147	18
1RB1LA_0RC1LD_1LB1LD_0LA1RD	C	2	1280	count-lex	175	24
1RB1LA_0RC1LD_1LB1RC_0LA1RD	C	2	1280	count-lex	108	24
1RB1LA_0RC1LD_1LC0LA_0LA1RD	C	2	1280	count-lex	105	24
1RB1LA_0RC1LD_1LC1LD_0LA1RD	C	2	1280	count-lex	117	24
1RB1LA_0RC1LD_1LD---_0LA1RD	C	2	1280	count-lex	132	24
1RB1LA_0RC1RD_0LC1LA_0LA1RD	C	2	1280	count-lex	67	15
1RB1LA_0RC1RD_0LC1LD_1LA0RD	C	2	1999	count-lex	129	32
1RB1LA_0RC1RD_0LC1RD_0LA1RD	C	2	1280	count-lex	85	15
1RB1LA_0RC1RD_0LC1RD_1LA0RD	C	2	1280	count-lex	69	32
1RB1LA_0RC1RD_0LD---_0LA1RD	C	2	1280	count-lex	66	15
1RB1LA_0RC1RD_1LA---_1LA0RD	C	2	1280	count-lex	81	32
1RB1LA_0RC1RD_1LB0LC_0LA1RD	C	2	1280	count-lex	72	15
1RB1LA_0RC1RD_1LB0LD_0LA1RD	C	2	1280	count-lex	83	15
1RB1LA_0RC1RD_1LB0LD_1LA0RD	C	2	1280	count-lex	69	32
1RB1LA_0RC1RD_1LB1LD_0LA1RD	C	2	1280	count-lex	101	21
1RB1LA_0RC1RD_1LC0RA_1LA0RD	C	2	1999	count-lex	128	32
1RB1LA_0RC1RD_1LC0RB_0LA1RD	C	2	1280	count-lex	68	15
1RB1LA_0RC1RD_1LC0RD_0LA1RD	C	2	1280	count-lex	66	15
1RB1LA_0RC1RD_1LD---_0LA1RD	C	2	1280	count-lex	78	21
1RB1LA_0RC1RD_1RD---_1LA0RD	C	2	1280	count-lex	65	32
1RB1LA_1LA0LC_0RD1LC_1LC1RD	B	2	1280	count-lex	41	15
1RB1LA_1LA0LC_1LD0LD_1RD1LC	B	2	1536	rank	57	15
1RB1LA_1LA0LC_1LD0RD_1RC0LC	B	3	1280	rank	94	14
1RB1LA_1LA0LC_1RC1LD_0LC0LB	A	3	1536	rank	126	21
1RB1LA_1LA0LC_1RD1LC_0LC1RD	B	2	1280	count-lex	77	21
1RB1LA_1LA0RC_0LD1RC_1RC1LD	B	2	1280	count-lex	47	15
1RB1LA_1LA0RC_1LC1RD_0RC0RB	A	3	1536	rank	129	21
1RB1LA_1LA0RC_1LD1RC_0RC1LD	B	2	1280	count-lex	77	21
1RB1LA_1LA0RC_1RD0LD_1LC0RC	B	3	1280	rank	92	14
1RB1LA_1LA0RC_1RD0RD_1LD1RC	B	2	1536	rank	56	15
1RB1LA_1LA1LC_0LD0RC_1RC1LD	B	2	1536	count-lex	129	40
1RB1LA_1LA1LC_1LD0RD_1RC0LC	B	3	1280	rank	73	14
1RB1LA_1LA1RC_0RD0LC_1LC1RD	B	2	1536	count-lex	130	40
1RB1LA_1LA1RC_1RD0LD_1LC0RC	B	3	1280	rank	73	14
1RB1LA_1LC0RB_0LD0RA_1RD0RB	A	2	1999	count-lex	150	35
1RB1LA_1LC0RB_1LD1RA_0RD1RB	A	2	1280	rank	99	15
1RB1LA_1LC0RB_1RD1LD_1RA1RB	A	2	1999	rank	117	10
1RB1LA_1LC1LD_---0RD_0LA1RD	C	2	1280	count-lex	115	18
1RB1LA_1LC1LD_0RA0LB_0LA1RD	C	2	1280	count-lex	132	24
1RB1LA_1LC1LD_0RD0LB_0LA1RD	C	2	1280	count-lex	78	24
1RB1LA_1LC1LD_1LA0RC_0LA1RD	C	2	1280	count-lex	101	18
1RB1LA_1LC1LD_1RD0LC_0LA1RD	C	2	1280	count-lex	130	24
1RB1LA_1LC1LD_1RD0RC_0LA1RD	C	2	1280	count-lex	144	18
1RB1LA_1LC1RD_---0LD_1LA0RD	C	2	1280	count-lex	76	32
1RB1LA_1LC1RD_---0RA_0LA1RD	C	2	1280	count-lex	62	15
1RB1LA_1LC1RD_---0RB_0LA1RD	C	2	1280	count-lex	70	15
1RB1LA_1LC1RD_---0RB_1LA0RD	C	2	1999	count-lex	130	32
1RB1LA_1LC1RD_---0RD_0LA1RD	C	2	1280	count-lex	78	15
1RB1LA_1LC1RD_---1RB_0LA1RD	C	2	1280	count-lex	98	15
1RB1LA_1LC1RD_---1RD_0LA1RD	C	2	1280	count-lex	97	15
1RB1LA_1LC1RD_0LA1RC_0LA1RD	C	2	1280	count-lex	95	15
1RB1LA_1LC1RD_0LA1RC_1LA0RD	C	2	1280	count-lex	62	32
1RB1LA_1LC1RD_0LB1RC_0LA1RD	C	2	1280	count-lex	60	15
1RB1LA_1LC1RD_0LD0LB_1LA0RD	C	2	1280	count-lex	82	32
1RB1LA_1LC1RD_0LD1RC_0LA1RD	C	2	1280	count-lex	61	15
1RB1LA_1LC1RD_0RA0LB_0LA1RD	C	2	1280	count-lex	87	21
1RB1LA_1LC1RD_0RA0LC_0LA1RD	C	2	1280	count-lex	64	15
1RB1LA_1LC1RD_0RB0LC_0LA1RD	C	2	1280	count-lex	75	15
1RB1LA_1LC1RD_0RB1LC_0LA1RD	C	2	1280	count-lex	61	15
1RB1LA_1LC1RD_0RD0LB_1LA0RD	C	2	1280	count-lex	65	32
1RB1LA_1LC1RD_0RD1LC_0LA1RD	C	2	1280	count-lex	61	15
1RB1LA_1LC1RD_0RD1RC_1LA0LD	C	2	1280	rank	46	21
1RB1LA_1LC1RD_1LA0LC_0LA1RD	C	2	1280	count-lex	74	21
1RB1LA_1LC1RD_1LA0LC_1LA0RD	C	2	1280	count-lex	76	32
1RB1LA_1LC1RD_1LA0RC_0LA1RD	C	2	1280	count-lex	68	15
1RB1LA_1LC1RD_1LA1LB_1LA0LD	C	2	1536	rank	65	21
1RB1LA_1LC1RD_1LD0RC_1LA0RD	C	2	1999	count-lex	134	32
1RB1LA_1LC1RD_1LD1LC_1LA0LD	C	2	1536	rank	65	21
1RB1LA_1LC1RD_1RA0LB_0LA1RD	C	2	1280	count-lex	127	21
1RB1LA_1LC1RD_1RB0LB_0LA1RD	C	2	1280	count-lex	75	21
1RB1LA_1LC1RD_1RB0LB_1LA0RD	C	2	1280	count-lex	75	32
1RB1LA_1LC1RD_1RC0LB_1LA0RD	C	2	1280	count-lex	63	32
1RB1LA_1LC1RD_1RD0LB_0LA1RD	C	2	1280	count-lex	73	21
1RB1LA_1LC1RD_1RD0LC_0LA1RD	C	2	1280	count-lex	107	21
1RB1LA_1LC1RD_1RD0RC_0LA1RD	C	2	1280	count-lex	72	15
1RB1LA_1LC1RD_1RD0RC_1LA0RD	C	2	1280	count-lex	64	32
1RB1LA_1LC1RD_1RD1LB_1LA0LD	C	2	1280	rank	43	21
1RB1LA_1LC1RD_1RD1RC_1LA0RD	C	2	1280	count-lex	76	32
1RB1LA_1RC0LD_0LA1RD_1LB0RD	A	2	1999	rank	96	18
1RB1LA_1RC0LD_1LA1RD_1LB0RD	A	2	1280	rank	101	20
1RB1LA_1RC1LB_1LA1RD_1LB0RD	A	2	1999	count-lex	151	32
1RB1LA_1RC1LB_1RD1LD_0LA0LB	A	2	1999	rank	131	14
1RB1LA_1RC1LB_1RD1LD_1LA0LB	A	2	1999	rank	133	14
1RB1LA_1RC1LC_0LA1RD_1LB0RD	A	2	1999	rank	114	10
1RB1LA_1RC1LC_0LD0LA_1LB1LB	D	2	1999	rank	118	14
1RB1LA_1RC1LC_1LD0LA_1LA0RB	D	2	1999	rank	123	14
1RB1LA_1RC1LC_1LD0LA_1LB0LB	D	2	1999	rank	123	14
1RB1LA_1RC1LC_1LD0LA_1LB1LB	D	2	1999	rank	120	14
1RB1LA_1RC1LD_0LC0LA_0LA1RD	C	2	1280	count-lex	97	18
1RB1LA_1RC1LD_0LC0LB_0LA1RD	C	2	1280	count-lex	65	18
1RB1LA_1RC1LD_0LC0LD_0LA1RD	C	2	1280	count-lex	144	18
1RB1LA_1RC1LD_1LC0LA_0LA1RD	C	2	1280	count-lex	128	24
1RB1LA_1RC1LD_1LC0LB_0LA1RD	C	2	1280	count-lex	81	24
1RB1LA_1RC1LD_1LC0LD_0LA1RD	C	2	1280	count-lex	165	24
1RB1LA_1RC1LD_1LC0RB_0LA1RD	C	2	1280	count-lex	167	24
1RB1LA_1RC1RD_0LB---_0LA1RD	C	2	1280	count-lex	96	15
1RB1LA_1RC1RD_0LC0LA_0LA1RD	C	2	1280	count-lex	70	15
1RB1LA_1RC1RD_0LC0LB_0LA1RD	C	2	1280	count-lex	82	15
1RB1LA_1RC1RD_0LC0LB_1LA0RD	C	2	1280	count-lex	63	32
1RB1LA_1RC1RD_0LC0LD_0LA1RD	C	2	1280	count-lex	75	15
1RB1LA_1RC1RD_0LC1LB_0LA1RD	C	2	1280	count-lex	63	15
1RB1LA_1RC1RD_0LC1LD_0LA1RD	C	2	1280	count-lex	61	15
1RB1LA_1RC1RD_0LC1RD_0LA1RD	C	2	1280	count-lex	98	15
1RB1LA_1RC1RD_0LD---_0LA1RD	C	2	1280	count-lex	108	15
1RB1LA_1RC1RD_1LC0LA_0LA1RD	C	2	1280	count-lex	75	21
1RB1LA_1RC1RD_1LC0LB_0LA1RD	C	2	1280	count-lex	97	21
1RB1LA_1RC1RD_1LC0LD_0LA1RD	C	2	1280	count-lex	88	21
1RB1LA_1RC1RD_1LC0LD_1LA0RD	C	2	1999	count-lex	131	32
1RB1LA_1RC1RD_1LC1RB_1LA0RD	C	2	1280	count-lex	76	32
1RB1LB_0LC0LD_1LA1RC_1RA1LD	C	2	1999	rank	93	14
1RB1LB_0LC1RD_---1LA_1LA0RD	C	2	1999	rank	93	10
1RB1LB_0LC1RD_0RA1RD_1LA0RD	C	2	1999	rank	103	14
1RB1LB_0LC1RD_0RC1RD_1LA0RD	C	2	1999	rank	105	14
1RB1LB_0LC1RD_1RA1RD_1LA0RD	C	2	1999	rank	103	14
1RB1LB_0LC1RD_1RB1LC_1LA0RD	C	2	1999	rank	94	10
1RB1LB_0LC1RD_1RC1RD_1LA0RD	C	2	1999	rank	110	14
1RB1LB_0RC0RA_0LD1RC_1LB1LD	A	2	1280	count-lex	95	19
1RB1LB_0RC1LB_1LD1RC_0RA1LB	A	2	1280	count-lex	98	21
1RB1LB_0RC1LB_1LD1RC_0RA1RB	A	2	1280	count-lex	265	24
1RB1LB_0RC1RD_0LC1RD_1LA0RD	C	2	1999	rank	102	14
1RB1LB_0RC1RD_0LD0LA_1LA0RD	C	2	1999	rank	97	10
1RB1LB_0RC1RD_0LD0LB_1LA0RD	C	2	1999	rank	92	10
1RB1LB_0RC1RD_0LD1LA_1LA0RD	C	2	1999	rank	102	14
1RB1LB_0RC1RD_0LD1LC_1LA0RD	C	2	1999	rank	98	10
1RB1LB_0RC1RD_0LD1RA_1LA0RD	C	2	1999	rank	102	14
1RB1LB_0RC1RD_0LD1RC_1LA0RD	C	2	1999	rank	111	14
1RB1LB_0RC1RD_1LA---_1LA0RD	C	2	1999	rank	103	14
1RB1LB_0RC1RD_1LB0LD_1LA0RD	C	2	1999	rank	98	10
1RB1LB_0RC1RD_1LB1RD_1LA0RD	C	2	1999	rank	111	14
1RB1LB_0RC1RD_1RD0LB_1LA0RD	C	2	1999	rank	149	14
1RB1LB_0RC1RD_1RD1LA_1LA0RD	C	2	1999	rank	101	14
1RB1LB_0RC1RD_1RD1LC_1LA0RD	C	2	1999	rank	116	14
1RB1LB_0RC1RD_1RD1LD_1LA0RD	C	2	1999	rank	116	14
1RB1LB_0RC1RD_1RD1RA_1LA0RD	C	2	1999	rank	110	14
1RB1LB_1LA0LC_0LD0RC_1RC1LD	B	2	1536	count-lex	276	64
1RB1LB_1LA0LC_1RD0LD_1LC0RC	B	3	1280	rank	97	14
1RB1LB_1LA0LC_1RD1LC_0LC1RD	B	2	1280	count-lex	138	21
1RB1LB_1LA0RC_0LD0RC_1RC1LD	B	2	1536	count-lex	61	40
1RB1LB_1LA0RC_0RD1LC_1LC1RD	B	2	1280	count-lex	70	21
1RB1LB_1LA0RC_1LC1RD_0RC0RB	A	3	1280	rank	132	29
1RB1LB_1LA0RC_1LD0LD_1RD1LC	B	2	1536	rank	54	15
1RB1LB_1LA0RC_1LD1LC_1RB0LC	A	2	1999	count-lex	222	41
1RB1LB_1LA0RC_1LD1RC_0RC1LD	B	2	1280	count-lex	55	21
1RB1LB_1LA0RC_1RC1LD_1LC0LC	B	2	1536	rank	60	15
1RB1LB_1LA0RC_1RD0LD_1LC0RC	B	3	1280	rank	67	14
1RB1LB_1LA1LC_1LD1RC_0RC0RB	A	2	1280	count-lex	117	25
1RB1LB_1LA1LC_1RD0LC_1LB1RD	A	2	1999	count-lex	160	32
1RB1LB_1LA1LC_1RD0LD_1LC0RC	B	3	1280	rank	75	14
1RB1LB_1LA1RC_1RC1LD_1LC0LC	B	2	1536	rank	55	15
1RB1LB_1LA1RC_1RD0LD_1LC0RC	B	3	1280	rank	95	14
1RB1LB_1LA1RC_1RD1LC_0LC0LB	A	2	1280	count-lex	103	25
1RB1LB_1LC0LD_0LD1LB_1RA1LD	C	2	1999	rank	102	14
1RB1LB_1LC0RB_1RD1LD_0RA1RB	A	2	1999	rank	190	14
1RB1LB_1LC0RD_0LD1RA_0RB1RD	A	2	1280	count-lex	105	41
1RB1LB_1LC1RD_0LD0LB_1LA0RD	C	2	1999	rank	221	14
1RB1LB_1LC1RD_0RD0LB_1LA0RD	C	2	1999	rank	102	14
1RB1LB_1LC1RD_1LA0RA_1LA0RD	C	2	1999	rank	193	14
1RB1LB_1LC1RD_1LA1LB_1LA0RD	C	2	1999	rank	107	14
1RB1LB_1LC1RD_1LD1LC_1LA0RD	C	2	1999	rank	211	14
1RB1LB_1LC1RD_1RA0RA_1LA0RD	C	2	1999	rank	204	10
1RB1LB_1LC1RD_1RA1LB_1LA0RD	C	2	1999	rank	181	10
1RB1LB_1LC1RD_1RC1LB_1LA0RD	C	2	1999	rank	183	10
1RB1LB_1LC1RD_1RD0LB_1LA0RD	C	2	1999	rank	212	14
1RB1LB_1LC1RD_1RD1RC_1LA0RD	C	2	1999	rank	163	14
1RB1LB_1RC1LB_0LD0RC_1LB1LA	A	2	1280	count-lex	283	34
1RB1LB_1RC1LC_0LA1RD_1LB0RD	A	2	1999	rank	257	14
1RB1LB_1RC1LD_0LA1RD_1LB0RD	A	2	1999	rank	243	14
1RB1LB_1RC1RD_1LC1RB_1LA0RD	C	2	1999	rank	112	14
1RB1LC_0LA---_0LD1RC_1RC1LD	B	2	1280	count-lex	161	21
1RB1LC_0LA---_0RD1LC_1LA1RD	B	2	1280	count-lex	130	15
1RB1LC_0LA---_0RD1LC_1LC1RD	B	2	1280	count-lex	120	15
1RB1LC_0LA---_1LD1RC_0RC1LD	B	2	1280	count-lex	42	15
1RB1LC_0LA---_1RD0LC_1LA1RA	B	2	1999	rank	84	10
1RB1LC_0LA---_1RD0LC_1LA1RC	B	2	1999	rank	137	14
1RB1LC_0LA---_1RD0LD_1LC0RC	B	3	1280	rank	68	14
1RB1LC_0LA---_1RD1LC_0LA1RD	B	2	1280	count-lex	72	15
1RB1LC_0LA---_1RD1LC_0LC1RD	B	2	1280	count-lex	82	15
1RB1LC_0LA0LA_0LD1RC_1RA1LD	B	2	1280	count-lex	91	18
1RB1LC_0LA0LC_1RD1LC_0RC1LB	A	2	1280	rank	86	13
1RB1LC_0LA0LD_0RD1LB_1RC1LD	A	2	1280	rank	187	13
1RB1LC_0LA0RA_0LD1RC_1RA1LD	B	2	1280	count-lex	111	24
1RB1LC_0LA0RC_1LD1LC_1RB0LC	A	2	1999	count-lex	321	41
1RB1LC_0LA1LC_0RD1LC_1LB1RD	A	2	1280	count-lex	137	15
1RB1LC_0LA1LC_1RD0LC_1LB1RC	A	2	1999	rank	213	14
1RB1LC_0LA1LC_1RD1LC_0LB1RD	A	2	1280	count-lex	397	15
1RB1LC_0LA1RC_0RD1LC_1LB1RD	A	2	1280	count-lex	241	18
1RB1LC_0LA1RC_1LD1RC_0RB1LD	A	2	1280	count-lex	319	15
1RB1LC_0LA1RD_0LD1RC_1RA1LD	B	2	1280	count-lex	152	18
1RB1LC_0LA1RD_0RB1LC_1LC0RD	A	2	1999	rank	219	12
1RB1LC_0LA1RD_0RB1LC_1LC1RD	A	2	1280	count-lex	311	15
1RB1LC_0LA1RD_1RB0LD_1LC0RD	A	2	1999	rank	193	18
1RB1LC_0LA1RD_1RB1LB_1LC0RD	A	2	1999	rank	112	10
1RB1LC_0LA1RD_1RB1LC_0LC1RD	A	2	1280	count-lex	127	15
1RB1LC_0LB0LC_0LD1RC_1RA1LD	B	2	1280	count-lex	69	18
1RB1LC_0LB0LC_1RD0LC_0LA1RC	B	2	1999	count-lex	160	31
1RB1LC_0LB0LC_1RD0LC_1LA0RC	B	2	1280	rank	69	18
1RB1LC_0LB0LC_1RD0RC_0LA1RC	B	2	1999	rank	144	20
1RB1LC_0LB0LC_1RD1LC_0LA1RD	B	2	1280	count-lex	62	15
1RB1LC_0LB0RC_1RD0LC_0LA1RC	B	2	1999	count-lex	78	31
1RB1LC_0LB0RC_1RD0LC_1LA0RC	B	2	1280	rank	35	18
1RB1LC_0LB0RC_1RD0RC_0LA1RC	B	2	1999	rank	78	20
1RB1LC_0LB0RC_1RD1LC_0LA1RD	B	2	1280	count-lex	87	15
1RB1LC_0LB1LA_0LD0RC_1RC1LD	B	2	1536	count-lex	552	64
1RB1LC_0LB1LA_0RD1LC_1LA1RD	B	2	1280	count-lex	110	15
1RB1LC_0LB1LA_0RD1LC_1LC1RD	B	2	1280	count-lex	109	15
1RB1LC_0LB1LA_1LD0RD_1RC0LC	B	3	1280	rank	151	14
1RB1LC_0LB1LA_1RD0LC_1LA0RC	B	2	1280	rank	34	18
1RB1LC_0LB1LC_0RD1LC_1LA1RD	B	2	1280	count-lex	108	15
1RB1LC_0LB1LC_1RD0LC_1LA1RA	B	2	1999	rank	154	10
1RB1LC_0LB1LC_1RD0LC_1LA1RC	B	2	1999	rank	117	14
1RB1LC_0LB1LC_1RD1LC_0LA1RD	B	2	1280	count-lex	56	15
1RB1LC_0LB1RC_0LD1RC_1RA1LD	B	2	1280	count-lex	41	18
1RB1LC_0LB1RC_1RD1LC_0LA1RD	B	2	1280	count-lex	45	15
1RB1LC_0LC---_0LD1RC_1RA1LD	B	2	1280	count-lex	89	18
1RB1LC_0LC---_0RD1LC_1LA1RD	B	2	1280	count-lex	122	15
1RB1LC_0LC---_1RD0LC_0LA1RC	B	2	1999	count-lex	167	31
1RB1LC_0LC---_1RD0LC_1LA0RC	B	2	1280	rank	73	18
1RB1LC_0LC---_1RD0RC_0LA1RC	B	2	1999	rank	160	20
1RB1LC_0LC---_1RD1LC_0LA1RD	B	2	1280	count-lex	87	15
1RB1LC_0RC---_1RD0LC_0LA1RC	B	2	1999	count-lex	200	31
1RB1LC_0RC---_1RD0LC_1LA0RC	B	2	1280	rank	86	20
1RB1LC_0RC---_1RD0LC_1LA1RD	B	2	1999	count-lex	184	32
1RB1LC_0RC0LD_0RD1LC_1LA1RD	B	2	1280	count-lex	167	21
1RB1LC_0RC0RA_0LD1RC_1LB1LD	A	2	1280	count-lex	196	26
1RB1LC_0RC1LA_0RD1LC_1LA1RD	B	2	1280	count-lex	146	21
1RB1LC_0RC1LB_0RD1LC_1LA1RD	B	2	1280	count-lex	157	21
1RB1LC_0RC1LC_0RD1LC_1LA1RD	B	2	1280	count-lex	104	21
1RB1LC_0RC1LD_0RD1LC_1LA1RD	B	2	1280	count-lex	55	21
1RB1LC_1LA---_0LD1RC_1RC1LD	B	2	1280	count-lex	91	21
1RB1LC_1LA---_1LD0RD_1RC0LC	B	3	1280	rank	65	14
1RB1LC_1LA---_1RD0LC_0LA1RD	B	2	1999	rank	186	12
1RB1LC_1LA---_1RD0LD_1LC0RC	B	3	1280	rank	189	14
1RB1LC_1LA0LA_0LD1RC_1RA1LD	B	2	1280	count-lex	106	24
1RB1LC_1LA0LC_1RC1LD_0LC0LB	A	3	1280	rank	275	20
1RB1LC_1LA0LC_1RD1LC_0RC1LB	A	2	1280	rank	96	20
1RB1LC_1LA0LD_0RD1LB_1RC1LD	A	2	1280	rank	217	20
1RB1LC_1LA0RC_1LD1LC_1RB0LC	A	2	1999	count-lex	277	41
1RB1LC_1LA0RD_1LB1RB_1LC1RD	A	2	1999	rank	251	14
1RB1LC_1LA1LC_1RD0LC_0LB1RD	A	2	1999	rank	122	12
1RB1LC_1LA1LD_0LB1RC_1RC1LD	A	2	1280	count-lex	463	21
1RB1LC_1LA1LD_0LB1RD_1RC0LD	A	2	1280	count-lex	214	31
1RB1LC_1LA1RB_0LD1RC_1RA1LD	B	2	1280	count-lex	155	18
1RB1LC_1LA1RD_1LB1RC_0RC1LD	A	2	1280	count-lex	354	18
1RB1LC_1LB0LC_0LD1RC_1RA1LD	B	2	1280	count-lex	196	24
1RB1LC_1LB0LC_0RD1LC_1LA1RD	B	2	1280	count-lex	119	15
1RB1LC_1LB0LC_1RD0LC_1LA0RC	B	2	1280	rank	72	18
1RB1LC_1LB0LC_1RD1LC_0LA1RD	B	2	1280	count-lex	165	21
1RB1LC_1LB0RA_0RD1LC_1LA1RD	B	2	1280	count-lex	129	15
1RB1LC_1LB0RA_0RD1LC_1LC1RD	B	2	1280	count-lex	129	15
1RB1LC_1LB0RA_1LD1RC_0RC1LD	B	2	1280	count-lex	83	15
1RB1LC_1LB0RA_1RD0LC_1LA1RD	B	2	1999	count-lex	175	32
1RB1LC_1LB0RA_1RD0LD_1LC0RC	B	3	1280	rank	145	14
1RB1LC_1LB0RA_1RD1LC_0LA1RD	B	2	1280	count-lex	111	15
1RB1LC_1LB0RA_1RD1LC_0LC1RD	B	2	1280	count-lex	111	15
1RB1LC_1LB0RC_0LD1RC_1RA1LD	B	2	1280	count-lex	110	18
1RB1LC_1LB0RC_0RD1LC_1LA1RD	B	2	1280	count-lex	132	15
1RB1LC_1LB0RC_1RD0LC_0LA1RC	B	2	1280	count-lex	72	31
1RB1LC_1LB0RC_1RD0LC_1LA0RC	B	2	1999	rank	121	18
1RB1LC_1LB0RC_1RD0RC_0LA1RC	B	2	1280	rank	80	20
1RB1LC_1LB0RC_1RD1LC_0LA1RD	B	2	1280	count-lex	117	15
1RB1LC_1LB1LA_0LD0RC_1RC1LD	B	2	1536	count-lex	557	64
1RB1LC_1LB1LA_1LD1RC_0RC0RA	B	2	1280	count-lex	139	25
1RB1LC_1LB1LA_1RD0LC_1LA0RC	B	2	1280	rank	67	18
1RB1LC_1LB1LA_1RD0LD_1LC0RC	B	3	1280	rank	130	14
1RB1LC_1LB1LC_1RD0LC_0LA1RD	B	2	1999	rank	179	12
1RB1LC_1LB1RA_0LD1RC_1RC1LD	B	2	1280	count-lex	102	15
1RB1LC_1LB1RA_0RD1LC_1LA1RD	B	2	1280	count-lex	87	15
1RB1LC_1LB1RA_0RD1LC_1LC1RD	B	2	1280	count-lex	82	15
1RB1LC_1LB1RA_1RD0LC_1LA0RC	B	2	1280	rank	100	18
1RB1LC_1LB1RA_1RD0LD_1LC0RC	B	3	1280	rank	147	14
1RB1LC_1LB1RC_0RD1LC_1LA1RD	B	2	1280	count-lex	85	15
1RB1LC_1LB1RC_1RD0LC_1LA0RC	B	2	1280	rank	99	18
1RB1LC_1LC---_1RD0LC_1LA0RC	B	2	1280	rank	71	18
1RB1LC_1LC---_1RD0RC_0LA1RC	B	2	1280	rank	84	20
1RB1LC_1LC0LD_1LD0RA_1RD1LB	A	2	1280	rank	282	16
1RB1LC_1LC0RB_1LD0RA_0RD1RB	A	2	1280	rank	173	15
1RB1LC_1LC1LB_0RD0RA_0LB1RD	A	2	1280	count-lex	409	19
1RB1LC_1RC1LB_0LA1RD_0LB1RD	A	2	1280	count-lex	198	15
1RB1LC_1RC1LB_1LA1LD_0LB1RD	A	2	1280	count-lex	551	18
1RB1LD_0LB0LC_1LA1RC_0RC1LD	B	2	1280	count-lex	146	15
1RB1LD_0LB0LC_1RA1LC_0LC1RD	B	2	1280	count-lex	116	18
1RB1LD_0LB1LC_1RA0LC_---1RB	D	2	1280	rank	147	15
1RB1LD_0LB1LC_1RA0LC_---1RC	D	2	1280	rank	199	15
1RB1LD_0LB1LC_1RA0LC_0LC0RA	D	2	1280	rank	139	15
1RB1LD_0LB1LC_1RA0LC_0LC0RD	D	2	1280	rank	191	15
1RB1LD_0LB1LC_1RA0LC_0RC0RD	D	2	1280	rank	187	15
1RB1LD_0LB1LC_1RA0LC_0RC1LD	D	2	1280	rank	142	15
1RB1LD_0LB1LC_1RA0LC_1RC0LD	D	2	1280	rank	182	15
1RB1LD_0LB1RC_0LA1RC_1RC0LD	B	2	1999	rank	128	12
1RB1LD_0LB1RC_0LA1RC_1RC1LD	B	2	1280	count-lex	100	15
1RB1LD_0LB1RC_1LA0RD_1RC0LD	B	2	1999	rank	120	18
1RB1LD_0LB1RC_1LA1RA_1RC0LD	B	2	1999	rank	192	10
1RB1LD_0LB1RC_1LA1RC_0RC1LD	B	2	1280	count-lex	65	15
1RB1LD_0LC---_0LA1RC_1RC0LD	B	2	1999	rank	167	12
1RB1LD_0LC---_0LA1RC_1RC1LD	B	2	1280	count-lex	114	15
1RB1LD_0LC---_1LA0RD_1RC0LD	B	2	1280	rank	72	18
1RB1LD_0LC---_1LA1RC_0RC1LD	B	2	1280	count-lex	81	15
1RB1LD_0LC1RD_---1RD_1LA0RD	C	2	1999	rank	294	14
1RB1LD_0LC1RD_1LA1RC_1LA0RD	C	2	1999	rank	209	14
1RB1LD_0RC0LA_1LA1RC_0RC1LD	B	2	1280	count-lex	120	15
1RB1LD_0RC0LC_1LA1RC_1RC0LD	B	2	1999	count-lex	164	32
1RB1LD_0RC0LD_1LA1RC_0RC1LD	B	2	1280	count-lex	114	15
1RB1LD_0RC0RA_0LD1RC_1LB1LD	A	2	1280	count-lex	364	19
1RB1LD_0RC1LB_1LD1RC_0LA1LB	A	2	1280	count-lex	313	21
1RB1LD_0RC1LB_1LD1RC_1LA1RB	A	2	1280	count-lex	444	18
1RB1LD_0RC1RD_0LD---_1LA0RD	C	2	1999	rank	220	14
1RB1LD_0RC1RD_1LA---_1LA0RD	C	2	1999	rank	204	10
1RB1LD_1LB0RC_0LA1RC_1RC1LD	B	2	1280	count-lex	128	15
1RB1LD_1LB0RC_1LA0RD_1RC0LD	B	2	1999	rank	136	18
1RB1LD_1LB0RC_1LA1RC_0RC1LD	B	2	1280	count-lex	120	15
1RB1LD_1LB1LC_1RA0LC_1RC0LD	D	2	1280	rank	194	20
1RB1LD_1LB1LC_1RA0LC_1RC1RD	D	2	1280	rank	191	20
1RB1LD_1LB1RC_0LA1RC_1RC1LD	B	2	1280	count-lex	50	15
1RB1LD_1LB1RC_1LA0RD_1RC0LD	B	2	1280	rank	104	20
1RB1LD_1LC---_0LA1RC_1RC1LD	B	2	1280	count-lex	41	15
1RB1LD_1LC---_1LA0RD_1RC0LD	B	2	1999	rank	77	18
1RB1LD_1LC0RB_0LD0RA_1RD0RB	A	2	1999	count-lex	149	35
1RB1LD_1LC0RD_0LD1RA_0RB1RD	A	2	1280	count-lex	190	41
1RB1LD_1LC1LB_0RD0RA_0LB1RD	A	2	1280	count-lex	231	26
1RB1LD_1LC1RD_0LD0LB_1LA0RD	C	2	1999	rank	210	14
1RB1LD_1LC1RD_0RA1LC_1LA0RD	C	2	1999	rank	222	14
1RB1LD_1LC1RD_0RD0LB_1LA0RD	C	2	1999	rank	115	14
1RB1LD_1LC1RD_1LA1LB_1LA0RD	C	2	1999	rank	212	14
1RB1LD_1LC1RD_1LD1LC_1LA0RD	C	2	1999	rank	205	14
1RB1LD_1LC1RD_1RC0LB_1LA0RD	C	2	1999	rank	162	14
1RB1LD_1LC1RD_1RC1LB_1LA0RD	C	2	1999	rank	203	10
1RB1LD_1LC1RD_1RD0LB_1LA0RD	C	2	1999	rank	177	14
1RB1LD_1LC1RD_1RD1RC_1LA0RD	C	2	1999	rank	201	10
1RB1LD_1RC---_1LA0RD_1RC0LD	B	2	1280	rank	106	18
1RB1LD_1RC1LB_0LA1RD_0LB1RD	A	2	1280	count-lex	109	15
1RB1LD_1RC1RD_0LC1LA_1LA0RD	C	2	1999	rank	207	14
1RB1LD_1RC1RD_1LC1RB_1LA0RD	C	2	1999	rank	122	10
1RB1RB_0LB1LC_1RD0LC_1RB1LA	A	2	1280	rank	77	15
1RB1RB_0RC1LB_1LD1RC_0LA1LB	A	2	1280	count-lex	208	21
1RB1RB_0RC1LB_1LD1RC_0LA1RB	A	2	1280	count-lex	531	24
1RB1RB_1LA0LC_0LD1RC_1RC1LD	B	2	1280	count-lex	69	15
1RB1RB_1LA0LC_0RD1LC_1LC1RD	B	2	1280	count-lex	133	15
1RB1RB_1LA0LC_1LD0RD_1RC0LC	B	3	1280	rank	194	14
1RB1RB_1LA0LC_1LD1RC_0RC1LD	B	2	1280	count-lex	120	15
1RB1RB_1LA0LC_1RD0LD_1LC0RC	B	3	1280	rank	118	14
1RB1RB_1LA0LC_1RD1LC_0LC1RD	B	2	1280	count-lex	126	15
1RB1RB_1LA0LC_1RD1LC_0RC1LB	A	2	1280	rank	112	13
1RB1RB_1LA0RC_0LD1RC_1RC1LD	B	2	1280	count-lex	112	15
1RB1RB_1LA0RC_1LC1RD_1RC0RC	B	2	1536	rank	83	15
1RB1RB_1LA0RC_1LD0LD_1RD1LC	B	2	1536	rank	60	15
1RB1RB_1LA0RC_1LD1RC_0RC1LD	B	2	1280	count-lex	98	21
1RB1RB_1LA0RC_1RD0LD_1LC0RC	B	3	1280	rank	134	14
1RB1RB_1LA1LC_0LD1RC_1RC1LD	B	2	1280	count-lex	54	15
1RB1RB_1LA1LC_0RD1LC_1LB1RD	A	2	1280	count-lex	213	15
1RB1RB_1LA1LC_0RD1LC_1LC1RD	B	2	1280	count-lex	118	15
1RB1RB_1LA1LC_1RD0LC_1LB0RC	A	2	1280	rank	93	18
1RB1RB_1LA1LC_1RD0LD_1LC0RC	B	3	1280	rank	70	14
1RB1RB_1LA1RC_0LD1RC_1RB1LD	A	2	1280	count-lex	168	15
1RB1RB_1LA1RC_0LD1RC_1RC1LD	B	2	1280	count-lex	76	15
1RB1RB_1LA1RC_1RD0LD_1LC0RC	B	3	1280	rank	135	14
1RB1RC_0LA---_0LD1RC_1RA1LD	B	2	1280	count-lex	58	15
1RB1RC_0LA---_0LD1RC_1RC1LD	B	2	1280	count-lex	57	15
1RB1RC_0LA---_0RD1LC_1LC1RD	B	2	1280	count-lex	98	21
1RB1RC_0LA---_1LD0RC_1RA1LC	B	2	1999	rank	159	14
1RB1RC_0LA---_1LD0RD_1RC0LC	B	3	1280	rank	130	14
1RB1RC_0LA---_1LD1RC_0RA1LD	B	2	1280	count-lex	82	15
1RB1RC_0LA---_1LD1RC_0RC1LD	B	2	1280	count-lex	43	15
1RB1RC_0LA---_1RD1LC_0LC1RD	B	2	1280	count-lex	39	15
1RB1RC_0LA0LC_0RD1LC_1LA1RD	B	2	1280	count-lex	43	18
1RB1RC_0LA0LC_1RD1RC_1LB0RC	A	2	1999	count-lex	416	41
1RB1RC_0LA0RC_1LD1RC_0LC1RB	A	2	1280	rank	85	13
1RB1RC_0LA0RD_0LD1RB_1LC1RD	A	2	1280	rank	139	13
1RB1RC_0LA1LA_1LD0RC_1RA1LA	B	2	1999	rank	125	10
1RB1RC_0LA1LC_0LD1RC_1RB1LD	A	2	1280	count-lex	206	18
1RB1RC_0LA1LC_1LD0RC_1RA1LA	B	2	1999	rank	83	10
1RB1RC_0LA1LC_1RD1LC_0LB1RD	A	2	1280	count-lex	320	15
1RB1RC_0LA1LD_0LB1RC_1RC0LD	A	2	1999	rank	238	12
1RB1RC_0LA1LD_0LB1RC_1RC1LD	A	2	1280	count-lex	207	15
1RB1RC_0LA1LD_1LB0RD_1RC0LD	A	2	1999	rank	209	18
1RB1RC_0LA1LD_1LB1RB_1RC0LD	A	2	1999	rank	142	10
1RB1RC_0LA1LD_1LB1RC_0RC1LD	A	2	1280	count-lex	129	15
1RB1RC_0LA1RC_0LD1RC_1RB1LD	A	2	1280	count-lex	216	15
1RB1RC_0LA1RC_0RD1LC_1LB1RD	A	2	1280	count-lex	109	24
1RB1RC_0LA1RC_1LD0RC_1RB1LC	A	2	1999	rank	165	14
1RB1RC_0LA1RC_1LD1RC_0RB1LD	A	2	1280	count-lex	195	15
1RB1RC_0LA1RD_1LD0RC_1RA1LA	B	2	1999	rank	153	14
1RB1RC_0LB0LC_0RD1LC_1LA1RD	B	2	1280	count-lex	146	18
1RB1RC_0LB0LC_1LD0LC_0RA1LC	B	2	1999	rank	155	20
1RB1RC_0LB0LC_1LD0RC_0RA1LC	B	2	1999	count-lex	167	31
1RB1RC_0LB0LC_1LD0RC_1RA0LC	B	2	1280	rank	38	18
1RB1RC_0LB0LC_1LD1RC_0RA1LD	B	2	1280	count-lex	133	15
1RB1RC_0LB0RC_1LD0LC_0RA1LC	B	2	1999	rank	88	20
1RB1RC_0LB0RC_1LD0RC_0RA1LC	B	2	1999	count-lex	78	31
1RB1RC_0LB0RC_1LD0RC_1RA0LC	B	2	1280	rank	38	18
1RB1RC_0LB0RC_1LD1RC_0RA1LD	B	2	1280	count-lex	111	15
1RB1RC_0LB1LA_0LD1RC_1RA1LD	B	2	1280	count-lex	119	15
1RB1RC_0LB1LA_0LD1RC_1RC1LD	B	2	1280	count-lex	114	15
1RB1RC_0LB1LA_0RD0LC_1LC1RD	B	2	1536	count-lex	259	40
1RB1RC_0LB1LA_0RD1LC_1LC1RD	B	2	1280	count-lex	104	15
1RB1RC_0LB1LA_1LD0RD_1RC0LC	B	3	1280	rank	152	14
1RB1RC_0LB1LA_1LD1RC_0RA1LD	B	2	1280	count-lex	81	15
1RB1RC_0LB1LA_1LD1RC_0RC1LD	B	2	1280	count-lex	80	15
1RB1RC_0LB1LA_1RD1LC_0LC1RD	B	2	1280	count-lex	43	15
1RB1RC_0LB1LC_0RD1LC_1LA1RD	B	2	1280	count-lex	49	18
1RB1RC_0LB1LC_1LD1RC_0RA1LD	B	2	1280	count-lex	87	15
1RB1RC_0LB1LC_1RD0LC_1RB1LA	A	2	1280	rank	200	15
1RB1RC_0LB1RC_0LD1RC_1RA1LD	B	2	1280	count-lex	58	15
1RB1RC_0LB1RC_1LD0RC_1RA1LC	B	2	1999	rank	104	14
1RB1RC_0LB1RC_1LD1RC_0RA1LD	B	2	1280	count-lex	81	15
1RB1RC_0LC---_0LD1RC_1RA1LD	B	2	1280	count-lex	116	15
1RB1RC_0LC---_0RD1LC_1LA1RD	B	2	1280	count-lex	88	18
1RB1RC_0LC---_1LD0LC_0RA1LC	B	2	1999	rank	152	20
1RB1RC_0LC---_1LD0RC_0RA1LC	B	2	1999	count-lex	156	31
1RB1RC_0LC---_1LD0RC_1RA0LC	B	2	1280	rank	38	18
1RB1RC_0LC---_1LD1RC_0RA1LD	B	2	1280	count-lex	74	15
1RB1RC_0RC---_1LD0RC_0RA1LD	B	2	1999	rank	180	12
1RB1RC_0RC---_1LD0RC_1RA0LC	B	2	1999	rank	111	18
1RB1RC_0RC---_1LD0RC_1RA1LA	B	2	1999	rank	185	14
1RB1RC_0RC---_1LD0RC_1RA1LC	B	2	1999	rank	139	10
1RB1RC_0RC---_1LD0RC_1RA1LD	B	2	1280	count-lex	125	32
1RB1RC_0RC---_1LD1RC_0RA1LD	B	2	1280	count-lex	85	21
1RB1RC_0RC0LC_0RD1LC_1LA1RD	B	2	1280	count-lex	96	24
1RB1RC_0RC0LD_0RD1LC_1LA1RD	B	2	1280	count-lex	72	24
1RB1RC_0RC0RA_0LD1RC_1LB1LD	A	2	1280	count-lex	383	19
1RB1RC_0RC1LA_0RD1LC_1LA1RD	B	2	1280	count-lex	113	24
1RB1RC_0RC1LB_0RD1LC_1LA1RD	B	2	1280	count-lex	115	24
1RB1RC_0RC1LB_1LD1RC_0RA1LB	A	2	1280	count-lex	242	21
1RB1RC_0RC1LB_1LD1RC_0RA1RB	A	2	1280	count-lex	213	24
1RB1RC_1LA---_0LD1RC_1RA1LD	B	2	1280	count-lex	81	15
1RB1RC_1LA---_0LD1RC_1RC1LD	B	2	1280	count-lex	94	15
1RB1RC_1LA---_0RD1LC_1LC1RD	B	2	1280	count-lex	91	15
1RB1RC_1LA---_1LD0RC_1RA0LC	B	2	1999	rank	63	18
1RB1RC_1LA---_1LD0RD_1RC0LC	B	3	1280	rank	133	14
1RB1RC_1LA---_1RD0LD_1LC0RC	B	3	1280	rank	91	14
1RB1RC_1LA---_1RD0RD_1LD1RC	B	2	1536	rank	57	15
1RB1RC_1LA0LC_1RD1LC_0RC1LB	A	2	1280	rank	92	20
1RB1RC_1LA0LD_0RD1LB_1RC1LD	A	2	1999	rank	204	13
1RB1RC_1LA0LD_1RC1LB_1RC1LD	A	2	1999	rank	226	10
1RB1RC_1LA0LD_1RD1LB_1RC1LD	A	2	1999	rank	269	13
1RB1RC_1LA0RC_1LD1RC_0LC1RB	A	2	1999	rank	154	20
1RB1RC_1LA0RD_0RD0RB_1LD1RC	A	3	1536	rank	263	20
1RB1RC_1LA1LC_0RD1LC_1LB1RD	A	2	1280	count-lex	286	15
1RB1RC_1LA1LC_1RD0LC_1LB0RC	A	2	1280	rank	130	18
1RB1RC_1LA1LD_0LB1RC_1RC1LD	A	2	1280	count-lex	166	15
1RB1RC_1LA1LD_1LB0RD_1RC0LD	A	2	1280	rank	101	20
1RB1RC_1LA1RC_0LD1RC_1RB1LD	A	2	1280	count-lex	304	15
1RB1RC_1LA1RC_1LD0RC_1RB0LC	A	2	1999	rank	195	18
1RB1RC_1LA1RD_0RB1LC_1LC1RD	A	2	1280	count-lex	356	15
1RB1RC_1LA1RD_1RB0LD_1LC0RD	A	2	1280	rank	125	18
1RB1RC_1LB0LC_1LD0RC_0RA1LC	B	2	1280	count-lex	118	31
1RB1RC_1LB0LC_1LD0RC_1RA0LC	B	2	1999	rank	77	20
1RB1RC_1LB0LC_1LD0RC_1RA1LD	B	2	1280	count-lex	56	32
1RB1RC_1LB0RA_0LD1RC_1RA1LD	B	2	1280	count-lex	64	15
1RB1RC_1LB0RA_0LD1RC_1RC1LD	B	2	1280	count-lex	66	15
1RB1RC_1LB0RA_1LD0RC_1RA1LD	B	2	1999	count-lex	88	32
1RB1RC_1LB0RA_1LD0RD_1RC0LC	B	3	1280	rank	71	14
1RB1RC_1LB0RA_1LD1RC_0RA1LD	B	2	1280	count-lex	58	15
1RB1RC_1LB0RA_1LD1RC_0RC1LD	B	2	1280	count-lex	55	15
1RB1RC_1LB0RA_1RD1LC_0LC1RD	B	2	1280	count-lex	40	15
1RB1RC_1LB0RC_0LD1RC_1RA1LD	B	2	1280	count-lex	62	15
1RB1RC_1LB0RC_0RD1LC_1LA1RD	B	2	1280	count-lex	85	18
1RB1RC_1LB0RC_1LD0LC_0RA1LC	B	2	1280	rank	80	20
1RB1RC_1LB0RC_1LD0RC_0RA1LC	B	2	1280	count-lex	80	31
1RB1RC_1LB0RC_1LD0RC_1RA0LC	B	2	1999	rank	69	18
1RB1RC_1LB0RC_1LD1RC_0RA1LD	B	2	1280	count-lex	112	15
1RB1RC_1LB1RA_0LD1RC_1RA1LD	B	2	1280	count-lex	81	15
1RB1RC_1LB1RA_0LD1RC_1RC1LD	B	2	1280	count-lex	82	15
1RB1RC_1LB1RA_1RD0LD_1LC0RC	B	3	1280	rank	130	14
1RB1RC_1LB1RC_0LD1RC_1RA1LD	B	2	1280	count-lex	80	15
1RB1RC_1LB1RC_1LD0RC_1RA0LC	B	2	1999	rank	126	18
1RB1RC_1LC---_0LD1RC_1RA1LD	B	2	1280	count-lex	79	15
1RB1RC_1LC---_1LD0RC_0RA1LC	B	2	1280	count-lex	80	31
1RB1RC_1LC---_1LD0RC_1RA0LC	B	2	1999	rank	124	18
1RB1RC_1LC0RB_0LD1RA_1RD0RB	A	2	1999	count-lex	343	35
1RB1RC_1LC0RD_0LD0RA_0RB1RD	A	2	1280	count-lex	203	41
1RB1RC_1LC0RD_0LD1RA_0RB1RD	A	2	1280	count-lex	185	41
1RB1RC_1RC0LD_1LA1RD_1LB0RD	A	2	1999	rank	200	18
1RB1RC_1RC1LB_1LA1RD_1LB0RD	A	2	1280	count-lex	213	32
1RB1RC_1RC1LC_1LA1RD_1LB0RD	A	2	1999	rank	272	14
1RB1RC_1RC1LD_1LA1RD_1LB0RD	A	2	1999	rank	291	10
1RB1RC_1RC1RD_0RD1LC_1LA1RD	B	2	1280	count-lex	158	18
1RB1RD_0LB0LC_1LA1RC_0RC1LD	B	2	1280	count-lex	122	18
1RB1RD_0LB1LC_0RA1LC_1LC0RD	B	2	1999	rank	221	12
1RB1RD_0LB1LC_0RA1LC_1LC1RD	B	2	1280	count-lex	127	15
1RB1RD_0LB1LC_1RA0LC_0LB---	D	2	1280	rank	141	15
1RB1RD_0LB1LC_1RA0LC_0LC---	D	2	1280	rank	190	15
1RB1RD_0LB1LC_1RA0LC_0LD0LC	D	2	1280	rank	190	15
1RB1RD_0LB1LC_1RA0LC_0LD0RC	D	2	1280	rank	233	15
1RB1RD_0LB1LC_1RA0LC_0LD1LB	D	2	1280	rank	194	20
1RB1RD_0LB1LC_1RA0LC_0LD1LC	D	2	1280	rank	184	15
1RB1RD_0LB1LC_1RA0LC_0RC---	D	2	1280	rank	206	15
1RB1RD_0LB1LC_1RA0LC_1LB---	D	2	1280	rank	167	20
1RB1RD_0LB1LC_1RA0LC_1LC---	D	2	1280	rank	188	15
1RB1RD_0LB1LC_1RA0LC_1LD0LC	D	2	1280	rank	189	15
1RB1RD_0LB1LC_1RA0LC_1LD1LB	D	2	1280	rank	195	20
1RB1RD_0LB1LC_1RA0LC_1LD1LC	D	2	1280	rank	169	20
1RB1RD_0LB1LC_1RA0LD_1LC0RD	B	2	1999	rank	106	18
1RB1RD_0LB1LC_1RA1LA_1LC0RD	B	2	1999	rank	161	10
1RB1RD_0LB1LC_1RA1LC_0LC1RD	B	2	1280	count-lex	82	15
1RB1RD_0LC---_0RA1LC_1LC0RD	B	2	1999	rank	163	12
1RB1RD_0LC---_0RA1LC_1LC1RD	B	2	1280	count-lex	127	15
1RB1RD_0LC---_1RA0LD_1LC0RD	B	2	1280	rank	73	18
1RB1RD_0LC---_1RA1LC_0LC1RD	B	2	1280	count-lex	86	15
1RB1RD_0LC1RA_1RA1LA_1LC0RD	B	2	1999	rank	200	14
1RB1RD_0LC1RD_1RA1LA_1LC0RD	B	2	1999	rank	169	10
1RB1RD_1LB0LC_1RA1LC_0LC1RD	B	2	1280	count-lex	65	15
1RB1RD_1LB0RC_0RA1LC_1LC1RD	B	2	1280	count-lex	126	15
1RB1RD_1LB0RC_1RA0LD_1LC0RD	B	2	1999	rank	126	18
1RB1RD_1LB0RC_1RA1LC_0LC1RD	B	2	1280	count-lex	107	15
1RB1RD_1LB1LC_1RA0LC_---0RC	D	2	1280	rank	199	20
1RB1RD_1LB1LC_1RA0LC_1RA0RD	D	2	1280	rank	194	20
1RB1RD_1LB1RC_0RA1LC_1LC1RD	B	2	1280	count-lex	88	15
1RB1RD_1LB1RC_1RA0LD_1LC0RD	B	2	1280	rank	90	18
1RB1RD_1LC---_1RA0LD_1LC0RD	B	2	1999	rank	134	20
1RB1RD_1LC0LB_1RA1LA_1LC0RD	B	2	1999	rank	218	14
1RB1RD_1LC0LD_1RA1LA_1LC0RD	B	2	1999	rank	193	14
1RB1RD_1LC1LB_0RD0RA_0LB1RD	A	2	1280	count-lex	389	19
1RB1RD_1RC0LD_1LA1RD_1LB0RD	A	2	1280	rank	201	18
1RB1RD_1RC1LB_0LA1RD_0LB1RD	A	2	1280	count-lex	354	15
