machine	L	T	t	nseen
0RB---_0LC0RC_1LD1RA_1LA1LB	3	2	0	260
0RB---_0LC0RD_1RD1LB_1RB1LA	2	2	0	183
0RB---_0LC1RA_1LD1LB_1RB0LC	2	2	0	115
0RB---_0LC1RA_1LD1LB_1RB0RC	2	2	0	159
0RB---_0LC1RA_1LD1RD_1RB0LD	2	2	0	255
0RB---_0LC1RB_1LA1LD_1RB1LC	2	2	0	181
0RB---_0LC1RB_1RB1LD_1LA1LC	2	2	0	184
0RB---_0LC1RC_1RB0LD_1LA1LC	2	2	0	184
0RB---_0LC1RC_1RB0LD_1RA1LC	2	2	0	285
0RB---_0LC1RD_0LD0LA_1RA1LC	3	2	0	324
0RB---_0LC1RD_0LD0LC_1RA1LC	3	2	0	258
0RB---_0LC1RD_1LA1LD_1RB0LC	2	2	0	137
0RB---_0LC1RD_1LD1LC_1LA1RB	2	2	0	107
0RB---_0LC1RD_1RB1LC_1RA1RB	2	2	0	142
0RB---_0RC0LC_1LD1RC_0LA1LB	2	2	0	208
0RB---_0RC0LD_1LD1RB_1LB1LA	2	2	0	160
0RB---_0RC1LC_1LB0RD_1LA1RC	2	2	0	163
0RB---_0RC1LC_1RD1RA_1LB0LD	3	2	0	247
0RB---_0RC1LD_1LA1RD_1LB0RC	2	2	0	125
0RB---_0RC1LD_1LB1RC_0LA1LB	2	2	0	161
0RB---_0RC1LD_1LD1RC_0LA1LB	2	2	0	163
0RB---_0RC1RD_1LA1LC_1LC1RB	2	2	0	131
0RB---_1LA1LC_0RD1LB_1LB1RD	2	2	0	133
0RB---_1LA1LC_0RD1LB_1LC1RD	2	2	0	141
0RB---_1LA1LC_1RD0LB_0LC1RC	2	2	0	96
0RB---_1LA1LC_1RD0LB_1LB1RC	2	2	0	210
0RB---_1LA1LC_1RD0LB_1LC1RC	2	2	0	65
0RB---_1LA1LC_1RD1LB_0LB1RD	2	2	0	88
0RB---_1LA1LC_1RD1LB_0LC1RD	2	2	0	95
0RB---_1LA1RC_0LD0RC_1LD1LB	2	2	0	184
0RB---_1LA1RC_0LD1RB_1LB1LD	2	2	0	95
0RB---_1LA1RC_0RD0RC_1LD0LA	2	2	0	97
0RB---_1LA1RC_0RD0RC_1LD1LA	2	2	0	89
0RB---_1LA1RC_0RD0RC_1LD1LB	2	2	0	136
0RB---_1LA1RC_1LD0RB_0RC1LC	2	2	0	92
0RB---_1LA1RC_1LD0RB_1RB1LC	2	2	0	218
0RB---_1LA1RC_1LD0RB_1RC1LC	2	2	0	68
0RB---_1LA1RC_1LD0RC_1LC1LB	2	2	0	146
0RB---_1LA1RC_1LD0RC_1LD0LA	2	2	0	191
0RB---_1LA1RC_1LD0RC_1LD1LA	2	2	0	173
0RB---_1LA1RC_1LD0RC_1LD1LB	2	2	0	146
0RB---_1LA1RC_1LD1RB_0LA1LD	2	2	0	139
0RB---_1LA1RC_1LD1RB_1LA1LD	2	2	0	129
0RB---_1LC0LA_0RD0LB_1LB1RC	2	2	0	158
0RB---_1LC0LB_0LD0LC_1RD1RA	2	2	0	156
0RB---_1LC0LC_1RC1LD_1LA0LD	2	2	0	100
0RB---_1LC0LD_1LA0LC_1RD1LC	2	2	0	107
0RB---_1LC0LD_1LA0LC_1RD1RB	2	2	0	136
0RB---_1LC0LD_1RD0LA_1LB0RC	2	2	0	113
0RB---_1LC0RB_0LD1RA_1RD0LC	2	3	0	214
0RB---_1LC0RC_0LD0LA_1RD0RB	2	2	0	338
0RB---_1LC0RD_0LD---_1RA0LB	3	2	0	72
0RB---_1LC0RD_0LD0LA_1RA1RB	2	2	0	288
0RB---_1LC0RD_0LD1LB_1LA1RB	2	2	0	154
0RB---_1LC0RD_0LD1LB_1RA1RB	2	2	0	140
0RB---_1LC0RD_1LA0LB_1RB1RD	2	2	0	142
0RB---_1LC0RD_1LA0LC_1RD1RB	2	2	0	204
0RB---_1LC0RD_1LA1LB_---1RB	2	2	0	137
0RB---_1LC0RD_1LA1LD_1LC1RB	2	2	0	137
0RB---_1LC0RD_1LD0LA_1RB0LC	2	2	0	114
0RB---_1LC0RD_1LD0LB_1RB1LA	2	2	0	167
0RB---_1LC0RD_1LD0LD_1RB1LA	2	2	0	391
0RB---_1LC0RD_1RB0LD_1RB1LA	2	2	0	401
0RB---_1LC1RA_0LD0LB_1LA0LB	2	2	0	187
0RB---_1LC1RA_0LD0LB_1RA0LB	2	2	0	167
0RB---_1LC1RA_0RD0LB_1LB1RC	2	2	0	132
0RB---_1LC1RB_0LD1LC_0RD1RA	2	2	0	239
0RB---_1LC1RB_0LD1LC_1RD1RA	2	2	0	189
0RB---_1LC1RB_0RB1LD_0LA1LC	2	2	0	139
0RB---_1LC1RB_0RB1LD_1LA1LC	2	2	0	129
0RB---_1LC1RB_1LA1LD_---1LC	2	2	0	137
0RB---_1LC1RC_0RD0RC_1LD1LA	2	2	0	91
0RB---_1LC1RC_1RB0LD_0LA1LC	2	2	0	63
0RB---_1LC1RC_1RB0LD_0RA1LC	2	2	0	122
0RB---_1LC1RC_1RB0LD_1LA1LC	2	2	0	106
0RB---_1LC1RC_1RB0LD_1RA1LC	2	2	0	161
0RB---_1LC1RC_1RC1LD_1LA0LD	2	2	0	189
0RB---_1LC1RD_1LA0LC_1LD1RB	2	2	0	251
0RB---_1LC1RD_1LA0LC_1RD1LC	2	2	0	191
0RB---_1LC1RD_1LA0LC_1RD1RB	2	2	0	147
0RB---_1LC1RD_1LA0LD_0RB1RB	2	2	0	245
0RB---_1LC1RD_1LA1LC_---1RB	2	2	0	137
0RB---_1LC1RD_1LA1LD_1RB0LC	2	2	0	221
0RB---_1LC1RD_1LD1LA_0RB0LC	2	2	0	148
0RB---_1LC1RD_1LD1RA_0RB0LC	2	2	0	138
0RB---_1RC---_0RD0RC_1LD0LA	2	2	0	87
0RB---_1RC---_1LD0RC_1LD0LA	2	2	0	171
0RB---_1RC0LA_0LD0RB_1RB1LC	2	2	0	151
0RB---_1RC0LA_0RD0RC_1LD0RB	2	2	0	186
0RB---_1RC0LA_0RD0RC_1LD1LA	2	2	0	95
0RB---_1RC0LA_1LD0RC_1LD1LA	2	2	0	189
0RB---_1RC0LC_0LD0RA_1LB1LA	3	2	0	137
0RB---_1RC0LC_0LD0RA_1LB1LC	3	2	0	180
0RB---_1RC0LC_0LD0RA_1LB1RD	3	2	0	90
0RB---_1RC0LC_0LD1RA_1LB1RD	3	2	0	162
0RB---_1RC0LC_1LC0LD_1LB1RA	4	2	0	338
0RB---_1RC0LC_1LD1RA_1LB0LD	4	2	0	133
0RB---_1RC0LC_1RD0LB_1LC1RA	4	2	0	296
0RB---_1RC0LC_1RD1RA_1LD0LB	2	2	0	111
0RB---_1RC0LD_0LC1LB_1RA1LC	3	2	0	565
0RB---_1RC0LD_0LD0RA_1LB1LC	4	2	0	560
0RB---_1RC0LD_1LB0RA_0LC---	3	2	0	84
0RB---_1RC0LD_1LB1RA_1LB0LC	3	2	0	391
0RB---_1RC0LD_1LB1RA_1LB0LD	3	2	0	391
0RB---_1RC0LD_1LB1RA_1LB1LA	3	2	0	513
0RB---_1RC0LD_1LC1LB_1RA0RC	3	2	0	517
0RB---_1RC0LD_1LC1LB_1RA1LC	3	2	0	489
0RB---_1RC0LD_1LD1RA_1LB0LD	3	2	0	391
0RB---_1RC0LD_1LD1RA_1LB1LA	3	2	0	523
0RB---_1RC0LD_1LD1RB_1RA1LB	2	2	0	277
0RB---_1RC0LD_1RD1RA_1LB0LD	3	2	0	193
0RB---_1RC0LD_1RD1RA_1LB1LA	3	2	0	247
0RB---_1RC0RC_0RD0RB_1LD0LA	2	2	0	87
0RB---_1RC0RC_0RD1LA_1LD1RB	2	2	0	135
0RB---_1RC0RC_1LC1RD_1LA0RD	2	2	0	96
0RB---_1RC0RC_1LD1LA_1LD1RB	2	2	0	273
0RB---_1RC0RD_1LC1RB_0RC1LA	2	2	0	150
0RB---_1RC0RD_1LC1RB_1LC1LA	2	2	0	273
0RB---_1RC0RD_1LD0LA_1RB0LC	2	2	0	104
0RB---_1RC1LB_0LD0RB_1RA1LC	2	2	0	125
0RB---_1RC1LB_0LD0RC_1LD1LA	2	2	0	187
0RB---_1RC1LB_0RD0RC_1LD1LA	2	2	0	121
0RB---_1RC1LB_1LD0RB_1LA0LC	2	2	0	104
0RB---_1RC1LB_1LD0RC_1LC1LA	2	2	0	131
0RB---_1RC1LB_1LD0RC_1LD1LA	2	2	0	131
0RB---_1RC1LC_1LB0RD_0LA1RC	2	2	0	66
0RB---_1RC1LC_1LB0RD_1LA1RC	2	2	0	94
0RB---_1RC1LC_1LB0RD_1RA1RC	2	2	0	52
0RB---_1RC1LC_1LC1RD_1LA0RD	2	2	0	171
0RB---_1RC1LC_1LD0RC_0RB0LA	2	2	0	297
0RB---_1RC1LC_1LD0RC_1LA1LB	2	2	0	169
0RB---_1RC1LD_0LB0RD_1LB0LA	2	2	0	94
0RB---_1RC1LD_0LB1RC_0LA1LB	2	2	0	157
0RB---_1RC1LD_0LD1RC_0LA1LB	2	2	0	160
0RB---_1RC1LD_1LB1RC_0LA0LC	2	2	0	173
0RB---_1RC1LD_1LB1RC_0LA1LB	2	2	0	127
0RB---_1RC1LD_1RD1LA_0LB0RC	2	2	0	153
0RB---_1RC1RA_0LD0RB_1RB1LC	2	2	0	210
0RB---_1RC1RA_1LD0RB_1RB0LC	2	2	0	181
0RB---_1RC1RB_0LC1LD_1LA1LC	2	2	0	146
0RB---_1RC1RB_1LD0RB_1LA0LC	2	2	0	101
0RB---_1RC1RB_1LD1LC_1RA0LD	3	2	0	329
0RB---_1RC1RC_0RD0RC_1LD1LA	2	2	0	87
0RB---_1RC1RC_1LD0RC_1LD1LA	2	2	0	171
0RB---_1RC1RD_1LC1LA_0RC0RD	2	2	0	96
0RB---_1RC1RD_1LC1LA_1LC0RD	2	2	0	171
0RB0LA_0LC1RB_1LD0RA_1LA---	3	2	0	370
0RB0LA_0LC1RC_1LD0RA_1LA---	3	2	0	300
0RB0LA_0RC0RD_1LD1LC_1LA1RB	2	2	0	160
0RB0LA_0RC1LD_1LB1RC_1RA1LB	2	2	0	177
0RB0LA_0RC1LD_1RD1LC_1LA0RD	2	2	0	345
0RB0LA_1LA1RC_0RD0RC_1LD0RA	2	2	0	204
0RB0LA_1LC0RC_0LD1RA_1RD1LB	4	2	0	424
0RB0LA_1LC0RC_1LA0LD_1RA---	2	2	0	220
0RB0LA_1LC0RC_1LA1LD_1RD0RB	2	2	0	220
0RB0LA_1LC0RC_1LA1RD_0RB0RC	2	2	0	103
0RB0LA_1LC0RC_1LD1RA_0RB1LB	3	2	0	508
0RB0LA_1LC0RC_1LD1RA_1RB1RA	4	2	0	462
0RB0LA_1LC0RD_1LA0RC_1LD1RC	2	2	0	106
0RB0LA_1LC0RD_1LD0LB_1RB1RA	2	2	0	131
0RB0LA_1LC0RD_1LD0LD_1RB1RA	3	2	0	1593
0RB0LA_1LC0RD_1LD1RA_1RB0LC	2	2	0	124
0RB0LA_1LC0RD_1RC1RB_1LD1LA	2	2	0	246
0RB0LA_1LC1LA_1RD0LD_1RB0RD	2	2	0	173
0RB0LA_1LC1LA_1RD0RB_1LB1RC	2	2	0	109
0RB0LA_1LC1LA_1RD1RA_1LB1RC	2	3	0	117
0RB0LA_1LC1LB_1RD0LB_1LA0RC	2	2	0	260
0RB0LA_1LC1LD_0RC1RD_1LA0RD	2	2	0	317
0RB0LA_1LC1LD_0RD0RC_1LA1RC	2	2	0	159
0RB0LA_1LC1LD_1RC0RD_1LA0RC	2	2	0	243
0RB0LA_1LC1LD_1RC0RD_1LA0RD	2	2	0	243
0RB0LA_1LC1LD_1RC1RB_1LA0RD	2	2	0	235
0RB0LA_1LC1LD_1RD---_1LA0RD	2	2	0	243
0RB0LA_1LC1RB_0RB1LD_0RA1LC	2	2	0	193
0RB0LA_1LC1RB_1RD0LB_1LA0RC	2	2	0	146
0RB0LA_1LC1RC_0LD0RA_1RD0RB	2	2	0	416
0RB0LA_1LC1RC_1LA1RD_0RC1RB	2	2	0	292
0RB0LA_1LC1RC_1LA1RD_1RA---	4	2	0	458
0RB0LA_1LC1RC_1LD0RD_1LA0RB	3	2	0	300
0RB0LA_1LC1RD_0LD0RA_1RD1RB	2	2	0	416
0RB0LA_1LC1RD_1LA---_---0RB	2	2	0	166
0RB0LA_1LC1RD_1LA0LC_0RD1RB	3	2	0	150
0RB0LA_1LC1RD_1LA1RA_---0LC	2	2	0	220
0RB0LA_1RC---_0LD1RA_0LA1LD	3	2	0	347
0RB0LA_1RC---_0LD1RA_0RB1LC	3	2	0	407
0RB0LA_1RC---_0RD0RC_1LD0RA	2	2	0	186
0RB0LA_1RC---_1LD0RA_1LB1LC	2	2	0	125
0RB0LA_1RC0LB_0RD---_1LD1LA	4	2	0	631
0RB0LA_1RC0LC_1RD0RC_1LB1LA	2	2	0	314
0RB0LA_1RC0LD_1LA0RC_1LD0LB	2	2	0	244
0RB0LA_1RC0LD_1LA0RC_1LD1LB	2	2	0	213
0RB0LA_1RC0LD_1RD0LA_1LB0RC	2	2	0	299
0RB0LA_1RC0LD_1RD1LB_1LA0RC	2	2	0	139
0RB0LA_1RC0LD_1RD1LD_1LA0RC	2	2	0	191
0RB0LA_1RC0RA_0RD0RC_1LD1LA	2	2	0	195
0RB0LA_1RC0RB_1LD1RB_0LA1LC	4	2	0	332
0RB0LA_1RC0RD_1LA0RC_1LD0LA	2	2	0	106
0RB0LA_1RC0RD_1LA0RC_1LD0LB	2	2	0	160
0RB0LA_1RC0RD_1LA0RC_1LD0RA	2	2	0	220
0RB0LA_1RC0RD_1LA0RC_1LD1LB	2	2	0	136
0RB0LA_1RC0RD_1LA0RC_1LD1RA	2	2	0	130
0RB0LA_1RC0RD_1LA0RC_1LD1RC	2	2	0	98
0RB0LA_1RC0RD_1RD1RB_1LD1LA	2	2	0	331
0RB0LA_1RC1LA_0LD0RD_1LD1LB	2	2	0	155
0RB0LA_1RC1LA_0LD1RA_1RB1LD	3	2	0	421
0RB0LA_1RC1LA_0RD0RC_1LD1RB	2	2	0	95
0RB0LA_1RC1LA_0RD1RB_0LD1LB	3	2	0	343
0RB0LA_1RC1LA_0RD1RC_1LD1LB	4	2	0	405
0RB0LA_1RC1LA_1LD0RC_1LD1RB	2	2	0	189
0RB0LA_1RC1LB_0RD1LA_1LB1RD	2	2	0	293
0RB0LA_1RC1LC_1LA0RD_0RC0RC	2	2	0	160
0RB0LA_1RC1LC_1LA0RD_0RC0RD	2	2	0	160
0RB0LA_1RC1LC_1LA0RD_0RC1LD	2	2	0	224
0RB0LA_1RC1LC_1LA0RD_1LA0RC	2	2	0	297
0RB0LA_1RC1LC_1LA0RD_1LA0RD	2	2	0	297
0RB0LA_1RC1LC_1LA0RD_1LC0RC	2	2	0	287
0RB0LA_1RC1LC_1LA0RD_1LC0RD	2	2	0	279
0RB0LA_1RC1LC_1LA1RD_0RC0RD	2	2	0	205
0RB0LA_1RC1LC_1LA1RD_1LA0RD	2	2	0	381
0RB0LA_1RC1LC_1LA1RD_1LC0RD	2	2	0	353
0RB0LA_1RC1LC_1RD1LA_0LB1RC	4	2	0	367
0RB0LA_1RC1LC_1RD1LA_1LB1RD	4	2	0	347
0RB0LA_1RC1LD_0LB0RA_1LB---	2	2	0	94
0RB0LA_1RC1LD_0LC1RD_1LA0RD	2	2	0	399
0RB0LA_1RC1LD_0RD0LA_1LA0RD	2	2	0	325
0RB0LA_1RC1LD_0RD0RC_1LA---	2	2	0	149
0RB0LA_1RC1LD_0RD0RD_1LA0RC	2	2	0	149
0RB0LA_1RC1LD_0RD0RD_1LA0RD	2	2	0	293
0RB0LA_1RC1LD_0RD1LA_1LC1RD	2	2	0	229
0RB0LA_1RC1LD_0RD1RB_1LA0RD	2	2	0	309
0RB0LA_1RC1LD_0RD1RD_1LA0RD	2	2	0	320
0RB0LA_1RC1LD_1LA0RC_1LA---	2	2	0	297
0RB0LA_1RC1LD_1LA0RC_1LD0LA	2	2	0	189
0RB0LA_1RC1LD_1LA0RC_1LD0LB	2	2	0	160
0RB0LA_1RC1LD_1LA0RC_1LD1LB	2	2	0	145
0RB0LA_1RC1LD_1LA0RC_1LD1RA	2	2	0	237
0RB0LA_1RC1LD_1LA0RC_1LD1RC	2	2	0	173
0RB0LA_1RC1LD_1LA0RC_1RB1LA	2	2	0	423
0RB0LA_1RC1LD_1LA0RC_1RD1LB	2	2	0	249
0RB0LA_1RC1LD_1LA0RD_1LA0RC	2	2	0	297
0RB0LA_1RC1LD_1LA0RD_1LA0RD	2	2	0	297
0RB0LA_1RC1LD_1LA1RD_1LA0RD	2	2	0	381
0RB0LA_1RC1LD_1LA1RD_1LB0RC	2	2	0	221
0RB0LA_1RC1LD_1LC1RD_1LA0RD	2	2	0	330
0RB0LA_1RC1LD_1LD0RC_1LA0LA	2	2	0	279
0RB0LA_1RC1LD_1LD0RC_1LA1LB	2	2	0	301
0RB0LA_1RC1LD_1LD0RC_1LA1RC	2	2	0	277
0RB0LA_1RC1LD_1RD---_1LA0RD	2	2	0	345
0RB0LA_1RC1RB_0LD0RA_1LB1LD	2	2	0	396
0RB0LA_1RC1RB_1LD1LA_0RB1LC	4	2	0	221
0RB0LA_1RC1RB_1LD1LA_0RC1LC	4	2	0	245
0RB0LA_1RC1RD_0RD0RC_1LD1LA	2	2	0	103
0RB0LA_1RC1RD_1LB1LC_1LA0RD	2	2	0	136
0RB0LA_1RC1RD_1LD0RC_1LD1LA	2	2	0	207
0RB0LB_0LC1LC_1RD1LD_1LD1RA	2	2	0	234
0RB0LB_0LC1LC_1RD1LD_1RB1RA	2	2	0	254
0RB0LB_0LC1RA_1LD1LC_1RB1RD	2	2	0	427
0RB0LB_0LC1RB_1RD0RD_1LD1LA	3	2	0	436
0RB0LB_0LC1RD_1RB1LD_1RA1LC	2	2	0	244
0RB0LB_0RC0RD_1LB1LD_1LA1RB	2	2	0	170
0RB0LB_0RC0RD_1LD---_1LA1RB	2	2	0	128
0RB0LB_0RC0RD_1LD1RB_1LA1LB	2	2	0	170
0RB0LB_0RC1LA_1LB1RD_1RC1RD	2	2	0	94
0RB0LB_0RC1LA_1RD---_1LA1RC	2	2	0	79
0RB0LB_0RC1LA_1RD0LB_1LC1RC	2	2	0	79
0RB0LB_0RC1LA_1RD1LA_1LD1RC	2	2	0	89
0RB0LB_0RC1LA_1RD1RB_1LC1RC	2	2	0	89
0RB0LB_0RC1LA_1RD1RC_1LA1LC	2	2	0	111
0RB0LB_0RC1LB_1LA1RD_1LB1RC	2	2	0	254
0RB0LB_0RC1LB_1LB1RD_1LA1RC	2	2	0	227
0RB0LB_0RC1LB_1RD1RC_1LA0LB	2	2	0	603
0RB0LB_0RC1LB_1RD1RC_1LA1LB	2	2	0	163
0RB0LB_0RC1LD_1LB1RC_0RA1LB	2	2	0	169
0RB0LB_0RC1LD_1LB1RD_1LA0RD	2	2	0	347
0RB0LB_0RC1LD_1RD---_1LA0RD	2	2	0	329
0RB0LB_0RC1LD_1RD1LA_1LA1RC	2	2	0	105
0RB0LB_0RC1LD_1RD1LA_1LD1RC	2	2	0	115
0RB0LB_1LA0RC_1LD1RD_1LB0RB	3	2	0	385
0RB0LB_1LA1LC_0LD0LC_1RD1RB	2	3	0	288
0RB0LB_1LA1LC_0RD1LB_1RB1RD	2	2	0	185
0RB0LB_1LA1LC_0RD1LC_1RB1RD	2	2	0	185
0RB0LB_1LA1LC_0RD1RB_1LB1RC	2	2	0	148
0RB0LB_1LA1LC_1RD1LB_1RB1RD	2	2	0	114
0RB0LB_1LA1LC_1RD1LC_1RB1RD	2	2	0	129
0RB0LB_1LA1RC_0LD0RD_1RB1LD	2	2	0	267
0RB0LB_1LA1RC_1LD0RD_1RB1LD	2	3	0	296
0RB0LB_1LA1RC_1LD1RB_0RB1LD	2	2	0	183
0RB0LB_1LA1RC_1LD1RB_0RC1LD	2	2	0	181
0RB0LB_1LA1RC_1LD1RB_1RB1LD	2	2	0	125
0RB0LB_1LA1RC_1RD0RD_1RB1LD	2	2	0	483
0RB0LB_1LC0LC_0LD0LA_1RD1RB	3	2	0	278
0RB0LB_1LC0LC_0LD0LB_1RD1LA	2	2	0	97
0RB0LB_1LC0LC_0LD0LC_1RD1LA	2	2	0	97
0RB0LB_1LC0RA_0LD0LC_1RD1LB	2	2	0	203
0RB0LB_1LC0RC_1LD1RA_1RB0LA	2	2	0	102
0RB0LB_1LC0RC_1LD1RA_1RB0RA	4	2	0	366
0RB0LB_1LC0RC_1LD1RA_1RB1LC	2	2	0	84
0RB0LB_1LC0RD_1LD0LB_1RB1RA	2	2	0	198
0RB0LB_1LC0RD_1LD0RA_1RB0LC	2	2	0	120
0RB0LB_1LC0RD_1RB1LA_1LD1LC	2	2	0	228
0RB0LB_1LC0RD_1RB1RA_1LD1LC	2	2	0	301
0RB0LB_1LC0RD_1RC1RB_1LD1LA	2	2	0	235
0RB0LB_1LC1LA_1RD---_0LA1RC	2	2	0	86
0RB0LB_1LC1LA_1RD---_1LA1RC	2	2	0	59
0RB0LB_1LC1LA_1RD0LA_1LD1RC	2	2	0	94
0RB0LB_1LC1LA_1RD0LB_0LC1RC	2	2	0	86
0RB0LB_1LC1LA_1RD0LB_1LC1RC	2	2	0	59
0RB0LB_1LC1LA_1RD1LA_1LD1RC	2	2	0	65
0RB0LB_1LC1LA_1RD1LB_0LC1RC	2	2	0	80
0RB0LB_1LC1LA_1RD1LB_1LC1RC	2	2	0	80
0RB0LB_1LC1LA_1RD1RA_1RB1RC	2	2	0	64
0RB0LB_1LC1LA_1RD1RB_0LC1RC	2	2	0	71
0RB0LB_1LC1LA_1RD1RB_1LC1RC	2	2	0	65
0RB0LB_1LC1LA_1RD1RC_0LA1LC	2	2	0	122
0RB0LB_1LC1LA_1RD1RC_0LB1RB	4	2	0	342
0RB0LB_1LC1LA_1RD1RC_1LA1LC	2	2	0	83
0RB0LB_1LC1LB_0RD1LA_1RB1RD	2	2	0	139
0RB0LB_1LC1LB_1RD0LA_1RB1RD	2	2	0	180
0RB0LB_1LC1LB_1RD1LA_1RB1RD	2	2	0	117
0RB0LB_1LC1LD_0RD0RC_1LA1RC	2	3	0	482
0RB0LB_1LC1LD_0RD1RC_1LA1RC	3	2	0	263
0RB0LB_1LC1LD_1RC1RB_1LA0RD	2	2	0	251
0RB0LB_1LC1LD_1RD1LA_1LA1RC	2	2	0	81
0RB0LB_1LC1LD_1RD1LA_1LD1RC	2	2	0	87
0RB0LB_1LC1RA_1LD1LC_1RB1RD	2	2	0	230
0RB0LB_1LC1RB_0LD0LC_1RD0LA	2	2	0	203
0RB0LB_1LC1RB_0LD0LC_1RD1LA	2	2	0	224
0RB0LB_1LC1RB_0LD1LA_0RA---	2	2	0	206
0RB0LB_1LC1RB_0LD1LA_0RD1LA	2	2	0	216
0RB0LB_1LC1RB_0LD1LA_0RD1RA	2	2	0	264
0RB0LB_1LC1RB_0LD1LA_0RD1RB	2	2	0	206
0RB0LB_1LC1RB_0LD1LA_1LA---	2	2	0	181
0RB0LB_1LC1RB_0LD1LA_1RA---	2	2	0	226
0RB0LB_1LC1RB_0LD1LA_1RB---	2	2	0	177
0RB0LB_1LC1RB_0LD1LA_1RC0RA	2	2	0	216
0RB0LB_1LC1RB_0LD1LA_1RC1LA	2	2	0	189
0RB0LB_1LC1RB_0LD1LA_1RC1RA	2	2	0	234
0RB0LB_1LC1RB_0LD1LA_1RC1RB	2	2	0	185
0RB0LB_1LC1RB_0LD1LA_1RC1RD	2	2	0	201
0RB0LB_1LC1RB_0LD1LA_1RD1LA	2	2	0	193
0RB0LB_1LC1RB_0LD1LA_1RD1LB	2	2	0	179
0RB0LB_1LC1RB_0LD1LA_1RD1RA	2	2	0	252
0RB0LB_1LC1RB_0LD1LA_1RD1RB	2	2	0	171
0RB0LB_1LC1RB_0RD1LA_---1LA	2	2	0	187
0RB0LB_1LC1RB_0RD1LA_---1RB	2	2	0	177
0RB0LB_1LC1RB_0RD1LA_0LB1RD	2	2	0	187
0RB0LB_1LC1RB_0RD1LA_0LC1RD	2	2	0	197
0RB0LB_1LC1RB_0RD1LA_0RB1LD	2	2	0	187
0RB0LB_1LC1RB_0RD1LA_0RC1LD	2	2	0	197
0RB0LB_1LC1RB_0RD1LA_1LA0LC	2	2	0	197
0RB0LB_1LC1RB_0RD1LA_1LA0RD	2	2	0	221
0RB0LB_1LC1RB_0RD1LA_1LB1RD	2	2	0	167
0RB0LB_1LC1RB_0RD1LA_1LC1RD	2	2	0	177
0RB0LB_1LC1RB_0RD1LA_1RB0LC	2	2	0	187
0RB0LB_1LC1RB_0RD1LA_1RB0RD	2	2	0	211
0RB0LB_1LC1RB_0RD1LA_1RB1RD	2	2	0	157
0RB0LB_1LC1RB_1LA0LD_---0RB	3	2	0	422
0RB0LB_1LC1RB_1LA1LD_---1LA	3	2	0	340
0RB0LB_1LC1RB_1LD1LA_0RD0RB	2	2	0	206
0RB0LB_1LC1RB_1LD1LA_0RD0RC	2	2	0	216
0RB0LB_1LC1RB_1LD1LA_1LA---	2	2	0	169
0RB0LB_1LC1RB_1LD1LA_1RA---	2	2	0	185
0RB0LB_1LC1RB_1LD1LA_1RB---	2	2	0	171
0RB0LB_1LC1RB_1LD1LA_1RD0LB	2	2	0	185
0RB0LB_1LC1RB_1LD1LA_1RD0LC	2	2	0	189
0RB0LB_1LC1RB_1LD1LA_1RD0RB	2	2	0	226
0RB0LB_1LC1RB_1LD1LA_1RD0RC	2	2	0	234
0RB0LB_1LC1RB_1LD1LA_1RD1LB	2	2	0	179
0RB0LB_1LC1RB_1LD1LA_1RD1LC	2	2	0	177
0RB0LB_1LC1RB_1LD1LA_1RD1RB	2	2	0	171
0RB0LB_1LC1RB_1LD1LA_1RD1RC	2	2	0	193
0RB0LB_1LC1RB_1RA1LD_0RB1LC	2	2	0	161
0RB0LB_1LC1RB_1RB1LD_---1LA	3	2	0	332
0RB0LB_1LC1RB_1RC1LD_---1LA	3	2	0	354
0RB0LB_1LC1RB_1RD1LA_0LA0RC	2	2	0	268
0RB0LB_1LC1RB_1RD1LA_0LA1RC	2	2	0	199
0RB0LB_1LC1RB_1RD1LA_0LB0RC	2	2	0	251
0RB0LB_1LC1RB_1RD1LA_0LB1RC	2	2	0	187
0RB0LB_1LC1RB_1RD1LA_0LC0RC	2	2	0	253
0RB0LB_1LC1RB_1RD1LA_0LC1RC	2	2	0	195
0RB0LB_1LC1RB_1RD1LA_1LA0RC	2	2	0	264
0RB0LB_1LC1RB_1RD1LA_1LA0RD	2	2	0	187
0RB0LB_1LC1RB_1RD1LA_1LA1LD	2	2	0	177
0RB0LB_1LC1RB_1RD1LA_1LA1RC	2	2	0	183
0RB0LB_1LC1RB_1RD1LA_1LA1RD	2	2	0	181
0RB0LB_1LC1RB_1RD1LA_1LB0RC	2	2	0	247
0RB0LB_1LC1RB_1RD1LA_1LB0RD	2	2	0	175
0RB0LB_1LC1RB_1RD1LA_1LB1RC	2	2	0	177
0RB0LB_1LC1RB_1RD1LA_1LB1RD	2	2	0	159
0RB0LB_1LC1RB_1RD1LA_1LC0RC	2	2	0	249
0RB0LB_1LC1RB_1RD1LA_1LC1RC	2	2	0	185
0RB0LB_1LC1RB_1RD1LA_1LD0RC	2	2	0	249
0RB0LB_1LC1RB_1RD1LA_1LD1RC	2	2	0	185
0RB0LB_1LC1RB_1RD1LA_1RA1LD	2	2	0	193
0RB0LB_1LC1RB_1RD1LA_1RB0RC	2	2	0	245
0RB0LB_1LC1RB_1RD1LA_1RB0RD	2	2	0	181
0RB0LB_1LC1RB_1RD1LA_1RB1LD	2	2	0	179
0RB0LB_1LC1RB_1RD1LA_1RB1RC	2	2	0	175
0RB0LB_1LC1RB_1RD1LA_1RB1RD	2	2	0	153
0RB0LB_1LC1RC_0LD0RA_1RD0RB	2	2	0	261
0RB0LB_1LC1RC_1LA1RD_1LD1RB	3	2	0	456
0RB0LB_1LC1RC_1LA1RD_1RC1RB	3	2	0	444
0RB0LB_1LC1RD_0RC1RB_1LA0RC	3	2	0	506
0RB0LB_1LC1RD_0RC1RB_1LA1RC	3	2	0	499
0RB0LB_1LC1RD_0RD1LA_0RC1RB	3	2	0	516
0RB0LB_1LC1RD_0RD1LC_1LA1RB	2	2	0	225
0RB0LB_1LC1RD_1LA0LB_0RD1RC	3	2	0	365
0RB0LB_1LC1RD_1LD1LB_1LA0RB	2	2	0	442
0RB0LB_1LC1RD_1RA1LD_1RB0LC	2	2	0	799
0RB0LB_1LC1RD_1RC0RD_1LA1RB	2	2	0	295
0RB0LB_1LC1RD_1RC1RB_1LA0RC	3	2	0	570
0RB0LB_1LC1RD_1RC1RB_1LA1RC	3	2	0	451
0RB0LB_1RC0LD_0RD---_1LA1RB	3	2	0	254
0RB0LB_1RC0LD_1RD0LA_1LB0RC	2	2	0	83
0RB0LB_1RC0LD_1RD0RB_1LB0LA	2	2	0	100
0RB0LB_1RC0LD_1RD0RB_1LB1LA	2	2	0	78
0RB0LB_1RC0LD_1RD1LA_1LB0RC	2	2	0	113
0RB0LB_1RC0RA_1LD0RD_1LB0LD	2	2	0	333
0RB0LB_1RC0RB_0RD0RC_1LD1RA	2	2	0	186
0RB0LB_1RC0RB_1LD1RA_1LB1LC	2	2	0	125
0RB0LB_1RC0RB_1LD1RB_0LA1LC	4	2	0	102
0RB0LB_1RC0RC_1LC1LD_1RB1LA	4	2	0	1092
0RB0LB_1RC0RC_1LD1RB_---1LA	2	2	0	128
0RB0LB_1RC0RD_1LC1LA_---1RB	2	2	0	128
0RB0LB_1RC1LA_0LD1RB_0RC1LD	2	2	0	765
0RB0LB_1RC1LA_0LD1RB_1RB1LC	2	2	0	116
0RB0LB_1RC1LA_0LD1RD_1RC1LB	2	2	0	90
0RB0LB_1RC1LA_1LD1RD_0LB1RC	2	2	0	170
0RB0LB_1RC1LA_1LD1RD_1LB1RC	2	2	0	170
0RB0LB_1RC1LA_1RD---_0LB0RD	2	2	0	158
0RB0LB_1RC1LA_1RD---_0LB1RC	2	2	0	112
0RB0LB_1RC1LA_1RD0LA_1LB1RC	2	2	0	170
0RB0LB_1RC1LA_1RD0LB_1LD1RC	2	2	0	122
0RB0LB_1RC1LA_1RD0LD_1LB1RB	4	2	0	646
0RB0LB_1RC1LA_1RD0LD_1LB1RC	2	2	0	130
0RB0LB_1RC1LA_1RD1LA_0LC1RC	2	2	0	112
0RB0LB_1RC1LA_1RD1LA_1LB1RC	2	2	0	119
0RB0LB_1RC1LA_1RD1LA_1LC1RC	2	2	0	119
0RB0LB_1RC1LA_1RD1RA_1LC1RC	2	2	0	122
0RB0LB_1RC1LA_1RD1RB_0LB0LC	2	2	0	158
0RB0LB_1RC1LA_1RD1RB_1LB0LC	2	2	0	160
0RB0LB_1RC1LA_1RD1RB_1LB1RC	2	2	0	116
0RB0LB_1RC1LA_1RD1RC_0LB1LC	2	2	0	158
0RB0LB_1RC1LA_1RD1RC_1LB1RB	4	2	0	530
0RB0LB_1RC1LA_1RD1RD_1LB1RC	2	2	0	120
0RB0LB_1RC1LB_1RD1RC_1LA0LB	2	2	0	786
0RB0LB_1RC1LB_1RD1RC_1LA1LB	2	2	0	119
0RB0LB_1RC1LC_0RD0RA_1LD0LB	2	2	0	318
0RB0LB_1RC1LD_0RD---_1LA0RD	2	2	0	233
0RB0LB_1RC1LD_0RD0RC_1LA0LA	2	3	0	485
0RB0LB_1RC1LD_0RD0RC_1LA0RC	2	2	0	199
0RB0LB_1RC1LD_0RD0RC_1LA1RC	2	3	0	467
0RB0LB_1RC1LD_0RD0RD_1LA0RC	2	2	0	233
0RB0LB_1RC1LD_0RD1LC_1LA0RC	2	2	0	283
0RB0LB_1RC1LD_0RD1RB_1LA0RC	3	2	0	1554
0RB0LB_1RC1LD_0RD1RC_1LA0LA	3	2	0	330
0RB0LB_1RC1LD_0RD1RC_1LA1RC	3	2	0	254
0RB0LB_1RC1LD_1LC1RD_1LA0RD	2	2	0	245
0RB0LB_1RC1LD_1LD0RC_1LA0LA	2	2	0	240
0RB0LB_1RC1LD_1LD0RC_1LA1LB	2	2	0	231
0RB0LB_1RC1LD_1LD0RC_1LA1RC	2	2	0	233
0RB0LB_1RC1LD_1LD1LA_1LC1RD	2	2	0	200
0RB0LB_1RC1LD_1RD---_0LB1RA	4	2	0	344
0RB0LB_1RC1LD_1RD1RA_0LA---	3	2	0	234
0RB0LB_1RC1LD_1RD1RB_0LA0LB	2	2	0	134
0RB0LB_1RC1RB_0LD0RC_1LD1LA	2	2	0	243
0RB0LB_1RC1RB_0RD0RC_1LD1LA	2	2	0	1615
0RB0LB_1RC1RB_0RD0RC_1LD1RA	2	2	0	200
0RB0LB_1RC1RB_1LD0RB_1RA0LC	2	2	0	175
0RB0LB_1RC1RB_1LD0RC_1LB0LA	2	2	0	269
0RB0LB_1RC1RB_1LD0RC_1LC1LA	2	2	0	698
0RB0LB_1RC1RB_1LD0RC_1LD1LA	2	2	0	698
0RB0LB_1RC1RB_1LD1LC_0RB0LA	2	2	0	337
0RB0LB_1RC1RB_1LD1LC_1RB0LA	2	2	0	328
0RB0LC_0LC1RA_1LD1RD_1RB1LD	2	2	0	174
0RB0LC_0LC1RA_1RD0LD_1RB1LA	3	2	0	613
0RB0LC_0LC1RB_1LD0RA_1LA---	3	2	0	304
0RB0LC_0LC1RB_1RD0RD_1LD1LA	3	2	0	653
0RB0LC_0LC1RC_1LD0RA_1LA---	3	2	0	234
0RB0LC_0LC1RC_1RD0LD_1RB1LA	3	2	0	469
0RB0LC_0LC1RD_1LA0LD_1RB1RA	2	2	0	245
0RB0LC_0LC1RD_1LA0LD_1RB1RC	2	2	0	191
0RB0LC_0LC1RD_1LA0RD_1RC---	2	2	0	119
0RB0LC_0LC1RD_1LD1RA_1RD1LC	2	2	0	146
0RB0LC_0RC0LA_1RD1RC_1LB1LD	2	2	0	303
0RB0LC_0RC0RD_1LD0LC_1LA1RB	3	2	0	424
0RB0LC_0RC1LB_1LA1RD_1LB1RC	2	2	0	163
0RB0LC_0RC1LD_1LD1RC_1RA1LB	2	2	0	145
0RB0LC_0RC1RB_1LD0RB_1LA---	3	2	0	522
0RB0LC_0RC1RB_1LD0RC_1LA---	2	2	0	128
0RB0LC_0RC1RD_1LA0RD_1RC---	2	2	0	119
0RB0LC_1LA0LC_0RD1LC_1RB1RD	2	2	0	669
0RB0LC_1LA0LC_1RD1LC_1RB1RD	2	2	0	772
0RB0LC_1LA0RC_1LB0RD_1RB---	3	2	0	277
0RB0LC_1LA0RC_1RD0LB_1RB---	3	2	0	127
0RB0LC_1LA1LC_0LD0LC_1RD1RB	2	2	0	128
0RB0LC_1LA1LC_0RD0LC_1RD1RB	2	2	0	194
0RB0LC_1LA1LC_0RD1LB_1RB1RD	2	2	0	147
0RB0LC_1LA1LC_0RD1LC_1RB1RD	2	2	0	185
0RB0LC_1LA1LC_1RB1RD_0RC0RD	2	2	0	364
0RB0LC_1LA1LC_1RB1RD_1RB0RD	2	2	0	310
0RB0LC_1LA1LC_1RD0LB_1RB1RC	2	2	0	208
0RB0LC_1LA1LC_1RD0LC_1RC1RB	2	2	0	140
0RB0LC_1LA1LC_1RD0LC_1RD1RB	2	2	0	140
0RB0LC_1LA1LC_1RD0RD_1LA0RC	2	2	0	167
0RB0LC_1LA1LC_1RD0RD_1LA1RB	2	2	0	473
0RB0LC_1LA1LC_1RD1LA_1LA0RC	3	2	0	434
0RB0LC_1LA1LC_1RD1LB_1RB1RD	2	2	0	129
0RB0LC_1LA1LC_1RD1LC_1RB1RD	2	2	0	129
0RB0LC_1LA1RB_0LD0LA_1RD0LB	2	2	0	95
0RB0LC_1LA1RB_0LD0LA_1RD0RB	3	2	0	364
0RB0LC_1LA1RB_0LD0LC_1RD0LB	2	2	0	95
0RB0LC_1LA1RB_0LD0LC_1RD1LB	2	2	0	133
0RB0LC_1LA1RB_0LD0LC_1RD1RB	2	2	0	125
0RB0LC_1LA1RB_0LD1LC_1RD1RA	2	2	0	1618
0RB0LC_1LA1RB_0LD1RA_1RD0LA	2	2	0	262
0RB0LC_1LA1RB_0RD0LC_1RD1LB	2	2	0	212
0RB0LC_1LA1RB_0RD0LC_1RD1RB	2	2	0	192
0RB0LC_1LA1RB_1LD0LA_1RD0RC	3	2	0	380
0RB0LC_1LA1RB_1LD0LD_1RD1RA	2	2	0	694
0RB0LC_1LA1RB_1RC0RD_1LB0LC	2	2	0	469
0RB0LC_1LA1RB_1RC1RD_0LB1RC	2	2	0	309
0RB0LC_1LA1RB_1RD0LA_1RD1LB	2	2	0	144
0RB0LC_1LA1RB_1RD0LA_1RD1RB	2	2	0	132
0RB0LC_1LA1RB_1RD0LC_1RD0LB	2	2	0	170
0RB0LC_1LA1RB_1RD0LC_1RD1LB	2	2	0	144
0RB0LC_1LA1RB_1RD0LC_1RD1RB	2	2	0	132
0RB0LC_1LA1RB_1RD0RD_1LD1LA	3	2	0	633
0RB0LC_1LA1RC_0LD0LC_1RD1RB	2	2	0	127
0RB0LC_1LA1RC_0RD0RB_1LD1LB	4	2	0	530
0RB0LC_1LA1RC_0RD1LA_1LD1RB	3	2	0	471
0RB0LC_1LA1RC_0RD1RC_1LD0LA	2	2	0	145
0RB0LC_1LA1RC_1LC0RD_1RB1LB	3	2	0	365
0RB0LC_1LA1RC_1LC1LD_1RB0RD	2	2	0	325
0RB0LC_1LA1RC_1LD0RD_1RB1LD	2	3	0	290
0RB0LC_1LA1RC_1LD1RB_0RB1LD	2	2	0	225
0RB0LC_1LA1RC_1LD1RB_1RB1LD	2	2	0	207
0RB0LC_1LA1RC_1RB0LD_0RB1RB	2	2	0	123
0RB0LC_1LA1RC_1RB0RD_0LB---	2	2	0	123
0RB0LC_1LA1RC_1RB0RD_1LB0RC	2	2	0	149
0RB0LC_1LA1RC_1RB0RD_1LB0RD	2	2	0	157
0RB0LC_1LA1RC_1RB0RD_1LB1LC	2	2	0	155
0RB0LC_1LA1RC_1RB0RD_1LB1RB	3	2	0	440
0RB0LC_1LA1RC_1RB0RD_1LB1RD	2	2	0	188
0RB0LC_1LA1RC_1RB1LD_0LB0LC	2	2	0	67
0RB0LC_1LA1RC_1RB1LD_0LB0RA	2	2	0	103
0RB0LC_1LA1RC_1RB1LD_0RB0LC	2	2	0	89
0RB0LC_1LA1RC_1RB1LD_0RB0RA	2	2	0	141
0RB0LC_1LA1RC_1RB1RD_0LD1LA	2	2	0	123
0RB0LC_1LA1RC_1RB1RD_0RC0RD	2	2	0	318
0RB0LC_1LA1RC_1RD0RC_1LA1LB	2	2	0	300
0RB0LC_1LA1RC_1RD0RC_1LA1LD	2	2	0	157
0RB0LC_1LA1RC_1RD0RD_1LD0LA	2	2	0	363
0RB0LC_1LA1RC_1RD1LA_1LA1RC	2	2	0	89
0RB0LC_1LA1RC_1RD1LA_1LD1RC	2	2	0	99
0RB0LC_1LC---_1RD0LA_1RC1RB	2	2	0	138
0RB0LC_1LC---_1RD0LA_1RD1RB	2	2	0	138
0RB0LC_1LC0LA_0LD0LA_1RD1LB	2	2	0	97
0RB0LC_1LC0LA_0LD0LB_1RD1RB	3	2	0	278
0RB0LC_1LC0LA_0LD0LC_1RD1LB	2	2	0	97
0RB0LC_1LC0LA_0LD1RB_1RD1LA	2	2	0	245
0RB0LC_1LC0LA_0LD1RB_1RD1LB	2	2	0	225
0RB0LC_1LC0LA_0RD1LB_1RC1RB	2	2	0	213
0RB0LC_1LC0LA_0RD1LD_1RC1RB	2	2	0	262
0RB0LC_1LC0LA_1RD0RD_1LA0RC	2	2	0	173
0RB0LC_1LC0LA_1RD1LA_1LA0RC	3	2	0	510
0RB0LC_1LC0LA_1RD1LD_1RC1RB	2	2	0	200
0RB0LC_1LC0LA_1RD1LD_1RD1RB	2	2	0	200
0RB0LC_1LC0LA_1RD1RB_1RD1LA	2	2	0	450
0RB0LC_1LC0LC_1RB1RD_1LA1RC	2	2	0	228
0RB0LC_1LC0LC_1RC1RD_1LA0RB	3	2	0	523
0RB0LC_1LC0LC_1RD0RB_1LA0RD	2	2	0	355
0RB0LC_1LC0LC_1RD0RB_1RC1LA	2	2	0	360
0RB0LC_1LC0LC_1RD1LA_1RA0LC	2	2	0	188
0RB0LC_1LC0LC_1RD1RA_1RC1LD	3	2	0	403
0RB0LC_1LC0LD_1LA0LA_1RD1LC	2	2	0	107
0RB0LC_1LC0LD_1LA0LC_1RD1LA	2	2	0	107
0RB0LC_1LC0LD_1LA0LC_1RD1RC	2	2	0	136
0RB0LC_1LC0LD_1LA0RB_1RD0RB	2	2	0	222
0RB0LC_1LC0LD_1LA1LA_1RD1RA	4	2	0	341
0RB0LC_1LC0LD_1LA1RB_1RD0RB	2	2	0	314
0RB0LC_1LC0LD_1RC1LA_1RD0RA	4	2	0	426
0RB0LC_1LC0LD_1RC1LA_1RD1RA	4	2	0	330
0RB0LC_1LC0LD_1RD0RC_1LA1RB	2	2	0	322
0RB0LC_1LC0RA_1RC1LD_1LA1RD	2	2	0	329
0RB0LC_1LC0RA_1RC1LD_1RB0LD	2	2	0	110
0RB0LC_1LC0RA_1RD1LD_0LA1RB	3	2	0	348
0RB0LC_1LC0RC_1LD0LA_1RB0RA	2	2	0	452
0RB0LC_1LC0RC_1LD0LA_1RB1RC	2	2	0	181
0RB0LC_1LC0RC_1LD0LA_1RB1RD	2	2	0	145
0RB0LC_1LC0RC_1LD1LC_1RB0RA	2	2	0	434
0RB0LC_1LC0RC_1LD1RA_0RB1LB	3	2	0	310
0RB0LC_1LC0RC_1LD1RA_1RB0LC	2	2	0	112
0RB0LC_1LC0RC_1LD1RA_1RB1LB	3	2	0	224
0RB0LC_1LC0RC_1RB1LD_1RA0LB	4	2	0	312
0RB0LC_1LC0RC_1RD0LA_1LA0RD	2	3	0	850
0RB0LC_1LC0RC_1RD0LB_1LA0RD	2	2	0	488
0RB0LC_1LC0RC_1RD0RB_1LA0RC	2	2	0	157
0RB0LC_1LC0RC_1RD0RB_1LA0RD	2	2	0	224
0RB0LC_1LC0RC_1RD0RC_1LA0RD	2	2	0	250
0RB0LC_1LC0RC_1RD1LA_1LA0RC	2	2	0	401
0RB0LC_1LC0RC_1RD1LA_1LA0RD	2	2	0	255
0RB0LC_1LC0RC_1RD1LC_1LA0RD	2	3	0	814
0RB0LC_1LC0RC_1RD1RC_1LA0RD	2	2	0	255
0RB0LC_1LC0RD_1LA---_1RB1RA	2	2	0	94
0RB0LC_1LC0RD_1LA0LC_1RD1RC	2	2	0	204
0RB0LC_1LC0RD_1LD1RA_1RB0LC	2	2	0	108
0RB0LC_1LC0RD_1RB0RB_1LD0LA	2	2	0	441
0RB0LC_1LC0RD_1RD0LB_1RB1LA	2	2	0	109
0RB0LC_1LC0RD_1RD0LD_1RB1LA	2	2	0	414
0RB0LC_1LC1LA_0LD0LC_1RD0LB	2	2	0	185
0RB0LC_1LC1LA_0LD0LC_1RD1LB	2	2	0	200
0RB0LC_1LC1LA_1RB1RD_0LA1RB	2	2	0	456
0RB0LC_1LC1LA_1RB1RD_1LA1RC	2	2	0	226
0RB0LC_1LC1LA_1RC1RD_1LB1RD	2	2	0	165
0RB0LC_1LC1LB_0LD0LA_1RD0RB	2	2	0	98
0RB0LC_1LC1LB_0RD1LA_1RB1RD	2	2	0	490
0RB0LC_1LC1LB_1LD1RC_1RC1LA	2	2	0	155
0RB0LC_1LC1LB_1RC1RD_1LB0RA	3	2	0	312
0RB0LC_1LC1LB_1RD1LA_1RB1RD	2	2	0	195
0RB0LC_1LC1LC_1RD0RC_1LA1RB	2	2	0	308
0RB0LC_1LC1LC_1RD0RD_1LA0RC	2	2	0	165
0RB0LC_1LC1LC_1RD1LA_1LA0RC	3	2	0	432
0RB0LC_1LC1LD_1LA0RD_1RC1RA	2	2	0	66
0RB0LC_1LC1LD_1LD1RC_1RC1LA	2	2	0	176
0RB0LC_1LC1LD_1RC0RD_1LA0LA	2	2	0	385
0RB0LC_1LC1LD_1RC0RD_1LA1LC	2	2	0	303
0RB0LC_1LC1LD_1RC1RD_1LA0RD	2	2	0	301
0RB0LC_1LC1RA_1LA0LD_0RC---	2	2	0	158
0RB0LC_1LC1RA_1LA0LD_1LA---	2	2	0	172
0RB0LC_1LC1RA_1LA0LD_1RC---	2	2	0	246
0RB0LC_1LC1RA_1LA0RD_0LC---	2	2	0	158
0RB0LC_1LC1RA_1LA0RD_1RC---	2	2	0	142
0RB0LC_1LC1RA_1LA1LD_0LC---	2	2	0	202
0RB0LC_1LC1RA_1LA1LD_0RA---	2	2	0	182
0RB0LC_1LC1RA_1LA1LD_0RB---	2	2	0	148
0RB0LC_1LC1RA_1LA1LD_0RD0LC	2	2	0	182
0RB0LC_1LC1RA_1LA1LD_0RD1LA	2	2	0	158
0RB0LC_1LC1RA_1LA1LD_0RD1RA	2	2	0	148
0RB0LC_1LC1RA_1LA1LD_0RD1RC	2	2	0	130
0RB0LC_1LC1RA_1LA1LD_1RB0LB	4	2	0	1302
0RB0LC_1LC1RA_1LA1LD_1RB0LC	2	2	0	171
0RB0LC_1LC1RA_1LA1LD_1RB0RA	4	2	0	3412
0RB0LC_1LC1RA_1LA1LD_1RB1LC	4	2	0	1819
0RB0LC_1LC1RA_1LA1LD_1RC0LC	2	2	0	246
0RB0LC_1LC1RA_1LA1LD_1RC0LD	2	2	0	402
0RB0LC_1LC1RA_1LA1LD_1RC0RA	2	2	0	192
0RB0LC_1LC1RA_1LA1LD_1RC0RB	2	2	0	158
0RB0LC_1LC1RA_1LA1LD_1RC0RD	2	2	0	158
0RB0LC_1LC1RA_1LA1LD_1RD1LA	2	2	0	246
0RB0LC_1LC1RA_1LA1RD_0LA---	2	2	0	182
0RB0LC_1LC1RA_1LA1RD_0LB---	2	2	0	148
0RB0LC_1LC1RA_1LA1RD_0LD0LC	2	2	0	182
0RB0LC_1LC1RA_1LA1RD_0LD1LA	2	2	0	158
0RB0LC_1LC1RA_1LA1RD_0LD1RA	2	2	0	148
0RB0LC_1LC1RA_1LA1RD_0LD1RC	2	2	0	130
0RB0LC_1LC1RA_1LA1RD_0RB---	2	2	0	138
0RB0LC_1LC1RA_1LA1RD_0RC---	2	2	0	126
0RB0LC_1LC1RA_1LA1RD_1LA---	2	2	0	124
0RB0LC_1LC1RA_1LA1RD_1LC0LA	2	2	0	192
0RB0LC_1LC1RA_1LA1RD_1LC0LB	2	2	0	158
0RB0LC_1LC1RA_1LA1RD_1LC0RB	2	2	0	148
0RB0LC_1LC1RA_1LA1RD_1LC0RC	2	2	0	134
0RB0LC_1LC1RA_1LA1RD_1LC0RD	2	2	0	148
0RB0LC_1LC1RA_1LA1RD_1LC1LA	2	2	0	130
0RB0LC_1LC1RA_1LA1RD_1LD0LC	2	2	0	124
0RB0LC_1LC1RA_1LA1RD_1LD0RA	2	2	0	168
0RB0LC_1LC1RA_1LD0LB_1RB0LC	2	2	0	162
0RB0LC_1LC1RA_1RD1LA_1LA0RC	3	2	0	273
0RB0LC_1LC1RA_1RD1LA_1LB0RD	2	2	0	255
0RB0LC_1LC1RB_0LD0LA_1RD0LB	2	2	0	107
0RB0LC_1LC1RB_0LD0RA_1RD0RB	2	2	0	948
0RB0LC_1LC1RB_0RB1LD_0RA1LC	2	2	0	193
0RB0LC_1LC1RB_1LA0RD_1LD1LC	2	2	0	243
0RB0LC_1LC1RB_1LA0RD_1RC1LD	2	2	0	116
0RB0LC_1LC1RB_1LA0RD_1RC1RD	2	2	0	137
0RB0LC_1LC1RB_1LD1RC_1RC1LA	2	2	0	134
0RB0LC_1LC1RB_1RA1LD_0RB1LC	2	2	0	173
0RB0LC_1LC1RB_1RD0LA_0RD1RB	3	2	0	182
0RB0LC_1LC1RB_1RD0LA_1RC1LB	2	2	0	150
0RB0LC_1LC1RB_1RD0LA_1RD1LB	2	2	0	150
0RB0LC_1LC1RB_1RD0RC_1LA0RD	2	2	0	215
0RB0LC_1LC1RC_1RD0LA_0LB1RB	2	2	0	248
0RB0LC_1LC1RC_1RD0LA_1LD1RB	2	2	0	194
0RB0LC_1LC1RC_1RD0LC_0LB1LA	2	2	0	318
0RB0LC_1LC1RC_1RD0RC_1LA1LB	2	2	0	294
0RB0LC_1LC1RC_1RD0RC_1LA1LD	2	2	0	151
0RB0LC_1LC1RD_0RB1LC_1LA1RB	2	2	0	284
0RB0LC_1LC1RD_0RD1LC_1LA1RB	2	2	0	257
0RB0LC_1LC1RD_1LA---_0RB0RC	2	2	0	118
0RB0LC_1LC1RD_1LA0LA_1LD1RB	2	2	0	251
0RB0LC_1LC1RD_1LA0LA_1RD1RB	2	2	0	147
0RB0LC_1LC1RD_1LA0LC_1RD1LA	2	2	0	191
0RB0LC_1LC1RD_1LA0LC_1RD1RC	2	2	0	147
0RB0LC_1LC1RD_1LA0LD_1RB0RB	4	2	0	920
0RB0LC_1LC1RD_1LA0RB_0RD1RA	2	2	0	198
0RB0LC_1LC1RD_1LA0RB_1RB0RB	4	2	0	602
0RB0LC_1LC1RD_1LA0RD_1RC0LA	2	2	0	129
0RB0LC_1LC1RD_1LA0RD_1RC0LB	2	2	0	121
0RB0LC_1LC1RD_1LA0RD_1RC0LC	2	2	0	114
0RB0LC_1LC1RD_1LA0RD_1RC0LD	2	2	0	114
0RB0LC_1LC1RD_1LA0RD_1RC0RB	2	2	0	156
0RB0LC_1LC1RD_1LA0RD_1RC0RC	2	2	0	123
0RB0LC_1LC1RD_1LA0RD_1RC0RD	2	2	0	119
0RB0LC_1LC1RD_1LA0RD_1RC1LA	2	2	0	125
0RB0LC_1LC1RD_1LA0RD_1RC1LD	2	2	0	125
0RB0LC_1LC1RD_1LA0RD_1RC1RA	2	2	0	140
0RB0LC_1LC1RD_1LA0RD_1RC1RC	2	2	0	119
0RB0LC_1LC1RD_1LA0RD_1RC1RD	2	2	0	115
0RB0LC_1LC1RD_1LA1LA_1RD1RA	4	2	0	540
0RB0LC_1LC1RD_1LA1LB_1RB0RB	4	2	0	708
0RB0LC_1LC1RD_1LA1LD_0RB1RC	2	2	0	134
0RB0LC_1LC1RD_1LA1RC_0RD1RA	4	2	0	520
0RB0LC_1LC1RD_1LA1RC_0RD1RB	2	3	0	411
0RB0LC_1LC1RD_1RA1LD_1RB0LC	2	2	0	767
0RB0LC_1LC1RD_1RB1LD_1LA1RB	2	2	0	327
0RB0LC_1LC1RD_1RC1LD_1LA1RB	2	2	0	329
0RB0LC_1LC1RD_1RD0LA_1LA0RD	2	3	0	500
0RB0LC_1LC1RD_1RD0LA_1LD1RB	2	2	0	248
0RB0LC_1LC1RD_1RD0RB_1LA0RD	2	2	0	167
0RB0LC_1LC1RD_1RD0RB_1RC1LA	2	2	0	400
0RB0LC_1LC1RD_1RD0RC_1LA0RD	2	2	0	296
0RB0LC_1LC1RD_1RD0RD_1LA0RC	2	2	0	300
0RB0LC_1LC1RD_1RD0RD_1LA0RD	2	2	0	310
0RB0LC_1LC1RD_1RD1LB_1LA0RD	2	2	0	329
0RB0LC_1LC1RD_1RD1LC_1LA0RD	2	3	0	482
0RB0LC_1LC1RD_1RD1RA_1RC1LD	2	2	0	270
0RB0LC_1LC1RD_1RD1RB_1LA0RD	2	2	0	324
0RB0LC_1LC1RD_1RD1RC_1LA0RD	2	2	0	306
0RB0LC_1RC---_0RD1RC_1LD0LA	2	2	0	135
0RB0LC_1RC---_1LD0RD_1RB0LA	3	2	0	139
0RB0LC_1RC---_1RD0RD_1LD0LA	2	2	0	279
0RB0LC_1RC0LA_0RD1RC_1LD1LB	3	2	0	384
0RB0LC_1RC0LA_1LB0RD_1RB---	3	2	0	139
0RB0LC_1RC0LA_1RD0RC_1LA1LB	2	2	0	314
0RB0LC_1RC0LA_1RD0RC_1LA1LD	2	2	0	163
0RB0LC_1RC0LA_1RD1LA_1LA1RC	2	2	0	95
0RB0LC_1RC0LA_1RD1LA_1LD1RC	2	2	0	105
0RB0LC_1RC0LA_1RD1RC_1LB1LD	2	2	0	257
0RB0LC_1RC0LB_0RD0LB_1LD1LA	4	2	0	289
0RB0LC_1RC0LB_0RD1RD_1LD1LA	2	2	0	344
0RB0LC_1RC0LB_1RD1LD_1LA0RA	3	2	0	293
0RB0LC_1RC0LC_0RD0LA_1LD1RB	3	2	0	173
0RB0LC_1RC0LD_1LA0LA_1RD0RB	2	2	0	330
0RB0LC_1RC0LD_1LA0LA_1RD1LA	2	2	0	93
0RB0LC_1RC0LD_1LA0LA_1RD1RB	2	2	0	78
0RB0LC_1RC0LD_1LA0LC_1RD0RB	2	2	0	330
0RB0LC_1RC0LD_1LA0LC_1RD1LA	2	2	0	93
0RB0LC_1RC0LD_1LA0LC_1RD1LC	2	2	0	93
0RB0LC_1RC0LD_1LA0LC_1RD1RB	2	2	0	78
0RB0LC_1RC0LD_1LA0LC_1RD1RC	2	2	0	131
0RB0LC_1RC0LD_1LA0LD_1RD0RB	3	2	0	441
0RB0LC_1RC0LD_1LA0RB_0RD1RB	2	2	0	152
0RB0LC_1RC0LD_1LA0RB_1RD0LC	4	2	0	996
0RB0LC_1RC0LD_1LA0RB_1RD0RB	2	2	0	101
0RB0LC_1RC0LD_1LA0RB_1RD1LB	2	2	0	70
0RB0LC_1RC0LD_1LA0RB_1RD1RB	2	3	0	221
0RB0LC_1RC0LD_1LA1LA_1RD1RA	4	2	0	504
0RB0LC_1RC0LD_1LA1LC_1RD0RB	2	2	0	411
0RB0LC_1RC0LD_1LA1LD_1RA0LD	4	2	0	513
0RB0LC_1RC0LD_1LA1LD_1RA1LA	3	2	0	734
0RB0LC_1RC0LD_1LA1LD_1RD1RA	4	2	0	563
0RB0LC_1RC0LD_1LA1RC_1RD0RB	2	2	0	1177
0RB0LC_1RC0LD_1LB1RA_1RD1RC	2	2	0	266
0RB0LC_1RC0LD_1LC1LB_1RA1LA	4	2	0	643
0RB0LC_1RC0LD_1LD0RB_1LB0RA	2	2	0	124
0RB0LC_1RC0RA_0RD---_1LD0LB	2	2	0	356
0RB0LC_1RC0RA_0RD0RD_1LD1LB	2	2	0	280
0RB0LC_1RC0RA_1LC0RD_1LD1LB	2	2	0	360
0RB0LC_1RC0RB_0RD1LA_1LD0LB	2	2	0	318
0RB0LC_1RC0RC_1RD0LA_1LA0LB	2	2	0	395
0RB0LC_1RC0RC_1RD0RC_1LA0RD	2	2	0	254
0RB0LC_1RC0RC_1RD1LA_1LA0RC	2	2	0	407
0RB0LC_1RC0RC_1RD1LA_1LA0RD	2	2	0	261
0RB0LC_1RC0RC_1RD1LC_1LA0RD	2	3	0	558
0RB0LC_1RC0RC_1RD1RC_1LA0LB	2	2	0	379
0RB0LC_1RC0RC_1RD1RC_1LA0RD	2	2	0	259
0RB0LC_1RC0RD_0LD1RD_1LA1LB	2	2	0	513
0RB0LC_1RC0RD_1LA0LA_1RD1RB	2	2	0	101
0RB0LC_1RC0RD_1LA0LB_1RD1RA	4	2	0	486
0RB0LC_1RC0RD_1LA0LC_1RD1RB	2	2	0	101
0RB0LC_1RC0RD_1LA0LC_1RD1RC	2	2	0	200
0RB0LC_1RC0RD_1LA0RB_0RD1RB	2	2	0	146
0RB0LC_1RC0RD_1LA0RB_1LA1RB	2	2	0	152
0RB0LC_1RC0RD_1LA0RB_1RD1RB	2	2	0	118
0RB0LC_1RC0RD_1LA0RD_1LB1RA	4	2	0	504
0RB0LC_1RC0RD_1LA1RC_1RD0RB	2	3	0	491
0RB0LC_1RC0RD_1LC1LA_1RB1LD	3	2	0	181
0RB0LC_1RC0RD_1RD0RC_1LA1LB	2	2	0	314
0RB0LC_1RC0RD_1RD1LB_1LA0RC	2	2	0	535
0RB0LC_1RC1LA_1LC0LD_1RB0RD	4	2	0	673
0RB0LC_1RC1LA_1LD0RB_0LB1RD	2	2	0	111
0RB0LC_1RC1LA_1LD0RD_0LB1LB	3	2	0	636
0RB0LC_1RC1LA_1LD1RC_0LB1LB	3	2	0	346
0RB0LC_1RC1LA_1LD1RC_0RC1LB	3	2	0	323
0RB0LC_1RC1LA_1LD1RD_0LB1RC	2	2	0	185
0RB0LC_1RC1LA_1LD1RD_1LB1RC	2	2	0	147
0RB0LC_1RC1LB_1LA0RD_1LD1RB	2	2	0	292
0RB0LC_1RC1LB_1LA0RD_1RD0RB	4	2	0	240
0RB0LC_1RC1LB_1LA1RD_0LB0RB	2	2	0	313
0RB0LC_1RC1LB_1LA1RD_1LB0RB	2	3	0	266
0RB0LC_1RC1LB_1LA1RD_1LB1RC	2	2	0	130
0RB0LC_1RC1LB_1LA1RD_1RB0RB	2	2	0	483
0RB0LC_1RC1LB_1LC0LD_1LA1RA	4	2	0	350
0RB0LC_1RC1LB_1LD1RC_---1LA	2	2	0	169
0RB0LC_1RC1LB_1RD0RC_1LA1LB	2	2	0	147
0RB0LC_1RC1LB_1RD0RC_1LA1LD	2	2	0	213
0RB0LC_1RC1LB_1RD0RD_1LA0RC	2	2	0	147
0RB0LC_1RC1LC_1RD0RD_1LA0RC	2	2	0	197
0RB0LC_1RC1LD_0LB0RD_1LB1RA	2	2	0	94
0RB0LC_1RC1LD_1LA0RB_0RD1RB	2	2	0	112
0RB0LC_1RC1LD_1LA0RB_1RB0LD	2	2	0	104
0RB0LC_1RC1LD_1LA0RB_1RD1RB	2	2	0	101
0RB0LC_1RC1LD_1LA0RD_1LB1RA	2	2	0	439
0RB0LC_1RC1LD_1LA1RB_1LB0LD	2	2	0	146
0RB0LC_1RC1LD_1LA1RD_1LB0RC	2	2	0	223
0RB0LC_1RC1LD_1LB1RC_0RA1LB	2	2	0	123
0RB0LC_1RC1LD_1LC1LA_1RB1RD	2	2	0	166
0RB0LC_1RC1LD_1LD1RC_1RC1LA	2	2	0	169
0RB0LC_1RC1LD_1RD0LA_1LA0RD	2	2	0	345
0RB0LC_1RC1LD_1RD1RC_1LA0RD	2	2	0	329
0RB0LC_1RC1RA_0LC1LD_0LA1RB	3	2	0	295
0RB0LC_1RC1RA_0LD0RD_1LD1LB	2	2	0	303
0RB0LC_1RC1RA_0RD0RD_1LD1LB	2	2	0	280
0RB0LC_1RC1RA_1LC0LD_1LA---	4	2	0	404
0RB0LC_1RC1RA_1LC0RD_1LD1LB	2	2	0	284
0RB0LC_1RC1RA_1LC1LD_0LA1RB	3	2	0	372
0RB0LC_1RC1RA_1LD---_1LA0LD	4	2	0	404
0RB0LC_1RC1RA_1LD1LA_1RB0LD	4	2	0	600
0RB0LC_1RC1RA_1RD0LD_1LA1LA	4	2	0	710
0RB0LC_1RC1RA_1RD0LD_1LA1RA	4	2	0	612
0RB0LC_1RC1RB_0LC1RD_1LD1LA	2	2	0	138
0RB0LC_1RC1RB_0LD0RD_1LB1LA	4	2	0	1386
0RB0LC_1RC1RB_0LD1RA_1LB1LD	2	2	0	162
0RB0LC_1RC1RB_0RD0LB_1LD0LA	3	2	0	554
0RB0LC_1RC1RB_0RD0RB_1LD0LA	3	2	0	176
0RB0LC_1RC1RB_0RD0RD_1LD1LA	3	2	0	176
0RB0LC_1RC1RB_0RD1LC_1LD1LA	2	2	0	308
0RB0LC_1RC1RB_1LA0RD_1RC---	2	2	0	108
0RB0LC_1RC1RB_1LA1LD_0RB1LC	2	2	0	193
0RB0LC_1RC1RB_1LA1LD_0RB1LD	2	2	0	193
0RB0LC_1RC1RB_1LA1LD_1RB1LC	2	2	0	281
0RB0LC_1RC1RB_1LA1LD_1RB1LD	2	2	0	264
0RB0LC_1RC1RB_1LC0LD_1LA1RA	4	2	0	975
0RB0LC_1RC1RB_1LD0LB_---1LA	2	2	0	293
0RB0LC_1RC1RB_1LD0RB_---1LA	3	2	0	522
0RB0LC_1RC1RB_1LD1LC_0RB1LA	2	2	0	149
0RB0LC_1RC1RB_1LD1LC_1RB0LA	2	2	0	191
0RB0LC_1RC1RB_1LD1LC_1RB1LA	2	2	0	126
0RB0LC_1RC1RB_1LD1RA_1LB1LD	2	2	0	127
0RB0LC_1RC1RB_1LD1RC_---1LA	2	2	0	128
0RB0LC_1RC1RB_1LD1RD_1LD1LA	2	2	0	128
0RB0LC_1RC1RB_1RD0LD_1LA0RB	3	2	0	159
0RB0LC_1RC1RB_1RD1LC_1LA0RB	2	2	0	652
0RB0LC_1RC1RB_1RD1LC_1LA1LB	2	2	0	444
0RB0LC_1RC1RB_1RD1LC_1LA1RB	2	2	0	418
0RB0LC_1RC1RC_0RD1LA_1LD1RB	3	2	0	260
0RB0LC_1RC1RC_1RD0RC_1LA1LB	2	2	0	298
0RB0LC_1RC1RC_1RD0RC_1LA1LD	2	2	0	155
0RB0LC_1RC1RC_1RD1LA_1LA1RC	2	2	0	87
0RB0LC_1RC1RC_1RD1LA_1LD1RC	2	2	0	97
0RB0LC_1RC1RD_0LC1LA_1LB1RB	2	2	0	138
0RB0LC_1RC1RD_0LC1LA_1RB---	2	2	0	96
0RB0LC_1RC1RD_1LA---_0RD1RA	4	2	0	404
0RB0LC_1RC1RD_1LA0LA_1RD0RB	3	2	0	371
0RB0LC_1RC1RD_1LA0LA_1RD1RC	2	2	0	146
0RB0LC_1RC1RD_1LA0LB_0RD1RB	4	2	0	424
0RB0LC_1RC1RD_1LA0LC_1LD1RB	2	2	0	213
0RB0LC_1RC1RD_1LA0LC_1RA---	3	2	0	515
0RB0LC_1RC1RD_1LA0LC_1RD0RB	2	2	0	351
0RB0LC_1RC1RD_1LA0LC_1RD1LA	2	2	0	165
0RB0LC_1RC1RD_1LA0LC_1RD1LC	2	2	0	165
0RB0LC_1RC1RD_1LA0LC_1RD1RB	2	2	0	125
0RB0LC_1RC1RD_1LA0LC_1RD1RC	2	2	0	146
0RB0LC_1RC1RD_1LA0RB_0LD1RB	2	2	0	112
0RB0LC_1RC1RD_1LA0RB_0RD1LB	2	2	0	112
0RB0LC_1RC1RD_1LA0RB_0RD1RB	2	2	0	151
0RB0LC_1RC1RD_1LA0RB_1LB0RD	2	2	0	229
0RB0LC_1RC1RD_1LA0RB_1LB1RC	2	2	0	112
0RB0LC_1RC1RD_1LA0RB_1LC1RB	2	2	0	122
0RB0LC_1RC1RD_1LA0RB_1LD1RB	2	3	0	236
0RB0LC_1RC1RD_1LA0RB_1RC---	2	2	0	108
0RB0LC_1RC1RD_1LA0RB_1RD0RB	2	2	0	108
0RB0LC_1RC1RD_1LA0RB_1RD1RB	2	3	0	232
0RB0LC_1RC1RD_1LA0RB_1RD1RC	4	2	0	600
0RB0LC_1RC1RD_1LA0RD_1RC---	2	2	0	108
0RB0LC_1RC1RD_1LA1LA_1RD1RA	4	2	0	404
0RB0LC_1RC1RD_1LA1LC_0RD1RB	3	2	0	251
0RB0LC_1RC1RD_1LA1RC_0RD1RB	2	3	0	401
0RB0LC_1RC1RD_1LA1RC_1LD0RB	2	3	0	507
0RB0LC_1RC1RD_1LA1RC_1RD0RB	3	2	0	305
0RB0LC_1RC1RD_1LB1LA_1RB0LC	2	2	0	106
0RB0LC_1RC1RD_1LB1LA_1RB0RC	2	2	0	84
0RB0LC_1RC1RD_1LC1LA_1LB0RD	2	2	0	1778
0RB0LC_1RC1RD_1LC1LA_1LB1RB	2	2	0	128
0RB0LC_1RC1RD_1LC1LA_1RB0LB	2	2	0	106
0RB0LC_1RC1RD_1LC1LA_1RB0LC	2	2	0	180
0RB0LC_1RC1RD_1LC1LA_1RB0RD	3	2	0	139
0RB0LC_1RC1RD_1LC1LA_1RB1RB	2	2	0	96
0RB0LC_1RC1RD_1LD1RA_1RD1LC	2	2	0	114
0RB0LC_1RC1RD_1RD0RC_1LA0RD	2	2	0	300
0RB0LC_1RC1RD_1RD0RD_1LA0RC	2	2	0	306
0RB0LC_1RC1RD_1RD0RD_1LA0RD	2	2	0	316
0RB0LC_1RC1RD_1RD1LB_1LA0RD	2	3	0	501
0RB0LC_1RC1RD_1RD1LC_1LA0RD	2	3	0	483
0RB0LC_1RC1RD_1RD1RC_1LA0RD	2	2	0	310
0RB0LD_0LC0RC_1RD1LC_1LA1RB	2	2	0	269
0RB0LD_0LC1LA_0RD1LB_1LC1RD	3	2	0	346
0RB0LD_0LC1LA_1LD1RD_1RB0LD	2	2	0	280
0RB0LD_0LC1LC_1RD1LA_1LC1RD	2	2	0	180
0RB0LD_0LC1LD_1LA0RA_1RD1RC	3	2	0	570
0RB0LD_0LC1LD_1LA0RD_1RC0RC	2	2	0	160
0RB0LD_0LC1LD_1LA0RD_1RC1LA	3	2	0	455
0RB0LD_0LC1LD_1LA1RA_1RC0RB	2	2	0	222
0RB0LD_0LC1LD_1LA1RA_1RC1LA	2	2	0	176
0RB0LD_0LC1RA_1LA1RD_1RB0LA	2	2	0	275
0RB0LD_0LC1RA_1LA1RD_1RB0LB	3	2	0	503
0RB0LD_0LC1RA_1LA1RD_1RB0LD	2	2	0	275
0RB0LD_0LC1RA_1LD---_1LA1RD	2	2	0	125
0RB0LD_0LC1RA_1LD1RD_1RB0LA	2	2	0	255
0RB0LD_0LC1RA_1RB1LC_1LA1RD	2	2	0	357
0RB0LD_0LC1RA_1RB1LD_1LA1RD	2	2	0	131
0RB0LD_0LC1RA_1RB1RD_1LA1RD	2	2	0	134
0RB0LD_0LC1RA_1RD---_1LA1RD	2	2	0	128
0RB0LD_0LC1RB_1LA1RD_1RC0RB	2	2	0	103
0RB0LD_0LC1RB_1LA1RD_1RC1LA	2	2	0	77
0RB0LD_0LC1RB_1RD1LA_1LB0RC	2	2	0	137
0RB0LD_0LC1RB_1RD1RC_1LA0RC	2	2	0	129
0RB0LD_0LC1RC_1LA0RD_1RB1LC	3	2	0	501
0RB0LD_0LC1RC_1LA1RB_1RD1RC	2	2	0	216
0RB0LD_0LC1RC_1LA1RD_1RB0LA	2	2	0	236
0RB0LD_0LC1RC_1LA1RD_1RB0LD	2	2	0	236
0RB0LD_0LC1RC_1LA1RD_1RB1RC	2	2	0	228
0RB0LD_0LC1RC_1LD1RD_1RB0LA	2	2	0	218
0RB0LD_0LC1RC_1RD---_1LA0RC	2	2	0	123
0RB0LD_0LC1RD_0LD1LD_1RB1LA	2	2	0	240
0RB0LD_0LC1RD_0RD1LC_1RB1LA	2	2	0	823
0RB0LD_0LC1RD_0RD1LD_1RB1LA	2	2	0	240
0RB0LD_0LC1RD_1LA---_1RA0LC	3	2	0	219
0RB0LD_0LC1RD_1LA0RA_1RC1LB	4	2	0	214
0RB0LD_0LC1RD_1LA1LB_1RC0RD	2	2	0	326
0RB0LD_0LC1RD_1LA1LC_1RC0RB	4	2	0	1074
0RB0LD_0LC1RD_1LA1LC_1RC0RD	2	2	0	189
0RB0LD_0LC1RD_1LA1LD_1RB1LA	2	2	0	221
0RB0LD_0LC1RD_1LA1RD_1RC0RB	2	2	0	95
0RB0LD_0LC1RD_1LA1RD_1RC1LA	2	2	0	69
0RB0LD_0LC1RD_1LD0RB_1RB1LA	2	2	0	251
0RB0LD_0LC1RD_1LD1LC_1RB1LA	2	2	0	741
0RB0LD_0LC1RD_1LD1LD_1RB1LA	2	2	0	233
0RB0LD_0LC1RD_1RB1LC_1RB1LA	2	2	0	697
0RB0LD_0LC1RD_1RB1LD_1RB1LA	2	2	0	235
0RB0LD_0LC1RD_1RD1LD_1RB1LA	2	2	0	219
0RB0LD_0RC0RB_1RD1RC_1LA0RC	2	2	0	170
0RB0LD_0RC1LB_1LA1RD_1LB1RC	2	2	0	261
0RB0LD_0RC1LB_1LA1RD_1RC1LA	2	2	0	77
0RB0LD_0RC1LB_1RD1RC_1LA0RC	2	2	0	129
0RB0LD_0RC1LB_1RD1RC_1LA1LB	2	2	0	183
0RB0LD_0RC1LC_1RD1LA_1LC1RD	2	2	0	180
0RB0LD_0RC1LD_1LA0RD_1RC0LA	2	2	0	200
0RB0LD_0RC1LD_1LA0RD_1RC0RC	2	2	0	160
0RB0LD_0RC1LD_1LA0RD_1RC1LA	3	2	0	452
0RB0LD_0RC1LD_1LA0RD_1RC1LB	2	2	0	447
0RB0LD_0RC1LD_1LD1RC_1RA1LB	2	2	0	153
0RB0LD_0RC1RA_1LD---_1LA0LD	2	2	0	160
0RB0LD_0RC1RA_1LD---_1LA1RB	2	2	0	142
0RB0LD_0RC1RB_1LD---_1LA0RC	2	2	0	128
0RB0LD_0RC1RB_1RD1LC_1LA0RC	2	2	0	129
0RB0LD_0RC1RB_1RD1RC_1LA0RC	2	2	0	231
0RB0LD_0RC1RC_1LA1RD_1LB1RC	2	2	0	233
0RB0LD_0RC1RC_1RD---_1LA0RC	2	2	0	123
0RB0LD_0RC1RD_1LA0RD_1RC1LB	2	2	0	453
0RB0LD_0RC1RD_1LA1LB_1RC0RD	2	2	0	326
0RB0LD_0RC1RD_1LA1LC_1RC0RD	2	2	0	189
0RB0LD_0RC1RD_1LA1RD_1RC1LA	2	2	0	69
0RB0LD_1LA0LC_1RB1RD_1RD1RB	2	2	0	260
0RB0LD_1LA0LC_1RD0RA_1RB1LB	4	2	0	620
0RB0LD_1LA0LC_1RD0RD_1RB0RB	2	2	0	473
0RB0LD_1LA0LC_1RD0RD_1RB1RD	2	2	0	437
0RB0LD_1LA0RC_1LD0LD_1RD1RB	3	2	0	544
0RB0LD_1LA0RC_1RD---_1LA1RB	3	2	0	319
0RB0LD_1LA0RC_1RD---_1RB0LB	3	2	0	127
0RB0LD_1LA0RC_1RD1RC_1RB1LD	2	2	0	693
0RB0LD_1LA1LC_0LD0RA_1RD1RB	2	2	0	302
0RB0LD_1LA1LC_0RC1RD_1RB0RD	2	2	0	302
0RB0LD_1LA1LC_0RD0RA_1RD1RB	2	2	0	285
0RB0LD_1LA1LC_0RD0RC_1RB1RC	2	2	0	314
0RB0LD_1LA1LC_0RD0RC_1RB1RD	2	2	0	211
0RB0LD_1LA1LC_1LD1RD_1RB0RD	2	2	0	286
0RB0LD_1LA1LC_1RA0RA_1RD1RB	2	2	0	306
0RB0LD_1LA1LC_1RB1RD_1RB0RD	2	2	0	296
0RB0LD_1LA1LC_1RC0RD_1RB1LA	3	2	0	632
0RB0LD_1LA1LC_1RC1RB_0LC0LD	2	2	0	110
0RB0LD_1LA1LC_1RC1RB_0RC0LD	2	2	0	166
0RB0LD_1LA1LC_1RC1RB_1RC0LD	2	2	0	140
0RB0LD_1LA1LC_1RC1RD_1RB0RD	2	2	0	302
0RB0LD_1LA1LC_1RD0LA_1RB0RD	2	2	0	183
0RB0LD_1LA1LC_1RD0RB_1RB0RD	2	2	0	308
0RB0LD_1LA1LC_1RD1LA_1RB0RD	2	2	0	175
0RB0LD_1LA1LC_1RD1LB_1RB0RD	2	2	0	225
0RB0LD_1LA1LC_1RD1LC_1RB0RD	2	2	0	167
0RB0LD_1LA1LC_1RD1RC_1RB1LD	2	2	0	446
0RB0LD_1LA1LC_1RD1RD_1RB0RD	2	2	0	294
0RB0LD_1LA1RC_0LC1RD_1RB1LA	2	2	0	131
0RB0LD_1LA1RC_0LD1RD_1LB1RB	3	2	0	474
0RB0LD_1LA1RC_0RD0RB_1RB1LB	4	2	0	636
0RB0LD_1LA1RC_0RD0RC_1RB0LA	2	2	0	408
0RB0LD_1LA1RC_0RD0RC_1RB0LB	2	2	0	303
0RB0LD_1LA1RC_0RD0RC_1RB0RA	2	2	0	287
0RB0LD_1LA1RC_0RD0RC_1RB0RB	2	2	0	255
0RB0LD_1LA1RC_0RD0RC_1RB0RD	2	2	0	287
0RB0LD_1LA1RC_0RD0RC_1RB1LA	2	2	0	360
0RB0LD_1LA1RC_0RD0RC_1RB1LD	2	2	0	445
0RB0LD_1LA1RC_0RD0RC_1RB1RA	2	2	0	312
0RB0LD_1LA1RC_0RD0RC_1RB1RC	2	2	0	312
0RB0LD_1LA1RC_0RD0RC_1RB1RD	2	2	0	312
0RB0LD_1LA1RC_0RD1LD_1RB0RD	2	2	0	318
0RB0LD_1LA1RC_0RD1RA_1LD1LB	3	2	0	301
0RB0LD_1LA1RC_0RD1RA_1RB1LB	3	2	0	246
0RB0LD_1LA1RC_0RD1RC_1RB1LA	3	2	0	193
0RB0LD_1LA1RC_1LA1RD_1LB1RB	3	2	0	472
0RB0LD_1LA1RC_1LB0RD_1RB0RC	2	2	0	160
0RB0LD_1LA1RC_1LB1RB_---0RC	2	2	0	133
0RB0LD_1LA1RC_1LB1RB_---1LA	2	2	0	131
0RB0LD_1LA1RC_1LC1LD_1RB0RD	2	2	0	312
0RB0LD_1LA1RC_1LC1RD_1RD1RB	3	2	0	480
0RB0LD_1LA1RC_1LD0RC_1RB1LA	2	2	0	172
0RB0LD_1LA1RC_1LD1RB_0RB1LD	2	2	0	257
0RB0LD_1LA1RC_1LD1RB_0RC1LD	2	2	0	282
0RB0LD_1LA1RC_1LD1RD_1RB0LC	3	2	0	758
0RB0LD_1LA1RC_1RB---_---1LA	2	2	0	89
0RB0LD_1LA1RC_1RB---_0LB0RD	2	2	0	123
0RB0LD_1LA1RC_1RB0RA_1RD1RB	2	2	0	308
0RB0LD_1LA1RC_1RB0RB_1RB1LB	4	2	0	630
0RB0LD_1LA1RC_1RB0RC_1RB0RB	2	2	0	300
0RB0LD_1LA1RC_1RB1RD_1RD1RB	3	2	0	466
0RB0LD_1LA1RC_1RD---_1LA0RC	2	2	0	123
0RB0LD_1LA1RC_1RD1LA_1RB0LC	3	2	0	127
0RB0LD_1LA1RC_1RD1RC_1RB1LD	2	2	0	424
0RB0LD_1LC0LB_0LD0RA_1RD0RB	2	2	0	344
0RB0LD_1LC0LC_1RA1LA_---1RB	2	2	0	300
0RB0LD_1LC0LC_1RC1LA_1LA0LA	2	2	0	100
0RB0LD_1LC0LC_1RC1LA_1LA0LD	2	2	0	100
0RB0LD_1LC0LC_1RC1RD_1LA0LD	2	2	0	116
0RB0LD_1LC0LC_1RC1RD_1LB1RA	4	2	0	976
0RB0LD_1LC0LC_1RD0LA_0RC1RB	2	2	0	358
0RB0LD_1LC0LD_1LA---_1RD0RB	2	2	0	222
0RB0LD_1LC0LD_1LA0LC_1RD1RC	2	2	0	481
0RB0LD_1LC0LD_1RA---_1RC1LA	2	2	0	188
0RB0LD_1LC0LD_1RC1LA_0LC0LB	2	2	0	90
0RB0LD_1LC0LD_1RC1LA_1RD0RB	2	2	0	360
0RB0LD_1LC0LD_1RC1LB_0LC0LA	2	2	0	90
0RB0LD_1LC0LD_1RD0RA_1LB0RC	4	2	0	1005
0RB0LD_1LC0LD_1RD0RA_1RC1LA	4	2	0	426
0RB0LD_1LC0LD_1RD1RA_1RC1LA	4	2	0	330
0RB0LD_1LC0RA_0LD1LC_1RD1RB	3	2	0	318
0RB0LD_1LC0RA_1RD0LB_1LB0RC	2	2	0	128
0RB0LD_1LC0RB_1RD0LA_1LA0RC	2	2	0	129
0RB0LD_1LC0RB_1RD1LC_1LA0RC	2	2	0	125
0RB0LD_1LC0RB_1RD1RA_1LA0RC	2	2	0	191
0RB0LD_1LC0RB_1RD1RB_1LA0RC	2	2	0	217
0RB0LD_1LC0RB_1RD1RC_1LA0RC	2	2	0	227
0RB0LD_1LC0RC_1LA1RD_0RB0RC	2	2	0	103
0RB0LD_1LC0RC_1LD0LA_1RB1RD	2	2	0	280
0RB0LD_1LC0RC_1LD0LC_1RB0RA	2	2	0	341
0RB0LD_1LC0RC_1RC1RD_1LA0LD	2	2	0	180
0RB0LD_1LC0RD_0LD0LA_1RD1RB	4	2	0	519
0RB0LD_1LC0RD_1LA0LB_1RC1RD	2	2	0	383
0RB0LD_1LC0RD_1LA0LC_1RD1RC	2	2	0	635
0RB0LD_1LC0RD_1LA0RC_1RC1LD	2	3	0	818
0RB0LD_1LC0RD_1LA0RC_1RC1RD	2	2	0	263
0RB0LD_1LC0RD_1LD0LB_1RB1RA	2	2	0	122
0RB0LD_1LC0RD_1RA0LB_1RB1RD	2	2	0	180
0RB0LD_1LC0RD_1RA1RD_1RC1LA	2	2	0	158
0RB0LD_1LC1LA_0RD1LB_1LC1RD	3	2	0	332
0RB0LD_1LC1LA_1RB0RD_1RC0LD	2	2	0	422
0RB0LD_1LC1LA_1RB1RC_0LC0LA	2	2	0	126
0RB0LD_1LC1LA_1RB1RC_0LC0LD	2	2	0	126
0RB0LD_1LC1LA_1RB1RC_0LC1LD	2	2	0	100
0RB0LD_1LC1LA_1RB1RC_1RC1LD	2	2	0	174
0RB0LD_1LC1LA_1RC1RB_0LC0LD	2	2	0	116
0RB0LD_1LC1LA_1RC1RB_0RC0LD	2	2	0	180
0RB0LD_1LC1LA_1RC1RB_1RC0LD	2	2	0	150
0RB0LD_1LC1LB_0LD0LC_1RD1RA	2	2	0	162
0RB0LD_1LC1LB_0RD0LA_1RB1RD	2	2	0	165
0RB0LD_1LC1LB_1RD0LA_1LA0RC	2	2	0	117
0RB0LD_1LC1LB_1RD0LA_1RB1RD	2	2	0	136
0RB0LD_1LC1LB_1RD0RC_1LA0RC	2	2	0	145
0RB0LD_1LC1LB_1RD1LC_1LA0RC	2	2	0	113
0RB0LD_1LC1LB_1RD1RA_1LA0RC	2	2	0	144
0RB0LD_1LC1LB_1RD1RC_1LA0RC	2	2	0	384
0RB0LD_1LC1LD_1LA0RB_1RC0RB	2	2	0	276
0RB0LD_1LC1LD_1LA0RD_1RC0RC	2	2	0	193
0RB0LD_1LC1LD_1LA1RB_1RC0RD	2	2	0	286
0RB0LD_1LC1LD_1LA1RD_1RC0RB	2	2	0	222
0RB0LD_1LC1LD_1RA1RA_1RC1LA	2	2	0	188
0RB0LD_1LC1LD_1RA1RD_1RC1LA	2	2	0	118
0RB0LD_1LC1LD_1RC1RB_1RC0LA	2	2	0	150
0RB0LD_1LC1RA_0LD---_1LA1RD	2	2	0	122
0RB0LD_1LC1RA_0RC1LD_1LA0LD	2	2	0	182
0RB0LD_1LC1RA_0RC1LD_1LA1RD	2	2	0	130
0RB0LD_1LC1RA_1LA---_1LA0LD	2	2	0	172
0RB0LD_1LC1RA_1LA---_1LA1RD	2	2	0	124
0RB0LD_1LC1RA_1LA0LC_0LD1RB	4	2	0	590
0RB0LD_1LC1RA_1LA0RC_1RC1RD	2	2	0	242
0RB0LD_1LC1RA_1LD---_1LA0LD	2	2	0	152
0RB0LD_1LC1RA_1LD---_1LA1RD	2	2	0	312
0RB0LD_1LC1RA_1LD1LB_1RB0RD	2	2	0	137
0RB0LD_1LC1RA_1RA---_1LA1RD	2	2	0	134
0RB0LD_1LC1RA_1RC0LD_0LC1LA	2	2	0	170
0RB0LD_1LC1RA_1RC0LD_1LA1RD	2	2	0	134
0RB0LD_1LC1RA_1RC1LA_1LA1RD	2	2	0	128
0RB0LD_1LC1RA_1RC1LB_1LA1RD	2	2	0	140
0RB0LD_1LC1RA_1RC1LD_1LA1RD	2	2	0	334
0RB0LD_1LC1RA_1RC1RD_1LA1RD	2	2	0	326
0RB0LD_1LC1RA_1RD---_1LA0RC	2	2	0	50
0RB0LD_1LC1RA_1RD---_1LA1RD	2	2	0	326
0RB0LD_1LC1RB_0RC1RD_1LA1RC	3	2	0	557
0RB0LD_1LC1RB_1LA1RD_---0RB	2	2	0	111
0RB0LD_1LC1RB_1RD0LA_1LA0RC	2	2	0	130
0RB0LD_1LC1RB_1RD1LC_1LA0RC	2	2	0	118
0RB0LD_1LC1RB_1RD1LD_1LA0RC	2	3	0	316
0RB0LD_1LC1RB_1RD1RC_1LA0RC	2	2	0	164
0RB0LD_1LC1RC_0LD1LA_1RD0RB	2	2	0	296
0RB0LD_1LC1RC_1LA0RC_1RC0RB	2	2	0	172
0RB0LD_1LC1RC_1LA0RC_1RC0RC	2	2	0	312
0RB0LD_1LC1RC_1LA0RC_1RC0RD	2	2	0	298
0RB0LD_1LC1RC_1LA0RC_1RC1LD	2	3	0	484
0RB0LD_1LC1RC_1LA0RC_1RC1RD	2	2	0	308
0RB0LD_1LC1RC_1LA0RD_1RC0RC	2	2	0	302
0RB0LD_1LC1RC_1RB1RD_1LB1LA	2	2	0	85
0RB0LD_1LC1RC_1RC1LA_1LA0LD	2	2	0	189
0RB0LD_1LC1RC_1RC1LA_1RD0RB	2	2	0	400
0RB0LD_1LC1RC_1RC1RD_1LA0LD	2	2	0	145
0RB0LD_1LC1RC_1RD---_1LA0RC	2	2	0	117
0RB0LD_1LC1RD_0RA1LD_1RB0LC	2	2	0	329
0RB0LD_1LC1RD_0RB0LD_1RB1LA	2	2	0	89
0RB0LD_1LC1RD_0RD0LD_1RB1LA	2	2	0	91
0RB0LD_1LC1RD_0RD1LC_1LA1RB	2	2	0	183
0RB0LD_1LC1RD_1LA1LB_1RC0RD	2	2	0	294
0RB0LD_1LC1RD_1LA1LC_1RC0RD	2	2	0	170
0RB0LD_1LC1RD_1LD0LD_1RB1LA	2	2	0	89
0RB0LD_1LC1RD_1RA0LD_1RB1LA	2	2	0	71
0RB0LD_1LC1RD_1RA1LD_1RB0LC	2	2	0	257
0RB0LD_1LC1RD_1RB1LC_1LA1RB	2	2	0	133
0RB0LD_1LC1RD_1RC0LD_1RB1LA	2	2	0	71
0RB0LD_1RC---_0LA1RB_1LB1LA	2	2	0	85
0RB0LD_1RC---_0LA1RB_1LC0RA	3	2	0	354
0RB0LD_1RC---_0LA1RB_1LC1LA	2	2	0	93
0RB0LD_1RC---_0LD1RA_0LA1LD	3	2	0	227
0RB0LD_1RC---_0LD1RA_0RB1LC	3	2	0	287
0RB0LD_1RC---_1LA1RB_0RB1LA	2	2	0	77
0RB0LD_1RC---_1LA1RB_1LB1LA	2	2	0	55
0RB0LD_1RC---_1LC1RA_0LA1LD	3	2	0	241
0RB0LD_1RC---_1RD1RA_0LA1LD	3	2	0	234
0RB0LD_1RC0LA_1LA0RD_1LB0LD	2	2	0	301
0RB0LD_1RC0LA_1LA1RA_1LB---	3	2	0	263
0RB0LD_1RC0LA_1LB1RB_---1RC	2	2	0	101
0RB0LD_1RC0LA_1LD0RD_1LB0LD	2	2	0	301
0RB0LD_1RC0LA_1RD---_1LA0RC	2	2	0	125
0RB0LD_1RC0LA_1RD0RD_1LB0LA	4	2	0	542
0RB0LD_1RC0LA_1RD0RD_1LB0LB	3	2	0	466
0RB0LD_1RC0LA_1RD0RD_1LB0LD	2	2	0	293
0RB0LD_1RC0LA_1RD0RD_1LB1LA	4	2	0	642
0RB0LD_1RC0LA_1RD0RD_1LB1RC	4	2	0	442
0RB0LD_1RC0LA_1RD1RA_1LB---	3	2	0	193
0RB0LD_1RC0LA_1RD1RC_1LB1LD	2	2	0	202
0RB0LD_1RC0LB_1LA0LD_1RD0RC	2	2	0	447
0RB0LD_1RC0LB_1RD0LA_1LA0RC	2	2	0	255
0RB0LD_1RC0LB_1RD0RD_1LA0RC	2	2	0	263
0RB0LD_1RC0LB_1RD1LC_1LA0RC	2	2	0	137
0RB0LD_1RC0LB_1RD1RC_1LA0RC	2	2	0	247
0RB0LD_1RC0LC_1LA0LD_1LB1RA	4	2	0	338
0RB0LD_1RC0LC_1LA0RB_1LB---	4	2	0	228
0RB0LD_1RC0LC_1LA1LD_1LB1RA	4	2	0	448
0RB0LD_1RC0LC_1LA1RB_0RB0RC	2	2	0	129
0RB0LD_1RC0LC_1LA1RB_1LB0RC	2	2	0	91
0RB0LD_1RC0LC_1LA1RB_1RB0LB	2	2	0	86
0RB0LD_1RC0LC_1LA1RD_1RB0RC	4	2	0	863
0RB0LD_1RC0LC_1LA1RD_1RB1LA	4	2	0	499
0RB0LD_1RC0LC_1LB0LA_1RD0RA	2	2	0	409
0RB0LD_1RC0LC_1LB0LA_1RD0RB	4	2	0	432
0RB0LD_1RC0LC_1LC1RD_1RB1LA	4	2	0	517
0RB0LD_1RC0LD_1LA0LC_1RD1LC	2	2	0	88
0RB0LD_1RC0LD_1LA0LC_1RD1RC	2	2	0	487
0RB0LD_1RC0LD_1LA0RD_1LB0LB	2	2	0	149
0RB0LD_1RC0LD_1LA0RD_1LB1RC	3	2	0	354
0RB0LD_1RC0LD_1LB1LA_1RD0RC	2	2	0	383
0RB0LD_1RC0LD_1RD0RB_1LB1LA	2	2	0	84
0RB0LD_1RC0LD_1RD1RB_1LA1LB	2	2	0	91
0RB0LD_1RC0RA_0LD0RD_1LB1LD	2	2	0	436
0RB0LD_1RC0RA_1LA0RD_1LB0LA	2	2	0	344
0RB0LD_1RC0RA_1LA0RD_1LB1LD	2	2	0	374
0RB0LD_1RC0RA_1LA0RD_1LB1RC	2	2	0	334
0RB0LD_1RC0RA_1LA1LB_1RD1RC	2	2	0	281
0RB0LD_1RC0RA_1LA1LC_1RD1RB	3	2	0	347
0RB0LD_1RC0RA_1LA1RC_1RD1LC	2	2	0	307
0RB0LD_1RC0RA_1LC0RD_1LB1LD	2	2	0	382
0RB0LD_1RC0RA_1LD0RD_1LB1LD	2	2	0	436
0RB0LD_1RC0RB_1LD1RB_0LA1LC	4	2	0	120
0RB0LD_1RC0RB_1RD0LB_1LA0RC	2	2	0	168
0RB0LD_1RC0RB_1RD1LC_1LA0RC	2	2	0	133
0RB0LD_1RC0RB_1RD1RC_1LA0RC	2	2	0	126
0RB0LD_1RC0RC_0RD0RB_1LD1RA	2	2	0	87
0RB0LD_1RC0RC_0RD0RC_1LD1RA	2	2	0	87
0RB0LD_1RC0RC_0RD1LA_1LD1RA	2	2	0	135
0RB0LD_1RC0RC_1LA0LB_1RD1RC	2	2	0	395
0RB0LD_1RC0RC_1LA1RB_0LC0LB	3	2	0	1474
0RB0LD_1RC0RC_1LA1RB_1LC0LB	3	2	0	856
0RB0LD_1RC0RC_1RD1LC_1LA1RB	2	2	0	166
0RB0LD_1RC0RD_1LA0LC_1RD1RC	2	2	0	631
0RB0LD_1RC1LA_0RD1RC_1LD1LB	3	2	0	364
0RB0LD_1RC1LA_1LA0RD_1LB0LA	3	2	0	352
0RB0LD_1RC1LA_1LA0RD_1LB1RC	3	2	0	288
0RB0LD_1RC1LA_1LA1RB_0RB1LC	2	2	0	101
0RB0LD_1RC1LA_1LA1RB_1LB1LC	2	2	0	73
0RB0LD_1RC1LA_1LA1RD_1RB0LB	3	2	0	112
0RB0LD_1RC1LA_1LC1RB_0RB1LA	2	2	0	87
0RB0LD_1RC1LA_1LC1RB_0RB1LC	2	2	0	111
0RB0LD_1RC1LA_1LC1RB_1LB1LA	2	2	0	61
0RB0LD_1RC1LA_1LC1RB_1LB1LC	2	2	0	79
0RB0LD_1RC1LA_1LD0RA_1RB1LD	2	2	0	106
0RB0LD_1RC1LA_1LD0RB_1RB0LC	2	2	0	100
0RB0LD_1RC1LA_1RD1RC_1LB1LD	2	2	0	136
0RB0LD_1RC1LB_0LD1RB_---1LA	2	2	0	123
0RB0LD_1RC1LB_0RD0RC_1LD1RA	2	2	0	220
0RB0LD_1RC1LB_0RD1RB_0LD1LA	2	2	0	130
0RB0LD_1RC1LB_1LA0RA_0LC---	3	2	0	90
0RB0LD_1RC1LB_1LA1RD_1LB0RB	2	3	0	260
0RB0LD_1RC1LB_1LA1RD_1LB1RC	2	2	0	191
0RB0LD_1RC1LB_1LB0RA_1LA---	2	2	0	108
0RB0LD_1RC1LB_1RD1LC_1LA0RC	2	2	0	121
0RB0LD_1RC1LB_1RD1RC_1LA0RC	2	2	0	110
0RB0LD_1RC1LB_1RD1RC_1LA1LB	2	2	0	119
0RB0LD_1RC1LC_1LA0RC_0RB---	2	2	0	297
0RB0LD_1RC1LC_1LA0RC_0RD1LB	2	2	0	315
0RB0LD_1RC1LC_1LA0RC_0RD1RB	2	2	0	303
0RB0LD_1RC1LC_1LA0RC_1RB0LA	2	2	0	258
0RB0LD_1RC1LC_1LA0RC_1RB0RB	2	2	0	297
0RB0LD_1RC1LC_1LA0RC_1RB1LB	2	2	0	249
0RB0LD_1RC1LC_1LA0RC_1RB1RA	2	2	0	262
0RB0LD_1RC1LC_1LA0RC_1RB1RB	2	2	0	297
0RB0LD_1RC1LC_1LA0RC_1RB1RC	2	2	0	252
0RB0LD_1RC1LC_1LA0RC_1RB1RD	2	2	0	454
0RB0LD_1RC1LC_1LA0RC_1RD1LC	2	2	0	227
0RB0LD_1RC1LC_1LA0RC_1RD1RB	2	2	0	338
0RB0LD_1RC1LC_1LA0RC_1RD1RC	2	2	0	287
0RB0LD_1RC1LC_1LA1LD_1RB0RA	2	2	0	423
0RB0LD_1RC1LC_1LA1RC_1RB0RA	2	2	0	251
0RB0LD_1RC1LC_1LA1RC_1RB0RC	2	2	0	205
0RB0LD_1RC1LC_1LB0RA_0LD1LB	3	2	0	132
0RB0LD_1RC1LC_1LB1LA_1RD0RA	2	2	0	347
0RB0LD_1RC1LD_0LA1RD_1LB0RC	2	2	0	290
0RB0LD_1RC1LD_1LA0RC_1RD1LB	2	2	0	243
0RB0LD_1RC1LD_1LA1RD_1LB0RC	2	2	0	209
0RB0LD_1RC1LD_1LB1RC_1RA1LB	2	2	0	123
0RB0LD_1RC1RA_0LC1LB_1LA1RD	2	2	0	168
0RB0LD_1RC1RA_0LC1LD_1LA0LD	2	2	0	177
0RB0LD_1RC1RA_0LC1LD_1LA1RD	2	2	0	152
0RB0LD_1RC1RA_1LA0RA_0LC---	3	2	0	179
0RB0LD_1RC1RA_1LA0RD_1LB1RC	3	2	0	486
0RB0LD_1RC1RA_1LA1LC_1RB1LD	2	2	0	132
0RB0LD_1RC1RA_1LC1LB_0RC1LA	4	2	0	888
0RB0LD_1RC1RA_1LC1LB_1LA1RD	2	2	0	334
0RB0LD_1RC1RA_1LC1LB_1LC1LA	4	2	0	600
0RB0LD_1RC1RA_1LC1LD_1LA0LD	2	2	0	313
0RB0LD_1RC1RA_1LC1LD_1LA1RD	2	2	0	310
0RB0LD_1RC1RA_1LC1RD_1LA1RD	2	2	0	116
0RB0LD_1RC1RA_1LD---_1LA1RD	2	2	0	116
0RB0LD_1RC1RA_1RD---_1LA1RD	2	2	0	112
0RB0LD_1RC1RA_1RD0LA_1LA0LD	2	2	0	142
0RB0LD_1RC1RA_1RD0LB_1LA0LD	2	2	0	141
0RB0LD_1RC1RA_1RD0LD_1LA0LD	2	2	0	142
0RB0LD_1RC1RA_1RD0RB_1LA0LD	2	2	0	135
0RB0LD_1RC1RA_1RD0RC_1LA0LD	2	2	0	110
0RB0LD_1RC1RA_1RD0RD_1LA0LD	2	2	0	131
0RB0LD_1RC1RA_1RD1LA_1LA0LD	2	2	0	104
0RB0LD_1RC1RA_1RD1LB_1LA0LD	2	2	0	148
0RB0LD_1RC1RA_1RD1LC_1LA0LD	2	2	0	372
0RB0LD_1RC1RA_1RD1LD_1LA0LD	2	2	0	104
0RB0LD_1RC1RA_1RD1RC_1LA0LD	2	2	0	364
0RB0LD_1RC1RA_1RD1RD_1LA0LD	2	2	0	143
0RB0LD_1RC1RB_0LD0RA_1LB1LD	2	2	0	149
0RB0LD_1RC1RB_0LD1LA_1LC1RD	2	2	0	138
0RB0LD_1RC1RB_1LA0LD_0RB1LD	2	2	0	665
0RB0LD_1RC1RB_1LA0LD_1RB1LD	2	2	0	778
0RB0LD_1RC1RB_1LA0RD_1LB0LD	2	2	0	227
0RB0LD_1RC1RB_1LA1LC_0LC0RB	2	2	0	156
0RB0LD_1RC1RB_1LA1LC_0LC0RD	2	2	0	403
0RB0LD_1RC1RB_1LA1LC_0LC1LA	2	2	0	365
0RB0LD_1RC1RB_1LA1LC_0LC1LC	2	2	0	281
0RB0LD_1RC1RB_1LA1LC_0LC1LD	2	2	0	316
0RB0LD_1RC1RB_1LA1LC_0LC1RD	2	2	0	289
0RB0LD_1RC1RB_1LA1LC_0RA0LB	2	2	0	326
0RB0LD_1RC1RB_1LA1LC_0RA1LA	2	2	0	326
0RB0LD_1RC1RB_1LA1LC_0RA1LC	2	2	0	294
0RB0LD_1RC1RB_1LA1LC_0RA1LD	2	2	0	416
0RB0LD_1RC1RB_1LA1LC_0RB0LB	2	2	0	337
0RB0LD_1RC1RB_1LA1LC_0RB1LA	2	2	0	367
0RB0LD_1RC1RB_1LA1LC_0RB1LC	2	2	0	273
0RB0LD_1RC1RB_1LA1LC_0RB1LD	2	2	0	358
0RB0LD_1RC1RB_1LA1LC_0RC0LB	2	2	0	207
0RB0LD_1RC1RB_1LA1LC_0RC1LA	2	2	0	367
0RB0LD_1RC1RB_1LA1LC_0RC1LC	2	2	0	285
0RB0LD_1RC1RB_1LA1LC_0RC1LD	2	2	0	333
0RB0LD_1RC1RB_1LA1LC_0RD1LA	2	2	0	332
0RB0LD_1RC1RB_1LA1LC_0RD1LC	2	2	0	287
0RB0LD_1RC1RB_1LA1LC_1LA0LB	2	2	0	205
0RB0LD_1RC1RB_1LA1LC_1LA1LA	2	2	0	291
0RB0LD_1RC1RB_1LA1LC_1LA1LC	2	2	0	291
0RB0LD_1RC1RB_1LA1LC_1LA1LD	2	2	0	335
0RB0LD_1RC1RB_1LA1LC_1LB0LB	2	2	0	217
0RB0LD_1RC1RB_1LA1LC_1LB0RB	2	2	0	156
0RB0LD_1RC1RB_1LA1LC_1LB1LA	2	2	0	354
0RB0LD_1RC1RB_1LA1LC_1LB1LC	2	2	0	279
0RB0LD_1RC1RB_1LA1LC_1LB1LD	2	2	0	303
0RB0LD_1RC1RB_1LA1LC_1LB1RC	2	2	0	156
0RB0LD_1RC1RB_1LA1LC_1LC0LA	3	2	0	92
0RB0LD_1RC1RB_1LA1LC_1LC0LB	2	2	0	350
0RB0LD_1RC1RB_1LA1LC_1LC0RB	2	2	0	134
0RB0LD_1RC1RB_1LA1LC_1LC0RD	2	2	0	108
0RB0LD_1RC1RB_1LA1LC_1LC1LA	2	2	0	357
0RB0LD_1RC1RB_1LA1LC_1LC1LC	2	2	0	288
0RB0LD_1RC1RB_1LA1LC_1LC1LD	2	2	0	301
0RB0LD_1RC1RB_1LA1LC_1LC1RC	2	2	0	231
0RB0LD_1RC1RB_1LA1LC_1RA0LB	2	3	0	302
0RB0LD_1RC1RB_1LA1LC_1RA0LD	3	2	0	329
0RB0LD_1RC1RB_1LA1LC_1RA1LA	2	2	0	993
0RB0LD_1RC1RB_1LA1LC_1RA1LC	2	2	0	866
0RB0LD_1RC1RB_1LA1LC_1RB0LB	2	2	0	199
0RB0LD_1RC1RB_1LA1LC_1RB1LA	2	2	0	297
0RB0LD_1RC1RB_1LA1LC_1RB1LC	2	2	0	289
0RB0LD_1RC1RB_1LA1LC_1RB1LD	2	2	0	320
0RB0LD_1RC1RB_1LA1LC_1RD1LA	2	2	0	301
0RB0LD_1RC1RB_1LA1LC_1RD1LC	2	2	0	289
0RB0LD_1RC1RB_1LA1LD_0RB1LC	2	2	0	257
0RB0LD_1RC1RB_1LA1LD_0RB1LD	2	2	0	221
0RB0LD_1RC1RB_1LA1LD_1RB1LC	2	2	0	316
0RB0LD_1RC1RB_1LA1LD_1RB1LD	2	2	0	262
0RB0LD_1RC1RB_1LC1LA_---1RC	2	2	0	128
0RB0LD_1RC1RB_1LC1LA_1LC1RD	2	2	0	128
0RB0LD_1RC1RB_1LD1LB_---1LA	2	2	0	128
0RB0LD_1RC1RB_1LD1LC_0RB1LA	2	2	0	464
0RB0LD_1RC1RB_1LD1LC_1RB1LA	2	2	0	215
0RB0LD_1RC1RB_1LD1RB_---1LA	2	2	0	96
0RB0LD_1RC1RB_1RD0LB_1LA0RC	2	2	0	168
0RB0LD_1RC1RB_1RD0RC_1LA0RC	2	2	0	121
0RB0LD_1RC1RB_1RD1LC_1LA0RC	2	2	0	126
0RB0LD_1RC1RB_1RD1RC_1LA0RC	2	2	0	164
0RB0LD_1RC1RC_1RD---_1LA0RC	2	2	0	121
0RB0LD_1RC1RD_0LD---_1RB1LA	2	2	0	96
0RB0LD_1RC1RD_1LA0LB_1RD1RC	2	2	0	243
0RB0LD_1RC1RD_1LA0LC_1RD1LC	2	2	0	163
0RB0LD_1RC1RD_1LA0RA_0LC---	3	2	0	132
0RB0LD_1RC1RD_1LA1LD_1RB0LC	2	2	0	218
0RB0LD_1RC1RD_1LA1RB_1LC0LC	3	2	0	771
0RB0LD_1RC1RD_1LA1RB_1RD0LC	3	2	0	702
0RB0LD_1RC1RD_1LC1LA_1RB1LA	2	2	0	228
0RB0LD_1RC1RD_1LC1LB_1RB1LA	2	2	0	249
0RB0LD_1RC1RD_1LD0LB_1RB1LA	2	2	0	178
0RB0LD_1RC1RD_1LD0RC_1RB1LA	2	2	0	237
0RB0LD_1RC1RD_1LD0RD_1RB1LA	2	2	0	366
0RB0LD_1RC1RD_1LD1LA_1RB1LA	2	2	0	228
0RB0LD_1RC1RD_1LD1LB_1RB1LA	2	2	0	236
0RB0LD_1RC1RD_1LD1RB_1RB1LA	2	2	0	130
0RB0LD_1RC1RD_1LD1RD_1RB1LA	2	2	0	200
0RB0RA_1LC0RC_1RB0LD_1LD1RA	2	2	0	108
0RB0RA_1LC1LB_0LD0LC_1RD1RA	2	2	0	88
0RB0RA_1LC1LD_1RC0RD_1LD0LA	2	2	0	403
0RB0RA_1LC1RA_0LD---_0RA1LB	3	2	0	244
0RB0RA_1LC1RB_1LA0LD_1LD1RA	2	3	0	301
0RB0RA_1LC1RB_1RB0LD_1LD1RA	2	3	0	299
0RB0RA_1RC0LC_0RD1RB_1LD0LA	2	2	0	197
0RB0RA_1RC0LC_0RD1RC_1LD0LA	2	2	0	165
0RB0RA_1RC0RD_1LD1RB_0LC0LA	2	2	0	155
0RB0RA_1RC1LD_0RD1RC_1LD0LA	2	2	0	139
0RB0RA_1RC1LD_1LC1RB_0LC0LA	2	2	0	163
0RB0RA_1RC1LD_1LD1RB_0LC0LA	2	2	0	129
0RB0RA_1RC1RA_1LD---_1RA0LC	2	2	0	222
0RB0RA_1RC1RB_1LD0RB_0RA0LC	2	2	0	146
0RB0RA_1RC1RB_1LD0RB_1RA0LC	2	2	0	146
0RB0RB_0LC1RA_1LD1LC_1RB1RD	2	2	0	385
0RB0RB_0LC1RB_1LD1LC_1RA0RB	2	2	0	666
0RB0RB_0LC1RB_1LD1LC_1RA1RB	2	2	0	222
0RB0RB_0LC1RB_1RB1LD_1RA1LC	2	2	0	285
0RB0RB_0LC1RD_1LD1RA_1LA1LC	2	2	0	122
0RB0RB_0LC1RD_1LD1RA_1RD1LC	2	2	0	112
0RB0RB_0LC1RD_1RB1LC_0LA1RB	2	2	0	194
0RB0RB_1LA1RC_0LD1RB_1RB1LD	2	2	0	172
0RB0RB_1LC0LA_1RD0LD_1RB0RD	2	2	0	306
0RB0RB_1LC0LB_0LD0LC_1RD1LA	2	2	0	203
0RB0RB_1LC0LC_1RC1RD_1LB1RA	4	2	0	890
0RB0RB_1LC0LC_1RD1RA_1RC1LD	3	2	0	333
0RB0RB_1LC0RC_1LD1RA_0RB1LB	3	2	0	244
0RB0RB_1LC0RC_1LD1RA_1RB0LC	2	2	0	104
0RB0RB_1LC0RC_1LD1RA_1RB1LB	3	2	0	174
0RB0RB_1LC0RD_1LD---_1RA0LB	3	2	0	72
0RB0RB_1LC0RD_1LD0LB_1RB1RA	2	2	0	110
0RB0RB_1LC0RD_1LD1LB_1RA1RB	2	2	0	204
0RB0RB_1LC0RD_1LD1RA_1RB0LC	2	2	0	104
0RB0RB_1LC1LB_0LD0LC_1RD1LA	2	2	0	224
0RB0RB_1LC1LB_0LD0LC_1RD1RA	2	2	0	156
0RB0RB_1LC1LB_1RD0LB_1LA0RC	2	2	0	260
0RB0RB_1LC1RA_1LD1LC_1RB1RD	2	2	0	202
0RB0RB_1LC1RB_1LD1LC_1RA0RB	2	2	0	769
0RB0RB_1LC1RB_1LD1LC_1RA1RB	2	2	0	279
0RB0RB_1LC1RC_0LD0LA_1RD0RB	2	2	0	338
0RB0RB_1LC1RD_0LD1LC_1LA1RB	2	2	0	154
0RB0RB_1LC1RD_1LD1LC_1RA1RB	2	2	0	246
0RB0RB_1LC1RD_1RD1RA_1RC1LD	2	2	0	216
0RB0RB_1RC0LA_0RD0RC_1LD1RB	2	2	0	186
0RB0RB_1RC0LD_1LB0RA_1LC---	3	2	0	84
0RB0RB_1RC0LD_1LB1LA_1RD1RC	2	2	0	281
0RB0RB_1RC0LD_1LB1RA_1RD1RC	2	2	0	238
0RB0RB_1RC0LD_1RD0LA_1LB0RC	2	2	0	125
0RB0RB_1RC0LD_1RD0RB_1LB1LA	2	2	0	102
0RB0RB_1RC0RC_0RD0RA_1LD1LB	3	2	0	278
0RB0RB_1RC0RC_0RD0RB_1LD1RA	2	2	0	79
0RB0RB_1RC0RC_0RD0RC_1LD1RA	2	2	0	79
0RB0RB_1RC0RC_0RD1LA_1LD1RA	2	2	0	127
0RB0RB_1RC1LB_0RD0RC_1LD0RA	2	2	0	186
0RB0RB_1RC1LB_0RD0RC_1LD1RA	2	2	0	200
0RB0RB_1RC1LB_1LA1RD_0LB1RC	2	2	0	144
0RB0RB_1RC1LC_0RD1LA_1LD0LB	2	2	0	443
0RB0RB_1RC1LD_0LC1LB_1RA0LC	3	2	0	506
0RB0RB_1RC1LD_0LC1LB_1RA1LC	3	2	0	499
0RB0RB_1RC1LD_0LD1RC_1RA1LB	2	2	0	258
0RB0RB_1RC1LD_1LA1RD_1LB0RC	2	2	0	233
0RB0RB_1RC1LD_1LC1LB_1RA0LC	3	2	0	570
0RB0RB_1RC1LD_1LC1LB_1RA1LC	3	2	0	451
0RB0RB_1RC1RB_0LD1RA_1LB1LD	2	2	0	156
0RB0RB_1RC1RB_1LD0RA_1LB1LD	2	2	0	197
0RB0RB_1RC1RB_1LD1RA_1LB1LD	2	2	0	123
0RB0RB_1RC1RD_1LD1RA_1LA1LC	2	2	0	94
0RB0RB_1RC1RD_1LD1RA_1RD1LC	2	2	0	88
0RB0RC_0LC0RC_1LD1RA_1LA1LC	2	2	0	135
0RB0RC_0LC1LD_1RD1LC_1LA0RD	2	2	0	339
0RB0RC_0LC1RA_1LD1RC_1LA1LD	2	2	0	286
0RB0RC_0LC1RB_1LD1RA_1LA0LA	2	2	0	625
0RB0RC_0LC1RB_1LD1RA_1LA1LC	2	2	0	426
0RB0RC_0LC1RC_1LD1RA_1LA1LC	2	2	0	128
0RB0RC_0LC1RD_1RD1LC_1LA1RB	2	2	0	162
0RB0RC_0RC0RD_1LD1LC_1LA1RB	2	2	0	128
0RB0RC_0RC1LD_1RD1LC_1LA0RD	2	2	0	339
0RB0RC_0RC1RA_1LD1RC_1LA1LD	2	2	0	286
0RB0RC_0RC1RC_1LD0LD_1LA1RB	2	2	0	486
0RB0RC_1LA1LC_1LD0LC_1RA1RB	2	2	0	325
0RB0RC_1LA1LC_1LD0LD_1RA0LC	2	2	0	179
0RB0RC_1LA1LC_1LD0RD_1RA0LB	3	2	0	96
0RB0RC_1LA1LC_1LD1RA_0RA0LA	2	2	0	139
0RB0RC_1LA1LC_1LD1RA_0RA1LA	2	2	0	113
0RB0RC_1LA1LC_1LD1RA_0RA1LC	2	2	0	87
0RB0RC_1LA1LC_1LD1RA_1RA0LA	2	2	0	94
0RB0RC_1LA1LC_1LD1RA_1RA0LC	3	2	0	899
0RB0RC_1LA1LC_1LD1RA_1RA1LA	2	2	0	76
0RB0RC_1LA1LC_1LD1RA_1RA1LC	2	2	0	58
0RB0RC_1LA1LC_1LD1RA_1RD1LC	2	2	0	64
0RB0RC_1LA1LC_1LD1RD_1RA0LB	3	2	0	108
0RB0RC_1LA1RC_0RD0RA_1LD0LA	2	2	0	97
0RB0RC_1LA1RC_0RD0RA_1LD1LA	2	2	0	89
0RB0RC_1LA1RC_1LD0LC_1RA1LB	2	2	0	287
0RB0RC_1LA1RC_1LD0LD_1RA0LC	2	2	0	548
0RB0RC_1LA1RC_1LD0RA_1LC1LB	2	2	0	146
0RB0RC_1LA1RC_1LD0RA_1LD1LB	2	2	0	146
0RB0RC_1LA1RC_1LD1RA_1LA1LC	2	2	0	114
0RB0RC_1LA1RC_1LD1RB_0LA1RA	2	2	0	167
0RB0RC_1LA1RC_1LD1RB_0LA1RD	2	2	0	177
0RB0RC_1LA1RC_1RB1LD_0LD1LA	2	2	0	125
0RB0RC_1LC---_0LD1RA_1RB0LC	4	2	0	2049
0RB0RC_1LC---_1LD0LB_0RD1RA	2	2	0	106
0RB0RC_1LC---_1LD0RD_1RA0LB	3	2	0	72
0RB0RC_1LC---_1LD1RA_0RA0LA	2	2	0	103
0RB0RC_1LC---_1LD1RA_0RA1LC	2	2	0	77
0RB0RC_1LC---_1LD1RA_1RA0LA	2	2	0	70
0RB0RC_1LC---_1LD1RA_1RA1LC	2	2	0	52
0RB0RC_1LC---_1LD1RA_1RD1LC	2	2	0	58
0RB0RC_1LC0LA_0LD0LD_1RD1RB	2	2	0	300
0RB0RC_1LC0LA_0LD0RB_1RD1RB	2	2	0	504
0RB0RC_1LC0LA_1LD0LD_1RA0LC	2	2	0	179
0RB0RC_1LC0LA_1LD1RA_0RA1LA	2	2	0	129
0RB0RC_1LC0LA_1LD1RA_1RA0LC	3	2	0	1029
0RB0RC_1LC0LA_1LD1RA_1RA1LA	2	2	0	88
0RB0RC_1LC0LA_1LD1RD_1RA0LB	3	2	0	118
0RB0RC_1LC0LA_1RC0LD_1RD1RB	2	2	0	386
0RB0RC_1LC0LB_0LD1RA_1RD0RB	2	2	0	344
0RB0RC_1LC0LB_1LD0RD_1RA1LA	3	2	0	90
0RB0RC_1LC0LB_1LD1RA_0RA0LB	3	2	0	393
0RB0RC_1LC0LB_1LD1RD_1RA1LB	2	3	0	1325
0RB0RC_1LC0LC_1LD0LA_1RA0RB	2	2	0	452
0RB0RC_1LC0LC_1LD0LD_1RA0LC	2	2	0	490
0RB0RC_1LC0LC_1LD0LD_1RA0RB	2	2	0	334
0RB0RC_1LC0LC_1LD1LC_1RA0RB	2	2	0	434
0RB0RC_1LC0LD_0RD1LB_1LA1RD	3	2	0	795
0RB0RC_1LC0LD_1LA0LA_1RD0RB	2	2	0	360
0RB0RC_1LC0LD_1LA0LA_1RD1RC	2	2	0	468
0RB0RC_1LC0LD_1LA0LC_1RD0RB	2	2	0	244
0RB0RC_1LC0LD_1LA0LC_1RD1RA	2	2	0	234
0RB0RC_1LC0LD_1LA1LB_1RD0RB	2	2	0	213
0RB0RC_1LC0LD_1LA1LC_1RD0RB	2	2	0	268
0RB0RC_1LC0LD_1LD0LC_1RA1RB	2	2	0	341
0RB0RC_1LC0LD_1LD1RB_1RA0LC	2	2	0	598
0RB0RC_1LC0LD_1RD1LB_1LA1RD	3	2	0	390
0RB0RC_1LC0RA_0LD1LC_1RD1RB	3	2	0	384
0RB0RC_1LC0RA_1LD0LD_1RA0LC	2	2	0	200
0RB0RC_1LC0RA_1LD1RA_1LA0LA	2	2	0	111
0RB0RC_1LC0RA_1LD1RA_1LA1LC	2	2	0	85
0RB0RC_1LC0RA_1RC1LD_1RB0LD	2	2	0	110
0RB0RC_1LC0RB_1LD0LD_1RA0LC	2	3	0	987
0RB0RC_1LC0RB_1LD1RD_1RA0LD	4	2	0	98
0RB0RC_1LC0RC_1LD1RA_0RB0LA	2	2	0	103
0RB0RC_1LC0RC_1LD1RA_0RB0LD	2	2	0	103
0RB0RC_1LC0RC_1LD1RA_0RB1LC	2	2	0	77
0RB0RC_1LC0RC_1LD1RA_1RB0LA	2	2	0	70
0RB0RC_1LC0RC_1LD1RA_1RB1LC	2	2	0	52
0RB0RC_1LC0RD_1LA0LC_1RD1RA	2	2	0	344
0RB0RC_1LC0RD_1LD1LA_1RA0LB	3	2	0	94
0RB0RC_1LC0RD_1RD0LB_1RB0LA	2	2	0	129
0RB0RC_1LC1LA_0LD0LD_1RD1RB	2	2	0	300
0RB0RC_1LC1LA_0RD0LD_1RD1RB	2	2	0	283
0RB0RC_1LC1LA_0RD1LB_1LA1RD	3	2	0	661
0RB0RC_1LC1LA_0RD1LB_1LC1RD	3	2	0	619
0RB0RC_1LC1LA_1RC0LD_1RD1RB	2	2	0	304
0RB0RC_1LC1LA_1RD1LB_0LB1RD	3	2	0	349
0RB0RC_1LC1LA_1RD1LB_1LA1RD	3	2	0	324
0RB0RC_1LC1LA_1RD1LB_1RB1RD	3	2	0	306
0RB0RC_1LC1LB_0LD0LD_1RD1RA	3	2	0	718
0RB0RC_1LC1LB_1LD1RA_0RA0LD	2	2	0	129
0RB0RC_1LC1LB_1LD1RA_0RA0RB	2	2	0	103
0RB0RC_1LC1LB_1LD1RA_1RA0RB	2	2	0	70
0RB0RC_1LC1LB_1LD1RC_1RA0LB	2	2	0	690
0RB0RC_1LC1LB_1LD1RC_1RA1LB	2	2	0	424
0RB0RC_1LC1LB_1LD1RC_1RA1RB	2	2	0	450
0RB0RC_1LC1LC_1LD0LC_1RA1RB	2	2	0	323
0RB0RC_1LC1LC_1LD0LD_1RA0LC	2	2	0	173
0RB0RC_1LC1LC_1LD1RA_0RA1LA	2	2	0	103
0RB0RC_1LC1LC_1LD1RA_1RA0LC	3	2	0	887
0RB0RC_1LC1LC_1LD1RA_1RA1LA	2	2	0	70
0RB0RC_1LC1LC_1LD1RD_1RA0LB	3	2	0	96
0RB0RC_1LC1LD_0LD---_1RA0LB	2	2	0	283
0RB0RC_1LC1LD_0LD1RC_1RA1LB	2	2	0	297
0RB0RC_1LC1LD_1LD0LD_1RA1LB	2	2	0	218
0RB0RC_1LC1LD_1LD0LD_1RA1LD	2	2	0	218
0RB0RC_1LC1LD_1LD1RD_1RA0LD	3	2	0	418
0RB0RC_1LC1LD_1RB1RA_1LB0LC	2	2	0	71
0RB0RC_1LC1LD_1RD0LA_1LA0RD	2	2	0	353
0RB0RC_1LC1LD_1RD1LB_1LA0RD	2	2	0	243
0RB0RC_1LC1LD_1RD1LC_1LA0RD	2	2	0	335
0RB0RC_1LC1RA_0LD---_0RA1LB	3	2	0	310
0RB0RC_1LC1RA_1LA0LD_1LD0LC	4	2	0	630
0RB0RC_1LC1RA_1LA0LD_1RB1LD	2	2	0	434
0RB0RC_1LC1RA_1LA1LD_0LD0LA	4	2	0	636
0RB0RC_1LC1RA_1LA1LD_0LD1LC	4	2	0	558
0RB0RC_1LC1RA_1LD---_0RB0LC	2	2	0	118
0RB0RC_1LC1RA_1LD0LB_1RB0LC	2	3	0	1748
0RB0RC_1LC1RA_1LD0LB_1RB1LA	2	2	0	724
0RB0RC_1LC1RA_1LD0LB_1RB1LB	2	3	0	1330
0RB0RC_1LC1RA_1LD0LB_1RC1LA	2	2	0	120
0RB0RC_1LC1RA_1LD0LB_1RC1LB	2	2	0	338
0RB0RC_1LC1RA_1LD0LB_1RC1LC	2	2	0	570
0RB0RC_1LC1RA_1LD0LD_1RD1RB	4	2	0	870
0RB0RC_1LC1RA_1LD1LA_0RA0LA	2	2	0	135
0RB0RC_1LC1RA_1LD1LA_0RA1LC	2	2	0	109
0RB0RC_1LC1RA_1LD1LA_1RA0LA	2	2	0	92
0RB0RC_1LC1RA_1LD1LA_1RA1LC	2	2	0	74
0RB0RC_1LC1RA_1LD1RA_1LA0LA	2	2	0	76
0RB0RC_1LC1RA_1LD1RA_1LA1LC	2	2	0	58
0RB0RC_1LC1RA_1LD1RC_1LA1LD	2	2	0	306
0RB0RC_1LC1RA_1LD1RD_1RD0LB	2	2	0	252
0RB0RC_1LC1RA_1RC0RD_1LB0LD	4	2	0	674
0RB0RC_1LC1RA_1RD0LD_1RC1RB	4	2	0	890
0RB0RC_1LC1RA_1RD0LD_1RD1RB	4	2	0	890
0RB0RC_1LC1RB_1LD0LC_1RA1RB	2	2	0	181
0RB0RC_1LC1RB_1LD0LD_1RA0LC	2	2	0	651
0RB0RC_1LC1RC_0RD0RA_1LD1LA	2	2	0	91
0RB0RC_1LC1RC_1LD0LD_1RA0LC	2	2	0	2026
0RB0RC_1LC1RD_0RB0LD_1RB1LA	2	2	0	141
0RB0RC_1LC1RD_0RD0LD_1RB1LA	2	2	0	143
0RB0RC_1LC1RD_1LA0LB_0RD1RA	4	2	0	416
0RB0RC_1LC1RD_1LA0LC_1RD0RB	2	2	0	286
0RB0RC_1LC1RD_1LA0LC_1RD1RA	2	2	0	158
0RB0RC_1LC1RD_1LA1LB_---0RB	2	2	0	166
0RB0RC_1LC1RD_1LD0LA_1LA0RB	2	2	0	202
0RB0RC_1LC1RD_1LD0LC_1RA1RB	2	2	0	236
0RB0RC_1LC1RD_1LD0LD_1RA0LC	2	2	0	338
0RB0RC_1LC1RD_1LD0LD_1RB1LA	2	2	0	145
0RB0RC_1LC1RD_1LD1LC_1LA0RB	2	2	0	156
0RB0RC_1LC1RD_1LD1RA_1LA1LC	2	2	0	64
0RB0RC_1LC1RD_1RB1LC_0LA1RB	2	2	0	131
0RB0RC_1LC1RD_1RC0LD_1RB1LA	2	2	0	107
0RB0RC_1RC---_0LD1RA_0LA1LD	3	2	0	467
0RB0RC_1RC---_0RD0RA_1LD0LA	2	2	0	87
0RB0RC_1RC---_1LD0LD_1RA0LC	2	2	0	524
0RB0RC_1RC---_1LD0RA_1LC1LB	2	2	0	121
0RB0RC_1RC---_1LD0RA_1LD1LB	2	2	0	121
0RB0RC_1RC0LA_0RD0RA_1LD1LA	2	2	0	95
0RB0RC_1RC0LA_1LC1RD_1LB0RD	2	2	0	104
0RB0RC_1RC0LA_1LD1RA_1LA1LC	2	2	0	110
0RB0RC_1RC0LA_1LD1RA_1LD1LB	4	2	0	114
0RB0RC_1RC0LA_1LD1RB_0LC1LA	2	2	0	163
0RB0RC_1RC0LB_0RD0LC_1LD1LA	2	2	0	382
0RB0RC_1RC0LB_0RD0RC_1LD1LA	2	2	0	560
0RB0RC_1RC0LB_0RD1LD_1LD1LA	2	2	0	344
0RB0RC_1RC0LC_1LB1RD_1LA0RB	4	2	0	284
0RB0RC_1RC0LC_1LD0LB_1RA0LC	2	2	0	149
0RB0RC_1RC0LC_1LD1RB_0RB0LA	2	2	0	129
0RB0RC_1RC0LC_1LD1RB_1LD0LA	2	2	0	160
0RB0RC_1RC0LC_1RD0LA_1LB0LA	2	2	0	395
0RB0RC_1RC0LC_1RD1RC_1LB0LA	2	2	0	379
0RB0RC_1RC0LD_1LB1LA_1RD1RC	2	2	0	319
0RB0RC_1RC0LD_1LC1LB_1RA0LA	4	2	0	653
0RB0RC_1RC0LD_1LD0RB_1LB1RA	2	2	0	98
0RB0RC_1RC0LD_1RD0RB_1LB0LA	2	2	0	64
0RB0RC_1RC0RA_0LD1RB_1LC1LB	2	2	0	205
0RB0RC_1RC0RA_0LD1RD_1LC1LB	2	2	0	229
0RB0RC_1RC0RA_0RD0LC_1LD0LB	2	2	0	312
0RB0RC_1RC0RA_0RD0RA_1LD0LB	2	2	0	468
0RB0RC_1RC0RA_0RD0RA_1LD1RB	2	2	0	79
0RB0RC_1RC0RA_0RD0RB_1LD1LB	3	2	0	278
0RB0RC_1RC0RA_0RD0RC_1LD0LB	2	2	0	468
0RB0RC_1RC0RA_0RD0RC_1LD1RB	2	2	0	79
0RB0RC_1RC0RA_0RD1LA_1LD0LB	2	2	0	574
0RB0RC_1RC0RA_0RD1LA_1LD1RB	2	2	0	103
0RB0RC_1RC0RA_0RD1LB_1LD0LB	2	2	0	892
0RB0RC_1RC0RA_0RD1LB_1LD1RA	2	2	0	191
0RB0RC_1RC0RA_0RD1LB_1LD1RB	2	2	0	175
0RB0RC_1RC0RA_0RD1LC_1LD0LB	2	2	0	281
0RB0RC_1RC0RA_0RD1LD_1LD0LB	2	2	0	292
0RB0RC_1RC0RA_0RD1RC_1LD0LB	2	2	0	129
0RB0RC_1RC0RA_0RD1RD_1LD0LB	4	2	0	3910
0RB0RC_1RC0RA_1LC0LD_1LB1RA	4	2	0	554
0RB0RC_1RC0RA_1LD1LB_1LD1RA	2	2	0	393
0RB0RC_1RC0RA_1LD1LC_1RB0LD	2	2	0	149
0RB0RC_1RC0RA_1LD1RB_1LC0LA	3	2	0	121
0RB0RC_1RC0RA_1LD1RD_1LC1LB	2	2	0	175
0RB0RC_1RC0RA_1LD1RD_1LD1LB	2	2	0	175
0RB0RC_1RC0RC_0RD1LA_1LD1RA	2	2	0	135
0RB0RC_1RC0RC_1LB1LD_1RA1LC	2	2	0	218
0RB0RC_1RC0RC_1LC1LD_1RA0LB	3	2	0	523
0RB0RC_1RC0RC_1LD0LB_1LC1RA	2	2	0	346
0RB0RC_1RC0RC_1LD1LA_1LD1RA	2	2	0	273
0RB0RC_1RC0RC_1LD1RA_1LA1LC	2	2	0	109
0RB0RC_1RC0RD_1LD0LC_1RA1LB	2	2	0	295
0RB0RC_1RC1LA_0RD0LB_1LD0LB	2	2	0	318
0RB0RC_1RC1LA_0RD1LC_1LD0LB	2	2	0	356
0RB0RC_1RC1LA_1LC1LD_1LB1RD	2	2	0	181
0RB0RC_1RC1LA_1LC1LD_1RA0LB	3	2	0	639
0RB0RC_1RC1LA_1LD0LB_1LC1RA	2	2	0	460
0RB0RC_1RC1LA_1LD1LD_1LB1RD	2	2	0	172
0RB0RC_1RC1LA_1LD1RB_1LD0LA	2	2	0	168
0RB0RC_1RC1LA_1RD0LD_1LB1RB	4	2	0	717
0RB0RC_1RC1LA_1RD1LD_0LB0RD	2	2	0	206
0RB0RC_1RC1LA_1RD1LD_0LB1RC	2	2	0	160
0RB0RC_1RC1LA_1RD1LD_1LB1RD	2	2	0	170
0RB0RC_1RC1LB_0LB1RD_0LA1RC	2	2	0	168
0RB0RC_1RC1LB_0RD0LA_1LD0LB	2	2	0	914
0RB0RC_1RC1LB_0RD0RA_1LD0RB	2	2	0	87
0RB0RC_1RC1LB_1LA1RD_0LB1RC	2	2	0	152
0RB0RC_1RC1LB_1LD0RA_1LC1LA	2	2	0	131
0RB0RC_1RC1LB_1LD0RA_1LC1RB	2	2	0	133
0RB0RC_1RC1LB_1LD0RA_1LD1LA	2	2	0	131
0RB0RC_1RC1LB_1LD0RA_1LD1RB	2	2	0	133
0RB0RC_1RC1LC_0RD1LA_1LD0LB	2	2	0	475
0RB0RC_1RC1LC_1LA1RD_0RC0RD	2	2	0	326
0RB0RC_1RC1LC_1LD0LC_1RA1RB	2	2	0	319
0RB0RC_1RC1LC_1LD0RA_0RB1LB	2	2	0	217
0RB0RC_1RC1LC_1LD0RA_1RD1LB	2	2	0	169
0RB0RC_1RC1LC_1LD0RC_0RB1RA	2	2	0	279
0RB0RC_1RC1LC_1LD0RD_1LB1RA	3	2	0	178
0RB0RC_1RC1LD_0LB1RC_1RA1LB	2	2	0	226
0RB0RC_1RC1LD_0LD1RC_1RA1LB	2	2	0	251
0RB0RC_1RC1LD_0RD0LB_1LA0RD	2	2	0	293
0RB0RC_1RC1LD_1LA1RD_1LB0RC	2	2	0	223
0RB0RC_1RC1LD_1LC0LD_1RA0LA	3	2	0	489
0RB0RC_1RC1LD_1LD0LB_1LC1RA	2	2	0	384
0RB0RC_1RC1LD_1LD0RA_1RD1LB	2	2	0	217
0RB0RC_1RC1LD_1RD1LC_1LA0RD	2	2	0	339
0RB0RC_1RC1RA_0LC1LD_0LA1RB	3	2	0	355
0RB0RC_1RC1RA_0RD0RC_1LD0RB	2	2	0	170
0RB0RC_1RC1RA_0RD0RC_1LD1LA	2	2	0	87
0RB0RC_1RC1RA_0RD0RC_1LD1RB	2	2	0	180
0RB0RC_1RC1RA_1LB1LD_0RA1LB	2	2	0	399
0RB0RC_1RC1RA_1LB1LD_1RA1LC	2	2	0	216
0RB0RC_1RC1RA_1LD0RC_1LD1LA	2	2	0	171
0RB0RC_1RC1RA_1LD1RA_1LA0LC	2	2	0	113
0RB0RC_1RC1RA_1LD1RB_1LD0LA	3	2	0	351
0RB0RC_1RC1RA_1LD1RC_1LA1LD	2	2	0	176
0RB0RC_1RC1RB_0LD1RA_1LB1LD	2	2	0	435
0RB0RC_1RC1RB_0RD0RA_1LD0LB	2	2	0	113
0RB0RC_1RC1RB_1LC1LD_1LA0LA	3	2	0	319
0RB0RC_1RC1RB_1LC1LD_1RB0LA	3	2	0	312
0RB0RC_1RC1RB_1LD0LA_1LC1LA	2	2	0	224
0RB0RC_1RC1RB_1LD0LA_1LD1LA	2	2	0	224
0RB0RC_1RC1RB_1LD1LB_0LD0LA	2	2	0	178
0RB0RC_1RC1RB_1LD1LB_1LD0LA	2	2	0	138
0RB0RC_1RC1RB_1LD1LC_---1LA	2	2	0	128
0RB0RC_1RC1RB_1LD1LD_1LD1LA	2	2	0	128
0RB0RC_1RC1RB_1LD1RA_1LA1LC	2	2	0	325
0RB0RC_1RC1RB_1LD1RA_1LB1LD	2	2	0	366
0RB0RC_1RC1RB_1LD1RB_0LD0LA	2	2	0	144
0RB0RC_1RC1RB_1LD1RB_1LD0LA	2	2	0	128
0RB0RC_1RC1RB_1RD1LD_1LC1LA	3	2	0	176
0RB0RC_1RC1RC_0RD0RA_1LD1LA	2	2	0	87
0RB0RC_1RC1RC_1LD0LC_1RA1LB	2	2	0	283
0RB0RC_1RC1RC_1LD1RA_1LA1LC	2	2	0	106
0RB0RC_1RC1RC_1LD1RB_1LD0LA	2	2	0	128
0RB0RC_1RC1RD_0LD1LC_1RB1LA	2	2	0	128
0RB0RC_1RC1RD_1LA1LC_---1RB	2	2	0	170
0RB0RC_1RC1RD_1LD0LC_1RB1LA	2	2	0	147
0RB0RD_0LC---_1LD1RA_1RC1LD	2	2	0	174
0RB0RD_0LC1LA_1LD1LB_1RA1RB	2	2	0	106
0RB0RD_0LC1LD_1LA1LB_1RA1RB	2	2	0	94
0RB0RD_0LC1RA_1LA1LB_1LB1LD	2	2	0	119
0RB0RD_0LC1RA_1LA1LC_1LC1RD	2	2	0	184
0RB0RD_0LC1RA_1LD---_1RB1LD	2	2	0	174
0RB0RD_0LC1RA_1LD1LC_1RB1RD	2	2	0	141
0RB0RD_0LC1RA_1RB1LC_---1LC	2	2	0	186
0RB0RD_0LC1RA_1RB1LD_0RD1LC	2	2	0	198
0RB0RD_0LC1RB_1LD1LB_1RA0RB	2	2	0	88
0RB0RD_0LC1RB_1LD1LC_1RA1RB	2	2	0	216
0RB0RD_0LC1RB_1RB1LD_1RA1LC	2	2	0	176
0RB0RD_0LC1RC_1LD1LB_1RA0LB	2	2	0	128
0RB0RD_0LC1RD_1LA0LD_1RA1LB	2	2	0	128
0RB0RD_0LC1RD_1LA1LB_1RA1LB	2	2	0	116
0RB0RD_0LC1RD_1LA1LB_1RA1RB	2	2	0	146
0RB0RD_0LC1RD_1LA1LD_1RA1LB	2	2	0	156
0RB0RD_0LC1RD_1LD1LA_1RA1LB	4	2	0	464
0RB0RD_0LC1RD_1RB1LC_0LA1RB	2	2	0	204
0RB0RD_0LC1RD_1RD1LC_1LA1RB	2	2	0	174
0RB0RD_0RC1LA_1LB1RD_1RC0LC	2	2	0	95
0RB0RD_0RC1LC_1RD1LD_1LB0RA	2	2	0	249
0RB0RD_0RC1RA_1RD1LD_1LB0RD	2	2	0	319
0RB0RD_1LA0LC_1LD1RA_1RC1LD	2	2	0	186
0RB0RD_1LA0RC_1RB0LD_1LC1LD	2	2	0	183
0RB0RD_1LA0RC_1RD0LD_1LC1RB	4	2	0	315
0RB0RD_1LA1LC_1LD---_1RA0LC	2	2	0	106
0RB0RD_1LA1LC_1RA---_1LD0LA	2	2	0	463
0RB0RD_1LA1LC_1RB1RA_1LD0LA	2	2	0	567
0RB0RD_1LA1LC_1RC0RD_1LD0LA	2	2	0	463
0RB0RD_1LA1RC_0LD1RB_1RB1LD	2	2	0	162
0RB0RD_1LA1RC_0RD1RB_1LD0LA	2	2	0	123
0RB0RD_1LA1RC_0RD1RC_1LD0LA	2	2	0	123
0RB0RD_1LC---_1LD---_1RA0LC	2	2	0	100
0RB0RD_1LC---_1RA---_1LD0LA	2	2	0	359
0RB0RD_1LC---_1RA1LB_0LB1RA	2	2	0	78
0RB0RD_1LC---_1RA1LB_1RB1RA	2	2	0	59
0RB0RD_1LC---_1RC0RD_1LD0LA	2	2	0	359
0RB0RD_1LC0LA_0RD0LD_1RB1RD	2	2	0	381
0RB0RD_1LC0LA_1RA0LB_1LD1LC	2	2	0	151
0RB0RD_1LC0LA_1RA0LD_1RB0LA	2	2	0	301
0RB0RD_1LC0LA_1RA0LD_1RB1LA	2	2	0	309
0RB0RD_1LC0LA_1RA0LD_1RB1LC	2	2	0	293
0RB0RD_1LC0LA_1RA0LD_1RB1RD	2	2	0	429
0RB0RD_1LC0LA_1RA1LB_1LD1LC	2	2	0	254
0RB0RD_1LC0LA_1RA1RB_1LD1LC	2	2	0	301
0RB0RD_1LC0LA_1RA1RC_1LD1LB	3	2	0	317
0RB0RD_1LC0LA_1RC0LD_1RB1RD	2	2	0	437
0RB0RD_1LC0LA_1RD0LB_1LD1RC	2	2	0	221
0RB0RD_1LC0LA_1RD0LD_1RB1RD	2	2	0	381
0RB0RD_1LC0LB_0LD0LC_1RD1LA	2	2	0	221
0RB0RD_1LC0LB_0LD1LB_0RD1RA	2	2	0	164
0RB0RD_1LC0LC_1LD1RC_1RA1LB	2	2	0	165
0RB0RD_1LC0LC_1RA0LA_1LD0LC	3	2	0	493
0RB0RD_1LC0LC_1RA1LD_1RB0LC	2	2	0	179
0RB0RD_1LC0LD_1LA0RB_1RD0LC	2	2	0	348
0RB0RD_1LC0LD_1LA1RA_1RD0LC	2	2	0	254
0RB0RD_1LC0LD_1RA0LD_1RB0LA	2	2	0	465
0RB0RD_1LC0RA_1LD0LD_1RB0LA	2	2	0	294
0RB0RD_1LC0RA_1LD0LD_1RB0RB	3	2	0	466
0RB0RD_1LC0RA_1LD0LD_1RB0RD	2	2	0	270
0RB0RD_1LC0RA_1LD0LD_1RB1LC	4	2	0	479
0RB0RD_1LC0RA_1LD1LC_1RB1RD	2	2	0	185
0RB0RD_1LC0RA_1RA0LC_1LD1LC	2	3	0	309
0RB0RD_1LC0RA_1RA0LD_1RB0RD	2	2	0	278
0RB0RD_1LC0RA_1RD0LD_1RB0RD	2	2	0	278
0RB0RD_1LC0RC_1LA0LD_1RA1LB	2	2	0	220
0RB0RD_1LC0RC_1RB0RA_1LD0LB	4	2	0	494
0RB0RD_1LC0RD_0LD---_1RA1LC	2	2	0	172
0RB0RD_1LC0RD_0LD1LD_1RA0LC	2	3	0	188
0RB0RD_1LC0RD_1LD1LB_0RA1RB	2	2	0	137
0RB0RD_1LC0RD_1RA0LD_1RB0RB	2	2	0	157
0RB0RD_1LC0RD_1RA0LD_1RB1LA	2	2	0	401
0RB0RD_1LC0RD_1RA0LD_1RB1LC	3	2	0	354
0RB0RD_1LC0RD_1RB---_1LD0LA	2	2	0	359
0RB0RD_1LC0RD_1RB1LD_0LC0LA	2	2	0	415
0RB0RD_1LC1LA_1RA0LB_1RB0RB	2	2	0	322
0RB0RD_1LC1LA_1RA0LD_1RB1LC	3	2	0	486
0RB0RD_1LC1LB_0LD0LA_0RD1RA	2	2	0	155
0RB0RD_1LC1LB_0LD0LC_1RD1LA	2	2	0	248
0RB0RD_1LC1LB_0LD0RB_0RD1RA	2	2	0	155
0RB0RD_1LC1LB_0LD0RB_1RD1RA	2	2	0	186
0RB0RD_1LC1LB_0LD1LC_0RD1RA	2	2	0	129
0RB0RD_1LC1LB_0LD1LC_1RD1RA	2	2	0	146
0RB0RD_1LC1LB_1RA0LC_1RB0RA	2	2	0	204
0RB0RD_1LC1LB_1RA0LC_1RB0RD	2	2	0	204
0RB0RD_1LC1LB_1RA0LC_1RB1RD	4	2	0	429
0RB0RD_1LC1LB_1RA0LD_1RB0RA	2	2	0	165
0RB0RD_1LC1LB_1RA0LD_1RB0RD	2	2	0	215
0RB0RD_1LC1LB_1RA0RD_0LB1RD	2	2	0	602
0RB0RD_1LC1LB_1RA0RD_1LB1RD	2	2	0	793
0RB0RD_1LC1LB_1RA1RD_0LB1RD	2	2	0	162
0RB0RD_1LC1LB_1RA1RD_1LB1RC	2	2	0	119
0RB0RD_1LC1LB_1RA1RD_1LB1RD	2	2	0	119
0RB0RD_1LC1LC_1RB1RA_1LD0LA	2	2	0	463
0RB0RD_1LC1LD_0LD0LB_1RA1RB	2	2	0	117
0RB0RD_1LC1LD_0RD0RC_1LA1RC	2	2	0	304
0RB0RD_1LC1LD_1RA0RB_1LD1LC	2	2	0	257
0RB0RD_1LC1LD_1RA1RC_0LD1LB	2	2	0	107
0RB0RD_1LC1LD_1RA1RC_1LD1LB	2	2	0	70
0RB0RD_1LC1RA_0LD1LC_0RD1RB	3	2	0	290
0RB0RD_1LC1RA_0LD1LC_1RD1RB	3	2	0	364
0RB0RD_1LC1RA_1LA0LD_1RB1LC	3	2	0	295
0RB0RD_1LC1RA_1LA1LB_0LB1RC	2	2	0	107
0RB0RD_1LC1RA_1LA1LB_1RB1RC	2	2	0	91
0RB0RD_1LC1RA_1LA1LC_1LC1RD	2	2	0	178
0RB0RD_1LC1RA_1LD0LA_1RD0LB	4	2	0	330
0RB0RD_1LC1RA_1LD1LC_1RB1RD	2	2	0	112
0RB0RD_1LC1RA_1LD1LC_1RD0LB	4	2	0	282
0RB0RD_1LC1RA_1RA0LD_1RB1LC	3	2	0	288
0RB0RD_1LC1RA_1RC1LB_0LB1RC	2	2	0	114
0RB0RD_1LC1RA_1RC1LB_1LD0LA	2	2	0	463
0RB0RD_1LC1RA_1RC1LB_1RB1RC	2	2	0	83
0RB0RD_1LC1RA_1RD0LB_1LB0RC	2	2	0	116
0RB0RD_1LC1RA_1RD1RB_1RC1LD	3	2	0	324
0RB0RD_1LC1RB_0LD1LB_0RD1RA	2	2	0	135
0RB0RD_1LC1RB_0RB1RA_1LD0LA	2	2	0	133
0RB0RD_1LC1RB_1LA1LD_1LD0LA	2	2	0	191
0RB0RD_1LC1RB_1LA1RD_1LD0LA	2	2	0	215
0RB0RD_1LC1RB_1LD1LC_1RA1RB	2	2	0	279
0RB0RD_1LC1RB_1RA0LD_1RB0LA	2	3	0	484
0RB0RD_1LC1RB_1RA0RD_1LD0LC	2	2	0	298
0RB0RD_1LC1RB_1RA1LB_1LA1RA	2	2	0	65
0RB0RD_1LC1RB_1RA1LD_1RB0LB	2	2	0	150
0RB0RD_1LC1RB_1RA1LD_1RB1LC	2	2	0	199
0RB0RD_1LC1RB_1RB1LD_0LC0LA	2	2	0	219
0RB0RD_1LC1RB_1RB1LD_1LD0LA	2	2	0	175
0RB0RD_1LC1RB_1RB1RD_1LD0LA	2	2	0	199
0RB0RD_1LC1RC_1RB1RA_1LD0LA	2	2	0	256
0RB0RD_1LC1RD_0RA1LD_1RB0LC	2	2	0	329
0RB0RD_1LC1RD_1LA1RA_1RD0LC	2	2	0	304
0RB0RD_1LC1RD_1LD1LC_1RA1RB	2	2	0	151
0RB0RD_1LC1RD_1RA1LD_1RB0LC	2	2	0	798
0RB0RD_1LC1RD_1RB1LC_1LA1RB	2	2	0	131
0RB0RD_1RC---_0RD1RC_1LD0LA	2	2	0	113
0RB0RD_1RC---_1LD1RB_0LC0LA	2	2	0	103
0RB0RD_1RC0LA_0RD1RC_1LD1LB	3	2	0	318
0RB0RD_1RC0LA_1LB1RB_0LD1RC	2	2	0	127
0RB0RD_1RC0LA_1LD0RB_1RB0LC	2	2	0	112
0RB0RD_1RC0LA_1RD1RC_1LD1LB	3	2	0	334
0RB0RD_1RC0LC_0LC1LD_1LB1RA	4	2	0	284
0RB0RD_1RC0LC_0RD1RA_1LD0LB	3	2	0	746
0RB0RD_1RC0LC_0RD1RB_1LD0LA	2	2	0	145
0RB0RD_1RC0LC_1LA1RC_1LB1LD	2	2	0	217
0RB0RD_1RC0LC_1LD1RB_1LC0LA	2	2	0	160
0RB0RD_1RC0LC_1LD1RB_1LD0LA	2	2	0	160
0RB0RD_1RC0LC_1RD0RC_1LB0LA	2	2	0	314
0RB0RD_1RC0LD_0LA1RB_1LC1LB	2	2	0	283
0RB0RD_1RC0LD_1LA0LC_1RD1LC	2	2	0	92
0RB0RD_1RC0LD_1LA0RB_1LB1LD	2	2	0	250
0RB0RD_1RC0LD_1LA0RC_1LD1LB	2	2	0	213
0RB0RD_1RC0LD_1RD0RB_1LB1LA	2	2	0	106
0RB0RD_1RC0RA_1LC1RA_0RC1LA	2	2	0	118
0RB0RD_1RC0RB_0RD0LA_1LD0LB	2	2	0	318
0RB0RD_1RC0RC_1LC1RA_1LA0RA	2	2	0	96
0RB0RD_1RC0RC_1LC1RA_1LA0RD	2	2	0	96
0RB0RD_1RC0RD_0LD---_1RA1LC	2	2	0	194
0RB0RD_1RC0RD_1LA0RC_1LD1LB	2	2	0	136
0RB0RD_1RC0RD_1LC1RA_0RC0RB	2	2	0	86
0RB0RD_1RC0RD_1LC1RA_0RC1LA	2	2	0	150
0RB0RD_1RC0RD_1LC1RA_1LC1LA	2	2	0	273
0RB0RD_1RC0RD_1LC1RA_1LD0LB	2	2	0	346
0RB0RD_1RC0RD_1LC1RB_0RC0RA	2	2	0	86
0RB0RD_1RC1LA_0RD---_1LD0LB	2	2	0	318
0RB0RD_1RC1LA_1LA1RB_1LB0LD	2	2	0	171
0RB0RD_1RC1LA_1LA1RC_1LB1LD	2	2	0	171
0RB0RD_1RC1LA_1LC1RA_1LD0LB	2	2	0	460
0RB0RD_1RC1LA_1LC1RB_1LB0LD	2	2	0	183
0RB0RD_1RC1LA_1RD1RB_1LB0LD	2	2	0	129
0RB0RD_1RC1LC_0RD1LA_1LD0LB	2	2	0	411
0RB0RD_1RC1LC_0RD1RA_1LD0LB	2	2	0	280
0RB0RD_1RC1LC_1LA0RC_---1LB	2	2	0	297
0RB0RD_1RC1LC_1LA0RC_0LA1LD	2	2	0	315
0RB0RD_1RC1LC_1LA0RC_1LB1LD	2	2	0	229
0RB0RD_1RC1LC_1LA0RC_1RC1LD	2	2	0	297
0RB0RD_1RC1LC_1LB0RA_---1RA	2	2	0	194
0RB0RD_1RC1LC_1LB1LA_---1RA	2	2	0	114
0RB0RD_1RC1LC_1LB1LD_1RB1RA	2	2	0	78
0RB0RD_1RC1LC_1LB1RA_---1RA	2	2	0	102
0RB0RD_1RC1LC_1LC1RA_1LA0RD	2	2	0	171
0RB0RD_1RC1LC_1LC1RA_1LD0LB	2	2	0	384
0RB0RD_1RC1LD_0LB0RD_1LB1RA	2	2	0	62
0RB0RD_1RC1LD_0LD1RC_1RA1LB	2	2	0	160
0RB0RD_1RC1LD_0RD0RC_1LA0LA	2	2	0	318
0RB0RD_1RC1LD_0RD0RC_1LA1LB	2	2	0	149
0RB0RD_1RC1LD_0RD0RC_1LA1RC	2	2	0	302
0RB0RD_1RC1LD_1LA0RC_1LA1LB	2	2	0	297
0RB0RD_1RC1LD_1LA0RC_1LD1LB	2	2	0	145
0RB0RD_1RC1LD_1LA0RC_1RD1LB	2	2	0	249
0RB0RD_1RC1LD_1LA1RD_1LB0RC	2	2	0	217
0RB0RD_1RC1LD_1LB1RC_1RA1LB	2	2	0	123
0RB0RD_1RC1LD_1LC1RB_0LC0LA	2	2	0	137
0RB0RD_1RC1LD_1LD0RC_1LA1LB	2	2	0	311
0RB0RD_1RC1RA_0LC1LD_1LA1LC	4	2	0	586
0RB0RD_1RC1RA_1LA1LC_1LC1RD	2	2	0	310
0RB0RD_1RC1RA_1LB0LD_1LC0RD	2	2	0	369
0RB0RD_1RC1RA_1LB1LC_0RC0RA	2	2	0	118
0RB0RD_1RC1RA_1LB1LC_0RC0RD	2	2	0	118
0RB0RD_1RC1RA_1LB1LC_0RC1RD	2	2	0	147
0RB0RD_1RC1RA_1LB1LC_1LC1RD	2	2	0	237
0RB0RD_1RC1RA_1LB1RC_1LD0LA	2	2	0	123
0RB0RD_1RC1RA_1LC0LD_1LA0LC	4	2	0	594
0RB0RD_1RC1RA_1LC0LD_1LA0RC	4	2	0	768
0RB0RD_1RC1RA_1LC1LA_0RC0RA	2	2	0	96
0RB0RD_1RC1RA_1LC1LA_0RC0RD	2	2	0	96
0RB0RD_1RC1RA_1LC1LA_1LC0RD	2	2	0	171
0RB0RD_1RC1RA_1LC1LB_0LC0RD	2	2	0	205
0RB0RD_1RC1RA_1LC1LB_0RC0RD	2	2	0	140
0RB0RD_1RC1RA_1LC1LB_1LC0RD	2	2	0	131
0RB0RD_1RC1RB_0RD0LB_1LD0LA	2	2	0	177
0RB0RD_1RC1RB_0RD0RB_1LD0LA	2	2	0	245
0RB0RD_1RC1RB_1LA1LC_0LC1LD	2	2	0	299
0RB0RD_1RC1RB_1LC1LA_---1LC	2	2	0	128
0RB0RD_1RC1RB_1LC1LA_0LC0RA	2	2	0	327
0RB0RD_1RC1RB_1LC1LA_0LC0RD	2	2	0	327
0RB0RD_1RC1RB_1LC1LA_0RC0LD	2	2	0	160
0RB0RD_1RC1RB_1LC1LA_0RC0RA	2	2	0	208
0RB0RD_1RC1RB_1LC1LA_0RC0RD	2	2	0	208
0RB0RD_1RC1RB_1LC1LA_1LC1LD	2	2	0	128
0RB0RD_1RC1RB_1LD1LB_0LC0LA	2	2	0	135
0RB0RD_1RC1RB_1LD1LB_1LC0LA	2	2	0	138
0RB0RD_1RC1RB_1LD1LB_1LD0LA	2	2	0	138
0RB0RD_1RC1RB_1LD1RB_1LC0LA	2	2	0	128
0RB0RD_1RC1RB_1LD1RB_1LD0LA	2	2	0	128
0RB0RD_1RC1RC_0RD1RB_1LD0LA	2	2	0	113
0RB0RD_1RC1RC_1LD1RB_1LC0LA	2	2	0	128
0RB0RD_1RC1RC_1LD1RB_1LD0LA	2	2	0	128
0RB0RD_1RC1RD_0LA1LB_1LC1RB	2	2	0	180
0RB0RD_1RC1RD_0LA1RB_1LC0LC	3	2	0	591
0RB0RD_1RC1RD_0LA1RB_1LC1RB	2	2	0	170
0RB0RD_1RC1RD_0LA1RB_1LC1RC	3	2	0	517
0RB0RD_1RC1RD_0LC1LA_1RB1LC	2	2	0	128
0RB0RD_1RC1RD_1LA0LC_1RD1LC	2	2	0	171
0RB0RD_1RC1RD_1LC1LB_1LC0RA	2	2	0	131
0RB0RD_1RC1RD_1LD0LC_0RA1LB	3	2	0	335
0RB1LA_0LC0LD_1RB1LD_1RA1LC	2	2	0	178
0RB1LA_0LC1LD_1LA1RD_1RD1RC	2	2	0	126
0RB1LA_0LC1RB_1RB1LD_1RA1LC	2	2	0	194
0RB1LA_0LC1RC_1LD1RA_1LA0LA	3	2	0	482
0RB1LA_0LC1RC_1LD1RA_1RA0LA	3	2	0	496
0RB1LA_0LC1RC_1LD1RA_1RC0LA	3	2	0	462
0RB1LA_0LC1RD_0LD1LC_1LA1RB	2	2	0	127
0RB1LA_0LC1RD_0LD1LC_1RA1RB	2	2	0	448
0RB1LA_0LC1RD_0LD1LD_1LA1RB	2	2	0	195
0RB1LA_0LC1RD_0LD1RD_1LA1RB	2	2	0	185
0RB1LA_0LC1RD_0RD1LC_1LA1RB	2	2	0	269
0RB1LA_0LC1RD_0RD1LD_1LA1RB	2	2	0	195
0RB1LA_0LC1RD_0RD1RD_1LA1RB	2	2	0	185
0RB1LA_0LC1RD_1LA---_1RA1RB	2	2	0	94
0RB1LA_0LC1RD_1LA---_1RC1RB	2	2	0	86
0RB1LA_0LC1RD_1LA1LC_1LA1RB	2	2	0	267
0RB1LA_0LC1RD_1LA1LD_1LA1RB	2	2	0	169
0RB1LA_0LC1RD_1LA1RA_1LA1RB	2	2	0	169
0RB1LA_0LC1RD_1LA1RC_1LA1RB	2	2	0	161
0RB1LA_0LC1RD_1LA1RD_1LA1RB	2	2	0	161
0RB1LA_0LC1RD_1LD0RA_1LA1RB	2	2	0	186
0RB1LA_0LC1RD_1LD0RB_1LA1RB	2	2	0	201
0RB1LA_0LC1RD_1LD0RC_1LA1RB	2	2	0	181
0RB1LA_0LC1RD_1LD1LD_1LA1RB	2	2	0	191
0RB1LA_0LC1RD_1LD1RA_1LA1RB	2	2	0	122
0RB1LA_0LC1RD_1LD1RC_1LA1RB	2	2	0	116
0RB1LA_0LC1RD_1LD1RD_1LA1RB	2	2	0	181
0RB1LA_0LC1RD_1RB1LC_0LA1RB	2	2	0	268
0RB1LA_0LC1RD_1RB1LC_1LA1RB	2	2	0	262
0RB1LA_0LC1RD_1RB1LD_1LA1RB	2	2	0	193
0RB1LA_0LC1RD_1RB1RD_1LA1RB	2	2	0	161
0RB1LA_0LC1RD_1RD0RB_1LA1RB	2	2	0	167
0RB1LA_0LC1RD_1RD1LC_1LA1RB	2	2	0	258
0RB1LA_0LC1RD_1RD1LD_1LA1RB	2	2	0	167
0RB1LA_0LC1RD_1RD1RA_1LA1RB	2	2	0	95
0RB1LA_0LC1RD_1RD1RB_1LA1RC	3	2	0	237
0RB1LA_0LC1RD_1RD1RC_1LA1RB	2	2	0	87
0RB1LA_0LC1RD_1RD1RD_1LA1RB	2	2	0	159
0RB1LA_0RC0LA_1RD1RC_1LB1LD	2	2	0	197
0RB1LA_0RC1LB_1LA1RD_1LB1RC	2	2	0	163
0RB1LA_0RC1LB_1LB1RD_1LA1RC	2	2	0	161
0RB1LA_0RC1LD_1LA1RD_1RD1RC	2	2	0	126
0RB1LA_0RC1RC_1LD1RB_0LA1LB	2	3	0	173
0RB1LA_0RC1RC_1LD1RB_0LA1RB	2	3	0	161
0RB1LA_0RC1RC_1LD1RB_1LA---	2	2	0	96
0RB1LA_0RC1RC_1LD1RB_1RA---	2	2	0	106
0RB1LA_0RC1RC_1LD1RD_1LA1RB	3	2	0	265
0RB1LA_0RC1RD_0LD---_1LA1RB	2	2	0	180
0RB1LA_0RC1RD_1LB0LD_1LA1RB	2	2	0	190
0RB1LA_0RC1RD_1LB1LD_1LA1RB	2	2	0	106
0RB1LA_0RC1RD_1LD---_1LA1RB	2	2	0	96
0RB1LA_0RC1RD_1LD1LA_1RC1RB	2	2	0	106
0RB1LA_1LA0RC_1LD0LD_1RD1RB	3	2	0	378
0RB1LA_1LA1LC_0RC1RD_1RB1RC	2	2	0	99
0RB1LA_1LA1LC_0RD1RD_1LB1RC	2	2	0	99
0RB1LA_1LA1LC_1RC0RD_1LB0LC	2	2	0	179
0RB1LA_1LA1LC_1RC1RD_1LA1RC	2	2	0	133
0RB1LA_1LA1LC_1RD0LB_0LA1RC	2	2	0	375
0RB1LA_1LA1LC_1RD0LB_1LA1RC	2	2	0	405
0RB1LA_1LA1LC_1RD0LB_1RB1RC	2	2	0	363
0RB1LA_1LA1RC_0LD1RB_---1LB	2	2	0	169
0RB1LA_1LA1RC_0LD1RB_---1RB	2	2	0	183
0RB1LA_1LA1RC_0LD1RB_0LA1LD	2	2	0	277
0RB1LA_1LA1RC_0LD1RB_0LC1RD	2	2	0	193
0RB1LA_1LA1RC_0LD1RB_0RC1LD	2	2	0	257
0RB1LA_1LA1RC_0LD1RB_1LA1LD	2	2	0	265
0RB1LA_1LA1RC_0LD1RB_1LA1RD	2	2	0	183
0RB1LA_1LA1RC_0LD1RB_1LB0RC	2	2	0	179
0RB1LA_1LA1RC_0LD1RB_1LB0RD	2	2	0	183
0RB1LA_1LA1RC_0LD1RB_1LB1RD	2	2	0	109
0RB1LA_1LA1RC_0LD1RB_1RA1LD	2	2	0	277
0RB1LA_1LA1RC_0LD1RB_1RB0RC	2	2	0	193
0RB1LA_1LA1RC_0LD1RB_1RB1LD	2	2	0	249
0RB1LA_1LA1RC_0LD1RB_1RB1RD	2	2	0	99
0RB1LA_1LA1RC_0LD1RB_1RC1LD	2	2	0	249
0RB1LA_1LA1RC_0RD0RC_1LD0RA	2	2	0	188
0RB1LA_1LA1RC_0RD0RC_1LD1RA	2	2	0	97
0RB1LA_1LA1RC_0RD1RB_0LB---	2	2	0	183
0RB1LA_1LA1RC_0RD1RB_0LD1LB	2	2	0	170
0RB1LA_1LA1RC_0RD1RB_0LD1RB	2	2	0	193
0RB1LA_1LA1RC_0RD1RB_1LB---	2	2	0	89
0RB1LA_1LA1RC_0RD1RB_1LC0LB	2	2	0	193
0RB1LA_1LA1RC_0RD1RB_1LC1LB	2	2	0	99
0RB1LA_1LA1RC_0RD1RB_1LC1LD	2	2	0	157
0RB1LA_1LA1RC_0RD1RB_1LD0LA	2	2	0	185
0RB1LA_1LA1RC_0RD1RB_1LD0LB	2	2	0	369
0RB1LA_1LA1RC_0RD1RB_1LD1LA	2	2	0	89
0RB1LA_1LA1RC_0RD1RB_1LD1LB	2	2	0	129
0RB1LA_1LA1RC_0RD1RB_1LD1RA	2	2	0	99
0RB1LA_1LA1RC_0RD1RB_1LD1RB	2	2	0	151
0RB1LA_1LA1RC_0RD1RD_1LB1RB	3	2	0	282
0RB1LA_1LA1RC_0RD1RD_1LB1RC	2	2	0	89
0RB1LA_1LA1RC_1LC1RD_---1RB	3	2	0	294
0RB1LA_1LA1RC_1LD0RC_1LD1RA	2	2	0	191
0RB1LA_1LA1RC_1LD1RB_---0LA	2	2	0	284
0RB1LA_1LA1RC_1LD1RB_---1LA	2	2	0	173
0RB1LA_1LA1RC_1LD1RB_---1RA	2	2	0	183
0RB1LA_1LA1RC_1LD1RB_---1RC	2	2	0	99
0RB1LA_1LA1RC_1LD1RB_0LA0LC	2	2	0	175
0RB1LA_1LA1RC_1LD1RB_0LA1LC	2	2	0	103
0RB1LA_1LA1RC_1LD1RB_0LA1RD	2	2	0	193
0RB1LA_1LA1RC_1LD1RB_0LC1RD	2	2	0	109
0RB1LA_1LA1RC_1LD1RB_0RA1LC	2	2	0	102
0RB1LA_1LA1RC_1LD1RB_0RA1LD	2	2	0	183
0RB1LA_1LA1RC_1LD1RB_0RB1LC	2	2	0	100
0RB1LA_1LA1RC_1LD1RB_0RB1LD	2	2	0	173
0RB1LA_1LA1RC_1LD1RB_0RC0LC	2	2	0	159
0RB1LA_1LA1RC_1LD1RB_0RC1LC	2	2	0	104
0RB1LA_1LA1RC_1LD1RB_0RC1LD	2	2	0	257
0RB1LA_1LA1RC_1LD1RB_1LA0LC	2	2	0	173
0RB1LA_1LA1RC_1LD1RB_1LA1LC	2	2	0	101
0RB1LA_1LA1RC_1LD1RB_1LA1RD	2	2	0	99
0RB1LA_1LA1RC_1LD1RB_1LB0LC	2	2	0	147
0RB1LA_1LA1RC_1LD1RB_1LB1LC	2	2	0	88
0RB1LA_1LA1RC_1LD1RB_1LB1LD	2	2	0	135
0RB1LA_1LA1RC_1LD1RB_1LB1RD	2	2	0	151
0RB1LA_1LA1RC_1LD1RB_1RA0LC	2	2	0	175
0RB1LA_1LA1RC_1LD1RB_1RA1LC	2	2	0	103
0RB1LA_1LA1RC_1LD1RB_1RA1LD	2	2	0	139
0RB1LA_1LA1RC_1LD1RB_1RB0LC	2	2	0	173
0RB1LA_1LA1RC_1LD1RB_1RB1LC	2	2	0	101
0RB1LA_1LA1RC_1LD1RB_1RB1LD	2	2	0	307
0RB1LA_1LA1RC_1LD1RB_1RB1RD	2	2	0	145
0RB1LA_1LA1RC_1LD1RB_1RC0LC	2	2	0	171
0RB1LA_1LA1RC_1LD1RB_1RC1LC	2	2	0	99
0RB1LA_1LA1RC_1LD1RB_1RD0LC	2	2	0	177
0RB1LA_1LA1RC_1LD1RB_1RD1LC	2	2	0	103
0RB1LA_1LA1RC_1RB0LD_0LA1LC	2	2	0	1151
0RB1LA_1LA1RC_1RB0LD_0RA1LC	2	2	0	1341
0RB1LA_1LA1RC_1RB0LD_1LA1LC	2	2	0	1119
0RB1LA_1LA1RC_1RB0LD_1RA1LC	2	2	0	1779
0RB1LA_1LA1RC_1RB0LD_1RB1LC	2	2	0	467
0RB1LA_1LA1RC_1RB0RD_---1LC	2	2	0	121
0RB1LA_1LA1RC_1RB1RD_---0LB	3	2	0	366
0RB1LA_1LA1RC_1RB1RD_---1RB	3	2	0	282
0RB1LA_1LA1RC_1RB1RD_---1RC	2	2	0	89
0RB1LA_1LA1RC_1RD1RB_0LA---	2	2	0	183
0RB1LA_1LA1RC_1RD1RB_0LC---	2	2	0	99
0RB1LA_1LA1RC_1RD1RB_0LD0LC	2	2	0	193
0RB1LA_1LA1RC_1RD1RB_0LD1LA	2	2	0	183
0RB1LA_1LA1RC_1RD1RB_0LD1LB	2	2	0	109
0RB1LA_1LA1RC_1RD1RB_0LD1RB	2	2	0	99
0RB1LA_1LA1RC_1RD1RB_1LA---	2	2	0	89
0RB1LA_1LA1RC_1RD1RB_1LB---	2	2	0	145
0RB1LA_1LA1RC_1RD1RB_1LD0LA	2	2	0	277
0RB1LA_1LA1RC_1RD1RB_1LD0LC	2	2	0	99
0RB1LA_1LA1RC_1RD1RB_1LD1LA	2	2	0	89
0RB1LA_1LA1RC_1RD1RB_1LD1LC	2	2	0	151
0RB1LA_1LA1RC_1RD1RB_1LD1RA	2	2	0	99
0RB1LA_1LA1RC_1RD1RB_1LD1RC	2	2	0	145
0RB1LA_1LA1RC_1RD1RB_1RB---	2	2	0	139
0RB1LA_1LC0LA_1RC1RD_1LA1RC	2	2	0	141
0RB1LA_1LC0LC_1LD1RD_0RC1RA	2	2	0	234
0RB1LA_1LC0LC_1RB1RD_1LA1RC	2	2	0	148
0RB1LA_1LC0LC_1RC1RD_0LA0RA	3	2	0	484
0RB1LA_1LC0LC_1RC1RD_0LA0RB	3	2	0	689
0RB1LA_1LC0LC_1RC1RD_1LA0RB	3	2	0	323
0RB1LA_1LC0LC_1RD0RB_1RC1LA	2	2	0	188
0RB1LA_1LC0LC_1RD1RA_1RD1RB	3	2	0	407
0RB1LA_1LC0LD_1LA---_1RD0RB	2	2	0	176
0RB1LA_1LC0LD_1LA0LC_1RD1RC	2	2	0	403
0RB1LA_1LC0LD_1LA1RA_1RD0LC	2	2	0	230
0RB1LA_1LC0LD_1LA1RD_1RD1RC	2	2	0	132
0RB1LA_1LC0LD_1RA---_1RD0RB	2	2	0	188
0RB1LA_1LC0LD_1RA0LB_1RD1RC	3	2	0	808
0RB1LA_1LC0LD_1RA0RA_1RD1RC	3	2	0	417
0RB1LA_1LC0LD_1RA0RB_1RD1RC	3	2	0	568
0RB1LA_1LC0LD_1RA1RA_1RD0LC	2	2	0	242
0RB1LA_1LC0LD_1RA1RD_0RD1RC	2	2	0	170
0RB1LA_1LC0LD_1RA1RD_1RD1RC	2	2	0	118
0RB1LA_1LC0LD_1RC1LA_1RD0RB	2	2	0	188
0RB1LA_1LC0LD_1RD0RA_1LB0RC	4	2	0	1057
0RB1LA_1LC0RC_0RD0RA_1LD1RC	2	2	0	113
0RB1LA_1LC0RD_0LD0LA_1RD1RB	2	2	0	298
0RB1LA_1LC0RD_1LD1LB_0RA1RB	2	2	0	149
0RB1LA_1LC0RD_1RA0LB_1RB1RD	2	2	0	148
0RB1LA_1LC0RD_1RA1LB_---1RB	2	2	0	149
0RB1LA_1LC0RD_1RA1RD_---1RC	2	2	0	158
0RB1LA_1LC0RD_1RB---_1LD0LA	2	2	0	1319
0RB1LA_1LC0RD_1RB1LD_0LC0LA	2	2	0	1371
0RB1LA_1LC0RD_1RC0RD_1LD0LA	2	2	0	1319
0RB1LA_1LC1LB_0RC1RD_1LA1RC	2	2	0	139
0RB1LA_1LC1LB_0RD0LA_1RB1RD	2	2	0	141
0RB1LA_1LC1LB_1RC1RD_0LA1RC	2	2	0	86
0RB1LA_1LC1LB_1RD0LA_1RB1RD	2	2	0	108
0RB1LA_1LC1LB_1RD0LB_0LA0RC	2	2	0	128
0RB1LA_1LC1LB_1RD0LB_1LA0RC	2	2	0	104
0RB1LA_1LC1LC_1RC1RD_1LA1RC	2	2	0	131
0RB1LA_1LC1LD_1RB1RD_0LA1RC	2	2	0	104
0RB1LA_1LC1LD_1RC1RD_0LA1RC	2	2	0	94
0RB1LA_1LC1RB_0LD0LC_1RD0LA	2	2	0	191
0RB1LA_1LC1RB_0LD0LC_1RD1LA	2	2	0	233
0RB1LA_1LC1RB_0RA1LD_0RB0LB	2	2	0	187
0RB1LA_1LC1RB_0RA1LD_0RB1LC	2	2	0	183
0RB1LA_1LC1RB_0RB1LD_0RA1LC	2	2	0	183
0RB1LA_1LC1RB_0RB1LD_1RA1LC	2	2	0	139
0RB1LA_1LC1RB_0RD0LC_1RD1LA	2	2	0	353
0RB1LA_1LC1RB_1LA1LD_---0LA	2	2	0	535
0RB1LA_1LC1RB_1RA1LD_---0LA	2	2	0	547
0RB1LA_1LC1RB_1RA1LD_---1LC	2	2	0	149
0RB1LA_1LC1RB_1RB1LD_---0LA	2	2	0	519
0RB1LA_1LC1RB_1RD0LB_1LA0RC	2	2	0	124
0RB1LA_1LC1RB_1RD0LC_1RC1LA	2	2	0	258
0RB1LA_1LC1RB_1RD0LC_1RD0LA	2	2	0	352
0RB1LA_1LC1RB_1RD0LC_1RD1LA	2	2	0	258
0RB1LA_1LC1RC_0LD0LA_1RD0RB	2	2	0	422
0RB1LA_1LC1RC_1LA1RD_0RB1RB	3	2	0	235
0RB1LA_1LC1RC_1LA1RD_1LD1RB	3	2	0	245
0RB1LA_1LC1RC_1LA1RD_1RA1RB	3	2	0	131
0RB1LA_1LC1RC_1LA1RD_1RC1RB	3	2	0	235
0RB1LA_1LC1RC_1RA1RD_0LB1RB	3	2	0	151
0RB1LA_1LC1RC_1RA1RD_0RB1RB	3	2	0	133
0RB1LA_1LC1RC_1RA1RD_1RA1RB	3	2	0	141
0RB1LA_1LC1RD_0LD0LA_1LA1RB	2	2	0	249
0RB1LA_1LC1RD_0LD0LA_1RA1RB	2	2	0	361
0RB1LA_1LC1RD_0LD0LB_1LA1RB	2	2	0	177
0RB1LA_1LC1RD_0LD0LD_1LA1RB	2	2	0	255
0RB1LA_1LC1RD_0LD1LA_1LA1RB	2	2	0	169
0RB1LA_1LC1RD_0LD1LB_1LA1RB	2	2	0	116
0RB1LA_1LC1RD_0LD1LC_1LA1RB	2	2	0	155
0RB1LA_1LC1RD_0LD1RA_1LA1RB	2	2	0	177
0RB1LA_1LC1RD_0LD1RB_1LA1RB	2	2	0	108
0RB1LA_1LC1RD_0RA0LA_1LA1RB	2	2	0	259
0RB1LA_1LC1RD_0RA0LB_1LA1RB	2	2	0	185
0RB1LA_1LC1RD_0RA0LD_1LA1RB	2	2	0	227
0RB1LA_1LC1RD_0RA0LD_1RB1LC	2	2	0	99
0RB1LA_1LC1RD_0RA1LA_1LA1RB	2	2	0	175
0RB1LA_1LC1RD_0RA1LB_1LA1RB	2	2	0	120
0RB1LA_1LC1RD_0RA1LC_1LA1RB	2	2	0	183
0RB1LA_1LC1RD_0RA1LD_1RB0LC	2	2	0	323
0RB1LA_1LC1RD_0RA1RA_1LA1RB	2	2	0	185
0RB1LA_1LC1RD_0RA1RB_1LA1RB	2	2	0	110
0RB1LA_1LC1RD_0RB0LA_1LA1RB	2	2	0	257
0RB1LA_1LC1RD_0RB0LB_1LA1RB	2	2	0	183
0RB1LA_1LC1RD_0RB0LD_1LA1RB	2	2	0	225
0RB1LA_1LC1RD_0RB1LA_1LA1RB	2	2	0	173
0RB1LA_1LC1RD_0RB1LB_1LA1RB	2	2	0	118
0RB1LA_1LC1RD_0RB1LC_1LA1RB	2	2	0	173
0RB1LA_1LC1RD_0RB1RA_1LA1RB	2	2	0	183
0RB1LA_1LC1RD_0RB1RB_1LA1RB	2	2	0	108
0RB1LA_1LC1RD_0RC0LD_1LA1RB	2	2	0	261
0RB1LA_1LC1RD_0RC1LA_1LA1RB	2	2	0	175
0RB1LA_1LC1RD_0RC1RB_1LA1RB	2	2	0	110
0RB1LA_1LC1RD_0RD0LA_1LA1RB	2	2	0	255
0RB1LA_1LC1RD_0RD0LD_1LA1RB	2	2	0	225
0RB1LA_1LC1RD_0RD1LA_1LA1RB	2	2	0	173
0RB1LA_1LC1RD_0RD1LB_1LA1RB	2	2	0	95
0RB1LA_1LC1RD_0RD1LC_0LA1RB	2	2	0	267
0RB1LA_1LC1RD_0RD1LC_1LA1RB	2	2	0	257
0RB1LA_1LC1RD_0RD1LD_1RA1RB	2	2	0	86
0RB1LA_1LC1RD_0RD1RA_1LA1RB	2	2	0	185
0RB1LA_1LC1RD_0RD1RB_1LA1RB	2	2	0	110
0RB1LA_1LC1RD_1LA0LA_0RD1RB	2	3	0	256
0RB1LA_1LC1RD_1LA0LA_1LA1RB	2	2	0	248
0RB1LA_1LC1RD_1LA0LA_1RA1RB	2	2	0	227
0RB1LA_1LC1RD_1LA0LB_1LA1RB	2	2	0	157
0RB1LA_1LC1RD_1LA0LD_1LA1RB	2	2	0	255
0RB1LA_1LC1RD_1LA1LA_1LA1RB	2	2	0	149
0RB1LA_1LC1RD_1LA1LB_1LA1RB	2	2	0	93
0RB1LA_1LC1RD_1LA1RA_1LA1RB	2	2	0	157
0RB1LA_1LC1RD_1LA1RB_1LA1RB	2	2	0	85
0RB1LA_1LC1RD_1LA1RC_---1RB	2	2	0	85
0RB1LA_1LC1RD_1LD0LA_1LA1RB	2	2	0	245
0RB1LA_1LC1RD_1LD0LA_1RA1RB	2	2	0	140
0RB1LA_1LC1RD_1LD0LB_1LA1RB	2	2	0	173
0RB1LA_1LC1RD_1LD0LD_1LA1RB	2	2	0	251
0RB1LA_1LC1RD_1LD1LA_1LA1RB	2	2	0	165
0RB1LA_1LC1RD_1LD1LB_1LA1RB	2	2	0	112
0RB1LA_1LC1RD_1LD1LC_0RA1RB	2	2	0	149
0RB1LA_1LC1RD_1LD1LC_1LA1RB	2	2	0	143
0RB1LA_1LC1RD_1LD1RA_1LA1RB	2	2	0	173
0RB1LA_1LC1RD_1LD1RB_1LA1RB	2	2	0	104
0RB1LA_1LC1RD_1LD1RC_1LA1RB	2	2	0	148
0RB1LA_1LC1RD_1RA0LA_0RD1RB	2	3	0	268
0RB1LA_1LC1RD_1RA0LA_1LA1RB	2	2	0	250
0RB1LA_1LC1RD_1RA0LA_1RA1RB	2	2	0	233
0RB1LA_1LC1RD_1RA0LB_---0RC	2	2	0	136
0RB1LA_1LC1RD_1RA0LB_1LA1RB	2	2	0	159
0RB1LA_1LC1RD_1RA0LB_1RB1RC	3	2	0	173
0RB1LA_1LC1RD_1RA0LC_1LD1RB	2	2	0	269
0RB1LA_1LC1RD_1RA0LC_1RA1RB	2	2	0	125
0RB1LA_1LC1RD_1RA0LC_1RD1RB	2	2	0	185
0RB1LA_1LC1RD_1RA0LD_1LA1RB	2	2	0	257
0RB1LA_1LC1RD_1RA1LA_1LA1RB	2	2	0	151
0RB1LA_1LC1RD_1RA1LB_1LA1RB	2	2	0	95
0RB1LA_1LC1RD_1RA1LC_---1RB	2	2	0	149
0RB1LA_1LC1RD_1RA1LD_1RB0LC	2	2	0	771
0RB1LA_1LC1RD_1RA1RA_1LA1RB	2	2	0	159
0RB1LA_1LC1RD_1RA1RB_---1RC	3	2	0	141
0RB1LA_1LC1RD_1RA1RB_1LA1RB	2	2	0	87
0RB1LA_1LC1RD_1RA1RC_---1RB	2	2	0	76
0RB1LA_1LC1RD_1RB0LA_1LA1RB	2	2	0	242
0RB1LA_1LC1RD_1RB0LB_1LA1RB	2	2	0	153
0RB1LA_1LC1RD_1RB0LD_1LA1RB	2	2	0	221
0RB1LA_1LC1RD_1RB1LA_1LA1RB	2	2	0	147
0RB1LA_1LC1RD_1RB1LB_1LA1RB	2	2	0	93
0RB1LA_1LC1RD_1RB1LC_0LA1RB	2	2	0	257
0RB1LA_1LC1RD_1RB1LC_1LA1RB	2	2	0	311
0RB1LA_1LC1RD_1RB1RA_1LA1RB	2	2	0	153
0RB1LA_1LC1RD_1RB1RB_1LA1RB	2	2	0	87
0RB1LA_1LC1RD_1RC0LA_1LA1RB	2	2	0	254
0RB1LA_1LC1RD_1RC0LA_1RA1RB	2	2	0	104
0RB1LA_1LC1RD_1RC0LB_1LA1RB	2	2	0	161
0RB1LA_1LC1RD_1RC0LD_1LA1RB	2	2	0	259
0RB1LA_1LC1RD_1RC1LA_1LA1RB	2	2	0	151
0RB1LA_1LC1RD_1RC1LB_1LA1RB	2	2	0	93
0RB1LA_1LC1RD_1RC1RB_1LA1RB	2	2	0	83
0RB1LA_1LC1RD_1RD0LA_1LA1RB	2	2	0	246
0RB1LA_1LC1RD_1RD0LA_1RA1RB	2	2	0	181
0RB1LA_1LC1RD_1RD0LB_1LA1RB	2	2	0	155
0RB1LA_1LC1RD_1RD0LD_1LA1RB	2	2	0	253
0RB1LA_1LC1RD_1RD1LA_1LA1RB	2	2	0	147
0RB1LA_1LC1RD_1RD1LB_1LA1RB	2	2	0	91
0RB1LA_1LC1RD_1RD1RA_1LA1RB	2	2	0	155
0RB1LA_1LC1RD_1RD1RB_1LA1RB	2	2	0	83
0RB1LA_1LC1RD_1RD1RC_0LA1RB	2	2	0	86
0RB1LA_1LC1RD_1RD1RC_1LA1RB	2	2	0	120
0RB1LA_1RC0LA_0RD0LC_1LD1RB	3	2	0	253
0RB1LA_1RC0LA_0RD0RC_1LD0LB	2	2	0	388
0RB1LA_1RC0LA_0RD0RC_1LD0RA	2	2	0	202
0RB1LA_1RC0LA_0RD0RC_1LD1RA	2	2	0	103
0RB1LA_1RC0LA_1LD0RC_1LD1RA	2	2	0	207
0RB1LA_1RC0LA_1LD1RA_1LB0LD	3	2	0	486
0RB1LA_1RC0LA_1RD1RC_1LB1LD	2	2	0	133
0RB1LA_1RC0LC_0RD0LA_1LD1RB	3	2	0	197
0RB1LA_1RC0LC_0RD1RA_1LD0LB	2	2	0	432
0RB1LA_1RC0LD_0LA1RB_1LC1LB	2	2	0	241
0RB1LA_1RC0LD_1LA0LC_1RD1LC	2	2	0	90
0RB1LA_1RC0LD_1LA0LC_1RD1RC	2	2	0	413
0RB1LA_1RC0LD_1LA0RD_1LB1RC	3	2	0	434
0RB1LA_1RC0LD_1LA1RD_1LB1RB	3	2	0	346
0RB1LA_1RC0LD_1LA1RD_1RD1RB	3	2	0	324
0RB1LA_1RC0LD_1LA1RD_1RD1RC	2	2	0	123
0RB1LA_1RC0LD_1LB0LA_1RD0RC	3	2	0	1067
0RB1LA_1RC0LD_1LB1LA_1RD0RC	2	2	0	207
0RB1LA_1RC0LD_1LC1LA_1RD0RC	2	2	0	199
0RB1LA_1RC0LD_1LD0RB_1RA0LC	2	2	0	108
0RB1LA_1RC0LD_1RD---_0LA0RB	3	2	0	286
0RB1LA_1RC0LD_1RD---_0LA0RD	3	2	0	352
0RB1LA_1RC0LD_1RD0RB_1LB0LA	2	2	0	77
0RB1LA_1RC0LD_1RD0RB_1LB1LA	2	2	0	147
0RB1LA_1RC0LD_1RD1RB_0LA1LB	2	2	0	275
0RB1LA_1RC0RC_0RD0RA_1LD0LA	2	2	0	119
0RB1LA_1RC0RC_0RD0RA_1LD1RC	2	2	0	111
0RB1LA_1RC0RC_1LA0LD_1RB1RD	3	2	0	423
0RB1LA_1RC0RC_1LA1LD_1RD1RB	2	2	0	138
0RB1LA_1RC0RC_1LD0RA_1LC1LB	2	2	0	175
0RB1LA_1RC0RC_1LD0RA_1LD1LB	2	2	0	175
0RB1LA_1RC0RD_1LA0RC_1LD1LB	2	2	0	138
0RB1LA_1RC0RD_1LA1RB_---1LB	2	2	0	138
0RB1LA_1RC0RD_1LC1RB_0RC0RA	2	2	0	118
0RB1LA_1RC1LB_0LA1RD_0LB0RB	2	2	0	216
0RB1LA_1RC1LB_0LA1RD_0LB1RC	2	2	0	162
0RB1LA_1RC1LB_0LB1RD_0LA1RC	2	2	0	160
0RB1LA_1RC1LB_0LB1RD_1LA1RC	2	2	0	133
0RB1LA_1RC1LB_0RD0RC_1LD0RA	2	2	0	95
0RB1LA_1RC1LB_0RD0RC_1LD1RA	2	2	0	129
0RB1LA_1RC1LB_1LA1RD_---1RC	2	2	0	123
0RB1LA_1RC1LB_1LD0RB_1RA0LC	2	2	0	108
0RB1LA_1RC1LB_1LD0RC_1LC1RA	2	2	0	143
0RB1LA_1RC1LB_1LD0RC_1LD0RA	2	2	0	189
0RB1LA_1RC1LB_1LD0RC_1LD1RA	2	2	0	143
0RB1LA_1RC1LC_0RD0RA_1LD0LB	2	2	0	394
0RB1LA_1RC1LC_0RD1LA_1LD0LB	2	2	0	1207
0RB1LA_1RC1LC_0RD1RA_1LD0LB	2	2	0	1253
0RB1LA_1RC1LD_0LA0RD_1LB0LA	2	2	0	102
0RB1LA_1RC1LD_0LA0RD_1LB1RC	2	2	0	76
0RB1LA_1RC1LD_0LA1RB_0RC0LB	2	2	0	821
0RB1LA_1RC1LD_0LA1RD_1LB0RC	2	2	0	224
0RB1LA_1RC1LD_0LA1RD_1RC0LB	2	2	0	399
0RB1LA_1RC1LD_1LA1RD_1LB0RC	2	2	0	214
0RB1LA_1RC1LD_1RD0RD_0LA0LB	2	2	0	624
0RB1LA_1RC1LD_1RD1RB_0LA0LB	2	2	0	425
0RB1LA_1RC1RA_1LD0LA_0LA0LC	2	2	0	87
0RB1LA_1RC1RA_1LD0LA_1RC0LC	2	2	0	83
0RB1LA_1RC1RB_0LC1LD_1RA1LC	2	2	0	158
0RB1LA_1RC1RB_0LD0LA_1LC1RD	2	2	0	693
0RB1LA_1RC1RB_0LD0RA_1LB1LD	2	2	0	299
0RB1LA_1RC1RB_0LD1RA_0LA1LD	2	2	0	99
0RB1LA_1RC1RB_0RD0LA_1LC0LD	2	2	0	830
0RB1LA_1RC1RB_0RD0LA_1LC1LD	2	2	0	313
0RB1LA_1RC1RB_0RD0LA_1LD0LA	2	2	0	303
0RB1LA_1RC1RB_0RD0LA_1LD0LB	2	2	0	515
0RB1LA_1RC1RB_0RD0LA_1LD1RC	2	2	0	210
0RB1LA_1RC1RB_0RD1LA_1LD0LA	2	2	0	280
0RB1LA_1RC1RB_0RD1RA_1LD0LA	2	2	0	287
0RB1LA_1RC1RB_1LC1LD_0RA1LC	2	2	0	106
0RB1LA_1RC1RB_1LD0LA_---0LA	2	2	0	665
0RB1LA_1RC1RB_1LD0LA_0LA1LC	2	2	0	934
0RB1LA_1RC1RB_1LD0LA_0RA1LC	2	2	0	822
0RB1LA_1RC1RB_1LD0LA_0RB1LC	2	2	0	820
0RB1LA_1RC1RB_1LD0LA_0RC1LC	2	2	0	854
0RB1LA_1RC1RB_1LD0LA_1LA1LC	2	2	0	888
0RB1LA_1RC1RB_1LD0LA_1LB1LC	2	2	0	820
0RB1LA_1RC1RB_1LD0LA_1LC1RD	2	2	0	210
0RB1LA_1RC1RB_1LD0LA_1RA1LC	2	2	0	890
0RB1LA_1RC1RB_1LD0LA_1RB1LC	2	2	0	886
0RB1LA_1RC1RB_1LD0LA_1RC1LC	2	2	0	932
0RB1LA_1RC1RB_1LD0LA_1RD1LC	2	2	0	936
0RB1LA_1RC1RB_1LD0RA_1LB1LD	2	2	0	145
0RB1LA_1RC1RB_1LD0RB_0RA0LC	2	2	0	112
0RB1LA_1RC1RB_1LD0RB_1RA0LC	2	2	0	105
0RB1LA_1RC1RB_1LD0RC_0LA1LB	2	3	0	273
0RB1LA_1RC1RB_1LD1LA_---0LA	2	2	0	221
0RB1LA_1RC1RB_1LD1LA_0LA0LC	2	2	0	215
0RB1LA_1RC1RB_1LD1LA_0RA0LC	2	2	0	195
0RB1LA_1RC1RB_1LD1LA_0RB0LC	2	2	0	193
0RB1LA_1RC1RB_1LD1LA_0RC0LC	2	2	0	195
0RB1LA_1RC1RB_1LD1LA_1LA0LC	2	2	0	211
0RB1LA_1RC1RB_1LD1LA_1LB0LC	2	2	0	181
0RB1LA_1RC1RB_1LD1LA_1RA0LC	2	2	0	213
0RB1LA_1RC1RB_1LD1LA_1RB0LC	2	2	0	209
0RB1LA_1RC1RB_1LD1LA_1RC0LC	2	2	0	213
0RB1LA_1RC1RB_1LD1LA_1RD0LC	2	2	0	217
0RB1LA_1RC1RB_1LD1LC_0RB0LA	2	2	0	358
0RB1LA_1RC1RB_1LD1LC_1RB0LA	2	2	0	184
0RB1LA_1RC1RB_1LD1RA_1LA0LD	2	3	0	199
0RB1LA_1RC1RB_1RD0LA_0LD1LC	2	2	0	550
0RB1LA_1RC1RB_1RD0LA_1LC---	2	2	0	200
0RB1LA_1RC1RB_1RD0LA_1LD0LA	2	2	0	200
0RB1LA_1RC1RB_1RD0LA_1LD0LC	2	2	0	417
0RB1LA_1RC1RB_1RD0LA_1LD1LC	2	2	0	303
0RB1LA_1RC1RB_1RD1LA_1LD0LA	2	2	0	280
0RB1LA_1RC1RB_1RD1LA_1LD0LC	2	2	0	280
0RB1LA_1RC1RC_0RD0RC_1LD0RA	2	2	0	186
0RB1LA_1RC1RC_0RD0RC_1LD1RA	2	2	0	95
0RB1LA_1RC1RC_1LD0RC_1LD1RA	2	2	0	189
0RB1LA_1RC1RD_0LA---_1LA1RB	2	2	0	180
0RB1LA_1RC1RD_0LA1LD_1RB0LC	2	2	0	1205
0RB1LA_1RC1RD_0LB---_1LA1RB	2	2	0	106
0RB1LA_1RC1RD_0LC1LA_1LA1RB	2	2	0	180
0RB1LA_1RC1RD_0LC1LD_1LA1RB	2	2	0	95
0RB1LA_1RC1RD_0LC1RD_1LA1RB	2	2	0	106
0RB1LA_1RC1RD_1LA---_---1RB	2	2	0	96
0RB1LA_1RC1RD_1LA0LC_1RD1LC	2	2	0	169
0RB1LA_1RC1RD_1LA1LD_1RB0LC	2	2	0	1101
0RB1LA_1RC1RD_1LA1RB_---0LC	3	2	0	349
0RB1LA_1RC1RD_1LA1RB_---1RC	3	2	0	265
0RB1LA_1RC1RD_1LC0LA_1LA1RB	2	2	0	425
0RB1LA_1RC1RD_1LC0RA_0RC0RD	2	2	0	208
0RB1LA_1RC1RD_1LC1LA_---1RB	2	2	0	96
0RB1LA_1RC1RD_1LC1LB_1LA1RB	2	2	0	133
0RB1LA_1RC1RD_1LC1LD_1RA1RB	2	2	0	80
0RB1LA_1RC1RD_1LC1RA_---1RB	2	2	0	106
0RB1LA_1RC1RD_1LC1RA_0RC0RD	2	2	0	106
0RB1LA_1RC1RD_1LC1RA_1LC0RD	2	2	0	189
0RB1LA_1RC1RD_1LC1RB_0LA1RB	2	2	0	116
0RB1LA_1RC1RD_1LC1RB_1LA1RB	2	2	0	146
0RB1LA_1RC1RD_1LD---_0LA1RB	2	2	0	116
0RB1LA_1RC1RD_1LD---_1LA1RB	2	2	0	146
0RB1LA_1RC1RD_1LD0LC_0RA1LB	3	2	0	242
0RB1LA_1RC1RD_1RD---_0LA1RB	2	2	0	106
0RB1LA_1RC1RD_1RD---_1LA1RB	2	2	0	140
0RB1LB_0LC0LD_1RB1LD_1RA1LC	2	2	0	168
0RB1LB_0LC1LA_0RD1LB_1LC1RD	2	2	0	141
0RB1LB_0LC1LA_0RD1RB_1LC1RD	2	2	0	153
0RB1LB_0LC1LA_1LD0RD_1RC1RB	3	2	0	652
0RB1LB_0LC1LD_1LA0RD_1RC1RB	3	2	0	536
0RB1LB_0LC1RA_1LD---_1RB0LA	2	2	0	151
0RB1LB_0LC1RA_1LD1LB_1RB0RA	2	2	0	159
0RB1LB_0LC1RA_1RB1LD_1RB0LA	2	2	0	203
0RB1LB_0LC1RB_1RB1LD_1RA1LC	2	2	0	184
0RB1LB_0LC1RD_1LA---_1RA0RD	3	2	0	536
0RB1LB_0LC1RD_1RB1LC_0LA1RB	2	2	0	194
0RB1LB_0RC0LA_1RD1RC_1LB1LD	2	2	0	423
0RB1LB_0RC0LC_1LD1RC_0RA1LB	2	2	0	217
0RB1LB_0RC0LD_1RD1LC_1LA1RD	2	2	0	180
0RB1LB_0RC0LD_1RD1RC_1LA0LC	2	2	0	291
0RB1LB_0RC0LD_1RD1RC_1LA0RC	3	2	0	524
0RB1LB_0RC0LD_1RD1RC_1LA1RD	2	2	0	105
0RB1LB_0RC0RD_1LB1LD_1LA1RB	2	2	0	138
0RB1LB_0RC0RD_1LD0LB_1LA1RB	2	2	0	160
0RB1LB_0RC0RD_1LD1LD_1LA1RB	2	2	0	128
0RB1LB_0RC0RD_1RD1RC_1LA1LD	2	2	0	105
0RB1LB_0RC1LA_1LB1RD_1LA1RC	2	2	0	153
0RB1LB_0RC1LA_1LB1RD_1LC1RC	2	2	0	96
0RB1LB_0RC1LA_1LB1RD_1RC0LC	2	2	0	118
0RB1LB_0RC1LA_1LB1RD_1RC1RC	2	2	0	86
0RB1LB_0RC1LA_1LB1RD_1RC1RD	2	2	0	86
0RB1LB_0RC1LA_1LD0LD_1RB---	2	2	0	221
0RB1LB_0RC1LA_1LD0RD_1RB1RD	2	2	0	149
0RB1LB_0RC1LA_1LD1RC_1RB1RD	2	2	0	86
0RB1LB_0RC1LA_1LD1RD_1RB1RC	2	2	0	86
0RB1LB_0RC1LA_1RD1LC_1LA1RD	2	2	0	134
0RB1LB_0RC1LA_1RD1RC_1LA---	2	2	0	79
0RB1LB_0RC1LA_1RD1RC_1LD1LB	2	2	0	79
0RB1LB_0RC1LA_1RD1RC_1LD1RB	2	2	0	89
0RB1LB_0RC1LA_1RD1RD_1LA1RC	2	2	0	79
0RB1LB_0RC1LB_1LA1RD_1LB1RC	2	2	0	155
0RB1LB_0RC1LB_1LB1RD_1LA1RC	2	2	0	153
0RB1LB_0RC1LC_1RD0LB_1LA1RC	2	2	0	153
0RB1LB_0RC1LD_1LB1RC_0RA1LB	2	2	0	161
0RB1LB_0RC1LD_1LB1RD_1LA0RD	2	2	0	331
0RB1LB_0RC1LD_1LD1RC_0RA1LB	2	2	0	163
0RB1LB_0RC1LD_1RD0LB_1LA0RD	2	2	0	345
0RB1LB_0RC1LD_1RD1LC_1LA0RD	2	2	0	261
0RB1LB_0RC1LD_1RD1RC_1LA1LB	2	2	0	79
0RB1LB_0RC1LD_1RD1RD_1LA0RD	2	2	0	329
0RB1LB_1LA0LC_0RD1LC_1RB1RD	2	2	0	858
0RB1LB_1LA0LC_1RD1LC_1RB1RD	2	2	0	624
0RB1LB_1LA0RC_1LD1RB_0LA---	2	2	0	284
0RB1LB_1LA0RC_1LD1RB_0RA---	2	2	0	183
0RB1LB_1LA0RC_1LD1RB_0RC---	2	2	0	99
0RB1LB_1LA0RC_1LD1RB_0RD1LB	2	2	0	183
0RB1LB_1LA0RC_1LD1RB_0RD1RB	2	2	0	99
0RB1LB_1LA0RC_1LD1RB_1LA---	2	2	0	173
0RB1LB_1LA0RC_1LD1RB_1RA---	2	2	0	109
0RB1LB_1LA0RC_1LD1RB_1RD1LB	2	2	0	109
0RB1LB_1LA0RC_1RB0LD_0RD1LC	2	2	0	153
0RB1LB_1LA0RC_1RB0RD_---1LC	2	2	0	121
0RB1LB_1LA0RC_1RB1RD_---0RC	2	2	0	89
0RB1LB_1LA0RC_1RD1RB_0LA---	2	2	0	183
0RB1LB_1LA0RC_1RD1RB_0LC---	2	2	0	99
0RB1LB_1LA0RC_1RD1RB_0LD1LB	2	2	0	183
0RB1LB_1LA0RC_1RD1RB_0LD1RB	2	2	0	99
0RB1LB_1LA0RC_1RD1RB_1LA---	2	2	0	89
0RB1LB_1LA0RC_1RD1RB_1LD1LB	2	2	0	89
0RB1LB_1LA1LC_0LD0LC_1RD1RB	2	2	0	331
0RB1LB_1LA1LC_0RC0RD_1RB1RC	2	2	0	99
0RB1LB_1LA1LC_0RC1RD_1LA0RC	2	2	0	133
0RB1LB_1LA1LC_0RD0LC_1RB1RD	4	2	0	265
0RB1LB_1LA1LC_0RD0LC_1RC1RB	2	2	0	317
0RB1LB_1LA1LC_0RD0LC_1RD1RB	2	2	0	510
0RB1LB_1LA1LC_1RB1RD_---0RC	2	2	0	71
0RB1LB_1LA1LC_1RC0RD_0LB1RC	2	2	0	88
0RB1LB_1LA1LC_1RC0RD_1RB1RC	2	2	0	65
0RB1LB_1LA1LC_1RC1RD_1LA0RC	2	2	0	131
0RB1LB_1LA1LC_1RD0LB_0LA1RC	2	2	0	134
0RB1LB_1LA1LC_1RD0LB_1LA1RC	2	2	0	110
0RB1LB_1LA1LC_1RD0LB_1RB1RC	2	2	0	199
0RB1LB_1LA1LC_1RD0LC_1RC1RB	2	2	0	372
0RB1LB_1LA1LC_1RD0LC_1RD1RB	2	2	0	372
0RB1LB_1LA1RC_0LD0LC_1RD1RB	2	2	0	120
0RB1LB_1LA1RC_0LD0RD_1RB1LD	2	2	0	202
0RB1LB_1LA1RC_0LD1RB_1RB1LD	2	2	0	162
0RB1LB_1LA1RC_0LD1RB_1RC1LD	2	2	0	156
0RB1LB_1LA1RC_0RD0RC_1LD0LB	2	3	0	189
0RB1LB_1LA1RC_0RD0RC_1LD0RA	2	2	0	97
0RB1LB_1LA1RC_0RD0RC_1LD1RA	2	2	0	89
0RB1LB_1LA1RC_1LA0RD_---0LA	2	2	0	213
0RB1LB_1LA1RC_1LA0RD_---1LA	2	2	0	167
0RB1LB_1LA1RC_1LA0RD_---1RA	2	2	0	148
0RB1LB_1LA1RC_1LA0RD_---1RC	2	2	0	121
0RB1LB_1LA1RC_1LA1RD_---0RC	2	2	0	110
0RB1LB_1LA1RC_1LD0RC_1LD0RA	2	2	0	191
0RB1LB_1LA1RC_1LD0RC_1LD1RA	2	2	0	173
0RB1LB_1LA1RC_1LD0RD_1RB1LD	2	2	0	190
0RB1LB_1LA1RC_1LD1RB_0RB1LD	2	2	0	118
0RB1LB_1LA1RC_1LD1RB_0RC1LD	2	2	0	109
0RB1LB_1LA1RC_1RB1RD_---0RC	2	2	0	81
0RB1LB_1LC---_1RD0LB_0LA0RC	2	2	0	122
0RB1LB_1LC---_1RD0LB_1LA0RC	2	2	0	100
0RB1LB_1LC0LC_0LD0LC_1RD0LA	2	2	0	185
0RB1LB_1LC0LC_0LD0LC_1RD1LA	2	2	0	200
0RB1LB_1LC0LC_0LD0RA_1RD1RB	3	2	0	682
0RB1LB_1LC0LC_0RC1RD_1LA1RC	2	2	0	175
0RB1LB_1LC0LC_0RD1LA_1RC1RB	2	2	0	421
0RB1LB_1LC0LC_1RA0RD_1LD0LC	2	2	0	276
0RB1LB_1LC0LC_1RA0RD_1LD0RA	3	2	0	838
0RB1LB_1LC0LC_1RA0RD_1LD1LA	2	2	0	282
0RB1LB_1LC0LC_1RA0RD_1LD1LB	3	2	0	989
0RB1LB_1LC0LC_1RA0RD_1LD1LC	3	2	0	698
0RB1LB_1LC0LC_1RA0RD_1LD1RA	2	2	0	322
0RB1LB_1LC0LC_1RC1RD_1LA0RB	3	2	0	639
0RB1LB_1LC0LD_0RC1RD_1LA1RD	2	2	0	175
0RB1LB_1LC0LD_0RD---_1LA1RD	2	2	0	175
0RB1LB_1LC0LD_0RD1RC_1LA1RC	3	2	0	543
0RB1LB_1LC0LD_0RD1RD_1LA1RC	3	2	0	504
0RB1LB_1LC0LD_1LA---_1RD0RB	2	2	0	207
0RB1LB_1LC0LD_1LA0LC_1RD1RC	2	2	0	445
0RB1LB_1LC0LD_1LA1RD_0RD1RC	2	2	0	218
0RB1LB_1LC0LD_1LA1RD_1RD1RC	2	2	0	157
0RB1LB_1LC0LD_1RA---_1RD0RB	2	2	0	360
0RB1LB_1LC0LD_1RD1RC_1LA0RC	3	2	0	842
0RB1LB_1LC0RA_0LD0LC_1RD1LB	2	2	0	224
0RB1LB_1LC0RC_0LD1RA_1RD1LC	4	2	0	386
0RB1LB_1LC0RC_1LA0RD_1RA1RB	3	2	0	131
0RB1LB_1LC0RC_1LA1RD_0LA0RB	3	2	0	506
0RB1LB_1LC0RC_1LA1RD_0RB0LC	3	2	0	310
0RB1LB_1LC0RC_1LA1RD_0RB0LD	3	2	0	508
0RB1LB_1LC0RC_1LA1RD_0RB0RB	3	2	0	244
0RB1LB_1LC0RC_1LA1RD_1LC0RB	3	2	0	258
0RB1LB_1LC0RC_1RD0LA_---1RB	3	2	0	232
0RB1LB_1LC0RD_0LD0LA_1RD1RB	2	2	0	288
0RB1LB_1LC0RD_1LA0RC_1LD1RC	2	2	0	114
0RB1LB_1LC0RD_1LD0RA_1RB0LC	2	2	0	114
0RB1LB_1LC0RD_1RA0LB_1RB1RD	2	2	0	129
0RB1LB_1LC0RD_1RA1LB_---1RB	2	2	0	133
0RB1LB_1LC0RD_1RC1RB_1LD1LA	2	2	0	227
0RB1LB_1LC0RD_1RD0LA_0RC1RB	3	2	0	356
0RB1LB_1LC0RD_1RD0LA_1RD1RB	3	2	0	232
0RB1LB_1LC0RD_1RD1LD_1LA1RB	4	2	0	530
0RB1LB_1LC1LA_0LD1RC_1RB0LB	2	2	0	156
0RB1LB_1LC1LA_0RC1RD_1LA1RC	2	2	0	129
0RB1LB_1LC1LA_0RC1RD_1LA1RD	2	2	0	129
0RB1LB_1LC1LA_0RD---_1LA1RD	2	2	0	129
0RB1LB_1LC1LA_0RD0LA_1RB1RD	2	2	0	135
0RB1LB_1LC1LA_0RD1LB_1LC1RD	2	2	0	129
0RB1LB_1LC1LA_0RD1RB_0LC1RD	2	2	0	153
0RB1LB_1LC1LA_0RD1RB_1LC1RD	2	2	0	141
0RB1LB_1LC1LA_1LD1RC_1RC0LB	2	2	0	195
0RB1LB_1LC1LA_1LD1RC_1RC1LB	2	2	0	107
0RB1LB_1LC1LA_1LD1RC_1RC1RB	2	2	0	115
0RB1LB_1LC1LA_1RC1LD_0LB1RD	2	2	0	88
0RB1LB_1LC1LA_1RC1RD_0LB1RC	2	2	0	78
0RB1LB_1LC1LA_1RC1RD_0LB1RD	2	2	0	78
0RB1LB_1LC1LA_1RD---_0LB1RD	2	2	0	78
0RB1LB_1LC1LA_1RD0LB_1RB1RD	2	2	0	104
0RB1LB_1LC1LA_1RD0LD_0LA1RC	2	2	0	118
0RB1LB_1LC1LA_1RD0LD_1LA1RC	2	2	0	77
0RB1LB_1LC1LA_1RD0LD_1RB0RD	2	2	0	215
0RB1LB_1LC1LA_1RD0LD_1RB1RD	2	2	0	71
0RB1LB_1LC1LA_1RD1LA_0LC1RD	2	2	0	78
0RB1LB_1LC1LA_1RD1LB_1RB1RD	2	2	0	59
0RB1LB_1LC1LA_1RD1RB_1RB1RD	2	2	0	65
0RB1LB_1LC1LA_1RD1RC_0LB0LC	2	2	0	140
0RB1LB_1LC1LA_1RD1RC_1LA0RC	2	2	0	111
0RB1LB_1LC1LA_1RD1RC_1LA1LC	2	2	0	65
0RB1LB_1LC1LA_1RD1RC_1LA1RC	2	2	0	59
0RB1LB_1LC1LA_1RD1RD_0LA1RC	2	2	0	86
0RB1LB_1LC1LA_1RD1RD_1LA1RC	2	2	0	59
0RB1LB_1LC1LB_0RC1RD_1LA1RC	2	2	0	129
0RB1LB_1LC1LB_0RD0LA_1RB1RD	2	2	0	135
0RB1LB_1LC1LB_1RC1RD_0LA1RC	2	2	0	78
0RB1LB_1LC1LB_1RD0LA_1RB1RD	2	2	0	104
0RB1LB_1LC1LC_1RD0LB_0LA1RC	2	2	0	122
0RB1LB_1LC1LC_1RD0LB_1LA1RC	2	2	0	100
0RB1LB_1LC1LD_0RC1RD_1LA0RD	2	2	0	256
0RB1LB_1LC1LD_0RD0RC_1LA1RC	2	2	0	236
0RB1LB_1LC1LD_1RC0RD_1LA0RD	2	2	0	223
0RB1LB_1LC1LD_1RC1RB_1LA0RD	2	2	0	243
0RB1LB_1LC1LD_1RD---_1LA0RD	2	2	0	223
0RB1LB_1LC1RB_0LD0LC_1RD0LA	2	2	0	117
0RB1LB_1LC1RB_0LD0LC_1RD1LA	2	2	0	146
0RB1LB_1LC1RB_0RB1LD_0RA1LC	2	2	0	139
0RB1LB_1LC1RB_0RB1LD_1RA1LC	2	2	0	125
0RB1LB_1LC1RB_0RD0LC_1RD1LA	2	2	0	200
0RB1LB_1LC1RB_1LA1LD_---0RA	2	2	0	191
0RB1LB_1LC1RB_1RA1LD_---0RA	2	2	0	187
0RB1LB_1LC1RB_1RA1LD_---1LC	2	2	0	133
0RB1LB_1LC1RB_1RB1LD_---0RA	2	2	0	175
0RB1LB_1LC1RC_0LD0LC_1RD1LA	2	2	0	107
0RB1LB_1LC1RC_1RD0LA_0LB1RB	2	2	0	244
0RB1LB_1LC1RC_1RD0LA_1RD1RB	2	2	0	188
0RB1LB_1LC1RD_0RB1LC_0LA1RB	2	2	0	169
0RB1LB_1LC1RD_0RD1LC_0LA1RB	2	2	0	193
0RB1LB_1LC1RD_1LA0LC_0RD1RB	3	2	0	177
0RB1LB_1LC1RD_1LA0LD_0LD0RB	4	2	0	501
0RB1LB_1LC1RD_1LA0LD_1LA1RB	2	2	0	207
0RB1LB_1LC1RD_1LA0RA_---1RB	2	2	0	247
0RB1LB_1LC1RD_1LD1LB_1LA0RB	2	2	0	111
0RB1LB_1LC1RD_1LD1LD_1LA0RB	2	2	0	118
0RB1LB_1LC1RD_1RA0LD_1LA1RB	2	2	0	203
0RB1LB_1LC1RD_1RA0RA_---1RB	2	2	0	243
0RB1LB_1LC1RD_1RA1LC_---1RB	2	2	0	133
0RB1LB_1LC1RD_1RA1LD_1RB0LC	2	2	0	769
0RB1LB_1LC1RD_1RB1LC_0LA1RB	2	2	0	145
0RB1LB_1LC1RD_1RD0LD_1LA1RB	2	2	0	195
0RB1LB_1LC1RD_1RD0RA_---1RB	2	2	0	231
0RB1LB_1RC---_0RD0RC_1LD0RA	2	2	0	87
0RB1LB_1RC---_1LD0RC_1LD0RA	2	2	0	171
0RB1LB_1RC0LA_0LD1RB_1LA1RD	2	2	0	259
0RB1LB_1RC0LA_0RD0RC_1LD1RA	2	2	0	95
0RB1LB_1RC0LA_0RD1RB_1LD0LA	2	2	0	181
0RB1LB_1RC0LA_0RD1RB_1LD0LB	2	2	0	176
0RB1LB_1RC0LA_0RD1RB_1LD1LA	2	3	0	401
0RB1LB_1RC0LA_0RD1RB_1LD1LB	2	2	0	213
0RB1LB_1RC0LA_0RD1RB_1LD1RA	2	2	0	191
0RB1LB_1RC0LA_1LA1RD_1RD1RB	4	2	0	1328
0RB1LB_1RC0LA_1LD0RC_1LD1RA	2	2	0	189
0RB1LB_1RC0LA_1LD1RB_---1LA	2	2	0	173
0RB1LB_1RC0LA_1LD1RB_---1LB	2	2	0	247
0RB1LB_1RC0LA_1LD1RB_1LA1RD	2	2	0	191
0RB1LB_1RC0LA_1RD1RB_0LD1LA	2	2	0	254
0RB1LB_1RC0LA_1RD1RB_1LA---	2	2	0	181
0RB1LB_1RC0LA_1RD1RB_1LD0LB	2	2	0	255
0RB1LB_1RC0LA_1RD1RB_1LD1LA	2	2	0	213
0RB1LB_1RC0LA_1RD1RB_1LD1LB	2	2	0	181
0RB1LB_1RC0LA_1RD1RC_1LB1LD	2	2	0	181
0RB1LB_1RC0LB_0RD1LA_1LB0RD	2	2	0	233
0RB1LB_1RC0LC_0LC1RD_1LA1RC	2	2	0	171
0RB1LB_1RC0LC_0LC1RD_1LA1RD	2	2	0	161
0RB1LB_1RC0LC_1LA0LD_0RB1RB	2	2	0	297
0RB1LB_1RC0LC_1LA0RD_---1RB	3	2	0	232
0RB1LB_1RC0LC_1LA0RD_0LA1LD	4	2	0	454
0RB1LB_1RC0LC_1LA0RD_0LB1LB	2	2	0	301
0RB1LB_1RC0LC_1LA0RD_1RB0RD	4	2	0	481
0RB1LB_1RC0LC_1LA0RD_1RB1LD	3	2	0	388
0RB1LB_1RC0LC_1LA0RD_1RC1RD	3	2	0	232
0RB1LB_1RC0LC_1LA1RD_0LD1RC	2	2	0	205
0RB1LB_1RC0LC_1LA1RD_0RC1RC	3	2	0	460
0RB1LB_1RC0LC_1LA1RD_0RC1RD	3	2	0	530
0RB1LB_1RC0LC_1LA1RD_1LA1RC	2	2	0	159
0RB1LB_1RC0LC_1LA1RD_1LA1RD	2	2	0	159
0RB1LB_1RC0LC_1RD0LA_1LB1RB	3	2	0	115
0RB1LB_1RC0LC_1RD0RC_1LB1LA	2	2	0	147
0RB1LB_1RC0LD_0LA0RD_1LA1RB	3	2	0	488
0RB1LB_1RC0LD_0LA1RB_---1LB	2	2	0	113
0RB1LB_1RC0LD_0LA1RB_---1RC	2	2	0	159
0RB1LB_1RC0LD_0LA1RB_1LA1RA	2	2	0	988
0RB1LB_1RC0LD_0LC1RD_1LA1RC	2	2	0	217
0RB1LB_1RC0LD_0LC1RD_1LA1RD	2	2	0	161
0RB1LB_1RC0LD_0LD1LD_1LA1RD	2	2	0	171
0RB1LB_1RC0LD_0LD1RC_1LA1RD	2	2	0	171
0RB1LB_1RC0LD_0LD1RD_1LA1RD	2	2	0	161
0RB1LB_1RC0LD_0RD0RD_1LA1RB	3	2	0	266
0RB1LB_1RC0LD_0RD1LC_1LA1RD	2	2	0	187
0RB1LB_1RC0LD_0RD1LD_1LA1RD	2	2	0	173
0RB1LB_1RC0LD_0RD1RC_1LA0LA	3	2	0	683
0RB1LB_1RC0LD_0RD1RC_1LA1LB	2	2	0	193
0RB1LB_1RC0LD_0RD1RC_1LA1RC	3	2	0	534
0RB1LB_1RC0LD_0RD1RC_1LA1RD	2	2	0	174
0RB1LB_1RC0LD_0RD1RD_1LA1RC	3	2	0	495
0RB1LB_1RC0LD_0RD1RD_1LA1RD	2	2	0	163
0RB1LB_1RC0LD_1LA0LC_1RD0RB	2	2	0	80
0RB1LB_1RC0LD_1LA0LC_1RD1LC	2	2	0	86
0RB1LB_1RC0LD_1LA0LC_1RD1RA	2	2	0	130
0RB1LB_1RC0LD_1LA0LC_1RD1RB	2	2	0	84
0RB1LB_1RC0LD_1LA0LC_1RD1RC	2	2	0	429
0RB1LB_1RC0LD_1LA0RB_1LB0LB	2	2	0	248
0RB1LB_1RC0LD_1LA0RB_1LB1LD	2	2	0	240
0RB1LB_1RC0LD_1LA0RB_1LB1RD	2	2	0	134
0RB1LB_1RC0LD_1LA0RC_1LD0LB	2	2	0	125
0RB1LB_1RC0LD_1LA0RC_1LD1LB	2	2	0	205
0RB1LB_1RC0LD_1LA0RD_1LA1RB	3	2	0	232
0RB1LB_1RC0LD_1LA1LC_1RD0RB	2	2	0	102
0RB1LB_1RC0LD_1LA1LD_1LA1RD	2	2	0	169
0RB1LB_1RC0LD_1LA1RB_0RB1LB	2	2	0	247
0RB1LB_1RC0LD_1LA1RB_0RD1LB	2	2	0	257
0RB1LB_1RC0LD_1LA1RB_1LB1LB	2	2	0	195
0RB1LB_1RC0LD_1LA1RB_1RA1LB	2	2	0	277
0RB1LB_1RC0LD_1LA1RB_1RB1LB	2	2	0	210
0RB1LB_1RC0LD_1LA1RB_1RD1LB	2	2	0	211
0RB1LB_1RC0LD_1LA1RC_---1RC	2	2	0	159
0RB1LB_1RC0LD_1LA1RC_1LA1RD	2	2	0	159
0RB1LB_1RC0LD_1LA1RD_---1RC	2	2	0	159
0RB1LB_1RC0LD_1LA1RD_1LA1RD	2	2	0	159
0RB1LB_1RC0LD_1LA1RD_1RC1LB	2	2	0	107
0RB1LB_1RC0LD_1LC1LD_1RA0RC	3	2	0	649
0RB1LB_1RC0LD_1LD0RB_1RA0LC	2	2	0	104
0RB1LB_1RC0LD_1RD---_0LA0RB	3	2	0	222
0RB1LB_1RC0LD_1RD---_0LA0RD	3	2	0	288
0RB1LB_1RC0LD_1RD0RB_1LB0LA	2	2	0	71
0RB1LB_1RC0LD_1RD0RB_1LB1LA	2	2	0	143
0RB1LB_1RC0RA_0RD0RC_1LD0RB	2	2	0	186
0RB1LB_1RC0RA_0RD0RC_1LD1LA	2	2	0	95
0RB1LB_1RC0RA_0RD0RC_1LD1RA	2	2	0	95
0RB1LB_1RC0RA_0RD0RC_1LD1RB	2	2	0	200
0RB1LB_1RC0RA_1LD0RC_1LD1LA	2	2	0	189
0RB1LB_1RC0RA_1LD0RC_1LD1RA	2	2	0	189
0RB1LB_1RC0RC_0LD1RA_1RD1LC	4	2	0	406
0RB1LB_1RC0RC_0RD0RB_1LD0RA	2	2	0	87
0RB1LB_1RC0RD_1LA0LC_1RA---	3	2	0	355
0RB1LB_1RC0RD_1LA0LC_1RD0RA	2	2	0	284
0RB1LB_1RC0RD_1LA0LC_1RD0RB	2	2	0	98
0RB1LB_1RC0RD_1LA0LC_1RD1RA	2	2	0	134
0RB1LB_1RC0RD_1LA0RC_1LD0LA	2	2	0	109
0RB1LB_1RC0RD_1LA0RC_1LD0LB	2	2	0	89
0RB1LB_1RC0RD_1LA0RC_1LD0RA	2	2	0	114
0RB1LB_1RC0RD_1LA0RC_1LD1LB	2	2	0	140
0RB1LB_1RC0RD_1LA0RC_1LD1RC	2	2	0	106
0RB1LB_1RC0RD_1LA1RB_1LD1LA	2	2	0	238
0RB1LB_1RC0RD_1LA1RC_1LA1LD	2	2	0	159
0RB1LB_1RC0RD_1RD1RB_1LD1LA	2	2	0	254
0RB1LB_1RC1LA_0LA0RD_1LD1LB	2	2	0	215
0RB1LB_1RC1LA_0LA1LD_1LB1RD	2	2	0	135
0RB1LB_1RC1LA_0LA1LD_1RC1RD	2	2	0	142
0RB1LB_1RC1LA_0LA1RD_0LB1RC	2	2	0	152
0RB1LB_1RC1LA_0LA1RD_1LB0RA	2	2	0	169
0RB1LB_1RC1LA_0LA1RD_1LB1RC	2	2	0	123
0RB1LB_1RC1LA_0LA1RD_1LB1RD	2	2	0	123
0RB1LB_1RC1LA_0LA1RD_1LC1RC	2	2	0	142
0RB1LB_1RC1LA_0LA1RD_1RC0LC	2	2	0	176
0RB1LB_1RC1LA_0LA1RD_1RC0RA	2	2	0	176
0RB1LB_1RC1LA_0LA1RD_1RC1RC	2	2	0	130
0RB1LB_1RC1LA_0LA1RD_1RC1RD	2	2	0	130
0RB1LB_1RC1LA_0LC1RD_1LA1RC	2	2	0	125
0RB1LB_1RC1LA_0LC1RD_1LA1RD	2	2	0	115
0RB1LB_1RC1LA_0LD0RD_1LD1LB	2	2	0	215
0RB1LB_1RC1LA_0LD1LD_1LA1RD	2	2	0	125
0RB1LB_1RC1LA_0LD1RC_1LA1RD	2	2	0	125
0RB1LB_1RC1LA_0LD1RD_1LA1RD	2	2	0	115
0RB1LB_1RC1LA_0RD0RC_1LD1RB	2	2	0	121
0RB1LB_1RC1LA_0RD0RD_1LD1LB	2	2	0	204
0RB1LB_1RC1LA_0RD1RC_1LD0LB	2	2	0	176
0RB1LB_1RC1LA_1LA0LD_---1RB	2	2	0	209
0RB1LB_1RC1LA_1LA0LD_1RC1RD	2	2	0	209
0RB1LB_1RC1LA_1LA0RD_0LB1LB	2	2	0	209
0RB1LB_1RC1LA_1LA0RD_1RB0LD	2	2	0	161
0RB1LB_1RC1LA_1LA0RD_1RB1RD	2	2	0	142
0RB1LB_1RC1LA_1LA1LD_1LA1RD	2	2	0	123
0RB1LB_1RC1LA_1LA1LD_1RB1RD	2	2	0	112
0RB1LB_1RC1LA_1LA1RC_------	2	2	0	113
0RB1LB_1RC1LA_1LA1RD_---1RC	2	2	0	113
0RB1LB_1RC1LA_1LA1RD_1LA1RD	2	2	0	113
0RB1LB_1RC1LA_1LA1RD_1RB1RD	2	2	0	104
0RB1LB_1RC1LA_1LA1RD_1RC0LC	2	2	0	161
0RB1LB_1RC1LA_1LC0RD_1LD1LB	2	2	0	208
0RB1LB_1RC1LA_1LC1LD_1LB1RD	2	2	0	129
0RB1LB_1RC1LA_1LC1RD_1LB1RD	2	2	0	114
0RB1LB_1RC1LA_1LD0LD_---1RB	2	2	0	221
0RB1LB_1RC1LA_1LD0RA_1LB1LC	2	2	0	175
0RB1LB_1RC1LA_1LD0RA_1RB1LC	2	2	0	183
0RB1LB_1RC1LA_1LD0RC_1LC1RB	2	2	0	133
0RB1LB_1RC1LA_1LD0RC_1LD1RB	2	2	0	133
0RB1LB_1RC1LA_1LD0RD_0LB1LB	2	2	0	209
0RB1LB_1RC1LA_1LD1LC_0LB1RD	2	2	0	85
0RB1LB_1RC1LA_1LD1LD_1LB1RD	2	2	0	124
0RB1LB_1RC1LA_1LD1RC_---1LB	2	2	0	113
0RB1LB_1RC1LA_1LD1RC_---1RB	2	2	0	125
0RB1LB_1RC1LA_1LD1RC_0LB1RD	2	2	0	132
0RB1LB_1RC1LA_1LD1RD_0LB1RC	2	2	0	132
0RB1LB_1RC1LA_1LD1RD_1LB0RA	2	2	0	162
0RB1LB_1RC1LA_1LD1RD_1LB1RC	2	2	0	114
0RB1LB_1RC1LA_1LD1RD_1LB1RD	2	2	0	114
0RB1LB_1RC1LA_1RD0LD_0LB1RB	2	2	0	216
0RB1LB_1RC1LA_1RD0LD_0LB1RC	2	2	0	168
0RB1LB_1RC1LA_1RD0LD_1LB1RC	2	2	0	168
0RB1LB_1RC1LA_1RD0RD_0LB1LB	2	2	0	216
0RB1LB_1RC1LA_1RD1LC_0LB1RD	2	2	0	105
0RB1LB_1RC1LA_1RD1LD_1LB1RD	2	2	0	122
0RB1LB_1RC1LA_1RD1RC_0LB---	2	2	0	120
0RB1LB_1RC1LA_1RD1RC_0LD1LA	2	2	0	120
0RB1LB_1RC1LA_1RD1RD_0LB1RC	2	2	0	120
0RB1LB_1RC1LA_1RD1RD_1LB0RA	2	2	0	158
0RB1LB_1RC1LA_1RD1RD_1LB1RC	2	2	0	112
0RB1LB_1RC1LA_1RD1RD_1LB1RD	2	2	0	112
0RB1LB_1RC1LB_0LA1RD_0LB0RB	2	2	0	204
0RB1LB_1RC1LB_0LA1RD_0LB1RC	2	2	0	152
0RB1LB_1RC1LB_0LB1RD_0LA1RC	2	2	0	152
0RB1LB_1RC1LB_0LB1RD_1LA1RC	2	2	0	123
0RB1LB_1RC1LB_0RD0RC_1LD1RA	2	2	0	121
0RB1LB_1RC1LB_1LA1RD_---1RC	2	2	0	113
0RB1LB_1RC1LB_1LD0RB_1RA0LC	2	2	0	104
0RB1LB_1RC1LB_1LD0RC_1LC1RA	2	2	0	133
0RB1LB_1RC1LB_1LD0RC_1LD1RA	2	2	0	133
0RB1LB_1RC1LC_0RD1RA_1LD0LB	2	2	0	1581
0RB1LB_1RC1LC_1LA0RD_---0RC	2	2	0	217
0RB1LB_1RC1LC_1LA0RD_---1RB	2	2	0	302
0RB1LB_1RC1LC_1LA0RD_0LC0RD	2	2	0	325
0RB1LB_1RC1LC_1LA0RD_0RC0RD	2	2	0	230
0RB1LB_1RC1LC_1LA0RD_0RC1LD	2	2	0	336
0RB1LB_1RC1LC_1LA0RD_1LA0RD	2	2	0	217
0RB1LB_1RC1LC_1LA0RD_1LC0RD	2	2	0	207
0RB1LB_1RC1LC_1LA0RD_1RB0RD	2	2	0	174
0RB1LB_1RC1LC_1LC1RD_1RC0LA	2	2	0	171
0RB1LB_1RC1LC_1LD0RC_0RB0RA	2	2	0	297
0RB1LB_1RC1LC_1LD1LA_0LB1RD	3	2	0	151
0RB1LB_1RC1LC_1RD0LB_0LA1RC	2	2	0	162
0RB1LB_1RC1LC_1RD0LB_1LA1RC	2	2	0	113
0RB1LB_1RC1LC_1RD1LA_1LB0RD	2	2	0	233
0RB1LB_1RC1LD_0LA0RD_1LA0RC	2	2	0	235
0RB1LB_1RC1LD_0LA0RD_1LA0RD	2	2	0	235
0RB1LB_1RC1LD_0LA0RD_1LA1LB	2	2	0	227
0RB1LB_1RC1LD_0LA1RB_0RC0LB	2	2	0	238
0RB1LB_1RC1LD_0LA1RB_1RC0LB	2	2	0	225
0RB1LB_1RC1LD_0LA1RD_1RC0LB	2	2	0	134
0RB1LB_1RC1LD_0LB1RC_0RA1LB	2	2	0	162
0RB1LB_1RC1LD_0LD0RC_1LA1LB	2	2	0	289
0RB1LB_1RC1LD_0LD0RC_1LA1RD	2	2	0	327
0RB1LB_1RC1LD_0LD0RD_1LA1LB	2	2	0	227
0RB1LB_1RC1LD_0LD1RC_0RA1LB	2	2	0	160
0RB1LB_1RC1LD_0RD0RC_1LA---	2	2	0	199
0RB1LB_1RC1LD_0RD0RD_1LA0RC	2	2	0	233
0RB1LB_1RC1LD_0RD0RD_1LA0RD	2	2	0	233
0RB1LB_1RC1LD_0RD0RD_1LA1LB	2	2	0	214
0RB1LB_1RC1LD_0RD1RB_1LA0RC	2	2	0	278
0RB1LB_1RC1LD_0RD1RB_1LA0RD	2	2	0	243
0RB1LB_1RC1LD_0RD1RC_1LA0LC	3	2	0	530
0RB1LB_1RC1LD_0RD1RC_1LA0RB	3	2	0	332
0RB1LB_1RC1LD_0RD1RC_1LA1LA	3	2	0	266
0RB1LB_1RC1LD_1LA0RC_1LA---	2	2	0	217
0RB1LB_1RC1LD_1LA0RC_1LC---	2	2	0	169
0RB1LB_1RC1LD_1LA0RC_1LD0LA	2	2	0	195
0RB1LB_1RC1LD_1LA0RC_1LD0LB	2	2	0	149
0RB1LB_1RC1LD_1LA0RC_1LD0RA	2	2	0	205
0RB1LB_1RC1LD_1LA0RC_1LD1LB	2	2	0	131
0RB1LB_1RC1LD_1LA0RC_1LD1RC	2	2	0	189
0RB1LB_1RC1LD_1LA0RC_1RA0LA	2	2	0	337
0RB1LB_1RC1LD_1LA0RC_1RA0LB	2	2	0	251
0RB1LB_1RC1LD_1LA0RC_1RA0RA	2	2	0	347
0RB1LB_1RC1LD_1LA0RC_1RA1LB	2	2	0	227
0RB1LB_1RC1LD_1LA0RC_1RA1RC	2	2	0	331
0RB1LB_1RC1LD_1LA0RC_1RB1LA	2	2	0	313
0RB1LB_1RC1LD_1LA0RC_1RD1LB	2	2	0	227
0RB1LB_1RC1LD_1LA0RD_1LA0RC	2	2	0	217
0RB1LB_1RC1LD_1LA0RD_1LA0RD	2	2	0	217
0RB1LB_1RC1LD_1LA1RB_1LA0RC	2	2	0	312
0RB1LB_1RC1LD_1LA1RB_1LA0RD	2	2	0	227
0RB1LB_1RC1LD_1LA1RB_1RC0LB	2	2	0	193
0RB1LB_1RC1LD_1LA1RC_---1LB	2	2	0	113
0RB1LB_1RC1LD_1LA1RD_1LB0RC	2	2	0	231
0RB1LB_1RC1LD_1LB0RD_0LA1RD	3	2	0	431
0RB1LB_1RC1LD_1LB1RC_0RA0LC	2	2	0	169
0RB1LB_1RC1LD_1LB1RC_0RA1LB	2	2	0	123
0RB1LB_1RC1LD_1LC0RD_1LA1LB	2	2	0	218
0RB1LB_1RC1LD_1LD0RC_1LA0LA	2	2	0	225
0RB1LB_1RC1LD_1LD0RC_1LA0RA	2	2	0	225
0RB1LB_1RC1LD_1LD0RC_1LA1LB	2	2	0	207
0RB1LB_1RC1LD_1LD0RC_1LA1RC	2	2	0	223
0RB1LB_1RC1LD_1LD0RC_1RA0LA	2	2	0	297
0RB1LB_1RC1LD_1LD0RC_1RA0RA	2	2	0	297
0RB1LB_1RC1LD_1LD0RC_1RA1LB	2	2	0	217
0RB1LB_1RC1LD_1LD0RC_1RA1RC	2	2	0	279
0RB1LB_1RC1LD_1LD0RD_0LA1RD	3	2	0	452
0RB1LB_1RC1LD_1RD0RD_0LA1RD	3	2	0	438
0RB1LB_1RC1LD_1RD1RB_0LA0LB	2	2	0	127
0RB1LB_1RC1LD_1RD1RC_1LD1LA	3	2	0	252
0RB1LB_1RC1RA_1LA1LD_0LC0LD	2	2	0	97
0RB1LB_1RC1RA_1LC0LD_1LA0LB	2	2	0	183
0RB1LB_1RC1RA_1LC0LD_1LA1LC	4	2	0	486
0RB1LB_1RC1RA_1LD0RA_0LA0LC	2	2	0	127
0RB1LB_1RC1RB_0LA1LD_1LA0LD	2	2	0	431
0RB1LB_1RC1RB_0LA1LD_1RB0LD	2	2	0	424
0RB1LB_1RC1RB_0LC1LD_1RA1LC	2	2	0	142
0RB1LB_1RC1RB_1LA1LD_1LC0LD	2	2	0	145
0RB1LB_1RC1RB_1LD0RB_1RA0LC	2	2	0	101
0RB1LB_1RC1RC_0RD0RC_1LD1RA	2	2	0	87
0RB1LB_1RC1RC_1LD0RC_1LD1RA	2	2	0	171
0RB1LB_1RC1RD_0LB1LA_1LB0RD	2	2	0	281
0RB1LB_1RC1RD_0LC1LA_1LB0RD	2	2	0	283
0RB1LB_1RC1RD_0LC1LA_1RB0LC	2	2	0	128
0RB1LB_1RC1RD_0LC1LA_1RB0RD	2	2	0	136
0RB1LB_1RC1RD_0LD0RC_1LD1LA	2	2	0	227
0RB1LB_1RC1RD_0RD0RC_1LD1LA	2	2	0	129
0RB1LB_1RC1RD_0RD1LA_1LA0RD	2	2	0	150
0RB1LB_1RC1RD_0RD1LA_1LB0RD	2	2	0	277
0RB1LB_1RC1RD_1LA0LC_0RA---	3	2	0	234
0RB1LB_1RC1RD_1LA0LC_1RD0RA	2	2	0	158
0RB1LB_1RC1RD_1LA0LC_1RD0RB	2	2	0	128
0RB1LB_1RC1RD_1LA0LC_1RD1LC	2	2	0	161
0RB1LB_1RC1RD_1LA0LC_1RD1RA	2	2	0	134
0RB1LB_1RC1RD_1LA1LC_---0RB	4	2	0	320
0RB1LB_1RC1RD_1LB1LA_0RC0RD	2	2	0	150
0RB1LB_1RC1RD_1LB1LA_1LA0RD	2	2	0	152
0RB1LB_1RC1RD_1LB1LA_1LB0RD	2	2	0	279
0RB1LB_1RC1RD_1LB1LA_1LC0RD	2	2	0	261
0RB1LB_1RC1RD_1LB1LA_1RB0LC	2	2	0	138
0RB1LB_1RC1RD_1LC1LA_1LA0RD	2	2	0	154
0RB1LB_1RC1RD_1LC1LA_1LB0RD	2	2	0	281
0RB1LB_1RC1RD_1LC1LA_1RB0LC	2	2	0	244
0RB1LB_1RC1RD_1LC1LA_1RB0RD	2	2	0	192
0RB1LB_1RC1RD_1LC1RA_0RC0RD	2	2	0	96
0RB1LB_1RC1RD_1LC1RA_1LC0RD	2	2	0	171
0RB1LB_1RC1RD_1LD0RC_1LC1LA	2	2	0	141
0RB1LB_1RC1RD_1LD0RC_1LD1LA	2	2	0	141
0RB1LB_1RC1RD_1RD1LA_1LA0RD	2	2	0	139
0RB1LB_1RC1RD_1RD1LA_1LB0RD	2	2	0	319
0RB1LC_0LC---_1RD0LA_1RB1RC	2	2	0	138
0RB1LC_0LC---_1RD1LA_1RB1RD	2	2	0	138
0RB1LC_0LC0LA_0RD1LA_1LC1RD	2	2	0	205
0RB1LC_0LC0LC_0RD1LA_1LC1RD	2	2	0	195
0RB1LC_0LC0LD_1LA0RD_1RA1RC	2	2	0	284
0RB1LC_0LC0LD_1LA1LD_1RA0RA	3	2	0	519
0RB1LC_0LC0LD_1LA1LD_1RA1LA	3	2	0	455
0RB1LC_0LC0LD_1LA1LD_1RA1LC	2	2	0	171
0RB1LC_0LC0LD_1LD1LB_0RD1RA	3	2	0	376
0RB1LC_0LC0LD_1RD1LA_1LC1RD	2	2	0	132
0RB1LC_0LC0RC_1RD1LC_0LA1RB	2	2	0	178
0RB1LC_0LC0RD_1LA---_1RA0LB	3	2	0	343
0RB1LC_0LC0RD_1LA---_1RA1RB	2	2	0	94
0RB1LC_0LC0RD_1LA---_1RC1RB	2	2	0	86
0RB1LC_0LC0RD_1LD1LB_0RD1RA	3	2	0	316
0RB1LC_0LC0RD_1LD1LB_1RD1RA	3	2	0	368
0RB1LC_0LC0RD_1RD0LB_1LA1RA	3	2	0	331
0RB1LC_0LC0RD_1RD1RB_1LC1LA	2	2	0	457
0RB1LC_0LC1LA_0RD1LB_1LC1RD	3	2	0	495
0RB1LC_0LC1LA_0RD1LB_1RB1RD	3	2	0	546
0RB1LC_0LC1LA_1RB1RD_1LC0RD	2	2	0	321
0RB1LC_0LC1LB_0RD1LA_1LC1RD	2	2	0	151
0RB1LC_0LC1LC_0RD0LD_1LA1RD	2	2	0	189
0RB1LC_0LC1LC_0RD1LA_1LA1RD	2	2	0	185
0RB1LC_0LC1LC_0RD1LA_1LC1RD	2	2	0	185
0RB1LC_0LC1LC_1RD1LA_0LA1RD	2	2	0	184
0RB1LC_0LC1LC_1RD1LA_0LC1RD	2	2	0	184
0RB1LC_0LC1LC_1RD1LA_1LC1RD	2	2	0	134
0RB1LC_0LC1LD_0RD1LA_1LC1RD	2	2	0	141
0RB1LC_0LC1LD_1LA0RD_0RD1RC	2	2	0	126
0RB1LC_0LC1LD_1RD---_1LA0RD	2	2	0	249
0RB1LC_0LC1LD_1RD0RB_1LA1RD	2	2	0	168
0RB1LC_0LC1LD_1RD0RD_1LA0RC	2	2	0	249
0RB1LC_0LC1RA_1LA0LD_1RD1RB	2	2	0	276
0RB1LC_0LC1RA_1LA1RD_1RB0LD	2	2	0	269
0RB1LC_0LC1RB_0LD1LD_1RA1LC	2	3	0	162
0RB1LC_0LC1RB_0RD1LA_1LC1RD	2	2	0	269
0RB1LC_0LC1RB_1LA0RD_1RA1RC	2	2	0	242
0RB1LC_0LC1RB_1LA1RD_0LA0RC	2	2	0	822
0RB1LC_0LC1RB_1LD1LA_1LA---	2	2	0	107
0RB1LC_0LC1RB_1LD1LA_1RA---	2	2	0	117
0RB1LC_0LC1RB_1LD1LA_1RB---	2	2	0	97
0RB1LC_0LC1RB_1LD1LA_1RD1LB	2	2	0	107
0RB1LC_0LC1RB_1LD1LA_1RD1LC	2	2	0	117
0RB1LC_0LC1RB_1LD1LA_1RD1RB	2	2	0	97
0RB1LC_0LC1RB_1RB1LD_0RA1LC	2	2	0	184
0RB1LC_0LC1RB_1RD1LA_0LA1RD	2	2	0	268
0RB1LC_0LC1RB_1RD1LA_1LA1LD	2	2	0	87
0RB1LC_0LC1RB_1RD1LA_1LB1LD	2	2	0	77
0RB1LC_0LC1RB_1RD1LA_1LB1RD	2	2	0	150
0RB1LC_0LC1RB_1RD1LA_1LC1RD	2	2	0	258
0RB1LC_0LC1RB_1RD1LA_1RB1LD	2	2	0	86
0RB1LC_0LC1RC_0RD1LA_1LC1RD	2	2	0	195
0RB1LC_0LC1RC_1LA0RD_---1LA	2	2	0	160
0RB1LC_0LC1RC_1LA0RD_---1RC	2	2	0	114
0RB1LC_0LC1RC_1LA0RD_1RB1LB	2	2	0	989
0RB1LC_0LC1RC_1LA1RD_0LA0RC	2	2	0	239
0RB1LC_0LC1RC_1LA1RD_1LA0RC	2	2	0	226
0RB1LC_0LC1RC_1LD0RD_1RB0LA	3	2	0	246
0RB1LC_0LC1RC_1LD1RB_1RA0RA	2	2	0	222
0RB1LC_0LC1RC_1LD1RB_1RA1LD	2	2	0	126
0RB1LC_0LC1RC_1LD1RB_1RB0RA	2	2	0	210
0RB1LC_0LC1RC_1LD1RD_1RB0LA	2	2	0	303
0RB1LC_0LC1RC_1RD1LA_0LA1RD	2	2	0	194
0RB1LC_0LC1RC_1RD1LA_0LC1RD	2	2	0	170
0RB1LC_0LC1RC_1RD1LA_1LC1RD	2	2	0	146
0RB1LC_0LC1RD_0RD0LD_1LA1RD	2	2	0	179
0RB1LC_0LC1RD_0RD1LA_1LA1RD	2	2	0	175
0RB1LC_0LC1RD_0RD1LA_1LC1RD	2	2	0	175
0RB1LC_0LC1RD_1LA0LD_0LD1RA	2	2	0	230
0RB1LC_0LC1RD_1LA0LD_1RB1RA	2	2	0	240
0RB1LC_0LC1RD_1LA0RD_0RB1RC	2	2	0	156
0RB1LC_0LC1RD_1LA0RD_1LA1RC	2	2	0	135
0RB1LC_0LC1RD_1LA0RD_1LB1RC	2	2	0	1186
0RB1LC_0LC1RD_1LA0RD_1LC1RC	2	2	0	165
0RB1LC_0LC1RD_1LA0RD_1LD1RC	2	2	0	141
0RB1LC_0LC1RD_1LA0RD_1RA1RC	2	2	0	140
0RB1LC_0LC1RD_1LA0RD_1RC1RC	2	2	0	130
0RB1LC_0LC1RD_1LD0LA_1RB---	2	2	0	91
0RB1LC_0LC1RD_1LD1LA_1RD1RB	2	2	0	97
0RB1LC_0LC1RD_1RB1LC_0LA1RB	2	2	0	174
0RB1LC_0LC1RD_1RB1LC_1LA1RB	2	2	0	116
0RB1LC_0LC1RD_1RD1LC_0LA1RB	2	2	0	174
0RB1LC_0LC1RD_1RD1LC_1LA1RB	2	2	0	122
0RB1LC_0RC0LC_0RD1LA_1LC1RD	2	2	0	195
0RB1LC_0RC0LD_1RD1LA_1LC1RD	2	2	0	132
0RB1LC_0RC0RA_1RD1LD_1LB0RD	2	2	0	339
0RB1LC_0RC0RA_1RD1RA_1LA0LD	3	2	0	316
0RB1LC_0RC0RB_1LD1RB_0LA---	3	2	0	244
0RB1LC_0RC0RD_1LD1RB_0LA---	3	2	0	310
0RB1LC_0RC0RD_1RD1RB_1LC1LA	2	2	0	457
0RB1LC_0RC1LB_1LA1RD_1LB1RC	2	2	0	99
0RB1LC_0RC1LB_1LB1RD_0LA1RC	2	2	0	191
0RB1LC_0RC1LB_1RD1RA_1LA0LD	3	2	0	257
0RB1LC_0RC1LC_0RD0LD_1LA1RD	2	2	0	189
0RB1LC_0RC1LC_0RD1LA_1LA1RD	2	2	0	185
0RB1LC_0RC1LC_0RD1LA_1LC1RD	2	2	0	185
0RB1LC_0RC1LC_1RD0LB_1LA1RC	2	2	0	240
0RB1LC_0RC1LC_1RD1LA_0LA1RD	2	2	0	184
0RB1LC_0RC1LC_1RD1LA_0LC1RD	2	2	0	184
0RB1LC_0RC1LC_1RD1LA_1LC1RD	2	2	0	134
0RB1LC_0RC1LC_1RD1LB_1LA1RD	2	2	0	122
0RB1LC_0RC1LD_0RD1LA_1LC1RD	2	2	0	141
0RB1LC_0RC1LD_1LA0RD_0RD1RC	2	2	0	126
0RB1LC_0RC1LD_1LA0RD_1LB1RC	2	2	0	133
0RB1LC_0RC1LD_1LB1RC_0RA1LB	2	2	0	143
0RB1LC_0RC1LD_1LB1RC_1RA1LB	2	2	0	136
0RB1LC_0RC1LD_1LB1RD_1LA0RD	2	2	0	258
0RB1LC_0RC1LD_1LD1RC_1RA1LB	2	2	0	126
0RB1LC_0RC1LD_1RD---_1LA0RD	2	2	0	249
0RB1LC_0RC1LD_1RD0RB_1LA1RD	2	2	0	168
0RB1LC_0RC1LD_1RD0RD_1LA0RC	2	2	0	249
0RB1LC_0RC1RA_1RD1LA_1LA0LD	3	2	0	301
0RB1LC_0RC1RA_1RD1RA_1LA0LD	3	2	0	247
0RB1LC_0RC1RB_0LD0LA_1LA---	3	2	0	469
0RB1LC_0RC1RB_0LD0RB_1LA---	3	2	0	229
0RB1LC_0RC1RB_0LD0RC_1LA---	3	2	0	349
0RB1LC_0RC1RB_0LD1RC_1LA1LD	2	3	0	174
0RB1LC_0RC1RB_1LD1LA_0LA1RD	2	2	0	447
0RB1LC_0RC1RB_1RD1LA_0LA1RD	2	2	0	126
0RB1LC_0RC1RC_0RD1LA_1LC1RD	2	2	0	195
0RB1LC_0RC1RC_1LA0RD_---0LB	2	2	0	206
0RB1LC_0RC1RC_1LA0RD_---1LA	2	2	0	160
0RB1LC_0RC1RC_1LA0RD_---1RC	2	2	0	114
0RB1LC_0RC1RC_1LA1RD_0LA0RC	2	2	0	239
0RB1LC_0RC1RC_1LA1RD_1LA0RC	2	2	0	226
0RB1LC_0RC1RC_1RD1LA_0LA1RD	2	2	0	194
0RB1LC_0RC1RC_1RD1LA_0LC1RD	2	2	0	170
0RB1LC_0RC1RC_1RD1LA_1LC1RD	2	2	0	146
0RB1LC_0RC1RD_0RD0LD_1LA1RD	2	2	0	179
0RB1LC_0RC1RD_0RD1LA_1LA1RD	2	2	0	175
0RB1LC_0RC1RD_0RD1LA_1LC1RD	2	2	0	175
0RB1LC_0RC1RD_1LA0RD_1LA1RC	2	2	0	135
0RB1LC_0RC1RD_1LA0RD_1LC1RC	2	2	0	165
0RB1LC_0RC1RD_1LA0RD_1LD1RC	2	2	0	141
0RB1LC_0RC1RD_1LA0RD_1RC1RC	2	2	0	130
0RB1LC_1LA0LC_0RD1LA_1LC1RD	2	2	0	197
0RB1LC_1LA0LC_1RD0RD_1RB1LA	2	2	0	473
0RB1LC_1LA0RC_1LD0LD_1RD1RB	3	2	0	623
0RB1LC_1LA0RC_1RB0LD_1LC0LC	2	2	0	181
0RB1LC_1LA0RC_1RB0LD_1LC1LD	2	2	0	173
0RB1LC_1LA0RC_1RB0LD_1LC1RD	2	2	0	132
0RB1LC_1LA1LC_0LD0LC_1RD1RB	2	2	0	235
0RB1LC_1LA1LC_0RD0LC_1RD1RB	2	2	0	391
0RB1LC_1LA1LC_0RD0LD_1LA1RD	2	2	0	187
0RB1LC_1LA1LC_0RD1LA_1LA1RD	2	2	0	183
0RB1LC_1LA1LC_0RD1LA_1LC1RD	2	2	0	185
0RB1LC_1LA1LC_1RD0LB_1LA1RC	2	2	0	210
0RB1LC_1LA1LC_1RD0LB_1RB1RC	2	2	0	122
0RB1LC_1LA1LC_1RD0LC_1RD1RB	2	2	0	231
0RB1LC_1LA1LC_1RD1LA_0LA1RD	2	2	0	160
0RB1LC_1LA1LC_1RD1LA_0LC1RD	2	2	0	160
0RB1LC_1LA1LC_1RD1LA_1LA1RD	2	2	0	133
0RB1LC_1LA1RB_0LA0LD_---1RB	2	2	0	185
0RB1LC_1LA1RB_0LA0RD_1RC1LD	2	2	0	356
0RB1LC_1LA1RB_0LA1LD_---0LB	3	2	0	344
0RB1LC_1LA1RB_0LA1LD_---1LA	3	2	0	493
0RB1LC_1LA1RB_0LA1LD_---1LC	2	2	0	139
0RB1LC_1LA1RB_0LD0LC_1RD0LB	2	2	0	228
0RB1LC_1LA1RB_0LD0LC_1RD0RB	2	2	0	161
0RB1LC_1LA1RB_0LD0LC_1RD1LB	2	2	0	154
0RB1LC_1LA1RB_0LD0LC_1RD1RB	2	2	0	144
0RB1LC_1LA1RB_0LD1LA_0RA---	2	2	0	178
0RB1LC_1LA1RB_0LD1LA_0RB---	2	2	0	139
0RB1LC_1LA1RB_0LD1LA_0RD0LA	2	2	0	194
0RB1LC_1LA1RB_0LD1LA_0RD1LA	2	2	0	186
0RB1LC_1LA1RB_0LD1LA_0RD1LB	2	2	0	149
0RB1LC_1LA1RB_0LD1LA_0RD1RA	2	2	0	194
0RB1LC_1LA1RB_0LD1LA_0RD1RB	2	2	0	178
0RB1LC_1LA1RB_0LD1LA_1LB---	2	2	0	129
0RB1LC_1LA1RB_0LD1LA_1RA0LA	2	2	0	200
0RB1LC_1LA1RB_0LD1LA_1RA0LB	2	3	0	222
0RB1LC_1LA1RB_0LD1LA_1RA0LD	2	2	0	262
0RB1LC_1LA1RB_0LD1LA_1RA0RA	2	2	0	507
0RB1LC_1LA1RB_0LD1LA_1RA0RB	2	2	0	597
0RB1LC_1LA1RB_0LD1LA_1RA0RC	2	2	0	238
0RB1LC_1LA1RB_0LD1LA_1RA0RD	2	2	0	609
0RB1LC_1LA1RB_0LD1LA_1RA1LA	2	2	0	192
0RB1LC_1LA1RB_0LD1LA_1RA1LB	2	3	0	486
0RB1LC_1LA1RB_0LD1LA_1RA1LD	2	3	0	492
0RB1LC_1LA1RB_0LD1LA_1RA1RA	2	2	0	224
0RB1LC_1LA1RB_0LD1LA_1RA1RB	2	2	0	184
0RB1LC_1LA1RB_0LD1LA_1RA1RD	2	2	0	192
0RB1LC_1LA1RB_0LD1LA_1RC0RA	2	2	0	186
0RB1LC_1LA1RB_0LD1LA_1RC0RB	2	2	0	149
0RB1LC_1LA1RB_0LD1LA_1RC1LB	2	2	0	137
0RB1LC_1LA1RB_0LD1LA_1RC1RA	2	2	0	226
0RB1LC_1LA1RB_0LD1LA_1RC1RD	2	2	0	153
0RB1LC_1LA1RB_0LD1LA_1RD0LA	2	2	0	165
0RB1LC_1LA1RB_0LD1LA_1RD0LB	2	2	0	153
0RB1LC_1LA1RB_0LD1LA_1RD0RB	2	2	0	621
0RB1LC_1LA1RB_0LD1LA_1RD1LA	2	2	0	147
0RB1LC_1LA1RB_0LD1LA_1RD1LB	2	2	0	135
0RB1LC_1LA1RB_0LD1LA_1RD1RA	2	2	0	153
0RB1LC_1LA1RB_0LD1LA_1RD1RB	2	2	0	129
0RB1LC_1LA1RB_0LD1LD_1RA0LB	2	3	0	633
0RB1LC_1LA1RB_0RD0LC_1RC1LB	2	2	0	288
0RB1LC_1LA1RB_0RD0LC_1RD1LB	2	2	0	199
0RB1LC_1LA1RB_0RD0LC_1RD1RB	2	2	0	211
0RB1LC_1LA1RB_0RD0LD_1LA1RD	2	2	0	177
0RB1LC_1LA1RB_0RD1LA_---0LA	2	2	0	193
0RB1LC_1LA1RB_0RD1LA_---1LA	2	2	0	183
0RB1LC_1LA1RB_0RD1LA_---1LB	2	2	0	139
0RB1LC_1LA1RB_0RD1LA_---1RA	2	2	0	193
0RB1LC_1LA1RB_0RD1LA_---1RB	2	2	0	173
0RB1LC_1LA1RB_0RD1LA_0LA0LC	2	2	0	203
0RB1LC_1LA1RB_0RD1LA_0LA1LD	2	2	0	149
0RB1LC_1LA1RB_0RD1LA_0LA1RD	2	2	0	267
0RB1LC_1LA1RB_0RD1LA_0LB1RD	2	2	0	183
0RB1LC_1LA1RB_0RD1LA_0RB0LD	2	2	0	193
0RB1LC_1LA1RB_0RD1LA_0RB1LD	2	2	0	183
0RB1LC_1LA1RB_0RD1LA_0RC1LD	2	2	0	193
0RB1LC_1LA1RB_0RD1LA_1LA0LC	2	2	0	193
0RB1LC_1LA1RB_0RD1LA_1LA1LD	2	2	0	139
0RB1LC_1LA1RB_0RD1LA_1LA1RD	2	2	0	173
0RB1LC_1LA1RB_0RD1LA_1LB0LC	2	2	0	149
0RB1LC_1LA1RB_0RD1LA_1LB0LD	2	2	0	159
0RB1LC_1LA1RB_0RD1LA_1LB1LD	2	2	0	141
0RB1LC_1LA1RB_0RD1LA_1LB1RD	2	2	0	108
0RB1LC_1LA1RB_0RD1LA_1LC1RD	2	2	0	257
0RB1LC_1LA1RB_0RD1LA_1RA0LC	2	2	0	203
0RB1LC_1LA1RB_0RD1LA_1RA1LD	2	2	0	149
0RB1LC_1LA1RB_0RD1LA_1RB0LC	2	2	0	183
0RB1LC_1LA1RB_0RD1LA_1RB1LD	2	2	0	125
0RB1LC_1LA1RB_0RD1LA_1RB1RD	2	2	0	98
0RB1LC_1LA1RB_1LA0LD_---1RB	2	2	0	175
0RB1LC_1LA1RB_1LA0LD_---1RC	2	2	0	175
0RB1LC_1LA1RB_1LA0RD_0LA1RC	2	2	0	398
0RB1LC_1LA1RB_1LA0RD_0LB1RC	2	2	0	466
0RB1LC_1LA1RB_1LA0RD_1LA1RC	2	2	0	374
0RB1LC_1LA1RB_1LA0RD_1LB1RC	2	2	0	1097
0RB1LC_1LA1RB_1LA0RD_1RA1RC	2	2	0	363
0RB1LC_1LA1RB_1LA0RD_1RB1RC	2	2	0	350
0RB1LC_1LA1RB_1LA1LD_---0LB	3	2	0	332
0RB1LC_1LA1RB_1LA1LD_---0RA	3	2	0	619
0RB1LC_1LA1RB_1LA1LD_---1LA	3	2	0	481
0RB1LC_1LA1RB_1LA1LD_---1LC	2	2	0	129
0RB1LC_1LA1RB_1LA1RD_0LA0RC	2	2	0	696
0RB1LC_1LA1RB_1LB0LD_---0RC	3	2	0	324
0RB1LC_1LA1RB_1LB0LD_1LD0RA	2	2	0	107
0RB1LC_1LA1RB_1LB1LD_---0LB	3	2	0	324
0RB1LC_1LA1RB_1LB1LD_---1LA	3	2	0	256
0RB1LC_1LA1RB_1LB1LD_0LD0RC	4	2	0	787
0RB1LC_1LA1RB_1LD1LA_0LA---	2	2	0	141
0RB1LC_1LA1RB_1LD1LA_0RB---	2	2	0	129
0RB1LC_1LA1RB_1LD1LA_0RC---	2	2	0	139
0RB1LC_1LA1RB_1LD1LA_0RD0LA	2	2	0	149
0RB1LC_1LA1RB_1LD1LA_0RD0RB	2	2	0	178
0RB1LC_1LA1RB_1LD1LA_0RD0RC	2	2	0	186
0RB1LC_1LA1RB_1LD1LA_0RD1LA	2	2	0	139
0RB1LC_1LA1RB_1LD1LA_0RD1LB	2	2	0	141
0RB1LC_1LA1RB_1LD1LA_0RD1RA	2	2	0	149
0RB1LC_1LA1RB_1LD1LA_0RD1RB	2	2	0	129
0RB1LC_1LA1RB_1LD1LA_1LA---	2	2	0	135
0RB1LC_1LA1RB_1LD1LA_1LB---	2	2	0	111
0RB1LC_1LA1RB_1LD1LA_1RA---	2	2	0	141
0RB1LC_1LA1RB_1LD1LA_1RB---	2	2	0	129
0RB1LC_1LA1RB_1LD1LA_1RD0RB	2	2	0	585
0RB1LC_1LA1RB_1LD1LA_1RD0RC	2	2	0	607
0RB1LC_1LA1RB_1LD1LA_1RD1LB	2	2	0	135
0RB1LC_1LA1RB_1LD1LA_1RD1LC	2	2	0	141
0RB1LC_1LA1RB_1LD1LA_1RD1RB	2	2	0	129
0RB1LC_1LA1RB_1LD1LA_1RD1RC	2	2	0	147
0RB1LC_1LA1RB_1RB0LD_---1RB	2	2	0	161
0RB1LC_1LA1RB_1RB1LD_---0LB	3	2	0	325
0RB1LC_1LA1RB_1RB1LD_---1LA	3	2	0	474
0RB1LC_1LA1RB_1RB1LD_---1LC	2	2	0	115
0RB1LC_1LA1RB_1RC1LD_---1LA	3	2	0	495
0RB1LC_1LA1RB_1RD0LC_1RC1LB	2	2	0	161
0RB1LC_1LA1RB_1RD0LC_1RC1RA	2	2	0	138
0RB1LC_1LA1RB_1RD0LC_1RC1RB	2	2	0	149
0RB1LC_1LA1RB_1RD0LC_1RD1LB	2	2	0	161
0RB1LC_1LA1RB_1RD0LC_1RD1RA	2	2	0	138
0RB1LC_1LA1RB_1RD0LC_1RD1RB	2	2	0	149
0RB1LC_1LA1RB_1RD0LD_---1RB	2	2	0	161
0RB1LC_1LA1RB_1RD1LA_---1LB	2	2	0	125
0RB1LC_1LA1RB_1RD1LA_---1LC	2	2	0	139
0RB1LC_1LA1RB_1RD1LA_---1RB	2	2	0	115
0RB1LC_1LA1RB_1RD1LA_---1RC	2	2	0	149
0RB1LC_1LA1RB_1RD1LA_0LA1LD	2	2	0	147
0RB1LC_1LA1RB_1RD1LA_0LA1RD	2	2	0	261
0RB1LC_1LA1RB_1RD1LA_0LB1RD	2	2	0	125
0RB1LC_1LA1RB_1RD1LA_0LC1RD	2	2	0	239
0RB1LC_1LA1RB_1RD1LA_0RA0LD	2	2	0	196
0RB1LC_1LA1RB_1RD1LA_0RB1LD	2	2	0	139
0RB1LC_1LA1RB_1RD1LA_0RC1LD	2	2	0	149
0RB1LC_1LA1RB_1RD1LA_1LA1LD	2	2	0	141
0RB1LC_1LA1RB_1RD1LA_1LB1LD	2	2	0	119
0RB1LC_1LA1RB_1RD1LA_1LB1RD	2	2	0	211
0RB1LC_1LA1RB_1RD1LA_1LC1RD	2	2	0	307
0RB1LC_1LA1RB_1RD1LA_1RA1LD	2	2	0	147
0RB1LC_1LA1RB_1RD1LA_1RB1LD	2	2	0	135
0RB1LC_1LA1RB_1RD1LA_1RB1RD	2	2	0	203
0RB1LC_1LA1RB_1RD1RA_1RC0LD	2	2	0	130
0RB1LC_1LA1RC_0LD0LC_1RD1RB	2	2	0	154
0RB1LC_1LA1RC_0RD1LA_1LC1RD	2	2	0	244
0RB1LC_1LA1RC_1LA0RD_---0LA	2	2	0	213
0RB1LC_1LA1RC_1LA0RD_---1LA	2	2	0	167
0RB1LC_1LA1RC_1LA0RD_---1RC	2	2	0	121
0RB1LC_1LA1RC_1LA1RD_0LA0RC	2	2	0	234
0RB1LC_1LA1RC_1LA1RD_1LA0RC	2	2	0	217
0RB1LC_1LA1RC_1LC1LD_1RB0RD	2	2	0	142
0RB1LC_1LA1RC_1LC1RD_1RB0RD	2	2	0	88
0RB1LC_1LA1RC_1LD0RC_0RA0LA	2	2	0	317
0RB1LC_1LA1RC_1LD0RC_0RA1LA	2	2	0	299
0RB1LC_1LA1RC_1LD0RC_0RA1LB	2	2	0	256
0RB1LC_1LA1RC_1LD1RB_0LA0RA	2	2	0	243
0RB1LC_1LA1RC_1LD1RB_0RC0LD	2	2	0	340
0RB1LC_1LA1RC_1LD1RB_1LA0RA	2	2	0	233
0RB1LC_1LA1RC_1LD1RB_1LB0LD	2	2	0	309
0RB1LC_1LA1RC_1LD1RB_1RC0RA	2	2	0	219
0RB1LC_1LA1RC_1RB0LD_0LA1LC	2	2	0	235
0RB1LC_1LA1RC_1RB0LD_0RA1LC	2	2	0	321
0RB1LC_1LA1RC_1RB0LD_0RC1LC	2	2	0	244
0RB1LC_1LA1RC_1RB0LD_0RD1LC	2	2	0	256
0RB1LC_1LA1RC_1RB0LD_1LA1LC	2	2	0	227
0RB1LC_1LA1RC_1RB0LD_1LC1LC	2	2	0	202
0RB1LC_1LA1RC_1RB0LD_1RA1LC	2	2	0	767
0RB1LC_1LA1RC_1RB0LD_1RC1LC	2	2	0	222
0RB1LC_1LA1RC_1RB0LD_1RD1LC	2	2	0	218
0RB1LC_1LA1RC_1RB0RD_---0LB	2	2	0	123
0RB1LC_1LA1RC_1RB1LD_1RB0LC	2	2	0	177
0RB1LC_1LA1RC_1RD0LA_1RB1RC	2	2	0	136
0RB1LC_1LA1RC_1RD0LD_1LA1RD	2	2	0	157
0RB1LC_1LA1RC_1RD1LA_0LA1RD	2	2	0	192
0RB1LC_1LA1RC_1RD1LA_0LC1RD	2	2	0	188
0RB1LC_1LA1RC_1RD1LA_1LA1RD	2	2	0	134
0RB1LC_1LC---_0RD1LA_1RB1RD	2	2	0	89
0RB1LC_1LC---_1RD0LA_1RB1RC	2	2	0	99
0RB1LC_1LC0LA_0RD0LD_1LA1RD	2	2	0	193
0RB1LC_1LC0LA_0RD1LA_1LA1RD	2	2	0	189
0RB1LC_1LC0LA_0RD1LA_1LC1RD	2	2	0	193
0RB1LC_1LC0LA_1RD1LA_0LA1RD	2	2	0	166
0RB1LC_1LC0LA_1RD1LA_0LC1RD	2	2	0	166
0RB1LC_1LC0LA_1RD1LA_1LA1RD	2	2	0	141
0RB1LC_1LC0LB_0RD1LA_1LA1RD	2	2	0	149
0RB1LC_1LC0LC_0RD1LA_1LC1RD	2	2	0	193
0RB1LC_1LC0LC_1RC1RD_1LA0LD	2	2	0	124
0RB1LC_1LC0LC_1RD0LB_1LA0RC	2	2	0	260
0RB1LC_1LC0LD_0RD1LB_1LA1RD	3	2	0	633
0RB1LC_1LC0LD_1LA0LB_0RD1RA	3	2	0	537
0RB1LC_1LC0LD_1LA0LC_1RD0LA	2	2	0	203
0RB1LC_1LC0LD_1LA0LC_1RD0RB	2	2	0	164
0RB1LC_1LC0LD_1LA0LC_1RD1LA	2	2	0	218
0RB1LC_1LC0LD_1LA0LC_1RD1RA	2	2	0	203
0RB1LC_1LC0LD_1LA0RA_1RD0RB	2	2	0	222
0RB1LC_1LC0LD_1LA0RD_1RA1RC	2	2	0	1208
0RB1LC_1LC0LD_1LA1LA_1RD0RB	2	2	0	176
0RB1LC_1LC0LD_1LA1LB_1RD0RB	2	2	0	183
0RB1LC_1LC0LD_1LA1RB_1RD0RB	2	2	0	268
0RB1LC_1LC0LD_1RA0LD_1RD0RB	2	2	0	360
0RB1LC_1LC0LD_1RA1LA_0RD0LC	2	2	0	288
0RB1LC_1LC0LD_1RA1LA_1RD0RB	2	2	0	188
0RB1LC_1LC0LD_1RA1LA_1RD0RC	2	2	0	196
0RB1LC_1LC0LD_1RB1LA_---1RC	2	2	0	225
0RB1LC_1LC0LD_1RD0RB_1LA1RC	2	2	0	169
0RB1LC_1LC0LD_1RD1LB_1LA1RD	3	2	0	310
0RB1LC_1LC0RB_0RD0LD_1LA1RD	2	2	0	240
0RB1LC_1LC0RB_1RD0LD_1LA1RD	2	2	0	189
0RB1LC_1LC0RC_1LA0LD_1RA---	2	2	0	174
0RB1LC_1LC0RC_1LA1LD_1RD0RB	2	2	0	174
0RB1LC_1LC0RC_1LA1RD_0RB0RC	2	2	0	77
0RB1LC_1LC0RC_1LD0LA_1RB1RD	4	2	0	503
0RB1LC_1LC0RC_1LD0LC_1RB1RA	2	2	0	323
0RB1LC_1LC0RC_1RC1RD_1LA0LD	2	2	0	196
0RB1LC_1LC0RD_0LD0LA_1RD1RB	3	2	0	342
0RB1LC_1LC0RD_1LA0LB_---1RA	3	2	0	405
0RB1LC_1LC0RD_1LA0LC_1RD1RA	2	2	0	324
0RB1LC_1LC0RD_1LA0RC_1LD1RC	2	2	0	104
0RB1LC_1LC0RD_1LA1RB_---1RA	2	2	0	101
0RB1LC_1LC0RD_1RA1LA_---0LC	2	2	0	232
0RB1LC_1LC0RD_1RC1RB_1LD1LA	2	2	0	238
0RB1LC_1LC1LA_0RD1LB_1LA1RD	3	2	0	499
0RB1LC_1LC1LA_0RD1LB_1LC1RD	3	2	0	481
0RB1LC_1LC1LA_1RD0LD_1RB0RD	2	2	0	165
0RB1LC_1LC1LA_1RD1LA_1LB1RD	2	2	0	121
0RB1LC_1LC1LA_1RD1LB_0LA1RD	3	2	0	275
0RB1LC_1LC1LA_1RD1LB_0LB1RD	3	2	0	265
0RB1LC_1LC1LA_1RD1LB_1LA1RD	3	2	0	244
0RB1LC_1LC1LA_1RD1LB_1RB1RD	3	2	0	236
0RB1LC_1LC1LB_0LD0LC_1RD1RA	2	2	0	138
0RB1LC_1LC1LB_0RD0LA_1RB1RD	2	2	0	434
0RB1LC_1LC1LB_0RD1LA_1LA1RD	2	2	0	133
0RB1LC_1LC1LB_0RD1LA_1LC1RD	2	2	0	139
0RB1LC_1LC1LB_1RD0LA_1RB1RD	2	2	0	363
0RB1LC_1LC1LB_1RD0LB_1LA0RC	2	2	0	250
0RB1LC_1LC1LB_1RD1LA_0LA1RD	2	2	0	86
0RB1LC_1LC1LB_1RD1LA_0LC1RD	2	2	0	95
0RB1LC_1LC1LC_0RD0LD_1LA1RD	2	2	0	185
0RB1LC_1LC1LC_0RD1LA_1LA1RD	2	2	0	181
0RB1LC_1LC1LC_0RD1LA_1LC1RD	2	2	0	183
0RB1LC_1LC1LC_1RD0LB_1LA1RC	2	2	0	202
0RB1LC_1LC1LC_1RD1LA_0LA1RD	2	2	0	158
0RB1LC_1LC1LC_1RD1LA_0LC1RD	2	2	0	158
0RB1LC_1LC1LC_1RD1LA_1LA1RD	2	2	0	131
0RB1LC_1LC1LD_0RC1RD_1LA0RD	2	2	0	299
0RB1LC_1LC1LD_0RD0LB_1LA1RD	2	2	0	215
0RB1LC_1LC1LD_0RD0RC_1LA1RC	2	2	0	151
0RB1LC_1LC1LD_0RD1LA_1LC1RD	2	2	0	139
0RB1LC_1LC1LD_1RA1RD_1LA0RD	2	2	0	245
0RB1LC_1LC1LD_1RC0RD_1LA0RC	2	2	0	233
0RB1LC_1LC1LD_1RC0RD_1LA0RD	2	2	0	233
0RB1LC_1LC1LD_1RC1RB_1LA0RD	2	2	0	227
0RB1LC_1LC1LD_1RC1RD_1LA0RD	2	2	0	456
0RB1LC_1LC1LD_1RD---_1LA0RD	2	2	0	233
0RB1LC_1LC1LD_1RD1LA_0LA1RD	2	2	0	94
0RB1LC_1LC1RA_0LD0LB_1RD1RB	2	2	0	127
0RB1LC_1LC1RA_0LD0LC_1RD1LB	2	2	0	107
0RB1LC_1LC1RA_1LA1RD_---0RC	2	2	0	118
0RB1LC_1LC1RA_1LD0LB_1RB0LC	2	2	0	112
0RB1LC_1LC1RA_1RA1LD_0LC---	2	2	0	90
0RB1LC_1LC1RA_1RD0LC_1RD1LB	2	2	0	194
0RB1LC_1LC1RA_1RD0LD_1LA1RD	2	2	0	187
0RB1LC_1LC1RA_1RD1LA_1LB1RD	2	2	0	133
0RB1LC_1LC1RB_0LD1LA_0RA---	2	2	0	178
0RB1LC_1LC1RB_0LD1LA_0RD1LA	2	2	0	186
0RB1LC_1LC1RB_0LD1LA_0RD1RA	2	2	0	223
0RB1LC_1LC1RB_0LD1LA_0RD1RB	2	2	0	178
0RB1LC_1LC1RB_0LD1LA_1LA---	2	2	0	155
0RB1LC_1LC1RB_0LD1LA_1RA0LA	2	2	0	457
0RB1LC_1LC1RB_0LD1LA_1RA0RA	2	2	0	562
0RB1LC_1LC1RB_0LD1LA_1RA0RB	2	2	0	384
0RB1LC_1LC1RB_0LD1LA_1RA0RC	2	2	0	227
0RB1LC_1LC1RB_0LD1LA_1RA0RD	2	2	0	648
0RB1LC_1LC1RB_0LD1LA_1RA1LA	2	2	0	288
0RB1LC_1LC1RB_0LD1LA_1RA1LC	2	2	0	431
0RB1LC_1LC1RB_0LD1LA_1RA1LD	2	3	0	216
0RB1LC_1LC1RB_0LD1LA_1RA1RA	2	2	0	217
0RB1LC_1LC1RB_0LD1LA_1RA1RB	2	2	0	280
0RB1LC_1LC1RB_0LD1LA_1RA1RD	2	2	0	203
0RB1LC_1LC1RB_0LD1LA_1RB---	2	2	0	149
0RB1LC_1LC1RB_0LD1LA_1RC0RA	2	2	0	186
0RB1LC_1LC1RB_0LD1LA_1RC1LA	2	2	0	161
0RB1LC_1LC1RB_0LD1LA_1RC1RA	2	2	0	219
0RB1LC_1LC1RB_0LD1LA_1RC1RB	2	2	0	155
0RB1LC_1LC1RB_0LD1LA_1RC1RD	2	2	0	161
0RB1LC_1LC1RB_0LD1LA_1RD0RB	2	2	0	193
0RB1LC_1LC1RB_0LD1LA_1RD1LA	2	2	0	155
0RB1LC_1LC1RB_0LD1LA_1RD1LB	2	2	0	143
0RB1LC_1LC1RB_0LD1LA_1RD1RA	2	2	0	184
0RB1LC_1LC1RB_0LD1LA_1RD1RB	2	2	0	137
0RB1LC_1LC1RB_0LD1LD_1RA1LC	2	3	0	215
0RB1LC_1LC1RB_0RB1LD_0RA1LC	2	2	0	183
0RB1LC_1LC1RB_0RD1LA_---1LA	2	2	0	183
0RB1LC_1LC1RB_0RD1LA_---1RB	2	2	0	173
0RB1LC_1LC1RB_0RD1LA_0LB1RD	2	2	0	183
0RB1LC_1LC1RB_0RD1LA_0LC1RD	2	2	0	257
0RB1LC_1LC1RB_0RD1LA_0RB1LD	2	2	0	183
0RB1LC_1LC1RB_0RD1LA_0RC1LD	2	2	0	193
0RB1LC_1LC1RB_0RD1LA_1LA0LC	2	2	0	193
0RB1LC_1LC1RB_0RD1LA_1LA0LD	2	2	0	173
0RB1LC_1LC1RB_0RD1LA_1LA1LD	2	2	0	149
0RB1LC_1LC1RB_0RD1LA_1LA1RD	2	2	0	257
0RB1LC_1LC1RB_0RD1LA_1LB1RD	2	2	0	99
0RB1LC_1LC1RB_0RD1LA_1LC1RD	2	2	0	173
0RB1LC_1LC1RB_0RD1LA_1RA1LD	2	2	0	161
0RB1LC_1LC1RB_0RD1LA_1RB0LC	2	2	0	183
0RB1LC_1LC1RB_0RD1LA_1RB0LD	2	2	0	161
0RB1LC_1LC1RB_0RD1LA_1RB1LD	2	2	0	133
0RB1LC_1LC1RB_1LA0LD_---0RB	3	2	0	639
0RB1LC_1LC1RB_1LA0LD_---1RC	2	2	0	191
0RB1LC_1LC1RB_1LA0RD_0LA1RC	2	2	0	1111
0RB1LC_1LC1RB_1LA0RD_0RB1RC	2	2	0	245
0RB1LC_1LC1RB_1LA0RD_1RA1RC	2	2	0	1014
0RB1LC_1LC1RB_1LA1LD_---0RA	3	2	0	639
0RB1LC_1LC1RB_1LA1LD_---1LA	3	2	0	489
0RB1LC_1LC1RB_1LD1LA_0RB---	2	2	0	137
0RB1LC_1LC1RB_1LD1LA_0RC---	2	2	0	149
0RB1LC_1LC1RB_1LD1LA_0RD0RB	2	2	0	178
0RB1LC_1LC1RB_1LD1LA_0RD0RC	2	2	0	186
0RB1LC_1LC1RB_1LD1LA_0RD1LA	2	2	0	149
0RB1LC_1LC1RB_1LD1LA_0RD1RA	2	2	0	161
0RB1LC_1LC1RB_1LD1LA_0RD1RB	2	2	0	137
0RB1LC_1LC1RB_1LD1LA_1LA---	2	2	0	143
0RB1LC_1LC1RB_1LD1LA_1RA---	2	2	0	149
0RB1LC_1LC1RB_1LD1LA_1RB---	2	2	0	137
0RB1LC_1LC1RB_1LD1LA_1RD0LB	2	2	0	155
0RB1LC_1LC1RB_1LD1LA_1RD0LC	2	2	0	161
0RB1LC_1LC1RB_1LD1LA_1RD0RB	2	2	0	620
0RB1LC_1LC1RB_1LD1LA_1RD0RC	2	2	0	644
0RB1LC_1LC1RB_1LD1LA_1RD1LB	2	2	0	143
0RB1LC_1LC1RB_1LD1LA_1RD1LC	2	2	0	149
0RB1LC_1LC1RB_1LD1LA_1RD1RB	2	2	0	137
0RB1LC_1LC1RB_1LD1LA_1RD1RC	2	2	0	155
0RB1LC_1LC1RB_1RA1LD_0RB1LC	2	2	0	149
0RB1LC_1LC1RB_1RB1LD_---1LA	3	2	0	469
0RB1LC_1LC1RB_1RC1LD_---1LA	3	2	0	503
0RB1LC_1LC1RB_1RD0LA_1LB1RC	2	2	0	107
0RB1LC_1LC1RB_1RD0LB_1LA0RC	2	2	0	140
0RB1LC_1LC1RB_1RD1LA_---0LB	2	2	0	161
0RB1LC_1LC1RB_1RD1LA_---0LC	2	2	0	173
0RB1LC_1LC1RB_1RD1LA_---1LB	2	2	0	133
0RB1LC_1LC1RB_1RD1LA_---1LC	2	2	0	149
0RB1LC_1LC1RB_1RD1LA_---1RB	2	2	0	121
0RB1LC_1LC1RB_1RD1LA_0LA1RC	2	2	0	157
0RB1LC_1LC1RB_1RD1LA_0LA1RD	2	2	0	257
0RB1LC_1LC1RB_1RD1LA_0LB1RC	2	2	0	137
0RB1LC_1LC1RB_1RD1LA_0LB1RD	2	2	0	133
0RB1LC_1LC1RB_1RD1LA_0LC1LD	2	2	0	155
0RB1LC_1LC1RB_1RD1LA_0LC1RC	2	2	0	143
0RB1LC_1LC1RB_1RD1LA_0LC1RD	2	2	0	257
0RB1LC_1LC1RB_1RD1LA_0RB1LD	2	2	0	149
0RB1LC_1LC1RB_1RD1LA_0RC1LD	2	2	0	161
0RB1LC_1LC1RB_1RD1LA_1LA1LD	2	2	0	149
0RB1LC_1LC1RB_1RD1LA_1LA1RC	2	2	0	137
0RB1LC_1LC1RB_1RD1LA_1LA1RD	2	2	0	311
0RB1LC_1LC1RB_1RD1LA_1LB1RC	2	2	0	129
0RB1LC_1LC1RB_1RD1LA_1LB1RD	2	2	0	219
0RB1LC_1LC1RB_1RD1LA_1LC1RC	2	2	0	135
0RB1LC_1LC1RB_1RD1LA_1LD1RC	2	2	0	139
0RB1LC_1LC1RB_1RD1LA_1RA1LD	2	2	0	155
0RB1LC_1LC1RB_1RD1LA_1RB1LD	2	2	0	143
0RB1LC_1LC1RB_1RD1LA_1RB1RC	2	2	0	127
0RB1LC_1LC1RB_1RD1LA_1RB1RD	2	2	0	211
0RB1LC_1LC1RC_0LD0RA_1RD0RB	2	2	0	382
0RB1LC_1LC1RC_0RD0LD_1LA1RD	2	2	0	239
0RB1LC_1LC1RC_0RD1LA_1LA1RD	2	2	0	189
0RB1LC_1LC1RC_0RD1LA_1LC1RD	2	2	0	193
0RB1LC_1LC1RC_1LA1RD_0LA0RC	2	2	0	218
0RB1LC_1LC1RC_1LA1RD_0LB0RD	4	2	0	398
0RB1LC_1LC1RC_1LA1RD_1LA0RC	2	2	0	206
0RB1LC_1LC1RC_1LD0RD_1LA0RB	3	2	0	234
0RB1LC_1LC1RC_1RC1RD_1LA0LD	2	2	0	157
0RB1LC_1LC1RC_1RD0LD_1LA1RD	2	2	0	179
0RB1LC_1LC1RC_1RD1LA_0LA1RD	2	2	0	166
0RB1LC_1LC1RC_1RD1LA_0LC1RD	2	2	0	166
0RB1LC_1LC1RC_1RD1LA_1LA1RD	2	2	0	141
0RB1LC_1LC1RD_0LD0RA_1RD1RB	2	2	0	314
0RB1LC_1LC1RD_0LD1LA_0RD1RB	2	2	0	178
0RB1LC_1LC1RD_0LD1LA_1RD1RB	2	2	0	137
0RB1LC_1LC1RD_0RB0LA_1RB---	2	2	0	89
0RB1LC_1LC1RD_0RB1LC_1LA1RB	2	2	0	173
0RB1LC_1LC1RD_0RD0LD_1LA1RD	2	2	0	177
0RB1LC_1LC1RD_0RD1LA_---1RB	2	2	0	173
0RB1LC_1LC1RD_0RD1LA_1LA1RD	2	2	0	173
0RB1LC_1LC1RD_0RD1LA_1LC1RD	2	2	0	173
0RB1LC_1LC1RD_0RD1LC_1LA1RB	2	2	0	173
0RB1LC_1LC1RD_1LA---_---0RB	2	2	0	120
0RB1LC_1LC1RD_1LA0LB_0RD1RA	4	2	0	2962
0RB1LC_1LC1RD_1LA0LC_1RD1RA	2	2	0	367
0RB1LC_1LC1RD_1LA0RA_---1RB	2	2	0	193
0RB1LC_1LC1RD_1LA0RD_0LA1RC	2	2	0	169
0RB1LC_1LC1RD_1LA0RD_0LB1RC	2	2	0	206
0RB1LC_1LC1RD_1LA0RD_1LA1RC	2	2	0	142
0RB1LC_1LC1RD_1LA0RD_1LC1RC	2	2	0	161
0RB1LC_1LC1RD_1LA0RD_1LD1RC	2	2	0	154
0RB1LC_1LC1RD_1LA0RD_1RA1RC	2	2	0	140
0RB1LC_1LC1RD_1LA0RD_1RC1RC	2	2	0	130
0RB1LC_1LC1RD_1LA1LA_---1RB	2	2	0	137
0RB1LC_1LC1RD_1LA1RA_---0LC	2	2	0	174
0RB1LC_1LC1RD_1RA1LA_---0RB	2	2	0	178
0RB1LC_1LC1RD_1RA1LA_---0RC	2	2	0	184
0RB1LC_1LC1RD_1RA1LA_---1RB	2	2	0	149
0RB1LC_1LC1RD_1RA1LD_1RB0LC	2	2	0	258
0RB1LC_1LC1RD_1RB1LC_1LA0RC	2	2	0	167
0RB1LC_1LC1RD_1RB1LC_1LA1RB	2	2	0	121
0RB1LC_1LC1RD_1RD1LA_---1RB	2	2	0	121
0RB1LC_1RC---_0LA1RD_0RB0LA	3	2	0	287
0RB1LC_1RC---_0LA1RD_0RB0LD	3	2	0	407
0RB1LC_1RC---_0LA1RD_1RA0LA	4	2	0	540
0RB1LC_1RC---_1LD0RC_0RA0LA	2	2	0	297
0RB1LC_1RC---_1LD0RC_0RA1LB	2	2	0	217
0RB1LC_1RC0LA_0RD1LA_1LC1RD	2	2	0	258
0RB1LC_1RC0LA_1LA0RD_---0LA	2	2	0	175
0RB1LC_1RC0LA_1LA0RD_---1LA	2	2	0	221
0RB1LC_1RC0LA_1LA0RD_---1RC	2	2	0	129
0RB1LC_1RC0LA_1LA1RD_0LA0RC	2	2	0	250
0RB1LC_1RC0LA_1LA1RD_1LA0RC	2	2	0	233
0RB1LC_1RC0LA_1LC1RD_1RC1LB	2	2	0	111
0RB1LC_1RC0LA_1LD0RC_0RA1LA	2	2	0	315
0RB1LC_1RC0LA_1RD0LD_1LA1RD	2	2	0	163
0RB1LC_1RC0LA_1RD1LA_0LA1RD	2	2	0	200
0RB1LC_1RC0LA_1RD1LA_0LC1RD	2	2	0	194
0RB1LC_1RC0LA_1RD1LA_1LA1RD	2	2	0	142
0RB1LC_1RC0LB_1RD1LA_0LA1RD	2	2	0	180
0RB1LC_1RC0LB_1RD1LA_0LC1RD	2	2	0	178
0RB1LC_1RC0LB_1RD1LA_1LA1RD	2	2	0	122
0RB1LC_1RC0LC_0RD1LA_1LC1RD	2	2	0	242
0RB1LC_1RC0LC_1LD0RD_1LB0RA	2	2	0	588
0RB1LC_1RC0LD_1LA0LA_1RD0RC	2	2	0	324
0RB1LC_1RC0LD_1LA0LC_1RD0LA	2	2	0	205
0RB1LC_1RC0LD_1LA0LC_1RD0RA	2	2	0	249
0RB1LC_1RC0LD_1LA0LC_1RD0RC	2	2	0	218
0RB1LC_1RC0LD_1LA0LC_1RD1LA	2	2	0	220
0RB1LC_1RC0LD_1LA0LC_1RD1LC	2	2	0	109
0RB1LC_1RC0LD_1LA0LC_1RD1RA	2	2	0	547
0RB1LC_1RC0LD_1LA0LC_1RD1RB	2	2	0	160
0RB1LC_1RC0LD_1LA0RD_1RA1RC	2	2	0	225
0RB1LC_1RC0LD_1LA1LD_1RA0RA	3	2	0	515
0RB1LC_1RC0LD_1LA1LD_1RA1LA	3	2	0	449
0RB1LC_1RC0LD_1LA1LD_1RA1LC	2	2	0	134
0RB1LC_1RC0LD_1LC1LB_1RA1LA	4	2	0	591
0RB1LC_1RC0LD_1LD0RB_1LB0RA	2	2	0	99
0RB1LC_1RC0LD_1RD1LA_0LA1RD	2	2	0	185
0RB1LC_1RC0LD_1RD1RB_1LA1LB	2	2	0	99
0RB1LC_1RC0RA_0LD1RB_---1LB	2	2	0	159
0RB1LC_1RC0RA_1LB1RD_---1RC	2	2	0	217
0RB1LC_1RC0RA_1LD1RC_---1LB	2	2	0	159
0RB1LC_1RC0RB_1RD0LD_1LA1RD	2	2	0	179
0RB1LC_1RC0RC_1LD0LC_1RB1RA	2	2	0	319
0RB1LC_1RC0RC_1LD0RB_0RA1LB	2	2	0	217
0RB1LC_1RC0RC_1LD0RC_0RA1RB	2	2	0	279
0RB1LC_1RC0RC_1LD1LA_0RA1RB	2	2	0	399
0RB1LC_1RC0RC_1LD1RB_1RB0LA	3	2	0	1377
0RB1LC_1RC0RD_0LA1RB_1LD1LA	2	2	0	275
0RB1LC_1RC0RD_1LA---_0LA1RB	2	2	0	90
0RB1LC_1RC0RD_1LA---_1RA1RB	2	2	0	74
0RB1LC_1RC0RD_1LA---_1RC1RB	2	2	0	82
0RB1LC_1RC0RD_1LA0LC_1LD1RB	2	2	0	125
0RB1LC_1RC0RD_1LA0LC_1RD1RA	2	2	0	699
0RB1LC_1RC0RD_1LA0RC_1LD0LA	2	2	0	110
0RB1LC_1RC0RD_1LA0RC_1LD1LB	2	2	0	144
0RB1LC_1RC0RD_1LA0RC_1LD1RC	2	2	0	100
0RB1LC_1RC0RD_1LC1LA_1RB1RD	2	2	0	137
0RB1LC_1RC0RD_1LD1RB_0LC0LA	2	2	0	125
0RB1LC_1RC0RD_1RD0LC_1LA0LB	2	2	0	293
0RB1LC_1RC0RD_1RD1RB_1LC1LA	2	2	0	457
0RB1LC_1RC1LA_1LC1RD_1LB0RD	2	2	0	96
0RB1LC_1RC1LA_1LD0RC_1RB1LB	2	2	0	169
0RB1LC_1RC1LA_1LD1LB_0LB1RD	3	2	0	141
0RB1LC_1RC1LA_1RD0LA_0LB1RC	2	2	0	194
0RB1LC_1RC1LA_1RD1LA_1LB1RD	2	2	0	112
0RB1LC_1RC1LB_0LB1RD_0LA1RC	2	2	0	168
0RB1LC_1RC1LB_0RD1LA_1LA1RD	2	2	0	141
0RB1LC_1RC1LB_0RD1LA_1LC1RD	2	2	0	149
0RB1LC_1RC1LB_1LA1RD_0LB0RB	2	2	0	216
0RB1LC_1RC1LB_1LA1RD_0LB1RC	2	2	0	154
0RB1LC_1RC1LB_1LA1RD_1LA0RC	2	2	0	121
0RB1LC_1RC1LB_1LD0RC_0RA0LD	2	2	0	315
0RB1LC_1RC1LB_1LD0RC_0RA0RB	2	2	0	297
0RB1LC_1RC1LB_1LD0RC_0RA1LA	2	2	0	227
0RB1LC_1RC1LB_1LD0RC_0RA1RB	2	2	0	229
0RB1LC_1RC1LB_1LD0RC_1RD1LA	2	2	0	179
0RB1LC_1RC1LB_1RD1LA_0LA1RD	2	2	0	115
0RB1LC_1RC1LB_1RD1LA_0LC1RD	2	2	0	106
0RB1LC_1RC1LC_0RD0LD_1LA1RD	2	2	0	207
0RB1LC_1RC1LC_0RD0RA_1LD0LB	2	2	0	356
0RB1LC_1RC1LC_0RD1LA_1LA1RD	2	2	0	224
0RB1LC_1RC1LC_0RD1LA_1LC1RD	2	2	0	226
0RB1LC_1RC1LC_0RD1LA_1LD0LB	2	2	0	1185
0RB1LC_1RC1LC_1RD0LB_1LA1RC	2	2	0	220
0RB1LC_1RC1LC_1RD1LA_0LA1RD	2	2	0	180
0RB1LC_1RC1LC_1RD1LA_0LC1RD	2	2	0	178
0RB1LC_1RC1LC_1RD1LA_1LA1RD	2	2	0	122
0RB1LC_1RC1LD_0LA0RD_1LA0RA	3	2	0	501
0RB1LC_1RC1LD_0LA0RD_1LA0RC	2	2	0	274
0RB1LC_1RC1LD_0LA0RD_1LA0RD	2	2	0	274
0RB1LC_1RC1LD_0LA1RB_1LA0RD	2	2	0	268
0RB1LC_1RC1LD_0LA1RD_1LA0RD	2	2	0	463
0RB1LC_1RC1LD_0LB1RC_1RA1LB	2	2	0	162
0RB1LC_1RC1LD_0LD1RC_1RA1LB	2	2	0	160
0RB1LC_1RC1LD_0RD0RB_1LA0LB	2	2	0	262
0RB1LC_1RC1LD_0RD0RC_1LA0LA	2	2	0	157
0RB1LC_1RC1LD_0RD0RC_1LA0LB	2	2	0	732
0RB1LC_1RC1LD_0RD0RC_1LA1LB	2	2	0	207
0RB1LC_1RC1LD_0RD0RC_1LA1RC	2	2	0	149
0RB1LC_1RC1LD_0RD1LA_1LA0LB	2	2	0	224
0RB1LC_1RC1LD_0RD1LA_1LC1RD	2	2	0	137
0RB1LC_1RC1LD_1LA0RD_0RD0LA	2	2	0	185
0RB1LC_1RC1LD_1LA0RD_0RD1RC	2	2	0	129
0RB1LC_1RC1LD_1LA0RD_1LB0LA	2	2	0	133
0RB1LC_1RC1LD_1LA0RD_1LB1RC	2	2	0	99
0RB1LC_1RC1LD_1LA1RB_1RC0LB	2	2	0	122
0RB1LC_1RC1LD_1LA1RD_1LB0RC	2	2	0	211
0RB1LC_1RC1LD_1LB1RC_1RA0LC	2	2	0	169
0RB1LC_1RC1LD_1LB1RC_1RA1LB	2	2	0	123
0RB1LC_1RC1LD_1LC1LA_1RB1RD	2	2	0	120
0RB1LC_1RC1LD_1LC1RB_---0LA	2	2	0	111
0RB1LC_1RC1LD_1LC1RB_0LA0RB	2	2	0	145
0RB1LC_1RC1LD_1LD0LB_1LA1RD	2	2	0	200
0RB1LC_1RC1LD_1LD1RB_---0LA	2	2	0	101
0RB1LC_1RC1LD_1RD0LA_1LA0RD	2	2	0	219
0RB1LC_1RC1LD_1RD0LB_1LA0RC	2	2	0	272
0RB1LC_1RC1LD_1RD0LB_1LA0RD	2	2	0	256
0RB1LC_1RC1LD_1RD0LB_1LA1RD	2	2	0	188
0RB1LC_1RC1LD_1RD0LC_1LA0RD	2	2	0	211
0RB1LC_1RC1LD_1RD0RA_1LA0RD	2	2	0	251
0RB1LC_1RC1LD_1RD0RC_1LA0RD	2	2	0	255
0RB1LC_1RC1LD_1RD1LA_0LA1RD	2	2	0	121
0RB1LC_1RC1LD_1RD1LC_1LA0RD	2	2	0	231
0RB1LC_1RC1LD_1RD1RB_0LA0LA	2	2	0	121
0RB1LC_1RC1LD_1RD1RB_0LB0LA	2	2	0	111
0RB1LC_1RC1LD_1RD1RD_1LA0RD	2	2	0	249
0RB1LC_1RC1RA_0LA0LD_1RA1RD	2	2	0	118
0RB1LC_1RC1RA_0RD0RC_1LD0LB	2	2	0	760
0RB1LC_1RC1RA_0RD0RC_1LD1RB	2	2	0	87
0RB1LC_1RC1RA_1RD0LD_1LA1RD	2	2	0	203
0RB1LC_1RC1RA_1RD1LA_1LB1RD	2	2	0	122
0RB1LC_1RC1RB_0LA0LD_1RB1LD	2	2	0	183
0RB1LC_1RC1RB_0LA1LD_---1LA	3	2	0	544
0RB1LC_1RC1RB_0LC1LD_1LB1LA	3	2	0	295
0RB1LC_1RC1RB_0LD1LA_1LC1RD	2	2	0	106
0RB1LC_1RC1RB_0LD1LA_1RA1LC	2	2	0	476
0RB1LC_1RC1RB_0LD1LD_1RA1LC	2	3	0	228
0RB1LC_1RC1RB_0RD1LA_1LC0LD	2	2	0	116
0RB1LC_1RC1RB_0RD1LD_1LD1LA	3	2	0	144
0RB1LC_1RC1RB_1LA0LD_0RB1LD	2	2	0	820
0RB1LC_1RC1RB_1LA0LD_1RB1LD	2	2	0	612
0RB1LC_1RC1RB_1LA0RD_0LA1RC	2	2	0	218
0RB1LC_1RC1RB_1LA0RD_1RA1RC	2	2	0	216
0RB1LC_1RC1RB_1LA1LD_---0RA	3	2	0	319
0RB1LC_1RC1RB_1LA1LD_---1LA	3	2	0	251
0RB1LC_1RC1RB_1LA1LD_0RB0LD	4	2	0	221
0RB1LC_1RC1RB_1LA1RD_0LA0RC	2	2	0	740
0RB1LC_1RC1RB_1LC0LD_1LA1RA	3	2	0	309
0RB1LC_1RC1RB_1LC0RD_1LA1LD	2	2	0	138
0RB1LC_1RC1RB_1LC1LA_------	2	2	0	96
0RB1LC_1RC1RB_1LC1LD_0LA1LA	3	2	0	275
0RB1LC_1RC1RB_1LC1LD_0RB0RA	2	2	0	128
0RB1LC_1RC1RB_1LC1LD_1LA0RC	3	2	0	319
0RB1LC_1RC1RB_1LC1LD_1LA1LA	3	2	0	251
0RB1LC_1RC1RB_1LC1LD_1LB1LA	3	2	0	460
0RB1LC_1RC1RB_1LC1LD_1RB1LA	3	2	0	244
0RB1LC_1RC1RB_1LC1LD_1RC1LA	3	2	0	265
0RB1LC_1RC1RB_1LD0RB_1RA0LC	2	2	0	112
0RB1LC_1RC1RB_1LD1LA_---1LA	2	2	0	96
0RB1LC_1RC1RB_1LD1LA_---1RA	2	2	0	106
0RB1LC_1RC1RB_1LD1LA_0RB0LA	2	2	0	257
0RB1LC_1RC1RB_1LD1LA_0RB0LC	2	2	0	193
0RB1LC_1RC1RB_1LD1LA_0RC0LA	2	2	0	269
0RB1LC_1RC1RB_1LD1LA_0RC0LC	2	2	0	195
0RB1LC_1RC1RB_1LD1LA_1LA0LA	2	2	0	190
0RB1LC_1RC1RB_1LD1LA_1LA0LC	2	2	0	160
0RB1LC_1RC1RB_1LD1LA_1RA0LA	2	2	0	197
0RB1LC_1RC1RB_1LD1LA_1RA0LC	2	2	0	170
0RB1LC_1RC1RB_1LD1LA_1RA0LD	2	3	0	307
0RB1LC_1RC1RB_1LD1LA_1RB0LA	2	2	0	184
0RB1LC_1RC1RB_1LD1LA_1RB0LC	2	2	0	150
0RB1LC_1RC1RB_1LD1LA_1RD0LC	2	2	0	199
0RB1LC_1RC1RB_1LD1LC_0RB0LA	2	2	0	273
0RB1LC_1RC1RB_1LD1LC_1RB0LA	2	2	0	157
0RB1LC_1RC1RB_1RD1LA_0LA---	2	2	0	106
0RB1LC_1RC1RB_1RD1LA_0LC0LD	2	2	0	102
0RB1LC_1RC1RB_1RD1LA_0LC1RD	2	2	0	96
0RB1LC_1RC1RB_1RD1LA_1LD0LC	2	2	0	313
0RB1LC_1RC1RB_1RD1LD_0LA1LA	3	2	0	295
0RB1LC_1RC1RB_1RD1LD_1LA0RC	3	2	0	149
0RB1LC_1RC1RB_1RD1LD_1LA1LA	3	2	0	119
0RB1LC_1RC1RB_1RD1LD_1LC1LA	3	2	0	144
0RB1LC_1RC1RC_0RD1LA_1LC1RD	2	2	0	242
0RB1LC_1RC1RC_1LA0RD_---0LA	2	2	0	165
0RB1LC_1RC1RC_1LA0RD_---1LA	2	2	0	165
0RB1LC_1RC1RC_1LA0RD_---1RC	2	2	0	119
0RB1LC_1RC1RC_1LA1RD_0LA0RC	2	2	0	232
0RB1LC_1RC1RC_1LA1RD_1LA0RC	2	2	0	215
0RB1LC_1RC1RC_1LD0RC_0RA1LA	2	2	0	297
0RB1LC_1RC1RC_1RD0LD_1LA1RD	2	2	0	155
0RB1LC_1RC1RC_1RD1LA_0LA1RD	2	2	0	190
0RB1LC_1RC1RC_1RD1LA_0LC1RD	2	2	0	186
0RB1LC_1RC1RC_1RD1LA_1LA1RD	2	2	0	132
0RB1LC_1RC1RD_0LC1LA_1LB1RB	2	2	0	106
0RB1LC_1RC1RD_0LC1LA_1LC1RB	2	2	0	180
0RB1LC_1RC1RD_0LC1LA_1RB0LB	2	2	0	128
0RB1LC_1RC1RD_0LC1LA_1RB1RB	2	2	0	96
0RB1LC_1RC1RD_0LC1LA_1RB1RD	2	2	0	96
0RB1LC_1RC1RD_0RD0LD_1LA1RD	2	2	0	197
0RB1LC_1RC1RD_0RD1LA_1LA1RD	2	2	0	210
0RB1LC_1RC1RD_0RD1LA_1LC1RD	2	2	0	210
0RB1LC_1RC1RD_1LA0LC_1RD1LC	2	2	0	193
0RB1LC_1RC1RD_1LA0LC_1RD1RA	2	2	0	542
0RB1LC_1RC1RD_1LA0LD_0LD1RA	2	2	0	196
0RB1LC_1RC1RD_1LA0RD_0LA1RC	2	2	0	156
0RB1LC_1RC1RD_1LA0RD_1LA1RC	2	2	0	156
0RB1LC_1RC1RD_1LA0RD_1LC1RC	2	2	0	159
0RB1LC_1RC1RD_1LA0RD_1LD1RC	2	2	0	168
0RB1LC_1RC1RD_1LA0RD_1RA1RC	2	2	0	122
0RB1LC_1RC1RD_1LA0RD_1RC1RC	2	2	0	144
0RB1LC_1RC1RD_1LA1LD_1RA0RB	2	2	0	152
0RB1LC_1RC1RD_1LA1LD_1RB0LC	2	2	0	201
0RB1LC_1RC1RD_1LB1LA_0RC0RD	2	2	0	118
0RB1LC_1RC1RD_1LB1LA_1LA0RD	2	2	0	120
0RB1LC_1RC1RD_1LB1LA_1LB0RD	2	2	0	229
0RB1LC_1RC1RD_1LB1LA_1LC0RD	2	2	0	219
0RB1LC_1RC1RD_1LB1LC_1LA0RD	2	2	0	120
0RB1LC_1RC1RD_1LC1LA_---1RB	2	2	0	96
0RB1LC_1RC1RD_1LC1LA_1LA0RD	2	2	0	106
0RB1LC_1RC1RD_1LC1LA_1LB0RD	2	2	0	189
0RB1LC_1RC1RD_1LC1LA_1RB0LB	2	2	0	138
0RB1LC_1RC1RD_1LC1LA_1RB0RD	2	2	0	128
0RB1LC_1RC1RD_1LC1LA_1RC1RD	2	2	0	96
0RB1LC_1RC1RD_1LC1LB_1LA0RD	2	2	0	150
0RB1LC_1RC1RD_1LC1LD_1LA0RD	2	2	0	145
0RB1LC_1RC1RD_1LC1RB_1LA0RD	2	2	0	200
0RB1LC_1RC1RD_1LC1RD_1LA0RD	2	2	0	96
0RB1LC_1RC1RD_1LD0RB_1RA0LC	2	2	0	91
0RB1LC_1RC1RD_1LD1RA_0LA0LC	4	2	0	510
0RB1LD_0LC---_1LD1RD_1RC0LA	2	2	0	67
0RB1LD_0LC0LD_1LD1RC_0RC1LA	2	2	0	169
0RB1LD_0LC0RC_1RD1LC_1LA1RB	2	2	0	200
0RB1LD_0LC0RC_1RD1RB_1LA---	2	2	0	87
0RB1LD_0LC0RD_1LA1RD_1RC0LA	2	2	0	291
0RB1LD_0LC1LC_1LD1RC_0RC1LA	2	2	0	143
0RB1LD_0LC1LD_0LD1RC_1RC1LA	2	2	0	164
0RB1LD_0LC1LD_1LA1RC_0RC0LC	2	2	0	217
0RB1LD_0LC1LD_1LA1RC_0RC1LA	2	2	0	163
0RB1LD_0LC1LD_1LA1RC_1RC1LA	2	2	0	126
0RB1LD_0LC1LD_1LA1RD_1RC0LA	2	2	0	225
0RB1LD_0LC1LD_1LD1RC_0RC1LA	2	2	0	161
0RB1LD_0LC1RA_1LA---_0LC0RB	3	2	0	300
0RB1LD_0LC1RA_1LA---_0LC0RD	3	2	0	420
0RB1LD_0LC1RA_1LA---_1LB0RB	4	2	0	524
0RB1LD_0LC1RA_1LA1RD_1RB0LD	2	2	0	464
0RB1LD_0LC1RB_1LA1RC_0RC0LC	2	2	0	217
0RB1LD_0LC1RB_1LA1RC_0RC1LA	2	2	0	163
0RB1LD_0LC1RB_1LA1RD_1LA0RC	2	2	0	400
0RB1LD_0LC1RB_1LA1RD_1RC0LA	2	2	0	225
0RB1LD_0LC1RB_1LD1RC_0RC1LA	2	2	0	161
0RB1LD_0LC1RB_1RB1LD_1RA1LC	2	2	0	100
0RB1LD_0LC1RB_1RB1RD_1LA0RC	2	2	0	376
0RB1LD_0LC1RB_1RD1RA_1LC1LA	2	2	0	105
0RB1LD_0LC1RB_1RD1RA_1LD1LA	2	2	0	95
0RB1LD_0LC1RB_1RD1RC_1LD1LA	2	2	0	87
0RB1LD_0LC1RC_1LA1RB_0RC1LA	2	2	0	153
0RB1LD_0LC1RC_1LA1RB_1LA0LB	2	2	0	177
0RB1LD_0LC1RC_1LA1RB_1LA0RA	2	2	0	177
0RB1LD_0LC1RC_1LA1RB_1LA1LA	2	2	0	131
0RB1LD_0LC1RC_1LA1RB_1LA1LD	2	2	0	131
0RB1LD_0LC1RC_1LA1RB_1RA1LA	2	2	0	143
0RB1LD_0LC1RC_1LA1RB_1RC0LB	2	2	0	170
0RB1LD_0LC1RC_1LA1RB_1RC1LA	2	2	0	124
0RB1LD_0LC1RC_1LA1RB_1RC1LD	2	2	0	124
0RB1LD_0LC1RC_1LA1RC_0RC0LC	2	2	0	205
0RB1LD_0LC1RC_1LA1RC_0RC1LA	2	2	0	153
0RB1LD_0LC1RC_1LA1RD_1LA0RC	2	2	0	135
0RB1LD_0LC1RC_1LD1RB_1RB1LA	2	2	0	114
0RB1LD_0LC1RC_1LD1RC_0RC1LA	2	2	0	153
0RB1LD_0LC1RC_1LD1RD_1LA0RC	2	2	0	163
0RB1LD_0LC1RC_1RB1RD_1LA0RC	2	2	0	135
0RB1LD_0LC1RC_1RD1RB_1LA0RA	2	2	0	119
0RB1LD_0LC1RC_1RD1RB_1LA1LA	2	2	0	87
0RB1LD_0LC1RC_1RD1RC_1LD1LA	2	2	0	79
0RB1LD_0LC1RC_1RD1RD_1LA0RC	2	2	0	123
0RB1LD_0LC1RD_0LD1RC_1RC1LA	2	2	0	192
0RB1LD_0LC1RD_1LA0RB_1RB0LA	2	2	0	183
0RB1LD_0LC1RD_1LA0RD_1LA1RC	2	2	0	226
0RB1LD_0LC1RD_1LA1LA_1RB0LA	2	2	0	175
0RB1LD_0LC1RD_1LA1LC_1RB0LA	2	2	0	1178
0RB1LD_0LC1RD_1LA1LD_1RA0LB	3	2	0	297
0RB1LD_0LC1RD_1LA1RA_1RB0LA	2	2	0	253
0RB1LD_0LC1RD_1LA1RC_1RB0LA	2	2	0	225
0RB1LD_0LC1RD_1LA1RC_1RC0LC	2	2	0	181
0RB1LD_0LC1RD_1LA1RC_1RC1LA	2	2	0	143
0RB1LD_0LC1RD_1LA1RD_1RC0LA	2	2	0	217
0RB1LD_0LC1RD_1LD1LA_1RB0LA	2	2	0	157
0RB1LD_0LC1RD_1LD1LC_1RB0LA	2	2	0	219
0RB1LD_0LC1RD_1LD1RC_0RC1LA	2	2	0	169
0RB1LD_0LC1RD_1RB1LA_1RB0LA	2	2	0	185
0RB1LD_0LC1RD_1RB1LC_1LA1RB	2	2	0	150
0RB1LD_0LC1RD_1RB1LC_1RB0LA	2	2	0	399
0RB1LD_0LC1RD_1RD1LA_1RB0LA	2	2	0	170
0RB1LD_0LC1RD_1RD1LC_1LA1RB	2	2	0	158
0RB1LD_0LC1RD_1RD1LC_1RB0LA	2	2	0	1112
0RB1LD_0RC---_1LD1RC_1LB1LA	2	2	0	121
0RB1LD_0RC---_1LD1RD_1RC0LA	2	2	0	109
0RB1LD_0RC0LA_1RD1RC_1LB1LD	2	2	0	139
0RB1LD_0RC0LB_1LD1RC_0RC1LA	2	2	0	169
0RB1LD_0RC0LD_1LA1RD_1RC0LA	2	2	0	333
0RB1LD_0RC0LD_1LD1RC_0RC1LA	2	2	0	169
0RB1LD_0RC0RA_1RD1RC_1LD1LB	2	2	0	105
0RB1LD_0RC0RD_1LA1RD_1RC0LA	2	2	0	333
0RB1LD_0RC0RD_1LB1LD_1LA1RB	2	2	0	106
0RB1LD_0RC0RD_1LD---_1LA1RB	2	2	0	96
0RB1LD_0RC0RD_1LD1RB_1LA1LB	2	2	0	138
0RB1LD_0RC1LA_1LB1RD_1RC0LA	2	2	0	159
0RB1LD_0RC1LB_1LA1RC_0RC0LC	2	2	0	217
0RB1LD_0RC1LB_1LA1RC_0RC1LA	2	2	0	163
0RB1LD_0RC1LB_1LA1RD_1RC0LA	2	2	0	321
0RB1LD_0RC1LB_1LB1RD_1LA1RC	2	2	0	107
0RB1LD_0RC1LB_1LB1RD_1RC0LA	2	2	0	1308
0RB1LD_0RC1LB_1LD1RC_0RC1LA	2	2	0	161
0RB1LD_0RC1LB_1RD1RC_1LA0LB	2	2	0	918
0RB1LD_0RC1LB_1RD1RC_1LD1LA	2	2	0	87
0RB1LD_0RC1LC_1LD1RC_0RC1LA	2	2	0	143
0RB1LD_0RC1LD_0LD1RC_1RC1LA	2	2	0	164
0RB1LD_0RC1LD_1LA1RC_0RC0LC	2	2	0	217
0RB1LD_0RC1LD_1LA1RC_0RC1LA	2	2	0	163
0RB1LD_0RC1LD_1LA1RC_1RC1LA	2	2	0	126
0RB1LD_0RC1LD_1LA1RD_1RC0LA	2	2	0	313
0RB1LD_0RC1LD_1LB1RC_1RA1LB	2	2	0	143
0RB1LD_0RC1LD_1LB1RD_1RC0LA	2	2	0	319
0RB1LD_0RC1LD_1LD1RC_0RC1LA	2	2	0	161
0RB1LD_0RC1LD_1LD1RC_1RA1LB	2	2	0	133
0RB1LD_0RC1RB_0LD1RC_1RC1LA	2	2	0	260
0RB1LD_0RC1RB_1LB1RD_1LA0RC	2	2	0	362
0RB1LD_0RC1RB_1RD1LA_0LD1LC	3	2	0	323
0RB1LD_0RC1RB_1RD1LA_1LD1LC	3	2	0	154
0RB1LD_0RC1RC_1LA1RC_0RC0LC	2	2	0	205
0RB1LD_0RC1RC_1LA1RC_0RC1LA	2	2	0	153
0RB1LD_0RC1RC_1LA1RD_1LA0RC	2	2	0	135
0RB1LD_0RC1RC_1LA1RD_1RC0LA	2	2	0	329
0RB1LD_0RC1RC_1LB1RD_1LA0RC	2	2	0	135
0RB1LD_0RC1RC_1LD1RC_0RC1LA	2	2	0	153
0RB1LD_0RC1RC_1LD1RD_1LA0RC	2	2	0	163
0RB1LD_0RC1RC_1RD1RC_1LD1LA	2	2	0	79
0RB1LD_0RC1RC_1RD1RD_1LA0RC	2	2	0	123
0RB1LD_0RC1RD_0LD1RC_1RC1LA	2	2	0	192
0RB1LD_0RC1RD_1LA0RD_1LA1RC	2	2	0	226
0RB1LD_0RC1RD_1LA1RC_1RC0LC	2	2	0	181
0RB1LD_0RC1RD_1LA1RC_1RC1LA	2	2	0	143
0RB1LD_0RC1RD_1LA1RD_1RC0LA	2	2	0	319
0RB1LD_0RC1RD_1LD1RC_0RC1LA	2	2	0	169
0RB1LD_1LA0LC_1LD1RD_1RC0LA	2	2	0	73
0RB1LD_1LA0RC_1LD1RD_1LB0RB	3	2	0	253
0RB1LD_1LA0RC_1LD1RD_1RC0LA	2	2	0	115
0RB1LD_1LA0RC_1RB0LD_1LC---	2	2	0	110
0RB1LD_1LA0RC_1RB1RD_1LB0RB	3	2	0	236
0RB1LD_1LA0RC_1RB1RD_1RC0LA	2	2	0	181
0RB1LD_1LA1LC_0LD0LC_1RD1RB	2	2	0	243
0RB1LD_1LA1LC_0RC1RD_1LA0RC	2	2	0	133
0RB1LD_1LA1LC_0RD0LC_1RD1RB	2	2	0	347
0RB1LD_1LA1LC_1LD1RC_0RC1LA	2	2	0	141
0RB1LD_1LA1LC_1RB1RD_1RC0LA	2	2	0	151
0RB1LD_1LA1LC_1RC0RD_1LD1LA	2	2	0	317
0RB1LD_1LA1LC_1RD0LC_1RD1RB	2	2	0	239
0RB1LD_1LA1LC_1RD1LC_0LA0RC	2	2	0	133
0RB1LD_1LA1RC_0LA1RD_1LA0RC	2	2	0	184
0RB1LD_1LA1RC_0LC1RB_0LA0LC	2	2	0	197
0RB1LD_1LA1RC_0LC1RB_1LA0LC	2	2	0	187
0RB1LD_1LA1RC_0LC1RB_1RB0LC	2	2	0	163
0RB1LD_1LA1RC_0LC1RB_1RC0LC	2	2	0	173
0RB1LD_1LA1RC_0LD1RB_1RB1LD	2	2	0	128
0RB1LD_1LA1RC_0LD1RB_1RC1LD	2	2	0	125
0RB1LD_1LA1RC_0RD0RB_1LD1LB	4	2	0	444
0RB1LD_1LA1RC_0RD1RB_1LD1LA	2	2	0	89
0RB1LD_1LA1RC_0RD1RC_1LD1LA	2	2	0	89
0RB1LD_1LA1RC_1LA0RD_0LA1RA	2	2	0	202
0RB1LD_1LA1RC_1LA1RC_0RC0LC	2	2	0	177
0RB1LD_1LA1RC_1LA1RC_0RC1LA	2	2	0	173
0RB1LD_1LA1RC_1LA1RD_1LA0RC	2	2	0	158
0RB1LD_1LA1RC_1LA1RD_1RC0LA	2	2	0	259
0RB1LD_1LA1RC_1LB1RB_---1LA	2	2	0	99
0RB1LD_1LA1RC_1LB1RD_1LA0RC	2	2	0	163
0RB1LD_1LA1RC_1LC1RD_1LA0RC	2	2	0	150
0RB1LD_1LA1RC_1LD0RC_1RD1LA	2	2	0	299
0RB1LD_1LA1RC_1LD1RB_---1LA	2	2	0	173
0RB1LD_1LA1RC_1LD1RB_0RB1LD	2	2	0	173
0RB1LD_1LA1RC_1LD1RB_0RC1LD	2	2	0	173
0RB1LD_1LA1RC_1LD1RB_1RB1LD	2	2	0	115
0RB1LD_1LA1RC_1LD1RC_0RC1LA	2	2	0	173
0RB1LD_1LA1RC_1LD1RD_1LA0RC	2	2	0	163
0RB1LD_1LA1RC_1LD1RD_1RC0LA	2	2	0	87
0RB1LD_1LA1RC_1RB0LB_---0RC	2	2	0	123
0RB1LD_1LA1RC_1RB0LB_---1LA	2	2	0	121
0RB1LD_1LA1RC_1RB0LD_0LA1LC	2	2	0	123
0RB1LD_1LA1RC_1RB0LD_0RA1LC	2	2	0	161
0RB1LD_1LA1RC_1RB0LD_0RC1LC	2	2	0	145
0RB1LD_1LA1RC_1RB0LD_0RD1LC	2	2	0	157
0RB1LD_1LA1RC_1RB0LD_1LA1LC	2	2	0	119
0RB1LD_1LA1RC_1RB0LD_1LC1LC	2	2	0	110
0RB1LD_1LA1RC_1RB0LD_1RA1LC	2	2	0	318
0RB1LD_1LA1RC_1RB0LD_1RC1LC	2	2	0	115
0RB1LD_1LA1RC_1RB0LD_1RD1LC	2	2	0	126
0RB1LD_1LA1RC_1RB0RB_0LD0LB	4	2	0	184
0RB1LD_1LA1RC_1RB0RB_0LD1LB	4	2	0	591
0RB1LD_1LA1RC_1RB0RB_1LD1LB	4	2	0	444
0RB1LD_1LA1RC_1RB0RC_1LD0LA	2	2	0	97
0RB1LD_1LA1RC_1RB0RC_1LD0LB	2	2	0	209
0RB1LD_1LA1RC_1RB0RC_1LD0RB	2	2	0	172
0RB1LD_1LA1RC_1RB0RC_1LD1LA	2	2	0	89
0RB1LD_1LA1RC_1RB0RC_1LD1LB	2	2	0	136
0RB1LD_1LA1RC_1RB0RC_1LD1RB	2	2	0	182
0RB1LD_1LA1RC_1RB0RC_1LD1RC	2	2	0	81
0RB1LD_1LA1RC_1RB0RC_1RD1LA	2	2	0	141
0RB1LD_1LA1RC_1RB1LD_1RB0LC	2	2	0	124
0RB1LD_1LA1RC_1RB1RB_---1LA	2	2	0	89
0RB1LD_1LA1RC_1RB1RC_---0LA	2	2	0	118
0RB1LD_1LA1RC_1RB1RC_---1LA	2	2	0	89
0RB1LD_1LA1RC_1RB1RD_1LA0RC	2	2	0	123
0RB1LD_1LA1RC_1RB1RD_1RC0LA	2	2	0	201
0RB1LD_1LA1RC_1RD1LC_0LA0RC	2	2	0	130
0RB1LD_1LA1RC_1RD1RD_1LA0RC	2	2	0	123
0RB1LD_1LC---_1RD1LC_0LA0RC	2	2	0	127
0RB1LD_1LC0LA_0LD1RC_1RB1LA	2	2	0	107
0RB1LD_1LC0LA_0RC1RD_1LA0RC	2	2	0	141
0RB1LD_1LC0LA_1LD1RC_0RC1LA	2	2	0	147
0RB1LD_1LC0LA_1RC0RD_1LD1LA	2	2	0	417
0RB1LD_1LC0LA_1RC1RB_0LC0LD	2	2	0	103
0RB1LD_1LC0LA_1RC1RB_1RC0LD	2	2	0	200
0RB1LD_1LC0LB_1LD1RC_0RC1LA	2	2	0	147
0RB1LD_1LC0LC_1LD1RC_1RC1LA	2	2	0	125
0RB1LD_1LC0LC_1RA---_---1LA	2	2	0	242
0RB1LD_1LC0LC_1RA0RD_1LD0LC	2	2	0	276
0RB1LD_1LC0LC_1RA1RD_1LA0RC	2	2	0	253
0RB1LD_1LC0LC_1RC0LA_1LA0LD	2	2	0	193
0RB1LD_1LC0LC_1RC1LA_1LA0LD	2	2	0	203
0RB1LD_1LC0LD_1LA0LC_1RD1RC	2	2	0	144
0RB1LD_1LC0LD_1LD1RC_0RC1LA	2	2	0	161
0RB1LD_1LC0RA_0RC1RD_1LB1RC	2	2	0	233
0RB1LD_1LC0RA_1RD0LB_1LB0RC	2	2	0	104
0RB1LD_1LC0RC_1LA0LD_1RA1LA	2	2	0	220
0RB1LD_1LC0RC_1LA1RA_0LC0LB	3	2	0	596
0RB1LD_1LC0RC_1LA1RA_1LA0LB	3	2	0	405
0RB1LD_1LC0RC_1LA1RA_1LA1RB	2	2	0	101
0RB1LD_1LC0RC_1LA1RA_1RB0LB	4	2	0	462
0RB1LD_1LC0RC_1LA1RD_0LA0RB	3	2	0	664
0RB1LD_1LC0RC_1LA1RD_1LC0RB	3	2	0	258
0RB1LD_1LC0RC_1LD0LA_1RB1RC	2	2	0	452
0RB1LD_1LC0RC_1LD1RA_1RB0LB	4	2	0	681
0RB1LD_1LC0RC_1LD1RA_1RB0LC	2	2	0	100
0RB1LD_1LC0RC_1RA1RC_---1LA	2	2	0	158
0RB1LD_1LC0RD_0RA0LD_1RB0LC	2	2	0	196
0RB1LD_1LC0RD_0RA0LD_1RB0RB	2	2	0	167
0RB1LD_1LC0RD_0RA0LD_1RB1LA	2	2	0	403
0RB1LD_1LC0RD_0RA0LD_1RB1LC	3	2	0	434
0RB1LD_1LC0RD_0RA1LB_0RD1RB	2	2	0	133
0RB1LD_1LC0RD_0RA1LB_1LA1RB	2	2	0	149
0RB1LD_1LC0RD_1RA0LB_1RB1LD	2	2	0	113
0RB1LD_1LC0RD_1RA0LB_1RB1RD	2	2	0	113
0RB1LD_1LC0RD_1RB0RA_1LD1LC	2	2	0	257
0RB1LD_1LC0RD_1RB1LA_1RC1LC	3	2	0	253
0RB1LD_1LC0RD_1RD0LB_1RB1LA	2	2	0	179
0RB1LD_1LC0RD_1RD0LD_1RB1LA	2	2	0	393
0RB1LD_1LC1LA_1RC1RB_0LC0LD	2	2	0	97
0RB1LD_1LC1LA_1RC1RB_1RC0LD	2	2	0	186
0RB1LD_1LC1LB_1LD1RC_0RC1LA	2	2	0	135
0RB1LD_1LC1LB_1LD1RC_1RC1LA	2	2	0	113
0RB1LD_1LC1LC_0RC1RD_1LA0RC	2	2	0	131
0RB1LD_1LC1LC_1LD1RC_0RC1LA	2	2	0	139
0RB1LD_1LC1LC_1RC0RD_1LD1LA	2	2	0	315
0RB1LD_1LC1LD_0LD1RC_1RC1LA	2	2	0	164
0RB1LD_1LC1LD_1LA1RC_0RC0LC	2	2	0	213
0RB1LD_1LC1LD_1LA1RC_0RC1LA	2	2	0	159
0RB1LD_1LC1LD_1LD1RC_0RC1LA	2	2	0	155
0RB1LD_1LC1LD_1LD1RC_1RC1LA	2	2	0	130
0RB1LD_1LC1RA_1LA---_0LB0RB	4	2	0	328
0RB1LD_1LC1RA_1LA0LA_1RC0LC	4	2	0	578
0RB1LD_1LC1RA_1LA0RC_1LD1RC	2	2	0	136
0RB1LD_1LC1RA_1LA1LD_1RD0LC	4	2	0	578
0RB1LD_1LC1RA_1LD0LD_1RB0RD	2	2	0	284
0RB1LD_1LC1RA_1RC1LB_0LC0LD	2	2	0	100
0RB1LD_1LC1RA_1RC1LB_1RC0LD	2	2	0	194
0RB1LD_1LC1RA_1RD0LD_1RB0RD	2	2	0	292
0RB1LD_1LC1RB_0LD1RC_1RC1LA	2	2	0	274
0RB1LD_1LC1RB_0RA1LD_0RB0LB	2	2	0	187
0RB1LD_1LC1RB_0RA1LD_0RB1LC	2	2	0	183
0RB1LD_1LC1RB_0RA1LD_1RB1LC	2	2	0	133
0RB1LD_1LC1RB_0RB1LD_1RA1LC	2	2	0	139
0RB1LD_1LC1RB_1LA0RA_1LD1LC	2	2	0	193
0RB1LD_1LC1RB_1LA1RC_0RC0LC	2	2	0	169
0RB1LD_1LC1RB_1LA1RC_0RC1LA	2	2	0	96
0RB1LD_1LC1RB_1LA1RD_0LC0RD	3	2	0	429
0RB1LD_1LC1RB_1LA1RD_1RC0LA	2	2	0	235
0RB1LD_1LC1RB_1LD1RC_0RC1LA	2	2	0	89
0RB1LD_1LC1RB_1LD1RC_1RC1LA	2	2	0	102
0RB1LD_1LC1RB_1RA0RC_1LD1LA	2	2	0	76
0RB1LD_1LC1RB_1RA0RC_1RD1LA	2	2	0	84
0RB1LD_1LC1RB_1RA1RC_---1LA	2	2	0	76
0RB1LD_1LC1RB_1RA1RD_1LA0RC	2	2	0	392
0RB1LD_1LC1RB_1RB0RA_1LD1LC	2	2	0	177
0RB1LD_1LC1RC_0LD1LA_1RD0RB	2	2	0	376
0RB1LD_1LC1RC_0RD1RB_1LD1LA	2	2	0	91
0RB1LD_1LC1RC_0RD1RC_1LD1LA	2	2	0	91
0RB1LD_1LC1RC_1LA0RC_1LD0LA	2	2	0	142
0RB1LD_1LC1RC_1LA0RC_1LD0LB	2	2	0	367
0RB1LD_1LC1RC_1LA0RC_1LD0RB	2	2	0	186
0RB1LD_1LC1RC_1LA0RC_1LD1LA	2	2	0	104
0RB1LD_1LC1RC_1LA0RC_1LD1LB	2	2	0	94
0RB1LD_1LC1RC_1LA0RC_1LD1LC	2	2	0	134
0RB1LD_1LC1RC_1LA0RC_1LD1RB	2	2	0	196
0RB1LD_1LC1RC_1LA0RC_1LD1RC	2	2	0	101
0RB1LD_1LC1RC_1LA0RC_1RD1LA	2	2	0	164
0RB1LD_1LC1RC_1LA1RC_0RC0LC	2	2	0	201
0RB1LD_1LC1RC_1LA1RC_0RC1LA	2	2	0	149
0RB1LD_1LC1RC_1LA1RD_1LA0RC	2	2	0	142
0RB1LD_1LC1RC_1LD1RC_0RC1LA	2	2	0	149
0RB1LD_1LC1RC_1LD1RD_1LA0RC	2	2	0	157
0RB1LD_1LC1RC_1RA0RC_1LD1LA	2	2	0	143
0RB1LD_1LC1RC_1RA0RC_1RD1LA	2	2	0	219
0RB1LD_1LC1RC_1RA1RB_---1LA	2	2	0	76
0RB1LD_1LC1RC_1RA1RD_1LA0RC	2	2	0	138
0RB1LD_1LC1RC_1RB1RA_1LD0LA	3	2	0	287
0RB1LD_1LC1RC_1RB1RD_0RD0LA	2	2	0	137
0RB1LD_1LC1RC_1RD1RD_1LA0RC	2	2	0	117
0RB1LD_1LC1RD_0LD1RC_1RC1LA	2	2	0	166
0RB1LD_1LC1RD_0LD1RD_1RB0LA	2	2	0	126
0RB1LD_1LC1RD_0RA---_1LA0RB	2	2	0	132
0RB1LD_1LC1RD_0RA1LC_1RD1RB	2	2	0	133
0RB1LD_1LC1RD_0RA1LD_1RB0LC	2	2	0	309
0RB1LD_1LC1RD_0RB1LC_1LA1RB	2	2	0	100
0RB1LD_1LC1RD_0RC1LA_1LA0RC	2	2	0	169
0RB1LD_1LC1RD_0RC1LD_1LA0RB	2	2	0	132
0RB1LD_1LC1RD_0RC1RD_1LA0RC	2	2	0	121
0RB1LD_1LC1RD_0RD1LC_1LA1RB	2	2	0	118
0RB1LD_1LC1RD_1LA---_1LA0RB	2	2	0	120
0RB1LD_1LC1RD_1LA0LC_1RD1RC	2	2	0	159
0RB1LD_1LC1RD_1LA0RD_1LA1RC	2	2	0	206
0RB1LD_1LC1RD_1LA0RD_1RB0LA	2	2	0	143
0RB1LD_1LC1RD_1LA1LA_1RB0LA	2	2	0	135
0RB1LD_1LC1RD_1LA1LC_1RB0LA	2	2	0	233
0RB1LD_1LC1RD_1LA1LD_1RB0LA	2	2	0	233
0RB1LD_1LC1RD_1LA1RC_0RC0LC	2	2	0	265
0RB1LD_1LC1RD_1LA1RC_0RC1LA	2	2	0	169
0RB1LD_1LC1RD_1LA1RC_1RB0LA	2	2	0	141
0RB1LD_1LC1RD_1LA1RD_1RC0LA	2	2	0	233
0RB1LD_1LC1RD_1LD1RC_0RC1LA	2	2	0	161
0RB1LD_1LC1RD_1LD1RC_1RC1LA	2	2	0	140
0RB1LD_1LC1RD_1RA1LD_1RB0LC	2	2	0	800
0RB1LD_1LC1RD_1RC1LA_1LA0RC	2	2	0	158
0RB1LD_1LC1RD_1RD1LA_1RB0LA	2	2	0	131
0RB1LD_1LC1RD_1RD1LC_1RB0LA	2	2	0	221
0RB1LD_1LC1RD_1RD1LD_1RB0LA	2	2	0	225
0RB1LD_1RC---_0LA0RD_1LC0RB	3	2	0	230
0RB1LD_1RC---_0LA1RA_1LC0LD	3	2	0	534
0RB1LD_1RC---_0LA1RC_1LB1LA	2	2	0	85
0RB1LD_1RC---_0LA1RC_1LC1LA	2	2	0	93
0RB1LD_1RC---_1LA0RD_0LA1RA	2	2	0	150
0RB1LD_1RC---_1LA1RC_0LA0LC	2	2	0	173
0RB1LD_1RC---_1LA1RC_0LA1LA	2	2	0	127
0RB1LD_1RC---_1LA1RD_1RC0LA	2	2	0	247
0RB1LD_1RC---_1LD1RB_---0LA	2	2	0	77
0RB1LD_1RC---_1LD1RD_1RC0LA	2	2	0	77
0RB1LD_1RC---_1RD1LC_0LA0RC	2	2	0	124
0RB1LD_1RC0LA_0LA1RD_1LA0RC	2	2	0	182
0RB1LD_1RC0LA_0RD1RB_1LD0LA	2	2	0	181
0RB1LD_1RC0LA_0RD1RC_1LD1LA	2	2	0	95
0RB1LD_1RC0LA_0RD1RC_1LD1LB	3	2	0	330
0RB1LD_1RC0LA_1LA1RC_0RC0LC	2	2	0	183
0RB1LD_1RC0LA_1LA1RC_0RC1LA	2	2	0	179
0RB1LD_1RC0LA_1LA1RD_1LA0RC	2	2	0	174
0RB1LD_1RC0LA_1LB0RD_1RB0LA	3	2	0	173
0RB1LD_1RC0LA_1LB1RB_---0LA	2	2	0	77
0RB1LD_1RC0LA_1LC1RB_0LA1LC	2	2	0	185
0RB1LD_1RC0LA_1LC1RB_1LA1LC	2	2	0	195
0RB1LD_1RC0LA_1LC1RB_1RC1LC	2	2	0	171
0RB1LD_1RC0LA_1LC1RD_1LA0RC	2	2	0	152
0RB1LD_1RC0LA_1LD0RC_1RD1LA	2	2	0	315
0RB1LD_1RC0LA_1LD0RD_1RB0LA	3	2	0	173
0RB1LD_1RC0LA_1LD1RC_0RC1LA	2	2	0	181
0RB1LD_1RC0LA_1LD1RD_1LA0RC	2	2	0	169
0RB1LD_1RC0LA_1RD0RD_1LB1RC	3	2	0	388
0RB1LD_1RC0LA_1RD1LB_0LB1RC	2	2	0	127
0RB1LD_1RC0LA_1RD1RB_1LC0LA	2	2	0	97
0RB1LD_1RC0LA_1RD1RC_1LB1LD	2	2	0	121
0RB1LD_1RC0LA_1RD1RD_1LA0RC	2	2	0	125
0RB1LD_1RC0LB_0RD---_1LD1LA	2	2	0	306
0RB1LD_1RC0LB_1LA1RC_0RC1LA	2	2	0	141
0RB1LD_1RC0LB_1RD1RD_1LA0RC	2	2	0	200
0RB1LD_1RC0LC_0LA0RD_1LB1RA	4	2	0	228
0RB1LD_1RC0LC_0RD0LA_1LD1RB	3	2	0	149
0RB1LD_1RC0LC_0RD1RB_1LD0LA	2	2	0	116
0RB1LD_1RC0LC_1LA1RB_0LA1LA	2	2	0	179
0RB1LD_1RC0LC_1LA1RB_0RC0LB	2	2	0	261
0RB1LD_1RC0LC_1LA1RB_1LB0RB	2	2	0	77
0RB1LD_1RC0LC_1LA1RB_1LB1LA	2	2	0	100
0RB1LD_1RC0LC_1LA1RB_1RB0LB	2	2	0	130
0RB1LD_1RC0LC_1LA1RB_1RC1LA	2	2	0	161
0RB1LD_1RC0LC_1LA1RC_0RC1LB	3	2	0	624
0RB1LD_1RC0LC_1LA1RC_1LB0RA	3	2	0	372
0RB1LD_1RC0LC_1LA1RC_1LB1LB	3	2	0	304
0RB1LD_1RC0LC_1LA1RC_1RA1LB	3	2	0	318
0RB1LD_1RC0LC_1LD1RC_1RC1LA	2	2	0	123
0RB1LD_1RC0LC_1RD0RC_1LB1LA	2	2	0	205
0RB1LD_1RC0LD_0LA0RB_1LB---	2	2	0	118
0RB1LD_1RC0LD_0LA1RB_0LA1LB	2	2	0	155
0RB1LD_1RC0LD_0LA1RB_1LB1LB	2	2	0	129
0RB1LD_1RC0LD_0LA1RB_1LC1LB	2	2	0	139
0RB1LD_1RC0LD_0LA1RB_1RA1LB	2	2	0	1185
0RB1LD_1RC0LD_0LA1RB_1RB1LB	2	2	0	164
0RB1LD_1RC0LD_0LA1RB_1RC1LB	2	2	0	134
0RB1LD_1RC0LD_0LA1RB_1RD1LB	2	2	0	140
0RB1LD_1RC0LD_0LA1RD_1RC1LB	2	2	0	225
0RB1LD_1RC0LD_1LA0LC_1RD1LC	2	2	0	102
0RB1LD_1RC0LD_1LA0RB_1LB---	2	2	0	95
0RB1LD_1RC0LD_1LA1RB_0RB1LB	2	2	0	173
0RB1LD_1RC0LD_1LA1RB_0RD1LB	2	2	0	173
0RB1LD_1RC0LD_1LA1RB_1LB1LB	2	2	0	129
0RB1LD_1RC0LD_1LA1RB_1RA1LB	2	2	0	404
0RB1LD_1RC0LD_1LA1RB_1RB1LB	2	2	0	116
0RB1LD_1RC0LD_1LA1RB_1RD1LB	2	2	0	134
0RB1LD_1RC0LD_1LA1RD_1RC1LB	2	2	0	193
0RB1LD_1RC0LD_1LD1RC_0RC1LA	2	2	0	191
0RB1LD_1RC0LD_1RD0RB_1LB1LA	2	2	0	147
0RB1LD_1RC0LD_1RD1RB_0LA1LB	2	2	0	241
0RB1LD_1RC0RA_0LD0RD_1LD1LB	2	2	0	259
0RB1LD_1RC0RA_0LD1RB_0LD1LB	2	2	0	159
0RB1LD_1RC0RA_0RD---_1LD0LB	2	2	0	318
0RB1LD_1RC0RA_0RD0RD_1LD1LB	2	2	0	242
0RB1LD_1RC0RA_0RD1RB_0LD1LB	2	2	0	164
0RB1LD_1RC0RA_1LA1RD_1LB1RC	2	2	0	225
0RB1LD_1RC0RA_1LC0RD_1LD1LB	2	2	0	246
0RB1LD_1RC0RA_1LD1RC_0LC1LB	2	2	0	205
0RB1LD_1RC0RA_1LD1RC_1LD1LB	2	2	0	159
0RB1LD_1RC0RA_1RD1RC_1LA1LB	3	2	0	318
0RB1LD_1RC0RB_0RD1LA_1LD0LB	2	2	0	280
0RB1LD_1RC0RB_1LA1RC_0RC0LC	2	2	0	232
0RB1LD_1RC0RB_1LD1RB_0LA1LC	4	2	0	240
0RB1LD_1RC0RC_1LA1RB_0RB0LB	2	2	0	128
0RB1LD_1RC0RC_1LA1RB_1LC0LB	2	2	0	102
0RB1LD_1RC0RC_1LA1RB_1RB0LB	2	2	0	86
0RB1LD_1RC0RC_1LA1RB_1RD0LB	2	2	0	148
0RB1LD_1RC0RC_1LD1LA_1RC1RB	2	2	0	399
0RB1LD_1RC0RD_0LA0LD_1LC1RA	2	2	0	127
0RB1LD_1RC0RD_0LA0RB_1LA1LB	2	2	0	190
0RB1LD_1RC0RD_0LA0RB_1LA1LC	2	2	0	244
0RB1LD_1RC0RD_0LA1LC_1RB1RC	3	2	0	444
0RB1LD_1RC0RD_0LA1RB_0RD1LC	2	2	0	229
0RB1LD_1RC0RD_0LA1RB_1LA1LC	2	2	0	239
0RB1LD_1RC0RD_1LC0RA_1LA1RB	2	2	0	106
0RB1LD_1RC0RD_1LC1LA_1LA1RB	2	2	0	96
0RB1LD_1RC1LA_0RD1RC_1LD1LB	3	2	0	252
0RB1LD_1RC1LA_1LA1RC_0RC1LB	3	2	0	490
0RB1LD_1RC1LA_1LA1RC_1LB0RA	3	2	0	304
0RB1LD_1RC1LA_1LA1RC_1LB1LB	3	2	0	236
0RB1LD_1RC1LA_1LA1RC_1RA1LB	3	2	0	250
0RB1LD_1RC1LA_1LD0RC_1RB0LA	2	2	0	297
0RB1LD_1RC1LA_1LD0RC_1RB1LB	2	2	0	217
0RB1LD_1RC1LA_1LD0RC_1RB1RC	2	2	0	279
0RB1LD_1RC1LA_1LD0RD_0LB1LB	3	2	0	805
0RB1LD_1RC1LA_1LD1RC_0LB1LB	3	2	0	425
0RB1LD_1RC1LA_1LD1RC_0RC1LB	3	2	0	472
0RB1LD_1RC1LA_1LD1RC_1LB0RA	3	2	0	313
0RB1LD_1RC1LA_1LD1RC_1LB1LB	3	2	0	241
0RB1LD_1RC1LA_1LD1RC_1RA1LB	3	2	0	253
0RB1LD_1RC1LA_1RD1RC_1LA1LB	3	2	0	252
0RB1LD_1RC1LA_1RD1RC_1LB0RA	3	2	0	302
0RB1LD_1RC1LA_1RD1RC_1LB1LA	2	2	0	61
0RB1LD_1RC1LA_1RD1RC_1LB1LB	3	2	0	234
0RB1LD_1RC1LB_0LA1RC_1RC1LA	2	2	0	160
0RB1LD_1RC1LB_0LA1RD_1LA0RC	2	2	0	224
0RB1LD_1RC1LB_0LA1RD_1LB0RB	2	2	0	180
0RB1LD_1RC1LB_0LA1RD_1LB1RC	2	2	0	142
0RB1LD_1RC1LB_0LB0RD_1LD1LA	2	2	0	317
0RB1LD_1RC1LB_0LB1RD_1LA1RC	2	2	0	154
0RB1LD_1RC1LB_0LB1RD_1RC0LA	2	2	0	489
0RB1LD_1RC1LB_0LC1RD_1LA0RC	2	2	0	251
0RB1LD_1RC1LB_0LD0RD_1LD1LA	2	2	0	319
0RB1LD_1RC1LB_0LD1RC_1RC1LA	2	2	0	162
0RB1LD_1RC1LB_0LD1RD_1LA0RC	2	2	0	255
0RB1LD_1RC1LB_0RD0RD_1LD1LA	2	2	0	306
0RB1LD_1RC1LB_1LA0RA_0LC---	3	2	0	178
0RB1LD_1RC1LB_1LA1RC_0RC1LA	2	2	0	126
0RB1LD_1RC1LB_1LB1RD_1RC0LA	2	2	0	533
0RB1LD_1RC1LB_1LC0RD_1LD1LA	2	2	0	312
0RB1LD_1RC1LB_1LC1RD_1LA0RC	2	2	0	221
0RB1LD_1RC1LB_1LD0RC_1RD1LA	2	2	0	227
0RB1LD_1RC1LB_1LD1RC_---1LA	2	2	0	123
0RB1LD_1RC1LB_1LD1RD_1LA0RC	2	2	0	223
0RB1LD_1RC1LB_1RD1RC_0LA0LB	2	2	0	285
0RB1LD_1RC1LB_1RD1RC_1LA0LB	2	2	0	606
0RB1LD_1RC1LB_1RD1RD_1LA0RC	2	2	0	200
0RB1LD_1RC1LC_0LA1RC_1RC1LA	2	2	0	168
0RB1LD_1RC1LC_0LA1RD_1LA0RC	2	2	0	252
0RB1LD_1RC1LC_1LA0RC_0LA---	2	2	0	254
0RB1LD_1RC1LC_1LA0RC_0RD0LA	2	2	0	315
0RB1LD_1RC1LC_1LA0RC_0RD1LB	2	2	0	227
0RB1LD_1RC1LC_1LA0RC_0RD1RC	2	2	0	297
0RB1LD_1RC1LC_1LA0RC_1LB---	2	2	0	203
0RB1LD_1RC1LC_1LA0RC_1RA0LA	2	2	0	264
0RB1LD_1RC1LC_1LA0RC_1RA1LB	2	2	0	213
0RB1LD_1RC1LC_1LA0RC_1RA1RC	2	2	0	227
0RB1LD_1RC1LC_1LA0RC_1RC---	2	2	0	217
0RB1LD_1RC1LC_1LA0RC_1RD0RC	2	2	0	217
0RB1LD_1RC1LC_1LA0RC_1RD1RB	2	2	0	227
0RB1LD_1RC1LC_1LA0RC_1RD1RC	2	2	0	446
0RB1LD_1RC1LC_1LA0RD_0LA0RC	2	2	0	254
0RB1LD_1RC1LC_1LA0RD_1RC0RC	2	2	0	217
0RB1LD_1RC1LC_1LA1RA_1LB0RC	2	2	0	245
0RB1LD_1RC1LC_1LA1RC_0LA0RB	2	2	0	173
0RB1LD_1RC1LC_1LA1RC_0RC0LB	2	2	0	207
0RB1LD_1RC1LC_1LA1RC_1LB0LB	2	2	0	178
0RB1LD_1RC1LC_1LA1RC_1RB0LC	2	2	0	169
0RB1LD_1RC1LC_1LA1RC_1RB0RB	2	2	0	169
0RB1LD_1RC1LC_1LA1RC_1RB1LA	2	2	0	123
0RB1LD_1RC1LC_1LA1RC_1RC0RB	2	2	0	159
0RB1LD_1RC1LC_1LA1RD_0RC0RD	2	2	0	160
0RB1LD_1RC1LC_1LB1RD_0RD0LA	3	2	0	766
0RB1LD_1RC1LC_1LD1RC_0RC1LA	2	2	0	137
0RB1LD_1RC1LD_0LA0RD_1LB0LA	2	2	0	94
0RB1LD_1RC1LD_0LA0RD_1LB1RC	2	2	0	68
0RB1LD_1RC1LD_0LA1RC_1RC1LA	2	2	0	160
0RB1LD_1RC1LD_0LA1RD_1LB0RC	2	2	0	216
0RB1LD_1RC1LD_0LB1RC_1RA1LB	2	2	0	95
0RB1LD_1RC1LD_0LD1RC_1RA1LB	2	2	0	88
0RB1LD_1RC1LD_0LD1RC_1RC1LA	2	2	0	162
0RB1LD_1RC1LD_1LA1RB_1RC0LB	2	2	0	107
0RB1LD_1RC1LD_1LA1RC_0RC0LC	2	2	0	183
0RB1LD_1RC1LD_1LA1RC_0RC1LA	2	2	0	179
0RB1LD_1RC1LD_1LA1RD_1LB0RC	2	2	0	212
0RB1LD_1RC1LD_1LB1RD_1RC0LA	2	2	0	247
0RB1LD_1RC1LD_1LC1RB_---0LA	2	2	0	87
0RB1LD_1RC1LD_1LD0RD_1LA1LB	2	2	0	209
0RB1LD_1RC1LD_1LD1RC_0RC1LA	2	2	0	181
0RB1LD_1RC1LD_1LD1RC_1RC1LA	2	2	0	123
0RB1LD_1RC1RA_0LA0LD_1LC1LA	2	2	0	145
0RB1LD_1RC1RA_0LA0LD_1LC1RA	2	2	0	115
0RB1LD_1RC1RA_0LA0RD_1LB0LD	2	2	0	325
0RB1LD_1RC1RA_1LA0LB_0LA---	2	2	0	158
0RB1LD_1RC1RA_1LA0LD_0LA1LA	2	2	0	202
0RB1LD_1RC1RA_1LA0LD_0LA1RA	2	2	0	158
0RB1LD_1RC1RA_1LA0RB_0LA---	2	2	0	114
0RB1LD_1RC1RA_1LA0RD_0LA1LA	2	2	0	158
0RB1LD_1RC1RA_1LA0RD_1LB0LD	2	2	0	325
0RB1LD_1RC1RA_1LB0RD_1LB0LD	2	2	0	319
0RB1LD_1RC1RA_1LB1RB_---0LA	2	2	0	87
0RB1LD_1RC1RA_1LD0RD_1LB0LD	2	2	0	317
0RB1LD_1RC1RA_1RD0RD_1LB0LD	2	2	0	309
0RB1LD_1RC1RA_1RD1RC_1LB1LA	2	2	0	67
0RB1LD_1RC1RB_0LA0RD_1LB0LA	4	2	0	1151
0RB1LD_1RC1RB_0LA0RD_1LB0LD	2	2	0	188
0RB1LD_1RC1RB_0LA1RC_1RC1LA	2	2	0	266
0RB1LD_1RC1RB_0LA1RD_1LA0RC	2	2	0	1177
0RB1LD_1RC1RB_0LC1LA_1LA1LC	3	2	0	521
0RB1LD_1RC1RB_0LC1LA_1RB1LC	3	2	0	514
0RB1LD_1RC1RB_0LC1LA_1RD1LC	3	2	0	535
0RB1LD_1RC1RB_0LC1RD_1LD1LA	2	2	0	106
0RB1LD_1RC1RB_0LD1RC_1RC1LA	2	2	0	248
0RB1LD_1RC1RB_0RD0RB_1LD0LA	3	2	0	144
0RB1LD_1RC1RB_1LA1LC_0LA0LA	2	2	0	384
0RB1LD_1RC1RB_1LA1LC_0LA0LC	2	2	0	140
0RB1LD_1RC1RB_1LA1LC_0LA0RA	2	2	0	426
0RB1LD_1RC1RB_1LA1LC_0LC0LA	2	2	0	460
0RB1LD_1RC1RB_1LA1LC_0LC0LC	2	2	0	153
0RB1LD_1RC1RB_1LA1LC_0LC0RA	2	2	0	157
0RB1LD_1RC1RB_1LA1LC_0RB0LA	2	2	0	464
0RB1LD_1RC1RB_1LA1LC_0RB0LC	2	2	0	149
0RB1LD_1RC1RB_1LA1LC_0RC0LA	2	2	0	406
0RB1LD_1RC1RB_1LA1LC_0RC0LC	2	2	0	148
0RB1LD_1RC1RB_1LA1LC_0RD0LA	2	2	0	451
0RB1LD_1RC1RB_1LA1LC_0RD0LC	2	2	0	144
0RB1LD_1RC1RB_1LA1LC_1LA0LA	2	2	0	402
0RB1LD_1RC1RB_1LA1LC_1LA0LC	2	2	0	146
0RB1LD_1RC1RB_1LA1LC_1LA0LD	3	2	0	162
0RB1LD_1RC1RB_1LA1LC_1LB0LA	2	2	0	452
0RB1LD_1RC1RB_1LA1LC_1LB0LC	2	2	0	149
0RB1LD_1RC1RB_1LA1LC_1LC0LA	2	2	0	376
0RB1LD_1RC1RB_1LA1LC_1LC0LC	2	2	0	136
0RB1LD_1RC1RB_1LA1LC_1RA0LA	2	2	0	388
0RB1LD_1RC1RB_1LA1LC_1RA0LC	2	2	0	155
0RB1LD_1RC1RB_1LA1LC_1RA0LD	4	2	0	231
0RB1LD_1RC1RB_1LA1LC_1RB0LA	2	2	0	398
0RB1LD_1RC1RB_1LA1LC_1RB0LC	2	2	0	144
0RB1LD_1RC1RB_1LA1LC_1RC0LA	2	2	0	382
0RB1LD_1RC1RB_1LA1LC_1RC0LC	2	2	0	138
0RB1LD_1RC1RB_1LA1LC_1RD0LC	2	2	0	157
0RB1LD_1RC1RB_1LA1RC_0RC0LC	2	2	0	159
0RB1LD_1RC1RB_1LA1RC_0RC1LA	2	2	0	91
0RB1LD_1RC1RB_1LC1LA_---1LA	2	2	0	96
0RB1LD_1RC1RB_1LC1RA_---1LA	2	2	0	106
0RB1LD_1RC1RB_1LD---_---1LA	2	2	0	96
0RB1LD_1RC1RB_1LD1LB_---0LA	2	2	0	109
0RB1LD_1RC1RB_1LD1LC_0RB0LA	2	2	0	367
0RB1LD_1RC1RB_1LD1LC_1RB0LA	2	2	0	173
0RB1LD_1RC1RB_1RD---_0LA1LA	2	2	0	106
0RB1LD_1RC1RB_1RD1LA_0LD1LC	3	2	0	307
0RB1LD_1RC1RB_1RD1LA_1LD1LC	3	2	0	144
0RB1LD_1RC1RB_1RD1LD_0LC1LA	2	2	0	106
0RB1LD_1RC1RC_0LA1RD_1LA0RC	2	2	0	174
0RB1LD_1RC1RC_0RD1RB_1LD0LA	2	2	0	106
0RB1LD_1RC1RC_0RD1RB_1LD1LA	2	2	0	87
0RB1LD_1RC1RC_0RD1RC_1LD1LA	2	2	0	87
0RB1LD_1RC1RC_1LA1RC_0RC0LC	2	2	0	175
0RB1LD_1RC1RC_1LA1RC_0RC1LA	2	2	0	171
0RB1LD_1RC1RC_1LA1RD_1LA0RC	2	2	0	156
0RB1LD_1RC1RC_1LC1RD_1LA0RC	2	2	0	148
0RB1LD_1RC1RC_1LD0RC_1RD1LA	2	2	0	297
0RB1LD_1RC1RC_1LD1RB_---1LA	2	2	0	96
0RB1LD_1RC1RC_1LD1RC_0RC1LA	2	2	0	171
0RB1LD_1RC1RC_1LD1RD_1LA0RC	2	2	0	161
0RB1LD_1RC1RC_1RD1RD_1LA0RC	2	2	0	121
0RB1LD_1RC1RD_0LA---_1LA0RB	2	2	0	136
0RB1LD_1RC1RD_0LA0LD_1LC1RA	2	2	0	155
0RB1LD_1RC1RD_0LA0RD_1LA1RC	2	2	0	220
0RB1LD_1RC1RD_0LA1RC_1RC1LA	2	2	0	168
0RB1LD_1RC1RD_0LA1RD_1LC0RA	3	2	0	295
0RB1LD_1RC1RD_0LB1RB_1LD0LA	2	2	0	87
0RB1LD_1RC1RD_0LC1LD_1LA0RB	2	2	0	136
0RB1LD_1RC1RD_0LD1RC_1RC1LA	2	2	0	190
0RB1LD_1RC1RD_0RD1RB_1LD0LA	2	2	0	129
0RB1LD_1RC1RD_1LA0LB_1RB0LA	2	2	0	299
0RB1LD_1RC1RD_1LA0LC_1RD1LC	2	2	0	191
0RB1LD_1RC1RD_1LA0RB_1RB0LA	2	2	0	786
0RB1LD_1RC1RD_1LA0RC_1RB0LA	2	2	0	702
0RB1LD_1RC1RD_1LA0RD_1LA1RC	2	2	0	215
0RB1LD_1RC1RD_1LA0RD_1RB0LA	2	2	0	1245
0RB1LD_1RC1RD_1LA1LC_1RB0LA	2	2	0	142
0RB1LD_1RC1RD_1LA1LD_1RB0LC	2	2	0	130
0RB1LD_1RC1RD_1LA1RA_1RB0LA	2	2	0	174
0RB1LD_1RC1RD_1LA1RB_1RB0LA	2	2	0	247
0RB1LD_1RC1RD_1LA1RC_0RC0LC	2	2	0	237
0RB1LD_1RC1RD_1LA1RC_0RC1LA	2	2	0	187
0RB1LD_1RC1RD_1LA1RD_1RB0LA	2	2	0	152
0RB1LD_1RC1RD_1LC0LA_1LA0RB	2	2	0	160
0RB1LD_1RC1RD_1LC0LA_1RB0LA	2	2	0	105
0RB1LD_1RC1RD_1LC0LD_1LA0RB	2	3	0	188
0RB1LD_1RC1RD_1LC1LB_1RB0LA	2	2	0	108
0RB1LD_1RC1RD_1LD0LA_1RB0LA	2	2	0	105
0RB1LD_1RC1RD_1LD0LC_1RB0LA	2	2	0	98
0RB1LD_1RC1RD_1LD0RB_0LA1LB	2	2	0	117
0RB1LD_1RC1RD_1LD0RC_1RB0LA	2	2	0	110
0RB1LD_1RC1RD_1LD1LB_1RB0LA	2	2	0	107
0RB1LD_1RC1RD_1LD1RC_0RC1LA	2	2	0	191
0RB1LD_1RC1RD_1LD1RC_1RB0LA	2	2	0	95
0RB1LD_1RC1RD_1LD1RC_1RC1LA	2	2	0	133
0RB1LD_1RC1RD_1RD0RB_0LA1LB	2	2	0	123
0RB1RA_0LC---_1RB1LD_1RA1LC	2	2	0	140
0RB1RA_0LC0LA_1LD1RD_1RB0LD	2	2	0	316
0RB1RA_0LC0LD_1LD---_0RA1LB	3	2	0	480
0RB1RA_0LC0RA_1LD---_0RA1LB	3	2	0	240
0RB1RA_0LC0RA_1LD---_1LA1LB	3	2	0	260
0RB1RA_0LC0RA_1LD---_1RD1LB	3	2	0	254
0RB1RA_0LC0RB_1LD---_0RA1LB	3	2	0	360
0RB1RA_0LC1LA_1LD1RD_1RB0LD	2	2	0	267
0RB1RA_0LC1LD_1LA1RA_1RB0LD	2	2	0	406
0RB1RA_0LC1RB_1LD1LC_0RA1LB	2	2	0	100
0RB1RA_0LC1RB_1RB1LD_0RA1LC	2	2	0	278
0RB1RA_0LC1RC_1LD0RD_1RB0LA	4	2	0	426
0RB1RA_0LC1RD_1LA0LD_1LC1LA	3	2	0	466
0RB1RA_0LC1RD_1RB1LC_0LA1RB	2	2	0	150
0RB1RA_0LC1RD_1RB1LC_1LA1RB	2	2	0	148
0RB1RA_1LA1LC_0LD1LD_1RB1LC	2	2	0	103
0RB1RA_1LA1RC_0LD1LD_1RB1LC	2	2	0	108
0RB1RA_1LA1RC_0LD1RB_1RB1LD	2	2	0	146
0RB1RA_1LA1RC_0RD0RC_1LD0LB	2	3	0	304
0RB1RA_1LA1RC_1LD0RB_0RA1LC	2	2	0	369
0RB1RA_1LA1RC_1LD0RB_1RA1LC	2	2	0	407
0RB1RA_1LC---_1LD0RB_0RA0LC	2	2	0	103
0RB1RA_1LC0LB_0LD0LC_1RD1LA	2	2	0	174
0RB1RA_1LC0LB_0LD1RA_1RD0LC	2	2	0	405
0RB1RA_1LC0LC_1RC1RD_1LB0LA	3	2	0	593
0RB1RA_1LC0LD_0LD1LA_1RD0LC	2	2	0	468
0RB1RA_1LC0LD_1LD1RD_0RC0LA	2	2	0	308
0RB1RA_1LC0RA_0LD0LC_1RD1LB	4	2	0	204
0RB1RA_1LC0RA_0LD1RA_1RD0LC	2	2	0	1115
0RB1RA_1LC0RA_1LD---_0RA0LB	3	2	0	497
0RB1RA_1LC0RA_1LD---_1RA0LB	3	2	0	813
0RB1RA_1LC0RA_1LD1LC_1RB1RD	2	2	0	157
0RB1RA_1LC0RB_1LD---_0RA0LB	2	2	0	103
0RB1RA_1LC0RC_0LD0RA_1RD1LC	4	2	0	328
0RB1RA_1LC0RC_1LD0RD_1RD0LA	2	2	0	148
0RB1RA_1LC0RD_1LD1LB_1RA1RB	2	2	0	350
0RB1RA_1LC0RD_1LD1RD_0RC0LA	2	2	0	346
0RB1RA_1LC1LB_0LD0LC_1RD1LA	2	2	0	103
0RB1RA_1LC1LB_0LD0LC_1RD1RA	2	2	0	91
0RB1RA_1LC1LB_0LD1RA_1RD0LC	2	2	0	191
0RB1RA_1LC1LD_0LD1RC_0RA1LB	2	2	0	126
0RB1RA_1LC1LD_1LA1RB_1RC0LD	2	2	0	228
0RB1RA_1LC1LD_1LD1RD_0RC0LA	2	2	0	264
0RB1RA_1LC1LD_1RB0RA_1LD0LC	2	2	0	147
0RB1RA_1LC1LD_1RC1LB_1RA0LC	3	2	0	291
0RB1RA_1LC1RA_0LD0LC_1RD1LB	2	2	0	96
0RB1RA_1LC1RA_1LD0LD_1RB1LC	4	2	0	224
0RB1RA_1LC1RB_0LD1RA_1RD0LC	4	2	0	3963
0RB1RA_1LC1RD_0LD0RA_1RD1LC	4	2	0	282
0RB1RA_1LC1RD_1LD---_1RB0LA	2	2	0	202
0RB1RA_1LC1RD_1LD1RD_0RC0LA	2	2	0	220
0RB1RA_1LC1RD_1RB1LD_0LC0LA	2	2	0	355
0RB1RA_1RC0LC_1LB0RD_1RD0LA	4	2	0	282
0RB1RA_1RC0LD_1LD0RB_1RA0LC	2	2	0	101
0RB1RA_1RC0LD_1LD1RD_1LA1LB	2	3	0	191
0RB1RA_1RC0LD_1RD0RB_1LB1LA	4	2	0	1025
0RB1RA_1RC0RA_1LD1LC_1RB0LD	2	2	0	289
0RB1RA_1RC0RC_0LD0RA_1RD1LC	4	2	0	348
0RB1RA_1RC0RC_1LD0LA_1RB0LC	2	2	0	113
0RB1RA_1RC1LB_1LD0RB_0RA0LC	2	2	0	112
0RB1RA_1RC1LB_1LD0RB_1RA0LC	2	2	0	101
0RB1RA_1RC1LC_0RD0LA_1LD0LB	2	2	0	421
0RB1RA_1RC1LD_0LC1LB_0RA1LC	3	2	0	302
0RB1RA_1RC1LD_0LC1LB_1RA0LC	3	2	0	311
0RB1RA_1RC1LD_0LC1LB_1RA1LC	3	2	0	278
0RB1RA_1RC1LD_0LD1RC_0RA1LB	2	2	0	98
0RB1RA_1RC1LD_0LD1RC_1RA1LB	2	2	0	132
0RB1RA_1RC1LD_1LC1LB_0RA1LC	3	2	0	126
0RB1RA_1RC1RA_1LD0RB_1LA0LC	2	2	0	193
0RB1RA_1RC1RA_1LD0RB_1RA0LC	2	2	0	181
0RB1RA_1RC1RB_0LD0LA_1LB1LD	2	2	0	299
0RB1RA_1RC1RB_0LD0RA_1LB1LD	2	2	0	311
0RB1RA_1RC1RB_1LD0LA_1LB1LD	2	2	0	145
0RB1RA_1RC1RB_1LD0RA_1LB1LD	2	2	0	289
0RB1RA_1RC1RB_1LD0RB_0RA0LC	2	2	0	151
0RB1RA_1RC1RB_1LD0RB_1RA0LC	2	2	0	151
0RB1RA_1RC1RD_0LD0RA_1RD1LC	4	2	0	302
0RB1RA_1RC1RD_1LD0LA_1RD1LC	2	2	0	140
0RB1RA_1RC1RD_1LD1LC_1RD0LA	2	2	0	144
0RB1RB_0LC0RC_1RD1LC_0LA1RB	2	2	0	188
0RB1RB_0LC1RA_1LD---_1RB1LD	2	2	0	128
0RB1RB_0LC1RA_1LD0RD_1RB1LC	2	2	0	180
0RB1RB_0LC1RA_1LD1LB_1RB0LA	2	2	0	159
0RB1RB_0LC1RA_1LD1LB_1RB0RA	2	2	0	203
0RB1RB_0LC1RA_1LD1LC_1LA---	2	2	0	107
0RB1RB_0LC1RA_1LD1LC_1RA---	2	2	0	97
0RB1RB_0LC1RB_1RB1LD_1RA1LC	2	2	0	174
0RB1RB_0LC1RC_1LD0RB_1RA1LC	2	2	0	174
0RB1RB_0LC1RD_1LD1LC_1LA1RA	3	2	0	315
0RB1RB_0LC1RD_1LD1LC_1RD1RA	3	2	0	306
0RB1RB_0LC1RD_1RB1LC_0LA1RB	2	2	0	184
0RB1RB_0LC1RD_1RD1LC_0LA1RB	2	2	0	184
0RB1RB_0RC1LB_1LA1RD_1LB1RC	2	2	0	163
0RB1RB_0RC1LB_1LB1RD_1LA1RC	2	2	0	163
0RB1RB_0RC1LD_1LB1RC_0RA1LB	2	2	0	169
0RB1RB_0RC1LD_1RD1RC_1LA1LB	2	2	0	89
0RB1RB_1LA1LC_0LD0LC_1RD0LA	2	2	0	119
0RB1RB_1LA1LC_0LD0LC_1RD1LA	2	2	0	109
0RB1RB_1LA1LC_0LD0LC_1RD1RB	2	2	0	136
0RB1RB_1LA1LC_0RD0LC_1RD1RB	2	2	0	214
0RB1RB_1LA1LC_1RD0LC_1RC1RB	2	2	0	152
0RB1RB_1LA1LC_1RD0LC_1RD0LA	2	2	0	216
0RB1RB_1LA1LC_1RD0LC_1RD1LA	2	2	0	196
0RB1RB_1LA1LC_1RD0LC_1RD1RB	2	2	0	152
0RB1RB_1LA1RC_0LD1RB_1RB1LD	2	2	0	152
0RB1RB_1LA1RC_0LD1RB_1RC1LD	2	2	0	144
0RB1RB_1LA1RC_1LD0RB_0RA1LC	2	2	0	158
0RB1RB_1LA1RC_1LD0RB_1RA1LC	2	2	0	120
0RB1RB_1LA1RC_1LD1RB_0RB1LD	2	2	0	108
0RB1RB_1LA1RC_1LD1RB_0RC1LD	2	2	0	101
0RB1RB_1LC---_0LD0LC_1RD0LA	2	2	0	107
0RB1RB_1LC---_1RD0LC_1RD0LA	2	2	0	194
0RB1RB_1LC0LA_0LD0LC_1RD0LB	2	2	0	203
0RB1RB_1LC0LA_0LD0LC_1RD1LA	2	2	0	117
0RB1RB_1LC0LA_0LD0LC_1RD1LB	2	2	0	224
0RB1RB_1LC0LA_1RD0LC_1RD1LA	2	2	0	214
0RB1RB_1LC0LC_0LD0LB_1RD0LA	2	2	0	107
0RB1RB_1LC0LC_0LD1LA_1RD0LA	2	2	0	191
0RB1RB_1LC0LC_0LD1LA_1RD1LB	2	2	0	171
0RB1RB_1LC0LC_0LD1LA_1RD1LC	2	2	0	181
0RB1RB_1LC0LC_0LD1LA_1RD1RB	2	2	0	230
0RB1RB_1LC0LC_0LD1RA_1RB0LD	2	2	0	242
0RB1RB_1LC0LC_0RD1LA_1RD1RB	2	2	0	350
0RB1RB_1LC0LC_1LD1RA_0RA0RB	2	2	0	424
0RB1RB_1LC0LC_1LD1RA_1RA0RB	2	2	0	334
0RB1RB_1LC0LC_1LD1RA_1RB0LD	2	2	0	316
0RB1RB_1LC0LC_1RD1LA_1RC1RB	2	2	0	262
0RB1RB_1LC0LC_1RD1LA_1RD0LA	2	2	0	352
0RB1RB_1LC0LC_1RD1LA_1RD1LB	2	2	0	312
0RB1RB_1LC0LC_1RD1LA_1RD1LC	2	2	0	332
0RB1RB_1LC0LC_1RD1LA_1RD1RB	2	2	0	262
0RB1RB_1LC0LD_1LA---_1RD0RB	2	2	0	360
0RB1RB_1LC0LD_1LA0LC_1RD0LA	2	2	0	117
0RB1RB_1LC0LD_1RC1LB_0LC1LA	2	2	0	154
0RB1RB_1LC0LD_1RC1LB_1RC1LA	2	2	0	312
0RB1RB_1LC0LD_1RC1LD_0LC1LA	2	2	0	164
0RB1RB_1LC0LD_1RC1LD_1RC1LA	2	2	0	332
0RB1RB_1LC0RA_0LD1LB_1RC1RD	2	2	0	115
0RB1RB_1LC0RA_0LD1LB_1RD0RB	2	2	0	193
0RB1RB_1LC0RA_0LD1LB_1RD1LB	2	2	0	107
0RB1RB_1LC0RA_0RD1LB_0LC1RD	2	2	0	502
0RB1RB_1LC0RA_1LD1LB_0RB---	2	2	0	137
0RB1RB_1LC0RA_1LD1LB_1RB---	2	2	0	99
0RB1RB_1LC0RA_1LD1LB_1RD0RA	2	2	0	99
0RB1RB_1LC0RA_1LD1LB_1RD1LA	2	2	0	107
0RB1RB_1LC0RA_1LD1LB_1RD1RC	2	2	0	107
0RB1RB_1LC0RA_1LD1LC_1RB1RD	2	2	0	309
0RB1RB_1LC0RA_1RA1LD_1LD1LB	4	2	0	1159
0RB1RB_1LC0RA_1RD1LB_1LB1RD	2	2	0	181
0RB1RB_1LC0RA_1RD1LB_1RB1LD	2	2	0	107
0RB1RB_1LC0RB_0LD1RA_1RB0LC	2	3	0	238
0RB1RB_1LC0RB_0LD1RA_1RB0LD	2	2	0	232
0RB1RB_1LC0RC_0RC1LD_1RA0LA	2	2	0	233
0RB1RB_1LC0RC_0RC1LD_1RA1LC	2	2	0	179
0RB1RB_1LC0RC_0RC1LD_1RA1LD	2	2	0	169
0RB1RB_1LC0RC_0RD1LA_1LD1RC	2	2	0	145
0RB1RB_1LC0RC_1LA1LD_1RA0LA	2	2	0	253
0RB1RB_1LC0RC_1LA1LD_1RA1LC	2	2	0	199
0RB1RB_1LC0RC_1LA1LD_1RA1LD	2	2	0	171
0RB1RB_1LC0RC_1LD0LC_1RB1RA	2	2	0	181
0RB1RB_1LC0RC_1RA0LD_---1LB	3	2	0	232
0RB1RB_1LC0RC_1RA1LD_1RD0LC	2	3	0	288
0RB1RB_1LC0RC_1RD0LA_---1RB	2	2	0	321
0RB1RB_1LC0RD_0LD1RA_1RC1LD	2	3	0	638
0RB1RB_1LC0RD_0RA1LB_---0LA	2	2	0	213
0RB1RB_1LC0RD_0RA1LB_---1LC	2	2	0	167
0RB1RB_1LC0RD_0RA1LB_---1RB	2	2	0	121
0RB1RB_1LC0RD_1LA0RC_1LD1RC	2	2	0	93
0RB1RB_1LC0RD_1LD0LB_1RB1RA	2	2	0	265
0RB1RB_1LC0RD_1LD1LB_1RA1RB	2	2	0	118
0RB1RB_1LC0RD_1RA0LA_---0LA	2	2	0	321
0RB1RB_1LC0RD_1RA0LA_---1LC	2	2	0	275
0RB1RB_1LC0RD_1RA0LB_1RB0LC	2	3	0	259
0RB1RB_1LC0RD_1RA0LB_1RB0RB	2	2	0	178
0RB1RB_1LC0RD_1RA0LB_1RB1LD	2	2	0	129
0RB1RB_1LC0RD_1RA0LB_1RB1RC	2	2	0	297
0RB1RB_1LC0RD_1RA0LB_1RB1RD	2	2	0	170
0RB1RB_1LC0RD_1RA0LD_1RB1LA	2	2	0	451
0RB1RB_1LC0RD_1RA1LB_0LB1RB	2	2	0	239
0RB1RB_1LC0RD_1RA1LB_0LD1RB	2	2	0	249
0RB1RB_1LC0RD_1RA1LB_1LB1RB	2	2	0	218
0RB1RB_1LC0RD_1RA1LB_1LD1RB	2	2	0	219
0RB1RB_1LC0RD_1RA1LB_1RB1RB	2	2	0	203
0RB1RB_1LC0RD_1RA1LC_---0LA	2	2	0	213
0RB1RB_1LC0RD_1RA1LC_---1LC	2	2	0	167
0RB1RB_1LC0RD_1RA1LD_---0LA	2	2	0	267
0RB1RB_1LC0RD_1RA1LD_---1LC	2	2	0	167
0RB1RB_1LC0RD_1RA1LD_1LC1RB	2	2	0	119
0RB1RB_1LC0RD_1RB1LD_0LC0LA	2	2	0	371
0RB1RB_1LC0RD_1RB1LD_1LD0LA	2	2	0	359
0RB1RB_1LC0RD_1RD0LD_1RB1LA	2	2	0	403
0RB1RB_1LC1LB_0LD0LC_1RD1RA	2	2	0	237
0RB1RB_1LC1LB_0RA1RD_1LA0RD	2	2	0	389
0RB1RB_1LC1LB_0RA1RD_1LB0RD	2	2	0	371
0RB1RB_1LC1LB_0RC1RD_1LA1RC	2	2	0	141
0RB1RB_1LC1LB_1RD0LB_1LA0RC	2	2	0	104
0RB1RB_1LC1LC_0LD0LC_1RD1LA	2	2	0	107
0RB1RB_1LC1LC_1RD0LC_1RD1LA	2	2	0	194
0RB1RB_1LC1LD_0LD1RA_1RB0LD	2	2	0	316
0RB1RB_1LC1LD_0RB1RA_1RB0LD	2	2	0	320
0RB1RB_1LC1LD_0RD0RC_1LA1RC	2	2	0	151
0RB1RB_1LC1LD_1LA1RA_1RB0LD	2	2	0	282
0RB1RB_1LC1LD_1LD1RA_1RB0LD	2	2	0	280
0RB1RB_1LC1LD_1RB1RA_0LC0LD	2	2	0	160
0RB1RB_1LC1LD_1RB1RA_1RB0LD	2	2	0	318
0RB1RB_1LC1LD_1RB1RA_1RC0LD	2	2	0	298
0RB1RB_1LC1LD_1RC1LA_0LC0LD	2	2	0	100
0RB1RB_1LC1LD_1RC1LA_1RC0LD	2	2	0	194
0RB1RB_1LC1RA_0LD0LC_1RD0RB	2	2	0	2434
0RB1RB_1LC1RA_0LD0LC_1RD1LB	2	2	0	136
0RB1RB_1LC1RA_0LD0RA_1LA0LB	2	2	0	216
0RB1RB_1LC1RA_0LD0RA_1RA0LB	2	2	0	210
0RB1RB_1LC1RA_0LD0RA_1RB0RB	2	2	0	137
0RB1RB_1LC1RA_0LD1LA_0RA1LD	2	2	0	130
0RB1RB_1LC1RA_0LD1LA_1LA1LD	2	2	0	158
0RB1RB_1LC1RA_0LD1LA_1RA1LD	2	2	0	142
0RB1RB_1LC1RA_0LD1LA_1RB0LC	2	2	0	217
0RB1RB_1LC1RA_0LD1LA_1RB0LD	2	2	0	340
0RB1RB_1LC1RA_0LD1LA_1RD0LC	2	2	0	307
0RB1RB_1LC1RA_0LD1RA_0RA1LD	2	2	0	120
0RB1RB_1LC1RA_0LD1RA_1LA1LD	2	2	0	150
0RB1RB_1LC1RA_0LD1RA_1RA1LD	2	2	0	134
0RB1RB_1LC1RA_0LD1RA_1RB0LC	2	2	0	167
0RB1RB_1LC1RA_0LD1RA_1RB0LD	2	2	0	222
0RB1RB_1LC1RA_0LD1RA_1RD0LC	2	2	0	233
0RB1RB_1LC1RA_1LA0LD_---1LB	4	2	0	397
0RB1RB_1LC1RA_1LA1LD_---0LA	2	2	0	191
0RB1RB_1LC1RA_1LA1LD_---1LC	2	2	0	137
0RB1RB_1LC1RA_1LD---_0RA1LD	2	2	0	77
0RB1RB_1LC1RA_1LD0LA_0RB---	2	2	0	245
0RB1RB_1LC1RA_1LD1LC_0RB---	2	2	0	137
0RB1RB_1LC1RA_1RA0LD_---1LB	4	2	0	386
0RB1RB_1LC1RA_1RA1LD_---0LA	2	2	0	175
0RB1RB_1LC1RA_1RA1LD_---1LC	2	2	0	121
0RB1RB_1LC1RA_1RD---_0RA1LD	2	2	0	87
0RB1RB_1LC1RA_1RD0LC_1RC1LB	2	2	0	150
0RB1RB_1LC1RA_1RD0LC_1RD1LB	2	2	0	150
0RB1RB_1LC1RA_1RD0LD_---1LB	4	2	0	406
0RB1RB_1LC1RB_0LD0LC_1RD1LA	2	2	0	136
0RB1RB_1LC1RB_0RA1LD_0RB0LB	2	2	0	177
0RB1RB_1LC1RB_0RA1LD_0RB1LC	2	2	0	173
0RB1RB_1LC1RB_0RB1LD_0RA1LC	2	2	0	173
0RB1RB_1LC1RB_0RB1LD_1RA1LC	2	2	0	115
0RB1RB_1LC1RB_0RD0LC_1RD1LA	2	2	0	214
0RB1RB_1LC1RB_1LA1LD_---0LA	2	2	0	191
0RB1RB_1LC1RB_1RA1LD_---0LA	2	2	0	175
0RB1RB_1LC1RB_1RA1LD_---1LC	2	2	0	121
0RB1RB_1LC1RB_1RB1LD_---0LA	2	2	0	175
0RB1RB_1LC1RB_1RD0LB_1LA0RC	2	2	0	120
0RB1RB_1LC1RB_1RD0LC_1RC1LA	2	2	0	150
0RB1RB_1LC1RB_1RD0LC_1RD1LA	2	2	0	150
0RB1RB_1LC1RC_0LD1LA_1RD0RB	2	2	0	1533
0RB1RB_1LC1RC_0LD1RA_1LA1LD	3	2	0	345
0RB1RB_1LC1RC_0LD1RA_1RC1LD	3	2	0	320
0RB1RB_1LC1RC_0RA1RD_1LB0LD	4	2	0	354
0RB1RB_1LC1RC_1LA1LD_0LA0RA	2	2	0	253
0RB1RB_1LC1RC_1LA1LD_0LC0LD	2	2	0	161
0RB1RB_1LC1RC_1LA1LD_1LA0LD	2	2	0	329
0RB1RB_1LC1RC_1LA1LD_1LC0RA	2	2	0	199
0RB1RB_1LC1RC_1LA1LD_1RC0LD	2	2	0	320
0RB1RB_1LC1RC_1LD0RB_0RA1LC	2	2	0	161
0RB1RB_1LC1RC_1LD0RB_1RA1LC	2	2	0	128
0RB1RB_1LC1RC_1LD1RA_0RA1LD	3	2	0	232
0RB1RB_1LC1RC_1LD1RA_0RB1LD	3	2	0	235
0RB1RB_1LC1RC_1LD1RA_1RB0LD	2	2	0	212
0RB1RB_1LC1RC_1LD1RA_1RB1LD	3	2	0	244
0RB1RB_1LC1RC_1RC1LD_0LA0RA	2	2	0	233
0RB1RB_1LC1RC_1RC1LD_1LC0RA	2	2	0	179
0RB1RB_1LC1RC_1RD0LC_0LB0LA	2	2	0	338
0RB1RB_1LC1RC_1RD1RA_0LC1LD	3	2	0	153
0RB1RB_1LC1RC_1RD1RA_0RB1LD	3	2	0	133
0RB1RB_1LC1RC_1RD1RA_1RB1LD	3	2	0	258
0RB1RB_1LC1RD_0LD0LC_1LA0LA	2	2	0	191
0RB1RB_1LC1RD_0LD0LC_1LA1LC	2	2	0	181
0RB1RB_1LC1RD_0LD0LC_1LA1RB	2	2	0	242
0RB1RB_1LC1RD_0LD0LD_1LA1RB	2	2	0	229
0RB1RB_1LC1RD_0RA0LD_1LA1RB	2	2	0	231
0RB1RB_1LC1RD_0RA1LB_0LC0RB	2	2	0	234
0RB1RB_1LC1RD_0RA1LB_1LC0RB	2	2	0	217
0RB1RB_1LC1RD_0RA1LD_1LC0RB	2	2	0	158
0RB1RB_1LC1RD_0RA1LD_1RB0LC	2	2	0	331
0RB1RB_1LC1RD_0RB0LD_1RB0LA	2	2	0	123
0RB1RB_1LC1RD_0RB1LC_0LA1RB	2	2	0	183
0RB1RB_1LC1RD_0RD0LC_1LA1RB	2	2	0	350
0RB1RB_1LC1RD_0RD0LD_1LA1RB	2	2	0	231
0RB1RB_1LC1RD_0RD1LC_0LA1RB	2	2	0	183
0RB1RB_1LC1RD_1LA0LA_---1RB	2	2	0	245
0RB1RB_1LC1RD_1LA0LC_1LA0LA	2	2	0	349
0RB1RB_1LC1RD_1LA0LC_1LA1LC	2	2	0	329
0RB1RB_1LC1RD_1LA0LC_1LA1RB	2	2	0	251
0RB1RB_1LC1RD_1LA0LC_1RD0LA	2	2	0	211
0RB1RB_1LC1RD_1LD0LA_1LA1RA	3	2	0	502
0RB1RB_1LC1RD_1LD0LA_1RD1RA	3	2	0	482
0RB1RB_1LC1RD_1LD1LC_1LA1RA	3	2	0	272
0RB1RB_1LC1RD_1LD1LC_1RD1RA	3	2	0	252
0RB1RB_1LC1RD_1RA0LA_---0RC	3	2	0	636
0RB1RB_1LC1RD_1RA0LA_---1RA	3	2	0	805
0RB1RB_1LC1RD_1RA0LA_---1RB	2	2	0	229
0RB1RB_1LC1RD_1RA1LB_1LC0RB	2	2	0	177
0RB1RB_1LC1RD_1RA1LC_---0RC	3	2	0	346
0RB1RB_1LC1RD_1RA1LC_---1RA	3	2	0	425
0RB1RB_1LC1RD_1RA1LC_---1RB	2	2	0	121
0RB1RB_1LC1RD_1RA1LD_1RB0LC	2	2	0	797
0RB1RB_1LC1RD_1RB1LC_0LA0RC	2	2	0	179
0RB1RB_1LC1RD_1RB1LC_0LA1RB	2	2	0	133
0RB1RB_1LC1RD_1RC0LD_1LA1RB	2	2	0	233
0RB1RB_1LC1RD_1RD0LA_---1RB	2	2	0	229
0RB1RB_1LC1RD_1RD0LC_1LA0LA	2	2	0	338
0RB1RB_1LC1RD_1RD0LC_1LA1LC	2	2	0	318
0RB1RB_1LC1RD_1RD0LC_1LA1RB	2	2	0	248
0RB1RB_1RC---_1LD0RB_0RA0LC	2	2	0	108
0RB1RB_1RC---_1LD0RB_1RA0LC	2	2	0	97
0RB1RB_1RC0LA_0RD0RC_1LD1RB	2	2	0	200
0RB1RB_1RC0LC_0LD1LA_1RD1LC	2	2	0	183
0RB1RB_1RC0LC_0RD0LA_1LD0LB	2	2	0	318
0RB1RB_1RC0LC_1LD0LA_---1LB	2	2	0	297
0RB1RB_1RC0LC_1LD0RA_---1LB	3	2	0	232
0RB1RB_1RC0LD_0RD1RB_1LA1LB	2	2	0	140
0RB1RB_1RC0LD_1LA0LC_1RD1LC	2	2	0	111
0RB1RB_1RC0LD_1LA0RB_1LB1LD	2	2	0	124
0RB1RB_1RC0LD_1LA0RC_1LD1LB	2	2	0	189
0RB1RB_1RC0LD_1LA1RB_---1LB	2	2	0	125
0RB1RB_1RC0LD_1LB0RD_1LB1LA	2	2	0	453
0RB1RB_1RC0LD_1LB1RD_0RC0LA	2	2	0	351
0RB1RB_1RC0LD_1LB1RD_1RD0LA	2	2	0	341
0RB1RB_1RC0LD_1LD0RA_1LD1LB	3	2	0	232
0RB1RB_1RC0LD_1LD0RD_1LB1LA	2	2	0	455
0RB1RB_1RC0LD_1RD0LA_1LB0RC	2	2	0	110
0RB1RB_1RC0LD_1RD0RB_1LB1LA	2	2	0	132
0RB1RB_1RC0LD_1RD0RD_1LB1LA	2	2	0	443
0RB1RB_1RC0RA_1LD0RB_1LA0LC	2	2	0	112
0RB1RB_1RC0RC_0LC1LD_1RA1LC	2	2	0	176
0RB1RB_1RC0RC_0LD1LA_1LD1LB	2	2	0	307
0RB1RB_1RC0RC_0RD0RC_1LD0RA	2	2	0	170
0RB1RB_1RC0RC_0RD0RC_1LD1RA	2	2	0	180
0RB1RB_1RC0RC_0RD1LA_1LD0LA	2	2	0	151
0RB1RB_1RC0RC_0RD1LA_1LD0RA	2	2	0	286
0RB1RB_1RC0RC_0RD1LA_1LD1LB	2	2	0	213
0RB1RB_1RC0RC_0RD1LA_1LD1RA	2	2	0	304
0RB1RB_1RC0RC_0RD1LA_1LD1RC	2	2	0	143
0RB1RB_1RC0RC_1LC1LD_1RA0LB	3	2	0	639
0RB1RB_1RC0RC_1LD1LA_1LC1LB	2	2	0	229
0RB1RB_1RC0RC_1LD1LA_1LD0LA	2	2	0	309
0RB1RB_1RC0RC_1LD1LA_1LD1LB	2	2	0	229
0RB1RB_1RC0RC_1LD1LA_1LD1RC	2	2	0	291
0RB1RB_1RC0RD_1LA---_1LD0LB	2	2	0	346
0RB1RB_1RC0RD_1LA0RC_1LD0LA	2	2	0	97
0RB1RB_1RC0RD_1LA0RC_1LD1LB	2	2	0	123
0RB1RB_1RC0RD_1LA0RC_1LD1RC	2	2	0	89
0RB1RB_1RC0RD_1LC1RD_0RC1LA	2	2	0	160
0RB1RB_1RC0RD_1LC1RD_1LC1LA	2	2	0	291
0RB1RB_1RC1LB_0LB1RD_0LA1RC	2	2	0	142
0RB1RB_1RC1LB_0LB1RD_1LA1RC	2	2	0	135
0RB1RB_1RC1LB_0RD0RC_1LD0RA	2	2	0	95
0RB1RB_1RC1LB_0RD0RC_1LD1RA	2	2	0	129
0RB1RB_1RC1LB_1LA1RD_---0LA	2	2	0	173
0RB1RB_1RC1LB_1LA1RD_---1RC	2	2	0	125
0RB1RB_1RC1LB_1LB1RD_---0LA	2	2	0	161
0RB1RB_1RC1LC_0LD0LC_1RD1LA	2	2	0	111
0RB1RB_1RC1LC_0RD0RC_1LD1RA	2	2	0	87
0RB1RB_1RC1LC_0RD1LA_1LD0LB	2	2	0	1587
0RB1RB_1RC1LC_1LA1RD_0RC0RD	2	2	0	160
0RB1RB_1RC1LC_1LA1RD_1LA0RD	2	2	0	297
0RB1RB_1RC1LC_1LA1RD_1LC0RD	2	2	0	279
0RB1RB_1RC1LC_1LD0RA_0RB1LB	2	2	0	302
0RB1RB_1RC1LC_1LD0RA_1LD1LB	2	2	0	226
0RB1RB_1RC1LD_0LB1RC_0RA1LB	2	2	0	190
0RB1RB_1RC1LD_0LD0RC_1LA1LB	2	2	0	307
0RB1RB_1RC1LD_0LD0RD_1LA1LB	2	2	0	239
0RB1RB_1RC1LD_0LD1RC_0RA1LB	2	2	0	168
0RB1RB_1RC1LD_0RD0RC_1LA0LA	2	2	0	157
0RB1RB_1RC1LD_0RD0RC_1LA1LB	2	2	0	207
0RB1RB_1RC1LD_0RD0RC_1LA1RC	2	2	0	149
0RB1RB_1RC1LD_0RD0RD_1LA1LB	2	2	0	224
0RB1RB_1RC1LD_1LA0LA_---1LB	2	2	0	221
0RB1RB_1RC1LD_1LA0RC_1LA0LA	2	2	0	315
0RB1RB_1RC1LD_1LA0RC_1LA1LB	2	2	0	229
0RB1RB_1RC1LD_1LA0RC_1LA1RC	2	2	0	297
0RB1RB_1RC1LD_1LA0RC_1LD0LA	2	2	0	191
0RB1RB_1RC1LD_1LA0RC_1LD1LB	2	2	0	133
0RB1RB_1RC1LD_1LA0RC_1LD1RC	2	2	0	173
0RB1RB_1RC1LD_1LA0RC_1RD1LB	2	2	0	229
0RB1RB_1RC1LD_1LA1RC_---1LB	2	2	0	125
0RB1RB_1RC1LD_1LA1RD_1LB0RC	2	2	0	225
0RB1RB_1RC1LD_1LB1RC_0RA1LB	2	2	0	133
0RB1RB_1RC1LD_1LC0RD_1LA1LB	2	2	0	228
0RB1RB_1RC1LD_1LD0LA_---1LB	2	2	0	209
0RB1RB_1RC1LD_1LD0RC_1LA0LA	2	2	0	295
0RB1RB_1RC1LD_1LD0RC_1LA1LB	2	2	0	217
0RB1RB_1RC1LD_1LD0RC_1LA1RC	2	2	0	277
0RB1RB_1RC1RA_0LC1LD_1LA1LC	2	2	0	146
0RB1RB_1RC1RA_0LC1LD_1RA1LC	2	2	0	130
0RB1RB_1RC1RA_1LC1LD_0RB1LC	2	2	0	96
0RB1RB_1RC1RA_1LD0RB_1LA0LC	2	2	0	101
0RB1RB_1RC1RA_1LD0RC_1LB0LD	2	2	0	186
0RB1RB_1RC1RA_1LD0RD_1LB0LD	2	2	0	227
0RB1RB_1RC1RB_0LC1LD_1RA1LC	2	2	0	130
0RB1RB_1RC1RB_0LD0RA_1LB1LD	2	2	0	291
0RB1RB_1RC1RB_1LC1LD_0RA1LC	2	2	0	96
0RB1RB_1RC1RB_1LD0RA_1LB1LD	2	2	0	141
0RB1RB_1RC1RC_1LD0RB_0RA1LC	2	2	0	144
0RB1RB_1RC1RC_1LD0RB_1RA1LC	2	2	0	108
0RB1RB_1RC1RD_0LD0LC_1LA1LC	2	2	0	183
0RB1RC_0LC---_0LD0RD_1RA1LD	2	2	0	209
0RB1RC_0LC---_0LD1RA_1RA1LD	2	2	0	164
0RB1RC_0LC---_0LD1RA_1RC1LD	2	2	0	162
0RB1RC_0LC---_1LD1RA_0RA1LD	2	2	0	161
0RB1RC_0LC---_1LD1RA_0RC1LD	2	2	0	158
0RB1RC_0LC---_1LD1RA_1RC1LD	2	2	0	128
0RB1RC_0LC0LA_1LD1RD_1RB0LD	2	2	0	298
0RB1RC_0LC0LD_1LA1LD_1RA1LC	2	2	0	181
0RB1RC_0LC1LD_1LA1RA_1RB0LD	2	2	0	406
0RB1RC_0LC1LD_1RD0RD_1LA0RD	2	2	0	319
0RB1RC_0LC1LD_1RD1LC_1LA0RD	2	2	0	261
0RB1RC_0LC1RA_1LD0RA_0RB1LC	2	2	0	156
0RB1RC_0LC1RA_1LD0RA_1LA1LC	2	2	0	242
0RB1RC_0LC1RA_1LD1LA_1LA0LC	2	2	0	124
0RB1RC_0LC1RA_1LD1LA_1RA0LC	2	2	0	118
0RB1RC_0LC1RB_0LD1LD_1RA1LC	2	3	0	174
0RB1RC_0LC1RB_1LD0RA_1LA1LC	2	2	0	276
0RB1RC_0LC1RB_1LD1LC_1RA0LD	2	3	0	274
0RB1RC_0LC1RB_1RB1LD_0RA1LC	2	2	0	170
0RB1RC_0LC1RC_1LD0RB_1RA1LC	2	2	0	248
0RB1RC_0LC1RC_1LD1RB_1RA1LD	2	2	0	114
0RB1RC_0LC1RD_1RB1LC_0LA1RB	2	2	0	140
0RB1RC_0LC1RD_1RB1LC_1LA1RB	2	2	0	126
0RB1RC_0LC1RD_1RD1LC_1LA1RB	2	2	0	134
0RB1RC_0RC---_1LD0RA_1LB1LC	2	2	0	121
0RB1RC_0RC---_1LD1RA_1LB1LD	2	2	0	121
0RB1RC_0RC0LC_1LD1RC_0RA1LB	2	2	0	205
0RB1RC_0RC0RA_1LD0RA_1LA1LC	2	2	0	121
0RB1RC_0RC1LB_1LA1RD_1LB1RC	2	2	0	91
0RB1RC_0RC1LB_1LB1RD_0LA1RC	2	2	0	163
0RB1RC_0RC1LB_1LD0RA_1LA1LC	2	2	0	131
0RB1RC_0RC1LB_1LD1RA_1LA1LD	2	2	0	131
0RB1RC_0RC1LC_1RD0LD_1LB0RA	3	2	0	246
0RB1RC_0RC1LC_1RD1LB_1LA0LA	2	2	0	244
0RB1RC_0RC1LC_1RD1LB_1LA1RD	2	2	0	134
0RB1RC_0RC1LC_1RD1LB_1LB0LA	2	2	0	232
0RB1RC_0RC1LC_1RD1LD_1LB0RA	2	2	0	245
0RB1RC_0RC1LD_1LB1RC_0RA1LB	2	2	0	153
0RB1RC_0RC1LD_1LB1RC_1RA1LB	2	2	0	124
0RB1RC_0RC1LD_1LD1RC_0RA1LB	2	2	0	153
0RB1RC_0RC1LD_1LD1RC_1RA1LB	2	2	0	114
0RB1RC_0RC1LD_1RD0RD_1LA0RD	2	2	0	319
0RB1RC_0RC1LD_1RD0RD_1LA1LB	2	2	0	457
0RB1RC_0RC1LD_1RD1LC_1LA0RD	2	2	0	261
0RB1RC_0RC1LD_1RD1RA_1LD1LB	2	2	0	79
0RB1RC_0RC1RA_1LB1LD_1RC0LD	2	2	0	282
0RB1RC_0RC1RA_1LD1LA_1LB0LD	2	2	0	168
0RB1RC_0RC1RA_1LD1RA_1LA1LD	2	2	0	121
0RB1RC_0RC1RD_1LD0RA_1LA1LC	2	2	0	131
0RB1RC_1LA0LC_0LD0RD_1RA1LD	2	2	0	221
0RB1RC_1LA0LC_0LD1RA_1RA1LD	2	2	0	176
0RB1RC_1LA0LC_0LD1RA_1RC1LD	2	2	0	172
0RB1RC_1LA0LC_1LD1RA_0RA1LD	2	2	0	171
0RB1RC_1LA0LC_1LD1RA_0RC1LD	2	2	0	168
0RB1RC_1LA0LC_1LD1RA_1RC1LD	2	2	0	140
0RB1RC_1LA0LC_1RB0RD_1LD0LC	2	2	0	363
0RB1RC_1LA0RC_1RB0LD_1LC1LD	2	2	0	132
0RB1RC_1LA0RC_1RB0RD_1LD0LC	2	2	0	363
0RB1RC_1LA1LC_0LD0RD_1RA1LD	2	2	0	237
0RB1RC_1LA1LC_0LD1RA_1RA1LD	2	2	0	166
0RB1RC_1LA1LC_0LD1RA_1RC1LD	2	2	0	164
0RB1RC_1LA1LC_1LD1RA_0RA1LD	2	2	0	87
0RB1RC_1LA1LC_1LD1RA_0RC1LD	2	2	0	94
0RB1RC_1LA1LC_1RB0RD_1LD0LC	2	2	0	367
0RB1RC_1LA1RB_0LA1LD_---1LC	2	2	0	151
0RB1RC_1LA1RB_0LC0RD_1LD0LA	2	2	0	159
0RB1RC_1LA1RB_0LD0RC_1LD0LB	2	2	0	222
0RB1RC_1LA1RB_0LD1LC_0RD1RA	2	2	0	201
0RB1RC_1LA1RB_0LD1LC_1RD1RA	2	2	0	201
0RB1RC_1LA1RB_0RB0RD_1LD0LC	2	2	0	133
0RB1RC_1LA1RB_0RD0RC_1LD0LB	2	2	0	148
0RB1RC_1LA1RB_1LA1LD_---1LC	2	2	0	141
0RB1RC_1LA1RB_1LD0RC_1LD0LB	2	2	0	146
0RB1RC_1LA1RB_1RB0RD_1LD0LC	2	2	0	348
0RB1RC_1LA1RB_1RB1LD_---1LC	2	2	0	127
0RB1RC_1LA1RC_0LD0RD_1RA1LD	2	2	0	204
0RB1RC_1LA1RC_0LD1RA_1RA1LD	2	2	0	140
0RB1RC_1LA1RC_1LD0RA_1LA1LC	2	2	0	78
0RB1RC_1LA1RC_1LD0RB_1RA1LC	2	2	0	218
0RB1RC_1LA1RC_1LD1RB_0RC0LD	2	2	0	350
0RB1RC_1LA1RC_1LD1RB_1LB0LD	2	2	0	221
0RB1RC_1LA1RC_1LD1RB_1RB0LD	2	2	0	236
0RB1RC_1LC---_1LD1RA_0RA1LD	2	2	0	77
0RB1RC_1LC---_1LD1RA_0RC1LD	2	2	0	86
0RB1RC_1LC---_1RD0LC_0LA1RB	2	2	0	248
0RB1RC_1LC0LA_0LD0RD_1RA1LD	2	2	0	231
0RB1RC_1LC0LA_0LD1RA_1RA1LD	2	2	0	174
0RB1RC_1LC0LA_0LD1RA_1RC1LD	2	2	0	170
0RB1RC_1LC0LA_0RD1LB_---1RB	2	2	0	167
0RB1RC_1LC0LA_1RB1LD_---1LC	2	2	0	225
0RB1RC_1LC0LA_1RD1LC_---1RB	2	2	0	167
0RB1RC_1LC0LB_0LD0RD_1RA1LD	2	2	0	223
0RB1RC_1LC0LB_0LD1RA_1RA1LD	2	2	0	641
0RB1RC_1LC0LB_0LD1RA_1RC1LD	2	2	0	646
0RB1RC_1LC0LC_0LD0RD_1RA1LD	2	2	0	221
0RB1RC_1LC0LC_0LD1RA_1RA1LD	2	2	0	246
0RB1RC_1LC0LC_0LD1RA_1RC1LD	2	2	0	244
0RB1RC_1LC0LC_1RD0LB_0LA1RB	2	2	0	248
0RB1RC_1LC0LC_1RD0LC_0LA1LB	2	2	0	318
0RB1RC_1LC0LC_1RD0RC_1LB1LA	2	2	0	294
0RB1RC_1LC0LD_0LD0RD_1RA1LD	2	2	0	227
0RB1RC_1LC0LD_0LD1RA_1RA1LD	2	2	0	385
0RB1RC_1LC0LD_0LD1RA_1RC1LD	2	2	0	628
0RB1RC_1LC0LD_1LA0LC_1RD0RB	2	2	0	144
0RB1RC_1LC0LD_1LA0LC_1RD1RA	2	2	0	91
0RB1RC_1LC0LD_1LA0LD_1RD0RB	2	2	0	360
0RB1RC_1LC0LD_1LA1LB_1RD0RB	2	2	0	268
0RB1RC_1LC0LD_1RB1RA_1RC1LD	2	2	0	140
0RB1RC_1LC0RB_0LD1RA_1RC1LD	2	2	0	261
0RB1RC_1LC0RC_0LD0RD_1RA1LD	2	2	0	223
0RB1RC_1LC0RC_0LD1RA_1RA1LD	2	2	0	148
0RB1RC_1LC0RC_0LD1RA_1RC1LD	2	2	0	132
0RB1RC_1LC0RD_0LD0RD_1RA1LD	2	2	0	233
0RB1RC_1LC0RD_0LD1RA_1RC1LD	2	3	0	237
0RB1RC_1LC0RD_1LA0LC_1RD1RA	2	2	0	125
0RB1RC_1LC0RD_1LA0RC_1LD1RA	2	2	0	187
0RB1RC_1LC0RD_1LA0RC_1LD1RC	2	2	0	100
0RB1RC_1LC0RD_1LD1LB_0RA1RB	2	2	0	149
0RB1RC_1LC0RD_1RC1RB_1LD1LA	2	2	0	291
0RB1RC_1LC0RD_1RD0LB_1RB0LA	2	2	0	113
0RB1RC_1LC0RD_1RD1RB_1LD1LA	2	2	0	293
0RB1RC_1LC1LA_0LD0LC_1RD1LB	2	2	0	107
0RB1RC_1LC1LB_0LD0LC_1RD1RA	2	2	0	95
0RB1RC_1LC1LB_0LD0RD_1RA1LD	2	2	0	217
0RB1RC_1LC1LB_0LD1RA_1RA1LD	2	2	0	142
0RB1RC_1LC1LB_0LD1RA_1RC1LD	2	2	0	132
0RB1RC_1LC1LB_0LD1RA_1RD0LC	2	2	0	191
0RB1RC_1LC1LB_1RC1RD_0LB0LA	2	2	0	104
0RB1RC_1LC1LB_1RC1RD_1LB1RA	3	2	0	244
0RB1RC_1LC1LB_1RD0LB_1LA0RC	2	2	0	128
0RB1RC_1LC1LC_0LD0RD_1RA1LD	2	2	0	229
0RB1RC_1LC1LC_0LD1RA_1RA1LD	2	2	0	164
0RB1RC_1LC1LC_0LD1RA_1RC1LD	2	2	0	162
0RB1RC_1LC1LD_0LD0RD_1RA1LD	2	2	0	235
0RB1RC_1LC1LD_0LD1RA_1RA1LD	2	2	0	224
0RB1RC_1LC1LD_0LD1RA_1RC1LD	2	2	0	126
0RB1RC_1LC1LD_0RD0RC_1LA1RC	2	2	0	143
0RB1RC_1LC1LD_0RD0RC_1LA1RD	2	2	0	152
0RB1RC_1LC1LD_1RB1RA_0LC0LD	2	2	0	126
0RB1RC_1LC1LD_1RB1RA_0RA1LD	2	2	0	87
0RB1RC_1LC1LD_1RB1RA_1LB0LC	2	2	0	111
0RB1RC_1LC1LD_1RB1RA_1RB0LD	2	2	0	200
0RB1RC_1LC1LD_1RB1RA_1RC0LD	2	2	0	180
0RB1RC_1LC1LD_1RC0RD_1LA0RD	2	2	0	317
0RB1RC_1LC1LD_1RC1RB_1LA0RD	2	2	0	331
0RB1RC_1LC1LD_1RD0RD_1LA0RD	2	2	0	317
0RB1RC_1LC1LD_1RD1LC_1LA0RD	2	2	0	243
0RB1RC_1LC1LD_1RD1RB_1LA0RD	2	2	0	335
0RB1RC_1LC1RA_0LD0RD_1RA1LD	2	2	0	221
0RB1RC_1LC1RA_0LD1RA_1LA1LD	2	2	0	155
0RB1RC_1LC1RA_0LD1RA_1RA1LD	2	2	0	142
0RB1RC_1LC1RA_1LD1LA_0RB0LC	2	2	0	134
0RB1RC_1LC1RA_1LD1LA_0RC0LC	2	2	0	142
0RB1RC_1LC1RA_1RC1LD_1RB0LD	2	2	0	100
0RB1RC_1LC1RA_1RD1RB_0RC1LD	3	2	0	141
0RB1RC_1LC1RA_1RD1RB_1RC1LD	3	2	0	258
0RB1RC_1LC1RB_0LD0RD_1RA1LD	2	2	0	237
0RB1RC_1LC1RB_0LD1LD_1RA1LC	2	3	0	225
0RB1RC_1LC1RB_0LD1RA_1LA1LD	2	2	0	148
0RB1RC_1LC1RB_0LD1RA_1RA1LD	2	3	0	223
0RB1RC_1LC1RB_0LD1RA_1RC1LD	2	3	0	471
0RB1RC_1LC1RB_0RB1LD_0RA1LC	2	2	0	193
0RB1RC_1LC1RB_1LD0RA_0RB1LC	2	2	0	245
0RB1RC_1LC1RB_1RD0LC_0LA0LB	2	2	0	338
0RB1RC_1LC1RB_1RD0LC_0LA1LB	2	2	0	260
0RB1RC_1LC1RC_0LD0LA_1RD0RB	2	2	0	380
0RB1RC_1LC1RC_0LD0RD_1RA1LD	2	2	0	237
0RB1RC_1LC1RC_0LD1RA_1RA1LD	2	2	0	226
0RB1RC_1LC1RC_0LD1RA_1RC1LD	2	2	0	128
0RB1RC_1LC1RC_1LD0RB_1RA1LC	2	2	0	203
0RB1RC_1LC1RD_0LD0RD_1RA1LD	2	2	0	229
0RB1RC_1LC1RD_0LD1RA_1RC1LD	2	3	0	463
0RB1RC_1LC1RD_0RB1LC_1LA1RB	2	2	0	183
0RB1RC_1LC1RD_0RD0RC_1LD1LA	2	2	0	110
0RB1RC_1LC1RD_0RD1LC_1LA1RB	2	2	0	183
0RB1RC_1LC1RD_1LA0LC_1RD0RB	2	2	0	159
0RB1RC_1LC1RD_1LA0LC_1RD1RA	2	2	0	140
0RB1RC_1LC1RD_1LA1LC_---0RB	2	2	0	166
0RB1RC_1LC1RD_1LD0LD_1LA0RB	2	2	0	202
0RB1RC_1LC1RD_1RB1LC_1LA0RC	2	2	0	179
0RB1RC_1LC1RD_1RB1LC_1LA1RB	2	2	0	133
0RB1RC_1RC---_0LD0RD_1RA1LD	2	2	0	196
0RB1RC_1RC---_0LD1RA_1LB1LD	2	2	0	85
0RB1RC_1RC---_0LD1RA_1RA1LD	2	2	0	132
0RB1RC_1RC---_1LD0RA_1LB1LC	2	2	0	91
0RB1RC_1RC0LA_1LD0RA_1LA1LC	2	2	0	76
0RB1RC_1RC0LC_0RD0LA_1LD1LB	3	2	0	1612
0RB1RC_1RC0LC_1RD0RC_1LB1LA	2	2	0	298
0RB1RC_1RC0LD_1LA0RC_1LD0LB	2	2	0	229
0RB1RC_1RC0LD_1LA0RC_1LD1LB	2	2	0	211
0RB1RC_1RC0LD_1LA1LD_1RA1LC	2	2	0	144
0RB1RC_1RC0LD_1LD0RB_1RA0LC	2	2	0	120
0RB1RC_1RC0LD_1LD1RA_0LC1LB	2	2	0	284
0RB1RC_1RC0LD_1LD1RA_1LA1LB	2	2	0	152
0RB1RC_1RC0LD_1RD0LA_1LB0RC	2	2	0	255
0RB1RC_1RC0RA_0RD0RC_1LD1LA	2	2	0	181
0RB1RC_1RC0RA_1LD0RA_1LA1LC	2	2	0	133
0RB1RC_1RC0RC_1LD0LD_1RB1LA	2	2	0	486
0RB1RC_1RC0RC_1LD0RA_1LA1LC	2	2	0	96
0RB1RC_1RC0RC_1LD0RB_1RA0LC	2	2	0	175
0RB1RC_1RC0RD_1LA0RC_1LD0LA	2	2	0	104
0RB1RC_1RC0RD_1LA0RC_1LD0LB	2	2	0	142
0RB1RC_1RC0RD_1LA0RC_1LD0RA	2	2	0	202
0RB1RC_1RC0RD_1LA0RC_1LD1LB	2	2	0	134
0RB1RC_1RC0RD_1LA0RC_1LD1RA	2	2	0	212
0RB1RC_1RC0RD_1LA0RC_1LD1RC	2	2	0	96
0RB1RC_1RC0RD_1LA0RD_1LD0LB	2	2	0	346
0RB1RC_1RC0RD_1RD1RB_1LD1LA	2	2	0	315
0RB1RC_1RC1LA_0RD0LA_1LD0LB	2	2	0	318
0RB1RC_1RC1LA_0RD0RC_1LD1RB	2	2	0	87
0RB1RC_1RC1LA_0RD0RD_1LD0LB	2	2	0	280
0RB1RC_1RC1LA_1LA0RD_1LD0LB	2	2	0	384
0RB1RC_1RC1LA_1LD0RC_1LD1RB	2	2	0	171
0RB1RC_1RC1LB_0LB1RD_0LA1RC	2	2	0	160
0RB1RC_1RC1LB_1LA1RD_0LB1RC	2	2	0	132
0RB1RC_1RC1LB_1LD0RA_1LA1LC	2	2	0	97
0RB1RC_1RC1LB_1LD0RA_1RB1LC	2	2	0	99
0RB1RC_1RC1LB_1LD0RB_1RA0LC	2	2	0	120
0RB1RC_1RC1LC_0RD0LA_1LD0LB	2	2	0	356
0RB1RC_1RC1LC_1LA0RD_0RC0RC	2	2	0	150
0RB1RC_1RC1LC_1LA0RD_0RC0RD	2	2	0	150
0RB1RC_1RC1LC_1LA0RD_0RC1LD	2	2	0	214
0RB1RC_1RC1LC_1LA0RD_1LA0RC	2	2	0	279
0RB1RC_1RC1LC_1LA0RD_1LA0RD	2	2	0	279
0RB1RC_1RC1LC_1LA0RD_1LC0RC	2	2	0	269
0RB1RC_1RC1LC_1LA0RD_1LC0RD	2	2	0	261
0RB1RC_1RC1LC_1LA0RD_1LD0LB	2	2	0	460
0RB1RC_1RC1LC_1LA1RD_0RC0RD	2	2	0	341
0RB1RC_1RC1LD_0LB0RA_1LB---	2	2	0	68
0RB1RC_1RC1LD_0LB1RC_1RA1LB	2	2	0	152
0RB1RC_1RC1LD_0LD1RC_1RA1LB	2	2	0	152
0RB1RC_1RC1LD_0RD0LA_1LA0RD	2	2	0	293
0RB1RC_1RC1LD_0RD0LA_1LD1LB	2	2	0	306
0RB1RC_1RC1LD_0RD0RC_1LA---	2	2	0	141
0RB1RC_1RC1LD_0RD0RD_1LA0RC	2	2	0	141
0RB1RC_1RC1LD_0RD0RD_1LA0RD	2	2	0	277
0RB1RC_1RC1LD_0RD1RB_1LA0RD	2	2	0	293
0RB1RC_1RC1LD_1LA0RC_1LA---	2	2	0	279
0RB1RC_1RC1LD_1LA0RC_1LD0LA	2	2	0	187
0RB1RC_1RC1LD_1LA0RC_1LD0LB	2	2	0	153
0RB1RC_1RC1LD_1LA0RC_1LD1LB	2	2	0	143
0RB1RC_1RC1LD_1LA0RC_1LD1RC	2	2	0	171
0RB1RC_1RC1LD_1LA0RC_1RB1LA	2	2	0	405
0RB1RC_1RC1LD_1LA0RC_1RD1LB	2	2	0	247
0RB1RC_1RC1LD_1LA0RD_1LA0RC	2	2	0	279
0RB1RC_1RC1LD_1LA0RD_1LA0RD	2	2	0	279
0RB1RC_1RC1LD_1LA1RD_1LB0RC	2	2	0	219
0RB1RC_1RC1LD_1LB1RC_1RA0LC	2	2	0	159
0RB1RC_1RC1LD_1LB1RC_1RA1LB	2	2	0	113
0RB1RC_1RC1LD_1LD0RC_1LA0LA	2	2	0	263
0RB1RC_1RC1LD_1LD0RC_1LA1LB	2	2	0	295
0RB1RC_1RC1LD_1LD0RC_1LA1RC	2	2	0	261
0RB1RC_1RC1LD_1LD0RC_1LA1RD	2	2	0	301
0RB1RC_1RC1LD_1LD1RA_---1LB	2	2	0	113
0RB1RC_1RC1LD_1RD0RD_1LA0RD	2	2	0	319
0RB1RC_1RC1LD_1RD1LC_1LA0RD	2	2	0	243
0RB1RC_1RC1RA_0RD0RC_1LD1LA	2	2	0	140
0RB1RC_1RC1RA_1LD0RA_1LA1LC	2	2	0	243
0RB1RC_1RC1RA_1LD0RC_1LC1LA	2	2	0	180
0RB1RC_1RC1RA_1LD0RC_1LD1LA	2	2	0	180
0RB1RC_1RC1RA_1LD0RD_1LB0LD	2	2	0	157
0RB1RC_1RC1RA_1LD1LA_1LA0LC	2	2	0	102
0RB1RC_1RC1RA_1LD1LA_1RA0LC	2	2	0	98
0RB1RC_1RC1RB_0LD0RA_1LB1LD	2	2	0	360
0RB1RC_1RC1RB_0LD1LD_1RA1LC	2	3	0	238
0RB1RC_1RC1RB_1LD0RA_1LA1LC	2	2	0	254
0RB1RC_1RC1RB_1LD0RB_1RA0LC	2	2	0	167
0RB1RC_1RC1RC_1LD0RA_1LA1LC	2	2	0	72
0RB1RC_1RC1RC_1LD0RB_1RA1LC	2	2	0	210
0RB1RC_1RC1RD_0RD0RC_1LD1LA	2	2	0	95
0RB1RC_1RC1RD_1LB1LC_1LA0RD	2	2	0	128
0RB1RC_1RC1RD_1LD0RA_1LA1LC	2	2	0	143
0RB1RC_1RC1RD_1LD0RB_1RA0LC	2	2	0	251
0RB1RC_1RC1RD_1LD0RC_1LD1LA	2	2	0	189
0RB1RD_0LC---_1RD1LC_0LC1RA	2	2	0	140
0RB1RD_0LC---_1RD1LD_1LC0RA	2	2	0	64
0RB1RD_0LC0LA_1LD1LC_1RD1RB	2	2	0	129
0RB1RD_0LC0RA_1LD0LC_1RA1LC	4	2	0	111
0RB1RD_0LC0RB_1LD0LC_1RA1LC	4	2	0	316
0RB1RD_0LC0RC_1LD0LC_1RA1LC	4	2	0	123
0RB1RD_0LC0RC_1RD1RB_1LA1LD	2	2	0	123
0RB1RD_0LC1LA_1RB1LC_---1RA	2	2	0	152
0RB1RD_0LC1RA_1LA1LC_---1RB	3	2	0	587
0RB1RD_0LC1RA_1LD0LC_1RA1LC	4	2	0	224
0RB1RD_0LC1RA_1LD0RB_1RD1LC	2	2	0	186
0RB1RD_0LC1RA_1RB1LC_---0RC	3	2	0	380
0RB1RD_0LC1RA_1RB1LC_---1RA	2	2	0	140
0RB1RD_0LC1RA_1RB1LC_---1RB	3	2	0	548
0RB1RD_0LC1RA_1RB1LD_1LC0RA	2	2	0	124
0RB1RD_0LC1RB_1LA1LD_1LC0RA	2	2	0	1206
0RB1RD_0LC1RB_1LD1LC_1RA0RB	2	2	0	935
0RB1RD_0LC1RB_1RB1LD_1LC0RA	2	2	0	1152
0RB1RD_0LC1RB_1RB1LD_1RA1LC	2	2	0	104
0RB1RD_0LC1RC_1LA1LC_1LC0RD	2	2	0	425
0RB1RD_0LC1RC_1LA1LC_1RB0RD	2	2	0	432
0RB1RD_0LC1RC_1LA1RB_1LA1LD	2	2	0	143
0RB1RD_0LC1RC_1LA1RB_1RC1LD	2	2	0	136
0RB1RD_0LC1RD_1RB1LC_1LA1RB	2	2	0	140
0RB1RD_0LC1RD_1RB1LD_1LC0RA	2	2	0	236
0RB1RD_0LC1RD_1RD1LC_1LA1RB	2	2	0	150
0RB1RD_0RC1LB_1LB1RD_1LA1RC	2	2	0	96
0RB1RD_0RC1LC_1RD1LB_1LB1RA	2	2	0	122
0RB1RD_0RC1LD_1LB1RC_1RA1LB	2	2	0	155
0RB1RD_0RC1RC_1LA1LC_1LB0RD	2	2	0	445
0RB1RD_0RC1RC_1LA1LC_1LC0RD	2	2	0	425
0RB1RD_0RC1RC_1LA1RA_1LC0LD	4	2	0	354
0RB1RD_0RC1RD_1LA1LC_1LC1RA	2	2	0	131
0RB1RD_1LA0LC_1RD1LC_0LC1RA	2	2	0	152
0RB1RD_1LA0LC_1RD1LD_1LC0RA	2	2	0	70
0RB1RD_1LA0RC_1RB0LD_1LC1LD	2	2	0	116
0RB1RD_1LA0RC_1RB0LD_1LC1RD	2	2	0	116
0RB1RD_1LA1LC_0LD0LC_1RB0LA	2	2	0	247
0RB1RD_1LA1LC_0LD0LC_1RB1RB	2	2	0	173
0RB1RD_1LA1LC_0LD0LC_1RC1RB	2	2	0	183
0RB1RD_1LA1LC_1LD0LC_0RD1RB	2	2	0	331
0RB1RD_1LA1LC_1LD0LC_1RD1RB	2	2	0	163
0RB1RD_1LA1LC_1LD1LD_1RA0LC	2	2	0	131
0RB1RD_1LA1LC_1RA1LC_0LC0RC	2	2	0	196
0RB1RD_1LA1LC_1RA1LC_0LC1RA	2	2	0	136
0RB1RD_1LA1LC_1RB0LC_---1RB	2	2	0	320
0RB1RD_1LA1LC_1RB0LC_1RB0LA	2	2	0	464
0RB1RD_1LA1LC_1RB1LD_1RA0LC	2	2	0	153
0RB1RD_1LA1LC_1RC0RD_1LB0LC	2	2	0	375
0RB1RD_1LA1RC_0LD1RB_1RB1LD	2	2	0	138
0RB1RD_1LA1RC_0LD1RB_1RC1LD	2	2	0	137
0RB1RD_1LA1RC_1LA0RA_1LC0LD	3	2	0	372
0RB1RD_1LA1RC_1LA1LC_1LB0RD	2	2	0	371
0RB1RD_1LA1RC_1LA1LC_1LC0RD	2	2	0	371
0RB1RD_1LA1RC_1LC1LA_0RC0RD	2	2	0	108
0RB1RD_1LA1RC_1LC1LA_1LC0RD	2	2	0	191
0RB1RD_1LA1RC_1LD1RB_0RB1LD	2	2	0	183
0RB1RD_1LA1RC_1LD1RB_0RC1LD	2	2	0	181
0RB1RD_1LA1RC_1LD1RB_1RB1LD	2	2	0	125
0RB1RD_1LA1RC_1RD1LC_0LC1RA	2	2	0	150
0RB1RD_1LC---_1LD0LC_0RA0LC	2	2	0	138
0RB1RD_1LC---_1LD1LD_1RA0LC	2	2	0	125
0RB1RD_1LC---_1LD1RA_0RA0LC	2	2	0	138
0RB1RD_1LC---_1RA1LC_0LC0RC	2	2	0	188
0RB1RD_1LC---_1RA1LC_0LC1RA	2	2	0	128
0RB1RD_1LC0LA_0LD0LD_1RD1RB	2	2	0	256
0RB1RD_1LC0LA_0LD0RB_1RD1RB	2	2	0	460
0RB1RD_1LC0LA_0LD1LB_0RD1RB	2	2	0	187
0RB1RD_1LC0LA_0RD0LD_1RD1RB	2	2	0	245
0RB1RD_1LC0LA_0RD1LB_0RD1RB	2	2	0	167
0RB1RD_1LC0LA_1RA1LD_1RB1LC	2	2	0	203
0RB1RD_1LC0LA_1RC0LD_1RD1RB	2	2	0	260
0RB1RD_1LC0LA_1RC1RD_1LB1RC	2	2	0	229
0RB1RD_1LC0LA_1RD1LB_0RD1RB	2	2	0	191
0RB1RD_1LC0LA_1RD1LC_0RC1RB	2	2	0	213
0RB1RD_1LC0LA_1RD1LC_1RD1RB	2	2	0	167
0RB1RD_1LC0LB_0LD1RA_1RD0RB	2	2	0	300
0RB1RD_1LC0LC_1RA0RD_1LD1LB	3	2	0	517
0RB1RD_1LC0LD_0LD1LD_1RA0LC	2	2	0	155
0RB1RD_1LC0RA_0LD1LC_1RD1RB	3	2	0	330
0RB1RD_1LC0RA_1LA1LB_1LC1RC	2	2	0	187
0RB1RD_1LC0RA_1LA1LD_1LC0RA	2	2	0	137
0RB1RD_1LC0RA_1LD0LC_1RA1LC	4	2	0	203
0RB1RD_1LC0RA_1LD0LD_1RB1LC	3	2	0	1320
0RB1RD_1LC0RA_1LD1LC_1RB1RD	2	2	0	130
0RB1RD_1LC0RA_1RC1LB_1LC1RC	2	2	0	179
0RB1RD_1LC0RB_1LD0LC_1RA1LC	4	2	0	201
0RB1RD_1LC0RC_1LA0LD_1RC1RB	2	2	0	327
0RB1RD_1LC0RC_1LD0LC_1RA1LC	4	2	0	227
0RB1RD_1LC0RC_1LD0LC_1RB1RA	2	2	0	242
0RB1RD_1LC0RD_0RA0LB_1RB---	2	2	0	123
0RB1RD_1LC0RD_0RA0LD_1RB1LA	2	2	0	409
0RB1RD_1LC0RD_0RA1LB_1LB1RB	2	2	0	163
0RB1RD_1LC0RD_0RA1LB_1LC1RB	2	2	0	158
0RB1RD_1LC0RD_0RA1LB_1LD1RB	2	2	0	150
0RB1RD_1LC0RD_0RA1LB_1RB1RB	2	2	0	123
0RB1RD_1LC0RD_0RA1LD_1LC1RB	2	2	0	217
0RB1RD_1LC0RD_1LA0LB_1RB1RA	2	2	0	236
0RB1RD_1LC0RD_1LD1LB_1RA1RB	2	2	0	202
0RB1RD_1LC0RD_1RA0LB_1RB---	2	2	0	107
0RB1RD_1LC0RD_1RA1LB_0LB1RB	2	2	0	152
0RB1RD_1LC0RD_1RA1LB_0LD1RB	2	2	0	196
0RB1RD_1LC0RD_1RA1LB_1LB1RB	2	2	0	113
0RB1RD_1LC0RD_1RA1LB_1LD1RB	2	2	0	160
0RB1RD_1LC0RD_1RA1LB_1RB1RB	2	2	0	107
0RB1RD_1LC0RD_1RA1LD_1LC1RB	2	2	0	177
0RB1RD_1LC1LA_0RA0LD_1RB0RD	2	2	0	300
0RB1RD_1LC1LA_1LD0LB_1RB0RD	2	2	0	209
0RB1RD_1LC1LA_1LD0LC_1RB1RA	2	2	0	133
0RB1RD_1LC1LA_1LD0LD_1RB0RD	2	2	0	284
0RB1RD_1LC1LA_1RA0LB_1RB0RD	2	2	0	153
0RB1RD_1LC1LA_1RA0LD_1RB0RD	2	2	0	300
0RB1RD_1LC1LA_1RB0LD_1RB0RD	2	2	0	294
0RB1RD_1LC1LA_1RD0LD_1RB0RD	2	2	0	292
0RB1RD_1LC1LB_0LD0LB_1RD1RA	2	2	0	169
0RB1RD_1LC1LB_0LD0RB_0RD1RA	2	2	0	174
0RB1RD_1LC1LB_0LD0RB_1RD1RA	2	2	0	129
0RB1RD_1LC1LB_0LD1LC_0RD1RA	2	2	0	114
0RB1RD_1LC1LB_0LD1LC_1RD1RA	2	2	0	81
0RB1RD_1LC1LB_0RA---_1LB1RA	2	2	0	129
0RB1RD_1LC1LB_0RA0LD_1RB0RD	2	2	0	157
0RB1RD_1LC1LB_0RA1RD_1LB1RC	2	2	0	129
0RB1RD_1LC1LB_1RA0LC_1RB0RD	2	2	0	318
0RB1RD_1LC1LD_0LD---_1RA0LB	2	2	0	135
0RB1RD_1LC1LD_0LD1LD_1RA0LC	2	2	0	135
0RB1RD_1LC1LD_0RD0RC_1LA1RC	2	2	0	314
0RB1RD_1LC1LD_1LA0LC_0RA1RB	2	2	0	163
0RB1RD_1LC1LD_1RC0LB_1RA0LC	3	2	0	291
0RB1RD_1LC1RA_0LD1LC_0RD1RB	3	2	0	295
0RB1RD_1LC1RA_0LD1LC_1RD1RB	3	2	0	252
0RB1RD_1LC1RA_1LA1LD_1RA0LC	2	2	0	109
0RB1RD_1LC1RA_1LD0LC_1RA1LC	4	2	0	616
0RB1RD_1LC1RA_1LD0LD_1RD0LB	3	2	0	611
0RB1RD_1LC1RA_1RD0LC_1LB1LC	2	2	0	318
0RB1RD_1LC1RA_1RD0LC_1LB1RB	2	2	0	248
0RB1RD_1LC1RA_1RD0LD_0RC1RB	3	2	0	214
0RB1RD_1LC1RB_0RA1LD_1RB0LB	2	2	0	157
0RB1RD_1LC1RB_0RA1LD_1RB1LC	2	2	0	134
0RB1RD_1LC1RB_0RB1LD_1RA1LC	2	2	0	149
0RB1RD_1LC1RB_1LD1LC_0RA0RB	2	2	0	178
0RB1RD_1LC1RB_1LD1LC_1RA0RB	2	2	0	621
0RB1RD_1LC1RC_1LA1LD_1LC0RA	2	2	0	149
0RB1RD_1LC1RD_0RA0LD_1RB1LC	2	2	0	89
0RB1RD_1LC1RD_0RA1LD_1RB0LC	2	2	0	321
0RB1RD_1LC1RD_0RB1LC_1LA1RB	2	2	0	99
0RB1RD_1LC1RD_0RD1LC_1LA1RB	2	2	0	108
0RB1RD_1LC1RD_1LD1LC_0RA1RB	2	2	0	137
0RB1RD_1LC1RD_1RA1LB_1LC0RB	2	2	0	119
0RB1RD_1LC1RD_1RA1LD_1RB0LC	2	2	0	247
0RB1RD_1RC---_1RD1LC_0LC1RA	2	2	0	142
0RB1RD_1RC0LA_0LC1LD_1RB1LC	2	2	0	234
0RB1RD_1RC0LA_1LA0RA_1LC0LD	3	2	0	320
0RB1RD_1RC0LA_1LA1LC_1LC0RD	2	2	0	477
0RB1RD_1RC0LA_1LC1LA_0RC0RD	2	2	0	116
0RB1RD_1RC0LA_1LC1LA_1LC0RD	2	2	0	207
0RB1RD_1RC0LA_1LD0RB_1RB0LC	2	2	0	101
0RB1RD_1RC0LC_0LA0RD_1LD1LB	3	2	0	549
0RB1RD_1RC0LC_1LB1LA_---1RA	3	2	0	631
0RB1RD_1RC0LC_1RD0LA_1LB1RC	2	2	0	113
0RB1RD_1RC0LD_0LA0RD_1LB0LB	2	2	0	159
0RB1RD_1RC0LD_0LA0RD_1LB1RC	3	2	0	434
0RB1RD_1RC0LD_0LA1RA_1LB1LA	3	2	0	523
0RB1RD_1RC0LD_0LA1RB_0LD1LB	2	2	0	125
0RB1RD_1RC0LD_1LA0LC_1RD1LC	2	2	0	95
0RB1RD_1RC0LD_1LA0RB_1LB1LD	2	2	0	99
0RB1RD_1RC0LD_1LA0RB_1LB1RD	2	2	0	102
0RB1RD_1RC0LD_1LB0LA_1RD1RC	2	2	0	243
0RB1RD_1RC0LD_1LB0RA_1LC0RA	3	2	0	106
0RB1RD_1RC0LD_1LC1RA_1LB1LA	3	2	0	257
0RB1RD_1RC0LD_1RD1RB_1LA1LB	2	2	0	99
0RB1RD_1RC0RA_1LC1LA_0RC0RD	2	2	0	203
0RB1RD_1RC0RA_1LC1LB_0RC0RD	2	2	0	106
0RB1RD_1RC0RA_1LC1LB_1LC0RD	2	2	0	189
0RB1RD_1RC0RA_1LD0LC_1RA1LC	4	2	0	141
0RB1RD_1RC0RA_1LD0LD_1RB1LC	4	2	0	264
0RB1RD_1RC0RC_1LC0LA_1LA0RD	2	2	0	126
0RB1RD_1RC0RC_1LC0RA_1LA0RD	2	2	0	188
0RB1RD_1RC0RC_1LC1RA_1LA0RD	2	2	0	198
0RB1RD_1RC0RC_1LD0LC_1RA1LC	4	2	0	161
0RB1RD_1RC0RD_1LA0RC_1LD0LA	2	2	0	110
0RB1RD_1RC0RD_1LA0RC_1LD1LB	2	2	0	138
0RB1RD_1RC1LA_1LC1RA_1LB0LD	3	2	0	257
0RB1RD_1RC1LA_1LC1RB_0RC0RD	2	2	0	96
0RB1RD_1RC1LA_1LC1RB_1LC0RD	2	2	0	171
0RB1RD_1RC1LA_1LD0RD_1LB0LD	2	2	0	317
0RB1RD_1RC1LA_1RD0RD_1LB0LD	2	2	0	309
0RB1RD_1RC1LA_1RD1RA_1LB0LD	3	2	0	247
0RB1RD_1RC1LB_0LA1RD_0LB0RB	2	2	0	216
0RB1RD_1RC1LB_0LA1RD_0LB1RC	2	2	0	162
0RB1RD_1RC1LB_0LA1RD_1LB1RC	2	2	0	125
0RB1RD_1RC1LB_0LB1RD_1LA1RC	2	2	0	142
0RB1RD_1RC1LB_1LA1LC_0RC0RD	2	2	0	150
0RB1RD_1RC1LB_1LB0LA_1RD1RC	2	2	0	161
0RB1RD_1RC1LB_1LC1LA_0LC0RD	2	2	0	223
0RB1RD_1RC1LB_1LC1LA_0RC0RD	2	2	0	150
0RB1RD_1RC1LB_1LC1LA_1LC0RD	2	2	0	141
0RB1RD_1RC1LC_0LA0RD_1LB0LA	2	2	0	221
0RB1RD_1RC1LC_0LA0RD_1LB1RC	2	2	0	175
0RB1RD_1RC1LC_0LA1LB_1LA0RD	2	2	0	405
0RB1RD_1RC1LC_0LA1LC_1LA0RD	2	2	0	405
0RB1RD_1RC1LC_0RD1RA_1LD0LB	2	2	0	329
0RB1RD_1RC1LC_1LA---_0RC0RD	2	2	0	150
0RB1RD_1RC1LC_1LA---_1LA0RD	2	2	0	279
0RB1RD_1RC1LC_1LA---_1LC0RD	2	2	0	261
0RB1RD_1RC1LC_1LA0RC_---0RC	2	2	0	279
0RB1RD_1RC1LC_1LA0RC_0LA1LD	2	2	0	266
0RB1RD_1RC1LC_1LA0RC_0RC0LA	2	2	0	297
0RB1RD_1RC1LC_1LA0RC_1LB1LD	2	2	0	213
0RB1RD_1RC1LC_1LA0RC_1LD0LA	2	2	0	333
0RB1RD_1RC1LC_1LA0RC_1RC1LD	2	2	0	229
0RB1RD_1RC1LC_1LA0RD_0RC0RC	2	2	0	143
0RB1RD_1RC1LC_1LA0RD_1LA0RC	2	2	0	279
0RB1RD_1RC1LC_1LA0RD_1LC0RC	2	2	0	271
0RB1RD_1RC1LC_1LA1LD_0RD0RC	2	2	0	399
0RB1RD_1RC1LC_1LC0LA_1LA0RD	2	2	0	225
0RB1RD_1RC1LC_1LD0LB_1LB1RA	2	2	0	208
0RB1RD_1RC1LD_0LA1RC_1LD1LB	2	2	0	125
0RB1RD_1RC1LD_0LA1RD_1LB0RC	2	2	0	224
0RB1RD_1RC1LD_0LD1RC_1RA1LB	2	2	0	96
0RB1RD_1RC1LD_0RD0RC_1LA0RC	2	2	0	141
0RB1RD_1RC1LD_0RD0RC_1LA1RC	2	2	0	312
0RB1RD_1RC1LD_0RD0RD_1LA0RC	2	2	0	154
0RB1RD_1RC1LD_0RD1LC_1LA0RC	2	2	0	197
0RB1RD_1RC1LD_1LA0RC_1LA0RC	2	2	0	279
0RB1RD_1RC1LD_1LA0RC_1LD0LA	2	2	0	193
0RB1RD_1RC1LD_1LA0RD_1LA0RC	2	2	0	279
0RB1RD_1RC1LD_1LA1RD_1LB0RC	2	2	0	222
0RB1RD_1RC1LD_1LD0LC_0RA1LB	3	2	0	282
0RB1RD_1RC1LD_1LD0RD_1LA1LB	2	2	0	219
0RB1RD_1RC1RA_0LA0LD_1LC1LA	2	2	0	93
0RB1RD_1RC1RA_1LC1LA_0RC0RD	2	2	0	146
0RB1RD_1RC1RA_1LC1LA_1LC0RD	2	2	0	180
0RB1RD_1RC1RA_1LC1LB_0RC0RD	2	2	0	98
0RB1RD_1RC1RA_1LC1LB_1LC0RD	2	2	0	173
0RB1RD_1RC1RA_1LD0LB_1LB1LC	2	2	0	159
0RB1RD_1RC1RA_1LD0LC_1RA1LC	4	2	0	218
0RB1RD_1RC1RA_1LD0RB_1LB1LC	2	2	0	125
0RB1RD_1RC1RA_1LD0RB_1RD1LC	2	2	0	156
0RB1RD_1RC1RA_1LD1LA_0LA0LC	2	2	0	105
0RB1RD_1RC1RA_1LD1LA_1RD0LC	2	2	0	97
0RB1RD_1RC1RA_1LD1RA_1LB0LC	2	2	0	517
0RB1RD_1RC1RC_1LA0RA_1LC0LD	3	2	0	308
0RB1RD_1RC1RC_1LA1LC_1LC0RD	2	2	0	369
0RB1RD_1RC1RC_1LC1LA_0RC0RD	2	2	0	106
0RB1RD_1RC1RC_1LC1LA_1LC0RD	2	2	0	189
0RB1RD_1RC1RD_1LA0LC_1RD1LC	2	2	0	167
0RB1RD_1RC1RD_1LD0LC_0RA1LB	3	2	0	234
1RB---_0LB1LC_0LD0LC_1RD1RA	2	2	0	135
1RB---_0LB1LC_0RD0LC_1RD1RA	2	2	0	183
1RB---_0LB1LC_0RD1LB_1RA1RD	2	2	0	94
1RB---_0LB1LC_1RD0LB_1RA1RC	2	2	0	102
1RB---_0LB1LC_1RD0LC_1RC1RA	2	2	0	145
1RB---_0LB1LC_1RD0LC_1RD1RA	2	2	0	145
1RB---_0LB1RC_1LD0RB_1LA1LC	2	2	0	157
1RB---_0LC0LA_1RC0RD_1LB0RB	2	2	0	382
1RB---_0LC0LB_0LD1LB_1RD0RA	2	3	0	235
1RB---_0LC0LB_0LD1LB_1RD1RA	2	2	0	124
1RB---_0LC0LB_0RD1LB_1RD1RA	2	2	0	154
1RB---_0LC0LB_1RC0LD_1LB0RA	2	2	0	218
1RB---_0LC0LB_1RC1LD_1LA0LD	2	2	0	72
1RB---_0LC0LB_1RD1LB_1RD0RA	2	3	0	279
1RB---_0LC0LB_1RD1LB_1RD1RA	2	2	0	135
1RB---_0LC0LD_1RC1LD_1LA0LB	2	2	0	72
1RB---_0LC0RA_1LD1RC_1RC0LB	2	2	0	91
1RB---_0LC0RA_1RA1LD_0LC0LA	2	2	0	125
1RB---_0LC0RB_0RD1LA_1LC1LD	2	2	0	247
1RB---_0LC0RB_0RD1LA_1LD0RC	2	2	0	187
1RB---_0LC0RB_0RD1LA_1LD1LA	2	2	0	143
1RB---_0LC0RB_0RD1LC_1LD1LA	2	2	0	145
1RB---_0LC0RB_0RD1LC_1RA0LB	3	2	0	375
1RB---_0LC0RB_0RD1RC_1LD1LA	2	2	0	139
1RB---_0LC0RB_0RD1RD_1LD1LA	2	2	0	151
1RB---_0LC0RB_1LC0LD_1RA1RC	2	2	0	230
1RB---_0LC0RB_1LC0RD_1LA1LD	2	2	0	187
1RB---_0LC0RB_1LC1LA_------	2	2	0	191
1RB---_0LC0RB_1LC1LD_0RD1LA	2	2	0	211
1RB---_0LC0RB_1LC1LD_1LA---	2	2	0	107
1RB---_0LC0RB_1LC1LD_1RC1LA	2	2	0	117
1RB---_0LC0RB_1LD1LA_1LC1LA	2	2	0	191
1RB---_0LC0RB_1LD1LA_1LD1LA	2	2	0	191
1RB---_0LC0RB_1LD1RC_1LD1LA	2	2	0	165
1RB---_0LC0RB_1LD1RD_1LD1LA	2	2	0	165
1RB---_0LC0RB_1RA0LD_1LA1LC	2	2	0	122
1RB---_0LC0RB_1RA1LD_1LA0LC	2	2	0	168
1RB---_0LC0RB_1RA1LD_1LA1LB	3	2	0	338
1RB---_0LC0RC_0LD1LB_1RD0RA	4	2	0	570
1RB---_0LC0RC_0LD1LB_1RD1RA	4	2	0	684
1RB---_0LC0RC_0RD1LA_1LB0RD	2	2	0	235
1RB---_0LC0RC_1LA1LD_0LC0LD	2	2	0	311
1RB---_0LC0RC_1RA0LD_1LA1LB	3	2	0	260
1RB---_0LC0RC_1RA1LD_1RB0LB	3	2	0	219
1RB---_0LC0RC_1RD1LC_0RA1RB	2	2	0	196
1RB---_0LC0RC_1RD1LC_1RA1RB	2	2	0	184
1RB---_0LC0RD_0LD1LB_1LA0RA	4	2	0	781
1RB---_0LC0RD_0LD1LC_1LA1RB	3	2	0	195
1RB---_0LC0RD_0LD1LC_1RA0LC	3	2	0	511
1RB---_0LC0RD_0LD1LC_1RA0LD	2	2	0	141
1RB---_0LC0RD_0RA1LD_1LB0RA	3	2	0	242
1RB---_0LC0RD_0RD1LC_1RA0LB	3	2	0	309
1RB---_0LC0RD_1LA1LB_1RD0RA	4	2	0	404
1RB---_0LC0RD_1LA1LC_1RA0LD	2	2	0	122
1RB---_0LC0RD_1LB1LA_0RB---	2	2	0	137
1RB---_0LC0RD_1LB1RD_0RB1LA	2	2	0	183
1RB---_0LC0RD_1LC1LA_0LC0RB	2	2	0	191
1RB---_0LC0RD_1LC1LA_0LC0RD	2	2	0	191
1RB---_0LC0RD_1LC1LA_0RB0RB	2	2	0	147
1RB---_0LC0RD_1LC1LA_0RB0RD	2	2	0	147
1RB---_0LC0RD_1LC1LA_0RB1LD	2	2	0	251
1RB---_0LC0RD_1LC1LA_0RC0RB	2	2	0	147
1RB---_0LC0RD_1LC1LA_0RC0RD	2	2	0	124
1RB---_0LC0RD_1LC1LA_1LC0RB	2	2	0	131
1RB---_0LC0RD_1LC1LA_1LC0RD	2	2	0	131
1RB---_0LC0RD_1LC1LD_1LA0RB	2	2	0	107
1RB---_0LC0RD_1RA1LB_1RB0RD	2	2	0	165
1RB---_0LC0RD_1RA1LB_1RB1LD	2	2	0	132
1RB---_0LC0RD_1RD1LB_1RB0RA	2	2	0	165
1RB---_0LC0RD_1RD1LB_1RB1LA	2	2	0	132
1RB---_0LC1LD_1RA1RD_1LB0RC	2	2	0	108
1RB---_0LC1LD_1RC0RD_1LA0LC	2	2	0	362
1RB---_0LC1RA_---0LD_1LA1LC	2	2	0	88
1RB---_0LC1RA_---1LD_1RB0LC	2	2	0	120
1RB---_0LC1RA_0RA0LD_1LB0RC	3	2	0	378
1RB---_0LC1RA_0RA0LD_1LB1LC	2	2	0	93
1RB---_0LC1RA_1LA0LD_0RB1LC	2	2	0	98
1RB---_0LC1RA_1LA0LD_1LB1LC	2	2	0	70
1RB---_0LC1RA_1LC0LD_1LA0RB	2	2	0	120
1RB---_0LC1RB_---1LD_1LA1LC	2	2	0	88
1RB---_0LC1RB_0RA1LD_1LB1LC	2	2	0	93
1RB---_0LC1RB_1LA1LD_1RB1LC	2	2	0	97
1RB---_0LC1RB_1RA1LD_0LC1LC	2	2	0	88
1RB---_0LC1RC_0RA1LD_1LB0LD	3	2	0	546
1RB---_0LC1RC_0RD1LD_1LA0LD	2	2	0	106
1RB---_0LC1RC_1LD0RB_1LA1LC	2	2	0	184
1RB---_0LC1RC_1RB0LD_1LA1LC	2	2	0	88
1RB---_0LC1RC_1RB0LD_1RA1LC	2	2	0	172
1RB---_0LC1RC_1RC0RD_1LB1LA	2	2	0	258
1RB---_0LC1RC_1RC1LD_1LA0LD	2	2	0	80
1RB---_0LC1RD_0LD1LC_0RA0LC	3	2	0	225
1RB---_0LC1RD_0LD1LC_0RA0LD	3	2	0	341
1RB---_0LC1RD_0LD1LC_0RA0RB	3	2	0	461
1RB---_0LC1RD_0RA1LB_0RA0LC	3	2	0	285
1RB---_0LC1RD_0RA1LB_0RA0LD	3	2	0	401
1RB---_0LC1RD_0RA1LB_1RC0LC	4	2	0	523
1RB---_0LC1RD_0RB1LC_1RA1RB	2	2	0	94
1RB---_0LC1RD_1LA1LC_---1RB	2	2	0	88
1RB---_0LC1RD_1LD1LA_0RB0LC	2	2	0	137
1RB---_0LC1RD_1RA1LB_0RC0LC	4	2	0	340
1RB---_0LC1RD_1RB1LC_1RA1RB	2	2	0	134
1RB---_0LC1RD_1RD1LC_0RA1RB	2	2	0	134
1RB---_0LC1RD_1RD1LC_1RA1RB	2	2	0	126
1RB---_0RC---_0LD0RC_1LD0LA	2	2	0	165
1RB---_0RC---_0RD0RC_1LD0LA	2	2	0	117
1RB---_0RC---_1LD0RC_1LD0LA	2	2	0	127
1RB---_0RC0LA_0LD1RC_1LB1LD	2	3	0	266
1RB---_0RC0LA_0RD0RC_1LD0RB	2	2	0	95
1RB---_0RC0LA_1LC1LD_0RB1LC	2	2	0	313
1RB---_0RC0LA_1LD0RC_1LD0RB	2	2	0	189
1RB---_0RC0LA_1LD1RC_1LB1LD	2	3	0	208
1RB---_0RC0LB_1LD0RD_1LB0LA	2	2	0	214
1RB---_0RC0LD_1LA1RB_1LB1RD	2	2	0	134
1RB---_0RC0LD_1RD1RA_1LB0LD	3	2	0	499
1RB---_0RC0RB_0LD---_1LD1LA	2	2	0	146
1RB---_0RC0RB_0LD0RB_1LD0LA	2	2	0	146
1RB---_0RC0RB_0LD1LA_1LC0RC	2	2	0	236
1RB---_0RC0RB_0LD1LA_1LC1LC	2	2	0	192
1RB---_0RC0RB_0LD1LA_1LD0RC	2	2	0	210
1RB---_0RC0RB_0LD1LA_1LD1LB	2	2	0	158
1RB---_0RC0RB_0LD1LA_1RC1LC	2	2	0	216
1RB---_0RC0RB_0RD---_1LD1LA	2	2	0	120
1RB---_0RC0RB_0RD0RB_1LD0LA	2	2	0	120
1RB---_0RC0RB_0RD1LA_1LC1LD	2	2	0	208
1RB---_0RC0RB_0RD1LA_1LD0RC	2	2	0	131
1RB---_0RC0RB_0RD1LA_1LD1LB	2	2	0	128
1RB---_0RC0RB_0RD1RB_1LD0LA	2	3	0	380
1RB---_0RC0RB_1LB0LD_1LD1LA	2	2	0	158
1RB---_0RC0RB_1LB0RD_1LD1LA	2	2	0	128
1RB---_0RC0RB_1LB1LD_1LD1LA	2	2	0	135
1RB---_0RC0RB_1LC0LD_0RA---	2	2	0	101
1RB---_0RC0RB_1LC0LD_0RD1LA	2	2	0	109
1RB---_0RC0RB_1LC0LD_1LA1RA	2	2	0	106
1RB---_0RC0RB_1LC0LD_1RA0LA	2	2	0	99
1RB---_0RC0RB_1LC0LD_1RA0RA	2	2	0	155
1RB---_0RC0RB_1LC0LD_1RA0RB	2	2	0	199
1RB---_0RC0RB_1LC0LD_1RA1LA	2	2	0	211
1RB---_0RC0RB_1LC0LD_1RA1LB	2	3	0	315
1RB---_0RC0RB_1LC0LD_1RA1RA	2	2	0	101
1RB---_0RC0RB_1LC0LD_1RA1RB	2	2	0	224
1RB---_0RC0RB_1LC0LD_1RA1RC	2	2	0	143
1RB---_0RC0RB_1LC0LD_1RB1RA	2	2	0	97
1RB---_0RC0RB_1LC0RD_---1LA	2	2	0	106
1RB---_0RC0RB_1LC0RD_0RA0LD	2	2	0	202
1RB---_0RC0RB_1LC0RD_1LA1LD	2	2	0	135
1RB---_0RC0RB_1LC0RD_1RA0LD	2	2	0	223
1RB---_0RC0RB_1LC1LA_------	2	2	0	125
1RB---_0RC0RB_1LC1LD_0RD1LA	2	2	0	133
1RB---_0RC0RB_1LC1LD_1LA---	2	2	0	78
1RB---_0RC0RB_1LC1LD_1RC1LA	2	2	0	84
1RB---_0RC0RB_1LC1RD_1LA1LD	2	2	0	84
1RB---_0RC0RB_1LD---_1LD1LA	2	2	0	125
1RB---_0RC0RB_1LD0RB_1LD0LA	2	2	0	125
1RB---_0RC0RB_1LD0RD_1LC1LA	2	2	0	106
1RB---_0RC0RB_1LD1LA_0LB---	2	2	0	322
1RB---_0RC0RB_1LD1LA_0LC0LB	3	2	0	395
1RB---_0RC0RB_1LD1LA_0LC1LD	3	2	0	327
1RB---_0RC0RB_1LD1LA_1LC0RC	2	2	0	88
1RB---_0RC0RB_1LD1LA_1LC1LA	2	2	0	125
1RB---_0RC0RB_1LD1LA_1LC1LB	2	2	0	129
1RB---_0RC0RB_1LD1LA_1LD0RC	2	2	0	106
1RB---_0RC0RB_1LD1LA_1LD1LB	2	2	0	133
1RB---_0RC0RB_1LD1LC_0RC1LA	2	2	0	231
1RB---_0RC0RB_1LD1RB_1LD0LA	2	3	0	285
1RB---_0RC0RB_1RD0RA_1LD0LC	2	2	0	222
1RB---_0RC0RB_1RD1LA_1LD0LC	2	3	0	656
1RB---_0RC0RB_1RD1RA_1LD0LC	2	2	0	227
1RB---_0RC0RC_0LD0RB_1LD0LA	2	2	0	146
1RB---_0RC0RC_0LD0RB_1LD1LA	2	2	0	146
1RB---_0RC0RC_0LD0RC_1LD1LA	2	2	0	165
1RB---_0RC0RC_0RD0RB_1LD0LA	2	2	0	120
1RB---_0RC0RC_0RD0RB_1LD1LA	2	2	0	120
1RB---_0RC0RC_0RD0RC_1LD1LA	2	2	0	117
1RB---_0RC0RC_1LD0RB_1LD0LA	2	2	0	127
1RB---_0RC0RC_1LD0RB_1LD1LA	2	2	0	127
1RB---_0RC0RC_1LD0RC_1LD1LA	2	2	0	127
1RB---_0RC0RD_1LC0LD_0RA0RB	2	2	0	101
1RB---_0RC0RD_1LC1LA_0LB0RB	2	2	0	137
1RB---_0RC0RD_1LC1LA_0LB0RD	2	2	0	137
1RB---_0RC0RD_1LC1LA_0LC0RB	2	2	0	146
1RB---_0RC0RD_1LC1LA_0LC0RD	2	2	0	181
1RB---_0RC0RD_1LC1LA_0RB0RB	2	2	0	116
1RB---_0RC0RD_1LC1LA_0RB0RD	2	2	0	116
1RB---_0RC0RD_1LC1LA_0RB1LD	2	2	0	212
1RB---_0RC0RD_1LC1LA_0RC0RB	2	2	0	125
1RB---_0RC0RD_1LC1LA_0RC0RD	2	2	0	125
1RB---_0RC0RD_1LC1LA_1LC0RB	2	2	0	127
1RB---_0RC0RD_1LC1LA_1LC0RD	2	2	0	127
1RB---_0RC0RD_1LC1LD_1LA0RB	2	2	0	78
1RB---_0RC1LB_0LD0RB_1LD0LA	2	2	0	246
1RB---_0RC1LB_0RD0RB_1LD0LA	2	2	0	212
1RB---_0RC1LB_0RD1RD_1LA1RC	2	2	0	89
1RB---_0RC1LB_1LA1RD_0RC1RC	2	2	0	90
1RB---_0RC1LB_1LA1RD_1RA1RC	2	2	0	80
1RB---_0RC1LB_1LD0RB_1LD0LA	2	2	0	213
1RB---_0RC1LC_1LB0RD_1LA1RC	2	2	0	106
1RB---_0RC1LC_1LD0LD_0RB0LA	2	2	0	335
1RB---_0RC1LC_1LD0RC_0RB0LA	2	2	0	231
1RB---_0RC1LC_1RD0RA_1LB0LD	3	2	0	384
1RB---_0RC1LD_0RD1RC_1LA1LB	2	2	0	89
1RB---_0RC1LD_1LA0RB_0LA0LB	4	2	0	1851
1RB---_0RC1LD_1LD0LA_1LD1LB	2	2	0	221
1RB---_0RC1LD_1LD0LA_1RD1LB	2	2	0	233
1RB---_0RC1LD_1LD0RD_1LB0LA	2	2	0	168
1RB---_0RC1RA_0LC0LD_1LA1LC	2	2	0	93
1RB---_0RC1RA_0LC1LD_1RB0LC	2	2	0	136
1RB---_0RC1RB_0LC1LD_1LA1LC	2	2	0	93
1RB---_0RC1RB_1LC0LD_0RA0LB	2	2	0	130
1RB---_0RC1RB_1LC0LD_0RA0RC	2	2	0	106
1RB---_0RC1RB_1LC1LD_1LA1LC	2	2	0	68
1RB---_0RC1RC_1LD0RC_0LB0LA	2	2	0	229
1RB---_0RC1RD_1LC0LD_1RA0LD	2	3	0	113
1RB---_1LB0LC_0LD0LB_1RD1RA	2	2	0	66
1RB---_1LB0LC_0LD0LC_1RD1RA	2	2	0	66
1RB---_1LB0LC_0RD0LB_1RD1RA	2	2	0	94
1RB---_1LB0LC_0RD0LC_1RD1RA	2	2	0	94
1RB---_1LB0LC_1RC0RD_0LA0LC	2	2	0	358
1RB---_1LB0LC_1RD0LC_1RD1RA	2	2	0	124
1RB---_1LB0RC_1LA1LD_0LC0LD	2	2	0	371
1RB---_1LB1LC_1LA0LD_1RD0RC	2	2	0	331
1RB---_1LB1LC_1LA1RD_0LB0RD	2	2	0	99
1RB---_1LB1LC_1LA1RD_0RB0RD	2	2	0	81
1RB---_1LB1LC_1LA1RD_1LB0RD	2	2	0	125
1RB---_1LB1LC_1RD1LB_1LA0RD	2	2	0	149
1RB---_1LB1LC_1RD1LB_1RA0RD	2	2	0	119
1RB---_1LB1LC_1RD1LB_1RA1RD	2	2	0	102
1RB---_1LB1RC_0LD0RC_1LD0LA	2	2	0	183
1RB---_1LB1RC_0RA0LD_0LC1LD	3	2	0	239
1RB---_1LB1RC_0RD0RC_1LD0LA	2	2	0	127
1RB---_1LB1RC_1LD0RB_1LA1LC	2	2	0	121
1RB---_1LB1RC_1LD0RC_1LD0LA	2	2	0	139
1RB---_1LB1RC_1RC1LD_1LA0LD	2	2	0	90
1RB---_1LC---_0LA0LD_1RD0RC	2	2	0	358
1RB---_1LC---_0LD0LC_1RD1RA	2	2	0	66
1RB---_1LC---_0RD0LC_1RD1RA	2	2	0	94
1RB---_1LC---_1RD0LC_1RD1RA	2	2	0	124
1RB---_1LC0LA_0LD1RD_0RB0RD	2	2	0	306
1RB---_1LC0LA_0RD0LB_1LB1RC	2	2	0	231
1RB---_1LC0LA_1LB1RD_1LB0RD	2	2	0	131
1RB---_1LC0LA_1LB1RD_1LC0RD	2	2	0	139
1RB---_1LC0LA_1RD0LB_1LB0RC	2	2	0	220
1RB---_1LC0LA_1RD0LC_0LD0RB	2	2	0	354
1RB---_1LC0LA_1RD0LC_0RB0RB	2	2	0	314
1RB---_1LC0LB_1RD0LB_1RA0RC	2	2	0	142
1RB---_1LC0LB_1RD1RC_1LB0RA	4	2	0	496
1RB---_1LC0LC_0LD0LB_1RD0RA	2	2	0	342
1RB---_1LC0LC_1RD0LB_0RA0RB	2	2	0	492
1RB---_1LC0LC_1RD0LB_1RA0RB	2	2	0	114
1RB---_1LC0LC_1RD0LB_1RA0RC	2	2	0	142
1RB---_1LC0LD_0RB0LC_1RD1RA	2	2	0	144
1RB---_1LC0LD_1RD1LC_1RA0RB	2	2	0	262
1RB---_1LC0RA_0LD0LB_0RD1RA	2	2	0	122
1RB---_1LC0RA_0LD0LB_1RA---	2	2	0	111
1RB---_1LC0RA_0LD0LB_1RC1RA	2	2	0	115
1RB---_1LC0RA_0LD0LB_1RD0RA	2	2	0	111
1RB---_1LC0RA_0LD0LB_1RD1RA	2	2	0	154
1RB---_1LC0RA_0LD0LC_1LA1LC	2	2	0	132
1RB---_1LC0RA_0RD0LB_---1RA	2	2	0	121
1RB---_1LC0RA_0RD0LB_1LA1RC	2	2	0	66
1RB---_1LC0RA_0RD0LB_1LB1RC	2	2	0	136
1RB---_1LC0RA_0RD0LB_1RA0LC	2	2	0	127
1RB---_1LC0RA_0RD0LB_1RB1RD	2	2	0	121
1RB---_1LC0RA_1LD0LB_1RD1RB	2	2	0	111
1RB---_1LC0RA_1LD0LC_1RB0LB	4	2	0	236
1RB---_1LC0RA_1RD0LB_---1RA	2	2	0	99
1RB---_1LC0RA_1RD0LB_1RA0LD	2	2	0	73
1RB---_1LC0RA_1RD0LB_1RB1RD	2	2	0	99
1RB---_1LC0RB_0LD1LA_0RB1RB	2	2	0	245
1RB---_1LC0RB_0LD1LA_1LD0LA	2	2	0	197
1RB---_1LC0RB_0RC0RD_1LD1LA	2	2	0	131
1RB---_1LC0RB_0RD0LC_1LA1LB	2	2	0	259
1RB---_1LC0RB_0RD0LD_0RA1LB	2	2	0	327
1RB---_1LC0RB_0RD1LA_---1LB	2	2	0	247
1RB---_1LC0RB_0RD1LA_1LB0LC	2	2	0	357
1RB---_1LC0RB_0RD1LA_1LB1LD	2	2	0	193
1RB---_1LC0RB_0RD1LA_1LC1LD	2	2	0	247
1RB---_1LC0RB_0RD1LA_1LD0RC	2	2	0	127
1RB---_1LC0RB_0RD1LD_1LA1LB	2	2	0	209
1RB---_1LC0RB_1LB0RD_1LA1LD	2	2	0	149
1RB---_1LC0RB_1LB1LA_------	2	2	0	137
1RB---_1LC0RB_1LB1LD_0RD1LA	2	2	0	149
1RB---_1LC0RB_1LC0LD_0RA---	2	2	0	183
1RB---_1LC0RB_1LC0LD_0RD1LA	2	2	0	199
1RB---_1LC0RB_1LC0LD_0RD1RA	2	2	0	189
1RB---_1LC0RB_1LC0LD_1RA0RA	2	2	0	183
1RB---_1LC0RB_1LC0LD_1RA1LA	2	2	0	159
1RB---_1LC0RB_1LC0LD_1RA1RA	2	2	0	183
1RB---_1LC0RB_1LC0LD_1RA1RB	2	2	0	164
1RB---_1LC0RB_1LC0LD_1RA1RC	2	2	0	164
1RB---_1LC0RB_1LC0LD_1RD1RA	2	2	0	189
1RB---_1LC0RB_1LC0RD_---1LA	2	2	0	193
1RB---_1LC0RB_1LC0RD_1LA1LD	2	2	0	149
1RB---_1LC0RB_1LC1LA_------	2	2	0	137
1RB---_1LC0RB_1LC1LD_0RD1LA	2	2	0	149
1RB---_1LC0RB_1LC1LD_1LA---	2	2	0	117
1RB---_1LC0RB_1LC1LD_1RC1LA	2	2	0	125
1RB---_1LC0RB_1LC1RD_1LA1LD	2	2	0	127
1RB---_1LC0RB_1LD0RD_1LB1LA	3	2	0	495
1RB---_1LC0RB_1LD0RD_1LC1LA	2	2	0	131
1RB---_1LC0RB_1LD0RD_1LD1LA	2	2	0	131
1RB---_1LC0RB_1LD1LA_0RD1LB	2	2	0	191
1RB---_1LC0RB_1LD1LA_1LC---	2	2	0	137
1RB---_1LC0RB_1LD1LA_1LD0LA	2	2	0	117
1RB---_1LC0RB_1LD1LA_1LD0RC	2	2	0	163
1RB---_1LC0RB_1LD1LA_1LD1LA	2	2	0	137
1RB---_1LC0RB_1LD1RB_1LB0LA	3	2	0	493
1RB---_1LC0RB_1LD1RB_1LB1LA	3	2	0	481
1RB---_1LC0RB_1LD1RB_1LC0LA	2	2	0	139
1RB---_1LC0RB_1LD1RB_1LC1LA	2	2	0	129
1RB---_1LC0RB_1LD1RB_1LD0LA	2	2	0	139
1RB---_1LC0RB_1LD1RB_1LD1LA	2	2	0	129
1RB---_1LC0RB_1RC1LD_1LA1LC	2	2	0	209
1RB---_1LC0RB_1RD0LB_1RA0RC	2	2	0	94
1RB---_1LC0RB_1RD1LA_1LC1LD	2	2	0	193
1RB---_1LC0RC_1LA1LD_0LC0LD	2	2	0	311
1RB---_1LC0RC_1RA0LD_0RA0LB	3	2	0	106
1RB---_1LC0RC_1RC0LD_1LB0RA	3	2	0	324
1RB---_1LC0RD_0LB0RD_0RB1LA	2	2	0	99
1RB---_1LC0RD_0LB1LD_0RB1LA	2	2	0	102
1RB---_1LC0RD_0LC1LA_0RD0RB	2	2	0	147
1RB---_1LC0RD_0LC1LA_0RD1LC	2	2	0	191
1RB---_1LC0RD_0LD0LC_1LA0LA	2	2	0	213
1RB---_1LC0RD_0LD0LC_1LA0LB	2	2	0	235
1RB---_1LC0RD_0LD0LC_1LA1LB	2	2	0	240
1RB---_1LC0RD_0LD0LC_1LA1LC	2	2	0	359
1RB---_1LC0RD_0LD0LC_1LA1RB	2	3	0	767
1RB---_1LC0RD_0LD0LD_1RA0LB	3	2	0	96
1RB---_1LC0RD_0LD1LC_1RA0LC	3	2	0	1012
1RB---_1LC0RD_0RA1LD_0LC1RC	2	2	0	150
1RB---_1LC0RD_0RB0LC_1RD1RA	2	2	0	226
1RB---_1LC0RD_0RB0LD_1LB0RA	3	2	0	268
1RB---_1LC0RD_0RB0LD_1RA0LB	3	2	0	118
1RB---_1LC0RD_0RD0LB_1RB1RA	2	2	0	121
1RB---_1LC0RD_0RD0LC_1LA0LA	2	2	0	334
1RB---_1LC0RD_1LA0LB_1RB0LA	2	2	0	71
1RB---_1LC0RD_1LA0LB_1RB0LD	2	2	0	71
1RB---_1LC0RD_1LA0LB_1RB1LA	2	2	0	115
1RB---_1LC0RD_1LA0LB_1RB1LD	2	2	0	115
1RB---_1LC0RD_1LA0LC_1LA0LA	2	2	0	156
1RB---_1LC0RD_1LA0LC_1LA0LB	2	2	0	277
1RB---_1LC0RD_1LA0LC_1LA1LB	2	2	0	287
1RB---_1LC0RD_1LA1LB_---1RB	2	2	0	98
1RB---_1LC0RD_1LA1LB_0RA0LD	2	2	0	138
1RB---_1LC0RD_1LA1LD_0LB0RA	3	2	0	191
1RB---_1LC0RD_1LA1LD_1LC1RB	2	2	0	98
1RB---_1LC0RD_1LB1LA_---0RB	2	2	0	137
1RB---_1LC0RD_1LB1LA_1LC0RD	2	2	0	137
1RB---_1LC0RD_1LC1LA_---0RB	2	2	0	137
1RB---_1LC0RD_1LC1LA_0LB0RD	2	2	0	163
1RB---_1LC0RD_1LC1LA_0LC0RD	2	2	0	163
1RB---_1LC0RD_1LC1LA_0RB0RD	2	2	0	107
1RB---_1LC0RD_1LC1LA_0RB1LD	2	2	0	195
1RB---_1LC0RD_1LC1LA_0RC0RD	2	2	0	107
1RB---_1LC0RD_1LC1LA_1LB0RD	2	2	0	137
1RB---_1LC0RD_1LC1LA_1LC0RD	2	2	0	137
1RB---_1LC0RD_1LD0LB_1RB1LA	2	2	0	115
1RB---_1LC0RD_1LD1LA_1LC0RB	2	2	0	137
1RB---_1LC0RD_1LD1LA_1LC0RD	2	2	0	137
1RB---_1LC0RD_1RB0LB_1RD0RA	4	2	0	236
1RB---_1LC0RD_1RB0LD_1LA0LC	2	2	0	156
1RB---_1LC0RD_1RB0LD_1LB0RA	3	2	0	164
1RB---_1LC0RD_1RB0LD_1RA0LB	3	2	0	141
1RB---_1LC0RD_1RD0LB_1RB1RA	2	2	0	99
1RB---_1LC0RD_1RD1LD_0LB0RA	3	2	0	253
1RB---_1LC1LB_1RD0LB_1RA0RC	2	2	0	116
1RB---_1LC1LC_1LA0LD_1RD0RC	2	2	0	358
1RB---_1LC1LD_1LB0LD_1RA0RC	2	2	0	362
1RB---_1LC1LD_1LC0LD_1RA0RC	2	2	0	362
1RB---_1LC1LD_1RA1RD_1RC0LB	2	2	0	110
1RB---_1LC1RA_---0LD_0RA1LC	2	2	0	77
1RB---_1LC1RA_---0LD_1LA1LC	2	2	0	58
1RB---_1LC1RA_0LB0LD_0RA0RC	2	2	0	103
1RB---_1LC1RA_0LB0LD_1LA0RC	2	2	0	76
1RB---_1LC1RA_0LD0LC_1RD0LB	2	2	0	126
1RB---_1LC1RA_0RD0LC_1RD0LB	2	2	0	184
1RB---_1LC1RA_1RD0LC_1RD0LB	2	2	0	138
1RB---_1LC1RB_0LA1LD_0RB0LB	2	2	0	187
1RB---_1LC1RB_0LA1LD_0RB1LC	2	2	0	127
1RB---_1LC1RB_0LB0LD_1RA0RB	2	2	0	212
1RB---_1LC1RB_0RA1LD_0LC0LB	2	2	0	173
1RB---_1LC1RB_0RA1LD_0LC1LC	2	2	0	127
1RB---_1LC1RB_0RB1LD_1LA1LC	2	2	0	110
1RB---_1LC1RB_0RD0LB_0LA1RC	2	2	0	126
1RB---_1LC1RB_0RD0LB_1LA1RC	2	2	0	320
1RB---_1LC1RB_0RD0LB_1RA1RC	2	2	0	123
1RB---_1LC1RB_1LA1LD_0RB0LB	2	2	0	175
1RB---_1LC1RB_1LA1LD_0RB1LC	2	2	0	120
1RB---_1LC1RB_1LB0LD_1RA0RC	2	2	0	166
1RB---_1LC1RB_1LC0LD_1RA0RB	2	2	0	166
1RB---_1LC1RB_1LC0LD_1RA0RC	2	2	0	166
1RB---_1LC1RB_1RD0LB_1RA0RC	2	2	0	110
1RB---_1LC1RC_0RD1LD_1LA0LD	2	2	0	106
1RB---_1LC1RC_1LD0RB_1LA1LC	2	2	0	127
1RB---_1LC1RC_1RB0LD_0RA1LC	2	2	0	77
1RB---_1LC1RC_1RB0LD_1LA1LC	2	2	0	58
1RB---_1LC1RC_1RB0LD_1RA1LC	2	2	0	99
1RB---_1LC1RC_1RC1LD_1LA0LD	2	2	0	80
1RB---_1LC1RC_1RD0LC_0LB1RA	2	2	0	222
1RB---_1LC1RD_0RA1LD_1RB0LC	2	2	0	238
1RB---_1LC1RD_0RB0LC_1RD1RA	2	2	0	104
1RB---_1LC1RD_0RB1LC_1RA1RB	2	2	0	126
1RB---_1LC1RD_0RD0LB_1LC0RA	3	2	0	318
1RB---_1LC1RD_0RD1LC_1RA1RB	2	2	0	116
1RB---_1LC1RD_1LA0LB_0LD0RA	2	2	0	161
1RB---_1LC1RD_1LA0LB_1LC0RA	3	2	0	210
1RB---_1LC1RD_1LA0LC_1LD1RB	2	2	0	198
1RB---_1LC1RD_1LA0LC_1RD1LC	2	2	0	88
1RB---_1LC1RD_1LA0LC_1RD1RA	2	2	0	66
1RB---_1LC1RD_1LA0LC_1RD1RB	2	2	0	118
1RB---_1LC1RD_1LA1LD_1RB0LC	2	2	0	202
1RB---_1LC1RD_1LD1LC_1LA1RB	2	2	0	106
1RB---_1LC1RD_1RA1LD_1RB0LC	2	2	0	217
1RB---_1LC1RD_1RD1LC_1RA1RB	2	2	0	102
1RB---_1RC---_1LD0RB_0LA0LC	2	2	0	99
1RB---_1RC0LA_0LD0RB_0LA1LD	2	2	0	102
1RB---_1RC0LA_0LD0RC_1LD1LB	2	2	0	182
1RB---_1RC0LA_0RD0RC_1LD0RB	2	2	0	200
1RB---_1RC0LA_0RD0RC_1LD1LB	2	2	0	134
1RB---_1RC0LA_1LD0RC_1LC1LB	2	2	0	144
1RB---_1RC0LA_1LD0RC_1LD1LB	2	2	0	144
1RB---_1RC0LC_1LD0RA_0LA0LB	3	2	0	90
1RB---_1RC0LC_1LD0RA_0RC0LB	3	2	0	124
1RB---_1RC0LC_1RD0LB_1LC0RA	4	2	0	403
1RB---_1RC0LD_1LB0RA_0LC0LC	3	2	0	110
1RB---_1RC0LD_1LB0RA_0RB0LC	3	2	0	130
1RB---_1RC0LD_1LB0RA_1RB0LC	3	2	0	155
1RB---_1RC0LD_1LD0RA_1LB0LB	3	2	0	1270
1RB---_1RC0LD_1RD0RA_1LB1LB	4	2	0	691
1RB---_1RC0RA_0LC1LD_0LA0LB	2	2	0	105
1RB---_1RC0RA_1LD0LC_1RB0LC	2	2	0	148
1RB---_1RC0RB_0LC0LD_1LD1LA	2	2	0	203
1RB---_1RC0RB_0LC0RD_1LD1LA	2	2	0	135
1RB---_1RC0RB_0LC1LD_1LD1LA	2	2	0	146
1RB---_1RC0RB_0LD0RB_0LA1LC	2	2	0	137
1RB---_1RC0RB_0LD0RB_1RA1LC	2	2	0	171
1RB---_1RC0RB_0LD1LA_1LD0RC	2	2	0	230
1RB---_1RC0RB_0RD1RA_1LD0LC	2	2	0	131
1RB---_1RC0RB_1LC0LD_0LC1RA	2	2	0	1766
1RB---_1RC0RB_1LC0LD_0RC1RA	2	2	0	104
1RB---_1RC0RB_1LC0LD_1RC0RA	2	2	0	304
1RB---_1RC0RB_1LC0LD_1RC1RA	2	2	0	319
1RB---_1RC0RB_1LC1LD_0LB1LA	2	2	0	118
1RB---_1RC0RB_1LC1LD_1LD1LA	2	2	0	125
1RB---_1RC0RB_1LD1LA_0LB1LC	3	2	0	319
1RB---_1RC0RB_1LD1LA_1LC0RD	2	2	0	128
1RB---_1RC0RB_1LD1LC_1LA0LB	2	2	0	138
1RB---_1RC0RC_1LC0LD_0RA0LB	2	2	0	281
1RB---_1RC0RD_0LD0LC_1LA1LC	2	2	0	361
1RB---_1RC0RD_1LC0LB_1LA0RB	2	2	0	170
1RB---_1RC0RD_1LD1LA_1LC0RB	2	2	0	128
1RB---_1RC0RD_1LD1LA_1LC0RD	2	2	0	119
1RB---_1RC1LB_0LB1RD_0RA1RC	2	2	0	142
1RB---_1RC1LB_0LB1RD_1RA1RC	2	2	0	124
1RB---_1RC1LB_0LD0RB_0RA1LC	2	2	0	135
1RB---_1RC1LB_0LD0RB_1LA1LC	2	2	0	132
1RB---_1RC1LB_0LD0RB_1RA1LC	2	2	0	331
1RB---_1RC1LB_1LD0RB_1LA0LC	2	2	0	102
1RB---_1RC1LC_1LB0RD_1LA1RC	2	2	0	70
1RB---_1RC1LD_0LB0RB_0LB0LA	2	2	0	127
1RB---_1RC1LD_0LB1RC_0LA1LB	2	2	0	85
1RB---_1RC1LD_0LB1RC_1LA1LB	2	2	0	129
1RB---_1RC1LD_0LB1RD_1RA0LD	2	2	0	67
1RB---_1RC1LD_0LD0RB_0LA1LC	2	2	0	137
1RB---_1RC1LD_0LD0RD_0LA0LB	2	2	0	102
1RB---_1RC1LD_0LD1RB_0LA0LB	2	2	0	76
1RB---_1RC1LD_0LD1RC_0LA1LB	2	2	0	76
1RB---_1RC1LD_0LD1RC_1LA1LB	2	2	0	121
1RB---_1RC1LD_1LB0RB_0LB0LA	2	2	0	121
1RB---_1RC1LD_1LC1RB_0LA0LB	2	2	0	57
1RB---_1RC1LD_1LD0RD_0LA0LB	2	2	0	69
1RB---_1RC1LD_1LD1RB_0LA0LB	2	2	0	51
1RB---_1RC1LD_1LD1RC_1LA1LB	2	2	0	107
1RB---_1RC1LD_1RD0RA_0LB0RB	4	2	0	722
1RB---_1RC1LD_1RD1RA_0LB0RB	2	2	0	289
1RB---_1RC1RB_1LD0RB_1LA0LC	2	3	0	214
1RB---_1RC1RC_1LD0RB_0LA1LC	2	2	0	124
1RB---_1RC1RC_1LD0RB_1LA0LC	2	2	0	99
1RB---_1RC1RC_1LD0RB_1LA1LC	2	2	0	124
1RB---_1RC1RD_0LD1LC_0RA0LC	3	2	0	245
1RB---_1RC1RD_1LD0RA_0RB0LC	2	2	0	129
1RB---_1RC1RD_1LD1LA_0RB0LC	2	2	0	108
1RB---_1RC1RD_1LD1RA_0RB0LC	2	2	0	148
1RB0LA_0LB1RC_0RD0RC_1LD1LA	2	2	0	275
1RB0LA_0LB1RC_1LD0RC_1LD1LA	2	2	0	161
1RB0LA_0LC0RA_1RC0RD_1LB1RB	2	2	0	458
1RB0LA_0LC0RB_1LC1RD_0RB1LA	2	2	0	201
1RB0LA_0LC0RB_1LC1RD_1LD1LA	2	2	0	109
1RB0LA_0LC0RC_0RD1LA_1LB0RB	4	2	0	204
1RB0LA_0LC0RC_1RD1LC_0LA1RB	2	2	0	239
1RB0LA_0LC0RC_1RD1LC_1LA1RB	2	2	0	249
1RB0LA_0LC1RD_0RD1LA_1LB0RC	4	2	0	187
1RB0LA_0LC1RD_1LA1LD_1LC0RB	2	2	0	699
1RB0LA_0LC1RD_1LB1LA_0RC---	2	2	0	63
1RB0LA_0LC1RD_1LC1LA_1LB0RD	2	2	0	251
1RB0LA_0RC---_0LD1RC_1LA1LD	2	3	0	266
1RB0LA_0RC---_0RD0RC_1LD0RA	2	2	0	95
1RB0LA_0RC---_1LC1LD_0RA0LD	4	2	0	605
1RB0LA_0RC---_1LC1LD_0RA1LC	2	2	0	313
1RB0LA_0RC---_1LD0RC_1LD0RA	2	2	0	189
1RB0LA_0RC---_1LD1RC_1LA1LD	2	2	0	252
1RB0LA_0RC---_1RD1RC_1LA1LD	2	3	0	1174
1RB0LA_0RC0LA_1LC1LD_0RA0LB	4	2	0	269
1RB0LA_0RC0LA_1LC1LD_0RB0LB	4	2	0	269
1RB0LA_0RC0LA_1RD1LD_1LB0RD	2	2	0	1981
1RB0LA_0RC0LA_1RD1RC_1LB1LD	2	3	0	1174
1RB0LA_0RC0LB_1LC1LD_0RA0RB	2	2	0	401
1RB0LA_0RC0LC_0RD0LA_1LD1LB	2	3	0	211
1RB0LA_0RC0LC_1LD0LA_1LD1LB	4	2	0	213
1RB0LA_0RC0LC_1LD1RC_1LA1LB	2	2	0	175
1RB0LA_0RC0LC_1RD0RC_1LB1LA	2	2	0	163
1RB0LA_0RC0LD_0RD1RC_1LA1LD	2	3	0	233
1RB0LA_0RC0LD_1RD0LA_1LB1LA	4	2	0	389
1RB0LA_0RC0RA_0LD0RC_1LD1LA	2	2	0	190
1RB0LA_0RC0RA_0RD0RC_1LD0RB	2	2	0	178
1RB0LA_0RC0RA_0RD0RC_1LD1LA	2	2	0	138
1RB0LA_0RC0RA_0RD0RC_1LD1RB	2	2	0	192
1RB0LA_0RC0RA_1LC0LD_1RB1LB	2	2	0	337
1RB0LA_0RC0RA_1LD0RC_1LD1LA	2	2	0	150
1RB0LA_0RC0RA_1LD1RC_1LB1LD	2	2	0	189
1RB0LA_0RC0RB_0LD1RA_1LD0LA	2	3	0	198
1RB0LA_0RC0RB_0RD0RB_1LD0RA	2	2	0	131
1RB0LA_0RC0RB_0RD1LA_1LD0LA	2	2	0	320
1RB0LA_0RC0RB_0RD1LA_1LD0RA	2	2	0	165
1RB0LA_0RC0RB_0RD1LA_1LD1RC	2	2	0	350
1RB0LA_0RC0RB_0RD1RB_1LD0RA	2	2	0	260
1RB0LA_0RC0RB_1LC0LD_1RA0RD	2	2	0	167
1RB0LA_0RC0RB_1LC1RD_0LB1LA	2	3	0	225
1RB0LA_0RC0RB_1LC1RD_1LD1LA	2	2	0	110
1RB0LA_0RC0RB_1LC1RD_1RB1LA	2	2	0	133
1RB0LA_0RC0RB_1LD0RB_1LD0RA	2	2	0	106
1RB0LA_0RC0RB_1LD1LA_1LC0LA	2	2	0	181
1RB0LA_0RC0RB_1LD1LA_1LC0RA	2	2	0	308
1RB0LA_0RC0RB_1LD1LA_1LC1RA	2	2	0	84
1RB0LA_0RC0RB_1LD1LA_1LC1RC	2	2	0	189
1RB0LA_0RC0RB_1LD1LA_1LD0LA	2	2	0	105
1RB0LA_0RC0RB_1LD1LA_1LD0RA	2	2	0	247
1RB0LA_0RC0RB_1LD1LA_1LD1RC	2	2	0	117
1RB0LA_0RC0RC_0RD0RB_1LD0RA	2	2	0	95
1RB0LA_0RC0RC_1LD0RB_1LD0RA	2	2	0	106
1RB0LA_0RC0RD_0LD0LC_1LA1LC	2	2	0	377
1RB0LA_0RC0RD_0LD1RA_1LA0LA	2	3	0	309
1RB0LA_0RC0RD_0LD1RA_1LA0LB	2	3	0	561
1RB0LA_0RC0RD_0LD1RA_1LA0LC	2	3	0	597
1RB0LA_0RC0RD_0LD1RA_1LA0LD	2	3	0	543
1RB0LA_0RC0RD_0LD1RA_1LA1LC	2	3	0	304
1RB0LA_0RC0RD_0LD1RA_1LA1LD	2	3	0	553
1RB0LA_0RC0RD_0LD1RA_1LA1RD	2	3	0	477
1RB0LA_0RC0RD_0RD---_1LD1LA	4	2	0	247
1RB0LA_0RC0RD_1LA0LC_1LC1RB	2	3	0	259
1RB0LA_0RC0RD_1LA0RB_1LD1LA	4	2	0	369
1RB0LA_0RC0RD_1LA0RB_1LD1LC	3	2	0	1022
1RB0LA_0RC0RD_1LA1LC_0LC0RC	4	2	0	680
1RB0LA_0RC0RD_1LA1LC_0LC1RD	2	2	0	239
1RB0LA_0RC0RD_1LA1LC_1LB0RC	4	2	0	2154
1RB0LA_0RC0RD_1LA1LC_1LC0RC	4	2	0	1958
1RB0LA_0RC0RD_1LA1LC_1LC1RD	2	2	0	161
1RB0LA_0RC0RD_1LA1LC_1RC0RB	2	2	0	201
1RB0LA_0RC0RD_1LA1LC_1RC0RD	2	2	0	201
1RB0LA_0RC0RD_1LA1LC_1RC1RD	4	2	0	602
1RB0LA_0RC0RD_1LA1RC_0LC1RA	2	2	0	528
1RB0LA_0RC0RD_1LC0RB_1LD1LA	4	2	0	577
1RB0LA_0RC0RD_1LC1LA_0RB0LA	4	2	0	185
1RB0LA_0RC0RD_1LC1LA_1LA1RD	3	2	0	189
1RB0LA_0RC0RD_1LD---_1LD1LA	4	2	0	197
1RB0LA_0RC0RD_1LD0RB_1LC1LA	4	2	0	577
1RB0LA_0RC0RD_1LD1LA_1LA1RA	3	2	0	400
1RB0LA_0RC1LA_0LD0RB_1LC---	2	2	0	147
1RB0LA_0RC1LA_0LD0RB_1RC1LC	2	2	0	205
1RB0LA_0RC1LA_0LD0RC_1LD0RB	2	2	0	201
1RB0LA_0RC1LA_0LD0RC_1LD1LA	2	2	0	101
1RB0LA_0RC1LA_0LD0RC_1LD1RB	2	2	0	183
1RB0LA_0RC1LA_0LD1RC_1LB1LD	2	2	0	101
1RB0LA_0RC1LA_0RD0RB_1LC1LD	4	2	0	583
1RB0LA_0RC1LA_0RD0RB_1LD1LA	4	2	0	549
1RB0LA_0RC1LA_0RD0RC_1LD0RB	2	2	0	133
1RB0LA_0RC1LA_0RD0RC_1LD1LA	2	2	0	69
1RB0LA_0RC1LA_0RD0RC_1LD1RB	2	2	0	125
1RB0LA_0RC1LA_0RD1LA_1LD0RB	4	2	0	917
1RB0LA_0RC1LA_1LC0RB_------	2	3	0	273
1RB0LA_0RC1LA_1LC0RD_0RC1LA	2	3	0	273
1RB0LA_0RC1LA_1LD0RB_1LC---	2	3	0	273
1RB0LA_0RC1LA_1LD0RB_1LD0LA	2	3	0	225
1RB0LA_0RC1LA_1LD0RB_1LD0RB	2	3	0	273
1RB0LA_0RC1LA_1LD0RB_1LD1RB	2	3	0	249
1RB0LA_0RC1LA_1LD0RC_1LD0RB	2	2	0	147
1RB0LA_0RC1LA_1LD0RC_1LD1LA	2	2	0	131
1RB0LA_0RC1LA_1LD0RC_1LD1RB	2	2	0	137
1RB0LA_0RC1LA_1LD1RC_0LB0RD	2	2	0	235
1RB0LA_0RC1LA_1LD1RC_1LB1LD	2	2	0	131
1RB0LA_0RC1LA_1RD1LD_1LB0RD	2	2	0	1869
1RB0LA_0RC1LA_1RD1RC_1LB1LD	4	2	0	197
1RB0LA_0RC1LB_0RD0RB_1LD0RA	2	2	0	219
1RB0LA_0RC1LB_1LD0RB_1LD0RA	2	2	0	170
1RB0LA_0RC1LC_0LD0RB_1LA---	2	2	0	219
1RB0LA_0RC1LC_1LC1LD_0RA0RB	2	2	0	357
1RB0LA_0RC1LC_1LD0LD_0RB0RA	2	2	0	471
1RB0LA_0RC1LC_1LD0RC_0RB0RA	2	2	0	333
1RB0LA_0RC1LC_1RD1LA_1LA0RB	4	2	0	1181
1RB0LA_0RC1LC_1RD1LA_1LA0RD	2	2	0	2093
1RB0LA_0RC1LC_1RD1LA_1LB0RD	2	3	0	451
1RB0LA_0RC1LD_0LD0RB_1LA0LD	2	2	0	173
1RB0LA_0RC1LD_0LD0RC_1LA0RB	2	2	0	405
1RB0LA_0RC1LD_0LD0RC_1LA1LA	2	2	0	285
1RB0LA_0RC1LD_0LD0RC_1RC1LA	2	2	0	303
1RB0LA_0RC1LD_0LD1RA_1LA0LD	3	2	0	111
1RB0LA_0RC1LD_0RD0RB_1LA0LD	2	2	0	139
1RB0LA_0RC1LD_0RD0RC_1LA0RB	2	2	0	297
1RB0LA_0RC1LD_0RD0RC_1LA1LA	2	2	0	207
1RB0LA_0RC1LD_0RD0RC_1LC1LA	2	2	0	217
1RB0LA_0RC1LD_0RD1RC_1LA0RB	2	3	0	293
1RB0LA_0RC1LD_0RD1RC_1LA1LD	2	3	0	188
1RB0LA_0RC1LD_1LA0LD_0RB1LA	2	2	0	335
1RB0LA_0RC1LD_1LA0RB_0LA1LA	2	3	0	237
1RB0LA_0RC1LD_1LA0RB_0RC1LA	2	2	0	319
1RB0LA_0RC1LD_1LA0RB_1RD1LA	2	3	0	273
1RB0LA_0RC1LD_1LA0RC_---1LA	2	2	0	231
1RB0LA_0RC1LD_1LA0RC_1LA0RB	2	2	0	335
1RB0LA_0RC1LD_1LA1LC_1RC0RD	2	2	0	330
1RB0LA_0RC1LD_1LB1RC_0LA1LB	2	2	0	260
1RB0LA_0RC1LD_1LB1RC_1LA1LB	2	2	0	362
1RB0LA_0RC1LD_1LB1RC_1LA1LD	2	2	0	443
1RB0LA_0RC1LD_1LB1RC_1LB1LA	4	2	0	209
1RB0LA_0RC1LD_1LB1RD_1RC1LA	3	2	0	536
1RB0LA_0RC1LD_1LC0RB_0LA---	2	3	0	213
1RB0LA_0RC1LD_1LC0RB_1RB0LA	2	3	0	273
1RB0LA_0RC1LD_1LC0RB_1RD1LA	2	3	0	273
1RB0LA_0RC1LD_1LD0RC_0RD1LA	2	2	0	243
1RB0LA_0RC1LD_1LD0RC_1LA0RB	2	2	0	311
1RB0LA_0RC1LD_1LD0RC_1LA1LA	2	2	0	219
1RB0LA_0RC1LD_1LD0RC_1LA1LD	2	2	0	173
1RB0LA_0RC1LD_1LD0RC_1RB1LA	2	2	0	231
1RB0LA_0RC1LD_1LD1RC_1LA1LB	2	2	0	252
1RB0LA_0RC1LD_1RD0RC_0LD1LA	2	2	0	232
1RB0LA_0RC1LD_1RD0RC_1LD1LA	2	2	0	197
1RB0LA_0RC1LD_1RD1RA_1LB1LA	4	2	0	529
1RB0LA_0RC1LD_1RD1RC_1LA1LB	2	3	0	1174
1RB0LA_0RC1RA_0RD1LD_1LB0LB	2	2	0	311
1RB0LA_0RC1RA_0RD1LD_1LB0RD	2	2	0	223
1RB0LA_0RC1RA_1LD0RB_0LD1LA	2	3	0	129
1RB0LA_0RC1RA_1LD0RC_0LD1LA	2	2	0	227
1RB0LA_0RC1RB_0LD0RC_1LD1LA	2	2	0	128
1RB0LA_0RC1RB_0RD0RC_1LD1LA	2	3	0	139
1RB0LA_0RC1RB_1LD0RC_1LD1LA	2	2	0	197
1RB0LA_0RC1RC_0LD0RB_1LC1LA	2	2	0	167
1RB0LA_0RC1RC_0LD0RB_1LD0LA	2	2	0	265
1RB0LA_0RC1RC_0LD0RB_1LD1LA	3	2	0	2944
1RB0LA_0RC1RC_0LD0RC_1LD1LA	2	2	0	182
1RB0LA_0RC1RC_0RD0RC_1LD1LA	2	2	0	134
1RB0LA_0RC1RC_1LC1LD_0RA0LB	2	2	0	355
1RB0LA_0RC1RC_1LD0RB_0LB0LA	2	2	0	410
1RB0LA_0RC1RC_1LD0RB_1LA1LC	2	2	0	144
1RB0LA_0RC1RC_1LD0RB_1LD0LA	2	2	0	322
1RB0LA_0RC1RC_1LD0RC_0LB0RA	2	2	0	331
1RB0LA_0RC1RC_1LD0RC_0LB1LA	2	2	0	258
1RB0LA_0RC1RC_1LD0RC_1LD1LA	2	2	0	144
1RB0LA_0RC1RD_0RD0RC_1LD1LA	4	2	0	661
1RB0LA_0RC1RD_1LA1LC_1LC0RB	2	3	0	261
1RB0LA_0RC1RD_1LB1RC_1LA1LD	2	2	0	469
1RB0LA_0RC1RD_1LC1LA_---0RA	4	2	0	173
1RB0LA_0RC1RD_1LC1LA_0LB0RD	2	2	0	304
1RB0LA_0RC1RD_1LC1LA_0LC0RD	2	2	0	326
1RB0LA_0RC1RD_1LC1LA_0RB0RD	2	2	0	259
1RB0LA_0RC1RD_1LC1LA_0RC0RD	2	2	0	263
1RB0LA_0RC1RD_1LC1LA_1LC0RD	2	2	0	284
1RB0LA_0RC1RD_1LD0RC_1LA1LD	2	2	0	219
1RB0LA_1LB0LC_1LA0RD_1RD0RA	4	2	0	342
1RB0LA_1LB1LC_0LD0LC_1RD0RA	2	2	0	96
1RB0LA_1LB1LC_1RD0LC_1RD0RA	2	2	0	190
1RB0LA_1LB1LC_1RD1LA_0LC0RD	2	2	0	155
1RB0LA_1LB1LC_1RD1LA_0RB1RD	2	2	0	63
1RB0LA_1LB1LC_1RD1LA_1LA0RD	2	2	0	201
1RB0LA_1LB1LC_1RD1LA_1RA0RD	2	2	0	184
1RB0LA_1LB1RC_0LD0RC_1LD1LA	2	2	0	192
1RB0LA_1LB1RC_0RD0RC_1LD0RA	2	2	0	105
1RB0LA_1LB1RC_0RD0RC_1LD1LA	2	2	0	140
1RB0LA_1LB1RC_1LD0RC_1LD0RA	2	2	0	209
1RB0LA_1LB1RC_1LD0RC_1LD1LA	2	2	0	150
1RB0LA_1LB1RC_1RD1LC_1LA0RB	2	2	0	720
1RB0LA_1LC0LA_1RD0LB_1LA0RC	2	2	0	220
1RB0LA_1LC0LA_1RD0LB_1RA0RC	2	2	0	149
1RB0LA_1LC0LD_0RA0LD_1RD0RB	2	2	0	460
1RB0LA_1LC0LD_0RD1LA_1RA0RB	2	2	0	332
1RB0LA_1LC0LD_1LA1RD_0RD0RB	2	2	0	375
1RB0LA_1LC0LD_1RD0LB_1RA0RC	2	2	0	86
1RB0LA_1LC0RA_0LD0LB_1RD0RB	2	2	0	263
1RB0LA_1LC0RA_0LD0LB_1RD1RB	2	2	0	288
1RB0LA_1LC0RA_0LD0LC_1RD0RB	2	3	0	300
1RB0LA_1LC0RA_0LD0LC_1RD1LB	2	2	0	104
1RB0LA_1LC0RA_1LB1RD_0RC0RD	2	2	0	105
1RB0LA_1LC0RA_1LB1RD_1LB0RD	2	2	0	189
1RB0LA_1LC0RA_1LB1RD_1LC0RD	2	2	0	193
1RB0LA_1LC0RA_1LD0LB_1LA---	2	2	0	87
1RB0LA_1LC0RA_1LD0LB_1RB---	2	2	0	71
1RB0LA_1LC0RA_1LD0LB_1RD0RB	2	2	0	88
1RB0LA_1LC0RA_1RD0LC_1RD1LB	2	2	0	208
1RB0LA_1LC0RB_0LD1LA_1LD1RC	2	2	0	215
1RB0LA_1LC0RB_1LD1LA_1LD0RA	2	2	0	157
1RB0LA_1LC0RB_1LD1LA_1LD1RC	2	2	0	125
1RB0LA_1LC0RB_1LD1RB_1LC0RA	2	2	0	193
1RB0LA_1LC0RB_1LD1RB_1LD0RA	2	2	0	209
1RB0LA_1LC0RC_1LD0LC_1RB0RA	2	2	0	305
1RB0LA_1LC0RC_1RD1LA_1LD0LB	2	2	0	175
1RB0LA_1LC0RC_1RD1LC_0LA1RB	2	2	0	188
1RB0LA_1LC0RD_0LB1LD_0RB1RA	2	2	0	127
1RB0LA_1LC0RD_0LC1LA_1RA0RB	3	2	0	158
1RB0LA_1LC0RD_1LA0LB_1RB1RA	4	2	0	2297
1RB0LA_1LC0RD_1LA0LB_1RB1RC	4	2	0	912
1RB0LA_1LC0RD_1LA0LB_1RB1RD	2	2	0	495
1RB0LA_1LC0RD_1LD0LB_1RB1RA	2	2	0	216
1RB0LA_1LC0RD_1RD0LB_0LA0RC	2	2	0	128
1RB0LA_1LC1LA_0LB0RD_0RC1RC	2	2	0	166
1RB0LA_1LC1LA_0LD1RD_0RB0RD	2	2	0	181
1RB0LA_1LC1LA_0RD0LB_1LB1RC	2	2	0	374
1RB0LA_1LC1LA_1LB0RD_---1RC	2	2	0	311
1RB0LA_1LC1LA_1LB1RD_0LC0RD	2	2	0	111
1RB0LA_1LC1LA_1LB1RD_0RC0RD	2	2	0	75
1RB0LA_1LC1LA_1LB1RD_1LB0RD	2	2	0	135
1RB0LA_1LC1LA_1LB1RD_1LC0RD	2	2	0	147
1RB0LA_1LC1LA_1RD0LB_0LA0RC	2	2	0	216
1RB0LA_1LC1LA_1RD0LB_0LB0RC	2	2	0	218
1RB0LA_1LC1LA_1RD0LB_1LB0RC	2	3	0	546
1RB0LA_1LC1LA_1RD0LB_1RB0RC	2	2	0	207
1RB0LA_1LC1LB_1LA1RD_1LB0RD	3	2	0	645
1RB0LA_1LC1LB_1LA1RD_1LC0RD	3	2	0	631
1RB0LA_1LC1LB_1RD0LB_0LA0RC	2	2	0	226
1RB0LA_1LC1LB_1RD0LB_1LA0RC	2	2	0	163
1RB0LA_1LC1LD_1RD0LB_0LA0RC	2	2	0	190
1RB0LA_1LC1RA_1LB1RD_1LB0RD	2	2	0	157
1RB0LA_1LC1RB_0RA1LD_0RB1LC	2	2	0	157
1RB0LA_1LC1RB_1RD0LB_0LA0RC	2	2	0	124
1RB0LA_1LC1RB_1RD0LB_1LA0RC	2	2	0	109
1RB0LA_1LC1RD_0LB1LA_0RC0RD	4	2	0	189
1RB0LA_1LC1RD_0LC1LA_1RD0RB	2	2	0	1055
1RB0LA_1LC1RD_1LA1LB_0LC0RB	2	2	0	232
1RB0LA_1LC1RD_1LA1LB_1LC0RB	2	2	0	210
1RB0LA_1LC1RD_1LB1LA_0LB0RD	2	2	0	108
1RB0LA_1LC1RD_1LB1LA_0RB0RD	2	2	0	90
1RB0LA_1LC1RD_1LB1LA_1LB0RD	2	2	0	144
1RB0LA_1LC1RD_1LB1LA_1LC0RD	2	2	0	166
1RB0LA_1LC1RD_1LC1LA_0LB0RD	2	2	0	108
1RB0LA_1LC1RD_1LC1LA_0LC0RD	2	2	0	108
1RB0LA_1LC1RD_1LC1LA_0RB0RD	2	2	0	90
1RB0LA_1LC1RD_1LC1LA_0RC0RD	2	2	0	90
1RB0LA_1LC1RD_1LC1LA_1LB0RD	2	2	0	151
1RB0LA_1LC1RD_1LC1LA_1LC0RD	2	2	0	151
1RB0LA_1LC1RD_1LD1LA_1LB0RD	3	2	0	302
1RB0LA_1RC---_0LD0RA_0LA1LD	2	2	0	102
1RB0LA_1RC---_0LD0RC_1LD1LA	2	2	0	182
1RB0LA_1RC---_0RD0RC_1LD0RA	2	2	0	200
1RB0LA_1RC---_0RD0RC_1LD1LA	2	2	0	134
1RB0LA_1RC---_0RD1RA_1LD0LA	2	3	0	101
1RB0LA_1RC---_0RD1RB_1LD0LA	2	2	0	93
1RB0LA_1RC---_1LD0RB_1RA0LC	2	2	0	66
1RB0LA_1RC---_1LD0RC_1LC1LA	2	2	0	144
1RB0LA_1RC---_1LD0RC_1LD1LA	2	2	0	144
1RB0LA_1RC---_1LD1RA_1LC0RD	2	2	0	137
1RB0LA_1RC---_1RD1LA_0LC1RA	2	2	0	70
1RB0LA_1RC0LA_1LD0RB_1LA0LC	2	2	0	201
1RB0LA_1RC0LA_1LD0RB_1RB0LC	2	2	0	66
1RB0LA_1RC0LA_1LD1LB_1LC0RD	2	2	0	141
1RB0LA_1RC0LA_1LD1RB_1LC0RD	2	2	0	137
1RB0LA_1RC0LC_1RD0RC_1LB1LA	2	2	0	332
1RB0LA_1RC0LD_1LC0RB_1LA0RC	2	2	0	277
1RB0LA_1RC0LD_1LD0RB_0RA0LC	2	2	0	184
1RB0LA_1RC0LD_1RD0LA_1LB0RC	2	2	0	309
1RB0LA_1RC0LD_1RD0RB_1LB1LA	2	3	0	152
1RB0LA_1RC0LD_1RD1LA_1LB0RC	2	2	0	99
1RB0LA_1RC0RA_0RD0RC_1LD1LB	2	2	0	95
1RB0LA_1RC0RA_1LD0RC_1LD1LB	2	2	0	189
1RB0LA_1RC0RA_1LD0RD_1LB0LD	2	2	0	146
1RB0LA_1RC0RB_1LD0RB_1LA0LC	2	2	0	142
1RB0LA_1RC0RB_1LD1RB_0LA1LC	4	2	0	166
1RB0LA_1RC0RC_0LD0RB_1LC1LA	2	2	0	311
1RB0LA_1RC0RC_0LD0RB_1LD1LA	2	3	0	325
1RB0LA_1RC0RC_0RD0RB_1LD0LA	2	3	0	173
1RB0LA_1RC0RC_1LD0RB_0LA0LB	2	3	0	986
1RB0LA_1RC0RC_1LD0RB_0RA0LC	2	2	0	192
1RB0LA_1RC0RC_1LD0RB_1LC1LA	2	2	0	144
1RB0LA_1RC0RC_1LD0RB_1LD1LA	2	2	0	144
1RB0LA_1RC0RC_1LD1LA_1LC0RD	4	2	0	265
1RB0LA_1RC0RD_0LB---_1LD1LA	4	2	0	215
1RB0LA_1RC0RD_0LB0RC_1LD0LA	2	2	0	199
1RB0LA_1RC0RD_1LD1RA_1LC0RB	2	2	0	137
1RB0LA_1RC1LA_0LC0RD_1LD0RB	2	3	0	225
1RB0LA_1RC1LA_0LD0RB_---1LC	2	2	0	147
1RB0LA_1RC1LA_0LD0RB_1LC0RC	2	2	0	205
1RB0LA_1RC1LA_0LD0RC_1LD1LB	2	2	0	101
1RB0LA_1RC1LA_0RD0RC_1LD1LB	2	2	0	69
1RB0LA_1RC1LA_0RD1LB_1LB0RD	2	2	0	395
1RB0LA_1RC1LA_0RD1LB_1LB1RD	4	2	0	253
1RB0LA_1RC1LA_1LD0RB_0RB0LC	2	2	0	107
1RB0LA_1RC1LA_1LD0RB_1LA0LC	2	2	0	65
1RB0LA_1RC1LA_1LD0RB_1RB0LC	2	2	0	103
1RB0LA_1RC1LA_1LD0RC_1LD1LB	2	2	0	131
1RB0LA_1RC1LA_1LD1LA_1LC0RD	2	2	0	141
1RB0LA_1RC1LA_1LD1LB_0RC0RD	2	2	0	328
1RB0LA_1RC1LA_1LD1LB_1LA0RD	2	2	0	309
1RB0LA_1RC1LA_1LD1LB_1LB0RD	2	2	0	299
1RB0LA_1RC1LA_1RD---_0LB1RA	2	2	0	70
1RB0LA_1RC1LA_1RD0LB_0LB0RB	3	2	0	656
1RB0LA_1RC1LB_1LD0RB_0RA0LC	2	2	0	131
1RB0LA_1RC1LC_0LD0RB_---1LA	2	2	0	219
1RB0LA_1RC1LC_0RD1LA_1LA0RD	2	2	0	238
1RB0LA_1RC1LC_1LD0RC_0LA0LB	4	2	0	95
1RB0LA_1RC1LC_1LD0RC_0RB1LA	2	2	0	254
1RB0LA_1RC1LC_1LD0RD_0RA0LB	3	2	0	304
1RB0LA_1RC1LC_1LD1LA_0RC0RD	2	2	0	157
1RB0LA_1RC1LC_1LD1LA_1LA0RD	2	2	0	255
1RB0LA_1RC1LD_0LB1RC_0RA1LB	2	2	0	156
1RB0LA_1RC1LD_0LD1RC_0RA1LB	2	2	0	156
1RB0LA_1RC1LD_1LD0LD_1LA0RB	2	2	0	427
1RB0LA_1RC1LD_1LD0RB_0RC1LA	2	2	0	219
1RB0LA_1RC1LD_1LD0RC_0LB1LA	2	2	0	269
1RB0LA_1RC1LD_1LD0RC_0RD1LA	2	2	0	293
1RB0LA_1RC1LD_1LD0RC_1LA0RB	2	2	0	383
1RB0LA_1RC1LD_1LD0RC_1LA1LA	2	2	0	269
1RB0LA_1RC1LD_1LD0RC_1RB1LA	2	2	0	281
1RB0LA_1RC1LD_1LD1RC_0RA1LB	2	2	0	129
1RB0LA_1RC1RA_0RD0RC_1LD1LB	2	2	0	104
1RB0LA_1RC1RA_1LD1LA_0LC0RD	2	2	0	95
1RB0LA_1RC1RB_0LD0RA_1LB1LD	2	2	0	102
1RB0LA_1RC1RB_0RD1LA_1LD1LC	2	2	0	103
1RB0LA_1RC1RB_1LD0RA_1LB1LD	2	2	0	150
1RB0LA_1RC1RB_1LD0RB_0RA0LC	2	2	0	176
1RB0LA_1RC1RB_1LD1LA_1LC0RD	2	2	0	119
1RB0LA_1RC1RC_1LD0RB_0RA1LC	2	2	0	207
1RB0LB_0LB0RC_1LD1LA_1LA---	2	2	0	266
1RB0LB_0LB0RC_1LD1LA_1RD1LC	2	2	0	324
1RB0LB_0LB0RC_1LD1RA_1LA---	3	2	0	295
1RB0LB_0LB1LC_1LA1RD_0RA0RC	4	2	0	294
1RB0LB_0LB1LC_1LA1RD_0RC1RC	4	2	0	412
1RB0LB_0LB1RC_0RD---_1LD0LA	2	2	0	399
1RB0LB_0LB1RC_1LB0RD_1LD0LA	2	2	0	545
1RB0LB_0LB1RC_1LD0RD_0LA1LA	2	2	0	232
1RB0LB_0LB1RC_1LD1RB_---1LA	2	2	0	178
1RB0LB_0LB1RC_1LD1RC_---1LA	2	2	0	168
1RB0LB_0LB1RC_1RD0RB_1LA1LD	2	2	0	168
1RB0LB_0LC0LA_0LD1LB_1RD0LC	2	2	0	146
1RB0LB_0LC0LA_0LD1LB_1RD0RA	2	3	0	235
1RB0LB_0LC0LA_0LD1LB_1RD1LC	2	2	0	158
1RB0LB_0LC0LA_0LD1LB_1RD1RA	2	2	0	124
1RB0LB_0LC0LA_0RD1LB_1RD1RA	2	2	0	154
1RB0LB_0LC0LA_1RC0LD_1LB1RD	2	2	0	109
1RB0LB_0LC0LA_1RC0RD_1LB1LD	2	2	0	100
1RB0LB_0LC0LA_1RC1LB_------	2	2	0	80
1RB0LB_0LC0LA_1RC1LD_0LB0LB	2	2	0	85
1RB0LB_0LC0LA_1RC1LD_0LB0RC	2	2	0	93
1RB0LB_0LC0LA_1RC1LD_0LC0LA	2	2	0	80
1RB0LB_0LC0LA_1RC1LD_1LA0LA	2	2	0	78
1RB0LB_0LC0LA_1RC1LD_1LA0LD	2	2	0	72
1RB0LB_0LC0LA_1RC1LD_1LB0LA	2	2	0	99
1RB0LB_0LC0LA_1RC1LD_1LC0LB	2	2	0	92
1RB0LB_0LC0LA_1RC1LD_1RC0LB	2	2	0	87
1RB0LB_0LC0LA_1RC1RD_0LD1LB	2	2	0	90
1RB0LB_0LC0LA_1RD1LB_1RC---	2	2	0	80
1RB0LB_0LC0LA_1RD1LB_1RD1LB	2	2	0	80
1RB0LB_0LC0LA_1RD1LB_1RD1RB	2	2	0	88
1RB0LB_0LC0LA_1RD1LC_0RC1RA	4	2	0	778
1RB0LB_0LC0LA_1RD1LC_1RC1LA	2	2	0	87
1RB0LB_0LC0LA_1RD1LC_1RD1LA	2	2	0	87
1RB0LB_0LC0LA_1RD1LD_1RC1LA	2	2	0	96
1RB0LB_0LC0LA_1RD1LD_1RD1LA	2	2	0	87
1RB0LB_0LC0LB_0LD1LB_1RD1LA	2	2	0	113
1RB0LB_0LC0LB_0LD1LC_1RD1LA	2	2	0	116
1RB0LB_0LC0LB_0LD1LD_1RD1LA	2	2	0	119
1RB0LB_0LC0LB_0RD1LB_1RD1LA	2	2	0	169
1RB0LB_0LC0LB_0RD1LD_1RD1LA	2	2	0	167
1RB0LB_0LC0LB_1RC0LD_1LB1LA	2	2	0	187
1RB0LB_0LC0LB_1RC1LD_0LB0LA	2	2	0	85
1RB0LB_0LC0LB_1RC1LD_0LB1LA	2	2	0	191
1RB0LB_0LC0LB_1RC1LD_0LC0LA	2	2	0	80
1RB0LB_0LC0LB_1RC1LD_0LC1LA	2	2	0	181
1RB0LB_0LC0LB_1RC1LD_1LA0LA	2	2	0	78
1RB0LB_0LC0LB_1RC1LD_1LA0RC	2	2	0	180
1RB0LB_0LC0LB_1RC1LD_1LA1LA	2	2	0	166
1RB0LB_0LC0LB_1RC1LD_1LA1RD	2	2	0	116
1RB0LB_0LC0LB_1RC1LD_1LB0LA	2	2	0	99
1RB0LB_0LC0LB_1RC1LD_1LB1LA	2	2	0	202
1RB0LB_0LC0LB_1RC1LD_1LC1LA	2	2	0	189
1RB0LB_0LC0LB_1RC1LD_1RC1LA	2	2	0	168
1RB0LB_0LC0LB_1RC1LD_1RD1LA	2	2	0	193
1RB0LB_0LC0LB_1RC1RD_1LA---	2	2	0	120
1RB0LB_0LC0LB_1RC1RD_1LC1LA	2	2	0	130
1RB0LB_0LC0LB_1RC1RD_1LD1LA	2	2	0	229
1RB0LB_0LC0LB_1RD1LB_1RD1LA	2	2	0	80
1RB0LB_0LC0LB_1RD1LC_1RC1LA	2	2	0	87
1RB0LB_0LC0LB_1RD1LC_1RD1LA	2	2	0	87
1RB0LB_0LC0LB_1RD1LD_1RC1LA	2	2	0	96
1RB0LB_0LC0LB_1RD1LD_1RD1LA	2	2	0	87
1RB0LB_0LC0LD_1RA1LA_0RC1RD	3	2	0	289
1RB0LB_0LC0LD_1RC1LB_0LA1RD	2	2	0	112
1RB0LB_0LC0LD_1RC1LD_0LB0LA	3	2	0	119
1RB0LB_0LC0LD_1RC1RD_1LA0LA	3	2	0	277
1RB0LB_0LC0LD_1RC1RD_1LA0LB	2	2	0	112
1RB0LB_0LC0RA_0LD1LB_1RD0LB	2	2	0	133
1RB0LB_0LC0RA_1LD1LB_1RD0RC	2	2	0	173
1RB0LB_0LC0RA_1RC0RD_1LB1RD	2	2	0	950
1RB0LB_0LC0RA_1RD1LB_0RD1LA	2	2	0	202
1RB0LB_0LC0RA_1RD1LB_1RD0RA	2	2	0	185
1RB0LB_0LC0RA_1RD1LC_0RB1LA	2	2	0	309
1RB0LB_0LC0RB_1RD1LC_0RC1RA	2	2	0	266
1RB0LB_0LC0RB_1RD1LC_1RD1RA	2	2	0	220
1RB0LB_0LC0RC_0RD1LA_1LB0LA	2	2	0	640
1RB0LB_0LC0RC_0RD1LA_1LB0RB	3	2	0	1065
1RB0LB_0LC0RC_0RD1LA_1LB1RA	2	2	0	285
1RB0LB_0LC0RC_0RD1LA_1LB1RD	4	2	0	842
1RB0LB_0LC0RC_0RD1LA_1LC1LD	3	2	0	673
1RB0LB_0LC0RC_0RD1LA_1LD0LA	3	2	0	986
1RB0LB_0LC0RC_1LA1LD_0LC0RA	2	2	0	173
1RB0LB_0LC0RC_1LA1RD_1LD1LB	2	2	0	150
1RB0LB_0LC0RC_1LC1LD_1RB1RA	2	2	0	282
1RB0LB_0LC0RC_1RD1LA_1LD0LC	2	2	0	518
1RB0LB_0LC0RC_1RD1LA_1RB---	3	2	0	219
1RB0LB_0LC0RD_---1LA_1RA---	3	2	0	219
1RB0LB_0LC0RD_0LD1RD_1LA0RA	4	2	0	516
1RB0LB_0LC0RD_0RA1LD_1LA1RC	4	2	0	236
1RB0LB_0LC0RD_0RA1RD_1LD1LA	3	2	0	566
1RB0LB_0LC0RD_1LA1LB_0RA---	3	2	0	180
1RB0LB_0LC0RD_1LA1LD_0RA---	3	2	0	137
1RB0LB_0LC0RD_1LA1RC_0RA---	3	2	0	90
1RB0LB_0LC0RD_1LC1LA_0RB1RA	3	2	0	725
1RB0LB_0LC0RD_1LC1LA_0RC1RB	4	2	0	436
1RB0LB_0LC0RD_1LC1LA_0RC1RD	2	2	0	122
1RB0LB_0LC0RD_1LD0RC_1LA1RA	3	2	0	295
1RB0LB_0LC0RD_1RA1LA_0RB---	3	2	0	289
1RB0LB_0LC0RD_1RC1LB_1LD1LA	3	2	0	533
1RB0LB_0LC1LA_0RD1LB_1LC1RC	2	2	0	122
1RB0LB_0LC1LA_0RD1LB_1RC0LC	2	2	0	138
1RB0LB_0LC1LA_0RD1LB_1RC1RC	2	2	0	112
1RB0LB_0LC1LA_1RC0RD_1LB0RB	3	2	0	970
1RB0LB_0LC1LA_1RD1LB_1RC1RC	2	2	0	80
1RB0LB_0LC1LB_1RC1RD_1LA0RB	4	2	0	191
1RB0LB_0LC1LD_1LA0RB_1RA0RD	3	2	0	303
1RB0LB_0LC1LD_1LA1LA_1RA0RD	3	2	0	289
1RB0LB_0LC1LD_1RB1LA_1RA0RD	3	2	0	351
1RB0LB_0LC1LD_1RC1LA_0LB0LD	2	2	0	197
1RB0LB_0LC1LD_1RC1LB_0RA1RA	2	2	0	144
1RB0LB_0LC1LD_1RC1RD_1LA0RB	3	2	0	400
1RB0LB_0LC1RA_---1LD_0RB0LA	2	2	0	231
1RB0LB_0LC1RA_---1LD_1LA1LC	2	2	0	122
1RB0LB_0LC1RA_---1LD_1RB1LC	2	2	0	174
1RB0LB_0LC1RA_1LC0LD_1LA0RC	2	2	0	144
1RB0LB_0LC1RB_---1RD_1LD1LA	2	2	0	224
1RB0LB_0LC1RB_0RD1RC_1LD0LA	2	2	0	441
1RB0LB_0LC1RB_1LD1RC_---1LA	2	2	0	224
1RB0LB_0LC1RC_0RD1LA_0LD1RA	3	2	0	569
1RB0LB_0LC1RC_0RD1RC_1LD0LA	2	2	0	399
1RB0LB_0LC1RC_1LD1RC_---1LA	2	2	0	168
1RB0LB_0LC1RC_1RA1LD_1RB1LC	2	2	0	240
1RB0LB_0LC1RC_1RD1LC_---1RA	2	2	0	174
1RB0LB_0LC1RD_---1LD_1RA1LC	2	2	0	232
1RB0LB_0LC1RD_1LA1RC_0RA---	3	2	0	162
1RB0LB_0LC1RD_1LA1RC_0RD1LC	2	2	0	284
1RB0LB_0LC1RD_1RA1LA_0LD0RC	3	2	0	289
1RB0LB_0LC1RD_1RC1LB_0LA1LA	2	2	0	144
1RB0LB_0LC1RD_1RC1LD_1LB0LA	2	2	0	227
1RB0LB_0LC1RD_1RD1LC_0RC1RA	2	2	0	220
1RB0LB_0LC1RD_1RD1LC_1RD1RA	2	2	0	174
1RB0LB_0RC---_0LD1RA_1LD0LA	3	2	0	287
1RB0LB_0RC0LA_0RD0LA_1LD1LB	2	3	0	211
1RB0LB_0RC0LA_0RD0RA_1LD0RB	4	2	0	166
1RB0LB_0RC0LA_1LC1LD_0RB0RA	2	2	0	401
1RB0LB_0RC0LA_1LD0LD_1RD1LB	2	2	0	102
1RB0LB_0RC0LB_0RD1RC_1LD0LA	2	3	0	1263
1RB0LB_0RC0LC_0RD0LA_1LD0LA	4	2	0	453
1RB0LB_0RC0LC_1LC1RD_1LA0RD	2	2	0	225
1RB0LB_0RC0LC_1LD0LA_1LD1LB	4	2	0	213
1RB0LB_0RC0LC_1LD1RA_0RB0LA	3	2	0	361
1RB0LB_0RC0LC_1LD1RC_0LA1LB	2	2	0	222
1RB0LB_0RC0LC_1LD1RC_1LA1LB	2	2	0	197
1RB0LB_0RC0LD_1LC0LA_0RA1RA	2	2	0	337
1RB0LB_0RC0LD_1LC0LA_1RD1RA	2	2	0	299
1RB0LB_0RC0LD_1LC0RB_1RA1LD	4	2	0	211
1RB0LB_0RC0LD_1LC1LA_0RA1RB	3	2	0	1557
1RB0LB_0RC0LD_1LC1LA_1RB1RB	3	2	0	780
1RB0LB_0RC0LD_1LC1RA_0RA0LB	3	2	0	178
1RB0LB_0RC0LD_1LC1RA_0RA1LC	3	2	0	152
1RB0LB_0RC0LD_1LC1RA_0RA1LD	3	2	0	204
1RB0LB_0RC0LD_1LC1RB_0LA1LD	4	2	0	344
1RB0LB_0RC0RA_1LC1RD_1LB0RD	2	2	0	122
1RB0LB_0RC0RA_1LD0LA_1LD1LB	2	2	0	309
1RB0LB_0RC0RB_0RD0LA_1LC1LD	3	2	0	752
1RB0LB_0RC0RB_0RD1LA_1LD1RA	2	2	0	156
1RB0LB_0RC0RB_0RD1RA_1LD0LA	2	2	0	153
1RB0LB_0RC0RB_0RD1RB_1LD1RA	2	2	0	215
1RB0LB_0RC0RB_1LC0LD_1RD0RA	2	2	0	133
1RB0LB_0RC0RB_1LC0LD_1RD1RA	2	2	0	98
1RB0LB_0RC0RB_1LD1LA_0LC1RC	3	2	0	463
1RB0LB_0RC0RB_1LD1LA_0LC1RD	3	2	0	531
1RB0LB_0RC0RB_1LD1LA_1LC1RA	2	2	0	144
1RB0LB_0RC0RB_1LD1LA_1LC1RD	2	2	0	135
1RB0LB_0RC0RB_1LD1LA_1LD1RA	2	2	0	220
1RB0LB_0RC0RB_1LD1RA_1LD0LA	2	2	0	179
1RB0LB_0RC0RC_0LD1RA_1LD1LA	3	2	0	305
1RB0LB_0RC0RC_0RD0LA_1LC1LD	3	2	0	694
1RB0LB_0RC0RC_0RD0LA_1LD0LA	3	2	0	554
1RB0LB_0RC0RC_0RD1LA_1LC1LD	3	2	0	636
1RB0LB_0RC0RC_0RD1LA_1LD0LA	3	2	0	554
1RB0LB_0RC0RC_0RD1LC_1LD0LA	3	2	0	758
1RB0LB_0RC0RC_0RD1RC_1LD0LA	3	2	0	433
1RB0LB_0RC0RC_1LC1LD_1RB0RA	2	2	0	299
1RB0LB_0RC0RC_1LC1LD_1RB1RA	2	2	0	299
1RB0LB_0RC0RD_0LC1LA_1RA---	3	2	0	305
1RB0LB_0RC0RD_0LD0LC_1LA1LC	2	2	0	373
1RB0LB_0RC0RD_0LD1LA_1LC1RA	3	2	0	305
1RB0LB_0RC0RD_0LD1RA_1LA1RB	2	3	0	183
1RB0LB_0RC0RD_0RD1RB_1LD0LA	3	2	0	418
1RB0LB_0RC0RD_1LB1LD_1LA1RB	2	2	0	130
1RB0LB_0RC0RD_1LC0LA_0LA---	2	2	0	337
1RB0LB_0RC0RD_1LC0LA_1LB---	2	2	0	379
1RB0LB_0RC0RD_1LC1LA_0RB1RA	2	2	0	377
1RB0LB_0RC0RD_1LC1LA_1RA0RB	2	2	0	128
1RB0LB_0RC0RD_1LC1LA_1RA0RD	2	2	0	132
1RB0LB_0RC0RD_1LC1LA_1RA1LD	2	2	0	226
1RB0LB_0RC0RD_1LC1LA_1RA1RA	2	2	0	210
1RB0LB_0RC0RD_1LC1LA_1RC0RC	3	2	0	127
1RB0LB_0RC0RD_1LC1LA_1RC1RD	3	2	0	512
1RB0LB_0RC0RD_1LC1LD_1LA1RB	4	2	0	308
1RB0LB_0RC0RD_1LC1RA_1LA0RB	2	2	0	116
1RB0LB_0RC0RD_1LD---_1LA1RB	2	2	0	96
1RB0LB_0RC0RD_1LD1RB_1LA1LB	2	2	0	122
1RB0LB_0RC0RD_1RD0LA_1LD1LC	4	2	0	606
1RB0LB_0RC1LA_1LC0LD_1RB0RA	2	2	0	343
1RB0LB_0RC1LA_1LC0LD_1RB0RD	2	2	0	343
1RB0LB_0RC1LA_1LC1RD_1LA0RD	2	2	0	207
1RB0LB_0RC1LA_1LC1RD_1LB0RD	2	2	0	122
1RB0LB_0RC1LA_1RD1LD_1LB0RD	2	2	0	272
1RB0LB_0RC1LB_0LD1RD_1LA1RB	3	2	0	482
1RB0LB_0RC1LB_1LA1RD_1LB1RC	2	2	0	242
1RB0LB_0RC1LB_1LA1RD_1RB1RC	2	2	0	223
1RB0LB_0RC1LB_1LB1RD_1LA1RC	2	2	0	227
1RB0LB_0RC1LB_1LD1RA_1LD0LA	3	2	0	423
1RB0LB_0RC1LB_1LD1RC_1LC1LA	2	2	0	521
1RB0LB_0RC1LB_1RD1RC_1LA0LB	2	2	0	603
1RB0LB_0RC1LB_1RD1RC_1LA1LB	2	2	0	163
1RB0LB_0RC1LC_0RD0RC_1LD1RA	2	2	0	104
1RB0LB_0RC1LC_1RD1LA_1LA0RD	2	2	0	389
1RB0LB_0RC1LC_1RD1LA_1LB0RD	2	2	0	275
1RB0LB_0RC1LD_0LD1RC_1LA1LB	2	2	0	99
1RB0LB_0RC1LD_1LB1RC_0LA1LB	2	2	0	131
1RB0LB_0RC1LD_1LB1RC_0RA1LB	2	2	0	169
1RB0LB_0RC1LD_1LB1RC_1LA1LB	2	2	0	121
1RB0LB_0RC1LD_1LC0LA_1RD0RB	3	2	0	694
1RB0LB_0RC1LD_1LC0LD_1RB0RA	2	2	0	387
1RB0LB_0RC1LD_1LC1RA_0LA0RD	4	2	0	452
1RB0LB_0RC1LD_1LC1RA_0RC0RD	2	2	0	119
1RB0LB_0RC1LD_1LC1RB_0LA1RA	4	2	0	402
1RB0LB_0RC1LD_1LD1RA_1RA0LA	3	2	0	361
1RB0LB_0RC1LD_1LD1RC_0LA1LB	2	2	0	147
1RB0LB_0RC1LD_1LD1RC_1LA1LB	2	2	0	125
1RB0LB_0RC1LD_1LD1RD_1RA0LA	4	2	0	480
1RB0LB_0RC1LD_1RD---_0LB1RA	4	2	0	541
1RB0LB_0RC1LD_1RD1LA_1LD1RC	2	2	0	115
1RB0LB_0RC1LD_1RD1RC_1LA1LB	2	2	0	137
1RB0LB_0RC1RA_0LC1LD_1LA0LC	2	2	0	156
1RB0LB_0RC1RA_0LC1LD_1LA1LC	2	2	0	127
1RB0LB_0RC1RA_0LC1LD_1RB1LC	2	2	0	205
1RB0LB_0RC1RA_0LD0RB_1LD0LA	4	2	0	626
1RB0LB_0RC1RA_0RD1RC_1LD0LA	4	2	0	170
1RB0LB_0RC1RA_1LC0LD_0RA0RC	2	2	0	138
1RB0LB_0RC1RA_1LC0LD_0RA0RD	2	2	0	186
1RB0LB_0RC1RA_1LC0LD_0RA1LC	2	2	0	90
1RB0LB_0RC1RA_1LC0LD_1LA0RC	2	2	0	110
1RB0LB_0RC1RA_1LC0LD_1LA1LC	2	2	0	72
1RB0LB_0RC1RA_1LC0LD_1RA0LA	2	2	0	168
1RB0LB_0RC1RA_1LC1LD_1LA0LC	2	2	0	185
1RB0LB_0RC1RA_1LC1LD_1LA0RA	2	2	0	138
1RB0LB_0RC1RA_1LC1LD_1LA1LC	2	2	0	94
1RB0LB_0RC1RA_1LC1LD_1RB0LC	2	2	0	141
1RB0LB_0RC1RA_1LC1LD_1RB0RA	2	2	0	220
1RB0LB_0RC1RA_1LC1LD_1RB1LC	2	2	0	148
1RB0LB_0RC1RA_1LD0RB_1LD0LA	4	2	0	594
1RB0LB_0RC1RA_1LD1RA_1LD0LA	3	2	0	355
1RB0LB_0RC1RB_0LD0RC_1LD1LA	2	2	0	611
1RB0LB_0RC1RB_0LD1LA_1LD0LA	2	2	0	249
1RB0LB_0RC1RB_0LD1LD_1LD1LA	2	2	0	236
1RB0LB_0RC1RB_0LD1RB_1LD1LA	3	2	0	591
1RB0LB_0RC1RB_0LD1RC_1LD1LA	2	2	0	401
1RB0LB_0RC1RB_0RD0RC_1LD1RA	2	2	0	95
1RB0LB_0RC1RB_1LC0LA_------	2	2	0	295
1RB0LB_0RC1RB_1LC0LD_0RA0RD	2	2	0	154
1RB0LB_0RC1RB_1LC0LD_1RA0LA	3	2	0	403
1RB0LB_0RC1RB_1LC1LD_0RB0RA	2	2	0	130
1RB0LB_0RC1RB_1LC1LD_1LA0RA	2	2	0	112
1RB0LB_0RC1RB_1LC1LD_1RA0RA	2	2	0	401
1RB0LB_0RC1RB_1LC1LD_1RA1LC	2	2	0	313
1RB0LB_0RC1RB_1LC1LD_1RB0LA	3	2	0	371
1RB0LB_0RC1RB_1LD0LA_1LC---	2	2	0	295
1RB0LB_0RC1RB_1LD0LA_1LD0LA	2	2	0	295
1RB0LB_0RC1RB_1LD0RC_1LD1RA	2	2	0	189
1RB0LB_0RC1RB_1LD1RB_1LD0LA	3	2	0	287
1RB0LB_0RC1RB_1RD0LA_1LD0LC	2	2	0	415
1RB0LB_0RC1RC_0LD0RB_1LD0LA	4	2	0	915
1RB0LB_0RC1RC_0RD0RC_1LD1LA	2	2	0	98
1RB0LB_0RC1RC_0RD1LA_1LD0LA	2	2	0	324
1RB0LB_0RC1RC_0RD1RB_1LD0LA	2	2	0	705
1RB0LB_0RC1RC_1LA0LD_1RD1RB	4	2	0	1036
1RB0LB_0RC1RC_1LA1RD_---0RA	3	2	0	663
1RB0LB_0RC1RC_1LA1RD_---1RB	3	2	0	838
1RB0LB_0RC1RC_1LD0LA_1LC0RC	2	2	0	379
1RB0LB_0RC1RC_1LD1RC_1LC1LA	2	2	0	159
1RB0LB_0RC1RD_0LC1LD_1RA1LC	2	2	0	271
1RB0LB_0RC1RD_0LD1LA_1LC1RB	2	2	0	186
1RB0LB_0RC1RD_0LD1LA_1LC1RD	2	2	0	168
1RB0LB_0RC1RD_1LB1LC_1LA0RD	2	2	0	180
1RB0LB_0RC1RD_1LC0LA_0LD1RB	2	2	0	337
1RB0LB_0RC1RD_1LC0LA_0RA0RC	3	2	0	695
1RB0LB_0RC1RD_1LC0LA_0RA1LD	2	2	0	463
1RB0LB_0RC1RD_1LC0LA_0RB---	3	2	0	831
1RB0LB_0RC1RD_1LC0LA_0RC---	2	2	0	295
1RB0LB_0RC1RD_1LC0LA_0RD0LA	3	2	0	831
1RB0LB_0RC1RD_1LC0LA_0RD0LB	2	2	0	379
1RB0LB_0RC1RD_1LC0LA_0RD0RA	2	2	0	421
1RB0LB_0RC1RD_1LC0LA_0RD1LB	3	2	0	899
1RB0LB_0RC1RD_1LC0LA_0RD1LC	2	2	0	337
1RB0LB_0RC1RD_1LC0LA_1LB0RB	3	2	0	899
1RB0LB_0RC1RD_1LC0LA_1LB0RC	2	2	0	337
1RB0LB_0RC1RD_1LC0LA_1LD0RC	2	2	0	379
1RB0LB_0RC1RD_1LC0LA_1RA1LD	2	2	0	212
1RB0LB_0RC1RD_1LC0LD_1RA1LD	2	2	0	427
1RB0LB_0RC1RD_1LC1LD_1RA0LC	4	2	0	623
1RB0LB_0RC1RD_1LC1LD_1RA0RA	2	2	0	270
1RB0LB_0RC1RD_1LC1LD_1RA1LC	2	2	0	198
1RB0LB_0RC1RD_1LC1RA_0RB0RD	2	2	0	268
1RB0LB_0RC1RD_1LC1RD_1LA0RD	2	2	0	122
1RB0LB_1LA0LC_---0LD_1RD0RA	4	2	0	435
1RB0LB_1LA0LC_0LC1RD_0RD1RA	2	2	0	106
1RB0LB_1LA0LC_0LD0LC_1RD0RA	2	3	0	241
1RB0LB_1LA0LC_0LD0LC_1RD1LA	2	2	0	84
1RB0LB_1LA0LC_0LD0LC_1RD1RA	2	2	0	74
1RB0LB_1LA0LC_0LD0LC_1RD1RB	2	2	0	110
1RB0LB_1LA0LC_0LD1RA_0RD1LB	2	2	0	473
1RB0LB_1LA0LC_0LD1RA_1RD0LC	2	2	0	308
1RB0LB_1LA0LC_0LD1RA_1RD1LB	2	2	0	324
1RB0LB_1LA0LC_0LD1RA_1RD1RB	2	2	0	300
1RB0LB_1LA0LC_0RA0LD_1RD0RC	2	2	0	420
1RB0LB_1LA0LC_0RD0LC_1RD1RA	2	2	0	90
1RB0LB_1LA0LC_0RD0LC_1RD1RB	2	2	0	156
1RB0LB_1LA0LC_0RD0LD_1RC0RA	4	2	0	587
1RB0LB_1LA0LC_0RD1LC_1RB1RC	2	2	0	105
1RB0LB_1LA0LC_0RD1RC_1RD0RA	4	2	0	294
1RB0LB_1LA0LC_1LD1RD_0RC0RA	4	2	0	352
1RB0LB_1LA0LC_1RB0LD_1RD0RC	4	2	0	435
1RB0LB_1LA0LC_1RB0RD_1RD0RA	4	2	0	342
1RB0LB_1LA0LC_1RB0RD_1RD0RC	4	2	0	342
1RB0LB_1LA0LC_1RB1RD_0RD1RA	4	2	0	342
1RB0LB_1LA0LC_1RB1RD_0RD1RC	4	2	0	342
1RB0LB_1LA0LC_1RC0RD_1RD0RA	4	2	0	142
1RB0LB_1LA0LC_1RC1LD_0RB0LD	2	2	0	119
1RB0LB_1LA0LC_1RC1RD_1RB0RB	3	2	0	757
1RB0LB_1LA0LC_1RD0LC_1RD1LA	2	2	0	164
1RB0LB_1LA0LC_1RD0LC_1RD1RA	2	2	0	116
1RB0LB_1LA0LC_1RD0LC_1RD1RB	2	2	0	126
1RB0LB_1LA0LC_1RD0LD_0RC0RA	4	2	0	339
1RB0LB_1LA0LC_1RD0LD_1RC0RA	4	2	0	435
1RB0LB_1LA0LC_1RD1LD_1RC1RA	2	2	0	108
1RB0LB_1LA0LC_1RD1RC_1LB0RD	4	2	0	298
1RB0LB_1LA0LC_1RD1RD_0RC0RA	4	2	0	294
1RB0LB_1LA0RC_0LC0LD_1RD0RA	4	2	0	539
1RB0LB_1LA0RC_0LC1RD_0RD1RA	2	2	0	116
1RB0LB_1LA0RC_0LD0RA_1RC0RD	4	2	0	352
1RB0LB_1LA0RC_0LD0RB_1LD1LB	2	2	0	97
1RB0LB_1LA0RC_0LD0RC_1LD1LA	2	2	0	169
1RB0LB_1LA0RC_0LD0RC_1LD1LB	2	2	0	97
1RB0LB_1LA0RC_0LD1RC_1LB1LD	2	2	0	181
1RB0LB_1LA0RC_0RC1LD_0LD0LB	2	2	0	107
1RB0LB_1LA0RC_0RC1LD_0LD1LA	2	2	0	187
1RB0LB_1LA0RC_0RC1LD_1RD0RA	4	2	0	294
1RB0LB_1LA0RC_0RD0RA_1RC1LD	4	2	0	294
1RB0LB_1LA0RC_0RD0RC_1LD1LA	2	2	0	316
1RB0LB_1LA0RC_0RD1LA_1LC1LD	3	2	0	705
1RB0LB_1LA0RC_0RD1RB_1LD0RC	2	2	0	179
1RB0LB_1LA0RC_1LA1LD_0LC0LD	2	2	0	369
1RB0LB_1LA0RC_1LC0RD_1RB1LB	3	2	0	847
1RB0LB_1LA0RC_1LC1RD_1RA0RD	2	2	0	133
1RB0LB_1LA0RC_1LC1RD_1RB1LD	2	2	0	268
1RB0LB_1LA0RC_1LD0RC_1LD1LA	2	2	0	119
1RB0LB_1LA0RC_1LD0RC_1LD1LB	2	2	0	129
1RB0LB_1LA0RC_1LD1RC_1LB1LD	2	2	0	135
1RB0LB_1LA0RC_1LD1RD_0RC0RA	4	2	0	294
1RB0LB_1LA0RC_1RC0LD_0RA1RD	4	2	0	294
1RB0LB_1LA0RC_1RC0RA_------	4	2	0	236
1RB0LB_1LA0RC_1RC0RD_1RB---	4	2	0	236
1RB0LB_1LA0RC_1RC1LD_0LA0LD	2	2	0	107
1RB0LB_1LA0RC_1RC1LD_0LB0LD	2	2	0	201
1RB0LB_1LA0RC_1RC1RD_0LD0RA	4	2	0	292
1RB0LB_1LA0RC_1RD---_---0RA	4	2	0	236
1RB0LB_1LA0RC_1RD0RB_1LD0LC	2	2	0	187
1RB0LB_1LA1LC_0LD0LC_1RD0RB	2	2	0	92
1RB0LB_1LA1LC_0LD0LC_1RD1RA	2	2	0	141
1RB0LB_1LA1LC_0LD0LC_1RD1RB	2	3	0	262
1RB0LB_1LA1LC_0RA1RD_---1RC	3	2	0	649
1RB0LB_1LA1LC_0RC1RD_1LA1RC	3	2	0	380
1RB0LB_1LA1LC_0RC1RD_1RC1RB	2	2	0	401
1RB0LB_1LA1LC_0RD0LC_1RD0RB	2	2	0	230
1RB0LB_1LA1LC_0RD0LC_1RD1RA	2	2	0	217
1RB0LB_1LA1LC_0RD0RC_1LD1RA	2	2	0	109
1RB0LB_1LA1LC_0RD1LC_1RB1RD	2	2	0	153
1RB0LB_1LA1LC_0RD1RA_1RD0LC	2	2	0	288
1RB0LB_1LA1LC_0RD1RC_---1RB	3	2	0	438
1RB0LB_1LA1LC_1LC1RD_1RA0RD	2	2	0	200
1RB0LB_1LA1LC_1RA1RD_0RD0LC	2	2	0	342
1RB0LB_1LA1LC_1RC1RD_1RC1RB	2	2	0	333
1RB0LB_1LA1LC_1RD0LC_1RC0RB	2	2	0	142
1RB0LB_1LA1LC_1RD0LC_1RC1LA	2	2	0	245
1RB0LB_1LA1LC_1RD0LC_1RC1RA	2	3	0	194
1RB0LB_1LA1LC_1RD0LC_1RD0RA	2	2	0	238
1RB0LB_1LA1LC_1RD0LC_1RD0RB	2	2	0	148
1RB0LB_1LA1LC_1RD0LC_1RD1RA	2	2	0	306
1RB0LB_1LA1LC_1RD1LC_1RB1RD	2	2	0	125
1RB0LB_1LA1LC_1RD1RA_1RC0LD	2	2	0	130
1RB0LB_1LA1RC_0LC0RD_1RD0RA	4	2	0	294
1RB0LB_1LA1RC_0LD0RA_1RC0RD	4	2	0	294
1RB0LB_1LA1RC_0LD0RC_1LD1LB	2	2	0	181
1RB0LB_1LA1RC_0LD0RD_1RB1LD	2	2	0	248
1RB0LB_1LA1RC_0RC1LD_0LD0LA	2	2	0	107
1RB0LB_1LA1RC_0RC1LD_0LD0LB	2	2	0	201
1RB0LB_1LA1RC_0RD0RB_1LD0LC	2	2	0	127
1RB0LB_1LA1RC_0RD0RC_1LD1LA	2	2	0	126
1RB0LB_1LA1RC_1LC0RD_1RB1RC	4	2	0	294
1RB0LB_1LA1RC_1LD0RA_---0RB	4	2	0	294
1RB0LB_1LA1RC_1LD0RB_0LB1LC	2	2	0	127
1RB0LB_1LA1RC_1LD0RC_1LD1LB	2	2	0	135
1RB0LB_1LA1RC_1LD0RD_1RB0RB	4	2	0	294
1RB0LB_1LA1RC_1LD0RD_1RB1LD	2	2	0	153
1RB0LB_1LA1RC_1LD1RB_0RB1LD	2	2	0	147
1RB0LB_1LA1RC_1LD1RB_0RC1LD	2	2	0	147
1RB0LB_1LA1RC_1LD1RB_1RB1LD	2	2	0	119
1RB0LB_1LA1RC_1RC1LD_0LB0LD	2	2	0	124
1RB0LB_1LA1RC_1RC1LD_0RB0LD	2	2	0	184
1RB0LB_1LA1RC_1RC1LD_1LA0LD	2	2	0	88
1RB0LB_1LA1RC_1RD0RD_1RB1LD	2	2	0	163
1RB0LB_1LB0LC_0LD0LA_1RD1RB	3	2	0	275
1RB0LB_1LB0LC_0LD0LB_1RD0RA	2	2	0	262
1RB0LB_1LB0LC_0LD0LC_1RD1LA	2	2	0	88
1RB0LB_1LB0LC_0LD1LD_1RD1RA	2	2	0	90
1RB0LB_1LB0LC_0RD1LD_1RD1RA	2	2	0	126
1RB0LB_1LB0LC_1LA0LD_1RD0RA	4	2	0	435
1RB0LB_1LB0LC_1LA1RD_0RA---	4	2	0	352
1RB0LB_1LB0LC_1LA1RD_1LC0RA	4	2	0	468
1RB0LB_1LB0LC_1RD0LA_1RD1RA	3	2	0	256
1RB0LB_1LB0LC_1RD0LC_1RD1LA	2	2	0	172
1RB0LB_1LB0LC_1RD0RC_1RB1LA	4	2	0	616
1RB0LB_1LB0RC_0LD1LC_1RA0LA	2	2	0	193
1RB0LB_1LB0RC_0RD1LA_1LC1LD	3	2	0	640
1RB0LB_1LB0RC_0RD1LA_1LD0LA	3	2	0	582
1RB0LB_1LB0RC_1LC1LD_1RB0RA	2	2	0	385
1RB0LB_1LB0RC_1LC1LD_1RB1RA	2	2	0	303
1RB0LB_1LB0RC_1LD1LC_1LA1RD	2	2	0	178
1RB0LB_1LB0RC_1RA0LD_1LA---	3	2	0	295
1RB0LB_1LB0RC_1RD1LA_1LD0LC	2	2	0	491
1RB0LB_1LB1LC_0LD0LC_1RD0RA	2	2	0	182
1RB0LB_1LB1LC_0LD0LC_1RD1RA	2	2	0	226
1RB0LB_1LB1LC_0RD0LC_1RD1RA	2	2	0	356
1RB0LB_1LB1LC_0RD1RA_1RD0LC	2	2	0	322
1RB0LB_1LB1LC_1LA1RD_0RC1RC	4	2	0	374
1RB0LB_1LB1LC_1RD0LC_1RD1RA	2	2	0	268
1RB0LB_1LB1LC_1RD0RA_1LA0RD	2	2	0	195
1RB0LB_1LB1LC_1RD0RC_0LA0RC	2	2	0	179
1RB0LB_1LB1LC_1RD0RC_0LA1RB	2	2	0	195
1RB0LB_1LB1LC_1RD0RC_1LA0RD	2	3	0	233
1RB0LB_1LB1LC_1RD0RC_1LA1RB	2	2	0	323
1RB0LB_1LB1LC_1RD0RD_1LA0RC	2	2	0	188
1RB0LB_1LB1LC_1RD1RA_1RC0LD	2	2	0	120
1RB0LB_1LB1RC_0RB1LD_1LA0LD	4	2	0	618
1RB0LB_1LB1RC_0RD0LB_1LD0LA	2	2	0	503
1RB0LB_1LB1RC_0RD0RD_1LD0LA	2	2	0	399
1RB0LB_1LB1RC_1LA0RD_0RC0RC	2	2	0	131
1RB0LB_1LB1RC_1LA0RD_0RC0RD	2	2	0	186
1RB0LB_1LB1RC_1LA0RD_0RC1LD	2	2	0	308
1RB0LB_1LB1RC_1LA0RD_0RC1RD	2	2	0	342
1RB0LB_1LB1RC_1LA0RD_1LB0RC	2	2	0	200
1RB0LB_1LB1RC_1LB0RD_1LD0LA	2	2	0	441
1RB0LB_1LB1RC_1LC0RD_1LD0LA	2	2	0	525
1RB0LB_1LB1RC_1LD0RC_0RB0RA	2	2	0	226
1RB0LB_1LB1RC_1LD0RC_1RA1LB	2	2	0	213
1RB0LB_1LB1RC_1LD0RC_1RB0LA	3	2	0	632
1RB0LB_1LB1RC_1RA1LD_---0LC	4	2	0	498
1RB0LB_1LB1RC_1RD0RC_1LA0LC	2	2	0	375
1RB0LB_1LB1RC_1RD0RC_1LA1LC	2	2	0	118
1RB0LB_1LB1RC_1RD0RC_1LD0RA	2	2	0	206
1RB0LB_1LC0LA_0LD0LC_1RD0RA	2	2	0	262
1RB0LB_1LC0LA_0RC0LD_1RD1LB	2	2	0	105
1RB0LB_1LC0LA_1RC1RD_0RB1LA	2	2	0	132
1RB0LB_1LC0LA_1RC1RD_1RD1LA	2	2	0	90
1RB0LB_1LC0LA_1RD0LB_---0RB	2	2	0	156
1RB0LB_1LC0LA_1RD0LB_0RB1RD	2	2	0	122
1RB0LB_1LC0LA_1RD0LB_1RA0RC	2	2	0	142
1RB0LB_1LC0LA_1RD0LC_0LA0RB	2	2	0	223
1RB0LB_1LC0LA_1RD1LB_1RC1RC	2	2	0	80
1RB0LB_1LC0LA_1RD1RC_1LA0RB	2	2	0	132
1RB0LB_1LC0LB_0LD0LC_1RD0RA	2	2	0	262
1RB0LB_1LC0LB_0RC0LD_1RD1LA	2	2	0	105
1RB0LB_1LC0LB_0RC1RD_1RD1LA	2	2	0	189
1RB0LB_1LC0LB_0RD0LB_1RA1RC	2	2	0	130
1RB0LB_1LC0LB_1RC1RD_0RB1LA	2	2	0	112
1RB0LB_1LC0LB_1RC1RD_1RD1LA	2	2	0	90
1RB0LB_1LC0LB_1RD0LC_0LA0RB	2	2	0	249
1RB0LB_1LC0LB_1RD1LA_1RC1RC	2	2	0	95
1RB0LB_1LC0LB_1RD1RC_1LA0RB	2	2	0	200
1RB0LB_1LC0LC_0LD0LB_1RD1LA	2	2	0	120
1RB0LB_1LC0LC_0LD0LC_1RD1LA	2	2	0	88
1RB0LB_1LC0LC_1RD0LB_1LA0RB	2	2	0	156
1RB0LB_1LC0LC_1RD0LC_1RD1LA	2	2	0	172
1RB0LB_1LC0LC_1RD1LD_1RC1RA	2	2	0	102
1RB0LB_1LC0LC_1RD1RA_1LA0RC	2	2	0	359
1RB0LB_1LC0LD_---1LA_0RA1RA	2	2	0	322
1RB0LB_1LC0LD_0LD0LC_1RD0RA	2	3	0	318
1RB0LB_1LC0LD_0RA0LD_1LA1RC	4	2	0	352
1RB0LB_1LC0LD_1RA0LB_1RD0RA	2	3	0	229
1RB0LB_1LC0LD_1RC0LB_1RD0RA	2	3	0	229
1RB0LB_1LC0LD_1RC1LA_0LC0LD	2	2	0	95
1RB0LB_1LC0LD_1RC1LA_1RC0LD	2	2	0	170
1RB0LB_1LC0RA_---0LD_1LA---	4	2	0	236
1RB0LB_1LC0RA_0LD0LB_1RD1LA	2	2	0	67
1RB0LB_1LC0RA_0LD0LC_1RD1LB	2	2	0	179
1RB0LB_1LC0RA_0LD1LB_1RD0RC	2	2	0	141
1RB0LB_1LC0RA_1RD0LC_0LA0RB	2	2	0	487
1RB0LB_1LC0RB_0LD0LC_1RD0RA	2	3	0	300
1RB0LB_1LC0RB_1LC0LD_1RA1RD	2	2	0	184
1RB0LB_1LC0RC_0LD1LB_1RD1RA	2	2	0	121
1RB0LB_1LC0RC_1LA0RD_0RA1LB	2	2	0	555
1RB0LB_1LC0RC_1RD1LB_---1RA	2	2	0	84
1RB0LB_1LC0RC_1RD1LC_1LA1RB	2	2	0	166
1RB0LB_1LC0RD_---1LA_---1RA	3	2	0	219
1RB0LB_1LC0RD_---1LA_0LA1LA	2	2	0	320
1RB0LB_1LC0RD_---1LA_1RA1LD	3	2	0	359
1RB0LB_1LC0RD_---1LA_1RB1RD	3	2	0	219
1RB0LB_1LC0RD_0LC1LA_1RA0RD	4	2	0	518
1RB0LB_1LC0RD_0LC1LA_1RA1LC	4	2	0	588
1RB0LB_1LC0RD_0LC1LA_1RB1LC	4	2	0	356
1RB0LB_1LC0RD_0LD0LC_1LA1RD	2	3	0	749
1RB0LB_1LC0RD_0RA1LA_0LC1LD	4	2	0	470
1RB0LB_1LC0RD_0RA1LA_1RA0RD	4	2	0	458
1RB0LB_1LC0RD_0RC1LD_1LA0RA	3	2	0	211
1RB0LB_1LC0RD_1LA0LC_1LA1RC	2	3	0	441
1RB0LB_1LC0RD_1LA0LC_1LA1RD	2	3	0	441
1RB0LB_1LC0RD_1LA0LC_1LD0RA	3	2	0	371
1RB0LB_1LC0RD_1LA0LC_1RB---	4	2	0	236
1RB0LB_1LC0RD_1LA0LC_1RD0RA	4	2	0	236
1RB0LB_1LC0RD_1LA1LC_0LD0RA	4	2	0	121
1RB0LB_1LC0RD_1LA1LC_1LA0RA	3	2	0	165
1RB0LB_1LC0RD_1LA1LD_1LA0RA	3	2	0	165
1RB0LB_1LC0RD_1LC1LA_1RA0RD	2	2	0	177
1RB0LB_1LC0RD_1LC1RB_0RB1RA	3	2	0	366
1RB0LB_1LC0RD_1LD0LB_1RB0RA	2	2	0	80
1RB0LB_1LC0RD_1LD0LB_1RB1RA	2	2	0	208
1RB0LB_1LC0RD_1LD0RA_1RB0LC	2	2	0	128
1RB0LB_1LC0RD_1RA1LC_1LA0LC	2	2	0	198
1RB0LB_1LC0RD_1RB1LA_---1RC	3	2	0	219
1RB0LB_1LC0RD_1RD0LC_0LA0RB	2	3	0	849
1RB0LB_1LC1LA_0LD0LC_1RD0RA	2	2	0	116
1RB0LB_1LC1LA_0LD1LB_1RD0RC	2	2	0	150
1RB0LB_1LC1LA_0RB0RD_0RC1RD	2	2	0	228
1RB0LB_1LC1LA_0RC1RD_0RC1LB	2	2	0	137
1RB0LB_1LC1LA_0RC1RD_1RC1LB	2	2	0	105
1RB0LB_1LC1LA_0RD0LB_1LB1RC	2	2	0	231
1RB0LB_1LC1LA_0RD1LB_---1RC	2	2	0	112
1RB0LB_1LC1LA_0RD1LB_1RC0LC	2	2	0	148
1RB0LB_1LC1LA_1LA1RD_0RC0RD	2	2	0	125
1RB0LB_1LC1LA_1LA1RD_1RC0RD	2	2	0	89
1RB0LB_1LC1LA_1RC1RD_0RC1LB	2	2	0	129
1RB0LB_1LC1LA_1RC1RD_1RC1LB	2	2	0	97
1RB0LB_1LC1LA_1RD0LB_1LB0RC	2	2	0	220
1RB0LB_1LC1LA_1RD1LB_---1RC	2	2	0	80
1RB0LB_1LC1LB_0LA1RD_---1RC	2	2	0	157
1RB0LB_1LC1LB_0LD0LC_1RD0RA	2	2	0	244
1RB0LB_1LC1LB_0RD1LA_1RB1RD	2	2	0	136
1RB0LB_1LC1LB_1RD0LC_0LA0RB	2	2	0	254
1RB0LB_1LC1LB_1RD1LA_1RB1RD	2	2	0	129
1RB0LB_1LC1LB_1RD1RC_0LB0RA	2	2	0	150
1RB0LB_1LC1LB_1RD1RC_1LB0RA	2	2	0	106
1RB0LB_1LC1LC_1LA0RD_0RD1RC	3	2	0	244
1RB0LB_1LC1LC_1LA0RD_1RD1RC	3	2	0	268
1RB0LB_1LC1LD_0RA0LD_1LA1RC	4	2	0	468
1RB0LB_1LC1LD_1LB0RB_1RC0RA	2	2	0	385
1RB0LB_1LC1LD_1RC1RA_0LC0LD	2	2	0	145
1RB0LB_1LC1LD_1RC1RA_0RC0LD	2	2	0	201
1RB0LB_1LC1LD_1RC1RA_1RC0LD	2	2	0	157
1RB0LB_1LC1LD_1RD1RA_1RC0LD	2	2	0	157
1RB0LB_1LC1RA_---0LD_1RA0LA	2	2	0	113
1RB0LB_1LC1RA_---1LD_0RB0LA	2	2	0	293
1RB0LB_1LC1RA_---1LD_1LA0RA	2	2	0	82
1RB0LB_1LC1RA_---1LD_1LA1LC	2	2	0	80
1RB0LB_1LC1RA_---1LD_1RA0LA	2	2	0	141
1RB0LB_1LC1RA_---1LD_1RB0LC	2	2	0	138
1RB0LB_1LC1RA_---1LD_1RB1LC	2	2	0	174
1RB0LB_1LC1RA_0LB0LD_1RC0LA	2	2	0	119
1RB0LB_1LC1RA_0LD0LC_1RD0LA	2	2	0	104
1RB0LB_1LC1RA_0LD0LC_1RD1LA	2	2	0	78
1RB0LB_1LC1RA_0LD0LC_1RD1LB	2	2	0	134
1RB0LB_1LC1RA_0RA0LD_0RA0RB	2	2	0	129
1RB0LB_1LC1RA_0RA0LD_1LA0RB	2	2	0	94
1RB0LB_1LC1RA_0RA1LD_0LC1LC	2	2	0	179
1RB0LB_1LC1RA_0RC0LD_1RD0LB	2	2	0	199
1RB0LB_1LC1RA_0RD0LC_1RD1LA	2	2	0	104
1RB0LB_1LC1RA_0RD0LC_1RD1LB	2	2	0	202
1RB0LB_1LC1RA_1LB0LD_0RA0RC	2	2	0	127
1RB0LB_1LC1RA_1LB0LD_1LA0RC	2	2	0	92
1RB0LB_1LC1RA_1LB0LD_1RC0LA	2	2	0	125
1RB0LB_1LC1RA_1LC0LD_0RA0RB	2	2	0	127
1RB0LB_1LC1RA_1LC0LD_0RA0RC	2	2	0	127
1RB0LB_1LC1RA_1LC0LD_1LA0RB	2	2	0	92
1RB0LB_1LC1RA_1LC0LD_1LA0RC	2	2	0	92
1RB0LB_1LC1RA_1RD0LC_1RD0LA	2	2	0	208
1RB0LB_1LC1RA_1RD0LC_1RD1LA	2	2	0	144
1RB0LB_1LC1RA_1RD0LC_1RD1LB	2	2	0	148
1RB0LB_1LC1RB_---0RD_1LA1LD	2	2	0	224
1RB0LB_1LC1RB_---1LA_------	2	2	0	166
1RB0LB_1LC1RB_---1LD_0RB1LA	3	2	0	611
1RB0LB_1LC1RB_---1LD_1LA0RC	3	2	0	410
1RB0LB_1LC1RB_---1LD_1LA1LA	3	2	0	334
1RB0LB_1LC1RB_---1LD_1RC1LA	3	2	0	348
1RB0LB_1LC1RB_0LD0LC_1RD0LA	2	2	0	179
1RB0LB_1LC1RB_0LD0LC_1RD1LA	2	2	0	193
1RB0LB_1LC1RB_1RA1LD_0RB1LC	2	2	0	157
1RB0LB_1LC1RB_1RB1LD_0RA1LC	2	2	0	130
1RB0LB_1LC1RB_1RD0LC_0LA0RB	2	3	0	813
1RB0LB_1LC1RC_0RD1LA_---1RA	3	2	0	359
1RB0LB_1LC1RC_1LB0LD_1LA0RA	4	2	0	464
1RB0LB_1LC1RD_---0LD_1RA1LC	4	2	0	482
1RB0LB_1LC1RD_---1LA_0LD1RB	2	2	0	212
1RB0LB_1LC1RD_---1LA_0RB1RB	3	2	0	429
1RB0LB_1LC1RD_---1LA_1LC1RB	2	2	0	166
1RB0LB_1LC1RD_---1LA_1LC1RD	2	2	0	166
1RB0LB_1LC1RD_0LA1LA_1LD0RB	2	3	0	287
1RB0LB_1LC1RD_0LB0LD_1RA0RC	4	2	0	650
1RB0LB_1LC1RD_0RA0LD_1RA0RB	4	2	0	818
1RB0LB_1LC1RD_0RA1LA_0RB1RD	3	2	0	489
1RB0LB_1LC1RD_0RB1LC_1RD1RA	2	2	0	101
1RB0LB_1LC1RD_0RC1RB_1LA0RC	3	2	0	541
1RB0LB_1LC1RD_0RC1RB_1LA1RC	3	2	0	495
1RB0LB_1LC1RD_0RD1LC_1LA1RB	2	2	0	255
1RB0LB_1LC1RD_0RD1LD_1LA1RB	2	2	0	209
1RB0LB_1LC1RD_1LA0LC_0RA---	4	2	0	131
1RB0LB_1LC1RD_1LA1LB_0LC0RB	2	2	0	285
1RB0LB_1LC1RD_1LA1LB_0RC0RB	2	2	0	236
1RB0LB_1LC1RD_1LA1LB_1LC0RB	2	2	0	233
1RB0LB_1LC1RD_1LB1RA_1LB0RD	2	2	0	197
1RB0LB_1LC1RD_1LC1RA_1LB0RD	2	2	0	213
1RB0LB_1LC1RD_1LD1LA_0RB0LC	4	2	0	1312
1RB0LB_1LC1RD_1LD1LB_1LA0RB	2	2	0	194
1RB0LB_1LC1RD_1LD1LC_1RD1RA	2	2	0	80
1RB0LB_1LC1RD_1RA1LC_1LD1RB	2	2	0	144
1RB0LB_1LC1RD_1RA1LC_1RD1RB	2	2	0	132
1RB0LB_1LC1RD_1RC1RB_1LA0RC	3	2	0	566
1RB0LB_1LC1RD_1RC1RB_1LA1RC	3	2	0	447
1RB0LB_1LC1RD_1RD0LB_0LA0RB	2	2	0	400
1RB0LB_1LC1RD_1RD0LB_1LA0RB	3	2	0	370
1RB0LB_1LC1RD_1RD0LC_0LA0RB	2	2	0	254
1RB0LB_1LC1RD_1RD1LC_1LA1RB	2	2	0	203
1RB0LB_1LC1RD_1RD1RA_1LA0RB	3	2	0	506
1RB0LB_1RC---_0RD0RC_1LD0LA	2	2	0	73
1RB0LB_1RC0LA_0LD1LB_1RD0LC	2	2	0	151
1RB0LB_1RC0LA_0RD---_1LD1RA	4	2	0	482
1RB0LB_1RC0LA_1LB0RD_1LB0LB	2	2	0	134
1RB0LB_1RC0LA_1LB0RD_1RA---	4	2	0	344
1RB0LB_1RC0LA_1LB1RD_0RA---	4	2	0	296
1RB0LB_1RC0LA_1LB1RD_1RD1LB	2	2	0	84
1RB0LB_1RC0LA_1LB1RD_1RD1RB	2	2	0	74
1RB0LB_1RC0LA_1LC1RD_1RD1LB	2	2	0	94
1RB0LB_1RC0LA_1LD0RB_1RA0LC	2	2	0	66
1RB0LB_1RC0LA_1LD1RA_1LC0RD	2	2	0	137
1RB0LB_1RC0LB_1LD0RD_1LB0LA	2	2	0	186
1RB0LB_1RC0LC_0LD0LC_1RD1LA	2	2	0	88
1RB0LB_1RC0LC_0RD1RB_1LD0LA	2	2	0	131
1RB0LB_1RC0LC_1LC0RD_0LA1LD	2	2	0	147
1RB0LB_1RC0LC_1LD1RB_---0LA	2	2	0	87
1RB0LB_1RC0LC_1LD1RB_---1LA	2	2	0	146
1RB0LB_1RC0LD_0LA1RA_1LC1LA	3	2	0	137
1RB0LB_1RC0LD_0RD0RC_1LD1RA	2	2	0	225
1RB0LB_1RC0LD_1LA0LD_0RA0RB	2	2	0	433
1RB0LB_1RC0LD_1LA0RA_0LC1RA	2	2	0	605
1RB0LB_1RC0LD_1LA0RA_1LB0LB	3	2	0	1270
1RB0LB_1RC0LD_1LA0RC_1RA0RB	2	2	0	281
1RB0LB_1RC0LD_1LA0RD_1LB0LA	3	2	0	503
1RB0LB_1RC0LD_1LA0RD_1LB0LB	2	2	0	134
1RB0LB_1RC0LD_1LA0RD_1LB0RB	2	2	0	190
1RB0LB_1RC0LD_1LA1RA_0RA1LA	3	2	0	116
1RB0LB_1RC0LD_1LA1RB_0RA1RC	2	2	0	83
1RB0LB_1RC0LD_1LA1RC_1RA0RB	2	2	0	251
1RB0LB_1RC0LD_1LA1RD_1LB1RB	3	2	0	715
1RB0LB_1RC0LD_1LA1RD_1RD1RB	3	2	0	693
1RB0LB_1RC0LD_1LD0RB_1RA0LC	2	3	0	285
1RB0LB_1RC0LD_1LD0RD_1LB0LA	3	2	0	503
1RB0LB_1RC0LD_1RD0LA_1LB0RC	2	2	0	65
1RB0LB_1RC0LD_1RD0RB_1LB1LA	2	2	0	96
1RB0LB_1RC0LD_1RD1LA_1LB0RC	2	2	0	99
1RB0LB_1RC0LD_1RD1RB_1LA1LB	2	2	0	216
1RB0LB_1RC0RA_0LC0RD_1LD1LB	2	2	0	345
1RB0LB_1RC0RA_0RD0RC_1LD1LB	2	2	0	103
1RB0LB_1RC0RA_1LD0RB_1RA0LC	2	2	0	119
1RB0LB_1RC0RA_1LD0RD_1LB0LD	2	2	0	293
1RB0LB_1RC0RA_1LD1LA_1LC0RD	2	2	0	135
1RB0LB_1RC0RB_0RD0RC_1LD1RA	2	2	0	186
1RB0LB_1RC0RB_1LA0LD_---0RC	2	2	0	340
1RB0LB_1RC0RB_1LA0LD_0RB1RD	2	2	0	322
1RB0LB_1RC0RB_1LA0LD_1LA0RD	2	2	0	340
1RB0LB_1RC0RB_1LA0LD_1LC0RD	2	2	0	190
1RB0LB_1RC0RB_1LA0RD_0RB0RB	2	2	0	272
1RB0LB_1RC0RB_1LA0RD_0RB0RC	2	2	0	229
1RB0LB_1RC0RB_1LA0RD_0RB0RD	2	2	0	229
1RB0LB_1RC0RB_1LA0RD_0RB1LD	2	2	0	284
1RB0LB_1RC0RB_1LA0RD_0RC0RB	2	2	0	308
1RB0LB_1RC0RB_1LA0RD_1LA0RB	2	2	0	284
1RB0LB_1RC0RB_1LA0RD_1RC0RB	2	2	0	304
1RB0LB_1RC0RB_1LA0RD_1RC0RD	2	2	0	304
1RB0LB_1RC0RB_1LA1LD_---1LA	2	2	0	180
1RB0LB_1RC0RB_1LA1LD_---1LC	2	2	0	241
1RB0LB_1RC0RB_1LA1LD_---1RB	2	2	0	322
1RB0LB_1RC0RB_1LA1LD_0RA0LD	2	2	0	340
1RB0LB_1RC0RB_1LA1LD_0RC0LD	2	2	0	190
1RB0LB_1RC0RB_1LA1LD_1LA0RC	2	2	0	190
1RB0LB_1RC0RB_1LA1LD_1LA1LD	2	2	0	241
1RB0LB_1RC0RB_1LA1LD_1LC0RC	2	2	0	251
1RB0LB_1RC0RB_1LA1LD_1LC1LD	2	2	0	138
1RB0LB_1RC0RB_1LA1LD_1RA0LD	2	2	0	367
1RB0LB_1RC0RB_1LA1LD_1RB0RC	2	2	0	340
1RB0LB_1RC0RB_1LA1LD_1RB1LD	2	2	0	180
1RB0LB_1RC0RB_1LA1RD_0LB1LB	2	2	0	322
1RB0LB_1RC0RB_1LA1RD_0RB0RD	2	2	0	329
1RB0LB_1RC0RB_1LA1RD_0RB1LB	2	2	0	296
1RB0LB_1RC0RB_1LA1RD_0RC1LB	2	2	0	324
1RB0LB_1RC0RB_1LA1RD_1LB0LC	2	2	0	298
1RB0LB_1RC0RB_1LA1RD_1LB1LB	2	2	0	286
1RB0LB_1RC0RB_1LA1RD_1LC1LB	2	2	0	288
1RB0LB_1RC0RB_1LA1RD_1LC1LD	2	2	0	123
1RB0LB_1RC0RB_1LD0RC_1RA0LB	2	2	0	344
1RB0LB_1RC0RB_1LD1RB_0LA1LC	4	2	0	194
1RB0LB_1RC0RC_0LD0RC_1LD1LA	2	2	0	173
1RB0LB_1RC0RC_0RD0RB_1LD0LA	2	2	0	73
1RB0LB_1RC0RC_0RD0RC_1LD1LA	2	2	0	142
1RB0LB_1RC0RC_0RD1RB_1LD0LA	4	2	0	862
1RB0LB_1RC0RC_1LA0LD_0RB0RB	2	2	0	451
1RB0LB_1RC0RC_1LA0LD_0RB0RD	3	2	0	653
1RB0LB_1RC0RC_1LA0RD_0LB0RB	3	2	0	505
1RB0LB_1RC0RC_1LA0RD_0LB0RD	2	2	0	331
1RB0LB_1RC0RC_1LA0RD_0RB0RB	3	2	0	253
1RB0LB_1RC0RC_1LA0RD_0RB0RD	2	2	0	226
1RB0LB_1RC0RC_1LA0RD_1RC0RC	2	2	0	170
1RB0LB_1RC0RC_1LA0RD_1RC0RD	2	2	0	170
1RB0LB_1RC0RC_1LA1LD_0LC0LD	2	2	0	319
1RB0LB_1RC0RC_1LA1LD_0RD0RB	2	2	0	212
1RB0LB_1RC0RC_1LA1LD_1RC0RD	2	2	0	190
1RB0LB_1RC0RC_1LA1RD_0RB0RD	2	2	0	402
1RB0LB_1RC0RC_1LA1RD_1LA1LB	2	2	0	433
1RB0LB_1RC0RC_1LD---_1LA1RD	2	2	0	165
1RB0LB_1RC0RC_1LD0RA_1LC0LA	3	2	0	739
1RB0LB_1RC0RC_1LD0RA_1LD0LA	3	2	0	683
1RB0LB_1RC0RC_1LD0RB_1LA0LC	2	2	0	510
1RB0LB_1RC0RC_1LD0RC_1LC1LA	2	2	0	135
1RB0LB_1RC0RC_1LD0RC_1LD1LA	2	2	0	135
1RB0LB_1RC0RC_1LD1RB_---1LA	2	2	0	96
1RB0LB_1RC0RC_1LD1RC_1LD1LA	3	2	0	367
1RB0LB_1RC0RD_0LA0LD_1LC1RA	2	2	0	219
1RB0LB_1RC0RD_0LA0RC_1LC---	2	2	0	219
1RB0LB_1RC0RD_0LA1LD_1LB1LA	2	2	0	326
1RB0LB_1RC0RD_0LA1RB_1LC---	2	2	0	173
1RB0LB_1RC0RD_0LA1RD_1LC1RC	2	2	0	219
1RB0LB_1RC0RD_0LC1LA_0RD1LC	2	2	0	191
1RB0LB_1RC0RD_0LC1LA_1LD1RB	2	2	0	148
1RB0LB_1RC0RD_0LC1LA_1RD0RA	4	2	0	372
1RB0LB_1RC0RD_0LC1RD_1LA0RB	2	2	0	244
1RB0LB_1RC0RD_1LA---_1LA0RB	2	2	0	170
1RB0LB_1RC0RD_1LA0LD_0LA0RB	2	2	0	451
1RB0LB_1RC0RD_1LA0RB_1LB0RB	2	2	0	187
1RB0LB_1RC0RD_1LA0RB_1LC0LA	3	2	0	477
1RB0LB_1RC0RD_1LA0RB_1LC0RC	3	2	0	469
1RB0LB_1RC0RD_1LA0RB_1RC0RB	2	2	0	304
1RB0LB_1RC0RD_1LA0RB_1RC0RD	2	2	0	304
1RB0LB_1RC0RD_1LA0RC_1LC0LA	2	2	0	263
1RB0LB_1RC0RD_1LA0RC_1LC0RC	2	2	0	231
1RB0LB_1RC0RD_1LA0RC_1LC1RC	2	3	0	501
1RB0LB_1RC0RD_1LA0RC_1LC1RD	2	2	0	296
1RB0LB_1RC0RD_1LA0RD_1LB0RB	2	2	0	170
1RB0LB_1RC0RD_1LA0RD_1RC0RB	2	2	0	304
1RB0LB_1RC0RD_1LA0RD_1RC0RD	2	2	0	304
1RB0LB_1RC0RD_1LA1LA_1LC1RD	2	3	0	304
1RB0LB_1RC0RD_1LA1LB_0LA0RB	2	2	0	180
1RB0LB_1RC0RD_1LA1LB_0LA1RC	2	2	0	451
1RB0LB_1RC0RD_1LA1LB_1LA1RC	2	2	0	433
1RB0LB_1RC0RD_1LA1LB_1LC0LA	2	2	0	347
1RB0LB_1RC0RD_1LA1LB_1LC0RC	2	2	0	407
1RB0LB_1RC0RD_1LA1LB_1LC1RC	2	2	0	323
1RB0LB_1RC0RD_1LA1LC_0LA0RB	2	2	0	144
1RB0LB_1RC0RD_1LA1LC_0LA0RC	2	2	0	279
1RB0LB_1RC0RD_1LA1LC_0LA1RB	4	2	0	500
1RB0LB_1RC0RD_1LA1LC_0RC0RB	2	2	0	180
1RB0LB_1RC0RD_1LA1LC_1LB0RB	2	2	0	138
1RB0LB_1RC0RD_1LA1LC_1LB0RC	2	2	0	176
1RB0LB_1RC0RD_1LA1LC_1LB1RB	4	2	0	436
1RB0LB_1RC0RD_1LA1LC_1RC0RB	2	2	0	241
1RB0LB_1RC0RD_1LA1LC_1RC0RD	2	2	0	241
1RB0LB_1RC0RD_1LA1LC_1RC1RA	2	2	0	525
1RB0LB_1RC0RD_1LA1RA_1LC1RD	2	3	0	332
1RB0LB_1RC0RD_1LA1RB_1LC1RC	3	2	0	385
1RB0LB_1RC0RD_1LA1RC_1LC0LA	2	2	0	183
1RB0LB_1RC0RD_1LA1RC_1LC0RC	2	2	0	245
1RB0LB_1RC0RD_1LA1RC_1LC1LB	2	2	0	183
1RB0LB_1RC0RD_1LA1RC_1LC1LD	2	2	0	193
1RB0LB_1RC0RD_1LA1RD_1LC1RC	2	3	0	320
1RB0LB_1RC0RD_1LC1LA_---1RB	2	2	0	96
1RB0LB_1RC0RD_1LC1LA_0LC0RD	2	2	0	175
1RB0LB_1RC0RD_1LC1LA_0RC0RD	2	2	0	122
1RB0LB_1RC0RD_1LC1LA_1LC0RD	2	2	0	135
1RB0LB_1RC0RD_1LC1LA_1LC1RD	3	2	0	367
1RB0LB_1RC0RD_1LC1LB_1LD1LA	3	2	0	549
1RB0LB_1RC0RD_1LD0RA_1LD0LA	4	2	0	932
1RB0LB_1RC0RD_1LD0RB_1RA0LC	4	2	0	164
1RB0LB_1RC0RD_1LD1LC_0RC1LA	3	2	0	667
1RB0LB_1RC0RD_1LD1RA_0LC0LA	3	2	0	150
1RB0LB_1RC1LA_0LD0RB_1RB1LC	2	2	0	133
1RB0LB_1RC1LA_0LD1RD_0RC1LB	2	2	0	139
1RB0LB_1RC1LA_0LD1RD_0RD1LB	2	2	0	139
1RB0LB_1RC1LA_0RD0LC_1LD1RB	2	2	0	203
1RB0LB_1RC1LA_0RD0RC_1LD1LB	2	2	0	73
1RB0LB_1RC1LA_1RD0RD_1LB1RB	4	2	0	427
1RB0LB_1RC1LB_0LD0RC_1LD1LA	2	2	0	99
1RB0LB_1RC1LB_0RD0RC_1LD1LA	2	2	0	73
1RB0LB_1RC1LB_1LA0RD_0RB0RC	2	3	0	636
1RB0LB_1RC1LB_1LA0RD_0RB0RD	2	3	0	636
1RB0LB_1RC1LB_1LA0RD_1LB0LA	2	3	0	295
1RB0LB_1RC1LB_1LA0RD_1RB1RD	2	2	0	689
1RB0LB_1RC1LB_1LA0RD_1RC0RD	2	3	0	475
1RB0LB_1RC1LB_1LA1LD_1RB1RD	2	2	0	449
1RB0LB_1RC1LB_1LA1RD_0RB0RD	2	2	0	367
1RB0LB_1RC1LB_1LA1RD_1LD1RC	2	3	0	211
1RB0LB_1RC1LB_1LA1RD_1RB1RD	2	2	0	423
1RB0LB_1RC1LB_1LA1RD_1RD1RC	2	3	0	197
1RB0LB_1RC1LB_1LD0RC_1LD1LA	2	2	0	115
1RB0LB_1RC1LB_1LD0RD_1LB0LA	2	2	0	240
1RB0LB_1RC1LB_1RD1RC_1LA0LB	2	2	0	810
1RB0LB_1RC1LB_1RD1RC_1LA1LB	2	2	0	125
1RB0LB_1RC1LC_0LA1RD_0RB0RA	3	2	0	594
1RB0LB_1RC1LC_0LA1RD_1LA0RA	4	2	0	510
1RB0LB_1RC1LC_0LA1RD_1RC0RA	3	2	0	416
1RB0LB_1RC1LC_0LA1RD_1RC1LA	2	2	0	100
1RB0LB_1RC1LC_0RD0RA_1LD0LB	2	2	0	327
1RB0LB_1RC1LC_1LA0RD_0RD0LA	3	2	0	316
1RB0LB_1RC1LC_1LA0RD_1RC0RD	2	2	0	342
1RB0LB_1RC1LC_1LA1RD_0RC1RC	4	2	0	402
1RB0LB_1RC1LC_1LA1RD_1RB0RD	2	3	0	930
1RB0LB_1RC1LC_1LD1RD_0RD0LA	4	2	0	419
1RB0LB_1RC1LD_0LA0RC_0LA0LB	2	2	0	102
1RB0LB_1RC1LD_0LA0RD_0LA0LB	2	2	0	102
1RB0LB_1RC1LD_0LA1RA_0LA0LA	3	2	0	242
1RB0LB_1RC1LD_0LA1RA_0LA0RB	3	2	0	308
1RB0LB_1RC1LD_0LA1RA_0LA0RD	3	2	0	506
1RB0LB_1RC1LD_0LA1RA_0RC0LA	3	2	0	467
1RB0LB_1RC1LD_0LA1RA_1RB0LA	3	2	0	254
1RB0LB_1RC1LD_0LA1RB_0LA0LB	2	2	0	76
1RB0LB_1RC1LD_0LA1RD_0RC0LA	3	2	0	611
1RB0LB_1RC1LD_0LA1RD_0RC0LC	4	2	0	609
1RB0LB_1RC1LD_0LA1RD_1RB0LA	3	2	0	254
1RB0LB_1RC1LD_0LB1RA_---0LA	3	2	0	227
1RB0LB_1RC1LD_1LA0LD_0LA0RA	4	2	0	396
1RB0LB_1RC1LD_1LA0LD_1RD0RB	2	2	0	313
1RB0LB_1RC1LD_1LA0RA_0LA1RC	4	2	0	678
1RB0LB_1RC1LD_1LA0RA_1RC0RD	2	2	0	229
1RB0LB_1RC1LD_1LA0RB_0LA0LA	2	2	0	103
1RB0LB_1RC1LD_1LA0RB_0LA0RB	2	2	0	111
1RB0LB_1RC1LD_1LA0RB_0LA1RC	2	2	0	99
1RB0LB_1RC1LD_1LA0RB_0RC---	2	2	0	449
1RB0LB_1RC1LD_1LA0RB_0RD0RB	2	2	0	449
1RB0LB_1RC1LD_1LA0RB_1RB0LA	2	2	0	123
1RB0LB_1RC1LD_1LA0RB_1RB0RC	2	2	0	597
1RB0LB_1RC1LD_1LA0RC_0RD0RB	2	2	0	287
1RB0LB_1RC1LD_1LA0RC_1RC0RD	2	2	0	237
1RB0LB_1RC1LD_1LA0RD_0LA0LB	2	2	0	69
1RB0LB_1RC1LD_1LA0RD_0LA0RA	2	2	0	101
1RB0LB_1RC1LD_1LA0RD_1RC0RC	2	3	0	646
1RB0LB_1RC1LD_1LA0RD_1RC0RD	2	3	0	475
1RB0LB_1RC1LD_1LA1LD_0LA0RD	4	2	0	506
1RB0LB_1RC1LD_1LA1RA_0LA0LA	3	2	0	186
1RB0LB_1RC1LD_1LA1RA_0LA0RB	3	2	0	240
1RB0LB_1RC1LD_1LA1RA_0LC0LA	3	2	0	195
1RB0LB_1RC1LD_1LA1RA_1RB0LA	3	2	0	192
1RB0LB_1RC1LD_1LA1RB_0LA0LB	2	2	0	51
1RB0LB_1RC1LD_1LA1RB_0LA0RA	2	2	0	83
1RB0LB_1RC1LD_1LA1RB_0RC0LB	2	2	0	65
1RB0LB_1RC1LD_1LA1RB_0RC0RA	2	2	0	101
1RB0LB_1RC1LD_1LA1RD_1LB0RC	2	2	0	206
1RB0LB_1RC1LD_1LA1RD_1RB0LA	3	2	0	192
1RB0LB_1RC1LD_1LC1RA_---0LA	3	2	0	241
1RB0LB_1RC1LD_1LD1RA_---0LA	3	2	0	120
1RB0LB_1RC1LD_1RD1RC_1LA1LB	2	2	0	125
1RB0LB_1RC1RA_1LD0RB_1LA0LC	2	3	0	218
1RB0LB_1RC1RA_1LD0RB_1RA0LC	2	2	0	113
1RB0LB_1RC1RA_1LD0RD_1LB0LD	2	2	0	202
1RB0LB_1RC1RB_0LC0RD_1LD0LA	2	2	0	303
1RB0LB_1RC1RB_0LD0RC_1LD1LA	2	2	0	198
1RB0LB_1RC1RB_0RD0RC_1LD1RA	2	2	0	200
1RB0LB_1RC1RB_1LA0LD_---0RB	2	2	0	433
1RB0LB_1RC1RB_1LA0LD_1RC0RD	2	2	0	433
1RB0LB_1RC1RB_1LA0RD_0RB0RC	2	2	0	234
1RB0LB_1RC1RB_1LA0RD_0RB0RD	2	2	0	234
1RB0LB_1RC1RB_1LA0RD_1RC0RD	2	2	0	319
1RB0LB_1RC1RB_1LA1LD_0LB0RD	2	2	0	331
1RB0LB_1RC1RB_1LA1LD_0RB0RD	2	2	0	226
1RB0LB_1RC1RB_1LA1LD_1RC0RD	2	2	0	170
1RB0LB_1RC1RB_1LA1RD_0RB0RD	2	2	0	329
1RB0LB_1RC1RB_1LD0LA_1LC0RD	2	2	0	143
1RB0LB_1RC1RB_1LD0RB_1RA0LC	2	2	0	176
1RB0LB_1RC1RB_1LD0RC_0LB0LA	4	2	0	572
1RB0LB_1RC1RB_1LD0RC_1LB0LA	2	2	0	174
1RB0LB_1RC1RB_1LD1LC_0RB0LA	2	2	0	179
1RB0LB_1RC1RB_1LD1LC_1RB0LA	2	2	0	175
1RB0LB_1RC1RC_0RD0RC_1LD1LA	2	2	0	96
1RB0LB_1RC1RC_1LD0RC_1LD1LA	2	2	0	131
1RB0LB_1RC1RD_0LA0RC_1LD0LA	2	2	0	219
1RB0LB_1RC1RD_0LA1LA_1LC0RC	2	2	0	252
1RB0LB_1RC1RD_0LA1LA_1LC1RB	2	2	0	198
1RB0LB_1RC1RD_0LA1LA_1LC1RD	2	2	0	170
1RB0LB_1RC1RD_0LA1RB_1LD0LA	2	2	0	173
1RB0LB_1RC1RD_1LA---_0RB0RD	2	2	0	374
1RB0LB_1RC1RD_1LA0LC_1RD1LC	2	2	0	80
1RB0LB_1RC1RD_1LA0LD_1RC0RB	2	2	0	433
1RB0LB_1RC1RD_1LA0LD_1RC0RD	2	2	0	433
1RB0LB_1RC1RD_1LA0RB_0LC1LC	2	2	0	458
1RB0LB_1RC1RD_1LA0RD_0RB0LC	2	2	0	211
1RB0LB_1RC1RD_1LA0RD_1RC0RD	2	2	0	319
1RB0LB_1RC1RD_1LA1LA_1LB0RD	2	2	0	331
1RB0LB_1RC1RD_1LA1LB_1RC0RD	2	2	0	343
1RB0LB_1RC1RD_1LA1LC_1LC0RB	2	2	0	123
1RB0LB_1RC1RD_1LA1LC_1RC0RB	2	2	0	145
1RB0LB_1RC1RD_1LA1LC_1RC0RD	2	2	0	134
1RB0LB_1RC1RD_1LA1LD_1LC0RB	2	2	0	127
1RB0LB_1RC1RD_1LA1LD_1RC0RD	2	2	0	170
1RB0LB_1RC1RD_1LC0LA_0RA---	2	2	0	107
1RB0LB_1RC1RD_1LC1LA_0LC0RD	2	2	0	109
1RB0LB_1RC1RD_1LC1LA_0RC0RD	2	2	0	84
1RB0LB_1RC1RD_1LC1LA_1LC0RD	2	2	0	131
1RB0LB_1RC1RD_1LD0RD_1LB0LA	2	2	0	346
1RB0LC_0LA0LD_1LA0RD_1RC1RD	2	2	0	182
1RB0LC_0LA0LD_1LD0RD_1RC1LA	4	2	0	297
1RB0LC_0LA0RA_1RD1LD_1RA0LA	3	2	0	396
1RB0LC_0LA0RC_1LD0RA_1LA---	3	2	0	127
1RB0LC_0LA0RC_1RA0LD_1LA---	3	2	0	243
1RB0LC_0LA0RD_1LD---_1LA0RA	3	2	0	127
1RB0LC_0LA0RD_1LD---_1RB1LA	3	2	0	321
1RB0LC_0LA0RD_1LD1LC_1LA1RD	2	2	0	692
1RB0LC_0LA0RD_1RD0RD_1LD1LA	3	2	0	547
1RB0LC_0LA1LC_1LA0LD_1RD0RC	2	2	0	362
1RB0LC_0LA1LC_1LA0RD_1RC1RD	2	2	0	131
1RB0LC_0LA1LD_1LA0RD_1RC1LD	2	2	0	115
1RB0LC_0LA1LD_1LA0RD_1RC1RD	2	2	0	115
1RB0LC_0LA1RA_1LA0LD_---1RC	2	2	0	120
1RB0LC_0LA1RA_1LA0RD_0LD1RC	2	2	0	152
1RB0LC_0LA1RA_1LA1LD_---0LC	2	2	0	88
1RB0LC_0LA1RA_1LD1LA_0RB---	2	2	0	182
1RB0LC_0LA1RA_1LD1LA_0RC---	2	2	0	98
1RB0LC_0LA1RA_1LD1LA_0RD1LA	2	2	0	98
1RB0LC_0LA1RA_1LD1LA_0RD1RA	2	2	0	182
1RB0LC_0LA1RA_1LD1LA_1RB---	2	2	0	88
1RB0LC_0LA1RA_1LD1LA_1RD1RA	2	2	0	88
1RB0LC_0LA1RA_1RD1LA_0LB---	2	2	0	182
1RB0LC_0LA1RA_1RD1LA_0LC---	2	2	0	98
1RB0LC_0LA1RA_1RD1LA_0LD1LA	2	2	0	98
1RB0LC_0LA1RA_1RD1LA_0LD1RA	2	2	0	182
1RB0LC_0LA1RA_1RD1LA_0RB---	2	2	0	283
1RB0LC_0LA1RA_1RD1LA_1LB---	2	2	0	108
1RB0LC_0LA1RA_1RD1LA_1LD1RA	2	2	0	108
1RB0LC_0LA1RA_1RD1LA_1RB---	2	2	0	172
1RB0LC_0LA1RB_1RD0RD_1LD1LA	3	2	0	337
1RB0LC_0LA1RC_1LA0RD_1RC0RC	2	2	0	180
1RB0LC_0LA1RC_1LA0RD_1RC1LD	2	2	0	131
1RB0LC_0LA1RC_1LA0RD_1RC1RD	2	2	0	172
1RB0LC_0LA1RC_1RD0RD_1LD1LA	3	2	0	623
1RB0LC_0LA1RD_1LA0RD_1RC---	2	2	0	109
1RB0LC_0LA1RD_1LA1LD_1LC0RB	2	2	0	180
1RB0LC_0LA1RD_1LA1LD_1RA0LA	3	2	0	260
1RB0LC_0LA1RD_1RD1LD_1LC0RB	2	2	0	114
1RB0LC_0LA1RD_1RD1LD_1RA0LA	3	2	0	264
1RB0LC_0LB1LA_0LD0LA_1RD1RB	2	2	0	95
1RB0LC_0LB1LA_0LD0LC_1RD0LB	2	2	0	183
1RB0LC_0LB1LA_0LD0LC_1RD0RA	2	2	0	147
1RB0LC_0LB1LA_0LD0LC_1RD0RB	2	2	0	194
1RB0LC_0LB1LA_0LD0LC_1RD1LB	2	2	0	193
1RB0LC_0LB1LA_0LD0LC_1RD1RA	2	2	0	139
1RB0LC_0LB1LA_0LD0LC_1RD1RB	2	2	0	95
1RB0LC_0LB1LA_0RD0LC_1RD0RA	2	2	0	221
1RB0LC_0LB1LA_0RD0LC_1RD1RA	2	2	0	205
1RB0LC_0LB1LA_0RD1LC_1RA1RD	2	2	0	550
1RB0LC_0LB1LA_1RC0RD_1LA0LC	2	2	0	347
1RB0LC_0LB1LA_1RD0LA_1RD0RA	2	2	0	145
1RB0LC_0LB1LA_1RD0LA_1RD1RA	2	2	0	137
1RB0LC_0LB1LA_1RD0LC_1RD0RA	2	2	0	145
1RB0LC_0LB1LA_1RD0LC_1RD1RA	2	2	0	137
1RB0LC_0LB1LA_1RD0LC_1RD1RB	2	2	0	170
1RB0LC_0LB1LA_1RD1LB_0RA---	3	2	0	583
1RB0LC_0LB1LA_1RD1LB_1RD0RA	3	2	0	371
1RB0LC_0LB1LA_1RD1LC_0RC0RA	2	2	0	318
1RB0LC_0LB1LA_1RD1LC_1RA1RD	2	2	0	364
1RB0LC_0LB1LA_1RD1LC_1RD0RA	2	2	0	236
1RB0LC_0LB1LC_0LD0LA_1RD0RA	2	2	0	195
1RB0LC_0LB1LC_0LD0LA_1RD1RB	2	2	0	88
1RB0LC_0LB1LC_1LA0RD_1RC1RD	2	2	0	106
1RB0LC_0LB1LC_1LD1RC_1RC1LA	2	2	0	167
1RB0LC_0LB1LC_1RC1RD_1LA0RA	3	2	0	556
1RB0LC_0LB1LC_1RD0LA_0RD1RA	3	2	0	949
1RB0LC_0LB1LC_1RD0LA_1RC1RA	2	2	0	145
1RB0LC_0LB1LC_1RD0LA_1RD1RA	2	2	0	145
1RB0LC_0LB1LC_1RD0RC_1LA0RD	2	2	0	251
1RB0LC_0LB1RC_0RD1RB_1LD0LA	2	2	0	441
1RB0LC_0LB1RC_0RD1RC_1LD0LA	2	2	0	399
1RB0LC_0LB1RC_1LA0RD_1RC0RC	2	2	0	261
1RB0LC_0LB1RC_1LA0RD_1RC1LD	2	2	0	141
1RB0LC_0LB1RC_1LA0RD_1RC1RD	2	2	0	251
1RB0LC_0LB1RC_1LA1RD_0RD1RB	2	2	0	116
1RB0LC_0LB1RC_1LD1RB_---1LA	2	2	0	224
1RB0LC_0LB1RC_1LD1RC_---1LA	2	2	0	168
1RB0LC_0LB1RC_1RD0LD_1LA0RA	3	2	0	230
1RB0LC_0LB1RC_1RD0RC_1LA1LB	2	2	0	324
1RB0LC_0LB1RC_1RD1LA_1LA1RA	4	2	0	420
1RB0LC_0LC---_0RD1RC_1LD0LA	2	2	0	399
1RB0LC_0LC0LA_0LD1RD_1RC1LB	2	2	0	215
1RB0LC_0LC0LA_1RC1LD_1LA0LD	2	2	0	123
1RB0LC_0LC0LA_1RD1RC_1LB0RD	4	2	0	626
1RB0LC_0LC0LB_0LD1LB_1RD0LA	2	2	0	178
1RB0LC_0LC0LB_0LD1LB_1RD1LA	2	2	0	203
1RB0LC_0LC0LD_---1LA_1RA1RD	2	2	0	176
1RB0LC_0LC0LD_1LA0RD_1RC1RD	2	2	0	177
1RB0LC_0LC0LD_1RD1LA_1RA0RB	2	2	0	232
1RB0LC_0LC0RA_0LD1LB_1RD0LB	4	2	0	165
1RB0LC_0LC0RA_1LA1LD_0RD1LC	2	2	0	128
1RB0LC_0LC0RA_1LA1LD_1LA---	2	2	0	122
1RB0LC_0LC0RA_1LA1LD_1RC0LD	2	2	0	234
1RB0LC_0LC0RA_1LA1LD_1RC1LA	2	2	0	128
1RB0LC_0LC0RA_1LA1RD_0LD1LC	2	2	0	128
1RB0LC_0LC0RA_1LA1RD_1LC0RD	2	2	0	114
1RB0LC_0LC0RA_1LA1RD_1LD1LC	2	2	0	112
1RB0LC_0LC0RA_1RC0RD_1LB0LD	2	2	0	346
1RB0LC_0LC0RA_1RC1RD_1LA1LB	2	2	0	302
1RB0LC_0LC0RA_1RC1RD_1LA1RB	2	2	0	235
1RB0LC_0LC0RA_1RD1LC_0RC1RB	3	2	0	832
1RB0LC_0LC0RA_1RD1LC_0RD1LA	2	2	0	493
1RB0LC_0LC0RA_1RD1LC_1RD1RB	3	2	0	692
1RB0LC_0LC0RB_1LD1RC_1LC1LA	2	2	0	304
1RB0LC_0LC0RB_1LD1RC_1RC1LA	2	2	0	257
1RB0LC_0LC0RB_1RC1RD_1LA0LB	2	2	0	302
1RB0LC_0LC0RB_1RD0RD_1LA---	2	2	0	337
1RB0LC_0LC0RB_1RD1RC_1LA1LB	2	2	0	333
1RB0LC_0LC0RB_1RD1RC_1LA1LD	2	2	0	241
1RB0LC_0LC0RC_0RD1RC_1LD1LA	4	2	0	136
1RB0LC_0LC0RC_1LA0LD_1RC0LC	2	2	0	151
1RB0LC_0LC0RC_1LA1RD_0RB---	4	2	0	630
1RB0LC_0LC0RC_1LA1RD_1LA0LB	3	2	0	488
1RB0LC_0LC0RC_1LA1RD_1LA0RC	3	2	0	372
1RB0LC_0LC0RC_1LA1RD_1LA0RD	3	2	0	372
1RB0LC_0LC0RC_1LA1RD_1LC0RB	4	2	0	762
1RB0LC_0LC0RC_1LD1LC_1RB0RA	2	2	0	380
1RB0LC_0LC0RC_1RD0RD_1LA0RB	3	2	0	536
1RB0LC_0LC0RC_1RD0RD_1LA0RC	2	2	0	159
1RB0LC_0LC0RC_1RD1LA_1LA0LB	2	2	0	335
1RB0LC_0LC0RC_1RD1LA_1LA0RC	3	2	0	375
1RB0LC_0LC0RC_1RD1LA_1LA1LB	3	2	0	507
1RB0LC_0LC0RC_1RD1LA_1LA1RB	3	2	0	309
1RB0LC_0LC0RC_1RD1LA_1RA1RC	2	2	0	168
1RB0LC_0LC0RC_1RD1RC_1LA0LB	2	2	0	435
1RB0LC_0LC0RD_0LC1LA_1RA---	3	2	0	219
1RB0LC_0LC0RD_0LC1LD_1RC1LA	3	2	0	558
1RB0LC_0LC0RD_0LD1LC_1LA0RA	4	2	0	476
1RB0LC_0LC0RD_1LA1LB_0RA---	4	2	0	564
1RB0LC_0LC0RD_1LA1LB_1LA0RA	4	2	0	476
1RB0LC_0LC0RD_1LA1RC_1LA1RB	3	2	0	384
1RB0LC_0LC0RD_1LA1RC_1RD0RA	4	2	0	248
1RB0LC_0LC0RD_1LA1RD_1LA1RB	3	2	0	384
1RB0LC_0LC0RD_1LB1LA_1RA0LA	3	2	0	343
1RB0LC_0LC0RD_1LB1LA_1RA1LD	3	2	0	343
1RB0LC_0LC0RD_1LC1LA_0LC1RA	3	2	0	512
1RB0LC_0LC0RD_1LC1LA_0RB1LA	4	2	0	747
1RB0LC_0LC0RD_1LC1LA_1RA0RC	4	2	0	498
1RB0LC_0LC0RD_1LC1LA_1RA1RA	3	2	0	256
1RB0LC_0LC0RD_1LC1LD_1RC1LA	3	2	0	565
1RB0LC_0LC0RD_1LD1LC_1LA0RA	3	2	0	180
1RB0LC_0LC0RD_1LD1LC_1LA1RD	2	2	0	641
1RB0LC_0LC1LA_1RC0RD_1LA0LC	2	2	0	362
1RB0LC_0LC1LA_1RC0RD_1LA0RB	2	2	0	444
1RB0LC_0LC1LA_1RC0RD_1LB0RB	2	2	0	340
1RB0LC_0LC1LA_1RC0RD_1LB1RB	2	2	0	298
1RB0LC_0LC1LA_1RD1LB_1RD0RA	3	2	0	355
1RB0LC_0LC1LC_1LA0RD_1RC1RD	2	2	0	114
1RB0LC_0LC1LC_1LD1RC_---1LA	2	2	0	180
1RB0LC_0LC1LC_1RC1RD_1LA0RB	2	2	0	256
1RB0LC_0LC1LC_1RD1LB_0RB0RA	2	3	0	432
1RB0LC_0LC1LC_1RD1LB_1RD0RA	2	3	0	328
1RB0LC_0LC1LD_---1LA_1RB1RD	2	2	0	176
1RB0LC_0LC1LD_0LB1RD_1RC0LA	2	2	0	215
1RB0LC_0LC1LD_1LA0RD_1RC1LD	2	2	0	106
1RB0LC_0LC1LD_1LA0RD_1RC1RD	2	2	0	103
1RB0LC_0LC1LD_1RC0LD_1LB0RA	2	2	0	251
1RB0LC_0LC1LD_1RD1LA_1RA0RA	2	2	0	232
1RB0LC_0LC1RA_---1LA_------	2	2	0	120
1RB0LC_0LC1RA_---1LD_1RB1LB	2	2	0	166
1RB0LC_0LC1RA_---1RD_0LD1LA	2	2	0	178
1RB0LC_0LC1RA_0LD1RC_---1LA	2	2	0	178
1RB0LC_0LC1RA_0LD1RD_0RB1LA	3	2	0	613
1RB0LC_0LC1RB_---1RD_1LD1LA	2	2	0	178
1RB0LC_0LC1RB_1LD1RC_---1LA	2	2	0	178
1RB0LC_0LC1RC_0LD1LA_---1RA	2	2	0	174
1RB0LC_0LC1RC_1LA0RD_1RC0RC	2	2	0	177
1RB0LC_0LC1RC_1LA0RD_1RC1LD	2	2	0	122
1RB0LC_0LC1RC_1LA0RD_1RC1RD	2	2	0	169
1RB0LC_0LC1RC_1LD1RC_---1LA	2	2	0	168
1RB0LC_0LC1RC_1RC1RD_1LA0LB	2	2	0	258
1RB0LC_0LC1RC_1RD1LA_1RA1RA	2	2	0	113
1RB0LC_0LC1RC_1RD1LA_1RA1RC	2	2	0	102
1RB0LC_0LC1RD_---0LD_1RA1LA	3	2	0	288
1RB0LC_0LC1RD_---1LA_0LD1RA	2	2	0	174
1RB0LC_0LC1RD_---1LA_1LB1RB	2	2	0	174
1RB0LC_0LC1RD_---1LA_1RB---	2	2	0	120
1RB0LC_0LC1RD_0LD1LA_0RB1RA	2	2	0	245
1RB0LC_0LC1RD_0RA1LD_1LC0RB	2	2	0	189
1RB0LC_0LC1RD_1LA0RD_1RC---	2	2	0	99
1RB0LC_0LC1RD_1LA1LB_0RB---	2	2	0	123
1RB0LC_0LC1RD_1LA1LB_0RD0RA	4	2	0	388
1RB0LC_0LC1RD_1LA1RC_0RD1RB	3	2	0	314
1RB0LC_0LC1RD_1LB1LA_0RB1LA	2	2	0	191
1RB0LC_0LC1RD_1LB1LA_0RB1RB	2	2	0	245
1RB0LC_0LC1RD_1LC1LA_1LD0RA	3	2	0	474
1RB0LC_0LC1RD_1LC1LD_1RB0RA	2	2	0	720
1RB0LC_0RC---_1LD0RA_0LA---	3	2	0	90
1RB0LC_0RC---_1LD1RA_0RA0LA	3	2	0	241
1RB0LC_0RC---_1LD1RA_1LD0LA	3	2	0	278
1RB0LC_0RC---_1LD1RB_0LA0LC	2	2	0	171
1RB0LC_0RC---_1RD0RD_1LD0LA	3	2	0	165
1RB0LC_0RC0LA_0RD0LA_1LD1LB	2	3	0	211
1RB0LC_0RC0LA_0RD1RA_1LD0LA	3	2	0	404
1RB0LC_0RC0LA_1LC0LD_1RD1RA	3	2	0	2564
1RB0LC_0RC0LA_1RD0RC_1LA1LB	2	2	0	163
1RB0LC_0RC0LA_1RD1RC_1LB1LD	2	3	0	276
1RB0LC_0RC0LC_1LD1RA_0RB0LA	3	2	0	241
1RB0LC_0RC0LC_1LD1RC_0LA1LB	2	2	0	232
1RB0LC_0RC0LC_1LD1RC_1LA1LB	2	2	0	189
1RB0LC_0RC0LC_1RD0LA_1LA1RB	3	2	0	609
1RB0LC_0RC0LC_1RD0LA_1LB1RB	3	2	0	609
1RB0LC_0RC0LC_1RD0RC_1LA0RD	2	2	0	308
1RB0LC_0RC0LD_0LC1LA_1RA1RD	2	2	0	192
1RB0LC_0RC0LD_0LD1LA_1LC1RA	2	2	0	283
1RB0LC_0RC0LD_0RD1LA_1LD1RA	2	2	0	224
1RB0LC_0RC0LD_0RD1RA_1LD0LA	3	2	0	753
1RB0LC_0RC0LD_1LA0RD_1RC1RD	2	2	0	223
1RB0LC_0RC0LD_1RD0LA_1LA1RB	3	2	0	334
1RB0LC_0RC0LD_1RD0RD_1LA0RC	2	2	0	320
1RB0LC_0RC0LD_1RD1LA_1LA1RA	2	2	0	224
1RB0LC_0RC0LD_1RD1LA_1LA1RB	3	2	0	364
1RB0LC_0RC0LD_1RD1RB_1LA0RB	2	2	0	179
1RB0LC_0RC0RA_0LD1RD_1LA1LC	2	2	0	125
1RB0LC_0RC0RA_1LC1RD_1LB0RD	2	2	0	218
1RB0LC_0RC0RA_1RD0RC_1LA0LD	2	3	0	476
1RB0LC_0RC0RB_0RD0RA_1LD1RA	2	2	0	146
1RB0LC_0RC0RB_0RD1LA_1LD1RA	2	3	0	416
1RB0LC_0RC0RB_0RD1RA_1LC1LD	2	2	0	249
1RB0LC_0RC0RB_0RD1RA_1LD0LA	3	2	0	1094
1RB0LC_0RC0RB_0RD1RA_1LD0RC	2	2	0	215
1RB0LC_0RC0RB_0RD1RA_1LD1RA	2	2	0	153
1RB0LC_0RC0RB_0RD1RA_1LD1RC	2	2	0	215
1RB0LC_0RC0RB_0RD1RB_1LD1RA	2	2	0	260
1RB0LC_0RC0RB_1LC0LD_1RA1RD	2	2	0	242
1RB0LC_0RC0RB_1LC0LD_1RD1RA	2	2	0	97
1RB0LC_0RC0RB_1LC0RD_1LA1RA	2	2	0	220
1RB0LC_0RC0RB_1LC1LD_0RD1RA	2	2	0	113
1RB0LC_0RC0RB_1LC1RA_------	2	2	0	223
1RB0LC_0RC0RB_1LC1RD_0RB1RA	2	2	0	223
1RB0LC_0RC0RB_1LC1RD_1LB1RA	2	2	0	116
1RB0LC_0RC0RB_1LD0RA_1LD1RA	2	2	0	202
1RB0LC_0RC0RB_1LD1LA_1LD1RA	2	3	0	327
1RB0LC_0RC0RB_1LD1LA_1RC0LB	3	2	0	477
1RB0LC_0RC0RB_1LD1LA_1RC1LD	3	2	0	409
1RB0LC_0RC0RB_1LD1RA_0LD1LA	4	2	0	404
1RB0LC_0RC0RB_1LD1RA_1LC0LC	2	2	0	98
1RB0LC_0RC0RB_1LD1RA_1LC0RB	2	2	0	142
1RB0LC_0RC0RB_1LD1RA_1LC0RD	2	2	0	482
1RB0LC_0RC0RB_1LD1RA_1LC1LC	2	2	0	106
1RB0LC_0RC0RB_1LD1RA_1LC1RA	2	2	0	223
1RB0LC_0RC0RB_1LD1RA_1LD1RA	2	2	0	223
1RB0LC_0RC0RB_1LD1RC_0LB1LA	2	2	0	395
1RB0LC_0RC0RB_1LD1RC_1LC1LA	2	2	0	250
1RB0LC_0RC0RB_1LD1RC_1RC1LA	2	2	0	208
1RB0LC_0RC0RB_1RD0LA_1LA0RB	2	3	0	638
1RB0LC_0RC0RB_1RD0LA_1LA1LB	2	2	0	208
1RB0LC_0RC0RB_1RD0LA_1LA1RB	3	2	0	1351
1RB0LC_0RC0RB_1RD0LD_1LA0LD	4	2	0	261
1RB0LC_0RC0RB_1RD0LD_1LA0RB	2	2	0	361
1RB0LC_0RC0RB_1RD0LD_1LA1LB	2	2	0	207
1RB0LC_0RC0RB_1RD0LD_1LA1RB	2	2	0	351
1RB0LC_0RC0RB_1RD0RA_1LA---	2	2	0	222
1RB0LC_0RC0RB_1RD0RC_1LA0RB	2	2	0	222
1RB0LC_0RC0RB_1RD0RC_1LA1LD	2	2	0	216
1RB0LC_0RC0RB_1RD0RC_1LA1RB	2	2	0	323
1RB0LC_0RC0RB_1RD0RD_1LA---	2	2	0	223
1RB0LC_0RC0RB_1RD1LA_1LA---	2	3	0	656
1RB0LC_0RC0RB_1RD1LA_1LD1RC	2	3	0	932
1RB0LC_0RC0RB_1RD1LC_1LA0RA	2	3	0	638
1RB0LC_0RC0RB_1RD1LC_1LA0RB	2	3	0	656
1RB0LC_0RC0RB_1RD1LC_1LA1RB	2	2	0	355
1RB0LC_0RC0RB_1RD1RA_1LA---	2	2	0	227
1RB0LC_0RC0RB_1RD1RB_1LA---	2	2	0	368
1RB0LC_0RC0RB_1RD1RC_1LA0RB	2	2	0	227
1RB0LC_0RC0RB_1RD1RC_1LA1LB	2	2	0	223
1RB0LC_0RC0RB_1RD1RC_1LA1LD	2	2	0	217
1RB0LC_0RC0RB_1RD1RC_1LA1RB	2	2	0	323
1RB0LC_0RC0RC_0LD1RA_1LD1LA	3	2	0	322
1RB0LC_0RC0RC_0RD1RA_1LD0LA	3	2	0	380
1RB0LC_0RC0RC_0RD1RA_1LD1LA	3	2	0	360
1RB0LC_0RC0RC_0RD1RC_1LD1LA	4	2	0	176
1RB0LC_0RC0RC_1LD0RA_1LA---	3	2	0	90
1RB0LC_0RC0RC_1LD1RA_0RA1LA	3	2	0	253
1RB0LC_0RC0RC_1LD1RA_1LD1LA	3	2	0	278
1RB0LC_0RC0RC_1RD0LA_1LA0LB	2	2	0	291
1RB0LC_0RC0RC_1RD0LA_1LA1RB	3	2	0	322
1RB0LC_0RC0RC_1RD0RC_1LA0RB	2	2	0	276
1RB0LC_0RC0RC_1RD0RC_1LA1LD	2	2	0	213
1RB0LC_0RC0RC_1RD0RD_1LA0LB	2	2	0	427
1RB0LC_0RC0RC_1RD0RD_1LA0RB	3	2	0	260
1RB0LC_0RC0RC_1RD0RD_1LA0RC	2	2	0	155
1RB0LC_0RC0RC_1RD1LA_1LA0LB	2	2	0	291
1RB0LC_0RC0RC_1RD1LA_1LA0RC	3	2	0	352
1RB0LC_0RC0RC_1RD1LA_1LA1LB	3	2	0	484
1RB0LC_0RC0RC_1RD1LA_1LA1RB	3	2	0	286
1RB0LC_0RC0RC_1RD1RC_1LA0LB	2	2	0	427
1RB0LC_0RC0RD_0LC1LA_1RA---	3	2	0	239
1RB0LC_0RC0RD_0LC1LD_1RC1LA	3	2	0	560
1RB0LC_0RC0RD_0LD0LA_1LA0LB	2	2	0	247
1RB0LC_0RC0RD_0LD0LA_1LA0LD	2	2	0	237
1RB0LC_0RC0RD_0LD0LA_1LA0RA	4	2	0	2891
1RB0LC_0RC0RD_0LD0LA_1LA1LD	2	2	0	242
1RB0LC_0RC0RD_0LD0LA_1LA1RD	2	3	0	769
1RB0LC_0RC0RD_0LD0LC_1LA0LA	2	2	0	224
1RB0LC_0RC0RD_0LD0LC_1LA0LB	2	2	0	247
1RB0LC_0RC0RD_0LD0LC_1LA0LD	2	2	0	237
1RB0LC_0RC0RD_0LD0LC_1LA0RA	2	2	0	314
1RB0LC_0RC0RD_0LD0LC_1LA1LC	2	2	0	361
1RB0LC_0RC0RD_0LD0LC_1LA1LD	2	2	0	242
1RB0LC_0RC0RD_0LD0LC_1LA1RB	2	3	0	439
1RB0LC_0RC0RD_0LD0LC_1LA1RD	2	3	0	769
1RB0LC_0RC0RD_0LD0LD_1LA0LA	3	2	0	241
1RB0LC_0RC0RD_0LD0LD_1LA0LD	2	2	0	293
1RB0LC_0RC0RD_0LD0RA_1LA1LC	2	2	0	200
1RB0LC_0RC0RD_0LD0RC_1LA1RB	4	2	0	930
1RB0LC_0RC0RD_0LD1LA_1LA1RB	4	2	0	768
1RB0LC_0RC0RD_0LD1RB_1LA0LD	2	2	0	186
1RB0LC_0RC0RD_0LD1RB_1LA1LB	2	2	0	282
1RB0LC_0RC0RD_0LD1RB_1LA1RB	2	2	0	503
1RB0LC_0RC0RD_0LD1RC_1LA0LD	2	2	0	307
1RB0LC_0RC0RD_0LD1RC_1LA1RB	2	2	0	623
1RB0LC_0RC0RD_0RD1RA_1LD0LA	3	2	0	670
1RB0LC_0RC0RD_1LA0LB_1LD0LA	3	2	0	120
1RB0LC_0RC0RD_1LA0LB_1LD1LA	2	2	0	139
1RB0LC_0RC0RD_1LB0LD_1LA0LA	3	2	0	261
1RB0LC_0RC0RD_1LB0LD_1LA0LD	2	2	0	297
1RB0LC_0RC0RD_1LB1LD_1LA0RA	3	2	0	120
1RB0LC_0RC0RD_1LB1LD_1LA1RA	3	2	0	102
1RB0LC_0RC0RD_1LC0LD_1LA0LD	2	2	0	279
1RB0LC_0RC0RD_1LC1LA_0LA0RC	4	2	0	512
1RB0LC_0RC0RD_1LC1LA_0LA1RA	2	2	0	287
1RB0LC_0RC0RD_1LC1LA_0LA1RB	3	2	0	342
1RB0LC_0RC0RD_1LC1LA_0LA1RD	2	2	0	297
1RB0LC_0RC0RD_1LC1LA_0LD1RA	2	2	0	349
1RB0LC_0RC0RD_1LC1LA_0RC1RD	3	2	0	330
1RB0LC_0RC0RD_1LC1LA_1RC1RA	3	2	0	635
1RB0LC_0RC0RD_1LC1RA_0RB0RB	2	2	0	154
1RB0LC_0RC0RD_1LC1RA_0RB0RD	2	2	0	154
1RB0LC_0RC0RD_1LC1RA_0RB1LD	2	2	0	258
1RB0LC_0RC0RD_1LC1RA_0RC0RB	2	2	0	223
1RB0LC_0RC0RD_1LC1RA_0RC0RD	2	2	0	223
1RB0LC_0RC0RD_1LC1RA_1LD0RB	2	2	0	485
1RB0LC_0RC0RD_1LD---_1LA0RA	3	2	0	90
1RB0LC_0RC0RD_1LD0LB_1LA1RA	3	2	0	108
1RB0LC_0RC0RD_1LD0RA_1LA1LB	3	2	0	118
1RB0LC_0RC0RD_1LD1LA_0LA---	2	2	0	287
1RB0LC_0RC0RD_1LD1LC_1LA1RD	2	2	0	694
1RB0LC_0RC0RD_1LD1LD_1LA1RA	3	2	0	90
1RB0LC_0RC0RD_1LD1RB_1LA0LA	4	2	0	729
1RB0LC_0RC0RD_1LD1RC_1LD1LA	2	2	0	253
1RB0LC_0RC0RD_1LD1RD_1LD1LA	2	2	0	253
1RB0LC_0RC0RD_1RD0LD_1LA0LC	2	2	0	138
1RB0LC_0RC0RD_1RD0LD_1LA0LD	2	2	0	278
1RB0LC_0RC0RD_1RD0RA_1LA0RB	2	2	0	222
1RB0LC_0RC0RD_1RD1RA_1LA0RB	2	2	0	227
1RB0LC_0RC1LA_0LD1RA_1LB1LA	3	2	0	309
1RB0LC_0RC1LA_1LC1LD_1RD0RB	4	2	0	791
1RB0LC_0RC1LB_0RD1RC_1LD1LA	2	2	0	99
1RB0LC_0RC1LB_1LA0LD_1RD1RA	3	2	0	845
1RB0LC_0RC1LB_1LA0RD_1RC1RD	2	2	0	110
1RB0LC_0RC1LB_1LA1RD_---0RA	2	2	0	139
1RB0LC_0RC1LB_1LA1RD_1LB1RC	2	2	0	153
1RB0LC_0RC1LB_1LC0LD_1RD1RA	3	2	0	859
1RB0LC_0RC1LB_1LD1RC_0RA1LA	2	2	0	189
1RB0LC_0RC1LB_1LD1RC_1LC1LA	2	2	0	179
1RB0LC_0RC1LB_1LD1RC_1RC1LA	2	2	0	177
1RB0LC_0RC1LB_1RD0RC_1LA0RB	2	2	0	290
1RB0LC_0RC1LB_1RD0RC_1LA0RD	2	2	0	258
1RB0LC_0RC1LC_1LA0RD_1RC1RD	2	2	0	125
1RB0LC_0RC1LC_1LD1RA_0RB0LA	3	2	0	292
1RB0LC_0RC1LC_1LD1RC_0RA1LA	2	2	0	182
1RB0LC_0RC1LC_1LD1RC_1LC1LA	2	2	0	167
1RB0LC_0RC1LC_1LD1RC_1RC1LA	2	2	0	165
1RB0LC_0RC1LC_1RD0RC_1LA0RD	2	2	0	246
1RB0LC_0RC1LC_1RD0RC_1LA1RB	2	2	0	290
1RB0LC_0RC1LD_0LC1LA_1RB1RD	2	2	0	192
1RB0LC_0RC1LD_0LD0RA_1LB---	3	2	0	375
1RB0LC_0RC1LD_0LD1RA_1LB1LA	3	2	0	1041
1RB0LC_0RC1LD_0LD1RC_1LA1LB	2	2	0	121
1RB0LC_0RC1LD_0RD1RA_1LD0LA	3	2	0	701
1RB0LC_0RC1LD_1LA0RD_1RC1LB	2	2	0	97
1RB0LC_0RC1LD_1LA0RD_1RC1LD	2	2	0	100
1RB0LC_0RC1LD_1LA0RD_1RC1RD	2	2	0	107
1RB0LC_0RC1LD_1LA1RD_0RD0LA	4	2	0	976
1RB0LC_0RC1LD_1LB1RC_0LA1LA	2	3	0	637
1RB0LC_0RC1LD_1LB1RC_0LA1LB	2	3	0	236
1RB0LC_0RC1LD_1LB1RC_1LA1LB	2	2	0	123
1RB0LC_0RC1LD_1LB1RC_1LC1LA	3	2	0	324
1RB0LC_0RC1LD_1LB1RC_1RC1LA	3	2	0	344
1RB0LC_0RC1LD_1LC1LA_1RB1RD	2	2	0	185
1RB0LC_0RC1LD_1LC1RA_0LB0RD	2	2	0	225
1RB0LC_0RC1LD_1LC1RA_0RB0RD	2	2	0	148
1RB0LC_0RC1LD_1LC1RA_0RC0RD	2	2	0	116
1RB0LC_0RC1LD_1LC1RA_0RD0RB	2	2	0	190
1RB0LC_0RC1LD_1LC1RA_1LC0RD	2	2	0	207
1RB0LC_0RC1LD_1LD1RA_1LB1LA	3	2	0	1624
1RB0LC_0RC1LD_1LD1RC_1LA1LB	2	2	0	121
1RB0LC_0RC1LD_1LD1RC_1RA1LB	2	2	0	157
1RB0LC_0RC1RA_0LC1LA_------	2	2	0	136
1RB0LC_0RC1RA_0LC1RD_0LD1LA	2	2	0	198
1RB0LC_0RC1RA_0LD0RB_1LD0LA	3	2	0	665
1RB0LC_0RC1RA_0LD0RB_1LD1LA	3	2	0	709
1RB0LC_0RC1RA_0LD1LA_0LC---	2	2	0	136
1RB0LC_0RC1RA_0LD1LA_0LD1LA	2	2	0	136
1RB0LC_0RC1RA_0LD1LA_1LD1RA	2	2	0	148
1RB0LC_0RC1RA_0LD1LA_1RC0LC	2	2	0	148
1RB0LC_0RC1RA_0LD1RC_0LC1LA	2	2	0	198
1RB0LC_0RC1RA_0LD1RC_0LD1LA	2	2	0	186
1RB0LC_0RC1RA_0LD1RD_0LD1LA	2	2	0	186
1RB0LC_0RC1RA_0RD0RB_1LD0LA	3	2	0	333
1RB0LC_0RC1RA_0RD0RB_1LD1LA	2	2	0	387
1RB0LC_0RC1RA_0RD0RB_1LD1RB	3	2	0	186
1RB0LC_0RC1RA_0RD1LA_0LD1LA	2	2	0	143
1RB0LC_0RC1RA_0RD1LA_1LC1RD	2	2	0	194
1RB0LC_0RC1RA_0RD1LA_1LD0LA	2	2	0	123
1RB0LC_0RC1RA_0RD1RD_0LD1LA	2	2	0	193
1RB0LC_0RC1RA_1LC0RD_0RB1LA	2	2	0	148
1RB0LC_0RC1RA_1LD0RB_1LD0LA	4	2	0	388
1RB0LC_0RC1RA_1LD0RB_1LD1LA	3	2	0	327
1RB0LC_0RC1RA_1LD0RB_1LD1RB	3	2	0	349
1RB0LC_0RC1RA_1LD1LA_0LA---	2	2	0	139
1RB0LC_0RC1RA_1LD1LA_0LC---	2	2	0	98
1RB0LC_0RC1RA_1LD1LA_0LD1LA	2	2	0	98
1RB0LC_0RC1RA_1LD1LA_0RA1RA	2	2	0	160
1RB0LC_0RC1RA_1LD1LA_1LB---	2	2	0	106
1RB0LC_0RC1RA_1LD1LA_1LD0LA	2	2	0	155
1RB0LC_0RC1RA_1LD1LA_1LD1RA	2	2	0	106
1RB0LC_0RC1RA_1LD1LA_1RC---	2	2	0	106
1RB0LC_0RC1RA_1LD1LA_1RD0LA	2	2	0	148
1RB0LC_0RC1RA_1LD1LA_1RD1LA	2	2	0	106
1RB0LC_0RC1RA_1LD1RD_0LD1LA	2	2	0	128
1RB0LC_0RC1RA_1RD1LA_0LA---	2	2	0	153
1RB0LC_0RC1RA_1RD1LA_0LD0LC	2	2	0	153
1RB0LC_0RC1RA_1RD1LA_1LC---	2	2	0	126
1RB0LC_0RC1RA_1RD1LA_1LD1LA	2	2	0	126
1RB0LC_0RC1RB_0LC1RD_1LD1LA	2	2	0	198
1RB0LC_0RC1RB_0LD1LA_1LC---	2	2	0	205
1RB0LC_0RC1RB_0LD1LA_1LD1LA	2	2	0	205
1RB0LC_0RC1RB_0LD1LA_1RC1LC	2	2	0	217
1RB0LC_0RC1RB_0LD1RD_1LD1LA	2	2	0	186
1RB0LC_0RC1RB_0RD0LA_1LD1LA	3	2	0	296
1RB0LC_0RC1RB_0RD0RB_1LD0LA	4	2	0	492
1RB0LC_0RC1RB_0RD1LA_1LC0LD	2	2	0	232
1RB0LC_0RC1RB_0RD1LA_1LC1LD	2	2	0	226
1RB0LC_0RC1RB_0RD1LA_1LD1LA	2	2	0	210
1RB0LC_0RC1RB_0RD1LA_1LD1RA	2	2	0	168
1RB0LC_0RC1RB_0RD1LC_1LD1LA	2	2	0	232
1RB0LC_0RC1RB_0RD1RB_1LD0LA	3	2	0	82
1RB0LC_0RC1RB_0RD1RD_1LD1LA	2	2	0	144
1RB0LC_0RC1RB_1LC1LD_0RD1LA	3	2	0	454
1RB0LC_0RC1RB_1LC1LD_1RB1LA	3	2	0	364
1RB0LC_0RC1RB_1LD0LB_1LD1LA	3	2	0	371
1RB0LC_0RC1RB_1LD0LD_0RA1LA	3	2	0	647
1RB0LC_0RC1RB_1LD0RB_1LA---	3	2	0	800
1RB0LC_0RC1RB_1LD0RC_1LD1LA	3	2	0	305
1RB0LC_0RC1RB_1LD0RD_1LD1LA	3	2	0	305
1RB0LC_0RC1RB_1LD1LA_0RA1LA	2	2	0	217
1RB0LC_0RC1RB_1LD1RB_0RA1LA	3	2	0	493
1RB0LC_0RC1RB_1LD1RC_0LD1LA	2	3	0	261
1RB0LC_0RC1RB_1LD1RC_0RA1LA	2	2	0	198
1RB0LC_0RC1RB_1LD1RC_1LC1LA	2	2	0	168
1RB0LC_0RC1RB_1LD1RC_1RC1LA	2	2	0	160
1RB0LC_0RC1RB_1RD0LA_1LA0RD	3	2	0	1007
1RB0LC_0RC1RB_1RD0RC_1LA0LB	2	2	0	290
1RB0LC_0RC1RB_1RD0RC_1LA1LD	2	2	0	202
1RB0LC_0RC1RB_1RD1LA_1LA---	2	2	0	168
1RB0LC_0RC1RB_1RD1LA_1LD0LC	2	2	0	168
1RB0LC_0RC1RB_1RD1LA_1LD1RC	2	2	0	184
1RB0LC_0RC1RC_0LD1LA_0LC1RA	2	2	0	190
1RB0LC_0RC1RC_0LD1LA_1LC1RA	2	2	0	200
1RB0LC_0RC1RC_0LD1LA_1LD1RA	2	2	0	202
1RB0LC_0RC1RC_0RD1RA_1LD0LA	3	2	0	422
1RB0LC_0RC1RC_1LA0RD_1RC0LA	2	2	0	181
1RB0LC_0RC1RC_1LA0RD_1RC0RC	2	2	0	221
1RB0LC_0RC1RC_1LA0RD_1RC1LD	2	2	0	125
1RB0LC_0RC1RC_1LA0RD_1RC1RA	2	2	0	292
1RB0LC_0RC1RC_1LA0RD_1RC1RD	2	2	0	215
1RB0LC_0RC1RC_1LD0RB_0LA0LC	2	3	0	187
1RB0LC_0RC1RC_1LD1RA_0LB0LA	3	2	0	292
1RB0LC_0RC1RC_1LD1RB_0LB0LA	2	2	0	582
1RB0LC_0RC1RC_1LD1RB_0RA1LA	3	2	0	485
1RB0LC_0RC1RC_1LD1RB_1LD0LA	2	2	0	474
1RB0LC_0RC1RC_1LD1RC_0RA1LA	2	2	0	170
1RB0LC_0RC1RC_1LD1RC_1LC1LA	2	2	0	159
1RB0LC_0RC1RC_1LD1RC_1RC1LA	2	2	0	157
1RB0LC_0RC1RC_1RD0RC_1LA1LB	2	2	0	290
1RB0LC_0RC1RD_0LC1LA_0LD1RA	2	2	0	190
1RB0LC_0RC1RD_0LC1LA_1LB1RB	2	2	0	190
1RB0LC_0RC1RD_0LC1LA_1RB---	2	2	0	136
1RB0LC_0RC1RD_0LD1RB_1LA1LD	4	2	0	616
1RB0LC_0RC1RD_0RD1RA_1LD0LA	3	2	0	402
1RB0LC_0RC1RD_1LA0RD_1RC---	2	2	0	103
1RB0LC_0RC1RD_1LB1LC_1LA0RD	2	2	0	283
1RB0LC_0RC1RD_1LC0RB_1LA0RD	2	2	0	172
1RB0LC_0RC1RD_1LC1LA_0LD1RA	2	2	0	203
1RB0LC_0RC1RD_1LC1LA_1LB1RB	2	2	0	181
1RB0LC_0RC1RD_1LC1LA_1RB0LB	2	2	0	141
1RB0LC_0RC1RD_1LC1LA_1RB0RC	2	2	0	139
1RB0LC_0RC1RD_1LC1LA_1RB1LA	2	2	0	296
1RB0LC_0RC1RD_1LC1LA_1RB1RA	2	2	0	147
1RB0LC_0RC1RD_1LC1LA_1RB1RB	2	2	0	131
1RB0LC_0RC1RD_1LC1LA_1RB1RD	2	2	0	131
1RB0LC_0RC1RD_1LC1LA_1RD1RA	4	2	0	537
1RB0LC_0RC1RD_1LC1RA_0RB0RD	2	2	0	223
1RB0LC_0RC1RD_1RD0LA_1LA1RB	3	2	0	536
1RB0LC_0RC1RD_1RD1LD_1LA0RA	3	2	0	206
1RB0LC_1LA---_0LD0LA_1RD1RA	2	2	0	66
1RB0LC_1LA---_0LD0LC_1RD1RA	2	2	0	66
1RB0LC_1LA---_0LD0LC_1RD1RB	2	2	0	118
1RB0LC_1LA---_0RD0LA_1RD1RA	2	2	0	94
1RB0LC_1LA---_0RD0LC_1RD1RA	2	2	0	94
1RB0LC_1LA---_0RD0LC_1RD1RB	2	2	0	166
1RB0LC_1LA---_0RD1LC_1RA1RD	2	2	0	178
1RB0LC_1LA---_1LD0LA_1RD0RC	2	2	0	156
1RB0LC_1LA---_1RC0RD_0LA0LC	2	2	0	358
1RB0LC_1LA---_1RC0RD_0LA1RD	2	2	0	1318
1RB0LC_1LA---_1RD0LA_1RD1RB	2	2	0	128
1RB0LC_1LA---_1RD0LC_1RD1RA	2	2	0	124
1RB0LC_1LA---_1RD0LC_1RD1RB	2	2	0	128
1RB0LC_1LA---_1RD1LC_1RA1RD	2	2	0	126
1RB0LC_1LA0LA_0LD0LB_1RD1RA	3	2	0	258
1RB0LC_1LA0LA_0LD0LB_1RD1RB	3	2	0	275
1RB0LC_1LA0LA_0LD0LC_1RD1LB	2	2	0	88
1RB0LC_1LA0LA_0LD0RB_1RD1LA	2	2	0	216
1RB0LC_1LA0LA_0LD0RB_1RD1LB	2	2	0	200
1RB0LC_1LA0LA_0LD0RB_1RD1LC	2	2	0	232
1RB0LC_1LA0LA_0LD0RB_1RD1RA	2	2	0	162
1RB0LC_1LA0LA_0LD0RB_1RD1RB	2	2	0	310
1RB0LC_1LA0LA_0RD0LB_1RD1RB	3	2	0	307
1RB0LC_1LA0LA_0RD0RB_1RD1RA	2	2	0	222
1RB0LC_1LA0LA_0RD0RB_1RD1RB	2	2	0	406
1RB0LC_1LA0LA_1LD0LB_1RD0RC	3	2	0	514
1RB0LC_1LA0LA_1RC0RD_0LA0RB	2	2	0	440
1RB0LC_1LA0LA_1RC1LD_0LB0LD	2	2	0	81
1RB0LC_1LA0LA_1RC1LD_0RB0LD	2	2	0	117
1RB0LC_1LA0LA_1RC1LD_1LA0LD	2	2	0	137
1RB0LC_1LA0LA_1RC1RD_1LB0RC	4	2	0	519
1RB0LC_1LA0LA_1RD0LB_1RD1LA	3	2	0	144
1RB0LC_1LA0LA_1RD0LB_1RD1LB	3	2	0	156
1RB0LC_1LA0LA_1RD0LB_1RD1RA	3	2	0	256
1RB0LC_1LA0LA_1RD0LC_1RD1LB	2	2	0	172
1RB0LC_1LA0LA_1RD0RB_1RD1LA	2	2	0	448
1RB0LC_1LA0LA_1RD0RB_1RD1LB	2	2	0	412
1RB0LC_1LA0LA_1RD0RB_1RD1LC	2	2	0	484
1RB0LC_1LA0LA_1RD0RB_1RD1RA	2	2	0	324
1RB0LC_1LA0LA_1RD0RB_1RD1RB	2	2	0	336
1RB0LC_1LA0LA_1RD1LD_1RD1RB	2	2	0	180
1RB0LC_1LA0LC_0LD0LA_1RD1LB	2	2	0	88
1RB0LC_1LA0LC_0LD0LB_1RD1LA	2	2	0	88
1RB0LC_1LA0LC_0LD0LB_1RD1RA	2	2	0	66
1RB0LC_1LA0LC_0RD0LB_1RD1RA	2	2	0	94
1RB0LC_1LA0LC_0RD1LC_1RB1RD	2	2	0	601
1RB0LC_1LA0LC_1RC1LD_0RB0LD	2	2	0	125
1RB0LC_1LA0LC_1RD0LB_1RD1RB	2	2	0	128
1RB0LC_1LA0LC_1RD1LC_1RB1RD	2	2	0	792
1RB0LC_1LA0LC_1RD1RB_1RD0RB	2	2	0	276
1RB0LC_1LA0LD_0RB0LC_1RD1LC	2	2	0	118
1RB0LC_1LA0LD_1LA0RD_1RC1RD	2	2	0	259
1RB0LC_1LA0LD_1RC0LD_0LC1RA	2	2	0	337
1RB0LC_1LA0LD_1RC0RB_0RA1LD	3	2	0	1127
1RB0LC_1LA0LD_1RC0RB_1RC1RB	2	2	0	460
1RB0LC_1LA0LD_1RC1LD_1LB0RD	2	2	0	345
1RB0LC_1LA0LD_1RC1RB_---1RC	2	2	0	256
1RB0LC_1LA0LD_1RC1RB_0LC0RD	2	2	0	300
1RB0LC_1LA0LD_1RC1RB_0RC0LD	2	2	0	616
1RB0LC_1LA0LD_1RC1RB_1RC1RD	2	2	0	256
1RB0LC_1LA0LD_1RD1RB_1RC1RD	2	2	0	256
1RB0LC_1LA0RA_0LD1LA_1RD0LC	2	2	0	198
1RB0LC_1LA0RA_0LD1RB_1RC1RD	3	2	0	704
1RB0LC_1LA0RA_1RC0LD_0LC1RA	3	2	0	750
1RB0LC_1LA0RA_1RC0LD_0RC1RA	3	2	0	382
1RB0LC_1LA0RA_1RC0LD_1LB1RA	3	2	0	267
1RB0LC_1LA0RA_1RC1LD_1LA1RD	2	2	0	275
1RB0LC_1LA0RA_1RC1LD_1LB0LD	2	2	0	137
1RB0LC_1LA0RA_1RC1RD_0LD1RB	2	2	0	319
1RB0LC_1LA0RA_1RC1RD_1LA1LB	2	2	0	300
1RB0LC_1LA0RA_1RC1RD_1LA1RB	2	2	0	227
1RB0LC_1LA0RC_0LD0LA_1RD1LB	2	2	0	104
1RB0LC_1LA0RC_0LD1LA_1RD1RA	4	2	0	282
1RB0LC_1LA0RC_0LD1LB_1RD1RB	3	2	0	398
1RB0LC_1LA0RC_0LD1LC_1RD1RB	4	2	0	189
1RB0LC_1LA0RC_0LD1RC_1LB1LD	2	2	0	203
1RB0LC_1LA0RC_0RD1LB_1RD1RB	3	2	0	476
1RB0LC_1LA0RC_1LA0LD_1LA0LC	2	2	0	277
1RB0LC_1LA0RC_1LA0LD_1LA0LD	2	2	0	277
1RB0LC_1LA0RC_1LA0LD_1RA0LA	3	2	0	501
1RB0LC_1LA0RC_1LA0LD_1RB0LC	2	2	0	156
1RB0LC_1LA0RC_1LA0LD_1RC0LC	2	2	0	156
1RB0LC_1LA0RC_1LA1LD_0LC0LD	2	2	0	369
1RB0LC_1LA0RC_1LA1LD_0RA1RA	2	2	0	409
1RB0LC_1LA0RC_1LA1RD_0LA---	2	2	0	400
1RB0LC_1LA0RC_1LA1RD_0LD0LA	2	2	0	187
1RB0LC_1LA0RC_1LA1RD_0LD0LC	2	2	0	400
1RB0LC_1LA0RC_1LA1RD_1LA0LB	3	2	0	486
1RB0LC_1LA0RC_1LA1RD_1LA0RB	3	2	0	370
1RB0LC_1LA0RC_1LA1RD_1LA0RC	3	2	0	370
1RB0LC_1LA0RC_1LA1RD_1LA0RD	3	2	0	370
1RB0LC_1LA0RC_1LA1RD_1LC0LA	2	2	0	526
1RB0LC_1LA0RC_1LB0RD_1LD1RB	3	2	0	302
1RB0LC_1LA0RC_1LB0RD_1RB---	3	2	0	164
1RB0LC_1LA0RC_1LD0LA_1RB---	2	2	0	156
1RB0LC_1LA0RC_1LD0LC_1RB0LA	2	2	0	277
1RB0LC_1LA0RC_1LD0LC_1RB1RD	2	2	0	214
1RB0LC_1LA0RC_1LD0LD_1RB0LC	2	2	0	156
1RB0LC_1LA0RC_1LD0RA_1LA---	3	2	0	164
1RB0LC_1LA0RC_1LD1LC_1RB0RA	2	2	0	428
1RB0LC_1LA0RC_1LD1RB_1LB0LA	3	2	0	361
1RB0LC_1LA0RC_1LD1RB_1LB1RC	2	2	0	249
1RB0LC_1LA0RC_1LD1RB_1RB0LC	3	2	0	370
1RB0LC_1LA0RC_1LD1RB_1RB0RA	2	2	0	292
1RB0LC_1LA0RC_1LD1RB_1RB1LA	3	2	0	304
1RB0LC_1LA0RC_1LD1RB_1RB1RA	3	2	0	502
1RB0LC_1LA0RC_1LD1RC_1LB1LD	2	2	0	131
1RB0LC_1LA0RC_1RA0LD_1LA---	3	2	0	141
1RB0LC_1LA0RC_1RA0LD_1RD1LA	3	2	0	261
1RB0LC_1LA0RC_1RC1LD_0LB0LD	2	2	0	193
1RB0LC_1LA0RC_1RD0LB_1RB---	3	2	0	141
1RB0LC_1LA0RC_1RD1LA_1RC0RA	4	2	0	452
1RB0LC_1LA0RC_1RD1LA_1RC1RA	4	2	0	356
1RB0LC_1LA0RC_1RD1LB_0LB1RB	3	2	0	290
1RB0LC_1LA0RC_1RD1LB_1RD1RB	3	2	0	300
1RB0LC_1LA0RD_0LB---_0RA---	3	2	0	84
1RB0LC_1LA0RD_0LB0LA_1LA0LB	2	2	0	235
1RB0LC_1LA0RD_0LB0LA_1LA0LD	2	2	0	235
1RB0LC_1LA0RD_0LB0LA_1LA0RA	2	2	0	451
1RB0LC_1LA0RD_0LB0LA_1LA1LB	2	2	0	240
1RB0LC_1LA0RD_0LB0LA_1LA1LD	2	2	0	240
1RB0LC_1LA0RD_0LB0LA_1RD1RB	2	3	0	211
1RB0LC_1LA0RD_0LB0LB_1RA---	3	2	0	84
1RB0LC_1LA0RD_0LB0LC_1LA0LA	2	2	0	213
1RB0LC_1LA0RD_0LB0LC_1LA0LB	2	2	0	235
1RB0LC_1LA0RD_0LB0LC_1LA0LD	2	2	0	235
1RB0LC_1LA0RD_0LB0LC_1LA0RA	2	2	0	451
1RB0LC_1LA0RD_0LB0LC_1LA1LB	2	2	0	240
1RB0LC_1LA0RD_0LB0LC_1LA1LD	2	2	0	240
1RB0LC_1LA0RD_0LB0LC_1RD0RC	2	3	0	290
1RB0LC_1LA0RD_0LB0LC_1RD1LA	2	3	0	278
1RB0LC_1LA0RD_0LB0LC_1RD1LC	2	3	0	278
1RB0LC_1LA0RD_0LB0LC_1RD1RA	2	3	0	205
1RB0LC_1LA0RD_0LB0LC_1RD1RB	2	3	0	211
1RB0LC_1LA0RD_0LB0LD_1LA0LA	3	2	0	231
1RB0LC_1LA0RD_0LB0LD_1LA0LD	2	2	0	291
1RB0LC_1LA0RD_0LB1LD_1RA0LC	3	2	0	102
1RB0LC_1LA0RD_0LB1RB_0RC---	4	2	0	650
1RB0LC_1LA0RD_0LD0LA_1LA0LB	2	2	0	235
1RB0LC_1LA0RD_0LD0LA_1LA0LD	2	2	0	235
1RB0LC_1LA0RD_0LD0LA_1LA0RA	2	2	0	451
1RB0LC_1LA0RD_0LD0LA_1LA1LB	2	2	0	240
1RB0LC_1LA0RD_0LD0LA_1LA1LD	2	2	0	240
1RB0LC_1LA0RD_0LD0LA_1LA1RB	2	3	0	767
1RB0LC_1LA0RD_0LD0LA_1LA1RD	2	3	0	767
1RB0LC_1LA0RD_0LD0LC_1LA0LA	2	2	0	213
1RB0LC_1LA0RD_0LD0LC_1LA0LB	2	2	0	235
1RB0LC_1LA0RD_0LD0LC_1LA0LD	2	2	0	235
1RB0LC_1LA0RD_0LD0LC_1LA0RA	2	2	0	451
1RB0LC_1LA0RD_0LD0LC_1LA1LB	2	2	0	240
1RB0LC_1LA0RD_0LD0LC_1LA1LC	2	2	0	359
1RB0LC_1LA0RD_0LD0LC_1LA1LD	2	2	0	240
1RB0LC_1LA0RD_0LD0LC_1LA1RB	2	3	0	767
1RB0LC_1LA0RD_0LD0LC_1LA1RD	2	3	0	767
1RB0LC_1LA0RD_0LD0LC_1RD1LB	2	2	0	193
1RB0LC_1LA0RD_0LD0LD_1LA0LA	3	2	0	231
1RB0LC_1LA0RD_0LD0LD_1LA0LD	2	2	0	291
1RB0LC_1LA0RD_0LD0RA_1LA1LC	2	2	0	198
1RB0LC_1LA0RD_0LD1LB_1LA1RB	4	2	0	201
1RB0LC_1LA0RD_0LD1LB_1LA1RD	4	2	0	227
1RB0LC_1LA0RD_0LD1RC_1LA0LD	2	2	0	305
1RB0LC_1LA0RD_0RA0LB_1RA---	3	2	0	106
1RB0LC_1LA0RD_0RA1LD_1RA0LC	3	2	0	132
1RB0LC_1LA0RD_0RB0LC_1LA0LA	2	2	0	334
1RB0LC_1LA0RD_0RB0LC_1RD1RA	2	2	0	226
1RB0LC_1LA0RD_0RB0LD_1LA0LA	3	2	0	463
1RB0LC_1LA0RD_0RD0LC_1LA0LA	2	2	0	334
1RB0LC_1LA0RD_0RD0LD_1LA0LA	3	2	0	463
1RB0LC_1LA0RD_1LA---_1RD0RA	4	2	0	236
1RB0LC_1LA0RD_1LA0LA_0RD1RA	4	2	0	284
1RB0LC_1LA0RD_1LA0LA_1LA0LA	2	2	0	156
1RB0LC_1LA0RD_1LA0LC_1LA0LA	2	2	0	156
1RB0LC_1LA0RD_1LA0LC_1LA0LB	2	2	0	277
1RB0LC_1LA0RD_1LA0LC_1LA0LC	2	2	0	277
1RB0LC_1LA0RD_1LA0LC_1LA0LD	2	2	0	277
1RB0LC_1LA0RD_1LA0LC_1LA1LB	2	2	0	287
1RB0LC_1LA0RD_1LA0LC_1LA1LC	2	2	0	287
1RB0LC_1LA0RD_1LA0LC_1LA1LD	2	2	0	287
1RB0LC_1LA0RD_1LA0LC_1LA1RA	2	2	0	298
1RB0LC_1LA0RD_1LA0LC_1LA1RB	2	3	0	441
1RB0LC_1LA0RD_1LA0LC_1LA1RC	2	3	0	441
1RB0LC_1LA0RD_1LA0LC_1LA1RD	2	3	0	441
1RB0LC_1LA0RD_1LA0LD_1LA0LC	2	2	0	277
1RB0LC_1LA0RD_1LA0LD_1LA0LD	2	2	0	277
1RB0LC_1LA0RD_1LA0LD_1RD1RB	4	2	0	500
1RB0LC_1LA0RD_1LA0RB_1RD1RB	4	2	0	404
1RB0LC_1LA0RD_1LA0RC_1RD1RB	4	2	0	404
1RB0LC_1LA0RD_1LA1LA_1RD1RA	4	2	0	236
1RB0LC_1LA0RD_1LA1LB_1RD1RB	3	2	0	260
1RB0LC_1LA0RD_1LA1LC_1RD1RB	3	2	0	260
1RB0LC_1LA0RD_1LA1RB_1LA1RB	3	2	0	370
1RB0LC_1LA0RD_1LA1RC_1LA1RB	3	2	0	370
1RB0LC_1LA0RD_1LA1RD_1LA1RB	3	2	0	370
1RB0LC_1LA0RD_1LB---_0LB0RA	3	2	0	135
1RB0LC_1LA0RD_1LB---_0RA0RA	3	2	0	96
1RB0LC_1LA0RD_1LB---_1LB0RA	3	2	0	164
1RB0LC_1LA0RD_1LB0RD_0LB1RC	3	2	0	169
1RB0LC_1LA0RD_1LB0RD_0RA1RC	3	2	0	120
1RB0LC_1LA0RD_1LB1LC_0LC1RD	2	3	0	256
1RB0LC_1LA0RD_1LB1LC_1LC1RD	2	2	0	340
1RB0LC_1LA0RD_1LB1RB_---0RC	4	2	0	650
1RB0LC_1LA0RD_1LB1RB_0RD1RC	4	2	0	526
1RB0LC_1LA0RD_1LD---_1LB0RB	4	2	0	416
1RB0LC_1LA0RD_1LD1LB_1RD1RB	3	2	0	605
1RB0LC_1LA0RD_1LD1LC_1LA1RD	2	2	0	692
1RB0LC_1LA0RD_1RA0LA_1RC---	4	2	0	377
1RB0LC_1LA0RD_1RA0LB_1RA---	3	2	0	141
1RB0LC_1LA0RD_1RC1LA_1RD0RA	4	2	0	452
1RB0LC_1LA0RD_1RC1LA_1RD1RA	4	2	0	356
1RB0LC_1LA0RD_1RC1RB_---1LC	2	2	0	254
1RB0LC_1LA0RD_1RC1RB_1RC1LD	2	2	0	254
1RB0LC_1LA0RD_1RD1RB_1RC1LD	2	2	0	254
1RB0LC_1LA1LA_0LD0LC_1RD0LB	2	2	0	165
1RB0LC_1LA1LA_0LD0LC_1RD0RB	2	2	0	126
1RB0LC_1LA1LA_0LD0LC_1RD1LB	2	2	0	175
1RB0LC_1LA1LA_0RD0LC_1RD0RB	2	2	0	182
1RB0LC_1LA1LA_1RC0RD_1LA0LC	2	2	0	358
1RB0LC_1LA1LA_1RD0LA_1RD0RB	2	2	0	138
1RB0LC_1LA1LA_1RD0LC_1RD0RB	2	2	0	138
1RB0LC_1LA1LB_1RC1LD_1LA0RD	2	2	0	205
1RB0LC_1LA1LB_1RC1RD_1LA0RD	2	2	0	255
1RB0LC_1LA1LC_0LD0LC_1RD0RB	2	2	0	126
1RB0LC_1LA1LC_0RD0LC_1RD0RB	2	2	0	182
1RB0LC_1LA1LC_0RD1LA_1RD0RB	2	2	0	457
1RB0LC_1LA1LC_0RD1LB_0RB1RD	2	2	0	103
1RB0LC_1LA1LC_0RD1LC_1RB1RD	2	2	0	161
1RB0LC_1LA1LC_1LA0RD_1RC1RD	2	2	0	127
1RB0LC_1LA1LC_1RA0RD_1LD0LC	2	2	0	362
1RB0LC_1LA1LC_1RC0RD_1LB0LC	2	2	0	230
1RB0LC_1LA1LC_1RD0LB_1RA1RC	2	2	0	126
1RB0LC_1LA1LC_1RD0LC_1RD0RB	2	2	0	138
1RB0LC_1LA1LC_1RD1LA_1LB0RD	2	2	0	209
1RB0LC_1LA1LC_1RD1LB_0RD0RB	2	3	0	368
1RB0LC_1LA1LC_1RD1LB_1LB0RB	2	2	0	212
1RB0LC_1LA1LC_1RD1LB_1LB0RD	2	2	0	161
1RB0LC_1LA1LC_1RD1LB_1RA0RD	2	2	0	197
1RB0LC_1LA1LC_1RD1LB_1RA1RD	2	2	0	126
1RB0LC_1LA1LC_1RD1LB_1RB0RB	2	2	0	214
1RB0LC_1LA1LC_1RD1LB_1RB1RD	2	2	0	118
1RB0LC_1LA1LC_1RD1LC_1RB1RD	2	2	0	118
1RB0LC_1LA1LD_0RD0RB_1RC1LB	2	2	0	227
1RB0LC_1LA1LD_1LA0RD_1RC1LD	2	2	0	119
1RB0LC_1LA1LD_1LA0RD_1RC1RD	2	2	0	103
1RB0LC_1LA1LD_1LB1RD_1LA1RC	2	2	0	206
1RB0LC_1LA1LD_1RA0RB_1RC1LB	2	2	0	214
1RB0LC_1LA1LD_1RA1RC_0LC0LD	2	2	0	193
1RB0LC_1LA1LD_1RC0RB_0LC0LD	2	2	0	134
1RB0LC_1LA1LD_1RC0RB_0RA0LC	2	2	0	402
1RB0LC_1LA1LD_1RC0RB_0RA1LD	2	2	0	228
1RB0LC_1LA1LD_1RC0RB_0RC0LD	2	2	0	198
1RB0LC_1LA1LD_1RC0RB_0RD0LC	2	2	0	402
1RB0LC_1LA1LD_1RC0RB_1RC0LD	2	2	0	138
1RB0LC_1LA1LD_1RC0RD_1LA0LC	2	2	0	358
1RB0LC_1LA1LD_1RC1RA_0LC0LD	2	2	0	91
1RB0LC_1LA1LD_1RC1RA_0RC0LD	2	2	0	118
1RB0LC_1LA1LD_1RC1RA_1RC0LD	2	2	0	140
1RB0LC_1LA1LD_1RC1RB_---0RA	2	2	0	300
1RB0LC_1LA1LD_1RC1RB_0RA0RB	2	2	0	344
1RB0LC_1LA1LD_1RD0RB_0RC1LA	2	2	0	347
1RB0LC_1LA1LD_1RD0RB_0RC1LB	2	2	0	293
1RB0LC_1LA1LD_1RD1LA_1RC0RA	4	2	0	472
1RB0LC_1LA1LD_1RD1RB_1RC0RA	2	2	0	300
1RB0LC_1LA1RA_0LB0LD_---1LC	2	2	0	146
1RB0LC_1LA1RA_0LB0RD_0RD1RB	3	2	0	136
1RB0LC_1LA1RA_0LD0LC_1RD0LB	2	2	0	126
1RB0LC_1LA1RA_0LD0LC_1RD0RB	2	2	0	116
1RB0LC_1LA1RA_0LD0RA_1LA0LC	2	2	0	184
1RB0LC_1LA1RA_0LD0RA_1LA1LB	4	2	0	684
1RB0LC_1LA1RA_0LD0RA_1LA1LC	4	2	0	1911
1RB0LC_1LA1RA_0LD0RA_1LA1LD	4	2	0	684
1RB0LC_1LA1RA_0LD0RA_1RA0LC	2	2	0	224
1RB0LC_1LA1RA_0LD0RA_1RA1LC	4	2	0	826
1RB0LC_1LA1RA_0LD1LA_0RB---	2	2	0	64
1RB0LC_1LA1RA_0LD1LA_0RD1LA	2	2	0	93
1RB0LC_1LA1RA_0LD1LA_0RD1RA	2	2	0	137
1RB0LC_1LA1RA_0LD1LA_1RC0RB	2	2	0	70
1RB0LC_1LA1RA_0LD1LA_1RD1RA	2	2	0	58
1RB0LC_1LA1RA_0RA0LD_---1RB	2	2	0	103
1RB0LC_1LA1RA_0RA0RD_0LD1RB	2	2	0	129
1RB0LC_1LA1RA_0RA1LD_---0LC	2	2	0	77
1RB0LC_1LA1RA_0RD0LC_1RD0LB	2	2	0	184
1RB0LC_1LA1RA_0RD0LC_1RD0RB	2	2	0	138
1RB0LC_1LA1RA_0RD1LA_0LB---	2	2	0	64
1RB0LC_1LA1RA_0RD1LA_0RB---	2	2	0	131
1RB0LC_1LA1RA_0RD1LA_0RC---	2	2	0	85
1RB0LC_1LA1RA_0RD1LA_0RD1LA	2	2	0	85
1RB0LC_1LA1RA_0RD1LA_0RD1RA	2	2	0	131
1RB0LC_1LA1RA_0RD1LA_1LC0LB	2	2	0	70
1RB0LC_1LA1RA_0RD1LA_1LC0RB	2	2	0	137
1RB0LC_1LA1RA_0RD1LA_1LC0RC	2	2	0	93
1RB0LC_1LA1RA_0RD1LA_1LC1RB	2	2	0	85
1RB0LC_1LA1RA_0RD1LA_1RB---	2	2	0	77
1RB0LC_1LA1RA_0RD1LA_1RD1RA	2	2	0	77
1RB0LC_1LA1RA_1LA0LD_---1RB	2	2	0	76
1RB0LC_1LA1RA_1LA0LD_---1RC	2	2	0	76
1RB0LC_1LA1RA_1LA0RD_0LD1RB	2	2	0	94
1RB0LC_1LA1RA_1LA0RD_0LD1RC	2	2	0	94
1RB0LC_1LA1RA_1LA1LD_---0LC	2	2	0	58
1RB0LC_1LA1RA_1LD0RA_1LA1LC	2	2	0	180
1RB0LC_1LA1RA_1LD1LA_0LB---	2	2	0	57
1RB0LC_1LA1RA_1LD1LA_0RB---	2	2	0	103
1RB0LC_1LA1RA_1LD1LA_0RC---	2	2	0	64
1RB0LC_1LA1RA_1LD1LA_0RD0RA	2	2	0	85
1RB0LC_1LA1RA_1LD1LA_0RD0RC	2	2	0	101
1RB0LC_1LA1RA_1LD1LA_0RD1LA	2	2	0	64
1RB0LC_1LA1RA_1LD1LA_0RD1RA	2	2	0	103
1RB0LC_1LA1RA_1LD1LA_1RB---	2	2	0	58
1RB0LC_1LA1RA_1LD1LA_1RD0RC	2	2	0	70
1RB0LC_1LA1RA_1LD1LA_1RD1RA	2	2	0	58
1RB0LC_1LA1RA_1RD0LA_1RD0LB	2	2	0	138
1RB0LC_1LA1RA_1RD0LA_1RD0RB	2	2	0	118
1RB0LC_1LA1RA_1RD0LC_1RD0LB	2	2	0	138
1RB0LC_1LA1RA_1RD0LC_1RD0RB	2	2	0	118
1RB0LC_1LA1RA_1RD1LA_0LB---	2	2	0	103
1RB0LC_1LA1RA_1RD1LA_0LC---	2	2	0	64
1RB0LC_1LA1RA_1RD1LA_0LD0RA	2	2	0	85
1RB0LC_1LA1RA_1RD1LA_0LD1LA	2	2	0	64
1RB0LC_1LA1RA_1RD1LA_0LD1RA	2	2	0	103
1RB0LC_1LA1RA_1RD1LA_0RB---	2	2	0	156
1RB0LC_1LA1RA_1RD1LA_0RC---	2	2	0	103
1RB0LC_1LA1RA_1RD1LA_0RD0LA	2	2	0	76
1RB0LC_1LA1RA_1RD1LA_0RD1LA	2	2	0	103
1RB0LC_1LA1RA_1RD1LA_0RD1RA	2	2	0	156
1RB0LC_1LA1RA_1RD1LA_1LB---	2	2	0	70
1RB0LC_1LA1RA_1RD1LA_1LD1RA	2	2	0	70
1RB0LC_1LA1RA_1RD1LA_1RB---	2	2	0	99
1RB0LC_1LA1RA_1RD1LA_1RC---	2	2	0	70
1RB0LC_1LA1RA_1RD1LA_1RD1LA	2	2	0	70
1RB0LC_1LA1RA_1RD1LA_1RD1RA	2	2	0	99
1RB0LC_1LA1RB_0LB0RD_1RC---	2	2	0	89
1RB0LC_1LA1RB_0LD0LA_1RD0LB	2	2	0	96
1RB0LC_1LA1RB_0LD0LA_1RD0RB	2	2	0	70
1RB0LC_1LA1RB_0LD0LC_1RD0LB	2	2	0	96
1RB0LC_1LA1RB_0LD0LC_1RD0RB	2	2	0	70
1RB0LC_1LA1RB_0LD0LC_1RD1LB	2	2	0	126
1RB0LC_1LA1RB_0RB0RD_1LD0LC	2	2	0	178
1RB0LC_1LA1RB_0RD0LA_1RD0RB	2	2	0	102
1RB0LC_1LA1RB_0RD0LC_1RD0RB	2	2	0	102
1RB0LC_1LA1RB_0RD0LC_1RD1LB	2	2	0	184
1RB0LC_1LA1RB_0RD1LD_1LB1LC	2	2	0	444
1RB0LC_1LA1RB_1LA0RD_1RC1LD	2	2	0	139
1RB0LC_1LA1RB_1LA0RD_1RC1RD	2	2	0	249
1RB0LC_1LA1RB_1LB1LD_---1LC	2	2	0	146
1RB0LC_1LA1RB_1RA0RD_1LD0LC	2	2	0	166
1RB0LC_1LA1RB_1RC0LD_0LC0RB	2	2	0	353
1RB0LC_1LA1RB_1RC0LD_0LC1RA	2	2	0	269
1RB0LC_1LA1RB_1RC0RD_1LB0LC	2	2	0	188
1RB0LC_1LA1RB_1RC1LD_1LB1LC	2	2	0	474
1RB0LC_1LA1RB_1RC1RD_0LB1RC	2	2	0	314
1RB0LC_1LA1RB_1RD0LA_1RD1LB	2	2	0	138
1RB0LC_1LA1RB_1RD0LC_1RD0LB	2	2	0	190
1RB0LC_1LA1RB_1RD0LC_1RD0RB	2	2	0	132
1RB0LC_1LA1RB_1RD0LC_1RD1LB	2	2	0	138
1RB0LC_1LA1RB_1RD0RD_1LD1LA	3	2	0	350
1RB0LC_1LA1RC_0RB0LD_0RA1RA	2	2	0	370
1RB0LC_1LA1RC_0RB0RD_0LA0LC	2	2	0	414
1RB0LC_1LA1RC_0RB0RD_0LA1LA	2	2	0	370
1RB0LC_1LA1RC_0RB0RD_0LA1RD	2	2	0	1370
1RB0LC_1LA1RC_0RB0RD_1LB0LC	2	2	0	256
1RB0LC_1LA1RC_0RB0RD_1LB1LA	2	2	0	212
1RB0LC_1LA1RC_0RB1LD_0LC0LD	2	2	0	139
1RB0LC_1LA1RC_0RB1LD_1LA0LD	2	2	0	131
1RB0LC_1LA1RC_0RB1RD_1LA1RC	2	2	0	224
1RB0LC_1LA1RC_0RC0RD_1LB1LA	2	2	0	201
1RB0LC_1LA1RC_0RD1LC_0LB1RB	3	2	0	446
1RB0LC_1LA1RC_0RD1RB_0RD1LB	2	2	0	236
1RB0LC_1LA1RC_1LA0RD_1RC0RB	2	2	0	259
1RB0LC_1LA1RC_1LA0RD_1RC0RC	2	2	0	259
1RB0LC_1LA1RC_1LA0RD_1RC1LD	2	2	0	139
1RB0LC_1LA1RC_1LA0RD_1RC1RD	2	2	0	249
1RB0LC_1LA1RC_1LA1RD_0RD1RB	2	2	0	110
1RB0LC_1LA1RC_1LD0RD_1RB1LD	2	2	0	149
1RB0LC_1LA1RC_1LD1RB_0RB1LB	2	2	0	198
1RB0LC_1LA1RC_1LD1RB_0RB1LD	2	2	0	255
1RB0LC_1LA1RC_1LD1RB_0RB1RB	2	2	0	229
1RB0LC_1LA1RC_1LD1RB_0RD0RB	2	2	0	229
1RB0LC_1LA1RC_1LD1RB_1RB1LD	2	2	0	198
1RB0LC_1LA1RC_1RC0LD_0RA1RA	2	2	0	358
1RB0LC_1LA1RC_1RC0RD_0LA1LA	2	2	0	358
1RB0LC_1LA1RC_1RC0RD_1LB0LC	2	2	0	210
1RB0LC_1LA1RC_1RC0RD_1LB1LA	2	2	0	210
1RB0LC_1LA1RC_1RC1LD_0LB0LD	2	2	0	129
1RB0LC_1LA1RC_1RC1LD_0RB0LD	2	2	0	190
1RB0LC_1LA1RC_1RC1LD_1LA0LD	2	2	0	97
1RB0LC_1LA1RC_1RC1RB_------	2	2	0	212
1RB0LC_1LA1RC_1RC1RD_1LA0LB	2	2	0	256
1RB0LC_1LA1RC_1RD0LA_0LB1RB	2	2	0	232
1RB0LC_1LA1RC_1RD0LC_0LB0RD	2	2	0	324
1RB0LC_1LA1RC_1RD0LC_0LB1LA	2	2	0	316
1RB0LC_1LA1RC_1RD0LC_0LB1RA	2	2	0	222
1RB0LC_1LA1RC_1RD0LC_0LB1RB	2	2	0	232
1RB0LC_1LA1RC_1RD1LA_0RD1RA	4	2	0	615
1RB0LC_1LA1RC_1RD1LA_1RC0RA	4	2	0	356
1RB0LC_1LA1RC_1RD1LA_1RC1RA	4	2	0	260
1RB0LC_1LA1RC_1RD1RB_0LB1LB	2	2	0	236
1RB0LC_1LA1RC_1RD1RB_0LB1RB	2	2	0	224
1RB0LC_1LA1RC_1RD1RB_1LC---	2	2	0	224
1RB0LC_1LA1RC_1RD1RB_1LD1LB	2	2	0	190
1RB0LC_1LA1RC_1RD1RB_1LD1RB	2	2	0	224
1RB0LC_1LA1RC_1RD1RB_1RC---	2	2	0	212
1RB0LC_1LA1RC_1RD1RB_1RD1LB	2	2	0	224
1RB0LC_1LA1RC_1RD1RB_1RD1RB	2	2	0	212
1RB0LC_1LA1RD_0LB0LA_0RB1RB	2	2	0	156
1RB0LC_1LA1RD_0LB0LA_1LD1RB	2	2	0	198
1RB0LC_1LA1RD_0LB0LA_1RD1RB	2	2	0	114
1RB0LC_1LA1RD_0LB0LC_0RB1RB	2	2	0	156
1RB0LC_1LA1RD_0LB0LC_1LD1RB	2	2	0	198
1RB0LC_1LA1RD_0LB0LC_1RD0RC	2	2	0	130
1RB0LC_1LA1RD_0LB0LC_1RD1LA	2	2	0	121
1RB0LC_1LA1RD_0LB0LC_1RD1LC	2	2	0	121
1RB0LC_1LA1RD_0LB0LC_1RD1RA	2	2	0	120
1RB0LC_1LA1RD_0LB0LC_1RD1RB	2	2	0	114
1RB0LC_1LA1RD_0LB0RC_1RD1RA	4	2	0	344
1RB0LC_1LA1RD_0LB1LA_1RD1RA	4	2	0	242
1RB0LC_1LA1RD_0LB1LC_0RD1RB	4	2	0	685
1RB0LC_1LA1RD_0LB1LC_1LD1RB	2	3	0	193
1RB0LC_1LA1RD_0LB1LC_1RD1RB	2	3	0	177
1RB0LC_1LA1RD_0LB1LD_0RD1RB	4	2	0	560
1RB0LC_1LA1RD_0LB1RB_0RB0RC	3	2	0	474
1RB0LC_1LA1RD_0LB1RB_0RB1RB	2	2	0	190
1RB0LC_1LA1RD_0LB1RB_0RD1RB	4	2	0	474
1RB0LC_1LA1RD_0LB1RB_1LC0RC	3	2	0	526
1RB0LC_1LA1RD_0LB1RB_1LC1RB	2	2	0	198
1RB0LC_1LA1RD_0LB1RB_1LD1RB	2	2	0	198
1RB0LC_1LA1RD_0LB1RB_1RC0RA	2	2	0	286
1RB0LC_1LA1RD_0LB1RB_1RC1RB	2	2	0	190
1RB0LC_1LA1RD_0LB1RB_1RD0RC	3	2	0	422
1RB0LC_1LA1RD_0LB1RB_1RD1RB	2	2	0	182
1RB0LC_1LA1RD_0LD1LA_1RD1RA	4	2	0	236
1RB0LC_1LA1RD_0RB0LA_0RB1RB	2	2	0	186
1RB0LC_1LA1RD_0RB0LA_1LD1RB	2	2	0	232
1RB0LC_1LA1RD_0RB0LA_1RD1RB	2	2	0	140
1RB0LC_1LA1RD_0RB0LC_0RB1RB	2	2	0	186
1RB0LC_1LA1RD_0RB0LC_1LD1RB	2	2	0	232
1RB0LC_1LA1RD_0RB0LC_1RD1LA	2	2	0	192
1RB0LC_1LA1RD_0RB0LC_1RD1LC	2	2	0	192
1RB0LC_1LA1RD_0RB0LC_1RD1RA	2	2	0	134
1RB0LC_1LA1RD_0RB0LC_1RD1RB	2	2	0	140
1RB0LC_1LA1RD_0RB1LC_1LC1RB	2	2	0	255
1RB0LC_1LA1RD_0RB1RB_---1RB	2	2	0	224
1RB0LC_1LA1RD_0RD1LC_1LC1RB	2	2	0	223
1RB0LC_1LA1RD_1LA0LA_0RC---	2	2	0	122
1RB0LC_1LA1RD_1LA0LA_1RD1LA	2	2	0	88
1RB0LC_1LA1RD_1LA0LA_1RD1RA	2	2	0	66
1RB0LC_1LA1RD_1LA0LB_0RA---	3	2	0	401
1RB0LC_1LA1RD_1LA0LC_0RA---	3	2	0	401
1RB0LC_1LA1RD_1LA0LC_1LD1RB	2	2	0	198
1RB0LC_1LA1RD_1LA0LC_1RD1LA	2	2	0	88
1RB0LC_1LA1RD_1LA0LC_1RD1LC	2	2	0	88
1RB0LC_1LA1RD_1LA0LC_1RD1RA	2	2	0	66
1RB0LC_1LA1RD_1LA0LC_1RD1RB	2	2	0	118
1RB0LC_1LA1RD_1LA0LC_1RD1RC	2	2	0	118
1RB0LC_1LA1RD_1LA0RB_1LC0RA	4	2	0	294
1RB0LC_1LA1RD_1LA0RD_1RC---	2	2	0	99
1RB0LC_1LA1RD_1LA1LA_1RD0RA	4	2	0	236
1RB0LC_1LA1RD_1LA1LA_1RD1RA	4	2	0	236
1RB0LC_1LA1RD_1LA1LD_0RA---	3	2	0	523
1RB0LC_1LA1RD_1LA1LD_0RD1RB	3	2	0	366
1RB0LC_1LA1RD_1LA1LD_1RA0LA	3	2	0	442
1RB0LC_1LA1RD_1LA1RB_0RC---	3	2	0	300
1RB0LC_1LA1RD_1LA1RB_0RD1RB	3	2	0	300
1RB0LC_1LA1RD_1LA1RB_1LC1RC	3	2	0	498
1RB0LC_1LA1RD_1LA1RB_1RD1RC	3	2	0	484
1RB0LC_1LA1RD_1LA1RC_0RD1RB	3	2	0	300
1RB0LC_1LA1RD_1LB1LA_1RB1RC	2	2	0	77
1RB0LC_1LA1RD_1LB1LC_---1RB	2	2	0	146
1RB0LC_1LA1RD_1LB1RB_0LA1RC	3	2	0	198
1RB0LC_1LA1RD_1LB1RB_0RC1RC	3	2	0	300
1RB0LC_1LA1RD_1LB1RB_1LD1RC	3	2	0	308
1RB0LC_1LA1RD_1LB1RB_1RA1RC	3	2	0	171
1RB0LC_1LA1RD_1LB1RB_1RB1RC	3	2	0	304
1RB0LC_1LA1RD_1LB1RD_1LA1RC	2	2	0	190
1RB0LC_1LA1RD_1RA0LA_0RC---	4	2	0	284
1RB0LC_1LA1RD_1RC1LA_1RD0RA	4	2	0	356
1RB0LC_1LA1RD_1RC1LA_1RD1RA	4	2	0	260
1RB0LC_1LA1RD_1RC1RB_---0RA	2	2	0	227
1RB0LC_1LA1RD_1RC1RB_---1RB	2	2	0	212
1RB0LC_1LA1RD_1RC1RB_0RA0LB	2	2	0	253
1RB0LC_1LA1RD_1RD0LA_1LD1RB	2	2	0	232
1RB0LC_1LA1RD_1RD0LC_1LD1RB	2	2	0	232
1RB0LC_1LA1RD_1RD1LC_0RC1RB	2	3	0	223
1RB0LC_1LA1RD_1RD1LC_1LD1RB	2	3	0	223
1RB0LC_1LA1RD_1RD1LC_1RD1RB	2	3	0	209
1RB0LC_1LA1RD_1RD1RB_1LC1RB	2	2	0	224
1RB0LC_1LA1RD_1RD1RB_1LD1RB	2	2	0	224
1RB0LC_1LA1RD_1RD1RB_1RC0RA	2	2	0	227
1RB0LC_1LA1RD_1RD1RB_1RC1RB	2	2	0	212
1RB0LC_1LA1RD_1RD1RB_1RD1RB	2	2	0	212
1RB0LC_1LB0LC_0LD0LA_1RD1LB	2	2	0	88
1RB0LC_1LB0LC_0LD0LA_1RD1RA	2	2	0	66
1RB0LC_1LB0LC_0LD0LB_1RD1LA	2	2	0	88
1RB0LC_1LB0LC_0RD0LA_1RD1RA	2	2	0	94
1RB0LC_1LB0LC_0RD1LC_1RA1RD	2	2	0	178
1RB0LC_1LB0LC_1LD0LA_1RD0RC	2	2	0	156
1RB0LC_1LB0LC_1RC0RD_0LA1RD	2	2	0	1318
1RB0LC_1LB0LC_1RD0LA_1RD1RB	2	2	0	128
1RB0LC_1LB0LC_1RD1LC_1RA1RD	2	2	0	126
1RB0LC_1LB0LC_1RD1LD_0RB0RA	2	2	0	312
1RB0LC_1LB0RC_0RD1RC_1LD0LA	2	2	0	145
1RB0LC_1LB0RC_0RD1RC_1LD1LA	4	2	0	136
1RB0LC_1LB0RC_1LA0LD_1RC0LC	2	2	0	160
1RB0LC_1LB0RC_1LA1RD_1LA0LB	3	2	0	460
1RB0LC_1LB0RC_1LA1RD_1LA0RC	3	2	0	356
1RB0LC_1LB0RC_1LA1RD_1LA0RD	3	2	0	356
1RB0LC_1LB0RC_1LA1RD_1LA1RB	2	2	0	105
1RB0LC_1LB0RC_1LD1LC_1RB0RA	2	2	0	436
1RB0LC_1LB0RC_1RD0RD_1LA0RC	2	2	0	152
1RB0LC_1LB0RC_1RD1LA_1LA0LB	2	2	0	295
1RB0LC_1LB0RC_1RD1LA_1LA0RC	3	2	0	356
1RB0LC_1LB0RC_1RD1LA_1LA1LB	3	2	0	488
1RB0LC_1LB0RC_1RD1LA_1LA1RB	3	2	0	290
1RB0LC_1LB0RC_1RD1RC_1LA0LB	2	2	0	381
1RB0LC_1LB1LA_0LD0LA_1RD0RA	2	2	0	119
1RB0LC_1LB1LA_0LD0LA_1RD0RC	2	2	0	103
1RB0LC_1LB1LA_0LD0LC_1RD0LB	2	2	0	183
1RB0LC_1LB1LA_0LD0LC_1RD0RA	2	2	0	119
1RB0LC_1LB1LA_0LD0LC_1RD0RB	2	2	0	355
1RB0LC_1LB1LA_0LD0LC_1RD1LB	2	2	0	198
1RB0LC_1LB1LA_0LD0LC_1RD1RB	2	2	0	234
1RB0LC_1LB1LA_0LD1RB_1RD0RC	2	2	0	286
1RB0LC_1LB1LA_0RC1RD_0RB0RD	2	2	0	110
1RB0LC_1LB1LA_0RC1RD_1LB0RD	2	2	0	215
1RB0LC_1LB1LA_0RD0LA_1RC0RB	2	2	0	471
1RB0LC_1LB1LA_0RD0LC_1RD0RB	2	2	0	608
1RB0LC_1LB1LA_0RD0LC_1RD1RB	2	2	0	379
1RB0LC_1LB1LA_0RD1LC_1RA1RD	2	2	0	303
1RB0LC_1LB1LA_0RD1RB_1RD0RC	2	2	0	268
1RB0LC_1LB1LA_1LD1RD_0RC1RB	2	2	0	168
1RB0LC_1LB1LA_1RC0LD_---0RA	2	2	0	490
1RB0LC_1LB1LA_1RC0RD_0LB0RD	2	2	0	176
1RB0LC_1LB1LA_1RC0RD_0RB0RD	2	2	0	130
1RB0LC_1LB1LA_1RC0RD_1LB0RD	2	2	0	146
1RB0LC_1LB1LA_1RC0RD_1LB1RD	3	2	0	457
1RB0LC_1LB1LA_1RC0RD_1LD0RB	2	2	0	310
1RB0LC_1LB1LA_1RC0RD_1LD1RB	2	2	0	268
1RB0LC_1LB1LA_1RC1LD_0LB0RD	2	2	0	107
1RB0LC_1LB1LA_1RC1LD_0RB0RD	2	2	0	87
1RB0LC_1LB1LA_1RC1LD_1LB0RD	2	2	0	133
1RB0LC_1LB1LA_1RC1LD_1LB1RD	2	2	0	198
1RB0LC_1LB1LA_1RC1RD_0LA0RA	2	2	0	234
1RB0LC_1LB1LA_1RC1RD_0LA0RD	2	2	0	245
1RB0LC_1LB1LA_1RC1RD_0LA1LB	2	2	0	290
1RB0LC_1LB1LA_1RC1RD_0LA1RA	2	2	0	226
1RB0LC_1LB1LA_1RC1RD_0LA1RB	2	2	0	237
1RB0LC_1LB1LA_1RC1RD_1LA0RA	3	2	0	528
1RB0LC_1LB1LA_1RC1RD_1LB0RD	2	2	0	167
1RB0LC_1LB1LA_1RD0LA_0RD1RB	4	2	0	271
1RB0LC_1LB1LA_1RD0LA_1RD0RB	2	2	0	354
1RB0LC_1LB1LA_1RD0LC_1RD0RB	2	2	0	354
1RB0LC_1LB1LA_1RD0LC_1RD1RB	2	2	0	245
1RB0LC_1LB1LA_1RD0LD_0RA0RB	4	2	0	560
1RB0LC_1LB1LA_1RD0RB_0RA---	3	2	0	552
1RB0LC_1LB1LA_1RD0RB_0RC---	3	2	0	930
1RB0LC_1LB1LA_1RD0RB_0RD0RB	3	2	0	930
1RB0LC_1LB1LA_1RD0RB_0RD1RB	3	2	0	774
1RB0LC_1LB1LA_1RD0RC_0RB0RD	2	2	0	160
1RB0LC_1LB1LA_1RD1LB_0RA---	3	2	0	487
1RB0LC_1LB1LA_1RD1LC_1RA1RD	2	2	0	344
1RB0LC_1LB1LA_1RD1LD_0RA0LB	4	2	0	586
1RB0LC_1LB1LA_1RD1LD_0RA1LB	4	2	0	512
1RB0LC_1LB1LA_1RD1RB_0LD0RC	2	2	0	314
1RB0LC_1LB1LA_1RD1RB_1RD0RC	2	2	0	230
1RB0LC_1LB1LA_1RD1RC_0RB0RD	2	2	0	154
1RB0LC_1LB1LC_0LD0LA_1RD0RC	2	2	0	96
1RB0LC_1LB1LC_0RA1RD_0RB0RD	2	2	0	110
1RB0LC_1LB1LC_0RA1RD_1LB0RD	2	2	0	215
1RB0LC_1LB1LC_1LA0RD_1RC1RD	2	2	0	119
1RB0LC_1LB1LC_1RD0LA_1RC0RB	2	2	0	176
1RB0LC_1LB1LC_1RD0LA_1RD0RB	2	2	0	176
1RB0LC_1LB1LC_1RD0RB_0RA1LA	3	2	0	684
1RB0LC_1LB1LC_1RD0RB_0RC1LA	3	2	0	1062
1RB0LC_1LB1LC_1RD0RC_1LA0RD	2	2	0	240
1RB0LC_1LB1LC_1RD0RC_1LA1RB	2	2	0	284
1RB0LC_1LB1RA_---0LD_1LA1LC	2	2	0	98
1RB0LC_1LB1RA_---1LA_------	2	2	0	132
1RB0LC_1LB1RA_---1LD_1RB0LC	2	2	0	132
1RB0LC_1LB1RA_---1LD_1RB1LB	2	2	0	178
1RB0LC_1LB1RA_---1RD_0LD1LA	2	2	0	190
1RB0LC_1LB1RA_0LD1RC_---1LA	2	2	0	190
1RB0LC_1LB1RA_0RA1LD_0LC1LB	2	2	0	185
1RB0LC_1LB1RA_0RA1LD_1LC1LB	2	2	0	195
1RB0LC_1LB1RA_0RB1LD_1RB0RA	2	2	0	270
1RB0LC_1LB1RA_0RB1RD_0RC0RD	2	2	0	264
1RB0LC_1LB1RA_0RD1RC_0RB0RD	2	2	0	99
1RB0LC_1LB1RA_0RD1RC_1LB0RD	2	2	0	193
1RB0LC_1LB1RA_0RD1RC_1LD0LA	2	2	0	503
1RB0LC_1LB1RA_1LA0LD_0RC0RB	2	2	0	236
1RB0LC_1LB1RA_1LA0LD_1RC0RB	2	2	0	198
1RB0LC_1LB1RA_1LA1LD_0LC1LB	2	2	0	152
1RB0LC_1LB1RA_1LB1RD_1LC0RD	2	2	0	213
1RB0LC_1LB1RA_1RA0LD_1RC0RB	2	2	0	224
1RB0LC_1LB1RA_1RD0RC_0RB0RD	2	2	0	190
1RB0LC_1LB1RA_1RD1RC_0RB0RD	2	2	0	204
1RB0LC_1LB1RC_0RB0RD_0RC1RA	3	2	0	198
1RB0LC_1LB1RC_1LA0RD_1LB0RC	2	2	0	116
1RB0LC_1LB1RC_1LA0RD_1RC0LA	2	2	0	133
1RB0LC_1LB1RC_1LA0RD_1RC0RC	2	2	0	243
1RB0LC_1LB1RC_1LA0RD_1RC1LD	2	2	0	129
1RB0LC_1LB1RC_1LA0RD_1RC1RA	2	2	0	227
1RB0LC_1LB1RC_1LA0RD_1RC1RD	2	2	0	235
1RB0LC_1LB1RC_1LA1RD_1LD0RB	4	2	0	1150
1RB0LC_1LB1RC_1LB0RD_0RC1RA	3	2	0	366
1RB0LC_1LB1RC_1RA0LD_---1LA	3	2	0	233
1RB0LC_1LB1RC_1RA0RD_0LD1LA	3	2	0	319
1RB0LC_1LB1RC_1RC1RD_1LA1RB	3	2	0	465
1RB0LC_1LB1RC_1RD0RB_0LD1LA	2	2	0	140
1RB0LC_1LB1RC_1RD0RB_1LD0LA	2	2	0	190
1RB0LC_1LB1RC_1RD0RC_1LA1LB	2	2	0	292
1RB0LC_1LB1RC_1RD1LA_0RD1RA	4	2	0	641
1RB0LC_1LB1RC_1RD1LA_1RC0RA	4	2	0	368
1RB0LC_1LB1RC_1RD1LA_1RC1RA	4	2	0	272
1RB0LC_1LC---_0RD1LB_1RD0RA	2	2	0	117
1RB0LC_1LC0LA_0LD0LC_1RD1LB	2	2	0	88
1RB0LC_1LC0LA_0RD1LA_1RC1RB	2	2	0	172
1RB0LC_1LC0LA_0RD1LB_1RC1RB	2	2	0	202
1RB0LC_1LC0LA_0RD1LD_1RC1RB	2	2	0	226
1RB0LC_1LC0LA_0RD1RC_1LD1LB	3	2	0	364
1RB0LC_1LC0LA_1LB1RD_0RB0LC	2	2	0	503
1RB0LC_1LC0LA_1LB1RD_0RB0RB	2	2	0	399
1RB0LC_1LC0LA_1LB1RD_1LC0RB	2	2	0	441
1RB0LC_1LC0LA_1LB1RD_1LD0RB	2	2	0	525
1RB0LC_1LC0LA_1RC0LD_1LA0RA	3	2	0	598
1RB0LC_1LC0LA_1RC1LD_1LA0LD	2	2	0	123
1RB0LC_1LC0LA_1RD0LB_0LC0RB	3	2	0	270
1RB0LC_1LC0LA_1RD0LB_0LD0RB	3	2	0	493
1RB0LC_1LC0LA_1RD0LB_0RB0RB	3	2	0	473
1RB0LC_1LC0LA_1RD0LC_1RD1LB	2	2	0	172
1RB0LC_1LC0LA_1RD1LA_0RC0LB	2	2	0	328
1RB0LC_1LC0LA_1RD1LA_0RC0RA	2	2	0	96
1RB0LC_1LC0LA_1RD1LA_0RC1LB	2	2	0	341
1RB0LC_1LC0LA_1RD1LA_0RC1LC	2	2	0	130
1RB0LC_1LC0LA_1RD1LA_0RC1LD	2	2	0	138
1RB0LC_1LC0LA_1RD1LA_0RC1RA	2	2	0	174
1RB0LC_1LC0LA_1RD1LA_0RC1RB	2	2	0	242
1RB0LC_1LC0LA_1RD1LD_1RC1RB	2	2	0	174
1RB0LC_1LC0LA_1RD1LD_1RD1RB	2	2	0	206
1RB0LC_1LC0LA_1RD1RC_1LB0RB	2	2	0	151
1RB0LC_1LC0LB_0RD0LB_1RA1RC	2	2	0	130
1RB0LC_1LC0LB_1RA0LD_1RD1LB	2	2	0	137
1RB0LC_1LC0LB_1RA0RD_1RD1LB	2	2	0	213
1RB0LC_1LC0LB_1RA1RD_1RD1LB	2	2	0	100
1RB0LC_1LC0LB_1RD0RA_1LB0RB	2	2	0	309
1RB0LC_1LC0LB_1RD1LB_1RC0LA	2	2	0	205
1RB0LC_1LC0LB_1RD1LB_1RD0LA	2	2	0	196
1RB0LC_1LC0LD_0RB0LB_1RD0RA	3	2	0	590
1RB0LC_1LC0LD_0RB0LC_1RD1LA	2	2	0	212
1RB0LC_1LC0LD_1LA0RD_1RC1RD	2	2	0	249
1RB0LC_1LC0LD_1RD1LA_1RC0LB	2	2	0	129
1RB0LC_1LC0LD_1RD1LA_1RC0LD	2	2	0	84
1RB0LC_1LC0RA_0LC0LD_1RD1RB	2	2	0	213
1RB0LC_1LC0RA_0RD0LB_1LA0RD	2	2	0	139
1RB0LC_1LC0RA_0RD0LB_1LA1LD	2	2	0	123
1RB0LC_1LC0RA_0RD0LB_1LA1RD	2	2	0	127
1RB0LC_1LC0RA_0RD0LB_1RA0LD	2	2	0	269
1RB0LC_1LC0RA_0RD1LA_0RB1LB	2	2	0	309
1RB0LC_1LC0RA_0RD1LB_0RD1LA	2	2	0	108
1RB0LC_1LC0RA_1LA0LD_0RB---	2	2	0	112
1RB0LC_1LC0RA_1LA0LD_0RD0LB	2	2	0	134
1RB0LC_1LC0RA_1LA0LD_0RD0RB	2	2	0	92
1RB0LC_1LC0RA_1LA0LD_0RD1LB	2	2	0	118
1RB0LC_1LC0RA_1LA0LD_0RD1LC	2	2	0	104
1RB0LC_1LC0RA_1LA0LD_1RC---	2	2	0	214
1RB0LC_1LC0RA_1LA0LD_1RD1RC	2	2	0	110
1RB0LC_1LC0RA_1LA0RD_---0LB	2	2	0	128
1RB0LC_1LC0RA_1LA0RD_---0RB	2	2	0	86
1RB0LC_1LC0RA_1LA0RD_---1LB	2	2	0	112
1RB0LC_1LC0RA_1LA0RD_0LB0RD	2	2	0	207
1RB0LC_1LC0RA_1LA0RD_0LB1LC	2	2	0	187
1RB0LC_1LC0RA_1LA0RD_1LB0RD	2	3	0	319
1RB0LC_1LC0RA_1LA0RD_1LB1LC	2	3	0	260
1RB0LC_1LC0RA_1LA0RD_1LC0LD	2	2	0	128
1RB0LC_1LC0RA_1LA0RD_1LC0RD	2	2	0	86
1RB0LC_1LC0RA_1LA0RD_1LC1LD	2	2	0	112
1RB0LC_1LC0RA_1LA0RD_1LD1LC	4	2	0	540
1RB0LC_1LC0RA_1LA0RD_1RA1LC	2	2	0	105
1RB0LC_1LC0RA_1LA1LD_0LC---	2	2	0	170
1RB0LC_1LC0RA_1LA1LD_0RD1LC	2	2	0	112
1RB0LC_1LC0RA_1LA1LD_1LA---	2	2	0	106
1RB0LC_1LC0RA_1LA1LD_1RC0LC	2	2	0	214
1RB0LC_1LC0RA_1LA1LD_1RC0LD	2	3	0	518
1RB0LC_1LC0RA_1LA1LD_1RC1LA	2	2	0	112
1RB0LC_1LC0RA_1LA1LD_1RD1LA	2	2	0	214
1RB0LC_1LC0RA_1LA1RD_---0RB	2	2	0	108
1RB0LC_1LC0RA_1LA1RD_0LA1RC	2	2	0	178
1RB0LC_1LC0RA_1LA1RD_0LD1RC	2	2	0	116
1RB0LC_1LC0RA_1LA1RD_0RB0LC	2	2	0	114
1RB0LC_1LC0RA_1LA1RD_0RB0LD	2	2	0	134
1RB0LC_1LC0RA_1LA1RD_0RD1RC	2	2	0	66
1RB0LC_1LC0RA_1LA1RD_1LA1LD	2	2	0	112
1RB0LC_1LC0RA_1LA1RD_1LA1RC	2	2	0	112
1RB0LC_1LC0RA_1LA1RD_1LA1RD	2	2	0	112
1RB0LC_1LC0RA_1LA1RD_1LB0RD	2	2	0	112
1RB0LC_1LC0RA_1LA1RD_1LC0RD	2	2	0	108
1RB0LC_1LC0RA_1LC0LD_1LA---	4	2	0	236
1RB0LC_1LC0RA_1LD0LB_1RB1RD	2	2	0	208
1RB0LC_1LC0RA_1RC0LD_1LA0LB	2	2	0	130
1RB0LC_1LC0RA_1RC1LD_1LA1RD	2	2	0	269
1RB0LC_1LC0RA_1RD0LB_0RA1LA	2	2	0	119
1RB0LC_1LC0RA_1RD0LB_0RA1LD	2	2	0	123
1RB0LC_1LC0RA_1RD0LB_0RA1RB	2	2	0	139
1RB0LC_1LC0RA_1RD0LB_0RA1RD	2	2	0	103
1RB0LC_1LC0RA_1RD0LB_0RB1RB	2	2	0	178
1RB0LC_1LC0RA_1RD0LB_0RD1LA	2	2	0	119
1RB0LC_1LC0RA_1RD0LB_1LD1RB	2	2	0	145
1RB0LC_1LC0RA_1RD0LB_1RA0LA	2	3	0	290
1RB0LC_1LC0RA_1RD0LB_1RA1LB	2	2	0	107
1RB0LC_1LC0RA_1RD0LB_1RA1RB	2	2	0	174
1RB0LC_1LC0RA_1RD0LB_1RB0LA	2	2	0	73
1RB0LC_1LC0RA_1RD0LB_1RB1LA	2	2	0	115
1RB0LC_1LC0RA_1RD0LB_1RC0LA	3	2	0	106
1RB0LC_1LC0RA_1RD1LB_0RC1RA	2	2	0	148
1RB0LC_1LC0RB_0LA0LD_1RD1RB	2	3	0	308
1RB0LC_1LC0RB_0RD0LC_1RA1LB	2	2	0	313
1RB0LC_1LC0RB_0RD0RA_1LA1LB	2	2	0	357
1RB0LC_1LC0RB_1LC1LD_0RD1RA	2	2	0	205
1RB0LC_1LC0RB_1LD1RB_1LC1RA	2	2	0	193
1RB0LC_1LC0RB_1LD1RB_1LD1RA	2	2	0	209
1RB0LC_1LC0RB_1RA0RD_1LD1LA	2	2	0	155
1RB0LC_1LC0RB_1RC1LD_1LA1RD	2	2	0	735
1RB0LC_1LC0RB_1RC1RD_1LD1LA	2	2	0	462
1RB0LC_1LC0RB_1RD0RD_1LA1LA	2	2	0	337
1RB0LC_1LC0RB_1RD1LA_1LA1RB	2	2	0	436
1RB0LC_1LC0RB_1RD1LA_1RA1RB	2	2	0	176
1RB0LC_1LC0RB_1RD1RB_1LA1LA	2	2	0	335
1RB0LC_1LC0RC_0RA1RD_1LB0LD	3	2	0	334
1RB0LC_1LC0RC_1LA0LD_1LA0LC	2	2	0	277
1RB0LC_1LC0RC_1LA0LD_1LA0LD	2	2	0	277
1RB0LC_1LC0RC_1LA0LD_1RC0LC	2	2	0	151
1RB0LC_1LC0RC_1LA1LD_0RA1RA	2	2	0	411
1RB0LC_1LC0RC_1LA1RD_0LA0RB	2	2	0	413
1RB0LC_1LC0RC_1LA1RD_0LA1LA	2	2	0	402
1RB0LC_1LC0RC_1LA1RD_0LA1RC	2	2	0	392
1RB0LC_1LC0RC_1LA1RD_0LB0RB	2	2	0	250
1RB0LC_1LC0RC_1LA1RD_0RB0LC	2	2	0	295
1RB0LC_1LC0RC_1LA1RD_0RB0RB	2	2	0	275
1RB0LC_1LC0RC_1LA1RD_0RB1LA	4	2	0	628
1RB0LC_1LC0RC_1LA1RD_0RC0RB	2	2	0	150
1RB0LC_1LC0RC_1LA1RD_1LC0RB	2	2	0	321
1RB0LC_1LC0RC_1LD0LC_1RB0LA	2	2	0	277
1RB0LC_1LC0RC_1LD1LC_1RB0RA	2	2	0	380
1RB0LC_1LC0RC_1RD1LA_1RA1RC	2	2	0	189
1RB0LC_1LC0RC_1RD1LB_0LB0RA	2	2	0	102
1RB0LC_1LC0RC_1RD1LB_1RD0RA	2	2	0	94
1RB0LC_1LC0RC_1RD1RC_1LA0LB	2	2	0	381
1RB0LC_1LC0RD_---0LD_1LA0LD	2	2	0	277
1RB0LC_1LC0RD_---1RB_1LD0LA	2	2	0	441
1RB0LC_1LC0RD_0LB1LA_0LA1RA	3	2	0	343
1RB0LC_1LC0RD_0LB1LA_1RA0RD	4	2	0	380
1RB0LC_1LC0RD_0LB1LA_1RA1RC	4	2	0	480
1RB0LC_1LC0RD_0LC0LD_1LA1RC	2	2	0	388
1RB0LC_1LC0RD_0LC1LA_1RA0LC	3	2	0	512
1RB0LC_1LC0RD_0LC1LA_1RA0RB	3	2	0	398
1RB0LC_1LC0RD_0LC1LA_1RA0RC	3	2	0	532
1RB0LC_1LC0RD_0LC1LA_1RA1RA	3	2	0	256
1RB0LC_1LC0RD_0LC1LD_1RC1LA	3	2	0	506
1RB0LC_1LC0RD_0LD0LC_1LA0LD	2	2	0	235
1RB0LC_1LC0RD_0LD0LC_1LA0RA	2	2	0	451
1RB0LC_1LC0RD_0LD0LC_1LA0RB	2	3	0	749
1RB0LC_1LC0RD_0LD0LC_1LA1LD	2	2	0	240
1RB0LC_1LC0RD_0LD0LC_1LA1RD	2	3	0	767
1RB0LC_1LC0RD_0LD0LD_1LA0LA	3	2	0	260
1RB0LC_1LC0RD_0RA1LB_---0LC	2	2	0	166
1RB0LC_1LC0RD_0RA1LB_---1LC	2	2	0	212
1RB0LC_1LC0RD_0RA1LB_---1RB	2	2	0	120
1RB0LC_1LC0RD_0RD0LD_1LA0LA	3	2	0	483
1RB0LC_1LC0RD_1LA0LB_1LD1LA	2	3	0	189
1RB0LC_1LC0RD_1LA0LB_1RB0RA	2	2	0	152
1RB0LC_1LC0RD_1LA0LB_1RB0RD	2	2	0	152
1RB0LC_1LC0RD_1LA0LB_1RB1RA	2	2	0	272
1RB0LC_1LC0RD_1LA0LB_1RB1RD	2	2	0	272
1RB0LC_1LC0RD_1LA0LC_1LA0LC	2	2	0	277
1RB0LC_1LC0RD_1LA0LC_1LA0LD	2	2	0	277
1RB0LC_1LC0RD_1LA0LC_1LA1LC	2	2	0	287
1RB0LC_1LC0RD_1LA0LC_1LA1LD	2	2	0	287
1RB0LC_1LC0RD_1LA0LC_1LA1RA	2	2	0	298
1RB0LC_1LC0RD_1LA0LC_1LA1RB	2	3	0	441
1RB0LC_1LC0RD_1LA0LC_1LA1RC	2	3	0	441
1RB0LC_1LC0RD_1LA0LC_1LA1RD	2	3	0	441
1RB0LC_1LC0RD_1LA0LC_1RD0RA	4	2	0	236
1RB0LC_1LC0RD_1LA0LD_1LA0LC	2	2	0	277
1RB0LC_1LC0RD_1LA1LA_1RD1RA	4	2	0	275
1RB0LC_1LC0RD_1LC1LA_---1RA	3	2	0	219
1RB0LC_1LC0RD_1LC1LA_1RB1RD	3	2	0	219
1RB0LC_1LC0RD_1LC1LD_1RC1LA	3	2	0	570
1RB0LC_1LC0RD_1LD0LB_1RB0RA	2	2	0	121
1RB0LC_1LC0RD_1LD1LC_1LA1RD	2	2	0	662
1RB0LC_1LC0RD_1LD1LC_1RD0RA	2	2	0	194
1RB0LC_1LC0RD_1LD1RB_1LC0LA	2	2	0	441
1RB0LC_1LC0RD_1RA0LD_1LA0RB	2	2	0	502
1RB0LC_1LC0RD_1RC1LA_0RC0LA	2	2	0	174
1RB0LC_1LC0RD_1RC1LA_0RC1RA	2	2	0	126
1RB0LC_1LC0RD_1RC1LA_1RD1RA	4	2	0	427
1RB0LC_1LC0RD_1RD0LB_1RB1LA	2	2	0	115
1RB0LC_1LC1LA_0LD0LC_1RD0LB	2	2	0	165
1RB0LC_1LC1LA_0LD0LC_1RD1LB	2	2	0	175
1RB0LC_1LC1LA_0RB1RD_0RC0RD	2	2	0	656
1RB0LC_1LC1LA_0RB1RD_1LC0RD	2	2	0	603
1RB0LC_1LC1LA_1LD1RD_0RC0RB	2	2	0	230
1RB0LC_1LC1LA_1RC1RD_0LA1LB	2	2	0	292
1RB0LC_1LC1LA_1RD0LB_1RB0RC	2	2	0	107
1RB0LC_1LC1LA_1RD0LC_0LD0RB	2	2	0	354
1RB0LC_1LC1LA_1RD0LC_0RB0RB	2	2	0	314
1RB0LC_1LC1LA_1RD1LB_1RD0RA	3	2	0	415
1RB0LC_1LC1LB_0RA1RD_1LB0RD	2	2	0	545
1RB0LC_1LC1LB_0RD1RB_1RD0RA	2	2	0	153
1RB0LC_1LC1LB_1RD1LB_1RD0RA	2	2	0	80
1RB0LC_1LC1LB_1RD1RB_1RD0RA	2	2	0	90
1RB0LC_1LC1LC_1LA0RD_1RC1RD	2	2	0	127
1RB0LC_1LC1LC_1RD1LB_1RD0RA	2	2	0	80
1RB0LC_1LC1LD_0LB1LA_0RC1RD	2	2	0	269
1RB0LC_1LC1LD_0RB1RC_1LB0LA	3	2	0	434
1RB0LC_1LC1LD_1LA0RD_1RC1LD	2	2	0	115
1RB0LC_1LC1LD_1LA0RD_1RC1RD	2	2	0	112
1RB0LC_1LC1LD_1LB0RB_1RC1RA	2	2	0	303
1RB0LC_1LC1LD_1RB0RB_1RC1LA	2	2	0	335
1RB0LC_1LC1LD_1RD0RC_1LB1RA	2	2	0	142
1RB0LC_1LC1LD_1RD1LA_1RC0RA	4	2	0	496
1RB0LC_1LC1RA_0LD1LA_0RD1LA	2	2	0	251
1RB0LC_1LC1RA_0LD1LA_0RD1RA	2	2	0	336
1RB0LC_1LC1RA_0LD1LA_1RD0RA	2	2	0	249
1RB0LC_1LC1RA_0LD1LA_1RD1RA	2	2	0	202
1RB0LC_1LC1RA_0RD1LA_0LB0RA	2	2	0	253
1RB0LC_1LC1RA_0RD1LA_0LB0RB	2	2	0	366
1RB0LC_1LC1RA_0RD1LA_0LB1LA	2	2	0	218
1RB0LC_1LC1RA_0RD1LA_0LB1RA	2	2	0	237
1RB0LC_1LC1RA_0RD1LA_0LB1RD	2	2	0	245
1RB0LC_1LC1RA_0RD1LA_0RB---	2	2	0	325
1RB0LC_1LC1RA_0RD1LA_0RC---	2	2	0	248
1RB0LC_1LC1RA_0RD1LA_0RD1LA	2	2	0	248
1RB0LC_1LC1RA_0RD1LA_0RD1RA	2	2	0	325
1RB0LC_1LC1RA_0RD1LA_1LB1RA	2	2	0	226
1RB0LC_1LC1RA_0RD1LA_1LB1RD	2	2	0	250
1RB0LC_1LC1RA_0RD1LA_1LC0RB	2	2	0	341
1RB0LC_1LC1RA_0RD1LA_1LC0RC	2	2	0	258
1RB0LC_1LC1RA_0RD1LA_1LC1RB	2	2	0	248
1RB0LC_1LC1RA_0RD1LA_1RB---	2	2	0	238
1RB0LC_1LC1RA_0RD1LA_1RD0RA	2	2	0	512
1RB0LC_1LC1RA_0RD1LA_1RD1RA	2	2	0	238
1RB0LC_1LC1RA_1LB1RD_1LC0RD	2	2	0	193
1RB0LC_1LC1RA_1LD1LA_0RB---	2	2	0	229
1RB0LC_1LC1RA_1LD1LA_0RC---	2	2	0	210
1RB0LC_1LC1RA_1LD1LA_0RD0RA	2	2	0	243
1RB0LC_1LC1RA_1LD1LA_0RD0RC	2	2	0	259
1RB0LC_1LC1RA_1LD1LA_0RD1LA	2	2	0	210
1RB0LC_1LC1RA_1LD1LA_0RD1RA	2	2	0	229
1RB0LC_1LC1RA_1LD1LA_1RB---	2	2	0	202
1RB0LC_1LC1RA_1LD1LA_1RD0RA	2	2	0	661
1RB0LC_1LC1RA_1LD1LA_1RD0RB	2	2	0	234
1RB0LC_1LC1RA_1LD1LA_1RD0RC	2	2	0	218
1RB0LC_1LC1RA_1LD1LA_1RD1RA	2	2	0	202
1RB0LC_1LC1RA_1RD1LA_0LB---	2	2	0	225
1RB0LC_1LC1RA_1RD1LA_0LC---	2	2	0	210
1RB0LC_1LC1RA_1RD1LA_0LD0RA	2	2	0	248
1RB0LC_1LC1RA_1RD1LA_0LD0RB	2	2	0	280
1RB0LC_1LC1RA_1RD1LA_0LD1LA	2	2	0	210
1RB0LC_1LC1RA_1RD1LA_0LD1LB	2	2	0	216
1RB0LC_1LC1RA_1RD1LA_0LD1RA	2	2	0	225
1RB0LC_1LC1RA_1RD1LA_0RA---	2	2	0	268
1RB0LC_1LC1RA_1RD1LA_0RB---	2	2	0	256
1RB0LC_1LC1RA_1RD1LA_0RC---	2	2	0	225
1RB0LC_1LC1RA_1RD1LA_0RD1LA	2	2	0	225
1RB0LC_1LC1RA_1RD1LA_0RD1RA	2	2	0	256
1RB0LC_1LC1RA_1RD1LA_0RD1RB	2	2	0	242
1RB0LC_1LC1RA_1RD1LA_1LB---	2	2	0	218
1RB0LC_1LC1RA_1RD1LA_1LD1RA	2	2	0	218
1RB0LC_1LC1RA_1RD1LA_1RB---	2	2	0	217
1RB0LC_1LC1RA_1RD1LA_1RC---	2	2	0	218
1RB0LC_1LC1RA_1RD1LA_1RD0RA	2	2	0	258
1RB0LC_1LC1RA_1RD1LA_1RD1LA	2	2	0	218
1RB0LC_1LC1RA_1RD1LA_1RD1RA	2	2	0	217
1RB0LC_1LC1RA_1RD1LB_1RD0RA	2	2	0	147
1RB0LC_1LC1RB_0RA1LD_0RB0LB	2	2	0	211
1RB0LC_1LC1RB_0RA1LD_0RB1LC	2	2	0	157
1RB0LC_1LC1RB_0RB1LD_0RA1LC	2	2	0	165
1RB0LC_1LC1RB_0RD1LA_1RD0RC	4	2	0	392
1RB0LC_1LC1RB_1LA0RD_1RC1LD	2	2	0	116
1RB0LC_1LC1RB_1LA0RD_1RC1RD	2	2	0	119
1RB0LC_1LC1RB_1RA1LD_0RB1LC	2	2	0	167
1RB0LC_1LC1RB_1RD1LA_0LD0RC	2	2	0	775
1RB0LC_1LC1RC_0LD1LA_---1RA	2	2	0	168
1RB0LC_1LC1RC_0RA0LD_1LA---	3	2	0	258
1RB0LC_1LC1RC_0RD1LA_0LD1RA	2	3	0	215
1RB0LC_1LC1RC_1LA0RD_1RC0LB	2	2	0	79
1RB0LC_1LC1RC_1LA0RD_1RC0RC	2	2	0	251
1RB0LC_1LC1RC_1LA0RD_1RC1LD	2	2	0	131
1RB0LC_1LC1RC_1LA0RD_1RC1RD	2	2	0	241
1RB0LC_1LC1RC_1LD1LA_0RA1RD	2	3	0	193
1RB0LC_1LC1RC_1RD0LB_1LA1RB	3	2	0	701
1RB0LC_1LC1RC_1RD0LC_0LB1LA	2	2	0	316
1RB0LC_1LC1RC_1RD0RB_1LA1LD	2	2	0	130
1RB0LC_1LC1RC_1RD1LA_---1RA	4	2	0	476
1RB0LC_1LC1RC_1RD1LA_1RA1RC	2	2	0	119
1RB0LC_1LC1RC_1RD1LA_1RC0RA	4	2	0	356
1RB0LC_1LC1RD_---1LA_0RC1RB	2	2	0	174
1RB0LC_1LC1RD_---1LA_1LB1RB	2	2	0	174
1RB0LC_1LC1RD_---1LA_1RB0LA	2	2	0	172
1RB0LC_1LC1RD_---1LA_1RB0LB	2	2	0	138
1RB0LC_1LC1RD_---1LA_1RB1LA	2	2	0	118
1RB0LC_1LC1RD_---1LA_1RB1RB	2	2	0	128
1RB0LC_1LC1RD_0LA1LA_1RD1RA	4	2	0	1196
1RB0LC_1LC1RD_0LB1LA_0RA1RB	2	2	0	282
1RB0LC_1LC1RD_0LB1LA_0RC1RC	2	2	0	213
1RB0LC_1LC1RD_0LB1LA_0RC1RD	2	2	0	203
1RB0LC_1LC1RD_0LB1LA_1RB0RB	2	2	0	126
1RB0LC_1LC1RD_0LC1LA_1RB1RC	2	2	0	128
1RB0LC_1LC1RD_0LD1LA_1RD1RA	4	2	0	275
1RB0LC_1LC1RD_0RA1LA_1RD1RA	4	2	0	1224
1RB0LC_1LC1RD_0RA1LB_0LC0RB	2	2	0	251
1RB0LC_1LC1RD_0RA1LB_1LC0RB	2	2	0	240
1RB0LC_1LC1RD_0RA1LD_1LC0RB	2	2	0	147
1RB0LC_1LC1RD_0RB1LA_0RC1RA	2	2	0	134
1RB0LC_1LC1RD_0RB1LC_1LA1RB	2	2	0	221
1RB0LC_1LC1RD_0RC1LA_0RC1RA	2	2	0	142
1RB0LC_1LC1RD_0RC1LA_1RD1RA	4	2	0	1252
1RB0LC_1LC1RD_0RD1LA_0RC1RA	2	2	0	142
1RB0LC_1LC1RD_0RD1LB_1RC0RA	2	2	0	149
1RB0LC_1LC1RD_0RD1LC_1LA1RB	2	2	0	248
1RB0LC_1LC1RD_1LA0LB_0RB0LC	2	2	0	164
1RB0LC_1LC1RD_1LA0LB_0RB1LC	2	2	0	115
1RB0LC_1LC1RD_1LA0LC_0RA---	3	2	0	401
1RB0LC_1LC1RD_1LA0LC_1RD1LA	2	2	0	88
1RB0LC_1LC1RD_1LA0LC_1RD1RC	2	2	0	118
1RB0LC_1LC1RD_1LA0RD_1RC0LB	2	2	0	113
1RB0LC_1LC1RD_1LA0RD_1RC0LC	2	2	0	98
1RB0LC_1LC1RD_1LA0RD_1RC0LD	2	2	0	103
1RB0LC_1LC1RD_1LA0RD_1RC0RC	2	2	0	98
1RB0LC_1LC1RD_1LA0RD_1RC0RD	2	2	0	103
1RB0LC_1LC1RD_1LA0RD_1RC1LA	2	2	0	109
1RB0LC_1LC1RD_1LA0RD_1RC1LC	2	2	0	176
1RB0LC_1LC1RD_1LA0RD_1RC1LD	2	2	0	104
1RB0LC_1LC1RD_1LA0RD_1RC1RC	2	2	0	99
1RB0LC_1LC1RD_1LA0RD_1RC1RD	2	2	0	108
1RB0LC_1LC1RD_1LA1LA_1RD1RA	4	2	0	275
1RB0LC_1LC1RD_1LA1LD_0RA---	3	2	0	533
1RB0LC_1LC1RD_1LA1LD_0RB1RC	2	2	0	153
1RB0LC_1LC1RD_1LB1LA_0RB1LA	2	2	0	189
1RB0LC_1LC1RD_1LB1LA_0RB1RB	4	2	0	708
1RB0LC_1LC1RD_1LC1LA_0RB1LA	4	2	0	735
1RB0LC_1LC1RD_1LC1LA_0RC1RC	2	2	0	174
1RB0LC_1LC1RD_1LC1LA_1RB1RC	2	2	0	128
1RB0LC_1LC1RD_1LD1LA_0RA1RB	2	2	0	152
1RB0LC_1LC1RD_1LD1LA_0RB0LC	2	2	0	144
1RB0LC_1LC1RD_1RB1LA_0RB1RB	4	2	0	602
1RB0LC_1LC1RD_1RB1LD_0RB1RA	2	2	0	190
1RB0LC_1LC1RD_1RC1LA_0RC1LC	2	2	0	149
1RB0LC_1LC1RD_1RC1LA_0RC1RA	2	2	0	115
1RB0LC_1LC1RD_1RC1LA_1RD1RA	4	2	0	299
1RB0LC_1LC1RD_1RD1LA_0RC1LC	2	2	0	238
1RB0LC_1LC1RD_1RD1LA_0RC1RA	2	2	0	170
1RB0LC_1RC---_0LD0RA_0RA1LA	3	2	0	233
1RB0LC_1RC---_0LD0RA_0RA1LD	3	2	0	303
1RB0LC_1RC---_0LD0RC_0RA1LA	3	2	0	299
1RB0LC_1RC---_0LD0RC_0RA1LD	3	2	0	369
1RB0LC_1RC---_1LD0RA_0LA0LA	3	2	0	90
1RB0LC_1RC---_1LD0RA_0RC0LA	3	2	0	124
1RB0LC_1RC---_1LD0RA_1RC0LA	3	2	0	155
1RB0LC_1RC0LA_0LD1RB_---1LB	2	2	0	203
1RB0LC_1RC0LA_0RD1RB_1LD0LB	2	2	0	293
1RB0LC_1RC0LA_0RD1RC_1LD1LB	3	2	0	350
1RB0LC_1RC0LA_1LA1RD_0RD0RB	2	2	0	128
1RB0LC_1RC0LA_1LB0RD_1RB---	3	2	0	155
1RB0LC_1RC0LA_1RD0RC_1LA1LB	2	2	0	332
1RB0LC_1RC0LA_1RD1RC_1LB1LD	2	2	0	130
1RB0LC_1RC0LB_0LD0LA_1RD1LB	2	2	0	84
1RB0LC_1RC0LC_0LD0LA_1RD1LB	2	2	0	90
1RB0LC_1RC0LC_0LD0LB_1RD1LA	2	2	0	90
1RB0LC_1RC0LC_1LA0LD_1RD0RB	4	2	0	307
1RB0LC_1RC0LC_1RD0RC_1LA0RD	2	2	0	318
1RB0LC_1RC0LD_1LA0RB_---0LA	2	2	0	66
1RB0LC_1RC0LD_1LA0RB_---0RA	2	2	0	119
1RB0LC_1RC0LD_1LA0RB_---1RA	2	2	0	113
1RB0LC_1RC0LD_1LA0RB_0RA0LD	2	2	0	202
1RB0LC_1RC0LD_1LA0RB_0RA1RB	2	2	0	184
1RB0LC_1RC0LD_1LA0RB_1LC1RB	2	2	0	102
1RB0LC_1RC0LD_1LA0RB_1RA0LD	2	3	0	315
1RB0LC_1RC0LD_1LA0RB_1RA1RB	2	3	0	257
1RB0LC_1RC0LD_1LA0RB_1RB0LD	2	2	0	66
1RB0LC_1RC0LD_1LA0RB_1RB0RD	2	2	0	119
1RB0LC_1RC0LD_1LA0RB_1RB1RD	2	2	0	113
1RB0LC_1RC0LD_1LA0RB_1RD1RB	4	2	0	556
1RB0LC_1RC0LD_1LA0RD_1RC0LA	2	2	0	66
1RB0LC_1RC0LD_1LA0RD_1RC0RA	2	2	0	119
1RB0LC_1RC0LD_1LA0RD_1RC1RA	2	2	0	113
1RB0LC_1RC0LD_1LA0RD_1RC1RB	2	2	0	176
1RB0LC_1RC0LD_1LA0RD_1RC1RD	2	2	0	176
1RB0LC_1RC0LD_1LD0RB_1LB0RA	2	2	0	132
1RB0LC_1RC0LD_1RD0RD_1LA0RC	2	2	0	330
1RB0LC_1RC0RA_1LA0LD_0LB0RA	4	2	0	974
1RB0LC_1RC0RA_1LA0LD_0LB1RD	4	2	0	1027
1RB0LC_1RC0RA_1LA0LD_0RA0LA	2	2	0	117
1RB0LC_1RC0RA_1LA0LD_0RA0RB	2	2	0	68
1RB0LC_1RC0RA_1LA0LD_0RA1LA	2	2	0	86
1RB0LC_1RC0RA_1LA0LD_0RA1LD	2	2	0	92
1RB0LC_1RC0RA_1LA0LD_0RB---	2	2	0	110
1RB0LC_1RC0RA_1LA0LD_0RD1LC	2	2	0	98
1RB0LC_1RC0RA_1LA0LD_1LA0LA	2	2	0	148
1RB0LC_1RC0RA_1LA0LD_1LA0LC	2	2	0	148
1RB0LC_1RC0RA_1LA0LD_1LA0LD	2	2	0	148
1RB0LC_1RC0RA_1LA0LD_1LA0RA	2	2	0	89
1RB0LC_1RC0RA_1LA0LD_1LA0RB	2	2	0	121
1RB0LC_1RC0RA_1LA0LD_1LA1LA	2	2	0	119
1RB0LC_1RC0RA_1LA0LD_1LA1LC	2	2	0	119
1RB0LC_1RC0RA_1LA0LD_1LA1LD	2	2	0	176
1RB0LC_1RC0RA_1LA0LD_1LA1RB	2	2	0	629
1RB0LC_1RC0RA_1LA0LD_1LA1RC	2	2	0	99
1RB0LC_1RC0RA_1LA0LD_1LA1RD	2	2	0	99
1RB0LC_1RC0RA_1LA0LD_1LC0RA	2	2	0	301
1RB0LC_1RC0RA_1LA0LD_1RD0RB	2	2	0	260
1RB0LC_1RC0RA_1LA0LD_1RD1LA	2	2	0	131
1RB0LC_1RC0RA_1LA0RD_0LB---	2	2	0	110
1RB0LC_1RC0RA_1LA0RD_0RD1LC	2	2	0	92
1RB0LC_1RC0RA_1LA0RD_1LB0LC	2	2	0	86
1RB0LC_1RC0RA_1LA0RD_1LB1LC	2	2	0	114
1RB0LC_1RC0RA_1LA0RD_1LB1RC	2	2	0	64
1RB0LC_1RC0RA_1LA0RD_1RD1LC	2	2	0	98
1RB0LC_1RC0RA_1LA1LD_0LA0LA	2	2	0	109
1RB0LC_1RC0RA_1LA1LD_0LA0RA	2	2	0	197
1RB0LC_1RC0RA_1LA1LD_0LA0RC	2	2	0	121
1RB0LC_1RC0RA_1LA1LD_0LA0RD	2	2	0	130
1RB0LC_1RC0RA_1LA1LD_0LA1LA	2	2	0	264
1RB0LC_1RC0RA_1LA1LD_0LB0LA	2	2	0	83
1RB0LC_1RC0RA_1LA1LD_0RA0LA	2	2	0	95
1RB0LC_1RC0RA_1LA1LD_0RA0LC	2	2	0	101
1RB0LC_1RC0RA_1LA1LD_0RA0RA	2	2	0	127
1RB0LC_1RC0RA_1LA1LD_0RA0RC	2	2	0	131
1RB0LC_1RC0RA_1LA1LD_0RA1LA	2	2	0	175
1RB0LC_1RC0RA_1LA1LD_0RA1LC	2	2	0	179
1RB0LC_1RC0RA_1LA1LD_0RA1LD	2	2	0	179
1RB0LC_1RC0RA_1LA1LD_0RA1RA	2	2	0	166
1RB0LC_1RC0RA_1LA1LD_0RA1RD	4	2	0	1155
1RB0LC_1RC0RA_1LA1LD_0RD0LC	2	2	0	101
1RB0LC_1RC0RA_1LA1LD_0RD0RC	2	2	0	92
1RB0LC_1RC0RA_1LA1LD_0RD1LC	2	2	0	370
1RB0LC_1RC0RA_1LA1LD_0RD1RC	2	2	0	110
1RB0LC_1RC0RA_1LA1LD_1LA0LA	2	2	0	89
1RB0LC_1RC0RA_1LA1LD_1LA0LC	2	2	0	211
1RB0LC_1RC0RA_1LA1LD_1LA0LD	2	2	0	89
1RB0LC_1RC0RA_1LA1LD_1LA0RA	2	2	0	215
1RB0LC_1RC0RA_1LA1LD_1LA0RC	2	2	0	261
1RB0LC_1RC0RA_1LA1LD_1LA0RD	2	2	0	211
1RB0LC_1RC0RA_1LA1LD_1LA1LA	2	2	0	253
1RB0LC_1RC0RA_1LA1LD_1LA1LC	2	2	0	358
1RB0LC_1RC0RA_1LA1LD_1LA1LD	2	2	0	358
1RB0LC_1RC0RA_1LA1LD_1LA1RA	2	3	0	324
1RB0LC_1RC0RA_1LA1LD_1LA1RD	2	2	0	723
1RB0LC_1RC0RA_1LA1LD_1LB0LA	2	2	0	84
1RB0LC_1RC0RA_1LA1LD_1RC0LA	2	2	0	111
1RB0LC_1RC0RA_1LA1LD_1RC0LD	2	2	0	231
1RB0LC_1RC0RA_1LA1LD_1RC0RA	2	2	0	131
1RB0LC_1RC0RA_1LA1LD_1RC1LA	2	2	0	257
1RB0LC_1RC0RA_1LA1RD_0LA---	2	2	0	166
1RB0LC_1RC0RA_1LA1RD_0LD0LC	2	2	0	166
1RB0LC_1RC0RA_1LA1RD_0LD1LB	2	2	0	143
1RB0LC_1RC0RA_1LA1RD_0LD1RC	2	2	0	110
1RB0LC_1RC0RA_1LA1RD_0RD0LC	2	2	0	80
1RB0LC_1RC0RA_1LA1RD_0RD1LC	2	2	0	110
1RB0LC_1RC0RA_1LA1RD_0RD1RC	2	2	0	60
1RB0LC_1RC0RA_1LA1RD_1LA---	2	2	0	106
1RB0LC_1RC0RA_1LA1RD_1LC0LA	2	2	0	184
1RB0LC_1RC0RA_1LA1RD_1LC1LA	2	2	0	110
1RB0LC_1RC0RA_1LA1RD_1LD0LC	2	2	0	106
1RB0LC_1RC0RA_1LA1RD_1LD1LC	2	2	0	163
1RB0LC_1RC0RA_1LA1RD_1RD1LB	2	2	0	86
1RB0LC_1RC0RA_1LC0LD_1LA0RD	4	2	0	292
1RB0LC_1RC0RA_1LD0RB_1LB0LC	2	2	0	296
1RB0LC_1RC0RB_1LA0RD_0RD1LA	4	2	0	279
1RB0LC_1RC0RB_1LA0RD_1RD0RB	4	2	0	231
1RB0LC_1RC0RB_1LC0LD_1LA0RD	4	2	0	621
1RB0LC_1RC0RB_1LD1RA_0LB1LC	3	2	0	819
1RB0LC_1RC0RB_1LD1RA_0RD1LC	2	2	0	154
1RB0LC_1RC0RB_1LD1RA_1LC0RD	2	2	0	165
1RB0LC_1RC0RB_1LD1RA_1LC1LC	2	2	0	106
1RB0LC_1RC0RB_1LD1RA_1LD1LC	2	2	0	106
1RB0LC_1RC0RB_1RD0LB_1LA1LD	2	2	0	288
1RB0LC_1RC0RB_1RD0LD_1LA1LD	2	2	0	223
1RB0LC_1RC0RB_1RD1LD_1LA1RB	2	3	0	848
1RB0LC_1RC0RC_1LA0LD_0RB1RD	2	2	0	95
1RB0LC_1RC0RC_1LA0LD_1LA0LC	2	2	0	269
1RB0LC_1RC0RC_1LA0LD_1LA0LD	2	2	0	269
1RB0LC_1RC0RC_1LA0LD_1RC0LC	2	2	0	174
1RB0LC_1RC0RC_1LA0LD_1RD1RB	3	2	0	693
1RB0LC_1RC0RC_1LA1LD_0LA0RD	3	2	0	1591
1RB0LC_1RC0RC_1LA1LD_0LC0LD	2	2	0	313
1RB0LC_1RC0RC_1LA1LD_0RA1RA	2	2	0	399
1RB0LC_1RC0RC_1LA1RD_0LA---	2	2	0	390
1RB0LC_1RC0RC_1LA1RD_0LD0LC	2	2	0	390
1RB0LC_1RC0RC_1LA1RD_1LC0LA	2	2	0	514
1RB0LC_1RC0RC_1LD0LC_1RB0LA	2	2	0	269
1RB0LC_1RC0RC_1LD0LD_1RB0LA	3	2	0	503
1RB0LC_1RC0RC_1LD0RB_1RA0LB	2	2	0	360
1RB0LC_1RC0RC_1LD1RB_1RB0LA	4	2	0	476
1RB0LC_1RC0RC_1RD0RD_1LA0RC	2	2	0	158
1RB0LC_1RC0RC_1RD1RC_1LA0LB	2	2	0	379
1RB0LC_1RC0RD_0LB1LB_1LD1LA	3	2	0	652
1RB0LC_1RC0RD_0LB1RD_1LD1LA	2	2	0	255
1RB0LC_1RC0RD_0LC1LB_1LD1LA	3	2	0	656
1RB0LC_1RC0RD_0LC1LD_1RA1LA	4	2	0	504
1RB0LC_1RC0RD_0LC1LD_1RC1LA	3	2	0	504
1RB0LC_1RC0RD_0LD0LA_1LA1LD	2	2	0	253
1RB0LC_1RC0RD_0LD0LC_1LA1LD	2	2	0	253
1RB0LC_1RC0RD_0LD0LC_1LA1RD	2	3	0	647
1RB0LC_1RC0RD_0LD1RD_1LA1LB	2	2	0	321
1RB0LC_1RC0RD_1LA0LC_1LA0LA	2	2	0	186
1RB0LC_1RC0RD_1LA0LC_1LA0LB	2	2	0	134
1RB0LC_1RC0RD_1LA0LC_1LA0LC	2	2	0	269
1RB0LC_1RC0RD_1LA0LC_1LA0LD	2	2	0	269
1RB0LC_1RC0RD_1LA0LC_1LA1LC	2	2	0	274
1RB0LC_1RC0RD_1LA0LC_1LA1LD	2	2	0	274
1RB0LC_1RC0RD_1LA0LC_1LA1RA	2	2	0	533
1RB0LC_1RC0RD_1LA0LC_1LA1RB	2	2	0	505
1RB0LC_1RC0RD_1LA0LC_1LA1RC	2	3	0	431
1RB0LC_1RC0RD_1LA0LC_1LA1RD	2	3	0	431
1RB0LC_1RC0RD_1LA0LC_1RB---	2	2	0	148
1RB0LC_1RC0RD_1LA0LD_1LA0LA	3	2	0	503
1RB0LC_1RC0RD_1LA0LD_1LA0LC	2	2	0	269
1RB0LC_1RC0RD_1LA0LD_1LA0LD	2	2	0	269
1RB0LC_1RC0RD_1LA0LD_1LA1RB	4	2	0	476
1RB0LC_1RC0RD_1LA0RB_0LA---	2	2	0	113
1RB0LC_1RC0RD_1LA0RB_0LD0LA	2	2	0	70
1RB0LC_1RC0RD_1LA0RB_0LD0RA	2	2	0	123
1RB0LC_1RC0RD_1LA0RB_0LD1RA	2	2	0	117
1RB0LC_1RC0RD_1LA0RB_0LD1RB	2	2	0	99
1RB0LC_1RC0RD_1LA0RB_0RD1RB	2	2	0	143
1RB0LC_1RC0RD_1LA0RB_1LA1LB	2	2	0	117
1RB0LC_1RC0RD_1LA0RB_1LA1RB	2	2	0	252
1RB0LC_1RC0RD_1LA0RB_1LB---	2	2	0	225
1RB0LC_1RC0RD_1LA0RB_1LD0LA	3	2	0	691
1RB0LC_1RC0RD_1LA0RB_1LD1LA	2	3	0	167
1RB0LC_1RC0RD_1LA0RB_1LD1LB	2	2	0	137
1RB0LC_1RC0RD_1LA0RB_1RD1RB	2	2	0	119
1RB0LC_1RC0RD_1LA1LA_1LA1RA	4	2	0	504
1RB0LC_1RC0RD_1LA1LA_1RA---	4	2	0	604
1RB0LC_1RC0RD_1LB0LD_1LA0LD	2	2	0	261
1RB0LC_1RC0RD_1LB1LA_0RB1LB	2	2	0	156
1RB0LC_1RC0RD_1LB1LA_1RA1LB	4	2	0	800
1RB0LC_1RC0RD_1LC0LD_1LA0LD	2	2	0	269
1RB0LC_1RC0RD_1LC1LD_1RC1LA	3	2	0	568
1RB0LC_1RC0RD_1LC1RD_1LD1LA	2	2	0	257
1RB0LC_1RC0RD_1LD---_1RB1LA	3	2	0	199
1RB0LC_1RC0RD_1LD0LD_1LA0LD	2	2	0	269
1RB0LC_1RC0RD_1LD1LC_1LA1RD	2	2	0	668
1RB0LC_1RC0RD_1LD1LD_1LA1RA	3	2	0	187
1RB0LC_1RC0RD_1LD1RA_1LC0RB	2	2	0	165
1RB0LC_1RC0RD_1LD1RB_1LA0LD	2	2	0	202
1RB0LC_1RC0RD_1RD0LB_1LA0RB	2	2	0	317
1RB0LC_1RC0RD_1RD0LD_1LA0LD	2	2	0	257
1RB0LC_1RC0RD_1RD0RC_1LA1LB	2	2	0	314
1RB0LC_1RC0RD_1RD0RD_1LA0RC	2	2	0	139
1RB0LC_1RC0RD_1RD1LB_1LA0RC	2	2	0	533
1RB0LC_1RC0RD_1RD1LD_1LA0LB	2	2	0	591
1RB0LC_1RC1LA_0LD0LC_1RD0LB	2	2	0	185
1RB0LC_1RC1LA_0LD0LC_1RD1LB	2	2	0	200
1RB0LC_1RC1LA_1LB0RD_1LD1LB	2	2	0	236
1RB0LC_1RC1LA_1LD0RB_0RA0LD	2	2	0	132
1RB0LC_1RC1LA_1LD0RD_1RD0RB	4	2	0	455
1RB0LC_1RC1LA_1RD0RD_1LD1LB	4	2	0	919
1RB0LC_1RC1LB_0LB1RD_0RB1RA	3	2	0	396
1RB0LC_1RC1LB_1LA0RD_1RC0RB	2	2	0	107
1RB0LC_1RC1LB_1LA0RD_1RC1LB	2	2	0	107
1RB0LC_1RC1LB_1LA0RD_1RC1LD	2	2	0	107
1RB0LC_1RC1LB_1LA0RD_1RC1RB	2	2	0	992
1RB0LC_1RC1LB_1LA0RD_1RC1RD	2	2	0	218
1RB0LC_1RC1LB_1LA0RD_1RD0RB	4	2	0	251
1RB0LC_1RC1LB_1LA1RD_0LB0RB	2	2	0	313
1RB0LC_1RC1LB_1LA1RD_1RB0RB	2	2	0	164
1RB0LC_1RC1LB_1RD0RC_1LA1LB	2	2	0	147
1RB0LC_1RC1LC_0LB0RD_0LA1LD	2	2	0	345
1RB0LC_1RC1LC_1LA0RD_1RC1RB	2	2	0	119
1RB0LC_1RC1LC_1LA0RD_1RC1RD	2	2	0	119
1RB0LC_1RC1LC_1LD0RB_0RA0LD	2	2	0	184
1RB0LC_1RC1LC_1RD0RC_1LA0RD	2	2	0	318
1RB0LC_1RC1LC_1RD1LA_0LB0RD	2	2	0	559
1RB0LC_1RC1LD_0LB1RB_---0LA	2	2	0	203
1RB0LC_1RC1LD_0LD1RC_0RA1LB	2	2	0	164
1RB0LC_1RC1LD_1LA0RB_---0LA	2	2	0	103
1RB0LC_1RC1LD_1LA0RB_0LA0RB	2	2	0	107
1RB0LC_1RC1LD_1LA0RB_0LA0RD	2	2	0	123
1RB0LC_1RC1LD_1LA0RB_0LD1LB	2	2	0	59
1RB0LC_1RC1LD_1LA0RB_0RC1LB	2	2	0	132
1RB0LC_1RC1LD_1LA0RB_0RD1LB	2	2	0	111
1RB0LC_1RC1LD_1LA0RB_1RA0LD	2	2	0	106
1RB0LC_1RC1LD_1LA0RB_1RB0LD	2	2	0	103
1RB0LC_1RC1LD_1LA0RB_1RC1LB	2	2	0	107
1RB0LC_1RC1LD_1LA0RB_1RC1LD	2	2	0	107
1RB0LC_1RC1LD_1LA0RB_1RC1RD	2	2	0	113
1RB0LC_1RC1LD_1LA0RD_1RC0LA	2	2	0	103
1RB0LC_1RC1LD_1LA0RD_1RC1LB	2	2	0	107
1RB0LC_1RC1LD_1LA0RD_1RC1LD	2	2	0	107
1RB0LC_1RC1LD_1LA0RD_1RC1RD	2	2	0	113
1RB0LC_1RC1LD_1LA0RD_1RD0RB	4	2	0	251
1RB0LC_1RC1LD_1LA1RD_1LB0RC	2	2	0	204
1RB0LC_1RC1LD_1LD0RB_0RC1LA	2	2	0	243
1RB0LC_1RC1LD_1LD1RD_1RA1LB	2	2	0	198
1RB0LC_1RC1RA_0LA1LD_1RB1LB	2	2	0	186
1RB0LC_1RC1RA_0LC0RD_1LD1LB	2	2	0	301
1RB0LC_1RC1RA_0LD1LA_---0LC	2	2	0	136
1RB0LC_1RC1RA_0LD1LA_---1LB	2	2	0	148
1RB0LC_1RC1RA_0LD1LA_0LA1RD	2	2	0	148
1RB0LC_1RC1RA_0LD1LA_0LC0RC	2	2	0	148
1RB0LC_1RC1RA_0LD1LA_0RA1LC	2	2	0	254
1RB0LC_1RC1RA_0LD1LA_1LA0LA	2	2	0	101
1RB0LC_1RC1RA_0LD1LA_1LA0RC	2	2	0	78
1RB0LC_1RC1RA_0LD1LA_1LA1LA	2	2	0	74
1RB0LC_1RC1RA_0LD1LA_1LA1LC	2	2	0	250
1RB0LC_1RC1RA_0LD1LA_1LA1RD	2	2	0	106
1RB0LC_1RC1RA_0LD1LA_1LB0RC	2	2	0	160
1RB0LC_1RC1RA_0LD1LA_1LB0RD	2	2	0	114
1RB0LC_1RC1RA_0LD1LA_1RC1LA	2	2	0	78
1RB0LC_1RC1RA_0LD1LD_1RB1LB	2	2	0	198
1RB0LC_1RC1RA_0RD1LA_0LD0LC	2	2	0	143
1RB0LC_1RC1RA_0RD1LA_0LD1LB	2	2	0	153
1RB0LC_1RC1RA_0RD1LA_1LD0LB	2	2	0	134
1RB0LC_1RC1RA_0RD1LA_1LD0RC	2	2	0	134
1RB0LC_1RC1RA_0RD1LA_1LD1RB	2	2	0	126
1RB0LC_1RC1RA_1LA1LD_0LC1LB	2	2	0	129
1RB0LC_1RC1RA_1LA1LD_1RB1LB	2	2	0	128
1RB0LC_1RC1RA_1LB0RD_1LD1LB	2	2	0	303
1RB0LC_1RC1RA_1LC1RD_0LD1LA	2	2	0	144
1RB0LC_1RC1RA_1LD0RA_1RC1LC	2	2	0	306
1RB0LC_1RC1RA_1LD1LA_---0LC	2	2	0	98
1RB0LC_1RC1RA_1LD1LA_---1LB	2	2	0	106
1RB0LC_1RC1RA_1LD1LA_---1RC	2	2	0	106
1RB0LC_1RC1RA_1LD1LA_0LA0LA	2	2	0	203
1RB0LC_1RC1RA_1LD1LA_0LA1LA	2	2	0	117
1RB0LC_1RC1RA_1LD1LA_0LA1LC	2	2	0	201
1RB0LC_1RC1RA_1LD1LA_0LC0RD	2	2	0	118
1RB0LC_1RC1RA_1LD1LA_0LC1RD	2	2	0	118
1RB0LC_1RC1RA_1LD1LA_0RB0LA	2	2	0	228
1RB0LC_1RC1RA_1LD1LA_0RB1LA	2	2	0	136
1RB0LC_1RC1RA_1LD1LA_0RB1LC	2	2	0	221
1RB0LC_1RC1RA_1LD1LA_0RC0LA	2	2	0	214
1RB0LC_1RC1RA_1LD1LA_0RC1LA	2	2	0	110
1RB0LC_1RC1RA_1LD1LA_0RC1LC	2	2	0	214
1RB0LC_1RC1RA_1LD1LA_0RD1LA	2	2	0	110
1RB0LC_1RC1RA_1LD1LA_1LB1RD	2	2	0	126
1RB0LC_1RC1RA_1LD1LA_1RA0LA	2	2	0	289
1RB0LC_1RC1RA_1LD1LA_1RA1LA	2	2	0	137
1RB0LC_1RC1RA_1LD1LA_1RA1LC	2	2	0	219
1RB0LC_1RC1RA_1LD1LA_1RA1RA	2	2	0	82
1RB0LC_1RC1RA_1LD1LA_1RB0LA	2	2	0	206
1RB0LC_1RC1RA_1LD1LA_1RB1LA	2	2	0	102
1RB0LC_1RC1RA_1LD1LA_1RB1LC	2	2	0	208
1RB0LC_1RC1RA_1LD1LD_1RB1LB	2	2	0	136
1RB0LC_1RC1RA_1RD1LA_0LD0LA	2	2	0	143
1RB0LC_1RC1RA_1RD1LA_1LD0LA	2	2	0	104
1RB0LC_1RC1RB_0LC0RD_1LD1LA	3	2	0	319
1RB0LC_1RC1RB_1LA0RD_1RC---	2	2	0	109
1RB0LC_1RC1RB_1LA1LD_0RB1LC	2	2	0	193
1RB0LC_1RC1RB_1LA1LD_0RB1LD	2	2	0	193
1RB0LC_1RC1RB_1LA1LD_1RB1LC	2	2	0	150
1RB0LC_1RC1RB_1LA1LD_1RB1LD	2	2	0	278
1RB0LC_1RC1RB_1LC0LD_1LA0RB	2	3	0	405
1RB0LC_1RC1RB_1LD1LC_0RB1LA	2	2	0	153
1RB0LC_1RC1RB_1LD1LC_1RB0LA	2	2	0	184
1RB0LC_1RC1RB_1LD1LC_1RB1LA	2	2	0	111
1RB0LC_1RC1RB_1RD1LC_1LA0RB	2	2	0	677
1RB0LC_1RC1RB_1RD1LC_1LA1LB	2	2	0	428
1RB0LC_1RC1RB_1RD1LC_1LA1RB	2	2	0	404
1RB0LC_1RC1RC_1LA0RD_1RC0RC	2	2	0	176
1RB0LC_1RC1RC_1LA0RD_1RC1LB	2	2	0	127
1RB0LC_1RC1RC_1LA0RD_1RC1LD	2	2	0	127
1RB0LC_1RC1RC_1LA0RD_1RC1RB	2	2	0	168
1RB0LC_1RC1RC_1LA0RD_1RC1RD	2	2	0	168
1RB0LC_1RC1RC_1RD0RC_1LA1LB	2	2	0	298
1RB0LC_1RC1RD_0LA1LD_1RB0LC	2	2	0	136
1RB0LC_1RC1RD_0LC0LD_1RA1LA	3	2	0	239
1RB0LC_1RC1RD_0RD1LC_1LA1RB	2	2	0	151
1RB0LC_1RC1RD_1LA0LC_0RA---	3	2	0	180
1RB0LC_1RC1RD_1LA0LC_1LD1RB	2	2	0	112
1RB0LC_1RC1RD_1LA0LC_1RD0RA	2	2	0	144
1RB0LC_1RC1RD_1LA0LC_1RD0RB	2	2	0	266
1RB0LC_1RC1RD_1LA0LC_1RD1LA	2	2	0	76
1RB0LC_1RC1RD_1LA0LC_1RD1LC	2	2	0	76
1RB0LC_1RC1RD_1LA0LC_1RD1RA	2	2	0	114
1RB0LC_1RC1RD_1LA0LC_1RD1RB	2	2	0	68
1RB0LC_1RC1RD_1LA0LC_1RD1RC	2	2	0	106
1RB0LC_1RC1RD_1LA0RB_0LD1RB	2	2	0	113
1RB0LC_1RC1RD_1LA0RB_0RB---	2	2	0	177
1RB0LC_1RC1RD_1LA0RB_0RD1LB	2	2	0	113
1RB0LC_1RC1RD_1LA0RB_0RD1RB	2	2	0	244
1RB0LC_1RC1RD_1LA0RB_1LB0RB	2	2	0	225
1RB0LC_1RC1RD_1LA0RB_1LB0RD	2	3	0	547
1RB0LC_1RC1RD_1LA0RB_1LB1RC	2	2	0	113
1RB0LC_1RC1RD_1LA0RB_1LC1RB	2	2	0	123
1RB0LC_1RC1RD_1LA0RB_1LD1RB	2	3	0	237
1RB0LC_1RC1RD_1LA0RB_1LD1RC	2	2	0	225
1RB0LC_1RC1RD_1LA0RB_1RC---	2	2	0	109
1RB0LC_1RC1RD_1LA0RB_1RD0RB	2	2	0	109
1RB0LC_1RC1RD_1LA0RB_1RD1RB	2	3	0	233
1RB0LC_1RC1RD_1LA0RD_1RC---	2	2	0	109
1RB0LC_1RC1RD_1LA1LA_0RD1RA	4	2	0	404
1RB0LC_1RC1RD_1LA1LA_1RD1RA	4	2	0	404
1RB0LC_1RC1RD_1LA1LC_---1RB	2	2	0	129
1RB0LC_1RC1RD_1LA1LD_0RA---	3	2	0	234
1RB0LC_1RC1RD_1LB1LA_0RB1LA	2	2	0	148
1RB0LC_1RC1RD_1LB1LA_0RC0RD	2	2	0	124
1RB0LC_1RC1RD_1LB1LA_1RB0LA	2	2	0	148
1RB0LC_1RC1RD_1LB1LA_1RB1LA	2	2	0	106
1RB0LC_1RC1RD_1LD0RA_0LA0LB	3	2	0	114
1RB0LD_0LB0LC_1RD1LB_1RA1RC	2	2	0	174
1RB0LD_0LB0LC_1RD1RC_1LA0RC	2	2	0	177
1RB0LD_0LB0RC_1RD0RD_1LA1LB	2	2	0	334
1RB0LD_0LB0RC_1RD1LA_0LD1LC	3	2	0	508
1RB0LD_0LB0RC_1RD1LA_1LD1LC	3	2	0	572
1RB0LD_0LB1LC_0LD1LA_1RD0RA	2	2	0	288
1RB0LD_0LB1LC_0LD1LC_1RD0RA	2	2	0	332
1RB0LD_0LB1LC_1RA1LB_---1RC	2	2	0	232
1RB0LD_0LB1LC_1RA1LB_1RA1RD	2	2	0	232
1RB0LD_0LB1LC_1RC1LA_1RD0RA	2	2	0	298
1RB0LD_0LB1LC_1RD1LC_1LA0RC	2	2	0	105
1RB0LD_0LB1LC_1RD1RC_1LA0RC	2	2	0	111
1RB0LD_0LB1RC_1LA0RA_1RA1LB	3	2	0	613
1RB0LD_0LB1RC_1LA0RA_1RD1RB	2	2	0	327
1RB0LD_0LB1RC_1RD---_1LA0RC	2	2	0	111
1RB0LD_0LC0LA_0RD1LD_1RC1LA	2	2	0	102
1RB0LD_0LC0LA_1LA1LB_1RD0RA	4	2	0	755
1RB0LD_0LC0LA_1LB1RD_1RC0LC	2	2	0	93
1RB0LD_0LC0LA_1RC1LB_0LB0LB	3	2	0	134
1RB0LD_0LC0LA_1RC1LB_0LB0LD	2	2	0	116
1RB0LD_0LC0LA_1RC1LB_0LC0LA	2	2	0	80
1RB0LD_0LC0LA_1RC1LB_0LC0LD	2	2	0	80
1RB0LD_0LC0LA_1RC1LB_0RB0LB	3	2	0	245
1RB0LD_0LC0LA_1RC1LB_0RB0LD	2	2	0	168
1RB0LD_0LC0LA_1RC1LB_1RC0LB	3	2	0	235
1RB0LD_0LC0LA_1RC1LB_1RC0LD	2	2	0	152
1RB0LD_0LC0LA_1RC1LD_0LB0LB	3	2	0	119
1RB0LD_0LC0LA_1RC1LD_1RC0LB	3	2	0	225
1RB0LD_0LC0LA_1RC1RD_1LD0LB	3	2	0	277
1RB0LD_0LC0LA_1RD1LB_1RD0RA	4	2	0	787
1RB0LD_0LC0LB_1RC1LD_1LA0LA	2	2	0	72
1RB0LD_0LC0LB_1RC1LD_1LA0RC	2	2	0	236
1RB0LD_0LC0LB_1RC1LD_1LA1RD	2	2	0	183
1RB0LD_0LC0LB_1RC1LD_1LB0RA	2	2	0	205
1RB0LD_0LC0LB_1RC1RD_1LA0LB	2	2	0	112
1RB0LD_0LC0LB_1RC1RD_1LA0LD	2	2	0	115
1RB0LD_0LC0LB_1RC1RD_1LA0RD	2	2	0	124
1RB0LD_0LC0LB_1RC1RD_1LA1LB	2	3	0	401
1RB0LD_0LC0LB_1RC1RD_1LA1RD	2	2	0	183
1RB0LD_0LC0LC_1RD1RC_1LA0RC	2	2	0	178
1RB0LD_0LC0LD_1RC1RD_1LA0LB	2	2	0	116
1RB0LD_0LC0RA_---1LD_1LA---	2	2	0	122
1RB0LD_0LC0RA_0LD0LC_1LA1LD	2	2	0	149
1RB0LD_0LC0RA_0LD1LC_1LA1LD	2	2	0	149
1RB0LD_0LC0RA_0LD1LC_1LA1RD	2	2	0	116
1RB0LD_0LC0RA_0LD1RC_1LA1LD	2	2	0	128
1RB0LD_0LC0RA_0RD1LC_1LA1LD	2	2	0	128
1RB0LD_0LC0RA_1LA1LC_1LA---	2	2	0	122
1RB0LD_0LC0RA_1LA1LC_1LD0LC	4	2	0	314
1RB0LD_0LC0RA_1LA1LC_1RA---	2	2	0	122
1RB0LD_0LC0RA_1LA1LD_1RA1RC	2	2	0	264
1RB0LD_0LC0RA_1LA1RC_1RD1LC	2	2	0	277
1RB0LD_0LC0RA_1LA1RD_1LD0LC	4	2	0	248
1RB0LD_0LC0RA_1LD0LC_1LA0RC	2	2	0	145
1RB0LD_0LC0RA_1LD0LC_1LA1LD	2	2	0	128
1RB0LD_0LC0RA_1LD0LC_1LA1RD	2	2	0	130
1RB0LD_0LC0RA_1LD0RB_1LA---	2	2	0	128
1RB0LD_0LC0RA_1LD0RC_1LA0LA	2	2	0	195
1RB0LD_0LC0RA_1LD0RC_1LA0RB	2	2	0	187
1RB0LD_0LC0RA_1LD0RC_1LA1LD	2	2	0	179
1RB0LD_0LC0RA_1LD0RC_1LA1RD	2	2	0	134
1RB0LD_0LC0RA_1LD1LC_1LA0LD	2	2	0	99
1RB0LD_0LC0RA_1LD1LC_1LA0RC	2	3	0	247
1RB0LD_0LC0RA_1LD1LC_1LA1LD	2	3	0	243
1RB0LD_0LC0RA_1LD1LC_1LA1RD	2	2	0	105
1RB0LD_0LC0RA_1LD1RC_1LA1LD	2	2	0	112
1RB0LD_0LC0RA_1LD1RC_1LA1RD	2	2	0	118
1RB0LD_0LC0RA_1RA1LB_0RA---	2	2	0	157
1RB0LD_0LC0RA_1RA1LB_0RD1LA	2	2	0	181
1RB0LD_0LC0RA_1RA1LB_1LA---	2	2	0	143
1RB0LD_0LC0RA_1RA1LB_1RD1LA	2	2	0	133
1RB0LD_0LC0RA_1RA1LC_1LA1LD	2	2	0	134
1RB0LD_0LC0RA_1RA1LC_1LA1RD	2	2	0	128
1RB0LD_0LC0RA_1RA1LC_1RD1RA	2	2	0	216
1RB0LD_0LC0RA_1RA1LD_0RD1LB	3	2	0	436
1RB0LD_0LC0RA_1RC0RD_1LB1RB	2	2	0	271
1RB0LD_0LC0RA_1RD0LC_1LA0RB	2	2	0	126
1RB0LD_0LC0RA_1RD0LC_1LA1LB	2	2	0	201
1RB0LD_0LC0RA_1RD0LC_1LA1LC	2	2	0	227
1RB0LD_0LC0RA_1RD0LC_1LA1LD	2	2	0	159
1RB0LD_0LC0RA_1RD0LC_1LA1RD	2	2	0	122
1RB0LD_0LC0RA_1RD1LB_1LA---	2	2	0	63
1RB0LD_0LC0RA_1RD1LC_0RC1RA	2	3	0	216
1RB0LD_0LC0RA_1RD1LC_1LA0RB	2	2	0	123
1RB0LD_0LC0RA_1RD1LC_1LA1LD	2	3	0	249
1RB0LD_0LC0RA_1RD1LC_1LA1RA	2	3	0	821
1RB0LD_0LC0RA_1RD1LC_1LA1RD	2	2	0	113
1RB0LD_0LC0RA_1RD1LC_1RC1RA	4	2	0	736
1RB0LD_0LC0RA_1RD1LC_1RC1RB	3	2	0	692
1RB0LD_0LC0RA_1RD1LC_1RD1RA	4	2	0	736
1RB0LD_0LC0RA_1RD1LC_1RD1RB	3	2	0	692
1RB0LD_0LC0RA_1RD1RC_1LA0LD	2	2	0	160
1RB0LD_0LC0RA_1RD1RC_1LA0RB	2	2	0	116
1RB0LD_0LC0RA_1RD1RC_1LA1LB	2	2	0	139
1RB0LD_0LC0RA_1RD1RC_1LA1LD	2	2	0	368
1RB0LD_0LC0RA_1RD1RC_1LA1RD	2	2	0	112
1RB0LD_0LC0RB_1LA1LC_1RC0RD	2	2	0	379
1RB0LD_0LC0RB_1LA1LC_1RC1RD	2	2	0	211
1RB0LD_0LC0RB_1LC1LD_1RA0LD	2	2	0	188
1RB0LD_0LC0RB_1LC1RD_1LA1LD	2	2	0	109
1RB0LD_0LC0RB_1RA1LA_---1LA	2	2	0	174
1RB0LD_0LC0RB_1RA1LA_---1RB	2	2	0	220
1RB0LD_0LC0RB_1RA1RD_0LD1LA	2	2	0	186
1RB0LD_0LC0RB_1RA1RD_1LD1LA	3	2	0	303
1RB0LD_0LC0RB_1RC1RD_1LA0LD	2	2	0	130
1RB0LD_0LC0RB_1RD1LC_1LA0RC	2	2	0	129
1RB0LD_0LC0RB_1RD1RC_1LA0RC	2	2	0	178
1RB0LD_0LC0RC_0RD1RC_1LD1LA	3	2	0	332
1RB0LD_0LC0RC_1LA1LC_0LB0LD	2	2	0	290
1RB0LD_0LC0RC_1LA1LC_0LC0LA	2	2	0	246
1RB0LD_0LC0RC_1LA1LC_0LC0LD	2	2	0	246
1RB0LD_0LC0RC_1LA1LC_0RB0LD	2	2	0	311
1RB0LD_0LC0RC_1LA1LC_1LA0LD	2	2	0	293
1RB0LD_0LC0RC_1LA1LD_0LC0RA	2	2	0	173
1RB0LD_0LC0RC_1LA1LD_1LA0LD	2	2	0	293
1RB0LD_0LC0RC_1LA1RC_0LC0LA	2	3	0	769
1RB0LD_0LC0RC_1LA1RC_0LC0LD	2	3	0	769
1RB0LD_0LC0RC_1LA1RC_0LC1LB	4	2	0	237
1RB0LD_0LC0RC_1LA1RC_0RB0LD	2	3	0	483
1RB0LD_0LC0RC_1LA1RC_1LA0LD	2	3	0	443
1RB0LD_0LC0RC_1LA1RC_1LC1LD	2	2	0	694
1RB0LD_0LC0RC_1LA1RD_0RB0LA	4	2	0	813
1RB0LD_0LC0RC_1LA1RD_0RB1LB	4	2	0	751
1RB0LD_0LC0RC_1LA1RD_0RB1RB	4	2	0	862
1RB0LD_0LC0RC_1LA1RD_0RB1RD	4	2	0	850
1RB0LD_0LC0RC_1LA1RD_1LA0LD	2	3	0	443
1RB0LD_0LC0RC_1LC1LA_---1RC	2	2	0	244
1RB0LD_0LC0RC_1LC1LA_1LC1RD	2	2	0	244
1RB0LD_0LC0RC_1LD1LA_1LC1RD	2	2	0	244
1RB0LD_0LC0RC_1RA1LA_0LC---	3	2	0	219
1RB0LD_0LC0RC_1RA1LA_0LD1LA	3	2	0	219
1RB0LD_0LC0RC_1RA1LA_0LD1RB	3	2	0	281
1RB0LD_0LC0RC_1RA1RD_0LD1LA	3	2	0	233
1RB0LD_0LC0RC_1RC1LD_1LA1RB	2	2	0	106
1RB0LD_0LC0RC_1RD1LC_1LA1RB	2	2	0	293
1RB0LD_0LC0RD_---1RD_1LA0LA	2	2	0	166
1RB0LD_0LC0RD_---1RD_1LA1RB	3	2	0	450
1RB0LD_0LC0RD_0LA1LD_1LA1RC	2	2	0	408
1RB0LD_0LC0RD_0LA1RD_1LA0RB	2	2	0	195
1RB0LD_0LC0RD_0LA1RD_1LA1RC	2	2	0	402
1RB0LD_0LC0RD_0LD1LB_1LA0RB	2	2	0	388
1RB0LD_0LC0RD_0LD1LC_1LA0RB	2	2	0	444
1RB0LD_0LC0RD_0LD1LD_1LA0RB	2	2	0	408
1RB0LD_0LC0RD_0LD1RD_1LA0RB	2	2	0	402
1RB0LD_0LC0RD_0RA1LA_1LC1RA	3	2	0	526
1RB0LD_0LC0RD_1LA0LB_1RC0RB	2	2	0	347
1RB0LD_0LC0RD_1LA0LB_1RC1LA	2	2	0	337
1RB0LD_0LC0RD_1LA0LB_1RC1RD	2	2	0	377
1RB0LD_0LC0RD_1LA0RB_1RC0RD	2	2	0	304
1RB0LD_0LC0RD_1LA1LC_1RC0RD	2	2	0	238
1RB0LD_0LC0RD_1LA1RC_1LA0LA	2	2	0	166
1RB0LD_0LC0RD_1LA1RC_1LA1RB	3	2	0	450
1RB0LD_0LC0RD_1LC1LA_0RB1LA	4	2	0	845
1RB0LD_0LC0RD_1LC1LA_0RB1RA	3	2	0	731
1RB0LD_0LC0RD_1LC1LA_0RC1RA	3	2	0	381
1RB0LD_0LC0RD_1LC1LA_0RC1RD	4	2	0	180
1RB0LD_0LC0RD_1LC1LA_1LC1RA	3	2	0	538
1RB0LD_0LC0RD_1RD0RB_1LA0LA	2	2	0	176
1RB0LD_0LC0RD_1RD0RB_1LA1RB	3	2	0	530
1RB0LD_0LC1LA_1LB1RC_1RD0RC	3	2	0	555
1RB0LD_0LC1LA_1LB1RC_1RD1LC	2	2	0	200
1RB0LD_0LC1LA_1RC1LA_0LB0LD	2	2	0	119
1RB0LD_0LC1LA_1RC1LA_0RB0LD	2	2	0	172
1RB0LD_0LC1LA_1RC1LB_0LB0LA	2	2	0	154
1RB0LD_0LC1LA_1RC1LB_0LB0LD	2	2	0	154
1RB0LD_0LC1LA_1RC1LB_0LC0LD	2	2	0	181
1RB0LD_0LC1LA_1RC1RD_0LB0LD	2	2	0	129
1RB0LD_0LC1LA_1RD1LA_0RB0LD	2	2	0	296
1RB0LD_0LC1LA_1RD1LB_0RB0LD	2	2	0	292
1RB0LD_0LC1LA_1RD1LD_0RB0LD	2	2	0	298
1RB0LD_0LC1LB_0LD1LB_1RD0RA	2	2	0	256
1RB0LD_0LC1LB_0RC1RD_1LA0RB	3	2	0	715
1RB0LD_0LC1LB_1RC1LA_0LB0LD	2	2	0	133
1RB0LD_0LC1LB_1RC1LA_0RB0LD	2	2	0	194
1RB0LD_0LC1LC_0LD1LB_1RD0RA	2	2	0	256
1RB0LD_0LC1LC_0LD1LC_1RD0RA	2	2	0	332
1RB0LD_0LC1LC_1RD1LB_0RB0RA	2	3	0	522
1RB0LD_0LC1LC_1RD1LB_1RD0RA	2	3	0	328
1RB0LD_0LC1LC_1RD1LC_1LA0RC	2	2	0	105
1RB0LD_0LC1LC_1RD1RC_1LA0RC	2	2	0	115
1RB0LD_0LC1LD_1RC1LA_0LB0LD	2	2	0	119
1RB0LD_0LC1LD_1RC1LA_0RB0LD	2	2	0	172
1RB0LD_0LC1LD_1RC1LB_0LB0RA	2	2	0	112
1RB0LD_0LC1LD_1RD1RC_1LA0RC	2	2	0	121
1RB0LD_0LC1RA_---1LA_---1LA	2	2	0	120
1RB0LD_0LC1RA_---1LA_---1RB	2	2	0	166
1RB0LD_0LC1RA_---1LA_0LC1RD	2	2	0	166
1RB0LD_0LC1RA_---1LD_1LA1LA	2	2	0	122
1RB0LD_0LC1RA_---1LD_1RA1LA	2	2	0	162
1RB0LD_0LC1RA_---1LD_1RB1LA	2	2	0	157
1RB0LD_0LC1RA_---1LD_1RD1LA	2	2	0	149
1RB0LD_0LC1RA_---1RD_0LD1LA	2	2	0	132
1RB0LD_0LC1RA_---1RD_1LA0LC	2	2	0	82
1RB0LD_0LC1RA_---1RD_1LB1LA	2	2	0	144
1RB0LD_0LC1RA_0LA1LA_---0RC	2	2	0	212
1RB0LD_0LC1RA_0LA1RD_1RC1LA	2	2	0	148
1RB0LD_0LC1RA_0LB1LD_1RC1LA	2	2	0	170
1RB0LD_0LC1RA_0LB1RD_1LA0RC	2	2	0	100
1RB0LD_0LC1RA_0LC1LA_---1RC	2	2	0	166
1RB0LD_0LC1RA_0LC1RD_1LA0RB	2	2	0	100
1RB0LD_0LC1RA_0LC1RD_1LA0RC	2	2	0	100
1RB0LD_0LC1RA_0LD1LD_1RC1LA	2	2	0	134
1RB0LD_0LC1RA_0LD1RC_---1LA	2	2	0	132
1RB0LD_0LC1RA_0LD1RD_0RB1LA	2	2	0	148
1RB0LD_0LC1RA_0RA1LA_1LC1RC	2	2	0	968
1RB0LD_0LC1RA_0RA1LD_0LC1LA	2	2	0	177
1RB0LD_0LC1RA_0RA1LD_1LB1LA	2	2	0	133
1RB0LD_0LC1RA_0RA1LD_1RC1LA	2	2	0	1171
1RB0LD_0LC1RA_0RB1LA_0LC1RC	3	2	0	429
1RB0LD_0LC1RA_0RB1LC_0RC1LA	2	2	0	1417
1RB0LD_0LC1RA_0RB1LD_1LC1LA	2	2	0	172
1RB0LD_0LC1RA_0RB1LD_1RC1LA	2	2	0	419
1RB0LD_0LC1RA_0RD1LC_0RB1LA	2	2	0	1420
1RB0LD_0LC1RA_0RD1LC_0RC1LA	2	2	0	509
1RB0LD_0LC1RA_0RD1LD_1LC1LA	2	2	0	134
1RB0LD_0LC1RA_0RD1LD_1RC1LA	2	2	0	170
1RB0LD_0LC1RA_0RD1RC_0LD1LA	2	2	0	148
1RB0LD_0LC1RA_1LA0RB_---0RB	2	2	0	178
1RB0LD_0LC1RA_1LA0RB_---1LA	2	2	0	132
1RB0LD_0LC1RA_1LA0RB_---1RB	2	2	0	224
1RB0LD_0LC1RA_1LA1LA_---0RB	2	2	0	166
1RB0LD_0LC1RA_1LA1LD_0RB1LA	2	2	0	145
1RB0LD_0LC1RA_1LA1LD_1LB1LA	2	2	0	108
1RB0LD_0LC1RA_1LA1RD_0LD0RB	2	2	0	190
1RB0LD_0LC1RA_1LA1RD_1RC0RB	2	2	0	144
1RB0LD_0LC1RA_1LA1RD_1RC1LA	2	2	0	106
1RB0LD_0LC1RA_1LB1LD_1RC1LA	2	2	0	144
1RB0LD_0LC1RA_1LB1RC_---1LA	2	2	0	144
1RB0LD_0LC1RA_1LB1RD_0RB1LA	2	2	0	160
1RB0LD_0LC1RA_1LC1RD_1RC1LA	2	2	0	114
1RB0LD_0LC1RA_1LD0RB_0RB1LA	2	2	0	185
1RB0LD_0LC1RA_1LD0RB_1LA1LA	2	2	0	128
1RB0LD_0LC1RA_1LD0RB_1RA1LA	2	2	0	172
1RB0LD_0LC1RA_1LD0RB_1RB1LA	2	2	0	177
1RB0LD_0LC1RA_1LD0RB_1RD1LA	2	2	0	155
1RB0LD_0LC1RA_1LD0RC_1LA1LA	2	2	0	210
1RB0LD_0LC1RA_1LD1LD_0RB1LA	2	2	0	175
1RB0LD_0LC1RA_1LD1RC_0RA1LA	2	2	0	250
1RB0LD_0LC1RA_1LD1RC_0RB1LA	2	2	0	247
1RB0LD_0LC1RA_1LD1RC_0RD1LA	2	2	0	260
1RB0LD_0LC1RA_1LD1RC_1LA1LA	2	2	0	210
1RB0LD_0LC1RA_1LD1RC_1RA1LA	2	2	0	227
1RB0LD_0LC1RA_1LD1RC_1RD1LA	2	2	0	226
1RB0LD_0LC1RA_1LD1RD_0RB1LA	2	2	0	252
1RB0LD_0LC1RA_1RA1LD_0RB1LA	2	2	0	172
1RB0LD_0LC1RA_1RA1LD_1LB1LA	2	2	0	132
1RB0LD_0LC1RA_1RB1LA_---0RB	2	2	0	212
1RB0LD_0LC1RA_1RB1LC_0RC1LA	2	2	0	465
1RB0LD_0LC1RA_1RB1LD_0RB1LA	2	2	0	183
1RB0LD_0LC1RA_1RB1LD_1LC1LA	2	2	0	122
1RB0LD_0LC1RA_1RB1LD_1RC1LA	2	2	0	162
1RB0LD_0LC1RA_1RC1LA_0LB0LD	2	2	0	131
1RB0LD_0LC1RA_1RC1LA_0RB0LD	2	2	0	192
1RB0LD_0LC1RA_1RD0RB_0LD1LA	2	2	0	144
1RB0LD_0LC1RA_1RD1LD_0RB1LA	2	2	0	404
1RB0LD_0LC1RA_1RD1LD_1LB1LA	2	2	0	124
1RB0LD_0LC1RA_1RD1LD_1RC1LA	2	2	0	144
1RB0LD_0LC1RB_0LD1LC_1RD0RA	2	3	0	2220
1RB0LD_0LC1RB_1LC1LA_1RC0RC	3	2	0	317
1RB0LD_0LC1RB_1RC1LA_0LB0LD	2	2	0	121
1RB0LD_0LC1RB_1RC1LA_0RB0LD	2	2	0	174
1RB0LD_0LC1RB_1RD1LA_0RB0LD	2	2	0	330
1RB0LD_0LC1RB_1RD1LC_1LA0RC	2	2	0	109
1RB0LD_0LC1RB_1RD1RC_1LA0RC	2	2	0	115
1RB0LD_0LC1RC_0RA1RD_1LA1LC	3	2	0	533
1RB0LD_0LC1RC_0RD1LD_1RC1LA	2	2	0	212
1RB0LD_0LC1RC_0RD1RD_1LD1LA	2	2	0	176
1RB0LD_0LC1RC_1LD1RD_1LA1RB	3	2	0	724
1RB0LD_0LC1RC_1RA1LA_---0LC	3	2	0	219
1RB0LD_0LC1RC_1RB1LA_---0RB	2	2	0	212
1RB0LD_0LC1RC_1RB1LA_---1LA	2	2	0	120
1RB0LD_0LC1RC_1RB1LA_---1LB	2	2	0	147
1RB0LD_0LC1RC_1RB1LA_---1RB	2	2	0	166
1RB0LD_0LC1RC_1RB1RD_0LD1LA	2	2	0	132
1RB0LD_0LC1RC_1RB1RD_1LD1LA	2	2	0	130
1RB0LD_0LC1RC_1RC1LD_1LA0LA	2	2	0	80
1RB0LD_0LC1RC_1RC1RD_1LA0LD	2	2	0	120
1RB0LD_0LC1RC_1RC1RD_1LA1RB	3	2	0	710
1RB0LD_0LC1RC_1RD0LB_1LA0RC	2	2	0	103
1RB0LD_0LC1RC_1RD0LC_1LA0RC	2	2	0	99
1RB0LD_0LC1RC_1RD0LD_1LA0RC	2	2	0	109
1RB0LD_0LC1RC_1RD0RB_1LA0RC	2	2	0	103
1RB0LD_0LC1RC_1RD0RC_1LA0RC	2	2	0	99
1RB0LD_0LC1RC_1RD0RD_1LA0RC	2	2	0	109
1RB0LD_0LC1RC_1RD1LA_1LA0RC	2	2	0	96
1RB0LD_0LC1RC_1RD1LC_1LA0RC	2	2	0	107
1RB0LD_0LC1RC_1RD1LD_1LA0RC	2	2	0	154
1RB0LD_0LC1RC_1RD1RC_1LA0RC	2	2	0	111
1RB0LD_0LC1RC_1RD1RD_1LA0RC	2	2	0	101
1RB0LD_0LC1RD_---1LA_1LB1RB	2	2	0	220
1RB0LD_0LC1RD_---1LA_1RA0LC	3	2	0	219
1RB0LD_0LC1RD_---1LD_1RB1LA	2	2	0	216
1RB0LD_0LC1RD_0LB1LA_1RA0RC	3	2	0	281
1RB0LD_0LC1RD_0LC1LA_1RA0RB	3	2	0	281
1RB0LD_0LC1RD_0LC1LA_1RA0RC	3	2	0	281
1RB0LD_0LC1RD_0LD1LC_1LA1RA	3	2	0	187
1RB0LD_0LC1RD_0LD1LC_1RD1RA	3	2	0	341
1RB0LD_0LC1RD_1LA0RB_0RB1LB	2	2	0	153
1RB0LD_0LC1RD_1LA0RC_0RB1LB	2	2	0	153
1RB0LD_0LC1RD_1LA0RD_0RB1LB	2	2	0	155
1RB0LD_0LC1RD_1LA1LA_0RB1LB	2	2	0	151
1RB0LD_0LC1RD_1LA1LB_0RB1LB	2	2	0	163
1RB0LD_0LC1RD_1LA1LB_0RB1RB	2	2	0	169
1RB0LD_0LC1RD_1LA1LB_1RC0RD	2	2	0	324
1RB0LD_0LC1RD_1LA1LC_---1RA	3	2	0	341
1RB0LD_0LC1RD_1LA1LD_0RB1LB	2	2	0	147
1RB0LD_0LC1RD_1LA1RC_0RB1LB	2	2	0	143
1RB0LD_0LC1RD_1LA1RC_1RD1RB	2	2	0	316
1RB0LD_0LC1RD_1LB1LA_0RB1LA	2	2	0	235
1RB0LD_0LC1RD_1LB1LA_0RB1RB	2	2	0	299
1RB0LD_0LC1RD_1LD0RB_1RB1LA	2	2	0	236
1RB0LD_0LC1RD_1LD1LC_1LA1RA	3	2	0	161
1RB0LD_0LC1RD_1LD1LC_1RD1RA	3	2	0	337
1RB0LD_0LC1RD_1LD1RC_1RB1LA	2	2	0	124
1RB0LD_0LC1RD_1RA1LD_1LC0RB	2	2	0	145
1RB0LD_0LC1RD_1RB1LA_0RB1LB	2	2	0	201
1RB0LD_0LC1RD_1RD0RD_1LA0RC	2	2	0	180
1RB0LD_0LC1RD_1RD1LC_1LA0RC	2	2	0	125
1RB0LD_0LC1RD_1RD1RC_1LA0RC	2	2	0	170
1RB0LD_0RC---_0LD1RA_1LD0LA	3	2	0	227
1RB0LD_0RC---_1LC0LA_---1RB	2	2	0	295
1RB0LD_0RC---_1LC0LA_0RC1RD	2	2	0	295
1RB0LD_0RC---_1LC1RD_1RA0LA	4	2	0	527
1RB0LD_0RC---_1LD0LA_1LC1RB	2	2	0	295
1RB0LD_0RC0LA_0LD1RA_1LB---	3	2	0	227
1RB0LD_0RC0LA_0RD0RC_1LD1RA	2	2	0	228
1RB0LD_0RC0LA_0RD1RA_1LD0RB	2	2	0	127
1RB0LD_0RC0LA_1LA0LC_1RD1LC	2	2	0	127
1RB0LD_0RC0LA_1LC1LD_0RB0LB	4	2	0	269
1RB0LD_0RC0LA_1LC1LD_0RB1RB	2	2	0	441
1RB0LD_0RC0LB_1LC1RA_0RA1LD	3	2	0	264
1RB0LD_0RC0LC_1LA0RD_1RC0RC	2	2	0	324
1RB0LD_0RC0LC_1LA0RD_1RC1LB	2	2	0	403
1RB0LD_0RC0LC_1LD1RA_0RB0LA	3	2	0	481
1RB0LD_0RC0LC_1LD1RC_1LA1LB	2	2	0	205
1RB0LD_0RC0LC_1RD1LA_1LC0RC	4	2	0	310
1RB0LD_0RC0LC_1RD1RC_1LA0RC	2	2	0	241
1RB0LD_0RC0LD_1LA0RC_1RC0RD	2	2	0	312
1RB0LD_0RC0LD_1LA1RA_1RB1LA	3	2	0	301
1RB0LD_0RC0LD_1LA1RD_1RB1LA	3	2	0	301
1RB0LD_0RC0LD_1LD1RA_1RB1LA	3	2	0	301
1RB0LD_0RC0LD_1LD1RB_1LB1LA	2	2	0	148
1RB0LD_0RC0LD_1LD1RD_1RB1LA	3	2	0	301
1RB0LD_0RC0RA_0LC1LD_1LA---	2	2	0	141
1RB0LD_0RC0RA_1LB1LD_1LA---	2	2	0	106
1RB0LD_0RC0RA_1LC0LA_1LA0RD	2	2	0	220
1RB0LD_0RC0RA_1LC0LA_1LA1LD	2	3	0	476
1RB0LD_0RC0RA_1LC0LA_1LA1RD	2	2	0	232
1RB0LD_0RC0RA_1LC0LD_1LA---	2	2	0	102
1RB0LD_0RC0RA_1LC0LD_1RB1LB	2	2	0	337
1RB0LD_0RC0RA_1LC0RD_1LA1LD	2	2	0	207
1RB0LD_0RC0RA_1LC0RD_1LA1RD	2	2	0	157
1RB0LD_0RC0RA_1LC1LA_0LC0RC	3	2	0	436
1RB0LD_0RC0RA_1LC1LA_0RD0RB	3	2	0	327
1RB0LD_0RC0RA_1LC1LA_1LA0LA	2	3	0	1209
1RB0LD_0RC0RA_1LC1LA_1LA0RD	2	2	0	237
1RB0LD_0RC0RA_1LC1LA_1LA1RD	2	2	0	214
1RB0LD_0RC0RA_1LC1LD_1LA---	2	2	0	159
1RB0LD_0RC0RA_1LC1RA_1LA0LD	2	2	0	251
1RB0LD_0RC0RA_1LC1RA_1LA1LD	2	2	0	1690
1RB0LD_0RC0RA_1LC1RA_1LA1RD	2	2	0	110
1RB0LD_0RC0RA_1LC1RD_1LA0LA	2	2	0	121
1RB0LD_0RC0RA_1LC1RD_1LA0LC	2	2	0	110
1RB0LD_0RC0RA_1LC1RD_1LA0LD	2	2	0	121
1RB0LD_0RC0RA_1LC1RD_1LA0RA	2	2	0	80
1RB0LD_0RC0RA_1LC1RD_1LA0RC	2	2	0	60
1RB0LD_0RC0RA_1LC1RD_1LA1LA	2	2	0	106
1RB0LD_0RC0RA_1LC1RD_1LA1LD	2	2	0	163
1RB0LD_0RC0RA_1LC1RD_1LA1RD	2	2	0	116
1RB0LD_0RC0RA_1LD---_1LA---	2	2	0	102
1RB0LD_0RC0RB_0LD1RA_1LC1LA	4	2	0	512
1RB0LD_0RC0RB_0RD---_1LD1RA	2	2	0	153
1RB0LD_0RC0RB_0RD0RA_1LD1RC	2	2	0	286
1RB0LD_0RC0RB_1LB0RD_1LD1RA	2	2	0	165
1RB0LD_0RC0RB_1LB1LD_1LD1RA	2	2	0	241
1RB0LD_0RC0RB_1LC0LA_0RA1LD	2	2	0	411
1RB0LD_0RC0RB_1LC0LA_0RD1LA	2	3	0	403
1RB0LD_0RC0RB_1LC0LA_1LA0RD	2	3	0	718
1RB0LD_0RC0RB_1LC0LA_1LA1LD	2	2	0	323
1RB0LD_0RC0RB_1LC0LA_1RA1RD	2	2	0	100
1RB0LD_0RC0RB_1LC0LA_1RB1LD	2	2	0	368
1RB0LD_0RC0RB_1LC0LD_0RD1RA	2	2	0	111
1RB0LD_0RC0RB_1LC0LD_1RD1RA	2	2	0	111
1RB0LD_0RC0RB_1LC0RA_0RA---	2	2	0	202
1RB0LD_0RC0RB_1LC0RA_0RD1LA	2	2	0	220
1RB0LD_0RC0RB_1LC0RA_1LB---	2	2	0	215
1RB0LD_0RC0RB_1LC0RA_1RA---	2	2	0	223
1RB0LD_0RC0RB_1LC0RA_1RD0RB	2	2	0	223
1RB0LD_0RC0RB_1LC0RA_1RD1LB	2	2	0	116
1RB0LD_0RC0RB_1LC0RD_0RA1LD	2	2	0	220
1RB0LD_0RC0RB_1LC1LD_0RA---	2	2	0	109
1RB0LD_0RC0RB_1LC1LD_0RD1RA	2	2	0	108
1RB0LD_0RC0RB_1LC1LD_1RA0LD	2	2	0	640
1RB0LD_0RC0RB_1LC1LD_1RA0RA	2	2	0	109
1RB0LD_0RC0RB_1LC1LD_1RA1RA	2	2	0	109
1RB0LD_0RC0RB_1LC1LD_1RC1RA	2	2	0	111
1RB0LD_0RC0RB_1LC1LD_1RD1RA	2	2	0	108
1RB0LD_0RC0RB_1LC1RA_---0RA	2	2	0	202
1RB0LD_0RC0RB_1LC1RA_---1RA	2	2	0	223
1RB0LD_0RC0RB_1LC1RA_0LA1LD	4	2	0	175
1RB0LD_0RC0RB_1LC1RA_0LB1LA	4	2	0	584
1RB0LD_0RC0RB_1LC1RA_0LC1LA	2	3	0	768
1RB0LD_0RC0RB_1LC1RA_0LC1RD	2	2	0	247
1RB0LD_0RC0RB_1LC1RA_0RB1LA	2	2	0	226
1RB0LD_0RC0RB_1LC1RA_0RB1RD	2	2	0	106
1RB0LD_0RC0RB_1LC1RA_0RC1LA	2	3	0	418
1RB0LD_0RC0RB_1LC1RA_1LA0RD	2	2	0	116
1RB0LD_0RC0RB_1LC1RA_1LA1LA	2	2	0	228
1RB0LD_0RC0RB_1LC1RA_1LC1LA	4	2	0	502
1RB0LD_0RC0RB_1LC1RA_1LD1LA	2	3	0	803
1RB0LD_0RC0RB_1LC1RA_1RB0RD	2	2	0	202
1RB0LD_0RC0RB_1LC1RA_1RB1LA	2	2	0	221
1RB0LD_0RC0RB_1LC1RA_1RB1RD	2	2	0	223
1RB0LD_0RC0RB_1LC1RA_1RC1LA	2	2	0	252
1RB0LD_0RC0RB_1LC1RA_1RD1LA	2	2	0	252
1RB0LD_0RC0RB_1LC1RD_0RA1LA	2	2	0	111
1RB0LD_0RC0RB_1LC1RD_0RA1LD	2	2	0	119
1RB0LD_0RC0RB_1LC1RD_0RD1LA	2	2	0	119
1RB0LD_0RC0RB_1LC1RD_1RA1LA	2	2	0	239
1RB0LD_0RC0RB_1LD---_1LD1RA	2	2	0	223
1RB0LD_0RC0RB_1LD0LD_1RA1LC	2	2	0	285
1RB0LD_0RC0RB_1LD1LA_1RA1LC	4	2	0	817
1RB0LD_0RC0RB_1LD1LC_0RC1RA	2	2	0	361
1RB0LD_0RC0RB_1LD1RA_1LC1RA	2	2	0	223
1RB0LD_0RC0RB_1LD1RC_1LC1LA	2	2	0	167
1RB0LD_0RC0RB_1RD1RB_1LA---	2	2	0	214
1RB0LD_0RC0RB_1RD1RC_1LA0RC	2	2	0	156
1RB0LD_0RC0RC_0LD1RA_1LD1LA	3	2	0	239
1RB0LD_0RC0RC_0RD0RB_1LD1RA	2	2	0	153
1RB0LD_0RC0RC_0RD0RC_1LD1RA	2	2	0	192
1RB0LD_0RC0RC_1LC1LA_---1LB	3	2	0	638
1RB0LD_0RC0RC_1LC1LA_---1RC	2	2	0	253
1RB0LD_0RC0RC_1LC1LA_1LC1RD	2	2	0	253
1RB0LD_0RC0RC_1LD1LA_1LC1LB	3	2	0	638
1RB0LD_0RC0RC_1LD1LA_1LC1RD	2	2	0	253
1RB0LD_0RC0RD_0LC1LD_1LA0LA	2	2	0	173
1RB0LD_0RC0RD_0LC1RD_1LA0LA	2	2	0	169
1RB0LD_0RC0RD_0LD---_1LA0LA	2	2	0	161
1RB0LD_0RC0RD_0LD0LC_1LA1LC	2	2	0	371
1RB0LD_0RC0RD_0LD0RD_1LA1RB	4	2	0	628
1RB0LD_0RC0RD_0LD1LA_1LC1RA	3	2	0	239
1RB0LD_0RC0RD_0LD1LD_1LA1RB	3	2	0	464
1RB0LD_0RC0RD_1LA0LB_1RC1LB	2	2	0	357
1RB0LD_0RC0RD_1LA0LB_1RC1RD	2	2	0	375
1RB0LD_0RC0RD_1LA0RB_1RC0RD	2	2	0	302
1RB0LD_0RC0RD_1LA0RD_1RC0RC	2	2	0	150
1RB0LD_0RC0RD_1LA0RD_1RC1LB	2	2	0	447
1RB0LD_0RC0RD_1LA1LC_1RC0RB	2	2	0	158
1RB0LD_0RC0RD_1LB0LD_1LA0LA	2	2	0	169
1RB0LD_0RC0RD_1LB1LD_1LA0LA	2	2	0	163
1RB0LD_0RC0RD_1LB1RD_1LA0LA	2	2	0	520
1RB0LD_0RC0RD_1LC0LA_0RB1LA	2	2	0	241
1RB0LD_0RC0RD_1LC0LD_1LA0LA	2	2	0	260
1RB0LD_0RC0RD_1LC1LA_0LB1LB	3	2	0	972
1RB0LD_0RC0RD_1LC1LA_0RC0LA	2	3	0	165
1RB0LD_0RC0RD_1LC1LA_0RC1RA	3	2	0	375
1RB0LD_0RC0RD_1LC1LA_0RC1RD	4	2	0	134
1RB0LD_0RC0RD_1LC1LA_1LC1LB	3	2	0	892
1RB0LD_0RC0RD_1LC1LA_1LC1RA	3	2	0	278
1RB0LD_0RC0RD_1LC1LD_0RA0RB	2	2	0	109
1RB0LD_0RC0RD_1LC1LD_1LA1RB	3	2	0	934
1RB0LD_0RC0RD_1LD0LA_1LA1RC	2	2	0	526
1RB0LD_0RC0RD_1LD0LB_1LA0LA	2	2	0	167
1RB0LD_0RC0RD_1LD0LD_1LA0LA	2	2	0	260
1RB0LD_0RC0RD_1LD0RC_1LA0LA	2	2	0	157
1RB0LD_0RC0RD_1LD1LA_1LC1RA	3	2	0	278
1RB0LD_0RC0RD_1LD1LD_1LA0LA	2	2	0	161
1RB0LD_0RC0RD_1LD1RA_1LA0LA	2	2	0	352
1RB0LD_0RC0RD_1LD1RD_1LA0LA	2	2	0	1086
1RB0LD_0RC0RD_1RD---_1LA0LA	2	2	0	502
1RB0LD_0RC0RD_1RD0LD_1LA0LC	2	2	0	182
1RB0LD_0RC1LA_0RD0LA_1LD1LB	3	2	0	643
1RB0LD_0RC1LA_1LA0RB_1LA1RB	2	2	0	111
1RB0LD_0RC1LA_1LA0RC_1RC1RB	2	2	0	315
1RB0LD_0RC1LA_1LA0RD_1RC1LB	2	2	0	451
1RB0LD_0RC1LA_1LC0RB_1RB0LA	2	3	0	273
1RB0LD_0RC1LA_1LC0RB_1RB0LD	2	3	0	273
1RB0LD_0RC1LA_1RD1RC_1LB1LD	2	2	0	154
1RB0LD_0RC1LB_0RD0LA_1LD1LA	2	2	0	267
1RB0LD_0RC1LB_1LA1RD_1LB1RC	2	2	0	221
1RB0LD_0RC1LB_1LB1RD_1LA1RC	2	2	0	143
1RB0LD_0RC1LB_1RD0LA_1LA0RC	2	2	0	115
1RB0LD_0RC1LB_1RD1LC_1LA0RC	2	2	0	115
1RB0LD_0RC1LB_1RD1RC_1LA0RC	2	2	0	121
1RB0LD_0RC1LB_1RD1RC_1LA1LB	2	2	0	145
1RB0LD_0RC1LC_0RD0LA_1LD1LA	2	2	0	233
1RB0LD_0RC1LC_0RD0RC_1LD1RA	2	2	0	103
1RB0LD_0RC1LC_1LA0RD_1RC1LB	2	2	0	435
1RB0LD_0RC1LC_1LD0LA_0RB1RB	2	2	0	403
1RB0LD_0RC1LC_1LD0LA_1LD1RB	2	2	0	349
1RB0LD_0RC1LC_1LD0RA_0RB0LA	2	2	0	283
1RB0LD_0RC1LC_1LD0RC_0RB1RA	2	2	0	351
1RB0LD_0RC1LC_1LD0RC_1LD1RA	2	2	0	207
1RB0LD_0RC1LC_1RD0LA_1LA0RC	2	2	0	111
1RB0LD_0RC1LC_1RD1LC_1LA0RC	2	2	0	111
1RB0LD_0RC1LC_1RD1RC_1LA0RC	2	2	0	104
1RB0LD_0RC1LD_0LD1LA_1LC1RD	2	2	0	180
1RB0LD_0RC1LD_0LD1RC_1LA1LB	2	2	0	97
1RB0LD_0RC1LD_1LA0RC_1RB1LA	2	2	0	231
1RB0LD_0RC1LD_1LA0RC_1RC0RD	2	2	0	262
1RB0LD_0RC1LD_1LA0RD_1RC1LB	2	2	0	421
1RB0LD_0RC1LD_1LA1RB_1RC0RD	2	2	0	308
1RB0LD_0RC1LD_1LB1RC_0RA1LB	2	2	0	177
1RB0LD_0RC1LD_1LB1RC_1LA1LB	2	2	0	133
1RB0LD_0RC1LD_1LC0RB_1RB0LA	2	3	0	273
1RB0LD_0RC1LD_1LD0RC_1RB1LA	2	2	0	231
1RB0LD_0RC1LD_1LD1RA_1LB1RB	2	2	0	168
1RB0LD_0RC1LD_1LD1RC_1LA1LB	2	2	0	119
1RB0LD_0RC1LD_1LD1RC_1RA1LB	2	2	0	173
1RB0LD_0RC1LD_1RD1RA_1LA0RC	2	2	0	58
1RB0LD_0RC1LD_1RD1RC_1LA0RC	2	2	0	119
1RB0LD_0RC1LD_1RD1RC_1LA1LB	2	2	0	129
1RB0LD_0RC1RA_0LC1LA_---1LA	2	2	0	136
1RB0LD_0RC1RA_0LC1LA_---1LB	4	2	0	299
1RB0LD_0RC1RA_0LC1LA_---1RC	2	2	0	186
1RB0LD_0RC1RA_0LC1LA_0LC1RD	2	2	0	186
1RB0LD_0RC1RA_0LC1LD_1LA1LA	2	2	0	141
1RB0LD_0RC1RA_0LC1LD_1RA1LA	2	2	0	167
1RB0LD_0RC1RA_0LC1LD_1RB1LA	2	2	0	180
1RB0LD_0RC1RA_0LC1LD_1RD1LA	2	2	0	155
1RB0LD_0RC1RA_0LC1RD_0LD1LA	2	2	0	148
1RB0LD_0RC1RA_0LC1RD_1LA0LC	2	2	0	96
1RB0LD_0RC1RA_0LC1RD_1LA0RC	2	2	0	118
1RB0LD_0RC1RA_0LD---_0LD1LA	2	2	0	136
1RB0LD_0RC1RA_0LD---_1LB1LA	2	2	0	148
1RB0LD_0RC1RA_0LD1LA_0LC1LA	2	2	0	136
1RB0LD_0RC1RA_0LD1LA_0LC1LB	4	2	0	299
1RB0LD_0RC1RA_0LD1LA_0LC1RD	2	2	0	186
1RB0LD_0RC1RA_0LD1RA_1LC1LA	2	2	0	148
1RB0LD_0RC1RA_0LD1RC_0LC1LA	2	2	0	148
1RB0LD_0RC1RA_0RD---_0LD1LA	2	2	0	143
1RB0LD_0RC1RA_0RD0LD_1LB1LA	2	2	0	173
1RB0LD_0RC1RA_0RD0RC_1LD1RB	2	2	0	192
1RB0LD_0RC1RA_1LB0LC_---1LA	2	2	0	160
1RB0LD_0RC1RA_1LB0LD_0LD1LA	2	2	0	148
1RB0LD_0RC1RA_1LB0LD_1LB1LA	2	2	0	160
1RB0LD_0RC1RA_1LB0RD_0LD1LA	2	2	0	155
1RB0LD_0RC1RA_1LB1LC_---1LA	2	2	0	114
1RB0LD_0RC1RA_1LB1LD_0LD1LA	2	2	0	106
1RB0LD_0RC1RA_1LB1LD_1LA1LA	2	2	0	106
1RB0LD_0RC1RA_1LB1LD_1LB1LA	2	2	0	114
1RB0LD_0RC1RA_1LB1LD_1RC1LA	2	2	0	126
1RB0LD_0RC1RA_1LB1RD_1LD1LA	2	2	0	134
1RB0LD_0RC1RA_1LC0LA_---1LA	2	2	0	192
1RB0LD_0RC1RA_1LC0LD_0RA1LA	2	2	0	154
1RB0LD_0RC1RA_1LC0LD_0RA1LC	2	2	0	154
1RB0LD_0RC1RA_1LC0LD_0RD1LA	2	2	0	170
1RB0LD_0RC1RA_1LC0LD_1LA1LA	2	2	0	102
1RB0LD_0RC1RA_1LC0LD_1LA1LC	2	2	0	102
1RB0LD_0RC1RA_1LC0LD_1RA1LA	2	2	0	130
1RB0LD_0RC1RA_1LC0LD_1RD1LA	2	2	0	118
1RB0LD_0RC1RA_1LC0RA_1LA0LA	4	2	0	201
1RB0LD_0RC1RA_1LC0RA_1LB0RC	2	2	0	248
1RB0LD_0RC1RA_1LC0RD_0RD1LA	2	2	0	114
1RB0LD_0RC1RA_1LC0RD_1LB1LA	2	2	0	130
1RB0LD_0RC1RA_1LC0RD_1RD1LA	2	2	0	98
1RB0LD_0RC1RA_1LC1LA_0RA1LA	2	2	0	213
1RB0LD_0RC1RA_1LC1LA_0RB1LA	2	2	0	219
1RB0LD_0RC1RA_1LC1LA_0RD1LA	2	2	0	219
1RB0LD_0RC1RA_1LC1LA_1LA1LA	2	2	0	208
1RB0LD_0RC1RA_1LC1LA_1LB1LA	2	2	0	214
1RB0LD_0RC1RA_1LC1LA_1RA1LA	2	2	0	209
1RB0LD_0RC1RA_1LC1LA_1RB1LA	2	2	0	217
1RB0LD_0RC1RA_1LC1LA_1RD1LA	2	2	0	220
1RB0LD_0RC1RA_1LC1LD_0RA1LA	2	2	0	228
1RB0LD_0RC1RA_1LC1LD_0RB1LA	2	2	0	422
1RB0LD_0RC1RA_1LC1LD_0RD1LA	2	3	0	399
1RB0LD_0RC1RA_1LC1LD_1LA1LA	2	2	0	159
1RB0LD_0RC1RA_1LC1LD_1RA1LA	2	2	0	312
1RB0LD_0RC1RA_1LC1LD_1RB1LA	2	2	0	343
1RB0LD_0RC1RA_1LC1LD_1RD1LA	2	3	0	281
1RB0LD_0RC1RA_1LC1RA_---1LA	2	2	0	106
1RB0LD_0RC1RA_1LC1RB_0RB0RD	2	2	0	138
1RB0LD_0RC1RA_1LC1RD_0RA1LA	2	2	0	162
1RB0LD_0RC1RA_1LC1RD_0RD1LA	2	2	0	178
1RB0LD_0RC1RA_1LC1RD_1LA0LC	2	2	0	152
1RB0LD_0RC1RA_1LC1RD_1LA1LA	2	2	0	106
1RB0LD_0RC1RA_1LC1RD_1LB1LA	2	2	0	130
1RB0LD_0RC1RA_1LC1RD_1RA1LA	2	2	0	136
1RB0LD_0RC1RA_1LC1RD_1RB1LA	2	2	0	304
1RB0LD_0RC1RA_1LC1RD_1RD1LA	2	2	0	122
1RB0LD_0RC1RA_1LD---_0LD1LA	2	2	0	98
1RB0LD_0RC1RA_1LD---_1LA1LA	2	2	0	102
1RB0LD_0RC1RA_1LD---_1LB1LA	2	2	0	106
1RB0LD_0RC1RA_1LD0LA_1LC1LA	2	2	0	192
1RB0LD_0RC1RA_1LD0RB_1LD0LA	4	2	0	388
1RB0LD_0RC1RA_1LD1LA_0LC0RD	4	2	0	650
1RB0LD_0RC1RA_1LD1LA_0LC1LA	2	2	0	98
1RB0LD_0RC1RA_1LD1LA_0LC1LB	4	2	0	449
1RB0LD_0RC1RA_1LD1LA_0LC1RD	2	2	0	128
1RB0LD_0RC1RA_1LD1RA_1LC1LA	2	2	0	106
1RB0LD_0RC1RA_1LD1RC_0RC1LA	2	2	0	134
1RB0LD_0RC1RA_1RD---_1LD1LA	2	2	0	126
1RB0LD_0RC1RA_1RD0RA_1LC1LA	2	2	0	126
1RB0LD_0RC1RA_1RD1LA_1LC1LA	2	2	0	126
1RB0LD_0RC1RA_1RD1LC_0LC1LA	2	2	0	118
1RB0LD_0RC1RB_0LC1LA_1LA1LC	3	2	0	329
1RB0LD_0RC1RB_0LC1LA_1LB1LC	3	2	0	339
1RB0LD_0RC1RB_0LC1LA_1RC1LC	3	2	0	339
1RB0LD_0RC1RB_0LD1LA_1LC1LA	2	2	0	205
1RB0LD_0RC1RB_0LD1LA_1LC1RD	2	2	0	186
1RB0LD_0RC1RB_0LD1LA_1LD1LA	2	2	0	205
1RB0LD_0RC1RB_0RD1LA_1LD1LA	2	2	0	210
1RB0LD_0RC1RB_0RD1LC_1LD1LA	2	2	0	264
1RB0LD_0RC1RB_0RD1RD_1LD1LA	4	2	0	724
1RB0LD_0RC1RB_1LC0LA_0LB1RD	2	2	0	337
1RB0LD_0RC1RB_1LC0LA_0RB1LD	2	2	0	650
1RB0LD_0RC1RB_1LC1LA_---0LB	3	2	0	371
1RB0LD_0RC1RB_1LC1LA_---0RC	3	2	0	305
1RB0LD_0RC1RB_1LC1LA_---1LC	3	2	0	330
1RB0LD_0RC1RB_1LC1LA_0LB0RD	3	2	0	371
1RB0LD_0RC1RB_1LC1LA_0LC0RD	3	2	0	402
1RB0LD_0RC1RB_1LC1LA_0RC1LD	2	2	0	198
1RB0LD_0RC1RB_1LC1LA_1LC0RD	3	2	0	305
1RB0LD_0RC1RB_1LC1LD_0RA1LC	2	2	0	90
1RB0LD_0RC1RB_1LC1LD_1LA0LB	4	2	0	464
1RB0LD_0RC1RB_1LC1LD_1LA0RC	4	2	0	360
1RB0LD_0RC1RB_1LD0LD_1RA1LC	2	2	0	167
1RB0LD_0RC1RB_1LD1LA_0LC0LB	3	2	0	441
1RB0LD_0RC1RB_1LD1LA_0LC0RC	3	2	0	375
1RB0LD_0RC1RB_1LD1LA_0LC1LC	3	2	0	378
1RB0LD_0RC1RB_1LD1LA_1LC0LB	3	2	0	371
1RB0LD_0RC1RB_1LD1LA_1LC0RC	3	2	0	305
1RB0LD_0RC1RB_1LD1LA_1LC1LC	3	2	0	330
1RB0LD_0RC1RB_1LD1RC_0LD1LA	4	2	0	600
1RB0LD_0RC1RB_1LD1RC_1LC1LA	2	2	0	819
1RB0LD_0RC1RB_1RD0LA_1LA0RC	2	2	0	104
1RB0LD_0RC1RB_1RD1LC_1LA0RC	2	2	0	104
1RB0LD_0RC1RB_1RD1RB_1LA0RC	2	2	0	171
1RB0LD_0RC1RB_1RD1RC_1LA0RC	2	2	0	156
1RB0LD_0RC1RC_0LD0RB_1LD0LA	4	2	0	861
1RB0LD_0RC1RC_0RD1RB_1LD1LA	2	2	0	210
1RB0LD_0RC1RC_1LA0RD_1RC1LB	2	2	0	416
1RB0LD_0RC1RC_1LA1RB_---1LC	4	2	0	356
1RB0LD_0RC1RC_1LA1RD_1LB1RC	2	2	0	223
1RB0LD_0RC1RC_1RD---_1LA0RC	2	2	0	100
1RB0LD_0RC1RD_0LC1LA_1RA0LC	3	2	0	239
1RB0LD_0RC1RD_0LC1LA_1RA0RC	3	2	0	305
1RB0LD_0RC1RD_0LC1LD_1RB1LA	2	2	0	243
1RB0LD_0RC1RD_0LD1LA_1LC1RD	2	2	0	168
1RB0LD_0RC1RD_0LD1RB_1LA1LB	2	2	0	141
1RB0LD_0RC1RD_1LA1LB_1RC0RD	2	2	0	326
1RB0LD_0RC1RD_1LC0LA_1RB1LA	2	2	0	192
1RB0LD_0RC1RD_1LC0LD_1RB1LA	2	2	0	286
1RB0LD_0RC1RD_1LC1LA_0RB0RD	2	2	0	151
1RB0LD_0RC1RD_1LC1LA_1RB1LA	2	2	0	296
1RB0LD_0RC1RD_1LC1LD_1RB1LA	2	2	0	456
1RB0LD_0RC1RD_1LC1RA_0LC1LA	2	2	0	152
1RB0LD_0RC1RD_1LC1RA_0RB0RD	2	2	0	223
1RB0LD_0RC1RD_1LC1RD_1RB1LA	2	2	0	688
1RB0LD_0RC1RD_1LD1LA_1RA0LC	3	2	0	253
1RB0LD_0RC1RD_1LD1RB_1LB1LA	2	2	0	192
1RB0LD_0RC1RD_1RD0LA_1LA0RC	2	2	0	127
1RB0LD_0RC1RD_1RD0RD_1LA0RC	2	2	0	241
1RB0LD_0RC1RD_1RD1LC_1LA0RC	2	2	0	127
1RB0LD_0RC1RD_1RD1RA_1LA0RC	2	2	0	221
1RB0LD_0RC1RD_1RD1RB_1LA1LB	2	2	0	134
1RB0LD_0RC1RD_1RD1RC_1LA0RC	2	2	0	233
1RB0LD_1LB0LC_0RD0RB_1RA1RD	2	2	0	159
1RB0LD_1LB0LC_1RC1RD_1RA0RB	3	2	0	1634
1RB0LD_1LB0LC_1RD0RB_0RD1RA	2	2	0	529
1RB0LD_1LB0LC_1RD0RB_1RA0RD	2	2	0	203
1RB0LD_1LB0LC_1RD0RB_1RA1RC	4	2	0	784
1RB0LD_1LB0LC_1RD1LB_1RA1RC	2	2	0	136
1RB0LD_1LB0LC_1RD1LD_0RB1RA	2	2	0	425
1RB0LD_1LB0LC_1RD1RC_1LA0RC	2	2	0	200
1RB0LD_1LB0RC_0RB1RD_1LA0RC	2	2	0	199
1RB0LD_1LB0RC_0RB1RD_1LA1RB	3	2	0	191
1RB0LD_1LB0RC_0RD1RC_1LD1LA	3	2	0	332
1RB0LD_1LB0RC_1LA1LC_0LC0LA	2	2	0	237
1RB0LD_1LB0RC_1LA1LC_0LC0LD	2	2	0	237
1RB0LD_1LB0RC_1LA1LC_1LA0LD	2	2	0	322
1RB0LD_1LB0RC_1LA1LD_0LC0RA	2	2	0	182
1RB0LD_1LB0RC_1LA1LD_1LA0LD	2	2	0	322
1RB0LD_1LB0RC_1LA1RC_0LC0LA	2	3	0	631
1RB0LD_1LB0RC_1LA1RC_0LC0LD	2	3	0	631
1RB0LD_1LB0RC_1LA1RC_1LA0LD	2	3	0	472
1RB0LD_1LB0RC_1LA1RC_1LC1LD	2	2	0	657
1RB0LD_1LB0RC_1LA1RD_1LA0LD	2	3	0	472
1RB0LD_1LB0RC_1LA1RD_1LA1RB	4	2	0	1108
1RB0LD_1LB0RC_1LC1LA_---1RC	2	2	0	257
1RB0LD_1LB0RC_1LC1LA_1LC1RD	2	2	0	257
1RB0LD_1LB0RC_1LC1RD_1LA1RB	4	2	0	1208
1RB0LD_1LB0RC_1LD1LA_1LC1RD	2	2	0	257
1RB0LD_1LB0RC_1RA1LC_0LD1LA	3	2	0	247
1RB0LD_1LB0RC_1RA1LC_1LB1LA	3	2	0	371
1RB0LD_1LB0RC_1RB1LD_1LA---	2	2	0	80
1RB0LD_1LB0RC_1RC1LD_1LA1RB	2	2	0	104
1RB0LD_1LB0RC_1RC1RD_1LA1LB	3	2	0	1172
1RB0LD_1LB0RC_1RD0RD_1LA1LB	2	2	0	358
1RB0LD_1LB1LC_0LD0LC_1RD1RA	2	2	0	143
1RB0LD_1LB1LC_0RA1LC_1RD0RB	2	2	0	220
1RB0LD_1LB1LC_0RD0LA_0RB1RD	3	2	0	384
1RB0LD_1LB1LC_0RD0LC_1RD1RA	2	2	0	201
1RB0LD_1LB1LC_1LA0RA_1RD1RC	3	2	0	506
1RB0LD_1LB1LC_1LA1RD_1RB1RC	2	2	0	211
1RB0LD_1LB1LC_1LD1LB_1RA1RD	2	2	0	108
1RB0LD_1LB1LC_1RA0LA_0RB1RD	3	2	0	830
1RB0LD_1LB1LC_1RA0RA_1RC1LA	2	2	0	248
1RB0LD_1LB1LC_1RD0LB_1RA0RD	2	2	0	177
1RB0LD_1LB1LC_1RD0LC_1RC1RA	2	2	0	155
1RB0LD_1LB1LC_1RD0LC_1RD1RA	2	2	0	155
1RB0LD_1LB1LC_1RD1LC_1LA0RC	2	2	0	111
1RB0LD_1LB1LC_1RD1RA_0RC0LA	4	2	0	624
1RB0LD_1LB1LC_1RD1RC_1LA0RC	2	2	0	140
1RB0LD_1LB1RC_0RA1RD_1LA1LC	3	2	0	244
1RB0LD_1LB1RC_0RD1LD_1RC1LA	2	2	0	240
1RB0LD_1LB1RC_0RD1LD_1RD1LA	2	2	0	151
1RB0LD_1LB1RC_1LA0RC_---0RB	2	2	0	109
1RB0LD_1LB1RC_1LA0RC_0LA0LB	2	2	0	109
1RB0LD_1LB1RC_1LA0RC_0RB0RD	2	2	0	160
1RB0LD_1LB1RC_1LA0RC_1LB0RD	2	2	0	109
1RB0LD_1LB1RC_1LA0RC_1RB0LB	3	2	0	632
1RB0LD_1LB1RC_1LD0RB_0RA1LC	2	2	0	141
1RB0LD_1LB1RC_1LD0RC_0RB0RA	2	2	0	119
1RB0LD_1LB1RC_1LD0RC_1LA0RB	2	2	0	153
1RB0LD_1LB1RC_1LD0RC_1RA0RB	2	2	0	213
1RB0LD_1LB1RC_1RA0LA_1LA1LC	3	2	0	276
1RB0LD_1LB1RC_1RA0LA_1RC1LC	3	2	0	292
1RB0LD_1LB1RC_1RB0LD_---1LA	2	2	0	132
1RB0LD_1LB1RC_1RB0RD_0LD1LA	2	2	0	148
1RB0LD_1LB1RC_1RB0RD_1LD1LA	2	2	0	147
1RB0LD_1LB1RC_1RB1LA_0RA1LB	2	2	0	113
1RB0LD_1LB1RC_1RB1LA_0RC1LB	2	2	0	113
1RB0LD_1LB1RC_1RB1LA_1LA1LB	2	2	0	82
1RB0LD_1LB1RC_1RB1LA_1LC1LB	2	2	0	82
1RB0LD_1LB1RC_1RC1LA_1LA0LA	2	2	0	90
1RB0LD_1LB1RC_1RC1LA_1LA0LD	2	2	0	90
1RB0LD_1LB1RC_1RC1RD_1LA0LD	2	2	0	108
1RB0LD_1LB1RC_1RD0LA_1LA0RC	2	2	0	111
1RB0LD_1LB1RC_1RD0LB_1LA0RC	2	2	0	113
1RB0LD_1LB1RC_1RD0LC_1LA0RC	2	2	0	101
1RB0LD_1LB1RC_1RD0LD_1LA0RC	2	2	0	101
1RB0LD_1LB1RC_1RD0RB_1LA0LB	2	2	0	483
1RB0LD_1LB1RC_1RD0RB_1LA0RC	2	3	0	175
1RB0LD_1LB1RC_1RD0RC_1LA0RC	2	2	0	102
1RB0LD_1LB1RC_1RD0RC_1LA1LB	2	2	0	150
1RB0LD_1LB1RC_1RD0RD_1LA0RC	2	2	0	105
1RB0LD_1LB1RC_1RD1LA_1LA0RC	2	2	0	101
1RB0LD_1LB1RC_1RD1LC_0LA0RB	2	2	0	328
1RB0LD_1LB1RC_1RD1LC_1LA0RB	2	2	0	253
1RB0LD_1LB1RC_1RD1LC_1LA0RC	2	2	0	117
1RB0LD_1LB1RC_1RD1LD_1LA0RC	2	2	0	178
1RB0LD_1LB1RC_1RD1RC_1LA0RC	2	2	0	107
1RB0LD_1LB1RC_1RD1RD_1LA0RC	2	2	0	111
1RB0LD_1LC---_1RD1LB_0RC0RA	2	2	0	80
1RB0LD_1LC0LA_0LD1LB_1RD0RA	2	2	0	117
1RB0LD_1LC0LA_0RD1LB_1RD0RA	2	2	0	141
1RB0LD_1LC0LA_0RD1LC_1RC1LA	2	2	0	140
1RB0LD_1LC0LA_0RD1LD_1RC1LA	2	2	0	102
1RB0LD_1LC0LA_1LA0LC_1RD1LC	2	2	0	131
1RB0LD_1LC0LA_1LA0LC_1RD1RA	2	2	0	128
1RB0LD_1LC0LA_1LA0LC_1RD1RB	2	2	0	122
1RB0LD_1LC0LA_1LA1LC_1RD0RC	2	2	0	400
1RB0LD_1LC0LA_1LB0RD_0RB1RD	2	2	0	145
1RB0LD_1LC0LA_1LB1RA_0RB1RD	2	2	0	503
1RB0LD_1LC0LA_1LB1RD_1RC0LC	2	2	0	99
1RB0LD_1LC0LA_1LD0LB_1RD0RA	4	2	0	433
1RB0LD_1LC0LA_1RB0LB_1RD0RA	4	2	0	435
1RB0LD_1LC0LA_1RB0LB_1RD0RC	4	2	0	435
1RB0LD_1LC0LA_1RB1LB_1RD0RB	2	2	0	386
1RB0LD_1LC0LA_1RD0LB_1RA0RC	2	2	0	95
1RB0LD_1LC0LA_1RD1LB_1RC0RA	2	2	0	126
1RB0LD_1LC0LB_0RA0LB_1RD0RA	2	2	0	310
1RB0LD_1LC0LB_0RA0LB_1RD1LB	2	2	0	98
1RB0LD_1LC0LB_0RA0LB_1RD1LC	2	2	0	98
1RB0LD_1LC0LB_0RA0LB_1RD1RA	2	2	0	72
1RB0LD_1LC0LB_0RA0LB_1RD1RB	2	2	0	128
1RB0LD_1LC0LB_0RA0LD_1RD1LB	2	2	0	105
1RB0LD_1LC0LB_0RA0RD_1RD1LB	2	2	0	109
1RB0LD_1LC0LB_0RA1LA_1RD0RA	2	2	0	88
1RB0LD_1LC0LB_0RA1LA_1RD1LB	2	2	0	103
1RB0LD_1LC0LB_0RA1LA_1RD1RA	2	2	0	92
1RB0LD_1LC0LB_0RA1LA_1RD1RC	2	2	0	131
1RB0LD_1LC0LB_0RA1LB_1RD0LC	2	2	0	191
1RB0LD_1LC0LB_0RA1LB_1RD0RB	2	2	0	202
1RB0LD_1LC0LB_0RA1LB_1RD0RC	2	2	0	226
1RB0LD_1LC0LB_0RA1LB_1RD1LB	2	2	0	90
1RB0LD_1LC0LB_0RA1LB_1RD1LC	2	2	0	201
1RB0LD_1LC0LB_0RA1LB_1RD1RA	2	2	0	155
1RB0LD_1LC0LB_0RA1LB_1RD1RC	2	2	0	467
1RB0LD_1LC0LB_0RA1LC_1RD1LB	2	2	0	107
1RB0LD_1LC0LB_0RA1LD_1RD1LB	2	2	0	95
1RB0LD_1LC0LB_0RA1RA_1RD1LB	2	2	0	92
1RB0LD_1LC0LB_0RA1RD_1RD1LB	2	2	0	100
1RB0LD_1LC0LB_0RD0LB_1RA1RC	2	2	0	139
1RB0LD_1LC0LB_1LD0LB_1RD0RA	2	2	0	282
1RB0LD_1LC0LB_1LD1LA_1RD0RA	2	2	0	129
1RB0LD_1LC0LB_1RD0RC_1LA0RB	2	2	0	208
1RB0LD_1LC0LB_1RD1LB_1LA1RC	2	2	0	132
1RB0LD_1LC0LC_0RA0LB_1RD0RA	2	2	0	310
1RB0LD_1LC0LC_0RA0LB_1RD1LC	2	2	0	98
1RB0LD_1LC0LC_0RA0LB_1RD1RA	2	2	0	72
1RB0LD_1LC0LC_0RA1LB_1RD0RB	2	2	0	294
1RB0LD_1LC0LC_1LA1RA_---0RB	2	2	0	300
1RB0LD_1LC0LC_1RD1RC_1LA0RC	2	2	0	221
1RB0LD_1LC0LD_0RA0LB_1RD0RA	3	2	0	462
1RB0LD_1LC0LD_0RB0LB_1RD0RA	3	2	0	462
1RB0LD_1LC0LD_1RC1LA_0LC0LB	2	2	0	91
1RB0LD_1LC0LD_1RC1LB_0LC0LA	2	2	0	92
1RB0LD_1LC0RA_---0RD_1LA1LD	2	2	0	179
1RB0LD_1LC0RA_---1LA_1LA0LA	2	2	0	177
1RB0LD_1LC0RA_---1LA_1LA1LB	4	2	0	612
1RB0LD_1LC0RA_---1LA_1LA1LD	2	2	0	169
1RB0LD_1LC0RA_---1LA_1LA1RD	2	2	0	128
1RB0LD_1LC0RA_---1LD_1LA---	2	2	0	106
1RB0LD_1LC0RA_---1RA_1LA1LD	2	2	0	128
1RB0LD_1LC0RA_---1RD_1LA1LD	2	2	0	112
1RB0LD_1LC0RA_---1RD_1LA1RD	2	2	0	112
1RB0LD_1LC0RA_0LA1LA_1LA0RB	2	3	0	258
1RB0LD_1LC0RA_0LA1RC_1LA1LD	2	2	0	147
1RB0LD_1LC0RA_0LC1LA_1RC1LB	4	2	0	732
1RB0LD_1LC0RA_0LC1RD_1LA0RB	2	2	0	112
1RB0LD_1LC0RA_0LC1RD_1LA1RC	2	2	0	120
1RB0LD_1LC0RA_0LD0LB_1RD1LA	2	2	0	65
1RB0LD_1LC0RA_0LD0LC_1LA1LD	2	2	0	154
1RB0LD_1LC0RA_0LD1LA_1LA0RB	2	2	0	128
1RB0LD_1LC0RA_0LD1LB_0RD1LA	2	2	0	103
1RB0LD_1LC0RA_0LD1LC_1LA0RB	2	2	0	101
1RB0LD_1LC0RA_0LD1LC_1LA1LC	2	2	0	170
1RB0LD_1LC0RA_0LD1LC_1LA1LD	2	2	0	330
1RB0LD_1LC0RA_0LD1LC_1LA1RD	2	2	0	101
1RB0LD_1LC0RA_0LD1LC_1RD1RA	4	2	0	340
1RB0LD_1LC0RA_0LD1RA_1LA1LB	2	2	0	77
1RB0LD_1LC0RA_0LD1RC_1LA0RB	2	2	0	116
1RB0LD_1LC0RA_0LD1RC_1LA1LD	2	2	0	113
1RB0LD_1LC0RA_0LD1RC_1LA1RD	2	2	0	116
1RB0LD_1LC0RA_0LD1RD_1LA0RB	2	2	0	112
1RB0LD_1LC0RA_0RA0LB_0RD1RA	2	2	0	176
1RB0LD_1LC0RA_0RA0LB_1RD0LB	4	2	0	939
1RB0LD_1LC0RA_0RA0LB_1RD0RA	2	2	0	103
1RB0LD_1LC0RA_0RA0LB_1RD1LA	2	2	0	81
1RB0LD_1LC0RA_0RA0LB_1RD1RA	2	3	0	216
1RB0LD_1LC0RA_0RB1LB_0RD1LA	2	2	0	149
1RB0LD_1LC0RA_0RD0LB_1RA0RD	2	2	0	176
1RB0LD_1LC0RA_0RD0LB_1RA1RD	2	2	0	166
1RB0LD_1LC0RA_0RD0LC_1LA1LB	4	2	0	716
1RB0LD_1LC0RA_0RD0LC_1LA1LD	2	2	0	179
1RB0LD_1LC0RA_0RD0LC_1LA1RD	2	2	0	134
1RB0LD_1LC0RA_0RD1LB_0RC1LA	2	2	0	108
1RB0LD_1LC0RA_0RD1LB_0RD1LA	2	2	0	108
1RB0LD_1LC0RA_0RD1LC_1LA1LD	2	2	0	112
1RB0LD_1LC0RA_0RD1LC_1LA1RD	2	2	0	118
1RB0LD_1LC0RA_1LA0LB_0LD1RA	2	2	0	75
1RB0LD_1LC0RA_1LA0LB_0RC---	2	2	0	119
1RB0LD_1LC0RA_1LA0LB_0RD1LA	2	2	0	108
1RB0LD_1LC0RA_1LA0LB_0RD1RA	2	3	0	261
1RB0LD_1LC0RA_1LA0LB_1LD1RA	2	2	0	79
1RB0LD_1LC0RA_1LA0LB_1RC0RA	2	2	0	71
1RB0LD_1LC0RA_1LA0LB_1RC1LA	2	2	0	69
1RB0LD_1LC0RA_1LA0LB_1RC1RA	2	2	0	123
1RB0LD_1LC0RA_1LA0LB_1RD0LC	2	2	0	87
1RB0LD_1LC0RA_1LA0LB_1RD0RA	2	2	0	158
1RB0LD_1LC0RA_1LA0LB_1RD0RB	4	2	0	1003
1RB0LD_1LC0RA_1LA0LB_1RD1LA	2	2	0	77
1RB0LD_1LC0RA_1LA0LB_1RD1LC	2	2	0	123
1RB0LD_1LC0RA_1LA0LB_1RD1RA	2	3	0	300
1RB0LD_1LC0RA_1LA0LC_0LD1RB	4	2	0	284
1RB0LD_1LC0RA_1LA0LC_1LD0LC	4	2	0	236
1RB0LD_1LC0RA_1LA0RD_1LA0LB	2	2	0	128
1RB0LD_1LC0RA_1LA0RD_1LA0RB	2	2	0	86
1RB0LD_1LC0RA_1LA0RD_1LA1LB	2	2	0	112
1RB0LD_1LC0RA_1LA0RD_1LA1LC	2	2	0	179
1RB0LD_1LC0RA_1LA1LA_1LA1LC	2	2	0	169
1RB0LD_1LC0RA_1LA1LA_1LA1RC	2	2	0	128
1RB0LD_1LC0RA_1LA1LC_1LA---	2	2	0	106
1RB0LD_1LC0RA_1LA1LC_1RD1LA	2	2	0	198
1RB0LD_1LC0RA_1LA1LC_1RD1RA	2	2	0	100
1RB0LD_1LC0RA_1LA1LC_1RD1RB	3	2	0	338
1RB0LD_1LC0RA_1LA1RA_1LA1LC	2	2	0	128
1RB0LD_1LC0RA_1LA1RC_1LA0LC	2	2	0	129
1RB0LD_1LC0RA_1LA1RC_1LA1LC	2	2	0	721
1RB0LD_1LC0RA_1LA1RC_1LA1LD	2	2	0	419
1RB0LD_1LC0RA_1LA1RC_1LA1RC	2	2	0	112
1RB0LD_1LC0RA_1LA1RC_1LA1RD	2	2	0	112
1RB0LD_1LC0RA_1LA1RC_1LD0LC	4	2	0	260
1RB0LD_1LC0RA_1LA1RC_1RD1LC	2	2	0	252
1RB0LD_1LC0RA_1LA1RD_1LA0RB	2	2	0	108
1RB0LD_1LC0RA_1LA1RD_1LA1RC	2	2	0	112
1RB0LD_1LC0RA_1LA1RD_1LD0LC	4	2	0	260
1RB0LD_1LC0RA_1LB1LA_1LA0RC	4	2	0	964
1RB0LD_1LC0RA_1LB1RD_1LA0RC	2	2	0	66
1RB0LD_1LC0RA_1LC1LA_1LA1LC	4	2	0	612
1RB0LD_1LC0RA_1LC1RD_1LA0RC	2	2	0	66
1RB0LD_1LC0RA_1LD0LB_0RD1LA	2	2	0	137
1RB0LD_1LC0RA_1LD0LB_1RA0LD	2	2	0	216
1RB0LD_1LC0RA_1LD0LB_1RA0RD	2	2	0	130
1RB0LD_1LC0RA_1LD0LB_1RA1RA	2	2	0	115
1RB0LD_1LC0RA_1LD0LB_1RA1RD	2	2	0	162
1RB0LD_1LC0RA_1LD0LB_1RB---	2	2	0	71
1RB0LD_1LC0RA_1LD0LB_1RD0RA	2	2	0	158
1RB0LD_1LC0RA_1LD0LB_1RD1LA	2	2	0	149
1RB0LD_1LC0RA_1LD0LC_1LA0RC	2	2	0	255
1RB0LD_1LC0RA_1LD0LC_1LA1LD	2	2	0	150
1RB0LD_1LC0RA_1LD0LC_1LA1RD	2	3	0	182
1RB0LD_1LC0RA_1LD0LC_1RD1LA	2	2	0	109
1RB0LD_1LC0RA_1LD0RC_1LA---	2	2	0	86
1RB0LD_1LC0RA_1LD0RD_1LA0LB	4	2	0	143
1RB0LD_1LC0RA_1LD0RD_1LA0LC	2	2	0	128
1RB0LD_1LC0RA_1LD0RD_1LA0RB	2	3	0	289
1RB0LD_1LC0RA_1LD0RD_1LA0RC	2	2	0	86
1RB0LD_1LC0RA_1LD0RD_1LA1LC	2	2	0	112
1RB0LD_1LC0RA_1LD1LA_1LA0RB	2	3	0	254
1RB0LD_1LC0RA_1LD1LA_1LA1RC	2	2	0	132
1RB0LD_1LC0RA_1LD1LC_1LA0LD	2	2	0	102
1RB0LD_1LC0RA_1LD1LC_1LA0RC	2	3	0	223
1RB0LD_1LC0RA_1LD1LC_1LA1LD	2	3	0	221
1RB0LD_1LC0RA_1LD1LC_1LA1RD	2	3	0	215
1RB0LD_1LC0RA_1LD1RA_1LA0RB	2	2	0	118
1RB0LD_1LC0RA_1LD1RA_1LA1LB	2	2	0	134
1RB0LD_1LC0RA_1LD1RC_1LA1LA	2	2	0	108
1RB0LD_1LC0RA_1LD1RC_1LA1LD	2	2	0	163
1RB0LD_1LC0RA_1LD1RC_1LA1RD	2	2	0	116
1RB0LD_1LC0RA_1LD1RD_1LA0RC	2	2	0	108
1RB0LD_1LC0RA_1RA0LB_---0LC	2	2	0	73
1RB0LD_1LC0RA_1RA0LB_---0RC	2	2	0	127
1RB0LD_1LC0RA_1RA0LB_---1RC	2	2	0	103
1RB0LD_1LC0RA_1RA0LB_0RC0LD	2	2	0	303
1RB0LD_1LC0RA_1RA0LB_0RC1RA	2	2	0	269
1RB0LD_1LC0RA_1RA0LB_1LB1RA	2	2	0	121
1RB0LD_1LC0RA_1RA0LB_1RA0LD	2	2	0	73
1RB0LD_1LC0RA_1RA0LB_1RA0RD	2	2	0	127
1RB0LD_1LC0RA_1RA0LB_1RA1RD	2	2	0	103
1RB0LD_1LC0RA_1RA0LB_1RC0LD	2	2	0	353
1RB0LD_1LC0RA_1RA0LB_1RC1RA	2	2	0	178
1RB0LD_1LC0RA_1RA1LA_1LA0RC	2	2	0	95
1RB0LD_1LC0RA_1RA1LA_1RC1LC	3	2	0	289
1RB0LD_1LC0RA_1RA1LC_1LA1LD	2	2	0	156
1RB0LD_1LC0RA_1RA1LC_1LA1RD	2	2	0	109
1RB0LD_1LC0RA_1RB1LA_1LA0LC	2	2	0	177
1RB0LD_1LC0RA_1RB1LB_0RD1LA	2	2	0	102
1RB0LD_1LC0RA_1RB1LB_0RD1LC	2	2	0	102
1RB0LD_1LC0RA_1RB1LC_1LA1LD	2	2	0	169
1RB0LD_1LC0RA_1RB1LC_1LA1RD	2	2	0	128
1RB0LD_1LC0RA_1RC0LD_0LC1LA	2	2	0	198
1RB0LD_1LC0RA_1RC1LA_1LA0RB	2	2	0	132
1RB0LD_1LC0RA_1RD0LB_1LA1RD	2	2	0	82
1RB0LD_1LC0RA_1RD0LB_1LB0RC	2	2	0	120
1RB0LD_1LC0RA_1RD0LB_1LB1RB	2	2	0	111
1RB0LD_1LC0RA_1RD0LB_1RA0LA	2	2	0	73
1RB0LD_1LC0RA_1RD0LB_1RA0RD	2	2	0	176
1RB0LD_1LC0RA_1RD0LB_1RA1LA	2	2	0	115
1RB0LD_1LC0RA_1RD0LB_1RA1RD	2	3	0	216
1RB0LD_1LC0RA_1RD0LB_1RC1LA	2	2	0	69
1RB0LD_1LC0RA_1RD0LB_1RC1LB	4	2	0	953
1RB0LD_1LC0RA_1RD0LB_1RC1RD	4	2	0	925
1RB0LD_1LC0RA_1RD0LB_1RD1LA	2	2	0	69
1RB0LD_1LC0RA_1RD0LC_1LA0LC	2	2	0	214
1RB0LD_1LC0RA_1RD0LC_1LA1LD	2	2	0	340
1RB0LD_1LC0RA_1RD0LC_1LA1RD	2	2	0	105
1RB0LD_1LC0RA_1RD1LA_1LA1LC	2	2	0	177
1RB0LD_1LC0RA_1RD1LB_0RD1LA	2	2	0	109
1RB0LD_1LC0RA_1RD1LC_1LA0RC	2	2	0	86
1RB0LD_1LC0RA_1RD1LC_1LA1LD	2	3	0	225
1RB0LD_1LC0RA_1RD1LC_1LA1RD	2	3	0	213
1RB0LD_1LC0RA_1RD1LD_1RC1LA	2	2	0	204
1RB0LD_1LC0RA_1RD1RC_1LA0LA	2	2	0	170
1RB0LD_1LC0RA_1RD1RC_1LA0LC	2	2	0	233
1RB0LD_1LC0RA_1RD1RC_1LA0LD	2	2	0	170
1RB0LD_1LC0RA_1RD1RC_1LA1LB	2	2	0	80
1RB0LD_1LC0RA_1RD1RC_1LA1LD	2	2	0	111
1RB0LD_1LC0RA_1RD1RC_1LA1RD	2	2	0	112
1RB0LD_1LC0RB_0RA0LC_1LD0LA	2	2	0	214
1RB0LD_1LC0RB_0RA0LC_1LD1LA	2	2	0	187
1RB0LD_1LC0RB_0RA0RD_1LD1LA	2	2	0	187
1RB0LD_1LC0RB_0RA1LA_1LD0LA	2	2	0	99
1RB0LD_1LC0RB_0RA1LA_1LD1LA	2	2	0	179
1RB0LD_1LC0RB_0RA1RA_1LD1LA	2	2	0	213
1RB0LD_1LC0RB_0RA1RB_1LD0LA	2	2	0	201
1RB0LD_1LC0RB_0RA1RB_1LD1LA	2	2	0	185
1RB0LD_1LC0RB_0RC1RA_0LD1LA	3	2	0	303
1RB0LD_1LC0RB_0RD1LD_0RA1LB	2	2	0	343
1RB0LD_1LC0RB_1LC1LD_0RA---	2	2	0	199
1RB0LD_1LC0RB_1LC1LD_0RD1RA	2	2	0	195
1RB0LD_1LC0RB_1LC1LD_1RA0LD	2	2	0	138
1RB0LD_1LC0RB_1LC1LD_1RA0RA	2	2	0	199
1RB0LD_1LC0RB_1LC1LD_1RA1RA	2	2	0	199
1RB0LD_1LC0RB_1LC1LD_1RC1RA	2	2	0	201
1RB0LD_1LC0RB_1LC1LD_1RD1RA	2	2	0	195
1RB0LD_1LC0RB_1LC1RA_0RB1RD	2	2	0	193
1RB0LD_1LC0RB_1LC1RA_1LA0RD	2	2	0	213
1RB0LD_1LC0RB_1LC1RD_0RA1LA	2	2	0	203
1RB0LD_1LC0RB_1LC1RD_0RA1LD	2	2	0	219
1RB0LD_1LC0RB_1LC1RD_0RD1LA	2	2	0	219
1RB0LD_1LC0RB_1LC1RD_1RA1LA	2	2	0	179
1RB0LD_1LC0RB_1LD1RA_1LB1LA	3	2	0	314
1RB0LD_1LC0RB_1LD1RA_1LC1LA	2	2	0	133
1RB0LD_1LC0RB_1LD1RA_1LD1LA	2	2	0	133
1RB0LD_1LC0RB_1RA1LA_1LD0RC	2	2	0	139
1RB0LD_1LC0RB_1RC1LA_1LD0LA	2	2	0	213
1RB0LD_1LC0RB_1RC1LA_1LD1RB	2	2	0	2963
1RB0LD_1LC0RB_1RC1LD_0RA1LC	2	2	0	343
1RB0LD_1LC0RB_1RD0RB_1LA0RC	2	2	0	225
1RB0LD_1LC0RB_1RD1LA_0LD1RB	3	2	0	351
1RB0LD_1LC0RB_1RD1LA_1LC1RD	2	3	0	288
1RB0LD_1LC0RB_1RD1LA_1LD0LA	2	2	0	213
1RB0LD_1LC0RB_1RD1LC_1LA0RC	2	2	0	123
1RB0LD_1LC0RB_1RD1RC_1LA0RC	2	2	0	155
1RB0LD_1LC0RC_0LA1LA_---0RC	2	2	0	320
1RB0LD_1LC0RC_0LA1LA_---1RB	2	2	0	274
1RB0LD_1LC0RC_0LD1LB_1RD0RA	2	2	0	97
1RB0LD_1LC0RC_0LD1RA_1LD1LA	3	2	0	528
1RB0LD_1LC0RC_0RD1LB_1RD0RA	2	2	0	141
1RB0LD_1LC0RC_1LA0LC_---0LC	2	2	0	277
1RB0LD_1LC0RC_1LA0LC_0LC0LD	2	2	0	223
1RB0LD_1LC0RC_1LA0LC_0LC1RD	2	2	0	291
1RB0LD_1LC0RC_1LA0LC_1LA0LD	2	2	0	277
1RB0LD_1LC0RC_1LA0LC_1RA1RD	2	2	0	230
1RB0LD_1LC0RC_1LA0LD_1LA0LC	2	2	0	277
1RB0LD_1LC0RC_1LA0LD_1LA0LD	2	2	0	277
1RB0LD_1LC0RC_1LA0RD_1RC0RB	3	2	0	507
1RB0LD_1LC0RC_1LA1LC_0LC0LA	2	2	0	251
1RB0LD_1LC0RC_1LA1LC_0LC0LD	2	2	0	251
1RB0LD_1LC0RC_1LA1LC_1LA0LD	2	2	0	293
1RB0LD_1LC0RC_1LA1LD_0LC0RA	2	2	0	173
1RB0LD_1LC0RC_1LA1LD_1LA0LD	2	2	0	293
1RB0LD_1LC0RC_1LA1RA_0LD0RB	3	2	0	309
1RB0LD_1LC0RC_1LA1RC_0LC0LD	2	3	0	647
1RB0LD_1LC0RC_1LA1RC_1LA0LD	2	3	0	433
1RB0LD_1LC0RC_1LA1RC_1LC1LD	2	2	0	645
1RB0LD_1LC0RC_1LB1LA_1RB0RC	3	2	0	540
1RB0LD_1LC0RC_1LB1LA_1RB1LB	3	2	0	668
1RB0LD_1LC0RC_1LC1LA_1RB0RB	3	2	0	540
1RB0LD_1LC0RC_1LC1LA_1RB0RC	3	2	0	540
1RB0LD_1LC0RC_1LC1LA_1RB1LB	3	2	0	668
1RB0LD_1LC0RC_1LC1LA_1RC0RB	3	2	0	540
1RB0LD_1LC0RC_1LC1LA_1RC0RC	3	2	0	540
1RB0LD_1LC0RC_1LC1LA_1RC1LB	3	2	0	668
1RB0LD_1LC0RC_1LD0LC_1RB0RA	2	2	0	305
1RB0LD_1LC0RC_1LD0LC_1RB1RA	2	2	0	172
1RB0LD_1LC0RC_1RA0LD_0RA1LC	3	2	0	132
1RB0LD_1LC0RC_1RA1LA_0LD1LC	4	2	0	480
1RB0LD_1LC0RC_1RA1RA_0LD1LA	3	2	0	233
1RB0LD_1LC0RC_1RA1RA_1LD1LA	3	2	0	270
1RB0LD_1LC0RC_1RC1LD_1LA1RB	2	2	0	106
1RB0LD_1LC0RC_1RD1LA_0LD1LC	3	2	0	502
1RB0LD_1LC0RC_1RD1LA_1LD1LC	3	2	0	566
1RB0LD_1LC0RC_1RD1LB_1RC0RA	2	2	0	94
1RB0LD_1LC0RC_1RD1LB_1RD0RA	2	2	0	94
1RB0LD_1LC0RC_1RD1LC_---1RA	3	2	0	387
1RB0LD_1LC0RC_1RD1LC_1LA1RB	2	2	0	172
1RB0LD_1LC0RD_---0LD_1LA0LA	2	2	0	156
1RB0LD_1LC0RD_---0LD_1LA1RB	3	2	0	370
1RB0LD_1LC0RD_---1LA_1LC1RA	3	2	0	219
1RB0LD_1LC0RD_0LA0LD_1LA1RC	2	2	0	400
1RB0LD_1LC0RD_0LA1LA_1LA1RC	2	2	0	450
1RB0LD_1LC0RD_0LB1LA_0RC1RA	3	2	0	281
1RB0LD_1LC0RD_0LB1LD_0RB1RA	2	2	0	108
1RB0LD_1LC0RD_0LC0LD_1LA1RC	2	2	0	400
1RB0LD_1LC0RD_0LC1LA_1RB0RC	2	2	0	171
1RB0LD_1LC0RD_0LD1LB_1LA0RC	2	2	0	162
1RB0LD_1LC0RD_0RA1LC_1LA1RB	3	2	0	450
1RB0LD_1LC0RD_1LA0LB_1RB1RC	4	2	0	912
1RB0LD_1LC0RD_1LA0LB_1RB1RD	2	2	0	495
1RB0LD_1LC0RD_1LA0LB_1RC1RD	2	2	0	436
1RB0LD_1LC0RD_1LA0LC_1LA0LC	2	2	0	277
1RB0LD_1LC0RD_1LA0LC_1LA1RB	3	2	0	370
1RB0LD_1LC0RD_1LA0LD_1LA0LC	2	2	0	277
1RB0LD_1LC0RD_1LA0RD_1LA1RC	3	2	0	356
1RB0LD_1LC0RD_1LA0RD_1RC0RC	2	2	0	152
1RB0LD_1LC0RD_1LA0RD_1RC1LA	3	2	0	356
1RB0LD_1LC0RD_1LA1LC_1RC0RD	2	2	0	199
1RB0LD_1LC0RD_1LA1RB_1RC0LA	3	2	0	394
1RB0LD_1LC0RD_1LA1RB_1RC1LA	3	2	0	288
1RB0LD_1LC0RD_1LB1LA_0RC1RA	3	2	0	378
1RB0LD_1LC0RD_1LC1LA_0RB1RA	3	2	0	378
1RB0LD_1LC0RD_1LC1LA_0RC1RA	3	2	0	378
1RB0LD_1LC0RD_1LD0LB_1RB1RA	2	2	0	254
1RB0LD_1LC0RD_1LD1LB_0RA1RB	2	2	0	83
1RB0LD_1LC0RD_1RA0LB_1RB0LC	2	2	0	73
1RB0LD_1LC0RD_1RA0LB_1RB0RC	2	2	0	127
1RB0LD_1LC0RD_1RA0LB_1RB1RA	2	2	0	259
1RB0LD_1LC0RD_1RA0LB_1RB1RC	2	2	0	103
1RB0LD_1LC0RD_1RA0LB_1RB1RD	2	2	0	259
1RB0LD_1LC0RD_1RB0LD_1LC0LA	2	2	0	156
1RB0LD_1LC0RD_1RB1LA_1LC1RC	3	2	0	219
1RB0LD_1LC0RD_1RD0LD_1LA0LC	2	2	0	156
1RB0LD_1LC0RD_1RD1RC_1LA0LA	2	2	0	132
1RB0LD_1LC1LA_0RD0LB_1LB1RC	2	2	0	146
1RB0LD_1LC1LA_1LA0LD_1RD0RC	2	2	0	358
1RB0LD_1LC1LA_1LB1RC_1RB0RB	3	2	0	330
1RB0LD_1LC1LA_1LB1RC_1RB1LC	2	2	0	215
1RB0LD_1LC1LA_1LB1RC_1RD1LC	2	2	0	215
1RB0LD_1LC1LA_1RC0LB_0LC0LD	2	2	0	187
1RB0LD_1LC1LA_1RC0RB_0LB0LD	2	2	0	217
1RB0LD_1LC1LA_1RC0RB_0RB0LD	2	2	0	338
1RB0LD_1LC1LA_1RC0RB_1LC0LA	2	2	0	160
1RB0LD_1LC1LA_1RC0RB_1LC0LD	2	2	0	160
1RB0LD_1LC1LA_1RC1LB_0LC0LD	2	2	0	202
1RB0LD_1LC1LA_1RC1RB_0LC0LD	2	2	0	128
1RB0LD_1LC1LA_1RC1RB_0RC0LD	2	2	0	184
1RB0LD_1LC1LA_1RC1RB_1RC0LA	2	2	0	140
1RB0LD_1LC1LA_1RC1RB_1RC0LD	2	2	0	140
1RB0LD_1LC1LB_0LD0LB_1RD0RA	2	2	0	672
1RB0LD_1LC1LB_0RA0LB_1RD0RA	2	2	0	386
1RB0LD_1LC1LB_0RA1LA_1RD0RA	2	2	0	89
1RB0LD_1LC1LB_0RD0LB_1RD0RA	2	2	0	960
1RB0LD_1LC1LB_1LD0LB_1RD0RA	2	2	0	746
1RB0LD_1LC1LB_1RD0RB_1LA0RC	2	2	0	221
1RB0LD_1LC1LB_1RD0RC_1LA0RC	2	2	0	165
1RB0LD_1LC1LB_1RD0RD_1LA0RC	2	2	0	165
1RB0LD_1LC1LB_1RD1LA_1LC1RD	2	2	0	152
1RB0LD_1LC1LB_1RD1LB_1RC0RA	2	2	0	80
1RB0LD_1LC1LB_1RD1LB_1RD0RA	2	2	0	80
1RB0LD_1LC1LB_1RD1LC_1LA0RC	2	2	0	109
1RB0LD_1LC1LB_1RD1RA_1LA0RC	2	2	0	103
1RB0LD_1LC1LB_1RD1RB_0RC0RA	2	2	0	104
1RB0LD_1LC1LB_1RD1RB_1RC0RA	2	2	0	90
1RB0LD_1LC1LB_1RD1RB_1RD0RA	2	2	0	90
1RB0LD_1LC1LB_1RD1RC_1LA0RC	2	2	0	108
1RB0LD_1LC1LC_0LD1LB_1RD0RA	2	2	0	79
1RB0LD_1LC1LC_0RA0LB_1RD1RC	4	2	0	479
1RB0LD_1LC1LC_0RD1LB_1RD0RA	2	2	0	117
1RB0LD_1LC1LC_1LA1RC_---0RB	2	2	0	185
1RB0LD_1LC1LC_1RD1LB_1RC0RA	2	2	0	80
1RB0LD_1LC1LC_1RD1LB_1RD0RA	2	2	0	80
1RB0LD_1LC1LC_1RD1LC_1LA0RC	2	2	0	111
1RB0LD_1LC1LC_1RD1RC_1LA0RC	2	2	0	111
1RB0LD_1LC1LD_---1LA_1LC1RD	2	2	0	178
1RB0LD_1LC1LD_0LA0RD_1LB1RC	2	2	0	157
1RB0LD_1LC1LD_0LA1RC_---1LB	2	2	0	157
1RB0LD_1LC1LD_0RA0LB_1RC0LD	4	2	0	511
1RB0LD_1LC1LD_0RA0LB_1RC1LC	3	2	0	734
1RB0LD_1LC1LD_0RA0LB_1RD1RC	4	2	0	559
1RB0LD_1LC1LD_0RA1LB_1RC0RC	3	2	0	552
1RB0LD_1LC1LD_0RA1LB_1RC1LB	2	2	0	108
1RB0LD_1LC1LD_0RA1LB_1RC1LC	3	2	0	486
1RB0LD_1LC1LD_0RA1RB_1RC1LB	2	2	0	118
1RB0LD_1LC1LD_1LA1RC_1RC0RB	2	2	0	195
1RB0LD_1LC1LD_1RA0LC_1LB0RD	2	2	0	345
1RB0LD_1LC1LD_1RC0RB_0LB0RA	2	2	0	182
1RB0LD_1LC1LD_1RD1RC_1LA0RC	2	2	0	117
1RB0LD_1LC1RA_---1LA_0RA1LA	2	2	0	238
1RB0LD_1LC1RA_---1LA_0RD1LA	2	2	0	248
1RB0LD_1LC1RA_---1LA_1LA1LA	2	2	0	202
1RB0LD_1LC1RA_---1LA_1RA1LA	2	2	0	217
1RB0LD_1LC1RA_---1LA_1RD1LA	2	2	0	218
1RB0LD_1LC1RA_---1LD_0RA1LA	2	2	0	151
1RB0LD_1LC1RA_---1LD_0RD1LA	2	2	0	195
1RB0LD_1LC1RA_---1LD_1LA1LA	2	2	0	106
1RB0LD_1LC1RA_---1LD_1RA1LA	2	2	0	112
1RB0LD_1LC1RA_---1LD_1RB0LC	2	2	0	172
1RB0LD_1LC1RA_---1LD_1RD1LA	2	2	0	159
1RB0LD_1LC1RA_---1RA_---1LA	2	2	0	132
1RB0LD_1LC1RA_---1RD_1LA0LC	2	2	0	88
1RB0LD_1LC1RA_0LA1RC_---1LA	2	2	0	148
1RB0LD_1LC1RA_0LB1LA_1RC1LA	2	2	0	225
1RB0LD_1LC1RA_0LB1LD_0RA0RB	2	2	0	163
1RB0LD_1LC1RA_0LB1LD_1LA0RB	2	2	0	148
1RB0LD_1LC1RA_0LB1LD_1RC1LA	2	2	0	117
1RB0LD_1LC1RA_0LC1LA_1RC1LA	2	2	0	210
1RB0LD_1LC1RA_0LC1RD_1LA0RC	2	2	0	124
1RB0LD_1LC1RA_0LD0LC_1RD1LA	2	2	0	118
1RB0LD_1LC1RA_0LD1LA_1RC1LA	2	2	0	210
1RB0LD_1LC1RA_0LD1LD_1RC1LA	2	2	0	116
1RB0LD_1LC1RA_0RA1LA_1RC1LA	2	2	0	268
1RB0LD_1LC1RA_0RB1LA_0LC1LA	2	2	0	237
1RB0LD_1LC1RA_0RB1LA_0RC1LA	2	2	0	325
1RB0LD_1LC1RA_0RB1LA_1LC1LA	2	2	0	229
1RB0LD_1LC1RA_0RB1LA_1LD0RC	2	2	0	157
1RB0LD_1LC1RA_0RB1LA_1RC1LA	2	2	0	256
1RB0LD_1LC1RA_0RB1LC_0RC1LA	2	2	0	1332
1RB0LD_1LC1RA_0RB1LD_0LC1LA	2	2	0	124
1RB0LD_1LC1RA_0RB1LD_1LC1LA	2	2	0	118
1RB0LD_1LC1RA_0RB1LD_1RC1LA	2	2	0	316
1RB0LD_1LC1RA_0RC1LA_0LC1LA	2	2	0	251
1RB0LD_1LC1RA_0RC1LA_0RC1LA	2	2	0	248
1RB0LD_1LC1RA_0RC1LA_1LC1LA	2	2	0	210
1RB0LD_1LC1RA_0RC1LA_1RC1LA	2	2	0	225
1RB0LD_1LC1RA_0RD0LC_1RD1LA	2	2	0	130
1RB0LD_1LC1RA_0RD1LA_0RC1LA	2	2	0	248
1RB0LD_1LC1RA_0RD1LA_1LC1LA	2	2	0	210
1RB0LD_1LC1RA_0RD1LA_1RC1LA	2	2	0	225
1RB0LD_1LC1RA_0RD1LC_0RC1LA	2	2	0	589
1RB0LD_1LC1RA_0RD1LD_1LC1LA	2	2	0	116
1RB0LD_1LC1RA_0RD1LD_1RC1LA	2	2	0	117
1RB0LD_1LC1RA_1LA1RC_---1LA	2	2	0	106
1RB0LD_1LC1RA_1LA1RD_0LC1RC	2	2	0	189
1RB0LD_1LC1RA_1LB1LA_0RB0RD	2	2	0	199
1RB0LD_1LC1RA_1LB1LA_1RC1LA	2	2	0	218
1RB0LD_1LC1RA_1LB1LD_1RC1LA	2	2	0	124
1RB0LD_1LC1RA_1LC1LA_0RB0RD	2	2	0	199
1RB0LD_1LC1RA_1LD0RA_0RB1LA	2	2	0	147
1RB0LD_1LC1RA_1LD1LA_0RB1LA	2	2	0	226
1RB0LD_1LC1RA_1LD1LD_0RB1LA	2	2	0	135
1RB0LD_1LC1RA_1LD1RC_0RA1LA	2	2	0	164
1RB0LD_1LC1RA_1LD1RC_0RB1LA	2	2	0	132
1RB0LD_1LC1RA_1LD1RC_0RD1LA	2	2	0	180
1RB0LD_1LC1RA_1LD1RC_1LA1LA	2	2	0	108
1RB0LD_1LC1RA_1LD1RC_1RA1LA	2	2	0	136
1RB0LD_1LC1RA_1LD1RC_1RD1LA	2	2	0	124
1RB0LD_1LC1RA_1RA1LA_0RB1LA	2	2	0	218
1RB0LD_1LC1RA_1RA1LA_1LB1LA	2	2	0	204
1RB0LD_1LC1RA_1RA1LD_0RB1LA	2	2	0	133
1RB0LD_1LC1RA_1RA1LD_1LB1LA	2	2	0	99
1RB0LD_1LC1RA_1RB1LA_0RC1LA	2	2	0	238
1RB0LD_1LC1RA_1RB1LA_1LC1LA	2	2	0	202
1RB0LD_1LC1RA_1RB1LA_1RC1LA	2	2	0	217
1RB0LD_1LC1RA_1RB1LC_0RC1LA	2	2	0	537
1RB0LD_1LC1RA_1RB1LD_1LC1LA	2	2	0	106
1RB0LD_1LC1RA_1RB1LD_1RC1LA	2	2	0	113
1RB0LD_1LC1RA_1RC1LA_1RC1LA	2	2	0	218
1RB0LD_1LC1RA_1RD0LC_1RD1LA	2	2	0	118
1RB0LD_1LC1RA_1RD1LA_1RC1LA	2	2	0	218
1RB0LD_1LC1RA_1RD1LD_1RC1LA	2	2	0	124
1RB0LD_1LC1RA_1RD1RC_0LD1LA	2	2	0	118
1RB0LD_1LC1RA_1RD1RC_1LB1LA	2	2	0	126
1RB0LD_1LC1RB_---1LA_---1RB	2	2	0	166
1RB0LD_1LC1RB_---1LA_0LB1RD	2	2	0	212
1RB0LD_1LC1RB_---1LA_0RB1LD	2	2	0	520
1RB0LD_1LC1RB_---1LA_1LC1RD	2	2	0	166
1RB0LD_1LC1RB_0LA1LA_---0RC	2	2	0	212
1RB0LD_1LC1RB_0LB1LA_---1RC	2	2	0	212
1RB0LD_1LC1RB_0RA0LB_1RD0RA	2	2	0	848
1RB0LD_1LC1RB_0RB1LD_0RA1LC	2	2	0	157
1RB0LD_1LC1RB_1LA1LA_---0RB	2	2	0	166
1RB0LD_1LC1RB_1LA1RA_---0RB	2	2	0	190
1RB0LD_1LC1RB_1LA1RD_0LC0RB	2	2	0	102
1RB0LD_1LC1RB_1LC1LA_---1RC	2	2	0	166
1RB0LD_1LC1RB_1RB1LD_1RA1LC	2	2	0	130
1RB0LD_1LC1RB_1RD0LB_1LA0RC	2	2	0	75
1RB0LD_1LC1RB_1RD1LC_1LA0RC	2	2	0	166
1RB0LD_1LC1RB_1RD1RC_1LA0RC	2	3	0	228
1RB0LD_1LC1RC_0LA1RB_---0RB	2	2	0	231
1RB0LD_1LC1RC_0LC1RA_---1LA	2	2	0	186
1RB0LD_1LC1RC_0LD1LA_1RD0RB	2	2	0	294
1RB0LD_1LC1RC_0RD1LA_0LA0RB	3	2	0	329
1RB0LD_1LC1RC_0RD1LD_1RC1LA	2	2	0	212
1RB0LD_1LC1RC_0RD1LD_1RD1LA	2	2	0	147
1RB0LD_1LC1RC_1LA1RB_---0RB	2	2	0	175
1RB0LD_1LC1RC_1LA1RC_---0RB	2	2	0	175
1RB0LD_1LC1RC_1LB1RD_1LA0RC	2	2	0	202
1RB0LD_1LC1RC_1LD0RB_0RA1LC	2	2	0	169
1RB0LD_1LC1RC_1RA0RA_1LA1LC	3	2	0	295
1RB0LD_1LC1RC_1RB1LA_---1LA	2	2	0	118
1RB0LD_1LC1RC_1RB1RA_---1LA	2	2	0	132
1RB0LD_1LC1RC_1RB1RD_1LB1LA	2	2	0	83
1RB0LD_1LC1RC_1RC1LA_1LA0LD	2	2	0	97
1RB0LD_1LC1RC_1RC1LD_1LA0LA	2	2	0	80
1RB0LD_1LC1RC_1RD0LB_1LA0RC	2	2	0	105
1RB0LD_1LC1RC_1RD0LC_1LA0RC	2	2	0	113
1RB0LD_1LC1RC_1RD0LD_1LA0RC	2	2	0	99
1RB0LD_1LC1RC_1RD0RA_1LA0RC	2	2	0	98
1RB0LD_1LC1RC_1RD0RB_1LA0RC	2	2	0	108
1RB0LD_1LC1RC_1RD0RC_1LA0RC	2	2	0	103
1RB0LD_1LC1RC_1RD0RD_1LA0RC	2	2	0	103
1RB0LD_1LC1RC_1RD1LA_1LA0RC	2	2	0	108
1RB0LD_1LC1RC_1RD1LA_1LC0RB	3	2	0	255
1RB0LD_1LC1RC_1RD1LC_1LA0RC	2	2	0	115
1RB0LD_1LC1RC_1RD1LD_1LA0RC	2	2	0	154
1RB0LD_1LC1RC_1RD1RA_1LA0RC	2	2	0	101
1RB0LD_1LC1RC_1RD1RB_1LA0RC	2	2	0	107
1RB0LD_1LC1RC_1RD1RC_1LA0RC	2	2	0	107
1RB0LD_1LC1RC_1RD1RD_1LA0RC	2	2	0	102
1RB0LD_1LC1RD_---1LA_---1RB	2	2	0	166
1RB0LD_1LC1RD_---1LA_1LC1RD	2	2	0	166
1RB0LD_1LC1RD_---1LA_1RB1LA	2	2	0	118
1RB0LD_1LC1RD_---1LD_1RB1LA	2	2	0	176
1RB0LD_1LC1RD_---1RA_0LC1LA	2	2	0	186
1RB0LD_1LC1RD_0LA1LA_---0RC	2	2	0	266
1RB0LD_1LC1RD_0LB1LA_1RB0RB	2	2	0	132
1RB0LD_1LC1RD_0LD0LC_1LA1RA	2	2	0	292
1RB0LD_1LC1RD_0LD1LC_1RD1RA	3	2	0	338
1RB0LD_1LC1RD_0RA1LC_1LA1RA	3	2	0	342
1RB0LD_1LC1RD_0RA1LC_1RD1RA	3	2	0	324
1RB0LD_1LC1RD_0RA1LC_1RD1RB	2	2	0	132
1RB0LD_1LC1RD_0RB1LC_1LA1RB	2	2	0	157
1RB0LD_1LC1RD_0RD0LC_1LA1RA	2	2	0	310
1RB0LD_1LC1RD_0RD1LB_1RB1LA	2	2	0	133
1RB0LD_1LC1RD_0RD1LC_1LA1RB	2	2	0	157
1RB0LD_1LC1RD_1LA0LC_0LD0RA	3	2	0	412
1RB0LD_1LC1RD_1LA0LC_0RA1LD	3	2	0	502
1RB0LD_1LC1RD_1LA0LC_0RD1RB	3	2	0	300
1RB0LD_1LC1RD_1LA0LC_1LA1RA	2	2	0	150
1RB0LD_1LC1RD_1LA1LB_1LC0RB	2	2	0	233
1RB0LD_1LC1RD_1LA1LB_1RB1LA	2	2	0	120
1RB0LD_1LC1RD_1LA1LB_1RC0RD	2	2	0	509
1RB0LD_1LC1RD_1LA1LC_---1RA	3	2	0	338
1RB0LD_1LC1RD_1LA1RC_1RB1LA	2	2	0	106
1RB0LD_1LC1RD_1LB1LA_1RB0RC	3	2	0	619
1RB0LD_1LC1RD_1LB1RC_1RB1LA	2	2	0	114
1RB0LD_1LC1RD_1LC1LA_0RA0RB	4	2	0	114
1RB0LD_1LC1RD_1LC1LA_1RB0RC	3	2	0	621
1RB0LD_1LC1RD_1LC1LA_1RC0RC	3	2	0	619
1RB0LD_1LC1RD_1LD1LB_0RA0RB	2	2	0	120
1RB0LD_1LC1RD_1LD1LB_1RB1LA	2	2	0	120
1RB0LD_1LC1RD_1LD1RC_1RB1LA	2	2	0	290
1RB0LD_1LC1RD_1RA1LB_1RB1LA	2	2	0	129
1RB0LD_1LC1RD_1RA1RA_1RC1LA	2	2	0	121
1RB0LD_1LC1RD_1RB1LB_1RB1LA	2	2	0	131
1RB0LD_1LC1RD_1RB1LC_---1RA	3	2	0	310
1RB0LD_1LC1RD_1RC1LB_0RC0RA	2	2	0	108
1RB0LD_1LC1RD_1RD0RD_1LA0RC	2	2	0	263
1RB0LD_1LC1RD_1RD1LC_---1RA	3	2	0	319
1RB0LD_1LC1RD_1RD1LC_1LA0RC	2	2	0	133
1RB0LD_1LC1RD_1RD1LC_1LA1RB	2	2	0	130
1RB0LD_1LC1RD_1RD1RB_1LA0RC	2	2	0	178
1RB0LD_1LC1RD_1RD1RC_1LA0RC	2	2	0	215
1RB0LD_1RC---_0LA0RB_1LA1LC	2	2	0	93
1RB0LD_1RC---_0LD0RA_0LA1LD	3	2	0	520
1RB0LD_1RC---_0LD0RC_1RB1LA	2	2	0	165
1RB0LD_1RC---_0LD1RB_1RB1LA	2	2	0	119
1RB0LD_1RC---_1LA0RB_1LA1RB	2	2	0	77
1RB0LD_1RC---_1LD0RA_0LA1LD	3	2	0	655
1RB0LD_1RC---_1LD0RB_0RA0LC	2	2	0	119
1RB0LD_1RC0LA_0LB0RA_1LB---	3	2	0	273
1RB0LD_1RC0LA_0LD1RA_---1LB	3	2	0	227
1RB0LD_1RC0LA_0RD1RA_0LD1LB	3	2	0	234
1RB0LD_1RC0LA_0RD1RA_1LA1LB	3	2	0	246
1RB0LD_1RC0LA_1LA0LC_1RD1LB	3	2	0	107
1RB0LD_1RC0LA_1LA0LC_1RD1LC	2	2	0	140
1RB0LD_1RC0LA_1LA0RD_1LB0LD	2	2	0	269
1RB0LD_1RC0LA_1LA0RD_1LB0RC	2	2	0	494
1RB0LD_1RC0LA_1LA1RA_---1LB	3	2	0	488
1RB0LD_1RC0LA_1LB0RA_1LB---	3	2	0	155
1RB0LD_1RC0LA_1LB0RA_1RD1LB	3	2	0	287
1RB0LD_1RC0LA_1LB0RB_0LB0LA	2	2	0	208
1RB0LD_1RC0LA_1LB0RB_0LB0LD	2	2	0	208
1RB0LD_1RC0LA_1LB0RB_0LB1LA	4	2	0	2229
1RB0LD_1RC0LA_1LB0RB_0LB1LD	2	2	0	202
1RB0LD_1RC0LA_1LB0RB_0LB1RB	2	2	0	295
1RB0LD_1RC0LA_1LB0RB_0LB1RD	2	2	0	250
1RB0LD_1RC0LA_1LB0RB_0RB0LA	2	2	0	254
1RB0LD_1RC0LA_1LB0RB_0RB0LD	2	2	0	254
1RB0LD_1RC0LA_1LB0RB_0RB1LA	4	2	0	878
1RB0LD_1RC0LA_1LB0RB_0RB1LD	2	2	0	266
1RB0LD_1RC0LA_1LB0RB_0RB1RB	2	2	0	357
1RB0LD_1RC0LA_1LB0RB_1LB1LA	4	2	0	716
1RB0LD_1RC0LA_1LB0RD_1LB0LD	2	2	0	269
1RB0LD_1RC0LA_1LC1RA_---1LB	3	2	0	241
1RB0LD_1RC0LA_1LD0RB_1RB0LC	2	2	0	66
1RB0LD_1RC0LA_1LD0RD_1LB0LD	2	2	0	269
1RB0LD_1RC0LA_1RD0RD_1LB0LD	2	2	0	257
1RB0LD_1RC0LA_1RD1RC_1LB1LD	2	2	0	178
1RB0LD_1RC0LB_0LA0RC_1RD1LB	2	2	0	105
1RB0LD_1RC0LB_0LA0RD_1LB1LD	2	2	0	262
1RB0LD_1RC0LB_0LA0RD_1LB1RD	2	3	0	817
1RB0LD_1RC0LB_0LA1LA_1RD1LB	2	2	0	92
1RB0LD_1RC0LB_0LA1LB_1RD1LB	2	2	0	99
1RB0LD_1RC0LB_0LA1LB_1RD1LC	2	2	0	186
1RB0LD_1RC0LB_0LA1RA_1RD1LB	2	2	0	113
1RB0LD_1RC0LB_0LA1RB_1RD1LB	2	2	0	103
1RB0LD_1RC0LB_0LD0LA_1RD1LB	2	2	0	143
1RB0LD_1RC0LB_0RD0LA_1LB1RD	2	3	0	717
1RB0LD_1RC0LB_1LC0LA_1RD1LB	2	2	0	95
1RB0LD_1RC0LB_1LD0RA_1RD1LB	2	2	0	110
1RB0LD_1RC0LB_1RD---_1LA0RC	2	2	0	65
1RB0LD_1RC0LC_1LA0RD_1RC0RC	2	2	0	360
1RB0LD_1RC0LC_1LA1RA_---1LA	4	2	0	504
1RB0LD_1RC0LC_1LD1RC_0RA1LB	2	2	0	187
1RB0LD_1RC0LC_1RD0LA_1LA0RC	2	3	0	298
1RB0LD_1RC0LC_1RD0LB_1LA0RC	2	2	0	65
1RB0LD_1RC0LC_1RD0RA_1LA0RC	4	2	0	142
1RB0LD_1RC0LC_1RD0RB_1LA0RC	2	2	0	115
1RB0LD_1RC0LC_1RD1RA_0LD1LA	4	2	0	528
1RB0LD_1RC0LC_1RD1RA_1LC1LA	4	2	0	544
1RB0LD_1RC0LC_1RD1RB_1LA0RC	2	2	0	109
1RB0LD_1RC0LC_1RD1RC_1LA0RC	2	2	0	219
1RB0LD_1RC0LD_1LA0RC_1RC0RB	2	2	0	344
1RB0LD_1RC0LD_1LA0RC_1RC0RD	2	2	0	344
1RB0LD_1RC0LD_1LA0RD_1LB0LB	2	2	0	174
1RB0LD_1RC0LD_1LC1RB_1RB1LA	2	2	0	131
1RB0LD_1RC0LD_1RD0RB_1LB1LA	2	2	0	75
1RB0LD_1RC0LD_1RD0RD_1LB0LA	2	2	0	126
1RB0LD_1RC0LD_1RD1RB_1LA1LB	2	2	0	100
1RB0LD_1RC0RA_0LA---_1LA1LD	2	2	0	141
1RB0LD_1RC0RA_0LA0RD_1LB1LD	2	2	0	382
1RB0LD_1RC0RA_0LA1LD_1LA1LC	2	2	0	235
1RB0LD_1RC0RA_0LA1RB_---1LC	3	2	0	416
1RB0LD_1RC0RA_0LC0LD_1LA1LD	2	2	0	141
1RB0LD_1RC0RA_0LC1LD_1LA0LB	2	2	0	239
1RB0LD_1RC0RA_0LC1LD_1LA1LD	2	2	0	107
1RB0LD_1RC0RA_0LC1LD_1LA1RD	2	2	0	114
1RB0LD_1RC0RA_0LC1RD_1LA0LD	2	2	0	272
1RB0LD_1RC0RA_0LC1RD_1LA1LD	2	2	0	413
1RB0LD_1RC0RA_0LC1RD_1LA1RC	2	2	0	114
1RB0LD_1RC0RA_0LC1RD_1LA1RD	2	2	0	110
1RB0LD_1RC0RA_0LD---_1LA1LD	2	2	0	107
1RB0LD_1RC0RA_0LD---_1LA1RD	2	2	0	110
1RB0LD_1RC0RA_0LD0RD_1LB1LA	2	2	0	362
1RB0LD_1RC0RA_0LD0RD_1LB1LD	2	2	0	382
1RB0LD_1RC0RA_0LD1LC_1LA1LC	2	2	0	182
1RB0LD_1RC0RA_0LD1LD_1LA0LC	2	2	0	141
1RB0LD_1RC0RA_0LD1LD_1LA1LC	2	2	0	107
1RB0LD_1RC0RA_1LA---_1LA0RC	2	2	0	86
1RB0LD_1RC0RA_1LA---_1LA0RD	2	2	0	86
1RB0LD_1RC0RA_1LA---_1LA1RC	2	2	0	106
1RB0LD_1RC0RA_1LA---_1LA1RD	2	2	0	106
1RB0LD_1RC0RA_1LA0LA_1LA0LC	2	2	0	148
1RB0LD_1RC0RA_1LA0LA_1LA0LD	2	2	0	148
1RB0LD_1RC0RA_1LA0LA_1LA1LC	2	3	0	316
1RB0LD_1RC0RA_1LA0LA_1LA1LD	2	3	0	316
1RB0LD_1RC0RA_1LA0LB_1LA0LC	2	2	0	89
1RB0LD_1RC0RA_1LA0LB_1LA0LD	2	2	0	89
1RB0LD_1RC0RA_1LA0LB_1LA1LC	2	2	0	163
1RB0LD_1RC0RA_1LA0LB_1LA1LD	2	2	0	163
1RB0LD_1RC0RA_1LA0LB_1LD0LC	4	2	0	301
1RB0LD_1RC0RA_1LA0LB_1RC0LC	4	2	0	364
1RB0LD_1RC0RA_1LA0LB_1RD0LC	2	2	0	135
1RB0LD_1RC0RA_1LA0LC_1LA0LC	2	2	0	148
1RB0LD_1RC0RA_1LA0LC_1LA0LD	2	2	0	148
1RB0LD_1RC0RA_1LA0LC_1LA1LC	2	3	0	282
1RB0LD_1RC0RA_1LA0LC_1LA1LD	2	3	0	282
1RB0LD_1RC0RA_1LA0LD_1LA0LC	2	2	0	148
1RB0LD_1RC0RA_1LA0LD_1LA0LD	2	2	0	148
1RB0LD_1RC0RA_1LA0LD_1LA1LC	2	2	0	213
1RB0LD_1RC0RA_1LA0LD_1LA1LD	2	2	0	371
1RB0LD_1RC0RA_1LA0LD_1LD0LC	4	2	0	344
1RB0LD_1RC0RA_1LA0RB_1LA0LC	2	2	0	154
1RB0LD_1RC0RA_1LA0RB_1LA0LD	2	2	0	154
1RB0LD_1RC0RA_1LA0RB_1LA1LC	2	2	0	263
1RB0LD_1RC0RA_1LA0RB_1LA1LD	2	2	0	263
1RB0LD_1RC0RA_1LA0RB_1RD1RC	2	2	0	138
1RB0LD_1RC0RA_1LA0RC_1LA1LC	4	2	0	2450
1RB0LD_1RC0RA_1LA0RC_1LA1LD	2	2	0	488
1RB0LD_1RC0RA_1LA0RD_1LA1LD	2	2	0	488
1RB0LD_1RC0RA_1LA0RD_1LB1LD	2	2	0	437
1RB0LD_1RC0RA_1LA1LA_1LA0LC	2	2	0	93
1RB0LD_1RC0RA_1LA1LA_1LA0LD	2	2	0	93
1RB0LD_1RC0RA_1LA1LA_1LA1LC	2	2	0	211
1RB0LD_1RC0RA_1LA1LA_1LA1LD	2	2	0	211
1RB0LD_1RC0RA_1LA1LB_1LA0LC	2	2	0	123
1RB0LD_1RC0RA_1LA1LB_1LA0LD	2	2	0	123
1RB0LD_1RC0RA_1LA1LB_1LA1LB	2	2	0	131
1RB0LD_1RC0RA_1LA1LB_1LA1LC	2	2	0	215
1RB0LD_1RC0RA_1LA1LB_1LA1LD	2	2	0	215
1RB0LD_1RC0RA_1LA1LC_1LA0LC	2	2	0	214
1RB0LD_1RC0RA_1LA1LC_1LA0LD	2	2	0	214
1RB0LD_1RC0RA_1LA1LC_1LA0RB	2	2	0	202
1RB0LD_1RC0RA_1LA1LC_1LA1LB	2	3	0	390
1RB0LD_1RC0RA_1LA1LC_1LA1LC	2	2	0	358
1RB0LD_1RC0RA_1LA1LC_1LA1LD	2	2	0	358
1RB0LD_1RC0RA_1LA1LC_1LA1RB	2	2	0	167
1RB0LD_1RC0RA_1LA1LC_1RD1RB	3	2	0	615
1RB0LD_1RC0RA_1LA1LD_1LA0LC	2	2	0	181
1RB0LD_1RC0RA_1LA1LD_1LA0LD	2	2	0	93
1RB0LD_1RC0RA_1LA1LD_1LA1LC	2	2	0	358
1RB0LD_1RC0RA_1LA1LD_1LA1LD	2	2	0	358
1RB0LD_1RC0RA_1LA1RA_1LA1LD	2	3	0	386
1RB0LD_1RC0RA_1LA1RB_1LA0LC	4	2	0	2227
1RB0LD_1RC0RA_1LA1RB_1LA1LC	2	3	0	290
1RB0LD_1RC0RA_1LA1RB_1LA1LD	2	3	0	263
1RB0LD_1RC0RA_1LA1RB_1RD1RC	2	2	0	254
1RB0LD_1RC0RA_1LA1RC_1LA0LC	2	2	0	121
1RB0LD_1RC0RA_1LA1RC_1LA1LC	2	2	0	709
1RB0LD_1RC0RA_1LA1RC_1LA1LD	2	2	0	409
1RB0LD_1RC0RA_1LA1RC_1LD0LC	4	2	0	248
1RB0LD_1RC0RA_1LA1RC_1RD1LC	2	2	0	250
1RB0LD_1RC0RA_1LA1RD_1LA0LC	2	2	0	121
1RB0LD_1RC0RA_1LA1RD_1LA0LD	2	2	0	264
1RB0LD_1RC0RA_1LA1RD_1LA1LD	2	2	0	409
1RB0LD_1RC0RA_1LC0LA_1LA0LD	2	2	0	148
1RB0LD_1RC0RA_1LC0LA_1LA0RD	2	2	0	97
1RB0LD_1RC0RA_1LC0LA_1LA1LD	2	2	0	182
1RB0LD_1RC0RA_1LC0LA_1LA1RB	2	2	0	105
1RB0LD_1RC0RA_1LC0LA_1LA1RD	2	2	0	123
1RB0LD_1RC0RA_1LC0LA_1RD1RB	3	2	0	693
1RB0LD_1RC0RA_1LC0LD_1LA0LD	2	2	0	148
1RB0LD_1RC0RA_1LC0LD_1LA1LD	2	2	0	371
1RB0LD_1RC0RA_1LC0LD_1LA1RC	2	2	0	106
1RB0LD_1RC0RA_1LC0LD_1LA1RD	2	2	0	106
1RB0LD_1RC0RA_1LC0RD_1LA1LD	2	2	0	106
1RB0LD_1RC0RA_1LC0RD_1LB1LD	2	2	0	378
1RB0LD_1RC0RA_1LC1LA_1LA---	2	2	0	102
1RB0LD_1RC0RA_1LC1LA_1RA0RC	3	2	0	483
1RB0LD_1RC0RA_1LC1LD_1LA0LA	2	2	0	80
1RB0LD_1RC0RA_1LC1LD_1LA0LD	2	2	0	102
1RB0LD_1RC0RA_1LC1LD_1LA0RC	4	2	0	1218
1RB0LD_1RC0RA_1LC1LD_1LA1LD	2	2	0	159
1RB0LD_1RC0RA_1LC1LD_1LA1RD	2	2	0	116
1RB0LD_1RC0RA_1LC1RA_1LA1LD	2	2	0	111
1RB0LD_1RC0RA_1LC1RA_1LA1RD	2	2	0	114
1RB0LD_1RC0RA_1LC1RD_1LA1LD	2	2	0	163
1RB0LD_1RC0RA_1LC1RD_1LA1RD	2	2	0	112
1RB0LD_1RC0RA_1LD---_1LA1LA	2	2	0	102
1RB0LD_1RC0RA_1LD---_1LA1LD	2	2	0	159
1RB0LD_1RC0RA_1LD---_1LA1RD	2	2	0	112
1RB0LD_1RC0RA_1LD0LA_1LA0LD	2	2	0	148
1RB0LD_1RC0RA_1LD0LB_1LA0LA	2	2	0	89
1RB0LD_1RC0RA_1LD0LB_1LA0LC	2	2	0	79
1RB0LD_1RC0RA_1LD0LB_1LA0LD	2	2	0	89
1RB0LD_1RC0RA_1LD0LC_1LA0LD	2	2	0	148
1RB0LD_1RC0RA_1LD0LC_1LA0RC	2	2	0	153
1RB0LD_1RC0RA_1LD0LD_1LA0LA	2	2	0	148
1RB0LD_1RC0RA_1LD0LD_1LA0LC	2	2	0	148
1RB0LD_1RC0RA_1LD0LD_1LA0LD	2	2	0	148
1RB0LD_1RC0RA_1LD0LD_1LA1LC	2	2	0	102
1RB0LD_1RC0RA_1LD0RB_1LA0LC	2	2	0	318
1RB0LD_1RC0RA_1LD0RB_1LA0LD	2	2	0	154
1RB0LD_1RC0RA_1LD0RC_1LA0LD	2	2	0	157
1RB0LD_1RC0RA_1LD0RC_1LA0RC	2	2	0	212
1RB0LD_1RC0RA_1LD0RC_1LA1RC	2	2	0	88
1RB0LD_1RC0RA_1LD0RD_1LA0LA	2	3	0	870
1RB0LD_1RC0RA_1LD0RD_1LA1LC	2	2	0	163
1RB0LD_1RC0RA_1LD0RD_1LB1LD	2	2	0	382
1RB0LD_1RC0RA_1LD1LA_1LA0LD	2	2	0	93
1RB0LD_1RC0RA_1LD1LA_1LA1RC	2	2	0	114
1RB0LD_1RC0RA_1LD1LB_1LA0LA	2	2	0	123
1RB0LD_1RC0RA_1LD1LB_1LA0LC	2	2	0	131
1RB0LD_1RC0RA_1LD1LB_1LA0LD	2	2	0	123
1RB0LD_1RC0RA_1LD1LB_1LA1LC	2	2	0	110
1RB0LD_1RC0RA_1LD1LC_1LA0LD	2	2	0	214
1RB0LD_1RC0RA_1LD1LC_1LA0RC	2	2	0	167
1RB0LD_1RC0RA_1LD1LD_1LA0LA	2	2	0	93
1RB0LD_1RC0RA_1LD1LD_1LA0LC	2	2	0	211
1RB0LD_1RC0RA_1LD1LD_1LA0LD	2	2	0	93
1RB0LD_1RC0RA_1LD1LD_1LA0RC	2	2	0	106
1RB0LD_1RC0RA_1LD1LD_1LA1LC	2	2	0	159
1RB0LD_1RC0RA_1LD1RB_1LA1LC	2	2	0	80
1RB0LD_1RC0RA_1LD1RD_1LA0LA	2	2	0	264
1RB0LD_1RC0RA_1LD1RD_1LA0LC	2	2	0	106
1RB0LD_1RC0RA_1LD1RD_1LA0LD	2	2	0	264
1RB0LD_1RC0RA_1RD---_1LA0LA	2	2	0	158
1RB0LD_1RC0RA_1RD---_1LA0LD	2	2	0	158
1RB0LD_1RC0RA_1RD---_1LA0RD	2	2	0	110
1RB0LD_1RC0RA_1RD---_1LA1LD	2	2	0	107
1RB0LD_1RC0RA_1RD---_1LA1RD	2	2	0	108
1RB0LD_1RC0RA_1RD0LB_1LA0LC	2	2	0	92
1RB0LD_1RC0RA_1RD0LC_1LA0LB	2	2	0	98
1RB0LD_1RC0RA_1RD0LC_1LA0LC	2	2	0	162
1RB0LD_1RC0RA_1RD0LD_1LA0LC	2	2	0	158
1RB0LD_1RC0RA_1RD0RC_1LA0LC	2	2	0	156
1RB0LD_1RC0RA_1RD1LA_1LA0LC	2	2	0	140
1RB0LD_1RC0RA_1RD1LA_1LA1LB	2	2	0	156
1RB0LD_1RC0RA_1RD1LA_1LA1LC	2	2	0	128
1RB0LD_1RC0RA_1RD1LB_1LA0LC	2	2	0	139
1RB0LD_1RC0RA_1RD1LB_1LA1LB	2	2	0	203
1RB0LD_1RC0RA_1RD1LC_1LA1LB	2	2	0	346
1RB0LD_1RC0RA_1RD1LD_1LA0LC	2	2	0	215
1RB0LD_1RC0RA_1RD1LD_1LA1LC	2	2	0	107
1RB0LD_1RC0RA_1RD1RA_1LA1LB	3	2	0	606
1RB0LD_1RC0RA_1RD1RC_1LA0LC	2	2	0	227
1RB0LD_1RC0RA_1RD1RC_1LA1LB	2	2	0	74
1RB0LD_1RC0RB_0LA---_1LD1LA	2	2	0	203
1RB0LD_1RC0RB_0LA0LB_1LD1LC	2	2	0	343
1RB0LD_1RC0RB_0LA0RB_1LD1LB	2	2	0	203
1RB0LD_1RC0RB_0LA0RD_1LD1LB	2	2	0	634
1RB0LD_1RC0RB_0LA1LB_1LD1LC	2	2	0	124
1RB0LD_1RC0RB_0LA1RB_1LD1LC	2	2	0	323
1RB0LD_1RC0RB_0LC0RD_1LD1RA	2	2	0	241
1RB0LD_1RC0RB_1LA---_1RC0RA	2	2	0	304
1RB0LD_1RC0RB_1LA---_1RC0RC	2	2	0	170
1RB0LD_1RC0RB_1LA---_1RC1RA	2	2	0	319
1RB0LD_1RC0RB_1LA0LA_1LD1LA	2	2	0	393
1RB0LD_1RC0RB_1LA0LA_1LD1LC	2	2	0	340
1RB0LD_1RC0RB_1LA0LB_1LD0LC	2	2	0	325
1RB0LD_1RC0RB_1LA0LB_1LD1LA	2	2	0	535
1RB0LD_1RC0RB_1LA0LB_1LD1LC	2	2	0	268
1RB0LD_1RC0RB_1LA0LB_1LD1RB	2	2	0	379
1RB0LD_1RC0RB_1LA0LB_1RC1LA	2	2	0	313
1RB0LD_1RC0RB_1LA0LB_1RC1LC	2	2	0	295
1RB0LD_1RC0RB_1LA0LB_1RC1RB	2	2	0	433
1RB0LD_1RC0RB_1LA0LB_1RC1RD	2	2	0	433
1RB0LD_1RC0RB_1LA0RA_1RC1LB	2	3	0	475
1RB0LD_1RC0RB_1LA0RA_1RC1LD	2	3	0	475
1RB0LD_1RC0RB_1LA0RA_1RD0LC	3	2	0	348
1RB0LD_1RC0RB_1LA0RB_1LD0LC	4	2	0	1664
1RB0LD_1RC0RB_1LA0RB_1RC0RB	2	2	0	304
1RB0LD_1RC0RB_1LA0RB_1RC0RD	2	2	0	304
1RB0LD_1RC0RB_1LA0RB_1RC1LA	2	3	0	475
1RB0LD_1RC0RB_1LA0RB_1RC1LB	2	3	0	475
1RB0LD_1RC0RB_1LA0RB_1RC1LC	2	2	0	328
1RB0LD_1RC0RB_1LA0RB_1RC1LD	2	3	0	475
1RB0LD_1RC0RB_1LA0RB_1RC1RB	2	2	0	319
1RB0LD_1RC0RB_1LA0RB_1RC1RD	2	2	0	319
1RB0LD_1RC0RB_1LA0RD_1RC0RB	2	2	0	304
1RB0LD_1RC0RB_1LA1LA_1LD1LA	2	2	0	267
1RB0LD_1RC0RB_1LA1LA_1LD1LC	2	2	0	146
1RB0LD_1RC0RB_1LA1LB_1LD0LC	2	2	0	118
1RB0LD_1RC0RB_1LA1LB_1LD1LA	2	2	0	187
1RB0LD_1RC0RB_1LA1LB_1LD1LC	2	2	0	110
1RB0LD_1RC0RB_1LA1LB_1LD1RA	2	2	0	322
1RB0LD_1RC0RB_1LA1LB_1LD1RB	2	2	0	139
1RB0LD_1RC0RB_1LA1LB_1RC1LA	2	2	0	229
1RB0LD_1RC0RB_1LA1LB_1RC1LC	2	2	0	132
1RB0LD_1RC0RB_1LA1LB_1RC1RB	2	2	0	170
1RB0LD_1RC0RB_1LA1LB_1RC1RD	2	2	0	170
1RB0LD_1RC0RB_1LA1LC_1RC0RB	2	2	0	241
1RB0LD_1RC0RB_1LA1LC_1RC0RD	2	2	0	241
1RB0LD_1RC0RB_1LA1LC_1RC1RB	2	2	0	138
1RB0LD_1RC0RB_1LA1LC_1RC1RD	2	2	0	138
1RB0LD_1RC0RB_1LA1LD_1RC1LC	2	2	0	269
1RB0LD_1RC0RB_1LA1LD_1RC1RB	2	2	0	343
1RB0LD_1RC0RB_1LA1RA_1RC1LA	2	2	0	322
1RB0LD_1RC0RB_1LA1RA_1RC1LB	2	2	0	466
1RB0LD_1RC0RB_1LA1RB_1LD1LA	2	2	0	479
1RB0LD_1RC0RB_1LA1RB_1RC1LA	3	2	0	305
1RB0LD_1RC0RB_1LC0RA_1LA---	2	2	0	130
1RB0LD_1RC0RB_1LC0RA_1LD1LA	2	2	0	158
1RB0LD_1RC0RB_1LC0RA_1LD1RB	2	2	0	210
1RB0LD_1RC0RB_1LC1LD_1LC1RA	2	2	0	106
1RB0LD_1RC0RB_1LC1LD_1LD1RA	2	2	0	223
1RB0LD_1RC0RB_1LD0RB_1LA0LC	2	2	0	166
1RB0LD_1RC0RB_1LD1LA_0RA0LB	2	2	0	340
1RB0LD_1RC0RB_1LD1LA_0RC0LB	2	2	0	200
1RB0LD_1RC0RB_1LD1LA_1LC0RA	2	2	0	158
1RB0LD_1RC0RB_1LD1LA_1LC1RD	2	2	0	277
1RB0LD_1RC0RB_1LD1LA_1RA0LB	2	2	0	367
1RB0LD_1RC0RB_1LD1LA_1RC1LC	3	2	0	387
1RB0LD_1RC0RB_1LD1LC_0RA0LB	2	2	0	193
1RB0LD_1RC0RB_1LD1RB_0LA1LC	4	2	0	168
1RB0LD_1RC0RB_1RD0LB_1LA0RC	2	2	0	153
1RB0LD_1RC0RB_1RD0LB_1LD1LA	2	2	0	189
1RB0LD_1RC0RB_1RD0RA_1LA0RC	4	2	0	236
1RB0LD_1RC0RB_1RD0RD_1LD1LA	3	2	0	1195
1RB0LD_1RC0RB_1RD1LA_1LC1RD	2	2	0	200
1RB0LD_1RC0RB_1RD1LA_1LD1LA	2	2	0	205
1RB0LD_1RC0RB_1RD1LB_1LD1LA	2	2	0	167
1RB0LD_1RC0RB_1RD1LC_1LA0RC	2	2	0	117
1RB0LD_1RC0RB_1RD1RB_1LD1LA	3	2	0	997
1RB0LD_1RC0RB_1RD1RC_1LA0RC	2	2	0	119
1RB0LD_1RC0RB_1RD1RC_1LD1LA	2	2	0	315
1RB0LD_1RC0RC_0RD0RC_1LD1RA	2	2	0	200
1RB0LD_1RC0RC_1LA0LA_---0LC	3	2	0	503
1RB0LD_1RC0RC_1LA0LA_0LC0LD	2	2	0	210
1RB0LD_1RC0RC_1LA0LA_0RC0LD	2	2	0	256
1RB0LD_1RC0RC_1LA0LA_1LA0LD	2	2	0	186
1RB0LD_1RC0RC_1LA0LB_0LC0LD	2	2	0	202
1RB0LD_1RC0RC_1LA0LB_0RC0LD	2	2	0	286
1RB0LD_1RC0RC_1LA0LB_1LA0LD	2	2	0	134
1RB0LD_1RC0RC_1LA0LB_1LB0LD	2	2	0	150
1RB0LD_1RC0RC_1LA0LC_---0LC	2	2	0	269
1RB0LD_1RC0RC_1LA0LC_0LC0LD	2	2	0	215
1RB0LD_1RC0RC_1LA0LC_0LC1RD	2	2	0	283
1RB0LD_1RC0RC_1LA0LC_0RB0LD	2	2	0	333
1RB0LD_1RC0RC_1LA0LC_1LA0LD	2	2	0	269
1RB0LD_1RC0RC_1LA0LC_1LB0LD	2	2	0	210
1RB0LD_1RC0RC_1LA0LC_1LB0RD	2	2	0	297
1RB0LD_1RC0RC_1LA0LD_0RA0LC	4	2	0	584
1RB0LD_1RC0RC_1LA0LD_0RB0LC	2	2	0	340
1RB0LD_1RC0RC_1LA0LD_1LA0LC	2	2	0	269
1RB0LD_1RC0RC_1LA0LD_1LA0LD	2	2	0	269
1RB0LD_1RC0RC_1LA0LD_1RA0LC	2	2	0	116
1RB0LD_1RC0RC_1LA0LD_1RC0LC	2	2	0	134
1RB0LD_1RC0RC_1LA0RA_0LC0LD	2	2	0	521
1RB0LD_1RC0RC_1LA0RA_1LC1RC	3	2	0	96
1RB0LD_1RC0RC_1LA0RB_0LC0LD	2	2	0	553
1RB0LD_1RC0RC_1LA0RB_0LC1RB	4	2	0	300
1RB0LD_1RC0RC_1LA0RB_1LC0LB	3	2	0	3381
1RB0LD_1RC0RC_1LA0RB_1LC0LC	3	2	0	1576
1RB0LD_1RC0RC_1LA0RB_1LC0RB	3	2	0	1466
1RB0LD_1RC0RC_1LA0RB_1LC0RC	3	2	0	1274
1RB0LD_1RC0RC_1LA0RB_1LC1LA	3	2	0	327
1RB0LD_1RC0RC_1LA0RB_1LC1LB	3	2	0	2969
1RB0LD_1RC0RC_1LA0RB_1LC1LC	3	2	0	1470
1RB0LD_1RC0RC_1LA0RB_1LC1LD	3	2	0	1428
1RB0LD_1RC0RC_1LA0RB_1LC1RD	3	2	0	990
1RB0LD_1RC0RC_1LA0RB_1RC0LC	2	2	0	177
1RB0LD_1RC0RC_1LA0RB_1RC0RC	2	2	0	170
1RB0LD_1RC0RC_1LA0RD_0LA0LC	2	2	0	293
1RB0LD_1RC0RC_1LA0RD_1RC0LC	2	2	0	190
1RB0LD_1RC0RC_1LA0RD_1RC0RC	2	2	0	170
1RB0LD_1RC0RC_1LA1LC_0LC0LD	2	2	0	364
1RB0LD_1RC0RC_1LA1LC_1LA0LD	2	2	0	274
1RB0LD_1RC0RC_1LA1LD_0LC0LD	2	2	0	282
1RB0LD_1RC0RC_1LA1LD_0RA0LC	4	2	0	692
1RB0LD_1RC0RC_1LA1LD_1LA0LD	2	2	0	274
1RB0LD_1RC0RC_1LA1RA_1LA0LD	2	2	0	533
1RB0LD_1RC0RC_1LA1RA_1LA1LA	4	2	0	504
1RB0LD_1RC0RC_1LA1RA_1RD1LA	4	2	0	668
1RB0LD_1RC0RC_1LA1RB_---0LC	4	2	0	476
1RB0LD_1RC0RC_1LA1RB_0LA1LC	3	2	0	1314
1RB0LD_1RC0RC_1LA1RB_0LC1LC	3	2	0	1343
1RB0LD_1RC0RC_1LA1RB_0RA1LC	3	2	0	419
1RB0LD_1RC0RC_1LA1RB_0RB1LC	3	2	0	1396
1RB0LD_1RC0RC_1LA1RB_0RC1LC	3	2	0	314
1RB0LD_1RC0RC_1LA1RB_0RD1LC	3	2	0	322
1RB0LD_1RC0RC_1LA1RB_1LA0LD	2	2	0	505
1RB0LD_1RC0RC_1LA1RB_1LA1LC	3	2	0	1080
1RB0LD_1RC0RC_1LA1RB_1LB1LC	3	2	0	1882
1RB0LD_1RC0RC_1LA1RB_1LC1LC	3	2	0	346
1RB0LD_1RC0RC_1LA1RB_1RA1LC	3	2	0	695
1RB0LD_1RC0RC_1LA1RB_1RB1LC	3	2	0	640
1RB0LD_1RC0RC_1LA1RB_1RC1LD	4	2	0	118
1RB0LD_1RC0RC_1LA1RB_1RD1LC	3	2	0	699
1RB0LD_1RC0RC_1LA1RC_0LC0LD	2	3	0	645
1RB0LD_1RC0RC_1LA1RC_1LA0LD	2	3	0	431
1RB0LD_1RC0RC_1LA1RC_1LC1LD	2	2	0	643
1RB0LD_1RC0RC_1LA1RD_0LD0LC	2	2	0	378
1RB0LD_1RC0RC_1LA1RD_1LA0LD	2	3	0	431
1RB0LD_1RC0RC_1LC1LA_1RC1LC	3	2	0	358
1RB0LD_1RC0RC_1LC1LD_0RB1RA	2	2	0	309
1RB0LD_1RC0RC_1LD0RB_0LA0LB	2	2	0	199
1RB0LD_1RC0RC_1RD0RC_1LD1LA	2	2	0	205
1RB0LD_1RC0RC_1RD1LC_1LA1RB	2	2	0	163
1RB0LD_1RC0RC_1RD1RA_1LD1LA	3	2	0	468
1RB0LD_1RC0RD_0LC1LA_1LA0LA	2	2	0	161
1RB0LD_1RC0RD_0LC1LD_1LA0LA	2	2	0	174
1RB0LD_1RC0RD_1LA0LB_1RC1LA	2	2	0	313
1RB0LD_1RC0RD_1LA0LB_1RC1RB	2	2	0	433
1RB0LD_1RC0RD_1LA0LB_1RC1RD	2	2	0	433
1RB0LD_1RC0RD_1LA0LC_1LA0LC	2	2	0	269
1RB0LD_1RC0RD_1LA0LD_1LA0LC	2	2	0	269
1RB0LD_1RC0RD_1LA0RB_1LA1RC	2	2	0	69
1RB0LD_1RC0RD_1LA0RB_1RC0RB	2	2	0	304
1RB0LD_1RC0RD_1LA0RB_1RC0RD	2	2	0	304
1RB0LD_1RC0RD_1LA0RD_1RC0RB	2	2	0	304
1RB0LD_1RC0RD_1LA0RD_1RC0RC	2	2	0	187
1RB0LD_1RC0RD_1LA1LC_0LD1RB	4	2	0	488
1RB0LD_1RC0RD_1LA1LC_1RC0RB	2	2	0	241
1RB0LD_1RC0RD_1LA1LC_1RC0RD	2	2	0	241
1RB0LD_1RC0RD_1LA1LC_1RC1RB	4	2	0	436
1RB0LD_1RC0RD_1LA1RB_1RC1LA	3	2	0	305
1RB0LD_1RC0RD_1LB0LA_1LA0RC	2	2	0	534
1RB0LD_1RC0RD_1LC0LA_1LA1RB	4	2	0	684
1RB0LD_1RC0RD_1LC0RA_1LA0LA	2	2	0	169
1RB0LD_1RC0RD_1RD---_1LA0LA	2	2	0	126
1RB0LD_1RC0RD_1RD0LD_1LA0LC	2	2	0	148
1RB0LD_1RC1LA_0LA1RB_---1LC	2	2	0	100
1RB0LD_1RC1LA_0LB0RD_1LB0LA	2	2	0	161
1RB0LD_1RC1LA_0LD0RB_1RB1LC	2	2	0	147
1RB0LD_1RC1LA_0LD1RA_1RB0LB	3	2	0	254
1RB0LD_1RC1LA_0LD1RD_1RB0LB	3	2	0	254
1RB0LD_1RC1LA_0RD0RC_1LD1RB	2	2	0	95
1RB0LD_1RC1LA_1LA0RB_1LD1RB	2	2	0	101
1RB0LD_1RC1LA_1LB0LA_1RD0RC	2	2	0	387
1RB0LD_1RC1LA_1LC0RB_1LA1RB	2	2	0	97
1RB0LD_1RC1LA_1LC0RB_1LC1RB	2	2	0	145
1RB0LD_1RC1LA_1LC0RB_1LD1RB	2	2	0	121
1RB0LD_1RC1LA_1LD0RA_0RB0LB	4	2	0	903
1RB0LD_1RC1LA_1LD0RB_1LA1RB	2	2	0	87
1RB0LD_1RC1LA_1LD0RB_1LC1RB	2	2	0	135
1RB0LD_1RC1LA_1LD0RB_1LD1RB	2	2	0	111
1RB0LD_1RC1LA_1LD0RB_1RB0LB	2	2	0	123
1RB0LD_1RC1LA_1LD0RB_1RB0LC	2	2	0	103
1RB0LD_1RC1LA_1LD0RC_1LD1RB	2	2	0	189
1RB0LD_1RC1LA_1LD1RA_1RB0LB	3	2	0	192
1RB0LD_1RC1LA_1LD1RD_1RB0LB	3	2	0	192
1RB0LD_1RC1LA_1RD1RC_1LB1LD	2	2	0	115
1RB0LD_1RC1LB_0RD0RC_1LD1RA	2	2	0	141
1RB0LD_1RC1LB_1LA0RB_1LD1LA	2	3	0	384
1RB0LD_1RC1LB_1LB1LA_1RD0RA	2	2	0	347
1RB0LD_1RC1LB_1LB1RD_1LA1RC	2	2	0	129
1RB0LD_1RC1LB_1RD0RB_0LD1LA	2	3	0	374
1RB0LD_1RC1LB_1RD0RC_1LD1LA	2	2	0	126
1RB0LD_1RC1LB_1RD1LC_1LA0RC	2	2	0	101
1RB0LD_1RC1LB_1RD1RC_1LA0RC	2	2	0	146
1RB0LD_1RC1LB_1RD1RC_1LA1LB	2	2	0	125
1RB0LD_1RC1LB_1RD1RD_1LA0RC	2	2	0	99
1RB0LD_1RC1LC_0RD0RC_1LD1RA	2	2	0	95
1RB0LD_1RC1LC_1LD0RC_0RB0LA	2	2	0	274
1RB0LD_1RC1LC_1RD0LB_1LA0RC	2	2	0	99
1RB0LD_1RC1LC_1RD1LC_1LA0RC	2	2	0	101
1RB0LD_1RC1LC_1RD1RC_1LA0RC	2	2	0	109
1RB0LD_1RC1LD_0LB1RC_0RA1LB	2	2	0	172
1RB0LD_1RC1LD_0LD0RC_0RB1LA	2	2	0	358
1RB0LD_1RC1LD_0LD1RC_0RA1LB	2	2	0	172
1RB0LD_1RC1LD_1LA0RC_1RC0RD	2	2	0	253
1RB0LD_1RC1LD_1LA1RD_1LB0RC	2	2	0	221
1RB0LD_1RC1LD_1LC1RB_0RA0LB	2	2	0	79
1RB0LD_1RC1LD_1LC1RB_1LB1LA	2	2	0	78
1RB0LD_1RC1LD_1LD1LA_1LC1RD	2	2	0	165
1RB0LD_1RC1LD_1LD1RB_0RA0LB	2	2	0	71
1RB0LD_1RC1LD_1LD1RB_1LB1LA	2	2	0	76
1RB0LD_1RC1LD_1LD1RC_0RA1LB	2	2	0	149
1RB0LD_1RC1LD_1RD0LA_1LA0RC	2	2	0	113
1RB0LD_1RC1LD_1RD0RD_0LA0LB	2	2	0	110
1RB0LD_1RC1LD_1RD1LA_1LC1RD	2	2	0	163
1RB0LD_1RC1LD_1RD1RA_1LA0RC	2	2	0	113
1RB0LD_1RC1LD_1RD1RB_0LA0LB	2	2	0	84
1RB0LD_1RC1LD_1RD1RB_1LB1LA	2	2	0	78
1RB0LD_1RC1LD_1RD1RC_1LA0RC	2	2	0	115
1RB0LD_1RC1LD_1RD1RC_1LA1LB	2	2	0	114
1RB0LD_1RC1RA_0LA---_---1LA	2	2	0	136
1RB0LD_1RC1RA_0LC0LD_---1LA	2	2	0	136
1RB0LD_1RC1RA_0LC0RD_0LD1LA	2	2	0	148
1RB0LD_1RC1RA_0LC1LB_---1LA	2	2	0	148
1RB0LD_1RC1RA_0LC1LD_0RA1LA	2	2	0	270
1RB0LD_1RC1RA_0LC1LD_0RD1LA	2	2	0	280
1RB0LD_1RC1RA_0LC1LD_1LA1LA	2	2	0	230
1RB0LD_1RC1RA_0LC1LD_1RA1LA	2	2	0	222
1RB0LD_1RC1RA_0LC1LD_1RD1LA	2	2	0	246
1RB0LD_1RC1RA_0LC1RD_1LC1LA	2	2	0	114
1RB0LD_1RC1RA_0RD0RC_1LD1LB	2	3	0	343
1RB0LD_1RC1RA_1LA---_---1LA	2	2	0	98
1RB0LD_1RC1RA_1LA---_0LC0RD	2	2	0	136
1RB0LD_1RC1RA_1LA1RD_0LC1RC	2	2	0	181
1RB0LD_1RC1RA_1LB0LD_0RA1LC	2	2	0	90
1RB0LD_1RC1RA_1LB0LD_1LA1LC	2	2	0	74
1RB0LD_1RC1RA_1LB1LD_1RB0LC	2	2	0	148
1RB0LD_1RC1RA_1LC0LA_0RA1LA	2	2	0	289
1RB0LD_1RC1RA_1LC0LA_0RD1LA	2	2	0	299
1RB0LD_1RC1RA_1LC0LA_1LA1LA	2	2	0	239
1RB0LD_1RC1RA_1LC0LA_1RA1LA	2	2	0	227
1RB0LD_1RC1RA_1LC0LA_1RD1LA	2	2	0	236
1RB0LD_1RC1RA_1LC0LD_---1LA	2	2	0	98
1RB0LD_1RC1RA_1LC0RA_0LD1LA	2	2	0	148
1RB0LD_1RC1RA_1LC1LA_0RA1LA	2	2	0	154
1RB0LD_1RC1RA_1LC1LA_0RD1LA	2	2	0	170
1RB0LD_1RC1RA_1LC1LA_1LA1LA	2	2	0	102
1RB0LD_1RC1RA_1LC1LA_1RA1LA	2	2	0	130
1RB0LD_1RC1RA_1LC1LA_1RB1LA	2	2	0	118
1RB0LD_1RC1RA_1LC1LA_1RD1LA	2	2	0	118
1RB0LD_1RC1RA_1LC1LB_---1LA	2	2	0	106
1RB0LD_1RC1RA_1LC1LD_0RA1LA	2	2	0	213
1RB0LD_1RC1RA_1LC1LD_0RD1LA	2	2	0	219
1RB0LD_1RC1RA_1LC1LD_1LA1LA	2	2	0	208
1RB0LD_1RC1RA_1LC1LD_1RA1LA	2	2	0	209
1RB0LD_1RC1RA_1LC1LD_1RD1LA	2	2	0	220
1RB0LD_1RC1RA_1LC1RD_---1LA	2	2	0	106
1RB0LD_1RC1RA_1LD---_0RA1LA	2	2	0	154
1RB0LD_1RC1RA_1LD---_0RD1LA	2	2	0	170
1RB0LD_1RC1RA_1LD---_1LA1LA	2	2	0	102
1RB0LD_1RC1RA_1LD---_1RA1LA	2	2	0	130
1RB0LD_1RC1RA_1LD---_1RD1LA	2	2	0	118
1RB0LD_1RC1RA_1LD0LB_0RB1LA	2	2	0	266
1RB0LD_1RC1RA_1LD0LB_1LB1LA	2	2	0	237
1RB0LD_1RC1RA_1LD0LB_1RB1LA	2	2	0	158
1RB0LD_1RC1RA_1LD0RB_0RC1LA	2	2	0	174
1RB0LD_1RC1RA_1LD0RC_0RB1LA	2	2	0	691
1RB0LD_1RC1RA_1LD0RD_0RC1LA	2	2	0	186
1RB0LD_1RC1RA_1LD0RD_1LB1LA	2	2	0	118
1RB0LD_1RC1RA_1LD1LA_0LC0RD	4	2	0	702
1RB0LD_1RC1RA_1LD1LA_0LC1RD	2	2	0	160
1RB0LD_1RC1RA_1LD1LA_1RB1LA	2	2	0	118
1RB0LD_1RC1RA_1LD1LB_0RC1LA	2	2	0	134
1RB0LD_1RC1RA_1LD1LC_0RB1LA	2	2	0	134
1RB0LD_1RC1RA_1LD1RA_0RB1LA	2	2	0	154
1RB0LD_1RC1RA_1LD1RA_0RC1LA	2	2	0	129
1RB0LD_1RC1RA_1LD1RA_1LB1LA	2	2	0	102
1RB0LD_1RC1RA_1LD1RA_1RB1LA	2	2	0	130
1RB0LD_1RC1RA_1LD1RB_0RB1LA	2	2	0	218
1RB0LD_1RC1RA_1LD1RB_0RC1LA	2	2	0	170
1RB0LD_1RC1RA_1LD1RB_1LB1LA	2	2	0	197
1RB0LD_1RC1RA_1LD1RB_1RB1LA	2	2	0	114
1RB0LD_1RC1RA_1LD1RD_0RB1LA	2	2	0	165
1RB0LD_1RC1RA_1LD1RD_1RB1LA	2	2	0	121
1RB0LD_1RC1RA_1RD---_0LD1LA	2	2	0	110
1RB0LD_1RC1RA_1RD---_1LB1LA	2	2	0	118
1RB0LD_1RC1RA_1RD0LA_1LC1LA	2	2	0	142
1RB0LD_1RC1RA_1RD1RA_1LC1LA	2	2	0	118
1RB0LD_1RC1RB_0LD0RA_1LB1LD	2	2	0	126
1RB0LD_1RC1RB_1LA0LD_0RB1LD	2	2	0	593
1RB0LD_1RC1RB_1LA0LD_1RB1LD	2	2	0	768
1RB0LD_1RC1RB_1LA0RA_1RC0LC	3	2	0	180
1RB0LD_1RC1RB_1LA0RB_1LD1LA	3	2	0	251
1RB0LD_1RC1RB_1LA0RC_---1LA	4	2	0	502
1RB0LD_1RC1RB_1LA0RD_1LB0LD	2	2	0	194
1RB0LD_1RC1RB_1LA1LC_---0LC	2	2	0	184
1RB0LD_1RC1RB_1LA1LC_---1LC	2	2	0	129
1RB0LD_1RC1RB_1LA1LC_0LA1LD	2	2	0	156
1RB0LD_1RC1RB_1LA1LC_0LC1LD	2	2	0	307
1RB0LD_1RC1RB_1LA1LC_0LC1RD	2	2	0	133
1RB0LD_1RC1RB_1LA1LC_0RA0LB	2	2	0	311
1RB0LD_1RC1RB_1LA1LC_0RA1LD	2	2	0	209
1RB0LD_1RC1RB_1LA1LC_0RB0LB	2	2	0	311
1RB0LD_1RC1RB_1LA1LC_0RB1LD	2	2	0	201
1RB0LD_1RC1RB_1LA1LC_0RC0LB	2	2	0	154
1RB0LD_1RC1RB_1LA1LC_0RC1LD	2	2	0	153
1RB0LD_1RC1RB_1LA1LC_1LA0LB	2	2	0	410
1RB0LD_1RC1RB_1LA1LC_1LA1LD	2	2	0	148
1RB0LD_1RC1RB_1LA1LC_1LB0LB	2	2	0	424
1RB0LD_1RC1RB_1LA1LC_1LB0RB	2	2	0	140
1RB0LD_1RC1RB_1LA1LC_1LB1LD	2	2	0	150
1RB0LD_1RC1RB_1LA1LC_1LB1RC	2	2	0	126
1RB0LD_1RC1RB_1LA1LC_1LC0LB	2	2	0	239
1RB0LD_1RC1RB_1LA1LC_1LC0RB	2	2	0	215
1RB0LD_1RC1RB_1LA1LC_1LC0RD	2	2	0	169
1RB0LD_1RC1RB_1LA1LC_1LC1LD	2	2	0	275
1RB0LD_1RC1RB_1LA1LC_1LC1RC	2	2	0	214
1RB0LD_1RC1RB_1LA1LC_1RA0LB	2	2	0	150
1RB0LD_1RC1RB_1LA1LC_1RB0LB	2	2	0	175
1RB0LD_1RC1RB_1LA1LC_1RB1LD	2	2	0	301
1RB0LD_1RC1RB_1LA1LC_1RC1LD	2	2	0	280
1RB0LD_1RC1RB_1LA1LD_0RB1LC	2	2	0	172
1RB0LD_1RC1RB_1LA1LD_0RB1LD	2	2	0	193
1RB0LD_1RC1RB_1LA1LD_1RB1LC	2	2	0	245
1RB0LD_1RC1RB_1LA1LD_1RB1LD	2	2	0	278
1RB0LD_1RC1RB_1LA1RA_---1LA	4	2	0	404
1RB0LD_1RC1RB_1LC0LA_1RD1LB	2	2	0	204
1RB0LD_1RC1RB_1LC0RA_1LA0LC	3	2	0	166
1RB0LD_1RC1RB_1LC1LA_0RA0RC	3	2	0	314
1RB0LD_1RC1RB_1LC1LA_1LA0RC	3	2	0	331
1RB0LD_1RC1RB_1LC1LA_1RA0RC	3	2	0	305
1RB0LD_1RC1RB_1LC1LA_1RD0RC	3	2	0	317
1RB0LD_1RC1RB_1LC1LD_1LA0RC	4	2	0	407
1RB0LD_1RC1RB_1LD0RA_1LB1LD	2	2	0	190
1RB0LD_1RC1RB_1LD0RC_1LB1LA	4	2	0	372
1RB0LD_1RC1RB_1LD0RD_1LB1LA	2	2	0	112
1RB0LD_1RC1RB_1LD1LA_1LC1RD	2	2	0	160
1RB0LD_1RC1RB_1LD1RD_0RD1LA	4	2	0	593
1RB0LD_1RC1RB_1RD0LB_1LA0RC	2	3	0	226
1RB0LD_1RC1RB_1RD0RC_1LA0RC	2	2	0	105
1RB0LD_1RC1RB_1RD1LA_1LC1RD	2	2	0	152
1RB0LD_1RC1RB_1RD1LB_1LD1LA	2	2	0	160
1RB0LD_1RC1RB_1RD1LC_1LA0RC	2	2	0	160
1RB0LD_1RC1RB_1RD1RA_0LD1LA	4	2	0	428
1RB0LD_1RC1RB_1RD1RA_1LC1LA	4	2	0	444
1RB0LD_1RC1RB_1RD1RB_1LD1LA	2	2	0	118
1RB0LD_1RC1RB_1RD1RC_1LA0RC	2	3	0	222
1RB0LD_1RC1RC_1LA0RA_---1LC	3	2	0	230
1RB0LD_1RC1RC_1LA0RB_1LD1LC	4	2	0	293
1RB0LD_1RC1RC_1LD0RB_0RA1LC	2	2	0	130
1RB0LD_1RC1RC_1RD---_1LA0RC	2	2	0	105
1RB0LD_1RC1RD_0LA---_1RB1LA	2	2	0	136
1RB0LD_1RC1RD_0LC1LD_1RB1LA	2	2	0	144
1RB0LD_1RC1RD_1LA---_0RA0LC	3	2	0	180
1RB0LD_1RC1RD_1LA---_1RB1LA	2	2	0	98
1RB0LD_1RC1RD_1LA0LC_1RD1LC	2	2	0	92
1RB0LD_1RC1RD_1LA0RA_1RC0LC	3	2	0	180
1RB0LD_1RC1RD_1LA1LB_1RC0RD	2	2	0	322
1RB0LD_1RC1RD_1LA1LC_---1RB	2	2	0	80
1RB0LD_1RC1RD_1LA1LD_1RB0LC	2	2	0	206
1RB0LD_1RC1RD_1LA1RA_1RC1LA	4	2	0	404
1RB0LD_1RC1RD_1LA1RB_1LC0LC	3	2	0	730
1RB0LD_1RC1RD_1LA1RB_1RD0LC	3	2	0	706
1RB0LD_1RC1RD_1LA1RB_1RD1RC	3	2	0	451
1RB0LD_1RC1RD_1LB---_1RB1LA	2	2	0	106
1RB0LD_1RC1RD_1LB1LA_1RD0RC	2	2	0	343
1RB0LD_1RC1RD_1LC0LD_1RB1LA	2	2	0	98
1RB0LD_1RC1RD_1LC1LA_1RB1LA	2	2	0	205
1RB0LD_1RC1RD_1LC1LB_1RB1LA	2	2	0	221
1RB0LD_1RC1RD_1LC1LD_1RB1LA	2	2	0	296
1RB0LD_1RC1RD_1LC1RB_0RC1LA	2	2	0	150
1RB0LD_1RC1RD_1LD0LB_1RB1LA	2	2	0	158
1RB0LD_1RC1RD_1LD0RA_1RB1LA	2	2	0	208
1RB0LD_1RC1RD_1LD0RC_1RB1LA	2	2	0	216
1RB0LD_1RC1RD_1LD0RD_1RB1LA	2	2	0	216
1RB0LD_1RC1RD_1LD1LA_1LC1RD	2	2	0	157
1RB0LD_1RC1RD_1LD1LA_1RB1LA	2	2	0	205
1RB0LD_1RC1RD_1LD1LB_1RB1LA	2	2	0	213
1RB0LD_1RC1RD_1LD1LC_1RB1LA	2	2	0	271
1RB0LD_1RC1RD_1LD1RA_1RB1LA	2	2	0	193
1RB0LD_1RC1RD_1LD1RB_1RB1LA	2	2	0	114
1RB0LD_1RC1RD_1LD1RC_1RB1LA	2	2	0	276
1RB0LD_1RC1RD_1LD1RD_1RB1LA	2	2	0	197
1RB0LD_1RC1RD_1RD0LA_1LA0RC	2	2	0	175
1RB0LD_1RC1RD_1RD0RB_1LB1LA	2	2	0	132
1RB0LD_1RC1RD_1RD0RD_1LA0RC	2	2	0	219
1RB0LD_1RC1RD_1RD1LA_1LC1RD	2	2	0	155
1RB0LD_1RC1RD_1RD1LB_1LA0RC	2	2	0	127
1RB0LD_1RC1RD_1RD1LC_1LA0RC	2	2	0	123
1RB0LD_1RC1RD_1RD1RA_1LA0RC	2	2	0	286
1RB0LD_1RC1RD_1RD1RC_1LA0RC	2	2	0	213
1RB0RA_0LB1LC_0LD1RA_1LA1LB	4	2	0	592
1RB0RA_0LB1RC_0RD0RC_1LD0LA	2	2	0	199
1RB0RA_0LC0LB_0LD1LB_1RD0LA	2	2	0	251
1RB0RA_0LC0LB_1RC1LD_0LB1RA	2	2	0	145
1RB0RA_0LC0LB_1RC1LD_1LA0RA	2	2	0	141
1RB0RA_0LC0LB_1RC1LD_1LA1RD	2	2	0	86
1RB0RA_0LC0LB_1RC1LD_1LC1LA	3	2	0	225
1RB0RA_0LC0RA_0LD1LB_1RA---	2	2	0	131
1RB0RA_0LC0RA_0LD1LB_1RD0LA	2	2	0	155
1RB0RA_0LC0RA_0LD1LB_1RD0LB	2	2	0	155
1RB0RA_0LC0RA_0LD1LB_1RD0RA	2	2	0	152
1RB0RA_0LC0RA_0LD1LB_1RD1LA	2	2	0	181
1RB0RA_0LC0RA_0LD1LB_1RD1LB	2	2	0	181
1RB0RA_0LC0RA_0LD1LB_1RD1RA	2	2	0	840
1RB0RA_0LC0RA_0LD1LB_1RD1RB	2	2	0	199
1RB0RA_0LC0RA_1LA1LD_1LB---	3	2	0	504
1RB0RA_0LC0RA_1LD1LB_0RD1RA	2	2	0	168
1RB0RA_0LC0RA_1LD1LB_1LA0LA	2	2	0	136
1RB0RA_0LC0RA_1LD1LB_1LA0LC	2	2	0	126
1RB0RA_0LC0RA_1LD1LB_1LA0LD	2	2	0	110
1RB0RA_0LC0RA_1LD1LB_1LA0RA	2	2	0	119
1RB0RA_0LC0RA_1LD1LB_1LA0RB	2	2	0	119
1RB0RA_0LC0RA_1LD1LB_1LA0RC	2	2	0	132
1RB0RA_0LC0RA_1LD1LB_1LA1LA	2	2	0	136
1RB0RA_0LC0RA_1LD1LB_1LA1LD	2	2	0	357
1RB0RA_0LC0RA_1LD1LB_1LA1RA	2	2	0	113
1RB0RA_0LC0RA_1LD1LB_1LA1RB	2	2	0	113
1RB0RA_0LC0RA_1LD1LB_1LA1RC	2	2	0	123
1RB0RA_0LC0RA_1LD1LB_1LA1RD	2	2	0	371
1RB0RA_0LC0RA_1LD1LB_1RD0RC	2	2	0	147
1RB0RA_0LC0RA_1LD1LB_1RD1RA	2	2	0	301
1RB0RA_0LC0RA_1RD1LB_0LD1RA	2	2	0	173
1RB0RA_0LC0RA_1RD1LB_0RD1LA	2	2	0	173
1RB0RA_0LC0RA_1RD1LB_1RA---	2	2	0	165
1RB0RA_0LC0RA_1RD1LB_1RB---	2	2	0	165
1RB0RA_0LC0RA_1RD1LB_1RD0RA	2	2	0	165
1RB0RA_0LC0RD_0LD1LB_1LA0LD	2	2	0	146
1RB0RA_0LC0RD_0LD1LB_1LA0RB	2	2	0	200
1RB0RA_0LC0RD_1LA1LB_1RA---	4	2	0	404
1RB0RA_0LC1LB_0LD1LA_1RD0RB	2	2	0	330
1RB0RA_0LC1LD_1RA1RD_0LB1LC	2	2	0	164
1RB0RA_0LC1LD_1RC1LA_0LB0LD	2	2	0	220
1RB0RA_0LC1RA_1LD1LC_1RB1RD	3	2	0	116
1RB0RA_0LC1RC_1LA0LD_1LB---	3	2	0	387
1RB0RA_0LC1RC_1LA1LD_0LB---	3	2	0	247
1RB0RA_0LC1RD_0LD0LB_1LA1LB	3	2	0	319
1RB0RA_0LC1RD_0LD1LB_1LA1LB	3	2	0	247
1RB0RA_0LC1RD_0LD1LB_1LA1RB	3	2	0	297
1RB0RA_0LC1RD_0LD1RC_1LA1LB	3	2	0	257
1RB0RA_0LC1RD_1RD1LC_0LA1RB	2	2	0	148
1RB0RA_0RC0LB_0LD1RA_1LD0LA	3	2	0	2130
1RB0RA_0RC0LC_1LD1RC_0LA1LB	2	2	0	222
1RB0RA_0RC0LD_1LC0LA_---0RC	2	2	0	343
1RB0RA_0RC0LD_1LC0LA_0LB0RD	2	2	0	387
1RB0RA_0RC0LD_1LC0LA_0RB0LD	2	2	0	387
1RB0RA_0RC0LD_1LC0LA_0RB1LD	2	2	0	431
1RB0RA_0RC0LD_1LC0LA_1LC0RD	2	2	0	343
1RB0RA_0RC0LD_1LD0LA_1LC0RD	2	2	0	343
1RB0RA_0RC0RB_0LD1LA_1LD0LA	2	2	0	208
1RB0RA_0RC0RB_0RD0LA_1LC1LD	2	3	0	182
1RB0RA_0RC0RB_0RD0LA_1LD0LA	2	3	0	136
1RB0RA_0RC0RB_0RD0LA_1LD1RC	2	2	0	146
1RB0RA_0RC0RB_0RD1LA_1LD0LA	2	2	0	147
1RB0RA_0RC0RB_0RD1RD_1LD0LA	2	2	0	217
1RB0RA_0RC0RB_1LC0LD_1LA0RA	2	2	0	269
1RB0RA_0RC0RB_1LC0LD_1RD0LA	2	3	0	305
1RB0RA_0RC0RB_1LC1LD_0LA---	2	2	0	155
1RB0RA_0RC0RB_1LC1LD_1RC0LA	2	2	0	171
1RB0RA_0RC0RB_1LC1LD_1RD0LA	2	2	0	109
1RB0RA_0RC0RB_1LC1RD_---0LA	2	2	0	202
1RB0RA_0RC0RB_1LC1RD_0LA0LC	2	2	0	220
1RB0RA_0RC0RB_1LC1RD_0LA1LD	2	2	0	173
1RB0RA_0RC0RB_1LD0LA_1LD1RC	2	2	0	202
1RB0RA_0RC0RB_1LD1LA_1LC0LA	2	2	0	138
1RB0RA_0RC0RB_1LD1LA_1LD0LA	2	2	0	161
1RB0RA_0RC0RD_1LC0LA_0LB1LD	2	2	0	431
1RB0RA_0RC1LC_0LD1RA_1LB---	3	2	0	549
1RB0RA_0RC1LD_1LB1RC_0LA1LB	2	2	0	645
1RB0RA_0RC1LD_1LC0LA_---0LB	2	2	0	343
1RB0RA_0RC1LD_1LC0LA_---1LC	2	2	0	299
1RB0RA_0RC1LD_1LC0LA_0LB0RB	2	2	0	387
1RB0RA_0RC1LD_1LC0LA_0LC0RD	2	2	0	659
1RB0RA_0RC1LD_1LC0LA_0RC0LD	2	2	0	343
1RB0RA_0RC1LD_1LC0LA_1LC0RB	2	2	0	343
1RB0RA_0RC1LD_1LC0LA_1LC1LD	2	2	0	299
1RB0RA_0RC1LD_1LC0RB_0LA1LD	2	2	0	404
1RB0RA_0RC1LD_1LD0LA_1LC0LB	2	2	0	343
1RB0RA_0RC1LD_1LD0LA_1LC1LD	2	2	0	299
1RB0RA_0RC1LD_1LD1RC_0LA1LB	2	2	0	640
1RB0RA_0RC1RA_0LC1LD_0LA0LC	2	2	0	163
1RB0RA_0RC1RB_0LC1LD_1LA0LC	4	2	0	205
1RB0RA_0RC1RB_1LC0LD_1LA0LB	4	2	0	424
1RB0RA_0RC1RB_1LC0LD_1LA0RC	2	2	0	137
1RB0RA_0RC1RB_1LC0LD_1LA1LC	4	2	0	372
1RB0RA_0RC1RD_1LC0LA_0RB0RD	2	2	0	313
1RB0RA_0RC1RD_1LC0LA_0RC0RD	2	2	0	191
1RB0RA_0RC1RD_1LC0LA_1LC1LD	2	2	0	343
1RB0RA_0RC1RD_1LC0LA_1LD0LB	2	2	0	475
1RB0RA_0RC1RD_1LD0LA_1LC1LD	2	2	0	343
1RB0RA_1LB0LC_1LA0LD_1RD1RA	2	2	0	88
1RB0RA_1LB0LC_1LD0RC_1RA0LB	4	2	0	444
1RB0RA_1LB0LC_1LD0RD_1RA0LB	4	2	0	168
1RB0RA_1LB0LC_1LD0RD_1RA1LB	2	2	0	386
1RB0RA_1LB0LC_1RD1LD_0RB1RA	2	2	0	629
1RB0RA_1LB1LC_0LD0LC_1RD1RA	2	2	0	74
1RB0RA_1LB1LC_0LD1LB_1RD1RA	4	2	0	112
1RB0RA_1LB1LC_1RD0LA_1RC0LD	2	2	0	138
1RB0RA_1LB1LC_1RD0LB_1RA1RD	2	2	0	219
1RB0RA_1LB1RC_1LD0RB_1RA0LC	2	2	0	111
1RB0RA_1LC0LA_1RD0LB_1RA0RC	2	2	0	161
1RB0RA_1LC0LB_0RD0LB_1RA1RC	2	2	0	110
1RB0RA_1LC0LB_1RD1LA_1RC0LD	2	2	0	162
1RB0RA_1LC0LD_0LD1LA_1RD0LC	4	2	0	213
1RB0RA_1LC0LD_1RA1LA_---1LB	2	2	0	226
1RB0RA_1LC0LD_1RC0LB_1RD1RA	2	2	0	88
1RB0RA_1LC0LD_1RD0LB_1RA0RC	2	3	0	719
1RB0RA_1LC0LD_1RD1LA_1RC0LB	2	2	0	162
1RB0RA_1LC0RA_0LD0LB_1RD1LA	2	2	0	121
1RB0RA_1LC0RA_0LD0LB_1RD1LB	2	2	0	238
1RB0RA_1LC0RA_0RD0LB_1LA1LD	2	2	0	153
1RB0RA_1LC0RA_0RD0LB_1RA1RD	2	2	0	121
1RB0RA_1LC0RA_1LA0LD_1LC---	2	2	0	143
1RB0RA_1LC0RA_1LA1LD_0LB---	3	2	0	191
1RB0RA_1LC0RA_1LD0LB_0RD1LA	2	2	0	265
1RB0RA_1LC0RA_1LD0LB_1LA---	2	2	0	151
1RB0RA_1LC0RA_1LD0LB_1RA0LC	2	2	0	152
1RB0RA_1LC0RA_1LD0LB_1RA0LD	2	2	0	166
1RB0RA_1LC0RA_1LD0LB_1RA0RA	2	2	0	143
1RB0RA_1LC0RA_1LD0LB_1RA0RB	2	2	0	143
1RB0RA_1LC0RA_1LD0LB_1RA0RC	2	2	0	80
1RB0RA_1LC0RA_1LD0LB_1RA0RD	2	2	0	143
1RB0RA_1LC0RA_1LD0LB_1RA1LA	2	2	0	259
1RB0RA_1LC0RA_1LD0LB_1RA1RA	2	2	0	88
1RB0RA_1LC0RA_1LD0LB_1RA1RB	2	2	0	88
1RB0RA_1LC0RA_1LD0LB_1RA1RC	2	2	0	132
1RB0RA_1LC0RA_1LD0LB_1RA1RD	2	2	0	218
1RB0RA_1LC0RA_1LD0LB_1RB0LC	2	2	0	152
1RB0RA_1LC0RA_1LD0LB_1RB0RA	2	2	0	143
1RB0RA_1LC0RA_1LD0LB_1RB0RB	2	2	0	143
1RB0RA_1LC0RA_1LD0LB_1RB0RC	2	2	0	80
1RB0RA_1LC0RA_1LD0LB_1RB0RD	2	2	0	143
1RB0RA_1LC0RA_1LD0LB_1RB1LA	2	2	0	259
1RB0RA_1LC0RA_1LD0LB_1RB1RA	2	2	0	88
1RB0RA_1LC0RA_1LD0LB_1RB1RB	2	2	0	88
1RB0RA_1LC0RA_1LD0LB_1RB1RC	2	2	0	132
1RB0RA_1LC0RA_1LD0LB_1RB1RD	2	2	0	218
1RB0RA_1LC0RA_1LD0LB_1RD0RA	2	2	0	143
1RB0RA_1LC0RA_1LD0LB_1RD0RB	2	2	0	143
1RB0RA_1LC0RA_1LD0LB_1RD1RA	2	2	0	111
1RB0RA_1LC0RA_1RA1LD_0LB---	3	2	0	400
1RB0RA_1LC0RA_1RB1LD_0LB---	3	2	0	400
1RB0RA_1LC0RA_1RD0LB_1LA1LD	2	2	0	161
1RB0RA_1LC0RA_1RD0LB_1RA1RD	2	2	0	99
1RB0RA_1LC0RB_1LC1LD_1RD0LA	2	2	0	199
1RB0RA_1LC0RC_1RA1LD_0LB---	4	2	0	118
1RB0RA_1LC0RD_0LB1LA_0RB1LA	2	2	0	196
1RB0RA_1LC0RD_0LD0LB_1LA0LD	2	3	0	474
1RB0RA_1LC0RD_0LD0LC_1LA0RA	4	2	0	208
1RB0RA_1LC0RD_1LA0LB_1RB0RA	2	2	0	143
1RB0RA_1LC0RD_1LA0LB_1RB0RD	2	2	0	143
1RB0RA_1LC0RD_1LA0LB_1RB1RA	2	3	0	259
1RB0RA_1LC0RD_1LA0LB_1RB1RD	2	3	0	259
1RB0RA_1LC0RD_1LD0LB_1RB0RA	2	2	0	143
1RB0RA_1LC0RD_1LD0LB_1RB1RA	2	2	0	84
1RB0RA_1LC0RD_1RA1LD_0LB1RD	3	2	0	497
1RB0RA_1LC0RD_1RD0LB_1LA0LD	2	2	0	204
1RB0RA_1LC1LA_0RD0LB_1LB1RC	2	2	0	148
1RB0RA_1LC1LB_0LD1LA_1RD1RA	4	2	0	126
1RB0RA_1LC1LB_1RA0LD_1LA---	4	2	0	476
1RB0RA_1LC1LD_1LA0LB_---1RA	2	2	0	201
1RB0RA_1LC1LD_1RD0LB_---1RA	2	2	0	143
1RB0RA_1LC1RA_0LD1LB_0RA0LA	4	2	0	120
1RB0RA_1LC1RA_0LD1LB_0RA0LC	4	2	0	144
1RB0RA_1LC1RA_0LD1LB_0RA0LD	4	2	0	315
1RB0RA_1LC1RA_0LD1LB_0RA1LC	4	2	0	223
1RB0RA_1LC1RA_0LD1LB_1LA0LA	4	2	0	128
1RB0RA_1LC1RA_0LD1LB_1LA0LC	4	2	0	136
1RB0RA_1LC1RA_0LD1LB_1LA1LC	4	2	0	242
1RB0RA_1LC1RA_0LD1LB_1RA0LA	4	2	0	136
1RB0RA_1LC1RA_0LD1LB_1RA0LC	4	2	0	144
1RB0RA_1LC1RA_0LD1LB_1RA0LD	4	2	0	132
1RB0RA_1LC1RA_0LD1LB_1RA1LC	4	2	0	630
1RB0RA_1LC1RB_0RA1LD_0RB0LB	2	2	0	207
1RB0RA_1LC1RB_1RA0LD_1LB1LD	2	2	0	680
1RB0RA_1LC1RB_1RA1LD_0RB0LB	2	2	0	187
1RB0RA_1LC1RD_0LD1LB_1RD0LA	2	2	0	138
1RB0RA_1LC1RD_1LA1LB_---0LA	2	2	0	138
1RB0RA_1LC1RD_1LA1LD_0LB1LA	3	2	0	247
1RB0RA_1LC1RD_1RC1LB_---0LA	2	2	0	176
1RB0RA_1LC1RD_1RC1LD_0LB1LA	3	2	0	257
1RB0RA_1LC1RD_1RD1LB_---0LA	2	2	0	166
1RB0RA_1RC0LA_1LD0RB_0RA0LC	2	2	0	142
1RB0RA_1RC0LA_1LD0RB_1LA0LC	2	2	0	127
1RB0RA_1RC0LA_1LD0RB_1RA0LC	2	2	0	149
1RB0RA_1RC0LA_1LD0RB_1RB0LC	2	2	0	119
1RB0RA_1RC0LB_0RD0RC_1LD0LA	2	2	0	166
1RB0RA_1RC0LC_0LC0RD_1LD0LA	2	2	0	309
1RB0RA_1RC0LC_0LD1LA_1LB0RC	3	2	0	329
1RB0RA_1RC0LC_0LD1LA_1LB1LB	3	2	0	315
1RB0RA_1RC0LC_0LD1LA_1RC1LB	3	2	0	383
1RB0RA_1RC0LC_1LD1RC_0RA1LB	2	2	0	207
1RB0RA_1RC0LC_1LD1RD_0LA0LB	3	2	0	116
1RB0RA_1RC0RB_0LC1LD_1LD0LA	2	2	0	232
1RB0RA_1RC0RB_1LC1LD_0LB0LA	2	2	0	149
1RB0RA_1RC0RB_1LC1LD_1LD0LA	2	2	0	117
1RB0RA_1RC0RB_1LD0LA_1LC0RD	2	3	0	420
1RB0RA_1RC0RB_1LD0RB_1LA0LC	2	2	0	105
1RB0RA_1RC0RC_0RD0RC_1LD0LA	2	2	0	127
1RB0RA_1RC0RC_1LD0RB_1LD0LA	2	2	0	171
1RB0RA_1RC0RC_1LD0RC_1LD0LA	2	2	0	171
1RB0RA_1RC0RD_1LC0LA_0RC0RD	2	3	0	301
1RB0RA_1RC0RD_1LD0LA_1LC0RB	2	3	0	420
1RB0RA_1RC1LB_0LB1RD_0LA1RC	2	2	0	146
1RB0RA_1RC1LB_0RD0RC_1LD0LA	2	2	0	220
1RB0RA_1RC1LB_1LD0RB_0RA0LC	2	2	0	127
1RB0RA_1RC1LB_1LD0RB_1RA0LC	2	2	0	121
1RB0RA_1RC1LB_1LD0RC_1LD0LA	2	2	0	270
1RB0RA_1RC1LC_0LD1LA_0LB1LB	4	2	0	324
1RB0RA_1RC1LC_1LD1RA_0LA0LB	2	3	0	1324
1RB0RA_1RC1LC_1LD1RA_1LA0LB	2	3	0	1112
1RB0RA_1RC1LC_1LD1RA_1RA0LB	2	3	0	912
1RB0RA_1RC1LC_1LD1RA_1RB0LB	2	3	0	930
1RB0RA_1RC1LD_0LD0RA_0LA0LB	3	2	0	422
1RB0RA_1RC1LD_0RD0RC_1LD0LA	2	2	0	103
1RB0RA_1RC1LD_1LD0LA_1LC0RD	2	2	0	135
1RB0RA_1RC1LD_1LD0RC_1LD0LA	2	2	0	207
1RB0RA_1RC1RB_1LD0RB_0RA0LC	2	2	0	125
1RB0RA_1RC1RB_1LD0RB_1RA0LC	2	2	0	119
1RB0RA_1RC1RC_0RD0RC_1LD0LA	2	2	0	181
1RB0RA_1RC1RD_1LC0LA_0RC0RD	2	2	0	203
1RB0RA_1RC1RD_1LD0LA_1LC0RD	2	3	0	513
1RB0RB_0LB1LC_0LD1LA_1RD0RA	2	2	0	370
1RB0RB_0LB1LC_1LD1LB_1RA1RD	2	2	0	78
1RB0RB_0LB1LC_1RD1LA_1LA0RD	2	2	0	295
1RB0RB_0LB1LC_1RD1LA_1RA0RD	2	2	0	158
1RB0RB_0LB1LC_1RD1LB_---1RA	2	2	0	174
1RB0RB_0LB1LC_1RD1LB_1RA0RD	3	2	0	310
1RB0RB_0LB1RC_0RD---_1LD0LA	2	2	0	443
1RB0RB_0LB1RC_0RD0RC_1LD1LA	2	2	0	157
1RB0RB_0LB1RC_1LB0RD_1LD0LA	2	2	0	589
1RB0RB_0LB1RC_1LD0RC_1LD1LA	2	2	0	185
1RB0RB_0LC---_0RD1RC_1LD0LA	2	2	0	403
1RB0RB_0LC0LA_1LB1LD_1RC1RD	2	2	0	117
1RB0RB_0LC0LA_1RC0RD_1LB1LA	2	2	0	346
1RB0RB_0LC0LA_1RC1LD_1LA0LD	2	2	0	100
1RB0RB_0LC0LA_1RD1LB_0RD1RA	4	2	0	749
1RB0RB_0LC0LB_0LD1LB_1RD1LA	2	2	0	192
1RB0RB_0LC0LC_0RD1RC_1LD1LA	2	2	0	403
1RB0RB_0LC0LC_1RC1RD_1LB0LA	2	2	0	302
1RB0RB_0LC0LC_1RC1RD_1LB1LA	2	2	0	302
1RB0RB_0LC0LD_0LD1LC_1RD1RA	3	2	0	341
1RB0RB_0LC0LD_0RB1LC_1RA1RD	3	2	0	850
1RB0RB_0LC0LD_0RD1LB_1RA1LB	2	2	0	184
1RB0RB_0LC0LD_0RD1LC_1RA1LB	2	2	0	630
1RB0RB_0LC0LD_1LB1LA_1RD1RC	2	2	0	285
1RB0RB_0LC0LD_1LC1LA_0RC1RD	2	2	0	386
1RB0RB_0LC0LD_1RA1LC_1RD0RB	2	2	0	184
1RB0RB_0LC0LD_1RC1LD_0LB1LA	3	2	0	151
1RB0RB_0LC0LD_1RD0LB_1RA1LB	2	2	0	114
1RB0RB_0LC0LD_1RD1LB_1RA1LB	2	2	0	80
1RB0RB_0LC0LD_1RD1LD_1RA1LB	2	2	0	123
1RB0RB_0LC0RA_0RD1RD_1LD1LA	2	2	0	151
1RB0RB_0LC0RA_1LC1LD_1LA---	2	2	0	107
1RB0RB_0LC0RA_1LC1LD_1RC1LA	2	2	0	117
1RB0RB_0LC0RA_1LD1RC_1LC1LA	2	2	0	687
1RB0RB_0LC0RB_0RD1LA_1LD1RA	2	2	0	171
1RB0RB_0LC0RB_0RD1LC_1LB1RA	2	2	0	365
1RB0RB_0LC0RB_0RD1LC_1LD1RA	2	2	0	201
1RB0RB_0LC0RB_0RD1RC_1LD1RA	2	2	0	191
1RB0RB_0LC0RB_0RD1RD_1LD1RA	2	2	0	195
1RB0RB_0LC0RB_1LC1LD_1RA---	2	2	0	191
1RB0RB_0LC0RB_1LC1LD_1RC1RA	2	2	0	211
1RB0RB_0LC0RB_1LC1LD_1RD1RA	2	2	0	336
1RB0RB_0LC0RB_1LD1RC_1LC1LA	2	2	0	687
1RB0RB_0LC0RC_0LD1LC_1RD1RA	3	2	0	407
1RB0RB_0LC0RC_0RD1LA_1LB0RB	2	2	0	182
1RB0RB_0LC0RC_0RD1LA_1LB1RC	2	2	0	198
1RB0RB_0LC0RD_1LB1LA_1RC0LC	2	2	0	199
1RB0RB_0LC0RD_1LB1LA_1RC0RC	2	2	0	157
1RB0RB_0LC0RD_1LC1LA_0RB0RA	3	2	0	559
1RB0RB_0LC0RD_1LC1LA_0RB1RC	2	2	0	199
1RB0RB_0LC0RD_1LC1LA_0RC0RA	3	2	0	261
1RB0RB_0LC0RD_1LC1LA_1LC0RA	3	2	0	550
1RB0RB_0LC0RD_1LC1LA_1LC1RC	2	2	0	183
1RB0RB_0LC0RD_1LC1LD_1RA0RA	3	2	0	304
1RB0RB_0LC0RD_1RC1LA_1LD1LB	4	2	0	1808
1RB0RB_0LC0RD_1RC1LB_0RA1RD	4	2	0	340
1RB0RB_0LC1LB_0RD1LB_1RD1RA	3	2	0	676
1RB0RB_0LC1LB_1RC1RD_0LB0LA	2	2	0	142
1RB0RB_0LC1LB_1RC1RD_1LA0LA	2	2	0	406
1RB0RB_0LC1LB_1RC1RD_1LA1RC	2	2	0	318
1RB0RB_0LC1LB_1RD1LB_1RD0RA	3	2	0	306
1RB0RB_0LC1LC_0LD1LB_1RD0RA	2	2	0	304
1RB0RB_0LC1LC_0LD1LC_1RD0RA	2	2	0	370
1RB0RB_0LC1LC_1LA1RD_1LB1RC	2	2	0	214
1RB0RB_0LC1LC_1LD1RC_---1LA	2	2	0	180
1RB0RB_0LC1LC_1RD1LC_---1RA	2	2	0	174
1RB0RB_0LC1LD_0RB1LC_1RD1RA	2	2	0	186
1RB0RB_0LC1LD_1LC1LA_0RA1RA	2	2	0	349
1RB0RB_0LC1LD_1RC1LA_0LB0LD	2	2	0	219
1RB0RB_0LC1LD_1RC1LB_1RA0LD	2	2	0	257
1RB0RB_0LC1LD_1RD1LC_0RC1RA	2	2	0	220
1RB0RB_0LC1LD_1RD1LC_1RD1RA	2	2	0	174
1RB0RB_0LC1RA_0LB1LD_0RB0LA	2	2	0	275
1RB0RB_0LC1RA_0LB1LD_1LA1LB	3	2	0	650
1RB0RB_0LC1RA_0LB1LD_1RB1LB	3	2	0	1127
1RB0RB_0LC1RA_0LD1LC_1RD0LB	4	2	0	527
1RB0RB_0LC1RA_0RB0LD_1LC1RD	4	2	0	732
1RB0RB_0LC1RA_1LB1LD_1RB0RA	2	2	0	212
1RB0RB_0LC1RA_1LC0LD_1LA1LB	2	2	0	152
1RB0RB_0LC1RA_1LC1LD_1RA0LA	4	2	0	457
1RB0RB_0LC1RA_1LC1LD_1RA0LC	2	3	0	210
1RB0RB_0LC1RA_1LC1LD_1RA1LB	3	2	0	736
1RB0RB_0LC1RA_1LC1LD_1RD1LB	3	2	0	828
1RB0RB_0LC1RA_1LD0LB_1RA1LC	2	2	0	80
1RB0RB_0LC1RA_1LD1RC_1RA1LC	2	2	0	76
1RB0RB_0LC1RA_1LD1RD_1LB0LA	2	2	0	199
1RB0RB_0LC1RA_1RC0RD_1LB0LD	2	2	0	346
1RB0RB_0LC1RA_1RD1LD_0RB1LC	2	2	0	180
1RB0RB_0LC1RB_0LD1LC_1RD0RA	2	3	0	3036
1RB0RB_0LC1RB_0RD1LD_1RA1LB	3	2	0	456
1RB0RB_0LC1RB_1LD1LC_1RA0RB	2	2	0	658
1RB0RB_0LC1RB_1LD1LC_1RA1RB	2	2	0	182
1RB0RB_0LC1RB_1RA1LD_1LB1LC	2	2	0	212
1RB0RB_0LC1RB_1RA1LD_1RB1LC	2	2	0	256
1RB0RB_0LC1RB_1RB1LD_1RA1LC	2	2	0	283
1RB0RB_0LC1RB_1RD1LC_---1RA	2	2	0	516
1RB0RB_0LC1RC_0RD1LA_1LB0RD	2	2	0	307
1RB0RB_0LC1RC_1LB1LD_1RB0RA	2	2	0	261
1RB0RB_0LC1RC_1LC1LD_1LA0RA	2	2	0	149
1RB0RB_0LC1RC_1LD1LA_0LC0RA	2	2	0	199
1RB0RB_0LC1RC_1LD1LA_1LC0RA	2	2	0	263
1RB0RB_0LC1RC_1LD1LA_1LC1LC	2	2	0	235
1RB0RB_0LC1RD_0LD1LB_1LA0RA	4	2	0	606
1RB0RB_0LC1RD_0RD1LA_1LB0RD	2	2	0	323
1RB0RB_0LC1RD_1LA1LB_1LA0RA	4	2	0	498
1RB0RB_0LC1RD_1LB1LA_0LA1RA	2	2	0	420
1RB0RB_0LC1RD_1LB1LA_1LD0RA	2	2	0	199
1RB0RB_0LC1RD_1LB1LD_1RB0RA	2	2	0	212
1RB0RB_0LC1RD_1LC1LA_0LA1LA	2	2	0	349
1RB0RB_0LC1RD_1LC1LA_0RB0RD	2	2	0	204
1RB0RB_0LC1RD_1LC1LA_0RC0RD	2	2	0	159
1RB0RB_0LC1RD_1LC1LA_1LB0RD	2	2	0	3243
1RB0RB_0LC1RD_1LC1LA_1LC0RD	2	2	0	187
1RB0RB_0LC1RD_1LC1LD_1RA0LB	3	2	0	167
1RB0RB_0LC1RD_1LD1LC_1RA1RB	2	2	0	140
1RB0RB_0LC1RD_1RB1LC_0LA1RB	2	2	0	192
1RB0RB_0LC1RD_1RC1LB_0RA1LA	4	2	0	398
1RB0RB_0RC---_1LD1RD_1LD0LA	2	2	0	179
1RB0RB_0RC0LA_0LD1LA_1LD0LA	2	2	0	405
1RB0RB_0RC0LA_0RD0RC_1LD0RA	2	2	0	178
1RB0RB_0RC0LA_0RD0RC_1LD1RA	2	2	0	192
1RB0RB_0RC0LA_0RD1LA_1LD0LA	2	2	0	309
1RB0RB_0RC0LA_0RD1LA_1LD0RA	2	2	0	410
1RB0RB_0RC0LA_0RD1LA_1LD0RB	2	2	0	223
1RB0RB_0RC0LA_0RD1LA_1LD1RA	2	2	0	440
1RB0RB_0RC0LA_0RD1LA_1LD1RC	2	2	0	231
1RB0RB_0RC0LA_0RD1RB_1LD0RB	2	2	0	127
1RB0RB_0RC0LA_1LC0LD_1RB1LA	2	2	0	337
1RB0RB_0RC0LA_1LC0LD_1RB1LD	2	2	0	947
1RB0RB_0RC0LA_1LC1LD_1RA0LB	4	2	0	637
1RB0RB_0RC0LA_1LC1RD_1LA0RD	2	2	0	116
1RB0RB_0RC0LA_1LD1LA_1LD0LA	2	2	0	335
1RB0RB_0RC0LA_1LD1LA_1LD0RB	2	2	0	465
1RB0RB_0RC0LA_1LD1LA_1LD1RC	2	2	0	483
1RB0RB_0RC0LA_1LD1LC_1LB1RA	2	2	0	483
1RB0RB_0RC0LA_1LD1RB_1LD0LA	2	2	0	179
1RB0RB_0RC0LA_1RD1RB_1LD0LC	2	2	0	179
1RB0RB_0RC0LB_0LD1RA_1LC0LA	2	2	0	134
1RB0RB_0RC0LC_0RD1RA_1LD1LA	2	2	0	272
1RB0RB_0RC0LC_1LD0RC_1LD1RA	2	2	0	207
1RB0RB_0RC0LC_1LD1RA_0RB1LA	3	2	0	387
1RB0RB_0RC0LC_1LD1RA_1LC1LA	3	2	0	453
1RB0RB_0RC0LC_1LD1RC_0LA1LB	2	2	0	220
1RB0RB_0RC0LC_1LD1RC_1LA1LB	2	2	0	207
1RB0RB_0RC0LC_1RD0LA_1LB1RB	2	2	0	291
1RB0RB_0RC0LC_1RD1LC_1LB1RA	3	2	0	663
1RB0RB_0RC0LD_0LD1LA_1LC1RA	2	2	0	255
1RB0RB_0RC0LD_0RD0RC_1LD1RA	2	2	0	103
1RB0RB_0RC0LD_1LC0LD_1RB1LA	2	2	0	337
1RB0RB_0RC0LD_1LC1LA_0LA1RA	3	2	0	647
1RB0RB_0RC0LD_1LC1LA_0LD1RB	2	2	0	441
1RB0RB_0RC0LD_1LC1LA_0RC1RB	2	2	0	401
1RB0RB_0RC0LD_1LC1LA_0RC1RD	2	2	0	401
1RB0RB_0RC0LD_1LC1LA_1LD1RB	2	2	0	483
1RB0RB_0RC0LD_1LD0RC_1LD1RA	2	2	0	207
1RB0RB_0RC0RA_0LD---_1LD1LA	2	2	0	146
1RB0RB_0RC0RA_0LD0RB_1LD0LA	2	2	0	146
1RB0RB_0RC0RA_0LD1LA_1LD1LB	2	2	0	158
1RB0RB_0RC0RA_0RD---_1LD1LA	2	2	0	120
1RB0RB_0RC0RA_0RD0LB_1LD1RC	2	2	0	146
1RB0RB_0RC0RA_0RD0RB_1LD0LA	2	2	0	120
1RB0RB_0RC0RA_0RD1LA_1LC1LD	2	2	0	208
1RB0RB_0RC0RA_0RD1LA_1LD1LB	2	2	0	128
1RB0RB_0RC0RA_0RD1RB_1LD0LA	2	3	0	380
1RB0RB_0RC0RA_0RD1RB_1LD0RC	2	2	0	136
1RB0RB_0RC0RA_0RD1RB_1LD1RC	2	2	0	141
1RB0RB_0RC0RA_1LB0LD_1LD1LA	2	2	0	158
1RB0RB_0RC0RA_1LB0RD_1LD1LA	2	2	0	128
1RB0RB_0RC0RA_1LB1LD_1LD1RB	2	2	0	106
1RB0RB_0RC0RA_1LC0LD_0RA---	2	2	0	101
1RB0RB_0RC0RA_1LC0LD_0RD1LA	2	2	0	109
1RB0RB_0RC0RA_1LC0LD_1LA---	2	2	0	299
1RB0RB_0RC0RA_1LC0LD_1RA0LA	2	2	0	99
1RB0RB_0RC0RA_1LC0LD_1RA0RA	2	2	0	155
1RB0RB_0RC0RA_1LC0LD_1RA1LA	2	2	0	655
1RB0RB_0RC0RA_1LC0LD_1RA1RA	2	2	0	101
1RB0RB_0RC0RA_1LC0LD_1RB1RA	2	2	0	97
1RB0RB_0RC0RA_1LC0LD_1RB1RD	2	2	0	97
1RB0RB_0RC0RA_1LC0LD_1RD0RA	2	2	0	155
1RB0RB_0RC0RA_1LC0RD_---1LA	2	2	0	106
1RB0RB_0RC0RA_1LC0RD_1RB1LD	2	2	0	106
1RB0RB_0RC0RA_1LC1LD_0RD1RB	2	2	0	101
1RB0RB_0RC0RA_1LC1LD_1LA---	2	2	0	78
1RB0RB_0RC0RA_1LC1LD_1RC1LA	2	2	0	84
1RB0RB_0RC0RA_1LC1LD_1RD0LB	2	2	0	109
1RB0RB_0RC0RA_1LC1RB_------	2	2	0	96
1RB0RB_0RC0RA_1LC1RD_---0RA	2	2	0	96
1RB0RB_0RC0RA_1LC1RD_0RA0LC	2	2	0	106
1RB0RB_0RC0RA_1LC1RD_1LA1LD	2	2	0	84
1RB0RB_0RC0RA_1LC1RD_1LB0RD	2	2	0	86
1RB0RB_0RC0RA_1LD---_1LD1RB	2	2	0	96
1RB0RB_0RC0RA_1LD0RA_1LD1RC	2	2	0	96
1RB0RB_0RC0RA_1LD0RD_1LC1LA	2	2	0	106
1RB0RB_0RC0RA_1LD0RD_1LC1RA	2	2	0	88
1RB0RB_0RC0RA_1LD1LA_1LD0LA	2	2	0	165
1RB0RB_0RC0RA_1LD1LA_1LD0RC	2	2	0	106
1RB0RB_0RC0RA_1LD1LC_0RC1RB	2	2	0	170
1RB0RB_0RC0RA_1LD1RB_1LC---	2	2	0	96
1RB0RB_0RC0RA_1LD1RB_1LD1LB	2	2	0	101
1RB0RB_0RC0RA_1LD1RC_1LC1RA	2	2	0	95
1RB0RB_0RC0RA_1LD1RD_1LC0RA	2	2	0	96
1RB0RB_0RC0RA_1LD1RD_1LC1RA	2	2	0	88
1RB0RB_0RC0RA_1RD0RA_1LD0LC	2	2	0	222
1RB0RB_0RC0RA_1RD1LA_1LD0LC	2	3	0	638
1RB0RB_0RC0RA_1RD1RA_1LD0LC	2	2	0	227
1RB0RB_0RC0RB_0LD---_1LD1RA	2	2	0	190
1RB0RB_0RC0RB_0LD1LA_1LD0LA	2	2	0	216
1RB0RB_0RC0RB_0LD1RA_1LC0LA	4	2	0	664
1RB0RB_0RC0RB_0LD1RA_1LD1LB	2	2	0	200
1RB0RB_0RC0RB_0RD---_1LD1RA	2	2	0	123
1RB0RB_0RC0RB_0RD0RA_1LD0LA	2	2	0	120
1RB0RB_0RC0RB_0RD0RA_1LD1RC	2	2	0	123
1RB0RB_0RC0RB_0RD1LA_1LD0LA	2	2	0	151
1RB0RB_0RC0RB_0RD1RA_1LC1LD	2	2	0	225
1RB0RB_0RC0RB_0RD1RA_1LD0LA	2	3	0	380
1RB0RB_0RC0RB_0RD1RA_1LD0RC	2	2	0	136
1RB0RB_0RC0RB_0RD1RA_1LD1LB	2	2	0	143
1RB0RB_0RC0RB_0RD1RA_1LD1RC	2	2	0	141
1RB0RB_0RC0RB_1LB0LD_1LD1RA	2	2	0	210
1RB0RB_0RC0RB_1LB0RD_1LD1RA	2	2	0	133
1RB0RB_0RC0RB_1LB1LD_1LD1RA	2	2	0	106
1RB0RB_0RC0RB_1LC0LD_0RD1RA	2	2	0	197
1RB0RB_0RC0RB_1LC0LD_1RA0RD	2	2	0	155
1RB0RB_0RC0RB_1LC0LD_1RA1LD	2	2	0	211
1RB0RB_0RC0RB_1LC0LD_1RA1RD	2	2	0	101
1RB0RB_0RC0RB_1LC0LD_1RD0RA	2	2	0	155
1RB0RB_0RC0RB_1LC0LD_1RD1LA	2	2	0	133
1RB0RB_0RC0RB_1LC0LD_1RD1RA	2	2	0	98
1RB0RB_0RC0RB_1LC0RD_---1RA	2	2	0	184
1RB0RB_0RC0RB_1LC0RD_1RA1LD	2	2	0	106
1RB0RB_0RC0RB_1LC1LD_0RD1RA	2	2	0	101
1RB0RB_0RC0RB_1LC1LD_1RA---	2	2	0	125
1RB0RB_0RC0RB_1LC1LD_1RC1RA	2	2	0	133
1RB0RB_0RC0RB_1LC1LD_1RD0RA	2	2	0	125
1RB0RB_0RC0RB_1LC1LD_1RD1RA	2	2	0	232
1RB0RB_0RC0RB_1LC1RA_------	2	2	0	96
1RB0RB_0RC0RB_1LC1RD_---0RA	2	2	0	96
1RB0RB_0RC0RB_1LC1RD_---1RA	2	2	0	199
1RB0RB_0RC0RB_1LC1RD_0RA0LC	2	2	0	106
1RB0RB_0RC0RB_1LC1RD_1RA0LC	2	2	0	223
1RB0RB_0RC0RB_1LC1RD_1RA1LD	2	2	0	135
1RB0RB_0RC0RB_1LD---_1LD1RA	2	2	0	96
1RB0RB_0RC0RB_1LD0RA_1LD0LA	2	2	0	125
1RB0RB_0RC0RB_1LD0RA_1LD1RC	2	2	0	96
1RB0RB_0RC0RB_1LD0RD_1LC1RA	2	2	0	88
1RB0RB_0RC0RB_1LD1LA_1LC0LA	2	2	0	142
1RB0RB_0RC0RB_1LD1LA_1LC1RA	2	2	0	82
1RB0RB_0RC0RB_1LD1LA_1LD0LA	2	2	0	165
1RB0RB_0RC0RB_1LD1LC_0RC1RA	2	2	0	170
1RB0RB_0RC0RB_1LD1RA_1LC---	2	2	0	96
1RB0RB_0RC0RB_1LD1RA_1LD0LA	2	3	0	285
1RB0RB_0RC0RB_1LD1RA_1LD0RC	2	2	0	184
1RB0RB_0RC0RB_1LD1RA_1LD1LB	2	2	0	101
1RB0RB_0RC0RB_1LD1RA_1LD1RC	2	2	0	199
1RB0RB_0RC0RB_1LD1RC_1LC1RA	2	2	0	95
1RB0RB_0RC0RB_1LD1RD_1LC0RA	2	2	0	96
1RB0RB_0RC0RB_1LD1RD_1LC1RA	2	2	0	88
1RB0RB_0RC0RC_0RD0RA_1LD0LA	3	2	0	259
1RB0RB_0RC0RC_0RD0RA_1LD1LA	3	2	0	259
1RB0RB_0RC0RC_0RD0RA_1LD1RB	3	2	0	144
1RB0RB_0RC0RC_0RD0RA_1LD1RC	3	2	0	141
1RB0RB_0RC0RC_0RD0RB_1LD1RA	2	2	0	90
1RB0RB_0RC0RC_0RD0RC_1LD1RA	2	2	0	87
1RB0RB_0RC0RC_1LC1RD_1LD0RA	4	2	0	120
1RB0RB_0RC0RC_1LD0RA_1LD0LA	3	2	0	251
1RB0RB_0RC0RC_1LD0RA_1LD1LA	3	2	0	251
1RB0RB_0RC0RC_1LD0RB_1LD1RA	2	2	0	91
1RB0RB_0RC0RC_1LD0RC_1LD1RA	2	2	0	171
1RB0RB_0RC0RC_1LD1RD_1LD1LA	2	2	0	179
1RB0RB_0RC0RD_1LC0LD_0RA1LD	2	2	0	141
1RB0RB_0RC0RD_1LC1LA_---0RA	3	2	0	251
1RB0RB_0RC0RD_1LC1LA_0LB1RC	2	2	0	189
1RB0RB_0RC0RD_1LC1LA_0RB1RC	2	2	0	164
1RB0RB_0RC0RD_1LC1LA_1LC1RC	2	2	0	179
1RB0RB_0RC0RD_1LC1LD_1RB0RA	3	2	0	251
1RB0RB_0RC0RD_1LC1RA_0LB0RB	2	2	0	93
1RB0RB_0RC0RD_1LC1RA_0LB0RD	2	2	0	189
1RB0RB_0RC0RD_1LC1RA_0RB0RA	3	2	0	139
1RB0RB_0RC0RD_1LC1RA_0RB0RB	2	2	0	85
1RB0RB_0RC0RD_1LC1RA_0RB0RD	2	2	0	128
1RB0RB_0RC0RD_1LC1RA_0RB1LD	2	2	0	224
1RB0RB_0RC0RD_1LC1RA_0RC0RB	2	2	0	96
1RB0RB_0RC0RD_1LC1RA_0RC0RD	2	2	0	96
1RB0RB_0RC0RD_1LC1RA_1LC0RB	2	2	0	91
1RB0RB_0RC0RD_1LC1RA_1LC0RD	2	2	0	171
1RB0RB_0RC0RD_1LC1RA_1RC0RB	2	2	0	92
1RB0RB_0RC0RD_1LC1RB_0RA1LD	2	2	0	138
1RB0RB_0RC1LB_0LD0RB_1LD1RA	2	2	0	328
1RB0RB_0RC1LB_0RD0RB_1LD1RA	2	2	0	219
1RB0RB_0RC1LB_0RD0RC_1LD1RA	2	2	0	95
1RB0RB_0RC1LB_1LA0LD_1RD1RA	3	2	0	400
1RB0RB_0RC1LB_1LC0LD_1RD1RA	3	2	0	389
1RB0RB_0RC1LB_1LD0RA_1LD1RC	2	2	0	128
1RB0RB_0RC1LB_1LD0RB_1LD1RA	2	2	0	170
1RB0RB_0RC1LB_1LD0RC_1LD1RA	2	2	0	189
1RB0RB_0RC1LC_0LD1RA_1LC0LA	4	2	0	748
1RB0RB_0RC1LC_0LD1RA_1LC1LA	4	2	0	646
1RB0RB_0RC1LC_1LD1RC_1LC1LA	2	2	0	167
1RB0RB_0RC1LC_1LD1RD_0RB0LA	2	2	0	283
1RB0RB_0RC1LC_1RD1LA_1LA0RD	2	2	0	394
1RB0RB_0RC1LC_1RD1LA_1LB0RD	2	2	0	305
1RB0RB_0RC1LD_0LD0LA_1LB1LA	3	2	0	587
1RB0RB_0RC1LD_0LD1LA_1LC1RD	2	2	0	180
1RB0RB_0RC1LD_0LD1RA_1LC0LA	2	2	0	240
1RB0RB_0RC1LD_1LA0RC_0LA1LA	2	2	0	241
1RB0RB_0RC1LD_1LA0RC_1RC1LA	2	2	0	333
1RB0RB_0RC1LD_1LB1RC_0LA1LB	2	2	0	243
1RB0RB_0RC1LD_1LB1RC_1LA1LB	2	2	0	135
1RB0RB_0RC1LD_1LC0LD_0RA1RA	2	2	0	179
1RB0RB_0RC1LD_1LC0RD_0RA1RA	2	2	0	318
1RB0RB_0RC1LD_1LC1LA_0LC1RA	4	2	0	877
1RB0RB_0RC1LD_1LC1LA_0RA1RA	2	2	0	229
1RB0RB_0RC1LD_1LC1RA_0RA---	2	2	0	170
1RB0RB_0RC1LD_1LC1RA_0RD0RB	2	2	0	170
1RB0RB_0RC1LD_1LC1RA_1RB0RA	2	2	0	244
1RB0RB_0RC1LD_1LC1RB_0RA1RA	2	2	0	180
1RB0RB_0RC1LD_1LC1RD_0RA0LC	2	2	0	170
1RB0RB_0RC1LD_1LC1RD_0RA0RA	2	2	0	160
1RB0RB_0RC1LD_1LC1RD_0RA0RB	2	2	0	170
1RB0RB_0RC1LD_1LC1RD_0RA1RA	2	2	0	345
1RB0RB_0RC1LD_1LC1RD_0RD0RA	2	2	0	128
1RB0RB_0RC1LD_1LC1RD_1RB0RA	2	2	0	224
1RB0RB_0RC1LD_1LD0LA_1LB1LA	3	2	0	524
1RB0RB_0RC1LD_1LD1RC_0LA1LB	2	2	0	245
1RB0RB_0RC1LD_1LD1RC_1LA1LB	2	2	0	145
1RB0RB_0RC1RA_0LD1LA_1LC0LB	2	2	0	312
1RB0RB_0RC1RA_0LD1RA_1LC0LA	2	2	0	265
1RB0RB_0RC1RA_1LC0LD_1RA1LC	2	2	0	437
1RB0RB_0RC1RA_1LC1LD_0RB0RD	2	2	0	82
1RB0RB_0RC1RA_1LD1RB_1LC1LC	2	2	0	96
1RB0RB_0RC1RB_1LC0LD_1RA0LA	3	2	0	371
1RB0RB_0RC1RB_1LC1LD_1RA0LB	4	2	0	134
1RB0RB_0RC1RB_1LC1LD_1RA0LC	3	2	0	330
1RB0RB_0RC1RB_1LD0RA_1LD0LA	2	2	0	92
1RB0RB_0RC1RC_0LD1RA_1LC0LA	3	2	0	255
1RB0RB_0RC1RC_0RD0RC_1LD1LA	2	2	0	145
1RB0RB_0RC1RC_1LC1LD_1LA0RA	2	2	0	112
1RB0RB_0RC1RC_1LD0RA_0LC0RA	2	2	0	189
1RB0RB_0RC1RC_1LD0RA_0LC1LB	2	2	0	249
1RB0RB_0RC1RC_1LD0RC_0LB1LA	2	2	0	321
1RB0RB_0RC1RC_1LD0RC_1LD1LA	2	2	0	179
1RB0RB_0RC1RC_1LD1LA_0LC0RA	2	2	0	162
1RB0RB_0RC1RC_1LD1LA_1LC0RA	2	2	0	220
1RB0RB_0RC1RC_1LD1LA_1LC1LC	2	2	0	231
1RB0RB_0RC1RC_1LD1RA_0LC0RA	2	2	0	196
1RB0RB_0RC1RC_1LD1RD_0LB0LA	2	2	0	281
1RB0RB_0RC1RD_0LD0RB_1LD0LA	3	2	0	665
1RB0RB_0RC1RD_0RD0RB_1LD0LA	3	2	0	333
1RB0RB_0RC1RD_1LC0RA_0RB0RD	2	2	0	205
1RB0RB_0RC1RD_1LC0RA_1RC0RD	2	2	0	124
1RB0RB_0RC1RD_1LC0RD_0LA1LA	2	2	0	190
1RB0RB_0RC1RD_1LC1LA_0LA1LA	2	2	0	229
1RB0RB_0RC1RD_1LC1LA_0LB0RD	2	2	0	197
1RB0RB_0RC1RD_1LC1LA_0RB0RD	2	2	0	139
1RB0RB_0RC1RD_1LC1LA_0RC0RD	2	2	0	155
1RB0RB_0RC1RD_1LC1LA_1LC0RD	2	2	0	179
1RB0RB_0RC1RD_1LC1RA_0LA1LA	2	2	0	170
1RB0RB_0RC1RD_1LC1RA_0RB0RD	2	2	0	240
1RB0RB_0RC1RD_1LC1RB_0LA1LA	2	2	0	180
1RB0RB_1LA0LC_1LB1RD_0RD1RA	4	2	0	659
1RB0RB_1LA0RC_0LD1RC_1LB1LD	2	2	0	628
1RB0RB_1LA0RC_1LD1RC_1LB1LD	2	2	0	548
1RB0RB_1LA1LC_0LD0LC_1RD0LA	2	2	0	119
1RB0RB_1LA1LC_0LD0LC_1RD0RB	2	2	0	136
1RB0RB_1LA1LC_0LD0LC_1RD1RA	2	2	0	99
1RB0RB_1LA1LC_0LD0RA_1RD1RB	2	2	0	444
1RB0RB_1LA1LC_0LD1RA_0LB0LD	2	2	0	299
1RB0RB_1LA1LC_0LD1RA_0RB0LD	2	2	0	462
1RB0RB_1LA1LC_0LD1RA_1LA0LD	2	2	0	220
1RB0RB_1LA1LC_0RD0LC_1RD0RB	2	2	0	214
1RB0RB_1LA1LC_0RD1LB_0RB1RD	2	2	0	101
1RB0RB_1LA1LC_0RD1LB_1RA1LD	2	2	0	331
1RB0RB_1LA1LC_1LD1RA_0LB0LD	2	2	0	366
1RB0RB_1LA1LC_1LD1RA_1LA0LD	2	2	0	427
1RB0RB_1LA1LC_1RA1LD_---0LA	2	2	0	335
1RB0RB_1LA1LC_1RA1LD_---1LC	2	2	0	227
1RB0RB_1LA1LC_1RD0LB_0RB1RC	2	2	0	109
1RB0RB_1LA1LC_1RD0LC_1RC0RB	2	2	0	152
1RB0RB_1LA1LC_1RD0LC_1RD0LA	2	2	0	216
1RB0RB_1LA1LC_1RD0LC_1RD0RB	2	2	0	152
1RB0RB_1LA1LC_1RD1LA_0RB0RD	2	2	0	169
1RB0RB_1LA1LC_1RD1LA_1LA0RD	2	2	0	337
1RB0RB_1LA1LC_1RD1LA_1LB0RD	2	2	0	317
1RB0RB_1LA1LC_1RD1LB_---0RB	2	2	0	227
1RB0RB_1LA1LC_1RD1LB_0LA1RD	2	2	0	147
1RB0RB_1LA1LC_1RD1LB_0RB0RD	2	2	0	135
1RB0RB_1LA1LC_1RD1LB_1LA0RD	2	2	0	189
1RB0RB_1LA1LC_1RD1LB_1LB0RD	2	2	0	175
1RB0RB_1LA1RC_0LD0RC_1LD1LB	2	2	0	176
1RB0RB_1LA1RC_0LD1RB_1RB1LD	2	2	0	172
1RB0RB_1LA1RC_0RD0RC_1LD0LA	2	2	0	97
1RB0RB_1LA1RC_0RD0RC_1LD1LA	2	2	0	129
1RB0RB_1LA1RC_0RD0RC_1LD1LB	2	2	0	132
1RB0RB_1LA1RC_1LD0RC_1LC1LB	2	2	0	142
1RB0RB_1LA1RC_1LD0RC_1LD0LA	2	2	0	191
1RB0RB_1LA1RC_1LD0RC_1LD1LA	2	2	0	173
1RB0RB_1LA1RC_1LD0RC_1LD1LB	2	2	0	142
1RB0RB_1LB0LC_0LD---_1RD0RA	3	2	0	776
1RB0RB_1LB0LC_0LD0LC_1RD0LA	2	2	0	193
1RB0RB_1LB0LC_0RA1RD_1LC0RD	2	2	0	120
1RB0RB_1LB0LC_0RD0LA_1LC1RA	2	2	0	386
1RB0RB_1LB0LC_0RD0LA_1RA---	2	2	0	294
1RB0RB_1LB0LC_1LA0LD_1RD0RA	2	2	0	130
1RB0RB_1LB0LC_1LA0RD_1RD0RA	2	2	0	178
1RB0RB_1LB0LC_1LA1RD_1RD0RA	2	2	0	234
1RB0RB_1LB0LC_1LD1LD_1RD0RA	3	2	0	820
1RB0RB_1LB0LC_1RC1LD_0RD1RA	2	2	0	340
1RB0RB_1LB0LC_1RC1RD_1LB1LA	2	2	0	300
1RB0RB_1LB0LC_1RC1RD_1LB1RA	2	2	0	249
1RB0RB_1LB0LC_1RD0RB_0RD1RA	3	2	0	378
1RB0RB_1LB0LC_1RD1LA_0RD1RA	2	2	0	158
1RB0RB_1LB0LC_1RD1LC_0RC1RA	3	2	0	547
1RB0RB_1LB0LC_1RD1LC_1RD1RA	3	2	0	361
1RB0RB_1LB0LC_1RD1LD_0RB0RA	3	2	0	628
1RB0RB_1LB0LC_1RD1LD_0RB1LA	2	2	0	425
1RB0RB_1LB0LC_1RD1LD_0RB1RA	2	2	0	276
1RB0RB_1LB0LC_1RD1LD_1RA0RA	3	2	0	743
1RB0RB_1LB0LC_1RD1RB_1RD1RA	3	2	0	514
1RB0RB_1LB0RC_0LA1RD_1RC0RD	2	2	0	192
1RB0RB_1LB0RC_0RA1RD_1LC0RD	2	2	0	204
1RB0RB_1LB1LC_0LD0LC_1RD0RA	2	2	0	193
1RB0RB_1LB1LC_0LD0LC_1RD1RA	2	2	0	339
1RB0RB_1LB1LC_0LD0RA_1RC1LD	2	2	0	782
1RB0RB_1LB1LC_0LD0RA_1RD0LC	2	2	0	462
1RB0RB_1LB1LC_0RD0LA_0LA1RD	3	2	0	651
1RB0RB_1LB1LC_0RD0LA_0RB1RD	3	2	0	326
1RB0RB_1LB1LC_0RD0LA_1LB1RD	3	2	0	641
1RB0RB_1LB1LC_0RD0LA_1RA1LD	3	2	0	766
1RB0RB_1LB1LC_0RD0LA_1RA1RD	3	2	0	163
1RB0RB_1LB1LC_0RD0LD_0LA1RD	3	2	0	434
1RB0RB_1LB1LC_1LA1RD_---1RC	2	2	0	212
1RB0RB_1LB1LC_1RA0LA_------	3	2	0	540
1RB0RB_1LB1LC_1RA0LD_1RB0RB	3	2	0	540
1RB0RB_1LB1LC_1RA0RD_0LA1LD	3	2	0	616
1RB0RB_1LB1LC_1RA1LD_0LA0LA	4	2	0	893
1RB0RB_1LB1LC_1RA1LD_0LA0RC	4	2	0	979
1RB0RB_1LB1LC_1RA1LD_0LC0LA	4	2	0	949
1RB0RB_1LB1LC_1RA1LD_0RA0LA	4	2	0	1089
1RB0RB_1LB1LC_1RA1LD_0RD0LA	4	2	0	2423
1RB0RB_1LB1LC_1RA1LD_1LC0LA	4	2	0	2399
1RB0RB_1LB1LC_1RA1LD_1LC1LB	3	2	0	464
1RB0RB_1LB1LC_1RA1LD_1RC0LA	4	2	0	909
1RB0RB_1LB1LC_1RA1LD_1RD1LB	3	2	0	476
1RB0RB_1LB1LC_1RD0LA_---0RB	3	2	0	540
1RB0RB_1LB1LC_1RD0LA_---1RA	3	2	0	619
1RB0RB_1LB1LC_1RD0LA_0LA1RD	3	2	0	342
1RB0RB_1LB1LC_1RD0LA_0LC1RD	3	2	0	374
1RB0RB_1LB1LC_1RD0LA_1RA1RD	3	2	0	230
1RB0RB_1LB1LC_1RD0LA_1RB1RD	3	2	0	312
1RB0RB_1LB1LC_1RD0LB_1RA0RD	3	2	0	1287
1RB0RB_1LB1LC_1RD0LC_1RD1RA	2	2	0	275
1RB0RB_1LB1LC_1RD0RA_1LA0RD	2	2	0	123
1RB0RB_1LB1LC_1RD0RC_0LA0RC	2	2	0	115
1RB0RB_1LB1LC_1RD0RC_0LA1RB	2	2	0	123
1RB0RB_1LB1LC_1RD1LA_1LA0RD	2	2	0	287
1RB0RB_1LB1LC_1RD1LA_1RA0RD	2	2	0	195
1RB0RB_1LB1RC_0LA0RD_1RC0RC	2	2	0	99
1RB0RB_1LB1RC_0LA0RD_1RC0RD	2	2	0	99
1RB0RB_1LB1RC_0LA1RD_1RC0RD	2	2	0	202
1RB0RB_1LB1RC_0RA0RD_1LC0RC	2	2	0	99
1RB0RB_1LB1RC_0RA0RD_1LC0RD	2	2	0	99
1RB0RB_1LB1RC_0RA1RD_1LC0RD	2	2	0	219
1RB0RB_1LB1RC_0RD0RC_1LD1LA	2	2	0	147
1RB0RB_1LB1RC_1LD0RC_0RA---	2	2	0	99
1RB0RB_1LB1RC_1LD0RC_0RB0RA	2	2	0	142
1RB0RB_1LB1RC_1LD0RC_1LD1LA	2	2	0	181
1RB0RB_1LB1RC_1LD0RC_1RB0LA	2	2	0	109
1RB0RB_1LB1RC_1LD0RC_1RD0LA	2	2	0	213
1RB0RB_1LB1RC_1LD1LC_1RD0RA	2	2	0	164
1RB0RB_1LB1RC_1RD0RC_0LA---	2	2	0	99
1RB0RB_1LB1RC_1RD0RC_1LD0RA	2	2	0	132
1RB0RB_1LB1RC_1RD1LC_---1RA	2	2	0	216
1RB0RB_1LC---_0LA1RD_---1RC	2	2	0	241
1RB0RB_1LC0LA_0LB1RD_1RC1RD	2	2	0	165
1RB0RB_1LC0LA_0LC1RD_1LB0RB	2	2	0	413
1RB0RB_1LC0LA_0LD0LC_1RD1LA	2	2	0	104
1RB0RB_1LC0LA_0LD1RA_1LB1RD	2	2	0	413
1RB0RB_1LC0LA_0RA0LD_1RD1RB	2	2	0	426
1RB0RB_1LC0LA_0RC0LD_1RD1RB	2	2	0	344
1RB0RB_1LC0LA_0RD1RA_1LB1LD	2	2	0	415
1RB0RB_1LC0LA_0RD1RC_1LD0LB	2	2	0	451
1RB0RB_1LC0LA_1LA1RD_0RB0RD	2	2	0	225
1RB0RB_1LC0LA_1LA1RD_0RC0RD	2	2	0	245
1RB0RB_1LC0LA_1LA1RD_1LA0RD	2	2	0	497
1RB0RB_1LC0LA_1LA1RD_1LB0RD	2	2	0	417
1RB0RB_1LC0LA_1LA1RD_1LC0RD	2	2	0	457
1RB0RB_1LC0LA_1LB0RD_0RB1RD	2	2	0	123
1RB0RB_1LC0LA_1LB0RD_1RA1LD	2	2	0	463
1RB0RB_1LC0LA_1LB1RA_------	2	2	0	359
1RB0RB_1LC0LA_1LB1RD_---0RB	2	2	0	359
1RB0RB_1LC0LA_1LB1RD_0LA1RD	2	2	0	187
1RB0RB_1LC0LA_1LB1RD_0RB0LC	2	2	0	463
1RB0RB_1LC0LA_1LB1RD_1LA0RD	2	2	0	163
1RB0RB_1LC0LA_1LC1RD_1LA0RD	2	2	0	213
1RB0RB_1LC0LA_1LD1RA_---0LA	2	2	0	359
1RB0RB_1LC0LA_1RA0LD_0LB0LD	2	2	0	213
1RB0RB_1LC0LA_1RA0LD_0RB0LD	2	2	0	334
1RB0RB_1LC0LA_1RA0LD_1LA0LC	2	2	0	176
1RB0RB_1LC0LA_1RA0LD_1LA0LD	2	2	0	176
1RB0RB_1LC0LA_1RA0LD_1LC0LC	2	2	0	156
1RB0RB_1LC0LA_1RA0LD_1LC0LD	2	2	0	156
1RB0RB_1LC0LA_1RA1LD_0LB0LD	2	2	0	268
1RB0RB_1LC0LA_1RA1LD_1LA0LD	2	2	0	353
1RB0RB_1LC0LA_1RA1LD_1LC0LD	2	2	0	313
1RB0RB_1LC0LA_1RD0LC_0LA0RB	2	2	0	354
1RB0RB_1LC0LA_1RD0LC_1RD1LA	2	2	0	208
1RB0RB_1LC0LB_0LD0LC_1RD1LA	2	2	0	179
1RB0RB_1LC0LB_0RD0LB_1RA1RC	2	2	0	141
1RB0RB_1LC0LB_1RA0LD_0LB0LB	2	2	0	291
1RB0RB_1LC0LB_1RA0LD_0LB0LC	2	2	0	235
1RB0RB_1LC0LB_1RA0LD_0LB0LD	2	2	0	235
1RB0RB_1LC0LB_1RA0LD_0LB1RD	2	2	0	305
1RB0RB_1LC0LB_1RA0LD_0LC0LB	2	2	0	278
1RB0RB_1LC0LB_1RA0LD_1LA0LB	2	2	0	257
1RB0RB_1LC0LB_1RA0LD_1LA0LD	2	2	0	204
1RB0RB_1LC0LB_1RA0LD_1LA0RD	2	2	0	277
1RB0RB_1LC0LB_1RA0LD_1LC0LB	2	2	0	277
1RB0RB_1LC0LB_1RA0LD_1LC0LD	2	2	0	277
1RB0RB_1LC0LB_1RA0RD_0LB1LD	2	2	0	293
1RB0RB_1LC0LB_1RA1LD_0LB0LD	2	2	0	286
1RB0RB_1LC0LB_1RA1LD_0LB1RB	2	2	0	317
1RB0RB_1LC0LB_1RA1LD_0LC1RB	2	2	0	269
1RB0RB_1LC0LB_1RA1LD_0RB1RB	2	2	0	293
1RB0RB_1LC0LB_1RA1LD_1LA0LD	2	2	0	152
1RB0RB_1LC0LB_1RA1LD_1LA1RB	2	2	0	290
1RB0RB_1LC0LB_1RA1LD_1RB0RC	2	2	0	321
1RB0RB_1LC0LB_1RA1LD_1RB1RB	2	2	0	307
1RB0RB_1LC0LB_1RA1LD_1RC1RB	2	2	0	309
1RB0RB_1LC0LB_1RA1RD_---1LB	2	2	0	293
1RB0RB_1LC0LB_1RA1RD_1LB0LC	2	2	0	309
1RB0RB_1LC0LB_1RA1RD_1LB1RD	2	2	0	142
1RB0RB_1LC0LB_1RD0LC_1LA0RB	2	2	0	313
1RB0RB_1LC0LB_1RD1LA_1RB1RC	2	2	0	140
1RB0RB_1LC0LB_1RD1LA_1RC0LD	3	2	0	164
1RB0RB_1LC0LB_1RD1LB_0RA1RC	4	2	0	159
1RB0RB_1LC0LC_0LD0LC_1RD0RA	3	2	0	776
1RB0RB_1LC0LC_0RD1RA_0RB1LB	2	2	0	455
1RB0RB_1LC0LC_1LA0LD_1RD0LA	2	2	0	191
1RB0RB_1LC0LC_1LA0LD_1RD0RB	2	2	0	230
1RB0RB_1LC0LC_1LA0RD_1RD0RB	2	2	0	350
1RB0RB_1LC0LC_1LA1RD_1RD0LA	2	2	0	352
1RB0RB_1LC0LC_1LA1RD_1RD0RB	2	2	0	262
1RB0RB_1LC0LC_1RA0LD_0LB0LB	3	2	0	496
1RB0RB_1LC0LC_1RA0LD_0LB0LC	2	2	0	204
1RB0RB_1LC0LC_1RA0LD_0LB0LD	2	2	0	204
1RB0RB_1LC0LC_1RA0LD_0LB1RD	2	2	0	248
1RB0RB_1LC0LC_1RA0LD_0RB0LC	2	2	0	242
1RB0RB_1LC0LC_1RA0LD_0RB0LD	2	2	0	242
1RB0RB_1LC0LC_1RA0LD_1LC0LB	3	2	0	501
1RB0RB_1LC0LC_1RA0LD_1LC0LD	2	2	0	206
1RB0RB_1LC0LC_1RA0RD_0RD1LB	2	2	0	406
1RB0RB_1LC0LC_1RA0RD_1LC1LB	2	2	0	366
1RB0RB_1LC0LC_1RA0RD_1LC1LD	2	2	0	366
1RB0RB_1LC0LC_1RA1LD_0LB0LD	2	2	0	205
1RB0RB_1LC0LC_1RA1LD_0RA1RB	2	2	0	424
1RB0RB_1LC0LC_1RA1LD_0RB0LD	2	2	0	316
1RB0RB_1LC0LC_1RA1LD_1LC0LD	2	2	0	218
1RB0RB_1LC0LC_1RA1LD_1RA1RB	2	2	0	334
1RB0RB_1LC0LC_1RD1LB_1RB0RA	4	2	0	189
1RB0RB_1LC0LD_0LA1LD_1RD1RA	3	2	0	548
1RB0RB_1LC0LD_0LA1RA_1RD0LC	3	2	0	791
1RB0RB_1LC0LD_0LA1RA_1RD0RB	2	2	0	275
1RB0RB_1LC0LD_0LA1RA_1RD1LC	2	2	0	321
1RB0RB_1LC0LD_0LA1RA_1RD1RA	3	2	0	931
1RB0RB_1LC0LD_0LA1RA_1RD1RB	3	2	0	663
1RB0RB_1LC0LD_0LA1RA_1RD1RC	2	2	0	281
1RB0RB_1LC0LD_0LA1RD_1RD0RB	2	2	0	275
1RB0RB_1LC0LD_0LB1RA_1RD1RB	3	2	0	1021
1RB0RB_1LC0LD_0LD0LB_1RD1RA	3	2	0	713
1RB0RB_1LC0LD_0RA1LC_1RA1RD	3	2	0	370
1RB0RB_1LC0LD_0RB0LB_1RD1RA	3	2	0	714
1RB0RB_1LC0LD_0RB1LC_1RD1RA	3	2	0	324
1RB0RB_1LC0LD_0RD0LB_1RD1RA	3	2	0	681
1RB0RB_1LC0LD_1LB1LA_0RC1RA	2	2	0	322
1RB0RB_1LC0LD_1LB1RA_1RB0RB	2	2	0	359
1RB0RB_1LC0LD_1LB1RA_1RB1LA	2	2	0	483
1RB0RB_1LC0LD_1LB1RA_1RB1LC	2	2	0	399
1RB0RB_1LC0LD_1LB1RA_1RD1RC	4	2	0	874
1RB0RB_1LC0LD_1LC1LA_0RB1RA	2	2	0	322
1RB0RB_1LC0LD_1LC1LA_0RC1RA	2	2	0	322
1RB0RB_1LC0LD_1LC1LA_1LD1RA	2	2	0	368
1RB0RB_1LC0LD_1LD1RA_0LC0LA	2	2	0	451
1RB0RB_1LC0LD_1RA0LB_0RA1RD	2	2	0	111
1RB0RB_1LC0LD_1RA0LB_1LC0LB	2	2	0	277
1RB0RB_1LC0LD_1RA0LB_1LC0LD	2	2	0	277
1RB0RB_1LC0LD_1RA0LB_1RA0LC	2	2	0	312
1RB0RB_1LC0LD_1RA0LB_1RB0LB	2	2	0	156
1RB0RB_1LC0LD_1RA0LB_1RC0LB	2	2	0	114
1RB0RB_1LC0LD_1RA0LD_1LC0LB	2	2	0	277
1RB0RB_1LC0LD_1RA0LD_1LC0LD	2	2	0	277
1RB0RB_1LC0LD_1RA1LC_1RA0LA	2	2	0	350
1RB0RB_1LC0LD_1RA1LC_1RA0RB	2	2	0	262
1RB0RB_1LC0LD_1RB0LB_1RD1RA	3	2	0	757
1RB0RB_1LC0LD_1RC0LB_1RD1RA	3	2	0	725
1RB0RB_1LC0RA_0LD0LB_1RD1LA	2	2	0	121
1RB0RB_1LC0RA_0LD0LB_1RD1RB	2	3	0	1190
1RB0RB_1LC0RA_0LD1LA_0RB1RB	2	2	0	245
1RB0RB_1LC0RA_0LD1LA_1LD0LA	2	3	0	203
1RB0RB_1LC0RA_0RD0LB_1RA0LD	2	2	0	279
1RB0RB_1LC0RA_0RD0LC_1LA1LB	2	2	0	259
1RB0RB_1LC0RA_0RD0LD_1RD1LB	2	2	0	259
1RB0RB_1LC0RA_0RD1LA_---1LB	2	2	0	247
1RB0RB_1LC0RA_0RD1LA_1LB0LC	2	2	0	357
1RB0RB_1LC0RA_0RD1LA_1LB1LD	2	2	0	193
1RB0RB_1LC0RA_0RD1LA_1LC1LD	2	2	0	247
1RB0RB_1LC0RA_0RD1LD_1RB1LB	2	2	0	247
1RB0RB_1LC0RA_0RD1RA_1LD0RC	2	2	0	158
1RB0RB_1LC0RA_1LB0LD_1RD1LB	2	2	0	149
1RB0RB_1LC0RA_1LB0LD_1RD1RB	2	2	0	193
1RB0RB_1LC0RA_1LB0RD_1LA1LD	2	2	0	149
1RB0RB_1LC0RA_1LB1LA_------	2	2	0	137
1RB0RB_1LC0RA_1LB1LD_0RD1LA	2	2	0	149
1RB0RB_1LC0RA_1LB1LD_1RB---	2	2	0	137
1RB0RB_1LC0RA_1LB1LD_1RC1RB	2	2	0	149
1RB0RB_1LC0RA_1LB1LD_1RD0RA	2	2	0	137
1RB0RB_1LC0RA_1LB1RD_1RB1LD	2	2	0	149
1RB0RB_1LC0RA_1LC0LD_1RD1LB	2	2	0	149
1RB0RB_1LC0RA_1LC0LD_1RD1RB	2	2	0	193
1RB0RB_1LC0RA_1LC0RD_1LA1LD	2	2	0	149
1RB0RB_1LC0RA_1LC1LA_------	2	2	0	137
1RB0RB_1LC0RA_1LC1LD_0RD1LA	2	2	0	149
1RB0RB_1LC0RA_1LC1LD_1RB---	2	2	0	137
1RB0RB_1LC0RA_1LC1LD_1RC1RB	2	2	0	149
1RB0RB_1LC0RA_1LC1LD_1RD0RA	2	2	0	137
1RB0RB_1LC0RA_1LC1RD_1RB1LD	2	2	0	149
1RB0RB_1LC0RA_1LD0LB_1LA---	2	2	0	151
1RB0RB_1LC0RA_1LD0LB_1RA0LA	2	3	0	881
1RB0RB_1LC0RA_1LD0LB_1RA0RA	2	2	0	143
1RB0RB_1LC0RA_1LD0LB_1RA0RC	2	2	0	80
1RB0RB_1LC0RA_1LD0LB_1RA1LA	2	2	0	259
1RB0RB_1LC0RA_1LD0LB_1RA1RA	2	2	0	88
1RB0RB_1LC0RA_1LD0LB_1RA1RC	2	2	0	132
1RB0RB_1LC0RA_1LD0LB_1RD1RA	2	2	0	112
1RB0RB_1LC0RA_1LD1LA_0RD1LB	2	2	0	191
1RB0RB_1LC0RA_1LD1LA_1LC---	2	2	0	137
1RB0RB_1LC0RA_1LD1LA_1LD1LA	2	2	0	137
1RB0RB_1LC0RA_1LD1RA_0LB0LA	2	2	0	187
1RB0RB_1LC0RA_1LD1RA_1LC0LA	2	2	0	139
1RB0RB_1LC0RA_1LD1RA_1LC1RB	2	2	0	173
1RB0RB_1LC0RA_1LD1RA_1LD0LA	2	2	0	139
1RB0RB_1LC0RA_1RA0LD_0LB0LC	2	2	0	451
1RB0RB_1LC0RA_1RA0LD_0LB0LD	2	2	0	451
1RB0RB_1LC0RA_1RA0LD_0LB1RA	4	2	0	224
1RB0RB_1LC0RA_1RA0LD_1LB---	3	2	0	981
1RB0RB_1LC0RA_1RC1LD_1RB1LB	2	2	0	193
1RB0RB_1LC0RA_1RC1LD_1RB1LC	2	2	0	247
1RB0RB_1LC0RA_1RD0LB_---1RB	2	2	0	259
1RB0RB_1LC0RA_1RD0LB_1LA1LD	2	2	0	161
1RB0RB_1LC0RA_1RD0LD_1LB0RB	3	2	0	981
1RB0RB_1LC0RA_1RD1LA_1LC1LD	2	2	0	193
1RB0RB_1LC0RB_0LD1RA_0RB1RB	2	2	0	315
1RB0RB_1LC0RB_0RD0LC_1RA1LB	2	2	0	327
1RB0RB_1LC0RB_0RD1LD_1RA1LB	2	2	0	247
1RB0RB_1LC0RB_0RD1RA_---1LB	2	2	0	317
1RB0RB_1LC0RB_0RD1RA_1LB0LC	2	2	0	461
1RB0RB_1LC0RB_0RD1RA_1LC1LD	2	2	0	317
1RB0RB_1LC0RB_0RD1RA_1LD0RC	2	2	0	158
1RB0RB_1LC0RB_1LB0LD_1RD1LA	2	2	0	149
1RB0RB_1LC0RB_1LB1LD_1RA---	2	2	0	137
1RB0RB_1LC0RB_1LB1LD_1RC1RA	2	2	0	149
1RB0RB_1LC0RB_1LB1LD_1RD0RA	2	2	0	137
1RB0RB_1LC0RB_1LB1RD_1RA1LD	2	2	0	149
1RB0RB_1LC0RB_1LC0LD_1RA0RD	2	2	0	183
1RB0RB_1LC0RB_1LC0LD_1RA1LD	2	2	0	159
1RB0RB_1LC0RB_1LC0LD_1RA1RD	2	2	0	183
1RB0RB_1LC0RB_1LC0LD_1RD1LA	2	2	0	149
1RB0RB_1LC0RB_1LC0RD_1RA1LD	2	2	0	193
1RB0RB_1LC0RB_1LC1LD_0RD1RA	2	2	0	183
1RB0RB_1LC0RB_1LC1LD_1RA---	2	2	0	137
1RB0RB_1LC0RB_1LC1LD_1RC1RA	2	2	0	149
1RB0RB_1LC0RB_1LC1LD_1RD0RA	2	2	0	137
1RB0RB_1LC0RB_1LC1LD_1RD1RA	2	2	0	228
1RB0RB_1LC0RB_1LC1RA_------	2	2	0	173
1RB0RB_1LC0RB_1LC1RD_1RA1LD	2	2	0	149
1RB0RB_1LC0RB_1LD1LA_0LC1RD	2	2	0	228
1RB0RB_1LC0RB_1LD1LA_1LD1RA	2	2	0	149
1RB0RB_1LC0RB_1LD1RA_1LB0LA	3	2	0	493
1RB0RB_1LC0RB_1LD1RA_1LB1LA	3	2	0	481
1RB0RB_1LC0RB_1LD1RA_1LC0LA	2	2	0	139
1RB0RB_1LC0RB_1LD1RA_1LC1LA	2	2	0	129
1RB0RB_1LC0RB_1LD1RA_1LC1RA	2	2	0	173
1RB0RB_1LC0RB_1LD1RA_1LC1RB	2	2	0	173
1RB0RB_1LC0RB_1LD1RA_1LD0LA	2	2	0	139
1RB0RB_1LC0RB_1LD1RA_1LD1LA	2	2	0	129
1RB0RB_1LC0RB_1LD1RA_1LD1RA	2	2	0	173
1RB0RB_1LC0RB_1LD1RB_1LC1RA	2	2	0	173
1RB0RB_1LC0RB_1LD1RB_1LD1RA	2	2	0	173
1RB0RB_1LC0RB_1LD1RC_1LD1RA	2	2	0	155
1RB0RB_1LC0RB_1RC1LD_1RA1LB	2	2	0	193
1RB0RB_1LC0RB_1RC1LD_1RA1LC	2	2	0	247
1RB0RB_1LC0RC_0LA0LD_1RD0RB	3	2	0	524
1RB0RB_1LC0RC_0RD0RA_1LD1LA	3	2	0	281
1RB0RB_1LC0RC_0RD1LD_1RA0LB	2	2	0	162
1RB0RB_1LC0RC_1LC1LD_1RB0LA	3	2	0	540
1RB0RB_1LC0RC_1LD1RA_0LB0LA	4	2	0	158
1RB0RB_1LC0RC_1LD1RA_1LC0LA	4	2	0	142
1RB0RB_1LC0RC_1LD1RA_1LD0LA	4	2	0	142
1RB0RB_1LC0RC_1RA0LD_0LB0LD	2	2	0	642
1RB0RB_1LC0RC_1RA1LD_0LB0LD	2	2	0	300
1RB0RB_1LC0RC_1RA1LD_0RD0LC	2	2	0	100
1RB0RB_1LC0RC_1RD1LA_1LD0LB	2	2	0	625
1RB0RB_1LC0RC_1RD1RA_1LD0LB	2	2	0	643
1RB0RB_1LC0RD_0LB1LA_0LA0RC	2	2	0	357
1RB0RB_1LC0RD_0LB1LA_0RB1LA	2	2	0	159
1RB0RB_1LC0RD_0LD1RA_1LB1LA	2	2	0	260
1RB0RB_1LC0RD_1LA0LB_1RB0RA	2	2	0	143
1RB0RB_1LC0RD_1LA0LB_1RB0RD	2	2	0	143
1RB0RB_1LC0RD_1LA0LB_1RB1RA	2	3	0	333
1RB0RB_1LC0RD_1LA0LB_1RB1RD	2	3	0	333
1RB0RB_1LC0RD_1LA0LC_1RD1RA	2	2	0	152
1RB0RB_1LC0RD_1LA0LC_1RD1RB	2	2	0	184
1RB0RB_1LC0RD_1LB1LA_0RA1LD	2	2	0	199
1RB0RB_1LC0RD_1LC1LA_0RA1LD	2	2	0	199
1RB0RB_1LC0RD_1LC1LD_1LA0RA	3	2	0	272
1RB0RB_1LC0RD_1LC1LD_1RA0RB	2	2	0	121
1RB0RB_1LC0RD_1LC1RA_0RB0RA	3	2	0	277
1RB0RB_1LC0RD_1LC1RA_0RB0RB	2	2	0	98
1RB0RB_1LC0RD_1LC1RA_0RB0RD	2	2	0	98
1RB0RB_1LC0RD_1LC1RA_0RB1LD	2	2	0	162
1RB0RB_1LC0RD_1LC1RA_0RC0RA	3	2	0	277
1RB0RB_1LC0RD_1LC1RA_0RC0RB	2	2	0	98
1RB0RB_1LC0RD_1LC1RA_0RC0RD	2	2	0	98
1RB0RB_1LC0RD_1LC1RA_1LB0RB	2	2	0	173
1RB0RB_1LC0RD_1LC1RA_1LB0RD	2	2	0	173
1RB0RB_1LC0RD_1LC1RA_1LC0RB	2	2	0	173
1RB0RB_1LC0RD_1LC1RA_1LC0RD	2	2	0	173
1RB0RB_1LC0RD_1LC1RB_0RB0RA	3	2	0	282
1RB0RB_1LC0RD_1LC1RB_0RC0RA	3	2	0	282
1RB0RB_1LC0RD_1LD0LB_1RB0RA	2	2	0	143
1RB0RB_1LC0RD_1LD0LB_1RB1RA	2	2	0	84
1RB0RB_1LC0RD_1LD1LB_0RA1RB	2	2	0	87
1RB0RB_1LC0RD_1LD1RA_1RB0LC	2	2	0	108
1RB0RB_1LC0RD_1LD1RB_1LC0LA	2	2	0	359
1RB0RB_1LC0RD_1LD1RB_1LD0LA	2	2	0	359
1RB0RB_1LC0RD_1RA1LD_0LB0LD	2	2	0	300
1RB0RB_1LC0RD_1RA1LD_1LC0LC	4	2	0	1164
1RB0RB_1LC1LB_0LD0LC_1RD0RA	2	2	0	328
1RB0RB_1LC1LB_0LD0LC_1RD1LA	2	2	0	193
1RB0RB_1LC1LB_1RA0LD_0LB0LC	2	2	0	240
1RB0RB_1LC1LB_1RA0LD_0LB0LD	2	2	0	240
1RB0RB_1LC1LB_1RA0LD_1LC0LD	2	2	0	287
1RB0RB_1LC1LB_1RA1LD_0LB0LD	2	2	0	311
1RB0RB_1LC1LB_1RD0LB_1LA0RC	2	2	0	242
1RB0RB_1LC1LB_1RD1RC_0LB0RA	2	2	0	188
1RB0RB_1LC1LB_1RD1RC_1LB0RA	2	2	0	297
1RB0RB_1LC1LC_1LA1RD_---1RC	2	2	0	241
1RB0RB_1LC1LD_---1LA_1LC1RD	2	2	0	178
1RB0RB_1LC1LD_0LC1RA_1RA1LB	2	2	0	237
1RB0RB_1LC1LD_0LC1RA_1RC1LB	2	2	0	172
1RB0RB_1LC1LD_0RA1LC_1RD1RA	2	2	0	109
1RB0RB_1LC1LD_0RB1RA_0LC0RD	2	2	0	477
1RB0RB_1LC1LD_0RB1RC_1LB0LA	3	2	0	376
1RB0RB_1LC1LD_0RD1RA_0RA1LB	2	2	0	455
1RB0RB_1LC1LD_1LB0LD_1RA1LB	2	2	0	206
1RB0RB_1LC1LD_1LB0RB_1RA1LB	2	2	0	215
1RB0RB_1LC1LD_1LB1LA_0RA1RA	2	2	0	261
1RB0RB_1LC1LD_1LB1LD_1RA0LA	3	2	0	540
1RB0RB_1LC1LD_1LB1RA_1RA1LB	2	2	0	213
1RB0RB_1LC1LD_1LB1RA_1RC1LB	2	2	0	156
1RB0RB_1LC1LD_1LB1RC_0LA0LA	3	2	0	318
1RB0RB_1LC1LD_1LB1RC_0LA0RB	3	2	0	388
1RB0RB_1LC1LD_1LB1RC_0RC0LA	3	2	0	621
1RB0RB_1LC1LD_1LB1RC_1LA0LA	3	2	0	571
1RB0RB_1LC1LD_1LB1RC_1RA0LA	3	2	0	460
1RB0RB_1LC1LD_1LB1RC_1RB0LA	3	2	0	330
1RB0RB_1LC1LD_1LC0LD_0RA1RA	2	2	0	329
1RB0RB_1LC1LD_1LC1LA_0LA1RD	3	2	0	432
1RB0RB_1LC1LD_1LC1LA_0RA1RA	2	2	0	261
1RB0RB_1LC1LD_1LC1LD_1RA0LA	3	2	0	540
1RB0RB_1LC1LD_1LC1RA_0RA---	2	2	0	311
1RB0RB_1LC1LD_1LC1RA_0RD0RB	2	2	0	311
1RB0RB_1LC1LD_1LC1RA_1RB0RA	2	2	0	449
1RB0RB_1LC1LD_1LC1RB_0RA1RA	2	2	0	331
1RB0RB_1LC1LD_1LC1RD_0RA0RB	2	2	0	311
1RB0RB_1LC1LD_1RA0LB_0LB0LD	2	2	0	369
1RB0RB_1LC1LD_1RA0LB_0LC0RD	3	2	0	1539
1RB0RB_1LC1LD_1RA0LB_0RC1RC	2	2	0	409
1RB0RB_1LC1LD_1RA0LC_0LB0LD	2	2	0	349
1RB0RB_1LC1LD_1RA0LD_0LB0LD	2	2	0	359
1RB0RB_1LC1LD_1RA0LD_0LB0RC	2	2	0	198
1RB0RB_1LC1LD_1RA0LD_1LC0LD	2	2	0	287
1RB0RB_1LC1LD_1RA0RB_0LB0LD	2	2	0	371
1RB0RB_1LC1LD_1RA1LA_0LB0LD	2	2	0	298
1RB0RB_1LC1LD_1RA1LB_0LB0LD	2	2	0	317
1RB0RB_1LC1LD_1RA1LC_0LB0LD	2	2	0	375
1RB0RB_1LC1LD_1RA1LD_0LB0LD	2	2	0	311
1RB0RB_1LC1LD_1RA1RB_0LB0LD	2	2	0	361
1RB0RB_1LC1LD_1RA1RB_1LC0LD	2	2	0	307
1RB0RB_1LC1LD_1RB0LD_1RA1LB	2	2	0	214
1RB0RB_1LC1LD_1RB0RB_1RA1LB	2	2	0	227
1RB0RB_1LC1LD_1RB1RA_0RA1LC	2	2	0	455
1RB0RB_1LC1LD_1RB1RA_1RA1LB	2	2	0	225
1RB0RB_1LC1LD_1RB1RA_1RC1LB	2	2	0	164
1RB0RB_1LC1LD_1RD0LB_---0RA	2	2	0	223
1RB0RB_1LC1RA_---1LD_0RA0LA	2	2	0	103
1RB0RB_1LC1RA_---1LD_1RA0LA	2	2	0	70
1RB0RB_1LC1RA_0LB1LD_0RB0LA	2	2	0	132
1RB0RB_1LC1RA_0LB1LD_1LA0LC	2	2	0	262
1RB0RB_1LC1RA_0LB1LD_1RB0LA	2	2	0	132
1RB0RB_1LC1RA_0LB1LD_1RB0LC	2	2	0	126
1RB0RB_1LC1RA_0LC1LD_0RB0LA	2	2	0	137
1RB0RB_1LC1RA_0LD1LA_1LB0RD	2	2	0	191
1RB0RB_1LC1RA_0LD1LB_1RD1LB	2	3	0	428
1RB0RB_1LC1RA_0RA0LD_0LB0LA	3	2	0	1365
1RB0RB_1LC1RA_0RA0LD_1LB0LA	3	2	0	866
1RB0RB_1LC1RA_0RA1LD_1LB0LA	2	2	0	77
1RB0RB_1LC1RA_0RA1LD_1RD0LA	2	2	0	119
1RB0RB_1LC1RA_1LA0LD_1LA0LA	4	2	0	168
1RB0RB_1LC1RA_1LA0LD_1LB0LA	2	3	0	548
1RB0RB_1LC1RA_1LA0LD_1LB1LB	3	2	0	711
1RB0RB_1LC1RA_1LA0LD_1LC0LA	4	2	0	190
1RB0RB_1LC1RA_1LB0LD_1RC1LC	2	2	0	114
1RB0RB_1LC1RA_1LD0LB_0RB1LB	2	2	0	73
1RB0RB_1LC1RA_1LD1LA_---1LB	2	2	0	80
1RB0RB_1LC1RA_1LD1LA_---1LC	2	2	0	137
1RB0RB_1LC1RA_1LD1LB_0RB0LC	4	2	0	804
1RB0RB_1LC1RA_1LD1LB_0RB0LD	2	2	0	151
1RB0RB_1LC1RA_1LD1LB_0RB0RC	2	2	0	151
1RB0RB_1LC1RA_1LD1LB_0RB1LC	2	2	0	107
1RB0RB_1LC1RA_1LD1LB_1RB0RC	2	2	0	169
1RB0RB_1LC1RA_1LD1LB_1RB1LC	2	2	0	123
1RB0RB_1LC1RA_1RA0LD_0LB0LB	4	2	0	411
1RB0RB_1LC1RA_1RA0LD_0LB1LB	3	2	0	1408
1RB0RB_1LC1RA_1RA0LD_0RA1LB	3	2	0	1388
1RB0RB_1LC1RA_1RA0LD_0RB1LB	3	2	0	324
1RB0RB_1LC1RA_1RA0LD_0RD1LB	3	2	0	338
1RB0RB_1LC1RA_1RA0LD_1LA1LB	3	2	0	1893
1RB0RB_1LC1RA_1RA0LD_1LB1LB	3	2	0	351
1RB0RB_1LC1RA_1RA0LD_1LC0LD	2	2	0	298
1RB0RB_1LC1RA_1RA0LD_1LC1LB	3	2	0	1101
1RB0RB_1LC1RA_1RA0LD_1RA0LB	4	2	0	902
1RB0RB_1LC1RA_1RA0LD_1RA1LB	3	2	0	602
1RB0RB_1LC1RA_1RA1LD_1LB0LA	2	2	0	73
1RB0RB_1LC1RA_1RA1LD_1RD0LA	2	2	0	82
1RB0RB_1LC1RB_---0LD_1RA1LD	2	3	0	2190
1RB0RB_1LC1RB_0LB1LD_0RB0LA	3	2	0	775
1RB0RB_1LC1RB_0LB1LD_1LA0LA	3	2	0	408
1RB0RB_1LC1RB_0LD0LC_1RD0RA	2	2	0	403
1RB0RB_1LC1RB_1LC1LD_0RB0LA	3	2	0	641
1RB0RB_1LC1RB_1LC1LD_1LA0LA	3	2	0	334
1RB0RB_1LC1RB_1LD1LC_1RA0RB	2	2	0	811
1RB0RB_1LC1RB_1LD1LC_1RA1RB	2	2	0	126
1RB0RB_1LC1RB_1LD1RA_0LB0LA	2	2	0	199
1RB0RB_1LC1RB_1LD1RA_0LD0LA	2	3	0	187
1RB0RB_1LC1RB_1LD1RA_1LC0LA	2	2	0	185
1RB0RB_1LC1RB_1RA0LD_0LB0LC	2	3	0	767
1RB0RB_1LC1RB_1RA0LD_0LB0LD	2	3	0	767
1RB0RB_1LC1RB_1RA0LD_1LB1LD	2	2	0	692
1RB0RB_1LC1RB_1RA0LD_1LC0LD	2	3	0	441
1RB0RB_1LC1RB_1RA1LD_0LB0LD	2	2	0	314
1RB0RB_1LC1RB_1RA1LD_1LB1LD	2	2	0	409
1RB0RB_1LC1RB_1RA1RD_1LB1LD	2	2	0	435
1RB0RB_1LC1RC_0LA0RD_---1LA	2	2	0	299
1RB0RB_1LC1RC_0RD1LA_0LD1LB	2	2	0	403
1RB0RB_1LC1RC_0RD1LA_1LD1LB	2	2	0	251
1RB0RB_1LC1RC_1LB1LD_1LA0RA	2	2	0	115
1RB0RB_1LC1RC_1LB1LD_1RB0RA	2	2	0	199
1RB0RB_1LC1RC_1LB1LD_1RD0RA	2	2	0	187
1RB0RB_1LC1RC_1LC1LD_1RB0RA	2	2	0	199
1RB0RB_1LC1RC_1LC1LD_1RD0RA	2	2	0	187
1RB0RB_1LC1RC_1LD1LA_0LB0RA	3	2	0	383
1RB0RB_1LC1RC_1LD1LA_0RD1LB	2	2	0	291
1RB0RB_1LC1RC_1LD1LA_1LB0RA	3	2	0	500
1RB0RB_1LC1RC_1LD1LA_1LC1LB	2	2	0	249
1RB0RB_1LC1RC_1LD1LA_1LC1LD	2	2	0	249
1RB0RB_1LC1RC_1RA0LD_1LC0LD	2	2	0	547
1RB0RB_1LC1RC_1RA0LD_1LC1LC	4	2	0	479
1RB0RB_1LC1RC_1RA0LD_1RD1LC	4	2	0	647
1RB0RB_1LC1RC_1RA1LD_0LB0LD	2	2	0	232
1RB0RB_1LC1RC_1RD1LC_---1RA	2	2	0	182
1RB0RB_1LC1RD_0LA0LD_1LA0RB	2	2	0	178
1RB0RB_1LC1RD_0LB1LA_0RC0LA	2	2	0	325
1RB0RB_1LC1RD_0LB1RB_1LD0RA	2	2	0	131
1RB0RB_1LC1RD_0LB1RC_1LD0RA	2	2	0	141
1RB0RB_1LC1RD_0LC0LD_1LA0LA	2	2	0	191
1RB0RB_1LC1RD_0LC0LD_1RA1LD	2	3	0	740
1RB0RB_1LC1RD_0LC1LA_0RD0RB	2	2	0	204
1RB0RB_1LC1RD_0LC1LA_1LA0LA	2	2	0	349
1RB0RB_1LC1RD_1LB1LA_0LA1LA	2	2	0	261
1RB0RB_1LC1RD_1LB1LA_0RB0RD	2	2	0	149
1RB0RB_1LC1RD_1LB1LA_1LB0RD	2	2	0	279
1RB0RB_1LC1RD_1LB1LA_1LC0RD	2	2	0	293
1RB0RB_1LC1RD_1LC0RD_0LA1LA	2	2	0	351
1RB0RB_1LC1RD_1LC1LA_0LA1LA	2	2	0	261
1RB0RB_1LC1RD_1LC1LA_0RB0RD	2	2	0	149
1RB0RB_1LC1RD_1LC1LA_0RC0RD	2	2	0	149
1RB0RB_1LC1RD_1LC1LA_1LB0RD	2	2	0	183
1RB0RB_1LC1RD_1LC1LA_1LC0RD	2	2	0	183
1RB0RB_1LC1RD_1LC1RA_0LA1LA	2	2	0	311
1RB0RB_1LC1RD_1LC1RB_0LA1LA	2	2	0	331
1RB0RB_1LC1RD_1LD0RB_0LA0RB	2	2	0	187
1RB0RB_1LC1RD_1LD1LB_0RA0RB	2	2	0	118
1RB0RB_1LC1RD_1LD1LC_1RA1RB	2	2	0	126
1RB0RB_1LC1RD_1RA0LB_0LC---	2	2	0	400
1RB0RB_1LC1RD_1RA0LB_0LD0LB	2	2	0	400
1RB0RB_1LC1RD_1RA0LB_1LB0LC	2	2	0	526
1RB0RB_1LC1RD_1RA0LB_1LC0LA	3	2	0	486
1RB0RB_1LC1RD_1RA0LB_1LC0RB	3	2	0	370
1RB0RB_1LC1RD_1RA0LB_1LC0RD	3	2	0	370
1RB0RB_1LC1RD_1RA0LD_1LC0LD	2	3	0	441
1RB0RB_1LC1RD_1RA1LC_0LD0LC	2	2	0	272
1RB0RB_1LC1RD_1RA1LC_1LD0LC	2	3	0	1050
1RB0RB_1LC1RD_1RB0LB_1LA0RA	4	2	0	294
1RB0RB_1LC1RD_1RB0LB_1LA0RC	4	2	0	294
1RB0RB_1RC---_0RD0RC_1LD0LA	2	2	0	127
1RB0RB_1RC---_1LD0LA_1LC1LC	2	2	0	231
1RB0RB_1RC---_1LD0RC_1LD0LA	2	2	0	171
1RB0RB_1RC0LA_0RD0RC_1LD1LA	2	2	0	95
1RB0RB_1RC0LA_0RD0RC_1LD1RB	2	2	0	186
1RB0RB_1RC0LA_0RD1RB_1LD0LC	2	2	0	145
1RB0RB_1RC0LA_1LC1LD_0LB1RD	2	2	0	221
1RB0RB_1RC0LA_1LD0LA_0LB1LC	3	2	0	546
1RB0RB_1RC0LA_1LD0RC_1LD1LA	2	2	0	189
1RB0RB_1RC0LB_1LD0LA_0RB1LC	2	2	0	323
1RB0RB_1RC0LC_1LD1RC_1RA1LB	2	2	0	165
1RB0RB_1RC0LD_1LA0LA_1LD0LA	2	2	0	303
1RB0RB_1RC0LD_1LA0RD_1LB0LB	2	2	0	325
1RB0RB_1RC0LD_1LB0LA_1LD1RB	2	2	0	3028
1RB0RB_1RC0LD_1LB0LA_1RC1RB	2	2	0	433
1RB0RB_1RC0LD_1LB0LA_1RC1RD	2	2	0	433
1RB0RB_1RC0LD_1LB1RA_1RD1RC	4	2	0	874
1RB0RB_1RC0LD_1LD0LA_0RA0LB	2	2	0	433
1RB0RB_1RC0LD_1RD0LA_1LB0RC	2	2	0	115
1RB0RB_1RC0RA_0LC0RD_1LD1RB	2	2	0	106
1RB0RB_1RC0RA_0LC1LD_1LD1LA	2	2	0	146
1RB0RB_1RC0RA_0RD0LB_1LC1LD	2	2	0	298
1RB0RB_1RC0RA_1LC1LD_0LB1RB	2	2	0	128
1RB0RB_1RC0RA_1LC1LD_1LD1RB	2	2	0	96
1RB0RB_1RC0RA_1LD0RB_1LA0LC	2	2	0	105
1RB0RB_1RC0RA_1LD1LA_1LC0RD	2	2	0	128
1RB0RB_1RC0RA_1LD1RB_1LC1LC	2	2	0	96
1RB0RB_1RC0RB_0LC0RD_1LD1RA	2	2	0	106
1RB0RB_1RC0RB_0LC1LD_1LD1RA	2	2	0	190
1RB0RB_1RC0RB_0LD1LA_1LC0RC	2	2	0	181
1RB0RB_1RC0RB_0LD1LA_1LC1LC	2	2	0	169
1RB0RB_1RC0RB_0LD1LA_1RC1LC	2	2	0	215
1RB0RB_1RC0RB_1LC1LD_0LB1RA	2	2	0	128
1RB0RB_1RC0RB_1LC1LD_1LD1RA	2	2	0	96
1RB0RB_1RC0RB_1LD0RB_1LA0LC	2	2	0	105
1RB0RB_1RC0RB_1LD0RC_0RA0LB	2	2	0	241
1RB0RB_1RC0RB_1LD1LA_0LB0LC	3	2	0	395
1RB0RB_1RC0RB_1LD1LC_1RA0LB	2	2	0	241
1RB0RB_1RC0RB_1LD1RA_1LC1LC	2	2	0	96
1RB0RB_1RC0RC_0RD0LA_1LD0RA	2	2	0	181
1RB0RB_1RC0RC_0RD0RB_1LD0LA	2	2	0	127
1RB0RB_1RC0RC_0RD0RB_1LD1RA	2	2	0	79
1RB0RB_1RC0RC_0RD0RC_1LD1RA	2	2	0	79
1RB0RB_1RC0RC_1LD0LA_0LA0LB	2	2	0	333
1RB0RB_1RC0RC_1LD0LA_0RC0LB	2	2	0	469
1RB0RB_1RC0RC_1LD0LA_1LA0LB	2	2	0	465
1RB0RB_1RC0RC_1LD0LA_1LC0RB	2	2	0	243
1RB0RB_1RC0RC_1LD0LA_1LD0RB	2	2	0	312
1RB0RB_1RC0RC_1LD0RA_1LA0LB	3	2	0	469
1RB0RB_1RC0RC_1LD0RB_0LA0LB	2	2	0	489
1RB0RB_1RC0RC_1LD0RB_1LA0LC	2	2	0	105
1RB0RB_1RC0RC_1LD0RB_1RA0LB	2	2	0	187
1RB0RB_1RC0RD_0LB0LA_1LD0LA	2	2	0	243
1RB0RB_1RC0RD_0LB0LA_1LD0RC	2	2	0	347
1RB0RB_1RC0RD_0LB0RC_1LD0LA	2	2	0	217
1RB0RB_1RC0RD_1LA0LA_1LD0LA	2	2	0	223
1RB0RB_1RC0RD_1LA0LA_1LD0RC	2	2	0	169
1RB0RB_1RC0RD_1LD0LA_0LA0LB	2	2	0	451
1RB0RB_1RC0RD_1LD0LA_1RB1LC	2	2	0	323
1RB0RB_1RC1LB_0LB1RD_---1RA	3	2	0	330
1RB0RB_1RC1LB_0LD0RC_1LD1LA	2	2	0	107
1RB0RB_1RC1LB_0RD0RC_1LD0RA	2	2	0	186
1RB0RB_1RC1LB_0RD0RC_1LD1LA	2	2	0	83
1RB0RB_1RC1LB_0RD0RC_1LD1RA	2	2	0	200
1RB0RB_1RC1LB_0RD1RA_0LD0LB	2	2	0	212
1RB0RB_1RC1LB_0RD1RA_1LD0LB	2	2	0	161
1RB0RB_1RC1LB_0RD1RA_1LD0LC	2	2	0	176
1RB0RB_1RC1LB_1LA1RD_0LB1RC	2	2	0	158
1RB0RB_1RC1LB_1LB1RD_---1RA	3	2	0	304
1RB0RB_1RC1LB_1LB1RD_0LA1RC	2	2	0	124
1RB0RB_1RC1LB_1LD0RC_0RA0LB	2	3	0	678
1RB0RB_1RC1LB_1LD0RC_1LD1LA	2	2	0	141
1RB0RB_1RC1LB_1LD1RA_---0LC	2	2	0	164
1RB0RB_1RC1LB_1LD1RA_0LC0RD	2	2	0	184
1RB0RB_1RC1LC_0LB1LD_0LA1RD	2	2	0	233
1RB0RB_1RC1LC_0LB1LD_1RD0RA	2	2	0	215
1RB0RB_1RC1LC_0LB1LD_1RD1RA	2	2	0	169
1RB0RB_1RC1LC_0LD1RB_1RB1LA	2	2	0	173
1RB0RB_1RC1LC_1LA0LD_1RD0RC	2	2	0	350
1RB0RB_1RC1LC_1LA0RD_---0LA	2	2	0	295
1RB0RB_1RC1LC_1LA1RD_---1RC	2	2	0	239
1RB0RB_1RC1LC_1LD0RC_0RB0LA	2	2	0	297
1RB0RB_1RC1LC_1RD0LA_0LD1LB	2	2	0	326
1RB0RB_1RC1LC_1RD0LA_1LD1LB	2	2	0	283
1RB0RB_1RC1LC_1RD1LA_0LB0RD	2	2	0	342
1RB0RB_1RC1LC_1RD1LA_1LA0RD	2	2	0	339
1RB0RB_1RC1LD_0LB0LA_1LD0LA	2	2	0	285
1RB0RB_1RC1LD_0LC1LB_1RA0LC	3	2	0	504
1RB0RB_1RC1LD_0LC1LB_1RA1LC	3	2	0	497
1RB0RB_1RC1LD_0LD0LA_0LA1LA	2	2	0	423
1RB0RB_1RC1LD_0LD1RC_1LB1LA	3	2	0	347
1RB0RB_1RC1LD_0LD1RC_1RA1LB	2	2	0	254
1RB0RB_1RC1LD_1LA0LA_1LD0LA	2	2	0	243
1RB0RB_1RC1LD_1LA0LA_1LD0RC	2	2	0	347
1RB0RB_1RC1LD_1LA0RC_0LA1LA	2	2	0	315
1RB0RB_1RC1LD_1LA0RC_1LB1LA	2	2	0	249
1RB0RB_1RC1LD_1LA0RC_1RC1LA	2	2	0	297
1RB0RB_1RC1LD_1LA1RC_1LB1LA	3	2	0	322
1RB0RB_1RC1LD_1LA1RC_1LD1LB	2	2	0	131
1RB0RB_1RC1LD_1LA1RC_1RD1LB	2	2	0	143
1RB0RB_1RC1LD_1LA1RD_1LB0RC	2	2	0	204
1RB0RB_1RC1LD_1LB0LA_0LB0LA	2	2	0	277
1RB0RB_1RC1LD_1LB0LA_1LD0LA	2	2	0	231
1RB0RB_1RC1LD_1LB0LA_1LD0RC	2	2	0	327
1RB0RB_1RC1LD_1LC1LB_1RA0LC	3	2	0	568
1RB0RB_1RC1LD_1LC1LB_1RA1LC	3	2	0	449
1RB0RB_1RC1LD_1LD0LA_0LA1LA	2	2	0	333
1RB0RB_1RC1LD_1LD0LA_0RC1LA	2	2	0	469
1RB0RB_1RC1LD_1LD0LA_1LC0RB	2	2	0	243
1RB0RB_1RC1LD_1LD0LA_1RA0LB	2	2	0	313
1RB0RB_1RC1LD_1LD0LA_1RB1LC	2	2	0	277
1RB0RB_1RC1LD_1LD0RB_0RA0LB	2	2	0	449
1RB0RB_1RC1LD_1LD0RC_0RA0LB	2	2	0	259
1RB0RB_1RC1LD_1LD1LA_1LC1RD	2	2	0	165
1RB0RB_1RC1LD_1LD1RC_1RA1LB	2	2	0	202
1RB0RB_1RC1LD_1RD1RC_1LB1LA	3	2	0	304
1RB0RB_1RC1RA_0LC1LD_1LC1LA	2	2	0	146
1RB0RB_1RC1RA_0RD0RA_1LD0LC	2	2	0	174
1RB0RB_1RC1RA_0RD1LA_1LD0LC	2	2	0	597
1RB0RB_1RC1RA_0RD1RA_1LD0LC	2	2	0	193
1RB0RB_1RC1RA_1LC1LD_1LC1RB	2	2	0	96
1RB0RB_1RC1RA_1LD0RB_1LA0LC	2	2	0	99
1RB0RB_1RC1RA_1LD1LA_1LC0RD	4	2	0	134
1RB0RB_1RC1RA_1LD1RA_1LC0RD	2	2	0	75
1RB0RB_1RC1RA_1LD1RB_---1LC	2	2	0	96
1RB0RB_1RC1RB_0LD1RA_1LB1LD	2	2	0	155
1RB0RB_1RC1RB_1LD0LA_---0LB	2	2	0	433
1RB0RB_1RC1RB_1LD0LA_0LB1LC	3	2	0	1043
1RB0RB_1RC1RB_1LD0RA_1LB1LD	2	2	0	189
1RB0RB_1RC1RB_1LD0RC_0RA0LB	2	2	0	246
1RB0RB_1RC1RB_1LD1RA_1LB1LD	2	2	0	118
1RB0RB_1RC1RC_0RD0RC_1LD1LA	2	2	0	127
1RB0RB_1RC1RC_1LD0RC_1LD1LA	2	2	0	171
1RB0RB_1RC1RC_1LD1LA_1LC1LC	2	2	0	231
1RB0RB_1RC1RD_0LB0LA_1LD1LC	2	2	0	335
1RB0RB_1RC1RD_1LC0LD_1RA1LD	2	2	0	106
1RB0RB_1RC1RD_1LC1LA_0RC0RD	2	2	0	142
1RB0RB_1RC1RD_1LC1LA_1LC0RD	2	2	0	171
1RB0RB_1RC1RD_1LD0LA_1LC0LB	2	2	0	333
1RB0RB_1RC1RD_1LD0LA_1RC0LB	2	2	0	433
1RB0RB_1RC1RD_1LD1RA_1LC0LC	2	2	0	218
1RB0RB_1RC1RD_1LD1RA_1LC0RD	2	2	0	250
1RB0RC_0LA0LD_1RD1LB_1LC1RD	2	2	0	185
1RB0RC_0LA0RC_0LD1RC_1LA1LD	2	2	0	668
1RB0RC_0LA0RC_1LD1RC_1LA1LD	2	2	0	771
1RB0RC_0LA0RD_1LA1LD_1LD1LA	2	2	0	259
1RB0RC_0LA0RD_1LD0LB_1LA1RA	4	2	0	627
1RB0RC_0LA0RD_1LD0LD_1LA0LA	2	2	0	472
1RB0RC_0LA0RD_1LD0LD_1LA1LD	2	2	0	436
1RB0RC_0LA1LC_0RD0LD_1LB1RD	2	2	0	220
1RB0RC_0LA1LC_0RD1LB_1LB1RD	2	2	0	175
1RB0RC_0LA1LC_0RD1LB_1LC1RD	2	2	0	171
1RB0RC_0LA1LC_1LA0LD_1RD0RC	2	2	0	362
1RB0RC_0LA1LC_1RD1LB_0LB1RD	2	2	0	170
1RB0RC_0LA1LC_1RD1LB_0LC1RD	2	2	0	167
1RB0RC_0LA1LC_1RD1LB_1LC1RD	2	2	0	139
1RB0RC_0LA1LD_1LD1RC_0RC1LB	2	2	0	151
1RB0RC_0LA1LD_1LD1RD_1RC0LB	2	2	0	69
1RB0RC_0LA1RA_0LD1RC_1LA1LD	2	2	0	857
1RB0RC_0LA1RA_1LD1RC_1LA1LD	2	2	0	623
1RB0RC_0LA1RC_0LD1RB_1RC1LD	2	2	0	196
1RB0RC_0LA1RC_1LD0LD_1LA1RB	2	2	0	472
1RB0RC_0LA1RD_1RD1LD_1LC0RB	2	2	0	72
1RB0RC_0LB0RC_0LD1RC_1LA1LD	2	2	0	668
1RB0RC_0LB0RC_1LD1RC_1LA1LD	2	2	0	771
1RB0RC_0LB1LA_1LC1LD_1RA0LB	3	2	0	722
1RB0RC_0LB1LC_0LD1LC_1RD0RA	2	2	0	370
1RB0RC_0LB1LC_1LA1LD_1RA1LB	3	2	0	856
1RB0RC_0LB1LC_1LD0LB_1RD1RA	2	2	0	80
1RB0RC_0LB1LC_1LD0LC_1RA1RB	2	2	0	299
1RB0RC_0LB1LC_1LD0LC_1RA1RD	2	2	0	239
1RB0RC_0LB1LC_1LD0LD_1RA0LC	2	2	0	148
1RB0RC_0LB1LC_1LD1LB_0RD1RA	2	2	0	212
1RB0RC_0LB1LC_1RA0LD_0LB1LB	4	2	0	416
1RB0RC_0LB1LC_1RA0LD_0LB1LD	4	2	0	416
1RB0RC_0LB1LC_1RA0LD_0LB1RC	3	2	0	335
1RB0RC_0LB1LC_1RA0LD_0RB1LB	4	2	0	464
1RB0RC_0LB1LC_1RA0LD_0RB1RC	3	2	0	397
1RB0RC_0LB1LC_1RA0LD_0RB1RD	3	2	0	455
1RB0RC_0LB1LC_1RA0LD_0RD1LB	4	2	0	512
1RB0RC_0LB1LC_1RA0LD_1LD0LA	4	2	0	272
1RB0RC_0LB1LC_1RA1RD_0LB1LD	3	2	0	444
1RB0RC_0LB1LC_1RB1LD_1RA0LB	3	2	0	558
1RB0RC_0LB1LC_1RB1LD_1RA1LB	3	2	0	517
1RB0RC_0LB1LC_1RD1LC_---1RA	2	2	0	174
1RB0RC_0LB1RC_1LC1LD_1RA0LA	3	2	0	554
1RB0RC_0LB1RC_1LD0LA_1LC1RA	2	2	0	463
1RB0RC_0LB1RC_1RD1LC_1LC1RA	2	2	0	156
1RB0RC_0LC---_0LD1LD_1RA1LC	2	2	0	230
1RB0RC_0LC---_1RA0LD_1LC1LD	2	2	0	125
1RB0RC_0LC---_1RA1LD_1RA1LB	3	2	0	310
1RB0RC_0LC---_1RD1LB_0RA0RC	2	2	0	160
1RB0RC_0LC---_1RD1LC_---1RA	2	2	0	174
1RB0RC_0LC0LA_0LD1LC_1RD1RA	3	2	0	539
1RB0RC_0LC0LA_0LD1LC_1RD1RB	2	2	0	140
1RB0RC_0LC0LA_0LD1RD_1RC1LB	2	2	0	219
1RB0RC_0LC0LA_0RD1RC_1LB1LA	2	2	0	573
1RB0RC_0LC0LA_1LC1LD_1RA1LB	2	2	0	245
1RB0RC_0LC0LA_1LC1LD_1RA1RB	2	2	0	282
1RB0RC_0LC0LA_1LD1RC_1LB1RA	2	2	0	203
1RB0RC_0LC0LA_1RC1LD_1LA0LD	2	2	0	187
1RB0RC_0LC0LA_1RD1LB_0RD1RA	4	2	0	656
1RB0RC_0LC0LA_1RD1LB_1RD0RA	4	2	0	542
1RB0RC_0LC0LB_0LD1LB_1RD1LA	2	2	0	227
1RB0RC_0LC0LB_1LD0LD_1RA1LB	2	2	0	244
1RB0RC_0LC0LB_1LD1LB_1RA---	2	2	0	311
1RB0RC_0LC0LB_1LD1LC_1RA0LB	2	2	0	246
1RB0RC_0LC0LB_1LD1LC_1RA1LB	2	2	0	317
1RB0RC_0LC0LB_1LD1LC_1RA1RB	2	2	0	208
1RB0RC_0LC0LB_1LD1RC_1RA0LB	2	3	0	769
1RB0RC_0LC0LB_1LD1RC_1RA1LA	2	2	0	193
1RB0RC_0LC0LB_1LD1RC_1RA1LB	2	2	0	316
1RB0RC_0LC0LB_1RC1LD_0LB1LA	2	2	0	211
1RB0RC_0LC0LB_1RC1LD_1LA1RD	2	2	0	195
1RB0RC_0LC0LB_1RC1LD_1LB1RA	2	2	0	114
1RB0RC_0LC0LC_1LD1LC_1RA0RB	2	2	0	380
1RB0RC_0LC0LC_1RD1RC_1LB0LA	2	2	0	435
1RB0RC_0LC0LD_0LD1LC_1RD1RA	2	2	0	122
1RB0RC_0LC0LD_0RB1LC_1RA1RD	3	2	0	990
1RB0RC_0LC0LD_0RD1LB_1RA1LB	2	2	0	255
1RB0RC_0LC0LD_1LD1LC_1RA0LB	2	2	0	246
1RB0RC_0LC0LD_1LD1RC_1RA0LB	2	3	0	769
1RB0RC_0LC0LD_1RA1LB_1LD1RC	2	2	0	114
1RB0RC_0LC0LD_1RD1LB_1RA1LA	4	2	0	1212
1RB0RC_0LC0RA_1LC1LD_1LA0LA	3	2	0	715
1RB0RC_0LC0RA_1LD1LC_1RB1RD	2	2	0	188
1RB0RC_0LC0RB_0RD1LA_1LD1RC	2	2	0	203
1RB0RC_0LC0RB_1LC0LD_1RA1LD	2	2	0	136
1RB0RC_0LC0RB_1LC1LD_1RA0LD	2	2	0	228
1RB0RC_0LC0RB_1LC1LD_1RA0RB	2	2	0	611
1RB0RC_0LC0RC_0LD1RC_1LA1LD	2	2	0	660
1RB0RC_0LC0RC_1LA0RD_1LB0LC	2	2	0	382
1RB0RC_0LC0RC_1LD1RC_1LA1LD	2	2	0	813
1RB0RC_0LC0RD_0LD1LC_1LA0LD	2	2	0	317
1RB0RC_0LC0RD_0LD1LC_1LA0RB	2	2	0	458
1RB0RC_0LC0RD_1LA1LB_1LA0RA	4	2	0	562
1RB0RC_0LC0RD_1LD1LB_1RA0LB	2	2	0	173
1RB0RC_0LC1LA_0LD1LB_1RD0RA	3	2	0	515
1RB0RC_0LC1LA_0RD1RD_1LB0RD	2	2	0	343
1RB0RC_0LC1LA_1LC1LD_1RA0LB	3	2	0	718
1RB0RC_0LC1LA_1RD1LB_1RD0RA	2	3	0	228
1RB0RC_0LC1LB_0LD1LB_1RD0RA	3	2	0	109
1RB0RC_0LC1LB_0RC1RD_1LB1RA	3	2	0	319
1RB0RC_0LC1LB_1RA1LD_1RA1RB	3	2	0	378
1RB0RC_0LC1LB_1RD1LB_0LA1RA	3	2	0	570
1RB0RC_0LC1LC_0LD1LC_1RD0RA	2	2	0	370
1RB0RC_0LC1LC_1LC1LD_1RA0RB	2	2	0	244
1RB0RC_0LC1LC_1RD1LB_0LA1RA	3	2	0	539
1RB0RC_0LC1LC_1RD1LB_0RB0RA	2	2	0	627
1RB0RC_0LC1LC_1RD1LB_1RD0RA	2	2	0	515
1RB0RC_0LC1LC_1RD1LD_1RA1LB	3	2	0	338
1RB0RC_0LC1LD_0LB1RD_1RC0LA	2	2	0	259
1RB0RC_0LC1LD_0LD1LB_1RD1RA	4	2	0	948
1RB0RC_0LC1LD_0RB1LC_1RD1RA	2	2	0	232
1RB0RC_0LC1LD_1LB1RC_0RC0LA	3	2	0	789
1RB0RC_0LC1LD_1LC1LD_1RA1LB	2	2	0	206
1RB0RC_0LC1LD_1RA0LD_1LC1LB	2	2	0	237
1RB0RC_0LC1LD_1RA1LB_0LD0LA	4	2	0	676
1RB0RC_0LC1LD_1RA1LB_0LD1RA	2	2	0	169
1RB0RC_0LC1LD_1RC1LA_0LB0LD	2	2	0	135
1RB0RC_0LC1LD_1RC1LA_0LC0LD	2	2	0	103
1RB0RC_0LC1LD_1RC1LA_0RB0LD	2	2	0	204
1RB0RC_0LC1LD_1RC1LA_1RC0LD	2	2	0	186
1RB0RC_0LC1LD_1RD1LB_0LD1RA	4	2	0	604
1RB0RC_0LC1LD_1RD1RC_1LB0LA	3	2	0	1057
1RB0RC_0LC1RA_---1LD_1RB1LC	2	2	0	174
1RB0RC_0LC1RA_---1LD_1RB1LD	2	2	0	174
1RB0RC_0LC1RA_0LD1LC_0RD1LA	2	2	0	713
1RB0RC_0LC1RA_0LD1RC_1LA1LD	2	2	0	951
1RB0RC_0LC1RA_0RD1LC_---1LA	2	2	0	232
1RB0RC_0LC1RA_1LD1RC_1LA1LD	2	2	0	599
1RB0RC_0LC1RA_1RD1LC_---0LB	3	2	0	834
1RB0RC_0LC1RA_1RD1LC_---1RB	3	2	0	664
1RB0RC_0LC1RA_1RD1LD_0RB1LC	2	2	0	226
1RB0RC_0LC1RB_0LD1LC_1RD0RA	2	3	0	2286
1RB0RC_0LC1RB_0LD1LC_1RD1RA	2	2	0	86
1RB0RC_0LC1RB_1RA1LD_1RB1LC	2	2	0	182
1RB0RC_0LC1RC_0RD1LA_1LB0RD	2	2	0	321
1RB0RC_0LC1RC_1LC1LD_1RA0LB	2	2	0	244
1RB0RC_0LC1RC_1LD1LA_0RA0LB	2	2	0	579
1RB0RC_0LC1RC_1LD1LA_1RA0LB	2	2	0	319
1RB0RC_0LC1RC_1LD1LB_1RD0RA	2	2	0	146
1RB0RC_0LC1RD_---1LD_1LA0RA	2	2	0	282
1RB0RC_0LC1RD_0LD1LC_1RD1RA	3	2	0	407
1RB0RC_0LC1RD_0RB1LD_1LC0RA	2	2	0	194
1RB0RC_0LC1RD_0RD1LA_1LB0RD	2	2	0	337
1RB0RC_0LC1RD_1LA1LB_0RB---	2	2	0	169
1RB0RC_0LC1RD_1LA1LB_0RD0RA	4	2	0	474
1RB0RC_0LC1RD_1LA1LC_---0RA	2	2	0	282
1RB0RC_0LC1RD_1LA1LD_1LC0RB	2	2	0	281
1RB0RC_0LC1RD_1LB1LA_0RB0LA	2	2	0	245
1RB0RC_0LC1RD_1LB1LD_1RD1RA	2	2	0	319
1RB0RC_0LC1RD_1LC1LA_0RB0RD	2	2	0	220
1RB0RC_0LC1RD_1LC1LA_0RC0RD	2	2	0	113
1RB0RC_0LC1RD_1LC1LA_1LB0RD	2	2	0	1881
1RB0RC_0LC1RD_1LC1LA_1LC0RD	2	2	0	203
1RB0RC_0LC1RD_1RD1LC_1LA1RB	2	2	0	142
1RB0RC_0RC---_1LC0LA_------	2	2	0	255
1RB0RC_0RC---_1LC0LD_1RB1LA	2	2	0	337
1RB0RC_0RC---_1LD0LA_1LC---	2	2	0	255
1RB0RC_0RC---_1LD0LA_1LD0LA	2	2	0	255
1RB0RC_0RC---_1LD0RA_1LD0LA	2	2	0	127
1RB0RC_0RC---_1LD1RC_1LD0LA	2	3	0	290
1RB0RC_0RC---_1RD0LA_1LD0LC	2	2	0	379
1RB0RC_0RC0LA_0RD0RA_1LD0RB	2	2	0	95
1RB0RC_0RC0LA_0RD1RB_1LD0RB	4	2	0	166
1RB0RC_0RC0LA_1LC0LD_1RB0RA	2	2	0	343
1RB0RC_0RC0LA_1LC0LD_1RB0RD	2	2	0	343
1RB0RC_0RC0LA_1LC0LD_1RD1RA	3	2	0	1617
1RB0RC_0RC0LA_1LC1LD_0RB1LB	2	2	0	345
1RB0RC_0RC0LA_1LC1LD_0RB1RB	2	2	0	401
1RB0RC_0RC0LA_1LC1LD_1RA1LB	2	2	0	250
1RB0RC_0RC0LA_1LC1LD_1RA1RB	2	2	0	299
1RB0RC_0RC0LA_1LC1RD_0LB1LB	2	2	0	401
1RB0RC_0RC0LA_1LC1RD_1LA0RD	2	2	0	207
1RB0RC_0RC0LB_1LC1LD_1RA0RB	2	2	0	299
1RB0RC_0RC0LC_1LD1RA_0RB0LA	3	2	0	421
1RB0RC_0RC0LC_1LD1RC_0LA1LB	2	2	0	226
1RB0RC_0RC0LC_1LD1RC_1LA1LB	2	2	0	195
1RB0RC_0RC0LC_1RD0LA_1LB0LA	2	2	0	291
1RB0RC_0RC0LC_1RD0LA_1LB0LC	2	2	0	379
1RB0RC_0RC0LC_1RD0LA_1LB1RD	2	3	0	470
1RB0RC_0RC0LC_1RD0RC_1LB0RA	2	2	0	276
1RB0RC_0RC0LC_1RD1RC_1LB0LA	2	2	0	427
1RB0RC_0RC0LD_0RD0RA_1LD1RB	2	2	0	95
1RB0RC_0RC0LD_1LB1RC_1RC0LA	2	3	0	564
1RB0RC_0RC0RA_0LD0RB_1LD0LA	3	2	0	519
1RB0RC_0RC0RA_0LD0RB_1LD1LA	3	2	0	539
1RB0RC_0RC0RA_0LD0RC_1LD1LA	2	2	0	165
1RB0RC_0RC0RA_0LD1LA_1LC1LB	4	2	0	564
1RB0RC_0RC0RA_0LD1RC_1LA1LC	2	2	0	124
1RB0RC_0RC0RA_0RD0RB_1LD0LA	3	2	0	259
1RB0RC_0RC0RA_0RD0RB_1LD1RB	3	2	0	144
1RB0RC_0RC0RA_0RD0RC_1LD1LA	2	2	0	117
1RB0RC_0RC0RA_0RD0RC_1LD1RB	2	2	0	87
1RB0RC_0RC0RA_1LC1RD_1LB0RD	2	2	0	146
1RB0RC_0RC0RA_1LD0RB_1LD1LA	3	2	0	251
1RB0RC_0RC0RA_1LD0RB_1LD1RA	3	2	0	275
1RB0RC_0RC0RA_1LD0RB_1LD1RB	3	2	0	265
1RB0RC_0RC0RA_1LD0RC_1LD1LA	2	2	0	127
1RB0RC_0RC0RA_1LD0RC_1LD1RB	2	2	0	171
1RB0RC_0RC0RB_0LD1LA_1LD1RC	2	2	0	230
1RB0RC_0RC0RB_0RD0RB_1LD1RA	2	2	0	123
1RB0RC_0RC0RB_0RD1LA_1LD0LA	2	2	0	157
1RB0RC_0RC0RB_0RD1LA_1LD0RA	2	2	0	146
1RB0RC_0RC0RB_0RD1LA_1LD1RA	2	2	0	153
1RB0RC_0RC0RB_0RD1LA_1LD1RC	2	2	0	139
1RB0RC_0RC0RB_0RD1RB_1LD0RA	2	2	0	199
1RB0RC_0RC0RB_0RD1RB_1LD1RA	2	2	0	234
1RB0RC_0RC0RB_1LC0LD_1RA1LD	2	2	0	99
1RB0RC_0RC0RB_1LC0LD_1RD1RA	2	2	0	93
1RB0RC_0RC0RB_1LC1LD_1RA0LD	2	2	0	142
1RB0RC_0RC0RB_1LD0RB_1LD1RA	2	2	0	96
1RB0RC_0RC0RB_1LD1LA_1LC0RA	2	2	0	140
1RB0RC_0RC0RB_1LD1LA_1LC1RA	2	2	0	144
1RB0RC_0RC0RB_1LD1LA_1LC1RC	2	2	0	94
1RB0RC_0RC0RB_1LD1LA_1LC1RD	2	2	0	142
1RB0RC_0RC0RB_1LD1LA_1LD0RA	2	2	0	202
1RB0RC_0RC0RB_1LD1LA_1LD1RA	2	2	0	223
1RB0RC_0RC0RB_1LD1LA_1LD1RC	2	2	0	116
1RB0RC_0RC0RB_1LD1LC_1RD1LA	2	2	0	337
1RB0RC_0RC0RB_1LD1RA_1LD1LB	2	2	0	84
1RB0RC_0RC0RC_0LD1RC_1LA1LD	2	2	0	600
1RB0RC_0RC0RC_0RD0RA_1LD1RB	2	2	0	87
1RB0RC_0RC0RC_0RD0RB_1LD1RA	2	2	0	87
1RB0RC_0RC0RC_1LD0RA_1LD1LA	2	2	0	127
1RB0RC_0RC0RC_1LD0RB_1LD1RA	2	2	0	96
1RB0RC_0RC0RC_1LD1LA_1LD0LA	2	2	0	255
1RB0RC_0RC0RC_1LD1RC_1LA1LD	2	2	0	791
1RB0RC_0RC0RD_0LD1LC_1LA0LD	2	2	0	295
1RB0RC_0RC0RD_1LB0LC_1LD1LA	2	2	0	389
1RB0RC_0RC0RD_1LB1LD_1LD1LA	2	2	0	257
1RB0RC_0RC0RD_1LC0LD_1LA1LD	2	2	0	430
1RB0RC_0RC0RD_1LC0LD_1LA1RA	2	2	0	337
1RB0RC_0RC0RD_1LC0LD_1LA1RC	2	2	0	296
1RB0RC_0RC0RD_1LD0LB_1LD1LA	2	2	0	299
1RB0RC_0RC0RD_1LD0LD_1LA0LA	2	2	0	356
1RB0RC_0RC0RD_1LD0LD_1LA0LB	2	2	0	390
1RB0RC_0RC0RD_1LD0LD_1LA1LD	2	2	0	376
1RB0RC_0RC0RD_1LD1LA_1LD0LA	2	2	0	255
1RB0RC_0RC0RD_1LD1LC_1LA1RB	2	2	0	96
1RB0RC_0RC0RD_1LD1LC_1LD1LA	2	2	0	255
1RB0RC_0RC0RD_1LD1LD_1LD1LA	2	2	0	255
1RB0RC_0RC0RD_1RD1LD_1LD1LA	2	2	0	238
1RB0RC_0RC1LA_0LD0RB_1LD0LA	2	2	0	346
1RB0RC_0RC1LA_0LD0RB_1LD1RC	2	2	0	466
1RB0RC_0RC1LA_0RD0RB_1LD0LA	2	2	0	304
1RB0RC_0RC1LA_0RD0RB_1LD1RA	2	2	0	299
1RB0RC_0RC1LA_0RD0RB_1LD1RC	2	2	0	315
1RB0RC_0RC1LA_1LC0LD_1RA0LA	3	2	0	503
1RB0RC_0RC1LA_1LC0LD_1RB1LB	2	2	0	382
1RB0RC_0RC1LA_1LC1LD_1RA0LB	3	2	0	650
1RB0RC_0RC1LA_1LD0RB_1LD0LA	2	2	0	301
1RB0RC_0RC1LA_1LD0RB_1LD1RA	2	2	0	224
1RB0RC_0RC1LA_1LD0RB_1LD1RC	2	2	0	244
1RB0RC_0RC1LB_0RD0RB_1LD1RA	2	2	0	211
1RB0RC_0RC1LB_1LA0LD_1RD1RA	3	2	0	589
1RB0RC_0RC1LB_1LC0LD_1RD1RA	3	2	0	603
1RB0RC_0RC1LB_1LD0RB_1LD1RA	2	2	0	160
1RB0RC_0RC1LB_1LD1RC_0LB0LA	2	3	0	1126
1RB0RC_0RC1LC_1LC1LD_1RA0RB	2	2	0	255
1RB0RC_0RC1LC_1LD0LA_0RB0LA	2	2	0	311
1RB0RC_0RC1LC_1LD0LA_0RB1LB	2	2	0	287
1RB0RC_0RC1LC_1LD0LA_0RB1RB	2	2	0	365
1RB0RC_0RC1LC_1LD0LA_1LD1LB	2	2	0	253
1RB0RC_0RC1LC_1LD0LA_1LD1RB	2	2	0	309
1RB0RC_0RC1LC_1LD0LA_1RD1LB	2	2	0	311
1RB0RC_0RC1LC_1LD0LD_0RB1RA	2	2	0	453
1RB0RC_0RC1LC_1LD0RA_0RB0LA	2	2	0	231
1RB0RC_0RC1LC_1LD0RC_0RB1RA	2	2	0	315
1RB0RC_0RC1LC_1LD1RC_0RB0LA	2	3	0	386
1RB0RC_0RC1LC_1RD0LA_0LB1LB	2	2	0	354
1RB0RC_0RC1LD_1LB1RC_0LA1LB	2	2	0	627
1RB0RC_0RC1LD_1LB1RC_1LA1LB	2	2	0	139
1RB0RC_0RC1LD_1LD0LA_1RB1LC	2	2	0	311
1RB0RC_0RC1LD_1LD1RA_1LB---	2	2	0	116
1RB0RC_0RC1LD_1LD1RC_0LA1LB	2	2	0	384
1RB0RC_0RC1LD_1LD1RC_1LA1LB	2	2	0	129
1RB0RC_0RC1LD_1RD1RA_1LB1LA	2	2	0	77
1RB0RC_0RC1RA_0LC1LD_1RB1LC	2	2	0	205
1RB0RC_0RC1RA_0LD1LC_0LD1LA	2	2	0	186
1RB0RC_0RC1RA_0LD1LD_0LD1LA	2	2	0	186
1RB0RC_0RC1RA_0LD1RC_1LA1LD	2	2	0	859
1RB0RC_0RC1RA_0RD0RC_1LD0RB	2	2	0	164
1RB0RC_0RC1RA_0RD0RC_1LD1RB	2	2	0	174
1RB0RC_0RC1RA_0RD1LD_0LD1LA	2	2	0	191
1RB0RC_0RC1RA_1LB1LD_0LD1LA	2	2	0	136
1RB0RC_0RC1RA_1LC0LD_1RA1LC	2	2	0	136
1RB0RC_0RC1RA_1LC0LD_1RB1LB	2	2	0	295
1RB0RC_0RC1RA_1LC1LD_0RB0RD	2	2	0	104
1RB0RC_0RC1RA_1LC1LD_1RB0LC	2	2	0	139
1RB0RC_0RC1RA_1LC1LD_1RB1LC	2	2	0	148
1RB0RC_0RC1RA_1LD0LB_0LD1LA	2	2	0	158
1RB0RC_0RC1RA_1LD1LA_1LD0LA	2	2	0	209
1RB0RC_0RC1RA_1LD1LD_0LD1LA	2	2	0	128
1RB0RC_0RC1RA_1LD1RC_1LA1LD	2	2	0	613
1RB0RC_0RC1RA_1LD1RC_1LB1LD	2	2	0	171
1RB0RC_0RC1RB_0LC1LD_1LA0LB	2	2	0	316
1RB0RC_0RC1RB_0LD0RA_1LD1LA	2	2	0	561
1RB0RC_0RC1RB_0LD0RB_1LD0LA	4	2	0	594
1RB0RC_0RC1RB_0LD0RC_1LD1LA	2	2	0	561
1RB0RC_0RC1RB_0LD1LA_1LD0LA	2	2	0	209
1RB0RC_0RC1RB_0LD1LD_1LD1LA	2	2	0	186
1RB0RC_0RC1RB_0RD0LC_1LD1LA	2	2	0	178
1RB0RC_0RC1RB_0RD1LD_1LD1LA	2	2	0	144
1RB0RC_0RC1RB_1LC0LD_1RA0LA	3	2	0	343
1RB0RC_0RC1RB_1LC1LD_1LA0LB	2	2	0	200
1RB0RC_0RC1RB_1LC1LD_1RB0LA	3	2	0	305
1RB0RC_0RC1RC_1LC1LD_1RA0LB	2	2	0	253
1RB0RC_0RC1RC_1LD0LA_0LB0LA	2	2	0	309
1RB0RC_0RC1RC_1LD0LA_0LB1LB	2	2	0	363
1RB0RC_0RC1RC_1LD0LA_1LD1LB	2	2	0	309
1RB0RC_0RC1RC_1LD0LD_1LA1RB	2	2	0	356
1RB0RC_0RC1RC_1LD0RA_0LB0LA	2	2	0	229
1RB0RC_0RC1RC_1LD0RB_0LA1LC	2	2	0	154
1RB0RC_0RC1RC_1LD0RC_0LB1RA	2	2	0	313
1RB0RC_0RC1RC_1LD1LA_0LC0RA	2	3	0	1097
1RB0RC_0RC1RC_1LD1RB_0LB0LA	2	3	0	386
1RB0RC_0RC1RC_1LD1RB_1LD0LA	2	3	0	290
1RB0RC_0RC1RC_1LD1RC_0LB0LA	2	3	0	386
1RB0RC_0RC1RD_0LC1LD_1LA0RA	2	2	0	323
1RB0RC_0RC1RD_0LD0RB_1LD1LA	2	2	0	208
1RB0RC_0RC1RD_0LD0RC_1LD1LA	2	2	0	181
1RB0RC_0RC1RD_0RD0RB_1LD1LA	2	2	0	174
1RB0RC_0RC1RD_0RD0RC_1LD1LA	2	2	0	125
1RB0RC_0RC1RD_1LC0RB_0LA1LD	2	2	0	467
1RB0RC_0RC1RD_1LC0RB_1LA0LD	4	2	0	280
1RB0RC_0RC1RD_1LC1LA_0LB0RD	2	2	0	209
1RB0RC_0RC1RD_1LC1LA_0RB0RD	2	2	0	145
1RB0RC_0RC1RD_1LC1LA_0RC0RD	2	2	0	107
1RB0RC_0RC1RD_1LC1LA_1LC0RD	2	2	0	191
1RB0RC_0RC1RD_1LD0RA_1LD1LA	2	2	0	137
1RB0RC_0RC1RD_1LD0RC_1LD1LA	2	2	0	137
1RB0RC_0RC1RD_1LD1RB_1LD0LA	2	2	0	451
1RB0RC_1LA0LA_0LD1LB_1RD1RB	2	2	0	336
1RB0RC_1LA0LA_0LD1LC_1RD1RB	2	2	0	404
1RB0RC_1LA0LA_1LB1RD_0RB0RD	2	2	0	436
1RB0RC_1LA0LA_1LB1RD_0RC0RD	2	2	0	396
1RB0RC_1LA0LA_1LC1LD_1RA1LB	2	2	0	261
1RB0RC_1LA0LA_1LC1LD_1RA1RB	2	2	0	303
1RB0RC_1LA0LA_1LC1RD_0RB0RD	2	2	0	101
1RB0RC_1LA0LA_1RC1LD_0LB0LD	2	2	0	119
1RB0RC_1LA0LA_1RC1LD_1LA0LD	2	2	0	213
1RB0RC_1LA0LB_1LC1LD_1RA0RB	2	2	0	385
1RB0RC_1LA0LC_1LD1LC_1RA0RB	2	2	0	436
1RB0RC_1LA0LC_1RD1RC_1LB0LA	2	2	0	381
1RB0RC_1LA0LD_1RD1LC_1LB0RD	2	2	0	441
1RB0RC_1LA0RA_0LD1RC_1LA1LC	2	2	0	118
1RB0RC_1LA0RA_0RD1LB_0LD1RA	2	2	0	492
1RB0RC_1LA0RA_0RD1LB_1LD0RC	2	2	0	297
1RB0RC_1LA0RA_0RD1LB_1LD1LA	2	2	0	289
1RB0RC_1LA0RA_0RD1LB_1LD1RA	2	2	0	313
1RB0RC_1LA0RA_1LC1LD_1LA0LA	3	2	0	714
1RB0RC_1LA0RC_0LD0RB_1LD1LB	2	2	0	99
1RB0RC_1LA0RC_0LD1RC_1LA1LD	2	2	0	598
1RB0RC_1LA0RC_0LD1RC_1LB1LD	2	2	0	175
1RB0RC_1LA0RC_0RD0RB_1LD1LB	2	2	0	75
1RB0RC_1LA0RC_0RD0RB_1LD1RA	2	2	0	88
1RB0RC_1LA0RC_1LA1LD_0LC0LD	2	2	0	371
1RB0RC_1LA0RC_1LC0LD_0RB0RC	2	2	0	363
1RB0RC_1LA0RC_1LC0LD_0RB1LD	2	2	0	1323
1RB0RC_1LA0RC_1LD0RB_1LD1LA	2	2	0	133
1RB0RC_1LA0RC_1LD1LA_1LD0LA	2	2	0	279
1RB0RC_1LA0RC_1LD1RC_1LA1LD	2	2	0	781
1RB0RC_1LA0RC_1LD1RC_1LB1LD	2	2	0	135
1RB0RC_1LA0RC_1RC1LD_0LB0LD	2	2	0	203
1RB0RC_1LA0RC_1RD0RB_1LD0LC	2	2	0	152
1RB0RC_1LA0RC_1RD1LD_0LB0RA	4	2	0	344
1RB0RC_1LA0RD_0LB1LC_1RD0RA	4	2	0	344
1RB0RC_1LA0RD_0LD1LC_1LA0LD	2	2	0	293
1RB0RC_1LA0RD_0LD1LC_1LA1RB	3	2	0	516
1RB0RC_1LA0RD_0RD1LB_1LD0RC	2	2	0	297
1RB0RC_1LA0RD_1LB1LC_0LC1RD	2	2	0	173
1RB0RC_1LA0RD_1LB1LC_1LC1RD	2	2	0	145
1RB0RC_1LA0RD_1LC1LA_0LC0RD	2	2	0	169
1RB0RC_1LA0RD_1LC1LA_0RC0RD	2	2	0	121
1RB0RC_1LA0RD_1LC1LA_1LC0RB	2	2	0	131
1RB0RC_1LA0RD_1LC1LA_1LC0RD	2	2	0	131
1RB0RC_1LA0RD_1LC1LB_0LC0RB	2	3	0	1117
1RB0RC_1LA0RD_1LC1LB_0LC0RD	2	2	0	85
1RB0RC_1LA0RD_1LC1LB_0RC0RD	2	2	0	71
1RB0RC_1LA0RD_1LC1LB_1LC0RD	2	2	0	111
1RB0RC_1LA0RD_1LD1LA_1LD0LA	2	2	0	463
1RB0RC_1LA0RD_1LD1LC_1RB0LC	2	2	0	179
1RB0RC_1LA0RD_1RA1LB_---0LC	2	2	0	278
1RB0RC_1LA0RD_1RA1LD_1LA0LC	2	2	0	278
1RB0RC_1LA1LB_0RB1RD_0RC0RD	2	2	0	203
1RB0RC_1LA1LB_1RD1LC_0RB0RD	2	2	0	135
1RB0RC_1LA1LC_1LB1RD_1LB0RC	2	2	0	99
1RB0RC_1LA1LC_1LC1LD_1RA0RB	2	2	0	259
1RB0RC_1LA1LD_0RB1RC_0RC1LB	2	2	0	99
1RB0RC_1LA1LD_0RB1RC_1RA1LB	2	2	0	141
1RB0RC_1LA1LD_1LA1LD_1RA1LB	2	2	0	227
1RB0RC_1LA1LD_1LB0RD_1LB1RC	2	2	0	102
1RB0RC_1LA1LD_1LB1RC_0LA1LB	2	2	0	139
1RB0RC_1LA1LD_1LC1LD_1RA1LB	2	2	0	215
1RB0RC_1LA1LD_1RC0RB_0LC0LD	2	2	0	135
1RB0RC_1LA1LD_1RC0RB_0RC0LD	2	2	0	212
1RB0RC_1LA1LD_1RC0RB_0RD0LC	2	2	0	387
1RB0RC_1LA1LD_1RC0RB_1RC0LD	2	2	0	144
1RB0RC_1LA1LD_1RC0RD_1LA0LC	2	2	0	349
1RB0RC_1LA1LD_1RC1LA_0LC0LD	2	2	0	108
1RB0RC_1LA1LD_1RC1LA_1RC0LD	2	2	0	212
1RB0RC_1LA1RA_0LD1RC_1LA1LD	2	2	0	857
1RB0RC_1LA1RA_1LD1RC_1LA1LD	2	2	0	597
1RB0RC_1LA1RC_0RB1LD_0LC0LD	2	2	0	141
1RB0RC_1LA1RC_0RB1LD_1LA0LD	2	2	0	131
1RB0RC_1LA1RC_0RD0RB_1LD0LC	2	2	0	120
1RB0RC_1LA1RC_1RA1LD_0LC0LA	2	2	0	102
1RB0RC_1LA1RC_1RC1LD_0LB0LD	2	2	0	126
1RB0RC_1LA1RC_1RC1LD_1LA0LD	2	2	0	99
1RB0RC_1LA1RD_---1LB_---1RB	2	2	0	224
1RB0RC_1LA1RD_0LD1LC_0RB1RB	2	2	0	328
1RB0RC_1LA1RD_0LD1LC_1RD1RB	2	2	0	316
1RB0RC_1LA1RD_1LA1LC_---1RB	2	2	0	224
1RB0RC_1LA1RD_1LC1LA_0RC0RD	2	2	0	99
1RB0RC_1LA1RD_1LC1LA_1LC0RD	2	2	0	193
1RB0RC_1LA1RD_1LC1LB_0LC0RD	2	2	0	174
1RB0RC_1LA1RD_1LC1LB_0RC0RD	2	2	0	122
1RB0RC_1LA1RD_1LC1LB_1LC0RD	2	2	0	150
1RB0RC_1LA1RD_1RA1LD_0LC0LA	2	2	0	126
1RB0RC_1LA1RD_1RB1LC_0LC1RB	2	2	0	160
1RB0RC_1LB0LC_0LD0LC_1RD0RA	3	2	0	776
1RB0RC_1LB0LC_0LD0LD_1RD1RA	3	2	0	712
1RB0RC_1LB0LC_0LD0RB_1RD1RA	4	2	0	424
1RB0RC_1LB0LC_0LD1RB_1RD0RA	3	2	0	904
1RB0RC_1LB0LC_0RD0RC_1RA0LB	2	2	0	161
1RB0RC_1LB0LC_0RD0RC_1RA0RB	2	2	0	148
1RB0RC_1LB0LC_0RD0RC_1RA1LB	2	2	0	95
1RB0RC_1LB0LC_1LA0LD_1RD1RA	3	2	0	725
1RB0RC_1LB0LC_1LD0LC_1RA0LB	2	2	0	277
1RB0RC_1LB0LC_1LD0LC_1RA1RD	2	2	0	120
1RB0RC_1LB0LC_1LD0LD_1RA0LB	3	2	0	501
1RB0RC_1LB0LC_1LD1LC_1RA0RB	2	2	0	428
1RB0RC_1LB0LC_1LD1RB_1RA0RB	2	2	0	292
1RB0RC_1LB0LC_1RA0LD_1LC0LD	2	2	0	116
1RB0RC_1LB0LC_1RA0LD_1LC0RD	2	2	0	78
1RB0RC_1LB0LC_1RA0LD_1LC1LD	2	2	0	157
1RB0RC_1LB0LC_1RA0LD_1LC1RA	2	2	0	94
1RB0RC_1LB0LC_1RA0LD_1LC1RD	2	2	0	104
1RB0RC_1LB0LC_1RA0LD_1RD1RA	3	2	0	720
1RB0RC_1LB0LC_1RD1LB_1RA1RC	2	2	0	93
1RB0RC_1LB0LC_1RD1LD_0RB1LA	2	2	0	459
1RB0RC_1LB0LC_1RD1RB_1RD1RA	3	2	0	646
1RB0RC_1LB0RA_1RD1LC_0RB0RD	2	2	0	206
1RB0RC_1LB0RC_0LD1RC_1LA1LD	2	2	0	598
1RB0RC_1LB0RC_1LD1LA_1LD0LA	2	2	0	279
1RB0RC_1LB0RC_1LD1RC_1LA1LD	2	2	0	781
1RB0RC_1LB1LA_---1RD_0RB0RD	2	2	0	102
1RB0RC_1LB1LA_---1RD_1LB0RD	2	2	0	199
1RB0RC_1LB1LA_0LB1RD_0RC0RD	2	2	0	214
1RB0RC_1LB1LA_0LB1RD_1LC0RD	2	2	0	1881
1RB0RC_1LB1LA_0LD0LC_1RD0RA	3	2	0	1200
1RB0RC_1LB1LA_0RB1RD_0LC0RD	2	2	0	219
1RB0RC_1LB1LA_0RB1RD_0RC0RD	2	2	0	141
1RB0RC_1LB1LA_1LB1RD_0RC0RD	2	2	0	102
1RB0RC_1LB1LA_1LB1RD_1LC0RD	2	2	0	199
1RB0RC_1LB1LA_1LC1LD_1RA0LA	3	2	0	568
1RB0RC_1LB1LA_1RD1LC_0LB0RD	2	2	0	195
1RB0RC_1LB1LA_1RD1LC_0RB0RD	2	2	0	123
1RB0RC_1LB1LA_1RD1LC_1LB0RD	2	2	0	161
1RB0RC_1LB1LC_0RA1RD_0RB0RD	2	2	0	185
1RB0RC_1LB1LC_0RD0RA_1LB1RA	2	2	0	94
1RB0RC_1LB1LC_0RD0RC_0LB1RA	2	2	0	198
1RB0RC_1LB1LC_0RD0RC_0RB1RA	2	2	0	133
1RB0RC_1LB1LC_0RD0RC_1LB1RA	2	2	0	94
1RB0RC_1LB1LC_1LA0LD_1RD0RB	3	2	0	1626
1RB0RC_1LB1LC_1LD0LC_1RA1RB	2	2	0	299
1RB0RC_1LB1LC_1LD0RB_1RA1LB	3	2	0	720
1RB0RC_1LB1LC_1RA0LD_0LB1LD	3	2	0	641
1RB0RC_1LB1LC_1RA0LD_0LB1RC	3	2	0	788
1RB0RC_1LB1LC_1RA0LD_1LC---	2	2	0	100
1RB0RC_1LB1LC_1RA0LD_1RC0RB	3	2	0	479
1RB0RC_1LB1LC_1RA0RD_0LB0RC	2	2	0	142
1RB0RC_1LB1LC_1RA0RD_0LB0RD	2	2	0	163
1RB0RC_1LB1LC_1RA0RD_0RB0RA	3	2	0	256
1RB0RC_1LB1LC_1RA0RD_0RB0RC	2	2	0	126
1RB0RC_1LB1LC_1RA0RD_0RB0RD	2	2	0	107
1RB0RC_1LB1LC_1RA0RD_1LB0RC	2	2	0	137
1RB0RC_1LB1LC_1RA0RD_1LB0RD	2	2	0	137
1RB0RC_1LB1LC_1RA1LD_1RD0LB	2	2	0	146
1RB0RC_1LB1LC_1RA1RD_0RB0RD	2	3	0	269
1RB0RC_1LB1LC_1RB1LD_1RA0LB	3	2	0	570
1RB0RC_1LB1LC_1RB1LD_1RA1LB	3	2	0	486
1RB0RC_1LB1RA_0LC0LD_1LA1LC	2	2	0	103
1RB0RC_1LB1RA_0LC1LD_1RB0LC	2	2	0	148
1RB0RC_1LB1RA_0LC1LD_1RB1LC	2	2	0	217
1RB0RC_1LB1RA_0LD0RC_0RB---	2	2	0	193
1RB0RC_1LB1RA_0LD0RC_1LD0LA	2	2	0	183
1RB0RC_1LB1RA_0LD0RC_1RC0RB	2	2	0	213
1RB0RC_1LB1RA_0LD0RD_0RB0RA	3	2	0	289
1RB0RC_1LB1RA_0LD0RD_0RB0RC	2	2	0	100
1RB0RC_1LB1RA_0LD0RD_0RB0RD	2	2	0	100
1RB0RC_1LB1RA_0LD1LC_0LD1LA	2	2	0	198
1RB0RC_1LB1RA_0LD1LC_0RB1LA	2	2	0	160
1RB0RC_1LB1RA_0LD1LC_1LA1LB	2	2	0	146
1RB0RC_1LB1RA_0LD1LD_0LD1LA	2	2	0	198
1RB0RC_1LB1RA_0LD1RC_1LA1LD	2	2	0	861
1RB0RC_1LB1RA_0RB0LD_0RD0RC	2	2	0	121
1RB0RC_1LB1RA_0RB0RA_------	2	2	0	89
1RB0RC_1LB1RA_0RB0RC_------	2	2	0	89
1RB0RC_1LB1RA_0RB0RD_---0RC	2	2	0	89
1RB0RC_1LB1RA_0RB0RD_0LC0RD	2	2	0	185
1RB0RC_1LB1RA_0RB0RD_0RA1LD	2	2	0	121
1RB0RC_1LB1RA_0RB0RD_0RB0RD	2	2	0	89
1RB0RC_1LB1RA_0RB0RD_0RC0RD	2	2	0	125
1RB0RC_1LB1RA_0RB0RD_0RC1LD	2	2	0	213
1RB0RC_1LB1RA_0RB0RD_1LB0RD	2	2	0	169
1RB0RC_1LB1RA_0RB1LD_0RA---	2	2	0	153
1RB0RC_1LB1RA_0RB1LD_0RD0RA	2	2	0	121
1RB0RC_1LB1RA_0RB1LD_0RD0RC	2	2	0	153
1RB0RC_1LB1RA_0RB1LD_1RC0RA	2	2	0	217
1RB0RC_1LB1RA_0RB1RD_0LA1LA	2	2	0	153
1RB0RC_1LB1RA_0RB1RD_0RC0RD	2	2	0	236
1RB0RC_1LB1RA_0RD0LB_0RB0RD	2	2	0	110
1RB0RC_1LB1RA_0RD0LB_1LB0RD	2	2	0	201
1RB0RC_1LB1RA_0RD0LD_1LB0RD	2	2	0	201
1RB0RC_1LB1RA_0RD0RA_1LB---	2	2	0	89
1RB0RC_1LB1RA_0RD0RA_1LC1LB	2	2	0	99
1RB0RC_1LB1RA_0RD0RC_0LB---	2	2	0	188
1RB0RC_1LB1RA_0RD0RC_0RB---	2	2	0	122
1RB0RC_1LB1RA_0RD0RC_1LB---	2	2	0	89
1RB0RC_1LB1RA_0RD0RC_1LC0LB	2	2	0	206
1RB0RC_1LB1RA_0RD0RC_1LC0RB	2	2	0	132
1RB0RC_1LB1RA_0RD0RC_1LC1LB	2	2	0	99
1RB0RC_1LB1RA_0RD0RC_1LD0LA	2	2	0	127
1RB0RC_1LB1RA_0RD0RC_1LD0RB	2	2	0	166
1RB0RC_1LB1RA_0RD0RC_1LD1RB	2	2	0	176
1RB0RC_1LB1RA_0RD0RD_0RB0RA	3	2	0	156
1RB0RC_1LB1RA_0RD0RD_0RB0RC	2	2	0	94
1RB0RC_1LB1RA_0RD0RD_0RB0RD	2	2	0	94
1RB0RC_1LB1RA_0RD0RD_1LB0RC	2	2	0	89
1RB0RC_1LB1RA_0RD0RD_1LB0RD	2	2	0	169
1RB0RC_1LB1RA_0RD1LC_0LB0RC	2	2	0	326
1RB0RC_1LB1RA_0RD1LC_0RB0RC	2	2	0	222
1RB0RC_1LB1RA_0RD1LC_0RB0RD	2	2	0	102
1RB0RC_1LB1RA_0RD1LC_1LB0RA	2	2	0	121
1RB0RC_1LB1RA_0RD1LC_1LB0RC	2	2	0	153
1RB0RC_1LB1RA_0RD1LC_1LB0RD	2	2	0	185
1RB0RC_1LB1RA_0RD1LD_0LD1LA	2	2	0	203
1RB0RC_1LB1RA_1LB0RC_------	2	2	0	173
1RB0RC_1LB1RA_1LB0RD_0RB0RA	3	2	0	277
1RB0RC_1LB1RA_1LB0RD_0RB0RC	2	2	0	98
1RB0RC_1LB1RA_1LB0RD_0RB0RD	2	2	0	98
1RB0RC_1LB1RA_1LB0RD_0RC0RA	3	2	0	277
1RB0RC_1LB1RA_1LB0RD_0RC0RC	2	2	0	98
1RB0RC_1LB1RA_1LB0RD_0RC0RD	2	2	0	98
1RB0RC_1LB1RA_1LB0RD_0RC1LD	2	2	0	162
1RB0RC_1LB1RA_1LB0RD_1LB0RC	2	2	0	173
1RB0RC_1LB1RA_1LB0RD_1LB0RD	2	2	0	173
1RB0RC_1LB1RA_1LB0RD_1LC0RC	2	2	0	173
1RB0RC_1LB1RA_1LB0RD_1LC0RD	2	2	0	173
1RB0RC_1LB1RA_1LB1LD_0LD1LA	2	2	0	152
1RB0RC_1LB1RA_1LB1LD_0RA---	2	2	0	311
1RB0RC_1LB1RA_1LB1LD_0RD0RC	2	2	0	311
1RB0RC_1LB1RA_1LB1LD_1RC0RA	2	2	0	449
1RB0RC_1LB1RA_1LB1RD_0LA1LA	2	2	0	311
1RB0RC_1LB1RA_1LC0LA_------	2	2	0	359
1RB0RC_1LB1RA_1LC0LD_1RA1LC	2	2	0	138
1RB0RC_1LB1RA_1LC0LD_1RB0RC	2	2	0	359
1RB0RC_1LB1RA_1LC0LD_1RB1LB	2	2	0	399
1RB0RC_1LB1RA_1LC1LD_0RB0RD	2	2	0	99
1RB0RC_1LB1RA_1LC1LD_1RB0LC	2	2	0	147
1RB0RC_1LB1RA_1LC1LD_1RB1LC	2	2	0	156
1RB0RC_1LB1RA_1LD0LA_1LC---	2	2	0	359
1RB0RC_1LB1RA_1LD0LA_1LD0LA	2	2	0	359
1RB0RC_1LB1RA_1LD0LB_0LD1LA	2	2	0	196
1RB0RC_1LB1RA_1LD0RA_0RD0RB	2	2	0	99
1RB0RC_1LB1RA_1LD0RA_1LD0LA	2	2	0	139
1RB0RC_1LB1RA_1LD0RC_0RD0RB	2	2	0	99
1RB0RC_1LB1RA_1LD0RC_0RD1LB	2	2	0	193
1RB0RC_1LB1RA_1LD0RC_1LB---	2	2	0	173
1RB0RC_1LB1RA_1LD0RC_1LD0LA	2	2	0	139
1RB0RC_1LB1RA_1LD0RD_1LB0RC	2	2	0	173
1RB0RC_1LB1RA_1LD0RD_1LB0RD	2	2	0	173
1RB0RC_1LB1RA_1LD1LA_1LD0LA	2	2	0	221
1RB0RC_1LB1RA_1LD1LD_0LD1LA	2	2	0	136
1RB0RC_1LB1RA_1LD1RC_1LA1LD	2	2	0	615
1RB0RC_1LB1RA_1LD1RC_1LB1LD	2	2	0	173
1RB0RC_1LB1RA_1LD1RC_1LD0LA	2	3	0	304
1RB0RC_1LB1RA_1RD0LA_1LD0LC	2	2	0	465
1RB0RC_1LB1RA_1RD0LB_1LC0LA	2	2	0	2946
1RB0RC_1LB1RA_1RD0RA_0LD0RB	2	2	0	99
1RB0RC_1LB1RA_1RD0RA_1LD1LB	2	2	0	89
1RB0RC_1LB1RA_1RD0RC_0LD0RB	2	2	0	99
1RB0RC_1LB1RA_1RD0RC_0LD1LB	2	2	0	188
1RB0RC_1LB1RA_1RD0RC_1LD1LB	2	2	0	89
1RB0RC_1LB1RA_1RD0RD_0RB0RC	2	2	0	121
1RB0RC_1LB1RA_1RD0RD_0RB0RD	2	2	0	121
1RB0RC_1LB1RA_1RD1LC_0RB0RD	2	2	0	227
1RB0RC_1LB1RC_0LB0RD_1LD0LA	2	2	0	443
1RB0RC_1LB1RC_0LD0RD_0RB0RA	3	2	0	292
1RB0RC_1LB1RC_0RA0RD_0RB1LC	2	2	0	121
1RB0RC_1LB1RC_0RB0RD_0RC0RA	3	2	0	156
1RB0RC_1LB1RC_0RB1LD_0RA1RA	2	2	0	163
1RB0RC_1LB1RC_0RB1RD_0LA1LA	2	2	0	163
1RB0RC_1LB1RC_0RD0RD_0RB0RA	3	2	0	146
1RB0RC_1LB1RC_1LB0RD_0RB0RA	3	2	0	282
1RB0RC_1LB1RC_1LB0RD_0RC0RA	3	2	0	282
1RB0RC_1LB1RC_1LB1LD_0RA1RA	2	2	0	331
1RB0RC_1LB1RC_1LB1RD_0LA1LA	2	2	0	331
1RB0RC_1LB1RC_1LD0RD_1LD0LA	2	2	0	359
1RB0RC_1LB1RC_1RA0LD_1LC1LD	2	2	0	130
1RB0RC_1LB1RC_1RA0LD_1LC1RD	2	2	0	120
1RB0RC_1LB1RC_1RA1LD_1LB0LC	4	2	0	858
1RB0RC_1LB1RC_1RA1LD_1LD0LC	4	2	0	770
1RB0RC_1LB1RC_1RB0LD_0RB1LA	2	2	0	270
1RB0RC_1LB1RC_1RD0LA_0RB0RD	2	2	0	190
1RB0RC_1LB1RC_1RD0LB_1LC0LA	2	2	0	3032
1RB0RC_1LC---_0LD0LC_1RD0RA	3	2	0	776
1RB0RC_1LC---_1LB1LD_1RA0LA	3	2	0	540
1RB0RC_1LC---_1LC1LD_1RA0LA	3	2	0	540
1RB0RC_1LC---_1LD0LC_1RA1RD	2	2	0	120
1RB0RC_1LC---_1RA0LD_1LC0RB	2	2	0	78
1RB0RC_1LC---_1RA0LD_1LC0RD	2	2	0	78
1RB0RC_1LC---_1RA0LD_1LC1RB	2	2	0	108
1RB0RC_1LC---_1RA0LD_1LC1RD	2	2	0	108
1RB0RC_1LC---_1RA1LD_0RD0LB	2	2	0	150
1RB0RC_1LC---_1RA1LD_1RA0LB	3	2	0	181
1RB0RC_1LC0LA_0LD0LD_1RD1RB	2	2	0	300
1RB0RC_1LC0LA_0LD1LB_1RD0RA	2	2	0	139
1RB0RC_1LC0LA_1LB0LD_1RD1RA	3	2	0	922
1RB0RC_1LC0LA_1LB1RD_1LA0RD	2	2	0	155
1RB0RC_1LC0LA_1LC0LD_1RD1RA	3	2	0	922
1RB0RC_1LC0LA_1LC1RD_1LA0RD	2	2	0	213
1RB0RC_1LC0LA_1LD0LC_1RA0RB	2	2	0	305
1RB0RC_1LC0LA_1LD1RC_1LB1LB	2	2	0	175
1RB0RC_1LC0LA_1LD1RC_1LB1RB	2	2	0	199
1RB0RC_1LC0LA_1LD1RD_0LB1RC	2	2	0	213
1RB0RC_1LC0LA_1LD1RD_1LB1RC	2	2	0	167
1RB0RC_1LC0LA_1RA0LD_1LC0LB	2	2	0	85
1RB0RC_1LC0LA_1RA0LD_1LC0LD	2	2	0	85
1RB0RC_1LC0LA_1RA0LD_1LC1LB	2	2	0	197
1RB0RC_1LC0LA_1RA0LD_1LC1LD	2	2	0	197
1RB0RC_1LC0LA_1RA0LD_1RD0LB	2	2	0	143
1RB0RC_1LC0LA_1RC0LD_1LA0RA	2	2	0	340
1RB0RC_1LC0LA_1RC0LD_1RD1RB	2	2	0	382
1RB0RC_1LC0LA_1RC1LD_1LA0LD	2	2	0	187
1RB0RC_1LC0LA_1RD1LB_---1RB	2	2	0	168
1RB0RC_1LC0LB_1RA0LD_1LC0LB	2	2	0	136
1RB0RC_1LC0LB_1RA0LD_1LC0LD	2	2	0	136
1RB0RC_1LC0LB_1RA0LD_1LC1LB	2	3	0	252
1RB0RC_1LC0LB_1RA0LD_1LC1LD	2	3	0	252
1RB0RC_1LC0LB_1RA1RD_---1LB	2	2	0	194
1RB0RC_1LC0LB_1RD1LA_---0RB	2	2	0	321
1RB0RC_1LC0LC_1LD0LC_1RA0LB	2	2	0	277
1RB0RC_1LC0LC_1LD0LD_1RA0LB	3	2	0	523
1RB0RC_1LC0LC_1LD0LD_1RA0RB	2	2	0	434
1RB0RC_1LC0LC_1LD1LC_1RA0RB	2	2	0	380
1RB0RC_1LC0LC_1LD1RA_0RB0LA	3	2	0	503
1RB0RC_1LC0LC_1RA0LD_1LC0LB	2	2	0	136
1RB0RC_1LC0LC_1RA0LD_1LC0LD	2	2	0	136
1RB0RC_1LC0LC_1RA0LD_1LC1LB	2	3	0	308
1RB0RC_1LC0LC_1RA0LD_1LC1LD	2	3	0	308
1RB0RC_1LC0LC_1RA0RD_1LD1LB	3	2	0	714
1RB0RC_1LC0LC_1RD0LB_1LA0RB	2	2	0	321
1RB0RC_1LC0LC_1RD1LC_1RA0RB	3	2	0	390
1RB0RC_1LC0LC_1RD1RC_1LB0LA	2	2	0	381
1RB0RC_1LC0LD_0RB1LC_1RD1RA	3	2	0	390
1RB0RC_1LC0LD_1LB1RD_0LA0RC	4	2	0	460
1RB0RC_1LC0LD_1LD0LC_1RA0RB	2	2	0	172
1RB0RC_1LC0LD_1LD0LC_1RA1RB	2	2	0	305
1RB0RC_1LC0LD_1RA0LB_0LA0RC	4	2	0	981
1RB0RC_1LC0LD_1RA0LB_0LA1LD	3	2	0	341
1RB0RC_1LC0LD_1RA0LB_0LA1RD	4	2	0	1034
1RB0RC_1LC0LD_1RA0LB_0LD1LB	2	3	0	245
1RB0RC_1LC0LD_1RA0LB_0LD1RB	2	2	0	87
1RB0RC_1LC0LD_1RA0LB_0RA---	2	2	0	112
1RB0RC_1LC0LD_1RA0LB_0RC0LC	2	2	0	93
1RB0RC_1LC0LD_1RA0LB_0RC0RA	2	2	0	71
1RB0RC_1LC0LD_1RA0LB_0RC1LC	2	2	0	78
1RB0RC_1LC0LD_1RA0LB_0RC1LD	2	2	0	82
1RB0RC_1LC0LD_1RA0LB_0RD1LB	2	2	0	86
1RB0RC_1LC0LD_1RA0LB_1LB0RC	2	2	0	347
1RB0RC_1LC0LD_1RA0LB_1LC0LB	2	2	0	136
1RB0RC_1LC0LD_1RA0LB_1LC0LC	2	2	0	136
1RB0RC_1LC0LD_1RA0LB_1LC0LD	2	2	0	136
1RB0RC_1LC0LD_1RA0LB_1LC0RA	2	2	0	119
1RB0RC_1LC0LD_1RA0LB_1LC0RC	2	2	0	85
1RB0RC_1LC0LD_1RA0LB_1LC1LB	2	2	0	121
1RB0RC_1LC0LD_1RA0LB_1LC1LC	2	2	0	121
1RB0RC_1LC0LD_1RA0LB_1LC1LD	2	2	0	168
1RB0RC_1LC0LD_1RA0LB_1LC1RA	2	2	0	688
1RB0RC_1LC0LD_1RA0LB_1LC1RB	2	2	0	83
1RB0RC_1LC0LD_1RA0LB_1LC1RD	2	2	0	83
1RB0RC_1LC0LD_1RA0LB_1LD0LB	2	2	0	136
1RB0RC_1LC0LD_1RA0LB_1LD1LB	2	2	0	244
1RB0RC_1LC0LD_1RA0LB_1LD1RA	2	2	0	510
1RB0RC_1LC0LD_1RA0LB_1LD1RB	2	2	0	91
1RB0RC_1LC0LD_1RA0LB_1RA0RB	2	2	0	94
1RB0RC_1LC0LD_1RA0LB_1RA1LB	2	2	0	301
1RB0RC_1LC0LD_1RA0LB_1RA1RB	2	2	0	116
1RB0RC_1LC0LD_1RA0LB_1RD0RA	2	2	0	262
1RB0RC_1LC0LD_1RA0LB_1RD1LC	2	2	0	133
1RB0RC_1LC0LD_1RA0LB_1RD1RB	2	2	0	75
1RB0RC_1LC0LD_1RA0LD_1LC0LB	2	2	0	136
1RB0RC_1LC0LD_1RA0LD_1LC0LD	2	2	0	136
1RB0RC_1LC0LD_1RA0LD_1LC1LB	2	2	0	235
1RB0RC_1LC0LD_1RA0LD_1LC1LD	2	2	0	388
1RB0RC_1LC0RA_0LA0LD_1RD1RB	2	2	0	150
1RB0RC_1LC0RA_0LC0LD_1RD1RB	2	2	0	160
1RB0RC_1LC0RA_0LC1LD_1RB0LA	2	2	0	171
1RB0RC_1LC0RA_1LB1RD_1RC0RD	2	2	0	160
1RB0RC_1LC0RA_1LD0LB_0RD1RA	2	2	0	235
1RB0RC_1LC0RA_1LD0LB_1LA0LD	2	3	0	714
1RB0RC_1LC0RA_1LD0LB_1LA0RD	2	2	0	79
1RB0RC_1LC0RA_1LD1LC_1RB1RD	2	2	0	279
1RB0RC_1LC0RA_1RA0LD_1LC0LB	2	2	0	161
1RB0RC_1LC0RA_1RA0LD_1LC0LD	2	2	0	161
1RB0RC_1LC0RA_1RA0LD_1LC1LB	2	2	0	260
1RB0RC_1LC0RA_1RA0LD_1LC1LD	2	2	0	260
1RB0RC_1LC0RA_1RA0LD_1RD1RB	2	2	0	124
1RB0RC_1LC0RA_1RA1LD_0LC0RA	2	2	0	243
1RB0RC_1LC0RA_1RA1LD_0LC1RA	2	2	0	321
1RB0RC_1LC0RA_1RB1LD_0LB---	3	2	0	400
1RB0RC_1LC0RA_1RD0LB_1RA0LA	4	2	0	176
1RB0RC_1LC0RA_1RD0LB_1RA0RD	4	2	0	220
1RB0RC_1LC0RA_1RD0LB_1RB0LA	2	2	0	127
1RB0RC_1LC0RB_0RD0LC_1RA1LB	2	2	0	351
1RB0RC_1LC0RB_1LC0LD_1RA1LD	2	2	0	159
1RB0RC_1LC0RB_1LC1LD_1RA0LD	2	2	0	156
1RB0RC_1LC0RB_1LD1LA_1LD1RC	2	2	0	177
1RB0RC_1LC0RB_1LD1RA_1LD1LA	2	2	0	129
1RB0RC_1LC0RB_1LD1RD_1LD1LA	2	2	0	125
1RB0RC_1LC0RB_1RA0LD_1LC1LA	4	2	0	854
1RB0RC_1LC0RB_1RA0LD_1LC1LD	2	2	0	522
1RB0RC_1LC0RB_1RD0RD_1LD1LA	2	2	0	141
1RB0RC_1LC0RC_0LD1RC_1LA1LD	2	2	0	586
1RB0RC_1LC0RC_1LB1LD_1RB0LA	3	2	0	540
1RB0RC_1LC0RC_1LC1LD_1RB0LA	3	2	0	540
1RB0RC_1LC0RC_1LD1RC_1LA1LD	2	2	0	773
1RB0RC_1LC0RC_1RD1LA_1LD0LB	2	2	0	637
1RB0RC_1LC0RC_1RD1RA_1LD0LB	2	2	0	607
1RB0RC_1LC0RD_---0LD_1LA1LD	2	2	0	428
1RB0RC_1LC0RD_---0LD_1LA1RB	2	2	0	292
1RB0RC_1LC0RD_0LA0LD_1LA0RC	2	2	0	300
1RB0RC_1LC0RD_0LA0LD_1LA1RC	2	2	0	308
1RB0RC_1LC0RD_0LB1LA_0RB1LA	2	2	0	108
1RB0RC_1LC0RD_0LB1RB_1LD0LA	2	2	0	443
1RB0RC_1LC0RD_0LB1RC_1LD0LA	2	2	0	313
1RB0RC_1LC0RD_0LC1RB_1LD0LA	2	2	0	485
1RB0RC_1LC0RD_0LD0LD_1LA0LA	2	2	0	428
1RB0RC_1LC0RD_0LD0LD_1LA0RB	2	2	0	292
1RB0RC_1LC0RD_0LD1LC_1LA0LD	2	2	0	317
1RB0RC_1LC0RD_0RA0LD_1LA0LC	2	2	0	302
1RB0RC_1LC0RD_1LA0LB_1LD0RA	2	2	0	137
1RB0RC_1LC0RD_1LA0LB_1RB0RA	2	2	0	80
1RB0RC_1LC0RD_1LA0LB_1RB0RD	2	2	0	80
1RB0RC_1LC0RD_1LA0LB_1RB1RA	2	2	0	170
1RB0RC_1LC0RD_1LA0LB_1RB1RD	2	2	0	170
1RB0RC_1LC0RD_1LA0LC_1LA1LC	2	2	0	428
1RB0RC_1LC0RD_1LA0LC_1LA1LD	2	2	0	428
1RB0RC_1LC0RD_1LA0LC_1LA1RA	2	2	0	308
1RB0RC_1LC0RD_1LA0LC_1LA1RB	2	2	0	292
1RB0RC_1LC0RD_1LA0LC_1RD0RA	2	2	0	320
1RB0RC_1LC0RD_1LA0LC_1RD1LC	2	2	0	374
1RB0RC_1LC0RD_1LA0LC_1RD1RA	2	2	0	290
1RB0RC_1LC0RD_1LA0LC_1RD1RB	2	2	0	476
1RB0RC_1LC0RD_1LA0LD_1LA1LC	2	2	0	428
1RB0RC_1LC0RD_1LC0LD_1LA1RC	2	2	0	292
1RB0RC_1LC0RD_1LD1RB_1LD0LA	2	2	0	359
1RB0RC_1LC0RD_1RA0LB_0LA---	2	2	0	112
1RB0RC_1LC0RD_1RA0LB_0LD1LB	2	3	0	253
1RB0RC_1LC0RD_1RA0LB_0LD1RB	2	2	0	93
1RB0RC_1LC0RD_1RA0LB_0RD1LB	2	2	0	82
1RB0RC_1LC0RD_1RA0LB_1LA0LB	2	2	0	78
1RB0RC_1LC0RD_1RA0LB_1LA1LB	2	2	0	116
1RB0RC_1LC0RD_1RA0LB_1LA1RB	2	2	0	67
1RB0RC_1LC0RD_1RA0LB_1LD0LB	2	2	0	160
1RB0RC_1LC0RD_1RA0LB_1LD0LC	4	2	0	1978
1RB0RC_1LC0RD_1RA0LB_1LD0RA	2	2	0	94
1RB0RC_1LC0RD_1RA0LB_1LD1LB	2	3	0	304
1RB0RC_1LC0RD_1RA0LB_1LD1RA	2	2	0	116
1RB0RC_1LC0RD_1RA0LB_1LD1RB	2	2	0	75
1RB0RC_1LC0RD_1RA0LB_1RD1LB	2	2	0	86
1RB0RC_1LC0RD_1RA0LD_1LC1LA	4	2	0	854
1RB0RC_1LC0RD_1RA0LD_1LC1LD	2	2	0	522
1RB0RC_1LC0RD_1RD0LB_1LD0RA	2	2	0	138
1RB0RC_1LC0RD_1RD0LB_1RB0LA	2	2	0	127
1RB0RC_1LC1LA_---0LD_1RD1RB	2	2	0	300
1RB0RC_1LC1LA_0LD0LD_1RD0RB	2	2	0	344
1RB0RC_1LC1LA_0RD0LB_1LB1RC	2	2	0	164
1RB0RC_1LC1LA_1LB0LD_1RA0RC	2	2	0	362
1RB0RC_1LC1LA_1LB1RD_0RC0RD	2	2	0	98
1RB0RC_1LC1LA_1LB1RD_1LB0RD	2	2	0	182
1RB0RC_1LC1LA_1LB1RD_1LC0RD	2	2	0	186
1RB0RC_1LC1LA_1LC0LD_1RA0RB	2	2	0	362
1RB0RC_1LC1LA_1LC0LD_1RA0RC	2	2	0	362
1RB0RC_1LC1LA_1RA0LD_1LC0LB	2	2	0	123
1RB0RC_1LC1LA_1RA0LD_1LC0LD	2	2	0	123
1RB0RC_1LC1LA_1RA0LD_1LC1LA	2	2	0	131
1RB0RC_1LC1LA_1RA0LD_1LC1LB	2	2	0	235
1RB0RC_1LC1LA_1RA0LD_1LC1LD	2	2	0	235
1RB0RC_1LC1LA_1RD0LB_1RB0RC	2	2	0	131
1RB0RC_1LC1LA_1RD0LD_1RC1RB	2	2	0	300
1RB0RC_1LC1LB_0LA0LD_1RD1RA	3	2	0	315
1RB0RC_1LC1LB_0LD0LB_1RD0RA	3	2	0	326
1RB0RC_1LC1LB_0LD0LD_0RD1RA	3	2	0	446
1RB0RC_1LC1LB_0RA0LD_1RD1RA	3	2	0	368
1RB0RC_1LC1LB_0RD0LD_1RC1RA	3	2	0	446
1RB0RC_1LC1LB_1LD1RC_1RA0LB	2	2	0	645
1RB0RC_1LC1LB_1LD1RC_1RA1LB	2	2	0	417
1RB0RC_1LC1LB_1LD1RC_1RA1RB	2	2	0	443
1RB0RC_1LC1LB_1RA0LD_1LC0LB	2	2	0	206
1RB0RC_1LC1LB_1RA0LD_1LC0LD	2	2	0	206
1RB0RC_1LC1LB_1RA0LD_1LC0RA	2	2	0	217
1RB0RC_1LC1LB_1RA0LD_1LC1LA	2	2	0	358
1RB0RC_1LC1LB_1RA0LD_1LC1LB	2	2	0	375
1RB0RC_1LC1LB_1RA0LD_1LC1LD	2	2	0	375
1RB0RC_1LC1LB_1RA0LD_1LC1RA	2	2	0	164
1RB0RC_1LC1LB_1RA0LD_1RD0LA	2	3	0	168
1RB0RC_1LC1LB_1RA0LD_1RD1RA	3	2	0	607
1RB0RC_1LC1LB_1RA1RD_0LB1RD	2	2	0	158
1RB0RC_1LC1LB_1RA1RD_1LB1RD	2	2	0	127
1RB0RC_1LC1LB_1RD0LB_---1RA	3	2	0	796
1RB0RC_1LC1LB_1RD1RC_0LB1RA	2	2	0	149
1RB0RC_1LC1LB_1RD1RC_1LB0RA	2	2	0	170
1RB0RC_1LC1LB_1RD1RC_1LB1RA	2	2	0	119
1RB0RC_1LC1LC_1LD0LC_1RA1RB	2	2	0	291
1RB0RC_1LC1LC_1LD1RD_1RA0LB	3	2	0	183
1RB0RC_1LC1LC_1RA0LD_1LC0LB	2	2	0	81
1RB0RC_1LC1LC_1RA0LD_1LC0LD	2	2	0	81
1RB0RC_1LC1LC_1RA0LD_1LC1LB	2	2	0	203
1RB0RC_1LC1LC_1RA0LD_1LC1LD	2	2	0	203
1RB0RC_1LC1LD_0LD1RC_1RA1LB	2	2	0	188
1RB0RC_1LC1LD_0RB1RA_0LC0RD	2	2	0	467
1RB0RC_1LC1LD_1LB1RD_0LA0RC	4	2	0	348
1RB0RC_1LC1LD_1RA0LB_0LC0LC	2	2	0	105
1RB0RC_1LC1LD_1RA0LB_0LC0RB	2	2	0	113
1RB0RC_1LC1LD_1RA0LB_0LC0RC	2	2	0	206
1RB0RC_1LC1LD_1RA0LB_0LC0RD	2	2	0	120
1RB0RC_1LC1LD_1RA0LB_0LC1LC	2	2	0	279
1RB0RC_1LC1LD_1RA0LB_0LD0LC	2	2	0	110
1RB0RC_1LC1LD_1RA0LB_0LD0RB	2	2	0	141
1RB0RC_1LC1LD_1RA0LB_0LD1LB	2	2	0	299
1RB0RC_1LC1LD_1RA0LB_0RC0LB	2	2	0	85
1RB0RC_1LC1LD_1RA0LB_0RC0LC	2	2	0	83
1RB0RC_1LC1LD_1RA0LB_0RC0RB	2	2	0	129
1RB0RC_1LC1LD_1RA0LB_0RC0RC	2	2	0	127
1RB0RC_1LC1LD_1RA0LB_0RC1LB	2	2	0	165
1RB0RC_1LC1LD_1RA0LB_0RC1LC	2	2	0	163
1RB0RC_1LC1LD_1RA0LB_0RC1LD	2	2	0	165
1RB0RC_1LC1LD_1RA0LB_0RC1RC	2	2	0	146
1RB0RC_1LC1LD_1RA0LB_0RC1RD	4	2	0	909
1RB0RC_1LC1LD_1RA0LB_0RD0LB	2	2	0	85
1RB0RC_1LC1LD_1RA0LB_0RD0RB	2	2	0	82
1RB0RC_1LC1LD_1RA0LB_0RD1LB	2	2	0	385
1RB0RC_1LC1LD_1RA0LB_0RD1RB	2	2	0	112
1RB0RC_1LC1LD_1RA0LB_1LC0LB	2	2	0	203
1RB0RC_1LC1LD_1RA0LB_1LC0LC	2	2	0	145
1RB0RC_1LC1LD_1RA0LB_1LC0LD	2	2	0	145
1RB0RC_1LC1LD_1RA0LB_1LC0RB	2	2	0	281
1RB0RC_1LC1LD_1RA0LB_1LC0RC	2	2	0	235
1RB0RC_1LC1LD_1RA0LB_1LC0RD	2	2	0	243
1RB0RC_1LC1LD_1RA0LB_1LC1LB	2	2	0	375
1RB0RC_1LC1LD_1RA0LB_1LC1LC	2	2	0	275
1RB0RC_1LC1LD_1RA0LB_1LC1LD	2	2	0	375
1RB0RC_1LC1LD_1RA0LB_1LC1RC	2	3	0	312
1RB0RC_1LC1LD_1RA0LB_1LC1RD	2	2	0	1233
1RB0RC_1LC1LD_1RA0LB_1LD0LB	2	2	0	203
1RB0RC_1LC1LD_1RA0LB_1LD1LB	2	3	0	518
1RB0RC_1LC1LD_1RA0LB_1RB0LC	2	2	0	107
1RB0RC_1LC1LD_1RA0LB_1RB0LD	2	2	0	207
1RB0RC_1LC1LD_1RA0LB_1RB0RC	2	2	0	131
1RB0RC_1LC1LD_1RA0LB_1RB1LC	2	2	0	279
1RB0RC_1LC1LD_1RA0LB_1RC0LB	2	2	0	85
1RB0RC_1LC1LD_1RA0LB_1RC0LD	2	2	0	153
1RB0RC_1LC1LD_1RA0LB_1RC1LB	2	2	0	288
1RB0RC_1LC1LD_1RA0LB_1RD0LB	2	2	0	85
1RB0RC_1LC1LD_1RA0LB_1RD1LB	2	3	0	524
1RB0RC_1LC1LD_1RA0LC_0LB1LD	2	2	0	172
1RB0RC_1LC1LD_1RA0LD_1LC0LB	2	2	0	173
1RB0RC_1LC1LD_1RA0LD_1LC0LD	2	2	0	81
1RB0RC_1LC1LD_1RA0LD_1LC1LB	2	2	0	375
1RB0RC_1LC1LD_1RA0LD_1LC1LD	2	2	0	375
1RB0RC_1LC1LD_1RA1LD_0LB1LA	2	2	0	506
1RB0RC_1LC1LD_1RA1RB_1LD0LB	2	2	0	244
1RB0RC_1LC1LD_1RA1RB_1RC0LB	2	2	0	152
1RB0RC_1LC1LD_1RA1RB_1RD0LB	2	2	0	113
1RB0RC_1LC1LD_1RC0LB_1RA0LD	4	2	0	307
1RB0RC_1LC1LD_1RC1LA_0LC0LD	2	2	0	103
1RB0RC_1LC1LD_1RC1LA_1RC0LD	2	2	0	186
1RB0RC_1LC1LD_1RD1RA_1LB1LA	2	2	0	71
1RB0RC_1LC1RA_---0LD_1RA1LD	3	2	0	361
1RB0RC_1LC1RA_---0LD_1RA1RB	3	2	0	514
1RB0RC_1LC1RA_0LA0LD_1RD1RB	2	2	0	253
1RB0RC_1LC1RA_0LB0LD_0RA0RD	2	2	0	150
1RB0RC_1LC1RA_0LB0LD_0RA1LB	2	2	0	129
1RB0RC_1LC1RA_0LB0LD_1LA1LB	2	2	0	94
1RB0RC_1LC1RA_0LD1RC_1LA1LD	2	2	0	841
1RB0RC_1LC1RA_0RB0LD_1RD1RB	2	2	0	264
1RB0RC_1LC1RA_0RC0LD_1RD0LB	4	2	0	813
1RB0RC_1LC1RA_1LA0LD_1RD0LB	2	2	0	302
1RB0RC_1LC1RA_1LA0LD_1RD1RB	2	2	0	226
1RB0RC_1LC1RA_1LB0LD_1RD1RB	2	2	0	247
1RB0RC_1LC1RA_1LB1LD_1RB0LA	3	2	0	619
1RB0RC_1LC1RA_1LC0LD_1RD1RB	2	2	0	249
1RB0RC_1LC1RA_1LC1LD_1RB0LA	3	2	0	621
1RB0RC_1LC1RA_1LD0LC_1RA0LB	2	2	0	222
1RB0RC_1LC1RA_1LD0LC_1RA1RB	2	2	0	214
1RB0RC_1LC1RA_1LD0LD_1RD1RB	4	2	0	2409
1RB0RC_1LC1RA_1LD1RC_1LA1LD	2	2	0	593
1RB0RC_1LC1RA_1RA0LD_1LC0LB	4	2	0	2193
1RB0RC_1LC1RA_1RA0LD_1LC1LB	2	3	0	266
1RB0RC_1LC1RA_1RA0LD_1LC1LD	2	3	0	251
1RB0RC_1LC1RA_1RA0LD_1RD1RB	2	2	0	229
1RB0RC_1LC1RA_1RB0LD_1RD1RB	2	2	0	227
1RB0RC_1LC1RA_1RD0LB_0RB1LD	2	2	0	129
1RB0RC_1LC1RA_1RD0LB_1LA1LD	3	2	0	495
1RB0RC_1LC1RA_1RD1LC_---0LB	3	2	0	390
1RB0RC_1LC1RA_1RD1LC_---1RB	3	2	0	310
1RB0RC_1LC1RB_0RA0LD_1RD1LB	2	2	0	307
1RB0RC_1LC1RB_1LB1LD_0RB0LA	3	2	0	641
1RB0RC_1LC1RB_1LB1LD_1LA0LA	3	2	0	334
1RB0RC_1LC1RB_1LC1LD_0RB0LA	3	2	0	641
1RB0RC_1LC1RB_1LC1LD_1LA0LA	3	2	0	334
1RB0RC_1LC1RB_1LD0LC_1RA1LB	2	2	0	172
1RB0RC_1LC1RB_1LD0LC_1RA1RB	2	2	0	164
1RB0RC_1LC1RB_1RA0LD_1LC0LB	2	2	0	119
1RB0RC_1LC1RB_1RA0LD_1LC1LB	2	2	0	1209
1RB0RC_1LC1RB_1RA0LD_1LC1LD	2	2	0	428
1RB0RC_1LC1RB_1RA0LD_1RD1LB	2	2	0	275
1RB0RC_1LC1RB_1RA1LD_0RB0LB	2	2	0	262
1RB0RC_1LC1RB_1RA1LD_1LB0LB	2	2	0	160
1RB0RC_1LC1RC_1LD0LC_1RA1LB	2	2	0	291
1RB0RC_1LC1RC_1RA0LD_1LC1LD	2	3	0	372
1RB0RC_1LC1RC_1RC0LD_1LA0RA	2	2	0	216
1RB0RC_1LC1RD_---1LD_1LA1RB	2	2	0	202
1RB0RC_1LC1RD_0LB0LD_1RA0LA	3	2	0	146
1RB0RC_1LC1RD_0LC1LA_0RD0RB	2	2	0	220
1RB0RC_1LC1RD_0LD1LA_1LB0RD	2	3	0	301
1RB0RC_1LC1RD_1LA0LC_1RD0RA	2	2	0	224
1RB0RC_1LC1RD_1LA0LC_1RD0RB	2	2	0	214
1RB0RC_1LC1RD_1LA1LB_---0RB	2	2	0	169
1RB0RC_1LC1RD_1LA1LD_1LC0RB	2	2	0	169
1RB0RC_1LC1RD_1LB1LA_0RB0RD	2	2	0	100
1RB0RC_1LC1RD_1LB1LA_1LB0RD	2	2	0	188
1RB0RC_1LC1RD_1LB1LA_1LC0RD	2	2	0	184
1RB0RC_1LC1RD_1LC1LA_0RB0RD	2	2	0	100
1RB0RC_1LC1RD_1LC1LA_0RC0RD	2	2	0	100
1RB0RC_1LC1RD_1LC1LA_1LB0RD	2	2	0	197
1RB0RC_1LC1RD_1LC1LA_1LC0RD	2	2	0	197
1RB0RC_1LC1RD_1LD0LC_1RA1RB	2	2	0	120
1RB0RC_1LC1RD_1LD0RB_1LD1LA	2	2	0	177
1RB0RC_1LC1RD_1LD1LA_1LB0RD	3	2	0	503
1RB0RC_1LC1RD_1RA0LB_0LC---	2	2	0	146
1RB0RC_1LC1RD_1RA0LB_0LD0LB	2	2	0	146
1RB0RC_1LC1RD_1RA0LB_0LD1LA	2	2	0	141
1RB0RC_1LC1RD_1RA0LB_0LD1RB	2	2	0	112
1RB0RC_1LC1RD_1RA0LB_0RD0LB	2	2	0	74
1RB0RC_1LC1RD_1RA0LB_0RD1LB	2	2	0	112
1RB0RC_1LC1RD_1RA0LB_0RD1RB	2	2	0	63
1RB0RC_1LC1RD_1RA0LB_1LB0LC	2	2	0	156
1RB0RC_1LC1RD_1RA0LB_1LB1LC	2	2	0	112
1RB0RC_1LC1RD_1RA0LB_1LC---	2	2	0	108
1RB0RC_1LC1RD_1RA0LB_1LD0LB	2	2	0	108
1RB0RC_1LC1RD_1RA0LB_1LD1LB	2	2	0	160
1RB0RC_1LC1RD_1RA0LB_1RD1LA	2	2	0	78
1RB0RC_1LC1RD_1RA0LD_1LC0LB	2	2	0	119
1RB0RC_1LC1RD_1RA0LD_1LC0LD	2	2	0	250
1RB0RC_1LC1RD_1RA0LD_1LC1LD	2	2	0	428
1RB0RC_1LC1RD_1RB1LC_---1RA	3	2	0	310
1RB0RC_1RC---_0RD0RC_1LD0LA	2	2	0	195
1RB0RC_1RC0LA_0LD1RA_0LD1LB	3	2	0	287
1RB0RC_1RC0LA_0LD1RB_0LC1LB	2	2	0	247
1RB0RC_1RC0LA_1LC0LD_1RD1RA	3	2	0	1647
1RB0RC_1RC0LA_1LC1RD_1LA0RD	2	2	0	189
1RB0RC_1RC0LA_1LC1RD_1LB0RD	2	2	0	104
1RB0RC_1RC0LA_1LD0RA_1LC1LB	2	2	0	144
1RB0RC_1RC0LA_1LD0RA_1LD1LB	2	2	0	144
1RB0RC_1RC0LB_0LD0LA_1RD1LB	2	2	0	120
1RB0RC_1RC0LB_1LD0LA_0RA1LB	2	2	0	322
1RB0RC_1RC0LB_1LD0RA_0LD1LB	3	2	0	117
1RB0RC_1RC0LB_1LD0RA_1LC1LB	2	2	0	135
1RB0RC_1RC0LB_1LD0RA_1LD1LB	2	2	0	135
1RB0RC_1RC0LC_1LD0LB_1RA0LB	2	2	0	134
1RB0RC_1RC0LC_1LD0LB_1RA0LC	2	2	0	174
1RB0RC_1RC0LC_1LD0LC_1RA0LB	2	2	0	269
1RB0RC_1RC0LC_1LD0RB_1RA0LB	2	2	0	190
1RB0RC_1RC0LC_1RD1RC_1LB0LA	2	2	0	379
1RB0RC_1RC0LD_1LB0RD_1RA1LB	3	2	0	358
1RB0RC_1RC0LD_1RD0RB_1LB0LA	4	2	0	457
1RB0RC_1RC0RA_0RD0RA_1LD1RB	2	2	0	79
1RB0RC_1RC0RA_0RD0RC_1LD1RB	2	2	0	79
1RB0RC_1RC0RA_0RD1LB_1LD0LA	2	2	0	281
1RB0RC_1RC0RA_0RD1LB_1LD1RA	2	2	0	191
1RB0RC_1RC0RA_0RD1LB_1LD1RB	2	2	0	175
1RB0RC_1RC0RA_0RD1RA_1LD0LC	2	2	0	128
1RB0RC_1RC0RA_1LA0LD_1LD0LC	4	2	0	366
1RB0RC_1RC0RA_1LD1LB_1LD1RA	2	2	0	393
1RB0RC_1RC0RA_1LD1RD_1LD1LB	2	2	0	205
1RB0RC_1RC0RB_0LD1LA_1LC0RC	2	2	0	298
1RB0RC_1RC0RB_0LD1LA_1LC1LC	2	2	0	240
1RB0RC_1RC0RB_0LD1LA_1RC1LC	2	2	0	250
1RB0RC_1RC0RB_1LA0LD_1LD1LA	2	2	0	158
1RB0RC_1RC0RB_1LA0LD_1LD1LC	2	2	0	141
1RB0RC_1RC0RB_1LA0LD_1LD1RB	2	2	0	210
1RB0RC_1RC0RB_1LA0RD_1LD1LA	2	2	0	128
1RB0RC_1RC0RB_1LA0RD_1LD1LC	2	2	0	125
1RB0RC_1RC0RB_1LA0RD_1LD1RB	2	2	0	133
1RB0RC_1RC0RB_1LA1LD_1LD0LA	2	2	0	159
1RB0RC_1RC0RB_1LA1LD_1LD1LA	2	2	0	135
1RB0RC_1RC0RB_1LA1LD_1LD1LC	2	2	0	84
1RB0RC_1RC0RB_1LA1LD_1LD1RB	2	2	0	106
1RB0RC_1RC0RB_1LA1LD_1RD1LC	2	2	0	138
1RB0RC_1RC0RB_1LD0LA_1LA0LB	2	2	0	190
1RB0RC_1RC0RB_1LD0LA_1RB0LB	2	2	0	340
1RB0RC_1RC0RB_1LD0RA_1LC1LB	2	2	0	127
1RB0RC_1RC0RB_1LD0RA_1LD1LB	2	2	0	127
1RB0RC_1RC0RB_1LD0RB_1LA0LC	2	2	0	105
1RB0RC_1RC0RB_1LD1LA_---0LB	2	2	0	340
1RB0RC_1RC0RB_1LD1LA_1LC0RA	2	2	0	158
1RB0RC_1RC0RB_1LD1LA_1LD0RA	2	2	0	158
1RB0RC_1RC0RB_1LD1RB_1LC0RA	2	2	0	168
1RB0RC_1RC0RB_1LD1RB_1LD0RA	2	2	0	219
1RB0RC_1RC0RB_1RD1LD_1LD1LA	2	2	0	128
1RB0RC_1RC0RC_0LD1RC_1LA1LD	2	2	0	584
1RB0RC_1RC0RC_1LA1LD_0LC0LD	2	2	0	315
1RB0RC_1RC0RC_1LD0RB_1RA0LB	2	2	0	170
1RB0RC_1RC0RC_1LD1RC_1LA1LD	2	2	0	771
1RB0RC_1RC0RD_0LB0LB_1LD1LA	2	2	0	345
1RB0RC_1RC0RD_0LB0RC_1LD1RA	2	2	0	209
1RB0RC_1RC0RD_0LB0RD_1LD0LA	2	2	0	309
1RB0RC_1RC0RD_0LB1LA_1LD0LA	2	2	0	401
1RB0RC_1RC0RD_0LB1LB_1LD0LA	2	2	0	447
1RB0RC_1RC0RD_0LB1LD_1LD1LA	2	2	0	257
1RB0RC_1RC0RD_0LB1RC_1LD0LA	2	2	0	263
1RB0RC_1RC0RD_0LC0LD_1LA1LD	2	2	0	382
1RB0RC_1RC0RD_0LD0LD_1LA1LD	2	2	0	382
1RB0RC_1RC0RD_1LA1LD_1LD1LA	2	2	0	257
1RB0RC_1RC0RD_1LB0LD_1LA1LD	2	2	0	378
1RB0RC_1RC0RD_1LC0LD_1LA1LD	2	2	0	437
1RB0RC_1RC0RD_1LC0LD_1LA1RC	2	2	0	298
1RB0RC_1RC0RD_1LC1LA_0LC0RD	2	2	0	189
1RB0RC_1RC0RD_1LC1LA_0RC0RD	2	2	0	132
1RB0RC_1RC0RD_1LC1LA_1LC0RD	2	2	0	123
1RB0RC_1RC0RD_1LC1LD_1LD1LA	2	2	0	255
1RB0RC_1RC0RD_1LD0LA_1LA0LD	2	2	0	146
1RB0RC_1RC0RD_1LD0LB_1LA0LD	2	2	0	293
1RB0RC_1RC0RD_1LD0LC_1RA1LB	2	2	0	297
1RB0RC_1RC0RD_1LD0LD_1LA0LA	2	2	0	470
1RB0RC_1RC0RD_1LD0LD_1LA1LD	2	2	0	382
1RB0RC_1RC0RD_1LD0RA_1LC1LB	2	2	0	123
1RB0RC_1RC0RD_1LD0RA_1LD1LB	2	2	0	123
1RB0RC_1RC0RD_1RD1LD_1LA0LB	2	2	0	333
1RB0RC_1RC1LA_0LD0RB_1RB1LC	2	2	0	191
1RB0RC_1RC1LA_1LD0RB_---0LB	2	2	0	597
1RB0RC_1RC1LA_1LD0RB_1LB0LC	2	2	0	136
1RB0RC_1RC1LB_0LB1RD_0LA1RC	2	2	0	160
1RB0RC_1RC1LB_0RD0RA_1LD0RB	2	2	0	87
1RB0RC_1RC1LB_1LA1RD_0LB1RC	2	2	0	168
1RB0RC_1RC1LB_1LD0LA_1RA0LB	2	3	0	467
1RB0RC_1RC1LB_1LD0RA_1LC0LB	2	2	0	164
1RB0RC_1RC1LB_1LD0RA_1LD0LB	2	2	0	164
1RB0RC_1RC1LB_1LD1RA_0RD0LC	2	2	0	904
1RB0RC_1RC1LB_1LD1RA_1LD0LB	4	2	0	731
1RB0RC_1RC1LB_1RD0RA_1LD0LC	2	2	0	147
1RB0RC_1RC1LC_0LB0RD_0LA1LD	2	2	0	307
1RB0RC_1RC1LC_1LA1LD_1RA1LB	3	2	0	803
1RB0RC_1RC1LC_1LB1LD_1RA1LC	2	2	0	221
1RB0RC_1RC1LC_1LC1LD_1RA0LB	3	2	0	358
1RB0RC_1RC1LC_1LD0LC_1RA1RB	2	2	0	283
1RB0RC_1RC1LC_1LD0RC_0RB1RA	2	2	0	279
1RB0RC_1RC1LD_0LB1RB_---0LA	2	2	0	207
1RB0RC_1RC1LD_0LB1RC_1RA1LB	2	2	0	220
1RB0RC_1RC1LD_0LD1RC_1RA1LB	2	2	0	247
1RB0RC_1RC1LD_1LA1RD_1LB0RC	2	2	0	202
1RB0RC_1RC1LD_1LB0RA_1LD1LC	2	2	0	77
1RB0RC_1RC1RA_0LD1RC_1LA1LD	2	2	0	839
1RB0RC_1RC1RA_0RD0LA_1LD1LB	2	2	0	407
1RB0RC_1RC1RA_0RD0RC_1LD0LB	2	2	0	205
1RB0RC_1RC1RA_0RD0RC_1LD0RB	2	2	0	170
1RB0RC_1RC1RA_0RD0RC_1LD1RB	2	2	0	180
1RB0RC_1RC1RA_1LA0LD_0LD1LC	2	2	0	96
1RB0RC_1RC1RA_1LA0LD_1LD1LA	2	2	0	192
1RB0RC_1RC1RA_1LA1LD_0LC1LB	2	2	0	167
1RB0RC_1RC1RA_1LA1LD_0LD1LA	2	2	0	136
1RB0RC_1RC1RA_1LA1LD_1LD0LC	2	2	0	64
1RB0RC_1RC1RA_1LA1LD_1RD0LC	2	2	0	80
1RB0RC_1RC1RA_1LB1LD_0LD1LA	2	2	0	190
1RB0RC_1RC1RA_1LB1LD_0RA1LB	2	2	0	399
1RB0RC_1RC1RA_1LC0LD_1RC1LA	2	2	0	158
1RB0RC_1RC1RA_1LC1LD_0RA0LD	2	2	0	295
1RB0RC_1RC1RA_1LC1LD_0RA1LA	2	2	0	252
1RB0RC_1RC1RA_1LC1LD_0RA1RB	2	2	0	291
1RB0RC_1RC1RA_1LD1RC_1LA1LD	2	2	0	591
1RB0RC_1RC1RA_1RD1LD_0LD1LA	2	2	0	152
1RB0RC_1RC1RB_0LC1LD_1LD1LA	2	2	0	186
1RB0RC_1RC1RB_0RD0RA_1LD0LB	2	2	0	87
1RB0RC_1RC1RB_1LA1LD_1LD1LC	2	2	0	74
1RB0RC_1RC1RB_1LA1LD_1RD1LC	2	2	0	80
1RB0RC_1RC1RB_1LC1LD_1LC1LA	3	2	0	305
1RB0RC_1RC1RB_1RD1LD_1LD1LA	2	2	0	152
1RB0RC_1RC1RC_1LB1LD_1RA1LC	2	2	0	223
1RB0RC_1RC1RC_1LD0LC_1RA1LB	2	2	0	283
1RB0RC_1RC1RC_1LD0RA_1LC1LB	2	2	0	121
1RB0RC_1RC1RC_1LD0RA_1LD1LB	2	2	0	121
1RB0RC_1RC1RD_1LA1LD_1LC0RB	2	2	0	241
1RB0RC_1RC1RD_1LC1LA_0RC0RD	2	2	0	106
1RB0RC_1RC1RD_1LC1LA_1LC0RD	2	2	0	189
1RB0RC_1RC1RD_1LD0LC_1RB1LA	2	2	0	136
1RB0RD_0LB0LC_1LD1LB_1RA0LC	2	2	0	142
1RB0RD_0LB0LC_1LD1LB_1RA1LD	2	2	0	304
1RB0RD_0LB0LC_1LD1LB_1RA1RC	2	2	0	190
1RB0RD_0LB0LC_1LD1LC_1RA0LC	2	2	0	125
1RB0RD_0LB0LC_1RA1LD_1LC1RA	2	2	0	78
1RB0RD_0LB0RC_1LD1LA_1LA1LB	2	2	0	312
1RB0RD_0LB0RC_1LD1RA_1LA1LB	3	2	0	357
1RB0RD_0LB1LC_0LD0LA_1RA---	2	2	0	88
1RB0RD_0LB1LC_0LD0LC_1RD1LA	2	2	0	96
1RB0RD_0LB1LC_0RC1LD_1RA1LB	2	2	0	94
1RB0RD_0LB1LC_0RD1LB_1RA1LD	3	2	0	324
1RB0RD_0LB1LC_1LD0LA_1RA0LC	2	2	0	250
1RB0RD_0LB1LC_1LD0LB_1RA0LC	2	2	0	178
1RB0RD_0LB1LC_1LD0RB_1RA0LC	4	2	0	115
1RB0RD_0LB1LC_1LD1LB_1RA0LC	2	3	0	412
1RB0RD_0LB1LC_1LD1LB_1RA1RD	2	2	0	130
1RB0RD_0LB1LC_1LD1LC_1RA0LC	2	2	0	124
1RB0RD_0LB1LC_1LD1RC_1RA0LC	2	2	0	122
1RB0RD_0LB1LC_1RA0LA_1LD1RA	2	2	0	114
1RB0RD_0LB1LC_1RA0LD_1RA1LB	4	2	0	416
1RB0RD_0LB1LC_1RA1LB_0LC0RA	3	2	0	196
1RB0RD_0LB1LC_1RA1LB_0LC1LC	2	2	0	230
1RB0RD_0LB1LC_1RA1LB_0RC0RD	3	2	0	150
1RB0RD_0LB1LC_1RA1LB_0RC1LC	4	2	0	482
1RB0RD_0LB1LC_1RA1LB_0RC1RB	4	2	0	568
1RB0RD_0LB1LC_1RA1LB_0RC1RD	4	2	0	691
1RB0RD_0LB1LC_1RA1LB_1LA1LC	2	2	0	216
1RB0RD_0LB1LC_1RA1LB_1LD1LC	2	2	0	206
1RB0RD_0LB1LC_1RA1LB_1RA1LC	3	2	0	310
1RB0RD_0LB1LC_1RA1LB_1RA1LD	3	2	0	310
1RB0RD_0LB1LC_1RA1LB_1RA1RB	3	2	0	376
1RB0RD_0LB1LC_1RA1LB_1RC1RD	2	2	0	182
1RB0RD_0LB1LC_1RA1LD_1RA1LB	2	2	0	88
1RB0RD_0LB1LC_1RD0LB_0LA1RC	2	2	0	140
1RB0RD_0LB1LC_1RD0LC_1RD1LA	2	2	0	190
1RB0RD_0LB1LC_1RD1LD_0LB1RA	3	2	0	1517
1RB0RD_0LB1RC_0RD---_1LD0LA	2	2	0	359
1RB0RD_0LB1RC_0RD0RC_1LD1LA	2	2	0	109
1RB0RD_0LB1RC_1LB0RD_1LD0LA	2	2	0	463
1RB0RD_0LB1RC_1LC1LA_0LC0RD	2	2	0	181
1RB0RD_0LB1RC_1LC1LA_0RC0RD	2	2	0	117
1RB0RD_0LB1RC_1LC1LA_1LC0RD	2	2	0	151
1RB0RD_0LB1RC_1LC1RA_1LD0LA	2	2	0	463
1RB0RD_0LB1RC_1LD0LB_1RA0LC	2	2	0	129
1RB0RD_0LB1RC_1LD0LC_1RA0LC	2	2	0	258
1RB0RD_0LB1RC_1LD0RB_1RA0LC	2	2	0	135
1RB0RD_0LB1RC_1LD0RC_1LD1LA	2	2	0	199
1RB0RD_0LB1RC_1LD1LC_1RA0LC	2	2	0	434
1RB0RD_0LB1RC_1LD1RB_1RA0LC	2	2	0	118
1RB0RD_0LB1RC_1LD1RC_1RA0LC	2	2	0	114
1RB0RD_0LC---_0RD1RC_1LD0LA	2	2	0	359
1RB0RD_0LC---_1LD1LC_1RA0LC	2	2	0	124
1RB0RD_0LC---_1LD1RC_1RA0LC	2	2	0	114
1RB0RD_0LC0LA_0LB1LD_1RA1LC	4	2	0	318
1RB0RD_0LC0LA_1LA1LB_1RD0RA	4	2	0	586
1RB0RD_0LC0LA_1LB1LD_1RA0LC	4	2	0	272
1RB0RD_0LC0LA_1RA1LD_1LC1RB	2	2	0	140
1RB0RD_0LC0LA_1RC0RD_1LB1RB	2	2	0	340
1RB0RD_0LC0LA_1RD1LB_1RD0RA	4	2	0	542
1RB0RD_0LC0LB_1RC1LD_0LB1LA	2	2	0	101
1RB0RD_0LC0LB_1RC1LD_0LC1LA	2	2	0	96
1RB0RD_0LC0LB_1RC1LD_1LA0LA	2	2	0	90
1RB0RD_0LC0LB_1RC1LD_1LA0RC	2	2	0	102
1RB0RD_0LC0LB_1RC1LD_1LA1LA	2	2	0	90
1RB0RD_0LC0LB_1RC1LD_1LB1LA	2	2	0	119
1RB0RD_0LC0LB_1RC1LD_1LC1LA	2	2	0	115
1RB0RD_0LC0LB_1RC1LD_1RA1LA	2	2	0	99
1RB0RD_0LC0LB_1RC1LD_1RC1LA	2	2	0	92
1RB0RD_0LC0LB_1RC1RD_1LD1LA	2	2	0	147
1RB0RD_0LC0LB_1RD1LD_1RC1LA	2	2	0	92
1RB0RD_0LC0LD_0RA1LD_1LB1RC	2	2	0	122
1RB0RD_0LC0LD_0RD1LB_1RA1LB	2	2	0	138
1RB0RD_0LC0LD_1LD1LB_1RA1LB	2	2	0	120
1RB0RD_0LC0RA_0LB1LD_1LA1LC	4	2	0	342
1RB0RD_0LC0RA_0LB1LD_1RA1LC	4	2	0	303
1RB0RD_0LC0RA_0LC1LD_1LA1LB	4	2	0	342
1RB0RD_0LC0RA_0LC1LD_1LA1LC	4	2	0	342
1RB0RD_0LC0RA_0RA1LD_1LC1LA	2	2	0	166
1RB0RD_0LC0RA_0RA1LD_1LC1LB	2	2	0	214
1RB0RD_0LC0RA_1LB1LD_1LA0LC	4	2	0	388
1RB0RD_0LC0RA_1RA1LB_0LA---	2	2	0	157
1RB0RD_0LC0RA_1RA1LB_0RD1LA	2	2	0	173
1RB0RD_0LC0RA_1RA1LB_1LA---	2	2	0	241
1RB0RD_0LC0RA_1RA1LB_1LC1LB	2	2	0	167
1RB0RD_0LC0RA_1RA1LB_1LC1RB	2	2	0	177
1RB0RD_0LC0RA_1RA1LB_1RB---	2	2	0	165
1RB0RD_0LC0RA_1RA1LB_1RD0RA	2	2	0	165
1RB0RD_0LC0RA_1RA1LB_1RD1LA	2	2	0	181
1RB0RD_0LC0RA_1RA1LD_0RD1LB	3	2	0	376
1RB0RD_0LC0RB_0RD1LC_1LB1RA	2	2	0	351
1RB0RD_0LC0RB_1LC1LD_1RA0LB	2	3	0	332
1RB0RD_0LC0RB_1LC1LD_1RA0LD	2	2	0	200
1RB0RD_0LC0RB_1LC1LD_1RA0RB	2	2	0	183
1RB0RD_0LC0RB_1LC1LD_1RA1LA	2	2	0	210
1RB0RD_0LC0RB_1LC1LD_1RD1LA	2	2	0	231
1RB0RD_0LC0RB_1LC1RD_1LA1LD	2	2	0	95
1RB0RD_0LC0RC_0RD1LA_1LB0RA	2	2	0	235
1RB0RD_0LC0RC_0RD1LA_1LB0RB	2	2	0	565
1RB0RD_0LC0RC_1LA0RD_1LB0LC	2	2	0	294
1RB0RD_0LC0RC_1LA1LC_---0LC	2	2	0	380
1RB0RD_0LC0RC_1LA1LC_0RB0LD	2	2	0	500
1RB0RD_0LC0RC_1LA1LC_1LA0LD	2	2	0	380
1RB0RD_0LC0RC_1LA1LD_1LA0LC	2	2	0	380
1RB0RD_0LC0RC_1LA1LD_1LA0LD	2	2	0	380
1RB0RD_0LC0RC_1LA1LD_1RA0LC	2	2	0	296
1RB0RD_0LC0RC_1LA1RD_0RB1LB	4	2	0	862
1RB0RD_0LC0RC_1LA1RD_1LD0LC	2	2	0	294
1RB0RD_0LC0RC_1LC1LA_---1LC	2	2	0	244
1RB0RD_0LC0RC_1LC1LA_0LC0RD	2	2	0	611
1RB0RD_0LC0RC_1LC1LA_0RC0LD	2	2	0	282
1RB0RD_0LC0RC_1LC1LA_1LB0LD	2	2	0	358
1RB0RD_0LC0RC_1LC1LA_1LC1LD	2	2	0	244
1RB0RD_0LC0RC_1LD1LA_1LC1LD	2	2	0	244
1RB0RD_0LC0RC_1RC1LD_1LA0LD	2	2	0	346
1RB0RD_0LC0RC_1RD1LC_0LA1RB	2	2	0	192
1RB0RD_0LC0RD_---1LD_1RA0LB	3	2	0	219
1RB0RD_0LC0RD_0LB1LA_1RA1LC	3	2	0	281
1RB0RD_0LC0RD_0LC1LA_1RA1LB	3	2	0	281
1RB0RD_0LC0RD_0LC1LA_1RA1LC	3	2	0	281
1RB0RD_0LC0RD_0LC1LD_1RA0LC	3	2	0	219
1RB0RD_0LC0RD_1LA0RC_1LD0LA	2	2	0	463
1RB0RD_0LC0RD_1LA1LC_0LC1RD	2	2	0	658
1RB0RD_0LC0RD_1LA1LC_1LC1RD	2	2	0	787
1RB0RD_0LC0RD_1LC1LA_0RB0RA	2	2	0	147
1RB0RD_0LC0RD_1LC1LA_1LC0RA	2	2	0	131
1RB0RD_0LC0RD_1LC1LA_1RA0RB	2	2	0	165
1RB0RD_0LC0RD_1LC1LA_1RA1LB	4	2	0	368
1RB0RD_0LC0RD_1RA1LD_1LC1RB	2	2	0	88
1RB0RD_0LC1LA_0RD1RC_1LB0RB	2	2	0	555
1RB0RD_0LC1LA_1LC1LD_1RA0RB	2	2	0	423
1RB0RD_0LC1LA_1LC1LD_1RD0RB	2	2	0	467
1RB0RD_0LC1LA_1RC1LB_0LB0LD	2	2	0	112
1RB0RD_0LC1LB_---1LD_1RA1RB	3	2	0	444
1RB0RD_0LC1LB_1LD1LB_1RA0LC	2	2	0	186
1RB0RD_0LC1LC_0LD1LB_1RD1RA	2	2	0	276
1RB0RD_0LC1LC_1LB1RD_1RC1RA	2	2	0	98
1RB0RD_0LC1LC_1LD0LB_1RA0LC	2	2	0	115
1RB0RD_0LC1LC_1LD1LB_1RA0LC	2	2	0	110
1RB0RD_0LC1LC_1RA1LB_---1RC	4	2	0	358
1RB0RD_0LC1LC_1RD1LB_0RB0RA	3	2	0	1116
1RB0RD_0LC1LC_1RD1LB_1RD0RA	3	2	0	938
1RB0RD_0LC1LD_0RD1LB_1RA1RB	2	2	0	112
1RB0RD_0LC1LD_1LB1LA_1RA0RB	4	2	0	488
1RB0RD_0LC1LD_1LD1LB_1RA1RB	2	2	0	113
1RB0RD_0LC1LD_1RC1LA_0LB0LD	2	2	0	184
1RB0RD_0LC1LD_1RC1LB_0LC1RA	3	2	0	352
1RB0RD_0LC1LD_1RC1LB_0RC1RA	3	2	0	426
1RB0RD_0LC1LD_1RC1LB_1LC1RA	2	2	0	339
1RB0RD_0LC1RA_---1LA_---1LB	2	2	0	166
1RB0RD_0LC1RA_---1LA_0LC1LD	2	2	0	166
1RB0RD_0LC1RA_---1LA_1LB0LD	2	2	0	258
1RB0RD_0LC1RA_---1LD_1LA0LC	2	2	0	80
1RB0RD_0LC1RA_---1LD_1LA1LB	2	2	0	116
1RB0RD_0LC1RA_---1LD_1RB1LB	2	2	0	212
1RB0RD_0LC1RA_0LB1LA_1LC0LD	2	2	0	272
1RB0RD_0LC1RA_0LB1LD_1LA1LC	2	2	0	108
1RB0RD_0LC1RA_0LB1LD_1RB1LC	2	2	0	220
1RB0RD_0LC1RA_0LC1LA_---1LC	2	2	0	166
1RB0RD_0LC1RA_0LC1LD_1RA0LC	2	3	0	206
1RB0RD_0LC1RA_0LD1LA_1LB0RB	2	2	0	304
1RB0RD_0LC1RA_0LD1LA_1LB0RC	2	2	0	212
1RB0RD_0LC1RA_0LD1LC_0RD1LA	2	2	0	189
1RB0RD_0LC1RA_0RA1LB_1LD1LC	2	2	0	275
1RB0RD_0LC1RA_0RA1LD_0RD1LB	2	2	0	231
1RB0RD_0LC1RA_0RA1LD_1LC1LB	2	2	0	239
1RB0RD_0LC1RA_0RD1LA_1LB0LC	2	2	0	212
1RB0RD_0LC1RA_0RD1LC_---1LA	2	2	0	186
1RB0RD_0LC1RA_0RD1RD_1LB0RD	2	2	0	317
1RB0RD_0LC1RA_1LA1LC_0LC1RD	2	2	0	949
1RB0RD_0LC1RA_1LA1LC_1LC1RD	2	2	0	607
1RB0RD_0LC1RA_1LA1LD_0RD1LB	2	2	0	190
1RB0RD_0LC1RA_1LB1LA_---0RB	2	2	0	212
1RB0RD_0LC1RA_1LB1LA_0LC0RD	2	2	0	212
1RB0RD_0LC1RA_1LB1LA_0RB0LC	2	2	0	304
1RB0RD_0LC1RA_1LB1LA_0RB0LD	2	2	0	350
1RB0RD_0LC1RA_1LB1LA_0RC0LD	2	2	0	212
1RB0RD_0LC1RA_1LB1LA_1LB0LC	2	2	0	258
1RB0RD_0LC1RA_1LB1RC_1LD0LA	2	2	0	463
1RB0RD_0LC1RA_1LC0LD_1LA0RC	2	2	0	144
1RB0RD_0LC1RA_1LC1LA_1LA0LC	2	2	0	226
1RB0RD_0LC1RA_1LC1LA_1RB0LC	2	2	0	720
1RB0RD_0LC1RA_1LD1LA_0LC0RB	2	2	0	212
1RB0RD_0LC1RA_1LD1LA_0LC0RD	2	2	0	212
1RB0RD_0LC1RA_1LD1LC_1RB1RD	2	2	0	138
1RB0RD_0LC1RA_1RA1LD_0RD1LB	2	2	0	193
1RB0RD_0LC1RA_1RB1LC_---1LA	2	2	0	174
1RB0RD_0LC1RA_1RB1LC_---1LC	2	2	0	174
1RB0RD_0LC1RA_1RB1LD_0RD1LC	2	2	0	186
1RB0RD_0LC1RA_1RD1LA_1LD0LC	2	2	0	212
1RB0RD_0LC1RA_1RD1LC_---1LA	2	2	0	198
1RB0RD_0LC1RB_1LD1LC_1RA1RB	2	2	0	182
1RB0RD_0LC1RB_1RA1LD_1RB1LC	2	2	0	224
1RB0RD_0LC1RB_1RB1LD_1RA1LC	2	2	0	172
1RB0RD_0LC1RC_1LA1LB_1RB1RA	4	2	0	498
1RB0RD_0LC1RC_1LB1LA_---0RB	2	2	0	261
1RB0RD_0LC1RC_1LD1LA_1LC0RD	2	2	0	149
1RB0RD_0LC1RC_1RA1LD_0RD0LC	4	2	0	456
1RB0RD_0LC1RC_1RA1LD_1RB1LC	2	2	0	194
1RB0RD_0LC1RD_---1LA_1RB1LB	2	2	0	166
1RB0RD_0LC1RD_0LC1LA_1RB1LC	2	2	0	166
1RB0RD_0LC1RD_1LA1LB_0RB1LB	2	2	0	169
1RB0RD_0LC1RD_1LA1LB_0RB1RB	2	2	0	215
1RB0RD_0LC1RD_1LB1LA_0RB0LA	2	2	0	299
1RB0RD_0LC1RD_1LB1LA_1LA0RB	2	2	0	199
1RB0RD_0LC1RD_1LB1LA_1RB0RB	2	2	0	212
1RB0RD_0LC1RD_1LC1LA_0RB0LA	2	2	0	358
1RB0RD_0LC1RD_1LD1LC_1RA1RB	2	2	0	182
1RB0RD_0LC1RD_1RA1LB_1LC0LD	2	2	0	273
1RB0RD_0LC1RD_1RB1LC_0LA1RB	2	2	0	192
1RB0RD_0LC1RD_1RD1LC_0LA1RB	2	2	0	188
1RB0RD_0LC1RD_1RD1LC_1LA1RB	2	2	0	148
1RB0RD_0RC---_0LD1RA_1LD0LA	3	2	0	402
1RB0RD_0RC---_0RD1RA_1LD0LA	3	2	0	360
1RB0RD_0RC---_1LC0LA_0LB---	2	2	0	299
1RB0RD_0RC---_1LC0LA_0LD1RB	2	2	0	339
1RB0RD_0RC---_1LC0LA_0RA0LB	2	2	0	387
1RB0RD_0RC---_1LC0LA_0RA1LC	2	2	0	343
1RB0RD_0RC---_1LC0LA_0RD0LB	2	2	0	343
1RB0RD_0RC---_1LC0LA_0RD1LC	2	2	0	299
1RB0RD_0RC---_1LC0LA_1LC---	2	2	0	255
1RB0RD_0RC---_1LC0LA_1LD0LA	2	2	0	255
1RB0RD_0RC---_1LC1RA_0LB0RD	2	2	0	189
1RB0RD_0RC---_1LC1RA_0RB0RD	2	2	0	128
1RB0RD_0RC---_1LD0LA_1LC0LA	2	2	0	255
1RB0RD_0RC---_1LD0LA_1LD0LA	2	2	0	255
1RB0RD_0RC---_1LD1RC_1LD0LA	2	3	0	290
1RB0RD_0RC0LA_0RD0LA_1LD1LB	3	2	0	508
1RB0RD_0RC0LA_1LA0LA_1LD0LA	2	2	0	279
1RB0RD_0RC0LA_1LA0RC_1LD0LA	2	2	0	151
1RB0RD_0RC0LA_1LA0RC_1LD0RB	2	2	0	229
1RB0RD_0RC0LA_1LA0RC_1LD1RC	2	2	0	211
1RB0RD_0RC0LA_1LC1LA_0LA0LB	2	2	0	503
1RB0RD_0RC0LA_1LC1LA_0LA1LC	2	2	0	459
1RB0RD_0RC0LA_1LC1RD_0LB1LB	2	2	0	445
1RB0RD_0RC0LA_1LD1RA_0LC0LA	3	2	0	509
1RB0RD_0RC0LB_1LC0LA_0RA0RB	2	2	0	304
1RB0RD_0RC0LB_1LC0LA_0RB---	2	2	0	343
1RB0RD_0RC0LB_1LC0LA_0RD0RB	2	2	0	387
1RB0RD_0RC0LB_1LC0LA_1RD1LB	2	2	0	343
1RB0RD_0RC0LB_1LC1RD_1LB0RA	2	2	0	114
1RB0RD_0RC0LC_1LD1RC_0LA1LB	2	2	0	230
1RB0RD_0RC0LC_1LD1RC_1LA1LB	2	2	0	197
1RB0RD_0RC0LC_1RD0RC_1LB0RA	2	2	0	234
1RB0RD_0RC0LD_1LB1RC_1RC0LA	2	3	0	484
1RB0RD_0RC0LD_1LC0LA_1LA0RC	2	2	0	343
1RB0RD_0RC0LD_1LC0LA_1RB0RC	2	2	0	343
1RB0RD_0RC0LD_1LC1RA_0RD0RB	2	2	0	128
1RB0RD_0RC0RA_0LC1LD_1LA1LC	4	2	0	366
1RB0RD_0RC0RA_1LC0LA_0RB1LB	4	2	0	212
1RB0RD_0RC0RA_1LC1LA_---0RB	3	2	0	251
1RB0RD_0RC0RA_1LC1LA_0LB0RD	2	2	0	137
1RB0RD_0RC0RA_1LC1LA_0LC0RD	2	2	0	181
1RB0RD_0RC0RA_1LC1LA_0RB0RD	2	2	0	116
1RB0RD_0RC0RA_1LC1LA_0RC0RD	2	2	0	125
1RB0RD_0RC0RA_1LC1LA_1LC0RD	2	2	0	127
1RB0RD_0RC0RA_1LC1LD_1RB0RB	3	2	0	251
1RB0RD_0RC0RA_1LC1RA_0LB0RB	3	2	0	285
1RB0RD_0RC0RA_1LC1RA_0RB0RB	3	2	0	158
1RB0RD_0RC0RA_1LC1RA_1LC0RB	3	2	0	275
1RB0RD_0RC0RA_1LC1RB_0LB0RB	3	2	0	275
1RB0RD_0RC0RA_1LC1RB_0LB0RD	2	2	0	189
1RB0RD_0RC0RA_1LC1RB_0RB0RB	3	2	0	139
1RB0RD_0RC0RA_1LC1RB_0RB0RD	2	2	0	128
1RB0RD_0RC0RA_1LC1RB_0RC0RA	2	2	0	96
1RB0RD_0RC0RA_1LC1RB_0RC0RD	2	2	0	96
1RB0RD_0RC0RA_1LC1RB_1LC0RB	3	2	0	265
1RB0RD_0RC0RA_1LC1RB_1LC0RD	2	2	0	171
1RB0RD_0RC0RB_0RD1RA_1LD1LB	2	2	0	94
1RB0RD_0RC0RB_1LC0LA_0LD1LA	3	2	0	762
1RB0RD_0RC0RB_1LC0LA_1RA1LA	2	2	0	205
1RB0RD_0RC0RB_1LC0LA_1RD1RB	2	2	0	191
1RB0RD_0RC0RB_1LC0LD_1LA0RA	2	2	0	269
1RB0RD_0RC0RB_1LC0LD_1RD1LA	2	2	0	239
1RB0RD_0RC0RB_1LC0RA_---1LA	2	2	0	202
1RB0RD_0RC0RB_1LC0RA_1LA1LD	2	2	0	116
1RB0RD_0RC0RB_1LC0RA_1RB1LD	2	2	0	202
1RB0RD_0RC0RB_1LC1LD_0RA0LD	2	2	0	213
1RB0RD_0RC0RB_1LC1LD_0RA1LA	2	2	0	109
1RB0RD_0RC0RB_1LC1LD_0RA1RB	2	2	0	197
1RB0RD_0RC0RB_1LC1LD_1RA0LD	2	3	0	642
1RB0RD_0RC0RB_1LC1LD_1RA0RB	2	2	0	125
1RB0RD_0RC0RB_1LC1LD_1RA1LA	2	2	0	139
1RB0RD_0RC0RB_1LC1LD_1RA1RB	2	3	0	285
1RB0RD_0RC0RB_1LC1LD_1RD1LA	2	2	0	141
1RB0RD_0RC0RB_1LC1RA_---0RB	2	2	0	96
1RB0RD_0RC0RB_1LC1RA_---1LA	2	2	0	223
1RB0RD_0RC0RB_1LC1RA_0LC1LD	2	2	0	247
1RB0RD_0RC0RB_1LC1RA_0RB0LC	2	2	0	116
1RB0RD_0RC0RB_1LC1RA_0RB1LD	2	2	0	106
1RB0RD_0RC0RB_1LC1RA_1LA0LC	2	2	0	271
1RB0RD_0RC0RB_1LC1RA_1LA1LD	2	2	0	155
1RB0RD_0RC0RB_1LC1RA_1RB1LD	2	2	0	223
1RB0RD_0RC0RB_1LC1RD_---1LA	2	2	0	116
1RB0RD_0RC0RB_1LC1RD_1LA0LA	2	2	0	116
1RB0RD_0RC0RB_1LC1RD_1LB0RA	2	2	0	86
1RB0RD_0RC0RB_1LC1RD_1RB0LA	2	2	0	202
1RB0RD_0RC0RB_1LD0RA_1LC1LA	2	2	0	148
1RB0RD_0RC0RB_1LD1RA_1LC0RB	2	2	0	96
1RB0RD_0RC0RB_1LD1RA_1LC1LA	2	2	0	154
1RB0RD_0RC0RB_1LD1RD_1LC1LA	2	2	0	116
1RB0RD_0RC0RC_1LC0LA_1RD0LB	2	2	0	343
1RB0RD_0RC0RC_1LC1LA_---0LB	2	2	0	299
1RB0RD_0RC0RC_1LC1LA_---1LC	2	2	0	255
1RB0RD_0RC0RC_1LC1LA_0LC0RD	2	2	0	615
1RB0RD_0RC0RC_1LC1LA_0RC0LD	2	2	0	299
1RB0RD_0RC0RC_1LC1LA_1LC1LD	2	2	0	255
1RB0RD_0RC0RC_1LD1LA_1LC0LB	2	2	0	299
1RB0RD_0RC0RC_1LD1LA_1LC1LD	2	2	0	255
1RB0RD_0RC0RC_1LD1LA_1LD0LA	2	2	0	255
1RB0RD_0RC0RD_0LC1LA_1RA1LC	3	2	0	305
1RB0RD_0RC0RD_0LC1LD_1RA0LB	3	2	0	305
1RB0RD_0RC0RD_0LC1LD_1RA0LC	3	2	0	239
1RB0RD_0RC0RD_0LD0LC_1LA1LC	2	2	0	373
1RB0RD_0RC0RD_0RD1RB_1LD0LA	3	2	0	360
1RB0RD_0RC0RD_1LA0LA_1LD1LC	3	2	0	510
1RB0RD_0RC0RD_1LA1LC_0LC1RD	2	2	0	660
1RB0RD_0RC0RD_1LA1LC_1LC1RD	2	2	0	813
1RB0RD_0RC0RD_1LC0LA_0RB0LB	2	2	0	387
1RB0RD_0RC0RD_1LC0LA_0RB1LC	2	2	0	343
1RB0RD_0RC0RD_1LC1LA_0LB0RA	2	2	0	137
1RB0RD_0RC0RD_1LC1LA_0RB0RA	2	2	0	116
1RB0RD_0RC0RD_1LC1LA_1LC0RA	2	2	0	127
1RB0RD_0RC0RD_1LC1LA_1RA0RB	2	2	0	122
1RB0RD_0RC0RD_1LC1RA_---0RB	2	2	0	96
1RB0RD_0RC0RD_1LC1RA_0RB1LD	2	2	0	234
1RB0RD_0RC0RD_1LD1LA_1LD0LA	2	2	0	255
1RB0RD_0RC0RD_1LD1RA_1LC0RB	2	2	0	96
1RB0RD_0RC0RD_1RD1LA_1LD0LA	2	2	0	245
1RB0RD_0RC1LA_1LC0LA_0RB0LB	2	2	0	431
1RB0RD_0RC1LA_1LC0LA_0RB1LC	2	2	0	387
1RB0RD_0RC1LA_1LC0LA_1LA0LB	2	2	0	387
1RB0RD_0RC1LA_1LC0LA_1LA1LC	2	2	0	343
1RB0RD_0RC1LA_1LC0LA_1RB0LB	2	2	0	387
1RB0RD_0RC1LA_1LC0LA_1RB1LC	2	2	0	343
1RB0RD_0RC1LA_1LC0LD_1RA0RB	2	2	0	309
1RB0RD_0RC1LA_1LC0LD_1RB1LB	2	2	0	416
1RB0RD_0RC1LA_1LC0LD_1RD0RB	2	2	0	463
1RB0RD_0RC1LA_1LC1LD_1RA0RB	2	2	0	301
1RB0RD_0RC1LA_1LC1LD_1RD0RB	2	2	0	317
1RB0RD_0RC1LA_1LC1RA_---0RB	2	2	0	224
1RB0RD_0RC1LA_1LC1RD_---0RB	2	2	0	244
1RB0RD_0RC1LA_1LD0RC_0LB1RB	2	2	0	317
1RB0RD_0RC1LA_1LD0RC_0LB1RC	2	2	0	331
1RB0RD_0RC1LA_1LD1LA_1LD0LA	2	2	0	439
1RB0RD_0RC1LA_1LD1RA_1LC0RB	2	2	0	224
1RB0RD_0RC1LA_1LD1RD_1LC0RB	2	2	0	244
1RB0RD_0RC1LB_1LA1RD_0LA1RC	2	2	0	106
1RB0RD_0RC1LB_1LC0LA_0RA0RB	2	2	0	285
1RB0RD_0RC1LB_1LC0LA_1LD1LA	2	2	0	242
1RB0RD_0RC1LB_1LC0LA_1LD1LB	2	2	0	229
1RB0RD_0RC1LB_1LC0LA_1LD1RB	2	2	0	239
1RB0RD_0RC1LB_1LD0LA_1LC1LA	2	2	0	242
1RB0RD_0RC1LB_1LD0LA_1LC1LB	2	2	0	229
1RB0RD_0RC1LB_1LD0LA_1LC1RB	2	2	0	239
1RB0RD_0RC1LB_1LD1RA_0LB0RD	2	2	0	363
1RB0RD_0RC1LB_1LD1RC_0LB0LA	2	3	0	1206
1RB0RD_0RC1LC_0RD0LA_1LD1LA	3	2	0	640
1RB0RD_0RC1LC_1LC0LA_0RA0RB	2	2	0	284
1RB0RD_0RC1LC_1LC0LA_0RB---	2	2	0	299
1RB0RD_0RC1LC_1LC0LA_0RD0RB	2	2	0	343
1RB0RD_0RC1LC_1LC0LA_1LD1LA	3	2	0	626
1RB0RD_0RC1LC_1LC0LA_1LD1LB	2	2	0	263
1RB0RD_0RC1LC_1LC0LA_1LD1RB	2	2	0	297
1RB0RD_0RC1LC_1LC0LA_1RD1LB	2	2	0	299
1RB0RD_0RC1LC_1LC1RD_1LB0RA	2	2	0	106
1RB0RD_0RC1LC_1LD0LA_0RB0LA	2	2	0	355
1RB0RD_0RC1LC_1LD0LA_0RB1LA	3	2	0	802
1RB0RD_0RC1LC_1LD0LA_0RB1LB	2	2	0	309
1RB0RD_0RC1LC_1LD0LA_0RB1RB	2	2	0	409
1RB0RD_0RC1LC_1LD0LA_1LC1LA	3	2	0	626
1RB0RD_0RC1LC_1LD0LA_1LC1LB	2	2	0	263
1RB0RD_0RC1LC_1LD0LA_1LC1RB	2	2	0	297
1RB0RD_0RC1LC_1LD0LA_1LD1LA	3	2	0	656
1RB0RD_0RC1LC_1LD0LA_1LD1LB	2	2	0	253
1RB0RD_0RC1LC_1LD0LA_1LD1RB	2	2	0	309
1RB0RD_0RC1LC_1LD0LA_1RD1LB	2	2	0	309
1RB0RD_0RC1LC_1LD1RC_0RB0LA	2	3	0	468
1RB0RD_0RC1LC_1RD0LA_0LB1LB	2	2	0	396
1RB0RD_0RC1LD_1LB1RC_0LA1LB	2	2	0	169
1RB0RD_0RC1LD_1LB1RC_1LA1LB	2	2	0	141
1RB0RD_0RC1LD_1LB1RC_1LD0LA	2	3	0	298
1RB0RD_0RC1LD_1LC0LA_1LA1LC	2	2	0	299
1RB0RD_0RC1LD_1LC0LA_1LD1LB	2	2	0	229
1RB0RD_0RC1LD_1LC0LA_1RB0LB	2	2	0	343
1RB0RD_0RC1LD_1LC0LA_1RB1LC	2	2	0	299
1RB0RD_0RC1LD_1LC0LA_1RD1LB	2	2	0	249
1RB0RD_0RC1LD_1LC1RA_0RA0RB	2	2	0	128
1RB0RD_0RC1LD_1LC1RA_0RD0RB	2	2	0	160
1RB0RD_0RC1LD_1LD0LA_1LC1LB	2	2	0	229
1RB0RD_0RC1LD_1LD1RC_0LA1LB	2	2	0	173
1RB0RD_0RC1LD_1LD1RC_1LA1LB	2	2	0	131
1RB0RD_0RC1RA_0LC1LA_---1LC	2	2	0	186
1RB0RD_0RC1RA_0LC1LA_0LC1LD	2	2	0	186
1RB0RD_0RC1RA_0LC1LD_1LA0LC	2	2	0	90
1RB0RD_0RC1RA_0LC1LD_1RA0LC	2	3	0	217
1RB0RD_0RC1RA_0LD1LA_0LC1LD	2	2	0	186
1RB0RD_0RC1RA_0LD1LA_1LC0LB	2	2	0	346
1RB0RD_0RC1RA_0LD1LD_1LB0RD	2	2	0	319
1RB0RD_0RC1RA_0RD1LD_1LB0LB	2	2	0	445
1RB0RD_0RC1RA_0RD1LD_1LB0RD	2	2	0	309
1RB0RD_0RC1RA_1LB1LC_0LB0RD	2	2	0	333
1RB0RD_0RC1RA_1LB1LC_0RB0RD	2	2	0	226
1RB0RD_0RC1RA_1LB1LC_0RC0RD	2	2	0	170
1RB0RD_0RC1RA_1LB1LC_1LB0RD	2	2	0	315
1RB0RD_0RC1RA_1LB1LC_1LC0RD	2	2	0	297
1RB0RD_0RC1RA_1LB1LC_1LC1RD	2	2	0	173
1RB0RD_0RC1RA_1LB1LD_1LB0RD	2	2	0	315
1RB0RD_0RC1RA_1LC0LD_1LA0LB	2	2	0	122
1RB0RD_0RC1RA_1LC0LD_1LA0RC	2	2	0	108
1RB0RD_0RC1RA_1LC0LD_1LA1LC	2	2	0	60
1RB0RD_0RC1RA_1LC0RB_0RB0RA	2	2	0	137
1RB0RD_0RC1RA_1LC0RB_0RB0RD	2	2	0	137
1RB0RD_0RC1RA_1LC0RB_0RC0RD	2	2	0	184
1RB0RD_0RC1RA_1LC0RB_1LB0RA	2	2	0	149
1RB0RD_0RC1RA_1LC0RB_1LB0RD	2	2	0	149
1RB0RD_0RC1RA_1LC1LD_0RB0RD	2	2	0	139
1RB0RD_0RC1RA_1LC1RB_0RB0RA	2	2	0	142
1RB0RD_0RC1RA_1LC1RB_0RB0RD	2	2	0	142
1RB0RD_0RC1RA_1LC1RB_0RC0RD	2	2	0	199
1RB0RD_0RC1RA_1LD0LB_1LB0RD	2	2	0	455
1RB0RD_0RC1RA_1LD0RB_1LD0LA	4	2	0	594
1RB0RD_0RC1RA_1LD1LA_0LC0LB	2	2	0	158
1RB0RD_0RC1RA_1LD1LA_0LC0RD	2	2	0	158
1RB0RD_0RC1RA_1LD1LA_0LC1LD	2	2	0	128
1RB0RD_0RC1RA_1LD1LA_1LD0LA	2	2	0	251
1RB0RD_0RC1RA_1LD1LD_1LB0RD	2	2	0	313
1RB0RD_0RC1RA_1RD1LA_1LD0LC	2	2	0	212
1RB0RD_0RC1RA_1RD1LD_1LB0RD	2	2	0	364
1RB0RD_0RC1RB_0LC1LD_1RA0LB	3	2	0	595
1RB0RD_0RC1RB_0LD0RB_1LD0LA	2	2	0	242
1RB0RD_0RC1RB_0LD1LA_1LC0LB	2	2	0	243
1RB0RD_0RC1RB_0LD1LA_1LC0LD	2	2	0	199
1RB0RD_0RC1RB_0LD1LA_1LC1LD	2	2	0	186
1RB0RD_0RC1RB_0LD1LA_1LD0LA	2	2	0	198
1RB0RD_0RC1RB_0RD0RB_1LD0LA	2	2	0	187
1RB0RD_0RC1RB_0RD1LA_1LC0LD	2	2	0	224
1RB0RD_0RC1RB_0RD1LA_1LC1LD	2	2	0	160
1RB0RD_0RC1RB_0RD1LA_1LD0LA	2	2	0	152
1RB0RD_0RC1RB_0RD1RB_1LD0LA	2	2	0	571
1RB0RD_0RC1RB_1LC0LA_0RA0RB	2	2	0	169
1RB0RD_0RC1RB_1LD1LA_0LC1LC	3	2	0	382
1RB0RD_0RC1RB_1LD1LA_1LC1LC	3	2	0	305
1RB0RD_0RC1RB_1RD1LA_1LD0LC	2	2	0	248
1RB0RD_0RC1RC_0LD0RB_1LD0LA	2	2	0	245
1RB0RD_0RC1RC_0LD1LA_1LD0LA	2	2	0	362
1RB0RD_0RC1RC_0RD0RC_1LD1LA	2	2	0	94
1RB0RD_0RC1RC_0RD1LA_1LD0LA	2	2	0	254
1RB0RD_0RC1RC_0RD1RB_1LD0LA	2	2	0	571
1RB0RD_0RC1RC_1LC0LA_1LD1LB	2	2	0	297
1RB0RD_0RC1RC_1LC1LA_0LB0RA	2	2	0	147
1RB0RD_0RC1RC_1LC1LA_0LB0RD	2	2	0	147
1RB0RD_0RC1RC_1LC1LA_0LC0RD	2	2	0	197
1RB0RD_0RC1RC_1LC1LA_0RB0RA	2	2	0	124
1RB0RD_0RC1RC_1LC1LA_0RB0RD	2	2	0	124
1RB0RD_0RC1RC_1LC1LA_0RC0RD	2	2	0	133
1RB0RD_0RC1RC_1LC1LA_1LC0RA	2	2	0	137
1RB0RD_0RC1RC_1LC1LA_1LC0RD	2	2	0	137
1RB0RD_0RC1RC_1LD0LA_0LB0LA	2	2	0	353
1RB0RD_0RC1RC_1LD0LA_0LB1LB	2	2	0	407
1RB0RD_0RC1RC_1LD0LA_1LC1LB	2	2	0	297
1RB0RD_0RC1RC_1LD0LA_1LD1LB	2	2	0	309
1RB0RD_0RC1RC_1LD0RC_0LB1LA	2	2	0	333
1RB0RD_0RC1RC_1LD0RC_1LD1LA	2	2	0	191
1RB0RD_0RC1RC_1LD1LA_0LB0LA	2	2	0	399
1RB0RD_0RC1RC_1LD1LA_1LD0LA	2	2	0	301
1RB0RD_0RC1RC_1LD1RB_0LB0LA	2	3	0	468
1RB0RD_0RC1RC_1LD1RB_1LD0LA	2	3	0	290
1RB0RD_0RC1RC_1LD1RC_0LB0LA	2	3	0	468
1RB0RD_0RC1RD_0LC1LA_1RB1LC	2	2	0	186
1RB0RD_0RC1RD_0LC1LD_1RA0LB	4	2	0	120
1RB0RD_0RC1RD_0LC1LD_1RA0LC	4	2	0	130
1RB0RD_0RC1RD_1LA0RC_1LD0LA	2	2	0	137
1RB0RD_0RC1RD_1LA1RA_1LD0LA	3	2	0	386
1RB0RD_0RC1RD_1LA1RC_1LD0LA	2	2	0	687
1RB0RD_0RC1RD_1LB1LC_0RC0RA	2	2	0	170
1RB0RD_0RC1RD_1LB1RC_1LD0LA	2	3	0	330
1RB0RD_0RC1RD_1LC0LA_0RB0LD	2	2	0	431
1RB0RD_0RC1RD_1LC1LA_1RB0LB	2	2	0	220
1RB0RD_0RC1RD_1LC1RB_0RB0LA	2	2	0	138
1RB0RD_0RC1RD_1LC1RB_1LD0LA	2	2	0	457
1RB0RD_0RC1RD_1LD1RB_1LD0LA	2	2	0	451
1RB0RD_1LB0LC_0LD0RB_1RD1RA	4	2	0	494
1RB0RD_1LB0LC_0LD1RB_1RD1RA	2	2	0	200
1RB0RD_1LB0LC_0RD0RB_1RA0RD	2	2	0	141
1RB0RD_1LB0LC_0RD0RB_1RA1RD	2	2	0	216
1RB0RD_1LB0LC_0RD1LB_1RA0RA	2	3	0	293
1RB0RD_1LB0LC_0RD1LB_1RA1RD	3	2	0	131
1RB0RD_1LB0LC_1LA0LD_1RD1RA	2	2	0	84
1RB0RD_1LB0LC_1LA1RD_0RA0RB	4	2	0	540
1RB0RD_1LB0LC_1LD0LB_1RA0LC	2	2	0	136
1RB0RD_1LB0LC_1LD0LC_1RA0LC	2	2	0	136
1RB0RD_1LB0LC_1LD0RB_1RA0LC	2	2	0	160
1RB0RD_1LB0LC_1LD0RB_1RA0RD	2	2	0	277
1RB0RD_1LB0LC_1LD0RB_1RA1RD	2	2	0	725
1RB0RD_1LB0LC_1LD0RC_1RA0LB	4	2	0	284
1RB0RD_1LB0LC_1LD1LB_1RA0LC	2	2	0	235
1RB0RD_1LB0LC_1LD1LB_1RA0RA	2	3	0	313
1RB0RD_1LB0LC_1LD1LB_1RA1RC	2	2	0	238
1RB0RD_1LB0LC_1LD1LC_1RA0LC	2	2	0	388
1RB0RD_1LB0LC_1LD1RB_1RA0LC	2	2	0	108
1RB0RD_1LB0LC_1LD1RC_1RA0LC	2	2	0	108
1RB0RD_1LB0LC_1RA0LD_1LC1RA	4	2	0	603
1RB0RD_1LB0LC_1RA0RC_0RB0RD	2	3	0	292
1RB0RD_1LB0LC_1RA1LC_1RC1RD	2	2	0	399
1RB0RD_1LB0LC_1RA1LD_1RB1LC	2	2	0	224
1RB0RD_1LB0LC_1RA1RC_0RB0RA	2	2	0	102
1RB0RD_1LB0LC_1RA1RC_0RB0RD	2	2	0	102
1RB0RD_1LB0LC_1RA1RC_1LB0RD	2	2	0	191
1RB0RD_1LB0LC_1RC0LA_1LD1RA	2	2	0	200
1RB0RD_1LB0LC_1RC1LA_0LB0RD	2	2	0	179
1RB0RD_1LB0LC_1RC1LA_0RB0RD	2	2	0	115
1RB0RD_1LB0LC_1RC1LA_1LB0RD	2	2	0	149
1RB0RD_1LB0LC_1RC1LD_1LB0RA	2	2	0	149
1RB0RD_1LB0LC_1RC1RD_0LA1RC	2	2	0	416
1RB0RD_1LB0LC_1RC1RD_1LB0RA	2	2	0	193
1RB0RD_1LB0LC_1RD0LA_1LD1RA	2	2	0	188
1RB0RD_1LB0LC_1RD1RC_0RB0RA	2	2	0	107
1RB0RD_1LB0RC_0RA1LD_1LC1RA	2	2	0	87
1RB0RD_1LB0RC_0RB1RD_0RC0RA	2	2	0	147
1RB0RD_1LB0RC_0RD1RC_1LD0LA	2	2	0	123
1RB0RD_1LB0RC_1LA1LC_---0LC	2	2	0	436
1RB0RD_1LB0RC_1LA1LC_1LA0LD	2	2	0	436
1RB0RD_1LB0RC_1LA1LD_1LA0LC	2	2	0	436
1RB0RD_1LB0RC_1LA1LD_1LA0LD	2	2	0	436
1RB0RD_1LB0RC_1LA1RD_1LD0LC	2	2	0	336
1RB0RD_1LB0RC_1LC1LA_---0LB	2	2	0	385
1RB0RD_1LB0RC_1LC1LA_---1LC	2	2	0	259
1RB0RD_1LB0RC_1LC1LA_0LC0RD	2	2	0	619
1RB0RD_1LB0RC_1LC1LA_0RC0LD	2	2	0	303
1RB0RD_1LB0RC_1LC1LA_1LB0LD	2	2	0	385
1RB0RD_1LB0RC_1LC1LA_1LC1LD	2	2	0	259
1RB0RD_1LB0RC_1LD1LA_1LC0LB	2	2	0	385
1RB0RD_1LB0RC_1LD1LA_1LC1LD	2	2	0	259
1RB0RD_1LB0RC_1LD1LA_1LD0LA	2	2	0	279
1RB0RD_1LB0RC_1LD1LC_1RA0LC	2	2	0	106
1RB0RD_1LB0RC_1RA1LC_0RB0RA	2	2	0	99
1RB0RD_1LB0RC_1RA1LC_0RB0RD	2	2	0	99
1RB0RD_1LB0RC_1RA1LC_1LB0RD	2	2	0	193
1RB0RD_1LB0RC_1RA1LC_1LD0LA	2	2	0	463
1RB0RD_1LB0RC_1RA1LD_1LC1RA	2	2	0	58
1RB0RD_1LB0RC_1RC1LD_1LA0LD	2	2	0	382
1RB0RD_1LB0RC_1RC1LD_1LC1RA	2	2	0	64
1RB0RD_1LB0RC_1RD0LD_1LA0LB	2	2	0	301
1RB0RD_1LB0RC_1RD0LD_1LA0RB	3	2	0	572
1RB0RD_1LB1LC_0LD0LC_1RD1LA	2	2	0	96
1RB0RD_1LB1LC_0RA0LA_---1RA	2	2	0	103
1RB0RD_1LB1LC_0RA0LB_1RA1LD	3	2	0	138
1RB0RD_1LB1LC_0RA1LB_1RA1RD	2	2	0	146
1RB0RD_1LB1LC_0RA1LD_1LC1RA	2	2	0	77
1RB0RD_1LB1LC_0RC1RA_0RB0RA	2	2	0	94
1RB0RD_1LB1LC_0RC1RA_0RB0RD	2	2	0	94
1RB0RD_1LB1LC_0RC1RA_1LB0RD	2	2	0	183
1RB0RD_1LB1LC_0RD0LA_1LB1RD	3	2	0	641
1RB0RD_1LB1LC_1LA1RA_0LB0RA	2	2	0	99
1RB0RD_1LB1LC_1LA1RA_0LB0RD	2	2	0	99
1RB0RD_1LB1LC_1LA1RA_0RB0RA	2	2	0	81
1RB0RD_1LB1LC_1LA1RA_0RB0RD	2	2	0	81
1RB0RD_1LB1LC_1LA1RA_1LB0RD	2	2	0	125
1RB0RD_1LB1LC_1LD0LA_0RD1RA	2	2	0	76
1RB0RD_1LB1LC_1LD0LB_1RA0LC	2	2	0	157
1RB0RD_1LB1LC_1LD0LC_1RA0LC	2	2	0	96
1RB0RD_1LB1LC_1LD0LD_1RA0LC	2	2	0	119
1RB0RD_1LB1LC_1LD0RB_1RA0LC	2	3	0	475
1RB0RD_1LB1LC_1LD1LB_1RA0LC	2	3	0	307
1RB0RD_1LB1LC_1LD1LB_1RA0RD	2	2	0	120
1RB0RD_1LB1LC_1LD1LC_1RA0LC	2	2	0	143
1RB0RD_1LB1LC_1LD1RC_1RA0LC	2	2	0	100
1RB0RD_1LB1LC_1RA---_0LB0RD	2	2	0	163
1RB0RD_1LB1LC_1RA---_0RB0RD	2	2	0	107
1RB0RD_1LB1LC_1RA---_1LB0RD	2	2	0	137
1RB0RD_1LB1LC_1RA0LA_---1RA	2	2	0	70
1RB0RD_1LB1LC_1RA0LA_1LB1LC	3	2	0	540
1RB0RD_1LB1LC_1RA0LA_1LD1LC	3	2	0	540
1RB0RD_1LB1LC_1RA0LB_0RC0RD	2	3	0	489
1RB0RD_1LB1LC_1RA0RA_0LB1LA	2	2	0	403
1RB0RD_1LB1LC_1RA0RA_0RB1LA	2	2	0	283
1RB0RD_1LB1LC_1RA0RA_1LB1LA	2	2	0	361
1RB0RD_1LB1LC_1RA0RD_0LB0RC	2	2	0	138
1RB0RD_1LB1LC_1RA0RD_0RB0RC	2	2	0	132
1RB0RD_1LB1LC_1RA0RD_1LB0RC	2	2	0	121
1RB0RD_1LB1LC_1RA1LB_0LA1LC	2	2	0	228
1RB0RD_1LB1LC_1RA1LB_0LC0RD	2	2	0	115
1RB0RD_1LB1LC_1RA1LB_0RC0RD	2	2	0	110
1RB0RD_1LB1LC_1RA1LB_1LA0RD	2	2	0	149
1RB0RD_1LB1LC_1RA1LB_1LC1RD	2	3	0	198
1RB0RD_1LB1LC_1RA1LB_1RA0RD	2	2	0	119
1RB0RD_1LB1LC_1RA1LB_1RA1RD	2	2	0	168
1RB0RD_1LB1LC_1RA1LD_0LB1RA	4	2	0	412
1RB0RD_1LB1LC_1RA1LD_1LC1RA	2	2	0	52
1RB0RD_1LB1LC_1RB1RA_0LB0RD	2	2	0	179
1RB0RD_1LB1LC_1RB1RA_0RB0RD	2	2	0	115
1RB0RD_1LB1LC_1RB1RA_1LB0RD	2	2	0	149
1RB0RD_1LB1LC_1RB1RD_1LB0RA	2	2	0	149
1RB0RD_1LB1LC_1RC0LA_0RD1RA	2	2	0	111
1RB0RD_1LB1LC_1RC0LA_1RA0RC	2	2	0	292
1RB0RD_1LB1LC_1RC0RA_0LB0RD	2	2	0	163
1RB0RD_1LB1LC_1RC0RA_0LB1LA	2	2	0	371
1RB0RD_1LB1LC_1RC0RA_0RB0RC	3	2	0	256
1RB0RD_1LB1LC_1RC0RA_0RB0RD	2	2	0	107
1RB0RD_1LB1LC_1RC0RA_0RB1LA	2	2	0	267
1RB0RD_1LB1LC_1RC0RA_1LB0RA	2	2	0	137
1RB0RD_1LB1LC_1RC0RA_1LB0RD	2	2	0	137
1RB0RD_1LB1LC_1RC0RA_1LB1LA	2	2	0	337
1RB0RD_1LB1LC_1RC0RA_1LB1RB	2	2	0	187
1RB0RD_1LB1LC_1RC1LD_0LB1RA	4	2	0	472
1RB0RD_1LB1LC_1RC1LD_1LC1RA	2	2	0	58
1RB0RD_1LB1LC_1RC1RA_0LB0RD	2	2	0	332
1RB0RD_1LB1LC_1RC1RA_0RB0RD	2	2	0	216
1RB0RD_1LB1LC_1RC1RA_1LB0RD	2	2	0	228
1RB0RD_1LB1LC_1RD---_1LB0RA	2	2	0	137
1RB0RD_1LB1LC_1RD0LA_1LB0RB	3	2	0	540
1RB0RD_1LB1LC_1RD0LC_1RD1LA	2	2	0	190
1RB0RD_1LB1LC_1RD0RA_1LB1RB	2	2	0	199
1RB0RD_1LB1LC_1RD0RB_0LC0RA	2	2	0	161
1RB0RD_1LB1LC_1RD1LB_0LA1RD	2	2	0	140
1RB0RD_1LB1LC_1RD1LB_1LA0RA	2	2	0	149
1RB0RD_1LB1LC_1RD1LB_1RA0RA	2	2	0	119
1RB0RD_1LB1RC_---0RD_0RB0RA	2	2	0	89
1RB0RD_1LB1RC_---0RD_1LD0LA	2	2	0	359
1RB0RD_1LB1RC_0LA0RB_1LD0LC	4	2	0	460
1RB0RD_1LB1RC_0LA0RB_1LD1LC	4	2	0	348
1RB0RD_1LB1RC_0LA1RC_1LD0LA	2	2	0	187
1RB0RD_1LB1RC_0RA0RD_0RB1LC	2	2	0	153
1RB0RD_1LB1RC_0RA0RD_1LB1LC	2	2	0	311
1RB0RD_1LB1RC_0RB1RD_0RC0RA	2	2	0	157
1RB0RD_1LB1RC_0RD0LB_0RB0RA	2	2	0	99
1RB0RD_1LB1RC_0RD0LB_1LD0LA	2	2	0	463
1RB0RD_1LB1RC_0RD0RC_1LD1LA	2	2	0	96
1RB0RD_1LB1RC_1LB0RD_0RC0RA	2	2	0	89
1RB0RD_1LB1RC_1LD0LB_1RA0LC	2	2	0	139
1RB0RD_1LB1RC_1LD0RB_1RA0LC	2	2	0	130
1RB0RD_1LB1RC_1LD0RC_0RB0RA	2	2	0	83
1RB0RD_1LB1RC_1LD0RC_1LD1LA	2	2	0	193
1RB0RD_1LB1RC_1LD0RD_1LC0LA	2	2	0	359
1RB0RD_1LB1RC_1LD1LC_1RA0LC	2	2	0	147
1RB0RD_1LB1RC_1LD1RC_1RA0LC	2	2	0	108
1RB0RD_1LB1RC_1RA1LC_0LB0RD	2	2	0	181
1RB0RD_1LB1RC_1RA1LC_0RB0RD	2	2	0	117
1RB0RD_1LB1RC_1RA1LC_1LB0RD	2	2	0	149
1RB0RD_1LB1RC_1RD0RC_1LA0LB	2	2	0	206
1RB0RD_1LB1RC_1RD0RC_1LA0RB	2	2	0	132
1RB0RD_1LB1RC_1RD0RC_1LA1LB	2	2	0	99
1RB0RD_1LB1RC_1RD1LC_1LB0RA	2	2	0	149
1RB0RD_1LC---_---1RA_1LD0LA	2	2	0	359
1RB0RD_1LC---_0LA0RD_1LB1RC	2	2	0	187
1RB0RD_1LC---_0LA1RC_1LD0LA	2	2	0	187
1RB0RD_1LC---_0RA1LB_0LC1RA	2	2	0	93
1RB0RD_1LC---_0RA1LB_1RB1RA	2	2	0	85
1RB0RD_1LC---_0RA1LB_1RC1RA	2	2	0	70
1RB0RD_1LC---_0RD0LC_1LB1RA	2	2	0	154
1RB0RD_1LC---_1LB1RA_0RB0RA	2	2	0	89
1RB0RD_1LC---_1LB1RA_0RB0RD	2	2	0	89
1RB0RD_1LC---_1LC1RA_0RB0RA	2	2	0	89
1RB0RD_1LC---_1LC1RA_0RB0RD	2	2	0	89
1RB0RD_1LC---_1LC1RA_1LB0RD	2	2	0	173
1RB0RD_1LC---_1LD1LC_1RA0LC	2	2	0	143
1RB0RD_1LC---_1LD1LD_1RA0LC	2	2	0	100
1RB0RD_1LC---_1LD1RA_1LC0LA	2	2	0	359
1RB0RD_1LC---_1LD1RC_1RA0LC	2	2	0	108
1RB0RD_1LC---_1RA1LB_0LB1RA	2	2	0	74
1RB0RD_1LC---_1RA1LB_1RB1RA	2	2	0	58
1RB0RD_1LC0LA_0LA1RC_1LD1LB	3	2	0	587
1RB0RD_1LC0LA_0LB0LD_1RA0RC	4	2	0	424
1RB0RD_1LC0LA_0LB0LD_1RA1LC	4	2	0	376
1RB0RD_1LC0LA_0LB1LA_1RA0LB	4	2	0	580
1RB0RD_1LC0LA_0LD0LC_1RD1LB	2	2	0	229
1RB0RD_1LC0LA_0LD1LB_0RD1RA	2	2	0	77
1RB0RD_1LC0LA_0LD1RA_0RB0RD	2	2	0	306
1RB0RD_1LC0LA_0RA0LB_1RD1RC	4	2	0	469
1RB0RD_1LC0LA_0RD1LB_---1RA	2	2	0	76
1RB0RD_1LC0LA_0RD1LB_1RD1RB	2	2	0	225
1RB0RD_1LC0LA_0RD1RC_1LD1LB	3	2	0	306
1RB0RD_1LC0LA_1LA0LC_1RD1LC	2	2	0	205
1RB0RD_1LC0LA_1LA0LC_1RD1RA	2	2	0	148
1RB0RD_1LC0LA_1LA0LC_1RD1RB	2	2	0	145
1RB0RD_1LC0LA_1LA1LB_0RD1RA	2	2	0	81
1RB0RD_1LC0LA_1LA1LB_1RD1RB	2	2	0	192
1RB0RD_1LC0LA_1LB0LD_1RA0LC	4	2	0	330
1RB0RD_1LC0LA_1LB0LD_1RA0RB	3	2	0	590
1RB0RD_1LC0LA_1LB0LD_1RA0RC	4	2	0	424
1RB0RD_1LC0LA_1LB1LA_1RA0LB	4	2	0	960
1RB0RD_1LC0LA_1LB1RA_0RC0RD	2	2	0	77
1RB0RD_1LC0LA_1LB1RA_1LB0RD	2	2	0	131
1RB0RD_1LC0LA_1LB1RA_1LC0LA	2	2	0	359
1RB0RD_1LC0LA_1LB1RA_1LC0RA	2	2	0	139
1RB0RD_1LC0LA_1LB1RA_1LC0RD	2	2	0	139
1RB0RD_1LC0LA_1LB1RA_1LC1RD	2	2	0	185
1RB0RD_1LC0LA_1LB1RD_0LB0RB	2	2	0	443
1RB0RD_1LC0LA_1LB1RD_1LC0RB	2	2	0	359
1RB0RD_1LC0LA_1LC0LD_1RA0RB	3	2	0	590
1RB0RD_1LC0LA_1LD0LB_1RA0LC	2	2	0	84
1RB0RD_1LC0LA_1LD0LB_1RD0RA	4	2	0	461
1RB0RD_1LC0LA_1LD0LC_1RA0LC	2	2	0	85
1RB0RD_1LC0LA_1LD0LD_1RA0LC	2	2	0	66
1RB0RD_1LC0LA_1LD1RC_0LB1LB	2	2	0	259
1RB0RD_1LC0LA_1RA0LB_1RD0RA	4	2	0	369
1RB0RD_1LC0LA_1RA0LD_1LC1RB	3	2	0	486
1RB0RD_1LC0LA_1RA1LB_1LD0RC	2	2	0	297
1RB0RD_1LC0LA_1RA1LB_1LD1LC	2	2	0	234
1RB0RD_1LC0LA_1RA1LC_1LC0LC	2	2	0	262
1RB0RD_1LC0LA_1RB0LB_1RD0RA	4	2	0	342
1RB0RD_1LC0LA_1RB0LB_1RD0RC	4	2	0	342
1RB0RD_1LC0LA_1RC1RA_1LD0LC	3	2	0	1627
1RB0RD_1LC0LA_1RD0LB_0LC0RB	2	2	0	220
1RB0RD_1LC0LA_1RD0LB_1LD1RC	2	2	0	185
1RB0RD_1LC0LA_1RD0LD_1RC1RB	2	2	0	382
1RB0RD_1LC0LA_1RD1LB_0RC1RA	2	2	0	123
1RB0RD_1LC0LA_1RD1LB_1RC1RA	2	2	0	109
1RB0RD_1LC0LA_1RD1LB_1RD1RB	2	2	0	168
1RB0RD_1LC0LB_0RA0LB_1RD1RA	2	2	0	104
1RB0RD_1LC0LB_0RA0LB_1RD1RB	2	2	0	184
1RB0RD_1LC0LB_0RA0LD_1RD1RB	2	2	0	637
1RB0RD_1LC0LB_0RA1LA_1RC---	3	2	0	368
1RB0RD_1LC0LB_0RA1LA_1RD0RA	2	2	0	119
1RB0RD_1LC0LB_0RA1LA_1RD0RC	2	2	0	284
1RB0RD_1LC0LB_0RA1LA_1RD1RC	2	2	0	161
1RB0RD_1LC0LB_0RA1LB_1LD1RA	2	2	0	127
1RB0RD_1LC0LB_0RA1LB_1RD1RC	2	2	0	703
1RB0RD_1LC0LB_0RD0LB_1RA1RC	2	2	0	133
1RB0RD_1LC0LB_1LD0LC_1RA0LC	2	2	0	136
1RB0RD_1LC0LB_1LD0RB_1RA0LC	2	2	0	149
1RB0RD_1LC0LB_1RA0LB_1LC0LA	2	2	0	156
1RB0RD_1LC0LB_1RA0LB_1LC0LB	2	2	0	277
1RB0RD_1LC0LB_1RA0LB_1LC0LC	2	2	0	206
1RB0RD_1LC0LB_1RA0LB_1LC0LD	2	2	0	277
1RB0RD_1LC0LB_1RA0LB_1LC1LB	2	2	0	287
1RB0RD_1LC0LB_1RA0LB_1LC1LD	2	2	0	287
1RB0RD_1LC0LB_1RA0LB_1LC1RA	2	2	0	298
1RB0RD_1LC0LB_1RA0LB_1LC1RB	2	3	0	441
1RB0RD_1LC0LB_1RA0LB_1LC1RC	2	2	0	547
1RB0RD_1LC0LB_1RA0LB_1LC1RD	2	3	0	441
1RB0RD_1LC0LB_1RA0LB_1RA---	2	2	0	136
1RB0RD_1LC0LB_1RA0LD_1LC0LB	2	2	0	277
1RB0RD_1LC0LB_1RA1LA_1LC1RB	2	2	0	229
1RB0RD_1LC0LB_1RA1LA_1LC1RD	2	2	0	229
1RB0RD_1LC0LB_1RA1LB_1LC0LA	2	2	0	313
1RB0RD_1LC0LB_1RA1RD_1LC1LB	2	2	0	307
1RB0RD_1LC0LB_1RD1LB_0RA1RC	4	2	0	139
1RB0RD_1LC0LC_0LA1RC_1LD1LB	3	2	0	418
1RB0RD_1LC0LC_0RA0LB_1RD1RA	2	2	0	104
1RB0RD_1LC0LC_1LD0LB_1RA0LC	2	2	0	108
1RB0RD_1LC0LC_1LD0LC_1RA0LC	2	2	0	136
1RB0RD_1LC0LC_1LD0LD_1RA0LC	2	2	0	116
1RB0RD_1LC0LC_1LD1LB_1RA0LC	2	2	0	95
1RB0RD_1LC0LC_1LD1RC_1RA1LB	2	2	0	183
1RB0RD_1LC0LC_1RA0LB_1LC0LA	2	2	0	156
1RB0RD_1LC0LC_1RA1LB_0RA1RC	4	2	0	198
1RB0RD_1LC0LC_1RA1LB_1RA0RB	4	2	0	195
1RB0RD_1LC0LC_1RA1LB_1RB0RB	4	2	0	189
1RB0RD_1LC0LC_1RA1LB_1RC0RB	2	2	0	225
1RB0RD_1LC0LC_1RA1LB_1RC1RC	3	2	0	617
1RB0RD_1LC0LC_1RD0LB_0LA0RB	2	2	0	172
1RB0RD_1LC0LC_1RD1LB_0RC1RA	2	2	0	262
1RB0RD_1LC0LD_0LB1LA_0RC1RA	3	2	0	595
1RB0RD_1LC0LD_1LD0LC_1RA0LC	2	2	0	136
1RB0RD_1LC0LD_1RA0LB_1LC0LB	2	2	0	277
1RB0RD_1LC0LD_1RA0LB_1LC0LC	3	2	0	501
1RB0RD_1LC0LD_1RA0LB_1LC0LD	2	2	0	277
1RB0RD_1LC0LD_1RA0LB_1LD1RA	2	2	0	566
1RB0RD_1LC0LD_1RA0LB_1RA1LB	2	2	0	92
1RB0RD_1LC0LD_1RA0LD_1LC0LB	2	2	0	277
1RB0RD_1LC0LD_1RB1RA_1LB0RD	2	2	0	421
1RB0RD_1LC0LD_1RC0LB_1RD1RA	2	2	0	84
1RB0RD_1LC0LD_1RD1RA_1LB0RC	2	2	0	79
1RB0RD_1LC0RA_0LA1RC_1LD1LB	3	2	0	839
1RB0RD_1LC0RA_0LB0LD_1LA0RC	4	2	0	332
1RB0RD_1LC0RA_0LB0LD_1LA1LC	4	2	0	284
1RB0RD_1LC0RA_0LC1LA_0LB1LD	4	2	0	488
1RB0RD_1LC0RA_0LC1LD_1LA0RB	2	2	0	454
1RB0RD_1LC0RA_0LD0LB_1RD1LA	2	2	0	119
1RB0RD_1LC0RA_0LD1LB_0RD1LA	2	2	0	83
1RB0RD_1LC0RA_0LD1LB_1RD1LA	2	2	0	165
1RB0RD_1LC0RA_0LD1RA_0RB0LA	2	2	0	591
1RB0RD_1LC0RA_0RA0LB_0RD1RA	2	2	0	168
1RB0RD_1LC0RA_0RA0LB_1LC1RA	2	2	0	176
1RB0RD_1LC0RA_0RA0LB_1RD1RA	2	2	0	131
1RB0RD_1LC0RA_0RB1LB_---1LA	2	2	0	117
1RB0RD_1LC0RA_0RD1LB_---1LA	2	2	0	86
1RB0RD_1LC0RA_1LA0LB_0LB0LC	2	2	0	73
1RB0RD_1LC0RA_1LA0LB_0LB0RB	2	2	0	106
1RB0RD_1LC0RA_1LA0LB_0LB1RB	2	2	0	71
1RB0RD_1LC0RA_1LA0LB_0LB1RD	2	2	0	75
1RB0RD_1LC0RA_1LA0LB_0LC---	2	2	0	119
1RB0RD_1LC0RA_1LA0LB_0LD1RA	2	2	0	79
1RB0RD_1LC0RA_1LA0LB_0RC0LB	4	2	0	933
1RB0RD_1LC0RA_1LA0LB_0RC1LD	4	2	0	982
1RB0RD_1LC0RA_1LA0LB_0RD1LA	2	2	0	98
1RB0RD_1LC0RA_1LA0LB_0RD1RA	2	3	0	253
1RB0RD_1LC0RA_1LA0LB_1LC0LA	2	2	0	87
1RB0RD_1LC0RA_1LA0LB_1LC1LA	2	2	0	123
1RB0RD_1LC0RA_1LA0LB_1LC1RA	2	2	0	192
1RB0RD_1LC0RA_1LA0LB_1LD0LC	2	2	0	285
1RB0RD_1LC0RA_1LA0LB_1LD1LA	2	2	0	77
1RB0RD_1LC0RA_1LA0LB_1LD1RB	2	2	0	140
1RB0RD_1LC0RA_1LA0LB_1RA0LB	2	2	0	324
1RB0RD_1LC0RA_1LA0LB_1RB0LB	2	2	0	80
1RB0RD_1LC0RA_1LA0LB_1RB0LC	2	2	0	121
1RB0RD_1LC0RA_1LA0LB_1RB0RA	2	2	0	143
1RB0RD_1LC0RA_1LA0LB_1RB0RB	2	2	0	143
1RB0RD_1LC0RA_1LA0LB_1RB0RD	2	2	0	143
1RB0RD_1LC0RA_1LA0LB_1RB1LA	2	2	0	92
1RB0RD_1LC0RA_1LA0LB_1RB1LC	2	2	0	640
1RB0RD_1LC0RA_1LA0LB_1RB1LD	2	2	0	92
1RB0RD_1LC0RA_1LA0LB_1RB1RA	2	2	0	128
1RB0RD_1LC0RA_1LA0LB_1RB1RB	2	2	0	128
1RB0RD_1LC0RA_1LA0LB_1RB1RD	2	2	0	180
1RB0RD_1LC0RA_1LA0LB_1RD0RA	2	2	0	143
1RB0RD_1LC0RA_1LA0LB_1RD1LA	2	2	0	104
1RB0RD_1LC0RA_1LA0LB_1RD1LC	2	2	0	450
1RB0RD_1LC0RA_1LA0LB_1RD1RA	2	2	0	233
1RB0RD_1LC0RA_1LA0LC_1RD0LB	2	2	0	277
1RB0RD_1LC0RA_1LA0LD_1LC1RA	2	2	0	91
1RB0RD_1LC0RA_1LA0LD_1RD1LC	2	2	0	482
1RB0RD_1LC0RA_1LB0LD_1LA0LC	4	2	0	330
1RB0RD_1LC0RA_1LB0LD_1LA0RC	4	2	0	424
1RB0RD_1LC0RA_1LB1LA_0LC1RC	2	2	0	241
1RB0RD_1LC0RA_1LB1LA_0RC1RC	2	2	0	199
1RB0RD_1LC0RA_1LB1LA_1LC0RA	2	2	0	137
1RB0RD_1LC0RA_1LB1LA_1LC0RD	2	2	0	137
1RB0RD_1LC0RA_1LB1RA_0RB1LD	2	2	0	121
1RB0RD_1LC0RA_1LC0LD_1LA0LB	4	2	0	330
1RB0RD_1LC0RA_1LC0LD_1LA0LC	4	2	0	330
1RB0RD_1LC0RA_1LC0LD_1LA0RC	4	2	0	424
1RB0RD_1LC0RA_1LC1LA_0LB0RB	3	2	0	530
1RB0RD_1LC0RA_1LC1LA_0LB0RD	2	2	0	163
1RB0RD_1LC0RA_1LC1LA_0LC0RB	3	2	0	530
1RB0RD_1LC0RA_1LC1LA_0LC0RD	2	2	0	163
1RB0RD_1LC0RA_1LC1LA_0RB0RB	3	2	0	256
1RB0RD_1LC0RA_1LC1LA_0RB0RD	2	2	0	107
1RB0RD_1LC0RA_1LC1LA_0RC0RB	3	2	0	256
1RB0RD_1LC0RA_1LC1LA_0RC0RD	2	2	0	107
1RB0RD_1LC0RA_1LC1LA_1LB0RA	2	2	0	137
1RB0RD_1LC0RA_1LC1LA_1LB0RD	2	2	0	137
1RB0RD_1LC0RA_1LC1LA_1LC0RA	2	2	0	137
1RB0RD_1LC0RA_1LC1LA_1LC0RD	2	2	0	137
1RB0RD_1LC0RA_1LC1LD_1LA0RB	3	2	0	272
1RB0RD_1LC0RA_1LC1RA_0RB1LD	2	2	0	121
1RB0RD_1LC0RA_1LD0LB_0RA1RA	2	2	0	122
1RB0RD_1LC0RA_1LD0LB_0RD1LA	2	2	0	129
1RB0RD_1LC0RA_1LD0LB_0RD1RA	2	2	0	176
1RB0RD_1LC0RA_1LD0LB_1LA0LD	2	2	0	156
1RB0RD_1LC0RA_1LD0LB_1LA0RA	2	2	0	151
1RB0RD_1LC0RA_1LD0LB_1LA0RC	2	2	0	92
1RB0RD_1LC0RA_1LD0LB_1LA0RD	2	2	0	147
1RB0RD_1LC0RA_1LD0LB_1LA1LD	2	2	0	227
1RB0RD_1LC0RA_1LD0LB_1LA1RA	2	2	0	180
1RB0RD_1LC0RA_1LD0LB_1LA1RB	2	2	0	146
1RB0RD_1LC0RA_1LD0LB_1LA1RC	2	2	0	148
1RB0RD_1LC0RA_1LD0LB_1RA0LC	2	2	0	325
1RB0RD_1LC0RA_1LD0LB_1RA0RA	2	2	0	143
1RB0RD_1LC0RA_1LD0LB_1RA0RC	2	2	0	80
1RB0RD_1LC0RA_1LD0LB_1RA1LA	2	2	0	115
1RB0RD_1LC0RA_1LD0LB_1RA1RA	2	2	0	176
1RB0RD_1LC0RA_1LD0LB_1RA1RC	2	2	0	140
1RB0RD_1LC0RA_1LD0LB_1RB0LC	2	2	0	152
1RB0RD_1LC0RA_1LD0LB_1RB0RA	2	2	0	143
1RB0RD_1LC0RA_1LD0LB_1RB0RB	2	2	0	143
1RB0RD_1LC0RA_1LD0LB_1RB0RC	2	2	0	80
1RB0RD_1LC0RA_1LD0LB_1RB0RD	2	2	0	143
1RB0RD_1LC0RA_1LD0LB_1RB1LA	2	2	0	121
1RB0RD_1LC0RA_1LD0LB_1RB1LC	4	2	0	2246
1RB0RD_1LC0RA_1LD0LB_1RB1LD	2	2	0	121
1RB0RD_1LC0RA_1LD0LB_1RB1RA	2	2	0	210
1RB0RD_1LC0RA_1LD0LB_1RB1RB	2	2	0	88
1RB0RD_1LC0RA_1LD0LB_1RB1RC	2	2	0	132
1RB0RD_1LC0RA_1LD0LB_1RB1RD	2	2	0	218
1RB0RD_1LC0RA_1LD0LB_1RD0RA	2	2	0	143
1RB0RD_1LC0RA_1LD0LB_1RD1LA	2	2	0	137
1RB0RD_1LC0RA_1LD0LB_1RD1RA	2	2	0	164
1RB0RD_1LC0RA_1LD0LC_1RA0LC	2	2	0	161
1RB0RD_1LC0RA_1LD0LC_1RD1RA	2	2	0	112
1RB0RD_1LC0RA_1LD1LA_0LC0RC	3	2	0	625
1RB0RD_1LC0RA_1LD1LA_1LC0RA	2	2	0	137
1RB0RD_1LC0RA_1LD1LA_1LC0RD	2	2	0	137
1RB0RD_1LC0RA_1LD1LC_1RB1RD	2	2	0	179
1RB0RD_1LC0RA_1RA0LB_0LC---	2	2	0	103
1RB0RD_1LC0RA_1RA0LB_0LD0LC	2	2	0	79
1RB0RD_1LC0RA_1RA0LB_0LD0RC	2	2	0	133
1RB0RD_1LC0RA_1RA0LB_0LD1RA	2	2	0	157
1RB0RD_1LC0RA_1RA0LB_0LD1RC	2	2	0	107
1RB0RD_1LC0RA_1RA0LB_0RD1RA	2	2	0	168
1RB0RD_1LC0RA_1RA0LB_1LA---	2	2	0	218
1RB0RD_1LC0RA_1RA0LB_1LC1LA	2	2	0	107
1RB0RD_1LC0RA_1RA0LB_1LC1RA	2	2	0	176
1RB0RD_1LC0RA_1RA0LB_1LD0LC	3	2	0	660
1RB0RD_1LC0RA_1RA0LB_1RD1RA	2	2	0	106
1RB0RD_1LC0RA_1RA0LD_1LC1RB	2	2	0	79
1RB0RD_1LC0RA_1RB1LB_---1LA	2	2	0	80
1RB0RD_1LC0RA_1RB1LB_---1LC	2	2	0	80
1RB0RD_1LC0RA_1RC1LB_0LA0LC	2	2	0	220
1RB0RD_1LC0RA_1RC1LB_1LA0LC	2	2	0	206
1RB0RD_1LC0RA_1RC1LD_0LC1LA	2	2	0	162
1RB0RD_1LC0RA_1RD0LB_1LA0RD	2	2	0	218
1RB0RD_1LC0RA_1RD0LB_1LA1LD	2	2	0	233
1RB0RD_1LC0RA_1RD0LB_1LB0RC	2	2	0	78
1RB0RD_1LC0RA_1RD0LB_1LC1RB	2	2	0	259
1RB0RD_1LC0RA_1RD0LB_1RA0LA	2	2	0	127
1RB0RD_1LC0RA_1RD0LB_1RB1LD	2	2	0	129
1RB0RD_1LC0RA_1RD0LB_1RC1RD	2	2	0	261
1RB0RD_1LC0RA_1RD1LB_---1LA	2	2	0	92
1RB0RD_1LC0RB_0LD1RA_0RB0LA	2	2	0	213
1RB0RD_1LC0RB_0RA0LC_1LD0LA	2	2	0	142
1RB0RD_1LC0RB_0RA0LC_1LD0LC	2	2	0	104
1RB0RD_1LC0RB_0RA0LC_1LD0RC	2	2	0	200
1RB0RD_1LC0RB_0RA0LC_1LD1LA	2	2	0	131
1RB0RD_1LC0RB_0RA0LC_1LD1RB	2	2	0	101
1RB0RD_1LC0RB_0RA0LC_1LD1RC	2	2	0	124
1RB0RD_1LC0RB_0RA0RD_1LD1LA	2	2	0	131
1RB0RD_1LC0RB_0RA1LA_1LD0LA	2	2	0	79
1RB0RD_1LC0RB_0RA1LA_1LD0LC	2	2	0	91
1RB0RD_1LC0RB_0RA1LA_1LD0RC	2	2	0	91
1RB0RD_1LC0RB_0RA1LA_1LD1LA	2	2	0	115
1RB0RD_1LC0RB_0RA1LA_1LD1RB	2	2	0	85
1RB0RD_1LC0RB_0RA1LB_1LD0LC	2	2	0	108
1RB0RD_1LC0RB_0RA1LB_1LD1LA	2	2	0	119
1RB0RD_1LC0RB_0RA1LB_1LD1RB	2	2	0	103
1RB0RD_1LC0RB_0RA1LC_1LD1LA	2	2	0	133
1RB0RD_1LC0RB_0RA1RA_1LD0LC	2	2	0	113
1RB0RD_1LC0RB_0RA1RA_1LD1LA	2	2	0	135
1RB0RD_1LC0RB_0RA1RA_1LD1RB	2	2	0	108
1RB0RD_1LC0RB_0RA1RB_1LD0LA	2	2	0	137
1RB0RD_1LC0RB_0RA1RB_1LD0LC	2	2	0	102
1RB0RD_1LC0RB_0RA1RB_1LD0RC	2	2	0	184
1RB0RD_1LC0RB_0RA1RB_1LD1LA	2	2	0	129
1RB0RD_1LC0RB_0RA1RB_1LD1RB	2	2	0	99
1RB0RD_1LC0RB_0RA1RB_1LD1RC	2	2	0	194
1RB0RD_1LC0RB_0RA1RD_1LD0LC	2	2	0	108
1RB0RD_1LC0RB_0RA1RD_1LD1LA	2	2	0	133
1RB0RD_1LC0RB_0RD0LC_1RA1LB	2	2	0	311
1RB0RD_1LC0RB_1LB1LD_1RA0LD	2	2	0	148
1RB0RD_1LC0RB_1LB1LD_1RA0RB	2	2	0	137
1RB0RD_1LC0RB_1LB1LD_1RD1LA	2	2	0	161
1RB0RD_1LC0RB_1LB1RA_0RB1RB	2	2	0	250
1RB0RD_1LC0RB_1LB1RA_1LD1RB	2	2	0	254
1RB0RD_1LC0RB_1LC0LD_1RD1LA	2	2	0	175
1RB0RD_1LC0RB_1LC0RA_1LA1LD	2	2	0	187
1RB0RD_1LC0RB_1LC1LD_0RA1LA	2	2	0	199
1RB0RD_1LC0RB_1LC1LD_1RA0LD	2	2	0	148
1RB0RD_1LC0RB_1LC1LD_1RA0RB	2	2	0	137
1RB0RD_1LC0RB_1LC1LD_1RA1LA	2	2	0	160
1RB0RD_1LC0RB_1LC1LD_1RD1LA	2	2	0	161
1RB0RD_1LC0RB_1LC1RA_0RB0LB	2	2	0	201
1RB0RD_1LC0RB_1LC1RA_0RB0LC	2	2	0	201
1RB0RD_1LC0RB_1LC1RA_0RB0RB	2	2	0	169
1RB0RD_1LC0RB_1LC1RA_0RB1LD	2	2	0	185
1RB0RD_1LC0RB_1LC1RA_0RC0RB	2	2	0	169
1RB0RD_1LC0RB_1LC1RA_1LA0RB	2	2	0	155
1RB0RD_1LC0RB_1LC1RA_1LA1LD	2	2	0	153
1RB0RD_1LC0RB_1LC1RA_1LB0RB	2	2	0	173
1RB0RD_1LC0RB_1LC1RA_1LC0RB	2	2	0	173
1RB0RD_1LC0RB_1LC1RD_---1LA	2	2	0	213
1RB0RD_1LC0RB_1LC1RD_1LA0LA	2	2	0	213
1RB0RD_1LC0RB_1LD0LC_1RA0LC	2	2	0	161
1RB0RD_1LC0RB_1LD0LC_1RD1RA	2	2	0	102
1RB0RD_1LC0RB_1LD0LD_1RA1LC	2	2	0	258
1RB0RD_1LC0RB_1LD0RB_1RA0LC	2	2	0	231
1RB0RD_1LC0RB_1LD1LA_1RA1LC	2	2	0	245
1RB0RD_1LC0RB_1LD1RA_1LC1LA	2	2	0	129
1RB0RD_1LC0RB_1LD1RA_1LD1LA	2	2	0	129
1RB0RD_1LC0RB_1LD1RB_1RA0LC	2	2	0	82
1RB0RD_1LC0RB_1LD1RC_1LD1LA	2	2	0	125
1RB0RD_1LC0RB_1LD1RD_1LB1LA	3	2	0	509
1RB0RD_1LC0RB_1LD1RD_1LC1LA	2	2	0	133
1RB0RD_1LC0RB_1LD1RD_1LD1LA	2	2	0	133
1RB0RD_1LC0RB_1RA0LD_1LC1RB	3	2	0	370
1RB0RD_1LC0RB_1RC1LA_1LC1LD	2	2	0	357
1RB0RD_1LC0RB_1RD1LA_1LD0LA	2	2	0	133
1RB0RD_1LC0RB_1RD1RB_1LD0LA	2	2	0	163
1RB0RD_1LC0RC_0LD1LB_0RD1RA	2	2	0	149
1RB0RD_1LC0RC_0LD1LB_1RD1RA	2	2	0	166
1RB0RD_1LC0RC_0LD1RA_0RB0LA	2	2	0	964
1RB0RD_1LC0RC_1LA0LC_---0LA	2	2	0	305
1RB0RD_1LC0RC_1LA0LC_0LC1LD	2	2	0	291
1RB0RD_1LC0RC_1LA0LC_1RA0LD	2	2	0	172
1RB0RD_1LC0RC_1LA0LC_1RB0LD	2	2	0	305
1RB0RD_1LC0RC_1LA0LD_0RB0LC	2	2	0	398
1RB0RD_1LC0RC_1LA1LC_---0LC	2	2	0	380
1RB0RD_1LC0RC_1LA1LC_1LA0LD	2	2	0	380
1RB0RD_1LC0RC_1LA1LD_1LA0LC	2	2	0	380
1RB0RD_1LC0RC_1LA1LD_1LA0LD	2	2	0	380
1RB0RD_1LC0RC_1LA1RA_1LD0LC	2	2	0	339
1RB0RD_1LC0RC_1LA1RD_1LD0LC	2	2	0	296
1RB0RD_1LC0RC_1LB1RA_0RC0RD	2	2	0	83
1RB0RD_1LC0RC_1LD0LD_1RA0LC	2	2	0	479
1RB0RD_1LC0RC_1LD1LB_1RA0LC	2	3	0	205
1RB0RD_1LC0RC_1RA1LD_0RD0LC	4	2	0	130
1RB0RD_1LC0RC_1RC1LD_1LA0LD	2	2	0	346
1RB0RD_1LC0RD_---1RB_1LD0LA	2	2	0	359
1RB0RD_1LC0RD_0LA0LD_1LA0RC	2	2	0	464
1RB0RD_1LC0RD_0LB1LA_0RB1LA	2	2	0	108
1RB0RD_1LC0RD_0LB1LA_0RB1RA	2	2	0	270
1RB0RD_1LC0RD_0LB1RA_0RB---	2	2	0	89
1RB0RD_1LC0RD_0LB1RC_1LD0LA	2	2	0	187
1RB0RD_1LC0RD_0LB1RD_0RB1LA	2	2	0	109
1RB0RD_1LC0RD_0LC1LD_1RA0LC	3	2	0	512
1RB0RD_1LC0RD_0RA0LB_1LA1RC	4	2	0	479
1RB0RD_1LC0RD_1LA0LB_1RB0RA	2	2	0	143
1RB0RD_1LC0RD_1LA0LB_1RB0RD	2	2	0	143
1RB0RD_1LC0RD_1LA0LB_1RB1RA	2	2	0	208
1RB0RD_1LC0RD_1LA0LB_1RB1RD	2	2	0	361
1RB0RD_1LC0RD_1LA1LC_0LC1RD	2	2	0	582
1RB0RD_1LC0RD_1LA1LC_1LC1RD	2	2	0	811
1RB0RD_1LC0RD_1LB1LD_1RA0RB	2	2	0	137
1RB0RD_1LC0RD_1LB1RA_0RB0RB	2	2	0	89
1RB0RD_1LC0RD_1LB1RA_0RB1LD	2	2	0	153
1RB0RD_1LC0RD_1LB1RA_1LB0RB	2	2	0	173
1RB0RD_1LC0RD_1LB1RB_0RB0RA	2	2	0	89
1RB0RD_1LC0RD_1LC1LD_1RA0RB	2	2	0	137
1RB0RD_1LC0RD_1LC1RA_0RB0RB	2	2	0	89
1RB0RD_1LC0RD_1LC1RA_0RB1LD	2	2	0	153
1RB0RD_1LC0RD_1LC1RA_0RC0RB	2	2	0	89
1RB0RD_1LC0RD_1LC1RA_1LB0RB	2	2	0	173
1RB0RD_1LC0RD_1LC1RA_1LC0RB	2	2	0	173
1RB0RD_1LC0RD_1LC1RB_0RB0RA	2	2	0	89
1RB0RD_1LC0RD_1LC1RB_0RC0RA	2	2	0	89
1RB0RD_1LC0RD_1LD0LB_1RB0RA	2	2	0	143
1RB0RD_1LC0RD_1LD0LB_1RB1RA	2	2	0	176
1RB0RD_1LC0RD_1LD0LB_1RD0RA	4	2	0	339
1RB0RD_1LC0RD_1LD1LB_0RA1RB	2	2	0	115
1RB0RD_1LC0RD_1LD1LB_1RA1RB	2	2	0	98
1RB0RD_1LC0RD_1LD1RB_1LC0LA	2	2	0	359
1RB0RD_1LC0RD_1RA0LB_1RD0RA	4	2	0	236
1RB0RD_1LC0RD_1RA0LD_1LC1RB	3	2	0	370
1RB0RD_1LC0RD_1RA1LC_---0LC	2	2	0	174
1RB0RD_1LC0RD_1RD0LC_1LA0LB	2	2	0	349
1RB0RD_1LC1LA_0LB1RA_0RB0RD	2	2	0	153
1RB0RD_1LC1LA_0LB1RD_0RB0RD	2	2	0	153
1RB0RD_1LC1LA_0RD0LB_1LB1RC	2	2	0	140
1RB0RD_1LC1LA_1LB0LD_1RA0RB	2	2	0	349
1RB0RD_1LC1LA_1LB1LD_1RA0RB	2	2	0	337
1RB0RD_1LC1LA_1LB1LD_1RD0RB	2	2	0	361
1RB0RD_1LC1LA_1LC0LD_1RA0RB	2	2	0	349
1RB0RD_1LC1LA_1LC1LD_1RA0RB	2	2	0	337
1RB0RD_1LC1LA_1LC1LD_1RD0RB	2	2	0	361
1RB0RD_1LC1LA_1LC1RA_0RB0RB	2	2	0	409
1RB0RD_1LC1LA_1LC1RA_0RC0RB	2	2	0	409
1RB0RD_1LC1LA_1LC1RA_1LA0RB	2	2	0	413
1RB0RD_1LC1LA_1LC1RA_1LB0RB	2	2	0	413
1RB0RD_1LC1LA_1LC1RA_1LC0RB	2	2	0	413
1RB0RD_1LC1LA_1LC1RD_---0RB	2	2	0	449
1RB0RD_1LC1LA_1LD0LB_1RA0LC	2	2	0	103
1RB0RD_1LC1LA_1LD0LC_1RA0LC	2	2	0	123
1RB0RD_1LC1LA_1LD0LC_1RD1RA	2	2	0	119
1RB0RD_1LC1LA_1LD0LD_1RA0LC	2	2	0	104
1RB0RD_1LC1LA_1LD1LB_1RA0LC	2	2	0	99
1RB0RD_1LC1LB_---1RA_1LB1RD	2	2	0	173
1RB0RD_1LC1LB_0LB1RA_1RC1RD	2	2	0	188
1RB0RD_1LC1LB_0LC1RA_0RB1RD	2	2	0	122
1RB0RD_1LC1LB_0LD0LB_1RD0RA	3	2	0	1398
1RB0RD_1LC1LB_0RB1RA_0LC0RD	2	2	0	337
1RB0RD_1LC1LB_0RB1RA_0RB0RA	2	2	0	159
1RB0RD_1LC1LB_0RB1RA_0RB0RD	2	2	0	159
1RB0RD_1LC1LB_0RB1RA_0RC0RD	2	2	0	214
1RB0RD_1LC1LB_0RB1RA_1LB0RD	2	2	0	297
1RB0RD_1LC1LB_0RB1RA_1LC0RD	2	2	0	317
1RB0RD_1LC1LB_1LA1RA_0RC1RD	2	2	0	99
1RB0RD_1LC1LB_1LB1RA_0RB1RD	2	2	0	89
1RB0RD_1LC1LB_1LB1RA_1RC0RA	2	2	0	89
1RB0RD_1LC1LB_1LB1RA_1RC0RD	2	2	0	89
1RB0RD_1LC1LB_1LB1RA_1RC1RD	2	2	0	89
1RB0RD_1LC1LB_1LD0LC_1RA0LC	2	2	0	206
1RB0RD_1LC1LB_1LD0RB_1RA0LC	2	2	0	149
1RB0RD_1LC1LB_1LD1RA_0RB0RA	2	2	0	123
1RB0RD_1LC1LB_1LD1RA_0RB0RD	2	2	0	123
1RB0RD_1LC1LB_1RA0LC_0LB0RB	2	2	0	320
1RB0RD_1LC1LB_1RA0LC_0RA0RB	2	2	0	167
1RB0RD_1LC1LB_1RA0LC_0RA1RD	2	2	0	305
1RB0RD_1LC1LB_1RA0LC_1LB0RB	2	2	0	155
1RB0RD_1LC1LB_1RA0RD_0LB1RD	2	2	0	598
1RB0RD_1LC1LB_1RA0RD_1LB1RD	2	2	0	781
1RB0RD_1LC1LB_1RA1RD_0LB1RD	2	2	0	158
1RB0RD_1LC1LB_1RA1RD_1LB1RD	2	2	0	127
1RB0RD_1LC1LB_1RB1RA_0RB0RA	2	2	0	125
1RB0RD_1LC1LB_1RB1RA_0RB0RD	2	2	0	125
1RB0RD_1LC1LB_1RB1RA_0RB1RD	2	2	0	99
1RB0RD_1LC1LB_1RD1LB_---1RA	2	2	0	75
1RB0RD_1LC1LB_1RD1RB_---1RA	2	2	0	103
1RB0RD_1LC1LC_0LA1RC_1LD0RB	2	2	0	241
1RB0RD_1LC1LC_0LD0LC_1RD1LA	2	2	0	104
1RB0RD_1LC1LC_0LD1LB_0RD1RA	2	2	0	107
1RB0RD_1LC1LC_0LD1LB_1RD1RA	2	2	0	116
1RB0RD_1LC1LC_1LD0LB_1RA0LC	2	2	0	122
1RB0RD_1LC1LC_1LD0LC_1RA0LC	2	2	0	81
1RB0RD_1LC1LC_1LD0LD_1RA0LC	2	2	0	78
1RB0RD_1LC1LC_1LD0RB_1RA0LC	2	2	0	106
1RB0RD_1LC1LC_1LD1LB_1RA0LC	2	3	0	203
1RB0RD_1LC1LC_1RA0LB_1LC1RC	4	2	0	479
1RB0RD_1LC1LC_1RA0LB_1RC---	4	2	0	571
1RB0RD_1LC1LC_1RA0RB_1LD0LA	2	2	0	463
1RB0RD_1LC1LC_1RD0LC_1RD1LA	2	2	0	208
1RB0RD_1LC1LD_0LA1RC_0LD1LB	2	2	0	169
1RB0RD_1LC1LD_0LA1RC_1LD1LB	2	2	0	117
1RB0RD_1LC1LD_0RB1RA_0LC0RD	2	2	0	479
1RB0RD_1LC1LD_0RB1RA_1LC0RD	2	2	0	317
1RB0RD_1LC1LD_1LB1RA_0RC0RA	2	2	0	92
1RB0RD_1LC1LD_1LB1RA_0RC0RD	2	2	0	92
1RB0RD_1LC1LD_1LB1RC_0LB0LA	2	2	0	259
1RB0RD_1LC1LD_1LB1RC_1LD0LA	2	2	0	175
1RB0RD_1LC1LD_1LD0LC_1RA0LC	2	2	0	81
1RB0RD_1LC1LD_1LD1RB_1RA0LC	2	2	0	118
1RB0RD_1LC1LD_1RA0LB_1RC1LC	3	2	0	671
1RB0RD_1LC1LD_1RA1LB_0LD0RC	3	2	0	578
1RB0RD_1LC1LD_1RA1LB_1LD0RC	3	2	0	554
1RB0RD_1LC1LD_1RA1LB_1RC0RC	3	2	0	570
1RB0RD_1LC1LD_1RA1RB_1LC0LD	2	2	0	293
1RB0RD_1LC1LD_1RD1LB_0RC1RA	2	2	0	85
1RB0RD_1LC1RA_---1LA_1LA0LB	2	2	0	168
1RB0RD_1LC1RA_0LB1LA_0LC1LD	2	2	0	200
1RB0RD_1LC1RA_0LB1LA_1LC0LB	2	2	0	210
1RB0RD_1LC1RA_0LB1LA_1LC0LD	2	2	0	210
1RB0RD_1LC1RA_0LB1LD_0RB1LC	2	2	0	171
1RB0RD_1LC1RA_0LB1LD_1LA0LC	2	2	0	130
1RB0RD_1LC1RA_0LB1LD_1LA1LC	2	2	0	102
1RB0RD_1LC1RA_0LC1LA_0LA1LC	2	2	0	190
1RB0RD_1LC1RA_0LC1LA_1LA1LC	2	2	0	162
1RB0RD_1LC1RA_0LC1LA_1RC1LC	2	2	0	166
1RB0RD_1LC1RA_0LD0LC_1RD1LA	2	2	0	78
1RB0RD_1LC1RA_0LD1LA_0RB1LC	3	2	0	295
1RB0RD_1LC1RA_0LD1LC_0RD1RB	3	2	0	309
1RB0RD_1LC1RA_0RA1LA_1LD1LC	2	2	0	266
1RB0RD_1LC1RA_0RA1LC_---1LA	2	2	0	109
1RB0RD_1LC1RA_0RD0LC_1RD1LA	2	2	0	114
1RB0RD_1LC1RA_1LA1LC_---1LA	2	2	0	80
1RB0RD_1LC1RA_1LA1LC_0LC1RD	2	2	0	837
1RB0RD_1LC1RA_1LA1LC_1LC1RD	2	2	0	597
1RB0RD_1LC1RA_1LB0LD_1LA0RC	2	2	0	116
1RB0RD_1LC1RA_1LB1LA_0RC0RA	2	2	0	91
1RB0RD_1LC1RA_1LB1LA_0RC0RD	2	2	0	91
1RB0RD_1LC1RA_1LB1LD_0RB0RA	2	2	0	94
1RB0RD_1LC1RA_1LB1LD_0RB0RD	2	2	0	94
1RB0RD_1LC1RA_1LB1LD_1LA0LC	2	2	0	102
1RB0RD_1LC1RA_1LB1RA_0RC0RA	2	2	0	89
1RB0RD_1LC1RA_1LB1RA_0RC0RD	2	2	0	89
1RB0RD_1LC1RA_1LB1RA_1LB0RD	2	2	0	173
1RB0RD_1LC1RA_1LB1RA_1LC0RD	2	2	0	173
1RB0RD_1LC1RA_1LB1RC_0RC0RA	2	2	0	88
1RB0RD_1LC1RA_1LB1RC_0RC0RD	2	2	0	88
1RB0RD_1LC1RA_1LB1RD_0RC0RD	2	2	0	89
1RB0RD_1LC1RA_1LB1RD_1LB0RD	2	2	0	173
1RB0RD_1LC1RA_1LB1RD_1LC0RD	2	2	0	173
1RB0RD_1LC1RA_1LC0LD_1LA0RC	4	2	0	424
1RB0RD_1LC1RA_1LC1LA_1LA0LC	2	2	0	168
1RB0RD_1LC1RA_1LC1LD_0RB0RA	2	2	0	94
1RB0RD_1LC1RA_1LC1LD_0RB0RD	2	2	0	94
1RB0RD_1LC1RA_1LD1LB_1RA0LC	2	2	0	61
1RB0RD_1LC1RA_1LD1LC_0RD1LA	2	2	0	86
1RB0RD_1LC1RA_1LD1LC_1RB1RD	2	2	0	116
1RB0RD_1LC1RA_1LD1LC_1RD1LA	2	2	0	92
1RB0RD_1LC1RA_1RC0LB_1LD0LA	2	2	0	283
1RB0RD_1LC1RA_1RC1LB_0LB1RC	2	2	0	108
1RB0RD_1LC1RA_1RC1LB_1RB1RC	2	2	0	86
1RB0RD_1LC1RA_1RD0LB_1LB0RC	2	2	0	108
1RB0RD_1LC1RA_1RD0LC_1RD1LA	2	2	0	144
1RB0RD_1LC1RA_1RD1LA_1LD0LC	2	2	0	212
1RB0RD_1LC1RB_---1LA_---1LB	2	2	0	166
1RB0RD_1LC1RB_---1LA_0LB1LD	2	2	0	212
1RB0RD_1LC1RB_---1LA_1LC1LD	2	2	0	166
1RB0RD_1LC1RB_0LB1LA_---1LC	2	2	0	212
1RB0RD_1LC1RB_0LB1LA_0RB0LD	2	2	0	258
1RB0RD_1LC1RB_0LB1LA_0RB0RA	4	2	0	647
1RB0RD_1LC1RB_0LB1LA_1LB0RA	3	2	0	128
1RB0RD_1LC1RB_0LD0LC_1RD1LA	2	2	0	134
1RB0RD_1LC1RB_0LD1RA_0RB0LA	2	2	0	307
1RB0RD_1LC1RB_0RA0LB_1RD0RA	2	2	0	299
1RB0RD_1LC1RB_0RD0LC_1RD1LA	2	2	0	202
1RB0RD_1LC1RB_0RD1LA_1LB0LC	2	2	0	212
1RB0RD_1LC1RB_1LB1LA_0LB0RA	2	2	0	549
1RB0RD_1LC1RB_1LB1LA_0LB0RD	2	2	0	549
1RB0RD_1LC1RB_1LB1LA_0RC0LD	2	2	0	212
1RB0RD_1LC1RB_1LB1LA_1LB0RD	2	2	0	138
1RB0RD_1LC1RB_1LB1LD_1RA1LC	2	2	0	144
1RB0RD_1LC1RB_1LC1LA_---1LC	2	2	0	166
1RB0RD_1LC1RB_1LC1LA_0LB0RA	2	2	0	549
1RB0RD_1LC1RB_1LC1LA_0LB0RD	2	2	0	549
1RB0RD_1LC1RB_1LC1LA_0LC0RA	2	2	0	549
1RB0RD_1LC1RB_1LC1LA_0LC0RD	2	2	0	549
1RB0RD_1LC1RB_1LC1LA_0RB0LD	2	2	0	212
1RB0RD_1LC1RB_1LC1LA_0RC0LD	2	2	0	212
1RB0RD_1LC1RB_1LD0LB_0RD1RA	2	2	0	252
1RB0RD_1LC1RB_1LD1LC_1RA1RB	2	2	0	126
1RB0RD_1LC1RB_1RA0LB_1RD1RA	2	2	0	201
1RB0RD_1LC1RB_1RB1LD_1RA1LC	2	2	0	132
1RB0RD_1LC1RB_1RD0LC_1RD1LA	2	2	0	148
1RB0RD_1LC1RC_0LA1RB_0LD0RB	2	2	0	287
1RB0RD_1LC1RC_0LA1RB_1LD0LA	2	2	0	187
1RB0RD_1LC1RC_0LA1RB_1LD0LB	2	2	0	195
1RB0RD_1LC1RC_1LB1LA_---0RB	2	2	0	199
1RB0RD_1LC1RC_1LB1LA_1LC0RD	2	2	0	149
1RB0RD_1LC1RC_1LB1RA_0RC0RD	2	2	0	83
1RB0RD_1LC1RC_1LC1LA_---0RB	2	2	0	199
1RB0RD_1LC1RC_1LC1LA_0LB0RD	2	2	0	179
1RB0RD_1LC1RC_1LC1LA_0LC0RD	2	2	0	179
1RB0RD_1LC1RC_1LC1LA_0RB0RD	2	2	0	115
1RB0RD_1LC1RC_1LC1LA_0RC0RD	2	2	0	115
1RB0RD_1LC1RC_1LC1LA_1LB0RD	2	2	0	149
1RB0RD_1LC1RC_1LC1LA_1LC0RD	2	2	0	149
1RB0RD_1LC1RC_1LD0LB_1RA0LC	2	2	0	94
1RB0RD_1LC1RC_1LD0LC_1RA0LC	2	2	0	250
1RB0RD_1LC1RC_1LD0LD_1RA0LC	2	2	0	206
1RB0RD_1LC1RC_1LD1LA_1LC0RB	2	2	0	199
1RB0RD_1LC1RC_1LD1LA_1LC0RD	2	2	0	149
1RB0RD_1LC1RC_1RD1RB_1LD0LA	2	2	0	168
1RB0RD_1LC1RD_0LB0LD_1LA0RB	2	2	0	109
1RB0RD_1LC1RD_0LB0RA_1LA0RB	2	2	0	300
1RB0RD_1LC1RD_0LB1LA_1LA0RB	2	2	0	263
1RB0RD_1LC1RD_0LB1LD_1LA0RB	2	2	0	157
1RB0RD_1LC1RD_0LB1RA_1LA0RB	2	2	0	313
1RB0RD_1LC1RD_0LB1RB_1LA0RB	2	2	0	131
1RB0RD_1LC1RD_0LB1RC_1LA0RB	2	2	0	141
1RB0RD_1LC1RD_0LD1RA_0RB0LA	2	2	0	257
1RB0RD_1LC1RD_0RB1LC_0LA1RB	2	2	0	165
1RB0RD_1LC1RD_0RD1LC_0LA1RB	2	2	0	165
1RB0RD_1LC1RD_1LA0LC_0RD1RB	2	3	0	1370
1RB0RD_1LC1RD_1LB0LD_1RA1LC	4	2	0	838
1RB0RD_1LC1RD_1LB0RB_0RB0RA	2	2	0	81
1RB0RD_1LC1RD_1LB1LA_0RB0LA	2	2	0	199
1RB0RD_1LC1RD_1LB1RA_1LB0RD	2	2	0	173
1RB0RD_1LC1RD_1LB1RA_1LC0RA	2	2	0	173
1RB0RD_1LC1RD_1LB1RA_1LC0RD	2	2	0	173
1RB0RD_1LC1RD_1LB1RB_0RB0RA	2	2	0	81
1RB0RD_1LC1RD_1LB1RC_1LD0LA	2	2	0	199
1RB0RD_1LC1RD_1LC0LD_1LA0RB	4	2	0	387
1RB0RD_1LC1RD_1LC0LD_1RA1LC	4	2	0	750
1RB0RD_1LC1RD_1LC1LA_0RB0LA	2	2	0	199
1RB0RD_1LC1RD_1LD1LA_0RB0LC	4	2	0	3435
1RB0RD_1LC1RD_1LD1LC_1RA1RB	2	2	0	111
1RB0RD_1LC1RD_1RD0LB_0LA0RB	3	2	0	526
1RB0RD_1LC1RD_1RD1LC_0LA1RB	2	2	0	140
1RB0RD_1RC---_0LA0RD_1LD0LA	2	2	0	221
1RB0RD_1RC---_0LA1LA_1LD0LA	2	2	0	359
1RB0RD_1RC---_0LA1RA_1LD0LA	2	2	0	206
1RB0RD_1RC---_0LA1RC_1LD0LA	2	2	0	175
1RB0RD_1RC---_0LC0RD_1LD0LA	2	2	0	221
1RB0RD_1RC---_1LD0LD_1RA0LC	2	2	0	134
1RB0RD_1RC---_1LD0RC_1RA0LC	2	2	0	102
1RB0RD_1RC---_1LD1RA_1RC1LD	2	2	0	148
1RB0RD_1RC---_1LD1RC_1RA0LC	2	2	0	104
1RB0RD_1RC0LA_0LA0LD_1LD0RB	2	2	0	347
1RB0RD_1RC0LA_0LA0RB_1LD0LA	2	2	0	221
1RB0RD_1RC0LA_0LD1RA_0LC1LB	3	2	0	287
1RB0RD_1RC0LA_0LD1RA_0LD1LB	3	2	0	287
1RB0RD_1RC0LA_0RD1RA_0LD1LB	3	2	0	292
1RB0RD_1RC0LA_0RD1RC_1LD1LB	3	2	0	292
1RB0RD_1RC0LA_1LA0LC_1RD1LC	2	2	0	217
1RB0RD_1RC0LA_1LA0RC_1LD1LB	2	2	0	162
1RB0RD_1RC0LA_1LB0RB_0LB---	2	2	0	361
1RB0RD_1RC0LA_1LC1RA_0LD1LB	3	2	0	306
1RB0RD_1RC0LA_1LD0LB_1RA0LC	2	2	0	76
1RB0RD_1RC0LA_1LD0LC_1RA0LC	2	2	0	146
1RB0RD_1RC0LA_1LD0RB_1RB0LC	2	2	0	119
1RB0RD_1RC0LA_1LD1LC_1RA0LC	2	2	0	107
1RB0RD_1RC0LA_1RD0LB_1LD1RC	2	2	0	211
1RB0RD_1RC0LB_0LD0LA_1RD1LB	2	2	0	227
1RB0RD_1RC0LB_1LA0RD_1LB0LD	2	2	0	317
1RB0RD_1RC0LB_1LD0LB_1RA0LC	2	2	0	155
1RB0RD_1RC0LB_1LD1LC_1RA0LC	2	3	0	254
1RB0RD_1RC0LC_0LA1RB_1LD0LA	2	2	0	221
1RB0RD_1RC0LC_1LD0LB_1RA0LC	2	2	0	109
1RB0RD_1RC0LC_1LD0LC_1RA0LC	2	2	0	154
1RB0RD_1RC0LC_1LD1LC_1RA0LC	2	2	0	124
1RB0RD_1RC0LC_1LD1RC_1RA1LB	2	2	0	171
1RB0RD_1RC0LC_1RD0RC_1LB0LA	2	2	0	314
1RB0RD_1RC0LC_1RD1RB_1LD0LA	2	2	0	192
1RB0RD_1RC0LD_1LA0RB_1LB1LD	2	2	0	228
1RB0RD_1RC0LD_1LB0LA_1RC1RB	2	2	0	433
1RB0RD_1RC0LD_1LB0LA_1RC1RD	2	2	0	433
1RB0RD_1RC0LD_1LD0LC_1RA0LC	2	2	0	154
1RB0RD_1RC0LD_1LD1LC_1RA0LC	2	2	0	133
1RB0RD_1RC0RA_0LA1RB_0LD1LC	3	2	0	556
1RB0RD_1RC0RA_1LC1LD_1RD0LB	2	2	0	285
1RB0RD_1RC0RA_1LD0LC_1RA0LC	2	2	0	178
1RB0RD_1RC0RA_1LD0RB_1LA0LC	2	2	0	92
1RB0RD_1RC0RA_1LD1LA_1LC0RA	2	2	0	119
1RB0RD_1RC0RA_1LD1LA_1LC0RD	2	2	0	119
1RB0RD_1RC0RA_1LD1LC_1RA0LC	2	2	0	321
1RB0RD_1RC0RB_0LA---_1LD1LA	2	2	0	135
1RB0RD_1RC0RB_0LA---_1LD1RB	2	2	0	106
1RB0RD_1RC0RB_0LA0LB_1LD0LA	2	2	0	243
1RB0RD_1RC0RB_0LA0LB_1LD1LC	2	2	0	233
1RB0RD_1RC0RB_0LA0RB_1LD1LB	2	2	0	135
1RB0RD_1RC0RB_0LA0RB_1LD1RC	2	2	0	106
1RB0RD_1RC0RB_0LA1LA_1LD0RC	2	2	0	116
1RB0RD_1RC0RB_0LA1LB_1LD0LA	2	2	0	143
1RB0RD_1RC0RB_0LA1LB_1LD1LC	2	2	0	90
1RB0RD_1RC0RB_0LA1RB_1LD0LA	2	2	0	163
1RB0RD_1RC0RB_0LA1RB_1LD0RC	2	2	0	202
1RB0RD_1RC0RB_0LA1RB_1LD1LC	2	2	0	202
1RB0RD_1RC0RB_0LA1RB_1LD1RC	2	2	0	217
1RB0RD_1RC0RB_0LA1RD_1LD1LB	2	2	0	143
1RB0RD_1RC0RB_1LC0RA_0LC1LA	2	2	0	238
1RB0RD_1RC0RB_1LC0RA_0RC1LA	2	2	0	154
1RB0RD_1RC0RB_1LC0RA_0RC1RB	2	2	0	118
1RB0RD_1RC0RB_1LC0RA_1LC1LA	2	2	0	158
1RB0RD_1RC0RB_1LC0RA_1LC1RB	2	2	0	219
1RB0RD_1RC0RB_1LC0RA_1LD1LA	2	2	0	128
1RB0RD_1RC0RB_1LC0RA_1LD1RB	2	2	0	133
1RB0RD_1RC0RB_1LD0LA_1LA0LB	2	2	0	340
1RB0RD_1RC0RB_1LD0LB_1RA0LC	2	2	0	144
1RB0RD_1RC0RB_1LD0LC_1RA0LC	2	2	0	334
1RB0RD_1RC0RB_1LD0RB_1LA0LC	2	2	0	71
1RB0RD_1RC0RB_1LD1LA_1LC0RA	2	2	0	128
1RB0RD_1RC0RB_1LD1LC_1RA0LC	2	2	0	1494
1RB0RD_1RC0RB_1LD1RB_1RA1LC	2	2	0	160
1RB0RD_1RC0RB_1RD0LB_1LD0LA	2	2	0	223
1RB0RD_1RC0RB_1RD1LA_1LC1LD	2	2	0	164
1RB0RD_1RC0RB_1RD1LB_1LD0LA	2	2	0	136
1RB0RD_1RC0RB_1RD1RB_1LD0LA	2	2	0	165
1RB0RD_1RC0RC_0LA0LB_1LD0LA	2	2	0	359
1RB0RD_1RC0RC_0LA0LB_1LD1LB	2	2	0	467
1RB0RD_1RC0RC_0LA0RB_1LD1RB	2	2	0	106
1RB0RD_1RC0RC_0LD0RC_1LD1LA	2	2	0	171
1RB0RD_1RC0RC_0RD0RC_1LD1LA	2	2	0	115
1RB0RD_1RC0RC_1LA0LC_0LC1LD	2	2	0	283
1RB0RD_1RC0RC_1LA0RB_0LB1LD	2	2	0	244
1RB0RD_1RC0RC_1LA1LD_0LC0LD	2	2	0	315
1RB0RD_1RC0RC_1LD0LC_1RA0LC	2	2	0	500
1RB0RD_1RC0RC_1LD0RB_0LA0LB	2	2	0	178
1RB0RD_1RC0RC_1LD0RB_1LA0LC	2	2	0	71
1RB0RD_1RC0RC_1LD0RC_1LC1LA	2	2	0	123
1RB0RD_1RC0RC_1LD0RC_1LD1LA	2	2	0	123
1RB0RD_1RC0RC_1LD1LA_1RA1LC	3	2	0	500
1RB0RD_1RC0RC_1LD1LC_1RA0LC	2	2	0	185
1RB0RD_1RC0RD_0LA1LB_1LD0LA	2	2	0	359
1RB0RD_1RC0RD_0LB0RD_1LD0LA	2	2	0	221
1RB0RD_1RC0RD_0LB1LA_1LD0LA	2	2	0	359
1RB0RD_1RC0RD_0LB1LB_1LD0LA	2	2	0	359
1RB0RD_1RC0RD_0LB1RA_1LD0LA	2	2	0	207
1RB0RD_1RC0RD_0LB1RC_1LD0LA	2	2	0	175
1RB0RD_1RC0RD_1LA1LC_0LC1RD	2	2	0	656
1RB0RD_1RC0RD_1LA1LC_1LC1RD	2	2	0	785
1RB0RD_1RC0RD_1LC0LD_0RC1RA	2	2	0	120
1RB0RD_1RC0RD_1LC1RA_0RC0RB	2	2	0	86
1RB0RD_1RC0RD_1LC1RB_0RC0RA	2	2	0	86
1RB0RD_1RC0RD_1LD0LC_1RA0LC	2	2	0	184
1RB0RD_1RC0RD_1LD1LC_1RA0LC	2	2	0	653
1RB0RD_1RC1LA_0LA0RB_1LD0LA	2	2	0	313
1RB0RD_1RC1LA_0LA1RB_1LD0LA	2	2	0	267
1RB0RD_1RC1LA_0LD0LC_1RD1LB	2	2	0	117
1RB0RD_1RC1LA_0LD0RB_1RB1LC	2	2	0	157
1RB0RD_1RC1LA_1LD0LB_1RA0LC	2	2	0	111
1RB0RD_1RC1LA_1LD0LC_1RA0LC	2	2	0	140
1RB0RD_1RC1LA_1LD1LA_1RA0LC	2	2	0	211
1RB0RD_1RC1LA_1LD1LC_1RA0LC	2	2	0	121
1RB0RD_1RC1LA_1RD1RB_1LD0LA	2	2	0	232
1RB0RD_1RC1LB_0LB0RD_1LC1RA	2	2	0	918
1RB0RD_1RC1LB_0LB0RD_1LD0LA	2	2	0	469
1RB0RD_1RC1LB_0LB1RD_0LA1RC	2	2	0	146
1RB0RD_1RC1LB_0LD0RC_1LD1LA	2	2	0	97
1RB0RD_1RC1LB_0RD0RC_1LD1LA	2	2	0	69
1RB0RD_1RC1LB_1LB0RD_1LD0LA	2	2	0	187
1RB0RD_1RC1LB_1LB1RA_---1LB	2	2	0	148
1RB0RD_1RC1LB_1LB1RA_1LD0LA	2	2	0	305
1RB0RD_1RC1LB_1LB1RD_1LA1RC	2	2	0	124
1RB0RD_1RC1LB_1LD0LC_1RA0LC	2	2	0	302
1RB0RD_1RC1LB_1LD0RC_1LD1LA	2	2	0	127
1RB0RD_1RC1LB_1LD1LA_1RA0LC	2	2	0	329
1RB0RD_1RC1LB_1LD1LC_1RA0LC	2	2	0	176
1RB0RD_1RC1LB_1LD1RA_---1LB	2	2	0	148
1RB0RD_1RC1LC_0LA0LD_1LD0RB	2	2	0	253
1RB0RD_1RC1LC_0LA1RC_1LD0RB	2	2	0	229
1RB0RD_1RC1LC_0LB0LA_0RB---	2	2	0	225
1RB0RD_1RC1LC_0LB1RA_1LD0LA	2	2	0	212
1RB0RD_1RC1LC_0LD0LC_1RD1LA	2	2	0	110
1RB0RD_1RC1LC_0RD0RA_1LD0LB	3	2	0	599
1RB0RD_1RC1LC_0RD1RA_1LD0LB	2	2	0	287
1RB0RD_1RC1LC_1LD0LA_0RC0LB	4	2	0	616
1RB0RD_1RC1LC_1LD0LB_1RA0LC	2	2	0	227
1RB0RD_1RC1LC_1LD0LC_1RA0LC	2	2	0	93
1RB0RD_1RC1LC_1LD0RA_0LA0LB	3	2	0	112
1RB0RD_1RC1LC_1LD1LB_1RA0LC	2	2	0	108
1RB0RD_1RC1LC_1LD1LC_1RA0LC	2	2	0	154
1RB0RD_1RC1LD_0LA1RA_0LD1LB	2	2	0	217
1RB0RD_1RC1LD_0LA1RA_1LD1LB	2	2	0	156
1RB0RD_1RC1LD_0LA1RC_1LD1LB	2	2	0	131
1RB0RD_1RC1LD_0LB1RA_0LC0LA	3	2	0	287
1RB0RD_1RC1LD_0LB1RB_0LB0LA	2	2	0	207
1RB0RD_1RC1LD_0LB1RC_1RA1LB	2	2	0	156
1RB0RD_1RC1LD_0LD0RA_1LB0LB	3	2	0	894
1RB0RD_1RC1LD_0LD1RA_1LB0LB	2	2	0	90
1RB0RD_1RC1LD_0LD1RC_1RA1LB	2	2	0	156
1RB0RD_1RC1LD_0LD1RD_0LA0LB	2	2	0	128
1RB0RD_1RC1LD_1LA1RD_1LB0RC	2	2	0	207
1RB0RD_1RC1LD_1LB0RD_0LB0LA	2	2	0	253
1RB0RD_1RC1LD_1LB0RD_1LD0LA	2	2	0	209
1RB0RD_1RC1LD_1LB1LA_0LB0LA	2	2	0	391
1RB0RD_1RC1LD_1LB1LA_1LD0LA	2	2	0	347
1RB0RD_1RC1LD_1LB1RA_---1LB	2	2	0	148
1RB0RD_1RC1LD_1LB1RA_0LB0LA	2	2	0	240
1RB0RD_1RC1LD_1LB1RA_1LD0LA	2	2	0	205
1RB0RD_1RC1LD_1LB1RC_0LB0LA	2	2	0	207
1RB0RD_1RC1LD_1LB1RC_1LD0LA	2	2	0	163
1RB0RD_1RC1LD_1LC0LD_0RC1RA	2	2	0	130
1RB0RD_1RC1LD_1LD0LB_1RA0LC	2	2	0	112
1RB0RD_1RC1LD_1LD0LC_1RA0LC	2	2	0	93
1RB0RD_1RC1LD_1LD0RB_0LA0LB	3	2	0	1007
1RB0RD_1RC1LD_1LD1LA_1RA0LC	2	2	0	124
1RB0RD_1RC1LD_1LD1LB_1RA0LC	2	2	0	221
1RB0RD_1RC1LD_1LD1LC_1RA0LC	2	2	0	211
1RB0RD_1RC1LD_1LD1RA_0RD1LB	2	2	0	156
1RB0RD_1RC1LD_1LD1RA_1LB0LB	2	2	0	66
1RB0RD_1RC1LD_1LD1RC_1RA1LB	2	2	0	129
1RB0RD_1RC1LD_1LD1RD_0LA0LB	2	2	0	87
1RB0RD_1RC1LD_1RD0RA_1LB0LB	2	3	0	559
1RB0RD_1RC1LD_1RD1RA_0LD1LB	2	2	0	160
1RB0RD_1RC1LD_1RD1RA_1LC1LB	2	2	0	152
1RB0RD_1RC1RA_0LA0LB_1LD0LA	2	2	0	212
1RB0RD_1RC1RA_0LA1LB_1LD0LA	2	2	0	267
1RB0RD_1RC1RA_0LA1RB_1LD0LA	2	2	0	182
1RB0RD_1RC1RA_0LC1LB_1LD0LA	2	2	0	279
1RB0RD_1RC1RA_0RD0RC_1LD1LB	2	2	0	95
1RB0RD_1RC1RA_1LA1LC_0LC1RD	2	2	0	943
1RB0RD_1RC1RA_1LA1LC_1LC1RD	2	2	0	621
1RB0RD_1RC1RA_1LB0LD_1LC0RD	2	2	0	369
1RB0RD_1RC1RA_1LB1LC_0RC0RA	2	2	0	118
1RB0RD_1RC1RA_1LB1LC_0RC0RD	2	2	0	118
1RB0RD_1RC1RA_1LB1LC_0RC1RD	2	2	0	115
1RB0RD_1RC1RA_1LB1LC_1LC1RD	2	2	0	187
1RB0RD_1RC1RA_1LC1LB_0LC0RD	2	2	0	203
1RB0RD_1RC1RA_1LC1LB_0RC0RD	2	2	0	138
1RB0RD_1RC1RA_1LC1LB_1LC0RD	2	2	0	129
1RB0RD_1RC1RA_1LD0LC_1RA0LC	2	2	0	492
1RB0RD_1RC1RA_1LD0RC_1LD1LB	2	2	0	189
1RB0RD_1RC1RA_1LD1LA_0LC0RD	2	2	0	186
1RB0RD_1RC1RA_1LD1LB_1LC0RD	2	2	0	127
1RB0RD_1RC1RA_1LD1LC_1RA0LC	2	3	0	162
1RB0RD_1RC1RB_0LA0LB_1LD0LA	2	2	0	267
1RB0RD_1RC1RB_0LD0RA_1LB1LD	2	2	0	291
1RB0RD_1RC1RB_1LA1LC_0LC1LD	2	2	0	133
1RB0RD_1RC1RB_1LD0LA_1RC0LB	2	2	0	433
1RB0RD_1RC1RB_1LD0LB_1RA0LC	2	2	0	214
1RB0RD_1RC1RB_1LD0LC_1RA0LC	2	2	0	292
1RB0RD_1RC1RB_1LD0RA_1LB1LD	2	2	0	176
1RB0RD_1RC1RB_1LD1LA_---1LC	3	2	0	305
1RB0RD_1RC1RB_1LD1LC_1RA0LC	2	3	0	263
1RB0RD_1RC1RB_1RD1LA_1LC1LD	2	2	0	152
1RB0RD_1RC1RB_1RD1LB_1LD0LA	2	2	0	160
1RB0RD_1RC1RB_1RD1RB_1LD0LA	2	2	0	152
1RB0RD_1RC1RC_0LA0RB_1LD1LC	4	2	0	369
1RB0RD_1RC1RC_0LA1RB_1LD0LA	2	2	0	175
1RB0RD_1RC1RC_0RD0RC_1LD1LA	2	2	0	95
1RB0RD_1RC1RC_1LD0LC_1RA0LC	2	2	0	156
1RB0RD_1RC1RC_1LD0RC_1LD1LA	2	2	0	189
1RB0RD_1RC1RC_1LD1LA_1LC0RD	2	2	0	127
1RB0RD_1RC1RC_1LD1LC_1RA0LC	2	2	0	124
1RB0RD_1RC1RC_1RD1RB_1LD0LA	2	2	0	152
1RB0RD_1RC1RD_1LA0LC_1RD1LC	2	2	0	103
1RB0RD_1RC1RD_1LB0RD_1LD0LA	2	2	0	233
1RB0RD_1RC1RD_1LB1LA_1LD0LA	2	2	0	371
1RB0RD_1RC1RD_1LB1RA_1LD0LA	2	2	0	212
1RB0RD_1RC1RD_1LB1RC_1LD0LA	2	2	0	187
1RB0RD_1RC1RD_1LC0LB_0RB0LA	2	2	0	211
1RB0RD_1RC1RD_1LC1LB_1LC0RA	2	2	0	129
1RB0RD_1RC1RD_1LD0LA_1RC0LB	2	2	0	433
1RB0RD_1RC1RD_1LD0LC_1RA0LC	2	2	0	314
1RB0RD_1RC1RD_1LD1LA_1RA0LC	3	2	0	368
1RB0RD_1RC1RD_1LD1LB_1LC0RA	2	2	0	127
1RB0RD_1RC1RD_1LD1LC_1RA0LC	2	3	0	319
1RB1LA_0LA0RC_0LD0RC_1LD1LA	2	2	0	191
1RB1LA_0LA0RC_0LD0RC_1LD1RA	2	2	0	211
1RB1LA_0LA0RC_0RD0RB_1LD0LA	3	2	0	396
1RB1LA_0LA0RC_0RD0RB_1LD0RA	2	2	0	94
1RB1LA_0LA0RC_0RD0RC_1LD0RA	2	2	0	94
1RB1LA_0LA0RC_0RD0RC_1LD1LA	2	2	0	124
1RB1LA_0LA0RC_0RD0RC_1LD1RA	2	2	0	132
1RB1LA_0LA0RC_0RD1LB_1LD0RB	2	2	0	261
1RB1LA_0LA0RC_0RD1RC_1LD1LB	2	2	0	1617
1RB1LA_0LA0RC_1LC0LD_1RA0RC	2	2	0	468
1RB1LA_0LA0RC_1LC1LD_0RA1LC	2	2	0	308
1RB1LA_0LA0RC_1LD0LD_1RD1RB	3	2	0	700
1RB1LA_0LA0RC_1LD0RB_1LD1LA	2	2	0	131
1RB1LA_0LA0RC_1LD0RB_1LD1RA	2	2	0	143
1RB1LA_0LA0RC_1LD0RC_1LD0RA	2	2	0	169
1RB1LA_0LA0RC_1LD0RC_1LD1LA	2	2	0	131
1RB1LA_0LA0RC_1LD0RC_1LD1RA	2	2	0	143
1RB1LA_0LA0RC_1RD0RB_1LD0LC	3	2	0	388
1RB1LA_0LA0RC_1RD0RD_1LD1LB	2	2	0	693
1RB1LA_0LA1LC_0LA0LD_1RD0RC	2	2	0	132
1RB1LA_0LA1LC_0LD0LC_1RD0RA	2	2	0	147
1RB1LA_0LA1LC_0RB1RD_---1RC	2	2	0	150
1RB1LA_0LA1LC_0RC0LD_1RD0RB	2	2	0	158
1RB1LA_0LA1LC_0RD0LC_1RD0RA	2	2	0	221
1RB1LA_0LA1LC_0RD1RC_0LD1LB	2	2	0	200
1RB1LA_0LA1LC_0RD1RC_1LD1LB	2	2	0	200
1RB1LA_0LA1LC_1LA0LD_1RD0RC	2	2	0	347
1RB1LA_0LA1LC_1LA1RD_---1RC	2	2	0	126
1RB1LA_0LA1LC_1RB1RD_---1RC	2	2	0	140
1RB1LA_0LA1LC_1RD0LC_1RD0RA	2	2	0	145
1RB1LA_0LA1RC_0LD0RC_1LC1RA	2	2	0	287
1RB1LA_0LA1RC_0LD0RC_1LD1LA	2	2	0	210
1RB1LA_0LA1RC_0LD0RC_1LD1RA	2	2	0	198
1RB1LA_0LA1RC_0LD0RD_1RB1LD	2	2	0	176
1RB1LA_0LA1RC_0LD1RB_---0RB	2	2	0	192
1RB1LA_0LA1RC_0LD1RB_---1LA	2	2	0	172
1RB1LA_0LA1RC_0LD1RB_---1LB	2	2	0	192
1RB1LA_0LA1RC_0LD1RB_---1RA	2	2	0	138
1RB1LA_0LA1RC_0LD1RB_---1RB	2	2	0	182
1RB1LA_0LA1RC_0LD1RB_0LA0RD	2	2	0	192
1RB1LA_0LA1RC_0LD1RB_0LA1RD	2	2	0	182
1RB1LA_0LA1RC_0LD1RB_0LC1RD	2	2	0	192
1RB1LA_0LA1RC_0LD1RB_0RA1LD	2	2	0	182
1RB1LA_0LA1RC_0LD1RB_0RB0RC	2	2	0	202
1RB1LA_0LA1RC_0LD1RB_0RB1LD	2	2	0	266
1RB1LA_0LA1RC_0LD1RB_0RB1RD	2	2	0	148
1RB1LA_0LA1RC_0LD1RB_1LA0RC	2	2	0	182
1RB1LA_0LA1RC_0LD1RB_1LA1LD	2	2	0	97
1RB1LA_0LA1RC_0LD1RB_1LA1RD	2	2	0	124
1RB1LA_0LA1RC_0LD1RB_1LB0RC	2	2	0	202
1RB1LA_0LA1RC_0LD1RB_1LB1RD	2	2	0	148
1RB1LA_0LA1RC_0LD1RB_1RA0RC	2	2	0	148
1RB1LA_0LA1RC_0LD1RB_1RA0RD	2	2	0	158
1RB1LA_0LA1RC_0LD1RB_1RA1LD	2	2	0	107
1RB1LA_0LA1RC_0LD1RB_1RA1RD	2	2	0	140
1RB1LA_0LA1RC_0LD1RB_1RB0RC	2	2	0	192
1RB1LA_0LA1RC_0LD1RB_1RB1LD	2	2	0	172
1RB1LA_0LA1RC_0LD1RB_1RB1RD	2	2	0	138
1RB1LA_0LA1RC_0LD1RB_1RC1LD	2	2	0	256
1RB1LA_0LA1RC_0RB0LD_1LC1RD	2	2	0	355
1RB1LA_0LA1RC_0RB0RD_---1LA	2	2	0	184
1RB1LA_0LA1RC_0RB1RD_---0RA	3	2	0	378
1RB1LA_0LA1RC_0RB1RD_---1RB	3	2	0	546
1RB1LA_0LA1RC_0RB1RD_---1RC	2	2	0	138
1RB1LA_0LA1RC_0RD0RC_1LD0LA	2	2	0	160
1RB1LA_0LA1RC_0RD0RC_1LD0RA	2	2	0	227
1RB1LA_0LA1RC_0RD0RC_1LD1LA	2	2	0	143
1RB1LA_0LA1RC_0RD0RC_1LD1RA	2	2	0	153
1RB1LA_0LA1RC_0RD1RB_0LA---	2	2	0	138
1RB1LA_0LA1RC_0RD1RB_0LB---	2	2	0	177
1RB1LA_0LA1RC_0RD1RB_0LD0RB	2	2	0	193
1RB1LA_0LA1RC_0RD1RB_0LD1LA	2	2	0	177
1RB1LA_0LA1RC_0RD1RB_0LD1LB	2	2	0	193
1RB1LA_0LA1RC_0RD1RB_0LD1RA	2	2	0	148
1RB1LA_0LA1RC_0RD1RB_0LD1RB	2	2	0	185
1RB1LA_0LA1RC_0RD1RB_1LB0LA	2	2	0	596
1RB1LA_0LA1RC_0RD1RB_1LB0LB	2	2	0	506
1RB1LA_0LA1RC_0RD1RB_1LB0LC	2	2	0	237
1RB1LA_0LA1RC_0RD1RB_1LB0LD	2	2	0	608
1RB1LA_0LA1RC_0RD1RB_1LB0RA	2	3	0	221
1RB1LA_0LA1RC_0RD1RB_1LB0RB	2	2	0	199
1RB1LA_0LA1RC_0RD1RB_1LB0RD	2	2	0	261
1RB1LA_0LA1RC_0RD1RB_1LB1LA	2	2	0	183
1RB1LA_0LA1RC_0RD1RB_1LB1LB	2	2	0	223
1RB1LA_0LA1RC_0RD1RB_1LB1LD	2	2	0	191
1RB1LA_0LA1RC_0RD1RB_1LB1RA	2	3	0	485
1RB1LA_0LA1RC_0RD1RB_1LB1RB	2	2	0	191
1RB1LA_0LA1RC_0RD1RB_1LB1RD	2	3	0	491
1RB1LA_0LA1RC_0RD1RB_1LC0LA	2	2	0	148
1RB1LA_0LA1RC_0RD1RB_1LC0LB	2	2	0	185
1RB1LA_0LA1RC_0RD1RB_1LC1LB	2	2	0	225
1RB1LA_0LA1RC_0RD1RB_1LC1LD	2	2	0	152
1RB1LA_0LA1RC_0RD1RB_1LC1RA	2	2	0	136
1RB1LA_0LA1RC_0RD1RB_1LD0LA	2	2	0	620
1RB1LA_0LA1RC_0RD1RB_1LD0RA	2	2	0	152
1RB1LA_0LA1RC_0RD1RB_1LD0RB	2	2	0	164
1RB1LA_0LA1RC_0RD1RB_1LD1LA	2	2	0	128
1RB1LA_0LA1RC_0RD1RB_1LD1LB	2	2	0	152
1RB1LA_0LA1RC_0RD1RB_1LD1RA	2	2	0	134
1RB1LA_0LA1RC_0RD1RB_1LD1RB	2	2	0	146
1RB1LA_0LA1RC_0RD1RB_1RA---	2	2	0	128
1RB1LA_0LA1RC_0RD1RD_1LB0RA	2	3	0	632
1RB1LA_0LA1RC_1LA0RD_---1LA	2	2	0	160
1RB1LA_0LA1RC_1LA1RD_---0RA	3	2	0	344
1RB1LA_0LA1RC_1LA1RD_---1RB	3	2	0	512
1RB1LA_0LA1RC_1LA1RD_---1RC	2	2	0	114
1RB1LA_0LA1RC_1LC1RD_---1RB	3	2	0	546
1RB1LA_0LA1RC_1LD0RC_1LC1LA	2	2	0	148
1RB1LA_0LA1RC_1LD0RC_1LC1LB	2	2	0	137
1RB1LA_0LA1RC_1LD0RC_1LC1RA	2	2	0	160
1RB1LA_0LA1RC_1LD0RC_1LD1LA	2	2	0	148
1RB1LA_0LA1RC_1LD0RC_1LD1LB	2	2	0	137
1RB1LA_0LA1RC_1LD0RC_1LD1RA	2	2	0	160
1RB1LA_0LA1RC_1LD0RD_---1LA	2	2	0	160
1RB1LA_0LA1RC_1LD1LB_1LC0RD	2	2	0	129
1RB1LA_0LA1RC_1LD1RB_---1LA	2	2	0	114
1RB1LA_0LA1RC_1LD1RB_---1LC	2	2	0	148
1RB1LA_0LA1RC_1LD1RB_---1RA	2	2	0	124
1RB1LA_0LA1RC_1LD1RB_---1RC	2	2	0	138
1RB1LA_0LA1RC_1LD1RB_0LA1RD	2	2	0	138
1RB1LA_0LA1RC_1LD1RB_0LB0RD	2	2	0	195
1RB1LA_0LA1RC_1LD1RB_0LC1RD	2	2	0	148
1RB1LA_0LA1RC_1LD1RB_0RA1LD	2	2	0	124
1RB1LA_0LA1RC_1LD1RB_0RB1LD	2	2	0	260
1RB1LA_0LA1RC_1LD1RB_0RB1RD	2	2	0	146
1RB1LA_0LA1RC_1LD1RB_0RC1LD	2	2	0	238
1RB1LA_0LA1RC_1LD1RB_1LA1LD	2	2	0	202
1RB1LA_0LA1RC_1LD1RB_1LA1RD	2	2	0	134
1RB1LA_0LA1RC_1LD1RB_1LB1RD	2	2	0	146
1RB1LA_0LA1RC_1LD1RB_1RA1LD	2	2	0	210
1RB1LA_0LA1RC_1LD1RB_1RA1RD	2	2	0	118
1RB1LA_0LA1RC_1LD1RB_1RB1RD	2	2	0	140
1RB1LA_0LA1RC_1LD1RB_1RC1LD	2	2	0	306
1RB1LA_0LA1RC_1RA0RD_---0LC	3	2	0	324
1RB1LA_0LA1RC_1RA0RD_1RD0LB	2	2	0	106
1RB1LA_0LA1RC_1RA1RD_---0RA	3	2	0	324
1RB1LA_0LA1RC_1RA1RD_---1RB	3	2	0	256
1RB1LA_0LA1RC_1RA1RD_0RD0LC	4	2	0	730
1RB1LA_0LA1RC_1RB0LD_0RA1LC	2	2	0	465
1RB1LA_0LA1RC_1RB0RD_---1LA	2	2	0	174
1RB1LA_0LA1RC_1RB0RD_---1LC	2	2	0	174
1RB1LA_0LA1RC_1RB1RD_---0LB	3	2	0	684
1RB1LA_0LA1RC_1RB1RD_---0RA	3	2	0	364
1RB1LA_0LA1RC_1RB1RD_---1RB	3	2	0	532
1RB1LA_0LA1RC_1RB1RD_---1RC	2	2	0	128
1RB1LA_0LA1RC_1RD1RB_0LA---	2	2	0	128
1RB1LA_0LA1RC_1RD1RB_0LC---	2	2	0	138
1RB1LA_0LA1RC_1RD1RB_0LD0LA	2	2	0	177
1RB1LA_0LA1RC_1RD1RB_0LD0LC	2	2	0	185
1RB1LA_0LA1RC_1RD1RB_0LD0RB	2	2	0	148
1RB1LA_0LA1RC_1RD1RB_0LD1LA	2	2	0	128
1RB1LA_0LA1RC_1RD1RB_0LD1LB	2	2	0	148
1RB1LA_0LA1RC_1RD1RB_0LD1RA	2	2	0	140
1RB1LA_0LA1RC_1RD1RB_0LD1RB	2	2	0	138
1RB1LA_0LA1RC_1RD1RB_0RB---	2	2	0	140
1RB1LA_0LA1RC_1RD1RB_1LA---	2	2	0	128
1RB1LA_0LA1RC_1RD1RB_1LB---	2	2	0	140
1RB1LA_0LA1RC_1RD1RB_1LD0LA	2	2	0	584
1RB1LA_0LA1RC_1RD1RB_1LD0LC	2	2	0	606
1RB1LA_0LA1RC_1RD1RB_1LD1LA	2	2	0	128
1RB1LA_0LA1RC_1RD1RB_1LD1LC	2	2	0	146
1RB1LA_0LA1RC_1RD1RB_1LD1RA	2	2	0	134
1RB1LA_0LA1RC_1RD1RB_1LD1RC	2	2	0	140
1RB1LA_0LA1RC_1RD1RB_1RA---	2	2	0	110
1RB1LA_0LA1RC_1RD1RB_1RB---	2	2	0	134
1RB1LA_0LB1LC_0RC1RD_1LA1RC	2	2	0	136
1RB1LA_0LB1LC_1RD1LB_0LA0RC	3	2	0	582
1RB1LA_0LB1LC_1RD1LB_1RA0RD	3	2	0	108
1RB1LA_0LB1RC_0LD0RC_1LD1LA	2	2	0	212
1RB1LA_0LB1RC_0RD0RC_1LD0RA	2	2	0	225
1RB1LA_0LB1RC_0RD0RC_1LD1LA	2	2	0	137
1RB1LA_0LB1RC_0RD0RC_1LD1RA	2	2	0	147
1RB1LA_0LB1RC_1LA0RD_1LB0RC	2	2	0	158
1RB1LA_0LB1RC_1LD0RB_0RA1LC	2	2	0	258
1RB1LA_0LB1RC_1LD0RB_1RA1LC	2	2	0	165
1RB1LA_0LB1RC_1LD0RC_1LD1LA	2	2	0	156
1RB1LA_0LB1RC_1LD0RC_1LD1RA	2	2	0	170
1RB1LA_0LC0LB_1RC1LD_1LA1RD	2	2	0	113
1RB1LA_0LC0LB_1RC1LD_1RA0LD	2	2	0	86
1RB1LA_0LC0LB_1RC1RD_1LA1RC	2	2	0	116
1RB1LA_0LC0LB_1RC1RD_1LA1RD	2	2	0	116
1RB1LA_0LC0LD_1LC1RD_1LA1RC	2	2	0	146
1RB1LA_0LC0LD_1RC1RD_1LA1RC	2	2	0	134
1RB1LA_0LC0RA_0LD1LB_0RD1RA	2	2	0	182
1RB1LA_0LC0RA_0LD1LB_1RC1RD	2	2	0	322
1RB1LA_0LC0RA_0LD1LB_1RD0LA	2	2	0	157
1RB1LA_0LC0RA_0LD1LB_1RD0LB	2	2	0	146
1RB1LA_0LC0RA_0LD1LB_1RD0LC	2	2	0	162
1RB1LA_0LC0RA_0LD1LB_1RD0RA	2	2	0	298
1RB1LA_0LC0RA_0LD1LB_1RD1LA	2	3	0	355
1RB1LA_0LC0RA_0LD1LB_1RD1LB	2	2	0	310
1RB1LA_0LC0RA_0LD1LB_1RD1LC	2	2	0	322
1RB1LA_0LC0RA_0LD1LB_1RD1RA	2	3	0	726
1RB1LA_0LC0RA_0LD1LB_1RD1RB	2	2	0	316
1RB1LA_0LC0RA_0RB1LD_1LC0LC	4	2	0	729
1RB1LA_0LC0RA_0RD1LB_0RD1RA	2	2	0	179
1RB1LA_0LC0RA_0RD1LB_1LA---	2	2	0	144
1RB1LA_0LC0RA_0RD1LB_1LC1LA	2	2	0	150
1RB1LA_0LC0RA_0RD1LB_1LC1RA	2	2	0	156
1RB1LA_0LC0RA_0RD1LB_1LC1RD	2	2	0	389
1RB1LA_0LC0RA_0RD1LB_1RA---	2	2	0	150
1RB1LA_0LC0RA_0RD1LB_1RD1LA	2	2	0	150
1RB1LA_0LC0RA_0RD1LB_1RD1RA	2	2	0	349
1RB1LA_0LC0RA_1LD1LB_0RD1RA	2	2	0	133
1RB1LA_0LC0RA_1LD1LB_0RD1RC	2	2	0	149
1RB1LA_0LC0RA_1LD1LB_1LA---	2	2	0	121
1RB1LA_0LC0RA_1LD1LB_1RA---	2	2	0	125
1RB1LA_0LC0RA_1LD1LB_1RD1LA	2	2	0	125
1RB1LA_0LC0RA_1LD1LB_1RD1RA	2	2	0	298
1RB1LA_0LC0RA_1LD1LB_1RD1RC	2	2	0	322
1RB1LA_0LC0RA_1RC0RD_1LB1RB	2	2	0	481
1RB1LA_0LC0RA_1RD1LB_0LD1RA	2	2	0	138
1RB1LA_0LC0RA_1RD1LB_0RA---	2	2	0	138
1RB1LA_0LC0RA_1RD1LB_0RD1LA	2	2	0	138
1RB1LA_0LC0RA_1RD1LB_0RD1LC	2	2	0	162
1RB1LA_0LC0RA_1RD1LB_0RD1RA	2	2	0	142
1RB1LA_0LC0RA_1RD1LB_1LA---	2	2	0	316
1RB1LA_0LC0RA_1RD1LB_1LB---	2	2	0	150
1RB1LA_0LC0RA_1RD1LB_1LD0RA	2	2	0	150
1RB1LA_0LC0RA_1RD1LB_1LD1LA	2	2	0	316
1RB1LA_0LC0RA_1RD1LB_1LD1RA	2	2	0	322
1RB1LA_0LC0RA_1RD1LB_1LD1RB	2	2	0	144
1RB1LA_0LC0RA_1RD1LB_1LD1RC	2	2	0	156
1RB1LA_0LC0RA_1RD1LB_1RA---	2	2	0	322
1RB1LA_0LC0RA_1RD1LB_1RB---	2	2	0	132
1RB1LA_0LC0RA_1RD1LB_1RC---	2	2	0	144
1RB1LA_0LC0RA_1RD1LB_1RD0LA	2	2	0	162
1RB1LA_0LC0RA_1RD1LB_1RD0RA	2	2	0	132
1RB1LA_0LC0RA_1RD1LB_1RD1LA	2	2	0	322
1RB1LA_0LC0RA_1RD1LB_1RD1LB	2	2	0	144
1RB1LA_0LC0RA_1RD1LB_1RD1LC	2	2	0	156
1RB1LA_0LC0RA_1RD1LB_1RD1RA	2	3	0	351
1RB1LA_0LC0RA_1RD1LB_1RD1RB	2	2	0	150
1RB1LA_0LC0RB_0RD1LA_1LD0RA	2	2	0	187
1RB1LA_0LC0RB_0RD1LA_1LD1RA	2	2	0	155
1RB1LA_0LC0RB_0RD1LA_1LD1RC	2	2	0	155
1RB1LA_0LC0RB_0RD1LC_1LB1RA	2	2	0	363
1RB1LA_0LC0RB_0RD1LC_1LD1RA	2	2	0	169
1RB1LA_0LC0RB_0RD1RC_1LD0LA	2	2	0	463
1RB1LA_0LC0RB_0RD1RC_1LD0RA	2	2	0	209
1RB1LA_0LC0RB_0RD1RC_1LD1RA	2	2	0	149
1RB1LA_0LC0RB_0RD1RD_1LD0RA	2	2	0	215
1RB1LA_0LC0RB_0RD1RD_1LD1RA	2	2	0	163
1RB1LA_0LC0RB_1LC0RD_1LA1RD	2	2	0	353
1RB1LA_0LC0RB_1LC1LD_0RA---	2	2	0	211
1RB1LA_0LC0RB_1LC1LD_0RD1RA	2	2	0	199
1RB1LA_0LC0RB_1LC1LD_1RA---	2	2	0	117
1RB1LA_0LC0RB_1LC1LD_1RC0RA	2	2	0	231
1RB1LA_0LC0RB_1LC1LD_1RC1RA	2	2	0	127
1RB1LA_0LC0RB_1LC1LD_1RD1LA	2	2	0	117
1RB1LA_0LC0RB_1LC1LD_1RD1RA	2	2	0	111
1RB1LA_0LC0RB_1LC1RD_0LA1LA	2	2	0	213
1RB1LA_0LC0RB_1LC1RD_0LA1RA	2	2	0	199
1RB1LA_0LC0RB_1LC1RD_0LA1RD	2	2	0	352
1RB1LA_0LC0RB_1LC1RD_0LD1LA	2	2	0	213
1RB1LA_0LC0RB_1LC1RD_0RB1LA	2	2	0	185
1RB1LA_0LC0RB_1LC1RD_0RC1LA	2	2	0	201
1RB1LA_0LC0RB_1LC1RD_0RC1RA	2	2	0	219
1RB1LA_0LC0RB_1LC1RD_1LA0LC	2	2	0	197
1RB1LA_0LC0RB_1LC1RD_1LA1LA	2	2	0	181
1RB1LA_0LC0RB_1LC1RD_1LA1LD	2	2	0	93
1RB1LA_0LC0RB_1LC1RD_1LA1RA	2	2	0	197
1RB1LA_0LC0RB_1LC1RD_1LA1RC	2	2	0	258
1RB1LA_0LC0RB_1LC1RD_1LA1RD	2	2	0	258
1RB1LA_0LC0RB_1LC1RD_1LC1LA	2	2	0	183
1RB1LA_0LC0RB_1LC1RD_1LD1LA	2	2	0	181
1RB1LA_0LC0RB_1LC1RD_1LD1RA	2	2	0	199
1RB1LA_0LC0RB_1LC1RD_1RC1LA	2	2	0	201
1RB1LA_0LC0RB_1LD1LA_1LC1RA	2	2	0	201
1RB1LA_0LC0RB_1LD1LA_1LC1RC	2	2	0	201
1RB1LA_0LC0RB_1LD1LA_1LC1RD	2	2	0	242
1RB1LA_0LC0RB_1LD1LA_1LD1RA	2	2	0	211
1RB1LA_0LC0RB_1LD1LA_1LD1RC	2	2	0	211
1RB1LA_0LC0RB_1LD1RC_1LC1LA	2	2	0	258
1RB1LA_0LC0RB_1LD1RC_1LC1RA	2	2	0	270
1RB1LA_0LC0RB_1LD1RC_1LD1RA	2	2	0	183
1RB1LA_0LC0RB_1LD1RD_1LC1LA	2	2	0	175
1RB1LA_0LC0RB_1LD1RD_1LD1RA	2	2	0	183
1RB1LA_0LC0RC_0RD1LA_1LB0RB	4	2	0	276
1RB1LA_0LC0RC_1LA0RD_1LB0LC	2	3	0	473
1RB1LA_0LC0RC_1LC1LD_0RA1LC	2	2	0	310
1RB1LA_0LC0RC_1RD1LC_1LA1RB	2	2	0	180
1RB1LA_0LC0RD_1LA0LB_1LD1RA	2	2	0	310
1RB1LA_0LC0RD_1LC1LD_1RA0RB	2	2	0	117
1RB1LA_0LC0RD_1RA1LC_---0LC	2	2	0	132
1RB1LA_0LC0RD_1RA1RD_1LA0LC	2	2	0	186
1RB1LA_0LC0RD_1RD0LB_1LD1RA	2	2	0	332
1RB1LA_0LC1LB_0RC1RD_1LA1RC	2	2	0	146
1RB1LA_0LC1LB_1RC1RD_1LA1RC	2	2	0	116
1RB1LA_0LC1LC_---1RD_1LA1RC	2	2	0	134
1RB1LA_0LC1LC_1LA1RD_1LB1RC	2	2	0	122
1RB1LA_0LC1LC_1RC1RD_1LA0RB	2	2	0	188
1RB1LA_0LC1RA_---1LD_0RA0LC	2	2	0	132
1RB1LA_0LC1RB_---1LD_1RA1LC	2	2	0	98
1RB1LA_0LC1RB_0RA1LD_1RB1LC	2	2	0	182
1RB1LA_0LC1RB_1RA1LD_1RB1LC	2	2	0	107
1RB1LA_0LC1RB_1RB1LD_0RA1LC	2	2	0	182
1RB1LA_0LC1RC_---1RD_1LA1RC	2	2	0	122
1RB1LA_0LC1RC_1LD0RB_0RA1LC	2	2	0	262
1RB1LA_0LC1RC_1LD0RB_1RA1LC	2	2	0	194
1RB1LA_0LC1RC_1RC1LD_1RA0LD	2	2	0	98
1RB1LA_0LC1RC_1RC1RD_1LA0LB	2	2	0	166
1RB1LA_0LC1RD_---1LA_0LA0RA	2	2	0	176
1RB1LA_0LC1RD_---1LA_0LA1RB	2	2	0	172
1RB1LA_0LC1RD_---1LA_1LA0RC	2	2	0	160
1RB1LA_0LC1RD_---1LA_1LC0RC	2	2	0	160
1RB1LA_0LC1RD_---1LA_1RB0RC	2	2	0	174
1RB1LA_0LC1RD_---1LD_1LA0RA	2	2	0	156
1RB1LA_0LC1RD_---1LD_1LA1RB	2	2	0	133
1RB1LA_0LC1RD_---1RD_0LA0RA	2	2	0	186
1RB1LA_0LC1RD_---1RD_0LA1RB	2	2	0	182
1RB1LA_0LC1RD_---1RD_1LA1RB	2	2	0	132
1RB1LA_0LC1RD_0LA1RC_0LA0RA	2	2	0	186
1RB1LA_0LC1RD_0LA1RC_0LA1RB	2	2	0	182
1RB1LA_0LC1RD_0LB1RC_0LA0RA	2	2	0	196
1RB1LA_0LC1RD_0LB1RC_0LA1RB	2	2	0	192
1RB1LA_0LC1RD_0LB1RC_1LA1RB	2	2	0	144
1RB1LA_0LC1RD_0LD1LB_1LA0RA	2	2	0	178
1RB1LA_0LC1RD_0LD1LC_1LA0RA	2	2	0	181
1RB1LA_0LC1RD_0LD1LC_1LA1RB	2	2	0	82
1RB1LA_0LC1RD_0RA1LC_0LA0RA	2	2	0	186
1RB1LA_0LC1RD_0RA1LC_0LA1RB	2	2	0	182
1RB1LA_0LC1RD_0RA1LD_1LC0RB	2	2	0	246
1RB1LA_0LC1RD_0RB1LC_0LA0RA	2	2	0	196
1RB1LA_0LC1RD_0RB1LC_0LA1RB	2	2	0	256
1RB1LA_0LC1RD_0RB1LC_1LA1RB	2	2	0	248
1RB1LA_0LC1RD_0RD1LB_1LA0RA	2	2	0	206
1RB1LA_0LC1RD_0RD1RC_1LA1RB	2	2	0	126
1RB1LA_0LC1RD_1LA0LC_0LA0RA	2	2	0	210
1RB1LA_0LC1RD_1LA0RB_0LA0RA	2	2	0	186
1RB1LA_0LC1RD_1LA0RB_0LA1RB	2	2	0	182
1RB1LA_0LC1RD_1LA0RC_0LA1RB	2	2	0	160
1RB1LA_0LC1RD_1LA1LB_0RD0RA	2	3	0	304
1RB1LA_0LC1RD_1LA1LB_1LA0RA	2	2	0	187
1RB1LA_0LC1RD_1LA1LC_---0RA	2	2	0	156
1RB1LA_0LC1RD_1LA1RC_---1RB	2	2	0	132
1RB1LA_0LC1RD_1LC1LA_0LC0RD	2	2	0	210
1RB1LA_0LC1RD_1LC1LA_0RB0RD	2	2	0	157
1RB1LA_0LC1RD_1LC1LA_0RC0RD	2	2	0	143
1RB1LA_0LC1RD_1LC1LA_1LC0RD	2	2	0	148
1RB1LA_0LC1RD_1LD0LC_1LA0RA	2	2	0	210
1RB1LA_0LC1RD_1LD0RB_1LA0RA	2	2	0	166
1RB1LA_0LC1RD_1LD0RB_1LA1RB	2	2	0	145
1RB1LA_0LC1RD_1LD0RC_1LA1RB	2	2	0	132
1RB1LA_0LC1RD_1LD1LA_1LC0RD	2	2	0	148
1RB1LA_0LC1RD_1LD1RC_0LA1RB	2	2	0	160
1RB1LA_0LC1RD_1RA1LB_1LA0RA	2	2	0	202
1RB1LA_0LC1RD_1RA1LC_---0RA	2	2	0	166
1RB1LA_0LC1RD_1RA1LC_---1RB	2	2	0	98
1RB1LA_0LC1RD_1RA1LD_1LC0RB	2	2	0	129
1RB1LA_0LC1RD_1RB1LC_0LA0RA	2	2	0	176
1RB1LA_0LC1RD_1RB1LC_0LA1RB	2	2	0	172
1RB1LA_0LC1RD_1RC1LB_1LA0RA	2	2	0	206
1RB1LA_0LC1RD_1RD0LC_0LA0RA	2	2	0	220
1RB1LA_0LC1RD_1RD0LC_1LA0RA	2	2	0	166
1RB1LA_0LC1RD_1RD0RB_0LA0RA	2	2	0	196
1RB1LA_0LC1RD_1RD0RB_0LA1RB	2	2	0	192
1RB1LA_0LC1RD_1RD0RB_1LA1RB	2	2	0	144
1RB1LA_0LC1RD_1RD0RC_0LA1RB	2	2	0	172
1RB1LA_0LC1RD_1RD1LC_0LA1RB	2	2	0	256
1RB1LA_0LC1RD_1RD1LC_1LA1RB	2	2	0	302
1RB1LA_0LC1RD_1RD1RC_0LA1RB	2	2	0	148
1RB1LA_0RC0LC_1LD1RC_0LA1LB	2	2	0	236
1RB1LA_0RC0LC_1LD1RC_1LA1LB	2	2	0	177
1RB1LA_0RC0LC_1LD1RC_1RA1LB	2	2	0	185
1RB1LA_0RC0LD_1LC0LA_---0RB	2	2	0	947
1RB1LA_0RC0LD_1LC0LA_0RC0RD	2	2	0	947
1RB1LA_0RC0LD_1LC0RB_1LA1RA	2	2	0	338
1RB1LA_0RC0LD_1LC1RD_1LA1RC	2	2	0	129
1RB1LA_0RC0LD_1LD0LA_1LC0RB	2	2	0	947
1RB1LA_0RC0RB_0LD---_1LD0RA	2	2	0	210
1RB1LA_0RC0RB_0LD---_1LD1RA	2	2	0	158
1RB1LA_0RC0RB_0LD0RA_1LD1LB	2	2	0	216
1RB1LA_0RC0RB_0LD1LA_1LD1RC	2	2	0	158
1RB1LA_0RC0RB_0LD1RA_1LC1LC	3	2	0	122
1RB1LA_0RC0RB_0LD1RA_1LD1LB	2	2	0	170
1RB1LA_0RC0RB_0RD---_1LD0RA	2	2	0	131
1RB1LA_0RC0RB_0RD---_1LD1RA	2	2	0	128
1RB1LA_0RC0RB_0RD0RA_1LC1LD	2	2	0	233
1RB1LA_0RC0RB_0RD0RA_1LD0LA	2	3	0	398
1RB1LA_0RC0RB_0RD0RA_1LD0RC	2	2	0	146
1RB1LA_0RC0RB_0RD0RA_1LD1LB	2	2	0	151
1RB1LA_0RC0RB_0RD0RA_1LD1RC	2	2	0	153
1RB1LA_0RC0RB_0RD1LA_1LD1RC	2	2	0	128
1RB1LA_0RC0RB_0RD1RA_1LC1LD	2	2	0	216
1RB1LA_0RC0RB_0RD1RA_1LD0RC	2	2	0	139
1RB1LA_0RC0RB_0RD1RA_1LD1LB	2	2	0	136
1RB1LA_0RC0RB_0RD1RA_1LD1RC	2	2	0	136
1RB1LA_0RC0RB_1LB0LD_1LD0RA	2	2	0	230
1RB1LA_0RC0RB_1LB0LD_1LD1RA	2	2	0	170
1RB1LA_0RC0RB_1LB0RD_1LD0RA	2	2	0	141
1RB1LA_0RC0RB_1LB0RD_1LD1RA	2	2	0	136
1RB1LA_0RC0RB_1LB1LD_1LD0RA	2	2	0	116
1RB1LA_0RC0RB_1LB1LD_1LD1RA	2	2	0	145
1RB1LA_0RC0RB_1LC0LD_0RD0RA	2	2	0	213
1RB1LA_0RC0RB_1LC0LD_0RD1RA	2	2	0	117
1RB1LA_0RC0RB_1LC0LD_1LA0LA	2	2	0	392
1RB1LA_0RC0RB_1LC0LD_1LA1RD	2	2	0	339
1RB1LA_0RC0RB_1LC0LD_1RA0RD	2	2	0	244
1RB1LA_0RC0RB_1LC0LD_1RA1LD	2	2	0	378
1RB1LA_0RC0RB_1LC0LD_1RA1RD	2	2	0	143
1RB1LA_0RC0RB_1LC0LD_1RB0LA	2	2	0	368
1RB1LA_0RC0RB_1LC0LD_1RD0RA	2	3	0	752
1RB1LA_0RC0RB_1LC0LD_1RD1LA	2	2	0	90
1RB1LA_0RC0RB_1LC0LD_1RD1RA	2	2	0	96
1RB1LA_0RC0RB_1LC0RA_------	2	2	0	106
1RB1LA_0RC0RB_1LC0RD_---0RA	2	2	0	202
1RB1LA_0RC0RB_1LC0RD_---1RA	2	2	0	116
1RB1LA_0RC0RB_1LC0RD_0LA1RD	2	2	0	190
1RB1LA_0RC0RB_1LC0RD_0RA1LD	2	2	0	116
1RB1LA_0RC0RB_1LC0RD_1LA1RD	2	2	0	235
1RB1LA_0RC0RB_1LC0RD_1RA1LD	2	2	0	145
1RB1LA_0RC0RB_1LC1LD_0RA---	2	2	0	133
1RB1LA_0RC0RB_1LC1LD_0RD0RA	2	2	0	109
1RB1LA_0RC0RB_1LC1LD_0RD1RA	2	2	0	141
1RB1LA_0RC0RB_1LC1LD_1RA---	2	2	0	84
1RB1LA_0RC0RB_1LC1LD_1RC0RA	2	2	0	141
1RB1LA_0RC0RB_1LC1LD_1RC1RA	2	2	0	90
1RB1LA_0RC0RB_1LC1LD_1RD0RA	2	2	0	246
1RB1LA_0RC0RB_1LC1LD_1RD1LA	2	2	0	84
1RB1LA_0RC0RB_1LC1LD_1RD1RA	2	2	0	90
1RB1LA_0RC0RB_1LC1RA_------	2	2	0	135
1RB1LA_0RC0RB_1LC1RD_---0RA	2	2	0	223
1RB1LA_0RC0RB_1LC1RD_---1LA	2	2	0	135
1RB1LA_0RC0RB_1LC1RD_---1RA	2	2	0	145
1RB1LA_0RC0RB_1LC1RD_0LA1RD	2	2	0	232
1RB1LA_0RC0RB_1LC1RD_0RA0LC	2	2	0	247
1RB1LA_0RC0RB_1LC1RD_0RA1LD	2	2	0	143
1RB1LA_0RC0RB_1LC1RD_1LA0LC	2	2	0	145
1RB1LA_0RC0RB_1LC1RD_1LA1RC	2	2	0	208
1RB1LA_0RC0RB_1LC1RD_1LA1RD	2	2	0	208
1RB1LA_0RC0RB_1LC1RD_1RA0LC	2	2	0	155
1RB1LA_0RC0RB_1LC1RD_1RA1LD	2	2	0	90
1RB1LA_0RC0RB_1LD---_1LD0RA	2	2	0	106
1RB1LA_0RC0RB_1LD---_1LD1RA	2	2	0	135
1RB1LA_0RC0RB_1LD0RA_1LC---	2	2	0	106
1RB1LA_0RC0RB_1LD0RA_1LD0LA	2	3	0	305
1RB1LA_0RC0RB_1LD0RA_1LD0RC	2	2	0	202
1RB1LA_0RC0RB_1LD0RA_1LD1LB	2	2	0	109
1RB1LA_0RC0RB_1LD0RA_1LD1RC	2	2	0	223
1RB1LA_0RC0RB_1LD0RD_1LC0RA	2	2	0	98
1RB1LA_0RC0RB_1LD0RD_1LC1RA	2	2	0	116
1RB1LA_0RC0RB_1LD1LA_1LC0RA	2	2	0	88
1RB1LA_0RC0RB_1LD1LA_1LC1RA	2	2	0	129
1RB1LA_0RC0RB_1LD1LA_1LC1RC	2	2	0	129
1RB1LA_0RC0RB_1LD1LA_1LC1RD	2	2	0	205
1RB1LA_0RC0RB_1LD1LA_1LD1RC	2	2	0	135
1RB1LA_0RC0RB_1LD1LC_0RC0RA	2	2	0	180
1RB1LA_0RC0RB_1LD1LC_0RC1RA	2	2	0	241
1RB1LA_0RC0RB_1LD1RA_1LC0RA	2	2	0	90
1RB1LA_0RC0RB_1LD1RA_1LC0RC	2	2	0	96
1RB1LA_0RC0RB_1LD1RA_1LC1LA	2	2	0	131
1RB1LA_0RC0RB_1LD1RA_1LC1LB	2	2	0	139
1RB1LA_0RC0RB_1LD1RA_1LC1RA	2	2	0	135
1RB1LA_0RC0RB_1LD1RA_1LC1RC	2	2	0	139
1RB1LA_0RC0RB_1LD1RA_1LC1RD	2	2	0	213
1RB1LA_0RC0RB_1LD1RA_1LD0RC	2	2	0	116
1RB1LA_0RC0RB_1LD1RA_1LD1LB	2	2	0	141
1RB1LA_0RC0RB_1LD1RA_1LD1RC	2	2	0	145
1RB1LA_0RC0RB_1LD1RC_0LB1LA	2	2	0	349
1RB1LA_0RC0RB_1LD1RC_0LB1RA	2	2	0	361
1RB1LA_0RC0RB_1LD1RC_1LC0RA	2	2	0	105
1RB1LA_0RC0RB_1LD1RC_1LC1LA	2	2	0	208
1RB1LA_0RC0RB_1LD1RC_1LC1RA	2	2	0	216
1RB1LA_0RC0RB_1LD1RD_1LC0RA	2	2	0	98
1RB1LA_0RC0RB_1LD1RD_1LC1LA	2	2	0	131
1RB1LA_0RC0RB_1LD1RD_1LC1RA	2	2	0	141
1RB1LA_0RC0RC_0LD0RB_1LD1RA	2	2	0	158
1RB1LA_0RC0RC_0LD0RC_1LD1RA	2	2	0	183
1RB1LA_0RC0RC_0RD0RB_1LD0RA	2	2	0	95
1RB1LA_0RC0RC_0RD0RB_1LD1RA	2	2	0	128
1RB1LA_0RC0RC_0RD0RC_1LD0RA	2	2	0	95
1RB1LA_0RC0RC_0RD0RC_1LD1RA	2	2	0	125
1RB1LA_0RC0RC_1LC1LD_0RA1LC	2	2	0	313
1RB1LA_0RC0RC_1LD0RB_1LD0RA	2	2	0	106
1RB1LA_0RC0RC_1LD0RB_1LD1RA	2	2	0	137
1RB1LA_0RC0RC_1LD0RC_1LD0RA	2	2	0	189
1RB1LA_0RC0RC_1LD0RC_1LD1RA	2	2	0	137
1RB1LA_0RC0RD_0LC1RD_1LA0LA	3	2	0	1133
1RB1LA_0RC0RD_0LD0LC_1LA1LC	2	2	0	377
1RB1LA_0RC0RD_0LD1RD_1LA0LA	3	2	0	1105
1RB1LA_0RC0RD_1LC0LA_0LB0RB	2	2	0	404
1RB1LA_0RC0RD_1LC0LA_0LB0RD	2	2	0	361
1RB1LA_0RC0RD_1LC0LA_0LD0RB	2	2	0	249
1RB1LA_0RC0RD_1LC0LA_0RB0RB	4	2	0	362
1RB1LA_0RC0RD_1LC0LA_0RB0RD	2	2	0	188
1RB1LA_0RC0RD_1LC0LA_0RB1LD	2	2	0	250
1RB1LA_0RC0RD_1LC0LA_1LA1RC	2	2	0	372
1RB1LA_0RC0RD_1LC0LA_1LC0RB	2	2	0	390
1RB1LA_0RC0RD_1LC0LA_1LC0RD	2	2	0	349
1RB1LA_0RC0RD_1LC0LA_1LD0RB	2	2	0	220
1RB1LA_0RC0RD_1LC0LA_1RA1RD	2	2	0	196
1RB1LA_0RC0RD_1LC0RA_---0RB	2	2	0	106
1RB1LA_0RC0RD_1LC0RA_0LB0RD	2	2	0	207
1RB1LA_0RC0RD_1LC0RA_0RB0RD	2	2	0	138
1RB1LA_0RC0RD_1LC0RA_0RB1LD	2	2	0	244
1RB1LA_0RC0RD_1LC0RA_0RC0RD	2	2	0	106
1RB1LA_0RC0RD_1LC0RA_1LC0RD	2	2	0	189
1RB1LA_0RC0RD_1LC1LA_0RB0LA	2	2	0	190
1RB1LA_0RC0RD_1LC1LA_0RB1LA	2	2	0	190
1RB1LA_0RC0RD_1LC1LA_0RB1LB	2	2	0	274
1RB1LA_0RC0RD_1LC1LD_0RB1LA	2	2	0	188
1RB1LA_0RC0RD_1LC1LD_1RA0RB	2	2	0	84
1RB1LA_0RC0RD_1LC1RA_0LB0RB	2	2	0	147
1RB1LA_0RC0RD_1LC1RA_0LB0RD	2	2	0	147
1RB1LA_0RC0RD_1LC1RA_0LC0RB	2	2	0	158
1RB1LA_0RC0RD_1LC1RA_0LC0RD	2	2	0	199
1RB1LA_0RC0RD_1LC1RA_0RB0RB	2	2	0	124
1RB1LA_0RC0RD_1LC1RA_0RB0RD	2	2	0	124
1RB1LA_0RC0RD_1LC1RA_0RB1LA	2	2	0	198
1RB1LA_0RC0RD_1LC1RA_0RB1LD	2	2	0	220
1RB1LA_0RC0RD_1LC1RA_0RC0RB	2	2	0	135
1RB1LA_0RC0RD_1LC1RA_0RC0RD	2	2	0	135
1RB1LA_0RC0RD_1LC1RA_1LC0RB	2	2	0	137
1RB1LA_0RC0RD_1LC1RA_1LC0RD	2	2	0	137
1RB1LA_0RC0RD_1LC1RD_0RB1LA	2	2	0	198
1RB1LA_0RC0RD_1LC1RD_1LA0LA	3	2	0	651
1RB1LA_0RC0RD_1LD0LA_1LC0RB	2	2	0	220
1RB1LA_0RC0RD_1LD0RA_1LC0RB	2	2	0	106
1RB1LA_0RC0RD_1LD1RD_1LA0LA	3	2	0	519
1RB1LA_0RC1LB_0LD1RD_1LA1RC	2	2	0	141
1RB1LA_0RC1LB_1LA1RD_1LB1RC	2	2	0	133
1RB1LA_0RC1LB_1LB1RD_0LA1RC	2	2	0	273
1RB1LA_0RC1LB_1LB1RD_1LA1RC	2	2	0	143
1RB1LA_0RC1LB_1LC1RD_1LA1RC	2	2	0	133
1RB1LA_0RC1LC_0LD1RD_1LA1RC	2	2	0	134
1RB1LA_0RC1LC_1LC1RD_1LA1RC	2	2	0	121
1RB1LA_0RC1LD_1LA1RC_0RA0LD	2	2	0	197
1RB1LA_0RC1LD_1LA1RD_0RD0LA	3	2	0	402
1RB1LA_0RC1LD_1LB1RC_0LA1LB	2	3	0	470
1RB1LA_0RC1LD_1LB1RC_0RA1LB	2	2	0	143
1RB1LA_0RC1LD_1LB1RC_1LA1LB	2	2	0	133
1RB1LA_0RC1LD_1LB1RC_1RA1LB	2	2	0	139
1RB1LA_0RC1LD_1LC0LA_1RA1RD	2	2	0	141
1RB1LA_0RC1LD_1LC1RD_0RD0LA	3	2	0	402
1RB1LA_0RC1LD_1LD1RC_0LA1LB	2	3	0	222
1RB1LA_0RC1LD_1LD1RC_0RA1LB	2	2	0	157
1RB1LA_0RC1LD_1LD1RC_1LA1LB	2	2	0	143
1RB1LA_0RC1LD_1LD1RC_1RA1LB	2	2	0	149
1RB1LA_0RC1LD_1RD1RC_0LA1LB	2	2	0	147
1RB1LA_0RC1RA_0LC1LD_0LA0LC	2	2	0	134
1RB1LA_0RC1RA_0LC1LD_0RA0LC	2	2	0	148
1RB1LA_0RC1RB_0LC1LD_0LA---	2	2	0	238
1RB1LA_0RC1RB_0LC1LD_1LA0LB	2	2	0	200
1RB1LA_0RC1RB_0LC1LD_1RA0LB	2	2	0	214
1RB1LA_0RC1RB_0LC1LD_1RA1LC	2	2	0	103
1RB1LA_0RC1RB_1LC1LD_0LA---	2	2	0	188
1RB1LA_0RC1RB_1LC1LD_1LA0LB	2	2	0	124
1RB1LA_0RC1RB_1LC1LD_1RA0LB	2	2	0	132
1RB1LA_0RC1RB_1LC1LD_1RA1LC	2	2	0	74
1RB1LA_0RC1RC_0LD0RB_1LC1LA	2	2	0	152
1RB1LA_0RC1RC_0LD0RC_1LD1LA	2	2	0	182
1RB1LA_0RC1RC_0LD0RC_1LD1RA	2	2	0	202
1RB1LA_0RC1RC_0LD1RB_1LA---	2	2	0	136
1RB1LA_0RC1RC_0LD1RD_1LA1RC	2	2	0	122
1RB1LA_0RC1RC_0RD0RC_1LD0RA	2	2	0	192
1RB1LA_0RC1RC_0RD0RC_1LD1LA	2	2	0	134
1RB1LA_0RC1RC_0RD0RC_1LD1RA	2	2	0	142
1RB1LA_0RC1RC_1LA0LD_1RD1RB	4	2	0	644
1RB1LA_0RC1RC_1LA1RD_---0RA	3	2	0	357
1RB1LA_0RC1RC_1LA1RD_---1RB	3	2	0	436
1RB1LA_0RC1RC_1LC1RD_1LA1RC	2	2	0	113
1RB1LA_0RC1RC_1LD0LD_1RA1RB	3	2	0	393
1RB1LA_0RC1RC_1LD0RC_0LB1LA	2	2	0	254
1RB1LA_0RC1RC_1LD0RC_0LB1RA	2	2	0	266
1RB1LA_0RC1RC_1LD0RC_1LD1LA	2	2	0	144
1RB1LA_0RC1RC_1LD0RC_1LD1RA	2	2	0	156
1RB1LA_0RC1RC_1LD0RD_1RD1LA	2	2	0	167
1RB1LA_0RC1RC_1LD1RB_0LA1LB	2	3	0	224
1RB1LA_0RC1RC_1LD1RB_0LA1RB	2	3	0	214
1RB1LA_0RC1RC_1LD1RD_1LA1RB	3	2	0	239
1RB1LA_0RC1RC_1LD1RD_1RA1RB	3	2	0	253
1RB1LA_0RC1RD_0LC1LA_0LA0RA	2	2	0	205
1RB1LA_0RC1RD_0LC1LA_0LA1RB	2	2	0	177
1RB1LA_0RC1RD_0LC1LD_0LA0RA	2	2	0	263
1RB1LA_0RC1RD_0LC1LD_0LA1RB	2	2	0	222
1RB1LA_0RC1RD_0LC1LD_1LA0RA	2	2	0	185
1RB1LA_0RC1RD_0LC1LD_1LA1RB	2	2	0	136
1RB1LA_0RC1RD_0LC1RD_0LA0RA	2	2	0	215
1RB1LA_0RC1RD_0LC1RD_0LA1RB	2	2	0	185
1RB1LA_0RC1RD_0LC1RD_1LA1RB	2	2	0	148
1RB1LA_0RC1RD_0LD---_0LA0RA	2	2	0	205
1RB1LA_0RC1RD_0LD---_0LA1RB	2	2	0	177
1RB1LA_0RC1RD_0LD---_1LA1RB	2	2	0	136
1RB1LA_0RC1RD_0RD---_1LA1RB	2	2	0	128
1RB1LA_0RC1RD_1LA---_0LA0RA	2	2	0	176
1RB1LA_0RC1RD_1LA---_0LA1RB	2	2	0	148
1RB1LA_0RC1RD_1LA---_1LA1RB	2	2	0	118
1RB1LA_0RC1RD_1LB0LD_0LA0RA	2	2	0	215
1RB1LA_0RC1RD_1LB0LD_0LA1RB	2	2	0	185
1RB1LA_0RC1RD_1LB0LD_1LA1RB	2	2	0	148
1RB1LA_0RC1RD_1LB0RD_1LA1RB	2	2	0	136
1RB1LA_0RC1RD_1LB1LA_0LA0RA	2	2	0	184
1RB1LA_0RC1RD_1LB1LA_0LA1RB	2	2	0	154
1RB1LA_0RC1RD_1LB1LA_1LA1RB	2	2	0	126
1RB1LA_0RC1RD_1LB1LC_0LA0RA	2	2	0	200
1RB1LA_0RC1RD_1LB1LC_0LA1RB	2	2	0	160
1RB1LA_0RC1RD_1LB1LC_1LA1RB	2	2	0	134
1RB1LA_0RC1RD_1LB1LD_0LA0RA	2	2	0	233
1RB1LA_0RC1RD_1LB1LD_0LA1RB	2	2	0	218
1RB1LA_0RC1RD_1LB1RD_0LA0RA	2	2	0	188
1RB1LA_0RC1RD_1LB1RD_0LA1RB	2	2	0	160
1RB1LA_0RC1RD_1LC0LA_---1RB	2	2	0	192
1RB1LA_0RC1RD_1LC0LA_1RA1RD	2	2	0	131
1RB1LA_0RC1RD_1LC0RA_0RB0RD	2	2	0	154
1RB1LA_0RC1RD_1LC0RA_0RC0RD	2	2	0	223
1RB1LA_0RC1RD_1LC1LA_0LA0RA	2	2	0	170
1RB1LA_0RC1RD_1LC1LA_0LA1RB	2	2	0	136
1RB1LA_0RC1RD_1LC1LA_0LB0RD	2	2	0	156
1RB1LA_0RC1RD_1LC1LA_0LC0RD	2	2	0	200
1RB1LA_0RC1RD_1LC1LA_0RB0RD	2	2	0	126
1RB1LA_0RC1RD_1LC1LA_0RC0RD	2	2	0	135
1RB1LA_0RC1RD_1LC1LA_1LC0RD	2	2	0	144
1RB1LA_0RC1RD_1LC1LD_0LA0RA	2	2	0	251
1RB1LA_0RC1RD_1LC1LD_0LA1RB	2	2	0	183
1RB1LA_0RC1RD_1LC1LD_1LA0RA	2	2	0	135
1RB1LA_0RC1RD_1LC1LD_1LA1RB	2	2	0	119
1RB1LA_0RC1RD_1LC1RA_0LA0RA	2	2	0	178
1RB1LA_0RC1RD_1LC1RA_0LA1RB	2	2	0	142
1RB1LA_0RC1RD_1LC1RA_0LB0RD	2	2	0	168
1RB1LA_0RC1RD_1LC1RA_0LC0RD	2	2	0	220
1RB1LA_0RC1RD_1LC1RA_0RB0RD	2	2	0	134
1RB1LA_0RC1RD_1LC1RA_0RC0RD	2	2	0	145
1RB1LA_0RC1RD_1LC1RA_1LC0RD	2	2	0	156
1RB1LA_0RC1RD_1LC1RD_0LA0RA	2	2	0	192
1RB1LA_0RC1RD_1LC1RD_0LA1RB	2	2	0	154
1RB1LA_0RC1RD_1LC1RD_1LA1RB	2	2	0	126
1RB1LA_0RC1RD_1LD---_0LA0RA	2	2	0	225
1RB1LA_0RC1RD_1LD0LA_0LA1RB	2	2	0	383
1RB1LA_0RC1RD_1LD0LA_1RC1RB	2	2	0	148
1RB1LA_0RC1RD_1LD0LB_0LA1RB	2	2	0	226
1RB1LA_0RC1RD_1LD0LC_0LA1RB	2	2	0	647
1RB1LA_0RC1RD_1LD0LD_0LA1RB	2	2	0	561
1RB1LA_0RC1RD_1LD0RD_0LA1RB	2	2	0	456
1RB1LA_0RC1RD_1LD1LA_0LA1RB	2	2	0	279
1RB1LA_0RC1RD_1LD1LA_1LC0RD	2	2	0	144
1RB1LA_0RC1RD_1LD1LC_0LA1RB	2	2	0	202
1RB1LA_0RC1RD_1LD1LD_0LA1RB	2	2	0	216
1RB1LA_0RC1RD_1LD1RA_1LC0RD	2	2	0	156
1RB1LA_0RC1RD_1LD1RB_0LA1RB	2	2	0	430
1RB1LA_0RC1RD_1LD1RC_0LA1RB	2	3	0	215
1RB1LA_0RC1RD_1LD1RD_0LA1RB	2	2	0	287
1RB1LA_0RC1RD_1RD---_0LA0RA	2	2	0	180
1RB1LA_0RC1RD_1RD---_0LA1RB	2	2	0	154
1RB1LA_1LA0LC_---1RD_1RD1RB	2	2	0	176
1RB1LA_1LA0LC_0LB0LD_1RD0RC	2	2	0	100
1RB1LA_1LA0LC_0LD0LC_1RD0RA	2	2	0	82
1RB1LA_1LA0LC_0LD0RC_1RD1RB	2	2	0	232
1RB1LA_1LA0LC_0RD0LC_1RD0RA	2	2	0	114
1RB1LA_1LA0LC_0RD0LC_1RD1RB	2	2	0	540
1RB1LA_1LA0LC_1LA1RD_1LD1RC	2	2	0	144
1RB1LA_1LA0LC_1LA1RD_1RD1RC	2	2	0	132
1RB1LA_1LA0LC_1RA1RD_0RD0LC	2	2	0	230
1RB1LA_1LA0LC_1RA1RD_0RD1RC	2	2	0	182
1RB1LA_1LA0LC_1RA1RD_1LD1RC	2	2	0	118
1RB1LA_1LA0LC_1RA1RD_1RD1RC	2	2	0	110
1RB1LA_1LA0LC_1RC0LD_1RC0RA	2	2	0	466
1RB1LA_1LA0LC_1RC1LD_0RB0LD	2	2	0	116
1RB1LA_1LA0LC_1RD0LC_1RD0RA	2	2	0	138
1RB1LA_1LA0LC_1RD0LD_1RC0RA	2	2	0	466
1RB1LA_1LA0LC_1RD1RC_---1RB	2	2	0	176
1RB1LA_1LA0RC_---0LD_1RA---	2	2	0	174
1RB1LA_1LA0RC_---1LD_1RD1RB	2	2	0	174
1RB1LA_1LA0RC_---1RD_1RA1RC	2	2	0	168
1RB1LA_1LA0RC_0LD0RB_1LD0LA	2	3	0	1183
1RB1LA_1LA0RC_0LD0RB_1LD1LB	2	3	0	1103
1RB1LA_1LA0RC_0LD0RC_1LD0LA	2	2	0	91
1RB1LA_1LA0RC_0LD0RC_1LD1LA	2	2	0	163
1RB1LA_1LA0RC_0LD0RC_1LD1LB	2	2	0	83
1RB1LA_1LA0RC_0LD0RC_1LD1RA	2	2	0	179
1RB1LA_1LA0RC_0LD1RC_1LB1LD	2	2	0	489
1RB1LA_1LA0RC_0RA0LD_1LC---	2	2	0	81
1RB1LA_1LA0RC_0RC1LD_0LD0LB	2	2	0	97
1RB1LA_1LA0RC_0RC1LD_0LD1LA	2	2	0	191
1RB1LA_1LA0RC_0RD0RB_1LD0RA	2	2	0	119
1RB1LA_1LA0RC_0RD0RC_1LD0LA	2	2	0	73
1RB1LA_1LA0RC_0RD0RC_1LD0RA	2	2	0	83
1RB1LA_1LA0RC_0RD0RC_1LD1LA	2	2	0	107
1RB1LA_1LA0RC_0RD0RC_1LD1LB	2	2	0	69
1RB1LA_1LA0RC_0RD0RC_1LD1RA	2	2	0	115
1RB1LA_1LA0RC_1LA1LD_0LC0LD	2	2	0	375
1RB1LA_1LA0RC_1LA1RD_1LD0LA	2	2	0	262
1RB1LA_1LA0RC_1LC0RD_0RC0LA	2	2	0	319
1RB1LA_1LA0RC_1LC0RD_0RC1LB	2	2	0	243
1RB1LA_1LA0RC_1LD0LC_1RB1RD	2	2	0	228
1RB1LA_1LA0RC_1LD0RB_0LD1LA	3	2	0	477
1RB1LA_1LA0RC_1LD0RB_0LD1RB	3	2	0	162
1RB1LA_1LA0RC_1LD0RB_1LD0LB	2	3	0	239
1RB1LA_1LA0RC_1LD0RC_1LC1LA	2	2	0	137
1RB1LA_1LA0RC_1LD0RC_1LC1RA	2	2	0	147
1RB1LA_1LA0RC_1LD0RC_1LD0LA	2	2	0	117
1RB1LA_1LA0RC_1LD0RC_1LD0RA	2	2	0	163
1RB1LA_1LA0RC_1LD0RC_1LD1LA	2	2	0	137
1RB1LA_1LA0RC_1LD0RC_1LD1LB	2	2	0	109
1RB1LA_1LA0RC_1LD0RC_1LD1RA	2	2	0	147
1RB1LA_1LA0RC_1LD1RC_---0LA	2	3	0	2094
1RB1LA_1LA0RC_1LD1RC_1LB1LD	2	2	0	821
1RB1LA_1LA0RC_1RB0LD_1LC1LD	2	2	0	169
1RB1LA_1LA0RC_1RB0LD_1LC1RD	2	2	0	128
1RB1LA_1LA0RC_1RC1LD_0LA0LD	2	3	0	298
1RB1LA_1LA0RC_1RC1LD_0LB0LD	2	3	0	286
1RB1LA_1LA0RC_1RD0RB_1LD0LC	2	2	0	175
1RB1LA_1LA0RC_1RD1LC_---1RB	2	2	0	174
1RB1LA_1LA1LC_---1RD_1LA1RC	2	2	0	132
1RB1LA_1LA1LC_---1RD_1RA1RC	2	2	0	110
1RB1LA_1LA1LC_0LB1RD_0RC1RC	2	2	0	146
1RB1LA_1LA1LC_0LD0LC_1RD0RA	2	2	0	137
1RB1LA_1LA1LC_0LD0LC_1RD0RB	2	2	0	111
1RB1LA_1LA1LC_0RD0LC_1RD0RA	2	2	0	218
1RB1LA_1LA1LC_0RD0LC_1RD0RB	2	2	0	262
1RB1LA_1LA1LC_1LB1RD_1LB0RC	2	2	0	107
1RB1LA_1LA1LC_1RA1RD_0RD0LC	2	2	0	286
1RB1LA_1LA1LC_1RC0RD_0LA0LC	2	2	0	198
1RB1LA_1LA1LC_1RC0RD_1LB0LC	2	2	0	188
1RB1LA_1LA1LC_1RD0LC_1RD0RA	2	2	0	146
1RB1LA_1LA1LC_1RD0LC_1RD0RB	2	2	0	130
1RB1LA_1LA1RC_---0LD_---1RA	2	2	0	174
1RB1LA_1LA1RC_---0LD_1RB1RD	2	2	0	174
1RB1LA_1LA1RC_---0RD_0LA1LA	2	2	0	174
1RB1LA_1LA1RC_---0RD_0LA1RD	2	2	0	518
1RB1LA_1LA1RC_---0RD_1LB1LA	2	2	0	164
1RB1LA_1LA1RC_---0RD_1LD1LA	2	2	0	164
1RB1LA_1LA1RC_---1RB_------	2	2	0	120
1RB1LA_1LA1RC_---1RD_0LA0RA	3	2	0	364
1RB1LA_1LA1RC_---1RD_0LA1RB	3	2	0	506
1RB1LA_1LA1RC_---1RD_1LA1RC	2	2	0	120
1RB1LA_1LA1RC_---1RD_1LC1RB	3	2	0	258
1RB1LA_1LA1RC_---1RD_1RA0RA	3	2	0	317
1RB1LA_1LA1RC_---1RD_1RA1RB	3	2	0	418
1RB1LA_1LA1RC_---1RD_1RA1RC	2	2	0	102
1RB1LA_1LA1RC_---1RD_1RB0LC	3	2	0	310
1RB1LA_1LA1RC_---1RD_1RB0RA	3	2	0	310
1RB1LA_1LA1RC_---1RD_1RB1RB	3	2	0	244
1RB1LA_1LA1RC_0LB1RD_0RC1RC	2	2	0	134
1RB1LA_1LA1RC_0LD0RC_1LC1RA	2	2	0	268
1RB1LA_1LA1RC_0LD0RC_1LD1LA	2	2	0	180
1RB1LA_1LA1RC_0LD0RC_1LD1LB	2	2	0	172
1RB1LA_1LA1RC_0LD0RC_1LD1RA	2	2	0	198
1RB1LA_1LA1RC_0RB0RD_0LA0LC	2	2	0	218
1RB1LA_1LA1RC_0RB0RD_1LB0LC	2	2	0	208
1RB1LA_1LA1RC_0RB1LD_0LC0LD	2	2	0	137
1RB1LA_1LA1RC_0RB1LD_1LA0LD	2	2	0	129
1RB1LA_1LA1RC_0RC1LD_0LD0LA	2	2	0	210
1RB1LA_1LA1RC_0RC1LD_0LD0LB	2	2	0	200
1RB1LA_1LA1RC_0RD0RB_1LD0LC	2	2	0	122
1RB1LA_1LA1RC_0RD0RC_1LD0LA	2	2	0	102
1RB1LA_1LA1RC_0RD0RC_1LD0RA	2	2	0	196
1RB1LA_1LA1RC_0RD0RC_1LD1LA	2	2	0	124
1RB1LA_1LA1RC_0RD0RC_1LD1LB	2	2	0	120
1RB1LA_1LA1RC_0RD0RC_1LD1RA	2	2	0	132
1RB1LA_1LA1RC_1LD0RC_1LD1LA	2	2	0	154
1RB1LA_1LA1RC_1LD0RC_1LD1LB	2	2	0	148
1RB1LA_1LA1RC_1LD0RC_1LD1RA	2	2	0	166
1RB1LA_1LA1RC_1RB0LD_0RA1LC	2	2	0	537
1RB1LA_1LA1RC_1RC0RD_0LA0LC	2	2	0	174
1RB1LA_1LA1RC_1RC0RD_1LB0LC	2	2	0	164
1RB1LA_1LA1RC_1RC1LD_0LB0LD	2	2	0	129
1RB1LA_1LA1RC_1RC1LD_0RB0LD	2	2	0	190
1RB1LA_1LA1RC_1RC1LD_1LA0LD	2	2	0	97
1RB1LA_1LA1RC_1RC1RD_1LA0LB	2	2	0	164
1RB1LA_1LA1RC_1RC1RD_1RA0LB	2	2	0	138
1RB1LA_1LB0LC_1LD1RD_0RA0LB	4	2	0	364
1RB1LA_1LB0LC_1RD1LD_0RB1LA	2	2	0	344
1RB1LA_1LB0LC_1RD1LD_0RB1RA	2	2	0	354
1RB1LA_1LB0LC_1RD1RC_1LA1RB	2	2	0	168
1RB1LA_1LB0RC_1LC1LD_0RA1LC	2	2	0	319
1RB1LA_1LB1LC_0RA1RD_0LB0RD	2	2	0	195
1RB1LA_1LB1LC_0RA1RD_0RB0RD	2	2	0	123
1RB1LA_1LB1LC_0RA1RD_1LB0RD	2	2	0	161
1RB1LA_1LB1LC_1LA1RD_---1RC	2	2	0	120
1RB1LA_1LB1LC_1RA1RD_0LB0RD	2	2	0	107
1RB1LA_1LB1LC_1RA1RD_0RB0RD	2	2	0	87
1RB1LA_1LB1LC_1RA1RD_1LB0RD	2	2	0	133
1RB1LA_1LB1LC_1RD0LC_1RD0RA	2	2	0	158
1RB1LA_1LB1RC_---1RD_0LA0RA	3	2	0	392
1RB1LA_1LB1RC_---1RD_0LA1RB	3	2	0	531
1RB1LA_1LB1RC_---1RD_1LA1RB	3	2	0	253
1RB1LA_1LB1RC_0LD0RC_1LD1LA	2	2	0	184
1RB1LA_1LB1RC_0LD0RC_1LD1RA	2	2	0	204
1RB1LA_1LB1RC_0RD0RC_1LD0RA	2	2	0	194
1RB1LA_1LB1RC_0RD0RC_1LD1LA	2	2	0	136
1RB1LA_1LB1RC_0RD0RC_1LD1RA	2	2	0	144
1RB1LA_1LB1RC_1LD0LA_0LB0RD	2	2	0	197
1RB1LA_1LB1RC_1LD0LA_0RB0RD	2	2	0	125
1RB1LA_1LB1RC_1LD0LA_1LB0RD	2	2	0	161
1RB1LA_1LB1RC_1LD0RB_0RA1LC	2	2	0	212
1RB1LA_1LB1RC_1LD0RB_1RA1LC	2	2	0	125
1RB1LA_1LB1RC_1LD0RC_1LD1LA	2	2	0	146
1RB1LA_1LB1RC_1LD0RC_1LD1RA	2	2	0	158
1RB1LA_1LC0LB_0LA1RD_1LD1RC	2	2	0	83
1RB1LA_1LC0LB_0LA1RD_1RD1RC	2	2	0	75
1RB1LA_1LC0LB_0RD0LB_1RA1RC	2	2	0	366
1RB1LA_1LC0LB_0RD1RA_1LC1RC	3	2	0	168
1RB1LA_1LC0LB_0RD1RA_1RC1RC	3	2	0	154
1RB1LA_1LC0LB_1RD0LC_0LA0RB	2	2	0	214
1RB1LA_1LC0LB_1RD1RC_1LA0RB	2	2	0	199
1RB1LA_1LC0LC_1RA1RD_1RD0RB	3	2	0	407
1RB1LA_1LC0LD_0LA0LD_1RD0RB	2	2	0	297
1RB1LA_1LC0LD_1RD1LA_1RA0RB	2	2	0	286
1RB1LA_1LC0LD_1RD1RA_1RA0RB	2	2	0	298
1RB1LA_1LC0RA_0LD0LB_1RD0LA	2	2	0	246
1RB1LA_1LC0RA_0LD0LB_1RD0RB	2	2	0	240
1RB1LA_1LC0RA_0LD0LB_1RD1LA	2	2	0	116
1RB1LA_1LC0RA_0LD0LB_1RD1LB	2	2	0	119
1RB1LA_1LC0RA_0LD0LB_1RD1RB	2	2	0	1491
1RB1LA_1LC0RA_0RD0LB_0RA1RD	2	2	0	127
1RB1LA_1LC0RA_0RD0LB_1LA0RD	2	2	0	133
1RB1LA_1LC0RA_0RD0LB_1LA1LD	2	2	0	119
1RB1LA_1LC0RA_0RD0LB_1LA1RD	2	2	0	115
1RB1LA_1LC0RA_0RD0LB_1LB1RD	2	2	0	139
1RB1LA_1LC0RA_0RD0LB_1RA0LD	2	2	0	145
1RB1LA_1LC0RA_0RD0LB_1RA0RD	2	2	0	139
1RB1LA_1LC0RA_0RD0LB_1RA1LD	2	2	0	123
1RB1LA_1LC0RA_0RD0LB_1RA1RD	2	2	0	119
1RB1LA_1LC0RA_1LD0LB_0RA---	2	2	0	119
1RB1LA_1LC0RA_1LD0LB_0RD1LA	2	2	0	119
1RB1LA_1LC0RA_1LD0LB_0RD1RA	2	2	0	123
1RB1LA_1LC0RA_1LD0LB_1LA---	2	2	0	108
1RB1LA_1LC0RA_1LD0LB_1RA---	2	2	0	112
1RB1LA_1LC0RA_1LD0LB_1RB---	2	2	0	115
1RB1LA_1LC0RA_1LD0LB_1RD0RA	2	2	0	115
1RB1LA_1LC0RA_1LD0LB_1RD0RB	2	2	0	132
1RB1LA_1LC0RA_1LD0LB_1RD1LA	2	2	0	112
1RB1LA_1LC0RA_1LD0LB_1RD1LB	2	2	0	123
1RB1LA_1LC0RA_1LD0LB_1RD1RA	2	2	0	116
1RB1LA_1LC0RA_1RD0LB_---1LA	2	2	0	119
1RB1LA_1LC0RA_1RD0LB_---1RB	2	2	0	139
1RB1LA_1LC0RA_1RD0LB_0LA0RD	2	2	0	145
1RB1LA_1LC0RA_1RD0LB_0LA1RD	2	2	0	123
1RB1LA_1LC0RA_1RD0LB_0RA1LD	2	2	0	123
1RB1LA_1LC0RA_1RD0LB_0RA1RD	2	2	0	103
1RB1LA_1LC0RA_1RD0LB_1LA0RC	2	2	0	78
1RB1LA_1LC0RA_1RD0LB_1LA0RD	2	2	0	107
1RB1LA_1LC0RA_1RD0LB_1LA1LD	2	2	0	112
1RB1LA_1LC0RA_1RD0LB_1LA1RD	2	2	0	174
1RB1LA_1LC0RA_1RD0LB_1LB1RD	2	2	0	111
1RB1LA_1LC0RA_1RD0LB_1LC1RD	2	2	0	139
1RB1LA_1LC0RA_1RD0LB_1RA0RD	2	2	0	111
1RB1LA_1LC0RA_1RD0LB_1RA1LD	2	2	0	116
1RB1LA_1LC0RA_1RD0LB_1RA1RD	2	2	0	178
1RB1LA_1LC0RA_1RD0LB_1RB1LD	2	2	0	119
1RB1LA_1LC0RA_1RD0LB_1RC1RD	2	2	0	295
1RB1LA_1LC0RB_0LC0LD_1RD0LA	2	2	0	191
1RB1LA_1LC0RB_0LC0LD_1RD1LA	2	2	0	233
1RB1LA_1LC0RB_0LC0RD_1RD1LA	2	2	0	353
1RB1LA_1LC0RB_0LC1RD_1RD0LA	2	2	0	352
1RB1LA_1LC0RB_0LC1RD_1RD1LA	2	2	0	258
1RB1LA_1LC0RB_0LD0RA_0RB1RB	2	2	0	335
1RB1LA_1LC0RB_0LD1RA_0RB1RB	2	2	0	257
1RB1LA_1LC0RB_0LD1RA_1LD0LA	2	2	0	217
1RB1LA_1LC0RB_0RD0LC_0RA1LB	2	2	0	343
1RB1LA_1LC0RB_0RD0LC_1RA1LB	2	2	0	271
1RB1LA_1LC0RB_0RD0RA_---1LB	2	2	0	337
1RB1LA_1LC0RB_0RD0RA_1LB0LC	2	2	0	481
1RB1LA_1LC0RB_0RD0RA_1LC1LD	2	2	0	337
1RB1LA_1LC0RB_0RD0RA_1LD0RC	2	2	0	170
1RB1LA_1LC0RB_0RD1LD_0RA1LB	2	2	0	259
1RB1LA_1LC0RB_0RD1LD_1RA1LB	2	2	0	217
1RB1LA_1LC0RB_0RD1RA_---1LB	2	2	0	259
1RB1LA_1LC0RB_0RD1RA_1LB0LC	2	2	0	369
1RB1LA_1LC0RB_0RD1RA_1LB1LD	2	2	0	205
1RB1LA_1LC0RB_0RD1RA_1LC1LD	2	2	0	259
1RB1LA_1LC0RB_0RD1RA_1LD0RC	2	2	0	135
1RB1LA_1LC0RB_1LB0RD_1LA1RD	2	2	0	173
1RB1LA_1LC0RB_1LB0RD_1RA1LD	2	2	0	161
1RB1LA_1LC0RB_1LB1LD_0RA---	2	2	0	149
1RB1LA_1LC0RB_1LB1LD_0RD1RA	2	2	0	161
1RB1LA_1LC0RB_1LB1LD_1RC0RA	2	2	0	161
1RB1LA_1LC0RB_1LB1RA_------	2	2	0	149
1RB1LA_1LC0RB_1LB1RD_---1LA	2	2	0	149
1RB1LA_1LC0RB_1LB1RD_0LA1RD	2	2	0	257
1RB1LA_1LC0RB_1LB1RD_0RA1LD	2	2	0	161
1RB1LA_1LC0RB_1LB1RD_1LA0LC	2	2	0	161
1RB1LA_1LC0RB_1LC0LD_1RA0RD	2	2	0	244
1RB1LA_1LC0RB_1LC0LD_1RA1LD	2	2	0	156
1RB1LA_1LC0RB_1LC0LD_1RA1RD	2	2	0	166
1RB1LA_1LC0RB_1LC0LD_1RD1LA	2	2	0	133
1RB1LA_1LC0RB_1LC0RA_------	2	2	0	193
1RB1LA_1LC0RB_1LC0RD_0LA1RD	2	2	0	351
1RB1LA_1LC0RB_1LC0RD_0RA1LD	2	2	0	213
1RB1LA_1LC0RB_1LC0RD_1LA1RD	2	2	0	173
1RB1LA_1LC0RB_1LC0RD_1RA1LD	2	2	0	161
1RB1LA_1LC0RB_1LC1LD_0RA---	2	2	0	149
1RB1LA_1LC0RB_1LC1LD_0RD0RA	2	2	0	199
1RB1LA_1LC0RB_1LC1LD_0RD1RA	2	2	0	161
1RB1LA_1LC0RB_1LC1LD_1RA---	2	2	0	125
1RB1LA_1LC0RB_1LC1LD_1RC0RA	2	2	0	161
1RB1LA_1LC0RB_1LC1LD_1RC1RA	2	2	0	133
1RB1LA_1LC0RB_1LC1LD_1RD0RA	2	2	0	244
1RB1LA_1LC0RB_1LC1LD_1RD1LA	2	2	0	125
1RB1LA_1LC0RB_1LC1LD_1RD1RA	2	2	0	133
1RB1LA_1LC0RB_1LC1RA_------	2	2	0	149
1RB1LA_1LC0RB_1LC1RD_---1LA	2	2	0	149
1RB1LA_1LC0RB_1LC1RD_0LA1RD	2	2	0	257
1RB1LA_1LC0RB_1LC1RD_0RA1LD	2	2	0	161
1RB1LA_1LC0RB_1LC1RD_1LA0LC	2	2	0	161
1RB1LA_1LC0RB_1LC1RD_1LA1RD	2	2	0	206
1RB1LA_1LC0RB_1LC1RD_1RA1LD	2	2	0	135
1RB1LA_1LC0RB_1LD0RA_1LB0LA	3	2	0	519
1RB1LA_1LC0RB_1LD0RA_1LB1LA	3	2	0	495
1RB1LA_1LC0RB_1LD0RA_1LB1RA	3	2	0	509
1RB1LA_1LC0RB_1LD0RA_1LC0LA	2	2	0	151
1RB1LA_1LC0RB_1LD0RA_1LC0RA	2	2	0	193
1RB1LA_1LC0RB_1LD0RA_1LC1LA	2	2	0	131
1RB1LA_1LC0RB_1LD0RA_1LC1RA	2	2	0	141
1RB1LA_1LC0RB_1LD0RA_1LC1RB	2	2	0	183
1RB1LA_1LC0RB_1LD0RA_1LD0LA	2	2	0	151
1RB1LA_1LC0RB_1LD0RA_1LD0RA	2	2	0	193
1RB1LA_1LC0RB_1LD0RA_1LD1LA	2	2	0	131
1RB1LA_1LC0RB_1LD0RA_1LD1RA	2	2	0	141
1RB1LA_1LC0RB_1LD1LA_1LD0RA	2	2	0	163
1RB1LA_1LC0RB_1LD1LA_1LD1RA	2	2	0	147
1RB1LA_1LC0RB_1LD1LA_1LD1RC	2	2	0	147
1RB1LA_1LC0RB_1LD1RA_0LD1RC	2	2	0	189
1RB1LA_1LC0RB_1LD1RA_0RD1LB	2	2	0	203
1RB1LA_1LC0RB_1LD1RA_1LC---	2	2	0	149
1RB1LA_1LC0RB_1LD1RA_1LD0LA	2	2	0	127
1RB1LA_1LC0RB_1LD1RA_1LD0RA	2	2	0	165
1RB1LA_1LC0RB_1LD1RA_1LD0RC	2	2	0	179
1RB1LA_1LC0RB_1LD1RA_1LD1LA	2	2	0	139
1RB1LA_1LC0RB_1LD1RA_1LD1RA	2	2	0	149
1RB1LA_1LC0RB_1LD1RA_1LD1RC	2	2	0	159
1RB1LA_1LC0RB_1LD1RB_1LB1RA	3	2	0	495
1RB1LA_1LC0RB_1LD1RB_1LC0RA	2	2	0	183
1RB1LA_1LC0RB_1LD1RB_1LC1RA	2	2	0	139
1RB1LA_1LC0RB_1LD1RB_1LD0RA	2	2	0	191
1RB1LA_1LC0RB_1LD1RB_1LD1RA	2	2	0	139
1RB1LA_1LC0RB_1LD1RC_0LB0LA	3	2	0	463
1RB1LA_1LC0RB_1LD1RC_0LD1RA	2	2	0	137
1RB1LA_1LC0RB_1LD1RC_1LB0LA	3	2	0	534
1RB1LA_1LC0RB_1LD1RC_1LB1LA	3	2	0	469
1RB1LA_1LC0RB_1LD1RC_1LB1RA	3	2	0	483
1RB1LA_1LC0RB_1LD1RC_1LC0LA	2	2	0	668
1RB1LA_1LC0RB_1LD1RC_1LC1LA	2	2	0	129
1RB1LA_1LC0RB_1LD1RC_1LC1RA	2	2	0	139
1RB1LA_1LC0RB_1LD1RC_1LD0LA	2	2	0	361
1RB1LA_1LC0RB_1LD1RC_1LD0RA	2	2	0	173
1RB1LA_1LC0RB_1LD1RC_1LD1LA	2	2	0	129
1RB1LA_1LC0RB_1LD1RC_1LD1RA	2	2	0	139
1RB1LA_1LC0RB_1LD1RD_1LC1LA	2	2	0	149
1RB1LA_1LC0RB_1LD1RD_1LD1LA	2	2	0	139
1RB1LA_1LC0RB_1RC1LD_0RA1LB	2	2	0	205
1RB1LA_1LC0RB_1RC1LD_0RA1LC	2	2	0	259
1RB1LA_1LC0RB_1RC1LD_1RA1LC	2	2	0	217
1RB1LA_1LC0RB_1RD1RA_1LC1LD	2	2	0	205
1RB1LA_1LC0RC_0RA0LD_0LB---	3	2	0	90
1RB1LA_1LC0RC_0RA1LD_0LB---	3	2	0	178
1RB1LA_1LC0RC_0RD1LA_0LB1LD	2	2	0	374
1RB1LA_1LC0RC_0RD1LA_0RB0LB	2	2	0	302
1RB1LA_1LC0RC_0RD1LA_0RB1LB	2	2	0	200
1RB1LA_1LC0RC_1RD0RA_1LD0LB	2	2	0	625
1RB1LA_1LC0RC_1RD1LA_1LD0LB	2	2	0	926
1RB1LA_1LC0RC_1RD1LC_1LA1RB	2	2	0	156
1RB1LA_1LC0RD_0LA0LD_1LA0RC	2	3	0	483
1RB1LA_1LC0RD_0LB0RA_0RB---	2	2	0	99
1RB1LA_1LC0RD_0LB1LA_0RB1LA	2	2	0	450
1RB1LA_1LC0RD_0LB1RA_0RB1LA	2	2	0	468
1RB1LA_1LC0RD_0LB1RD_0RB1LA	2	2	0	468
1RB1LA_1LC0RD_0LC1LA_0LA0RB	3	2	0	174
1RB1LA_1LC0RD_0LC1LA_1LA0RB	3	2	0	383
1RB1LA_1LC0RD_0LC1LA_1RC0RB	3	2	0	455
1RB1LA_1LC0RD_0LC1RA_0RD0RB	2	2	0	185
1RB1LA_1LC0RD_0RA0LB_1LD1RA	2	2	0	270
1RB1LA_1LC0RD_0RA0LB_1RD0RA	4	2	0	248
1RB1LA_1LC0RD_0RD0LB_1LD1RA	2	2	0	292
1RB1LA_1LC0RD_1LA0LB_1LD1RA	2	2	0	294
1RB1LA_1LC0RD_1LA0LB_1RB0RA	2	2	0	121
1RB1LA_1LC0RD_1LA0LB_1RB1RA	2	2	0	781
1RB1LA_1LC0RD_1LA0LB_1RB1RD	2	2	0	401
1RB1LA_1LC0RD_1LB0RA_0RB0RB	2	2	0	99
1RB1LA_1LC0RD_1LB0RA_0RB0RD	2	2	0	99
1RB1LA_1LC0RD_1LB0RA_0RB1LD	2	2	0	163
1RB1LA_1LC0RD_1LB0RA_1LB0RB	2	2	0	193
1RB1LA_1LC0RD_1LB1LD_0RA0RB	2	2	0	149
1RB1LA_1LC0RD_1LB1LD_1RA0RB	2	2	0	75
1RB1LA_1LC0RD_1LB1RA_---0RB	2	2	0	149
1RB1LA_1LC0RD_1LB1RA_1LC0RD	2	2	0	149
1RB1LA_1LC0RD_1LC0RA_0RB0RB	2	2	0	99
1RB1LA_1LC0RD_1LC0RA_0RB0RD	2	2	0	99
1RB1LA_1LC0RD_1LC0RA_0RB1LD	2	2	0	163
1RB1LA_1LC0RD_1LC0RA_0RC0RB	2	2	0	99
1RB1LA_1LC0RD_1LC0RA_0RC0RD	2	2	0	99
1RB1LA_1LC0RD_1LC0RA_1LB0RB	2	2	0	193
1RB1LA_1LC0RD_1LC0RA_1LB0RD	2	2	0	193
1RB1LA_1LC0RD_1LC0RA_1LC0RB	2	2	0	193
1RB1LA_1LC0RD_1LC0RA_1LC0RD	2	2	0	193
1RB1LA_1LC0RD_1LC1LD_0RA0RB	2	2	0	149
1RB1LA_1LC0RD_1LC1LD_1RA0RB	2	2	0	75
1RB1LA_1LC0RD_1LC1RA_---0RB	2	2	0	149
1RB1LA_1LC0RD_1LC1RA_0LB0RD	2	2	0	181
1RB1LA_1LC0RD_1LC1RA_0LC0RD	2	2	0	181
1RB1LA_1LC0RD_1LC1RA_0RB0RD	2	2	0	117
1RB1LA_1LC0RD_1LC1RA_0RB1LD	2	2	0	205
1RB1LA_1LC0RD_1LC1RA_0RC0RD	2	2	0	117
1RB1LA_1LC0RD_1LC1RA_1LB0RD	2	2	0	149
1RB1LA_1LC0RD_1LC1RA_1LC0RD	2	2	0	149
1RB1LA_1LC0RD_1LD0LB_1RB0RA	2	2	0	92
1RB1LA_1LC0RD_1LD0LB_1RB1RA	2	2	0	795
1RB1LA_1LC0RD_1LD1LB_0RA1RB	2	2	0	106
1RB1LA_1LC0RD_1LD1RA_1LC0RB	2	2	0	149
1RB1LA_1LC0RD_1LD1RA_1LC0RD	2	2	0	149
1RB1LA_1LC0RD_1RA0LB_1LD1RA	2	2	0	296
1RB1LA_1LC0RD_1RA0LB_1RB0RA	2	2	0	129
1RB1LA_1LC0RD_1RA0LB_1RB1LA	2	2	0	119
1RB1LA_1LC0RD_1RA0LB_1RB1LD	2	2	0	119
1RB1LA_1LC0RD_1RA0LB_1RB1RA	2	2	0	793
1RB1LA_1LC0RD_1RA0LB_1RB1RD	2	2	0	411
1RB1LA_1LC0RD_1RA1LA_---0LC	2	2	0	174
1RB1LA_1LC0RD_1RA1LB_---1RB	2	2	0	106
1RB1LA_1LC0RD_1RA1LD_1LC1RB	2	2	0	106
1RB1LA_1LC0RD_1RA1RA_---0LC	2	2	0	186
1RB1LA_1LC0RD_1RA1RD_1LA0LC	2	2	0	198
1RB1LA_1LC0RD_1RB0LB_1LD1RA	2	2	0	268
1RB1LA_1LC0RD_1RD0LB_0LA0RC	2	2	0	129
1RB1LA_1LC0RD_1RD0LB_1LD1RA	2	2	0	298
1RB1LA_1LC0RD_1RD0LB_1RB1LA	2	2	0	119
1RB1LA_1LC0RD_1RD0LC_1LD1RA	2	2	0	734
1RB1LA_1LC0RD_1RD1RC_1LA0LB	2	2	0	279
1RB1LA_1LC1LB_0LA1RD_---1RC	2	2	0	75
1RB1LA_1LC1LB_0RA1RD_0RB0RD	2	2	0	161
1RB1LA_1LC1LB_1RD0LB_0LA0RC	2	2	0	163
1RB1LA_1LC1LB_1RD0LB_1LA0RC	2	3	0	220
1RB1LA_1LC1LC_1LA1RD_---1RC	2	2	0	131
1RB1LA_1LC1LD_1RD0LB_1RA0RC	2	2	0	438
1RB1LA_1LC1RA_0LA0LD_1RC1LC	2	2	0	64
1RB1LA_1LC1RB_---1LD_0RA0LB	2	2	0	178
1RB1LA_1LC1RB_---1LD_0RA1LC	2	2	0	132
1RB1LA_1LC1RB_0LD0LC_1RD0LA	2	2	0	228
1RB1LA_1LC1RB_0LD0LC_1RD0RA	2	2	0	341
1RB1LA_1LC1RB_0LD0LC_1RD1LA	2	2	0	206
1RB1LA_1LC1RB_0RA1LD_0RB1LC	2	2	0	133
1RB1LA_1LC1RB_0RB1LD_1RA1LC	2	2	0	116
1RB1LA_1LC1RB_0RD0LC_1RD0LA	2	2	0	350
1RB1LA_1LC1RB_0RD0LC_1RD1LA	2	2	0	248
1RB1LA_1LC1RB_1RA1LD_0RB0LB	2	2	0	181
1RB1LA_1LC1RB_1RA1LD_0RB1LC	2	2	0	126
1RB1LA_1LC1RB_1RD0LB_0LA0RC	2	2	0	117
1RB1LA_1LC1RB_1RD0LB_1LA0RC	2	2	0	176
1RB1LA_1LC1RB_1RD0LC_1RD0LA	2	2	0	172
1RB1LA_1LC1RB_1RD0LC_1RD1LA	2	2	0	217
1RB1LA_1LC1RC_0LD0RA_1RD0RB	2	2	0	396
1RB1LA_1LC1RC_1LA0RD_---1LA	2	2	0	169
1RB1LA_1LC1RC_1LA1RD_---1RC	2	2	0	121
1RB1LA_1LC1RC_1LD0RB_0RA1LC	2	2	0	214
1RB1LA_1LC1RC_1LD0RB_1RA1LC	2	2	0	133
1RB1LA_1LC1RC_1LD0RD_---1LA	2	2	0	169
1RB1LA_1LC1RC_1RD0LB_0LA0RC	2	3	0	315
1RB1LA_1LC1RD_---0LD_1LA0RA	2	2	0	149
1RB1LA_1LC1RD_---0LD_1LA1RB	2	2	0	198
1RB1LA_1LC1RD_---0RA_0LA1RB	2	2	0	160
1RB1LA_1LC1RD_---0RB_0LA1RB	2	2	0	172
1RB1LA_1LC1RD_---1LA_---1RB	2	2	0	120
1RB1LA_1LC1RD_---1RA_---0LC	2	2	0	186
1RB1LA_1LC1RD_---1RA_---1RB	2	2	0	132
1RB1LA_1LC1RD_---1RB_0LA1RB	2	2	0	148
1RB1LA_1LC1RD_---1RB_1LA1RC	3	2	0	253
1RB1LA_1LC1RD_0LA1LA_---0RC	2	2	0	174
1RB1LA_1LC1RD_0LA1RC_---0RC	2	2	0	546
1RB1LA_1LC1RD_0LA1RC_---1RB	2	2	0	148
1RB1LA_1LC1RD_0LB1LA_0RC0RD	2	2	0	552
1RB1LA_1LC1RD_0LB1RA_0LC0RD	2	2	0	334
1RB1LA_1LC1RD_0LB1RC_0LA1RB	2	2	0	160
1RB1LA_1LC1RD_0LC1RA_1LB0RD	2	2	0	157
1RB1LA_1LC1RD_0LD0LB_1RA0RA	2	2	0	148
1RB1LA_1LC1RD_0LD0LC_1LA0RA	2	2	0	191
1RB1LA_1LC1RD_0LD0RA_0RB1LC	2	2	0	99
1RB1LA_1LC1RD_0LD1LB_1LA0RA	2	2	0	172
1RB1LA_1LC1RD_0RA0LB_0LA0RA	2	2	0	250
1RB1LA_1LC1RD_0RA0LB_1LA0RA	2	2	0	155
1RB1LA_1LC1RD_0RA0LB_1LA1RB	2	2	0	121
1RB1LA_1LC1RD_0RA0LB_1RA0RA	2	2	0	165
1RB1LA_1LC1RD_0RA1LB_0LA0RA	2	2	0	186
1RB1LA_1LC1RD_0RA1LB_0LA1RB	2	2	0	136
1RB1LA_1LC1RD_0RA1LB_1LC0RB	2	2	0	132
1RB1LA_1LC1RD_0RA1LC_---1RB	2	2	0	132
1RB1LA_1LC1RD_0RB0LB_0LA0RA	2	2	0	252
1RB1LA_1LC1RD_0RB0LB_1RA0RA	2	2	0	166
1RB1LA_1LC1RD_0RB1LB_0LA0RA	2	2	0	194
1RB1LA_1LC1RD_0RB1LB_0LA1RB	2	2	0	142
1RB1LA_1LC1RD_0RB1LB_1LA0RA	2	2	0	179
1RB1LA_1LC1RD_0RB1LC_0LA1RB	2	2	0	256
1RB1LA_1LC1RD_0RB1LC_1LA1RB	2	2	0	306
1RB1LA_1LC1RD_0RB1RC_0LA1RB	2	2	0	154
1RB1LA_1LC1RD_0RD0LB_0LA0RA	2	2	0	267
1RB1LA_1LC1RD_0RD0LB_1RA0RA	2	2	0	165
1RB1LA_1LC1RD_0RD1LB_0LA0RA	2	2	0	198
1RB1LA_1LC1RD_0RD1LB_0LA1RB	2	2	0	156
1RB1LA_1LC1RD_0RD1LB_1LA0RA	2	2	0	178
1RB1LA_1LC1RD_0RD1LC_0LA1RB	2	2	0	256
1RB1LA_1LC1RD_1LA0LB_0LA0RA	2	2	0	244
1RB1LA_1LC1RD_1LA0LB_1RA0RA	2	2	0	154
1RB1LA_1LC1RD_1LA0LC_0LA0RA	2	2	0	180
1RB1LA_1LC1RD_1LA0LC_0RD1RB	2	3	0	217
1RB1LA_1LC1RD_1LA0LC_1LA0RA	2	2	0	149
1RB1LA_1LC1RD_1LA0LC_1RA0RA	2	2	0	155
1RB1LA_1LC1RD_1LA1LB_0LA0RA	2	2	0	174
1RB1LA_1LC1RD_1LA1LB_0LA1RB	2	2	0	126
1RB1LA_1LC1RD_1LA1LB_1LA0RA	2	2	0	184
1RB1LA_1LC1RD_1LA1LB_1LC0RB	2	2	0	264
1RB1LA_1LC1RD_1LA1LC_0LA0RA	2	2	0	152
1RB1LA_1LC1RD_1LA1LC_0LA1RB	2	2	0	210
1RB1LA_1LC1RD_1LA1RC_0LA0RA	2	2	0	178
1RB1LA_1LC1RD_1LA1RC_0LA1RB	2	2	0	142
1RB1LA_1LC1RD_1LB1LA_---0RC	2	2	0	164
1RB1LA_1LC1RD_1LB1LA_1LB0RD	2	2	0	154
1RB1LA_1LC1RD_1LB1LA_1LC0RD	2	2	0	146
1RB1LA_1LC1RD_1LB1RA_1LB0RD	2	2	0	168
1RB1LA_1LC1RD_1LB1RA_1LC0RD	2	2	0	158
1RB1LA_1LC1RD_1LC0RA_0RB0RD	2	2	0	204
1RB1LA_1LC1RD_1LC0RA_0RC0RD	2	2	0	204
1RB1LA_1LC1RD_1LC1LA_---0RC	2	2	0	164
1RB1LA_1LC1RD_1LC1LA_0LB0RD	2	2	0	180
1RB1LA_1LC1RD_1LC1LA_0LC0RD	2	2	0	180
1RB1LA_1LC1RD_1LC1LA_0RB0RD	2	2	0	124
1RB1LA_1LC1RD_1LC1LA_0RC0RD	2	2	0	124
1RB1LA_1LC1RD_1LC1LA_1LB0RD	2	2	0	154
1RB1LA_1LC1RD_1LC1LA_1LC0RD	2	2	0	154
1RB1LA_1LC1RD_1LC1RA_0LB0RD	2	2	0	200
1RB1LA_1LC1RD_1LC1RA_0LC0RD	2	2	0	200
1RB1LA_1LC1RD_1LC1RA_0RB0RD	2	2	0	134
1RB1LA_1LC1RD_1LC1RA_0RC0RD	2	2	0	134
1RB1LA_1LC1RD_1LC1RA_1LB0RD	2	2	0	168
1RB1LA_1LC1RD_1LC1RA_1LC0RD	2	2	0	168
1RB1LA_1LC1RD_1LD0LB_1LA0RA	2	2	0	164
1RB1LA_1LC1RD_1LD0LB_1LA1RB	2	2	0	120
1RB1LA_1LC1RD_1LD0LB_1RA0RA	2	2	0	174
1RB1LA_1LC1RD_1LD1LA_1LB0RD	3	2	0	541
1RB1LA_1LC1RD_1LD1LC_0RB0LA	2	2	0	106
1RB1LA_1LC1RD_1LD1LC_1LA0RA	2	2	0	178
1RB1LA_1LC1RD_1LD1RA_0LC0RD	2	2	0	278
1RB1LA_1LC1RD_1LD1RA_1LB0RD	3	2	0	557
1RB1LA_1LC1RD_1LD1RC_0LA0RA	2	2	0	192
1RB1LA_1LC1RD_1LD1RC_0LA1RB	2	2	0	154
1RB1LA_1LC1RD_1LD1RC_1LA1RB	2	2	0	126
1RB1LA_1LC1RD_1RA0LB_0LA0RA	2	2	0	246
1RB1LA_1LC1RD_1RA0LB_1RA0RA	2	2	0	156
1RB1LA_1LC1RD_1RA0LC_0LA0RA	2	2	0	174
1RB1LA_1LC1RD_1RA0LC_1LA0RA	2	2	0	151
1RB1LA_1LC1RD_1RA1LB_0LA0RA	2	2	0	176
1RB1LA_1LC1RD_1RA1LB_0LA1RB	2	2	0	128
1RB1LA_1LC1RD_1RA1LB_1LA0RA	2	2	0	186
1RB1LA_1LC1RD_1RA1LB_1LC0RB	2	2	0	276
1RB1LA_1LC1RD_1RA1LC_0LA0RA	2	2	0	158
1RB1LA_1LC1RD_1RA1LC_0LA1RB	2	2	0	218
1RB1LA_1LC1RD_1RB0LB_0LA0RA	2	2	0	248
1RB1LA_1LC1RD_1RB0LB_1LA0RA	2	2	0	153
1RB1LA_1LC1RD_1RB0LB_1LA1RB	2	2	0	119
1RB1LA_1LC1RD_1RB0LB_1RA0RA	2	2	0	163
1RB1LA_1LC1RD_1RB1LB_0LA0RA	2	2	0	184
1RB1LA_1LC1RD_1RB1LB_0LA1RB	2	2	0	134
1RB1LA_1LC1RD_1RC0LB_0LA0RA	2	2	0	248
1RB1LA_1LC1RD_1RC0LB_1RA0RA	2	2	0	160
1RB1LA_1LC1RD_1RC1LB_0LA0RA	2	2	0	184
1RB1LA_1LC1RD_1RC1LB_0LA1RB	2	2	0	138
1RB1LA_1LC1RD_1RD0LB_0LA0RA	2	2	0	263
1RB1LA_1LC1RD_1RD0LB_1LA0RA	2	2	0	170
1RB1LA_1LC1RD_1RD0LB_1LA1RB	2	2	0	121
1RB1LA_1LC1RD_1RD0LB_1RA0RA	2	2	0	148
1RB1LA_1LC1RD_1RD0LC_0LA0RA	2	2	0	186
1RB1LA_1LC1RD_1RD1LB_0LA0RA	2	2	0	182
1RB1LA_1LC1RD_1RD1LB_0LA1RB	2	2	0	136
1RB1LA_1LC1RD_1RD1LC_0LA0RA	2	2	0	180
1RB1LA_1LC1RD_1RD1LC_0LA1RB	2	2	0	310
1RB1LA_1LC1RD_1RD1LC_1LA0RA	2	2	0	159
1RB1LA_1LC1RD_1RD1LC_1LA1RB	2	2	0	120
1RB1LA_1LC1RD_1RD1RC_0LA0RA	2	2	0	176
1RB1LA_1LC1RD_1RD1RC_0LA1RB	2	2	0	148
1RB1LA_1LC1RD_1RD1RC_1LA1RB	2	2	0	118
1RB1LA_1RC0LB_1LD0RD_0RC0LA	2	3	0	194
1RB1LA_1RC0LB_1LD0RD_1LB0LA	2	3	0	266
1RB1LA_1RC0LC_0LA1RD_1RD1RB	2	2	0	192
1RB1LA_1RC0LC_0RD0LA_1LD0RC	4	2	0	251
1RB1LA_1RC0LC_0RD1RA_1LD0LA	2	2	0	402
1RB1LA_1RC0LC_1LD0RD_1LB0LA	2	3	0	323
1RB1LA_1RC0LD_0LA0RB_1LB1LD	2	2	0	136
1RB1LA_1RC0LD_0LA0RB_1LB1RD	2	2	0	115
1RB1LA_1RC0LD_0LA0RB_1RD1RB	2	2	0	242
1RB1LA_1RC0LD_1LA0RB_1LB1LD	2	2	0	154
1RB1LA_1RC0LD_1LA0RB_1LB1RD	2	2	0	104
1RB1LA_1RC0LD_1LA1RD_---1RB	3	2	0	309
1RB1LA_1RC0RA_0RD0LA_0LD1LC	2	2	0	292
1RB1LA_1RC0RB_0LC0RD_1LD0RA	2	2	0	116
1RB1LA_1RC0RB_0LC0RD_1LD1RA	2	2	0	145
1RB1LA_1RC0RB_0LC1LD_1LD0RA	2	2	0	210
1RB1LA_1RC0RB_0LC1LD_1LD1RA	2	2	0	158
1RB1LA_1RC0RB_0RD1LA_1LD0LC	2	2	0	152
1RB1LA_1RC0RB_1LC1LD_0LB0RA	2	2	0	138
1RB1LA_1RC0RB_1LC1LD_0LB1RA	2	2	0	126
1RB1LA_1RC0RB_1LC1LD_0LD1RA	4	2	0	430
1RB1LA_1RC0RB_1LC1LD_1LD0RA	2	2	0	106
1RB1LA_1RC0RB_1LC1LD_1LD1RA	2	2	0	135
1RB1LA_1RC0RB_1LD0RA_1LC1LC	2	2	0	106
1RB1LA_1RC0RB_1LD1LA_---0LB	2	2	0	180
1RB1LA_1RC0RB_1LD1LA_1LD0LC	3	2	0	403
1RB1LA_1RC0RB_1LD1LC_0RA0LB	2	2	0	249
1RB1LA_1RC0RB_1LD1LC_1RA0LB	2	2	0	144
1RB1LA_1RC0RB_1LD1RA_0LB1LC	3	2	0	333
1RB1LA_1RC0RB_1LD1RA_1LC0RD	2	2	0	136
1RB1LA_1RC0RC_0LD0RC_1LD1LA	2	2	0	165
1RB1LA_1RC0RC_0RD0RC_1LD0LA	2	2	0	209
1RB1LA_1RC0RC_0RD0RC_1LD0RA	2	2	0	87
1RB1LA_1RC0RC_0RD0RC_1LD1LA	2	2	0	117
1RB1LA_1RC0RC_0RD0RC_1LD1RA	2	2	0	125
1RB1LA_1RC0RC_1LA0LD_0LD1RA	3	2	0	449
1RB1LA_1RC0RC_1LA0LD_1RB1RA	3	2	0	379
1RB1LA_1RC0RC_1LA0LD_1RB1RD	3	2	0	379
1RB1LA_1RC0RC_1LA0LD_1RD1RB	3	2	0	309
1RB1LA_1RC0RC_1LA1LD_0LC0LD	2	2	0	377
1RB1LA_1RC0RC_1LD0LA_1LC0RD	2	2	0	170
1RB1LA_1RC0RC_1LD0LD_1RB1RA	3	2	0	393
1RB1LA_1RC0RC_1LD0RB_0LA0LB	2	2	0	650
1RB1LA_1RC0RC_1LD0RB_0LD1RA	2	2	0	146
1RB1LA_1RC0RC_1LD0RB_0RA0LB	2	2	0	180
1RB1LA_1RC0RC_1LD0RB_1LD1LA	2	2	0	127
1RB1LA_1RC0RC_1LD0RB_1LD1RA	2	2	0	137
1RB1LA_1RC0RC_1LD0RC_1LD0LA	2	2	0	139
1RB1LA_1RC0RC_1LD0RC_1LD0RA	2	2	0	171
1RB1LA_1RC0RC_1LD0RC_1LD1LA	2	2	0	127
1RB1LA_1RC0RC_1LD0RC_1LD1RA	2	2	0	137
1RB1LA_1RC0RC_1RD1RA_1LD0LA	2	2	0	183
1RB1LA_1RC0RD_0LA0LC_1RD1LC	2	3	0	300
1RB1LA_1RC0RD_0LA0RA_---0LA	3	2	0	470
1RB1LA_1RC0RD_0LA1RB_---0LA	3	2	0	673
1RB1LA_1RC0RD_0LA1RB_---1LB	2	2	0	190
1RB1LA_1RC0RD_0LB0RC_1LD0LA	2	2	0	191
1RB1LA_1RC0RD_0LC1LA_0RD1LC	2	2	0	193
1RB1LA_1RC0RD_0LC1LA_1LC0RB	3	2	0	551
1RB1LA_1RC0RD_0LD0RC_1LD0LA	2	2	0	109
1RB1LA_1RC0RD_0RD0RC_1LD0LA	2	2	0	73
1RB1LA_1RC0RD_1LA1RB_---0LA	3	2	0	309
1RB1LA_1RC0RD_1LC0LA_1RA1RD	2	2	0	401
1RB1LA_1RC0RD_1LC0LB_1RA0RB	2	2	0	180
1RB1LA_1RC0RD_1LC0RA_0RC0RB	2	2	0	96
1RB1LA_1RC0RD_1LC0RA_0RC0RD	2	2	0	96
1RB1LA_1RC0RD_1LC0RA_1LC0RD	2	2	0	171
1RB1LA_1RC0RD_1LC1LA_0LC0RD	2	2	0	181
1RB1LA_1RC0RD_1LC1LA_0RC0RD	2	2	0	125
1RB1LA_1RC0RD_1LC1LA_1LC0RB	2	2	0	127
1RB1LA_1RC0RD_1LC1LA_1LC0RD	2	2	0	127
1RB1LA_1RC0RD_1LC1RA_0LC0RD	2	2	0	199
1RB1LA_1RC0RD_1LC1RA_0RC0RD	2	2	0	135
1RB1LA_1RC0RD_1LC1RA_1LC0RB	2	2	0	137
1RB1LA_1RC0RD_1LC1RA_1LC0RD	2	2	0	137
1RB1LA_1RC0RD_1LD0LB_1LA0LA	2	3	0	439
1RB1LA_1RC0RD_1LD0RC_1LD0LA	2	2	0	139
1RB1LA_1RC0RD_1LD0RD_1LA0LA	2	3	0	295
1RB1LA_1RC0RD_1LD0RD_1LB0LA	2	3	0	295
1RB1LA_1RC0RD_1LD1RA_1LC0RB	2	2	0	136
1RB1LA_1RC0RD_1LD1RA_1LC0RD	2	2	0	129
1RB1LA_1RC0RD_1LD1RB_1LA0LA	3	2	0	367
1RB1LA_1RC0RD_1RD---_1LA0LB	2	2	0	231
1RB1LA_1RC0RD_1RD1RB_1LA1LB	2	2	0	156
1RB1LA_1RC1LB_0LA1RD_0LB0RB	2	2	0	168
1RB1LA_1RC1LB_0LA1RD_0LB1RC	2	2	0	95
1RB1LA_1RC1LB_0LB1RD_0LA1RC	2	2	0	88
1RB1LA_1RC1LB_0LB1RD_1LA1RC	2	2	0	219
1RB1LA_1RC1LB_0LD0RC_1LD1LA	2	2	0	101
1RB1LA_1RC1LB_0RD0RC_1LD0LA	2	2	0	226
1RB1LA_1RC1LB_0RD0RC_1LD0RA	2	2	0	133
1RB1LA_1RC1LB_0RD0RC_1LD1LA	2	2	0	69
1RB1LA_1RC1LB_0RD0RC_1LD1RA	2	2	0	75
1RB1LA_1RC1LB_1LA1RD_0LB0RB	2	2	0	182
1RB1LA_1RC1LB_1LA1RD_0LB1RC	2	2	0	194
1RB1LA_1RC1LB_1LB1RD_0LA0RB	2	2	0	133
1RB1LA_1RC1LB_1LB1RD_0LA1RC	2	2	0	101
1RB1LA_1RC1LB_1LD0RB_0RA0LC	2	2	0	111
1RB1LA_1RC1LB_1LD0RB_1RA0LC	2	2	0	106
1RB1LA_1RC1LB_1LD0RC_1LC0LA	2	2	0	152
1RB1LA_1RC1LB_1LD0RC_1LD0LA	2	2	0	152
1RB1LA_1RC1LB_1LD0RC_1LD0RA	2	2	0	147
1RB1LA_1RC1LB_1LD0RC_1LD1LA	2	2	0	131
1RB1LA_1RC1LB_1LD0RC_1LD1RA	2	2	0	141
1RB1LA_1RC1LC_0RD0RC_1LD0LA	2	2	0	214
1RB1LA_1RC1LC_1LA0LD_1RD0RC	2	2	0	346
1RB1LA_1RC1LC_1LA0RD_---0LA	2	2	0	185
1RB1LA_1RC1LC_1LA1RD_---1RC	2	2	0	129
1RB1LA_1RC1LD_0LA0LD_1RD0RC	2	2	0	214
1RB1LA_1RC1LD_0LA0RD_---0LA	2	2	0	110
1RB1LA_1RC1LD_0LA1RD_0RB0LD	3	2	0	447
1RB1LA_1RC1LD_0LA1RD_1LB0RC	2	2	0	234
1RB1LA_1RC1LD_0LB1RC_0RA1LB	2	2	0	101
1RB1LA_1RC1LD_0LB1RC_1RA1LB	2	2	0	135
1RB1LA_1RC1LD_0LD1RC_0RA1LB	2	2	0	92
1RB1LA_1RC1LD_0LD1RC_1RA1LB	2	2	0	127
1RB1LA_1RC1LD_0RD0RC_1LD0LA	2	3	0	1534
1RB1LA_1RC1LD_1LA0RD_0RB0LA	2	2	0	96
1RB1LA_1RC1LD_1LA1RD_1LB0RC	2	2	0	208
1RB1LA_1RC1LD_1LC0LA_1RA1RD	2	2	0	260
1RB1LA_1RC1LD_1LD0RD_1RD0LA	2	2	0	354
1RB1LA_1RC1LD_1LD1RC_1RA1LB	2	2	0	115
1RB1LA_1RC1RB_0LD0LA_---1LC	2	2	0	177
1RB1LA_1RC1RB_0LD0LA_1LC0RC	2	2	0	185
1RB1LA_1RC1RB_0LD0LA_1LC1RD	2	2	0	788
1RB1LA_1RC1RB_0RD0LA_0LD1LC	2	2	0	185
1RB1LA_1RC1RB_0RD0LA_1LC0LD	2	2	0	608
1RB1LA_1RC1RB_0RD0LA_1LC1LD	2	2	0	344
1RB1LA_1RC1RB_0RD0LA_1LD0LA	2	2	0	336
1RB1LA_1RC1RB_0RD0LA_1LD0LB	2	2	0	154
1RB1LA_1RC1RB_0RD0LA_1LD1LC	2	2	0	243
1RB1LA_1RC1RB_0RD0LA_1LD1RC	2	2	0	148
1RB1LA_1RC1RB_0RD0RC_1LD0LA	2	2	0	332
1RB1LA_1RC1RB_0RD1LA_1LD0LA	2	2	0	217
1RB1LA_1RC1RB_0RD1LA_1LD0LC	2	2	0	217
1RB1LA_1RC1RB_0RD1RA_1LD0LA	2	2	0	220
1RB1LA_1RC1RB_1LD0LA_---0LA	2	2	0	768
1RB1LA_1RC1RB_1LD0LA_---1LC	2	2	0	620
1RB1LA_1RC1RB_1LD0LA_1LC0RD	2	2	0	247
1RB1LA_1RC1RB_1LD0LA_1LC1RD	2	2	0	148
1RB1LA_1RC1RB_1LD0RB_0RA0LC	2	2	0	113
1RB1LA_1RC1RB_1LD0RB_1RA0LC	2	3	0	218
1RB1LA_1RC1RB_1LD0RC_1LD0LA	2	2	0	357
1RB1LA_1RC1RB_1LD1LA_---0LA	2	2	0	278
1RB1LA_1RC1RB_1LD1LA_---0LC	2	2	0	278
1RB1LA_1RC1RB_1LD1LA_0LC0RD	2	2	0	294
1RB1LA_1RC1RB_1LD1LC_0RB0LA	2	2	0	333
1RB1LA_1RC1RB_1LD1LC_1RB0LA	2	2	0	301
1RB1LA_1RC1RB_1RD0LA_0LD1LC	2	2	0	362
1RB1LA_1RC1RB_1RD0LA_1LC---	2	2	0	142
1RB1LA_1RC1RB_1RD0LA_1LD0LA	2	2	0	142
1RB1LA_1RC1RB_1RD0LA_1LD0LC	2	2	0	269
1RB1LA_1RC1RB_1RD0LA_1LD1LC	2	2	0	336
1RB1LA_1RC1RB_1RD1LA_1LD0LA	2	2	0	404
1RB1LA_1RC1RB_1RD1LA_1LD0LC	2	2	0	404
1RB1LA_1RC1RC_0LD0RC_1LD1LA	2	2	0	182
1RB1LA_1RC1RC_0RD0RC_1LD0LA	2	2	0	214
1RB1LA_1RC1RC_0RD0RC_1LD0RA	2	2	0	200
1RB1LA_1RC1RC_0RD0RC_1LD1LA	2	2	0	134
1RB1LA_1RC1RC_0RD0RC_1LD1RA	2	2	0	142
1RB1LA_1RC1RC_1LA0RD_---0LA	2	2	0	165
1RB1LA_1RC1RC_1LA0RD_---1LA	2	2	0	165
1RB1LA_1RC1RC_1LA1RD_---1RB	3	2	0	239
1RB1LA_1RC1RC_1LA1RD_---1RC	2	2	0	119
1RB1LA_1RC1RC_1LD0RB_0RA1LC	2	2	0	207
1RB1LA_1RC1RC_1LD0RB_1RA0LC	2	2	0	103
1RB1LA_1RC1RC_1LD0RB_1RA1LC	2	2	0	128
1RB1LA_1RC1RC_1LD0RC_1LC1LA	2	2	0	144
1RB1LA_1RC1RC_1LD0RC_1LC1RA	2	2	0	156
1RB1LA_1RC1RC_1LD0RC_1LD1LA	2	2	0	144
1RB1LA_1RC1RC_1LD0RC_1LD1RA	2	2	0	156
1RB1LA_1RC1RC_1LD0RD_---1LA	2	2	0	165
1RB1LA_1RC1RD_0LA---_---1RB	2	2	0	136
1RB1LA_1RC1RD_0LA0LD_1RD0RC	2	2	0	190
1RB1LA_1RC1RD_0LA0RA_---1RC	3	2	0	378
1RB1LA_1RC1RD_0LA1LA_---0RC	2	2	0	190
1RB1LA_1RC1RD_0LA1RA_---0LC	2	2	0	190
1RB1LA_1RC1RD_0LA1RB_---0LC	3	2	0	673
1RB1LA_1RC1RD_0LA1RB_---1RC	3	2	0	515
1RB1LA_1RC1RD_0LA1RC_---0RC	2	2	0	534
1RB1LA_1RC1RD_0LB---_0LA1RB	2	2	0	148
1RB1LA_1RC1RD_0LC0LA_0LA0RA	2	2	0	205
1RB1LA_1RC1RD_0LC0LA_0LA1RB	2	2	0	177
1RB1LA_1RC1RD_0LC0LB_0LA0RA	2	2	0	215
1RB1LA_1RC1RD_0LC0LB_0LA1RB	2	2	0	185
1RB1LA_1RC1RD_0LC0LB_1LA1RB	2	2	0	148
1RB1LA_1RC1RD_0LC0RD_1LA1RB	2	2	0	126
1RB1LA_1RC1RD_0LC1LA_---1RB	2	2	0	136
1RB1LA_1RC1RD_0LC1LD_0LA1RB	2	2	0	160
1RB1LA_1RC1RD_0LC1RD_0LA1RB	2	2	0	148
1RB1LA_1RC1RD_1LA---_0LA0RA	2	2	0	170
1RB1LA_1RC1RD_1LA---_0LA1RB	2	2	0	136
1RB1LA_1RC1RD_1LA0LC_1RD1LC	2	2	0	99
1RB1LA_1RC1RD_1LA1RB_---0LC	3	2	0	309
1RB1LA_1RC1RD_1LA1RB_---1RC	3	2	0	239
1RB1LA_1RC1RD_1LB1LA_---0RC	2	2	0	159
1RB1LA_1RC1RD_1LC0LA_0LA0RA	2	2	0	225
1RB1LA_1RC1RD_1LC0LA_0LA1RB	2	2	0	619
1RB1LA_1RC1RD_1LC0LA_1LA0RA	2	2	0	151
1RB1LA_1RC1RD_1LC0LA_1LA1RB	2	3	0	188
1RB1LA_1RC1RD_1LC0LA_1LD1RB	2	3	0	474
1RB1LA_1RC1RD_1LC0LA_1RA0RA	2	2	0	159
1RB1LA_1RC1RD_1LC0LA_1RA1RB	2	2	0	524
1RB1LA_1RC1RD_1LC0LA_1RA1RD	2	2	0	244
1RB1LA_1RC1RD_1LC0LA_1RD1RB	2	3	0	464
1RB1LA_1RC1RD_1LC0LB_0LA0RA	2	2	0	233
1RB1LA_1RC1RD_1LC0LB_0LA1RB	2	2	0	643
1RB1LA_1RC1RD_1LC0RA_0LA0RA	2	2	0	184
1RB1LA_1RC1RD_1LC0RA_0LA1RB	2	2	0	154
1RB1LA_1RC1RD_1LC0RA_0RC0RD	2	2	0	229
1RB1LA_1RC1RD_1LC0RA_1LA1RB	2	2	0	126
1RB1LA_1RC1RD_1LC0RB_0LA0RA	2	2	0	188
1RB1LA_1RC1RD_1LC0RB_0LA1RB	2	2	0	160
1RB1LA_1RC1RD_1LC1LA_0LA0RA	2	2	0	170
1RB1LA_1RC1RD_1LC1LA_0LA1RB	2	2	0	136
1RB1LA_1RC1RD_1LC1LA_0LC0RD	2	2	0	200
1RB1LA_1RC1RD_1LC1LA_0RC0RD	2	2	0	135
1RB1LA_1RC1RD_1LC1LA_1LC0RD	2	2	0	144
1RB1LA_1RC1RD_1LC1LB_0LA0RA	2	2	0	192
1RB1LA_1RC1RD_1LC1LB_0LA1RB	2	2	0	154
1RB1LA_1RC1RD_1LC1LB_1LA1RB	2	2	0	126
1RB1LA_1RC1RD_1LC1RA_0LA0RA	2	2	0	178
1RB1LA_1RC1RD_1LC1RA_0LA1RB	2	2	0	142
1RB1LA_1RC1RD_1LC1RA_0LC0RD	2	2	0	220
1RB1LA_1RC1RD_1LC1RA_0RC0RD	2	2	0	145
1RB1LA_1RC1RD_1LC1RA_1LC0RD	2	2	0	156
1RB1LA_1RC1RD_1LC1RB_0LA0RA	2	2	0	176
1RB1LA_1RC1RD_1LC1RB_0LA1RB	2	2	0	148
1RB1LA_1RC1RD_1LC1RB_1LA1RB	2	2	0	118
1RB1LA_1RC1RD_1LD---_0LA0RA	2	2	0	184
1RB1LA_1RC1RD_1LD---_0LA1RB	2	2	0	148
1RB1LA_1RC1RD_1LD---_1LA1RB	2	2	0	118
1RB1LA_1RC1RD_1RD---_0LA0RA	2	2	0	168
1RB1LA_1RC1RD_1RD---_0LA1RB	2	2	0	142
1RB1LA_1RC1RD_1RD---_1LA1RB	2	2	0	110
1RB1LB_0LB0RC_1LD0RD_1LA1RA	4	2	0	480
1RB1LB_0LB0RC_1LD1RA_1LA---	4	2	0	560
1RB1LB_0LB1LC_1RD0LA_0RB1RD	3	2	0	337
1RB1LB_0LB1LC_1RD0RA_0LB1RC	2	2	0	166
1RB1LB_0LB1LC_1RD0RA_0RB1RC	2	2	0	184
1RB1LB_0LB1LC_1RD0RA_1LB1RC	2	2	0	182
1RB1LB_0LB1LC_1RD0RA_1RA1RC	2	2	0	140
1RB1LB_0LB1LC_1RD0RC_1LA1RA	2	2	0	109
1RB1LB_0LB1LC_1RD1LA_1RA1RD	3	2	0	256
1RB1LB_0LB1LC_1RD1LB_1LA1RD	2	2	0	114
1RB1LB_0LB1RC_0RD0LB_1LD0LA	2	2	0	441
1RB1LB_0LB1RC_0RD0RB_1LD0LA	2	2	0	483
1RB1LB_0LB1RC_0RD0RC_1LD1RA	2	2	0	108
1RB1LB_0LB1RC_0RD0RD_1LD0LA	2	2	0	399
1RB1LB_0LB1RC_0RD1LA_1LB1RD	2	2	0	299
1RB1LB_0LB1RC_1LB0RD_1LD0LA	2	2	0	503
1RB1LB_0LB1RC_1LD0RB_1LA1LD	4	2	0	594
1RB1LB_0LB1RC_1LD0RC_1LD1RA	2	2	0	195
1RB1LB_0LC0LA_0LB1LD_1RC1RD	2	2	0	123
1RB1LB_0LC0LA_0LD1RD_1RC1LB	2	2	0	131
1RB1LB_0LC0LA_1LA1RD_1LC1RC	2	2	0	208
1RB1LB_0LC0LA_1LA1RD_1RC0LB	2	2	0	166
1RB1LB_0LC0LA_1LA1RD_1RC0LC	2	2	0	160
1RB1LB_0LC0LA_1LA1RD_1RC0RC	2	2	0	137
1RB1LB_0LC0LA_1LA1RD_1RC1LB	2	2	0	125
1RB1LB_0LC0LA_1LA1RD_1RC1RA	2	2	0	130
1RB1LB_0LC0LA_1LA1RD_1RC1RC	2	2	0	150
1RB1LB_0LC0LA_1LB1LD_1RC1RD	2	2	0	95
1RB1LB_0LC0LA_1LC1RD_1RC0LA	2	2	0	143
1RB1LB_0LC0LA_1RD1LC_1LB1RC	2	2	0	67
1RB1LB_0LC0LB_0LD1LB_1RD0LA	2	2	0	146
1RB1LB_0LC0LB_0LD1LB_1RD1LA	2	2	0	158
1RB1LB_0LC0LB_0LD1LC_1RD0LA	2	2	0	149
1RB1LB_0LC0LB_0LD1LC_1RD1LA	2	2	0	154
1RB1LB_0LC0LB_0LD1LD_1RD0LA	2	2	0	141
1RB1LB_0LC0LB_0LD1LD_1RD1LA	2	2	0	146
1RB1LB_0LC0LB_0LD1LD_1RD1RA	2	2	0	135
1RB1LB_0LC0LB_0RD1LD_1RD1RA	2	2	0	162
1RB1LB_0LC0LB_1RC1LD_0LB1RA	2	2	0	93
1RB1LB_0LC0LB_1RC1LD_0LC1RA	2	2	0	88
1RB1LB_0LC0LB_1RC1LD_0RA1RA	2	2	0	90
1RB1LB_0LC0LB_1RC1LD_0RD1RA	2	2	0	104
1RB1LB_0LC0LB_1RC1LD_1LA1RA	2	2	0	84
1RB1LB_0LC0LB_1RC1LD_1LA1RD	2	2	0	133
1RB1LB_0LC0LB_1RC1LD_1LB1RA	2	2	0	109
1RB1LB_0LC0LB_1RC1LD_1LC1RA	2	2	0	102
1RB1LB_0LC0LB_1RC1LD_1RA0LD	2	2	0	99
1RB1LB_0LC0LB_1RC1LD_1RA0RC	2	2	0	103
1RB1LB_0LC0LB_1RC1LD_1RA1RA	2	2	0	95
1RB1LB_0LC0LB_1RC1LD_1RC1RA	2	2	0	97
1RB1LB_0LC0LB_1RC1LD_1RD1RA	2	2	0	109
1RB1LB_0LC0LB_1RC1RD_0LA---	2	2	0	90
1RB1LB_0LC0LB_1RC1RD_1LA0LA	2	2	0	130
1RB1LB_0LC0LB_1RC1RD_1LA0LC	2	2	0	98
1RB1LB_0LC0LB_1RC1RD_1LA0RA	2	2	0	125
1RB1LB_0LC0LB_1RC1RD_1LA1LA	2	2	0	90
1RB1LB_0LC0LB_1RC1RD_1LA1LB	2	2	0	211
1RB1LB_0LC0LB_1RC1RD_1LA1RA	2	2	0	72
1RB1LB_0LC0LB_1RC1RD_1LA1RB	2	2	0	145
1RB1LB_0LC0LB_1RC1RD_1LA1RD	2	2	0	137
1RB1LB_0LC0LB_1RC1RD_1LC0LA	2	2	0	100
1RB1LB_0LC0LB_1RC1RD_1LC1LA	2	2	0	92
1RB1LB_0LC0LB_1RC1RD_1LD1LA	2	2	0	99
1RB1LB_0LC0LB_1RC1RD_1LD1RA	2	2	0	130
1RB1LB_0LC0LB_1RD1LB_1RD0LA	2	2	0	171
1RB1LB_0LC0LB_1RD1LB_1RD1LA	2	2	0	181
1RB1LB_0LC0LB_1RD1LC_1RD0LA	2	2	0	189
1RB1LB_0LC0LB_1RD1LC_1RD1LA	2	2	0	204
1RB1LB_0LC0LB_1RD1LD_1RC1RA	2	2	0	107
1RB1LB_0LC0LB_1RD1LD_1RD0LA	2	2	0	189
1RB1LB_0LC0LB_1RD1LD_1RD1LA	2	2	0	204
1RB1LB_0LC0LB_1RD1LD_1RD1RA	2	2	0	144
1RB1LB_0LC0LD_1RC1RD_0LA0LB	2	2	0	90
1RB1LB_0LC0RA_1RC0RD_1LB1RB	2	2	0	390
1RB1LB_0LC0RA_1RC1RD_1LB1RC	2	2	0	318
1RB1LB_0LC0RB_1LC1LD_1RD1RA	2	2	0	183
1RB1LB_0LC0RC_0RD1LA_1LB1LA	3	2	0	383
1RB1LB_0LC0RC_1LA0RD_1LB0LB	2	2	0	294
1RB1LB_0LC0RC_1LA0RD_1LB0RC	3	2	0	645
1RB1LB_0LC0RC_1LC0LD_1RA1LA	2	2	0	277
1RB1LB_0LC0RC_1RD1LA_1LD1LB	3	2	0	435
1RB1LB_0LC0RC_1RD1LC_0LA1RB	2	2	0	238
1RB1LB_0LC0RD_---1LA_1RA0LD	3	2	0	376
1RB1LB_0LC0RD_---1LA_1RA1LA	3	2	0	442
1RB1LB_0LC0RD_0LB1LA_1RA1RA	3	2	0	383
1RB1LB_0LC0RD_0LC1LA_1RA0RD	4	2	0	378
1RB1LB_0LC0RD_0LC1LA_1RA1RA	3	2	0	383
1RB1LB_0LC0RD_0RA1RD_1LA0LC	2	2	0	204
1RB1LB_0LC0RD_0RA1RD_1LA1RB	2	2	0	158
1RB1LB_0LC0RD_0RD1RC_1LD0LA	2	2	0	483
1RB1LB_0LC0RD_1LA0RB_1RC---	3	2	0	263
1RB1LB_0LC0RD_1LA1LB_0RD1RB	3	2	0	127
1RB1LB_0LC0RD_1LA1LC_0RD1RB	3	2	0	117
1RB1LB_0LC0RD_1LA1RD_1LA0RC	2	2	0	227
1RB1LB_0LC0RD_1LC1LA_0LC1RA	3	2	0	288
1RB1LB_0LC0RD_1LC1LA_0RB1RA	3	2	0	302
1RB1LB_0LC0RD_1LC1LA_1RA0RB	2	2	0	156
1RB1LB_0LC0RD_1LC1LA_1RA0RD	2	2	0	171
1RB1LB_0LC0RD_1LC1LA_1RA1RA	3	2	0	351
1RB1LB_0LC1LA_0RA1RD_1LC0RD	2	2	0	461
1RB1LB_0LC1LA_0RC1RD_1LB0RC	2	2	0	165
1RB1LB_0LC1LA_0RC1RD_1LB1RC	2	2	0	146
1RB1LB_0LC1LA_1RC1RD_0LA1RC	2	2	0	90
1RB1LB_0LC1LA_1RC1RD_1LB0RC	2	2	0	198
1RB1LB_0LC1LA_1RC1RD_1LB1RC	2	2	0	116
1RB1LB_0LC1LB_0RA1RD_1LC0RD	2	2	0	461
1RB1LB_0LC1LB_1RC1RD_0LA1RC	2	2	0	90
1RB1LB_0LC1LC_1RA1RD_1LC0RD	2	2	0	319
1RB1LB_0LC1LD_0LA1LA_1RA0RD	4	2	0	330
1RB1LB_0LC1LD_1LB1RC_1RC0RA	2	2	0	214
1RB1LB_0LC1LD_1RC1LA_0LB0LD	2	2	0	192
1RB1LB_0LC1RA_---1LD_1RB0RA	2	2	0	166
1RB1LB_0LC1RB_0RA1LD_1RB1LC	2	2	0	187
1RB1LB_0LC1RB_1RA1LD_1RB1LC	2	2	0	182
1RB1LB_0LC1RB_1RB1LD_1RA1LC	2	2	0	182
1RB1LB_0LC1RD_---1LA_1RB0LC	2	2	0	166
1RB1LB_0LC1RD_---1LA_1RB0RA	2	2	0	212
1RB1LB_0LC1RD_---1LD_1RB0RA	2	2	0	166
1RB1LB_0LC1RD_0LB1LA_1RB0RB	3	2	0	1127
1RB1LB_0LC1RD_0LC1LA_1RC0RB	3	2	0	1517
1RB1LB_0LC1RD_0RA1LD_1LC0RB	2	2	0	251
1RB1LB_0LC1RD_1LA1LB_0RD0RA	4	2	0	560
1RB1LB_0LC1RD_1LA1LD_1LC0RB	2	2	0	169
1RB1LB_0LC1RD_1RB1LC_0LA1RB	2	2	0	192
1RB1LB_0LC1RD_1RC1LA_0LC0LD	2	2	0	113
1RB1LB_0LC1RD_1RD1LC_0LA1RB	2	2	0	188
1RB1LB_0RC0LA_0LD0RC_1LD1RA	2	2	0	183
1RB1LB_0RC0LA_0RD0RC_1LD1RA	2	2	0	125
1RB1LB_0RC0LA_1LD0RC_1LD1RA	2	2	0	137
1RB1LB_0RC0LB_1LD0LD_1RD0LA	2	2	0	223
1RB1LB_0RC0LC_0LD1RA_1LD0LA	4	2	0	1146
1RB1LB_0RC0LC_1LD1RA_0RB0LA	4	2	0	606
1RB1LB_0RC0LC_1LD1RA_1LD0LA	4	2	0	590
1RB1LB_0RC0LC_1LD1RC_0LA1LB	2	2	0	236
1RB1LB_0RC0LC_1LD1RC_0RA1LB	2	2	0	177
1RB1LB_0RC0LC_1LD1RC_1LA1LB	2	2	0	215
1RB1LB_0RC0LC_1RD0RC_1LB0RA	2	2	0	290
1RB1LB_0RC0LD_0RD1RA_1LD0LA	3	2	0	251
1RB1LB_0RC0LD_1LC0LA_0LA0RA	2	2	0	260
1RB1LB_0RC0LD_1LC0LA_0LA0RD	2	2	0	415
1RB1LB_0RC0LD_1LC0LA_0LA1RB	2	2	0	381
1RB1LB_0RC0LD_1LC0LA_0RA1RB	2	2	0	379
1RB1LB_0RC0LD_1LC0LA_0RA1RD	2	2	0	516
1RB1LB_0RC0LD_1LC0LA_0RB0LA	2	2	0	205
1RB1LB_0RC0LD_1LC0LA_0RB0RD	2	2	0	335
1RB1LB_0RC0LD_1LC0LA_0RB1RB	2	2	0	379
1RB1LB_0RC0LD_1LC0LA_0RB1RD	2	2	0	760
1RB1LB_0RC0LD_1LC0LA_0RD0LA	2	2	0	205
1RB1LB_0RC0LD_1LC0LA_1LA1RB	2	2	0	387
1RB1LB_0RC0LD_1LC0LA_1LA1RD	2	2	0	434
1RB1LB_0RC0LD_1LC0LA_1LB0RA	2	2	0	268
1RB1LB_0RC0LD_1LC0LA_1LB0RD	2	2	0	455
1RB1LB_0RC0LD_1LC0LA_1LB1RB	2	2	0	387
1RB1LB_0RC0LD_1LC0LA_1LB1RD	2	2	0	478
1RB1LB_0RC0LD_1LC0LA_1RA1RB	2	2	0	342
1RB1LB_0RC0LD_1LC0LA_1RB1RB	2	2	0	342
1RB1LB_0RC0LD_1LC0LA_1RD1RB	2	2	0	331
1RB1LB_0RC0LD_1LC1RA_1RB1LA	4	2	0	676
1RB1LB_0RC0LD_1RD0LA_1LD1LA	3	2	0	598
1RB1LB_0RC0LD_1RD0LA_1LD1LC	4	2	0	672
1RB1LB_0RC0RA_0LD0RB_1LD0LA	2	2	0	196
1RB1LB_0RC0RA_0LD0RB_1LD1LA	2	2	0	208
1RB1LB_0RC0RA_0LD0RC_1LD1LA	2	2	0	181
1RB1LB_0RC0RA_0RD0RB_1LD0LA	2	2	0	166
1RB1LB_0RC0RA_0RD0RB_1LD1LA	2	2	0	174
1RB1LB_0RC0RA_0RD0RC_1LD1LA	2	2	0	125
1RB1LB_0RC0RA_0RD0RC_1LD1RB	2	2	0	95
1RB1LB_0RC0RA_1LC0LD_1RB1LB	2	2	0	379
1RB1LB_0RC0RA_1LD0RB_1LD1RB	2	2	0	138
1RB1LB_0RC0RA_1LD0RC_1LD1LA	2	2	0	137
1RB1LB_0RC0RA_1LD0RC_1LD1RB	2	2	0	189
1RB1LB_0RC0RB_0LD1LA_1LD0LA	2	2	0	759
1RB1LB_0RC0RB_0LD1LA_1LD0RA	2	2	0	230
1RB1LB_0RC0RB_0LD1LA_1LD1RC	2	2	0	170
1RB1LB_0RC0RB_0LD1RA_1LD0LA	2	2	0	266
1RB1LB_0RC0RB_0RD1LA_1LD0LA	2	2	0	629
1RB1LB_0RC0RB_0RD1LA_1LD0RA	2	2	0	139
1RB1LB_0RC0RB_0RD1LA_1LD1RC	2	2	0	136
1RB1LB_0RC0RB_0RD1RA_1LD0LA	2	2	0	128
1RB1LB_0RC0RB_0RD1RA_1LD1RC	2	2	0	131
1RB1LB_0RC0RB_0RD1RB_1LD0RA	2	2	0	146
1RB1LB_0RC0RB_1LC0LD_1LA0RA	3	2	0	466
1RB1LB_0RC0RB_1LC0LD_1RA1LD	2	2	0	214
1RB1LB_0RC0RB_1LC0LD_1RA1RD	2	2	0	238
1RB1LB_0RC0RB_1LC0LD_1RD1RA	2	2	0	103
1RB1LB_0RC0RB_1LC1LD_1RD1RA	2	2	0	133
1RB1LB_0RC0RB_1LC1RD_---1RA	2	2	0	106
1RB1LB_0RC0RB_1LC1RD_0RB0LA	2	2	0	111
1RB1LB_0RC0RB_1LC1RD_1RA0LA	2	2	0	119
1RB1LB_0RC0RB_1LC1RD_1RA0LC	2	2	0	116
1RB1LB_0RC0RB_1LD1LA_1LC0LA	2	2	0	525
1RB1LB_0RC0RB_1LD1LA_1LC0RA	2	2	0	94
1RB1LB_0RC0RB_1LD1LA_1LC1RC	2	2	0	133
1RB1LB_0RC0RB_1LD1LA_1LD0LA	2	2	0	697
1RB1LB_0RC0RB_1LD1LA_1LD0RA	2	2	0	116
1RB1LB_0RC0RB_1LD1LA_1LD1RC	2	2	0	143
1RB1LB_0RC0RB_1LD1RA_1LD0LA	2	2	0	133
1RB1LB_0RC0RB_1LD1RA_1LD1RC	2	2	0	106
1RB1LB_0RC0RB_1LD1RB_1LD0RA	2	2	0	202
1RB1LB_0RC0RB_1LD1RD_1LC1RA	2	2	0	106
1RB1LB_0RC0RD_0LC1LD_1LA1RB	2	2	0	125
1RB1LB_0RC0RD_0LD0LC_1LA1LC	2	2	0	363
1RB1LB_0RC0RD_1LB1LD_1LA1RB	2	2	0	102
1RB1LB_0RC0RD_1LC0LA_---0LA	2	2	0	337
1RB1LB_0RC0RD_1LC0LA_---1LB	2	2	0	379
1RB1LB_0RC0RD_1LC0LA_0LA1RD	2	2	0	421
1RB1LB_0RC0RD_1LC0LA_0LB1LA	2	2	0	379
1RB1LB_0RC0RD_1LC0LA_0LC1RD	2	2	0	379
1RB1LB_0RC0RD_1LC0LA_0RA1LD	2	2	0	421
1RB1LB_0RC0RD_1LC0LA_0RC1LD	2	2	0	379
1RB1LB_0RC0RD_1LC0LA_1LC1LA	2	2	0	337
1RB1LB_0RC0RD_1LC0LA_1RB0LD	2	2	0	337
1RB1LB_0RC0RD_1LC0LA_1RC1LA	2	2	0	735
1RB1LB_0RC0RD_1LC1LD_1LA1RB	2	2	0	90
1RB1LB_0RC0RD_1LD0LB_1LA1RB	2	2	0	124
1RB1LB_0RC0RD_1LD0LC_1LA0RA	3	2	0	114
1RB1LB_0RC0RD_1LD1LD_1LA1RB	2	2	0	96
1RB1LB_0RC1LA_0LD1RD_1LB1RC	2	2	0	141
1RB1LB_0RC1LA_1LA0LD_0RD0LA	2	2	0	278
1RB1LB_0RC1LA_1LA0LD_1RD0RA	2	2	0	191
1RB1LB_0RC1LA_1LA0LD_1RD0RC	2	2	0	182
1RB1LB_0RC1LA_1LA0RD_---0LA	2	2	0	224
1RB1LB_0RC1LA_1LA1RD_---0RA	2	2	0	185
1RB1LB_0RC1LA_1LA1RD_---0RC	2	2	0	172
1RB1LB_0RC1LA_1LA1RD_---1RC	2	2	0	145
1RB1LB_0RC1LA_1LC1RD_1LB1RC	2	2	0	133
1RB1LB_0RC1LA_1LD0RD_1LB0LA	2	2	0	214
1RB1LB_0RC1LA_1LD1RC_0LB0RD	2	2	0	286
1RB1LB_0RC1LB_1LA1RD_1LB1RC	2	2	0	147
1RB1LB_0RC1LB_1LB1RD_1LA1RC	2	2	0	153
1RB1LB_0RC1LC_1RD0LB_1LA1RC	2	2	0	153
1RB1LB_0RC1LD_0LD0LA_1LB1LA	3	2	0	513
1RB1LB_0RC1LD_0LD0RB_1RC1LA	3	2	0	970
1RB1LB_0RC1LD_0LD1RC_1LA1LB	2	2	0	93
1RB1LB_0RC1LD_0RD0LA_1LA0RB	3	2	0	556
1RB1LB_0RC1LD_0RD0LA_1LA1LA	3	2	0	474
1RB1LB_0RC1LD_0RD0LA_1LC1LA	3	2	0	486
1RB1LB_0RC1LD_1LA0RB_1RC1LA	3	2	0	486
1RB1LB_0RC1LD_1LB1RC_0LA1LA	3	2	0	314
1RB1LB_0RC1LD_1LB1RC_0LA1LB	2	2	0	127
1RB1LB_0RC1LD_1LB1RC_0RA1LB	2	2	0	161
1RB1LB_0RC1LD_1LB1RC_1LA1LB	2	2	0	119
1RB1LB_0RC1LD_1LB1RC_1LC1LA	3	2	0	256
1RB1LB_0RC1LD_1LB1RC_1RC1LA	3	2	0	466
1RB1LB_0RC1LD_1LC0LA_0RA0RA	2	2	0	410
1RB1LB_0RC1LD_1LC0LA_0RA0RB	2	2	0	438
1RB1LB_0RC1LD_1LC0LA_0RA0RC	2	2	0	382
1RB1LB_0RC1LD_1LC0LA_0RC0RA	2	2	0	404
1RB1LB_0RC1LD_1LC0LA_0RC0RB	2	2	0	404
1RB1LB_0RC1LD_1LC0LA_0RC0RC	2	2	0	376
1RB1LB_0RC1LD_1LC0LA_0RD0RA	2	2	0	455
1RB1LB_0RC1LD_1LC0LA_0RD0RC	2	2	0	413
1RB1LB_0RC1LD_1LC0LA_1RB0RA	2	2	0	416
1RB1LB_0RC1LD_1LC0LA_1RB0RC	2	2	0	382
1RB1LB_0RC1LD_1LC0LA_1RC0RA	2	2	0	461
1RB1LB_0RC1LD_1LC0LA_1RC0RC	2	2	0	427
1RB1LB_0RC1LD_1LC0LA_1RC1LD	2	2	0	380
1RB1LB_0RC1LD_1LC0LA_1RC1RA	2	2	0	496
1RB1LB_0RC1LD_1LC0LA_1RD0RA	2	2	0	404
1RB1LB_0RC1LD_1LC0LA_1RD0RC	2	2	0	370
1RB1LB_0RC1LD_1LD0LA_1LB1LA	3	2	0	458
1RB1LB_0RC1LD_1LD0LA_1RA1LB	2	2	0	233
1RB1LB_0RC1LD_1LD0LA_1RD1LA	3	2	0	484
1RB1LB_0RC1LD_1LD0RC_1RA0LA	2	2	0	231
1RB1LB_0RC1LD_1LD0RC_1RA0LD	2	2	0	272
1RB1LB_0RC1LD_1LD0RC_1RA1RC	2	2	0	315
1RB1LB_0RC1LD_1LD1RC_0LA1LB	2	2	0	225
1RB1LB_0RC1LD_1LD1RC_0RA1LB	2	2	0	163
1RB1LB_0RC1LD_1LD1RC_1LA1LB	2	2	0	127
1RB1LB_0RC1LD_1LD1RC_1RC1LA	3	2	0	463
1RB1LB_0RC1LD_1RD0LA_0LB1LA	3	2	0	601
1RB1LB_0RC1LD_1RD0LA_1LD1LA	3	2	0	462
1RB1LB_0RC1LD_1RD0LA_1LD1LC	4	2	0	539
1RB1LB_0RC1LD_1RD1RC_0LA1LA	3	2	0	337
1RB1LB_0RC1RB_0LC1LD_1LA0LC	2	2	0	130
1RB1LB_0RC1RB_0LD0RB_1LD0LA	4	2	0	218
1RB1LB_0RC1RB_1LC1LD_1LA0LC	2	2	0	151
1RB1LB_0RC1RC_0RD0RC_1LD1RA	2	2	0	95
1RB1LB_0RC1RC_1LD0RC_0LB1RA	2	2	0	331
1RB1LB_0RC1RC_1LD0RC_1LD1RA	2	2	0	189
1RB1LB_0RC1RD_0LD0RB_1LD0LA	3	2	0	811
1RB1LB_0RC1RD_0RD0RB_1LD0LA	3	2	0	407
1RB1LB_0RC1RD_1LC0LA_---0RC	2	2	0	295
1RB1LB_0RC1RD_1LC0LA_---1RC	2	2	0	375
1RB1LB_0RC1RD_1LC0LA_0LB0RD	2	2	0	337
1RB1LB_0RC1RD_1LC0LA_0RC0LB	2	2	0	337
1RB1LB_0RC1RD_1LC0LA_0RD0LB	2	2	0	421
1RB1LB_0RC1RD_1LC0LA_1LC0RD	2	2	0	295
1RB1LB_0RC1RD_1LC0LA_1LC1RD	2	2	0	375
1RB1LB_0RC1RD_1LC0LA_1RC0LB	2	2	0	447
1RB1LB_0RC1RD_1LC0LA_1RC0RD	2	2	0	663
1RB1LB_0RC1RD_1LC0LA_1RC1LD	2	2	0	394
1RB1LB_0RC1RD_1LC1LA_0LB0RD	2	2	0	164
1RB1LB_0RC1RD_1LC1LA_0LC0RD	2	2	0	214
1RB1LB_0RC1RD_1LC1LA_0RB0RD	2	2	0	132
1RB1LB_0RC1RD_1LC1LA_0RC0RD	2	2	0	141
1RB1LB_0RC1RD_1LC1LA_1LC0RD	2	2	0	152
1RB1LB_0RC1RD_1LC1LD_1LA0RB	2	2	0	153
1RB1LB_0RC1RD_1LC1RA_0LB0RD	2	2	0	207
1RB1LB_0RC1RD_1LC1RA_0RB0RD	2	2	0	138
1RB1LB_0RC1RD_1LC1RA_0RC0RD	2	2	0	106
1RB1LB_0RC1RD_1LC1RA_1LC0RD	2	2	0	189
1RB1LB_0RC1RD_1LD1LA_1LC0RD	2	2	0	152
1RB1LB_1LA0LC_0LC1RD_0RD1RA	2	2	0	200
1RB1LB_1LA0LC_0LD0LC_1RD0LA	2	2	0	166
1RB1LB_1LA0LC_0LD0LC_1RD0RA	2	2	0	187
1RB1LB_1LA0LC_0LD0LC_1RD1LA	2	2	0	171
1RB1LB_1LA0LC_0LD0LC_1RD1RA	2	2	0	110
1RB1LB_1LA0LC_0RD0LC_1RD1RA	2	2	0	170
1RB1LB_1LA0LC_0RD1LC_1RB1RD	2	2	0	836
1RB1LB_1LA0LC_1RA0LD_1RD0RB	2	2	0	349
1RB1LB_1LA0LC_1RB0LD_1RD0RB	2	2	0	386
1RB1LB_1LA0LC_1RC1LD_0RB0LD	2	2	0	111
1RB1LB_1LA0LC_1RC1RD_0LB0RA	2	2	0	368
1RB1LB_1LA0LC_1RC1RD_0LB0RD	2	2	0	284
1RB1LB_1LA0LC_1RC1RD_0LB1LA	2	2	0	284
1RB1LB_1LA0LC_1RC1RD_0LB1RA	2	2	0	204
1RB1LB_1LA0LC_1RC1RD_0LB1RB	2	2	0	251
1RB1LB_1LA0LC_1RD0LC_1RC1RA	2	2	0	142
1RB1LB_1LA0LC_1RD0LC_1RD1RA	2	2	0	142
1RB1LB_1LA0LC_1RD1LC_1RB1RD	2	2	0	596
1RB1LB_1LA0LC_1RD1RC_1LB0RD	2	2	0	300
1RB1LB_1LA0RC_0LB0LD_0RD1LA	2	2	0	126
1RB1LB_1LA0RC_0LB0RD_---1LA	2	2	0	100
1RB1LB_1LA0RC_0LB1RD_---0RC	2	2	0	74
1RB1LB_1LA0RC_0LD0RB_1LD1LB	2	2	0	91
1RB1LB_1LA0RC_0LD0RC_1LD0LA	2	2	0	131
1RB1LB_1LA0RC_0LD0RC_1LD0RA	2	2	0	171
1RB1LB_1LA0RC_0LD0RC_1LD1LA	2	2	0	157
1RB1LB_1LA0RC_0LD0RC_1LD1LB	2	2	0	91
1RB1LB_1LA0RC_0LD1RB_0LA---	2	2	0	121
1RB1LB_1LA0RC_0LD1RB_0LC---	2	2	0	80
1RB1LB_1LA0RC_0LD1RB_0LD1LB	2	2	0	121
1RB1LB_1LA0RC_0LD1RB_0LD1RB	2	2	0	80
1RB1LB_1LA0RC_0LD1RB_0RA---	2	2	0	62
1RB1LB_1LA0RC_0LD1RB_1LA---	2	2	0	74
1RB1LB_1LA0RC_0LD1RB_1LD1LB	2	2	0	74
1RB1LB_1LA0RC_0LD1RB_1RC0LA	2	2	0	125
1RB1LB_1LA0RC_0LD1RB_1RC0LC	2	2	0	86
1RB1LB_1LA0RC_0LD1RB_1RC0RA	2	2	0	66
1RB1LB_1LA0RC_0LD1RB_1RC1LA	2	2	0	80
1RB1LB_1LA0RC_0LD1RC_1LB1LD	2	2	0	171
1RB1LB_1LA0RC_0RA0LD_0LD1LA	3	2	0	132
1RB1LB_1LA0RC_0RA0RD_---1RC	2	2	0	160
1RB1LB_1LA0RC_0RC1LD_0LD0LB	2	2	0	97
1RB1LB_1LA0RC_0RC1LD_0LD1LA	2	2	0	169
1RB1LB_1LA0RC_0RD0RB_1LD1LB	2	2	0	75
1RB1LB_1LA0RC_0RD0RC_1LD0LA	2	2	0	107
1RB1LB_1LA0RC_0RD0RC_1LD0RA	2	2	0	117
1RB1LB_1LA0RC_0RD0RC_1LD1LA	2	2	0	111
1RB1LB_1LA0RC_0RD0RC_1LD1LB	2	2	0	75
1RB1LB_1LA0RC_0RD1RB_0LA---	2	2	0	62
1RB1LB_1LA0RC_0RD1RB_0LD1LB	2	2	0	125
1RB1LB_1LA0RC_0RD1RB_0LD1RB	2	2	0	86
1RB1LB_1LA0RC_0RD1RB_1LC0LA	2	2	0	66
1RB1LB_1LA0RC_0RD1RB_1LD1LB	2	2	0	58
1RB1LB_1LA0RC_1LA1LD_0LC0LD	2	2	0	317
1RB1LB_1LA0RC_1LC0LD_0RB0RC	2	2	0	340
1RB1LB_1LA0RC_1LC0LD_0RB1LD	2	2	0	1272
1RB1LB_1LA0RC_1LD0RB_1LD0LA	2	2	0	125
1RB1LB_1LA0RC_1LD0RB_1LD0RA	2	2	0	137
1RB1LB_1LA0RC_1LD0RB_1LD1LA	2	2	0	127
1RB1LB_1LA0RC_1LD0RC_1LD0LA	2	2	0	125
1RB1LB_1LA0RC_1LD0RC_1LD0RA	2	2	0	137
1RB1LB_1LA0RC_1LD0RC_1LD1LA	2	2	0	127
1RB1LB_1LA0RC_1LD0RC_1LD1LB	2	2	0	117
1RB1LB_1LA0RC_1LD1RB_0LA---	2	2	0	160
1RB1LB_1LA0RC_1LD1RB_0LC---	2	2	0	105
1RB1LB_1LA0RC_1LD1RB_0LD0RB	2	2	0	70
1RB1LB_1LA0RC_1LD1RB_0LD1LB	2	2	0	160
1RB1LB_1LA0RC_1LD1RB_0LD1RB	2	2	0	105
1RB1LB_1LA0RC_1LD1RB_0RA---	2	2	0	105
1RB1LB_1LA0RC_1LD1RB_0RC---	2	2	0	62
1RB1LB_1LA0RC_1LD1RB_0RD0LB	2	2	0	80
1RB1LB_1LA0RC_1LD1RB_0RD1LB	2	2	0	105
1RB1LB_1LA0RC_1LD1RB_0RD1RB	2	2	0	62
1RB1LB_1LA0RC_1LD1RB_1LA---	2	2	0	101
1RB1LB_1LA0RC_1LD1RB_1LC---	2	2	0	66
1RB1LB_1LA0RC_1LD1RB_1LD1LB	2	2	0	101
1RB1LB_1LA0RC_1LD1RB_1LD1RB	2	2	0	66
1RB1LB_1LA0RC_1LD1RB_1RA---	2	2	0	66
1RB1LB_1LA0RC_1LD1RB_1RD1LB	2	2	0	66
1RB1LB_1LA0RC_1LD1RC_1LB1LD	2	2	0	143
1RB1LB_1LA0RC_1RB0LD_0RD1LA	2	2	0	102
1RB1LB_1LA0RC_1RB0LD_0RD1LC	2	2	0	102
1RB1LB_1LA0RC_1RB0RD_---1LA	2	2	0	80
1RB1LB_1LA0RC_1RB0RD_---1LC	2	2	0	80
1RB1LB_1LA0RC_1RB1RD_---0RC	2	2	0	58
1RB1LB_1LA0RC_1RC1LD_0LB0LD	2	2	0	181
1RB1LB_1LA0RC_1RD0RB_1LD0LC	2	2	0	149
1RB1LB_1LA0RC_1RD1RB_0LA---	2	2	0	105
1RB1LB_1LA0RC_1RD1RB_0LC---	2	2	0	62
1RB1LB_1LA0RC_1RD1RB_0LD0LB	2	2	0	80
1RB1LB_1LA0RC_1RD1RB_0LD0LC	2	2	0	92
1RB1LB_1LA0RC_1RD1RB_0LD1LB	2	2	0	105
1RB1LB_1LA0RC_1RD1RB_0LD1RB	2	2	0	62
1RB1LB_1LA0RC_1RD1RB_0RA---	2	2	0	55
1RB1LB_1LA0RC_1RD1RB_1LA---	2	2	0	58
1RB1LB_1LA0RC_1RD1RB_1LD0LC	2	2	0	66
1RB1LB_1LA0RC_1RD1RB_1LD1LB	2	2	0	58
1RB1LB_1LA1LC_0LA0LD_1RD0RC	2	2	0	255
1RB1LB_1LA1LC_0LA1RD_1RD0RC	3	2	0	303
1RB1LB_1LA1LC_0LB1RD_---0RC	2	2	0	82
1RB1LB_1LA1LC_0LC0RD_0LA1RC	2	2	0	136
1RB1LB_1LA1LC_0LD0LC_1RD0RB	2	2	0	107
1RB1LB_1LA1LC_0LD0LC_1RD1RA	2	2	0	95
1RB1LB_1LA1LC_0LD0LC_1RD1RB	2	2	0	312
1RB1LB_1LA1LC_0RA0LD_1RD0RC	2	2	0	360
1RB1LB_1LA1LC_0RA0RD_---1RC	2	2	0	114
1RB1LB_1LA1LC_0RC0LD_1RD0RB	2	2	0	369
1RB1LB_1LA1LC_0RD0LC_1RD0RB	2	2	0	224
1RB1LB_1LA1LC_0RD0LC_1RD1RB	2	2	0	488
1RB1LB_1LA1LC_1LA0LD_1RD0RC	2	2	0	331
1RB1LB_1LA1LC_1LA0RD_---1RC	2	2	0	120
1RB1LB_1LA1LC_1LC1RD_1RA0RD	2	2	0	123
1RB1LB_1LA1LC_1RA1RD_0LA0RC	2	2	0	84
1RB1LB_1LA1LC_1RA1RD_0LC0RD	2	2	0	145
1RB1LB_1LA1LC_1RA1RD_0RA0RC	2	2	0	74
1RB1LB_1LA1LC_1RA1RD_0RC0RD	2	2	0	108
1RB1LB_1LA1LC_1RA1RD_1LA0RC	2	2	0	79
1RB1LB_1LA1LC_1RA1RD_1LC0RD	2	2	0	305
1RB1LB_1LA1LC_1RA1RD_1RA0RD	2	2	0	205
1RB1LB_1LA1LC_1RB1RD_---0RC	2	2	0	64
1RB1LB_1LA1LC_1RD0LC_1RD0RB	2	2	0	138
1RB1LB_1LA1LC_1RD0LC_1RD1RA	2	2	0	184
1RB1LB_1LA1LC_1RD0LC_1RD1RB	2	2	0	346
1RB1LB_1LA1RC_0LD0LC_1RD0RA	2	2	0	93
1RB1LB_1LA1RC_0LD0LC_1RD1LA	2	2	0	92
1RB1LB_1LA1RC_0LD0LC_1RD1RA	2	2	0	80
1RB1LB_1LA1RC_0LD0LC_1RD1RB	2	2	0	118
1RB1LB_1LA1RC_0LD0RC_1LC0RA	2	2	0	140
1RB1LB_1LA1RC_0LD0RC_1LD0RA	2	2	0	99
1RB1LB_1LA1RC_0LD0RC_1LD1LA	2	2	0	91
1RB1LB_1LA1RC_0LD0RC_1LD1LB	2	2	0	171
1RB1LB_1LA1RC_0LD0RD_1RB1LD	2	2	0	184
1RB1LB_1LA1RC_0LD1RB_1RB1LD	2	2	0	134
1RB1LB_1LA1RC_0LD1RB_1RC1LD	2	2	0	148
1RB1LB_1LA1RC_0RA0RD_---1RC	2	2	0	106
1RB1LB_1LA1RC_0RB1LD_0LC0LD	2	2	0	114
1RB1LB_1LA1RC_0RB1LD_1LA0LD	2	2	0	106
1RB1LB_1LA1RC_0RC0LD_0RA1LC	3	2	0	800
1RB1LB_1LA1RC_0RC1LD_0LD0LB	2	2	0	181
1RB1LB_1LA1RC_0RD0LC_1RD1RA	2	2	0	98
1RB1LB_1LA1RC_0RD0LC_1RD1RB	2	2	0	170
1RB1LB_1LA1RC_0RD0RB_1LD0LC	2	2	0	117
1RB1LB_1LA1RC_0RD0RC_1LD0LA	2	2	0	250
1RB1LB_1LA1RC_0RD0RC_1LD0RA	2	2	0	79
1RB1LB_1LA1RC_0RD0RC_1LD1LA	2	2	0	75
1RB1LB_1LA1RC_0RD0RC_1LD1LB	2	2	0	111
1RB1LB_1LA1RC_0RD0RC_1LD1RA	2	2	0	85
1RB1LB_1LA1RC_1LA0RD_---1RC	2	2	0	126
1RB1LB_1LA1RC_1LD0RC_1LC1LB	2	2	0	143
1RB1LB_1LA1RC_1LD0RC_1LD0RA	2	2	0	125
1RB1LB_1LA1RC_1LD0RC_1LD1LA	2	2	0	117
1RB1LB_1LA1RC_1LD0RC_1LD1LB	2	2	0	143
1RB1LB_1LA1RC_1LD0RC_1LD1RA	2	2	0	165
1RB1LB_1LA1RC_1LD1RB_0RB1LD	2	2	0	87
1RB1LB_1LA1RC_1LD1RB_0RC1LD	2	2	0	92
1RB1LB_1LA1RC_1RB1LD_1RB0LC	2	2	0	131
1RB1LB_1LA1RC_1RB1RD_---0RC	2	2	0	79
1RB1LB_1LA1RC_1RC1LD_0LB0LD	2	2	0	116
1RB1LB_1LA1RC_1RC1LD_0RB0LD	2	2	0	168
1RB1LB_1LA1RC_1RC1LD_1LA0LD	2	2	0	80
1RB1LB_1LA1RC_1RD0LC_0LB0RA	2	2	0	320
1RB1LB_1LA1RC_1RD0LC_0LB0RD	2	2	0	318
1RB1LB_1LA1RC_1RD0LC_0LB1LA	2	2	0	318
1RB1LB_1LA1RC_1RD0LC_0LB1RA	2	2	0	216
1RB1LB_1LA1RC_1RD0LC_0LB1RB	2	2	0	238
1RB1LB_1LA1RC_1RD0LC_1RD0RA	2	2	0	182
1RB1LB_1LA1RC_1RD0LC_1RD1LA	2	2	0	180
1RB1LB_1LA1RC_1RD0LC_1RD1RA	2	2	0	124
1RB1LB_1LA1RC_1RD0LC_1RD1RB	2	2	0	136
1RB1LB_1LB0LC_0LD0LB_1RD0RA	2	2	0	136
1RB1LB_1LB0LC_0LD0LC_1RD0LA	2	2	0	165
1RB1LB_1LB0LC_0LD0LC_1RD0RA	2	2	0	136
1RB1LB_1LB0LC_0LD0LC_1RD1LA	2	2	0	175
1RB1LB_1LB0LC_0RA1RD_1LC0RD	2	2	0	235
1RB1LB_1LB0RC_1LA1RD_1RC0RD	2	2	0	172
1RB1LB_1LB0RC_1LD1LA_1LD0LA	2	2	0	361
1RB1LB_1LB0RC_1RD0LD_1LA0LB	2	2	0	249
1RB1LB_1LB0RC_1RD0LD_1LA1RB	3	2	0	309
1RB1LB_1LB1LC_0LD0LC_1RD0RA	2	2	0	206
1RB1LB_1LB1LC_0LD0LC_1RD1RA	2	2	0	88
1RB1LB_1LB1LC_0RD0LA_0RB1RD	4	2	0	827
1RB1LB_1LB1LC_0RD0RA_1RB1RD	2	2	0	103
1RB1LB_1LB1LC_0RD1LA_1RA1RD	3	2	0	131
1RB1LB_1LB1LC_1LA1RD_0LC0RD	2	2	0	123
1RB1LB_1LB1LC_1LA1RD_1RC0RD	2	2	0	81
1RB1LB_1LB1LC_1RD0LC_1LA0RD	2	2	0	161
1RB1LB_1LB1LC_1RD0LC_1RD1RA	2	2	0	172
1RB1LB_1LB1LC_1RD0RA_1LA0RD	2	2	0	161
1RB1LB_1LB1LC_1RD0RA_1LB1RD	2	2	0	166
1RB1LB_1LB1LC_1RD0RA_1RA0RD	2	2	0	127
1RB1LB_1LB1LC_1RD0RA_1RA1RD	2	2	0	140
1RB1LB_1LB1LC_1RD0RC_0LA0RC	2	2	0	144
1RB1LB_1LB1LC_1RD0RC_0LA1RB	2	2	0	156
1RB1LB_1LB1LC_1RD0RC_1LA0RC	2	2	0	107
1RB1LB_1LB1LC_1RD0RC_1LA0RD	2	2	0	135
1RB1LB_1LB1LC_1RD0RC_1LA1RB	2	2	0	115
1RB1LB_1LB1LC_1RD0RD_1LA0RC	2	2	0	135
1RB1LB_1LB1LC_1RD1LA_1RB1RD	3	2	0	244
1RB1LB_1LB1RC_---0RD_1LD0LA	2	2	0	399
1RB1LB_1LB1RC_0LA0RD_1RC0RD	2	2	0	188
1RB1LB_1LB1RC_0RA0RD_1LC0RD	2	2	0	193
1RB1LB_1LB1RC_0RD0LB_1LD0LA	2	2	0	545
1RB1LB_1LB1RC_0RD0LD_0LA1LA	2	2	0	232
1RB1LB_1LB1RC_0RD0RC_1LD1RA	2	2	0	97
1RB1LB_1LB1RC_1LA0RD_1RC0RC	2	2	0	89
1RB1LB_1LB1RC_1LA0RD_1RC0RD	2	2	0	89
1RB1LB_1LB1RC_1LA1RD_1RC0RD	2	2	0	182
1RB1LB_1LB1RC_1LD0RC_0RA---	2	2	0	193
1RB1LB_1LB1RC_1LD0RC_0RB0RA	2	2	0	109
1RB1LB_1LB1RC_1LD0RC_0RD1LA	2	2	0	109
1RB1LB_1LB1RC_1LD0RC_1LD1RA	2	2	0	191
1RB1LB_1LB1RC_1LD0RC_1RB1LA	2	2	0	99
1RB1LB_1LB1RC_1LD0RC_1RD1LA	2	2	0	193
1RB1LB_1LB1RC_1LD0RD_1LC0LA	2	2	0	399
1RB1LB_1LB1RC_1RB0LD_---1LA	2	2	0	178
1RB1LB_1LB1RC_1RD0RC_0LA---	2	2	0	188
1RB1LB_1LB1RC_1RD0RC_1LA---	2	2	0	89
1RB1LB_1LB1RC_1RD0RC_1LD0RA	2	2	0	99
1RB1LB_1LB1RC_1RD0RD_1LA0RC	2	2	0	102
1RB1LB_1LC---_0LD0LC_1RD0RA	2	2	0	136
1RB1LB_1LC---_0RA1RD_0RB0RD	2	2	0	159
1RB1LB_1LC---_0RA1RD_1LB0RD	2	2	0	297
1RB1LB_1LC---_0RA1RD_1LC0RD	2	2	0	317
1RB1LB_1LC---_1RD0LB_0LA0RC	2	2	0	116
1RB1LB_1LC---_1RD0LB_1LA0RC	2	2	0	101
1RB1LB_1LC0LA_1LA1LD_1RC1RD	2	2	0	111
1RB1LB_1LC0LA_1LA1RD_0RA1RC	2	2	0	234
1RB1LB_1LC0LA_1LA1RD_1LC1RC	2	2	0	194
1RB1LB_1LC0LA_1LA1RD_1RC0LC	2	2	0	174
1RB1LB_1LC0LA_1LA1RD_1RC0RD	2	2	0	415
1RB1LB_1LC0LA_1LA1RD_1RC1RC	2	2	0	150
1RB1LB_1LC0LA_1LB1RD_1RC0RC	2	2	0	79
1RB1LB_1LC0LA_1RD0LB_1RA0RC	2	2	0	193
1RB1LB_1LC0LA_1RD1RC_1LA0RB	2	2	0	140
1RB1LB_1LC0LA_1RD1RC_1LB0RD	4	2	0	622
1RB1LB_1LC0LB_0LA1RD_1LD1RC	2	2	0	218
1RB1LB_1LC0LB_0LA1RD_1RD1RC	2	2	0	142
1RB1LB_1LC0LB_0RC0LD_1RD0LA	2	2	0	201
1RB1LB_1LC0LB_0RC0LD_1RD1LA	2	2	0	216
1RB1LB_1LC0LB_0RD0LB_1RA1RC	2	2	0	115
1RB1LB_1LC0LB_0RD1RA_1RD0LC	2	2	0	167
1RB1LB_1LC0LB_1RC1RD_1RC1LA	2	2	0	99
1RB1LB_1LC0LB_1RC1RD_1RD0LA	2	2	0	173
1RB1LB_1LC0LB_1RC1RD_1RD1LA	2	2	0	183
1RB1LB_1LC0LB_1RD1LA_0RB1RC	3	2	0	792
1RB1LB_1LC0LB_1RD1LA_1RC0LD	2	2	0	162
1RB1LB_1LC0LB_1RD1LA_1RC1RC	2	2	0	95
1RB1LB_1LC0LB_1RD1RA_---0RB	2	2	0	293
1RB1LB_1LC0LB_1RD1RA_1RC1RD	2	2	0	72
1RB1LB_1LC0LB_1RD1RC_0LA0RB	2	2	0	150
1RB1LB_1LC0LC_0LD0LC_1RD0LA	2	2	0	165
1RB1LB_1LC0LC_0LD0LC_1RD1LA	2	2	0	175
1RB1LB_1LC0LC_1RC1RD_0LB1LA	2	2	0	318
1RB1LB_1LC0LD_0RC1RA_0LB1RC	2	2	0	191
1RB1LB_1LC0LD_1RA0LD_1RD0RB	2	2	0	358
1RB1LB_1LC0LD_1RA0RD_1RD0RB	2	2	0	349
1RB1LB_1LC0LD_1RA1LB_1RD0RB	2	2	0	331
1RB1LB_1LC0LD_1RA1RA_1RD0RB	2	2	0	360
1RB1LB_1LC0LD_1RA1RB_1RD0RB	2	2	0	364
1RB1LB_1LC0LD_1RC0LB_1RD0RA	2	3	0	229
1RB1LB_1LC0LD_1RC1LA_0LC0LD	2	2	0	185
1RB1LB_1LC0LD_1RC1RA_0LC0LB	2	2	0	72
1RB1LB_1LC0LD_1RC1RA_0LC0LD	2	2	0	72
1RB1LB_1LC0LD_1RC1RA_0RC0LB	2	2	0	104
1RB1LB_1LC0LD_1RC1RA_0RC0LD	2	2	0	104
1RB1LB_1LC0LD_1RC1RA_1RC0LD	2	2	0	134
1RB1LB_1LC0LD_1RD0RA_1RA0RB	2	2	0	366
1RB1LB_1LC0LD_1RD1LA_1RC0LB	2	2	0	162
1RB1LB_1LC0RA_0LD0LC_1RD1LB	2	2	0	193
1RB1LB_1LC0RA_0RD0LB_1LA1RD	2	3	0	400
1RB1LB_1LC0RA_1RA1RD_0RB0RD	2	2	0	229
1RB1LB_1LC0RA_1RA1RD_1LB0RD	2	2	0	421
1RB1LB_1LC0RA_1RA1RD_1LC0RD	2	2	0	461
1RB1LB_1LC0RA_1RC0LD_1LA0LC	2	3	0	159
1RB1LB_1LC0RB_0RA0LD_0RA---	2	2	0	327
1RB1LB_1LC0RB_0RA0LD_0RD1LA	2	2	0	343
1RB1LB_1LC0RB_0RA0LD_0RD1RA	2	2	0	333
1RB1LB_1LC0RB_0RA0LD_1RA0LC	2	2	0	292
1RB1LB_1LC0RB_0RA0LD_1RA0RA	2	2	0	327
1RB1LB_1LC0RB_0RA0LD_1RA1LA	2	2	0	279
1RB1LB_1LC0RB_0RA0LD_1RA1RA	2	2	0	327
1RB1LB_1LC0RB_0RA0LD_1RA1RB	2	2	0	282
1RB1LB_1LC0RB_0RA0LD_1RA1RC	2	2	0	292
1RB1LB_1LC0RB_0RA0LD_1RA1RD	2	2	0	422
1RB1LB_1LC0RB_0RA0LD_1RD1LB	2	2	0	259
1RB1LB_1LC0RB_0RA0LD_1RD1RA	2	2	0	333
1RB1LB_1LC0RB_0RA0LD_1RD1RB	2	2	0	315
1RB1LB_1LC0RB_0RA0RD_---1LA	2	2	0	337
1RB1LB_1LC0RB_0RA0RD_0LC1LD	2	2	0	347
1RB1LB_1LC0RB_0RA0RD_1LA1LD	2	2	0	259
1RB1LB_1LC0RB_0RA0RD_1RB1LD	2	2	0	337
1RB1LB_1LC0RB_0RA1LD_0LC---	2	2	0	254
1RB1LB_1LC0RB_0RA1LD_0RD0LC	2	2	0	343
1RB1LB_1LC0RB_0RA1LD_0RD1LA	2	2	0	259
1RB1LB_1LC0RB_0RA1LD_0RD1RB	2	2	0	327
1RB1LB_1LC0RB_0RA1LD_1LA---	2	2	0	209
1RB1LB_1LC0RB_0RA1LD_1RB---	2	2	0	247
1RB1LB_1LC0RB_0RA1LD_1RC0LC	2	2	0	266
1RB1LB_1LC0RB_0RA1LD_1RC1LA	2	2	0	217
1RB1LB_1LC0RB_0RA1LD_1RC1RB	2	2	0	259
1RB1LB_1LC0RB_0RA1LD_1RD0RB	2	2	0	247
1RB1LB_1LC0RB_0RA1LD_1RD1RA	2	2	0	259
1RB1LB_1LC0RB_0RA1LD_1RD1RB	2	2	0	414
1RB1LB_1LC0RB_0RA1RD_---0RB	2	2	0	317
1RB1LB_1LC0RB_0RA1RD_0LC1LD	2	2	0	266
1RB1LB_1LC0RB_0RA1RD_0RB0LC	2	2	0	337
1RB1LB_1LC0RB_0RA1RD_1LA1LD	2	2	0	219
1RB1LB_1LC0RB_0RA1RD_1LD0LC	2	2	0	367
1RB1LB_1LC0RB_0RA1RD_1RB1LD	2	2	0	259
1RB1LB_1LC0RB_1LB1LD_1RD1RA	2	2	0	149
1RB1LB_1LC0RB_1LC0LD_1RA1RD	2	2	0	236
1RB1LB_1LC0RB_1LC1LD_1RD1RA	2	2	0	149
1RB1LB_1LC0RB_1LD1LA_0RA---	2	2	0	191
1RB1LB_1LC0RC_1LA1RD_0RA0RB	3	2	0	195
1RB1LB_1LC0RC_1LA1RD_0RB0LC	3	2	0	262
1RB1LB_1LC0RC_1LA1RD_0RB0RB	3	2	0	200
1RB1LB_1LC0RC_1LA1RD_1LC0RB	3	2	0	206
1RB1LB_1LC0RC_1LB0LD_1RA1LA	2	2	0	311
1RB1LB_1LC0RC_1LB1LD_1RB0LA	3	2	0	668
1RB1LB_1LC0RC_1LC0LD_1RA1LA	2	2	0	311
1RB1LB_1LC0RC_1LC1LD_1RB0LA	3	2	0	668
1RB1LB_1LC0RC_1RD1LC_0LA1RB	2	2	0	178
1RB1LB_1LC0RD_---1RB_1LD0LA	2	2	0	483
1RB1LB_1LC0RD_0LB1RA_0RB1LA	2	2	0	109
1RB1LB_1LC0RD_0LB1RC_1LD0LA	2	2	0	353
1RB1LB_1LC0RD_0LC1LA_0RD1RA	2	2	0	223
1RB1LB_1LC0RD_0LC1LA_1LB1RA	2	2	0	312
1RB1LB_1LC0RD_0LC1LA_1RA0RB	4	2	0	239
1RB1LB_1LC0RD_0LC1LA_1RA0RD	4	2	0	815
1RB1LB_1LC0RD_0LC1LA_1RA1RA	2	3	0	225
1RB1LB_1LC0RD_0LC1LA_1RD1RA	3	2	0	506
1RB1LB_1LC0RD_0LD0LC_1RD0LA	2	2	0	193
1RB1LB_1LC0RD_0LD1LA_0RB1RA	2	2	0	441
1RB1LB_1LC0RD_0RA0LC_0RB0RB	2	2	0	164
1RB1LB_1LC0RD_0RA0LC_0RB0RD	2	2	0	164
1RB1LB_1LC0RD_0RA0LC_0RB1LD	2	2	0	224
1RB1LB_1LC0RD_0RA0LC_1LB0RB	2	2	0	317
1RB1LB_1LC0RD_0RA0LC_1LB0RD	2	2	0	307
1RB1LB_1LC0RD_0RA0LC_1LC0RB	2	2	0	327
1RB1LB_1LC0RD_0RA0LC_1LC0RD	2	2	0	327
1RB1LB_1LC0RD_0RA1LA_---0RB	2	2	0	247
1RB1LB_1LC0RD_0RA1LA_---1RA	2	2	0	243
1RB1LB_1LC0RD_0RA1LA_0LB0RD	2	2	0	283
1RB1LB_1LC0RD_0RA1LA_0RB0RD	2	2	0	187
1RB1LB_1LC0RD_0RA1LA_0RB1LD	2	2	0	275
1RB1LB_1LC0RD_0RA1LA_1LB0RD	2	2	0	235
1RB1LB_1LC0RD_0RA1LA_1LC0RD	2	2	0	247
1RB1LB_1LC0RD_0RA1LA_1RA0RD	2	2	0	189
1RB1LB_1LC0RD_0RA1LD_0LC0RB	2	2	0	254
1RB1LB_1LC0RD_0RA1LD_1RB0RB	2	2	0	247
1RB1LB_1LC0RD_0RA1RB_0RB0RB	2	2	0	159
1RB1LB_1LC0RD_0RA1RB_0RB0RD	2	2	0	159
1RB1LB_1LC0RD_0RA1RB_0RB1LD	2	2	0	223
1RB1LB_1LC0RD_0RA1RB_1LB0RB	2	2	0	307
1RB1LB_1LC0RD_0RA1RB_1LB0RD	2	2	0	297
1RB1LB_1LC0RD_0RA1RB_1LC0RB	2	2	0	317
1RB1LB_1LC0RD_0RA1RB_1LC0RD	2	2	0	317
1RB1LB_1LC0RD_0RA1RD_0RB0RB	2	2	0	172
1RB1LB_1LC0RD_0RA1RD_1LB0RB	2	2	0	307
1RB1LB_1LC0RD_0RA1RD_1LC0RB	2	2	0	317
1RB1LB_1LC0RD_1LA0LB_1RB1RD	2	3	0	361
1RB1LB_1LC0RD_1LC1LA_---1RA	2	2	0	187
1RB1LB_1LC0RD_1LC1LA_1RA0RD	2	2	0	119
1RB1LB_1LC0RD_1LD0LB_1RB1RA	2	3	0	341
1RB1LB_1LC0RD_1LD0RA_1RB0LC	2	2	0	112
1RB1LB_1LC0RD_1LD1LA_1LB1RA	3	2	0	472
1RB1LB_1LC0RD_1LD1RB_1LC0LA	2	2	0	483
1RB1LB_1LC0RD_1RA0LB_1RB1RA	2	2	0	127
1RB1LB_1LC0RD_1RA0LB_1RB1RD	2	2	0	127
1RB1LB_1LC0RD_1RA1LB_---1RB	2	2	0	120
1RB1LB_1LC0RD_1RB0LB_1LD0RA	3	2	0	847
1RB1LB_1LC0RD_1RC1LA_---0RB	2	2	0	193
1RB1LB_1LC0RD_1RC1LA_1LC0RD	2	2	0	193
1RB1LB_1LC1LA_0LA1RD_---1RC	2	2	0	75
1RB1LB_1LC1LA_0RB1RD_0RB0RD	2	2	0	161
1RB1LB_1LC1LA_1RB1RD_0RB0RD	2	2	0	125
1RB1LB_1LC1LA_1RD0LB_0RC1RD	2	3	0	236
1RB1LB_1LC1LA_1RD0LB_1RA0RC	2	2	0	116
1RB1LB_1LC1LB_1RA1RD_0RB0RD	2	2	0	125
1RB1LB_1LC1LC_1RA1RD_0RB0RD	2	2	0	159
1RB1LB_1LC1LC_1RA1RD_1LB0RD	2	2	0	297
1RB1LB_1LC1LC_1RA1RD_1LC0RD	2	2	0	317
1RB1LB_1LC1LC_1RD0LB_0LA1RC	2	2	0	116
1RB1LB_1LC1LC_1RD0LB_1LA1RC	2	2	0	101
1RB1LB_1LC1LD_0LA1RC_0LA1LA	3	2	0	168
1RB1LB_1LC1LD_0LA1RC_0RA1LA	3	2	0	159
1RB1LB_1LC1LD_0LA1RC_1LC1LA	3	2	0	149
1RB1LB_1LC1LD_0LA1RD_1RC0LB	2	2	0	137
1RB1LB_1LC1LD_0LD1RC_1RB1LA	3	2	0	149
1RB1LB_1LC1LD_0RA0LD_1RA0RC	2	2	0	454
1RB1LB_1LC1LD_0RA1RD_0RD0RB	2	2	0	455
1RB1LB_1LC1LD_0RB1RC_0LA1LA	3	2	0	183
1RB1LB_1LC1LD_1LA1RC_0LA1LA	3	2	0	256
1RB1LB_1LC1LD_1LD1RC_0RC1LA	3	2	0	262
1RB1LB_1LC1LD_1LD1RC_1RC1LA	3	2	0	431
1RB1LB_1LC1LD_1RA0LC_1LC0RD	2	2	0	205
1RB1LB_1LC1LD_1RC1RA_0LC0LD	2	2	0	90
1RB1LB_1LC1LD_1RC1RA_1RC0LD	2	2	0	174
1RB1LB_1LC1LD_1RD1RA_0LB0RC	2	2	0	147
1RB1LB_1LC1RB_---1LD_0RB0LA	2	2	0	231
1RB1LB_1LC1RB_---1LD_1LA0LA	2	2	0	193
1RB1LB_1LC1RB_---1LD_1RA0LB	2	2	0	178
1RB1LB_1LC1RB_---1LD_1RA0RA	2	2	0	178
1RB1LB_1LC1RB_---1LD_1RA1LC	2	2	0	132
1RB1LB_1LC1RB_---1LD_1RB0RA	2	2	0	166
1RB1LB_1LC1RB_0LD0LC_1RD0LA	2	2	0	104
1RB1LB_1LC1RB_0LD0LC_1RD1LA	2	2	0	134
1RB1LB_1LC1RB_0LD0RA_1RD0LC	2	2	0	285
1RB1LB_1LC1RB_0RA0LD_1RA0RB	2	2	0	212
1RB1LB_1LC1RB_0RA0LD_1RA0RC	2	2	0	258
1RB1LB_1LC1RB_0RA1LD_0LC0RA	2	2	0	173
1RB1LB_1LC1RB_0RB1LD_0RA1LC	2	2	0	139
1RB1LB_1LC1RB_0RD0LC_1RD1LA	2	2	0	182
1RB1LB_1LC1RB_1RA1LD_0RB1LC	2	2	0	133
1RB1LB_1LC1RB_1RD0LC_1RD0LA	2	2	0	208
1RB1LB_1LC1RB_1RD0LC_1RD1LA	2	2	0	148
1RB1LB_1LC1RC_0LD0LC_1RD1LA	2	2	0	96
1RB1LB_1LC1RC_0RA1LD_1LA0RB	2	2	0	280
1RB1LB_1LC1RC_1LB0LD_1LA0RA	4	2	0	418
1RB1LB_1LC1RC_1RD0LC_0LB1LA	2	2	0	334
1RB1LB_1LC1RC_1RD0LC_1RD1LA	2	2	0	190
1RB1LB_1LC1RD_0LB1LD_1LA0RB	4	2	0	492
1RB1LB_1LC1RD_0LD0LC_1LA1RB	2	2	0	282
1RB1LB_1LC1RD_0RA0LC_0RB0RD	2	2	0	168
1RB1LB_1LC1RD_0RA0LC_1LB0RD	2	2	0	311
1RB1LB_1LC1RD_0RA0LC_1LC0RD	2	2	0	337
1RB1LB_1LC1RD_0RA0RB_0RB0RD	2	2	0	304
1RB1LB_1LC1RD_0RA1LD_0RB0RD	2	2	0	164
1RB1LB_1LC1RD_0RA1RA_0RB0RD	2	2	0	169
1RB1LB_1LC1RD_0RA1RA_1LB0RD	2	2	0	317
1RB1LB_1LC1RD_0RA1RA_1LC0RD	2	2	0	337
1RB1LB_1LC1RD_0RA1RB_0RB0RD	2	2	0	314
1RB1LB_1LC1RD_0RB0LC_1LA1RB	2	2	0	353
1RB1LB_1LC1RD_0RB1LC_0LA1RB	2	2	0	165
1RB1LB_1LC1RD_0RD0LC_1LA1RB	2	2	0	324
1RB1LB_1LC1RD_0RD1LC_0LA1RB	2	2	0	165
1RB1LB_1LC1RD_1LA0LC_0RD1RC	2	2	0	768
1RB1LB_1LC1RD_1LA0LC_1LA1RB	2	2	0	278
1RB1LB_1LC1RD_1LA0LC_1RD0RA	2	2	0	96
1RB1LB_1LC1RD_1LA1LB_0LC0RB	2	2	0	189
1RB1LB_1LC1RD_1LA1LB_1LC0RB	2	2	0	183
1RB1LB_1LC1RD_1LA1LD_1LC0RB	2	2	0	111
1RB1LB_1LC1RD_1LB1RA_0RB0RD	2	2	0	99
1RB1LB_1LC1RD_1LB1RA_1LB0RD	2	2	0	185
1RB1LB_1LC1RD_1LB1RA_1LC0RD	2	2	0	183
1RB1LB_1LC1RD_1LC1RA_0RB0RD	2	2	0	99
1RB1LB_1LC1RD_1LC1RA_0RC0RD	2	2	0	99
1RB1LB_1LC1RD_1LC1RA_1LB0RD	2	2	0	193
1RB1LB_1LC1RD_1LC1RA_1LC0RD	2	2	0	193
1RB1LB_1LC1RD_1LD0RA_0RD1RB	2	2	0	231
1RB1LB_1LC1RD_1LD0RA_1LA1RB	2	2	0	190
1RB1LB_1LC1RD_1LD1LB_1LA0RB	2	2	0	113
1RB1LB_1LC1RD_1RB0RA_---1RB	2	2	0	224
1RB1LB_1LC1RD_1RD1LC_0LA1RB	2	2	0	140
1RB1LB_1RC---_0RD0RC_1LD0LA	2	2	0	209
1RB1LB_1RC---_0RD0RC_1LD0RA	2	2	0	87
1RB1LB_1RC---_1LD0RC_1LD0LA	2	2	0	139
1RB1LB_1RC---_1LD0RC_1LD0RA	2	2	0	171
1RB1LB_1RC0LA_0LD1RB_---1LA	2	2	0	160
1RB1LB_1RC0LA_0LD1RB_1LA0RC	2	2	0	168
1RB1LB_1RC0LA_0LD1RB_1LA1RD	2	2	0	210
1RB1LB_1RC0LA_0RD0RC_1LD1RA	2	2	0	239
1RB1LB_1RC0LA_0RD1RB_0LD1LA	2	2	0	168
1RB1LB_1RC0LA_0RD1RB_1LD0LA	2	2	0	125
1RB1LB_1RC0LA_0RD1RB_1LD0LB	2	2	0	180
1RB1LB_1RC0LA_0RD1RB_1LD0LC	2	2	0	124
1RB1LB_1RC0LA_0RD1RB_1LD1LA	2	3	0	456
1RB1LB_1RC0LA_0RD1RB_1LD1LB	2	2	0	192
1RB1LB_1RC0LA_0RD1RB_1LD1LC	2	2	0	131
1RB1LB_1RC0LA_0RD1RB_1LD1RA	2	2	0	131
1RB1LB_1RC0LA_1LD0RB_1RA0LC	2	2	0	103
1RB1LB_1RC0LA_1LD0RC_1LD1RA	2	2	0	157
1RB1LB_1RC0LA_1LD1RB_---1LA	2	2	0	127
1RB1LB_1RC0LA_1LD1RB_---1LB	2	2	0	202
1RB1LB_1RC0LA_1LD1RB_1LA1RD	2	2	0	131
1RB1LB_1RC0LA_1LD1RB_1LC0RD	2	2	0	137
1RB1LB_1RC0LA_1RD1RB_0LD1LA	2	2	0	230
1RB1LB_1RC0LA_1RD1RB_1LA---	2	2	0	125
1RB1LB_1RC0LA_1RD1RB_1LD0LB	2	2	0	235
1RB1LB_1RC0LA_1RD1RB_1LD1LA	2	2	0	192
1RB1LB_1RC0LA_1RD1RB_1LD1LB	2	2	0	125
1RB1LB_1RC0LB_0LA0RD_1LB0LA	2	2	0	171
1RB1LB_1RC0LB_0LA0RD_1LB0LB	2	2	0	311
1RB1LB_1RC0LB_0LA0RD_1LB0LD	2	2	0	297
1RB1LB_1RC0LB_0LA0RD_1LB1LD	2	2	0	307
1RB1LB_1RC0LB_0LA0RD_1LB1RD	2	3	0	483
1RB1LB_1RC0LB_0LA1RD_1LD1RC	2	2	0	163
1RB1LB_1RC0LB_0LA1RD_1RD0LA	2	2	0	185
1RB1LB_1RC0LB_0LA1RD_1RD0RA	2	2	0	366
1RB1LB_1RC0LB_0LA1RD_1RD0RC	2	2	0	141
1RB1LB_1RC0LB_0LA1RD_1RD1LA	2	2	0	195
1RB1LB_1RC0LB_0LA1RD_1RD1LB	2	2	0	100
1RB1LB_1RC0LB_0LA1RD_1RD1RA	2	2	0	93
1RB1LB_1RC0LB_0LA1RD_1RD1RB	2	2	0	133
1RB1LB_1RC0LB_0LA1RD_1RD1RC	2	2	0	103
1RB1LB_1RC0LB_0RD0LA_1LB1RD	2	3	0	679
1RB1LB_1RC0LB_0RD1LA_1LB0RD	2	2	0	225
1RB1LB_1RC0LB_1LC1RD_1RD0LA	2	2	0	205
1RB1LB_1RC0LB_1LD0RD_1LB0LA	2	3	0	494
1RB1LB_1RC0LB_1LD1RD_1RD0LA	2	2	0	199
1RB1LB_1RC0LC_0LB1RD_1LA1RD	2	2	0	170
1RB1LB_1RC0LC_0LD0LC_1RD1LA	2	2	0	187
1RB1LB_1RC0LC_0RD0LA_1LB0RB	3	2	0	441
1RB1LB_1RC0LC_0RD0LA_1LB1RA	4	2	0	486
1RB1LB_1RC0LC_0RD0LA_1LB1RC	2	2	0	203
1RB1LB_1RC0LC_1LC1RD_1LA1RD	2	2	0	157
1RB1LB_1RC0LC_1LD0RA_1LB0LB	3	2	0	96
1RB1LB_1RC0LC_1RD0LA_0LA0RD	3	2	0	288
1RB1LB_1RC0LC_1RD0LA_0LA1RB	3	2	0	222
1RB1LB_1RC0LC_1RD0LA_0LC0RC	3	2	0	381
1RB1LB_1RC0LC_1RD0LA_0LC1RB	3	2	0	249
1RB1LB_1RC0LC_1RD0LA_1LA1RB	3	2	0	465
1RB1LB_1RC0LC_1RD0LA_1LD1RB	3	2	0	273
1RB1LB_1RC0LC_1RD0RC_1LB1LA	2	2	0	147
1RB1LB_1RC0LD_0LA0RD_1LB0LB	2	2	0	301
1RB1LB_1RC0LD_0LD1RA_---0LA	3	2	0	260
1RB1LB_1RC0LD_0RD1RB_1LD0LA	2	3	0	193
1RB1LB_1RC0LD_1LA0RA_1LB1LA	3	2	0	142
1RB1LB_1RC0LD_1LA0RA_1RC1LA	3	2	0	304
1RB1LB_1RC0LD_1LA0RB_1LB0LB	2	2	0	226
1RB1LB_1RC0LD_1LA0RB_1LB0RA	2	2	0	96
1RB1LB_1RC0LD_1LA0RB_1LB1LD	2	2	0	220
1RB1LB_1RC0LD_1LA0RB_1LB1RD	2	2	0	130
1RB1LB_1RC0LD_1LA0RB_1RA1LA	3	2	0	656
1RB1LB_1RC0LD_1LA1RB_0RB1LB	2	2	0	249
1RB1LB_1RC0LD_1LA1RB_0RC1LB	2	2	0	223
1RB1LB_1RC0LD_1LA1RB_0RD1LB	2	2	0	261
1RB1LB_1RC0LD_1LA1RB_1LB1LB	2	2	0	207
1RB1LB_1RC0LD_1LA1RB_1LC1LB	2	2	0	193
1RB1LB_1RC0LD_1LA1RB_1RB1LB	2	2	0	202
1RB1LB_1RC0LD_1LA1RB_1RD1LB	2	2	0	223
1RB1LB_1RC0LD_1LA1RD_0LC1RC	2	2	0	154
1RB1LB_1RC0LD_1LA1RD_1RC1LB	2	2	0	109
1RB1LB_1RC0LD_1LD0RB_1RA1LA	3	2	0	359
1RB1LB_1RC0LD_1RD0RA_1LB1LA	3	2	0	635
1RB1LB_1RC0LD_1RD1RB_1LA1LB	2	2	0	139
1RB1LB_1RC0RA_0LD0LC_1RD1LA	2	2	0	113
1RB1LB_1RC0RA_0LD0RC_1LD1LA	2	2	0	173
1RB1LB_1RC0RA_0RD0RC_1LD0LB	2	2	0	195
1RB1LB_1RC0RA_0RD0RC_1LD0RB	2	2	0	186
1RB1LB_1RC0RA_0RD0RC_1LD1LA	2	2	0	121
1RB1LB_1RC0RA_0RD0RC_1LD1RA	2	2	0	95
1RB1LB_1RC0RA_0RD0RC_1LD1RB	2	2	0	200
1RB1LB_1RC0RA_1LB0LD_1LA1LC	4	2	0	332
1RB1LB_1RC0RA_1LD0RB_1LA0LC	2	2	0	103
1RB1LB_1RC0RA_1LD0RC_1LD1LA	2	2	0	131
1RB1LB_1RC0RA_1LD0RC_1LD1RA	2	2	0	189
1RB1LB_1RC0RB_1LA0LD_---1LC	2	3	0	288
1RB1LB_1RC0RB_1LC0LD_0RC1LA	2	3	0	456
1RB1LB_1RC0RB_1LD0RB_1LA0LC	2	2	0	207
1RB1LB_1RC0RB_1LD0RC_1RA0LB	2	2	0	253
1RB1LB_1RC0RC_0LD0RC_1LD1LA	2	2	0	165
1RB1LB_1RC0RC_0RD0RB_1LD0LA	2	2	0	469
1RB1LB_1RC0RC_0RD0RB_1LD0RA	2	2	0	87
1RB1LB_1RC0RC_0RD0RC_1LD1LA	2	2	0	117
1RB1LB_1RC0RC_1LA1LD_0LC0LD	2	2	0	373
1RB1LB_1RC0RC_1LD0LA_1LC0RD	2	2	0	151
1RB1LB_1RC0RC_1LD0RB_0LA0LB	2	2	0	2025
1RB1LB_1RC0RC_1LD0RB_0RA0LB	2	2	0	203
1RB1LB_1RC0RC_1LD0RB_1LA0LC	2	2	0	207
1RB1LB_1RC0RC_1LD0RC_1LD1LA	2	2	0	127
1RB1LB_1RC0RD_0LB0RC_1LD0LA	2	2	0	207
1RB1LB_1RC0RD_0LB0RC_1LD0RA	2	2	0	227
1RB1LB_1RC0RD_0LD0LA_1RA1LC	4	2	0	1220
1RB1LB_1RC0RD_1LD0LB_1LA0LA	2	2	0	525
1RB1LB_1RC0RD_1LD0RD_1LA0LA	2	2	0	433
1RB1LB_1RC0RD_1LD0RD_1LB0LA	2	2	0	433
1RB1LB_1RC0RD_1LD1RB_---0LA	3	2	0	891
1RB1LB_1RC1LA_0LB0RD_---0LA	2	2	0	125
1RB1LB_1RC1LA_0LB0RD_---1RC	2	2	0	98
1RB1LB_1RC1LA_0LB1RD_---1RC	2	2	0	93
1RB1LB_1RC1LA_0LC0RD_1LD0RB	2	2	0	244
1RB1LB_1RC1LA_0LD0RC_1LD1LA	2	2	0	93
1RB1LB_1RC1LA_0RD0RC_1LD0RB	2	2	0	121
1RB1LB_1RC1LA_0RD0RC_1LD1LA	2	2	0	65
1RB1LB_1RC1LA_0RD0RC_1LD1RA	2	2	0	71
1RB1LB_1RC1LA_0RD0RC_1LD1RB	2	2	0	113
1RB1LB_1RC1LA_1LA0RD_---0LA	2	2	0	170
1RB1LB_1RC1LA_1LA1RD_---0RA	2	2	0	143
1RB1LB_1RC1LA_1LA1RD_---0RC	2	2	0	189
1RB1LB_1RC1LA_1LA1RD_---1RC	2	2	0	118
1RB1LB_1RC1LA_1LD0RC_1LC0RB	2	2	0	155
1RB1LB_1RC1LA_1LD0RC_1LC1RB	2	2	0	145
1RB1LB_1RC1LA_1LD0RC_1LD0RB	2	2	0	155
1RB1LB_1RC1LA_1LD0RC_1LD1LA	2	2	0	123
1RB1LB_1RC1LA_1LD0RC_1LD1RA	2	2	0	133
1RB1LB_1RC1LA_1LD0RC_1LD1RB	2	2	0	145
1RB1LB_1RC1LA_1LD0RD_1LB0LA	2	3	0	295
1RB1LB_1RC1LB_0LA1RD_0LB0RB	2	2	0	200
1RB1LB_1RC1LB_0LA1RD_0LB1RC	2	2	0	148
1RB1LB_1RC1LB_0LB1RD_0LA1RC	2	2	0	148
1RB1LB_1RC1LB_0LB1RD_1LA1RC	2	2	0	118
1RB1LB_1RC1LB_0LD0RC_1LD1LA	2	2	0	93
1RB1LB_1RC1LB_0RD0RC_1LD1LA	2	2	0	65
1RB1LB_1RC1LB_0RD0RC_1LD1RA	2	2	0	125
1RB1LB_1RC1LB_1LA1RD_0LB1RC	2	2	0	124
1RB1LB_1RC1LB_1LB1RD_1LA0RB	2	2	0	165
1RB1LB_1RC1LB_1LB1RD_1LA1RC	2	2	0	119
1RB1LB_1RC1LB_1LD0RB_1RA0LC	2	2	0	107
1RB1LB_1RC1LB_1LD0RC_1LD1LA	2	2	0	123
1RB1LB_1RC1LB_1LD0RC_1LD1RA	2	2	0	137
1RB1LB_1RC1LB_1LD0RD_1LB0LA	2	3	0	295
1RB1LB_1RC1LC_0LD0RD_1LD0LA	2	2	0	214
1RB1LB_1RC1LC_0RD0LA_1LD0RC	3	2	0	162
1RB1LB_1RC1LC_1LD0RC_0RB0LA	2	2	0	235
1RB1LB_1RC1LC_1LD0RC_0RB0RA	2	2	0	297
1RB1LB_1RC1LC_1LD0RD_1LC0LA	2	2	0	278
1RB1LB_1RC1LC_1LD0RD_1LD0LA	2	2	0	278
1RB1LB_1RC1LC_1RD0LB_0LA1RC	2	2	0	156
1RB1LB_1RC1LC_1RD0LB_1LA1RC	2	2	0	119
1RB1LB_1RC1LD_0LA0RA_1LB1LA	3	2	0	492
1RB1LB_1RC1LD_0LA0RA_1RD1LA	3	2	0	506
1RB1LB_1RC1LD_0LA0RC_0LB1LA	2	2	0	291
1RB1LB_1RC1LD_0LA0RC_1LC---	4	2	0	480
1RB1LB_1RC1LD_0LA1RB_0RA0LD	4	2	0	455
1RB1LB_1RC1LD_0LA1RB_0RC0LB	2	2	0	217
1RB1LB_1RC1LD_0LA1RB_1RC0LB	2	2	0	205
1RB1LB_1RC1LD_0LA1RC_0LA1LA	3	2	0	273
1RB1LB_1RC1LD_0LA1RC_1LB1LA	3	2	0	273
1RB1LB_1RC1LD_0LA1RC_1LC1LA	3	2	0	137
1RB1LB_1RC1LD_0LA1RC_1RD1LA	3	2	0	283
1RB1LB_1RC1LD_0LA1RD_1RC0LB	2	2	0	141
1RB1LB_1RC1LD_0LB0RC_1RA1LB	2	2	0	301
1RB1LB_1RC1LD_0LB1RC_0RA1LB	2	2	0	156
1RB1LB_1RC1LD_0LD0RB_0RC1LA	2	2	0	362
1RB1LB_1RC1LD_0LD0RC_0RB1LA	2	2	0	262
1RB1LB_1RC1LD_0LD0RC_1LA1LA	2	2	0	285
1RB1LB_1RC1LD_0LD0RC_1RC1LA	2	2	0	301
1RB1LB_1RC1LD_0LD1RC_0LA1LA	3	2	0	263
1RB1LB_1RC1LD_0LD1RC_0RA1LB	2	2	0	156
1RB1LB_1RC1LD_0LD1RC_1LB1LA	3	2	0	263
1RB1LB_1RC1LD_0LD1RC_1RD1LA	3	2	0	273
1RB1LB_1RC1LD_0RD1RC_1LD0LA	3	2	0	288
1RB1LB_1RC1LD_0RD1RC_1LD1LA	3	2	0	234
1RB1LB_1RC1LD_1LA0RA_1LB1LA	3	2	0	305
1RB1LB_1RC1LD_1LA0RA_1RD1LA	3	2	0	319
1RB1LB_1RC1LD_1LA0RC_0LA1LA	2	2	0	211
1RB1LB_1RC1LD_1LA0RC_0LB1LA	2	2	0	219
1RB1LB_1RC1LD_1LA0RC_0RA1LA	2	2	0	231
1RB1LB_1RC1LD_1LA0RC_1LB1LA	2	2	0	239
1RB1LB_1RC1LD_1LA0RC_1RC1LA	2	2	0	229
1RB1LB_1RC1LD_1LA0RC_1RD1LA	2	2	0	241
1RB1LB_1RC1LD_1LA0RD_1LB0LA	3	2	0	425
1RB1LB_1RC1LD_1LA1RB_1RC0LB	2	2	0	191
1RB1LB_1RC1LD_1LA1RC_0LA1LA	3	2	0	242
1RB1LB_1RC1LD_1LA1RC_0RA0LD	4	2	0	329
1RB1LB_1RC1LD_1LA1RC_1LB1LA	3	2	0	242
1RB1LB_1RC1LD_1LA1RC_1RD1LA	3	2	0	254
1RB1LB_1RC1LD_1LA1RD_1LB0RC	2	2	0	202
1RB1LB_1RC1LD_1LD0RB_0RC1LA	2	2	0	317
1RB1LB_1RC1LD_1LD0RC_0LB1LA	2	2	0	219
1RB1LB_1RC1LD_1LD0RC_0RD1LA	2	2	0	239
1RB1LB_1RC1LD_1LD0RC_1LA0RB	2	2	0	313
1RB1LB_1RC1LD_1LD0RC_1LA1LA	2	2	0	219
1RB1LB_1RC1LD_1LD0RC_1RA0LA	2	2	0	235
1RB1LB_1RC1LD_1LD0RC_1RA0RA	2	2	0	297
1RB1LB_1RC1LD_1LD0RC_1RA1RC	2	2	0	279
1RB1LB_1RC1LD_1LD0RC_1RB1LA	2	2	0	229
1RB1LB_1RC1LD_1LD1RC_0RA1LB	2	2	0	129
1RB1LB_1RC1LD_1RD1RC_1LB1LA	3	2	0	234
1RB1LB_1RC1RB_0LD0RA_1LB1LD	2	2	0	212
1RB1LB_1RC1RB_1LD0RA_1LB1LD	2	2	0	182
1RB1LB_1RC1RB_1LD0RB_1RA0LC	2	2	0	113
1RB1LB_1RC1RC_0LD0LC_1RD1LA	2	2	0	105
1RB1LB_1RC1RC_0LD0RC_1LD1LA	2	2	0	165
1RB1LB_1RC1RC_0RD0RC_1LD1LA	2	2	0	117
1RB1LB_1RC1RC_0RD0RC_1LD1RA	2	2	0	87
1RB1LB_1RC1RC_1LD0RC_1LD1LA	2	2	0	127
1RB1LB_1RC1RC_1LD0RC_1LD1RA	2	2	0	171
1RB1LB_1RC1RD_0LA1LA_0RB0RD	2	2	0	160
1RB1LB_1RC1RD_0LA1LA_0RC0LC	2	2	0	252
1RB1LB_1RC1RD_0LA1LA_1LB0RD	2	2	0	319
1RB1LB_1RC1RD_0LA1LA_1RB0LC	2	2	0	198
1RB1LB_1RC1RD_0LA1LA_1RC0RD	2	2	0	328
1RB1LB_1RC1RD_0LA1LD_1RB0LC	2	2	0	148
1RB1LB_1RC1RD_0LB1LA_1LB0RD	2	2	0	281
1RB1LB_1RC1RD_0LD0RC_1LD1LA	2	2	0	109
1RB1LB_1RC1RD_0LD1LA_1LB0RD	2	2	0	317
1RB1LB_1RC1RD_0LD1LA_1RB0LC	2	2	0	186
1RB1LB_1RC1RD_0RD0RC_1LD1LA	2	2	0	73
1RB1LB_1RC1RD_0RD1LA_1LB0RD	2	2	0	277
1RB1LB_1RC1RD_1LA0LC_1RD1LC	2	2	0	92
1RB1LB_1RC1RD_1LA0RD_1LB0LA	2	2	0	356
1RB1LB_1RC1RD_1LA1LA_0LB0RD	2	2	0	313
1RB1LB_1RC1RD_1LA1LA_0RB0RD	2	2	0	216
1RB1LB_1RC1RD_1LA1LA_1LB0RD	2	2	0	313
1RB1LB_1RC1RD_1LA1LA_1RB0LC	2	2	0	136
1RB1LB_1RC1RD_1LA1LA_1RC0RD	2	2	0	160
1RB1LB_1RC1RD_1LB1LA_0RC0RD	2	2	0	150
1RB1LB_1RC1RD_1LB1LA_1LB0RD	2	2	0	279
1RB1LB_1RC1RD_1LB1LA_1LC0RD	2	2	0	261
1RB1LB_1RC1RD_1LC1RA_0RC0RD	2	2	0	96
1RB1LB_1RC1RD_1LC1RA_1LC0RD	2	2	0	171
1RB1LB_1RC1RD_1LD0RC_1LD1LA	2	2	0	139
1RB1LB_1RC1RD_1LD0RD_1LB0LA	2	2	0	344
1RB1LB_1RC1RD_1LD1LA_1LB0RD	2	2	0	311
1RB1LB_1RC1RD_1LD1LA_1RB0LC	2	2	0	128
1RB1LB_1RC1RD_1RD1LA_1LB0RD	2	2	0	319
1RB1LC_0LA---_0LD0LC_1RD0RB	2	2	0	96
1RB1LC_0LA---_0LD0LC_1RD1RA	2	2	0	135
1RB1LC_0LA---_0LD0LC_1RD1RB	2	2	0	88
1RB1LC_0LA---_0RD0LC_1RD1RA	2	2	0	183
1RB1LC_0LA---_0RD1LA_1RA1RD	2	2	0	94
1RB1LC_0LA---_1RD0LA_0LC1RC	2	2	0	91
1RB1LC_0LA---_1RD0LA_1LA1RC	2	2	0	217
1RB1LC_0LA---_1RD0LA_1LC1RC	2	2	0	67
1RB1LC_0LA---_1RD0LC_1RC1RA	2	2	0	145
1RB1LC_0LA---_1RD0LC_1RD0RB	2	2	0	190
1RB1LC_0LA---_1RD0LC_1RD1RA	2	2	0	145
1RB1LC_0LA---_1RD0LC_1RD1RB	2	2	0	172
1RB1LC_0LA---_1RD1LA_0RB1RD	2	2	0	138
1RB1LC_0LA---_1RD1LA_1RB1RD	2	2	0	128
1RB1LC_0LA0LA_0RD1LA_1LA1RD	2	2	0	171
1RB1LC_0LA0LC_0LD0LB_1RD0RB	2	2	0	96
1RB1LC_0LA0LC_0LD0LB_1RD1RB	2	2	0	88
1RB1LC_0LA0LC_1LA1RD_0RD1RB	2	2	0	124
1RB1LC_0LA0LC_1RD0LB_1RC1RA	2	2	0	145
1RB1LC_0LA0LC_1RD0LB_1RD1RA	2	2	0	145
1RB1LC_0LA0LC_1RD0RC_1LB1RA	2	2	0	286
1RB1LC_0LA0LC_1RD0RD_1LB0RC	2	2	0	547
1RB1LC_0LA0LC_1RD1LA_0RB1LB	2	2	0	166
1RB1LC_0LA0LC_1RD1LA_0RB1LD	2	2	0	176
1RB1LC_0LA0LC_1RD1LB_1RB1RC	2	2	0	113
1RB1LC_0LA0LD_0LD1LA_1RD0RB	2	2	0	122
1RB1LC_0LA0LD_0LD1LC_1RD0RB	2	2	0	122
1RB1LC_0LA0LD_0RD1LA_1LA1RD	2	2	0	161
1RB1LC_0LA0RA_0RD0LD_1LA1RD	2	2	0	266
1RB1LC_0LA0RA_1LD0LD_1LA1RD	2	2	0	482
1RB1LC_0LA0RA_1RD0LD_1LA1RD	2	3	0	295
1RB1LC_0LA0RA_1RD1LA_0LA1RD	2	2	0	182
1RB1LC_0LA0RA_1RD1LA_0LC1RD	2	2	0	180
1RB1LC_0LA0RA_1RD1LA_1LA1RD	2	2	0	124
1RB1LC_0LA0RB_0LD0LC_1RD0LB	2	2	0	203
1RB1LC_0LA0RC_0LD0LA_1RD1RA	4	2	0	533
1RB1LC_0LA0RC_0LD1LC_1RD0RB	2	2	0	144
1RB1LC_0LA0RC_0LD1RB_1RD1LA	3	2	0	473
1RB1LC_0LA0RC_0RD0RC_1LD1LA	2	2	0	126
1RB1LC_0LA0RC_1LA0LD_0RA---	2	2	0	122
1RB1LC_0LA0RC_1LA0LD_1RA0LC	2	2	0	148
1RB1LC_0LA0RC_1LA0LD_1RA0LD	2	2	0	156
1RB1LC_0LA0RC_1LA0LD_1RA1LA	3	2	0	397
1RB1LC_0LA0RC_1LA0LD_1RA1LD	2	2	0	187
1RB1LC_0LA0RC_1LA0LD_1RA1RC	2	2	0	154
1RB1LC_0LA0RC_1LA0RD_0LA1LA	2	2	0	122
1RB1LC_0LA0RC_1LA1LD_0LC0LD	2	2	0	317
1RB1LC_0LA0RC_1LA1LD_0RD1RB	2	2	0	122
1RB1LC_0LA0RC_1LA1RD_0LA0LB	2	2	0	140
1RB1LC_0LA0RC_1LA1RD_0LA0RC	2	2	0	88
1RB1LC_0LA0RC_1LA1RD_0RA0LB	2	2	0	102
1RB1LC_0LA0RC_1LA1RD_0RA0RC	2	2	0	66
1RB1LC_0LA0RC_1LD0LC_1RB1RA	2	2	0	299
1RB1LC_0LA0RC_1LD0LC_1RB1RD	2	2	0	156
1RB1LC_0LA0RC_1LD0LD_1RD0RB	2	2	0	362
1RB1LC_0LA0RC_1LD1RB_1RB1LC	2	2	0	88
1RB1LC_0LA0RC_1LD1RB_1RD1LC	2	2	0	98
1RB1LC_0LA0RC_1RC0LD_1LA1RA	3	2	0	319
1RB1LC_0LA0RC_1RC1RD_1LA0LD	2	2	0	324
1RB1LC_0LA0RC_1RD0LD_1LA1RD	2	3	0	289
1RB1LC_0LA0RC_1RD1LA_0LA1RD	2	2	0	224
1RB1LC_0LA0RC_1RD1LA_1LA1RD	2	2	0	206
1RB1LC_0LA0RD_0LD0LA_1LA1RA	4	2	0	610
1RB1LC_0LA0RD_0LD0LC_1LA0LA	2	2	0	254
1RB1LC_0LA0RD_0LD0LC_1LA0LB	2	2	0	286
1RB1LC_0LA0RD_0LD0LC_1LA0LD	2	2	0	286
1RB1LC_0LA0RD_0LD0LC_1LA0RA	2	2	0	302
1RB1LC_0LA0RD_0LD0LC_1LA0RB	2	2	0	407
1RB1LC_0LA0RD_0LD0LC_1LA1LB	2	2	0	311
1RB1LC_0LA0RD_0LD0LC_1LA1LC	2	2	0	311
1RB1LC_0LA0RD_0LD0LC_1LA1LD	2	2	0	311
1RB1LC_0LA0RD_0LD0LC_1LA1RB	2	2	0	359
1RB1LC_0LA0RD_0LD0LC_1LA1RD	2	2	0	444
1RB1LC_0LA0RD_0LD1LB_1LA1RA	3	2	0	229
1RB1LC_0LA0RD_0LD1LB_1RD1RA	3	2	0	325
1RB1LC_0LA0RD_0LD1LC_1LA1RB	3	2	0	195
1RB1LC_0LA0RD_0LD1RD_1LA0LD	2	2	0	317
1RB1LC_0LA0RD_0RC1LD_1LA1RB	2	2	0	130
1RB1LC_0LA0RD_0RD1LD_1RA1LA	3	2	0	474
1RB1LC_0LA0RD_1LA---_---1RB	2	2	0	88
1RB1LC_0LA0RD_1LA---_0RA0LD	2	2	0	122
1RB1LC_0LA0RD_1LA0LA_1LA1RA	4	2	0	633
1RB1LC_0LA0RD_1LA0LB_1LD1LA	2	2	0	307
1RB1LC_0LA0RD_1LA0LC_1LA0LA	2	2	0	299
1RB1LC_0LA0RD_1LA1LD_1LD1LA	3	2	0	467
1RB1LC_0LA0RD_1LD---_1RB0LC	2	2	0	122
1RB1LC_0LA0RD_1LD1LC_1LA1RD	2	2	0	423
1RB1LC_0LA0RD_1LD1RB_1LA0RC	3	2	0	127
1RB1LC_0LA0RD_1RA0LD_1LA0LC	2	2	0	159
1RB1LC_0LA0RD_1RA1LA_---0LC	2	2	0	132
1RB1LC_0LA0RD_1RA1LA_---1RB	2	2	0	130
1RB1LC_0LA0RD_1RB1LD_1RA1LA	3	2	0	472
1RB1LC_0LA0RD_1RC1LD_1LD1LA	3	2	0	483
1RB1LC_0LA0RD_1RC1RD_1LA0LD	2	2	0	311
1RB1LC_0LA0RD_1RD0LC_1LA1RB	2	2	0	171
1RB1LC_0LA0RD_1RD1LA_0LA1RD	2	2	0	256
1RB1LC_0LA0RD_1RD1LA_0LC1RD	2	2	0	281
1RB1LC_0LA0RD_1RD1LD_1LA0RC	3	2	0	751
1RB1LC_0LA1LA_0RD1LA_1LA1RD	2	2	0	151
1RB1LC_0LA1LA_0RD1LA_1LC1RD	2	2	0	143
1RB1LC_0LA1LA_1RD0LA_0LB1RC	2	2	0	157
1RB1LC_0LA1LA_1RD0LA_1LB1RC	2	2	0	119
1RB1LC_0LA1LA_1RD1LA_0LA1RD	2	2	0	107
1RB1LC_0LA1LA_1RD1LA_0LC1RD	2	2	0	100
1RB1LC_0LA1LB_0LD0LC_1RD0RA	2	3	0	303
1RB1LC_0LA1LB_0RD1LA_1LA1RD	2	2	0	145
1RB1LC_0LA1LB_0RD1RD_1LA1RC	2	2	0	107
1RB1LC_0LA1LC_0RD0LD_1LB1RD	2	2	0	203
1RB1LC_0LA1LC_0RD1LB_1LB1RD	2	2	0	139
1RB1LC_0LA1LC_1RD0LA_1LB1RC	2	2	0	217
1RB1LC_0LA1LC_1RD0LB_1RB1RC	2	2	0	77
1RB1LC_0LA1LC_1RD1LA_0LC0RD	2	2	0	349
1RB1LC_0LA1LC_1RD1LA_1LA0RD	2	2	0	235
1RB1LC_0LA1LC_1RD1LA_1RA0RD	2	2	0	220
1RB1LC_0LA1LD_0RD1LA_1LA1RD	2	2	0	137
1RB1LC_0LA1LD_0RD1LA_1LC1RD	2	2	0	136
1RB1LC_0LA1LD_1LD1RC_0RC1LB	2	2	0	149
1RB1LC_0LA1LD_1RB0LB_1RC0RD	3	2	0	351
1RB1LC_0LA1LD_1RB1RC_1RA0LD	2	2	0	370
1RB1LC_0LA1LD_1RB1RC_1RC0LD	2	2	0	370
1RB1LC_0LA1LD_1RC1RB_0LC0LD	2	2	0	107
1RB1LC_0LA1LD_1RC1RB_1RC0LD	2	2	0	190
1RB1LC_0LA1LD_1RD1LA_0LA1RD	2	2	0	182
1RB1LC_0LA1LD_1RD1LA_0LC1RD	2	2	0	180
1RB1LC_0LA1LD_1RD1LA_1LA1RD	2	2	0	124
1RB1LC_0LA1RA_0LD0LC_1RD0LB	2	2	0	96
1RB1LC_0LA1RA_0LD0LC_1RD0RA	2	3	0	188
1RB1LC_0LA1RA_0LD0LC_1RD1LB	2	2	0	88
1RB1LC_0LA1RA_0RD0LD_1LA1RD	2	2	0	201
1RB1LC_0LA1RA_0RD0RC_1LD1LA	2	2	0	119
1RB1LC_0LA1RA_0RD1LA_1LA1RD	2	2	0	161
1RB1LC_0LA1RA_0RD1LA_1LC1RD	2	2	0	155
1RB1LC_0LA1RA_1LA1LD_---0LC	2	2	0	80
1RB1LC_0LA1RA_1RB0LD_---0RB	2	2	0	212
1RB1LC_0LA1RA_1RB0LD_---1LB	2	2	0	147
1RB1LC_0LA1RA_1RB0LD_---1LC	2	2	0	120
1RB1LC_0LA1RA_1RB0LD_---1RB	2	2	0	166
1RB1LC_0LA1RA_1RB1LD_---0LC	2	2	0	109
1RB1LC_0LA1RA_1RD0LC_1RD0LB	2	2	0	190
1RB1LC_0LA1RA_1RD0LC_1RD1LB	2	2	0	172
1RB1LC_0LA1RA_1RD0LD_1LA1RD	2	2	0	189
1RB1LC_0LA1RA_1RD1LA_0LA1RD	2	2	0	117
1RB1LC_0LA1RA_1RD1LA_0LC1RD	2	2	0	108
1RB1LC_0LA1RB_0LD0LC_1RD0LB	2	2	0	187
1RB1LC_0LA1RB_0LD0LC_1RD1LB	2	2	0	96
1RB1LC_0LA1RB_0LD1LA_0RA---	2	2	0	182
1RB1LC_0LA1RB_0LD1LA_0RD1LA	2	2	0	192
1RB1LC_0LA1RB_0LD1LA_0RD1RA	2	2	0	169
1RB1LC_0LA1RB_0LD1LA_1RA---	2	2	0	88
1RB1LC_0LA1RB_0LD1LA_1RC0RA	2	2	0	192
1RB1LC_0LA1RB_0LD1LA_1RC1RA	2	2	0	98
1RB1LC_0LA1RB_0LD1LA_1RC1RD	2	2	0	156
1RB1LC_0LA1RB_0LD1LA_1RD0RA	2	2	0	368
1RB1LC_0LA1RB_0LD1LA_1RD0RB	2	2	0	184
1RB1LC_0LA1RB_0LD1LA_1RD1LA	2	2	0	150
1RB1LC_0LA1RB_0LD1LA_1RD1LB	2	2	0	98
1RB1LC_0LA1RB_0LD1LA_1RD1RA	2	2	0	128
1RB1LC_0LA1RB_0LD1LA_1RD1RB	2	2	0	88
1RB1LC_0LA1RB_0LD1LD_1RA1LA	3	2	0	253
1RB1LC_0LA1RB_0LD1LD_1RA1LC	2	2	0	88
1RB1LC_0LA1RB_0RD1LA_---1LA	2	2	0	182
1RB1LC_0LA1RB_0RD1LA_---1RA	2	2	0	168
1RB1LC_0LA1RB_0RD1LA_0LC1RD	2	2	0	256
1RB1LC_0LA1RB_0RD1LA_0RB1RD	2	2	0	276
1RB1LC_0LA1RB_0RD1LA_0RC1LD	2	2	0	192
1RB1LC_0LA1RB_0RD1LA_1LA0LC	2	2	0	192
1RB1LC_0LA1RB_0RD1LA_1LA1LD	2	2	0	98
1RB1LC_0LA1RB_0RD1LA_1LA1RD	2	2	0	248
1RB1LC_0LA1RB_0RD1LA_1LB1RD	2	2	0	276
1RB1LC_0LA1RB_0RD1LA_1LC1RD	2	2	0	248
1RB1LC_0LA1RB_0RD1LA_1RA0LC	2	2	0	178
1RB1LC_0LA1RB_0RD1LA_1RA0LD	2	2	0	182
1RB1LC_0LA1RB_0RD1LA_1RA1LD	2	2	0	108
1RB1LC_0LA1RB_0RD1LA_1RB1LD	2	2	0	182
1RB1LC_0LA1RB_0RD1LA_1RB1RD	2	2	0	264
1RB1LC_0LA1RB_1LA0LD_---1RC	2	2	0	120
1RB1LC_0LA1RB_1LA0RD_0LB1RC	2	2	0	1340
1RB1LC_0LA1RB_1LA1LD_---0RA	3	2	0	327
1RB1LC_0LA1RB_1LA1LD_---1LA	3	2	0	253
1RB1LC_0LA1RB_1LA1LD_---1LC	2	2	0	88
1RB1LC_0LA1RB_1LD1LA_0RB---	2	2	0	182
1RB1LC_0LA1RB_1LD1LA_0RC---	2	2	0	98
1RB1LC_0LA1RB_1LD1LA_0RD0RC	2	2	0	192
1RB1LC_0LA1RB_1LD1LA_0RD1LA	2	2	0	98
1RB1LC_0LA1RB_1LD1LA_0RD1RA	2	2	0	108
1RB1LC_0LA1RB_1LD1LA_0RD1RB	2	2	0	182
1RB1LC_0LA1RB_1LD1LA_1LA---	2	2	0	138
1RB1LC_0LA1RB_1LD1LA_1RA---	2	2	0	144
1RB1LC_0LA1RB_1LD1LA_1RB---	2	2	0	88
1RB1LC_0LA1RB_1LD1LA_1RD0RB	2	2	0	276
1RB1LC_0LA1RB_1LD1LA_1RD0RC	2	2	0	98
1RB1LC_0LA1RB_1LD1LA_1RD1LB	2	2	0	98
1RB1LC_0LA1RB_1LD1LA_1RD1LC	2	2	0	144
1RB1LC_0LA1RB_1LD1LA_1RD1RB	2	2	0	88
1RB1LC_0LA1RB_1LD1LA_1RD1RC	2	2	0	150
1RB1LC_0LA1RB_1RC1LD_---1LA	3	2	0	263
1RB1LC_0LA1RB_1RD0LC_1RD1LB	2	2	0	190
1RB1LC_0LA1RB_1RD1LA_---0RB	2	2	0	283
1RB1LC_0LA1RB_1RD1LA_---1LB	2	2	0	182
1RB1LC_0LA1RB_1RD1LA_---1LC	2	2	0	98
1RB1LC_0LA1RB_1RD1LA_---1RB	2	2	0	172
1RB1LC_0LA1RB_1RD1LA_0LA1RC	2	2	0	99
1RB1LC_0LA1RB_1RD1LA_0LA1RD	2	2	0	172
1RB1LC_0LA1RB_1RD1LA_0LB1RC	2	2	0	101
1RB1LC_0LA1RB_1RD1LA_0LB1RD	2	2	0	182
1RB1LC_0LA1RB_1RD1LA_0LC0RC	2	2	0	158
1RB1LC_0LA1RB_1RD1LA_0LC1RC	2	2	0	103
1RB1LC_0LA1RB_1RD1LA_0LC1RD	2	2	0	256
1RB1LC_0LA1RB_1RD1LA_0RB0RC	2	2	0	174
1RB1LC_0LA1RB_1RD1LA_0RB1LD	2	2	0	192
1RB1LC_0LA1RB_1RD1LA_0RB1RC	2	2	0	102
1RB1LC_0LA1RB_1RD1LA_0RC1LD	2	2	0	108
1RB1LC_0LA1RB_1RD1LA_1LA0RC	2	2	0	172
1RB1LC_0LA1RB_1RD1LA_1LA1LD	2	2	0	144
1RB1LC_0LA1RB_1RD1LA_1LA1RC	2	2	0	100
1RB1LC_0LA1RB_1RD1LA_1LA1RD	2	2	0	306
1RB1LC_0LA1RB_1RD1LA_1LB0RC	2	2	0	174
1RB1LC_0LA1RB_1RD1LA_1LB1RC	2	2	0	102
1RB1LC_0LA1RB_1RD1LA_1LB1RD	2	2	0	138
1RB1LC_0LA1RB_1RD1LA_1LC0RC	2	2	0	170
1RB1LC_0LA1RB_1RD1LA_1LC1RC	2	2	0	98
1RB1LC_0LA1RB_1RD1LA_1LD0RC	2	2	0	176
1RB1LC_0LA1RB_1RD1LA_1LD1RC	2	2	0	102
1RB1LC_0LA1RB_1RD1LA_1RA0RC	2	2	0	146
1RB1LC_0LA1RB_1RD1LA_1RA1LD	2	2	0	150
1RB1LC_0LA1RB_1RD1LA_1RA1RC	2	2	0	87
1RB1LC_0LA1RB_1RD1LA_1RA1RD	2	2	0	134
1RB1LC_0LA1RB_1RD1LA_1RB0RC	2	2	0	172
1RB1LC_0LA1RB_1RD1LA_1RB1LD	2	2	0	98
1RB1LC_0LA1RB_1RD1LA_1RB1RC	2	2	0	100
1RB1LC_0LA1RC_0LD1RB_1RC1LD	2	2	0	243
1RB1LC_0LA1RC_0RD0RC_1LD1LA	2	2	0	153
1RB1LC_0LA1RC_1LA0LD_---0RA	2	2	0	122
1RB1LC_0LA1RC_1LA0RD_0LB1RC	2	2	0	320
1RB1LC_0LA1RC_1LA0RD_0LC1RC	2	2	0	243
1RB1LC_0LA1RC_1LA0RD_0LD1RC	2	2	0	255
1RB1LC_0LA1RC_1LA0RD_0RB1RC	2	2	0	234
1RB1LC_0LA1RC_1LA0RD_1LB1RC	2	2	0	766
1RB1LC_0LA1RC_1LA0RD_1LC1RC	2	2	0	221
1RB1LC_0LA1RC_1LA0RD_1LD1RC	2	2	0	217
1RB1LC_0LA1RC_1LA0RD_1RB1RC	2	2	0	226
1RB1LC_0LA1RC_1LA0RD_1RC1RC	2	2	0	201
1RB1LC_0LA1RC_1LA1RD_1LA0RC	2	2	0	176
1RB1LC_0LA1RC_1LD0RB_1LA1LC	2	2	0	135
1RB1LC_0LA1RC_1LD0RD_1RB1LD	2	2	0	156
1RB1LC_0LA1RC_1LD1RB_0RB1LD	2	2	0	191
1RB1LC_0LA1RC_1LD1RB_0RC1LD	2	2	0	187
1RB1LC_0LA1RC_1LD1RB_1RB1LD	2	2	0	133
1RB1LC_0LA1RC_1RB0LD_---0RB	2	2	0	212
1RB1LC_0LA1RC_1RB0LD_---1LC	2	2	0	120
1RB1LC_0LA1RC_1RB0LD_---1RB	2	2	0	166
1RB1LC_0LA1RC_1RB1LD_0RB0LC	2	2	0	233
1RB1LC_0LA1RC_1RB1LD_1RB0LC	2	2	0	216
1RB1LC_0LA1RC_1RC1LD_1LA0LD	2	2	0	87
1RB1LC_0LA1RC_1RC1RD_1LA0LD	2	2	0	141
1RB1LC_0LA1RC_1RD0LC_0LB0RB	2	2	0	316
1RB1LC_0LA1RC_1RD0LC_0LB1RA	2	2	0	255
1RB1LC_0LA1RC_1RD0LC_0LB1RB	2	2	0	298
1RB1LC_0LA1RC_1RD1LA_0LC0RD	2	2	0	339
1RB1LC_0LA1RC_1RD1LA_0RB0LB	2	2	0	242
1RB1LC_0LA1RC_1RD1LA_1LC0LB	2	2	0	218
1RB1LC_0LA1RC_1RD1LA_1RA0RD	2	2	0	308
1RB1LC_0LA1RC_1RD1LA_1RB0LB	2	2	0	232
1RB1LC_0LA1RD_0LD0LA_1RD1RA	4	2	0	447
1RB1LC_0LA1RD_0LD1LA_1RD1RB	2	2	0	88
1RB1LC_0LA1RD_0LD1LC_1RD1RB	2	2	0	88
1RB1LC_0LA1RD_0RB1LD_1RB0LC	2	2	0	183
1RB1LC_0LA1RD_0RC1LA_0RB0RC	2	2	0	196
1RB1LC_0LA1RD_0RC1LA_1LA0RC	2	2	0	162
1RB1LC_0LA1RD_0RC1LA_1LC0RC	2	2	0	172
1RB1LC_0LA1RD_0RC1LA_1RB0RC	2	2	0	186
1RB1LC_0LA1RD_0RD1LA_1LA1RD	2	2	0	127
1RB1LC_0LA1RD_0RD1LA_1LC1RD	2	2	0	124
1RB1LC_0LA1RD_1LA0LA_0RD0RA	4	2	0	222
1RB1LC_0LA1RD_1LA0LA_0RD1RA	4	2	0	594
1RB1LC_0LA1RD_1LA0LA_1RD1RA	4	2	0	447
1RB1LC_0LA1RD_1LA0LC_1LD1RB	2	2	0	140
1RB1LC_0LA1RD_1LA0LC_1RD0LA	2	2	0	171
1RB1LC_0LA1RD_1LA0LC_1RD0RA	2	2	0	208
1RB1LC_0LA1RD_1LA0LC_1RD0RB	2	2	0	96
1RB1LC_0LA1RD_1LA0LC_1RD1LA	2	2	0	181
1RB1LC_0LA1RD_1LA0LC_1RD1LC	2	2	0	80
1RB1LC_0LA1RD_1LA0LC_1RD1RA	2	2	0	135
1RB1LC_0LA1RD_1LA0LC_1RD1RB	2	2	0	88
1RB1LC_0LA1RD_1LA0RA_---0LC	2	2	0	122
1RB1LC_0LA1RD_1LA0RA_---1RB	2	2	0	120
1RB1LC_0LA1RD_1LA0RD_0LB1RC	2	2	0	160
1RB1LC_0LA1RD_1LA0RD_0LC1RC	2	2	0	144
1RB1LC_0LA1RD_1LA0RD_0LD1RC	2	2	0	156
1RB1LC_0LA1RD_1LA0RD_0RB1RC	2	2	0	122
1RB1LC_0LA1RD_1LA0RD_1LB1RC	2	2	0	317
1RB1LC_0LA1RD_1LA0RD_1LC1RC	2	2	0	114
1RB1LC_0LA1RD_1LA0RD_1LD1RC	2	2	0	125
1RB1LC_0LA1RD_1LA0RD_1RB1RC	2	2	0	118
1RB1LC_0LA1RD_1LA0RD_1RC1RC	2	2	0	109
1RB1LC_0LA1RD_1LA1LA_---1RB	2	2	0	88
1RB1LC_0LA1RD_1LA1LC_---0RB	2	2	0	117
1RB1LC_0LA1RD_1LA1LC_---1RB	2	2	0	88
1RB1LC_0LA1RD_1LA1LD_1LC0RB	2	2	0	200
1RB1LC_0LA1RD_1LA1LD_1RB0LC	2	2	0	122
1RB1LC_0LA1RD_1LA1RD_1LA0RC	2	2	0	123
1RB1LC_0LA1RD_1LD1LD_1RB0LC	2	2	0	122
1RB1LC_0LA1RD_1LD1RC_0RB0LC	2	2	0	129
1RB1LC_0LA1RD_1RA1LA_---1RB	2	2	0	98
1RB1LC_0LA1RD_1RA1LD_1RB0LC	2	2	0	162
1RB1LC_0LA1RD_1RB0LD_0RB1LB	2	2	0	201
1RB1LC_0LA1RD_1RB1LC_0LC0RC	2	2	0	176
1RB1LC_0LA1RD_1RB1LC_0LC1RB	2	2	0	172
1RB1LC_0LA1RD_1RB1LD_1LC0RB	2	2	0	258
1RB1LC_0LA1RD_1RB1LD_1RB0LC	2	2	0	157
1RB1LC_0LA1RD_1RC1LD_1RB0LC	2	2	0	149
1RB1LC_0LA1RD_1RD0LC_1LD1RB	2	2	0	298
1RB1LC_0LA1RD_1RD1LA_---1RB	2	2	0	172
1RB1LC_0LA1RD_1RD1LA_0LA1RD	2	2	0	172
1RB1LC_0LA1RD_1RD1LA_0LC1RD	2	2	0	172
1RB1LC_0LA1RD_1RD1LA_1LA1RD	2	2	0	114
1RB1LC_0LA1RD_1RD1LC_0LC1RB	2	2	0	172
1RB1LC_0LA1RD_1RD1LD_1LC0RB	2	2	0	86
1RB1LC_0LA1RD_1RD1LD_1RB0LC	2	2	0	162
1RB1LC_0LB0LC_1RD0LA_1RA1RC	2	2	0	145
1RB1LC_0LB0LC_1RD1LA_1LA0RA	2	2	0	214
1RB1LC_0LB0LC_1RD1LA_1RA0RA	2	2	0	259
1RB1LC_0LB0LC_1RD1LA_1RA1RD	2	2	0	145
1RB1LC_0LB0RC_1RD0LA_1LA1RC	2	2	0	259
1RB1LC_0LB0RC_1RD0LA_1LC1RC	2	2	0	87
1RB1LC_0LB0RC_1RD1LA_0LA1RD	2	2	0	260
1RB1LC_0LB1LA_0LD0LC_1RD0RB	2	2	0	114
1RB1LC_0LB1LA_0LD0LC_1RD1RA	2	2	0	251
1RB1LC_0LB1LA_0LD0LC_1RD1RB	2	2	0	106
1RB1LC_0LB1LA_0RD0LC_1RD1RA	2	2	0	402
1RB1LC_0LB1LA_0RD1LA_1LA1RD	2	2	0	133
1RB1LC_0LB1LA_0RD1LA_1LC1RD	2	2	0	145
1RB1LC_0LB1LA_0RD1LB_0RA1RD	3	2	0	302
1RB1LC_0LB1LA_0RD1LB_1RA1RD	3	2	0	290
1RB1LC_0LB1LA_1RD0LB_---0RA	3	2	0	558
1RB1LC_0LB1LA_1RD0LB_0RA1RD	3	2	0	330
1RB1LC_0LB1LA_1RD0LC_1RC0RA	2	2	0	174
1RB1LC_0LB1LA_1RD0LC_1RD0RA	2	2	0	174
1RB1LC_0LB1LA_1RD0LC_1RD0RB	2	2	0	204
1RB1LC_0LB1LA_1RD0LC_1RD1RA	2	2	0	258
1RB1LC_0LB1LA_1RD0LC_1RD1RB	2	2	0	188
1RB1LC_0LB1LA_1RD0RA_1RC0LD	2	2	0	169
1RB1LC_0LB1LA_1RD1LA_0LA1RD	2	2	0	109
1RB1LC_0LB1LA_1RD1LA_0LC1RD	2	2	0	98
1RB1LC_0LB1LA_1RD1LB_---0RA	3	2	0	517
1RB1LC_0LB1LA_1RD1LB_0RA1RD	3	2	0	278
1RB1LC_0LB1LA_1RD1LB_1LA1RD	3	2	0	271
1RB1LC_0LB1LA_1RD1LB_1LC1RD	3	2	0	274
1RB1LC_0LB1LA_1RD1LB_1RA1RD	3	2	0	266
1RB1LC_0LB1LA_1RD1LB_1RB1RD	3	2	0	291
1RB1LC_0LB1LC_0RD1LA_1RA1RD	2	2	0	94
1RB1LC_0LB1LC_1RD0LA_0LC1RC	2	2	0	91
1RB1LC_0LB1LC_1RD0LA_1LA1RC	2	2	0	217
1RB1LC_0LB1LC_1RD0LA_1LB1RC	2	2	0	217
1RB1LC_0LB1LC_1RD0LA_1LC1RC	2	2	0	67
1RB1LC_0LB1LC_1RD0LB_0LA1RC	2	2	0	120
1RB1LC_0LB1LC_1RD1LA_0LC0RD	2	2	0	349
1RB1LC_0LB1LC_1RD1LA_1LA0RD	2	2	0	235
1RB1LC_0LB1LC_1RD1LA_1RA0RD	2	2	0	220
1RB1LC_0LB1LC_1RD1LA_1RB1RD	2	2	0	128
1RB1LC_0LB1RC_0RD0RC_1LD1LA	2	2	0	143
1RB1LC_0LB1RC_1LA0LD_1LD0RA	4	2	0	1114
1RB1LC_0LB1RC_1LA0RD_0LB1RC	2	2	0	248
1RB1LC_0LB1RC_1LA0RD_0LC1RC	2	2	0	240
1RB1LC_0LB1RC_1LA0RD_0LD1RC	2	2	0	248
1RB1LC_0LB1RC_1LA0RD_0RB1RC	2	2	0	276
1RB1LC_0LB1RC_1LA0RD_1LB1RC	2	2	0	221
1RB1LC_0LB1RC_1LA0RD_1LC1RC	2	2	0	213
1RB1LC_0LB1RC_1LA0RD_1LD1RC	2	2	0	215
1RB1LC_0LB1RC_1LA0RD_1RB1RC	2	2	0	209
1RB1LC_0LB1RC_1LA0RD_1RC1RC	2	2	0	203
1RB1LC_0LB1RC_1LA1RD_1LA0RC	2	2	0	188
1RB1LC_0LB1RC_1LB0RD_1LD0LA	2	2	0	629
1RB1LC_0LB1RC_1LD0RC_0RA0LD	2	2	0	353
1RB1LC_0LB1RC_1RD0LA_0LA1RC	2	2	0	131
1RB1LC_0LB1RC_1RD0LA_0LC1RC	2	2	0	158
1RB1LC_0LB1RC_1RD0LA_1LA1RC	2	2	0	212
1RB1LC_0LB1RC_1RD0LA_1LC1RC	2	2	0	98
1RB1LC_0LB1RC_1RD0LA_1LD1RC	2	2	0	143
1RB1LC_0LB1RC_1RD1LA_0LC0RD	2	2	0	352
1RB1LC_0LB1RC_1RD1LA_1LC0LB	2	2	0	223
1RB1LC_0LC0LA_0LD1RD_1RC1LB	2	2	0	173
1RB1LC_0LC0LA_0RD1LA_1LA1RD	2	2	0	153
1RB1LC_0LC0LA_1LA1RD_1RC1LB	2	2	0	173
1RB1LC_0LC0LB_0LD1LB_1RD0LA	2	2	0	178
1RB1LC_0LC0LB_0LD1LB_1RD1LA	2	2	0	203
1RB1LC_0LC0LB_0RD1LA_1RA1RD	2	2	0	90
1RB1LC_0LC0LB_1RC1RD_0LA1LB	2	2	0	109
1RB1LC_0LC0LB_1RC1RD_1LA1LB	2	2	0	237
1RB1LC_0LC0LD_0RD1LA_1LA1RD	2	2	0	145
1RB1LC_0LC0LD_1LC1LA_0RC1RD	2	2	0	310
1RB1LC_0LC0RA_0LD1LB_1RA---	2	2	0	131
1RB1LC_0LC0RA_0RD0LD_1LA1RD	2	2	0	270
1RB1LC_0LC0RA_1LA1RD_1RC0RD	2	2	0	162
1RB1LC_0LC0RA_1LD0LD_1LA1RD	2	2	0	168
1RB1LC_0LC0RA_1RB0LD_1LA---	3	2	0	321
1RB1LC_0LC0RB_0RD1LA_1LD1RA	2	2	0	155
1RB1LC_0LC0RB_1LD1LA_0RA1LA	2	2	0	329
1RB1LC_0LC0RB_1LD1LA_0RA1RA	2	2	0	349
1RB1LC_0LC0RB_1LD1LA_1LC1RA	2	2	0	201
1RB1LC_0LC0RB_1LD1LA_1LD1RA	2	2	0	211
1RB1LC_0LC0RB_1LD1LA_1RC1LA	2	2	0	265
1RB1LC_0LC0RB_1LD1LA_1RC1RA	2	2	0	275
1RB1LC_0LC0RB_1LD1LA_1RD1LA	2	2	0	265
1RB1LC_0LC0RB_1LD1RC_0RA1LA	2	2	0	285
1RB1LC_0LC0RB_1RD0RD_1LA1LA	2	2	0	337
1RB1LC_0LC0RB_1RD1LA_0LA1LA	2	2	0	349
1RB1LC_0LC0RB_1RD1LA_0LD1RA	2	2	0	371
1RB1LC_0LC0RB_1RD1LA_1LA1LA	2	2	0	235
1RB1LC_0LC0RB_1RD1LA_1LA1RA	2	2	0	327
1RB1LC_0LC0RB_1RD1LA_1RB1LA	2	2	0	259
1RB1LC_0LC0RB_1RD1LA_1RB1RA	2	2	0	359
1RB1LC_0LC0RB_1RD1LD_1LA0RC	2	2	0	325
1RB1LC_0LC0RB_1RD1LD_1LA1LA	2	2	0	233
1RB1LC_0LC0RC_0RD1LA_1LB0RB	4	2	0	276
1RB1LC_0LC0RC_1LA1RD_0LA0LB	2	2	0	142
1RB1LC_0LC0RC_1LA1RD_0LA0RC	2	2	0	90
1RB1LC_0LC0RC_1LC1LA_------	2	2	0	206
1RB1LC_0LC0RC_1LC1LD_1RB0RA	2	2	0	244
1RB1LC_0LC0RC_1LD1LA_0RA1LA	2	2	0	216
1RB1LC_0LC0RC_1LD1LA_0RA1RA	2	2	0	226
1RB1LC_0LC0RC_1LD1LA_1LC---	2	2	0	206
1RB1LC_0LC0RC_1LD1LA_1LD1LA	2	2	0	206
1RB1LC_0LC0RC_1LD1LA_1LD1RA	2	2	0	216
1RB1LC_0LC0RC_1LD1LA_1RC---	2	2	0	216
1RB1LC_0LC0RC_1LD1LA_1RD1LA	2	2	0	216
1RB1LC_0LC0RC_1RD0LD_1LA1RD	2	2	0	152
1RB1LC_0LC0RC_1RD1LA_0LA1LA	2	2	0	230
1RB1LC_0LC0RC_1RD1LA_0LA1RD	2	2	0	224
1RB1LC_0LC0RC_1RD1LA_1LA1RD	2	2	0	192
1RB1LC_0LC0RC_1RD1LC_0LA1RB	2	2	0	176
1RB1LC_0LC0RD_---1LA_1LD1LA	2	2	0	206
1RB1LC_0LC0RD_0LB1LA_1LD1RA	2	2	0	310
1RB1LC_0LC0RD_0LB1LA_1RA0LB	3	2	0	467
1RB1LC_0LC0RD_0LB1LA_1RA0RA	3	2	0	529
1RB1LC_0LC0RD_0LB1LA_1RA1RD	2	2	0	179
1RB1LC_0LC0RD_0LC1LD_1RC1LA	3	2	0	517
1RB1LC_0LC0RD_0LD1LA_1LC1RD	2	3	0	222
1RB1LC_0LC0RD_0LD1RD_1LA0LD	2	2	0	319
1RB1LC_0LC0RD_0RC1LD_1LA1RB	2	2	0	120
1RB1LC_0LC0RD_0RD1RD_1LA0LD	2	2	0	295
1RB1LC_0LC0RD_1LA1LB_0RD1RB	2	2	0	111
1RB1LC_0LC0RD_1LA1LB_1RD1RB	2	2	0	131
1RB1LC_0LC0RD_1LA1LC_---1RB	2	2	0	88
1RB1LC_0LC0RD_1LA1LD_1LA1RB	2	2	0	88
1RB1LC_0LC0RD_1LB1LA_1RA1RD	2	2	0	278
1RB1LC_0LC0RD_1LC1LA_0LC1RA	2	2	0	274
1RB1LC_0LC0RD_1LC1LA_0RB1LA	2	2	0	220
1RB1LC_0LC0RD_1LC1LA_0RB1RD	2	3	0	221
1RB1LC_0LC0RD_1LC1LA_0RC1RA	2	2	0	304
1RB1LC_0LC0RD_1LC1LA_1LC1LA	2	2	0	206
1RB1LC_0LC0RD_1LC1LA_1LC1RD	2	3	0	210
1RB1LC_0LC0RD_1LC1LA_1RA0LD	2	2	0	184
1RB1LC_0LC0RD_1LC1LA_1RA0RB	2	2	0	153
1RB1LC_0LC0RD_1LC1LA_1RA0RD	2	2	0	132
1RB1LC_0LC0RD_1LC1LA_1RA1RA	2	2	0	306
1RB1LC_0LC0RD_1LC1LD_1LA0RC	3	2	0	715
1RB1LC_0LC0RD_1LC1LD_1RC1LA	3	2	0	481
1RB1LC_0LC0RD_1LD1LA_0LC1RA	2	2	0	284
1RB1LC_0LC0RD_1LD1LA_1LC1LA	2	2	0	206
1RB1LC_0LC0RD_1LD1LC_1LA1RD	2	2	0	423
1RB1LC_0LC0RD_1LD1RC_1LA0LD	2	2	0	174
1RB1LC_0LC0RD_1RA1RD_1LA0LD	2	2	0	311
1RB1LC_0LC0RD_1RB1RD_1LA0LA	2	2	0	472
1RB1LC_0LC0RD_1RC1LA_1LC0RB	2	2	0	235
1RB1LC_0LC0RD_1RC1LA_1LC0RD	2	2	0	235
1RB1LC_0LC0RD_1RC1LA_1LC1LA	2	2	0	216
1RB1LC_0LC0RD_1RC1LA_1LC1RD	2	3	0	224
1RB1LC_0LC0RD_1RC1LA_1RA0LD	2	2	0	190
1RB1LC_0LC0RD_1RC1LA_1RA0RD	2	2	0	220
1RB1LC_0LC0RD_1RC1LA_1RA1RA	2	2	0	316
1RB1LC_0LC0RD_1RD1LA_0LA1RD	2	2	0	254
1RB1LC_0LC0RD_1RD1LA_0LC1RD	2	2	0	283
1RB1LC_0LC0RD_1RD1LA_1LC1LA	2	2	0	216
1RB1LC_0LC0RD_1RD1LA_1RA1RA	2	2	0	326
1RB1LC_0LC0RD_1RD1LD_1LA0RC	3	2	0	765
1RB1LC_0LC0RD_1RD1RD_1LA0LD	2	2	0	309
1RB1LC_0LC1LA_0RB1RD_1LC0RD	2	2	0	463
1RB1LC_0LC1LA_0RD1LA_1LA1RD	2	2	0	133
1RB1LC_0LC1LA_0RD1LA_1LC1RD	2	2	0	145
1RB1LC_0LC1LA_1LA1RD_0RC0RD	2	2	0	140
1RB1LC_0LC1LA_1LA1RD_1RC0RD	2	2	0	130
1RB1LC_0LC1LA_1RB1RD_1LC0RD	2	2	0	319
1RB1LC_0LC1LA_1RC0RD_1LB1RB	2	2	0	378
1RB1LC_0LC1LA_1RD1LA_0LA1RD	2	2	0	109
1RB1LC_0LC1LA_1RD1LA_0LC1RD	2	2	0	98
1RB1LC_0LC1LB_0RD1LA_1LC1RD	2	2	0	139
1RB1LC_0LC1LB_1RA1RD_1LA0RD	2	2	0	261
1RB1LC_0LC1LD_---1LA_1LA1RD	2	2	0	126
1RB1LC_0LC1LD_---1LA_1RB1RD	2	2	0	140
1RB1LC_0LC1LD_0LC1LA_1RC1RD	2	2	0	140
1RB1LC_0LC1LD_0RB1RD_1LA0RC	2	2	0	170
1RB1LC_0LC1LD_0RD1LA_1LC1RD	2	2	0	138
1RB1LC_0LC1LD_1LB1RC_0RC0LA	2	2	0	243
1RB1LC_0LC1LD_1LB1RC_1RA0LC	2	2	0	180
1RB1LC_0LC1LD_1LB1RC_1RA0RA	2	2	0	180
1RB1LC_0LC1LD_1LB1RC_1RA1LB	2	2	0	134
1RB1LC_0LC1LD_1LB1RC_1RC0RA	2	2	0	168
1RB1LC_0LC1LD_1RD1LA_0LA1RD	2	2	0	184
1RB1LC_0LC1LD_1RD1LA_0LC1RD	2	2	0	182
1RB1LC_0LC1RA_---0LD_1LA1LB	2	2	0	120
1RB1LC_0LC1RA_0LC1LD_1RB0RA	2	2	0	166
1RB1LC_0LC1RA_0RD0LD_1LA1RD	2	2	0	201
1RB1LC_0LC1RA_0RD1LA_1LA1RD	2	2	0	141
1RB1LC_0LC1RA_0RD1LA_1LC1RD	2	2	0	155
1RB1LC_0LC1RA_0RD1RD_1LB0RD	2	2	0	337
1RB1LC_0LC1RA_1LA1RD_1LA0RC	2	2	0	134
1RB1LC_0LC1RA_1LB0LD_1LA0RB	2	2	0	152
1RB1LC_0LC1RA_1RA0LD_0RC1LB	2	2	0	104
1RB1LC_0LC1RA_1RD0LD_1LA1RD	2	2	0	181
1RB1LC_0LC1RA_1RD1LA_0LA1RD	2	2	0	94
1RB1LC_0LC1RA_1RD1LA_0LC1RD	2	2	0	99
1RB1LC_0LC1RB_0LD1LA_0RA---	2	2	0	177
1RB1LC_0LC1RB_0LD1LA_0RD1LA	2	2	0	185
1RB1LC_0LC1RB_0LD1LA_0RD1RA	2	2	0	193
1RB1LC_0LC1RB_0LD1LA_1RA---	2	2	0	97
1RB1LC_0LC1RB_0LD1LA_1RC0RA	2	2	0	185
1RB1LC_0LC1RB_0LD1LA_1RC1RA	2	2	0	105
1RB1LC_0LC1RB_0LD1LA_1RC1RD	2	2	0	148
1RB1LC_0LC1RB_0LD1LA_1RD0RA	2	2	0	434
1RB1LC_0LC1RB_0LD1LA_1RD0RB	2	2	0	181
1RB1LC_0LC1RB_0LD1LA_1RD0RC	2	2	0	105
1RB1LC_0LC1RB_0LD1LA_1RD1LA	2	2	0	142
1RB1LC_0LC1RB_0LD1LA_1RD1LB	2	2	0	105
1RB1LC_0LC1RB_0LD1LA_1RD1RA	2	2	0	148
1RB1LC_0LC1RB_0LD1LA_1RD1RB	2	2	0	97
1RB1LC_0LC1RB_0RD1LA_---1LA	2	2	0	182
1RB1LC_0LC1RB_0RD1LA_---1RA	2	2	0	192
1RB1LC_0LC1RB_0RD1LA_0LA1RD	2	2	0	266
1RB1LC_0LC1RB_0RD1LA_0RA1RD	2	2	0	124
1RB1LC_0LC1RB_0RD1LA_0RC1LB	2	2	0	195
1RB1LC_0LC1RB_0RD1LA_0RC1LD	2	2	0	192
1RB1LC_0LC1RB_0RD1LA_1LA0LC	2	2	0	192
1RB1LC_0LC1RB_0RD1LA_1LA1LB	2	2	0	115
1RB1LC_0LC1RB_0RD1LA_1LA1LD	2	2	0	107
1RB1LC_0LC1RB_0RD1LA_1LA1RD	2	2	0	232
1RB1LC_0LC1RB_0RD1LA_1LB1RD	2	2	0	256
1RB1LC_0LC1RB_0RD1LA_1LC1RD	2	2	0	252
1RB1LC_0LC1RB_0RD1LA_1RA0LB	2	2	0	187
1RB1LC_0LC1RB_0RD1LA_1RA0LC	2	2	0	202
1RB1LC_0LC1RB_0RD1LA_1RA0LD	2	2	0	182
1RB1LC_0LC1RB_0RD1LA_1RA1LB	2	2	0	123
1RB1LC_0LC1RB_0RD1LA_1RA1LD	2	2	0	117
1RB1LC_0LC1RB_0RD1LA_1RA1RD	2	2	0	108
1RB1LC_0LC1RB_0RD1LA_1RB1LB	2	2	0	187
1RB1LC_0LC1RB_0RD1LA_1RB1LD	2	2	0	182
1RB1LC_0LC1RB_0RD1LA_1RB1RD	2	2	0	246
1RB1LC_0LC1RB_0RD1LA_1RD1LB	2	2	0	195
1RB1LC_0LC1RB_1LC1LD_1LA0RA	2	2	0	120
1RB1LC_0LC1RB_1LD1LA_0RB---	2	2	0	177
1RB1LC_0LC1RB_1LD1LA_0RC---	2	2	0	105
1RB1LC_0LC1RB_1LD1LA_0RD0RC	2	2	0	185
1RB1LC_0LC1RB_1LD1LA_0RD1LA	2	2	0	105
1RB1LC_0LC1RB_1LD1LA_0RD1RA	2	2	0	113
1RB1LC_0LC1RB_1LD1LA_0RD1RB	2	2	0	177
1RB1LC_0LC1RB_1LD1LA_1LA---	2	2	0	130
1RB1LC_0LC1RB_1LD1LA_1RA---	2	2	0	136
1RB1LC_0LC1RB_1LD1LA_1RB---	2	2	0	97
1RB1LC_0LC1RB_1LD1LA_1RD0RB	2	2	0	418
1RB1LC_0LC1RB_1LD1LA_1RD0RC	2	2	0	105
1RB1LC_0LC1RB_1LD1LA_1RD1LB	2	2	0	105
1RB1LC_0LC1RB_1LD1LA_1RD1LC	2	2	0	136
1RB1LC_0LC1RB_1LD1LA_1RD1RB	2	2	0	97
1RB1LC_0LC1RB_1LD1LA_1RD1RC	2	2	0	142
1RB1LC_0LC1RB_1RA1LD_1RB1LC	2	2	0	107
1RB1LC_0LC1RB_1RB1LD_0RA1LC	2	2	0	182
1RB1LC_0LC1RB_1RD1LA_---0RA	2	2	0	224
1RB1LC_0LC1RB_1RD1LA_---0RB	2	2	0	256
1RB1LC_0LC1RB_1RD1LA_---0RC	2	2	0	182
1RB1LC_0LC1RB_1RD1LA_---1LB	2	2	0	182
1RB1LC_0LC1RB_1RD1LA_---1LC	2	2	0	107
1RB1LC_0LC1RB_1RD1LA_---1RB	2	2	0	172
1RB1LC_0LC1RB_1RD1LA_---1RC	2	2	0	117
1RB1LC_0LC1RB_1RD1LA_0LA1RD	2	2	0	256
1RB1LC_0LC1RB_1RD1LA_0LB1RD	2	2	0	180
1RB1LC_0LC1RB_1RD1LA_0LC1RD	2	2	0	172
1RB1LC_0LC1RB_1RD1LA_0RA1RD	2	2	0	134
1RB1LC_0LC1RB_1RD1LA_0RB0LD	2	2	0	207
1RB1LC_0LC1RB_1RD1LA_0RB1LD	2	2	0	187
1RB1LC_0LC1RB_1RD1LA_0RC0LD	2	2	0	195
1RB1LC_0LC1RB_1RD1LA_0RC1LD	2	2	0	115
1RB1LC_0LC1RB_1RD1LA_1LA1LD	2	2	0	136
1RB1LC_0LC1RB_1RD1LA_1LB1LD	2	2	0	85
1RB1LC_0LC1RB_1RD1LA_1LB1RD	2	2	0	132
1RB1LC_0LC1RB_1RD1LA_1LC1RD	2	2	0	302
1RB1LC_0LC1RB_1RD1LA_1RA1LD	2	2	0	142
1RB1LC_0LC1RB_1RD1LA_1RA1RD	2	2	0	126
1RB1LC_0LC1RB_1RD1LA_1RB1LD	2	2	0	107
1RB1LC_0LC1RB_1RD1LA_1RB1RD	2	2	0	122
1RB1LC_0LC1RB_1RD1LD_1LB1LA	3	2	0	137
1RB1LC_0LC1RC_0RD1LA_1RA1RD	2	2	0	88
1RB1LC_0LC1RC_1LA0RD_0LC1RC	2	2	0	250
1RB1LC_0LC1RC_1LA0RD_1LB1RC	2	2	0	268
1RB1LC_0LC1RC_1LA0RD_1LC1RC	2	2	0	205
1RB1LC_0LC1RC_1LA0RD_1RC1RC	2	2	0	212
1RB1LC_0LC1RC_1LA1RD_1LA0RC	2	2	0	188
1RB1LC_0LC1RC_1LD1LA_0LA1RD	2	2	0	85
1RB1LC_0LC1RC_1RD1LA_1LA0LB	2	2	0	226
1RB1LC_0LC1RC_1RD1LA_1LA0RA	2	2	0	191
1RB1LC_0LC1RC_1RD1LA_1LB0LB	2	2	0	236
1RB1LC_0LC1RC_1RD1LA_1LB0RA	2	2	0	199
1RB1LC_0LC1RC_1RD1LA_1LB1RD	2	2	0	130
1RB1LC_0LC1RC_1RD1LA_1RB0LB	2	2	0	240
1RB1LC_0LC1RC_1RD1LA_1RB0RA	2	2	0	194
1RB1LC_0LC1RC_1RD1LA_1RB1RD	2	2	0	134
1RB1LC_0LC1RD_---1LA_0LA1RB	2	2	0	172
1RB1LC_0LC1RD_---1LA_1LA0RC	2	2	0	160
1RB1LC_0LC1RD_---1LA_1LA1RB	2	2	0	114
1RB1LC_0LC1RD_---1LA_1LA1RD	2	2	0	114
1RB1LC_0LC1RD_---1LA_1LB1RB	2	2	0	138
1RB1LC_0LC1RD_---1LA_1RB0LB	2	2	0	174
1RB1LC_0LC1RD_---1LA_1RB0RC	2	2	0	174
1RB1LC_0LC1RD_---1LA_1RB1RB	2	2	0	128
1RB1LC_0LC1RD_---1LA_1RB1RD	2	2	0	128
1RB1LC_0LC1RD_0LB1LA_0LA0RA	3	2	0	526
1RB1LC_0LC1RD_0LB1LA_1LA0RB	2	2	0	177
1RB1LC_0LC1RD_0LB1LA_1RB0RA	2	2	0	220
1RB1LC_0LC1RD_0LB1LD_1LA0RB	2	2	0	149
1RB1LC_0LC1RD_0LC1LA_1RC0RC	2	2	0	174
1RB1LC_0LC1RD_0LC1LA_1RC1RB	2	2	0	128
1RB1LC_0LC1RD_0LC1LA_1RC1RD	2	2	0	128
1RB1LC_0LC1RD_0LC1LD_1RB0RA	2	2	0	166
1RB1LC_0LC1RD_0RC1LA_1LC0RC	2	2	0	170
1RB1LC_0LC1RD_0RD1LA_1LC1RD	2	2	0	126
1RB1LC_0LC1RD_1LA0RD_0LC1RC	2	2	0	176
1RB1LC_0LC1RD_1LA0RD_1LC1RC	2	2	0	130
1RB1LC_0LC1RD_1LA0RD_1RC1RC	2	2	0	110
1RB1LC_0LC1RD_1LA1LC_---0RB	2	2	0	107
1RB1LC_0LC1RD_1LA1LD_1LC0RB	2	2	0	231
1RB1LC_0LC1RD_1LA1RD_1LA0RC	2	2	0	128
1RB1LC_0LC1RD_1LB1LA_0RB1RB	2	2	0	148
1RB1LC_0LC1RD_1LC1LA_0LD0RC	2	2	0	170
1RB1LC_0LC1RD_1LC1LA_1RC1RB	2	2	0	128
1RB1LC_0LC1RD_1RB1LC_0LA1RB	2	2	0	172
1RB1LC_0LC1RD_1RB1LC_1LA1RB	2	2	0	114
1RB1LC_0LC1RD_1RD1LA_0LA1RD	2	2	0	172
1RB1LC_0LC1RD_1RD1LA_0LC1RD	2	2	0	172
1RB1LC_0LC1RD_1RD1LC_0LA1RB	2	2	0	172
1RB1LC_0LC1RD_1RD1LC_1LA1RB	2	2	0	117
1RB1LC_0RC---_1LD0RC_0RA0LA	2	2	0	231
1RB1LC_0RC---_1RD0LA_1LA1RC	2	2	0	265
1RB1LC_0RC0LA_0RD0RC_1LD1RB	2	2	0	98
1RB1LC_0RC0LA_0RD1LA_1LA1RD	2	2	0	149
1RB1LC_0RC0LA_0RD1RB_1LD0RB	2	2	0	159
1RB1LC_0RC0LA_1LC1LD_0RB0RA	2	2	0	357
1RB1LC_0RC0LA_1LD0RC_0RA0RB	2	2	0	333
1RB1LC_0RC0LB_0RD1LA_1LC1RD	2	2	0	198
1RB1LC_0RC0LB_1LB1RD_1LA1RC	2	2	0	330
1RB1LC_0RC0LC_1LC1RD_1LA0RD	2	2	0	207
1RB1LC_0RC0LC_1LD1RC_0LA1LB	2	2	0	228
1RB1LC_0RC0LC_1LD1RC_1LA1LB	2	2	0	179
1RB1LC_0RC0LC_1RD0RC_1LB1RA	2	2	0	290
1RB1LC_0RC0LD_0LD1LA_1LC1RA	2	2	0	246
1RB1LC_0RC0LD_0LD1LA_1LD1RA	2	2	0	258
1RB1LC_0RC0LD_0RD1LA_1LA1RD	2	2	0	137
1RB1LC_0RC0LD_1LC1LA_---1RB	2	2	0	313
1RB1LC_0RC0LD_1LC1LA_0LA0RD	2	2	0	415
1RB1LC_0RC0LD_1LC1LA_0RC1RD	2	2	0	313
1RB1LC_0RC0LD_1LC1RB_0LA1LD	4	2	0	298
1RB1LC_0RC0LD_1LD0RC_0RA0LD	2	2	0	351
1RB1LC_0RC0LD_1LD0RC_0RA1RB	2	2	0	333
1RB1LC_0RC0LD_1LD1LA_1LC1RB	2	2	0	313
1RB1LC_0RC0LD_1LD1LA_1RC1RB	2	2	0	325
1RB1LC_0RC0LD_1RD1LA_1LA1RA	2	2	0	220
1RB1LC_0RC0RA_0LD1LA_1LC1LB	4	2	0	448
1RB1LC_0RC0RA_0LD1LA_1LD1LB	4	2	0	512
1RB1LC_0RC0RA_0LD1RA_1LB0LA	2	2	0	116
1RB1LC_0RC0RA_0LD1RA_1LB1LA	2	2	0	158
1RB1LC_0RC0RA_0LD1RA_1LB1LC	2	2	0	104
1RB1LC_0RC0RA_1LC1RD_1LB0RD	2	2	0	114
1RB1LC_0RC0RA_1LD0LA_0RA1LB	2	2	0	277
1RB1LC_0RC0RA_1LD0LA_1LD1LB	2	2	0	265
1RB1LC_0RC0RA_1LD0LD_1LA1RD	2	2	0	415
1RB1LC_0RC0RA_1LD0RD_1LB0LA	2	2	0	214
1RB1LC_0RC0RA_1RD0LD_1LA1RD	2	2	0	152
1RB1LC_0RC0RA_1RD1LA_0LA1RD	2	2	0	176
1RB1LC_0RC0RA_1RD1LA_1LA1RD	2	2	0	118
1RB1LC_0RC0RA_1RD1LD_1LB0RD	2	2	0	394
1RB1LC_0RC0RB_0LD1LA_1LD1RA	2	2	0	158
1RB1LC_0RC0RB_0LD1RA_1LD0LA	4	2	0	305
1RB1LC_0RC0RB_0LD1RB_1LD1RA	2	2	0	210
1RB1LC_0RC0RB_0RD1LA_1LD0LA	2	2	0	332
1RB1LC_0RC0RB_0RD1LA_1LD1RA	2	2	0	128
1RB1LC_0RC0RB_0RD1RB_1LD1RA	2	2	0	131
1RB1LC_0RC0RB_1LB1LD_1RA1LA	2	2	0	241
1RB1LC_0RC0RB_1LB1LD_1RA1RB	2	2	0	180
1RB1LC_0RC0RB_1LC0LD_0RD1RA	2	2	0	99
1RB1LC_0RC0RB_1LC0LD_1RA0RD	2	2	0	113
1RB1LC_0RC0RB_1LC0LD_1RA1LD	2	3	0	1695
1RB1LC_0RC0RB_1LC0LD_1RD0RA	2	2	0	125
1RB1LC_0RC0RB_1LC0LD_1RD1RA	2	2	0	102
1RB1LC_0RC0RB_1LD---_0RA0LD	2	2	0	175
1RB1LC_0RC0RB_1LD---_0RA1LA	2	2	0	231
1RB1LC_0RC0RB_1LD---_0RA1RB	2	2	0	170
1RB1LC_0RC0RB_1LD0LD_0RA0LA	2	3	0	517
1RB1LC_0RC0RB_1LD0LD_0RA0RC	2	2	0	340
1RB1LC_0RC0RB_1LD0LD_0RA1LB	2	2	0	183
1RB1LC_0RC0RB_1LD0LD_0RA1RA	2	2	0	185
1RB1LC_0RC0RB_1LD0RA_1RA1LA	2	2	0	337
1RB1LC_0RC0RB_1LD0RA_1RA1RB	2	2	0	244
1RB1LC_0RC0RB_1LD0RB_0RA0LA	2	2	0	231
1RB1LC_0RC0RB_1LD0RB_0RA1RC	2	2	0	170
1RB1LC_0RC0RB_1LD0RD_1RD1LA	2	2	0	148
1RB1LC_0RC0RB_1LD1LA_0LC0RA	3	2	0	395
1RB1LC_0RC0RB_1LD1LA_0RA0RC	2	2	0	180
1RB1LC_0RC0RB_1LD1LA_0RA1LB	2	2	0	239
1RB1LC_0RC0RB_1LD1LA_0RA1RA	2	2	0	241
1RB1LC_0RC0RB_1LD1LA_1LC1RA	2	2	0	129
1RB1LC_0RC0RB_1LD1LA_1LD1RA	2	2	0	135
1RB1LC_0RC0RB_1LD1LA_1RC0RC	2	2	0	120
1RB1LC_0RC0RB_1LD1LA_1RC1LA	2	2	0	181
1RB1LC_0RC0RB_1LD1LA_1RC1LB	2	2	0	185
1RB1LC_0RC0RB_1LD1LA_1RC1RA	2	2	0	185
1RB1LC_0RC0RB_1LD1LA_1RC1RB	2	2	0	114
1RB1LC_0RC0RB_1LD1LA_1RD1LA	2	2	0	181
1RB1LC_0RC0RB_1LD1LD_1RA1LA	2	2	0	231
1RB1LC_0RC0RB_1LD1LD_1RA1RB	2	2	0	170
1RB1LC_0RC0RB_1LD1RB_0RA0LA	2	3	0	497
1RB1LC_0RC0RB_1LD1RB_0RA0RC	2	2	0	322
1RB1LC_0RC0RB_1LD1RB_0RA1LB	2	2	0	175
1RB1LC_0RC0RB_1LD1RB_0RA1RA	2	2	0	180
1RB1LC_0RC0RB_1LD1RB_0RA1RC	2	2	0	337
1RB1LC_0RC0RB_1LD1RB_1LD1RA	2	2	0	106
1RB1LC_0RC0RB_1LD1RB_1RD1LA	2	2	0	138
1RB1LC_0RC0RB_1RD0LD_1LA1RD	2	2	0	170
1RB1LC_0RC0RB_1RD0RD_0LA1LA	2	2	0	190
1RB1LC_0RC0RB_1RD0RD_1LA1LA	2	2	0	223
1RB1LC_0RC0RB_1RD1LA_0LA1LA	2	2	0	241
1RB1LC_0RC0RB_1RD1LA_1LA1LA	2	2	0	200
1RB1LC_0RC0RB_1RD1LA_1LA1RA	2	2	0	280
1RB1LC_0RC0RB_1RD1LD_1LA0RC	2	2	0	285
1RB1LC_0RC0RB_1RD1LD_1LA1LA	2	2	0	201
1RB1LC_0RC0RB_1RD1RB_0LA1LA	2	2	0	180
1RB1LC_0RC0RB_1RD1RB_1LA1LA	2	2	0	215
1RB1LC_0RC0RB_1RD1RC_1LA0LD	2	3	0	219
1RB1LC_0RC0RC_1LC1LA_------	2	2	0	211
1RB1LC_0RC0RC_1LC1LD_1RB0RA	2	2	0	255
1RB1LC_0RC0RC_1LD0RB_0RA0LA	2	2	0	231
1RB1LC_0RC0RC_1LD0RB_0RA0LD	2	2	0	175
1RB1LC_0RC0RC_1LD0RB_0RA1LA	2	2	0	231
1RB1LC_0RC0RC_1LD0RB_0RA1RB	2	2	0	170
1RB1LC_0RC0RC_1LD0RB_0RA1RC	2	2	0	163
1RB1LC_0RC0RC_1LD0RC_0RA0LD	2	2	0	323
1RB1LC_0RC0RC_1LD0RC_0RA1LA	2	2	0	231
1RB1LC_0RC0RC_1LD0RC_0RA1RB	2	2	0	315
1RB1LC_0RC0RC_1LD1LA_0RA1LA	2	2	0	223
1RB1LC_0RC0RC_1LD1LA_0RA1RA	2	2	0	235
1RB1LC_0RC0RC_1LD1LA_1LC---	2	2	0	211
1RB1LC_0RC0RC_1LD1LA_1LD1LA	2	2	0	211
1RB1LC_0RC0RC_1LD1LA_1LD1RA	2	2	0	223
1RB1LC_0RC0RC_1LD1LA_1RC---	2	2	0	223
1RB1LC_0RC0RC_1LD1LA_1RD1LA	2	2	0	223
1RB1LC_0RC0RC_1RD0LD_1LA1RD	2	2	0	148
1RB1LC_0RC0RC_1RD1LA_0LA1LA	2	2	0	228
1RB1LC_0RC0RC_1RD1LA_0LA1RD	2	2	0	254
1RB1LC_0RC0RC_1RD1LA_1LA1RD	2	2	0	197
1RB1LC_0RC0RD_0LC1LA_1LD1LA	2	2	0	208
1RB1LC_0RC0RD_0LC1LD_1RC1LA	3	2	0	519
1RB1LC_0RC0RD_0LD0LC_1LA0LA	2	2	0	469
1RB1LC_0RC0RD_0LD0LC_1LA0LB	2	2	0	302
1RB1LC_0RC0RD_0LD0LC_1LA0LD	2	2	0	288
1RB1LC_0RC0RD_0LD0LC_1LA0RA	2	2	0	302
1RB1LC_0RC0RD_0LD0LC_1LA0RC	2	2	0	302
1RB1LC_0RC0RD_0LD0LC_1LA1LC	2	2	0	313
1RB1LC_0RC0RD_0LD0LC_1LA1LD	2	2	0	313
1RB1LC_0RC0RD_0LD0LC_1LA1RA	2	2	0	248
1RB1LC_0RC0RD_0LD0LC_1LA1RD	2	2	0	316
1RB1LC_0RC0RD_0LD1RD_1LA0LD	2	2	0	319
1RB1LC_0RC0RD_1LA0LB_1LD1LA	2	2	0	242
1RB1LC_0RC0RD_1LA1LD_1LD1LA	3	2	0	449
1RB1LC_0RC0RD_1LB1RD_1LA0LD	2	2	0	323
1RB1LC_0RC0RD_1LC1LA_0LB0LA	2	2	0	221
1RB1LC_0RC0RD_1LC1LA_0LB1LA	2	2	0	221
1RB1LC_0RC0RD_1LC1LA_0LB1LB	2	2	0	313
1RB1LC_0RC0RD_1LC1LA_0RB0LA	2	2	0	190
1RB1LC_0RC0RD_1LC1LA_0RB1LA	2	2	0	190
1RB1LC_0RC0RD_1LC1LA_0RB1LB	2	2	0	274
1RB1LC_0RC0RD_1LC1LA_0RB1RD	2	3	0	177
1RB1LC_0RC0RD_1LC1LA_1LC0LA	2	2	0	211
1RB1LC_0RC0RD_1LC1LA_1LC1LA	2	2	0	211
1RB1LC_0RC0RD_1LC1LA_1LC1LB	2	2	0	303
1RB1LC_0RC0RD_1LC1LA_1LC1RD	2	3	0	208
1RB1LC_0RC0RD_1LC1LA_1LD1LA	2	2	0	211
1RB1LC_0RC0RD_1LC1LA_1RA0LD	2	2	0	158
1RB1LC_0RC0RD_1LC1LA_1RA0RB	2	2	0	124
1RB1LC_0RC0RD_1LC1LA_1RA0RD	2	2	0	126
1RB1LC_0RC0RD_1LC1LA_1RB1RD	2	2	0	194
1RB1LC_0RC0RD_1LC1LA_1RC0LA	2	2	0	208
1RB1LC_0RC0RD_1LC1LA_1RC0RC	3	2	0	119
1RB1LC_0RC0RD_1LC1LD_1LA1RB	4	2	0	256
1RB1LC_0RC0RD_1LC1RD_1LA0LD	2	2	0	283
1RB1LC_0RC0RD_1LD0LC_1LA1RA	2	3	0	1325
1RB1LC_0RC0RD_1LD1LA_0LA1RD	2	2	0	360
1RB1LC_0RC0RD_1LD1LA_1LC1LA	2	2	0	211
1RB1LC_0RC0RD_1LD1LA_1LD1LA	2	2	0	211
1RB1LC_0RC0RD_1LD1LC_1LA1RD	2	2	0	415
1RB1LC_0RC0RD_1RD0RA_1LA0LD	2	2	0	279
1RB1LC_0RC0RD_1RD1LA_0LA1RD	2	2	0	248
1RB1LC_0RC0RD_1RD1LA_0LC1RD	2	2	0	279
1RB1LC_0RC0RD_1RD1LA_1LC1LA	2	2	0	208
1RB1LC_0RC0RD_1RD1LA_1LD1LA	2	2	0	200
1RB1LC_0RC0RD_1RD1LD_1LA0RC	3	2	0	754
1RB1LC_0RC0RD_1RD1RD_1LA0LD	2	2	0	269
1RB1LC_0RC1LA_0RD1LA_1LA1RD	2	2	0	125
1RB1LC_0RC1LA_0RD1LA_1LC1RD	2	2	0	133
1RB1LC_0RC1LA_1LA0LD_1RB0RC	2	2	0	311
1RB1LC_0RC1LA_1LA0LD_1RB1RC	2	2	0	267
1RB1LC_0RC1LA_1LA1RD_0RC0RD	2	2	0	138
1RB1LC_0RC1LA_1LA1RD_1RC0RD	2	2	0	130
1RB1LC_0RC1LA_1LC0LD_1RB0RA	2	2	0	299
1RB1LC_0RC1LA_1LC0LD_1RB0RD	2	2	0	299
1RB1LC_0RC1LA_1LC1RD_1LA0RD	2	2	0	189
1RB1LC_0RC1LA_1LC1RD_1LB0RD	2	2	0	114
1RB1LC_0RC1LA_1RD0LA_0LB1RC	2	2	0	1181
1RB1LC_0RC1LA_1RD1LA_0LA1RD	2	2	0	107
1RB1LC_0RC1LA_1RD1LA_0LC1RD	2	2	0	94
1RB1LC_0RC1LA_1RD1LB_1LA1RD	3	2	0	268
1RB1LC_0RC1LB_1LA1RD_1LB1RC	2	2	0	93
1RB1LC_0RC1LB_1LB1RD_0LA1RC	2	2	0	165
1RB1LC_0RC1LB_1LD0RB_0RA0LA	2	2	0	319
1RB1LC_0RC1LB_1LD0RB_0RA1RC	2	2	0	244
1RB1LC_0RC1LC_1LA0RD_---1RC	2	2	0	125
1RB1LC_0RC1LC_1RD0LA_1LB1RC	2	2	0	265
1RB1LC_0RC1LC_1RD0LB_1LA1RC	2	2	0	231
1RB1LC_0RC1LC_1RD1LA_0LC0RD	2	2	0	337
1RB1LC_0RC1LD_0LC1LA_1LA1RD	2	2	0	128
1RB1LC_0RC1LD_0LC1LA_1RB1RD	2	2	0	167
1RB1LC_0RC1LD_0LC1LA_1RC1RD	2	2	0	142
1RB1LC_0RC1LD_0LD1LA_1LC1RD	2	2	0	134
1RB1LC_0RC1LD_0LD1RC_1LA1LB	2	2	0	121
1RB1LC_0RC1LD_0RD1LA_1LA1RD	2	2	0	135
1RB1LC_0RC1LD_0RD1LA_1LC1RD	2	2	0	127
1RB1LC_0RC1LD_1LA0LD_0RD0LA	2	2	0	307
1RB1LC_0RC1LD_1LA0RD_---0LA	2	2	0	253
1RB1LC_0RC1LD_1LB1RC_0LA1LB	2	3	0	462
1RB1LC_0RC1LD_1LB1RC_0RA0LD	2	2	0	171
1RB1LC_0RC1LD_1LB1RC_0RA1LB	2	2	0	133
1RB1LC_0RC1LD_1LB1RC_1LA1LB	2	2	0	131
1RB1LC_0RC1LD_1LB1RC_1RA1LB	2	2	0	136
1RB1LC_0RC1LD_1LC0LD_1RB0RA	2	2	0	343
1RB1LC_0RC1LD_1LC0RB_1LA1RD	2	2	0	183
1RB1LC_0RC1LD_1LC1LA_1LA1RD	2	2	0	129
1RB1LC_0RC1LD_1LC1LA_1RB1RD	2	2	0	114
1RB1LC_0RC1LD_1LD0LA_0RA1LB	2	2	0	233
1RB1LC_0RC1LD_1LD1RC_1LA1LB	2	2	0	113
1RB1LC_0RC1LD_1LD1RC_1RA1LB	2	2	0	126
1RB1LC_0RC1LD_1RD1LA_0LA1RD	2	2	0	176
1RB1LC_0RC1LD_1RD1LA_0LC1RD	2	2	0	178
1RB1LC_0RC1LD_1RD1LA_1LA1RD	2	2	0	118
1RB1LC_0RC1RA_0LC1LD_1RB0RA	2	2	0	186
1RB1LC_0RC1RA_0LD0RC_1LD1LA	2	2	0	181
1RB1LC_0RC1RA_0RD0RC_1LD1LA	2	2	0	125
1RB1LC_0RC1RA_0RD0RC_1LD1RB	2	2	0	95
1RB1LC_0RC1RA_0RD1LA_1LC1RD	2	2	0	145
1RB1LC_0RC1RA_1LC0RD_1LA0LD	2	2	0	136
1RB1LC_0RC1RA_1LD0RB_0RA0LA	3	2	0	1699
1RB1LC_0RC1RA_1LD0RB_0RA1LA	2	2	0	278
1RB1LC_0RC1RA_1LD0RB_1LD0LA	3	2	0	1385
1RB1LC_0RC1RA_1LD0RB_1LD1LA	2	2	0	212
1RB1LC_0RC1RA_1LD0RC_0RA0LD	2	2	0	337
1RB1LC_0RC1RA_1LD0RC_0RA1LA	2	2	0	241
1RB1LC_0RC1RA_1LD0RC_0RA1RB	2	2	0	333
1RB1LC_0RC1RA_1LD0RC_1LD1LA	2	2	0	137
1RB1LC_0RC1RA_1LD0RC_1LD1RB	2	2	0	189
1RB1LC_0RC1RA_1RD0LD_1LA1RD	2	2	0	187
1RB1LC_0RC1RA_1RD1LA_0LA1RD	2	2	0	115
1RB1LC_0RC1RB_0LD0RB_1LD0LA	4	2	0	186
1RB1LC_0RC1RB_0LD1LA_1LC---	2	2	0	136
1RB1LC_0RC1RB_0LD1LA_1LD0LA	2	2	0	190
1RB1LC_0RC1RB_0LD1LA_1LD1LA	2	2	0	136
1RB1LC_0RC1RB_0LD1LA_1LD1RA	2	2	0	148
1RB1LC_0RC1RB_0LD1LA_1RC1LC	2	2	0	148
1RB1LC_0RC1RB_0RD1LA_1LC0LD	2	2	0	163
1RB1LC_0RC1RB_0RD1LA_1LC1LD	2	2	0	126
1RB1LC_0RC1RB_1LB1LD_1LD1LA	3	2	0	253
1RB1LC_0RC1RB_1LB1LD_1RA1LA	3	2	0	267
1RB1LC_0RC1RB_1LC0LD_0RA0RD	2	2	0	130
1RB1LC_0RC1RB_1LC0LD_1RA1LA	3	2	0	283
1RB1LC_0RC1RB_1LC1LD_0RB0RA	2	2	0	106
1RB1LC_0RC1RB_1LC1LD_0RD1LA	3	2	0	251
1RB1LC_0RC1RB_1LC1LD_1LA0RA	2	2	0	90
1RB1LC_0RC1RB_1LC1LD_1LA0RC	3	2	0	319
1RB1LC_0RC1RB_1LC1LD_1LA1LA	3	2	0	245
1RB1LC_0RC1RB_1LC1LD_1RB0LA	3	2	0	330
1RB1LC_0RC1RB_1LC1LD_1RB1LA	3	2	0	239
1RB1LC_0RC1RB_1LC1LD_1RC1LA	3	2	0	247
1RB1LC_0RC1RB_1LD0LB_0RA1LA	3	2	0	517
1RB1LC_0RC1RB_1LD0LB_1LD1LA	3	2	0	437
1RB1LC_0RC1RB_1LD0LD_0RA0LA	3	2	0	309
1RB1LC_0RC1RB_1LD0RA_0RA1LA	3	2	0	319
1RB1LC_0RC1RB_1LD0RA_1LD1LA	3	2	0	305
1RB1LC_0RC1RB_1LD0RA_1RA1LA	3	2	0	333
1RB1LC_0RC1RB_1LD1LA_1RD0LA	2	2	0	148
1RB1LC_0RC1RB_1LD1LD_0RA1LA	3	2	0	253
1RB1LC_0RC1RB_1LD1LD_1LD1LA	3	2	0	239
1RB1LC_0RC1RB_1LD1LD_1RA1LA	3	2	0	253
1RB1LC_0RC1RB_1LD1RB_0RA0LA	3	2	0	241
1RB1LC_0RC1RB_1LD1RB_1LD0LA	3	2	0	227
1RB1LC_0RC1RB_1LD1RC_0LB0RA	2	2	0	297
1RB1LC_0RC1RB_1RD1LA_0LA0LA	2	2	0	153
1RB1LC_0RC1RB_1RD1LA_0LA1RD	2	2	0	154
1RB1LC_0RC1RB_1RD1LA_1LA0LA	2	2	0	157
1RB1LC_0RC1RB_1RD1LA_1LA1LA	2	2	0	118
1RB1LC_0RC1RB_1RD1LA_1LA1RA	2	2	0	126
1RB1LC_0RC1RC_0LD0RB_1LD0LA	4	2	0	927
1RB1LC_0RC1RC_0RD0RC_1LD1LA	2	2	0	140
1RB1LC_0RC1RC_1LA0RD_0LC1RC	2	2	0	223
1RB1LC_0RC1RC_1LA0RD_0LD1RC	2	2	0	231
1RB1LC_0RC1RC_1LA0RD_1LC1RC	2	2	0	196
1RB1LC_0RC1RC_1LA0RD_1LD1RC	2	2	0	214
1RB1LC_0RC1RC_1LA0RD_1RC1RC	2	2	0	202
1RB1LC_0RC1RC_1LA1RD_1LA0RC	2	2	0	174
1RB1LC_0RC1RC_1LD0RC_0RA0LD	2	2	0	315
1RB1LC_0RC1RC_1RD1LA_0LC0RD	2	2	0	327
1RB1LC_0RC1RD_0LC1LA_0LA1RB	2	2	0	177
1RB1LC_0RC1RD_0LC1LA_1LA0RC	2	2	0	162
1RB1LC_0RC1RD_0LC1LA_1LA1RB	2	2	0	116
1RB1LC_0RC1RD_0LC1LA_1LA1RD	2	2	0	116
1RB1LC_0RC1RD_0LC1LA_1LB1RB	2	2	0	165
1RB1LC_0RC1RD_0LC1LA_1RB0LB	2	2	0	205
1RB1LC_0RC1RD_0LC1LA_1RB0RC	2	2	0	205
1RB1LC_0RC1RD_0LC1LA_1RB1RB	2	2	0	153
1RB1LC_0RC1RD_0LC1LA_1RB1RD	2	2	0	153
1RB1LC_0RC1RD_0LC1LA_1RC0RC	2	2	0	176
1RB1LC_0RC1RD_0LC1LA_1RC1RB	2	2	0	130
1RB1LC_0RC1RD_0LC1LA_1RC1RD	2	2	0	130
1RB1LC_0RC1RD_0LC1LD_1RB0RA	2	2	0	186
1RB1LC_0RC1RD_0LD1LA_1LC1RB	2	2	0	136
1RB1LC_0RC1RD_0LD1LA_1LC1RD	2	2	0	122
1RB1LC_0RC1RD_0RD1LA_1LA1RD	2	2	0	125
1RB1LC_0RC1RD_0RD1LA_1LC1RD	2	2	0	119
1RB1LC_0RC1RD_1LA0RD_0LC1RC	2	2	0	180
1RB1LC_0RC1RD_1LA0RD_0LD1RC	2	2	0	156
1RB1LC_0RC1RD_1LA0RD_1LC1RC	2	2	0	134
1RB1LC_0RC1RD_1LA0RD_1LD1RC	2	2	0	115
1RB1LC_0RC1RD_1LA0RD_1RC1RC	2	2	0	114
1RB1LC_0RC1RD_1LA1RD_1LA0RC	2	2	0	128
1RB1LC_0RC1RD_1LB1LC_1LA0RD	2	2	0	156
1RB1LC_0RC1RD_1LC1LA_0LA1RB	2	2	0	136
1RB1LC_0RC1RD_1LC1LA_0LD0RC	2	2	0	175
1RB1LC_0RC1RD_1LC1LA_1LA0RC	2	2	0	165
1RB1LC_0RC1RD_1LC1LA_1LA1RB	2	2	0	119
1RB1LC_0RC1RD_1LC1LA_1LA1RD	2	2	0	119
1RB1LC_0RC1RD_1LC1LA_1LB1RB	2	2	0	112
1RB1LC_0RC1RD_1LC1LA_1RB0LB	2	2	0	148
1RB1LC_0RC1RD_1LC1LA_1RB0RC	2	2	0	148
1RB1LC_0RC1RD_1LC1LA_1RB1RB	2	2	0	106
1RB1LC_0RC1RD_1LC1LA_1RB1RD	2	2	0	106
1RB1LC_0RC1RD_1LC1LA_1RC1RB	2	2	0	108
1RB1LC_0RC1RD_1LC1LD_1LA0RB	4	2	0	293
1RB1LC_0RC1RD_1RD1LA_0LA1RD	2	2	0	168
1RB1LC_0RC1RD_1RD1LA_0LC1RD	2	2	0	168
1RB1LC_0RC1RD_1RD1LA_1LA1RD	2	2	0	110
1RB1LC_1LA---_0LD0LA_1RD0RC	2	2	0	122
1RB1LC_1LA---_0LD0LC_1RD1RA	2	2	0	118
1RB1LC_1LA---_0RD0LC_1RD1RA	2	2	0	178
1RB1LC_1LA---_0RD1LA_1RB1RD	2	2	0	77
1RB1LC_1LA---_1RD0LC_1RC1RA	2	2	0	126
1RB1LC_1LA---_1RD0LC_1RD1RA	2	2	0	126
1RB1LC_1LA---_1RD1LA_1RA1RD	2	2	0	102
1RB1LC_1LA0LA_0LD0LB_1RD0RC	3	2	0	368
1RB1LC_1LA0LA_0LD0LC_1RD0RB	2	2	0	96
1RB1LC_1LA0LA_0LD0LC_1RD1RB	2	2	0	128
1RB1LC_1LA0LA_0RD1LA_1LA1RD	2	2	0	167
1RB1LC_1LA0LA_1RD0LC_1RD0RB	2	2	0	190
1RB1LC_1LA0LA_1RD0LC_1RD1RB	2	2	0	172
1RB1LC_1LA0LA_1RD1LA_1LC1RD	2	2	0	125
1RB1LC_1LA0LA_1RD1LB_1RC0LD	3	2	0	134
1RB1LC_1LA0LA_1RD1RB_1RC1RC	2	2	0	232
1RB1LC_1LA0LB_0LD0LC_1RD0RB	2	2	0	182
1RB1LC_1LA0LB_1RD1LC_0RB0RC	2	2	0	282
1RB1LC_1LA0LC_1LB1RD_0RC0RB	2	2	0	108
1RB1LC_1LA0LC_1RA0LD_1RD0RB	2	2	0	347
1RB1LC_1LA0LC_1RC1LD_0RB0LD	2	2	0	115
1RB1LC_1LA0LC_1RD0LB_0RD1RA	2	2	0	197
1RB1LC_1LA0LC_1RD0LB_1RC1RA	2	2	0	126
1RB1LC_1LA0LC_1RD0LB_1RD1RA	2	2	0	126
1RB1LC_1LA0LC_1RD0RC_1LB1RA	2	2	0	284
1RB1LC_1LA0LC_1RD0RD_1LB0RC	2	2	0	333
1RB1LC_1LA0LC_1RD1LA_0RB1LB	2	2	0	140
1RB1LC_1LA0LC_1RD1LA_0RB1LD	2	2	0	148
1RB1LC_1LA0LC_1RD1LA_0RB1RD	2	2	0	144
1RB1LC_1LA0LD_0LB0RA_1RD1RC	2	2	0	204
1RB1LC_1LA0LD_0LD0LC_1RD1RB	2	2	0	96
1RB1LC_1LA0LD_0RB0LC_1RD1LC	2	2	0	127
1RB1LC_1LA0LD_0RC1RD_1LB0RD	2	2	0	431
1RB1LC_1LA0LD_0RD0RB_1LB1RC	2	2	0	170
1RB1LC_1LA0LD_0RD1LA_1LA1RD	2	2	0	157
1RB1LC_1LA0LD_1RA1RD_1LB0RD	2	2	0	345
1RB1LC_1LA0LD_1RC0RD_1LB0RD	2	2	0	333
1RB1LC_1LA0LD_1RC1RD_1LB0RD	2	2	0	564
1RB1LC_1LA0LD_1RD---_1LB0RD	2	2	0	333
1RB1LC_1LA0LD_1RD0LC_1RD1RB	2	2	0	190
1RB1LC_1LA0LD_1RD1RB_1RC0LD	2	2	0	128
1RB1LC_1LA0RA_0LD0LC_1RD1RB	2	2	0	121
1RB1LC_1LA0RA_0RD0LD_1LA1RD	2	2	0	262
1RB1LC_1LA0RA_1LD0LD_1LA1RD	2	2	0	160
1RB1LC_1LA0RA_1RD0LB_1RC0LD	2	2	0	138
1RB1LC_1LA0RA_1RD0RB_1RC0LD	2	2	0	130
1RB1LC_1LA0RA_1RD1LA_0LA1RD	2	2	0	152
1RB1LC_1LA0RA_1RD1LA_0LC1RD	2	2	0	154
1RB1LC_1LA0RA_1RD1LA_1LC1RD	2	2	0	130
1RB1LC_1LA0RC_0LD1RC_0RA1LA	3	2	0	429
1RB1LC_1LA0RC_0LD1RC_1LB1LD	2	2	0	203
1RB1LC_1LA0RC_0RB0LD_1RA1LB	2	2	0	297
1RB1LC_1LA0RC_0RB0LD_1RA1RB	2	2	0	215
1RB1LC_1LA0RC_0RD0RB_1LD1LB	2	2	0	77
1RB1LC_1LA0RC_0RD0RC_1LD1LA	2	2	0	109
1RB1LC_1LA0RC_0RD0RC_1LD1LB	2	2	0	77
1RB1LC_1LA0RC_1LA1LD_0LC0LD	2	2	0	317
1RB1LC_1LA0RC_1LD0LC_1RB1RA	2	2	0	299
1RB1LC_1LA0RC_1LD1RC_1LB1LD	2	2	0	119
1RB1LC_1LA0RC_1RB0LD_1LC0LA	2	2	0	177
1RB1LC_1LA0RC_1RB0LD_1LC0LC	2	2	0	177
1RB1LC_1LA0RC_1RB0LD_1LC1LD	2	2	0	169
1RB1LC_1LA0RC_1RB0LD_1LC1RD	2	2	0	128
1RB1LC_1LA0RC_1RB1LD_0LD1LA	2	2	0	106
1RB1LC_1LA0RC_1RC1LD_0LB0LD	2	2	0	175
1RB1LC_1LA0RC_1RD0RB_1LD0LC	2	2	0	179
1RB1LC_1LA0RC_1RD1LA_0LA1RD	2	2	0	220
1RB1LC_1LA0RD_0LB---_1RB0RA	3	2	0	400
1RB1LC_1LA0RD_0LB---_1RB0RD	3	2	0	400
1RB1LC_1LA0RD_0LB---_1RB1RC	3	2	0	522
1RB1LC_1LA0RD_0LB0LB_1LD1LA	2	2	0	245
1RB1LC_1LA0RD_0LB0LC_1LA0LA	2	2	0	268
1RB1LC_1LA0RD_0LB0LC_1LA0LB	2	2	0	286
1RB1LC_1LA0RD_0LB0LC_1LA0LD	2	2	0	286
1RB1LC_1LA0RD_0LB0LC_1LA0RA	2	2	0	300
1RB1LC_1LA0RD_0LB0LC_1LA0RC	2	2	0	300
1RB1LC_1LA0RD_0LB0LC_1LA1LB	2	2	0	311
1RB1LC_1LA0RD_0LB0LC_1LA1LD	2	2	0	311
1RB1LC_1LA0RD_0LB0LC_1RD1LC	2	3	0	256
1RB1LC_1LA0RD_0LB0LC_1RD1RA	2	3	0	220
1RB1LC_1LA0RD_0LB0RA_1LD1LA	2	2	0	273
1RB1LC_1LA0RD_0LB0RD_1RC0RA	3	2	0	400
1RB1LC_1LA0RD_0LB1RD_1LA0LD	2	2	0	317
1RB1LC_1LA0RD_0LD---_1LB0RB	4	2	0	305
1RB1LC_1LA0RD_0LD0LC_1LA0LA	2	2	0	268
1RB1LC_1LA0RD_0LD0LC_1LA0LB	2	2	0	286
1RB1LC_1LA0RD_0LD0LC_1LA0LD	2	2	0	286
1RB1LC_1LA0RD_0LD0LC_1LA0RA	2	2	0	300
1RB1LC_1LA0RD_0LD0LC_1LA0RC	2	2	0	300
1RB1LC_1LA0RD_0LD0LC_1LA1LB	2	2	0	311
1RB1LC_1LA0RD_0LD0LC_1LA1LC	2	2	0	311
1RB1LC_1LA0RD_0LD0LC_1LA1LD	2	2	0	311
1RB1LC_1LA0RD_0LD0LC_1LA1RA	2	2	0	311
1RB1LC_1LA0RD_0LD0LC_1LA1RD	2	2	0	314
1RB1LC_1LA0RD_0LD1RD_1LA0LD	2	2	0	317
1RB1LC_1LA0RD_0RB0LB_1LD1LA	2	2	0	232
1RB1LC_1LA0RD_0RB0RD_1LD0LC	2	2	0	365
1RB1LC_1LA0RD_0RB1LC_1LD0LC	2	2	0	1325
1RB1LC_1LA0RD_0RB1LD_1RA1LA	3	2	0	257
1RB1LC_1LA0RD_0RC0LB_1LA1RB	3	2	0	318
1RB1LC_1LA0RD_0RC0LB_1RD0RA	4	2	0	344
1RB1LC_1LA0RD_0RC0LD_1LA1RB	3	2	0	318
1RB1LC_1LA0RD_0RD0RA_1RC0LB	4	2	0	344
1RB1LC_1LA0RD_0RD1RD_1LA0LD	2	2	0	293
1RB1LC_1LA0RD_1LA0LB_1LD1LA	2	2	0	235
1RB1LC_1LA0RD_1LA0LC_1LA0LA	2	2	0	313
1RB1LC_1LA0RD_1LA1LD_1RA1RB	2	2	0	75
1RB1LC_1LA0RD_1LB0RB_1RB1RC	3	2	0	436
1RB1LC_1LA0RD_1LB1LC_0LC1RD	2	2	0	379
1RB1LC_1LA0RD_1LB1LC_1LC1RD	2	2	0	579
1RB1LC_1LA0RD_1LB1LD_1RA1LA	3	2	0	203
1RB1LC_1LA0RD_1LD---_1RB0LC	2	2	0	106
1RB1LC_1LA0RD_1LD1LC_1LA1RD	2	2	0	409
1RB1LC_1LA0RD_1RA0LB_1LD1LA	2	2	0	247
1RB1LC_1LA0RD_1RA1RD_1LA0LD	2	2	0	309
1RB1LC_1LA0RD_1RB0LB_---1RA	3	2	0	219
1RB1LC_1LA0RD_1RB0LB_---1RC	3	2	0	219
1RB1LC_1LA0RD_1RB0LD_1LA1RA	3	2	0	219
1RB1LC_1LA0RD_1RB0LD_1LA1RC	3	2	0	219
1RB1LC_1LA0RD_1RB1RD_1LA0LA	2	2	0	452
1RB1LC_1LA0RD_1RB1RD_1LC0LA	2	2	0	452
1RB1LC_1LA0RD_1RC0LB_1LA1RA	3	2	0	243
1RB1LC_1LA0RD_1RC0RB_1LD0LA	3	2	0	986
1RB1LC_1LA0RD_1RD0LB_1LA1RA	3	2	0	255
1RB1LC_1LA0RD_1RD0RA_1LA0LD	2	2	0	321
1RB1LC_1LA0RD_1RD1LA_0LA1RD	2	2	0	241
1RB1LC_1LA0RD_1RD1LA_0LC1RD	2	2	0	218
1RB1LC_1LA0RD_1RD1RD_1LA0LD	2	2	0	307
1RB1LC_1LA1LA_0LD0LC_1RD0RB	2	2	0	96
1RB1LC_1LA1LA_0LD0LC_1RD1RB	2	2	0	88
1RB1LC_1LA1LA_0RD1LA_1LA1RD	2	2	0	147
1RB1LC_1LA1LA_0RD1LA_1LC1RD	2	2	0	139
1RB1LC_1LA1LA_1RD0LC_1RD0RB	2	2	0	190
1RB1LC_1LA1LA_1RD0LC_1RD1RB	2	2	0	172
1RB1LC_1LA1LA_1RD1LA_0LA1RD	2	2	0	86
1RB1LC_1LA1LA_1RD1LA_0LC1RD	2	2	0	91
1RB1LC_1LA1LB_0LD0LC_1RD0RB	2	2	0	206
1RB1LC_1LA1LB_0RC1RD_0RB0RD	2	2	0	130
1RB1LC_1LA1LB_0RD0RB_1RB1RD	2	2	0	103
1RB1LC_1LA1LB_0RD0RC_1LA1RC	2	2	0	130
1RB1LC_1LA1LB_1RA1RD_1LA0RD	2	2	0	205
1RB1LC_1LA1LB_1RC0RD_0LB1RD	2	3	0	264
1RB1LC_1LA1LB_1RC0RD_0RB1RD	2	3	0	196
1RB1LC_1LA1LB_1RC0RD_1LA0RD	2	2	0	193
1RB1LC_1LA1LB_1RC0RD_1LB1RD	2	3	0	198
1RB1LC_1LA1LB_1RD---_1LA0RD	2	2	0	193
1RB1LC_1LA1LB_1RD0LD_1RA0RD	2	2	0	167
1RB1LC_1LA1LB_1RD0RB_0LC0RD	2	2	0	217
1RB1LC_1LA1LB_1RD0RB_1LA1RD	2	2	0	166
1RB1LC_1LA1LB_1RD0RB_1RA0RD	2	2	0	167
1RB1LC_1LA1LB_1RD0RB_1RA1RD	2	2	0	140
1RB1LC_1LA1LB_1RD0RD_1LA0RC	2	2	0	193
1RB1LC_1LA1LB_1RD1LA_1RA0RD	2	2	0	159
1RB1LC_1LA1LB_1RD1LC_0RB0RC	2	2	0	188
1RB1LC_1LA1LB_1RD1RC_0LB0RC	2	3	0	218
1RB1LC_1LA1LB_1RD1RC_0RB0RC	2	3	0	179
1RB1LC_1LA1LB_1RD1RC_1LB0RC	2	3	0	184
1RB1LC_1LA1LC_0LD0LC_1RD0RB	2	2	0	104
1RB1LC_1LA1LC_0LD0LC_1RD1RB	2	2	0	209
1RB1LC_1LA1LC_0RC0LD_1RD0RB	2	2	0	404
1RB1LC_1LA1LC_0RD0LC_1RD0RB	2	2	0	216
1RB1LC_1LA1LC_0RD0LC_1RD1RB	2	2	0	339
1RB1LC_1LA1LC_0RD1LB_1RB1RD	2	2	0	77
1RB1LC_1LA1LC_1LA0LD_1RD0RC	2	2	0	331
1RB1LC_1LA1LC_1LA0RD_---1RC	2	2	0	120
1RB1LC_1LA1LC_1RD0LC_1RD0RB	2	2	0	140
1RB1LC_1LA1LC_1RD0LC_1RD1RB	2	2	0	251
1RB1LC_1LA1LC_1RD1LA_0LB0RD	2	2	0	283
1RB1LC_1LA1LC_1RD1LA_0LC0RD	2	2	0	299
1RB1LC_1LA1LC_1RD1LA_0RB0RD	2	2	0	187
1RB1LC_1LA1LC_1RD1LA_1LA0RD	2	2	0	247
1RB1LC_1LA1LC_1RD1LA_1LB0RD	2	2	0	235
1RB1LC_1LA1LC_1RD1LA_1LB1RD	2	2	0	120
1RB1LC_1LA1LC_1RD1LA_1RA0RD	2	2	0	197
1RB1LC_1LA1LC_1RD1LB_0LB0RD	2	2	0	227
1RB1LC_1LA1LC_1RD1LB_0LC0RD	2	2	0	235
1RB1LC_1LA1LC_1RD1LB_0RB0RD	2	2	0	149
1RB1LC_1LA1LC_1RD1LB_1LA0RD	2	2	0	193
1RB1LC_1LA1LC_1RD1LB_1LA1RD	2	2	0	120
1RB1LC_1LA1LC_1RD1LB_1LB0RD	2	2	0	191
1RB1LC_1LA1LC_1RD1LB_1RA0RD	2	2	0	157
1RB1LC_1LA1LC_1RD1LB_1RA1RD	2	2	0	102
1RB1LC_1LA1LD_0RB0RC_1RC1LA	2	2	0	195
1RB1LC_1LA1LD_0RB0RC_1RC1LB	2	2	0	153
1RB1LC_1LA1LD_0RC0RB_1RC1LB	2	2	0	229
1RB1LC_1LA1LD_0RD1LA_1LA1RD	2	2	0	133
1RB1LC_1LA1LD_0RD1LA_1LC1RD	2	2	0	127
1RB1LC_1LA1LD_1LB0LD_1RD0RC	2	2	0	226
1RB1LC_1LA1LD_1LD0RB_1RC1LB	2	2	0	210
1RB1LC_1LA1LD_1LD1RC_1RA1LB	2	2	0	120
1RB1LC_1LA1LD_1RC0RB_0LC0LD	2	2	0	117
1RB1LC_1LA1LD_1RC0RB_0RC0LD	2	2	0	258
1RB1LC_1LA1LD_1RC0RB_0RC1LA	2	2	0	359
1RB1LC_1LA1LD_1RC0RB_0RC1LB	2	2	0	305
1RB1LC_1LA1LD_1RC0RB_1RC0LD	2	2	0	140
1RB1LC_1LA1LD_1RC1RB_0LC0LD	2	2	0	235
1RB1LC_1LA1LD_1RC1RB_0RC0LD	2	2	0	391
1RB1LC_1LA1LD_1RC1RB_1RC0LD	2	2	0	259
1RB1LC_1LA1LD_1RD0RB_1RC0LD	2	2	0	128
1RB1LC_1LA1LD_1RD0RB_1RC1LB	2	2	0	212
1RB1LC_1LA1LD_1RD0RC_0LB0RC	2	2	0	142
1RB1LC_1LA1LD_1RD1LA_0LA1RD	2	2	0	152
1RB1LC_1LA1LD_1RD1LA_0LC1RD	2	2	0	154
1RB1LC_1LA1LD_1RD1LA_1LC1RD	2	2	0	130
1RB1LC_1LA1RA_0LB0LD_---1LC	2	2	0	106
1RB1LC_1LA1RA_0LD0LC_1RD0LB	2	2	0	72
1RB1LC_1LA1RA_0LD0LC_1RD0RB	2	2	0	241
1RB1LC_1LA1RA_0LD0LC_1RD1LB	2	2	0	88
1RB1LC_1LA1RA_0LD0LC_1RD1RB	2	2	0	66
1RB1LC_1LA1RA_0RD0LC_1RC0LB	2	2	0	130
1RB1LC_1LA1RA_0RD0LC_1RD0LB	2	2	0	94
1RB1LC_1LA1RA_0RD0LC_1RD1RB	2	2	0	94
1RB1LC_1LA1RA_0RD0LD_1LA1RD	2	2	0	197
1RB1LC_1LA1RA_0RD0RC_1LD0LB	2	2	0	98
1RB1LC_1LA1RA_0RD0RC_1LD1LA	2	2	0	117
1RB1LC_1LA1RA_0RD0RC_1LD1LB	2	2	0	83
1RB1LC_1LA1RA_0RD0RC_1LD1RB	2	2	0	95
1RB1LC_1LA1RA_0RD1LA_1LA1RD	2	2	0	157
1RB1LC_1LA1RA_0RD1LA_1LC1RD	2	2	0	147
1RB1LC_1LA1RA_1LA1LD_---0LC	2	2	0	80
1RB1LC_1LA1RA_1LA1RD_1LA0RC	2	2	0	132
1RB1LC_1LA1RA_1RB0LD_---1LC	2	2	0	118
1RB1LC_1LA1RA_1RD0LC_1RD0LB	2	2	0	134
1RB1LC_1LA1RA_1RD0LC_1RD1LB	2	2	0	172
1RB1LC_1LA1RA_1RD0LC_1RD1RB	2	2	0	124
1RB1LC_1LA1RA_1RD1LA_0LA1RD	2	2	0	92
1RB1LC_1LA1RA_1RD1LA_0LC1RD	2	2	0	99
1RB1LC_1LA1RA_1RD1LB_1LA0RD	2	2	0	231
1RB1LC_1LA1RB_0LD0LB_0RA---	2	2	0	173
1RB1LC_1LA1RB_0LD0LB_0RD1LA	2	2	0	183
1RB1LC_1LA1RB_0LD0LB_1RC0RA	2	2	0	183
1RB1LC_1LA1RB_0LD0LB_1RD0RB	2	2	0	191
1RB1LC_1LA1RB_0LD0LC_1RD0LB	2	2	0	201
1RB1LC_1LA1RB_0LD0LC_1RD0RB	2	2	0	82
1RB1LC_1LA1RB_0LD0LC_1RD1LB	2	2	0	143
1RB1LC_1LA1RB_0LD0LC_1RD1RB	2	2	0	135
1RB1LC_1LA1RB_0LD1LA_0RA---	2	2	0	127
1RB1LC_1LA1RB_0LD1LA_0RD0LB	2	2	0	138
1RB1LC_1LA1RB_0LD1LA_0RD1LA	2	2	0	137
1RB1LC_1LA1RB_0LD1LA_0RD1RA	2	2	0	147
1RB1LC_1LA1RB_0LD1LA_1RC0RA	2	2	0	137
1RB1LC_1LA1RB_0LD1LA_1RC1RD	2	2	0	130
1RB1LC_1LA1RB_0LD1LA_1RD0LB	2	2	0	130
1RB1LC_1LA1RB_0LD1LA_1RD0RA	2	2	0	132
1RB1LC_1LA1RB_0LD1LA_1RD0RB	2	2	0	143
1RB1LC_1LA1RB_0LD1LA_1RD1LA	2	2	0	122
1RB1LC_1LA1RB_0LD1LA_1RD1RA	2	2	0	130
1RB1LC_1LA1RB_0LD1LD_1RA0LB	3	2	0	334
1RB1LC_1LA1RB_0LD1LD_1RA1LA	3	2	0	260
1RB1LC_1LA1RB_0RD0LB_---1LA	2	2	0	178
1RB1LC_1LA1RB_0RD0LB_0RB0LD	2	2	0	190
1RB1LC_1LA1RB_0RD0LB_1LA0LC	2	2	0	190
1RB1LC_1LA1RB_0RD0LB_1LB1LD	2	2	0	152
1RB1LC_1LA1RB_0RD0LB_1LB1RD	2	2	0	111
1RB1LC_1LA1RB_0RD0LB_1RA0LD	2	2	0	178
1RB1LC_1LA1RB_0RD0LB_1RB1LD	2	2	0	178
1RB1LC_1LA1RB_0RD0LB_1RB1RD	2	2	0	103
1RB1LC_1LA1RB_0RD0LC_1RC1LB	2	2	0	282
1RB1LC_1LA1RB_0RD0LC_1RD1LB	2	2	0	185
1RB1LC_1LA1RB_0RD0LC_1RD1RB	2	2	0	183
1RB1LC_1LA1RB_0RD1LA_---0LB	2	2	0	130
1RB1LC_1LA1RB_0RD1LA_---1LA	2	2	0	132
1RB1LC_1LA1RB_0RD1LA_---1RA	2	2	0	144
1RB1LC_1LA1RB_0RD1LA_0LA1RD	2	2	0	256
1RB1LC_1LA1RB_0RD1LA_0LB0LC	2	2	0	138
1RB1LC_1LA1RB_0RD1LA_0LB0LD	2	2	0	151
1RB1LC_1LA1RB_0RD1LA_0RB0LD	2	2	0	144
1RB1LC_1LA1RB_0RD1LA_0RC1LD	2	2	0	144
1RB1LC_1LA1RB_0RD1LA_1LA0LC	2	2	0	144
1RB1LC_1LA1RB_0RD1LA_1LA0LD	2	2	0	130
1RB1LC_1LA1RB_0RD1LA_1LB1LD	2	2	0	114
1RB1LC_1LA1RB_0RD1LA_1LB1RD	2	2	0	85
1RB1LC_1LA1RB_0RD1LA_1LC1RD	2	2	0	306
1RB1LC_1LA1RB_0RD1LA_1RA0LC	2	2	0	156
1RB1LC_1LA1RB_0RD1LA_1RA0LD	2	2	0	132
1RB1LC_1LA1RB_0RD1LA_1RB1LD	2	2	0	132
1RB1LC_1LA1RB_1LA0RD_0LB1RC	2	2	0	524
1RB1LC_1LA1RB_1LA1LD_---0LB	3	2	0	334
1RB1LC_1LA1RB_1LA1LD_---0RA	3	2	0	334
1RB1LC_1LA1RB_1LA1LD_---1LA	3	2	0	260
1RB1LC_1LA1RB_1LB0LD_---1RB	2	2	0	144
1RB1LC_1LA1RB_1LB0LD_1RD0RC	2	2	0	291
1RB1LC_1LA1RB_1LB1LD_---1LC	2	2	0	106
1RB1LC_1LA1RB_1LB1LD_0LD0RC	4	2	0	600
1RB1LC_1LA1RB_1LD0LB_0RB---	2	2	0	173
1RB1LC_1LA1RB_1LD0LB_0RD1LB	2	2	0	152
1RB1LC_1LA1RB_1LD0LB_0RD1RB	2	2	0	173
1RB1LC_1LA1RB_1LD0LB_1LA---	2	2	0	144
1RB1LC_1LA1RB_1LD1LA_0LB---	2	2	0	119
1RB1LC_1LA1RB_1LD1LA_0RB---	2	2	0	127
1RB1LC_1LA1RB_1LD1LA_0RD0RC	2	2	0	137
1RB1LC_1LA1RB_1LD1LA_0RD1LB	2	2	0	114
1RB1LC_1LA1RB_1LD1LA_0RD1RB	2	2	0	127
1RB1LC_1LA1RB_1LD1LA_1LA---	2	2	0	106
1RB1LC_1LA1RB_1LD1LA_1RA---	2	2	0	114
1RB1LC_1LA1RB_1LD1LA_1RD0RB	2	2	0	120
1RB1LC_1LA1RB_1LD1LA_1RD1LC	2	2	0	114
1RB1LC_1LA1RB_1LD1LA_1RD1RC	2	2	0	122
1RB1LC_1LA1RB_1RB0LD_---1RB	2	2	0	166
1RB1LC_1LA1RB_1RB1LD_---1LC	2	2	0	120
1RB1LC_1LA1RB_1RC1LD_---1LA	3	2	0	274
1RB1LC_1LA1RB_1RD0LB_---1LB	2	2	0	178
1RB1LC_1LA1RB_1RD0LB_---1RB	2	2	0	166
1RB1LC_1LA1RB_1RD0LB_0LB0RD	2	2	0	255
1RB1LC_1LA1RB_1RD0LB_0LB1RD	2	2	0	176
1RB1LC_1LA1RB_1RD0LB_0RB0RD	2	2	0	209
1RB1LC_1LA1RB_1RD0LB_0RB1LD	2	2	0	185
1RB1LC_1LA1RB_1RD0LB_0RB1RD	2	2	0	146
1RB1LC_1LA1RB_1RD0LB_1LA0RD	2	3	0	288
1RB1LC_1LA1RB_1RD0LB_1LA1LD	2	2	0	152
1RB1LC_1LA1RB_1RD0LB_1LA1RD	2	2	0	166
1RB1LC_1LA1RB_1RD0LB_1RA0RD	2	2	0	201
1RB1LC_1LA1RB_1RD0LB_1RA1RD	2	2	0	140
1RB1LC_1LA1RB_1RD0LC_1RC1LB	2	2	0	157
1RB1LC_1LA1RB_1RD0LC_1RC1RB	2	2	0	145
1RB1LC_1LA1RB_1RD0LC_1RD1LB	2	2	0	157
1RB1LC_1LA1RB_1RD0LC_1RD1RB	2	2	0	145
1RB1LC_1LA1RB_1RD0LD_---1RB	2	2	0	166
1RB1LC_1LA1RB_1RD1LA_---0LC	2	2	0	130
1RB1LC_1LA1RB_1RD1LA_---0RC	2	2	0	132
1RB1LC_1LA1RB_1RD1LA_---1LB	2	2	0	132
1RB1LC_1LA1RB_1RD1LA_---1RB	2	2	0	120
1RB1LC_1LA1RB_1RD1LA_0LA1RD	2	2	0	310
1RB1LC_1LA1RB_1RD1LA_0LB0LD	2	2	0	175
1RB1LC_1LA1RB_1RD1LA_0LB1LD	2	2	0	127
1RB1LC_1LA1RB_1RD1LA_0LB1RD	2	2	0	130
1RB1LC_1LA1RB_1RD1LA_0LC0LD	2	2	0	181
1RB1LC_1LA1RB_1RD1LA_0LC1LD	2	2	0	133
1RB1LC_1LA1RB_1RD1LA_0RB0LD	2	2	0	138
1RB1LC_1LA1RB_1RD1LA_0RB1LD	2	2	0	139
1RB1LC_1LA1RB_1RD1LA_0RB1RD	2	2	0	108
1RB1LC_1LA1RB_1RD1LA_0RC0LD	2	2	0	149
1RB1LC_1LA1RB_1RD1LA_1LA0LD	2	2	0	151
1RB1LC_1LA1RB_1RD1LA_1LA1LD	2	2	0	114
1RB1LC_1LA1RB_1RD1LA_1LC1RD	2	2	0	120
1RB1LC_1LA1RB_1RD1LA_1RA0LD	2	2	0	130
1RB1LC_1LA1RB_1RD1LA_1RA1LD	2	2	0	122
1RB1LC_1LA1RC_0LD0LC_1RD1RB	2	2	0	143
1RB1LC_1LA1RC_0LD1RB_1LA1LD	2	2	0	99
1RB1LC_1LA1RC_0RB0LD_1LC1RA	2	2	0	138
1RB1LC_1LA1RC_0RB0RD_0LA1LD	2	2	0	354
1RB1LC_1LA1RC_0RB1RD_1RB0LA	2	2	0	190
1RB1LC_1LA1RC_0RD0RC_1LD1LA	2	2	0	132
1RB1LC_1LA1RC_0RD0RC_1LD1LB	2	2	0	113
1RB1LC_1LA1RC_1LA0LD_1LD0RA	4	2	0	1022
1RB1LC_1LA1RC_1LA0RD_0LB1RC	2	2	0	238
1RB1LC_1LA1RC_1LA0RD_0LC1RC	2	2	0	238
1RB1LC_1LA1RC_1LA0RD_0LD1RC	2	2	0	246
1RB1LC_1LA1RC_1LA0RD_1LB1RC	2	2	0	211
1RB1LC_1LA1RC_1LA0RD_1LC1RC	2	2	0	211
1RB1LC_1LA1RC_1LA0RD_1LD1RC	2	2	0	213
1RB1LC_1LA1RC_1LA0RD_1RB1RC	2	2	0	201
1RB1LC_1LA1RC_1LA0RD_1RC1RC	2	2	0	201
1RB1LC_1LA1RC_1LA1RD_1LA0RC	2	2	0	186
1RB1LC_1LA1RC_1LD0RB_0LB1LC	2	2	0	113
1RB1LC_1LA1RC_1LD1RB_1LB0LD	2	2	0	237
1RB1LC_1LA1RC_1LD1RB_1LB0RA	2	2	0	185
1RB1LC_1LA1RC_1LD1RB_1LB1LD	2	2	0	101
1RB1LC_1LA1RC_1LD1RB_1RA0LD	2	2	0	288
1RB1LC_1LA1RC_1LD1RB_1RA0RA	2	2	0	212
1RB1LC_1LA1RC_1LD1RB_1RA1LD	2	2	0	120
1RB1LC_1LA1RC_1LD1RB_1RB0RA	2	2	0	202
1RB1LC_1LA1RC_1RB0LD_0RA1LC	2	2	0	238
1RB1LC_1LA1RC_1RB0LD_0RC1LC	2	2	0	238
1RB1LC_1LA1RC_1RB0LD_0RD1LC	2	2	0	248
1RB1LC_1LA1RC_1RB0LD_1LA1LC	2	2	0	202
1RB1LC_1LA1RC_1RB0LD_1LC1LC	2	2	0	202
1RB1LC_1LA1RC_1RB0LD_1RA1LC	2	2	0	217
1RB1LC_1LA1RC_1RB0LD_1RC1LC	2	2	0	217
1RB1LC_1LA1RC_1RB0LD_1RD1LC	2	2	0	218
1RB1LC_1LA1RC_1RB1LD_1RB0LC	2	2	0	176
1RB1LC_1LA1RC_1RC1LD_0LB0LD	2	2	0	119
1RB1LC_1LA1RC_1RC1LD_0RB0LD	2	2	0	172
1RB1LC_1LA1RC_1RC1LD_1LA0LD	2	2	0	87
1RB1LC_1LA1RC_1RD0LC_0LB1RA	2	2	0	222
1RB1LC_1LA1RC_1RD1LA_0LA0RB	2	2	0	326
1RB1LC_1LA1RC_1RD1LA_0LC0RD	2	2	0	348
1RB1LC_1LA1RC_1RD1LA_1LA0LB	2	2	0	230
1RB1LC_1LA1RC_1RD1LA_1LB0LB	2	2	0	240
1RB1LC_1LA1RC_1RD1LA_1LB0RD	2	2	0	333
1RB1LC_1LA1RC_1RD1LA_1LB1RD	2	2	0	130
1RB1LC_1LA1RC_1RD1LA_1RA0LB	2	2	0	190
1RB1LC_1LA1RC_1RD1LA_1RA0RD	2	2	0	275
1RB1LC_1LA1RD_0LB0LA_0RD1RA	4	2	0	1028
1RB1LC_1LA1RD_0LB0LA_1RD1RA	4	2	0	420
1RB1LC_1LA1RD_0LB0LC_1RD0LA	2	2	0	197
1RB1LC_1LA1RD_0LB0LC_1RD1LA	2	2	0	156
1RB1LC_1LA1RD_0LB0LC_1RD1LC	2	2	0	113
1RB1LC_1LA1RD_0LB0LC_1RD1RA	2	2	0	114
1RB1LC_1LA1RD_0LD0LA_0RB0RC	2	2	0	158
1RB1LC_1LA1RD_0LD0LC_0RB1LC	2	2	0	116
1RB1LC_1LA1RD_0RB0LA_0RB1RB	4	2	0	592
1RB1LC_1LA1RD_0RB0LC_1RD1LC	2	2	0	196
1RB1LC_1LA1RD_0RB0LC_1RD1RA	2	2	0	158
1RB1LC_1LA1RD_0RB1LC_1LC1RB	2	2	0	149
1RB1LC_1LA1RD_0RC0LB_0RD1RB	3	2	0	248
1RB1LC_1LA1RD_0RC0LD_0RB1RB	2	2	0	190
1RB1LC_1LA1RD_0RC0LD_1RD1RB	2	2	0	178
1RB1LC_1LA1RD_0RC1LA_---1RB	2	2	0	132
1RB1LC_1LA1RD_0RC1LD_1RB0LC	2	2	0	195
1RB1LC_1LA1RD_0RD0LA_0RC0LB	2	2	0	154
1RB1LC_1LA1RD_0RD0RA_1RC0LB	4	2	0	392
1RB1LC_1LA1RD_0RD1LA_1LA1RD	2	2	0	123
1RB1LC_1LA1RD_0RD1LA_1LC1RD	2	2	0	119
1RB1LC_1LA1RD_0RD1LC_1LC1RB	2	2	0	149
1RB1LC_1LA1RD_0RD1LD_1RB0LC	2	2	0	151
1RB1LC_1LA1RD_1LA0LA_---0RC	2	2	0	122
1RB1LC_1LA1RD_1LA0LC_0RB1LC	2	2	0	106
1RB1LC_1LA1RD_1LA0LC_1RD0LA	2	2	0	171
1RB1LC_1LA1RD_1LA0LC_1RD0RA	2	2	0	206
1RB1LC_1LA1RD_1LA0LC_1RD0RC	2	2	0	182
1RB1LC_1LA1RD_1LA0LC_1RD1LA	2	2	0	181
1RB1LC_1LA1RD_1LA0LC_1RD1LC	2	2	0	80
1RB1LC_1LA1RD_1LA0LC_1RD1RA	2	2	0	118
1RB1LC_1LA1RD_1LA0RD_0LB1RC	2	2	0	146
1RB1LC_1LA1RD_1LA0RD_0LC1RC	2	2	0	146
1RB1LC_1LA1RD_1LA0RD_0LD1RC	2	2	0	160
1RB1LC_1LA1RD_1LA0RD_1LB1RC	2	2	0	120
1RB1LC_1LA1RD_1LA0RD_1LC1RC	2	2	0	120
1RB1LC_1LA1RD_1LA0RD_1LD1RC	2	2	0	115
1RB1LC_1LA1RD_1LA0RD_1RB1RC	2	2	0	99
1RB1LC_1LA1RD_1LA0RD_1RC1RC	2	2	0	99
1RB1LC_1LA1RD_1LA1LD_1RB0LC	2	2	0	106
1RB1LC_1LA1RD_1LA1RD_1LA0RC	2	2	0	126
1RB1LC_1LA1RD_1LB0LA_0RD1RB	4	2	0	694
1RB1LC_1LA1RD_1LB0LD_---1RB	2	2	0	144
1RB1LC_1LA1RD_1LB0LD_0RB0RC	2	2	0	254
1RB1LC_1LA1RD_1LB0LD_1RD0RC	2	2	0	215
1RB1LC_1LA1RD_1LB1LA_---0RC	2	2	0	145
1RB1LC_1LA1RD_1LB1LA_---1RB	2	2	0	106
1RB1LC_1LA1RD_1LB1LC_---1RB	2	2	0	106
1RB1LC_1LA1RD_1LD0LC_0RB1RA	2	2	0	194
1RB1LC_1LA1RD_1LD0LD_0RD1RB	2	2	0	173
1RB1LC_1LA1RD_1LD1LA_0RD1RB	2	2	0	127
1RB1LC_1LA1RD_1LD1LC_0RD1RB	2	2	0	127
1RB1LC_1LA1RD_1LD1LD_1RB0LC	2	2	0	106
1RB1LC_1LA1RD_1RA1LD_1RB0LC	2	2	0	113
1RB1LC_1LA1RD_1RB0LA_0RB1RB	4	2	0	602
1RB1LC_1LA1RD_1RB0LB_0RB1RB	3	2	0	429
1RB1LC_1LA1RD_1RB0LD_---1RB	2	2	0	166
1RB1LC_1LA1RD_1RB0LD_1RB1LC	2	2	0	118
1RB1LC_1LA1RD_1RB1LA_---1RB	2	2	0	120
1RB1LC_1LA1RD_1RB1LC_---1RB	2	2	0	120
1RB1LC_1LA1RD_1RC1LD_1RB0LC	2	2	0	159
1RB1LC_1LA1RD_1RD0LC_0RB1RA	2	2	0	174
1RB1LC_1LA1RD_1RD0LD_0LD1RB	2	2	0	176
1RB1LC_1LA1RD_1RD1LA_0LA1RD	2	2	0	146
1RB1LC_1LA1RD_1RD1LA_0LC1RD	2	2	0	146
1RB1LC_1LA1RD_1RD1LA_1LC1RD	2	2	0	120
1RB1LC_1LA1RD_1RD1LC_0LC1RB	2	2	0	116
1RB1LC_1LA1RD_1RD1LD_1RB0LC	2	2	0	112
1RB1LC_1LB0LC_0RD1LC_1RA1RD	2	2	0	258
1RB1LC_1LB0LC_1RD0LA_1RA1RC	2	2	0	119
1RB1LC_1LB0LC_1RD0LB_1LA0RD	2	2	0	227
1RB1LC_1LB0LC_1RD0LD_0RA0RB	3	2	0	558
1RB1LC_1LB0LC_1RD0RB_1LA0RD	2	2	0	141
1RB1LC_1LB0LC_1RD1LA_0LA0RA	2	2	0	294
1RB1LC_1LB0LC_1RD1LA_0RC0RA	2	2	0	234
1RB1LC_1LB0LC_1RD1LA_1RB0RA	2	2	0	224
1RB1LC_1LB0LC_1RD1LB_1LA0RD	2	2	0	107
1RB1LC_1LB0LC_1RD1LC_1RA1RD	2	2	0	434
1RB1LC_1LB0LC_1RD1LD_0RB0RA	2	2	0	697
1RB1LC_1LB0RA_0RC1RD_0RB0RD	2	2	0	190
1RB1LC_1LB0RA_0RD0LD_1LA1RD	2	2	0	296
1RB1LC_1LB0RA_0RD0RC_0RB1RC	2	2	0	159
1RB1LC_1LB0RA_0RD0RC_1LB1RC	2	2	0	190
1RB1LC_1LB0RA_1LD---_1RB0LC	2	2	0	80
1RB1LC_1LB0RA_1LD0LD_1LA1RD	2	2	0	166
1RB1LC_1LB0RA_1RA1RD_0RB0RD	2	2	0	109
1RB1LC_1LB0RA_1RA1RD_1LB0RD	2	2	0	213
1RB1LC_1LB0RA_1RC0RD_0RB0RC	2	2	0	99
1RB1LC_1LB0RA_1RC0RD_0RB0RD	2	2	0	99
1RB1LC_1LB0RA_1RC0RD_1LB0RD	2	2	0	193
1RB1LC_1LB0RA_1RC1RD_0RB0RD	2	2	0	204
1RB1LC_1LB0RA_1RD---_0RB0RD	2	2	0	99
1RB1LC_1LB0RA_1RD---_1LB0RD	2	2	0	193
1RB1LC_1LB0RA_1RD0LD_1LA1RD	2	2	0	175
1RB1LC_1LB0RA_1RD0RB_0LC0RD	2	2	0	233
1RB1LC_1LB0RA_1RD0RD_0RB0RC	2	2	0	139
1RB1LC_1LB0RA_1RD1LA_0LA1RD	2	2	0	160
1RB1LC_1LB0RA_1RD1LA_0LC1RD	2	2	0	160
1RB1LC_1LB0RA_1RD1LA_1LA1RD	2	2	0	133
1RB1LC_1LB0RC_1LA1RD_0LA0LB	2	2	0	106
1RB1LC_1LB0RC_1LA1RD_0LA0RC	2	2	0	70
1RB1LC_1LB0RC_1LC1LA_------	2	2	0	215
1RB1LC_1LB0RC_1LC1LD_1RB0RA	2	2	0	259
1RB1LC_1LB0RC_1LD1LA_0RA1LA	2	2	0	227
1RB1LC_1LB0RC_1LD1LA_0RA1RA	2	2	0	239
1RB1LC_1LB0RC_1LD1LA_1LC---	2	2	0	215
1RB1LC_1LB0RC_1LD1LA_1LD1LA	2	2	0	215
1RB1LC_1LB0RC_1LD1LA_1LD1RA	2	2	0	227
1RB1LC_1LB0RC_1LD1LA_1RC---	2	2	0	227
1RB1LC_1LB0RC_1LD1LA_1RD1LA	2	2	0	227
1RB1LC_1LB0RC_1RD0LD_1LA1RD	2	3	0	263
1RB1LC_1LB0RC_1RD1LA_0LA1LA	2	2	0	232
1RB1LC_1LB0RC_1RD1LA_0LA1RD	2	2	0	258
1RB1LC_1LB0RC_1RD1LA_1LA1RD	2	2	0	201
1RB1LC_1LB1LA_0LD0LC_1RD0RB	2	2	0	114
1RB1LC_1LB1LA_0LD0LC_1RD1RA	2	2	0	186
1RB1LC_1LB1LA_0LD0LC_1RD1RB	2	2	0	106
1RB1LC_1LB1LA_0RC1RD_0LB0RD	2	2	0	190
1RB1LC_1LB1LA_0RC1RD_0RB0RD	2	2	0	136
1RB1LC_1LB1LA_0RC1RD_1LB0RD	2	2	0	156
1RB1LC_1LB1LA_0RD0LC_1RD1RA	2	2	0	303
1RB1LC_1LB1LA_0RD0RC_0LB1RC	2	2	0	163
1RB1LC_1LB1LA_0RD0RC_0RB1RC	2	2	0	141
1RB1LC_1LB1LA_0RD0RC_1LB1RC	2	2	0	136
1RB1LC_1LB1LA_0RD1LA_1LA1RD	2	2	0	149
1RB1LC_1LB1LA_0RD1LA_1LC1RD	2	2	0	139
1RB1LC_1LB1LA_0RD1LB_0RA1RD	3	2	0	151
1RB1LC_1LB1LA_0RD1LB_1RA1RD	3	2	0	143
1RB1LC_1LB1LA_0RD1LB_1RB1RD	3	2	0	278
1RB1LC_1LB1LA_1RA1RD_0LB0RD	2	2	0	107
1RB1LC_1LB1LA_1RA1RD_0RB0RD	2	2	0	87
1RB1LC_1LB1LA_1RA1RD_1LB0RD	2	2	0	133
1RB1LC_1LB1LA_1RC0RD_0LB0RC	2	2	0	99
1RB1LC_1LB1LA_1RC0RD_0LB0RD	2	2	0	99
1RB1LC_1LB1LA_1RC0RD_0RB0RC	2	2	0	81
1RB1LC_1LB1LA_1RC0RD_0RB0RD	2	2	0	81
1RB1LC_1LB1LA_1RC0RD_1LB0RD	2	2	0	125
1RB1LC_1LB1LA_1RC1RD_0LB0RD	2	2	0	176
1RB1LC_1LB1LA_1RC1RD_0RB0RD	2	2	0	130
1RB1LC_1LB1LA_1RC1RD_1LB0RD	2	2	0	146
1RB1LC_1LB1LA_1RD---_0LB0RD	2	2	0	99
1RB1LC_1LB1LA_1RD---_0RB0RD	2	2	0	81
1RB1LC_1LB1LA_1RD---_1LB0RD	2	2	0	125
1RB1LC_1LB1LA_1RD0LB_---0RA	3	2	0	570
1RB1LC_1LB1LA_1RD0LB_0LC0RD	2	2	0	227
1RB1LC_1LB1LA_1RD0LC_1RD0RA	2	2	0	188
1RB1LC_1LB1LA_1RD0LC_1RD0RB	2	2	0	204
1RB1LC_1LB1LA_1RD0LC_1RD1RA	2	2	0	344
1RB1LC_1LB1LA_1RD0LC_1RD1RB	2	2	0	188
1RB1LC_1LB1LA_1RD0LD_1LB1RD	3	2	0	348
1RB1LC_1LB1LA_1RD0RB_0LC0RD	2	2	0	141
1RB1LC_1LB1LA_1RD1LA_0LA1RD	2	2	0	82
1RB1LC_1LB1LA_1RD1LA_0LC1RD	2	2	0	93
1RB1LC_1LB1LA_1RD1LB_---0RA	3	2	0	486
1RB1LC_1LB1LA_1RD1LB_0LC0RD	2	2	0	107
1RB1LC_1LB1LA_1RD1LB_0RB1RD	3	2	0	259
1RB1LC_1LB1LA_1RD1LB_1LA1RD	3	2	0	266
1RB1LC_1LB1LA_1RD1LB_1LB1RD	3	2	0	274
1RB1LC_1LB1LA_1RD1LB_1RB1RD	3	2	0	254
1RB1LC_1LB1LC_0LD0LA_1RD0RC	2	2	0	122
1RB1LC_1LB1LC_0LD0LC_1RD1RA	2	2	0	118
1RB1LC_1LB1LC_0RD0LC_1RD1RA	2	2	0	178
1RB1LC_1LB1LC_0RD1LA_1RB1RD	2	2	0	77
1RB1LC_1LB1LC_1LA0RD_---1RC	2	2	0	120
1RB1LC_1LB1LC_1RA1RD_0LB0RD	2	2	0	179
1RB1LC_1LB1LC_1RA1RD_0RB0RD	2	2	0	115
1RB1LC_1LB1LC_1RA1RD_1LB0RD	2	2	0	149
1RB1LC_1LB1LC_1RD0LB_1RA0RD	2	2	0	181
1RB1LC_1LB1LC_1RD0LC_1RC1RA	2	2	0	126
1RB1LC_1LB1LC_1RD0LC_1RD1RA	2	2	0	126
1RB1LC_1LB1LC_1RD1LA_0LC0RD	2	2	0	299
1RB1LC_1LB1LC_1RD1LA_1LA0RD	2	2	0	247
1RB1LC_1LB1LC_1RD1LA_1LB1RD	2	2	0	120
1RB1LC_1LB1LC_1RD1LA_1RA0RD	2	2	0	197
1RB1LC_1LB1LC_1RD1LA_1RA1RD	2	2	0	102
1RB1LC_1LB1LC_1RD1LB_1LA1RD	2	2	0	120
1RB1LC_1LB1RA_---0LD_0RA1LB	2	2	0	113
1RB1LC_1LB1RA_---0LD_0RA1LC	2	2	0	87
1RB1LC_1LB1RA_---0LD_1LA1LB	2	2	0	82
1RB1LC_1LB1RA_---0LD_1LA1LC	2	2	0	64
1RB1LC_1LB1RA_---0RD_1LA0LD	2	2	0	190
1RB1LC_1LB1RA_---1RD_0RB0RD	2	2	0	99
1RB1LC_1LB1RA_---1RD_1LB0RD	2	2	0	193
1RB1LC_1LB1RA_0LA0LD_1RD0RC	2	2	0	462
1RB1LC_1LB1RA_0LA0RD_1RC1LD	2	2	0	139
1RB1LC_1LB1RA_0LB0LD_0RA0RC	2	2	0	139
1RB1LC_1LB1RA_0LB0LD_0RA0RD	2	2	0	165
1RB1LC_1LB1RA_0LB0LD_1LA0RC	2	2	0	100
1RB1LC_1LB1RA_0LB1RD_0RC0RD	2	2	0	208
1RB1LC_1LB1RA_0LD0LC_1RD0LB	2	2	0	136
1RB1LC_1LB1RA_0LD0LC_1RD0RB	2	2	0	509
1RB1LC_1LB1RA_0LD0LC_1RD1LB	2	2	0	98
1RB1LC_1LB1RA_0LD0LC_1RD1RA	2	2	0	72
1RB1LC_1LB1RA_0LD0LC_1RD1RB	2	2	0	128
1RB1LC_1LB1RA_0LD0RA_0RA1LB	2	2	0	149
1RB1LC_1LB1RA_0LD0RA_1LA1LB	2	2	0	106
1RB1LC_1LB1RA_0RB1RD_0LC0RD	2	2	0	213
1RB1LC_1LB1RA_0RB1RD_0RC0RD	2	2	0	132
1RB1LC_1LB1RA_0RD0LC_1RD0LB	2	2	0	202
1RB1LC_1LB1RA_0RD0LC_1RD1RA	2	2	0	104
1RB1LC_1LB1RA_0RD0LC_1RD1RB	2	2	0	184
1RB1LC_1LB1RA_0RD0LD_1LA1RD	2	2	0	163
1RB1LC_1LB1RA_0RD1LA_1LA1RD	2	2	0	161
1RB1LC_1LB1RA_0RD1LA_1LC1RD	2	2	0	153
1RB1LC_1LB1RA_1LB1RD_0RC0RD	2	2	0	99
1RB1LC_1LB1RA_1LB1RD_1LC0RD	2	2	0	193
1RB1LC_1LB1RA_1RB0LD_0RC1LB	2	2	0	113
1RB1LC_1LB1RA_1RB0LD_1LC1LB	2	2	0	82
1RB1LC_1LB1RA_1RD0LC_1RD0LB	2	2	0	150
1RB1LC_1LB1RA_1RD0LC_1RD0RB	2	2	0	173
1RB1LC_1LB1RA_1RD0LC_1RD1LB	2	2	0	192
1RB1LC_1LB1RA_1RD0LC_1RD1RA	2	2	0	134
1RB1LC_1LB1RA_1RD0LC_1RD1RB	2	2	0	140
1RB1LC_1LB1RA_1RD0RA_0RB0RD	2	2	0	109
1RB1LC_1LB1RA_1RD0RA_1LB0RD	2	2	0	213
1RB1LC_1LB1RA_1RD1LA_0LA1RD	2	2	0	92
1RB1LC_1LB1RA_1RD1LA_0LB0RD	2	2	0	117
1RB1LC_1LB1RA_1RD1LA_0LC1RD	2	2	0	103
1RB1LC_1LB1RA_1RD1LA_0RB0RD	2	2	0	93
1RB1LC_1LB1RA_1RD1LA_1LB0RD	2	2	0	143
1RB1LC_1LB1RA_1RD1LC_0LB0RD	2	2	0	181
1RB1LC_1LB1RA_1RD1LC_0RB0RD	2	2	0	117
1RB1LC_1LB1RA_1RD1LC_1LB0RD	2	2	0	149
1RB1LC_1LB1RC_---0RD_1LD0LA	2	2	0	483
1RB1LC_1LB1RC_0LA0RD_1RC1LD	2	2	0	127
1RB1LC_1LB1RC_0RA1RD_1LA0LD	3	2	0	244
1RB1LC_1LB1RC_0RC0RD_0RB0RA	2	2	0	121
1RB1LC_1LB1RC_0RD0RC_1LD1LA	2	2	0	142
1RB1LC_1LB1RC_0RD1LA_1RB1RD	2	2	0	87
1RB1LC_1LB1RC_1LA0RD_0LC1RC	2	2	0	242
1RB1LC_1LB1RC_1LA0RD_0LD1RC	2	2	0	252
1RB1LC_1LB1RC_1LA0RD_1LB0RC	2	2	0	149
1RB1LC_1LB1RC_1LA0RD_1LB1RC	2	2	0	206
1RB1LC_1LB1RC_1LA0RD_1LC1RC	2	2	0	205
1RB1LC_1LB1RC_1LA0RD_1LD1RC	2	2	0	206
1RB1LC_1LB1RC_1LA0RD_1RC1RC	2	2	0	190
1RB1LC_1LB1RC_1LA1RD_1LA0RC	2	2	0	177
1RB1LC_1LB1RC_1LD0RC_0RA0LA	2	2	0	243
1RB1LC_1LB1RC_1LD0RC_0RA0LD	2	2	0	323
1RB1LC_1LB1RC_1LD0RD_1LC0LA	2	2	0	483
1RB1LC_1LB1RC_1RC1RD_1LA0LD	2	2	0	116
1RB1LC_1LB1RC_1RD0LA_0LC1RC	2	2	0	101
1RB1LC_1LB1RC_1RD0LA_1LA1RC	2	2	0	225
1RB1LC_1LB1RC_1RD0LA_1LC1RC	2	2	0	73
1RB1LC_1LB1RC_1RD1LA_0LA0RB	2	2	0	328
1RB1LC_1LB1RC_1RD1LA_0LB0RD	2	2	0	181
1RB1LC_1LB1RC_1RD1LA_0LC0RD	2	2	0	350
1RB1LC_1LB1RC_1RD1LA_0RB0RB	2	2	0	266
1RB1LC_1LB1RC_1RD1LA_0RB0RD	2	2	0	117
1RB1LC_1LB1RC_1RD1LA_1LA0LB	2	2	0	232
1RB1LC_1LB1RC_1RD1LA_1LB0LB	2	2	0	242
1RB1LC_1LB1RC_1RD1LA_1LB0RD	2	2	0	149
1RB1LC_1LB1RC_1RD1LA_1LB1RD	2	2	0	132
1RB1LC_1LB1RC_1RD1LA_1RA0LB	2	2	0	198
1RB1LC_1LB1RC_1RD1LA_1RA0RD	2	2	0	285
1RB1LC_1LB1RC_1RD1LA_1RA1RD	2	2	0	110
1RB1LC_1LC---_0LA0RD_1RC1LD	2	2	0	133
1RB1LC_1LC0LA_0LC1RD_1LB0RB	2	2	0	453
1RB1LC_1LC0LA_0RD1LA_1LA1RD	2	2	0	169
1RB1LC_1LC0LA_0RD1RC_1LD0LB	2	2	0	379
1RB1LC_1LC0LA_1LB0RD_0RB1RD	3	2	0	820
1RB1LC_1LC0LA_1LB1RD_---0RB	2	2	0	399
1RB1LC_1LC0LA_1LB1RD_0RB0LC	2	2	0	545
1RB1LC_1LC0LA_1LD1RC_---1LB	2	2	0	215
1RB1LC_1LC0LA_1RD0LB_1RA0RC	2	2	0	149
1RB1LC_1LC0LA_1RD0LC_0LA0RB	2	2	0	166
1RB1LC_1LC0LA_1RD1LA_1LC1RD	2	2	0	130
1RB1LC_1LC0LB_0RD0LB_1RA1RC	2	2	0	115
1RB1LC_1LC0LB_0RD1LA_0RA1RC	3	2	0	298
1RB1LC_1LC0LB_1RD0LC_0LA0RB	2	2	0	295
1RB1LC_1LC0LB_1RD1LA_1LC1RD	2	2	0	151
1RB1LC_1LC0LB_1RD1LA_1RA1RD	2	2	0	114
1RB1LC_1LC0LC_1LC1RD_1LA0RD	2	2	0	213
1RB1LC_1LC0LC_1RD0LB_0LA0RB	2	2	0	299
1RB1LC_1LC0LC_1RD0LB_1LA0RC	2	2	0	242
1RB1LC_1LC0LC_1RD0LC_0LA0RB	2	2	0	309
1RB1LC_1LC0LD_---1LA_---1RA	2	2	0	230
1RB1LC_1LC0LD_---1LA_1RB1RD	2	2	0	230
1RB1LC_1LC0LD_0RB0LB_1RD0RA	3	2	0	526
1RB1LC_1LC0LD_0RD1LA_1LA1RD	2	2	0	159
1RB1LC_1LC0LD_1RA0LD_1RD0RB	2	2	0	358
1RB1LC_1LC0LD_1RD1LA_1RA0RB	2	2	0	286
1RB1LC_1LC0RA_0LC1LD_0RD1LA	2	2	0	118
1RB1LC_1LC0RA_0LC1LD_1RB0LB	4	2	0	356
1RB1LC_1LC0RA_0LC1LD_1RB1LA	2	2	0	106
1RB1LC_1LC0RA_0LD0LB_1RD0RB	2	2	0	275
1RB1LC_1LC0RA_0RD0LD_1LA0LB	4	2	0	284
1RB1LC_1LC0RA_0RD0LD_1LA1RD	2	2	0	245
1RB1LC_1LC0RA_1LA1RD_0RB0RD	2	2	0	157
1RB1LC_1LC0RA_1LB1RD_1RC0RD	2	2	0	99
1RB1LC_1LC0RA_1LD0LB_1RB1RD	2	2	0	162
1RB1LC_1LC0RA_1LD0LB_1RD0RB	2	2	0	96
1RB1LC_1LC0RA_1LD0LD_1LA1RD	2	2	0	187
1RB1LC_1LC0RA_1LD1LA_1LC1RD	2	2	0	144
1RB1LC_1LC0RA_1RC0LD_1LA1LC	4	2	0	284
1RB1LC_1LC0RA_1RD0LB_1RC1RD	4	2	0	925
1RB1LC_1LC0RA_1RD0LD_1LA0LA	4	2	0	284
1RB1LC_1LC0RA_1RD1LA_0LA1RD	2	2	0	154
1RB1LC_1LC0RA_1RD1LA_0LC1RD	2	2	0	156
1RB1LC_1LC0RA_1RD1LA_1LC1RD	2	2	0	132
1RB1LC_1LC0RB_0LD1LA_1RD1LC	2	2	0	245
1RB1LC_1LC0RB_0LD1LD_1LA1RD	2	2	0	391
1RB1LC_1LC0RB_0RD0LD_1LA1RD	2	2	0	185
1RB1LC_1LC0RB_0RD1LA_1RC1LD	2	2	0	357
1RB1LC_1LC0RB_1LC0LD_1RA0RD	2	2	0	211
1RB1LC_1LC0RB_1LD0LD_0RA0LA	2	2	0	268
1RB1LC_1LC0RB_1LD0LD_0RA0LD	2	2	0	307
1RB1LC_1LC0RB_1LD0LD_0RA1LA	2	2	0	223
1RB1LC_1LC0RB_1LD0LD_0RA1RA	2	2	0	325
1RB1LC_1LC0RB_1LD0LD_0RA1RB	2	2	0	299
1RB1LC_1LC0RB_1LD0RD_0RA1LA	2	2	0	223
1RB1LC_1LC0RB_1LD0RD_1RD1LA	2	2	0	177
1RB1LC_1LC0RB_1LD1LA_0RA0LA	2	2	0	193
1RB1LC_1LC0RB_1LD1LA_0RA0LD	2	2	0	271
1RB1LC_1LC0RB_1LD1LA_0RA0RC	2	2	0	271
1RB1LC_1LC0RB_1LD1LA_0RA1LA	2	2	0	235
1RB1LC_1LC0RB_1LD1LA_0RA1RA	2	2	0	245
1RB1LC_1LC0RB_1LD1LA_0RA1RB	2	2	0	257
1RB1LC_1LC0RB_1LD1LA_1LD1RA	2	2	0	147
1RB1LC_1LC0RB_1LD1LA_1RC---	2	2	0	191
1RB1LC_1LC0RB_1LD1LA_1RD1LA	2	2	0	191
1RB1LC_1LC0RB_1LD1LA_1RD1RA	2	2	0	245
1RB1LC_1LC0RB_1LD1RB_0RA0LA	2	2	0	231
1RB1LC_1LC0RB_1LD1RB_0RA0LD	2	2	0	305
1RB1LC_1LC0RB_1LD1RB_0RA1LA	2	2	0	221
1RB1LC_1LC0RB_1LD1RB_0RA1RA	2	2	0	315
1RB1LC_1LC0RB_1LD1RB_0RA1RB	2	2	0	297
1RB1LC_1LC0RB_1LD1RB_1LC1RA	2	2	0	183
1RB1LC_1LC0RB_1LD1RB_1LD1RA	2	2	0	191
1RB1LC_1LC0RB_1LD1RB_1RD1LA	2	2	0	175
1RB1LC_1LC0RB_1LD1RC_0RA1RB	2	2	0	263
1RB1LC_1LC0RB_1RC1LA_------	2	2	0	247
1RB1LC_1LC0RB_1RD0LC_0RB1LA	2	2	0	247
1RB1LC_1LC0RB_1RD0LC_1LD1LA	2	2	0	217
1RB1LC_1LC0RB_1RD0LD_0RA1LA	2	2	0	327
1RB1LC_1LC0RB_1RD0LD_0RD1LA	2	2	0	343
1RB1LC_1LC0RB_1RD0LD_1RA1LA	2	2	0	279
1RB1LC_1LC0RB_1RD0RD_---1LA	2	2	0	337
1RB1LC_1LC0RB_1RD1LA_---1LA	2	2	0	247
1RB1LC_1LC0RB_1RD1LA_1RC1LD	2	2	0	247
1RB1LC_1LC0RB_1RD1LD_0RD1LA	2	2	0	259
1RB1LC_1LC0RB_1RD1LD_1LA1LA	2	2	0	209
1RB1LC_1LC0RB_1RD1LD_1RB1LA	2	2	0	247
1RB1LC_1LC0RB_1RD1LD_1RC1LA	2	2	0	217
1RB1LC_1LC0RB_1RD1RB_---1LA	2	2	0	317
1RB1LC_1LC0RC_0LD1LA_0LD1RA	2	2	0	238
1RB1LC_1LC0RC_0LD1RC_0RA1LA	3	2	0	463
1RB1LC_1LC0RC_1LD0LC_1RB1RA	2	2	0	291
1RB1LC_1LC0RC_1LD1LA_0LD1RC	2	2	0	238
1RB1LC_1LC0RC_1LD1LA_0RA1LC	2	2	0	228
1RB1LC_1LC0RC_1LD1LA_0RA1RC	2	2	0	238
1RB1LC_1LC0RC_1LD1LA_0RD1LC	2	2	0	228
1RB1LC_1LC0RC_1LD1LA_1LD1LC	2	2	0	218
1RB1LC_1LC0RC_1LD1LA_1LD1RC	2	2	0	228
1RB1LC_1LC0RC_1LD1LA_1RD1RA	2	2	0	190
1RB1LC_1LC0RC_1RD1LA_0LA1RA	2	2	0	194
1RB1LC_1LC0RC_1RD1LA_0LA1RD	2	2	0	252
1RB1LC_1LC0RC_1RD1LA_0LD0LA	2	2	0	242
1RB1LC_1LC0RD_---0LD_1LA1RB	3	2	0	304
1RB1LC_1LC0RD_---1LA_0LA1LA	2	2	0	228
1RB1LC_1LC0RD_---1LA_1RA0LD	2	2	0	174
1RB1LC_1LC0RD_---1LA_1RA1RD	2	2	0	168
1RB1LC_1LC0RD_---1RB_1LD0LA	2	2	0	399
1RB1LC_1LC0RD_0LA1LA_---1RA	4	2	0	340
1RB1LC_1LC0RD_0LB1LA_1RB1RD	2	2	0	247
1RB1LC_1LC0RD_0LB1RC_1LD0LA	2	2	0	269
1RB1LC_1LC0RD_0LC1LA_1LA0RB	4	2	0	747
1RB1LC_1LC0RD_0LC1LD_1RC1LA	3	2	0	499
1RB1LC_1LC0RD_0LD0LC_1LA0LD	2	2	0	314
1RB1LC_1LC0RD_0LD0LC_1LA0RA	2	2	0	335
1RB1LC_1LC0RD_0LD0LC_1LA0RB	3	2	0	1084
1RB1LC_1LC0RD_0LD0LC_1LA1LD	2	2	0	314
1RB1LC_1LC0RD_0LD0LC_1LA1RD	2	2	0	584
1RB1LC_1LC0RD_0LD0LD_1LA0RB	3	2	0	356
1RB1LC_1LC0RD_0LD0RA_1LA0RB	3	2	0	370
1RB1LC_1LC0RD_0LD0RA_1LA1RB	3	2	0	384
1RB1LC_1LC0RD_0LD0RD_1LA0RB	3	2	0	613
1RB1LC_1LC0RD_0LD1LA_1LA0RB	3	2	0	549
1RB1LC_1LC0RD_0RA0LD_1LA0LC	3	2	0	374
1RB1LC_1LC0RD_1LA0LB_1LD1LA	2	2	0	242
1RB1LC_1LC0RD_1LA0LB_1RB0RA	4	2	0	2246
1RB1LC_1LC0RD_1LA0LB_1RB1RA	2	3	0	255
1RB1LC_1LC0RD_1LA0LB_1RB1RD	2	3	0	240
1RB1LC_1LC0RD_1LA0LC_1LA1RB	3	2	0	304
1RB1LC_1LC0RD_1LA0LC_1RD1RB	2	2	0	332
1RB1LC_1LC0RD_1LB1LA_0RC1RD	2	2	0	196
1RB1LC_1LC0RD_1LB1LA_1RA0RD	2	2	0	119
1RB1LC_1LC0RD_1LB1LA_1RB1RD	2	2	0	226
1RB1LC_1LC0RD_1LC1LA_1LA1RD	2	3	0	198
1RB1LC_1LC0RD_1LC1LA_1RA0RD	2	2	0	119
1RB1LC_1LC0RD_1LC1LD_1LA0RC	3	2	0	720
1RB1LC_1LC0RD_1LC1LD_1RC1LA	3	2	0	486
1RB1LC_1LC0RD_1LD0LB_1RB0RA	2	2	0	640
1RB1LC_1LC0RD_1LD1LA_0LA1RD	2	2	0	180
1RB1LC_1LC0RD_1LD1LA_1RC0RB	2	2	0	191
1RB1LC_1LC0RD_1LD1LC_1LA1RD	2	2	0	409
1RB1LC_1LC0RD_1LD1RB_1LC0LA	2	2	0	399
1RB1LC_1LC0RD_1LD1RC_1LA0LD	2	2	0	148
1RB1LC_1LC0RD_1RA0LD_1LA0RB	3	2	0	434
1RB1LC_1LC0RD_1RA1LA_---0LC	2	2	0	174
1RB1LC_1LC0RD_1RC1LA_---0RB	2	2	0	247
1RB1LC_1LC0RD_1RC1LA_0LB0RD	2	2	0	283
1RB1LC_1LC0RD_1RC1LA_0RB0RD	2	2	0	187
1RB1LC_1LC0RD_1RC1LA_0RB1LD	2	2	0	275
1RB1LC_1LC0RD_1RC1LA_1LA1RD	2	3	0	212
1RB1LC_1LC0RD_1RC1LA_1LB0RD	2	2	0	235
1RB1LC_1LC0RD_1RC1LA_1LC0RD	2	2	0	247
1RB1LC_1LC0RD_1RC1LA_1RA0RD	2	2	0	197
1RB1LC_1LC0RD_1RD0LC_0LA0RB	2	3	0	499
1RB1LC_1LC0RD_1RD0LC_1LA1RB	2	2	0	436
1RB1LC_1LC0RD_1RD1LA_0LA1RD	2	2	0	245
1RB1LC_1LC0RD_1RD1LA_0LC1RD	2	2	0	224
1RB1LC_1LC0RD_1RD1LD_1LA0RC	3	2	0	778
1RB1LC_1LC1LA_0LD0LC_1RD0RB	2	2	0	126
1RB1LC_1LC1LA_0RB1RD_0LC0RD	2	2	0	481
1RB1LC_1LC1LA_0RB1RD_0RB0RD	2	2	0	229
1RB1LC_1LC1LA_0RB1RD_0RC0RD	2	2	0	306
1RB1LC_1LC1LA_0RB1RD_1LA0RD	2	2	0	441
1RB1LC_1LC1LA_0RB1RD_1LB0RD	2	2	0	421
1RB1LC_1LC1LA_0RB1RD_1LC0RD	2	2	0	461
1RB1LC_1LC1LA_0RD1LA_1LA1RD	2	2	0	149
1RB1LC_1LC1LA_0RD1LA_1LC1RD	2	2	0	139
1RB1LC_1LC1LA_1LA1RD_0RB0RD	2	2	0	123
1RB1LC_1LC1LA_1LB1RD_1RC0RD	2	2	0	99
1RB1LC_1LC1LA_1LC1RD_1LA0RD	2	2	0	193
1RB1LC_1LC1LA_1RB1RD_0RB0RD	2	2	0	159
1RB1LC_1LC1LA_1RB1RD_1LA0RD	2	2	0	317
1RB1LC_1LC1LA_1RB1RD_1LB0RD	2	2	0	297
1RB1LC_1LC1LA_1RB1RD_1LC0RD	2	2	0	317
1RB1LC_1LC1LA_1RD0LB_0LB0RC	2	2	0	120
1RB1LC_1LC1LA_1RD0LB_1LA0RC	2	2	0	242
1RB1LC_1LC1LA_1RD0LB_1LB0RC	2	2	0	105
1RB1LC_1LC1LA_1RD0LB_1RA0RC	2	2	0	197
1RB1LC_1LC1LA_1RD0LB_1RB0RC	2	2	0	279
1RB1LC_1LC1LA_1RD0LC_0LA0RB	2	2	0	323
1RB1LC_1LC1LA_1RD1LA_0LA1RD	2	2	0	82
1RB1LC_1LC1LA_1RD1LA_0LC1RD	2	2	0	93
1RB1LC_1LC1LB_0LD0LC_1RD0RA	2	2	0	302
1RB1LC_1LC1LB_0RD0LD_1LA1RD	2	2	0	197
1RB1LC_1LC1LB_0RD1LA_0LA1RD	2	2	0	85
1RB1LC_1LC1LB_0RD1LA_1LA1RD	2	2	0	121
1RB1LC_1LC1LB_0RD1LA_1LC1RD	2	2	0	117
1RB1LC_1LC1LB_1RD0LB_1LA0RC	2	2	0	234
1RB1LC_1LC1LB_1RD0LC_0LA0RB	2	2	0	305
1RB1LC_1LC1LB_1RD1LA_0LA1RD	2	2	0	119
1RB1LC_1LC1LB_1RD1LA_0LC1RD	2	2	0	114
1RB1LC_1LC1LB_1RD1LA_1LC1RD	2	2	0	114
1RB1LC_1LC1LB_1RD1RC_0LB0RA	2	2	0	117
1RB1LC_1LC1LB_1RD1RC_1LB0RA	2	2	0	106
1RB1LC_1LC1LC_1LA0RD_---1RC	2	2	0	131
1RB1LC_1LC1LC_1RD0LB_1LA1RC	2	2	0	189
1RB1LC_1LC1LD_---1LA_1LC1RD	2	2	0	132
1RB1LC_1LC1LD_---1LA_1RA1RD	2	2	0	110
1RB1LC_1LC1LD_0LB1LA_0RC1RD	2	2	0	146
1RB1LC_1LC1LD_0RD1LA_1LA1RD	2	2	0	135
1RB1LC_1LC1LD_1LB0RB_1RC0RA	2	2	0	259
1RB1LC_1LC1LD_1LB1RC_---0LA	2	2	0	215
1RB1LC_1LC1LD_1LB1RC_0LA0RB	2	2	0	269
1RB1LC_1LC1LD_1RD0LB_1RA0RC	2	2	0	169
1RB1LC_1LC1LD_1RD1LA_0LA1RD	2	2	0	154
1RB1LC_1LC1LD_1RD1LA_0LC1RD	2	2	0	156
1RB1LC_1LC1RA_---0LD_0RA1LB	2	2	0	103
1RB1LC_1LC1RA_---0LD_1LA1LB	2	2	0	76
1RB1LC_1LC1RA_---0RD_1LA0LD	2	2	0	178
1RB1LC_1LC1RA_0LB0LD_0RA0RD	2	2	0	129
1RB1LC_1LC1RA_0LD0LC_1RD1LB	2	2	0	96
1RB1LC_1LC1RA_0RD0LD_1LA1RD	2	2	0	159
1RB1LC_1LC1RA_0RD1LA_1LA1RD	2	2	0	159
1RB1LC_1LC1RA_0RD1LA_1LC1RD	2	2	0	151
1RB1LC_1LC1RA_1LB1RD_0RC0RD	2	2	0	97
1RB1LC_1LC1RA_1LB1RD_1LB0RD	2	2	0	181
1RB1LC_1LC1RA_1LB1RD_1LC0RD	2	2	0	183
1RB1LC_1LC1RA_1RD0LC_0LA0RB	2	2	0	328
1RB1LC_1LC1RA_1RD0LC_1RD1LB	2	2	0	190
1RB1LC_1LC1RA_1RD1LA_0LA1RD	2	2	0	90
1RB1LC_1LC1RA_1RD1LA_0LC1RD	2	2	0	101
1RB1LC_1LC1RB_---0RD_1LA1LD	2	2	0	178
1RB1LC_1LC1RB_---1LA_------	2	2	0	120
1RB1LC_1LC1RB_---1LD_0RB1LA	3	2	0	477
1RB1LC_1LC1RB_---1LD_1LA0RC	3	2	0	336
1RB1LC_1LC1RB_---1LD_1LA1LA	3	2	0	260
1RB1LC_1LC1RB_---1LD_1RC1LA	3	2	0	274
1RB1LC_1LC1RB_0LB1LD_1RB0RA	2	2	0	212
1RB1LC_1LC1RB_0RB1LD_0RA1LC	2	2	0	157
1RB1LC_1LC1RB_0RD0LD_1LA1RD	2	2	0	173
1RB1LC_1LC1RB_1LC1LD_1RB0RA	2	2	0	166
1RB1LC_1LC1RB_1RA1LD_0RB1LC	2	2	0	147
1RB1LC_1LC1RB_1RB1LD_0RA0LB	2	2	0	178
1RB1LC_1LC1RB_1RB1LD_0RA1LC	2	2	0	132
1RB1LC_1LC1RB_1RD0LB_1LA0RC	2	2	0	128
1RB1LC_1LC1RB_1RD0LC_0LA0RB	2	3	0	481
1RB1LC_1LC1RC_0LD0RA_1RD0RB	2	2	0	390
1RB1LC_1LC1RC_1LA0RD_0LA1RC	2	2	0	224
1RB1LC_1LC1RC_1LA0RD_0LC1RC	2	2	0	233
1RB1LC_1LC1RC_1LA0RD_0LD1RC	2	2	0	241
1RB1LC_1LC1RC_1LA0RD_1LC1RC	2	2	0	206
1RB1LC_1LC1RC_1LA0RD_1LD1RC	2	2	0	224
1RB1LC_1LC1RC_1LA0RD_1RA1RC	2	2	0	201
1RB1LC_1LC1RC_1LA0RD_1RC1RC	2	2	0	212
1RB1LC_1LC1RC_1LA1RD_1LA0RC	2	2	0	176
1RB1LC_1LC1RC_1LD0RD_1LA0RB	3	2	0	469
1RB1LC_1LC1RC_1RC0LD_1LA0RA	3	2	0	304
1RB1LC_1LC1RD_---0LD_1RA0LA	3	2	0	116
1RB1LC_1LC1RD_---1LA_---1RB	2	2	0	120
1RB1LC_1LC1RD_---1LA_1LC1RD	2	2	0	120
1RB1LC_1LC1RD_---1LA_1RA1RD	2	2	0	102
1RB1LC_1LC1RD_---1LA_1RB0LB	2	2	0	174
1RB1LC_1LC1RD_0LA1LA_---0RC	2	2	0	174
1RB1LC_1LC1RD_0LA1RB_0RB---	2	2	0	89
1RB1LC_1LC1RD_0LB1LA_0RC1RD	2	2	0	134
1RB1LC_1LC1RD_0LB1LA_1LA0RB	2	2	0	191
1RB1LC_1LC1RD_0LB1LA_1RA0RB	2	2	0	245
1RB1LC_1LC1RD_0LB1LD_1LA0RB	2	2	0	161
1RB1LC_1LC1RD_0LB1RB_1LA0RB	2	2	0	239
1RB1LC_1LC1RD_0LD0RA_1RD1RB	2	2	0	316
1RB1LC_1LC1RD_0RB1LC_1LA1RB	2	2	0	149
1RB1LC_1LC1RD_0RD1LA_1LA1RD	2	2	0	125
1RB1LC_1LC1RD_0RD1LC_1LA1RB	2	2	0	149
1RB1LC_1LC1RD_1LA0LC_0RD1RB	3	2	0	234
1RB1LC_1LC1RD_1LA0LC_1LD0RB	2	2	0	113
1RB1LC_1LC1RD_1LA0LC_1RD0LA	2	2	0	165
1RB1LC_1LC1RD_1LA0LC_1RD0RA	2	2	0	195
1RB1LC_1LC1RD_1LA0LC_1RD0RB	2	2	0	295
1RB1LC_1LC1RD_1LA0LC_1RD1LA	2	2	0	175
1RB1LC_1LC1RD_1LA0LD_0RD0RB	2	2	0	178
1RB1LC_1LC1RD_1LA0LD_1RD0RB	2	2	0	137
1RB1LC_1LC1RD_1LA0RA_---0RB	2	2	0	149
1RB1LC_1LC1RD_1LA0RA_---1RB	2	2	0	178
1RB1LC_1LC1RD_1LA0RD_---0RB	2	2	0	173
1RB1LC_1LC1RD_1LA0RD_0LA1RC	2	2	0	130
1RB1LC_1LC1RD_1LA0RD_0LC1RC	2	2	0	170
1RB1LC_1LC1RD_1LA0RD_0LD1RC	2	2	0	186
1RB1LC_1LC1RD_1LA0RD_1LC1RC	2	2	0	133
1RB1LC_1LC1RD_1LA0RD_1LD1RC	2	2	0	130
1RB1LC_1LC1RD_1LA0RD_1RA1RC	2	2	0	124
1RB1LC_1LC1RD_1LA0RD_1RC1RC	2	2	0	110
1RB1LC_1LC1RD_1LA1LA_---0RB	2	2	0	137
1RB1LC_1LC1RD_1LA1LB_---0RB	2	2	0	123
1RB1LC_1LC1RD_1LA1LD_1LC0RB	2	2	0	123
1RB1LC_1LC1RD_1LA1RD_---0RB	2	2	0	127
1RB1LC_1LC1RD_1LA1RD_1LA0RC	2	2	0	130
1RB1LC_1LC1RD_1LB1RB_0RB0LA	2	2	0	123
1RB1LC_1LC1RD_1LD1LA_0RB0LC	4	2	0	1839
1RB1LC_1LC1RD_1RA1LA_---0RB	2	2	0	193
1RB1LC_1LC1RD_1RA1LA_---0RC	2	2	0	144
1RB1LC_1LC1RD_1RD1LA_0LA1RD	2	2	0	146
1RB1LC_1LC1RD_1RD1LA_0LC1RD	2	2	0	146
1RB1LC_1LC1RD_1RD1LC_1LA1RB	2	2	0	120
1RB1LC_1RC---_0LA0RD_1RC0RD	2	2	0	171
1RB1LC_1RC---_0LA0RD_1RC1LD	2	2	0	123
1RB1LC_1RC---_0LA1RD_0RA0LA	4	2	0	344
1RB1LC_1RC---_0LC0RD_1LD0LA	2	2	0	345
1RB1LC_1RC---_0RD0LA_1LB0LA	2	2	0	165
1RB1LC_1RC---_0RD0RC_1LD0LA	2	2	0	208
1RB1LC_1RC---_0RD1LA_1LB0LB	2	2	0	211
1RB1LC_1RC---_1LA0RD_0LA1LD	2	2	0	201
1RB1LC_1RC---_1LD0RC_0RA0LD	2	2	0	305
1RB1LC_1RC---_1LD0RD_0RD0LA	3	2	0	304
1RB1LC_1RC---_1LD0RD_1LB0LA	2	2	0	361
1RB1LC_1RC---_1LD1RD_0RD0LA	4	2	0	489
1RB1LC_1RC0LA_0RD0LA_1LA0LA	2	2	0	165
1RB1LC_1RC0LA_0RD1LA_1LA1RD	2	2	0	147
1RB1LC_1RC0LA_1LA1LD_0RB0RD	4	2	0	2002
1RB1LC_1RC0LA_1LA1RD_1RC1LB	2	2	0	161
1RB1LC_1RC0LA_1LD0RB_---1LB	2	2	0	291
1RB1LC_1RC0LA_1LD0RC_0RA1LB	2	2	0	254
1RB1LC_1RC0LA_1LD1RC_---1LB	2	2	0	203
1RB1LC_1RC0LA_1RD1LA_1LC1RD	2	2	0	125
1RB1LC_1RC0LB_0LA0RD_1LB1LD	2	2	0	241
1RB1LC_1RC0LB_0LA1RD_1RD1LB	2	2	0	135
1RB1LC_1RC0LB_1LD0RC_0RA1LB	2	2	0	241
1RB1LC_1RC0LB_1RD1LA_1LC1RD	2	2	0	125
1RB1LC_1RC0LC_1LB0RD_1LC1RA	2	2	0	282
1RB1LC_1RC0LC_1LC1RD_1LA0RD	2	2	0	189
1RB1LC_1RC0LC_1LD1LA_0LB1RD	2	2	0	143
1RB1LC_1RC0LD_0LA0RB_0RB---	2	2	0	157
1RB1LC_1RC0LD_0LA0RB_1LB---	2	2	0	141
1RB1LC_1RC0LD_0RD1LA_1LA1RD	2	2	0	137
1RB1LC_1RC0LD_1LA0LB_1RD0RB	4	2	0	493
1RB1LC_1RC0LD_1LA1RD_1RC1LB	2	2	0	120
1RB1LC_1RC0LD_1LD0RB_1LB0RA	2	2	0	112
1RB1LC_1RC0LD_1LD0RB_1RA0LC	2	2	0	117
1RB1LC_1RC0LD_1LD0RC_0RA0LB	2	2	0	305
1RB1LC_1RC0LD_1LD0RC_0RA1LB	2	2	0	249
1RB1LC_1RC0LD_1RD1LA_1LC1RA	2	2	0	204
1RB1LC_1RC0LD_1RD1LA_1LD1RA	2	2	0	212
1RB1LC_1RC0LD_1RD1RB_1LA1LB	2	2	0	106
1RB1LC_1RC0RA_0LC1LD_0RD1LA	2	2	0	130
1RB1LC_1RC0RA_0LC1LD_1RB1LA	2	2	0	124
1RB1LC_1RC0RA_1LA0LD_1RB0RB	2	2	0	323
1RB1LC_1RC0RA_1LA1RD_1RC0RD	2	2	0	160
1RB1LC_1RC0RA_1LD0LD_1LA1RD	2	2	0	161
1RB1LC_1RC0RA_1LD1LA_1LC1RD	2	2	0	127
1RB1LC_1RC0RA_1RD1LA_0LA1RD	2	2	0	172
1RB1LC_1RC0RA_1RD1LA_0LC1RD	2	2	0	172
1RB1LC_1RC0RA_1RD1LA_1LC1RD	2	2	0	117
1RB1LC_1RC0RB_0LA0RD_0RD1LA	4	2	0	658
1RB1LC_1RC0RB_0LC1LD_1RA1LA	2	2	0	250
1RB1LC_1RC0RB_0LC1LD_1RA1RB	2	2	0	328
1RB1LC_1RC0RB_0LD1LA_1RD1LC	2	2	0	250
1RB1LC_1RC0RB_1LC1LD_1RA1LA	2	2	0	221
1RB1LC_1RC0RB_1LC1LD_1RA1RB	2	2	0	160
1RB1LC_1RC0RB_1LD0LA_1RB1LB	2	3	0	288
1RB1LC_1RC0RB_1LD0LD_1LA1RD	4	2	0	188
1RB1LC_1RC0RB_1LD0LD_1RC1RA	2	2	0	457
1RB1LC_1RC0RB_1LD0RC_0RA1LB	2	2	0	223
1RB1LC_1RC0RB_1LD1LA_0LA0LB	2	2	0	235
1RB1LC_1RC0RB_1LD1LA_0RC0LB	2	2	0	249
1RB1LC_1RC0RB_1LD1LA_1LA0LB	2	2	0	138
1RB1LC_1RC0RB_1LD1LA_1LB1LC	2	2	0	236
1RB1LC_1RC0RB_1LD1LA_1LC1RD	2	2	0	128
1RB1LC_1RC0RB_1LD1LA_1RA0LB	2	2	0	144
1RB1LC_1RC0RB_1LD1LA_1RB0LB	2	2	0	241
1RB1LC_1RC0RB_1RD0LC_1LD1LA	2	2	0	199
1RB1LC_1RC0RB_1RD0RD_0LD1LA	2	2	0	180
1RB1LC_1RC0RB_1RD0RD_1LD1LA	2	2	0	213
1RB1LC_1RC0RB_1RD1LA_0LC1LA	2	2	0	231
1RB1LC_1RC0RB_1RD1LA_0LC1RA	2	2	0	327
1RB1LC_1RC0RB_1RD1LA_0LD1LA	2	2	0	231
1RB1LC_1RC0RB_1RD1LA_1LC1LA	2	2	0	192
1RB1LC_1RC0RB_1RD1LA_1LC1LD	2	2	0	156
1RB1LC_1RC0RB_1RD1LA_1LC1RA	2	2	0	264
1RB1LC_1RC0RB_1RD1LA_1LD1LA	2	2	0	192
1RB1LC_1RC0RB_1RD1LA_1LD1RA	2	2	0	272
1RB1LC_1RC0RB_1RD1RB_0LD1LA	2	2	0	170
1RB1LC_1RC0RB_1RD1RB_1LD1LA	2	2	0	205
1RB1LC_1RC0RC_0LA1RD_1LB0RB	4	2	0	644
1RB1LC_1RC0RC_0LD0LA_0RA1LD	2	2	0	652
1RB1LC_1RC0RC_0LD0LA_1RA1LA	2	2	0	127
1RB1LC_1RC0RC_0LD1RC_0RA1LA	3	2	0	449
1RB1LC_1RC0RC_0RD0RC_1LD1LA	2	2	0	119
1RB1LC_1RC0RC_1LA1LD_0LC0LD	2	2	0	313
1RB1LC_1RC0RC_1LA1RD_0LA0LB	2	2	0	144
1RB1LC_1RC0RC_1LA1RD_0LA0RC	2	2	0	88
1RB1LC_1RC0RC_1LA1RD_0LD0LC	2	2	0	402
1RB1LC_1RC0RC_1LA1RD_1LA0LD	2	2	0	295
1RB1LC_1RC0RC_1LD0LC_1RB1RA	2	2	0	283
1RB1LC_1RC0RC_1LD0RB_0LA0LB	2	2	0	337
1RB1LC_1RC0RC_1LD0RC_0RA1RB	2	2	0	279
1RB1LC_1RC0RC_1LD1LA_1LC1LC	2	2	0	211
1RB1LC_1RC0RC_1LD1LA_1LC1RC	2	2	0	213
1RB1LC_1RC0RC_1LD1LA_1RC1LC	2	2	0	221
1RB1LC_1RC0RC_1LD1LA_1RC1RC	2	2	0	223
1RB1LC_1RC0RC_1LD1RB_1RB0LA	3	2	0	640
1RB1LC_1RC0RC_1RD0LA_0LA1LB	2	2	0	201
1RB1LC_1RC0RC_1RD0LA_1LD1LB	2	2	0	231
1RB1LC_1RC0RC_1RD1LA_0LA1RD	2	2	0	250
1RB1LC_1RC0RC_1RD1LA_0LD0LA	2	2	0	261
1RB1LC_1RC0RD_0LA0LB_1LA1RD	2	2	0	433
1RB1LC_1RC0RD_0LA0LB_1RD0RB	4	2	0	683
1RB1LC_1RC0RD_0LA0LD_1LA1RB	3	2	0	324
1RB1LC_1RC0RD_0LA0RB_0LB---	2	2	0	157
1RB1LC_1RC0RD_0LA0RB_1LB---	2	2	0	245
1RB1LC_1RC0RD_0LA0RB_1RC---	2	2	0	171
1RB1LC_1RC0RD_0LA1LA_---1RA	4	2	0	366
1RB1LC_1RC0RD_0LB0RD_1LD0LA	2	2	0	345
1RB1LC_1RC0RD_0LB1LA_1LD1LA	2	2	0	213
1RB1LC_1RC0RD_0LB1LA_1LD1RA	2	2	0	292
1RB1LC_1RC0RD_0LB1RC_1LD0LA	2	2	0	257
1RB1LC_1RC0RD_0LC1LD_1LB1LA	3	2	0	855
1RB1LC_1RC0RD_0LC1LD_1RC1LA	3	2	0	497
1RB1LC_1RC0RD_0LC1RD_1LA0LD	2	2	0	285
1RB1LC_1RC0RD_0LD0LC_1LA0LA	2	2	0	272
1RB1LC_1RC0RD_0LD0LC_1LA0RC	2	2	0	304
1RB1LC_1RC0RD_0LD0LC_1LA1LD	2	2	0	319
1RB1LC_1RC0RD_0LD0LC_1LA1RD	2	2	0	342
1RB1LC_1RC0RD_1LA0LB_1LD0RA	2	2	0	313
1RB1LC_1RC0RD_1LA0LB_1LD1LA	2	2	0	235
1RB1LC_1RC0RD_1LA0LC_1LA0LB	2	2	0	307
1RB1LC_1RC0RD_1LA0LC_1RD0LA	2	2	0	424
1RB1LC_1RC0RD_1LA1LC_---1RB	2	2	0	68
1RB1LC_1RC0RD_1LA1LD_1LA1RB	2	2	0	68
1RB1LC_1RC0RD_1LA1RD_1LA0LD	2	2	0	283
1RB1LC_1RC0RD_1LB1LA_0RC1RD	2	2	0	161
1RB1LC_1RC0RD_1LB1LA_1LC0RD	2	2	0	167
1RB1LC_1RC0RD_1LB1RD_1LA0LD	2	2	0	273
1RB1LC_1RC0RD_1LC1LD_0LA1LA	3	2	0	449
1RB1LC_1RC0RD_1LC1LD_1LA0RC	3	2	0	705
1RB1LC_1RC0RD_1LC1LD_1LB1LA	3	2	0	838
1RB1LC_1RC0RD_1LC1LD_1RC1LA	3	2	0	449
1RB1LC_1RC0RD_1LD0RC_0RA1LB	2	2	0	219
1RB1LC_1RC0RD_1LD0RD_1LA0LA	2	2	0	361
1RB1LC_1RC0RD_1LD1LA_0LA1RD	2	2	0	139
1RB1LC_1RC0RD_1LD1LC_1LA1RD	2	2	0	431
1RB1LC_1RC0RD_1LD1RC_1LA0LD	2	2	0	146
1RB1LC_1RC0RD_1LD1RD_1LA0LD	2	2	0	281
1RB1LC_1RC0RD_1RD0LA_0LA0LB	2	2	0	201
1RB1LC_1RC0RD_1RD0RA_1LA0LD	2	2	0	281
1RB1LC_1RC0RD_1RD1LA_0LA1RD	2	2	0	244
1RB1LC_1RC0RD_1RD1LA_0LC1RD	2	2	0	273
1RB1LC_1RC0RD_1RD1LA_1LA0LB	2	2	0	247
1RB1LC_1RC0RD_1RD1LA_1LB1LA	2	2	0	206
1RB1LC_1RC0RD_1RD1LC_1LA0LB	2	2	0	247
1RB1LC_1RC0RD_1RD1LD_0LA1LA	3	2	0	456
1RB1LC_1RC0RD_1RD1LD_1LB1LA	3	2	0	849
1RB1LC_1RC0RD_1RD1RD_1LA0LD	2	2	0	269
1RB1LC_1RC1LA_0LD0RB_1LB1LC	2	2	0	178
1RB1LC_1RC1LA_0RD1LA_1LA1RD	2	2	0	127
1RB1LC_1RC1LA_0RD1LA_1LC1RD	2	2	0	135
1RB1LC_1RC1LA_1LA0LD_1RB0RB	2	2	0	277
1RB1LC_1RC1LA_1LA1RD_0RC0RD	2	2	0	136
1RB1LC_1RC1LA_1LA1RD_1RC0RD	2	2	0	128
1RB1LC_1RC1LA_1LC1RD_1LA0RD	2	2	0	171
1RB1LC_1RC1LA_1LC1RD_1LB0RD	2	2	0	96
1RB1LC_1RC1LA_1RD1LA_0LA1RD	2	2	0	103
1RB1LC_1RC1LA_1RD1LA_0LC1RD	2	2	0	92
1RB1LC_1RC1LB_0LB1RD_0LA1RC	2	2	0	160
1RB1LC_1RC1LB_0RD0LD_1LA1RD	2	2	0	201
1RB1LC_1RC1LB_0RD0RC_1LD1LA	2	2	0	71
1RB1LC_1RC1LB_0RD1LA_1LA1RD	2	2	0	131
1RB1LC_1RC1LB_0RD1LA_1LC1RD	2	2	0	139
1RB1LC_1RC1LB_1LA1RD_0LB0RB	2	2	0	222
1RB1LC_1RC1LB_1LA1RD_0LB1RC	2	2	0	158
1RB1LC_1RC1LB_1LA1RD_1LA0RC	2	2	0	277
1RB1LC_1RC1LB_1LA1RD_1LB0RB	2	2	0	192
1RB1LC_1RC1LB_1LB1RD_0LA1RC	2	2	0	139
1RB1LC_1RC1LB_1LD0RC_0RA0RB	2	2	0	297
1RB1LC_1RC1LB_1LD0RC_0RA1LB	2	2	0	229
1RB1LC_1RC1LB_1LD0RC_0RA1RB	2	2	0	239
1RB1LC_1RC1LB_1RD1LA_0LA1RD	2	2	0	147
1RB1LC_1RC1LB_1RD1LA_0LC1RD	2	2	0	137
1RB1LC_1RC1LB_1RD1LA_1LC1RD	2	2	0	119
1RB1LC_1RC1LC_0LB0RD_0LA1LD	2	2	0	219
1RB1LC_1RC1LC_0RD0RA_1LD0LB	2	2	0	367
1RB1LC_1RC1LC_1LB0RD_1RA0LC	2	2	0	185
1RB1LC_1RC1LC_1RD0LA_0LB0RD	2	2	0	155
1RB1LC_1RC1LC_1RD0LA_0LB1RC	2	2	0	109
1RB1LC_1RC1LC_1RD0LB_1LA1RC	2	2	0	210
1RB1LC_1RC1LC_1RD1LA_0LB0RD	2	2	0	232
1RB1LC_1RC1LC_1RD1LA_1LA0RD	2	2	0	209
1RB1LC_1RC1LC_1RD1LA_1LB1RD	2	2	0	109
1RB1LC_1RC1LD_0LA0RB_0LA---	2	2	0	137
1RB1LC_1RC1LD_0LA0RB_0LB---	2	2	0	125
1RB1LC_1RC1LD_0LA0RB_0RA---	2	2	0	147
1RB1LC_1RC1LD_0LA0RB_0RC---	2	2	0	181
1RB1LC_1RC1LD_0LA0RB_0RD0RB	2	2	0	181
1RB1LC_1RC1LD_0LA0RB_0RD1LB	2	2	0	129
1RB1LC_1RC1LD_0LA0RB_0RD1LC	2	2	0	147
1RB1LC_1RC1LD_0LA0RB_0RD1RC	2	2	0	157
1RB1LC_1RC1LD_0LA0RB_1RB0LA	2	2	0	147
1RB1LC_1RC1LD_0LA0RB_1RB0LB	2	2	0	133
1RB1LC_1RC1LD_0LA0RB_1RB0LD	2	2	0	147
1RB1LC_1RC1LD_0LA0RB_1RB0RA	2	2	0	157
1RB1LC_1RC1LD_0LA0RB_1RB0RC	2	2	0	191
1RB1LC_1RC1LD_0LA0RB_1RB1RC	2	2	0	129
1RB1LC_1RC1LD_0LA0RB_1RC---	2	2	0	123
1RB1LC_1RC1LD_0LA0RB_1RD0LC	2	2	0	167
1RB1LC_1RC1LD_0LA0RB_1RD0RB	2	2	0	123
1RB1LC_1RC1LD_0LA1RB_---0LB	2	2	0	117
1RB1LC_1RC1LD_0LB1RB_---0LA	2	2	0	161
1RB1LC_1RC1LD_0LB1RC_1RA1LB	2	2	0	156
1RB1LC_1RC1LD_0LD0RC_0RB1LA	2	2	0	269
1RB1LC_1RC1LD_0LD1RC_0RA1LB	2	2	0	100
1RB1LC_1RC1LD_0LD1RC_1RA1LB	2	2	0	156
1RB1LC_1RC1LD_0RD1LA_1LA1RD	2	2	0	118
1RB1LC_1RC1LD_0RD1LA_1LC1RD	2	2	0	126
1RB1LC_1RC1LD_1LA0RD_0RB1LB	2	2	0	192
1RB1LC_1RC1LD_1LA1RD_1LB0RC	2	2	0	204
1RB1LC_1RC1LD_1LB0RD_---0LA	2	2	0	291
1RB1LC_1RC1LD_1LB1LA_1LC1RD	2	2	0	121
1RB1LC_1RC1LD_1LB1RC_---0RA	2	2	0	173
1RB1LC_1RC1LD_1LD1LA_1LC1RD	2	2	0	119
1RB1LC_1RC1LD_1LD1RC_1RA1LB	2	2	0	129
1RB1LC_1RC1LD_1RD1LA_0LA1RD	2	2	0	172
1RB1LC_1RC1LD_1RD1LA_0LC1RD	2	2	0	172
1RB1LC_1RC1LD_1RD1LA_1LC1RD	2	2	0	117
1RB1LC_1RC1LD_1RD1RB_0LA0LB	2	2	0	63
1RB1LC_1RC1LD_1RD1RB_0LD0LA	2	2	0	178
1RB1LC_1RC1LD_1RD1RB_1LC0LA	2	2	0	135
1RB1LC_1RC1LD_1RD1RB_1LD0LA	2	2	0	127
1RB1LC_1RC1RA_0LA0LD_0RA1LB	2	2	0	106
1RB1LC_1RC1RA_0LA0LD_1LA1LB	2	2	0	90
1RB1LC_1RC1RA_0LD0LA_0RA0LA	2	2	0	143
1RB1LC_1RC1RA_0LD0LA_0RA1LA	2	2	0	153
1RB1LC_1RC1RA_0LD0LA_0RD1LA	2	2	0	165
1RB1LC_1RC1RA_0LD0LA_1LA0LA	2	2	0	118
1RB1LC_1RC1RA_0LD0LA_1LA0RC	2	2	0	120
1RB1LC_1RC1RA_0LD0LA_1LA1LA	2	2	0	116
1RB1LC_1RC1RA_0LD0LA_1RC1LA	2	2	0	126
1RB1LC_1RC1RA_0LD0LC_1RD1LB	2	2	0	100
1RB1LC_1RC1RA_0LD0LD_0RA1LB	2	2	0	114
1RB1LC_1RC1RA_0LD0LD_1LA1LB	2	2	0	96
1RB1LC_1RC1RA_0RD0LA_0LD1LA	2	2	0	164
1RB1LC_1RC1RA_0RD0LA_1LB0RA	2	2	0	141
1RB1LC_1RC1RA_0RD0LA_1LB1LA	2	2	0	126
1RB1LC_1RC1RA_0RD0LA_1LD1LA	2	2	0	291
1RB1LC_1RC1RA_0RD0RC_1LD0LB	2	2	0	95
1RB1LC_1RC1RA_0RD0RC_1LD1LA	2	2	0	127
1RB1LC_1RC1RA_0RD0RC_1LD1RB	2	2	0	87
1RB1LC_1RC1RA_0RD1LA_1LC1RD	2	2	0	145
1RB1LC_1RC1RA_1LA1RD_1LA0RC	2	2	0	121
1RB1LC_1RC1RA_1RD0LA_0LA0RA	2	2	0	441
1RB1LC_1RC1RA_1RD0LA_0LA1RA	2	2	0	110
1RB1LC_1RC1RA_1RD0LA_1LA0RA	2	2	0	181
1RB1LC_1RC1RA_1RD0LA_1LA1RA	2	2	0	104
1RB1LC_1RC1RA_1RD1LA_0LA1RD	2	2	0	111
1RB1LC_1RC1RA_1RD1LA_0LC1RD	2	2	0	100
1RB1LC_1RC1RB_0LA0LD_1RB1LD	2	2	0	177
1RB1LC_1RC1RB_0LC1LD_0RB1LA	3	2	0	510
1RB1LC_1RC1RB_0LC1LD_1LA0RC	3	2	0	337
1RB1LC_1RC1RB_0LC1LD_1LA1LA	3	2	0	261
1RB1LC_1RC1RB_0LC1LD_1LB1LA	3	2	0	470
1RB1LC_1RC1RB_0LC1LD_1RC1LA	3	2	0	273
1RB1LC_1RC1RB_0LD1LA_---1LC	2	2	0	136
1RB1LC_1RC1RB_0LD1LA_0LA1RD	2	2	0	148
1RB1LC_1RC1RB_0LD1LA_1LC0RC	2	2	0	148
1RB1LC_1RC1RB_0LD1LA_1RD0LA	2	2	0	113
1RB1LC_1RC1RB_0LD1LD_1RA1LA	3	2	0	269
1RB1LC_1RC1RB_0RD1LA_0LD1LC	2	2	0	143
1RB1LC_1RC1RB_0RD1LA_1LD0LA	2	2	0	274
1RB1LC_1RC1RB_0RD1LA_1LD1LC	2	2	0	110
1RB1LC_1RC1RB_0RD1LA_1LD1RC	2	2	0	118
1RB1LC_1RC1RB_1LA0LD_0RB1LD	2	2	0	852
1RB1LC_1RC1RB_1LA0LD_1RB1LD	2	2	0	620
1RB1LC_1RC1RB_1LC1LD_---1LA	3	2	0	239
1RB1LC_1RC1RB_1LC1LD_1LA0RC	3	2	0	319
1RB1LC_1RC1RB_1LD0RB_1RA0LC	2	2	0	119
1RB1LC_1RC1RB_1LD0RC_0RA0LB	2	2	0	297
1RB1LC_1RC1RB_1LD1LA_0LA0LA	2	2	0	245
1RB1LC_1RC1RB_1LD1LA_0LA0LC	2	2	0	150
1RB1LC_1RC1RB_1LD1LA_0LB0LA	2	2	0	322
1RB1LC_1RC1RB_1LD1LA_0RB0LA	2	2	0	337
1RB1LC_1RC1RB_1LD1LA_0RB0LC	2	2	0	278
1RB1LC_1RC1RB_1LD1LA_0RC0LA	2	2	0	249
1RB1LC_1RC1RB_1LD1LA_0RC0LC	2	2	0	158
1RB1LC_1RC1RB_1LD1LA_0RD0LA	2	2	0	313
1RB1LC_1RC1RB_1LD1LA_1LA0LA	2	2	0	282
1RB1LC_1RC1RB_1LD1LA_1LA0LC	2	2	0	239
1RB1LC_1RC1RB_1LD1LA_1LC0RD	2	2	0	118
1RB1LC_1RC1RB_1LD1LA_1LC1RD	2	2	0	118
1RB1LC_1RC1RB_1LD1LA_1RA0LA	2	2	0	289
1RB1LC_1RC1RB_1LD1LA_1RA0LC	2	2	0	245
1RB1LC_1RC1RB_1LD1LA_1RB0LA	2	2	0	245
1RB1LC_1RC1RB_1LD1LA_1RB0LC	2	2	0	150
1RB1LC_1RC1RB_1LD1LC_0RB0LA	2	2	0	288
1RB1LC_1RC1RB_1LD1LC_1RB0LA	2	2	0	129
1RB1LC_1RC1RB_1RD0LA_0LA0LB	2	2	0	155
1RB1LC_1RC1RB_1RD0LA_1LD0LB	2	2	0	175
1RB1LC_1RC1RB_1RD1LA_0LA1RD	2	2	0	142
1RB1LC_1RC1RB_1RD1LA_0LC1RD	2	2	0	130
1RB1LC_1RC1RB_1RD1LA_0LD0LA	2	2	0	143
1RB1LC_1RC1RB_1RD1LA_1LA0LD	3	2	0	624
1RB1LC_1RC1RB_1RD1LA_1LC---	2	2	0	110
1RB1LC_1RC1RB_1RD1LA_1LD1LA	2	2	0	110
1RB1LC_1RC1RB_1RD1LA_1LD1RA	2	2	0	118
1RB1LC_1RC1RB_1RD1LD_0LA1LA	3	2	0	246
1RB1LC_1RC1RC_0RD0LA_1LB1LA	2	2	0	165
1RB1LC_1RC1RC_0RD0RC_1LD1LA	2	2	0	142
1RB1LC_1RC1RC_1LA0RD_0LC1RC	2	2	0	237
1RB1LC_1RC1RC_1LA0RD_0LD1RC	2	2	0	247
1RB1LC_1RC1RC_1LA0RD_1LC1RC	2	2	0	216
1RB1LC_1RC1RC_1LA0RD_1LD1RC	2	2	0	217
1RB1LC_1RC1RC_1LA0RD_1RC1RC	2	2	0	201
1RB1LC_1RC1RC_1LA1RD_0RD0LA	4	2	0	537
1RB1LC_1RC1RC_1LA1RD_1LA0RC	2	2	0	175
1RB1LC_1RC1RC_1LD0RC_0RA1LB	2	2	0	217
1RB1LC_1RC1RC_1RD0LA_0LA1RA	2	2	0	117
1RB1LC_1RC1RC_1RD0LA_1LB1RA	2	2	0	125
1RB1LC_1RC1RC_1RD0LA_1LB1RC	2	2	0	119
1RB1LC_1RC1RC_1RD1LA_1LA0LB	2	2	0	201
1RB1LC_1RC1RC_1RD1LA_1LB0LB	2	2	0	211
1RB1LC_1RC1RC_1RD1LA_1LB1RD	2	2	0	119
1RB1LC_1RC1RD_0LA0LB_0RD0RC	4	2	0	666
1RB1LC_1RC1RD_0LA0LB_0RD1RB	4	2	0	582
1RB1LC_1RC1RD_0LA0RB_0LA---	2	2	0	147
1RB1LC_1RC1RD_0LA0RB_0LC---	2	2	0	181
1RB1LC_1RC1RD_0LA0RB_0LD0RB	2	2	0	181
1RB1LC_1RC1RD_0LA0RB_0LD1LB	2	2	0	129
1RB1LC_1RC1RD_0LA0RB_0LD1LC	2	2	0	147
1RB1LC_1RC1RD_0LA0RB_0LD1RC	2	2	0	157
1RB1LC_1RC1RD_0LA0RB_0RB---	2	2	0	201
1RB1LC_1RC1RD_0LA0RB_1LA0LC	4	2	0	3372
1RB1LC_1RC1RD_0LA0RB_1LA0RA	4	2	0	1289
1RB1LC_1RC1RD_0LA0RB_1LA0RB	2	2	0	170
1RB1LC_1RC1RD_0LA0RB_1LA1RB	4	2	0	1820
1RB1LC_1RC1RD_0LA0RB_1LB0LA	2	2	0	157
1RB1LC_1RC1RD_0LA0RB_1LB0LC	2	2	0	191
1RB1LC_1RC1RD_0LA0RB_1LB0LD	2	2	0	157
1RB1LC_1RC1RD_0LA0RB_1LB0RB	2	2	0	245
1RB1LC_1RC1RD_0LA0RB_1LB0RD	2	2	0	401
1RB1LC_1RC1RD_0LA0RB_1LD1RC	2	2	0	245
1RB1LC_1RC1RD_0LA1LA_---0RC	2	2	0	190
1RB1LC_1RC1RD_0LA1LA_---1RB	2	2	0	136
1RB1LC_1RC1RD_0LA1LD_1LC0RB	2	2	0	108
1RB1LC_1RC1RD_0LA1RD_1LD0RB	4	2	0	644
1RB1LC_1RC1RD_0LD---_0RA0LA	3	2	0	245
1RB1LC_1RC1RD_0RD1LA_1LA1RD	2	2	0	108
1RB1LC_1RC1RD_0RD1LA_1LC1RD	2	2	0	116
1RB1LC_1RC1RD_1LA0LC_1RD0LA	2	2	0	167
1RB1LC_1RC1RD_1LA0LC_1RD0RA	2	2	0	195
1RB1LC_1RC1RD_1LA0LC_1RD0RC	2	2	0	176
1RB1LC_1RC1RD_1LA0LC_1RD1LA	2	2	0	177
1RB1LC_1RC1RD_1LA0LC_1RD1LC	2	2	0	90
1RB1LC_1RC1RD_1LA0LC_1RD1RA	2	2	0	203
1RB1LC_1RC1RD_1LA0RD_0LC1RC	2	2	0	174
1RB1LC_1RC1RD_1LA0RD_0LD1RC	2	2	0	192
1RB1LC_1RC1RD_1LA0RD_1LC1RC	2	2	0	125
1RB1LC_1RC1RD_1LA0RD_1LD1RC	2	2	0	140
1RB1LC_1RC1RD_1LA0RD_1RC1RC	2	2	0	120
1RB1LC_1RC1RD_1LA1LC_---0RB	2	2	0	78
1RB1LC_1RC1RD_1LA1LC_---1RB	2	2	0	68
1RB1LC_1RC1RD_1LA1LD_0LB0RB	2	2	0	79
1RB1LC_1RC1RD_1LA1LD_0LB0RD	2	3	0	164
1RB1LC_1RC1RD_1LA1LD_1LC0RB	2	2	0	195
1RB1LC_1RC1RD_1LA1LD_1RB0LC	2	2	0	208
1RB1LC_1RC1RD_1LA1RB_---0RB	2	2	0	96
1RB1LC_1RC1RD_1LA1RD_1LA0RC	2	2	0	117
1RB1LC_1RC1RD_1LB1LA_0RC0RD	2	2	0	118
1RB1LC_1RC1RD_1LB1LA_1LC1RD	2	2	0	111
1RB1LC_1RC1RD_1LD0LB_0RD0LA	3	2	0	366
1RB1LC_1RC1RD_1LD0RB_1RA0LC	2	2	0	91
1RB1LC_1RC1RD_1LD1LA_1LC1RB	2	2	0	118
1RB1LC_1RC1RD_1LD1LA_1LC1RD	2	2	0	111
1RB1LC_1RC1RD_1RD0LA_1LA0RD	2	2	0	164
1RB1LC_1RC1RD_1RD1LA_0LA1RD	2	2	0	164
1RB1LC_1RC1RD_1RD1LA_0LC1RD	2	2	0	164
1RB1LC_1RC1RD_1RD1LA_1LC1RD	2	2	0	109
1RB1LD_0LB0LC_1LA1RC_0RC1LA	2	2	0	163
1RB1LD_0LB0LC_1RD1LB_1RA1RD	2	2	0	174
1RB1LD_0LB0RC_0LD1RB_1LA---	2	2	0	80
1RB1LD_0LB0RC_0LD1RC_1RC1LA	2	2	0	287
1RB1LD_0LB0RC_1LD1RD_1LA0LB	3	2	0	912
1RB1LD_0LB0RC_1RD1LA_0LD1LC	3	2	0	501
1RB1LD_0LB0RC_1RD1LA_1LD1LC	3	2	0	453
1RB1LD_0LB0RC_1RD1RB_1LA---	2	2	0	64
1RB1LD_0LB1LC_0LD1RC_1RC1LA	2	2	0	221
1RB1LD_0LB1LC_0RD0LA_1LB1RD	2	2	0	255
1RB1LD_0LB1LC_0RD0LB_1RA1RD	2	2	0	101
1RB1LD_0LB1LC_1LA1RC_0RC1LA	2	2	0	128
1RB1LD_0LB1LC_1LA1RD_1RC0LA	2	2	0	213
1RB1LD_0LB1LC_1LD0LB_1RA1RD	2	2	0	80
1RB1LD_0LB1LC_1LD1LB_1RA1RD	2	2	0	72
1RB1LD_0LB1LC_1LD1RC_0RC1LA	2	2	0	138
1RB1LD_0LB1LC_1LD1RC_1RC1LA	2	2	0	121
1RB1LD_0LB1LC_1RA1LB_1LC1RD	2	2	0	126
1RB1LD_0LB1LC_1RA1LB_1RB1RD	2	2	0	140
1RB1LD_0LB1LC_1RA1LB_1RC1RD	2	2	0	118
1RB1LD_0LB1LC_1RA1RC_0LC0LD	2	2	0	151
1RB1LD_0LB1LC_1RA1RC_1LA0LD	2	2	0	143
1RB1LD_0LB1LC_1RC1RA_0LC0LD	2	2	0	144
1RB1LD_0LB1LC_1RC1RA_0RC0LD	2	2	0	217
1RB1LD_0LB1LC_1RC1RA_1RC0LD	2	2	0	155
1RB1LD_0LB1LC_1RD0RA_0LB1RC	2	2	0	166
1RB1LD_0LB1RC_0LA1RC_1RC1LA	2	2	0	174
1RB1LD_0LB1RC_0LA1RD_1RC0LB	2	2	0	168
1RB1LD_0LB1RC_0LC1RD_1LA0RC	2	2	0	164
1RB1LD_0LB1RC_0LD1RC_1RC1LA	2	2	0	174
1RB1LD_0LB1RC_0LD1RD_1LA0RC	2	2	0	178
1RB1LD_0LB1RC_1LA0RC_0RB1LB	4	2	0	489
1RB1LD_0LB1RC_1LA0RC_1RC0LB	3	2	0	353
1RB1LD_0LB1RC_1LA0RC_1RC1LB	4	2	0	524
1RB1LD_0LB1RC_1LA0RC_1RD1LB	4	2	0	548
1RB1LD_0LB1RC_1LA0RD_1LA1RC	2	2	0	128
1RB1LD_0LB1RC_1LA1RB_1LC0LB	2	2	0	152
1RB1LD_0LB1RC_1LA1RB_1RB0LB	2	2	0	178
1RB1LD_0LB1RC_1LA1RB_1RC0LB	2	2	0	168
1RB1LD_0LB1RC_1LA1RC_0RC1LA	2	2	0	125
1RB1LD_0LB1RC_1LA1RC_1LC0LB	2	2	0	146
1RB1LD_0LB1RC_1LA1RC_1RB0LB	2	2	0	168
1RB1LD_0LB1RC_1LA1RC_1RC0LB	2	2	0	168
1RB1LD_0LB1RC_1LC1RD_1LA0RC	2	2	0	120
1RB1LD_0LB1RC_1LD1RB_---1LA	2	2	0	132
1RB1LD_0LB1RC_1LD1RC_---1LA	2	2	0	122
1RB1LD_0LB1RC_1LD1RD_1LA0RC	2	2	0	135
1RB1LD_0LB1RC_1RD0RC_0LA0RC	2	2	0	181
1RB1LD_0LB1RC_1RD1LC_0LA0RC	2	2	0	129
1RB1LD_0LB1RC_1RD1RD_1LA0RC	2	2	0	122
1RB1LD_0LC---_0LA1RD_1RC0LA	2	2	0	131
1RB1LD_0LC---_0LD1RD_1RC0LA	2	2	0	158
1RB1LD_0LC---_1LA1RD_1RC0LA	2	2	0	212
1RB1LD_0LC---_1LC1RD_1RC0LA	2	2	0	143
1RB1LD_0LC---_1LD1RD_1RC0LA	2	2	0	98
1RB1LD_0LC0LA_1LA1RC_0RC1LA	2	2	0	169
1RB1LD_0LC0LA_1LD1RC_1RC1LA	2	2	0	132
1RB1LD_0LC0LA_1RC1LA_0LB0LD	2	2	0	146
1RB1LD_0LC0LA_1RC1LB_0LB0LD	2	2	0	209
1RB1LD_0LC0LB_1LD1RC_1RC1LA	2	2	0	177
1RB1LD_0LC0LB_1RC1LD_0LB0RA	2	2	0	93
1RB1LD_0LC0LB_1RC1LD_1LB0RA	2	2	0	226
1RB1LD_0LC0LB_1RC1RD_1LA1LB	2	2	0	300
1RB1LD_0LC0LB_1RC1RD_1LA1RB	2	2	0	120
1RB1LD_0LC0LC_0RD1RC_1LD1LA	2	2	0	315
1RB1LD_0LC0LC_1LA1RC_0RC1LA	2	2	0	159
1RB1LD_0LC0RA_0LA1RC_1RC1LA	2	2	0	184
1RB1LD_0LC0RA_0RD1RC_1LB1RD	2	2	0	299
1RB1LD_0LC0RA_1LA1LC_0LD1LA	3	2	0	648
1RB1LD_0LC0RA_1LA1RC_0RC0LC	2	2	0	264
1RB1LD_0LC0RA_1LA1RC_1LC0LC	2	2	0	162
1RB1LD_0LC0RA_1LD1RC_1LC1LA	2	2	0	146
1RB1LD_0LC0RA_1LD1RC_1RC1LA	2	2	0	134
1RB1LD_0LC0RA_1RA1LB_0LA---	2	2	0	131
1RB1LD_0LC0RA_1RA1LB_0LC---	2	2	0	137
1RB1LD_0LC0RA_1RA1LB_0RB---	2	2	0	173
1RB1LD_0LC0RA_1RA1LB_0RC---	2	2	0	147
1RB1LD_0LC0RA_1RA1LB_0RD0RA	2	2	0	173
1RB1LD_0LC0RA_1RA1LB_0RD1LA	2	2	0	138
1RB1LD_0LC0RA_1RA1LB_0RD1LB	2	2	0	147
1RB1LD_0LC0RA_1RA1LB_0RD1RB	2	2	0	157
1RB1LD_0LC0RA_1RA1LB_1RA0LA	2	2	0	137
1RB1LD_0LC0RA_1RA1LB_1RA0LC	2	2	0	147
1RB1LD_0LC0RA_1RA1LB_1RA0LD	2	2	0	147
1RB1LD_0LC0RA_1RA1LB_1RA0RB	2	2	0	181
1RB1LD_0LC0RA_1RA1LB_1RA0RC	2	2	0	157
1RB1LD_0LC0RA_1RA1LB_1RA1RB	2	2	0	138
1RB1LD_0LC0RA_1RA1LB_1RB---	2	2	0	132
1RB1LD_0LC0RA_1RA1LB_1RD0LB	2	2	0	167
1RB1LD_0LC0RA_1RA1LB_1RD0RA	2	2	0	132
1RB1LD_0LC0RA_1RA1LC_0LD1LA	3	2	0	662
1RB1LD_0LC0RA_1RC1LB_0LD1LA	2	2	0	122
1RB1LD_0LC0RB_1LA1LC_1LD0RC	2	2	0	241
1RB1LD_0LC0RB_1LA1LC_1LD1LA	2	2	0	223
1RB1LD_0LC0RB_1LA1LC_1LD1LC	2	2	0	127
1RB1LD_0LC0RB_1LA1LC_1LD1RC	2	2	0	137
1RB1LD_0LC0RB_1LA1LC_1RD0RC	2	2	0	481
1RB1LD_0LC0RB_1LA1LC_1RD1LA	2	2	0	343
1RB1LD_0LC0RB_1LA1RD_1LD1LA	2	2	0	197
1RB1LD_0LC0RB_1LA1RD_1LD1LC	2	2	0	109
1RB1LD_0LC0RB_1LC1LD_1RA0LD	2	2	0	208
1RB1LD_0LC0RB_1LC1LD_1RA1LA	2	2	0	117
1RB1LD_0LC0RB_1LC1LD_1RA1RB	2	2	0	211
1RB1LD_0LC0RB_1LC1RD_1LA0LC	2	2	0	109
1RB1LD_0LC0RB_1LC1RD_1LA0RA	2	2	0	109
1RB1LD_0LC0RB_1LC1RD_1LA0RC	2	2	0	136
1RB1LD_0LC0RB_1LC1RD_1LA1LA	2	2	0	101
1RB1LD_0LC0RB_1LC1RD_1LA1LD	2	2	0	101
1RB1LD_0LC0RB_1LC1RD_1RC1LA	2	2	0	121
1RB1LD_0LC0RB_1LD1LA_1RC1LA	2	2	0	329
1RB1LD_0LC0RB_1LD1LA_1RD1LA	2	2	0	329
1RB1LD_0LC0RB_1LD1RC_1LC1LA	2	2	0	258
1RB1LD_0LC0RB_1LD1RC_1RD1LA	2	2	0	285
1RB1LD_0LC0RB_1RA1LA_0LD1RB	3	2	0	767
1RB1LD_0LC0RB_1RA1LA_1LD0LA	2	2	0	420
1RB1LD_0LC0RB_1RA1LA_1LD0RC	2	2	0	200
1RB1LD_0LC0RB_1RA1LA_1LD1LA	2	2	0	159
1RB1LD_0LC0RB_1RA1LA_1LD1RB	2	2	0	184
1RB1LD_0LC0RB_1RA1LA_1RC0LA	2	2	0	524
1RB1LD_0LC0RB_1RA1LA_1RC0RC	2	2	0	304
1RB1LD_0LC0RB_1RA1LA_1RC1LA	2	2	0	259
1RB1LD_0LC0RB_1RA1LA_1RC1RB	2	2	0	288
1RB1LD_0LC0RB_1RA1LA_1RD0LA	2	2	0	181
1RB1LD_0LC0RB_1RA1LA_1RD1LA	2	2	0	259
1RB1LD_0LC0RB_1RA1LD_1LA1LC	2	2	0	234
1RB1LD_0LC0RB_1RA1LD_1RB1LC	2	2	0	259
1RB1LD_0LC0RB_1RA1RD_1LD1LA	2	2	0	125
1RB1LD_0LC0RC_0LA1RC_1RC1LA	2	2	0	258
1RB1LD_0LC0RC_0LD1RC_1RC1LA	2	2	0	285
1RB1LD_0LC0RC_0RD1LA_1LB0RB	4	2	0	156
1RB1LD_0LC0RC_1LA1LC_0LB0LD	2	2	0	158
1RB1LD_0LC0RC_1LA1LC_0LC0LD	2	2	0	317
1RB1LD_0LC0RC_1LA1RC_0LB1LD	2	2	0	189
1RB1LD_0LC0RC_1LA1RC_0LC0LD	2	2	0	316
1RB1LD_0LC0RC_1LA1RC_1LB0LB	3	2	0	713
1RB1LD_0LC0RC_1LA1RC_1LC1LD	2	2	0	411
1RB1LD_0LC0RC_1LA1RD_1LD1LB	2	2	0	333
1RB1LD_0LC0RC_1LC1LA_---1LA	2	2	0	206
1RB1LD_0LC0RC_1LC1LA_0RA0LD	2	3	0	231
1RB1LD_0LC0RC_1LD1LA_1LC1LA	2	2	0	206
1RB1LD_0LC0RC_1LD1LA_1LD1LA	2	2	0	206
1RB1LD_0LC0RC_1LD1LA_1RC1LA	2	2	0	216
1RB1LD_0LC0RC_1LD1LA_1RD1LA	2	2	0	216
1RB1LD_0LC0RC_1RA1LA_0RD1LC	3	2	0	484
1RB1LD_0LC0RC_1RA1LA_1LC0RA	3	2	0	522
1RB1LD_0LC0RC_1RA1LA_1LC1LC	3	2	0	460
1RB1LD_0LC0RC_1RA1LA_1LD0LC	3	2	0	503
1RB1LD_0LC0RC_1RA1LA_1RA1LC	3	2	0	472
1RB1LD_0LC0RC_1RA1LA_1RC0LC	3	2	0	515
1RB1LD_0LC0RC_1RD1LC_1LA1RB	2	2	0	192
1RB1LD_0LC0RD_---1LD_1LA1RB	2	2	0	88
1RB1LD_0LC0RD_0LA1LA_1RC1LA	2	2	0	230
1RB1LD_0LC0RD_0LA1RC_1LA1RB	2	2	0	98
1RB1LD_0LC0RD_0LA1RC_1RC1LA	2	2	0	226
1RB1LD_0LC0RD_0RA1LA_1LC0RB	2	2	0	235
1RB1LD_0LC0RD_0RA1LA_1LC0RD	2	2	0	235
1RB1LD_0LC0RD_0RA1LA_1LC1LA	2	2	0	216
1RB1LD_0LC0RD_0RA1LB_1LC0RB	2	2	0	242
1RB1LD_0LC0RD_0RA1LB_1LC0RC	3	2	0	499
1RB1LD_0LC0RD_0RA1LB_1LC0RD	2	2	0	242
1RB1LD_0LC0RD_0RA1LC_1LA0LC	2	2	0	132
1RB1LD_0LC0RD_0RA1LC_1LA1RB	2	2	0	98
1RB1LD_0LC0RD_0RA1LD_1LA0LC	2	2	0	122
1RB1LD_0LC0RD_1LA1LC_1LA1RB	2	2	0	88
1RB1LD_0LC0RD_1LC1LA_0LC1RA	3	2	0	288
1RB1LD_0LC0RD_1LC1LA_0RB0RA	2	2	0	199
1RB1LD_0LC0RD_1LC1LA_1LC1LA	2	2	0	206
1RB1LD_0LC0RD_1LC1LA_1RA0RB	2	2	0	177
1RB1LD_0LC0RD_1LD0RB_1LA1RB	2	2	0	98
1RB1LD_0LC0RD_1LD1LA_1LC1LA	2	2	0	206
1RB1LD_0LC0RD_1RB1LA_1RC1LC	3	2	0	472
1RB1LD_0LC0RD_1RC1LA_1LC1LA	2	2	0	216
1RB1LD_0LC0RD_1RD1LA_1LC1LA	2	2	0	216
1RB1LD_0LC1LA_0LA1RC_1RC1LA	2	2	0	109
1RB1LD_0LC1LA_0LB1RD_1RC0LA	2	2	0	170
1RB1LD_0LC1LA_0LD1RC_1RC1LA	2	2	0	100
1RB1LD_0LC1LA_1LA1RC_0RC1LA	2	2	0	149
1RB1LD_0LC1LA_1LB1RC_1RC0LC	3	2	0	350
1RB1LD_0LC1LA_1LB1RC_1RC1LB	3	2	0	276
1RB1LD_0LC1LA_1LB1RD_1RC0LA	2	2	0	133
1RB1LD_0LC1LA_1LD1RC_0RC1LA	2	2	0	141
1RB1LD_0LC1LA_1RC1LA_0LB0LD	2	2	0	146
1RB1LD_0LC1LA_1RC1LB_0LB0LD	2	2	0	209
1RB1LD_0LC1LB_1LA1RC_1RC0RB	2	2	0	214
1RB1LD_0LC1LB_1LD1RC_1RC1LA	2	2	0	129
1RB1LD_0LC1LB_1RC1LA_0LB0LD	2	2	0	147
1RB1LD_0LC1LC_0LA1RC_1RC1LA	2	2	0	184
1RB1LD_0LC1LC_0LD1RC_1RC1LA	2	2	0	184
1RB1LD_0LC1LC_1LA1RC_0RC1LA	2	2	0	135
1RB1LD_0LC1LC_1LD1RC_---1LA	2	2	0	134
1RB1LD_0LC1LD_---1RD_1LA0RC	2	2	0	122
1RB1LD_0LC1LD_1LB1RC_1RC1LA	2	2	0	122
1RB1LD_0LC1LD_1LB1RD_1RC0LA	2	2	0	212
1RB1LD_0LC1LD_1RC1LA_0LB0LD	2	2	0	200
1RB1LD_0LC1RA_---1LA_0RB0LA	2	2	0	233
1RB1LD_0LC1RA_---1LA_1RB0LA	2	2	0	216
1RB1LD_0LC1RA_0LA1RC_1RC1LA	2	2	0	119
1RB1LD_0LC1RA_0LD1RC_1RC1LA	2	2	0	103
1RB1LD_0LC1RA_0RA1LB_1LC0RD	2	2	0	268
1RB1LD_0LC1RA_1LA0RB_0RB0LA	2	2	0	253
1RB1LD_0LC1RA_1LA0RB_1RB0LA	2	2	0	236
1RB1LD_0LC1RA_1LA1RC_0RC0LC	2	2	0	199
1RB1LD_0LC1RA_1LA1RC_0RC1LA	2	2	0	159
1RB1LD_0LC1RA_1LA1RC_1RB0LA	2	2	0	124
1RB1LD_0LC1RA_1LD1RC_0RC1LA	2	2	0	153
1RB1LD_0LC1RA_1RA1LB_---0LA	2	2	0	125
1RB1LD_0LC1RA_1RC1LA_0LB0LD	2	2	0	145
1RB1LD_0LC1RA_1RC1LB_0LB0LD	2	2	0	124
1RB1LD_0LC1RA_1RC1LB_0LC0LD	2	2	0	88
1RB1LD_0LC1RA_1RC1LB_0RB0LD	2	2	0	184
1RB1LD_0LC1RA_1RC1LB_1RC0LD	2	2	0	168
1RB1LD_0LC1RB_---1LA_1LA1LC	3	2	0	243
1RB1LD_0LC1RB_---1LA_1RD1LC	3	2	0	253
1RB1LD_0LC1RB_---1RD_1LD1LA	2	2	0	132
1RB1LD_0LC1RB_0LA1RC_1RC1LA	2	2	0	182
1RB1LD_0LC1RB_0LB1RD_1LA0RC	2	2	0	572
1RB1LD_0LC1RB_0LD1RC_1RC1LA	2	2	0	184
1RB1LD_0LC1RB_0RA1LD_1RB1LC	2	2	0	182
1RB1LD_0LC1RB_1LA1RC_0RC1LA	2	2	0	135
1RB1LD_0LC1RB_1LD1RC_---1LA	2	2	0	132
1RB1LD_0LC1RB_1RA1LA_0LC1LC	3	2	0	243
1RB1LD_0LC1RB_1RA1LA_1LB1LC	3	2	0	134
1RB1LD_0LC1RB_1RB1LD_1RA1LC	2	2	0	98
1RB1LD_0LC1RB_1RC1LA_0LB0LD	2	2	0	148
1RB1LD_0LC1RB_1RD0RB_1LD1LA	2	2	0	144
1RB1LD_0LC1RC_0LA1RC_1RC1LA	2	2	0	174
1RB1LD_0LC1RC_0LB1RD_1LA0RC	2	2	0	162
1RB1LD_0LC1RC_0LC1RD_1LA0RC	2	2	0	162
1RB1LD_0LC1RC_0LD1RC_1RC1LA	2	2	0	174
1RB1LD_0LC1RC_0LD1RD_1LA0RC	2	2	0	148
1RB1LD_0LC1RC_1LA0RB_1LD1LC	4	2	0	1278
1RB1LD_0LC1RC_1LA0RD_1LA1RC	2	2	0	121
1RB1LD_0LC1RC_1LA1RC_0RC1LA	2	2	0	125
1RB1LD_0LC1RC_1LB1RD_1LA0RC	2	2	0	128
1RB1LD_0LC1RC_1LC1RD_1LA0RC	2	2	0	117
1RB1LD_0LC1RC_1LD1RC_---1LA	2	2	0	122
1RB1LD_0LC1RC_1LD1RD_1LA0RC	2	2	0	122
1RB1LD_0LC1RC_1RB1LA_---0LA	2	2	0	109
1RB1LD_0LC1RC_1RB1RD_1LA0RC	2	2	0	109
1RB1LD_0LC1RC_1RD1RD_1LA0RC	2	2	0	101
1RB1LD_0LC1RD_---1LA_1RB0LA	2	2	0	157
1RB1LD_0LC1RD_0LA0LD_1LA0RB	2	2	0	328
1RB1LD_0LC1RD_0LA0RD_1LA0RB	2	2	0	328
1RB1LD_0LC1RD_0LA1LA_1LA0RB	2	2	0	330
1RB1LD_0LC1RD_0LA1LD_1LA0RB	2	2	0	320
1RB1LD_0LC1RD_0LA1RC_1LA0RB	2	2	0	322
1RB1LD_0LC1RD_0LA1RD_1LA0RB	2	2	0	308
1RB1LD_0LC1RD_0LB0LD_1LA0RB	2	2	0	251
1RB1LD_0LC1RD_0LB0RD_1LA0RB	2	2	0	251
1RB1LD_0LC1RD_0LB1LA_1LA0RB	2	2	0	258
1RB1LD_0LC1RD_0LB1LD_1LA0RB	2	2	0	255
1RB1LD_0LC1RD_0LB1RC_1LA0RB	2	2	0	250
1RB1LD_0LC1RD_0LB1RD_1LA0RB	2	2	0	248
1RB1LD_0LC1RD_0LB1RD_1LA0RC	2	2	0	248
1RB1LD_0LC1RD_0LC1LD_1LA0RB	2	2	0	320
1RB1LD_0LC1RD_0LC1RD_1LA0RB	2	2	0	248
1RB1LD_0LC1RD_0LC1RD_1LA0RC	2	2	0	248
1RB1LD_0LC1RD_0LD1RD_1LA0RC	2	2	0	240
1RB1LD_0LC1RD_0RA0LD_1LA0RB	2	2	0	256
1RB1LD_0LC1RD_0RA1LB_1LC0RD	2	2	0	463
1RB1LD_0LC1RD_0RA1LC_1LA0RB	2	2	0	246
1RB1LD_0LC1RD_0RA1LD_1LA0RB	2	2	0	236
1RB1LD_0LC1RD_0RA1RD_1LA0RB	2	2	0	215
1RB1LD_0LC1RD_1LA0LB_1LA0RB	2	2	0	250
1RB1LD_0LC1RD_1LA0LB_1RC1LA	2	2	0	228
1RB1LD_0LC1RD_1LA0LC_1LA0RB	2	2	0	241
1RB1LD_0LC1RD_1LA0LD_1LA0RB	2	2	0	241
1RB1LD_0LC1RD_1LA0RB_1LA0RB	2	2	0	250
1RB1LD_0LC1RD_1LA0RB_1RB0LA	2	2	0	177
1RB1LD_0LC1RD_1LA0RC_1LA0RB	2	2	0	241
1RB1LD_0LC1RD_1LA0RD_1LA0RB	2	2	0	241
1RB1LD_0LC1RD_1LA0RD_1LA1RC	2	2	0	179
1RB1LD_0LC1RD_1LA1LA_1LA0RB	2	2	0	248
1RB1LD_0LC1RD_1LA1LB_1LA0RB	2	2	0	225
1RB1LD_0LC1RD_1LA1LC_1LA0RB	2	2	0	243
1RB1LD_0LC1RD_1LA1LD_1LA0RB	2	2	0	243
1RB1LD_0LC1RD_1LA1LD_1LC0RB	2	2	0	141
1RB1LD_0LC1RD_1LA1RC_1LA0RB	2	2	0	240
1RB1LD_0LC1RD_1LA1RD_1LA0RB	2	2	0	240
1RB1LD_0LC1RD_1LB1RC_1RC1LA	2	2	0	134
1RB1LD_0LC1RD_1LB1RD_1LA0RC	2	2	0	221
1RB1LD_0LC1RD_1LC0LD_1LA0RB	2	2	0	515
1RB1LD_0LC1RD_1LC1LA_0RB0RD	2	2	0	278
1RB1LD_0LC1RD_1LC1LA_0RC0RD	2	2	0	151
1RB1LD_0LC1RD_1LC1LD_1LA0RB	2	2	0	243
1RB1LD_0LC1RD_1LC1RD_1LA0RC	2	2	0	215
1RB1LD_0LC1RD_1LD0LB_1RC1LA	2	2	0	220
1RB1LD_0LC1RD_1LD1RD_1LA0RC	2	2	0	213
1RB1LD_0LC1RD_1RA1LC_0RA0LD	3	2	0	413
1RB1LD_0LC1RD_1RA1LC_1LA0RB	2	2	0	243
1RB1LD_0LC1RD_1RA1LD_1LA0RB	2	2	0	225
1RB1LD_0LC1RD_1RB1LA_1LA0RB	2	2	0	258
1RB1LD_0LC1RD_1RB1LC_1LA1RB	2	2	0	148
1RB1LD_0LC1RD_1RB1RD_1LA0RC	2	2	0	209
1RB1LD_0LC1RD_1RD1LC_1LA1RB	2	2	0	142
1RB1LD_0LC1RD_1RD1RD_1LA0RC	2	2	0	203
1RB1LD_0RC---_0LD1RA_0LA0LB	3	2	0	308
1RB1LD_0RC---_0LD1RA_0LA0LD	3	2	0	242
1RB1LD_0RC---_0LD1RD_1RC0LA	2	2	0	222
1RB1LD_0RC---_0RD1RC_1LD0LA	4	2	0	124
1RB1LD_0RC---_1LC0LA_---0RC	2	2	0	337
1RB1LD_0RC---_1LD0LA_1LC0RC	2	2	0	337
1RB1LD_0RC---_1LD1RA_1RD0LA	3	2	0	301
1RB1LD_0RC---_1LD1RD_1RC0LA	2	2	0	129
1RB1LD_0RC---_1RD1LC_0LA0RC	2	2	0	121
1RB1LD_0RC0LA_1LA0RB_1LA0LA	2	2	0	185
1RB1LD_0RC0LA_1LA0RC_1LD0LA	2	2	0	183
1RB1LD_0RC0LA_1LA1RA_1RB0LA	3	2	0	301
1RB1LD_0RC0LA_1LA1RA_1RD0LA	3	2	0	301
1RB1LD_0RC0LA_1LA1RC_0RC1LA	2	2	0	173
1RB1LD_0RC0LA_1LA1RD_1LB1RC	2	2	0	331
1RB1LD_0RC0LA_1LA1RD_1RB0LA	3	2	0	301
1RB1LD_0RC0LA_1LA1RD_1RC0LA	2	2	0	802
1RB1LD_0RC0LA_1LC0LA_---0RB	2	2	0	337
1RB1LD_0RC0LA_1LC1RD_1RB1LB	4	2	0	676
1RB1LD_0RC0LA_1LD0LA_1LC0RB	2	2	0	337
1RB1LD_0RC0LA_1LD1RA_0LC0LA	3	2	0	375
1RB1LD_0RC0LA_1LD1RA_1RB0LA	3	2	0	301
1RB1LD_0RC0LA_1LD1RC_1RC1LA	2	2	0	127
1RB1LD_0RC0LA_1LD1RD_1RB0LA	3	2	0	301
1RB1LD_0RC0LA_1RD1RC_1LB1LD	2	2	0	127
1RB1LD_0RC0LB_1LD1RC_1RC1LA	2	2	0	133
1RB1LD_0RC0LC_0LD1RA_1LC1LA	2	2	0	258
1RB1LD_0RC0LC_0LD1RA_1LD1LA	2	2	0	246
1RB1LD_0RC0LC_0RD1RA_1LD1LA	2	2	0	204
1RB1LD_0RC0LC_1LA1RC_0RC1LA	2	2	0	157
1RB1LD_0RC0LC_1LA1RD_1RC0LA	2	2	0	249
1RB1LD_0RC0LC_1LD1RA_0RB0LA	3	2	0	301
1RB1LD_0RC0LC_1LD1RA_0RB1LA	2	2	0	258
1RB1LD_0RC0LC_1LD1RC_0LA1LB	2	2	0	220
1RB1LD_0RC0LC_1LD1RC_1LA1LB	2	2	0	195
1RB1LD_0RC0LD_1LA0LA_0LA1LA	2	2	0	136
1RB1LD_0RC0LD_1LA0LA_1LB1LA	2	2	0	144
1RB1LD_0RC0LD_1LA0RC_1LD1RC	2	2	0	211
1RB1LD_0RC0LD_1LA1RC_1LB1LA	2	2	0	131
1RB1LD_0RC0LD_1LA1RD_1RC0LA	2	2	0	769
1RB1LD_0RC0LD_1LC0LA_---1RB	2	2	0	337
1RB1LD_0RC0LD_1LC0LA_0RB1LD	2	2	0	947
1RB1LD_0RC0LD_1LC0LA_1RB0RB	2	2	0	337
1RB1LD_0RC0LD_1LD0LA_1LC1RB	2	2	0	337
1RB1LD_0RC0LD_1LD0RA_0LA1LA	2	2	0	209
1RB1LD_0RC0LD_1RD0RA_0LA1LA	2	2	0	215
1RB1LD_0RC0LD_1RD0RB_1LC0LA	2	2	0	198
1RB1LD_0RC0RA_0LD1RC_1RC1LA	2	2	0	158
1RB1LD_0RC0RA_1LC0LA_0LD1LA	3	2	0	940
1RB1LD_0RC0RA_1LC1LA_0LA1RB	2	2	0	126
1RB1LD_0RC0RA_1LC1RA_1LA0LA	2	3	0	739
1RB1LD_0RC0RA_1LC1RB_0RD0RB	2	2	0	138
1RB1LD_0RC0RA_1LD0LA_1LD1LB	2	2	0	265
1RB1LD_0RC0RA_1LD0RA_0LA---	2	2	0	166
1RB1LD_0RC0RA_1LD1RC_1LC1LA	2	2	0	129
1RB1LD_0RC0RA_1LD1RC_1RC1LA	2	2	0	119
1RB1LD_0RC0RA_1RD0RA_0LA---	2	2	0	186
1RB1LD_0RC0RA_1RD1RC_1LD1LB	2	2	0	105
1RB1LD_0RC0RB_1LB1LD_1RD1LA	2	2	0	241
1RB1LD_0RC0RB_1LC0LA_0LA1LA	2	2	0	2433
1RB1LD_0RC0RB_1LC0LA_1LB1LA	2	2	0	2533
1RB1LD_0RC0RB_1LC0LA_1LC1RB	3	2	0	771
1RB1LD_0RC0RB_1LC0LA_1LD1LA	2	2	0	199
1RB1LD_0RC0RB_1LC0LA_1LD1RB	2	2	0	230
1RB1LD_0RC0RB_1LC0LA_1RB1RD	2	2	0	100
1RB1LD_0RC0RB_1LC0LA_1RC1LA	3	2	0	528
1RB1LD_0RC0RB_1LC0LA_1RD1LA	2	2	0	309
1RB1LD_0RC0RB_1LC0LD_1LA0RA	3	2	0	347
1RB1LD_0RC0RB_1LC0LD_1RD1LA	2	2	0	90
1RB1LD_0RC0RB_1LC0RA_0RD1LA	2	2	0	116
1RB1LD_0RC0RB_1LC0RA_0RD1RB	2	2	0	202
1RB1LD_0RC0RB_1LC0RA_1LA---	2	2	0	135
1RB1LD_0RC0RB_1LC0RA_1RA1LA	2	2	0	145
1RB1LD_0RC0RB_1LC0RA_1RA1RB	2	2	0	116
1RB1LD_0RC0RB_1LC0RA_1RB---	2	2	0	106
1RB1LD_0RC0RB_1LC0RA_1RD0LC	2	2	0	220
1RB1LD_0RC0RB_1LC0RA_1RD0RB	2	2	0	106
1RB1LD_0RC0RB_1LC0RA_1RD1RB	2	2	0	223
1RB1LD_0RC0RB_1LC0RD_1LA0RA	2	2	0	116
1RB1LD_0RC0RB_1LC0RD_1RB0RA	2	2	0	202
1RB1LD_0RC0RB_1LC1LD_1RA0LD	2	2	0	141
1RB1LD_0RC0RB_1LC1LD_1RA1LA	2	2	0	84
1RB1LD_0RC0RB_1LC1LD_1RA1RB	2	2	0	133
1RB1LD_0RC0RB_1LC1RA_---1LA	2	2	0	135
1RB1LD_0RC0RB_1LC1RA_---1RB	2	2	0	106
1RB1LD_0RC0RB_1LC1RA_0LA1LD	2	2	0	95
1RB1LD_0RC0RB_1LC1RA_0RA0LD	2	2	0	111
1RB1LD_0RC0RB_1LC1RA_0RC0LA	2	2	0	112
1RB1LD_0RC0RB_1LC1RA_1LA0RA	2	2	0	145
1RB1LD_0RC0RB_1LC1RA_1LA1LD	2	2	0	84
1RB1LD_0RC0RB_1LC1RA_1RB0LD	2	2	0	133
1RB1LD_0RC0RB_1LC1RA_1RB0RA	2	2	0	116
1RB1LD_0RC0RB_1LC1RA_1RB1LD	2	2	0	135
1RB1LD_0RC0RB_1LC1RD_0LD0RA	2	2	0	220
1RB1LD_0RC0RB_1LC1RD_0RB0RA	2	2	0	106
1RB1LD_0RC0RB_1LC1RD_0RD1LA	2	2	0	143
1RB1LD_0RC0RB_1LC1RD_1LA0LC	2	2	0	90
1RB1LD_0RC0RB_1LC1RD_1LA0RA	2	2	0	90
1RB1LD_0RC0RB_1LC1RD_1LA0RC	2	2	0	112
1RB1LD_0RC0RB_1LC1RD_1LA1LA	2	2	0	84
1RB1LD_0RC0RB_1LC1RD_1RA1LA	2	2	0	90
1RB1LD_0RC0RB_1LC1RD_1RB0LA	2	2	0	221
1RB1LD_0RC0RB_1LC1RD_1RB0RA	2	2	0	223
1RB1LD_0RC0RB_1LC1RD_1RB1LA	2	2	0	135
1RB1LD_0RC0RB_1LC1RD_1RC1LA	2	2	0	96
1RB1LD_0RC0RB_1LD---_1RD1LA	2	2	0	231
1RB1LD_0RC0RB_1LD0LA_1LC1LA	2	2	0	199
1RB1LD_0RC0RB_1LD0LA_1LC1RB	3	2	0	771
1RB1LD_0RC0RB_1LD1LA_0LC1RC	3	2	0	395
1RB1LD_0RC0RB_1LD1LA_0LC1RD	3	2	0	463
1RB1LD_0RC0RB_1LD1LA_1RC0RC	2	2	0	180
1RB1LD_0RC0RB_1LD1LA_1RC1LA	2	2	0	231
1RB1LD_0RC0RB_1LD1LA_1RC1LB	2	2	0	239
1RB1LD_0RC0RB_1LD1LA_1RC1RB	2	2	0	170
1RB1LD_0RC0RB_1LD1RA_1LC1LA	2	2	0	131
1RB1LD_0RC0RB_1LD1RA_1LC1RB	2	2	0	106
1RB1LD_0RC0RB_1LD1RB_1RA1LC	2	2	0	138
1RB1LD_0RC0RB_1LD1RC_0LB1LA	2	2	0	349
1RB1LD_0RC0RB_1LD1RC_1LC1LA	2	2	0	208
1RB1LD_0RC0RB_1RD0RA_1LC1LA	2	2	0	172
1RB1LD_0RC0RB_1RD1LC_1LC1LA	2	2	0	164
1RB1LD_0RC0RB_1RD1RA_1LC0LC	2	2	0	323
1RB1LD_0RC0RC_0LD1RC_1RC1LA	2	2	0	222
1RB1LD_0RC0RC_1LC0LA_---1RB	2	2	0	295
1RB1LD_0RC0RC_1LC0LA_0LB1RD	2	2	0	337
1RB1LD_0RC0RC_1LC0LA_0RB1LD	2	2	0	907
1RB1LD_0RC0RC_1LC1LA_---1LA	2	2	0	211
1RB1LD_0RC0RC_1LC1RA_0LB1LA	2	2	0	284
1RB1LD_0RC0RC_1LD0LA_1LC1RB	2	2	0	295
1RB1LD_0RC0RC_1LD0LA_1LD1LA	2	2	0	211
1RB1LD_0RC0RC_1LD0LA_1RD1LA	2	2	0	223
1RB1LD_0RC0RC_1LD0RB_1RD1LA	2	2	0	231
1RB1LD_0RC0RC_1LD0RC_1RD1LA	2	2	0	231
1RB1LD_0RC0RC_1LD1LA_1LC1LA	2	2	0	211
1RB1LD_0RC0RC_1LD1LA_1LD1LA	2	2	0	211
1RB1LD_0RC0RC_1LD1LA_1RC1LA	2	2	0	223
1RB1LD_0RC0RC_1LD1LA_1RD1LA	2	2	0	223
1RB1LD_0RC0RC_1LD1RC_0LC1LA	2	3	0	222
1RB1LD_0RC0RC_1LD1RC_1LD1LA	2	3	0	208
1RB1LD_0RC0RC_1LD1RC_1RD1LA	2	3	0	222
1RB1LD_0RC0RD_0LC1LD_1LA1RB	2	2	0	93
1RB1LD_0RC0RD_0LD0LC_1LA1LC	2	2	0	319
1RB1LD_0RC0RD_0RD1RA_1LD0LA	4	2	0	206
1RB1LD_0RC0RD_1LA1RD_1RC0LA	2	2	0	761
1RB1LD_0RC0RD_1LB1LD_1LA1RB	2	2	0	74
1RB1LD_0RC0RD_1LC0LA_0LB1RB	2	2	0	337
1RB1LD_0RC0RD_1LC0LA_0LB1RD	2	2	0	379
1RB1LD_0RC0RD_1LC0LA_0LD1RB	2	2	0	379
1RB1LD_0RC0RD_1LC0LA_1LC1RB	2	2	0	295
1RB1LD_0RC0RD_1LC0RA_1RB0RB	2	2	0	106
1RB1LD_0RC0RD_1LC1LA_0LB1LA	2	2	0	221
1RB1LD_0RC0RD_1LC1LA_0RB0LA	2	2	0	582
1RB1LD_0RC0RD_1LC1LA_0RB0RA	2	2	0	164
1RB1LD_0RC0RD_1LC1LA_0RB1LA	2	2	0	190
1RB1LD_0RC0RD_1LC1LA_1LC1LA	2	2	0	211
1RB1LD_0RC0RD_1LC1LA_1RA0RB	2	2	0	130
1RB1LD_0RC0RD_1LC1LD_0RB1LA	2	2	0	188
1RB1LD_0RC0RD_1LC1LD_1LA1RB	2	2	0	68
1RB1LD_0RC0RD_1LC1RA_0LB1LA	2	2	0	233
1RB1LD_0RC0RD_1LC1RA_0RB1LA	2	2	0	198
1RB1LD_0RC0RD_1LC1RA_1LC1LA	2	2	0	223
1RB1LD_0RC0RD_1LC1RD_0RB1LA	2	2	0	196
1RB1LD_0RC0RD_1LD---_1LA1RB	2	2	0	68
1RB1LD_0RC0RD_1LD0RB_1LC1LA	2	2	0	210
1RB1LD_0RC0RD_1LD1LA_1LC1LA	2	2	0	211
1RB1LD_0RC0RD_1LD1RA_1LC1LA	2	2	0	213
1RB1LD_0RC0RD_1LD1RB_1LA1LB	2	2	0	94
1RB1LD_0RC0RD_1RD0RB_1LC0LA	2	2	0	171
1RB1LD_0RC0RD_1RD0RB_1LC1LA	2	2	0	206
1RB1LD_0RC0RD_1RD1LA_1LC1LA	2	2	0	208
1RB1LD_0RC0RD_1RD1RA_1LC1LA	2	2	0	210
1RB1LD_0RC1LA_0LD0RA_1RC0LB	3	2	0	579
1RB1LD_0RC1LA_0LD1RC_1RC1LA	2	2	0	95
1RB1LD_0RC1LA_0RD0LA_1LD1LB	3	2	0	450
1RB1LD_0RC1LA_1LA0LD_0RB0LA	2	2	0	427
1RB1LD_0RC1LA_1LA0RC_0RB0LA	2	2	0	323
1RB1LD_0RC1LA_1LA0RC_0RB1RC	2	2	0	439
1RB1LD_0RC1LA_1LA0RC_1LA0LA	2	2	0	185
1RB1LD_0RC1LA_1LA0RC_1LD0LA	2	2	0	139
1RB1LD_0RC1LA_1LA0RC_1LD1RC	2	2	0	191
1RB1LD_0RC1LA_1LA0RC_1RB0LA	2	2	0	231
1RB1LD_0RC1LA_1LA0RC_1RB0LD	2	2	0	231
1RB1LD_0RC1LA_1LA0RC_1RB1RC	2	2	0	315
1RB1LD_0RC1LA_1LA1RA_1LA0LA	2	2	0	520
1RB1LD_0RC1LA_1LA1RC_0RC1LA	2	2	0	145
1RB1LD_0RC1LA_1LA1RD_1RC0LA	2	2	0	797
1RB1LD_0RC1LA_1LB1RD_1RC0LA	2	2	0	318
1RB1LD_0RC1LA_1LC1RA_1LA0LA	2	2	0	520
1RB1LD_0RC1LA_1LD0LD_0RB0LA	2	2	0	439
1RB1LD_0RC1LA_1LD0RC_0RB0LA	2	2	0	335
1RB1LD_0RC1LA_1LD0RC_0RB1RC	2	2	0	459
1RB1LD_0RC1LA_1LD0RC_1RB0LA	2	2	0	231
1RB1LD_0RC1LA_1LD0RC_1RB0LD	2	2	0	231
1RB1LD_0RC1LA_1LD0RC_1RB1RC	2	2	0	315
1RB1LD_0RC1LA_1LD1RC_0LD1RB	2	2	0	297
1RB1LD_0RC1LA_1LD1RC_0RC1LA	2	2	0	133
1RB1LD_0RC1LB_0LD0LA_1LD1LA	2	2	0	144
1RB1LD_0RC1LB_0LD1RC_1RC1LA	2	2	0	161
1RB1LD_0RC1LB_0RD0LA_1LD1LA	2	2	0	101
1RB1LD_0RC1LB_1LA1RC_0RC1LA	2	2	0	133
1RB1LD_0RC1LB_1LA1RD_1RC0LA	2	2	0	796
1RB1LD_0RC1LB_1LB1RD_1LA1RC	2	2	0	88
1RB1LD_0RC1LB_1LC0LA_---0RB	2	2	0	379
1RB1LD_0RC1LB_1LC1RA_0LB0LA	2	2	0	598
1RB1LD_0RC1LB_1LC1RA_0LC0LA	2	2	0	436
1RB1LD_0RC1LB_1LD0LA_1LC0RB	2	2	0	379
1RB1LD_0RC1LB_1LD0LA_1RC1LA	2	2	0	152
1RB1LD_0RC1LB_1LD1RC_0RC1LA	2	2	0	143
1RB1LD_0RC1LB_1LD1RC_1LC1LA	2	2	0	133
1RB1LD_0RC1LB_1LD1RC_1RC1LA	2	2	0	131
1RB1LD_0RC1LB_1RD1RC_1LA0LB	2	2	0	638
1RB1LD_0RC1LC_0LD0LA_1LD1LA	2	2	0	136
1RB1LD_0RC1LC_0LD1RC_1RC1LA	2	2	0	158
1RB1LD_0RC1LC_0RD0LA_1LD1LA	2	2	0	97
1RB1LD_0RC1LC_1LA1RC_0RC1LA	2	2	0	126
1RB1LD_0RC1LC_1LA1RD_1RC0LA	2	2	0	804
1RB1LD_0RC1LC_1LD0LA_1RC1LA	2	2	0	144
1RB1LD_0RC1LC_1LD1RC_0RC1LA	2	2	0	136
1RB1LD_0RC1LC_1LD1RC_1LC1LA	2	2	0	121
1RB1LD_0RC1LC_1LD1RC_1RC1LA	2	2	0	119
1RB1LD_0RC1LD_0LD0LA_1LB1LA	2	2	0	136
1RB1LD_0RC1LD_0LD0RC_1RC1LA	2	2	0	303
1RB1LD_0RC1LD_0LD1RC_0LA1LA	2	2	0	119
1RB1LD_0RC1LD_0LD1RC_1LA1LB	2	2	0	87
1RB1LD_0RC1LD_1LA0LA_0RC1LA	2	2	0	233
1RB1LD_0RC1LD_1LA0RB_0LA1LA	2	2	0	166
1RB1LD_0RC1LD_1LA0RC_0LA1LA	2	2	0	221
1RB1LD_0RC1LD_1LA0RC_1RC1LA	2	2	0	231
1RB1LD_0RC1LD_1LA1RD_1RC0LA	2	2	0	792
1RB1LD_0RC1LD_1LB1RC_1LA1LB	2	2	0	127
1RB1LD_0RC1LD_1LB1RC_1LB1LA	2	2	0	123
1RB1LD_0RC1LD_1LB1RC_1RA1LB	2	2	0	133
1RB1LD_0RC1LD_1LB1RD_1RC0LA	2	2	0	250
1RB1LD_0RC1LD_1LC0RB_0LA1LA	2	2	0	232
1RB1LD_0RC1LD_1LD1RC_0LA1LA	2	2	0	133
1RB1LD_0RC1LD_1LD1RC_0LA1LB	2	2	0	141
1RB1LD_0RC1LD_1LD1RC_1LA1LB	2	2	0	123
1RB1LD_0RC1LD_1LD1RC_1LB1LA	2	2	0	133
1RB1LD_0RC1LD_1LD1RC_1RA1LB	2	2	0	145
1RB1LD_0RC1LD_1RD0LA_1LB1LA	2	2	0	97
1RB1LD_0RC1LD_1RD0RB_1LC0LA	2	2	0	147
1RB1LD_0RC1LD_1RD1RC_0LA1LA	2	2	0	149
1RB1LD_0RC1LD_1RD1RC_0LA1LB	2	2	0	154
1RB1LD_0RC1RA_0LC1LA_0RA0LD	3	2	0	303
1RB1LD_0RC1RA_0LC1LA_0RB0LA	2	2	0	270
1RB1LD_0RC1RA_0LC1LA_1RB0LA	2	2	0	243
1RB1LD_0RC1RA_0LD0RB_1LA0LD	4	2	0	145
1RB1LD_0RC1RA_0LD0RC_1LA0LD	4	2	0	316
1RB1LD_0RC1RA_0LD0RD_1LA0LD	4	2	0	121
1RB1LD_0RC1RA_0LD1RB_1LA0LD	4	2	0	224
1RB1LD_0RC1RA_0LD1RC_1RC1LA	2	2	0	103
1RB1LD_0RC1RA_1LC0LA_1RB0LA	2	2	0	286
1RB1LD_0RC1RA_1LC0LD_1LA1LC	2	2	0	76
1RB1LD_0RC1RA_1LC0LD_1RB0LA	2	2	0	192
1RB1LD_0RC1RA_1LC1LA_0LB0RB	2	2	0	220
1RB1LD_0RC1RA_1LC1LA_0LB0RD	2	2	0	147
1RB1LD_0RC1RA_1LC1LA_0LC0RD	2	2	0	197
1RB1LD_0RC1RA_1LC1LA_0RB0LA	2	2	0	570
1RB1LD_0RC1RA_1LC1LA_0RB0RD	2	2	0	124
1RB1LD_0RC1RA_1LC1LA_0RC0RD	2	2	0	133
1RB1LD_0RC1RA_1LC1LA_1LC0RB	2	2	0	212
1RB1LD_0RC1RA_1LC1LA_1LC0RD	2	2	0	137
1RB1LD_0RC1RA_1LC1LA_1RB0LA	2	2	0	456
1RB1LD_0RC1RA_1LC1LD_1RB0LA	2	2	0	296
1RB1LD_0RC1RA_1LC1LD_1RB0LC	2	2	0	296
1RB1LD_0RC1RA_1LC1RA_0RB0LA	2	2	0	276
1RB1LD_0RC1RA_1LC1RA_1LA0LA	2	3	0	469
1RB1LD_0RC1RA_1LC1RA_1RB0LA	2	2	0	688
1RB1LD_0RC1RA_1LC1RB_0LB0RD	2	2	0	207
1RB1LD_0RC1RA_1LC1RB_0RB0RD	2	2	0	138
1RB1LD_0RC1RA_1LC1RB_0RC0RD	2	2	0	106
1RB1LD_0RC1RA_1LC1RB_1LA0LD	4	2	0	280
1RB1LD_0RC1RA_1LC1RB_1LC0RD	2	2	0	189
1RB1LD_0RC1RA_1LD0RB_1LA0LD	4	2	0	145
1RB1LD_0RC1RA_1LD0RC_1LA0LD	4	2	0	133
1RB1LD_0RC1RA_1LD0RD_1LA0LD	4	2	0	137
1RB1LD_0RC1RA_1LD1LA_0LC0RD	4	2	0	814
1RB1LD_0RC1RA_1LD1RB_1LA0LD	4	2	0	631
1RB1LD_0RC1RA_1LD1RC_0RC1LA	2	2	0	143
1RB1LD_0RC1RA_1RD0RA_1LC0LA	2	2	0	103
1RB1LD_0RC1RA_1RD0RB_1LA0LD	4	2	0	137
1RB1LD_0RC1RA_1RD0RD_1LA0LD	4	2	0	129
1RB1LD_0RC1RA_1RD1RB_1LA0LD	4	2	0	243
1RB1LD_0RC1RB_0LC1LA_0LA0LC	3	2	0	331
1RB1LD_0RC1RB_0LC1LA_0LA1LC	3	2	0	273
1RB1LD_0RC1RB_0LC1LA_1LA0LC	3	2	0	321
1RB1LD_0RC1RB_0LC1LA_1LA1LC	3	2	0	263
1RB1LD_0RC1RB_0LC1LA_1LB0LC	3	2	0	331
1RB1LD_0RC1RB_0LC1LA_1LB1LC	3	2	0	273
1RB1LD_0RC1RB_0LC1LA_1RD0LC	3	2	0	341
1RB1LD_0RC1RB_0LC1LA_1RD1LC	3	2	0	273
1RB1LD_0RC1RB_0LC1LD_1LA0LB	2	2	0	153
1RB1LD_0RC1RB_0LC1RD_1LD1LA	2	2	0	148
1RB1LD_0RC1RB_0LD---_1LD1LA	2	2	0	136
1RB1LD_0RC1RB_0LD0RB_1LD0LA	4	2	0	496
1RB1LD_0RC1RB_0LD1LA_1LC0LA	2	2	0	230
1RB1LD_0RC1RB_0LD1LA_1LC1LA	2	2	0	136
1RB1LD_0RC1RB_0LD1LA_1LD0LA	2	2	0	165
1RB1LD_0RC1RB_0LD1RA_1LC1LA	2	2	0	148
1RB1LD_0RC1RB_0LD1RC_1RC1LA	2	2	0	140
1RB1LD_0RC1RB_0RD---_1LD1LA	2	2	0	110
1RB1LD_0RC1RB_0RD0RB_1LD0LA	4	2	0	412
1RB1LD_0RC1RB_0RD1LA_1LD0LA	2	2	0	185
1RB1LD_0RC1RB_1LB0LD_1LD1LA	2	2	0	148
1RB1LD_0RC1RB_1LB0RD_1LD1LA	2	2	0	118
1RB1LD_0RC1RB_1LC0LA_---1LA	2	2	0	192
1RB1LD_0RC1RB_1LC0RA_1LA1LC	3	2	0	319
1RB1LD_0RC1RB_1LC1LA_---0LC	3	2	0	364
1RB1LD_0RC1RB_1LC1LA_---1LC	3	2	0	239
1RB1LD_0RC1RB_1LC1LA_0LC0RA	3	2	0	444
1RB1LD_0RC1RB_1LC1LA_0LC0RD	3	2	0	1219
1RB1LD_0RC1RB_1LC1LA_0RA0LD	4	2	0	539
1RB1LD_0RC1RB_1LC1LA_1LC0RA	3	2	0	305
1RB1LD_0RC1RB_1LC1LA_1RC0LD	2	2	0	236
1RB1LD_0RC1RB_1LC1LD_1LA0LB	2	2	0	112
1RB1LD_0RC1RB_1LC1RD_1LA0LC	2	2	0	102
1RB1LD_0RC1RB_1LD0LA_0LD1LA	2	3	0	209
1RB1LD_0RC1RB_1LD0LA_1LC1LA	2	2	0	192
1RB1LD_0RC1RB_1LD0LA_1RC1LA	2	2	0	148
1RB1LD_0RC1RB_1LD0LC_0LB1LA	2	2	0	160
1RB1LD_0RC1RB_1LD0LC_0RC1LA	2	2	0	148
1RB1LD_0RC1RB_1LD1LA_0LC0LC	3	2	0	309
1RB1LD_0RC1RB_1LD1LA_0LC0RA	3	2	0	375
1RB1LD_0RC1RB_1LD1LA_0LC1LC	3	2	0	304
1RB1LD_0RC1RB_1LD1LA_1LC0LC	3	2	0	364
1RB1LD_0RC1RB_1LD1LA_1LC0RA	3	2	0	305
1RB1LD_0RC1RB_1LD1LA_1LC1LC	3	2	0	239
1RB1LD_0RC1RB_1LD1LA_1RA0LC	3	2	0	323
1RB1LD_0RC1RB_1LD1LA_1RA1LC	3	2	0	253
1RB1LD_0RC1RB_1LD1LA_1RD0LA	2	2	0	177
1RB1LD_0RC1RB_1LD1RB_1LD0LA	3	2	0	227
1RB1LD_0RC1RB_1LD1RC_0LD1LA	2	3	0	191
1RB1LD_0RC1RB_1LD1RC_1LC1LA	2	2	0	126
1RB1LD_0RC1RB_1LD1RC_1RC1LA	2	2	0	118
1RB1LD_0RC1RB_1RD0RA_1LC0LA	4	2	0	524
1RB1LD_0RC1RB_1RD0RA_1LC1LA	2	2	0	126
1RB1LD_0RC1RB_1RD1LC_1LC1LA	2	2	0	118
1RB1LD_0RC1RC_0LC1RD_1LA0RC	2	2	0	164
1RB1LD_0RC1RC_0LD1RB_1LD1LA	2	2	0	136
1RB1LD_0RC1RC_0LD1RC_1RC1LA	2	2	0	150
1RB1LD_0RC1RC_0LD1RD_1LA0RC	2	2	0	148
1RB1LD_0RC1RC_0RD1RB_1LD1LA	2	2	0	110
1RB1LD_0RC1RC_1LA0RB_1LD1LC	4	2	0	1160
1RB1LD_0RC1RC_1LA0RD_1LA1RC	2	2	0	128
1RB1LD_0RC1RC_1LA1RC_0RC1LA	2	2	0	116
1RB1LD_0RC1RC_1LA1RD_1RC0LA	2	2	0	247
1RB1LD_0RC1RC_1LB1RD_1LA0RC	2	2	0	108
1RB1LD_0RC1RC_1LC1RD_1LA0RC	2	2	0	116
1RB1LD_0RC1RC_1LD1RC_0RC1LA	2	2	0	126
1RB1LD_0RC1RC_1LD1RC_1LC1LA	2	2	0	113
1RB1LD_0RC1RC_1LD1RC_1RC1LA	2	2	0	111
1RB1LD_0RC1RC_1LD1RD_1LA0RC	2	2	0	121
1RB1LD_0RC1RC_1RD1RD_1LA0RC	2	2	0	100
1RB1LD_0RC1RD_0LC1LA_1RB0LA	2	2	0	180
1RB1LD_0RC1RD_0LC1LD_1LA0RB	2	2	0	333
1RB1LD_0RC1RD_0LC1RD_1LA0RB	2	2	0	278
1RB1LD_0RC1RD_0LC1RD_1LA0RC	2	2	0	250
1RB1LD_0RC1RD_0LD0LA_1LB1LA	2	2	0	144
1RB1LD_0RC1RD_0LD0RC_1RC1LA	2	2	0	352
1RB1LD_0RC1RD_0LD1RC_0LA1LA	2	2	0	129
1RB1LD_0RC1RD_0LD1RD_1LA0RC	2	2	0	240
1RB1LD_0RC1RD_1LA0LA_1LB1LA	2	2	0	109
1RB1LD_0RC1RD_1LA0RB_0LA1LA	2	2	0	216
1RB1LD_0RC1RD_1LA0RC_0LA1LA	2	2	0	339
1RB1LD_0RC1RD_1LA0RD_1LA1RC	2	2	0	174
1RB1LD_0RC1RD_1LA1RC_1LB1LA	2	2	0	125
1RB1LD_0RC1RD_1LA1RD_1RC0LA	2	2	0	757
1RB1LD_0RC1RD_1LB1RC_1LB1LA	2	2	0	135
1RB1LD_0RC1RD_1LB1RD_1LA0RC	2	2	0	196
1RB1LD_0RC1RD_1LC0LA_0LC0RB	2	2	0	379
1RB1LD_0RC1RD_1LC0LD_1LA0RB	2	2	0	241
1RB1LD_0RC1RD_1LC0LD_1RB0LA	2	2	0	192
1RB1LD_0RC1RD_1LC0RA_0RB0RD	2	2	0	147
1RB1LD_0RC1RD_1LC0RB_0LA1LA	2	2	0	306
1RB1LD_0RC1RD_1LC0RB_1LA0RB	2	2	0	72
1RB1LD_0RC1RD_1LC1LA_0RB0RD	2	2	0	222
1RB1LD_0RC1RD_1LC1LA_0RC0RD	2	2	0	141
1RB1LD_0RC1RD_1LC1LA_1RB0LA	2	2	0	343
1RB1LD_0RC1RD_1LC1LD_1LA0RB	2	2	0	186
1RB1LD_0RC1RD_1LC1LD_1RB0LA	2	2	0	217
1RB1LD_0RC1RD_1LC1RA_1RB0LA	2	2	0	304
1RB1LD_0RC1RD_1LC1RD_1LA0RC	2	2	0	204
1RB1LD_0RC1RD_1LD1RC_0LA1LA	2	2	0	141
1RB1LD_0RC1RD_1LD1RC_1LB1LA	2	2	0	135
1RB1LD_0RC1RD_1LD1RD_1LA0RC	2	2	0	203
1RB1LD_0RC1RD_1RD0LA_1LB1LA	2	2	0	109
1RB1LD_0RC1RD_1RD1RC_0LA1LA	2	2	0	157
1RB1LD_0RC1RD_1RD1RD_1LA0RC	2	2	0	188
1RB1LD_1LB0LC_1LA1RC_0RC1LA	2	2	0	143
1RB1LD_1LB0LC_1RA0RC_---0LB	4	2	0	616
1RB1LD_1LB0LC_1RA0RC_0LB0RA	4	2	0	712
1RB1LD_1LB0LC_1RA0RC_0LB0RD	2	2	0	175
1RB1LD_1LB0LC_1RA0RC_0RB0RD	2	2	0	133
1RB1LD_1LB0LC_1RA0RC_1LB0LD	4	2	0	616
1RB1LD_1LB0LC_1RA0RC_1LB0RD	2	2	0	133
1RB1LD_1LB0LC_1RA0RD_1RA0LB	4	2	0	616
1RB1LD_1LB0LC_1RA1LC_1RC1RD	2	2	0	296
1RB1LD_1LB0LC_1RA1RC_0LB0RD	2	2	0	352
1RB1LD_1LB0LC_1RA1RC_0RB0RD	2	2	0	226
1RB1LD_1LB0LC_1RA1RC_1LB0RD	2	2	0	266
1RB1LD_1LB0LC_1RD0RB_1RA0RD	2	2	0	135
1RB1LD_1LB0LC_1RD0RB_1RA1RD	2	2	0	148
1RB1LD_1LB0LC_1RD1LB_1RA0RD	2	2	0	172
1RB1LD_1LB0LC_1RD1LB_1RA1RD	2	2	0	136
1RB1LD_1LB0LC_1RD1LD_0RB0RA	2	2	0	348
1RB1LD_1LB0RC_0LA1RC_1LC1LA	2	2	0	103
1RB1LD_1LB0RC_0LA1RC_1RC1LA	2	2	0	253
1RB1LD_1LB0RC_0LD1RC_1RC1LA	2	2	0	228
1RB1LD_1LB0RC_0RB1RD_0LA0RC	2	2	0	169
1RB1LD_1LB0RC_1LA1LC_0LC0LD	2	2	0	332
1RB1LD_1LB0RC_1LA1RC_0LC0LB	2	2	0	287
1RB1LD_1LB0RC_1LA1RC_0LC0LD	2	2	0	358
1RB1LD_1LB0RC_1LA1RC_1LA0LB	2	2	0	227
1RB1LD_1LB0RC_1LA1RC_1LC1LD	2	2	0	413
1RB1LD_1LB0RC_1LC1LA_---1LA	2	2	0	215
1RB1LD_1LB0RC_1LD1LA_1LA0LB	3	2	0	516
1RB1LD_1LB0RC_1LD1LA_1LC1LA	2	2	0	215
1RB1LD_1LB0RC_1LD1LA_1LD1LA	2	2	0	215
1RB1LD_1LB0RC_1LD1LA_1RC1LA	2	2	0	227
1RB1LD_1LB0RC_1LD1LA_1RD1LA	2	2	0	227
1RB1LD_1LB0RC_1RD1LC_0LA0RC	2	2	0	133
1RB1LD_1LB1LC_0LD1RC_1RC1LA	2	2	0	186
1RB1LD_1LB1LC_0RA0LB_1RA1RD	2	2	0	164
1RB1LD_1LB1LC_0RA1LB_1RA1RD	2	2	0	118
1RB1LD_1LB1LC_0RD0LA_1LB1RD	2	2	0	231
1RB1LD_1LB1LC_1LA1RC_---0RB	2	2	0	166
1RB1LD_1LB1LC_1LA1RC_---1LA	2	2	0	120
1RB1LD_1LB1LC_1LD1RC_0RC1LA	2	2	0	132
1RB1LD_1LB1LC_1RA0LB_1RA1RD	2	2	0	156
1RB1LD_1LB1LC_1RA0LD_1LB1RD	2	2	0	178
1RB1LD_1LB1LC_1RA0RA_1LB1RD	2	2	0	178
1RB1LD_1LB1LC_1RA1LB_1LB1RD	2	2	0	132
1RB1LD_1LB1LC_1RA1LB_1RA1RD	2	2	0	110
1RB1LD_1LB1LC_1RB1RD_1RC0LA	2	2	0	99
1RB1LD_1LB1LC_1RC1RA_0LB0RD	2	2	0	179
1RB1LD_1LB1LC_1RC1RA_0LC0LD	2	2	0	139
1RB1LD_1LB1LC_1RC1RA_0RB0RD	2	2	0	115
1RB1LD_1LB1LC_1RC1RA_0RC0LD	2	2	0	204
1RB1LD_1LB1LC_1RC1RA_1LB0RD	2	2	0	149
1RB1LD_1LB1LC_1RC1RA_1RC0LD	2	2	0	130
1RB1LD_1LB1LC_1RD0LA_---0RB	3	2	0	668
1RB1LD_1LB1LC_1RD0LB_1RA0RD	2	2	0	175
1RB1LD_1LB1LC_1RD0LB_1RA1RD	2	2	0	148
1RB1LD_1LB1LC_1RD0RA_1LB1RD	2	2	0	166
1RB1LD_1LB1LC_1RD1LC_0LA0RC	2	2	0	325
1RB1LD_1LB1LC_1RD1RA_1RC0LD	2	2	0	128
1RB1LD_1LB1RC_0LA1RC_1RC1LA	2	2	0	150
1RB1LD_1LB1RC_0LA1RD_1RC0LB	2	2	0	157
1RB1LD_1LB1RC_0LC0RD_1LD1LA	2	2	0	177
1RB1LD_1LB1RC_0LC1RD_1LA0RC	2	2	0	194
1RB1LD_1LB1RC_0LD1RC_1RC1LA	2	2	0	150
1RB1LD_1LB1RC_0LD1RD_1LA0RC	2	2	0	176
1RB1LD_1LB1RC_0RD0LA_0RB0RD	2	2	0	104
1RB1LD_1LB1RC_1LA0RB_1LD1LC	4	2	0	321
1RB1LD_1LB1RC_1LA0RC_---1LB	2	2	0	99
1RB1LD_1LB1RC_1LA0RC_0LB0RD	2	2	0	124
1RB1LD_1LB1RC_1LA0RC_0RB0RD	2	2	0	89
1RB1LD_1LB1RC_1LA0RC_1LB0RA	2	2	0	109
1RB1LD_1LB1RC_1LA0RC_1LB0RD	2	2	0	152
1RB1LD_1LB1RC_1LA0RD_0LD1LA	2	2	0	164
1RB1LD_1LB1RC_1LA0RD_1LA1RC	2	2	0	130
1RB1LD_1LB1RC_1LA0RD_1LD1LA	2	2	0	167
1RB1LD_1LB1RC_1LA1RC_---1LA	2	2	0	121
1RB1LD_1LB1RC_1LB0RD_0RC0RA	2	2	0	121
1RB1LD_1LB1RC_1LC1RD_1LA0RC	2	2	0	142
1RB1LD_1LB1RC_1LD0RC_1LA1LB	2	2	0	102
1RB1LD_1LB1RC_1LD0RC_1RA1LB	2	2	0	193
1RB1LD_1LB1RC_1LD1RC_0RC1LA	2	2	0	117
1RB1LD_1LB1RC_1LD1RD_1LA0RC	2	2	0	127
1RB1LD_1LB1RC_1RA0LA_0RB0RD	2	2	0	121
1RB1LD_1LB1RC_1RB0LA_1RB1LB	2	2	0	178
1RB1LD_1LB1RC_1RB0RD_0LD1LA	2	2	0	217
1RB1LD_1LB1RC_1RB0RD_1LD1LA	2	2	0	156
1RB1LD_1LB1RC_1RC0LA_1LA0LD	2	2	0	173
1RB1LD_1LB1RC_1RC1LA_1LA0LD	2	2	0	183
1RB1LD_1LB1RC_1RD0RD_0LD1LA	2	2	0	178
1RB1LD_1LB1RC_1RD1LC_0LA0RC	2	2	0	333
1RB1LD_1LB1RC_1RD1RC_0LD1LA	2	2	0	128
1RB1LD_1LB1RC_1RD1RD_1LA0RC	2	2	0	122
1RB1LD_1LC---_0LD1RC_0LA1LA	2	2	0	86
1RB1LD_1LC---_0LD1RD_1RC0LA	2	2	0	101
1RB1LD_1LC---_1LA1RD_1RC0LA	2	2	0	225
1RB1LD_1LC---_1LD1RD_1RC0LA	2	2	0	73
1RB1LD_1LC---_1RC1RA_0LC0LD	2	2	0	72
1RB1LD_1LC---_1RC1RA_0RC0LD	2	2	0	104
1RB1LD_1LC---_1RC1RA_1RC0LD	2	2	0	134
1RB1LD_1LC---_1RD0LB_0LA0RC	2	2	0	49
1RB1LD_1LC---_1RD1LC_0LA0RC	2	2	0	325
1RB1LD_1LC0LA_0LC1RD_1LB0RB	2	2	0	537
1RB1LD_1LC0LA_0RD1RC_1LD1LB	3	2	0	376
1RB1LD_1LC0LA_1LA1RC_0RC1LA	2	2	0	165
1RB1LD_1LC0LA_1LB1RD_---0RB	2	2	0	483
1RB1LD_1LC0LA_1RC1RB_0LC0LD	2	2	0	98
1RB1LD_1LC0LA_1RC1RB_1RC0LD	2	2	0	192
1RB1LD_1LC0LA_1RD0LB_1RA0RC	2	2	0	137
1RB1LD_1LC0LA_1RD1LB_1RC0LD	2	2	0	156
1RB1LD_1LC0LB_0RD0LB_1RA1RC	2	2	0	134
1RB1LD_1LC0LB_1RD0RA_0LB0RB	2	2	0	293
1RB1LD_1LC0LC_---1RA_---1LA	2	2	0	242
1RB1LD_1LC0LC_1LA1RC_0RC1LA	2	2	0	155
1RB1LD_1LC0RA_0LA1RC_---0LB	2	2	0	135
1RB1LD_1LC0RA_0LA1RC_1LA1LB	3	2	0	181
1RB1LD_1LC0RA_0LA1RC_1RC1LA	2	2	0	158
1RB1LD_1LC0RA_0LB1LA_1RD0LC	2	2	0	210
1RB1LD_1LC0RA_0LD1RC_1RC1LA	2	2	0	158
1RB1LD_1LC0RA_0RA0LB_0RD1RA	2	2	0	127
1RB1LD_1LC0RA_0RA0LB_1RA0LD	2	2	0	119
1RB1LD_1LC0RA_0RA0LB_1RD1RA	2	2	0	103
1RB1LD_1LC0RA_0RC1LA_0LD1LC	2	2	0	112
1RB1LD_1LC0RA_1LA0LB_0LD0RA	2	2	0	67
1RB1LD_1LC0RA_1LA0LB_0LD1LA	2	2	0	65
1RB1LD_1LC0RA_1LA0LB_0LD1RA	2	2	0	119
1RB1LD_1LC0RA_1LA0LB_0RB---	2	2	0	159
1RB1LD_1LC0RA_1LA0LB_0RD0RA	2	2	0	159
1RB1LD_1LC0RA_1LA0LB_0RD1LA	2	2	0	119
1RB1LD_1LC0RA_1LA0LB_0RD1RC	2	2	0	152
1RB1LD_1LC0RA_1LA0LB_1LD1RC	2	2	0	71
1RB1LD_1LC0RA_1LA0LB_1RA0RB	2	2	0	175
1RB1LD_1LC0RA_1LA0LB_1RA1RB	2	2	0	119
1RB1LD_1LC0RA_1LA0LB_1RB---	2	2	0	115
1RB1LD_1LC0RA_1LA0LB_1RD0RA	2	2	0	115
1RB1LD_1LC0RA_1LA0LB_1RD1RA	2	2	0	158
1RB1LD_1LC0RA_1LA1RC_0RC0LC	2	2	0	260
1RB1LD_1LC0RA_1LA1RC_1LC0LC	2	2	0	183
1RB1LD_1LC0RA_1LA1RC_1RC0LC	2	2	0	173
1RB1LD_1LC0RA_1LA1RC_1RC1LA	2	2	0	131
1RB1LD_1LC0RA_1LB1LA_0RD0RB	2	2	0	199
1RB1LD_1LC0RA_1LC1LA_0RD0RB	2	2	0	199
1RB1LD_1LC0RA_1LD0LB_0RD1LA	2	2	0	123
1RB1LD_1LC0RA_1LD0LB_1RA0LD	2	2	0	93
1RB1LD_1LC0RA_1LD0LB_1RA1RB	2	2	0	123
1RB1LD_1LC0RA_1LD0LB_1RB---	2	2	0	115
1RB1LD_1LC0RA_1LD0LB_1RD0RA	2	2	0	115
1RB1LD_1LC0RA_1RA0LB_---0LC	2	2	0	115
1RB1LD_1LC0RA_1RA0LB_0LC0RA	2	2	0	119
1RB1LD_1LC0RA_1RA0LB_0LC0RD	2	2	0	133
1RB1LD_1LC0RA_1RA0LB_0LD1LA	2	2	0	69
1RB1LD_1LC0RA_1RA0LB_0RB1LA	2	2	0	169
1RB1LD_1LC0RA_1RA0LB_0RD1LA	2	2	0	123
1RB1LD_1LC0RA_1RA0LB_1RA0LD	2	2	0	115
1RB1LD_1LC0RA_1RA0LB_1RB1LA	2	2	0	119
1RB1LD_1LC0RA_1RA0LB_1RB1LD	2	2	0	119
1RB1LD_1LC0RA_1RA0LB_1RB1RD	2	2	0	103
1RB1LD_1LC0RA_1RA0LB_1RC0LD	2	2	0	112
1RB1LD_1LC0RA_1RB1LA_0LD1LC	2	2	0	106
1RB1LD_1LC0RA_1RC1LA_1RD0LC	4	2	0	1172
1RB1LD_1LC0RA_1RD0LB_0RD1LA	2	2	0	127
1RB1LD_1LC0RA_1RD0LB_1LB0RC	2	2	0	105
1RB1LD_1LC0RA_1RD0LB_1RA1RB	2	2	0	145
1RB1LD_1LC0RA_1RD0LB_1RB1LA	2	2	0	119
1RB1LD_1LC0RA_1RD0LB_1RB1LD	2	2	0	119
1RB1LD_1LC0RA_1RD0LB_1RB1RB	2	2	0	139
1RB1LD_1LC0RB_0LA1RC_1LC1LA	2	2	0	124
1RB1LD_1LC0RB_0LA1RC_1LD1LA	2	2	0	184
1RB1LD_1LC0RB_0LA1RC_1RD1LA	2	2	0	268
1RB1LD_1LC0RB_0LD1RA_0RB1RB	2	2	0	335
1RB1LD_1LC0RB_0RA0LC_1LC---	2	2	0	327
1RB1LD_1LC0RB_0RA0LC_1LD0LA	2	2	0	178
1RB1LD_1LC0RB_0RA0LC_1LD0LC	2	2	0	203
1RB1LD_1LC0RB_0RA0LC_1LD1LA	2	2	0	143
1RB1LD_1LC0RB_0RA0LC_1LD1RB	2	2	0	195
1RB1LD_1LC0RB_0RA0LC_1LD1RC	2	2	0	249
1RB1LD_1LC0RB_0RA0LC_1RA1LC	2	2	0	471
1RB1LD_1LC0RB_0RA0LC_1RD1LA	2	2	0	247
1RB1LD_1LC0RB_0RA0LD_1RD1LA	2	2	0	243
1RB1LD_1LC0RB_0RA0RD_1LC1LA	2	2	0	337
1RB1LD_1LC0RB_0RA0RD_1LD1LA	2	2	0	143
1RB1LD_1LC0RB_0RA0RD_1RD1LA	2	2	0	247
1RB1LD_1LC0RB_0RA1LA_1LB---	2	2	0	193
1RB1LD_1LC0RB_0RA1LA_1LC---	2	2	0	247
1RB1LD_1LC0RB_0RA1LA_1LD0LA	2	2	0	125
1RB1LD_1LC0RB_0RA1LA_1LD0LC	2	2	0	179
1RB1LD_1LC0RB_0RA1LA_1LD0RC	2	2	0	179
1RB1LD_1LC0RB_0RA1LA_1LD1LA	2	2	0	149
1RB1LD_1LC0RB_0RA1LA_1LD1RB	2	2	0	165
1RB1LD_1LC0RB_0RA1LA_1RA1LC	2	2	0	357
1RB1LD_1LC0RB_0RA1LA_1RC0LA	2	2	0	209
1RB1LD_1LC0RB_0RA1LA_1RC0LC	2	2	0	303
1RB1LD_1LC0RB_0RA1LA_1RC0RC	2	2	0	303
1RB1LD_1LC0RB_0RA1LA_1RC1LA	2	2	0	259
1RB1LD_1LC0RB_0RA1LA_1RC1RB	2	2	0	289
1RB1LD_1LC0RB_0RA1LA_1RD1LA	2	2	0	259
1RB1LD_1LC0RB_0RA1RA_1LC0LC	2	2	0	347
1RB1LD_1LC0RB_0RA1RA_1LC1LA	2	2	0	259
1RB1LD_1LC0RB_0RA1RA_1LC1RB	2	2	0	337
1RB1LD_1LC0RB_0RA1RA_1LD0LC	2	2	0	205
1RB1LD_1LC0RB_0RA1RA_1LD1LA	2	2	0	151
1RB1LD_1LC0RB_0RA1RA_1LD1RB	2	2	0	195
1RB1LD_1LC0RB_0RA1RA_1RD1LA	2	2	0	261
1RB1LD_1LC0RB_0RA1RB_1LC---	2	2	0	317
1RB1LD_1LC0RB_0RA1RB_1LD0LA	2	2	0	151
1RB1LD_1LC0RB_0RA1RB_1LD0LC	2	2	0	201
1RB1LD_1LC0RB_0RA1RB_1LD1LA	2	2	0	141
1RB1LD_1LC0RB_0RA1RB_1LD1RB	2	2	0	193
1RB1LD_1LC0RB_0RA1RB_1RA1LC	2	2	0	461
1RB1LD_1LC0RB_0RA1RB_1RD1LA	2	2	0	245
1RB1LD_1LC0RB_0RA1RD_1LC0RB	2	2	0	317
1RB1LD_1LC0RB_0RA1RD_1LD0LC	2	2	0	207
1RB1LD_1LC0RB_0RC1RA_1LD1LA	2	2	0	137
1RB1LD_1LC0RB_0RC1RA_1RC1LA	2	2	0	293
1RB1LD_1LC0RB_0RC1RA_1RD1LA	2	2	0	215
1RB1LD_1LC0RB_0RD0RA_1LA1LB	2	2	0	259
1RB1LD_1LC0RB_0RD0RA_1RB1LB	2	2	0	337
1RB1LD_1LC0RB_1LA1RC_0RC0LC	2	2	0	171
1RB1LD_1LC0RB_1LA1RC_1RC0LC	2	2	0	151
1RB1LD_1LC0RB_1LA1RD_0RC0LA	2	2	0	243
1RB1LD_1LC0RB_1LB0RA_1LA---	2	2	0	149
1RB1LD_1LC0RB_1LB0RA_1RA1LA	2	2	0	161
1RB1LD_1LC0RB_1LB1LD_1RA0LD	2	2	0	146
1RB1LD_1LC0RB_1LB1LD_1RA1RB	2	2	0	149
1RB1LD_1LC0RB_1LB1RA_---1LA	2	2	0	149
1RB1LD_1LC0RB_1LB1RA_1LA0RA	2	2	0	161
1RB1LD_1LC0RB_1LB1RA_1RB1LD	2	2	0	149
1RB1LD_1LC0RB_1LB1RD_0RD1LA	2	2	0	161
1RB1LD_1LC0RB_1LB1RD_1RB1LA	2	2	0	149
1RB1LD_1LC0RB_1LB1RD_1RC0LA	2	2	0	139
1RB1LD_1LC0RB_1LC0LD_1RD1LA	2	2	0	133
1RB1LD_1LC0RB_1LC0RA_0RD1LA	2	2	0	213
1RB1LD_1LC0RB_1LC0RA_1LA---	2	2	0	149
1RB1LD_1LC0RB_1LC0RA_1RA1LA	2	2	0	161
1RB1LD_1LC0RB_1LC0RA_1RA1RB	2	2	0	213
1RB1LD_1LC0RB_1LC0RA_1RB---	2	2	0	193
1RB1LD_1LC0RB_1LC0RA_1RD0RB	2	2	0	193
1RB1LD_1LC0RB_1LC1LD_1RA0LD	2	2	0	146
1RB1LD_1LC0RB_1LC1LD_1RA1LA	2	2	0	125
1RB1LD_1LC0RB_1LC1LD_1RA1RB	2	2	0	149
1RB1LD_1LC0RB_1LC1RA_---1LA	2	2	0	149
1RB1LD_1LC0RB_1LC1RA_---1RB	2	2	0	193
1RB1LD_1LC0RB_1LC1RA_0RA0LD	2	2	0	203
1RB1LD_1LC0RB_1LC1RA_1LA0RA	2	2	0	161
1RB1LD_1LC0RB_1LC1RA_1LA1LD	2	2	0	127
1RB1LD_1LC0RB_1LC1RA_1RB0RA	2	2	0	213
1RB1LD_1LC0RB_1LC1RA_1RB1LD	2	2	0	149
1RB1LD_1LC0RB_1LC1RD_0RD1LA	2	2	0	161
1RB1LD_1LC0RB_1LC1RD_1LA0LC	2	2	0	137
1RB1LD_1LC0RB_1LC1RD_1LA0RC	2	2	0	119
1RB1LD_1LC0RB_1LC1RD_1LA1LA	2	2	0	127
1RB1LD_1LC0RB_1LC1RD_1RA1LA	2	2	0	135
1RB1LD_1LC0RB_1LC1RD_1RB1LA	2	2	0	149
1RB1LD_1LC0RB_1LC1RD_1RC1LA	2	2	0	143
1RB1LD_1LC0RB_1LD0LD_1RA1LC	2	2	0	206
1RB1LD_1LC0RB_1LD0LD_1RD1LA	2	2	0	223
1RB1LD_1LC0RB_1LD0RD_1RD1LA	2	2	0	223
1RB1LD_1LC0RB_1LD1LA_1RA1LC	2	2	0	191
1RB1LD_1LC0RB_1LD1LA_1RC0LA	2	2	0	193
1RB1LD_1LC0RB_1LD1LA_1RC0RC	2	2	0	271
1RB1LD_1LC0RB_1LD1LA_1RC1LA	2	2	0	235
1RB1LD_1LC0RB_1LD1LA_1RC1RB	2	2	0	257
1RB1LD_1LC0RB_1LD1LA_1RD1LA	2	2	0	235
1RB1LD_1LC0RB_1LD1RA_1LC1LA	2	2	0	149
1RB1LD_1LC0RB_1LD1RA_1LC1RB	2	2	0	183
1RB1LD_1LC0RB_1LD1RA_1LD1LA	2	2	0	139
1RB1LD_1LC0RB_1LD1RA_1RC1LA	2	2	0	335
1RB1LD_1LC0RB_1LD1RA_1RD1LA	2	2	0	237
1RB1LD_1LC0RB_1LD1RB_1RD1LA	2	2	0	221
1RB1LD_1LC0RB_1RA0LD_0RA1LC	2	2	0	327
1RB1LD_1LC0RB_1RA0RA_0LC1LC	2	2	0	347
1RB1LD_1LC0RB_1RA0RA_1LA1LC	2	2	0	259
1RB1LD_1LC0RB_1RA0RA_1RB1LC	2	2	0	337
1RB1LD_1LC0RB_1RA1LA_---1LB	2	2	0	193
1RB1LD_1LC0RB_1RA1LA_---1LC	2	2	0	247
1RB1LD_1LC0RB_1RA1LA_1LC0RA	2	2	0	357
1RB1LD_1LC0RB_1RA1LA_1LC1LD	2	2	0	193
1RB1LD_1LC0RB_1RA1LA_1LC1RC	2	2	0	249
1RB1LD_1LC0RB_1RA1LD_1LA1LC	2	2	0	209
1RB1LD_1LC0RB_1RA1LD_1RB1LC	2	2	0	247
1RB1LD_1LC0RB_1RA1RB_---1LC	2	2	0	317
1RB1LD_1LC0RB_1RA1RB_1LC0RA	2	2	0	461
1RB1LD_1LC0RB_1RC0LD_1RD1LA	2	2	0	321
1RB1LD_1LC0RB_1RC1LA_1LC---	2	2	0	193
1RB1LD_1LC0RB_1RC1LA_1LD0LA	2	2	0	125
1RB1LD_1LC0RB_1RC1LA_1LD0RC	2	2	0	179
1RB1LD_1LC0RB_1RC1LA_1LD1LA	2	2	0	149
1RB1LD_1LC0RB_1RC1LA_1LD1RB	2	2	0	165
1RB1LD_1LC0RB_1RC1LA_1RA1LC	2	2	0	247
1RB1LD_1LC0RB_1RC1LA_1RC0LA	2	2	0	201
1RB1LD_1LC0RB_1RC1LA_1RC0RC	2	2	0	287
1RB1LD_1LC0RB_1RC1LA_1RC1LA	2	2	0	247
1RB1LD_1LC0RB_1RC1LA_1RC1RB	2	2	0	273
1RB1LD_1LC0RB_1RC1LA_1RD1LA	2	2	0	247
1RB1LD_1LC0RB_1RD0LC_1LD1LA	2	2	0	139
1RB1LD_1LC0RB_1RD0LC_1RD1LA	2	2	0	233
1RB1LD_1LC0RB_1RD0LD_1RD1LA	2	2	0	233
1RB1LD_1LC0RB_1RD0RC_1LD1LA	2	2	0	153
1RB1LD_1LC0RB_1RD0RD_1LC1LA	2	2	0	189
1RB1LD_1LC0RB_1RD0RD_1LD1LA	2	2	0	143
1RB1LD_1LC0RB_1RD0RD_1RD1LA	2	2	0	235
1RB1LD_1LC0RB_1RD1LA_0LD1RB	4	2	0	522
1RB1LD_1LC0RB_1RD1LA_1LC1LA	2	2	0	193
1RB1LD_1LC0RB_1RD1LA_1LC1RC	2	2	0	231
1RB1LD_1LC0RB_1RD1LA_1LD0LA	2	2	0	99
1RB1LD_1LC0RB_1RD1LA_1LD1LA	2	2	0	149
1RB1LD_1LC0RB_1RD1LA_1LD1RB	2	2	0	85
1RB1LD_1LC0RB_1RD1LA_1RC0LA	2	2	0	155
1RB1LD_1LC0RB_1RD1LA_1RC1LA	2	2	0	247
1RB1LD_1LC0RB_1RD1LA_1RC1RB	2	2	0	129
1RB1LD_1LC0RB_1RD1LA_1RD1LA	2	2	0	247
1RB1LD_1LC0RB_1RD1RA_1LC1LA	2	2	0	205
1RB1LD_1LC0RB_1RD1RA_1LD1LA	2	2	0	151
1RB1LD_1LC0RB_1RD1RA_1RC1LA	2	2	0	347
1RB1LD_1LC0RB_1RD1RA_1RD1LA	2	2	0	249
1RB1LD_1LC0RB_1RD1RB_1LC1LA	2	2	0	187
1RB1LD_1LC0RB_1RD1RB_1LD0LA	2	2	0	201
1RB1LD_1LC0RB_1RD1RB_1LD1LA	2	2	0	141
1RB1LD_1LC0RB_1RD1RB_1RD1LA	2	2	0	233
1RB1LD_1LC0RB_1RD1RC_1LD1LA	2	2	0	127
1RB1LD_1LC0RC_---1RA_0LA1LA	4	2	0	358
1RB1LD_1LC0RC_0LA1LA_---0LB	3	2	0	616
1RB1LD_1LC0RC_0LA1LA_---1LA	2	2	0	228
1RB1LD_1LC0RC_0LA1LA_---1LC	3	2	0	853
1RB1LD_1LC0RC_0LA1RC_0LD1LA	2	3	0	267
1RB1LD_1LC0RC_0LA1RC_1LC1LA	2	2	0	232
1RB1LD_1LC0RC_0LA1RC_1RC1LA	2	2	0	249
1RB1LD_1LC0RC_0LB1LA_0LA1LC	3	2	0	260
1RB1LD_1LC0RC_0LB1LA_1LA1LC	3	2	0	471
1RB1LD_1LC0RC_0LB1LA_1RD1LC	3	2	0	481
1RB1LD_1LC0RC_0LD1RC_1RC1LA	2	2	0	222
1RB1LD_1LC0RC_0RD1LA_1LD1LC	3	2	0	456
1RB1LD_1LC0RC_1LA0LC_---1RC	2	2	0	291
1RB1LD_1LC0RC_1LA0LC_0LC0LD	2	2	0	324
1RB1LD_1LC0RC_1LA0LC_0RB0LD	2	2	0	412
1RB1LD_1LC0RC_1LA0LC_1LC1RD	2	2	0	172
1RB1LD_1LC0RC_1LA0LC_1RA1RD	2	2	0	126
1RB1LD_1LC0RC_1LA0LC_1RB1RD	2	2	0	222
1RB1LD_1LC0RC_1LA0LC_1RC0RA	2	2	0	305
1RB1LD_1LC0RC_1LA0RD_1LD1LC	3	2	0	714
1RB1LD_1LC0RC_1LA0RD_1RC1LC	3	2	0	772
1RB1LD_1LC0RC_1LA1LC_0LC0LD	2	2	0	317
1RB1LD_1LC0RC_1LA1RC_0LC0LD	2	2	0	342
1RB1LD_1LC0RC_1LA1RC_1LC1LD	2	2	0	417
1RB1LD_1LC0RC_1LA1RD_1LC0RB	3	2	0	206
1RB1LD_1LC0RC_1LB1LA_0LA0LB	4	2	0	893
1RB1LD_1LC0RC_1LB1LA_1LA1LC	3	2	0	464
1RB1LD_1LC0RC_1LB1LA_1RD1LC	3	2	0	476
1RB1LD_1LC0RC_1LC1LA_0LA0LB	4	2	0	893
1RB1LD_1LC0RC_1LC1LA_1LA1LC	3	2	0	464
1RB1LD_1LC0RC_1LC1LA_1RD1LC	3	2	0	476
1RB1LD_1LC0RC_1RD0RB_1LD1LA	2	2	0	153
1RB1LD_1LC0RC_1RD1LA_0LD1LC	3	2	0	495
1RB1LD_1LC0RC_1RD1LA_1LD1LC	3	2	0	482
1RB1LD_1LC0RC_1RD1LC_0LA1RB	2	2	0	186
1RB1LD_1LC0RC_1RD1LC_1LA1RB	2	2	0	174
1RB1LD_1LC0RD_0LA0RD_1LA1RC	2	2	0	70
1RB1LD_1LC0RD_0LA1RA_1RC1LA	2	2	0	202
1RB1LD_1LC0RD_0LA1RC_1RC1LA	2	2	0	256
1RB1LD_1LC0RD_0LB1LA_0RB1LA	2	2	0	114
1RB1LD_1LC0RD_0LB1RA_0RB1LA	2	2	0	124
1RB1LD_1LC0RD_0LB1RA_0RB1RB	2	2	0	99
1RB1LD_1LC0RD_0LB1RA_0RB1RD	2	2	0	129
1RB1LD_1LC0RD_0LB1RD_0RB1LA	2	2	0	112
1RB1LD_1LC0RD_0LC0LD_1LA1RC	2	2	0	412
1RB1LD_1LC0RD_0LC1LA_1RB1LC	2	2	0	106
1RB1LD_1LC0RD_0LC1RA_0LC1LA	2	2	0	250
1RB1LD_1LC0RD_0RA0LC_1LC0RB	2	2	0	327
1RB1LD_1LC0RD_0RA0LC_1LC0RD	2	2	0	327
1RB1LD_1LC0RD_0RA1LA_1LC0RB	2	2	0	247
1RB1LD_1LC0RD_0RA1LA_1LC0RD	2	2	0	247
1RB1LD_1LC0RD_0RA1LB_0RD0LC	2	2	0	176
1RB1LD_1LC0RD_0RA1LB_0RD1RB	2	2	0	120
1RB1LD_1LC0RD_0RA1LB_1LA0LC	2	2	0	146
1RB1LD_1LC0RD_0RA1LB_1LA1RB	2	2	0	106
1RB1LD_1LC0RD_0RA1RB_1LC0RB	2	2	0	317
1RB1LD_1LC0RD_0RA1RB_1LC0RD	2	2	0	317
1RB1LD_1LC0RD_0RA1RD_1LC0RB	2	2	0	317
1RB1LD_1LC0RD_1LA0LB_1RB0RA	2	2	0	121
1RB1LD_1LC0RD_1LA0LB_1RB0RD	2	2	0	259
1RB1LD_1LC0RD_1LA0LB_1RB1RD	2	2	0	401
1RB1LD_1LC0RD_1LA0LC_1LA1RC	2	2	0	298
1RB1LD_1LC0RD_1LA0LC_1RD1RC	2	2	0	330
1RB1LD_1LC0RD_1LA1LB_0RA1LA	2	2	0	194
1RB1LD_1LC0RD_1LA1RC_1RC0LC	2	2	0	167
1RB1LD_1LC0RD_1LA1RC_1RC1LA	2	2	0	204
1RB1LD_1LC0RD_1LB0RA_1LA0RB	2	2	0	149
1RB1LD_1LC0RD_1LB1RB_0RB0RA	2	2	0	121
1RB1LD_1LC0RD_1LC0RA_1LA0RB	2	2	0	149
1RB1LD_1LC0RD_1LC1RB_0RB0RA	2	2	0	121
1RB1LD_1LC0RD_1LD0LB_1RB0RA	2	2	0	92
1RB1LD_1LC0RD_1LD0RD_1LC1LA	2	2	0	215
1RB1LD_1LC0RD_1LD1LB_1RA1RB	2	2	0	106
1RB1LD_1LC0RD_1LD1RB_1LC1LA	2	2	0	213
1RB1LD_1LC0RD_1RA0LB_1RB0LC	2	2	0	115
1RB1LD_1LC0RD_1RA0LB_1RB1LA	2	2	0	119
1RB1LD_1LC0RD_1RA0LB_1RB1LD	2	2	0	119
1RB1LD_1LC0RD_1RA0LB_1RB1RD	2	2	0	103
1RB1LD_1LC0RD_1RA1LB_0RA1LA	2	2	0	202
1RB1LD_1LC0RD_1RA1LC_0RA0LC	2	2	0	100
1RB1LD_1LC0RD_1RB1RA_1LC0LD	2	2	0	293
1RB1LD_1LC0RD_1RC1LA_1LC0RB	2	2	0	193
1RB1LD_1LC0RD_1RC1LA_1LC0RD	2	2	0	193
1RB1LD_1LC0RD_1RC1RA_1LC1LA	2	2	0	198
1RB1LD_1LC0RD_1RD0LB_1RB1LA	2	2	0	119
1RB1LD_1LC0RD_1RD0RD_1LC1LA	2	2	0	227
1RB1LD_1LC0RD_1RD1RB_1LC1LA	2	2	0	225
1RB1LD_1LC1LA_0LA1RC_---1LB	3	2	0	149
1RB1LD_1LC1LA_0LA1RC_1RC1LA	2	2	0	86
1RB1LD_1LC1LA_0LB1RC_0LA1LB	3	2	0	178
1RB1LD_1LC1LA_0LB1RD_1RC0LA	2	2	0	171
1RB1LD_1LC1LA_0LD1RC_1RC1LA	2	2	0	95
1RB1LD_1LC1LA_0RB1RD_1RC0LA	2	2	0	139
1RB1LD_1LC1LA_1LA1RC_0RC1LA	2	2	0	145
1RB1LD_1LC1LA_1LB1RC_0LA0LC	3	2	0	322
1RB1LD_1LC1LA_1LB1RC_0LA1LB	3	2	0	256
1RB1LD_1LC1LA_1LB1RC_1RC0LC	3	2	0	318
1RB1LD_1LC1LA_1LB1RC_1RC1LB	3	2	0	250
1RB1LD_1LC1LA_1LB1RD_1RC0LA	2	2	0	131
1RB1LD_1LC1LA_1LD1RC_0RC1LA	2	2	0	137
1RB1LD_1LC1LA_1RC0RB_0LB0LD	2	2	0	272
1RB1LD_1LC1LA_1RC0RB_0LC0LD	2	2	0	100
1RB1LD_1LC1LA_1RC0RB_1LC0LD	2	2	0	317
1RB1LD_1LC1LA_1RC0RB_1RC0LD	2	2	0	194
1RB1LD_1LC1LA_1RC1RB_0LC0LD	2	2	0	90
1RB1LD_1LC1LA_1RC1RB_1RC0LD	2	2	0	174
1RB1LD_1LC1LB_0LA1RC_---1LA	2	2	0	75
1RB1LD_1LC1LB_1LD1RC_0RC1LA	2	2	0	131
1RB1LD_1LC1LC_0LA1RC_1RC1LA	2	2	0	158
1RB1LD_1LC1LC_0LD1RC_1RC1LA	2	2	0	158
1RB1LD_1LC1LC_1LA0RD_1LB1RC	2	2	0	120
1RB1LD_1LC1LC_1LA1RC_---0RB	2	2	0	185
1RB1LD_1LC1LC_1LA1RC_---1LA	2	2	0	131
1RB1LD_1LC1LC_1LD1RC_0RC1LA	2	2	0	125
1RB1LD_1LC1LC_1RD1RC_0LD1LA	2	2	0	138
1RB1LD_1LC1LD_0RD0RB_1RC1LA	2	2	0	239
1RB1LD_1LC1LD_1LA0RB_1RC1LA	2	2	0	215
1RB1LD_1LC1LD_1LB0RB_1RC1LA	2	2	0	215
1RB1LD_1LC1LD_1LB1RD_1RC0LA	2	2	0	225
1RB1LD_1LC1LD_1RA0RB_1RC1LA	2	2	0	227
1RB1LD_1LC1LD_1RB0RB_1RC1LA	2	2	0	227
1RB1LD_1LC1LD_1RD0LB_1RA0RC	2	2	0	246
1RB1LD_1LC1RA_---1LA_1RB0LA	2	2	0	176
1RB1LD_1LC1RA_---1LD_1RB0LA	2	2	0	118
1RB1LD_1LC1RA_---1LD_1RB0LC	2	2	0	118
1RB1LD_1LC1RA_0LA1RC_1RC1LA	2	2	0	94
1RB1LD_1LC1RA_0LD1RC_1RC1LA	2	2	0	103
1RB1LD_1LC1RA_0RA0LB_1LA0LD	2	2	0	198
1RB1LD_1LC1RA_0RA1LA_1LC0RB	2	2	0	251
1RB1LD_1LC1RA_0RA1LA_1LC0RD	2	2	0	259
1RB1LD_1LC1RA_0RA1LB_1RB0LA	2	2	0	133
1RB1LD_1LC1RA_0RB1LA_1RC0LD	3	2	0	1256
1RB1LD_1LC1RA_0RC0LD_1RD0LB	2	2	0	243
1RB1LD_1LC1RA_0RD0LB_1LA0LD	2	2	0	159
1RB1LD_1LC1RA_1LA0LB_1LA0LD	2	2	0	196
1RB1LD_1LC1RA_1LA0RD_1LA1RC	2	2	0	123
1RB1LD_1LC1RA_1LA1LA_0LD0RB	4	2	0	612
1RB1LD_1LC1RA_1LA1LB_1RB0LA	2	2	0	120
1RB1LD_1LC1RA_1LA1RC_0RC0LC	2	2	0	195
1RB1LD_1LC1RA_1LA1RC_0RC1LA	2	2	0	155
1RB1LD_1LC1RA_1LA1RC_1RB0LA	2	2	0	290
1RB1LD_1LC1RA_1LA1RC_1RC0LC	2	2	0	175
1RB1LD_1LC1RA_1LB1LA_1LC0RD	2	2	0	149
1RB1LD_1LC1RA_1LB1RC_1RB0LA	2	2	0	114
1RB1LD_1LC1RA_1LC0LD_0RA0RB	2	2	0	164
1RB1LD_1LC1RA_1LC0LD_1LA0RB	2	2	0	160
1RB1LD_1LC1RA_1LC1LA_0LB0RD	2	2	0	179
1RB1LD_1LC1RA_1LC1LA_0LC0RD	2	2	0	179
1RB1LD_1LC1RA_1LC1LA_0RB0RD	2	2	0	115
1RB1LD_1LC1RA_1LC1LA_0RC0RD	2	2	0	115
1RB1LD_1LC1RA_1LC1LA_1LB0RD	2	2	0	149
1RB1LD_1LC1RA_1LC1LA_1LC0RB	2	2	0	195
1RB1LD_1LC1RA_1LC1LA_1LC0RD	2	2	0	149
1RB1LD_1LC1RA_1LD0LB_1LA0LD	2	2	0	134
1RB1LD_1LC1RA_1LD1LA_1LC0RD	2	2	0	149
1RB1LD_1LC1RA_1LD1LB_1RB0LA	2	2	0	120
1RB1LD_1LC1RA_1LD1RC_0RC1LA	2	2	0	145
1RB1LD_1LC1RA_1LD1RC_1RB0LA	2	2	0	106
1RB1LD_1LC1RA_1RA0LB_0LC0LD	2	2	0	182
1RB1LD_1LC1RA_1RB1LB_1RB0LA	2	2	0	131
1RB1LD_1LC1RA_1RC0LB_1LC0LD	2	2	0	166
1RB1LD_1LC1RA_1RC1LA_1LC0RD	2	2	0	205
1RB1LD_1LC1RA_1RC1LB_0LC0LD	2	2	0	102
1RB1LD_1LC1RA_1RC1LB_1RC0LD	2	2	0	196
1RB1LD_1LC1RA_1RD1LB_1RB0LA	2	2	0	129
1RB1LD_1LC1RB_---1LA_---1LA	2	2	0	120
1RB1LD_1LC1RB_---1RA_---1LA	2	2	0	132
1RB1LD_1LC1RB_0LA1LA_---0LB	3	2	0	334
1RB1LD_1LC1RB_0LA1LA_---1LC	3	2	0	449
1RB1LD_1LC1RB_0LA1RC_---1LA	2	2	0	148
1RB1LD_1LC1RB_0LD1RC_1RC1LA	2	2	0	140
1RB1LD_1LC1RB_0RA1LD_0RB0LB	2	2	0	211
1RB1LD_1LC1RB_0RA1LD_0RB1LC	2	2	0	157
1RB1LD_1LC1RB_0RB1LA_---0LB	3	2	0	340
1RB1LD_1LC1RB_0RB1LA_---1LC	3	2	0	483
1RB1LD_1LC1RB_0RB1LD_1RA1LC	2	2	0	139
1RB1LD_1LC1RB_1LA0RD_---1LC	3	2	0	332
1RB1LD_1LC1RB_1LA1LA_---1LC	3	2	0	252
1RB1LD_1LC1RB_1LA1RC_0RC0LC	2	2	0	164
1RB1LD_1LC1RB_1LA1RC_0RC1LA	2	2	0	206
1RB1LD_1LC1RB_1LD1RC_0RC1LA	2	2	0	218
1RB1LD_1LC1RB_1RD1LA_---1LC	3	2	0	264
1RB1LD_1LC1RB_1RD1RC_1LD1LA	2	2	0	118
1RB1LD_1LC1RC_0LA1RB_---0LA	2	2	0	177
1RB1LD_1LC1RC_0LA1RB_---0LB	2	2	0	183
1RB1LD_1LC1RC_0LA1RB_---1LA	2	2	0	148
1RB1LD_1LC1RC_0LA1RC_1RC1LA	2	2	0	150
1RB1LD_1LC1RC_0LC0RD_1LD1LA	2	2	0	181
1RB1LD_1LC1RC_0LC1RD_1LA0RC	2	2	0	166
1RB1LD_1LC1RC_0LD1LA_1RD0RB	2	2	0	331
1RB1LD_1LC1RC_0LD1RC_1RC1LA	2	2	0	150
1RB1LD_1LC1RC_0LD1RD_1LA0RC	2	2	0	150
1RB1LD_1LC1RC_1LA0RD_---1LA	2	2	0	169
1RB1LD_1LC1RC_1LA0RD_1LA1RC	2	2	0	117
1RB1LD_1LC1RC_1LA1RB_---0LA	2	2	0	194
1RB1LD_1LC1RC_1LA1RB_---0LB	2	2	0	145
1RB1LD_1LC1RC_1LA1RB_---1LA	2	2	0	121
1RB1LD_1LC1RC_1LA1RC_---1LA	2	2	0	121
1RB1LD_1LC1RC_1LB1RD_1LA0RC	2	2	0	118
1RB1LD_1LC1RC_1LC1RD_1LA0RC	2	2	0	118
1RB1LD_1LC1RC_1LD0RD_0RD1LA	2	2	0	179
1RB1LD_1LC1RC_1LD1RC_0RC1LA	2	2	0	117
1RB1LD_1LC1RC_1LD1RD_1LA0RC	2	2	0	123
1RB1LD_1LC1RC_1RC1LA_1LA0LD	2	2	0	200
1RB1LD_1LC1RC_1RC1RA_1LA0LD	2	2	0	72
1RB1LD_1LC1RC_1RD0RD_0LD1LA	2	2	0	176
1RB1LD_1LC1RC_1RD1RB_0LD0LA	2	2	0	184
1RB1LD_1LC1RC_1RD1RB_0LD1LA	2	2	0	128
1RB1LD_1LC1RC_1RD1RB_1LD0LA	2	2	0	139
1RB1LD_1LC1RC_1RD1RB_1LD1LA	2	2	0	118
1RB1LD_1LC1RC_1RD1RC_0LD1LA	2	2	0	128
1RB1LD_1LC1RC_1RD1RD_1LA0RC	2	2	0	102
1RB1LD_1LC1RD_0LA0LD_1LA0RB	2	2	0	797
1RB1LD_1LC1RD_0LA0RA_1LA0RB	2	2	0	798
1RB1LD_1LC1RD_0LA0RB_1LA0RB	2	2	0	766
1RB1LD_1LC1RD_0LA0RD_1LA0RB	2	2	0	256
1RB1LD_1LC1RD_0LA1LA_1LA0RB	2	2	0	796
1RB1LD_1LC1RD_0LA1LD_1LA0RB	2	2	0	246
1RB1LD_1LC1RD_0LA1RA_1LA0RB	2	2	0	768
1RB1LD_1LC1RD_0LA1RB_1LA0RB	2	2	0	257
1RB1LD_1LC1RD_0LA1RC_1LA0RB	2	2	0	770
1RB1LD_1LC1RD_0LA1RD_1LA0RB	2	2	0	799
1RB1LD_1LC1RD_0LB0LD_1LA0RB	2	2	0	227
1RB1LD_1LC1RD_0LB0RA_1LA0RB	2	2	0	213
1RB1LD_1LC1RD_0LB0RB_1LA0RB	2	2	0	214
1RB1LD_1LC1RD_0LB1LA_1LA0RB	2	2	0	211
1RB1LD_1LC1RD_0LB1LD_1LA0RB	2	2	0	219
1RB1LD_1LC1RD_0LB1RA_1LA0RB	2	2	0	216
1RB1LD_1LC1RD_0LB1RA_1RC0LD	2	2	0	232
1RB1LD_1LC1RD_0LB1RB_1LA0RB	2	2	0	226
1RB1LD_1LC1RD_0LB1RC_1LA0RB	2	2	0	228
1RB1LD_1LC1RD_0LB1RD_1LA0RB	2	2	0	213
1RB1LD_1LC1RD_0LC1LA_0RD0RB	2	2	0	212
1RB1LD_1LC1RD_0LC1LA_1LA0RB	2	2	0	236
1RB1LD_1LC1RD_0LC1LD_1LA0RB	2	2	0	246
1RB1LD_1LC1RD_0LC1RD_1LA0RB	2	2	0	213
1RB1LD_1LC1RD_0LC1RD_1LA0RC	2	2	0	252
1RB1LD_1LC1RD_0LD0LB_1LA0RB	2	2	0	264
1RB1LD_1LC1RD_0LD0LC_1LA0RB	2	2	0	251
1RB1LD_1LC1RD_0LD0LD_1LA0RB	2	2	0	266
1RB1LD_1LC1RD_0LD0RA_1LA0RB	2	2	0	258
1RB1LD_1LC1RD_0LD0RB_1LA0RB	2	2	0	265
1RB1LD_1LC1RD_0LD0RC_1LA0RB	2	2	0	273
1RB1LD_1LC1RD_0LD0RD_1LA0RB	2	2	0	261
1RB1LD_1LC1RD_0LD1LA_1LA0RB	2	2	0	256
1RB1LD_1LC1RD_0LD1LB_1LA0RB	2	2	0	239
1RB1LD_1LC1RD_0LD1LC_1LA0RB	2	2	0	259
1RB1LD_1LC1RD_0LD1LD_1LA0RB	2	2	0	270
1RB1LD_1LC1RD_0LD1RA_1LA0RB	2	2	0	267
1RB1LD_1LC1RD_0LD1RB_1LA0RB	2	2	0	269
1RB1LD_1LC1RD_0LD1RC_1LA0RB	2	2	0	274
1RB1LD_1LC1RD_0LD1RD_1LA0RB	2	2	0	272
1RB1LD_1LC1RD_0LD1RD_1LA0RC	2	2	0	242
1RB1LD_1LC1RD_0RA0LB_1LA0RB	2	2	0	214
1RB1LD_1LC1RD_0RA0LC_1LA0RB	2	2	0	228
1RB1LD_1LC1RD_0RA0LC_1LC0RD	2	2	0	337
1RB1LD_1LC1RD_0RA0LD_1LA0RB	2	2	0	227
1RB1LD_1LC1RD_0RA0RA_1LA0RB	2	2	0	213
1RB1LD_1LC1RD_0RA0RB_1LA0RB	2	2	0	214
1RB1LD_1LC1RD_0RA0RD_1LA0RB	2	2	0	235
1RB1LD_1LC1RD_0RA1LA_1LA0RB	2	2	0	211
1RB1LD_1LC1RD_0RA1LB_1LA0RB	2	2	0	218
1RB1LD_1LC1RD_0RA1LC_1LA0RB	2	2	0	221
1RB1LD_1LC1RD_0RA1LD_1LA0RB	2	2	0	219
1RB1LD_1LC1RD_0RA1RA_1LA0RB	2	2	0	216
1RB1LD_1LC1RD_0RA1RB_1LA0RB	2	2	0	226
1RB1LD_1LC1RD_0RA1RD_1LA0RB	2	2	0	213
1RB1LD_1LC1RD_0RB0LB_1LA0RB	2	2	0	205
1RB1LD_1LC1RD_0RB0LC_1LA0RB	2	2	0	202
1RB1LD_1LC1RD_0RB0LD_1LA0RB	2	2	0	211
1RB1LD_1LC1RD_0RB0RA_1LA0RB	2	2	0	218
1RB1LD_1LC1RD_0RB0RB_1LA0RB	2	2	0	218
1RB1LD_1LC1RD_0RB0RC_1LA0RB	2	2	0	222
1RB1LD_1LC1RD_0RB0RD_1LA0RB	2	2	0	213
1RB1LD_1LC1RD_0RB1LA_1LA0RB	2	2	0	216
1RB1LD_1LC1RD_0RB1LB_1LA0RB	2	2	0	207
1RB1LD_1LC1RD_0RB1LC_1LA0RB	2	2	0	200
1RB1LD_1LC1RD_0RB1LC_1LA1RB	2	2	0	102
1RB1LD_1LC1RD_0RB1LD_1LA0RB	2	2	0	207
1RB1LD_1LC1RD_0RB1RA_1LA0RB	2	2	0	220
1RB1LD_1LC1RD_0RB1RB_1LA0RB	2	2	0	211
1RB1LD_1LC1RD_0RB1RC_1LA0RB	2	2	0	207
1RB1LD_1LC1RD_0RB1RD_1LA0RB	2	2	0	198
1RB1LD_1LC1RD_0RC0LD_1LA0RB	2	2	0	238
1RB1LD_1LC1RD_0RC1LD_1LA0RB	2	2	0	219
1RB1LD_1LC1RD_0RC1RA_1LA0RB	2	2	0	215
1RB1LD_1LC1RD_0RC1RD_1LA0RB	2	2	0	198
1RB1LD_1LC1RD_0RD1LC_1LA1RB	2	2	0	93
1RB1LD_1LC1RD_1LA0LB_1LA0RB	2	2	0	202
1RB1LD_1LC1RD_1LA0LC_1LA0RB	2	2	0	219
1RB1LD_1LC1RD_1LA0LC_1RD1RC	2	2	0	126
1RB1LD_1LC1RD_1LA0LD_1LA0RB	2	2	0	219
1RB1LD_1LC1RD_1LA0RA_1LA0RB	2	2	0	205
1RB1LD_1LC1RD_1LA0RB_1LA0RB	2	2	0	206
1RB1LD_1LC1RD_1LA0RC_1LA0RB	2	2	0	213
1RB1LD_1LC1RD_1LA0RD_1LA0RB	2	2	0	223
1RB1LD_1LC1RD_1LA0RD_1LA1RC	2	2	0	189
1RB1LD_1LC1RD_1LA1LA_1LA0RB	2	2	0	203
1RB1LD_1LC1RD_1LA1LB_1LA0RB	2	2	0	210
1RB1LD_1LC1RD_1LA1LB_1LC0RB	2	2	0	183
1RB1LD_1LC1RD_1LA1LC_1LA0RB	2	2	0	211
1RB1LD_1LC1RD_1LA1LD_1LA0RB	2	2	0	211
1RB1LD_1LC1RD_1LA1LD_1LC0RB	2	2	0	111
1RB1LD_1LC1RD_1LA1RA_1LA0RB	2	2	0	208
1RB1LD_1LC1RD_1LA1RB_1LA0RB	2	2	0	218
1RB1LD_1LC1RD_1LA1RC_1LA0RB	2	2	0	218
1RB1LD_1LC1RD_1LA1RD_1LA0RB	2	2	0	205
1RB1LD_1LC1RD_1LB0LD_1LA0RB	2	2	0	217
1RB1LD_1LC1RD_1LB0RA_1LA0RB	2	2	0	226
1RB1LD_1LC1RD_1LB0RB_1LA0RB	2	2	0	224
1RB1LD_1LC1RD_1LB1LA_1LA0RB	2	2	0	224
1RB1LD_1LC1RD_1LB1LD_1LA0RB	2	2	0	213
1RB1LD_1LC1RD_1LB1RA_1LA0RB	2	2	0	226
1RB1LD_1LC1RD_1LB1RB_1LA0RB	2	2	0	219
1RB1LD_1LC1RD_1LB1RC_1LA0RB	2	2	0	217
1RB1LD_1LC1RD_1LB1RD_1LA0RB	2	2	0	206
1RB1LD_1LC1RD_1LB1RD_1LA0RC	2	2	0	206
1RB1LD_1LC1RD_1LC0LD_1LA0RB	2	2	0	260
1RB1LD_1LC1RD_1LC0RA_0RB0RD	2	2	0	190
1RB1LD_1LC1RD_1LC1LA_0RB0RD	2	2	0	235
1RB1LD_1LC1RD_1LC1LA_0RC0RD	2	2	0	130
1RB1LD_1LC1RD_1LC1LD_1LA0RB	2	2	0	211
1RB1LD_1LC1RD_1LC1RD_1LA0RB	2	2	0	206
1RB1LD_1LC1RD_1LC1RD_1LA0RC	2	2	0	206
1RB1LD_1LC1RD_1LD1RC_1RB0LA	2	2	0	106
1RB1LD_1LC1RD_1LD1RD_1LA0RC	2	2	0	205
1RB1LD_1LC1RD_1RA0LB_1LA0RB	2	2	0	215
1RB1LD_1LC1RD_1RA0LC_0LA0RB	2	2	0	254
1RB1LD_1LC1RD_1RA0LC_1LA0RB	2	2	0	207
1RB1LD_1LC1RD_1RA0LD_1LA0RB	2	2	0	217
1RB1LD_1LC1RD_1RA0RA_1LA0RB	2	2	0	226
1RB1LD_1LC1RD_1RA0RB_1LA0RB	2	2	0	224
1RB1LD_1LC1RD_1RA0RD_1LA0RB	2	2	0	221
1RB1LD_1LC1RD_1RA1LA_1LA0RB	2	2	0	224
1RB1LD_1LC1RD_1RA1LB_1LA0RB	2	2	0	215
1RB1LD_1LC1RD_1RA1LC_---1RB	2	2	0	132
1RB1LD_1LC1RD_1RA1LC_1LA0RB	2	2	0	210
1RB1LD_1LC1RD_1RA1LD_1LA0RB	2	2	0	213
1RB1LD_1LC1RD_1RA1RA_1LA0RB	2	2	0	226
1RB1LD_1LC1RD_1RA1RB_1LA0RB	2	2	0	219
1RB1LD_1LC1RD_1RA1RD_1LA0RB	2	2	0	206
1RB1LD_1LC1RD_1RC0RB_1LA0LC	2	2	0	217
1RB1LD_1LC1RD_1RC1LD_1LA0RB	2	2	0	213
1RB1LD_1LC1RD_1RD0LB_0LA0RB	3	2	0	279
1RB1LD_1LC1RD_1RD1RD_1LA0RC	2	2	0	190
1RB1LD_1RC---_0LA0RB_0LA0LB	2	2	0	117
1RB1LD_1RC---_0LA0RC_---0LA	2	2	0	165
1RB1LD_1RC---_0LA1RB_---0LA	2	2	0	119
1RB1LD_1RC---_0LA1RD_1RC0LA	2	2	0	119
1RB1LD_1RC---_0LD1RC_0LA1LA	2	2	0	76
1RB1LD_1RC---_0LD1RC_1LB1LA	2	2	0	76
1RB1LD_1RC---_0LD1RD_1RC0LA	2	2	0	148
1RB1LD_1RC---_1LA1RD_1RC0LA	2	2	0	202
1RB1LD_1RC---_1LC1RD_1RC0LA	2	2	0	131
1RB1LD_1RC---_1LD1RD_1RC0LA	2	2	0	92
1RB1LD_1RC---_1RD0RC_0LA0RC	2	2	0	151
1RB1LD_1RC---_1RD1LC_0LA0RC	2	2	0	311
1RB1LD_1RC---_1RD1RB_0LD0LA	2	2	0	126
1RB1LD_1RC---_1RD1RB_1LD0LA	2	2	0	93
1RB1LD_1RC0LA_0LA0RB_0LD1LC	2	2	0	197
1RB1LD_1RC0LA_0LA0RB_1LA0LA	4	2	0	647
1RB1LD_1RC0LA_0RD0RC_1LA1LB	4	2	0	852
1RB1LD_1RC0LA_0RD1RC_1LD1LB	3	2	0	304
1RB1LD_1RC0LA_1LA0LD_1LD0RB	2	2	0	327
1RB1LD_1RC0LA_1LA0RB_1LA0LA	4	2	0	614
1RB1LD_1RC0LA_1LA0RC_1LD1LB	2	2	0	197
1RB1LD_1RC0LA_1LA1RC_0RC1LA	2	2	0	163
1RB1LD_1RC0LA_1LB0RB_0LB0LD	2	3	0	619
1RB1LD_1RC0LA_1LB0RB_0LB1LA	2	2	0	241
1RB1LD_1RC0LA_1LB0RB_0LB1LC	4	2	0	1118
1RB1LD_1RC0LA_1LB0RB_0LB1LD	2	2	0	241
1RB1LD_1RC0LA_1LC1RB_---0LA	2	2	0	131
1RB1LD_1RC0LA_1RD0RD_1LB1RC	3	2	0	661
1RB1LD_1RC0LA_1RD1RC_1LB1LD	2	2	0	102
1RB1LD_1RC0LB_1LA0RC_1LD1LB	2	2	0	213
1RB1LD_1RC0LC_0LA1RA_---1LA	2	2	0	246
1RB1LD_1RC0LC_0LA1RB_---1LA	2	2	0	192
1RB1LD_1RC0LC_1LA1RA_---0LA	4	2	0	590
1RB1LD_1RC0LC_1LA1RA_---0RB	4	2	0	684
1RB1LD_1RC0LC_1LA1RB_---0LA	2	2	0	146
1RB1LD_1RC0LC_1LA1RB_---1LA	2	2	0	175
1RB1LD_1RC0LC_1LA1RC_0RC1LA	2	2	0	153
1RB1LD_1RC0LC_1RD0RB_1LD0LA	4	2	0	799
1RB1LD_1RC0LC_1RD1RA_1LC0LA	4	2	0	524
1RB1LD_1RC0LC_1RD1RA_1LC1LA	2	2	0	212
1RB1LD_1RC0LC_1RD1RA_1LD0LA	4	2	0	508
1RB1LD_1RC0LC_1RD1RA_1LD1LA	2	2	0	204
1RB1LD_1RC0LC_1RD1RB_0LD1LA	2	2	0	182
1RB1LD_1RC0LC_1RD1RB_1LD1LA	2	2	0	158
1RB1LD_1RC0LD_0LA0RB_1LB0LA	2	2	0	155
1RB1LD_1RC0LD_0LA0RB_1LB0LB	2	2	0	122
1RB1LD_1RC0LD_0LA0RB_1LB0LD	2	2	0	118
1RB1LD_1RC0LD_0LA0RB_1LB0RA	2	2	0	120
1RB1LD_1RC0LD_0LA0RB_1LB0RB	2	2	0	113
1RB1LD_1RC0LD_0LA0RB_1LB0RC	2	2	0	128
1RB1LD_1RC0LD_0LA0RB_1LB0RD	2	2	0	113
1RB1LD_1RC0LD_0LA0RB_1LB1LB	2	2	0	118
1RB1LD_1RC0LD_0LA0RB_1LB1LC	2	2	0	139
1RB1LD_1RC0LD_0LA0RB_1LB1LD	2	2	0	114
1RB1LD_1RC0LD_0LA0RB_1LB1RC	2	2	0	124
1RB1LD_1RC0LD_0LA0RB_1LB1RD	2	2	0	124
1RB1LD_1RC0LD_0LA1RB_0RA1LB	2	2	0	205
1RB1LD_1RC0LD_0LA1RB_0RC1LB	2	2	0	168
1RB1LD_1RC0LD_0LA1RB_1LB1LB	2	2	0	129
1RB1LD_1RC0LD_0LA1RB_1LC1LB	2	2	0	139
1RB1LD_1RC0LD_0LA1RB_1RB1LB	2	2	0	160
1RB1LD_1RC0LD_0LA1RB_1RC1LB	2	2	0	141
1RB1LD_1RC0LD_0LA1RB_1RD1LB	2	2	0	153
1RB1LD_1RC0LD_0LA1RD_1LA0RC	2	2	0	142
1RB1LD_1RC0LD_0LA1RD_1RC1LB	2	2	0	205
1RB1LD_1RC0LD_0LB0RD_1RA1LB	2	2	0	289
1RB1LD_1RC0LD_0LD0RB_1LB1LA	2	2	0	132
1RB1LD_1RC0LD_1LA0RB_1LB0LB	2	2	0	104
1RB1LD_1RC0LD_1LA0RB_1LB0LD	2	2	0	112
1RB1LD_1RC0LD_1LA0RB_1LB0RA	2	2	0	97
1RB1LD_1RC0LD_1LA0RB_1LB0RB	2	2	0	108
1RB1LD_1RC0LD_1LA0RB_1LB0RC	2	2	0	106
1RB1LD_1RC0LD_1LA0RB_1LB0RD	2	2	0	106
1RB1LD_1RC0LD_1LA0RB_1LB1LB	2	2	0	95
1RB1LD_1RC0LD_1LA0RB_1LB1LD	2	2	0	106
1RB1LD_1RC0LD_1LA0RB_1LB1RB	2	2	0	173
1RB1LD_1RC0LD_1LA0RB_1LB1RC	2	2	0	107
1RB1LD_1RC0LD_1LA0RB_1LB1RD	2	2	0	106
1RB1LD_1RC0LD_1LA0RC_1LD1RC	2	2	0	207
1RB1LD_1RC0LD_1LA1RB_---0LA	2	2	0	148
1RB1LD_1RC0LD_1LA1RB_0RB1LB	2	2	0	163
1RB1LD_1RC0LD_1LA1RB_0RC1LB	2	2	0	149
1RB1LD_1RC0LD_1LA1RB_0RD1LB	2	2	0	177
1RB1LD_1RC0LD_1LA1RB_1LB1LB	2	2	0	129
1RB1LD_1RC0LD_1LA1RB_1LC1LB	2	2	0	111
1RB1LD_1RC0LD_1LA1RB_1RB1LB	2	2	0	127
1RB1LD_1RC0LD_1LA1RB_1RD1LB	2	2	0	149
1RB1LD_1RC0LD_1LA1RD_1RC1LB	2	2	0	191
1RB1LD_1RC0LD_1LB0RD_1RA1LB	2	2	0	271
1RB1LD_1RC0LD_1LD0RB_1LB0RA	2	2	0	104
1RB1LD_1RC0LD_1LD0RB_1LB1LA	2	2	0	119
1RB1LD_1RC0LD_1RD0RB_1LB1LA	2	2	0	272
1RB1LD_1RC0LD_1RD1RB_1LA1LB	2	2	0	229
1RB1LD_1RC0LD_1RD1RB_1LC0LA	2	2	0	136
1RB1LD_1RC0LD_1RD1RC_1LB1LA	2	2	0	102
1RB1LD_1RC0RA_0LA0LB_0LD1LC	4	2	0	413
1RB1LD_1RC0RA_0LA0RA_0LD1LB	3	2	0	401
1RB1LD_1RC0RA_0LA1RC_1RC1LA	2	2	0	156
1RB1LD_1RC0RA_0LC0RD_1LD1LB	2	2	0	257
1RB1LD_1RC0RA_0LD1RC_1RC1LA	2	2	0	156
1RB1LD_1RC0RA_1LA---_0RD0LC	2	2	0	148
1RB1LD_1RC0RA_1LA---_1RB0LC	3	2	0	199
1RB1LD_1RC0RA_1LA0RB_0LA0RB	2	2	0	161
1RB1LD_1RC0RA_1LA0RB_0LA1RB	2	2	0	111
1RB1LD_1RC0RA_1LA0RD_1LD1LB	2	2	0	255
1RB1LD_1RC0RA_1LA1RA_1LD0LA	4	2	0	785
1RB1LD_1RC0RA_1LA1RC_0RC0LC	2	2	0	258
1RB1LD_1RC0RA_1LA1RC_1LC0LC	2	2	0	181
1RB1LD_1RC0RA_1LA1RC_1LD1LB	2	2	0	163
1RB1LD_1RC0RA_1LA1RC_1RC0LC	2	2	0	171
1RB1LD_1RC0RA_1LA1RC_1RC1LA	2	2	0	129
1RB1LD_1RC0RA_1LB0LB_0LD1LC	4	2	0	654
1RB1LD_1RC0RA_1LB0RD_1LD1LB	2	2	0	257
1RB1LD_1RC0RA_1LB1RA_0LA0LB	2	2	0	337
1RB1LD_1RC0RA_1LB1RA_1LD0LA	4	2	0	805
1RB1LD_1RC0RA_1LB1RB_1RD0LA	2	2	0	143
1RB1LD_1RC0RA_1LB1RC_1LD1LB	2	2	0	175
1RB1LD_1RC0RA_1LB1RD_0LA0LB	2	2	0	119
1RB1LD_1RC0RA_1LC1LA_1RD0LC	2	2	0	152
1RB1LD_1RC0RA_1RD0RC_1LA1RC	2	2	0	131
1RB1LD_1RC0RB_0LA---_1LD1LA	2	2	0	146
1RB1LD_1RC0RB_0LA---_1LD1RB	2	2	0	190
1RB1LD_1RC0RB_0LA---_1RD1LA	2	2	0	250
1RB1LD_1RC0RB_0LA0LB_1LD0LA	2	2	0	285
1RB1LD_1RC0RB_0LA0LB_1LD1LC	2	2	0	157
1RB1LD_1RC0RB_0LA0RB_1LD1LB	2	2	0	146
1RB1LD_1RC0RB_0LA0RB_1LD1RC	2	2	0	190
1RB1LD_1RC0RB_0LA0RC_0LD1LA	3	2	0	194
1RB1LD_1RC0RB_0LA1LA_1LD0RC	2	2	0	210
1RB1LD_1RC0RB_0LA1LA_1RC0RC	2	2	0	348
1RB1LD_1RC0RB_0LA1LA_1RC1LA	2	2	0	250
1RB1LD_1RC0RB_0LA1LA_1RC1RB	2	2	0	328
1RB1LD_1RC0RB_0LA1LB_1LD0LA	2	2	0	158
1RB1LD_1RC0RB_0LA1LB_1LD1LC	2	2	0	139
1RB1LD_1RC0RB_0LA1RA_0LD1LA	3	2	0	219
1RB1LD_1RC0RB_0LA1RB_1LD1LC	2	2	0	366
1RB1LD_1RC0RB_0LA1RD_1LD1LB	2	2	0	158
1RB1LD_1RC0RB_0LC1LD_1RD1LA	2	2	0	250
1RB1LD_1RC0RB_1LA---_0LB1LC	2	2	0	102
1RB1LD_1RC0RB_1LA---_0LB1RB	2	2	0	128
1RB1LD_1RC0RB_1LA---_1LD1LA	2	2	0	125
1RB1LD_1RC0RB_1LA---_1LD1LC	2	2	0	78
1RB1LD_1RC0RB_1LA---_1LD1RB	2	2	0	96
1RB1LD_1RC0RB_1LA---_1RD1LA	2	2	0	221
1RB1LD_1RC0RB_1LA0LB_1LD0LA	2	2	0	231
1RB1LD_1RC0RB_1LA0LB_1LD0LC	2	2	0	215
1RB1LD_1RC0RB_1LA0LD_0LD1LA	4	2	0	2881
1RB1LD_1RC0RB_1LA0RB_1LD1LB	2	2	0	125
1RB1LD_1RC0RB_1LA0RB_1LD1RC	2	2	0	96
1RB1LD_1RC0RB_1LA0RD_0LD1LA	3	2	0	301
1RB1LD_1RC0RB_1LA0RD_0RD0LC	3	2	0	419
1RB1LD_1RC0RB_1LA0RD_1RC1LC	2	2	0	174
1RB1LD_1RC0RB_1LA1LA_1LD0RC	2	2	0	106
1RB1LD_1RC0RB_1LA1LA_1RC0RC	2	2	0	170
1RB1LD_1RC0RB_1LA1LA_1RC1LA	2	2	0	221
1RB1LD_1RC0RB_1LA1LA_1RC1LC	2	2	0	126
1RB1LD_1RC0RB_1LA1LA_1RC1RB	2	2	0	160
1RB1LD_1RC0RB_1LA1LB_1LD0LA	2	2	0	133
1RB1LD_1RC0RB_1LA1LB_1LD0LC	2	2	0	84
1RB1LD_1RC0RB_1LA1LC_1LD0LA	2	2	0	135
1RB1LD_1RC0RB_1LA1LC_1LD0RC	2	2	0	135
1RB1LD_1RC0RB_1LA1LC_1LD1LB	2	2	0	127
1RB1LD_1RC0RB_1LA1LC_1LD1RC	2	2	0	84
1RB1LD_1RC0RB_1LA1LC_1RD0RC	2	2	0	327
1RB1LD_1RC0RB_1LA1LD_1RD1LC	2	2	0	126
1RB1LD_1RC0RB_1LA1RA_1LD0LC	2	2	0	104
1RB1LD_1RC0RB_1LA1RA_1RC1LA	2	2	0	317
1RB1LD_1RC0RB_1LA1RB_0LD1LA	3	2	0	237
1RB1LD_1RC0RB_1LA1RB_1LD0LA	2	2	0	370
1RB1LD_1RC0RB_1LA1RB_1LD0LC	2	2	0	230
1RB1LD_1RC0RB_1LA1RB_1LD0RC	2	2	0	184
1RB1LD_1RC0RB_1LA1RB_1LD1RC	2	2	0	199
1RB1LD_1RC0RB_1LA1RB_1RD0LA	2	2	0	104
1RB1LD_1RC0RB_1LA1RC_0LD1LA	2	3	0	196
1RB1LD_1RC0RB_1LA1RC_0RC0LC	2	2	0	183
1RB1LD_1RC0RB_1LA1RC_1LC0LC	2	2	0	169
1RB1LD_1RC0RB_1LA1RC_1RC0LC	2	2	0	165
1RB1LD_1RC0RB_1LA1RD_1LD1LB	2	2	0	133
1RB1LD_1RC0RB_1LC0RA_1LD1LA	2	2	0	135
1RB1LD_1RC0RB_1LC0RA_1LD1RB	2	2	0	106
1RB1LD_1RC0RB_1LC0RA_1RD1LA	2	2	0	241
1RB1LD_1RC0RB_1LC1LD_1RD1LA	2	2	0	221
1RB1LD_1RC0RB_1LC1RD_1LD1LA	2	2	0	135
1RB1LD_1RC0RB_1LC1RD_1RD1LA	2	2	0	231
1RB1LD_1RC0RB_1LD0RC_0LB0LA	2	3	0	380
1RB1LD_1RC0RB_1LD1LA_0RC0LB	2	2	0	190
1RB1LD_1RC0RB_1LD1LA_1LA0LB	2	2	0	241
1RB1LD_1RC0RB_1LD1LA_1LC0LC	2	3	0	214
1RB1LD_1RC0RB_1LD1LA_1RB0LB	2	2	0	180
1RB1LD_1RC0RB_1LD1RB_0LA1LC	4	2	0	630
1RB1LD_1RC0RB_1LD1RB_1LC0RA	2	2	0	106
1RB1LD_1RC0RB_1LD1RB_1RA1LC	2	2	0	128
1RB1LD_1RC0RB_1RD---_1LD1LA	2	2	0	120
1RB1LD_1RC0RB_1RD0LA_1LC1LA	2	2	0	204
1RB1LD_1RC0RB_1RD0RC_0LD1LA	3	2	0	240
1RB1LD_1RC0RB_1RD0RD_0LD1LA	3	2	0	310
1RB1LD_1RC0RB_1RD1LA_1LC1LA	2	2	0	156
1RB1LD_1RC0RB_1RD1LB_1LD0LA	2	2	0	179
1RB1LD_1RC0RB_1RD1RA_1LC1LA	2	2	0	164
1RB1LD_1RC0RB_1RD1RB_0LD1LA	3	2	0	246
1RB1LD_1RC0RC_0LA0RA_0LD1LB	4	2	0	496
1RB1LD_1RC0RC_0LA0RB_1LD1LA	2	2	0	146
1RB1LD_1RC0RC_0LA0RB_1RD1LA	2	2	0	250
1RB1LD_1RC0RC_0LA1LA_---1LA	2	2	0	244
1RB1LD_1RC0RC_0LA1RC_0LD1LA	2	3	0	255
1RB1LD_1RC0RC_0LA1RC_1LC1LA	2	2	0	226
1RB1LD_1RC0RC_0LA1RC_1RC1LA	2	2	0	247
1RB1LD_1RC0RC_0LD1RB_1LA0LB	2	2	0	82
1RB1LD_1RC0RC_0LD1RC_1RC1LA	2	2	0	220
1RB1LD_1RC0RC_1LA0LA_0LC0LD	2	2	0	224
1RB1LD_1RC0RC_1LA0LA_0RB1RC	2	2	0	418
1RB1LD_1RC0RC_1LA0LA_0RC0LD	2	2	0	344
1RB1LD_1RC0RC_1LA0LA_1LA0LD	2	2	0	260
1RB1LD_1RC0RC_1LA0LA_1RB1RC	2	2	0	356
1RB1LD_1RC0RC_1LA0LB_0LC0LD	2	2	0	254
1RB1LD_1RC0RC_1LA0LB_1LA0LD	2	2	0	307
1RB1LD_1RC0RC_1LA0LB_1LB0LD	2	2	0	343
1RB1LD_1RC0RC_1LA0LC_---1RC	2	2	0	283
1RB1LD_1RC0RC_1LA0LC_0LC0LD	2	2	0	316
1RB1LD_1RC0RC_1LA0LC_1LB0LD	2	2	0	166
1RB1LD_1RC0RC_1LA0LC_1LC1RD	2	2	0	164
1RB1LD_1RC0RC_1LA0LC_1RC0RA	2	2	0	297
1RB1LD_1RC0RC_1LA0RA_0LC0LD	2	2	0	340
1RB1LD_1RC0RC_1LA0RB_0LB1LC	2	2	0	102
1RB1LD_1RC0RC_1LA0RB_0LB1RB	2	2	0	128
1RB1LD_1RC0RC_1LA0RB_1LD1LC	2	2	0	78
1RB1LD_1RC0RC_1LA0RB_1LD1RB	2	2	0	96
1RB1LD_1RC0RC_1LA0RD_0LC0LD	2	2	0	320
1RB1LD_1RC0RC_1LA0RD_1LA0LA	4	2	0	1393
1RB1LD_1RC0RC_1LA1LC_0LC0LD	2	2	0	316
1RB1LD_1RC0RC_1LA1LD_0LC0LD	2	2	0	361
1RB1LD_1RC0RC_1LA1RA_0LC0LD	2	2	0	217
1RB1LD_1RC0RC_1LA1RA_1LC0LD	2	3	0	811
1RB1LD_1RC0RC_1LA1RB_0LA1LD	4	2	0	240
1RB1LD_1RC0RC_1LA1RB_0LD1LC	2	3	0	106
1RB1LD_1RC0RC_1LA1RB_0RB0LB	2	2	0	122
1RB1LD_1RC0RC_1LA1RB_0RD1LC	2	2	0	90
1RB1LD_1RC0RC_1LA1RB_1LA1LC	2	2	0	68
1RB1LD_1RC0RC_1LA1RB_1LA1LD	2	2	0	68
1RB1LD_1RC0RC_1LA1RB_1LC0LB	2	2	0	80
1RB1LD_1RC0RC_1LA1RB_1LD1LC	4	2	0	256
1RB1LD_1RC0RC_1LA1RB_1RB0LB	2	2	0	96
1RB1LD_1RC0RC_1LA1RB_1RD0LB	2	2	0	108
1RB1LD_1RC0RC_1LA1RC_0LC0LD	2	2	0	340
1RB1LD_1RC0RC_1LA1RC_1LC1LD	2	2	0	415
1RB1LD_1RC0RC_1LC0RA_0LA1LC	3	2	0	609
1RB1LD_1RC0RC_1LC1LA_0LA0LB	4	2	0	875
1RB1LD_1RC0RC_1LC1LA_0LB0LB	4	2	0	956
1RB1LD_1RC0RC_1LC1LA_0LB0RA	4	2	0	1046
1RB1LD_1RC0RC_1LC1LA_0RB0LB	4	2	0	1096
1RB1LD_1RC0RC_1LC1LA_1RA0LB	4	2	0	970
1RB1LD_1RC0RC_1LD1RB_1LA0LB	3	2	0	116
1RB1LD_1RC0RC_1RD0RB_1LD1LA	2	2	0	120
1RB1LD_1RC0RD_0LA---_0LA1LA	2	2	0	244
1RB1LD_1RC0RD_0LA0RB_1LA0LA	4	2	0	989
1RB1LD_1RC0RD_0LA1RA_0RD0LA	4	2	0	525
1RB1LD_1RC0RD_0LA1RA_1RC1LA	2	2	0	206
1RB1LD_1RC0RD_0LA1RC_1RC1LA	2	2	0	254
1RB1LD_1RC0RD_0LB1RB_1LD0LA	2	2	0	138
1RB1LD_1RC0RD_0LC0LA_1LA1RB	2	2	0	93
1RB1LD_1RC0RD_0LC1LA_1RB1LC	2	2	0	124
1RB1LD_1RC0RD_1LA0LC_1LA1RC	2	2	0	295
1RB1LD_1RC0RD_1LA0LC_1RD1RC	2	2	0	322
1RB1LD_1RC0RD_1LA1RB_0LD0LA	2	2	0	156
1RB1LD_1RC0RD_1LA1RB_1LD0LA	2	2	0	136
1RB1LD_1RC0RD_1LA1RC_1RC0LC	2	2	0	165
1RB1LD_1RC0RD_1LA1RC_1RC1LA	2	2	0	202
1RB1LD_1RC0RD_1LC0RA_0LA0LC	4	2	0	352
1RB1LD_1RC0RD_1LC0RA_1LA1RB	2	2	0	74
1RB1LD_1RC0RD_1LC1LA_0RC0RD	2	2	0	127
1RB1LD_1RC0RD_1LC1LA_1LA1RB	2	2	0	68
1RB1LD_1RC0RD_1LC1LD_0LB1LA	2	2	0	221
1RB1LD_1RC0RD_1RD0RD_1LC1LA	2	2	0	206
1RB1LD_1RC0RD_1RD1LB_1LC1LA	2	2	0	210
1RB1LD_1RC0RD_1RD1RB_1LA0LA	3	2	0	119
1RB1LD_1RC0RD_1RD1RB_1LC0LA	2	2	0	121
1RB1LD_1RC0RD_1RD1RB_1LC1LA	2	2	0	204
1RB1LD_1RC1LA_0LA1RC_1RC1LA	2	2	0	84
1RB1LD_1RC1LA_0LB1RD_1RC0LA	2	2	0	160
1RB1LD_1RC1LA_0LD0RA_1RC0LB	3	2	0	565
1RB1LD_1RC1LA_0LD0RB_1LB1LC	2	2	0	169
1RB1LD_1RC1LA_0LD1RC_1RC1LA	2	2	0	93
1RB1LD_1RC1LA_0RD0RC_1LA1RC	2	2	0	115
1RB1LD_1RC1LA_1LA0RC_0RB0LD	2	2	0	445
1RB1LD_1RC1LA_1LA0RC_0RB1LB	2	2	0	321
1RB1LD_1RC1LA_1LA0RC_0RB1RC	2	2	0	437
1RB1LD_1RC1LA_1LA0RC_1LA0LA	2	2	0	200
1RB1LD_1RC1LA_1LA0RC_1LA1LB	2	2	0	183
1RB1LD_1RC1LA_1LA0RC_1LD1LB	2	2	0	137
1RB1LD_1RC1LA_1LA0RC_1LD1RC	2	2	0	189
1RB1LD_1RC1LA_1LA0RC_1RB0LD	2	2	0	281
1RB1LD_1RC1LA_1LA0RC_1RB1LB	2	2	0	229
1RB1LD_1RC1LA_1LA0RC_1RB1RC	2	2	0	313
1RB1LD_1RC1LA_1LA0RC_1RD1LB	2	2	0	229
1RB1LD_1RC1LA_1LA1RC_0RC1LA	2	2	0	143
1RB1LD_1RC1LA_1LB1RD_1RC0LA	2	2	0	127
1RB1LD_1RC1LA_1LD0RC_0RB0LD	2	2	0	467
1RB1LD_1RC1LA_1LD0RC_0RB1RC	2	2	0	405
1RB1LD_1RC1LA_1LD0RC_1RB1RC	2	2	0	279
1RB1LD_1RC1LA_1LD1RC_0RC1LA	2	2	0	135
1RB1LD_1RC1LA_1RD0RC_1LA1RC	2	2	0	105
1RB1LD_1RC1LB_0LA0RB_0LD1LA	2	3	0	410
1RB1LD_1RC1LB_0LA0RB_0LD1LC	4	2	0	557
1RB1LD_1RC1LB_0LA1RC_---1LA	2	2	0	84
1RB1LD_1RC1LB_0LA1RD_0LB0RB	2	2	0	264
1RB1LD_1RC1LB_0LA1RD_0LB1RC	2	2	0	168
1RB1LD_1RC1LB_0LA1RD_1LA0RC	2	2	0	140
1RB1LD_1RC1LB_0LB1RD_1LA1RC	2	2	0	146
1RB1LD_1RC1LB_0LC1RD_1LA0RC	2	2	0	202
1RB1LD_1RC1LB_0LD1RC_1RC1LA	2	2	0	93
1RB1LD_1RC1LB_0LD1RD_1LA0RC	2	2	0	155
1RB1LD_1RC1LB_1LA0RD_1LA1RC	2	2	0	98
1RB1LD_1RC1LB_1LA1RC_0RC0LC	2	2	0	177
1RB1LD_1RC1LB_1LA1RC_0RC1LA	2	2	0	122
1RB1LD_1RC1LB_1LC1RD_1LA0RC	2	2	0	144
1RB1LD_1RC1LB_1LD1RC_0RC1LA	2	2	0	123
1RB1LD_1RC1LB_1LD1RD_1LA0RC	2	2	0	127
1RB1LD_1RC1LB_1RD1RC_0LA0LB	2	2	0	305
1RB1LD_1RC1LB_1RD1RC_1LA0LB	2	2	0	596
1RB1LD_1RC1LB_1RD1RC_1LD1LA	2	2	0	61
1RB1LD_1RC1LB_1RD1RD_1LA0RC	2	2	0	99
1RB1LD_1RC1LC_0LA0LD_1LD0RB	2	2	0	303
1RB1LD_1RC1LC_0LA0RC_---0RB	2	2	0	219
1RB1LD_1RC1LC_0LA1RB_---0RB	2	2	0	173
1RB1LD_1RC1LC_0LA1RC_1RC1LA	2	2	0	156
1RB1LD_1RC1LC_0LD1RC_1RC1LA	2	2	0	156
1RB1LD_1RC1LC_1LA0LD_1RD0RC	2	2	0	347
1RB1LD_1RC1LC_1LA1RC_---0RB	2	2	0	183
1RB1LD_1RC1LC_1LA1RC_---1LA	2	2	0	129
1RB1LD_1RC1LC_1LC0RA_0LA0LB	2	2	0	251
1RB1LD_1RC1LC_1LD1RC_0RC1LA	2	2	0	123
1RB1LD_1RC1LC_1RD1RC_0LD1LA	2	2	0	136
1RB1LD_1RC1LD_0LA1RD_1LB0RC	2	2	0	232
1RB1LD_1RC1LD_0LB1RB_---0LA	2	2	0	119
1RB1LD_1RC1LD_0LB1RC_1RA1LB	2	2	0	93
1RB1LD_1RC1LD_0LD0RC_1RC1LA	2	2	0	301
1RB1LD_1RC1LD_0LD1RC_1RA1LB	2	2	0	84
1RB1LD_1RC1LD_1LA1RB_---0LA	2	2	0	113
1RB1LD_1RC1LD_1LA1RB_1RC0LB	2	2	0	109
1RB1LD_1RC1LD_1LA1RC_---1LB	2	2	0	119
1RB1LD_1RC1LD_1LA1RD_1LB0RC	2	2	0	217
1RB1LD_1RC1LD_1LB0RA_0LB0LA	2	2	0	181
1RB1LD_1RC1LD_1LB1RB_---0LA	2	2	0	113
1RB1LD_1RC1LD_1LB1RD_1RC0LA	2	2	0	202
1RB1LD_1RC1LD_1RD0RD_0LA0LB	2	2	0	75
1RB1LD_1RC1LD_1RD1RB_0LA0LB	2	2	0	57
1RB1LD_1RC1LD_1RD1RB_1LC0LA	2	2	0	101
1RB1LD_1RC1LD_1RD1RC_1LB1LA	2	2	0	57
1RB1LD_1RC1RA_0LA0LB_---0LA	2	2	0	165
1RB1LD_1RC1RA_0LA0RB_1LA0LA	4	2	0	761
1RB1LD_1RC1RA_0LA0RD_1LB0LD	2	2	0	293
1RB1LD_1RC1RA_0LA1RC_1RC1LA	2	2	0	92
1RB1LD_1RC1RA_0LC1LA_1RB0LA	2	2	0	144
1RB1LD_1RC1RA_0LD---_1RB0LA	2	2	0	136
1RB1LD_1RC1RA_0LD1RC_1RC1LA	2	2	0	101
1RB1LD_1RC1RA_1LA0LB_---0LA	2	2	0	158
1RB1LD_1RC1RA_1LA0LC_---0RC	2	2	0	136
1RB1LD_1RC1RA_1LA0RA_0LB0LA	2	2	0	226
1RB1LD_1RC1RA_1LA0RA_0RB0LA	2	2	0	312
1RB1LD_1RC1RA_1LA0RA_1RB0LA	2	2	0	216
1RB1LD_1RC1RA_1LA0RC_0RB0LA	2	2	0	235
1RB1LD_1RC1RA_1LA0RC_1RB0LA	2	2	0	216
1RB1LD_1RC1RA_1LA0RD_1LA1RC	2	2	0	121
1RB1LD_1RC1RA_1LA0RD_1LB0LD	2	2	0	293
1RB1LD_1RC1RA_1LA0RD_1RB0LA	2	2	0	208
1RB1LD_1RC1RA_1LA1LB_0RB0LA	2	2	0	239
1RB1LD_1RC1RA_1LA1LB_1RB0LA	2	2	0	213
1RB1LD_1RC1RA_1LA1LC_1RB0LA	2	2	0	271
1RB1LD_1RC1RA_1LA1LD_0RB0LA	2	2	0	231
1RB1LD_1RC1RA_1LA1LD_1RB0LA	2	2	0	205
1RB1LD_1RC1RA_1LA1RA_0RB0LA	2	2	0	203
1RB1LD_1RC1RA_1LA1RA_1RB0LA	2	2	0	197
1RB1LD_1RC1RA_1LA1RB_---0LA	2	2	0	114
1RB1LD_1RC1RA_1LA1RC_0RC0LC	2	2	0	193
1RB1LD_1RC1RA_1LA1RC_0RC1LA	2	2	0	153
1RB1LD_1RC1RA_1LA1RC_1RB0LA	2	2	0	276
1RB1LD_1RC1RA_1LA1RC_1RC0LC	2	2	0	173
1RB1LD_1RC1RA_1LA1RD_1RB0LA	2	2	0	193
1RB1LD_1RC1RA_1LB---_1RB0LA	2	2	0	106
1RB1LD_1RC1RA_1LB0LD_1LA1LC	2	2	0	78
1RB1LD_1RC1RA_1LB0RD_1LB0LD	2	2	0	283
1RB1LD_1RC1RA_1LB1LD_1RB0LC	2	2	0	106
1RB1LD_1RC1RA_1LC0LA_1RB0LA	2	2	0	98
1RB1LD_1RC1RA_1LC0RD_1LB0LD	2	2	0	297
1RB1LD_1RC1RA_1LC1LA_0RC0RD	2	2	0	135
1RB1LD_1RC1RA_1LC1LA_1RB0LA	2	2	0	296
1RB1LD_1RC1RA_1LC1LB_0RB0LA	2	2	0	247
1RB1LD_1RC1RA_1LC1LB_1RB0LA	2	2	0	221
1RB1LD_1RC1RA_1LC1LD_0RB0LA	2	2	0	231
1RB1LD_1RC1RA_1LC1LD_1RB0LA	2	2	0	205
1RB1LD_1RC1RA_1LD---_1RB0LA	2	2	0	98
1RB1LD_1RC1RA_1LD0RB_1LA0LC	2	2	0	62
1RB1LD_1RC1RA_1LD0RD_1LB0LD	2	2	0	281
1RB1LD_1RC1RA_1LD1LA_0LC0RD	4	2	0	874
1RB1LD_1RC1RA_1LD1LA_1LC0RD	2	2	0	127
1RB1LD_1RC1RA_1LD1RC_0RC1LA	2	2	0	143
1RB1LD_1RC1RA_1RD0LB_0LD0LA	2	2	0	172
1RB1LD_1RC1RA_1RD0LB_1LD0LA	2	2	0	131
1RB1LD_1RC1RA_1RD0RA_1LD0LA	2	2	0	92
1RB1LD_1RC1RA_1RD0RD_1LB0LD	2	2	0	269
1RB1LD_1RC1RB_0LA---_---1LA	2	2	0	136
1RB1LD_1RC1RB_0LA0RD_1LB0LD	2	2	0	169
1RB1LD_1RC1RB_0LA1LB_---0LA	2	2	0	165
1RB1LD_1RC1RB_0LC1LA_1LA1LC	3	2	0	269
1RB1LD_1RC1RB_0LC1LA_1RD1LC	3	2	0	283
1RB1LD_1RC1RB_0LC1LD_---1LA	2	2	0	136
1RB1LD_1RC1RB_0LD1RC_1RC1LA	2	2	0	130
1RB1LD_1RC1RB_1LA0RA_1LD1LC	2	2	0	90
1RB1LD_1RC1RB_1LA0RD_---1LC	3	2	0	319
1RB1LD_1RC1RB_1LA1LA_---1LC	3	2	0	245
1RB1LD_1RC1RB_1LA1LC_---0LC	2	2	0	111
1RB1LD_1RC1RB_1LA1LC_0LC0RA	2	2	0	115
1RB1LD_1RC1RB_1LA1LD_---1LC	2	2	0	68
1RB1LD_1RC1RB_1LA1RA_---0LA	4	2	0	484
1RB1LD_1RC1RB_1LA1RC_0RC0LC	2	2	0	156
1RB1LD_1RC1RB_1LA1RC_0RC1LA	2	2	0	198
1RB1LD_1RC1RB_1LC0RA_0LA0LC	4	2	0	298
1RB1LD_1RC1RB_1LC1LA_0LB1LC	3	2	0	253
1RB1LD_1RC1RB_1LC1LA_0RB1LC	3	2	0	246
1RB1LD_1RC1RB_1LC1LA_0RC1LC	3	2	0	251
1RB1LD_1RC1RB_1LC1LA_1RB1LC	3	2	0	239
1RB1LD_1RC1RB_1LD1LA_---1LC	3	2	0	239
1RB1LD_1RC1RB_1LD1LA_1LC0RA	3	2	0	319
1RB1LD_1RC1RB_1LD1RC_0RC1LA	2	2	0	210
1RB1LD_1RC1RB_1RD---_1LD1LA	2	2	0	110
1RB1LD_1RC1RB_1RD0LA_1LC1LA	2	2	0	142
1RB1LD_1RC1RB_1RD1LA_1LC1LA	2	2	0	110
1RB1LD_1RC1RB_1RD1LB_0LD0LA	2	2	0	172
1RB1LD_1RC1RB_1RD1LB_1LD0LA	2	2	0	131
1RB1LD_1RC1RB_1RD1RA_1LC0LA	4	2	0	428
1RB1LD_1RC1RB_1RD1RA_1LC1LA	2	2	0	118
1RB1LD_1RC1RB_1RD1RA_1LD0LA	4	2	0	412
1RB1LD_1RC1RC_0LA0RB_1LD1LC	4	2	0	593
1RB1LD_1RC1RC_0LA1RB_---1LA	2	2	0	136
1RB1LD_1RC1RC_0LA1RC_1RC1LA	2	2	0	148
1RB1LD_1RC1RC_0LA1RD_1LA0RC	2	2	0	134
1RB1LD_1RC1RC_0LC0RD_1LD1LA	2	2	0	177
1RB1LD_1RC1RC_0LC1RD_1LA0RC	2	2	0	194
1RB1LD_1RC1RC_0LD1RC_1RC1LA	2	2	0	148
1RB1LD_1RC1RC_0LD1RD_1LA0RC	2	2	0	150
1RB1LD_1RC1RC_1LA0RB_1LD1LC	4	2	0	293
1RB1LD_1RC1RC_1LA0RD_---1LA	2	2	0	165
1RB1LD_1RC1RC_1LA0RD_1LA1RC	2	2	0	117
1RB1LD_1RC1RC_1LA1RB_---0LA	2	2	0	136
1RB1LD_1RC1RC_1LA1RB_---1LA	2	2	0	119
1RB1LD_1RC1RC_1LA1RC_---1LA	2	2	0	119
1RB1LD_1RC1RC_1LC1RD_1LA0RC	2	2	0	158
1RB1LD_1RC1RC_1LD0RD_0RD1LA	2	2	0	175
1RB1LD_1RC1RC_1LD1RC_0RC1LA	2	2	0	115
1RB1LD_1RC1RC_1LD1RD_1LA0RC	2	2	0	111
1RB1LD_1RC1RC_1RD0RD_0LD1LA	2	2	0	172
1RB1LD_1RC1RC_1RD1RB_0LD1LA	2	2	0	126
1RB1LD_1RC1RC_1RD1RB_1LD1LA	2	2	0	110
1RB1LD_1RC1RC_1RD1RC_0LD1LA	2	2	0	126
1RB1LD_1RC1RC_1RD1RD_1LA0RC	2	2	0	105
1RB1LD_1RC1RD_0LA---_1LA0RB	2	2	0	220
1RB1LD_1RC1RD_0LA0RB_0LA1LB	2	2	0	133
1RB1LD_1RC1RD_0LA1RD_1LA0RC	2	2	0	232
1RB1LD_1RC1RD_0LB---_1LA0RB	2	2	0	211
1RB1LD_1RC1RD_0LB0RB_0LA1LB	2	2	0	141
1RB1LD_1RC1RD_0LC0LB_1LA0RB	2	2	0	286
1RB1LD_1RC1RD_0LC0LD_1LA0RB	2	2	0	284
1RB1LD_1RC1RD_0LC1LD_1LA0RB	2	2	0	220
1RB1LD_1RC1RD_0LC1RD_1LA0RB	2	2	0	211
1RB1LD_1RC1RD_0LC1RD_1LA0RC	2	2	0	249
1RB1LD_1RC1RD_0LD---_1RB0LA	2	2	0	136
1RB1LD_1RC1RD_0LD0RC_1RC1LA	2	2	0	350
1RB1LD_1RC1RD_0LD0RD_0LA0LB	2	2	0	134
1RB1LD_1RC1RD_0LD1RB_0LA0LB	2	2	0	108
1RB1LD_1RC1RD_0LD1RD_1LA0RC	2	2	0	242
1RB1LD_1RC1RD_1LA---_1LA0RB	2	2	0	201
1RB1LD_1RC1RD_1LA0LB_1RB0LA	2	2	0	158
1RB1LD_1RC1RD_1LA0LC_0RA1RC	3	2	0	234
1RB1LD_1RC1RD_1LA0LC_1RD1LC	2	2	0	82
1RB1LD_1RC1RD_1LA0LC_1RD1RC	2	2	0	114
1RB1LD_1RC1RD_1LA0RA_0RD0LA	2	2	0	435
1RB1LD_1RC1RD_1LA0RD_1LA1RC	2	2	0	175
1RB1LD_1RC1RD_1LA1LD_1LC0RB	2	2	0	124
1RB1LD_1RC1RD_1LA1LD_1RB0LA	2	2	0	118
1RB1LD_1RC1RD_1LA1LD_1RB0LC	2	2	0	102
1RB1LD_1RC1RD_1LA1RA_1RB0LA	2	2	0	121
1RB1LD_1RC1RD_1LA1RB_1RB0LA	2	2	0	114
1RB1LD_1RC1RD_1LA1RD_1RB0LA	2	2	0	130
1RB1LD_1RC1RD_1LB1RB_---0LA	2	2	0	131
1RB1LD_1RC1RD_1LC0LA_1LA0RB	2	2	0	235
1RB1LD_1RC1RD_1LC0LA_1RB0LA	2	2	0	98
1RB1LD_1RC1RD_1LC0LB_1LA0RB	2	2	0	200
1RB1LD_1RC1RD_1LC0LD_1LA0RB	2	2	0	227
1RB1LD_1RC1RD_1LC0RA_1LA0LC	2	2	0	100
1RB1LD_1RC1RD_1LC1LA_0RC0RD	2	2	0	143
1RB1LD_1RC1RD_1LC1LB_1RB0LA	2	2	0	106
1RB1LD_1RC1RD_1LC1LD_1LA0RB	2	2	0	201
1RB1LD_1RC1RD_1LC1LD_1RB0LA	2	2	0	118
1RB1LD_1RC1RD_1LC1RA_0RB0LC	2	2	0	204
1RB1LD_1RC1RD_1LC1RB_0LD0LA	2	2	0	138
1RB1LD_1RC1RD_1LC1RB_1LD0LA	2	2	0	101
1RB1LD_1RC1RD_1LC1RD_1LA0RC	2	2	0	215
1RB1LD_1RC1RD_1LD---_1RB0LA	2	2	0	98
1RB1LD_1RC1RD_1LD0LB_1RC1LA	2	2	0	221
1RB1LD_1RC1RD_1LD0RD_0LA0LB	2	2	0	91
1RB1LD_1RC1RD_1LD1RB_0LA0LB	2	2	0	73
1RB1LD_1RC1RD_1LD1RD_1LA0RC	2	2	0	195
1RB1LD_1RC1RD_1RD1RC_1LB1LA	2	2	0	63
1RB1LD_1RC1RD_1RD1RD_1LA0RC	2	2	0	200
1RB1RA_0LB1LC_0LD0LC_1RD0LA	2	2	0	96
1RB1RA_0LB1LC_0LD0LC_1RD1LA	2	2	0	143
1RB1RA_0LB1LC_0RA1LD_1LC1LB	3	2	0	534
1RB1RA_0LB1LC_0RA1LD_1RA1LB	3	2	0	514
1RB1RA_0LB1LC_0RA1LD_1RD1LB	3	2	0	548
1RB1RA_0LB1LC_0RD0LC_1RD1LA	2	2	0	227
1RB1RA_0LB1LC_0RD1LB_1LA1RD	2	2	0	104
1RB1RA_0LB1LC_0RD1LB_1RA1LD	2	2	0	140
1RB1RA_0LB1LC_1LA1LD_0RA1LB	3	2	0	309
1RB1RA_0LB1LC_1LA1LD_1RA1LB	3	2	0	484
1RB1RA_0LB1LC_1LD0RB_1RA1LB	3	2	0	357
1RB1RA_0LB1LC_1LD1LB_0RA---	2	2	0	135
1RB1RA_0LB1LC_1LD1LB_0RD1RA	2	2	0	135
1RB1RA_0LB1LC_1LD1LD_1RA1LB	3	2	0	275
1RB1RA_0LB1LC_1RA0LD_1LB1RD	2	2	0	180
1RB1RA_0LB1LC_1RA0RD_1LB1LD	2	2	0	180
1RB1RA_0LB1LC_1RA1LB_------	2	2	0	128
1RB1RA_0LB1LC_1RA1LD_---1LC	2	2	0	128
1RB1RA_0LB1LC_1RB1LD_1RA1LB	3	2	0	291
1RB1RA_0LB1LC_1RD0LB_1LA1RC	2	2	0	110
1RB1RA_0LB1LC_1RD0LC_1RC1LA	2	2	0	157
1RB1RA_0LB1LC_1RD0LC_1RD0LA	2	2	0	190
1RB1RA_0LB1LC_1RD0LC_1RD1LA	2	2	0	157
1RB1RA_0LB1LC_1RD1LB_---1LA	2	2	0	140
1RB1RA_0LB1LC_1RD1LB_---1RA	2	2	0	128
1RB1RA_0LB1LC_1RD1LB_0LA1RD	2	2	0	138
1RB1RA_0LB1LC_1RD1LB_0RA1LD	2	2	0	147
1RB1RA_0LB1LC_1RD1LB_1RA0RD	2	3	0	218
1RB1RA_0LB1RC_0LC1LD_1RA1LC	2	2	0	140
1RB1RA_0LB1RC_0RD0RC_1LD0LA	2	2	0	223
1RB1RA_0LB1RC_1LC1LD_0RA0LB	2	2	0	113
1RB1RA_0LB1RC_1LC1LD_0RA1LC	2	2	0	87
1RB1RA_0LB1RC_1LD0LB_1RA1LC	2	2	0	82
1RB1RA_0LC---_---1LD_1RA1LC	2	2	0	128
1RB1RA_0LC0LA_---1LD_1LA1LC	2	2	0	158
1RB1RA_0LC0LB_0LD1LB_1RD0LA	2	2	0	129
1RB1RA_0LC0LB_0LD1LB_1RD1LA	2	2	0	132
1RB1RA_0LC0LB_0RD1LB_1RD0LA	2	2	0	205
1RB1RA_0LC0LB_0RD1LB_1RD1LA	2	2	0	166
1RB1RA_0LC0LB_1RC1LD_1RA0LD	2	2	0	101
1RB1RA_0LC0LB_1RD1LB_1RD0LA	2	2	0	96
1RB1RA_0LC0LB_1RD1LB_1RD1LA	2	2	0	143
1RB1RA_0LC0LD_0LD1LB_1RA1LD	2	2	0	310
1RB1RA_0LC0LD_0RA1LB_1RA1LD	2	2	0	313
1RB1RA_0LC0LD_0RD1LB_1RA1LD	2	2	0	179
1RB1RA_0LC0LD_1LA1LB_1RA1LD	2	2	0	332
1RB1RA_0LC0LD_1LA1LC_0RA1RD	2	2	0	140
1RB1RA_0LC0LD_1LB1RC_0RA1LD	2	2	0	627
1RB1RA_0LC0LD_1LB1RC_1RA1LD	2	2	0	814
1RB1RA_0LC0LD_1LD1LB_1RA1LD	2	2	0	303
1RB1RA_0LC0LD_1RA1LB_1RA1LD	2	2	0	283
1RB1RA_0LC0LD_1RC1LB_1RA1LD	2	2	0	307
1RB1RA_0LC0LD_1RD1LB_1RA1LD	2	2	0	171
1RB1RA_0LC0RA_---1LD_1LA1LB	3	2	0	260
1RB1RA_0LC0RA_0LC1LD_1LA1LC	3	2	0	260
1RB1RA_0LC0RA_1LC0LD_1LA0RC	2	2	0	963
1RB1RA_0LC0RA_1LD1LC_1RB1RD	2	2	0	134
1RB1RA_0LC0RB_0RD1RC_1LD0LA	2	2	0	201
1RB1RA_0LC0RB_1LC1LD_0RA0LA	2	2	0	213
1RB1RA_0LC0RB_1LC1LD_1RA0LA	2	2	0	197
1RB1RA_0LC0RB_1LC1LD_1RA0LC	2	2	0	197
1RB1RA_0LC0RB_1LC1LD_1RA0LD	2	2	0	192
1RB1RA_0LC0RB_1LC1LD_1RA0RB	2	2	0	549
1RB1RA_0LC0RB_1LD1LA_1RA0LD	2	2	0	388
1RB1RA_0LC0RB_1RC1LD_1RA0LD	2	2	0	127
1RB1RA_0LC0RC_0LD1LB_1RD1LA	4	2	0	784
1RB1RA_0LC0RC_1LA1LD_0RA0LB	4	2	0	1388
1RB1RA_0LC0RC_1LA1LD_1LA0LD	2	2	0	239
1RB1RA_0LC0RC_1LA1LD_1RA0LD	2	2	0	248
1RB1RA_0LC0RC_1LA1LD_1RC0LD	2	2	0	182
1RB1RA_0LC0RC_1LB1LD_1LA0LB	3	2	0	490
1RB1RA_0LC0RC_1LC1LD_1LA0LB	3	2	0	385
1RB1RA_0LC0RC_1RD1LC_1LA1RB	2	2	0	192
1RB1RA_0LC0RD_---1LD_1LA0LD	2	2	0	156
1RB1RA_0LC0RD_0LC1LD_1RA0LC	3	2	0	249
1RB1RA_0LC0RD_0RA1LD_1LA0LC	4	2	0	1010
1RB1RA_0LC0RD_1LA0LB_1LD1LC	3	2	0	350
1RB1RA_0LC0RD_1LA1LC_---0LC	2	2	0	156
1RB1RA_0LC0RD_1LA1LC_---1RA	2	2	0	134
1RB1RA_0LC0RD_1LA1LC_0LA0RC	2	2	0	164
1RB1RA_0LC0RD_1LA1LC_0LA1RD	2	2	0	140
1RB1RA_0LC0RD_1LA1LC_0LB0RC	2	2	0	298
1RB1RA_0LC0RD_1LA1LC_0LB1RD	2	2	0	192
1RB1RA_0LC0RD_1LA1LC_0LC0RC	2	2	0	291
1RB1RA_0LC0RD_1LA1LC_0LC1RD	2	2	0	244
1RB1RA_0LC0RD_1LA1LC_0RA1LD	2	2	0	140
1RB1RA_0LC0RD_1LA1LC_0RA1RD	2	2	0	142
1RB1RA_0LC0RD_1LA1LC_0RB1RD	2	2	0	228
1RB1RA_0LC0RD_1LA1LC_1LA0LD	2	2	0	156
1RB1RA_0LC0RD_1LA1LC_1LA1RD	2	2	0	220
1RB1RA_0LC0RD_1LA1LC_1LB0RC	2	3	0	251
1RB1RA_0LC0RD_1LA1LC_1LB0RD	3	2	0	533
1RB1RA_0LC0RD_1LA1LC_1LC0RC	2	2	0	184
1RB1RA_0LC0RD_1LA1LC_1LC1RD	2	2	0	124
1RB1RA_0LC0RD_1LA1LC_1RA0RC	2	2	0	285
1RB1RA_0LC0RD_1LA1LC_1RA1LA	2	2	0	206
1RB1RA_0LC0RD_1LA1LC_1RA1RD	2	2	0	212
1RB1RA_0LC0RD_1LA1LC_1RB0RC	2	2	0	188
1RB1RA_0LC0RD_1LA1LC_1RB1RD	2	2	0	134
1RB1RA_0LC0RD_1LA1LC_1RC0RC	2	2	0	174
1RB1RA_0LC0RD_1LA1LC_1RC1LA	2	2	0	145
1RB1RA_0LC0RD_1LA1LC_1RC1RD	2	2	0	134
1RB1RA_0LC0RD_1LD0RB_1LA0LD	2	2	0	166
1RB1RA_0LC0RD_1LD1RC_1LA0LD	2	2	0	224
1RB1RA_0LC0RD_1RA1LB_1LC1RD	2	2	0	100
1RB1RA_0LC1LA_---0LD_1LA1LC	2	2	0	124
1RB1RA_0LC1LA_---1LD_0RB0LC	2	2	0	188
1RB1RA_0LC1LA_---1LD_0RB1LC	2	2	0	152
1RB1RA_0LC1LA_---1LD_1RA0LC	2	2	0	164
1RB1RA_0LC1LA_---1LD_1RB0LC	2	2	0	176
1RB1RA_0LC1LA_---1LD_1RB1LC	2	2	0	140
1RB1RA_0LC1LA_0LB0LD_1RC1LC	2	2	0	134
1RB1RA_0LC1LA_1LC0LD_1LA0RB	2	2	0	156
1RB1RA_0LC1LA_1RD1LD_0RB0LD	2	2	0	279
1RB1RA_0LC1LC_0RD1LB_1RA---	2	2	0	135
1RB1RA_0LC1LC_1LC1LD_1RA0RB	2	2	0	180
1RB1RA_0LC1LC_1RD1LB_0RA1LB	2	2	0	153
1RB1RA_0LC1LC_1RD1LB_0RA1RB	2	2	0	161
1RB1RA_0LC1LD_---1LA_1RA0LD	2	2	0	370
1RB1RA_0LC1LD_---1LD_1RA1LB	2	2	0	128
1RB1RA_0LC1LD_0LA1LA_1RC0LD	2	2	0	388
1RB1RA_0LC1LD_0LB1LA_1RC0LD	2	2	0	201
1RB1RA_0LC1LD_0LB1RC_1RA1LB	2	2	0	140
1RB1RA_0LC1LD_0LD1LB_1RA1LB	2	2	0	151
1RB1RA_0LC1LD_0LD1RC_1RA1LB	2	2	0	165
1RB1RA_0LC1LD_0RA1LA_1LC0LD	2	2	0	375
1RB1RA_0LC1LD_0RA1LB_---1LC	3	2	0	570
1RB1RA_0LC1LD_1LA0RB_1RA0LD	2	2	0	480
1RB1RA_0LC1LD_1LB1RC_0RA0LC	2	2	0	113
1RB1RA_0LC1LD_1LB1RC_0RA1LB	2	2	0	87
1RB1RA_0LC1LD_1RA1LA_0LB0LD	2	2	0	279
1RB1RA_0LC1LD_1RA1LA_0LC0LD	2	2	0	199
1RB1RA_0LC1LD_1RA1LA_0RB0LD	2	2	0	388
1RB1RA_0LC1LD_1RA1LA_1LC0LD	2	2	0	183
1RB1RA_0LC1LD_1RB1LA_1RC0LD	2	2	0	370
1RB1RA_0LC1LD_1RC0LD_1RA1LB	2	2	0	112
1RB1RA_0LC1LD_1RC1LA_1LB0LD	2	2	0	255
1RB1RA_0LC1LD_1RC1LA_1LC0LD	2	2	0	191
1RB1RA_0LC1LD_1RD1LB_0RA1LB	2	2	0	159
1RB1RA_0LC1RA_---1LD_1RA0LC	2	2	0	120
1RB1RA_0LC1RA_---1LD_1RB1LC	2	2	0	128
1RB1RA_0LC1RA_0RB1LD_1LC0LC	2	2	0	127
1RB1RA_0LC1RA_1LB0LD_1RC0RC	2	2	0	178
1RB1RA_0LC1RB_0RA1LD_1RB1LC	2	2	0	246
1RB1RA_0LC1RB_1RA1LD_1RB1LC	2	2	0	122
1RB1RA_0LC1RB_1RB1LD_0RA1LC	2	2	0	264
1RB1RA_0LC1RC_1LC1LD_1RA0LB	2	2	0	180
1RB1RA_0LC1RC_1LD1LA_1RA0LD	2	2	0	294
1RB1RA_0LC1RC_1RA1LD_1RB1LC	2	2	0	134
1RB1RA_0LC1RC_1RC1LD_1RA0LD	2	2	0	119
1RB1RA_0LC1RD_0LD1LC_0RA1LD	2	3	0	171
1RB1RA_0LC1RD_0LD1LC_1RD0LA	2	2	0	122
1RB1RA_0LC1RD_0RB1LC_1LA1RB	2	2	0	104
1RB1RA_0LC1RD_1LA1LC_---0LA	2	2	0	122
1RB1RA_0LC1RD_1LA1LC_---0RA	2	2	0	138
1RB1RA_0LC1RD_1LA1LC_0RA0LB	2	2	0	144
1RB1RA_0LC1RD_1LA1LC_1LB0RD	4	2	0	202
1RB1RA_0LC1RD_1LA1LC_1RB0RD	3	2	0	116
1RB1RA_0LC1RD_1LA1LD_1LC0RB	2	2	0	129
1RB1RA_0LC1RD_1RB1LC_0LA1RB	2	2	0	138
1RB1RA_0LC1RD_1RB1LC_1LA1RB	2	2	0	140
1RB1RA_0LC1RD_1RD1LC_0LA1RB	2	2	0	132
1RB1RA_0LC1RD_1RD1LC_1LA1RB	2	2	0	132
1RB1RA_0RC---_0LC1LD_1RA1LC	2	2	0	153
1RB1RA_0RC---_1LC1LD_1RA1LC	2	2	0	106
1RB1RA_0RC0LA_0LC1LD_0LA0LC	2	2	0	154
1RB1RA_0RC0LA_0LC1LD_0LA1LC	2	2	0	173
1RB1RA_0RC0LA_0LC1LD_1LA1LC	2	2	0	163
1RB1RA_0RC0LA_1LC0LD_0RA0LB	3	2	0	505
1RB1RA_0RC0LA_1LC0LD_0RA0RC	2	2	0	170
1RB1RA_0RC0LA_1LC0LD_1LA0RC	2	2	0	144
1RB1RA_0RC0LA_1LC0LD_1LA1LC	2	2	0	122
1RB1RA_0RC0LA_1LC1LD_0LA0LC	2	2	0	185
1RB1RA_0RC0LA_1LC1LD_0LA1LC	2	2	0	128
1RB1RA_0RC0LA_1LC1LD_1LA0LC	4	2	0	503
1RB1RA_0RC0LA_1LC1LD_1LA1LC	2	2	0	122
1RB1RA_0RC0LA_1LC1LD_1RA0LC	4	2	0	669
1RB1RA_0RC0LB_1LC1LD_1RA0RB	2	2	0	178
1RB1RA_0RC0LC_1LD1RC_0LA1LB	2	2	0	216
1RB1RA_0RC0LD_1LB0LC_0RA1LD	2	2	0	754
1RB1RA_0RC0LD_1LB0LC_1RA1LD	2	2	0	600
1RB1RA_0RC0LD_1LB1LC_0RA1LD	2	2	0	463
1RB1RA_0RC0LD_1LB1LC_1RA1LD	2	2	0	677
1RB1RA_0RC0LD_1LC0LA_0RA1LD	2	2	0	212
1RB1RA_0RC0LD_1LC0LA_1RA1LD	2	2	0	152
1RB1RA_0RC0LD_1LC0LD_0RA1LD	2	3	0	377
1RB1RA_0RC0LD_1LC0LD_1RA1LD	2	2	0	542
1RB1RA_0RC0LD_1LC1RB_0RA1LD	2	3	0	263
1RB1RA_0RC0LD_1LC1RB_1RA1LD	2	3	0	197
1RB1RA_0RC0RA_0LC1LD_1LA1LC	3	2	0	269
1RB1RA_0RC0RA_1LC0LD_0RA0LB	3	2	0	142
1RB1RA_0RC0RA_1LC0LD_0RA0RC	2	2	0	218
1RB1RA_0RC0RA_1LC0LD_0RA1LC	3	2	0	116
1RB1RA_0RC0RA_1LC0LD_1LA0LB	3	2	0	479
1RB1RA_0RC0RA_1LC0LD_1LA0LC	3	2	0	361
1RB1RA_0RC0RA_1LC0LD_1LA0RC	2	2	0	713
1RB1RA_0RC0RA_1LC1LD_0LA1LC	2	2	0	168
1RB1RA_0RC0RA_1LC1LD_0RB1LC	2	2	0	143
1RB1RA_0RC0RA_1LC1LD_1RB1LC	2	2	0	194
1RB1RA_0RC0RB_0LD0LA_1LD0LA	2	2	0	208
1RB1RA_0RC0RB_0LD1LA_1LD0LA	2	2	0	202
1RB1RA_0RC0RB_0LD1RA_1LD0LA	2	2	0	238
1RB1RA_0RC0RB_0LD1RC_1LD0LA	2	2	0	210
1RB1RA_0RC0RB_0RD0LA_1LC1LD	2	2	0	265
1RB1RA_0RC0RB_0RD0LA_1LD0LA	2	2	0	159
1RB1RA_0RC0RB_0RD0LA_1LD1RC	2	2	0	153
1RB1RA_0RC0RB_0RD0RA_1LD0LA	2	2	0	155
1RB1RA_0RC0RB_0RD1LA_1LD0LA	2	2	0	145
1RB1RA_0RC0RB_0RD1LC_1LD0LA	2	2	0	165
1RB1RA_0RC0RB_0RD1RA_1LD0LA	2	2	0	155
1RB1RA_0RC0RB_0RD1RC_1LD0LA	2	2	0	133
1RB1RA_0RC0RB_0RD1RD_1LD0LA	2	2	0	156
1RB1RA_0RC0RB_1LC0LA_------	2	2	0	97
1RB1RA_0RC0RB_1LC0LD_0RD1RA	2	2	0	95
1RB1RA_0RC0RB_1LC0LD_1LA0LA	2	2	0	264
1RB1RA_0RC0RB_1LC0LD_1LA0RA	2	2	0	295
1RB1RA_0RC0RB_1LC0LD_1LA1LA	2	2	0	112
1RB1RA_0RC0RB_1LC0LD_1LA1RB	2	2	0	253
1RB1RA_0RC0RB_1LC0LD_1RA1LD	2	2	0	385
1RB1RA_0RC0RB_1LC0LD_1RB1LA	2	2	0	100
1RB1RA_0RC0RB_1LC0LD_1RD1LA	2	2	0	118
1RB1RA_0RC0RB_1LC0LD_1RD1RA	2	2	0	109
1RB1RA_0RC0RB_1LC1LD_0LA0LA	2	2	0	155
1RB1RA_0RC0RB_1LC1LD_0LA0LD	2	2	0	87
1RB1RA_0RC0RB_1LC1LD_0LA0RC	2	2	0	161
1RB1RA_0RC0RB_1LC1LD_0LA1LA	2	2	0	236
1RB1RA_0RC0RB_1LC1LD_0LA1LB	2	2	0	94
1RB1RA_0RC0RB_1LC1LD_0LA1LD	2	2	0	90
1RB1RA_0RC0RB_1LC1LD_0LA1RB	2	2	0	137
1RB1RA_0RC0RB_1LC1LD_1RC0LA	2	2	0	165
1RB1RA_0RC0RB_1LC1LD_1RD0LA	2	2	0	268
1RB1RA_0RC0RB_1LC1RD_---0LA	2	2	0	223
1RB1RA_0RC0RB_1LC1RD_0LA0LC	2	2	0	247
1RB1RA_0RC0RB_1LC1RD_0LA1LD	2	2	0	102
1RB1RA_0RC0RB_1LD0LA_1LC---	2	2	0	97
1RB1RA_0RC0RB_1LD0LA_1LD0LA	2	2	0	97
1RB1RA_0RC0RB_1LD0LA_1LD1RC	2	2	0	223
1RB1RA_0RC0RB_1LD0RA_1LD0LA	2	2	0	95
1RB1RA_0RC0RB_1LD1LA_1LC0LA	2	2	0	90
1RB1RA_0RC0RB_1LD1LA_1LD0LA	2	2	0	103
1RB1RA_0RC0RB_1LD1RA_1LD0LA	2	2	0	95
1RB1RA_0RC0RB_1LD1RC_1LC0LA	2	2	0	100
1RB1RA_0RC0RB_1LD1RC_1LD0LA	2	2	0	112
1RB1RA_0RC0RB_1LD1RD_1LC0LA	2	2	0	98
1RB1RA_0RC0RB_1LD1RD_1LD0LA	2	2	0	126
1RB1RA_0RC0RC_0LC1LD_1LA0LB	3	2	0	444
1RB1RA_0RC0RC_1LC1LD_0LA0LB	3	2	0	716
1RB1RA_0RC0RC_1LC1LD_0RA0LB	3	2	0	142
1RB1RA_0RC0RD_0LC1LD_0LA0LC	2	2	0	154
1RB1RA_0RC0RD_0LC1LD_1LA0LD	2	2	0	161
1RB1RA_0RC0RD_0LC1LD_1RA0LC	3	2	0	258
1RB1RA_0RC0RD_1LA0LB_1LD1LC	3	2	0	319
1RB1RA_0RC0RD_1LC0LA_---0RB	2	2	0	97
1RB1RA_0RC0RD_1LC0LA_0LB0RD	2	2	0	193
1RB1RA_0RC0RD_1LC0LA_0RB0RD	2	2	0	133
1RB1RA_0RC0RD_1LC0LA_0RB1LD	2	2	0	221
1RB1RA_0RC0RD_1LC0LA_0RC0RD	2	2	0	97
1RB1RA_0RC0RD_1LC0LA_1LC0RD	2	2	0	177
1RB1RA_0RC0RD_1LC1LD_1LA0LD	2	2	0	153
1RB1RA_0RC0RD_1LC1RD_1LA0LD	2	2	0	126
1RB1RA_0RC0RD_1LD0LA_1LC0RB	2	2	0	97
1RB1RA_0RC1LA_0LC0LD_1LA1LC	2	2	0	129
1RB1RA_0RC1LA_0LC1LD_0RB0LC	2	2	0	204
1RB1RA_0RC1LA_0LC1LD_0RB1LC	2	2	0	181
1RB1RA_0RC1LA_0LC1LD_1RA0LC	2	2	0	180
1RB1RA_0RC1LA_0LC1LD_1RB0LC	2	2	0	192
1RB1RA_0RC1LA_0LC1LD_1RB1LC	2	2	0	167
1RB1RA_0RC1LA_1LC0LD_1RA0RC	2	2	0	150
1RB1RA_0RC1LA_1LC0LD_1RA1LC	2	2	0	158
1RB1RA_0RC1LA_1LC1LD_0RB0LC	2	2	0	195
1RB1RA_0RC1LA_1LC1LD_0RB1LC	2	2	0	122
1RB1RA_0RC1LA_1LC1LD_1RA0LC	2	2	0	175
1RB1RA_0RC1LA_1LC1LD_1RB0LC	2	2	0	185
1RB1RA_0RC1LA_1LC1LD_1RB1LC	2	2	0	114
1RB1RA_0RC1LB_0LC1LD_1RA0LB	2	2	0	569
1RB1RA_0RC1LB_1LA1RD_1LB1RC	2	2	0	79
1RB1RA_0RC1LB_1LC1LD_0RA0LB	2	2	0	269
1RB1RA_0RC1LB_1LC1LD_1RA0LB	2	2	0	244
1RB1RA_0RC1LB_1LD0RA_0LB---	2	2	0	689
1RB1RA_0RC1LB_1LD0RA_0LD1LB	2	2	0	689
1RB1RA_0RC1LB_1LD1RA_0LB---	2	2	0	243
1RB1RA_0RC1LB_1LD1RA_0LD1LB	2	2	0	243
1RB1RA_0RC1LC_1LC1LD_0RA1LB	3	2	0	116
1RB1RA_0RC1LC_1LC1LD_1RA0RB	2	2	0	142
1RB1RA_0RC1LC_1RD1LB_0LD1LA	2	2	0	134
1RB1RA_0RC1LD_0LC1LA_1RA0LD	2	2	0	446
1RB1RA_0RC1LD_0LD1RA_1LD1LB	2	2	0	82
1RB1RA_0RC1LD_0RD1RA_1LD1LB	2	2	0	63
1RB1RA_0RC1LD_1LA---_1RA1LB	2	2	0	114
1RB1RA_0RC1LD_1LB0LC_0RA1LB	2	2	0	90
1RB1RA_0RC1LD_1LB1LC_1RA0RC	2	2	0	150
1RB1RA_0RC1LD_1LB1LC_1RA1LB	2	2	0	114
1RB1RA_0RC1LD_1LB1RC_0LA1LB	2	2	0	131
1RB1RA_0RC1LD_1LC0LA_---1LB	2	2	0	239
1RB1RA_0RC1LD_1LC0LA_0LC0RD	2	2	0	1138
1RB1RA_0RC1LD_1LC0LD_0RA1LD	2	2	0	243
1RB1RA_0RC1LD_1LC0LD_1RA1LB	2	2	0	247
1RB1RA_0RC1LD_1LC0LD_1RA1LD	2	2	0	234
1RB1RA_0RC1LD_1LC0RB_0LA1LB	2	2	0	190
1RB1RA_0RC1LD_1LC0RB_0LA1LD	2	2	0	190
1RB1RA_0RC1LD_1LD0LA_1LC1LB	2	2	0	239
1RB1RA_0RC1LD_1LD0RA_1LD1LB	2	2	0	143
1RB1RA_0RC1LD_1LD0RA_1RD1LB	2	2	0	155
1RB1RA_0RC1LD_1LD1RC_0LA1LB	2	2	0	141
1RB1RA_0RC1LD_1RD1RB_0LB0LA	2	2	0	108
1RB1RA_0RC1RA_0LC1LD_1RA0LC	2	2	0	136
1RB1RA_0RC1RA_0LC1LD_1RB1LC	2	2	0	153
1RB1RA_0RC1RA_1LC0LD_1RA0RC	2	2	0	142
1RB1RA_0RC1RA_1LC0LD_1RA1LC	2	2	0	114
1RB1RA_0RC1RA_1LC1LD_1RA0LC	2	2	0	131
1RB1RA_0RC1RA_1LC1LD_1RB0LC	2	2	0	131
1RB1RA_0RC1RA_1LC1LD_1RB1LC	2	2	0	106
1RB1RA_0RC1RB_0LC1LD_0LA0LC	2	2	0	128
1RB1RA_0RC1RB_0LC1LD_0LA1LC	2	2	0	113
1RB1RA_0RC1RB_1LC0LD_1LA0LB	2	2	0	124
1RB1RA_0RC1RB_1LC0LD_1LA0RC	2	2	0	102
1RB1RA_0RC1RB_1LC0LD_1LA1LC	2	2	0	112
1RB1RA_0RC1RB_1LC1LD_0LA0LC	2	2	0	145
1RB1RA_0RC1RB_1LC1LD_0LA1LC	2	2	0	80
1RB1RA_0RC1RB_1LC1LD_1LA0LC	4	2	0	399
1RB1RA_0RC1RB_1LC1LD_1RA0LC	4	2	0	571
1RB1RA_0RC1RC_1LC1LD_1RA0LB	2	2	0	142
1RB1RA_0RC1RD_1LC0LA_0RB0RD	2	2	0	184
1RB1RA_0RC1RD_1LC0LA_0RC0RD	2	2	0	215
1RB1RA_0RC1RD_1LC0LD_0RA1LD	2	2	0	248
1RB1RA_0RC1RD_1LC0LD_1RA1LD	2	2	0	239
1RB1RA_0RC1RD_1LC1LD_1LA0LD	4	2	0	205
1RB1RA_0RC1RD_1LC1LD_1RA0LC	4	2	0	473
1RB1RA_1LB0LC_0LD0LB_1RD1LA	2	2	0	72
1RB1RA_1LB0LC_0LD0LC_1RD0LA	2	2	0	126
1RB1RA_1LB0LC_0LD0LC_1RD1LA	2	2	0	72
1RB1RA_1LB0LC_0LD0LD_1RD1LA	2	2	0	152
1RB1RA_1LB0LC_0LD0RB_1RD0RA	2	2	0	153
1RB1RA_1LB0LC_0LD0RB_1RD1LA	2	2	0	82
1RB1RA_1LB0LC_0LD0RB_1RD1RA	2	2	0	76
1RB1RA_1LB0LC_0RD0LB_1RD1LA	2	2	0	104
1RB1RA_1LB0LC_0RD0LC_1RD0LA	2	2	0	184
1RB1RA_1LB0LC_0RD0LC_1RD1LA	2	2	0	104
1RB1RA_1LB0LC_0RD0LD_1RD1LA	2	2	0	167
1RB1RA_1LB0LC_0RD0RB_1LC1RA	2	2	0	111
1RB1RA_1LB0LC_0RD0RB_1RA---	2	2	0	103
1RB1RA_1LB0LC_0RD0RB_1RD1LA	2	2	0	111
1RB1RA_1LB0LC_0RD0RB_1RD1RA	2	2	0	103
1RB1RA_1LB0LC_0RD0RC_1RA1LB	2	2	0	129
1RB1RA_1LB0LC_1LA0LD_1RD1LA	2	2	0	167
1RB1RA_1LB0LC_1LD0LD_1RD1LA	2	2	0	173
1RB1RA_1LB0LC_1LD0RA_1RA0LB	2	3	0	397
1RB1RA_1LB0LC_1LD1RD_0RA0LB	4	2	0	989
1RB1RA_1LB0LC_1LD1RD_0RA1LB	3	2	0	330
1RB1RA_1LB0LC_1RC0LD_1RD1LA	2	2	0	221
1RB1RA_1LB0LC_1RD0LB_1RD0LA	2	2	0	138
1RB1RA_1LB0LC_1RD0LC_1RD0LA	2	2	0	138
1RB1RA_1LB0LC_1RD0LC_1RD1LA	2	2	0	134
1RB1RA_1LB0LC_1RD0LD_1RD1LA	2	2	0	189
1RB1RA_1LB0LC_1RD0RB_1LD0RA	2	2	0	111
1RB1RA_1LB0RC_0LD1LC_1LA1LB	2	2	0	134
1RB1RA_1LB0RC_1LD1LC_0RA1LB	2	2	0	113
1RB1RA_1LB0RC_1RA1LD_1LC1LB	3	2	0	326
1RB1RA_1LB1LC_0LD0LC_1RD0LA	2	2	0	223
1RB1RA_1LB1LC_0LD0LC_1RD0RA	2	3	0	748
1RB1RA_1LB1LC_0LD0LC_1RD1LA	2	2	0	72
1RB1RA_1LB1LC_0LD0LC_1RD1RA	2	2	0	66
1RB1RA_1LB1LC_0LD1LB_0RD1RA	2	2	0	85
1RB1RA_1LB1LC_0LD1LB_1RD1LA	2	2	0	64
1RB1RA_1LB1LC_0LD1LB_1RD1RA	2	2	0	58
1RB1RA_1LB1LC_0LD1LD_0RA1LB	3	2	0	292
1RB1RA_1LB1LC_0RA0LD_---1RB	2	2	0	103
1RB1RA_1LB1LC_0RA0LD_1LB1RD	2	2	0	103
1RB1RA_1LB1LC_0RA0RD_---1LB	2	2	0	103
1RB1RA_1LB1LC_0RA0RD_0LB0RC	2	2	0	294
1RB1RA_1LB1LC_0RA0RD_0LB0RD	2	2	0	294
1RB1RA_1LB1LC_0RA0RD_0RB0LD	2	2	0	129
1RB1RA_1LB1LC_0RA0RD_1LB1LD	2	2	0	103
1RB1RA_1LB1LC_0RA1LB_------	2	2	0	77
1RB1RA_1LB1LC_0RA1LD_---1LC	2	2	0	77
1RB1RA_1LB1LC_0RC1LD_1RA1LB	3	2	0	258
1RB1RA_1LB1LC_0RD0LC_1RD1LA	2	2	0	118
1RB1RA_1LB1LC_0RD0LC_1RD1RA	2	2	0	94
1RB1RA_1LB1LC_0RD1LB_---1RA	2	2	0	77
1RB1RA_1LB1LC_0RD1LB_0LA1RD	2	2	0	85
1RB1RA_1LB1LC_0RD1LB_0RA1LD	2	2	0	85
1RB1RA_1LB1LC_0RD1LB_1RA0LC	2	2	0	85
1RB1RA_1LB1LC_1LA1LD_0RA1LB	3	2	0	473
1RB1RA_1LB1LC_1LD0LD_0RA0RB	3	2	0	332
1RB1RA_1LB1LC_1LD0RB_0RA1LB	3	2	0	332
1RB1RA_1LB1LC_1LD0RB_1RA0LC	4	2	0	332
1RB1RA_1LB1LC_1LD0RB_1RA1LB	3	2	0	330
1RB1RA_1LB1LC_1LD0RD_1RA1LB	2	2	0	76
1RB1RA_1LB1LC_1LD1LB_0RD0RA	2	2	0	85
1RB1RA_1LB1LC_1LD1LB_1RA---	2	2	0	58
1RB1RA_1LB1LC_1LD1LB_1RD1LA	2	2	0	64
1RB1RA_1LB1LC_1LD1LB_1RD1RA	2	2	0	58
1RB1RA_1LB1LC_1LD1LD_0RA1LB	3	2	0	264
1RB1RA_1LB1LC_1LD1LD_1RA1LB	3	2	0	252
1RB1RA_1LB1LC_1RA0LD_---0RB	3	2	0	312
1RB1RA_1LB1LC_1RA0LD_0RB0RA	3	2	0	448
1RB1RA_1LB1LC_1RA0LD_1LB0RD	3	2	0	312
1RB1RA_1LB1LC_1RA1LD_---1LB	3	2	0	244
1RB1RA_1LB1LC_1RA1LD_0LB0RD	3	2	0	1273
1RB1RA_1LB1LC_1RA1LD_1LB0RC	3	2	0	312
1RB1RA_1LB1LC_1RB1LD_0RA1LB	3	2	0	278
1RB1RA_1LB1LC_1RB1LD_1RA1LB	3	2	0	254
1RB1RA_1LB1LC_1RD0LB_1RA0RD	2	2	0	277
1RB1RA_1LB1LC_1RD0LC_1RD0LA	2	2	0	271
1RB1RA_1LB1LC_1RD0LC_1RD1LA	2	2	0	134
1RB1RA_1LB1LC_1RD0LC_1RD1RA	2	2	0	124
1RB1RA_1LB1LC_1RD0LD_0RB0RA	3	2	0	496
1RB1RA_1LB1LC_1RD1LB_1LA1RD	2	2	0	110
1RB1RA_1LB1LC_1RD1LB_1RA1LD	2	2	0	64
1RB1RA_1LB1RC_0RA1LD_---1LC	2	2	0	87
1RB1RA_1LB1RC_1LA1LD_---0LC	4	2	0	306
1RB1RA_1LB1RC_1LD0LB_1RA1LC	2	2	0	88
1RB1RA_1LB1RC_1RA1LD_---0LC	4	2	0	412
1RB1RA_1LC---_---1LD_0RA1LC	2	2	0	77
1RB1RA_1LC---_0LD0LC_1RD0LA	2	2	0	126
1RB1RA_1LC---_0LD0LC_1RD1LA	2	2	0	72
1RB1RA_1LC---_0RD0LC_1RD0LA	2	2	0	184
1RB1RA_1LC---_0RD0LC_1RD1LA	2	2	0	104
1RB1RA_1LC---_1RD0LC_1RD0LA	2	2	0	138
1RB1RA_1LC---_1RD0LC_1RD1LA	2	2	0	134
1RB1RA_1LC0LA_---1LD_0RA0LB	2	2	0	289
1RB1RA_1LC0LA_---1LD_1RB1LC	2	2	0	230
1RB1RA_1LC0LA_0LD0LC_1RD0LB	2	2	0	104
1RB1RA_1LC0LA_0LD0LC_1RD1LB	2	2	0	142
1RB1RA_1LC0LA_1LB0LD_1RA0RC	2	2	0	264
1RB1RA_1LC0LA_1LC0LD_1RA0RB	2	2	0	264
1RB1RA_1LC0LA_1LC0LD_1RA0RC	2	2	0	264
1RB1RA_1LC0LA_1RD0LB_1LA0RC	2	2	0	235
1RB1RA_1LC0LA_1RD0LB_1RA0RC	2	2	0	229
1RB1RA_1LC0LA_1RD0LC_1RD0LB	2	2	0	208
1RB1RA_1LC0LA_1RD0LC_1RD1LB	2	2	0	158
1RB1RA_1LC0LB_0RD0LB_1RA1RC	2	2	0	348
1RB1RA_1LC0LB_1RD0LB_0LA0RC	2	2	0	144
1RB1RA_1LC0LB_1RD0LB_1LA0RC	2	2	0	150
1RB1RA_1LC0LC_1RD0LB_1LA0RB	2	2	0	120
1RB1RA_1LC0LC_1RD0LB_1LA0RC	2	2	0	150
1RB1RA_1LC0LD_---0LD_0RA1LD	2	2	0	601
1RB1RA_1LC0LD_---0LD_1RA1LD	2	2	0	792
1RB1RA_1LC0LD_0LD1LB_0RA1LD	2	2	0	838
1RB1RA_1LC0LD_0LD1LB_1RA1LD	2	2	0	590
1RB1RA_1LC0LD_0RA1LB_0RA1LD	2	2	0	914
1RB1RA_1LC0LD_0RA1LB_1RA1LD	2	2	0	594
1RB1RA_1LC0LD_0RB0LC_1RD0LA	2	2	0	162
1RB1RA_1LC0LD_0RB0LC_1RD1LA	2	2	0	154
1RB1RA_1LC0LD_0RB1LB_0RA1LD	2	2	0	948
1RB1RA_1LC0LD_0RB1LB_1RA1LD	2	2	0	606
1RB1RA_1LC0LD_0RD1LB_0RA1LD	2	2	0	916
1RB1RA_1LC0LD_0RD1LB_1RA1LD	2	2	0	582
1RB1RA_1LC0LD_1LA1LB_0RA1LD	2	2	0	914
1RB1RA_1LC0LD_1LA1LB_1RA1LD	2	2	0	580
1RB1RA_1LC0LD_1LA1LC_0RA1RD	2	2	0	107
1RB1RA_1LC0LD_1LB1LD_0RA0RB	2	2	0	181
1RB1RA_1LC0LD_1LB1RC_0RA1LD	2	2	0	507
1RB1RA_1LC0LD_1LB1RC_1RA1LD	2	2	0	838
1RB1RA_1LC0LD_1LC1LD_0RA0RB	2	2	0	181
1RB1RA_1LC0LD_1LD1LB_0RA1LD	2	2	0	792
1RB1RA_1LC0LD_1LD1LB_1RA1LD	2	2	0	606
1RB1RA_1LC0LD_1RA1LB_---1RB	2	2	0	76
1RB1RA_1LC0LD_1RA1LB_0RA1LD	2	2	0	790
1RB1RA_1LC0LD_1RA1LB_1RA1LD	2	2	0	580
1RB1RA_1LC0LD_1RB1LB_0RA1LD	2	2	0	836
1RB1RA_1LC0LD_1RB1LB_1RA1LD	2	2	0	596
1RB1RA_1LC0LD_1RC1LB_0RA1LD	2	2	0	840
1RB1RA_1LC0LD_1RC1LB_1RA1LD	2	2	0	592
1RB1RA_1LC0LD_1RD1LB_0RA1LD	2	2	0	794
1RB1RA_1LC0LD_1RD1LB_1RA1LD	2	2	0	608
1RB1RA_1LC0LD_1RD1LC_1LA0RB	2	2	0	316
1RB1RA_1LC0RA_---1LD_0RA0LB	3	2	0	497
1RB1RA_1LC0RA_---1LD_1LA0LB	3	2	0	1140
1RB1RA_1LC0RA_---1LD_1LA1LC	2	2	0	103
1RB1RA_1LC0RA_---1LD_1RA0LB	3	2	0	745
1RB1RA_1LC0RA_---1LD_1RB0LB	3	2	0	219
1RB1RA_1LC0RA_0LB1LD_1RB1LC	2	2	0	247
1RB1RA_1LC0RA_0LD0LB_1RD0LA	2	2	0	267
1RB1RA_1LC0RA_0LD0LB_1RD0RB	2	3	0	438
1RB1RA_1LC0RA_0LD0LB_1RD1LA	2	2	0	158
1RB1RA_1LC0RA_0LD0LB_1RD1LB	2	2	0	1699
1RB1RA_1LC0RA_0LD0LC_1RD0RB	2	2	0	332
1RB1RA_1LC0RA_0RD0LB_0LA1RD	2	2	0	127
1RB1RA_1LC0RA_0RD0LB_0RA0RD	2	2	0	168
1RB1RA_1LC0RA_0RD0LB_0RA1LD	2	2	0	127
1RB1RA_1LC0RA_0RD0LB_0RA1RD	2	2	0	229
1RB1RA_1LC0RA_0RD0LB_1LA0RD	2	2	0	239
1RB1RA_1LC0RA_0RD0LB_1LA1LD	2	2	0	358
1RB1RA_1LC0RA_0RD0LB_1LA1RD	2	2	0	166
1RB1RA_1LC0RA_0RD0LB_1LB1RD	2	2	0	137
1RB1RA_1LC0RA_0RD0LB_1RA0LD	2	2	0	259
1RB1RA_1LC0RA_0RD0LB_1RA0RD	2	2	0	131
1RB1RA_1LC0RA_0RD0LB_1RA1LD	2	2	0	103
1RB1RA_1LC0RA_0RD0LB_1RA1RD	2	2	0	162
1RB1RA_1LC0RA_1LB0LD_1RC0RC	2	2	0	111
1RB1RA_1LC0RA_1LB1LD_1RB1LC	2	2	0	226
1RB1RA_1LC0RA_1LC1LD_1RB0LC	3	2	0	219
1RB1RA_1LC0RA_1LD0LB_0RA---	2	2	0	116
1RB1RA_1LC0RA_1LD0LB_0RB---	2	2	0	122
1RB1RA_1LC0RA_1LD0LB_0RD0RA	2	2	0	122
1RB1RA_1LC0RA_1LD0LB_0RD1LA	2	2	0	405
1RB1RA_1LC0RA_1LD0LB_0RD1RA	2	2	0	116
1RB1RA_1LC0RA_1LD0LB_1LA---	2	2	0	107
1RB1RA_1LC0RA_1LD0LB_1RA---	2	2	0	154
1RB1RA_1LC0RA_1LD0LB_1RB0LA	2	2	0	495
1RB1RA_1LC0RA_1LD0LB_1RB0LC	2	2	0	272
1RB1RA_1LC0RA_1LD0LB_1RB0LD	2	2	0	495
1RB1RA_1LC0RA_1LD0LB_1RB0RA	2	2	0	361
1RB1RA_1LC0RA_1LD0LB_1RB0RB	2	3	0	333
1RB1RA_1LC0RA_1LD0LB_1RB0RC	2	2	0	170
1RB1RA_1LC0RA_1LD0LB_1RB0RD	2	3	0	259
1RB1RA_1LC0RA_1LD0LB_1RB1LA	2	2	0	401
1RB1RA_1LC0RA_1LD0LB_1RB1LB	2	3	0	361
1RB1RA_1LC0RA_1LD0LB_1RB1LC	2	3	0	240
1RB1RA_1LC0RA_1LD0LB_1RB1LD	2	2	0	401
1RB1RA_1LC0RA_1LD0LB_1RB1RA	2	2	0	348
1RB1RA_1LC0RA_1LD0LB_1RB1RB	2	2	0	176
1RB1RA_1LC0RA_1LD0LB_1RB1RC	2	2	0	208
1RB1RA_1LC0RA_1LD0LB_1RB1RD	2	2	0	348
1RB1RA_1LC0RA_1LD0LB_1RD0LA	2	2	0	115
1RB1RA_1LC0RA_1LD0LB_1RD0RA	2	2	0	361
1RB1RA_1LC0RA_1LD0LB_1RD0RB	2	2	0	195
1RB1RA_1LC0RA_1LD0LB_1RD1LA	2	2	0	158
1RB1RA_1LC0RA_1LD0LB_1RD1LB	2	2	0	120
1RB1RA_1LC0RA_1LD0LB_1RD1RA	2	2	0	154
1RB1RA_1LC0RA_1LD1LC_1RB1RD	2	2	0	103
1RB1RA_1LC0RA_1RC1LD_0LC0LB	3	2	0	261
1RB1RA_1LC0RA_1RD0LB_---0LA	2	2	0	259
1RB1RA_1LC0RA_1RD0LB_---1LA	2	2	0	103
1RB1RA_1LC0RA_1RD0LB_---1LB	2	2	0	127
1RB1RA_1LC0RA_1RD0LB_---1RB	2	2	0	249
1RB1RA_1LC0RA_1RD0LB_0LA0RD	2	2	0	259
1RB1RA_1LC0RA_1RD0LB_0LA1RD	2	2	0	103
1RB1RA_1LC0RA_1RD0LB_0RA0RD	2	2	0	168
1RB1RA_1LC0RA_1RD0LB_0RA1LD	2	2	0	120
1RB1RA_1LC0RA_1RD0LB_0RA1RD	2	2	0	168
1RB1RA_1LC0RA_1RD0LB_0RB1LD	2	2	0	128
1RB1RA_1LC0RA_1RD0LB_1LA0RD	2	2	0	176
1RB1RA_1LC0RA_1RD0LB_1LA1LD	2	2	0	111
1RB1RA_1LC0RA_1RD0LB_1LA1RD	2	3	0	216
1RB1RA_1LC0RA_1RD0LB_1LB1RD	2	2	0	110
1RB1RA_1LC0RA_1RD0LB_1LC1RD	2	2	0	249
1RB1RA_1LC0RA_1RD0LB_1RA0RD	2	2	0	106
1RB1RA_1LC0RA_1RD0LB_1RA1LD	2	2	0	158
1RB1RA_1LC0RA_1RD0LB_1RA1RD	2	3	0	212
1RB1RA_1LC0RA_1RD0LB_1RB1LD	2	2	0	411
1RB1RA_1LC0RA_1RD0LB_1RC1RD	2	2	0	201
1RB1RA_1LC0RB_0LA0LD_1LA0LC	2	2	0	203
1RB1RA_1LC0RB_0LA0LD_1LA0LD	2	2	0	203
1RB1RA_1LC0RB_0LA0LD_1LA1LD	4	2	0	358
1RB1RA_1LC0RB_0LA1LD_1LA0LD	2	2	0	317
1RB1RA_1LC0RB_0LD1LA_0RA1LD	2	3	0	301
1RB1RA_1LC0RB_0LD1LA_1LA1LD	3	2	0	379
1RB1RA_1LC0RB_0LD1LA_1RA1LD	2	2	0	293
1RB1RA_1LC0RB_0LD1LA_1RC1LD	2	2	0	482
1RB1RA_1LC0RB_0RD0LC_1RA1LB	2	2	0	307
1RB1RA_1LC0RB_1LA0LD_0LC0LA	2	2	0	181
1RB1RA_1LC0RB_1LA0LD_0LC1LD	2	2	0	302
1RB1RA_1LC0RB_1LA0LD_0RA0LA	2	2	0	323
1RB1RA_1LC0RB_1LA0LD_1LA1LC	4	2	0	352
1RB1RA_1LC0RB_1LA0LD_1RA0LA	2	2	0	174
1RB1RA_1LC0RB_1LA0LD_1RA1LC	4	2	0	600
1RB1RA_1LC0RB_1LA1LD_0LC0LC	4	2	0	400
1RB1RA_1LC0RB_1LA1LD_0LC0RC	4	2	0	518
1RB1RA_1LC0RB_1LA1LD_0RD0LC	4	2	0	384
1RB1RA_1LC0RB_1LA1LD_1RC0LC	4	2	0	402
1RB1RA_1LC0RB_1LB1LD_1RA0LD	2	2	0	144
1RB1RA_1LC0RB_1LC0LD_1RA1LD	2	2	0	327
1RB1RA_1LC0RB_1LC0LD_1RD1LA	2	2	0	207
1RB1RA_1LC0RB_1LC1LD_1RA0LB	3	2	0	312
1RB1RA_1LC0RB_1LC1LD_1RA0LD	2	2	0	144
1RB1RA_1LC0RB_1LC1LD_1RD0LA	2	2	0	159
1RB1RA_1LC0RB_1LD1RC_1LD0LA	2	2	0	173
1RB1RA_1LC0RC_---1LD_1LA1LC	2	2	0	70
1RB1RA_1LC0RC_0LB1LD_1RA0LB	3	2	0	339
1RB1RA_1LC0RC_0RB1LD_1LA0LC	2	2	0	319
1RB1RA_1LC0RC_0RC1LD_1LA0LC	2	2	0	143
1RB1RA_1LC0RC_1LA0LD_0RB0LA	2	2	0	269
1RB1RA_1LC0RC_1LA0LD_0RB1LC	4	2	0	468
1RB1RA_1LC0RC_1LA0LD_1LA0LC	2	2	0	214
1RB1RA_1LC0RC_1LA0LD_1LA0LD	2	2	0	214
1RB1RA_1LC0RC_1LA0LD_1RC0LA	2	2	0	175
1RB1RA_1LC0RC_1LA0LD_1RC0LC	2	2	0	137
1RB1RA_1LC0RC_1LA0LD_1RC1LC	4	2	0	437
1RB1RA_1LC0RC_1LA1LD_1LA0LC	2	2	0	125
1RB1RA_1LC0RC_1LA1LD_1LA0LD	2	2	0	114
1RB1RA_1LC0RC_1LA1LD_1RA0LC	2	2	0	122
1RB1RA_1LC0RC_1LB1LD_1RA0LB	3	2	0	312
1RB1RA_1LC0RC_1LC1LD_1RA0LB	3	2	0	312
1RB1RA_1LC0RC_1LD0LC_1RB1LA	2	2	0	222
1RB1RA_1LC0RC_1LD0LC_1RB1RA	2	2	0	214
1RB1RA_1LC0RC_1RC1LD_1RA0LB	3	2	0	401
1RB1RA_1LC0RD_---0LD_1LA0LD	2	2	0	214
1RB1RA_1LC0RD_---1LD_1RA1LB	3	2	0	312
1RB1RA_1LC0RD_0LA0LD_1LA0LC	2	2	0	164
1RB1RA_1LC0RD_0LC0LD_1LA1RC	2	2	0	318
1RB1RA_1LC0RD_0LD0LC_1LA0LD	2	2	0	210
1RB1RA_1LC0RD_0LD0LC_1LA1LD	2	2	0	218
1RB1RA_1LC0RD_0RA0LB_1RB---	2	2	0	121
1RB1RA_1LC0RD_0RB0LC_1LA1LD	2	2	0	208
1RB1RA_1LC0RD_0RD0LC_1LA0LD	2	2	0	252
1RB1RA_1LC0RD_0RD0LC_1LA1LD	2	2	0	242
1RB1RA_1LC0RD_1LA0LB_1LD0RC	2	3	0	165
1RB1RA_1LC0RD_1LA0LB_1LD1LC	3	2	0	595
1RB1RA_1LC0RD_1LA0LB_1RB0LC	2	2	0	208
1RB1RA_1LC0RD_1LA0LB_1RB0RA	2	2	0	218
1RB1RA_1LC0RD_1LA0LB_1RB0RD	2	2	0	218
1RB1RA_1LC0RD_1LA0LB_1RB1LC	2	2	0	162
1RB1RA_1LC0RD_1LA0LB_1RB1RA	2	2	0	348
1RB1RA_1LC0RD_1LA0LB_1RB1RC	2	2	0	377
1RB1RA_1LC0RD_1LA0LB_1RB1RD	2	2	0	348
1RB1RA_1LC0RD_1LA0LC_0LD0RB	2	2	0	358
1RB1RA_1LC0RD_1LA0LC_1LA0LC	2	2	0	214
1RB1RA_1LC0RD_1LA0LC_1LA0LD	2	2	0	214
1RB1RA_1LC0RD_1LA0LC_1LA1LC	2	2	0	120
1RB1RA_1LC0RD_1LA0LC_1LA1LD	2	2	0	120
1RB1RA_1LC0RD_1LA0LC_1RC---	4	2	0	420
1RB1RA_1LC0RD_1LA0LD_0RD1LC	4	2	0	495
1RB1RA_1LC0RD_1LA0LD_1LA0LC	2	2	0	214
1RB1RA_1LC0RD_1LA0LD_1LA1LC	4	2	0	410
1RB1RA_1LC0RD_1LA1LC_---0RA	2	2	0	179
1RB1RA_1LC0RD_1LA1LC_---1RA	2	2	0	103
1RB1RA_1LC0RD_1LA1LC_0LA0RC	2	2	0	135
1RB1RA_1LC0RD_1LA1LC_0LA1RD	2	2	0	107
1RB1RA_1LC0RD_1LA1LC_0LB0RC	2	2	0	264
1RB1RA_1LC0RD_1LA1LC_0LB1RD	2	2	0	132
1RB1RA_1LC0RD_1LA1LC_0LC0RC	2	2	0	257
1RB1RA_1LC0RD_1LA1LC_0LC1RD	2	2	0	126
1RB1RA_1LC0RD_1LA1LC_0RA1LD	2	2	0	107
1RB1RA_1LC0RD_1LA1LC_0RA1RD	2	2	0	212
1RB1RA_1LC0RD_1LA1LC_0RB1RD	2	2	0	110
1RB1RA_1LC0RD_1LA1LC_1LA1RD	2	2	0	192
1RB1RA_1LC0RD_1LA1LC_1LB0RC	2	2	0	131
1RB1RA_1LC0RD_1LA1LC_1LC0RC	2	2	0	147
1RB1RA_1LC0RD_1LA1LC_1LC1RD	2	2	0	201
1RB1RA_1LC0RD_1LA1LC_1RA0LC	2	2	0	168
1RB1RA_1LC0RD_1LA1LC_1RA0LD	2	2	0	136
1RB1RA_1LC0RD_1LA1LC_1RA0RC	2	2	0	165
1RB1RA_1LC0RD_1LA1LC_1RA1LA	2	2	0	178
1RB1RA_1LC0RD_1LA1LC_1RA1RD	2	2	0	186
1RB1RA_1LC0RD_1LA1LC_1RB0RC	2	2	0	279
1RB1RA_1LC0RD_1LA1LC_1RB1RD	2	2	0	103
1RB1RA_1LC0RD_1LA1LC_1RC0LC	2	2	0	106
1RB1RA_1LC0RD_1LA1LC_1RC0RC	2	2	0	313
1RB1RA_1LC0RD_1LA1LC_1RC1LA	2	2	0	106
1RB1RA_1LC0RD_1LA1LC_1RC1RD	2	2	0	106
1RB1RA_1LC0RD_1LD0LB_1RB0RA	2	2	0	180
1RB1RA_1LC0RD_1LD0LB_1RB1RA	2	2	0	348
1RB1RA_1LC0RD_1LD0LC_1LA0RC	2	2	0	284
1RB1RA_1LC0RD_1LD1LC_1LA0LD	2	2	0	198
1RB1RA_1LC0RD_1LD1RC_1LA0LD	2	2	0	126
1RB1RA_1LC0RD_1RA0LB_1LD1RB	2	2	0	187
1RB1RA_1LC0RD_1RA0LB_1RB---	2	2	0	99
1RB1RA_1LC0RD_1RA0LD_1LA1LC	4	2	0	352
1RB1RA_1LC0RD_1RB1LC_1LA0LD	2	2	0	228
1RB1RA_1LC0RD_1RC1LD_1RA0LC	4	2	0	348
1RB1RA_1LC0RD_1RD0LB_0LA0RC	2	2	0	116
1RB1RA_1LC0RD_1RD0LB_1RB1LA	2	2	0	103
1RB1RA_1LC0RD_1RD0LD_1LA0LC	2	2	0	120
1RB1RA_1LC0RD_1RD1LC_1LA0LD	2	2	0	206
1RB1RA_1LC0RD_1RD1LD_1LA0LC	2	2	0	126
1RB1RA_1LC1LA_---0LD_0RA1LC	2	2	0	109
1RB1RA_1LC1LA_---0LD_1LA1LC	2	2	0	86
1RB1RA_1LC1LA_---1LD_0RA0LC	2	2	0	126
1RB1RA_1LC1LA_---1LD_1LA0LC	2	2	0	90
1RB1RA_1LC1LA_---1LD_1LA1LC	2	2	0	64
1RB1RA_1LC1LA_0LB0LD_0RA0RC	2	2	0	135
1RB1RA_1LC1LA_0LB0LD_1LA0RC	2	2	0	104
1RB1RA_1LC1LA_0LB0LD_1RC0RC	2	2	0	110
1RB1RA_1LC1LA_0LB0LD_1RC1LC	2	2	0	92
1RB1RA_1LC1LA_0LC0LD_0RA0RB	2	2	0	176
1RB1RA_1LC1LA_0LD0LC_1RD0LB	2	2	0	134
1RB1RA_1LC1LA_0LD0LC_1RD0RB	2	2	0	279
1RB1RA_1LC1LA_0LD0LC_1RD1LB	2	2	0	78
1RB1RA_1LC1LA_0RD0LC_1RD0LB	2	2	0	220
1RB1RA_1LC1LA_0RD0LC_1RD1LB	2	2	0	124
1RB1RA_1LC1LA_1LB0LD_0RA0RC	2	2	0	111
1RB1RA_1LC1LA_1LB0LD_1LA0RC	2	2	0	88
1RB1RA_1LC1LA_1LB0LD_1RC0RC	2	2	0	88
1RB1RA_1LC1LA_1LB0LD_1RC1LC	2	2	0	86
1RB1RA_1LC1LA_1LC0LD_0RA0RB	2	2	0	111
1RB1RA_1LC1LA_1LC0LD_0RA0RC	2	2	0	111
1RB1RA_1LC1LA_1LC0LD_1LA0RB	2	2	0	88
1RB1RA_1LC1LA_1LC0LD_1LA0RC	2	2	0	88
1RB1RA_1LC1LA_1RD0LC_0LD0RB	2	2	0	252
1RB1RA_1LC1LA_1RD0LC_0RB0RB	2	2	0	232
1RB1RA_1LC1LA_1RD0LC_0RB1RC	3	2	0	352
1RB1RA_1LC1LA_1RD0LC_1RD0LB	2	2	0	148
1RB1RA_1LC1LA_1RD0LC_1RD1LB	2	2	0	144
1RB1RA_1LC1LB_---1LD_0RA0RB	2	2	0	103
1RB1RA_1LC1LB_0RA0LD_0LB0RA	2	2	0	115
1RB1RA_1LC1LB_0RA0LD_0LB1LB	2	2	0	141
1RB1RA_1LC1LB_0RA0LD_0LB1LD	2	2	0	127
1RB1RA_1LC1LB_0RA0LD_0LB1RD	2	2	0	147
1RB1RA_1LC1LB_0RA0LD_0RA0LA	2	2	0	274
1RB1RA_1LC1LB_0RA0LD_0RA1LB	2	2	0	137
1RB1RA_1LC1LB_0RA0LD_0RA1LD	2	2	0	231
1RB1RA_1LC1LB_0RA0LD_0RB0LA	2	2	0	171
1RB1RA_1LC1LB_0RA0LD_0RB1LB	2	2	0	145
1RB1RA_1LC1LB_0RA0LD_0RB1LD	2	2	0	151
1RB1RA_1LC1LB_0RA0LD_0RC0LA	2	2	0	301
1RB1RA_1LC1LB_0RA0LD_0RC1LB	2	2	0	137
1RB1RA_1LC1LB_0RA0LD_0RC1LD	2	2	0	195
1RB1RA_1LC1LB_0RA0LD_0RD1LB	2	2	0	147
1RB1RA_1LC1LB_0RA0LD_1LA0LA	2	2	0	186
1RB1RA_1LC1LB_0RA0LD_1LA0RA	2	2	0	129
1RB1RA_1LC1LB_0RA0LD_1LA1LB	2	2	0	139
1RB1RA_1LC1LB_0RA0LD_1LA1LD	2	2	0	129
1RB1RA_1LC1LB_0RA0LD_1LA1RB	2	2	0	129
1RB1RA_1LC1LB_0RA0LD_1LB0LA	2	2	0	296
1RB1RA_1LC1LB_0RA0LD_1LB0LC	3	2	0	86
1RB1RA_1LC1LB_0RA0LD_1LB0RA	2	2	0	141
1RB1RA_1LC1LB_0RA0LD_1LB0RD	2	2	0	113
1RB1RA_1LC1LB_0RA0LD_1LB1LB	2	2	0	131
1RB1RA_1LC1LB_0RA0LD_1LB1LD	2	2	0	221
1RB1RA_1LC1LB_0RA0LD_1LB1RB	2	2	0	197
1RB1RA_1LC1LB_0RA0LD_1LC0LA	2	2	0	158
1RB1RA_1LC1LB_0RA0LD_1LC1LB	2	2	0	125
1RB1RA_1LC1LB_0RA0LD_1LC1LD	2	2	0	125
1RB1RA_1LC1LB_0RA0LD_1RA0LA	2	2	0	158
1RB1RA_1LC1LB_0RA0LD_1RA1LB	2	2	0	123
1RB1RA_1LC1LB_0RA0LD_1RA1LD	2	2	0	119
1RB1RA_1LC1LB_0RA0LD_1RC0LA	2	3	0	310
1RB1RA_1LC1LB_0RA0LD_1RC0LD	3	2	0	549
1RB1RA_1LC1LB_0RA0LD_1RC1LB	2	2	0	418
1RB1RA_1LC1LB_0RA0LD_1RD1LB	2	2	0	123
1RB1RA_1LC1LB_0RA0RD_0LB1LD	2	2	0	131
1RB1RA_1LC1LB_0RA1LD_0LB0LB	2	2	0	135
1RB1RA_1LC1LB_0RA1LD_0LB0RC	2	2	0	139
1RB1RA_1LC1LB_0RA1LD_0LC0LB	2	2	0	138
1RB1RA_1LC1LB_0RA1LD_0RA0LB	2	2	0	156
1RB1RA_1LC1LB_0RA1LD_0RB0LB	2	2	0	150
1RB1RA_1LC1LB_0RA1LD_0RD0LB	2	2	0	142
1RB1RA_1LC1LB_0RA1LD_1LA0LB	2	2	0	131
1RB1RA_1LC1LB_0RA1LD_1LB0LB	2	2	0	134
1RB1RA_1LC1LB_0RA1LD_1LC0LB	2	2	0	148
1RB1RA_1LC1LB_0RA1LD_1LC0LD	3	2	0	154
1RB1RA_1LC1LB_0RA1LD_1RA0LB	2	2	0	146
1RB1RA_1LC1LB_0RA1LD_1RB0LB	2	2	0	136
1RB1RA_1LC1LB_0RA1LD_1RC0LB	2	2	0	137
1RB1RA_1LC1LB_0RA1LD_1RC0LD	4	2	0	201
1RB1RA_1LC1LB_0RA1LD_1RD0LB	2	2	0	139
1RB1RA_1LC1LB_1RA0LD_0LB0LB	2	2	0	200
1RB1RA_1LC1LB_1RA0LD_0LB1LB	2	2	0	111
1RB1RA_1LC1LB_1RA0LD_0LB1LD	2	2	0	208
1RB1RA_1LC1LB_1RA0LD_0LB1RD	2	2	0	115
1RB1RA_1LC1LB_1RA0LD_0LC0LB	2	2	0	188
1RB1RA_1LC1LB_1RA0LD_0LC1LB	2	2	0	102
1RB1RA_1LC1LB_1RA0LD_0LC1LD	2	2	0	109
1RB1RA_1LC1LB_1RA0LD_0RA0LA	2	2	0	264
1RB1RA_1LC1LB_1RA0LD_0RA0LB	2	2	0	173
1RB1RA_1LC1LB_1RA0LD_0RA1LB	2	2	0	109
1RB1RA_1LC1LB_1RA0LD_0RA1LD	2	2	0	118
1RB1RA_1LC1LB_1RA0LD_0RB0LA	2	2	0	147
1RB1RA_1LC1LB_1RA0LD_0RB0LB	2	2	0	192
1RB1RA_1LC1LB_1RA0LD_0RB1LB	2	2	0	115
1RB1RA_1LC1LB_1RA0LD_0RB1LD	2	2	0	119
1RB1RA_1LC1LB_1RA0LD_0RC0LA	2	2	0	267
1RB1RA_1LC1LB_1RA0LD_0RC0LB	2	2	0	182
1RB1RA_1LC1LB_1RA0LD_0RC1LB	2	2	0	106
1RB1RA_1LC1LB_1RA0LD_0RC1LD	2	2	0	135
1RB1RA_1LC1LB_1RA0LD_0RD0LB	2	2	0	202
1RB1RA_1LC1LB_1RA0LD_0RD1LB	2	2	0	117
1RB1RA_1LC1LB_1RA0LD_1LA0LA	2	2	0	293
1RB1RA_1LC1LB_1RA0LD_1LA0LB	2	2	0	310
1RB1RA_1LC1LB_1RA0LD_1LA0RA	2	2	0	106
1RB1RA_1LC1LB_1RA0LD_1LA1LB	2	2	0	102
1RB1RA_1LC1LB_1RA0LD_1LA1LD	2	2	0	106
1RB1RA_1LC1LB_1RA0LD_1LA1RB	2	2	0	106
1RB1RA_1LC1LB_1RA0LD_1LB0LA	2	2	0	179
1RB1RA_1LC1LB_1RA0LD_1LB0LB	2	2	0	263
1RB1RA_1LC1LB_1RA0LD_1LB0RA	2	2	0	187
1RB1RA_1LC1LB_1RA0LD_1LB0RD	2	2	0	151
1RB1RA_1LC1LB_1RA0LD_1LB1LB	2	2	0	119
1RB1RA_1LC1LB_1RA0LD_1LB1LD	2	2	0	195
1RB1RA_1LC1LB_1RA0LD_1LB1RB	2	2	0	197
1RB1RA_1LC1LB_1RA0LD_1LC0LA	2	2	0	288
1RB1RA_1LC1LB_1RA0LD_1LC0LB	2	2	0	261
1RB1RA_1LC1LB_1RA0LD_1LC1LB	2	2	0	110
1RB1RA_1LC1LB_1RA0LD_1LC1LD	2	2	0	110
1RB1RA_1LC1LB_1RA0LD_1RA0LA	2	2	0	159
1RB1RA_1LC1LB_1RA0LD_1RA0LB	2	2	0	179
1RB1RA_1LC1LB_1RA0LD_1RA1LB	2	2	0	125
1RB1RA_1LC1LB_1RA0LD_1RA1LD	2	2	0	195
1RB1RA_1LC1LB_1RA0LD_1RC0LA	2	2	0	141
1RB1RA_1LC1LB_1RA0LD_1RC0LB	2	2	0	190
1RB1RA_1LC1LB_1RA0LD_1RC1LB	2	2	0	113
1RB1RA_1LC1LB_1RA0LD_1RD0LB	2	2	0	191
1RB1RA_1LC1LB_1RA0LD_1RD1LB	2	2	0	125
1RB1RA_1LC1LB_1RA0RD_0LB1LD	2	2	0	116
1RB1RA_1LC1LB_1RA1LD_0LB0LB	2	2	0	134
1RB1RA_1LC1LB_1RA1LD_0LB0RC	2	2	0	138
1RB1RA_1LC1LB_1RA1LD_0LC0LB	2	2	0	123
1RB1RA_1LC1LB_1RA1LD_0RA0LB	2	2	0	119
1RB1RA_1LC1LB_1RA1LD_0RB0LB	2	2	0	120
1RB1RA_1LC1LB_1RA1LD_0RD0LB	2	2	0	127
1RB1RA_1LC1LB_1RA1LD_1LA0LB	2	2	0	121
1RB1RA_1LC1LB_1RA1LD_1LB0LB	2	2	0	127
1RB1RA_1LC1LB_1RA1LD_1LC0LB	2	2	0	118
1RB1RA_1LC1LB_1RA1LD_1RA0LB	2	2	0	119
1RB1RA_1LC1LB_1RA1LD_1RA0LD	4	2	0	173
1RB1RA_1LC1LB_1RA1LD_1RB0LB	2	2	0	129
1RB1RA_1LC1LB_1RA1LD_1RC0LB	2	2	0	136
1RB1RA_1LC1LB_1RA1LD_1RD0LB	2	2	0	138
1RB1RA_1LC1LB_1RD0LB_0LA0RC	2	2	0	383
1RB1RA_1LC1LB_1RD0LB_1LA0RC	2	2	0	120
1RB1RA_1LC1LB_1RD0LC_0RA---	3	2	0	549
1RB1RA_1LC1LB_1RD1RC_0LB0RA	2	2	0	126
1RB1RA_1LC1LB_1RD1RC_1LB0RA	2	2	0	107
1RB1RA_1LC1LC_---1LD_1RA1LB	3	2	0	244
1RB1RA_1LC1LC_1LB1LD_1RA0RB	3	2	0	312
1RB1RA_1LC1LC_1LC1LD_0RA0RB	2	2	0	103
1RB1RA_1LC1LD_---0LD_0RA1LD	2	2	0	161
1RB1RA_1LC1LD_---0LD_1RA1LB	2	2	0	118
1RB1RA_1LC1LD_---0LD_1RA1LD	2	2	0	118
1RB1RA_1LC1LD_---1LD_0RA1LB	2	2	0	77
1RB1RA_1LC1LD_---1RD_0RA1LB	2	2	0	87
1RB1RA_1LC1LD_0LB1LA_1RC0LD	2	2	0	153
1RB1RA_1LC1LD_0LD0LB_0RA1LD	2	2	0	155
1RB1RA_1LC1LD_0LD0LB_1RA1LB	2	2	0	109
1RB1RA_1LC1LD_0LD0LB_1RA1LD	2	2	0	124
1RB1RA_1LC1LD_0RA0LB_0RA1LB	2	2	0	179
1RB1RA_1LC1LD_0RA0LB_0RA1LD	2	2	0	179
1RB1RA_1LC1LD_0RA0LB_1RA1LB	2	2	0	124
1RB1RA_1LC1LD_0RA0LB_1RA1LD	2	2	0	120
1RB1RA_1LC1LD_0RA0LD_0RA1LB	2	2	0	137
1RB1RA_1LC1LD_0RA1LA_1LB0LD	2	2	0	143
1RB1RA_1LC1LD_0RA1LB_---0RC	3	2	0	332
1RB1RA_1LC1LD_0RA1LB_---1LC	3	2	0	264
1RB1RA_1LC1LD_0RA1LB_0RA0LD	4	2	0	271
1RB1RA_1LC1LD_0RB0LB_0RA1LB	2	2	0	181
1RB1RA_1LC1LD_0RB0LB_0RA1LD	2	2	0	181
1RB1RA_1LC1LD_0RB0LB_1RA1LB	2	2	0	120
1RB1RA_1LC1LD_0RB0LB_1RA1LD	2	2	0	119
1RB1RA_1LC1LD_0RB0LD_0RA1LB	2	2	0	147
1RB1RA_1LC1LD_0RB1LB_0RA0LD	4	2	0	301
1RB1RA_1LC1LD_0RD0LB_0RA1LD	2	2	0	181
1RB1RA_1LC1LD_0RD0LB_1RA1LD	2	2	0	119
1RB1RA_1LC1LD_1LA0LB_0RA1LD	2	2	0	167
1RB1RA_1LC1LD_1LA0LB_1RA1LD	2	2	0	122
1RB1RA_1LC1LD_1LA1RD_1RC0LB	2	2	0	118
1RB1RA_1LC1LD_1LD0LB_0RA1LB	2	2	0	119
1RB1RA_1LC1LD_1LD0LB_0RA1LD	2	2	0	151
1RB1RA_1LC1LD_1LD0LB_1RA1LB	2	2	0	111
1RB1RA_1LC1LD_1LD0LB_1RA1LD	2	2	0	123
1RB1RA_1LC1LD_1LD0LD_0RA1LB	2	2	0	119
1RB1RA_1LC1LD_1RA0LB_---1LB	2	2	0	110
1RB1RA_1LC1LD_1RA0LB_0RA1LD	2	2	0	149
1RB1RA_1LC1LD_1RA0LB_1RA1LD	2	2	0	117
1RB1RA_1LC1LD_1RA0LD_0RA1LB	2	2	0	118
1RB1RA_1LC1LD_1RA1LA_1LC0LD	2	2	0	135
1RB1RA_1LC1LD_1RA1LB_---1LB	2	2	0	58
1RB1RA_1LC1LD_1RA1RB_---1LB	2	2	0	64
1RB1RA_1LC1LD_1RB0LB_0RA1LD	2	2	0	153
1RB1RA_1LC1LD_1RB0LB_1RA1LD	2	2	0	125
1RB1RA_1LC1LD_1RC0LB_0RA1LB	2	2	0	159
1RB1RA_1LC1LD_1RC0LB_0RA1LD	2	2	0	157
1RB1RA_1LC1LD_1RC0LB_1RA1LD	2	2	0	126
1RB1RA_1LC1LD_1RC1LA_1LC0LD	2	2	0	143
1RB1RA_1LC1LD_1RD0LB_0LA0RC	2	2	0	143
1RB1RA_1LC1LD_1RD0LB_0RA1LB	2	2	0	129
1RB1RA_1LC1LD_1RD0LB_0RA1LD	2	2	0	153
1RB1RA_1LC1LD_1RD0LB_1RA1LB	2	2	0	117
1RB1RA_1LC1LD_1RD0LB_1RA1LD	2	2	0	125
1RB1RA_1LC1LD_1RD0LC_0RA1LB	2	3	0	307
1RB1RA_1LC1LD_1RD0LC_0RD1LA	2	2	0	305
1RB1RA_1LC1LD_1RD0LD_0RA1LB	2	2	0	125
1RB1RA_1LC1RA_---1LD_0RA0LC	2	2	0	94
1RB1RA_1LC1RA_---1LD_0RB0LC	2	2	0	94
1RB1RA_1LC1RA_---1LD_0RB1LC	2	2	0	77
1RB1RA_1LC1RA_---1LD_1LA0LC	2	2	0	66
1RB1RA_1LC1RA_---1LD_1LA1LC	2	2	0	58
1RB1RA_1LC1RA_0LC0LD_0RA0RB	2	2	0	142
1RB1RA_1LC1RA_0LD0LC_1RD1LB	2	2	0	72
1RB1RA_1LC1RA_0RC0LD_1RD0LB	2	2	0	183
1RB1RA_1LC1RA_0RD0LC_1RD1LB	2	2	0	104
1RB1RA_1LC1RA_1LB0LD_0RA0RC	2	2	0	103
1RB1RA_1LC1RA_1LB0LD_1LA0RC	2	2	0	76
1RB1RA_1LC1RA_1LC0LD_0RA0RB	2	2	0	103
1RB1RA_1LC1RA_1LC0LD_0RA0RC	2	2	0	103
1RB1RA_1LC1RA_1LC0LD_1LA0RB	2	2	0	76
1RB1RA_1LC1RA_1LC0LD_1LA0RC	2	2	0	76
1RB1RA_1LC1RA_1RD0LC_1RD1LB	2	2	0	134
1RB1RA_1LC1RB_---1LD_0RA0LB	2	2	0	103
1RB1RA_1LC1RB_0RA1LD_0RB0LB	2	2	0	181
1RB1RA_1LC1RB_0RA1LD_0RB1LC	2	2	0	86
1RB1RA_1LC1RB_0RB1LD_1RA1LC	2	2	0	192
1RB1RA_1LC1RB_1RA1LD_0RB0LB	2	2	0	160
1RB1RA_1LC1RB_1RA1LD_0RB1LC	2	2	0	202
1RB1RA_1LC1RB_1RD0LB_0LA0RC	2	2	0	112
1RB1RA_1LC1RB_1RD0LB_1LA0RC	2	2	0	114
1RB1RA_1LC1RC_0RC1LD_1RA0LC	4	2	0	622
1RB1RA_1LC1RC_1LC1LD_0RA0LB	2	2	0	103
1RB1RA_1LC1RC_1RD0LC_0LB0LA	2	2	0	242
1RB1RA_1LC1RC_1RD0LC_0LB1LA	2	2	0	232
1RB1RA_1LC1RD_---0LD_1LA1LC	4	2	0	294
1RB1RA_1LC1RD_---0LD_1RA1LC	4	2	0	396
1RB1RA_1LC1RD_0LB0LD_1LA0RC	4	2	0	390
1RB1RA_1LC1RD_0LB0LD_1RA0RC	4	2	0	564
1RB1RA_1LC1RD_0LC0LD_1LA0RB	4	2	0	420
1RB1RA_1LC1RD_0RB0LC_1LD0LA	2	2	0	397
1RB1RA_1LC1RD_0RB0LC_1RD0LA	2	2	0	202
1RB1RA_1LC1RD_0RB0LC_1RD1LA	2	2	0	114
1RB1RA_1LC1RD_0RB1LC_0LA1RB	2	2	0	94
1RB1RA_1LC1RD_0RB1LC_1LA1RB	2	2	0	132
1RB1RA_1LC1RD_0RD1LC_0LA1RB	2	2	0	85
1RB1RA_1LC1RD_0RD1LC_1LA1RB	2	2	0	122
1RB1RA_1LC1RD_1LA0LC_0RD0RB	4	2	0	126
1RB1RA_1LC1RD_1LA0LC_1LD0LA	2	2	0	286
1RB1RA_1LC1RD_1LA0LC_1RD0LA	2	2	0	126
1RB1RA_1LC1RD_1LA0LC_1RD0RB	2	2	0	122
1RB1RA_1LC1RD_1LA0LC_1RD1LA	2	2	0	72
1RB1RA_1LC1RD_1LA0LC_1RD1RC	2	2	0	116
1RB1RA_1LC1RD_1LA1LB_1LC0RB	2	2	0	267
1RB1RA_1LC1RD_1LA1LC_---0RA	2	2	0	116
1RB1RA_1LC1RD_1LA1LC_0LA0RD	4	2	0	126
1RB1RA_1LC1RD_1LA1LC_0RA0LB	2	2	0	120
1RB1RA_1LC1RD_1LA1LC_1LC0RD	4	2	0	126
1RB1RA_1LC1RD_1LB0LD_1LA0RC	2	2	0	82
1RB1RA_1LC1RD_1LC0LD_1LA0RB	2	2	0	82
1RB1RA_1LC1RD_1LC0LD_1LA0RC	2	2	0	82
1RB1RA_1LC1RD_1LD0LC_0RA1LD	2	3	0	205
1RB1RA_1LC1RD_1RB1LC_---0LA	2	2	0	174
1RB1RA_1LC1RD_1RD1LC_1LA1RB	2	2	0	110
1RB1RA_1RC---_0LD1LD_0RA1LC	2	2	0	82
1RB1RA_1RC0LA_0RD0RC_1LD0LB	2	2	0	123
1RB1RA_1RC0LA_1LD0RB_0RA0LC	2	3	0	245
1RB1RA_1RC0LA_1LD0RB_1LA0LC	2	3	0	222
1RB1RA_1RC0LA_1LD0RB_1RA0LC	2	3	0	237
1RB1RA_1RC0LA_1LD0RB_1RB0LC	2	2	0	113
1RB1RA_1RC0LA_1LD0RD_1LB0LD	2	2	0	210
1RB1RA_1RC0LC_0LB1LD_1RA1LC	2	2	0	153
1RB1RA_1RC0LC_1LB0RD_1LC0RA	2	2	0	207
1RB1RA_1RC0LC_1LB0RD_1LC1RA	2	2	0	270
1RB1RA_1RC0LC_1LB1LD_1RA1LC	2	2	0	359
1RB1RA_1RC0LC_1LD0RA_0RA0LB	3	2	0	179
1RB1RA_1RC0LC_1LD0RC_1LD0LA	2	2	0	174
1RB1RA_1RC0LC_1LD1RC_1RA1LB	2	2	0	167
1RB1RA_1RC0LD_0LC1LB_0RA1LD	2	2	0	492
1RB1RA_1RC0LD_0LC1LB_1RA1LD	2	2	0	354
1RB1RA_1RC0LD_0RD0RC_1LD0LA	2	2	0	249
1RB1RA_1RC0LD_1LB---_0RA1LD	2	3	0	253
1RB1RA_1RC0LD_1LB---_1RA1LD	2	3	0	191
1RB1RA_1RC0LD_1LC0LB_0RA1LD	2	2	0	365
1RB1RA_1RC0LD_1LC0LB_1RA1LD	2	2	0	261
1RB1RA_1RC0LD_1LC0LD_0RA1LD	2	2	0	300
1RB1RA_1RC0LD_1LC0LD_1RA1LD	2	2	0	460
1RB1RA_1RC0LD_1LC1LB_0RA1LD	2	2	0	400
1RB1RA_1RC0LD_1LC1LB_1RA1LD	2	2	0	568
1RB1RA_1RC0LD_1LD0LA_1LC0RB	2	2	0	441
1RB1RA_1RC0LD_1LD0LA_1LC0RD	2	2	0	151
1RB1RA_1RC0RB_0LC0RD_1LD0LA	2	2	0	107
1RB1RA_1RC0RB_0LC1LD_1LD0LA	2	2	0	204
1RB1RA_1RC0RB_0RD1LA_1LD0LC	2	2	0	211
1RB1RA_1RC0RB_1LC0LD_0RC1LA	2	2	0	169
1RB1RA_1RC0RB_1LC0LD_1RC1LA	2	2	0	314
1RB1RA_1RC0RB_1LC1LD_0LB0LA	2	2	0	137
1RB1RA_1RC0RB_1LC1LD_1LC0LA	2	2	0	151
1RB1RA_1RC0RB_1LC1LD_1LD0LA	2	2	0	105
1RB1RA_1RC0RB_1LD0LA_0RD1LC	2	2	0	433
1RB1RA_1RC0RB_1LD0LA_1LC1LC	2	2	0	103
1RB1RA_1RC0RB_1LD0LA_1LD1LC	2	2	0	269
1RB1RA_1RC0RB_1LD0RB_0RA0LC	2	2	0	115
1RB1RA_1RC0RB_1LD0RB_1LA0LC	2	3	0	283
1RB1RA_1RC0RB_1LD0RB_1RA0LC	2	2	0	109
1RB1RA_1RC0RB_1LD1LC_1RA0LB	2	2	0	194
1RB1RA_1RC0RC_0LD0LA_0RC1LD	3	2	0	803
1RB1RA_1RC0RC_0RD0RC_1LD0LA	2	2	0	87
1RB1RA_1RC0RC_1LC1LD_0RB0LA	2	2	0	272
1RB1RA_1RC0RC_1LC1LD_1LA0LB	3	2	0	126
1RB1RA_1RC0RC_1LC1LD_1RA0LB	3	2	0	199
1RB1RA_1RC0RC_1LD0LA_0RB1LD	3	2	0	364
1RB1RA_1RC0RC_1LD0LA_1RB1LD	3	2	0	379
1RB1RA_1RC0RC_1LD0RC_1LD0LA	2	2	0	171
1RB1RA_1RC0RD_0LC1LD_1LA0LD	2	2	0	219
1RB1RA_1RC0RD_0LD0LA_0RC1LD	3	2	0	937
1RB1RA_1RC0RD_1LC0LA_0RC0RB	2	2	0	96
1RB1RA_1RC0RD_1LC0LA_0RC0RD	2	2	0	96
1RB1RA_1RC0RD_1LC0LA_1LC0RD	2	2	0	171
1RB1RA_1RC0RD_1LC0LD_1LA0LD	2	2	0	120
1RB1RA_1RC0RD_1LD---_1LA0LD	2	2	0	120
1RB1RA_1RC1LA_0LD1LD_0RB0LC	2	2	0	204
1RB1RA_1RC1LA_1LD0RD_1LB0LD	2	2	0	124
1RB1RA_1RC1LB_0LB1RD_0LA1RC	2	2	0	134
1RB1RA_1RC1LB_0LB1RD_1LA1RC	2	2	0	132
1RB1RA_1RC1LB_0RD0RA_1LD0LB	2	2	0	190
1RB1RA_1RC1LB_0RD0RC_1LD0LA	2	2	0	125
1RB1RA_1RC1LB_0RD1LA_1LD0LB	2	2	0	127
1RB1RA_1RC1LB_0RD1LA_1LD0LC	2	2	0	124
1RB1RA_1RC1LB_0RD1RA_1LD0LB	2	2	0	117
1RB1RA_1RC1LB_1LB1RD_0LA0RB	2	2	0	154
1RB1RA_1RC1LB_1LB1RD_0LA1RC	2	2	0	112
1RB1RA_1RC1LB_1LD0RA_---0LB	2	2	0	689
1RB1RA_1RC1LB_1LD0RA_1LB0LD	2	2	0	225
1RB1RA_1RC1LB_1LD0RB_0RA0LC	2	2	0	129
1RB1RA_1RC1LB_1LD0RB_1RA0LC	2	3	0	238
1RB1RA_1RC1LB_1LD0RC_1LD0LA	2	2	0	139
1RB1RA_1RC1LB_1LD1LA_---0LB	2	2	0	449
1RB1RA_1RC1LB_1LD1RA_---0LB	2	2	0	423
1RB1RA_1RC1LB_1RD0RA_1LD0LB	2	2	0	181
1RB1RA_1RC1LB_1RD1LA_1LD0LB	2	2	0	112
1RB1RA_1RC1LB_1RD1RA_1LD0LB	2	2	0	104
1RB1RA_1RC1LC_0LB1LD_0RA1LC	2	2	0	82
1RB1RA_1RC1LC_0LB1LD_1RA1LB	3	2	0	264
1RB1RA_1RC1LC_0LD1LD_0RA1LB	3	2	0	312
1RB1RA_1RC1LC_0RD0RC_1LD0LA	2	2	0	214
1RB1RA_1RC1LC_1LB1LD_0RA0RB	3	2	0	142
1RB1RA_1RC1LC_1LB1LD_0RA1LB	3	2	0	116
1RB1RA_1RC1LC_1LB1LD_1RA1LC	2	2	0	106
1RB1RA_1RC1LC_1LD0RB_0RA1LB	3	2	0	156
1RB1RA_1RC1LC_1LD0RC_0RB0LA	2	2	0	464
1RB1RA_1RC1LC_1LD0RC_1LD0LA	2	2	0	260
1RB1RA_1RC1LC_1LD1LD_0RA1LB	3	2	0	124
1RB1RA_1RC1LD_0LB0LC_0RA1LB	2	2	0	102
1RB1RA_1RC1LD_0LB0RA_0LC1LB	2	2	0	161
1RB1RA_1RC1LD_0LB0RA_1LC1LB	2	2	0	251
1RB1RA_1RC1LD_0LB1RC_0RA1LB	2	2	0	96
1RB1RA_1RC1LD_0LB1RC_1RA1LB	2	2	0	130
1RB1RA_1RC1LD_0LC1LB_0RA1LC	3	2	0	288
1RB1RA_1RC1LD_0LC1LB_1RA1LC	3	2	0	264
1RB1RA_1RC1LD_0LD---_0RA1LB	2	2	0	82
1RB1RA_1RC1LD_0LD0LA_0LA0LB	2	2	0	102
1RB1RA_1RC1LD_0LD0RC_0LA0LB	2	2	0	128
1RB1RA_1RC1LD_0LD1RC_1RA1LB	2	2	0	120
1RB1RA_1RC1LD_1LB0RA_---1LB	2	2	0	194
1RB1RA_1RC1LD_1LB1LA_---1LB	2	2	0	114
1RB1RA_1RC1LD_1LB1RA_---1LB	2	2	0	106
1RB1RA_1RC1LD_1LC0LA_0LC0RD	2	2	0	424
1RB1RA_1RC1LD_1LC0LA_0RC0RD	2	2	0	248
1RB1RA_1RC1LD_1LC0LA_1LC0RD	2	2	0	276
1RB1RA_1RC1LD_1LC0LB_0RA1LB	2	2	0	288
1RB1RA_1RC1LD_1LC0LB_0RA1LD	2	2	0	243
1RB1RA_1RC1LD_1LC0LB_1RA1LD	2	2	0	423
1RB1RA_1RC1LD_1LC0LD_0RA1LD	2	2	0	243
1RB1RA_1RC1LD_1LC0LD_1RA1LD	2	2	0	423
1RB1RA_1RC1LD_1LC1LB_0RA1LC	3	2	0	116
1RB1RA_1RC1LD_1LD---_1RA1LB	2	2	0	106
1RB1RA_1RC1LD_1LD0LA_0LA0LB	2	2	0	69
1RB1RA_1RC1LD_1RD0RA_0LD1LB	2	2	0	429
1RB1RA_1RC1LD_1RD1LA_0LB0RB	2	2	0	321
1RB1RA_1RC1LD_1RD1LA_0LD1LB	2	2	0	126
1RB1RA_1RC1LD_1RD1RA_0LD1LB	2	2	0	118
1RB1RA_1RC1RA_0LD1LD_0RB1LC	2	2	0	82
1RB1RA_1RC1RA_1LD0RD_1LB0LD	2	2	0	120
1RB1RA_1RC1RB_0LD0RA_1LB1LD	2	2	0	218
1RB1RA_1RC1RB_1LD0RA_1LB1LD	2	2	0	190
1RB1RA_1RC1RB_1LD0RB_0RA0LC	2	3	0	241
1RB1RA_1RC1RB_1LD0RB_1RA0LC	2	3	0	233
1RB1RA_1RC1RC_0RD0RC_1LD0LA	2	2	0	205
1RB1RA_1RC1RC_1LB1LD_1RA1LC	2	2	0	114
1RB1RA_1RC1RD_1LC0LA_0RC0RD	2	2	0	239
1RB1RB_0LB1LC_0LD0LC_1RD0LA	2	2	0	187
1RB1RB_0LB1LC_0LD0LC_1RD1LA	2	2	0	88
1RB1RB_0LB1LC_1RD0LB_0LA1RC	2	2	0	130
1RB1RB_0LB1LC_1RD0LC_1RD1LA	2	2	0	172
1RB1RB_0LB1LC_1RD1LB_1LA1RD	2	2	0	124
1RB1RB_0LB1RC_0RD0RC_1LD1LA	2	2	0	103
1RB1RB_0LB1RC_1LD0RB_1RA1LC	2	2	0	162
1RB1RB_0LB1RC_1LD0RC_1LD1LA	2	2	0	185
1RB1RB_0LC0LA_1RC0RD_1LB1RB	2	2	0	382
1RB1RB_0LC0LB_0LD1LB_1RD0LA	2	2	0	156
1RB1RB_0LC0LB_1RC1LD_0LB0RA	2	2	0	101
1RB1RB_0LC0LB_1RC1LD_0LB1LA	2	2	0	93
1RB1RB_0LC0LB_1RC1LD_0LC1LA	2	2	0	88
1RB1RB_0LC0LB_1RC1LD_1LA0RA	2	2	0	96
1RB1RB_0LC0LB_1RC1LD_1LA0RC	2	2	0	90
1RB1RB_0LC0LB_1RC1LD_1LA1LA	2	2	0	84
1RB1RB_0LC0LB_1RC1LD_1LB1LA	2	2	0	109
1RB1RB_0LC0LB_1RC1LD_1LC1LA	2	2	0	107
1RB1RB_0LC0LB_1RC1LD_1RA1LA	2	2	0	88
1RB1RB_0LC0LB_1RC1LD_1RC1LA	2	2	0	86
1RB1RB_0LC0LB_1RC1RD_1LD1LA	2	2	0	139
1RB1RB_0LC0LB_1RD1LB_1RD0LA	2	2	0	187
1RB1RB_0LC0LB_1RD1LD_1RC1LA	2	2	0	86
1RB1RB_0LC0RB_0RD1LA_1LD1RC	2	2	0	187
1RB1RB_0LC0RB_1LC1LD_1RA0LD	2	2	0	210
1RB1RB_0LC0RB_1LC1LD_1RA1LA	2	2	0	210
1RB1RB_0LC0RB_1LC1LD_1RA1LD	2	2	0	210
1RB1RB_0LC0RB_1LC1LD_1RA1RB	2	2	0	388
1RB1RB_0LC0RB_1LC1LD_1RD1LA	2	2	0	211
1RB1RB_0LC0RB_1LC1RD_1LA1LD	2	2	0	107
1RB1RB_0LC0RC_1LA1LD_1RC0LD	2	2	0	296
1RB1RB_0LC0RC_1RD1LC_0LA1RB	2	2	0	184
1RB1RB_0LC0RD_1RA1LD_1LA1LC	2	2	0	122
1RB1RB_0LC1LD_1RC1LA_0LB0LD	2	2	0	127
1RB1RB_0LC1LD_1RC1LA_0LC0LD	2	2	0	95
1RB1RB_0LC1LD_1RC1LA_0RB0LD	2	2	0	188
1RB1RB_0LC1LD_1RC1LA_1RC0LD	2	2	0	170
1RB1RB_0LC1RA_---1LD_1LA1LC	2	2	0	88
1RB1RB_0LC1RA_---1LD_1RB1LC	2	2	0	128
1RB1RB_0LC1RA_1LC0LD_1LA0RC	2	2	0	120
1RB1RB_0LC1RB_1RA1LD_1RB1LC	2	2	0	172
1RB1RB_0LC1RB_1RB1LD_1RA1LC	2	2	0	172
1RB1RB_0LC1RC_0RD1LA_1LB0RD	2	2	0	307
1RB1RB_0LC1RC_1LA1LD_0LB0LD	2	2	0	110
1RB1RB_0LC1RC_1LA1LD_0LC0LD	2	2	0	189
1RB1RB_0LC1RC_1LA1LD_1LA0LD	2	2	0	132
1RB1RB_0LC1RC_1LA1LD_1RC0LD	2	2	0	280
1RB1RB_0LC1RC_1LD0RB_1RA1LC	2	2	0	176
1RB1RB_0LC1RD_0LD1LC_1LA1RA	3	2	0	145
1RB1RB_0LC1RD_0LD1LC_1RD1RA	3	2	0	275
1RB1RB_0LC1RD_0RA1LD_1LC0RB	2	2	0	179
1RB1RB_0LC1RD_0RD1LA_1LB0RD	2	2	0	323
1RB1RB_0LC1RD_1LA1LC_---1RA	3	2	0	275
1RB1RB_0LC1RD_1LC1LA_0RB0RD	2	2	0	204
1RB1RB_0LC1RD_1LC1LA_0RC0RD	2	2	0	105
1RB1RB_0LC1RD_1LC1LA_1LB0RD	2	2	0	1737
1RB1RB_0LC1RD_1LC1LA_1LC0RD	2	2	0	187
1RB1RB_0LC1RD_1LD1LC_1LA1RA	3	2	0	127
1RB1RB_0LC1RD_1LD1LC_1RD1RA	3	2	0	267
1RB1RB_0LC1RD_1RA1LD_1LC0RB	2	2	0	133
1RB1RB_0LC1RD_1RB1LC_0LA1RB	2	2	0	182
1RB1RB_0LC1RD_1RD1LC_0LA1RB	2	2	0	180
1RB1RB_0RC0LA_0LD0RC_1LD1LA	2	2	0	181
1RB1RB_0RC0LA_0RD0RC_1LD0RA	2	2	0	178
1RB1RB_0RC0LA_0RD0RC_1LD1LA	2	2	0	125
1RB1RB_0RC0LA_0RD0RC_1LD1RA	2	2	0	192
1RB1RB_0RC0LA_0RD0RC_1LD1RB	2	2	0	95
1RB1RB_0RC0LA_1LC0LD_1RB1LB	2	2	0	342
1RB1RB_0RC0LA_1LC1LD_0RB0LB	3	2	0	780
1RB1RB_0RC0LA_1LC1LD_1RA0LB	3	2	0	910
1RB1RB_0RC0LA_1LC1LD_1RB0LB	3	2	0	780
1RB1RB_0RC0LA_1LC1LD_1RB1LC	2	2	0	313
1RB1RB_0RC0LA_1LD0RC_1LD1LA	2	2	0	137
1RB1RB_0RC0LA_1LD0RC_1LD1RB	2	2	0	189
1RB1RB_0RC0LC_1LD0LA_1LD1LB	3	2	0	582
1RB1RB_0RC0LC_1LD1RC_0LA1LB	2	2	0	228
1RB1RB_0RC0LC_1LD1RC_1LA1LB	2	2	0	219
1RB1RB_0RC0LC_1RD0RC_1LB0LA	2	2	0	290
1RB1RB_0RC0RB_0LD1LA_1LD0LA	2	2	0	216
1RB1RB_0RC0RB_0LD1LA_1LD1RC	2	2	0	210
1RB1RB_0RC0RB_0RD---_1LD0RA	2	2	0	136
1RB1RB_0RC0RB_0RD---_1LD1RA	2	2	0	141
1RB1RB_0RC0RB_0RD0RA_1LC1LD	2	2	0	232
1RB1RB_0RC0RB_0RD0RA_1LD0LA	2	2	0	205
1RB1RB_0RC0RB_0RD0RA_1LD0RC	2	2	0	199
1RB1RB_0RC0RB_0RD0RA_1LD1LB	2	2	0	141
1RB1RB_0RC0RB_0RD0RA_1LD1RC	2	2	0	234
1RB1RB_0RC0RB_0RD1LA_1LD0LA	2	2	0	151
1RB1RB_0RC0RB_0RD1LA_1LD1RC	2	2	0	131
1RB1RB_0RC0RB_0RD1RA_1LC1LD	2	2	0	237
1RB1RB_0RC0RB_0RD1RA_1LD0LA	2	2	0	230
1RB1RB_0RC0RB_0RD1RA_1LD0RC	2	2	0	199
1RB1RB_0RC0RB_0RD1RA_1LD1RC	2	2	0	199
1RB1RB_0RC0RB_1LB0RD_1LD0RA	2	2	0	148
1RB1RB_0RC0RB_1LB0RD_1LD1RA	2	2	0	153
1RB1RB_0RC0RB_1LB1LD_1LD0RA	2	2	0	202
1RB1RB_0RC0RB_1LB1LD_1LD1RA	2	2	0	217
1RB1RB_0RC0RB_1LC0LD_0RD1RA	2	2	0	109
1RB1RB_0RC0RB_1LC0LD_1RA0RD	2	2	0	187
1RB1RB_0RC0RB_1LC0LD_1RA1LD	2	3	0	768
1RB1RB_0RC0RB_1LC0LD_1RA1RD	2	2	0	206
1RB1RB_0RC0RB_1LC0LD_1RD1LA	2	2	0	225
1RB1RB_0RC0RB_1LC0LD_1RD1RA	2	2	0	109
1RB1RB_0RC0RB_1LC0RA_------	2	2	0	184
1RB1RB_0RC0RB_1LC0RD_0RA1LD	2	2	0	202
1RB1RB_0RC0RB_1LC0RD_1RA1LD	2	2	0	223
1RB1RB_0RC0RB_1LC1LD_0RA---	2	2	0	101
1RB1RB_0RC0RB_1LC1LD_0RD0RA	2	2	0	197
1RB1RB_0RC0RB_1LC1LD_0RD1RA	2	2	0	98
1RB1RB_0RC0RB_1LC1LD_1RA0LA	2	2	0	113
1RB1RB_0RC0RB_1LC1LD_1RA0LD	2	2	0	135
1RB1RB_0RC0RB_1LC1LD_1RA0RA	2	2	0	155
1RB1RB_0RC0RB_1LC1LD_1RA0RC	2	2	0	107
1RB1RB_0RC0RB_1LC1LD_1RA1LA	2	2	0	135
1RB1RB_0RC0RB_1LC1LD_1RA1LB	2	2	0	141
1RB1RB_0RC0RB_1LC1LD_1RA1LD	2	2	0	135
1RB1RB_0RC0RB_1LC1LD_1RA1RA	2	2	0	101
1RB1RB_0RC0RB_1LC1LD_1RA1RB	2	2	0	232
1RB1RB_0RC0RB_1LC1LD_1RC0RA	2	2	0	109
1RB1RB_0RC0RB_1LC1LD_1RC1RA	2	2	0	103
1RB1RB_0RC0RB_1LC1LD_1RD0RA	2	3	0	285
1RB1RB_0RC0RB_1LC1LD_1RD1LA	2	2	0	133
1RB1RB_0RC0RB_1LC1LD_1RD1RA	2	2	0	98
1RB1RB_0RC0RB_1LC1RA_------	2	2	0	199
1RB1RB_0RC0RB_1LC1RD_---1LA	2	2	0	106
1RB1RB_0RC0RB_1LC1RD_0RA1LD	2	2	0	111
1RB1RB_0RC0RB_1LC1RD_1LA0LC	2	2	0	116
1RB1RB_0RC0RB_1LC1RD_1RA1LD	2	2	0	145
1RB1RB_0RC0RB_1LD---_1LD0RA	2	2	0	184
1RB1RB_0RC0RB_1LD---_1LD1RA	2	2	0	199
1RB1RB_0RC0RB_1LD0RA_1LC0RA	2	2	0	184
1RB1RB_0RC0RB_1LD0RA_1LC1LA	2	2	0	142
1RB1RB_0RC0RB_1LD0RA_1LC1LB	2	2	0	192
1RB1RB_0RC0RB_1LD0RA_1LC1RA	2	2	0	199
1RB1RB_0RC0RB_1LD0RA_1LD1LB	2	2	0	197
1RB1RB_0RC0RB_1LD1LA_1LC0LA	2	2	0	94
1RB1RB_0RC0RB_1LD1LA_1LC0RA	2	2	0	136
1RB1RB_0RC0RB_1LD1LA_1LC1RA	2	2	0	136
1RB1RB_0RC0RB_1LD1LA_1LC1RC	2	2	0	88
1RB1RB_0RC0RB_1LD1LA_1LC1RD	2	2	0	128
1RB1RB_0RC0RB_1LD1LA_1LD0LA	2	2	0	109
1RB1RB_0RC0RB_1LD1LA_1LD1RC	2	2	0	106
1RB1RB_0RC0RB_1LD1LC_0RC0RA	2	2	0	322
1RB1RB_0RC0RB_1LD1LC_0RC1RA	2	2	0	337
1RB1RB_0RC0RB_1LD1RA_1LC0LC	2	2	0	96
1RB1RB_0RC0RB_1LD1RA_1LC0RA	2	2	0	267
1RB1RB_0RC0RB_1LD1RA_1LC0RB	2	2	0	136
1RB1RB_0RC0RB_1LD1RA_1LC0RD	2	2	0	458
1RB1RB_0RC0RB_1LD1RA_1LC1LA	2	2	0	142
1RB1RB_0RC0RB_1LD1RA_1LC1LC	2	2	0	96
1RB1RB_0RC0RB_1LD1RA_1LC1RA	2	2	0	199
1RB1RB_0RC0RB_1LD1RD_1LC1LA	2	2	0	106
1RB1RB_0RC0RC_0RD0RB_1LD0RA	2	2	0	136
1RB1RB_0RC0RC_0RD0RB_1LD1RA	2	2	0	141
1RB1RB_0RC0RC_0RD0RC_1LD0RA	2	2	0	164
1RB1RB_0RC0RC_0RD0RC_1LD1RA	2	2	0	174
1RB1RB_0RC0RD_1LC0RA_0RB0RB	2	2	0	137
1RB1RB_0RC0RD_1LC0RA_0RB0RD	2	2	0	137
1RB1RB_0RC0RD_1LC0RA_0RB1LD	2	2	0	237
1RB1RB_0RC0RD_1LC0RA_0RC0RB	2	2	0	184
1RB1RB_0RC0RD_1LC0RA_0RC0RD	2	2	0	184
1RB1RB_0RC0RD_1LC1LD_0RA0RB	2	2	0	101
1RB1RB_0RC0RD_1LC1RA_0RB0RB	2	2	0	142
1RB1RB_0RC0RD_1LC1RA_0RB0RD	2	2	0	142
1RB1RB_0RC0RD_1LC1RA_0RB1LD	2	2	0	246
1RB1RB_0RC0RD_1LC1RA_0RC0RB	2	2	0	199
1RB1RB_0RC0RD_1LC1RA_0RC0RD	2	2	0	199
1RB1RB_0RC0RD_1LC1RA_1LD0RB	2	2	0	461
1RB1RB_0RC1LB_1LA1RD_1LB1RC	2	2	0	153
1RB1RB_0RC1LB_1LB1RD_1LA1RC	2	2	0	163
1RB1RB_0RC1LC_0RD0RC_1LD1RA	2	2	0	95
1RB1RB_0RC1LC_1LD0RC_0RB1RA	2	2	0	333
1RB1RB_0RC1LC_1LD0RC_1LD1RA	2	2	0	189
1RB1RB_0RC1LD_0LD1RC_1LA1LB	2	2	0	95
1RB1RB_0RC1LD_1LB1RC_0LA1LB	2	2	0	161
1RB1RB_0RC1LD_1LB1RC_0RA1LB	2	2	0	169
1RB1RB_0RC1LD_1LB1RC_1LA1LB	2	2	0	121
1RB1RB_0RC1LD_1LC1RA_0LB0RD	2	2	0	207
1RB1RB_0RC1LD_1LC1RA_0RA0LB	3	2	0	214
1RB1RB_0RC1LD_1LC1RA_0RB0RD	2	2	0	138
1RB1RB_0RC1LD_1LC1RA_0RC0RD	2	2	0	106
1RB1RB_0RC1LD_1LC1RA_0RD0RB	2	2	0	180
1RB1RB_0RC1LD_1LC1RA_1LC0RD	2	2	0	189
1RB1RB_0RC1LD_1LD1RC_0LA1LB	2	2	0	163
1RB1RB_0RC1LD_1LD1RC_1LA1LB	2	2	0	129
1RB1RB_0RC1RA_0LC1LD_1LA0LC	2	2	0	112
1RB1RB_0RC1RA_0LC1LD_1LA1LC	2	2	0	93
1RB1RB_0RC1RA_0LC1LD_1RB1LC	2	2	0	153
1RB1RB_0RC1RA_1LC0LD_0RA0RC	2	2	0	106
1RB1RB_0RC1RA_1LC0LD_0RA1LC	2	2	0	82
1RB1RB_0RC1RA_1LC0LD_1LA0RC	2	2	0	90
1RB1RB_0RC1RA_1LC0LD_1LA1LC	2	2	0	68
1RB1RB_0RC1RA_1LC1LD_0RA1LC	2	2	0	82
1RB1RB_0RC1RA_1LC1LD_1LA0LC	2	2	0	129
1RB1RB_0RC1RA_1LC1LD_1LA1LC	2	2	0	68
1RB1RB_0RC1RA_1LC1LD_1RB0LC	2	2	0	131
1RB1RB_0RC1RA_1LC1LD_1RB1LC	2	2	0	106
1RB1RB_0RC1RB_0LC1LD_1LA0LC	2	2	0	112
1RB1RB_0RC1RB_1LC1LD_0RA1LC	2	2	0	82
1RB1RB_0RC1RB_1LC1LD_1LA0LC	2	2	0	129
1RB1RB_0RC1RC_0RD0RC_1LD1LA	2	2	0	90
1RB1RB_0RC1RC_1LD0RC_0LB1LA	2	2	0	321
1RB1RB_0RC1RC_1LD0RC_1LD1LA	2	2	0	179
1RB1RB_0RC1RD_1LC0RA_0RB0RD	2	2	0	205
1RB1RB_0RC1RD_1LC1LA_0LB0RD	2	2	0	197
1RB1RB_0RC1RD_1LC1LA_0RB0RD	2	2	0	139
1RB1RB_0RC1RD_1LC1LA_0RC0RD	2	2	0	101
1RB1RB_0RC1RD_1LC1LA_1LC0RD	2	2	0	179
1RB1RB_0RC1RD_1LC1RA_0RB0RD	2	2	0	205
1RB1RB_1LA0RC_0LD0RB_1LD1LB	2	2	0	95
1RB1RB_1LA0RC_0LD0RC_1LD0LA	2	2	0	183
1RB1RB_1LA0RC_0LD0RC_1LD1LA	2	2	0	167
1RB1RB_1LA0RC_0LD0RC_1LD1LB	2	2	0	95
1RB1RB_1LA0RC_0LD1RC_1LB1LD	2	2	0	179
1RB1RB_1LA0RC_0RD0RB_1LD1LB	2	2	0	67
1RB1RB_1LA0RC_0RD0RC_1LD0LA	2	2	0	127
1RB1RB_1LA0RC_0RD0RC_1LD0RA	2	2	0	166
1RB1RB_1LA0RC_0RD0RC_1LD1LA	2	2	0	119
1RB1RB_1LA0RC_0RD0RC_1LD1LB	2	2	0	67
1RB1RB_1LA0RC_0RD0RC_1LD1RA	2	2	0	176
1RB1RB_1LA0RC_1LC0LD_0RB0RC	2	2	0	359
1RB1RB_1LA0RC_1LC0LD_0RB1LD	2	2	0	1319
1RB1RB_1LA0RC_1LC0LD_1RB0RC	2	2	0	359
1RB1RB_1LA0RC_1LD0RB_1LD0LA	2	2	0	139
1RB1RB_1LA0RC_1LD0RB_1LD1LA	2	2	0	129
1RB1RB_1LA0RC_1LD0RC_1LD0LA	2	2	0	139
1RB1RB_1LA0RC_1LD0RC_1LD1LA	2	2	0	129
1RB1RB_1LA0RC_1LD0RC_1LD1LB	2	2	0	125
1RB1RB_1LA0RC_1LD1RC_1LB1LD	2	2	0	127
1RB1RB_1LA0RC_1RD0RB_1LD0LC	2	2	0	157
1RB1RB_1LA1LC_0LA0LD_1RD0RC	2	2	0	462
1RB1RB_1LA1LC_0LD0LC_1RD0LA	2	2	0	106
1RB1RB_1LA1LC_0LD0LC_1RD0RB	2	2	0	128
1RB1RB_1LA1LC_0LD0LC_1RD1LA	2	2	0	98
1RB1RB_1LA1LC_0LD0LC_1RD1RA	2	2	0	72
1RB1RB_1LA1LC_0LD0LC_1RD1RB	2	2	0	128
1RB1RB_1LA1LC_0RC0LD_1RD0RB	2	2	0	404
1RB1RB_1LA1LC_0RD0LC_1RD0RB	2	2	0	184
1RB1RB_1LA1LC_0RD0LC_1RD1RA	2	2	0	104
1RB1RB_1LA1LC_0RD0LC_1RD1RB	2	2	0	184
1RB1RB_1LA1LC_1LA0LD_1RD0RC	2	2	0	360
1RB1RB_1LA1LC_1RD0LC_1RD0LA	2	2	0	210
1RB1RB_1LA1LC_1RD0LC_1RD0RB	2	2	0	140
1RB1RB_1LA1LC_1RD0LC_1RD1LA	2	2	0	192
1RB1RB_1LA1LC_1RD0LC_1RD1RA	2	2	0	134
1RB1RB_1LA1LC_1RD0LC_1RD1RB	2	2	0	140
1RB1RB_1LA1RC_0LD0RC_1LD1LB	2	2	0	179
1RB1RB_1LA1RC_0LD1RB_1RB1LD	2	2	0	148
1RB1RB_1LA1RC_0LD1RB_1RC1LD	2	2	0	140
1RB1RB_1LA1RC_0RD0RB_1LD0LC	2	2	0	123
1RB1RB_1LA1RC_0RD0RC_1LD0LA	2	2	0	97
1RB1RB_1LA1RC_0RD0RC_1LD1LA	2	2	0	89
1RB1RB_1LA1RC_0RD0RC_1LD1LB	2	2	0	119
1RB1RB_1LA1RC_1LD0RC_1LC1LB	2	2	0	127
1RB1RB_1LA1RC_1LD0RC_1LD0LA	2	2	0	191
1RB1RB_1LA1RC_1LD0RC_1LD1LA	2	2	0	173
1RB1RB_1LA1RC_1LD0RC_1LD1LB	2	2	0	127
1RB1RB_1LA1RC_1LD1RB_0RB1LD	2	2	0	87
1RB1RB_1LA1RC_1LD1RB_0RC1LD	2	2	0	92
1RB1RB_1LB0LC_0LD0LB_1RD0LA	2	2	0	96
1RB1RB_1LB0LC_0LD0LC_1RD0LA	2	2	0	96
1RB1RB_1LB0LC_0LD0LD_1RD0RA	3	2	0	776
1RB1RB_1LB0LC_1LA0LD_1RD0RA	4	2	0	627
1RB1RB_1LB0LC_1RC1RD_0LA1RC	2	2	0	314
1RB1RB_1LB0LC_1RD0LC_1RD0LA	2	2	0	190
1RB1RB_1LB0LC_1RD0RB_0RD1RA	2	2	0	449
1RB1RB_1LB0LC_1RD1LD_0RB1RA	2	2	0	357
1RB1RB_1LB0RC_1LA1LD_1RC0LD	2	2	0	338
1RB1RB_1LB1LC_0LD0LC_1RD0LA	2	2	0	201
1RB1RB_1LB1LC_0LD0LC_1RD1LA	2	2	0	88
1RB1RB_1LB1LC_0LD0LC_1RD1RA	2	2	0	135
1RB1RB_1LB1LC_0RA1RD_0RB0RD	2	2	0	102
1RB1RB_1LB1LC_0RA1RD_1LB0RD	2	2	0	199
1RB1RB_1LB1LC_0RD0LC_1RD1RA	2	2	0	183
1RB1RB_1LB1LC_1RA0RD_0LB0RC	2	2	0	146
1RB1RB_1LB1LC_1RA0RD_0LB0RD	2	2	0	179
1RB1RB_1LB1LC_1RA0RD_0RB0RC	2	2	0	140
1RB1RB_1LB1LC_1RA0RD_0RB0RD	2	2	0	115
1RB1RB_1LB1LC_1RA0RD_1LB0RC	2	2	0	129
1RB1RB_1LB1LC_1RA0RD_1LB0RD	2	2	0	149
1RB1RB_1LB1LC_1RA1RD_0LB0RD	2	2	0	348
1RB1RB_1LB1LC_1RA1RD_0RB0RD	2	2	0	224
1RB1RB_1LB1LC_1RA1RD_1LB0RD	2	2	0	236
1RB1RB_1LB1LC_1RD0LC_1RC1RA	2	2	0	145
1RB1RB_1LB1LC_1RD0LC_1RD1LA	2	2	0	172
1RB1RB_1LB1LC_1RD0LC_1RD1RA	2	2	0	145
1RB1RB_1LB1LC_1RD1LB_0LA1RD	2	2	0	130
1RB1RB_1LB1RC_0RD0RC_1LD1LA	2	2	0	92
1RB1RB_1LB1RC_1LA1LD_0LC0LD	2	2	0	207
1RB1RB_1LB1RC_1LA1LD_0RC0LD	2	2	0	318
1RB1RB_1LB1RC_1LA1LD_1LA0LD	2	2	0	150
1RB1RB_1LB1RC_1LA1LD_1RC0LD	2	2	0	318
1RB1RB_1LB1RC_1LD0RB_0RA1LC	2	2	0	137
1RB1RB_1LB1RC_1LD0RB_1RA1LC	2	2	0	118
1RB1RB_1LB1RC_1LD0RC_1LD1LA	2	2	0	181
1RB1RB_1LC---_0LD0LC_1RD0LA	2	2	0	96
1RB1RB_1LC---_1RD0LC_1RD0LA	2	2	0	190
1RB1RB_1LC0LA_0LD0LC_1RD0LB	2	2	0	179
1RB1RB_1LC0LA_0LD0LC_1RD1LA	2	2	0	104
1RB1RB_1LC0LA_0LD0LC_1RD1LB	2	2	0	193
1RB1RB_1LC0LA_1LA0LD_1RD0RC	2	2	0	460
1RB1RB_1LC0LA_1RD0LC_1RD1LA	2	2	0	208
1RB1RB_1LC0LB_0RD0LB_1RA1RC	2	2	0	129
1RB1RB_1LC0LB_1RD0LC_1LA0RB	2	2	0	263
1RB1RB_1LC0LB_1RD1LA_---0RB	2	2	0	307
1RB1RB_1LC0LC_0LD0LB_1RD0LA	2	2	0	136
1RB1RB_1LC0LC_1RD0LB_0LA0RB	2	2	0	164
1RB1RB_1LC0LD_0RB0LC_1RD0LA	2	2	0	230
1RB1RB_1LC0RA_0LD0LB_1RD1LA	2	2	0	115
1RB1RB_1LC0RA_0LD1LB_0RD1RA	2	2	0	122
1RB1RB_1LC0RA_0LD1LB_1RA---	2	2	0	111
1RB1RB_1LC0RA_0LD1LB_1RC1RA	2	2	0	115
1RB1RB_1LC0RA_0LD1LB_1RD0RA	2	2	0	111
1RB1RB_1LC0RA_0LD1LB_1RD0RB	2	2	0	167
1RB1RB_1LC0RA_0LD1LB_1RD0RC	2	2	0	71
1RB1RB_1LC0RA_0LD1LB_1RD1LA	2	2	0	115
1RB1RB_1LC0RA_0LD1LB_1RD1RA	2	2	0	154
1RB1RB_1LC0RA_0LD1LB_1RD1RB	2	2	0	192
1RB1RB_1LC0RA_0LD1LB_1RD1RC	2	2	0	115
1RB1RB_1LC0RA_0RD1LB_---1RA	2	2	0	121
1RB1RB_1LC0RA_0RD1LB_1RA0LC	2	2	0	127
1RB1RB_1LC0RA_0RD1LB_1RA0LD	2	2	0	209
1RB1RB_1LC0RA_0RD1LB_1RA1LD	2	2	0	209
1RB1RB_1LC0RA_1LA0LD_1LB---	4	2	0	597
1RB1RB_1LC0RA_1LD0LB_1RA---	2	2	0	111
1RB1RB_1LC0RA_1LD1LB_0RD1RA	2	2	0	229
1RB1RB_1LC0RA_1LD1LB_1RA---	2	2	0	111
1RB1RB_1LC0RA_1LD1LB_1RD0RB	2	2	0	227
1RB1RB_1LC0RA_1LD1LB_1RD1RA	2	2	0	192
1RB1RB_1LC0RA_1LD1LB_1RD1RB	2	2	0	111
1RB1RB_1LC0RA_1RD0LB_1RA1LD	2	2	0	115
1RB1RB_1LC0RA_1RD1LB_---1RA	2	2	0	99
1RB1RB_1LC0RA_1RD1LB_---1RB	2	2	0	201
1RB1RB_1LC0RA_1RD1LB_1RA1LD	2	2	0	115
1RB1RB_1LC0RA_1RD1LB_1RC0LD	2	2	0	119
1RB1RB_1LC0RB_0RD0LC_1RA1LB	2	2	0	309
1RB1RB_1LC0RB_0RD1LD_0RA1LB	2	2	0	327
1RB1RB_1LC0RB_1LB1LD_1RD1LA	2	2	0	149
1RB1RB_1LC0RB_1LC0LD_1RD1LA	2	2	0	167
1RB1RB_1LC0RB_1LC1LD_0RA---	2	2	0	183
1RB1RB_1LC0RB_1LC1LD_0RD1RA	2	2	0	175
1RB1RB_1LC0RB_1LC1LD_1RA0LA	2	2	0	151
1RB1RB_1LC0RB_1LC1LD_1RA0LD	2	2	0	154
1RB1RB_1LC0RB_1LC1LD_1RA0RA	2	2	0	183
1RB1RB_1LC0RB_1LC1LD_1RA0RC	2	2	0	197
1RB1RB_1LC0RB_1LC1LD_1RA1LA	2	2	0	154
1RB1RB_1LC0RB_1LC1LD_1RA1LD	2	2	0	154
1RB1RB_1LC0RB_1LC1LD_1RA1RA	2	2	0	183
1RB1RB_1LC0RB_1LC1LD_1RA1RB	2	2	0	228
1RB1RB_1LC0RB_1LC1LD_1RC0RA	2	2	0	199
1RB1RB_1LC0RB_1LC1LD_1RC1RA	2	2	0	185
1RB1RB_1LC0RB_1LC1LD_1RD1LA	2	2	0	149
1RB1RB_1LC0RB_1LC1LD_1RD1RA	2	2	0	175
1RB1RB_1LC0RB_1LC1RD_---1LA	2	2	0	193
1RB1RB_1LC0RB_1LC1RD_0RA1LD	2	2	0	203
1RB1RB_1LC0RB_1LC1RD_1LA0LC	2	2	0	213
1RB1RB_1LC0RB_1LC1RD_1RA1LD	2	2	0	168
1RB1RB_1LC0RB_1LD1LA_1LD1RC	2	2	0	163
1RB1RB_1LC0RB_1LD1RC_1LD1LA	2	2	0	123
1RB1RB_1LC0RB_1LD1RD_1LB1LA	3	2	0	495
1RB1RB_1LC0RB_1LD1RD_1LC1LA	2	2	0	131
1RB1RB_1LC0RB_1LD1RD_1LD1LA	2	2	0	131
1RB1RB_1LC0RB_1RC1LD_0RA1LC	2	2	0	327
1RB1RB_1LC0RC_0LD0LC_1RD0RA	3	2	0	968
1RB1RB_1LC0RC_0RA1RD_1LB0LD	3	2	0	320
1RB1RB_1LC0RC_1LA1LD_1RC0LD	2	2	0	296
1RB1RB_1LC0RC_1LD0LC_1RB1RA	2	2	0	164
1RB1RB_1LC0RC_1RA0LD_0RD1LB	3	2	0	219
1RB1RB_1LC0RC_1RD1LA_1LD0LB	2	2	0	625
1RB1RB_1LC0RC_1RD1LC_---1RA	3	2	0	317
1RB1RB_1LC0RD_0LB1LA_0RB1LA	2	2	0	102
1RB1RB_1LC0RD_0LB1LD_0RB1RA	2	2	0	100
1RB1RB_1LC0RD_0LB1RD_0RB1LA	2	2	0	99
1RB1RB_1LC0RD_0RA1LB_---0LC	2	2	0	156
1RB1RB_1LC0RD_0RA1LB_---1LC	2	2	0	156
1RB1RB_1LC0RD_0RA1LB_---1RB	2	2	0	110
1RB1RB_1LC0RD_1LA0LB_1RB0RA	2	2	0	88
1RB1RB_1LC0RD_1LA0LB_1RB0RD	2	2	0	88
1RB1RB_1LC0RD_1LA0LB_1RB1RA	2	2	0	176
1RB1RB_1LC0RD_1LA0LB_1RB1RD	2	2	0	176
1RB1RB_1LC0RD_1LA0LC_1RD1RA	2	2	0	104
1RB1RB_1LC0RD_1LA0LC_1RD1RB	2	2	0	184
1RB1RB_1LC0RD_1LD0LB_1RB0RA	2	2	0	128
1RB1RB_1LC0RD_1LD0LB_1RB1RA	2	2	0	248
1RB1RB_1LC0RD_1LD1LB_0RA1RB	2	2	0	79
1RB1RB_1LC0RD_1RA0LB_1RB0RB	2	2	0	259
1RB1RB_1LC0RD_1RA0LB_1RB1LA	2	2	0	139
1RB1RB_1LC0RD_1RA0LB_1RB1LD	2	2	0	139
1RB1RB_1LC0RD_1RA0LB_1RB1RA	2	2	0	249
1RB1RB_1LC0RD_1RA0LB_1RB1RD	2	2	0	249
1RB1RB_1LC0RD_1RA1LB_0LB1RB	2	2	0	238
1RB1RB_1LC0RD_1RA1LB_0LD1RB	2	2	0	246
1RB1RB_1LC0RD_1RA1LB_1LB1RB	2	2	0	211
1RB1RB_1LC0RD_1RA1LB_1LD1RB	2	2	0	213
1RB1RB_1LC0RD_1RA1LB_1RB1RB	2	2	0	201
1RB1RB_1LC0RD_1RA1LD_1LC1RB	2	2	0	126
1RB1RB_1LC0RD_1RD0LC_1LA0LA	2	2	0	334
1RB1RB_1LC0RD_1RD0LC_1LA1LC	2	2	0	334
1RB1RB_1LC1LB_0LD0LC_1RD0RA	2	2	0	150
1RB1RB_1LC1LB_0RA1RD_1LB0RD	2	2	0	421
1RB1RB_1LC1LB_1RD0LB_1LA0RC	2	2	0	105
1RB1RB_1LC1LC_0LD0LC_1RD1LA	2	2	0	96
1RB1RB_1LC1LC_1RD0LC_1RD1LA	2	2	0	190
1RB1RB_1LC1LD_1LC0LD_1RA0RB	2	2	0	362
1RB1RB_1LC1LD_1RC1LA_0LC0LD	2	2	0	95
1RB1RB_1LC1LD_1RC1LA_1RC0LD	2	2	0	170
1RB1RB_1LC1RA_---1LD_0RA1LC	2	2	0	77
1RB1RB_1LC1RA_---1LD_1LA1LC	2	2	0	58
1RB1RB_1LC1RA_---1LD_1RB0LC	2	2	0	128
1RB1RB_1LC1RA_---1LD_1RB1LC	2	2	0	120
1RB1RB_1LC1RA_0LD0LC_1RD1LA	2	2	0	72
1RB1RB_1LC1RA_0LD0LC_1RD1LB	2	2	0	126
1RB1RB_1LC1RA_0RC0LD_1RD0LB	2	2	0	183
1RB1RB_1LC1RA_0RD0LC_1RD1LA	2	2	0	104
1RB1RB_1LC1RA_0RD0LC_1RD1LB	2	2	0	184
1RB1RB_1LC1RA_1LB0LD_0RA0RC	2	2	0	103
1RB1RB_1LC1RA_1LB0LD_1LA0RC	2	2	0	76
1RB1RB_1LC1RA_1LC0LD_0RA0RB	2	2	0	103
1RB1RB_1LC1RA_1LC0LD_0RA0RC	2	2	0	103
1RB1RB_1LC1RA_1LC0LD_1LA0RB	2	2	0	76
1RB1RB_1LC1RA_1LC0LD_1LA0RC	2	2	0	76
1RB1RB_1LC1RA_1RD0LC_1RD1LA	2	2	0	134
1RB1RB_1LC1RA_1RD0LC_1RD1LB	2	2	0	138
1RB1RB_1LC1RB_---1LD_1RA0LB	2	2	0	166
1RB1RB_1LC1RB_---1LD_1RA1LC	2	2	0	120
1RB1RB_1LC1RB_0LD0LC_1RD1LA	2	2	0	126
1RB1RB_1LC1RB_0RA1LD_0RB0LB	2	2	0	201
1RB1RB_1LC1RB_0RA1LD_0RB1LC	2	2	0	149
1RB1RB_1LC1RB_0RB1LD_0RA1LC	2	2	0	149
1RB1RB_1LC1RB_0RD0LC_1RD1LA	2	2	0	184
1RB1RB_1LC1RB_1RA1LD_0RB1LC	2	2	0	123
1RB1RB_1LC1RB_1RD0LB_1LA0RC	2	2	0	112
1RB1RB_1LC1RB_1RD0LC_1RD1LA	2	2	0	138
1RB1RB_1LC1RC_1LA1LD_0LC0LD	2	2	0	189
1RB1RB_1LC1RC_1LA1LD_1LA0LD	2	2	0	132
1RB1RB_1LC1RC_1LA1LD_1LC0RA	2	2	0	138
1RB1RB_1LC1RC_1LA1LD_1RC0LD	2	2	0	280
1RB1RB_1LC1RC_1LD0RB_0RA1LC	2	2	0	161
1RB1RB_1LC1RC_1LD0RB_1RA1LC	2	2	0	133
1RB1RB_1LC1RC_1RC1LD_1LC0RA	2	2	0	166
1RB1RB_1LC1RC_1RD0LC_0LB0LA	2	2	0	334
1RB1RB_1LC1RD_0LC1LA_0RD0RB	2	2	0	204
1RB1RB_1LC1RD_0LD0LC_1LA0LA	2	2	0	213
1RB1RB_1LC1RD_0LD0LC_1LA1LC	2	2	0	205
1RB1RB_1LC1RD_0LD0LC_1LA1RA	2	2	0	206
1RB1RB_1LC1RD_0LD0LC_1LA1RB	2	2	0	198
1RB1RB_1LC1RD_0LD1LA_1LB0RD	2	3	0	285
1RB1RB_1LC1RD_0LD1LC_1RD1RA	3	2	0	260
1RB1RB_1LC1RD_0RA1LB_0LC0RB	2	2	0	235
1RB1RB_1LC1RD_0RA1LB_1LC0RB	2	2	0	222
1RB1RB_1LC1RD_0RA1LD_1LC0RB	2	2	0	131
1RB1RB_1LC1RD_0RB0LC_1LA1RA	2	2	0	168
1RB1RB_1LC1RD_0RB0LC_1LA1RB	2	2	0	304
1RB1RB_1LC1RD_0RB1LC_0LA1RB	2	2	0	157
1RB1RB_1LC1RD_0RD0LC_1LA0LA	2	2	0	334
1RB1RB_1LC1RD_0RD0LC_1LA1LC	2	2	0	316
1RB1RB_1LC1RD_0RD0LC_1LA1RA	2	2	0	222
1RB1RB_1LC1RD_0RD0LC_1LA1RB	2	2	0	232
1RB1RB_1LC1RD_0RD1LC_0LA1RB	2	2	0	157
1RB1RB_1LC1RD_1LA0LC_1LA0LA	2	2	0	156
1RB1RB_1LC1RD_1LA0LC_1LA1LC	2	2	0	148
1RB1RB_1LC1RD_1LA0LC_1LA1RA	2	2	0	108
1RB1RB_1LC1RD_1LA0LC_1LA1RB	2	2	0	198
1RB1RB_1LC1RD_1LA0LC_1RD0LA	2	2	0	96
1RB1RB_1LC1RD_1LA1LC_---1RA	3	2	0	260
1RB1RB_1LC1RD_1LB1LA_0RB0RD	2	2	0	94
1RB1RB_1LC1RD_1LB1LA_1LB0RD	2	2	0	180
1RB1RB_1LC1RD_1LB1LA_1LC0RD	2	2	0	178
1RB1RB_1LC1RD_1LC1LA_0RB0RD	2	2	0	94
1RB1RB_1LC1RD_1LC1LA_0RC0RD	2	2	0	94
1RB1RB_1LC1RD_1LC1LA_1LB0RD	2	2	0	183
1RB1RB_1LC1RD_1LC1LA_1LC0RD	2	2	0	183
1RB1RB_1LC1RD_1LD1LA_1LB0RD	3	2	0	501
1RB1RB_1LC1RD_1LD1LB_0RA0RB	2	2	0	116
1RB1RB_1LC1RD_1RA1LB_1LC0RB	2	2	0	186
1RB1RB_1LC1RD_1RB1LC_---1RA	3	2	0	244
1RB1RB_1LC1RD_1RD0LB_0LA0RB	3	2	0	448
1RB1RB_1LC1RD_1RD0LC_1LA0LA	2	2	0	334
1RB1RB_1LC1RD_1RD0LC_1LA1LC	2	2	0	316
1RB1RB_1LC1RD_1RD0LC_1LA1RA	2	2	0	222
1RB1RB_1LC1RD_1RD0LC_1LA1RB	2	2	0	232
1RB1RB_1LC1RD_1RD1LC_---1RA	3	2	0	249
1RB1RB_1LC1RD_1RD1LC_0LA1RB	2	2	0	130
1RB1RB_1RC---_0RD0RC_1LD0LA	2	2	0	87
1RB1RB_1RC---_1LD0RB_0RA0LC	2	2	0	115
1RB1RB_1RC---_1LD0RB_1RA0LC	2	2	0	109
1RB1RB_1RC---_1LD0RC_1LD0LA	2	2	0	171
1RB1RB_1RC0LA_0RD0RC_1LD1LA	2	2	0	95
1RB1RB_1RC0LA_0RD0RC_1LD1RB	2	2	0	200
1RB1RB_1RC0LA_1LD0RB_1LA0LC	2	2	0	103
1RB1RB_1RC0LA_1LD0RC_1LD1LA	2	2	0	189
1RB1RB_1RC0LC_1LD1RC_0RA1LB	2	2	0	177
1RB1RB_1RC0LD_1LA0RB_1LB1LD	2	2	0	120
1RB1RB_1RC0LD_1RD0LA_1LB0RC	2	2	0	109
1RB1RB_1RC0LD_1RD1RB_1LA1LB	2	2	0	79
1RB1RB_1RC0RA_1LD0RB_1LA0LC	2	2	0	119
1RB1RB_1RC0RB_0LC0RD_1LD0RA	2	2	0	202
1RB1RB_1RC0RB_0LC0RD_1LD1RA	2	2	0	217
1RB1RB_1RC0RB_0LD1LA_1LC0RC	2	2	0	250
1RB1RB_1RC0RB_0LD1LA_1LC1LC	2	2	0	192
1RB1RB_1RC0RB_0LD1LA_1RC1LC	2	2	0	202
1RB1RB_1RC0RB_1LC1LD_1LC1RA	2	2	0	96
1RB1RB_1RC0RB_1LC1LD_1LD0RA	2	2	0	184
1RB1RB_1RC0RB_1LC1LD_1LD1RA	2	2	0	199
1RB1RB_1RC0RB_1LD0RA_1LC0RD	2	2	0	148
1RB1RB_1RC0RB_1LD0RB_1LA0LC	2	2	0	67
1RB1RB_1RC0RB_1LD1LA_---0LB	2	2	0	322
1RB1RB_1RC0RB_1LD1LC_0RA0LB	2	2	0	185
1RB1RB_1RC0RB_1LD1RA_0LB1LC	3	2	0	783
1RB1RB_1RC0RB_1LD1RA_0RD1LC	2	2	0	144
1RB1RB_1RC0RB_1LD1RA_1LC0RD	2	2	0	153
1RB1RB_1RC0RB_1LD1RA_1LC1LC	2	2	0	96
1RB1RB_1RC0RB_1LD1RA_1LD1LC	2	2	0	96
1RB1RB_1RC0RC_0LD0RC_1LD1LA	2	2	0	169
1RB1RB_1RC0RC_0RD0RB_1LD0LA	2	2	0	87
1RB1RB_1RC0RC_0RD0RC_1LD0RA	2	2	0	170
1RB1RB_1RC0RC_0RD0RC_1LD1LA	2	2	0	113
1RB1RB_1RC0RC_0RD0RC_1LD1RA	2	2	0	180
1RB1RB_1RC0RC_1LC1LD_0RB1RA	2	2	0	291
1RB1RB_1RC0RC_1LD0RB_0LA0LB	2	2	0	172
1RB1RB_1RC0RC_1LD0RB_1LA0LC	2	2	0	67
1RB1RB_1RC0RC_1LD0RC_1LC1LA	2	2	0	121
1RB1RB_1RC0RC_1LD0RC_1LD1LA	2	2	0	121
1RB1RB_1RC0RD_0LB0RC_1LD0LA	2	2	0	217
1RB1RB_1RC0RD_1LC1LA_0LC0RD	2	2	0	187
1RB1RB_1RC0RD_1LC1LA_0RC0RD	2	2	0	130
1RB1RB_1RC0RD_1LC1LA_1LC0RD	2	2	0	121
1RB1RB_1RC0RD_1LD0RA_1LC0RB	2	2	0	148
1RB1RB_1RC0RD_1LD1RA_1LC0RB	2	2	0	153
1RB1RB_1RC1LB_0LB1RD_0LA1RC	2	2	0	138
1RB1RB_1RC1LB_0LB1RD_1LA1RC	2	2	0	126
1RB1RB_1RC1LB_0LD0RC_1LD1LA	2	2	0	95
1RB1RB_1RC1LB_0RD0RC_1LD0RA	2	2	0	95
1RB1RB_1RC1LB_0RD0RC_1LD1LA	2	2	0	67
1RB1RB_1RC1LB_0RD0RC_1LD1RA	2	2	0	133
1RB1RB_1RC1LB_1LA1RD_0LB1RC	2	2	0	134
1RB1RB_1RC1LB_1LB1RD_1LA0RB	2	2	0	175
1RB1RB_1RC1LB_1LB1RD_1LA1RC	2	2	0	129
1RB1RB_1RC1LB_1LD0RC_1LD1LA	2	2	0	125
1RB1RB_1RC1LC_0LD0LC_1RD1LA	2	2	0	100
1RB1RB_1RC1LC_0LD0RA_1LB0LB	3	2	0	627
1RB1RB_1RC1LC_0RD0RC_1LD1RA	2	2	0	87
1RB1RB_1RC1LC_1LD0RA_0LA0LB	3	2	0	90
1RB1RB_1RC1LC_1LD0RA_1LA0LB	3	2	0	156
1RB1RB_1RC1LC_1LD0RC_0RB0LA	2	2	0	297
1RB1RB_1RC1LD_0LB0RC_1RA1LB	2	2	0	350
1RB1RB_1RC1LD_0LB1RC_0RA1LB	2	2	0	164
1RB1RB_1RC1LD_0LD1RC_0RA1LB	2	2	0	164
1RB1RB_1RC1LD_0LD1RD_0LA0LB	2	2	0	102
1RB1RB_1RC1LD_1LA1RD_1LB0RC	2	2	0	204
1RB1RB_1RC1LD_1LB0LA_---1LB	2	2	0	221
1RB1RB_1RC1LD_1LC1RB_0RA0LB	2	2	0	73
1RB1RB_1RC1LD_1LD0RA_1LB0LB	3	2	0	313
1RB1RB_1RC1LD_1LD0RB_0LA0LB	3	2	0	865
1RB1RB_1RC1LD_1LD1RB_0RA0LB	2	2	0	65
1RB1RB_1RC1LD_1LD1RC_0RA1LB	2	2	0	139
1RB1RB_1RC1LD_1LD1RD_0LA0LB	2	2	0	69
1RB1RB_1RC1LD_1RD0LA_0LD1LB	2	2	0	228
1RB1RB_1RC1LD_1RD0RA_1LB0LB	3	2	0	733
1RB1RB_1RC1RA_1LD0RB_1LA0LC	2	3	0	214
1RB1RB_1RC1RA_1LD0RD_1LB0LD	2	2	0	194
1RB1RB_1RC1RB_0LD0RA_1LB1LD	2	2	0	142
1RB1RB_1RC1RB_1LD0RA_1LB1LD	2	2	0	112
1RB1RB_1RC1RC_0RD0RC_1LD1LA	2	2	0	87
1RB1RB_1RC1RC_1LD0RB_0RA1LC	2	2	0	126
1RB1RB_1RC1RC_1LD0RB_1RA1LC	2	2	0	120
1RB1RB_1RC1RC_1LD0RC_1LD1LA	2	2	0	171
1RB1RB_1RC1RD_0LD0LC_1LA1LC	2	2	0	207
1RB1RB_1RC1RD_1LC1LA_0RC0RD	2	2	0	96
1RB1RB_1RC1RD_1LC1LA_1LC0RD	2	2	0	171
1RB1RC_0LA---_0LD1RA_1RA1LD	2	2	0	132
1RB1RC_0LA---_0LD1RA_1RC1LD	2	2	0	140
1RB1RC_0LA---_1LD0RA_0RC1LC	2	2	0	95
1RB1RC_0LA---_1LD0RA_1RA1LC	2	2	0	209
1RB1RC_0LA---_1LD0RA_1RC1LC	2	2	0	64
1RB1RC_0LA---_1LD1RA_0RA1LD	2	2	0	87
1RB1RC_0LA---_1LD1RA_0RC1LD	2	2	0	94
1RB1RC_0LA0LC_1RD0LD_1LB0RA	3	2	0	124
1RB1RC_0LA0LC_1RD0RC_1LB1LA	2	2	0	324
1RB1RC_0LA0LC_1RD0RD_1LB0RC	2	2	0	178
1RB1RC_0LA0LC_1RD1LB_0LB0RB	2	2	0	138
1RB1RC_0LA0LC_1RD1LB_0LB1RB	2	2	0	112
1RB1RC_0LA0LC_1RD1LB_0LB1RC	2	2	0	86
1RB1RC_0LA0LC_1RD1LB_1LB0RB	2	2	0	93
1RB1RC_0LA0LC_1RD1LB_1LB0RC	3	2	0	877
1RB1RC_0LA0LC_1RD1LB_1LB1RB	2	2	0	75
1RB1RC_0LA0LC_1RD1LB_1LB1RC	2	2	0	57
1RB1RC_0LA0LC_1RD1LB_1LD1RC	2	2	0	63
1RB1RC_0LA0LC_1RD1LD_1LB0RA	3	2	0	102
1RB1RC_0LA0LD_1LA1LB_1RD0RB	2	2	0	566
1RB1RC_0LA0LD_1LB---_1RD0RB	2	2	0	462
1RB1RC_0LA0LD_1LC0LD_1RD0RB	2	2	0	462
1RB1RC_0LA0LD_1RD---_1LB0RC	2	2	0	105
1RB1RC_0LA0RA_0LD1LA_1RA1LC	2	2	0	147
1RB1RC_0LA0RA_0LD1RA_1LA1LD	2	2	0	184
1RB1RC_0LA0RA_0LD1RC_1LA1LD	2	2	0	184
1RB1RC_0LA0RA_0RD0RC_1LD1LA	2	3	0	287
1RB1RC_0LA0RA_1LD1RA_1LA1LD	2	2	0	113
1RB1RC_0LA0RA_1LD1RC_1LA1LD	2	2	0	128
1RB1RC_0LA0RC_0LD0RC_1LD1LA	2	2	0	193
1RB1RC_0LA0RC_0LD1RA_1LA1LD	2	2	0	146
1RB1RC_0LA0RC_0LD1RC_1LA1LD	2	2	0	184
1RB1RC_0LA0RC_0RD0RC_1LD1LA	2	2	0	127
1RB1RC_0LA0RC_1LA1LD_0LC0LD	2	2	0	363
1RB1RC_0LA0RC_1LA1LD_1LA0LD	2	2	0	309
1RB1RC_0LA0RC_1LD0LD_1RB0LC	2	2	0	166
1RB1RC_0LA0RC_1LD0LD_1RB1LA	2	2	0	472
1RB1RC_0LA0RC_1LD0RA_1LA1LC	2	2	0	207
1RB1RC_0LA0RC_1LD0RC_1LC1LA	2	2	0	139
1RB1RC_0LA0RC_1LD0RC_1LD1LA	2	2	0	139
1RB1RC_0LA0RC_1LD1RA_1LA1LD	2	2	0	128
1RB1RC_0LA0RC_1LD1RB_1RB0LC	3	2	0	450
1RB1RC_0LA0RC_1LD1RC_1LA1LD	2	2	0	128
1RB1RC_0LA0RD_0LC1LD_1LA0LD	2	2	0	301
1RB1RC_0LA0RD_0LD0LB_1LD1LA	2	2	0	284
1RB1RC_0LA0RD_0LD0LC_1LA1LC	2	2	0	313
1RB1RC_0LA0RD_0LD0LC_1LA1LD	2	2	0	210
1RB1RC_0LA0RD_0RD0LB_1LD1LA	2	2	0	301
1RB1RC_0LA0RD_1LA1LD_1LA0LD	2	2	0	295
1RB1RC_0LA0RD_1LB0LB_1LD1LA	2	2	0	305
1RB1RC_0LA0RD_1LC0LD_1LA1RB	3	2	0	648
1RB1RC_0LA0RD_1LC1LA_0LC0RD	2	2	0	165
1RB1RC_0LA0RD_1LC1LA_0RC0RD	2	2	0	109
1RB1RC_0LA0RD_1LC1LA_1LC0RD	2	2	0	139
1RB1RC_0LA0RD_1LC1LD_1LA0LD	2	2	0	301
1RB1RC_0LA0RD_1LD0LA_1LA0LD	2	2	0	307
1RB1RC_0LA0RD_1LD0RB_1LA0LD	2	2	0	182
1RB1RC_0LA0RD_1LD1LC_1LA1RD	2	2	0	445
1RB1RC_0LA0RD_1LD1LD_1LA0LD	2	2	0	293
1RB1RC_0LA0RD_1LD1RA_1LA0LD	2	2	0	224
1RB1RC_0LA0RD_1LD1RB_1LA0LD	2	2	0	174
1RB1RC_0LA0RD_1LD1RC_1LA0LD	2	2	0	166
1RB1RC_0LA0RD_1RD1LD_1LA0LD	2	2	0	285
1RB1RC_0LA1LA_0LD0RC_1LD1LA	2	2	0	213
1RB1RC_0LA1LA_0RD0RC_1LD0RB	2	2	0	118
1RB1RC_0LA1LA_0RD0RC_1LD1LA	2	2	0	135
1RB1RC_0LA1LA_0RD0RC_1LD1RB	2	2	0	108
1RB1RC_0LA1LA_1LD0RC_1LC1LA	2	2	0	151
1RB1RC_0LA1LA_1LD0RC_1LD0RB	2	2	0	215
1RB1RC_0LA1LA_1LD0RC_1LD1LA	2	2	0	151
1RB1RC_0LA1LA_1LD0RC_1LD1RB	2	2	0	195
1RB1RC_0LA1LB_0RD1RD_1LA1RC	2	2	0	102
1RB1RC_0LA1LC_0RD0LD_1LB1RD	2	2	0	236
1RB1RC_0LA1LC_0RD1LB_1LB1RD	2	2	0	165
1RB1RC_0LA1LC_0RD1LB_1LC1RD	2	2	0	163
1RB1RC_0LA1LC_1LA0LD_1RD0RC	2	2	0	366
1RB1RC_0LA1LC_1RD1LB_0LB1RD	2	2	0	86
1RB1RC_0LA1LC_1RD1LB_0LC1RD	2	2	0	93
1RB1RC_0LA1LD_0RD0RC_1LA0RB	2	2	0	246
1RB1RC_0LA1LD_0RD0RC_1LA1LA	2	2	0	172
1RB1RC_0LA1LD_0RD0RC_1LC1LA	2	2	0	182
1RB1RC_0LA1LD_1LA0RC_---1LA	2	2	0	319
1RB1RC_0LA1LD_1LA0RC_1LA0RB	2	2	0	463
1RB1RC_0LA1LD_1LA1RD_1LB0RC	2	2	0	152
1RB1RC_0LA1LD_1LB1RC_0RC0LC	2	2	0	195
1RB1RC_0LA1LD_1LB1RC_0RC1LB	2	2	0	135
1RB1RC_0LA1LD_1LC0LD_1RA0RC	2	2	0	374
1RB1RC_0LA1LD_1RD0RC_0LD1LA	2	2	0	330
1RB1RC_0LA1LD_1RD0RC_1LD1LA	2	2	0	162
1RB1RC_0LA1LD_1RD1RD_1LB0RC	2	2	0	130
1RB1RC_0LA1RA_0LC0LD_1LA1LC	2	2	0	98
1RB1RC_0LA1RA_0LC1LD_1RB0LC	2	2	0	132
1RB1RC_0LA1RA_0LD0RC_1LA1LD	4	2	0	304
1RB1RC_0LA1RA_0LD0RC_1LC1LA	2	2	0	316
1RB1RC_0LA1RA_0LD0RC_1LD1LA	2	2	0	509
1RB1RC_0LA1RA_0RD0RC_1LD1LA	2	2	0	330
1RB1RC_0LA1RA_1LA1LD_---0LC	2	2	0	70
1RB1RC_0LA1RA_1LC0LD_0RA1LC	2	2	0	87
1RB1RC_0LA1RA_1LC0LD_1LA1LC	2	2	0	64
1RB1RC_0LA1RA_1LC1LD_1RB0LC	2	2	0	130
1RB1RC_0LA1RA_1LD0RA_0RB1LC	2	2	0	133
1RB1RC_0LA1RA_1LD0RA_1LA1LC	2	2	0	198
1RB1RC_0LA1RA_1LD0RA_1RB1LC	2	2	0	109
1RB1RC_0LA1RA_1LD0RC_1LC1LA	2	2	0	371
1RB1RC_0LA1RA_1LD0RC_1LD1LA	2	2	0	371
1RB1RC_0LA1RB_0LC1LD_1LA1LC	2	2	0	98
1RB1RC_0LA1RB_0LD1LD_1RA1LC	2	2	0	98
1RB1RC_0LA1RB_1LC0LD_1RA0RC	2	2	0	178
1RB1RC_0LA1RB_1LC1LD_1RB1LC	2	2	0	132
1RB1RC_0LA1RC_0LD0RC_1LD1LA	2	2	0	390
1RB1RC_0LA1RC_0LD0RD_1RB1LD	2	2	0	186
1RB1RC_0LA1RC_0LD1RB_1RB1LD	2	2	0	182
1RB1RC_0LA1RC_0LD1RB_1RC1LD	2	2	0	184
1RB1RC_0LA1RC_0RD0RC_1LD1LA	2	2	0	234
1RB1RC_0LA1RC_1LD0RA_1LA1LC	2	2	0	121
1RB1RC_0LA1RC_1LD0RA_1RB1LC	2	2	0	209
1RB1RC_0LA1RC_1LD0RC_1LD1LA	2	2	0	230
1RB1RC_0LA1RC_1LD1RB_0RB1LD	2	2	0	159
1RB1RC_0LA1RC_1LD1RB_0RC1LD	2	2	0	159
1RB1RC_0LA1RC_1LD1RB_1RB1LD	2	2	0	132
1RB1RC_0LA1RD_0LC1LD_1RB0LC	2	2	0	132
1RB1RC_0LA1RD_0LD0RC_1LD1LA	2	2	0	346
1RB1RC_0LA1RD_0RD0RC_1LD1LA	2	2	0	242
1RB1RC_0LA1RD_1LA1LD_1LC0RB	2	2	0	150
1RB1RC_0LA1RD_1LC0LD_1RD1RB	2	2	0	316
1RB1RC_0LA1RD_1LD0RC_1LD1LA	2	2	0	238
1RB1RC_0LA1RD_1LD1RC_0RB0LC	2	2	0	132
1RB1RC_0LA1RD_1RD1LC_0LC1RB	2	2	0	140
1RB1RC_0LB0LC_1LD0RA_1RA1LC	2	2	0	246
1RB1RC_0LB0LC_1LD0RA_1RC1LC	2	2	0	88
1RB1RC_0LB0LC_1LD1LB_1RA1RD	4	2	0	312
1RB1RC_0LB0RC_0LD1RA_1RC1LD	2	2	0	152
1RB1RC_0LB0RC_0LD1RC_1LA1LD	2	2	0	224
1RB1RC_0LB0RC_1LD1RA_1LA1LD	2	2	0	316
1RB1RC_0LB0RC_1LD1RC_1LA1LD	2	2	0	281
1RB1RC_0LB1LA_0LD0RC_1LD1LA	2	2	0	211
1RB1RC_0LB1LA_0RA0LD_1LC1RD	2	2	0	133
1RB1RC_0LB1LA_0RD0RC_1LD0RB	2	2	0	104
1RB1RC_0LB1LA_0RD0RC_1LD1LA	2	2	0	134
1RB1RC_0LB1LA_0RD0RC_1LD1RB	2	2	0	96
1RB1RC_0LB1LA_1LD0RC_1LD0RB	2	2	0	187
1RB1RC_0LB1LA_1LD0RC_1LD1LA	2	2	0	143
1RB1RC_0LB1LA_1LD0RC_1LD1RB	2	2	0	171
1RB1RC_0LB1LA_1RA0LD_---1LC	2	2	0	130
1RB1RC_0LB1LA_1RA0RD_1LD0LC	2	2	0	262
1RB1RC_0LB1LC_0LD1RA_1RA1LD	2	2	0	160
1RB1RC_0LB1LC_0LD1RA_1RC1LD	2	2	0	148
1RB1RC_0LB1LC_0RD0LB_1RA1RC	3	2	0	106
1RB1RC_0LB1LC_0RD0LB_1RA1RD	3	2	0	151
1RB1RC_0LB1LC_1LD0RA_0RA1LC	2	2	0	118
1RB1RC_0LB1LC_1LD0RA_0RC1LC	2	2	0	179
1RB1RC_0LB1LC_1LD0RA_1RA1LC	2	2	0	226
1RB1RC_0LB1LC_1LD0RA_1RC1LC	2	2	0	110
1RB1RC_0LB1LC_1LD0RA_1RD1LC	2	2	0	128
1RB1RC_0LB1LC_1LD1RA_0RA1LD	2	2	0	112
1RB1RC_0LB1LC_1LD1RA_0RC1LD	2	2	0	107
1RB1RC_0LB1LC_1RA0LD_1LB0RA	3	2	0	608
1RB1RC_0LB1LC_1RA1LD_1RA0LC	2	2	0	122
1RB1RC_0LB1LC_1RD0LB_1LA1RC	2	2	0	130
1RB1RC_0LB1LC_1RD0LC_0LA0RD	2	2	0	316
1RB1RC_0LB1LC_1RD0LC_0LA1RA	2	2	0	255
1RB1RC_0LB1LC_1RD0LC_0LA1RB	2	2	0	298
1RB1RC_0LB1LC_1RD0LC_1LD1RA	2	2	0	201
1RB1RC_0LB1LC_1RD1LB_1LC0LA	2	2	0	218
1RB1RC_0LB1LC_1RD1LB_1RB0LA	2	2	0	232
1RB1RC_0LB1RC_0LD0RC_1LD1LA	2	2	0	390
1RB1RC_0LB1RC_0LD1RA_1RA1LD	2	2	0	132
1RB1RC_0LB1RC_0LD1RA_1RC1LD	2	2	0	140
1RB1RC_0LB1RC_0RD0RC_1LD1LA	2	2	0	234
1RB1RC_0LB1RC_1LD0RA_0RC1LC	2	2	0	95
1RB1RC_0LB1RC_1LD0RA_1LA1LC	2	2	0	121
1RB1RC_0LB1RC_1LD0RA_1RA1LC	2	2	0	209
1RB1RC_0LB1RC_1LD0RA_1RB1LC	2	2	0	209
1RB1RC_0LB1RC_1LD0RA_1RC1LC	2	2	0	64
1RB1RC_0LB1RC_1LD0RB_1RA1LC	2	2	0	248
1RB1RC_0LB1RC_1LD0RC_1LB1LA	2	2	0	175
1RB1RC_0LB1RC_1LD0RC_1LD1LA	2	2	0	230
1RB1RC_0LB1RC_1LD1RA_0RA1LD	2	2	0	87
1RB1RC_0LB1RC_1LD1RA_0RC1LD	2	2	0	94
1RB1RC_0LC---_0RD0LD_1RA1LB	3	2	0	261
1RB1RC_0LC---_1RA0LD_0LB1LC	2	2	0	124
1RB1RC_0LC---_1RA0LD_0LC1LC	2	2	0	140
1RB1RC_0LC---_1RA0LD_0RB1LC	2	2	0	124
1RB1RC_0LC---_1RA0LD_1RA1LC	2	2	0	122
1RB1RC_0LC---_1RA1LD_0RA0LC	2	2	0	77
1RB1RC_0LC0LA_0LD1RD_1RC1LB	2	2	0	175
1RB1RC_0LC0LA_0RD1LB_1RD1RA	2	2	0	118
1RB1RC_0LC0LA_1RC0RD_1LB1LA	2	2	0	302
1RB1RC_0LC0LA_1RC1LD_1LA0LD	2	2	0	90
1RB1RC_0LC0LB_0LD1LB_1RD1LA	2	2	0	121
1RB1RC_0LC0LB_0RD1LB_1RD1LA	2	2	0	187
1RB1RC_0LC0LB_1LD1LB_0RA1RA	2	2	0	141
1RB1RC_0LC0LB_1LD1LB_1RA1RA	2	2	0	189
1RB1RC_0LC0LB_1RD1LB_0LA0LC	2	2	0	303
1RB1RC_0LC0LB_1RD1LB_0LA0RA	2	3	0	481
1RB1RC_0LC0LB_1RD1LB_0LA0RD	2	2	0	158
1RB1RC_0LC0LB_1RD1LB_0LA1LA	2	2	0	150
1RB1RC_0LC0LB_1RD1LB_0LA1LB	2	2	0	142
1RB1RC_0LC0LB_1RD1LB_0LA1LC	2	2	0	313
1RB1RC_0LC0LB_1RD1LB_0LA1RA	2	2	0	235
1RB1RC_0LC0LB_1RD1LB_0LA1RB	2	2	0	150
1RB1RC_0LC0LB_1RD1LB_1LD1RA	2	2	0	116
1RB1RC_0LC0LB_1RD1LB_1RD1LA	2	2	0	88
1RB1RC_0LC0LB_1RD1LC_0LA1LB	2	2	0	151
1RB1RC_0LC0LC_1RC1RD_1LB0LA	2	2	0	258
1RB1RC_0LC0LD_0RA1LB_1RC1RD	2	2	0	107
1RB1RC_0LC0LD_0RA1LD_1LB1LC	2	2	0	132
1RB1RC_0LC0LD_0RA1LD_1LB1RC	2	2	0	104
1RB1RC_0LC0LD_0RA1RD_1LB1LC	2	2	0	113
1RB1RC_0LC0LD_1RA1LB_0RC1LA	2	2	0	112
1RB1RC_0LC0LD_1RA1LB_1LC1LA	2	2	0	96
1RB1RC_0LC0RA_0LD1LB_1RD0LB	2	2	0	165
1RB1RC_0LC0RA_0LD1RC_1LA1LD	2	2	0	184
1RB1RC_0LC0RA_1LD1RC_1LA1LD	2	2	0	128
1RB1RC_0LC0RA_1RD1LC_---1RB	2	2	0	214
1RB1RC_0LC0RB_1LC1LD_0RA1LA	2	2	0	199
1RB1RC_0LC0RB_1LC1LD_1RA0LD	2	2	0	178
1RB1RC_0LC0RB_1LC1LD_1RA1LA	2	2	0	113
1RB1RC_0LC0RB_1LC1LD_1RA1RB	2	2	0	344
1RB1RC_0LC0RB_1LC1LD_1RD1LA	2	2	0	127
1RB1RC_0LC0RC_0LD1RC_1LA1LD	2	2	0	184
1RB1RC_0LC0RC_1LA1LD_1LA0LD	2	2	0	313
1RB1RC_0LC0RC_1LA1LD_1RA0LD	2	2	0	253
1RB1RC_0LC0RC_1LD1RC_1LA1LD	2	2	0	128
1RB1RC_0LC0RD_---1LD_1LA0LD	2	2	0	299
1RB1RC_0LC0RD_0LB1LD_1RA0LB	3	2	0	231
1RB1RC_0LC0RD_1LA0LB_1LD1LA	2	2	0	284
1RB1RC_0LC0RD_1LA1LC_---1RB	2	2	0	120
1RB1RC_0LC0RD_1LD0RB_1LA0LD	2	2	0	317
1RB1RC_0LC0RD_1LD1LC_1LA1RD	2	2	0	449
1RB1RC_0LC0RD_1LD1RC_1LA0LD	2	2	0	166
1RB1RC_0LC0RD_1RA0LD_1LB1LC	2	2	0	147
1RB1RC_0LC0RD_1RC1LB_0RA1RD	4	2	0	294
1RB1RC_0LC1LA_0RD1RD_1LB0RD	2	2	0	329
1RB1RC_0LC1LA_1RD1LD_0RB0LD	2	2	0	316
1RB1RC_0LC1LB_0RC1RD_1LB0RA	3	2	0	327
1RB1RC_0LC1LB_0RC1RD_1LB1RA	3	2	0	263
1RB1RC_0LC1LB_0RD0LB_1RA---	3	2	0	263
1RB1RC_0LC1LB_1RA1LD_0RA0RB	2	2	0	103
1RB1RC_0LC1LB_1RC1RD_0LB0LA	2	2	0	116
1RB1RC_0LC1LB_1RD1LB_0LA0RA	3	2	0	260
1RB1RC_0LC1LB_1RD1LB_1RD0RA	3	2	0	246
1RB1RC_0LC1LD_0RC1RD_1LB0LA	2	2	0	161
1RB1RC_0LC1LD_1LB1RC_1RA0LC	2	2	0	168
1RB1RC_0LC1LD_1LB1RC_1RA1LB	2	2	0	122
1RB1RC_0LC1LD_1RA0LB_1RA1LA	2	2	0	190
1RB1RC_0LC1RA_0LB1LD_1RA0LC	2	2	0	132
1RB1RC_0LC1RA_1LB1LD_1RC0LD	2	2	0	280
1RB1RC_0LC1RA_1LD0LB_1LA1LD	3	2	0	321
1RB1RC_0LC1RA_1RC0RD_1LB0LD	2	2	0	302
1RB1RC_0LC1RB_1RA1LD_1RB1LC	2	2	0	117
1RB1RC_0LC1RB_1RB1LD_0RA1LC	2	2	0	168
1RB1RC_0LC1RC_1LD0RB_1RA1LC	2	2	0	250
1RB1RC_0LC1RD_1LA1LC_---0RB	2	2	0	149
1RB1RC_0LC1RD_1RB1LC_0LA1RB	2	2	0	138
1RB1RC_0LC1RD_1RB1LC_1LA1RB	2	2	0	124
1RB1RC_0LC1RD_1RD1LC_1LA1RB	2	2	0	127
1RB1RC_0RC---_0LD1RA_1RC1LD	2	2	0	136
1RB1RC_0RC---_1LD0LA_1LC1LC	2	2	0	255
1RB1RC_0RC---_1LD0LA_1RC1LC	2	2	0	279
1RB1RC_0RC---_1LD0RA_0LA0LB	2	2	0	282
1RB1RC_0RC---_1LD0RA_0LA1LC	2	2	0	134
1RB1RC_0RC0LA_1LD0RA_1LB1LC	2	2	0	144
1RB1RC_0RC0LA_1RD1LD_1LB0RD	2	2	0	295
1RB1RC_0RC0LB_1LD0LA_1LC0RB	2	2	0	343
1RB1RC_0RC0LC_0RD0LA_1LD1LB	3	2	0	566
1RB1RC_0RC0LC_1LD1RC_0LA1LB	2	2	0	234
1RB1RC_0RC0LC_1LD1RC_0RA1LB	2	2	0	169
1RB1RC_0RC0LC_1LD1RC_1LA1LB	2	2	0	213
1RB1RC_0RC0LC_1RD0RC_1LB1LA	2	2	0	290
1RB1RC_0RC0RA_0LD1LA_1LB1LC	2	2	0	130
1RB1RC_0RC0RA_0LD1LB_1LA1LC	2	2	0	152
1RB1RC_0RC0RA_0LD1RA_1LB1LC	2	2	0	130
1RB1RC_0RC0RA_0LD1RC_1LA1LD	2	2	0	160
1RB1RC_0RC0RA_0RD0RC_1LD1LA	2	3	0	262
1RB1RC_0RC0RA_1LC0LD_1LA0RB	4	2	0	524
1RB1RC_0RC0RA_1LD1LA_0LA0LC	2	2	0	116
1RB1RC_0RC0RA_1LD1RA_1LA1LD	2	2	0	119
1RB1RC_0RC0RA_1LD1RC_1LA1LD	2	2	0	117
1RB1RC_0RC0RB_0LD1RA_1LD0LA	2	3	0	248
1RB1RC_0RC0RB_0RD0LD_1LD0RA	2	2	0	215
1RB1RC_0RC0RB_0RD0LD_1LD1RA	2	2	0	215
1RB1RC_0RC0RB_0RD0RB_1LD0RA	2	2	0	136
1RB1RC_0RC0RB_0RD0RB_1LD1RA	2	2	0	141
1RB1RC_0RC0RB_0RD1LA_1LD0LA	2	2	0	250
1RB1RC_0RC0RB_0RD1LB_1LD1RA	2	2	0	131
1RB1RC_0RC0RB_0RD1RB_1LD0RA	2	2	0	199
1RB1RC_0RC0RB_0RD1RB_1LD1RA	2	2	0	199
1RB1RC_0RC0RB_1LC0LD_0RD1RA	2	2	0	102
1RB1RC_0RC0RB_1LC0LD_1RD1RA	2	2	0	102
1RB1RC_0RC0RB_1LC1LD_0RA0LD	2	2	0	117
1RB1RC_0RC0RB_1LC1LD_0RA1LA	2	2	0	141
1RB1RC_0RC0RB_1LC1LD_0RA1RB	2	2	0	109
1RB1RC_0RC0RB_1LC1LD_1RA0LD	2	2	0	676
1RB1RC_0RC0RB_1LC1LD_1RA0RB	2	2	0	133
1RB1RC_0RC0RB_1LC1LD_1RA1LA	2	2	0	96
1RB1RC_0RC0RB_1LC1LD_1RA1RB	2	2	0	240
1RB1RC_0RC0RB_1LC1LD_1RD1LA	2	2	0	90
1RB1RC_0RC0RB_1LD0LA_1LC1LA	2	2	0	479
1RB1RC_0RC0RB_1LD0RB_1LD0RA	2	2	0	184
1RB1RC_0RC0RB_1LD0RB_1LD1RA	2	2	0	199
1RB1RC_0RC0RB_1LD1LA_1LD0LA	2	2	0	151
1RB1RC_0RC0RB_1LD1LB_1LD1RA	2	2	0	106
1RB1RC_0RC0RC_0LD1RC_1LA1LD	2	2	0	160
1RB1RC_0RC0RC_0RD0RB_1LD0RA	2	2	0	139
1RB1RC_0RC0RC_0RD0RB_1LD1RA	2	2	0	144
1RB1RC_0RC0RC_1LD0RA_1LA1LC	2	2	0	213
1RB1RC_0RC0RC_1LD1RA_1LA1LD	2	2	0	117
1RB1RC_0RC0RC_1LD1RC_1LA1LD	2	2	0	117
1RB1RC_0RC0RD_0LC1LD_1LA0LD	2	2	0	301
1RB1RC_0RC0RD_0LD1LD_1LA0LD	2	2	0	295
1RB1RC_0RC0RD_1LB1LD_1LA0LD	2	2	0	297
1RB1RC_0RC0RD_1LC1LD_0RB1LA	2	2	0	238
1RB1RC_0RC0RD_1LC1LD_1LA0LD	2	2	0	301
1RB1RC_0RC0RD_1LD0LA_1LA0LD	2	2	0	311
1RB1RC_0RC0RD_1LD0LB_1LD1LA	2	2	0	299
1RB1RC_0RC0RD_1LD1LA_1RD0LA	2	2	0	333
1RB1RC_0RC0RD_1LD1LC_1LA1RD	2	2	0	441
1RB1RC_0RC0RD_1LD1LD_1LA0LD	2	2	0	295
1RB1RC_0RC0RD_1LD1RA_1LA0LD	2	2	0	192
1RB1RC_0RC0RD_1LD1RC_1LA0LD	2	2	0	158
1RB1RC_0RC0RD_1RD0LB_1LD1LA	2	2	0	276
1RB1RC_0RC0RD_1RD1LD_1LA0LD	2	2	0	299
1RB1RC_0RC1LA_0LD0RB_1LC0LA	2	2	0	157
1RB1RC_0RC1LA_0LD0RB_1LC1LA	2	2	0	133
1RB1RC_0RC1LA_0LD0RB_1LC1RB	2	2	0	191
1RB1RC_0RC1LA_0LD0RC_1LD1LA	2	2	0	181
1RB1RC_0RC1LA_0RD0RC_1LD0RB	2	2	0	103
1RB1RC_0RC1LA_0RD0RC_1LD1LA	2	2	0	125
1RB1RC_0RC1LA_0RD0RC_1LD1RB	2	2	0	95
1RB1RC_0RC1LA_1LD0RC_1LD0RB	2	2	0	207
1RB1RC_0RC1LA_1LD0RC_1LD1LA	2	2	0	137
1RB1RC_0RC1LA_1LD0RC_1LD1RB	2	2	0	189
1RB1RC_0RC1LA_1LD1RC_0LB0RD	2	2	0	249
1RB1RC_0RC1LB_0LD1RA_0LA1LD	2	2	0	125
1RB1RC_0RC1LB_0RD0RB_1LD0RA	2	2	0	244
1RB1RC_0RC1LB_0RD0RB_1LD1RA	2	2	0	253
1RB1RC_0RC1LB_1LA1RD_1LB1RC	2	2	0	87
1RB1RC_0RC1LB_1LB1RD_0LA1RC	2	2	0	163
1RB1RC_0RC1LB_1LD0RB_1LD0RA	2	2	0	318
1RB1RC_0RC1LB_1LD0RB_1LD1RA	2	2	0	345
1RB1RC_0RC1LB_1LD1RA_0LA0LB	2	2	0	296
1RB1RC_0RC1LB_1LD1RA_0LB0LA	2	2	0	2165
1RB1RC_0RC1LB_1LD1RA_0LB0LB	2	2	0	344
1RB1RC_0RC1LB_1LD1RA_0LB0LC	2	2	0	196
1RB1RC_0RC1LB_1LD1RA_0LB0RD	2	2	0	235
1RB1RC_0RC1LB_1LD1RA_0LB1LA	2	2	0	203
1RB1RC_0RC1LB_1LD1RA_0LB1LB	2	2	0	180
1RB1RC_0RC1LB_1LD1RA_0LB1LC	2	2	0	96
1RB1RC_0RC1LB_1LD1RA_0LB1RA	2	2	0	199
1RB1RC_0RC1LB_1LD1RA_0LB1RB	2	2	0	188
1RB1RC_0RC1LB_1LD1RA_0LB1RC	2	2	0	88
1RB1RC_0RC1LB_1LD1RA_0LB1RD	2	2	0	204
1RB1RC_0RC1LB_1LD1RA_0LC0LB	2	2	0	229
1RB1RC_0RC1LB_1LD1RA_0LD1LB	2	2	0	180
1RB1RC_0RC1LB_1LD1RA_1LA0LB	2	2	0	177
1RB1RC_0RC1LB_1LD1RA_1LB0LB	2	2	0	217
1RB1RC_0RC1LB_1LD1RA_1RA0LB	2	2	0	171
1RB1RC_0RC1LB_1LD1RA_1RB0LB	2	2	0	223
1RB1RC_0RC1LB_1LD1RA_1RD0LB	2	2	0	108
1RB1RC_0RC1LC_1LD0RD_1LB0RA	3	2	0	132
1RB1RC_0RC1LD_0LD0RA_1LB---	2	2	0	90
1RB1RC_0RC1LD_0LD1RC_1LA1LB	2	2	0	91
1RB1RC_0RC1LD_0RD0RC_1LA0RB	2	2	0	227
1RB1RC_0RC1LD_0RD0RC_1LA1LA	2	2	0	157
1RB1RC_0RC1LD_0RD0RC_1LA1LD	2	2	0	123
1RB1RC_0RC1LD_0RD0RC_1LC1LA	2	2	0	167
1RB1RC_0RC1LD_1LA0RB_0RC1LA	2	2	0	244
1RB1RC_0RC1LD_1LA0RC_---1LA	2	2	0	315
1RB1RC_0RC1LD_1LA0RC_1LA0RB	2	2	0	459
1RB1RC_0RC1LD_1LB1RC_0LA1LB	2	2	0	125
1RB1RC_0RC1LD_1LB1RC_0LD0LA	2	3	0	310
1RB1RC_0RC1LD_1LB1RC_0RA1LB	2	2	0	153
1RB1RC_0RC1LD_1LB1RC_1LA1LB	2	2	0	117
1RB1RC_0RC1LD_1LB1RC_1LD0LA	2	3	0	298
1RB1RC_0RC1LD_1LB1RC_1RA1LB	2	2	0	126
1RB1RC_0RC1LD_1LD0LA_1LC0RB	2	2	0	299
1RB1RC_0RC1LD_1LD0LA_1RB1LC	2	2	0	267
1RB1RC_0RC1LD_1LD0RC_0RA1LA	2	2	0	157
1RB1RC_0RC1LD_1LD0RC_0RD1LA	2	2	0	335
1RB1RC_0RC1LD_1LD0RC_1LA0RB	2	2	0	419
1RB1RC_0RC1LD_1LD0RC_1LA1LA	2	2	0	295
1RB1RC_0RC1LD_1LD0RC_1RB1LA	2	2	0	315
1RB1RC_0RC1LD_1LD1RC_0LA1LB	2	2	0	223
1RB1RC_0RC1LD_1LD1RC_0RA1LB	2	2	0	153
1RB1RC_0RC1LD_1LD1RC_1LA1LB	2	2	0	125
1RB1RC_0RC1LD_1LD1RC_1RA1LB	2	2	0	116
1RB1RC_0RC1LD_1RD0RA_1LB---	2	2	0	67
1RB1RC_0RC1LD_1RD0RC_0LD1LA	2	2	0	324
1RB1RC_0RC1LD_1RD0RC_1LD1LA	2	2	0	147
1RB1RC_0RC1LD_1RD1RA_1LD1LB	2	2	0	79
1RB1RC_0RC1RA_0LD0RC_1LD1LA	2	2	0	507
1RB1RC_0RC1RA_0LD1LD_1LB0RD	2	2	0	339
1RB1RC_0RC1RA_0RD0RC_1LD1LA	2	2	0	303
1RB1RC_0RC1RA_0RD1LD_1LB0RD	2	2	0	325
1RB1RC_0RC1RA_1LB1LD_1LB0RD	2	2	0	333
1RB1RC_0RC1RA_1LB1LD_1RC0LD	2	2	0	276
1RB1RC_0RC1RA_1LC0LD_0RA1LC	2	2	0	125
1RB1RC_0RC1RA_1LC0LD_1LA1LC	2	2	0	100
1RB1RC_0RC1RA_1LC0LD_1RB1LB	2	2	0	375
1RB1RC_0RC1RA_1LC1LD_0RB0RD	2	2	0	147
1RB1RC_0RC1RA_1LD0RA_1LA1LC	2	2	0	216
1RB1RC_0RC1RA_1LD0RC_1LD1LA	2	2	0	347
1RB1RC_0RC1RA_1LD1LD_1LB0RD	2	2	0	331
1RB1RC_0RC1RB_1LD0RB_0LD1LA	4	2	0	396
1RB1RC_0RC1RC_0LD0RB_1LC1LA	2	2	0	145
1RB1RC_0RC1RC_0LD0RB_1LD0LA	2	2	0	279
1RB1RC_0RC1RC_0LD0RC_1LD1LA	2	2	0	334
1RB1RC_0RC1RC_0RD0RC_1LD1LA	2	2	0	210
1RB1RC_0RC1RC_1LD0RA_1LA1LC	2	2	0	112
1RB1RC_0RC1RC_1LD0RB_0LA1LC	2	2	0	134
1RB1RC_0RC1RC_1LD0RC_0LB1LA	2	2	0	432
1RB1RC_0RC1RC_1LD0RC_1LD1LA	2	2	0	238
1RB1RC_0RC1RD_0LD0RC_1LD1LA	2	2	0	350
1RB1RC_0RC1RD_0RD0RC_1LD1LA	2	2	0	216
1RB1RC_0RC1RD_1LB1LC_1LA0RD	2	2	0	164
1RB1RC_0RC1RD_1LD0LA_1LC0LB	2	2	0	297
1RB1RC_0RC1RD_1LD0RC_1LD1LA	2	2	0	246
1RB1RC_1LA---_0LC0RD_1LD0LA	2	2	0	403
1RB1RC_1LA---_0LD0RC_1LD0LA	2	2	0	183
1RB1RC_1LA---_0RD0RC_1LD0LA	2	2	0	127
1RB1RC_1LA---_1LD0RC_1LD0LA	2	2	0	139
1RB1RC_1LA---_1RB0RD_1LD0LC	2	2	0	359
1RB1RC_1LA0LA_0RB1LD_0LB0LD	2	2	0	315
1RB1RC_1LA0LA_0RB1LD_0LC0LD	2	2	0	246
1RB1RC_1LA0LA_0RB1LD_0RB0LD	2	2	0	498
1RB1RC_1LA0LA_0RB1LD_1LA0LD	2	2	0	236
1RB1RC_1LA0LA_0RB1LD_1RC0LD	2	2	0	458
1RB1RC_1LA0LA_0RC1LD_0LD0LB	2	2	0	119
1RB1RC_1LA0LA_0RC1LD_0LD1LA	2	2	0	213
1RB1RC_1LA0LA_0RD0RC_1LD0RB	2	2	0	105
1RB1RC_1LA0LA_0RD0RC_1LD1LB	2	2	0	79
1RB1RC_1LA0LA_1LD0RC_1LD0RB	2	2	0	209
1RB1RC_1LA0LA_1RB1LD_---1LC	2	2	0	242
1RB1RC_1LA0LA_1RC1LD_0LB0LD	2	2	0	131
1RB1RC_1LA0LA_1RC1LD_0RB0LD	2	2	0	214
1RB1RC_1LA0LA_1RC1LD_1LA0LD	2	2	0	100
1RB1RC_1LA0LB_1RD1LC_0RB0RC	2	2	0	294
1RB1RC_1LA0LC_1RC1LD_0RB0LD	2	2	0	120
1RB1RC_1LA0LC_1RD0RC_1LB1LA	2	2	0	292
1RB1RC_1LA0LD_---0RD_1LB0RD	2	2	0	421
1RB1RC_1LA0LD_0RB0RC_1LB0RD	2	2	0	229
1RB1RC_1LA0LD_0RD0LA_1LB0RD	2	2	0	441
1RB1RC_1LA0LD_0RD0RC_1LB0RD	2	2	0	209
1RB1RC_1LA0LD_0RD0RC_1LD1RB	2	2	0	105
1RB1RC_1LA0LD_1LA0RC_1LB0RD	2	2	0	461
1RB1RC_1LA0LD_1LB0RC_1LB0RD	2	2	0	421
1RB1RC_1LA0LD_1LD0RC_1LD1RB	2	2	0	209
1RB1RC_1LA0LD_1RA0LB_1RC1LB	2	2	0	140
1RB1RC_1LA0LD_1RA0RB_1RC1LB	2	2	0	122
1RB1RC_1LA0LD_1RA1LB_1RC1LA	2	2	0	134
1RB1RC_1LA0LD_1RA1LB_1RC1LB	2	2	0	102
1RB1RC_1LA0LD_1RA1LD_1RA0LC	2	2	0	115
1RB1RC_1LA0LD_1RC0RB_0LA1LD	2	2	0	146
1RB1RC_1LA0LD_1RD1LC_1LB0RD	2	2	0	345
1RB1RC_1LA0RA_0LB1LD_---1LC	3	2	0	648
1RB1RC_1LA0RA_0LD0RC_1LD1LB	2	2	0	222
1RB1RC_1LA0RA_0LD1RC_1LA1LD	2	2	0	158
1RB1RC_1LA0RA_0RD0RC_1LD1LA	2	3	0	264
1RB1RC_1LA0RA_0RD0RC_1LD1LB	2	2	0	154
1RB1RC_1LA0RA_1LD0RC_1LD0LB	2	2	0	247
1RB1RC_1LA0RA_1LD0RC_1LD1LB	2	2	0	287
1RB1RC_1LA0RA_1LD1RC_1LA1LD	2	2	0	127
1RB1RC_1LA0RA_1RC1LD_1LB0LD	2	3	0	280
1RB1RC_1LA0RC_0LD0RB_1LC0LA	2	2	0	277
1RB1RC_1LA0RC_0LD0RB_1LD0LA	2	3	0	377
1RB1RC_1LA0RC_0LD0RC_1LD1LA	2	2	0	167
1RB1RC_1LA0RC_0LD0RC_1LD1LB	2	2	0	95
1RB1RC_1LA0RC_0LD1RC_1LA1LD	2	2	0	158
1RB1RC_1LA0RC_0LD1RC_1LB1LD	2	2	0	389
1RB1RC_1LA0RC_0RC1LD_0LD0LB	2	2	0	109
1RB1RC_1LA0RC_0RC1LD_0LD1LA	2	2	0	193
1RB1RC_1LA0RC_0RD0RC_1LD1LA	2	2	0	119
1RB1RC_1LA0RC_0RD0RC_1LD1LB	2	2	0	67
1RB1RC_1LA0RC_1LA1LD_0LC0LD	2	2	0	361
1RB1RC_1LA0RC_1LA1LD_1LA0LD	2	2	0	307
1RB1RC_1LA0RC_1LD0RB_1LD0LA	2	2	0	131
1RB1RC_1LA0RC_1LD0RC_1LD1LA	2	2	0	129
1RB1RC_1LA0RC_1LD0RC_1LD1LB	2	2	0	125
1RB1RC_1LA0RC_1LD1RC_1LA1LD	2	2	0	127
1RB1RC_1LA0RC_1LD1RC_1LB1LD	2	2	0	321
1RB1RC_1LA0RC_1RB0LD_1LC1LD	2	2	0	128
1RB1RC_1LA0RC_1RC1LD_0LB0LD	2	3	0	280
1RB1RC_1LA0RC_1RD0RB_1LD0LC	2	2	0	152
1RB1RC_1LA0RD_---1LD_1LA0LD	2	2	0	293
1RB1RC_1LA0RD_0LB0RD_1LD0LA	2	2	0	403
1RB1RC_1LA0RD_0LB1RC_1LD0LA	2	2	0	231
1RB1RC_1LA0RD_0LD0RC_1LD1LB	2	2	0	111
1RB1RC_1LA0RD_0RB0RD_1LD0LC	2	2	0	359
1RB1RC_1LA0RD_0RB1LC_1LD0LC	2	2	0	1327
1RB1RC_1LA0RD_0RD0RC_1LD1LB	2	2	0	75
1RB1RC_1LA0RD_1LB1LC_0LC1RD	2	2	0	384
1RB1RC_1LA0RD_1LB1LC_1LC1RD	2	2	0	587
1RB1RC_1LA0RD_1LC0LD_1RC0RB	2	2	0	161
1RB1RC_1LA0RD_1LC1LB_0LC0RB	2	2	0	101
1RB1RC_1LA0RD_1LC1LB_0RC0RB	2	2	0	77
1RB1RC_1LA0RD_1LD0LA_1LA0LD	2	2	0	309
1RB1RC_1LA0RD_1LD0RC_1LD1LB	2	2	0	141
1RB1RC_1LA0RD_1LD1LC_1LA1RD	2	2	0	435
1RB1RC_1LA0RD_1LD1LC_1RB0LC	2	2	0	112
1RB1RC_1LA0RD_1LD1RC_1LA0LD	2	2	0	142
1RB1RC_1LA0RD_1LD1RC_1RB0LC	2	2	0	112
1RB1RC_1LA0RD_1RD0RC_1LB1LD	2	2	0	177
1RB1RC_1LA1LA_0LD0RC_1LD1LA	2	2	0	183
1RB1RC_1LA1LA_0LD0RC_1LD1LB	2	2	0	103
1RB1RC_1LA1LA_0RB0RD_1LD0LC	2	2	0	461
1RB1RC_1LA1LA_0RD0RC_1LD0RB	2	2	0	105
1RB1RC_1LA1LA_0RD0RC_1LD1LA	2	2	0	127
1RB1RC_1LA1LA_0RD0RC_1LD1LB	2	2	0	71
1RB1RC_1LA1LA_0RD0RC_1LD1RB	2	2	0	97
1RB1RC_1LA1LA_1LD0RC_1LD0RB	2	2	0	209
1RB1RC_1LA1LA_1LD0RC_1LD1LA	2	2	0	139
1RB1RC_1LA1LA_1LD0RC_1LD1LB	2	2	0	133
1RB1RC_1LA1LA_1LD0RC_1LD1RB	2	2	0	191
1RB1RC_1LA1LB_---0RD_0RB0RC	2	2	0	125
1RB1RC_1LA1LB_---0RD_0RB0RD	2	2	0	125
1RB1RC_1LA1LB_---0RD_0RB1RD	2	2	0	99
1RB1RC_1LA1LB_---0RD_1LB1RD	2	2	0	173
1RB1RC_1LA1LB_0LB0RD_1RC1RD	2	2	0	188
1RB1RC_1LA1LB_0RB0RC_------	2	2	0	125
1RB1RC_1LA1LB_0RB0RD_1RC1RD	2	2	0	130
1RB1RC_1LA1LB_0RB1RD_0RC0RD	2	2	0	213
1RB1RC_1LA1LB_0RC0RD_0RB0LC	2	2	0	157
1RB1RC_1LA1LB_0RC0RD_0RB1LC	2	2	0	189
1RB1RC_1LA1LB_0RD0LA_0RB0RD	2	2	0	135
1RB1RC_1LA1LB_0RD0LA_0RB1RD	2	2	0	109
1RB1RC_1LA1LB_0RD0LA_1LB1RD	2	2	0	193
1RB1RC_1LA1LB_0RD0RC_1LA---	2	2	0	125
1RB1RC_1LA1LB_0RD0RC_1LC1LA	2	2	0	135
1RB1RC_1LA1LB_0RD0RD_1LB0RC	2	2	0	130
1RB1RC_1LA1LB_1LA0RD_0RC0RC	2	2	0	125
1RB1RC_1LA1LB_1LA0RD_0RC0RD	2	2	0	125
1RB1RC_1LA1LB_1LA0RD_0RC1LD	2	2	0	189
1RB1RC_1LA1LB_1LA0RD_0RC1RD	2	2	0	99
1RB1RC_1LA1LB_1LA0RD_1LB0RC	2	2	0	241
1RB1RC_1LA1LB_1LA0RD_1LC0RC	2	2	0	241
1RB1RC_1LA1LB_1LB0RD_1RC0RC	2	2	0	115
1RB1RC_1LA1LB_1LB0RD_1RC0RD	2	2	0	115
1RB1RC_1LA1LB_1LB0RD_1RC1RD	2	2	0	89
1RB1RC_1LA1LB_1LD0RC_0RA0LD	2	2	0	145
1RB1RC_1LA1LB_1LD0RC_0RA1LB	2	2	0	125
1RB1RC_1LA1LB_1LD0RC_0RA1RB	2	2	0	135
1RB1RC_1LA1LB_1LD0RC_0RD0RB	2	2	0	135
1RB1RC_1LA1LB_1LD0RD_1LB0RC	2	2	0	231
1RB1RC_1LA1LB_1RD0RC_0LD0RB	2	2	0	135
1RB1RC_1LA1LB_1RD0RC_1LB---	2	2	0	115
1RB1RC_1LA1LB_1RD0RC_1LD1LB	2	2	0	115
1RB1RC_1LA1LB_1RD0RC_1LD1RB	2	2	0	125
1RB1RC_1LA1LB_1RD1LC_0LB0RA	2	2	0	318
1RB1RC_1LA1LB_1RD1LC_0RB0RA	2	2	0	262
1RB1RC_1LA1LB_1RD1LC_0RB0RC	2	2	0	196
1RB1RC_1LA1LB_1RD1LC_1LA0RD	2	2	0	205
1RB1RC_1LA1LB_1RD1LC_1LB0RA	2	2	0	245
1RB1RC_1LA1LC_0RC0LD_1RD0RB	2	2	0	408
1RB1RC_1LA1LC_0RD0LB_1RA1RC	3	2	0	142
1RB1RC_1LA1LC_0RD0LB_1RA1RD	3	2	0	195
1RB1RC_1LA1LC_0RD1LB_0LA1RD	2	2	0	103
1RB1RC_1LA1LC_0RD1LB_1RB1RD	2	2	0	87
1RB1RC_1LA1LC_1LA0LD_1RD0RC	2	2	0	364
1RB1RC_1LA1LC_1LD0RC_0RB0LA	2	2	0	243
1RB1RC_1LA1LC_1RD0LB_0RB1RC	2	2	0	100
1RB1RC_1LA1LC_1RD0LB_1LA1RC	2	2	0	132
1RB1RC_1LA1LC_1RD0LB_1RA1RC	2	2	0	110
1RB1RC_1LA1LC_1RD1LB_0LB0RA	2	2	0	318
1RB1RC_1LA1LC_1RD1LB_0LB0RD	2	2	0	237
1RB1RC_1LA1LC_1RD1LB_0LC0RD	2	2	0	245
1RB1RC_1LA1LC_1RD1LB_0RB0RA	2	2	0	262
1RB1RC_1LA1LC_1RD1LB_0RB0RD	2	2	0	155
1RB1RC_1LA1LC_1RD1LB_1LA0LA	2	2	0	242
1RB1RC_1LA1LC_1RD1LB_1LA0RD	2	2	0	205
1RB1RC_1LA1LC_1RD1LB_1LA1RD	2	2	0	132
1RB1RC_1LA1LC_1RD1LB_1LB0LA	2	2	0	232
1RB1RC_1LA1LC_1RD1LB_1LB0RD	2	2	0	193
1RB1RC_1LA1LC_1RD1LB_1RA0LA	2	2	0	198
1RB1RC_1LA1LC_1RD1LB_1RA0RD	2	2	0	167
1RB1RC_1LA1LC_1RD1LB_1RA1RD	2	2	0	110
1RB1RC_1LA1LD_---0RB_0RC1LA	2	2	0	455
1RB1RC_1LA1LD_---0RB_1RC1LB	2	2	0	225
1RB1RC_1LA1LD_0LC0RB_1RA1LB	2	2	0	189
1RB1RC_1LA1LD_0LD0RC_0RB1LA	2	2	0	337
1RB1RC_1LA1LD_0LD1RC_0LA1LB	2	2	0	86
1RB1RC_1LA1LD_0RB0LA_0RC1LB	2	2	0	533
1RB1RC_1LA1LD_0RB0LA_1RC1LB	2	2	0	329
1RB1RC_1LA1LD_0RB0RC_---1LA	2	2	0	159
1RB1RC_1LA1LD_0RB0RC_---1LB	2	2	0	125
1RB1RC_1LA1LD_0RB0RC_0RC0LB	2	2	0	157
1RB1RC_1LA1LD_0RB0RC_1LA0RB	2	2	0	229
1RB1RC_1LA1LD_0RB0RC_1LA1LD	2	2	0	125
1RB1RC_1LA1LD_0RB0RC_1LB0RB	2	2	0	161
1RB1RC_1LA1LD_0RB0RC_1RA0LB	2	2	0	131
1RB1RC_1LA1LD_0RB1RD_1RC0LB	2	2	0	107
1RB1RC_1LA1LD_0RC1RD_1LB0LA	2	2	0	191
1RB1RC_1LA1LD_0RD0RC_0LB1LA	2	2	0	326
1RB1RC_1LA1LD_0RD0RC_0RB1LA	2	2	0	214
1RB1RC_1LA1LD_0RD0RC_1LA0RB	2	2	0	229
1RB1RC_1LA1LD_0RD0RC_1LA1LA	2	2	0	159
1RB1RC_1LA1LD_0RD0RC_1LA1LB	2	2	0	125
1RB1RC_1LA1LD_0RD0RC_1LA1LD	2	2	0	125
1RB1RC_1LA1LD_0RD0RC_1LB1LA	2	2	0	149
1RB1RC_1LA1LD_0RD0RC_1LC1LA	2	2	0	169
1RB1RC_1LA1LD_1LA0RC_---1LA	2	2	0	317
1RB1RC_1LA1LD_1LA0RC_0LA1LB	2	2	0	199
1RB1RC_1LA1LD_1LA0RC_0RA1LB	2	2	0	256
1RB1RC_1LA1LD_1LA0RC_1LA0RB	2	2	0	461
1RB1RC_1LA1LD_1LA0RC_1RC1LB	2	2	0	187
1RB1RC_1LA1LD_1LA0RD_0RC0LB	2	2	0	125
1RB1RC_1LA1LD_1LB0LD_1RD0RC	2	2	0	376
1RB1RC_1LA1LD_1LB0RC_---1LA	2	2	0	297
1RB1RC_1LA1LD_1LB0RC_0LA1LB	2	2	0	179
1RB1RC_1LA1LD_1LB0RC_0RA1LB	2	2	0	242
1RB1RC_1LA1LD_1LB0RC_1LA0RB	2	2	0	421
1RB1RC_1LA1LD_1LB0RC_1RC1LB	2	2	0	171
1RB1RC_1LA1LD_1LB0RD_1LD0LA	2	2	0	359
1RB1RC_1LA1LD_1LB1RC_---0LA	2	2	0	175
1RB1RC_1LA1LD_1LD0RB_1RA1LB	2	2	0	169
1RB1RC_1LA1LD_1LD0RC_0RA1LA	2	2	0	159
1RB1RC_1LA1LD_1LD0RC_0RA1LB	2	2	0	125
1RB1RC_1LA1LD_1LD0RC_0RD1LA	2	2	0	337
1RB1RC_1LA1LD_1LD0RC_1LA0RB	2	2	0	421
1RB1RC_1LA1LD_1LD0RC_1LA1LA	2	2	0	297
1RB1RC_1LA1LD_1LD0RC_1RB1LA	2	2	0	317
1RB1RC_1LA1LD_1LD1RC_1RA1LB	2	2	0	121
1RB1RC_1LA1LD_1RA0LB_0RA0LB	2	2	0	87
1RB1RC_1LA1LD_1RA0LB_0RA1LA	2	2	0	113
1RB1RC_1LA1LD_1RA0RB_0LA0LB	2	2	0	70
1RB1RC_1LA1LD_1RA0RB_0LA1LB	2	2	0	110
1RB1RC_1LA1LD_1RA0RB_0RA0LB	2	2	0	69
1RB1RC_1LA1LD_1RB0RB_1RA1LB	2	2	0	164
1RB1RC_1LA1LD_1RC0RB_0LC0LD	2	2	0	116
1RB1RC_1LA1LD_1RC0RB_0RC0LD	2	2	0	180
1RB1RC_1LA1LD_1RC0RB_1RC0LD	2	2	0	150
1RB1RC_1LA1LD_1RD0RB_1RA1LB	2	2	0	157
1RB1RC_1LA1LD_1RD0RB_1RC0LD	2	2	0	150
1RB1RC_1LA1LD_1RD0RC_0LD1LA	2	2	0	326
1RB1RC_1LA1LD_1RD0RC_1LD1LA	2	2	0	149
1RB1RC_1LA1LD_1RD0RC_1LD1LB	2	2	0	115
1RB1RC_1LA1RA_0LB0LD_---1LC	2	2	0	114
1RB1RC_1LA1RA_0LB0RD_1LD0LC	2	2	0	337
1RB1RC_1LA1RA_0LD0RC_1LD1LA	2	2	0	509
1RB1RC_1LA1RA_0RA1LD_---0LC	2	2	0	87
1RB1RC_1LA1RA_0RB0RD_1LD0LC	2	2	0	260
1RB1RC_1LA1RA_0RC0LD_0RB1LC	2	2	0	156
1RB1RC_1LA1RA_0RD0RC_1LD1LA	2	2	0	305
1RB1RC_1LA1RA_0RD0RC_1LD1LB	2	2	0	94
1RB1RC_1LA1RA_1LA1LD_---0LC	2	2	0	64
1RB1RC_1LA1RA_1LB1LD_0LB0LC	2	2	0	78
1RB1RC_1LA1RA_1LB1LD_0LC0LD	2	2	0	114
1RB1RC_1LA1RA_1LB1LD_0RB0LC	2	2	0	95
1RB1RC_1LA1RA_1LB1LD_0RC0LD	2	2	0	150
1RB1RC_1LA1RA_1LB1LD_1LB0LD	2	2	0	199
1RB1RC_1LA1RA_1LB1LD_1RB0LC	2	2	0	83
1RB1RC_1LA1RA_1LB1LD_1RC0LD	2	2	0	318
1RB1RC_1LA1RA_1LD0RC_1LD1LA	2	2	0	349
1RB1RC_1LA1RA_1LD0RC_1LD1LB	2	2	0	183
1RB1RC_1LA1RA_1RB0LD_---1LC	2	2	0	132
1RB1RC_1LA1RA_1RC1LD_1LB0LD	2	2	0	123
1RB1RC_1LA1RB_0LD0RC_1LD0LB	2	2	0	191
1RB1RC_1LA1RB_0RA0RD_1LD0LC	2	2	0	116
1RB1RC_1LA1RB_0RD0RC_1LD0LB	2	2	0	131
1RB1RC_1LA1RB_1LB0RD_1LD0LC	2	2	0	337
1RB1RC_1LA1RB_1LB1LD_---1LC	2	2	0	114
1RB1RC_1LA1RB_1LD0RC_1LD0LB	2	2	0	145
1RB1RC_1LA1RB_1RB1LD_---1LC	2	2	0	132
1RB1RC_1LA1RC_0LD0RC_1LD1LA	2	2	0	336
1RB1RC_1LA1RC_0LD0RC_1LD1LB	2	2	0	175
1RB1RC_1LA1RC_0RC1LD_0LD0LB	2	2	0	203
1RB1RC_1LA1RC_0RD0RB_1LD0LC	2	2	0	120
1RB1RC_1LA1RC_0RD0RC_1LD1LA	2	2	0	212
1RB1RC_1LA1RC_0RD0RC_1LD1LB	2	2	0	123
1RB1RC_1LA1RC_1LD0RC_1LD1LA	2	2	0	240
1RB1RC_1LA1RC_1LD0RC_1LD1LB	2	2	0	135
1RB1RC_1LA1RC_1RA1LD_---0LC	2	2	0	102
1RB1RC_1LA1RC_1RB0LD_---1LC	2	2	0	132
1RB1RC_1LA1RC_1RC1LD_0LB0LD	2	2	0	123
1RB1RC_1LA1RC_1RC1LD_0RB0LD	2	2	0	194
1RB1RC_1LA1RC_1RC1LD_1LA0LD	2	2	0	90
1RB1RC_1LA1RD_0LD0RC_1LD1LA	2	2	0	352
1RB1RC_1LA1RD_0RB1LC_1LC1RB	2	2	0	159
1RB1RC_1LA1RD_0RD0RC_1LD1LA	2	2	0	218
1RB1RC_1LA1RD_0RD1LC_1LC1RB	2	2	0	159
1RB1RC_1LA1RD_1LB0LD_0RB0RC	2	2	0	396
1RB1RC_1LA1RD_1LB0LD_1RD0RC	2	2	0	352
1RB1RC_1LA1RD_1LB1LC_---1RB	2	2	0	114
1RB1RC_1LA1RD_1LC0LD_0RC0RB	2	2	0	127
1RB1RC_1LA1RD_1LC1LB_0LC0RD	2	2	0	177
1RB1RC_1LA1RD_1LC1LB_0RC0RD	2	2	0	125
1RB1RC_1LA1RD_1LC1LB_1LC0RD	2	2	0	137
1RB1RC_1LA1RD_1LD0RC_1LD1LA	2	2	0	248
1RB1RC_1LA1RD_1LD1LC_0RD1RB	2	2	0	139
1RB1RC_1LA1RD_1RB1LC_---0LA	2	2	0	186
1RB1RC_1LA1RD_1RB1LC_---1RB	2	2	0	132
1RB1RC_1LA1RD_1RD1LC_0LC1RB	2	2	0	126
1RB1RC_1LB0LC_0RD0RC_1RA0RB	2	2	0	189
1RB1RC_1LB0LC_1LD0RA_0RA1LC	2	2	0	111
1RB1RC_1LB0LC_1LD0RA_1RA1LC	2	2	0	219
1RB1RC_1LB0LC_1LD0RA_1RD1LC	2	2	0	121
1RB1RC_1LB0LC_1LD0RB_1RA0RD	2	2	0	134
1RB1RC_1LB0LC_1RA0LD_0RC1LC	2	2	0	251
1RB1RC_1LB0LC_1RA0LD_0RD1LC	2	2	0	261
1RB1RC_1LB0LC_1RA0LD_1LC1LC	2	2	0	234
1RB1RC_1LB0LC_1RA0LD_1RC1LC	2	2	0	251
1RB1RC_1LB0LC_1RA0LD_1RD1LC	2	2	0	254
1RB1RC_1LB0LC_1RC0RD_0LA0LD	2	2	0	402
1RB1RC_1LB0LC_1RC1RD_1LB0LA	2	2	0	256
1RB1RC_1LB0LC_1RD0LB_0LA0RD	2	2	0	242
1RB1RC_1LB0LC_1RD0LB_0LA1RB	2	2	0	232
1RB1RC_1LB0LC_1RD0LC_0LA0RD	2	2	0	242
1RB1RC_1LB0LC_1RD0LC_0LA1LB	2	2	0	316
1RB1RC_1LB0LC_1RD0LC_0LA1RA	2	2	0	222
1RB1RC_1LB0LC_1RD0LC_0LA1RB	2	2	0	232
1RB1RC_1LB0LC_1RD0RD_0LA0RB	2	2	0	384
1RB1RC_1LB0LC_1RD1LC_0RD0LA	2	2	0	316
1RB1RC_1LB0LC_1RD1LC_1RA0RA	2	2	0	84
1RB1RC_1LB0LC_1RD1LD_0RB1LA	2	2	0	458
1RB1RC_1LB0LC_1RD1RB_0LA0RB	2	2	0	302
1RB1RC_1LB0RA_0LD0RD_1RA1LD	2	2	0	204
1RB1RC_1LB0RA_0LD1LB_1LA1LC	2	2	0	140
1RB1RC_1LB0RA_0LD1RA_1LA1LD	2	2	0	198
1RB1RC_1LB0RA_0LD1RA_1RA1LD	2	2	0	140
1RB1RC_1LB0RA_0LD1RC_1LA1LD	2	2	0	198
1RB1RC_1LB0RA_0RB0RC_------	2	2	0	172
1RB1RC_1LB0RA_0RB0RD_0RB0RC	2	2	0	172
1RB1RC_1LB0RA_0RB0RD_0RB0RD	2	2	0	172
1RB1RC_1LB0RA_0RB0RD_0RC0RC	2	2	0	150
1RB1RC_1LB0RA_0RB0RD_0RC0RD	2	2	0	150
1RB1RC_1LB0RA_0RB0RD_0RC1LD	2	2	0	262
1RB1RC_1LB0RA_0RB1RD_0RC0RD	2	2	0	185
1RB1RC_1LB0RA_0RD0LA_0RB0RD	2	2	0	198
1RB1RC_1LB0RA_0RD0RC_0RB---	2	2	0	147
1RB1RC_1LB0RA_0RD0RC_1LB---	2	2	0	172
1RB1RC_1LB0RA_0RD0RC_1LC0RB	2	2	0	159
1RB1RC_1LB0RA_0RD0RC_1LC1LB	2	2	0	192
1RB1RC_1LB0RA_0RD0RC_1LD0LA	2	2	0	97
1RB1RC_1LB0RA_0RD0RC_1LD1LA	2	3	0	267
1RB1RC_1LB0RA_0RD0RD_0RB0RC	2	2	0	147
1RB1RC_1LB0RA_0RD0RD_0RB0RD	2	2	0	182
1RB1RC_1LB0RA_1LA0RD_0RB0RD	2	2	0	184
1RB1RC_1LB0RA_1LD0RA_1LA1LC	2	2	0	93
1RB1RC_1LB0RA_1LD0RB_0LA1LC	3	2	0	308
1RB1RC_1LB0RA_1LD0RC_1LD0LA	2	2	0	191
1RB1RC_1LB0RA_1LD1RC_1LA1LD	2	2	0	265
1RB1RC_1LB0RA_1RD0RC_0LD0RB	2	2	0	192
1RB1RC_1LB0RA_1RD0RC_1LD1LB	2	2	0	172
1RB1RC_1LB0RA_1RD0RD_0RB0RD	2	2	0	188
1RB1RC_1LB0RA_1RD1LC_0RB0RD	2	2	0	120
1RB1RC_1LB0RC_0LD1RC_1LA1LD	2	2	0	198
1RB1RC_1LB0RC_1LA1LD_1LA0LD	2	2	0	346
1RB1RC_1LB0RC_1LD1RC_1LA1LD	2	2	0	265
1RB1RC_1LB0RC_1RA0LD_1LC1LB	3	2	0	621
1RB1RC_1LB1LA_---0RD_0LB0RD	2	2	0	179
1RB1RC_1LB1LA_---0RD_0RB0RD	2	2	0	115
1RB1RC_1LB1LA_---0RD_1LB0RD	2	2	0	149
1RB1RC_1LB1LA_---1RD_0RB0RD	2	2	0	96
1RB1RC_1LB1LA_---1RD_1LB0RD	2	2	0	185
1RB1RC_1LB1LA_0LB0RC_------	2	2	0	179
1RB1RC_1LB1LA_0LB0RD_0LB0RC	2	2	0	179
1RB1RC_1LB1LA_0LB0RD_0RB0RC	2	2	0	149
1RB1RC_1LB1LA_0LB0RD_0RC0RC	2	2	0	159
1RB1RC_1LB1LA_0LB0RD_0RC0RD	2	2	0	156
1RB1RC_1LB1LA_0LB0RD_0RC1LD	2	2	0	268
1RB1RC_1LB1LA_0LB0RD_1LB0RC	2	2	0	145
1RB1RC_1LB1LA_0LB1RD_0RC0RD	2	2	0	200
1RB1RC_1LB1LA_0LB1RD_1LC0RD	2	2	0	1737
1RB1RC_1LB1LA_0LD0LC_1RD0RA	2	2	0	88
1RB1RC_1LB1LA_0LD0LC_1RD1LB	2	2	0	105
1RB1RC_1LB1LA_0LD0LC_1RD1RA	2	2	0	84
1RB1RC_1LB1LA_0LD0LC_1RD1RB	2	2	0	139
1RB1RC_1LB1LA_0LD0RC_0RB---	2	2	0	161
1RB1RC_1LB1LA_0LD0RC_1LB---	2	2	0	179
1RB1RC_1LB1LA_0LD0RC_1LD0LA	2	2	0	99
1RB1RC_1LB1LA_0LD0RC_1LD1LA	2	2	0	179
1RB1RC_1LB1LA_0LD0RC_1RC0RB	2	2	0	173
1RB1RC_1LB1LA_0LD0RC_1RC1LB	2	2	0	195
1RB1RC_1LB1LA_0LD0RD_0RB0RC	2	2	0	161
1RB1RC_1LB1LA_0LD0RD_1LB0RC	2	2	0	145
1RB1RC_1LB1LA_0LD0RD_1RA1LD	2	2	0	226
1RB1RC_1LB1LA_0LD1RA_0RC1LD	2	2	0	112
1RB1RC_1LB1LA_0LD1RA_1RA1LD	2	2	0	134
1RB1RC_1LB1LA_0LD1RA_1RC1LD	2	2	0	138
1RB1RC_1LB1LA_0RA0LD_0RB1LC	4	2	0	888
1RB1RC_1LB1LA_0RA0LD_1LB1LC	4	2	0	583
1RB1RC_1LB1LA_0RA0LD_1LC1RD	2	2	0	308
1RB1RC_1LB1LA_0RB0RC_------	2	2	0	115
1RB1RC_1LB1LA_0RB0RD_0LB0RC	2	2	0	135
1RB1RC_1LB1LA_0RB0RD_0LC0RC	2	2	0	143
1RB1RC_1LB1LA_0RB0RD_0LC0RD	2	2	0	161
1RB1RC_1LB1LA_0RB0RD_0RB0RC	2	2	0	115
1RB1RC_1LB1LA_0RB0RD_0RC0RC	2	2	0	125
1RB1RC_1LB1LA_0RB0RD_0RC0RD	2	2	0	127
1RB1RC_1LB1LA_0RB0RD_0RC1LD	2	2	0	219
1RB1RC_1LB1LA_0RB0RD_1LB0RC	2	2	0	135
1RB1RC_1LB1LA_0RB1RD_0LC0RD	2	2	0	205
1RB1RC_1LB1LA_0RB1RD_0RC0RD	2	2	0	135
1RB1RC_1LB1LA_0RC0RD_0LB1LC	2	2	0	299
1RB1RC_1LB1LA_0RC0RD_0RB1LC	2	2	0	203
1RB1RC_1LB1LA_0RC0RD_1LB1LC	2	2	0	261
1RB1RC_1LB1LA_0RD0LA_0LB0RD	2	2	0	195
1RB1RC_1LB1LA_0RD0LA_0RB0RD	2	2	0	123
1RB1RC_1LB1LA_0RD0LA_1LB0RD	2	2	0	161
1RB1RC_1LB1LA_0RD0LC_1RD0RA	2	2	0	124
1RB1RC_1LB1LA_0RD0LC_1RD1RA	2	2	0	116
1RB1RC_1LB1LA_0RD0LC_1RD1RB	2	2	0	204
1RB1RC_1LB1LA_0RD0RC_0LB---	2	2	0	156
1RB1RC_1LB1LA_0RD0RC_0RB---	2	2	0	127
1RB1RC_1LB1LA_0RD0RC_1LB---	2	2	0	115
1RB1RC_1LB1LA_0RD0RC_1LC0LB	2	2	0	166
1RB1RC_1LB1LA_0RD0RC_1LC0RB	2	2	0	135
1RB1RC_1LB1LA_0RD0RC_1LC1LB	2	2	0	123
1RB1RC_1LB1LA_0RD0RC_1LD0LA	2	2	0	79
1RB1RC_1LB1LA_0RD0RC_1LD0RB	2	2	0	91
1RB1RC_1LB1LA_0RD0RC_1LD1LA	2	2	0	115
1RB1RC_1LB1LA_0RD0RC_1LD1RB	2	2	0	85
1RB1RC_1LB1LA_0RD0RD_0LB0RC	2	2	0	156
1RB1RC_1LB1LA_0RD0RD_0RB0RC	2	2	0	127
1RB1RC_1LB1LA_0RD0RD_1LB0RC	2	2	0	135
1RB1RC_1LB1LA_1LA0RD_1LB0RC	2	2	0	147
1RB1RC_1LB1LA_1LB0RC_------	2	2	0	149
1RB1RC_1LB1LA_1LB0RD_---0RC	2	2	0	149
1RB1RC_1LB1LA_1LB0RD_0LC0RD	2	2	0	179
1RB1RC_1LB1LA_1LB0RD_0RC0RD	2	2	0	115
1RB1RC_1LB1LA_1LB0RD_0RC1LD	2	2	0	203
1RB1RC_1LB1LA_1LB0RD_1LC0RD	2	2	0	149
1RB1RC_1LB1LA_1LB1RD_0RC0RD	2	2	0	96
1RB1RC_1LB1LA_1LB1RD_1LC0RD	2	2	0	185
1RB1RC_1LB1LA_1LD0RA_1LA1LC	2	2	0	107
1RB1RC_1LB1LA_1LD0RC_0RA1LB	2	2	0	123
1RB1RC_1LB1LA_1LD0RC_0RD0LB	2	2	0	195
1RB1RC_1LB1LA_1LD0RC_0RD0RB	2	2	0	123
1RB1RC_1LB1LA_1LD0RC_0RD1LB	2	2	0	161
1RB1RC_1LB1LA_1LD0RC_1LB---	2	2	0	149
1RB1RC_1LB1LA_1LD0RC_1LC1LA	2	2	0	149
1RB1RC_1LB1LA_1LD0RC_1LD0LA	2	2	0	125
1RB1RC_1LB1LA_1LD0RC_1LD0RB	2	2	0	179
1RB1RC_1LB1LA_1LD0RC_1LD1LA	2	2	0	149
1RB1RC_1LB1LA_1LD0RC_1LD1RB	2	2	0	165
1RB1RC_1LB1LA_1LD0RD_1LB0RC	2	2	0	149
1RB1RC_1LB1LA_1LD1RA_0RA1LD	2	2	0	146
1RB1RC_1LB1LA_1LD1RA_0RC1LD	2	2	0	149
1RB1RC_1LB1LA_1LD1RA_1RA1LD	2	2	0	119
1RB1RC_1LB1LA_1RA0LD_---1LC	2	2	0	99
1RB1RC_1LB1LA_1RA1LD_0RA0LC	2	2	0	247
1RB1RC_1LB1LA_1RA1LD_1RA0LC	2	2	0	204
1RB1RC_1LB1LA_1RD0LA_0RB0RD	2	2	0	104
1RB1RC_1LB1LA_1RD0LA_1LB0RD	2	2	0	201
1RB1RC_1LB1LA_1RD0LC_0LA0RA	2	2	0	250
1RB1RC_1LB1LA_1RD0LC_0LA0RD	2	2	0	234
1RB1RC_1LB1LA_1RD0LC_0LA1LB	2	2	0	330
1RB1RC_1LB1LA_1RD0LC_0LA1RA	2	2	0	242
1RB1RC_1LB1LA_1RD0LC_0LA1RB	2	2	0	226
1RB1RC_1LB1LA_1RD0LC_1RC1RB	2	2	0	130
1RB1RC_1LB1LA_1RD0LC_1RD0RA	2	2	0	148
1RB1RC_1LB1LA_1RD0LC_1RD1LB	2	2	0	188
1RB1RC_1LB1LA_1RD0LC_1RD1RA	2	2	0	140
1RB1RC_1LB1LA_1RD0LC_1RD1RB	2	2	0	130
1RB1RC_1LB1LA_1RD0RC_0LD0LB	2	2	0	195
1RB1RC_1LB1LA_1RD0RC_0LD0RB	2	2	0	123
1RB1RC_1LB1LA_1RD0RC_0LD1LB	2	2	0	156
1RB1RC_1LB1LA_1RD0RC_1LD1LB	2	2	0	115
1RB1RC_1LB1LA_1RD1LC_0LB0RD	2	2	0	107
1RB1RC_1LB1LA_1RD1LC_0RB0RD	2	2	0	87
1RB1RC_1LB1LA_1RD1LC_1LB0RD	2	2	0	133
1RB1RC_1LB1LC_0LD0LC_1RD1RA	2	2	0	70
1RB1RC_1LB1LC_0LD0RA_1RA0RB	4	2	0	296
1RB1RC_1LB1LC_0LD1RA_1LA1LD	2	2	0	109
1RB1RC_1LB1LC_0RA0RD_0RB0RC	2	2	0	94
1RB1RC_1LB1LC_0RA0RD_0RB0RD	2	2	0	94
1RB1RC_1LB1LC_0RA0RD_1LB0RD	2	2	0	183
1RB1RC_1LB1LC_0RA1RD_0RB0RD	2	2	0	148
1RB1RC_1LB1LC_0RA1RD_1LB0RD	2	2	0	178
1RB1RC_1LB1LC_0RD0RC_0RB0RA	2	2	0	165
1RB1RC_1LB1LC_0RD0RC_1LB0RA	2	2	0	185
1RB1RC_1LB1LC_0RD1LB_0LA1RD	2	2	0	93
1RB1RC_1LB1LC_1LD0RA_0RC1LC	2	2	0	85
1RB1RC_1LB1LC_1LD0RA_1LA1LB	4	2	0	249
1RB1RC_1LB1LC_1LD0RA_1RA1LB	4	2	0	819
1RB1RC_1LB1LC_1LD0RA_1RA1LC	2	2	0	201
1RB1RC_1LB1LC_1LD0RA_1RC1LB	4	2	0	236
1RB1RC_1LB1LC_1LD0RA_1RC1LC	2	2	0	58
1RB1RC_1LB1LC_1LD0RC_0RA1LB	2	2	0	138
1RB1RC_1LB1LC_1LD1RA_1RA0LA	2	2	0	203
1RB1RC_1LB1LC_1LD1RA_1RA0LD	2	2	0	210
1RB1RC_1LB1LC_1LD1RA_1RA0RB	2	2	0	202
1RB1RC_1LB1LC_1LD1RA_1RB0LA	2	2	0	211
1RB1RC_1LB1LC_1LD1RA_1RB0RB	2	2	0	212
1RB1RC_1LB1LC_1LD1RA_1RB1LD	2	2	0	120
1RB1RC_1LB1LC_1RA0LD_0RC1LC	2	2	0	177
1RB1RC_1LB1LC_1RA0LD_0RD1LC	2	2	0	193
1RB1RC_1LB1LC_1RA0LD_1LC1LC	2	2	0	125
1RB1RC_1LB1LC_1RA0LD_1RA1LC	2	2	0	141
1RB1RC_1LB1LC_1RA0LD_1RC1LC	2	2	0	118
1RB1RC_1LB1LC_1RA0LD_1RD1LC	2	2	0	141
1RB1RC_1LB1LC_1RA1LD_0LB0RD	2	2	0	179
1RB1RC_1LB1LC_1RA1LD_0RB0RD	2	2	0	115
1RB1RC_1LB1LC_1RA1LD_1LB0RD	2	2	0	149
1RB1RC_1LB1LC_1RA1LD_1RA0LC	2	2	0	294
1RB1RC_1LB1LC_1RA1RD_0LB0RD	2	2	0	505
1RB1RC_1LB1LC_1RA1RD_0RB0RD	2	2	0	307
1RB1RC_1LB1LC_1RA1RD_1LB0RD	2	2	0	369
1RB1RC_1LB1LC_1RD0LB_0RB0RA	3	2	0	653
1RB1RC_1LB1LC_1RD0LB_1LB0RA	3	2	0	219
1RB1RC_1LB1LC_1RD0LB_1RA0LA	4	2	0	550
1RB1RC_1LB1LC_1RD0LB_1RA0RA	3	2	0	457
1RB1RC_1LB1LC_1RD0LB_1RA1RD	4	2	0	428
1RB1RC_1LB1LC_1RD0LC_0LA0RB	2	2	0	300
1RB1RC_1LB1LC_1RD0LC_0LA1RB	2	2	0	455
1RB1RC_1LB1LC_1RD0LD_1LB0RA	3	2	0	219
1RB1RC_1LB1LC_1RD1LB_0LB0RA	2	2	0	306
1RB1RC_1LB1LC_1RD1LB_0RB0RA	2	2	0	246
1RB1RC_1LB1LC_1RD1LB_1LA0LA	2	2	0	240
1RB1RC_1LB1LC_1RD1LB_1LA1RD	2	2	0	130
1RB1RC_1LB1LC_1RD1LB_1LB0LA	2	2	0	230
1RB1RC_1LB1LC_1RD1LB_1RA0LA	2	2	0	190
1RB1RC_1LB1LC_1RD1LD_1LB0RA	2	2	0	187
1RB1RC_1LB1LC_1RD1RA_0RA1LD	2	2	0	76
1RB1RC_1LB1RA_0LC0RD_0RB0RD	2	2	0	178
1RB1RC_1LB1RA_0LC0RD_1LD0LA	2	2	0	323
1RB1RC_1LB1RA_0LD0RC_1LD1LA	2	2	0	513
1RB1RC_1LB1RA_0LD0RD_0RB0RD	2	2	0	178
1RB1RC_1LB1RA_0LD0RD_1RA1LD	2	2	0	188
1RB1RC_1LB1RA_0LD1LD_0RB0RD	2	2	0	99
1RB1RC_1LB1RA_0LD1LD_1LB0RD	2	2	0	193
1RB1RC_1LB1RA_0LD1RA_0RA1LD	2	2	0	92
1RB1RC_1LB1RA_0LD1RA_1RA1LD	2	2	0	128
1RB1RC_1LB1RA_0LD1RA_1RC1LD	2	2	0	136
1RB1RC_1LB1RA_0RB0RC_------	2	2	0	182
1RB1RC_1LB1RA_0RB0RD_0RB0RC	2	2	0	182
1RB1RC_1LB1RA_0RB0RD_0RB0RD	2	2	0	182
1RB1RC_1LB1RA_0RB0RD_0RC0RC	2	2	0	160
1RB1RC_1LB1RA_0RB0RD_0RC0RD	2	2	0	160
1RB1RC_1LB1RA_0RB0RD_0RC1LD	2	2	0	280
1RB1RC_1LB1RA_0RB0RD_1LD0RC	2	2	0	408
1RB1RC_1LB1RA_0RB1LD_0LC0RD	2	2	0	185
1RB1RC_1LB1RA_0RB1LD_0RB0RD	2	2	0	89
1RB1RC_1LB1RA_0RB1LD_0RC0RD	2	2	0	125
1RB1RC_1LB1RA_0RB1LD_0RD0RC	2	2	0	145
1RB1RC_1LB1RA_0RB1LD_1LB0RD	2	2	0	169
1RB1RC_1LB1RA_0RB1RD_0RC0RD	2	2	0	210
1RB1RC_1LB1RA_0RD0LA_0RB0RD	2	2	0	219
1RB1RC_1LB1RA_0RD0RC_0RB---	2	2	0	157
1RB1RC_1LB1RA_0RD0RC_1LB---	2	2	0	182
1RB1RC_1LB1RA_0RD0RC_1LC0RB	2	2	0	169
1RB1RC_1LB1RA_0RD0RC_1LC1LB	2	2	0	202
1RB1RC_1LB1RA_0RD0RC_1LD0LA	2	2	0	251
1RB1RC_1LB1RA_0RD0RC_1LD1LA	2	2	0	321
1RB1RC_1LB1RA_0RD0RC_1LD1LB	2	2	0	89
1RB1RC_1LB1RA_0RD0RD_0RB0RC	2	2	0	157
1RB1RC_1LB1RA_0RD0RD_0RB0RD	2	2	0	197
1RB1RC_1LB1RA_0RD1LD_0RB0RD	2	2	0	94
1RB1RC_1LB1RA_0RD1LD_1LB0RD	2	2	0	169
1RB1RC_1LB1RA_1LA0RD_0RB0RD	2	2	0	199
1RB1RC_1LB1RA_1LA1LD_0RB0RD	2	2	0	106
1RB1RC_1LB1RA_1LA1LD_1LB0RD	2	2	0	189
1RB1RC_1LB1RA_1LC0RD_0RB0RD	2	2	0	186
1RB1RC_1LB1RA_1LD0LA_0RB0RD	2	2	0	112
1RB1RC_1LB1RA_1LD0LA_1LB0RD	2	2	0	203
1RB1RC_1LB1RA_1LD0LA_1LC0RD	2	2	0	145
1RB1RC_1LB1RA_1LD0RB_0LA1LD	3	2	0	308
1RB1RC_1LB1RA_1LD0RC_0LB0LA	2	3	0	2320
1RB1RC_1LB1RA_1LD0RC_0RA1LB	2	2	0	221
1RB1RC_1LB1RA_1LD0RC_1LC0LA	2	2	0	166
1RB1RC_1LB1RA_1LD0RC_1LC1LA	2	2	0	363
1RB1RC_1LB1RA_1LD0RC_1LD0LA	2	2	0	166
1RB1RC_1LB1RA_1LD0RC_1LD1LA	2	2	0	363
1RB1RC_1LB1RA_1LD0RC_1LD1LB	2	2	0	173
1RB1RC_1LB1RA_1LD0RD_---0LA	2	2	0	321
1RB1RC_1LB1RA_1LD0RD_0RB0RD	2	2	0	186
1RB1RC_1LB1RA_1LD1LD_0RB0RD	2	2	0	104
1RB1RC_1LB1RA_1LD1LD_1LB0RD	2	2	0	187
1RB1RC_1LB1RA_1LD1RA_0RA1LD	2	2	0	131
1RB1RC_1LB1RA_1LD1RA_0RC1LD	2	2	0	128
1RB1RC_1LB1RA_1LD1RA_1RC1LD	2	2	0	114
1RB1RC_1LB1RA_1RD0RC_0LD0RB	2	2	0	202
1RB1RC_1LB1RA_1RD0RC_1LD1LB	2	2	0	182
1RB1RC_1LB1RA_1RD0RD_0RB0RD	2	2	0	203
1RB1RC_1LB1RA_1RD1LC_0RB0RD	2	2	0	144
1RB1RC_1LB1RA_1RD1LD_0RB0RD	2	2	0	110
1RB1RC_1LB1RC_0LC0RD_1LD0LA	2	2	0	403
1RB1RC_1LB1RC_0LD0RC_1LD1LA	2	2	0	336
1RB1RC_1LB1RC_0RD0LA_0RB0RD	2	2	0	99
1RB1RC_1LB1RC_0RD0LA_1LB0RD	2	2	0	193
1RB1RC_1LB1RC_0RD0RC_1LD1LA	2	2	0	212
1RB1RC_1LB1RC_1LD0RB_1RA1LC	2	2	0	206
1RB1RC_1LB1RC_1LD0RC_0RA1LB	2	2	0	99
1RB1RC_1LB1RC_1LD0RC_1LD1LA	2	2	0	240
1RB1RC_1LB1RC_1RA1LD_---0LC	2	2	0	102
1RB1RC_1LB1RC_1RD0LA_0RB0RD	2	2	0	204
1RB1RC_1LC---_0LD0RD_1RA1LD	2	2	0	196
1RB1RC_1LC---_0LD1RA_0RA1LD	2	2	0	92
1RB1RC_1LC---_0LD1RA_1RA1LD	2	2	0	128
1RB1RC_1LC---_0LD1RA_1RC1LD	2	2	0	136
1RB1RC_1LC---_0RD0LD_1LB0RA	3	2	0	257
1RB1RC_1LC---_1LD1RA_0RA1LD	2	2	0	131
1RB1RC_1LC---_1LD1RA_0RC1LD	2	2	0	128
1RB1RC_1LC---_1LD1RA_1RC1LD	2	2	0	114
1RB1RC_1LC---_1RD0LC_0LA0RD	2	2	0	242
1RB1RC_1LC---_1RD0LC_0LA1RA	2	2	0	222
1RB1RC_1LC---_1RD0LC_0LA1RB	2	2	0	232
1RB1RC_1LC0LA_0RA1LD_0LC---	2	2	0	158
1RB1RC_1LC0LA_0RD1LB_---1RA	2	2	0	120
1RB1RC_1LC0LA_0RD1LB_---1RB	2	2	0	156
1RB1RC_1LC0LA_0RD1RA_1LD0LB	2	2	0	343
1RB1RC_1LC0LA_0RD1RC_1LD0LB	2	2	0	343
1RB1RC_1LC0LA_1LB1RD_---1RC	2	2	0	229
1RB1RC_1LC0LA_1LD1RA_---1LB	2	2	0	175
1RB1RC_1LC0LA_1LD1RC_---1LB	2	2	0	175
1RB1RC_1LC0LA_1RA0LD_0LB1LC	2	2	0	100
1RB1RC_1LC0LA_1RA1LD_0RA0LC	2	2	0	154
1RB1RC_1LC0LA_1RA1LD_1RA0LC	2	2	0	160
1RB1RC_1LC0LA_1RC1LD_1LA0LD	2	2	0	90
1RB1RC_1LC0LA_1RD0LD_1RC1RB	2	2	0	256
1RB1RC_1LC0LA_1RD0LD_1RD1RB	2	2	0	256
1RB1RC_1LC0LB_0RC1RD_1LA1LB	2	2	0	327
1RB1RC_1LC0LB_0RD1LA_0RA0RC	3	2	0	300
1RB1RC_1LC0LB_0RD1LA_0RA1LD	3	2	0	254
1RB1RC_1LC0LB_0RD1LA_0RA1RC	3	2	0	244
1RB1RC_1LC0LB_1LD1LB_0RD1RA	2	2	0	133
1RB1RC_1LC0LB_1LD1LB_1RD1RA	2	2	0	181
1RB1RC_1LC0LB_1RA0LD_0LB0RD	2	2	0	138
1RB1RC_1LC0LB_1RA0LD_0LB1LC	2	2	0	104
1RB1RC_1LC0LB_1RA0LD_0RA1LC	2	2	0	105
1RB1RC_1LC0LB_1RA0LD_1RA1LC	2	2	0	98
1RB1RC_1LC0LB_1RA1LD_0RA0RB	2	2	0	132
1RB1RC_1LC0LB_1RA1LD_0RD0RB	2	2	0	130
1RB1RC_1LC0LB_1RA1LD_1LA0RB	2	2	0	172
1RB1RC_1LC0LB_1RA1LD_1RB0RB	2	2	0	140
1RB1RC_1LC0LB_1RC1RD_1LA1LB	2	2	0	150
1RB1RC_1LC0LB_1RD1RA_1LB0RB	2	2	0	200
1RB1RC_1LC0LC_0RD1LB_0RC1RA	3	2	0	643
1RB1RC_1LC0LC_0RD1LB_1RD0RA	2	2	0	149
1RB1RC_1LC0LC_1RA0LD_0LB1LC	2	2	0	99
1RB1RC_1LC0LC_1RA0LD_1RA1LC	2	2	0	105
1RB1RC_1LC0LC_1RD0LC_0LA1LB	2	2	0	316
1RB1RC_1LC0LC_1RD1LB_1LB0RA	3	2	0	1906
1RB1RC_1LC0LD_0RA1LD_0LC1LC	2	2	0	202
1RB1RC_1LC0LD_0RA1LD_0LC1RC	2	2	0	158
1RB1RC_1LC0LD_1RA0LD_0RA1LC	2	2	0	96
1RB1RC_1LC0LD_1RC1LB_0RA1RD	2	2	0	129
1RB1RC_1LC0LD_1RD0RC_1LB1LA	2	2	0	205
1RB1RC_1LC0LD_1RD1LB_0RC0RA	2	2	0	102
1RB1RC_1LC0RA_---0LD_1LA0LA	2	2	0	321
1RB1RC_1LC0RA_---1LD_1LA0LD	2	2	0	152
1RB1RC_1LC0RA_0LB0LD_1LA0RB	4	2	0	332
1RB1RC_1LC0RA_0LD1LA_0RA1LC	2	2	0	147
1RB1RC_1LC0RA_0LD1LA_1LA1LC	2	2	0	124
1RB1RC_1LC0RA_0LD1RA_1LA1LD	2	2	0	122
1RB1RC_1LC0RA_0LD1RC_1LA1LD	2	2	0	158
1RB1RC_1LC0RA_0RA1LD_0LC---	2	2	0	114
1RB1RC_1LC0RA_0RD0LB_1LA0RD	2	2	0	74
1RB1RC_1LC0RA_0RD0LB_1LA1LD	2	2	0	152
1RB1RC_1LC0RA_1LD0LB_1LA1LB	3	2	0	609
1RB1RC_1LC0RA_1LD0LB_1LA1RB	2	2	0	164
1RB1RC_1LC0RA_1LD0LB_1LA1RC	2	2	0	230
1RB1RC_1LC0RA_1LD0LB_1LA1RD	2	2	0	359
1RB1RC_1LC0RA_1LD0LB_1RB0LA	4	2	0	912
1RB1RC_1LC0RA_1LD0LB_1RB0LD	4	2	0	912
1RB1RC_1LC0RA_1LD0LB_1RB1RC	2	2	0	140
1RB1RC_1LC0RA_1LD0LB_1RB1RD	2	2	0	377
1RB1RC_1LC0RA_1LD0RA_1LA1LC	2	2	0	93
1RB1RC_1LC0RA_1LD1RA_1LA1LD	2	2	0	110
1RB1RC_1LC0RA_1LD1RC_1LA1LD	2	2	0	127
1RB1RC_1LC0RA_1RA0LD_0LB1LC	4	2	0	474
1RB1RC_1LC0RA_1RC1LD_1LC1RB	2	2	0	86
1RB1RC_1LC0RA_1RD0LB_0RA1LB	2	2	0	80
1RB1RC_1LC0RA_1RD0LB_0RA1RB	2	2	0	78
1RB1RC_1LC0RA_1RD0LB_0RB1RB	2	2	0	280
1RB1RC_1LC0RA_1RD0LB_1LA1LD	2	2	0	80
1RB1RC_1LC0RA_1RD0LB_1LD1RB	2	2	0	82
1RB1RC_1LC0RA_1RD0LB_1RA1LB	2	2	0	101
1RB1RC_1LC0RA_1RD0LB_1RA1RB	2	2	0	274
1RB1RC_1LC0RA_1RD0LB_1RB0LA	2	2	0	103
1RB1RC_1LC0RB_0LC1RD_1LA1LD	2	2	0	295
1RB1RC_1LC0RB_0LD1RD_0RB1LA	2	2	0	279
1RB1RC_1LC0RB_0RD0LC_1RA1LB	2	2	0	351
1RB1RC_1LC0RB_0RD1RA_1LD0LC	2	2	0	201
1RB1RC_1LC0RB_1LB0LD_1RD0LA	2	2	0	161
1RB1RC_1LC0RB_1LB1LD_0RA1LA	2	2	0	161
1RB1RC_1LC0RB_1LB1LD_1RA0RB	2	2	0	149
1RB1RC_1LC0RB_1LC1LD_0RA0LD	2	2	0	215
1RB1RC_1LC0RB_1LC1LD_0RA1LA	2	2	0	161
1RB1RC_1LC0RB_1LC1LD_0RA1RB	2	2	0	199
1RB1RC_1LC0RB_1LC1LD_1RA0LD	2	2	0	140
1RB1RC_1LC0RB_1LC1LD_1RA0RB	2	2	0	149
1RB1RC_1LC0RB_1LC1LD_1RA1LA	2	2	0	141
1RB1RC_1LC0RB_1LC1LD_1RA1RB	2	2	0	236
1RB1RC_1LC0RB_1LC1LD_1RD1LA	2	2	0	133
1RB1RC_1LC0RB_1LD0RA_1LD1LA	2	2	0	123
1RB1RC_1LC0RB_1LD1RA_1LD0LC	2	2	0	173
1RB1RC_1LC0RB_1RA0LD_0LB1LC	2	2	0	95
1RB1RC_1LC0RB_1RA0LD_0RA1LC	2	2	0	108
1RB1RC_1LC0RB_1RA0LD_1LA1LC	2	2	0	106
1RB1RC_1LC0RB_1RA0LD_1RA1LC	2	2	0	98
1RB1RC_1LC0RB_1RA1LD_0RA0LC	2	2	0	237
1RB1RC_1LC0RB_1RA1LD_1RA0LC	2	2	0	216
1RB1RC_1LC0RC_0LD1RA_1LA1LD	2	2	0	142
1RB1RC_1LC0RC_0LD1RC_1LA1LD	2	2	0	158
1RB1RC_1LC0RC_0RA0LD_0LB---	3	2	0	177
1RB1RC_1LC0RC_1LA0LD_0RB0LC	2	2	0	150
1RB1RC_1LC0RC_1LA0LD_0RB1LA	2	2	0	398
1RB1RC_1LC0RC_1LA1LD_1LA0LD	2	2	0	313
1RB1RC_1LC0RC_1LD0LC_1RB1LA	2	2	0	291
1RB1RC_1LC0RC_1LD0RA_1LA1LC	2	2	0	234
1RB1RC_1LC0RC_1LD1RA_1LA1LD	2	2	0	118
1RB1RC_1LC0RC_1LD1RC_1LA1LD	2	2	0	127
1RB1RC_1LC0RC_1RA0LD_0LB1LC	2	2	0	90
1RB1RC_1LC0RC_1RA0LD_1LA1LC	2	2	0	94
1RB1RC_1LC0RC_1RA1LD_0RA0LC	2	2	0	322
1RB1RC_1LC0RC_1RA1LD_1RA0LC	2	2	0	218
1RB1RC_1LC0RC_1RC1LD_1RA0LD	2	2	0	125
1RB1RC_1LC0RD_---0LD_1LA1RB	3	2	0	502
1RB1RC_1LC0RD_---1LD_1LA0LD	2	2	0	299
1RB1RC_1LC0RD_0LB1LD_0RB1RA	2	2	0	116
1RB1RC_1LC0RD_0LB1RA_0RB---	2	2	0	99
1RB1RC_1LC0RD_0LB1RA_1LD0LA	2	2	0	231
1RB1RC_1LC0RD_0LB1RB_1LD0LA	2	2	0	403
1RB1RC_1LC0RD_0LB1RC_1LD0LA	2	2	0	231
1RB1RC_1LC0RD_0LB1RD_0RB1LA	2	2	0	129
1RB1RC_1LC0RD_0LC0LD_1LA0LA	2	2	0	188
1RB1RC_1LC0RD_0LD0LC_1LA0RA	2	2	0	212
1RB1RC_1LC0RD_0LD0LC_1LA0RB	2	2	0	204
1RB1RC_1LC0RD_0LD0LC_1LA1LD	2	2	0	213
1RB1RC_1LC0RD_0RA1LD_0LC1LC	2	2	0	158
1RB1RC_1LC0RD_0RB1RA_1LD0LC	2	2	0	401
1RB1RC_1LC0RD_0RD0LC_1LA1LD	2	2	0	334
1RB1RC_1LC0RD_1LA0LB_1RB0RA	2	2	0	132
1RB1RC_1LC0RD_1LA0LB_1RB0RD	2	2	0	132
1RB1RC_1LC0RD_1LA0LB_1RB1RA	2	2	0	208
1RB1RC_1LC0RD_1LA0LB_1RB1RC	2	2	0	140
1RB1RC_1LC0RD_1LA0LB_1RB1RD	2	2	0	208
1RB1RC_1LC0RD_1LA0LC_0LD0RB	2	2	0	486
1RB1RC_1LC0RD_1LA0LC_1LA1LC	2	2	0	156
1RB1RC_1LC0RD_1LA0LC_1LA1LD	2	2	0	156
1RB1RC_1LC0RD_1LA0LC_1LA1RA	2	2	0	112
1RB1RC_1LC0RD_1LA0LC_1LA1RB	2	2	0	206
1RB1RC_1LC0RD_1LA0LC_1RD0RA	2	2	0	97
1RB1RC_1LC0RD_1LA0LC_1RD0RB	2	2	0	152
1RB1RC_1LC0RD_1LA0LC_1RD1LB	2	2	0	262
1RB1RC_1LC0RD_1LA0LC_1RD1LC	2	2	0	117
1RB1RC_1LC0RD_1LA0LC_1RD1RA	2	2	0	91
1RB1RC_1LC0RD_1LA0LC_1RD1RB	2	2	0	144
1RB1RC_1LC0RD_1LC1LD_1RA0RB	2	2	0	129
1RB1RC_1LC0RD_1LD1LB_0RA1RB	2	2	0	123
1RB1RC_1LC0RD_1LD1LB_1RA1RB	2	2	0	106
1RB1RC_1LC0RD_1LD1LC_1LA1RD	2	2	0	433
1RB1RC_1LC0RD_1LD1RA_1LA0LD	2	2	0	126
1RB1RC_1LC0RD_1LD1RC_1LA0LD	2	2	0	142
1RB1RC_1LC0RD_1RA0LD_0LB1LC	2	2	0	96
1RB1RC_1LC0RD_1RA1LD_1LC1RB	2	2	0	132
1RB1RC_1LC0RD_1RA1LD_1RA0LC	2	2	0	218
1RB1RC_1LC0RD_1RD0LB_1RB0LA	2	2	0	103
1RB1RC_1LC0RD_1RD0LC_0LA0LB	2	2	0	352
1RB1RC_1LC1LA_0LB0RD_0RC1LA	2	2	0	131
1RB1RC_1LC1LA_0LB0RD_0RC1RC	2	2	0	133
1RB1RC_1LC1LA_0LD0LC_1RD1LB	2	2	0	96
1RB1RC_1LC1LA_0RB0RD_1LD0LC	2	2	0	571
1RB1RC_1LC1LA_1LB1RD_0RC0RD	2	2	0	94
1RB1RC_1LC1LA_1LB1RD_1LB0RD	2	2	0	178
1RB1RC_1LC1LA_1LB1RD_1LC0RD	2	2	0	180
1RB1RC_1LC1LA_1LD0RA_1LA1LC	2	2	0	99
1RB1RC_1LC1LA_1RA0LD_0RA1LC	2	2	0	98
1RB1RC_1LC1LA_1RA1LD_0RA0LC	2	2	0	225
1RB1RC_1LC1LA_1RA1LD_1RA0LC	2	2	0	204
1RB1RC_1LC1LA_1RD0LC_0LA1LB	2	2	0	334
1RB1RC_1LC1LA_1RD0LC_1RD1LB	2	2	0	190
1RB1RC_1LC1LB_0RA0LD_1RA1LD	2	2	0	119
1RB1RC_1LC1LB_0RA0RD_1LB1RD	2	2	0	178
1RB1RC_1LC1LB_1LB1LD_1RA0RA	2	2	0	249
1RB1RC_1LC1LB_1LB1LD_1RD0RA	2	2	0	237
1RB1RC_1LC1LB_1RA0RD_0LB1RD	2	2	0	857
1RB1RC_1LC1LB_1RA0RD_1LB1RD	2	2	0	597
1RB1RC_1LC1LB_1RA1LD_1RA0LC	2	2	0	252
1RB1RC_1LC1LB_1RC0LD_0RA1RD	2	2	0	134
1RB1RC_1LC1LB_1RD0LB_0RC0LA	2	3	0	468
1RB1RC_1LC1LB_1RD0LB_0RD0LA	2	2	0	158
1RB1RC_1LC1LB_1RD0LB_1LA0RC	2	2	0	120
1RB1RC_1LC1LB_1RD1RC_0LB0RA	2	2	0	134
1RB1RC_1LC1LB_1RD1RC_1LB0RA	2	2	0	106
1RB1RC_1LC1LC_1LD0RA_1LA1LC	2	2	0	82
1RB1RC_1LC1LC_1RA0LD_0LB1LC	2	2	0	94
1RB1RC_1LC1LD_0RA1LA_0LB0LD	2	2	0	95
1RB1RC_1LC1LD_0RB1RA_0LC0RD	2	2	0	419
1RB1RC_1LC1LD_1LB1RA_---0LA	2	2	0	175
1RB1RC_1LC1LD_1LB1RC_---0LA	2	2	0	175
1RB1RC_1LC1LD_1RA0LB_0LB1LA	2	2	0	123
1RB1RC_1LC1LD_1RA0LB_1RA1LA	2	2	0	119
1RB1RC_1LC1LD_1RA0RB_0LB1LA	2	2	0	161
1RB1RC_1LC1LD_1RA1LB_---0LB	2	2	0	80
1RB1RC_1LC1LD_1RA1LD_0RA0LC	2	2	0	217
1RB1RC_1LC1LD_1RA1LD_1RA0LC	2	2	0	198
1RB1RC_1LC1LD_1RD0LB_1RA0RC	3	2	0	423
1RB1RC_1LC1RA_0LB1LD_0RB0LC	2	2	0	102
1RB1RC_1LC1RA_0LC1LD_1RB0LC	2	2	0	128
1RB1RC_1LC1RA_1LB1LD_1RA0LD	2	2	0	165
1RB1RC_1LC1RA_1LB1LD_1RC0LD	2	2	0	280
1RB1RC_1LC1RA_1LC1LD_1RB0LC	2	2	0	128
1RB1RC_1LC1RA_1LD0LB_1LA0LA	3	2	0	495
1RB1RC_1LC1RA_1LD0LB_1LA1LD	3	2	0	319
1RB1RC_1LC1RA_1LD0RA_1LA1LC	2	2	0	222
1RB1RC_1LC1RA_1RA0LD_0LB1LC	2	2	0	98
1RB1RC_1LC1RA_1RA1LD_0RA0LC	2	2	0	112
1RB1RC_1LC1RA_1RA1LD_1RA0LC	2	2	0	118
1RB1RC_1LC1RA_1RC1LD_1RA0LD	2	2	0	117
1RB1RC_1LC1RA_1RD0LC_0LA0LB	2	2	0	242
1RB1RC_1LC1RB_0RB1LD_0RA1LC	2	2	0	165
1RB1RC_1LC1RB_1RA0LD_0RA1LC	2	2	0	102
1RB1RC_1LC1RB_1RA1LD_0RB0LB	2	2	0	197
1RB1RC_1LC1RB_1RA1LD_0RB1LC	2	2	0	157
1RB1RC_1LC1RB_1RA1LD_1RA0LC	2	2	0	266
1RB1RC_1LC1RB_1RB1LD_0RA1LC	2	2	0	144
1RB1RC_1LC1RB_1RD0LC_0LA0LB	2	2	0	334
1RB1RC_1LC1RB_1RD0LC_0LA1LB	2	2	0	242
1RB1RC_1LC1RC_0LD1RA_1RD0RB	2	2	0	126
1RB1RC_1LC1RC_0RD0LD_1RA0LB	3	2	0	374
1RB1RC_1LC1RC_1LD0RA_1LA1LC	2	2	0	152
1RB1RC_1LC1RC_1LD0RB_1RA1LC	2	2	0	206
1RB1RC_1LC1RC_1RA0LD_0LB1LC	2	2	0	95
1RB1RC_1LC1RC_1RA1LD_0RA0LC	2	2	0	198
1RB1RC_1LC1RC_1RA1LD_1RA0LC	2	2	0	189
1RB1RC_1LC1RD_0LB0LD_1RA0RC	2	2	0	160
1RB1RC_1LC1RD_0LB0LD_1RA1LC	2	2	0	128
1RB1RC_1LC1RD_0LD0LB_0RA1LB	4	2	0	509
1RB1RC_1LC1RD_0RB1LC_1LA1RB	2	2	0	157
1RB1RC_1LC1RD_0RD1LB_---0RA	2	2	0	117
1RB1RC_1LC1RD_0RD1LC_0LA1RB	2	2	0	93
1RB1RC_1LC1RD_0RD1LC_1LA1RB	2	2	0	157
1RB1RC_1LC1RD_1LA0LC_1RD0RA	2	2	0	70
1RB1RC_1LC1RD_1LA0LC_1RD0RB	2	2	0	126
1RB1RC_1LC1RD_1LA1LB_0LC0RB	2	2	0	216
1RB1RC_1LC1RD_1LA1LB_1LC0RB	2	2	0	198
1RB1RC_1LC1RD_1LD0RA_1LA1LC	2	2	0	99
1RB1RC_1LC1RD_1LD1LB_0RA0RA	2	2	0	83
1RB1RC_1LC1RD_1LD1LB_0RB0RA	2	2	0	79
1RB1RC_1LC1RD_1RA1LB_1LC0RB	2	2	0	132
1RB1RC_1LC1RD_1RA1LD_1RA0LC	2	2	0	189
1RB1RC_1LC1RD_1RB1LC_---0LA	2	2	0	174
1RB1RC_1LC1RD_1RC1LB_---0RA	2	2	0	86
1RB1RC_1LC1RD_1RC1LB_0RA0LB	2	2	0	114
1RB1RC_1LC1RD_1RD1LB_---0RA	2	2	0	80
1RB1RC_1LC1RD_1RD1LC_1LA1RB	2	2	0	130
1RB1RC_1RC---_0LC0RD_1LD0LA	2	2	0	265
1RB1RC_1RC---_0LD0RD_1RA1LD	2	2	0	180
1RB1RC_1RC---_0LD1RA_0RA1LD	2	2	0	82
1RB1RC_1RC---_0LD1RA_1RA1LD	2	2	0	120
1RB1RC_1RC---_0LD1RA_1RC1LD	2	2	0	130
1RB1RC_1RC---_0RD0RC_1LD0LA	2	2	0	227
1RB1RC_1RC---_1LD0LA_1LC0RD	2	2	0	135
1RB1RC_1RC---_1LD0RC_1LC0LA	2	2	0	154
1RB1RC_1RC---_1LD0RC_1LD0LA	2	2	0	154
1RB1RC_1RC---_1LD0RD_---0LA	2	2	0	263
1RB1RC_1RC---_1LD1RA_0RA1LD	2	2	0	125
1RB1RC_1RC---_1LD1RA_0RC1LD	2	2	0	122
1RB1RC_1RC---_1LD1RA_1RC1LD	2	2	0	106
1RB1RC_1RC0LA_1LB0RD_---0LA	2	2	0	263
1RB1RC_1RC0LA_1LB1RD_---1RA	3	2	0	775
1RB1RC_1RC0LA_1LB1RD_---1RC	2	2	0	217
1RB1RC_1RC0LA_1RD0LB_1LC0RC	2	2	0	311
1RB1RC_1RC0LB_0LD1RD_1LA1LB	2	2	0	160
1RB1RC_1RC0LC_1RD0RC_1LB1LA	2	2	0	298
1RB1RC_1RC0LD_1LD0RB_1RA0LC	2	3	0	253
1RB1RC_1RC0LD_1RD0LA_1LB0RC	2	2	0	179
1RB1RC_1RC0RA_0LD1LA_0RA1LC	2	2	0	153
1RB1RC_1RC0RA_0LD1LA_1LA1LC	2	2	0	124
1RB1RC_1RC0RA_0LD1RA_1LA1LD	2	2	0	112
1RB1RC_1RC0RA_0LD1RC_1LA1LD	2	2	0	156
1RB1RC_1RC0RA_0RD0RC_1LD1LA	2	3	0	402
1RB1RC_1RC0RA_1LC1LD_1LC1LA	2	2	0	349
1RB1RC_1RC0RA_1LD1RA_1LA1LD	2	2	0	104
1RB1RC_1RC0RA_1LD1RC_1LA1LD	2	2	0	125
1RB1RC_1RC0RB_1LD0RB_1LA0LC	2	2	0	67
1RB1RC_1RC0RB_1LD0RC_0RA0LB	2	2	0	324
1RB1RC_1RC0RC_0LD0RC_1LD1LA	2	2	0	169
1RB1RC_1RC0RC_0LD1RA_1LA1LD	2	2	0	136
1RB1RC_1RC0RC_0LD1RC_1LA1LD	2	2	0	156
1RB1RC_1RC0RC_0RD0RC_1LD1LA	2	2	0	113
1RB1RC_1RC0RC_1LA1LD_0LC0LD	2	2	0	284
1RB1RC_1RC0RC_1LA1LD_1LA0LD	2	2	0	290
1RB1RC_1RC0RC_1LD0LC_1RB1LA	2	2	0	283
1RB1RC_1RC0RC_1LD0LD_1RB1LA	2	2	0	356
1RB1RC_1RC0RC_1LD0RB_0LD0LA	2	2	0	172
1RB1RC_1RC0RC_1LD0RB_0RA0LB	2	2	0	332
1RB1RC_1RC0RC_1LD0RB_1LC0LA	2	2	0	154
1RB1RC_1RC0RC_1LD0RB_1LD0LA	2	2	0	154
1RB1RC_1RC0RC_1LD0RB_1RA0LC	2	2	0	176
1RB1RC_1RC0RC_1LD0RC_0RA0LB	2	2	0	342
1RB1RC_1RC0RC_1LD0RC_1LC1LA	2	2	0	121
1RB1RC_1RC0RC_1LD0RC_1LD1LA	2	2	0	121
1RB1RC_1RC0RC_1LD1RA_0LA0LB	2	2	0	217
1RB1RC_1RC0RC_1LD1RA_1LA1LD	2	2	0	110
1RB1RC_1RC0RC_1LD1RC_0LA0LB	2	2	0	217
1RB1RC_1RC0RC_1LD1RC_1LA1LD	2	2	0	125
1RB1RC_1RC0RD_0LB0LA_1LD1LA	2	2	0	345
1RB1RC_1RC0RD_0LB0LB_1LD1LA	2	2	0	301
1RB1RC_1RC0RD_0LB0RD_1LD0LA	2	2	0	265
1RB1RC_1RC0RD_0LB1LB_1LD0LA	2	2	0	403
1RB1RC_1RC0RD_0LB1RA_1LD0LA	2	2	0	219
1RB1RC_1RC0RD_0LB1RC_1LD0LA	2	2	0	219
1RB1RC_1RC0RD_0LC1LD_1LA0LD	2	2	0	293
1RB1RC_1RC0RD_0LD0LC_1LA1LD	2	2	0	210
1RB1RC_1RC0RD_1LA0LB_1LD1LA	2	2	0	303
1RB1RC_1RC0RD_1LA1LC_---1RB	2	2	0	96
1RB1RC_1RC0RD_1LA1LD_1LA0LD	2	2	0	283
1RB1RC_1RC0RD_1LB1LD_1LA0LD	2	2	0	297
1RB1RC_1RC0RD_1LC1LD_1LA0LD	2	2	0	293
1RB1RC_1RC0RD_1LD0LA_1LA0LD	2	2	0	293
1RB1RC_1RC0RD_1LD0LA_1LC0RB	2	2	0	135
1RB1RC_1RC0RD_1LD0LB_1LA0LA	2	2	0	355
1RB1RC_1RC0RD_1LD1LC_1LA1RD	2	2	0	457
1RB1RC_1RC0RD_1LD1LD_1LA0LD	2	2	0	281
1RB1RC_1RC0RD_1LD1RA_1LA0LD	2	2	0	120
1RB1RC_1RC0RD_1LD1RB_1LA0LD	2	2	0	194
1RB1RC_1RC0RD_1LD1RC_1LA0LD	2	2	0	140
1RB1RC_1RC0RD_1RD1LC_1LA0LB	2	2	0	257
1RB1RC_1RC0RD_1RD1LD_1LA0LD	2	2	0	269
1RB1RC_1RC1LA_0LD0LC_1RD1LB	2	2	0	107
1RB1RC_1RC1LA_0LD0RB_1RB1LC	2	2	0	129
1RB1RC_1RC1LA_0LD0RC_1LD1LA	2	2	0	185
1RB1RC_1RC1LA_0RD0RC_1LD0RB	2	2	0	95
1RB1RC_1RC1LA_0RD0RC_1LD1LA	2	2	0	119
1RB1RC_1RC1LA_0RD0RC_1LD1RB	2	2	0	87
1RB1RC_1RC1LA_1LD0RB_1LA0LC	2	2	0	111
1RB1RC_1RC1LA_1LD0RB_1LB0LC	2	2	0	107
1RB1RC_1RC1LA_1LD0RB_1RA0LC	2	2	0	131
1RB1RC_1RC1LA_1LD0RC_0RA0LB	2	3	0	539
1RB1RC_1RC1LA_1LD0RC_1LC1LA	2	2	0	129
1RB1RC_1RC1LA_1LD0RC_1LD0RB	2	2	0	189
1RB1RC_1RC1LA_1LD0RC_1LD1LA	2	2	0	129
1RB1RC_1RC1LA_1LD0RC_1LD1RB	2	2	0	171
1RB1RC_1RC1LB_0LB1RD_---1RA	3	2	0	264
1RB1RC_1RC1LB_0LB1RD_0LA1RC	2	2	0	154
1RB1RC_1RC1LB_0LD0RC_1LD1LA	2	2	0	105
1RB1RC_1RC1LB_0RD0RC_1LD1LA	2	2	0	81
1RB1RC_1RC1LB_0RD1RA_1LD0LB	2	2	0	117
1RB1RC_1RC1LB_1LA1RD_0LB1RC	2	2	0	148
1RB1RC_1RC1LB_1LB1RD_---1RA	3	2	0	431
1RB1RC_1RC1LB_1LB1RD_0LA0RB	2	2	0	175
1RB1RC_1RC1LB_1LB1RD_0LA1RC	2	2	0	129
1RB1RC_1RC1LB_1LD0RB_1RA0LC	2	2	0	127
1RB1RC_1RC1LB_1LD0RC_0RA0LB	2	3	0	519
1RB1RC_1RC1LB_1LD0RC_1LD1LA	2	2	0	139
1RB1RC_1RC1LB_1RD1RA_1LD0LB	2	2	0	528
1RB1RC_1RC1LC_0LB0RD_0LA1LD	2	2	0	263
1RB1RC_1RC1LC_0RD0LA_1LD0LB	2	2	0	347
1RB1RC_1RC1LC_1LD0RC_0LA0LB	3	2	0	426
1RB1RC_1RC1LC_1LD0RC_0RB0LA	2	2	0	264
1RB1RC_1RC1LC_1LD0RD_1RA0LB	3	2	0	230
1RB1RC_1RC1LD_0LB1RB_---0LA	2	2	0	163
1RB1RC_1RC1LD_0LB1RC_1RA1LB	2	2	0	148
1RB1RC_1RC1LD_0LD0RB_0RC1LA	2	2	0	466
1RB1RC_1RC1LD_0LD0RC_0RB1LA	2	2	0	348
1RB1RC_1RC1LD_0LD1RC_1RA1LB	2	2	0	148
1RB1RC_1RC1LD_0RD0RC_1LA0RB	2	2	0	203
1RB1RC_1RC1LD_0RD0RC_1LA1LA	2	2	0	141
1RB1RC_1RC1LD_0RD0RC_1LC1LA	2	2	0	151
1RB1RC_1RC1LD_1LA0RC_---1LA	2	2	0	279
1RB1RC_1RC1LD_1LA0RC_1LA0RB	2	2	0	405
1RB1RC_1RC1LD_1LA1RD_1LB0RC	2	2	0	214
1RB1RC_1RC1LD_1LB0RD_---0LA	2	2	0	209
1RB1RC_1RC1LD_1LB1RA_---0LA	2	2	0	163
1RB1RC_1RC1LD_1LB1RA_---1LB	2	2	0	106
1RB1RC_1RC1LD_1LB1RC_---0LA	2	2	0	163
1RB1RC_1RC1LD_1LD0RB_0RC1LA	2	2	0	234
1RB1RC_1RC1LD_1LD0RC_0LB1LA	2	2	0	295
1RB1RC_1RC1LD_1LD0RC_0RA1LA	2	2	0	170
1RB1RC_1RC1LD_1LD0RC_0RD1LA	2	2	0	331
1RB1RC_1RC1LD_1LD0RC_1LA0RB	2	2	0	421
1RB1RC_1RC1LD_1LD0RC_1LA1LA	2	2	0	295
1RB1RC_1RC1LD_1LD0RC_1RB1LA	2	2	0	313
1RB1RC_1RC1LD_1LD1RC_1RA1LB	2	2	0	119
1RB1RC_1RC1LD_1RD0RC_0LB1LA	2	2	0	215
1RB1RC_1RC1LD_1RD0RC_0LD1LA	2	2	0	288
1RB1RC_1RC1LD_1RD0RC_1LD1LA	2	2	0	131
1RB1RC_1RC1LD_1RD1RA_0LD1LB	2	2	0	118
1RB1RC_1RC1RA_0LD0RC_1LD1LA	2	2	0	511
1RB1RC_1RC1RA_0RD0RC_1LD1LA	2	2	0	319
1RB1RC_1RC1RA_0RD0RC_1LD1LB	2	2	0	87
1RB1RC_1RC1RA_1LD0RC_1LC1LA	2	2	0	361
1RB1RC_1RC1RA_1LD0RC_1LD1LA	2	2	0	361
1RB1RC_1RC1RA_1LD0RC_1LD1LB	2	2	0	171
1RB1RC_1RC1RA_1LD0RD_1LB0LD	2	2	0	140
1RB1RC_1RC1RB_1LD0RB_1RA0LC	2	2	0	168
1RB1RC_1RC1RB_1LD0RC_0RA0LB	2	2	0	339
1RB1RC_1RC1RC_0LD0RC_1LD1LA	2	2	0	338
1RB1RC_1RC1RC_0RD0RC_1LD1LA	2	2	0	208
1RB1RC_1RC1RC_1LD0RB_1RA1LC	2	2	0	201
1RB1RC_1RC1RC_1LD0RC_1LD1LA	2	2	0	250
1RB1RC_1RC1RD_0LD0RC_1LD1LA	2	2	0	354
1RB1RC_1RC1RD_0RD0RC_1LD1LA	2	2	0	214
1RB1RC_1RC1RD_1LA1LC_---0RB	2	2	0	108
1RB1RC_1RC1RD_1LA1LC_---1RB	2	2	0	74
1RB1RC_1RC1RD_1LD0LB_0RD0LA	2	2	0	309
1RB1RC_1RC1RD_1LD0RB_1RA0LC	2	2	0	291
1RB1RC_1RC1RD_1LD0RC_1LD1LA	2	2	0	258
1RB1RD_0LB0LC_1LD1LC_1RD1RA	2	2	0	88
1RB1RD_0LB0LC_1RA1LC_0LC0RC	2	2	0	209
1RB1RD_0LB0LC_1RA1LC_0LC1RA	2	2	0	164
1RB1RD_0LB0LC_1RD1LA_1RA1LB	2	2	0	180
1RB1RD_0LB0LC_1RD1LB_1LA1RA	2	2	0	186
1RB1RD_0LB0LC_1RD1LB_1RA---	2	2	0	128
1RB1RD_0LB0LC_1RD1LC_0LC1RA	2	2	0	162
1RB1RD_0LB1LC_0LD1LA_1RA0RD	2	2	0	172
1RB1RD_0LB1LC_0LD1RA_0RA0LB	3	2	0	293
1RB1RD_0LB1LC_0LD1RA_0RA0RB	3	2	0	353
1RB1RD_0LB1LC_0RA0LB_1LA1RA	2	2	0	109
1RB1RD_0LB1LC_0RA0LB_1RA---	2	2	0	77
1RB1RD_0LB1LC_0RA0RD_1RA1LB	2	2	0	103
1RB1RD_0LB1LC_0RA1LA_1LA0RD	2	2	0	321
1RB1RD_0LB1LC_0RA1LA_1RA0LB	2	2	0	103
1RB1RD_0LB1LC_0RA1LA_1RA0RD	2	2	0	174
1RB1RD_0LB1LC_0RA1LB_1LA1RA	2	2	0	104
1RB1RD_0LB1LC_0RA1LB_1LB1RA	2	2	0	161
1RB1RD_0LB1LC_0RA1LB_1RA0LA	2	2	0	126
1RB1RD_0LB1LC_0RA1LB_1RA1RA	2	2	0	94
1RB1RD_0LB1LC_0RA1LB_1RA1RD	2	2	0	94
1RB1RD_0LB1LC_0RA1LC_1LC1RA	2	2	0	161
1RB1RD_0LB1LC_0RC1LD_1RA0LC	2	2	0	272
1RB1RD_0LB1LC_0RD0LB_1RA1RC	2	2	0	99
1RB1RD_0LB1LC_0RD0LB_1RA1RD	2	2	0	77
1RB1RD_0LB1LC_0RD1LC_1LC1RA	2	2	0	158
1RB1RD_0LB1LC_0RD1LD_1RA0LC	2	2	0	276
1RB1RD_0LB1LC_1LD0LB_1RA1RD	2	2	0	58
1RB1RD_0LB1LC_1LD0LC_0RA0LC	2	2	0	160
1RB1RD_0LB1LC_1LD1LA_1RA0RD	2	2	0	152
1RB1RD_0LB1LC_1LD1LB_0RA0RC	4	2	0	561
1RB1RD_0LB1LC_1LD1LB_0RA1RA	2	2	0	135
1RB1RD_0LB1LC_1LD1LB_1RA1RD	2	2	0	66
1RB1RD_0LB1LC_1LD1LD_1RA0LC	2	2	0	221
1RB1RD_0LB1LC_1LD1RC_0RA0LC	2	2	0	117
1RB1RD_0LB1LC_1RA1LA_0LC0RD	2	2	0	292
1RB1RD_0LB1LC_1RA1LA_0RC0RD	2	2	0	220
1RB1RD_0LB1LC_1RA1LA_1LA0RD	2	2	0	321
1RB1RD_0LB1LC_1RA1LA_1RA0RD	2	2	0	174
1RB1RD_0LB1LC_1RA1LB_0LD0RC	3	2	0	258
1RB1RD_0LB1LC_1RA1LB_0LD1RA	2	2	0	138
1RB1RD_0LB1LC_1RA1LB_1LC0RB	2	2	0	160
1RB1RD_0LB1LC_1RA1LB_1LC1RA	2	2	0	114
1RB1RD_0LB1LC_1RA1LB_1LC1RD	2	2	0	114
1RB1RD_0LB1LC_1RA1LB_1RB0RB	2	2	0	174
1RB1RD_0LB1LC_1RA1LB_1RB1RA	2	2	0	128
1RB1RD_0LB1LC_1RA1LB_1RB1RD	2	2	0	128
1RB1RD_0LB1LC_1RA1LB_1RC0RA	4	2	0	733
1RB1RD_0LB1LC_1RA1LB_1RC0RB	2	2	0	148
1RB1RD_0LB1LC_1RA1LB_1RC1RA	2	2	0	110
1RB1RD_0LB1LC_1RA1LB_1RC1RD	2	2	0	110
1RB1RD_0LB1LC_1RA1LC_0LC1RA	2	2	0	122
1RB1RD_0LB1LC_1RC1LA_1LA0RD	2	2	0	281
1RB1RD_0LB1LC_1RC1LA_1RA0RD	2	2	0	152
1RB1RD_0LB1LC_1RC1LD_1RA0LC	2	2	0	242
1RB1RD_0LB1LC_1RD0LC_1LD1RA	2	2	0	255
1RB1RD_0LB1LC_1RD1LA_1LA0RD	2	2	0	279
1RB1RD_0LB1LC_1RD1LA_1RA0RD	2	2	0	150
1RB1RD_0LB1LC_1RD1LB_---1RA	2	2	0	128
1RB1RD_0LB1LC_1RD1LB_1RA0LA	2	2	0	186
1RB1RD_0LB1LC_1RD1LB_1RA0RD	3	2	0	244
1RB1RD_0LB1LC_1RD1LC_---1RA	2	2	0	128
1RB1RD_0LB1LC_1RD1LD_1RA0LC	2	2	0	244
1RB1RD_0LB1RC_1LC1LA_0LC0RD	2	2	0	350
1RB1RD_0LB1RC_1LC1LA_0RC0RD	2	2	0	226
1RB1RD_0LB1RC_1LC1LA_1LC0RD	2	2	0	238
1RB1RD_0LB1RC_1RD1LC_0LC1RA	2	2	0	136
1RB1RD_0LB1RC_1RD1LC_1LC1RA	2	2	0	114
1RB1RD_0LC---_0RA1LC_1LC1RA	2	2	0	161
1RB1RD_0LC---_0RA1LD_1LC0RA	2	2	0	118
1RB1RD_0LC---_0RD1LC_1LC1RA	2	2	0	158
1RB1RD_0LC---_0RD1LD_1LC0RA	2	2	0	179
1RB1RD_0LC---_1RA0LD_1RA1LC	2	2	0	122
1RB1RD_0LC---_1RA1LC_0LC1RA	2	2	0	122
1RB1RD_0LC---_1RA1LD_1LC0RA	2	2	0	226
1RB1RD_0LC---_1RC1LD_1LC0RA	2	2	0	128
1RB1RD_0LC---_1RD1LC_---1RA	2	2	0	128
1RB1RD_0LC---_1RD1LD_1LC0RA	2	2	0	110
1RB1RD_0LC0LA_0LD1LC_1RD1RB	2	2	0	114
1RB1RD_0LC0LA_1LA1LB_0RD1RA	4	2	0	610
1RB1RD_0LC0LA_1LA1LC_0RD1RA	2	2	0	140
1RB1RD_0LC0LA_1LA1LC_1RD1RB	2	2	0	124
1RB1RD_0LC0LA_1RC1LB_0LD0LB	2	2	0	112
1RB1RD_0LC0LA_1RC1LB_0RD1RA	4	2	0	689
1RB1RD_0LC0LA_1RD1LB_0RD1RA	4	2	0	657
1RB1RD_0LC0LB_1RC0LD_1LB0LA	2	2	0	205
1RB1RD_0LC0LB_1RC0RD_1LB1RA	2	2	0	2536
1RB1RD_0LC0LB_1RC1LD_0LB0LA	2	2	0	93
1RB1RD_0LC0LB_1RC1LD_1LB0LA	2	2	0	226
1RB1RD_0LC0LB_1RC1LD_1LB1RA	2	2	0	139
1RB1RD_0LC0LB_1RC1LD_1RA0LD	2	2	0	97
1RB1RD_0LC0LB_1RC1RD_1LA1LB	2	2	0	130
1RB1RD_0LC0LB_1RD1LB_1LA1RC	2	2	0	116
1RB1RD_0LC0LB_1RD1LB_1LD1RA	2	2	0	235
1RB1RD_0LC0LD_0RA1LD_1LB1RC	2	2	0	167
1RB1RD_0LC0LD_0RC1LD_1RA1LB	2	2	0	135
1RB1RD_0LC0LD_0RD0LD_1RA1LB	2	2	0	136
1RB1RD_0LC0LD_0RD1LD_1RA1LB	2	2	0	127
1RB1RD_0LC0LD_1LD0LD_1RA1LB	2	2	0	113
1RB1RD_0LC0LD_1LD0RB_1RA1LB	2	2	0	113
1RB1RD_0LC0LD_1LD1LD_1RA1LB	2	2	0	107
1RB1RD_0LC0LD_1RB1LD_1RA1LB	2	2	0	113
1RB1RD_0LC0LD_1RD0LB_1RA1LB	2	2	0	88
1RB1RD_0LC0LD_1RD1LA_1RA1LB	2	2	0	78
1RB1RD_0LC0LD_1RD1LB_1RA1LB	2	2	0	58
1RB1RD_0LC0RA_1LA0RD_1LB0RD	4	2	0	394
1RB1RD_0LC0RA_1LA1LC_0LC1RA	2	2	0	182
1RB1RD_0LC0RA_1LA1LC_0LC1RD	2	2	0	182
1RB1RD_0LC0RA_1LA1LC_1LC1RA	2	2	0	124
1RB1RD_0LC0RA_1LA1LC_1LC1RD	2	2	0	120
1RB1RD_0LC0RA_1LD1LC_1RB1RD	2	2	0	134
1RB1RD_0LC0RA_1RA1LB_0LB---	2	2	0	173
1RB1RD_0LC0RA_1RA1LB_0LC---	2	2	0	147
1RB1RD_0LC0RA_1RA1LB_0LD0RA	2	2	0	173
1RB1RD_0LC0RA_1RA1LB_0LD1LA	2	2	0	138
1RB1RD_0LC0RA_1RA1LB_0LD1LB	2	2	0	147
1RB1RD_0LC0RA_1RA1LB_0LD1RB	2	2	0	157
1RB1RD_0LC0RA_1RA1LB_0RA---	2	2	0	201
1RB1RD_0LC0RA_1RA1LB_0RC---	2	2	0	157
1RB1RD_0LC0RA_1RA1LB_0RD1LB	2	2	0	157
1RB1RD_0LC0RA_1RA1LB_0RD1RB	2	2	0	167
1RB1RD_0LC0RA_1RA1LB_1LA0LB	2	2	0	181
1RB1RD_0LC0RA_1RA1LB_1LA0LC	2	2	0	157
1RB1RD_0LC0RA_1RA1LB_1LA0LD	2	2	0	155
1RB1RD_0LC0RA_1RA1LB_1LA0RA	2	2	0	241
1RB1RD_0LC0RA_1RA1LB_1LA0RC	2	2	0	167
1RB1RD_0LC0RA_1RA1LB_1LA0RD	2	2	0	382
1RB1RD_0LC0RA_1RA1LB_1LB0RA	2	2	0	173
1RB1RD_0LC0RA_1RA1LB_1LC0LB	4	2	0	3426
1RB1RD_0LC0RA_1RA1LB_1LC0RA	2	2	0	147
1RB1RD_0LC0RA_1RA1LB_1LC0RC	4	2	0	1311
1RB1RD_0LC0RA_1RA1LB_1LC1RA	4	2	0	1842
1RB1RD_0LC0RA_1RA1LB_1LD0RA	2	2	0	173
1RB1RD_0LC0RA_1RA1LB_1LD1RB	2	2	0	241
1RB1RD_0LC0RA_1RA1LB_1RD0LB	2	2	0	177
1RB1RD_0LC0RA_1RA1LD_0LC1LA	2	2	0	137
1RB1RD_0LC0RA_1RD0RD_1LB1RA	2	2	0	147
1RB1RD_0LC0RB_0RD1LC_1LB1RA	2	2	0	325
1RB1RD_0LC0RB_1LC1LD_1RA0LD	2	2	0	194
1RB1RD_0LC0RB_1LC1LD_1RA1LB	2	2	0	199
1RB1RD_0LC0RB_1LC1LD_1RA1RB	2	2	0	563
1RB1RD_0LC0RB_1LC1RD_1LA1LD	2	2	0	103
1RB1RD_0LC0RB_1RA1LD_1LA1LC	2	2	0	322
1RB1RD_0LC0RB_1RA1LD_1RB1LC	2	2	0	359
1RB1RD_0LC0RB_1RC1LD_1RA0LD	2	2	0	107
1RB1RD_0LC0RC_1LA1LC_0LB0LD	2	2	0	109
1RB1RD_0LC0RC_1LA1LC_0LC0LD	2	2	0	208
1RB1RD_0LC0RC_1LA1LC_0RB0LD	2	2	0	148
1RB1RD_0LC0RC_1LA1LC_0RC0LD	2	2	0	292
1RB1RD_0LC0RC_1LA1LC_1LA0LD	2	2	0	140
1RB1RD_0LC0RC_1LA1LD_1LA0LD	2	2	0	140
1RB1RD_0LC0RC_1LA1LD_1RA0LD	2	2	0	135
1RB1RD_0LC0RC_1LA1RC_0LB1LD	2	2	0	207
1RB1RD_0LC0RC_1LA1RC_1LC1LD	2	2	0	437
1RB1RD_0LC0RC_1LC1LA_---0LB	2	2	0	282
1RB1RD_0LC0RC_1LC1LA_0LB0LA	2	2	0	320
1RB1RD_0LC0RC_1LD1LA_1LC0LB	2	2	0	282
1RB1RD_0LC0RC_1RC1LD_1LA0LD	2	2	0	107
1RB1RD_0LC0RD_0LC1LA_1RA1LB	3	2	0	343
1RB1RD_0LC0RD_0RA1LD_1LC1RB	2	2	0	256
1RB1RD_0LC0RD_1LA1LC_---1RA	2	2	0	134
1RB1RD_0LC0RD_1LA1LC_0LC1RD	2	2	0	182
1RB1RD_0LC0RD_1LA1LC_1LC1RD	2	2	0	120
1RB1RD_0LC0RD_1LA1LD_1LC0RA	2	2	0	215
1RB1RD_0LC0RD_1LC1LA_1RA1LB	2	3	0	202
1RB1RD_0LC1LA_0RA0RD_1LB1RA	2	2	0	147
1RB1RD_0LC1LA_0RB1LC_---1RA	2	2	0	152
1RB1RD_0LC1LA_0RD1RD_1LB0RD	2	2	0	259
1RB1RD_0LC1LA_1LA0RD_1LB1RA	2	2	0	112
1RB1RD_0LC1LA_1LC1LA_0LC0RD	2	2	0	211
1RB1RD_0LC1LA_1LC1LA_0RB0RD	2	2	0	159
1RB1RD_0LC1LA_1LC1LA_0RC0RD	2	2	0	134
1RB1RD_0LC1LA_1LC1LA_1LC0RD	2	2	0	143
1RB1RD_0LC1LA_1LC1LD_0RB0RD	2	2	0	171
1RB1RD_0LC1LA_1RA1LB_0RD0RC	4	2	0	481
1RB1RD_0LC1LA_1RA1LB_1LB0RA	2	2	0	195
1RB1RD_0LC1LA_1RA1LB_1LD0RA	2	2	0	232
1RB1RD_0LC1LA_1RA1LB_1RD0RC	4	2	0	488
1RB1RD_0LC1LA_1RB1LC_---1RA	2	2	0	140
1RB1RD_0LC1LA_1RC1LB_0LB0LD	2	2	0	124
1RB1RD_0LC1LA_1RC1LB_0LC0LD	2	2	0	88
1RB1RD_0LC1LA_1RC1LB_0RB0LD	2	2	0	184
1RB1RD_0LC1LA_1RC1LB_1RC0LD	2	2	0	168
1RB1RD_0LC1LA_1RD0RD_1LB1RA	2	2	0	112
1RB1RD_0LC1LB_0LD1LB_1RD1RA	2	2	0	114
1RB1RD_0LC1LB_0RD1LB_1RD1RA	2	2	0	135
1RB1RD_0LC1LB_1RD1LB_1RD0RA	3	2	0	246
1RB1RD_0LC1LC_0LD1LB_1RD1RA	2	2	0	114
1RB1RD_0LC1LC_0RD1LB_1RD1RA	2	2	0	135
1RB1RD_0LC1LD_0LD0LB_1RA0LB	2	2	0	124
1RB1RD_0LC1LD_0LD1LA_1RA0LB	2	2	0	123
1RB1RD_0LC1LD_0LD1RC_1RA0LB	2	2	0	136
1RB1RD_0LC1LD_0RB1LC_1RD1RA	2	2	0	140
1RB1RD_0LC1LD_0RD1LB_1RA0LB	2	2	0	234
1RB1RD_0LC1LD_1LD0LB_1RA0LB	2	2	0	136
1RB1RD_0LC1LD_1LD0LD_1RA0LB	2	2	0	96
1RB1RD_0LC1LD_1LD0RB_1RA0LB	2	2	0	79
1RB1RD_0LC1LD_1LD1LA_1RA0LB	2	2	0	132
1RB1RD_0LC1LD_1LD1LB_1RA0LB	2	2	0	237
1RB1RD_0LC1LD_1LD1LD_1RA0LB	2	2	0	73
1RB1RD_0LC1LD_1LD1RC_1RA0LB	2	2	0	100
1RB1RD_0LC1LD_1RA0LB_1RA0LB	2	2	0	140
1RB1RD_0LC1LD_1RA0RD_1LB0RA	2	2	0	109
1RB1RD_0LC1LD_1RA1LA_1RA0LB	2	2	0	138
1RB1RD_0LC1LD_1RA1LB_1LB0RA	2	2	0	100
1RB1RD_0LC1LD_1RB1LD_1RA0LB	2	2	0	77
1RB1RD_0LC1LD_1RC0RD_1LB0RA	2	2	0	195
1RB1RD_0LC1LD_1RC1LA_1LB0RA	2	2	0	145
1RB1RD_0LC1LD_1RC1LA_1RA0LB	2	2	0	146
1RB1RD_0LC1LD_1RC1RD_1LB0RA	2	2	0	198
1RB1RD_0LC1RA_0RA0RD_1LB0LB	3	2	0	501
1RB1RD_0LC1RA_0RA0RD_1LB1RA	2	2	0	139
1RB1RD_0LC1RA_0RA0RD_1LB1RB	3	2	0	437
1RB1RD_0LC1RA_0RB1LD_1LC0RA	2	2	0	171
1RB1RD_0LC1RA_1LA0RD_1LB1RA	2	2	0	100
1RB1RD_0LC1RA_1LA1LC_0LC0RD	4	2	0	274
1RB1RD_0LC1RA_1LA1LD_1LC0RA	2	2	0	209
1RB1RD_0LC1RA_1LC1LA_0LC0RD	2	2	0	505
1RB1RD_0LC1RA_1LC1LA_0RB0RD	2	2	0	374
1RB1RD_0LC1RA_1LC1LA_0RC0RD	2	2	0	315
1RB1RD_0LC1RA_1LC1LA_1LC0RD	2	2	0	345
1RB1RD_0LC1RA_1LD0RB_1RD1LC	2	2	0	198
1RB1RD_0LC1RA_1LD1LA_0LC0RD	2	2	0	304
1RB1RD_0LC1RA_1LD1LC_0RD1RB	3	2	0	561
1RB1RD_0LC1RA_1LD1LC_1RD0LB	3	2	0	355
1RB1RD_0LC1RA_1LD1LC_1RD1RB	3	2	0	275
1RB1RD_0LC1RA_1RA0RD_1LB0LB	3	2	0	528
1RB1RD_0LC1RA_1RA0RD_1LB1RB	3	2	0	462
1RB1RD_0LC1RA_1RB1LC_---0LB	3	2	0	684
1RB1RD_0LC1RA_1RB1LC_---0RC	3	2	0	364
1RB1RD_0LC1RA_1RB1LC_---1RA	2	2	0	128
1RB1RD_0LC1RA_1RB1LC_---1RB	3	2	0	532
1RB1RD_0LC1RA_1RB1LD_1LC0RA	2	2	0	118
1RB1RD_0LC1RA_1RD1LC_---0LB	3	2	0	694
1RB1RD_0LC1RA_1RD1LC_---1RB	3	2	0	524
1RB1RD_0LC1RB_0RA1LD_1RB1LC	2	2	0	192
1RB1RD_0LC1RB_1LD1LC_1RA0RB	2	2	0	949
1RB1RD_0LC1RB_1RB1LD_1RA1LC	2	2	0	100
1RB1RD_0LC1RC_0RD1LA_1LB0RD	2	2	0	278
1RB1RD_0LC1RC_1LC1LA_0LC0RD	2	2	0	344
1RB1RD_0LC1RC_1LC1LA_0RB0RD	2	2	0	261
1RB1RD_0LC1RC_1LC1LA_0RC0RD	2	2	0	228
1RB1RD_0LC1RC_1LC1LA_1LC0RD	2	2	0	244
1RB1RD_0LC1RC_1LD1LB_1RB0RA	4	2	0	498
1RB1RD_0LC1RC_1RC1LD_1RA0LD	2	2	0	101
1RB1RD_0LC1RD_0RA1LD_1LB0RC	3	2	0	310
1RB1RD_0LC1RD_0RD1LA_1LB0RD	2	2	0	290
1RB1RD_0LC1RD_1LA1LB_1LD0RA	4	2	0	498
1RB1RD_0LC1RD_1LA1LD_1LC0RA	2	2	0	127
1RB1RD_0LC1RD_1LC1LA_0LC0RD	2	2	0	388
1RB1RD_0LC1RD_1LC1LA_0RB0RD	2	2	0	255
1RB1RD_0LC1RD_1LC1LA_0RC0RD	2	2	0	238
1RB1RD_0LC1RD_1LC1LA_1LC0RD	2	2	0	236
1RB1RD_0LC1RD_1RA1LD_1LC0RB	2	2	0	225
1RB1RD_0LC1RD_1RB1LC_1LA1RB	2	2	0	138
1RB1RD_0LC1RD_1RB1LD_1LC0RA	2	2	0	226
1RB1RD_0LC1RD_1RD1LC_1LA1RB	2	2	0	132
1RB1RD_0RC---_1LC0LA_0LD0RC	2	2	0	299
1RB1RD_0RC---_1LC0LA_1LD1LC	2	2	0	255
1RB1RD_0RC---_1LC0RA_0RB0RD	2	2	0	137
1RB1RD_0RC---_1LC1RA_0RB0RD	2	2	0	142
1RB1RD_0RC---_1RD1LC_1LC1RA	2	2	0	114
1RB1RD_0RC---_1RD1LD_1LC0RA	2	2	0	52
1RB1RD_0RC0LA_1LC1LD_0RB0LB	2	3	0	265
1RB1RD_0RC0LB_1LC0LA_1LA0RD	2	2	0	1282
1RB1RD_0RC0LB_1LC0LA_1LD0RB	2	2	0	343
1RB1RD_0RC0LC_1LD1RC_1LA1LB	2	2	0	191
1RB1RD_0RC0LD_0LC1LD_1RA1LB	2	2	0	135
1RB1RD_0RC0LD_1LB1LA_1RC0RD	2	2	0	296
1RB1RD_0RC0LD_1LC0LA_0LB1RB	2	2	0	339
1RB1RD_0RC0LD_1LC1LD_1RA1LB	2	2	0	209
1RB1RD_0RC0RA_1LB1LC_0RB0RD	2	2	0	241
1RB1RD_0RC0RA_1LB1LC_0RC0RD	2	2	0	322
1RB1RD_0RC0RA_1LC0RB_0RB0RD	2	2	0	205
1RB1RD_0RC0RA_1LC1LA_0RB0RD	2	3	0	370
1RB1RD_0RC0RA_1LC1LA_0RC0RD	2	3	0	285
1RB1RD_0RC0RA_1LC1LD_0RB0RD	2	2	0	153
1RB1RD_0RC0RA_1LC1RB_0RB0RD	2	2	0	240
1RB1RD_0RC0RB_0LD1LA_1LD0LA	2	2	0	187
1RB1RD_0RC0RB_0RD1LA_1LD0LA	2	2	0	144
1RB1RD_0RC0RB_0RD1RA_1LD1LB	2	2	0	151
1RB1RD_0RC0RB_1LC0LA_0LD1RA	2	2	0	105
1RB1RD_0RC0RB_1LC0LA_0RD1LA	2	2	0	105
1RB1RD_0RC0RB_1LC0LA_1LA1LD	2	2	0	279
1RB1RD_0RC0RB_1LC0LA_1LA1RB	2	2	0	105
1RB1RD_0RC0RB_1LC0LA_1RA0RB	2	2	0	215
1RB1RD_0RC0RB_1LC0LA_1RA1LB	2	2	0	105
1RB1RD_0RC0RB_1LC0LA_1RB---	2	2	0	97
1RB1RD_0RC0RB_1LC0LA_1RD0RB	2	2	0	97
1RB1RD_0RC0RB_1LC0LA_1RD1RB	2	2	0	215
1RB1RD_0RC0RB_1LC0LD_1LA0RA	2	2	0	132
1RB1RD_0RC0RB_1LC0RA_---0RB	2	2	0	184
1RB1RD_0RC0RB_1LC0RA_0RB0LA	2	2	0	202
1RB1RD_0RC0RB_1LC0RA_1LA1LD	2	2	0	145
1RB1RD_0RC0RB_1LC0RA_1RB1LD	2	2	0	116
1RB1RD_0RC0RB_1LC1LD_0RA0RB	2	2	0	101
1RB1RD_0RC0RB_1LC1LD_0RA1RB	2	2	0	154
1RB1RD_0RC0RB_1LC1LD_1RA0LD	2	2	0	144
1RB1RD_0RC0RB_1LC1LD_1RA1LB	2	2	0	133
1RB1RD_0RC0RB_1LC1LD_1RA1RB	2	2	0	328
1RB1RD_0RC0RB_1LC1RA_---0RB	2	2	0	199
1RB1RD_0RC0RB_1LC1RA_---1LB	2	2	0	106
1RB1RD_0RC0RB_1LC1RA_0RB0LA	2	2	0	223
1RB1RD_0RC0RB_1LC1RA_1LA1LD	2	2	0	90
1RB1RD_0RC0RB_1LC1RA_1LB0LA	2	2	0	116
1RB1RD_0RC0RB_1LC1RA_1RB1LD	2	2	0	145
1RB1RD_0RC0RB_1LC1RD_0RB0LA	2	2	0	106
1RB1RD_0RC0RB_1LC1RD_1RB0LA	2	2	0	223
1RB1RD_0RC0RB_1LD1LA_1LC0LA	2	2	0	133
1RB1RD_0RC0RB_1LD1LA_1LD0LA	2	2	0	151
1RB1RD_0RC0RB_1LD1RA_1LC0RB	2	2	0	136
1RB1RD_0RC0RB_1LD1RA_1LC1LB	2	2	0	106
1RB1RD_0RC0RB_1LD1RA_1LD1LB	2	2	0	109
1RB1RD_0RC0RC_1LC0LA_0LB---	2	2	0	299
1RB1RD_0RC0RC_1LC0LA_1LA0LB	2	2	0	343
1RB1RD_0RC0RC_1LC1LA_---0LB	2	2	0	299
1RB1RD_0RC0RC_1LC1LA_0LB0LA	2	2	0	343
1RB1RD_0RC0RC_1LD1LA_1LC0LB	2	2	0	299
1RB1RD_0RC0RD_0LD0LC_1LA1LC	2	2	0	363
1RB1RD_0RC0RD_1LA1LC_0LC1RD	2	2	0	178
1RB1RD_0RC0RD_1LA1LC_1LC1RA	2	2	0	126
1RB1RD_0RC0RD_1LA1LC_1LC1RD	2	2	0	116
1RB1RD_0RC0RD_1LC0LA_0LB---	2	2	0	343
1RB1RD_0RC0RD_1LC0LA_1LB0LB	2	2	0	343
1RB1RD_0RC0RD_1LC0LA_1LB1LC	2	2	0	299
1RB1RD_0RC0RD_1LC0LA_1RB0RB	2	2	0	97
1RB1RD_0RC0RD_1LC0RA_0RB0RB	2	2	0	149
1RB1RD_0RC0RD_1LC0RA_0RC0RB	2	2	0	184
1RB1RD_0RC0RD_1LC1LA_0LB0LA	2	2	0	397
1RB1RD_0RC0RD_1LC1RA_0RB0RB	2	2	0	159
1RB1RD_0RC0RD_1LC1RA_0RC0RB	2	2	0	199
1RB1RD_0RC1LA_0LD0RB_1LD0LA	2	2	0	646
1RB1RD_0RC1LA_0LD1LD_1LB0RD	2	2	0	261
1RB1RD_0RC1LA_0RD0RB_1LD0LA	2	2	0	554
1RB1RD_0RC1LA_0RD1LD_1LB0RD	2	2	0	221
1RB1RD_0RC1LA_1LA1LD_1LB0RD	2	2	0	245
1RB1RD_0RC1LA_1LB1LC_0LB0RD	2	2	0	251
1RB1RD_0RC1LA_1LB1LC_0LC0RD	2	2	0	335
1RB1RD_0RC1LA_1LB1LC_0RB0RD	2	2	0	208
1RB1RD_0RC1LA_1LB1LC_0RC0RD	2	2	0	239
1RB1RD_0RC1LA_1LB1LC_1LB0RD	2	2	0	241
1RB1RD_0RC1LA_1LB1LC_1LC0RD	2	2	0	231
1RB1RD_0RC1LA_1LB1LD_1LB0RD	2	2	0	241
1RB1RD_0RC1LA_1LC0LA_0RB0RD	2	2	0	149
1RB1RD_0RC1LA_1LC0RB_0LB0RD	2	2	0	225
1RB1RD_0RC1LA_1LC0RB_0RB0RD	2	2	0	148
1RB1RD_0RC1LA_1LC0RB_0RC0RD	2	2	0	116
1RB1RD_0RC1LA_1LC0RB_1LB0RD	2	2	0	158
1RB1RD_0RC1LA_1LC0RB_1LC0RD	2	2	0	207
1RB1RD_0RC1LA_1LC0RB_1LD0LA	2	2	0	588
1RB1RD_0RC1LA_1LC1LA_0LB0RD	2	2	0	147
1RB1RD_0RC1LA_1LC1LA_0LC0RD	2	2	0	197
1RB1RD_0RC1LA_1LC1LA_0RB0RD	2	2	0	124
1RB1RD_0RC1LA_1LC1LA_0RC0RD	2	2	0	133
1RB1RD_0RC1LA_1LC1LA_1LC0RD	2	2	0	137
1RB1RD_0RC1LA_1LC1LD_0RB0RD	2	2	0	132
1RB1RD_0RC1LA_1LC1RB_0LB0RD	2	2	0	207
1RB1RD_0RC1LA_1LC1RB_0RB0RD	2	2	0	138
1RB1RD_0RC1LA_1LC1RB_0RC0RD	2	2	0	106
1RB1RD_0RC1LA_1LC1RB_1LC0RD	2	2	0	189
1RB1RD_0RC1LA_1LD0LB_1LB0RD	2	2	0	341
1RB1RD_0RC1LA_1LD0RB_1LD0LA	2	2	0	556
1RB1RD_0RC1LA_1LD0RC_0LB0RB	2	2	0	229
1RB1RD_0RC1LA_1LD0RC_0LB1RB	2	2	0	305
1RB1RD_0RC1LA_1LD0RC_0LB1RC	2	2	0	319
1RB1RD_0RC1LA_1LD1LD_1LB0RD	2	2	0	239
1RB1RD_0RC1LA_1RD1LD_1LB0RD	2	2	0	259
1RB1RD_0RC1LB_1LA0RA_---1RA	2	2	0	155
1RB1RD_0RC1LB_1LA1LD_1RD1RA	2	2	0	122
1RB1RD_0RC1LB_1LB1RD_1LA1RC	2	2	0	96
1RB1RD_0RC1LC_0LD1LA_1LA0RD	2	2	0	319
1RB1RD_0RC1LC_0RD1LA_1LA0RB	2	2	0	321
1RB1RD_0RC1LC_0RD1LA_1LA0RD	2	2	0	309
1RB1RD_0RC1LC_0RD1LA_1LB0RB	2	2	0	331
1RB1RD_0RC1LC_0RD1LA_1LB0RD	2	2	0	327
1RB1RD_0RC1LC_1LA0RB_0LB0RD	2	2	0	477
1RB1RD_0RC1LC_1LA0RB_0RB0RD	2	2	0	324
1RB1RD_0RC1LC_1LA0RB_0RC0RD	2	2	0	244
1RB1RD_0RC1LC_1LA0RB_1LA0RD	2	2	0	459
1RB1RD_0RC1LC_1LA0RB_1LB0RD	2	2	0	334
1RB1RD_0RC1LC_1LA0RB_1LC0RD	2	2	0	423
1RB1RD_0RC1LC_1LA1LA_0LB0RD	2	2	0	333
1RB1RD_0RC1LC_1LA1LA_0RB0RD	2	2	0	226
1RB1RD_0RC1LC_1LA1LA_0RC0RD	2	2	0	170
1RB1RD_0RC1LC_1LA1LA_1LA0RD	2	2	0	315
1RB1RD_0RC1LC_1LA1LA_1LB0RD	2	2	0	333
1RB1RD_0RC1LC_1LA1LA_1LC0RD	2	2	0	297
1RB1RD_0RC1LC_1LB1LA_0LB0RD	2	2	0	353
1RB1RD_0RC1LC_1LB1LA_0RB0RD	2	2	0	236
1RB1RD_0RC1LC_1LB1LA_0RC0RD	2	2	0	180
1RB1RD_0RC1LC_1LB1LA_1LA0RD	2	2	0	317
1RB1RD_0RC1LC_1LB1LA_1LB0RD	2	2	0	335
1RB1RD_0RC1LC_1LB1LA_1LC0RD	2	2	0	317
1RB1RD_0RC1LC_1LB1LA_1RC0RD	2	2	0	164
1RB1RD_0RC1LC_1LC0LA_1LA1LB	2	2	0	299
1RB1RD_0RC1LC_1LC0LA_1LB---	2	2	0	255
1RB1RD_0RC1LC_1LC0LA_1LD0RB	2	2	0	299
1RB1RD_0RC1LC_1LD1LA_0RC0RD	2	2	0	180
1RB1RD_0RC1LC_1LD1LA_1LA0RD	2	2	0	313
1RB1RD_0RC1LC_1RD1LA_1LA0RD	2	2	0	364
1RB1RD_0RC1LC_1RD1LA_1LB0RD	2	2	0	291
1RB1RD_0RC1LD_0LD1RA_1LB0RA	2	2	0	132
1RB1RD_0RC1LD_0LD1RC_1LA1LB	2	2	0	89
1RB1RD_0RC1LD_1LA0RD_1LB0LA	2	2	0	188
1RB1RD_0RC1LD_1LA1RA_1LB0RA	2	2	0	123
1RB1RD_0RC1LD_1LB1RC_1LA1LB	2	2	0	129
1RB1RD_0RC1LD_1LB1RC_1RA1LB	2	2	0	143
1RB1RD_0RC1LD_1LC0LA_0LB0RC	2	2	0	381
1RB1RD_0RC1LD_1LC0RA_0RD0RB	2	2	0	318
1RB1RD_0RC1LD_1LC1RA_0RD0RB	2	2	0	345
1RB1RD_0RC1LD_1LD1RA_1LB0RA	2	2	0	131
1RB1RD_0RC1LD_1LD1RC_1LA1LB	2	2	0	125
1RB1RD_0RC1LD_1RD1RA_1LB0RA	2	2	0	107
1RB1RD_0RC1RA_1LB1LC_0RB0RD	2	2	0	246
1RB1RD_0RC1RA_1LB1LC_0RC0RD	2	2	0	337
1RB1RD_0RC1RA_1LC0LA_0RB0RD	2	2	0	209
1RB1RD_0RC1RA_1LC0LD_1LA1LC	2	2	0	104
1RB1RD_0RC1RA_1LC0RB_0RB0RD	2	2	0	205
1RB1RD_0RC1RA_1LC1LA_0LB0RD	2	2	0	373
1RB1RD_0RC1RA_1LC1LA_0LC0RD	2	2	0	561
1RB1RD_0RC1RA_1LC1LA_0RB0RD	2	2	0	313
1RB1RD_0RC1RA_1LC1LA_0RC0RD	2	2	0	328
1RB1RD_0RC1RA_1LC1LA_1LC0RD	2	2	0	347
1RB1RD_0RC1RA_1LC1LD_1RB0LC	2	2	0	147
1RB1RD_0RC1RA_1LC1RB_0RB0RD	2	2	0	205
1RB1RD_0RC1RA_1LD1LA_0LC0RD	2	2	0	218
1RB1RD_0RC1RB_1LC0LA_0LD0LB	2	2	0	339
1RB1RD_0RC1RC_1LC0LA_1LD0LB	2	2	0	297
1RB1RD_0RC1RC_1LC1LA_0LB0RD	2	2	0	264
1RB1RD_0RC1RC_1LC1LA_0LC0RD	2	2	0	384
1RB1RD_0RC1RC_1LC1LA_0RB0RD	2	2	0	216
1RB1RD_0RC1RC_1LC1LA_0RC0RD	2	2	0	240
1RB1RD_0RC1RC_1LC1LA_1LC0RD	2	2	0	246
1RB1RD_0RC1RD_1LC0LD_1RA1LC	2	2	0	96
1RB1RD_0RC1RD_1LC1LA_0LB0RD	2	2	0	256
1RB1RD_0RC1RD_1LC1LA_0LC0RD	2	2	0	368
1RB1RD_0RC1RD_1LC1LA_0RB0RD	2	2	0	210
1RB1RD_0RC1RD_1LC1LA_0RC0RD	2	2	0	232
1RB1RD_0RC1RD_1LC1LA_1LC0RD	2	2	0	238
1RB1RD_1LB0LC_0LD0RB_1RD1RA	2	2	0	76
1RB1RD_1LB0LC_0LD1LC_1RD1RA	2	2	0	66
1RB1RD_1LB0LC_0LD1RB_1RD1RA	2	2	0	94
1RB1RD_1LB0LC_0RA1LC_1LC1RA	2	2	0	245
1RB1RD_1LB0LC_0RA1LD_1LC0RA	2	2	0	138
1RB1RD_1LB0LC_0RA1LD_1RA0LC	2	2	0	96
1RB1RD_1LB0LC_0RD0RB_1RD1RA	2	2	0	103
1RB1RD_1LB0LC_0RD1LC_1LC1RA	2	2	0	371
1RB1RD_1LB0LC_0RD1LC_1RD1RA	2	2	0	94
1RB1RD_1LB0LC_0RD1RB_1RD1RA	2	2	0	129
1RB1RD_1LB0LC_1LD---_0RA0LB	4	2	0	387
1RB1RD_1LB0LC_1LD0LA_0RA1LA	2	2	0	193
1RB1RD_1LB0LC_1LD0LB_0RA0RC	4	2	0	594
1RB1RD_1LB0LC_1LD0RB_0RA0RC	4	2	0	768
1RB1RD_1LB0LC_1LD1LB_0RA1LA	4	2	0	469
1RB1RD_1LB0LC_1RA0LA_0RC---	2	2	0	114
1RB1RD_1LB0LC_1RA0RC_0RB0RD	2	2	0	193
1RB1RD_1LB0LC_1RA1LC_0LC0RC	2	2	0	217
1RB1RD_1LB0LC_1RA1LC_0LC1RA	2	2	0	613
1RB1RD_1LB0LC_1RA1LC_1LC0RC	2	2	0	156
1RB1RD_1LB0LC_1RA1LC_1LC1RA	2	3	0	212
1RB1RD_1LB0LC_1RA1LC_1LD1RA	2	3	0	496
1RB1RD_1LB0LC_1RA1LC_1RC0RC	2	2	0	162
1RB1RD_1LB0LC_1RA1LC_1RC1RA	2	2	0	502
1RB1RD_1LB0LC_1RA1LC_1RC1RD	2	2	0	278
1RB1RD_1LB0LC_1RA1LC_1RD1RA	2	3	0	488
1RB1RD_1LB0LC_1RA1LD_1LC0RA	2	2	0	233
1RB1RD_1LB0LC_1RA1RC_0RB0RD	2	2	0	217
1RB1RD_1LB0LC_1RD0LC_1LD1RA	2	2	0	222
1RB1RD_1LB0LC_1RD0RB_1LA0RD	2	2	0	173
1RB1RD_1LB0LC_1RD0RB_1LA1RA	2	2	0	156
1RB1RD_1LB0LC_1RD0RB_1RA0LA	2	2	0	176
1RB1RD_1LB0LC_1RD0RB_1RA0RD	2	2	0	153
1RB1RD_1LB0LC_1RD0RB_1RA1LC	2	2	0	212
1RB1RD_1LB0LC_1RD0RB_1RA1RA	2	2	0	140
1RB1RD_1LB0LC_1RD0RB_1RA1RC	4	2	0	680
1RB1RD_1LB0LC_1RD0RB_1RA1RD	2	2	0	140
1RB1RD_1LB0LC_1RD1LA_1RA1LB	2	2	0	126
1RB1RD_1LB0LC_1RD1LB_0RD1RA	3	2	0	244
1RB1RD_1LB0LC_1RD1LB_1LA0RD	2	2	0	195
1RB1RD_1LB0LC_1RD1LB_1LA1RA	2	2	0	144
1RB1RD_1LB0LC_1RD1LB_1RA---	2	2	0	94
1RB1RD_1LB0LC_1RD1LC_0LC1RA	2	2	0	610
1RB1RD_1LB0LC_1RD1LC_0RC1RA	2	3	0	464
1RB1RD_1LB0LC_1RD1LC_1LC1RA	2	2	0	112
1RB1RD_1LB0LC_1RD1LC_1LD1RA	2	3	0	464
1RB1RD_1LB0LC_1RD1LC_1RC1RA	2	2	0	118
1RB1RD_1LB0LC_1RD1LC_1RD1RA	2	3	0	456
1RB1RD_1LB0RC_0RA1LC_0RB0RD	2	2	0	190
1RB1RD_1LB0RC_1LA1LC_0LB0RD	2	2	0	213
1RB1RD_1LB0RC_1LA1LC_0LC0LD	2	2	0	229
1RB1RD_1LB0RC_1LA1LC_0RB0RD	2	2	0	133
1RB1RD_1LB0RC_1LA1LC_0RC0LD	2	2	0	334
1RB1RD_1LB0RC_1LA1LC_1LA0LD	2	2	0	173
1RB1RD_1LB0RC_1LA1LC_1LB0RD	2	2	0	173
1RB1RD_1LB0RC_1LA1LD_1LA0LD	2	2	0	173
1RB1RD_1LB0RC_1LA1RC_1LC1LD	2	2	0	439
1RB1RD_1LB0RC_1LC1LA_---0LB	2	2	0	303
1RB1RD_1LB0RC_1LC1LA_0LB0LA	2	2	0	347
1RB1RD_1LB0RC_1LD1LA_1LC0LB	2	2	0	303
1RB1RD_1LB0RC_1RA1LC_0LC0RC	2	2	0	196
1RB1RD_1LB0RC_1RA1LC_0LC1RA	2	2	0	136
1RB1RD_1LB0RC_1RA1LC_0RB0RD	2	2	0	204
1RB1RD_1LB0RC_1RA1LD_1LC0LB	2	2	0	80
1RB1RD_1LB0RC_1RC1LD_1LA0LD	2	2	0	142
1RB1RD_1LB1LC_0LD1LA_1RA0RD	2	2	0	207
1RB1RD_1LB1LC_0LD1RA_0RA0LB	3	2	0	372
1RB1RD_1LB1LC_0RA---_0RB0RD	2	2	0	94
1RB1RD_1LB1LC_0RA---_1LB0RD	2	2	0	183
1RB1RD_1LB1LC_0RA0LB_1LA0RD	2	2	0	1921
1RB1RD_1LB1LC_0RA0LB_1LA1RA	2	2	0	126
1RB1RD_1LB1LC_0RA0LB_1RA0LA	2	2	0	104
1RB1RD_1LB1LC_0RA0LB_1RA0LB	2	2	0	161
1RB1RD_1LB1LC_0RA0LB_1RA0RD	3	2	0	106
1RB1RD_1LB1LC_0RA0LB_1RA1RA	2	2	0	94
1RB1RD_1LB1LC_0RA0LD_1RA1LC	2	2	0	217
1RB1RD_1LB1LC_0RA1LA_1LA0RD	2	2	0	319
1RB1RD_1LB1LC_0RA1LA_1LC0RD	2	2	0	161
1RB1RD_1LB1LC_0RA1LA_1RA0LB	2	2	0	219
1RB1RD_1LB1LC_0RA1LA_1RA0RD	2	2	0	200
1RB1RD_1LB1LC_0RA1LB_---1RA	2	2	0	77
1RB1RD_1LB1LC_0RA1LB_1LA0RD	2	2	0	203
1RB1RD_1LB1LC_0RA1LB_1LC0RD	2	2	0	104
1RB1RD_1LB1LC_0RA1LB_1RA0LA	2	2	0	109
1RB1RD_1LB1LC_0RA1LB_1RA0RD	2	2	0	133
1RB1RD_1LB1LC_0RA1LB_1RB1RD	2	2	0	77
1RB1RD_1LB1LC_0RA1LC_---1RA	2	2	0	77
1RB1RD_1LB1LC_0RC0RA_0RB0RD	2	2	0	185
1RB1RD_1LB1LC_0RC1LD_1RA0LC	2	2	0	222
1RB1RD_1LB1LC_0RC1RA_0RB0RD	2	2	0	91
1RB1RD_1LB1LC_0RC1RA_1LB0RD	2	2	0	175
1RB1RD_1LB1LC_0RD1LB_0LD1RA	2	2	0	85
1RB1RD_1LB1LC_0RD1LB_1RB1RA	2	2	0	77
1RB1RD_1LB1LC_0RD1LC_1LC1RA	2	2	0	86
1RB1RD_1LB1LC_0RD1LD_1RA0LC	2	2	0	226
1RB1RD_1LB1LC_1LA0RA_0LB0RD	2	2	0	188
1RB1RD_1LB1LC_1LA0RA_0RB0RD	2	2	0	136
1RB1RD_1LB1LC_1LA0RA_1LB0RD	2	2	0	154
1RB1RD_1LB1LC_1LA1RA_0RB0RD	2	2	0	87
1RB1RD_1LB1LC_1LA1RA_1LB0RD	2	2	0	167
1RB1RD_1LB1LC_1LD0LC_0RA0LC	2	2	0	295
1RB1RD_1LB1LC_1LD1LA_1RA0RD	2	2	0	191
1RB1RD_1LB1LC_1LD1LB_1RD1RA	2	2	0	58
1RB1RD_1LB1LC_1LD1LC_1RD1RA	2	2	0	58
1RB1RD_1LB1LC_1LD1LD_1RA0LC	2	2	0	190
1RB1RD_1LB1LC_1LD1RC_0RA0LC	2	2	0	292
1RB1RD_1LB1LC_1RA0LA_0LB0RD	2	2	0	108
1RB1RD_1LB1LC_1RA0LA_0LD0RB	3	2	0	564
1RB1RD_1LB1LC_1RA0LA_0RB0RD	2	2	0	90
1RB1RD_1LB1LC_1RA0LA_1LB0RD	2	2	0	151
1RB1RD_1LB1LC_1RA0LB_0LD1RC	2	2	0	148
1RB1RD_1LB1LC_1RA0LB_0RB1RB	2	2	0	174
1RB1RD_1LB1LC_1RA0LB_0RB1RC	2	2	0	148
1RB1RD_1LB1LC_1RA0LB_1RA1RB	2	2	0	128
1RB1RD_1LB1LC_1RA0LB_1RA1RC	2	2	0	110
1RB1RD_1LB1LC_1RA0LB_1RA1RD	2	2	0	110
1RB1RD_1LB1LC_1RA0LB_1RD1RC	4	2	0	428
1RB1RD_1LB1LC_1RA0LD_1LB1RD	2	2	0	166
1RB1RD_1LB1LC_1RA0LD_1RA1LC	2	2	0	198
1RB1RD_1LB1LC_1RA0LD_1RB0RB	3	2	0	619
1RB1RD_1LB1LC_1RA0RA_0RB0RD	2	2	0	149
1RB1RD_1LB1LC_1RA0RA_1LB0RD	2	2	0	183
1RB1RD_1LB1LC_1RA0RB_0RB0RD	2	2	0	100
1RB1RD_1LB1LC_1RA0RB_1LB0RD	2	2	0	197
1RB1RD_1LB1LC_1RA1LA_0LC0RD	2	2	0	151
1RB1RD_1LB1LC_1RA1LA_0RC0RD	2	2	0	115
1RB1RD_1LB1LC_1RA1LA_1LA0RD	2	2	0	319
1RB1RD_1LB1LC_1RA1LA_1RA0RD	2	2	0	200
1RB1RD_1LB1LC_1RA1LB_1LB1RD	2	2	0	120
1RB1RD_1LB1LC_1RA1LB_1RA1RD	2	2	0	102
1RB1RD_1LB1LC_1RA1LC_---0RB	2	2	0	164
1RB1RD_1LB1LC_1RA1LC_0LB0RD	2	2	0	180
1RB1RD_1LB1LC_1RA1LC_0LC0RC	2	2	0	172
1RB1RD_1LB1LC_1RA1LC_0LC1RA	2	2	0	117
1RB1RD_1LB1LC_1RA1LC_0RB0RD	2	2	0	124
1RB1RD_1LB1LC_1RA1LC_1LB0RD	2	2	0	154
1RB1RD_1LB1LC_1RA1LD_0RB0RD	2	2	0	130
1RB1RD_1LB1LC_1RA1RA_0RB0RD	2	2	0	94
1RB1RD_1LB1LC_1RA1RA_1LB0RD	2	2	0	183
1RB1RD_1LB1LC_1RA1RD_0LB0RD	2	2	0	332
1RB1RD_1LB1LC_1RA1RD_0RB0RD	2	2	0	216
1RB1RD_1LB1LC_1RA1RD_1LB0RD	2	2	0	228
1RB1RD_1LB1LC_1RB0RA_0RB0RD	2	2	0	102
1RB1RD_1LB1LC_1RB0RA_1LB0RD	2	2	0	199
1RB1RD_1LB1LC_1RB1RA_0RB0RD	2	2	0	96
1RB1RD_1LB1LC_1RB1RA_1LB0RD	2	2	0	185
1RB1RD_1LB1LC_1RC0RA_0RB0RD	2	3	0	269
1RB1RD_1LB1LC_1RC1LA_0LB0RD	2	2	0	179
1RB1RD_1LB1LC_1RC1LA_0RB0RD	2	2	0	115
1RB1RD_1LB1LC_1RC1LA_1LA0RD	2	2	0	275
1RB1RD_1LB1LC_1RC1LA_1LB0RD	2	2	0	149
1RB1RD_1LB1LC_1RC1LA_1RA0RD	2	2	0	191
1RB1RD_1LB1LC_1RC1LD_1RA0LC	2	2	0	230
1RB1RD_1LB1LC_1RC1RA_0RB0RD	2	2	0	91
1RB1RD_1LB1LC_1RC1RA_1LB0RD	2	2	0	175
1RB1RD_1LB1LC_1RD0LA_0LD0RB	3	2	0	604
1RB1RD_1LB1LC_1RD0LB_1RA0RD	3	2	0	1089
1RB1RD_1LB1LC_1RD0LB_1RA1RD	2	2	0	110
1RB1RD_1LB1LC_1RD1LA_1LA0RD	2	2	0	273
1RB1RD_1LB1LC_1RD1LA_1RA0RD	2	2	0	189
1RB1RD_1LB1LC_1RD1LB_0LB1RA	2	2	0	120
1RB1RD_1LB1LC_1RD1LB_0RB1RA	2	2	0	99
1RB1RD_1LB1LC_1RD1LB_1LA1RA	2	2	0	110
1RB1RD_1LB1LC_1RD1LB_1LB1RA	2	2	0	120
1RB1RD_1LB1LC_1RD1LB_1RA0LA	2	2	0	146
1RB1RD_1LB1LC_1RD1LB_1RA1RA	2	2	0	102
1RB1RD_1LB1LC_1RD1LC_0LC1RA	2	2	0	120
1RB1RD_1LB1LC_1RD1LD_1RA0LC	2	2	0	201
1RB1RD_1LB1RC_---1LA_0RB0RD	2	2	0	99
1RB1RD_1LB1RC_---1LA_1LB0RD	2	2	0	193
1RB1RD_1LB1RC_0LB1LA_0RC0RD	2	2	0	208
1RB1RD_1LB1RC_0RA1LC_---1RA	2	2	0	87
1RB1RD_1LB1RC_0RA1LC_0RB0RD	2	2	0	104
1RB1RD_1LB1RC_0RA1LC_1LB0RD	2	2	0	203
1RB1RD_1LB1RC_0RB1LA_0LC0RD	2	2	0	213
1RB1RD_1LB1RC_0RB1LA_0RC0RD	2	2	0	132
1RB1RD_1LB1RC_0RD1LC_1LC1RA	2	2	0	94
1RB1RD_1LB1RC_1LA0LB_0RB0RD	2	2	0	109
1RB1RD_1LB1RC_1LA0LB_1LB0RD	2	2	0	213
1RB1RD_1LB1RC_1LA1LD_1LC0RA	2	2	0	101
1RB1RD_1LB1RC_1LB1LA_0RC0RD	2	2	0	99
1RB1RD_1LB1RC_1LB1LA_1LC0RD	2	2	0	193
1RB1RD_1LB1RC_1LC1LA_0LC0RD	2	2	0	354
1RB1RD_1LB1RC_1LC1LA_0RC0RD	2	2	0	220
1RB1RD_1LB1RC_1LC1LA_1LC0RD	2	2	0	250
1RB1RD_1LB1RC_1LD1LC_1RD1RA	2	2	0	64
1RB1RD_1LB1RC_1LD1RC_0RA0LC	2	2	0	114
1RB1RD_1LB1RC_1RA1LC_0LB0RD	2	2	0	200
1RB1RD_1LB1RC_1RA1LC_0LC0RC	2	2	0	180
1RB1RD_1LB1RC_1RA1LC_0LC1RA	2	2	0	125
1RB1RD_1LB1RC_1RA1LC_0RB0RD	2	2	0	134
1RB1RD_1LB1RC_1RA1LC_1LB0RD	2	2	0	168
1RB1RD_1LB1RC_1RA1LD_0LB0LC	2	2	0	136
1RB1RD_1LB1RC_1RD1LC_0LC1RA	2	2	0	126
1RB1RD_1LC---_0LD1LB_0RD0RA	2	2	0	88
1RB1RD_1LC---_0RA0LB_0RD1RC	4	2	0	387
1RB1RD_1LC---_0RA1LC_---1RA	2	2	0	77
1RB1RD_1LC---_0RC1LD_1RA0LC	2	2	0	193
1RB1RD_1LC---_0RD0LC_1LB0RA	2	2	0	119
1RB1RD_1LC---_0RD1LB_---0RA	2	2	0	85
1RB1RD_1LC---_0RD1LC_1LC1RA	2	2	0	86
1RB1RD_1LC---_0RD1LD_1LC0RA	2	2	0	85
1RB1RD_1LC---_0RD1LD_1RA0LC	2	2	0	177
1RB1RD_1LC---_1LC0RA_0RB0RD	2	2	0	172
1RB1RD_1LC---_1LC1RA_0RB0RD	2	2	0	182
1RB1RD_1LC---_1LD0LC_0RA0LB	4	2	0	387
1RB1RD_1LC---_1LD1LC_1RD1RA	2	2	0	58
1RB1RD_1LC---_1LD1LD_1RA0LC	2	2	0	125
1RB1RD_1LC---_1LD1RC_0RA0LC	2	2	0	114
1RB1RD_1LC---_1RA0LD_0RC0LB	3	2	0	183
1RB1RD_1LC---_1RA1LC_0LC0RC	2	2	0	172
1RB1RD_1LC---_1RA1LC_0LC1RA	2	2	0	117
1RB1RD_1LC---_1RA1LD_1LC0RA	2	2	0	201
1RB1RD_1LC---_1RC1LD_1RA0LC	2	2	0	141
1RB1RD_1LC---_1RD0LB_0RA0RD	2	2	0	153
1RB1RD_1LC---_1RD0LC_1LD1RA	2	2	0	222
1RB1RD_1LC---_1RD1LB_---0RA	2	2	0	58
1RB1RD_1LC---_1RD1LC_0LC1RA	2	2	0	120
1RB1RD_1LC---_1RD1LD_1LC0RA	2	2	0	58
1RB1RD_1LC---_1RD1LD_1RA0LC	2	2	0	118
1RB1RD_1LC0LA_---0LD_1RD1RB	2	2	0	256
1RB1RD_1LC0LA_---1LD_1RB1LC	2	2	0	230
1RB1RD_1LC0LA_---1RA_1LB0RB	2	2	0	321
1RB1RD_1LC0LA_---1RA_1LB1RC	3	2	0	805
1RB1RD_1LC0LA_0LB1RA_0RB0RD	2	3	0	1606
1RB1RD_1LC0LA_0LB1RA_1LB0RD	2	2	0	326
1RB1RD_1LC0LA_0LC1LA_0RD0RB	2	2	0	159
1RB1RD_1LC0LA_0LC1LA_0RD1LC	2	2	0	211
1RB1RD_1LC0LA_0LC1RA_1LB0RD	2	2	0	199
1RB1RD_1LC0LA_0LD1LA_0RB0RD	2	2	0	179
1RB1RD_1LC0LA_0LD1LB_0RD1RB	2	2	0	159
1RB1RD_1LC0LA_0LD1LB_1RD0RA	2	2	0	65
1RB1RD_1LC0LA_0LD1RA_1LB0RD	4	2	0	959
1RB1RD_1LC0LA_0RA0LB_0RD1RA	4	2	0	393
1RB1RD_1LC0LA_0RA1LD_1RA0LC	2	2	0	290
1RB1RD_1LC0LA_0RD1LB_0RC1RA	2	2	0	123
1RB1RD_1LC0LA_0RD1LB_0RD1RB	2	2	0	156
1RB1RD_1LC0LA_1LA0LC_1LD1RA	2	2	0	120
1RB1RD_1LC0LA_1LA0LC_1RD0RB	2	2	0	152
1RB1RD_1LC0LA_1LA0LC_1RD1LC	2	2	0	98
1RB1RD_1LC0LA_1LA0LC_1RD1RA	2	2	0	72
1RB1RD_1LC0LA_1LA0LC_1RD1RB	2	2	0	128
1RB1RD_1LC0LA_1LA1LB_0RA1RC	2	2	0	150
1RB1RD_1LC0LA_1LA1LB_0RD1RB	2	2	0	140
1RB1RD_1LC0LA_1LA1LB_1LD0RA	2	2	0	67
1RB1RD_1LC0LA_1LA1LB_1RD0RA	2	2	0	69
1RB1RD_1LC0LA_1LA1LD_1RA0LC	2	2	0	250
1RB1RD_1LC0LA_1LB0RA_0RB0RD	2	2	0	97
1RB1RD_1LC0LA_1LB0RA_0RC0RD	2	2	0	104
1RB1RD_1LC0LA_1LB1LA_0RB0RD	2	2	0	97
1RB1RD_1LC0LA_1LB1RA_0LD0RB	2	2	0	323
1RB1RD_1LC0LA_1LB1RA_0RB0RD	2	2	0	218
1RB1RD_1LC0LA_1LB1RA_1LB0RD	2	2	0	166
1RB1RD_1LC0LA_1LB1RD_0LD0RB	2	2	0	403
1RB1RD_1LC0LA_1LC1LA_0RB0RD	2	2	0	139
1RB1RD_1LC0LA_1LD1RC_0LC1LB	2	2	0	219
1RB1RD_1LC0LA_1LD1RC_1LD1LB	2	2	0	175
1RB1RD_1LC0LA_1RA1LB_0LA0RD	2	2	0	108
1RB1RD_1LC0LA_1RA1LC_1RD1RB	2	2	0	164
1RB1RD_1LC0LA_1RA1LD_1RA0LC	2	2	0	178
1RB1RD_1LC0LA_1RB0LB_0RD1RA	4	2	0	342
1RB1RD_1LC0LA_1RB0LB_0RD1RC	4	2	0	342
1RB1RD_1LC0LA_1RB1LC_1RD1RB	2	2	0	176
1RB1RD_1LC0LA_1RD0LB_0LC0RB	2	2	0	188
1RB1RD_1LC0LA_1RD0LC_1LA0RB	2	2	0	334
1RB1RD_1LC0LA_1RD1LB_0RC1RA	2	2	0	94
1RB1RD_1LC0LA_1RD1LB_0RD1RB	2	2	0	173
1RB1RD_1LC0LB_0RA0LB_1LD1RA	2	2	0	244
1RB1RD_1LC0LB_0RA0LB_1RC---	3	2	0	512
1RB1RD_1LC0LB_0RA0LB_1RD0RA	2	2	0	415
1RB1RD_1LC0LB_0RA0LB_1RD1LB	2	2	0	187
1RB1RD_1LC0LB_0RA0LB_1RD1LC	2	2	0	187
1RB1RD_1LC0LB_0RA0LB_1RD1RA	2	2	0	138
1RB1RD_1LC0LB_0RA0LB_1RD1RB	2	2	0	135
1RB1RD_1LC0LB_0RA0LD_1RD1LB	2	2	0	185
1RB1RD_1LC0LB_0RA0RD_1RD1LB	2	2	0	193
1RB1RD_1LC0LB_0RA1LA_0RC---	3	2	0	244
1RB1RD_1LC0LB_0RA1LA_1RD0RA	2	2	0	143
1RB1RD_1LC0LB_0RA1LA_1RD0RC	2	2	0	158
1RB1RD_1LC0LB_0RA1LA_1RD1LB	2	2	0	183
1RB1RD_1LC0LB_0RA1LA_1RD1RC	2	2	0	134
1RB1RD_1LC0LB_0RA1LB_1RD1LB	2	2	0	169
1RB1RD_1LC0LB_0RA1LB_1RD1RC	2	2	0	572
1RB1RD_1LC0LB_0RA1LC_1RD1LB	2	2	0	191
1RB1RD_1LC0LB_0RA1LD_1RD1LB	2	2	0	167
1RB1RD_1LC0LB_0RA1RD_1RD1LB	2	2	0	189
1RB1RD_1LC0LB_1LD0LB_1RD1RA	2	2	0	120
1RB1RD_1LC0LB_1RA0LB_0RC---	3	2	0	198
1RB1RD_1LC0LB_1RA0LB_1LD1RA	2	2	0	108
1RB1RD_1LC0LB_1RA0LB_1RD0RA	2	2	0	288
1RB1RD_1LC0LB_1RA0LB_1RD0RC	2	2	0	170
1RB1RD_1LC0LB_1RA0LB_1RD1LB	2	2	0	88
1RB1RD_1LC0LB_1RA0LB_1RD1LC	2	2	0	88
1RB1RD_1LC0LB_1RA0LB_1RD1RA	2	2	0	66
1RB1RD_1LC0LB_1RA0LB_1RD1RB	2	2	0	118
1RB1RD_1LC0LB_1RA0LB_1RD1RC	2	2	0	110
1RB1RD_1LC0LB_1RA0LD_1RA1LC	2	2	0	98
1RB1RD_1LC0LB_1RA0LD_1RD1LB	2	2	0	97
1RB1RD_1LC0LB_1RA0RD_1RD1LB	2	2	0	99
1RB1RD_1LC0LB_1RA1LA_0RD1RB	2	2	0	126
1RB1RD_1LC0LB_1RA1LA_1RD0RA	2	2	0	82
1RB1RD_1LC0LB_1RA1LA_1RD1LB	2	2	0	95
1RB1RD_1LC0LB_1RA1LB_1RD0LC	2	2	0	171
1RB1RD_1LC0LB_1RA1LB_1RD0RB	2	2	0	182
1RB1RD_1LC0LB_1RA1LB_1RD0RC	2	2	0	206
1RB1RD_1LC0LB_1RA1LB_1RD1LB	2	2	0	80
1RB1RD_1LC0LB_1RA1LB_1RD1LC	2	2	0	181
1RB1RD_1LC0LB_1RA1LB_1RD1RC	2	2	0	199
1RB1RD_1LC0LB_1RA1LC_1RD1LB	2	2	0	97
1RB1RD_1LC0LB_1RA1LD_1RD1LB	2	2	0	87
1RB1RD_1LC0LB_1RA1RD_1RD1LB	2	2	0	90
1RB1RD_1LC0LB_1RD1LB_0RA1RC	4	2	0	218
1RB1RD_1LC0LB_1RD1LB_1LA1RC	2	2	0	106
1RB1RD_1LC0LB_1RD1LB_1RC0LA	2	2	0	90
1RB1RD_1LC0LB_1RD1RA_1LB0RB	2	2	0	142
1RB1RD_1LC0LC_0RA0LB_1RD0RA	3	2	0	384
1RB1RD_1LC0LC_0RA0LB_1RD1RB	2	2	0	135
1RB1RD_1LC0LC_1LD0LB_1RD0RA	2	3	0	308
1RB1RD_1LC0LC_1RA0LB_1LD1RA	2	2	0	108
1RB1RD_1LC0LC_1RA0LB_1RD0RA	2	2	0	288
1RB1RD_1LC0LC_1RA0LB_1RD0RC	2	2	0	146
1RB1RD_1LC0LC_1RA0LB_1RD1LC	2	2	0	88
1RB1RD_1LC0LC_1RA0LB_1RD1RA	2	2	0	66
1RB1RD_1LC0LC_1RA0LD_1RA1LC	2	2	0	105
1RB1RD_1LC0LC_1RD1LC_1RA0RB	3	2	0	324
1RB1RD_1LC0LD_0LD0LB_0RA1LD	2	2	0	107
1RB1RD_1LC0LD_0RA1LB_0LD1RC	2	2	0	198
1RB1RD_1LC0LD_1LB1LA_1RC0RD	2	2	0	298
1RB1RD_1LC0LD_1RB0LB_0RA1LD	2	2	0	105
1RB1RD_1LC0LD_1RC1LB_0RD0RA	2	2	0	96
1RB1RD_1LC0RA_---1LD_1RB0LB	3	2	0	219
1RB1RD_1LC0RA_0LD1LB_1RD0RA	2	2	0	111
1RB1RD_1LC0RA_0LD1LC_0RD1RB	3	2	0	317
1RB1RD_1LC0RA_0RA0LB_0LD1RA	2	2	0	127
1RB1RD_1LC0RA_0RA0LB_0RD1LA	2	2	0	127
1RB1RD_1LC0RA_0RA0LB_0RD1RA	2	2	0	229
1RB1RD_1LC0RA_0RA0LB_1LA0RD	2	2	0	214
1RB1RD_1LC0RA_0RA0LB_1LA1RB	2	2	0	127
1RB1RD_1LC0RA_0RA0LB_1LB1RA	2	2	0	137
1RB1RD_1LC0RA_0RA0LB_1LD1RA	2	2	0	166
1RB1RD_1LC0RA_0RA0LB_1RB---	2	2	0	121
1RB1RD_1LC0RA_0RA0LB_1RD0RA	2	2	0	121
1RB1RD_1LC0RA_0RA0LB_1RD1RA	2	2	0	162
1RB1RD_1LC0RA_0RA0LB_1RD1RB	4	2	0	571
1RB1RD_1LC0RA_0RB1LB_---0RA	2	2	0	85
1RB1RD_1LC0RA_0RB1LD_1LB0RB	3	2	0	257
1RB1RD_1LC0RA_0RB1LD_1RA0LC	2	2	0	177
1RB1RD_1LC0RA_0RD0LB_1LA0RD	2	2	0	82
1RB1RD_1LC0RA_0RD1LA_0LD1LB	2	2	0	371
1RB1RD_1LC0RA_0RD1LA_1LD1LB	2	2	0	323
1RB1RD_1LC0RA_0RD1LD_0LB1LA	3	2	0	532
1RB1RD_1LC0RA_0RD1LD_1RB1LB	2	2	0	243
1RB1RD_1LC0RA_1LA0LB_0LB0LA	2	2	0	140
1RB1RD_1LC0RA_1LA0LB_0LB0LB	2	2	0	136
1RB1RD_1LC0RA_1LA0LB_0LB0RA	2	2	0	94
1RB1RD_1LC0RA_1LA0LB_0LB0RB	2	2	0	90
1RB1RD_1LC0RA_1LA0LB_0LB1LB	2	2	0	159
1RB1RD_1LC0RA_1LA0LB_0LB1LD	4	2	0	951
1RB1RD_1LC0RA_1LA0LB_0LB1RA	2	2	0	174
1RB1RD_1LC0RA_1LA0LB_0LB1RB	2	2	0	170
1RB1RD_1LC0RA_1LA0LB_0LB1RD	2	2	0	174
1RB1RD_1LC0RA_1LA0LB_0LD0LA	2	2	0	75
1RB1RD_1LC0RA_1LA0LB_0LD0RA	2	2	0	94
1RB1RD_1LC0RA_1LA0LB_0LD0RB	2	2	0	105
1RB1RD_1LC0RA_1LA0LB_0LD1LA	2	2	0	119
1RB1RD_1LC0RA_1LA0LB_0LD1RA	2	2	0	358
1RB1RD_1LC0RA_1LA0LB_0RB0LA	2	2	0	118
1RB1RD_1LC0RA_1LA0LB_0RB0LB	2	2	0	190
1RB1RD_1LC0RA_1LA0LB_0RB0LD	2	2	0	113
1RB1RD_1LC0RA_1LA0LB_0RB0RB	2	2	0	108
1RB1RD_1LC0RA_1LA0LB_0RB1RB	2	2	0	280
1RB1RD_1LC0RA_1LA0LB_0RD0LA	2	2	0	156
1RB1RD_1LC0RA_1LA0LB_0RD1RA	2	2	0	190
1RB1RD_1LC0RA_1LA0LB_1LA0LB	2	2	0	140
1RB1RD_1LC0RA_1LA0LB_1LA0RB	2	2	0	110
1RB1RD_1LC0RA_1LA0LB_1LA0RD	2	2	0	202
1RB1RD_1LC0RA_1LA0LB_1LA1RB	2	2	0	252
1RB1RD_1LC0RA_1LA0LB_1LB0RA	2	2	0	94
1RB1RD_1LC0RA_1LA0LB_1LB0RB	2	2	0	87
1RB1RD_1LC0RA_1LA0LB_1LB1RA	2	2	0	277
1RB1RD_1LC0RA_1LA0LB_1LD0RA	2	2	0	94
1RB1RD_1LC0RA_1LA0LB_1LD1RA	2	3	0	509
1RB1RD_1LC0RA_1LA0LB_1RB0LA	2	2	0	254
1RB1RD_1LC0RA_1LA0LB_1RB0LB	2	2	0	208
1RB1RD_1LC0RA_1LA0LB_1RB0LD	2	2	0	216
1RB1RD_1LC0RA_1LA0LB_1RB0RA	2	2	0	176
1RB1RD_1LC0RA_1LA0LB_1RB0RB	2	2	0	84
1RB1RD_1LC0RA_1LA0LB_1RB0RD	2	2	0	84
1RB1RD_1LC0RA_1LA0LB_1RB1LB	2	3	0	341
1RB1RD_1LC0RA_1LA0LB_1RB1LD	2	2	0	795
1RB1RD_1LC0RA_1LA0LB_1RB1RA	2	2	0	348
1RB1RD_1LC0RA_1LA0LB_1RB1RB	2	2	0	248
1RB1RD_1LC0RA_1LA0LB_1RB1RD	2	2	0	348
1RB1RD_1LC0RA_1LA0LB_1RD0RA	2	2	0	176
1RB1RD_1LC0RA_1LA0LB_1RD0RB	2	2	0	85
1RB1RD_1LC0RA_1LA0LB_1RD1RA	2	3	0	503
1RB1RD_1LC0RA_1LA1LB_0RA1RC	2	2	0	116
1RB1RD_1LC0RA_1LA1LB_1LC1RC	2	2	0	130
1RB1RD_1LC0RA_1LA1LC_---1RA	2	2	0	103
1RB1RD_1LC0RA_1LA1LC_0LC1RD	2	2	0	154
1RB1RD_1LC0RA_1LA1LC_1LC1RD	2	2	0	126
1RB1RD_1LC0RA_1LA1LD_0LB---	3	2	0	247
1RB1RD_1LC0RA_1LB0RA_0RB0RD	2	2	0	172
1RB1RD_1LC0RA_1LB0RA_0RC0RD	2	2	0	172
1RB1RD_1LC0RA_1LB1LA_0RB0RD	2	2	0	253
1RB1RD_1LC0RA_1LB1LA_0RC0RD	2	2	0	247
1RB1RD_1LC0RA_1LB1LA_1LD1LB	2	2	0	237
1RB1RD_1LC0RA_1LB1LD_0RB0RD	2	2	0	177
1RB1RD_1LC0RA_1LB1RA_0RB0RD	2	2	0	235
1RB1RD_1LC0RA_1LB1RA_0RC0RD	2	2	0	182
1RB1RD_1LC0RA_1LC1LA_0LD1LB	2	2	0	267
1RB1RD_1LC0RA_1LC1LA_0RB0RD	2	3	0	269
1RB1RD_1LC0RA_1LC1LA_0RC0RD	2	3	0	269
1RB1RD_1LC0RA_1LC1LA_1LD1LB	2	2	0	237
1RB1RD_1LC0RA_1LC1LD_0RB0RD	2	2	0	185
1RB1RD_1LC0RA_1LC1LD_1RB0LC	3	2	0	219
1RB1RD_1LC0RA_1LC1LD_1RB1LB	2	2	0	187
1RB1RD_1LC0RA_1LD0LB_0RA1RA	2	2	0	116
1RB1RD_1LC0RA_1LD0LB_0RA1RD	2	2	0	184
1RB1RD_1LC0RA_1LD0LB_0RB1RA	2	2	0	234
1RB1RD_1LC0RA_1LD0LB_0RD0RA	2	2	0	139
1RB1RD_1LC0RA_1LD0LB_0RD1RA	2	3	0	398
1RB1RD_1LC0RA_1LD0LB_1LA1RA	2	2	0	107
1RB1RD_1LC0RA_1LD0LB_1LA1RB	2	2	0	232
1RB1RD_1LC0RA_1LD0LB_1RA0LA	2	2	0	158
1RB1RD_1LC0RA_1LD0LB_1RA0RA	2	2	0	111
1RB1RD_1LC0RA_1LD0LB_1RA1LC	2	2	0	67
1RB1RD_1LC0RA_1LD0LB_1RA1RA	2	2	0	154
1RB1RD_1LC0RA_1LD0LB_1RA1RC	2	2	0	119
1RB1RD_1LC0RA_1LD0LB_1RB0LC	2	2	0	272
1RB1RD_1LC0RA_1LD0LB_1RB0LD	4	2	0	2297
1RB1RD_1LC0RA_1LD0LB_1RB0RA	2	2	0	208
1RB1RD_1LC0RA_1LD0LB_1RB0RB	2	3	0	333
1RB1RD_1LC0RA_1LD0LB_1RB0RC	2	2	0	170
1RB1RD_1LC0RA_1LD0LB_1RB0RD	2	3	0	259
1RB1RD_1LC0RA_1LD0LB_1RB1LC	2	3	0	255
1RB1RD_1LC0RA_1LD0LB_1RB1LD	2	2	0	781
1RB1RD_1LC0RA_1LD0LB_1RB1RA	2	2	0	348
1RB1RD_1LC0RA_1LD0LB_1RB1RB	2	2	0	176
1RB1RD_1LC0RA_1LD0LB_1RB1RC	2	2	0	208
1RB1RD_1LC0RA_1LD0LB_1RB1RD	2	2	0	348
1RB1RD_1LC0RA_1LD0LB_1RD0RA	2	2	0	208
1RB1RD_1LC0RA_1LD0LB_1RD1RA	2	3	0	296
1RB1RD_1LC0RA_1LD1LB_1RC0RA	2	2	0	63
1RB1RD_1LC0RA_1LD1LB_1RD0LB	3	2	0	447
1RB1RD_1LC0RA_1LD1LC_1RB1RD	2	2	0	103
1RB1RD_1LC0RA_1RA0LB_0LD1RA	2	2	0	103
1RB1RD_1LC0RA_1RA0LB_0RA---	2	2	0	172
1RB1RD_1LC0RA_1RA0LB_0RD1LA	2	2	0	103
1RB1RD_1LC0RA_1RA0LB_0RD1RA	2	2	0	168
1RB1RD_1LC0RA_1RA0LB_1LA0RA	2	2	0	218
1RB1RD_1LC0RA_1RA0LB_1LA0RD	2	3	0	502
1RB1RD_1LC0RA_1RA0LB_1LA1RB	2	2	0	103
1RB1RD_1LC0RA_1RA0LB_1LB1RA	2	2	0	110
1RB1RD_1LC0RA_1RA0LB_1LD1RA	2	3	0	216
1RB1RD_1LC0RA_1RA0LB_1LD1RB	2	2	0	218
1RB1RD_1LC0RA_1RA0LB_1RB---	2	2	0	99
1RB1RD_1LC0RA_1RA0LB_1RD0RA	2	2	0	99
1RB1RD_1LC0RA_1RA0LB_1RD1RA	2	3	0	212
1RB1RD_1LC0RA_1RA1LD_0LB---	3	2	0	532
1RB1RD_1LC0RA_1RA1LD_0LC1LA	2	2	0	153
1RB1RD_1LC0RA_1RB1LB_---0RA	2	2	0	58
1RB1RD_1LC0RA_1RB1LD_0LB---	3	2	0	522
1RB1RD_1LC0RA_1RB1LD_1LB0RB	3	2	0	436
1RB1RD_1LC0RA_1RC1LB_0LC0LD	4	2	0	197
1RB1RD_1LC0RA_1RC1LB_0RA1RC	2	2	0	156
1RB1RD_1LC0RA_1RC1LB_1LC1RC	2	2	0	166
1RB1RD_1LC0RA_1RC1LD_0LB1LA	3	2	0	257
1RB1RD_1LC0RA_1RC1LD_1LB0RB	3	2	0	271
1RB1RD_1LC0RA_1RD0LB_0RA1RD	2	2	0	172
1RB1RD_1LC0RA_1RD0LB_1LA1RB	2	2	0	259
1RB1RD_1LC0RA_1RD0LB_1RA0LA	2	2	0	103
1RB1RD_1LC0RA_1RD0LB_1RB0LA	2	2	0	259
1RB1RD_1LC0RA_1RD0LB_1RB1LB	2	2	0	127
1RB1RD_1LC0RA_1RD0LB_1RB1LD	2	2	0	793
1RB1RD_1LC0RA_1RD0LB_1RB1RB	2	2	0	249
1RB1RD_1LC0RA_1RD1LD_1LB0LB	3	2	0	324
1RB1RD_1LC0RB_0LD0RA_0RB0LA	2	2	0	293
1RB1RD_1LC0RB_0LD1RA_0RB0LA	2	2	0	256
1RB1RD_1LC0RB_0LD1RA_0RB1LC	2	2	0	277
1RB1RD_1LC0RB_0RA1LD_1RA0LC	2	2	0	670
1RB1RD_1LC0RB_0RD0LC_1RA1LB	2	2	0	305
1RB1RD_1LC0RB_0RD1LD_1RA1LB	2	2	0	259
1RB1RD_1LC0RB_0RD1RA_0LB1LB	2	2	0	337
1RB1RD_1LC0RB_0RD1RA_0RB1LB	2	2	0	295
1RB1RD_1LC0RB_0RD1RA_1LA1LB	2	2	0	331
1RB1RD_1LC0RB_0RD1RA_1LB1LB	2	2	0	329
1RB1RD_1LC0RB_0RD1RA_1LD0LC	2	2	0	209
1RB1RD_1LC0RB_1LA0LC_0LB1RA	2	2	0	186
1RB1RD_1LC0RB_1LA0LC_0RA1RA	2	2	0	178
1RB1RD_1LC0RB_1LA0LC_0RB1RA	2	2	0	114
1RB1RD_1LC0RB_1LA0LC_0RC1RA	3	2	0	511
1RB1RD_1LC0RB_1LA0LC_1LD1RA	2	2	0	114
1RB1RD_1LC0RB_1LA0LC_1RD1RA	2	2	0	78
1RB1RD_1LC0RB_1LA1LD_0LC0RA	4	2	0	612
1RB1RD_1LC0RB_1LB0RA_1RC0RD	2	2	0	159
1RB1RD_1LC0RB_1LB1LD_0RA1RB	2	2	0	178
1RB1RD_1LC0RB_1LB1LD_1RA0LD	2	2	0	152
1RB1RD_1LC0RB_1LB1LD_1RA1LB	2	2	0	149
1RB1RD_1LC0RB_1LB1LD_1RA1RB	2	2	0	369
1RB1RD_1LC0RB_1LB1RA_0RC0RD	2	2	0	405
1RB1RD_1LC0RB_1LB1RA_1LB0RD	2	2	0	163
1RB1RD_1LC0RB_1LB1RA_1RC0RD	2	2	0	169
1RB1RD_1LC0RB_1LC0RA_1LA1LD	2	2	0	147
1RB1RD_1LC0RB_1LC1LD_0RA0RB	2	2	0	183
1RB1RD_1LC0RB_1LC1LD_0RA1RB	2	2	0	178
1RB1RD_1LC0RB_1LC1LD_1RA0LD	2	2	0	152
1RB1RD_1LC0RB_1LC1LD_1RA1LB	2	2	0	149
1RB1RD_1LC0RB_1LC1LD_1RA1RB	2	2	0	369
1RB1RD_1LC0RB_1LC1RA_0LB1LB	2	2	0	193
1RB1RD_1LC0RB_1LC1RA_0RB1LB	2	2	0	169
1RB1RD_1LC0RB_1LC1RA_0RC1LB	2	2	0	169
1RB1RD_1LC0RB_1LC1RA_1LA1LB	2	2	0	189
1RB1RD_1LC0RB_1LC1RA_1LA1LD	2	2	0	143
1RB1RD_1LC0RB_1LC1RA_1LB0LA	2	2	0	203
1RB1RD_1LC0RB_1LC1RA_1LB1LB	2	2	0	187
1RB1RD_1LC0RB_1LC1RD_0RB0LA	2	2	0	193
1RB1RD_1LC0RB_1LD0RA_1LD1LA	2	2	0	123
1RB1RD_1LC0RB_1LD1RA_1LD0LC	2	2	0	173
1RB1RD_1LC0RB_1RA1LD_1LA1LC	2	2	0	171
1RB1RD_1LC0RB_1RC1LA_1LC1LD	2	2	0	249
1RB1RD_1LC0RB_1RC1LD_1RA1LB	2	2	0	205
1RB1RD_1LC0RC_0LB1LA_1RC0RD	2	2	0	286
1RB1RD_1LC0RC_0LD1LB_0RD1RA	2	2	0	120
1RB1RD_1LC0RC_0LD1LB_1RD0RA	2	2	0	63
1RB1RD_1LC0RC_0LD1LB_1RD1RA	2	2	0	81
1RB1RD_1LC0RC_0RA0LD_0LB---	3	2	0	130
1RB1RD_1LC0RC_0RB1LD_1RA0LC	2	2	0	209
1RB1RD_1LC0RC_0RD1LB_---1RA	2	2	0	117
1RB1RD_1LC0RC_1LA0LC_---1LC	2	2	0	291
1RB1RD_1LC0RC_1LA0LC_---1RA	2	2	0	214
1RB1RD_1LC0RC_1LA0LC_---1RB	2	2	0	164
1RB1RD_1LC0RC_1LA0LC_0LA0RD	2	2	0	172
1RB1RD_1LC0RC_1LA0LC_0LB0RD	2	2	0	305
1RB1RD_1LC0RC_1LA0LC_1LB0RD	2	2	0	323
1RB1RD_1LC0RC_1LA0LC_1LC0LA	2	2	0	305
1RB1RD_1LC0RC_1LA0LC_1LC1RD	2	2	0	164
1RB1RD_1LC0RC_1LA0LC_1RA0LA	2	2	0	222
1RB1RD_1LC0RC_1LA0LC_1RA1RD	2	2	0	120
1RB1RD_1LC0RC_1LA0LC_1RB0LA	2	2	0	172
1RB1RD_1LC0RC_1LA0LC_1RB1RD	2	2	0	214
1RB1RD_1LC0RC_1LA1LC_---1RA	2	2	0	70
1RB1RD_1LC0RC_1LA1LC_0LC0LD	2	2	0	208
1RB1RD_1LC0RC_1LA1LC_0RC0LD	2	2	0	292
1RB1RD_1LC0RC_1LA1LC_1LA0LD	2	2	0	140
1RB1RD_1LC0RC_1LA1LD_1LA0LD	2	2	0	140
1RB1RD_1LC0RC_1LA1LD_1RA0LC	2	2	0	141
1RB1RD_1LC0RC_1LA1RC_1LC1LD	2	2	0	443
1RB1RD_1LC0RC_1LA1RD_0RB0LD	4	2	0	468
1RB1RD_1LC0RC_1LB1LA_0RB0RD	2	2	0	207
1RB1RD_1LC0RC_1LC1LA_0LB0RD	2	2	0	1098
1RB1RD_1LC0RC_1LD0LC_1RB1RA	2	2	0	214
1RB1RD_1LC0RC_1RA1LD_0RD0LC	2	2	0	459
1RB1RD_1LC0RC_1RC1LD_1LA0LD	2	2	0	107
1RB1RD_1LC0RC_1RD1LB_---1RA	2	2	0	76
1RB1RD_1LC0RD_0LB1LA_0RB1RA	2	2	0	158
1RB1RD_1LC0RD_0LB1RA_0RB---	2	2	0	123
1RB1RD_1LC0RD_0LD0LB_0RA1LA	2	2	0	116
1RB1RD_1LC0RD_0RA0LB_1RB---	2	2	0	121
1RB1RD_1LC0RD_0RA1LB_0LC1RB	2	2	0	131
1RB1RD_1LC0RD_0RA1LB_1LB1RB	2	2	0	157
1RB1RD_1LC0RD_0RA1LB_1LC1RB	2	2	0	131
1RB1RD_1LC0RD_0RA1LB_1LD1RB	2	2	0	141
1RB1RD_1LC0RD_0RA1LB_1RB1RB	2	2	0	121
1RB1RD_1LC0RD_0RA1LB_1RC1RB	2	2	0	108
1RB1RD_1LC0RD_0RA1LD_1LC1RB	2	2	0	222
1RB1RD_1LC0RD_0RB1RA_1LD0LC	2	2	0	413
1RB1RD_1LC0RD_1LA0LB_1RB0RA	2	2	0	210
1RB1RD_1LC0RD_1LA0LB_1RB0RD	2	2	0	88
1RB1RD_1LC0RD_1LA0LB_1RB1RA	2	2	0	348
1RB1RD_1LC0RD_1LA0LB_1RB1RD	2	2	0	348
1RB1RD_1LC0RD_1LA0LC_1LA1LC	2	2	0	305
1RB1RD_1LC0RD_1LA0LC_1LA1RA	2	2	0	225
1RB1RD_1LC0RD_1LA1LC_0LC1RA	2	2	0	126
1RB1RD_1LC0RD_1LA1LC_0LC1RD	2	2	0	154
1RB1RD_1LC0RD_1LA1LC_1LC1RA	2	2	0	126
1RB1RD_1LC0RD_1LA1LC_1LC1RD	2	2	0	126
1RB1RD_1LC0RD_1LA1LD_1LC0RA	2	2	0	197
1RB1RD_1LC0RD_1LB0RA_1RC0RB	2	2	0	159
1RB1RD_1LC0RD_1LB1LD_1RA0RB	2	2	0	239
1RB1RD_1LC0RD_1LB1RA_0RB0RB	2	2	0	123
1RB1RD_1LC0RD_1LB1RA_0RB0RD	2	2	0	123
1RB1RD_1LC0RD_1LB1RA_0RC0RB	2	2	0	233
1RB1RD_1LC0RD_1LB1RA_0RC0RD	2	2	0	135
1RB1RD_1LC0RD_1LB1RA_1LB0RB	2	2	0	163
1RB1RD_1LC0RD_1LB1RA_1RC0RB	2	2	0	169
1RB1RD_1LC0RD_1LD0LB_1RB0RA	2	2	0	128
1RB1RD_1LC0RD_1LD0LB_1RB1RA	2	2	0	348
1RB1RD_1LC0RD_1LD1LB_0RA1RB	2	2	0	234
1RB1RD_1LC0RD_1RA0LB_1RB---	2	2	0	99
1RB1RD_1LC0RD_1RA1LA_1LA0LC	2	2	0	334
1RB1RD_1LC0RD_1RA1LB_0LB1RB	2	2	0	146
1RB1RD_1LC0RD_1RA1LB_0LD1RB	2	2	0	160
1RB1RD_1LC0RD_1RA1LB_1LB1RB	2	2	0	120
1RB1RD_1LC0RD_1RA1LB_1LD1RB	2	2	0	115
1RB1RD_1LC0RD_1RA1LB_1RB1RB	2	2	0	99
1RB1RD_1LC0RD_1RA1LD_1LC1RB	2	2	0	186
1RB1RD_1LC0RD_1RB1LA_1LA0LC	2	2	0	452
1RB1RD_1LC0RD_1RB1LA_1LC0LC	2	2	0	452
1RB1RD_1LC0RD_1RC1LB_---0RA	2	2	0	93
1RB1RD_1LC1LA_0LD0RA_0RB0RD	2	2	0	316
1RB1RD_1LC1LA_0LD0RB_0RB0RD	2	2	0	310
1RB1RD_1LC1LA_0LD1LA_0RB0RD	2	2	0	296
1RB1RD_1LC1LA_0LD1LB_1RD0RA	2	2	0	104
1RB1RD_1LC1LA_0LD1LD_0RB0RD	2	2	0	298
1RB1RD_1LC1LA_0LD1RA_0RB0RD	2	2	0	316
1RB1RD_1LC1LA_0LD1RB_0RB0RD	2	2	0	308
1RB1RD_1LC1LA_0LD1RC_0RB0RD	2	2	0	308
1RB1RD_1LC1LA_0LD1RD_0RB0RD	2	2	0	306
1RB1RD_1LC1LA_0RB1LB_---0RA	2	2	0	70
1RB1RD_1LC1LA_0RB1LD_1RA0LC	2	2	0	157
1RB1RD_1LC1LA_0RD0LC_1LB1RA	2	2	0	340
1RB1RD_1LC1LA_1LA0LB_1LB0RA	2	2	0	156
1RB1RD_1LC1LA_1LA0LB_1LD0RA	2	2	0	120
1RB1RD_1LC1LA_1LA0LB_1RD0RA	2	2	0	227
1RB1RD_1LC1LA_1LA1LC_---1RA	2	2	0	64
1RB1RD_1LC1LA_1LB0RA_0RB0RD	2	2	0	135
1RB1RD_1LC1LA_1LB0RA_0RC0RD	2	2	0	140
1RB1RD_1LC1LA_1LB0RA_1LB0RD	2	2	0	133
1RB1RD_1LC1LA_1LB0RB_0RB0RD	2	2	0	109
1RB1RD_1LC1LA_1LB0RB_0RC0RD	2	2	0	89
1RB1RD_1LC1LA_1LB0RB_1LB0RD	2	2	0	139
1RB1RD_1LC1LA_1LB0RB_1LC0RD	2	2	0	143
1RB1RD_1LC1LA_1LB1LA_0LB0RD	2	2	0	179
1RB1RD_1LC1LA_1LB1LA_0LC0RD	2	2	0	179
1RB1RD_1LC1LA_1LB1LA_0RB0RD	2	2	0	115
1RB1RD_1LC1LA_1LB1LA_0RC0RD	2	2	0	115
1RB1RD_1LC1LA_1LB1LA_1LB0RD	2	2	0	149
1RB1RD_1LC1LA_1LB1LA_1LC0RD	2	2	0	149
1RB1RD_1LC1LA_1LB1LD_0RB0RD	2	2	0	119
1RB1RD_1LC1LA_1LB1RA_0RB0RD	2	2	0	129
1RB1RD_1LC1LA_1LB1RA_0RC0RD	2	2	0	136
1RB1RD_1LC1LA_1LB1RA_1LB0RD	2	2	0	131
1RB1RD_1LC1LA_1LB1RB_0RB0RD	2	2	0	99
1RB1RD_1LC1LA_1LB1RB_0RC0RD	2	2	0	83
1RB1RD_1LC1LA_1LB1RB_1LB0RD	2	2	0	135
1RB1RD_1LC1LA_1LB1RB_1LC0RD	2	2	0	141
1RB1RD_1LC1LA_1LB1RC_0RB0RD	2	2	0	120
1RB1RD_1LC1LA_1LB1RC_1LB0RD	2	2	0	131
1RB1RD_1LC1LA_1LB1RD_1LB0RD	2	2	0	131
1RB1RD_1LC1LA_1LB1RD_1LC0RD	2	2	0	139
1RB1RD_1LC1LA_1LC0RB_0RB0RD	2	2	0	109
1RB1RD_1LC1LA_1LC0RB_0RC0RD	2	2	0	109
1RB1RD_1LC1LA_1LC0RB_1LB0RD	2	2	0	213
1RB1RD_1LC1LA_1LC0RB_1LC0RD	2	2	0	213
1RB1RD_1LC1LA_1LC1LA_0LB0RD	2	2	0	179
1RB1RD_1LC1LA_1LC1LA_0LC0RD	2	2	0	179
1RB1RD_1LC1LA_1LC1LA_0RB0RD	2	2	0	115
1RB1RD_1LC1LA_1LC1LA_0RC0RD	2	2	0	115
1RB1RD_1LC1LA_1LC1LA_1LB0RD	2	2	0	149
1RB1RD_1LC1LA_1LC1LA_1LC0RD	2	2	0	149
1RB1RD_1LC1LA_1LC1LD_0RB0RD	2	2	0	123
1RB1RD_1LC1LA_1LC1RB_0RB0RD	2	2	0	99
1RB1RD_1LC1LA_1LC1RB_0RC0RD	2	2	0	99
1RB1RD_1LC1LA_1LC1RB_1LB0RD	2	2	0	193
1RB1RD_1LC1LA_1LC1RB_1LC0RD	2	2	0	193
1RB1RD_1LC1LA_1LD0LB_0RD0RA	2	2	0	187
1RB1RD_1LC1LA_1LD0LB_1RD0RA	2	2	0	223
1RB1RD_1LC1LA_1LD1LA_1LC0RD	2	2	0	149
1RB1RD_1LC1LA_1LD1LB_1RC0RA	2	2	0	65
1RB1RD_1LC1LA_1RB1LB_---0RA	2	2	0	64
1RB1RD_1LC1LA_1RC1LB_0LC0LD	2	2	0	109
1RB1RD_1LC1LA_1RC1LB_1RC0LD	2	2	0	192
1RB1RD_1LC1LA_1RD0LC_1LB1RA	2	2	0	150
1RB1RD_1LC1LB_0LA0LD_0RD1RA	2	2	0	106
1RB1RD_1LC1LB_0LA0LD_1RD1RA	2	2	0	69
1RB1RD_1LC1LB_0LD1RA_0RB0RA	2	2	0	157
1RB1RD_1LC1LB_0LD1RB_0RD0RA	2	2	0	124
1RB1RD_1LC1LB_0RA0LB_0RD1RA	3	2	0	264
1RB1RD_1LC1LB_0RA0RB_---1RA	2	2	0	139
1RB1RD_1LC1LB_0RA1LA_---0RA	4	2	0	299
1RB1RD_1LC1LB_0RA1LD_1RA0LC	2	2	0	157
1RB1RD_1LC1LB_0RB0RA_0RB0RD	2	2	0	304
1RB1RD_1LC1LB_0RB0RA_0RC0RD	2	2	0	257
1RB1RD_1LC1LB_0RB1RA_0RB0RD	2	2	0	314
1RB1RD_1LC1LB_0RB1RA_0RC0RD	2	2	0	267
1RB1RD_1LC1LB_0RC0LD_0RD1RA	2	2	0	120
1RB1RD_1LC1LB_0RC0LD_1RD1RA	2	2	0	85
1RB1RD_1LC1LB_0RC1RA_1LB1RC	3	2	0	455
1RB1RD_1LC1LB_0RD1RB_---0RA	2	2	0	121
1RB1RD_1LC1LB_1LA0RA_0RB0RD	3	2	0	686
1RB1RD_1LC1LB_1LA1RA_0RB0RD	3	2	0	709
1RB1RD_1LC1LB_1LD0LB_0RD1RA	2	2	0	144
1RB1RD_1LC1LB_1LD0LD_0RD1RA	2	2	0	81
1RB1RD_1LC1LB_1LD0RB_1RD1RA	2	2	0	100
1RB1RD_1LC1LB_1LD1LA_0RD0RA	4	2	0	309
1RB1RD_1LC1LB_1LD1RA_0RB0RD	2	2	0	167
1RB1RD_1LC1LB_1RA0LB_0RD1RA	2	2	0	140
1RB1RD_1LC1LB_1RA0LB_1LD1RA	2	2	0	72
1RB1RD_1LC1LB_1RA0LB_1RD1RA	2	2	0	66
1RB1RD_1LC1LB_1RA0LD_0RD1RA	2	2	0	77
1RB1RD_1LC1LB_1RA0LD_1RA1LC	2	2	0	116
1RB1RD_1LC1LB_1RA0LD_1RD1RA	2	2	0	81
1RB1RD_1LC1LB_1RD0LB_---1RA	2	2	0	110
1RB1RD_1LC1LB_1RD0LD_0RC1RA	2	2	0	73
1RB1RD_1LC1LB_1RD1LB_---1RA	2	2	0	58
1RB1RD_1LC1LB_1RD1RB_---0RA	2	2	0	82
1RB1RD_1LC1LB_1RD1RB_---1RA	2	2	0	64
1RB1RD_1LC1LC_0LA0RD_1LB1RC	2	2	0	187
1RB1RD_1LC1LC_0LD1LB_0RD1RA	2	2	0	88
1RB1RD_1LC1LC_0LD1LB_1RD0RA	2	2	0	59
1RB1RD_1LC1LC_0LD1LB_1RD1RA	2	2	0	59
1RB1RD_1LC1LC_0RA0LB_1RD1RC	4	2	0	387
1RB1RD_1LC1LC_0RD1LB_---1RA	2	2	0	85
1RB1RD_1LC1LC_1LB1RA_0RB0RA	2	2	0	89
1RB1RD_1LC1LC_1LB1RA_0RB0RD	2	2	0	89
1RB1RD_1LC1LC_1LB1RA_0RC0RD	2	2	0	98
1RB1RD_1LC1LC_1LB1RA_1RC0RD	2	2	0	98
1RB1RD_1LC1LC_1RA0LB_0RD1RC	4	2	0	387
1RB1RD_1LC1LC_1RA0LB_1RD1RC	4	2	0	387
1RB1RD_1LC1LC_1RD1LB_---1RA	2	2	0	58
1RB1RD_1LC1LD_0LA0RD_1LB1RC	2	2	0	117
1RB1RD_1LC1LD_0LA1RB_1RC0LD	2	2	0	244
1RB1RD_1LC1LD_0LD0LB_0RA1RC	2	2	0	131
1RB1RD_1LC1LD_0LD0LD_1RA0LB	2	2	0	214
1RB1RD_1LC1LD_0LD1LB_1RA0LB	2	2	0	205
1RB1RD_1LC1LD_0LD1LB_1RD0RA	2	2	0	100
1RB1RD_1LC1LD_0LD1LD_1RA0LB	2	2	0	131
1RB1RD_1LC1LD_0RA0LD_1RA0LB	2	2	0	218
1RB1RD_1LC1LD_0RA1LB_1RA0LB	2	2	0	211
1RB1RD_1LC1LD_0RA1LB_1RC0LD	4	2	0	905
1RB1RD_1LC1LD_0RA1LB_1RC0RA	2	2	0	105
1RB1RD_1LC1LD_0RA1LD_1RA0LB	2	2	0	119
1RB1RD_1LC1LD_0RB0LD_1RA0LB	2	2	0	211
1RB1RD_1LC1LD_0RB1LB_0RD0RA	2	2	0	93
1RB1RD_1LC1LD_0RB1LB_1RA0LB	2	2	0	198
1RB1RD_1LC1LD_0RB1LB_1RD0RA	2	2	0	64
1RB1RD_1LC1LD_0RB1LD_1RA0LB	2	2	0	133
1RB1RD_1LC1LD_0RC1LD_1RA0LB	2	2	0	133
1RB1RD_1LC1LD_1LA0LC_1LD1RA	2	2	0	114
1RB1RD_1LC1LD_1LA0LC_1RD1RA	2	2	0	72
1RB1RD_1LC1LD_1LA1LB_---0RA	2	2	0	63
1RB1RD_1LC1LD_1LA1RD_1RC0LB	2	2	0	132
1RB1RD_1LC1LD_1LB0RA_0RC0RD	2	2	0	175
1RB1RD_1LC1LD_1LB1RA_0RC0RD	2	2	0	177
1RB1RD_1LC1LD_1LB1RC_0LC0LA	2	2	0	219
1RB1RD_1LC1LD_1LB1RC_1LB0LA	2	2	0	175
1RB1RD_1LC1LD_1LC0LD_1RA0RB	2	2	0	192
1RB1RD_1LC1LD_1LD0LB_0RA1RB	2	2	0	135
1RB1RD_1LC1LD_1RA0LB_0RC---	3	2	0	252
1RB1RD_1LC1LD_1RA0LC_0RA0LB	4	2	0	583
1RB1RD_1LC1LD_1RA0LD_1RA0LB	2	2	0	203
1RB1RD_1LC1LD_1RA0RB_1LB0RA	2	2	0	245
1RB1RD_1LC1LD_1RA1LB_0LA0RD	2	3	0	116
1RB1RD_1LC1LD_1RA1LB_1LB0RA	2	2	0	201
1RB1RD_1LC1LD_1RA1LB_1RA0LB	2	2	0	190
1RB1RD_1LC1LD_1RA1LD_1LB0RA	2	2	0	111
1RB1RD_1LC1LD_1RA1LD_1RA0LB	2	2	0	125
1RB1RD_1LC1LD_1RA1LD_1RA0LC	2	2	0	141
1RB1RD_1LC1LD_1RC0LB_0RA1RC	2	2	0	125
1RB1RD_1LC1LD_1RC0LB_1RA0LB	2	2	0	96
1RB1RD_1LC1LD_1RC0RA_1LB0RA	2	2	0	93
1RB1RD_1LC1LD_1RC1LA_1RA0LB	2	2	0	123
1RB1RD_1LC1LD_1RC1RB_1LB0RA	2	2	0	101
1RB1RD_1LC1LD_1RD0LB_0RA1RB	2	2	0	131
1RB1RD_1LC1LD_1RD0LB_1RA0LB	2	2	0	96
1RB1RD_1LC1LD_1RD0LD_1LB0RA	2	2	0	94
1RB1RD_1LC1LD_1RD0LD_1RA0LB	2	2	0	234
1RB1RD_1LC1LD_1RD0RA_1LB0RA	2	2	0	93
1RB1RD_1LC1LD_1RD0RC_1LB0RA	2	2	0	102
1RB1RD_1LC1LD_1RD1LA_1RA0LB	2	2	0	119
1RB1RD_1LC1LD_1RD1LB_1RA0LB	2	2	0	225
1RB1RD_1LC1LD_1RD1LC_1LB0RA	2	2	0	99
1RB1RD_1LC1LD_1RD1LC_1RA0RB	2	2	0	146
1RB1RD_1LC1LD_1RD1LD_1RA0LB	2	2	0	149
1RB1RD_1LC1LD_1RD1RB_1LB0RA	2	2	0	95
1RB1RD_1LC1LD_1RD1RB_1RA0LB	2	2	0	102
1RB1RD_1LC1LD_1RD1RD_1RA0LB	2	2	0	83
1RB1RD_1LC1RA_0LB1LD_0RB0LC	2	2	0	84
1RB1RD_1LC1RA_0LD1LB_1RD0RA	2	2	0	71
1RB1RD_1LC1RA_0LD1LC_0RD1RB	3	2	0	253
1RB1RD_1LC1RA_0RA0LD_1LB0LB	3	2	0	776
1RB1RD_1LC1RA_0RA0LD_1RD0LB	3	2	0	749
1RB1RD_1LC1RA_0RA1LC_---0LB	3	2	0	306
1RB1RD_1LC1RA_0RA1LC_---1RB	3	2	0	232
1RB1RD_1LC1RA_0RA1LD_1RA0LC	2	2	0	238
1RB1RD_1LC1RA_0RB0LD_1LB1RB	3	2	0	518
1RB1RD_1LC1RA_0RB1LB_---0RA	2	2	0	79
1RB1RD_1LC1RA_0RB1LD_1LC0RA	2	2	0	121
1RB1RD_1LC1RA_0RB1LD_1RA0LC	2	2	0	193
1RB1RD_1LC1RA_0RD0LC_1LB1RA	2	2	0	244
1RB1RD_1LC1RA_0RD1LC_---1RB	3	2	0	235
1RB1RD_1LC1RA_1LA0LD_1LB0LB	3	2	0	465
1RB1RD_1LC1RA_1LA0LD_1RD0LB	3	2	0	502
1RB1RD_1LC1RA_1LA1LC_---0LB	3	2	0	338
1RB1RD_1LC1RA_1LA1LC_---1RA	2	2	0	58
1RB1RD_1LC1RA_1LA1LC_---1RB	3	2	0	260
1RB1RD_1LC1RA_1LA1LD_1LC0RA	2	2	0	192
1RB1RD_1LC1RA_1LA1LD_1RA0LC	2	2	0	202
1RB1RD_1LC1RA_1LB0RA_0RB0RD	2	2	0	182
1RB1RD_1LC1RA_1LB0RA_0RC0RD	2	2	0	235
1RB1RD_1LC1RA_1LB1LA_0RB0RD	2	2	0	138
1RB1RD_1LC1RA_1LB1LA_0RC0RD	2	2	0	131
1RB1RD_1LC1RA_1LB1LA_1LC0RD	2	2	0	369
1RB1RD_1LC1RA_1LB1LD_0RB0RD	2	2	0	179
1RB1RD_1LC1RA_1LB1RA_0RB0RD	2	2	0	182
1RB1RD_1LC1RA_1LB1RA_0RC0RD	2	2	0	182
1RB1RD_1LC1RA_1LC0LD_0RA0RB	3	2	0	374
1RB1RD_1LC1RA_1LC0LD_1LA0RB	3	2	0	407
1RB1RD_1LC1RA_1LC1LA_0LB0RD	2	2	0	471
1RB1RD_1LC1RA_1LC1LA_0LC0RD	2	2	0	505
1RB1RD_1LC1RA_1LC1LA_0RB0RD	2	2	0	307
1RB1RD_1LC1RA_1LC1LA_0RC0RD	2	2	0	307
1RB1RD_1LC1RA_1LC1LA_1LC0RD	2	2	0	369
1RB1RD_1LC1RA_1LD1LA_1LC0RD	2	2	0	369
1RB1RD_1LC1RA_1LD1LB_1RC0RA	2	2	0	73
1RB1RD_1LC1RA_1RA1LD_1RA0LC	2	2	0	130
1RB1RD_1LC1RA_1RB0LD_1LB1LC	2	2	0	77
1RB1RD_1LC1RA_1RB0LD_1LB1RB	3	2	0	304
1RB1RD_1LC1RA_1RB1LB_---0RA	2	2	0	79
1RB1RD_1LC1RA_1RB1LD_1LC0RA	2	2	0	99
1RB1RD_1LC1RA_1RD0LC_1LB0LB	2	2	0	242
1RB1RD_1LC1RA_1RD0LC_1LB1LC	2	2	0	316
1RB1RD_1LC1RA_1RD0LC_1LB1RA	2	2	0	222
1RB1RD_1LC1RA_1RD0LC_1LB1RB	2	2	0	232
1RB1RD_1LC1RA_1RD0LD_0RC1RB	3	2	0	416
1RB1RD_1LC1RA_1RD0LD_1LB1RB	3	2	0	320
1RB1RD_1LC1RA_1RD1LC_---0LB	3	2	0	324
1RB1RD_1LC1RA_1RD1LC_---1RB	3	2	0	244
1RB1RD_1LC1RB_0LB1LA_1LB0RD	2	3	0	1109
1RB1RD_1LC1RB_0RA0LB_0RD1RA	2	3	0	365
1RB1RD_1LC1RB_0RA0LB_1LD0RA	2	2	0	313
1RB1RD_1LC1RB_0RA0LB_1RD0RA	3	2	0	318
1RB1RD_1LC1RB_0RA1LD_0RB0LB	2	2	0	259
1RB1RD_1LC1RB_0RA1LD_0RB1LC	2	2	0	165
1RB1RD_1LC1RB_0RB1LD_1RA1LC	2	2	0	151
1RB1RD_1LC1RB_1LB1LA_0RC0RD	2	2	0	120
1RB1RD_1LC1RB_1LC1LA_0LB0RD	2	2	0	1030
1RB1RD_1LC1RB_1LD0LB_0RD0RA	2	2	0	301
1RB1RD_1LC1RB_1LD1LC_0RA0RB	2	2	0	306
1RB1RD_1LC1RB_1LD1LC_1RA0RB	2	2	0	597
1RB1RD_1LC1RB_1RA0LB_1LD1RA	2	2	0	100
1RB1RD_1LC1RB_1RA0LB_1RD1RA	2	2	0	94
1RB1RD_1LC1RC_0RA1LD_1RA0LC	2	2	0	173
1RB1RD_1LC1RC_0RB1LD_1LA0LD	2	2	0	161
1RB1RD_1LC1RC_1LB1LA_0RB0RD	2	2	0	83
1RB1RD_1LC1RC_1LB1LA_0RC0RD	2	2	0	101
1RB1RD_1LC1RC_1LB1LA_1LB0RD	2	2	0	338
1RB1RD_1LC1RC_1LB1LA_1LC0RD	2	2	0	370
1RB1RD_1LC1RC_1LC1LA_0LB0RD	2	2	0	348
1RB1RD_1LC1RC_1LC1LA_0LC0RD	2	2	0	348
1RB1RD_1LC1RC_1LC1LA_0RB0RD	2	2	0	224
1RB1RD_1LC1RC_1LC1LA_0RC0RD	2	2	0	224
1RB1RD_1LC1RC_1LC1LA_1LB0RD	2	2	0	236
1RB1RD_1LC1RC_1LC1LA_1LC0RD	2	2	0	236
1RB1RD_1LC1RC_1LD1LA_1LB0RD	3	2	0	517
1RB1RD_1LC1RC_1RA1LD_1RA0LC	2	2	0	118
1RB1RD_1LC1RD_---0LD_1RA1LC	2	2	0	94
1RB1RD_1LC1RD_0LB0LD_1RA0RC	2	2	0	126
1RB1RD_1LC1RD_0LD1RA_0RB1LC	2	2	0	89
1RB1RD_1LC1RD_0RA1LD_1RA0LC	2	2	0	177
1RB1RD_1LC1RD_0RB0LC_1LD1RA	2	2	0	168
1RB1RD_1LC1RD_0RB1LC_---1RA	2	2	0	77
1RB1RD_1LC1RD_0RB1LC_1LA1RB	2	2	0	94
1RB1RD_1LC1RD_0RB1LD_1RA0LC	2	2	0	136
1RB1RD_1LC1RD_0RD1LC_1LA1RB	2	2	0	85
1RB1RD_1LC1RD_1LA0LB_0RA1RC	2	2	0	515
1RB1RD_1LC1RD_1LA0LC_1LD1RA	2	2	0	108
1RB1RD_1LC1RD_1LA1LB_0LC0RB	2	2	0	208
1RB1RD_1LC1RD_1LA1LB_1LC0RB	2	2	0	192
1RB1RD_1LC1RD_1LA1LD_1LC0RA	2	2	0	111
1RB1RD_1LC1RD_1LA1LD_1LC0RB	2	2	0	127
1RB1RD_1LC1RD_1LA1LD_1RA0LC	2	2	0	125
1RB1RD_1LC1RD_1LB1LA_1LB0RD	2	2	0	324
1RB1RD_1LC1RD_1LB1LA_1LC0RD	2	2	0	352
1RB1RD_1LC1RD_1LC1LA_0LB0RD	2	2	0	332
1RB1RD_1LC1RD_1LC1LA_0LC0RD	2	2	0	332
1RB1RD_1LC1RD_1LC1LA_0RB0RD	2	2	0	216
1RB1RD_1LC1RD_1LC1LA_0RC0RD	2	2	0	216
1RB1RD_1LC1RD_1LC1LA_1LB0RD	2	2	0	228
1RB1RD_1LC1RD_1LC1LA_1LC0RD	2	2	0	228
1RB1RD_1LC1RD_1LD0LB_0RA0RB	2	2	0	111
1RB1RD_1LC1RD_1LD1LA_1LB0RD	3	2	0	503
1RB1RD_1LC1RD_1RA0LB_1LD0RA	4	2	0	294
1RB1RD_1LC1RD_1RA1LB_1LC0RB	2	2	0	126
1RB1RD_1LC1RD_1RA1LC_---1RB	2	2	0	120
1RB1RD_1LC1RD_1RA1LD_1RA0LC	2	2	0	118
1RB1RD_1LC1RD_1RB0LB_1LD0RA	4	2	0	294
1RB1RD_1LC1RD_1RB1LD_1LC0RA	2	2	0	201
1RB1RD_1LC1RD_1RC1LB_---0RA	2	2	0	64
1RB1RD_1RC---_0LD0LA_0RB1LC	2	2	0	179
1RB1RD_1RC---_0LD0RC_1LD0LA	2	2	0	200
1RB1RD_1RC---_0RD0RC_1LD0LA	2	2	0	142
1RB1RD_1RC---_1LA0LA_0RC1LD	2	2	0	233
1RB1RD_1RC---_1LD0RC_1LD0LA	2	2	0	154
1RB1RD_1RC---_1LD1RC_0RA0LC	2	2	0	108
1RB1RD_1RC---_1RD1LC_0LC1RA	2	2	0	118
1RB1RD_1RC0LA_0LA0RD_1LB0LA	2	2	0	275
1RB1RD_1RC0LA_0LC1LA_0RD1LC	2	2	0	215
1RB1RD_1RC0LA_1LA0LC_1RD1LC	2	2	0	86
1RB1RD_1RC0LA_1LA0RD_1LB0LA	2	2	0	287
1RB1RD_1RC0LA_1LB0RB_0LD1RC	2	2	0	361
1RB1RD_1RC0LA_1LB0RB_0RD1LC	2	2	0	361
1RB1RD_1RC0LA_1LB0RB_1LA1LB	2	2	0	361
1RB1RD_1RC0LA_1LB0RB_1LB---	2	2	0	263
1RB1RD_1RC0LA_1LB0RB_1LD0LA	2	2	0	263
1RB1RD_1RC0LA_1LB0RD_1LB0LA	2	2	0	263
1RB1RD_1RC0LA_1LD0LC_0RA0LC	2	2	0	143
1RB1RD_1RC0LA_1LD0RB_1RB0LC	2	2	0	113
1RB1RD_1RC0LA_1LD0RD_1LB0LA	2	2	0	263
1RB1RD_1RC0LB_0LD0LA_1RD1LB	2	2	0	110
1RB1RD_1RC0LB_1LC0LA_1RD1LB	2	2	0	96
1RB1RD_1RC0LB_1LD1RA_1LC1LB	2	2	0	150
1RB1RD_1RC0LB_1LD1RA_1RD1LB	2	2	0	100
1RB1RD_1RC0LC_1LD0LC_0RA0LC	2	2	0	137
1RB1RD_1RC0LC_1LD1LD_0RA0LB	4	2	0	681
1RB1RD_1RC0LC_1LD1RC_0RA1LB	2	2	0	185
1RB1RD_1RC0LC_1LD1RC_1RA1LB	2	2	0	173
1RB1RD_1RC0LC_1LD1RD_0RA0LB	4	2	0	589
1RB1RD_1RC0LD_0LA0RB_1LB1LC	2	2	0	65
1RB1RD_1RC0LD_0LA0RD_1LB0LB	2	2	0	192
1RB1RD_1RC0LD_1LA0RB_1LB1LD	2	2	0	110
1RB1RD_1RC0LD_1LA0RB_1LB1RD	2	2	0	114
1RB1RD_1RC0LD_1LB1LA_1RC0RD	2	2	0	322
1RB1RD_1RC0LD_1LB1RA_1LC1RC	3	2	0	156
1RB1RD_1RC0LD_1LD0LC_0RA0LC	2	2	0	137
1RB1RD_1RC0LD_1RD1RB_1LA1LB	2	2	0	106
1RB1RD_1RC0RA_1LA0LC_---1LC	2	2	0	208
1RB1RD_1RC0RA_1LA1LC_0LC1RD	2	2	0	174
1RB1RD_1RC0RA_1LA1LC_1LC1RD	2	2	0	115
1RB1RD_1RC0RA_1LC1LA_0RC0RD	2	3	0	278
1RB1RD_1RC0RA_1LC1LB_0RC0RD	2	2	0	104
1RB1RD_1RC0RA_1LC1LB_1LC0RD	2	2	0	187
1RB1RD_1RC0RA_1LD0LC_0RA0LC	2	2	0	135
1RB1RD_1RC0RA_1LD0RB_1LA0LC	2	2	0	109
1RB1RD_1RC0RA_1LD1LA_0LD1LC	2	2	0	464
1RB1RD_1RC0RA_1LD1LA_1LD1LC	2	2	0	349
1RB1RD_1RC0RA_1LD1RB_1LC0RD	2	2	0	250
1RB1RD_1RC0RB_0LA1LD_0LC1LA	2	2	0	162
1RB1RD_1RC0RB_1LA1LD_0LA1LC	2	2	0	132
1RB1RD_1RC0RB_1LA1LD_1LD1LC	2	2	0	84
1RB1RD_1RC0RB_1LA1LD_1RD1LC	2	2	0	132
1RB1RD_1RC0RB_1LD0LA_0RB0LB	2	2	0	322
1RB1RD_1RC0RB_1LD0LC_0RA0LC	2	2	0	114
1RB1RD_1RC0RB_1LD0RB_1LA0LC	2	2	0	101
1RB1RD_1RC0RC_1LA0LA_1RB1LD	3	2	0	393
1RB1RD_1RC0RC_1LA0LC_---1LC	2	2	0	283
1RB1RD_1RC0RC_1LA0LC_1LC0LA	2	2	0	297
1RB1RD_1RC0RC_1LA0LC_1LC1RD	2	2	0	156
1RB1RD_1RC0RC_1LA1RB_1LA1LD	2	2	0	96
1RB1RD_1RC0RC_1LA1RC_1LC1LD	2	2	0	441
1RB1RD_1RC0RC_1LC0RA_0LB0RD	2	2	0	216
1RB1RD_1RC0RC_1LD0LA_1RB1LD	3	2	0	379
1RB1RD_1RC0RC_1LD0LC_0RA0LC	2	2	0	129
1RB1RD_1RC0RC_1LD0RB_1LA0LC	2	2	0	101
1RB1RD_1RC0RC_1LD0RB_1LD0LA	2	2	0	154
1RB1RD_1RC0RD_0LB0RC_1LD0LA	2	2	0	178
1RB1RD_1RC0RD_0LC1LA_0RD1LC	2	2	0	195
1RB1RD_1RC0RD_1LA0LC_1LA1LC	2	2	0	290
1RB1RD_1RC0RD_1LA1LC_0LC1RD	2	2	0	174
1RB1RD_1RC0RD_1LA1LC_1LC1RD	2	2	0	115
1RB1RD_1RC0RD_1LC1LA_0LC0RD	2	2	0	187
1RB1RD_1RC0RD_1LC1LA_0RC0RD	2	2	0	130
1RB1RD_1RC0RD_1LC1LA_1LC0RD	2	2	0	121
1RB1RD_1RC1LA_0LA0RD_1LB0LD	2	2	0	285
1RB1RD_1RC1LA_0LA1LC_1LB0RD	2	2	0	227
1RB1RD_1RC1LA_1LB0LD_1LC0RD	2	2	0	301
1RB1RD_1RC1LA_1LB0RD_1LB0LD	2	2	0	283
1RB1RD_1RC1LA_1LB1LC_1LB0RD	2	2	0	177
1RB1RD_1RC1LA_1LC0LB_0RB0RD	2	3	0	672
1RB1RD_1RC1LA_1LC0RB_0RC0RD	2	2	0	106
1RB1RD_1RC1LA_1LC0RB_1LC0RD	2	2	0	189
1RB1RD_1RC1LA_1LC0RD_1LB0LD	2	2	0	313
1RB1RD_1RC1LA_1LC1LA_0LC0RD	2	2	0	203
1RB1RD_1RC1LA_1LC1LA_0RC0RD	2	2	0	138
1RB1RD_1RC1LA_1LC1LA_1LC0RD	2	2	0	129
1RB1RD_1RC1LA_1LC1LB_0LC0RD	2	2	0	109
1RB1RD_1RC1LA_1LC1LB_0RC0RD	2	2	0	82
1RB1RD_1RC1LA_1LC1LB_1LC0RD	2	2	0	131
1RB1RD_1RC1LA_1LC1RB_0RC0RD	2	2	0	96
1RB1RD_1RC1LA_1LC1RB_1LC0RD	2	2	0	171
1RB1RD_1RC1LA_1LD0LC_0RA0LC	2	2	0	141
1RB1RD_1RC1LA_1LD0RD_1LB0LD	2	2	0	281
1RB1RD_1RC1LA_1LD1LA_1LC0RD	2	2	0	127
1RB1RD_1RC1LA_1RD0RD_1LB0LD	2	2	0	269
1RB1RD_1RC1LB_0LA1RD_0LB0RB	2	2	0	212
1RB1RD_1RC1LB_0LA1RD_0LB1RC	2	2	0	158
1RB1RD_1RC1LB_0LB1RD_1LA1RC	2	2	0	138
1RB1RD_1RC1LB_1LB0RA_---1RA	2	2	0	194
1RB1RD_1RC1LB_1LB1LA_---1RA	2	2	0	114
1RB1RD_1RC1LB_1LB1RA_---1RA	2	2	0	106
1RB1RD_1RC1LB_1LC1LA_0LC0RD	2	2	0	123
1RB1RD_1RC1LB_1LC1LA_0RC0RD	2	2	0	87
1RB1RD_1RC1LB_1LC1LA_1LC0RD	2	2	0	147
1RB1RD_1RC1LB_1LD0LC_0RA0LC	2	2	0	390
1RB1RD_1RC1LC_0LA1LA_1LA0RD	2	2	0	281
1RB1RD_1RC1LC_0LB0LA_0RB---	2	2	0	179
1RB1RD_1RC1LC_0LB0LA_1LA0RB	2	2	0	231
1RB1RD_1RC1LC_0LC1LA_0RB0RD	2	2	0	160
1RB1RD_1RC1LC_0LC1LA_1LA0RD	2	2	0	319
1RB1RD_1RC1LC_0LC1LA_1RC0RD	2	2	0	328
1RB1RD_1RC1LC_0LD1LA_1LA0RD	2	2	0	317
1RB1RD_1RC1LC_0RD1LA_1LA0RD	2	2	0	277
1RB1RD_1RC1LC_0RD1RA_1LD0LB	2	2	0	332
1RB1RD_1RC1LC_1LA0LD_1RD0RC	2	2	0	343
1RB1RD_1RC1LC_1LA0RB_0RC0RD	2	2	0	214
1RB1RD_1RC1LC_1LA0RB_1LA0RD	2	2	0	405
1RB1RD_1RC1LC_1LA0RB_1LC0RD	2	2	0	369
1RB1RD_1RC1LC_1LA1LA_0RC0RD	2	2	0	150
1RB1RD_1RC1LC_1LA1LA_1LA0RD	2	2	0	279
1RB1RD_1RC1LC_1LA1LA_1LC0RD	2	2	0	261
1RB1RD_1RC1LC_1LA1LC_0RC0RD	2	2	0	118
1RB1RD_1RC1LC_1LB0LA_0RD1RC	2	2	0	179
1RB1RD_1RC1LC_1LC1LA_0LB0RD	2	2	0	313
1RB1RD_1RC1LC_1LC1LA_0RB0RD	2	2	0	216
1RB1RD_1RC1LC_1LC1LA_1LA0RD	2	2	0	313
1RB1RD_1RC1LC_1LC1LA_1RC0RD	2	2	0	160
1RB1RD_1RC1LC_1LD0LC_0RA0LC	2	2	0	117
1RB1RD_1RC1LC_1LD0RC_0RB0LA	2	2	0	274
1RB1RD_1RC1LC_1LD1LA_0RC0RD	2	2	0	174
1RB1RD_1RC1LC_1LD1LA_1LA0RD	2	2	0	311
1RB1RD_1RC1LC_1RD1LA_0LB0RD	2	2	0	324
1RB1RD_1RC1LC_1RD1LA_1LA0RD	2	2	0	319
1RB1RD_1RC1LD_0LA0RD_1LB0LA	2	2	0	221
1RB1RD_1RC1LD_0LB0RC_1LD0LA	2	2	0	216
1RB1RD_1RC1LD_0LB1RB_0LB0LA	2	2	0	163
1RB1RD_1RC1LD_0LB1RC_1RA1LB	2	2	0	101
1RB1RD_1RC1LD_0LC0LD_1RA0LB	2	2	0	151
1RB1RD_1RC1LD_0LD1RC_1RA1LB	2	2	0	92
1RB1RD_1RC1LD_1LA0RD_1LB0LA	2	2	0	233
1RB1RD_1RC1LD_1LA1RC_---1LB	2	2	0	131
1RB1RD_1RC1LD_1LA1RD_1LB0RC	2	2	0	215
1RB1RD_1RC1LD_1LB0RA_0LB0LA	2	2	0	212
1RB1RD_1RC1LD_1LB0RD_1LB0LA	2	2	0	209
1RB1RD_1RC1LD_1LB1RB_0LB0LA	2	2	0	157
1RB1RD_1RC1LD_1LC0LD_1RA0LB	2	2	0	115
1RB1RD_1RC1LD_1LD0LC_0RA0LC	2	2	0	117
1RB1RD_1RC1LD_1LD1RA_1LB0RA	2	2	0	109
1RB1RD_1RC1LD_1LD1RD_1LB0RA	2	2	0	198
1RB1RD_1RC1RA_0RD1LC_1LB1RB	3	2	0	127
1RB1RD_1RC1RA_1LA1LD_---0LC	2	2	0	74
1RB1RD_1RC1RA_1LB0LD_1LA1LC	2	2	0	60
1RB1RD_1RC1RA_1LC1LA_0LC0RD	2	2	0	567
1RB1RD_1RC1RA_1LC1LA_0RC0RD	2	2	0	335
1RB1RD_1RC1RA_1LC1LA_1LC0RD	2	2	0	361
1RB1RD_1RC1RA_1LC1LB_0RC0RD	2	2	0	96
1RB1RD_1RC1RA_1LC1LB_1LC0RD	2	2	0	171
1RB1RD_1RC1RA_1LD0RB_1LA0LC	2	2	0	107
1RB1RD_1RC1RA_1LD1LA_0LC0RD	2	2	0	254
1RB1RD_1RC1RA_1LD1LA_1LC0RD	2	2	0	359
1RB1RD_1RC1RB_1LA1LD_---1LC	2	2	0	74
1RB1RD_1RC1RB_1LD0LC_0RA0LC	2	2	0	362
1RB1RD_1RC1RC_1LC1LA_0LC0RD	2	2	0	390
1RB1RD_1RC1RC_1LC1LA_0RC0RD	2	2	0	234
1RB1RD_1RC1RC_1LC1LA_1LC0RD	2	2	0	258
1RB1RD_1RC1RC_1LD0LC_0RA0LC	2	2	0	141
1RB1RD_1RC1RD_1LA0LC_1RD1LC	2	2	0	78
1RB1RD_1RC1RD_1LC1LA_0LC0RD	2	2	0	374
1RB1RD_1RC1RD_1LC1LA_0RC0RD	2	2	0	228
1RB1RD_1RC1RD_1LC1LA_1LC0RD	2	2	0	250
1RB1RD_1RC1RD_1LD0LD_1RA1LC	2	2	0	96
